zone_id,priority_rank,band_index,observed_mean,reference_mean_32band_only,wavelength_status
scene_01_DT0000205230-Z0129,1,1,1242.25,917.0602603405777,unavailable in GeoTIFF; band index reported
scene_01_DT0000205230-Z0129,1,2,1289.5,,unavailable in GeoTIFF; band index reported
scene_01_DT0000205230-Z0129,1,3,1348.25,,unavailable in GeoTIFF; band index reported
scene_01_DT0000205230-Z0129,1,4,1460.25,,unavailable in GeoTIFF; band index reported
scene_01_DT0000205230-Z0129,1,5,1529.0,,unavailable in GeoTIFF; band index reported
scene_01_DT0000205230-Z0129,1,6,1578.0,,unavailable in GeoTIFF; band index reported
scene_01_DT0000205230-Z0129,1,7,1631.0,,unavailable in GeoTIFF; band index reported
scene_01_DT0000205230-Z0129,1,8,1688.5,1232.1687807391233,unavailable in GeoTIFF; band index reported
scene_01_DT0000205230-Z0129,1,9,1710.0,,unavailable in GeoTIFF; band index reported
scene_01_DT0000205230-Z0129,1,10,1747.0,,unavailable in GeoTIFF; band index reported
scene_01_DT0000205230-Z0129,1,11,1784.0,,unavailable in GeoTIFF; band index reported
scene_01_DT0000205230-Z0129,1,12,1801.25,,unavailable in GeoTIFF; band index reported
scene_01_DT0000205230-Z0129,1,13,1849.5,,unavailable in GeoTIFF; band index reported
scene_01_DT0000205230-Z0129,1,14,1927.75,,unavailable in GeoTIFF; band index reported
scene_01_DT0000205230-Z0129,1,15,1942.75,1425.9121730718762,unavailable in GeoTIFF; band index reported
scene_01_DT0000205230-Z0129,1,16,2013.25,,unavailable in GeoTIFF; band index reported
scene_01_DT0000205230-Z0129,1,17,2069.75,,unavailable in GeoTIFF; band index reported
scene_01_DT0000205230-Z0129,1,18,2134.0,,unavailable in GeoTIFF; band index reported
scene_01_DT0000205230-Z0129,1,19,2191.25,,unavailable in GeoTIFF; band index reported
scene_01_DT0000205230-Z0129,1,20,2263.75,,unavailable in GeoTIFF; band index reported
scene_01_DT0000205230-Z0129,1,21,2346.75,,unavailable in GeoTIFF; band index reported
scene_01_DT0000205230-Z0129,1,22,2395.75,1812.7965806589375,unavailable in GeoTIFF; band index reported
scene_01_DT0000205230-Z0129,1,23,2484.0,,unavailable in GeoTIFF; band index reported
scene_01_DT0000205230-Z0129,1,24,2554.0,,unavailable in GeoTIFF; band index reported
scene_01_DT0000205230-Z0129,1,25,2646.0,,unavailable in GeoTIFF; band index reported
scene_01_DT0000205230-Z0129,1,26,2752.75,,unavailable in GeoTIFF; band index reported
scene_01_DT0000205230-Z0129,1,27,2831.75,,unavailable in GeoTIFF; band index reported
scene_01_DT0000205230-Z0129,1,28,2920.5,,unavailable in GeoTIFF; band index reported
scene_01_DT0000205230-Z0129,1,29,3036.75,2378.0732384444686,unavailable in GeoTIFF; band index reported
scene_01_DT0000205230-Z0129,1,30,3147.0,,unavailable in GeoTIFF; band index reported
scene_01_DT0000205230-Z0129,1,31,3281.25,,unavailable in GeoTIFF; band index reported
scene_01_DT0000205230-Z0129,1,32,3394.0,,unavailable in GeoTIFF; band index reported
scene_01_DT0000205230-Z0129,1,33,3478.25,,unavailable in GeoTIFF; band index reported
scene_01_DT0000205230-Z0129,1,34,3589.75,,unavailable in GeoTIFF; band index reported
scene_01_DT0000205230-Z0129,1,35,3685.0,,unavailable in GeoTIFF; band index reported
scene_01_DT0000205230-Z0129,1,36,3781.5,3052.808919434462,unavailable in GeoTIFF; band index reported
scene_01_DT0000205230-Z0129,1,37,3869.0,,unavailable in GeoTIFF; band index reported
scene_01_DT0000205230-Z0129,1,38,3937.0,,unavailable in GeoTIFF; band index reported
scene_01_DT0000205230-Z0129,1,39,4002.25,,unavailable in GeoTIFF; band index reported
scene_01_DT0000205230-Z0129,1,40,4048.75,,unavailable in GeoTIFF; band index reported
scene_01_DT0000205230-Z0129,1,41,4110.0,,unavailable in GeoTIFF; band index reported
scene_01_DT0000205230-Z0129,1,42,4141.25,,unavailable in GeoTIFF; band index reported
scene_01_DT0000205230-Z0129,1,43,4169.75,,unavailable in GeoTIFF; band index reported
scene_01_DT0000205230-Z0129,1,44,4235.0,3452.7579941120193,unavailable in GeoTIFF; band index reported
scene_01_DT0000205230-Z0129,1,45,4276.75,,unavailable in GeoTIFF; band index reported
scene_01_DT0000205230-Z0129,1,46,4306.75,,unavailable in GeoTIFF; band index reported
scene_01_DT0000205230-Z0129,1,47,4328.75,,unavailable in GeoTIFF; band index reported
scene_01_DT0000205230-Z0129,1,48,4369.75,,unavailable in GeoTIFF; band index reported
scene_01_DT0000205230-Z0129,1,49,4407.5,,unavailable in GeoTIFF; band index reported
scene_01_DT0000205230-Z0129,1,50,4440.5,,unavailable in GeoTIFF; band index reported
scene_01_DT0000205230-Z0129,1,51,4518.5,3726.9295512530684,unavailable in GeoTIFF; band index reported
scene_01_DT0000205230-Z0129,1,52,4552.75,,unavailable in GeoTIFF; band index reported
scene_01_DT0000205230-Z0129,1,53,4587.0,,unavailable in GeoTIFF; band index reported
scene_01_DT0000205230-Z0129,1,54,4618.75,,unavailable in GeoTIFF; band index reported
scene_01_DT0000205230-Z0129,1,55,4676.5,,unavailable in GeoTIFF; band index reported
scene_01_DT0000205230-Z0129,1,56,4755.0,,unavailable in GeoTIFF; band index reported
scene_01_DT0000205230-Z0129,1,57,4834.75,,unavailable in GeoTIFF; band index reported
scene_01_DT0000205230-Z0129,1,58,4813.5,4007.177645123073,unavailable in GeoTIFF; band index reported
scene_01_DT0000205230-Z0129,1,59,4828.75,,unavailable in GeoTIFF; band index reported
scene_01_DT0000205230-Z0129,1,60,4821.5,,unavailable in GeoTIFF; band index reported
scene_01_DT0000205230-Z0129,1,61,4851.75,,unavailable in GeoTIFF; band index reported
scene_01_DT0000205230-Z0129,1,62,4982.0,,unavailable in GeoTIFF; band index reported
scene_01_DT0000205230-Z0129,1,63,4943.25,,unavailable in GeoTIFF; band index reported
scene_01_DT0000205230-Z0129,1,64,5001.25,,unavailable in GeoTIFF; band index reported
scene_01_DT0000205230-Z0129,1,65,5000.5,4159.730422748184,unavailable in GeoTIFF; band index reported
scene_01_DT0000205230-Z0129,1,66,5012.75,,unavailable in GeoTIFF; band index reported
scene_01_DT0000205230-Z0129,1,67,4984.25,,unavailable in GeoTIFF; band index reported
scene_01_DT0000205230-Z0129,1,68,5013.75,,unavailable in GeoTIFF; band index reported
scene_01_DT0000205230-Z0129,1,69,5062.25,,unavailable in GeoTIFF; band index reported
scene_01_DT0000205230-Z0129,1,70,5125.0,,unavailable in GeoTIFF; band index reported
scene_01_DT0000205230-Z0129,1,71,5070.25,,unavailable in GeoTIFF; band index reported
scene_01_DT0000205230-Z0129,1,72,5034.0,4216.483716818321,unavailable in GeoTIFF; band index reported
scene_01_DT0000205230-Z0129,1,73,5033.0,,unavailable in GeoTIFF; band index reported
scene_01_DT0000205230-Z0129,1,74,5055.0,,unavailable in GeoTIFF; band index reported
scene_01_DT0000205230-Z0129,1,75,5052.75,,unavailable in GeoTIFF; band index reported
scene_01_DT0000205230-Z0129,1,76,5087.75,,unavailable in GeoTIFF; band index reported
scene_01_DT0000205230-Z0129,1,77,5034.0,,unavailable in GeoTIFF; band index reported
scene_01_DT0000205230-Z0129,1,78,5016.75,,unavailable in GeoTIFF; band index reported
scene_01_DT0000205230-Z0129,1,79,5185.25,,unavailable in GeoTIFF; band index reported
scene_01_DT0000205230-Z0129,1,80,5082.0,4232.014678740068,unavailable in GeoTIFF; band index reported
scene_01_DT0000205230-Z0129,1,81,5033.0,,unavailable in GeoTIFF; band index reported
scene_01_DT0000205230-Z0129,1,82,5056.25,,unavailable in GeoTIFF; band index reported
scene_01_DT0000205230-Z0129,1,83,5045.0,,unavailable in GeoTIFF; band index reported
scene_01_DT0000205230-Z0129,1,84,4853.0,,unavailable in GeoTIFF; band index reported
scene_01_DT0000205230-Z0129,1,85,5102.25,,unavailable in GeoTIFF; band index reported
scene_01_DT0000205230-Z0129,1,86,4919.5,,unavailable in GeoTIFF; band index reported
scene_01_DT0000205230-Z0129,1,87,4876.5,4099.515230214146,unavailable in GeoTIFF; band index reported
scene_01_DT0000205230-Z0129,1,88,5179.25,,unavailable in GeoTIFF; band index reported
scene_01_DT0000205230-Z0129,1,89,5229.75,,unavailable in GeoTIFF; band index reported
scene_01_DT0000205230-Z0129,1,90,5295.5,,unavailable in GeoTIFF; band index reported
scene_01_DT0000205230-Z0129,1,91,5158.0,,unavailable in GeoTIFF; band index reported
scene_01_DT0000205230-Z0129,1,92,5210.25,,unavailable in GeoTIFF; band index reported
scene_01_DT0000205230-Z0129,1,93,4962.0,,unavailable in GeoTIFF; band index reported
scene_01_DT0000205230-Z0129,1,94,5169.5,4259.310714130656,unavailable in GeoTIFF; band index reported
scene_01_DT0000205230-Z0129,1,95,4994.75,,unavailable in GeoTIFF; band index reported
scene_01_DT0000205230-Z0129,1,96,5197.0,,unavailable in GeoTIFF; band index reported
scene_01_DT0000205230-Z0129,1,97,5022.0,,unavailable in GeoTIFF; band index reported
scene_01_DT0000205230-Z0129,1,98,5206.5,,unavailable in GeoTIFF; band index reported
scene_01_DT0000205230-Z0129,1,99,4947.25,,unavailable in GeoTIFF; band index reported
scene_01_DT0000205230-Z0129,1,100,5220.75,,unavailable in GeoTIFF; band index reported
scene_01_DT0000205230-Z0129,1,101,4963.75,4276.150670826721,unavailable in GeoTIFF; band index reported
scene_01_DT0000205230-Z0129,1,102,5233.5,,unavailable in GeoTIFF; band index reported
scene_01_DT0000205230-Z0129,1,103,5269.25,,unavailable in GeoTIFF; band index reported
scene_01_DT0000205230-Z0129,1,104,5288.5,,unavailable in GeoTIFF; band index reported
scene_01_DT0000205230-Z0129,1,105,5304.0,,unavailable in GeoTIFF; band index reported
scene_01_DT0000205230-Z0129,1,106,5314.25,,unavailable in GeoTIFF; band index reported
scene_01_DT0000205230-Z0129,1,107,5350.75,,unavailable in GeoTIFF; band index reported
scene_01_DT0000205230-Z0129,1,108,5384.25,4540.5920961105885,unavailable in GeoTIFF; band index reported
scene_01_DT0000205230-Z0129,1,109,5407.0,,unavailable in GeoTIFF; band index reported
scene_01_DT0000205230-Z0129,1,110,5443.25,,unavailable in GeoTIFF; band index reported
scene_01_DT0000205230-Z0129,1,111,5457.75,,unavailable in GeoTIFF; band index reported
scene_01_DT0000205230-Z0129,1,112,5330.0,,unavailable in GeoTIFF; band index reported
scene_01_DT0000205230-Z0129,1,113,5733.5,,unavailable in GeoTIFF; band index reported
scene_01_DT0000205230-Z0129,1,114,5667.5,,unavailable in GeoTIFF; band index reported
scene_01_DT0000205230-Z0129,1,115,5615.0,,unavailable in GeoTIFF; band index reported
scene_01_DT0000205230-Z0129,1,116,5612.5,4718.103568199837,unavailable in GeoTIFF; band index reported
scene_01_DT0000205230-Z0129,1,117,5651.5,,unavailable in GeoTIFF; band index reported
scene_01_DT0000205230-Z0129,1,118,5734.25,,unavailable in GeoTIFF; band index reported
scene_01_DT0000205230-Z0129,1,119,5727.75,,unavailable in GeoTIFF; band index reported
scene_01_DT0000205230-Z0129,1,120,5744.25,,unavailable in GeoTIFF; band index reported
scene_01_DT0000205230-Z0129,1,121,5773.75,,unavailable in GeoTIFF; band index reported
scene_01_DT0000205230-Z0129,1,122,5802.75,,unavailable in GeoTIFF; band index reported
scene_01_DT0000205230-Z0129,1,123,5811.5,5005.2038251084705,unavailable in GeoTIFF; band index reported
scene_01_DT0000205230-Z0129,1,124,5837.75,,unavailable in GeoTIFF; band index reported
scene_01_DT0000205230-Z0129,1,125,5943.0,,unavailable in GeoTIFF; band index reported
scene_01_DT0000205230-Z0129,1,126,5884.25,,unavailable in GeoTIFF; band index reported
scene_01_DT0000205230-Z0129,1,127,5869.75,,unavailable in GeoTIFF; band index reported
scene_01_DT0000205230-Z0129,1,128,5893.25,,unavailable in GeoTIFF; band index reported
scene_01_DT0000205230-Z0129,1,129,5904.75,,unavailable in GeoTIFF; band index reported
scene_01_DT0000205230-Z0129,1,130,5863.75,5124.159687144271,unavailable in GeoTIFF; band index reported
scene_01_DT0000205230-Z0129,1,131,-32768.0,,unavailable in GeoTIFF; band index reported
scene_01_DT0000205230-Z0129,1,132,-32768.0,,unavailable in GeoTIFF; band index reported
scene_01_DT0000205230-Z0129,1,133,-32768.0,,unavailable in GeoTIFF; band index reported
scene_01_DT0000205230-Z0129,1,134,-32768.0,,unavailable in GeoTIFF; band index reported
scene_01_DT0000205230-Z0129,1,135,-32768.0,,unavailable in GeoTIFF; band index reported
scene_01_DT0000205230-Z0129,1,136,5815.75,,unavailable in GeoTIFF; band index reported
scene_01_DT0000205230-Z0129,1,137,5899.75,5245.826935621986,unavailable in GeoTIFF; band index reported
scene_01_DT0000205230-Z0129,1,138,5831.5,,unavailable in GeoTIFF; band index reported
scene_01_DT0000205230-Z0129,1,139,5843.5,,unavailable in GeoTIFF; band index reported
scene_01_DT0000205230-Z0129,1,140,5827.75,,unavailable in GeoTIFF; band index reported
scene_01_DT0000205230-Z0129,1,141,5839.0,,unavailable in GeoTIFF; band index reported
scene_01_DT0000205230-Z0129,1,142,5855.0,,unavailable in GeoTIFF; band index reported
scene_01_DT0000205230-Z0129,1,143,5846.75,,unavailable in GeoTIFF; band index reported
scene_01_DT0000205230-Z0129,1,144,5855.75,5222.882217712209,unavailable in GeoTIFF; band index reported
scene_01_DT0000205230-Z0129,1,145,5865.5,,unavailable in GeoTIFF; band index reported
scene_01_DT0000205230-Z0129,1,146,5833.5,,unavailable in GeoTIFF; band index reported
scene_01_DT0000205230-Z0129,1,147,5872.75,,unavailable in GeoTIFF; band index reported
scene_01_DT0000205230-Z0129,1,148,5871.75,,unavailable in GeoTIFF; band index reported
scene_01_DT0000205230-Z0129,1,149,5847.0,,unavailable in GeoTIFF; band index reported
scene_01_DT0000205230-Z0129,1,150,5885.25,,unavailable in GeoTIFF; band index reported
scene_01_DT0000205230-Z0129,1,151,5884.75,,unavailable in GeoTIFF; band index reported
scene_01_DT0000205230-Z0129,1,152,5865.0,5253.7238336902,unavailable in GeoTIFF; band index reported
scene_01_DT0000205230-Z0129,1,153,5850.75,,unavailable in GeoTIFF; band index reported
scene_01_DT0000205230-Z0129,1,154,5873.75,,unavailable in GeoTIFF; band index reported
scene_01_DT0000205230-Z0129,1,155,5860.75,,unavailable in GeoTIFF; band index reported
scene_01_DT0000205230-Z0129,1,156,5851.75,,unavailable in GeoTIFF; band index reported
scene_01_DT0000205230-Z0129,1,157,5847.75,,unavailable in GeoTIFF; band index reported
scene_01_DT0000205230-Z0129,1,158,5838.5,,unavailable in GeoTIFF; band index reported
scene_01_DT0000205230-Z0129,1,159,5834.0,5264.417496137013,unavailable in GeoTIFF; band index reported
scene_01_DT0000205230-Z0129,1,160,5833.5,,unavailable in GeoTIFF; band index reported
scene_01_DT0000205230-Z0129,1,161,5792.75,,unavailable in GeoTIFF; band index reported
scene_01_DT0000205230-Z0129,1,162,5802.75,,unavailable in GeoTIFF; band index reported
scene_01_DT0000205230-Z0129,1,163,5813.25,,unavailable in GeoTIFF; band index reported
scene_01_DT0000205230-Z0129,1,164,5733.5,,unavailable in GeoTIFF; band index reported
scene_01_DT0000205230-Z0129,1,165,5678.0,,unavailable in GeoTIFF; band index reported
scene_01_DT0000205230-Z0129,1,166,5548.0,5057.993610688144,unavailable in GeoTIFF; band index reported
scene_01_DT0000205230-Z0129,1,167,5184.0,,unavailable in GeoTIFF; band index reported
scene_01_DT0000205230-Z0129,1,168,5324.5,,unavailable in GeoTIFF; band index reported
scene_01_DT0000205230-Z0129,1,169,5416.5,,unavailable in GeoTIFF; band index reported
scene_01_DT0000205230-Z0129,1,170,4809.5,,unavailable in GeoTIFF; band index reported
scene_01_DT0000205230-Z0129,1,171,4535.5,,unavailable in GeoTIFF; band index reported
scene_01_DT0000205230-Z0129,1,172,4879.75,,unavailable in GeoTIFF; band index reported
scene_01_DT0000205230-Z0129,1,173,5444.5,4797.249264813836,unavailable in GeoTIFF; band index reported
scene_01_DT0000205230-Z0129,1,174,5525.75,,unavailable in GeoTIFF; band index reported
scene_01_DT0000205230-Z0129,1,175,5527.75,,unavailable in GeoTIFF; band index reported
scene_01_DT0000205230-Z0129,1,176,5246.0,,unavailable in GeoTIFF; band index reported
scene_01_DT0000205230-Z0129,1,177,5467.5,,unavailable in GeoTIFF; band index reported
scene_01_DT0000205230-Z0129,1,178,5490.5,,unavailable in GeoTIFF; band index reported
scene_01_DT0000205230-Z0129,1,179,5584.25,,unavailable in GeoTIFF; band index reported
scene_01_DT0000205230-Z0129,1,180,5521.75,5133.687412636362,unavailable in GeoTIFF; band index reported
scene_01_DT0000205230-Z0129,1,181,5525.75,,unavailable in GeoTIFF; band index reported
scene_01_DT0000205230-Z0129,1,182,5544.25,,unavailable in GeoTIFF; band index reported
scene_01_DT0000205230-Z0129,1,183,5521.75,,unavailable in GeoTIFF; band index reported
scene_01_DT0000205230-Z0129,1,184,5566.75,,unavailable in GeoTIFF; band index reported
scene_01_DT0000205230-Z0129,1,185,5525.25,,unavailable in GeoTIFF; band index reported
scene_01_DT0000205230-Z0129,1,186,5458.5,,unavailable in GeoTIFF; band index reported
scene_01_DT0000205230-Z0129,1,187,5385.25,,unavailable in GeoTIFF; band index reported
scene_01_DT0000205230-Z0129,1,188,5288.5,4977.3868299771475,unavailable in GeoTIFF; band index reported
scene_01_DT0000205230-Z0129,1,189,5229.25,,unavailable in GeoTIFF; band index reported
scene_01_DT0000205230-Z0129,1,190,5192.0,,unavailable in GeoTIFF; band index reported
scene_01_DT0000205230-Z0129,1,191,5153.75,,unavailable in GeoTIFF; band index reported
scene_01_DT0000205230-Z0129,1,192,5081.75,,unavailable in GeoTIFF; band index reported
scene_01_DT0000205230-Z0129,1,193,4918.5,,unavailable in GeoTIFF; band index reported
scene_01_DT0000205230-Z0129,1,194,4830.25,,unavailable in GeoTIFF; band index reported
scene_01_DT0000205230-Z0129,1,195,4973.75,4669.994273505627,unavailable in GeoTIFF; band index reported
scene_01_DT0000205230-Z0129,1,196,5072.75,,unavailable in GeoTIFF; band index reported
scene_01_DT0000205230-Z0129,1,197,5069.0,,unavailable in GeoTIFF; band index reported
scene_01_DT0000205230-Z0129,1,198,5016.0,,unavailable in GeoTIFF; band index reported
scene_01_DT0000205230-Z0129,1,199,5023.0,,unavailable in GeoTIFF; band index reported
scene_01_DT0000205230-Z0129,1,200,4982.5,,unavailable in GeoTIFF; band index reported
scene_01_DT0000205230-Z0129,1,201,4995.0,,unavailable in GeoTIFF; band index reported
scene_01_DT0000205230-Z0129,1,202,4976.5,4693.603468694764,unavailable in GeoTIFF; band index reported
scene_01_DT0000205230-Z0129,1,203,4932.25,,unavailable in GeoTIFF; band index reported
scene_01_DT0000205230-Z0129,1,204,4822.25,,unavailable in GeoTIFF; band index reported
scene_01_DT0000205230-Z0129,1,205,4797.25,,unavailable in GeoTIFF; band index reported
scene_01_DT0000205230-Z0129,1,206,4821.25,,unavailable in GeoTIFF; band index reported
scene_01_DT0000205230-Z0129,1,207,4617.5,,unavailable in GeoTIFF; band index reported
scene_01_DT0000205230-Z0129,1,208,4736.0,,unavailable in GeoTIFF; band index reported
scene_01_DT0000205230-Z0129,1,209,4693.5,4418.7326716944735,unavailable in GeoTIFF; band index reported
scene_01_DT0000205230-Z0129,1,210,4569.25,,unavailable in GeoTIFF; band index reported
scene_01_DT0000205230-Z0129,1,211,4505.0,,unavailable in GeoTIFF; band index reported
scene_01_DT0000205230-Z0129,1,212,4598.0,,unavailable in GeoTIFF; band index reported
scene_01_DT0000205230-Z0129,1,213,4610.75,,unavailable in GeoTIFF; band index reported
scene_01_DT0000205230-Z0129,1,214,4467.75,,unavailable in GeoTIFF; band index reported
scene_01_DT0000205230-Z0129,1,215,4489.25,,unavailable in GeoTIFF; band index reported
scene_01_DT0000205230-Z0129,1,216,4406.25,4194.452591104376,unavailable in GeoTIFF; band index reported
scene_01_DT0000205230-Z0129,1,217,4442.5,,unavailable in GeoTIFF; band index reported
scene_01_DT0000205230-Z0129,1,218,4373.5,,unavailable in GeoTIFF; band index reported
scene_01_DT0000205230-Z0129,1,219,4326.75,,unavailable in GeoTIFF; band index reported
scene_01_DT0000205230-Z0129,1,220,4155.25,,unavailable in GeoTIFF; band index reported
scene_01_DT0000205230-Z0129,1,221,4341.25,,unavailable in GeoTIFF; band index reported
scene_01_DT0000205230-Z0129,1,222,4105.75,,unavailable in GeoTIFF; band index reported
scene_01_DT0000205230-Z0129,1,223,4308.25,,unavailable in GeoTIFF; band index reported
scene_01_DT0000205230-Z0129,1,224,3864.0,3914.243214639081,unavailable in GeoTIFF; band index reported
scene_01_DT0000205230-Z0087,2,1,1591.5,917.0602603405777,unavailable in GeoTIFF; band index reported
scene_01_DT0000205230-Z0087,2,2,1602.0,,unavailable in GeoTIFF; band index reported
scene_01_DT0000205230-Z0087,2,3,1659.5,,unavailable in GeoTIFF; band index reported
scene_01_DT0000205230-Z0087,2,4,1774.5,,unavailable in GeoTIFF; band index reported
scene_01_DT0000205230-Z0087,2,5,1852.5,,unavailable in GeoTIFF; band index reported
scene_01_DT0000205230-Z0087,2,6,1857.0,,unavailable in GeoTIFF; band index reported
scene_01_DT0000205230-Z0087,2,7,1929.5,,unavailable in GeoTIFF; band index reported
scene_01_DT0000205230-Z0087,2,8,1961.0,1232.1687807391233,unavailable in GeoTIFF; band index reported
scene_01_DT0000205230-Z0087,2,9,2015.5,,unavailable in GeoTIFF; band index reported
scene_01_DT0000205230-Z0087,2,10,2054.5,,unavailable in GeoTIFF; band index reported
scene_01_DT0000205230-Z0087,2,11,2076.0,,unavailable in GeoTIFF; band index reported
scene_01_DT0000205230-Z0087,2,12,2112.0,,unavailable in GeoTIFF; band index reported
scene_01_DT0000205230-Z0087,2,13,2121.5,,unavailable in GeoTIFF; band index reported
scene_01_DT0000205230-Z0087,2,14,2182.0,,unavailable in GeoTIFF; band index reported
scene_01_DT0000205230-Z0087,2,15,2236.5,1425.9121730718762,unavailable in GeoTIFF; band index reported
scene_01_DT0000205230-Z0087,2,16,2292.0,,unavailable in GeoTIFF; band index reported
scene_01_DT0000205230-Z0087,2,17,2336.5,,unavailable in GeoTIFF; band index reported
scene_01_DT0000205230-Z0087,2,18,2396.0,,unavailable in GeoTIFF; band index reported
scene_01_DT0000205230-Z0087,2,19,2427.5,,unavailable in GeoTIFF; band index reported
scene_01_DT0000205230-Z0087,2,20,2503.5,,unavailable in GeoTIFF; band index reported
scene_01_DT0000205230-Z0087,2,21,2578.5,,unavailable in GeoTIFF; band index reported
scene_01_DT0000205230-Z0087,2,22,2629.0,1812.7965806589375,unavailable in GeoTIFF; band index reported
scene_01_DT0000205230-Z0087,2,23,2679.5,,unavailable in GeoTIFF; band index reported
scene_01_DT0000205230-Z0087,2,24,2751.0,,unavailable in GeoTIFF; band index reported
scene_01_DT0000205230-Z0087,2,25,2822.0,,unavailable in GeoTIFF; band index reported
scene_01_DT0000205230-Z0087,2,26,2908.0,,unavailable in GeoTIFF; band index reported
scene_01_DT0000205230-Z0087,2,27,2972.0,,unavailable in GeoTIFF; band index reported
scene_01_DT0000205230-Z0087,2,28,3043.0,,unavailable in GeoTIFF; band index reported
scene_01_DT0000205230-Z0087,2,29,3144.5,2378.0732384444686,unavailable in GeoTIFF; band index reported
scene_01_DT0000205230-Z0087,2,30,3223.0,,unavailable in GeoTIFF; band index reported
scene_01_DT0000205230-Z0087,2,31,3335.0,,unavailable in GeoTIFF; band index reported
scene_01_DT0000205230-Z0087,2,32,3414.5,,unavailable in GeoTIFF; band index reported
scene_01_DT0000205230-Z0087,2,33,3468.5,,unavailable in GeoTIFF; band index reported
scene_01_DT0000205230-Z0087,2,34,3557.0,,unavailable in GeoTIFF; band index reported
scene_01_DT0000205230-Z0087,2,35,3644.5,,unavailable in GeoTIFF; band index reported
scene_01_DT0000205230-Z0087,2,36,3698.5,3052.808919434462,unavailable in GeoTIFF; band index reported
scene_01_DT0000205230-Z0087,2,37,3779.0,,unavailable in GeoTIFF; band index reported
scene_01_DT0000205230-Z0087,2,38,3818.5,,unavailable in GeoTIFF; band index reported
scene_01_DT0000205230-Z0087,2,39,3873.0,,unavailable in GeoTIFF; band index reported
scene_01_DT0000205230-Z0087,2,40,3907.5,,unavailable in GeoTIFF; band index reported
scene_01_DT0000205230-Z0087,2,41,3947.0,,unavailable in GeoTIFF; band index reported
scene_01_DT0000205230-Z0087,2,42,3980.5,,unavailable in GeoTIFF; band index reported
scene_01_DT0000205230-Z0087,2,43,3992.0,,unavailable in GeoTIFF; band index reported
scene_01_DT0000205230-Z0087,2,44,4022.0,3452.7579941120193,unavailable in GeoTIFF; band index reported
scene_01_DT0000205230-Z0087,2,45,4068.5,,unavailable in GeoTIFF; band index reported
scene_01_DT0000205230-Z0087,2,46,4092.0,,unavailable in GeoTIFF; band index reported
scene_01_DT0000205230-Z0087,2,47,4103.0,,unavailable in GeoTIFF; band index reported
scene_01_DT0000205230-Z0087,2,48,4138.0,,unavailable in GeoTIFF; band index reported
scene_01_DT0000205230-Z0087,2,49,4178.5,,unavailable in GeoTIFF; band index reported
scene_01_DT0000205230-Z0087,2,50,4169.5,,unavailable in GeoTIFF; band index reported
scene_01_DT0000205230-Z0087,2,51,4229.5,3726.9295512530684,unavailable in GeoTIFF; band index reported
scene_01_DT0000205230-Z0087,2,52,4247.0,,unavailable in GeoTIFF; band index reported
scene_01_DT0000205230-Z0087,2,53,4277.0,,unavailable in GeoTIFF; band index reported
scene_01_DT0000205230-Z0087,2,54,4299.0,,unavailable in GeoTIFF; band index reported
scene_01_DT0000205230-Z0087,2,55,4320.0,,unavailable in GeoTIFF; band index reported
scene_01_DT0000205230-Z0087,2,56,4391.5,,unavailable in GeoTIFF; band index reported
scene_01_DT0000205230-Z0087,2,57,4448.0,,unavailable in GeoTIFF; band index reported
scene_01_DT0000205230-Z0087,2,58,4430.5,4007.177645123073,unavailable in GeoTIFF; band index reported
scene_01_DT0000205230-Z0087,2,59,4431.0,,unavailable in GeoTIFF; band index reported
scene_01_DT0000205230-Z0087,2,60,4406.5,,unavailable in GeoTIFF; band index reported
scene_01_DT0000205230-Z0087,2,61,4422.5,,unavailable in GeoTIFF; band index reported
scene_01_DT0000205230-Z0087,2,62,4407.0,,unavailable in GeoTIFF; band index reported
scene_01_DT0000205230-Z0087,2,63,4515.0,,unavailable in GeoTIFF; band index reported
scene_01_DT0000205230-Z0087,2,64,4537.5,,unavailable in GeoTIFF; band index reported
scene_01_DT0000205230-Z0087,2,65,4553.0,4159.730422748184,unavailable in GeoTIFF; band index reported
scene_01_DT0000205230-Z0087,2,66,4551.0,,unavailable in GeoTIFF; band index reported
scene_01_DT0000205230-Z0087,2,67,4578.5,,unavailable in GeoTIFF; band index reported
scene_01_DT0000205230-Z0087,2,68,4540.5,,unavailable in GeoTIFF; band index reported
scene_01_DT0000205230-Z0087,2,69,4671.5,,unavailable in GeoTIFF; band index reported
scene_01_DT0000205230-Z0087,2,70,4662.0,,unavailable in GeoTIFF; band index reported
scene_01_DT0000205230-Z0087,2,71,4625.0,,unavailable in GeoTIFF; band index reported
scene_01_DT0000205230-Z0087,2,72,4629.0,4216.483716818321,unavailable in GeoTIFF; band index reported
scene_01_DT0000205230-Z0087,2,73,4630.5,,unavailable in GeoTIFF; band index reported
scene_01_DT0000205230-Z0087,2,74,4629.0,,unavailable in GeoTIFF; band index reported
scene_01_DT0000205230-Z0087,2,75,4690.5,,unavailable in GeoTIFF; band index reported
scene_01_DT0000205230-Z0087,2,76,4646.0,,unavailable in GeoTIFF; band index reported
scene_01_DT0000205230-Z0087,2,77,4659.5,,unavailable in GeoTIFF; band index reported
scene_01_DT0000205230-Z0087,2,78,4698.5,,unavailable in GeoTIFF; band index reported
scene_01_DT0000205230-Z0087,2,79,4635.0,,unavailable in GeoTIFF; band index reported
scene_01_DT0000205230-Z0087,2,80,4644.0,4232.014678740068,unavailable in GeoTIFF; band index reported
scene_01_DT0000205230-Z0087,2,81,4671.0,,unavailable in GeoTIFF; band index reported
scene_01_DT0000205230-Z0087,2,82,4614.5,,unavailable in GeoTIFF; band index reported
scene_01_DT0000205230-Z0087,2,83,4605.5,,unavailable in GeoTIFF; band index reported
scene_01_DT0000205230-Z0087,2,84,4433.5,,unavailable in GeoTIFF; band index reported
scene_01_DT0000205230-Z0087,2,85,4667.0,,unavailable in GeoTIFF; band index reported
scene_01_DT0000205230-Z0087,2,86,4509.5,,unavailable in GeoTIFF; band index reported
scene_01_DT0000205230-Z0087,2,87,4387.0,4099.515230214146,unavailable in GeoTIFF; band index reported
scene_01_DT0000205230-Z0087,2,88,4884.0,,unavailable in GeoTIFF; band index reported
scene_01_DT0000205230-Z0087,2,89,4768.0,,unavailable in GeoTIFF; band index reported
scene_01_DT0000205230-Z0087,2,90,4872.5,,unavailable in GeoTIFF; band index reported
scene_01_DT0000205230-Z0087,2,91,4665.0,,unavailable in GeoTIFF; band index reported
scene_01_DT0000205230-Z0087,2,92,4684.5,,unavailable in GeoTIFF; band index reported
scene_01_DT0000205230-Z0087,2,93,4566.0,,unavailable in GeoTIFF; band index reported
scene_01_DT0000205230-Z0087,2,94,4672.5,4259.310714130656,unavailable in GeoTIFF; band index reported
scene_01_DT0000205230-Z0087,2,95,4595.0,,unavailable in GeoTIFF; band index reported
scene_01_DT0000205230-Z0087,2,96,4723.0,,unavailable in GeoTIFF; band index reported
scene_01_DT0000205230-Z0087,2,97,4523.5,,unavailable in GeoTIFF; band index reported
scene_01_DT0000205230-Z0087,2,98,4737.5,,unavailable in GeoTIFF; band index reported
scene_01_DT0000205230-Z0087,2,99,4566.0,,unavailable in GeoTIFF; band index reported
scene_01_DT0000205230-Z0087,2,100,4753.5,,unavailable in GeoTIFF; band index reported
scene_01_DT0000205230-Z0087,2,101,4591.5,4276.150670826721,unavailable in GeoTIFF; band index reported
scene_01_DT0000205230-Z0087,2,102,4753.5,,unavailable in GeoTIFF; band index reported
scene_01_DT0000205230-Z0087,2,103,4777.5,,unavailable in GeoTIFF; band index reported
scene_01_DT0000205230-Z0087,2,104,4781.5,,unavailable in GeoTIFF; band index reported
scene_01_DT0000205230-Z0087,2,105,4795.0,,unavailable in GeoTIFF; band index reported
scene_01_DT0000205230-Z0087,2,106,4788.5,,unavailable in GeoTIFF; band index reported
scene_01_DT0000205230-Z0087,2,107,4821.5,,unavailable in GeoTIFF; band index reported
scene_01_DT0000205230-Z0087,2,108,4843.5,4540.5920961105885,unavailable in GeoTIFF; band index reported
scene_01_DT0000205230-Z0087,2,109,4853.0,,unavailable in GeoTIFF; band index reported
scene_01_DT0000205230-Z0087,2,110,4875.0,,unavailable in GeoTIFF; band index reported
scene_01_DT0000205230-Z0087,2,111,4866.5,,unavailable in GeoTIFF; band index reported
scene_01_DT0000205230-Z0087,2,112,4673.0,,unavailable in GeoTIFF; band index reported
scene_01_DT0000205230-Z0087,2,113,5035.5,,unavailable in GeoTIFF; band index reported
scene_01_DT0000205230-Z0087,2,114,5013.0,,unavailable in GeoTIFF; band index reported
scene_01_DT0000205230-Z0087,2,115,4894.5,,unavailable in GeoTIFF; band index reported
scene_01_DT0000205230-Z0087,2,116,4942.5,4718.103568199837,unavailable in GeoTIFF; band index reported
scene_01_DT0000205230-Z0087,2,117,4998.5,,unavailable in GeoTIFF; band index reported
scene_01_DT0000205230-Z0087,2,118,5071.0,,unavailable in GeoTIFF; band index reported
scene_01_DT0000205230-Z0087,2,119,5076.0,,unavailable in GeoTIFF; band index reported
scene_01_DT0000205230-Z0087,2,120,5078.5,,unavailable in GeoTIFF; band index reported
scene_01_DT0000205230-Z0087,2,121,5107.5,,unavailable in GeoTIFF; band index reported
scene_01_DT0000205230-Z0087,2,122,5120.5,,unavailable in GeoTIFF; band index reported
scene_01_DT0000205230-Z0087,2,123,5142.0,5005.2038251084705,unavailable in GeoTIFF; band index reported
scene_01_DT0000205230-Z0087,2,124,5146.5,,unavailable in GeoTIFF; band index reported
scene_01_DT0000205230-Z0087,2,125,5231.0,,unavailable in GeoTIFF; band index reported
scene_01_DT0000205230-Z0087,2,126,5211.0,,unavailable in GeoTIFF; band index reported
scene_01_DT0000205230-Z0087,2,127,5193.5,,unavailable in GeoTIFF; band index reported
scene_01_DT0000205230-Z0087,2,128,5216.0,,unavailable in GeoTIFF; band index reported
scene_01_DT0000205230-Z0087,2,129,5216.5,,unavailable in GeoTIFF; band index reported
scene_01_DT0000205230-Z0087,2,130,5186.5,5124.159687144271,unavailable in GeoTIFF; band index reported
scene_01_DT0000205230-Z0087,2,131,-32768.0,,unavailable in GeoTIFF; band index reported
scene_01_DT0000205230-Z0087,2,132,-32768.0,,unavailable in GeoTIFF; band index reported
scene_01_DT0000205230-Z0087,2,133,-32768.0,,unavailable in GeoTIFF; band index reported
scene_01_DT0000205230-Z0087,2,134,-32768.0,,unavailable in GeoTIFF; band index reported
scene_01_DT0000205230-Z0087,2,135,-32768.0,,unavailable in GeoTIFF; band index reported
scene_01_DT0000205230-Z0087,2,136,5137.0,,unavailable in GeoTIFF; band index reported
scene_01_DT0000205230-Z0087,2,137,5274.0,5245.826935621986,unavailable in GeoTIFF; band index reported
scene_01_DT0000205230-Z0087,2,138,5195.5,,unavailable in GeoTIFF; band index reported
scene_01_DT0000205230-Z0087,2,139,5232.5,,unavailable in GeoTIFF; band index reported
scene_01_DT0000205230-Z0087,2,140,5256.0,,unavailable in GeoTIFF; band index reported
scene_01_DT0000205230-Z0087,2,141,5336.5,,unavailable in GeoTIFF; band index reported
scene_01_DT0000205230-Z0087,2,142,5365.5,,unavailable in GeoTIFF; band index reported
scene_01_DT0000205230-Z0087,2,143,5387.0,,unavailable in GeoTIFF; band index reported
scene_01_DT0000205230-Z0087,2,144,5395.5,5222.882217712209,unavailable in GeoTIFF; band index reported
scene_01_DT0000205230-Z0087,2,145,5427.5,,unavailable in GeoTIFF; band index reported
scene_01_DT0000205230-Z0087,2,146,5424.0,,unavailable in GeoTIFF; band index reported
scene_01_DT0000205230-Z0087,2,147,5453.0,,unavailable in GeoTIFF; band index reported
scene_01_DT0000205230-Z0087,2,148,5455.0,,unavailable in GeoTIFF; band index reported
scene_01_DT0000205230-Z0087,2,149,5468.0,,unavailable in GeoTIFF; band index reported
scene_01_DT0000205230-Z0087,2,150,5496.5,,unavailable in GeoTIFF; band index reported
scene_01_DT0000205230-Z0087,2,151,5504.0,,unavailable in GeoTIFF; band index reported
scene_01_DT0000205230-Z0087,2,152,5483.0,5253.7238336902,unavailable in GeoTIFF; band index reported
scene_01_DT0000205230-Z0087,2,153,5493.0,,unavailable in GeoTIFF; band index reported
scene_01_DT0000205230-Z0087,2,154,5515.5,,unavailable in GeoTIFF; band index reported
scene_01_DT0000205230-Z0087,2,155,5508.0,,unavailable in GeoTIFF; band index reported
scene_01_DT0000205230-Z0087,2,156,5530.0,,unavailable in GeoTIFF; band index reported
scene_01_DT0000205230-Z0087,2,157,5528.0,,unavailable in GeoTIFF; band index reported
scene_01_DT0000205230-Z0087,2,158,5521.5,,unavailable in GeoTIFF; band index reported
scene_01_DT0000205230-Z0087,2,159,5531.0,5264.417496137013,unavailable in GeoTIFF; band index reported
scene_01_DT0000205230-Z0087,2,160,5539.0,,unavailable in GeoTIFF; band index reported
scene_01_DT0000205230-Z0087,2,161,5509.5,,unavailable in GeoTIFF; band index reported
scene_01_DT0000205230-Z0087,2,162,5503.5,,unavailable in GeoTIFF; band index reported
scene_01_DT0000205230-Z0087,2,163,5531.0,,unavailable in GeoTIFF; band index reported
scene_01_DT0000205230-Z0087,2,164,5465.5,,unavailable in GeoTIFF; band index reported
scene_01_DT0000205230-Z0087,2,165,5407.5,,unavailable in GeoTIFF; band index reported
scene_01_DT0000205230-Z0087,2,166,5274.0,5057.993610688144,unavailable in GeoTIFF; band index reported
scene_01_DT0000205230-Z0087,2,167,4724.5,,unavailable in GeoTIFF; band index reported
scene_01_DT0000205230-Z0087,2,168,4904.0,,unavailable in GeoTIFF; band index reported
scene_01_DT0000205230-Z0087,2,169,5032.0,,unavailable in GeoTIFF; band index reported
scene_01_DT0000205230-Z0087,2,170,4640.0,,unavailable in GeoTIFF; band index reported
scene_01_DT0000205230-Z0087,2,171,4173.5,,unavailable in GeoTIFF; band index reported
scene_01_DT0000205230-Z0087,2,172,4503.0,,unavailable in GeoTIFF; band index reported
scene_01_DT0000205230-Z0087,2,173,5068.0,4797.249264813836,unavailable in GeoTIFF; band index reported
scene_01_DT0000205230-Z0087,2,174,5232.0,,unavailable in GeoTIFF; band index reported
scene_01_DT0000205230-Z0087,2,175,5295.0,,unavailable in GeoTIFF; band index reported
scene_01_DT0000205230-Z0087,2,176,5095.5,,unavailable in GeoTIFF; band index reported
scene_01_DT0000205230-Z0087,2,177,5241.0,,unavailable in GeoTIFF; band index reported
scene_01_DT0000205230-Z0087,2,178,5253.0,,unavailable in GeoTIFF; band index reported
scene_01_DT0000205230-Z0087,2,179,5401.5,,unavailable in GeoTIFF; band index reported
scene_01_DT0000205230-Z0087,2,180,5358.5,5133.687412636362,unavailable in GeoTIFF; band index reported
scene_01_DT0000205230-Z0087,2,181,5362.5,,unavailable in GeoTIFF; band index reported
scene_01_DT0000205230-Z0087,2,182,5413.5,,unavailable in GeoTIFF; band index reported
scene_01_DT0000205230-Z0087,2,183,5386.0,,unavailable in GeoTIFF; band index reported
scene_01_DT0000205230-Z0087,2,184,5403.5,,unavailable in GeoTIFF; band index reported
scene_01_DT0000205230-Z0087,2,185,5404.5,,unavailable in GeoTIFF; band index reported
scene_01_DT0000205230-Z0087,2,186,5388.5,,unavailable in GeoTIFF; band index reported
scene_01_DT0000205230-Z0087,2,187,5318.0,,unavailable in GeoTIFF; band index reported
scene_01_DT0000205230-Z0087,2,188,5294.5,4977.3868299771475,unavailable in GeoTIFF; band index reported
scene_01_DT0000205230-Z0087,2,189,5251.0,,unavailable in GeoTIFF; band index reported
scene_01_DT0000205230-Z0087,2,190,5198.5,,unavailable in GeoTIFF; band index reported
scene_01_DT0000205230-Z0087,2,191,5147.0,,unavailable in GeoTIFF; band index reported
scene_01_DT0000205230-Z0087,2,192,5102.0,,unavailable in GeoTIFF; band index reported
scene_01_DT0000205230-Z0087,2,193,4962.5,,unavailable in GeoTIFF; band index reported
scene_01_DT0000205230-Z0087,2,194,4997.0,,unavailable in GeoTIFF; band index reported
scene_01_DT0000205230-Z0087,2,195,5048.5,4669.994273505627,unavailable in GeoTIFF; band index reported
scene_01_DT0000205230-Z0087,2,196,5082.5,,unavailable in GeoTIFF; band index reported
scene_01_DT0000205230-Z0087,2,197,5061.0,,unavailable in GeoTIFF; band index reported
scene_01_DT0000205230-Z0087,2,198,5049.5,,unavailable in GeoTIFF; band index reported
scene_01_DT0000205230-Z0087,2,199,4994.5,,unavailable in GeoTIFF; band index reported
scene_01_DT0000205230-Z0087,2,200,4994.0,,unavailable in GeoTIFF; band index reported
scene_01_DT0000205230-Z0087,2,201,5017.0,,unavailable in GeoTIFF; band index reported
scene_01_DT0000205230-Z0087,2,202,4992.0,4693.603468694764,unavailable in GeoTIFF; band index reported
scene_01_DT0000205230-Z0087,2,203,4970.5,,unavailable in GeoTIFF; band index reported
scene_01_DT0000205230-Z0087,2,204,4857.5,,unavailable in GeoTIFF; band index reported
scene_01_DT0000205230-Z0087,2,205,4790.0,,unavailable in GeoTIFF; band index reported
scene_01_DT0000205230-Z0087,2,206,4808.0,,unavailable in GeoTIFF; band index reported
scene_01_DT0000205230-Z0087,2,207,4669.0,,unavailable in GeoTIFF; band index reported
scene_01_DT0000205230-Z0087,2,208,4708.0,,unavailable in GeoTIFF; band index reported
scene_01_DT0000205230-Z0087,2,209,4677.5,4418.7326716944735,unavailable in GeoTIFF; band index reported
scene_01_DT0000205230-Z0087,2,210,4600.0,,unavailable in GeoTIFF; band index reported
scene_01_DT0000205230-Z0087,2,211,4518.5,,unavailable in GeoTIFF; band index reported
scene_01_DT0000205230-Z0087,2,212,4600.5,,unavailable in GeoTIFF; band index reported
scene_01_DT0000205230-Z0087,2,213,4646.5,,unavailable in GeoTIFF; band index reported
scene_01_DT0000205230-Z0087,2,214,4550.5,,unavailable in GeoTIFF; band index reported
scene_01_DT0000205230-Z0087,2,215,4555.5,,unavailable in GeoTIFF; band index reported
scene_01_DT0000205230-Z0087,2,216,4489.5,4194.452591104376,unavailable in GeoTIFF; band index reported
scene_01_DT0000205230-Z0087,2,217,4478.0,,unavailable in GeoTIFF; band index reported
scene_01_DT0000205230-Z0087,2,218,4476.0,,unavailable in GeoTIFF; band index reported
scene_01_DT0000205230-Z0087,2,219,4389.5,,unavailable in GeoTIFF; band index reported
scene_01_DT0000205230-Z0087,2,220,4246.0,,unavailable in GeoTIFF; band index reported
scene_01_DT0000205230-Z0087,2,221,4397.0,,unavailable in GeoTIFF; band index reported
scene_01_DT0000205230-Z0087,2,222,4305.0,,unavailable in GeoTIFF; band index reported
scene_01_DT0000205230-Z0087,2,223,4414.5,,unavailable in GeoTIFF; band index reported
scene_01_DT0000205230-Z0087,2,224,4091.0,3914.243214639081,unavailable in GeoTIFF; band index reported
scene_01_DT0000205230-Z0191,3,1,1084.0,917.0602603405777,unavailable in GeoTIFF; band index reported
scene_01_DT0000205230-Z0191,3,2,1071.0,,unavailable in GeoTIFF; band index reported
scene_01_DT0000205230-Z0191,3,3,1116.0,,unavailable in GeoTIFF; band index reported
scene_01_DT0000205230-Z0191,3,4,1194.0,,unavailable in GeoTIFF; band index reported
scene_01_DT0000205230-Z0191,3,5,1249.0,,unavailable in GeoTIFF; band index reported
scene_01_DT0000205230-Z0191,3,6,1250.0,,unavailable in GeoTIFF; band index reported
scene_01_DT0000205230-Z0191,3,7,1292.0,,unavailable in GeoTIFF; band index reported
scene_01_DT0000205230-Z0191,3,8,1325.0,1232.1687807391233,unavailable in GeoTIFF; band index reported
scene_01_DT0000205230-Z0191,3,9,1339.0,,unavailable in GeoTIFF; band index reported
scene_01_DT0000205230-Z0191,3,10,1379.0,,unavailable in GeoTIFF; band index reported
scene_01_DT0000205230-Z0191,3,11,1384.0,,unavailable in GeoTIFF; band index reported
scene_01_DT0000205230-Z0191,3,12,1399.0,,unavailable in GeoTIFF; band index reported
scene_01_DT0000205230-Z0191,3,13,1433.0,,unavailable in GeoTIFF; band index reported
scene_01_DT0000205230-Z0191,3,14,1478.0,,unavailable in GeoTIFF; band index reported
scene_01_DT0000205230-Z0191,3,15,1485.0,1425.9121730718762,unavailable in GeoTIFF; band index reported
scene_01_DT0000205230-Z0191,3,16,1522.0,,unavailable in GeoTIFF; band index reported
scene_01_DT0000205230-Z0191,3,17,1565.0,,unavailable in GeoTIFF; band index reported
scene_01_DT0000205230-Z0191,3,18,1609.0,,unavailable in GeoTIFF; band index reported
scene_01_DT0000205230-Z0191,3,19,1644.0,,unavailable in GeoTIFF; band index reported
scene_01_DT0000205230-Z0191,3,20,1710.0,,unavailable in GeoTIFF; band index reported
scene_01_DT0000205230-Z0191,3,21,1739.0,,unavailable in GeoTIFF; band index reported
scene_01_DT0000205230-Z0191,3,22,1775.0,1812.7965806589375,unavailable in GeoTIFF; band index reported
scene_01_DT0000205230-Z0191,3,23,1826.0,,unavailable in GeoTIFF; band index reported
scene_01_DT0000205230-Z0191,3,24,1884.0,,unavailable in GeoTIFF; band index reported
scene_01_DT0000205230-Z0191,3,25,1934.0,,unavailable in GeoTIFF; band index reported
scene_01_DT0000205230-Z0191,3,26,1993.0,,unavailable in GeoTIFF; band index reported
scene_01_DT0000205230-Z0191,3,27,2045.0,,unavailable in GeoTIFF; band index reported
scene_01_DT0000205230-Z0191,3,28,2119.0,,unavailable in GeoTIFF; band index reported
scene_01_DT0000205230-Z0191,3,29,2179.0,2378.0732384444686,unavailable in GeoTIFF; band index reported
scene_01_DT0000205230-Z0191,3,30,2251.0,,unavailable in GeoTIFF; band index reported
scene_01_DT0000205230-Z0191,3,31,2314.0,,unavailable in GeoTIFF; band index reported
scene_01_DT0000205230-Z0191,3,32,2394.0,,unavailable in GeoTIFF; band index reported
scene_01_DT0000205230-Z0191,3,33,2449.0,,unavailable in GeoTIFF; band index reported
scene_01_DT0000205230-Z0191,3,34,2513.0,,unavailable in GeoTIFF; band index reported
scene_01_DT0000205230-Z0191,3,35,2588.0,,unavailable in GeoTIFF; band index reported
scene_01_DT0000205230-Z0191,3,36,2646.0,3052.808919434462,unavailable in GeoTIFF; band index reported
scene_01_DT0000205230-Z0191,3,37,2706.0,,unavailable in GeoTIFF; band index reported
scene_01_DT0000205230-Z0191,3,38,2744.0,,unavailable in GeoTIFF; band index reported
scene_01_DT0000205230-Z0191,3,39,2781.0,,unavailable in GeoTIFF; band index reported
scene_01_DT0000205230-Z0191,3,40,2793.0,,unavailable in GeoTIFF; band index reported
scene_01_DT0000205230-Z0191,3,41,2833.0,,unavailable in GeoTIFF; band index reported
scene_01_DT0000205230-Z0191,3,42,2875.0,,unavailable in GeoTIFF; band index reported
scene_01_DT0000205230-Z0191,3,43,2879.0,,unavailable in GeoTIFF; band index reported
scene_01_DT0000205230-Z0191,3,44,2924.0,3452.7579941120193,unavailable in GeoTIFF; band index reported
scene_01_DT0000205230-Z0191,3,45,2961.0,,unavailable in GeoTIFF; band index reported
scene_01_DT0000205230-Z0191,3,46,2993.0,,unavailable in GeoTIFF; band index reported
scene_01_DT0000205230-Z0191,3,47,3016.0,,unavailable in GeoTIFF; band index reported
scene_01_DT0000205230-Z0191,3,48,3029.0,,unavailable in GeoTIFF; band index reported
scene_01_DT0000205230-Z0191,3,49,3047.0,,unavailable in GeoTIFF; band index reported
scene_01_DT0000205230-Z0191,3,50,3057.0,,unavailable in GeoTIFF; band index reported
scene_01_DT0000205230-Z0191,3,51,3113.0,3726.9295512530684,unavailable in GeoTIFF; band index reported
scene_01_DT0000205230-Z0191,3,52,3139.0,,unavailable in GeoTIFF; band index reported
scene_01_DT0000205230-Z0191,3,53,3158.0,,unavailable in GeoTIFF; band index reported
scene_01_DT0000205230-Z0191,3,54,3181.0,,unavailable in GeoTIFF; band index reported
scene_01_DT0000205230-Z0191,3,55,3199.0,,unavailable in GeoTIFF; band index reported
scene_01_DT0000205230-Z0191,3,56,3264.0,,unavailable in GeoTIFF; band index reported
scene_01_DT0000205230-Z0191,3,57,3309.0,,unavailable in GeoTIFF; band index reported
scene_01_DT0000205230-Z0191,3,58,3306.0,4007.177645123073,unavailable in GeoTIFF; band index reported
scene_01_DT0000205230-Z0191,3,59,3319.0,,unavailable in GeoTIFF; band index reported
scene_01_DT0000205230-Z0191,3,60,3257.0,,unavailable in GeoTIFF; band index reported
scene_01_DT0000205230-Z0191,3,61,3312.0,,unavailable in GeoTIFF; band index reported
scene_01_DT0000205230-Z0191,3,62,3198.0,,unavailable in GeoTIFF; band index reported
scene_01_DT0000205230-Z0191,3,63,3390.0,,unavailable in GeoTIFF; band index reported
scene_01_DT0000205230-Z0191,3,64,3414.0,,unavailable in GeoTIFF; band index reported
scene_01_DT0000205230-Z0191,3,65,3436.0,4159.730422748184,unavailable in GeoTIFF; band index reported
scene_01_DT0000205230-Z0191,3,66,3445.0,,unavailable in GeoTIFF; band index reported
scene_01_DT0000205230-Z0191,3,67,3459.0,,unavailable in GeoTIFF; band index reported
scene_01_DT0000205230-Z0191,3,68,3483.0,,unavailable in GeoTIFF; band index reported
scene_01_DT0000205230-Z0191,3,69,3535.0,,unavailable in GeoTIFF; band index reported
scene_01_DT0000205230-Z0191,3,70,3536.0,,unavailable in GeoTIFF; band index reported
scene_01_DT0000205230-Z0191,3,71,3511.0,,unavailable in GeoTIFF; band index reported
scene_01_DT0000205230-Z0191,3,72,3515.0,4216.483716818321,unavailable in GeoTIFF; band index reported
scene_01_DT0000205230-Z0191,3,73,3528.0,,unavailable in GeoTIFF; band index reported
scene_01_DT0000205230-Z0191,3,74,3519.0,,unavailable in GeoTIFF; band index reported
scene_01_DT0000205230-Z0191,3,75,3560.0,,unavailable in GeoTIFF; band index reported
scene_01_DT0000205230-Z0191,3,76,3473.0,,unavailable in GeoTIFF; band index reported
scene_01_DT0000205230-Z0191,3,77,3569.0,,unavailable in GeoTIFF; band index reported
scene_01_DT0000205230-Z0191,3,78,3519.0,,unavailable in GeoTIFF; band index reported
scene_01_DT0000205230-Z0191,3,79,3526.0,,unavailable in GeoTIFF; band index reported
scene_01_DT0000205230-Z0191,3,80,3258.0,4232.014678740068,unavailable in GeoTIFF; band index reported
scene_01_DT0000205230-Z0191,3,81,3569.0,,unavailable in GeoTIFF; band index reported
scene_01_DT0000205230-Z0191,3,82,3242.0,,unavailable in GeoTIFF; band index reported
scene_01_DT0000205230-Z0191,3,83,3506.0,,unavailable in GeoTIFF; band index reported
scene_01_DT0000205230-Z0191,3,84,3405.0,,unavailable in GeoTIFF; band index reported
scene_01_DT0000205230-Z0191,3,85,3286.0,,unavailable in GeoTIFF; band index reported
scene_01_DT0000205230-Z0191,3,86,3530.0,,unavailable in GeoTIFF; band index reported
scene_01_DT0000205230-Z0191,3,87,3044.0,4099.515230214146,unavailable in GeoTIFF; band index reported
scene_01_DT0000205230-Z0191,3,88,3826.0,,unavailable in GeoTIFF; band index reported
scene_01_DT0000205230-Z0191,3,89,3369.0,,unavailable in GeoTIFF; band index reported
scene_01_DT0000205230-Z0191,3,90,3810.0,,unavailable in GeoTIFF; band index reported
scene_01_DT0000205230-Z0191,3,91,3307.0,,unavailable in GeoTIFF; band index reported
scene_01_DT0000205230-Z0191,3,92,3723.0,,unavailable in GeoTIFF; band index reported
scene_01_DT0000205230-Z0191,3,93,3657.0,,unavailable in GeoTIFF; band index reported
scene_01_DT0000205230-Z0191,3,94,3330.0,4259.310714130656,unavailable in GeoTIFF; band index reported
scene_01_DT0000205230-Z0191,3,95,3634.0,,unavailable in GeoTIFF; band index reported
scene_01_DT0000205230-Z0191,3,96,3353.0,,unavailable in GeoTIFF; band index reported
scene_01_DT0000205230-Z0191,3,97,3684.0,,unavailable in GeoTIFF; band index reported
scene_01_DT0000205230-Z0191,3,98,3375.0,,unavailable in GeoTIFF; band index reported
scene_01_DT0000205230-Z0191,3,99,3772.0,,unavailable in GeoTIFF; band index reported
scene_01_DT0000205230-Z0191,3,100,3373.0,,unavailable in GeoTIFF; band index reported
scene_01_DT0000205230-Z0191,3,101,3735.0,4276.150670826721,unavailable in GeoTIFF; band index reported
scene_01_DT0000205230-Z0191,3,102,3374.0,,unavailable in GeoTIFF; band index reported
scene_01_DT0000205230-Z0191,3,103,3395.0,,unavailable in GeoTIFF; band index reported
scene_01_DT0000205230-Z0191,3,104,3406.0,,unavailable in GeoTIFF; band index reported
scene_01_DT0000205230-Z0191,3,105,3407.0,,unavailable in GeoTIFF; band index reported
scene_01_DT0000205230-Z0191,3,106,3425.0,,unavailable in GeoTIFF; band index reported
scene_01_DT0000205230-Z0191,3,107,3438.0,,unavailable in GeoTIFF; band index reported
scene_01_DT0000205230-Z0191,3,108,3459.0,4540.5920961105885,unavailable in GeoTIFF; band index reported
scene_01_DT0000205230-Z0191,3,109,3458.0,,unavailable in GeoTIFF; band index reported
scene_01_DT0000205230-Z0191,3,110,3483.0,,unavailable in GeoTIFF; band index reported
scene_01_DT0000205230-Z0191,3,111,3459.0,,unavailable in GeoTIFF; band index reported
scene_01_DT0000205230-Z0191,3,112,3294.0,,unavailable in GeoTIFF; band index reported
scene_01_DT0000205230-Z0191,3,113,3619.0,,unavailable in GeoTIFF; band index reported
scene_01_DT0000205230-Z0191,3,114,3596.0,,unavailable in GeoTIFF; band index reported
scene_01_DT0000205230-Z0191,3,115,3550.0,,unavailable in GeoTIFF; band index reported
scene_01_DT0000205230-Z0191,3,116,3573.0,4718.103568199837,unavailable in GeoTIFF; band index reported
scene_01_DT0000205230-Z0191,3,117,3599.0,,unavailable in GeoTIFF; band index reported
scene_01_DT0000205230-Z0191,3,118,3656.0,,unavailable in GeoTIFF; band index reported
scene_01_DT0000205230-Z0191,3,119,3642.0,,unavailable in GeoTIFF; band index reported
scene_01_DT0000205230-Z0191,3,120,3662.0,,unavailable in GeoTIFF; band index reported
scene_01_DT0000205230-Z0191,3,121,3672.0,,unavailable in GeoTIFF; band index reported
scene_01_DT0000205230-Z0191,3,122,3687.0,,unavailable in GeoTIFF; band index reported
scene_01_DT0000205230-Z0191,3,123,3697.0,5005.2038251084705,unavailable in GeoTIFF; band index reported
scene_01_DT0000205230-Z0191,3,124,3698.0,,unavailable in GeoTIFF; band index reported
scene_01_DT0000205230-Z0191,3,125,3789.0,,unavailable in GeoTIFF; band index reported
scene_01_DT0000205230-Z0191,3,126,3753.0,,unavailable in GeoTIFF; band index reported
scene_01_DT0000205230-Z0191,3,127,3729.0,,unavailable in GeoTIFF; band index reported
scene_01_DT0000205230-Z0191,3,128,3751.0,,unavailable in GeoTIFF; band index reported
scene_01_DT0000205230-Z0191,3,129,3740.0,,unavailable in GeoTIFF; band index reported
scene_01_DT0000205230-Z0191,3,130,3693.0,5124.159687144271,unavailable in GeoTIFF; band index reported
scene_01_DT0000205230-Z0191,3,131,-32768.0,,unavailable in GeoTIFF; band index reported
scene_01_DT0000205230-Z0191,3,132,-32768.0,,unavailable in GeoTIFF; band index reported
scene_01_DT0000205230-Z0191,3,133,-32768.0,,unavailable in GeoTIFF; band index reported
scene_01_DT0000205230-Z0191,3,134,-32768.0,,unavailable in GeoTIFF; band index reported
scene_01_DT0000205230-Z0191,3,135,-32768.0,,unavailable in GeoTIFF; band index reported
scene_01_DT0000205230-Z0191,3,136,3929.0,,unavailable in GeoTIFF; band index reported
scene_01_DT0000205230-Z0191,3,137,3778.0,5245.826935621986,unavailable in GeoTIFF; band index reported
scene_01_DT0000205230-Z0191,3,138,3787.0,,unavailable in GeoTIFF; band index reported
scene_01_DT0000205230-Z0191,3,139,3822.0,,unavailable in GeoTIFF; band index reported
scene_01_DT0000205230-Z0191,3,140,3853.0,,unavailable in GeoTIFF; band index reported
scene_01_DT0000205230-Z0191,3,141,3902.0,,unavailable in GeoTIFF; band index reported
scene_01_DT0000205230-Z0191,3,142,3906.0,,unavailable in GeoTIFF; band index reported
scene_01_DT0000205230-Z0191,3,143,3908.0,,unavailable in GeoTIFF; band index reported
scene_01_DT0000205230-Z0191,3,144,3920.0,5222.882217712209,unavailable in GeoTIFF; band index reported
scene_01_DT0000205230-Z0191,3,145,3940.0,,unavailable in GeoTIFF; band index reported
scene_01_DT0000205230-Z0191,3,146,3918.0,,unavailable in GeoTIFF; band index reported
scene_01_DT0000205230-Z0191,3,147,3949.0,,unavailable in GeoTIFF; band index reported
scene_01_DT0000205230-Z0191,3,148,3955.0,,unavailable in GeoTIFF; band index reported
scene_01_DT0000205230-Z0191,3,149,3942.0,,unavailable in GeoTIFF; band index reported
scene_01_DT0000205230-Z0191,3,150,3979.0,,unavailable in GeoTIFF; band index reported
scene_01_DT0000205230-Z0191,3,151,3991.0,,unavailable in GeoTIFF; band index reported
scene_01_DT0000205230-Z0191,3,152,3955.0,5253.7238336902,unavailable in GeoTIFF; band index reported
scene_01_DT0000205230-Z0191,3,153,3956.0,,unavailable in GeoTIFF; band index reported
scene_01_DT0000205230-Z0191,3,154,3983.0,,unavailable in GeoTIFF; band index reported
scene_01_DT0000205230-Z0191,3,155,3980.0,,unavailable in GeoTIFF; band index reported
scene_01_DT0000205230-Z0191,3,156,3979.0,,unavailable in GeoTIFF; band index reported
scene_01_DT0000205230-Z0191,3,157,4008.0,,unavailable in GeoTIFF; band index reported
scene_01_DT0000205230-Z0191,3,158,3991.0,,unavailable in GeoTIFF; band index reported
scene_01_DT0000205230-Z0191,3,159,4003.0,5264.417496137013,unavailable in GeoTIFF; band index reported
scene_01_DT0000205230-Z0191,3,160,4008.0,,unavailable in GeoTIFF; band index reported
scene_01_DT0000205230-Z0191,3,161,3981.0,,unavailable in GeoTIFF; band index reported
scene_01_DT0000205230-Z0191,3,162,3991.0,,unavailable in GeoTIFF; band index reported
scene_01_DT0000205230-Z0191,3,163,4006.0,,unavailable in GeoTIFF; band index reported
scene_01_DT0000205230-Z0191,3,164,3927.0,,unavailable in GeoTIFF; band index reported
scene_01_DT0000205230-Z0191,3,165,3904.0,,unavailable in GeoTIFF; band index reported
scene_01_DT0000205230-Z0191,3,166,3822.0,5057.993610688144,unavailable in GeoTIFF; band index reported
scene_01_DT0000205230-Z0191,3,167,3742.0,,unavailable in GeoTIFF; band index reported
scene_01_DT0000205230-Z0191,3,168,3824.0,,unavailable in GeoTIFF; band index reported
scene_01_DT0000205230-Z0191,3,169,3877.0,,unavailable in GeoTIFF; band index reported
scene_01_DT0000205230-Z0191,3,170,3415.0,,unavailable in GeoTIFF; band index reported
scene_01_DT0000205230-Z0191,3,171,3296.0,,unavailable in GeoTIFF; band index reported
scene_01_DT0000205230-Z0191,3,172,3515.0,,unavailable in GeoTIFF; band index reported
scene_01_DT0000205230-Z0191,3,173,3921.0,4797.249264813836,unavailable in GeoTIFF; band index reported
scene_01_DT0000205230-Z0191,3,174,4002.0,,unavailable in GeoTIFF; band index reported
scene_01_DT0000205230-Z0191,3,175,3985.0,,unavailable in GeoTIFF; band index reported
scene_01_DT0000205230-Z0191,3,176,3770.0,,unavailable in GeoTIFF; band index reported
scene_01_DT0000205230-Z0191,3,177,3959.0,,unavailable in GeoTIFF; band index reported
scene_01_DT0000205230-Z0191,3,178,3962.0,,unavailable in GeoTIFF; band index reported
scene_01_DT0000205230-Z0191,3,179,4071.0,,unavailable in GeoTIFF; band index reported
scene_01_DT0000205230-Z0191,3,180,4020.0,5133.687412636362,unavailable in GeoTIFF; band index reported
scene_01_DT0000205230-Z0191,3,181,4002.0,,unavailable in GeoTIFF; band index reported
scene_01_DT0000205230-Z0191,3,182,4041.0,,unavailable in GeoTIFF; band index reported
scene_01_DT0000205230-Z0191,3,183,4051.0,,unavailable in GeoTIFF; band index reported
scene_01_DT0000205230-Z0191,3,184,4066.0,,unavailable in GeoTIFF; band index reported
scene_01_DT0000205230-Z0191,3,185,4045.0,,unavailable in GeoTIFF; band index reported
scene_01_DT0000205230-Z0191,3,186,4016.0,,unavailable in GeoTIFF; band index reported
scene_01_DT0000205230-Z0191,3,187,3968.0,,unavailable in GeoTIFF; band index reported
scene_01_DT0000205230-Z0191,3,188,3944.0,4977.3868299771475,unavailable in GeoTIFF; band index reported
scene_01_DT0000205230-Z0191,3,189,3906.0,,unavailable in GeoTIFF; band index reported
scene_01_DT0000205230-Z0191,3,190,3890.0,,unavailable in GeoTIFF; band index reported
scene_01_DT0000205230-Z0191,3,191,3858.0,,unavailable in GeoTIFF; band index reported
scene_01_DT0000205230-Z0191,3,192,3784.0,,unavailable in GeoTIFF; band index reported
scene_01_DT0000205230-Z0191,3,193,3699.0,,unavailable in GeoTIFF; band index reported
scene_01_DT0000205230-Z0191,3,194,3708.0,,unavailable in GeoTIFF; band index reported
scene_01_DT0000205230-Z0191,3,195,3754.0,4669.994273505627,unavailable in GeoTIFF; band index reported
scene_01_DT0000205230-Z0191,3,196,3801.0,,unavailable in GeoTIFF; band index reported
scene_01_DT0000205230-Z0191,3,197,3786.0,,unavailable in GeoTIFF; band index reported
scene_01_DT0000205230-Z0191,3,198,3759.0,,unavailable in GeoTIFF; band index reported
scene_01_DT0000205230-Z0191,3,199,3777.0,,unavailable in GeoTIFF; band index reported
scene_01_DT0000205230-Z0191,3,200,3754.0,,unavailable in GeoTIFF; band index reported
scene_01_DT0000205230-Z0191,3,201,3757.0,,unavailable in GeoTIFF; band index reported
scene_01_DT0000205230-Z0191,3,202,3765.0,4693.603468694764,unavailable in GeoTIFF; band index reported
scene_01_DT0000205230-Z0191,3,203,3733.0,,unavailable in GeoTIFF; band index reported
scene_01_DT0000205230-Z0191,3,204,3646.0,,unavailable in GeoTIFF; band index reported
scene_01_DT0000205230-Z0191,3,205,3657.0,,unavailable in GeoTIFF; band index reported
scene_01_DT0000205230-Z0191,3,206,3667.0,,unavailable in GeoTIFF; band index reported
scene_01_DT0000205230-Z0191,3,207,3508.0,,unavailable in GeoTIFF; band index reported
scene_01_DT0000205230-Z0191,3,208,3624.0,,unavailable in GeoTIFF; band index reported
scene_01_DT0000205230-Z0191,3,209,3556.0,4418.7326716944735,unavailable in GeoTIFF; band index reported
scene_01_DT0000205230-Z0191,3,210,3460.0,,unavailable in GeoTIFF; band index reported
scene_01_DT0000205230-Z0191,3,211,3429.0,,unavailable in GeoTIFF; band index reported
scene_01_DT0000205230-Z0191,3,212,3537.0,,unavailable in GeoTIFF; band index reported
scene_01_DT0000205230-Z0191,3,213,3518.0,,unavailable in GeoTIFF; band index reported
scene_01_DT0000205230-Z0191,3,214,3428.0,,unavailable in GeoTIFF; band index reported
scene_01_DT0000205230-Z0191,3,215,3510.0,,unavailable in GeoTIFF; band index reported
scene_01_DT0000205230-Z0191,3,216,3453.0,4194.452591104376,unavailable in GeoTIFF; band index reported
scene_01_DT0000205230-Z0191,3,217,3475.0,,unavailable in GeoTIFF; band index reported
scene_01_DT0000205230-Z0191,3,218,3443.0,,unavailable in GeoTIFF; band index reported
scene_01_DT0000205230-Z0191,3,219,3394.0,,unavailable in GeoTIFF; band index reported
scene_01_DT0000205230-Z0191,3,220,3285.0,,unavailable in GeoTIFF; band index reported
scene_01_DT0000205230-Z0191,3,221,3435.0,,unavailable in GeoTIFF; band index reported
scene_01_DT0000205230-Z0191,3,222,3253.0,,unavailable in GeoTIFF; band index reported
scene_01_DT0000205230-Z0191,3,223,3492.0,,unavailable in GeoTIFF; band index reported
scene_01_DT0000205230-Z0191,3,224,3041.0,3914.243214639081,unavailable in GeoTIFF; band index reported
scene_01_DT0000205230-Z0052,4,1,1438.0,917.0602603405777,unavailable in GeoTIFF; band index reported
scene_01_DT0000205230-Z0052,4,2,1482.0,,unavailable in GeoTIFF; band index reported
scene_01_DT0000205230-Z0052,4,3,1488.0,,unavailable in GeoTIFF; band index reported
scene_01_DT0000205230-Z0052,4,4,1647.0,,unavailable in GeoTIFF; band index reported
scene_01_DT0000205230-Z0052,4,5,1675.0,,unavailable in GeoTIFF; band index reported
scene_01_DT0000205230-Z0052,4,6,1710.0,,unavailable in GeoTIFF; band index reported
scene_01_DT0000205230-Z0052,4,7,1800.0,,unavailable in GeoTIFF; band index reported
scene_01_DT0000205230-Z0052,4,8,1812.0,1232.1687807391233,unavailable in GeoTIFF; band index reported
scene_01_DT0000205230-Z0052,4,9,1844.0,,unavailable in GeoTIFF; band index reported
scene_01_DT0000205230-Z0052,4,10,1901.0,,unavailable in GeoTIFF; band index reported
scene_01_DT0000205230-Z0052,4,11,1903.0,,unavailable in GeoTIFF; band index reported
scene_01_DT0000205230-Z0052,4,12,1926.0,,unavailable in GeoTIFF; band index reported
scene_01_DT0000205230-Z0052,4,13,1966.0,,unavailable in GeoTIFF; band index reported
scene_01_DT0000205230-Z0052,4,14,2057.0,,unavailable in GeoTIFF; band index reported
scene_01_DT0000205230-Z0052,4,15,2045.0,1425.9121730718762,unavailable in GeoTIFF; band index reported
scene_01_DT0000205230-Z0052,4,16,2092.0,,unavailable in GeoTIFF; band index reported
scene_01_DT0000205230-Z0052,4,17,2146.0,,unavailable in GeoTIFF; band index reported
scene_01_DT0000205230-Z0052,4,18,2217.0,,unavailable in GeoTIFF; band index reported
scene_01_DT0000205230-Z0052,4,19,2282.0,,unavailable in GeoTIFF; band index reported
scene_01_DT0000205230-Z0052,4,20,2327.0,,unavailable in GeoTIFF; band index reported
scene_01_DT0000205230-Z0052,4,21,2417.0,,unavailable in GeoTIFF; band index reported
scene_01_DT0000205230-Z0052,4,22,2466.0,1812.7965806589375,unavailable in GeoTIFF; band index reported
scene_01_DT0000205230-Z0052,4,23,2533.0,,unavailable in GeoTIFF; band index reported
scene_01_DT0000205230-Z0052,4,24,2580.0,,unavailable in GeoTIFF; band index reported
scene_01_DT0000205230-Z0052,4,25,2671.0,,unavailable in GeoTIFF; band index reported
scene_01_DT0000205230-Z0052,4,26,2768.0,,unavailable in GeoTIFF; band index reported
scene_01_DT0000205230-Z0052,4,27,2835.0,,unavailable in GeoTIFF; band index reported
scene_01_DT0000205230-Z0052,4,28,2925.0,,unavailable in GeoTIFF; band index reported
scene_01_DT0000205230-Z0052,4,29,3025.0,2378.0732384444686,unavailable in GeoTIFF; band index reported
scene_01_DT0000205230-Z0052,4,30,3108.0,,unavailable in GeoTIFF; band index reported
scene_01_DT0000205230-Z0052,4,31,3250.0,,unavailable in GeoTIFF; band index reported
scene_01_DT0000205230-Z0052,4,32,3338.0,,unavailable in GeoTIFF; band index reported
scene_01_DT0000205230-Z0052,4,33,3410.0,,unavailable in GeoTIFF; band index reported
scene_01_DT0000205230-Z0052,4,34,3516.0,,unavailable in GeoTIFF; band index reported
scene_01_DT0000205230-Z0052,4,35,3599.0,,unavailable in GeoTIFF; band index reported
scene_01_DT0000205230-Z0052,4,36,3686.0,3052.808919434462,unavailable in GeoTIFF; band index reported
scene_01_DT0000205230-Z0052,4,37,3757.0,,unavailable in GeoTIFF; band index reported
scene_01_DT0000205230-Z0052,4,38,3826.0,,unavailable in GeoTIFF; band index reported
scene_01_DT0000205230-Z0052,4,39,3872.0,,unavailable in GeoTIFF; band index reported
scene_01_DT0000205230-Z0052,4,40,3894.0,,unavailable in GeoTIFF; band index reported
scene_01_DT0000205230-Z0052,4,41,3975.0,,unavailable in GeoTIFF; band index reported
scene_01_DT0000205230-Z0052,4,42,4006.0,,unavailable in GeoTIFF; band index reported
scene_01_DT0000205230-Z0052,4,43,4022.0,,unavailable in GeoTIFF; band index reported
scene_01_DT0000205230-Z0052,4,44,4075.0,3452.7579941120193,unavailable in GeoTIFF; band index reported
scene_01_DT0000205230-Z0052,4,45,4119.0,,unavailable in GeoTIFF; band index reported
scene_01_DT0000205230-Z0052,4,46,4137.0,,unavailable in GeoTIFF; band index reported
scene_01_DT0000205230-Z0052,4,47,4161.0,,unavailable in GeoTIFF; band index reported
scene_01_DT0000205230-Z0052,4,48,4194.0,,unavailable in GeoTIFF; band index reported
scene_01_DT0000205230-Z0052,4,49,4237.0,,unavailable in GeoTIFF; band index reported
scene_01_DT0000205230-Z0052,4,50,4270.0,,unavailable in GeoTIFF; band index reported
scene_01_DT0000205230-Z0052,4,51,4322.0,3726.9295512530684,unavailable in GeoTIFF; band index reported
scene_01_DT0000205230-Z0052,4,52,4362.0,,unavailable in GeoTIFF; band index reported
scene_01_DT0000205230-Z0052,4,53,4395.0,,unavailable in GeoTIFF; band index reported
scene_01_DT0000205230-Z0052,4,54,4420.0,,unavailable in GeoTIFF; band index reported
scene_01_DT0000205230-Z0052,4,55,4439.0,,unavailable in GeoTIFF; band index reported
scene_01_DT0000205230-Z0052,4,56,4509.0,,unavailable in GeoTIFF; band index reported
scene_01_DT0000205230-Z0052,4,57,4596.0,,unavailable in GeoTIFF; band index reported
scene_01_DT0000205230-Z0052,4,58,4568.0,4007.177645123073,unavailable in GeoTIFF; band index reported
scene_01_DT0000205230-Z0052,4,59,4586.0,,unavailable in GeoTIFF; band index reported
scene_01_DT0000205230-Z0052,4,60,4558.0,,unavailable in GeoTIFF; band index reported
scene_01_DT0000205230-Z0052,4,61,4596.0,,unavailable in GeoTIFF; band index reported
scene_01_DT0000205230-Z0052,4,62,4625.0,,unavailable in GeoTIFF; band index reported
scene_01_DT0000205230-Z0052,4,63,4678.0,,unavailable in GeoTIFF; band index reported
scene_01_DT0000205230-Z0052,4,64,4709.0,,unavailable in GeoTIFF; band index reported
scene_01_DT0000205230-Z0052,4,65,4727.0,4159.730422748184,unavailable in GeoTIFF; band index reported
scene_01_DT0000205230-Z0052,4,66,4710.0,,unavailable in GeoTIFF; band index reported
scene_01_DT0000205230-Z0052,4,67,4715.0,,unavailable in GeoTIFF; band index reported
scene_01_DT0000205230-Z0052,4,68,4734.0,,unavailable in GeoTIFF; band index reported
scene_01_DT0000205230-Z0052,4,69,4815.0,,unavailable in GeoTIFF; band index reported
scene_01_DT0000205230-Z0052,4,70,4832.0,,unavailable in GeoTIFF; band index reported
scene_01_DT0000205230-Z0052,4,71,4813.0,,unavailable in GeoTIFF; band index reported
scene_01_DT0000205230-Z0052,4,72,4761.0,4216.483716818321,unavailable in GeoTIFF; band index reported
scene_01_DT0000205230-Z0052,4,73,4777.0,,unavailable in GeoTIFF; band index reported
scene_01_DT0000205230-Z0052,4,74,4797.0,,unavailable in GeoTIFF; band index reported
scene_01_DT0000205230-Z0052,4,75,4830.0,,unavailable in GeoTIFF; band index reported
scene_01_DT0000205230-Z0052,4,76,4804.0,,unavailable in GeoTIFF; band index reported
scene_01_DT0000205230-Z0052,4,77,4839.0,,unavailable in GeoTIFF; band index reported
scene_01_DT0000205230-Z0052,4,78,4784.0,,unavailable in GeoTIFF; band index reported
scene_01_DT0000205230-Z0052,4,79,4855.0,,unavailable in GeoTIFF; band index reported
scene_01_DT0000205230-Z0052,4,80,4817.0,4232.014678740068,unavailable in GeoTIFF; band index reported
scene_01_DT0000205230-Z0052,4,81,4793.0,,unavailable in GeoTIFF; band index reported
scene_01_DT0000205230-Z0052,4,82,4787.0,,unavailable in GeoTIFF; band index reported
scene_01_DT0000205230-Z0052,4,83,4764.0,,unavailable in GeoTIFF; band index reported
scene_01_DT0000205230-Z0052,4,84,4688.0,,unavailable in GeoTIFF; band index reported
scene_01_DT0000205230-Z0052,4,85,4842.0,,unavailable in GeoTIFF; band index reported
scene_01_DT0000205230-Z0052,4,86,4726.0,,unavailable in GeoTIFF; band index reported
scene_01_DT0000205230-Z0052,4,87,4579.0,4099.515230214146,unavailable in GeoTIFF; band index reported
scene_01_DT0000205230-Z0052,4,88,5065.0,,unavailable in GeoTIFF; band index reported
scene_01_DT0000205230-Z0052,4,89,4961.0,,unavailable in GeoTIFF; band index reported
scene_01_DT0000205230-Z0052,4,90,5071.0,,unavailable in GeoTIFF; band index reported
scene_01_DT0000205230-Z0052,4,91,4877.0,,unavailable in GeoTIFF; band index reported
scene_01_DT0000205230-Z0052,4,92,5004.0,,unavailable in GeoTIFF; band index reported
scene_01_DT0000205230-Z0052,4,93,4830.0,,unavailable in GeoTIFF; band index reported
scene_01_DT0000205230-Z0052,4,94,4892.0,4259.310714130656,unavailable in GeoTIFF; band index reported
scene_01_DT0000205230-Z0052,4,95,4712.0,,unavailable in GeoTIFF; band index reported
scene_01_DT0000205230-Z0052,4,96,4932.0,,unavailable in GeoTIFF; band index reported
scene_01_DT0000205230-Z0052,4,97,4810.0,,unavailable in GeoTIFF; band index reported
scene_01_DT0000205230-Z0052,4,98,4953.0,,unavailable in GeoTIFF; band index reported
scene_01_DT0000205230-Z0052,4,99,4834.0,,unavailable in GeoTIFF; band index reported
scene_01_DT0000205230-Z0052,4,100,4954.0,,unavailable in GeoTIFF; band index reported
scene_01_DT0000205230-Z0052,4,101,4799.0,4276.150670826721,unavailable in GeoTIFF; band index reported
scene_01_DT0000205230-Z0052,4,102,4974.0,,unavailable in GeoTIFF; band index reported
scene_01_DT0000205230-Z0052,4,103,5001.0,,unavailable in GeoTIFF; band index reported
scene_01_DT0000205230-Z0052,4,104,5014.0,,unavailable in GeoTIFF; band index reported
scene_01_DT0000205230-Z0052,4,105,5029.0,,unavailable in GeoTIFF; band index reported
scene_01_DT0000205230-Z0052,4,106,5027.0,,unavailable in GeoTIFF; band index reported
scene_01_DT0000205230-Z0052,4,107,5044.0,,unavailable in GeoTIFF; band index reported
scene_01_DT0000205230-Z0052,4,108,5087.0,4540.5920961105885,unavailable in GeoTIFF; band index reported
scene_01_DT0000205230-Z0052,4,109,5098.0,,unavailable in GeoTIFF; band index reported
scene_01_DT0000205230-Z0052,4,110,5122.0,,unavailable in GeoTIFF; band index reported
scene_01_DT0000205230-Z0052,4,111,5107.0,,unavailable in GeoTIFF; band index reported
scene_01_DT0000205230-Z0052,4,112,4922.0,,unavailable in GeoTIFF; band index reported
scene_01_DT0000205230-Z0052,4,113,5308.0,,unavailable in GeoTIFF; band index reported
scene_01_DT0000205230-Z0052,4,114,5290.0,,unavailable in GeoTIFF; band index reported
scene_01_DT0000205230-Z0052,4,115,5208.0,,unavailable in GeoTIFF; band index reported
scene_01_DT0000205230-Z0052,4,116,5231.0,4718.103568199837,unavailable in GeoTIFF; band index reported
scene_01_DT0000205230-Z0052,4,117,5277.0,,unavailable in GeoTIFF; band index reported
scene_01_DT0000205230-Z0052,4,118,5353.0,,unavailable in GeoTIFF; band index reported
scene_01_DT0000205230-Z0052,4,119,5339.0,,unavailable in GeoTIFF; band index reported
scene_01_DT0000205230-Z0052,4,120,5364.0,,unavailable in GeoTIFF; band index reported
scene_01_DT0000205230-Z0052,4,121,5372.0,,unavailable in GeoTIFF; band index reported
scene_01_DT0000205230-Z0052,4,122,5395.0,,unavailable in GeoTIFF; band index reported
scene_01_DT0000205230-Z0052,4,123,5412.0,5005.2038251084705,unavailable in GeoTIFF; band index reported
scene_01_DT0000205230-Z0052,4,124,5411.0,,unavailable in GeoTIFF; band index reported
scene_01_DT0000205230-Z0052,4,125,5520.0,,unavailable in GeoTIFF; band index reported
scene_01_DT0000205230-Z0052,4,126,5466.0,,unavailable in GeoTIFF; band index reported
scene_01_DT0000205230-Z0052,4,127,5443.0,,unavailable in GeoTIFF; band index reported
scene_01_DT0000205230-Z0052,4,128,5476.0,,unavailable in GeoTIFF; band index reported
scene_01_DT0000205230-Z0052,4,129,5465.0,,unavailable in GeoTIFF; band index reported
scene_01_DT0000205230-Z0052,4,130,5448.0,5124.159687144271,unavailable in GeoTIFF; band index reported
scene_01_DT0000205230-Z0052,4,131,-32768.0,,unavailable in GeoTIFF; band index reported
scene_01_DT0000205230-Z0052,4,132,-32768.0,,unavailable in GeoTIFF; band index reported
scene_01_DT0000205230-Z0052,4,133,-32768.0,,unavailable in GeoTIFF; band index reported
scene_01_DT0000205230-Z0052,4,134,-32768.0,,unavailable in GeoTIFF; band index reported
scene_01_DT0000205230-Z0052,4,135,-32768.0,,unavailable in GeoTIFF; band index reported
scene_01_DT0000205230-Z0052,4,136,5448.0,,unavailable in GeoTIFF; band index reported
scene_01_DT0000205230-Z0052,4,137,5548.0,5245.826935621986,unavailable in GeoTIFF; band index reported
scene_01_DT0000205230-Z0052,4,138,5502.0,,unavailable in GeoTIFF; band index reported
scene_01_DT0000205230-Z0052,4,139,5507.0,,unavailable in GeoTIFF; band index reported
scene_01_DT0000205230-Z0052,4,140,5537.0,,unavailable in GeoTIFF; band index reported
scene_01_DT0000205230-Z0052,4,141,5570.0,,unavailable in GeoTIFF; band index reported
scene_01_DT0000205230-Z0052,4,142,5595.0,,unavailable in GeoTIFF; band index reported
scene_01_DT0000205230-Z0052,4,143,5602.0,,unavailable in GeoTIFF; band index reported
scene_01_DT0000205230-Z0052,4,144,5606.0,5222.882217712209,unavailable in GeoTIFF; band index reported
scene_01_DT0000205230-Z0052,4,145,5630.0,,unavailable in GeoTIFF; band index reported
scene_01_DT0000205230-Z0052,4,146,5609.0,,unavailable in GeoTIFF; band index reported
scene_01_DT0000205230-Z0052,4,147,5651.0,,unavailable in GeoTIFF; band index reported
scene_01_DT0000205230-Z0052,4,148,5651.0,,unavailable in GeoTIFF; band index reported
scene_01_DT0000205230-Z0052,4,149,5640.0,,unavailable in GeoTIFF; band index reported
scene_01_DT0000205230-Z0052,4,150,5686.0,,unavailable in GeoTIFF; band index reported
scene_01_DT0000205230-Z0052,4,151,5684.0,,unavailable in GeoTIFF; band index reported
scene_01_DT0000205230-Z0052,4,152,5659.0,5253.7238336902,unavailable in GeoTIFF; band index reported
scene_01_DT0000205230-Z0052,4,153,5637.0,,unavailable in GeoTIFF; band index reported
scene_01_DT0000205230-Z0052,4,154,5699.0,,unavailable in GeoTIFF; band index reported
scene_01_DT0000205230-Z0052,4,155,5682.0,,unavailable in GeoTIFF; band index reported
scene_01_DT0000205230-Z0052,4,156,5698.0,,unavailable in GeoTIFF; band index reported
scene_01_DT0000205230-Z0052,4,157,5694.0,,unavailable in GeoTIFF; band index reported
scene_01_DT0000205230-Z0052,4,158,5679.0,,unavailable in GeoTIFF; band index reported
scene_01_DT0000205230-Z0052,4,159,5680.0,5264.417496137013,unavailable in GeoTIFF; band index reported
scene_01_DT0000205230-Z0052,4,160,5702.0,,unavailable in GeoTIFF; band index reported
scene_01_DT0000205230-Z0052,4,161,5672.0,,unavailable in GeoTIFF; band index reported
scene_01_DT0000205230-Z0052,4,162,5678.0,,unavailable in GeoTIFF; band index reported
scene_01_DT0000205230-Z0052,4,163,5683.0,,unavailable in GeoTIFF; band index reported
scene_01_DT0000205230-Z0052,4,164,5617.0,,unavailable in GeoTIFF; band index reported
scene_01_DT0000205230-Z0052,4,165,5552.0,,unavailable in GeoTIFF; band index reported
scene_01_DT0000205230-Z0052,4,166,5406.0,5057.993610688144,unavailable in GeoTIFF; band index reported
scene_01_DT0000205230-Z0052,4,167,5093.0,,unavailable in GeoTIFF; band index reported
scene_01_DT0000205230-Z0052,4,168,5240.0,,unavailable in GeoTIFF; band index reported
scene_01_DT0000205230-Z0052,4,169,5357.0,,unavailable in GeoTIFF; band index reported
scene_01_DT0000205230-Z0052,4,170,4793.0,,unavailable in GeoTIFF; band index reported
scene_01_DT0000205230-Z0052,4,171,4412.0,,unavailable in GeoTIFF; band index reported
scene_01_DT0000205230-Z0052,4,172,4828.0,,unavailable in GeoTIFF; band index reported
scene_01_DT0000205230-Z0052,4,173,5381.0,4797.249264813836,unavailable in GeoTIFF; band index reported
scene_01_DT0000205230-Z0052,4,174,5489.0,,unavailable in GeoTIFF; band index reported
scene_01_DT0000205230-Z0052,4,175,5542.0,,unavailable in GeoTIFF; band index reported
scene_01_DT0000205230-Z0052,4,176,5260.0,,unavailable in GeoTIFF; band index reported
scene_01_DT0000205230-Z0052,4,177,5482.0,,unavailable in GeoTIFF; band index reported
scene_01_DT0000205230-Z0052,4,178,5516.0,,unavailable in GeoTIFF; band index reported
scene_01_DT0000205230-Z0052,4,179,5614.0,,unavailable in GeoTIFF; band index reported
scene_01_DT0000205230-Z0052,4,180,5560.0,5133.687412636362,unavailable in GeoTIFF; band index reported
scene_01_DT0000205230-Z0052,4,181,5570.0,,unavailable in GeoTIFF; band index reported
scene_01_DT0000205230-Z0052,4,182,5598.0,,unavailable in GeoTIFF; band index reported
scene_01_DT0000205230-Z0052,4,183,5584.0,,unavailable in GeoTIFF; band index reported
scene_01_DT0000205230-Z0052,4,184,5630.0,,unavailable in GeoTIFF; band index reported
scene_01_DT0000205230-Z0052,4,185,5626.0,,unavailable in GeoTIFF; band index reported
scene_01_DT0000205230-Z0052,4,186,5554.0,,unavailable in GeoTIFF; band index reported
scene_01_DT0000205230-Z0052,4,187,5507.0,,unavailable in GeoTIFF; band index reported
scene_01_DT0000205230-Z0052,4,188,5434.0,4977.3868299771475,unavailable in GeoTIFF; band index reported
scene_01_DT0000205230-Z0052,4,189,5365.0,,unavailable in GeoTIFF; band index reported
scene_01_DT0000205230-Z0052,4,190,5321.0,,unavailable in GeoTIFF; band index reported
scene_01_DT0000205230-Z0052,4,191,5266.0,,unavailable in GeoTIFF; band index reported
scene_01_DT0000205230-Z0052,4,192,5202.0,,unavailable in GeoTIFF; band index reported
scene_01_DT0000205230-Z0052,4,193,5063.0,,unavailable in GeoTIFF; band index reported
scene_01_DT0000205230-Z0052,4,194,5031.0,,unavailable in GeoTIFF; band index reported
scene_01_DT0000205230-Z0052,4,195,5169.0,4669.994273505627,unavailable in GeoTIFF; band index reported
scene_01_DT0000205230-Z0052,4,196,5204.0,,unavailable in GeoTIFF; band index reported
scene_01_DT0000205230-Z0052,4,197,5217.0,,unavailable in GeoTIFF; band index reported
scene_01_DT0000205230-Z0052,4,198,5166.0,,unavailable in GeoTIFF; band index reported
scene_01_DT0000205230-Z0052,4,199,5168.0,,unavailable in GeoTIFF; band index reported
scene_01_DT0000205230-Z0052,4,200,5187.0,,unavailable in GeoTIFF; band index reported
scene_01_DT0000205230-Z0052,4,201,5166.0,,unavailable in GeoTIFF; band index reported
scene_01_DT0000205230-Z0052,4,202,5201.0,4693.603468694764,unavailable in GeoTIFF; band index reported
scene_01_DT0000205230-Z0052,4,203,5122.0,,unavailable in GeoTIFF; band index reported
scene_01_DT0000205230-Z0052,4,204,5023.0,,unavailable in GeoTIFF; band index reported
scene_01_DT0000205230-Z0052,4,205,4986.0,,unavailable in GeoTIFF; band index reported
scene_01_DT0000205230-Z0052,4,206,5039.0,,unavailable in GeoTIFF; band index reported
scene_01_DT0000205230-Z0052,4,207,4849.0,,unavailable in GeoTIFF; band index reported
scene_01_DT0000205230-Z0052,4,208,4935.0,,unavailable in GeoTIFF; band index reported
scene_01_DT0000205230-Z0052,4,209,4897.0,4418.7326716944735,unavailable in GeoTIFF; band index reported
scene_01_DT0000205230-Z0052,4,210,4752.0,,unavailable in GeoTIFF; band index reported
scene_01_DT0000205230-Z0052,4,211,4710.0,,unavailable in GeoTIFF; band index reported
scene_01_DT0000205230-Z0052,4,212,4814.0,,unavailable in GeoTIFF; band index reported
scene_01_DT0000205230-Z0052,4,213,4798.0,,unavailable in GeoTIFF; band index reported
scene_01_DT0000205230-Z0052,4,214,4686.0,,unavailable in GeoTIFF; band index reported
scene_01_DT0000205230-Z0052,4,215,4679.0,,unavailable in GeoTIFF; band index reported
scene_01_DT0000205230-Z0052,4,216,4681.0,4194.452591104376,unavailable in GeoTIFF; band index reported
scene_01_DT0000205230-Z0052,4,217,4747.0,,unavailable in GeoTIFF; band index reported
scene_01_DT0000205230-Z0052,4,218,4661.0,,unavailable in GeoTIFF; band index reported
scene_01_DT0000205230-Z0052,4,219,4578.0,,unavailable in GeoTIFF; band index reported
scene_01_DT0000205230-Z0052,4,220,4366.0,,unavailable in GeoTIFF; band index reported
scene_01_DT0000205230-Z0052,4,221,4582.0,,unavailable in GeoTIFF; band index reported
scene_01_DT0000205230-Z0052,4,222,4427.0,,unavailable in GeoTIFF; band index reported
scene_01_DT0000205230-Z0052,4,223,4596.0,,unavailable in GeoTIFF; band index reported
scene_01_DT0000205230-Z0052,4,224,4198.0,3914.243214639081,unavailable in GeoTIFF; band index reported
scene_01_DT0000205230-Z0181,5,1,1462.0,917.0602603405777,unavailable in GeoTIFF; band index reported
scene_01_DT0000205230-Z0181,5,2,1473.0,,unavailable in GeoTIFF; band index reported
scene_01_DT0000205230-Z0181,5,3,1529.0,,unavailable in GeoTIFF; band index reported
scene_01_DT0000205230-Z0181,5,4,1623.0,,unavailable in GeoTIFF; band index reported
scene_01_DT0000205230-Z0181,5,5,1718.0,,unavailable in GeoTIFF; band index reported
scene_01_DT0000205230-Z0181,5,6,1728.0,,unavailable in GeoTIFF; band index reported
scene_01_DT0000205230-Z0181,5,7,1771.0,,unavailable in GeoTIFF; band index reported
scene_01_DT0000205230-Z0181,5,8,1849.0,1232.1687807391233,unavailable in GeoTIFF; band index reported
scene_01_DT0000205230-Z0181,5,9,1841.0,,unavailable in GeoTIFF; band index reported
scene_01_DT0000205230-Z0181,5,10,1890.0,,unavailable in GeoTIFF; band index reported
scene_01_DT0000205230-Z0181,5,11,1901.0,,unavailable in GeoTIFF; band index reported
scene_01_DT0000205230-Z0181,5,12,1928.0,,unavailable in GeoTIFF; band index reported
scene_01_DT0000205230-Z0181,5,13,1967.0,,unavailable in GeoTIFF; band index reported
scene_01_DT0000205230-Z0181,5,14,2020.0,,unavailable in GeoTIFF; band index reported
scene_01_DT0000205230-Z0181,5,15,2059.0,1425.9121730718762,unavailable in GeoTIFF; band index reported
scene_01_DT0000205230-Z0181,5,16,2110.0,,unavailable in GeoTIFF; band index reported
scene_01_DT0000205230-Z0181,5,17,2151.0,,unavailable in GeoTIFF; band index reported
scene_01_DT0000205230-Z0181,5,18,2230.0,,unavailable in GeoTIFF; band index reported
scene_01_DT0000205230-Z0181,5,19,2264.0,,unavailable in GeoTIFF; band index reported
scene_01_DT0000205230-Z0181,5,20,2343.0,,unavailable in GeoTIFF; band index reported
scene_01_DT0000205230-Z0181,5,21,2397.0,,unavailable in GeoTIFF; band index reported
scene_01_DT0000205230-Z0181,5,22,2469.0,1812.7965806589375,unavailable in GeoTIFF; band index reported
scene_01_DT0000205230-Z0181,5,23,2531.0,,unavailable in GeoTIFF; band index reported
scene_01_DT0000205230-Z0181,5,24,2582.0,,unavailable in GeoTIFF; band index reported
scene_01_DT0000205230-Z0181,5,25,2667.0,,unavailable in GeoTIFF; band index reported
scene_01_DT0000205230-Z0181,5,26,2775.0,,unavailable in GeoTIFF; band index reported
scene_01_DT0000205230-Z0181,5,27,2834.0,,unavailable in GeoTIFF; band index reported
scene_01_DT0000205230-Z0181,5,28,2928.0,,unavailable in GeoTIFF; band index reported
scene_01_DT0000205230-Z0181,5,29,3018.0,2378.0732384444686,unavailable in GeoTIFF; band index reported
scene_01_DT0000205230-Z0181,5,30,3119.0,,unavailable in GeoTIFF; band index reported
scene_01_DT0000205230-Z0181,5,31,3237.0,,unavailable in GeoTIFF; band index reported
scene_01_DT0000205230-Z0181,5,32,3332.0,,unavailable in GeoTIFF; band index reported
scene_01_DT0000205230-Z0181,5,33,3412.0,,unavailable in GeoTIFF; band index reported
scene_01_DT0000205230-Z0181,5,34,3512.0,,unavailable in GeoTIFF; band index reported
scene_01_DT0000205230-Z0181,5,35,3598.0,,unavailable in GeoTIFF; band index reported
scene_01_DT0000205230-Z0181,5,36,3661.0,3052.808919434462,unavailable in GeoTIFF; band index reported
scene_01_DT0000205230-Z0181,5,37,3751.0,,unavailable in GeoTIFF; band index reported
scene_01_DT0000205230-Z0181,5,38,3809.0,,unavailable in GeoTIFF; band index reported
scene_01_DT0000205230-Z0181,5,39,3861.0,,unavailable in GeoTIFF; band index reported
scene_01_DT0000205230-Z0181,5,40,3885.0,,unavailable in GeoTIFF; band index reported
scene_01_DT0000205230-Z0181,5,41,3942.0,,unavailable in GeoTIFF; band index reported
scene_01_DT0000205230-Z0181,5,42,3983.0,,unavailable in GeoTIFF; band index reported
scene_01_DT0000205230-Z0181,5,43,3999.0,,unavailable in GeoTIFF; band index reported
scene_01_DT0000205230-Z0181,5,44,4049.0,3452.7579941120193,unavailable in GeoTIFF; band index reported
scene_01_DT0000205230-Z0181,5,45,4093.0,,unavailable in GeoTIFF; band index reported
scene_01_DT0000205230-Z0181,5,46,4120.0,,unavailable in GeoTIFF; band index reported
scene_01_DT0000205230-Z0181,5,47,4137.0,,unavailable in GeoTIFF; band index reported
scene_01_DT0000205230-Z0181,5,48,4185.0,,unavailable in GeoTIFF; band index reported
scene_01_DT0000205230-Z0181,5,49,4212.0,,unavailable in GeoTIFF; band index reported
scene_01_DT0000205230-Z0181,5,50,4238.0,,unavailable in GeoTIFF; band index reported
scene_01_DT0000205230-Z0181,5,51,4329.0,3726.9295512530684,unavailable in GeoTIFF; band index reported
scene_01_DT0000205230-Z0181,5,52,4296.0,,unavailable in GeoTIFF; band index reported
scene_01_DT0000205230-Z0181,5,53,4348.0,,unavailable in GeoTIFF; band index reported
scene_01_DT0000205230-Z0181,5,54,4378.0,,unavailable in GeoTIFF; band index reported
scene_01_DT0000205230-Z0181,5,55,4406.0,,unavailable in GeoTIFF; band index reported
scene_01_DT0000205230-Z0181,5,56,4508.0,,unavailable in GeoTIFF; band index reported
scene_01_DT0000205230-Z0181,5,57,4546.0,,unavailable in GeoTIFF; band index reported
scene_01_DT0000205230-Z0181,5,58,4544.0,4007.177645123073,unavailable in GeoTIFF; band index reported
scene_01_DT0000205230-Z0181,5,59,4565.0,,unavailable in GeoTIFF; band index reported
scene_01_DT0000205230-Z0181,5,60,4531.0,,unavailable in GeoTIFF; band index reported
scene_01_DT0000205230-Z0181,5,61,4559.0,,unavailable in GeoTIFF; band index reported
scene_01_DT0000205230-Z0181,5,62,4574.0,,unavailable in GeoTIFF; band index reported
scene_01_DT0000205230-Z0181,5,63,4637.0,,unavailable in GeoTIFF; band index reported
scene_01_DT0000205230-Z0181,5,64,4683.0,,unavailable in GeoTIFF; band index reported
scene_01_DT0000205230-Z0181,5,65,4688.0,4159.730422748184,unavailable in GeoTIFF; band index reported
scene_01_DT0000205230-Z0181,5,66,4705.0,,unavailable in GeoTIFF; band index reported
scene_01_DT0000205230-Z0181,5,67,4683.0,,unavailable in GeoTIFF; band index reported
scene_01_DT0000205230-Z0181,5,68,4713.0,,unavailable in GeoTIFF; band index reported
scene_01_DT0000205230-Z0181,5,69,4783.0,,unavailable in GeoTIFF; band index reported
scene_01_DT0000205230-Z0181,5,70,4857.0,,unavailable in GeoTIFF; band index reported
scene_01_DT0000205230-Z0181,5,71,4757.0,,unavailable in GeoTIFF; band index reported
scene_01_DT0000205230-Z0181,5,72,4770.0,4216.483716818321,unavailable in GeoTIFF; band index reported
scene_01_DT0000205230-Z0181,5,73,4753.0,,unavailable in GeoTIFF; band index reported
scene_01_DT0000205230-Z0181,5,74,4771.0,,unavailable in GeoTIFF; band index reported
scene_01_DT0000205230-Z0181,5,75,4796.0,,unavailable in GeoTIFF; band index reported
scene_01_DT0000205230-Z0181,5,76,4838.0,,unavailable in GeoTIFF; band index reported
scene_01_DT0000205230-Z0181,5,77,4745.0,,unavailable in GeoTIFF; band index reported
scene_01_DT0000205230-Z0181,5,78,4827.0,,unavailable in GeoTIFF; band index reported
scene_01_DT0000205230-Z0181,5,79,4867.0,,unavailable in GeoTIFF; band index reported
scene_01_DT0000205230-Z0181,5,80,4775.0,4232.014678740068,unavailable in GeoTIFF; band index reported
scene_01_DT0000205230-Z0181,5,81,4811.0,,unavailable in GeoTIFF; band index reported
scene_01_DT0000205230-Z0181,5,82,4762.0,,unavailable in GeoTIFF; band index reported
scene_01_DT0000205230-Z0181,5,83,4782.0,,unavailable in GeoTIFF; band index reported
scene_01_DT0000205230-Z0181,5,84,4574.0,,unavailable in GeoTIFF; band index reported
scene_01_DT0000205230-Z0181,5,85,4824.0,,unavailable in GeoTIFF; band index reported
scene_01_DT0000205230-Z0181,5,86,4670.0,,unavailable in GeoTIFF; band index reported
scene_01_DT0000205230-Z0181,5,87,4587.0,4099.515230214146,unavailable in GeoTIFF; band index reported
scene_01_DT0000205230-Z0181,5,88,4941.0,,unavailable in GeoTIFF; band index reported
scene_01_DT0000205230-Z0181,5,89,4919.0,,unavailable in GeoTIFF; band index reported
scene_01_DT0000205230-Z0181,5,90,5086.0,,unavailable in GeoTIFF; band index reported
scene_01_DT0000205230-Z0181,5,91,4830.0,,unavailable in GeoTIFF; band index reported
scene_01_DT0000205230-Z0181,5,92,4912.0,,unavailable in GeoTIFF; band index reported
scene_01_DT0000205230-Z0181,5,93,4695.0,,unavailable in GeoTIFF; band index reported
scene_01_DT0000205230-Z0181,5,94,4829.0,4259.310714130656,unavailable in GeoTIFF; band index reported
scene_01_DT0000205230-Z0181,5,95,4772.0,,unavailable in GeoTIFF; band index reported
scene_01_DT0000205230-Z0181,5,96,4894.0,,unavailable in GeoTIFF; band index reported
scene_01_DT0000205230-Z0181,5,97,4775.0,,unavailable in GeoTIFF; band index reported
scene_01_DT0000205230-Z0181,5,98,4910.0,,unavailable in GeoTIFF; band index reported
scene_01_DT0000205230-Z0181,5,99,4763.0,,unavailable in GeoTIFF; band index reported
scene_01_DT0000205230-Z0181,5,100,4919.0,,unavailable in GeoTIFF; band index reported
scene_01_DT0000205230-Z0181,5,101,4821.0,4276.150670826721,unavailable in GeoTIFF; band index reported
scene_01_DT0000205230-Z0181,5,102,4940.0,,unavailable in GeoTIFF; band index reported
scene_01_DT0000205230-Z0181,5,103,4968.0,,unavailable in GeoTIFF; band index reported
scene_01_DT0000205230-Z0181,5,104,4992.0,,unavailable in GeoTIFF; band index reported
scene_01_DT0000205230-Z0181,5,105,4998.0,,unavailable in GeoTIFF; band index reported
scene_01_DT0000205230-Z0181,5,106,4994.0,,unavailable in GeoTIFF; band index reported
scene_01_DT0000205230-Z0181,5,107,5020.0,,unavailable in GeoTIFF; band index reported
scene_01_DT0000205230-Z0181,5,108,5060.0,4540.5920961105885,unavailable in GeoTIFF; band index reported
scene_01_DT0000205230-Z0181,5,109,5067.0,,unavailable in GeoTIFF; band index reported
scene_01_DT0000205230-Z0181,5,110,5096.0,,unavailable in GeoTIFF; band index reported
scene_01_DT0000205230-Z0181,5,111,5104.0,,unavailable in GeoTIFF; band index reported
scene_01_DT0000205230-Z0181,5,112,4948.0,,unavailable in GeoTIFF; band index reported
scene_01_DT0000205230-Z0181,5,113,5260.0,,unavailable in GeoTIFF; band index reported
scene_01_DT0000205230-Z0181,5,114,5245.0,,unavailable in GeoTIFF; band index reported
scene_01_DT0000205230-Z0181,5,115,5153.0,,unavailable in GeoTIFF; band index reported
scene_01_DT0000205230-Z0181,5,116,5188.0,4718.103568199837,unavailable in GeoTIFF; band index reported
scene_01_DT0000205230-Z0181,5,117,5246.0,,unavailable in GeoTIFF; band index reported
scene_01_DT0000205230-Z0181,5,118,5332.0,,unavailable in GeoTIFF; band index reported
scene_01_DT0000205230-Z0181,5,119,5330.0,,unavailable in GeoTIFF; band index reported
scene_01_DT0000205230-Z0181,5,120,5337.0,,unavailable in GeoTIFF; band index reported
scene_01_DT0000205230-Z0181,5,121,5365.0,,unavailable in GeoTIFF; band index reported
scene_01_DT0000205230-Z0181,5,122,5394.0,,unavailable in GeoTIFF; band index reported
scene_01_DT0000205230-Z0181,5,123,5405.0,5005.2038251084705,unavailable in GeoTIFF; band index reported
scene_01_DT0000205230-Z0181,5,124,5425.0,,unavailable in GeoTIFF; band index reported
scene_01_DT0000205230-Z0181,5,125,5507.0,,unavailable in GeoTIFF; band index reported
scene_01_DT0000205230-Z0181,5,126,5472.0,,unavailable in GeoTIFF; band index reported
scene_01_DT0000205230-Z0181,5,127,5462.0,,unavailable in GeoTIFF; band index reported
scene_01_DT0000205230-Z0181,5,128,5490.0,,unavailable in GeoTIFF; band index reported
scene_01_DT0000205230-Z0181,5,129,5507.0,,unavailable in GeoTIFF; band index reported
scene_01_DT0000205230-Z0181,5,130,5464.0,5124.159687144271,unavailable in GeoTIFF; band index reported
scene_01_DT0000205230-Z0181,5,131,-32768.0,,unavailable in GeoTIFF; band index reported
scene_01_DT0000205230-Z0181,5,132,-32768.0,,unavailable in GeoTIFF; band index reported
scene_01_DT0000205230-Z0181,5,133,-32768.0,,unavailable in GeoTIFF; band index reported
scene_01_DT0000205230-Z0181,5,134,-32768.0,,unavailable in GeoTIFF; band index reported
scene_01_DT0000205230-Z0181,5,135,-32768.0,,unavailable in GeoTIFF; band index reported
scene_01_DT0000205230-Z0181,5,136,5430.0,,unavailable in GeoTIFF; band index reported
scene_01_DT0000205230-Z0181,5,137,5603.0,5245.826935621986,unavailable in GeoTIFF; band index reported
scene_01_DT0000205230-Z0181,5,138,5556.0,,unavailable in GeoTIFF; band index reported
scene_01_DT0000205230-Z0181,5,139,5525.0,,unavailable in GeoTIFF; band index reported
scene_01_DT0000205230-Z0181,5,140,5578.0,,unavailable in GeoTIFF; band index reported
scene_01_DT0000205230-Z0181,5,141,5622.0,,unavailable in GeoTIFF; band index reported
scene_01_DT0000205230-Z0181,5,142,5661.0,,unavailable in GeoTIFF; band index reported
scene_01_DT0000205230-Z0181,5,143,5660.0,,unavailable in GeoTIFF; band index reported
scene_01_DT0000205230-Z0181,5,144,5684.0,5222.882217712209,unavailable in GeoTIFF; band index reported
scene_01_DT0000205230-Z0181,5,145,5702.0,,unavailable in GeoTIFF; band index reported
scene_01_DT0000205230-Z0181,5,146,5691.0,,unavailable in GeoTIFF; band index reported
scene_01_DT0000205230-Z0181,5,147,5714.0,,unavailable in GeoTIFF; band index reported
scene_01_DT0000205230-Z0181,5,148,5738.0,,unavailable in GeoTIFF; band index reported
scene_01_DT0000205230-Z0181,5,149,5721.0,,unavailable in GeoTIFF; band index reported
scene_01_DT0000205230-Z0181,5,150,5759.0,,unavailable in GeoTIFF; band index reported
scene_01_DT0000205230-Z0181,5,151,5771.0,,unavailable in GeoTIFF; band index reported
scene_01_DT0000205230-Z0181,5,152,5750.0,5253.7238336902,unavailable in GeoTIFF; band index reported
scene_01_DT0000205230-Z0181,5,153,5739.0,,unavailable in GeoTIFF; band index reported
scene_01_DT0000205230-Z0181,5,154,5777.0,,unavailable in GeoTIFF; band index reported
scene_01_DT0000205230-Z0181,5,155,5758.0,,unavailable in GeoTIFF; band index reported
scene_01_DT0000205230-Z0181,5,156,5764.0,,unavailable in GeoTIFF; band index reported
scene_01_DT0000205230-Z0181,5,157,5772.0,,unavailable in GeoTIFF; band index reported
scene_01_DT0000205230-Z0181,5,158,5782.0,,unavailable in GeoTIFF; band index reported
scene_01_DT0000205230-Z0181,5,159,5767.0,5264.417496137013,unavailable in GeoTIFF; band index reported
scene_01_DT0000205230-Z0181,5,160,5800.0,,unavailable in GeoTIFF; band index reported
scene_01_DT0000205230-Z0181,5,161,5770.0,,unavailable in GeoTIFF; band index reported
scene_01_DT0000205230-Z0181,5,162,5762.0,,unavailable in GeoTIFF; band index reported
scene_01_DT0000205230-Z0181,5,163,5787.0,,unavailable in GeoTIFF; band index reported
scene_01_DT0000205230-Z0181,5,164,5712.0,,unavailable in GeoTIFF; band index reported
scene_01_DT0000205230-Z0181,5,165,5665.0,,unavailable in GeoTIFF; band index reported
scene_01_DT0000205230-Z0181,5,166,5524.0,5057.993610688144,unavailable in GeoTIFF; band index reported
scene_01_DT0000205230-Z0181,5,167,5102.0,,unavailable in GeoTIFF; band index reported
scene_01_DT0000205230-Z0181,5,168,5307.0,,unavailable in GeoTIFF; band index reported
scene_01_DT0000205230-Z0181,5,169,5443.0,,unavailable in GeoTIFF; band index reported
scene_01_DT0000205230-Z0181,5,170,5024.0,,unavailable in GeoTIFF; band index reported
scene_01_DT0000205230-Z0181,5,171,4530.0,,unavailable in GeoTIFF; band index reported
scene_01_DT0000205230-Z0181,5,172,4812.0,,unavailable in GeoTIFF; band index reported
scene_01_DT0000205230-Z0181,5,173,5401.0,4797.249264813836,unavailable in GeoTIFF; band index reported
scene_01_DT0000205230-Z0181,5,174,5590.0,,unavailable in GeoTIFF; band index reported
scene_01_DT0000205230-Z0181,5,175,5652.0,,unavailable in GeoTIFF; band index reported
scene_01_DT0000205230-Z0181,5,176,5444.0,,unavailable in GeoTIFF; band index reported
scene_01_DT0000205230-Z0181,5,177,5595.0,,unavailable in GeoTIFF; band index reported
scene_01_DT0000205230-Z0181,5,178,5582.0,,unavailable in GeoTIFF; band index reported
scene_01_DT0000205230-Z0181,5,179,5718.0,,unavailable in GeoTIFF; band index reported
scene_01_DT0000205230-Z0181,5,180,5673.0,5133.687412636362,unavailable in GeoTIFF; band index reported
scene_01_DT0000205230-Z0181,5,181,5695.0,,unavailable in GeoTIFF; band index reported
scene_01_DT0000205230-Z0181,5,182,5699.0,,unavailable in GeoTIFF; band index reported
scene_01_DT0000205230-Z0181,5,183,5677.0,,unavailable in GeoTIFF; band index reported
scene_01_DT0000205230-Z0181,5,184,5705.0,,unavailable in GeoTIFF; band index reported
scene_01_DT0000205230-Z0181,5,185,5690.0,,unavailable in GeoTIFF; band index reported
scene_01_DT0000205230-Z0181,5,186,5648.0,,unavailable in GeoTIFF; band index reported
scene_01_DT0000205230-Z0181,5,187,5582.0,,unavailable in GeoTIFF; band index reported
scene_01_DT0000205230-Z0181,5,188,5524.0,4977.3868299771475,unavailable in GeoTIFF; band index reported
scene_01_DT0000205230-Z0181,5,189,5443.0,,unavailable in GeoTIFF; band index reported
scene_01_DT0000205230-Z0181,5,190,5418.0,,unavailable in GeoTIFF; band index reported
scene_01_DT0000205230-Z0181,5,191,5339.0,,unavailable in GeoTIFF; band index reported
scene_01_DT0000205230-Z0181,5,192,5251.0,,unavailable in GeoTIFF; band index reported
scene_01_DT0000205230-Z0181,5,193,5106.0,,unavailable in GeoTIFF; band index reported
scene_01_DT0000205230-Z0181,5,194,5091.0,,unavailable in GeoTIFF; band index reported
scene_01_DT0000205230-Z0181,5,195,5175.0,4669.994273505627,unavailable in GeoTIFF; band index reported
scene_01_DT0000205230-Z0181,5,196,5269.0,,unavailable in GeoTIFF; band index reported
scene_01_DT0000205230-Z0181,5,197,5245.0,,unavailable in GeoTIFF; band index reported
scene_01_DT0000205230-Z0181,5,198,5240.0,,unavailable in GeoTIFF; band index reported
scene_01_DT0000205230-Z0181,5,199,5195.0,,unavailable in GeoTIFF; band index reported
scene_01_DT0000205230-Z0181,5,200,5224.0,,unavailable in GeoTIFF; band index reported
scene_01_DT0000205230-Z0181,5,201,5213.0,,unavailable in GeoTIFF; band index reported
scene_01_DT0000205230-Z0181,5,202,5213.0,4693.603468694764,unavailable in GeoTIFF; band index reported
scene_01_DT0000205230-Z0181,5,203,5172.0,,unavailable in GeoTIFF; band index reported
scene_01_DT0000205230-Z0181,5,204,5044.0,,unavailable in GeoTIFF; band index reported
scene_01_DT0000205230-Z0181,5,205,4986.0,,unavailable in GeoTIFF; band index reported
scene_01_DT0000205230-Z0181,5,206,5022.0,,unavailable in GeoTIFF; band index reported
scene_01_DT0000205230-Z0181,5,207,4877.0,,unavailable in GeoTIFF; band index reported
scene_01_DT0000205230-Z0181,5,208,4905.0,,unavailable in GeoTIFF; band index reported
scene_01_DT0000205230-Z0181,5,209,4863.0,4418.7326716944735,unavailable in GeoTIFF; band index reported
scene_01_DT0000205230-Z0181,5,210,4735.0,,unavailable in GeoTIFF; band index reported
scene_01_DT0000205230-Z0181,5,211,4705.0,,unavailable in GeoTIFF; band index reported
scene_01_DT0000205230-Z0181,5,212,4776.0,,unavailable in GeoTIFF; band index reported
scene_01_DT0000205230-Z0181,5,213,4835.0,,unavailable in GeoTIFF; band index reported
scene_01_DT0000205230-Z0181,5,214,4730.0,,unavailable in GeoTIFF; band index reported
scene_01_DT0000205230-Z0181,5,215,4720.0,,unavailable in GeoTIFF; band index reported
scene_01_DT0000205230-Z0181,5,216,4619.0,4194.452591104376,unavailable in GeoTIFF; band index reported
scene_01_DT0000205230-Z0181,5,217,4642.0,,unavailable in GeoTIFF; band index reported
scene_01_DT0000205230-Z0181,5,218,4648.0,,unavailable in GeoTIFF; band index reported
scene_01_DT0000205230-Z0181,5,219,4578.0,,unavailable in GeoTIFF; band index reported
scene_01_DT0000205230-Z0181,5,220,4401.0,,unavailable in GeoTIFF; band index reported
scene_01_DT0000205230-Z0181,5,221,4497.0,,unavailable in GeoTIFF; band index reported
scene_01_DT0000205230-Z0181,5,222,4433.0,,unavailable in GeoTIFF; band index reported
scene_01_DT0000205230-Z0181,5,223,4519.0,,unavailable in GeoTIFF; band index reported
scene_01_DT0000205230-Z0181,5,224,4168.0,3914.243214639081,unavailable in GeoTIFF; band index reported
scene_01_DT0000205230-Z0159,6,1,915.8235473632812,917.0602603405777,unavailable in GeoTIFF; band index reported
scene_01_DT0000205230-Z0159,6,2,927.2058715820312,,unavailable in GeoTIFF; band index reported
scene_01_DT0000205230-Z0159,6,3,974.4117431640625,,unavailable in GeoTIFF; band index reported
scene_01_DT0000205230-Z0159,6,4,1018.2352905273438,,unavailable in GeoTIFF; band index reported
scene_01_DT0000205230-Z0159,6,5,1069.9117431640625,,unavailable in GeoTIFF; band index reported
scene_01_DT0000205230-Z0159,6,6,1092.38232421875,,unavailable in GeoTIFF; band index reported
scene_01_DT0000205230-Z0159,6,7,1142.2646484375,,unavailable in GeoTIFF; band index reported
scene_01_DT0000205230-Z0159,6,8,1159.823486328125,1232.1687807391233,unavailable in GeoTIFF; band index reported
scene_01_DT0000205230-Z0159,6,9,1176.4117431640625,,unavailable in GeoTIFF; band index reported
scene_01_DT0000205230-Z0159,6,10,1209.2353515625,,unavailable in GeoTIFF; band index reported
scene_01_DT0000205230-Z0159,6,11,1227.558837890625,,unavailable in GeoTIFF; band index reported
scene_01_DT0000205230-Z0159,6,12,1234.8529052734375,,unavailable in GeoTIFF; band index reported
scene_01_DT0000205230-Z0159,6,13,1260.9117431640625,,unavailable in GeoTIFF; band index reported
scene_01_DT0000205230-Z0159,6,14,1303.38232421875,,unavailable in GeoTIFF; band index reported
scene_01_DT0000205230-Z0159,6,15,1326.2353515625,1425.9121730718762,unavailable in GeoTIFF; band index reported
scene_01_DT0000205230-Z0159,6,16,1356.2646484375,,unavailable in GeoTIFF; band index reported
scene_01_DT0000205230-Z0159,6,17,1392.2059326171875,,unavailable in GeoTIFF; band index reported
scene_01_DT0000205230-Z0159,6,18,1431.61767578125,,unavailable in GeoTIFF; band index reported
scene_01_DT0000205230-Z0159,6,19,1470.2059326171875,,unavailable in GeoTIFF; band index reported
scene_01_DT0000205230-Z0159,6,20,1523.0,,unavailable in GeoTIFF; band index reported
scene_01_DT0000205230-Z0159,6,21,1582.11767578125,,unavailable in GeoTIFF; band index reported
scene_01_DT0000205230-Z0159,6,22,1623.4705810546875,1812.7965806589375,unavailable in GeoTIFF; band index reported
scene_01_DT0000205230-Z0159,6,23,1675.823486328125,,unavailable in GeoTIFF; band index reported
scene_01_DT0000205230-Z0159,6,24,1719.2940673828125,,unavailable in GeoTIFF; band index reported
scene_01_DT0000205230-Z0159,6,25,1786.0294189453125,,unavailable in GeoTIFF; band index reported
scene_01_DT0000205230-Z0159,6,26,1853.5294189453125,,unavailable in GeoTIFF; band index reported
scene_01_DT0000205230-Z0159,6,27,1912.4117431640625,,unavailable in GeoTIFF; band index reported
scene_01_DT0000205230-Z0159,6,28,1969.6470947265625,,unavailable in GeoTIFF; band index reported
scene_01_DT0000205230-Z0159,6,29,2040.7940673828125,2378.0732384444686,unavailable in GeoTIFF; band index reported
scene_01_DT0000205230-Z0159,6,30,2116.794189453125,,unavailable in GeoTIFF; band index reported
scene_01_DT0000205230-Z0159,6,31,2194.176513671875,,unavailable in GeoTIFF; band index reported
scene_01_DT0000205230-Z0159,6,32,2263.11767578125,,unavailable in GeoTIFF; band index reported
scene_01_DT0000205230-Z0159,6,33,2322.588134765625,,unavailable in GeoTIFF; band index reported
scene_01_DT0000205230-Z0159,6,34,2397.7353515625,,unavailable in GeoTIFF; band index reported
scene_01_DT0000205230-Z0159,6,35,2467.61767578125,,unavailable in GeoTIFF; band index reported
scene_01_DT0000205230-Z0159,6,36,2529.88232421875,3052.808919434462,unavailable in GeoTIFF; band index reported
scene_01_DT0000205230-Z0159,6,37,2585.205810546875,,unavailable in GeoTIFF; band index reported
scene_01_DT0000205230-Z0159,6,38,2639.676513671875,,unavailable in GeoTIFF; band index reported
scene_01_DT0000205230-Z0159,6,39,2679.441162109375,,unavailable in GeoTIFF; band index reported
scene_01_DT0000205230-Z0159,6,40,2705.2353515625,,unavailable in GeoTIFF; band index reported
scene_01_DT0000205230-Z0159,6,41,2755.14697265625,,unavailable in GeoTIFF; band index reported
scene_01_DT0000205230-Z0159,6,42,2787.529296875,,unavailable in GeoTIFF; band index reported
scene_01_DT0000205230-Z0159,6,43,2803.176513671875,,unavailable in GeoTIFF; band index reported
scene_01_DT0000205230-Z0159,6,44,2848.058837890625,3452.7579941120193,unavailable in GeoTIFF; band index reported
scene_01_DT0000205230-Z0159,6,45,2898.2646484375,,unavailable in GeoTIFF; band index reported
scene_01_DT0000205230-Z0159,6,46,2924.588134765625,,unavailable in GeoTIFF; band index reported
scene_01_DT0000205230-Z0159,6,47,2951.7646484375,,unavailable in GeoTIFF; band index reported
scene_01_DT0000205230-Z0159,6,48,2975.5,,unavailable in GeoTIFF; band index reported
scene_01_DT0000205230-Z0159,6,49,2992.794189453125,,unavailable in GeoTIFF; band index reported
scene_01_DT0000205230-Z0159,6,50,3001.176513671875,,unavailable in GeoTIFF; band index reported
scene_01_DT0000205230-Z0159,6,51,3071.88232421875,3726.9295512530684,unavailable in GeoTIFF; band index reported
scene_01_DT0000205230-Z0159,6,52,3088.88232421875,,unavailable in GeoTIFF; band index reported
scene_01_DT0000205230-Z0159,6,53,3126.64697265625,,unavailable in GeoTIFF; band index reported
scene_01_DT0000205230-Z0159,6,54,3121.0,,unavailable in GeoTIFF; band index reported
scene_01_DT0000205230-Z0159,6,55,3160.705810546875,,unavailable in GeoTIFF; band index reported
scene_01_DT0000205230-Z0159,6,56,3212.529296875,,unavailable in GeoTIFF; band index reported
scene_01_DT0000205230-Z0159,6,57,3281.676513671875,,unavailable in GeoTIFF; band index reported
scene_01_DT0000205230-Z0159,6,58,3284.705810546875,4007.177645123073,unavailable in GeoTIFF; band index reported
scene_01_DT0000205230-Z0159,6,59,3306.411865234375,,unavailable in GeoTIFF; band index reported
scene_01_DT0000205230-Z0159,6,60,3289.11767578125,,unavailable in GeoTIFF; band index reported
scene_01_DT0000205230-Z0159,6,61,3375.823486328125,,unavailable in GeoTIFF; band index reported
scene_01_DT0000205230-Z0159,6,62,3214.88232421875,,unavailable in GeoTIFF; band index reported
scene_01_DT0000205230-Z0159,6,63,3402.058837890625,,unavailable in GeoTIFF; band index reported
scene_01_DT0000205230-Z0159,6,64,3440.970703125,,unavailable in GeoTIFF; band index reported
scene_01_DT0000205230-Z0159,6,65,3453.411865234375,4159.730422748184,unavailable in GeoTIFF; band index reported
scene_01_DT0000205230-Z0159,6,66,3485.205810546875,,unavailable in GeoTIFF; band index reported
scene_01_DT0000205230-Z0159,6,67,3490.176513671875,,unavailable in GeoTIFF; band index reported
scene_01_DT0000205230-Z0159,6,68,3529.61767578125,,unavailable in GeoTIFF; band index reported
scene_01_DT0000205230-Z0159,6,69,3539.61767578125,,unavailable in GeoTIFF; band index reported
scene_01_DT0000205230-Z0159,6,70,3561.14697265625,,unavailable in GeoTIFF; band index reported
scene_01_DT0000205230-Z0159,6,71,3525.411865234375,,unavailable in GeoTIFF; band index reported
scene_01_DT0000205230-Z0159,6,72,3525.676513671875,4216.483716818321,unavailable in GeoTIFF; band index reported
scene_01_DT0000205230-Z0159,6,73,3504.7646484375,,unavailable in GeoTIFF; band index reported
scene_01_DT0000205230-Z0159,6,74,3536.14697265625,,unavailable in GeoTIFF; band index reported
scene_01_DT0000205230-Z0159,6,75,3535.11767578125,,unavailable in GeoTIFF; band index reported
scene_01_DT0000205230-Z0159,6,76,3501.558837890625,,unavailable in GeoTIFF; band index reported
scene_01_DT0000205230-Z0159,6,77,3554.294189453125,,unavailable in GeoTIFF; band index reported
scene_01_DT0000205230-Z0159,6,78,3455.911865234375,,unavailable in GeoTIFF; band index reported
scene_01_DT0000205230-Z0159,6,79,3517.11767578125,,unavailable in GeoTIFF; band index reported
scene_01_DT0000205230-Z0159,6,80,3520.029296875,4232.014678740068,unavailable in GeoTIFF; band index reported
scene_01_DT0000205230-Z0159,6,81,3483.0,,unavailable in GeoTIFF; band index reported
scene_01_DT0000205230-Z0159,6,82,3499.88232421875,,unavailable in GeoTIFF; band index reported
scene_01_DT0000205230-Z0159,6,83,3456.823486328125,,unavailable in GeoTIFF; band index reported
scene_01_DT0000205230-Z0159,6,84,3317.470703125,,unavailable in GeoTIFF; band index reported
scene_01_DT0000205230-Z0159,6,85,3541.088134765625,,unavailable in GeoTIFF; band index reported
scene_01_DT0000205230-Z0159,6,86,3486.058837890625,,unavailable in GeoTIFF; band index reported
scene_01_DT0000205230-Z0159,6,87,3373.176513671875,4099.515230214146,unavailable in GeoTIFF; band index reported
scene_01_DT0000205230-Z0159,6,88,3638.0,,unavailable in GeoTIFF; band index reported
scene_01_DT0000205230-Z0159,6,89,3589.205810546875,,unavailable in GeoTIFF; band index reported
scene_01_DT0000205230-Z0159,6,90,3657.441162109375,,unavailable in GeoTIFF; band index reported
scene_01_DT0000205230-Z0159,6,91,3513.88232421875,,unavailable in GeoTIFF; band index reported
scene_01_DT0000205230-Z0159,6,92,3520.970703125,,unavailable in GeoTIFF; band index reported
scene_01_DT0000205230-Z0159,6,93,3460.676513671875,,unavailable in GeoTIFF; band index reported
scene_01_DT0000205230-Z0159,6,94,3498.11767578125,4259.310714130656,unavailable in GeoTIFF; band index reported
scene_01_DT0000205230-Z0159,6,95,3473.470703125,,unavailable in GeoTIFF; band index reported
scene_01_DT0000205230-Z0159,6,96,3566.61767578125,,unavailable in GeoTIFF; band index reported
scene_01_DT0000205230-Z0159,6,97,3492.676513671875,,unavailable in GeoTIFF; band index reported
scene_01_DT0000205230-Z0159,6,98,3567.588134765625,,unavailable in GeoTIFF; band index reported
scene_01_DT0000205230-Z0159,6,99,3539.0,,unavailable in GeoTIFF; band index reported
scene_01_DT0000205230-Z0159,6,100,3577.2353515625,,unavailable in GeoTIFF; band index reported
scene_01_DT0000205230-Z0159,6,101,3513.441162109375,4276.150670826721,unavailable in GeoTIFF; band index reported
scene_01_DT0000205230-Z0159,6,102,3580.411865234375,,unavailable in GeoTIFF; band index reported
scene_01_DT0000205230-Z0159,6,103,3587.2646484375,,unavailable in GeoTIFF; band index reported
scene_01_DT0000205230-Z0159,6,104,3585.029296875,,unavailable in GeoTIFF; band index reported
scene_01_DT0000205230-Z0159,6,105,3578.676513671875,,unavailable in GeoTIFF; band index reported
scene_01_DT0000205230-Z0159,6,106,3568.941162109375,,unavailable in GeoTIFF; band index reported
scene_01_DT0000205230-Z0159,6,107,3565.61767578125,,unavailable in GeoTIFF; band index reported
scene_01_DT0000205230-Z0159,6,108,3571.85302734375,4540.5920961105885,unavailable in GeoTIFF; band index reported
scene_01_DT0000205230-Z0159,6,109,3560.911865234375,,unavailable in GeoTIFF; band index reported
scene_01_DT0000205230-Z0159,6,110,3567.0,,unavailable in GeoTIFF; band index reported
scene_01_DT0000205230-Z0159,6,111,3557.7353515625,,unavailable in GeoTIFF; band index reported
scene_01_DT0000205230-Z0159,6,112,3454.470703125,,unavailable in GeoTIFF; band index reported
scene_01_DT0000205230-Z0159,6,113,3591.2353515625,,unavailable in GeoTIFF; band index reported
scene_01_DT0000205230-Z0159,6,114,3582.705810546875,,unavailable in GeoTIFF; band index reported
scene_01_DT0000205230-Z0159,6,115,3443.14697265625,,unavailable in GeoTIFF; band index reported
scene_01_DT0000205230-Z0159,6,116,3484.85302734375,4718.103568199837,unavailable in GeoTIFF; band index reported
scene_01_DT0000205230-Z0159,6,117,3540.205810546875,,unavailable in GeoTIFF; band index reported
scene_01_DT0000205230-Z0159,6,118,3576.794189453125,,unavailable in GeoTIFF; band index reported
scene_01_DT0000205230-Z0159,6,119,3575.14697265625,,unavailable in GeoTIFF; band index reported
scene_01_DT0000205230-Z0159,6,120,3560.029296875,,unavailable in GeoTIFF; band index reported
scene_01_DT0000205230-Z0159,6,121,3576.470703125,,unavailable in GeoTIFF; band index reported
scene_01_DT0000205230-Z0159,6,122,3586.411865234375,,unavailable in GeoTIFF; band index reported
scene_01_DT0000205230-Z0159,6,123,3593.2353515625,5005.2038251084705,unavailable in GeoTIFF; band index reported
scene_01_DT0000205230-Z0159,6,124,3620.323486328125,,unavailable in GeoTIFF; band index reported
scene_01_DT0000205230-Z0159,6,125,3644.205810546875,,unavailable in GeoTIFF; band index reported
scene_01_DT0000205230-Z0159,6,126,3630.470703125,,unavailable in GeoTIFF; band index reported
scene_01_DT0000205230-Z0159,6,127,3635.0,,unavailable in GeoTIFF; band index reported
scene_01_DT0000205230-Z0159,6,128,3648.38232421875,,unavailable in GeoTIFF; band index reported
scene_01_DT0000205230-Z0159,6,129,3646.029296875,,unavailable in GeoTIFF; band index reported
scene_01_DT0000205230-Z0159,6,130,3644.911865234375,5124.159687144271,unavailable in GeoTIFF; band index reported
scene_01_DT0000205230-Z0159,6,131,-32768.0,,unavailable in GeoTIFF; band index reported
scene_01_DT0000205230-Z0159,6,132,-32768.0,,unavailable in GeoTIFF; band index reported
scene_01_DT0000205230-Z0159,6,133,-32768.0,,unavailable in GeoTIFF; band index reported
scene_01_DT0000205230-Z0159,6,134,-32768.0,,unavailable in GeoTIFF; band index reported
scene_01_DT0000205230-Z0159,6,135,-32768.0,,unavailable in GeoTIFF; band index reported
scene_01_DT0000205230-Z0159,6,136,3660.2353515625,,unavailable in GeoTIFF; band index reported
scene_01_DT0000205230-Z0159,6,137,3827.676513671875,5245.826935621986,unavailable in GeoTIFF; band index reported
scene_01_DT0000205230-Z0159,6,138,3718.323486328125,,unavailable in GeoTIFF; band index reported
scene_01_DT0000205230-Z0159,6,139,3705.61767578125,,unavailable in GeoTIFF; band index reported
scene_01_DT0000205230-Z0159,6,140,3771.411865234375,,unavailable in GeoTIFF; band index reported
scene_01_DT0000205230-Z0159,6,141,3837.529296875,,unavailable in GeoTIFF; band index reported
scene_01_DT0000205230-Z0159,6,142,3869.176513671875,,unavailable in GeoTIFF; band index reported
scene_01_DT0000205230-Z0159,6,143,3870.14697265625,,unavailable in GeoTIFF; band index reported
scene_01_DT0000205230-Z0159,6,144,3881.941162109375,5222.882217712209,unavailable in GeoTIFF; band index reported
scene_01_DT0000205230-Z0159,6,145,3893.794189453125,,unavailable in GeoTIFF; band index reported
scene_01_DT0000205230-Z0159,6,146,3893.176513671875,,unavailable in GeoTIFF; band index reported
scene_01_DT0000205230-Z0159,6,147,3897.2646484375,,unavailable in GeoTIFF; band index reported
scene_01_DT0000205230-Z0159,6,148,3897.85302734375,,unavailable in GeoTIFF; band index reported
scene_01_DT0000205230-Z0159,6,149,3900.38232421875,,unavailable in GeoTIFF; band index reported
scene_01_DT0000205230-Z0159,6,150,3906.294189453125,,unavailable in GeoTIFF; band index reported
scene_01_DT0000205230-Z0159,6,151,3902.676513671875,,unavailable in GeoTIFF; band index reported
scene_01_DT0000205230-Z0159,6,152,3904.441162109375,5253.7238336902,unavailable in GeoTIFF; band index reported
scene_01_DT0000205230-Z0159,6,153,3898.38232421875,,unavailable in GeoTIFF; band index reported
scene_01_DT0000205230-Z0159,6,154,3921.588134765625,,unavailable in GeoTIFF; band index reported
scene_01_DT0000205230-Z0159,6,155,3901.676513671875,,unavailable in GeoTIFF; band index reported
scene_01_DT0000205230-Z0159,6,156,3911.7353515625,,unavailable in GeoTIFF; band index reported
scene_01_DT0000205230-Z0159,6,157,3901.441162109375,,unavailable in GeoTIFF; band index reported
scene_01_DT0000205230-Z0159,6,158,3907.88232421875,,unavailable in GeoTIFF; band index reported
scene_01_DT0000205230-Z0159,6,159,3906.470703125,5264.417496137013,unavailable in GeoTIFF; band index reported
scene_01_DT0000205230-Z0159,6,160,3921.970703125,,unavailable in GeoTIFF; band index reported
scene_01_DT0000205230-Z0159,6,161,3904.64697265625,,unavailable in GeoTIFF; band index reported
scene_01_DT0000205230-Z0159,6,162,3895.11767578125,,unavailable in GeoTIFF; band index reported
scene_01_DT0000205230-Z0159,6,163,3908.088134765625,,unavailable in GeoTIFF; band index reported
scene_01_DT0000205230-Z0159,6,164,3887.941162109375,,unavailable in GeoTIFF; band index reported
scene_01_DT0000205230-Z0159,6,165,3865.35302734375,,unavailable in GeoTIFF; band index reported
scene_01_DT0000205230-Z0159,6,166,3766.7646484375,5057.993610688144,unavailable in GeoTIFF; band index reported
scene_01_DT0000205230-Z0159,6,167,3436.911865234375,,unavailable in GeoTIFF; band index reported
scene_01_DT0000205230-Z0159,6,168,3626.323486328125,,unavailable in GeoTIFF; band index reported
scene_01_DT0000205230-Z0159,6,169,3779.441162109375,,unavailable in GeoTIFF; band index reported
scene_01_DT0000205230-Z0159,6,170,3637.588134765625,,unavailable in GeoTIFF; band index reported
scene_01_DT0000205230-Z0159,6,171,3088.2646484375,,unavailable in GeoTIFF; band index reported
scene_01_DT0000205230-Z0159,6,172,3249.85302734375,,unavailable in GeoTIFF; band index reported
scene_01_DT0000205230-Z0159,6,173,3571.529296875,4797.249264813836,unavailable in GeoTIFF; band index reported
scene_01_DT0000205230-Z0159,6,174,3815.14697265625,,unavailable in GeoTIFF; band index reported
scene_01_DT0000205230-Z0159,6,175,3912.529296875,,unavailable in GeoTIFF; band index reported
scene_01_DT0000205230-Z0159,6,176,3795.2353515625,,unavailable in GeoTIFF; band index reported
scene_01_DT0000205230-Z0159,6,177,3812.441162109375,,unavailable in GeoTIFF; band index reported
scene_01_DT0000205230-Z0159,6,178,3794.5,,unavailable in GeoTIFF; band index reported
scene_01_DT0000205230-Z0159,6,179,3890.85302734375,,unavailable in GeoTIFF; band index reported
scene_01_DT0000205230-Z0159,6,180,3873.88232421875,5133.687412636362,unavailable in GeoTIFF; band index reported
scene_01_DT0000205230-Z0159,6,181,3892.088134765625,,unavailable in GeoTIFF; band index reported
scene_01_DT0000205230-Z0159,6,182,3900.35302734375,,unavailable in GeoTIFF; band index reported
scene_01_DT0000205230-Z0159,6,183,3909.85302734375,,unavailable in GeoTIFF; band index reported
scene_01_DT0000205230-Z0159,6,184,3894.294189453125,,unavailable in GeoTIFF; band index reported
scene_01_DT0000205230-Z0159,6,185,3900.38232421875,,unavailable in GeoTIFF; band index reported
scene_01_DT0000205230-Z0159,6,186,3887.61767578125,,unavailable in GeoTIFF; band index reported
scene_01_DT0000205230-Z0159,6,187,3854.058837890625,,unavailable in GeoTIFF; band index reported
scene_01_DT0000205230-Z0159,6,188,3813.85302734375,4977.3868299771475,unavailable in GeoTIFF; band index reported
scene_01_DT0000205230-Z0159,6,189,3760.970703125,,unavailable in GeoTIFF; band index reported
scene_01_DT0000205230-Z0159,6,190,3743.088134765625,,unavailable in GeoTIFF; band index reported
scene_01_DT0000205230-Z0159,6,191,3708.823486328125,,unavailable in GeoTIFF; band index reported
scene_01_DT0000205230-Z0159,6,192,3676.941162109375,,unavailable in GeoTIFF; band index reported
scene_01_DT0000205230-Z0159,6,193,3595.470703125,,unavailable in GeoTIFF; band index reported
scene_01_DT0000205230-Z0159,6,194,3560.058837890625,,unavailable in GeoTIFF; band index reported
scene_01_DT0000205230-Z0159,6,195,3605.14697265625,4669.994273505627,unavailable in GeoTIFF; band index reported
scene_01_DT0000205230-Z0159,6,196,3633.7353515625,,unavailable in GeoTIFF; band index reported
scene_01_DT0000205230-Z0159,6,197,3626.176513671875,,unavailable in GeoTIFF; band index reported
scene_01_DT0000205230-Z0159,6,198,3569.823486328125,,unavailable in GeoTIFF; band index reported
scene_01_DT0000205230-Z0159,6,199,3535.323486328125,,unavailable in GeoTIFF; band index reported
scene_01_DT0000205230-Z0159,6,200,3540.911865234375,,unavailable in GeoTIFF; band index reported
scene_01_DT0000205230-Z0159,6,201,3534.823486328125,,unavailable in GeoTIFF; band index reported
scene_01_DT0000205230-Z0159,6,202,3526.14697265625,4693.603468694764,unavailable in GeoTIFF; band index reported
scene_01_DT0000205230-Z0159,6,203,3515.323486328125,,unavailable in GeoTIFF; band index reported
scene_01_DT0000205230-Z0159,6,204,3442.5,,unavailable in GeoTIFF; band index reported
scene_01_DT0000205230-Z0159,6,205,3388.176513671875,,unavailable in GeoTIFF; band index reported
scene_01_DT0000205230-Z0159,6,206,3375.058837890625,,unavailable in GeoTIFF; band index reported
scene_01_DT0000205230-Z0159,6,207,3356.911865234375,,unavailable in GeoTIFF; band index reported
scene_01_DT0000205230-Z0159,6,208,3283.38232421875,,unavailable in GeoTIFF; band index reported
scene_01_DT0000205230-Z0159,6,209,3305.911865234375,4418.7326716944735,unavailable in GeoTIFF; band index reported
scene_01_DT0000205230-Z0159,6,210,3257.970703125,,unavailable in GeoTIFF; band index reported
scene_01_DT0000205230-Z0159,6,211,3219.411865234375,,unavailable in GeoTIFF; band index reported
scene_01_DT0000205230-Z0159,6,212,3226.823486328125,,unavailable in GeoTIFF; band index reported
scene_01_DT0000205230-Z0159,6,213,3300.35302734375,,unavailable in GeoTIFF; band index reported
scene_01_DT0000205230-Z0159,6,214,3267.7353515625,,unavailable in GeoTIFF; band index reported
scene_01_DT0000205230-Z0159,6,215,3260.088134765625,,unavailable in GeoTIFF; band index reported
scene_01_DT0000205230-Z0159,6,216,3215.38232421875,4194.452591104376,unavailable in GeoTIFF; band index reported
scene_01_DT0000205230-Z0159,6,217,3243.029296875,,unavailable in GeoTIFF; band index reported
scene_01_DT0000205230-Z0159,6,218,3248.35302734375,,unavailable in GeoTIFF; band index reported
scene_01_DT0000205230-Z0159,6,219,3183.61767578125,,unavailable in GeoTIFF; band index reported
scene_01_DT0000205230-Z0159,6,220,3110.294189453125,,unavailable in GeoTIFF; band index reported
scene_01_DT0000205230-Z0159,6,221,3131.2353515625,,unavailable in GeoTIFF; band index reported
scene_01_DT0000205230-Z0159,6,222,3220.2353515625,,unavailable in GeoTIFF; band index reported
scene_01_DT0000205230-Z0159,6,223,3130.970703125,,unavailable in GeoTIFF; band index reported
scene_01_DT0000205230-Z0159,6,224,3138.7353515625,3914.243214639081,unavailable in GeoTIFF; band index reported
scene_01_DT0000205230-Z0083,7,1,935.25,917.0602603405777,unavailable in GeoTIFF; band index reported
scene_01_DT0000205230-Z0083,7,2,943.2604370117188,,unavailable in GeoTIFF; band index reported
scene_01_DT0000205230-Z0083,7,3,990.0208129882812,,unavailable in GeoTIFF; band index reported
scene_01_DT0000205230-Z0083,7,4,1036.28125,,unavailable in GeoTIFF; band index reported
scene_01_DT0000205230-Z0083,7,5,1089.3072509765625,,unavailable in GeoTIFF; band index reported
scene_01_DT0000205230-Z0083,7,6,1122.6978759765625,,unavailable in GeoTIFF; band index reported
scene_01_DT0000205230-Z0083,7,7,1153.0833740234375,,unavailable in GeoTIFF; band index reported
scene_01_DT0000205230-Z0083,7,8,1179.34375,1232.1687807391233,unavailable in GeoTIFF; band index reported
scene_01_DT0000205230-Z0083,7,9,1192.0885009765625,,unavailable in GeoTIFF; band index reported
scene_01_DT0000205230-Z0083,7,10,1222.1875,,unavailable in GeoTIFF; band index reported
scene_01_DT0000205230-Z0083,7,11,1237.0885009765625,,unavailable in GeoTIFF; band index reported
scene_01_DT0000205230-Z0083,7,12,1249.3021240234375,,unavailable in GeoTIFF; band index reported
scene_01_DT0000205230-Z0083,7,13,1269.0,,unavailable in GeoTIFF; band index reported
scene_01_DT0000205230-Z0083,7,14,1304.1978759765625,,unavailable in GeoTIFF; band index reported
scene_01_DT0000205230-Z0083,7,15,1338.6666259765625,1425.9121730718762,unavailable in GeoTIFF; band index reported
scene_01_DT0000205230-Z0083,7,16,1367.2239990234375,,unavailable in GeoTIFF; band index reported
scene_01_DT0000205230-Z0083,7,17,1402.71875,,unavailable in GeoTIFF; band index reported
scene_01_DT0000205230-Z0083,7,18,1445.5572509765625,,unavailable in GeoTIFF; band index reported
scene_01_DT0000205230-Z0083,7,19,1479.0989990234375,,unavailable in GeoTIFF; band index reported
scene_01_DT0000205230-Z0083,7,20,1534.7864990234375,,unavailable in GeoTIFF; band index reported
scene_01_DT0000205230-Z0083,7,21,1584.6458740234375,,unavailable in GeoTIFF; band index reported
scene_01_DT0000205230-Z0083,7,22,1626.2603759765625,1812.7965806589375,unavailable in GeoTIFF; band index reported
scene_01_DT0000205230-Z0083,7,23,1668.484375,,unavailable in GeoTIFF; band index reported
scene_01_DT0000205230-Z0083,7,24,1722.859375,,unavailable in GeoTIFF; band index reported
scene_01_DT0000205230-Z0083,7,25,1782.6978759765625,,unavailable in GeoTIFF; band index reported
scene_01_DT0000205230-Z0083,7,26,1845.96875,,unavailable in GeoTIFF; band index reported
scene_01_DT0000205230-Z0083,7,27,1900.1353759765625,,unavailable in GeoTIFF; band index reported
scene_01_DT0000205230-Z0083,7,28,1960.390625,,unavailable in GeoTIFF; band index reported
scene_01_DT0000205230-Z0083,7,29,2028.578125,2378.0732384444686,unavailable in GeoTIFF; band index reported
scene_01_DT0000205230-Z0083,7,30,2095.619873046875,,unavailable in GeoTIFF; band index reported
scene_01_DT0000205230-Z0083,7,31,2173.40625,,unavailable in GeoTIFF; band index reported
scene_01_DT0000205230-Z0083,7,32,2239.916748046875,,unavailable in GeoTIFF; band index reported
scene_01_DT0000205230-Z0083,7,33,2296.135498046875,,unavailable in GeoTIFF; band index reported
scene_01_DT0000205230-Z0083,7,34,2365.072998046875,,unavailable in GeoTIFF; band index reported
scene_01_DT0000205230-Z0083,7,35,2428.359375,,unavailable in GeoTIFF; band index reported
scene_01_DT0000205230-Z0083,7,36,2482.354248046875,3052.808919434462,unavailable in GeoTIFF; band index reported
scene_01_DT0000205230-Z0083,7,37,2539.328125,,unavailable in GeoTIFF; band index reported
scene_01_DT0000205230-Z0083,7,38,2585.072998046875,,unavailable in GeoTIFF; band index reported
scene_01_DT0000205230-Z0083,7,39,2620.776123046875,,unavailable in GeoTIFF; band index reported
scene_01_DT0000205230-Z0083,7,40,2647.552001953125,,unavailable in GeoTIFF; band index reported
scene_01_DT0000205230-Z0083,7,41,2692.588623046875,,unavailable in GeoTIFF; band index reported
scene_01_DT0000205230-Z0083,7,42,2723.15625,,unavailable in GeoTIFF; band index reported
scene_01_DT0000205230-Z0083,7,43,2731.640625,,unavailable in GeoTIFF; band index reported
scene_01_DT0000205230-Z0083,7,44,2776.109375,3452.7579941120193,unavailable in GeoTIFF; band index reported
scene_01_DT0000205230-Z0083,7,45,2821.708251953125,,unavailable in GeoTIFF; band index reported
scene_01_DT0000205230-Z0083,7,46,2850.114501953125,,unavailable in GeoTIFF; band index reported
scene_01_DT0000205230-Z0083,7,47,2876.953125,,unavailable in GeoTIFF; band index reported
scene_01_DT0000205230-Z0083,7,48,2900.213623046875,,unavailable in GeoTIFF; band index reported
scene_01_DT0000205230-Z0083,7,49,2909.354248046875,,unavailable in GeoTIFF; band index reported
scene_01_DT0000205230-Z0083,7,50,2922.84375,,unavailable in GeoTIFF; band index reported
scene_01_DT0000205230-Z0083,7,51,2993.40625,3726.9295512530684,unavailable in GeoTIFF; band index reported
scene_01_DT0000205230-Z0083,7,52,3005.427001953125,,unavailable in GeoTIFF; band index reported
scene_01_DT0000205230-Z0083,7,53,3037.125,,unavailable in GeoTIFF; band index reported
scene_01_DT0000205230-Z0083,7,54,3032.864501953125,,unavailable in GeoTIFF; band index reported
scene_01_DT0000205230-Z0083,7,55,3068.098876953125,,unavailable in GeoTIFF; band index reported
scene_01_DT0000205230-Z0083,7,56,3122.75,,unavailable in GeoTIFF; band index reported
scene_01_DT0000205230-Z0083,7,57,3182.078125,,unavailable in GeoTIFF; band index reported
scene_01_DT0000205230-Z0083,7,58,3180.588623046875,4007.177645123073,unavailable in GeoTIFF; band index reported
scene_01_DT0000205230-Z0083,7,59,3201.119873046875,,unavailable in GeoTIFF; band index reported
scene_01_DT0000205230-Z0083,7,60,3182.270751953125,,unavailable in GeoTIFF; band index reported
scene_01_DT0000205230-Z0083,7,61,3271.692626953125,,unavailable in GeoTIFF; band index reported
scene_01_DT0000205230-Z0083,7,62,3095.1875,,unavailable in GeoTIFF; band index reported
scene_01_DT0000205230-Z0083,7,63,3293.364501953125,,unavailable in GeoTIFF; band index reported
scene_01_DT0000205230-Z0083,7,64,3332.369873046875,,unavailable in GeoTIFF; band index reported
scene_01_DT0000205230-Z0083,7,65,3341.729248046875,4159.730422748184,unavailable in GeoTIFF; band index reported
scene_01_DT0000205230-Z0083,7,66,3367.744873046875,,unavailable in GeoTIFF; band index reported
scene_01_DT0000205230-Z0083,7,67,3367.953125,,unavailable in GeoTIFF; band index reported
scene_01_DT0000205230-Z0083,7,68,3405.989501953125,,unavailable in GeoTIFF; band index reported
scene_01_DT0000205230-Z0083,7,69,3420.583251953125,,unavailable in GeoTIFF; band index reported
scene_01_DT0000205230-Z0083,7,70,3441.359375,,unavailable in GeoTIFF; band index reported
scene_01_DT0000205230-Z0083,7,71,3400.255126953125,,unavailable in GeoTIFF; band index reported
scene_01_DT0000205230-Z0083,7,72,3412.932373046875,4216.483716818321,unavailable in GeoTIFF; band index reported
scene_01_DT0000205230-Z0083,7,73,3396.421875,,unavailable in GeoTIFF; band index reported
scene_01_DT0000205230-Z0083,7,74,3420.135498046875,,unavailable in GeoTIFF; band index reported
scene_01_DT0000205230-Z0083,7,75,3411.802001953125,,unavailable in GeoTIFF; band index reported
scene_01_DT0000205230-Z0083,7,76,3383.0,,unavailable in GeoTIFF; band index reported
scene_01_DT0000205230-Z0083,7,77,3428.609375,,unavailable in GeoTIFF; band index reported
scene_01_DT0000205230-Z0083,7,78,3347.848876953125,,unavailable in GeoTIFF; band index reported
scene_01_DT0000205230-Z0083,7,79,3413.369873046875,,unavailable in GeoTIFF; band index reported
scene_01_DT0000205230-Z0083,7,80,3411.859375,4232.014678740068,unavailable in GeoTIFF; band index reported
scene_01_DT0000205230-Z0083,7,81,3373.541748046875,,unavailable in GeoTIFF; band index reported
scene_01_DT0000205230-Z0083,7,82,3395.65625,,unavailable in GeoTIFF; band index reported
scene_01_DT0000205230-Z0083,7,83,3340.098876953125,,unavailable in GeoTIFF; band index reported
scene_01_DT0000205230-Z0083,7,84,3204.723876953125,,unavailable in GeoTIFF; band index reported
scene_01_DT0000205230-Z0083,7,85,3433.447998046875,,unavailable in GeoTIFF; band index reported
scene_01_DT0000205230-Z0083,7,86,3388.286376953125,,unavailable in GeoTIFF; band index reported
scene_01_DT0000205230-Z0083,7,87,3285.145751953125,4099.515230214146,unavailable in GeoTIFF; band index reported
scene_01_DT0000205230-Z0083,7,88,3504.567626953125,,unavailable in GeoTIFF; band index reported
scene_01_DT0000205230-Z0083,7,89,3485.416748046875,,unavailable in GeoTIFF; band index reported
scene_01_DT0000205230-Z0083,7,90,3547.864501953125,,unavailable in GeoTIFF; band index reported
scene_01_DT0000205230-Z0083,7,91,3419.8125,,unavailable in GeoTIFF; band index reported
scene_01_DT0000205230-Z0083,7,92,3404.609375,,unavailable in GeoTIFF; band index reported
scene_01_DT0000205230-Z0083,7,93,3358.03125,,unavailable in GeoTIFF; band index reported
scene_01_DT0000205230-Z0083,7,94,3405.734375,4259.310714130656,unavailable in GeoTIFF; band index reported
scene_01_DT0000205230-Z0083,7,95,3372.328125,,unavailable in GeoTIFF; band index reported
scene_01_DT0000205230-Z0083,7,96,3466.53125,,unavailable in GeoTIFF; band index reported
scene_01_DT0000205230-Z0083,7,97,3386.848876953125,,unavailable in GeoTIFF; band index reported
scene_01_DT0000205230-Z0083,7,98,3471.572998046875,,unavailable in GeoTIFF; band index reported
scene_01_DT0000205230-Z0083,7,99,3410.28125,,unavailable in GeoTIFF; band index reported
scene_01_DT0000205230-Z0083,7,100,3483.875,,unavailable in GeoTIFF; band index reported
scene_01_DT0000205230-Z0083,7,101,3404.072998046875,4276.150670826721,unavailable in GeoTIFF; band index reported
scene_01_DT0000205230-Z0083,7,102,3487.411376953125,,unavailable in GeoTIFF; band index reported
scene_01_DT0000205230-Z0083,7,103,3499.989501953125,,unavailable in GeoTIFF; band index reported
scene_01_DT0000205230-Z0083,7,104,3499.953125,,unavailable in GeoTIFF; band index reported
scene_01_DT0000205230-Z0083,7,105,3499.197998046875,,unavailable in GeoTIFF; band index reported
scene_01_DT0000205230-Z0083,7,106,3493.765625,,unavailable in GeoTIFF; band index reported
scene_01_DT0000205230-Z0083,7,107,3500.546875,,unavailable in GeoTIFF; band index reported
scene_01_DT0000205230-Z0083,7,108,3508.96875,4540.5920961105885,unavailable in GeoTIFF; band index reported
scene_01_DT0000205230-Z0083,7,109,3507.203125,,unavailable in GeoTIFF; band index reported
scene_01_DT0000205230-Z0083,7,110,3521.848876953125,,unavailable in GeoTIFF; band index reported
scene_01_DT0000205230-Z0083,7,111,3524.161376953125,,unavailable in GeoTIFF; band index reported
scene_01_DT0000205230-Z0083,7,112,3440.161376953125,,unavailable in GeoTIFF; band index reported
scene_01_DT0000205230-Z0083,7,113,3583.796875,,unavailable in GeoTIFF; band index reported
scene_01_DT0000205230-Z0083,7,114,3576.458251953125,,unavailable in GeoTIFF; band index reported
scene_01_DT0000205230-Z0083,7,115,3459.125,,unavailable in GeoTIFF; band index reported
scene_01_DT0000205230-Z0083,7,116,3501.244873046875,4718.103568199837,unavailable in GeoTIFF; band index reported
scene_01_DT0000205230-Z0083,7,117,3558.854248046875,,unavailable in GeoTIFF; band index reported
scene_01_DT0000205230-Z0083,7,118,3606.5,,unavailable in GeoTIFF; band index reported
scene_01_DT0000205230-Z0083,7,119,3614.375,,unavailable in GeoTIFF; band index reported
scene_01_DT0000205230-Z0083,7,120,3608.567626953125,,unavailable in GeoTIFF; band index reported
scene_01_DT0000205230-Z0083,7,121,3627.708251953125,,unavailable in GeoTIFF; band index reported
scene_01_DT0000205230-Z0083,7,122,3647.322998046875,,unavailable in GeoTIFF; band index reported
scene_01_DT0000205230-Z0083,7,123,3664.223876953125,5005.2038251084705,unavailable in GeoTIFF; band index reported
scene_01_DT0000205230-Z0083,7,124,3694.166748046875,,unavailable in GeoTIFF; band index reported
scene_01_DT0000205230-Z0083,7,125,3726.432373046875,,unavailable in GeoTIFF; band index reported
scene_01_DT0000205230-Z0083,7,126,3709.78125,,unavailable in GeoTIFF; band index reported
scene_01_DT0000205230-Z0083,7,127,3718.213623046875,,unavailable in GeoTIFF; band index reported
scene_01_DT0000205230-Z0083,7,128,3742.239501953125,,unavailable in GeoTIFF; band index reported
scene_01_DT0000205230-Z0083,7,129,3747.307373046875,,unavailable in GeoTIFF; band index reported
scene_01_DT0000205230-Z0083,7,130,3748.619873046875,5124.159687144271,unavailable in GeoTIFF; band index reported
scene_01_DT0000205230-Z0083,7,131,-32768.0,,unavailable in GeoTIFF; band index reported
scene_01_DT0000205230-Z0083,7,132,-32768.0,,unavailable in GeoTIFF; band index reported
scene_01_DT0000205230-Z0083,7,133,-32768.0,,unavailable in GeoTIFF; band index reported
scene_01_DT0000205230-Z0083,7,134,-32768.0,,unavailable in GeoTIFF; band index reported
scene_01_DT0000205230-Z0083,7,135,-32768.0,,unavailable in GeoTIFF; band index reported
scene_01_DT0000205230-Z0083,7,136,3771.786376953125,,unavailable in GeoTIFF; band index reported
scene_01_DT0000205230-Z0083,7,137,3944.84375,5245.826935621986,unavailable in GeoTIFF; band index reported
scene_01_DT0000205230-Z0083,7,138,3845.25,,unavailable in GeoTIFF; band index reported
scene_01_DT0000205230-Z0083,7,139,3821.666748046875,,unavailable in GeoTIFF; band index reported
scene_01_DT0000205230-Z0083,7,140,3891.765625,,unavailable in GeoTIFF; band index reported
scene_01_DT0000205230-Z0083,7,141,3948.182373046875,,unavailable in GeoTIFF; band index reported
scene_01_DT0000205230-Z0083,7,142,3977.427001953125,,unavailable in GeoTIFF; band index reported
scene_01_DT0000205230-Z0083,7,143,3982.520751953125,,unavailable in GeoTIFF; band index reported
scene_01_DT0000205230-Z0083,7,144,3990.609375,5222.882217712209,unavailable in GeoTIFF; band index reported
scene_01_DT0000205230-Z0083,7,145,4005.088623046875,,unavailable in GeoTIFF; band index reported
scene_01_DT0000205230-Z0083,7,146,4011.947998046875,,unavailable in GeoTIFF; band index reported
scene_01_DT0000205230-Z0083,7,147,4019.072998046875,,unavailable in GeoTIFF; band index reported
scene_01_DT0000205230-Z0083,7,148,4022.260498046875,,unavailable in GeoTIFF; band index reported
scene_01_DT0000205230-Z0083,7,149,4033.578125,,unavailable in GeoTIFF; band index reported
scene_01_DT0000205230-Z0083,7,150,4042.427001953125,,unavailable in GeoTIFF; band index reported
scene_01_DT0000205230-Z0083,7,151,4042.921875,,unavailable in GeoTIFF; band index reported
scene_01_DT0000205230-Z0083,7,152,4044.322998046875,5253.7238336902,unavailable in GeoTIFF; band index reported
scene_01_DT0000205230-Z0083,7,153,4041.859375,,unavailable in GeoTIFF; band index reported
scene_01_DT0000205230-Z0083,7,154,4066.1875,,unavailable in GeoTIFF; band index reported
scene_01_DT0000205230-Z0083,7,155,4055.348876953125,,unavailable in GeoTIFF; band index reported
scene_01_DT0000205230-Z0083,7,156,4066.098876953125,,unavailable in GeoTIFF; band index reported
scene_01_DT0000205230-Z0083,7,157,4067.270751953125,,unavailable in GeoTIFF; band index reported
scene_01_DT0000205230-Z0083,7,158,4067.130126953125,,unavailable in GeoTIFF; band index reported
scene_01_DT0000205230-Z0083,7,159,4076.333251953125,5264.417496137013,unavailable in GeoTIFF; band index reported
scene_01_DT0000205230-Z0083,7,160,4099.39599609375,,unavailable in GeoTIFF; band index reported
scene_01_DT0000205230-Z0083,7,161,4083.963623046875,,unavailable in GeoTIFF; band index reported
scene_01_DT0000205230-Z0083,7,162,4075.567626953125,,unavailable in GeoTIFF; band index reported
scene_01_DT0000205230-Z0083,7,163,4090.1875,,unavailable in GeoTIFF; band index reported
scene_01_DT0000205230-Z0083,7,164,4060.864501953125,,unavailable in GeoTIFF; band index reported
scene_01_DT0000205230-Z0083,7,165,4032.286376953125,,unavailable in GeoTIFF; band index reported
scene_01_DT0000205230-Z0083,7,166,3959.161376953125,5057.993610688144,unavailable in GeoTIFF; band index reported
scene_01_DT0000205230-Z0083,7,167,3595.088623046875,,unavailable in GeoTIFF; band index reported
scene_01_DT0000205230-Z0083,7,168,3796.645751953125,,unavailable in GeoTIFF; band index reported
scene_01_DT0000205230-Z0083,7,169,3962.901123046875,,unavailable in GeoTIFF; band index reported
scene_01_DT0000205230-Z0083,7,170,3801.848876953125,,unavailable in GeoTIFF; band index reported
scene_01_DT0000205230-Z0083,7,171,3216.786376953125,,unavailable in GeoTIFF; band index reported
scene_01_DT0000205230-Z0083,7,172,3393.8125,,unavailable in GeoTIFF; band index reported
scene_01_DT0000205230-Z0083,7,173,3748.963623046875,4797.249264813836,unavailable in GeoTIFF; band index reported
scene_01_DT0000205230-Z0083,7,174,4001.458251953125,,unavailable in GeoTIFF; band index reported
scene_01_DT0000205230-Z0083,7,175,4111.27099609375,,unavailable in GeoTIFF; band index reported
scene_01_DT0000205230-Z0083,7,176,3988.682373046875,,unavailable in GeoTIFF; band index reported
scene_01_DT0000205230-Z0083,7,177,4004.390625,,unavailable in GeoTIFF; band index reported
scene_01_DT0000205230-Z0083,7,178,3974.75,,unavailable in GeoTIFF; band index reported
scene_01_DT0000205230-Z0083,7,179,4076.463623046875,,unavailable in GeoTIFF; band index reported
scene_01_DT0000205230-Z0083,7,180,4071.614501953125,5133.687412636362,unavailable in GeoTIFF; band index reported
scene_01_DT0000205230-Z0083,7,181,4082.598876953125,,unavailable in GeoTIFF; band index reported
scene_01_DT0000205230-Z0083,7,182,4101.92724609375,,unavailable in GeoTIFF; band index reported
scene_01_DT0000205230-Z0083,7,183,4095.598876953125,,unavailable in GeoTIFF; band index reported
scene_01_DT0000205230-Z0083,7,184,4104.453125,,unavailable in GeoTIFF; band index reported
scene_01_DT0000205230-Z0083,7,185,4086.828125,,unavailable in GeoTIFF; band index reported
scene_01_DT0000205230-Z0083,7,186,4068.885498046875,,unavailable in GeoTIFF; band index reported
scene_01_DT0000205230-Z0083,7,187,4037.010498046875,,unavailable in GeoTIFF; band index reported
scene_01_DT0000205230-Z0083,7,188,4007.854248046875,4977.3868299771475,unavailable in GeoTIFF; band index reported
scene_01_DT0000205230-Z0083,7,189,3943.338623046875,,unavailable in GeoTIFF; band index reported
scene_01_DT0000205230-Z0083,7,190,3918.4375,,unavailable in GeoTIFF; band index reported
scene_01_DT0000205230-Z0083,7,191,3896.15625,,unavailable in GeoTIFF; band index reported
scene_01_DT0000205230-Z0083,7,192,3845.057373046875,,unavailable in GeoTIFF; band index reported
scene_01_DT0000205230-Z0083,7,193,3752.322998046875,,unavailable in GeoTIFF; band index reported
scene_01_DT0000205230-Z0083,7,194,3722.260498046875,,unavailable in GeoTIFF; band index reported
scene_01_DT0000205230-Z0083,7,195,3759.34375,4669.994273505627,unavailable in GeoTIFF; band index reported
scene_01_DT0000205230-Z0083,7,196,3794.390625,,unavailable in GeoTIFF; band index reported
scene_01_DT0000205230-Z0083,7,197,3758.979248046875,,unavailable in GeoTIFF; band index reported
scene_01_DT0000205230-Z0083,7,198,3697.770751953125,,unavailable in GeoTIFF; band index reported
scene_01_DT0000205230-Z0083,7,199,3647.432373046875,,unavailable in GeoTIFF; band index reported
scene_01_DT0000205230-Z0083,7,200,3633.114501953125,,unavailable in GeoTIFF; band index reported
scene_01_DT0000205230-Z0083,7,201,3641.890625,,unavailable in GeoTIFF; band index reported
scene_01_DT0000205230-Z0083,7,202,3642.661376953125,4693.603468694764,unavailable in GeoTIFF; band index reported
scene_01_DT0000205230-Z0083,7,203,3614.614501953125,,unavailable in GeoTIFF; band index reported
scene_01_DT0000205230-Z0083,7,204,3536.0,,unavailable in GeoTIFF; band index reported
scene_01_DT0000205230-Z0083,7,205,3449.645751953125,,unavailable in GeoTIFF; band index reported
scene_01_DT0000205230-Z0083,7,206,3428.380126953125,,unavailable in GeoTIFF; band index reported
scene_01_DT0000205230-Z0083,7,207,3394.244873046875,,unavailable in GeoTIFF; band index reported
scene_01_DT0000205230-Z0083,7,208,3310.557373046875,,unavailable in GeoTIFF; band index reported
scene_01_DT0000205230-Z0083,7,209,3317.546875,4418.7326716944735,unavailable in GeoTIFF; band index reported
scene_01_DT0000205230-Z0083,7,210,3260.375,,unavailable in GeoTIFF; band index reported
scene_01_DT0000205230-Z0083,7,211,3219.614501953125,,unavailable in GeoTIFF; band index reported
scene_01_DT0000205230-Z0083,7,212,3235.479248046875,,unavailable in GeoTIFF; band index reported
scene_01_DT0000205230-Z0083,7,213,3341.635498046875,,unavailable in GeoTIFF; band index reported
scene_01_DT0000205230-Z0083,7,214,3336.583251953125,,unavailable in GeoTIFF; band index reported
scene_01_DT0000205230-Z0083,7,215,3338.901123046875,,unavailable in GeoTIFF; band index reported
scene_01_DT0000205230-Z0083,7,216,3302.322998046875,4194.452591104376,unavailable in GeoTIFF; band index reported
scene_01_DT0000205230-Z0083,7,217,3320.364501953125,,unavailable in GeoTIFF; band index reported
scene_01_DT0000205230-Z0083,7,218,3340.609375,,unavailable in GeoTIFF; band index reported
scene_01_DT0000205230-Z0083,7,219,3283.5625,,unavailable in GeoTIFF; band index reported
scene_01_DT0000205230-Z0083,7,220,3213.229248046875,,unavailable in GeoTIFF; band index reported
scene_01_DT0000205230-Z0083,7,221,3230.875,,unavailable in GeoTIFF; band index reported
scene_01_DT0000205230-Z0083,7,222,3324.088623046875,,unavailable in GeoTIFF; band index reported
scene_01_DT0000205230-Z0083,7,223,3222.703125,,unavailable in GeoTIFF; band index reported
scene_01_DT0000205230-Z0083,7,224,3248.578125,3914.243214639081,unavailable in GeoTIFF; band index reported
scene_01_DT0000205230-Z0369,8,1,1587.0,917.0602603405777,unavailable in GeoTIFF; band index reported
scene_01_DT0000205230-Z0369,8,2,1566.0,,unavailable in GeoTIFF; band index reported
scene_01_DT0000205230-Z0369,8,3,1644.0,,unavailable in GeoTIFF; band index reported
scene_01_DT0000205230-Z0369,8,4,1717.0,,unavailable in GeoTIFF; band index reported
scene_01_DT0000205230-Z0369,8,5,1811.0,,unavailable in GeoTIFF; band index reported
scene_01_DT0000205230-Z0369,8,6,1840.0,,unavailable in GeoTIFF; band index reported
scene_01_DT0000205230-Z0369,8,7,1893.0,,unavailable in GeoTIFF; band index reported
scene_01_DT0000205230-Z0369,8,8,1967.0,1232.1687807391233,unavailable in GeoTIFF; band index reported
scene_01_DT0000205230-Z0369,8,9,1977.0,,unavailable in GeoTIFF; band index reported
scene_01_DT0000205230-Z0369,8,10,2022.0,,unavailable in GeoTIFF; band index reported
scene_01_DT0000205230-Z0369,8,11,2017.0,,unavailable in GeoTIFF; band index reported
scene_01_DT0000205230-Z0369,8,12,2080.0,,unavailable in GeoTIFF; band index reported
scene_01_DT0000205230-Z0369,8,13,2094.0,,unavailable in GeoTIFF; band index reported
scene_01_DT0000205230-Z0369,8,14,2157.0,,unavailable in GeoTIFF; band index reported
scene_01_DT0000205230-Z0369,8,15,2217.0,1425.9121730718762,unavailable in GeoTIFF; band index reported
scene_01_DT0000205230-Z0369,8,16,2233.0,,unavailable in GeoTIFF; band index reported
scene_01_DT0000205230-Z0369,8,17,2265.0,,unavailable in GeoTIFF; band index reported
scene_01_DT0000205230-Z0369,8,18,2318.0,,unavailable in GeoTIFF; band index reported
scene_01_DT0000205230-Z0369,8,19,2374.0,,unavailable in GeoTIFF; band index reported
scene_01_DT0000205230-Z0369,8,20,2446.0,,unavailable in GeoTIFF; band index reported
scene_01_DT0000205230-Z0369,8,21,2518.0,,unavailable in GeoTIFF; band index reported
scene_01_DT0000205230-Z0369,8,22,2571.0,1812.7965806589375,unavailable in GeoTIFF; band index reported
scene_01_DT0000205230-Z0369,8,23,2613.0,,unavailable in GeoTIFF; band index reported
scene_01_DT0000205230-Z0369,8,24,2694.0,,unavailable in GeoTIFF; band index reported
scene_01_DT0000205230-Z0369,8,25,2752.0,,unavailable in GeoTIFF; band index reported
scene_01_DT0000205230-Z0369,8,26,2846.0,,unavailable in GeoTIFF; band index reported
scene_01_DT0000205230-Z0369,8,27,2901.0,,unavailable in GeoTIFF; band index reported
scene_01_DT0000205230-Z0369,8,28,2995.0,,unavailable in GeoTIFF; band index reported
scene_01_DT0000205230-Z0369,8,29,3069.0,2378.0732384444686,unavailable in GeoTIFF; band index reported
scene_01_DT0000205230-Z0369,8,30,3151.0,,unavailable in GeoTIFF; band index reported
scene_01_DT0000205230-Z0369,8,31,3260.0,,unavailable in GeoTIFF; band index reported
scene_01_DT0000205230-Z0369,8,32,3358.0,,unavailable in GeoTIFF; band index reported
scene_01_DT0000205230-Z0369,8,33,3408.0,,unavailable in GeoTIFF; band index reported
scene_01_DT0000205230-Z0369,8,34,3487.0,,unavailable in GeoTIFF; band index reported
scene_01_DT0000205230-Z0369,8,35,3579.0,,unavailable in GeoTIFF; band index reported
scene_01_DT0000205230-Z0369,8,36,3646.0,3052.808919434462,unavailable in GeoTIFF; band index reported
scene_01_DT0000205230-Z0369,8,37,3703.0,,unavailable in GeoTIFF; band index reported
scene_01_DT0000205230-Z0369,8,38,3756.0,,unavailable in GeoTIFF; band index reported
scene_01_DT0000205230-Z0369,8,39,3788.0,,unavailable in GeoTIFF; band index reported
scene_01_DT0000205230-Z0369,8,40,3828.0,,unavailable in GeoTIFF; band index reported
scene_01_DT0000205230-Z0369,8,41,3894.0,,unavailable in GeoTIFF; band index reported
scene_01_DT0000205230-Z0369,8,42,3906.0,,unavailable in GeoTIFF; band index reported
scene_01_DT0000205230-Z0369,8,43,3928.0,,unavailable in GeoTIFF; band index reported
scene_01_DT0000205230-Z0369,8,44,3972.0,3452.7579941120193,unavailable in GeoTIFF; band index reported
scene_01_DT0000205230-Z0369,8,45,4012.0,,unavailable in GeoTIFF; band index reported
scene_01_DT0000205230-Z0369,8,46,4023.0,,unavailable in GeoTIFF; band index reported
scene_01_DT0000205230-Z0369,8,47,4050.0,,unavailable in GeoTIFF; band index reported
scene_01_DT0000205230-Z0369,8,48,4072.0,,unavailable in GeoTIFF; band index reported
scene_01_DT0000205230-Z0369,8,49,4110.0,,unavailable in GeoTIFF; band index reported
scene_01_DT0000205230-Z0369,8,50,4128.0,,unavailable in GeoTIFF; band index reported
scene_01_DT0000205230-Z0369,8,51,4185.0,3726.9295512530684,unavailable in GeoTIFF; band index reported
scene_01_DT0000205230-Z0369,8,52,4183.0,,unavailable in GeoTIFF; band index reported
scene_01_DT0000205230-Z0369,8,53,4207.0,,unavailable in GeoTIFF; band index reported
scene_01_DT0000205230-Z0369,8,54,4243.0,,unavailable in GeoTIFF; band index reported
scene_01_DT0000205230-Z0369,8,55,4262.0,,unavailable in GeoTIFF; band index reported
scene_01_DT0000205230-Z0369,8,56,4324.0,,unavailable in GeoTIFF; band index reported
scene_01_DT0000205230-Z0369,8,57,4386.0,,unavailable in GeoTIFF; band index reported
scene_01_DT0000205230-Z0369,8,58,4359.0,4007.177645123073,unavailable in GeoTIFF; band index reported
scene_01_DT0000205230-Z0369,8,59,4379.0,,unavailable in GeoTIFF; band index reported
scene_01_DT0000205230-Z0369,8,60,4343.0,,unavailable in GeoTIFF; band index reported
scene_01_DT0000205230-Z0369,8,61,4370.0,,unavailable in GeoTIFF; band index reported
scene_01_DT0000205230-Z0369,8,62,4323.0,,unavailable in GeoTIFF; band index reported
scene_01_DT0000205230-Z0369,8,63,4449.0,,unavailable in GeoTIFF; band index reported
scene_01_DT0000205230-Z0369,8,64,4475.0,,unavailable in GeoTIFF; band index reported
scene_01_DT0000205230-Z0369,8,65,4499.0,4159.730422748184,unavailable in GeoTIFF; band index reported
scene_01_DT0000205230-Z0369,8,66,4494.0,,unavailable in GeoTIFF; band index reported
scene_01_DT0000205230-Z0369,8,67,4515.0,,unavailable in GeoTIFF; band index reported
scene_01_DT0000205230-Z0369,8,68,4488.0,,unavailable in GeoTIFF; band index reported
scene_01_DT0000205230-Z0369,8,69,4608.0,,unavailable in GeoTIFF; band index reported
scene_01_DT0000205230-Z0369,8,70,4593.0,,unavailable in GeoTIFF; band index reported
scene_01_DT0000205230-Z0369,8,71,4558.0,,unavailable in GeoTIFF; band index reported
scene_01_DT0000205230-Z0369,8,72,4553.0,4216.483716818321,unavailable in GeoTIFF; band index reported
scene_01_DT0000205230-Z0369,8,73,4571.0,,unavailable in GeoTIFF; band index reported
scene_01_DT0000205230-Z0369,8,74,4570.0,,unavailable in GeoTIFF; band index reported
scene_01_DT0000205230-Z0369,8,75,4613.0,,unavailable in GeoTIFF; band index reported
scene_01_DT0000205230-Z0369,8,76,4569.0,,unavailable in GeoTIFF; band index reported
scene_01_DT0000205230-Z0369,8,77,4571.0,,unavailable in GeoTIFF; band index reported
scene_01_DT0000205230-Z0369,8,78,4627.0,,unavailable in GeoTIFF; band index reported
scene_01_DT0000205230-Z0369,8,79,4559.0,,unavailable in GeoTIFF; band index reported
scene_01_DT0000205230-Z0369,8,80,4507.0,4232.014678740068,unavailable in GeoTIFF; band index reported
scene_01_DT0000205230-Z0369,8,81,4597.0,,unavailable in GeoTIFF; band index reported
scene_01_DT0000205230-Z0369,8,82,4484.0,,unavailable in GeoTIFF; band index reported
scene_01_DT0000205230-Z0369,8,83,4557.0,,unavailable in GeoTIFF; band index reported
scene_01_DT0000205230-Z0369,8,84,4368.0,,unavailable in GeoTIFF; band index reported
scene_01_DT0000205230-Z0369,8,85,4529.0,,unavailable in GeoTIFF; band index reported
scene_01_DT0000205230-Z0369,8,86,4444.0,,unavailable in GeoTIFF; band index reported
scene_01_DT0000205230-Z0369,8,87,4307.0,4099.515230214146,unavailable in GeoTIFF; band index reported
scene_01_DT0000205230-Z0369,8,88,4746.0,,unavailable in GeoTIFF; band index reported
scene_01_DT0000205230-Z0369,8,89,4581.0,,unavailable in GeoTIFF; band index reported
scene_01_DT0000205230-Z0369,8,90,4777.0,,unavailable in GeoTIFF; band index reported
scene_01_DT0000205230-Z0369,8,91,4518.0,,unavailable in GeoTIFF; band index reported
scene_01_DT0000205230-Z0369,8,92,4614.0,,unavailable in GeoTIFF; band index reported
scene_01_DT0000205230-Z0369,8,93,4502.0,,unavailable in GeoTIFF; band index reported
scene_01_DT0000205230-Z0369,8,94,4518.0,4259.310714130656,unavailable in GeoTIFF; band index reported
scene_01_DT0000205230-Z0369,8,95,4542.0,,unavailable in GeoTIFF; band index reported
scene_01_DT0000205230-Z0369,8,96,4579.0,,unavailable in GeoTIFF; band index reported
scene_01_DT0000205230-Z0369,8,97,4488.0,,unavailable in GeoTIFF; band index reported
scene_01_DT0000205230-Z0369,8,98,4598.0,,unavailable in GeoTIFF; band index reported
scene_01_DT0000205230-Z0369,8,99,4504.0,,unavailable in GeoTIFF; band index reported
scene_01_DT0000205230-Z0369,8,100,4598.0,,unavailable in GeoTIFF; band index reported
scene_01_DT0000205230-Z0369,8,101,4521.0,4276.150670826721,unavailable in GeoTIFF; band index reported
scene_01_DT0000205230-Z0369,8,102,4610.0,,unavailable in GeoTIFF; band index reported
scene_01_DT0000205230-Z0369,8,103,4645.0,,unavailable in GeoTIFF; band index reported
scene_01_DT0000205230-Z0369,8,104,4648.0,,unavailable in GeoTIFF; band index reported
scene_01_DT0000205230-Z0369,8,105,4664.0,,unavailable in GeoTIFF; band index reported
scene_01_DT0000205230-Z0369,8,106,4669.0,,unavailable in GeoTIFF; band index reported
scene_01_DT0000205230-Z0369,8,107,4689.0,,unavailable in GeoTIFF; band index reported
scene_01_DT0000205230-Z0369,8,108,4724.0,4540.5920961105885,unavailable in GeoTIFF; band index reported
scene_01_DT0000205230-Z0369,8,109,4724.0,,unavailable in GeoTIFF; band index reported
scene_01_DT0000205230-Z0369,8,110,4762.0,,unavailable in GeoTIFF; band index reported
scene_01_DT0000205230-Z0369,8,111,4750.0,,unavailable in GeoTIFF; band index reported
scene_01_DT0000205230-Z0369,8,112,4640.0,,unavailable in GeoTIFF; band index reported
scene_01_DT0000205230-Z0369,8,113,4884.0,,unavailable in GeoTIFF; band index reported
scene_01_DT0000205230-Z0369,8,114,4862.0,,unavailable in GeoTIFF; band index reported
scene_01_DT0000205230-Z0369,8,115,4772.0,,unavailable in GeoTIFF; band index reported
scene_01_DT0000205230-Z0369,8,116,4820.0,4718.103568199837,unavailable in GeoTIFF; band index reported
scene_01_DT0000205230-Z0369,8,117,4897.0,,unavailable in GeoTIFF; band index reported
scene_01_DT0000205230-Z0369,8,118,4965.0,,unavailable in GeoTIFF; band index reported
scene_01_DT0000205230-Z0369,8,119,4969.0,,unavailable in GeoTIFF; band index reported
scene_01_DT0000205230-Z0369,8,120,4978.0,,unavailable in GeoTIFF; band index reported
scene_01_DT0000205230-Z0369,8,121,4999.0,,unavailable in GeoTIFF; band index reported
scene_01_DT0000205230-Z0369,8,122,5034.0,,unavailable in GeoTIFF; band index reported
scene_01_DT0000205230-Z0369,8,123,5052.0,5005.2038251084705,unavailable in GeoTIFF; band index reported
scene_01_DT0000205230-Z0369,8,124,5075.0,,unavailable in GeoTIFF; band index reported
scene_01_DT0000205230-Z0369,8,125,5140.0,,unavailable in GeoTIFF; band index reported
scene_01_DT0000205230-Z0369,8,126,5121.0,,unavailable in GeoTIFF; band index reported
scene_01_DT0000205230-Z0369,8,127,5112.0,,unavailable in GeoTIFF; band index reported
scene_01_DT0000205230-Z0369,8,128,5121.0,,unavailable in GeoTIFF; band index reported
scene_01_DT0000205230-Z0369,8,129,5151.0,,unavailable in GeoTIFF; band index reported
scene_01_DT0000205230-Z0369,8,130,5103.0,5124.159687144271,unavailable in GeoTIFF; band index reported
scene_01_DT0000205230-Z0369,8,131,-32768.0,,unavailable in GeoTIFF; band index reported
scene_01_DT0000205230-Z0369,8,132,-32768.0,,unavailable in GeoTIFF; band index reported
scene_01_DT0000205230-Z0369,8,133,-32768.0,,unavailable in GeoTIFF; band index reported
scene_01_DT0000205230-Z0369,8,134,-32768.0,,unavailable in GeoTIFF; band index reported
scene_01_DT0000205230-Z0369,8,135,-32768.0,,unavailable in GeoTIFF; band index reported
scene_01_DT0000205230-Z0369,8,136,5065.0,,unavailable in GeoTIFF; band index reported
scene_01_DT0000205230-Z0369,8,137,5229.0,5245.826935621986,unavailable in GeoTIFF; band index reported
scene_01_DT0000205230-Z0369,8,138,5139.0,,unavailable in GeoTIFF; band index reported
scene_01_DT0000205230-Z0369,8,139,5181.0,,unavailable in GeoTIFF; band index reported
scene_01_DT0000205230-Z0369,8,140,5259.0,,unavailable in GeoTIFF; band index reported
scene_01_DT0000205230-Z0369,8,141,5319.0,,unavailable in GeoTIFF; band index reported
scene_01_DT0000205230-Z0369,8,142,5360.0,,unavailable in GeoTIFF; band index reported
scene_01_DT0000205230-Z0369,8,143,5362.0,,unavailable in GeoTIFF; band index reported
scene_01_DT0000205230-Z0369,8,144,5391.0,5222.882217712209,unavailable in GeoTIFF; band index reported
scene_01_DT0000205230-Z0369,8,145,5418.0,,unavailable in GeoTIFF; band index reported
scene_01_DT0000205230-Z0369,8,146,5410.0,,unavailable in GeoTIFF; band index reported
scene_01_DT0000205230-Z0369,8,147,5446.0,,unavailable in GeoTIFF; band index reported
scene_01_DT0000205230-Z0369,8,148,5458.0,,unavailable in GeoTIFF; band index reported
scene_01_DT0000205230-Z0369,8,149,5453.0,,unavailable in GeoTIFF; band index reported
scene_01_DT0000205230-Z0369,8,150,5495.0,,unavailable in GeoTIFF; band index reported
scene_01_DT0000205230-Z0369,8,151,5491.0,,unavailable in GeoTIFF; band index reported
scene_01_DT0000205230-Z0369,8,152,5476.0,5253.7238336902,unavailable in GeoTIFF; band index reported
scene_01_DT0000205230-Z0369,8,153,5471.0,,unavailable in GeoTIFF; band index reported
scene_01_DT0000205230-Z0369,8,154,5522.0,,unavailable in GeoTIFF; band index reported
scene_01_DT0000205230-Z0369,8,155,5498.0,,unavailable in GeoTIFF; band index reported
scene_01_DT0000205230-Z0369,8,156,5523.0,,unavailable in GeoTIFF; band index reported
scene_01_DT0000205230-Z0369,8,157,5512.0,,unavailable in GeoTIFF; band index reported
scene_01_DT0000205230-Z0369,8,158,5514.0,,unavailable in GeoTIFF; band index reported
scene_01_DT0000205230-Z0369,8,159,5536.0,5264.417496137013,unavailable in GeoTIFF; band index reported
scene_01_DT0000205230-Z0369,8,160,5544.0,,unavailable in GeoTIFF; band index reported
scene_01_DT0000205230-Z0369,8,161,5509.0,,unavailable in GeoTIFF; band index reported
scene_01_DT0000205230-Z0369,8,162,5512.0,,unavailable in GeoTIFF; band index reported
scene_01_DT0000205230-Z0369,8,163,5523.0,,unavailable in GeoTIFF; band index reported
scene_01_DT0000205230-Z0369,8,164,5462.0,,unavailable in GeoTIFF; band index reported
scene_01_DT0000205230-Z0369,8,165,5418.0,,unavailable in GeoTIFF; band index reported
scene_01_DT0000205230-Z0369,8,166,5310.0,5057.993610688144,unavailable in GeoTIFF; band index reported
scene_01_DT0000205230-Z0369,8,167,4780.0,,unavailable in GeoTIFF; band index reported
scene_01_DT0000205230-Z0369,8,168,4974.0,,unavailable in GeoTIFF; band index reported
scene_01_DT0000205230-Z0369,8,169,5111.0,,unavailable in GeoTIFF; band index reported
scene_01_DT0000205230-Z0369,8,170,4762.0,,unavailable in GeoTIFF; band index reported
scene_01_DT0000205230-Z0369,8,171,4293.0,,unavailable in GeoTIFF; band index reported
scene_01_DT0000205230-Z0369,8,172,4520.0,,unavailable in GeoTIFF; band index reported
scene_01_DT0000205230-Z0369,8,173,5056.0,4797.249264813836,unavailable in GeoTIFF; band index reported
scene_01_DT0000205230-Z0369,8,174,5277.0,,unavailable in GeoTIFF; band index reported
scene_01_DT0000205230-Z0369,8,175,5360.0,,unavailable in GeoTIFF; band index reported
scene_01_DT0000205230-Z0369,8,176,5147.0,,unavailable in GeoTIFF; band index reported
scene_01_DT0000205230-Z0369,8,177,5293.0,,unavailable in GeoTIFF; band index reported
scene_01_DT0000205230-Z0369,8,178,5262.0,,unavailable in GeoTIFF; band index reported
scene_01_DT0000205230-Z0369,8,179,5404.0,,unavailable in GeoTIFF; band index reported
scene_01_DT0000205230-Z0369,8,180,5357.0,5133.687412636362,unavailable in GeoTIFF; band index reported
scene_01_DT0000205230-Z0369,8,181,5360.0,,unavailable in GeoTIFF; band index reported
scene_01_DT0000205230-Z0369,8,182,5425.0,,unavailable in GeoTIFF; band index reported
scene_01_DT0000205230-Z0369,8,183,5400.0,,unavailable in GeoTIFF; band index reported
scene_01_DT0000205230-Z0369,8,184,5435.0,,unavailable in GeoTIFF; band index reported
scene_01_DT0000205230-Z0369,8,185,5407.0,,unavailable in GeoTIFF; band index reported
scene_01_DT0000205230-Z0369,8,186,5377.0,,unavailable in GeoTIFF; band index reported
scene_01_DT0000205230-Z0369,8,187,5321.0,,unavailable in GeoTIFF; band index reported
scene_01_DT0000205230-Z0369,8,188,5314.0,4977.3868299771475,unavailable in GeoTIFF; band index reported
scene_01_DT0000205230-Z0369,8,189,5231.0,,unavailable in GeoTIFF; band index reported
scene_01_DT0000205230-Z0369,8,190,5202.0,,unavailable in GeoTIFF; band index reported
scene_01_DT0000205230-Z0369,8,191,5134.0,,unavailable in GeoTIFF; band index reported
scene_01_DT0000205230-Z0369,8,192,5099.0,,unavailable in GeoTIFF; band index reported
scene_01_DT0000205230-Z0369,8,193,4949.0,,unavailable in GeoTIFF; band index reported
scene_01_DT0000205230-Z0369,8,194,4917.0,,unavailable in GeoTIFF; band index reported
scene_01_DT0000205230-Z0369,8,195,5005.0,4669.994273505627,unavailable in GeoTIFF; band index reported
scene_01_DT0000205230-Z0369,8,196,5037.0,,unavailable in GeoTIFF; band index reported
scene_01_DT0000205230-Z0369,8,197,5035.0,,unavailable in GeoTIFF; band index reported
scene_01_DT0000205230-Z0369,8,198,5007.0,,unavailable in GeoTIFF; band index reported
scene_01_DT0000205230-Z0369,8,199,4963.0,,unavailable in GeoTIFF; band index reported
scene_01_DT0000205230-Z0369,8,200,4982.0,,unavailable in GeoTIFF; band index reported
scene_01_DT0000205230-Z0369,8,201,4940.0,,unavailable in GeoTIFF; band index reported
scene_01_DT0000205230-Z0369,8,202,4924.0,4693.603468694764,unavailable in GeoTIFF; band index reported
scene_01_DT0000205230-Z0369,8,203,4911.0,,unavailable in GeoTIFF; band index reported
scene_01_DT0000205230-Z0369,8,204,4811.0,,unavailable in GeoTIFF; band index reported
scene_01_DT0000205230-Z0369,8,205,4718.0,,unavailable in GeoTIFF; band index reported
scene_01_DT0000205230-Z0369,8,206,4722.0,,unavailable in GeoTIFF; band index reported
scene_01_DT0000205230-Z0369,8,207,4629.0,,unavailable in GeoTIFF; band index reported
scene_01_DT0000205230-Z0369,8,208,4625.0,,unavailable in GeoTIFF; band index reported
scene_01_DT0000205230-Z0369,8,209,4620.0,4418.7326716944735,unavailable in GeoTIFF; band index reported
scene_01_DT0000205230-Z0369,8,210,4537.0,,unavailable in GeoTIFF; band index reported
scene_01_DT0000205230-Z0369,8,211,4473.0,,unavailable in GeoTIFF; band index reported
scene_01_DT0000205230-Z0369,8,212,4530.0,,unavailable in GeoTIFF; band index reported
scene_01_DT0000205230-Z0369,8,213,4596.0,,unavailable in GeoTIFF; band index reported
scene_01_DT0000205230-Z0369,8,214,4510.0,,unavailable in GeoTIFF; band index reported
scene_01_DT0000205230-Z0369,8,215,4491.0,,unavailable in GeoTIFF; band index reported
scene_01_DT0000205230-Z0369,8,216,4394.0,4194.452591104376,unavailable in GeoTIFF; band index reported
scene_01_DT0000205230-Z0369,8,217,4422.0,,unavailable in GeoTIFF; band index reported
scene_01_DT0000205230-Z0369,8,218,4426.0,,unavailable in GeoTIFF; band index reported
scene_01_DT0000205230-Z0369,8,219,4321.0,,unavailable in GeoTIFF; band index reported
scene_01_DT0000205230-Z0369,8,220,4175.0,,unavailable in GeoTIFF; band index reported
scene_01_DT0000205230-Z0369,8,221,4285.0,,unavailable in GeoTIFF; band index reported
scene_01_DT0000205230-Z0369,8,222,4255.0,,unavailable in GeoTIFF; band index reported
scene_01_DT0000205230-Z0369,8,223,4266.0,,unavailable in GeoTIFF; band index reported
scene_01_DT0000205230-Z0369,8,224,4056.0,3914.243214639081,unavailable in GeoTIFF; band index reported
scene_01_DT0000205230-Z0119,9,1,859.3333129882812,917.0602603405777,unavailable in GeoTIFF; band index reported
scene_01_DT0000205230-Z0119,9,2,877.6666870117188,,unavailable in GeoTIFF; band index reported
scene_01_DT0000205230-Z0119,9,3,922.3333129882812,,unavailable in GeoTIFF; band index reported
scene_01_DT0000205230-Z0119,9,4,965.0,,unavailable in GeoTIFF; band index reported
scene_01_DT0000205230-Z0119,9,5,1004.0,,unavailable in GeoTIFF; band index reported
scene_01_DT0000205230-Z0119,9,6,1050.0,,unavailable in GeoTIFF; band index reported
scene_01_DT0000205230-Z0119,9,7,1076.3333740234375,,unavailable in GeoTIFF; band index reported
scene_01_DT0000205230-Z0119,9,8,1107.6666259765625,1232.1687807391233,unavailable in GeoTIFF; band index reported
scene_01_DT0000205230-Z0119,9,9,1104.3333740234375,,unavailable in GeoTIFF; band index reported
scene_01_DT0000205230-Z0119,9,10,1137.6666259765625,,unavailable in GeoTIFF; band index reported
scene_01_DT0000205230-Z0119,9,11,1160.3333740234375,,unavailable in GeoTIFF; band index reported
scene_01_DT0000205230-Z0119,9,12,1166.0,,unavailable in GeoTIFF; band index reported
scene_01_DT0000205230-Z0119,9,13,1189.3333740234375,,unavailable in GeoTIFF; band index reported
scene_01_DT0000205230-Z0119,9,14,1224.3333740234375,,unavailable in GeoTIFF; band index reported
scene_01_DT0000205230-Z0119,9,15,1248.0,1425.9121730718762,unavailable in GeoTIFF; band index reported
scene_01_DT0000205230-Z0119,9,16,1277.3333740234375,,unavailable in GeoTIFF; band index reported
scene_01_DT0000205230-Z0119,9,17,1315.6666259765625,,unavailable in GeoTIFF; band index reported
scene_01_DT0000205230-Z0119,9,18,1358.0,,unavailable in GeoTIFF; band index reported
scene_01_DT0000205230-Z0119,9,19,1394.0,,unavailable in GeoTIFF; band index reported
scene_01_DT0000205230-Z0119,9,20,1434.0,,unavailable in GeoTIFF; band index reported
scene_01_DT0000205230-Z0119,9,21,1471.6666259765625,,unavailable in GeoTIFF; band index reported
scene_01_DT0000205230-Z0119,9,22,1528.3333740234375,1812.7965806589375,unavailable in GeoTIFF; band index reported
scene_01_DT0000205230-Z0119,9,23,1569.3333740234375,,unavailable in GeoTIFF; band index reported
scene_01_DT0000205230-Z0119,9,24,1633.3333740234375,,unavailable in GeoTIFF; band index reported
scene_01_DT0000205230-Z0119,9,25,1678.6666259765625,,unavailable in GeoTIFF; band index reported
scene_01_DT0000205230-Z0119,9,26,1736.3333740234375,,unavailable in GeoTIFF; band index reported
scene_01_DT0000205230-Z0119,9,27,1803.0,,unavailable in GeoTIFF; band index reported
scene_01_DT0000205230-Z0119,9,28,1859.3333740234375,,unavailable in GeoTIFF; band index reported
scene_01_DT0000205230-Z0119,9,29,1934.3333740234375,2378.0732384444686,unavailable in GeoTIFF; band index reported
scene_01_DT0000205230-Z0119,9,30,2006.3333740234375,,unavailable in GeoTIFF; band index reported
scene_01_DT0000205230-Z0119,9,31,2083.666748046875,,unavailable in GeoTIFF; band index reported
scene_01_DT0000205230-Z0119,9,32,2143.0,,unavailable in GeoTIFF; band index reported
scene_01_DT0000205230-Z0119,9,33,2203.666748046875,,unavailable in GeoTIFF; band index reported
scene_01_DT0000205230-Z0119,9,34,2270.0,,unavailable in GeoTIFF; band index reported
scene_01_DT0000205230-Z0119,9,35,2339.666748046875,,unavailable in GeoTIFF; band index reported
scene_01_DT0000205230-Z0119,9,36,2395.333251953125,3052.808919434462,unavailable in GeoTIFF; band index reported
scene_01_DT0000205230-Z0119,9,37,2461.333251953125,,unavailable in GeoTIFF; band index reported
scene_01_DT0000205230-Z0119,9,38,2503.333251953125,,unavailable in GeoTIFF; band index reported
scene_01_DT0000205230-Z0119,9,39,2542.333251953125,,unavailable in GeoTIFF; band index reported
scene_01_DT0000205230-Z0119,9,40,2553.666748046875,,unavailable in GeoTIFF; band index reported
scene_01_DT0000205230-Z0119,9,41,2608.333251953125,,unavailable in GeoTIFF; band index reported
scene_01_DT0000205230-Z0119,9,42,2647.666748046875,,unavailable in GeoTIFF; band index reported
scene_01_DT0000205230-Z0119,9,43,2656.666748046875,,unavailable in GeoTIFF; band index reported
scene_01_DT0000205230-Z0119,9,44,2691.666748046875,3452.7579941120193,unavailable in GeoTIFF; band index reported
scene_01_DT0000205230-Z0119,9,45,2731.0,,unavailable in GeoTIFF; band index reported
scene_01_DT0000205230-Z0119,9,46,2769.333251953125,,unavailable in GeoTIFF; band index reported
scene_01_DT0000205230-Z0119,9,47,2781.0,,unavailable in GeoTIFF; band index reported
scene_01_DT0000205230-Z0119,9,48,2796.666748046875,,unavailable in GeoTIFF; band index reported
scene_01_DT0000205230-Z0119,9,49,2828.0,,unavailable in GeoTIFF; band index reported
scene_01_DT0000205230-Z0119,9,50,2810.333251953125,,unavailable in GeoTIFF; band index reported
scene_01_DT0000205230-Z0119,9,51,2895.0,3726.9295512530684,unavailable in GeoTIFF; band index reported
scene_01_DT0000205230-Z0119,9,52,2923.0,,unavailable in GeoTIFF; band index reported
scene_01_DT0000205230-Z0119,9,53,2941.333251953125,,unavailable in GeoTIFF; band index reported
scene_01_DT0000205230-Z0119,9,54,2960.666748046875,,unavailable in GeoTIFF; band index reported
scene_01_DT0000205230-Z0119,9,55,2975.666748046875,,unavailable in GeoTIFF; band index reported
scene_01_DT0000205230-Z0119,9,56,3057.666748046875,,unavailable in GeoTIFF; band index reported
scene_01_DT0000205230-Z0119,9,57,3109.333251953125,,unavailable in GeoTIFF; band index reported
scene_01_DT0000205230-Z0119,9,58,3105.666748046875,4007.177645123073,unavailable in GeoTIFF; band index reported
scene_01_DT0000205230-Z0119,9,59,3117.0,,unavailable in GeoTIFF; band index reported
scene_01_DT0000205230-Z0119,9,60,3086.666748046875,,unavailable in GeoTIFF; band index reported
scene_01_DT0000205230-Z0119,9,61,3169.0,,unavailable in GeoTIFF; band index reported
scene_01_DT0000205230-Z0119,9,62,3021.333251953125,,unavailable in GeoTIFF; band index reported
scene_01_DT0000205230-Z0119,9,63,3204.0,,unavailable in GeoTIFF; band index reported
scene_01_DT0000205230-Z0119,9,64,3219.666748046875,,unavailable in GeoTIFF; band index reported
scene_01_DT0000205230-Z0119,9,65,3234.0,4159.730422748184,unavailable in GeoTIFF; band index reported
scene_01_DT0000205230-Z0119,9,66,3233.333251953125,,unavailable in GeoTIFF; band index reported
scene_01_DT0000205230-Z0119,9,67,3244.0,,unavailable in GeoTIFF; band index reported
scene_01_DT0000205230-Z0119,9,68,3263.0,,unavailable in GeoTIFF; band index reported
scene_01_DT0000205230-Z0119,9,69,3306.666748046875,,unavailable in GeoTIFF; band index reported
scene_01_DT0000205230-Z0119,9,70,3308.333251953125,,unavailable in GeoTIFF; band index reported
scene_01_DT0000205230-Z0119,9,71,3266.666748046875,,unavailable in GeoTIFF; band index reported
scene_01_DT0000205230-Z0119,9,72,3262.666748046875,4216.483716818321,unavailable in GeoTIFF; band index reported
scene_01_DT0000205230-Z0119,9,73,3273.333251953125,,unavailable in GeoTIFF; band index reported
scene_01_DT0000205230-Z0119,9,74,3245.0,,unavailable in GeoTIFF; band index reported
scene_01_DT0000205230-Z0119,9,75,3308.666748046875,,unavailable in GeoTIFF; band index reported
scene_01_DT0000205230-Z0119,9,76,3222.333251953125,,unavailable in GeoTIFF; band index reported
scene_01_DT0000205230-Z0119,9,77,3295.666748046875,,unavailable in GeoTIFF; band index reported
scene_01_DT0000205230-Z0119,9,78,3241.333251953125,,unavailable in GeoTIFF; band index reported
scene_01_DT0000205230-Z0119,9,79,3265.666748046875,,unavailable in GeoTIFF; band index reported
scene_01_DT0000205230-Z0119,9,80,3250.0,4232.014678740068,unavailable in GeoTIFF; band index reported
scene_01_DT0000205230-Z0119,9,81,3281.0,,unavailable in GeoTIFF; band index reported
scene_01_DT0000205230-Z0119,9,82,3244.0,,unavailable in GeoTIFF; band index reported
scene_01_DT0000205230-Z0119,9,83,3255.0,,unavailable in GeoTIFF; band index reported
scene_01_DT0000205230-Z0119,9,84,3149.666748046875,,unavailable in GeoTIFF; band index reported
scene_01_DT0000205230-Z0119,9,85,3275.0,,unavailable in GeoTIFF; band index reported
scene_01_DT0000205230-Z0119,9,86,3255.333251953125,,unavailable in GeoTIFF; band index reported
scene_01_DT0000205230-Z0119,9,87,3122.666748046875,4099.515230214146,unavailable in GeoTIFF; band index reported
scene_01_DT0000205230-Z0119,9,88,3510.0,,unavailable in GeoTIFF; band index reported
scene_01_DT0000205230-Z0119,9,89,3353.666748046875,,unavailable in GeoTIFF; band index reported
scene_01_DT0000205230-Z0119,9,90,3489.666748046875,,unavailable in GeoTIFF; band index reported
scene_01_DT0000205230-Z0119,9,91,3305.333251953125,,unavailable in GeoTIFF; band index reported
scene_01_DT0000205230-Z0119,9,92,3391.333251953125,,unavailable in GeoTIFF; band index reported
scene_01_DT0000205230-Z0119,9,93,3345.666748046875,,unavailable in GeoTIFF; band index reported
scene_01_DT0000205230-Z0119,9,94,3311.0,4259.310714130656,unavailable in GeoTIFF; band index reported
scene_01_DT0000205230-Z0119,9,95,3353.333251953125,,unavailable in GeoTIFF; band index reported
scene_01_DT0000205230-Z0119,9,96,3347.333251953125,,unavailable in GeoTIFF; band index reported
scene_01_DT0000205230-Z0119,9,97,3388.666748046875,,unavailable in GeoTIFF; band index reported
scene_01_DT0000205230-Z0119,9,98,3361.666748046875,,unavailable in GeoTIFF; band index reported
scene_01_DT0000205230-Z0119,9,99,3407.0,,unavailable in GeoTIFF; band index reported
scene_01_DT0000205230-Z0119,9,100,3373.0,,unavailable in GeoTIFF; band index reported
scene_01_DT0000205230-Z0119,9,101,3418.333251953125,4276.150670826721,unavailable in GeoTIFF; band index reported
scene_01_DT0000205230-Z0119,9,102,3385.333251953125,,unavailable in GeoTIFF; band index reported
scene_01_DT0000205230-Z0119,9,103,3408.333251953125,,unavailable in GeoTIFF; band index reported
scene_01_DT0000205230-Z0119,9,104,3421.0,,unavailable in GeoTIFF; band index reported
scene_01_DT0000205230-Z0119,9,105,3431.0,,unavailable in GeoTIFF; band index reported
scene_01_DT0000205230-Z0119,9,106,3436.666748046875,,unavailable in GeoTIFF; band index reported
scene_01_DT0000205230-Z0119,9,107,3459.666748046875,,unavailable in GeoTIFF; band index reported
scene_01_DT0000205230-Z0119,9,108,3493.333251953125,4540.5920961105885,unavailable in GeoTIFF; band index reported
scene_01_DT0000205230-Z0119,9,109,3508.333251953125,,unavailable in GeoTIFF; band index reported
scene_01_DT0000205230-Z0119,9,110,3538.666748046875,,unavailable in GeoTIFF; band index reported
scene_01_DT0000205230-Z0119,9,111,3545.0,,unavailable in GeoTIFF; band index reported
scene_01_DT0000205230-Z0119,9,112,3465.333251953125,,unavailable in GeoTIFF; band index reported
scene_01_DT0000205230-Z0119,9,113,3725.0,,unavailable in GeoTIFF; band index reported
scene_01_DT0000205230-Z0119,9,114,3714.666748046875,,unavailable in GeoTIFF; band index reported
scene_01_DT0000205230-Z0119,9,115,3683.0,,unavailable in GeoTIFF; band index reported
scene_01_DT0000205230-Z0119,9,116,3725.333251953125,4718.103568199837,unavailable in GeoTIFF; band index reported
scene_01_DT0000205230-Z0119,9,117,3787.333251953125,,unavailable in GeoTIFF; band index reported
scene_01_DT0000205230-Z0119,9,118,3870.333251953125,,unavailable in GeoTIFF; band index reported
scene_01_DT0000205230-Z0119,9,119,3903.0,,unavailable in GeoTIFF; band index reported
scene_01_DT0000205230-Z0119,9,120,3935.333251953125,,unavailable in GeoTIFF; band index reported
scene_01_DT0000205230-Z0119,9,121,3995.666748046875,,unavailable in GeoTIFF; band index reported
scene_01_DT0000205230-Z0119,9,122,4037.0,,unavailable in GeoTIFF; band index reported
scene_01_DT0000205230-Z0119,9,123,4080.0,5005.2038251084705,unavailable in GeoTIFF; band index reported
scene_01_DT0000205230-Z0119,9,124,4126.66650390625,,unavailable in GeoTIFF; band index reported
scene_01_DT0000205230-Z0119,9,125,4229.0,,unavailable in GeoTIFF; band index reported
scene_01_DT0000205230-Z0119,9,126,4230.0,,unavailable in GeoTIFF; band index reported
scene_01_DT0000205230-Z0119,9,127,4243.0,,unavailable in GeoTIFF; band index reported
scene_01_DT0000205230-Z0119,9,128,4291.0,,unavailable in GeoTIFF; band index reported
scene_01_DT0000205230-Z0119,9,129,4319.33349609375,,unavailable in GeoTIFF; band index reported
scene_01_DT0000205230-Z0119,9,130,4297.0,5124.159687144271,unavailable in GeoTIFF; band index reported
scene_01_DT0000205230-Z0119,9,131,-32768.0,,unavailable in GeoTIFF; band index reported
scene_01_DT0000205230-Z0119,9,132,-32768.0,,unavailable in GeoTIFF; band index reported
scene_01_DT0000205230-Z0119,9,133,-32768.0,,unavailable in GeoTIFF; band index reported
scene_01_DT0000205230-Z0119,9,134,-32768.0,,unavailable in GeoTIFF; band index reported
scene_01_DT0000205230-Z0119,9,135,-32768.0,,unavailable in GeoTIFF; band index reported
scene_01_DT0000205230-Z0119,9,136,4492.0,,unavailable in GeoTIFF; band index reported
scene_01_DT0000205230-Z0119,9,137,4503.33349609375,5245.826935621986,unavailable in GeoTIFF; band index reported
scene_01_DT0000205230-Z0119,9,138,4465.0,,unavailable in GeoTIFF; band index reported
scene_01_DT0000205230-Z0119,9,139,4478.66650390625,,unavailable in GeoTIFF; band index reported
scene_01_DT0000205230-Z0119,9,140,4499.0,,unavailable in GeoTIFF; band index reported
scene_01_DT0000205230-Z0119,9,141,4536.66650390625,,unavailable in GeoTIFF; band index reported
scene_01_DT0000205230-Z0119,9,142,4562.0,,unavailable in GeoTIFF; band index reported
scene_01_DT0000205230-Z0119,9,143,4542.66650390625,,unavailable in GeoTIFF; band index reported
scene_01_DT0000205230-Z0119,9,144,4552.66650390625,5222.882217712209,unavailable in GeoTIFF; band index reported
scene_01_DT0000205230-Z0119,9,145,4564.33349609375,,unavailable in GeoTIFF; band index reported
scene_01_DT0000205230-Z0119,9,146,4549.0,,unavailable in GeoTIFF; band index reported
scene_01_DT0000205230-Z0119,9,147,4553.66650390625,,unavailable in GeoTIFF; band index reported
scene_01_DT0000205230-Z0119,9,148,4549.66650390625,,unavailable in GeoTIFF; band index reported
scene_01_DT0000205230-Z0119,9,149,4523.0,,unavailable in GeoTIFF; band index reported
scene_01_DT0000205230-Z0119,9,150,4540.0,,unavailable in GeoTIFF; band index reported
scene_01_DT0000205230-Z0119,9,151,4524.66650390625,,unavailable in GeoTIFF; band index reported
scene_01_DT0000205230-Z0119,9,152,4493.0,5253.7238336902,unavailable in GeoTIFF; band index reported
scene_01_DT0000205230-Z0119,9,153,4478.33349609375,,unavailable in GeoTIFF; band index reported
scene_01_DT0000205230-Z0119,9,154,4496.66650390625,,unavailable in GeoTIFF; band index reported
scene_01_DT0000205230-Z0119,9,155,4479.0,,unavailable in GeoTIFF; band index reported
scene_01_DT0000205230-Z0119,9,156,4477.33349609375,,unavailable in GeoTIFF; band index reported
scene_01_DT0000205230-Z0119,9,157,4478.0,,unavailable in GeoTIFF; band index reported
scene_01_DT0000205230-Z0119,9,158,4481.0,,unavailable in GeoTIFF; band index reported
scene_01_DT0000205230-Z0119,9,159,4483.66650390625,5264.417496137013,unavailable in GeoTIFF; band index reported
scene_01_DT0000205230-Z0119,9,160,4474.0,,unavailable in GeoTIFF; band index reported
scene_01_DT0000205230-Z0119,9,161,4459.66650390625,,unavailable in GeoTIFF; band index reported
scene_01_DT0000205230-Z0119,9,162,4465.0,,unavailable in GeoTIFF; band index reported
scene_01_DT0000205230-Z0119,9,163,4469.0,,unavailable in GeoTIFF; band index reported
scene_01_DT0000205230-Z0119,9,164,4410.66650390625,,unavailable in GeoTIFF; band index reported
scene_01_DT0000205230-Z0119,9,165,4385.33349609375,,unavailable in GeoTIFF; band index reported
scene_01_DT0000205230-Z0119,9,166,4275.66650390625,5057.993610688144,unavailable in GeoTIFF; band index reported
scene_01_DT0000205230-Z0119,9,167,4093.666748046875,,unavailable in GeoTIFF; band index reported
scene_01_DT0000205230-Z0119,9,168,4222.33349609375,,unavailable in GeoTIFF; band index reported
scene_01_DT0000205230-Z0119,9,169,4294.0,,unavailable in GeoTIFF; band index reported
scene_01_DT0000205230-Z0119,9,170,3863.0,,unavailable in GeoTIFF; band index reported
scene_01_DT0000205230-Z0119,9,171,3569.0,,unavailable in GeoTIFF; band index reported
scene_01_DT0000205230-Z0119,9,172,3822.333251953125,,unavailable in GeoTIFF; band index reported
scene_01_DT0000205230-Z0119,9,173,4285.0,4797.249264813836,unavailable in GeoTIFF; band index reported
scene_01_DT0000205230-Z0119,9,174,4384.33349609375,,unavailable in GeoTIFF; band index reported
scene_01_DT0000205230-Z0119,9,175,4424.0,,unavailable in GeoTIFF; band index reported
scene_01_DT0000205230-Z0119,9,176,4213.33349609375,,unavailable in GeoTIFF; band index reported
scene_01_DT0000205230-Z0119,9,177,4377.66650390625,,unavailable in GeoTIFF; band index reported
scene_01_DT0000205230-Z0119,9,178,4400.0,,unavailable in GeoTIFF; band index reported
scene_01_DT0000205230-Z0119,9,179,4480.66650390625,,unavailable in GeoTIFF; band index reported
scene_01_DT0000205230-Z0119,9,180,4444.66650390625,5133.687412636362,unavailable in GeoTIFF; band index reported
scene_01_DT0000205230-Z0119,9,181,4457.0,,unavailable in GeoTIFF; band index reported
scene_01_DT0000205230-Z0119,9,182,4485.0,,unavailable in GeoTIFF; band index reported
scene_01_DT0000205230-Z0119,9,183,4480.66650390625,,unavailable in GeoTIFF; band index reported
scene_01_DT0000205230-Z0119,9,184,4489.66650390625,,unavailable in GeoTIFF; band index reported
scene_01_DT0000205230-Z0119,9,185,4492.33349609375,,unavailable in GeoTIFF; band index reported
scene_01_DT0000205230-Z0119,9,186,4442.0,,unavailable in GeoTIFF; band index reported
scene_01_DT0000205230-Z0119,9,187,4391.0,,unavailable in GeoTIFF; band index reported
scene_01_DT0000205230-Z0119,9,188,4335.66650390625,4977.3868299771475,unavailable in GeoTIFF; band index reported
scene_01_DT0000205230-Z0119,9,189,4310.0,,unavailable in GeoTIFF; band index reported
scene_01_DT0000205230-Z0119,9,190,4268.33349609375,,unavailable in GeoTIFF; band index reported
scene_01_DT0000205230-Z0119,9,191,4225.66650390625,,unavailable in GeoTIFF; band index reported
scene_01_DT0000205230-Z0119,9,192,4179.33349609375,,unavailable in GeoTIFF; band index reported
scene_01_DT0000205230-Z0119,9,193,4073.666748046875,,unavailable in GeoTIFF; band index reported
scene_01_DT0000205230-Z0119,9,194,4038.666748046875,,unavailable in GeoTIFF; band index reported
scene_01_DT0000205230-Z0119,9,195,4095.666748046875,4669.994273505627,unavailable in GeoTIFF; band index reported
scene_01_DT0000205230-Z0119,9,196,4123.33349609375,,unavailable in GeoTIFF; band index reported
scene_01_DT0000205230-Z0119,9,197,4106.0,,unavailable in GeoTIFF; band index reported
scene_01_DT0000205230-Z0119,9,198,4072.0,,unavailable in GeoTIFF; band index reported
scene_01_DT0000205230-Z0119,9,199,4050.666748046875,,unavailable in GeoTIFF; band index reported
scene_01_DT0000205230-Z0119,9,200,4047.0,,unavailable in GeoTIFF; band index reported
scene_01_DT0000205230-Z0119,9,201,4032.333251953125,,unavailable in GeoTIFF; band index reported
scene_01_DT0000205230-Z0119,9,202,4036.333251953125,4693.603468694764,unavailable in GeoTIFF; band index reported
scene_01_DT0000205230-Z0119,9,203,4001.0,,unavailable in GeoTIFF; band index reported
scene_01_DT0000205230-Z0119,9,204,3914.333251953125,,unavailable in GeoTIFF; band index reported
scene_01_DT0000205230-Z0119,9,205,3885.0,,unavailable in GeoTIFF; band index reported
scene_01_DT0000205230-Z0119,9,206,3884.0,,unavailable in GeoTIFF; band index reported
scene_01_DT0000205230-Z0119,9,207,3755.666748046875,,unavailable in GeoTIFF; band index reported
scene_01_DT0000205230-Z0119,9,208,3815.333251953125,,unavailable in GeoTIFF; band index reported
scene_01_DT0000205230-Z0119,9,209,3776.333251953125,4418.7326716944735,unavailable in GeoTIFF; band index reported
scene_01_DT0000205230-Z0119,9,210,3681.333251953125,,unavailable in GeoTIFF; band index reported
scene_01_DT0000205230-Z0119,9,211,3657.0,,unavailable in GeoTIFF; band index reported
scene_01_DT0000205230-Z0119,9,212,3721.666748046875,,unavailable in GeoTIFF; band index reported
scene_01_DT0000205230-Z0119,9,213,3737.666748046875,,unavailable in GeoTIFF; band index reported
scene_01_DT0000205230-Z0119,9,214,3654.333251953125,,unavailable in GeoTIFF; band index reported
scene_01_DT0000205230-Z0119,9,215,3656.0,,unavailable in GeoTIFF; band index reported
scene_01_DT0000205230-Z0119,9,216,3598.333251953125,4194.452591104376,unavailable in GeoTIFF; band index reported
scene_01_DT0000205230-Z0119,9,217,3629.666748046875,,unavailable in GeoTIFF; band index reported
scene_01_DT0000205230-Z0119,9,218,3578.666748046875,,unavailable in GeoTIFF; band index reported
scene_01_DT0000205230-Z0119,9,219,3522.666748046875,,unavailable in GeoTIFF; band index reported
scene_01_DT0000205230-Z0119,9,220,3393.0,,unavailable in GeoTIFF; band index reported
scene_01_DT0000205230-Z0119,9,221,3558.666748046875,,unavailable in GeoTIFF; band index reported
scene_01_DT0000205230-Z0119,9,222,3404.0,,unavailable in GeoTIFF; band index reported
scene_01_DT0000205230-Z0119,9,223,3562.333251953125,,unavailable in GeoTIFF; band index reported
scene_01_DT0000205230-Z0119,9,224,3249.0,3914.243214639081,unavailable in GeoTIFF; band index reported
scene_01_DT0000205230-Z0065,10,1,944.0,917.0602603405777,unavailable in GeoTIFF; band index reported
scene_01_DT0000205230-Z0065,10,2,974.0,,unavailable in GeoTIFF; band index reported
scene_01_DT0000205230-Z0065,10,3,998.0,,unavailable in GeoTIFF; band index reported
scene_01_DT0000205230-Z0065,10,4,1025.0,,unavailable in GeoTIFF; band index reported
scene_01_DT0000205230-Z0065,10,5,1108.0,,unavailable in GeoTIFF; band index reported
scene_01_DT0000205230-Z0065,10,6,1104.0,,unavailable in GeoTIFF; band index reported
scene_01_DT0000205230-Z0065,10,7,1138.0,,unavailable in GeoTIFF; band index reported
scene_01_DT0000205230-Z0065,10,8,1169.0,1232.1687807391233,unavailable in GeoTIFF; band index reported
scene_01_DT0000205230-Z0065,10,9,1195.0,,unavailable in GeoTIFF; band index reported
scene_01_DT0000205230-Z0065,10,10,1213.0,,unavailable in GeoTIFF; band index reported
scene_01_DT0000205230-Z0065,10,11,1242.0,,unavailable in GeoTIFF; band index reported
scene_01_DT0000205230-Z0065,10,12,1261.0,,unavailable in GeoTIFF; band index reported
scene_01_DT0000205230-Z0065,10,13,1272.0,,unavailable in GeoTIFF; band index reported
scene_01_DT0000205230-Z0065,10,14,1303.0,,unavailable in GeoTIFF; band index reported
scene_01_DT0000205230-Z0065,10,15,1351.0,1425.9121730718762,unavailable in GeoTIFF; band index reported
scene_01_DT0000205230-Z0065,10,16,1386.0,,unavailable in GeoTIFF; band index reported
scene_01_DT0000205230-Z0065,10,17,1411.0,,unavailable in GeoTIFF; band index reported
scene_01_DT0000205230-Z0065,10,18,1439.0,,unavailable in GeoTIFF; band index reported
scene_01_DT0000205230-Z0065,10,19,1495.0,,unavailable in GeoTIFF; band index reported
scene_01_DT0000205230-Z0065,10,20,1546.0,,unavailable in GeoTIFF; band index reported
scene_01_DT0000205230-Z0065,10,21,1601.0,,unavailable in GeoTIFF; band index reported
scene_01_DT0000205230-Z0065,10,22,1644.0,1812.7965806589375,unavailable in GeoTIFF; band index reported
scene_01_DT0000205230-Z0065,10,23,1682.0,,unavailable in GeoTIFF; band index reported
scene_01_DT0000205230-Z0065,10,24,1758.0,,unavailable in GeoTIFF; band index reported
scene_01_DT0000205230-Z0065,10,25,1814.0,,unavailable in GeoTIFF; band index reported
scene_01_DT0000205230-Z0065,10,26,1872.0,,unavailable in GeoTIFF; band index reported
scene_01_DT0000205230-Z0065,10,27,1920.0,,unavailable in GeoTIFF; band index reported
scene_01_DT0000205230-Z0065,10,28,1999.0,,unavailable in GeoTIFF; band index reported
scene_01_DT0000205230-Z0065,10,29,2067.0,2378.0732384444686,unavailable in GeoTIFF; band index reported
scene_01_DT0000205230-Z0065,10,30,2130.0,,unavailable in GeoTIFF; band index reported
scene_01_DT0000205230-Z0065,10,31,2215.0,,unavailable in GeoTIFF; band index reported
scene_01_DT0000205230-Z0065,10,32,2303.0,,unavailable in GeoTIFF; band index reported
scene_01_DT0000205230-Z0065,10,33,2350.0,,unavailable in GeoTIFF; band index reported
scene_01_DT0000205230-Z0065,10,34,2419.0,,unavailable in GeoTIFF; band index reported
scene_01_DT0000205230-Z0065,10,35,2495.0,,unavailable in GeoTIFF; band index reported
scene_01_DT0000205230-Z0065,10,36,2547.0,3052.808919434462,unavailable in GeoTIFF; band index reported
scene_01_DT0000205230-Z0065,10,37,2595.0,,unavailable in GeoTIFF; band index reported
scene_01_DT0000205230-Z0065,10,38,2648.0,,unavailable in GeoTIFF; band index reported
scene_01_DT0000205230-Z0065,10,39,2678.0,,unavailable in GeoTIFF; band index reported
scene_01_DT0000205230-Z0065,10,40,2716.0,,unavailable in GeoTIFF; band index reported
scene_01_DT0000205230-Z0065,10,41,2771.0,,unavailable in GeoTIFF; band index reported
scene_01_DT0000205230-Z0065,10,42,2794.0,,unavailable in GeoTIFF; band index reported
scene_01_DT0000205230-Z0065,10,43,2803.0,,unavailable in GeoTIFF; band index reported
scene_01_DT0000205230-Z0065,10,44,2836.0,3452.7579941120193,unavailable in GeoTIFF; band index reported
scene_01_DT0000205230-Z0065,10,45,2888.0,,unavailable in GeoTIFF; band index reported
scene_01_DT0000205230-Z0065,10,46,2922.0,,unavailable in GeoTIFF; band index reported
scene_01_DT0000205230-Z0065,10,47,2947.0,,unavailable in GeoTIFF; band index reported
scene_01_DT0000205230-Z0065,10,48,2971.0,,unavailable in GeoTIFF; band index reported
scene_01_DT0000205230-Z0065,10,49,2979.0,,unavailable in GeoTIFF; band index reported
scene_01_DT0000205230-Z0065,10,50,3000.0,,unavailable in GeoTIFF; band index reported
scene_01_DT0000205230-Z0065,10,51,3071.0,3726.9295512530684,unavailable in GeoTIFF; band index reported
scene_01_DT0000205230-Z0065,10,52,3084.0,,unavailable in GeoTIFF; band index reported
scene_01_DT0000205230-Z0065,10,53,3121.0,,unavailable in GeoTIFF; band index reported
scene_01_DT0000205230-Z0065,10,54,3103.0,,unavailable in GeoTIFF; band index reported
scene_01_DT0000205230-Z0065,10,55,3145.0,,unavailable in GeoTIFF; band index reported
scene_01_DT0000205230-Z0065,10,56,3213.0,,unavailable in GeoTIFF; band index reported
scene_01_DT0000205230-Z0065,10,57,3265.0,,unavailable in GeoTIFF; band index reported
scene_01_DT0000205230-Z0065,10,58,3264.0,4007.177645123073,unavailable in GeoTIFF; band index reported
scene_01_DT0000205230-Z0065,10,59,3290.0,,unavailable in GeoTIFF; band index reported
scene_01_DT0000205230-Z0065,10,60,3275.0,,unavailable in GeoTIFF; band index reported
scene_01_DT0000205230-Z0065,10,61,3355.0,,unavailable in GeoTIFF; band index reported
scene_01_DT0000205230-Z0065,10,62,3178.0,,unavailable in GeoTIFF; band index reported
scene_01_DT0000205230-Z0065,10,63,3370.0,,unavailable in GeoTIFF; band index reported
scene_01_DT0000205230-Z0065,10,64,3418.0,,unavailable in GeoTIFF; band index reported
scene_01_DT0000205230-Z0065,10,65,3438.0,4159.730422748184,unavailable in GeoTIFF; band index reported
scene_01_DT0000205230-Z0065,10,66,3448.0,,unavailable in GeoTIFF; band index reported
scene_01_DT0000205230-Z0065,10,67,3458.0,,unavailable in GeoTIFF; band index reported
scene_01_DT0000205230-Z0065,10,68,3513.0,,unavailable in GeoTIFF; band index reported
scene_01_DT0000205230-Z0065,10,69,3537.0,,unavailable in GeoTIFF; band index reported
scene_01_DT0000205230-Z0065,10,70,3563.0,,unavailable in GeoTIFF; band index reported
scene_01_DT0000205230-Z0065,10,71,3501.0,,unavailable in GeoTIFF; band index reported
scene_01_DT0000205230-Z0065,10,72,3512.0,4216.483716818321,unavailable in GeoTIFF; band index reported
scene_01_DT0000205230-Z0065,10,73,3501.0,,unavailable in GeoTIFF; band index reported
scene_01_DT0000205230-Z0065,10,74,3532.0,,unavailable in GeoTIFF; band index reported
scene_01_DT0000205230-Z0065,10,75,3525.0,,unavailable in GeoTIFF; band index reported
scene_01_DT0000205230-Z0065,10,76,3510.0,,unavailable in GeoTIFF; band index reported
scene_01_DT0000205230-Z0065,10,77,3559.0,,unavailable in GeoTIFF; band index reported
scene_01_DT0000205230-Z0065,10,78,3458.0,,unavailable in GeoTIFF; band index reported
scene_01_DT0000205230-Z0065,10,79,3539.0,,unavailable in GeoTIFF; band index reported
scene_01_DT0000205230-Z0065,10,80,3568.0,4232.014678740068,unavailable in GeoTIFF; band index reported
scene_01_DT0000205230-Z0065,10,81,3507.0,,unavailable in GeoTIFF; band index reported
scene_01_DT0000205230-Z0065,10,82,3567.0,,unavailable in GeoTIFF; band index reported
scene_01_DT0000205230-Z0065,10,83,3482.0,,unavailable in GeoTIFF; band index reported
scene_01_DT0000205230-Z0065,10,84,3344.0,,unavailable in GeoTIFF; band index reported
scene_01_DT0000205230-Z0065,10,85,3592.0,,unavailable in GeoTIFF; band index reported
scene_01_DT0000205230-Z0065,10,86,3492.0,,unavailable in GeoTIFF; band index reported
scene_01_DT0000205230-Z0065,10,87,3462.0,4099.515230214146,unavailable in GeoTIFF; band index reported
scene_01_DT0000205230-Z0065,10,88,3668.0,,unavailable in GeoTIFF; band index reported
scene_01_DT0000205230-Z0065,10,89,3648.0,,unavailable in GeoTIFF; band index reported
scene_01_DT0000205230-Z0065,10,90,3711.0,,unavailable in GeoTIFF; band index reported
scene_01_DT0000205230-Z0065,10,91,3593.0,,unavailable in GeoTIFF; band index reported
scene_01_DT0000205230-Z0065,10,92,3576.0,,unavailable in GeoTIFF; band index reported
scene_01_DT0000205230-Z0065,10,93,3509.0,,unavailable in GeoTIFF; band index reported
scene_01_DT0000205230-Z0065,10,94,3576.0,4259.310714130656,unavailable in GeoTIFF; band index reported
scene_01_DT0000205230-Z0065,10,95,3548.0,,unavailable in GeoTIFF; band index reported
scene_01_DT0000205230-Z0065,10,96,3641.0,,unavailable in GeoTIFF; band index reported
scene_01_DT0000205230-Z0065,10,97,3533.0,,unavailable in GeoTIFF; band index reported
scene_01_DT0000205230-Z0065,10,98,3650.0,,unavailable in GeoTIFF; band index reported
scene_01_DT0000205230-Z0065,10,99,3555.0,,unavailable in GeoTIFF; band index reported
scene_01_DT0000205230-Z0065,10,100,3661.0,,unavailable in GeoTIFF; band index reported
scene_01_DT0000205230-Z0065,10,101,3581.0,4276.150670826721,unavailable in GeoTIFF; band index reported
scene_01_DT0000205230-Z0065,10,102,3672.0,,unavailable in GeoTIFF; band index reported
scene_01_DT0000205230-Z0065,10,103,3696.0,,unavailable in GeoTIFF; band index reported
scene_01_DT0000205230-Z0065,10,104,3685.0,,unavailable in GeoTIFF; band index reported
scene_01_DT0000205230-Z0065,10,105,3695.0,,unavailable in GeoTIFF; band index reported
scene_01_DT0000205230-Z0065,10,106,3685.0,,unavailable in GeoTIFF; band index reported
scene_01_DT0000205230-Z0065,10,107,3701.0,,unavailable in GeoTIFF; band index reported
scene_01_DT0000205230-Z0065,10,108,3708.0,4540.5920961105885,unavailable in GeoTIFF; band index reported
scene_01_DT0000205230-Z0065,10,109,3713.0,,unavailable in GeoTIFF; band index reported
scene_01_DT0000205230-Z0065,10,110,3734.0,,unavailable in GeoTIFF; band index reported
scene_01_DT0000205230-Z0065,10,111,3739.0,,unavailable in GeoTIFF; band index reported
scene_01_DT0000205230-Z0065,10,112,3666.0,,unavailable in GeoTIFF; band index reported
scene_01_DT0000205230-Z0065,10,113,3803.0,,unavailable in GeoTIFF; band index reported
scene_01_DT0000205230-Z0065,10,114,3801.0,,unavailable in GeoTIFF; band index reported
scene_01_DT0000205230-Z0065,10,115,3674.0,,unavailable in GeoTIFF; band index reported
scene_01_DT0000205230-Z0065,10,116,3719.0,4718.103568199837,unavailable in GeoTIFF; band index reported
scene_01_DT0000205230-Z0065,10,117,3780.0,,unavailable in GeoTIFF; band index reported
scene_01_DT0000205230-Z0065,10,118,3824.0,,unavailable in GeoTIFF; band index reported
scene_01_DT0000205230-Z0065,10,119,3831.0,,unavailable in GeoTIFF; band index reported
scene_01_DT0000205230-Z0065,10,120,3825.0,,unavailable in GeoTIFF; band index reported
scene_01_DT0000205230-Z0065,10,121,3843.0,,unavailable in GeoTIFF; band index reported
scene_01_DT0000205230-Z0065,10,122,3863.0,,unavailable in GeoTIFF; band index reported
scene_01_DT0000205230-Z0065,10,123,3882.0,5005.2038251084705,unavailable in GeoTIFF; band index reported
scene_01_DT0000205230-Z0065,10,124,3920.0,,unavailable in GeoTIFF; band index reported
scene_01_DT0000205230-Z0065,10,125,3950.0,,unavailable in GeoTIFF; band index reported
scene_01_DT0000205230-Z0065,10,126,3927.0,,unavailable in GeoTIFF; band index reported
scene_01_DT0000205230-Z0065,10,127,3944.0,,unavailable in GeoTIFF; band index reported
scene_01_DT0000205230-Z0065,10,128,3973.0,,unavailable in GeoTIFF; band index reported
scene_01_DT0000205230-Z0065,10,129,3977.0,,unavailable in GeoTIFF; band index reported
scene_01_DT0000205230-Z0065,10,130,3983.0,5124.159687144271,unavailable in GeoTIFF; band index reported
scene_01_DT0000205230-Z0065,10,131,-32768.0,,unavailable in GeoTIFF; band index reported
scene_01_DT0000205230-Z0065,10,132,-32768.0,,unavailable in GeoTIFF; band index reported
scene_01_DT0000205230-Z0065,10,133,-32768.0,,unavailable in GeoTIFF; band index reported
scene_01_DT0000205230-Z0065,10,134,-32768.0,,unavailable in GeoTIFF; band index reported
scene_01_DT0000205230-Z0065,10,135,-32768.0,,unavailable in GeoTIFF; band index reported
scene_01_DT0000205230-Z0065,10,136,3955.0,,unavailable in GeoTIFF; band index reported
scene_01_DT0000205230-Z0065,10,137,4183.0,5245.826935621986,unavailable in GeoTIFF; band index reported
scene_01_DT0000205230-Z0065,10,138,4066.0,,unavailable in GeoTIFF; band index reported
scene_01_DT0000205230-Z0065,10,139,4030.0,,unavailable in GeoTIFF; band index reported
scene_01_DT0000205230-Z0065,10,140,4105.0,,unavailable in GeoTIFF; band index reported
scene_01_DT0000205230-Z0065,10,141,4170.0,,unavailable in GeoTIFF; band index reported
scene_01_DT0000205230-Z0065,10,142,4192.0,,unavailable in GeoTIFF; band index reported
scene_01_DT0000205230-Z0065,10,143,4200.0,,unavailable in GeoTIFF; band index reported
scene_01_DT0000205230-Z0065,10,144,4202.0,5222.882217712209,unavailable in GeoTIFF; band index reported
scene_01_DT0000205230-Z0065,10,145,4224.0,,unavailable in GeoTIFF; band index reported
scene_01_DT0000205230-Z0065,10,146,4231.0,,unavailable in GeoTIFF; band index reported
scene_01_DT0000205230-Z0065,10,147,4226.0,,unavailable in GeoTIFF; band index reported
scene_01_DT0000205230-Z0065,10,148,4233.0,,unavailable in GeoTIFF; band index reported
scene_01_DT0000205230-Z0065,10,149,4250.0,,unavailable in GeoTIFF; band index reported
scene_01_DT0000205230-Z0065,10,150,4251.0,,unavailable in GeoTIFF; band index reported
scene_01_DT0000205230-Z0065,10,151,4255.0,,unavailable in GeoTIFF; band index reported
scene_01_DT0000205230-Z0065,10,152,4257.0,5253.7238336902,unavailable in GeoTIFF; band index reported
scene_01_DT0000205230-Z0065,10,153,4248.0,,unavailable in GeoTIFF; band index reported
scene_01_DT0000205230-Z0065,10,154,4273.0,,unavailable in GeoTIFF; band index reported
scene_01_DT0000205230-Z0065,10,155,4256.0,,unavailable in GeoTIFF; band index reported
scene_01_DT0000205230-Z0065,10,156,4275.0,,unavailable in GeoTIFF; band index reported
scene_01_DT0000205230-Z0065,10,157,4285.0,,unavailable in GeoTIFF; band index reported
scene_01_DT0000205230-Z0065,10,158,4275.0,,unavailable in GeoTIFF; band index reported
scene_01_DT0000205230-Z0065,10,159,4297.0,5264.417496137013,unavailable in GeoTIFF; band index reported
scene_01_DT0000205230-Z0065,10,160,4305.0,,unavailable in GeoTIFF; band index reported
scene_01_DT0000205230-Z0065,10,161,4288.0,,unavailable in GeoTIFF; band index reported
scene_01_DT0000205230-Z0065,10,162,4299.0,,unavailable in GeoTIFF; band index reported
scene_01_DT0000205230-Z0065,10,163,4298.0,,unavailable in GeoTIFF; band index reported
scene_01_DT0000205230-Z0065,10,164,4273.0,,unavailable in GeoTIFF; band index reported
scene_01_DT0000205230-Z0065,10,165,4241.0,,unavailable in GeoTIFF; band index reported
scene_01_DT0000205230-Z0065,10,166,4178.0,5057.993610688144,unavailable in GeoTIFF; band index reported
scene_01_DT0000205230-Z0065,10,167,3801.0,,unavailable in GeoTIFF; band index reported
scene_01_DT0000205230-Z0065,10,168,3995.0,,unavailable in GeoTIFF; band index reported
scene_01_DT0000205230-Z0065,10,169,4170.0,,unavailable in GeoTIFF; band index reported
scene_01_DT0000205230-Z0065,10,170,4034.0,,unavailable in GeoTIFF; band index reported
scene_01_DT0000205230-Z0065,10,171,3380.0,,unavailable in GeoTIFF; band index reported
scene_01_DT0000205230-Z0065,10,172,3558.0,,unavailable in GeoTIFF; band index reported
scene_01_DT0000205230-Z0065,10,173,3908.0,4797.249264813836,unavailable in GeoTIFF; band index reported
scene_01_DT0000205230-Z0065,10,174,4212.0,,unavailable in GeoTIFF; band index reported
scene_01_DT0000205230-Z0065,10,175,4316.0,,unavailable in GeoTIFF; band index reported
scene_01_DT0000205230-Z0065,10,176,4226.0,,unavailable in GeoTIFF; band index reported
scene_01_DT0000205230-Z0065,10,177,4210.0,,unavailable in GeoTIFF; band index reported
scene_01_DT0000205230-Z0065,10,178,4187.0,,unavailable in GeoTIFF; band index reported
scene_01_DT0000205230-Z0065,10,179,4301.0,,unavailable in GeoTIFF; band index reported
scene_01_DT0000205230-Z0065,10,180,4276.0,5133.687412636362,unavailable in GeoTIFF; band index reported
scene_01_DT0000205230-Z0065,10,181,4290.0,,unavailable in GeoTIFF; band index reported
scene_01_DT0000205230-Z0065,10,182,4319.0,,unavailable in GeoTIFF; band index reported
scene_01_DT0000205230-Z0065,10,183,4305.0,,unavailable in GeoTIFF; band index reported
scene_01_DT0000205230-Z0065,10,184,4320.0,,unavailable in GeoTIFF; band index reported
scene_01_DT0000205230-Z0065,10,185,4304.0,,unavailable in GeoTIFF; band index reported
scene_01_DT0000205230-Z0065,10,186,4273.0,,unavailable in GeoTIFF; band index reported
scene_01_DT0000205230-Z0065,10,187,4245.0,,unavailable in GeoTIFF; band index reported
scene_01_DT0000205230-Z0065,10,188,4195.0,4977.3868299771475,unavailable in GeoTIFF; band index reported
scene_01_DT0000205230-Z0065,10,189,4116.0,,unavailable in GeoTIFF; band index reported
scene_01_DT0000205230-Z0065,10,190,4075.0,,unavailable in GeoTIFF; band index reported
scene_01_DT0000205230-Z0065,10,191,4030.0,,unavailable in GeoTIFF; band index reported
scene_01_DT0000205230-Z0065,10,192,3971.0,,unavailable in GeoTIFF; band index reported
scene_01_DT0000205230-Z0065,10,193,3851.0,,unavailable in GeoTIFF; band index reported
scene_01_DT0000205230-Z0065,10,194,3815.0,,unavailable in GeoTIFF; band index reported
scene_01_DT0000205230-Z0065,10,195,3900.0,4669.994273505627,unavailable in GeoTIFF; band index reported
scene_01_DT0000205230-Z0065,10,196,3960.0,,unavailable in GeoTIFF; band index reported
scene_01_DT0000205230-Z0065,10,197,3949.0,,unavailable in GeoTIFF; band index reported
scene_01_DT0000205230-Z0065,10,198,3906.0,,unavailable in GeoTIFF; band index reported
scene_01_DT0000205230-Z0065,10,199,3866.0,,unavailable in GeoTIFF; band index reported
scene_01_DT0000205230-Z0065,10,200,3841.0,,unavailable in GeoTIFF; band index reported
scene_01_DT0000205230-Z0065,10,201,3850.0,,unavailable in GeoTIFF; band index reported
scene_01_DT0000205230-Z0065,10,202,3840.0,4693.603468694764,unavailable in GeoTIFF; band index reported
scene_01_DT0000205230-Z0065,10,203,3828.0,,unavailable in GeoTIFF; band index reported
scene_01_DT0000205230-Z0065,10,204,3749.0,,unavailable in GeoTIFF; band index reported
scene_01_DT0000205230-Z0065,10,205,3673.0,,unavailable in GeoTIFF; band index reported
scene_01_DT0000205230-Z0065,10,206,3661.0,,unavailable in GeoTIFF; band index reported
scene_01_DT0000205230-Z0065,10,207,3626.0,,unavailable in GeoTIFF; band index reported
scene_01_DT0000205230-Z0065,10,208,3543.0,,unavailable in GeoTIFF; band index reported
scene_01_DT0000205230-Z0065,10,209,3544.0,4418.7326716944735,unavailable in GeoTIFF; band index reported
scene_01_DT0000205230-Z0065,10,210,3472.0,,unavailable in GeoTIFF; band index reported
scene_01_DT0000205230-Z0065,10,211,3418.0,,unavailable in GeoTIFF; band index reported
scene_01_DT0000205230-Z0065,10,212,3428.0,,unavailable in GeoTIFF; band index reported
scene_01_DT0000205230-Z0065,10,213,3530.0,,unavailable in GeoTIFF; band index reported
scene_01_DT0000205230-Z0065,10,214,3513.0,,unavailable in GeoTIFF; band index reported
scene_01_DT0000205230-Z0065,10,215,3486.0,,unavailable in GeoTIFF; band index reported
scene_01_DT0000205230-Z0065,10,216,3471.0,4194.452591104376,unavailable in GeoTIFF; band index reported
scene_01_DT0000205230-Z0065,10,217,3490.0,,unavailable in GeoTIFF; band index reported
scene_01_DT0000205230-Z0065,10,218,3497.0,,unavailable in GeoTIFF; band index reported
scene_01_DT0000205230-Z0065,10,219,3430.0,,unavailable in GeoTIFF; band index reported
scene_01_DT0000205230-Z0065,10,220,3340.0,,unavailable in GeoTIFF; band index reported
scene_01_DT0000205230-Z0065,10,221,3320.0,,unavailable in GeoTIFF; band index reported
scene_01_DT0000205230-Z0065,10,222,3426.0,,unavailable in GeoTIFF; band index reported
scene_01_DT0000205230-Z0065,10,223,3297.0,,unavailable in GeoTIFF; band index reported
scene_01_DT0000205230-Z0065,10,224,3359.0,3914.243214639081,unavailable in GeoTIFF; band index reported
