{"type": "FeatureCollection", "crs": {"type": "name", "properties": {"name": "EPSG:32636"}}, "features": [{"type": "Feature", "geometry": {"type": "Polygon", "coordinates": [[[565725.0, 1975785.0], [565725.0, 1975605.0], [565755.0, 1975605.0], [565755.0, 1975545.0], [565815.0, 1975545.0], [565815.0, 1975575.0], [565845.0, 1975575.0], [565845.0, 1975635.0], [565875.0, 1975635.0], [565875.0, 1975695.0], [565905.0, 1975695.0], [565905.0, 1975785.0], [565845.0, 1975785.0], [565845.0, 1975725.0], [565785.0, 1975725.0], [565785.0, 1975785.0], [565725.0, 1975785.0]]]}, "properties": {"zone_id": "scene_01_DT0000205230-Z0001", "scene": "scene_01_DT0000205230", "pixel_count": 34, "approx_area_m2": 30600.0, "centroid_x": 565803.5294117647, "centroid_y": 1975680.0, "mean_risk": 2.068101167678833, "max_risk": 2.724358320236206, "median_risk": 1.9541746377944946, "high_priority_pixel_pct": 100.0, "priority_category": "HIGH PRIORITY", "threshold_type": "95th percentile prioritisation threshold", "recommendation": "Spectral-stress evidence detected. Prioritise field inspection to determine the underlying cause. Field verification required.", "priority_rank": 122}}, {"type": "Feature", "geometry": {"type": "Polygon", "coordinates": [[[566145.0, 1975755.0], [566145.0, 1975635.0], [566175.0, 1975635.0], [566175.0, 1975515.0], [566205.0, 1975515.0], [566205.0, 1975485.0], [566235.0, 1975485.0], [566235.0, 1975455.0], [566265.0, 1975455.0], [566265.0, 1975395.0], [566235.0, 1975395.0], [566235.0, 1975305.0], [566205.0, 1975305.0], [566205.0, 1975275.0], [566265.0, 1975275.0], [566265.0, 1975215.0], [566295.0, 1975215.0], [566295.0, 1975155.0], [566325.0, 1975155.0], [566325.0, 1975065.0], [566505.0, 1975065.0], [566505.0, 1975125.0], [566445.0, 1975125.0], [566445.0, 1975215.0], [566415.0, 1975215.0], [566415.0, 1975335.0], [566385.0, 1975335.0], [566385.0, 1975425.0], [566295.0, 1975425.0], [566295.0, 1975485.0], [566325.0, 1975485.0], [566325.0, 1975635.0], [566295.0, 1975635.0], [566295.0, 1975665.0], [566265.0, 1975665.0], [566265.0, 1975695.0], [566295.0, 1975695.0], [566295.0, 1975725.0], [566235.0, 1975725.0], [566235.0, 1975755.0], [566145.0, 1975755.0]], [[566205.0, 1975575.0], [566235.0, 1975575.0], [566235.0, 1975545.0], [566205.0, 1975545.0], [566205.0, 1975575.0]], [[566325.0, 1975335.0], [566385.0, 1975335.0], [566385.0, 1975215.0], [566355.0, 1975215.0], [566355.0, 1975185.0], [566325.0, 1975185.0], [566325.0, 1975335.0]]]}, "properties": {"zone_id": "scene_01_DT0000205230-Z0002", "scene": "scene_01_DT0000205230", "pixel_count": 192, "approx_area_m2": 172800.0, "centroid_x": 566170.46875, "centroid_y": 1975418.59375, "mean_risk": 2.016838788986206, "max_risk": 3.289212465286255, "median_risk": 1.9680743217468262, "high_priority_pixel_pct": 100.0, "priority_category": "HIGH PRIORITY", "threshold_type": "95th percentile prioritisation threshold", "recommendation": "Spectral-stress evidence detected. Prioritise field inspection to determine the underlying cause. Field verification required.", "priority_rank": 146}}, {"type": "Feature", "geometry": {"type": "Polygon", "coordinates": [[[555435.0, 1975425.0], [555435.0, 1975395.0], [555375.0, 1975395.0], [555375.0, 1975335.0], [555405.0, 1975335.0], [555405.0, 1975305.0], [555495.0, 1975305.0], [555495.0, 1975275.0], [555525.0, 1975275.0], [555525.0, 1975365.0], [555495.0, 1975365.0], [555495.0, 1975395.0], [555465.0, 1975395.0], [555465.0, 1975425.0], [555435.0, 1975425.0]]]}, "properties": {"zone_id": "scene_01_DT0000205230-Z0003", "scene": "scene_01_DT0000205230", "pixel_count": 15, "approx_area_m2": 13500.0, "centroid_x": 555454.0, "centroid_y": 1975350.0, "mean_risk": 2.091688394546509, "max_risk": 2.618891954421997, "median_risk": 2.042313814163208, "high_priority_pixel_pct": 100.0, "priority_category": "HIGH PRIORITY", "threshold_type": "95th percentile prioritisation threshold", "recommendation": "Spectral-stress evidence detected. Prioritise field inspection to determine the underlying cause. Field verification required.", "priority_rank": 116}}, {"type": "Feature", "geometry": {"type": "Polygon", "coordinates": [[[565815.0, 1974855.0], [565815.0, 1974825.0], [565845.0, 1974825.0], [565845.0, 1974855.0], [565815.0, 1974855.0]]]}, "properties": {"zone_id": "scene_01_DT0000205230-Z0004", "scene": "scene_01_DT0000205230", "pixel_count": 54, "approx_area_m2": 48600.0, "centroid_x": 565804.4444444445, "centroid_y": 1975074.4444444445, "mean_risk": 1.9363051652908325, "max_risk": 2.2936980724334717, "median_risk": 1.9100643396377563, "high_priority_pixel_pct": 100.0, "priority_category": "HIGH PRIORITY", "threshold_type": "95th percentile prioritisation threshold", "recommendation": "Spectral-stress evidence detected. Prioritise field inspection to determine the underlying cause. Field verification required.", "priority_rank": 211}}, {"type": "Feature", "geometry": {"type": "Polygon", "coordinates": [[[566085.0, 1975185.0], [566085.0, 1975125.0], [566115.0, 1975125.0], [566115.0, 1975095.0], [566175.0, 1975095.0], [566175.0, 1975065.0], [566205.0, 1975065.0], [566205.0, 1975155.0], [566115.0, 1975155.0], [566115.0, 1975185.0], [566085.0, 1975185.0]]]}, "properties": {"zone_id": "scene_01_DT0000205230-Z0005", "scene": "scene_01_DT0000205230", "pixel_count": 9, "approx_area_m2": 8100.0, "centroid_x": 566150.0, "centroid_y": 1975126.6666666667, "mean_risk": 1.8062098026275635, "max_risk": 1.9503337144851685, "median_risk": 1.8222099542617798, "high_priority_pixel_pct": 100.0, "priority_category": "HIGH PRIORITY", "threshold_type": "95th percentile prioritisation threshold", "recommendation": "Spectral-stress evidence detected. Prioritise field inspection to determine the underlying cause. Field verification required.", "priority_rank": 329}}, {"type": "Feature", "geometry": {"type": "Polygon", "coordinates": [[[570315.0, 1975185.0], [570315.0, 1975125.0], [570405.0, 1975125.0], [570405.0, 1975095.0], [570435.0, 1975095.0], [570435.0, 1975065.0], [570495.0, 1975065.0], [570495.0, 1975035.0], [570645.0, 1975035.0], [570645.0, 1975125.0], [570615.0, 1975125.0], [570615.0, 1975155.0], [570405.0, 1975155.0], [570405.0, 1975185.0], [570315.0, 1975185.0]]]}, "properties": {"zone_id": "scene_01_DT0000205230-Z0006", "scene": "scene_01_DT0000205230", "pixel_count": 33, "approx_area_m2": 29700.0, "centroid_x": 570501.8181818182, "centroid_y": 1975109.0909090908, "mean_risk": 2.3963570594787598, "max_risk": 4.013289451599121, "median_risk": 2.1162002086639404, "high_priority_pixel_pct": 100.0, "priority_category": "HIGH PRIORITY", "threshold_type": "95th percentile prioritisation threshold", "recommendation": "Spectral-stress evidence detected. Prioritise field inspection to determine the underlying cause. Field verification required.", "priority_rank": 44}}, {"type": "Feature", "geometry": {"type": "Polygon", "coordinates": [[[566745.0, 1975125.0], [566745.0, 1975065.0], [566805.0, 1975065.0], [566805.0, 1975035.0], [566775.0, 1975035.0], [566775.0, 1975005.0], [566745.0, 1975005.0], [566745.0, 1974975.0], [566715.0, 1974975.0], [566715.0, 1974915.0], [566745.0, 1974915.0], [566745.0, 1974825.0], [566775.0, 1974825.0], [566775.0, 1974735.0], [566805.0, 1974735.0], [566805.0, 1974675.0], [566835.0, 1974675.0], [566835.0, 1974645.0], [566925.0, 1974645.0], [566925.0, 1974765.0], [566895.0, 1974765.0], [566895.0, 1974795.0], [566925.0, 1974795.0], [566925.0, 1974855.0], [566895.0, 1974855.0], [566895.0, 1974885.0], [566865.0, 1974885.0], [566865.0, 1974945.0], [566835.0, 1974945.0], [566835.0, 1975125.0], [566745.0, 1975125.0]]]}, "properties": {"zone_id": "scene_01_DT0000205230-Z0007", "scene": "scene_01_DT0000205230", "pixel_count": 61, "approx_area_m2": 54900.0, "centroid_x": 566824.9180327869, "centroid_y": 1974863.1147540985, "mean_risk": 2.090355396270752, "max_risk": 3.4769492149353027, "median_risk": 1.909744143486023, "high_priority_pixel_pct": 100.0, "priority_category": "HIGH PRIORITY", "threshold_type": "95th percentile prioritisation threshold", "recommendation": "Spectral-stress evidence detected. Prioritise field inspection to determine the underlying cause. Field verification required.", "priority_rank": 117}}, {"type": "Feature", "geometry": {"type": "Polygon", "coordinates": [[[571335.0, 1975035.0], [571335.0, 1975005.0], [571305.0, 1975005.0], [571305.0, 1974975.0], [571245.0, 1974975.0], [571245.0, 1974855.0], [571305.0, 1974855.0], [571305.0, 1974885.0], [571335.0, 1974885.0], [571335.0, 1974945.0], [571365.0, 1974945.0], [571365.0, 1974915.0], [571395.0, 1974915.0], [571395.0, 1974945.0], [571425.0, 1974945.0], [571425.0, 1975005.0], [571395.0, 1975005.0], [571395.0, 1975035.0], [571335.0, 1975035.0]]]}, "properties": {"zone_id": "scene_01_DT0000205230-Z0008", "scene": "scene_01_DT0000205230", "pixel_count": 22, "approx_area_m2": 19800.0, "centroid_x": 571332.2727272727, "centroid_y": 1974947.7272727273, "mean_risk": 2.078270673751831, "max_risk": 2.9426043033599854, "median_risk": 1.9662120342254639, "high_priority_pixel_pct": 100.0, "priority_category": "HIGH PRIORITY", "threshold_type": "95th percentile prioritisation threshold", "recommendation": "Spectral-stress evidence detected. Prioritise field inspection to determine the underlying cause. Field verification required.", "priority_rank": 119}}, {"type": "Feature", "geometry": {"type": "Polygon", "coordinates": [[[566025.0, 1975005.0], [566025.0, 1974795.0], [566325.0, 1974795.0], [566325.0, 1974765.0], [566355.0, 1974765.0], [566355.0, 1974825.0], [566325.0, 1974825.0], [566325.0, 1974885.0], [566295.0, 1974885.0], [566295.0, 1974915.0], [566175.0, 1974915.0], [566175.0, 1974945.0], [566115.0, 1974945.0], [566115.0, 1974975.0], [566055.0, 1974975.0], [566055.0, 1975005.0], [566025.0, 1975005.0]]]}, "properties": {"zone_id": "scene_01_DT0000205230-Z0009", "scene": "scene_01_DT0000205230", "pixel_count": 50, "approx_area_m2": 45000.0, "centroid_x": 566162.4, "centroid_y": 1974868.2, "mean_risk": 2.0553483963012695, "max_risk": 2.490003824234009, "median_risk": 2.0454792976379395, "high_priority_pixel_pct": 100.0, "priority_category": "HIGH PRIORITY", "threshold_type": "95th percentile prioritisation threshold", "recommendation": "Spectral-stress evidence detected. Prioritise field inspection to determine the underlying cause. Field verification required.", "priority_rank": 126}}, {"type": "Feature", "geometry": {"type": "Polygon", "coordinates": [[[569625.0, 1974975.0], [569625.0, 1974945.0], [569595.0, 1974945.0], [569595.0, 1974915.0], [569565.0, 1974915.0], [569565.0, 1974885.0], [569595.0, 1974885.0], [569595.0, 1974855.0], [569655.0, 1974855.0], [569655.0, 1974795.0], [569625.0, 1974795.0], [569625.0, 1974765.0], [569745.0, 1974765.0], [569745.0, 1974795.0], [569775.0, 1974795.0], [569775.0, 1974735.0], [569745.0, 1974735.0], [569745.0, 1974675.0], [569715.0, 1974675.0], [569715.0, 1974615.0], [569685.0, 1974615.0], [569685.0, 1974555.0], [569655.0, 1974555.0], [569655.0, 1974525.0], [569625.0, 1974525.0], [569625.0, 1974495.0], [569655.0, 1974495.0], [569655.0, 1974465.0], [569685.0, 1974465.0], [569685.0, 1974495.0], [569745.0, 1974495.0], [569745.0, 1974465.0], [569805.0, 1974465.0], [569805.0, 1974435.0], [569835.0, 1974435.0], [569835.0, 1974555.0], [569805.0, 1974555.0], [569805.0, 1974585.0], [569835.0, 1974585.0], [569835.0, 1974645.0], [569865.0, 1974645.0], [569865.0, 1974675.0], [569895.0, 1974675.0], [569895.0, 1974705.0], [569925.0, 1974705.0], [569925.0, 1974765.0], [569955.0, 1974765.0], [569955.0, 1974795.0], [570015.0, 1974795.0], [570015.0, 1974825.0], [570045.0, 1974825.0], [570045.0, 1974975.0], [569955.0, 1974975.0], [569955.0, 1974945.0], [569925.0, 1974945.0], [569925.0, 1974915.0], [569895.0, 1974915.0], [569895.0, 1974885.0], [569865.0, 1974885.0], [569865.0, 1974855.0], [569835.0, 1974855.0], [569835.0, 1974885.0], [569805.0, 1974885.0], [569805.0, 1974855.0], [569775.0, 1974855.0], [569775.0, 1974825.0], [569715.0, 1974825.0], [569715.0, 1974855.0], [569685.0, 1974855.0], [569685.0, 1974885.0], [569715.0, 1974885.0], [569715.0, 1974975.0], [569625.0, 1974975.0]]]}, "properties": {"zone_id": "scene_01_DT0000205230-Z0010", "scene": "scene_01_DT0000205230", "pixel_count": 122, "approx_area_m2": 109800.0, "centroid_x": 569805.0, "centroid_y": 1974752.7049180327, "mean_risk": 2.239461660385132, "max_risk": 3.2634031772613525, "median_risk": 2.1581649780273438, "high_priority_pixel_pct": 100.0, "priority_category": "HIGH PRIORITY", "threshold_type": "95th percentile prioritisation threshold", "recommendation": "Spectral-stress evidence detected. Prioritise field inspection to determine the underlying cause. Field verification required.", "priority_rank": 72}}, {"type": "Feature", "geometry": {"type": "Polygon", "coordinates": [[[564615.0, 1974675.0], [564615.0, 1974645.0], [564645.0, 1974645.0], [564645.0, 1974675.0], [564615.0, 1974675.0]]]}, "properties": {"zone_id": "scene_01_DT0000205230-Z0011", "scene": "scene_01_DT0000205230", "pixel_count": 9, "approx_area_m2": 8100.0, "centroid_x": 564700.0, "centroid_y": 1974773.3333333333, "mean_risk": 1.8406643867492676, "max_risk": 1.9734643697738647, "median_risk": 1.863311767578125, "high_priority_pixel_pct": 100.0, "priority_category": "HIGH PRIORITY", "threshold_type": "95th percentile prioritisation threshold", "recommendation": "Spectral-stress evidence detected. Prioritise field inspection to determine the underlying cause. Field verification required.", "priority_rank": 289}}, {"type": "Feature", "geometry": {"type": "Polygon", "coordinates": [[[565185.0, 1974825.0], [565185.0, 1974765.0], [565215.0, 1974765.0], [565215.0, 1974735.0], [565335.0, 1974735.0], [565335.0, 1974795.0], [565245.0, 1974795.0], [565245.0, 1974825.0], [565185.0, 1974825.0]]]}, "properties": {"zone_id": "scene_01_DT0000205230-Z0012", "scene": "scene_01_DT0000205230", "pixel_count": 14, "approx_area_m2": 12600.0, "centroid_x": 565264.2857142857, "centroid_y": 1974788.5714285714, "mean_risk": 1.7930039167404175, "max_risk": 1.96930730342865, "median_risk": 1.770560383796692, "high_priority_pixel_pct": 100.0, "priority_category": "HIGH PRIORITY", "threshold_type": "95th percentile prioritisation threshold", "recommendation": "Spectral-stress evidence detected. Prioritise field inspection to determine the underlying cause. Field verification required.", "priority_rank": 351}}, {"type": "Feature", "geometry": {"type": "Polygon", "coordinates": [[[566535.0, 1974855.0], [566535.0, 1974765.0], [566625.0, 1974765.0], [566625.0, 1974795.0], [566655.0, 1974795.0], [566655.0, 1974825.0], [566595.0, 1974825.0], [566595.0, 1974855.0], [566535.0, 1974855.0]]]}, "properties": {"zone_id": "scene_01_DT0000205230-Z0013", "scene": "scene_01_DT0000205230", "pixel_count": 9, "approx_area_m2": 8100.0, "centroid_x": 566583.3333333334, "centroid_y": 1974806.6666666667, "mean_risk": 2.1550559997558594, "max_risk": 2.656944990158081, "median_risk": 2.184246301651001, "high_priority_pixel_pct": 100.0, "priority_category": "HIGH PRIORITY", "threshold_type": "95th percentile prioritisation threshold", "recommendation": "Spectral-stress evidence detected. Prioritise field inspection to determine the underlying cause. Field verification required.", "priority_rank": 94}}, {"type": "Feature", "geometry": {"type": "Polygon", "coordinates": [[[569385.0, 1974675.0], [569385.0, 1974645.0], [569355.0, 1974645.0], [569355.0, 1974615.0], [569325.0, 1974615.0], [569325.0, 1974555.0], [569385.0, 1974555.0], [569385.0, 1974585.0], [569415.0, 1974585.0], [569415.0, 1974645.0], [569445.0, 1974645.0], [569445.0, 1974675.0], [569385.0, 1974675.0]]]}, "properties": {"zone_id": "scene_01_DT0000205230-Z0014", "scene": "scene_01_DT0000205230", "pixel_count": 9, "approx_area_m2": 8100.0, "centroid_x": 569380.0, "centroid_y": 1974613.3333333333, "mean_risk": 1.7867189645767212, "max_risk": 2.249708414077759, "median_risk": 1.735898494720459, "high_priority_pixel_pct": 100.0, "priority_category": "HIGH PRIORITY", "threshold_type": "95th percentile prioritisation threshold", "recommendation": "Spectral-stress evidence detected. Prioritise field inspection to determine the underlying cause. Field verification required.", "priority_rank": 356}}, {"type": "Feature", "geometry": {"type": "Polygon", "coordinates": [[[565335.0, 1974615.0], [565335.0, 1974585.0], [565305.0, 1974585.0], [565305.0, 1974555.0], [565215.0, 1974555.0], [565215.0, 1974525.0], [565185.0, 1974525.0], [565185.0, 1974465.0], [565155.0, 1974465.0], [565155.0, 1974435.0], [565035.0, 1974435.0], [565035.0, 1974405.0], [565005.0, 1974405.0], [565005.0, 1974345.0], [564975.0, 1974345.0], [564975.0, 1974315.0], [564945.0, 1974315.0], [564945.0, 1974285.0], [564885.0, 1974285.0], [564885.0, 1974255.0], [564855.0, 1974255.0], [564855.0, 1974225.0], [564825.0, 1974225.0], [564825.0, 1974165.0], [564795.0, 1974165.0], [564795.0, 1974135.0], [564765.0, 1974135.0], [564765.0, 1974075.0], [564735.0, 1974075.0], [564735.0, 1974045.0], [564705.0, 1974045.0], [564705.0, 1973895.0], [564765.0, 1973895.0], [564765.0, 1973865.0], [564795.0, 1973865.0], [564795.0, 1973895.0], [564825.0, 1973895.0], [564825.0, 1973865.0], [564855.0, 1973865.0], [564855.0, 1973955.0], [564885.0, 1973955.0], [564885.0, 1973985.0], [564945.0, 1973985.0], [564945.0, 1974045.0], [564885.0, 1974045.0], [564885.0, 1974075.0], [564975.0, 1974075.0], [564975.0, 1974165.0], [565005.0, 1974165.0], [565005.0, 1974195.0], [565035.0, 1974195.0], [565035.0, 1974255.0], [565065.0, 1974255.0], [565065.0, 1974285.0], [565095.0, 1974285.0], [565095.0, 1974255.0], [565125.0, 1974255.0], [565125.0, 1974285.0], [565155.0, 1974285.0], [565155.0, 1974315.0], [565095.0, 1974315.0], [565095.0, 1974345.0], [565125.0, 1974345.0], [565125.0, 1974375.0], [565305.0, 1974375.0], [565305.0, 1974405.0], [565335.0, 1974405.0], [565335.0, 1974465.0], [565365.0, 1974465.0], [565365.0, 1974495.0], [565395.0, 1974495.0], [565395.0, 1974555.0], [565425.0, 1974555.0], [565425.0, 1974615.0], [565335.0, 1974615.0]]]}, "properties": {"zone_id": "scene_01_DT0000205230-Z0015", "scene": "scene_01_DT0000205230", "pixel_count": 152, "approx_area_m2": 136800.0, "centroid_x": 565015.0657894737, "centroid_y": 1974243.75, "mean_risk": 2.0763604640960693, "max_risk": 2.807788133621216, "median_risk": 2.053384780883789, "high_priority_pixel_pct": 100.0, "priority_category": "HIGH PRIORITY", "threshold_type": "95th percentile prioritisation threshold", "recommendation": "Spectral-stress evidence detected. Prioritise field inspection to determine the underlying cause. Field verification required.", "priority_rank": 120}}, {"type": "Feature", "geometry": {"type": "Polygon", "coordinates": [[[551745.0, 1974165.0], [551745.0, 1974045.0], [551805.0, 1974045.0], [551805.0, 1974015.0], [551865.0, 1974015.0], [551865.0, 1974045.0], [551835.0, 1974045.0], [551835.0, 1974165.0], [551745.0, 1974165.0]]]}, "properties": {"zone_id": "scene_01_DT0000205230-Z0016", "scene": "scene_01_DT0000205230", "pixel_count": 133, "approx_area_m2": 119700.0, "centroid_x": 551970.4511278196, "centroid_y": 1974249.4736842106, "mean_risk": 2.142094850540161, "max_risk": 2.8296995162963867, "median_risk": 2.125929117202759, "high_priority_pixel_pct": 100.0, "priority_category": "HIGH PRIORITY", "threshold_type": "95th percentile prioritisation threshold", "recommendation": "Spectral-stress evidence detected. Prioritise field inspection to determine the underlying cause. Field verification required.", "priority_rank": 102}}, {"type": "Feature", "geometry": {"type": "Polygon", "coordinates": [[[566565.0, 1974495.0], [566565.0, 1974465.0], [566505.0, 1974465.0], [566505.0, 1974435.0], [566535.0, 1974435.0], [566535.0, 1974405.0], [566505.0, 1974405.0], [566505.0, 1974375.0], [566475.0, 1974375.0], [566475.0, 1974255.0], [566565.0, 1974255.0], [566565.0, 1974285.0], [566595.0, 1974285.0], [566595.0, 1974345.0], [566625.0, 1974345.0], [566625.0, 1974465.0], [566595.0, 1974465.0], [566595.0, 1974495.0], [566565.0, 1974495.0]]]}, "properties": {"zone_id": "scene_01_DT0000205230-Z0017", "scene": "scene_01_DT0000205230", "pixel_count": 28, "approx_area_m2": 25200.0, "centroid_x": 566551.0714285715, "centroid_y": 1974365.357142857, "mean_risk": 2.0049822330474854, "max_risk": 2.472714900970459, "median_risk": 1.9756343364715576, "high_priority_pixel_pct": 100.0, "priority_category": "HIGH PRIORITY", "threshold_type": "95th percentile prioritisation threshold", "recommendation": "Spectral-stress evidence detected. Prioritise field inspection to determine the underlying cause. Field verification required.", "priority_rank": 155}}, {"type": "Feature", "geometry": {"type": "Polygon", "coordinates": [[[565485.0, 1974375.0], [565485.0, 1974345.0], [565455.0, 1974345.0], [565455.0, 1974315.0], [565425.0, 1974315.0], [565425.0, 1974285.0], [565395.0, 1974285.0], [565395.0, 1974225.0], [565455.0, 1974225.0], [565455.0, 1974285.0], [565515.0, 1974285.0], [565515.0, 1974315.0], [565545.0, 1974315.0], [565545.0, 1974375.0], [565485.0, 1974375.0]]]}, "properties": {"zone_id": "scene_01_DT0000205230-Z0018", "scene": "scene_01_DT0000205230", "pixel_count": 12, "approx_area_m2": 10800.0, "centroid_x": 565470.0, "centroid_y": 1974302.5, "mean_risk": 1.7691184282302856, "max_risk": 1.9704680442810059, "median_risk": 1.7541522979736328, "high_priority_pixel_pct": 100.0, "priority_category": "HIGH PRIORITY", "threshold_type": "95th percentile prioritisation threshold", "recommendation": "Spectral-stress evidence detected. Prioritise field inspection to determine the underlying cause. Field verification required.", "priority_rank": 374}}, {"type": "Feature", "geometry": {"type": "Polygon", "coordinates": [[[566115.0, 1974345.0], [566115.0, 1974255.0], [566025.0, 1974255.0], [566025.0, 1974105.0], [566115.0, 1974105.0], [566115.0, 1974165.0], [566145.0, 1974165.0], [566145.0, 1974225.0], [566205.0, 1974225.0], [566205.0, 1974285.0], [566175.0, 1974285.0], [566175.0, 1974315.0], [566145.0, 1974315.0], [566145.0, 1974345.0], [566115.0, 1974345.0]]]}, "properties": {"zone_id": "scene_01_DT0000205230-Z0019", "scene": "scene_01_DT0000205230", "pixel_count": 26, "approx_area_m2": 23400.0, "centroid_x": 566103.4615384615, "centroid_y": 1974213.4615384615, "mean_risk": 2.3062939643859863, "max_risk": 2.9577860832214355, "median_risk": 2.337703227996826, "high_priority_pixel_pct": 100.0, "priority_category": "HIGH PRIORITY", "threshold_type": "95th percentile prioritisation threshold", "recommendation": "Spectral-stress evidence detected. Prioritise field inspection to determine the underlying cause. Field verification required.", "priority_rank": 58}}, {"type": "Feature", "geometry": {"type": "Polygon", "coordinates": [[[566415.0, 1974075.0], [566415.0, 1974015.0], [566385.0, 1974015.0], [566385.0, 1973985.0], [566505.0, 1973985.0], [566505.0, 1973925.0], [566535.0, 1973925.0], [566535.0, 1974015.0], [566505.0, 1974015.0], [566505.0, 1974045.0], [566475.0, 1974045.0], [566475.0, 1974075.0], [566415.0, 1974075.0]]]}, "properties": {"zone_id": "scene_01_DT0000205230-Z0020", "scene": "scene_01_DT0000205230", "pixel_count": 12, "approx_area_m2": 10800.0, "centroid_x": 566467.5, "centroid_y": 1974010.0, "mean_risk": 1.8552712202072144, "max_risk": 2.0234434604644775, "median_risk": 1.8589338064193726, "high_priority_pixel_pct": 100.0, "priority_category": "HIGH PRIORITY", "threshold_type": "95th percentile prioritisation threshold", "recommendation": "Spectral-stress evidence detected. Prioritise field inspection to determine the underlying cause. Field verification required.", "priority_rank": 278}}, {"type": "Feature", "geometry": {"type": "Polygon", "coordinates": [[[561645.0, 1973865.0], [561645.0, 1973835.0], [561615.0, 1973835.0], [561615.0, 1973805.0], [561675.0, 1973805.0], [561675.0, 1973835.0], [561705.0, 1973835.0], [561705.0, 1973865.0], [561645.0, 1973865.0]]]}, "properties": {"zone_id": "scene_01_DT0000205230-Z0021", "scene": "scene_01_DT0000205230", "pixel_count": 16, "approx_area_m2": 14400.0, "centroid_x": 561774.375, "centroid_y": 1973900.625, "mean_risk": 1.8240842819213867, "max_risk": 2.08951735496521, "median_risk": 1.8137156963348389, "high_priority_pixel_pct": 100.0, "priority_category": "HIGH PRIORITY", "threshold_type": "95th percentile prioritisation threshold", "recommendation": "Spectral-stress evidence detected. Prioritise field inspection to determine the underlying cause. Field verification required.", "priority_rank": 311}}, {"type": "Feature", "geometry": {"type": "Polygon", "coordinates": [[[578265.0, 1974015.0], [578265.0, 1973955.0], [578205.0, 1973955.0], [578205.0, 1973925.0], [577995.0, 1973925.0], [577995.0, 1973895.0], [577935.0, 1973895.0], [577935.0, 1973775.0], [577965.0, 1973775.0], [577965.0, 1973685.0], [577905.0, 1973685.0], [577905.0, 1973715.0], [577875.0, 1973715.0], [577875.0, 1973655.0], [577905.0, 1973655.0], [577905.0, 1973625.0], [577965.0, 1973625.0], [577965.0, 1973655.0], [577995.0, 1973655.0], [577995.0, 1973715.0], [578145.0, 1973715.0], [578145.0, 1973745.0], [578265.0, 1973745.0], [578265.0, 1973775.0], [578235.0, 1973775.0], [578235.0, 1973895.0], [578295.0, 1973895.0], [578295.0, 1974015.0], [578265.0, 1974015.0]]]}, "properties": {"zone_id": "scene_01_DT0000205230-Z0022", "scene": "scene_01_DT0000205230", "pixel_count": 79, "approx_area_m2": 71100.0, "centroid_x": 578090.1265822785, "centroid_y": 1973818.1012658228, "mean_risk": 1.960115671157837, "max_risk": 2.430402994155884, "median_risk": 1.9339029788970947, "high_priority_pixel_pct": 100.0, "priority_category": "HIGH PRIORITY", "threshold_type": "95th percentile prioritisation threshold", "recommendation": "Spectral-stress evidence detected. Prioritise field inspection to determine the underlying cause. Field verification required.", "priority_rank": 185}}, {"type": "Feature", "geometry": {"type": "Polygon", "coordinates": [[[565065.0, 1973985.0], [565065.0, 1973895.0], [565005.0, 1973895.0], [565005.0, 1973835.0], [565065.0, 1973835.0], [565065.0, 1973865.0], [565185.0, 1973865.0], [565185.0, 1973895.0], [565155.0, 1973895.0], [565155.0, 1973925.0], [565125.0, 1973925.0], [565125.0, 1973985.0], [565065.0, 1973985.0]]]}, "properties": {"zone_id": "scene_01_DT0000205230-Z0023", "scene": "scene_01_DT0000205230", "pixel_count": 15, "approx_area_m2": 13500.0, "centroid_x": 565090.0, "centroid_y": 1973902.0, "mean_risk": 1.9357974529266357, "max_risk": 2.17972469329834, "median_risk": 1.9439988136291504, "high_priority_pixel_pct": 100.0, "priority_category": "HIGH PRIORITY", "threshold_type": "95th percentile prioritisation threshold", "recommendation": "Spectral-stress evidence detected. Prioritise field inspection to determine the underlying cause. Field verification required.", "priority_rank": 213}}, {"type": "Feature", "geometry": {"type": "Polygon", "coordinates": [[[579075.0, 1973445.0], [579075.0, 1973415.0], [578985.0, 1973415.0], [578985.0, 1973325.0], [578955.0, 1973325.0], [578955.0, 1973295.0], [578895.0, 1973295.0], [578895.0, 1973325.0], [578865.0, 1973325.0], [578865.0, 1973295.0], [578835.0, 1973295.0], [578835.0, 1973265.0], [578805.0, 1973265.0], [578805.0, 1973175.0], [578775.0, 1973175.0], [578775.0, 1973115.0], [578805.0, 1973115.0], [578805.0, 1973055.0], [578715.0, 1973055.0], [578715.0, 1973085.0], [578655.0, 1973085.0], [578655.0, 1972965.0], [578625.0, 1972965.0], [578625.0, 1972905.0], [578655.0, 1972905.0], [578655.0, 1972935.0], [578685.0, 1972935.0], [578685.0, 1972965.0], [578865.0, 1972965.0], [578865.0, 1973055.0], [578895.0, 1973055.0], [578895.0, 1973085.0], [578955.0, 1973085.0], [578955.0, 1973115.0], [578985.0, 1973115.0], [578985.0, 1973145.0], [579015.0, 1973145.0], [579015.0, 1973175.0], [579045.0, 1973175.0], [579045.0, 1973205.0], [579075.0, 1973205.0], [579075.0, 1973265.0], [579105.0, 1973265.0], [579105.0, 1973445.0], [579075.0, 1973445.0]]]}, "properties": {"zone_id": "scene_01_DT0000205230-Z0024", "scene": "scene_01_DT0000205230", "pixel_count": 176, "approx_area_m2": 158400.0, "centroid_x": 579027.4431818182, "centroid_y": 1973406.8181818181, "mean_risk": 2.0267012119293213, "max_risk": 2.99090313911438, "median_risk": 1.9772710800170898, "high_priority_pixel_pct": 100.0, "priority_category": "HIGH PRIORITY", "threshold_type": "95th percentile prioritisation threshold", "recommendation": "Spectral-stress evidence detected. Prioritise field inspection to determine the underlying cause. Field verification required.", "priority_rank": 140}}, {"type": "Feature", "geometry": {"type": "Polygon", "coordinates": [[[563895.0, 1973955.0], [563895.0, 1973925.0], [563865.0, 1973925.0], [563865.0, 1973895.0], [563805.0, 1973895.0], [563805.0, 1973865.0], [563775.0, 1973865.0], [563775.0, 1973835.0], [563745.0, 1973835.0], [563745.0, 1973805.0], [563715.0, 1973805.0], [563715.0, 1973775.0], [563685.0, 1973775.0], [563685.0, 1973745.0], [563655.0, 1973745.0], [563655.0, 1973715.0], [563595.0, 1973715.0], [563595.0, 1973685.0], [563535.0, 1973685.0], [563535.0, 1973655.0], [563505.0, 1973655.0], [563505.0, 1973625.0], [563475.0, 1973625.0], [563475.0, 1973595.0], [563445.0, 1973595.0], [563445.0, 1973565.0], [563385.0, 1973565.0], [563385.0, 1973535.0], [563355.0, 1973535.0], [563355.0, 1973505.0], [563325.0, 1973505.0], [563325.0, 1973475.0], [563235.0, 1973475.0], [563235.0, 1973415.0], [563265.0, 1973415.0], [563265.0, 1973325.0], [563235.0, 1973325.0], [563235.0, 1973295.0], [563145.0, 1973295.0], [563145.0, 1973325.0], [563085.0, 1973325.0], [563085.0, 1973385.0], [563055.0, 1973385.0], [563055.0, 1973415.0], [562995.0, 1973415.0], [562995.0, 1973385.0], [562905.0, 1973385.0], [562905.0, 1973415.0], [562845.0, 1973415.0], [562845.0, 1973475.0], [562815.0, 1973475.0], [562815.0, 1973505.0], [562605.0, 1973505.0], [562605.0, 1973475.0], [562575.0, 1973475.0], [562575.0, 1973445.0], [562545.0, 1973445.0], [562545.0, 1973415.0], [562515.0, 1973415.0], [562515.0, 1973355.0], [562605.0, 1973355.0], [562605.0, 1973325.0], [562545.0, 1973325.0], [562545.0, 1973295.0], [562455.0, 1973295.0], [562455.0, 1973325.0], [562425.0, 1973325.0], [562425.0, 1973295.0], [562365.0, 1973295.0], [562365.0, 1973265.0], [562395.0, 1973265.0], [562395.0, 1973205.0], [562425.0, 1973205.0], [562425.0, 1973175.0], [562455.0, 1973175.0], [562455.0, 1973205.0], [562545.0, 1973205.0], [562545.0, 1973265.0], [562635.0, 1973265.0], [562635.0, 1973325.0], [562725.0, 1973325.0], [562725.0, 1973295.0], [562755.0, 1973295.0], [562755.0, 1973325.0], [562935.0, 1973325.0], [562935.0, 1973235.0], [562845.0, 1973235.0], [562845.0, 1973205.0], [562815.0, 1973205.0], [562815.0, 1973175.0], [562755.0, 1973175.0], [562755.0, 1973145.0], [562725.0, 1973145.0], [562725.0, 1973085.0], [562695.0, 1973085.0], [562695.0, 1973055.0], [562665.0, 1973055.0], [562665.0, 1973085.0], [562605.0, 1973085.0], [562605.0, 1973115.0], [562545.0, 1973115.0], [562545.0, 1973085.0], [562575.0, 1973085.0], [562575.0, 1973055.0], [562605.0, 1973055.0], [562605.0, 1973025.0], [562635.0, 1973025.0], [562635.0, 1972995.0], [562605.0, 1972995.0], [562605.0, 1972965.0], [562545.0, 1972965.0], [562545.0, 1972935.0], [562515.0, 1972935.0], [562515.0, 1972965.0], [562485.0, 1972965.0], [562485.0, 1972935.0], [562455.0, 1972935.0], [562455.0, 1972965.0], [562425.0, 1972965.0], [562425.0, 1973025.0], [562365.0, 1973025.0], [562365.0, 1972995.0], [562335.0, 1972995.0], [562335.0, 1973025.0], [562275.0, 1973025.0], [562275.0, 1973055.0], [562215.0, 1973055.0], [562215.0, 1973025.0], [562185.0, 1973025.0], [562185.0, 1972995.0], [562155.0, 1972995.0], [562155.0, 1972965.0], [562125.0, 1972965.0], [562125.0, 1972845.0], [562185.0, 1972845.0], [562185.0, 1972815.0], [562095.0, 1972815.0], [562095.0, 1972635.0], [562065.0, 1972635.0], [562065.0, 1972605.0], [562035.0, 1972605.0], [562035.0, 1972575.0], [562005.0, 1972575.0], [562005.0, 1972515.0], [562035.0, 1972515.0], [562035.0, 1972455.0], [562005.0, 1972455.0], [562005.0, 1972425.0], [561855.0, 1972425.0], [561855.0, 1972335.0], [561915.0, 1972335.0], [561915.0, 1972275.0], [561885.0, 1972275.0], [561885.0, 1972245.0], [561855.0, 1972245.0], [561855.0, 1972215.0], [561825.0, 1972215.0], [561825.0, 1972185.0], [561795.0, 1972185.0], [561795.0, 1972155.0], [561765.0, 1972155.0], [561765.0, 1972065.0], [561735.0, 1972065.0], [561735.0, 1972035.0], [561705.0, 1972035.0], [561705.0, 1972005.0], [561675.0, 1972005.0], [561675.0, 1971975.0], [561645.0, 1971975.0], [561645.0, 1971825.0], [561555.0, 1971825.0], [561555.0, 1971765.0], [561495.0, 1971765.0], [561495.0, 1971675.0], [561435.0, 1971675.0], [561435.0, 1971705.0], [561405.0, 1971705.0], [561405.0, 1971675.0], [561345.0, 1971675.0], [561345.0, 1971645.0], [561315.0, 1971645.0], [561315.0, 1971615.0], [561285.0, 1971615.0], [561285.0, 1971585.0], [561255.0, 1971585.0], [561255.0, 1971525.0], [561225.0, 1971525.0], [561225.0, 1971495.0], [561195.0, 1971495.0], [561195.0, 1971465.0], [561165.0, 1971465.0], [561165.0, 1971405.0], [561135.0, 1971405.0], [561135.0, 1971345.0], [561105.0, 1971345.0], [561105.0, 1971255.0], [561075.0, 1971255.0], [561075.0, 1971135.0], [561105.0, 1971135.0], [561105.0, 1971015.0], [561135.0, 1971015.0], [561135.0, 1970985.0], [561195.0, 1970985.0], [561195.0, 1970955.0], [561225.0, 1970955.0], [561225.0, 1970925.0], [561255.0, 1970925.0], [561255.0, 1970895.0], [561315.0, 1970895.0], [561315.0, 1970865.0], [561345.0, 1970865.0], [561345.0, 1970835.0], [561495.0, 1970835.0], [561495.0, 1970805.0], [561525.0, 1970805.0], [561525.0, 1970775.0], [561585.0, 1970775.0], [561585.0, 1970805.0], [561615.0, 1970805.0], [561615.0, 1970865.0], [561585.0, 1970865.0], [561585.0, 1970895.0], [561615.0, 1970895.0], [561615.0, 1970925.0], [561645.0, 1970925.0], [561645.0, 1971015.0], [561705.0, 1971015.0], [561705.0, 1971075.0], [561735.0, 1971075.0], [561735.0, 1971105.0], [561765.0, 1971105.0], [561765.0, 1971165.0], [561855.0, 1971165.0], [561855.0, 1971195.0], [561885.0, 1971195.0], [561885.0, 1971255.0], [561915.0, 1971255.0], [561915.0, 1971315.0], [561885.0, 1971315.0], [561885.0, 1971345.0], [561825.0, 1971345.0], [561825.0, 1971315.0], [561735.0, 1971315.0], [561735.0, 1971375.0], [561795.0, 1971375.0], [561795.0, 1971405.0], [561825.0, 1971405.0], [561825.0, 1971435.0], [561855.0, 1971435.0], [561855.0, 1971405.0], [561915.0, 1971405.0], [561915.0, 1971375.0], [561945.0, 1971375.0], [561945.0, 1971345.0], [561975.0, 1971345.0], [561975.0, 1971375.0], [562005.0, 1971375.0], [562005.0, 1971315.0], [562035.0, 1971315.0], [562035.0, 1971345.0], [562065.0, 1971345.0], [562065.0, 1971405.0], [562095.0, 1971405.0], [562095.0, 1971465.0], [562035.0, 1971465.0], [562035.0, 1971495.0], [562005.0, 1971495.0], [562005.0, 1971525.0], [561975.0, 1971525.0], [561975.0, 1971555.0], [561945.0, 1971555.0], [561945.0, 1971585.0], [561885.0, 1971585.0], [561885.0, 1971615.0], [561825.0, 1971615.0], [561825.0, 1971585.0], [561795.0, 1971585.0], [561795.0, 1971675.0], [561765.0, 1971675.0], [561765.0, 1971705.0], [561825.0, 1971705.0], [561825.0, 1971675.0], [561855.0, 1971675.0], [561855.0, 1971645.0], [561885.0, 1971645.0], [561885.0, 1971675.0], [561975.0, 1971675.0], [561975.0, 1971645.0], [562005.0, 1971645.0], [562005.0, 1971615.0], [562065.0, 1971615.0], [562065.0, 1971585.0], [562095.0, 1971585.0], [562095.0, 1971555.0], [562155.0, 1971555.0], [562155.0, 1971525.0], [562185.0, 1971525.0], [562185.0, 1971495.0], [562245.0, 1971495.0], [562245.0, 1971525.0], [562275.0, 1971525.0], [562275.0, 1971555.0], [562305.0, 1971555.0], [562305.0, 1971645.0], [562335.0, 1971645.0], [562335.0, 1971705.0], [562395.0, 1971705.0], [562395.0, 1971735.0], [562335.0, 1971735.0], [562335.0, 1971795.0], [562365.0, 1971795.0], [562365.0, 1971825.0], [562395.0, 1971825.0], [562395.0, 1971855.0], [562425.0, 1971855.0], [562425.0, 1971885.0], [562455.0, 1971885.0], [562455.0, 1971915.0], [562485.0, 1971915.0], [562485.0, 1971855.0], [562515.0, 1971855.0], [562515.0, 1971825.0], [562575.0, 1971825.0], [562575.0, 1971975.0], [562605.0, 1971975.0], [562605.0, 1971945.0], [562665.0, 1971945.0], [562665.0, 1972065.0], [562695.0, 1972065.0], [562695.0, 1972125.0], [562725.0, 1972125.0], [562725.0, 1972155.0], [562755.0, 1972155.0], [562755.0, 1972215.0], [562725.0, 1972215.0], [562725.0, 1972245.0], [562695.0, 1972245.0], [562695.0, 1972275.0], [562725.0, 1972275.0], [562725.0, 1972335.0], [562785.0, 1972335.0], [562785.0, 1972365.0], [562815.0, 1972365.0], [562815.0, 1972395.0], [562845.0, 1972395.0], [562845.0, 1972425.0], [562965.0, 1972425.0], [562965.0, 1972485.0], [562995.0, 1972485.0], [562995.0, 1972515.0], [563025.0, 1972515.0], [563025.0, 1972485.0], [563205.0, 1972485.0], [563205.0, 1972545.0], [563235.0, 1972545.0], [563235.0, 1972605.0], [563265.0, 1972605.0], [563265.0, 1972635.0], [563295.0, 1972635.0], [563295.0, 1972665.0], [563325.0, 1972665.0], [563325.0, 1972695.0], [563445.0, 1972695.0], [563445.0, 1972635.0], [563415.0, 1972635.0], [563415.0, 1972575.0], [563385.0, 1972575.0], [563385.0, 1972455.0], [563355.0, 1972455.0], [563355.0, 1972515.0], [563325.0, 1972515.0], [563325.0, 1972455.0], [563295.0, 1972455.0], [563295.0, 1972425.0], [563265.0, 1972425.0], [563265.0, 1972365.0], [563235.0, 1972365.0], [563235.0, 1972395.0], [563205.0, 1972395.0], [563205.0, 1972365.0], [563145.0, 1972365.0], [563145.0, 1972305.0], [563175.0, 1972305.0], [563175.0, 1972245.0], [563145.0, 1972245.0], [563145.0, 1972185.0], [563175.0, 1972185.0], [563175.0, 1972155.0], [563205.0, 1972155.0], [563205.0, 1972125.0], [563235.0, 1972125.0], [563235.0, 1972095.0], [563355.0, 1972095.0], [563355.0, 1972155.0], [563385.0, 1972155.0], [563385.0, 1972185.0], [563415.0, 1972185.0], [563415.0, 1972215.0], [563445.0, 1972215.0], [563445.0, 1972245.0], [563505.0, 1972245.0], [563505.0, 1972275.0], [563535.0, 1972275.0], [563535.0, 1972245.0], [563625.0, 1972245.0], [563625.0, 1972275.0], [563685.0, 1972275.0], [563685.0, 1972245.0], [563715.0, 1972245.0], [563715.0, 1972185.0], [563745.0, 1972185.0], [563745.0, 1972155.0], [563775.0, 1972155.0], [563775.0, 1972065.0], [563805.0, 1972065.0], [563805.0, 1972035.0], [563835.0, 1972035.0], [563835.0, 1972005.0], [563955.0, 1972005.0], [563955.0, 1971975.0], [563985.0, 1971975.0], [563985.0, 1972035.0], [564015.0, 1972035.0], [564015.0, 1972095.0], [564045.0, 1972095.0], [564045.0, 1972125.0], [564075.0, 1972125.0], [564075.0, 1972185.0], [564015.0, 1972185.0], [564015.0, 1972155.0], [563955.0, 1972155.0], [563955.0, 1972065.0], [563925.0, 1972065.0], [563925.0, 1972095.0], [563895.0, 1972095.0], [563895.0, 1972155.0], [563925.0, 1972155.0], [563925.0, 1972215.0], [564075.0, 1972215.0], [564075.0, 1972245.0], [564135.0, 1972245.0], [564135.0, 1972275.0], [564165.0, 1972275.0], [564165.0, 1972305.0], [564195.0, 1972305.0], [564195.0, 1972335.0], [564225.0, 1972335.0], [564225.0, 1972365.0], [564195.0, 1972365.0], [564195.0, 1972425.0], [564225.0, 1972425.0], [564225.0, 1972455.0], [564255.0, 1972455.0], [564255.0, 1972515.0], [564285.0, 1972515.0], [564285.0, 1972545.0], [564375.0, 1972545.0], [564375.0, 1972575.0], [564405.0, 1972575.0], [564405.0, 1972605.0], [564375.0, 1972605.0], [564375.0, 1972635.0], [564315.0, 1972635.0], [564315.0, 1972605.0], [564255.0, 1972605.0], [564255.0, 1972665.0], [564285.0, 1972665.0], [564285.0, 1972755.0], [564315.0, 1972755.0], [564315.0, 1972785.0], [564345.0, 1972785.0], [564345.0, 1972815.0], [564315.0, 1972815.0], [564315.0, 1972845.0], [564345.0, 1972845.0], [564345.0, 1972875.0], [564375.0, 1972875.0], [564375.0, 1972905.0], [564345.0, 1972905.0], [564345.0, 1972935.0], [564315.0, 1972935.0], [564315.0, 1972905.0], [564285.0, 1972905.0], [564285.0, 1972995.0], [564315.0, 1972995.0], [564315.0, 1973025.0], [564285.0, 1973025.0], [564285.0, 1973085.0], [564255.0, 1973085.0], [564255.0, 1972935.0], [564225.0, 1972935.0], [564225.0, 1972965.0], [564165.0, 1972965.0], [564165.0, 1972905.0], [564195.0, 1972905.0], [564195.0, 1972875.0], [564135.0, 1972875.0], [564135.0, 1972905.0], [564075.0, 1972905.0], [564075.0, 1972935.0], [564045.0, 1972935.0], [564045.0, 1972965.0], [564075.0, 1972965.0], [564075.0, 1972995.0], [564135.0, 1972995.0], [564135.0, 1973025.0], [564045.0, 1973025.0], [564045.0, 1972995.0], [563955.0, 1972995.0], [563955.0, 1972875.0], [563925.0, 1972875.0], [563925.0, 1972815.0], [563745.0, 1972815.0], [563745.0, 1972785.0], [563685.0, 1972785.0], [563685.0, 1972755.0], [563655.0, 1972755.0], [563655.0, 1972725.0], [563595.0, 1972725.0], [563595.0, 1972755.0], [563415.0, 1972755.0], [563415.0, 1972785.0], [563355.0, 1972785.0], [563355.0, 1972755.0], [563325.0, 1972755.0], [563325.0, 1972815.0], [563355.0, 1972815.0], [563355.0, 1972845.0], [563415.0, 1972845.0], [563415.0, 1972875.0], [563445.0, 1972875.0], [563445.0, 1972905.0], [563505.0, 1972905.0], [563505.0, 1972935.0], [563535.0, 1972935.0], [563535.0, 1972965.0], [563565.0, 1972965.0], [563565.0, 1972995.0], [563685.0, 1972995.0], [563685.0, 1972905.0], [563715.0, 1972905.0], [563715.0, 1972935.0], [563745.0, 1972935.0], [563745.0, 1972965.0], [563715.0, 1972965.0], [563715.0, 1973025.0], [563775.0, 1973025.0], [563775.0, 1973145.0], [563745.0, 1973145.0], [563745.0, 1973205.0], [563775.0, 1973205.0], [563775.0, 1973235.0], [563805.0, 1973235.0], [563805.0, 1973265.0], [563865.0, 1973265.0], [563865.0, 1973295.0], [563895.0, 1973295.0], [563895.0, 1973325.0], [563925.0, 1973325.0], [563925.0, 1973355.0], [563895.0, 1973355.0], [563895.0, 1973475.0], [563865.0, 1973475.0], [563865.0, 1973445.0], [563835.0, 1973445.0], [563835.0, 1973415.0], [563805.0, 1973415.0], [563805.0, 1973385.0], [563685.0, 1973385.0], [563685.0, 1973325.0], [563655.0, 1973325.0], [563655.0, 1973415.0], [563685.0, 1973415.0], [563685.0, 1973445.0], [563715.0, 1973445.0], [563715.0, 1973475.0], [563745.0, 1973475.0], [563745.0, 1973505.0], [563775.0, 1973505.0], [563775.0, 1973535.0], [563805.0, 1973535.0], [563805.0, 1973565.0], [563715.0, 1973565.0], [563715.0, 1973595.0], [563685.0, 1973595.0], [563685.0, 1973625.0], [563715.0, 1973625.0], [563715.0, 1973655.0], [563745.0, 1973655.0], [563745.0, 1973685.0], [563835.0, 1973685.0], [563835.0, 1973745.0], [563865.0, 1973745.0], [563865.0, 1973775.0], [563895.0, 1973775.0], [563895.0, 1973805.0], [563925.0, 1973805.0], [563925.0, 1973865.0], [563985.0, 1973865.0], [563985.0, 1973925.0], [564015.0, 1973925.0], [564015.0, 1973955.0], [563895.0, 1973955.0]], [[563355.0, 1973475.0], [563505.0, 1973475.0], [563505.0, 1973415.0], [563475.0, 1973415.0], [563475.0, 1973385.0], [563445.0, 1973385.0], [563445.0, 1973355.0], [563385.0, 1973355.0], [563385.0, 1973385.0], [563325.0, 1973385.0], [563325.0, 1973415.0], [563355.0, 1973415.0], [563355.0, 1973475.0]], [[562575.0, 1973445.0], [562605.0, 1973445.0], [562605.0, 1973415.0], [562575.0, 1973415.0], [562575.0, 1973445.0]], [[562935.0, 1973355.0], [562995.0, 1973355.0], [562995.0, 1973295.0], [562965.0, 1973295.0], [562965.0, 1973325.0], [562935.0, 1973325.0], [562935.0, 1973355.0]], [[563595.0, 1973325.0], [563655.0, 1973325.0], [563655.0, 1973295.0], [563715.0, 1973295.0], [563715.0, 1973265.0], [563745.0, 1973265.0], [563745.0, 1973235.0], [563655.0, 1973235.0], [563655.0, 1973205.0], [563625.0, 1973205.0], [563625.0, 1973175.0], [563595.0, 1973175.0], [563595.0, 1973205.0], [563565.0, 1973205.0], [563565.0, 1973265.0], [563625.0, 1973265.0], [563625.0, 1973295.0], [563595.0, 1973295.0], [563595.0, 1973325.0]], [[563475.0, 1973295.0], [563535.0, 1973295.0], [563535.0, 1973205.0], [563565.0, 1973205.0], [563565.0, 1973145.0], [563535.0, 1973145.0], [563535.0, 1973175.0], [563505.0, 1973175.0], [563505.0, 1973235.0], [563445.0, 1973235.0], [563445.0, 1973205.0], [563385.0, 1973205.0], [563385.0, 1973265.0], [563475.0, 1973265.0], [563475.0, 1973295.0]], [[563655.0, 1973145.0], [563685.0, 1973145.0], [563685.0, 1973115.0], [563655.0, 1973115.0], [563655.0, 1973145.0]], [[563625.0, 1973115.0], [563655.0, 1973115.0], [563655.0, 1973085.0], [563625.0, 1973085.0], [563625.0, 1973115.0]], [[562905.0, 1973055.0], [562965.0, 1973055.0], [562965.0, 1973025.0], [562935.0, 1973025.0], [562935.0, 1972995.0], [562905.0, 1972995.0], [562905.0, 1973055.0]], [[563325.0, 1973025.0], [563355.0, 1973025.0], [563355.0, 1972995.0], [563385.0, 1972995.0], [563385.0, 1972965.0], [563415.0, 1972965.0], [563415.0, 1972935.0], [563325.0, 1972935.0], [563325.0, 1973025.0]], [[563415.0, 1972995.0], [563445.0, 1972995.0], [563445.0, 1972965.0], [563415.0, 1972965.0], [563415.0, 1972995.0]], [[562215.0, 1972875.0], [562335.0, 1972875.0], [562335.0, 1972845.0], [562365.0, 1972845.0], [562365.0, 1972815.0], [562305.0, 1972815.0], [562305.0, 1972785.0], [562245.0, 1972785.0], [562245.0, 1972725.0], [562185.0, 1972725.0], [562185.0, 1972695.0], [562125.0, 1972695.0], [562125.0, 1972755.0], [562185.0, 1972755.0], [562185.0, 1972785.0], [562215.0, 1972785.0], [562215.0, 1972875.0]], [[562725.0, 1972845.0], [562755.0, 1972845.0], [562755.0, 1972815.0], [562725.0, 1972815.0], [562725.0, 1972845.0]], [[563055.0, 1972575.0], [563115.0, 1972575.0], [563115.0, 1972545.0], [563085.0, 1972545.0], [563085.0, 1972515.0], [563055.0, 1972515.0], [563055.0, 1972575.0]], [[564075.0, 1972545.0], [564105.0, 1972545.0], [564105.0, 1972485.0], [564075.0, 1972485.0], [564075.0, 1972545.0]], [[562065.0, 1972215.0], [562095.0, 1972215.0], [562095.0, 1972125.0], [562065.0, 1972125.0], [562065.0, 1972155.0], [562035.0, 1972155.0], [562035.0, 1972185.0], [562065.0, 1972185.0], [562065.0, 1972215.0]], [[563835.0, 1972215.0], [563865.0, 1972215.0], [563865.0, 1972185.0], [563895.0, 1972185.0], [563895.0, 1972155.0], [563835.0, 1972155.0], [563835.0, 1972215.0]], [[561885.0, 1972065.0], [561915.0, 1972065.0], [561915.0, 1972035.0], [561885.0, 1972035.0], [561885.0, 1972065.0]], [[562545.0, 1972005.0], [562575.0, 1972005.0], [562575.0, 1971975.0], [562545.0, 1971975.0], [562545.0, 1972005.0]], [[561555.0, 1971735.0], [561615.0, 1971735.0], [561615.0, 1971705.0], [561675.0, 1971705.0], [561675.0, 1971735.0], [561705.0, 1971735.0], [561705.0, 1971675.0], [561735.0, 1971675.0], [561735.0, 1971615.0], [561765.0, 1971615.0], [561765.0, 1971585.0], [561735.0, 1971585.0], [561735.0, 1971555.0], [561705.0, 1971555.0], [561705.0, 1971585.0], [561645.0, 1971585.0], [561645.0, 1971555.0], [561615.0, 1971555.0], [561615.0, 1971525.0], [561585.0, 1971525.0], [561585.0, 1971495.0], [561555.0, 1971495.0], [561555.0, 1971435.0], [561525.0, 1971435.0], [561525.0, 1971405.0], [561495.0, 1971405.0], [561495.0, 1971375.0], [561465.0, 1971375.0], [561465.0, 1971315.0], [561435.0, 1971315.0], [561435.0, 1971285.0], [561405.0, 1971285.0], [561405.0, 1971315.0], [561375.0, 1971315.0], [561375.0, 1971375.0], [561405.0, 1971375.0], [561405.0, 1971435.0], [561465.0, 1971435.0], [561465.0, 1971555.0], [561525.0, 1971555.0], [561525.0, 1971645.0], [561495.0, 1971645.0], [561495.0, 1971675.0], [561555.0, 1971675.0], [561555.0, 1971735.0]], [[561735.0, 1971555.0], [561765.0, 1971555.0], [561765.0, 1971525.0], [561795.0, 1971525.0], [561795.0, 1971495.0], [561735.0, 1971495.0], [561735.0, 1971555.0]], [[561255.0, 1971255.0], [561285.0, 1971255.0], [561285.0, 1971225.0], [561315.0, 1971225.0], [561315.0, 1971165.0], [561285.0, 1971165.0], [561285.0, 1971135.0], [561225.0, 1971135.0], [561225.0, 1971195.0], [561255.0, 1971195.0], [561255.0, 1971255.0]]]}, "properties": {"zone_id": "scene_01_DT0000205230-Z0025", "scene": "scene_01_DT0000205230", "pixel_count": 3436, "approx_area_m2": 3092400.0, "centroid_x": 562745.0902211874, "centroid_y": 1972399.4790454016, "mean_risk": 2.3577773571014404, "max_risk": 4.059305191040039, "median_risk": 2.323820114135742, "high_priority_pixel_pct": 100.0, "priority_category": "HIGH PRIORITY", "threshold_type": "95th percentile prioritisation threshold", "recommendation": "Spectral-stress evidence detected. Prioritise field inspection to determine the underlying cause. Field verification required.", "priority_rank": 49}}, {"type": "Feature", "geometry": {"type": "Polygon", "coordinates": [[[564135.0, 1973835.0], [564135.0, 1973805.0], [564105.0, 1973805.0], [564105.0, 1973775.0], [564075.0, 1973775.0], [564075.0, 1973745.0], [564015.0, 1973745.0], [564015.0, 1973715.0], [563955.0, 1973715.0], [563955.0, 1973685.0], [563925.0, 1973685.0], [563925.0, 1973655.0], [563865.0, 1973655.0], [563865.0, 1973625.0], [563835.0, 1973625.0], [563835.0, 1973595.0], [563865.0, 1973595.0], [563865.0, 1973565.0], [563895.0, 1973565.0], [563895.0, 1973595.0], [564015.0, 1973595.0], [564015.0, 1973505.0], [563925.0, 1973505.0], [563925.0, 1973475.0], [563955.0, 1973475.0], [563955.0, 1973445.0], [564015.0, 1973445.0], [564015.0, 1973475.0], [564045.0, 1973475.0], [564045.0, 1973505.0], [564135.0, 1973505.0], [564135.0, 1973475.0], [564165.0, 1973475.0], [564165.0, 1973505.0], [564225.0, 1973505.0], [564225.0, 1973535.0], [564255.0, 1973535.0], [564255.0, 1973565.0], [564135.0, 1973565.0], [564135.0, 1973535.0], [564105.0, 1973535.0], [564105.0, 1973565.0], [564075.0, 1973565.0], [564075.0, 1973535.0], [564045.0, 1973535.0], [564045.0, 1973655.0], [564075.0, 1973655.0], [564075.0, 1973715.0], [564105.0, 1973715.0], [564105.0, 1973685.0], [564135.0, 1973685.0], [564135.0, 1973655.0], [564195.0, 1973655.0], [564195.0, 1973805.0], [564225.0, 1973805.0], [564225.0, 1973775.0], [564255.0, 1973775.0], [564255.0, 1973835.0], [564135.0, 1973835.0]]]}, "properties": {"zone_id": "scene_01_DT0000205230-Z0026", "scene": "scene_01_DT0000205230", "pixel_count": 68, "approx_area_m2": 61200.0, "centroid_x": 564069.2647058824, "centroid_y": 1973642.205882353, "mean_risk": 1.78797447681427, "max_risk": 2.0692477226257324, "median_risk": 1.7823162078857422, "high_priority_pixel_pct": 100.0, "priority_category": "HIGH PRIORITY", "threshold_type": "95th percentile prioritisation threshold", "recommendation": "Spectral-stress evidence detected. Prioritise field inspection to determine the underlying cause. Field verification required.", "priority_rank": 355}}, {"type": "Feature", "geometry": {"type": "Polygon", "coordinates": [[[568005.0, 1973835.0], [568005.0, 1973775.0], [567915.0, 1973775.0], [567915.0, 1973655.0], [567885.0, 1973655.0], [567885.0, 1973715.0], [567795.0, 1973715.0], [567795.0, 1973685.0], [567735.0, 1973685.0], [567735.0, 1973715.0], [567705.0, 1973715.0], [567705.0, 1973655.0], [567735.0, 1973655.0], [567735.0, 1973625.0], [567765.0, 1973625.0], [567765.0, 1973535.0], [567705.0, 1973535.0], [567705.0, 1973505.0], [567735.0, 1973505.0], [567735.0, 1973445.0], [567705.0, 1973445.0], [567705.0, 1973415.0], [567675.0, 1973415.0], [567675.0, 1973385.0], [567705.0, 1973385.0], [567705.0, 1973355.0], [567795.0, 1973355.0], [567795.0, 1973325.0], [567855.0, 1973325.0], [567855.0, 1973355.0], [567885.0, 1973355.0], [567885.0, 1973385.0], [567915.0, 1973385.0], [567915.0, 1973445.0], [567945.0, 1973445.0], [567945.0, 1973415.0], [567975.0, 1973415.0], [567975.0, 1973505.0], [568005.0, 1973505.0], [568005.0, 1973535.0], [568035.0, 1973535.0], [568035.0, 1973565.0], [568065.0, 1973565.0], [568065.0, 1973625.0], [568095.0, 1973625.0], [568095.0, 1973595.0], [568125.0, 1973595.0], [568125.0, 1973655.0], [568065.0, 1973655.0], [568065.0, 1973715.0], [568155.0, 1973715.0], [568155.0, 1973745.0], [568185.0, 1973745.0], [568185.0, 1973835.0], [568155.0, 1973835.0], [568155.0, 1973805.0], [568125.0, 1973805.0], [568125.0, 1973775.0], [568095.0, 1973775.0], [568095.0, 1973805.0], [568035.0, 1973805.0], [568035.0, 1973835.0], [568005.0, 1973835.0]], [[568065.0, 1973775.0], [568095.0, 1973775.0], [568095.0, 1973745.0], [568065.0, 1973745.0], [568065.0, 1973775.0]], [[567915.0, 1973625.0], [567945.0, 1973625.0], [567945.0, 1973565.0], [567915.0, 1973565.0], [567915.0, 1973625.0]]]}, "properties": {"zone_id": "scene_01_DT0000205230-Z0027", "scene": "scene_01_DT0000205230", "pixel_count": 134, "approx_area_m2": 120600.0, "centroid_x": 567907.3880597015, "centroid_y": 1973582.9104477612, "mean_risk": 1.97676682472229, "max_risk": 2.5648837089538574, "median_risk": 1.9585100412368774, "high_priority_pixel_pct": 100.0, "priority_category": "HIGH PRIORITY", "threshold_type": "95th percentile prioritisation threshold", "recommendation": "Spectral-stress evidence detected. Prioritise field inspection to determine the underlying cause. Field verification required.", "priority_rank": 176}}, {"type": "Feature", "geometry": {"type": "Polygon", "coordinates": [[[570525.0, 1973835.0], [570525.0, 1973805.0], [570495.0, 1973805.0], [570495.0, 1973775.0], [570465.0, 1973775.0], [570465.0, 1973745.0], [570435.0, 1973745.0], [570435.0, 1973685.0], [570405.0, 1973685.0], [570405.0, 1973595.0], [570495.0, 1973595.0], [570495.0, 1973625.0], [570555.0, 1973625.0], [570555.0, 1973595.0], [570675.0, 1973595.0], [570675.0, 1973625.0], [570705.0, 1973625.0], [570705.0, 1973535.0], [570735.0, 1973535.0], [570735.0, 1973505.0], [570795.0, 1973505.0], [570795.0, 1973535.0], [570825.0, 1973535.0], [570825.0, 1973595.0], [570795.0, 1973595.0], [570795.0, 1973655.0], [570765.0, 1973655.0], [570765.0, 1973685.0], [570705.0, 1973685.0], [570705.0, 1973715.0], [570615.0, 1973715.0], [570615.0, 1973685.0], [570585.0, 1973685.0], [570585.0, 1973745.0], [570615.0, 1973745.0], [570615.0, 1973775.0], [570585.0, 1973775.0], [570585.0, 1973805.0], [570555.0, 1973805.0], [570555.0, 1973835.0], [570525.0, 1973835.0]]]}, "properties": {"zone_id": "scene_01_DT0000205230-Z0028", "scene": "scene_01_DT0000205230", "pixel_count": 67, "approx_area_m2": 60300.0, "centroid_x": 570604.0298507463, "centroid_y": 1973660.5970149254, "mean_risk": 1.9134221076965332, "max_risk": 2.5153656005859375, "median_risk": 1.9033292531967163, "high_priority_pixel_pct": 100.0, "priority_category": "HIGH PRIORITY", "threshold_type": "95th percentile prioritisation threshold", "recommendation": "Spectral-stress evidence detected. Prioritise field inspection to determine the underlying cause. Field verification required.", "priority_rank": 233}}, {"type": "Feature", "geometry": {"type": "Polygon", "coordinates": [[[568305.0, 1973775.0], [568305.0, 1973745.0], [568275.0, 1973745.0], [568275.0, 1973715.0], [568245.0, 1973715.0], [568245.0, 1973655.0], [568215.0, 1973655.0], [568215.0, 1973685.0], [568185.0, 1973685.0], [568185.0, 1973625.0], [568275.0, 1973625.0], [568275.0, 1973655.0], [568305.0, 1973655.0], [568305.0, 1973685.0], [568335.0, 1973685.0], [568335.0, 1973775.0], [568305.0, 1973775.0]]]}, "properties": {"zone_id": "scene_01_DT0000205230-Z0029", "scene": "scene_01_DT0000205230", "pixel_count": 12, "approx_area_m2": 10800.0, "centroid_x": 568270.0, "centroid_y": 1973687.5, "mean_risk": 2.0305464267730713, "max_risk": 2.446159601211548, "median_risk": 1.9602117538452148, "high_priority_pixel_pct": 100.0, "priority_category": "HIGH PRIORITY", "threshold_type": "95th percentile prioritisation threshold", "recommendation": "Spectral-stress evidence detected. Prioritise field inspection to determine the underlying cause. Field verification required.", "priority_rank": 138}}, {"type": "Feature", "geometry": {"type": "Polygon", "coordinates": [[[552255.0, 1973745.0], [552255.0, 1973655.0], [552285.0, 1973655.0], [552285.0, 1973595.0], [552345.0, 1973595.0], [552345.0, 1973565.0], [552375.0, 1973565.0], [552375.0, 1973535.0], [552315.0, 1973535.0], [552315.0, 1973505.0], [552195.0, 1973505.0], [552195.0, 1973475.0], [552165.0, 1973475.0], [552165.0, 1973565.0], [552105.0, 1973565.0], [552105.0, 1973535.0], [552075.0, 1973535.0], [552075.0, 1973415.0], [552105.0, 1973415.0], [552105.0, 1973385.0], [552135.0, 1973385.0], [552135.0, 1973415.0], [552255.0, 1973415.0], [552255.0, 1973475.0], [552285.0, 1973475.0], [552285.0, 1973445.0], [552315.0, 1973445.0], [552315.0, 1973415.0], [552285.0, 1973415.0], [552285.0, 1973355.0], [552195.0, 1973355.0], [552195.0, 1973295.0], [552225.0, 1973295.0], [552225.0, 1973265.0], [552285.0, 1973265.0], [552285.0, 1973235.0], [552375.0, 1973235.0], [552375.0, 1973265.0], [552405.0, 1973265.0], [552405.0, 1973295.0], [552525.0, 1973295.0], [552525.0, 1973325.0], [552465.0, 1973325.0], [552465.0, 1973355.0], [552375.0, 1973355.0], [552375.0, 1973385.0], [552345.0, 1973385.0], [552345.0, 1973445.0], [552435.0, 1973445.0], [552435.0, 1973475.0], [552495.0, 1973475.0], [552495.0, 1973505.0], [552525.0, 1973505.0], [552525.0, 1973535.0], [552495.0, 1973535.0], [552495.0, 1973655.0], [552465.0, 1973655.0], [552465.0, 1973625.0], [552405.0, 1973625.0], [552405.0, 1973655.0], [552435.0, 1973655.0], [552435.0, 1973685.0], [552405.0, 1973685.0], [552405.0, 1973715.0], [552345.0, 1973715.0], [552345.0, 1973745.0], [552255.0, 1973745.0]], [[552195.0, 1973475.0], [552225.0, 1973475.0], [552225.0, 1973445.0], [552195.0, 1973445.0], [552195.0, 1973475.0]], [[552285.0, 1973355.0], [552315.0, 1973355.0], [552315.0, 1973295.0], [552285.0, 1973295.0], [552285.0, 1973355.0]]]}, "properties": {"zone_id": "scene_01_DT0000205230-Z0030", "scene": "scene_01_DT0000205230", "pixel_count": 110, "approx_area_m2": 99000.0, "centroid_x": 552320.7272727273, "centroid_y": 1973482.9090909092, "mean_risk": 1.9756139516830444, "max_risk": 2.60640025138855, "median_risk": 1.939180850982666, "high_priority_pixel_pct": 100.0, "priority_category": "HIGH PRIORITY", "threshold_type": "95th percentile prioritisation threshold", "recommendation": "Spectral-stress evidence detected. Prioritise field inspection to determine the underlying cause. Field verification required.", "priority_rank": 177}}, {"type": "Feature", "geometry": {"type": "Polygon", "coordinates": [[[574605.0, 1973745.0], [574605.0, 1973715.0], [574515.0, 1973715.0], [574515.0, 1973685.0], [574485.0, 1973685.0], [574485.0, 1973655.0], [574455.0, 1973655.0], [574455.0, 1973595.0], [574605.0, 1973595.0], [574605.0, 1973655.0], [574695.0, 1973655.0], [574695.0, 1973685.0], [574725.0, 1973685.0], [574725.0, 1973715.0], [574665.0, 1973715.0], [574665.0, 1973745.0], [574605.0, 1973745.0]]]}, "properties": {"zone_id": "scene_01_DT0000205230-Z0031", "scene": "scene_01_DT0000205230", "pixel_count": 26, "approx_area_m2": 23400.0, "centroid_x": 574578.4615384615, "centroid_y": 1973665.3846153845, "mean_risk": 2.3441476821899414, "max_risk": 3.232962131500244, "median_risk": 2.3067173957824707, "high_priority_pixel_pct": 100.0, "priority_category": "HIGH PRIORITY", "threshold_type": "95th percentile prioritisation threshold", "recommendation": "Spectral-stress evidence detected. Prioritise field inspection to determine the underlying cause. Field verification required.", "priority_rank": 53}}, {"type": "Feature", "geometry": {"type": "Polygon", "coordinates": [[[581355.0, 1973685.0], [581355.0, 1973655.0], [581325.0, 1973655.0], [581325.0, 1973505.0], [581295.0, 1973505.0], [581295.0, 1973385.0], [581385.0, 1973385.0], [581385.0, 1973415.0], [581415.0, 1973415.0], [581415.0, 1973445.0], [581445.0, 1973445.0], [581445.0, 1973475.0], [581475.0, 1973475.0], [581475.0, 1973685.0], [581355.0, 1973685.0]]]}, "properties": {"zone_id": "scene_01_DT0000205230-Z0032", "scene": "scene_01_DT0000205230", "pixel_count": 47, "approx_area_m2": 42300.0, "centroid_x": 581388.5106382979, "centroid_y": 1973539.1489361702, "mean_risk": 2.3546090126037598, "max_risk": 3.242727756500244, "median_risk": 2.354689836502075, "high_priority_pixel_pct": 100.0, "priority_category": "HIGH PRIORITY", "threshold_type": "95th percentile prioritisation threshold", "recommendation": "Spectral-stress evidence detected. Prioritise field inspection to determine the underlying cause. Field verification required.", "priority_rank": 51}}, {"type": "Feature", "geometry": {"type": "Polygon", "coordinates": [[[551835.0, 1973655.0], [551835.0, 1973625.0], [551775.0, 1973625.0], [551775.0, 1973595.0], [551715.0, 1973595.0], [551715.0, 1973565.0], [551685.0, 1973565.0], [551685.0, 1973505.0], [551775.0, 1973505.0], [551775.0, 1973535.0], [551835.0, 1973535.0], [551835.0, 1973415.0], [551805.0, 1973415.0], [551805.0, 1973445.0], [551745.0, 1973445.0], [551745.0, 1973415.0], [551715.0, 1973415.0], [551715.0, 1973295.0], [551745.0, 1973295.0], [551745.0, 1973325.0], [551805.0, 1973325.0], [551805.0, 1973265.0], [551835.0, 1973265.0], [551835.0, 1973235.0], [551925.0, 1973235.0], [551925.0, 1973205.0], [551955.0, 1973205.0], [551955.0, 1973235.0], [552075.0, 1973235.0], [552075.0, 1973265.0], [552135.0, 1973265.0], [552135.0, 1973325.0], [552075.0, 1973325.0], [552075.0, 1973355.0], [552045.0, 1973355.0], [552045.0, 1973385.0], [551985.0, 1973385.0], [551985.0, 1973355.0], [551955.0, 1973355.0], [551955.0, 1973295.0], [551895.0, 1973295.0], [551895.0, 1973355.0], [551865.0, 1973355.0], [551865.0, 1973385.0], [551895.0, 1973385.0], [551895.0, 1973445.0], [551865.0, 1973445.0], [551865.0, 1973565.0], [551895.0, 1973565.0], [551895.0, 1973655.0], [551835.0, 1973655.0]], [[551955.0, 1973295.0], [551985.0, 1973295.0], [551985.0, 1973265.0], [551955.0, 1973265.0], [551955.0, 1973295.0]]]}, "properties": {"zone_id": "scene_01_DT0000205230-Z0033", "scene": "scene_01_DT0000205230", "pixel_count": 80, "approx_area_m2": 72000.0, "centroid_x": 551876.25, "centroid_y": 1973397.0, "mean_risk": 1.9967424869537354, "max_risk": 2.591569423675537, "median_risk": 1.9377775192260742, "high_priority_pixel_pct": 100.0, "priority_category": "HIGH PRIORITY", "threshold_type": "95th percentile prioritisation threshold", "recommendation": "Spectral-stress evidence detected. Prioritise field inspection to determine the underlying cause. Field verification required.", "priority_rank": 165}}, {"type": "Feature", "geometry": {"type": "Polygon", "coordinates": [[[562935.0, 1973655.0], [562935.0, 1973565.0], [562965.0, 1973565.0], [562965.0, 1973535.0], [562995.0, 1973535.0], [562995.0, 1973565.0], [563055.0, 1973565.0], [563055.0, 1973535.0], [563085.0, 1973535.0], [563085.0, 1973565.0], [563115.0, 1973565.0], [563115.0, 1973595.0], [563085.0, 1973595.0], [563085.0, 1973625.0], [563055.0, 1973625.0], [563055.0, 1973595.0], [563025.0, 1973595.0], [563025.0, 1973625.0], [562995.0, 1973625.0], [562995.0, 1973655.0], [562935.0, 1973655.0]]]}, "properties": {"zone_id": "scene_01_DT0000205230-Z0034", "scene": "scene_01_DT0000205230", "pixel_count": 14, "approx_area_m2": 12600.0, "centroid_x": 563010.0, "centroid_y": 1973592.857142857, "mean_risk": 1.7410274744033813, "max_risk": 1.859924554824829, "median_risk": 1.7219274044036865, "high_priority_pixel_pct": 100.0, "priority_category": "HIGH PRIORITY", "threshold_type": "95th percentile prioritisation threshold", "recommendation": "Spectral-stress evidence detected. Prioritise field inspection to determine the underlying cause. Field verification required.", "priority_rank": 407}}, {"type": "Feature", "geometry": {"type": "Polygon", "coordinates": [[[581055.0, 1973655.0], [581055.0, 1973625.0], [580995.0, 1973625.0], [580995.0, 1973565.0], [580935.0, 1973565.0], [580935.0, 1973445.0], [580905.0, 1973445.0], [580905.0, 1973325.0], [580935.0, 1973325.0], [580935.0, 1973235.0], [580965.0, 1973235.0], [580965.0, 1973205.0], [581025.0, 1973205.0], [581025.0, 1973265.0], [581055.0, 1973265.0], [581055.0, 1973325.0], [581085.0, 1973325.0], [581085.0, 1973355.0], [581115.0, 1973355.0], [581115.0, 1973385.0], [581085.0, 1973385.0], [581085.0, 1973445.0], [581025.0, 1973445.0], [581025.0, 1973475.0], [581055.0, 1973475.0], [581055.0, 1973505.0], [581085.0, 1973505.0], [581085.0, 1973565.0], [581115.0, 1973565.0], [581115.0, 1973625.0], [581085.0, 1973625.0], [581085.0, 1973655.0], [581055.0, 1973655.0]]]}, "properties": {"zone_id": "scene_01_DT0000205230-Z0035", "scene": "scene_01_DT0000205230", "pixel_count": 64, "approx_area_m2": 57600.0, "centroid_x": 581006.25, "centroid_y": 1973425.78125, "mean_risk": 2.0373311042785645, "max_risk": 2.8506672382354736, "median_risk": 1.974128007888794, "high_priority_pixel_pct": 100.0, "priority_category": "HIGH PRIORITY", "threshold_type": "95th percentile prioritisation threshold", "recommendation": "Spectral-stress evidence detected. Prioritise field inspection to determine the underlying cause. Field verification required.", "priority_rank": 134}}, {"type": "Feature", "geometry": {"type": "Polygon", "coordinates": [[[573795.0, 1973595.0], [573795.0, 1973565.0], [573825.0, 1973565.0], [573825.0, 1973535.0], [573855.0, 1973535.0], [573855.0, 1973505.0], [573975.0, 1973505.0], [573975.0, 1973565.0], [573945.0, 1973565.0], [573945.0, 1973595.0], [573795.0, 1973595.0]]]}, "properties": {"zone_id": "scene_01_DT0000205230-Z0036", "scene": "scene_01_DT0000205230", "pixel_count": 14, "approx_area_m2": 12600.0, "centroid_x": 573893.5714285715, "centroid_y": 1973552.142857143, "mean_risk": 2.1902291774749756, "max_risk": 2.824728012084961, "median_risk": 2.077213764190674, "high_priority_pixel_pct": 100.0, "priority_category": "HIGH PRIORITY", "threshold_type": "95th percentile prioritisation threshold", "recommendation": "Spectral-stress evidence detected. Prioritise field inspection to determine the underlying cause. Field verification required.", "priority_rank": 86}}, {"type": "Feature", "geometry": {"type": "Polygon", "coordinates": [[[566505.0, 1973535.0], [566505.0, 1973475.0], [566415.0, 1973475.0], [566415.0, 1973445.0], [566385.0, 1973445.0], [566385.0, 1973505.0], [566325.0, 1973505.0], [566325.0, 1973475.0], [566265.0, 1973475.0], [566265.0, 1973445.0], [566295.0, 1973445.0], [566295.0, 1973385.0], [566265.0, 1973385.0], [566265.0, 1973355.0], [566235.0, 1973355.0], [566235.0, 1973265.0], [566205.0, 1973265.0], [566205.0, 1973235.0], [566145.0, 1973235.0], [566145.0, 1973205.0], [566115.0, 1973205.0], [566115.0, 1973145.0], [566085.0, 1973145.0], [566085.0, 1973115.0], [566055.0, 1973115.0], [566055.0, 1972965.0], [566085.0, 1972965.0], [566085.0, 1972875.0], [566115.0, 1972875.0], [566115.0, 1972845.0], [566145.0, 1972845.0], [566145.0, 1972935.0], [566205.0, 1972935.0], [566205.0, 1972845.0], [566235.0, 1972845.0], [566235.0, 1972875.0], [566505.0, 1972875.0], [566505.0, 1972905.0], [566595.0, 1972905.0], [566595.0, 1972875.0], [566625.0, 1972875.0], [566625.0, 1972845.0], [566715.0, 1972845.0], [566715.0, 1972815.0], [566745.0, 1972815.0], [566745.0, 1972845.0], [566775.0, 1972845.0], [566775.0, 1972875.0], [566805.0, 1972875.0], [566805.0, 1972905.0], [566865.0, 1972905.0], [566865.0, 1972965.0], [566835.0, 1972965.0], [566835.0, 1972995.0], [566775.0, 1972995.0], [566775.0, 1972965.0], [566745.0, 1972965.0], [566745.0, 1973025.0], [566685.0, 1973025.0], [566685.0, 1973055.0], [566655.0, 1973055.0], [566655.0, 1973085.0], [566715.0, 1973085.0], [566715.0, 1973055.0], [566775.0, 1973055.0], [566775.0, 1973115.0], [566805.0, 1973115.0], [566805.0, 1973145.0], [566715.0, 1973145.0], [566715.0, 1973175.0], [566745.0, 1973175.0], [566745.0, 1973205.0], [566775.0, 1973205.0], [566775.0, 1973235.0], [566745.0, 1973235.0], [566745.0, 1973265.0], [566655.0, 1973265.0], [566655.0, 1973175.0], [566685.0, 1973175.0], [566685.0, 1973145.0], [566565.0, 1973145.0], [566565.0, 1973115.0], [566535.0, 1973115.0], [566535.0, 1973205.0], [566565.0, 1973205.0], [566565.0, 1973265.0], [566595.0, 1973265.0], [566595.0, 1973325.0], [566655.0, 1973325.0], [566655.0, 1973445.0], [566625.0, 1973445.0], [566625.0, 1973415.0], [566595.0, 1973415.0], [566595.0, 1973505.0], [566565.0, 1973505.0], [566565.0, 1973535.0], [566505.0, 1973535.0]], [[566505.0, 1973115.0], [566535.0, 1973115.0], [566535.0, 1972965.0], [566505.0, 1972965.0], [566505.0, 1972995.0], [566475.0, 1972995.0], [566475.0, 1973085.0], [566505.0, 1973085.0], [566505.0, 1973115.0]], [[566085.0, 1973055.0], [566145.0, 1973055.0], [566145.0, 1972995.0], [566085.0, 1972995.0], [566085.0, 1973055.0]], [[566235.0, 1973055.0], [566265.0, 1973055.0], [566265.0, 1973025.0], [566235.0, 1973025.0], [566235.0, 1973055.0]]]}, "properties": {"zone_id": "scene_01_DT0000205230-Z0037", "scene": "scene_01_DT0000205230", "pixel_count": 358, "approx_area_m2": 322200.0, "centroid_x": 566437.0391061453, "centroid_y": 1973134.6089385475, "mean_risk": 2.240556478500366, "max_risk": 3.182547092437744, "median_risk": 2.212737798690796, "high_priority_pixel_pct": 100.0, "priority_category": "HIGH PRIORITY", "threshold_type": "95th percentile prioritisation threshold", "recommendation": "Spectral-stress evidence detected. Prioritise field inspection to determine the underlying cause. Field verification required.", "priority_rank": 71}}, {"type": "Feature", "geometry": {"type": "Polygon", "coordinates": [[[573285.0, 1973505.0], [573285.0, 1973445.0], [573315.0, 1973445.0], [573315.0, 1973415.0], [573375.0, 1973415.0], [573375.0, 1973445.0], [573435.0, 1973445.0], [573435.0, 1973415.0], [573465.0, 1973415.0], [573465.0, 1973385.0], [573525.0, 1973385.0], [573525.0, 1973415.0], [573555.0, 1973415.0], [573555.0, 1973445.0], [573585.0, 1973445.0], [573585.0, 1973475.0], [573555.0, 1973475.0], [573555.0, 1973505.0], [573435.0, 1973505.0], [573435.0, 1973475.0], [573345.0, 1973475.0], [573345.0, 1973505.0], [573285.0, 1973505.0]]]}, "properties": {"zone_id": "scene_01_DT0000205230-Z0038", "scene": "scene_01_DT0000205230", "pixel_count": 24, "approx_area_m2": 21600.0, "centroid_x": 573442.5, "centroid_y": 1973455.0, "mean_risk": 1.8709689378738403, "max_risk": 2.1490745544433594, "median_risk": 1.8449288606643677, "high_priority_pixel_pct": 100.0, "priority_category": "HIGH PRIORITY", "threshold_type": "95th percentile prioritisation threshold", "recommendation": "Spectral-stress evidence detected. Prioritise field inspection to determine the underlying cause. Field verification required.", "priority_rank": 270}}, {"type": "Feature", "geometry": {"type": "Polygon", "coordinates": [[[577755.0, 1973475.0], [577755.0, 1973355.0], [577725.0, 1973355.0], [577725.0, 1973265.0], [577695.0, 1973265.0], [577695.0, 1973055.0], [577725.0, 1973055.0], [577725.0, 1973025.0], [577785.0, 1973025.0], [577785.0, 1973055.0], [577875.0, 1973055.0], [577875.0, 1973025.0], [577845.0, 1973025.0], [577845.0, 1972995.0], [577815.0, 1972995.0], [577815.0, 1972965.0], [577785.0, 1972965.0], [577785.0, 1972905.0], [577815.0, 1972905.0], [577815.0, 1972935.0], [577905.0, 1972935.0], [577905.0, 1972965.0], [577965.0, 1972965.0], [577965.0, 1972995.0], [577995.0, 1972995.0], [577995.0, 1972875.0], [578055.0, 1972875.0], [578055.0, 1972845.0], [578085.0, 1972845.0], [578085.0, 1972785.0], [578145.0, 1972785.0], [578145.0, 1972965.0], [578175.0, 1972965.0], [578175.0, 1973265.0], [578205.0, 1973265.0], [578205.0, 1973325.0], [578175.0, 1973325.0], [578175.0, 1973385.0], [578025.0, 1973385.0], [578025.0, 1973475.0], [577995.0, 1973475.0], [577995.0, 1973385.0], [577965.0, 1973385.0], [577965.0, 1973355.0], [577935.0, 1973355.0], [577935.0, 1973325.0], [577905.0, 1973325.0], [577905.0, 1973265.0], [577875.0, 1973265.0], [577875.0, 1973235.0], [577845.0, 1973235.0], [577845.0, 1973475.0], [577755.0, 1973475.0]]]}, "properties": {"zone_id": "scene_01_DT0000205230-Z0039", "scene": "scene_01_DT0000205230", "pixel_count": 234, "approx_area_m2": 210600.0, "centroid_x": 577960.5128205129, "centroid_y": 1973156.4102564103, "mean_risk": 2.637096881866455, "max_risk": 5.946924686431885, "median_risk": 2.183323860168457, "high_priority_pixel_pct": 100.0, "priority_category": "HIGH PRIORITY", "threshold_type": "95th percentile prioritisation threshold", "recommendation": "Spectral-stress evidence detected. Prioritise field inspection to determine the underlying cause. Field verification required.", "priority_rank": 19}}, {"type": "Feature", "geometry": {"type": "Polygon", "coordinates": [[[580785.0, 1973415.0], [580785.0, 1973355.0], [580695.0, 1973355.0], [580695.0, 1973385.0], [580665.0, 1973385.0], [580665.0, 1973325.0], [580695.0, 1973325.0], [580695.0, 1973295.0], [580725.0, 1973295.0], [580725.0, 1973175.0], [580815.0, 1973175.0], [580815.0, 1973235.0], [580845.0, 1973235.0], [580845.0, 1973385.0], [580815.0, 1973385.0], [580815.0, 1973415.0], [580785.0, 1973415.0]]]}, "properties": {"zone_id": "scene_01_DT0000205230-Z0040", "scene": "scene_01_DT0000205230", "pixel_count": 29, "approx_area_m2": 26100.0, "centroid_x": 580772.0689655172, "centroid_y": 1973291.3793103448, "mean_risk": 1.7860350608825684, "max_risk": 1.943047285079956, "median_risk": 1.777955174446106, "high_priority_pixel_pct": 100.0, "priority_category": "HIGH PRIORITY", "threshold_type": "95th percentile prioritisation threshold", "recommendation": "Spectral-stress evidence detected. Prioritise field inspection to determine the underlying cause. Field verification required.", "priority_rank": 360}}, {"type": "Feature", "geometry": {"type": "Polygon", "coordinates": [[[580275.0, 1973295.0], [580275.0, 1973265.0], [580245.0, 1973265.0], [580245.0, 1973205.0], [580275.0, 1973205.0], [580275.0, 1973145.0], [580305.0, 1973145.0], [580305.0, 1973115.0], [580335.0, 1973115.0], [580335.0, 1973235.0], [580305.0, 1973235.0], [580305.0, 1973295.0], [580275.0, 1973295.0]]]}, "properties": {"zone_id": "scene_01_DT0000205230-Z0041", "scene": "scene_01_DT0000205230", "pixel_count": 11, "approx_area_m2": 9900.0, "centroid_x": 580295.4545454546, "centroid_y": 1973206.3636363635, "mean_risk": 1.7322653532028198, "max_risk": 1.8152343034744263, "median_risk": 1.712202548980713, "high_priority_pixel_pct": 100.0, "priority_category": "HIGH PRIORITY", "threshold_type": "95th percentile prioritisation threshold", "recommendation": "Spectral-stress evidence detected. Prioritise field inspection to determine the underlying cause. Field verification required.", "priority_rank": 415}}, {"type": "Feature", "geometry": {"type": "Polygon", "coordinates": [[[573255.0, 1973265.0], [573255.0, 1973205.0], [573165.0, 1973205.0], [573165.0, 1973175.0], [573195.0, 1973175.0], [573195.0, 1973145.0], [573255.0, 1973145.0], [573255.0, 1973085.0], [573195.0, 1973085.0], [573195.0, 1973025.0], [573165.0, 1973025.0], [573165.0, 1972965.0], [573195.0, 1972965.0], [573195.0, 1972905.0], [573255.0, 1972905.0], [573255.0, 1972935.0], [573285.0, 1972935.0], [573285.0, 1972965.0], [573255.0, 1972965.0], [573255.0, 1972995.0], [573225.0, 1972995.0], [573225.0, 1973025.0], [573315.0, 1973025.0], [573315.0, 1973145.0], [573345.0, 1973145.0], [573345.0, 1973025.0], [573405.0, 1973025.0], [573405.0, 1973055.0], [573435.0, 1973055.0], [573435.0, 1973115.0], [573465.0, 1973115.0], [573465.0, 1973145.0], [573375.0, 1973145.0], [573375.0, 1973205.0], [573405.0, 1973205.0], [573405.0, 1973265.0], [573345.0, 1973265.0], [573345.0, 1973235.0], [573315.0, 1973235.0], [573315.0, 1973265.0], [573255.0, 1973265.0]], [[573255.0, 1973085.0], [573285.0, 1973085.0], [573285.0, 1973055.0], [573255.0, 1973055.0], [573255.0, 1973085.0]]]}, "properties": {"zone_id": "scene_01_DT0000205230-Z0042", "scene": "scene_01_DT0000205230", "pixel_count": 55, "approx_area_m2": 49500.0, "centroid_x": 573297.8181818182, "centroid_y": 1973108.7272727273, "mean_risk": 1.9468750953674316, "max_risk": 2.5314016342163086, "median_risk": 1.9251633882522583, "high_priority_pixel_pct": 100.0, "priority_category": "HIGH PRIORITY", "threshold_type": "95th percentile prioritisation threshold", "recommendation": "Spectral-stress evidence detected. Prioritise field inspection to determine the underlying cause. Field verification required.", "priority_rank": 201}}, {"type": "Feature", "geometry": {"type": "Polygon", "coordinates": [[[564495.0, 1973235.0], [564495.0, 1973205.0], [564465.0, 1973205.0], [564465.0, 1973145.0], [564375.0, 1973145.0], [564375.0, 1973085.0], [564405.0, 1973085.0], [564405.0, 1973055.0], [564435.0, 1973055.0], [564435.0, 1973025.0], [564645.0, 1973025.0], [564645.0, 1973055.0], [564675.0, 1973055.0], [564675.0, 1973145.0], [564645.0, 1973145.0], [564645.0, 1973175.0], [564615.0, 1973175.0], [564615.0, 1973085.0], [564585.0, 1973085.0], [564585.0, 1973055.0], [564555.0, 1973055.0], [564555.0, 1973085.0], [564525.0, 1973085.0], [564525.0, 1973115.0], [564555.0, 1973115.0], [564555.0, 1973175.0], [564525.0, 1973175.0], [564525.0, 1973235.0], [564495.0, 1973235.0]]]}, "properties": {"zone_id": "scene_01_DT0000205230-Z0043", "scene": "scene_01_DT0000205230", "pixel_count": 37, "approx_area_m2": 33300.0, "centroid_x": 564522.972972973, "centroid_y": 1973103.2432432433, "mean_risk": 1.945273756980896, "max_risk": 2.5460379123687744, "median_risk": 1.8644987344741821, "high_priority_pixel_pct": 100.0, "priority_category": "HIGH PRIORITY", "threshold_type": "95th percentile prioritisation threshold", "recommendation": "Spectral-stress evidence detected. Prioritise field inspection to determine the underlying cause. Field verification required.", "priority_rank": 203}}, {"type": "Feature", "geometry": {"type": "Polygon", "coordinates": [[[551715.0, 1973205.0], [551715.0, 1973145.0], [551625.0, 1973145.0], [551625.0, 1973085.0], [551685.0, 1973085.0], [551685.0, 1973055.0], [551835.0, 1973055.0], [551835.0, 1973025.0], [551865.0, 1973025.0], [551865.0, 1972995.0], [551895.0, 1972995.0], [551895.0, 1972965.0], [551985.0, 1972965.0], [551985.0, 1972995.0], [552015.0, 1972995.0], [552015.0, 1973025.0], [551895.0, 1973025.0], [551895.0, 1973055.0], [551865.0, 1973055.0], [551865.0, 1973145.0], [551835.0, 1973145.0], [551835.0, 1973175.0], [551805.0, 1973175.0], [551805.0, 1973205.0], [551715.0, 1973205.0]]]}, "properties": {"zone_id": "scene_01_DT0000205230-Z0044", "scene": "scene_01_DT0000205230", "pixel_count": 39, "approx_area_m2": 35100.0, "centroid_x": 551800.0, "centroid_y": 1973090.7692307692, "mean_risk": 2.0305988788604736, "max_risk": 2.721919298171997, "median_risk": 1.9459640979766846, "high_priority_pixel_pct": 100.0, "priority_category": "HIGH PRIORITY", "threshold_type": "95th percentile prioritisation threshold", "recommendation": "Spectral-stress evidence detected. Prioritise field inspection to determine the underlying cause. Field verification required.", "priority_rank": 137}}, {"type": "Feature", "geometry": {"type": "Polygon", "coordinates": [[[567345.0, 1973145.0], [567345.0, 1973115.0], [567315.0, 1973115.0], [567315.0, 1973055.0], [567375.0, 1973055.0], [567375.0, 1973025.0], [567345.0, 1973025.0], [567345.0, 1972965.0], [567315.0, 1972965.0], [567315.0, 1972905.0], [567375.0, 1972905.0], [567375.0, 1972965.0], [567405.0, 1972965.0], [567405.0, 1972995.0], [567435.0, 1972995.0], [567435.0, 1973055.0], [567465.0, 1973055.0], [567465.0, 1973085.0], [567495.0, 1973085.0], [567495.0, 1973115.0], [567435.0, 1973115.0], [567435.0, 1973145.0], [567405.0, 1973145.0], [567405.0, 1973115.0], [567375.0, 1973115.0], [567375.0, 1973145.0], [567345.0, 1973145.0]]]}, "properties": {"zone_id": "scene_01_DT0000205230-Z0045", "scene": "scene_01_DT0000205230", "pixel_count": 24, "approx_area_m2": 21600.0, "centroid_x": 567386.25, "centroid_y": 1973042.5, "mean_risk": 1.8810478448867798, "max_risk": 2.288731813430786, "median_risk": 1.830903172492981, "high_priority_pixel_pct": 100.0, "priority_category": "HIGH PRIORITY", "threshold_type": "95th percentile prioritisation threshold", "recommendation": "Spectral-stress evidence detected. Prioritise field inspection to determine the underlying cause. Field verification required.", "priority_rank": 261}}, {"type": "Feature", "geometry": {"type": "Polygon", "coordinates": [[[582225.0, 1973145.0], [582225.0, 1973115.0], [582195.0, 1973115.0], [582195.0, 1973085.0], [582165.0, 1973085.0], [582165.0, 1972995.0], [582195.0, 1972995.0], [582195.0, 1972965.0], [582255.0, 1972965.0], [582255.0, 1973025.0], [582285.0, 1973025.0], [582285.0, 1973145.0], [582225.0, 1973145.0]], [[582195.0, 1973025.0], [582225.0, 1973025.0], [582225.0, 1972995.0], [582195.0, 1972995.0], [582195.0, 1973025.0]]]}, "properties": {"zone_id": "scene_01_DT0000205230-Z0046", "scene": "scene_01_DT0000205230", "pixel_count": 17, "approx_area_m2": 15300.0, "centroid_x": 582229.4117647059, "centroid_y": 1973057.6470588236, "mean_risk": 2.12223744392395, "max_risk": 2.839435577392578, "median_risk": 2.1300296783447266, "high_priority_pixel_pct": 100.0, "priority_category": "HIGH PRIORITY", "threshold_type": "95th percentile prioritisation threshold", "recommendation": "Spectral-stress evidence detected. Prioritise field inspection to determine the underlying cause. Field verification required.", "priority_rank": 105}}, {"type": "Feature", "geometry": {"type": "Polygon", "coordinates": [[[565095.0, 1973115.0], [565095.0, 1973055.0], [565185.0, 1973055.0], [565185.0, 1973025.0], [565095.0, 1973025.0], [565095.0, 1972995.0], [565185.0, 1972995.0], [565185.0, 1972935.0], [565245.0, 1972935.0], [565245.0, 1972965.0], [565275.0, 1972965.0], [565275.0, 1972995.0], [565305.0, 1972995.0], [565305.0, 1973025.0], [565275.0, 1973025.0], [565275.0, 1973055.0], [565245.0, 1973055.0], [565245.0, 1973085.0], [565215.0, 1973085.0], [565215.0, 1973115.0], [565095.0, 1973115.0]]]}, "properties": {"zone_id": "scene_01_DT0000205230-Z0047", "scene": "scene_01_DT0000205230", "pixel_count": 24, "approx_area_m2": 21600.0, "centroid_x": 565195.0, "centroid_y": 1973032.5, "mean_risk": 1.922834038734436, "max_risk": 2.5552799701690674, "median_risk": 1.8834134340286255, "high_priority_pixel_pct": 100.0, "priority_category": "HIGH PRIORITY", "threshold_type": "95th percentile prioritisation threshold", "recommendation": "Spectral-stress evidence detected. Prioritise field inspection to determine the underlying cause. Field verification required.", "priority_rank": 226}}, {"type": "Feature", "geometry": {"type": "Polygon", "coordinates": [[[567225.0, 1973085.0], [567225.0, 1973025.0], [567165.0, 1973025.0], [567165.0, 1972875.0], [567285.0, 1972875.0], [567285.0, 1972905.0], [567255.0, 1972905.0], [567255.0, 1973085.0], [567225.0, 1973085.0]]]}, "properties": {"zone_id": "scene_01_DT0000205230-Z0048", "scene": "scene_01_DT0000205230", "pixel_count": 18, "approx_area_m2": 16200.0, "centroid_x": 567216.6666666666, "centroid_y": 1972958.3333333333, "mean_risk": 2.020176410675049, "max_risk": 2.7322006225585938, "median_risk": 1.9462252855300903, "high_priority_pixel_pct": 100.0, "priority_category": "HIGH PRIORITY", "threshold_type": "95th percentile prioritisation threshold", "recommendation": "Spectral-stress evidence detected. Prioritise field inspection to determine the underlying cause. Field verification required.", "priority_rank": 144}}, {"type": "Feature", "geometry": {"type": "Polygon", "coordinates": [[[582435.0, 1973025.0], [582435.0, 1972995.0], [582465.0, 1972995.0], [582465.0, 1972845.0], [582495.0, 1972845.0], [582495.0, 1972935.0], [582525.0, 1972935.0], [582525.0, 1973025.0], [582435.0, 1973025.0]]]}, "properties": {"zone_id": "scene_01_DT0000205230-Z0049", "scene": "scene_01_DT0000205230", "pixel_count": 10, "approx_area_m2": 9000.0, "centroid_x": 582486.0, "centroid_y": 1972956.0, "mean_risk": 2.146817684173584, "max_risk": 2.530306816101074, "median_risk": 2.1747422218322754, "high_priority_pixel_pct": 100.0, "priority_category": "HIGH PRIORITY", "threshold_type": "95th percentile prioritisation threshold", "recommendation": "Spectral-stress evidence detected. Prioritise field inspection to determine the underlying cause. Field verification required.", "priority_rank": 98}}, {"type": "Feature", "geometry": {"type": "Polygon", "coordinates": [[[582105.0, 1972995.0], [582105.0, 1972965.0], [582075.0, 1972965.0], [582075.0, 1972905.0], [582045.0, 1972905.0], [582045.0, 1972875.0], [582015.0, 1972875.0], [582015.0, 1972845.0], [581985.0, 1972845.0], [581985.0, 1972815.0], [582015.0, 1972815.0], [582015.0, 1972785.0], [582045.0, 1972785.0], [582045.0, 1972755.0], [582135.0, 1972755.0], [582135.0, 1972845.0], [582165.0, 1972845.0], [582165.0, 1972875.0], [582195.0, 1972875.0], [582195.0, 1972905.0], [582135.0, 1972905.0], [582135.0, 1972995.0], [582105.0, 1972995.0]]]}, "properties": {"zone_id": "scene_01_DT0000205230-Z0050", "scene": "scene_01_DT0000205230", "pixel_count": 27, "approx_area_m2": 24300.0, "centroid_x": 582091.1111111111, "centroid_y": 1972856.6666666667, "mean_risk": 2.045168876647949, "max_risk": 2.5893664360046387, "median_risk": 1.9872026443481445, "high_priority_pixel_pct": 100.0, "priority_category": "HIGH PRIORITY", "threshold_type": "95th percentile prioritisation threshold", "recommendation": "Spectral-stress evidence detected. Prioritise field inspection to determine the underlying cause. Field verification required.", "priority_rank": 131}}, {"type": "Feature", "geometry": {"type": "Polygon", "coordinates": [[[565005.0, 1972965.0], [565005.0, 1972935.0], [564975.0, 1972935.0], [564975.0, 1972905.0], [564945.0, 1972905.0], [564945.0, 1972875.0], [564915.0, 1972875.0], [564915.0, 1972905.0], [564885.0, 1972905.0], [564885.0, 1972935.0], [564795.0, 1972935.0], [564795.0, 1972905.0], [564765.0, 1972905.0], [564765.0, 1972875.0], [564645.0, 1972875.0], [564645.0, 1972905.0], [564555.0, 1972905.0], [564555.0, 1972875.0], [564495.0, 1972875.0], [564495.0, 1972905.0], [564465.0, 1972905.0], [564465.0, 1972875.0], [564435.0, 1972875.0], [564435.0, 1972845.0], [564465.0, 1972845.0], [564465.0, 1972815.0], [564495.0, 1972815.0], [564495.0, 1972785.0], [564465.0, 1972785.0], [564465.0, 1972755.0], [564435.0, 1972755.0], [564435.0, 1972725.0], [564465.0, 1972725.0], [564465.0, 1972605.0], [564495.0, 1972605.0], [564495.0, 1972635.0], [564555.0, 1972635.0], [564555.0, 1972665.0], [564645.0, 1972665.0], [564645.0, 1972695.0], [564735.0, 1972695.0], [564735.0, 1972725.0], [564795.0, 1972725.0], [564795.0, 1972755.0], [564945.0, 1972755.0], [564945.0, 1972785.0], [564975.0, 1972785.0], [564975.0, 1972815.0], [565005.0, 1972815.0], [565005.0, 1972845.0], [565155.0, 1972845.0], [565155.0, 1972875.0], [565185.0, 1972875.0], [565185.0, 1972905.0], [565125.0, 1972905.0], [565125.0, 1972935.0], [565065.0, 1972935.0], [565065.0, 1972965.0], [565005.0, 1972965.0]], [[564885.0, 1972875.0], [564915.0, 1972875.0], [564915.0, 1972845.0], [564885.0, 1972845.0], [564885.0, 1972875.0]]]}, "properties": {"zone_id": "scene_01_DT0000205230-Z0051", "scene": "scene_01_DT0000205230", "pixel_count": 132, "approx_area_m2": 118800.0, "centroid_x": 564741.1363636364, "centroid_y": 1972809.5454545454, "mean_risk": 2.24845552444458, "max_risk": 3.1467483043670654, "median_risk": 2.213193416595459, "high_priority_pixel_pct": 100.0, "priority_category": "HIGH PRIORITY", "threshold_type": "95th percentile prioritisation threshold", "recommendation": "Spectral-stress evidence detected. Prioritise field inspection to determine the underlying cause. Field verification required.", "priority_rank": 69}}, {"type": "Feature", "geometry": {"type": "Polygon", "coordinates": [[[557265.0, 1972785.0], [557265.0, 1972755.0], [557235.0, 1972755.0], [557235.0, 1972515.0], [557265.0, 1972515.0], [557265.0, 1972485.0], [557325.0, 1972485.0], [557325.0, 1972455.0], [557565.0, 1972455.0], [557565.0, 1972485.0], [557595.0, 1972485.0], [557595.0, 1972575.0], [557565.0, 1972575.0], [557565.0, 1972635.0], [557535.0, 1972635.0], [557535.0, 1972665.0], [557505.0, 1972665.0], [557505.0, 1972725.0], [557445.0, 1972725.0], [557445.0, 1972755.0], [557385.0, 1972755.0], [557385.0, 1972785.0], [557265.0, 1972785.0]]]}, "properties": {"zone_id": "scene_01_DT0000205230-Z0052", "scene": "scene_01_DT0000205230", "pixel_count": 104, "approx_area_m2": 93600.0, "centroid_x": 557396.5384615385, "centroid_y": 1972605.0, "mean_risk": 3.157369375228882, "max_risk": 4.489564895629883, "median_risk": 3.188014507293701, "high_priority_pixel_pct": 100.0, "priority_category": "HIGH PRIORITY", "threshold_type": "95th percentile prioritisation threshold", "recommendation": "Spectral-stress evidence detected. Prioritise field inspection to determine the underlying cause. Field verification required.", "priority_rank": 4}}, {"type": "Feature", "geometry": {"type": "Polygon", "coordinates": [[[566055.0, 1972575.0], [566055.0, 1972545.0], [566115.0, 1972545.0], [566115.0, 1972575.0], [566055.0, 1972575.0]]]}, "properties": {"zone_id": "scene_01_DT0000205230-Z0053", "scene": "scene_01_DT0000205230", "pixel_count": 24, "approx_area_m2": 21600.0, "centroid_x": 566165.0, "centroid_y": 1972685.0, "mean_risk": 1.9342575073242188, "max_risk": 2.502072334289551, "median_risk": 1.9437662363052368, "high_priority_pixel_pct": 100.0, "priority_category": "HIGH PRIORITY", "threshold_type": "95th percentile prioritisation threshold", "recommendation": "Spectral-stress evidence detected. Prioritise field inspection to determine the underlying cause. Field verification required.", "priority_rank": 216}}, {"type": "Feature", "geometry": {"type": "Polygon", "coordinates": [[[566865.0, 1972695.0], [566865.0, 1972635.0], [566895.0, 1972635.0], [566895.0, 1972665.0], [566925.0, 1972665.0], [566925.0, 1972695.0], [566865.0, 1972695.0]]]}, "properties": {"zone_id": "scene_01_DT0000205230-Z0054", "scene": "scene_01_DT0000205230", "pixel_count": 17, "approx_area_m2": 15300.0, "centroid_x": 566991.1764705882, "centroid_y": 1972717.0588235294, "mean_risk": 1.8933897018432617, "max_risk": 2.217031478881836, "median_risk": 1.8919821977615356, "high_priority_pixel_pct": 100.0, "priority_category": "HIGH PRIORITY", "threshold_type": "95th percentile prioritisation threshold", "recommendation": "Spectral-stress evidence detected. Prioritise field inspection to determine the underlying cause. Field verification required.", "priority_rank": 249}}, {"type": "Feature", "geometry": {"type": "Polygon", "coordinates": [[[580755.0, 1972785.0], [580755.0, 1972725.0], [580725.0, 1972725.0], [580725.0, 1972635.0], [580755.0, 1972635.0], [580755.0, 1972665.0], [580845.0, 1972665.0], [580845.0, 1972755.0], [580815.0, 1972755.0], [580815.0, 1972785.0], [580755.0, 1972785.0]]]}, "properties": {"zone_id": "scene_01_DT0000205230-Z0055", "scene": "scene_01_DT0000205230", "pixel_count": 14, "approx_area_m2": 12600.0, "centroid_x": 580785.0, "centroid_y": 1972712.142857143, "mean_risk": 1.7369071245193481, "max_risk": 1.8455021381378174, "median_risk": 1.7263281345367432, "high_priority_pixel_pct": 100.0, "priority_category": "HIGH PRIORITY", "threshold_type": "95th percentile prioritisation threshold", "recommendation": "Spectral-stress evidence detected. Prioritise field inspection to determine the underlying cause. Field verification required.", "priority_rank": 411}}, {"type": "Feature", "geometry": {"type": "Polygon", "coordinates": [[[581235.0, 1972755.0], [581235.0, 1972725.0], [581175.0, 1972725.0], [581175.0, 1972635.0], [581205.0, 1972635.0], [581205.0, 1972575.0], [581265.0, 1972575.0], [581265.0, 1972545.0], [581295.0, 1972545.0], [581295.0, 1972455.0], [581205.0, 1972455.0], [581205.0, 1972365.0], [581175.0, 1972365.0], [581175.0, 1972335.0], [581145.0, 1972335.0], [581145.0, 1972245.0], [581175.0, 1972245.0], [581175.0, 1972125.0], [581145.0, 1972125.0], [581145.0, 1972095.0], [581175.0, 1972095.0], [581175.0, 1971945.0], [581235.0, 1971945.0], [581235.0, 1971915.0], [581205.0, 1971915.0], [581205.0, 1971795.0], [581175.0, 1971795.0], [581175.0, 1971735.0], [581205.0, 1971735.0], [581205.0, 1971705.0], [581145.0, 1971705.0], [581145.0, 1971675.0], [581115.0, 1971675.0], [581115.0, 1971615.0], [581085.0, 1971615.0], [581085.0, 1971585.0], [581025.0, 1971585.0], [581025.0, 1971465.0], [581055.0, 1971465.0], [581055.0, 1971435.0], [581085.0, 1971435.0], [581085.0, 1971495.0], [581115.0, 1971495.0], [581115.0, 1971525.0], [581145.0, 1971525.0], [581145.0, 1971555.0], [581175.0, 1971555.0], [581175.0, 1971585.0], [581205.0, 1971585.0], [581205.0, 1971615.0], [581235.0, 1971615.0], [581235.0, 1971645.0], [581265.0, 1971645.0], [581265.0, 1971675.0], [581295.0, 1971675.0], [581295.0, 1971705.0], [581235.0, 1971705.0], [581235.0, 1971765.0], [581295.0, 1971765.0], [581295.0, 1971795.0], [581325.0, 1971795.0], [581325.0, 1971855.0], [581355.0, 1971855.0], [581355.0, 1971885.0], [581385.0, 1971885.0], [581385.0, 1971855.0], [581475.0, 1971855.0], [581475.0, 1971945.0], [581445.0, 1971945.0], [581445.0, 1972065.0], [581475.0, 1972065.0], [581475.0, 1972095.0], [581505.0, 1972095.0], [581505.0, 1972185.0], [581475.0, 1972185.0], [581475.0, 1972155.0], [581445.0, 1972155.0], [581445.0, 1972125.0], [581385.0, 1972125.0], [581385.0, 1972215.0], [581415.0, 1972215.0], [581415.0, 1972245.0], [581505.0, 1972245.0], [581505.0, 1972335.0], [581535.0, 1972335.0], [581535.0, 1972395.0], [581445.0, 1972395.0], [581445.0, 1972365.0], [581415.0, 1972365.0], [581415.0, 1972335.0], [581355.0, 1972335.0], [581355.0, 1972455.0], [581385.0, 1972455.0], [581385.0, 1972515.0], [581355.0, 1972515.0], [581355.0, 1972545.0], [581385.0, 1972545.0], [581385.0, 1972575.0], [581415.0, 1972575.0], [581415.0, 1972665.0], [581385.0, 1972665.0], [581385.0, 1972695.0], [581355.0, 1972695.0], [581355.0, 1972725.0], [581325.0, 1972725.0], [581325.0, 1972755.0], [581235.0, 1972755.0]], [[581265.0, 1972335.0], [581295.0, 1972335.0], [581295.0, 1972305.0], [581325.0, 1972305.0], [581325.0, 1972245.0], [581355.0, 1972245.0], [581355.0, 1972095.0], [581385.0, 1972095.0], [581385.0, 1972065.0], [581415.0, 1972065.0], [581415.0, 1972035.0], [581355.0, 1972035.0], [581355.0, 1972005.0], [581325.0, 1972005.0], [581325.0, 1972035.0], [581295.0, 1972035.0], [581295.0, 1972065.0], [581325.0, 1972065.0], [581325.0, 1972155.0], [581295.0, 1972155.0], [581295.0, 1972215.0], [581265.0, 1972215.0], [581265.0, 1972245.0], [581235.0, 1972245.0], [581235.0, 1972275.0], [581265.0, 1972275.0], [581265.0, 1972335.0]]]}, "properties": {"zone_id": "scene_01_DT0000205230-Z0056", "scene": "scene_01_DT0000205230", "pixel_count": 259, "approx_area_m2": 233100.0, "centroid_x": 581289.2664092664, "centroid_y": 1972145.2123552123, "mean_risk": 1.9025325775146484, "max_risk": 2.4743568897247314, "median_risk": 1.8766486644744873, "high_priority_pixel_pct": 100.0, "priority_category": "HIGH PRIORITY", "threshold_type": "95th percentile prioritisation threshold", "recommendation": "Spectral-stress evidence detected. Prioritise field inspection to determine the underlying cause. Field verification required.", "priority_rank": 241}}, {"type": "Feature", "geometry": {"type": "Polygon", "coordinates": [[[554865.0, 1972725.0], [554865.0, 1972695.0], [554835.0, 1972695.0], [554835.0, 1972545.0], [554865.0, 1972545.0], [554865.0, 1972515.0], [554925.0, 1972515.0], [554925.0, 1972635.0], [554955.0, 1972635.0], [554955.0, 1972665.0], [554925.0, 1972665.0], [554925.0, 1972695.0], [554895.0, 1972695.0], [554895.0, 1972725.0], [554865.0, 1972725.0]]]}, "properties": {"zone_id": "scene_01_DT0000205230-Z0057", "scene": "scene_01_DT0000205230", "pixel_count": 19, "approx_area_m2": 17100.0, "centroid_x": 554884.7368421053, "centroid_y": 1972616.8421052631, "mean_risk": 2.5420899391174316, "max_risk": 3.4064342975616455, "median_risk": 2.6568305492401123, "high_priority_pixel_pct": 100.0, "priority_category": "HIGH PRIORITY", "threshold_type": "95th percentile prioritisation threshold", "recommendation": "Spectral-stress evidence detected. Prioritise field inspection to determine the underlying cause. Field verification required.", "priority_rank": 27}}, {"type": "Feature", "geometry": {"type": "Polygon", "coordinates": [[[566655.0, 1972545.0], [566655.0, 1972515.0], [566565.0, 1972515.0], [566565.0, 1972425.0], [566595.0, 1972425.0], [566595.0, 1972335.0], [566655.0, 1972335.0], [566655.0, 1972365.0], [566685.0, 1972365.0], [566685.0, 1972425.0], [566655.0, 1972425.0], [566655.0, 1972455.0], [566685.0, 1972455.0], [566685.0, 1972485.0], [566715.0, 1972485.0], [566715.0, 1972545.0], [566655.0, 1972545.0]]]}, "properties": {"zone_id": "scene_01_DT0000205230-Z0058", "scene": "scene_01_DT0000205230", "pixel_count": 35, "approx_area_m2": 31500.0, "centroid_x": 566690.5714285715, "centroid_y": 1972493.142857143, "mean_risk": 1.9654806852340698, "max_risk": 2.3930716514587402, "median_risk": 1.9330910444259644, "high_priority_pixel_pct": 100.0, "priority_category": "HIGH PRIORITY", "threshold_type": "95th percentile prioritisation threshold", "recommendation": "Spectral-stress evidence detected. Prioritise field inspection to determine the underlying cause. Field verification required.", "priority_rank": 182}}, {"type": "Feature", "geometry": {"type": "Polygon", "coordinates": [[[581715.0, 1972245.0], [581715.0, 1972125.0], [581685.0, 1972125.0], [581685.0, 1972095.0], [581655.0, 1972095.0], [581655.0, 1972065.0], [581745.0, 1972065.0], [581745.0, 1972095.0], [581805.0, 1972095.0], [581805.0, 1972185.0], [581775.0, 1972185.0], [581775.0, 1972215.0], [581745.0, 1972215.0], [581745.0, 1972245.0], [581715.0, 1972245.0]]]}, "properties": {"zone_id": "scene_01_DT0000205230-Z0059", "scene": "scene_01_DT0000205230", "pixel_count": 60, "approx_area_m2": 54000.0, "centroid_x": 581823.0, "centroid_y": 1972342.5, "mean_risk": 1.9483065605163574, "max_risk": 2.491403102874756, "median_risk": 1.88491690158844, "high_priority_pixel_pct": 100.0, "priority_category": "HIGH PRIORITY", "threshold_type": "95th percentile prioritisation threshold", "recommendation": "Spectral-stress evidence detected. Prioritise field inspection to determine the underlying cause. Field verification required.", "priority_rank": 198}}, {"type": "Feature", "geometry": {"type": "Polygon", "coordinates": [[[582285.0, 1972605.0], [582285.0, 1972545.0], [582315.0, 1972545.0], [582315.0, 1972515.0], [582285.0, 1972515.0], [582285.0, 1972485.0], [582345.0, 1972485.0], [582345.0, 1972515.0], [582405.0, 1972515.0], [582405.0, 1972485.0], [582435.0, 1972485.0], [582435.0, 1972545.0], [582375.0, 1972545.0], [582375.0, 1972575.0], [582315.0, 1972575.0], [582315.0, 1972605.0], [582285.0, 1972605.0]]]}, "properties": {"zone_id": "scene_01_DT0000205230-Z0060", "scene": "scene_01_DT0000205230", "pixel_count": 11, "approx_area_m2": 9900.0, "centroid_x": 582349.0909090909, "centroid_y": 1972535.4545454546, "mean_risk": 1.7370579242706299, "max_risk": 1.8891762495040894, "median_risk": 1.7199281454086304, "high_priority_pixel_pct": 100.0, "priority_category": "HIGH PRIORITY", "threshold_type": "95th percentile prioritisation threshold", "recommendation": "Spectral-stress evidence detected. Prioritise field inspection to determine the underlying cause. Field verification required.", "priority_rank": 410}}, {"type": "Feature", "geometry": {"type": "Polygon", "coordinates": [[[578685.0, 1972575.0], [578685.0, 1972485.0], [578655.0, 1972485.0], [578655.0, 1972455.0], [578745.0, 1972455.0], [578745.0, 1972485.0], [578775.0, 1972485.0], [578775.0, 1972515.0], [578805.0, 1972515.0], [578805.0, 1972545.0], [578775.0, 1972545.0], [578775.0, 1972575.0], [578685.0, 1972575.0]]]}, "properties": {"zone_id": "scene_01_DT0000205230-Z0061", "scene": "scene_01_DT0000205230", "pixel_count": 13, "approx_area_m2": 11700.0, "centroid_x": 578727.6923076923, "centroid_y": 1972516.1538461538, "mean_risk": 1.7340316772460938, "max_risk": 1.8370921611785889, "median_risk": 1.7361021041870117, "high_priority_pixel_pct": 100.0, "priority_category": "HIGH PRIORITY", "threshold_type": "95th percentile prioritisation threshold", "recommendation": "Spectral-stress evidence detected. Prioritise field inspection to determine the underlying cause. Field verification required.", "priority_rank": 414}}, {"type": "Feature", "geometry": {"type": "Polygon", "coordinates": [[[580695.0, 1972425.0], [580695.0, 1972395.0], [580665.0, 1972395.0], [580665.0, 1972365.0], [580635.0, 1972365.0], [580635.0, 1972275.0], [580605.0, 1972275.0], [580605.0, 1972245.0], [580575.0, 1972245.0], [580575.0, 1972215.0], [580515.0, 1972215.0], [580515.0, 1972185.0], [580455.0, 1972185.0], [580455.0, 1972155.0], [580365.0, 1972155.0], [580365.0, 1972125.0], [580335.0, 1972125.0], [580335.0, 1972095.0], [580305.0, 1972095.0], [580305.0, 1972035.0], [580275.0, 1972035.0], [580275.0, 1972005.0], [580215.0, 1972005.0], [580215.0, 1972035.0], [580155.0, 1972035.0], [580155.0, 1972005.0], [580005.0, 1972005.0], [580005.0, 1971975.0], [579945.0, 1971975.0], [579945.0, 1971945.0], [579915.0, 1971945.0], [579915.0, 1971915.0], [579885.0, 1971915.0], [579885.0, 1971885.0], [579915.0, 1971885.0], [579915.0, 1971855.0], [579945.0, 1971855.0], [579945.0, 1971705.0], [579885.0, 1971705.0], [579885.0, 1971675.0], [579855.0, 1971675.0], [579855.0, 1971465.0], [579885.0, 1971465.0], [579885.0, 1971435.0], [579915.0, 1971435.0], [579915.0, 1971525.0], [579945.0, 1971525.0], [579945.0, 1971555.0], [579975.0, 1971555.0], [579975.0, 1971615.0], [579945.0, 1971615.0], [579945.0, 1971645.0], [580005.0, 1971645.0], [580005.0, 1971555.0], [580035.0, 1971555.0], [580035.0, 1971585.0], [580095.0, 1971585.0], [580095.0, 1971555.0], [580125.0, 1971555.0], [580125.0, 1971525.0], [580155.0, 1971525.0], [580155.0, 1971495.0], [580185.0, 1971495.0], [580185.0, 1971435.0], [580215.0, 1971435.0], [580215.0, 1971375.0], [580155.0, 1971375.0], [580155.0, 1971435.0], [580035.0, 1971435.0], [580035.0, 1971405.0], [580065.0, 1971405.0], [580065.0, 1971315.0], [580035.0, 1971315.0], [580035.0, 1971165.0], [580065.0, 1971165.0], [580065.0, 1971135.0], [580095.0, 1971135.0], [580095.0, 1971105.0], [580125.0, 1971105.0], [580125.0, 1971045.0], [580155.0, 1971045.0], [580155.0, 1971015.0], [580095.0, 1971015.0], [580095.0, 1971045.0], [580065.0, 1971045.0], [580065.0, 1971075.0], [580035.0, 1971075.0], [580035.0, 1971045.0], [580005.0, 1971045.0], [580005.0, 1970985.0], [579945.0, 1970985.0], [579945.0, 1970955.0], [579975.0, 1970955.0], [579975.0, 1970925.0], [580005.0, 1970925.0], [580005.0, 1970895.0], [580065.0, 1970895.0], [580065.0, 1970925.0], [580095.0, 1970925.0], [580095.0, 1970985.0], [580125.0, 1970985.0], [580125.0, 1970955.0], [580155.0, 1970955.0], [580155.0, 1970985.0], [580185.0, 1970985.0], [580185.0, 1970955.0], [580215.0, 1970955.0], [580215.0, 1970895.0], [580125.0, 1970895.0], [580125.0, 1970865.0], [580275.0, 1970865.0], [580275.0, 1970835.0], [580305.0, 1970835.0], [580305.0, 1970805.0], [580335.0, 1970805.0], [580335.0, 1970775.0], [580425.0, 1970775.0], [580425.0, 1970805.0], [580455.0, 1970805.0], [580455.0, 1970925.0], [580425.0, 1970925.0], [580425.0, 1971015.0], [580395.0, 1971015.0], [580395.0, 1971075.0], [580365.0, 1971075.0], [580365.0, 1971135.0], [580395.0, 1971135.0], [580395.0, 1971225.0], [580365.0, 1971225.0], [580365.0, 1971255.0], [580335.0, 1971255.0], [580335.0, 1971315.0], [580305.0, 1971315.0], [580305.0, 1971345.0], [580365.0, 1971345.0], [580365.0, 1971315.0], [580395.0, 1971315.0], [580395.0, 1971285.0], [580485.0, 1971285.0], [580485.0, 1971135.0], [580515.0, 1971135.0], [580515.0, 1971105.0], [580545.0, 1971105.0], [580545.0, 1971165.0], [580575.0, 1971165.0], [580575.0, 1971375.0], [580605.0, 1971375.0], [580605.0, 1971435.0], [580635.0, 1971435.0], [580635.0, 1971495.0], [580665.0, 1971495.0], [580665.0, 1971615.0], [580695.0, 1971615.0], [580695.0, 1971795.0], [580725.0, 1971795.0], [580725.0, 1971885.0], [580755.0, 1971885.0], [580755.0, 1971945.0], [580785.0, 1971945.0], [580785.0, 1972005.0], [580815.0, 1972005.0], [580815.0, 1972065.0], [580845.0, 1972065.0], [580845.0, 1972125.0], [580815.0, 1972125.0], [580815.0, 1972155.0], [580845.0, 1972155.0], [580845.0, 1972245.0], [580785.0, 1972245.0], [580785.0, 1972395.0], [580815.0, 1972395.0], [580815.0, 1972425.0], [580695.0, 1972425.0]], [[580575.0, 1971765.0], [580605.0, 1971765.0], [580605.0, 1971705.0], [580545.0, 1971705.0], [580545.0, 1971735.0], [580575.0, 1971735.0], [580575.0, 1971765.0]], [[580125.0, 1971735.0], [580155.0, 1971735.0], [580155.0, 1971705.0], [580125.0, 1971705.0], [580125.0, 1971735.0]], [[580155.0, 1971675.0], [580215.0, 1971675.0], [580215.0, 1971555.0], [580185.0, 1971555.0], [580185.0, 1971585.0], [580125.0, 1971585.0], [580125.0, 1971615.0], [580155.0, 1971615.0], [580155.0, 1971675.0]], [[580455.0, 1971495.0], [580485.0, 1971495.0], [580485.0, 1971465.0], [580455.0, 1971465.0], [580455.0, 1971495.0]], [[580455.0, 1971435.0], [580485.0, 1971435.0], [580485.0, 1971405.0], [580455.0, 1971405.0], [580455.0, 1971435.0]]]}, "properties": {"zone_id": "scene_01_DT0000205230-Z0062", "scene": "scene_01_DT0000205230", "pixel_count": 877, "approx_area_m2": 789300.0, "centroid_x": 580364.4697833523, "centroid_y": 1971635.5074116306, "mean_risk": 2.190279722213745, "max_risk": 3.846174478530884, "median_risk": 2.0675642490386963, "high_priority_pixel_pct": 100.0, "priority_category": "HIGH PRIORITY", "threshold_type": "95th percentile prioritisation threshold", "recommendation": "Spectral-stress evidence detected. Prioritise field inspection to determine the underlying cause. Field verification required.", "priority_rank": 85}}, {"type": "Feature", "geometry": {"type": "Polygon", "coordinates": [[[566385.0, 1972305.0], [566385.0, 1972275.0], [566325.0, 1972275.0], [566325.0, 1972245.0], [566355.0, 1972245.0], [566355.0, 1972155.0], [566325.0, 1972155.0], [566325.0, 1972125.0], [566295.0, 1972125.0], [566295.0, 1972065.0], [566355.0, 1972065.0], [566355.0, 1972035.0], [566385.0, 1972035.0], [566385.0, 1972125.0], [566415.0, 1972125.0], [566415.0, 1972185.0], [566445.0, 1972185.0], [566445.0, 1972215.0], [566475.0, 1972215.0], [566475.0, 1972275.0], [566535.0, 1972275.0], [566535.0, 1972305.0], [566385.0, 1972305.0]]]}, "properties": {"zone_id": "scene_01_DT0000205230-Z0063", "scene": "scene_01_DT0000205230", "pixel_count": 88, "approx_area_m2": 79200.0, "centroid_x": 566239.0909090909, "centroid_y": 1972219.7727272727, "mean_risk": 2.003605842590332, "max_risk": 2.5288376808166504, "median_risk": 1.9861059188842773, "high_priority_pixel_pct": 100.0, "priority_category": "HIGH PRIORITY", "threshold_type": "95th percentile prioritisation threshold", "recommendation": "Spectral-stress evidence detected. Prioritise field inspection to determine the underlying cause. Field verification required.", "priority_rank": 158}}, {"type": "Feature", "geometry": {"type": "Polygon", "coordinates": [[[582105.0, 1972335.0], [582105.0, 1972305.0], [582135.0, 1972305.0], [582135.0, 1972245.0], [581985.0, 1972245.0], [581985.0, 1972275.0], [581955.0, 1972275.0], [581955.0, 1972215.0], [582015.0, 1972215.0], [582015.0, 1972185.0], [582045.0, 1972185.0], [582045.0, 1972155.0], [582075.0, 1972155.0], [582075.0, 1972095.0], [582105.0, 1972095.0], [582105.0, 1972125.0], [582135.0, 1972125.0], [582135.0, 1972155.0], [582165.0, 1972155.0], [582165.0, 1972185.0], [582195.0, 1972185.0], [582195.0, 1972275.0], [582165.0, 1972275.0], [582165.0, 1972335.0], [582105.0, 1972335.0]]]}, "properties": {"zone_id": "scene_01_DT0000205230-Z0064", "scene": "scene_01_DT0000205230", "pixel_count": 27, "approx_area_m2": 24300.0, "centroid_x": 582098.8888888889, "centroid_y": 1972215.5555555555, "mean_risk": 2.048875570297241, "max_risk": 2.51971697807312, "median_risk": 2.059269666671753, "high_priority_pixel_pct": 100.0, "priority_category": "HIGH PRIORITY", "threshold_type": "95th percentile prioritisation threshold", "recommendation": "Spectral-stress evidence detected. Prioritise field inspection to determine the underlying cause. Field verification required.", "priority_rank": 129}}, {"type": "Feature", "geometry": {"type": "Polygon", "coordinates": [[[558285.0, 1972305.0], [558285.0, 1972275.0], [558315.0, 1972275.0], [558315.0, 1972245.0], [558345.0, 1972245.0], [558345.0, 1972215.0], [558315.0, 1972215.0], [558315.0, 1972155.0], [558465.0, 1972155.0], [558465.0, 1972125.0], [558435.0, 1972125.0], [558435.0, 1972095.0], [558465.0, 1972095.0], [558465.0, 1972065.0], [558405.0, 1972065.0], [558405.0, 1972005.0], [558435.0, 1972005.0], [558435.0, 1971975.0], [558465.0, 1971975.0], [558465.0, 1971945.0], [558495.0, 1971945.0], [558495.0, 1971915.0], [558555.0, 1971915.0], [558555.0, 1971885.0], [558615.0, 1971885.0], [558615.0, 1971855.0], [558645.0, 1971855.0], [558645.0, 1971825.0], [558675.0, 1971825.0], [558675.0, 1971705.0], [558705.0, 1971705.0], [558705.0, 1971675.0], [558765.0, 1971675.0], [558765.0, 1971735.0], [558795.0, 1971735.0], [558795.0, 1971705.0], [558825.0, 1971705.0], [558825.0, 1971675.0], [558855.0, 1971675.0], [558855.0, 1971705.0], [558945.0, 1971705.0], [558945.0, 1971675.0], [558975.0, 1971675.0], [558975.0, 1971645.0], [559035.0, 1971645.0], [559035.0, 1971615.0], [559245.0, 1971615.0], [559245.0, 1971645.0], [559215.0, 1971645.0], [559215.0, 1971675.0], [559245.0, 1971675.0], [559245.0, 1971735.0], [559215.0, 1971735.0], [559215.0, 1971795.0], [559155.0, 1971795.0], [559155.0, 1971825.0], [559125.0, 1971825.0], [559125.0, 1971855.0], [559155.0, 1971855.0], [559155.0, 1971915.0], [559125.0, 1971915.0], [559125.0, 1972005.0], [559095.0, 1972005.0], [559095.0, 1972035.0], [559065.0, 1972035.0], [559065.0, 1972005.0], [559035.0, 1972005.0], [559035.0, 1972065.0], [559005.0, 1972065.0], [559005.0, 1972125.0], [558945.0, 1972125.0], [558945.0, 1972155.0], [558765.0, 1972155.0], [558765.0, 1972185.0], [558705.0, 1972185.0], [558705.0, 1972155.0], [558675.0, 1972155.0], [558675.0, 1972185.0], [558495.0, 1972185.0], [558495.0, 1972215.0], [558465.0, 1972215.0], [558465.0, 1972245.0], [558435.0, 1972245.0], [558435.0, 1972275.0], [558375.0, 1972275.0], [558375.0, 1972305.0], [558285.0, 1972305.0]]]}, "properties": {"zone_id": "scene_01_DT0000205230-Z0065", "scene": "scene_01_DT0000205230", "pixel_count": 345, "approx_area_m2": 310500.0, "centroid_x": 558809.304347826, "centroid_y": 1971937.1304347827, "mean_risk": 2.901850461959839, "max_risk": 4.592713832855225, "median_risk": 2.771385908126831, "high_priority_pixel_pct": 100.0, "priority_category": "HIGH PRIORITY", "threshold_type": "95th percentile prioritisation threshold", "recommendation": "Spectral-stress evidence detected. Prioritise field inspection to determine the underlying cause. Field verification required.", "priority_rank": 10}}, {"type": "Feature", "geometry": {"type": "Polygon", "coordinates": [[[551355.0, 1972245.0], [551355.0, 1972125.0], [551325.0, 1972125.0], [551325.0, 1971975.0], [551295.0, 1971975.0], [551295.0, 1971825.0], [551265.0, 1971825.0], [551265.0, 1971675.0], [551235.0, 1971675.0], [551235.0, 1971555.0], [551205.0, 1971555.0], [551205.0, 1971405.0], [551175.0, 1971405.0], [551175.0, 1971255.0], [551145.0, 1971255.0], [551145.0, 1971195.0], [551175.0, 1971195.0], [551175.0, 1971165.0], [551205.0, 1971165.0], [551205.0, 1971135.0], [551235.0, 1971135.0], [551235.0, 1971105.0], [551265.0, 1971105.0], [551265.0, 1971315.0], [551295.0, 1971315.0], [551295.0, 1971375.0], [551325.0, 1971375.0], [551325.0, 1971435.0], [551355.0, 1971435.0], [551355.0, 1971495.0], [551325.0, 1971495.0], [551325.0, 1971675.0], [551355.0, 1971675.0], [551355.0, 1971825.0], [551385.0, 1971825.0], [551385.0, 1971915.0], [551415.0, 1971915.0], [551415.0, 1971945.0], [551445.0, 1971945.0], [551445.0, 1972035.0], [551475.0, 1972035.0], [551475.0, 1972125.0], [551445.0, 1972125.0], [551445.0, 1972185.0], [551415.0, 1972185.0], [551415.0, 1972215.0], [551385.0, 1972215.0], [551385.0, 1972245.0], [551355.0, 1972245.0]]]}, "properties": {"zone_id": "scene_01_DT0000205230-Z0066", "scene": "scene_01_DT0000205230", "pixel_count": 132, "approx_area_m2": 118800.0, "centroid_x": 551306.1363636364, "centroid_y": 1971677.9545454546, "mean_risk": 2.618643283843994, "max_risk": 3.4493041038513184, "median_risk": 2.5969157218933105, "high_priority_pixel_pct": 100.0, "priority_category": "HIGH PRIORITY", "threshold_type": "95th percentile prioritisation threshold", "recommendation": "Spectral-stress evidence detected. Prioritise field inspection to determine the underlying cause. Field verification required.", "priority_rank": 21}}, {"type": "Feature", "geometry": {"type": "Polygon", "coordinates": [[[565935.0, 1972215.0], [565935.0, 1972185.0], [565845.0, 1972185.0], [565845.0, 1972155.0], [565815.0, 1972155.0], [565815.0, 1972125.0], [565755.0, 1972125.0], [565755.0, 1972095.0], [565695.0, 1972095.0], [565695.0, 1972065.0], [565785.0, 1972065.0], [565785.0, 1972095.0], [565875.0, 1972095.0], [565875.0, 1972065.0], [565845.0, 1972065.0], [565845.0, 1972035.0], [565755.0, 1972035.0], [565755.0, 1972005.0], [565605.0, 1972005.0], [565605.0, 1972035.0], [565575.0, 1972035.0], [565575.0, 1972005.0], [565455.0, 1972005.0], [565455.0, 1971975.0], [565425.0, 1971975.0], [565425.0, 1972005.0], [565395.0, 1972005.0], [565395.0, 1971945.0], [565365.0, 1971945.0], [565365.0, 1971915.0], [565395.0, 1971915.0], [565395.0, 1971885.0], [565425.0, 1971885.0], [565425.0, 1971855.0], [565455.0, 1971855.0], [565455.0, 1971825.0], [565485.0, 1971825.0], [565485.0, 1971795.0], [565515.0, 1971795.0], [565515.0, 1971915.0], [565545.0, 1971915.0], [565545.0, 1971975.0], [565575.0, 1971975.0], [565575.0, 1971885.0], [565635.0, 1971885.0], [565635.0, 1971855.0], [565665.0, 1971855.0], [565665.0, 1971885.0], [565695.0, 1971885.0], [565695.0, 1971915.0], [565725.0, 1971915.0], [565725.0, 1971945.0], [565755.0, 1971945.0], [565755.0, 1971915.0], [565815.0, 1971915.0], [565815.0, 1971945.0], [565845.0, 1971945.0], [565845.0, 1971915.0], [566025.0, 1971915.0], [566025.0, 1971945.0], [566055.0, 1971945.0], [566055.0, 1972005.0], [566025.0, 1972005.0], [566025.0, 1972035.0], [565995.0, 1972035.0], [565995.0, 1972095.0], [565965.0, 1972095.0], [565965.0, 1972125.0], [565995.0, 1972125.0], [565995.0, 1972185.0], [565965.0, 1972185.0], [565965.0, 1972215.0], [565935.0, 1972215.0]], [[565965.0, 1972035.0], [565995.0, 1972035.0], [565995.0, 1972005.0], [565965.0, 1972005.0], [565965.0, 1972035.0]]]}, "properties": {"zone_id": "scene_01_DT0000205230-Z0067", "scene": "scene_01_DT0000205230", "pixel_count": 116, "approx_area_m2": 104400.0, "centroid_x": 565751.1206896552, "centroid_y": 1971995.1724137932, "mean_risk": 2.092010498046875, "max_risk": 2.6855132579803467, "median_risk": 2.0585250854492188, "high_priority_pixel_pct": 100.0, "priority_category": "HIGH PRIORITY", "threshold_type": "95th percentile prioritisation threshold", "recommendation": "Spectral-stress evidence detected. Prioritise field inspection to determine the underlying cause. Field verification required.", "priority_rank": 115}}, {"type": "Feature", "geometry": {"type": "Polygon", "coordinates": [[[579525.0, 1972185.0], [579525.0, 1972125.0], [579495.0, 1972125.0], [579495.0, 1972155.0], [579405.0, 1972155.0], [579405.0, 1972125.0], [579345.0, 1972125.0], [579345.0, 1972095.0], [579315.0, 1972095.0], [579315.0, 1972125.0], [579255.0, 1972125.0], [579255.0, 1972065.0], [579285.0, 1972065.0], [579285.0, 1972005.0], [579315.0, 1972005.0], [579315.0, 1971885.0], [579405.0, 1971885.0], [579405.0, 1971915.0], [579435.0, 1971915.0], [579435.0, 1971945.0], [579465.0, 1971945.0], [579465.0, 1971975.0], [579495.0, 1971975.0], [579495.0, 1972065.0], [579585.0, 1972065.0], [579585.0, 1972095.0], [579555.0, 1972095.0], [579555.0, 1972125.0], [579585.0, 1972125.0], [579585.0, 1972155.0], [579555.0, 1972155.0], [579555.0, 1972185.0], [579525.0, 1972185.0]]]}, "properties": {"zone_id": "scene_01_DT0000205230-Z0068", "scene": "scene_01_DT0000205230", "pixel_count": 58, "approx_area_m2": 52200.0, "centroid_x": 579409.6551724138, "centroid_y": 1972041.2068965517, "mean_risk": 1.8272358179092407, "max_risk": 2.1006360054016113, "median_risk": 1.8112269639968872, "high_priority_pixel_pct": 100.0, "priority_category": "HIGH PRIORITY", "threshold_type": "95th percentile prioritisation threshold", "recommendation": "Spectral-stress evidence detected. Prioritise field inspection to determine the underlying cause. Field verification required.", "priority_rank": 310}}, {"type": "Feature", "geometry": {"type": "Polygon", "coordinates": [[[556485.0, 1971885.0], [556485.0, 1971855.0], [556455.0, 1971855.0], [556455.0, 1971825.0], [556425.0, 1971825.0], [556425.0, 1971795.0], [556455.0, 1971795.0], [556455.0, 1971705.0], [556305.0, 1971705.0], [556305.0, 1971645.0], [556335.0, 1971645.0], [556335.0, 1971615.0], [556425.0, 1971615.0], [556425.0, 1971645.0], [556455.0, 1971645.0], [556455.0, 1971585.0], [556545.0, 1971585.0], [556545.0, 1971555.0], [556605.0, 1971555.0], [556605.0, 1971585.0], [556635.0, 1971585.0], [556635.0, 1971675.0], [556665.0, 1971675.0], [556665.0, 1971705.0], [556695.0, 1971705.0], [556695.0, 1971765.0], [556755.0, 1971765.0], [556755.0, 1971705.0], [556785.0, 1971705.0], [556785.0, 1971735.0], [556845.0, 1971735.0], [556845.0, 1971765.0], [556875.0, 1971765.0], [556875.0, 1971825.0], [556845.0, 1971825.0], [556845.0, 1971855.0], [556815.0, 1971855.0], [556815.0, 1971885.0], [556785.0, 1971885.0], [556785.0, 1971855.0], [556665.0, 1971855.0], [556665.0, 1971885.0], [556485.0, 1971885.0]], [[556365.0, 1971675.0], [556425.0, 1971675.0], [556425.0, 1971645.0], [556365.0, 1971645.0], [556365.0, 1971675.0]]]}, "properties": {"zone_id": "scene_01_DT0000205230-Z0069", "scene": "scene_01_DT0000205230", "pixel_count": 206, "approx_area_m2": 185400.0, "centroid_x": 556421.9417475729, "centroid_y": 1971832.2815533981, "mean_risk": 2.5982985496520996, "max_risk": 4.140091896057129, "median_risk": 2.4367430210113525, "high_priority_pixel_pct": 100.0, "priority_category": "HIGH PRIORITY", "threshold_type": "95th percentile prioritisation threshold", "recommendation": "Spectral-stress evidence detected. Prioritise field inspection to determine the underlying cause. Field verification required.", "priority_rank": 24}}, {"type": "Feature", "geometry": {"type": "Polygon", "coordinates": [[[563025.0, 1972125.0], [563025.0, 1972095.0], [562995.0, 1972095.0], [562995.0, 1972065.0], [562965.0, 1972065.0], [562965.0, 1972035.0], [562935.0, 1972035.0], [562935.0, 1971945.0], [562965.0, 1971945.0], [562965.0, 1971915.0], [562995.0, 1971915.0], [562995.0, 1971945.0], [563085.0, 1971945.0], [563085.0, 1971975.0], [563145.0, 1971975.0], [563145.0, 1972005.0], [563205.0, 1972005.0], [563205.0, 1972035.0], [563175.0, 1972035.0], [563175.0, 1972125.0], [563025.0, 1972125.0]]]}, "properties": {"zone_id": "scene_01_DT0000205230-Z0070", "scene": "scene_01_DT0000205230", "pixel_count": 40, "approx_area_m2": 36000.0, "centroid_x": 563061.0, "centroid_y": 1972030.5, "mean_risk": 2.1425507068634033, "max_risk": 2.546616315841675, "median_risk": 2.19191312789917, "high_priority_pixel_pct": 100.0, "priority_category": "HIGH PRIORITY", "threshold_type": "95th percentile prioritisation threshold", "recommendation": "Spectral-stress evidence detected. Prioritise field inspection to determine the underlying cause. Field verification required.", "priority_rank": 101}}, {"type": "Feature", "geometry": {"type": "Polygon", "coordinates": [[[574275.0, 1972125.0], [574275.0, 1972095.0], [574215.0, 1972095.0], [574215.0, 1972005.0], [574275.0, 1972005.0], [574275.0, 1972035.0], [574305.0, 1972035.0], [574305.0, 1972125.0], [574275.0, 1972125.0]]]}, "properties": {"zone_id": "scene_01_DT0000205230-Z0071", "scene": "scene_01_DT0000205230", "pixel_count": 9, "approx_area_m2": 8100.0, "centroid_x": 574260.0, "centroid_y": 1972060.0, "mean_risk": 1.9745347499847412, "max_risk": 2.488304853439331, "median_risk": 1.9318610429763794, "high_priority_pixel_pct": 100.0, "priority_category": "HIGH PRIORITY", "threshold_type": "95th percentile prioritisation threshold", "recommendation": "Spectral-stress evidence detected. Prioritise field inspection to determine the underlying cause. Field verification required.", "priority_rank": 178}}, {"type": "Feature", "geometry": {"type": "Polygon", "coordinates": [[[552525.0, 1972035.0], [552525.0, 1972005.0], [552495.0, 1972005.0], [552495.0, 1971915.0], [552525.0, 1971915.0], [552525.0, 1971885.0], [552585.0, 1971885.0], [552585.0, 1971855.0], [552615.0, 1971855.0], [552615.0, 1971825.0], [552645.0, 1971825.0], [552645.0, 1971765.0], [552705.0, 1971765.0], [552705.0, 1971795.0], [552675.0, 1971795.0], [552675.0, 1971915.0], [552795.0, 1971915.0], [552795.0, 1971945.0], [552735.0, 1971945.0], [552735.0, 1971975.0], [552675.0, 1971975.0], [552675.0, 1972005.0], [552555.0, 1972005.0], [552555.0, 1972035.0], [552525.0, 1972035.0]]]}, "properties": {"zone_id": "scene_01_DT0000205230-Z0072", "scene": "scene_01_DT0000205230", "pixel_count": 41, "approx_area_m2": 36900.0, "centroid_x": 552636.5853658536, "centroid_y": 1971919.756097561, "mean_risk": 2.025040864944458, "max_risk": 2.5528833866119385, "median_risk": 1.9911763668060303, "high_priority_pixel_pct": 100.0, "priority_category": "HIGH PRIORITY", "threshold_type": "95th percentile prioritisation threshold", "recommendation": "Spectral-stress evidence detected. Prioritise field inspection to determine the underlying cause. Field verification required.", "priority_rank": 142}}, {"type": "Feature", "geometry": {"type": "Polygon", "coordinates": [[[551565.0, 1971975.0], [551565.0, 1971885.0], [551535.0, 1971885.0], [551535.0, 1971855.0], [551505.0, 1971855.0], [551505.0, 1971735.0], [551535.0, 1971735.0], [551535.0, 1971765.0], [551565.0, 1971765.0], [551565.0, 1971795.0], [551595.0, 1971795.0], [551595.0, 1971975.0], [551565.0, 1971975.0]]]}, "properties": {"zone_id": "scene_01_DT0000205230-Z0073", "scene": "scene_01_DT0000205230", "pixel_count": 14, "approx_area_m2": 12600.0, "centroid_x": 551554.2857142857, "centroid_y": 1971842.142857143, "mean_risk": 2.0012383460998535, "max_risk": 2.3567769527435303, "median_risk": 2.0272715091705322, "high_priority_pixel_pct": 100.0, "priority_category": "HIGH PRIORITY", "threshold_type": "95th percentile prioritisation threshold", "recommendation": "Spectral-stress evidence detected. Prioritise field inspection to determine the underlying cause. Field verification required.", "priority_rank": 160}}, {"type": "Feature", "geometry": {"type": "Polygon", "coordinates": [[[574065.0, 1971975.0], [574065.0, 1971945.0], [574005.0, 1971945.0], [574005.0, 1971915.0], [573945.0, 1971915.0], [573945.0, 1971885.0], [573915.0, 1971885.0], [573915.0, 1971855.0], [573945.0, 1971855.0], [573945.0, 1971795.0], [573915.0, 1971795.0], [573915.0, 1971735.0], [573975.0, 1971735.0], [573975.0, 1971765.0], [574035.0, 1971765.0], [574035.0, 1971795.0], [574065.0, 1971795.0], [574065.0, 1971825.0], [574095.0, 1971825.0], [574095.0, 1971885.0], [574155.0, 1971885.0], [574155.0, 1971915.0], [574185.0, 1971915.0], [574185.0, 1971975.0], [574065.0, 1971975.0]]]}, "properties": {"zone_id": "scene_01_DT0000205230-Z0074", "scene": "scene_01_DT0000205230", "pixel_count": 38, "approx_area_m2": 34200.0, "centroid_x": 574035.7894736842, "centroid_y": 1971868.4210526317, "mean_risk": 2.225243330001831, "max_risk": 2.8201403617858887, "median_risk": 2.183523178100586, "high_priority_pixel_pct": 100.0, "priority_category": "HIGH PRIORITY", "threshold_type": "95th percentile prioritisation threshold", "recommendation": "Spectral-stress evidence detected. Prioritise field inspection to determine the underlying cause. Field verification required.", "priority_rank": 78}}, {"type": "Feature", "geometry": {"type": "Polygon", "coordinates": [[[578145.0, 1971945.0], [578145.0, 1971885.0], [578115.0, 1971885.0], [578115.0, 1971855.0], [578085.0, 1971855.0], [578085.0, 1971795.0], [578055.0, 1971795.0], [578055.0, 1971825.0], [577995.0, 1971825.0], [577995.0, 1971795.0], [577965.0, 1971795.0], [577965.0, 1971735.0], [577905.0, 1971735.0], [577905.0, 1971705.0], [577875.0, 1971705.0], [577875.0, 1971645.0], [577845.0, 1971645.0], [577845.0, 1971585.0], [577815.0, 1971585.0], [577815.0, 1971555.0], [577695.0, 1971555.0], [577695.0, 1971525.0], [577665.0, 1971525.0], [577665.0, 1971495.0], [577635.0, 1971495.0], [577635.0, 1971435.0], [577605.0, 1971435.0], [577605.0, 1971375.0], [577575.0, 1971375.0], [577575.0, 1971405.0], [577545.0, 1971405.0], [577545.0, 1971375.0], [577515.0, 1971375.0], [577515.0, 1971315.0], [577455.0, 1971315.0], [577455.0, 1971345.0], [577425.0, 1971345.0], [577425.0, 1971285.0], [577395.0, 1971285.0], [577395.0, 1971225.0], [577335.0, 1971225.0], [577335.0, 1971165.0], [577305.0, 1971165.0], [577305.0, 1971045.0], [577275.0, 1971045.0], [577275.0, 1970865.0], [577305.0, 1970865.0], [577305.0, 1970985.0], [577335.0, 1970985.0], [577335.0, 1971045.0], [577365.0, 1971045.0], [577365.0, 1971075.0], [577395.0, 1971075.0], [577395.0, 1971045.0], [577455.0, 1971045.0], [577455.0, 1971015.0], [577485.0, 1971015.0], [577485.0, 1970985.0], [577515.0, 1970985.0], [577515.0, 1970955.0], [577575.0, 1970955.0], [577575.0, 1970985.0], [577605.0, 1970985.0], [577605.0, 1970955.0], [577665.0, 1970955.0], [577665.0, 1970985.0], [577695.0, 1970985.0], [577695.0, 1971135.0], [577725.0, 1971135.0], [577725.0, 1971195.0], [577755.0, 1971195.0], [577755.0, 1971225.0], [577845.0, 1971225.0], [577845.0, 1971255.0], [577875.0, 1971255.0], [577875.0, 1971285.0], [577935.0, 1971285.0], [577935.0, 1971345.0], [577905.0, 1971345.0], [577905.0, 1971405.0], [577875.0, 1971405.0], [577875.0, 1971435.0], [577965.0, 1971435.0], [577965.0, 1971525.0], [577935.0, 1971525.0], [577935.0, 1971585.0], [577905.0, 1971585.0], [577905.0, 1971615.0], [577965.0, 1971615.0], [577965.0, 1971675.0], [578025.0, 1971675.0], [578025.0, 1971705.0], [578055.0, 1971705.0], [578055.0, 1971765.0], [578115.0, 1971765.0], [578115.0, 1971705.0], [578145.0, 1971705.0], [578145.0, 1971675.0], [578235.0, 1971675.0], [578235.0, 1971705.0], [578295.0, 1971705.0], [578295.0, 1971735.0], [578325.0, 1971735.0], [578325.0, 1971765.0], [578205.0, 1971765.0], [578205.0, 1971825.0], [578175.0, 1971825.0], [578175.0, 1971945.0], [578145.0, 1971945.0]], [[577545.0, 1971345.0], [577575.0, 1971345.0], [577575.0, 1971315.0], [577545.0, 1971315.0], [577545.0, 1971345.0]], [[577755.0, 1971315.0], [577785.0, 1971315.0], [577785.0, 1971285.0], [577755.0, 1971285.0], [577755.0, 1971315.0]], [[577815.0, 1971315.0], [577845.0, 1971315.0], [577845.0, 1971285.0], [577815.0, 1971285.0], [577815.0, 1971315.0]], [[577515.0, 1971255.0], [577545.0, 1971255.0], [577545.0, 1971225.0], [577515.0, 1971225.0], [577515.0, 1971255.0]], [[577665.0, 1971165.0], [577695.0, 1971165.0], [577695.0, 1971135.0], [577665.0, 1971135.0], [577665.0, 1971165.0]], [[577605.0, 1971135.0], [577635.0, 1971135.0], [577635.0, 1971015.0], [577605.0, 1971015.0], [577605.0, 1971045.0], [577545.0, 1971045.0], [577545.0, 1971075.0], [577575.0, 1971075.0], [577575.0, 1971105.0], [577605.0, 1971105.0], [577605.0, 1971135.0]], [[577485.0, 1971105.0], [577545.0, 1971105.0], [577545.0, 1971075.0], [577485.0, 1971075.0], [577485.0, 1971105.0]]]}, "properties": {"zone_id": "scene_01_DT0000205230-Z0075", "scene": "scene_01_DT0000205230", "pixel_count": 296, "approx_area_m2": 266400.0, "centroid_x": 577728.2432432432, "centroid_y": 1971363.445945946, "mean_risk": 2.050157308578491, "max_risk": 3.178443431854248, "median_risk": 1.9589439630508423, "high_priority_pixel_pct": 100.0, "priority_category": "HIGH PRIORITY", "threshold_type": "95th percentile prioritisation threshold", "recommendation": "Spectral-stress evidence detected. Prioritise field inspection to determine the underlying cause. Field verification required.", "priority_rank": 128}}, {"type": "Feature", "geometry": {"type": "Polygon", "coordinates": [[[552345.0, 1971915.0], [552345.0, 1971885.0], [552285.0, 1971885.0], [552285.0, 1971855.0], [552225.0, 1971855.0], [552225.0, 1971885.0], [552165.0, 1971885.0], [552165.0, 1971855.0], [552135.0, 1971855.0], [552135.0, 1971825.0], [552105.0, 1971825.0], [552105.0, 1971855.0], [552045.0, 1971855.0], [552045.0, 1971795.0], [551925.0, 1971795.0], [551925.0, 1971765.0], [551835.0, 1971765.0], [551835.0, 1971735.0], [551805.0, 1971735.0], [551805.0, 1971765.0], [551775.0, 1971765.0], [551775.0, 1971705.0], [551835.0, 1971705.0], [551835.0, 1971645.0], [551805.0, 1971645.0], [551805.0, 1971615.0], [551775.0, 1971615.0], [551775.0, 1971585.0], [551805.0, 1971585.0], [551805.0, 1971555.0], [551835.0, 1971555.0], [551835.0, 1971525.0], [551925.0, 1971525.0], [551925.0, 1971555.0], [552015.0, 1971555.0], [552015.0, 1971525.0], [552045.0, 1971525.0], [552045.0, 1971435.0], [552015.0, 1971435.0], [552015.0, 1971315.0], [552045.0, 1971315.0], [552045.0, 1971285.0], [552135.0, 1971285.0], [552135.0, 1971315.0], [552165.0, 1971315.0], [552165.0, 1971375.0], [552195.0, 1971375.0], [552195.0, 1971405.0], [552225.0, 1971405.0], [552225.0, 1971525.0], [552195.0, 1971525.0], [552195.0, 1971555.0], [552285.0, 1971555.0], [552285.0, 1971585.0], [552315.0, 1971585.0], [552315.0, 1971555.0], [552345.0, 1971555.0], [552345.0, 1971465.0], [552405.0, 1971465.0], [552405.0, 1971495.0], [552435.0, 1971495.0], [552435.0, 1971525.0], [552495.0, 1971525.0], [552495.0, 1971495.0], [552525.0, 1971495.0], [552525.0, 1971435.0], [552435.0, 1971435.0], [552435.0, 1971405.0], [552405.0, 1971405.0], [552405.0, 1971375.0], [552375.0, 1971375.0], [552375.0, 1971015.0], [552405.0, 1971015.0], [552405.0, 1971105.0], [552435.0, 1971105.0], [552435.0, 1971135.0], [552525.0, 1971135.0], [552525.0, 1971165.0], [552555.0, 1971165.0], [552555.0, 1971195.0], [552585.0, 1971195.0], [552585.0, 1971105.0], [552465.0, 1971105.0], [552465.0, 1971075.0], [552495.0, 1971075.0], [552495.0, 1971045.0], [552525.0, 1971045.0], [552525.0, 1970955.0], [552555.0, 1970955.0], [552555.0, 1970925.0], [552585.0, 1970925.0], [552585.0, 1970895.0], [552615.0, 1970895.0], [552615.0, 1970835.0], [552645.0, 1970835.0], [552645.0, 1970805.0], [552705.0, 1970805.0], [552705.0, 1970745.0], [552735.0, 1970745.0], [552735.0, 1970835.0], [552705.0, 1970835.0], [552705.0, 1970865.0], [552765.0, 1970865.0], [552765.0, 1970895.0], [552795.0, 1970895.0], [552795.0, 1970955.0], [552825.0, 1970955.0], [552825.0, 1970985.0], [552855.0, 1970985.0], [552855.0, 1971045.0], [552885.0, 1971045.0], [552885.0, 1971075.0], [552855.0, 1971075.0], [552855.0, 1971135.0], [552885.0, 1971135.0], [552885.0, 1971255.0], [552945.0, 1971255.0], [552945.0, 1971165.0], [552915.0, 1971165.0], [552915.0, 1970955.0], [552885.0, 1970955.0], [552885.0, 1970925.0], [552855.0, 1970925.0], [552855.0, 1970895.0], [552885.0, 1970895.0], [552885.0, 1970715.0], [552945.0, 1970715.0], [552945.0, 1970685.0], [552975.0, 1970685.0], [552975.0, 1970745.0], [553005.0, 1970745.0], [553005.0, 1970865.0], [553065.0, 1970865.0], [553065.0, 1970895.0], [553095.0, 1970895.0], [553095.0, 1970925.0], [553125.0, 1970925.0], [553125.0, 1970895.0], [553155.0, 1970895.0], [553155.0, 1970865.0], [553245.0, 1970865.0], [553245.0, 1970775.0], [553275.0, 1970775.0], [553275.0, 1970805.0], [553305.0, 1970805.0], [553305.0, 1970895.0], [553365.0, 1970895.0], [553365.0, 1970955.0], [553395.0, 1970955.0], [553395.0, 1971015.0], [553485.0, 1971015.0], [553485.0, 1971045.0], [553365.0, 1971045.0], [553365.0, 1971105.0], [553395.0, 1971105.0], [553395.0, 1971165.0], [553455.0, 1971165.0], [553455.0, 1971135.0], [553485.0, 1971135.0], [553485.0, 1971075.0], [553515.0, 1971075.0], [553515.0, 1971045.0], [553545.0, 1971045.0], [553545.0, 1971075.0], [553575.0, 1971075.0], [553575.0, 1971165.0], [553545.0, 1971165.0], [553545.0, 1971225.0], [553515.0, 1971225.0], [553515.0, 1971255.0], [553455.0, 1971255.0], [553455.0, 1971315.0], [553485.0, 1971315.0], [553485.0, 1971375.0], [553425.0, 1971375.0], [553425.0, 1971285.0], [553335.0, 1971285.0], [553335.0, 1971315.0], [553365.0, 1971315.0], [553365.0, 1971345.0], [553395.0, 1971345.0], [553395.0, 1971405.0], [553365.0, 1971405.0], [553365.0, 1971435.0], [553395.0, 1971435.0], [553395.0, 1971465.0], [553425.0, 1971465.0], [553425.0, 1971495.0], [553395.0, 1971495.0], [553395.0, 1971555.0], [553365.0, 1971555.0], [553365.0, 1971615.0], [553335.0, 1971615.0], [553335.0, 1971585.0], [553305.0, 1971585.0], [553305.0, 1971495.0], [553335.0, 1971495.0], [553335.0, 1971465.0], [553275.0, 1971465.0], [553275.0, 1971525.0], [553245.0, 1971525.0], [553245.0, 1971555.0], [553095.0, 1971555.0], [553095.0, 1971525.0], [553005.0, 1971525.0], [553005.0, 1971495.0], [552945.0, 1971495.0], [552945.0, 1971525.0], [552795.0, 1971525.0], [552795.0, 1971555.0], [552735.0, 1971555.0], [552735.0, 1971495.0], [552645.0, 1971495.0], [552645.0, 1971465.0], [552585.0, 1971465.0], [552585.0, 1971495.0], [552615.0, 1971495.0], [552615.0, 1971525.0], [552585.0, 1971525.0], [552585.0, 1971645.0], [552615.0, 1971645.0], [552615.0, 1971675.0], [552555.0, 1971675.0], [552555.0, 1971585.0], [552495.0, 1971585.0], [552495.0, 1971645.0], [552525.0, 1971645.0], [552525.0, 1971705.0], [552495.0, 1971705.0], [552495.0, 1971735.0], [552435.0, 1971735.0], [552435.0, 1971765.0], [552375.0, 1971765.0], [552375.0, 1971825.0], [552345.0, 1971825.0], [552345.0, 1971855.0], [552405.0, 1971855.0], [552405.0, 1971915.0], [552345.0, 1971915.0]], [[552195.0, 1971825.0], [552255.0, 1971825.0], [552255.0, 1971795.0], [552315.0, 1971795.0], [552315.0, 1971765.0], [552285.0, 1971765.0], [552285.0, 1971705.0], [552255.0, 1971705.0], [552255.0, 1971735.0], [552225.0, 1971735.0], [552225.0, 1971765.0], [552195.0, 1971765.0], [552195.0, 1971825.0]], [[552075.0, 1971675.0], [552135.0, 1971675.0], [552135.0, 1971615.0], [552165.0, 1971615.0], [552165.0, 1971585.0], [552195.0, 1971585.0], [552195.0, 1971555.0], [552135.0, 1971555.0], [552135.0, 1971585.0], [552105.0, 1971585.0], [552105.0, 1971645.0], [552075.0, 1971645.0], [552075.0, 1971675.0]], [[553245.0, 1971435.0], [553275.0, 1971435.0], [553275.0, 1971405.0], [553245.0, 1971405.0], [553245.0, 1971435.0]], [[552945.0, 1971375.0], [552975.0, 1971375.0], [552975.0, 1971285.0], [552945.0, 1971285.0], [552945.0, 1971375.0]], [[553335.0, 1971255.0], [553365.0, 1971255.0], [553365.0, 1971225.0], [553335.0, 1971225.0], [553335.0, 1971255.0]], [[553275.0, 1971225.0], [553335.0, 1971225.0], [553335.0, 1971195.0], [553275.0, 1971195.0], [553275.0, 1971225.0]], [[553365.0, 1971195.0], [553395.0, 1971195.0], [553395.0, 1971165.0], [553365.0, 1971165.0], [553365.0, 1971195.0]]]}, "properties": {"zone_id": "scene_01_DT0000205230-Z0076", "scene": "scene_01_DT0000205230", "pixel_count": 965, "approx_area_m2": 868500.0, "centroid_x": 552737.5958549223, "centroid_y": 1971312.4352331606, "mean_risk": 2.2196784019470215, "max_risk": 3.5490939617156982, "median_risk": 2.1484482288360596, "high_priority_pixel_pct": 100.0, "priority_category": "HIGH PRIORITY", "threshold_type": "95th percentile prioritisation threshold", "recommendation": "Spectral-stress evidence detected. Prioritise field inspection to determine the underlying cause. Field verification required.", "priority_rank": 79}}, {"type": "Feature", "geometry": {"type": "Polygon", "coordinates": [[[565185.0, 1971915.0], [565185.0, 1971885.0], [565155.0, 1971885.0], [565155.0, 1971825.0], [565065.0, 1971825.0], [565065.0, 1971795.0], [564945.0, 1971795.0], [564945.0, 1971765.0], [564975.0, 1971765.0], [564975.0, 1971735.0], [565005.0, 1971735.0], [565005.0, 1971705.0], [565035.0, 1971705.0], [565035.0, 1971675.0], [565065.0, 1971675.0], [565065.0, 1971705.0], [565095.0, 1971705.0], [565095.0, 1971795.0], [565155.0, 1971795.0], [565155.0, 1971765.0], [565185.0, 1971765.0], [565185.0, 1971735.0], [565215.0, 1971735.0], [565215.0, 1971675.0], [565185.0, 1971675.0], [565185.0, 1971705.0], [565155.0, 1971705.0], [565155.0, 1971735.0], [565125.0, 1971735.0], [565125.0, 1971675.0], [565095.0, 1971675.0], [565095.0, 1971645.0], [565065.0, 1971645.0], [565065.0, 1971615.0], [564975.0, 1971615.0], [564975.0, 1971645.0], [565005.0, 1971645.0], [565005.0, 1971675.0], [564945.0, 1971675.0], [564945.0, 1971615.0], [564915.0, 1971615.0], [564915.0, 1971585.0], [564945.0, 1971585.0], [564945.0, 1971555.0], [564975.0, 1971555.0], [564975.0, 1971525.0], [564945.0, 1971525.0], [564945.0, 1971495.0], [564915.0, 1971495.0], [564915.0, 1971465.0], [564855.0, 1971465.0], [564855.0, 1971525.0], [564885.0, 1971525.0], [564885.0, 1971615.0], [564855.0, 1971615.0], [564855.0, 1971555.0], [564795.0, 1971555.0], [564795.0, 1971525.0], [564765.0, 1971525.0], [564765.0, 1971435.0], [564645.0, 1971435.0], [564645.0, 1971405.0], [564615.0, 1971405.0], [564615.0, 1971375.0], [564555.0, 1971375.0], [564555.0, 1971255.0], [564525.0, 1971255.0], [564525.0, 1971135.0], [564555.0, 1971135.0], [564555.0, 1971105.0], [564585.0, 1971105.0], [564585.0, 1971075.0], [564645.0, 1971075.0], [564645.0, 1971105.0], [564675.0, 1971105.0], [564675.0, 1971135.0], [564645.0, 1971135.0], [564645.0, 1971165.0], [564765.0, 1971165.0], [564765.0, 1971195.0], [564885.0, 1971195.0], [564885.0, 1971285.0], [564915.0, 1971285.0], [564915.0, 1971255.0], [564945.0, 1971255.0], [564945.0, 1971225.0], [564975.0, 1971225.0], [564975.0, 1971255.0], [565005.0, 1971255.0], [565005.0, 1971285.0], [565035.0, 1971285.0], [565035.0, 1971315.0], [565095.0, 1971315.0], [565095.0, 1971375.0], [565125.0, 1971375.0], [565125.0, 1971465.0], [565215.0, 1971465.0], [565215.0, 1971555.0], [565245.0, 1971555.0], [565245.0, 1971645.0], [565275.0, 1971645.0], [565275.0, 1971675.0], [565305.0, 1971675.0], [565305.0, 1971795.0], [565365.0, 1971795.0], [565365.0, 1971855.0], [565335.0, 1971855.0], [565335.0, 1971885.0], [565215.0, 1971885.0], [565215.0, 1971915.0], [565185.0, 1971915.0]], [[565005.0, 1971555.0], [565065.0, 1971555.0], [565065.0, 1971525.0], [565095.0, 1971525.0], [565095.0, 1971495.0], [565035.0, 1971495.0], [565035.0, 1971525.0], [565005.0, 1971525.0], [565005.0, 1971555.0]], [[564975.0, 1971525.0], [565005.0, 1971525.0], [565005.0, 1971495.0], [564975.0, 1971495.0], [564975.0, 1971525.0]]]}, "properties": {"zone_id": "scene_01_DT0000205230-Z0077", "scene": "scene_01_DT0000205230", "pixel_count": 279, "approx_area_m2": 251100.0, "centroid_x": 564937.5268817204, "centroid_y": 1971468.9247311829, "mean_risk": 2.17378568649292, "max_risk": 3.1437063217163086, "median_risk": 2.1106393337249756, "high_priority_pixel_pct": 100.0, "priority_category": "HIGH PRIORITY", "threshold_type": "95th percentile prioritisation threshold", "recommendation": "Spectral-stress evidence detected. Prioritise field inspection to determine the underlying cause. Field verification required.", "priority_rank": 90}}, {"type": "Feature", "geometry": {"type": "Polygon", "coordinates": [[[563385.0, 1971885.0], [563385.0, 1971825.0], [563355.0, 1971825.0], [563355.0, 1971765.0], [563385.0, 1971765.0], [563385.0, 1971735.0], [563445.0, 1971735.0], [563445.0, 1971765.0], [563475.0, 1971765.0], [563475.0, 1971825.0], [563445.0, 1971825.0], [563445.0, 1971855.0], [563415.0, 1971855.0], [563415.0, 1971885.0], [563385.0, 1971885.0]]]}, "properties": {"zone_id": "scene_01_DT0000205230-Z0078", "scene": "scene_01_DT0000205230", "pixel_count": 13, "approx_area_m2": 11700.0, "centroid_x": 563413.8461538461, "centroid_y": 1971800.7692307692, "mean_risk": 1.9200482368469238, "max_risk": 2.1915836334228516, "median_risk": 1.9397203922271729, "high_priority_pixel_pct": 100.0, "priority_category": "HIGH PRIORITY", "threshold_type": "95th percentile prioritisation threshold", "recommendation": "Spectral-stress evidence detected. Prioritise field inspection to determine the underlying cause. Field verification required.", "priority_rank": 229}}, {"type": "Feature", "geometry": {"type": "Polygon", "coordinates": [[[577455.0, 1971855.0], [577455.0, 1971825.0], [577425.0, 1971825.0], [577425.0, 1971735.0], [577395.0, 1971735.0], [577395.0, 1971705.0], [577425.0, 1971705.0], [577425.0, 1971645.0], [577515.0, 1971645.0], [577515.0, 1971735.0], [577485.0, 1971735.0], [577485.0, 1971855.0], [577455.0, 1971855.0]]]}, "properties": {"zone_id": "scene_01_DT0000205230-Z0079", "scene": "scene_01_DT0000205230", "pixel_count": 17, "approx_area_m2": 15300.0, "centroid_x": 577461.1764705882, "centroid_y": 1971732.3529411764, "mean_risk": 1.957274079322815, "max_risk": 2.2508068084716797, "median_risk": 1.95487642288208, "high_priority_pixel_pct": 100.0, "priority_category": "HIGH PRIORITY", "threshold_type": "95th percentile prioritisation threshold", "recommendation": "Spectral-stress evidence detected. Prioritise field inspection to determine the underlying cause. Field verification required.", "priority_rank": 189}}, {"type": "Feature", "geometry": {"type": "Polygon", "coordinates": [[[579615.0, 1971855.0], [579615.0, 1971795.0], [579645.0, 1971795.0], [579645.0, 1971735.0], [579585.0, 1971735.0], [579585.0, 1971705.0], [579555.0, 1971705.0], [579555.0, 1971675.0], [579525.0, 1971675.0], [579525.0, 1971645.0], [579495.0, 1971645.0], [579495.0, 1971705.0], [579435.0, 1971705.0], [579435.0, 1971675.0], [579465.0, 1971675.0], [579465.0, 1971585.0], [579555.0, 1971585.0], [579555.0, 1971645.0], [579645.0, 1971645.0], [579645.0, 1971615.0], [579675.0, 1971615.0], [579675.0, 1971555.0], [579645.0, 1971555.0], [579645.0, 1971495.0], [579675.0, 1971495.0], [579675.0, 1971405.0], [579645.0, 1971405.0], [579645.0, 1971345.0], [579675.0, 1971345.0], [579675.0, 1971315.0], [579705.0, 1971315.0], [579705.0, 1971405.0], [579735.0, 1971405.0], [579735.0, 1971435.0], [579765.0, 1971435.0], [579765.0, 1971585.0], [579705.0, 1971585.0], [579705.0, 1971675.0], [579675.0, 1971675.0], [579675.0, 1971735.0], [579705.0, 1971735.0], [579705.0, 1971855.0], [579615.0, 1971855.0]]]}, "properties": {"zone_id": "scene_01_DT0000205230-Z0080", "scene": "scene_01_DT0000205230", "pixel_count": 59, "approx_area_m2": 53100.0, "centroid_x": 579646.2711864407, "centroid_y": 1971607.627118644, "mean_risk": 1.7733134031295776, "max_risk": 2.0413310527801514, "median_risk": 1.7439666986465454, "high_priority_pixel_pct": 100.0, "priority_category": "HIGH PRIORITY", "threshold_type": "95th percentile prioritisation threshold", "recommendation": "Spectral-stress evidence detected. Prioritise field inspection to determine the underlying cause. Field verification required.", "priority_rank": 373}}, {"type": "Feature", "geometry": {"type": "Polygon", "coordinates": [[[563085.0, 1971825.0], [563085.0, 1971795.0], [563025.0, 1971795.0], [563025.0, 1971735.0], [562995.0, 1971735.0], [562995.0, 1971675.0], [562905.0, 1971675.0], [562905.0, 1971645.0], [562875.0, 1971645.0], [562875.0, 1971615.0], [562845.0, 1971615.0], [562845.0, 1971585.0], [562815.0, 1971585.0], [562815.0, 1971555.0], [562755.0, 1971555.0], [562755.0, 1971585.0], [562725.0, 1971585.0], [562725.0, 1971465.0], [562755.0, 1971465.0], [562755.0, 1971405.0], [562785.0, 1971405.0], [562785.0, 1971375.0], [562815.0, 1971375.0], [562815.0, 1971315.0], [562845.0, 1971315.0], [562845.0, 1971285.0], [562875.0, 1971285.0], [562875.0, 1971315.0], [562905.0, 1971315.0], [562905.0, 1971225.0], [562935.0, 1971225.0], [562935.0, 1971255.0], [562965.0, 1971255.0], [562965.0, 1971285.0], [562995.0, 1971285.0], [562995.0, 1971315.0], [563025.0, 1971315.0], [563025.0, 1971345.0], [563115.0, 1971345.0], [563115.0, 1971375.0], [563145.0, 1971375.0], [563145.0, 1971435.0], [563115.0, 1971435.0], [563115.0, 1971465.0], [563175.0, 1971465.0], [563175.0, 1971555.0], [563145.0, 1971555.0], [563145.0, 1971525.0], [563115.0, 1971525.0], [563115.0, 1971585.0], [563145.0, 1971585.0], [563145.0, 1971615.0], [563085.0, 1971615.0], [563085.0, 1971585.0], [563055.0, 1971585.0], [563055.0, 1971555.0], [562995.0, 1971555.0], [562995.0, 1971585.0], [562935.0, 1971585.0], [562935.0, 1971615.0], [563025.0, 1971615.0], [563025.0, 1971705.0], [563055.0, 1971705.0], [563055.0, 1971735.0], [563085.0, 1971735.0], [563085.0, 1971765.0], [563115.0, 1971765.0], [563115.0, 1971825.0], [563085.0, 1971825.0]], [[562815.0, 1971525.0], [562905.0, 1971525.0], [562905.0, 1971495.0], [562815.0, 1971495.0], [562815.0, 1971525.0]], [[562905.0, 1971375.0], [562965.0, 1971375.0], [562965.0, 1971345.0], [562935.0, 1971345.0], [562935.0, 1971315.0], [562905.0, 1971315.0], [562905.0, 1971375.0]]]}, "properties": {"zone_id": "scene_01_DT0000205230-Z0081", "scene": "scene_01_DT0000205230", "pixel_count": 131, "approx_area_m2": 117900.0, "centroid_x": 562956.641221374, "centroid_y": 1971488.2442748093, "mean_risk": 2.0032150745391846, "max_risk": 2.6778993606567383, "median_risk": 1.9459763765335083, "high_priority_pixel_pct": 100.0, "priority_category": "HIGH PRIORITY", "threshold_type": "95th percentile prioritisation threshold", "recommendation": "Spectral-stress evidence detected. Prioritise field inspection to determine the underlying cause. Field verification required.", "priority_rank": 159}}, {"type": "Feature", "geometry": {"type": "Polygon", "coordinates": [[[577215.0, 1971825.0], [577215.0, 1971795.0], [577185.0, 1971795.0], [577185.0, 1971735.0], [577155.0, 1971735.0], [577155.0, 1971705.0], [577125.0, 1971705.0], [577125.0, 1971675.0], [577005.0, 1971675.0], [577005.0, 1971645.0], [577065.0, 1971645.0], [577065.0, 1971615.0], [577155.0, 1971615.0], [577155.0, 1971675.0], [577185.0, 1971675.0], [577185.0, 1971705.0], [577215.0, 1971705.0], [577215.0, 1971765.0], [577245.0, 1971765.0], [577245.0, 1971825.0], [577215.0, 1971825.0]]]}, "properties": {"zone_id": "scene_01_DT0000205230-Z0082", "scene": "scene_01_DT0000205230", "pixel_count": 18, "approx_area_m2": 16200.0, "centroid_x": 577155.0, "centroid_y": 1971700.0, "mean_risk": 1.937540054321289, "max_risk": 2.339991331100464, "median_risk": 1.9071433544158936, "high_priority_pixel_pct": 100.0, "priority_category": "HIGH PRIORITY", "threshold_type": "95th percentile prioritisation threshold", "recommendation": "Spectral-stress evidence detected. Prioritise field inspection to determine the underlying cause. Field verification required.", "priority_rank": 210}}, {"type": "Feature", "geometry": {"type": "Polygon", "coordinates": [[[556905.0, 1971795.0], [556905.0, 1971735.0], [556875.0, 1971735.0], [556875.0, 1971615.0], [556815.0, 1971615.0], [556815.0, 1971585.0], [556785.0, 1971585.0], [556785.0, 1971555.0], [556965.0, 1971555.0], [556965.0, 1971525.0], [557025.0, 1971525.0], [557025.0, 1971555.0], [557085.0, 1971555.0], [557085.0, 1971585.0], [557175.0, 1971585.0], [557175.0, 1971615.0], [557205.0, 1971615.0], [557205.0, 1971675.0], [557175.0, 1971675.0], [557175.0, 1971705.0], [557115.0, 1971705.0], [557115.0, 1971735.0], [557085.0, 1971735.0], [557085.0, 1971765.0], [557055.0, 1971765.0], [557055.0, 1971795.0], [556905.0, 1971795.0]]]}, "properties": {"zone_id": "scene_01_DT0000205230-Z0083", "scene": "scene_01_DT0000205230", "pixel_count": 75, "approx_area_m2": 67500.0, "centroid_x": 557003.2, "centroid_y": 1971656.4, "mean_risk": 3.0304291248321533, "max_risk": 4.487418174743652, "median_risk": 2.981593608856201, "high_priority_pixel_pct": 100.0, "priority_category": "HIGH PRIORITY", "threshold_type": "95th percentile prioritisation threshold", "recommendation": "Spectral-stress evidence detected. Prioritise field inspection to determine the underlying cause. Field verification required.", "priority_rank": 7}}, {"type": "Feature", "geometry": {"type": "Polygon", "coordinates": [[[579255.0, 1971795.0], [579255.0, 1971765.0], [579195.0, 1971765.0], [579195.0, 1971735.0], [579105.0, 1971735.0], [579105.0, 1971675.0], [579135.0, 1971675.0], [579135.0, 1971645.0], [579165.0, 1971645.0], [579165.0, 1971615.0], [579195.0, 1971615.0], [579195.0, 1971585.0], [579135.0, 1971585.0], [579135.0, 1971555.0], [579105.0, 1971555.0], [579105.0, 1971495.0], [579075.0, 1971495.0], [579075.0, 1971435.0], [579165.0, 1971435.0], [579165.0, 1971405.0], [579255.0, 1971405.0], [579255.0, 1971465.0], [579315.0, 1971465.0], [579315.0, 1971525.0], [579345.0, 1971525.0], [579345.0, 1971555.0], [579375.0, 1971555.0], [579375.0, 1971525.0], [579405.0, 1971525.0], [579405.0, 1971465.0], [579375.0, 1971465.0], [579375.0, 1971405.0], [579435.0, 1971405.0], [579435.0, 1971375.0], [579465.0, 1971375.0], [579465.0, 1971435.0], [579435.0, 1971435.0], [579435.0, 1971495.0], [579465.0, 1971495.0], [579465.0, 1971525.0], [579435.0, 1971525.0], [579435.0, 1971555.0], [579405.0, 1971555.0], [579405.0, 1971645.0], [579375.0, 1971645.0], [579375.0, 1971675.0], [579345.0, 1971675.0], [579345.0, 1971705.0], [579375.0, 1971705.0], [579375.0, 1971735.0], [579405.0, 1971735.0], [579405.0, 1971765.0], [579375.0, 1971765.0], [579375.0, 1971795.0], [579345.0, 1971795.0], [579345.0, 1971735.0], [579315.0, 1971735.0], [579315.0, 1971765.0], [579285.0, 1971765.0], [579285.0, 1971795.0], [579255.0, 1971795.0]], [[579225.0, 1971645.0], [579345.0, 1971645.0], [579345.0, 1971585.0], [579285.0, 1971585.0], [579285.0, 1971615.0], [579225.0, 1971615.0], [579225.0, 1971645.0]]]}, "properties": {"zone_id": "scene_01_DT0000205230-Z0084", "scene": "scene_01_DT0000205230", "pixel_count": 94, "approx_area_m2": 84600.0, "centroid_x": 579260.7446808511, "centroid_y": 1971583.085106383, "mean_risk": 1.8789294958114624, "max_risk": 2.74259614944458, "median_risk": 1.8244277238845825, "high_priority_pixel_pct": 100.0, "priority_category": "HIGH PRIORITY", "threshold_type": "95th percentile prioritisation threshold", "recommendation": "Spectral-stress evidence detected. Prioritise field inspection to determine the underlying cause. Field verification required.", "priority_rank": 264}}, {"type": "Feature", "geometry": {"type": "Polygon", "coordinates": [[[581505.0, 1971795.0], [581505.0, 1971735.0], [581475.0, 1971735.0], [581475.0, 1971675.0], [581445.0, 1971675.0], [581445.0, 1971615.0], [581385.0, 1971615.0], [581385.0, 1971555.0], [581355.0, 1971555.0], [581355.0, 1971525.0], [581325.0, 1971525.0], [581325.0, 1971495.0], [581295.0, 1971495.0], [581295.0, 1971435.0], [581265.0, 1971435.0], [581265.0, 1971375.0], [581205.0, 1971375.0], [581205.0, 1971315.0], [581175.0, 1971315.0], [581175.0, 1971255.0], [581145.0, 1971255.0], [581145.0, 1971225.0], [581115.0, 1971225.0], [581115.0, 1971195.0], [581085.0, 1971195.0], [581085.0, 1971135.0], [581055.0, 1971135.0], [581055.0, 1971105.0], [581025.0, 1971105.0], [581025.0, 1971075.0], [580995.0, 1971075.0], [580995.0, 1971045.0], [581025.0, 1971045.0], [581025.0, 1971015.0], [581085.0, 1971015.0], [581085.0, 1970985.0], [581115.0, 1970985.0], [581115.0, 1971015.0], [581175.0, 1971015.0], [581175.0, 1970985.0], [581235.0, 1970985.0], [581235.0, 1971015.0], [581265.0, 1971015.0], [581265.0, 1971075.0], [581325.0, 1971075.0], [581325.0, 1971135.0], [581295.0, 1971135.0], [581295.0, 1971195.0], [581355.0, 1971195.0], [581355.0, 1971225.0], [581325.0, 1971225.0], [581325.0, 1971255.0], [581445.0, 1971255.0], [581445.0, 1971405.0], [581535.0, 1971405.0], [581535.0, 1971435.0], [581565.0, 1971435.0], [581565.0, 1971375.0], [581625.0, 1971375.0], [581625.0, 1971405.0], [581685.0, 1971405.0], [581685.0, 1971435.0], [581625.0, 1971435.0], [581625.0, 1971465.0], [581595.0, 1971465.0], [581595.0, 1971495.0], [581535.0, 1971495.0], [581535.0, 1971525.0], [581505.0, 1971525.0], [581505.0, 1971585.0], [581535.0, 1971585.0], [581535.0, 1971555.0], [581595.0, 1971555.0], [581595.0, 1971585.0], [581625.0, 1971585.0], [581625.0, 1971615.0], [581655.0, 1971615.0], [581655.0, 1971645.0], [581565.0, 1971645.0], [581565.0, 1971675.0], [581535.0, 1971675.0], [581535.0, 1971735.0], [581565.0, 1971735.0], [581565.0, 1971765.0], [581535.0, 1971765.0], [581535.0, 1971795.0], [581505.0, 1971795.0]], [[581385.0, 1971435.0], [581415.0, 1971435.0], [581415.0, 1971405.0], [581385.0, 1971405.0], [581385.0, 1971435.0]]]}, "properties": {"zone_id": "scene_01_DT0000205230-Z0085", "scene": "scene_01_DT0000205230", "pixel_count": 186, "approx_area_m2": 167400.0, "centroid_x": 581339.5161290322, "centroid_y": 1971340.8064516129, "mean_risk": 2.260892629623413, "max_risk": 3.305443525314331, "median_risk": 2.2407150268554688, "high_priority_pixel_pct": 100.0, "priority_category": "HIGH PRIORITY", "threshold_type": "95th percentile prioritisation threshold", "recommendation": "Spectral-stress evidence detected. Prioritise field inspection to determine the underlying cause. Field verification required.", "priority_rank": 61}}, {"type": "Feature", "geometry": {"type": "Polygon", "coordinates": [[[551595.0, 1971735.0], [551595.0, 1971705.0], [551565.0, 1971705.0], [551565.0, 1971675.0], [551505.0, 1971675.0], [551505.0, 1971705.0], [551475.0, 1971705.0], [551475.0, 1971645.0], [551505.0, 1971645.0], [551505.0, 1971555.0], [551475.0, 1971555.0], [551475.0, 1971525.0], [551445.0, 1971525.0], [551445.0, 1971465.0], [551475.0, 1971465.0], [551475.0, 1971435.0], [551445.0, 1971435.0], [551445.0, 1971405.0], [551475.0, 1971405.0], [551475.0, 1971315.0], [551625.0, 1971315.0], [551625.0, 1971375.0], [551655.0, 1971375.0], [551655.0, 1971405.0], [551715.0, 1971405.0], [551715.0, 1971645.0], [551685.0, 1971645.0], [551685.0, 1971705.0], [551625.0, 1971705.0], [551625.0, 1971735.0], [551595.0, 1971735.0]]]}, "properties": {"zone_id": "scene_01_DT0000205230-Z0086", "scene": "scene_01_DT0000205230", "pixel_count": 93, "approx_area_m2": 83700.0, "centroid_x": 551586.4516129033, "centroid_y": 1971513.8709677418, "mean_risk": 2.382948637008667, "max_risk": 3.27410626411438, "median_risk": 2.465965747833252, "high_priority_pixel_pct": 100.0, "priority_category": "HIGH PRIORITY", "threshold_type": "95th percentile prioritisation threshold", "recommendation": "Spectral-stress evidence detected. Prioritise field inspection to determine the underlying cause. Field verification required.", "priority_rank": 45}}, {"type": "Feature", "geometry": {"type": "Polygon", "coordinates": [[[558375.0, 1971585.0], [558375.0, 1971555.0], [558345.0, 1971555.0], [558345.0, 1971495.0], [558405.0, 1971495.0], [558405.0, 1971465.0], [558435.0, 1971465.0], [558435.0, 1971345.0], [558465.0, 1971345.0], [558465.0, 1971315.0], [558405.0, 1971315.0], [558405.0, 1971345.0], [558315.0, 1971345.0], [558315.0, 1971375.0], [558135.0, 1971375.0], [558135.0, 1971345.0], [558045.0, 1971345.0], [558045.0, 1971375.0], [558015.0, 1971375.0], [558015.0, 1971405.0], [557985.0, 1971405.0], [557985.0, 1971435.0], [557865.0, 1971435.0], [557865.0, 1971405.0], [557835.0, 1971405.0], [557835.0, 1971345.0], [557865.0, 1971345.0], [557865.0, 1971285.0], [557895.0, 1971285.0], [557895.0, 1971255.0], [557955.0, 1971255.0], [557955.0, 1971165.0], [557985.0, 1971165.0], [557985.0, 1971105.0], [558015.0, 1971105.0], [558015.0, 1971075.0], [558045.0, 1971075.0], [558045.0, 1971015.0], [558165.0, 1971015.0], [558165.0, 1970985.0], [558225.0, 1970985.0], [558225.0, 1971015.0], [558405.0, 1971015.0], [558405.0, 1971075.0], [558495.0, 1971075.0], [558495.0, 1971045.0], [558525.0, 1971045.0], [558525.0, 1971015.0], [558615.0, 1971015.0], [558615.0, 1970985.0], [558645.0, 1970985.0], [558645.0, 1971015.0], [558705.0, 1971015.0], [558705.0, 1970985.0], [558765.0, 1970985.0], [558765.0, 1971015.0], [558795.0, 1971015.0], [558795.0, 1971045.0], [558825.0, 1971045.0], [558825.0, 1971165.0], [558795.0, 1971165.0], [558795.0, 1971195.0], [558765.0, 1971195.0], [558765.0, 1971225.0], [558645.0, 1971225.0], [558645.0, 1971285.0], [558675.0, 1971285.0], [558675.0, 1971255.0], [558705.0, 1971255.0], [558705.0, 1971375.0], [558765.0, 1971375.0], [558765.0, 1971345.0], [558855.0, 1971345.0], [558855.0, 1971315.0], [558885.0, 1971315.0], [558885.0, 1971345.0], [558915.0, 1971345.0], [558915.0, 1971375.0], [558885.0, 1971375.0], [558885.0, 1971435.0], [558855.0, 1971435.0], [558855.0, 1971465.0], [558795.0, 1971465.0], [558795.0, 1971495.0], [558765.0, 1971495.0], [558765.0, 1971525.0], [558705.0, 1971525.0], [558705.0, 1971555.0], [558675.0, 1971555.0], [558675.0, 1971585.0], [558525.0, 1971585.0], [558525.0, 1971555.0], [558435.0, 1971555.0], [558435.0, 1971585.0], [558375.0, 1971585.0]]]}, "properties": {"zone_id": "scene_01_DT0000205230-Z0087", "scene": "scene_01_DT0000205230", "pixel_count": 419, "approx_area_m2": 377100.0, "centroid_x": 558407.1121718377, "centroid_y": 1971259.9761336516, "mean_risk": 3.2093188762664795, "max_risk": 4.888455390930176, "median_risk": 3.2355635166168213, "high_priority_pixel_pct": 100.0, "priority_category": "HIGH PRIORITY", "threshold_type": "95th percentile prioritisation threshold", "recommendation": "Spectral-stress evidence detected. Prioritise field inspection to determine the underlying cause. Field verification required.", "priority_rank": 2}}, {"type": "Feature", "geometry": {"type": "Polygon", "coordinates": [[[557475.0, 1971525.0], [557475.0, 1971465.0], [557505.0, 1971465.0], [557505.0, 1971435.0], [557535.0, 1971435.0], [557535.0, 1971405.0], [557565.0, 1971405.0], [557565.0, 1971375.0], [557595.0, 1971375.0], [557595.0, 1971345.0], [557625.0, 1971345.0], [557625.0, 1971375.0], [557745.0, 1971375.0], [557745.0, 1971495.0], [557655.0, 1971495.0], [557655.0, 1971435.0], [557595.0, 1971435.0], [557595.0, 1971495.0], [557535.0, 1971495.0], [557535.0, 1971525.0], [557475.0, 1971525.0]]]}, "properties": {"zone_id": "scene_01_DT0000205230-Z0088", "scene": "scene_01_DT0000205230", "pixel_count": 29, "approx_area_m2": 26100.0, "centroid_x": 557621.3793103448, "centroid_y": 1971438.6206896552, "mean_risk": 2.23120379447937, "max_risk": 3.0748307704925537, "median_risk": 2.1525096893310547, "high_priority_pixel_pct": 100.0, "priority_category": "HIGH PRIORITY", "threshold_type": "95th percentile prioritisation threshold", "recommendation": "Spectral-stress evidence detected. Prioritise field inspection to determine the underlying cause. Field verification required.", "priority_rank": 74}}, {"type": "Feature", "geometry": {"type": "Polygon", "coordinates": [[[559155.0, 1971495.0], [559155.0, 1971465.0], [559035.0, 1971465.0], [559035.0, 1971405.0], [559005.0, 1971405.0], [559005.0, 1971315.0], [559035.0, 1971315.0], [559035.0, 1971285.0], [559065.0, 1971285.0], [559065.0, 1971255.0], [559125.0, 1971255.0], [559125.0, 1971285.0], [559155.0, 1971285.0], [559155.0, 1971255.0], [559185.0, 1971255.0], [559185.0, 1971225.0], [559245.0, 1971225.0], [559245.0, 1971285.0], [559215.0, 1971285.0], [559215.0, 1971345.0], [559275.0, 1971345.0], [559275.0, 1971315.0], [559305.0, 1971315.0], [559305.0, 1971375.0], [559275.0, 1971375.0], [559275.0, 1971405.0], [559245.0, 1971405.0], [559245.0, 1971435.0], [559215.0, 1971435.0], [559215.0, 1971465.0], [559185.0, 1971465.0], [559185.0, 1971495.0], [559155.0, 1971495.0]]]}, "properties": {"zone_id": "scene_01_DT0000205230-Z0089", "scene": "scene_01_DT0000205230", "pixel_count": 54, "approx_area_m2": 48600.0, "centroid_x": 559143.3333333334, "centroid_y": 1971361.111111111, "mean_risk": 2.7377710342407227, "max_risk": 4.1859450340271, "median_risk": 2.5803382396698, "high_priority_pixel_pct": 100.0, "priority_category": "HIGH PRIORITY", "threshold_type": "95th percentile prioritisation threshold", "recommendation": "Spectral-stress evidence detected. Prioritise field inspection to determine the underlying cause. Field verification required.", "priority_rank": 14}}, {"type": "Feature", "geometry": {"type": "Polygon", "coordinates": [[[578955.0, 1971405.0], [578955.0, 1971375.0], [578865.0, 1971375.0], [578865.0, 1971345.0], [578835.0, 1971345.0], [578835.0, 1971285.0], [578805.0, 1971285.0], [578805.0, 1971195.0], [578835.0, 1971195.0], [578835.0, 1971105.0], [578865.0, 1971105.0], [578865.0, 1971075.0], [578895.0, 1971075.0], [578895.0, 1971015.0], [578925.0, 1971015.0], [578925.0, 1970955.0], [578865.0, 1970955.0], [578865.0, 1970925.0], [578955.0, 1970925.0], [578955.0, 1970955.0], [579255.0, 1970955.0], [579255.0, 1970925.0], [579285.0, 1970925.0], [579285.0, 1970895.0], [579315.0, 1970895.0], [579315.0, 1970865.0], [579375.0, 1970865.0], [579375.0, 1970895.0], [579345.0, 1970895.0], [579345.0, 1970925.0], [579315.0, 1970925.0], [579315.0, 1971015.0], [579345.0, 1971015.0], [579345.0, 1971045.0], [579405.0, 1971045.0], [579405.0, 1971075.0], [579345.0, 1971075.0], [579345.0, 1971135.0], [579375.0, 1971135.0], [579375.0, 1971225.0], [579405.0, 1971225.0], [579405.0, 1971285.0], [579435.0, 1971285.0], [579435.0, 1971345.0], [579375.0, 1971345.0], [579375.0, 1971315.0], [579345.0, 1971315.0], [579345.0, 1971285.0], [579315.0, 1971285.0], [579315.0, 1971345.0], [579255.0, 1971345.0], [579255.0, 1971315.0], [579225.0, 1971315.0], [579225.0, 1971345.0], [579165.0, 1971345.0], [579165.0, 1971375.0], [579135.0, 1971375.0], [579135.0, 1971405.0], [579105.0, 1971405.0], [579105.0, 1971375.0], [579075.0, 1971375.0], [579075.0, 1971315.0], [579045.0, 1971315.0], [579045.0, 1971345.0], [579015.0, 1971345.0], [579015.0, 1971375.0], [578985.0, 1971375.0], [578985.0, 1971405.0], [578955.0, 1971405.0]], [[578925.0, 1971345.0], [578955.0, 1971345.0], [578955.0, 1971225.0], [578925.0, 1971225.0], [578925.0, 1971255.0], [578895.0, 1971255.0], [578895.0, 1971285.0], [578925.0, 1971285.0], [578925.0, 1971345.0]], [[579045.0, 1971285.0], [579105.0, 1971285.0], [579105.0, 1971225.0], [579075.0, 1971225.0], [579075.0, 1971255.0], [579045.0, 1971255.0], [579045.0, 1971285.0]], [[579285.0, 1971285.0], [579315.0, 1971285.0], [579315.0, 1971225.0], [579285.0, 1971225.0], [579285.0, 1971195.0], [579255.0, 1971195.0], [579255.0, 1971165.0], [579195.0, 1971165.0], [579195.0, 1971135.0], [579075.0, 1971135.0], [579075.0, 1971165.0], [579105.0, 1971165.0], [579105.0, 1971195.0], [579135.0, 1971195.0], [579135.0, 1971225.0], [579165.0, 1971225.0], [579165.0, 1971255.0], [579285.0, 1971255.0], [579285.0, 1971285.0]], [[578895.0, 1971195.0], [578925.0, 1971195.0], [578925.0, 1971165.0], [578895.0, 1971165.0], [578895.0, 1971195.0]], [[578955.0, 1971195.0], [578985.0, 1971195.0], [578985.0, 1971165.0], [578955.0, 1971165.0], [578955.0, 1971195.0]], [[578925.0, 1971165.0], [578955.0, 1971165.0], [578955.0, 1971135.0], [578925.0, 1971135.0], [578925.0, 1971165.0]]]}, "properties": {"zone_id": "scene_01_DT0000205230-Z0090", "scene": "scene_01_DT0000205230", "pixel_count": 209, "approx_area_m2": 188100.0, "centroid_x": 579107.6555023923, "centroid_y": 1971152.5837320574, "mean_risk": 1.9467995166778564, "max_risk": 2.770108699798584, "median_risk": 1.8954546451568604, "high_priority_pixel_pct": 100.0, "priority_category": "HIGH PRIORITY", "threshold_type": "95th percentile prioritisation threshold", "recommendation": "Spectral-stress evidence detected. Prioritise field inspection to determine the underlying cause. Field verification required.", "priority_rank": 202}}, {"type": "Feature", "geometry": {"type": "Polygon", "coordinates": [[[579765.0, 1971375.0], [579765.0, 1971315.0], [579735.0, 1971315.0], [579735.0, 1971285.0], [579705.0, 1971285.0], [579705.0, 1971195.0], [579645.0, 1971195.0], [579645.0, 1971015.0], [579675.0, 1971015.0], [579675.0, 1971045.0], [579705.0, 1971045.0], [579705.0, 1971015.0], [579735.0, 1971015.0], [579735.0, 1970985.0], [579795.0, 1970985.0], [579795.0, 1971045.0], [579765.0, 1971045.0], [579765.0, 1971075.0], [579735.0, 1971075.0], [579735.0, 1971135.0], [579855.0, 1971135.0], [579855.0, 1971105.0], [579885.0, 1971105.0], [579885.0, 1971045.0], [579915.0, 1971045.0], [579915.0, 1971105.0], [579945.0, 1971105.0], [579945.0, 1971195.0], [579915.0, 1971195.0], [579915.0, 1971345.0], [579825.0, 1971345.0], [579825.0, 1971375.0], [579765.0, 1971375.0]]]}, "properties": {"zone_id": "scene_01_DT0000205230-Z0091", "scene": "scene_01_DT0000205230", "pixel_count": 75, "approx_area_m2": 67500.0, "centroid_x": 579794.0, "centroid_y": 1971186.8, "mean_risk": 1.969163179397583, "max_risk": 2.7131006717681885, "median_risk": 1.879228949546814, "high_priority_pixel_pct": 100.0, "priority_category": "HIGH PRIORITY", "threshold_type": "95th percentile prioritisation threshold", "recommendation": "Spectral-stress evidence detected. Prioritise field inspection to determine the underlying cause. Field verification required.", "priority_rank": 179}}, {"type": "Feature", "geometry": {"type": "Polygon", "coordinates": [[[580815.0, 1971165.0], [580815.0, 1971135.0], [580875.0, 1971135.0], [580875.0, 1971165.0], [580815.0, 1971165.0]]]}, "properties": {"zone_id": "scene_01_DT0000205230-Z0092", "scene": "scene_01_DT0000205230", "pixel_count": 14, "approx_area_m2": 12600.0, "centroid_x": 580922.1428571428, "centroid_y": 1971220.7142857143, "mean_risk": 1.9322978258132935, "max_risk": 2.2405149936676025, "median_risk": 1.9144694805145264, "high_priority_pixel_pct": 100.0, "priority_category": "HIGH PRIORITY", "threshold_type": "95th percentile prioritisation threshold", "recommendation": "Spectral-stress evidence detected. Prioritise field inspection to determine the underlying cause. Field verification required.", "priority_rank": 219}}, {"type": "Feature", "geometry": {"type": "Polygon", "coordinates": [[[581505.0, 1971315.0], [581505.0, 1971255.0], [581475.0, 1971255.0], [581475.0, 1971225.0], [581415.0, 1971225.0], [581415.0, 1971195.0], [581385.0, 1971195.0], [581385.0, 1971165.0], [581415.0, 1971165.0], [581415.0, 1971135.0], [581505.0, 1971135.0], [581505.0, 1971195.0], [581535.0, 1971195.0], [581535.0, 1971225.0], [581565.0, 1971225.0], [581565.0, 1971255.0], [581595.0, 1971255.0], [581595.0, 1971285.0], [581625.0, 1971285.0], [581625.0, 1971315.0], [581505.0, 1971315.0]]]}, "properties": {"zone_id": "scene_01_DT0000205230-Z0093", "scene": "scene_01_DT0000205230", "pixel_count": 21, "approx_area_m2": 18900.0, "centroid_x": 581501.4285714285, "centroid_y": 1971225.7142857143, "mean_risk": 1.9323216676712036, "max_risk": 2.2826600074768066, "median_risk": 1.9220441579818726, "high_priority_pixel_pct": 100.0, "priority_category": "HIGH PRIORITY", "threshold_type": "95th percentile prioritisation threshold", "recommendation": "Spectral-stress evidence detected. Prioritise field inspection to determine the underlying cause. Field verification required.", "priority_rank": 218}}, {"type": "Feature", "geometry": {"type": "Polygon", "coordinates": [[[561015.0, 1971135.0], [561015.0, 1971075.0], [561075.0, 1971075.0], [561075.0, 1971105.0], [561045.0, 1971105.0], [561045.0, 1971135.0], [561015.0, 1971135.0]]]}, "properties": {"zone_id": "scene_01_DT0000205230-Z0094", "scene": "scene_01_DT0000205230", "pixel_count": 12, "approx_area_m2": 10800.0, "centroid_x": 560962.5, "centroid_y": 1971155.0, "mean_risk": 1.9101964235305786, "max_risk": 2.4658608436584473, "median_risk": 1.8686336278915405, "high_priority_pixel_pct": 100.0, "priority_category": "HIGH PRIORITY", "threshold_type": "95th percentile prioritisation threshold", "recommendation": "Spectral-stress evidence detected. Prioritise field inspection to determine the underlying cause. Field verification required.", "priority_rank": 234}}, {"type": "Feature", "geometry": {"type": "Polygon", "coordinates": [[[560865.0, 1971105.0], [560865.0, 1971015.0], [560985.0, 1971015.0], [560985.0, 1971045.0], [560955.0, 1971045.0], [560955.0, 1971105.0], [560865.0, 1971105.0]]]}, "properties": {"zone_id": "scene_01_DT0000205230-Z0095", "scene": "scene_01_DT0000205230", "pixel_count": 10, "approx_area_m2": 9000.0, "centroid_x": 560916.0, "centroid_y": 1971057.0, "mean_risk": 2.150214433670044, "max_risk": 2.8011021614074707, "median_risk": 2.1366615295410156, "high_priority_pixel_pct": 100.0, "priority_category": "HIGH PRIORITY", "threshold_type": "95th percentile prioritisation threshold", "recommendation": "Spectral-stress evidence detected. Prioritise field inspection to determine the underlying cause. Field verification required.", "priority_rank": 96}}, {"type": "Feature", "geometry": {"type": "Polygon", "coordinates": [[[580935.0, 1970985.0], [580935.0, 1970925.0], [580965.0, 1970925.0], [580965.0, 1970895.0], [581055.0, 1970895.0], [581055.0, 1970955.0], [581025.0, 1970955.0], [581025.0, 1970985.0], [580935.0, 1970985.0]]]}, "properties": {"zone_id": "scene_01_DT0000205230-Z0096", "scene": "scene_01_DT0000205230", "pixel_count": 10, "approx_area_m2": 9000.0, "centroid_x": 580995.0, "centroid_y": 1970940.0, "mean_risk": 2.108847141265869, "max_risk": 2.405078411102295, "median_risk": 2.0646166801452637, "high_priority_pixel_pct": 100.0, "priority_category": "HIGH PRIORITY", "threshold_type": "95th percentile prioritisation threshold", "recommendation": "Spectral-stress evidence detected. Prioritise field inspection to determine the underlying cause. Field verification required.", "priority_rank": 112}}, {"type": "Feature", "geometry": {"type": "Polygon", "coordinates": [[[552225.0, 1970955.0], [552225.0, 1970895.0], [552195.0, 1970895.0], [552195.0, 1970805.0], [552225.0, 1970805.0], [552225.0, 1970775.0], [552255.0, 1970775.0], [552255.0, 1970745.0], [552315.0, 1970745.0], [552315.0, 1970775.0], [552345.0, 1970775.0], [552345.0, 1970835.0], [552375.0, 1970835.0], [552375.0, 1970925.0], [552345.0, 1970925.0], [552345.0, 1970955.0], [552225.0, 1970955.0]]]}, "properties": {"zone_id": "scene_01_DT0000205230-Z0097", "scene": "scene_01_DT0000205230", "pixel_count": 32, "approx_area_m2": 28800.0, "centroid_x": 552285.0, "centroid_y": 1970858.4375, "mean_risk": 2.2063307762145996, "max_risk": 2.6923742294311523, "median_risk": 2.2549843788146973, "high_priority_pixel_pct": 100.0, "priority_category": "HIGH PRIORITY", "threshold_type": "95th percentile prioritisation threshold", "recommendation": "Spectral-stress evidence detected. Prioritise field inspection to determine the underlying cause. Field verification required.", "priority_rank": 81}}, {"type": "Feature", "geometry": {"type": "Polygon", "coordinates": [[[579975.0, 1970775.0], [579975.0, 1970745.0], [579945.0, 1970745.0], [579945.0, 1970715.0], [579975.0, 1970715.0], [579975.0, 1970685.0], [580035.0, 1970685.0], [580035.0, 1970715.0], [580005.0, 1970715.0], [580005.0, 1970775.0], [579975.0, 1970775.0]]]}, "properties": {"zone_id": "scene_01_DT0000205230-Z0098", "scene": "scene_01_DT0000205230", "pixel_count": 43, "approx_area_m2": 38700.0, "centroid_x": 579766.046511628, "centroid_y": 1970819.3023255814, "mean_risk": 1.7891833782196045, "max_risk": 1.9742597341537476, "median_risk": 1.7852150201797485, "high_priority_pixel_pct": 100.0, "priority_category": "HIGH PRIORITY", "threshold_type": "95th percentile prioritisation threshold", "recommendation": "Spectral-stress evidence detected. Prioritise field inspection to determine the underlying cause. Field verification required.", "priority_rank": 354}}, {"type": "Feature", "geometry": {"type": "Polygon", "coordinates": [[[578625.0, 1970895.0], [578625.0, 1970865.0], [578565.0, 1970865.0], [578565.0, 1970805.0], [578535.0, 1970805.0], [578535.0, 1970715.0], [578595.0, 1970715.0], [578595.0, 1970745.0], [578625.0, 1970745.0], [578625.0, 1970805.0], [578685.0, 1970805.0], [578685.0, 1970775.0], [578775.0, 1970775.0], [578775.0, 1970835.0], [578835.0, 1970835.0], [578835.0, 1970865.0], [578865.0, 1970865.0], [578865.0, 1970835.0], [578895.0, 1970835.0], [578895.0, 1970895.0], [578715.0, 1970895.0], [578715.0, 1970865.0], [578685.0, 1970865.0], [578685.0, 1970895.0], [578625.0, 1970895.0]]]}, "properties": {"zone_id": "scene_01_DT0000205230-Z0099", "scene": "scene_01_DT0000205230", "pixel_count": 36, "approx_area_m2": 32400.0, "centroid_x": 578689.1666666666, "centroid_y": 1970826.6666666667, "mean_risk": 1.8353852033615112, "max_risk": 2.1289196014404297, "median_risk": 1.7950749397277832, "high_priority_pixel_pct": 100.0, "priority_category": "HIGH PRIORITY", "threshold_type": "95th percentile prioritisation threshold", "recommendation": "Spectral-stress evidence detected. Prioritise field inspection to determine the underlying cause. Field verification required.", "priority_rank": 302}}, {"type": "Feature", "geometry": {"type": "Polygon", "coordinates": [[[553065.0, 1970835.0], [553065.0, 1970775.0], [553035.0, 1970775.0], [553035.0, 1970715.0], [553095.0, 1970715.0], [553095.0, 1970685.0], [553125.0, 1970685.0], [553125.0, 1970715.0], [553185.0, 1970715.0], [553185.0, 1970685.0], [553215.0, 1970685.0], [553215.0, 1970835.0], [553065.0, 1970835.0]]]}, "properties": {"zone_id": "scene_01_DT0000205230-Z0100", "scene": "scene_01_DT0000205230", "pixel_count": 24, "approx_area_m2": 21600.0, "centroid_x": 553133.75, "centroid_y": 1970766.25, "mean_risk": 1.9499276876449585, "max_risk": 2.3115553855895996, "median_risk": 1.9766814708709717, "high_priority_pixel_pct": 100.0, "priority_category": "HIGH PRIORITY", "threshold_type": "95th percentile prioritisation threshold", "recommendation": "Spectral-stress evidence detected. Prioritise field inspection to determine the underlying cause. Field verification required.", "priority_rank": 196}}, {"type": "Feature", "geometry": {"type": "Polygon", "coordinates": [[[578025.0, 1970805.0], [578025.0, 1970775.0], [577995.0, 1970775.0], [577995.0, 1970745.0], [577965.0, 1970745.0], [577965.0, 1970715.0], [577935.0, 1970715.0], [577935.0, 1970685.0], [577995.0, 1970685.0], [577995.0, 1970595.0], [578055.0, 1970595.0], [578055.0, 1970505.0], [578085.0, 1970505.0], [578085.0, 1970445.0], [577995.0, 1970445.0], [577995.0, 1970415.0], [577875.0, 1970415.0], [577875.0, 1970355.0], [577935.0, 1970355.0], [577935.0, 1970325.0], [577965.0, 1970325.0], [577965.0, 1970295.0], [577905.0, 1970295.0], [577905.0, 1970265.0], [577875.0, 1970265.0], [577875.0, 1970325.0], [577845.0, 1970325.0], [577845.0, 1970265.0], [577725.0, 1970265.0], [577725.0, 1970235.0], [577755.0, 1970235.0], [577755.0, 1970205.0], [577725.0, 1970205.0], [577725.0, 1970175.0], [577665.0, 1970175.0], [577665.0, 1970115.0], [577695.0, 1970115.0], [577695.0, 1969965.0], [577665.0, 1969965.0], [577665.0, 1969935.0], [577725.0, 1969935.0], [577725.0, 1969815.0], [577695.0, 1969815.0], [577695.0, 1969755.0], [577665.0, 1969755.0], [577665.0, 1969725.0], [577635.0, 1969725.0], [577635.0, 1969845.0], [577665.0, 1969845.0], [577665.0, 1969875.0], [577635.0, 1969875.0], [577635.0, 1969905.0], [577605.0, 1969905.0], [577605.0, 1969935.0], [577575.0, 1969935.0], [577575.0, 1969995.0], [577515.0, 1969995.0], [577515.0, 1969905.0], [577545.0, 1969905.0], [577545.0, 1969875.0], [577575.0, 1969875.0], [577575.0, 1969725.0], [577545.0, 1969725.0], [577545.0, 1969695.0], [577515.0, 1969695.0], [577515.0, 1969785.0], [577485.0, 1969785.0], [577485.0, 1969815.0], [577425.0, 1969815.0], [577425.0, 1969845.0], [577365.0, 1969845.0], [577365.0, 1969875.0], [577335.0, 1969875.0], [577335.0, 1969905.0], [577305.0, 1969905.0], [577305.0, 1969875.0], [577275.0, 1969875.0], [577275.0, 1969905.0], [577245.0, 1969905.0], [577245.0, 1969935.0], [577215.0, 1969935.0], [577215.0, 1969965.0], [577185.0, 1969965.0], [577185.0, 1969845.0], [577215.0, 1969845.0], [577215.0, 1969815.0], [577245.0, 1969815.0], [577245.0, 1969785.0], [577305.0, 1969785.0], [577305.0, 1969845.0], [577335.0, 1969845.0], [577335.0, 1969815.0], [577365.0, 1969815.0], [577365.0, 1969635.0], [577395.0, 1969635.0], [577395.0, 1969605.0], [577425.0, 1969605.0], [577425.0, 1969575.0], [577485.0, 1969575.0], [577485.0, 1969515.0], [577425.0, 1969515.0], [577425.0, 1969545.0], [577395.0, 1969545.0], [577395.0, 1969575.0], [577245.0, 1969575.0], [577245.0, 1969545.0], [577215.0, 1969545.0], [577215.0, 1969455.0], [577185.0, 1969455.0], [577185.0, 1969395.0], [577155.0, 1969395.0], [577155.0, 1969365.0], [577125.0, 1969365.0], [577125.0, 1969305.0], [577095.0, 1969305.0], [577095.0, 1969185.0], [577035.0, 1969185.0], [577035.0, 1969155.0], [576945.0, 1969155.0], [576945.0, 1969125.0], [576975.0, 1969125.0], [576975.0, 1969095.0], [577005.0, 1969095.0], [577005.0, 1969035.0], [576975.0, 1969035.0], [576975.0, 1969005.0], [576945.0, 1969005.0], [576945.0, 1968975.0], [576915.0, 1968975.0], [576915.0, 1969065.0], [576855.0, 1969065.0], [576855.0, 1969035.0], [576795.0, 1969035.0], [576795.0, 1969005.0], [576765.0, 1969005.0], [576765.0, 1968975.0], [576795.0, 1968975.0], [576795.0, 1968855.0], [576735.0, 1968855.0], [576735.0, 1968915.0], [576705.0, 1968915.0], [576705.0, 1968885.0], [576675.0, 1968885.0], [576675.0, 1968855.0], [576645.0, 1968855.0], [576645.0, 1968825.0], [576615.0, 1968825.0], [576615.0, 1968795.0], [576585.0, 1968795.0], [576585.0, 1968735.0], [576555.0, 1968735.0], [576555.0, 1968705.0], [576525.0, 1968705.0], [576525.0, 1968615.0], [576465.0, 1968615.0], [576465.0, 1968795.0], [576495.0, 1968795.0], [576495.0, 1968765.0], [576525.0, 1968765.0], [576525.0, 1968855.0], [576555.0, 1968855.0], [576555.0, 1968915.0], [576525.0, 1968915.0], [576525.0, 1968885.0], [576465.0, 1968885.0], [576465.0, 1968855.0], [576435.0, 1968855.0], [576435.0, 1968795.0], [576375.0, 1968795.0], [576375.0, 1968765.0], [576345.0, 1968765.0], [576345.0, 1968705.0], [576285.0, 1968705.0], [576285.0, 1968675.0], [576255.0, 1968675.0], [576255.0, 1968735.0], [576285.0, 1968735.0], [576285.0, 1968765.0], [576255.0, 1968765.0], [576255.0, 1968825.0], [576195.0, 1968825.0], [576195.0, 1968795.0], [576165.0, 1968795.0], [576165.0, 1968765.0], [576135.0, 1968765.0], [576135.0, 1968645.0], [576165.0, 1968645.0], [576165.0, 1968615.0], [576195.0, 1968615.0], [576195.0, 1968525.0], [576165.0, 1968525.0], [576165.0, 1968345.0], [576195.0, 1968345.0], [576195.0, 1968375.0], [576225.0, 1968375.0], [576225.0, 1968435.0], [576255.0, 1968435.0], [576255.0, 1968405.0], [576285.0, 1968405.0], [576285.0, 1968375.0], [576255.0, 1968375.0], [576255.0, 1968345.0], [576225.0, 1968345.0], [576225.0, 1968315.0], [576195.0, 1968315.0], [576195.0, 1968255.0], [576165.0, 1968255.0], [576165.0, 1968225.0], [576135.0, 1968225.0], [576135.0, 1968375.0], [576105.0, 1968375.0], [576105.0, 1968405.0], [576075.0, 1968405.0], [576075.0, 1968375.0], [576015.0, 1968375.0], [576015.0, 1968465.0], [576045.0, 1968465.0], [576045.0, 1968495.0], [576015.0, 1968495.0], [576015.0, 1968525.0], [575955.0, 1968525.0], [575955.0, 1968465.0], [575925.0, 1968465.0], [575925.0, 1968405.0], [575895.0, 1968405.0], [575895.0, 1968375.0], [575865.0, 1968375.0], [575865.0, 1968405.0], [575805.0, 1968405.0], [575805.0, 1968375.0], [575775.0, 1968375.0], [575775.0, 1968345.0], [575745.0, 1968345.0], [575745.0, 1968285.0], [575715.0, 1968285.0], [575715.0, 1968255.0], [575685.0, 1968255.0], [575685.0, 1968195.0], [575715.0, 1968195.0], [575715.0, 1968165.0], [575745.0, 1968165.0], [575745.0, 1968105.0], [575715.0, 1968105.0], [575715.0, 1968045.0], [575745.0, 1968045.0], [575745.0, 1967985.0], [575715.0, 1967985.0], [575715.0, 1967955.0], [575655.0, 1967955.0], [575655.0, 1967835.0], [575625.0, 1967835.0], [575625.0, 1967625.0], [575595.0, 1967625.0], [575595.0, 1967055.0], [575565.0, 1967055.0], [575565.0, 1967025.0], [575595.0, 1967025.0], [575595.0, 1966995.0], [575625.0, 1966995.0], [575625.0, 1966935.0], [575655.0, 1966935.0], [575655.0, 1966965.0], [575715.0, 1966965.0], [575715.0, 1967025.0], [575805.0, 1967025.0], [575805.0, 1966965.0], [575835.0, 1966965.0], [575835.0, 1966905.0], [575865.0, 1966905.0], [575865.0, 1966875.0], [575895.0, 1966875.0], [575895.0, 1966845.0], [575865.0, 1966845.0], [575865.0, 1966785.0], [575895.0, 1966785.0], [575895.0, 1966755.0], [575925.0, 1966755.0], [575925.0, 1966695.0], [575895.0, 1966695.0], [575895.0, 1966665.0], [575865.0, 1966665.0], [575865.0, 1966635.0], [575835.0, 1966635.0], [575835.0, 1966605.0], [575745.0, 1966605.0], [575745.0, 1966545.0], [575805.0, 1966545.0], [575805.0, 1966455.0], [575775.0, 1966455.0], [575775.0, 1966335.0], [575685.0, 1966335.0], [575685.0, 1966305.0], [575655.0, 1966305.0], [575655.0, 1966365.0], [575625.0, 1966365.0], [575625.0, 1966335.0], [575595.0, 1966335.0], [575595.0, 1966215.0], [575655.0, 1966215.0], [575655.0, 1966155.0], [575625.0, 1966155.0], [575625.0, 1966125.0], [575595.0, 1966125.0], [575595.0, 1965975.0], [575535.0, 1965975.0], [575535.0, 1965915.0], [575475.0, 1965915.0], [575475.0, 1965855.0], [575445.0, 1965855.0], [575445.0, 1965705.0], [575415.0, 1965705.0], [575415.0, 1965675.0], [575385.0, 1965675.0], [575385.0, 1965585.0], [575355.0, 1965585.0], [575355.0, 1965435.0], [575475.0, 1965435.0], [575475.0, 1965375.0], [575505.0, 1965375.0], [575505.0, 1965345.0], [575475.0, 1965345.0], [575475.0, 1965315.0], [575415.0, 1965315.0], [575415.0, 1965375.0], [575385.0, 1965375.0], [575385.0, 1965315.0], [575355.0, 1965315.0], [575355.0, 1965225.0], [575505.0, 1965225.0], [575505.0, 1965195.0], [575475.0, 1965195.0], [575475.0, 1965165.0], [575505.0, 1965165.0], [575505.0, 1965135.0], [575535.0, 1965135.0], [575535.0, 1965105.0], [575565.0, 1965105.0], [575565.0, 1965075.0], [575685.0, 1965075.0], [575685.0, 1965105.0], [575715.0, 1965105.0], [575715.0, 1965135.0], [575775.0, 1965135.0], [575775.0, 1965075.0], [575865.0, 1965075.0], [575865.0, 1965105.0], [575895.0, 1965105.0], [575895.0, 1965165.0], [575955.0, 1965165.0], [575955.0, 1965255.0], [575985.0, 1965255.0], [575985.0, 1965315.0], [576015.0, 1965315.0], [576015.0, 1965345.0], [576045.0, 1965345.0], [576045.0, 1965315.0], [576105.0, 1965315.0], [576105.0, 1965405.0], [576075.0, 1965405.0], [576075.0, 1965435.0], [576255.0, 1965435.0], [576255.0, 1965465.0], [576195.0, 1965465.0], [576195.0, 1965555.0], [576225.0, 1965555.0], [576225.0, 1965585.0], [576315.0, 1965585.0], [576315.0, 1965615.0], [576285.0, 1965615.0], [576285.0, 1965675.0], [576345.0, 1965675.0], [576345.0, 1965645.0], [576375.0, 1965645.0], [576375.0, 1965705.0], [576405.0, 1965705.0], [576405.0, 1965825.0], [576435.0, 1965825.0], [576435.0, 1965915.0], [576465.0, 1965915.0], [576465.0, 1965855.0], [576495.0, 1965855.0], [576495.0, 1965675.0], [576465.0, 1965675.0], [576465.0, 1965645.0], [576495.0, 1965645.0], [576495.0, 1965585.0], [576525.0, 1965585.0], [576525.0, 1965555.0], [576585.0, 1965555.0], [576585.0, 1965615.0], [576615.0, 1965615.0], [576615.0, 1965735.0], [576585.0, 1965735.0], [576585.0, 1965795.0], [576615.0, 1965795.0], [576615.0, 1965855.0], [576675.0, 1965855.0], [576675.0, 1965945.0], [576855.0, 1965945.0], [576855.0, 1965915.0], [576825.0, 1965915.0], [576825.0, 1965825.0], [576795.0, 1965825.0], [576795.0, 1965765.0], [576765.0, 1965765.0], [576765.0, 1965675.0], [576795.0, 1965675.0], [576795.0, 1965705.0], [576825.0, 1965705.0], [576825.0, 1965765.0], [576855.0, 1965765.0], [576855.0, 1965885.0], [576885.0, 1965885.0], [576885.0, 1965795.0], [576915.0, 1965795.0], [576915.0, 1965825.0], [576945.0, 1965825.0], [576945.0, 1965855.0], [576975.0, 1965855.0], [576975.0, 1965915.0], [577005.0, 1965915.0], [577005.0, 1966035.0], [577035.0, 1966035.0], [577035.0, 1966125.0], [577065.0, 1966125.0], [577065.0, 1966185.0], [577035.0, 1966185.0], [577035.0, 1966245.0], [577095.0, 1966245.0], [577095.0, 1966275.0], [577125.0, 1966275.0], [577125.0, 1966365.0], [577155.0, 1966365.0], [577155.0, 1966395.0], [577185.0, 1966395.0], [577185.0, 1966515.0], [577215.0, 1966515.0], [577215.0, 1966545.0], [577185.0, 1966545.0], [577185.0, 1966575.0], [577215.0, 1966575.0], [577215.0, 1966725.0], [577245.0, 1966725.0], [577245.0, 1966785.0], [577215.0, 1966785.0], [577215.0, 1966815.0], [577185.0, 1966815.0], [577185.0, 1966845.0], [577215.0, 1966845.0], [577215.0, 1966965.0], [577245.0, 1966965.0], [577245.0, 1967085.0], [577275.0, 1967085.0], [577275.0, 1967115.0], [577335.0, 1967115.0], [577335.0, 1967145.0], [577365.0, 1967145.0], [577365.0, 1967205.0], [577335.0, 1967205.0], [577335.0, 1967265.0], [577425.0, 1967265.0], [577425.0, 1967295.0], [577455.0, 1967295.0], [577455.0, 1967355.0], [577425.0, 1967355.0], [577425.0, 1967385.0], [577395.0, 1967385.0], [577395.0, 1967475.0], [577455.0, 1967475.0], [577455.0, 1967505.0], [577485.0, 1967505.0], [577485.0, 1967475.0], [577515.0, 1967475.0], [577515.0, 1967415.0], [577575.0, 1967415.0], [577575.0, 1967505.0], [577545.0, 1967505.0], [577545.0, 1967565.0], [577605.0, 1967565.0], [577605.0, 1967595.0], [577635.0, 1967595.0], [577635.0, 1967685.0], [577665.0, 1967685.0], [577665.0, 1967655.0], [577695.0, 1967655.0], [577695.0, 1967625.0], [577725.0, 1967625.0], [577725.0, 1967685.0], [577755.0, 1967685.0], [577755.0, 1967715.0], [577695.0, 1967715.0], [577695.0, 1967835.0], [577725.0, 1967835.0], [577725.0, 1967865.0], [577755.0, 1967865.0], [577755.0, 1967925.0], [577725.0, 1967925.0], [577725.0, 1967985.0], [577785.0, 1967985.0], [577785.0, 1968045.0], [577845.0, 1968045.0], [577845.0, 1967955.0], [577905.0, 1967955.0], [577905.0, 1967985.0], [577935.0, 1967985.0], [577935.0, 1968045.0], [577965.0, 1968045.0], [577965.0, 1968015.0], [577995.0, 1968015.0], [577995.0, 1967955.0], [578055.0, 1967955.0], [578055.0, 1967925.0], [578115.0, 1967925.0], [578115.0, 1967895.0], [578145.0, 1967895.0], [578145.0, 1967865.0], [578175.0, 1967865.0], [578175.0, 1967805.0], [578145.0, 1967805.0], [578145.0, 1967775.0], [578115.0, 1967775.0], [578115.0, 1967715.0], [578205.0, 1967715.0], [578205.0, 1967745.0], [578265.0, 1967745.0], [578265.0, 1967775.0], [578355.0, 1967775.0], [578355.0, 1967745.0], [578475.0, 1967745.0], [578475.0, 1967715.0], [578505.0, 1967715.0], [578505.0, 1967775.0], [578565.0, 1967775.0], [578565.0, 1967805.0], [578595.0, 1967805.0], [578595.0, 1967835.0], [578685.0, 1967835.0], [578685.0, 1967865.0], [578655.0, 1967865.0], [578655.0, 1967895.0], [578685.0, 1967895.0], [578685.0, 1967985.0], [578715.0, 1967985.0], [578715.0, 1967955.0], [578745.0, 1967955.0], [578745.0, 1967895.0], [578775.0, 1967895.0], [578775.0, 1967775.0], [578805.0, 1967775.0], [578805.0, 1967745.0], [578865.0, 1967745.0], [578865.0, 1967715.0], [578895.0, 1967715.0], [578895.0, 1967685.0], [578925.0, 1967685.0], [578925.0, 1967655.0], [578955.0, 1967655.0], [578955.0, 1967625.0], [578985.0, 1967625.0], [578985.0, 1967595.0], [579015.0, 1967595.0], [579015.0, 1967685.0], [578985.0, 1967685.0], [578985.0, 1967715.0], [578955.0, 1967715.0], [578955.0, 1967775.0], [578925.0, 1967775.0], [578925.0, 1967835.0], [578895.0, 1967835.0], [578895.0, 1967865.0], [578955.0, 1967865.0], [578955.0, 1967835.0], [579015.0, 1967835.0], [579015.0, 1967895.0], [578985.0, 1967895.0], [578985.0, 1967925.0], [578895.0, 1967925.0], [578895.0, 1968075.0], [578775.0, 1968075.0], [578775.0, 1968135.0], [578745.0, 1968135.0], [578745.0, 1968255.0], [578715.0, 1968255.0], [578715.0, 1968315.0], [578685.0, 1968315.0], [578685.0, 1968375.0], [578655.0, 1968375.0], [578655.0, 1968435.0], [578625.0, 1968435.0], [578625.0, 1968465.0], [578685.0, 1968465.0], [578685.0, 1968435.0], [578715.0, 1968435.0], [578715.0, 1968405.0], [578745.0, 1968405.0], [578745.0, 1968375.0], [578715.0, 1968375.0], [578715.0, 1968345.0], [578775.0, 1968345.0], [578775.0, 1968405.0], [578805.0, 1968405.0], [578805.0, 1968495.0], [578835.0, 1968495.0], [578835.0, 1968525.0], [578805.0, 1968525.0], [578805.0, 1968585.0], [578835.0, 1968585.0], [578835.0, 1968615.0], [578865.0, 1968615.0], [578865.0, 1968645.0], [578835.0, 1968645.0], [578835.0, 1968705.0], [578895.0, 1968705.0], [578895.0, 1968735.0], [578925.0, 1968735.0], [578925.0, 1968795.0], [578955.0, 1968795.0], [578955.0, 1968855.0], [579015.0, 1968855.0], [579015.0, 1968885.0], [578985.0, 1968885.0], [578985.0, 1968975.0], [578955.0, 1968975.0], [578955.0, 1969005.0], [578925.0, 1969005.0], [578925.0, 1969035.0], [578895.0, 1969035.0], [578895.0, 1969065.0], [578865.0, 1969065.0], [578865.0, 1969005.0], [578835.0, 1969005.0], [578835.0, 1968975.0], [578805.0, 1968975.0], [578805.0, 1968855.0], [578775.0, 1968855.0], [578775.0, 1968825.0], [578745.0, 1968825.0], [578745.0, 1968855.0], [578655.0, 1968855.0], [578655.0, 1968975.0], [578595.0, 1968975.0], [578595.0, 1968885.0], [578535.0, 1968885.0], [578535.0, 1968765.0], [578565.0, 1968765.0], [578565.0, 1968645.0], [578505.0, 1968645.0], [578505.0, 1968675.0], [578475.0, 1968675.0], [578475.0, 1968705.0], [578445.0, 1968705.0], [578445.0, 1968765.0], [578415.0, 1968765.0], [578415.0, 1968795.0], [578385.0, 1968795.0], [578385.0, 1968825.0], [578355.0, 1968825.0], [578355.0, 1968885.0], [578325.0, 1968885.0], [578325.0, 1968915.0], [578265.0, 1968915.0], [578265.0, 1968975.0], [578235.0, 1968975.0], [578235.0, 1969005.0], [578265.0, 1969005.0], [578265.0, 1969035.0], [578295.0, 1969035.0], [578295.0, 1969065.0], [578325.0, 1969065.0], [578325.0, 1968975.0], [578355.0, 1968975.0], [578355.0, 1968945.0], [578415.0, 1968945.0], [578415.0, 1968915.0], [578505.0, 1968915.0], [578505.0, 1968945.0], [578475.0, 1968945.0], [578475.0, 1969005.0], [578445.0, 1969005.0], [578445.0, 1969065.0], [578385.0, 1969065.0], [578385.0, 1969095.0], [578355.0, 1969095.0], [578355.0, 1969185.0], [578385.0, 1969185.0], [578385.0, 1969215.0], [578325.0, 1969215.0], [578325.0, 1969125.0], [578295.0, 1969125.0], [578295.0, 1969155.0], [578265.0, 1969155.0], [578265.0, 1969335.0], [578295.0, 1969335.0], [578295.0, 1969395.0], [578205.0, 1969395.0], [578205.0, 1969425.0], [578175.0, 1969425.0], [578175.0, 1969455.0], [578145.0, 1969455.0], [578145.0, 1969515.0], [578115.0, 1969515.0], [578115.0, 1969545.0], [578145.0, 1969545.0], [578145.0, 1969575.0], [578235.0, 1969575.0], [578235.0, 1969545.0], [578295.0, 1969545.0], [578295.0, 1969605.0], [578325.0, 1969605.0], [578325.0, 1969635.0], [578355.0, 1969635.0], [578355.0, 1969665.0], [578385.0, 1969665.0], [578385.0, 1969755.0], [578325.0, 1969755.0], [578325.0, 1969725.0], [578295.0, 1969725.0], [578295.0, 1969695.0], [578265.0, 1969695.0], [578265.0, 1969665.0], [578235.0, 1969665.0], [578235.0, 1969755.0], [578265.0, 1969755.0], [578265.0, 1969845.0], [578295.0, 1969845.0], [578295.0, 1969905.0], [578265.0, 1969905.0], [578265.0, 1969875.0], [578235.0, 1969875.0], [578235.0, 1969905.0], [578205.0, 1969905.0], [578205.0, 1969875.0], [578175.0, 1969875.0], [578175.0, 1969995.0], [578205.0, 1969995.0], [578205.0, 1970085.0], [578175.0, 1970085.0], [578175.0, 1970205.0], [578205.0, 1970205.0], [578205.0, 1970265.0], [578295.0, 1970265.0], [578295.0, 1970205.0], [578265.0, 1970205.0], [578265.0, 1970115.0], [578295.0, 1970115.0], [578295.0, 1970175.0], [578355.0, 1970175.0], [578355.0, 1970115.0], [578385.0, 1970115.0], [578385.0, 1970145.0], [578415.0, 1970145.0], [578415.0, 1970175.0], [578475.0, 1970175.0], [578475.0, 1970265.0], [578445.0, 1970265.0], [578445.0, 1970235.0], [578385.0, 1970235.0], [578385.0, 1970265.0], [578325.0, 1970265.0], [578325.0, 1970295.0], [578355.0, 1970295.0], [578355.0, 1970325.0], [578325.0, 1970325.0], [578325.0, 1970385.0], [578385.0, 1970385.0], [578385.0, 1970415.0], [578415.0, 1970415.0], [578415.0, 1970385.0], [578475.0, 1970385.0], [578475.0, 1970415.0], [578505.0, 1970415.0], [578505.0, 1970475.0], [578475.0, 1970475.0], [578475.0, 1970445.0], [578445.0, 1970445.0], [578445.0, 1970535.0], [578475.0, 1970535.0], [578475.0, 1970565.0], [578505.0, 1970565.0], [578505.0, 1970685.0], [578475.0, 1970685.0], [578475.0, 1970715.0], [578385.0, 1970715.0], [578385.0, 1970685.0], [578325.0, 1970685.0], [578325.0, 1970715.0], [578265.0, 1970715.0], [578265.0, 1970685.0], [578235.0, 1970685.0], [578235.0, 1970655.0], [578205.0, 1970655.0], [578205.0, 1970685.0], [578175.0, 1970685.0], [578175.0, 1970625.0], [578145.0, 1970625.0], [578145.0, 1970595.0], [578085.0, 1970595.0], [578085.0, 1970655.0], [578115.0, 1970655.0], [578115.0, 1970685.0], [578085.0, 1970685.0], [578085.0, 1970715.0], [578055.0, 1970715.0], [578055.0, 1970745.0], [578085.0, 1970745.0], [578085.0, 1970805.0], [578025.0, 1970805.0]], [[578175.0, 1970625.0], [578205.0, 1970625.0], [578205.0, 1970595.0], [578175.0, 1970595.0], [578175.0, 1970625.0]], [[578295.0, 1970595.0], [578325.0, 1970595.0], [578325.0, 1970535.0], [578295.0, 1970535.0], [578295.0, 1970595.0]], [[578205.0, 1970505.0], [578235.0, 1970505.0], [578235.0, 1970475.0], [578205.0, 1970475.0], [578205.0, 1970505.0]], [[578145.0, 1970265.0], [578175.0, 1970265.0], [578175.0, 1970235.0], [578145.0, 1970235.0], [578145.0, 1970265.0]], [[578115.0, 1970025.0], [578145.0, 1970025.0], [578145.0, 1969995.0], [578115.0, 1969995.0], [578115.0, 1970025.0]], [[578055.0, 1969935.0], [578085.0, 1969935.0], [578085.0, 1969875.0], [578055.0, 1969875.0], [578055.0, 1969935.0]], [[578145.0, 1969875.0], [578175.0, 1969875.0], [578175.0, 1969755.0], [578145.0, 1969755.0], [578145.0, 1969785.0], [578115.0, 1969785.0], [578115.0, 1969815.0], [578145.0, 1969815.0], [578145.0, 1969875.0]], [[578205.0, 1969635.0], [578235.0, 1969635.0], [578235.0, 1969605.0], [578205.0, 1969605.0], [578205.0, 1969635.0]], [[577425.0, 1969485.0], [577485.0, 1969485.0], [577485.0, 1969455.0], [577515.0, 1969455.0], [577515.0, 1969425.0], [577545.0, 1969425.0], [577545.0, 1969365.0], [577515.0, 1969365.0], [577515.0, 1969335.0], [577545.0, 1969335.0], [577545.0, 1969305.0], [577575.0, 1969305.0], [577575.0, 1969245.0], [577545.0, 1969245.0], [577545.0, 1969215.0], [577485.0, 1969215.0], [577485.0, 1969365.0], [577455.0, 1969365.0], [577455.0, 1969455.0], [577425.0, 1969455.0], [577425.0, 1969485.0]], [[577515.0, 1969485.0], [577545.0, 1969485.0], [577545.0, 1969455.0], [577515.0, 1969455.0], [577515.0, 1969485.0]], [[577905.0, 1969485.0], [577935.0, 1969485.0], [577935.0, 1969455.0], [577905.0, 1969455.0], [577905.0, 1969485.0]], [[578085.0, 1969335.0], [578115.0, 1969335.0], [578115.0, 1969305.0], [578085.0, 1969305.0], [578085.0, 1969335.0]], [[578175.0, 1969335.0], [578205.0, 1969335.0], [578205.0, 1969305.0], [578175.0, 1969305.0], [578175.0, 1969335.0]], [[578205.0, 1969305.0], [578235.0, 1969305.0], [578235.0, 1969275.0], [578205.0, 1969275.0], [578205.0, 1969305.0]], [[577155.0, 1969245.0], [577185.0, 1969245.0], [577185.0, 1969185.0], [577215.0, 1969185.0], [577215.0, 1969215.0], [577275.0, 1969215.0], [577275.0, 1969185.0], [577365.0, 1969185.0], [577365.0, 1969155.0], [577395.0, 1969155.0], [577395.0, 1969185.0], [577425.0, 1969185.0], [577425.0, 1969155.0], [577485.0, 1969155.0], [577485.0, 1969125.0], [577515.0, 1969125.0], [577515.0, 1969095.0], [577275.0, 1969095.0], [577275.0, 1969125.0], [577245.0, 1969125.0], [577245.0, 1969095.0], [577185.0, 1969095.0], [577185.0, 1969125.0], [577215.0, 1969125.0], [577215.0, 1969155.0], [577125.0, 1969155.0], [577125.0, 1969215.0], [577155.0, 1969215.0], [577155.0, 1969245.0]], [[577545.0, 1969125.0], [577575.0, 1969125.0], [577575.0, 1969095.0], [577545.0, 1969095.0], [577545.0, 1969125.0]], [[577695.0, 1969125.0], [577725.0, 1969125.0], [577725.0, 1969095.0], [577845.0, 1969095.0], [577845.0, 1969065.0], [577785.0, 1969065.0], [577785.0, 1969035.0], [577755.0, 1969035.0], [577755.0, 1969065.0], [577605.0, 1969065.0], [577605.0, 1969095.0], [577695.0, 1969095.0], [577695.0, 1969125.0]], [[577575.0, 1969065.0], [577605.0, 1969065.0], [577605.0, 1969035.0], [577575.0, 1969035.0], [577575.0, 1969065.0]], [[577155.0, 1969005.0], [577185.0, 1969005.0], [577185.0, 1968945.0], [577155.0, 1968945.0], [577155.0, 1968915.0], [577125.0, 1968915.0], [577125.0, 1968885.0], [577095.0, 1968885.0], [577095.0, 1968945.0], [577125.0, 1968945.0], [577125.0, 1968975.0], [577155.0, 1968975.0], [577155.0, 1969005.0]], [[577515.0, 1969005.0], [577545.0, 1969005.0], [577545.0, 1968915.0], [577575.0, 1968915.0], [577575.0, 1968885.0], [577545.0, 1968885.0], [577545.0, 1968825.0], [577575.0, 1968825.0], [577575.0, 1968765.0], [577515.0, 1968765.0], [577515.0, 1969005.0]], [[577155.0, 1968915.0], [577215.0, 1968915.0], [577215.0, 1968825.0], [577185.0, 1968825.0], [577185.0, 1968855.0], [577155.0, 1968855.0], [577155.0, 1968915.0]], [[577785.0, 1968915.0], [577815.0, 1968915.0], [577815.0, 1968855.0], [577785.0, 1968855.0], [577785.0, 1968915.0]], [[577725.0, 1968855.0], [577755.0, 1968855.0], [577755.0, 1968795.0], [577815.0, 1968795.0], [577815.0, 1968765.0], [577785.0, 1968765.0], [577785.0, 1968705.0], [577755.0, 1968705.0], [577755.0, 1968675.0], [577725.0, 1968675.0], [577725.0, 1968645.0], [577695.0, 1968645.0], [577695.0, 1968705.0], [577725.0, 1968705.0], [577725.0, 1968795.0], [577695.0, 1968795.0], [577695.0, 1968825.0], [577725.0, 1968825.0], [577725.0, 1968855.0]], [[578025.0, 1968855.0], [578055.0, 1968855.0], [578055.0, 1968825.0], [578085.0, 1968825.0], [578085.0, 1968765.0], [578115.0, 1968765.0], [578115.0, 1968735.0], [578145.0, 1968735.0], [578145.0, 1968675.0], [578175.0, 1968675.0], [578175.0, 1968615.0], [578205.0, 1968615.0], [578205.0, 1968555.0], [578235.0, 1968555.0], [578235.0, 1968525.0], [578265.0, 1968525.0], [578265.0, 1968495.0], [578235.0, 1968495.0], [578235.0, 1968465.0], [578265.0, 1968465.0], [578265.0, 1968435.0], [578295.0, 1968435.0], [578295.0, 1968405.0], [578325.0, 1968405.0], [578325.0, 1968345.0], [578355.0, 1968345.0], [578355.0, 1968285.0], [578325.0, 1968285.0], [578325.0, 1968135.0], [578355.0, 1968135.0], [578355.0, 1968075.0], [578175.0, 1968075.0], [578175.0, 1968105.0], [578145.0, 1968105.0], [578145.0, 1968135.0], [578115.0, 1968135.0], [578115.0, 1968165.0], [578055.0, 1968165.0], [578055.0, 1968255.0], [577995.0, 1968255.0], [577995.0, 1968315.0], [578025.0, 1968315.0], [578025.0, 1968345.0], [577965.0, 1968345.0], [577965.0, 1968285.0], [577935.0, 1968285.0], [577935.0, 1968315.0], [577875.0, 1968315.0], [577875.0, 1968345.0], [577845.0, 1968345.0], [577845.0, 1968285.0], [577815.0, 1968285.0], [577815.0, 1968315.0], [577785.0, 1968315.0], [577785.0, 1968375.0], [577755.0, 1968375.0], [577755.0, 1968435.0], [577815.0, 1968435.0], [577815.0, 1968405.0], [577845.0, 1968405.0], [577845.0, 1968375.0], [577905.0, 1968375.0], [577905.0, 1968435.0], [577875.0, 1968435.0], [577875.0, 1968465.0], [577905.0, 1968465.0], [577905.0, 1968525.0], [577935.0, 1968525.0], [577935.0, 1968555.0], [577965.0, 1968555.0], [577965.0, 1968585.0], [577935.0, 1968585.0], [577935.0, 1968675.0], [577905.0, 1968675.0], [577905.0, 1968705.0], [577875.0, 1968705.0], [577875.0, 1968735.0], [577965.0, 1968735.0], [577965.0, 1968765.0], [577995.0, 1968765.0], [577995.0, 1968795.0], [578025.0, 1968795.0], [578025.0, 1968855.0]], [[578175.0, 1968825.0], [578235.0, 1968825.0], [578235.0, 1968795.0], [578265.0, 1968795.0], [578265.0, 1968765.0], [578295.0, 1968765.0], [578295.0, 1968735.0], [578325.0, 1968735.0], [578325.0, 1968675.0], [578355.0, 1968675.0], [578355.0, 1968615.0], [578385.0, 1968615.0], [578385.0, 1968585.0], [578415.0, 1968585.0], [578415.0, 1968555.0], [578445.0, 1968555.0], [578445.0, 1968525.0], [578475.0, 1968525.0], [578475.0, 1968495.0], [578505.0, 1968495.0], [578505.0, 1968465.0], [578535.0, 1968465.0], [578535.0, 1968435.0], [578565.0, 1968435.0], [578565.0, 1968405.0], [578595.0, 1968405.0], [578595.0, 1968375.0], [578625.0, 1968375.0], [578625.0, 1968285.0], [578655.0, 1968285.0], [578655.0, 1968165.0], [578625.0, 1968165.0], [578625.0, 1968105.0], [578475.0, 1968105.0], [578475.0, 1968225.0], [578505.0, 1968225.0], [578505.0, 1968255.0], [578475.0, 1968255.0], [578475.0, 1968315.0], [578445.0, 1968315.0], [578445.0, 1968375.0], [578355.0, 1968375.0], [578355.0, 1968435.0], [578325.0, 1968435.0], [578325.0, 1968495.0], [578295.0, 1968495.0], [578295.0, 1968705.0], [578265.0, 1968705.0], [578265.0, 1968735.0], [578235.0, 1968735.0], [578235.0, 1968765.0], [578205.0, 1968765.0], [578205.0, 1968795.0], [578175.0, 1968795.0], [578175.0, 1968825.0]], [[578625.0, 1968825.0], [578655.0, 1968825.0], [578655.0, 1968765.0], [578625.0, 1968765.0], [578625.0, 1968825.0]], [[577665.0, 1968795.0], [577695.0, 1968795.0], [577695.0, 1968735.0], [577665.0, 1968735.0], [577665.0, 1968705.0], [577635.0, 1968705.0], [577635.0, 1968765.0], [577665.0, 1968765.0], [577665.0, 1968795.0]], [[577425.0, 1968765.0], [577455.0, 1968765.0], [577455.0, 1968735.0], [577485.0, 1968735.0], [577485.0, 1968705.0], [577425.0, 1968705.0], [577425.0, 1968765.0]], [[578745.0, 1968765.0], [578805.0, 1968765.0], [578805.0, 1968735.0], [578745.0, 1968735.0], [578745.0, 1968765.0]], [[577515.0, 1968705.0], [577545.0, 1968705.0], [577545.0, 1968675.0], [577515.0, 1968675.0], [577515.0, 1968705.0]], [[576405.0, 1968675.0], [576435.0, 1968675.0], [576435.0, 1968555.0], [576405.0, 1968555.0], [576405.0, 1968675.0]], [[577785.0, 1968645.0], [577815.0, 1968645.0], [577815.0, 1968585.0], [577785.0, 1968585.0], [577785.0, 1968645.0]], [[578715.0, 1968645.0], [578745.0, 1968645.0], [578745.0, 1968555.0], [578775.0, 1968555.0], [578775.0, 1968495.0], [578745.0, 1968495.0], [578745.0, 1968525.0], [578685.0, 1968525.0], [578685.0, 1968615.0], [578715.0, 1968615.0], [578715.0, 1968645.0]], [[576825.0, 1968585.0], [576855.0, 1968585.0], [576855.0, 1968555.0], [576915.0, 1968555.0], [576915.0, 1968435.0], [576885.0, 1968435.0], [576885.0, 1968345.0], [576915.0, 1968345.0], [576915.0, 1968255.0], [576885.0, 1968255.0], [576885.0, 1968195.0], [576915.0, 1968195.0], [576915.0, 1968075.0], [576855.0, 1968075.0], [576855.0, 1968135.0], [576825.0, 1968135.0], [576825.0, 1968165.0], [576855.0, 1968165.0], [576855.0, 1968195.0], [576795.0, 1968195.0], [576795.0, 1968225.0], [576735.0, 1968225.0], [576735.0, 1968195.0], [576675.0, 1968195.0], [576675.0, 1968165.0], [576585.0, 1968165.0], [576585.0, 1968195.0], [576615.0, 1968195.0], [576615.0, 1968255.0], [576645.0, 1968255.0], [576645.0, 1968285.0], [576675.0, 1968285.0], [576675.0, 1968315.0], [576645.0, 1968315.0], [576645.0, 1968375.0], [576675.0, 1968375.0], [576675.0, 1968465.0], [576735.0, 1968465.0], [576735.0, 1968525.0], [576765.0, 1968525.0], [576765.0, 1968495.0], [576825.0, 1968495.0], [576825.0, 1968465.0], [576855.0, 1968465.0], [576855.0, 1968525.0], [576825.0, 1968525.0], [576825.0, 1968585.0]], [[576345.0, 1968555.0], [576405.0, 1968555.0], [576405.0, 1968495.0], [576315.0, 1968495.0], [576315.0, 1968435.0], [576285.0, 1968435.0], [576285.0, 1968525.0], [576345.0, 1968525.0], [576345.0, 1968555.0]], [[577455.0, 1968555.0], [577515.0, 1968555.0], [577515.0, 1968495.0], [577485.0, 1968495.0], [577485.0, 1968525.0], [577455.0, 1968525.0], [577455.0, 1968555.0]], [[577185.0, 1968525.0], [577215.0, 1968525.0], [577215.0, 1968465.0], [577155.0, 1968465.0], [577155.0, 1968495.0], [577185.0, 1968495.0], [577185.0, 1968525.0]], [[577335.0, 1968465.0], [577365.0, 1968465.0], [577365.0, 1968435.0], [577395.0, 1968435.0], [577395.0, 1968405.0], [577425.0, 1968405.0], [577425.0, 1968375.0], [577395.0, 1968375.0], [577395.0, 1968345.0], [577335.0, 1968345.0], [577335.0, 1968405.0], [577305.0, 1968405.0], [577305.0, 1968435.0], [577335.0, 1968435.0], [577335.0, 1968465.0]], [[577725.0, 1968465.0], [577755.0, 1968465.0], [577755.0, 1968435.0], [577725.0, 1968435.0], [577725.0, 1968465.0]], [[577185.0, 1968435.0], [577215.0, 1968435.0], [577215.0, 1968405.0], [577275.0, 1968405.0], [577275.0, 1968375.0], [577305.0, 1968375.0], [577305.0, 1968315.0], [577275.0, 1968315.0], [577275.0, 1968285.0], [577245.0, 1968285.0], [577245.0, 1968225.0], [577215.0, 1968225.0], [577215.0, 1968255.0], [577185.0, 1968255.0], [577185.0, 1968285.0], [577125.0, 1968285.0], [577125.0, 1968315.0], [577065.0, 1968315.0], [577065.0, 1968375.0], [577095.0, 1968375.0], [577095.0, 1968405.0], [577185.0, 1968405.0], [577185.0, 1968435.0]], [[577485.0, 1968375.0], [577515.0, 1968375.0], [577515.0, 1968315.0], [577485.0, 1968315.0], [577485.0, 1968375.0]], [[575775.0, 1968315.0], [575805.0, 1968315.0], [575805.0, 1968225.0], [575775.0, 1968225.0], [575775.0, 1968255.0], [575745.0, 1968255.0], [575745.0, 1968285.0], [575775.0, 1968285.0], [575775.0, 1968315.0]], [[577335.0, 1968315.0], [577395.0, 1968315.0], [577395.0, 1968255.0], [577365.0, 1968255.0], [577365.0, 1968225.0], [577335.0, 1968225.0], [577335.0, 1968165.0], [577395.0, 1968165.0], [577395.0, 1968135.0], [577365.0, 1968135.0], [577365.0, 1968075.0], [577335.0, 1968075.0], [577335.0, 1968045.0], [577305.0, 1968045.0], [577305.0, 1968015.0], [577275.0, 1968015.0], [577275.0, 1967985.0], [577245.0, 1967985.0], [577245.0, 1968045.0], [577275.0, 1968045.0], [577275.0, 1968105.0], [577305.0, 1968105.0], [577305.0, 1968165.0], [577275.0, 1968165.0], [577275.0, 1968255.0], [577305.0, 1968255.0], [577305.0, 1968285.0], [577335.0, 1968285.0], [577335.0, 1968315.0]], [[577425.0, 1968255.0], [577485.0, 1968255.0], [577485.0, 1968195.0], [577455.0, 1968195.0], [577455.0, 1968225.0], [577425.0, 1968225.0], [577425.0, 1968255.0]], [[575805.0, 1968195.0], [575835.0, 1968195.0], [575835.0, 1968165.0], [575805.0, 1968165.0], [575805.0, 1968195.0]], [[577395.0, 1968195.0], [577425.0, 1968195.0], [577425.0, 1968165.0], [577395.0, 1968165.0], [577395.0, 1968195.0]], [[575865.0, 1968165.0], [575895.0, 1968165.0], [575895.0, 1968105.0], [575865.0, 1968105.0], [575865.0, 1968165.0]], [[578655.0, 1968165.0], [578685.0, 1968165.0], [578685.0, 1968135.0], [578655.0, 1968135.0], [578655.0, 1968165.0]], [[576735.0, 1968105.0], [576765.0, 1968105.0], [576765.0, 1968045.0], [576735.0, 1968045.0], [576735.0, 1968105.0]], [[577185.0, 1968105.0], [577215.0, 1968105.0], [577215.0, 1968045.0], [577185.0, 1968045.0], [577185.0, 1968015.0], [577125.0, 1968015.0], [577125.0, 1968045.0], [577155.0, 1968045.0], [577155.0, 1968075.0], [577185.0, 1968075.0], [577185.0, 1968105.0]], [[578655.0, 1968105.0], [578685.0, 1968105.0], [578685.0, 1968075.0], [578655.0, 1968075.0], [578655.0, 1968105.0]], [[575955.0, 1968015.0], [575985.0, 1968015.0], [575985.0, 1967985.0], [575955.0, 1967985.0], [575955.0, 1968015.0]], [[577095.0, 1968015.0], [577125.0, 1968015.0], [577125.0, 1967985.0], [577095.0, 1967985.0], [577095.0, 1968015.0]], [[577575.0, 1968015.0], [577635.0, 1968015.0], [577635.0, 1967985.0], [577695.0, 1967985.0], [577695.0, 1967955.0], [577665.0, 1967955.0], [577665.0, 1967925.0], [577635.0, 1967925.0], [577635.0, 1967955.0], [577575.0, 1967955.0], [577575.0, 1968015.0]], [[576915.0, 1967985.0], [576945.0, 1967985.0], [576945.0, 1967895.0], [576915.0, 1967895.0], [576915.0, 1967985.0]], [[577065.0, 1967985.0], [577095.0, 1967985.0], [577095.0, 1967925.0], [577065.0, 1967925.0], [577065.0, 1967985.0]], [[577185.0, 1967925.0], [577215.0, 1967925.0], [577215.0, 1967865.0], [577155.0, 1967865.0], [577155.0, 1967895.0], [577185.0, 1967895.0], [577185.0, 1967925.0]], [[577425.0, 1967925.0], [577455.0, 1967925.0], [577455.0, 1967895.0], [577425.0, 1967895.0], [577425.0, 1967925.0]], [[575895.0, 1967865.0], [575925.0, 1967865.0], [575925.0, 1967835.0], [575895.0, 1967835.0], [575895.0, 1967865.0]], [[576915.0, 1967865.0], [576945.0, 1967865.0], [576945.0, 1967835.0], [576915.0, 1967835.0], [576915.0, 1967865.0]], [[577095.0, 1967835.0], [577125.0, 1967835.0], [577125.0, 1967805.0], [577095.0, 1967805.0], [577095.0, 1967835.0]], [[577065.0, 1967805.0], [577095.0, 1967805.0], [577095.0, 1967775.0], [577065.0, 1967775.0], [577065.0, 1967805.0]], [[578205.0, 1967805.0], [578265.0, 1967805.0], [578265.0, 1967775.0], [578205.0, 1967775.0], [578205.0, 1967805.0]], [[575835.0, 1967775.0], [575895.0, 1967775.0], [575895.0, 1967745.0], [575865.0, 1967745.0], [575865.0, 1967715.0], [575835.0, 1967715.0], [575835.0, 1967775.0]], [[576615.0, 1967715.0], [576645.0, 1967715.0], [576645.0, 1967685.0], [576615.0, 1967685.0], [576615.0, 1967715.0]], [[576825.0, 1967625.0], [576855.0, 1967625.0], [576855.0, 1967595.0], [576885.0, 1967595.0], [576885.0, 1967535.0], [576855.0, 1967535.0], [576855.0, 1967505.0], [576825.0, 1967505.0], [576825.0, 1967535.0], [576795.0, 1967535.0], [576795.0, 1967565.0], [576825.0, 1967565.0], [576825.0, 1967625.0]], [[575715.0, 1967595.0], [575745.0, 1967595.0], [575745.0, 1967535.0], [575715.0, 1967535.0], [575715.0, 1967595.0]], [[576075.0, 1967595.0], [576105.0, 1967595.0], [576105.0, 1967565.0], [576075.0, 1967565.0], [576075.0, 1967595.0]], [[577215.0, 1967475.0], [577245.0, 1967475.0], [577245.0, 1967445.0], [577215.0, 1967445.0], [577215.0, 1967475.0]], [[575685.0, 1967385.0], [575715.0, 1967385.0], [575715.0, 1967355.0], [575685.0, 1967355.0], [575685.0, 1967385.0]], [[576975.0, 1967385.0], [577005.0, 1967385.0], [577005.0, 1967355.0], [576975.0, 1967355.0], [576975.0, 1967385.0]], [[577275.0, 1967385.0], [577305.0, 1967385.0], [577305.0, 1967295.0], [577275.0, 1967295.0], [577275.0, 1967385.0]], [[577095.0, 1967355.0], [577125.0, 1967355.0], [577125.0, 1967295.0], [577095.0, 1967295.0], [577095.0, 1967355.0]], [[577245.0, 1967295.0], [577275.0, 1967295.0], [577275.0, 1967265.0], [577245.0, 1967265.0], [577245.0, 1967295.0]], [[576225.0, 1967205.0], [576255.0, 1967205.0], [576255.0, 1967175.0], [576225.0, 1967175.0], [576225.0, 1967205.0]], [[575775.0, 1967175.0], [575865.0, 1967175.0], [575865.0, 1967085.0], [575805.0, 1967085.0], [575805.0, 1967115.0], [575775.0, 1967115.0], [575775.0, 1967175.0]], [[576255.0, 1967175.0], [576285.0, 1967175.0], [576285.0, 1967115.0], [576255.0, 1967115.0], [576255.0, 1967175.0]], [[576285.0, 1967115.0], [576315.0, 1967115.0], [576315.0, 1967085.0], [576285.0, 1967085.0], [576285.0, 1967115.0]], [[576345.0, 1967055.0], [576405.0, 1967055.0], [576405.0, 1967025.0], [576345.0, 1967025.0], [576345.0, 1967055.0]], [[575955.0, 1967025.0], [576015.0, 1967025.0], [576015.0, 1966995.0], [576045.0, 1966995.0], [576045.0, 1966965.0], [575955.0, 1966965.0], [575955.0, 1967025.0]], [[576405.0, 1967025.0], [576495.0, 1967025.0], [576495.0, 1966995.0], [576405.0, 1966995.0], [576405.0, 1967025.0]], [[575955.0, 1966545.0], [575985.0, 1966545.0], [575985.0, 1966515.0], [576045.0, 1966515.0], [576045.0, 1966395.0], [576015.0, 1966395.0], [576015.0, 1966335.0], [575985.0, 1966335.0], [575985.0, 1966305.0], [575955.0, 1966305.0], [575955.0, 1966275.0], [575925.0, 1966275.0], [575925.0, 1966215.0], [575955.0, 1966215.0], [575955.0, 1966125.0], [575895.0, 1966125.0], [575895.0, 1966095.0], [575865.0, 1966095.0], [575865.0, 1965945.0], [575835.0, 1965945.0], [575835.0, 1965885.0], [575805.0, 1965885.0], [575805.0, 1965855.0], [575745.0, 1965855.0], [575745.0, 1965825.0], [575685.0, 1965825.0], [575685.0, 1965765.0], [575655.0, 1965765.0], [575655.0, 1965735.0], [575625.0, 1965735.0], [575625.0, 1965675.0], [575655.0, 1965675.0], [575655.0, 1965615.0], [575715.0, 1965615.0], [575715.0, 1965555.0], [575685.0, 1965555.0], [575685.0, 1965585.0], [575595.0, 1965585.0], [575595.0, 1965525.0], [575535.0, 1965525.0], [575535.0, 1965495.0], [575505.0, 1965495.0], [575505.0, 1965465.0], [575445.0, 1965465.0], [575445.0, 1965525.0], [575475.0, 1965525.0], [575475.0, 1965555.0], [575505.0, 1965555.0], [575505.0, 1965675.0], [575535.0, 1965675.0], [575535.0, 1965705.0], [575565.0, 1965705.0], [575565.0, 1965765.0], [575595.0, 1965765.0], [575595.0, 1965795.0], [575625.0, 1965795.0], [575625.0, 1965825.0], [575655.0, 1965825.0], [575655.0, 1965885.0], [575685.0, 1965885.0], [575685.0, 1965945.0], [575715.0, 1965945.0], [575715.0, 1966005.0], [575745.0, 1966005.0], [575745.0, 1966035.0], [575775.0, 1966035.0], [575775.0, 1966065.0], [575805.0, 1966065.0], [575805.0, 1966095.0], [575835.0, 1966095.0], [575835.0, 1966155.0], [575865.0, 1966155.0], [575865.0, 1966215.0], [575895.0, 1966215.0], [575895.0, 1966335.0], [575925.0, 1966335.0], [575925.0, 1966395.0], [575895.0, 1966395.0], [575895.0, 1966455.0], [575925.0, 1966455.0], [575925.0, 1966515.0], [575955.0, 1966515.0], [575955.0, 1966545.0]], [[576885.0, 1966515.0], [576915.0, 1966515.0], [576915.0, 1966455.0], [576885.0, 1966455.0], [576885.0, 1966515.0]], [[576885.0, 1966335.0], [576945.0, 1966335.0], [576945.0, 1966305.0], [576915.0, 1966305.0], [576915.0, 1966095.0], [576885.0, 1966095.0], [576885.0, 1965945.0], [576855.0, 1965945.0], [576855.0, 1966065.0], [576825.0, 1966065.0], [576825.0, 1966005.0], [576795.0, 1966005.0], [576795.0, 1966035.0], [576735.0, 1966035.0], [576735.0, 1966005.0], [576675.0, 1966005.0], [576675.0, 1966065.0], [576585.0, 1966065.0], [576585.0, 1966125.0], [576615.0, 1966125.0], [576615.0, 1966155.0], [576675.0, 1966155.0], [576675.0, 1966275.0], [576765.0, 1966275.0], [576765.0, 1966245.0], [576795.0, 1966245.0], [576795.0, 1966185.0], [576765.0, 1966185.0], [576765.0, 1966155.0], [576825.0, 1966155.0], [576825.0, 1966185.0], [576855.0, 1966185.0], [576855.0, 1966245.0], [576885.0, 1966245.0], [576885.0, 1966335.0]], [[577005.0, 1966185.0], [577035.0, 1966185.0], [577035.0, 1966155.0], [577005.0, 1966155.0], [577005.0, 1966185.0]], [[576645.0, 1965975.0], [576675.0, 1965975.0], [576675.0, 1965945.0], [576645.0, 1965945.0], [576645.0, 1965975.0]], [[575985.0, 1965915.0], [576075.0, 1965915.0], [576075.0, 1965855.0], [576045.0, 1965855.0], [576045.0, 1965825.0], [575985.0, 1965825.0], [575985.0, 1965915.0]], [[576135.0, 1965885.0], [576165.0, 1965885.0], [576165.0, 1965735.0], [576195.0, 1965735.0], [576195.0, 1965615.0], [576165.0, 1965615.0], [576165.0, 1965705.0], [576135.0, 1965705.0], [576135.0, 1965675.0], [576075.0, 1965675.0], [576075.0, 1965795.0], [576105.0, 1965795.0], [576105.0, 1965855.0], [576135.0, 1965855.0], [576135.0, 1965885.0]], [[576285.0, 1965885.0], [576345.0, 1965885.0], [576345.0, 1965795.0], [576315.0, 1965795.0], [576315.0, 1965765.0], [576285.0, 1965765.0], [576285.0, 1965885.0]], [[575955.0, 1965825.0], [575985.0, 1965825.0], [575985.0, 1965795.0], [575955.0, 1965795.0], [575955.0, 1965825.0]], [[575925.0, 1965735.0], [575955.0, 1965735.0], [575955.0, 1965705.0], [575925.0, 1965705.0], [575925.0, 1965735.0]], [[575895.0, 1965705.0], [575925.0, 1965705.0], [575925.0, 1965645.0], [575865.0, 1965645.0], [575865.0, 1965675.0], [575895.0, 1965675.0], [575895.0, 1965705.0]], [[576225.0, 1965705.0], [576285.0, 1965705.0], [576285.0, 1965675.0], [576225.0, 1965675.0], [576225.0, 1965705.0]], [[576075.0, 1965645.0], [576105.0, 1965645.0], [576105.0, 1965615.0], [576165.0, 1965615.0], [576165.0, 1965585.0], [576075.0, 1965585.0], [576075.0, 1965645.0]], [[576075.0, 1965525.0], [576135.0, 1965525.0], [576135.0, 1965495.0], [576105.0, 1965495.0], [576105.0, 1965465.0], [576075.0, 1965465.0], [576075.0, 1965525.0]], [[575955.0, 1965495.0], [575985.0, 1965495.0], [575985.0, 1965465.0], [576045.0, 1965465.0], [576045.0, 1965435.0], [575925.0, 1965435.0], [575925.0, 1965465.0], [575955.0, 1965465.0], [575955.0, 1965495.0]], [[575565.0, 1965465.0], [575595.0, 1965465.0], [575595.0, 1965405.0], [575565.0, 1965405.0], [575565.0, 1965465.0]], [[575535.0, 1965345.0], [575565.0, 1965345.0], [575565.0, 1965285.0], [575535.0, 1965285.0], [575535.0, 1965345.0]], [[575565.0, 1965225.0], [575655.0, 1965225.0], [575655.0, 1965195.0], [575685.0, 1965195.0], [575685.0, 1965165.0], [575655.0, 1965165.0], [575655.0, 1965135.0], [575625.0, 1965135.0], [575625.0, 1965195.0], [575595.0, 1965195.0], [575595.0, 1965165.0], [575535.0, 1965165.0], [575535.0, 1965195.0], [575565.0, 1965195.0], [575565.0, 1965225.0]], [[575865.0, 1965195.0], [575895.0, 1965195.0], [575895.0, 1965165.0], [575865.0, 1965165.0], [575865.0, 1965195.0]]]}, "properties": {"zone_id": "scene_01_DT0000205230-Z0101", "scene": "scene_01_DT0000205230", "pixel_count": 8971, "approx_area_m2": 8073900.0, "centroid_x": 577066.8743729796, "centroid_y": 1967764.2704269313, "mean_risk": 2.2490341663360596, "max_risk": 3.6960086822509766, "median_risk": 2.171656608581543, "high_priority_pixel_pct": 100.0, "priority_category": "HIGH PRIORITY", "threshold_type": "95th percentile prioritisation threshold", "recommendation": "Spectral-stress evidence detected. Prioritise field inspection to determine the underlying cause. Field verification required.", "priority_rank": 68}}, {"type": "Feature", "geometry": {"type": "Polygon", "coordinates": [[[555165.0, 1970685.0], [555165.0, 1970625.0], [555135.0, 1970625.0], [555135.0, 1970655.0], [555105.0, 1970655.0], [555105.0, 1970565.0], [555135.0, 1970565.0], [555135.0, 1970535.0], [555165.0, 1970535.0], [555165.0, 1970505.0], [555195.0, 1970505.0], [555195.0, 1970445.0], [555225.0, 1970445.0], [555225.0, 1970475.0], [555255.0, 1970475.0], [555255.0, 1970655.0], [555195.0, 1970655.0], [555195.0, 1970685.0], [555165.0, 1970685.0]]]}, "properties": {"zone_id": "scene_01_DT0000205230-Z0102", "scene": "scene_01_DT0000205230", "pixel_count": 32, "approx_area_m2": 28800.0, "centroid_x": 555161.25, "centroid_y": 1970565.9375, "mean_risk": 1.9785070419311523, "max_risk": 2.40698504447937, "median_risk": 2.0003747940063477, "high_priority_pixel_pct": 100.0, "priority_category": "HIGH PRIORITY", "threshold_type": "95th percentile prioritisation threshold", "recommendation": "Spectral-stress evidence detected. Prioritise field inspection to determine the underlying cause. Field verification required.", "priority_rank": 175}}, {"type": "Feature", "geometry": {"type": "Polygon", "coordinates": [[[574755.0, 1970595.0], [574755.0, 1970565.0], [574725.0, 1970565.0], [574725.0, 1970535.0], [574635.0, 1970535.0], [574635.0, 1970505.0], [574605.0, 1970505.0], [574605.0, 1970415.0], [574575.0, 1970415.0], [574575.0, 1970355.0], [574605.0, 1970355.0], [574605.0, 1970265.0], [574575.0, 1970265.0], [574575.0, 1970295.0], [574545.0, 1970295.0], [574545.0, 1970325.0], [574515.0, 1970325.0], [574515.0, 1970295.0], [574485.0, 1970295.0], [574485.0, 1970265.0], [574455.0, 1970265.0], [574455.0, 1970205.0], [574605.0, 1970205.0], [574605.0, 1970235.0], [574635.0, 1970235.0], [574635.0, 1970265.0], [574695.0, 1970265.0], [574695.0, 1970325.0], [574785.0, 1970325.0], [574785.0, 1970295.0], [574815.0, 1970295.0], [574815.0, 1970265.0], [574845.0, 1970265.0], [574845.0, 1970205.0], [574905.0, 1970205.0], [574905.0, 1970175.0], [574995.0, 1970175.0], [574995.0, 1970205.0], [575025.0, 1970205.0], [575025.0, 1970265.0], [574995.0, 1970265.0], [574995.0, 1970355.0], [574965.0, 1970355.0], [574965.0, 1970295.0], [574935.0, 1970295.0], [574935.0, 1970265.0], [574905.0, 1970265.0], [574905.0, 1970355.0], [574935.0, 1970355.0], [574935.0, 1970385.0], [574965.0, 1970385.0], [574965.0, 1970415.0], [574995.0, 1970415.0], [574995.0, 1970445.0], [574875.0, 1970445.0], [574875.0, 1970595.0], [574755.0, 1970595.0]], [[574815.0, 1970475.0], [574845.0, 1970475.0], [574845.0, 1970445.0], [574815.0, 1970445.0], [574815.0, 1970475.0]]]}, "properties": {"zone_id": "scene_01_DT0000205230-Z0103", "scene": "scene_01_DT0000205230", "pixel_count": 134, "approx_area_m2": 120600.0, "centroid_x": 574769.776119403, "centroid_y": 1970382.7611940298, "mean_risk": 2.4410030841827393, "max_risk": 4.119989395141602, "median_risk": 2.3301796913146973, "high_priority_pixel_pct": 100.0, "priority_category": "HIGH PRIORITY", "threshold_type": "95th percentile prioritisation threshold", "recommendation": "Spectral-stress evidence detected. Prioritise field inspection to determine the underlying cause. Field verification required.", "priority_rank": 36}}, {"type": "Feature", "geometry": {"type": "Polygon", "coordinates": [[[575415.0, 1970655.0], [575415.0, 1970595.0], [575385.0, 1970595.0], [575385.0, 1970565.0], [575415.0, 1970565.0], [575415.0, 1970535.0], [575505.0, 1970535.0], [575505.0, 1970565.0], [575625.0, 1970565.0], [575625.0, 1970595.0], [575655.0, 1970595.0], [575655.0, 1970655.0], [575565.0, 1970655.0], [575565.0, 1970625.0], [575445.0, 1970625.0], [575445.0, 1970655.0], [575415.0, 1970655.0]]]}, "properties": {"zone_id": "scene_01_DT0000205230-Z0104", "scene": "scene_01_DT0000205230", "pixel_count": 23, "approx_area_m2": 20700.0, "centroid_x": 575520.0, "centroid_y": 1970596.956521739, "mean_risk": 2.446105718612671, "max_risk": 3.001950979232788, "median_risk": 2.4316723346710205, "high_priority_pixel_pct": 100.0, "priority_category": "HIGH PRIORITY", "threshold_type": "95th percentile prioritisation threshold", "recommendation": "Spectral-stress evidence detected. Prioritise field inspection to determine the underlying cause. Field verification required.", "priority_rank": 35}}, {"type": "Feature", "geometry": {"type": "Polygon", "coordinates": [[[579945.0, 1970475.0], [579945.0, 1970415.0], [580005.0, 1970415.0], [580005.0, 1970445.0], [579975.0, 1970445.0], [579975.0, 1970475.0], [579945.0, 1970475.0]]]}, "properties": {"zone_id": "scene_01_DT0000205230-Z0105", "scene": "scene_01_DT0000205230", "pixel_count": 15, "approx_area_m2": 13500.0, "centroid_x": 579954.0, "centroid_y": 1970552.0, "mean_risk": 2.0449652671813965, "max_risk": 2.4390742778778076, "median_risk": 2.09016489982605, "high_priority_pixel_pct": 100.0, "priority_category": "HIGH PRIORITY", "threshold_type": "95th percentile prioritisation threshold", "recommendation": "Spectral-stress evidence detected. Prioritise field inspection to determine the underlying cause. Field verification required.", "priority_rank": 132}}, {"type": "Feature", "geometry": {"type": "Polygon", "coordinates": [[[576105.0, 1970415.0], [576105.0, 1970385.0], [576045.0, 1970385.0], [576045.0, 1970295.0], [576075.0, 1970295.0], [576075.0, 1970325.0], [576105.0, 1970325.0], [576105.0, 1970295.0], [576135.0, 1970295.0], [576135.0, 1970325.0], [576165.0, 1970325.0], [576165.0, 1970385.0], [576135.0, 1970385.0], [576135.0, 1970415.0], [576105.0, 1970415.0]]]}, "properties": {"zone_id": "scene_01_DT0000205230-Z0106", "scene": "scene_01_DT0000205230", "pixel_count": 34, "approx_area_m2": 30600.0, "centroid_x": 576172.9411764706, "centroid_y": 1970467.9411764706, "mean_risk": 1.8422261476516724, "max_risk": 2.215597152709961, "median_risk": 1.7887107133865356, "high_priority_pixel_pct": 100.0, "priority_category": "HIGH PRIORITY", "threshold_type": "95th percentile prioritisation threshold", "recommendation": "Spectral-stress evidence detected. Prioritise field inspection to determine the underlying cause. Field verification required.", "priority_rank": 287}}, {"type": "Feature", "geometry": {"type": "Polygon", "coordinates": [[[580095.0, 1970595.0], [580095.0, 1970415.0], [580065.0, 1970415.0], [580065.0, 1970385.0], [580155.0, 1970385.0], [580155.0, 1970355.0], [580185.0, 1970355.0], [580185.0, 1970385.0], [580215.0, 1970385.0], [580215.0, 1970415.0], [580185.0, 1970415.0], [580185.0, 1970505.0], [580215.0, 1970505.0], [580215.0, 1970535.0], [580245.0, 1970535.0], [580245.0, 1970565.0], [580215.0, 1970565.0], [580215.0, 1970595.0], [580095.0, 1970595.0]]]}, "properties": {"zone_id": "scene_01_DT0000205230-Z0107", "scene": "scene_01_DT0000205230", "pixel_count": 28, "approx_area_m2": 25200.0, "centroid_x": 580150.7142857143, "centroid_y": 1970487.857142857, "mean_risk": 1.7938003540039062, "max_risk": 2.0882747173309326, "median_risk": 1.7706583738327026, "high_priority_pixel_pct": 100.0, "priority_category": "HIGH PRIORITY", "threshold_type": "95th percentile prioritisation threshold", "recommendation": "Spectral-stress evidence detected. Prioritise field inspection to determine the underlying cause. Field verification required.", "priority_rank": 347}}, {"type": "Feature", "geometry": {"type": "Polygon", "coordinates": [[[578595.0, 1970535.0], [578595.0, 1970385.0], [578685.0, 1970385.0], [578685.0, 1970355.0], [578595.0, 1970355.0], [578595.0, 1970325.0], [578625.0, 1970325.0], [578625.0, 1970295.0], [578685.0, 1970295.0], [578685.0, 1970265.0], [578715.0, 1970265.0], [578715.0, 1970415.0], [578685.0, 1970415.0], [578685.0, 1970505.0], [578655.0, 1970505.0], [578655.0, 1970535.0], [578595.0, 1970535.0]]]}, "properties": {"zone_id": "scene_01_DT0000205230-Z0108", "scene": "scene_01_DT0000205230", "pixel_count": 24, "approx_area_m2": 21600.0, "centroid_x": 578652.5, "centroid_y": 1970405.0, "mean_risk": 2.0083916187286377, "max_risk": 2.3929803371429443, "median_risk": 1.9451282024383545, "high_priority_pixel_pct": 100.0, "priority_category": "HIGH PRIORITY", "threshold_type": "95th percentile prioritisation threshold", "recommendation": "Spectral-stress evidence detected. Prioritise field inspection to determine the underlying cause. Field verification required.", "priority_rank": 151}}, {"type": "Feature", "geometry": {"type": "Polygon", "coordinates": [[[580395.0, 1970445.0], [580395.0, 1970325.0], [580425.0, 1970325.0], [580425.0, 1970295.0], [580395.0, 1970295.0], [580395.0, 1970205.0], [580455.0, 1970205.0], [580455.0, 1970265.0], [580485.0, 1970265.0], [580485.0, 1970205.0], [580515.0, 1970205.0], [580515.0, 1970175.0], [580605.0, 1970175.0], [580605.0, 1970205.0], [580575.0, 1970205.0], [580575.0, 1970235.0], [580545.0, 1970235.0], [580545.0, 1970265.0], [580605.0, 1970265.0], [580605.0, 1970295.0], [580635.0, 1970295.0], [580635.0, 1970355.0], [580605.0, 1970355.0], [580605.0, 1970385.0], [580575.0, 1970385.0], [580575.0, 1970415.0], [580485.0, 1970415.0], [580485.0, 1970445.0], [580395.0, 1970445.0]]]}, "properties": {"zone_id": "scene_01_DT0000205230-Z0109", "scene": "scene_01_DT0000205230", "pixel_count": 50, "approx_area_m2": 45000.0, "centroid_x": 580501.2, "centroid_y": 1970316.0, "mean_risk": 2.010026693344116, "max_risk": 2.7340590953826904, "median_risk": 1.928071141242981, "high_priority_pixel_pct": 100.0, "priority_category": "HIGH PRIORITY", "threshold_type": "95th percentile prioritisation threshold", "recommendation": "Spectral-stress evidence detected. Prioritise field inspection to determine the underlying cause. Field verification required.", "priority_rank": 150}}, {"type": "Feature", "geometry": {"type": "Polygon", "coordinates": [[[579945.0, 1970325.0], [579945.0, 1970295.0], [579975.0, 1970295.0], [579975.0, 1970235.0], [579915.0, 1970235.0], [579915.0, 1970175.0], [579885.0, 1970175.0], [579885.0, 1970055.0], [579825.0, 1970055.0], [579825.0, 1970025.0], [579885.0, 1970025.0], [579885.0, 1969935.0], [579825.0, 1969935.0], [579825.0, 1969905.0], [579855.0, 1969905.0], [579855.0, 1969785.0], [579885.0, 1969785.0], [579885.0, 1969725.0], [579915.0, 1969725.0], [579915.0, 1969695.0], [580005.0, 1969695.0], [580005.0, 1969665.0], [580035.0, 1969665.0], [580035.0, 1969635.0], [580095.0, 1969635.0], [580095.0, 1969665.0], [580125.0, 1969665.0], [580125.0, 1969695.0], [580095.0, 1969695.0], [580095.0, 1969755.0], [580065.0, 1969755.0], [580065.0, 1969965.0], [580095.0, 1969965.0], [580095.0, 1970025.0], [580125.0, 1970025.0], [580125.0, 1970175.0], [580155.0, 1970175.0], [580155.0, 1970205.0], [580185.0, 1970205.0], [580185.0, 1970295.0], [580095.0, 1970295.0], [580095.0, 1970265.0], [580005.0, 1970265.0], [580005.0, 1970325.0], [579945.0, 1970325.0]]]}, "properties": {"zone_id": "scene_01_DT0000205230-Z0110", "scene": "scene_01_DT0000205230", "pixel_count": 153, "approx_area_m2": 137700.0, "centroid_x": 579999.4117647059, "centroid_y": 1969992.156862745, "mean_risk": 2.0068068504333496, "max_risk": 2.727839231491089, "median_risk": 1.9203659296035767, "high_priority_pixel_pct": 100.0, "priority_category": "HIGH PRIORITY", "threshold_type": "95th percentile prioritisation threshold", "recommendation": "Spectral-stress evidence detected. Prioritise field inspection to determine the underlying cause. Field verification required.", "priority_rank": 153}}, {"type": "Feature", "geometry": {"type": "Polygon", "coordinates": [[[579735.0, 1970205.0], [579735.0, 1970055.0], [579705.0, 1970055.0], [579705.0, 1969995.0], [579735.0, 1969995.0], [579735.0, 1970025.0], [579765.0, 1970025.0], [579765.0, 1970085.0], [579795.0, 1970085.0], [579795.0, 1970115.0], [579765.0, 1970115.0], [579765.0, 1970205.0], [579735.0, 1970205.0]]]}, "properties": {"zone_id": "scene_01_DT0000205230-Z0111", "scene": "scene_01_DT0000205230", "pixel_count": 9, "approx_area_m2": 8100.0, "centroid_x": 579746.6666666666, "centroid_y": 1970093.3333333333, "mean_risk": 1.716354489326477, "max_risk": 1.8138738870620728, "median_risk": 1.693575382232666, "high_priority_pixel_pct": 100.0, "priority_category": "HIGH PRIORITY", "threshold_type": "95th percentile prioritisation threshold", "recommendation": "Spectral-stress evidence detected. Prioritise field inspection to determine the underlying cause. Field verification required.", "priority_rank": 424}}, {"type": "Feature", "geometry": {"type": "Polygon", "coordinates": [[[575085.0, 1970175.0], [575085.0, 1970145.0], [575025.0, 1970145.0], [575025.0, 1970055.0], [575145.0, 1970055.0], [575145.0, 1970175.0], [575085.0, 1970175.0]]]}, "properties": {"zone_id": "scene_01_DT0000205230-Z0112", "scene": "scene_01_DT0000205230", "pixel_count": 14, "approx_area_m2": 12600.0, "centroid_x": 575089.2857142857, "centroid_y": 1970108.5714285714, "mean_risk": 1.9379864931106567, "max_risk": 2.277479410171509, "median_risk": 1.887545108795166, "high_priority_pixel_pct": 100.0, "priority_category": "HIGH PRIORITY", "threshold_type": "95th percentile prioritisation threshold", "recommendation": "Spectral-stress evidence detected. Prioritise field inspection to determine the underlying cause. Field verification required.", "priority_rank": 209}}, {"type": "Feature", "geometry": {"type": "Polygon", "coordinates": [[[577035.0, 1970175.0], [577035.0, 1970145.0], [577005.0, 1970145.0], [577005.0, 1970115.0], [576945.0, 1970115.0], [576945.0, 1970085.0], [576915.0, 1970085.0], [576915.0, 1970055.0], [576885.0, 1970055.0], [576885.0, 1969995.0], [576945.0, 1969995.0], [576945.0, 1970025.0], [576975.0, 1970025.0], [576975.0, 1970055.0], [577005.0, 1970055.0], [577005.0, 1970085.0], [577035.0, 1970085.0], [577035.0, 1970115.0], [577065.0, 1970115.0], [577065.0, 1970175.0], [577035.0, 1970175.0]]]}, "properties": {"zone_id": "scene_01_DT0000205230-Z0113", "scene": "scene_01_DT0000205230", "pixel_count": 14, "approx_area_m2": 12600.0, "centroid_x": 576970.7142857143, "centroid_y": 1970076.4285714286, "mean_risk": 1.7863577604293823, "max_risk": 1.9066557884216309, "median_risk": 1.793255090713501, "high_priority_pixel_pct": 100.0, "priority_category": "HIGH PRIORITY", "threshold_type": "95th percentile prioritisation threshold", "recommendation": "Spectral-stress evidence detected. Prioritise field inspection to determine the underlying cause. Field verification required.", "priority_rank": 358}}, {"type": "Feature", "geometry": {"type": "Polygon", "coordinates": [[[553755.0, 1970145.0], [553755.0, 1970115.0], [553725.0, 1970115.0], [553725.0, 1970085.0], [553755.0, 1970085.0], [553755.0, 1970055.0], [553845.0, 1970055.0], [553845.0, 1970145.0], [553755.0, 1970145.0]]]}, "properties": {"zone_id": "scene_01_DT0000205230-Z0114", "scene": "scene_01_DT0000205230", "pixel_count": 10, "approx_area_m2": 9000.0, "centroid_x": 553794.0, "centroid_y": 1970100.0, "mean_risk": 2.518240451812744, "max_risk": 3.423539876937866, "median_risk": 2.5518977642059326, "high_priority_pixel_pct": 100.0, "priority_category": "HIGH PRIORITY", "threshold_type": "95th percentile prioritisation threshold", "recommendation": "Spectral-stress evidence detected. Prioritise field inspection to determine the underlying cause. Field verification required.", "priority_rank": 28}}, {"type": "Feature", "geometry": {"type": "Polygon", "coordinates": [[[556245.0, 1970115.0], [556245.0, 1970085.0], [556185.0, 1970085.0], [556185.0, 1970025.0], [556215.0, 1970025.0], [556215.0, 1969995.0], [556245.0, 1969995.0], [556245.0, 1970025.0], [556305.0, 1970025.0], [556305.0, 1970055.0], [556365.0, 1970055.0], [556365.0, 1970085.0], [556395.0, 1970085.0], [556395.0, 1970115.0], [556245.0, 1970115.0]]]}, "properties": {"zone_id": "scene_01_DT0000205230-Z0115", "scene": "scene_01_DT0000205230", "pixel_count": 16, "approx_area_m2": 14400.0, "centroid_x": 556278.75, "centroid_y": 1970068.125, "mean_risk": 1.8785908222198486, "max_risk": 1.9826250076293945, "median_risk": 1.8932061195373535, "high_priority_pixel_pct": 100.0, "priority_category": "HIGH PRIORITY", "threshold_type": "95th percentile prioritisation threshold", "recommendation": "Spectral-stress evidence detected. Prioritise field inspection to determine the underlying cause. Field verification required.", "priority_rank": 265}}, {"type": "Feature", "geometry": {"type": "Polygon", "coordinates": [[[560745.0, 1970115.0], [560745.0, 1970085.0], [560715.0, 1970085.0], [560715.0, 1970025.0], [560685.0, 1970025.0], [560685.0, 1969995.0], [560625.0, 1969995.0], [560625.0, 1969965.0], [560595.0, 1969965.0], [560595.0, 1969905.0], [560565.0, 1969905.0], [560565.0, 1969875.0], [560535.0, 1969875.0], [560535.0, 1969845.0], [560475.0, 1969845.0], [560475.0, 1969785.0], [560505.0, 1969785.0], [560505.0, 1969755.0], [560535.0, 1969755.0], [560535.0, 1969725.0], [560565.0, 1969725.0], [560565.0, 1969695.0], [560625.0, 1969695.0], [560625.0, 1969725.0], [560655.0, 1969725.0], [560655.0, 1969755.0], [560625.0, 1969755.0], [560625.0, 1969815.0], [560685.0, 1969815.0], [560685.0, 1969845.0], [560715.0, 1969845.0], [560715.0, 1969935.0], [560745.0, 1969935.0], [560745.0, 1969995.0], [560775.0, 1969995.0], [560775.0, 1970115.0], [560745.0, 1970115.0]]]}, "properties": {"zone_id": "scene_01_DT0000205230-Z0116", "scene": "scene_01_DT0000205230", "pixel_count": 54, "approx_area_m2": 48600.0, "centroid_x": 560633.8888888889, "centroid_y": 1969881.111111111, "mean_risk": 1.9623125791549683, "max_risk": 2.315762519836426, "median_risk": 1.9619684219360352, "high_priority_pixel_pct": 100.0, "priority_category": "HIGH PRIORITY", "threshold_type": "95th percentile prioritisation threshold", "recommendation": "Spectral-stress evidence detected. Prioritise field inspection to determine the underlying cause. Field verification required.", "priority_rank": 184}}, {"type": "Feature", "geometry": {"type": "Polygon", "coordinates": [[[553365.0, 1970055.0], [553365.0, 1969935.0], [553395.0, 1969935.0], [553395.0, 1969905.0], [553425.0, 1969905.0], [553425.0, 1969935.0], [553455.0, 1969935.0], [553455.0, 1969965.0], [553515.0, 1969965.0], [553515.0, 1970055.0], [553365.0, 1970055.0]]]}, "properties": {"zone_id": "scene_01_DT0000205230-Z0117", "scene": "scene_01_DT0000205230", "pixel_count": 19, "approx_area_m2": 17100.0, "centroid_x": 553433.6842105263, "centroid_y": 1969995.7894736843, "mean_risk": 2.228241205215454, "max_risk": 3.1482622623443604, "median_risk": 2.1384823322296143, "high_priority_pixel_pct": 100.0, "priority_category": "HIGH PRIORITY", "threshold_type": "95th percentile prioritisation threshold", "recommendation": "Spectral-stress evidence detected. Prioritise field inspection to determine the underlying cause. Field verification required.", "priority_rank": 76}}, {"type": "Feature", "geometry": {"type": "Polygon", "coordinates": [[[580245.0, 1969725.0], [580245.0, 1969695.0], [580215.0, 1969695.0], [580215.0, 1969665.0], [580245.0, 1969665.0], [580245.0, 1969635.0], [580305.0, 1969635.0], [580305.0, 1969695.0], [580275.0, 1969695.0], [580275.0, 1969725.0], [580245.0, 1969725.0]]]}, "properties": {"zone_id": "scene_01_DT0000205230-Z0118", "scene": "scene_01_DT0000205230", "pixel_count": 69, "approx_area_m2": 62100.0, "centroid_x": 580364.3478260869, "centroid_y": 1969856.5217391304, "mean_risk": 1.9559742212295532, "max_risk": 2.473536729812622, "median_risk": 1.8912006616592407, "high_priority_pixel_pct": 100.0, "priority_category": "HIGH PRIORITY", "threshold_type": "95th percentile prioritisation threshold", "recommendation": "Spectral-stress evidence detected. Prioritise field inspection to determine the underlying cause. Field verification required.", "priority_rank": 191}}, {"type": "Feature", "geometry": {"type": "Polygon", "coordinates": [[[569265.0, 1969995.0], [569265.0, 1969965.0], [569235.0, 1969965.0], [569235.0, 1969935.0], [569205.0, 1969935.0], [569205.0, 1969905.0], [569175.0, 1969905.0], [569175.0, 1969845.0], [569115.0, 1969845.0], [569115.0, 1969815.0], [569085.0, 1969815.0], [569085.0, 1969755.0], [569055.0, 1969755.0], [569055.0, 1969665.0], [569085.0, 1969665.0], [569085.0, 1969635.0], [569385.0, 1969635.0], [569385.0, 1969665.0], [569505.0, 1969665.0], [569505.0, 1969635.0], [569595.0, 1969635.0], [569595.0, 1969665.0], [569685.0, 1969665.0], [569685.0, 1969695.0], [569745.0, 1969695.0], [569745.0, 1969755.0], [569775.0, 1969755.0], [569775.0, 1969785.0], [569745.0, 1969785.0], [569745.0, 1969815.0], [569715.0, 1969815.0], [569715.0, 1969935.0], [569655.0, 1969935.0], [569655.0, 1969905.0], [569595.0, 1969905.0], [569595.0, 1969935.0], [569565.0, 1969935.0], [569565.0, 1969965.0], [569445.0, 1969965.0], [569445.0, 1969845.0], [569355.0, 1969845.0], [569355.0, 1969905.0], [569325.0, 1969905.0], [569325.0, 1969995.0], [569265.0, 1969995.0]]]}, "properties": {"zone_id": "scene_01_DT0000205230-Z0119", "scene": "scene_01_DT0000205230", "pixel_count": 197, "approx_area_m2": 177300.0, "centroid_x": 569409.8984771573, "centroid_y": 1969786.5989847716, "mean_risk": 2.911094903945923, "max_risk": 4.449180603027344, "median_risk": 2.884324550628662, "high_priority_pixel_pct": 100.0, "priority_category": "HIGH PRIORITY", "threshold_type": "95th percentile prioritisation threshold", "recommendation": "Spectral-stress evidence detected. Prioritise field inspection to determine the underlying cause. Field verification required.", "priority_rank": 9}}, {"type": "Feature", "geometry": {"type": "Polygon", "coordinates": [[[556305.0, 1969995.0], [556305.0, 1969875.0], [556365.0, 1969875.0], [556365.0, 1969905.0], [556395.0, 1969905.0], [556395.0, 1969995.0], [556305.0, 1969995.0]]]}, "properties": {"zone_id": "scene_01_DT0000205230-Z0120", "scene": "scene_01_DT0000205230", "pixel_count": 11, "approx_area_m2": 9900.0, "centroid_x": 556347.2727272727, "centroid_y": 1969939.0909090908, "mean_risk": 1.9568134546279907, "max_risk": 2.2283172607421875, "median_risk": 1.986528992652893, "high_priority_pixel_pct": 100.0, "priority_category": "HIGH PRIORITY", "threshold_type": "95th percentile prioritisation threshold", "recommendation": "Spectral-stress evidence detected. Prioritise field inspection to determine the underlying cause. Field verification required.", "priority_rank": 190}}, {"type": "Feature", "geometry": {"type": "Polygon", "coordinates": [[[552405.0, 1969935.0], [552405.0, 1969905.0], [552345.0, 1969905.0], [552345.0, 1969875.0], [552405.0, 1969875.0], [552405.0, 1969845.0], [552435.0, 1969845.0], [552435.0, 1969785.0], [552465.0, 1969785.0], [552465.0, 1969755.0], [552495.0, 1969755.0], [552495.0, 1969725.0], [552525.0, 1969725.0], [552525.0, 1969785.0], [552495.0, 1969785.0], [552495.0, 1969815.0], [552465.0, 1969815.0], [552465.0, 1969935.0], [552405.0, 1969935.0]]]}, "properties": {"zone_id": "scene_01_DT0000205230-Z0121", "scene": "scene_01_DT0000205230", "pixel_count": 14, "approx_area_m2": 12600.0, "centroid_x": 552445.7142857143, "centroid_y": 1969845.0, "mean_risk": 1.7759802341461182, "max_risk": 1.9648475646972656, "median_risk": 1.7524667978286743, "high_priority_pixel_pct": 100.0, "priority_category": "HIGH PRIORITY", "threshold_type": "95th percentile prioritisation threshold", "recommendation": "Spectral-stress evidence detected. Prioritise field inspection to determine the underlying cause. Field verification required.", "priority_rank": 372}}, {"type": "Feature", "geometry": {"type": "Polygon", "coordinates": [[[576165.0, 1969935.0], [576165.0, 1969905.0], [576135.0, 1969905.0], [576135.0, 1969875.0], [576105.0, 1969875.0], [576105.0, 1969845.0], [576075.0, 1969845.0], [576075.0, 1969815.0], [576045.0, 1969815.0], [576045.0, 1969785.0], [576015.0, 1969785.0], [576015.0, 1969695.0], [576045.0, 1969695.0], [576045.0, 1969755.0], [576075.0, 1969755.0], [576075.0, 1969785.0], [576225.0, 1969785.0], [576225.0, 1969815.0], [576255.0, 1969815.0], [576255.0, 1969905.0], [576225.0, 1969905.0], [576225.0, 1969935.0], [576165.0, 1969935.0]]]}, "properties": {"zone_id": "scene_01_DT0000205230-Z0122", "scene": "scene_01_DT0000205230", "pixel_count": 27, "approx_area_m2": 24300.0, "centroid_x": 576148.8888888889, "centroid_y": 1969832.2222222222, "mean_risk": 1.8604665994644165, "max_risk": 2.0465896129608154, "median_risk": 1.8655030727386475, "high_priority_pixel_pct": 100.0, "priority_category": "HIGH PRIORITY", "threshold_type": "95th percentile prioritisation threshold", "recommendation": "Spectral-stress evidence detected. Prioritise field inspection to determine the underlying cause. Field verification required.", "priority_rank": 276}}, {"type": "Feature", "geometry": {"type": "Polygon", "coordinates": [[[570525.0, 1969905.0], [570525.0, 1969815.0], [570405.0, 1969815.0], [570405.0, 1969785.0], [570195.0, 1969785.0], [570195.0, 1969815.0], [570165.0, 1969815.0], [570165.0, 1969785.0], [570135.0, 1969785.0], [570135.0, 1969815.0], [570105.0, 1969815.0], [570105.0, 1969845.0], [569865.0, 1969845.0], [569865.0, 1969815.0], [569835.0, 1969815.0], [569835.0, 1969785.0], [569805.0, 1969785.0], [569805.0, 1969755.0], [569835.0, 1969755.0], [569835.0, 1969725.0], [569865.0, 1969725.0], [569865.0, 1969695.0], [569925.0, 1969695.0], [569925.0, 1969665.0], [569955.0, 1969665.0], [569955.0, 1969635.0], [570015.0, 1969635.0], [570015.0, 1969605.0], [570045.0, 1969605.0], [570045.0, 1969515.0], [570105.0, 1969515.0], [570105.0, 1969485.0], [570165.0, 1969485.0], [570165.0, 1969455.0], [570225.0, 1969455.0], [570225.0, 1969515.0], [570195.0, 1969515.0], [570195.0, 1969545.0], [570225.0, 1969545.0], [570225.0, 1969575.0], [570315.0, 1969575.0], [570315.0, 1969605.0], [570345.0, 1969605.0], [570345.0, 1969665.0], [570375.0, 1969665.0], [570375.0, 1969695.0], [570405.0, 1969695.0], [570405.0, 1969665.0], [570465.0, 1969665.0], [570465.0, 1969635.0], [570525.0, 1969635.0], [570525.0, 1969605.0], [570555.0, 1969605.0], [570555.0, 1969635.0], [570645.0, 1969635.0], [570645.0, 1969665.0], [570675.0, 1969665.0], [570675.0, 1969725.0], [570645.0, 1969725.0], [570645.0, 1969755.0], [570615.0, 1969755.0], [570615.0, 1969815.0], [570585.0, 1969815.0], [570585.0, 1969845.0], [570615.0, 1969845.0], [570615.0, 1969875.0], [570585.0, 1969875.0], [570585.0, 1969905.0], [570525.0, 1969905.0]]]}, "properties": {"zone_id": "scene_01_DT0000205230-Z0123", "scene": "scene_01_DT0000205230", "pixel_count": 196, "approx_area_m2": 176400.0, "centroid_x": 570234.4897959183, "centroid_y": 1969705.2551020407, "mean_risk": 2.730515480041504, "max_risk": 4.29805850982666, "median_risk": 2.6582000255584717, "high_priority_pixel_pct": 100.0, "priority_category": "HIGH PRIORITY", "threshold_type": "95th percentile prioritisation threshold", "recommendation": "Spectral-stress evidence detected. Prioritise field inspection to determine the underlying cause. Field verification required.", "priority_rank": 15}}, {"type": "Feature", "geometry": {"type": "Polygon", "coordinates": [[[568485.0, 1969815.0], [568485.0, 1969785.0], [568455.0, 1969785.0], [568455.0, 1969755.0], [568395.0, 1969755.0], [568395.0, 1969725.0], [568365.0, 1969725.0], [568365.0, 1969515.0], [568425.0, 1969515.0], [568425.0, 1969485.0], [568545.0, 1969485.0], [568545.0, 1969515.0], [568605.0, 1969515.0], [568605.0, 1969545.0], [568635.0, 1969545.0], [568635.0, 1969575.0], [568665.0, 1969575.0], [568665.0, 1969605.0], [568695.0, 1969605.0], [568695.0, 1969635.0], [568785.0, 1969635.0], [568785.0, 1969665.0], [568815.0, 1969665.0], [568815.0, 1969725.0], [568845.0, 1969725.0], [568845.0, 1969785.0], [568755.0, 1969785.0], [568755.0, 1969815.0], [568665.0, 1969815.0], [568665.0, 1969785.0], [568545.0, 1969785.0], [568545.0, 1969815.0], [568485.0, 1969815.0]]]}, "properties": {"zone_id": "scene_01_DT0000205230-Z0124", "scene": "scene_01_DT0000205230", "pixel_count": 119, "approx_area_m2": 107100.0, "centroid_x": 568571.0924369748, "centroid_y": 1969664.3697478992, "mean_risk": 2.844916820526123, "max_risk": 4.036917209625244, "median_risk": 2.8760993480682373, "high_priority_pixel_pct": 100.0, "priority_category": "HIGH PRIORITY", "threshold_type": "95th percentile prioritisation threshold", "recommendation": "Spectral-stress evidence detected. Prioritise field inspection to determine the underlying cause. Field verification required.", "priority_rank": 12}}, {"type": "Feature", "geometry": {"type": "Polygon", "coordinates": [[[557655.0, 1969785.0], [557655.0, 1969725.0], [557685.0, 1969725.0], [557685.0, 1969695.0], [557715.0, 1969695.0], [557715.0, 1969665.0], [557775.0, 1969665.0], [557775.0, 1969695.0], [557805.0, 1969695.0], [557805.0, 1969725.0], [557745.0, 1969725.0], [557745.0, 1969755.0], [557685.0, 1969755.0], [557685.0, 1969785.0], [557655.0, 1969785.0]]]}, "properties": {"zone_id": "scene_01_DT0000205230-Z0125", "scene": "scene_01_DT0000205230", "pixel_count": 10, "approx_area_m2": 9000.0, "centroid_x": 557724.0, "centroid_y": 1969719.0, "mean_risk": 1.747236967086792, "max_risk": 1.9012244939804077, "median_risk": 1.7304630279541016, "high_priority_pixel_pct": 100.0, "priority_category": "HIGH PRIORITY", "threshold_type": "95th percentile prioritisation threshold", "recommendation": "Spectral-stress evidence detected. Prioritise field inspection to determine the underlying cause. Field verification required.", "priority_rank": 397}}, {"type": "Feature", "geometry": {"type": "Polygon", "coordinates": [[[576405.0, 1969755.0], [576405.0, 1969725.0], [576315.0, 1969725.0], [576315.0, 1969695.0], [576255.0, 1969695.0], [576255.0, 1969665.0], [576225.0, 1969665.0], [576225.0, 1969575.0], [576255.0, 1969575.0], [576255.0, 1969605.0], [576285.0, 1969605.0], [576285.0, 1969635.0], [576345.0, 1969635.0], [576345.0, 1969665.0], [576435.0, 1969665.0], [576435.0, 1969755.0], [576405.0, 1969755.0]]]}, "properties": {"zone_id": "scene_01_DT0000205230-Z0126", "scene": "scene_01_DT0000205230", "pixel_count": 18, "approx_area_m2": 16200.0, "centroid_x": 576326.6666666666, "centroid_y": 1969671.6666666667, "mean_risk": 1.7930365800857544, "max_risk": 1.889580249786377, "median_risk": 1.786945104598999, "high_priority_pixel_pct": 100.0, "priority_category": "HIGH PRIORITY", "threshold_type": "95th percentile prioritisation threshold", "recommendation": "Spectral-stress evidence detected. Prioritise field inspection to determine the underlying cause. Field verification required.", "priority_rank": 350}}, {"type": "Feature", "geometry": {"type": "Polygon", "coordinates": [[[576915.0, 1969755.0], [576915.0, 1969665.0], [576825.0, 1969665.0], [576825.0, 1969605.0], [576795.0, 1969605.0], [576795.0, 1969545.0], [576765.0, 1969545.0], [576765.0, 1969515.0], [576735.0, 1969515.0], [576735.0, 1969455.0], [576645.0, 1969455.0], [576645.0, 1969425.0], [576675.0, 1969425.0], [576675.0, 1969305.0], [576705.0, 1969305.0], [576705.0, 1969335.0], [576735.0, 1969335.0], [576735.0, 1969395.0], [576765.0, 1969395.0], [576765.0, 1969425.0], [576795.0, 1969425.0], [576795.0, 1969395.0], [576855.0, 1969395.0], [576855.0, 1969365.0], [576885.0, 1969365.0], [576885.0, 1969335.0], [576915.0, 1969335.0], [576915.0, 1969305.0], [577035.0, 1969305.0], [577035.0, 1969425.0], [577005.0, 1969425.0], [577005.0, 1969485.0], [576975.0, 1969485.0], [576975.0, 1969515.0], [577005.0, 1969515.0], [577005.0, 1969545.0], [576975.0, 1969545.0], [576975.0, 1969575.0], [576945.0, 1969575.0], [576945.0, 1969545.0], [576915.0, 1969545.0], [576915.0, 1969635.0], [576945.0, 1969635.0], [576945.0, 1969755.0], [576915.0, 1969755.0]]]}, "properties": {"zone_id": "scene_01_DT0000205230-Z0127", "scene": "scene_01_DT0000205230", "pixel_count": 88, "approx_area_m2": 79200.0, "centroid_x": 576872.0454545454, "centroid_y": 1969473.75, "mean_risk": 2.027244806289673, "max_risk": 2.5056731700897217, "median_risk": 2.0278820991516113, "high_priority_pixel_pct": 100.0, "priority_category": "HIGH PRIORITY", "threshold_type": "95th percentile prioritisation threshold", "recommendation": "Spectral-stress evidence detected. Prioritise field inspection to determine the underlying cause. Field verification required.", "priority_rank": 139}}, {"type": "Feature", "geometry": {"type": "Polygon", "coordinates": [[[556515.0, 1969605.0], [556515.0, 1969575.0], [556455.0, 1969575.0], [556455.0, 1969515.0], [556485.0, 1969515.0], [556485.0, 1969485.0], [556515.0, 1969485.0], [556515.0, 1969455.0], [556485.0, 1969455.0], [556485.0, 1969365.0], [556545.0, 1969365.0], [556545.0, 1969455.0], [556605.0, 1969455.0], [556605.0, 1969605.0], [556515.0, 1969605.0]], [[556515.0, 1969575.0], [556575.0, 1969575.0], [556575.0, 1969515.0], [556545.0, 1969515.0], [556545.0, 1969545.0], [556515.0, 1969545.0], [556515.0, 1969575.0]]]}, "properties": {"zone_id": "scene_01_DT0000205230-Z0128", "scene": "scene_01_DT0000205230", "pixel_count": 23, "approx_area_m2": 20700.0, "centroid_x": 556533.9130434783, "centroid_y": 1969497.391304348, "mean_risk": 1.8432989120483398, "max_risk": 2.0531163215637207, "median_risk": 1.8740054368972778, "high_priority_pixel_pct": 100.0, "priority_category": "HIGH PRIORITY", "threshold_type": "95th percentile prioritisation threshold", "recommendation": "Spectral-stress evidence detected. Prioritise field inspection to determine the underlying cause. Field verification required.", "priority_rank": 286}}, {"type": "Feature", "geometry": {"type": "Polygon", "coordinates": [[[568065.0, 1969575.0], [568065.0, 1969515.0], [567975.0, 1969515.0], [567975.0, 1969545.0], [567945.0, 1969545.0], [567945.0, 1969515.0], [567915.0, 1969515.0], [567915.0, 1969455.0], [567795.0, 1969455.0], [567795.0, 1969425.0], [567765.0, 1969425.0], [567765.0, 1969365.0], [567735.0, 1969365.0], [567735.0, 1969335.0], [567765.0, 1969335.0], [567765.0, 1969275.0], [567705.0, 1969275.0], [567705.0, 1969155.0], [567675.0, 1969155.0], [567675.0, 1969065.0], [567735.0, 1969065.0], [567735.0, 1969035.0], [567765.0, 1969035.0], [567765.0, 1969005.0], [567795.0, 1969005.0], [567795.0, 1968975.0], [567885.0, 1968975.0], [567885.0, 1968945.0], [567975.0, 1968945.0], [567975.0, 1968915.0], [568035.0, 1968915.0], [568035.0, 1968885.0], [568125.0, 1968885.0], [568125.0, 1968855.0], [568155.0, 1968855.0], [568155.0, 1968915.0], [568125.0, 1968915.0], [568125.0, 1968945.0], [568095.0, 1968945.0], [568095.0, 1968975.0], [568125.0, 1968975.0], [568125.0, 1969035.0], [568155.0, 1969035.0], [568155.0, 1969065.0], [568185.0, 1969065.0], [568185.0, 1969035.0], [568215.0, 1969035.0], [568215.0, 1969065.0], [568335.0, 1969065.0], [568335.0, 1969095.0], [568365.0, 1969095.0], [568365.0, 1969125.0], [568335.0, 1969125.0], [568335.0, 1969155.0], [568365.0, 1969155.0], [568365.0, 1969215.0], [568395.0, 1969215.0], [568395.0, 1969275.0], [568365.0, 1969275.0], [568365.0, 1969485.0], [568275.0, 1969485.0], [568275.0, 1969515.0], [568155.0, 1969515.0], [568155.0, 1969545.0], [568125.0, 1969545.0], [568125.0, 1969575.0], [568065.0, 1969575.0]]]}, "properties": {"zone_id": "scene_01_DT0000205230-Z0129", "scene": "scene_01_DT0000205230", "pixel_count": 365, "approx_area_m2": 328500.0, "centroid_x": 568041.205479452, "centroid_y": 1969236.98630137, "mean_risk": 3.391275405883789, "max_risk": 4.917055606842041, "median_risk": 3.6088309288024902, "high_priority_pixel_pct": 100.0, "priority_category": "HIGH PRIORITY", "threshold_type": "95th percentile prioritisation threshold", "recommendation": "Spectral-stress evidence detected. Prioritise field inspection to determine the underlying cause. Field verification required.", "priority_rank": 1}}, {"type": "Feature", "geometry": {"type": "Polygon", "coordinates": [[[574815.0, 1969425.0], [574815.0, 1969365.0], [574845.0, 1969365.0], [574845.0, 1969425.0], [574815.0, 1969425.0]]]}, "properties": {"zone_id": "scene_01_DT0000205230-Z0130", "scene": "scene_01_DT0000205230", "pixel_count": 18, "approx_area_m2": 16200.0, "centroid_x": 574775.0, "centroid_y": 1969475.0, "mean_risk": 2.0618109703063965, "max_risk": 2.588233470916748, "median_risk": 2.0369277000427246, "high_priority_pixel_pct": 100.0, "priority_category": "HIGH PRIORITY", "threshold_type": "95th percentile prioritisation threshold", "recommendation": "Spectral-stress evidence detected. Prioritise field inspection to determine the underlying cause. Field verification required.", "priority_rank": 124}}, {"type": "Feature", "geometry": {"type": "Polygon", "coordinates": [[[576195.0, 1969395.0], [576195.0, 1969365.0], [576165.0, 1969365.0], [576165.0, 1969335.0], [576225.0, 1969335.0], [576225.0, 1969395.0], [576195.0, 1969395.0]]]}, "properties": {"zone_id": "scene_01_DT0000205230-Z0131", "scene": "scene_01_DT0000205230", "pixel_count": 25, "approx_area_m2": 22500.0, "centroid_x": 576260.4, "centroid_y": 1969460.4, "mean_risk": 1.8348915576934814, "max_risk": 2.0526161193847656, "median_risk": 1.8170011043548584, "high_priority_pixel_pct": 100.0, "priority_category": "HIGH PRIORITY", "threshold_type": "95th percentile prioritisation threshold", "recommendation": "Spectral-stress evidence detected. Prioritise field inspection to determine the underlying cause. Field verification required.", "priority_rank": 303}}, {"type": "Feature", "geometry": {"type": "Polygon", "coordinates": [[[579945.0, 1969545.0], [579945.0, 1969515.0], [579855.0, 1969515.0], [579855.0, 1969425.0], [579795.0, 1969425.0], [579795.0, 1969395.0], [579765.0, 1969395.0], [579765.0, 1969365.0], [579795.0, 1969365.0], [579795.0, 1969335.0], [579765.0, 1969335.0], [579765.0, 1969305.0], [579735.0, 1969305.0], [579735.0, 1969215.0], [579705.0, 1969215.0], [579705.0, 1969185.0], [579675.0, 1969185.0], [579675.0, 1969125.0], [579585.0, 1969125.0], [579585.0, 1969035.0], [579555.0, 1969035.0], [579555.0, 1968975.0], [579525.0, 1968975.0], [579525.0, 1968945.0], [579495.0, 1968945.0], [579495.0, 1968855.0], [579525.0, 1968855.0], [579525.0, 1968825.0], [579495.0, 1968825.0], [579495.0, 1968795.0], [579585.0, 1968795.0], [579585.0, 1968765.0], [579615.0, 1968765.0], [579615.0, 1968735.0], [579735.0, 1968735.0], [579735.0, 1968765.0], [579765.0, 1968765.0], [579765.0, 1968795.0], [579855.0, 1968795.0], [579855.0, 1968765.0], [579825.0, 1968765.0], [579825.0, 1968645.0], [579795.0, 1968645.0], [579795.0, 1968555.0], [579825.0, 1968555.0], [579825.0, 1968525.0], [579795.0, 1968525.0], [579795.0, 1968465.0], [579735.0, 1968465.0], [579735.0, 1968675.0], [579705.0, 1968675.0], [579705.0, 1968705.0], [579645.0, 1968705.0], [579645.0, 1968675.0], [579615.0, 1968675.0], [579615.0, 1968645.0], [579555.0, 1968645.0], [579555.0, 1968675.0], [579525.0, 1968675.0], [579525.0, 1968765.0], [579465.0, 1968765.0], [579465.0, 1968735.0], [579435.0, 1968735.0], [579435.0, 1968675.0], [579405.0, 1968675.0], [579405.0, 1968525.0], [579375.0, 1968525.0], [579375.0, 1968495.0], [579345.0, 1968495.0], [579345.0, 1968435.0], [579315.0, 1968435.0], [579315.0, 1968285.0], [579285.0, 1968285.0], [579285.0, 1968225.0], [579255.0, 1968225.0], [579255.0, 1968165.0], [579225.0, 1968165.0], [579225.0, 1968075.0], [579195.0, 1968075.0], [579195.0, 1967895.0], [579165.0, 1967895.0], [579165.0, 1967655.0], [579195.0, 1967655.0], [579195.0, 1967625.0], [579255.0, 1967625.0], [579255.0, 1967475.0], [579285.0, 1967475.0], [579285.0, 1967445.0], [579315.0, 1967445.0], [579315.0, 1967385.0], [579285.0, 1967385.0], [579285.0, 1967355.0], [579315.0, 1967355.0], [579315.0, 1967325.0], [579345.0, 1967325.0], [579345.0, 1967355.0], [579375.0, 1967355.0], [579375.0, 1967295.0], [579435.0, 1967295.0], [579435.0, 1967355.0], [579495.0, 1967355.0], [579495.0, 1967385.0], [579555.0, 1967385.0], [579555.0, 1967445.0], [579585.0, 1967445.0], [579585.0, 1967475.0], [579615.0, 1967475.0], [579615.0, 1967505.0], [579645.0, 1967505.0], [579645.0, 1967535.0], [579615.0, 1967535.0], [579615.0, 1967625.0], [579585.0, 1967625.0], [579585.0, 1967655.0], [579615.0, 1967655.0], [579615.0, 1967685.0], [579765.0, 1967685.0], [579765.0, 1967595.0], [579795.0, 1967595.0], [579795.0, 1967625.0], [579825.0, 1967625.0], [579825.0, 1967775.0], [579855.0, 1967775.0], [579855.0, 1967865.0], [579885.0, 1967865.0], [579885.0, 1967805.0], [579915.0, 1967805.0], [579915.0, 1967775.0], [579885.0, 1967775.0], [579885.0, 1967715.0], [579945.0, 1967715.0], [579945.0, 1967685.0], [579975.0, 1967685.0], [579975.0, 1967715.0], [580005.0, 1967715.0], [580005.0, 1967745.0], [580035.0, 1967745.0], [580035.0, 1967715.0], [580095.0, 1967715.0], [580095.0, 1967655.0], [580125.0, 1967655.0], [580125.0, 1967625.0], [580185.0, 1967625.0], [580185.0, 1967685.0], [580155.0, 1967685.0], [580155.0, 1967715.0], [580125.0, 1967715.0], [580125.0, 1967805.0], [580005.0, 1967805.0], [580005.0, 1967865.0], [579975.0, 1967865.0], [579975.0, 1967895.0], [580035.0, 1967895.0], [580035.0, 1967955.0], [580005.0, 1967955.0], [580005.0, 1967985.0], [580095.0, 1967985.0], [580095.0, 1967955.0], [580125.0, 1967955.0], [580125.0, 1967925.0], [580305.0, 1967925.0], [580305.0, 1967985.0], [580275.0, 1967985.0], [580275.0, 1968015.0], [580215.0, 1968015.0], [580215.0, 1968045.0], [580065.0, 1968045.0], [580065.0, 1968075.0], [580035.0, 1968075.0], [580035.0, 1968105.0], [580005.0, 1968105.0], [580005.0, 1968135.0], [580095.0, 1968135.0], [580095.0, 1968195.0], [580035.0, 1968195.0], [580035.0, 1968255.0], [579975.0, 1968255.0], [579975.0, 1968195.0], [579915.0, 1968195.0], [579915.0, 1968375.0], [579945.0, 1968375.0], [579945.0, 1968465.0], [579975.0, 1968465.0], [579975.0, 1968645.0], [580005.0, 1968645.0], [580005.0, 1968675.0], [580065.0, 1968675.0], [580065.0, 1968705.0], [580035.0, 1968705.0], [580035.0, 1968765.0], [580005.0, 1968765.0], [580005.0, 1968795.0], [579975.0, 1968795.0], [579975.0, 1968825.0], [580005.0, 1968825.0], [580005.0, 1968855.0], [579975.0, 1968855.0], [579975.0, 1968945.0], [579945.0, 1968945.0], [579945.0, 1968915.0], [579885.0, 1968915.0], [579885.0, 1968945.0], [579855.0, 1968945.0], [579855.0, 1969095.0], [579825.0, 1969095.0], [579825.0, 1969155.0], [579855.0, 1969155.0], [579855.0, 1969185.0], [579885.0, 1969185.0], [579885.0, 1969245.0], [579915.0, 1969245.0], [579915.0, 1969365.0], [579945.0, 1969365.0], [579945.0, 1969425.0], [579975.0, 1969425.0], [579975.0, 1969485.0], [580005.0, 1969485.0], [580005.0, 1969545.0], [579945.0, 1969545.0]], [[579855.0, 1969395.0], [579885.0, 1969395.0], [579885.0, 1969335.0], [579855.0, 1969335.0], [579855.0, 1969395.0]], [[579735.0, 1969035.0], [579765.0, 1969035.0], [579765.0, 1969005.0], [579795.0, 1969005.0], [579795.0, 1968975.0], [579705.0, 1968975.0], [579705.0, 1969005.0], [579735.0, 1969005.0], [579735.0, 1969035.0]], [[579555.0, 1968915.0], [579615.0, 1968915.0], [579615.0, 1968855.0], [579585.0, 1968855.0], [579585.0, 1968885.0], [579555.0, 1968885.0], [579555.0, 1968915.0]], [[579675.0, 1968525.0], [579705.0, 1968525.0], [579705.0, 1968435.0], [579675.0, 1968435.0], [579675.0, 1968525.0]], [[579765.0, 1968435.0], [579795.0, 1968435.0], [579795.0, 1968375.0], [579825.0, 1968375.0], [579825.0, 1968285.0], [579795.0, 1968285.0], [579795.0, 1968225.0], [579675.0, 1968225.0], [579675.0, 1968255.0], [579615.0, 1968255.0], [579615.0, 1968285.0], [579645.0, 1968285.0], [579645.0, 1968345.0], [579705.0, 1968345.0], [579705.0, 1968315.0], [579735.0, 1968315.0], [579735.0, 1968375.0], [579765.0, 1968375.0], [579765.0, 1968435.0]], [[579675.0, 1968195.0], [579735.0, 1968195.0], [579735.0, 1968165.0], [579765.0, 1968165.0], [579765.0, 1968135.0], [579825.0, 1968135.0], [579825.0, 1968075.0], [579795.0, 1968075.0], [579795.0, 1968015.0], [579765.0, 1968015.0], [579765.0, 1967985.0], [579735.0, 1967985.0], [579735.0, 1967925.0], [579765.0, 1967925.0], [579765.0, 1967835.0], [579735.0, 1967835.0], [579735.0, 1967895.0], [579705.0, 1967895.0], [579705.0, 1967865.0], [579675.0, 1967865.0], [579675.0, 1967835.0], [579645.0, 1967835.0], [579645.0, 1968015.0], [579675.0, 1968015.0], [579675.0, 1968075.0], [579645.0, 1968075.0], [579645.0, 1968105.0], [579615.0, 1968105.0], [579615.0, 1968135.0], [579645.0, 1968135.0], [579645.0, 1968165.0], [579675.0, 1968165.0], [579675.0, 1968195.0]], [[579915.0, 1968135.0], [579975.0, 1968135.0], [579975.0, 1968075.0], [579945.0, 1968075.0], [579945.0, 1968015.0], [579915.0, 1968015.0], [579915.0, 1967865.0], [579885.0, 1967865.0], [579885.0, 1968105.0], [579915.0, 1968105.0], [579915.0, 1968135.0]], [[579585.0, 1968105.0], [579615.0, 1968105.0], [579615.0, 1968075.0], [579585.0, 1968075.0], [579585.0, 1968105.0]]]}, "properties": {"zone_id": "scene_01_DT0000205230-Z0132", "scene": "scene_01_DT0000205230", "pixel_count": 1098, "approx_area_m2": 988200.0, "centroid_x": 579640.5737704918, "centroid_y": 1968244.7267759563, "mean_risk": 2.3475289344787598, "max_risk": 3.647184133529663, "median_risk": 2.2379231452941895, "high_priority_pixel_pct": 100.0, "priority_category": "HIGH PRIORITY", "threshold_type": "95th percentile prioritisation threshold", "recommendation": "Spectral-stress evidence detected. Prioritise field inspection to determine the underlying cause. Field verification required.", "priority_rank": 52}}, {"type": "Feature", "geometry": {"type": "Polygon", "coordinates": [[[569475.0, 1969515.0], [569475.0, 1969485.0], [569565.0, 1969485.0], [569565.0, 1969455.0], [569625.0, 1969455.0], [569625.0, 1969425.0], [569835.0, 1969425.0], [569835.0, 1969455.0], [569775.0, 1969455.0], [569775.0, 1969485.0], [569685.0, 1969485.0], [569685.0, 1969515.0], [569475.0, 1969515.0]]]}, "properties": {"zone_id": "scene_01_DT0000205230-Z0133", "scene": "scene_01_DT0000205230", "pixel_count": 21, "approx_area_m2": 18900.0, "centroid_x": 569660.0, "centroid_y": 1969470.0, "mean_risk": 1.7429691553115845, "max_risk": 1.8695881366729736, "median_risk": 1.7060840129852295, "high_priority_pixel_pct": 100.0, "priority_category": "HIGH PRIORITY", "threshold_type": "95th percentile prioritisation threshold", "recommendation": "Spectral-stress evidence detected. Prioritise field inspection to determine the underlying cause. Field verification required.", "priority_rank": 404}}, {"type": "Feature", "geometry": {"type": "Polygon", "coordinates": [[[570435.0, 1969485.0], [570435.0, 1969395.0], [570465.0, 1969395.0], [570465.0, 1969365.0], [570555.0, 1969365.0], [570555.0, 1969425.0], [570495.0, 1969425.0], [570495.0, 1969455.0], [570465.0, 1969455.0], [570465.0, 1969485.0], [570435.0, 1969485.0]]]}, "properties": {"zone_id": "scene_01_DT0000205230-Z0134", "scene": "scene_01_DT0000205230", "pixel_count": 10, "approx_area_m2": 9000.0, "centroid_x": 570489.0, "centroid_y": 1969413.0, "mean_risk": 2.4501307010650635, "max_risk": 3.0766310691833496, "median_risk": 2.410931348800659, "high_priority_pixel_pct": 100.0, "priority_category": "HIGH PRIORITY", "threshold_type": "95th percentile prioritisation threshold", "recommendation": "Spectral-stress evidence detected. Prioritise field inspection to determine the underlying cause. Field verification required.", "priority_rank": 34}}, {"type": "Feature", "geometry": {"type": "Polygon", "coordinates": [[[562095.0, 1969455.0], [562095.0, 1969395.0], [562125.0, 1969395.0], [562125.0, 1969365.0], [562155.0, 1969365.0], [562155.0, 1969335.0], [562185.0, 1969335.0], [562185.0, 1969305.0], [562215.0, 1969305.0], [562215.0, 1969425.0], [562155.0, 1969425.0], [562155.0, 1969455.0], [562095.0, 1969455.0]]]}, "properties": {"zone_id": "scene_01_DT0000205230-Z0135", "scene": "scene_01_DT0000205230", "pixel_count": 12, "approx_area_m2": 10800.0, "centroid_x": 562162.5, "centroid_y": 1969390.0, "mean_risk": 1.943996548652649, "max_risk": 2.197932481765747, "median_risk": 1.9525811672210693, "high_priority_pixel_pct": 100.0, "priority_category": "HIGH PRIORITY", "threshold_type": "95th percentile prioritisation threshold", "recommendation": "Spectral-stress evidence detected. Prioritise field inspection to determine the underlying cause. Field verification required.", "priority_rank": 204}}, {"type": "Feature", "geometry": {"type": "Polygon", "coordinates": [[[557025.0, 1969395.0], [557025.0, 1969335.0], [556995.0, 1969335.0], [556995.0, 1969305.0], [556965.0, 1969305.0], [556965.0, 1969275.0], [556845.0, 1969275.0], [556845.0, 1969305.0], [556815.0, 1969305.0], [556815.0, 1969335.0], [556755.0, 1969335.0], [556755.0, 1969305.0], [556725.0, 1969305.0], [556725.0, 1969275.0], [556755.0, 1969275.0], [556755.0, 1969215.0], [556785.0, 1969215.0], [556785.0, 1969185.0], [556695.0, 1969185.0], [556695.0, 1969125.0], [556605.0, 1969125.0], [556605.0, 1969095.0], [556575.0, 1969095.0], [556575.0, 1969065.0], [556515.0, 1969065.0], [556515.0, 1969005.0], [556605.0, 1969005.0], [556605.0, 1968945.0], [556665.0, 1968945.0], [556665.0, 1968915.0], [556695.0, 1968915.0], [556695.0, 1968885.0], [556725.0, 1968885.0], [556725.0, 1968855.0], [556755.0, 1968855.0], [556755.0, 1968825.0], [556875.0, 1968825.0], [556875.0, 1968885.0], [556905.0, 1968885.0], [556905.0, 1968915.0], [556935.0, 1968915.0], [556935.0, 1968945.0], [556965.0, 1968945.0], [556965.0, 1969035.0], [557025.0, 1969035.0], [557025.0, 1969065.0], [557085.0, 1969065.0], [557085.0, 1969095.0], [557145.0, 1969095.0], [557145.0, 1969065.0], [557175.0, 1969065.0], [557175.0, 1969095.0], [557205.0, 1969095.0], [557205.0, 1969215.0], [557235.0, 1969215.0], [557235.0, 1969245.0], [557205.0, 1969245.0], [557205.0, 1969275.0], [557175.0, 1969275.0], [557175.0, 1969245.0], [557145.0, 1969245.0], [557145.0, 1969305.0], [557175.0, 1969305.0], [557175.0, 1969335.0], [557145.0, 1969335.0], [557145.0, 1969365.0], [557055.0, 1969365.0], [557055.0, 1969395.0], [557025.0, 1969395.0]], [[556995.0, 1969245.0], [557025.0, 1969245.0], [557025.0, 1969185.0], [556965.0, 1969185.0], [556965.0, 1969215.0], [556995.0, 1969215.0], [556995.0, 1969245.0]], [[557115.0, 1969185.0], [557145.0, 1969185.0], [557145.0, 1969125.0], [557085.0, 1969125.0], [557085.0, 1969155.0], [557115.0, 1969155.0], [557115.0, 1969185.0]], [[556845.0, 1969035.0], [556875.0, 1969035.0], [556875.0, 1969005.0], [556905.0, 1969005.0], [556905.0, 1968975.0], [556845.0, 1968975.0], [556845.0, 1969035.0]]]}, "properties": {"zone_id": "scene_01_DT0000205230-Z0136", "scene": "scene_01_DT0000205230", "pixel_count": 212, "approx_area_m2": 190800.0, "centroid_x": 556881.0849056604, "centroid_y": 1969110.0, "mean_risk": 2.356353282928467, "max_risk": 3.640094757080078, "median_risk": 2.285393714904785, "high_priority_pixel_pct": 100.0, "priority_category": "HIGH PRIORITY", "threshold_type": "95th percentile prioritisation threshold", "recommendation": "Spectral-stress evidence detected. Prioritise field inspection to determine the underlying cause. Field verification required.", "priority_rank": 50}}, {"type": "Feature", "geometry": {"type": "Polygon", "coordinates": [[[557325.0, 1969395.0], [557325.0, 1969305.0], [557295.0, 1969305.0], [557295.0, 1969215.0], [557325.0, 1969215.0], [557325.0, 1969155.0], [557355.0, 1969155.0], [557355.0, 1969185.0], [557445.0, 1969185.0], [557445.0, 1969215.0], [557475.0, 1969215.0], [557475.0, 1969245.0], [557505.0, 1969245.0], [557505.0, 1969275.0], [557565.0, 1969275.0], [557565.0, 1969305.0], [557595.0, 1969305.0], [557595.0, 1969335.0], [557535.0, 1969335.0], [557535.0, 1969365.0], [557505.0, 1969365.0], [557505.0, 1969395.0], [557445.0, 1969395.0], [557445.0, 1969365.0], [557415.0, 1969365.0], [557415.0, 1969335.0], [557385.0, 1969335.0], [557385.0, 1969365.0], [557355.0, 1969365.0], [557355.0, 1969395.0], [557325.0, 1969395.0]]]}, "properties": {"zone_id": "scene_01_DT0000205230-Z0137", "scene": "scene_01_DT0000205230", "pixel_count": 45, "approx_area_m2": 40500.0, "centroid_x": 557420.0, "centroid_y": 1969286.6666666667, "mean_risk": 1.9971699714660645, "max_risk": 2.5113813877105713, "median_risk": 2.0024473667144775, "high_priority_pixel_pct": 100.0, "priority_category": "HIGH PRIORITY", "threshold_type": "95th percentile prioritisation threshold", "recommendation": "Spectral-stress evidence detected. Prioritise field inspection to determine the underlying cause. Field verification required.", "priority_rank": 164}}, {"type": "Feature", "geometry": {"type": "Polygon", "coordinates": [[[561825.0, 1969395.0], [561825.0, 1969305.0], [561795.0, 1969305.0], [561795.0, 1969245.0], [561915.0, 1969245.0], [561915.0, 1969395.0], [561825.0, 1969395.0]]]}, "properties": {"zone_id": "scene_01_DT0000205230-Z0138", "scene": "scene_01_DT0000205230", "pixel_count": 17, "approx_area_m2": 15300.0, "centroid_x": 561862.9411764706, "centroid_y": 1969314.705882353, "mean_risk": 2.238346576690674, "max_risk": 2.9901039600372314, "median_risk": 2.2471535205841064, "high_priority_pixel_pct": 100.0, "priority_category": "HIGH PRIORITY", "threshold_type": "95th percentile prioritisation threshold", "recommendation": "Spectral-stress evidence detected. Prioritise field inspection to determine the underlying cause. Field verification required.", "priority_rank": 73}}, {"type": "Feature", "geometry": {"type": "Polygon", "coordinates": [[[569445.0, 1969395.0], [569445.0, 1969365.0], [569505.0, 1969365.0], [569505.0, 1969335.0], [569535.0, 1969335.0], [569535.0, 1969305.0], [569685.0, 1969305.0], [569685.0, 1969365.0], [569595.0, 1969365.0], [569595.0, 1969395.0], [569445.0, 1969395.0]]]}, "properties": {"zone_id": "scene_01_DT0000205230-Z0139", "scene": "scene_01_DT0000205230", "pixel_count": 16, "approx_area_m2": 14400.0, "centroid_x": 569576.25, "centroid_y": 1969350.0, "mean_risk": 1.8215737342834473, "max_risk": 2.0814404487609863, "median_risk": 1.7972750663757324, "high_priority_pixel_pct": 100.0, "priority_category": "HIGH PRIORITY", "threshold_type": "95th percentile prioritisation threshold", "recommendation": "Spectral-stress evidence detected. Prioritise field inspection to determine the underlying cause. Field verification required.", "priority_rank": 317}}, {"type": "Feature", "geometry": {"type": "Polygon", "coordinates": [[[554595.0, 1969365.0], [554595.0, 1969335.0], [554565.0, 1969335.0], [554565.0, 1969305.0], [554595.0, 1969305.0], [554595.0, 1969275.0], [554625.0, 1969275.0], [554625.0, 1969245.0], [554655.0, 1969245.0], [554655.0, 1969215.0], [554685.0, 1969215.0], [554685.0, 1969245.0], [554715.0, 1969245.0], [554715.0, 1969305.0], [554685.0, 1969305.0], [554685.0, 1969365.0], [554595.0, 1969365.0]]]}, "properties": {"zone_id": "scene_01_DT0000205230-Z0140", "scene": "scene_01_DT0000205230", "pixel_count": 15, "approx_area_m2": 13500.0, "centroid_x": 554648.0, "centroid_y": 1969300.0, "mean_risk": 2.3253278732299805, "max_risk": 3.156803846359253, "median_risk": 2.2796008586883545, "high_priority_pixel_pct": 100.0, "priority_category": "HIGH PRIORITY", "threshold_type": "95th percentile prioritisation threshold", "recommendation": "Spectral-stress evidence detected. Prioritise field inspection to determine the underlying cause. Field verification required.", "priority_rank": 56}}, {"type": "Feature", "geometry": {"type": "Polygon", "coordinates": [[[574215.0, 1969245.0], [574215.0, 1969185.0], [574245.0, 1969185.0], [574245.0, 1969095.0], [574215.0, 1969095.0], [574215.0, 1969065.0], [574185.0, 1969065.0], [574185.0, 1969095.0], [574155.0, 1969095.0], [574155.0, 1969125.0], [574095.0, 1969125.0], [574095.0, 1969095.0], [574065.0, 1969095.0], [574065.0, 1969065.0], [574035.0, 1969065.0], [574035.0, 1968975.0], [573975.0, 1968975.0], [573975.0, 1968885.0], [573915.0, 1968885.0], [573915.0, 1968855.0], [573885.0, 1968855.0], [573885.0, 1968825.0], [573855.0, 1968825.0], [573855.0, 1968795.0], [573795.0, 1968795.0], [573795.0, 1968735.0], [573765.0, 1968735.0], [573765.0, 1968645.0], [573825.0, 1968645.0], [573825.0, 1968675.0], [573855.0, 1968675.0], [573855.0, 1968615.0], [573795.0, 1968615.0], [573795.0, 1968585.0], [573765.0, 1968585.0], [573765.0, 1968525.0], [573735.0, 1968525.0], [573735.0, 1968495.0], [573765.0, 1968495.0], [573765.0, 1968465.0], [573795.0, 1968465.0], [573795.0, 1968435.0], [573825.0, 1968435.0], [573825.0, 1968495.0], [573855.0, 1968495.0], [573855.0, 1968465.0], [573885.0, 1968465.0], [573885.0, 1968495.0], [573915.0, 1968495.0], [573915.0, 1968465.0], [573945.0, 1968465.0], [573945.0, 1968405.0], [573975.0, 1968405.0], [573975.0, 1968345.0], [574125.0, 1968345.0], [574125.0, 1968315.0], [574155.0, 1968315.0], [574155.0, 1968345.0], [574185.0, 1968345.0], [574185.0, 1968435.0], [574215.0, 1968435.0], [574215.0, 1968495.0], [574275.0, 1968495.0], [574275.0, 1968525.0], [574305.0, 1968525.0], [574305.0, 1968555.0], [574335.0, 1968555.0], [574335.0, 1968585.0], [574365.0, 1968585.0], [574365.0, 1968645.0], [574395.0, 1968645.0], [574395.0, 1968615.0], [574455.0, 1968615.0], [574455.0, 1968585.0], [574425.0, 1968585.0], [574425.0, 1968525.0], [574395.0, 1968525.0], [574395.0, 1968495.0], [574365.0, 1968495.0], [574365.0, 1968375.0], [574395.0, 1968375.0], [574395.0, 1968285.0], [574425.0, 1968285.0], [574425.0, 1968195.0], [574395.0, 1968195.0], [574395.0, 1968135.0], [574425.0, 1968135.0], [574425.0, 1968105.0], [574335.0, 1968105.0], [574335.0, 1968135.0], [574275.0, 1968135.0], [574275.0, 1968075.0], [574335.0, 1968075.0], [574335.0, 1968015.0], [574275.0, 1968015.0], [574275.0, 1967985.0], [574245.0, 1967985.0], [574245.0, 1967925.0], [574215.0, 1967925.0], [574215.0, 1967865.0], [574185.0, 1967865.0], [574185.0, 1967895.0], [574125.0, 1967895.0], [574125.0, 1967925.0], [574155.0, 1967925.0], [574155.0, 1967985.0], [574125.0, 1967985.0], [574125.0, 1967955.0], [574095.0, 1967955.0], [574095.0, 1967835.0], [574065.0, 1967835.0], [574065.0, 1967865.0], [574035.0, 1967865.0], [574035.0, 1967805.0], [574005.0, 1967805.0], [574005.0, 1967745.0], [574155.0, 1967745.0], [574155.0, 1967715.0], [574215.0, 1967715.0], [574215.0, 1967745.0], [574245.0, 1967745.0], [574245.0, 1967835.0], [574305.0, 1967835.0], [574305.0, 1967775.0], [574335.0, 1967775.0], [574335.0, 1967835.0], [574365.0, 1967835.0], [574365.0, 1967715.0], [574335.0, 1967715.0], [574335.0, 1967745.0], [574305.0, 1967745.0], [574305.0, 1967685.0], [574275.0, 1967685.0], [574275.0, 1967625.0], [574245.0, 1967625.0], [574245.0, 1967535.0], [574305.0, 1967535.0], [574305.0, 1967565.0], [574335.0, 1967565.0], [574335.0, 1967625.0], [574365.0, 1967625.0], [574365.0, 1967655.0], [574425.0, 1967655.0], [574425.0, 1967625.0], [574395.0, 1967625.0], [574395.0, 1967595.0], [574365.0, 1967595.0], [574365.0, 1967505.0], [574335.0, 1967505.0], [574335.0, 1967475.0], [574305.0, 1967475.0], [574305.0, 1967445.0], [574275.0, 1967445.0], [574275.0, 1967415.0], [574245.0, 1967415.0], [574245.0, 1967325.0], [574215.0, 1967325.0], [574215.0, 1967235.0], [574185.0, 1967235.0], [574185.0, 1967175.0], [574155.0, 1967175.0], [574155.0, 1967085.0], [574125.0, 1967085.0], [574125.0, 1967055.0], [574155.0, 1967055.0], [574155.0, 1967025.0], [574215.0, 1967025.0], [574215.0, 1966995.0], [574245.0, 1966995.0], [574245.0, 1967025.0], [574275.0, 1967025.0], [574275.0, 1967085.0], [574305.0, 1967085.0], [574305.0, 1967175.0], [574335.0, 1967175.0], [574335.0, 1967205.0], [574365.0, 1967205.0], [574365.0, 1967295.0], [574425.0, 1967295.0], [574425.0, 1967355.0], [574485.0, 1967355.0], [574485.0, 1967385.0], [574515.0, 1967385.0], [574515.0, 1967415.0], [574545.0, 1967415.0], [574545.0, 1967475.0], [574575.0, 1967475.0], [574575.0, 1967535.0], [574605.0, 1967535.0], [574605.0, 1967565.0], [574665.0, 1967565.0], [574665.0, 1967685.0], [574635.0, 1967685.0], [574635.0, 1967715.0], [574695.0, 1967715.0], [574695.0, 1967745.0], [574755.0, 1967745.0], [574755.0, 1967775.0], [574725.0, 1967775.0], [574725.0, 1967805.0], [574695.0, 1967805.0], [574695.0, 1967835.0], [574665.0, 1967835.0], [574665.0, 1967895.0], [574575.0, 1967895.0], [574575.0, 1967925.0], [574515.0, 1967925.0], [574515.0, 1967895.0], [574485.0, 1967895.0], [574485.0, 1968045.0], [574515.0, 1968045.0], [574515.0, 1968105.0], [574545.0, 1968105.0], [574545.0, 1968165.0], [574575.0, 1968165.0], [574575.0, 1968195.0], [574605.0, 1968195.0], [574605.0, 1968225.0], [574635.0, 1968225.0], [574635.0, 1968255.0], [574665.0, 1968255.0], [574665.0, 1968435.0], [574635.0, 1968435.0], [574635.0, 1968495.0], [574665.0, 1968495.0], [574665.0, 1968465.0], [574695.0, 1968465.0], [574695.0, 1968495.0], [574725.0, 1968495.0], [574725.0, 1968585.0], [574665.0, 1968585.0], [574665.0, 1968735.0], [574695.0, 1968735.0], [574695.0, 1968795.0], [574725.0, 1968795.0], [574725.0, 1968915.0], [574755.0, 1968915.0], [574755.0, 1968945.0], [574785.0, 1968945.0], [574785.0, 1969035.0], [574815.0, 1969035.0], [574815.0, 1969005.0], [574875.0, 1969005.0], [574875.0, 1969065.0], [574935.0, 1969065.0], [574935.0, 1969215.0], [574905.0, 1969215.0], [574905.0, 1969245.0], [574785.0, 1969245.0], [574785.0, 1969185.0], [574755.0, 1969185.0], [574755.0, 1969245.0], [574665.0, 1969245.0], [574665.0, 1969215.0], [574635.0, 1969215.0], [574635.0, 1969185.0], [574575.0, 1969185.0], [574575.0, 1969155.0], [574545.0, 1969155.0], [574545.0, 1969095.0], [574515.0, 1969095.0], [574515.0, 1969035.0], [574485.0, 1969035.0], [574485.0, 1969065.0], [574455.0, 1969065.0], [574455.0, 1969095.0], [574395.0, 1969095.0], [574395.0, 1969155.0], [574365.0, 1969155.0], [574365.0, 1969185.0], [574275.0, 1969185.0], [574275.0, 1969245.0], [574215.0, 1969245.0]], [[574845.0, 1969185.0], [574875.0, 1969185.0], [574875.0, 1969155.0], [574845.0, 1969155.0], [574845.0, 1969185.0]], [[574395.0, 1969035.0], [574425.0, 1969035.0], [574425.0, 1968915.0], [574335.0, 1968915.0], [574335.0, 1968885.0], [574305.0, 1968885.0], [574305.0, 1968855.0], [574275.0, 1968855.0], [574275.0, 1968825.0], [574245.0, 1968825.0], [574245.0, 1968795.0], [574185.0, 1968795.0], [574185.0, 1968765.0], [574155.0, 1968765.0], [574155.0, 1968735.0], [574125.0, 1968735.0], [574125.0, 1968705.0], [574095.0, 1968705.0], [574095.0, 1968675.0], [574065.0, 1968675.0], [574065.0, 1968735.0], [574095.0, 1968735.0], [574095.0, 1968765.0], [574125.0, 1968765.0], [574125.0, 1968795.0], [574155.0, 1968795.0], [574155.0, 1968825.0], [574185.0, 1968825.0], [574185.0, 1968855.0], [574215.0, 1968855.0], [574215.0, 1968945.0], [574245.0, 1968945.0], [574245.0, 1968975.0], [574275.0, 1968975.0], [574275.0, 1969005.0], [574395.0, 1969005.0], [574395.0, 1969035.0]], [[574605.0, 1968975.0], [574635.0, 1968975.0], [574635.0, 1968915.0], [574605.0, 1968915.0], [574605.0, 1968855.0], [574575.0, 1968855.0], [574575.0, 1968735.0], [574545.0, 1968735.0], [574545.0, 1968615.0], [574515.0, 1968615.0], [574515.0, 1968675.0], [574485.0, 1968675.0], [574485.0, 1968765.0], [574515.0, 1968765.0], [574515.0, 1968855.0], [574485.0, 1968855.0], [574485.0, 1968945.0], [574545.0, 1968945.0], [574545.0, 1968915.0], [574575.0, 1968915.0], [574575.0, 1968945.0], [574605.0, 1968945.0], [574605.0, 1968975.0]], [[574455.0, 1968855.0], [574485.0, 1968855.0], [574485.0, 1968825.0], [574455.0, 1968825.0], [574455.0, 1968855.0]], [[573975.0, 1968675.0], [574065.0, 1968675.0], [574065.0, 1968585.0], [574035.0, 1968585.0], [574035.0, 1968615.0], [574005.0, 1968615.0], [574005.0, 1968645.0], [573975.0, 1968645.0], [573975.0, 1968675.0]], [[573855.0, 1968585.0], [573885.0, 1968585.0], [573885.0, 1968555.0], [573915.0, 1968555.0], [573915.0, 1968525.0], [573855.0, 1968525.0], [573855.0, 1968585.0]], [[574485.0, 1968585.0], [574515.0, 1968585.0], [574515.0, 1968555.0], [574485.0, 1968555.0], [574485.0, 1968585.0]], [[573945.0, 1968555.0], [573975.0, 1968555.0], [573975.0, 1968525.0], [573945.0, 1968525.0], [573945.0, 1968555.0]], [[573915.0, 1968525.0], [573945.0, 1968525.0], [573945.0, 1968495.0], [573915.0, 1968495.0], [573915.0, 1968525.0]], [[574335.0, 1968015.0], [574365.0, 1968015.0], [574365.0, 1967985.0], [574335.0, 1967985.0], [574335.0, 1968015.0]], [[574335.0, 1967955.0], [574365.0, 1967955.0], [574365.0, 1967925.0], [574335.0, 1967925.0], [574335.0, 1967955.0]], [[574395.0, 1967895.0], [574425.0, 1967895.0], [574425.0, 1967865.0], [574395.0, 1967865.0], [574395.0, 1967895.0]], [[574185.0, 1967835.0], [574215.0, 1967835.0], [574215.0, 1967775.0], [574185.0, 1967775.0], [574185.0, 1967835.0]], [[574605.0, 1967745.0], [574635.0, 1967745.0], [574635.0, 1967715.0], [574605.0, 1967715.0], [574605.0, 1967745.0]]]}, "properties": {"zone_id": "scene_01_DT0000205230-Z0141", "scene": "scene_01_DT0000205230", "pixel_count": 1085, "approx_area_m2": 976500.0, "centroid_x": 574371.9539170507, "centroid_y": 1968363.8986175116, "mean_risk": 2.2672038078308105, "max_risk": 3.585137367248535, "median_risk": 2.2042124271392822, "high_priority_pixel_pct": 100.0, "priority_category": "HIGH PRIORITY", "threshold_type": "95th percentile prioritisation threshold", "recommendation": "Spectral-stress evidence detected. Prioritise field inspection to determine the underlying cause. Field verification required.", "priority_rank": 60}}, {"type": "Feature", "geometry": {"type": "Polygon", "coordinates": [[[566565.0, 1969215.0], [566565.0, 1969185.0], [566505.0, 1969185.0], [566505.0, 1969095.0], [566595.0, 1969095.0], [566595.0, 1969155.0], [566625.0, 1969155.0], [566625.0, 1969215.0], [566565.0, 1969215.0]]]}, "properties": {"zone_id": "scene_01_DT0000205230-Z0142", "scene": "scene_01_DT0000205230", "pixel_count": 12, "approx_area_m2": 10800.0, "centroid_x": 566562.5, "centroid_y": 1969152.5, "mean_risk": 1.8379589319229126, "max_risk": 1.9798096418380737, "median_risk": 1.8286712169647217, "high_priority_pixel_pct": 100.0, "priority_category": "HIGH PRIORITY", "threshold_type": "95th percentile prioritisation threshold", "recommendation": "Spectral-stress evidence detected. Prioritise field inspection to determine the underlying cause. Field verification required.", "priority_rank": 297}}, {"type": "Feature", "geometry": {"type": "Polygon", "coordinates": [[[573435.0, 1968915.0], [573435.0, 1968885.0], [573465.0, 1968885.0], [573465.0, 1968735.0], [573495.0, 1968735.0], [573495.0, 1968765.0], [573525.0, 1968765.0], [573525.0, 1968885.0], [573495.0, 1968885.0], [573495.0, 1968915.0], [573435.0, 1968915.0]]]}, "properties": {"zone_id": "scene_01_DT0000205230-Z0143", "scene": "scene_01_DT0000205230", "pixel_count": 26, "approx_area_m2": 23400.0, "centroid_x": 573536.5384615385, "centroid_y": 1968912.6923076923, "mean_risk": 2.1162703037261963, "max_risk": 2.7684693336486816, "median_risk": 2.077749252319336, "high_priority_pixel_pct": 100.0, "priority_category": "HIGH PRIORITY", "threshold_type": "95th percentile prioritisation threshold", "recommendation": "Spectral-stress evidence detected. Prioritise field inspection to determine the underlying cause. Field verification required.", "priority_rank": 107}}, {"type": "Feature", "geometry": {"type": "Polygon", "coordinates": [[[575595.0, 1969065.0], [575595.0, 1969035.0], [575565.0, 1969035.0], [575565.0, 1968975.0], [575535.0, 1968975.0], [575535.0, 1968945.0], [575625.0, 1968945.0], [575625.0, 1968915.0], [575685.0, 1968915.0], [575685.0, 1968945.0], [575715.0, 1968945.0], [575715.0, 1968885.0], [575745.0, 1968885.0], [575745.0, 1968915.0], [575775.0, 1968915.0], [575775.0, 1968885.0], [575805.0, 1968885.0], [575805.0, 1968945.0], [575775.0, 1968945.0], [575775.0, 1968975.0], [575745.0, 1968975.0], [575745.0, 1969005.0], [575715.0, 1969005.0], [575715.0, 1969035.0], [575655.0, 1969035.0], [575655.0, 1969065.0], [575595.0, 1969065.0]]]}, "properties": {"zone_id": "scene_01_DT0000205230-Z0144", "scene": "scene_01_DT0000205230", "pixel_count": 28, "approx_area_m2": 25200.0, "centroid_x": 575668.9285714285, "centroid_y": 1968973.9285714286, "mean_risk": 1.908626914024353, "max_risk": 2.350667715072632, "median_risk": 1.8846726417541504, "high_priority_pixel_pct": 100.0, "priority_category": "HIGH PRIORITY", "threshold_type": "95th percentile prioritisation threshold", "recommendation": "Spectral-stress evidence detected. Prioritise field inspection to determine the underlying cause. Field verification required.", "priority_rank": 236}}, {"type": "Feature", "geometry": {"type": "Polygon", "coordinates": [[[568335.0, 1969005.0], [568335.0, 1968975.0], [568305.0, 1968975.0], [568305.0, 1968945.0], [568275.0, 1968945.0], [568275.0, 1968915.0], [568245.0, 1968915.0], [568245.0, 1968885.0], [568215.0, 1968885.0], [568215.0, 1968795.0], [568275.0, 1968795.0], [568275.0, 1968765.0], [568335.0, 1968765.0], [568335.0, 1968795.0], [568395.0, 1968795.0], [568395.0, 1968825.0], [568485.0, 1968825.0], [568485.0, 1968795.0], [568515.0, 1968795.0], [568515.0, 1968765.0], [568545.0, 1968765.0], [568545.0, 1968735.0], [568575.0, 1968735.0], [568575.0, 1968705.0], [568635.0, 1968705.0], [568635.0, 1968675.0], [568725.0, 1968675.0], [568725.0, 1968645.0], [568815.0, 1968645.0], [568815.0, 1968675.0], [568845.0, 1968675.0], [568845.0, 1968705.0], [568815.0, 1968705.0], [568815.0, 1968765.0], [568785.0, 1968765.0], [568785.0, 1968795.0], [568755.0, 1968795.0], [568755.0, 1968825.0], [568725.0, 1968825.0], [568725.0, 1968855.0], [568695.0, 1968855.0], [568695.0, 1968885.0], [568665.0, 1968885.0], [568665.0, 1968915.0], [568635.0, 1968915.0], [568635.0, 1968945.0], [568605.0, 1968945.0], [568605.0, 1968915.0], [568545.0, 1968915.0], [568545.0, 1968945.0], [568485.0, 1968945.0], [568485.0, 1968975.0], [568395.0, 1968975.0], [568395.0, 1969005.0], [568335.0, 1969005.0]]]}, "properties": {"zone_id": "scene_01_DT0000205230-Z0145", "scene": "scene_01_DT0000205230", "pixel_count": 118, "approx_area_m2": 106200.0, "centroid_x": 568526.186440678, "centroid_y": 1968829.5762711863, "mean_risk": 2.8721249103546143, "max_risk": 4.27512788772583, "median_risk": 2.886366844177246, "high_priority_pixel_pct": 100.0, "priority_category": "HIGH PRIORITY", "threshold_type": "95th percentile prioritisation threshold", "recommendation": "Spectral-stress evidence detected. Prioritise field inspection to determine the underlying cause. Field verification required.", "priority_rank": 11}}, {"type": "Feature", "geometry": {"type": "Polygon", "coordinates": [[[580125.0, 1968645.0], [580125.0, 1968525.0], [580065.0, 1968525.0], [580065.0, 1968555.0], [580035.0, 1968555.0], [580035.0, 1968495.0], [580005.0, 1968495.0], [580005.0, 1968405.0], [580065.0, 1968405.0], [580065.0, 1968375.0], [580125.0, 1968375.0], [580125.0, 1968465.0], [580155.0, 1968465.0], [580155.0, 1968525.0], [580185.0, 1968525.0], [580185.0, 1968555.0], [580215.0, 1968555.0], [580215.0, 1968615.0], [580185.0, 1968615.0], [580185.0, 1968645.0], [580125.0, 1968645.0]], [[580065.0, 1968465.0], [580095.0, 1968465.0], [580095.0, 1968435.0], [580065.0, 1968435.0], [580065.0, 1968465.0]]]}, "properties": {"zone_id": "scene_01_DT0000205230-Z0146", "scene": "scene_01_DT0000205230", "pixel_count": 29, "approx_area_m2": 26100.0, "centroid_x": 580106.8965517242, "centroid_y": 1968504.8275862068, "mean_risk": 1.8798621892929077, "max_risk": 2.3227927684783936, "median_risk": 1.8301337957382202, "high_priority_pixel_pct": 100.0, "priority_category": "HIGH PRIORITY", "threshold_type": "95th percentile prioritisation threshold", "recommendation": "Spectral-stress evidence detected. Prioritise field inspection to determine the underlying cause. Field verification required.", "priority_rank": 263}}, {"type": "Feature", "geometry": {"type": "Polygon", "coordinates": [[[578895.0, 1968585.0], [578895.0, 1968495.0], [578925.0, 1968495.0], [578925.0, 1968465.0], [578955.0, 1968465.0], [578955.0, 1968435.0], [578925.0, 1968435.0], [578925.0, 1968405.0], [578895.0, 1968405.0], [578895.0, 1968465.0], [578865.0, 1968465.0], [578865.0, 1968375.0], [578895.0, 1968375.0], [578895.0, 1968345.0], [578925.0, 1968345.0], [578925.0, 1968375.0], [579015.0, 1968375.0], [579015.0, 1968435.0], [579045.0, 1968435.0], [579045.0, 1968555.0], [579015.0, 1968555.0], [579015.0, 1968585.0], [578985.0, 1968585.0], [578985.0, 1968555.0], [578955.0, 1968555.0], [578955.0, 1968585.0], [578895.0, 1968585.0]]]}, "properties": {"zone_id": "scene_01_DT0000205230-Z0147", "scene": "scene_01_DT0000205230", "pixel_count": 31, "approx_area_m2": 27900.0, "centroid_x": 578960.3225806452, "centroid_y": 1968473.2258064516, "mean_risk": 1.9825056791305542, "max_risk": 2.7435708045959473, "median_risk": 1.8855680227279663, "high_priority_pixel_pct": 100.0, "priority_category": "HIGH PRIORITY", "threshold_type": "95th percentile prioritisation threshold", "recommendation": "Spectral-stress evidence detected. Prioritise field inspection to determine the underlying cause. Field verification required.", "priority_rank": 172}}, {"type": "Feature", "geometry": {"type": "Polygon", "coordinates": [[[574755.0, 1968465.0], [574755.0, 1968315.0], [574725.0, 1968315.0], [574725.0, 1968285.0], [574785.0, 1968285.0], [574785.0, 1968315.0], [574845.0, 1968315.0], [574845.0, 1968375.0], [574815.0, 1968375.0], [574815.0, 1968405.0], [574845.0, 1968405.0], [574845.0, 1968465.0], [574815.0, 1968465.0], [574815.0, 1968435.0], [574785.0, 1968435.0], [574785.0, 1968465.0], [574755.0, 1968465.0]]]}, "properties": {"zone_id": "scene_01_DT0000205230-Z0148", "scene": "scene_01_DT0000205230", "pixel_count": 15, "approx_area_m2": 13500.0, "centroid_x": 574792.0, "centroid_y": 1968374.0, "mean_risk": 1.785332202911377, "max_risk": 1.871760606765747, "median_risk": 1.8078587055206299, "high_priority_pixel_pct": 100.0, "priority_category": "HIGH PRIORITY", "threshold_type": "95th percentile prioritisation threshold", "recommendation": "Spectral-stress evidence detected. Prioritise field inspection to determine the underlying cause. Field verification required.", "priority_rank": 362}}, {"type": "Feature", "geometry": {"type": "Polygon", "coordinates": [[[580275.0, 1968465.0], [580275.0, 1968405.0], [580245.0, 1968405.0], [580245.0, 1968435.0], [580215.0, 1968435.0], [580215.0, 1968375.0], [580185.0, 1968375.0], [580185.0, 1968345.0], [580095.0, 1968345.0], [580095.0, 1968315.0], [580125.0, 1968315.0], [580125.0, 1968285.0], [580155.0, 1968285.0], [580155.0, 1968165.0], [580185.0, 1968165.0], [580185.0, 1968105.0], [580245.0, 1968105.0], [580245.0, 1968135.0], [580275.0, 1968135.0], [580275.0, 1968165.0], [580335.0, 1968165.0], [580335.0, 1968225.0], [580305.0, 1968225.0], [580305.0, 1968285.0], [580335.0, 1968285.0], [580335.0, 1968315.0], [580365.0, 1968315.0], [580365.0, 1968435.0], [580335.0, 1968435.0], [580335.0, 1968465.0], [580275.0, 1968465.0]], [[580275.0, 1968405.0], [580305.0, 1968405.0], [580305.0, 1968375.0], [580275.0, 1968375.0], [580275.0, 1968405.0]]]}, "properties": {"zone_id": "scene_01_DT0000205230-Z0149", "scene": "scene_01_DT0000205230", "pixel_count": 59, "approx_area_m2": 53100.0, "centroid_x": 580248.3050847457, "centroid_y": 1968287.2881355933, "mean_risk": 1.9258404970169067, "max_risk": 2.4681713581085205, "median_risk": 1.9018077850341797, "high_priority_pixel_pct": 100.0, "priority_category": "HIGH PRIORITY", "threshold_type": "95th percentile prioritisation threshold", "recommendation": "Spectral-stress evidence detected. Prioritise field inspection to determine the underlying cause. Field verification required.", "priority_rank": 223}}, {"type": "Feature", "geometry": {"type": "Polygon", "coordinates": [[[573615.0, 1968405.0], [573615.0, 1968375.0], [573585.0, 1968375.0], [573585.0, 1968315.0], [573555.0, 1968315.0], [573555.0, 1968255.0], [573585.0, 1968255.0], [573585.0, 1968195.0], [573555.0, 1968195.0], [573555.0, 1967985.0], [573615.0, 1967985.0], [573615.0, 1968015.0], [573645.0, 1968015.0], [573645.0, 1968045.0], [573705.0, 1968045.0], [573705.0, 1967985.0], [573675.0, 1967985.0], [573675.0, 1967865.0], [573705.0, 1967865.0], [573705.0, 1967835.0], [573735.0, 1967835.0], [573735.0, 1967865.0], [573765.0, 1967865.0], [573765.0, 1967895.0], [573855.0, 1967895.0], [573855.0, 1967955.0], [573885.0, 1967955.0], [573885.0, 1967985.0], [573945.0, 1967985.0], [573945.0, 1968015.0], [573915.0, 1968015.0], [573915.0, 1968045.0], [573825.0, 1968045.0], [573825.0, 1967985.0], [573795.0, 1967985.0], [573795.0, 1968015.0], [573765.0, 1968015.0], [573765.0, 1968045.0], [573735.0, 1968045.0], [573735.0, 1968075.0], [573765.0, 1968075.0], [573765.0, 1968105.0], [573795.0, 1968105.0], [573795.0, 1968135.0], [573825.0, 1968135.0], [573825.0, 1968165.0], [573855.0, 1968165.0], [573855.0, 1968105.0], [573885.0, 1968105.0], [573885.0, 1968165.0], [573915.0, 1968165.0], [573915.0, 1968135.0], [573975.0, 1968135.0], [573975.0, 1968165.0], [574065.0, 1968165.0], [574065.0, 1968195.0], [574035.0, 1968195.0], [574035.0, 1968225.0], [574005.0, 1968225.0], [574005.0, 1968255.0], [573945.0, 1968255.0], [573945.0, 1968285.0], [573885.0, 1968285.0], [573885.0, 1968315.0], [573855.0, 1968315.0], [573855.0, 1968285.0], [573825.0, 1968285.0], [573825.0, 1968225.0], [573765.0, 1968225.0], [573765.0, 1968405.0], [573615.0, 1968405.0]], [[573675.0, 1968285.0], [573735.0, 1968285.0], [573735.0, 1968225.0], [573705.0, 1968225.0], [573705.0, 1968195.0], [573675.0, 1968195.0], [573675.0, 1968285.0]]]}, "properties": {"zone_id": "scene_01_DT0000205230-Z0150", "scene": "scene_01_DT0000205230", "pixel_count": 149, "approx_area_m2": 134100.0, "centroid_x": 573746.5771812081, "centroid_y": 1968146.375838926, "mean_risk": 2.0345869064331055, "max_risk": 2.6759231090545654, "median_risk": 1.9957988262176514, "high_priority_pixel_pct": 100.0, "priority_category": "HIGH PRIORITY", "threshold_type": "95th percentile prioritisation threshold", "recommendation": "Spectral-stress evidence detected. Prioritise field inspection to determine the underlying cause. Field verification required.", "priority_rank": 136}}, {"type": "Feature", "geometry": {"type": "Polygon", "coordinates": [[[575355.0, 1968315.0], [575355.0, 1968285.0], [575325.0, 1968285.0], [575325.0, 1968255.0], [575295.0, 1968255.0], [575295.0, 1968225.0], [575265.0, 1968225.0], [575265.0, 1968165.0], [575205.0, 1968165.0], [575205.0, 1968135.0], [575235.0, 1968135.0], [575235.0, 1968105.0], [575325.0, 1968105.0], [575325.0, 1968135.0], [575415.0, 1968135.0], [575415.0, 1968075.0], [575475.0, 1968075.0], [575475.0, 1968315.0], [575355.0, 1968315.0]], [[575295.0, 1968165.0], [575325.0, 1968165.0], [575325.0, 1968135.0], [575295.0, 1968135.0], [575295.0, 1968165.0]]]}, "properties": {"zone_id": "scene_01_DT0000205230-Z0151", "scene": "scene_01_DT0000205230", "pixel_count": 44, "approx_area_m2": 39600.0, "centroid_x": 575375.4545454546, "centroid_y": 1968197.7272727273, "mean_risk": 1.9016087055206299, "max_risk": 2.2724180221557617, "median_risk": 1.874609351158142, "high_priority_pixel_pct": 100.0, "priority_category": "HIGH PRIORITY", "threshold_type": "95th percentile prioritisation threshold", "recommendation": "Spectral-stress evidence detected. Prioritise field inspection to determine the underlying cause. Field verification required.", "priority_rank": 243}}, {"type": "Feature", "geometry": {"type": "Polygon", "coordinates": [[[563835.0, 1968225.0], [563835.0, 1968165.0], [563865.0, 1968165.0], [563865.0, 1968135.0], [563955.0, 1968135.0], [563955.0, 1968105.0], [564045.0, 1968105.0], [564045.0, 1968195.0], [563985.0, 1968195.0], [563985.0, 1968225.0], [563835.0, 1968225.0]]]}, "properties": {"zone_id": "scene_01_DT0000205230-Z0152", "scene": "scene_01_DT0000205230", "pixel_count": 21, "approx_area_m2": 18900.0, "centroid_x": 563945.7142857143, "centroid_y": 1968170.0, "mean_risk": 2.2576816082000732, "max_risk": 2.993065595626831, "median_risk": 2.254476308822632, "high_priority_pixel_pct": 100.0, "priority_category": "HIGH PRIORITY", "threshold_type": "95th percentile prioritisation threshold", "recommendation": "Spectral-stress evidence detected. Prioritise field inspection to determine the underlying cause. Field verification required.", "priority_rank": 63}}, {"type": "Feature", "geometry": {"type": "Polygon", "coordinates": [[[579015.0, 1968195.0], [579015.0, 1968135.0], [578955.0, 1968135.0], [578955.0, 1968045.0], [579015.0, 1968045.0], [579015.0, 1968075.0], [579045.0, 1968075.0], [579045.0, 1968195.0], [579015.0, 1968195.0]]]}, "properties": {"zone_id": "scene_01_DT0000205230-Z0153", "scene": "scene_01_DT0000205230", "pixel_count": 10, "approx_area_m2": 9000.0, "centroid_x": 579003.0, "centroid_y": 1968108.0, "mean_risk": 1.7098900079727173, "max_risk": 1.7773452997207642, "median_risk": 1.6999971866607666, "high_priority_pixel_pct": 100.0, "priority_category": "HIGH PRIORITY", "threshold_type": "95th percentile prioritisation threshold", "recommendation": "Spectral-stress evidence detected. Prioritise field inspection to determine the underlying cause. Field verification required.", "priority_rank": 429}}, {"type": "Feature", "geometry": {"type": "Polygon", "coordinates": [[[575145.0, 1968075.0], [575145.0, 1968045.0], [575085.0, 1968045.0], [575085.0, 1968015.0], [575115.0, 1968015.0], [575115.0, 1967955.0], [575055.0, 1967955.0], [575055.0, 1967925.0], [574995.0, 1967925.0], [574995.0, 1967895.0], [574965.0, 1967895.0], [574965.0, 1967835.0], [574935.0, 1967835.0], [574935.0, 1967805.0], [574905.0, 1967805.0], [574905.0, 1967775.0], [574845.0, 1967775.0], [574845.0, 1967745.0], [574875.0, 1967745.0], [574875.0, 1967685.0], [574845.0, 1967685.0], [574845.0, 1967655.0], [574875.0, 1967655.0], [574875.0, 1967595.0], [574905.0, 1967595.0], [574905.0, 1967625.0], [574935.0, 1967625.0], [574935.0, 1967685.0], [574995.0, 1967685.0], [574995.0, 1967715.0], [575025.0, 1967715.0], [575025.0, 1967775.0], [574995.0, 1967775.0], [574995.0, 1967835.0], [575025.0, 1967835.0], [575025.0, 1967805.0], [575055.0, 1967805.0], [575055.0, 1967775.0], [575175.0, 1967775.0], [575175.0, 1967925.0], [575205.0, 1967925.0], [575205.0, 1967955.0], [575235.0, 1967955.0], [575235.0, 1967985.0], [575295.0, 1967985.0], [575295.0, 1968015.0], [575325.0, 1968015.0], [575325.0, 1968075.0], [575235.0, 1968075.0], [575235.0, 1968045.0], [575175.0, 1968045.0], [575175.0, 1968075.0], [575145.0, 1968075.0]], [[575115.0, 1967955.0], [575145.0, 1967955.0], [575145.0, 1967925.0], [575115.0, 1967925.0], [575115.0, 1967955.0]]]}, "properties": {"zone_id": "scene_01_DT0000205230-Z0154", "scene": "scene_01_DT0000205230", "pixel_count": 81, "approx_area_m2": 72900.0, "centroid_x": 575071.4814814815, "centroid_y": 1967862.5925925926, "mean_risk": 1.9219272136688232, "max_risk": 2.9792134761810303, "median_risk": 1.8672196865081787, "high_priority_pixel_pct": 100.0, "priority_category": "HIGH PRIORITY", "threshold_type": "95th percentile prioritisation threshold", "recommendation": "Spectral-stress evidence detected. Prioritise field inspection to determine the underlying cause. Field verification required.", "priority_rank": 227}}, {"type": "Feature", "geometry": {"type": "Polygon", "coordinates": [[[569685.0, 1967985.0], [569685.0, 1967925.0], [569655.0, 1967925.0], [569655.0, 1967895.0], [569715.0, 1967895.0], [569715.0, 1967865.0], [569745.0, 1967865.0], [569745.0, 1967895.0], [569775.0, 1967895.0], [569775.0, 1967955.0], [569745.0, 1967955.0], [569745.0, 1967985.0], [569685.0, 1967985.0]]]}, "properties": {"zone_id": "scene_01_DT0000205230-Z0155", "scene": "scene_01_DT0000205230", "pixel_count": 10, "approx_area_m2": 9000.0, "centroid_x": 569721.0, "centroid_y": 1967928.0, "mean_risk": 2.3781416416168213, "max_risk": 2.77791428565979, "median_risk": 2.3709537982940674, "high_priority_pixel_pct": 100.0, "priority_category": "HIGH PRIORITY", "threshold_type": "95th percentile prioritisation threshold", "recommendation": "Spectral-stress evidence detected. Prioritise field inspection to determine the underlying cause. Field verification required.", "priority_rank": 46}}, {"type": "Feature", "geometry": {"type": "Polygon", "coordinates": [[[564675.0, 1967775.0], [564675.0, 1967715.0], [564705.0, 1967715.0], [564705.0, 1967775.0], [564675.0, 1967775.0]]]}, "properties": {"zone_id": "scene_01_DT0000205230-Z0156", "scene": "scene_01_DT0000205230", "pixel_count": 9, "approx_area_m2": 8100.0, "centroid_x": 564663.3333333334, "centroid_y": 1967823.3333333333, "mean_risk": 1.9007574319839478, "max_risk": 2.4365928173065186, "median_risk": 1.8803417682647705, "high_priority_pixel_pct": 100.0, "priority_category": "HIGH PRIORITY", "threshold_type": "95th percentile prioritisation threshold", "recommendation": "Spectral-stress evidence detected. Prioritise field inspection to determine the underlying cause. Field verification required.", "priority_rank": 244}}, {"type": "Feature", "geometry": {"type": "Polygon", "coordinates": [[[568155.0, 1967895.0], [568155.0, 1967835.0], [568185.0, 1967835.0], [568185.0, 1967805.0], [568245.0, 1967805.0], [568245.0, 1967835.0], [568275.0, 1967835.0], [568275.0, 1967895.0], [568155.0, 1967895.0]]]}, "properties": {"zone_id": "scene_01_DT0000205230-Z0157", "scene": "scene_01_DT0000205230", "pixel_count": 10, "approx_area_m2": 9000.0, "centroid_x": 568215.0, "centroid_y": 1967856.0, "mean_risk": 2.5052974224090576, "max_risk": 3.1777119636535645, "median_risk": 2.4148945808410645, "high_priority_pixel_pct": 100.0, "priority_category": "HIGH PRIORITY", "threshold_type": "95th percentile prioritisation threshold", "recommendation": "Spectral-stress evidence detected. Prioritise field inspection to determine the underlying cause. Field verification required.", "priority_rank": 30}}, {"type": "Feature", "geometry": {"type": "Polygon", "coordinates": [[[565005.0, 1967865.0], [565005.0, 1967835.0], [564975.0, 1967835.0], [564975.0, 1967805.0], [564945.0, 1967805.0], [564945.0, 1967715.0], [564915.0, 1967715.0], [564915.0, 1967685.0], [564885.0, 1967685.0], [564885.0, 1967655.0], [564855.0, 1967655.0], [564855.0, 1967595.0], [564915.0, 1967595.0], [564915.0, 1967475.0], [564945.0, 1967475.0], [564945.0, 1967445.0], [564975.0, 1967445.0], [564975.0, 1967655.0], [565005.0, 1967655.0], [565005.0, 1967745.0], [565065.0, 1967745.0], [565065.0, 1967835.0], [565035.0, 1967835.0], [565035.0, 1967865.0], [565005.0, 1967865.0]]]}, "properties": {"zone_id": "scene_01_DT0000205230-Z0158", "scene": "scene_01_DT0000205230", "pixel_count": 38, "approx_area_m2": 34200.0, "centroid_x": 564962.3684210526, "centroid_y": 1967670.7894736843, "mean_risk": 1.9393316507339478, "max_risk": 2.9917216300964355, "median_risk": 1.8076701164245605, "high_priority_pixel_pct": 100.0, "priority_category": "HIGH PRIORITY", "threshold_type": "95th percentile prioritisation threshold", "recommendation": "Spectral-stress evidence detected. Prioritise field inspection to determine the underlying cause. Field verification required.", "priority_rank": 208}}, {"type": "Feature", "geometry": {"type": "Polygon", "coordinates": [[[567795.0, 1967775.0], [567795.0, 1967745.0], [567765.0, 1967745.0], [567765.0, 1967685.0], [567795.0, 1967685.0], [567795.0, 1967595.0], [567825.0, 1967595.0], [567825.0, 1967565.0], [567855.0, 1967565.0], [567855.0, 1967535.0], [567885.0, 1967535.0], [567885.0, 1967565.0], [567915.0, 1967565.0], [567915.0, 1967715.0], [567885.0, 1967715.0], [567885.0, 1967745.0], [567855.0, 1967745.0], [567855.0, 1967775.0], [567795.0, 1967775.0]]]}, "properties": {"zone_id": "scene_01_DT0000205230-Z0159", "scene": "scene_01_DT0000205230", "pixel_count": 27, "approx_area_m2": 24300.0, "centroid_x": 567847.7777777778, "centroid_y": 1967663.3333333333, "mean_risk": 3.0326154232025146, "max_risk": 4.065405368804932, "median_risk": 3.14579439163208, "high_priority_pixel_pct": 100.0, "priority_category": "HIGH PRIORITY", "threshold_type": "95th percentile prioritisation threshold", "recommendation": "Spectral-stress evidence detected. Prioritise field inspection to determine the underlying cause. Field verification required.", "priority_rank": 6}}, {"type": "Feature", "geometry": {"type": "Polygon", "coordinates": [[[580905.0, 1967745.0], [580905.0, 1967655.0], [580875.0, 1967655.0], [580875.0, 1967595.0], [580905.0, 1967595.0], [580905.0, 1967565.0], [580965.0, 1967565.0], [580965.0, 1967535.0], [580995.0, 1967535.0], [580995.0, 1967625.0], [580965.0, 1967625.0], [580965.0, 1967595.0], [580935.0, 1967595.0], [580935.0, 1967745.0], [580905.0, 1967745.0]]]}, "properties": {"zone_id": "scene_01_DT0000205230-Z0160", "scene": "scene_01_DT0000205230", "pixel_count": 12, "approx_area_m2": 10800.0, "centroid_x": 580932.5, "centroid_y": 1967625.0, "mean_risk": 1.749812126159668, "max_risk": 1.8525630235671997, "median_risk": 1.7385607957839966, "high_priority_pixel_pct": 100.0, "priority_category": "HIGH PRIORITY", "threshold_type": "95th percentile prioritisation threshold", "recommendation": "Spectral-stress evidence detected. Prioritise field inspection to determine the underlying cause. Field verification required.", "priority_rank": 394}}, {"type": "Feature", "geometry": {"type": "Polygon", "coordinates": [[[568095.0, 1967715.0], [568095.0, 1967685.0], [568065.0, 1967685.0], [568065.0, 1967625.0], [568095.0, 1967625.0], [568095.0, 1967595.0], [568125.0, 1967595.0], [568125.0, 1967565.0], [568155.0, 1967565.0], [568155.0, 1967535.0], [568245.0, 1967535.0], [568245.0, 1967505.0], [568335.0, 1967505.0], [568335.0, 1967535.0], [568305.0, 1967535.0], [568305.0, 1967595.0], [568215.0, 1967595.0], [568215.0, 1967655.0], [568185.0, 1967655.0], [568185.0, 1967685.0], [568155.0, 1967685.0], [568155.0, 1967715.0], [568095.0, 1967715.0]]]}, "properties": {"zone_id": "scene_01_DT0000205230-Z0161", "scene": "scene_01_DT0000205230", "pixel_count": 29, "approx_area_m2": 26100.0, "centroid_x": 568185.5172413794, "centroid_y": 1967603.7931034483, "mean_risk": 2.439783811569214, "max_risk": 3.5214388370513916, "median_risk": 2.34295654296875, "high_priority_pixel_pct": 100.0, "priority_category": "HIGH PRIORITY", "threshold_type": "95th percentile prioritisation threshold", "recommendation": "Spectral-stress evidence detected. Prioritise field inspection to determine the underlying cause. Field verification required.", "priority_rank": 37}}, {"type": "Feature", "geometry": {"type": "Polygon", "coordinates": [[[574365.0, 1966935.0], [574365.0, 1966875.0], [574335.0, 1966875.0], [574335.0, 1966845.0], [574305.0, 1966845.0], [574305.0, 1966785.0], [574275.0, 1966785.0], [574275.0, 1966695.0], [574245.0, 1966695.0], [574245.0, 1966635.0], [574215.0, 1966635.0], [574215.0, 1966545.0], [574245.0, 1966545.0], [574245.0, 1966575.0], [574305.0, 1966575.0], [574305.0, 1966605.0], [574365.0, 1966605.0], [574365.0, 1966695.0], [574425.0, 1966695.0], [574425.0, 1966725.0], [574455.0, 1966725.0], [574455.0, 1966785.0], [574485.0, 1966785.0], [574485.0, 1966875.0], [574515.0, 1966875.0], [574515.0, 1966905.0], [574455.0, 1966905.0], [574455.0, 1966935.0], [574365.0, 1966935.0]]]}, "properties": {"zone_id": "scene_01_DT0000205230-Z0162", "scene": "scene_01_DT0000205230", "pixel_count": 229, "approx_area_m2": 206100.0, "centroid_x": 574666.3755458515, "centroid_y": 1967082.576419214, "mean_risk": 1.9268012046813965, "max_risk": 2.668607711791992, "median_risk": 1.8692439794540405, "high_priority_pixel_pct": 100.0, "priority_category": "HIGH PRIORITY", "threshold_type": "95th percentile prioritisation threshold", "recommendation": "Spectral-stress evidence detected. Prioritise field inspection to determine the underlying cause. Field verification required.", "priority_rank": 222}}, {"type": "Feature", "geometry": {"type": "Polygon", "coordinates": [[[567435.0, 1967475.0], [567435.0, 1967445.0], [567405.0, 1967445.0], [567405.0, 1967415.0], [567465.0, 1967415.0], [567465.0, 1967385.0], [567495.0, 1967385.0], [567495.0, 1967355.0], [567525.0, 1967355.0], [567525.0, 1967385.0], [567585.0, 1967385.0], [567585.0, 1967445.0], [567495.0, 1967445.0], [567495.0, 1967475.0], [567435.0, 1967475.0]]]}, "properties": {"zone_id": "scene_01_DT0000205230-Z0163", "scene": "scene_01_DT0000205230", "pixel_count": 13, "approx_area_m2": 11700.0, "centroid_x": 567500.7692307692, "centroid_y": 1967420.7692307692, "mean_risk": 1.8878175020217896, "max_risk": 2.124666929244995, "median_risk": 1.8683477640151978, "high_priority_pixel_pct": 100.0, "priority_category": "HIGH PRIORITY", "threshold_type": "95th percentile prioritisation threshold", "recommendation": "Spectral-stress evidence detected. Prioritise field inspection to determine the underlying cause. Field verification required.", "priority_rank": 256}}, {"type": "Feature", "geometry": {"type": "Polygon", "coordinates": [[[578655.0, 1967475.0], [578655.0, 1967415.0], [578505.0, 1967415.0], [578505.0, 1967385.0], [578535.0, 1967385.0], [578535.0, 1967355.0], [578595.0, 1967355.0], [578595.0, 1967325.0], [578655.0, 1967325.0], [578655.0, 1967385.0], [578715.0, 1967385.0], [578715.0, 1967475.0], [578655.0, 1967475.0]]]}, "properties": {"zone_id": "scene_01_DT0000205230-Z0164", "scene": "scene_01_DT0000205230", "pixel_count": 17, "approx_area_m2": 15300.0, "centroid_x": 578625.8823529412, "centroid_y": 1967396.4705882352, "mean_risk": 1.7341806888580322, "max_risk": 1.8294508457183838, "median_risk": 1.738844394683838, "high_priority_pixel_pct": 100.0, "priority_category": "HIGH PRIORITY", "threshold_type": "95th percentile prioritisation threshold", "recommendation": "Spectral-stress evidence detected. Prioritise field inspection to determine the underlying cause. Field verification required.", "priority_rank": 412}}, {"type": "Feature", "geometry": {"type": "Polygon", "coordinates": [[[578775.0, 1967415.0], [578775.0, 1967385.0], [578745.0, 1967385.0], [578745.0, 1967265.0], [578775.0, 1967265.0], [578775.0, 1967085.0], [578805.0, 1967085.0], [578805.0, 1967115.0], [578835.0, 1967115.0], [578835.0, 1966935.0], [578805.0, 1966935.0], [578805.0, 1966905.0], [578745.0, 1966905.0], [578745.0, 1966845.0], [578775.0, 1966845.0], [578775.0, 1966815.0], [578835.0, 1966815.0], [578835.0, 1966785.0], [578865.0, 1966785.0], [578865.0, 1966755.0], [578895.0, 1966755.0], [578895.0, 1966695.0], [578955.0, 1966695.0], [578955.0, 1966725.0], [578985.0, 1966725.0], [578985.0, 1966695.0], [579015.0, 1966695.0], [579015.0, 1966665.0], [579045.0, 1966665.0], [579045.0, 1966635.0], [579075.0, 1966635.0], [579075.0, 1966665.0], [579105.0, 1966665.0], [579105.0, 1966785.0], [579135.0, 1966785.0], [579135.0, 1966845.0], [579165.0, 1966845.0], [579165.0, 1966875.0], [579135.0, 1966875.0], [579135.0, 1966905.0], [579165.0, 1966905.0], [579165.0, 1966935.0], [579195.0, 1966935.0], [579195.0, 1967115.0], [579135.0, 1967115.0], [579135.0, 1967235.0], [579075.0, 1967235.0], [579075.0, 1967265.0], [579045.0, 1967265.0], [579045.0, 1967295.0], [578985.0, 1967295.0], [578985.0, 1967265.0], [578955.0, 1967265.0], [578955.0, 1967205.0], [578925.0, 1967205.0], [578925.0, 1967175.0], [578895.0, 1967175.0], [578895.0, 1967205.0], [578865.0, 1967205.0], [578865.0, 1967235.0], [578835.0, 1967235.0], [578835.0, 1967145.0], [578805.0, 1967145.0], [578805.0, 1967355.0], [578835.0, 1967355.0], [578835.0, 1967415.0], [578775.0, 1967415.0]], [[578865.0, 1967115.0], [578895.0, 1967115.0], [578895.0, 1967055.0], [578865.0, 1967055.0], [578865.0, 1967115.0]]]}, "properties": {"zone_id": "scene_01_DT0000205230-Z0165", "scene": "scene_01_DT0000205230", "pixel_count": 216, "approx_area_m2": 194400.0, "centroid_x": 578977.9166666666, "centroid_y": 1966996.25, "mean_risk": 2.256431818008423, "max_risk": 3.4891154766082764, "median_risk": 2.1337077617645264, "high_priority_pixel_pct": 100.0, "priority_category": "HIGH PRIORITY", "threshold_type": "95th percentile prioritisation threshold", "recommendation": "Spectral-stress evidence detected. Prioritise field inspection to determine the underlying cause. Field verification required.", "priority_rank": 64}}, {"type": "Feature", "geometry": {"type": "Polygon", "coordinates": [[[579765.0, 1967355.0], [579765.0, 1967235.0], [579735.0, 1967235.0], [579735.0, 1967085.0], [579825.0, 1967085.0], [579825.0, 1967325.0], [579795.0, 1967325.0], [579795.0, 1967355.0], [579765.0, 1967355.0]]]}, "properties": {"zone_id": "scene_01_DT0000205230-Z0166", "scene": "scene_01_DT0000205230", "pixel_count": 22, "approx_area_m2": 19800.0, "centroid_x": 579784.0909090909, "centroid_y": 1967200.9090909092, "mean_risk": 2.4185128211975098, "max_risk": 2.838045120239258, "median_risk": 2.563352108001709, "high_priority_pixel_pct": 100.0, "priority_category": "HIGH PRIORITY", "threshold_type": "95th percentile prioritisation threshold", "recommendation": "Spectral-stress evidence detected. Prioritise field inspection to determine the underlying cause. Field verification required.", "priority_rank": 39}}, {"type": "Feature", "geometry": {"type": "Polygon", "coordinates": [[[575505.0, 1967325.0], [575505.0, 1967265.0], [575475.0, 1967265.0], [575475.0, 1967235.0], [575415.0, 1967235.0], [575415.0, 1967205.0], [575385.0, 1967205.0], [575385.0, 1967235.0], [575355.0, 1967235.0], [575355.0, 1967205.0], [575325.0, 1967205.0], [575325.0, 1967085.0], [575295.0, 1967085.0], [575295.0, 1966965.0], [575265.0, 1966965.0], [575265.0, 1967115.0], [575295.0, 1967115.0], [575295.0, 1967175.0], [575265.0, 1967175.0], [575265.0, 1967205.0], [575235.0, 1967205.0], [575235.0, 1967175.0], [575205.0, 1967175.0], [575205.0, 1967025.0], [575175.0, 1967025.0], [575175.0, 1966995.0], [575145.0, 1966995.0], [575145.0, 1966935.0], [575175.0, 1966935.0], [575175.0, 1966905.0], [575205.0, 1966905.0], [575205.0, 1966875.0], [575235.0, 1966875.0], [575235.0, 1966935.0], [575265.0, 1966935.0], [575265.0, 1966845.0], [575235.0, 1966845.0], [575235.0, 1966785.0], [575265.0, 1966785.0], [575265.0, 1966755.0], [575235.0, 1966755.0], [575235.0, 1966635.0], [575175.0, 1966635.0], [575175.0, 1966575.0], [575205.0, 1966575.0], [575205.0, 1966545.0], [575235.0, 1966545.0], [575235.0, 1966575.0], [575265.0, 1966575.0], [575265.0, 1966515.0], [575235.0, 1966515.0], [575235.0, 1966485.0], [575205.0, 1966485.0], [575205.0, 1966455.0], [575175.0, 1966455.0], [575175.0, 1966485.0], [575145.0, 1966485.0], [575145.0, 1966455.0], [575115.0, 1966455.0], [575115.0, 1966395.0], [574995.0, 1966395.0], [574995.0, 1966425.0], [575025.0, 1966425.0], [575025.0, 1966545.0], [574965.0, 1966545.0], [574965.0, 1966455.0], [574935.0, 1966455.0], [574935.0, 1966365.0], [575025.0, 1966365.0], [575025.0, 1966335.0], [574995.0, 1966335.0], [574995.0, 1966245.0], [574965.0, 1966245.0], [574965.0, 1966185.0], [575055.0, 1966185.0], [575055.0, 1966215.0], [575115.0, 1966215.0], [575115.0, 1966275.0], [575085.0, 1966275.0], [575085.0, 1966335.0], [575175.0, 1966335.0], [575175.0, 1966365.0], [575235.0, 1966365.0], [575235.0, 1966155.0], [575205.0, 1966155.0], [575205.0, 1966125.0], [575175.0, 1966125.0], [575175.0, 1966095.0], [575145.0, 1966095.0], [575145.0, 1966065.0], [575085.0, 1966065.0], [575085.0, 1966005.0], [575055.0, 1966005.0], [575055.0, 1965945.0], [575025.0, 1965945.0], [575025.0, 1965855.0], [574965.0, 1965855.0], [574965.0, 1965825.0], [574935.0, 1965825.0], [574935.0, 1965795.0], [574905.0, 1965795.0], [574905.0, 1965735.0], [574875.0, 1965735.0], [574875.0, 1965645.0], [574905.0, 1965645.0], [574905.0, 1965675.0], [574935.0, 1965675.0], [574935.0, 1965705.0], [574965.0, 1965705.0], [574965.0, 1965735.0], [575025.0, 1965735.0], [575025.0, 1965675.0], [575145.0, 1965675.0], [575145.0, 1965735.0], [575205.0, 1965735.0], [575205.0, 1965765.0], [575235.0, 1965765.0], [575235.0, 1965795.0], [575265.0, 1965795.0], [575265.0, 1965855.0], [575355.0, 1965855.0], [575355.0, 1965885.0], [575325.0, 1965885.0], [575325.0, 1966065.0], [575355.0, 1966065.0], [575355.0, 1966095.0], [575385.0, 1966095.0], [575385.0, 1966155.0], [575445.0, 1966155.0], [575445.0, 1966095.0], [575475.0, 1966095.0], [575475.0, 1966155.0], [575505.0, 1966155.0], [575505.0, 1966215.0], [575535.0, 1966215.0], [575535.0, 1966275.0], [575475.0, 1966275.0], [575475.0, 1966365.0], [575565.0, 1966365.0], [575565.0, 1966395.0], [575535.0, 1966395.0], [575535.0, 1966485.0], [575565.0, 1966485.0], [575565.0, 1966575.0], [575535.0, 1966575.0], [575535.0, 1966545.0], [575475.0, 1966545.0], [575475.0, 1966575.0], [575505.0, 1966575.0], [575505.0, 1966635.0], [575475.0, 1966635.0], [575475.0, 1966665.0], [575445.0, 1966665.0], [575445.0, 1966725.0], [575475.0, 1966725.0], [575475.0, 1966755.0], [575535.0, 1966755.0], [575535.0, 1966845.0], [575565.0, 1966845.0], [575565.0, 1966905.0], [575535.0, 1966905.0], [575535.0, 1967325.0], [575505.0, 1967325.0]], [[575445.0, 1966845.0], [575505.0, 1966845.0], [575505.0, 1966815.0], [575475.0, 1966815.0], [575475.0, 1966785.0], [575445.0, 1966785.0], [575445.0, 1966845.0]], [[575355.0, 1966725.0], [575415.0, 1966725.0], [575415.0, 1966695.0], [575385.0, 1966695.0], [575385.0, 1966665.0], [575355.0, 1966665.0], [575355.0, 1966725.0]], [[575295.0, 1966605.0], [575355.0, 1966605.0], [575355.0, 1966575.0], [575325.0, 1966575.0], [575325.0, 1966515.0], [575295.0, 1966515.0], [575295.0, 1966605.0]], [[575445.0, 1966605.0], [575475.0, 1966605.0], [575475.0, 1966575.0], [575445.0, 1966575.0], [575445.0, 1966605.0]], [[575475.0, 1966515.0], [575505.0, 1966515.0], [575505.0, 1966485.0], [575475.0, 1966485.0], [575475.0, 1966515.0]], [[575115.0, 1966395.0], [575145.0, 1966395.0], [575145.0, 1966365.0], [575115.0, 1966365.0], [575115.0, 1966395.0]], [[575415.0, 1966275.0], [575475.0, 1966275.0], [575475.0, 1966245.0], [575415.0, 1966245.0], [575415.0, 1966275.0]], [[575325.0, 1966185.0], [575355.0, 1966185.0], [575355.0, 1966125.0], [575325.0, 1966125.0], [575325.0, 1966185.0]], [[575055.0, 1965915.0], [575085.0, 1965915.0], [575085.0, 1965855.0], [575055.0, 1965855.0], [575055.0, 1965915.0]]]}, "properties": {"zone_id": "scene_01_DT0000205230-Z0167", "scene": "scene_01_DT0000205230", "pixel_count": 556, "approx_area_m2": 500400.0, "centroid_x": 575276.8705035971, "centroid_y": 1966466.1151079137, "mean_risk": 2.0692028999328613, "max_risk": 3.256974220275879, "median_risk": 1.9812326431274414, "high_priority_pixel_pct": 100.0, "priority_category": "HIGH PRIORITY", "threshold_type": "95th percentile prioritisation threshold", "recommendation": "Spectral-stress evidence detected. Prioritise field inspection to determine the underlying cause. Field verification required.", "priority_rank": 121}}, {"type": "Feature", "geometry": {"type": "Polygon", "coordinates": [[[578565.0, 1967295.0], [578565.0, 1967235.0], [578535.0, 1967235.0], [578535.0, 1967205.0], [578505.0, 1967205.0], [578505.0, 1967025.0], [578535.0, 1967025.0], [578535.0, 1967085.0], [578565.0, 1967085.0], [578565.0, 1967175.0], [578595.0, 1967175.0], [578595.0, 1967295.0], [578565.0, 1967295.0]]]}, "properties": {"zone_id": "scene_01_DT0000205230-Z0168", "scene": "scene_01_DT0000205230", "pixel_count": 15, "approx_area_m2": 13500.0, "centroid_x": 578546.0, "centroid_y": 1967162.0, "mean_risk": 1.8223012685775757, "max_risk": 1.9285850524902344, "median_risk": 1.861216425895691, "high_priority_pixel_pct": 100.0, "priority_category": "HIGH PRIORITY", "threshold_type": "95th percentile prioritisation threshold", "recommendation": "Spectral-stress evidence detected. Prioritise field inspection to determine the underlying cause. Field verification required.", "priority_rank": 316}}, {"type": "Feature", "geometry": {"type": "Polygon", "coordinates": [[[574995.0, 1967145.0], [574995.0, 1967115.0], [574905.0, 1967115.0], [574905.0, 1967085.0], [574875.0, 1967085.0], [574875.0, 1967025.0], [574905.0, 1967025.0], [574905.0, 1967055.0], [574935.0, 1967055.0], [574935.0, 1967025.0], [574965.0, 1967025.0], [574965.0, 1966905.0], [574995.0, 1966905.0], [574995.0, 1966995.0], [575025.0, 1966995.0], [575025.0, 1967085.0], [575055.0, 1967085.0], [575055.0, 1967145.0], [574995.0, 1967145.0]]]}, "properties": {"zone_id": "scene_01_DT0000205230-Z0169", "scene": "scene_01_DT0000205230", "pixel_count": 21, "approx_area_m2": 18900.0, "centroid_x": 574974.2857142857, "centroid_y": 1967054.2857142857, "mean_risk": 1.9212077856063843, "max_risk": 2.4643056392669678, "median_risk": 1.8791508674621582, "high_priority_pixel_pct": 100.0, "priority_category": "HIGH PRIORITY", "threshold_type": "95th percentile prioritisation threshold", "recommendation": "Spectral-stress evidence detected. Prioritise field inspection to determine the underlying cause. Field verification required.", "priority_rank": 228}}, {"type": "Feature", "geometry": {"type": "Polygon", "coordinates": [[[579555.0, 1966335.0], [579555.0, 1966275.0], [579525.0, 1966275.0], [579525.0, 1966095.0], [579465.0, 1966095.0], [579465.0, 1966065.0], [579495.0, 1966065.0], [579495.0, 1966005.0], [579585.0, 1966005.0], [579585.0, 1965945.0], [579525.0, 1965945.0], [579525.0, 1965975.0], [579495.0, 1965975.0], [579495.0, 1965915.0], [579465.0, 1965915.0], [579465.0, 1965855.0], [579435.0, 1965855.0], [579435.0, 1965735.0], [579405.0, 1965735.0], [579405.0, 1965705.0], [579375.0, 1965705.0], [579375.0, 1965675.0], [579345.0, 1965675.0], [579345.0, 1965615.0], [579315.0, 1965615.0], [579315.0, 1965585.0], [579345.0, 1965585.0], [579345.0, 1965495.0], [579315.0, 1965495.0], [579315.0, 1965375.0], [579225.0, 1965375.0], [579225.0, 1965315.0], [579255.0, 1965315.0], [579255.0, 1965345.0], [579345.0, 1965345.0], [579345.0, 1965375.0], [579375.0, 1965375.0], [579375.0, 1965345.0], [579435.0, 1965345.0], [579435.0, 1965375.0], [579495.0, 1965375.0], [579495.0, 1965405.0], [579465.0, 1965405.0], [579465.0, 1965495.0], [579495.0, 1965495.0], [579495.0, 1965465.0], [579525.0, 1965465.0], [579525.0, 1965375.0], [579675.0, 1965375.0], [579675.0, 1965465.0], [579705.0, 1965465.0], [579705.0, 1965735.0], [579675.0, 1965735.0], [579675.0, 1965795.0], [579645.0, 1965795.0], [579645.0, 1965945.0], [579615.0, 1965945.0], [579615.0, 1966005.0], [579645.0, 1966005.0], [579645.0, 1966065.0], [579675.0, 1966065.0], [579675.0, 1966155.0], [579705.0, 1966155.0], [579705.0, 1966275.0], [579675.0, 1966275.0], [579675.0, 1966305.0], [579645.0, 1966305.0], [579645.0, 1966335.0], [579555.0, 1966335.0]], [[579495.0, 1965855.0], [579555.0, 1965855.0], [579555.0, 1965765.0], [579525.0, 1965765.0], [579525.0, 1965735.0], [579495.0, 1965735.0], [579495.0, 1965855.0]], [[579435.0, 1965555.0], [579465.0, 1965555.0], [579465.0, 1965525.0], [579435.0, 1965525.0], [579435.0, 1965555.0]]]}, "properties": {"zone_id": "scene_01_DT0000205230-Z0170", "scene": "scene_01_DT0000205230", "pixel_count": 336, "approx_area_m2": 302400.0, "centroid_x": 579587.5, "centroid_y": 1965993.0357142857, "mean_risk": 2.4074344635009766, "max_risk": 3.7027838230133057, "median_risk": 2.358799934387207, "high_priority_pixel_pct": 100.0, "priority_category": "HIGH PRIORITY", "threshold_type": "95th percentile prioritisation threshold", "recommendation": "Spectral-stress evidence detected. Prioritise field inspection to determine the underlying cause. Field verification required.", "priority_rank": 41}}, {"type": "Feature", "geometry": {"type": "Polygon", "coordinates": [[[580395.0, 1966935.0], [580395.0, 1966845.0], [580425.0, 1966845.0], [580425.0, 1966815.0], [580485.0, 1966815.0], [580485.0, 1966785.0], [580515.0, 1966785.0], [580515.0, 1966845.0], [580485.0, 1966845.0], [580485.0, 1966905.0], [580455.0, 1966905.0], [580455.0, 1966935.0], [580395.0, 1966935.0]]]}, "properties": {"zone_id": "scene_01_DT0000205230-Z0171", "scene": "scene_01_DT0000205230", "pixel_count": 12, "approx_area_m2": 10800.0, "centroid_x": 580450.0, "centroid_y": 1966865.0, "mean_risk": 2.2297163009643555, "max_risk": 3.2275989055633545, "median_risk": 2.1313843727111816, "high_priority_pixel_pct": 100.0, "priority_category": "HIGH PRIORITY", "threshold_type": "95th percentile prioritisation threshold", "recommendation": "Spectral-stress evidence detected. Prioritise field inspection to determine the underlying cause. Field verification required.", "priority_rank": 75}}, {"type": "Feature", "geometry": {"type": "Polygon", "coordinates": [[[578355.0, 1966875.0], [578355.0, 1966695.0], [578385.0, 1966695.0], [578385.0, 1966755.0], [578415.0, 1966755.0], [578415.0, 1966845.0], [578385.0, 1966845.0], [578385.0, 1966875.0], [578355.0, 1966875.0]]]}, "properties": {"zone_id": "scene_01_DT0000205230-Z0172", "scene": "scene_01_DT0000205230", "pixel_count": 9, "approx_area_m2": 8100.0, "centroid_x": 578380.0, "centroid_y": 1966790.0, "mean_risk": 1.7903878688812256, "max_risk": 1.8829913139343262, "median_risk": 1.8146450519561768, "high_priority_pixel_pct": 100.0, "priority_category": "HIGH PRIORITY", "threshold_type": "95th percentile prioritisation threshold", "recommendation": "Spectral-stress evidence detected. Prioritise field inspection to determine the underlying cause. Field verification required.", "priority_rank": 353}}, {"type": "Feature", "geometry": {"type": "Polygon", "coordinates": [[[564915.0, 1966815.0], [564915.0, 1966785.0], [564945.0, 1966785.0], [564945.0, 1966755.0], [564975.0, 1966755.0], [564975.0, 1966725.0], [564945.0, 1966725.0], [564945.0, 1966695.0], [565005.0, 1966695.0], [565005.0, 1966665.0], [565035.0, 1966665.0], [565035.0, 1966635.0], [565065.0, 1966635.0], [565065.0, 1966665.0], [565095.0, 1966665.0], [565095.0, 1966725.0], [565005.0, 1966725.0], [565005.0, 1966785.0], [564975.0, 1966785.0], [564975.0, 1966815.0], [564915.0, 1966815.0]]]}, "properties": {"zone_id": "scene_01_DT0000205230-Z0173", "scene": "scene_01_DT0000205230", "pixel_count": 14, "approx_area_m2": 12600.0, "centroid_x": 565009.2857142857, "centroid_y": 1966722.857142857, "mean_risk": 2.0177669525146484, "max_risk": 2.773771047592163, "median_risk": 1.906410813331604, "high_priority_pixel_pct": 100.0, "priority_category": "HIGH PRIORITY", "threshold_type": "95th percentile prioritisation threshold", "recommendation": "Spectral-stress evidence detected. Prioritise field inspection to determine the underlying cause. Field verification required.", "priority_rank": 145}}, {"type": "Feature", "geometry": {"type": "Polygon", "coordinates": [[[580545.0, 1966785.0], [580545.0, 1966755.0], [580515.0, 1966755.0], [580515.0, 1966725.0], [580545.0, 1966725.0], [580545.0, 1966635.0], [580575.0, 1966635.0], [580575.0, 1966665.0], [580605.0, 1966665.0], [580605.0, 1966755.0], [580575.0, 1966755.0], [580575.0, 1966785.0], [580545.0, 1966785.0]]]}, "properties": {"zone_id": "scene_01_DT0000205230-Z0174", "scene": "scene_01_DT0000205230", "pixel_count": 9, "approx_area_m2": 8100.0, "centroid_x": 580566.6666666666, "centroid_y": 1966713.3333333333, "mean_risk": 1.8782774209976196, "max_risk": 2.120283365249634, "median_risk": 1.8429588079452515, "high_priority_pixel_pct": 100.0, "priority_category": "HIGH PRIORITY", "threshold_type": "95th percentile prioritisation threshold", "recommendation": "Spectral-stress evidence detected. Prioritise field inspection to determine the underlying cause. Field verification required.", "priority_rank": 266}}, {"type": "Feature", "geometry": {"type": "Polygon", "coordinates": [[[579435.0, 1966755.0], [579435.0, 1966725.0], [579405.0, 1966725.0], [579405.0, 1966605.0], [579375.0, 1966605.0], [579375.0, 1966455.0], [579465.0, 1966455.0], [579465.0, 1966605.0], [579495.0, 1966605.0], [579495.0, 1966725.0], [579465.0, 1966725.0], [579465.0, 1966755.0], [579435.0, 1966755.0]]]}, "properties": {"zone_id": "scene_01_DT0000205230-Z0175", "scene": "scene_01_DT0000205230", "pixel_count": 28, "approx_area_m2": 25200.0, "centroid_x": 579433.9285714285, "centroid_y": 1966595.357142857, "mean_risk": 2.0438122749328613, "max_risk": 2.554692268371582, "median_risk": 2.0030341148376465, "high_priority_pixel_pct": 100.0, "priority_category": "HIGH PRIORITY", "threshold_type": "95th percentile prioritisation threshold", "recommendation": "Spectral-stress evidence detected. Prioritise field inspection to determine the underlying cause. Field verification required.", "priority_rank": 133}}, {"type": "Feature", "geometry": {"type": "Polygon", "coordinates": [[[578655.0, 1966185.0], [578655.0, 1966155.0], [578625.0, 1966155.0], [578625.0, 1966065.0], [578655.0, 1966065.0], [578655.0, 1966005.0], [578715.0, 1966005.0], [578715.0, 1965975.0], [578775.0, 1965975.0], [578775.0, 1966005.0], [578835.0, 1966005.0], [578835.0, 1965975.0], [578805.0, 1965975.0], [578805.0, 1965945.0], [578835.0, 1965945.0], [578835.0, 1965915.0], [578865.0, 1965915.0], [578865.0, 1965885.0], [578925.0, 1965885.0], [578925.0, 1965975.0], [578955.0, 1965975.0], [578955.0, 1966035.0], [578925.0, 1966035.0], [578925.0, 1966065.0], [578865.0, 1966065.0], [578865.0, 1966095.0], [578835.0, 1966095.0], [578835.0, 1966125.0], [578805.0, 1966125.0], [578805.0, 1966155.0], [578745.0, 1966155.0], [578745.0, 1966185.0], [578655.0, 1966185.0]]]}, "properties": {"zone_id": "scene_01_DT0000205230-Z0176", "scene": "scene_01_DT0000205230", "pixel_count": 177, "approx_area_m2": 159300.0, "centroid_x": 578825.4237288135, "centroid_y": 1966278.813559322, "mean_risk": 2.4034948348999023, "max_risk": 3.4989826679229736, "median_risk": 2.3632683753967285, "high_priority_pixel_pct": 100.0, "priority_category": "HIGH PRIORITY", "threshold_type": "95th percentile prioritisation threshold", "recommendation": "Spectral-stress evidence detected. Prioritise field inspection to determine the underlying cause. Field verification required.", "priority_rank": 42}}, {"type": "Feature", "geometry": {"type": "Polygon", "coordinates": [[[580695.0, 1966665.0], [580695.0, 1966575.0], [580725.0, 1966575.0], [580725.0, 1966545.0], [580785.0, 1966545.0], [580785.0, 1966485.0], [580845.0, 1966485.0], [580845.0, 1966575.0], [580815.0, 1966575.0], [580815.0, 1966605.0], [580755.0, 1966605.0], [580755.0, 1966665.0], [580695.0, 1966665.0]]]}, "properties": {"zone_id": "scene_01_DT0000205230-Z0177", "scene": "scene_01_DT0000205230", "pixel_count": 16, "approx_area_m2": 14400.0, "centroid_x": 580770.0, "centroid_y": 1966575.0, "mean_risk": 1.887369990348816, "max_risk": 2.2157912254333496, "median_risk": 1.8329284191131592, "high_priority_pixel_pct": 100.0, "priority_category": "HIGH PRIORITY", "threshold_type": "95th percentile prioritisation threshold", "recommendation": "Spectral-stress evidence detected. Prioritise field inspection to determine the underlying cause. Field verification required.", "priority_rank": 257}}, {"type": "Feature", "geometry": {"type": "Polygon", "coordinates": [[[557715.0, 1966635.0], [557715.0, 1966545.0], [557745.0, 1966545.0], [557745.0, 1966365.0], [557775.0, 1966365.0], [557775.0, 1966305.0], [557835.0, 1966305.0], [557835.0, 1966365.0], [557865.0, 1966365.0], [557865.0, 1966425.0], [557895.0, 1966425.0], [557895.0, 1966455.0], [557865.0, 1966455.0], [557865.0, 1966485.0], [557775.0, 1966485.0], [557775.0, 1966515.0], [557835.0, 1966515.0], [557835.0, 1966575.0], [557865.0, 1966575.0], [557865.0, 1966605.0], [557835.0, 1966605.0], [557835.0, 1966635.0], [557715.0, 1966635.0]]]}, "properties": {"zone_id": "scene_01_DT0000205230-Z0178", "scene": "scene_01_DT0000205230", "pixel_count": 38, "approx_area_m2": 34200.0, "centroid_x": 557796.3157894737, "centroid_y": 1966482.6315789474, "mean_risk": 2.3604068756103516, "max_risk": 3.6549184322357178, "median_risk": 2.3996007442474365, "high_priority_pixel_pct": 100.0, "priority_category": "HIGH PRIORITY", "threshold_type": "95th percentile prioritisation threshold", "recommendation": "Spectral-stress evidence detected. Prioritise field inspection to determine the underlying cause. Field verification required.", "priority_rank": 48}}, {"type": "Feature", "geometry": {"type": "Polygon", "coordinates": [[[557625.0, 1966605.0], [557625.0, 1966545.0], [557595.0, 1966545.0], [557595.0, 1966515.0], [557565.0, 1966515.0], [557565.0, 1966485.0], [557505.0, 1966485.0], [557505.0, 1966455.0], [557475.0, 1966455.0], [557475.0, 1966395.0], [557445.0, 1966395.0], [557445.0, 1966515.0], [557325.0, 1966515.0], [557325.0, 1966395.0], [557355.0, 1966395.0], [557355.0, 1966305.0], [557415.0, 1966305.0], [557415.0, 1966335.0], [557445.0, 1966335.0], [557445.0, 1966305.0], [557475.0, 1966305.0], [557475.0, 1966335.0], [557535.0, 1966335.0], [557535.0, 1966395.0], [557505.0, 1966395.0], [557505.0, 1966425.0], [557535.0, 1966425.0], [557535.0, 1966455.0], [557595.0, 1966455.0], [557595.0, 1966365.0], [557625.0, 1966365.0], [557625.0, 1966305.0], [557655.0, 1966305.0], [557655.0, 1966275.0], [557685.0, 1966275.0], [557685.0, 1966335.0], [557715.0, 1966335.0], [557715.0, 1966425.0], [557685.0, 1966425.0], [557685.0, 1966575.0], [557655.0, 1966575.0], [557655.0, 1966605.0], [557625.0, 1966605.0]]]}, "properties": {"zone_id": "scene_01_DT0000205230-Z0179", "scene": "scene_01_DT0000205230", "pixel_count": 68, "approx_area_m2": 61200.0, "centroid_x": 557526.1764705882, "centroid_y": 1966426.7647058824, "mean_risk": 2.463862895965576, "max_risk": 3.7117371559143066, "median_risk": 2.354579448699951, "high_priority_pixel_pct": 100.0, "priority_category": "HIGH PRIORITY", "threshold_type": "95th percentile prioritisation threshold", "recommendation": "Spectral-stress evidence detected. Prioritise field inspection to determine the underlying cause. Field verification required.", "priority_rank": 33}}, {"type": "Feature", "geometry": {"type": "Polygon", "coordinates": [[[577425.0, 1965015.0], [577425.0, 1964985.0], [577455.0, 1964985.0], [577455.0, 1965015.0], [577425.0, 1965015.0]]]}, "properties": {"zone_id": "scene_01_DT0000205230-Z0180", "scene": "scene_01_DT0000205230", "pixel_count": 696, "approx_area_m2": 626400.0, "centroid_x": 577322.4137931034, "centroid_y": 1965681.0775862068, "mean_risk": 1.9346634149551392, "max_risk": 2.8697402477264404, "median_risk": 1.8885219097137451, "high_priority_pixel_pct": 100.0, "priority_category": "HIGH PRIORITY", "threshold_type": "95th percentile prioritisation threshold", "recommendation": "Spectral-stress evidence detected. Prioritise field inspection to determine the underlying cause. Field verification required.", "priority_rank": 214}}, {"type": "Feature", "geometry": {"type": "Polygon", "coordinates": [[[567345.0, 1966275.0], [567345.0, 1966245.0], [567285.0, 1966245.0], [567285.0, 1966215.0], [567255.0, 1966215.0], [567255.0, 1966245.0], [567165.0, 1966245.0], [567165.0, 1966155.0], [567225.0, 1966155.0], [567225.0, 1966035.0], [567195.0, 1966035.0], [567195.0, 1966005.0], [567165.0, 1966005.0], [567165.0, 1965975.0], [567195.0, 1965975.0], [567195.0, 1965945.0], [567225.0, 1965945.0], [567225.0, 1965915.0], [567255.0, 1965915.0], [567255.0, 1965885.0], [567195.0, 1965885.0], [567195.0, 1965825.0], [567105.0, 1965825.0], [567105.0, 1965855.0], [567075.0, 1965855.0], [567075.0, 1965915.0], [566985.0, 1965915.0], [566985.0, 1965945.0], [566865.0, 1965945.0], [566865.0, 1965915.0], [566805.0, 1965915.0], [566805.0, 1965765.0], [566835.0, 1965765.0], [566835.0, 1965705.0], [566895.0, 1965705.0], [566895.0, 1965675.0], [566985.0, 1965675.0], [566985.0, 1965585.0], [567015.0, 1965585.0], [567015.0, 1965615.0], [567045.0, 1965615.0], [567045.0, 1965495.0], [567075.0, 1965495.0], [567075.0, 1965435.0], [567105.0, 1965435.0], [567105.0, 1965405.0], [567135.0, 1965405.0], [567135.0, 1965345.0], [567165.0, 1965345.0], [567165.0, 1965315.0], [567195.0, 1965315.0], [567195.0, 1965345.0], [567285.0, 1965345.0], [567285.0, 1965315.0], [567345.0, 1965315.0], [567345.0, 1965285.0], [567375.0, 1965285.0], [567375.0, 1965255.0], [567435.0, 1965255.0], [567435.0, 1965225.0], [567465.0, 1965225.0], [567465.0, 1965255.0], [567525.0, 1965255.0], [567525.0, 1965345.0], [567555.0, 1965345.0], [567555.0, 1965375.0], [567615.0, 1965375.0], [567615.0, 1965435.0], [567585.0, 1965435.0], [567585.0, 1965495.0], [567555.0, 1965495.0], [567555.0, 1965645.0], [567525.0, 1965645.0], [567525.0, 1965675.0], [567585.0, 1965675.0], [567585.0, 1965705.0], [567555.0, 1965705.0], [567555.0, 1965735.0], [567525.0, 1965735.0], [567525.0, 1965765.0], [567555.0, 1965765.0], [567555.0, 1965795.0], [567585.0, 1965795.0], [567585.0, 1965825.0], [567615.0, 1965825.0], [567615.0, 1965945.0], [567645.0, 1965945.0], [567645.0, 1965975.0], [567675.0, 1965975.0], [567675.0, 1966005.0], [567645.0, 1966005.0], [567645.0, 1966095.0], [567615.0, 1966095.0], [567615.0, 1966125.0], [567585.0, 1966125.0], [567585.0, 1966155.0], [567555.0, 1966155.0], [567555.0, 1966185.0], [567525.0, 1966185.0], [567525.0, 1966215.0], [567495.0, 1966215.0], [567495.0, 1966245.0], [567405.0, 1966245.0], [567405.0, 1966275.0], [567345.0, 1966275.0]], [[567225.0, 1966185.0], [567255.0, 1966185.0], [567255.0, 1966155.0], [567225.0, 1966155.0], [567225.0, 1966185.0]]]}, "properties": {"zone_id": "scene_01_DT0000205230-Z0181", "scene": "scene_01_DT0000205230", "pixel_count": 550, "approx_area_m2": 495000.0, "centroid_x": 567301.9090909091, "centroid_y": 1965756.981818182, "mean_risk": 3.1358067989349365, "max_risk": 4.856600761413574, "median_risk": 3.2084779739379883, "high_priority_pixel_pct": 100.0, "priority_category": "HIGH PRIORITY", "threshold_type": "95th percentile prioritisation threshold", "recommendation": "Spectral-stress evidence detected. Prioritise field inspection to determine the underlying cause. Field verification required.", "priority_rank": 5}}, {"type": "Feature", "geometry": {"type": "Polygon", "coordinates": [[[557865.0, 1966245.0], [557865.0, 1966155.0], [557895.0, 1966155.0], [557895.0, 1966125.0], [557925.0, 1966125.0], [557925.0, 1966095.0], [557895.0, 1966095.0], [557895.0, 1966035.0], [557955.0, 1966035.0], [557955.0, 1966125.0], [558045.0, 1966125.0], [558045.0, 1966155.0], [557985.0, 1966155.0], [557985.0, 1966185.0], [557925.0, 1966185.0], [557925.0, 1966245.0], [557865.0, 1966245.0]]]}, "properties": {"zone_id": "scene_01_DT0000205230-Z0182", "scene": "scene_01_DT0000205230", "pixel_count": 18, "approx_area_m2": 16200.0, "centroid_x": 557931.6666666666, "centroid_y": 1966145.0, "mean_risk": 2.166363477706909, "max_risk": 2.8637912273406982, "median_risk": 2.2036006450653076, "high_priority_pixel_pct": 100.0, "priority_category": "HIGH PRIORITY", "threshold_type": "95th percentile prioritisation threshold", "recommendation": "Spectral-stress evidence detected. Prioritise field inspection to determine the underlying cause. Field verification required.", "priority_rank": 92}}, {"type": "Feature", "geometry": {"type": "Polygon", "coordinates": [[[557745.0, 1966215.0], [557745.0, 1966185.0], [557595.0, 1966185.0], [557595.0, 1966155.0], [557715.0, 1966155.0], [557715.0, 1966095.0], [557745.0, 1966095.0], [557745.0, 1966065.0], [557805.0, 1966065.0], [557805.0, 1966035.0], [557835.0, 1966035.0], [557835.0, 1966095.0], [557805.0, 1966095.0], [557805.0, 1966125.0], [557775.0, 1966125.0], [557775.0, 1966155.0], [557805.0, 1966155.0], [557805.0, 1966185.0], [557775.0, 1966185.0], [557775.0, 1966215.0], [557745.0, 1966215.0]]]}, "properties": {"zone_id": "scene_01_DT0000205230-Z0183", "scene": "scene_01_DT0000205230", "pixel_count": 18, "approx_area_m2": 16200.0, "centroid_x": 557733.3333333334, "centroid_y": 1966135.0, "mean_risk": 2.1109371185302734, "max_risk": 2.843310832977295, "median_risk": 1.8908179998397827, "high_priority_pixel_pct": 100.0, "priority_category": "HIGH PRIORITY", "threshold_type": "95th percentile prioritisation threshold", "recommendation": "Spectral-stress evidence detected. Prioritise field inspection to determine the underlying cause. Field verification required.", "priority_rank": 111}}, {"type": "Feature", "geometry": {"type": "Polygon", "coordinates": [[[564825.0, 1966125.0], [564825.0, 1966095.0], [564795.0, 1966095.0], [564795.0, 1966035.0], [564825.0, 1966035.0], [564825.0, 1965885.0], [564855.0, 1965885.0], [564855.0, 1966035.0], [564885.0, 1966035.0], [564885.0, 1966095.0], [564855.0, 1966095.0], [564855.0, 1966125.0], [564825.0, 1966125.0]]]}, "properties": {"zone_id": "scene_01_DT0000205230-Z0184", "scene": "scene_01_DT0000205230", "pixel_count": 12, "approx_area_m2": 10800.0, "centroid_x": 564840.0, "centroid_y": 1966025.0, "mean_risk": 1.9936879873275757, "max_risk": 2.6885948181152344, "median_risk": 1.8679324388504028, "high_priority_pixel_pct": 100.0, "priority_category": "HIGH PRIORITY", "threshold_type": "95th percentile prioritisation threshold", "recommendation": "Spectral-stress evidence detected. Prioritise field inspection to determine the underlying cause. Field verification required.", "priority_rank": 167}}, {"type": "Feature", "geometry": {"type": "Polygon", "coordinates": [[[556905.0, 1966065.0], [556905.0, 1966035.0], [556875.0, 1966035.0], [556875.0, 1965915.0], [556905.0, 1965915.0], [556905.0, 1965885.0], [556935.0, 1965885.0], [556935.0, 1965945.0], [556965.0, 1965945.0], [556965.0, 1966065.0], [556905.0, 1966065.0]]]}, "properties": {"zone_id": "scene_01_DT0000205230-Z0185", "scene": "scene_01_DT0000205230", "pixel_count": 14, "approx_area_m2": 12600.0, "centroid_x": 556920.0, "centroid_y": 1965983.5714285714, "mean_risk": 2.120954751968384, "max_risk": 2.5939433574676514, "median_risk": 2.030639171600342, "high_priority_pixel_pct": 100.0, "priority_category": "HIGH PRIORITY", "threshold_type": "95th percentile prioritisation threshold", "recommendation": "Spectral-stress evidence detected. Prioritise field inspection to determine the underlying cause. Field verification required.", "priority_rank": 106}}, {"type": "Feature", "geometry": {"type": "Polygon", "coordinates": [[[556995.0, 1966065.0], [556995.0, 1965975.0], [557025.0, 1965975.0], [557025.0, 1965945.0], [557085.0, 1965945.0], [557085.0, 1966065.0], [556995.0, 1966065.0]]]}, "properties": {"zone_id": "scene_01_DT0000205230-Z0186", "scene": "scene_01_DT0000205230", "pixel_count": 11, "approx_area_m2": 9900.0, "centroid_x": 557042.7272727273, "centroid_y": 1966009.0909090908, "mean_risk": 2.212827444076538, "max_risk": 3.288651704788208, "median_risk": 1.943735122680664, "high_priority_pixel_pct": 100.0, "priority_category": "HIGH PRIORITY", "threshold_type": "95th percentile prioritisation threshold", "recommendation": "Spectral-stress evidence detected. Prioritise field inspection to determine the underlying cause. Field verification required.", "priority_rank": 80}}, {"type": "Feature", "geometry": {"type": "Polygon", "coordinates": [[[579885.0, 1966065.0], [579885.0, 1966035.0], [579855.0, 1966035.0], [579855.0, 1965885.0], [579825.0, 1965885.0], [579825.0, 1965855.0], [579855.0, 1965855.0], [579855.0, 1965795.0], [579825.0, 1965795.0], [579825.0, 1965765.0], [579855.0, 1965765.0], [579855.0, 1965705.0], [579885.0, 1965705.0], [579885.0, 1965735.0], [579915.0, 1965735.0], [579915.0, 1965885.0], [579945.0, 1965885.0], [579945.0, 1965945.0], [579975.0, 1965945.0], [579975.0, 1966065.0], [579885.0, 1966065.0]]]}, "properties": {"zone_id": "scene_01_DT0000205230-Z0187", "scene": "scene_01_DT0000205230", "pixel_count": 34, "approx_area_m2": 30600.0, "centroid_x": 579899.1176470588, "centroid_y": 1965911.4705882352, "mean_risk": 1.9940979480743408, "max_risk": 2.404475450515747, "median_risk": 1.9740420579910278, "high_priority_pixel_pct": 100.0, "priority_category": "HIGH PRIORITY", "threshold_type": "95th percentile prioritisation threshold", "recommendation": "Spectral-stress evidence detected. Prioritise field inspection to determine the underlying cause. Field verification required.", "priority_rank": 166}}, {"type": "Feature", "geometry": {"type": "Polygon", "coordinates": [[[564915.0, 1965825.0], [564915.0, 1965795.0], [564885.0, 1965795.0], [564885.0, 1965765.0], [564855.0, 1965765.0], [564855.0, 1965735.0], [564825.0, 1965735.0], [564825.0, 1965675.0], [564855.0, 1965675.0], [564855.0, 1965645.0], [564885.0, 1965645.0], [564885.0, 1965615.0], [564915.0, 1965615.0], [564915.0, 1965585.0], [564975.0, 1965585.0], [564975.0, 1965645.0], [565035.0, 1965645.0], [565035.0, 1965705.0], [565005.0, 1965705.0], [565005.0, 1965765.0], [564975.0, 1965765.0], [564975.0, 1965825.0], [564915.0, 1965825.0]]]}, "properties": {"zone_id": "scene_01_DT0000205230-Z0188", "scene": "scene_01_DT0000205230", "pixel_count": 36, "approx_area_m2": 32400.0, "centroid_x": 564930.0, "centroid_y": 1965711.6666666667, "mean_risk": 2.611729621887207, "max_risk": 3.6198484897613525, "median_risk": 2.4860010147094727, "high_priority_pixel_pct": 100.0, "priority_category": "HIGH PRIORITY", "threshold_type": "95th percentile prioritisation threshold", "recommendation": "Spectral-stress evidence detected. Prioritise field inspection to determine the underlying cause. Field verification required.", "priority_rank": 22}}, {"type": "Feature", "geometry": {"type": "Polygon", "coordinates": [[[578595.0, 1965765.0], [578595.0, 1965735.0], [578565.0, 1965735.0], [578565.0, 1965585.0], [578535.0, 1965585.0], [578535.0, 1965555.0], [578565.0, 1965555.0], [578565.0, 1965495.0], [578625.0, 1965495.0], [578625.0, 1965435.0], [578715.0, 1965435.0], [578715.0, 1965405.0], [578745.0, 1965405.0], [578745.0, 1965345.0], [578775.0, 1965345.0], [578775.0, 1965315.0], [578805.0, 1965315.0], [578805.0, 1965255.0], [578835.0, 1965255.0], [578835.0, 1965285.0], [578865.0, 1965285.0], [578865.0, 1965495.0], [578895.0, 1965495.0], [578895.0, 1965615.0], [578865.0, 1965615.0], [578865.0, 1965585.0], [578805.0, 1965585.0], [578805.0, 1965615.0], [578745.0, 1965615.0], [578745.0, 1965525.0], [578685.0, 1965525.0], [578685.0, 1965585.0], [578715.0, 1965585.0], [578715.0, 1965675.0], [578685.0, 1965675.0], [578685.0, 1965705.0], [578655.0, 1965705.0], [578655.0, 1965735.0], [578625.0, 1965735.0], [578625.0, 1965765.0], [578595.0, 1965765.0]]]}, "properties": {"zone_id": "scene_01_DT0000205230-Z0189", "scene": "scene_01_DT0000205230", "pixel_count": 91, "approx_area_m2": 81900.0, "centroid_x": 578725.3846153846, "centroid_y": 1965521.868131868, "mean_risk": 2.2265191078186035, "max_risk": 3.1570723056793213, "median_risk": 2.2534117698669434, "high_priority_pixel_pct": 100.0, "priority_category": "HIGH PRIORITY", "threshold_type": "95th percentile prioritisation threshold", "recommendation": "Spectral-stress evidence detected. Prioritise field inspection to determine the underlying cause. Field verification required.", "priority_rank": 77}}, {"type": "Feature", "geometry": {"type": "Polygon", "coordinates": [[[560325.0, 1965675.0], [560325.0, 1965645.0], [560295.0, 1965645.0], [560295.0, 1965555.0], [560265.0, 1965555.0], [560265.0, 1965585.0], [560085.0, 1965585.0], [560085.0, 1965615.0], [560055.0, 1965615.0], [560055.0, 1965645.0], [560025.0, 1965645.0], [560025.0, 1965585.0], [559965.0, 1965585.0], [559965.0, 1965495.0], [559875.0, 1965495.0], [559875.0, 1965405.0], [559905.0, 1965405.0], [559905.0, 1965315.0], [559875.0, 1965315.0], [559875.0, 1965285.0], [559905.0, 1965285.0], [559905.0, 1965255.0], [559935.0, 1965255.0], [559935.0, 1965225.0], [559995.0, 1965225.0], [559995.0, 1965195.0], [559965.0, 1965195.0], [559965.0, 1965165.0], [559995.0, 1965165.0], [559995.0, 1965045.0], [560085.0, 1965045.0], [560085.0, 1965075.0], [560115.0, 1965075.0], [560115.0, 1965015.0], [560145.0, 1965015.0], [560145.0, 1964985.0], [560175.0, 1964985.0], [560175.0, 1965165.0], [560145.0, 1965165.0], [560145.0, 1965135.0], [560115.0, 1965135.0], [560115.0, 1965105.0], [560025.0, 1965105.0], [560025.0, 1965135.0], [560055.0, 1965135.0], [560055.0, 1965165.0], [560115.0, 1965165.0], [560115.0, 1965195.0], [560085.0, 1965195.0], [560085.0, 1965225.0], [560115.0, 1965225.0], [560115.0, 1965255.0], [560145.0, 1965255.0], [560145.0, 1965225.0], [560175.0, 1965225.0], [560175.0, 1965195.0], [560205.0, 1965195.0], [560205.0, 1965255.0], [560175.0, 1965255.0], [560175.0, 1965345.0], [560235.0, 1965345.0], [560235.0, 1965315.0], [560265.0, 1965315.0], [560265.0, 1965105.0], [560235.0, 1965105.0], [560235.0, 1965045.0], [560265.0, 1965045.0], [560265.0, 1964985.0], [560295.0, 1964985.0], [560295.0, 1964955.0], [560265.0, 1964955.0], [560265.0, 1964865.0], [560235.0, 1964865.0], [560235.0, 1964805.0], [560265.0, 1964805.0], [560265.0, 1964835.0], [560325.0, 1964835.0], [560325.0, 1964865.0], [560355.0, 1964865.0], [560355.0, 1964955.0], [560385.0, 1964955.0], [560385.0, 1965015.0], [560445.0, 1965015.0], [560445.0, 1965105.0], [560475.0, 1965105.0], [560475.0, 1965135.0], [560415.0, 1965135.0], [560415.0, 1965045.0], [560385.0, 1965045.0], [560385.0, 1965075.0], [560355.0, 1965075.0], [560355.0, 1965105.0], [560325.0, 1965105.0], [560325.0, 1965135.0], [560385.0, 1965135.0], [560385.0, 1965165.0], [560415.0, 1965165.0], [560415.0, 1965195.0], [560475.0, 1965195.0], [560475.0, 1965225.0], [560505.0, 1965225.0], [560505.0, 1965255.0], [560535.0, 1965255.0], [560535.0, 1965285.0], [560565.0, 1965285.0], [560565.0, 1965315.0], [560535.0, 1965315.0], [560535.0, 1965375.0], [560505.0, 1965375.0], [560505.0, 1965435.0], [560595.0, 1965435.0], [560595.0, 1965495.0], [560505.0, 1965495.0], [560505.0, 1965645.0], [560475.0, 1965645.0], [560475.0, 1965675.0], [560325.0, 1965675.0]], [[560295.0, 1965195.0], [560325.0, 1965195.0], [560325.0, 1965165.0], [560295.0, 1965165.0], [560295.0, 1965195.0]]]}, "properties": {"zone_id": "scene_01_DT0000205230-Z0190", "scene": "scene_01_DT0000205230", "pixel_count": 343, "approx_area_m2": 308700.0, "centroid_x": 560237.2303206997, "centroid_y": 1965338.1341107872, "mean_risk": 2.150498867034912, "max_risk": 3.1330103874206543, "median_risk": 2.115461587905884, "high_priority_pixel_pct": 100.0, "priority_category": "HIGH PRIORITY", "threshold_type": "95th percentile prioritisation threshold", "recommendation": "Spectral-stress evidence detected. Prioritise field inspection to determine the underlying cause. Field verification required.", "priority_rank": 95}}, {"type": "Feature", "geometry": {"type": "Polygon", "coordinates": [[[566325.0, 1965585.0], [566325.0, 1965525.0], [566355.0, 1965525.0], [566355.0, 1965495.0], [566385.0, 1965495.0], [566385.0, 1965465.0], [566415.0, 1965465.0], [566415.0, 1965375.0], [566505.0, 1965375.0], [566505.0, 1965345.0], [566475.0, 1965345.0], [566475.0, 1965315.0], [566355.0, 1965315.0], [566355.0, 1965285.0], [566325.0, 1965285.0], [566325.0, 1965195.0], [566355.0, 1965195.0], [566355.0, 1965165.0], [566385.0, 1965165.0], [566385.0, 1965135.0], [566445.0, 1965135.0], [566445.0, 1965075.0], [566535.0, 1965075.0], [566535.0, 1965045.0], [566565.0, 1965045.0], [566565.0, 1965015.0], [566625.0, 1965015.0], [566625.0, 1964985.0], [566715.0, 1964985.0], [566715.0, 1964955.0], [566775.0, 1964955.0], [566775.0, 1964925.0], [566865.0, 1964925.0], [566865.0, 1964955.0], [566925.0, 1964955.0], [566925.0, 1964985.0], [566955.0, 1964985.0], [566955.0, 1965255.0], [566895.0, 1965255.0], [566895.0, 1965315.0], [566925.0, 1965315.0], [566925.0, 1965345.0], [566865.0, 1965345.0], [566865.0, 1965405.0], [566775.0, 1965405.0], [566775.0, 1965435.0], [566685.0, 1965435.0], [566685.0, 1965405.0], [566595.0, 1965405.0], [566595.0, 1965435.0], [566565.0, 1965435.0], [566565.0, 1965465.0], [566505.0, 1965465.0], [566505.0, 1965495.0], [566415.0, 1965495.0], [566415.0, 1965525.0], [566385.0, 1965525.0], [566385.0, 1965585.0], [566325.0, 1965585.0]]]}, "properties": {"zone_id": "scene_01_DT0000205230-Z0191", "scene": "scene_01_DT0000205230", "pixel_count": 266, "approx_area_m2": 239400.0, "centroid_x": 566663.5714285715, "centroid_y": 1965214.84962406, "mean_risk": 3.2081079483032227, "max_risk": 4.720612525939941, "median_risk": 3.213658094406128, "high_priority_pixel_pct": 100.0, "priority_category": "HIGH PRIORITY", "threshold_type": "95th percentile prioritisation threshold", "recommendation": "Spectral-stress evidence detected. Prioritise field inspection to determine the underlying cause. Field verification required.", "priority_rank": 3}}, {"type": "Feature", "geometry": {"type": "Polygon", "coordinates": [[[557295.0, 1965525.0], [557295.0, 1965465.0], [557415.0, 1965465.0], [557415.0, 1965435.0], [557445.0, 1965435.0], [557445.0, 1965465.0], [557475.0, 1965465.0], [557475.0, 1965495.0], [557445.0, 1965495.0], [557445.0, 1965525.0], [557415.0, 1965525.0], [557415.0, 1965495.0], [557385.0, 1965495.0], [557385.0, 1965525.0], [557295.0, 1965525.0]]]}, "properties": {"zone_id": "scene_01_DT0000205230-Z0192", "scene": "scene_01_DT0000205230", "pixel_count": 11, "approx_area_m2": 9900.0, "centroid_x": 557380.9090909091, "centroid_y": 1965488.1818181819, "mean_risk": 2.1460657119750977, "max_risk": 2.8993659019470215, "median_risk": 2.1179285049438477, "high_priority_pixel_pct": 100.0, "priority_category": "HIGH PRIORITY", "threshold_type": "95th percentile prioritisation threshold", "recommendation": "Spectral-stress evidence detected. Prioritise field inspection to determine the underlying cause. Field verification required.", "priority_rank": 99}}, {"type": "Feature", "geometry": {"type": "Polygon", "coordinates": [[[559305.0, 1965375.0], [559305.0, 1965285.0], [559215.0, 1965285.0], [559215.0, 1965195.0], [559245.0, 1965195.0], [559245.0, 1965105.0], [559275.0, 1965105.0], [559275.0, 1965135.0], [559305.0, 1965135.0], [559305.0, 1965165.0], [559395.0, 1965165.0], [559395.0, 1965135.0], [559425.0, 1965135.0], [559425.0, 1965195.0], [559395.0, 1965195.0], [559395.0, 1965225.0], [559455.0, 1965225.0], [559455.0, 1965315.0], [559515.0, 1965315.0], [559515.0, 1965375.0], [559425.0, 1965375.0], [559425.0, 1965345.0], [559395.0, 1965345.0], [559395.0, 1965315.0], [559365.0, 1965315.0], [559365.0, 1965345.0], [559335.0, 1965345.0], [559335.0, 1965375.0], [559305.0, 1965375.0]]]}, "properties": {"zone_id": "scene_01_DT0000205230-Z0193", "scene": "scene_01_DT0000205230", "pixel_count": 64, "approx_area_m2": 57600.0, "centroid_x": 559321.40625, "centroid_y": 1965294.84375, "mean_risk": 2.007155656814575, "max_risk": 2.596850633621216, "median_risk": 1.9668281078338623, "high_priority_pixel_pct": 100.0, "priority_category": "HIGH PRIORITY", "threshold_type": "95th percentile prioritisation threshold", "recommendation": "Spectral-stress evidence detected. Prioritise field inspection to determine the underlying cause. Field verification required.", "priority_rank": 152}}, {"type": "Feature", "geometry": {"type": "Polygon", "coordinates": [[[578505.0, 1965435.0], [578505.0, 1965375.0], [578475.0, 1965375.0], [578475.0, 1965195.0], [578505.0, 1965195.0], [578505.0, 1965135.0], [578475.0, 1965135.0], [578475.0, 1965075.0], [578505.0, 1965075.0], [578505.0, 1965045.0], [578475.0, 1965045.0], [578475.0, 1964985.0], [578505.0, 1964985.0], [578505.0, 1965015.0], [578535.0, 1965015.0], [578535.0, 1965045.0], [578565.0, 1965045.0], [578565.0, 1965015.0], [578595.0, 1965015.0], [578595.0, 1964955.0], [578625.0, 1964955.0], [578625.0, 1964805.0], [578655.0, 1964805.0], [578655.0, 1964775.0], [578745.0, 1964775.0], [578745.0, 1964805.0], [578775.0, 1964805.0], [578775.0, 1965015.0], [578805.0, 1965015.0], [578805.0, 1965045.0], [578775.0, 1965045.0], [578775.0, 1965075.0], [578745.0, 1965075.0], [578745.0, 1965105.0], [578715.0, 1965105.0], [578715.0, 1965075.0], [578685.0, 1965075.0], [578685.0, 1964985.0], [578655.0, 1964985.0], [578655.0, 1965045.0], [578595.0, 1965045.0], [578595.0, 1965195.0], [578565.0, 1965195.0], [578565.0, 1965225.0], [578625.0, 1965225.0], [578625.0, 1965285.0], [578565.0, 1965285.0], [578565.0, 1965315.0], [578595.0, 1965315.0], [578595.0, 1965375.0], [578565.0, 1965375.0], [578565.0, 1965435.0], [578505.0, 1965435.0]], [[578715.0, 1964895.0], [578745.0, 1964895.0], [578745.0, 1964835.0], [578715.0, 1964835.0], [578715.0, 1964895.0]]]}, "properties": {"zone_id": "scene_01_DT0000205230-Z0194", "scene": "scene_01_DT0000205230", "pixel_count": 97, "approx_area_m2": 87300.0, "centroid_x": 578615.5670103093, "centroid_y": 1965076.701030928, "mean_risk": 1.933907389640808, "max_risk": 2.4495248794555664, "median_risk": 1.8807470798492432, "high_priority_pixel_pct": 100.0, "priority_category": "HIGH PRIORITY", "threshold_type": "95th percentile prioritisation threshold", "recommendation": "Spectral-stress evidence detected. Prioritise field inspection to determine the underlying cause. Field verification required.", "priority_rank": 217}}, {"type": "Feature", "geometry": {"type": "Polygon", "coordinates": [[[579465.0, 1965345.0], [579465.0, 1965285.0], [579435.0, 1965285.0], [579435.0, 1965195.0], [579465.0, 1965195.0], [579465.0, 1965135.0], [579435.0, 1965135.0], [579435.0, 1965105.0], [579405.0, 1965105.0], [579405.0, 1965165.0], [579345.0, 1965165.0], [579345.0, 1965135.0], [579375.0, 1965135.0], [579375.0, 1965075.0], [579435.0, 1965075.0], [579435.0, 1965045.0], [579465.0, 1965045.0], [579465.0, 1964955.0], [579435.0, 1964955.0], [579435.0, 1964925.0], [579405.0, 1964925.0], [579405.0, 1964895.0], [579375.0, 1964895.0], [579375.0, 1964865.0], [579405.0, 1964865.0], [579405.0, 1964835.0], [579375.0, 1964835.0], [579375.0, 1964805.0], [579345.0, 1964805.0], [579345.0, 1964745.0], [579315.0, 1964745.0], [579315.0, 1964655.0], [579285.0, 1964655.0], [579285.0, 1964445.0], [579315.0, 1964445.0], [579315.0, 1964415.0], [579435.0, 1964415.0], [579435.0, 1964385.0], [579525.0, 1964385.0], [579525.0, 1964565.0], [579555.0, 1964565.0], [579555.0, 1964775.0], [579585.0, 1964775.0], [579585.0, 1965165.0], [579615.0, 1965165.0], [579615.0, 1965195.0], [579645.0, 1965195.0], [579645.0, 1965315.0], [579585.0, 1965315.0], [579585.0, 1965255.0], [579555.0, 1965255.0], [579555.0, 1965315.0], [579525.0, 1965315.0], [579525.0, 1965345.0], [579465.0, 1965345.0]], [[579555.0, 1965225.0], [579585.0, 1965225.0], [579585.0, 1965195.0], [579555.0, 1965195.0], [579555.0, 1965225.0]], [[579315.0, 1964625.0], [579345.0, 1964625.0], [579345.0, 1964565.0], [579315.0, 1964565.0], [579315.0, 1964625.0]], [[579375.0, 1964625.0], [579435.0, 1964625.0], [579435.0, 1964595.0], [579375.0, 1964595.0], [579375.0, 1964625.0]]]}, "properties": {"zone_id": "scene_01_DT0000205230-Z0195", "scene": "scene_01_DT0000205230", "pixel_count": 202, "approx_area_m2": 181800.0, "centroid_x": 579467.2277227723, "centroid_y": 1964827.7227722772, "mean_risk": 2.244722843170166, "max_risk": 3.213391065597534, "median_risk": 2.197946548461914, "high_priority_pixel_pct": 100.0, "priority_category": "HIGH PRIORITY", "threshold_type": "95th percentile prioritisation threshold", "recommendation": "Spectral-stress evidence detected. Prioritise field inspection to determine the underlying cause. Field verification required.", "priority_rank": 70}}, {"type": "Feature", "geometry": {"type": "Polygon", "coordinates": [[[560925.0, 1965225.0], [560925.0, 1965165.0], [560955.0, 1965165.0], [560955.0, 1965135.0], [560985.0, 1965135.0], [560985.0, 1965105.0], [561015.0, 1965105.0], [561015.0, 1965075.0], [561075.0, 1965075.0], [561075.0, 1965105.0], [561045.0, 1965105.0], [561045.0, 1965165.0], [561015.0, 1965165.0], [561015.0, 1965195.0], [560955.0, 1965195.0], [560955.0, 1965225.0], [560925.0, 1965225.0]]]}, "properties": {"zone_id": "scene_01_DT0000205230-Z0196", "scene": "scene_01_DT0000205230", "pixel_count": 11, "approx_area_m2": 9900.0, "centroid_x": 560997.2727272727, "centroid_y": 1965147.2727272727, "mean_risk": 2.061892509460449, "max_risk": 2.520331621170044, "median_risk": 2.0499165058135986, "high_priority_pixel_pct": 100.0, "priority_category": "HIGH PRIORITY", "threshold_type": "95th percentile prioritisation threshold", "recommendation": "Spectral-stress evidence detected. Prioritise field inspection to determine the underlying cause. Field verification required.", "priority_rank": 123}}, {"type": "Feature", "geometry": {"type": "Polygon", "coordinates": [[[579225.0, 1965135.0], [579225.0, 1964895.0], [579255.0, 1964895.0], [579255.0, 1964925.0], [579285.0, 1964925.0], [579285.0, 1965135.0], [579225.0, 1965135.0]]]}, "properties": {"zone_id": "scene_01_DT0000205230-Z0197", "scene": "scene_01_DT0000205230", "pixel_count": 15, "approx_area_m2": 13500.0, "centroid_x": 579254.0, "centroid_y": 1965022.0, "mean_risk": 1.8841646909713745, "max_risk": 2.086852550506592, "median_risk": 1.8349499702453613, "high_priority_pixel_pct": 100.0, "priority_category": "HIGH PRIORITY", "threshold_type": "95th percentile prioritisation threshold", "recommendation": "Spectral-stress evidence detected. Prioritise field inspection to determine the underlying cause. Field verification required.", "priority_rank": 259}}, {"type": "Feature", "geometry": {"type": "Polygon", "coordinates": [[[576885.0, 1965045.0], [576885.0, 1964985.0], [576795.0, 1964985.0], [576795.0, 1964955.0], [576765.0, 1964955.0], [576765.0, 1964925.0], [576795.0, 1964925.0], [576795.0, 1964835.0], [576885.0, 1964835.0], [576885.0, 1964805.0], [576915.0, 1964805.0], [576915.0, 1964865.0], [576945.0, 1964865.0], [576945.0, 1964925.0], [577005.0, 1964925.0], [577005.0, 1964955.0], [576975.0, 1964955.0], [576975.0, 1965045.0], [576885.0, 1965045.0]]]}, "properties": {"zone_id": "scene_01_DT0000205230-Z0198", "scene": "scene_01_DT0000205230", "pixel_count": 35, "approx_area_m2": 31500.0, "centroid_x": 576885.4285714285, "centroid_y": 1964931.4285714286, "mean_risk": 1.853757381439209, "max_risk": 2.0336670875549316, "median_risk": 1.8506087064743042, "high_priority_pixel_pct": 100.0, "priority_category": "HIGH PRIORITY", "threshold_type": "95th percentile prioritisation threshold", "recommendation": "Spectral-stress evidence detected. Prioritise field inspection to determine the underlying cause. Field verification required.", "priority_rank": 280}}, {"type": "Feature", "geometry": {"type": "Polygon", "coordinates": [[[560055.0, 1964655.0], [560055.0, 1964625.0], [560085.0, 1964625.0], [560085.0, 1964655.0], [560055.0, 1964655.0]]]}, "properties": {"zone_id": "scene_01_DT0000205230-Z0199", "scene": "scene_01_DT0000205230", "pixel_count": 40, "approx_area_m2": 36000.0, "centroid_x": 560096.25, "centroid_y": 1964838.0, "mean_risk": 1.9188621044158936, "max_risk": 2.3722658157348633, "median_risk": 1.8804166316986084, "high_priority_pixel_pct": 100.0, "priority_category": "HIGH PRIORITY", "threshold_type": "95th percentile prioritisation threshold", "recommendation": "Spectral-stress evidence detected. Prioritise field inspection to determine the underlying cause. Field verification required.", "priority_rank": 230}}, {"type": "Feature", "geometry": {"type": "Polygon", "coordinates": [[[577095.0, 1964955.0], [577095.0, 1964925.0], [577065.0, 1964925.0], [577065.0, 1964865.0], [577125.0, 1964865.0], [577125.0, 1964715.0], [577095.0, 1964715.0], [577095.0, 1964625.0], [577155.0, 1964625.0], [577155.0, 1964715.0], [577215.0, 1964715.0], [577215.0, 1964655.0], [577275.0, 1964655.0], [577275.0, 1964685.0], [577305.0, 1964685.0], [577305.0, 1964775.0], [577275.0, 1964775.0], [577275.0, 1964895.0], [577245.0, 1964895.0], [577245.0, 1964955.0], [577215.0, 1964955.0], [577215.0, 1964925.0], [577185.0, 1964925.0], [577185.0, 1964895.0], [577155.0, 1964895.0], [577155.0, 1964925.0], [577125.0, 1964925.0], [577125.0, 1964955.0], [577095.0, 1964955.0]]]}, "properties": {"zone_id": "scene_01_DT0000205230-Z0200", "scene": "scene_01_DT0000205230", "pixel_count": 61, "approx_area_m2": 54900.0, "centroid_x": 577173.4426229508, "centroid_y": 1964800.3278688525, "mean_risk": 1.8493776321411133, "max_risk": 2.3933417797088623, "median_risk": 1.8095048666000366, "high_priority_pixel_pct": 100.0, "priority_category": "HIGH PRIORITY", "threshold_type": "95th percentile prioritisation threshold", "recommendation": "Spectral-stress evidence detected. Prioritise field inspection to determine the underlying cause. Field verification required.", "priority_rank": 284}}, {"type": "Feature", "geometry": {"type": "Polygon", "coordinates": [[[560745.0, 1964835.0], [560745.0, 1964745.0], [560715.0, 1964745.0], [560715.0, 1964685.0], [560775.0, 1964685.0], [560775.0, 1964835.0], [560745.0, 1964835.0]]]}, "properties": {"zone_id": "scene_01_DT0000205230-Z0201", "scene": "scene_01_DT0000205230", "pixel_count": 9, "approx_area_m2": 8100.0, "centroid_x": 560760.0, "centroid_y": 1964773.3333333333, "mean_risk": 1.8472936153411865, "max_risk": 2.245783805847168, "median_risk": 1.8104286193847656, "high_priority_pixel_pct": 100.0, "priority_category": "HIGH PRIORITY", "threshold_type": "95th percentile prioritisation threshold", "recommendation": "Spectral-stress evidence detected. Prioritise field inspection to determine the underlying cause. Field verification required.", "priority_rank": 285}}, {"type": "Feature", "geometry": {"type": "Polygon", "coordinates": [[[557985.0, 1964865.0], [557985.0, 1964835.0], [557955.0, 1964835.0], [557955.0, 1964805.0], [557985.0, 1964805.0], [557985.0, 1964715.0], [557955.0, 1964715.0], [557955.0, 1964685.0], [558015.0, 1964685.0], [558015.0, 1964745.0], [558045.0, 1964745.0], [558045.0, 1964775.0], [558015.0, 1964775.0], [558015.0, 1964865.0], [557985.0, 1964865.0]]]}, "properties": {"zone_id": "scene_01_DT0000205230-Z0202", "scene": "scene_01_DT0000205230", "pixel_count": 9, "approx_area_m2": 8100.0, "centroid_x": 557996.6666666666, "centroid_y": 1964770.0, "mean_risk": 1.88447105884552, "max_risk": 2.12833571434021, "median_risk": 1.900891661643982, "high_priority_pixel_pct": 100.0, "priority_category": "HIGH PRIORITY", "threshold_type": "95th percentile prioritisation threshold", "recommendation": "Spectral-stress evidence detected. Prioritise field inspection to determine the underlying cause. Field verification required.", "priority_rank": 258}}, {"type": "Feature", "geometry": {"type": "Polygon", "coordinates": [[[578505.0, 1964835.0], [578505.0, 1964805.0], [578445.0, 1964805.0], [578445.0, 1964775.0], [578415.0, 1964775.0], [578415.0, 1964685.0], [578445.0, 1964685.0], [578445.0, 1964655.0], [578475.0, 1964655.0], [578475.0, 1964565.0], [578445.0, 1964565.0], [578445.0, 1964505.0], [578475.0, 1964505.0], [578475.0, 1964445.0], [578505.0, 1964445.0], [578505.0, 1964475.0], [578535.0, 1964475.0], [578535.0, 1964505.0], [578505.0, 1964505.0], [578505.0, 1964685.0], [578535.0, 1964685.0], [578535.0, 1964745.0], [578565.0, 1964745.0], [578565.0, 1964805.0], [578535.0, 1964805.0], [578535.0, 1964835.0], [578505.0, 1964835.0]]]}, "properties": {"zone_id": "scene_01_DT0000205230-Z0203", "scene": "scene_01_DT0000205230", "pixel_count": 34, "approx_area_m2": 30600.0, "centroid_x": 578489.1176470588, "centroid_y": 1964674.4117647058, "mean_risk": 1.8820008039474487, "max_risk": 2.3725762367248535, "median_risk": 1.8207147121429443, "high_priority_pixel_pct": 100.0, "priority_category": "HIGH PRIORITY", "threshold_type": "95th percentile prioritisation threshold", "recommendation": "Spectral-stress evidence detected. Prioritise field inspection to determine the underlying cause. Field verification required.", "priority_rank": 260}}, {"type": "Feature", "geometry": {"type": "Polygon", "coordinates": [[[578625.0, 1964745.0], [578625.0, 1964685.0], [578685.0, 1964685.0], [578685.0, 1964625.0], [578715.0, 1964625.0], [578715.0, 1964685.0], [578745.0, 1964685.0], [578745.0, 1964745.0], [578685.0, 1964745.0], [578685.0, 1964715.0], [578655.0, 1964715.0], [578655.0, 1964745.0], [578625.0, 1964745.0]]]}, "properties": {"zone_id": "scene_01_DT0000205230-Z0204", "scene": "scene_01_DT0000205230", "pixel_count": 9, "approx_area_m2": 8100.0, "centroid_x": 578690.0, "centroid_y": 1964700.0, "mean_risk": 1.7602591514587402, "max_risk": 1.831946849822998, "median_risk": 1.7642980813980103, "high_priority_pixel_pct": 100.0, "priority_category": "HIGH PRIORITY", "threshold_type": "95th percentile prioritisation threshold", "recommendation": "Spectral-stress evidence detected. Prioritise field inspection to determine the underlying cause. Field verification required.", "priority_rank": 382}}, {"type": "Feature", "geometry": {"type": "Polygon", "coordinates": [[[580125.0, 1964715.0], [580125.0, 1964595.0], [580215.0, 1964595.0], [580215.0, 1964565.0], [580245.0, 1964565.0], [580245.0, 1964625.0], [580215.0, 1964625.0], [580215.0, 1964685.0], [580185.0, 1964685.0], [580185.0, 1964715.0], [580125.0, 1964715.0]]]}, "properties": {"zone_id": "scene_01_DT0000205230-Z0205", "scene": "scene_01_DT0000205230", "pixel_count": 13, "approx_area_m2": 11700.0, "centroid_x": 580176.9230769231, "centroid_y": 1964642.3076923077, "mean_risk": 1.8043172359466553, "max_risk": 1.9883536100387573, "median_risk": 1.81846022605896, "high_priority_pixel_pct": 100.0, "priority_category": "HIGH PRIORITY", "threshold_type": "95th percentile prioritisation threshold", "recommendation": "Spectral-stress evidence detected. Prioritise field inspection to determine the underlying cause. Field verification required.", "priority_rank": 332}}, {"type": "Feature", "geometry": {"type": "Polygon", "coordinates": [[[566085.0, 1964685.0], [566085.0, 1964625.0], [566115.0, 1964625.0], [566115.0, 1964475.0], [566145.0, 1964475.0], [566145.0, 1964445.0], [566175.0, 1964445.0], [566175.0, 1964415.0], [566265.0, 1964415.0], [566265.0, 1964475.0], [566295.0, 1964475.0], [566295.0, 1964565.0], [566265.0, 1964565.0], [566265.0, 1964685.0], [566175.0, 1964685.0], [566175.0, 1964655.0], [566115.0, 1964655.0], [566115.0, 1964685.0], [566085.0, 1964685.0]]]}, "properties": {"zone_id": "scene_01_DT0000205230-Z0206", "scene": "scene_01_DT0000205230", "pixel_count": 45, "approx_area_m2": 40500.0, "centroid_x": 566197.3333333334, "centroid_y": 1964554.6666666667, "mean_risk": 2.8181707859039307, "max_risk": 4.16710901260376, "median_risk": 2.771003246307373, "high_priority_pixel_pct": 100.0, "priority_category": "HIGH PRIORITY", "threshold_type": "95th percentile prioritisation threshold", "recommendation": "Spectral-stress evidence detected. Prioritise field inspection to determine the underlying cause. Field verification required.", "priority_rank": 13}}, {"type": "Feature", "geometry": {"type": "Polygon", "coordinates": [[[566325.0, 1964655.0], [566325.0, 1964565.0], [566355.0, 1964565.0], [566355.0, 1964535.0], [566415.0, 1964535.0], [566415.0, 1964625.0], [566385.0, 1964625.0], [566385.0, 1964655.0], [566325.0, 1964655.0]]]}, "properties": {"zone_id": "scene_01_DT0000205230-Z0207", "scene": "scene_01_DT0000205230", "pixel_count": 10, "approx_area_m2": 9000.0, "centroid_x": 566370.0, "centroid_y": 1964595.0, "mean_risk": 2.273409366607666, "max_risk": 2.7488667964935303, "median_risk": 2.238917350769043, "high_priority_pixel_pct": 100.0, "priority_category": "HIGH PRIORITY", "threshold_type": "95th percentile prioritisation threshold", "recommendation": "Spectral-stress evidence detected. Prioritise field inspection to determine the underlying cause. Field verification required.", "priority_rank": 59}}, {"type": "Feature", "geometry": {"type": "Polygon", "coordinates": [[[580095.0, 1964565.0], [580095.0, 1964535.0], [580065.0, 1964535.0], [580065.0, 1964475.0], [580035.0, 1964475.0], [580035.0, 1964445.0], [580065.0, 1964445.0], [580065.0, 1964415.0], [580125.0, 1964415.0], [580125.0, 1964445.0], [580155.0, 1964445.0], [580155.0, 1964535.0], [580125.0, 1964535.0], [580125.0, 1964565.0], [580095.0, 1964565.0]]]}, "properties": {"zone_id": "scene_01_DT0000205230-Z0208", "scene": "scene_01_DT0000205230", "pixel_count": 13, "approx_area_m2": 11700.0, "centroid_x": 580103.0769230769, "centroid_y": 1964483.076923077, "mean_risk": 1.8885060548782349, "max_risk": 2.1511735916137695, "median_risk": 1.923720359802246, "high_priority_pixel_pct": 100.0, "priority_category": "HIGH PRIORITY", "threshold_type": "95th percentile prioritisation threshold", "recommendation": "Spectral-stress evidence detected. Prioritise field inspection to determine the underlying cause. Field verification required.", "priority_rank": 255}}, {"type": "Feature", "geometry": {"type": "Polygon", "coordinates": [[[558165.0, 1964505.0], [558165.0, 1964475.0], [558135.0, 1964475.0], [558135.0, 1964385.0], [558105.0, 1964385.0], [558105.0, 1964325.0], [558135.0, 1964325.0], [558135.0, 1964295.0], [558165.0, 1964295.0], [558165.0, 1964265.0], [558285.0, 1964265.0], [558285.0, 1964295.0], [558255.0, 1964295.0], [558255.0, 1964325.0], [558225.0, 1964325.0], [558225.0, 1964355.0], [558345.0, 1964355.0], [558345.0, 1964325.0], [558375.0, 1964325.0], [558375.0, 1964295.0], [558435.0, 1964295.0], [558435.0, 1964355.0], [558405.0, 1964355.0], [558405.0, 1964385.0], [558375.0, 1964385.0], [558375.0, 1964415.0], [558345.0, 1964415.0], [558345.0, 1964445.0], [558255.0, 1964445.0], [558255.0, 1964475.0], [558225.0, 1964475.0], [558225.0, 1964505.0], [558165.0, 1964505.0]]]}, "properties": {"zone_id": "scene_01_DT0000205230-Z0209", "scene": "scene_01_DT0000205230", "pixel_count": 48, "approx_area_m2": 43200.0, "centroid_x": 558245.0, "centroid_y": 1964376.875, "mean_risk": 2.490753173828125, "max_risk": 3.45068621635437, "median_risk": 2.5815465450286865, "high_priority_pixel_pct": 100.0, "priority_category": "HIGH PRIORITY", "threshold_type": "95th percentile prioritisation threshold", "recommendation": "Spectral-stress evidence detected. Prioritise field inspection to determine the underlying cause. Field verification required.", "priority_rank": 31}}, {"type": "Feature", "geometry": {"type": "Polygon", "coordinates": [[[558525.0, 1964175.0], [558525.0, 1964145.0], [558555.0, 1964145.0], [558555.0, 1964175.0], [558525.0, 1964175.0]]]}, "properties": {"zone_id": "scene_01_DT0000205230-Z0210", "scene": "scene_01_DT0000205230", "pixel_count": 25, "approx_area_m2": 22500.0, "centroid_x": 558595.2, "centroid_y": 1964317.2, "mean_risk": 1.7865885496139526, "max_risk": 2.006777763366699, "median_risk": 1.7586684226989746, "high_priority_pixel_pct": 100.0, "priority_category": "HIGH PRIORITY", "threshold_type": "95th percentile prioritisation threshold", "recommendation": "Spectral-stress evidence detected. Prioritise field inspection to determine the underlying cause. Field verification required.", "priority_rank": 357}}, {"type": "Feature", "geometry": {"type": "Polygon", "coordinates": [[[575265.0, 1964295.0], [575265.0, 1964265.0], [575235.0, 1964265.0], [575235.0, 1964235.0], [575265.0, 1964235.0], [575265.0, 1964175.0], [575325.0, 1964175.0], [575325.0, 1964295.0], [575265.0, 1964295.0]]]}, "properties": {"zone_id": "scene_01_DT0000205230-Z0211", "scene": "scene_01_DT0000205230", "pixel_count": 9, "approx_area_m2": 8100.0, "centroid_x": 575290.0, "centroid_y": 1964236.6666666667, "mean_risk": 1.7438037395477295, "max_risk": 1.8286666870117188, "median_risk": 1.7240705490112305, "high_priority_pixel_pct": 100.0, "priority_category": "HIGH PRIORITY", "threshold_type": "95th percentile prioritisation threshold", "recommendation": "Spectral-stress evidence detected. Prioritise field inspection to determine the underlying cause. Field verification required.", "priority_rank": 401}}, {"type": "Feature", "geometry": {"type": "Polygon", "coordinates": [[[554385.0, 1964205.0], [554385.0, 1964115.0], [554445.0, 1964115.0], [554445.0, 1964085.0], [554535.0, 1964085.0], [554535.0, 1964145.0], [554415.0, 1964145.0], [554415.0, 1964205.0], [554385.0, 1964205.0]]]}, "properties": {"zone_id": "scene_01_DT0000205230-Z0212", "scene": "scene_01_DT0000205230", "pixel_count": 10, "approx_area_m2": 9000.0, "centroid_x": 554457.0, "centroid_y": 1964130.0, "mean_risk": 1.7793554067611694, "max_risk": 1.928877592086792, "median_risk": 1.7740451097488403, "high_priority_pixel_pct": 100.0, "priority_category": "HIGH PRIORITY", "threshold_type": "95th percentile prioritisation threshold", "recommendation": "Spectral-stress evidence detected. Prioritise field inspection to determine the underlying cause. Field verification required.", "priority_rank": 366}}, {"type": "Feature", "geometry": {"type": "Polygon", "coordinates": [[[575685.0, 1963905.0], [575685.0, 1963815.0], [575655.0, 1963815.0], [575655.0, 1963845.0], [575595.0, 1963845.0], [575595.0, 1963815.0], [575565.0, 1963815.0], [575565.0, 1963845.0], [575505.0, 1963845.0], [575505.0, 1963785.0], [575475.0, 1963785.0], [575475.0, 1963875.0], [575445.0, 1963875.0], [575445.0, 1963845.0], [575385.0, 1963845.0], [575385.0, 1963785.0], [575355.0, 1963785.0], [575355.0, 1963755.0], [575415.0, 1963755.0], [575415.0, 1963665.0], [575385.0, 1963665.0], [575385.0, 1963545.0], [575295.0, 1963545.0], [575295.0, 1963395.0], [575385.0, 1963395.0], [575385.0, 1963425.0], [575415.0, 1963425.0], [575415.0, 1963455.0], [575445.0, 1963455.0], [575445.0, 1963365.0], [575415.0, 1963365.0], [575415.0, 1963335.0], [575475.0, 1963335.0], [575475.0, 1963395.0], [575505.0, 1963395.0], [575505.0, 1963425.0], [575535.0, 1963425.0], [575535.0, 1963455.0], [575565.0, 1963455.0], [575565.0, 1963485.0], [575595.0, 1963485.0], [575595.0, 1963515.0], [575625.0, 1963515.0], [575625.0, 1963575.0], [575655.0, 1963575.0], [575655.0, 1963665.0], [575685.0, 1963665.0], [575685.0, 1963695.0], [575715.0, 1963695.0], [575715.0, 1963755.0], [575745.0, 1963755.0], [575745.0, 1963875.0], [575715.0, 1963875.0], [575715.0, 1963905.0], [575685.0, 1963905.0]], [[575385.0, 1963515.0], [575415.0, 1963515.0], [575415.0, 1963485.0], [575385.0, 1963485.0], [575385.0, 1963515.0]]]}, "properties": {"zone_id": "scene_01_DT0000205230-Z0213", "scene": "scene_01_DT0000205230", "pixel_count": 183, "approx_area_m2": 164700.0, "centroid_x": 575577.5409836066, "centroid_y": 1963721.6393442622, "mean_risk": 1.9477115869522095, "max_risk": 2.867361545562744, "median_risk": 1.8682856559753418, "high_priority_pixel_pct": 100.0, "priority_category": "HIGH PRIORITY", "threshold_type": "95th percentile prioritisation threshold", "recommendation": "Spectral-stress evidence detected. Prioritise field inspection to determine the underlying cause. Field verification required.", "priority_rank": 200}}, {"type": "Feature", "geometry": {"type": "Polygon", "coordinates": [[[553755.0, 1964175.0], [553755.0, 1964145.0], [553725.0, 1964145.0], [553725.0, 1964115.0], [553665.0, 1964115.0], [553665.0, 1964085.0], [553545.0, 1964085.0], [553545.0, 1964055.0], [553575.0, 1964055.0], [553575.0, 1964025.0], [553725.0, 1964025.0], [553725.0, 1964055.0], [553785.0, 1964055.0], [553785.0, 1964115.0], [553815.0, 1964115.0], [553815.0, 1964175.0], [553755.0, 1964175.0]]]}, "properties": {"zone_id": "scene_01_DT0000205230-Z0214", "scene": "scene_01_DT0000205230", "pixel_count": 22, "approx_area_m2": 19800.0, "centroid_x": 553697.7272727273, "centroid_y": 1964085.0, "mean_risk": 1.8013675212860107, "max_risk": 1.9662315845489502, "median_risk": 1.7872143983840942, "high_priority_pixel_pct": 100.0, "priority_category": "HIGH PRIORITY", "threshold_type": "95th percentile prioritisation threshold", "recommendation": "Spectral-stress evidence detected. Prioritise field inspection to determine the underlying cause. Field verification required.", "priority_rank": 336}}, {"type": "Feature", "geometry": {"type": "Polygon", "coordinates": [[[557685.0, 1964145.0], [557685.0, 1964115.0], [557715.0, 1964115.0], [557715.0, 1964055.0], [557685.0, 1964055.0], [557685.0, 1963995.0], [557715.0, 1963995.0], [557715.0, 1963965.0], [557775.0, 1963965.0], [557775.0, 1963995.0], [557805.0, 1963995.0], [557805.0, 1964025.0], [557745.0, 1964025.0], [557745.0, 1964145.0], [557685.0, 1964145.0]]]}, "properties": {"zone_id": "scene_01_DT0000205230-Z0215", "scene": "scene_01_DT0000205230", "pixel_count": 14, "approx_area_m2": 12600.0, "centroid_x": 557721.4285714285, "centroid_y": 1964046.4285714286, "mean_risk": 1.9499529600143433, "max_risk": 2.2351436614990234, "median_risk": 1.9163366556167603, "high_priority_pixel_pct": 100.0, "priority_category": "HIGH PRIORITY", "threshold_type": "95th percentile prioritisation threshold", "recommendation": "Spectral-stress evidence detected. Prioritise field inspection to determine the underlying cause. Field verification required.", "priority_rank": 195}}, {"type": "Feature", "geometry": {"type": "Polygon", "coordinates": [[[560325.0, 1964115.0], [560325.0, 1964085.0], [560235.0, 1964085.0], [560235.0, 1964055.0], [560205.0, 1964055.0], [560205.0, 1963995.0], [560235.0, 1963995.0], [560235.0, 1963965.0], [560295.0, 1963965.0], [560295.0, 1963935.0], [560355.0, 1963935.0], [560355.0, 1963965.0], [560445.0, 1963965.0], [560445.0, 1964055.0], [560415.0, 1964055.0], [560415.0, 1964085.0], [560355.0, 1964085.0], [560355.0, 1964115.0], [560325.0, 1964115.0]]]}, "properties": {"zone_id": "scene_01_DT0000205230-Z0216", "scene": "scene_01_DT0000205230", "pixel_count": 32, "approx_area_m2": 28800.0, "centroid_x": 560328.75, "centroid_y": 1964021.25, "mean_risk": 1.798555850982666, "max_risk": 2.0660300254821777, "median_risk": 1.7882423400878906, "high_priority_pixel_pct": 100.0, "priority_category": "HIGH PRIORITY", "threshold_type": "95th percentile prioritisation threshold", "recommendation": "Spectral-stress evidence detected. Prioritise field inspection to determine the underlying cause. Field verification required.", "priority_rank": 340}}, {"type": "Feature", "geometry": {"type": "Polygon", "coordinates": [[[578175.0, 1963755.0], [578175.0, 1963725.0], [578145.0, 1963725.0], [578145.0, 1963695.0], [578115.0, 1963695.0], [578115.0, 1963725.0], [578085.0, 1963725.0], [578085.0, 1963695.0], [578055.0, 1963695.0], [578055.0, 1963635.0], [578085.0, 1963635.0], [578085.0, 1963575.0], [578115.0, 1963575.0], [578115.0, 1963545.0], [578145.0, 1963545.0], [578145.0, 1963605.0], [578175.0, 1963605.0], [578175.0, 1963575.0], [578205.0, 1963575.0], [578205.0, 1963665.0], [578235.0, 1963665.0], [578235.0, 1963725.0], [578205.0, 1963725.0], [578205.0, 1963755.0], [578175.0, 1963755.0]]]}, "properties": {"zone_id": "scene_01_DT0000205230-Z0217", "scene": "scene_01_DT0000205230", "pixel_count": 24, "approx_area_m2": 21600.0, "centroid_x": 578146.25, "centroid_y": 1963655.0, "mean_risk": 1.8056720495224, "max_risk": 2.080815315246582, "median_risk": 1.7860832214355469, "high_priority_pixel_pct": 100.0, "priority_category": "HIGH PRIORITY", "threshold_type": "95th percentile prioritisation threshold", "recommendation": "Spectral-stress evidence detected. Prioritise field inspection to determine the underlying cause. Field verification required.", "priority_rank": 331}}, {"type": "Feature", "geometry": {"type": "Polygon", "coordinates": [[[566895.0, 1963725.0], [566895.0, 1963575.0], [567015.0, 1963575.0], [567015.0, 1963725.0], [566895.0, 1963725.0]], [[566955.0, 1963635.0], [566985.0, 1963635.0], [566985.0, 1963605.0], [566955.0, 1963605.0], [566955.0, 1963635.0]]]}, "properties": {"zone_id": "scene_01_DT0000205230-Z0218", "scene": "scene_01_DT0000205230", "pixel_count": 19, "approx_area_m2": 17100.0, "centroid_x": 566954.2105263158, "centroid_y": 1963651.5789473683, "mean_risk": 2.4870641231536865, "max_risk": 3.1183152198791504, "median_risk": 2.606100082397461, "high_priority_pixel_pct": 100.0, "priority_category": "HIGH PRIORITY", "threshold_type": "95th percentile prioritisation threshold", "recommendation": "Spectral-stress evidence detected. Prioritise field inspection to determine the underlying cause. Field verification required.", "priority_rank": 32}}, {"type": "Feature", "geometry": {"type": "Polygon", "coordinates": [[[578505.0, 1963725.0], [578505.0, 1963695.0], [578475.0, 1963695.0], [578475.0, 1963545.0], [578445.0, 1963545.0], [578445.0, 1963275.0], [578415.0, 1963275.0], [578415.0, 1963185.0], [578355.0, 1963185.0], [578355.0, 1963155.0], [578385.0, 1963155.0], [578385.0, 1962915.0], [578355.0, 1962915.0], [578355.0, 1962795.0], [578325.0, 1962795.0], [578325.0, 1962675.0], [578355.0, 1962675.0], [578355.0, 1962645.0], [578325.0, 1962645.0], [578325.0, 1962315.0], [578295.0, 1962315.0], [578295.0, 1962225.0], [578325.0, 1962225.0], [578325.0, 1962135.0], [578295.0, 1962135.0], [578295.0, 1962015.0], [578325.0, 1962015.0], [578325.0, 1962045.0], [578415.0, 1962045.0], [578415.0, 1962015.0], [578445.0, 1962015.0], [578445.0, 1962045.0], [578475.0, 1962045.0], [578475.0, 1962105.0], [578505.0, 1962105.0], [578505.0, 1962285.0], [578535.0, 1962285.0], [578535.0, 1962405.0], [578565.0, 1962405.0], [578565.0, 1962645.0], [578595.0, 1962645.0], [578595.0, 1963005.0], [578625.0, 1963005.0], [578625.0, 1963065.0], [578595.0, 1963065.0], [578595.0, 1963095.0], [578625.0, 1963095.0], [578625.0, 1963335.0], [578655.0, 1963335.0], [578655.0, 1963365.0], [578625.0, 1963365.0], [578625.0, 1963545.0], [578595.0, 1963545.0], [578595.0, 1963575.0], [578625.0, 1963575.0], [578625.0, 1963605.0], [578655.0, 1963605.0], [578655.0, 1963665.0], [578595.0, 1963665.0], [578595.0, 1963695.0], [578535.0, 1963695.0], [578535.0, 1963725.0], [578505.0, 1963725.0]]]}, "properties": {"zone_id": "scene_01_DT0000205230-Z0219", "scene": "scene_01_DT0000205230", "pixel_count": 398, "approx_area_m2": 358200.0, "centroid_x": 578473.0402010051, "centroid_y": 1962844.0703517587, "mean_risk": 2.3734686374664307, "max_risk": 3.1488277912139893, "median_risk": 2.4176876544952393, "high_priority_pixel_pct": 100.0, "priority_category": "HIGH PRIORITY", "threshold_type": "95th percentile prioritisation threshold", "recommendation": "Spectral-stress evidence detected. Prioritise field inspection to determine the underlying cause. Field verification required.", "priority_rank": 47}}, {"type": "Feature", "geometry": {"type": "Polygon", "coordinates": [[[553905.0, 1963665.0], [553905.0, 1963545.0], [553875.0, 1963545.0], [553875.0, 1963425.0], [553905.0, 1963425.0], [553905.0, 1963515.0], [553935.0, 1963515.0], [553935.0, 1963665.0], [553905.0, 1963665.0]]]}, "properties": {"zone_id": "scene_01_DT0000205230-Z0220", "scene": "scene_01_DT0000205230", "pixel_count": 9, "approx_area_m2": 8100.0, "centroid_x": 553906.6666666666, "centroid_y": 1963543.3333333333, "mean_risk": 1.758940577507019, "max_risk": 1.8996589183807373, "median_risk": 1.750171422958374, "high_priority_pixel_pct": 100.0, "priority_category": "HIGH PRIORITY", "threshold_type": "95th percentile prioritisation threshold", "recommendation": "Spectral-stress evidence detected. Prioritise field inspection to determine the underlying cause. Field verification required.", "priority_rank": 386}}, {"type": "Feature", "geometry": {"type": "Polygon", "coordinates": [[[577995.0, 1963545.0], [577995.0, 1963365.0], [577965.0, 1963365.0], [577965.0, 1963305.0], [578055.0, 1963305.0], [578055.0, 1963245.0], [577965.0, 1963245.0], [577965.0, 1963185.0], [577995.0, 1963185.0], [577995.0, 1963155.0], [578025.0, 1963155.0], [578025.0, 1963125.0], [578055.0, 1963125.0], [578055.0, 1963155.0], [578085.0, 1963155.0], [578085.0, 1963125.0], [578115.0, 1963125.0], [578115.0, 1963065.0], [578145.0, 1963065.0], [578145.0, 1963125.0], [578175.0, 1963125.0], [578175.0, 1963275.0], [578145.0, 1963275.0], [578145.0, 1963335.0], [578175.0, 1963335.0], [578175.0, 1963365.0], [578205.0, 1963365.0], [578205.0, 1963425.0], [578175.0, 1963425.0], [578175.0, 1963455.0], [578115.0, 1963455.0], [578115.0, 1963515.0], [578025.0, 1963515.0], [578025.0, 1963545.0], [577995.0, 1963545.0]]]}, "properties": {"zone_id": "scene_01_DT0000205230-Z0221", "scene": "scene_01_DT0000205230", "pixel_count": 75, "approx_area_m2": 67500.0, "centroid_x": 578081.6, "centroid_y": 1963315.2, "mean_risk": 1.967075228691101, "max_risk": 2.5976009368896484, "median_risk": 1.9223628044128418, "high_priority_pixel_pct": 100.0, "priority_category": "HIGH PRIORITY", "threshold_type": "95th percentile prioritisation threshold", "recommendation": "Spectral-stress evidence detected. Prioritise field inspection to determine the underlying cause. Field verification required.", "priority_rank": 180}}, {"type": "Feature", "geometry": {"type": "Polygon", "coordinates": [[[579195.0, 1963545.0], [579195.0, 1963515.0], [579135.0, 1963515.0], [579135.0, 1963455.0], [579195.0, 1963455.0], [579195.0, 1963335.0], [579225.0, 1963335.0], [579225.0, 1963425.0], [579285.0, 1963425.0], [579285.0, 1963365.0], [579315.0, 1963365.0], [579315.0, 1963455.0], [579255.0, 1963455.0], [579255.0, 1963515.0], [579225.0, 1963515.0], [579225.0, 1963545.0], [579195.0, 1963545.0]]]}, "properties": {"zone_id": "scene_01_DT0000205230-Z0222", "scene": "scene_01_DT0000205230", "pixel_count": 18, "approx_area_m2": 16200.0, "centroid_x": 579223.3333333334, "centroid_y": 1963450.0, "mean_risk": 1.8690024614334106, "max_risk": 2.3067781925201416, "median_risk": 1.800854206085205, "high_priority_pixel_pct": 100.0, "priority_category": "HIGH PRIORITY", "threshold_type": "95th percentile prioritisation threshold", "recommendation": "Spectral-stress evidence detected. Prioritise field inspection to determine the underlying cause. Field verification required.", "priority_rank": 272}}, {"type": "Feature", "geometry": {"type": "Polygon", "coordinates": [[[574305.0, 1963425.0], [574305.0, 1963335.0], [574335.0, 1963335.0], [574335.0, 1963305.0], [574365.0, 1963305.0], [574365.0, 1963275.0], [574395.0, 1963275.0], [574395.0, 1963335.0], [574365.0, 1963335.0], [574365.0, 1963395.0], [574335.0, 1963395.0], [574335.0, 1963425.0], [574305.0, 1963425.0]]]}, "properties": {"zone_id": "scene_01_DT0000205230-Z0223", "scene": "scene_01_DT0000205230", "pixel_count": 12, "approx_area_m2": 10800.0, "centroid_x": 574352.5, "centroid_y": 1963385.0, "mean_risk": 1.842002511024475, "max_risk": 2.213291645050049, "median_risk": 1.8072264194488525, "high_priority_pixel_pct": 100.0, "priority_category": "HIGH PRIORITY", "threshold_type": "95th percentile prioritisation threshold", "recommendation": "Spectral-stress evidence detected. Prioritise field inspection to determine the underlying cause. Field verification required.", "priority_rank": 288}}, {"type": "Feature", "geometry": {"type": "Polygon", "coordinates": [[[577005.0, 1963455.0], [577005.0, 1963425.0], [576975.0, 1963425.0], [576975.0, 1963365.0], [576945.0, 1963365.0], [576945.0, 1963335.0], [576915.0, 1963335.0], [576915.0, 1963215.0], [576825.0, 1963215.0], [576825.0, 1963335.0], [576765.0, 1963335.0], [576765.0, 1963215.0], [576795.0, 1963215.0], [576795.0, 1963185.0], [576855.0, 1963185.0], [576855.0, 1962975.0], [576885.0, 1962975.0], [576885.0, 1962945.0], [576945.0, 1962945.0], [576945.0, 1962975.0], [576975.0, 1962975.0], [576975.0, 1962945.0], [577005.0, 1962945.0], [577005.0, 1963065.0], [576975.0, 1963065.0], [576975.0, 1963125.0], [577005.0, 1963125.0], [577005.0, 1963185.0], [577035.0, 1963185.0], [577035.0, 1963275.0], [577065.0, 1963275.0], [577065.0, 1963365.0], [577125.0, 1963365.0], [577125.0, 1963395.0], [577065.0, 1963395.0], [577065.0, 1963425.0], [577035.0, 1963425.0], [577035.0, 1963455.0], [577005.0, 1963455.0]]]}, "properties": {"zone_id": "scene_01_DT0000205230-Z0224", "scene": "scene_01_DT0000205230", "pixel_count": 83, "approx_area_m2": 74700.0, "centroid_x": 576941.2048192772, "centroid_y": 1963196.0240963856, "mean_risk": 1.948202133178711, "max_risk": 2.4659156799316406, "median_risk": 1.9357575178146362, "high_priority_pixel_pct": 100.0, "priority_category": "HIGH PRIORITY", "threshold_type": "95th percentile prioritisation threshold", "recommendation": "Spectral-stress evidence detected. Prioritise field inspection to determine the underlying cause. Field verification required.", "priority_rank": 199}}, {"type": "Feature", "geometry": {"type": "Polygon", "coordinates": [[[574785.0, 1963335.0], [574785.0, 1963185.0], [574815.0, 1963185.0], [574815.0, 1963125.0], [574845.0, 1963125.0], [574845.0, 1963005.0], [574875.0, 1963005.0], [574875.0, 1962975.0], [574935.0, 1962975.0], [574935.0, 1963035.0], [574965.0, 1963035.0], [574965.0, 1963095.0], [574935.0, 1963095.0], [574935.0, 1963125.0], [574965.0, 1963125.0], [574965.0, 1963155.0], [574875.0, 1963155.0], [574875.0, 1963245.0], [574845.0, 1963245.0], [574845.0, 1963335.0], [574785.0, 1963335.0]]]}, "properties": {"zone_id": "scene_01_DT0000205230-Z0225", "scene": "scene_01_DT0000205230", "pixel_count": 35, "approx_area_m2": 31500.0, "centroid_x": 574868.5714285715, "centroid_y": 1963141.7142857143, "mean_risk": 1.9030195474624634, "max_risk": 2.1448681354522705, "median_risk": 1.9072333574295044, "high_priority_pixel_pct": 100.0, "priority_category": "HIGH PRIORITY", "threshold_type": "95th percentile prioritisation threshold", "recommendation": "Spectral-stress evidence detected. Prioritise field inspection to determine the underlying cause. Field verification required.", "priority_rank": 240}}, {"type": "Feature", "geometry": {"type": "Polygon", "coordinates": [[[553335.0, 1963305.0], [553335.0, 1963275.0], [553305.0, 1963275.0], [553305.0, 1963245.0], [553335.0, 1963245.0], [553335.0, 1963185.0], [553425.0, 1963185.0], [553425.0, 1963065.0], [553455.0, 1963065.0], [553455.0, 1963245.0], [553395.0, 1963245.0], [553395.0, 1963275.0], [553365.0, 1963275.0], [553365.0, 1963305.0], [553335.0, 1963305.0]]]}, "properties": {"zone_id": "scene_01_DT0000205230-Z0226", "scene": "scene_01_DT0000205230", "pixel_count": 16, "approx_area_m2": 14400.0, "centroid_x": 553395.0, "centroid_y": 1963205.625, "mean_risk": 1.7772479057312012, "max_risk": 1.925546646118164, "median_risk": 1.7567181587219238, "high_priority_pixel_pct": 100.0, "priority_category": "HIGH PRIORITY", "threshold_type": "95th percentile prioritisation threshold", "recommendation": "Spectral-stress evidence detected. Prioritise field inspection to determine the underlying cause. Field verification required.", "priority_rank": 368}}, {"type": "Feature", "geometry": {"type": "Polygon", "coordinates": [[[557865.0, 1963275.0], [557865.0, 1963245.0], [557835.0, 1963245.0], [557835.0, 1963155.0], [557745.0, 1963155.0], [557745.0, 1962975.0], [557775.0, 1962975.0], [557775.0, 1962945.0], [557805.0, 1962945.0], [557805.0, 1962915.0], [557865.0, 1962915.0], [557865.0, 1962975.0], [557895.0, 1962975.0], [557895.0, 1963035.0], [557955.0, 1963035.0], [557955.0, 1963065.0], [558045.0, 1963065.0], [558045.0, 1963005.0], [557955.0, 1963005.0], [557955.0, 1962975.0], [557985.0, 1962975.0], [557985.0, 1962885.0], [558015.0, 1962885.0], [558015.0, 1962855.0], [557925.0, 1962855.0], [557925.0, 1962885.0], [557895.0, 1962885.0], [557895.0, 1962855.0], [557835.0, 1962855.0], [557835.0, 1962795.0], [557865.0, 1962795.0], [557865.0, 1962765.0], [557835.0, 1962765.0], [557835.0, 1962735.0], [557775.0, 1962735.0], [557775.0, 1962675.0], [557835.0, 1962675.0], [557835.0, 1962555.0], [557865.0, 1962555.0], [557865.0, 1962525.0], [557925.0, 1962525.0], [557925.0, 1962555.0], [557955.0, 1962555.0], [557955.0, 1962585.0], [558015.0, 1962585.0], [558015.0, 1962645.0], [557985.0, 1962645.0], [557985.0, 1962675.0], [557955.0, 1962675.0], [557955.0, 1962705.0], [557925.0, 1962705.0], [557925.0, 1962765.0], [557955.0, 1962765.0], [557955.0, 1962795.0], [557985.0, 1962795.0], [557985.0, 1962765.0], [558015.0, 1962765.0], [558015.0, 1962735.0], [558045.0, 1962735.0], [558045.0, 1962705.0], [558075.0, 1962705.0], [558075.0, 1962675.0], [558105.0, 1962675.0], [558105.0, 1962585.0], [558135.0, 1962585.0], [558135.0, 1962615.0], [558195.0, 1962615.0], [558195.0, 1962735.0], [558165.0, 1962735.0], [558165.0, 1962795.0], [558195.0, 1962795.0], [558195.0, 1962765.0], [558255.0, 1962765.0], [558255.0, 1962705.0], [558285.0, 1962705.0], [558285.0, 1962675.0], [558405.0, 1962675.0], [558405.0, 1962705.0], [558435.0, 1962705.0], [558435.0, 1962735.0], [558375.0, 1962735.0], [558375.0, 1962705.0], [558345.0, 1962705.0], [558345.0, 1962735.0], [558315.0, 1962735.0], [558315.0, 1962795.0], [558285.0, 1962795.0], [558285.0, 1962825.0], [558225.0, 1962825.0], [558225.0, 1962855.0], [558195.0, 1962855.0], [558195.0, 1962915.0], [558105.0, 1962915.0], [558105.0, 1962945.0], [558075.0, 1962945.0], [558075.0, 1962975.0], [558135.0, 1962975.0], [558135.0, 1962945.0], [558165.0, 1962945.0], [558165.0, 1963035.0], [558195.0, 1963035.0], [558195.0, 1963095.0], [558135.0, 1963095.0], [558135.0, 1963065.0], [558075.0, 1963065.0], [558075.0, 1963185.0], [558135.0, 1963185.0], [558135.0, 1963245.0], [558105.0, 1963245.0], [558105.0, 1963275.0], [558075.0, 1963275.0], [558075.0, 1963245.0], [558045.0, 1963245.0], [558045.0, 1963215.0], [558015.0, 1963215.0], [558015.0, 1963185.0], [558045.0, 1963185.0], [558045.0, 1963125.0], [557955.0, 1963125.0], [557955.0, 1963185.0], [557925.0, 1963185.0], [557925.0, 1963245.0], [557895.0, 1963245.0], [557895.0, 1963275.0], [557865.0, 1963275.0]]]}, "properties": {"zone_id": "scene_01_DT0000205230-Z0227", "scene": "scene_01_DT0000205230", "pixel_count": 223, "approx_area_m2": 200700.0, "centroid_x": 558004.4394618834, "centroid_y": 1962891.3901345292, "mean_risk": 2.5698583126068115, "max_risk": 4.394794940948486, "median_risk": 2.436774969100952, "high_priority_pixel_pct": 100.0, "priority_category": "HIGH PRIORITY", "threshold_type": "95th percentile prioritisation threshold", "recommendation": "Spectral-stress evidence detected. Prioritise field inspection to determine the underlying cause. Field verification required.", "priority_rank": 26}}, {"type": "Feature", "geometry": {"type": "Polygon", "coordinates": [[[555645.0, 1963185.0], [555645.0, 1962975.0], [555675.0, 1962975.0], [555675.0, 1963035.0], [555705.0, 1963035.0], [555705.0, 1963095.0], [555735.0, 1963095.0], [555735.0, 1963125.0], [555705.0, 1963125.0], [555705.0, 1963155.0], [555675.0, 1963155.0], [555675.0, 1963185.0], [555645.0, 1963185.0]]]}, "properties": {"zone_id": "scene_01_DT0000205230-Z0228", "scene": "scene_01_DT0000205230", "pixel_count": 12, "approx_area_m2": 10800.0, "centroid_x": 555675.0, "centroid_y": 1963087.5, "mean_risk": 1.8119639158248901, "max_risk": 1.9180210828781128, "median_risk": 1.7691068649291992, "high_priority_pixel_pct": 100.0, "priority_category": "HIGH PRIORITY", "threshold_type": "95th percentile prioritisation threshold", "recommendation": "Spectral-stress evidence detected. Prioritise field inspection to determine the underlying cause. Field verification required.", "priority_rank": 324}}, {"type": "Feature", "geometry": {"type": "Polygon", "coordinates": [[[577185.0, 1963185.0], [577185.0, 1963095.0], [577155.0, 1963095.0], [577155.0, 1963035.0], [577125.0, 1963035.0], [577125.0, 1962885.0], [577095.0, 1962885.0], [577095.0, 1962735.0], [577065.0, 1962735.0], [577065.0, 1962675.0], [577035.0, 1962675.0], [577035.0, 1962555.0], [577005.0, 1962555.0], [577005.0, 1962405.0], [576975.0, 1962405.0], [576975.0, 1962315.0], [576945.0, 1962315.0], [576945.0, 1962135.0], [576915.0, 1962135.0], [576915.0, 1962075.0], [576945.0, 1962075.0], [576945.0, 1962015.0], [576915.0, 1962015.0], [576915.0, 1961925.0], [576945.0, 1961925.0], [576945.0, 1961865.0], [576975.0, 1961865.0], [576975.0, 1961835.0], [577035.0, 1961835.0], [577035.0, 1961715.0], [577065.0, 1961715.0], [577065.0, 1961685.0], [577095.0, 1961685.0], [577095.0, 1961595.0], [577215.0, 1961595.0], [577215.0, 1961625.0], [577245.0, 1961625.0], [577245.0, 1961475.0], [577305.0, 1961475.0], [577305.0, 1961535.0], [577335.0, 1961535.0], [577335.0, 1961505.0], [577365.0, 1961505.0], [577365.0, 1961415.0], [577485.0, 1961415.0], [577485.0, 1961385.0], [577515.0, 1961385.0], [577515.0, 1961415.0], [577545.0, 1961415.0], [577545.0, 1961505.0], [577575.0, 1961505.0], [577575.0, 1961535.0], [577605.0, 1961535.0], [577605.0, 1961595.0], [577575.0, 1961595.0], [577575.0, 1961685.0], [577545.0, 1961685.0], [577545.0, 1961715.0], [577485.0, 1961715.0], [577485.0, 1961685.0], [577455.0, 1961685.0], [577455.0, 1961865.0], [577425.0, 1961865.0], [577425.0, 1961985.0], [577395.0, 1961985.0], [577395.0, 1962015.0], [577425.0, 1962015.0], [577425.0, 1962105.0], [577455.0, 1962105.0], [577455.0, 1962285.0], [577425.0, 1962285.0], [577425.0, 1962345.0], [577395.0, 1962345.0], [577395.0, 1962375.0], [577365.0, 1962375.0], [577365.0, 1962345.0], [577335.0, 1962345.0], [577335.0, 1962315.0], [577305.0, 1962315.0], [577305.0, 1962075.0], [577275.0, 1962075.0], [577275.0, 1961985.0], [577215.0, 1961985.0], [577215.0, 1962045.0], [577125.0, 1962045.0], [577125.0, 1962105.0], [577155.0, 1962105.0], [577155.0, 1962075.0], [577215.0, 1962075.0], [577215.0, 1962165.0], [577155.0, 1962165.0], [577155.0, 1962195.0], [577125.0, 1962195.0], [577125.0, 1962225.0], [577095.0, 1962225.0], [577095.0, 1962255.0], [577155.0, 1962255.0], [577155.0, 1962345.0], [577125.0, 1962345.0], [577125.0, 1962315.0], [577095.0, 1962315.0], [577095.0, 1962525.0], [577125.0, 1962525.0], [577125.0, 1962585.0], [577095.0, 1962585.0], [577095.0, 1962675.0], [577125.0, 1962675.0], [577125.0, 1962735.0], [577155.0, 1962735.0], [577155.0, 1962765.0], [577185.0, 1962765.0], [577185.0, 1962885.0], [577215.0, 1962885.0], [577215.0, 1962915.0], [577245.0, 1962915.0], [577245.0, 1963125.0], [577275.0, 1963125.0], [577275.0, 1963155.0], [577245.0, 1963155.0], [577245.0, 1963185.0], [577185.0, 1963185.0]], [[577065.0, 1961985.0], [577095.0, 1961985.0], [577095.0, 1961955.0], [577125.0, 1961955.0], [577125.0, 1961985.0], [577155.0, 1961985.0], [577155.0, 1961895.0], [577185.0, 1961895.0], [577185.0, 1961865.0], [577125.0, 1961865.0], [577125.0, 1961895.0], [577065.0, 1961895.0], [577065.0, 1961985.0]], [[577335.0, 1961955.0], [577365.0, 1961955.0], [577365.0, 1961865.0], [577395.0, 1961865.0], [577395.0, 1961805.0], [577365.0, 1961805.0], [577365.0, 1961535.0], [577335.0, 1961535.0], [577335.0, 1961745.0], [577305.0, 1961745.0], [577305.0, 1961775.0], [577335.0, 1961775.0], [577335.0, 1961835.0], [577305.0, 1961835.0], [577305.0, 1961925.0], [577335.0, 1961925.0], [577335.0, 1961955.0]], [[577185.0, 1961865.0], [577215.0, 1961865.0], [577215.0, 1961745.0], [577185.0, 1961745.0], [577185.0, 1961865.0]], [[577065.0, 1961805.0], [577095.0, 1961805.0], [577095.0, 1961775.0], [577065.0, 1961775.0], [577065.0, 1961805.0]], [[577125.0, 1961745.0], [577155.0, 1961745.0], [577155.0, 1961715.0], [577125.0, 1961715.0], [577125.0, 1961745.0]], [[577455.0, 1961535.0], [577485.0, 1961535.0], [577485.0, 1961505.0], [577455.0, 1961505.0], [577455.0, 1961535.0]]]}, "properties": {"zone_id": "scene_01_DT0000205230-Z0229", "scene": "scene_01_DT0000205230", "pixel_count": 448, "approx_area_m2": 403200.0, "centroid_x": 577221.8303571428, "centroid_y": 1962055.9151785714, "mean_risk": 2.0568575859069824, "max_risk": 2.9578843116760254, "median_risk": 1.9865620136260986, "high_priority_pixel_pct": 100.0, "priority_category": "HIGH PRIORITY", "threshold_type": "95th percentile prioritisation threshold", "recommendation": "Spectral-stress evidence detected. Prioritise field inspection to determine the underlying cause. Field verification required.", "priority_rank": 125}}, {"type": "Feature", "geometry": {"type": "Polygon", "coordinates": [[[578925.0, 1963155.0], [578925.0, 1963035.0], [578895.0, 1963035.0], [578895.0, 1962945.0], [578865.0, 1962945.0], [578865.0, 1962885.0], [578835.0, 1962885.0], [578835.0, 1962825.0], [578805.0, 1962825.0], [578805.0, 1962765.0], [578835.0, 1962765.0], [578835.0, 1962675.0], [578895.0, 1962675.0], [578895.0, 1962735.0], [578925.0, 1962735.0], [578925.0, 1962765.0], [578955.0, 1962765.0], [578955.0, 1962855.0], [578925.0, 1962855.0], [578925.0, 1962885.0], [578955.0, 1962885.0], [578955.0, 1962975.0], [578985.0, 1962975.0], [578985.0, 1963005.0], [578955.0, 1963005.0], [578955.0, 1963155.0], [578925.0, 1963155.0]]]}, "properties": {"zone_id": "scene_01_DT0000205230-Z0230", "scene": "scene_01_DT0000205230", "pixel_count": 41, "approx_area_m2": 36900.0, "centroid_x": 578899.0243902439, "centroid_y": 1962872.9268292682, "mean_risk": 1.9236524105072021, "max_risk": 2.265787124633789, "median_risk": 1.8819643259048462, "high_priority_pixel_pct": 100.0, "priority_category": "HIGH PRIORITY", "threshold_type": "95th percentile prioritisation threshold", "recommendation": "Spectral-stress evidence detected. Prioritise field inspection to determine the underlying cause. Field verification required.", "priority_rank": 225}}, {"type": "Feature", "geometry": {"type": "Polygon", "coordinates": [[[577995.0, 1963065.0], [577995.0, 1963035.0], [577965.0, 1963035.0], [577965.0, 1962975.0], [577995.0, 1962975.0], [577995.0, 1962945.0], [578025.0, 1962945.0], [578025.0, 1962915.0], [578055.0, 1962915.0], [578055.0, 1962945.0], [578085.0, 1962945.0], [578085.0, 1962915.0], [578145.0, 1962915.0], [578145.0, 1963035.0], [578055.0, 1963035.0], [578055.0, 1963065.0], [577995.0, 1963065.0]]]}, "properties": {"zone_id": "scene_01_DT0000205230-Z0231", "scene": "scene_01_DT0000205230", "pixel_count": 22, "approx_area_m2": 19800.0, "centroid_x": 578060.4545454546, "centroid_y": 1962988.6363636365, "mean_risk": 1.941372036933899, "max_risk": 2.353800058364868, "median_risk": 1.8962116241455078, "high_priority_pixel_pct": 100.0, "priority_category": "HIGH PRIORITY", "threshold_type": "95th percentile prioritisation threshold", "recommendation": "Spectral-stress evidence detected. Prioritise field inspection to determine the underlying cause. Field verification required.", "priority_rank": 206}}, {"type": "Feature", "geometry": {"type": "Polygon", "coordinates": [[[555345.0, 1963005.0], [555345.0, 1962915.0], [555315.0, 1962915.0], [555315.0, 1962735.0], [555345.0, 1962735.0], [555345.0, 1962765.0], [555375.0, 1962765.0], [555375.0, 1963005.0], [555345.0, 1963005.0]]]}, "properties": {"zone_id": "scene_01_DT0000205230-Z0232", "scene": "scene_01_DT0000205230", "pixel_count": 14, "approx_area_m2": 12600.0, "centroid_x": 555347.1428571428, "centroid_y": 1962859.2857142857, "mean_risk": 1.8517608642578125, "max_risk": 2.0348315238952637, "median_risk": 1.8708943128585815, "high_priority_pixel_pct": 100.0, "priority_category": "HIGH PRIORITY", "threshold_type": "95th percentile prioritisation threshold", "recommendation": "Spectral-stress evidence detected. Prioritise field inspection to determine the underlying cause. Field verification required.", "priority_rank": 281}}, {"type": "Feature", "geometry": {"type": "Polygon", "coordinates": [[[579075.0, 1962975.0], [579075.0, 1962945.0], [579045.0, 1962945.0], [579045.0, 1962915.0], [579015.0, 1962915.0], [579015.0, 1962765.0], [579045.0, 1962765.0], [579045.0, 1962855.0], [579075.0, 1962855.0], [579075.0, 1962915.0], [579105.0, 1962915.0], [579105.0, 1962975.0], [579075.0, 1962975.0]]]}, "properties": {"zone_id": "scene_01_DT0000205230-Z0233", "scene": "scene_01_DT0000205230", "pixel_count": 10, "approx_area_m2": 9000.0, "centroid_x": 579051.0, "centroid_y": 1962879.0, "mean_risk": 1.7966804504394531, "max_risk": 1.939269781112671, "median_risk": 1.7990392446517944, "high_priority_pixel_pct": 100.0, "priority_category": "HIGH PRIORITY", "threshold_type": "95th percentile prioritisation threshold", "recommendation": "Spectral-stress evidence detected. Prioritise field inspection to determine the underlying cause. Field verification required.", "priority_rank": 344}}, {"type": "Feature", "geometry": {"type": "Polygon", "coordinates": [[[572265.0, 1962915.0], [572265.0, 1962885.0], [572235.0, 1962885.0], [572235.0, 1962855.0], [572175.0, 1962855.0], [572175.0, 1962885.0], [572145.0, 1962885.0], [572145.0, 1962795.0], [572175.0, 1962795.0], [572175.0, 1962765.0], [572235.0, 1962765.0], [572235.0, 1962795.0], [572265.0, 1962795.0], [572265.0, 1962735.0], [572295.0, 1962735.0], [572295.0, 1962765.0], [572325.0, 1962765.0], [572325.0, 1962915.0], [572265.0, 1962915.0]]]}, "properties": {"zone_id": "scene_01_DT0000205230-Z0234", "scene": "scene_01_DT0000205230", "pixel_count": 23, "approx_area_m2": 20700.0, "centroid_x": 572247.3913043478, "centroid_y": 1962828.2608695652, "mean_risk": 2.0135695934295654, "max_risk": 2.656087875366211, "median_risk": 2.0246989727020264, "high_priority_pixel_pct": 100.0, "priority_category": "HIGH PRIORITY", "threshold_type": "95th percentile prioritisation threshold", "recommendation": "Spectral-stress evidence detected. Prioritise field inspection to determine the underlying cause. Field verification required.", "priority_rank": 148}}, {"type": "Feature", "geometry": {"type": "Polygon", "coordinates": [[[555825.0, 1962795.0], [555825.0, 1962765.0], [555855.0, 1962765.0], [555855.0, 1962705.0], [555885.0, 1962705.0], [555885.0, 1962675.0], [555975.0, 1962675.0], [555975.0, 1962735.0], [555945.0, 1962735.0], [555945.0, 1962765.0], [555885.0, 1962765.0], [555885.0, 1962795.0], [555825.0, 1962795.0]]]}, "properties": {"zone_id": "scene_01_DT0000205230-Z0235", "scene": "scene_01_DT0000205230", "pixel_count": 15, "approx_area_m2": 13500.0, "centroid_x": 555886.0, "centroid_y": 1962752.0, "mean_risk": 1.8042502403259277, "max_risk": 1.9146192073822021, "median_risk": 1.8017818927764893, "high_priority_pixel_pct": 100.0, "priority_category": "HIGH PRIORITY", "threshold_type": "95th percentile prioritisation threshold", "recommendation": "Spectral-stress evidence detected. Prioritise field inspection to determine the underlying cause. Field verification required.", "priority_rank": 333}}, {"type": "Feature", "geometry": {"type": "Polygon", "coordinates": [[[576795.0, 1962525.0], [576795.0, 1962465.0], [576825.0, 1962465.0], [576825.0, 1962525.0], [576795.0, 1962525.0]]]}, "properties": {"zone_id": "scene_01_DT0000205230-Z0236", "scene": "scene_01_DT0000205230", "pixel_count": 30, "approx_area_m2": 27000.0, "centroid_x": 576818.0, "centroid_y": 1962619.0, "mean_risk": 1.9817489385604858, "max_risk": 2.447659492492676, "median_risk": 1.9683952331542969, "high_priority_pixel_pct": 100.0, "priority_category": "HIGH PRIORITY", "threshold_type": "95th percentile prioritisation threshold", "recommendation": "Spectral-stress evidence detected. Prioritise field inspection to determine the underlying cause. Field verification required.", "priority_rank": 173}}, {"type": "Feature", "geometry": {"type": "Polygon", "coordinates": [[[572895.0, 1962675.0], [572895.0, 1962645.0], [572835.0, 1962645.0], [572835.0, 1962555.0], [572805.0, 1962555.0], [572805.0, 1962525.0], [572835.0, 1962525.0], [572835.0, 1962495.0], [572865.0, 1962495.0], [572865.0, 1962465.0], [572925.0, 1962465.0], [572925.0, 1962495.0], [572955.0, 1962495.0], [572955.0, 1962525.0], [572985.0, 1962525.0], [572985.0, 1962555.0], [572955.0, 1962555.0], [572955.0, 1962675.0], [572895.0, 1962675.0]], [[572895.0, 1962555.0], [572925.0, 1962555.0], [572925.0, 1962525.0], [572895.0, 1962525.0], [572895.0, 1962555.0]]]}, "properties": {"zone_id": "scene_01_DT0000205230-Z0237", "scene": "scene_01_DT0000205230", "pixel_count": 25, "approx_area_m2": 22500.0, "centroid_x": 572896.8, "centroid_y": 1962568.8, "mean_risk": 2.0011589527130127, "max_risk": 2.4884586334228516, "median_risk": 1.9555819034576416, "high_priority_pixel_pct": 100.0, "priority_category": "HIGH PRIORITY", "threshold_type": "95th percentile prioritisation threshold", "recommendation": "Spectral-stress evidence detected. Prioritise field inspection to determine the underlying cause. Field verification required.", "priority_rank": 161}}, {"type": "Feature", "geometry": {"type": "Polygon", "coordinates": [[[573135.0, 1962525.0], [573135.0, 1962495.0], [573045.0, 1962495.0], [573045.0, 1962465.0], [573015.0, 1962465.0], [573015.0, 1962405.0], [573045.0, 1962405.0], [573045.0, 1962375.0], [573075.0, 1962375.0], [573075.0, 1962405.0], [573105.0, 1962405.0], [573105.0, 1962465.0], [573165.0, 1962465.0], [573165.0, 1962525.0], [573135.0, 1962525.0]]]}, "properties": {"zone_id": "scene_01_DT0000205230-Z0238", "scene": "scene_01_DT0000205230", "pixel_count": 12, "approx_area_m2": 10800.0, "centroid_x": 573082.5, "centroid_y": 1962452.5, "mean_risk": 1.764409065246582, "max_risk": 1.9201765060424805, "median_risk": 1.7448676824569702, "high_priority_pixel_pct": 100.0, "priority_category": "HIGH PRIORITY", "threshold_type": "95th percentile prioritisation threshold", "recommendation": "Spectral-stress evidence detected. Prioritise field inspection to determine the underlying cause. Field verification required.", "priority_rank": 379}}, {"type": "Feature", "geometry": {"type": "Polygon", "coordinates": [[[574635.0, 1962495.0], [574635.0, 1962405.0], [574605.0, 1962405.0], [574605.0, 1962375.0], [574725.0, 1962375.0], [574725.0, 1962435.0], [574695.0, 1962435.0], [574695.0, 1962465.0], [574665.0, 1962465.0], [574665.0, 1962495.0], [574635.0, 1962495.0]]]}, "properties": {"zone_id": "scene_01_DT0000205230-Z0239", "scene": "scene_01_DT0000205230", "pixel_count": 10, "approx_area_m2": 9000.0, "centroid_x": 574668.0, "centroid_y": 1962420.0, "mean_risk": 1.796820878982544, "max_risk": 2.059875726699829, "median_risk": 1.7656245231628418, "high_priority_pixel_pct": 100.0, "priority_category": "HIGH PRIORITY", "threshold_type": "95th percentile prioritisation threshold", "recommendation": "Spectral-stress evidence detected. Prioritise field inspection to determine the underlying cause. Field verification required.", "priority_rank": 342}}, {"type": "Feature", "geometry": {"type": "Polygon", "coordinates": [[[571995.0, 1962465.0], [571995.0, 1962435.0], [571965.0, 1962435.0], [571965.0, 1962345.0], [571995.0, 1962345.0], [571995.0, 1962315.0], [572025.0, 1962315.0], [572025.0, 1962225.0], [572055.0, 1962225.0], [572055.0, 1962165.0], [572025.0, 1962165.0], [572025.0, 1962135.0], [572055.0, 1962135.0], [572055.0, 1962075.0], [572115.0, 1962075.0], [572115.0, 1962135.0], [572085.0, 1962135.0], [572085.0, 1962165.0], [572175.0, 1962165.0], [572175.0, 1962225.0], [572145.0, 1962225.0], [572145.0, 1962315.0], [572115.0, 1962315.0], [572115.0, 1962375.0], [572145.0, 1962375.0], [572145.0, 1962405.0], [572115.0, 1962405.0], [572115.0, 1962465.0], [572085.0, 1962465.0], [572085.0, 1962435.0], [572025.0, 1962435.0], [572025.0, 1962465.0], [571995.0, 1962465.0]]]}, "properties": {"zone_id": "scene_01_DT0000205230-Z0240", "scene": "scene_01_DT0000205230", "pixel_count": 48, "approx_area_m2": 43200.0, "centroid_x": 572071.875, "centroid_y": 1962291.25, "mean_risk": 1.8707271814346313, "max_risk": 2.2590649127960205, "median_risk": 1.8388128280639648, "high_priority_pixel_pct": 100.0, "priority_category": "HIGH PRIORITY", "threshold_type": "95th percentile prioritisation threshold", "recommendation": "Spectral-stress evidence detected. Prioritise field inspection to determine the underlying cause. Field verification required.", "priority_rank": 271}}, {"type": "Feature", "geometry": {"type": "Polygon", "coordinates": [[[572475.0, 1962465.0], [572475.0, 1962435.0], [572355.0, 1962435.0], [572355.0, 1962405.0], [572295.0, 1962405.0], [572295.0, 1962345.0], [572265.0, 1962345.0], [572265.0, 1962285.0], [572235.0, 1962285.0], [572235.0, 1962225.0], [572265.0, 1962225.0], [572265.0, 1962195.0], [572325.0, 1962195.0], [572325.0, 1962225.0], [572415.0, 1962225.0], [572415.0, 1962255.0], [572445.0, 1962255.0], [572445.0, 1962285.0], [572475.0, 1962285.0], [572475.0, 1962375.0], [572505.0, 1962375.0], [572505.0, 1962405.0], [572565.0, 1962405.0], [572565.0, 1962435.0], [572505.0, 1962435.0], [572505.0, 1962465.0], [572475.0, 1962465.0]]]}, "properties": {"zone_id": "scene_01_DT0000205230-Z0241", "scene": "scene_01_DT0000205230", "pixel_count": 50, "approx_area_m2": 45000.0, "centroid_x": 572378.4, "centroid_y": 1962328.8, "mean_risk": 2.398319721221924, "max_risk": 3.812549114227295, "median_risk": 2.154217481613159, "high_priority_pixel_pct": 100.0, "priority_category": "HIGH PRIORITY", "threshold_type": "95th percentile prioritisation threshold", "recommendation": "Spectral-stress evidence detected. Prioritise field inspection to determine the underlying cause. Field verification required.", "priority_rank": 43}}, {"type": "Feature", "geometry": {"type": "Polygon", "coordinates": [[[577875.0, 1962465.0], [577875.0, 1962405.0], [577905.0, 1962405.0], [577905.0, 1962375.0], [577935.0, 1962375.0], [577935.0, 1962315.0], [577995.0, 1962315.0], [577995.0, 1962285.0], [577965.0, 1962285.0], [577965.0, 1962225.0], [578025.0, 1962225.0], [578025.0, 1962255.0], [578055.0, 1962255.0], [578055.0, 1962315.0], [578025.0, 1962315.0], [578025.0, 1962345.0], [577995.0, 1962345.0], [577995.0, 1962375.0], [577965.0, 1962375.0], [577965.0, 1962435.0], [577905.0, 1962435.0], [577905.0, 1962465.0], [577875.0, 1962465.0]]]}, "properties": {"zone_id": "scene_01_DT0000205230-Z0242", "scene": "scene_01_DT0000205230", "pixel_count": 18, "approx_area_m2": 16200.0, "centroid_x": 577970.0, "centroid_y": 1962338.3333333333, "mean_risk": 1.8030518293380737, "max_risk": 2.0324747562408447, "median_risk": 1.7655521631240845, "high_priority_pixel_pct": 100.0, "priority_category": "HIGH PRIORITY", "threshold_type": "95th percentile prioritisation threshold", "recommendation": "Spectral-stress evidence detected. Prioritise field inspection to determine the underlying cause. Field verification required.", "priority_rank": 334}}, {"type": "Feature", "geometry": {"type": "Polygon", "coordinates": [[[578175.0, 1962465.0], [578175.0, 1962435.0], [578145.0, 1962435.0], [578145.0, 1962315.0], [578205.0, 1962315.0], [578205.0, 1962345.0], [578235.0, 1962345.0], [578235.0, 1962435.0], [578205.0, 1962435.0], [578205.0, 1962465.0], [578175.0, 1962465.0]]]}, "properties": {"zone_id": "scene_01_DT0000205230-Z0243", "scene": "scene_01_DT0000205230", "pixel_count": 12, "approx_area_m2": 10800.0, "centroid_x": 578187.5, "centroid_y": 1962385.0, "mean_risk": 2.1142122745513916, "max_risk": 2.5327320098876953, "median_risk": 2.076748847961426, "high_priority_pixel_pct": 100.0, "priority_category": "HIGH PRIORITY", "threshold_type": "95th percentile prioritisation threshold", "recommendation": "Spectral-stress evidence detected. Prioritise field inspection to determine the underlying cause. Field verification required.", "priority_rank": 108}}, {"type": "Feature", "geometry": {"type": "Polygon", "coordinates": [[[574755.0, 1962435.0], [574755.0, 1962285.0], [574785.0, 1962285.0], [574785.0, 1962255.0], [574815.0, 1962255.0], [574815.0, 1962225.0], [574845.0, 1962225.0], [574845.0, 1962255.0], [574875.0, 1962255.0], [574875.0, 1962285.0], [574845.0, 1962285.0], [574845.0, 1962405.0], [574815.0, 1962405.0], [574815.0, 1962435.0], [574755.0, 1962435.0]]]}, "properties": {"zone_id": "scene_01_DT0000205230-Z0244", "scene": "scene_01_DT0000205230", "pixel_count": 18, "approx_area_m2": 16200.0, "centroid_x": 574805.0, "centroid_y": 1962335.0, "mean_risk": 2.1782732009887695, "max_risk": 2.6323142051696777, "median_risk": 2.1281237602233887, "high_priority_pixel_pct": 100.0, "priority_category": "HIGH PRIORITY", "threshold_type": "95th percentile prioritisation threshold", "recommendation": "Spectral-stress evidence detected. Prioritise field inspection to determine the underlying cause. Field verification required.", "priority_rank": 89}}, {"type": "Feature", "geometry": {"type": "Polygon", "coordinates": [[[552555.0, 1962345.0], [552555.0, 1962315.0], [552525.0, 1962315.0], [552525.0, 1962255.0], [552435.0, 1962255.0], [552435.0, 1962225.0], [552465.0, 1962225.0], [552465.0, 1962195.0], [552525.0, 1962195.0], [552525.0, 1962225.0], [552555.0, 1962225.0], [552555.0, 1962255.0], [552585.0, 1962255.0], [552585.0, 1962345.0], [552555.0, 1962345.0]]]}, "properties": {"zone_id": "scene_01_DT0000205230-Z0245", "scene": "scene_01_DT0000205230", "pixel_count": 11, "approx_area_m2": 9900.0, "centroid_x": 552523.6363636364, "centroid_y": 1962259.0909090908, "mean_risk": 1.751610279083252, "max_risk": 1.8836498260498047, "median_risk": 1.767197608947754, "high_priority_pixel_pct": 100.0, "priority_category": "HIGH PRIORITY", "threshold_type": "95th percentile prioritisation threshold", "recommendation": "Spectral-stress evidence detected. Prioritise field inspection to determine the underlying cause. Field verification required.", "priority_rank": 390}}, {"type": "Feature", "geometry": {"type": "Polygon", "coordinates": [[[555495.0, 1962315.0], [555495.0, 1962255.0], [555465.0, 1962255.0], [555465.0, 1962225.0], [555495.0, 1962225.0], [555495.0, 1962195.0], [555615.0, 1962195.0], [555615.0, 1962225.0], [555585.0, 1962225.0], [555585.0, 1962285.0], [555555.0, 1962285.0], [555555.0, 1962315.0], [555495.0, 1962315.0]], [[555525.0, 1962285.0], [555555.0, 1962285.0], [555555.0, 1962255.0], [555525.0, 1962255.0], [555525.0, 1962285.0]]]}, "properties": {"zone_id": "scene_01_DT0000205230-Z0246", "scene": "scene_01_DT0000205230", "pixel_count": 14, "approx_area_m2": 12600.0, "centroid_x": 555544.2857142857, "centroid_y": 1962255.0, "mean_risk": 1.717569351196289, "max_risk": 1.8308383226394653, "median_risk": 1.7054507732391357, "high_priority_pixel_pct": 100.0, "priority_category": "HIGH PRIORITY", "threshold_type": "95th percentile prioritisation threshold", "recommendation": "Spectral-stress evidence detected. Prioritise field inspection to determine the underlying cause. Field verification required.", "priority_rank": 422}}, {"type": "Feature", "geometry": {"type": "Polygon", "coordinates": [[[555795.0, 1962255.0], [555795.0, 1962225.0], [555765.0, 1962225.0], [555765.0, 1962195.0], [555735.0, 1962195.0], [555735.0, 1962165.0], [555705.0, 1962165.0], [555705.0, 1962075.0], [555735.0, 1962075.0], [555735.0, 1962105.0], [555795.0, 1962105.0], [555795.0, 1962135.0], [555825.0, 1962135.0], [555825.0, 1962255.0], [555795.0, 1962255.0]]]}, "properties": {"zone_id": "scene_01_DT0000205230-Z0247", "scene": "scene_01_DT0000205230", "pixel_count": 14, "approx_area_m2": 12600.0, "centroid_x": 555769.2857142857, "centroid_y": 1962160.7142857143, "mean_risk": 1.8360635042190552, "max_risk": 2.0139360427856445, "median_risk": 1.8312642574310303, "high_priority_pixel_pct": 100.0, "priority_category": "HIGH PRIORITY", "threshold_type": "95th percentile prioritisation threshold", "recommendation": "Spectral-stress evidence detected. Prioritise field inspection to determine the underlying cause. Field verification required.", "priority_rank": 300}}, {"type": "Feature", "geometry": {"type": "Polygon", "coordinates": [[[574785.0, 1962165.0], [574785.0, 1962135.0], [574725.0, 1962135.0], [574725.0, 1962105.0], [574755.0, 1962105.0], [574755.0, 1962045.0], [574785.0, 1962045.0], [574785.0, 1962015.0], [574815.0, 1962015.0], [574815.0, 1962045.0], [574845.0, 1962045.0], [574845.0, 1962165.0], [574785.0, 1962165.0]]]}, "properties": {"zone_id": "scene_01_DT0000205230-Z0248", "scene": "scene_01_DT0000205230", "pixel_count": 13, "approx_area_m2": 11700.0, "centroid_x": 574797.6923076923, "centroid_y": 1962096.923076923, "mean_risk": 2.1860151290893555, "max_risk": 2.5539543628692627, "median_risk": 2.1553401947021484, "high_priority_pixel_pct": 100.0, "priority_category": "HIGH PRIORITY", "threshold_type": "95th percentile prioritisation threshold", "recommendation": "Spectral-stress evidence detected. Prioritise field inspection to determine the underlying cause. Field verification required.", "priority_rank": 88}}, {"type": "Feature", "geometry": {"type": "Polygon", "coordinates": [[[552705.0, 1961895.0], [552705.0, 1961865.0], [552675.0, 1961865.0], [552675.0, 1961805.0], [552645.0, 1961805.0], [552645.0, 1961745.0], [552585.0, 1961745.0], [552585.0, 1961715.0], [552615.0, 1961715.0], [552615.0, 1961685.0], [552705.0, 1961685.0], [552705.0, 1961775.0], [552735.0, 1961775.0], [552735.0, 1961835.0], [552765.0, 1961835.0], [552765.0, 1961895.0], [552705.0, 1961895.0]]]}, "properties": {"zone_id": "scene_01_DT0000205230-Z0249", "scene": "scene_01_DT0000205230", "pixel_count": 45, "approx_area_m2": 40500.0, "centroid_x": 552597.3333333334, "centroid_y": 1961842.6666666667, "mean_risk": 1.7154674530029297, "max_risk": 1.7991245985031128, "median_risk": 1.714308738708496, "high_priority_pixel_pct": 100.0, "priority_category": "HIGH PRIORITY", "threshold_type": "95th percentile prioritisation threshold", "recommendation": "Spectral-stress evidence detected. Prioritise field inspection to determine the underlying cause. Field verification required.", "priority_rank": 426}}, {"type": "Feature", "geometry": {"type": "Polygon", "coordinates": [[[554265.0, 1961835.0], [554265.0, 1961805.0], [554295.0, 1961805.0], [554295.0, 1961775.0], [554265.0, 1961775.0], [554265.0, 1961685.0], [554295.0, 1961685.0], [554295.0, 1961655.0], [554325.0, 1961655.0], [554325.0, 1961565.0], [554355.0, 1961565.0], [554355.0, 1961595.0], [554385.0, 1961595.0], [554385.0, 1961655.0], [554355.0, 1961655.0], [554355.0, 1961745.0], [554385.0, 1961745.0], [554385.0, 1961715.0], [554475.0, 1961715.0], [554475.0, 1961775.0], [554445.0, 1961775.0], [554445.0, 1961805.0], [554415.0, 1961805.0], [554415.0, 1961835.0], [554385.0, 1961835.0], [554385.0, 1961805.0], [554325.0, 1961805.0], [554325.0, 1961835.0], [554265.0, 1961835.0]], [[554295.0, 1961745.0], [554325.0, 1961745.0], [554325.0, 1961715.0], [554295.0, 1961715.0], [554295.0, 1961745.0]]]}, "properties": {"zone_id": "scene_01_DT0000205230-Z0250", "scene": "scene_01_DT0000205230", "pixel_count": 37, "approx_area_m2": 33300.0, "centroid_x": 554331.0810810811, "centroid_y": 1961760.0, "mean_risk": 1.7308920621871948, "max_risk": 1.920515537261963, "median_risk": 1.725419521331787, "high_priority_pixel_pct": 100.0, "priority_category": "HIGH PRIORITY", "threshold_type": "95th percentile prioritisation threshold", "recommendation": "Spectral-stress evidence detected. Prioritise field inspection to determine the underlying cause. Field verification required.", "priority_rank": 418}}, {"type": "Feature", "geometry": {"type": "Polygon", "coordinates": [[[561435.0, 1961835.0], [561435.0, 1961805.0], [561405.0, 1961805.0], [561405.0, 1961625.0], [561375.0, 1961625.0], [561375.0, 1961565.0], [561315.0, 1961565.0], [561315.0, 1961535.0], [561285.0, 1961535.0], [561285.0, 1961625.0], [561255.0, 1961625.0], [561255.0, 1961655.0], [561225.0, 1961655.0], [561225.0, 1961685.0], [561195.0, 1961685.0], [561195.0, 1961715.0], [561165.0, 1961715.0], [561165.0, 1961655.0], [561105.0, 1961655.0], [561105.0, 1961565.0], [561015.0, 1961565.0], [561015.0, 1961505.0], [561105.0, 1961505.0], [561105.0, 1961415.0], [561135.0, 1961415.0], [561135.0, 1961355.0], [561165.0, 1961355.0], [561165.0, 1961205.0], [561195.0, 1961205.0], [561195.0, 1961175.0], [561225.0, 1961175.0], [561225.0, 1961205.0], [561345.0, 1961205.0], [561345.0, 1961235.0], [561375.0, 1961235.0], [561375.0, 1961265.0], [561495.0, 1961265.0], [561495.0, 1961295.0], [561525.0, 1961295.0], [561525.0, 1961325.0], [561615.0, 1961325.0], [561615.0, 1961265.0], [561705.0, 1961265.0], [561705.0, 1961235.0], [561795.0, 1961235.0], [561795.0, 1961265.0], [561825.0, 1961265.0], [561825.0, 1961295.0], [561855.0, 1961295.0], [561855.0, 1961325.0], [561825.0, 1961325.0], [561825.0, 1961355.0], [561765.0, 1961355.0], [561765.0, 1961385.0], [561795.0, 1961385.0], [561795.0, 1961415.0], [561885.0, 1961415.0], [561885.0, 1961475.0], [561945.0, 1961475.0], [561945.0, 1961505.0], [561915.0, 1961505.0], [561915.0, 1961565.0], [561885.0, 1961565.0], [561885.0, 1961595.0], [561855.0, 1961595.0], [561855.0, 1961625.0], [561885.0, 1961625.0], [561885.0, 1961655.0], [561825.0, 1961655.0], [561825.0, 1961685.0], [561795.0, 1961685.0], [561795.0, 1961745.0], [561765.0, 1961745.0], [561765.0, 1961775.0], [561705.0, 1961775.0], [561705.0, 1961805.0], [561645.0, 1961805.0], [561645.0, 1961835.0], [561555.0, 1961835.0], [561555.0, 1961805.0], [561585.0, 1961805.0], [561585.0, 1961685.0], [561615.0, 1961685.0], [561615.0, 1961655.0], [561645.0, 1961655.0], [561645.0, 1961565.0], [561585.0, 1961565.0], [561585.0, 1961535.0], [561555.0, 1961535.0], [561555.0, 1961595.0], [561585.0, 1961595.0], [561585.0, 1961655.0], [561555.0, 1961655.0], [561555.0, 1961685.0], [561525.0, 1961685.0], [561525.0, 1961715.0], [561495.0, 1961715.0], [561495.0, 1961835.0], [561435.0, 1961835.0]]]}, "properties": {"zone_id": "scene_01_DT0000205230-Z0251", "scene": "scene_01_DT0000205230", "pixel_count": 374, "approx_area_m2": 336600.0, "centroid_x": 561495.7219251337, "centroid_y": 1961493.7700534759, "mean_risk": 2.7092158794403076, "max_risk": 3.7463183403015137, "median_risk": 2.7381296157836914, "high_priority_pixel_pct": 100.0, "priority_category": "HIGH PRIORITY", "threshold_type": "95th percentile prioritisation threshold", "recommendation": "Spectral-stress evidence detected. Prioritise field inspection to determine the underlying cause. Field verification required.", "priority_rank": 16}}, {"type": "Feature", "geometry": {"type": "Polygon", "coordinates": [[[578805.0, 1961745.0], [578805.0, 1961685.0], [578745.0, 1961685.0], [578745.0, 1961625.0], [578715.0, 1961625.0], [578715.0, 1961535.0], [578745.0, 1961535.0], [578745.0, 1961565.0], [578775.0, 1961565.0], [578775.0, 1961625.0], [578835.0, 1961625.0], [578835.0, 1961655.0], [578895.0, 1961655.0], [578895.0, 1961685.0], [578865.0, 1961685.0], [578865.0, 1961715.0], [578835.0, 1961715.0], [578835.0, 1961745.0], [578805.0, 1961745.0]]]}, "properties": {"zone_id": "scene_01_DT0000205230-Z0252", "scene": "scene_01_DT0000205230", "pixel_count": 17, "approx_area_m2": 15300.0, "centroid_x": 578798.8235294118, "centroid_y": 1961645.294117647, "mean_risk": 1.9888142347335815, "max_risk": 2.517423391342163, "median_risk": 1.959060549736023, "high_priority_pixel_pct": 100.0, "priority_category": "HIGH PRIORITY", "threshold_type": "95th percentile prioritisation threshold", "recommendation": "Spectral-stress evidence detected. Prioritise field inspection to determine the underlying cause. Field verification required.", "priority_rank": 168}}, {"type": "Feature", "geometry": {"type": "Polygon", "coordinates": [[[557295.0, 1961715.0], [557295.0, 1961625.0], [557265.0, 1961625.0], [557265.0, 1961505.0], [557295.0, 1961505.0], [557295.0, 1961115.0], [557325.0, 1961115.0], [557325.0, 1960965.0], [557385.0, 1960965.0], [557385.0, 1961205.0], [557355.0, 1961205.0], [557355.0, 1961355.0], [557325.0, 1961355.0], [557325.0, 1961415.0], [557355.0, 1961415.0], [557355.0, 1961505.0], [557325.0, 1961505.0], [557325.0, 1961625.0], [557355.0, 1961625.0], [557355.0, 1961655.0], [557325.0, 1961655.0], [557325.0, 1961715.0], [557295.0, 1961715.0]]]}, "properties": {"zone_id": "scene_01_DT0000205230-Z0253", "scene": "scene_01_DT0000205230", "pixel_count": 49, "approx_area_m2": 44100.0, "centroid_x": 557327.7551020408, "centroid_y": 1961313.0612244897, "mean_risk": 1.7932006120681763, "max_risk": 2.0790834426879883, "median_risk": 1.7783235311508179, "high_priority_pixel_pct": 100.0, "priority_category": "HIGH PRIORITY", "threshold_type": "95th percentile prioritisation threshold", "recommendation": "Spectral-stress evidence detected. Prioritise field inspection to determine the underlying cause. Field verification required.", "priority_rank": 348}}, {"type": "Feature", "geometry": {"type": "Polygon", "coordinates": [[[576915.0, 1961715.0], [576915.0, 1961505.0], [576885.0, 1961505.0], [576885.0, 1961355.0], [576915.0, 1961355.0], [576915.0, 1961415.0], [576945.0, 1961415.0], [576945.0, 1961385.0], [577005.0, 1961385.0], [577005.0, 1961355.0], [577035.0, 1961355.0], [577035.0, 1961325.0], [577065.0, 1961325.0], [577065.0, 1961295.0], [577035.0, 1961295.0], [577035.0, 1961205.0], [577065.0, 1961205.0], [577065.0, 1961235.0], [577125.0, 1961235.0], [577125.0, 1961205.0], [577185.0, 1961205.0], [577185.0, 1961265.0], [577215.0, 1961265.0], [577215.0, 1961205.0], [577245.0, 1961205.0], [577245.0, 1961175.0], [577305.0, 1961175.0], [577305.0, 1961145.0], [577335.0, 1961145.0], [577335.0, 1961205.0], [577305.0, 1961205.0], [577305.0, 1961295.0], [577245.0, 1961295.0], [577245.0, 1961325.0], [577185.0, 1961325.0], [577185.0, 1961355.0], [577155.0, 1961355.0], [577155.0, 1961415.0], [577185.0, 1961415.0], [577185.0, 1961445.0], [577155.0, 1961445.0], [577155.0, 1961535.0], [577035.0, 1961535.0], [577035.0, 1961655.0], [577005.0, 1961655.0], [577005.0, 1961715.0], [576915.0, 1961715.0]], [[576915.0, 1961475.0], [576945.0, 1961475.0], [576945.0, 1961445.0], [576915.0, 1961445.0], [576915.0, 1961475.0]], [[577155.0, 1961295.0], [577185.0, 1961295.0], [577185.0, 1961265.0], [577155.0, 1961265.0], [577155.0, 1961295.0]]]}, "properties": {"zone_id": "scene_01_DT0000205230-Z0254", "scene": "scene_01_DT0000205230", "pixel_count": 108, "approx_area_m2": 97200.0, "centroid_x": 577069.1666666666, "centroid_y": 1961420.8333333333, "mean_risk": 1.9415020942687988, "max_risk": 2.5511975288391113, "median_risk": 1.8910801410675049, "high_priority_pixel_pct": 100.0, "priority_category": "HIGH PRIORITY", "threshold_type": "95th percentile prioritisation threshold", "recommendation": "Spectral-stress evidence detected. Prioritise field inspection to determine the underlying cause. Field verification required.", "priority_rank": 205}}, {"type": "Feature", "geometry": {"type": "Polygon", "coordinates": [[[553635.0, 1961655.0], [553635.0, 1961595.0], [553665.0, 1961595.0], [553665.0, 1961565.0], [553725.0, 1961565.0], [553725.0, 1961535.0], [553755.0, 1961535.0], [553755.0, 1961505.0], [553785.0, 1961505.0], [553785.0, 1961565.0], [553845.0, 1961565.0], [553845.0, 1961595.0], [553875.0, 1961595.0], [553875.0, 1961565.0], [553935.0, 1961565.0], [553935.0, 1961505.0], [553905.0, 1961505.0], [553905.0, 1961475.0], [553875.0, 1961475.0], [553875.0, 1961415.0], [553905.0, 1961415.0], [553905.0, 1961385.0], [553935.0, 1961385.0], [553935.0, 1961445.0], [553965.0, 1961445.0], [553965.0, 1961475.0], [553995.0, 1961475.0], [553995.0, 1961565.0], [553965.0, 1961565.0], [553965.0, 1961625.0], [553935.0, 1961625.0], [553935.0, 1961655.0], [553875.0, 1961655.0], [553875.0, 1961625.0], [553845.0, 1961625.0], [553845.0, 1961655.0], [553785.0, 1961655.0], [553785.0, 1961625.0], [553665.0, 1961625.0], [553665.0, 1961655.0], [553635.0, 1961655.0]]]}, "properties": {"zone_id": "scene_01_DT0000205230-Z0255", "scene": "scene_01_DT0000205230", "pixel_count": 41, "approx_area_m2": 36900.0, "centroid_x": 553845.3658536585, "centroid_y": 1961560.975609756, "mean_risk": 1.7061594724655151, "max_risk": 1.7883145809173584, "median_risk": 1.7058167457580566, "high_priority_pixel_pct": 100.0, "priority_category": "HIGH PRIORITY", "threshold_type": "95th percentile prioritisation threshold", "recommendation": "Spectral-stress evidence detected. Prioritise field inspection to determine the underlying cause. Field verification required.", "priority_rank": 432}}, {"type": "Feature", "geometry": {"type": "Polygon", "coordinates": [[[578265.0, 1961385.0], [578265.0, 1961355.0], [578235.0, 1961355.0], [578235.0, 1961325.0], [578175.0, 1961325.0], [578175.0, 1961295.0], [578145.0, 1961295.0], [578145.0, 1961145.0], [578115.0, 1961145.0], [578115.0, 1960755.0], [578145.0, 1960755.0], [578145.0, 1960695.0], [578175.0, 1960695.0], [578175.0, 1960665.0], [578205.0, 1960665.0], [578205.0, 1960635.0], [578265.0, 1960635.0], [578265.0, 1960605.0], [578295.0, 1960605.0], [578295.0, 1960635.0], [578385.0, 1960635.0], [578385.0, 1960755.0], [578355.0, 1960755.0], [578355.0, 1960815.0], [578385.0, 1960815.0], [578385.0, 1961085.0], [578355.0, 1961085.0], [578355.0, 1961205.0], [578385.0, 1961205.0], [578385.0, 1961295.0], [578355.0, 1961295.0], [578355.0, 1961355.0], [578325.0, 1961355.0], [578325.0, 1961385.0], [578265.0, 1961385.0]]]}, "properties": {"zone_id": "scene_01_DT0000205230-Z0256", "scene": "scene_01_DT0000205230", "pixel_count": 214, "approx_area_m2": 192600.0, "centroid_x": 578260.7943925234, "centroid_y": 1961038.0373831776, "mean_risk": 2.343149423599243, "max_risk": 3.1357011795043945, "median_risk": 2.3443567752838135, "high_priority_pixel_pct": 100.0, "priority_category": "HIGH PRIORITY", "threshold_type": "95th percentile prioritisation threshold", "recommendation": "Spectral-stress evidence detected. Prioritise field inspection to determine the underlying cause. Field verification required.", "priority_rank": 54}}, {"type": "Feature", "geometry": {"type": "Polygon", "coordinates": [[[574395.0, 1961595.0], [574395.0, 1961565.0], [574425.0, 1961565.0], [574425.0, 1961475.0], [574485.0, 1961475.0], [574485.0, 1961595.0], [574395.0, 1961595.0]]]}, "properties": {"zone_id": "scene_01_DT0000205230-Z0257", "scene": "scene_01_DT0000205230", "pixel_count": 9, "approx_area_m2": 8100.0, "centroid_x": 574450.0, "centroid_y": 1961540.0, "mean_risk": 1.889380931854248, "max_risk": 2.2970833778381348, "median_risk": 1.8277058601379395, "high_priority_pixel_pct": 100.0, "priority_category": "HIGH PRIORITY", "threshold_type": "95th percentile prioritisation threshold", "recommendation": "Spectral-stress evidence detected. Prioritise field inspection to determine the underlying cause. Field verification required.", "priority_rank": 253}}, {"type": "Feature", "geometry": {"type": "Polygon", "coordinates": [[[578955.0, 1961475.0], [578955.0, 1961415.0], [578925.0, 1961415.0], [578925.0, 1961235.0], [578955.0, 1961235.0], [578955.0, 1961265.0], [578985.0, 1961265.0], [578985.0, 1961415.0], [579015.0, 1961415.0], [579015.0, 1961445.0], [578985.0, 1961445.0], [578985.0, 1961475.0], [578955.0, 1961475.0]]]}, "properties": {"zone_id": "scene_01_DT0000205230-Z0258", "scene": "scene_01_DT0000205230", "pixel_count": 14, "approx_area_m2": 12600.0, "centroid_x": 578959.2857142857, "centroid_y": 1961355.0, "mean_risk": 1.9843313694000244, "max_risk": 2.2689244747161865, "median_risk": 1.9770708084106445, "high_priority_pixel_pct": 100.0, "priority_category": "HIGH PRIORITY", "threshold_type": "95th percentile prioritisation threshold", "recommendation": "Spectral-stress evidence detected. Prioritise field inspection to determine the underlying cause. Field verification required.", "priority_rank": 170}}, {"type": "Feature", "geometry": {"type": "Polygon", "coordinates": [[[559365.0, 1961445.0], [559365.0, 1961355.0], [559395.0, 1961355.0], [559395.0, 1961295.0], [559365.0, 1961295.0], [559365.0, 1961265.0], [559455.0, 1961265.0], [559455.0, 1961295.0], [559485.0, 1961295.0], [559485.0, 1961355.0], [559455.0, 1961355.0], [559455.0, 1961385.0], [559395.0, 1961385.0], [559395.0, 1961445.0], [559365.0, 1961445.0]]]}, "properties": {"zone_id": "scene_01_DT0000205230-Z0259", "scene": "scene_01_DT0000205230", "pixel_count": 14, "approx_area_m2": 12600.0, "centroid_x": 559418.5714285715, "centroid_y": 1961337.857142857, "mean_risk": 1.8334991931915283, "max_risk": 1.9910762310028076, "median_risk": 1.8309533596038818, "high_priority_pixel_pct": 100.0, "priority_category": "HIGH PRIORITY", "threshold_type": "95th percentile prioritisation threshold", "recommendation": "Spectral-stress evidence detected. Prioritise field inspection to determine the underlying cause. Field verification required.", "priority_rank": 304}}, {"type": "Feature", "geometry": {"type": "Polygon", "coordinates": [[[572085.0, 1961415.0], [572085.0, 1960995.0], [572145.0, 1960995.0], [572145.0, 1960965.0], [572265.0, 1960965.0], [572265.0, 1960935.0], [572295.0, 1960935.0], [572295.0, 1960965.0], [572325.0, 1960965.0], [572325.0, 1961025.0], [572265.0, 1961025.0], [572265.0, 1961055.0], [572355.0, 1961055.0], [572355.0, 1960965.0], [572385.0, 1960965.0], [572385.0, 1960935.0], [572445.0, 1960935.0], [572445.0, 1960995.0], [572475.0, 1960995.0], [572475.0, 1961085.0], [572505.0, 1961085.0], [572505.0, 1961235.0], [572475.0, 1961235.0], [572475.0, 1961295.0], [572445.0, 1961295.0], [572445.0, 1961325.0], [572415.0, 1961325.0], [572415.0, 1961355.0], [572385.0, 1961355.0], [572385.0, 1961385.0], [572325.0, 1961385.0], [572325.0, 1961415.0], [572235.0, 1961415.0], [572235.0, 1961385.0], [572115.0, 1961385.0], [572115.0, 1961415.0], [572085.0, 1961415.0]]]}, "properties": {"zone_id": "scene_01_DT0000205230-Z0260", "scene": "scene_01_DT0000205230", "pixel_count": 180, "approx_area_m2": 162000.0, "centroid_x": 572280.6666666666, "centroid_y": 1961177.5, "mean_risk": 2.312072515487671, "max_risk": 4.050338268280029, "median_risk": 2.203157424926758, "high_priority_pixel_pct": 100.0, "priority_category": "HIGH PRIORITY", "threshold_type": "95th percentile prioritisation threshold", "recommendation": "Spectral-stress evidence detected. Prioritise field inspection to determine the underlying cause. Field verification required.", "priority_rank": 57}}, {"type": "Feature", "geometry": {"type": "Polygon", "coordinates": [[[554145.0, 1961355.0], [554145.0, 1961325.0], [554115.0, 1961325.0], [554115.0, 1961265.0], [554085.0, 1961265.0], [554085.0, 1961115.0], [554055.0, 1961115.0], [554055.0, 1961025.0], [554085.0, 1961025.0], [554085.0, 1961085.0], [554115.0, 1961085.0], [554115.0, 1961205.0], [554145.0, 1961205.0], [554145.0, 1961235.0], [554205.0, 1961235.0], [554205.0, 1961295.0], [554175.0, 1961295.0], [554175.0, 1961355.0], [554145.0, 1961355.0]]]}, "properties": {"zone_id": "scene_01_DT0000205230-Z0261", "scene": "scene_01_DT0000205230", "pixel_count": 19, "approx_area_m2": 17100.0, "centroid_x": 554123.6842105263, "centroid_y": 1961212.105263158, "mean_risk": 1.840550422668457, "max_risk": 2.2141175270080566, "median_risk": 1.7853811979293823, "high_priority_pixel_pct": 100.0, "priority_category": "HIGH PRIORITY", "threshold_type": "95th percentile prioritisation threshold", "recommendation": "Spectral-stress evidence detected. Prioritise field inspection to determine the underlying cause. Field verification required.", "priority_rank": 290}}, {"type": "Feature", "geometry": {"type": "Polygon", "coordinates": [[[554295.0, 1961355.0], [554295.0, 1961235.0], [554325.0, 1961235.0], [554325.0, 1961205.0], [554415.0, 1961205.0], [554415.0, 1961295.0], [554385.0, 1961295.0], [554385.0, 1961265.0], [554325.0, 1961265.0], [554325.0, 1961355.0], [554295.0, 1961355.0]]]}, "properties": {"zone_id": "scene_01_DT0000205230-Z0262", "scene": "scene_01_DT0000205230", "pixel_count": 11, "approx_area_m2": 9900.0, "centroid_x": 554350.9090909091, "centroid_y": 1961260.9090909092, "mean_risk": 1.799088716506958, "max_risk": 1.9016917943954468, "median_risk": 1.8035590648651123, "high_priority_pixel_pct": 100.0, "priority_category": "HIGH PRIORITY", "threshold_type": "95th percentile prioritisation threshold", "recommendation": "Spectral-stress evidence detected. Prioritise field inspection to determine the underlying cause. Field verification required.", "priority_rank": 339}}, {"type": "Feature", "geometry": {"type": "Polygon", "coordinates": [[[560385.0, 1961295.0], [560385.0, 1961115.0], [560445.0, 1961115.0], [560445.0, 1961145.0], [560475.0, 1961145.0], [560475.0, 1961115.0], [560505.0, 1961115.0], [560505.0, 1961085.0], [560595.0, 1961085.0], [560595.0, 1961055.0], [560655.0, 1961055.0], [560655.0, 1961025.0], [560715.0, 1961025.0], [560715.0, 1961055.0], [560745.0, 1961055.0], [560745.0, 1961145.0], [560715.0, 1961145.0], [560715.0, 1961175.0], [560655.0, 1961175.0], [560655.0, 1961205.0], [560625.0, 1961205.0], [560625.0, 1961235.0], [560565.0, 1961235.0], [560565.0, 1961265.0], [560475.0, 1961265.0], [560475.0, 1961235.0], [560445.0, 1961235.0], [560445.0, 1961295.0], [560385.0, 1961295.0]], [[560475.0, 1961235.0], [560535.0, 1961235.0], [560535.0, 1961205.0], [560475.0, 1961205.0], [560475.0, 1961235.0]], [[560535.0, 1961205.0], [560565.0, 1961205.0], [560565.0, 1961145.0], [560535.0, 1961145.0], [560535.0, 1961205.0]]]}, "properties": {"zone_id": "scene_01_DT0000205230-Z0263", "scene": "scene_01_DT0000205230", "pixel_count": 57, "approx_area_m2": 51300.0, "centroid_x": 560560.0, "centroid_y": 1961156.3157894737, "mean_risk": 1.9164565801620483, "max_risk": 2.5223183631896973, "median_risk": 1.8599406480789185, "high_priority_pixel_pct": 100.0, "priority_category": "HIGH PRIORITY", "threshold_type": "95th percentile prioritisation threshold", "recommendation": "Spectral-stress evidence detected. Prioritise field inspection to determine the underlying cause. Field verification required.", "priority_rank": 231}}, {"type": "Feature", "geometry": {"type": "Polygon", "coordinates": [[[554205.0, 1961175.0], [554205.0, 1961145.0], [554175.0, 1961145.0], [554175.0, 1961115.0], [554205.0, 1961115.0], [554205.0, 1961085.0], [554235.0, 1961085.0], [554235.0, 1961055.0], [554265.0, 1961055.0], [554265.0, 1960995.0], [554325.0, 1960995.0], [554325.0, 1960965.0], [554385.0, 1960965.0], [554385.0, 1961085.0], [554355.0, 1961085.0], [554355.0, 1961055.0], [554295.0, 1961055.0], [554295.0, 1961085.0], [554265.0, 1961085.0], [554265.0, 1961175.0], [554205.0, 1961175.0]]]}, "properties": {"zone_id": "scene_01_DT0000205230-Z0264", "scene": "scene_01_DT0000205230", "pixel_count": 20, "approx_area_m2": 18000.0, "centroid_x": 554290.5, "centroid_y": 1961064.0, "mean_risk": 1.8722044229507446, "max_risk": 2.1825520992279053, "median_risk": 1.8598252534866333, "high_priority_pixel_pct": 100.0, "priority_category": "HIGH PRIORITY", "threshold_type": "95th percentile prioritisation threshold", "recommendation": "Spectral-stress evidence detected. Prioritise field inspection to determine the underlying cause. Field verification required.", "priority_rank": 269}}, {"type": "Feature", "geometry": {"type": "Polygon", "coordinates": [[[577005.0, 1961145.0], [577005.0, 1961085.0], [576975.0, 1961085.0], [576975.0, 1960995.0], [576945.0, 1960995.0], [576945.0, 1960965.0], [576915.0, 1960965.0], [576915.0, 1960875.0], [576885.0, 1960875.0], [576885.0, 1960905.0], [576825.0, 1960905.0], [576825.0, 1960875.0], [576795.0, 1960875.0], [576795.0, 1960815.0], [576765.0, 1960815.0], [576765.0, 1960785.0], [576795.0, 1960785.0], [576795.0, 1960635.0], [576825.0, 1960635.0], [576825.0, 1960605.0], [576795.0, 1960605.0], [576795.0, 1960275.0], [576915.0, 1960275.0], [576915.0, 1960335.0], [576945.0, 1960335.0], [576945.0, 1960305.0], [577005.0, 1960305.0], [577005.0, 1960425.0], [576945.0, 1960425.0], [576945.0, 1960455.0], [576975.0, 1960455.0], [576975.0, 1960635.0], [577005.0, 1960635.0], [577005.0, 1960755.0], [577065.0, 1960755.0], [577065.0, 1960815.0], [577185.0, 1960815.0], [577185.0, 1960725.0], [577155.0, 1960725.0], [577155.0, 1960695.0], [577125.0, 1960695.0], [577125.0, 1960755.0], [577095.0, 1960755.0], [577095.0, 1960695.0], [577065.0, 1960695.0], [577065.0, 1960635.0], [577125.0, 1960635.0], [577125.0, 1960605.0], [577215.0, 1960605.0], [577215.0, 1960575.0], [577245.0, 1960575.0], [577245.0, 1960545.0], [577305.0, 1960545.0], [577305.0, 1960605.0], [577275.0, 1960605.0], [577275.0, 1960785.0], [577245.0, 1960785.0], [577245.0, 1960815.0], [577305.0, 1960815.0], [577305.0, 1960785.0], [577335.0, 1960785.0], [577335.0, 1960875.0], [577365.0, 1960875.0], [577365.0, 1960965.0], [577305.0, 1960965.0], [577305.0, 1960905.0], [577245.0, 1960905.0], [577245.0, 1961025.0], [577215.0, 1961025.0], [577215.0, 1960965.0], [577185.0, 1960965.0], [577185.0, 1960995.0], [577155.0, 1960995.0], [577155.0, 1961025.0], [577125.0, 1961025.0], [577125.0, 1960995.0], [577095.0, 1960995.0], [577095.0, 1961085.0], [577065.0, 1961085.0], [577065.0, 1961145.0], [577005.0, 1961145.0]], [[577095.0, 1960965.0], [577125.0, 1960965.0], [577125.0, 1960935.0], [577215.0, 1960935.0], [577215.0, 1960905.0], [577095.0, 1960905.0], [577095.0, 1960965.0]], [[576885.0, 1960635.0], [576915.0, 1960635.0], [576915.0, 1960605.0], [576885.0, 1960605.0], [576885.0, 1960635.0]]]}, "properties": {"zone_id": "scene_01_DT0000205230-Z0265", "scene": "scene_01_DT0000205230", "pixel_count": 257, "approx_area_m2": 231300.0, "centroid_x": 577015.6809338521, "centroid_y": 1960722.0233463035, "mean_risk": 2.0892205238342285, "max_risk": 2.8002030849456787, "median_risk": 2.0540707111358643, "high_priority_pixel_pct": 100.0, "priority_category": "HIGH PRIORITY", "threshold_type": "95th percentile prioritisation threshold", "recommendation": "Spectral-stress evidence detected. Prioritise field inspection to determine the underlying cause. Field verification required.", "priority_rank": 118}}, {"type": "Feature", "geometry": {"type": "Polygon", "coordinates": [[[577425.0, 1961145.0], [577425.0, 1961115.0], [577365.0, 1961115.0], [577365.0, 1961085.0], [577395.0, 1961085.0], [577395.0, 1961055.0], [577425.0, 1961055.0], [577425.0, 1960995.0], [577545.0, 1960995.0], [577545.0, 1961055.0], [577515.0, 1961055.0], [577515.0, 1961115.0], [577485.0, 1961115.0], [577485.0, 1961145.0], [577425.0, 1961145.0]]]}, "properties": {"zone_id": "scene_01_DT0000205230-Z0266", "scene": "scene_01_DT0000205230", "pixel_count": 20, "approx_area_m2": 18000.0, "centroid_x": 577468.5, "centroid_y": 1961065.5, "mean_risk": 1.8981621265411377, "max_risk": 2.2919325828552246, "median_risk": 1.8310060501098633, "high_priority_pixel_pct": 100.0, "priority_category": "HIGH PRIORITY", "threshold_type": "95th percentile prioritisation threshold", "recommendation": "Spectral-stress evidence detected. Prioritise field inspection to determine the underlying cause. Field verification required.", "priority_rank": 246}}, {"type": "Feature", "geometry": {"type": "Polygon", "coordinates": [[[555465.0, 1961115.0], [555465.0, 1961085.0], [555435.0, 1961085.0], [555435.0, 1961025.0], [555405.0, 1961025.0], [555405.0, 1961055.0], [555375.0, 1961055.0], [555375.0, 1960995.0], [555405.0, 1960995.0], [555405.0, 1960965.0], [555465.0, 1960965.0], [555465.0, 1960995.0], [555495.0, 1960995.0], [555495.0, 1961025.0], [555525.0, 1961025.0], [555525.0, 1961085.0], [555495.0, 1961085.0], [555495.0, 1961115.0], [555465.0, 1961115.0]]]}, "properties": {"zone_id": "scene_01_DT0000205230-Z0267", "scene": "scene_01_DT0000205230", "pixel_count": 14, "approx_area_m2": 12600.0, "centroid_x": 555454.2857142857, "centroid_y": 1961033.5714285714, "mean_risk": 1.7341337203979492, "max_risk": 1.7988595962524414, "median_risk": 1.7347567081451416, "high_priority_pixel_pct": 100.0, "priority_category": "HIGH PRIORITY", "threshold_type": "95th percentile prioritisation threshold", "recommendation": "Spectral-stress evidence detected. Prioritise field inspection to determine the underlying cause. Field verification required.", "priority_rank": 413}}, {"type": "Feature", "geometry": {"type": "Polygon", "coordinates": [[[574395.0, 1961115.0], [574395.0, 1961085.0], [574335.0, 1961085.0], [574335.0, 1960935.0], [574365.0, 1960935.0], [574365.0, 1960905.0], [574425.0, 1960905.0], [574425.0, 1960965.0], [574485.0, 1960965.0], [574485.0, 1961025.0], [574425.0, 1961025.0], [574425.0, 1961115.0], [574395.0, 1961115.0]]]}, "properties": {"zone_id": "scene_01_DT0000205230-Z0268", "scene": "scene_01_DT0000205230", "pixel_count": 22, "approx_area_m2": 19800.0, "centroid_x": 574396.3636363636, "centroid_y": 1961003.1818181819, "mean_risk": 1.9551830291748047, "max_risk": 2.3264360427856445, "median_risk": 1.9257733821868896, "high_priority_pixel_pct": 100.0, "priority_category": "HIGH PRIORITY", "threshold_type": "95th percentile prioritisation threshold", "recommendation": "Spectral-stress evidence detected. Prioritise field inspection to determine the underlying cause. Field verification required.", "priority_rank": 193}}, {"type": "Feature", "geometry": {"type": "Polygon", "coordinates": [[[577875.0, 1961115.0], [577875.0, 1961085.0], [577845.0, 1961085.0], [577845.0, 1961055.0], [577875.0, 1961055.0], [577875.0, 1960995.0], [577845.0, 1960995.0], [577845.0, 1960905.0], [577875.0, 1960905.0], [577875.0, 1960875.0], [577905.0, 1960875.0], [577905.0, 1960935.0], [577935.0, 1960935.0], [577935.0, 1961055.0], [577905.0, 1961055.0], [577905.0, 1961115.0], [577875.0, 1961115.0]]]}, "properties": {"zone_id": "scene_01_DT0000205230-Z0269", "scene": "scene_01_DT0000205230", "pixel_count": 16, "approx_area_m2": 14400.0, "centroid_x": 577890.0, "centroid_y": 1960991.25, "mean_risk": 1.8288955688476562, "max_risk": 2.011202096939087, "median_risk": 1.8427517414093018, "high_priority_pixel_pct": 100.0, "priority_category": "HIGH PRIORITY", "threshold_type": "95th percentile prioritisation threshold", "recommendation": "Spectral-stress evidence detected. Prioritise field inspection to determine the underlying cause. Field verification required.", "priority_rank": 309}}, {"type": "Feature", "geometry": {"type": "Polygon", "coordinates": [[[578745.0, 1961085.0], [578745.0, 1961025.0], [578715.0, 1961025.0], [578715.0, 1960995.0], [578655.0, 1960995.0], [578655.0, 1960935.0], [578715.0, 1960935.0], [578715.0, 1960965.0], [578745.0, 1960965.0], [578745.0, 1960995.0], [578805.0, 1960995.0], [578805.0, 1961085.0], [578745.0, 1961085.0]]]}, "properties": {"zone_id": "scene_01_DT0000205230-Z0270", "scene": "scene_01_DT0000205230", "pixel_count": 12, "approx_area_m2": 10800.0, "centroid_x": 578737.5, "centroid_y": 1961007.5, "mean_risk": 1.7671178579330444, "max_risk": 1.9352449178695679, "median_risk": 1.752377986907959, "high_priority_pixel_pct": 100.0, "priority_category": "HIGH PRIORITY", "threshold_type": "95th percentile prioritisation threshold", "recommendation": "Spectral-stress evidence detected. Prioritise field inspection to determine the underlying cause. Field verification required.", "priority_rank": 376}}, {"type": "Feature", "geometry": {"type": "Polygon", "coordinates": [[[561735.0, 1961055.0], [561735.0, 1961025.0], [561645.0, 1961025.0], [561645.0, 1960995.0], [561675.0, 1960995.0], [561675.0, 1960935.0], [561645.0, 1960935.0], [561645.0, 1960905.0], [561705.0, 1960905.0], [561705.0, 1960875.0], [561765.0, 1960875.0], [561765.0, 1960905.0], [561795.0, 1960905.0], [561795.0, 1960875.0], [561825.0, 1960875.0], [561825.0, 1960965.0], [561765.0, 1960965.0], [561765.0, 1960995.0], [561795.0, 1960995.0], [561795.0, 1961025.0], [561765.0, 1961025.0], [561765.0, 1961055.0], [561735.0, 1961055.0]]]}, "properties": {"zone_id": "scene_01_DT0000205230-Z0271", "scene": "scene_01_DT0000205230", "pixel_count": 23, "approx_area_m2": 20700.0, "centroid_x": 561736.9565217391, "centroid_y": 1960955.2173913044, "mean_risk": 2.025773763656616, "max_risk": 2.6214449405670166, "median_risk": 2.023272752761841, "high_priority_pixel_pct": 100.0, "priority_category": "HIGH PRIORITY", "threshold_type": "95th percentile prioritisation threshold", "recommendation": "Spectral-stress evidence detected. Prioritise field inspection to determine the underlying cause. Field verification required.", "priority_rank": 141}}, {"type": "Feature", "geometry": {"type": "Polygon", "coordinates": [[[559845.0, 1960995.0], [559845.0, 1960965.0], [559785.0, 1960965.0], [559785.0, 1960905.0], [559755.0, 1960905.0], [559755.0, 1960875.0], [559815.0, 1960875.0], [559815.0, 1960845.0], [559845.0, 1960845.0], [559845.0, 1960815.0], [559875.0, 1960815.0], [559875.0, 1960785.0], [559905.0, 1960785.0], [559905.0, 1960815.0], [559965.0, 1960815.0], [559965.0, 1960785.0], [559935.0, 1960785.0], [559935.0, 1960755.0], [559965.0, 1960755.0], [559965.0, 1960695.0], [560025.0, 1960695.0], [560025.0, 1960755.0], [560115.0, 1960755.0], [560115.0, 1960785.0], [560175.0, 1960785.0], [560175.0, 1960755.0], [560145.0, 1960755.0], [560145.0, 1960695.0], [560235.0, 1960695.0], [560235.0, 1960665.0], [560295.0, 1960665.0], [560295.0, 1960635.0], [560355.0, 1960635.0], [560355.0, 1960605.0], [560415.0, 1960605.0], [560415.0, 1960545.0], [560445.0, 1960545.0], [560445.0, 1960455.0], [560505.0, 1960455.0], [560505.0, 1960425.0], [560535.0, 1960425.0], [560535.0, 1960155.0], [560505.0, 1960155.0], [560505.0, 1960005.0], [560475.0, 1960005.0], [560475.0, 1959975.0], [560445.0, 1959975.0], [560445.0, 1959945.0], [560415.0, 1959945.0], [560415.0, 1959915.0], [560385.0, 1959915.0], [560385.0, 1959885.0], [560355.0, 1959885.0], [560355.0, 1959855.0], [560535.0, 1959855.0], [560535.0, 1959915.0], [560565.0, 1959915.0], [560565.0, 1959945.0], [560625.0, 1959945.0], [560625.0, 1959915.0], [560655.0, 1959915.0], [560655.0, 1959975.0], [560685.0, 1959975.0], [560685.0, 1960005.0], [560715.0, 1960005.0], [560715.0, 1960065.0], [560745.0, 1960065.0], [560745.0, 1960005.0], [560775.0, 1960005.0], [560775.0, 1959915.0], [560745.0, 1959915.0], [560745.0, 1959885.0], [560685.0, 1959885.0], [560685.0, 1959855.0], [560745.0, 1959855.0], [560745.0, 1959825.0], [560775.0, 1959825.0], [560775.0, 1959855.0], [560805.0, 1959855.0], [560805.0, 1959825.0], [560925.0, 1959825.0], [560925.0, 1959735.0], [560955.0, 1959735.0], [560955.0, 1959705.0], [560985.0, 1959705.0], [560985.0, 1959645.0], [560925.0, 1959645.0], [560925.0, 1959585.0], [560955.0, 1959585.0], [560955.0, 1959615.0], [561015.0, 1959615.0], [561015.0, 1959555.0], [560985.0, 1959555.0], [560985.0, 1959465.0], [561045.0, 1959465.0], [561045.0, 1959495.0], [561075.0, 1959495.0], [561075.0, 1959525.0], [561135.0, 1959525.0], [561135.0, 1959555.0], [561165.0, 1959555.0], [561165.0, 1959585.0], [561225.0, 1959585.0], [561225.0, 1959645.0], [561255.0, 1959645.0], [561255.0, 1959735.0], [561285.0, 1959735.0], [561285.0, 1959765.0], [561315.0, 1959765.0], [561315.0, 1959795.0], [561285.0, 1959795.0], [561285.0, 1959825.0], [561375.0, 1959825.0], [561375.0, 1959765.0], [561465.0, 1959765.0], [561465.0, 1959855.0], [561495.0, 1959855.0], [561495.0, 1960035.0], [561465.0, 1960035.0], [561465.0, 1960125.0], [561435.0, 1960125.0], [561435.0, 1960155.0], [561405.0, 1960155.0], [561405.0, 1960185.0], [561375.0, 1960185.0], [561375.0, 1960245.0], [561315.0, 1960245.0], [561315.0, 1960215.0], [561285.0, 1960215.0], [561285.0, 1960245.0], [561225.0, 1960245.0], [561225.0, 1960215.0], [561195.0, 1960215.0], [561195.0, 1960245.0], [561165.0, 1960245.0], [561165.0, 1960215.0], [561135.0, 1960215.0], [561135.0, 1960275.0], [561165.0, 1960275.0], [561165.0, 1960305.0], [561195.0, 1960305.0], [561195.0, 1960335.0], [561225.0, 1960335.0], [561225.0, 1960365.0], [561255.0, 1960365.0], [561255.0, 1960395.0], [561285.0, 1960395.0], [561285.0, 1960575.0], [561255.0, 1960575.0], [561255.0, 1960545.0], [561195.0, 1960545.0], [561195.0, 1960605.0], [561165.0, 1960605.0], [561165.0, 1960695.0], [561135.0, 1960695.0], [561135.0, 1960725.0], [560865.0, 1960725.0], [560865.0, 1960695.0], [560895.0, 1960695.0], [560895.0, 1960665.0], [560835.0, 1960665.0], [560835.0, 1960725.0], [560805.0, 1960725.0], [560805.0, 1960755.0], [560655.0, 1960755.0], [560655.0, 1960695.0], [560625.0, 1960695.0], [560625.0, 1960665.0], [560595.0, 1960665.0], [560595.0, 1960695.0], [560505.0, 1960695.0], [560505.0, 1960665.0], [560475.0, 1960665.0], [560475.0, 1960695.0], [560445.0, 1960695.0], [560445.0, 1960755.0], [560415.0, 1960755.0], [560415.0, 1960785.0], [560385.0, 1960785.0], [560385.0, 1960815.0], [560355.0, 1960815.0], [560355.0, 1960785.0], [560325.0, 1960785.0], [560325.0, 1960815.0], [560295.0, 1960815.0], [560295.0, 1960845.0], [560265.0, 1960845.0], [560265.0, 1960875.0], [560235.0, 1960875.0], [560235.0, 1960905.0], [560205.0, 1960905.0], [560205.0, 1960845.0], [560115.0, 1960845.0], [560115.0, 1960935.0], [560085.0, 1960935.0], [560085.0, 1960905.0], [559995.0, 1960905.0], [559995.0, 1960935.0], [559935.0, 1960935.0], [559935.0, 1960965.0], [559905.0, 1960965.0], [559905.0, 1960995.0], [559845.0, 1960995.0]], [[560235.0, 1960725.0], [560265.0, 1960725.0], [560265.0, 1960695.0], [560235.0, 1960695.0], [560235.0, 1960725.0]], [[560505.0, 1960605.0], [560535.0, 1960605.0], [560535.0, 1960575.0], [560505.0, 1960575.0], [560505.0, 1960605.0]], [[560715.0, 1960575.0], [560745.0, 1960575.0], [560745.0, 1960545.0], [560715.0, 1960545.0], [560715.0, 1960575.0]], [[560745.0, 1960545.0], [560775.0, 1960545.0], [560775.0, 1960485.0], [560745.0, 1960485.0], [560745.0, 1960545.0]], [[560835.0, 1960515.0], [560895.0, 1960515.0], [560895.0, 1960485.0], [560925.0, 1960485.0], [560925.0, 1960455.0], [560805.0, 1960455.0], [560805.0, 1960485.0], [560835.0, 1960485.0], [560835.0, 1960515.0]], [[560955.0, 1960155.0], [561015.0, 1960155.0], [561015.0, 1960095.0], [560985.0, 1960095.0], [560985.0, 1960065.0], [561015.0, 1960065.0], [561015.0, 1959945.0], [561045.0, 1959945.0], [561045.0, 1959915.0], [561075.0, 1959915.0], [561075.0, 1959885.0], [561045.0, 1959885.0], [561045.0, 1959855.0], [560925.0, 1959855.0], [560925.0, 1959885.0], [560895.0, 1959885.0], [560895.0, 1959915.0], [560835.0, 1959915.0], [560835.0, 1959945.0], [560805.0, 1959945.0], [560805.0, 1960065.0], [560895.0, 1960065.0], [560895.0, 1960095.0], [560925.0, 1960095.0], [560925.0, 1960125.0], [560955.0, 1960125.0], [560955.0, 1960155.0]], [[561255.0, 1960155.0], [561285.0, 1960155.0], [561285.0, 1960125.0], [561255.0, 1960125.0], [561255.0, 1960155.0]], [[561255.0, 1960065.0], [561315.0, 1960065.0], [561315.0, 1960035.0], [561285.0, 1960035.0], [561285.0, 1960005.0], [561315.0, 1960005.0], [561315.0, 1959975.0], [561225.0, 1959975.0], [561225.0, 1959945.0], [561165.0, 1959945.0], [561165.0, 1959975.0], [561105.0, 1959975.0], [561105.0, 1960005.0], [561135.0, 1960005.0], [561135.0, 1960035.0], [561255.0, 1960035.0], [561255.0, 1960065.0]], [[561375.0, 1959945.0], [561405.0, 1959945.0], [561405.0, 1959855.0], [561375.0, 1959855.0], [561375.0, 1959885.0], [561315.0, 1959885.0], [561315.0, 1959855.0], [561255.0, 1959855.0], [561255.0, 1959915.0], [561375.0, 1959915.0], [561375.0, 1959945.0]], [[561135.0, 1959855.0], [561225.0, 1959855.0], [561225.0, 1959825.0], [561195.0, 1959825.0], [561195.0, 1959765.0], [561135.0, 1959765.0], [561135.0, 1959855.0]]]}, "properties": {"zone_id": "scene_01_DT0000205230-Z0272", "scene": "scene_01_DT0000205230", "pixel_count": 940, "approx_area_m2": 846000.0, "centroid_x": 560829.414893617, "centroid_y": 1960284.319148936, "mean_risk": 1.967043399810791, "max_risk": 2.69320011138916, "median_risk": 1.9410901069641113, "high_priority_pixel_pct": 100.0, "priority_category": "HIGH PRIORITY", "threshold_type": "95th percentile prioritisation threshold", "recommendation": "Spectral-stress evidence detected. Prioritise field inspection to determine the underlying cause. Field verification required.", "priority_rank": 181}}, {"type": "Feature", "geometry": {"type": "Polygon", "coordinates": [[[577425.0, 1960905.0], [577425.0, 1960815.0], [577395.0, 1960815.0], [577395.0, 1960785.0], [577425.0, 1960785.0], [577425.0, 1960755.0], [577455.0, 1960755.0], [577455.0, 1960635.0], [577515.0, 1960635.0], [577515.0, 1960515.0], [577725.0, 1960515.0], [577725.0, 1960545.0], [577905.0, 1960545.0], [577905.0, 1960575.0], [577965.0, 1960575.0], [577965.0, 1960605.0], [577935.0, 1960605.0], [577935.0, 1960635.0], [577905.0, 1960635.0], [577905.0, 1960755.0], [577845.0, 1960755.0], [577845.0, 1960725.0], [577875.0, 1960725.0], [577875.0, 1960665.0], [577845.0, 1960665.0], [577845.0, 1960605.0], [577815.0, 1960605.0], [577815.0, 1960665.0], [577755.0, 1960665.0], [577755.0, 1960605.0], [577725.0, 1960605.0], [577725.0, 1960635.0], [577695.0, 1960635.0], [577695.0, 1960665.0], [577635.0, 1960665.0], [577635.0, 1960725.0], [577605.0, 1960725.0], [577605.0, 1960755.0], [577635.0, 1960755.0], [577635.0, 1960815.0], [577605.0, 1960815.0], [577605.0, 1960845.0], [577575.0, 1960845.0], [577575.0, 1960815.0], [577545.0, 1960815.0], [577545.0, 1960785.0], [577485.0, 1960785.0], [577485.0, 1960905.0], [577425.0, 1960905.0]]]}, "properties": {"zone_id": "scene_01_DT0000205230-Z0273", "scene": "scene_01_DT0000205230", "pixel_count": 100, "approx_area_m2": 90000.0, "centroid_x": 577640.1, "centroid_y": 1960661.7, "mean_risk": 1.9017939567565918, "max_risk": 2.336341142654419, "median_risk": 1.8484675884246826, "high_priority_pixel_pct": 100.0, "priority_category": "HIGH PRIORITY", "threshold_type": "95th percentile prioritisation threshold", "recommendation": "Spectral-stress evidence detected. Prioritise field inspection to determine the underlying cause. Field verification required.", "priority_rank": 242}}, {"type": "Feature", "geometry": {"type": "Polygon", "coordinates": [[[550995.0, 1960845.0], [550995.0, 1960815.0], [550935.0, 1960815.0], [550935.0, 1960785.0], [550905.0, 1960785.0], [550905.0, 1960695.0], [550935.0, 1960695.0], [550935.0, 1960665.0], [551025.0, 1960665.0], [551025.0, 1960785.0], [551055.0, 1960785.0], [551055.0, 1960845.0], [550995.0, 1960845.0]]]}, "properties": {"zone_id": "scene_01_DT0000205230-Z0274", "scene": "scene_01_DT0000205230", "pixel_count": 21, "approx_area_m2": 18900.0, "centroid_x": 550978.5714285715, "centroid_y": 1960751.4285714286, "mean_risk": 1.7102186679840088, "max_risk": 1.768984317779541, "median_risk": 1.70836341381073, "high_priority_pixel_pct": 100.0, "priority_category": "HIGH PRIORITY", "threshold_type": "95th percentile prioritisation threshold", "recommendation": "Spectral-stress evidence detected. Prioritise field inspection to determine the underlying cause. Field verification required.", "priority_rank": 428}}, {"type": "Feature", "geometry": {"type": "Polygon", "coordinates": [[[573345.0, 1960695.0], [573345.0, 1960635.0], [573315.0, 1960635.0], [573315.0, 1960605.0], [573285.0, 1960605.0], [573285.0, 1960575.0], [573315.0, 1960575.0], [573315.0, 1960515.0], [573345.0, 1960515.0], [573345.0, 1960485.0], [573435.0, 1960485.0], [573435.0, 1960545.0], [573495.0, 1960545.0], [573495.0, 1960515.0], [573555.0, 1960515.0], [573555.0, 1960545.0], [573585.0, 1960545.0], [573585.0, 1960575.0], [573525.0, 1960575.0], [573525.0, 1960605.0], [573435.0, 1960605.0], [573435.0, 1960695.0], [573345.0, 1960695.0]]]}, "properties": {"zone_id": "scene_01_DT0000205230-Z0275", "scene": "scene_01_DT0000205230", "pixel_count": 36, "approx_area_m2": 32400.0, "centroid_x": 573412.5, "centroid_y": 1960580.8333333333, "mean_risk": 1.8608229160308838, "max_risk": 2.123441219329834, "median_risk": 1.8658599853515625, "high_priority_pixel_pct": 100.0, "priority_category": "HIGH PRIORITY", "threshold_type": "95th percentile prioritisation threshold", "recommendation": "Spectral-stress evidence detected. Prioritise field inspection to determine the underlying cause. Field verification required.", "priority_rank": 275}}, {"type": "Feature", "geometry": {"type": "Polygon", "coordinates": [[[559455.0, 1960425.0], [559455.0, 1960395.0], [559425.0, 1960395.0], [559425.0, 1960365.0], [559305.0, 1960365.0], [559305.0, 1960305.0], [559335.0, 1960305.0], [559335.0, 1960275.0], [559365.0, 1960275.0], [559365.0, 1960245.0], [559275.0, 1960245.0], [559275.0, 1960215.0], [559305.0, 1960215.0], [559305.0, 1960185.0], [559455.0, 1960185.0], [559455.0, 1960215.0], [559425.0, 1960215.0], [559425.0, 1960245.0], [559455.0, 1960245.0], [559455.0, 1960275.0], [559485.0, 1960275.0], [559485.0, 1960305.0], [559545.0, 1960305.0], [559545.0, 1960335.0], [559515.0, 1960335.0], [559515.0, 1960365.0], [559545.0, 1960365.0], [559545.0, 1960425.0], [559455.0, 1960425.0]]]}, "properties": {"zone_id": "scene_01_DT0000205230-Z0276", "scene": "scene_01_DT0000205230", "pixel_count": 58, "approx_area_m2": 52200.0, "centroid_x": 559445.6896551724, "centroid_y": 1960369.1379310344, "mean_risk": 1.9060367345809937, "max_risk": 2.7118332386016846, "median_risk": 1.8048986196517944, "high_priority_pixel_pct": 100.0, "priority_category": "HIGH PRIORITY", "threshold_type": "95th percentile prioritisation threshold", "recommendation": "Spectral-stress evidence detected. Prioritise field inspection to determine the underlying cause. Field verification required.", "priority_rank": 237}}, {"type": "Feature", "geometry": {"type": "Polygon", "coordinates": [[[559815.0, 1960575.0], [559815.0, 1960455.0], [559785.0, 1960455.0], [559785.0, 1960545.0], [559755.0, 1960545.0], [559755.0, 1960515.0], [559725.0, 1960515.0], [559725.0, 1960485.0], [559695.0, 1960485.0], [559695.0, 1960425.0], [559725.0, 1960425.0], [559725.0, 1960365.0], [559755.0, 1960365.0], [559755.0, 1960305.0], [559815.0, 1960305.0], [559815.0, 1960245.0], [559875.0, 1960245.0], [559875.0, 1960275.0], [559935.0, 1960275.0], [559935.0, 1960305.0], [559995.0, 1960305.0], [559995.0, 1960335.0], [560025.0, 1960335.0], [560025.0, 1960365.0], [560055.0, 1960365.0], [560055.0, 1960395.0], [560115.0, 1960395.0], [560115.0, 1960425.0], [560145.0, 1960425.0], [560145.0, 1960485.0], [560115.0, 1960485.0], [560115.0, 1960545.0], [560085.0, 1960545.0], [560085.0, 1960575.0], [560025.0, 1960575.0], [560025.0, 1960545.0], [559995.0, 1960545.0], [559995.0, 1960575.0], [559965.0, 1960575.0], [559965.0, 1960545.0], [559935.0, 1960545.0], [559935.0, 1960455.0], [559965.0, 1960455.0], [559965.0, 1960425.0], [559995.0, 1960425.0], [559995.0, 1960395.0], [559905.0, 1960395.0], [559905.0, 1960545.0], [559875.0, 1960545.0], [559875.0, 1960575.0], [559815.0, 1960575.0]]]}, "properties": {"zone_id": "scene_01_DT0000205230-Z0277", "scene": "scene_01_DT0000205230", "pixel_count": 96, "approx_area_m2": 86400.0, "centroid_x": 559912.8125, "centroid_y": 1960428.125, "mean_risk": 2.514906167984009, "max_risk": 3.6102097034454346, "median_risk": 2.540847063064575, "high_priority_pixel_pct": 100.0, "priority_category": "HIGH PRIORITY", "threshold_type": "95th percentile prioritisation threshold", "recommendation": "Spectral-stress evidence detected. Prioritise field inspection to determine the underlying cause. Field verification required.", "priority_rank": 29}}, {"type": "Feature", "geometry": {"type": "Polygon", "coordinates": [[[573735.0, 1960545.0], [573735.0, 1960515.0], [573765.0, 1960515.0], [573765.0, 1960425.0], [573825.0, 1960425.0], [573825.0, 1960545.0], [573735.0, 1960545.0]]]}, "properties": {"zone_id": "scene_01_DT0000205230-Z0278", "scene": "scene_01_DT0000205230", "pixel_count": 9, "approx_area_m2": 8100.0, "centroid_x": 573790.0, "centroid_y": 1960490.0, "mean_risk": 1.7228419780731201, "max_risk": 1.7961570024490356, "median_risk": 1.7302494049072266, "high_priority_pixel_pct": 100.0, "priority_category": "HIGH PRIORITY", "threshold_type": "95th percentile prioritisation threshold", "recommendation": "Spectral-stress evidence detected. Prioritise field inspection to determine the underlying cause. Field verification required.", "priority_rank": 420}}, {"type": "Feature", "geometry": {"type": "Polygon", "coordinates": [[[577125.0, 1960545.0], [577125.0, 1960515.0], [577095.0, 1960515.0], [577095.0, 1960455.0], [577065.0, 1960455.0], [577065.0, 1960365.0], [577095.0, 1960365.0], [577095.0, 1960335.0], [577215.0, 1960335.0], [577215.0, 1960215.0], [577275.0, 1960215.0], [577275.0, 1960305.0], [577245.0, 1960305.0], [577245.0, 1960335.0], [577275.0, 1960335.0], [577275.0, 1960365.0], [577305.0, 1960365.0], [577305.0, 1960395.0], [577275.0, 1960395.0], [577275.0, 1960455.0], [577305.0, 1960455.0], [577305.0, 1960485.0], [577245.0, 1960485.0], [577245.0, 1960515.0], [577215.0, 1960515.0], [577215.0, 1960545.0], [577125.0, 1960545.0]], [[577095.0, 1960455.0], [577125.0, 1960455.0], [577125.0, 1960425.0], [577095.0, 1960425.0], [577095.0, 1960455.0]]]}, "properties": {"zone_id": "scene_01_DT0000205230-Z0279", "scene": "scene_01_DT0000205230", "pixel_count": 50, "approx_area_m2": 45000.0, "centroid_x": 577188.0, "centroid_y": 1960408.8, "mean_risk": 2.0348708629608154, "max_risk": 2.768723726272583, "median_risk": 1.9606484174728394, "high_priority_pixel_pct": 100.0, "priority_category": "HIGH PRIORITY", "threshold_type": "95th percentile prioritisation threshold", "recommendation": "Spectral-stress evidence detected. Prioritise field inspection to determine the underlying cause. Field verification required.", "priority_rank": 135}}, {"type": "Feature", "geometry": {"type": "Polygon", "coordinates": [[[562695.0, 1960515.0], [562695.0, 1960455.0], [562665.0, 1960455.0], [562665.0, 1960425.0], [562695.0, 1960425.0], [562695.0, 1960395.0], [562665.0, 1960395.0], [562665.0, 1960365.0], [562605.0, 1960365.0], [562605.0, 1960305.0], [562635.0, 1960305.0], [562635.0, 1960335.0], [562665.0, 1960335.0], [562665.0, 1960305.0], [562695.0, 1960305.0], [562695.0, 1960275.0], [562755.0, 1960275.0], [562755.0, 1960395.0], [562725.0, 1960395.0], [562725.0, 1960485.0], [562755.0, 1960485.0], [562755.0, 1960515.0], [562695.0, 1960515.0]]]}, "properties": {"zone_id": "scene_01_DT0000205230-Z0280", "scene": "scene_01_DT0000205230", "pixel_count": 20, "approx_area_m2": 18000.0, "centroid_x": 562699.5, "centroid_y": 1960375.5, "mean_risk": 1.7770274877548218, "max_risk": 1.9837313890457153, "median_risk": 1.7509300708770752, "high_priority_pixel_pct": 100.0, "priority_category": "HIGH PRIORITY", "threshold_type": "95th percentile prioritisation threshold", "recommendation": "Spectral-stress evidence detected. Prioritise field inspection to determine the underlying cause. Field verification required.", "priority_rank": 369}}, {"type": "Feature", "geometry": {"type": "Polygon", "coordinates": [[[570735.0, 1960515.0], [570735.0, 1960485.0], [570765.0, 1960485.0], [570765.0, 1960425.0], [570825.0, 1960425.0], [570825.0, 1960395.0], [570855.0, 1960395.0], [570855.0, 1960485.0], [570825.0, 1960485.0], [570825.0, 1960515.0], [570735.0, 1960515.0]]]}, "properties": {"zone_id": "scene_01_DT0000205230-Z0281", "scene": "scene_01_DT0000205230", "pixel_count": 10, "approx_area_m2": 9000.0, "centroid_x": 570804.0, "centroid_y": 1960464.0, "mean_risk": 1.7597163915634155, "max_risk": 1.8586187362670898, "median_risk": 1.737889289855957, "high_priority_pixel_pct": 100.0, "priority_category": "HIGH PRIORITY", "threshold_type": "95th percentile prioritisation threshold", "recommendation": "Spectral-stress evidence detected. Prioritise field inspection to determine the underlying cause. Field verification required.", "priority_rank": 384}}, {"type": "Feature", "geometry": {"type": "Polygon", "coordinates": [[[560205.0, 1960485.0], [560205.0, 1960395.0], [560235.0, 1960395.0], [560235.0, 1960275.0], [560265.0, 1960275.0], [560265.0, 1960245.0], [560295.0, 1960245.0], [560295.0, 1960185.0], [560265.0, 1960185.0], [560265.0, 1960095.0], [560325.0, 1960095.0], [560325.0, 1960125.0], [560355.0, 1960125.0], [560355.0, 1960305.0], [560325.0, 1960305.0], [560325.0, 1960335.0], [560355.0, 1960335.0], [560355.0, 1960425.0], [560325.0, 1960425.0], [560325.0, 1960485.0], [560295.0, 1960485.0], [560295.0, 1960455.0], [560265.0, 1960455.0], [560265.0, 1960425.0], [560235.0, 1960425.0], [560235.0, 1960485.0], [560205.0, 1960485.0]]]}, "properties": {"zone_id": "scene_01_DT0000205230-Z0282", "scene": "scene_01_DT0000205230", "pixel_count": 40, "approx_area_m2": 36000.0, "centroid_x": 560295.0, "centroid_y": 1960303.5, "mean_risk": 1.9554065465927124, "max_risk": 2.472350597381592, "median_risk": 1.974050760269165, "high_priority_pixel_pct": 100.0, "priority_category": "HIGH PRIORITY", "threshold_type": "95th percentile prioritisation threshold", "recommendation": "Spectral-stress evidence detected. Prioritise field inspection to determine the underlying cause. Field verification required.", "priority_rank": 192}}, {"type": "Feature", "geometry": {"type": "Polygon", "coordinates": [[[576765.0, 1960245.0], [576765.0, 1960215.0], [576735.0, 1960215.0], [576735.0, 1960125.0], [576765.0, 1960125.0], [576765.0, 1960095.0], [576735.0, 1960095.0], [576735.0, 1959945.0], [576705.0, 1959945.0], [576705.0, 1959975.0], [576645.0, 1959975.0], [576645.0, 1959885.0], [576735.0, 1959885.0], [576735.0, 1959645.0], [576795.0, 1959645.0], [576795.0, 1959465.0], [576825.0, 1959465.0], [576825.0, 1959495.0], [576855.0, 1959495.0], [576855.0, 1959315.0], [576825.0, 1959315.0], [576825.0, 1959285.0], [576795.0, 1959285.0], [576795.0, 1959195.0], [576825.0, 1959195.0], [576825.0, 1959165.0], [576735.0, 1959165.0], [576735.0, 1959195.0], [576705.0, 1959195.0], [576705.0, 1959285.0], [576675.0, 1959285.0], [576675.0, 1959315.0], [576645.0, 1959315.0], [576645.0, 1959345.0], [576525.0, 1959345.0], [576525.0, 1959375.0], [576495.0, 1959375.0], [576495.0, 1959345.0], [576465.0, 1959345.0], [576465.0, 1959285.0], [576435.0, 1959285.0], [576435.0, 1959135.0], [576465.0, 1959135.0], [576465.0, 1959075.0], [576525.0, 1959075.0], [576525.0, 1959045.0], [576465.0, 1959045.0], [576465.0, 1959015.0], [576435.0, 1959015.0], [576435.0, 1958985.0], [576495.0, 1958985.0], [576495.0, 1959015.0], [576585.0, 1959015.0], [576585.0, 1958985.0], [576615.0, 1958985.0], [576615.0, 1959015.0], [576645.0, 1959015.0], [576645.0, 1958925.0], [576675.0, 1958925.0], [576675.0, 1958865.0], [576705.0, 1958865.0], [576705.0, 1958835.0], [576645.0, 1958835.0], [576645.0, 1958715.0], [576675.0, 1958715.0], [576675.0, 1958685.0], [576705.0, 1958685.0], [576705.0, 1958715.0], [576885.0, 1958715.0], [576885.0, 1958775.0], [576915.0, 1958775.0], [576915.0, 1958835.0], [576975.0, 1958835.0], [576975.0, 1958775.0], [576945.0, 1958775.0], [576945.0, 1958685.0], [576915.0, 1958685.0], [576915.0, 1958595.0], [576885.0, 1958595.0], [576885.0, 1958625.0], [576825.0, 1958625.0], [576825.0, 1958595.0], [576765.0, 1958595.0], [576765.0, 1958655.0], [576675.0, 1958655.0], [576675.0, 1958625.0], [576615.0, 1958625.0], [576615.0, 1958595.0], [576555.0, 1958595.0], [576555.0, 1958565.0], [576525.0, 1958565.0], [576525.0, 1958535.0], [576555.0, 1958535.0], [576555.0, 1958475.0], [576585.0, 1958475.0], [576585.0, 1958445.0], [576615.0, 1958445.0], [576615.0, 1958325.0], [576645.0, 1958325.0], [576645.0, 1958235.0], [576675.0, 1958235.0], [576675.0, 1958025.0], [576645.0, 1958025.0], [576645.0, 1957965.0], [576675.0, 1957965.0], [576675.0, 1957905.0], [576705.0, 1957905.0], [576705.0, 1957995.0], [576735.0, 1957995.0], [576735.0, 1958055.0], [576765.0, 1958055.0], [576765.0, 1958085.0], [576795.0, 1958085.0], [576795.0, 1957665.0], [576855.0, 1957665.0], [576855.0, 1957695.0], [576915.0, 1957695.0], [576915.0, 1957665.0], [576945.0, 1957665.0], [576945.0, 1957635.0], [576915.0, 1957635.0], [576915.0, 1957515.0], [576975.0, 1957515.0], [576975.0, 1957395.0], [577005.0, 1957395.0], [577005.0, 1957335.0], [577065.0, 1957335.0], [577065.0, 1957305.0], [577095.0, 1957305.0], [577095.0, 1957335.0], [577125.0, 1957335.0], [577125.0, 1957395.0], [577155.0, 1957395.0], [577155.0, 1957425.0], [577215.0, 1957425.0], [577215.0, 1957365.0], [577245.0, 1957365.0], [577245.0, 1957395.0], [577275.0, 1957395.0], [577275.0, 1957695.0], [577245.0, 1957695.0], [577245.0, 1957875.0], [577155.0, 1957875.0], [577155.0, 1957935.0], [577125.0, 1957935.0], [577125.0, 1957965.0], [577095.0, 1957965.0], [577095.0, 1958025.0], [577155.0, 1958025.0], [577155.0, 1957995.0], [577185.0, 1957995.0], [577185.0, 1957965.0], [577215.0, 1957965.0], [577215.0, 1957935.0], [577245.0, 1957935.0], [577245.0, 1958055.0], [577275.0, 1958055.0], [577275.0, 1958115.0], [577245.0, 1958115.0], [577245.0, 1958205.0], [577215.0, 1958205.0], [577215.0, 1958235.0], [577185.0, 1958235.0], [577185.0, 1958295.0], [577155.0, 1958295.0], [577155.0, 1958385.0], [577185.0, 1958385.0], [577185.0, 1958355.0], [577215.0, 1958355.0], [577215.0, 1958325.0], [577275.0, 1958325.0], [577275.0, 1958445.0], [577305.0, 1958445.0], [577305.0, 1958415.0], [577365.0, 1958415.0], [577365.0, 1958385.0], [577335.0, 1958385.0], [577335.0, 1958325.0], [577305.0, 1958325.0], [577305.0, 1958025.0], [577275.0, 1958025.0], [577275.0, 1957785.0], [577305.0, 1957785.0], [577305.0, 1957725.0], [577365.0, 1957725.0], [577365.0, 1957605.0], [577425.0, 1957605.0], [577425.0, 1957575.0], [577395.0, 1957575.0], [577395.0, 1957485.0], [577515.0, 1957485.0], [577515.0, 1957425.0], [577485.0, 1957425.0], [577485.0, 1957275.0], [577395.0, 1957275.0], [577395.0, 1957305.0], [577365.0, 1957305.0], [577365.0, 1957275.0], [577335.0, 1957275.0], [577335.0, 1957155.0], [577365.0, 1957155.0], [577365.0, 1957125.0], [577395.0, 1957125.0], [577395.0, 1957095.0], [577425.0, 1957095.0], [577425.0, 1957065.0], [577515.0, 1957065.0], [577515.0, 1957005.0], [577545.0, 1957005.0], [577545.0, 1956975.0], [577605.0, 1956975.0], [577605.0, 1957035.0], [577635.0, 1957035.0], [577635.0, 1957065.0], [577665.0, 1957065.0], [577665.0, 1957095.0], [577605.0, 1957095.0], [577605.0, 1957125.0], [577575.0, 1957125.0], [577575.0, 1957155.0], [577665.0, 1957155.0], [577665.0, 1957125.0], [577695.0, 1957125.0], [577695.0, 1957335.0], [577725.0, 1957335.0], [577725.0, 1957395.0], [577695.0, 1957395.0], [577695.0, 1957365.0], [577665.0, 1957365.0], [577665.0, 1957395.0], [577635.0, 1957395.0], [577635.0, 1957425.0], [577605.0, 1957425.0], [577605.0, 1957515.0], [577665.0, 1957515.0], [577665.0, 1957485.0], [577695.0, 1957485.0], [577695.0, 1957455.0], [577725.0, 1957455.0], [577725.0, 1957425.0], [577755.0, 1957425.0], [577755.0, 1957485.0], [577785.0, 1957485.0], [577785.0, 1957545.0], [577755.0, 1957545.0], [577755.0, 1957575.0], [577845.0, 1957575.0], [577845.0, 1957545.0], [577875.0, 1957545.0], [577875.0, 1957575.0], [577905.0, 1957575.0], [577905.0, 1957605.0], [577965.0, 1957605.0], [577965.0, 1957695.0], [577995.0, 1957695.0], [577995.0, 1957785.0], [577935.0, 1957785.0], [577935.0, 1957725.0], [577905.0, 1957725.0], [577905.0, 1957785.0], [577875.0, 1957785.0], [577875.0, 1957815.0], [577905.0, 1957815.0], [577905.0, 1957845.0], [577875.0, 1957845.0], [577875.0, 1957905.0], [577965.0, 1957905.0], [577965.0, 1957875.0], [577995.0, 1957875.0], [577995.0, 1957815.0], [578025.0, 1957815.0], [578025.0, 1957785.0], [578055.0, 1957785.0], [578055.0, 1957815.0], [578085.0, 1957815.0], [578085.0, 1957875.0], [578055.0, 1957875.0], [578055.0, 1957935.0], [578025.0, 1957935.0], [578025.0, 1957995.0], [577995.0, 1957995.0], [577995.0, 1957965.0], [577845.0, 1957965.0], [577845.0, 1958025.0], [577815.0, 1958025.0], [577815.0, 1957995.0], [577785.0, 1957995.0], [577785.0, 1958025.0], [577725.0, 1958025.0], [577725.0, 1957995.0], [577695.0, 1957995.0], [577695.0, 1957965.0], [577635.0, 1957965.0], [577635.0, 1957935.0], [577545.0, 1957935.0], [577545.0, 1957905.0], [577485.0, 1957905.0], [577485.0, 1957875.0], [577425.0, 1957875.0], [577425.0, 1957905.0], [577455.0, 1957905.0], [577455.0, 1957935.0], [577515.0, 1957935.0], [577515.0, 1957965.0], [577545.0, 1957965.0], [577545.0, 1957995.0], [577575.0, 1957995.0], [577575.0, 1958025.0], [577665.0, 1958025.0], [577665.0, 1958205.0], [577695.0, 1958205.0], [577695.0, 1958265.0], [577665.0, 1958265.0], [577665.0, 1958295.0], [577605.0, 1958295.0], [577605.0, 1958325.0], [577575.0, 1958325.0], [577575.0, 1958535.0], [577635.0, 1958535.0], [577635.0, 1958505.0], [577665.0, 1958505.0], [577665.0, 1958475.0], [577725.0, 1958475.0], [577725.0, 1958445.0], [577785.0, 1958445.0], [577785.0, 1958505.0], [577755.0, 1958505.0], [577755.0, 1958625.0], [577635.0, 1958625.0], [577635.0, 1958655.0], [577605.0, 1958655.0], [577605.0, 1958745.0], [577665.0, 1958745.0], [577665.0, 1958715.0], [577695.0, 1958715.0], [577695.0, 1958685.0], [577755.0, 1958685.0], [577755.0, 1958715.0], [577875.0, 1958715.0], [577875.0, 1958835.0], [577845.0, 1958835.0], [577845.0, 1958865.0], [577815.0, 1958865.0], [577815.0, 1958895.0], [577875.0, 1958895.0], [577875.0, 1958925.0], [577845.0, 1958925.0], [577845.0, 1958955.0], [577875.0, 1958955.0], [577875.0, 1958985.0], [577815.0, 1958985.0], [577815.0, 1958925.0], [577755.0, 1958925.0], [577755.0, 1958955.0], [577695.0, 1958955.0], [577695.0, 1958925.0], [577665.0, 1958925.0], [577665.0, 1958955.0], [577575.0, 1958955.0], [577575.0, 1958985.0], [577605.0, 1958985.0], [577605.0, 1959015.0], [577635.0, 1959015.0], [577635.0, 1959045.0], [577605.0, 1959045.0], [577605.0, 1959165.0], [577485.0, 1959165.0], [577485.0, 1959195.0], [577455.0, 1959195.0], [577455.0, 1959225.0], [577515.0, 1959225.0], [577515.0, 1959195.0], [577605.0, 1959195.0], [577605.0, 1959225.0], [577635.0, 1959225.0], [577635.0, 1959345.0], [577605.0, 1959345.0], [577605.0, 1959375.0], [577545.0, 1959375.0], [577545.0, 1959405.0], [577515.0, 1959405.0], [577515.0, 1959435.0], [577455.0, 1959435.0], [577455.0, 1959465.0], [577425.0, 1959465.0], [577425.0, 1959435.0], [577395.0, 1959435.0], [577395.0, 1959315.0], [577455.0, 1959315.0], [577455.0, 1959255.0], [577395.0, 1959255.0], [577395.0, 1959045.0], [577425.0, 1959045.0], [577425.0, 1958805.0], [577395.0, 1958805.0], [577395.0, 1958775.0], [577365.0, 1958775.0], [577365.0, 1958625.0], [577335.0, 1958625.0], [577335.0, 1958595.0], [577305.0, 1958595.0], [577305.0, 1958535.0], [577275.0, 1958535.0], [577275.0, 1958625.0], [577305.0, 1958625.0], [577305.0, 1958655.0], [577335.0, 1958655.0], [577335.0, 1958715.0], [577305.0, 1958715.0], [577305.0, 1958775.0], [577155.0, 1958775.0], [577155.0, 1958835.0], [577125.0, 1958835.0], [577125.0, 1958895.0], [577155.0, 1958895.0], [577155.0, 1958955.0], [577185.0, 1958955.0], [577185.0, 1958985.0], [577155.0, 1958985.0], [577155.0, 1959015.0], [577035.0, 1959015.0], [577035.0, 1959045.0], [577005.0, 1959045.0], [577005.0, 1959195.0], [577035.0, 1959195.0], [577035.0, 1959225.0], [576975.0, 1959225.0], [576975.0, 1959345.0], [576945.0, 1959345.0], [576945.0, 1959435.0], [576975.0, 1959435.0], [576975.0, 1959585.0], [576945.0, 1959585.0], [576945.0, 1959675.0], [576915.0, 1959675.0], [576915.0, 1959705.0], [576945.0, 1959705.0], [576945.0, 1959825.0], [576975.0, 1959825.0], [576975.0, 1959855.0], [577005.0, 1959855.0], [577005.0, 1960245.0], [576855.0, 1960245.0], [576855.0, 1960215.0], [576795.0, 1960215.0], [576795.0, 1960245.0], [576765.0, 1960245.0]], [[576765.0, 1960005.0], [576795.0, 1960005.0], [576795.0, 1959975.0], [576765.0, 1959975.0], [576765.0, 1960005.0]], [[576765.0, 1959825.0], [576795.0, 1959825.0], [576795.0, 1959765.0], [576765.0, 1959765.0], [576765.0, 1959825.0]], [[576765.0, 1959735.0], [576795.0, 1959735.0], [576795.0, 1959705.0], [576825.0, 1959705.0], [576825.0, 1959675.0], [576765.0, 1959675.0], [576765.0, 1959735.0]], [[576525.0, 1959195.0], [576555.0, 1959195.0], [576555.0, 1959135.0], [576585.0, 1959135.0], [576585.0, 1959105.0], [576555.0, 1959105.0], [576555.0, 1959075.0], [576525.0, 1959075.0], [576525.0, 1959195.0]], [[576825.0, 1959015.0], [576855.0, 1959015.0], [576855.0, 1958955.0], [576825.0, 1958955.0], [576825.0, 1959015.0]], [[576975.0, 1958925.0], [577065.0, 1958925.0], [577065.0, 1958835.0], [576975.0, 1958835.0], [576975.0, 1958925.0]], [[577455.0, 1958895.0], [577485.0, 1958895.0], [577485.0, 1958805.0], [577455.0, 1958805.0], [577455.0, 1958895.0]], [[577635.0, 1958805.0], [577665.0, 1958805.0], [577665.0, 1958775.0], [577635.0, 1958775.0], [577635.0, 1958805.0]], [[577155.0, 1958745.0], [577185.0, 1958745.0], [577185.0, 1958715.0], [577155.0, 1958715.0], [577155.0, 1958745.0]], [[577185.0, 1958715.0], [577215.0, 1958715.0], [577215.0, 1958685.0], [577185.0, 1958685.0], [577185.0, 1958715.0]], [[577215.0, 1958685.0], [577245.0, 1958685.0], [577245.0, 1958625.0], [577215.0, 1958625.0], [577215.0, 1958685.0]], [[576975.0, 1958505.0], [577005.0, 1958505.0], [577005.0, 1958355.0], [576945.0, 1958355.0], [576945.0, 1958445.0], [576975.0, 1958445.0], [576975.0, 1958505.0]], [[577395.0, 1958445.0], [577485.0, 1958445.0], [577485.0, 1958415.0], [577395.0, 1958415.0], [577395.0, 1958445.0]], [[576945.0, 1958235.0], [576975.0, 1958235.0], [576975.0, 1958205.0], [577005.0, 1958205.0], [577005.0, 1958175.0], [576945.0, 1958175.0], [576945.0, 1958235.0]], [[576975.0, 1958145.0], [577005.0, 1958145.0], [577005.0, 1958115.0], [576975.0, 1958115.0], [576975.0, 1958145.0]], [[577485.0, 1958145.0], [577515.0, 1958145.0], [577515.0, 1958115.0], [577485.0, 1958115.0], [577485.0, 1958145.0]], [[577845.0, 1957935.0], [577875.0, 1957935.0], [577875.0, 1957905.0], [577845.0, 1957905.0], [577845.0, 1957935.0]], [[577395.0, 1957815.0], [577455.0, 1957815.0], [577455.0, 1957785.0], [577425.0, 1957785.0], [577425.0, 1957755.0], [577395.0, 1957755.0], [577395.0, 1957815.0]], [[577455.0, 1957635.0], [577485.0, 1957635.0], [577485.0, 1957605.0], [577515.0, 1957605.0], [577515.0, 1957575.0], [577455.0, 1957575.0], [577455.0, 1957635.0]]]}, "properties": {"zone_id": "scene_01_DT0000205230-Z0283", "scene": "scene_01_DT0000205230", "pixel_count": 2863, "approx_area_m2": 2576700.0, "centroid_x": 577351.7603911981, "centroid_y": 1958771.0967516592, "mean_risk": 2.2033045291900635, "max_risk": 3.484295129776001, "median_risk": 2.119659185409546, "high_priority_pixel_pct": 100.0, "priority_category": "HIGH PRIORITY", "threshold_type": "95th percentile prioritisation threshold", "recommendation": "Spectral-stress evidence detected. Prioritise field inspection to determine the underlying cause. Field verification required.", "priority_rank": 82}}, {"type": "Feature", "geometry": {"type": "Polygon", "coordinates": [[[572505.0, 1960455.0], [572505.0, 1960425.0], [572475.0, 1960425.0], [572475.0, 1960275.0], [572505.0, 1960275.0], [572505.0, 1960365.0], [572535.0, 1960365.0], [572535.0, 1960275.0], [572565.0, 1960275.0], [572565.0, 1960305.0], [572595.0, 1960305.0], [572595.0, 1960395.0], [572655.0, 1960395.0], [572655.0, 1960425.0], [572625.0, 1960425.0], [572625.0, 1960455.0], [572505.0, 1960455.0]]]}, "properties": {"zone_id": "scene_01_DT0000205230-Z0284", "scene": "scene_01_DT0000205230", "pixel_count": 22, "approx_area_m2": 19800.0, "centroid_x": 572548.6363636364, "centroid_y": 1960378.6363636365, "mean_risk": 1.8058178424835205, "max_risk": 1.9356975555419922, "median_risk": 1.7880103588104248, "high_priority_pixel_pct": 100.0, "priority_category": "HIGH PRIORITY", "threshold_type": "95th percentile prioritisation threshold", "recommendation": "Spectral-stress evidence detected. Prioritise field inspection to determine the underlying cause. Field verification required.", "priority_rank": 330}}, {"type": "Feature", "geometry": {"type": "Polygon", "coordinates": [[[551055.0, 1960335.0], [551055.0, 1960305.0], [551025.0, 1960305.0], [551025.0, 1960275.0], [550995.0, 1960275.0], [550995.0, 1960155.0], [551085.0, 1960155.0], [551085.0, 1960125.0], [551115.0, 1960125.0], [551115.0, 1960185.0], [551145.0, 1960185.0], [551145.0, 1960245.0], [551115.0, 1960245.0], [551115.0, 1960305.0], [551085.0, 1960305.0], [551085.0, 1960335.0], [551055.0, 1960335.0]]]}, "properties": {"zone_id": "scene_01_DT0000205230-Z0285", "scene": "scene_01_DT0000205230", "pixel_count": 27, "approx_area_m2": 24300.0, "centroid_x": 551056.6666666666, "centroid_y": 1960245.5555555555, "mean_risk": 1.7138351202011108, "max_risk": 1.8186403512954712, "median_risk": 1.705936074256897, "high_priority_pixel_pct": 100.0, "priority_category": "HIGH PRIORITY", "threshold_type": "95th percentile prioritisation threshold", "recommendation": "Spectral-stress evidence detected. Prioritise field inspection to determine the underlying cause. Field verification required.", "priority_rank": 427}}, {"type": "Feature", "geometry": {"type": "Polygon", "coordinates": [[[560445.0, 1960365.0], [560445.0, 1960305.0], [560415.0, 1960305.0], [560415.0, 1960275.0], [560385.0, 1960275.0], [560385.0, 1960245.0], [560475.0, 1960245.0], [560475.0, 1960305.0], [560505.0, 1960305.0], [560505.0, 1960365.0], [560445.0, 1960365.0]]]}, "properties": {"zone_id": "scene_01_DT0000205230-Z0286", "scene": "scene_01_DT0000205230", "pixel_count": 9, "approx_area_m2": 8100.0, "centroid_x": 560453.3333333334, "centroid_y": 1960300.0, "mean_risk": 2.2522826194763184, "max_risk": 2.641033887863159, "median_risk": 2.2482810020446777, "high_priority_pixel_pct": 100.0, "priority_category": "HIGH PRIORITY", "threshold_type": "95th percentile prioritisation threshold", "recommendation": "Spectral-stress evidence detected. Prioritise field inspection to determine the underlying cause. Field verification required.", "priority_rank": 67}}, {"type": "Feature", "geometry": {"type": "Polygon", "coordinates": [[[550635.0, 1960335.0], [550635.0, 1960275.0], [550605.0, 1960275.0], [550605.0, 1960245.0], [550635.0, 1960245.0], [550635.0, 1960185.0], [550695.0, 1960185.0], [550695.0, 1960155.0], [550815.0, 1960155.0], [550815.0, 1960125.0], [550875.0, 1960125.0], [550875.0, 1960185.0], [550785.0, 1960185.0], [550785.0, 1960215.0], [550755.0, 1960215.0], [550755.0, 1960245.0], [550665.0, 1960245.0], [550665.0, 1960335.0], [550635.0, 1960335.0]]]}, "properties": {"zone_id": "scene_01_DT0000205230-Z0287", "scene": "scene_01_DT0000205230", "pixel_count": 21, "approx_area_m2": 18900.0, "centroid_x": 550728.5714285715, "centroid_y": 1960207.142857143, "mean_risk": 1.6804193258285522, "max_risk": 1.7112680673599243, "median_risk": 1.6779087781906128, "high_priority_pixel_pct": 100.0, "priority_category": "HIGH PRIORITY", "threshold_type": "95th percentile prioritisation threshold", "recommendation": "Spectral-stress evidence detected. Prioritise field inspection to determine the underlying cause. Field verification required.", "priority_rank": 437}}, {"type": "Feature", "geometry": {"type": "Polygon", "coordinates": [[[572235.0, 1960215.0], [572235.0, 1960185.0], [572205.0, 1960185.0], [572205.0, 1960155.0], [572235.0, 1960155.0], [572235.0, 1960125.0], [572295.0, 1960125.0], [572295.0, 1960185.0], [572355.0, 1960185.0], [572355.0, 1960215.0], [572235.0, 1960215.0]]]}, "properties": {"zone_id": "scene_01_DT0000205230-Z0288", "scene": "scene_01_DT0000205230", "pixel_count": 9, "approx_area_m2": 8100.0, "centroid_x": 572273.3333333334, "centroid_y": 1960176.6666666667, "mean_risk": 1.7436131238937378, "max_risk": 1.8641830682754517, "median_risk": 1.7381993532180786, "high_priority_pixel_pct": 100.0, "priority_category": "HIGH PRIORITY", "threshold_type": "95th percentile prioritisation threshold", "recommendation": "Spectral-stress evidence detected. Prioritise field inspection to determine the underlying cause. Field verification required.", "priority_rank": 403}}, {"type": "Feature", "geometry": {"type": "Polygon", "coordinates": [[[559305.0, 1960155.0], [559305.0, 1960125.0], [559335.0, 1960125.0], [559335.0, 1960065.0], [559275.0, 1960065.0], [559275.0, 1960005.0], [559365.0, 1960005.0], [559365.0, 1960035.0], [559455.0, 1960035.0], [559455.0, 1960065.0], [559485.0, 1960065.0], [559485.0, 1960035.0], [559515.0, 1960035.0], [559515.0, 1960065.0], [559545.0, 1960065.0], [559545.0, 1960095.0], [559485.0, 1960095.0], [559485.0, 1960125.0], [559425.0, 1960125.0], [559425.0, 1960155.0], [559395.0, 1960155.0], [559395.0, 1960125.0], [559365.0, 1960125.0], [559365.0, 1960155.0], [559305.0, 1960155.0]]]}, "properties": {"zone_id": "scene_01_DT0000205230-Z0289", "scene": "scene_01_DT0000205230", "pixel_count": 25, "approx_area_m2": 22500.0, "centroid_x": 559394.4, "centroid_y": 1960077.6, "mean_risk": 1.9150348901748657, "max_risk": 2.3527324199676514, "median_risk": 1.8651485443115234, "high_priority_pixel_pct": 100.0, "priority_category": "HIGH PRIORITY", "threshold_type": "95th percentile prioritisation threshold", "recommendation": "Spectral-stress evidence detected. Prioritise field inspection to determine the underlying cause. Field verification required.", "priority_rank": 232}}, {"type": "Feature", "geometry": {"type": "Polygon", "coordinates": [[[550995.0, 1960125.0], [550995.0, 1960095.0], [550965.0, 1960095.0], [550965.0, 1960035.0], [550905.0, 1960035.0], [550905.0, 1959975.0], [550965.0, 1959975.0], [550965.0, 1959915.0], [550935.0, 1959915.0], [550935.0, 1959885.0], [550845.0, 1959885.0], [550845.0, 1959915.0], [550815.0, 1959915.0], [550815.0, 1959945.0], [550665.0, 1959945.0], [550665.0, 1959915.0], [550605.0, 1959915.0], [550605.0, 1959885.0], [550575.0, 1959885.0], [550575.0, 1959855.0], [550545.0, 1959855.0], [550545.0, 1959825.0], [550605.0, 1959825.0], [550605.0, 1959855.0], [550635.0, 1959855.0], [550635.0, 1959885.0], [550665.0, 1959885.0], [550665.0, 1959855.0], [550695.0, 1959855.0], [550695.0, 1959825.0], [550725.0, 1959825.0], [550725.0, 1959855.0], [550755.0, 1959855.0], [550755.0, 1959825.0], [550785.0, 1959825.0], [550785.0, 1959855.0], [550875.0, 1959855.0], [550875.0, 1959825.0], [550905.0, 1959825.0], [550905.0, 1959795.0], [550935.0, 1959795.0], [550935.0, 1959765.0], [550965.0, 1959765.0], [550965.0, 1959735.0], [550935.0, 1959735.0], [550935.0, 1959705.0], [550875.0, 1959705.0], [550875.0, 1959645.0], [550905.0, 1959645.0], [550905.0, 1959615.0], [550875.0, 1959615.0], [550875.0, 1959555.0], [550785.0, 1959555.0], [550785.0, 1959585.0], [550755.0, 1959585.0], [550755.0, 1959555.0], [550695.0, 1959555.0], [550695.0, 1959585.0], [550635.0, 1959585.0], [550635.0, 1959615.0], [550575.0, 1959615.0], [550575.0, 1959585.0], [550545.0, 1959585.0], [550545.0, 1959615.0], [550455.0, 1959615.0], [550455.0, 1959705.0], [550425.0, 1959705.0], [550425.0, 1959675.0], [550395.0, 1959675.0], [550395.0, 1959645.0], [550365.0, 1959645.0], [550365.0, 1959615.0], [550335.0, 1959615.0], [550335.0, 1959555.0], [550305.0, 1959555.0], [550305.0, 1959525.0], [550635.0, 1959525.0], [550635.0, 1959495.0], [550665.0, 1959495.0], [550665.0, 1959465.0], [550845.0, 1959465.0], [550845.0, 1959495.0], [550935.0, 1959495.0], [550935.0, 1959525.0], [551055.0, 1959525.0], [551055.0, 1959435.0], [551025.0, 1959435.0], [551025.0, 1959405.0], [550995.0, 1959405.0], [550995.0, 1959435.0], [550965.0, 1959435.0], [550965.0, 1959405.0], [550935.0, 1959405.0], [550935.0, 1959375.0], [550875.0, 1959375.0], [550875.0, 1959435.0], [550845.0, 1959435.0], [550845.0, 1959405.0], [550785.0, 1959405.0], [550785.0, 1959375.0], [550725.0, 1959375.0], [550725.0, 1959315.0], [550665.0, 1959315.0], [550665.0, 1959255.0], [550755.0, 1959255.0], [550755.0, 1959105.0], [550695.0, 1959105.0], [550695.0, 1959075.0], [550665.0, 1959075.0], [550665.0, 1959045.0], [550575.0, 1959045.0], [550575.0, 1959075.0], [550545.0, 1959075.0], [550545.0, 1959135.0], [550575.0, 1959135.0], [550575.0, 1959165.0], [550605.0, 1959165.0], [550605.0, 1959225.0], [550635.0, 1959225.0], [550635.0, 1959255.0], [550545.0, 1959255.0], [550545.0, 1959195.0], [550515.0, 1959195.0], [550515.0, 1959165.0], [550485.0, 1959165.0], [550485.0, 1959135.0], [550365.0, 1959135.0], [550365.0, 1959105.0], [550335.0, 1959105.0], [550335.0, 1959075.0], [550305.0, 1959075.0], [550305.0, 1959015.0], [550335.0, 1959015.0], [550335.0, 1958985.0], [550365.0, 1958985.0], [550365.0, 1958895.0], [550455.0, 1958895.0], [550455.0, 1958865.0], [550485.0, 1958865.0], [550485.0, 1958895.0], [550575.0, 1958895.0], [550575.0, 1958925.0], [550695.0, 1958925.0], [550695.0, 1958955.0], [550725.0, 1958955.0], [550725.0, 1958985.0], [550785.0, 1958985.0], [550785.0, 1958955.0], [550845.0, 1958955.0], [550845.0, 1958925.0], [550875.0, 1958925.0], [550875.0, 1958895.0], [550935.0, 1958895.0], [550935.0, 1958955.0], [551025.0, 1958955.0], [551025.0, 1958925.0], [551055.0, 1958925.0], [551055.0, 1958895.0], [551145.0, 1958895.0], [551145.0, 1958865.0], [551175.0, 1958865.0], [551175.0, 1958895.0], [551205.0, 1958895.0], [551205.0, 1958925.0], [551265.0, 1958925.0], [551265.0, 1958955.0], [551235.0, 1958955.0], [551235.0, 1958985.0], [551205.0, 1958985.0], [551205.0, 1959015.0], [551265.0, 1959015.0], [551265.0, 1959075.0], [551205.0, 1959075.0], [551205.0, 1959135.0], [551265.0, 1959135.0], [551265.0, 1959105.0], [551295.0, 1959105.0], [551295.0, 1959075.0], [551325.0, 1959075.0], [551325.0, 1958985.0], [551355.0, 1958985.0], [551355.0, 1958955.0], [551325.0, 1958955.0], [551325.0, 1958895.0], [551415.0, 1958895.0], [551415.0, 1958865.0], [551385.0, 1958865.0], [551385.0, 1958835.0], [551295.0, 1958835.0], [551295.0, 1958865.0], [551235.0, 1958865.0], [551235.0, 1958835.0], [551175.0, 1958835.0], [551175.0, 1958805.0], [551145.0, 1958805.0], [551145.0, 1958745.0], [551115.0, 1958745.0], [551115.0, 1958775.0], [551085.0, 1958775.0], [551085.0, 1958805.0], [551055.0, 1958805.0], [551055.0, 1958775.0], [550995.0, 1958775.0], [550995.0, 1958745.0], [550935.0, 1958745.0], [550935.0, 1958775.0], [550725.0, 1958775.0], [550725.0, 1958745.0], [550665.0, 1958745.0], [550665.0, 1958715.0], [550425.0, 1958715.0], [550425.0, 1958625.0], [550485.0, 1958625.0], [550485.0, 1958595.0], [550635.0, 1958595.0], [550635.0, 1958565.0], [550845.0, 1958565.0], [550845.0, 1958535.0], [550875.0, 1958535.0], [550875.0, 1958505.0], [550845.0, 1958505.0], [550845.0, 1958475.0], [550665.0, 1958475.0], [550665.0, 1958505.0], [550635.0, 1958505.0], [550635.0, 1958475.0], [550605.0, 1958475.0], [550605.0, 1958385.0], [550575.0, 1958385.0], [550575.0, 1958355.0], [550545.0, 1958355.0], [550545.0, 1958325.0], [550575.0, 1958325.0], [550575.0, 1958265.0], [550605.0, 1958265.0], [550605.0, 1958235.0], [550635.0, 1958235.0], [550635.0, 1958205.0], [550755.0, 1958205.0], [550755.0, 1958175.0], [550815.0, 1958175.0], [550815.0, 1958115.0], [550845.0, 1958115.0], [550845.0, 1958085.0], [550905.0, 1958085.0], [550905.0, 1958025.0], [550935.0, 1958025.0], [550935.0, 1957995.0], [551025.0, 1957995.0], [551025.0, 1958025.0], [551085.0, 1958025.0], [551085.0, 1957965.0], [551115.0, 1957965.0], [551115.0, 1957935.0], [551205.0, 1957935.0], [551205.0, 1958025.0], [551235.0, 1958025.0], [551235.0, 1957995.0], [551265.0, 1957995.0], [551265.0, 1957965.0], [551325.0, 1957965.0], [551325.0, 1957995.0], [551385.0, 1957995.0], [551385.0, 1957965.0], [551445.0, 1957965.0], [551445.0, 1958025.0], [551415.0, 1958025.0], [551415.0, 1958055.0], [551475.0, 1958055.0], [551475.0, 1958025.0], [551565.0, 1958025.0], [551565.0, 1957995.0], [551595.0, 1957995.0], [551595.0, 1958025.0], [551685.0, 1958025.0], [551685.0, 1958085.0], [551655.0, 1958085.0], [551655.0, 1958115.0], [551685.0, 1958115.0], [551685.0, 1958145.0], [551715.0, 1958145.0], [551715.0, 1958115.0], [551745.0, 1958115.0], [551745.0, 1958145.0], [551805.0, 1958145.0], [551805.0, 1958175.0], [551835.0, 1958175.0], [551835.0, 1958085.0], [551805.0, 1958085.0], [551805.0, 1958055.0], [551745.0, 1958055.0], [551745.0, 1957965.0], [551775.0, 1957965.0], [551775.0, 1957935.0], [551835.0, 1957935.0], [551835.0, 1957905.0], [551805.0, 1957905.0], [551805.0, 1957875.0], [551925.0, 1957875.0], [551925.0, 1957845.0], [552075.0, 1957845.0], [552075.0, 1957815.0], [552105.0, 1957815.0], [552105.0, 1957755.0], [552135.0, 1957755.0], [552135.0, 1957725.0], [552165.0, 1957725.0], [552165.0, 1957815.0], [552255.0, 1957815.0], [552255.0, 1957875.0], [552285.0, 1957875.0], [552285.0, 1957905.0], [552225.0, 1957905.0], [552225.0, 1957875.0], [552165.0, 1957875.0], [552165.0, 1957965.0], [552105.0, 1957965.0], [552105.0, 1958025.0], [552075.0, 1958025.0], [552075.0, 1958055.0], [552015.0, 1958055.0], [552015.0, 1958175.0], [551985.0, 1958175.0], [551985.0, 1958295.0], [552015.0, 1958295.0], [552015.0, 1958355.0], [552045.0, 1958355.0], [552045.0, 1958475.0], [552015.0, 1958475.0], [552015.0, 1958565.0], [552105.0, 1958565.0], [552105.0, 1958595.0], [552135.0, 1958595.0], [552135.0, 1958625.0], [552075.0, 1958625.0], [552075.0, 1958595.0], [551985.0, 1958595.0], [551985.0, 1958625.0], [551955.0, 1958625.0], [551955.0, 1958655.0], [551985.0, 1958655.0], [551985.0, 1958715.0], [552015.0, 1958715.0], [552015.0, 1958745.0], [551985.0, 1958745.0], [551985.0, 1958775.0], [551925.0, 1958775.0], [551925.0, 1958745.0], [551895.0, 1958745.0], [551895.0, 1958715.0], [551925.0, 1958715.0], [551925.0, 1958595.0], [551895.0, 1958595.0], [551895.0, 1958415.0], [551925.0, 1958415.0], [551925.0, 1958265.0], [551895.0, 1958265.0], [551895.0, 1958325.0], [551865.0, 1958325.0], [551865.0, 1958295.0], [551835.0, 1958295.0], [551835.0, 1958235.0], [551745.0, 1958235.0], [551745.0, 1958265.0], [551715.0, 1958265.0], [551715.0, 1958325.0], [551745.0, 1958325.0], [551745.0, 1958445.0], [551715.0, 1958445.0], [551715.0, 1958415.0], [551685.0, 1958415.0], [551685.0, 1958385.0], [551715.0, 1958385.0], [551715.0, 1958355.0], [551655.0, 1958355.0], [551655.0, 1958325.0], [551595.0, 1958325.0], [551595.0, 1958235.0], [551535.0, 1958235.0], [551535.0, 1958205.0], [551475.0, 1958205.0], [551475.0, 1958265.0], [551445.0, 1958265.0], [551445.0, 1958235.0], [551415.0, 1958235.0], [551415.0, 1958205.0], [551385.0, 1958205.0], [551385.0, 1958175.0], [551355.0, 1958175.0], [551355.0, 1958205.0], [551325.0, 1958205.0], [551325.0, 1958265.0], [551295.0, 1958265.0], [551295.0, 1958175.0], [551325.0, 1958175.0], [551325.0, 1958145.0], [551295.0, 1958145.0], [551295.0, 1958115.0], [551325.0, 1958115.0], [551325.0, 1958055.0], [551355.0, 1958055.0], [551355.0, 1958025.0], [551295.0, 1958025.0], [551295.0, 1958085.0], [551265.0, 1958085.0], [551265.0, 1958145.0], [551235.0, 1958145.0], [551235.0, 1958175.0], [551205.0, 1958175.0], [551205.0, 1958205.0], [551235.0, 1958205.0], [551235.0, 1958325.0], [551265.0, 1958325.0], [551265.0, 1958505.0], [551295.0, 1958505.0], [551295.0, 1958685.0], [551265.0, 1958685.0], [551265.0, 1958715.0], [551355.0, 1958715.0], [551355.0, 1958685.0], [551625.0, 1958685.0], [551625.0, 1958715.0], [551685.0, 1958715.0], [551685.0, 1959105.0], [551715.0, 1959105.0], [551715.0, 1959195.0], [551805.0, 1959195.0], [551805.0, 1959225.0], [551835.0, 1959225.0], [551835.0, 1959255.0], [551865.0, 1959255.0], [551865.0, 1959285.0], [551955.0, 1959285.0], [551955.0, 1959315.0], [552075.0, 1959315.0], [552075.0, 1959345.0], [552105.0, 1959345.0], [552105.0, 1959315.0], [552165.0, 1959315.0], [552165.0, 1959285.0], [552135.0, 1959285.0], [552135.0, 1959255.0], [552075.0, 1959255.0], [552075.0, 1959225.0], [552045.0, 1959225.0], [552045.0, 1959195.0], [552075.0, 1959195.0], [552075.0, 1959165.0], [552045.0, 1959165.0], [552045.0, 1959135.0], [552075.0, 1959135.0], [552075.0, 1959105.0], [552105.0, 1959105.0], [552105.0, 1959165.0], [552165.0, 1959165.0], [552165.0, 1959135.0], [552195.0, 1959135.0], [552195.0, 1959105.0], [552255.0, 1959105.0], [552255.0, 1959165.0], [552285.0, 1959165.0], [552285.0, 1959195.0], [552255.0, 1959195.0], [552255.0, 1959315.0], [552285.0, 1959315.0], [552285.0, 1959345.0], [552255.0, 1959345.0], [552255.0, 1959405.0], [552285.0, 1959405.0], [552285.0, 1959495.0], [552405.0, 1959495.0], [552405.0, 1959555.0], [552435.0, 1959555.0], [552435.0, 1959585.0], [552525.0, 1959585.0], [552525.0, 1959645.0], [552495.0, 1959645.0], [552495.0, 1959675.0], [552465.0, 1959675.0], [552465.0, 1959645.0], [552345.0, 1959645.0], [552345.0, 1959585.0], [552315.0, 1959585.0], [552315.0, 1959555.0], [552255.0, 1959555.0], [552255.0, 1959615.0], [552225.0, 1959615.0], [552225.0, 1959855.0], [552195.0, 1959855.0], [552195.0, 1960035.0], [552135.0, 1960035.0], [552135.0, 1959975.0], [552045.0, 1959975.0], [552045.0, 1960005.0], [552015.0, 1960005.0], [552015.0, 1959975.0], [551985.0, 1959975.0], [551985.0, 1959915.0], [551925.0, 1959915.0], [551925.0, 1959975.0], [551955.0, 1959975.0], [551955.0, 1960095.0], [551925.0, 1960095.0], [551925.0, 1960035.0], [551895.0, 1960035.0], [551895.0, 1959855.0], [551865.0, 1959855.0], [551865.0, 1959915.0], [551835.0, 1959915.0], [551835.0, 1959885.0], [551805.0, 1959885.0], [551805.0, 1959795.0], [551775.0, 1959795.0], [551775.0, 1959765.0], [551745.0, 1959765.0], [551745.0, 1959735.0], [551775.0, 1959735.0], [551775.0, 1959705.0], [551745.0, 1959705.0], [551745.0, 1959645.0], [551685.0, 1959645.0], [551685.0, 1959705.0], [551655.0, 1959705.0], [551655.0, 1959765.0], [551595.0, 1959765.0], [551595.0, 1959885.0], [551625.0, 1959885.0], [551625.0, 1959945.0], [551595.0, 1959945.0], [551595.0, 1959975.0], [551565.0, 1959975.0], [551565.0, 1960035.0], [551505.0, 1960035.0], [551505.0, 1960005.0], [551535.0, 1960005.0], [551535.0, 1959945.0], [551565.0, 1959945.0], [551565.0, 1959855.0], [551535.0, 1959855.0], [551535.0, 1959765.0], [551475.0, 1959765.0], [551475.0, 1959795.0], [551505.0, 1959795.0], [551505.0, 1959825.0], [551475.0, 1959825.0], [551475.0, 1959855.0], [551445.0, 1959855.0], [551445.0, 1959885.0], [551475.0, 1959885.0], [551475.0, 1959915.0], [551445.0, 1959915.0], [551445.0, 1959975.0], [551475.0, 1959975.0], [551475.0, 1960035.0], [551415.0, 1960035.0], [551415.0, 1959915.0], [551385.0, 1959915.0], [551385.0, 1959945.0], [551355.0, 1959945.0], [551355.0, 1959855.0], [551385.0, 1959855.0], [551385.0, 1959675.0], [551355.0, 1959675.0], [551355.0, 1959705.0], [551295.0, 1959705.0], [551295.0, 1959765.0], [551325.0, 1959765.0], [551325.0, 1959795.0], [551355.0, 1959795.0], [551355.0, 1959825.0], [551295.0, 1959825.0], [551295.0, 1959885.0], [551265.0, 1959885.0], [551265.0, 1959975.0], [551175.0, 1959975.0], [551175.0, 1960005.0], [551145.0, 1960005.0], [551145.0, 1960035.0], [551115.0, 1960035.0], [551115.0, 1960065.0], [551085.0, 1960065.0], [551085.0, 1960095.0], [551025.0, 1960095.0], [551025.0, 1960125.0], [550995.0, 1960125.0]], [[551475.0, 1959705.0], [551505.0, 1959705.0], [551505.0, 1959675.0], [551475.0, 1959675.0], [551475.0, 1959705.0]], [[551355.0, 1959645.0], [551385.0, 1959645.0], [551385.0, 1959525.0], [551295.0, 1959525.0], [551295.0, 1959585.0], [551355.0, 1959585.0], [551355.0, 1959645.0]], [[551685.0, 1959585.0], [551715.0, 1959585.0], [551715.0, 1959555.0], [551685.0, 1959555.0], [551685.0, 1959585.0]], [[551805.0, 1959585.0], [551985.0, 1959585.0], [551985.0, 1959525.0], [551955.0, 1959525.0], [551955.0, 1959555.0], [551865.0, 1959555.0], [551865.0, 1959525.0], [551835.0, 1959525.0], [551835.0, 1959555.0], [551805.0, 1959555.0], [551805.0, 1959585.0]], [[551145.0, 1959555.0], [551175.0, 1959555.0], [551175.0, 1959495.0], [551145.0, 1959495.0], [551145.0, 1959555.0]], [[551655.0, 1959555.0], [551685.0, 1959555.0], [551685.0, 1959525.0], [551655.0, 1959525.0], [551655.0, 1959555.0]], [[551385.0, 1959525.0], [551445.0, 1959525.0], [551445.0, 1959495.0], [551475.0, 1959495.0], [551475.0, 1959435.0], [551535.0, 1959435.0], [551535.0, 1959345.0], [551475.0, 1959345.0], [551475.0, 1959375.0], [551505.0, 1959375.0], [551505.0, 1959405.0], [551415.0, 1959405.0], [551415.0, 1959465.0], [551385.0, 1959465.0], [551385.0, 1959525.0]], [[550815.0, 1959345.0], [550875.0, 1959345.0], [550875.0, 1959315.0], [550905.0, 1959315.0], [550905.0, 1959285.0], [550935.0, 1959285.0], [550935.0, 1959225.0], [550905.0, 1959225.0], [550905.0, 1959255.0], [550875.0, 1959255.0], [550875.0, 1959225.0], [550845.0, 1959225.0], [550845.0, 1959255.0], [550785.0, 1959255.0], [550785.0, 1959285.0], [550815.0, 1959285.0], [550815.0, 1959345.0]], [[551655.0, 1959225.0], [551685.0, 1959225.0], [551685.0, 1959135.0], [551595.0, 1959135.0], [551595.0, 1959195.0], [551655.0, 1959195.0], [551655.0, 1959225.0]], [[551175.0, 1959165.0], [551205.0, 1959165.0], [551205.0, 1959135.0], [551175.0, 1959135.0], [551175.0, 1959165.0]], [[550965.0, 1959105.0], [551025.0, 1959105.0], [551025.0, 1959075.0], [550965.0, 1959075.0], [550965.0, 1959105.0]], [[551415.0, 1959015.0], [551445.0, 1959015.0], [551445.0, 1958985.0], [551415.0, 1958985.0], [551415.0, 1959015.0]], [[551445.0, 1958985.0], [551535.0, 1958985.0], [551535.0, 1958895.0], [551505.0, 1958895.0], [551505.0, 1958925.0], [551445.0, 1958925.0], [551445.0, 1958985.0]], [[551415.0, 1958925.0], [551445.0, 1958925.0], [551445.0, 1958895.0], [551415.0, 1958895.0], [551415.0, 1958925.0]], [[551085.0, 1958655.0], [551175.0, 1958655.0], [551175.0, 1958625.0], [551145.0, 1958625.0], [551145.0, 1958595.0], [551115.0, 1958595.0], [551115.0, 1958565.0], [551025.0, 1958565.0], [551025.0, 1958625.0], [551085.0, 1958625.0], [551085.0, 1958655.0]], [[550875.0, 1958505.0], [550905.0, 1958505.0], [550905.0, 1958475.0], [550875.0, 1958475.0], [550875.0, 1958505.0]], [[551085.0, 1958475.0], [551145.0, 1958475.0], [551145.0, 1958415.0], [551055.0, 1958415.0], [551055.0, 1958445.0], [551085.0, 1958445.0], [551085.0, 1958475.0]], [[550755.0, 1958355.0], [550845.0, 1958355.0], [550845.0, 1958325.0], [550875.0, 1958325.0], [550875.0, 1958295.0], [550815.0, 1958295.0], [550815.0, 1958325.0], [550755.0, 1958325.0], [550755.0, 1958355.0]], [[550755.0, 1958295.0], [550785.0, 1958295.0], [550785.0, 1958265.0], [550755.0, 1958265.0], [550755.0, 1958295.0]], [[550995.0, 1958115.0], [551115.0, 1958115.0], [551115.0, 1958085.0], [551145.0, 1958085.0], [551145.0, 1958115.0], [551205.0, 1958115.0], [551205.0, 1958085.0], [551175.0, 1958085.0], [551175.0, 1958055.0], [551025.0, 1958055.0], [551025.0, 1958085.0], [550995.0, 1958085.0], [550995.0, 1958115.0]], [[551865.0, 1957995.0], [551895.0, 1957995.0], [551895.0, 1957935.0], [551865.0, 1957935.0], [551865.0, 1957995.0]]]}, "properties": {"zone_id": "scene_01_DT0000205230-Z0290", "scene": "scene_01_DT0000205230", "pixel_count": 2443, "approx_area_m2": 2198700.0, "centroid_x": 551360.7654523128, "centroid_y": 1959033.524355301, "mean_risk": 1.8103134632110596, "max_risk": 2.5182836055755615, "median_risk": 1.7832144498825073, "high_priority_pixel_pct": 100.0, "priority_category": "HIGH PRIORITY", "threshold_type": "95th percentile prioritisation threshold", "recommendation": "Spectral-stress evidence detected. Prioritise field inspection to determine the underlying cause. Field verification required.", "priority_rank": 325}}, {"type": "Feature", "geometry": {"type": "Polygon", "coordinates": [[[559965.0, 1960035.0], [559965.0, 1960005.0], [559935.0, 1960005.0], [559935.0, 1959975.0], [559905.0, 1959975.0], [559905.0, 1959945.0], [559875.0, 1959945.0], [559875.0, 1959915.0], [559935.0, 1959915.0], [559935.0, 1959885.0], [559845.0, 1959885.0], [559845.0, 1959855.0], [559725.0, 1959855.0], [559725.0, 1959825.0], [559695.0, 1959825.0], [559695.0, 1959765.0], [559725.0, 1959765.0], [559725.0, 1959735.0], [559785.0, 1959735.0], [559785.0, 1959705.0], [559845.0, 1959705.0], [559845.0, 1959675.0], [559875.0, 1959675.0], [559875.0, 1959645.0], [559905.0, 1959645.0], [559905.0, 1959555.0], [559995.0, 1959555.0], [559995.0, 1959615.0], [560025.0, 1959615.0], [560025.0, 1959675.0], [560055.0, 1959675.0], [560055.0, 1959705.0], [560085.0, 1959705.0], [560085.0, 1959735.0], [560115.0, 1959735.0], [560115.0, 1959885.0], [560085.0, 1959885.0], [560085.0, 1959945.0], [560025.0, 1959945.0], [560025.0, 1959975.0], [559995.0, 1959975.0], [559995.0, 1960005.0], [560025.0, 1960005.0], [560025.0, 1960035.0], [559965.0, 1960035.0]], [[559935.0, 1959885.0], [559995.0, 1959885.0], [559995.0, 1959825.0], [559965.0, 1959825.0], [559965.0, 1959855.0], [559935.0, 1959855.0], [559935.0, 1959885.0]], [[559875.0, 1959765.0], [559935.0, 1959765.0], [559935.0, 1959735.0], [559875.0, 1959735.0], [559875.0, 1959765.0]]]}, "properties": {"zone_id": "scene_01_DT0000205230-Z0291", "scene": "scene_01_DT0000205230", "pixel_count": 110, "approx_area_m2": 99000.0, "centroid_x": 559939.6363636364, "centroid_y": 1959790.0909090908, "mean_risk": 2.0210351943969727, "max_risk": 2.7968103885650635, "median_risk": 1.9180231094360352, "high_priority_pixel_pct": 100.0, "priority_category": "HIGH PRIORITY", "threshold_type": "95th percentile prioritisation threshold", "recommendation": "Spectral-stress evidence detected. Prioritise field inspection to determine the underlying cause. Field verification required.", "priority_rank": 143}}, {"type": "Feature", "geometry": {"type": "Polygon", "coordinates": [[[576465.0, 1960035.0], [576465.0, 1959915.0], [576495.0, 1959915.0], [576495.0, 1959855.0], [576465.0, 1959855.0], [576465.0, 1959645.0], [576435.0, 1959645.0], [576435.0, 1959585.0], [576405.0, 1959585.0], [576405.0, 1959555.0], [576435.0, 1959555.0], [576435.0, 1959525.0], [576405.0, 1959525.0], [576405.0, 1959465.0], [576345.0, 1959465.0], [576345.0, 1959435.0], [576375.0, 1959435.0], [576375.0, 1959405.0], [576405.0, 1959405.0], [576405.0, 1959375.0], [576435.0, 1959375.0], [576435.0, 1959405.0], [576465.0, 1959405.0], [576465.0, 1959435.0], [576495.0, 1959435.0], [576495.0, 1959555.0], [576525.0, 1959555.0], [576525.0, 1959585.0], [576555.0, 1959585.0], [576555.0, 1959615.0], [576615.0, 1959615.0], [576615.0, 1959645.0], [576585.0, 1959645.0], [576585.0, 1959675.0], [576555.0, 1959675.0], [576555.0, 1959705.0], [576525.0, 1959705.0], [576525.0, 1959735.0], [576555.0, 1959735.0], [576555.0, 1959825.0], [576525.0, 1959825.0], [576525.0, 1960005.0], [576495.0, 1960005.0], [576495.0, 1960035.0], [576465.0, 1960035.0]]]}, "properties": {"zone_id": "scene_01_DT0000205230-Z0292", "scene": "scene_01_DT0000205230", "pixel_count": 60, "approx_area_m2": 54000.0, "centroid_x": 576484.5, "centroid_y": 1959663.5, "mean_risk": 2.004671573638916, "max_risk": 3.169283151626587, "median_risk": 1.8868374824523926, "high_priority_pixel_pct": 100.0, "priority_category": "HIGH PRIORITY", "threshold_type": "95th percentile prioritisation threshold", "recommendation": "Spectral-stress evidence detected. Prioritise field inspection to determine the underlying cause. Field verification required.", "priority_rank": 157}}, {"type": "Feature", "geometry": {"type": "Polygon", "coordinates": [[[553365.0, 1959975.0], [553365.0, 1959945.0], [553335.0, 1959945.0], [553335.0, 1959915.0], [553305.0, 1959915.0], [553305.0, 1959885.0], [553275.0, 1959885.0], [553275.0, 1959795.0], [553245.0, 1959795.0], [553245.0, 1959645.0], [553275.0, 1959645.0], [553275.0, 1959495.0], [553305.0, 1959495.0], [553305.0, 1959585.0], [553335.0, 1959585.0], [553335.0, 1959495.0], [553365.0, 1959495.0], [553365.0, 1959525.0], [553395.0, 1959525.0], [553395.0, 1959435.0], [553365.0, 1959435.0], [553365.0, 1959375.0], [553485.0, 1959375.0], [553485.0, 1959345.0], [553575.0, 1959345.0], [553575.0, 1959375.0], [553605.0, 1959375.0], [553605.0, 1959075.0], [553635.0, 1959075.0], [553635.0, 1959045.0], [553695.0, 1959045.0], [553695.0, 1959075.0], [553725.0, 1959075.0], [553725.0, 1959045.0], [553785.0, 1959045.0], [553785.0, 1959015.0], [553815.0, 1959015.0], [553815.0, 1959045.0], [553845.0, 1959045.0], [553845.0, 1959105.0], [553875.0, 1959105.0], [553875.0, 1959135.0], [553905.0, 1959135.0], [553905.0, 1959225.0], [553875.0, 1959225.0], [553875.0, 1959375.0], [553845.0, 1959375.0], [553845.0, 1959405.0], [553815.0, 1959405.0], [553815.0, 1959525.0], [553785.0, 1959525.0], [553785.0, 1959585.0], [553755.0, 1959585.0], [553755.0, 1959645.0], [553725.0, 1959645.0], [553725.0, 1959675.0], [553695.0, 1959675.0], [553695.0, 1959855.0], [553665.0, 1959855.0], [553665.0, 1959915.0], [553635.0, 1959915.0], [553635.0, 1959975.0], [553605.0, 1959975.0], [553605.0, 1959915.0], [553545.0, 1959915.0], [553545.0, 1959885.0], [553515.0, 1959885.0], [553515.0, 1959945.0], [553485.0, 1959945.0], [553485.0, 1959975.0], [553455.0, 1959975.0], [553455.0, 1959945.0], [553425.0, 1959945.0], [553425.0, 1959975.0], [553365.0, 1959975.0]], [[553395.0, 1959795.0], [553425.0, 1959795.0], [553425.0, 1959765.0], [553455.0, 1959765.0], [553455.0, 1959705.0], [553395.0, 1959705.0], [553395.0, 1959795.0]], [[553455.0, 1959705.0], [553545.0, 1959705.0], [553545.0, 1959645.0], [553635.0, 1959645.0], [553635.0, 1959615.0], [553665.0, 1959615.0], [553665.0, 1959555.0], [553725.0, 1959555.0], [553725.0, 1959465.0], [553755.0, 1959465.0], [553755.0, 1959375.0], [553725.0, 1959375.0], [553725.0, 1959405.0], [553695.0, 1959405.0], [553695.0, 1959465.0], [553665.0, 1959465.0], [553665.0, 1959495.0], [553635.0, 1959495.0], [553635.0, 1959465.0], [553575.0, 1959465.0], [553575.0, 1959495.0], [553515.0, 1959495.0], [553515.0, 1959525.0], [553485.0, 1959525.0], [553485.0, 1959555.0], [553455.0, 1959555.0], [553455.0, 1959585.0], [553425.0, 1959585.0], [553425.0, 1959615.0], [553515.0, 1959615.0], [553515.0, 1959645.0], [553485.0, 1959645.0], [553485.0, 1959675.0], [553455.0, 1959675.0], [553455.0, 1959705.0]], [[553335.0, 1959675.0], [553365.0, 1959675.0], [553365.0, 1959615.0], [553335.0, 1959615.0], [553335.0, 1959675.0]], [[553485.0, 1959495.0], [553515.0, 1959495.0], [553515.0, 1959465.0], [553545.0, 1959465.0], [553545.0, 1959435.0], [553575.0, 1959435.0], [553575.0, 1959405.0], [553515.0, 1959405.0], [553515.0, 1959435.0], [553485.0, 1959435.0], [553485.0, 1959495.0]], [[553755.0, 1959345.0], [553815.0, 1959345.0], [553815.0, 1959315.0], [553785.0, 1959315.0], [553785.0, 1959255.0], [553755.0, 1959255.0], [553755.0, 1959345.0]], [[553785.0, 1959255.0], [553815.0, 1959255.0], [553815.0, 1959225.0], [553785.0, 1959225.0], [553785.0, 1959255.0]]]}, "properties": {"zone_id": "scene_01_DT0000205230-Z0293", "scene": "scene_01_DT0000205230", "pixel_count": 315, "approx_area_m2": 283500.0, "centroid_x": 553577.2380952381, "centroid_y": 1959531.142857143, "mean_risk": 1.8580821752548218, "max_risk": 2.5371828079223633, "median_risk": 1.8290916681289673, "high_priority_pixel_pct": 100.0, "priority_category": "HIGH PRIORITY", "threshold_type": "95th percentile prioritisation threshold", "recommendation": "Spectral-stress evidence detected. Prioritise field inspection to determine the underlying cause. Field verification required.", "priority_rank": 277}}, {"type": "Feature", "geometry": {"type": "Polygon", "coordinates": [[[555615.0, 1959975.0], [555615.0, 1959945.0], [555585.0, 1959945.0], [555585.0, 1959885.0], [555615.0, 1959885.0], [555615.0, 1959855.0], [555555.0, 1959855.0], [555555.0, 1959885.0], [555525.0, 1959885.0], [555525.0, 1959855.0], [555495.0, 1959855.0], [555495.0, 1959795.0], [555525.0, 1959795.0], [555525.0, 1959705.0], [555555.0, 1959705.0], [555555.0, 1959675.0], [555615.0, 1959675.0], [555615.0, 1959735.0], [555645.0, 1959735.0], [555645.0, 1959825.0], [555705.0, 1959825.0], [555705.0, 1959855.0], [555675.0, 1959855.0], [555675.0, 1959915.0], [555645.0, 1959915.0], [555645.0, 1959975.0], [555615.0, 1959975.0]]]}, "properties": {"zone_id": "scene_01_DT0000205230-Z0294", "scene": "scene_01_DT0000205230", "pixel_count": 35, "approx_area_m2": 31500.0, "centroid_x": 555597.4285714285, "centroid_y": 1959815.142857143, "mean_risk": 1.7161946296691895, "max_risk": 1.7960180044174194, "median_risk": 1.7047572135925293, "high_priority_pixel_pct": 100.0, "priority_category": "HIGH PRIORITY", "threshold_type": "95th percentile prioritisation threshold", "recommendation": "Spectral-stress evidence detected. Prioritise field inspection to determine the underlying cause. Field verification required.", "priority_rank": 425}}, {"type": "Feature", "geometry": {"type": "Polygon", "coordinates": [[[559395.0, 1959975.0], [559395.0, 1959945.0], [559275.0, 1959945.0], [559275.0, 1959885.0], [559365.0, 1959885.0], [559365.0, 1959915.0], [559455.0, 1959915.0], [559455.0, 1959885.0], [559545.0, 1959885.0], [559545.0, 1959915.0], [559515.0, 1959915.0], [559515.0, 1959945.0], [559485.0, 1959945.0], [559485.0, 1959975.0], [559395.0, 1959975.0]]]}, "properties": {"zone_id": "scene_01_DT0000205230-Z0295", "scene": "scene_01_DT0000205230", "pixel_count": 17, "approx_area_m2": 15300.0, "centroid_x": 559408.2352941176, "centroid_y": 1959924.705882353, "mean_risk": 1.8366864919662476, "max_risk": 2.1847221851348877, "median_risk": 1.8408221006393433, "high_priority_pixel_pct": 100.0, "priority_category": "HIGH PRIORITY", "threshold_type": "95th percentile prioritisation threshold", "recommendation": "Spectral-stress evidence detected. Prioritise field inspection to determine the underlying cause. Field verification required.", "priority_rank": 299}}, {"type": "Feature", "geometry": {"type": "Polygon", "coordinates": [[[577155.0, 1959915.0], [577155.0, 1959555.0], [577245.0, 1959555.0], [577245.0, 1959525.0], [577305.0, 1959525.0], [577305.0, 1959705.0], [577275.0, 1959705.0], [577275.0, 1959675.0], [577245.0, 1959675.0], [577245.0, 1959645.0], [577215.0, 1959645.0], [577215.0, 1959705.0], [577245.0, 1959705.0], [577245.0, 1959795.0], [577215.0, 1959795.0], [577215.0, 1959885.0], [577185.0, 1959885.0], [577185.0, 1959915.0], [577155.0, 1959915.0]]]}, "properties": {"zone_id": "scene_01_DT0000205230-Z0296", "scene": "scene_01_DT0000205230", "pixel_count": 40, "approx_area_m2": 36000.0, "centroid_x": 577216.5, "centroid_y": 1959687.0, "mean_risk": 2.1125247478485107, "max_risk": 2.624542474746704, "median_risk": 2.151883602142334, "high_priority_pixel_pct": 100.0, "priority_category": "HIGH PRIORITY", "threshold_type": "95th percentile prioritisation threshold", "recommendation": "Spectral-stress evidence detected. Prioritise field inspection to determine the underlying cause. Field verification required.", "priority_rank": 109}}, {"type": "Feature", "geometry": {"type": "Polygon", "coordinates": [[[562575.0, 1959885.0], [562575.0, 1959855.0], [562545.0, 1959855.0], [562545.0, 1959765.0], [562515.0, 1959765.0], [562515.0, 1959825.0], [562485.0, 1959825.0], [562485.0, 1959705.0], [562575.0, 1959705.0], [562575.0, 1959765.0], [562635.0, 1959765.0], [562635.0, 1959885.0], [562575.0, 1959885.0]]]}, "properties": {"zone_id": "scene_01_DT0000205230-Z0297", "scene": "scene_01_DT0000205230", "pixel_count": 19, "approx_area_m2": 17100.0, "centroid_x": 562563.1578947369, "centroid_y": 1959791.0526315789, "mean_risk": 1.7370696067810059, "max_risk": 1.892149806022644, "median_risk": 1.7259364128112793, "high_priority_pixel_pct": 100.0, "priority_category": "HIGH PRIORITY", "threshold_type": "95th percentile prioritisation threshold", "recommendation": "Spectral-stress evidence detected. Prioritise field inspection to determine the underlying cause. Field verification required.", "priority_rank": 409}}, {"type": "Feature", "geometry": {"type": "Polygon", "coordinates": [[[556245.0, 1959645.0], [556245.0, 1959615.0], [556215.0, 1959615.0], [556215.0, 1959555.0], [556245.0, 1959555.0], [556245.0, 1959495.0], [556275.0, 1959495.0], [556275.0, 1959465.0], [556305.0, 1959465.0], [556305.0, 1959435.0], [556335.0, 1959435.0], [556335.0, 1959405.0], [556425.0, 1959405.0], [556425.0, 1959435.0], [556395.0, 1959435.0], [556395.0, 1959525.0], [556365.0, 1959525.0], [556365.0, 1959585.0], [556335.0, 1959585.0], [556335.0, 1959615.0], [556305.0, 1959615.0], [556305.0, 1959645.0], [556245.0, 1959645.0]]]}, "properties": {"zone_id": "scene_01_DT0000205230-Z0298", "scene": "scene_01_DT0000205230", "pixel_count": 30, "approx_area_m2": 27000.0, "centroid_x": 556315.0, "centroid_y": 1959525.0, "mean_risk": 1.7512528896331787, "max_risk": 1.9605470895767212, "median_risk": 1.7408198118209839, "high_priority_pixel_pct": 100.0, "priority_category": "HIGH PRIORITY", "threshold_type": "95th percentile prioritisation threshold", "recommendation": "Spectral-stress evidence detected. Prioritise field inspection to determine the underlying cause. Field verification required.", "priority_rank": 391}}, {"type": "Feature", "geometry": {"type": "Polygon", "coordinates": [[[552705.0, 1959615.0], [552705.0, 1959585.0], [552735.0, 1959585.0], [552735.0, 1959525.0], [552795.0, 1959525.0], [552795.0, 1959555.0], [552825.0, 1959555.0], [552825.0, 1959615.0], [552705.0, 1959615.0]]]}, "properties": {"zone_id": "scene_01_DT0000205230-Z0299", "scene": "scene_01_DT0000205230", "pixel_count": 9, "approx_area_m2": 8100.0, "centroid_x": 552770.0, "centroid_y": 1959576.6666666667, "mean_risk": 1.7441446781158447, "max_risk": 1.9547404050827026, "median_risk": 1.7166825532913208, "high_priority_pixel_pct": 100.0, "priority_category": "HIGH PRIORITY", "threshold_type": "95th percentile prioritisation threshold", "recommendation": "Spectral-stress evidence detected. Prioritise field inspection to determine the underlying cause. Field verification required.", "priority_rank": 399}}, {"type": "Feature", "geometry": {"type": "Polygon", "coordinates": [[[575475.0, 1959525.0], [575475.0, 1959465.0], [575535.0, 1959465.0], [575535.0, 1959495.0], [575505.0, 1959495.0], [575505.0, 1959525.0], [575475.0, 1959525.0]]]}, "properties": {"zone_id": "scene_01_DT0000205230-Z0300", "scene": "scene_01_DT0000205230", "pixel_count": 17, "approx_area_m2": 15300.0, "centroid_x": 575546.4705882353, "centroid_y": 1959550.5882352942, "mean_risk": 2.621187210083008, "max_risk": 3.4560539722442627, "median_risk": 2.6855850219726562, "high_priority_pixel_pct": 100.0, "priority_category": "HIGH PRIORITY", "threshold_type": "95th percentile prioritisation threshold", "recommendation": "Spectral-stress evidence detected. Prioritise field inspection to determine the underlying cause. Field verification required.", "priority_rank": 20}}, {"type": "Feature", "geometry": {"type": "Polygon", "coordinates": [[[549165.0, 1959585.0], [549165.0, 1959435.0], [549225.0, 1959435.0], [549225.0, 1959465.0], [549255.0, 1959465.0], [549255.0, 1959495.0], [549315.0, 1959495.0], [549315.0, 1959525.0], [549345.0, 1959525.0], [549345.0, 1959555.0], [549225.0, 1959555.0], [549225.0, 1959585.0], [549165.0, 1959585.0]]]}, "properties": {"zone_id": "scene_01_DT0000205230-Z0301", "scene": "scene_01_DT0000205230", "pixel_count": 18, "approx_area_m2": 16200.0, "centroid_x": 549230.0, "centroid_y": 1959515.0, "mean_risk": 1.7058892250061035, "max_risk": 1.7582921981811523, "median_risk": 1.7062938213348389, "high_priority_pixel_pct": 100.0, "priority_category": "HIGH PRIORITY", "threshold_type": "95th percentile prioritisation threshold", "recommendation": "Spectral-stress evidence detected. Prioritise field inspection to determine the underlying cause. Field verification required.", "priority_rank": 433}}, {"type": "Feature", "geometry": {"type": "Polygon", "coordinates": [[[577155.0, 1959495.0], [577155.0, 1959435.0], [577125.0, 1959435.0], [577125.0, 1959105.0], [577185.0, 1959105.0], [577185.0, 1959135.0], [577215.0, 1959135.0], [577215.0, 1959165.0], [577185.0, 1959165.0], [577185.0, 1959255.0], [577215.0, 1959255.0], [577215.0, 1959285.0], [577185.0, 1959285.0], [577185.0, 1959345.0], [577215.0, 1959345.0], [577215.0, 1959465.0], [577185.0, 1959465.0], [577185.0, 1959495.0], [577155.0, 1959495.0]]]}, "properties": {"zone_id": "scene_01_DT0000205230-Z0302", "scene": "scene_01_DT0000205230", "pixel_count": 46, "approx_area_m2": 41400.0, "centroid_x": 577201.9565217391, "centroid_y": 1959321.5217391304, "mean_risk": 2.111492395401001, "max_risk": 2.674630880355835, "median_risk": 2.1249301433563232, "high_priority_pixel_pct": 100.0, "priority_category": "HIGH PRIORITY", "threshold_type": "95th percentile prioritisation threshold", "recommendation": "Spectral-stress evidence detected. Prioritise field inspection to determine the underlying cause. Field verification required.", "priority_rank": 110}}, {"type": "Feature", "geometry": {"type": "Polygon", "coordinates": [[[554055.0, 1959405.0], [554055.0, 1959375.0], [554025.0, 1959375.0], [554025.0, 1959225.0], [554115.0, 1959225.0], [554115.0, 1959165.0], [554085.0, 1959165.0], [554085.0, 1959135.0], [554145.0, 1959135.0], [554145.0, 1959285.0], [554115.0, 1959285.0], [554115.0, 1959375.0], [554085.0, 1959375.0], [554085.0, 1959405.0], [554055.0, 1959405.0]]]}, "properties": {"zone_id": "scene_01_DT0000205230-Z0303", "scene": "scene_01_DT0000205230", "pixel_count": 22, "approx_area_m2": 19800.0, "centroid_x": 554085.0, "centroid_y": 1959276.8181818181, "mean_risk": 1.8684149980545044, "max_risk": 2.187710762023926, "median_risk": 1.818938970565796, "high_priority_pixel_pct": 100.0, "priority_category": "HIGH PRIORITY", "threshold_type": "95th percentile prioritisation threshold", "recommendation": "Spectral-stress evidence detected. Prioritise field inspection to determine the underlying cause. Field verification required.", "priority_rank": 273}}, {"type": "Feature", "geometry": {"type": "Polygon", "coordinates": [[[577935.0, 1958955.0], [577935.0, 1958895.0], [577965.0, 1958895.0], [577965.0, 1958955.0], [577935.0, 1958955.0]]]}, "properties": {"zone_id": "scene_01_DT0000205230-Z0304", "scene": "scene_01_DT0000205230", "pixel_count": 184, "approx_area_m2": 165600.0, "centroid_x": 578021.25, "centroid_y": 1959183.4239130435, "mean_risk": 2.1899254322052, "max_risk": 2.833299398422241, "median_risk": 2.1431691646575928, "high_priority_pixel_pct": 100.0, "priority_category": "HIGH PRIORITY", "threshold_type": "95th percentile prioritisation threshold", "recommendation": "Spectral-stress evidence detected. Prioritise field inspection to determine the underlying cause. Field verification required.", "priority_rank": 87}}, {"type": "Feature", "geometry": {"type": "Polygon", "coordinates": [[[559395.0, 1959105.0], [559395.0, 1959075.0], [559455.0, 1959075.0], [559455.0, 1959105.0], [559395.0, 1959105.0]]]}, "properties": {"zone_id": "scene_01_DT0000205230-Z0305", "scene": "scene_01_DT0000205230", "pixel_count": 17, "approx_area_m2": 15300.0, "centroid_x": 559533.5294117647, "centroid_y": 1959132.3529411764, "mean_risk": 2.195554494857788, "max_risk": 2.9540610313415527, "median_risk": 2.107882499694824, "high_priority_pixel_pct": 100.0, "priority_category": "HIGH PRIORITY", "threshold_type": "95th percentile prioritisation threshold", "recommendation": "Spectral-stress evidence detected. Prioritise field inspection to determine the underlying cause. Field verification required.", "priority_rank": 83}}, {"type": "Feature", "geometry": {"type": "Polygon", "coordinates": [[[578715.0, 1959195.0], [578715.0, 1959165.0], [578655.0, 1959165.0], [578655.0, 1959105.0], [578625.0, 1959105.0], [578625.0, 1959075.0], [578595.0, 1959075.0], [578595.0, 1958985.0], [578565.0, 1958985.0], [578565.0, 1958835.0], [578595.0, 1958835.0], [578595.0, 1958865.0], [578625.0, 1958865.0], [578625.0, 1958895.0], [578655.0, 1958895.0], [578655.0, 1958955.0], [578685.0, 1958955.0], [578685.0, 1958985.0], [578715.0, 1958985.0], [578715.0, 1959045.0], [578745.0, 1959045.0], [578745.0, 1959195.0], [578715.0, 1959195.0]]]}, "properties": {"zone_id": "scene_01_DT0000205230-Z0306", "scene": "scene_01_DT0000205230", "pixel_count": 37, "approx_area_m2": 33300.0, "centroid_x": 578653.7837837838, "centroid_y": 1959021.8918918918, "mean_risk": 2.0990049839019775, "max_risk": 2.765937089920044, "median_risk": 2.0387187004089355, "high_priority_pixel_pct": 100.0, "priority_category": "HIGH PRIORITY", "threshold_type": "95th percentile prioritisation threshold", "recommendation": "Spectral-stress evidence detected. Prioritise field inspection to determine the underlying cause. Field verification required.", "priority_rank": 114}}, {"type": "Feature", "geometry": {"type": "Polygon", "coordinates": [[[554115.0, 1959075.0], [554115.0, 1959045.0], [554085.0, 1959045.0], [554085.0, 1958925.0], [554145.0, 1958925.0], [554145.0, 1959075.0], [554115.0, 1959075.0]]]}, "properties": {"zone_id": "scene_01_DT0000205230-Z0307", "scene": "scene_01_DT0000205230", "pixel_count": 10, "approx_area_m2": 9000.0, "centroid_x": 554115.0, "centroid_y": 1959003.0, "mean_risk": 1.76020085811615, "max_risk": 1.867348074913025, "median_risk": 1.7681987285614014, "high_priority_pixel_pct": 100.0, "priority_category": "HIGH PRIORITY", "threshold_type": "95th percentile prioritisation threshold", "recommendation": "Spectral-stress evidence detected. Prioritise field inspection to determine the underlying cause. Field verification required.", "priority_rank": 383}}, {"type": "Feature", "geometry": {"type": "Polygon", "coordinates": [[[552195.0, 1959075.0], [552195.0, 1959045.0], [552225.0, 1959045.0], [552225.0, 1958985.0], [552285.0, 1958985.0], [552285.0, 1959015.0], [552375.0, 1959015.0], [552375.0, 1958985.0], [552315.0, 1958985.0], [552315.0, 1958955.0], [552345.0, 1958955.0], [552345.0, 1958925.0], [552315.0, 1958925.0], [552315.0, 1958895.0], [552225.0, 1958895.0], [552225.0, 1958865.0], [552405.0, 1958865.0], [552405.0, 1958955.0], [552465.0, 1958955.0], [552465.0, 1958925.0], [552495.0, 1958925.0], [552495.0, 1958955.0], [552585.0, 1958955.0], [552585.0, 1958985.0], [552525.0, 1958985.0], [552525.0, 1959045.0], [552375.0, 1959045.0], [552375.0, 1959075.0], [552345.0, 1959075.0], [552345.0, 1959045.0], [552255.0, 1959045.0], [552255.0, 1959075.0], [552195.0, 1959075.0]]]}, "properties": {"zone_id": "scene_01_DT0000205230-Z0308", "scene": "scene_01_DT0000205230", "pixel_count": 41, "approx_area_m2": 36900.0, "centroid_x": 552379.756097561, "centroid_y": 1958976.5853658537, "mean_risk": 1.8369930982589722, "max_risk": 2.0638222694396973, "median_risk": 1.8548436164855957, "high_priority_pixel_pct": 100.0, "priority_category": "HIGH PRIORITY", "threshold_type": "95th percentile prioritisation threshold", "recommendation": "Spectral-stress evidence detected. Prioritise field inspection to determine the underlying cause. Field verification required.", "priority_rank": 298}}, {"type": "Feature", "geometry": {"type": "Polygon", "coordinates": [[[559395.0, 1959015.0], [559395.0, 1958895.0], [559425.0, 1958895.0], [559425.0, 1958925.0], [559455.0, 1958925.0], [559455.0, 1958955.0], [559485.0, 1958955.0], [559485.0, 1958985.0], [559545.0, 1958985.0], [559545.0, 1958955.0], [559575.0, 1958955.0], [559575.0, 1958925.0], [559605.0, 1958925.0], [559605.0, 1958895.0], [559635.0, 1958895.0], [559635.0, 1958985.0], [559575.0, 1958985.0], [559575.0, 1959015.0], [559395.0, 1959015.0]]]}, "properties": {"zone_id": "scene_01_DT0000205230-Z0309", "scene": "scene_01_DT0000205230", "pixel_count": 18, "approx_area_m2": 16200.0, "centroid_x": 559505.0, "centroid_y": 1958966.6666666667, "mean_risk": 2.17275071144104, "max_risk": 2.8081960678100586, "median_risk": 2.0643458366394043, "high_priority_pixel_pct": 100.0, "priority_category": "HIGH PRIORITY", "threshold_type": "95th percentile prioritisation threshold", "recommendation": "Spectral-stress evidence detected. Prioritise field inspection to determine the underlying cause. Field verification required.", "priority_rank": 91}}, {"type": "Feature", "geometry": {"type": "Polygon", "coordinates": [[[552915.0, 1958865.0], [552915.0, 1958775.0], [552945.0, 1958775.0], [552945.0, 1958745.0], [553005.0, 1958745.0], [553005.0, 1958805.0], [552975.0, 1958805.0], [552975.0, 1958865.0], [552915.0, 1958865.0]]]}, "properties": {"zone_id": "scene_01_DT0000205230-Z0310", "scene": "scene_01_DT0000205230", "pixel_count": 9, "approx_area_m2": 8100.0, "centroid_x": 552956.6666666666, "centroid_y": 1958803.3333333333, "mean_risk": 1.9834338426589966, "max_risk": 2.255014657974243, "median_risk": 1.9816992282867432, "high_priority_pixel_pct": 100.0, "priority_category": "HIGH PRIORITY", "threshold_type": "95th percentile prioritisation threshold", "recommendation": "Spectral-stress evidence detected. Prioritise field inspection to determine the underlying cause. Field verification required.", "priority_rank": 171}}, {"type": "Feature", "geometry": {"type": "Polygon", "coordinates": [[[563175.0, 1958865.0], [563175.0, 1958835.0], [563145.0, 1958835.0], [563145.0, 1958775.0], [563175.0, 1958775.0], [563175.0, 1958745.0], [563205.0, 1958745.0], [563205.0, 1958775.0], [563235.0, 1958775.0], [563235.0, 1958865.0], [563175.0, 1958865.0]]]}, "properties": {"zone_id": "scene_01_DT0000205230-Z0311", "scene": "scene_01_DT0000205230", "pixel_count": 9, "approx_area_m2": 8100.0, "centroid_x": 563193.3333333334, "centroid_y": 1958810.0, "mean_risk": 1.8196454048156738, "max_risk": 2.021845817565918, "median_risk": 1.7821027040481567, "high_priority_pixel_pct": 100.0, "priority_category": "HIGH PRIORITY", "threshold_type": "95th percentile prioritisation threshold", "recommendation": "Spectral-stress evidence detected. Prioritise field inspection to determine the underlying cause. Field verification required.", "priority_rank": 319}}, {"type": "Feature", "geometry": {"type": "Polygon", "coordinates": [[[552465.0, 1958805.0], [552465.0, 1958775.0], [552435.0, 1958775.0], [552435.0, 1958745.0], [552375.0, 1958745.0], [552375.0, 1958775.0], [552345.0, 1958775.0], [552345.0, 1958715.0], [552405.0, 1958715.0], [552405.0, 1958685.0], [552495.0, 1958685.0], [552495.0, 1958745.0], [552525.0, 1958745.0], [552525.0, 1958775.0], [552555.0, 1958775.0], [552555.0, 1958805.0], [552465.0, 1958805.0]]]}, "properties": {"zone_id": "scene_01_DT0000205230-Z0312", "scene": "scene_01_DT0000205230", "pixel_count": 16, "approx_area_m2": 14400.0, "centroid_x": 552451.875, "centroid_y": 1958748.75, "mean_risk": 1.939741849899292, "max_risk": 2.325601100921631, "median_risk": 1.916274905204773, "high_priority_pixel_pct": 100.0, "priority_category": "HIGH PRIORITY", "threshold_type": "95th percentile prioritisation threshold", "recommendation": "Spectral-stress evidence detected. Prioritise field inspection to determine the underlying cause. Field verification required.", "priority_rank": 207}}, {"type": "Feature", "geometry": {"type": "Polygon", "coordinates": [[[555855.0, 1958805.0], [555855.0, 1958775.0], [555915.0, 1958775.0], [555915.0, 1958745.0], [555945.0, 1958745.0], [555945.0, 1958715.0], [556035.0, 1958715.0], [556035.0, 1958685.0], [556065.0, 1958685.0], [556065.0, 1958655.0], [556095.0, 1958655.0], [556095.0, 1958805.0], [556035.0, 1958805.0], [556035.0, 1958775.0], [555945.0, 1958775.0], [555945.0, 1958805.0], [555855.0, 1958805.0]]]}, "properties": {"zone_id": "scene_01_DT0000205230-Z0313", "scene": "scene_01_DT0000205230", "pixel_count": 19, "approx_area_m2": 17100.0, "centroid_x": 556008.947368421, "centroid_y": 1958748.9473684211, "mean_risk": 1.957574725151062, "max_risk": 2.274266242980957, "median_risk": 1.9454877376556396, "high_priority_pixel_pct": 100.0, "priority_category": "HIGH PRIORITY", "threshold_type": "95th percentile prioritisation threshold", "recommendation": "Spectral-stress evidence detected. Prioritise field inspection to determine the underlying cause. Field verification required.", "priority_rank": 188}}, {"type": "Feature", "geometry": {"type": "Polygon", "coordinates": [[[562755.0, 1958805.0], [562755.0, 1958775.0], [562725.0, 1958775.0], [562725.0, 1958745.0], [562665.0, 1958745.0], [562665.0, 1958685.0], [562635.0, 1958685.0], [562635.0, 1958625.0], [562605.0, 1958625.0], [562605.0, 1958415.0], [562635.0, 1958415.0], [562635.0, 1958385.0], [562665.0, 1958385.0], [562665.0, 1958355.0], [562695.0, 1958355.0], [562695.0, 1958325.0], [562725.0, 1958325.0], [562725.0, 1958295.0], [562785.0, 1958295.0], [562785.0, 1958325.0], [562845.0, 1958325.0], [562845.0, 1958355.0], [562875.0, 1958355.0], [562875.0, 1958295.0], [562905.0, 1958295.0], [562905.0, 1958475.0], [562935.0, 1958475.0], [562935.0, 1958715.0], [562905.0, 1958715.0], [562905.0, 1958745.0], [562875.0, 1958745.0], [562875.0, 1958775.0], [562815.0, 1958775.0], [562815.0, 1958805.0], [562755.0, 1958805.0]]]}, "properties": {"zone_id": "scene_01_DT0000205230-Z0314", "scene": "scene_01_DT0000205230", "pixel_count": 145, "approx_area_m2": 130500.0, "centroid_x": 562776.2068965518, "centroid_y": 1958546.896551724, "mean_risk": 1.949781060218811, "max_risk": 2.3885209560394287, "median_risk": 1.9318726062774658, "high_priority_pixel_pct": 100.0, "priority_category": "HIGH PRIORITY", "threshold_type": "95th percentile prioritisation threshold", "recommendation": "Spectral-stress evidence detected. Prioritise field inspection to determine the underlying cause. Field verification required.", "priority_rank": 197}}, {"type": "Feature", "geometry": {"type": "Polygon", "coordinates": [[[578115.0, 1958805.0], [578115.0, 1958745.0], [578085.0, 1958745.0], [578085.0, 1958565.0], [578055.0, 1958565.0], [578055.0, 1958535.0], [578085.0, 1958535.0], [578085.0, 1958505.0], [578115.0, 1958505.0], [578115.0, 1958475.0], [578085.0, 1958475.0], [578085.0, 1958385.0], [578115.0, 1958385.0], [578115.0, 1958355.0], [578085.0, 1958355.0], [578085.0, 1958325.0], [578145.0, 1958325.0], [578145.0, 1958205.0], [578175.0, 1958205.0], [578175.0, 1958355.0], [578205.0, 1958355.0], [578205.0, 1958625.0], [578235.0, 1958625.0], [578235.0, 1958775.0], [578205.0, 1958775.0], [578205.0, 1958805.0], [578115.0, 1958805.0]]]}, "properties": {"zone_id": "scene_01_DT0000205230-Z0315", "scene": "scene_01_DT0000205230", "pixel_count": 69, "approx_area_m2": 62100.0, "centroid_x": 578152.1739130435, "centroid_y": 1958558.2608695652, "mean_risk": 2.1416971683502197, "max_risk": 2.8196282386779785, "median_risk": 2.127707004547119, "high_priority_pixel_pct": 100.0, "priority_category": "HIGH PRIORITY", "threshold_type": "95th percentile prioritisation threshold", "recommendation": "Spectral-stress evidence detected. Prioritise field inspection to determine the underlying cause. Field verification required.", "priority_rank": 103}}, {"type": "Feature", "geometry": {"type": "Polygon", "coordinates": [[[553275.0, 1958415.0], [553275.0, 1958385.0], [553305.0, 1958385.0], [553305.0, 1958415.0], [553275.0, 1958415.0]]]}, "properties": {"zone_id": "scene_01_DT0000205230-Z0316", "scene": "scene_01_DT0000205230", "pixel_count": 23, "approx_area_m2": 20700.0, "centroid_x": 553202.6086956522, "centroid_y": 1958557.8260869565, "mean_risk": 1.9546005725860596, "max_risk": 2.4059314727783203, "median_risk": 1.93865966796875, "high_priority_pixel_pct": 100.0, "priority_category": "HIGH PRIORITY", "threshold_type": "95th percentile prioritisation threshold", "recommendation": "Spectral-stress evidence detected. Prioritise field inspection to determine the underlying cause. Field verification required.", "priority_rank": 194}}, {"type": "Feature", "geometry": {"type": "Polygon", "coordinates": [[[552585.0, 1958715.0], [552585.0, 1958595.0], [552555.0, 1958595.0], [552555.0, 1958625.0], [552495.0, 1958625.0], [552495.0, 1958595.0], [552435.0, 1958595.0], [552435.0, 1958535.0], [552465.0, 1958535.0], [552465.0, 1958565.0], [552585.0, 1958565.0], [552585.0, 1958535.0], [552615.0, 1958535.0], [552615.0, 1958505.0], [552675.0, 1958505.0], [552675.0, 1958565.0], [552645.0, 1958565.0], [552645.0, 1958715.0], [552585.0, 1958715.0]]]}, "properties": {"zone_id": "scene_01_DT0000205230-Z0317", "scene": "scene_01_DT0000205230", "pixel_count": 23, "approx_area_m2": 20700.0, "centroid_x": 552581.7391304348, "centroid_y": 1958598.2608695652, "mean_risk": 2.000850200653076, "max_risk": 2.305551528930664, "median_risk": 2.0139083862304688, "high_priority_pixel_pct": 100.0, "priority_category": "HIGH PRIORITY", "threshold_type": "95th percentile prioritisation threshold", "recommendation": "Spectral-stress evidence detected. Prioritise field inspection to determine the underlying cause. Field verification required.", "priority_rank": 162}}, {"type": "Feature", "geometry": {"type": "Polygon", "coordinates": [[[567885.0, 1958685.0], [567885.0, 1958595.0], [567825.0, 1958595.0], [567825.0, 1958625.0], [567705.0, 1958625.0], [567705.0, 1958595.0], [567675.0, 1958595.0], [567675.0, 1958535.0], [567615.0, 1958535.0], [567615.0, 1958505.0], [567645.0, 1958505.0], [567645.0, 1958475.0], [567675.0, 1958475.0], [567675.0, 1958445.0], [567705.0, 1958445.0], [567705.0, 1958385.0], [567675.0, 1958385.0], [567675.0, 1958355.0], [567645.0, 1958355.0], [567645.0, 1958385.0], [567585.0, 1958385.0], [567585.0, 1958415.0], [567555.0, 1958415.0], [567555.0, 1958355.0], [567585.0, 1958355.0], [567585.0, 1958325.0], [567615.0, 1958325.0], [567615.0, 1958295.0], [567645.0, 1958295.0], [567645.0, 1958265.0], [567675.0, 1958265.0], [567675.0, 1958235.0], [567705.0, 1958235.0], [567705.0, 1958205.0], [567765.0, 1958205.0], [567765.0, 1958235.0], [567915.0, 1958235.0], [567915.0, 1958265.0], [567945.0, 1958265.0], [567945.0, 1958325.0], [567915.0, 1958325.0], [567915.0, 1958355.0], [567975.0, 1958355.0], [567975.0, 1958505.0], [567945.0, 1958505.0], [567945.0, 1958535.0], [567915.0, 1958535.0], [567915.0, 1958565.0], [568005.0, 1958565.0], [568005.0, 1958595.0], [567975.0, 1958595.0], [567975.0, 1958625.0], [567915.0, 1958625.0], [567915.0, 1958685.0], [567885.0, 1958685.0]], [[567795.0, 1958565.0], [567825.0, 1958565.0], [567825.0, 1958535.0], [567795.0, 1958535.0], [567795.0, 1958565.0]]]}, "properties": {"zone_id": "scene_01_DT0000205230-Z0318", "scene": "scene_01_DT0000205230", "pixel_count": 133, "approx_area_m2": 119700.0, "centroid_x": 567800.977443609, "centroid_y": 1958425.4887218045, "mean_risk": 2.422266960144043, "max_risk": 3.8649299144744873, "median_risk": 2.354065179824829, "high_priority_pixel_pct": 100.0, "priority_category": "HIGH PRIORITY", "threshold_type": "95th percentile prioritisation threshold", "recommendation": "Spectral-stress evidence detected. Prioritise field inspection to determine the underlying cause. Field verification required.", "priority_rank": 38}}, {"type": "Feature", "geometry": {"type": "Polygon", "coordinates": [[[555765.0, 1958595.0], [555765.0, 1958565.0], [555735.0, 1958565.0], [555735.0, 1958505.0], [555705.0, 1958505.0], [555705.0, 1958475.0], [555735.0, 1958475.0], [555735.0, 1958415.0], [555765.0, 1958415.0], [555765.0, 1958355.0], [555795.0, 1958355.0], [555795.0, 1958295.0], [555825.0, 1958295.0], [555825.0, 1958535.0], [555855.0, 1958535.0], [555855.0, 1958565.0], [555795.0, 1958565.0], [555795.0, 1958595.0], [555765.0, 1958595.0]]]}, "properties": {"zone_id": "scene_01_DT0000205230-Z0319", "scene": "scene_01_DT0000205230", "pixel_count": 24, "approx_area_m2": 21600.0, "centroid_x": 555785.0, "centroid_y": 1958465.0, "mean_risk": 1.9361764192581177, "max_risk": 2.1206929683685303, "median_risk": 1.9213831424713135, "high_priority_pixel_pct": 100.0, "priority_category": "HIGH PRIORITY", "threshold_type": "95th percentile prioritisation threshold", "recommendation": "Spectral-stress evidence detected. Prioritise field inspection to determine the underlying cause. Field verification required.", "priority_rank": 212}}, {"type": "Feature", "geometry": {"type": "Polygon", "coordinates": [[[554025.0, 1958565.0], [554025.0, 1958445.0], [554055.0, 1958445.0], [554055.0, 1958415.0], [554025.0, 1958415.0], [554025.0, 1958385.0], [554085.0, 1958385.0], [554085.0, 1958355.0], [554145.0, 1958355.0], [554145.0, 1958385.0], [554235.0, 1958385.0], [554235.0, 1958415.0], [554115.0, 1958415.0], [554115.0, 1958505.0], [554145.0, 1958505.0], [554145.0, 1958565.0], [554025.0, 1958565.0]]]}, "properties": {"zone_id": "scene_01_DT0000205230-Z0320", "scene": "scene_01_DT0000205230", "pixel_count": 25, "approx_area_m2": 22500.0, "centroid_x": 554096.4, "centroid_y": 1958461.2, "mean_risk": 1.7440321445465088, "max_risk": 1.929298996925354, "median_risk": 1.7196295261383057, "high_priority_pixel_pct": 100.0, "priority_category": "HIGH PRIORITY", "threshold_type": "95th percentile prioritisation threshold", "recommendation": "Spectral-stress evidence detected. Prioritise field inspection to determine the underlying cause. Field verification required.", "priority_rank": 400}}, {"type": "Feature", "geometry": {"type": "Polygon", "coordinates": [[[561105.0, 1958535.0], [561105.0, 1958505.0], [561075.0, 1958505.0], [561075.0, 1958475.0], [561105.0, 1958475.0], [561105.0, 1958445.0], [561075.0, 1958445.0], [561075.0, 1958415.0], [561045.0, 1958415.0], [561045.0, 1958385.0], [561075.0, 1958385.0], [561075.0, 1958295.0], [561105.0, 1958295.0], [561105.0, 1958325.0], [561195.0, 1958325.0], [561195.0, 1958295.0], [561165.0, 1958295.0], [561165.0, 1958265.0], [561135.0, 1958265.0], [561135.0, 1958235.0], [561165.0, 1958235.0], [561165.0, 1958205.0], [561225.0, 1958205.0], [561225.0, 1958235.0], [561255.0, 1958235.0], [561255.0, 1958115.0], [561315.0, 1958115.0], [561315.0, 1958085.0], [561345.0, 1958085.0], [561345.0, 1958115.0], [561375.0, 1958115.0], [561375.0, 1958025.0], [561435.0, 1958025.0], [561435.0, 1957995.0], [561495.0, 1957995.0], [561495.0, 1957845.0], [561585.0, 1957845.0], [561585.0, 1957815.0], [561615.0, 1957815.0], [561615.0, 1957845.0], [561645.0, 1957845.0], [561645.0, 1957875.0], [561675.0, 1957875.0], [561675.0, 1957845.0], [561705.0, 1957845.0], [561705.0, 1957875.0], [561735.0, 1957875.0], [561735.0, 1957905.0], [561765.0, 1957905.0], [561765.0, 1957935.0], [561735.0, 1957935.0], [561735.0, 1957995.0], [561705.0, 1957995.0], [561705.0, 1958085.0], [561615.0, 1958085.0], [561615.0, 1958115.0], [561645.0, 1958115.0], [561645.0, 1958205.0], [561675.0, 1958205.0], [561675.0, 1958295.0], [561585.0, 1958295.0], [561585.0, 1958325.0], [561525.0, 1958325.0], [561525.0, 1958385.0], [561555.0, 1958385.0], [561555.0, 1958445.0], [561585.0, 1958445.0], [561585.0, 1958475.0], [561495.0, 1958475.0], [561495.0, 1958415.0], [561465.0, 1958415.0], [561465.0, 1958385.0], [561405.0, 1958385.0], [561405.0, 1958415.0], [561375.0, 1958415.0], [561375.0, 1958475.0], [561345.0, 1958475.0], [561345.0, 1958505.0], [561255.0, 1958505.0], [561255.0, 1958535.0], [561195.0, 1958535.0], [561195.0, 1958475.0], [561165.0, 1958475.0], [561165.0, 1958535.0], [561105.0, 1958535.0]], [[561195.0, 1958475.0], [561225.0, 1958475.0], [561225.0, 1958445.0], [561195.0, 1958445.0], [561195.0, 1958475.0]], [[561465.0, 1958295.0], [561495.0, 1958295.0], [561495.0, 1958205.0], [561465.0, 1958205.0], [561465.0, 1958175.0], [561435.0, 1958175.0], [561435.0, 1958265.0], [561465.0, 1958265.0], [561465.0, 1958295.0]], [[561585.0, 1957965.0], [561615.0, 1957965.0], [561615.0, 1957935.0], [561645.0, 1957935.0], [561645.0, 1957905.0], [561555.0, 1957905.0], [561555.0, 1957935.0], [561585.0, 1957935.0], [561585.0, 1957965.0]]]}, "properties": {"zone_id": "scene_01_DT0000205230-Z0321", "scene": "scene_01_DT0000205230", "pixel_count": 257, "approx_area_m2": 231300.0, "centroid_x": 561423.3852140078, "centroid_y": 1958214.6303501946, "mean_risk": 2.01126766204834, "max_risk": 2.590297222137451, "median_risk": 1.954832673072815, "high_priority_pixel_pct": 100.0, "priority_category": "HIGH PRIORITY", "threshold_type": "95th percentile prioritisation threshold", "recommendation": "Spectral-stress evidence detected. Prioritise field inspection to determine the underlying cause. Field verification required.", "priority_rank": 149}}, {"type": "Feature", "geometry": {"type": "Polygon", "coordinates": [[[552435.0, 1958475.0], [552435.0, 1958445.0], [552405.0, 1958445.0], [552405.0, 1958415.0], [552375.0, 1958415.0], [552375.0, 1958385.0], [552405.0, 1958385.0], [552405.0, 1958325.0], [552465.0, 1958325.0], [552465.0, 1958295.0], [552495.0, 1958295.0], [552495.0, 1958235.0], [552525.0, 1958235.0], [552525.0, 1958205.0], [552555.0, 1958205.0], [552555.0, 1958265.0], [552525.0, 1958265.0], [552525.0, 1958295.0], [552645.0, 1958295.0], [552645.0, 1958265.0], [552735.0, 1958265.0], [552735.0, 1958325.0], [552645.0, 1958325.0], [552645.0, 1958355.0], [552615.0, 1958355.0], [552615.0, 1958445.0], [552585.0, 1958445.0], [552585.0, 1958385.0], [552525.0, 1958385.0], [552525.0, 1958325.0], [552495.0, 1958325.0], [552495.0, 1958355.0], [552465.0, 1958355.0], [552465.0, 1958385.0], [552435.0, 1958385.0], [552435.0, 1958415.0], [552465.0, 1958415.0], [552465.0, 1958475.0], [552435.0, 1958475.0]]]}, "properties": {"zone_id": "scene_01_DT0000205230-Z0322", "scene": "scene_01_DT0000205230", "pixel_count": 35, "approx_area_m2": 31500.0, "centroid_x": 552547.7142857143, "centroid_y": 1958337.4285714286, "mean_risk": 1.9650821685791016, "max_risk": 2.265620708465576, "median_risk": 1.9856579303741455, "high_priority_pixel_pct": 100.0, "priority_category": "HIGH PRIORITY", "threshold_type": "95th percentile prioritisation threshold", "recommendation": "Spectral-stress evidence detected. Prioritise field inspection to determine the underlying cause. Field verification required.", "priority_rank": 183}}, {"type": "Feature", "geometry": {"type": "Polygon", "coordinates": [[[558945.0, 1958475.0], [558945.0, 1958385.0], [558975.0, 1958385.0], [558975.0, 1958355.0], [559065.0, 1958355.0], [559065.0, 1958385.0], [559125.0, 1958385.0], [559125.0, 1958355.0], [559185.0, 1958355.0], [559185.0, 1958385.0], [559215.0, 1958385.0], [559215.0, 1958445.0], [559095.0, 1958445.0], [559095.0, 1958475.0], [558945.0, 1958475.0]]]}, "properties": {"zone_id": "scene_01_DT0000205230-Z0323", "scene": "scene_01_DT0000205230", "pixel_count": 28, "approx_area_m2": 25200.0, "centroid_x": 559068.2142857143, "centroid_y": 1958415.0, "mean_risk": 1.924353003501892, "max_risk": 2.1939024925231934, "median_risk": 1.9203755855560303, "high_priority_pixel_pct": 100.0, "priority_category": "HIGH PRIORITY", "threshold_type": "95th percentile prioritisation threshold", "recommendation": "Spectral-stress evidence detected. Prioritise field inspection to determine the underlying cause. Field verification required.", "priority_rank": 224}}, {"type": "Feature", "geometry": {"type": "Polygon", "coordinates": [[[552765.0, 1958415.0], [552765.0, 1958325.0], [552795.0, 1958325.0], [552795.0, 1958205.0], [552825.0, 1958205.0], [552825.0, 1958235.0], [552855.0, 1958235.0], [552855.0, 1958325.0], [552825.0, 1958325.0], [552825.0, 1958385.0], [552795.0, 1958385.0], [552795.0, 1958415.0], [552765.0, 1958415.0]]]}, "properties": {"zone_id": "scene_01_DT0000205230-Z0324", "scene": "scene_01_DT0000205230", "pixel_count": 12, "approx_area_m2": 10800.0, "centroid_x": 552810.0, "centroid_y": 1958310.0, "mean_risk": 1.959529995918274, "max_risk": 2.3866684436798096, "median_risk": 1.8817576169967651, "high_priority_pixel_pct": 100.0, "priority_category": "HIGH PRIORITY", "threshold_type": "95th percentile prioritisation threshold", "recommendation": "Spectral-stress evidence detected. Prioritise field inspection to determine the underlying cause. Field verification required.", "priority_rank": 186}}, {"type": "Feature", "geometry": {"type": "Polygon", "coordinates": [[[553725.0, 1958415.0], [553725.0, 1958385.0], [553785.0, 1958385.0], [553785.0, 1958265.0], [553845.0, 1958265.0], [553845.0, 1958385.0], [553815.0, 1958385.0], [553815.0, 1958415.0], [553725.0, 1958415.0]]]}, "properties": {"zone_id": "scene_01_DT0000205230-Z0325", "scene": "scene_01_DT0000205230", "pixel_count": 11, "approx_area_m2": 9900.0, "centroid_x": 553802.7272727273, "centroid_y": 1958345.4545454546, "mean_risk": 1.8514492511749268, "max_risk": 2.106079339981079, "median_risk": 1.8019863367080688, "high_priority_pixel_pct": 100.0, "priority_category": "HIGH PRIORITY", "threshold_type": "95th percentile prioritisation threshold", "recommendation": "Spectral-stress evidence detected. Prioritise field inspection to determine the underlying cause. Field verification required.", "priority_rank": 282}}, {"type": "Feature", "geometry": {"type": "Polygon", "coordinates": [[[550485.0, 1958295.0], [550485.0, 1958235.0], [550455.0, 1958235.0], [550455.0, 1958205.0], [550485.0, 1958205.0], [550485.0, 1958145.0], [550515.0, 1958145.0], [550515.0, 1958115.0], [550545.0, 1958115.0], [550545.0, 1958175.0], [550515.0, 1958175.0], [550515.0, 1958295.0], [550485.0, 1958295.0]]]}, "properties": {"zone_id": "scene_01_DT0000205230-Z0326", "scene": "scene_01_DT0000205230", "pixel_count": 15, "approx_area_m2": 13500.0, "centroid_x": 550488.0, "centroid_y": 1958270.0, "mean_risk": 1.7503734827041626, "max_risk": 1.882748007774353, "median_risk": 1.735695719718933, "high_priority_pixel_pct": 100.0, "priority_category": "HIGH PRIORITY", "threshold_type": "95th percentile prioritisation threshold", "recommendation": "Spectral-stress evidence detected. Prioritise field inspection to determine the underlying cause. Field verification required.", "priority_rank": 392}}, {"type": "Feature", "geometry": {"type": "Polygon", "coordinates": [[[554055.0, 1958295.0], [554055.0, 1958265.0], [553995.0, 1958265.0], [553995.0, 1958205.0], [553965.0, 1958205.0], [553965.0, 1958175.0], [553995.0, 1958175.0], [553995.0, 1958115.0], [553965.0, 1958115.0], [553965.0, 1958055.0], [553995.0, 1958055.0], [553995.0, 1958025.0], [554025.0, 1958025.0], [554025.0, 1957965.0], [554055.0, 1957965.0], [554055.0, 1958025.0], [554085.0, 1958025.0], [554085.0, 1957905.0], [554055.0, 1957905.0], [554055.0, 1957935.0], [553965.0, 1957935.0], [553965.0, 1957905.0], [553995.0, 1957905.0], [553995.0, 1957845.0], [554025.0, 1957845.0], [554025.0, 1957875.0], [554085.0, 1957875.0], [554085.0, 1957845.0], [554115.0, 1957845.0], [554115.0, 1957815.0], [554145.0, 1957815.0], [554145.0, 1957875.0], [554205.0, 1957875.0], [554205.0, 1957905.0], [554265.0, 1957905.0], [554265.0, 1957995.0], [554235.0, 1957995.0], [554235.0, 1958055.0], [554265.0, 1958055.0], [554265.0, 1958085.0], [554235.0, 1958085.0], [554235.0, 1958115.0], [554205.0, 1958115.0], [554205.0, 1958205.0], [554175.0, 1958205.0], [554175.0, 1958235.0], [554205.0, 1958235.0], [554205.0, 1958295.0], [554055.0, 1958295.0]], [[554115.0, 1958235.0], [554145.0, 1958235.0], [554145.0, 1958205.0], [554115.0, 1958205.0], [554115.0, 1958235.0]], [[554145.0, 1958205.0], [554175.0, 1958205.0], [554175.0, 1958175.0], [554145.0, 1958175.0], [554145.0, 1958205.0]]]}, "properties": {"zone_id": "scene_01_DT0000205230-Z0327", "scene": "scene_01_DT0000205230", "pixel_count": 104, "approx_area_m2": 93600.0, "centroid_x": 554112.9807692308, "centroid_y": 1958067.9807692308, "mean_risk": 1.9272643327713013, "max_risk": 2.3819150924682617, "median_risk": 1.9084274768829346, "high_priority_pixel_pct": 100.0, "priority_category": "HIGH PRIORITY", "threshold_type": "95th percentile prioritisation threshold", "recommendation": "Spectral-stress evidence detected. Prioritise field inspection to determine the underlying cause. Field verification required.", "priority_rank": 221}}, {"type": "Feature", "geometry": {"type": "Polygon", "coordinates": [[[562785.0, 1958265.0], [562785.0, 1958205.0], [562725.0, 1958205.0], [562725.0, 1958085.0], [562755.0, 1958085.0], [562755.0, 1957935.0], [562785.0, 1957935.0], [562785.0, 1957875.0], [562815.0, 1957875.0], [562815.0, 1957845.0], [562845.0, 1957845.0], [562845.0, 1957965.0], [562875.0, 1957965.0], [562875.0, 1958055.0], [562815.0, 1958055.0], [562815.0, 1958265.0], [562785.0, 1958265.0]]]}, "properties": {"zone_id": "scene_01_DT0000205230-Z0328", "scene": "scene_01_DT0000205230", "pixel_count": 36, "approx_area_m2": 32400.0, "centroid_x": 562796.6666666666, "centroid_y": 1958050.0, "mean_risk": 1.8238883018493652, "max_risk": 2.110360860824585, "median_risk": 1.830984354019165, "high_priority_pixel_pct": 100.0, "priority_category": "HIGH PRIORITY", "threshold_type": "95th percentile prioritisation threshold", "recommendation": "Spectral-stress evidence detected. Prioritise field inspection to determine the underlying cause. Field verification required.", "priority_rank": 312}}, {"type": "Feature", "geometry": {"type": "Polygon", "coordinates": [[[553695.0, 1958205.0], [553695.0, 1958175.0], [553665.0, 1958175.0], [553665.0, 1958145.0], [553755.0, 1958145.0], [553755.0, 1958115.0], [553785.0, 1958115.0], [553785.0, 1958085.0], [553755.0, 1958085.0], [553755.0, 1958055.0], [553845.0, 1958055.0], [553845.0, 1958175.0], [553815.0, 1958175.0], [553815.0, 1958205.0], [553695.0, 1958205.0]]]}, "properties": {"zone_id": "scene_01_DT0000205230-Z0329", "scene": "scene_01_DT0000205230", "pixel_count": 18, "approx_area_m2": 16200.0, "centroid_x": 553776.6666666666, "centroid_y": 1958140.0, "mean_risk": 1.807527780532837, "max_risk": 2.058292865753174, "median_risk": 1.804089069366455, "high_priority_pixel_pct": 100.0, "priority_category": "HIGH PRIORITY", "threshold_type": "95th percentile prioritisation threshold", "recommendation": "Spectral-stress evidence detected. Prioritise field inspection to determine the underlying cause. Field verification required.", "priority_rank": 328}}, {"type": "Feature", "geometry": {"type": "Polygon", "coordinates": [[[552525.0, 1958175.0], [552525.0, 1958085.0], [552585.0, 1958085.0], [552585.0, 1958115.0], [552615.0, 1958115.0], [552615.0, 1958085.0], [552645.0, 1958085.0], [552645.0, 1958055.0], [552675.0, 1958055.0], [552675.0, 1958025.0], [552705.0, 1958025.0], [552705.0, 1957995.0], [552855.0, 1957995.0], [552855.0, 1957965.0], [552885.0, 1957965.0], [552885.0, 1957875.0], [552945.0, 1957875.0], [552945.0, 1957935.0], [552915.0, 1957935.0], [552915.0, 1957995.0], [552885.0, 1957995.0], [552885.0, 1958025.0], [552855.0, 1958025.0], [552855.0, 1958115.0], [552885.0, 1958115.0], [552885.0, 1958085.0], [552915.0, 1958085.0], [552915.0, 1958055.0], [552945.0, 1958055.0], [552945.0, 1958115.0], [552915.0, 1958115.0], [552915.0, 1958145.0], [552795.0, 1958145.0], [552795.0, 1958115.0], [552765.0, 1958115.0], [552765.0, 1958085.0], [552735.0, 1958085.0], [552735.0, 1958115.0], [552675.0, 1958115.0], [552675.0, 1958145.0], [552585.0, 1958145.0], [552585.0, 1958175.0], [552525.0, 1958175.0]]]}, "properties": {"zone_id": "scene_01_DT0000205230-Z0330", "scene": "scene_01_DT0000205230", "pixel_count": 49, "approx_area_m2": 44100.0, "centroid_x": 552764.693877551, "centroid_y": 1958060.8163265307, "mean_risk": 1.9988054037094116, "max_risk": 2.4648876190185547, "median_risk": 1.9554764032363892, "high_priority_pixel_pct": 100.0, "priority_category": "HIGH PRIORITY", "threshold_type": "95th percentile prioritisation threshold", "recommendation": "Spectral-stress evidence detected. Prioritise field inspection to determine the underlying cause. Field verification required.", "priority_rank": 163}}, {"type": "Feature", "geometry": {"type": "Polygon", "coordinates": [[[578175.0, 1958055.0], [578175.0, 1958025.0], [578145.0, 1958025.0], [578145.0, 1957965.0], [578115.0, 1957965.0], [578115.0, 1957935.0], [578085.0, 1957935.0], [578085.0, 1957905.0], [578115.0, 1957905.0], [578115.0, 1957845.0], [578145.0, 1957845.0], [578145.0, 1957815.0], [578115.0, 1957815.0], [578115.0, 1957785.0], [578085.0, 1957785.0], [578085.0, 1957725.0], [578055.0, 1957725.0], [578055.0, 1957695.0], [578025.0, 1957695.0], [578025.0, 1957575.0], [578085.0, 1957575.0], [578085.0, 1957515.0], [578145.0, 1957515.0], [578145.0, 1957485.0], [578205.0, 1957485.0], [578205.0, 1957515.0], [578295.0, 1957515.0], [578295.0, 1957725.0], [578325.0, 1957725.0], [578325.0, 1957785.0], [578355.0, 1957785.0], [578355.0, 1957845.0], [578325.0, 1957845.0], [578325.0, 1957875.0], [578295.0, 1957875.0], [578295.0, 1957905.0], [578325.0, 1957905.0], [578325.0, 1957935.0], [578355.0, 1957935.0], [578355.0, 1957995.0], [578295.0, 1957995.0], [578295.0, 1958025.0], [578205.0, 1958025.0], [578205.0, 1958055.0], [578175.0, 1958055.0]]]}, "properties": {"zone_id": "scene_01_DT0000205230-Z0331", "scene": "scene_01_DT0000205230", "pixel_count": 143, "approx_area_m2": 128700.0, "centroid_x": 578191.6783216783, "centroid_y": 1957776.2937062937, "mean_risk": 2.1656687259674072, "max_risk": 2.8393843173980713, "median_risk": 2.1764414310455322, "high_priority_pixel_pct": 100.0, "priority_category": "HIGH PRIORITY", "threshold_type": "95th percentile prioritisation threshold", "recommendation": "Spectral-stress evidence detected. Prioritise field inspection to determine the underlying cause. Field verification required.", "priority_rank": 93}}, {"type": "Feature", "geometry": {"type": "Polygon", "coordinates": [[[561075.0, 1958145.0], [561075.0, 1958115.0], [561045.0, 1958115.0], [561045.0, 1958025.0], [561105.0, 1958025.0], [561105.0, 1957965.0], [561165.0, 1957965.0], [561165.0, 1957995.0], [561195.0, 1957995.0], [561195.0, 1958085.0], [561165.0, 1958085.0], [561165.0, 1958145.0], [561075.0, 1958145.0]]]}, "properties": {"zone_id": "scene_01_DT0000205230-Z0332", "scene": "scene_01_DT0000205230", "pixel_count": 22, "approx_area_m2": 19800.0, "centroid_x": 561122.7272727273, "centroid_y": 1958060.4545454546, "mean_risk": 1.8223823308944702, "max_risk": 2.0300936698913574, "median_risk": 1.8086636066436768, "high_priority_pixel_pct": 100.0, "priority_category": "HIGH PRIORITY", "threshold_type": "95th percentile prioritisation threshold", "recommendation": "Spectral-stress evidence detected. Prioritise field inspection to determine the underlying cause. Field verification required.", "priority_rank": 315}}, {"type": "Feature", "geometry": {"type": "Polygon", "coordinates": [[[559125.0, 1958115.0], [559125.0, 1958085.0], [559095.0, 1958085.0], [559095.0, 1958025.0], [558975.0, 1958025.0], [558975.0, 1958055.0], [558945.0, 1958055.0], [558945.0, 1958025.0], [558915.0, 1958025.0], [558915.0, 1957965.0], [558975.0, 1957965.0], [558975.0, 1957935.0], [559095.0, 1957935.0], [559095.0, 1957905.0], [559125.0, 1957905.0], [559125.0, 1958025.0], [559155.0, 1958025.0], [559155.0, 1958055.0], [559215.0, 1958055.0], [559215.0, 1958115.0], [559125.0, 1958115.0]]]}, "properties": {"zone_id": "scene_01_DT0000205230-Z0333", "scene": "scene_01_DT0000205230", "pixel_count": 30, "approx_area_m2": 27000.0, "centroid_x": 559066.0, "centroid_y": 1958010.0, "mean_risk": 1.78522789478302, "max_risk": 1.9283171892166138, "median_risk": 1.7833244800567627, "high_priority_pixel_pct": 100.0, "priority_category": "HIGH PRIORITY", "threshold_type": "95th percentile prioritisation threshold", "recommendation": "Spectral-stress evidence detected. Prioritise field inspection to determine the underlying cause. Field verification required.", "priority_rank": 363}}, {"type": "Feature", "geometry": {"type": "Polygon", "coordinates": [[[553425.0, 1958025.0], [553425.0, 1957905.0], [553455.0, 1957905.0], [553455.0, 1957875.0], [553545.0, 1957875.0], [553545.0, 1957965.0], [553515.0, 1957965.0], [553515.0, 1957995.0], [553485.0, 1957995.0], [553485.0, 1958025.0], [553425.0, 1958025.0]]]}, "properties": {"zone_id": "scene_01_DT0000205230-Z0334", "scene": "scene_01_DT0000205230", "pixel_count": 16, "approx_area_m2": 14400.0, "centroid_x": 553481.25, "centroid_y": 1957944.375, "mean_risk": 2.0457262992858887, "max_risk": 2.410688877105713, "median_risk": 2.06052827835083, "high_priority_pixel_pct": 100.0, "priority_category": "HIGH PRIORITY", "threshold_type": "95th percentile prioritisation threshold", "recommendation": "Spectral-stress evidence detected. Prioritise field inspection to determine the underlying cause. Field verification required.", "priority_rank": 130}}, {"type": "Feature", "geometry": {"type": "Polygon", "coordinates": [[[562515.0, 1958025.0], [562515.0, 1957965.0], [562545.0, 1957965.0], [562545.0, 1957905.0], [562635.0, 1957905.0], [562635.0, 1957965.0], [562605.0, 1957965.0], [562605.0, 1957995.0], [562575.0, 1957995.0], [562575.0, 1958025.0], [562515.0, 1958025.0]]]}, "properties": {"zone_id": "scene_01_DT0000205230-Z0335", "scene": "scene_01_DT0000205230", "pixel_count": 11, "approx_area_m2": 9900.0, "centroid_x": 562573.6363636364, "centroid_y": 1957960.9090909092, "mean_risk": 1.8167999982833862, "max_risk": 1.9732246398925781, "median_risk": 1.7976685762405396, "high_priority_pixel_pct": 100.0, "priority_category": "HIGH PRIORITY", "threshold_type": "95th percentile prioritisation threshold", "recommendation": "Spectral-stress evidence detected. Prioritise field inspection to determine the underlying cause. Field verification required.", "priority_rank": 322}}, {"type": "Feature", "geometry": {"type": "Polygon", "coordinates": [[[549525.0, 1957995.0], [549525.0, 1957965.0], [549495.0, 1957965.0], [549495.0, 1957905.0], [549465.0, 1957905.0], [549465.0, 1957875.0], [549435.0, 1957875.0], [549435.0, 1957845.0], [549405.0, 1957845.0], [549405.0, 1957875.0], [549375.0, 1957875.0], [549375.0, 1957905.0], [549315.0, 1957905.0], [549315.0, 1957875.0], [549285.0, 1957875.0], [549285.0, 1957905.0], [549255.0, 1957905.0], [549255.0, 1957785.0], [549285.0, 1957785.0], [549285.0, 1957725.0], [549375.0, 1957725.0], [549375.0, 1957785.0], [549405.0, 1957785.0], [549405.0, 1957815.0], [549435.0, 1957815.0], [549435.0, 1957785.0], [549465.0, 1957785.0], [549465.0, 1957755.0], [549495.0, 1957755.0], [549495.0, 1957785.0], [549525.0, 1957785.0], [549525.0, 1957665.0], [549495.0, 1957665.0], [549495.0, 1957575.0], [549525.0, 1957575.0], [549525.0, 1957635.0], [549555.0, 1957635.0], [549555.0, 1957665.0], [549615.0, 1957665.0], [549615.0, 1957875.0], [549585.0, 1957875.0], [549585.0, 1957935.0], [549555.0, 1957935.0], [549555.0, 1957995.0], [549525.0, 1957995.0]]]}, "properties": {"zone_id": "scene_01_DT0000205230-Z0336", "scene": "scene_01_DT0000205230", "pixel_count": 70, "approx_area_m2": 63000.0, "centroid_x": 549463.7142857143, "centroid_y": 1957808.5714285714, "mean_risk": 1.7930985689163208, "max_risk": 2.0147807598114014, "median_risk": 1.7836956977844238, "high_priority_pixel_pct": 100.0, "priority_category": "HIGH PRIORITY", "threshold_type": "95th percentile prioritisation threshold", "recommendation": "Spectral-stress evidence detected. Prioritise field inspection to determine the underlying cause. Field verification required.", "priority_rank": 349}}, {"type": "Feature", "geometry": {"type": "Polygon", "coordinates": [[[578565.0, 1957935.0], [578565.0, 1957815.0], [578595.0, 1957815.0], [578595.0, 1957785.0], [578565.0, 1957785.0], [578565.0, 1957695.0], [578625.0, 1957695.0], [578625.0, 1957755.0], [578655.0, 1957755.0], [578655.0, 1957785.0], [578685.0, 1957785.0], [578685.0, 1957905.0], [578595.0, 1957905.0], [578595.0, 1957935.0], [578565.0, 1957935.0]]]}, "properties": {"zone_id": "scene_01_DT0000205230-Z0337", "scene": "scene_01_DT0000205230", "pixel_count": 23, "approx_area_m2": 20700.0, "centroid_x": 578617.8260869565, "centroid_y": 1957819.5652173914, "mean_risk": 2.004826307296753, "max_risk": 2.606170654296875, "median_risk": 1.9380302429199219, "high_priority_pixel_pct": 100.0, "priority_category": "HIGH PRIORITY", "threshold_type": "95th percentile prioritisation threshold", "recommendation": "Spectral-stress evidence detected. Prioritise field inspection to determine the underlying cause. Field verification required.", "priority_rank": 156}}, {"type": "Feature", "geometry": {"type": "Polygon", "coordinates": [[[549075.0, 1957875.0], [549075.0, 1957845.0], [549015.0, 1957845.0], [549015.0, 1957695.0], [549045.0, 1957695.0], [549045.0, 1957665.0], [549075.0, 1957665.0], [549075.0, 1957725.0], [549105.0, 1957725.0], [549105.0, 1957695.0], [549135.0, 1957695.0], [549135.0, 1957815.0], [549165.0, 1957815.0], [549165.0, 1957845.0], [549135.0, 1957845.0], [549135.0, 1957875.0], [549075.0, 1957875.0]]]}, "properties": {"zone_id": "scene_01_DT0000205230-Z0338", "scene": "scene_01_DT0000205230", "pixel_count": 23, "approx_area_m2": 20700.0, "centroid_x": 549079.5652173914, "centroid_y": 1957779.1304347827, "mean_risk": 1.7666728496551514, "max_risk": 1.861064076423645, "median_risk": 1.7751325368881226, "high_priority_pixel_pct": 100.0, "priority_category": "HIGH PRIORITY", "threshold_type": "95th percentile prioritisation threshold", "recommendation": "Spectral-stress evidence detected. Prioritise field inspection to determine the underlying cause. Field verification required.", "priority_rank": 378}}, {"type": "Feature", "geometry": {"type": "Polygon", "coordinates": [[[553845.0, 1957695.0], [553845.0, 1957665.0], [553815.0, 1957665.0], [553815.0, 1957635.0], [553755.0, 1957635.0], [553755.0, 1957545.0], [553725.0, 1957545.0], [553725.0, 1957515.0], [553785.0, 1957515.0], [553785.0, 1957545.0], [553815.0, 1957545.0], [553815.0, 1957575.0], [553845.0, 1957575.0], [553845.0, 1957605.0], [553875.0, 1957605.0], [553875.0, 1957635.0], [553965.0, 1957635.0], [553965.0, 1957665.0], [553935.0, 1957665.0], [553935.0, 1957695.0], [553845.0, 1957695.0]]]}, "properties": {"zone_id": "scene_01_DT0000205230-Z0339", "scene": "scene_01_DT0000205230", "pixel_count": 19, "approx_area_m2": 17100.0, "centroid_x": 553834.7368421053, "centroid_y": 1957616.8421052631, "mean_risk": 1.8748693466186523, "max_risk": 2.0933239459991455, "median_risk": 1.8662244081497192, "high_priority_pixel_pct": 100.0, "priority_category": "HIGH PRIORITY", "threshold_type": "95th percentile prioritisation threshold", "recommendation": "Spectral-stress evidence detected. Prioritise field inspection to determine the underlying cause. Field verification required.", "priority_rank": 267}}, {"type": "Feature", "geometry": {"type": "Polygon", "coordinates": [[[552165.0, 1957605.0], [552165.0, 1957575.0], [552195.0, 1957575.0], [552195.0, 1957545.0], [552255.0, 1957545.0], [552255.0, 1957515.0], [552285.0, 1957515.0], [552285.0, 1957575.0], [552255.0, 1957575.0], [552255.0, 1957605.0], [552165.0, 1957605.0]]]}, "properties": {"zone_id": "scene_01_DT0000205230-Z0340", "scene": "scene_01_DT0000205230", "pixel_count": 9, "approx_area_m2": 8100.0, "centroid_x": 552210.0, "centroid_y": 1957583.3333333333, "mean_risk": 1.7535195350646973, "max_risk": 1.8132917881011963, "median_risk": 1.7704938650131226, "high_priority_pixel_pct": 100.0, "priority_category": "HIGH PRIORITY", "threshold_type": "95th percentile prioritisation threshold", "recommendation": "Spectral-stress evidence detected. Prioritise field inspection to determine the underlying cause. Field verification required.", "priority_rank": 389}}, {"type": "Feature", "geometry": {"type": "Polygon", "coordinates": [[[578655.0, 1957665.0], [578655.0, 1957635.0], [578565.0, 1957635.0], [578565.0, 1957605.0], [578505.0, 1957605.0], [578505.0, 1957545.0], [578475.0, 1957545.0], [578475.0, 1957485.0], [578505.0, 1957485.0], [578505.0, 1957425.0], [578535.0, 1957425.0], [578535.0, 1957335.0], [578565.0, 1957335.0], [578565.0, 1957275.0], [578535.0, 1957275.0], [578535.0, 1957305.0], [578445.0, 1957305.0], [578445.0, 1957335.0], [578385.0, 1957335.0], [578385.0, 1957365.0], [578355.0, 1957365.0], [578355.0, 1957395.0], [578295.0, 1957395.0], [578295.0, 1957365.0], [578235.0, 1957365.0], [578235.0, 1957305.0], [578205.0, 1957305.0], [578205.0, 1957275.0], [578175.0, 1957275.0], [578175.0, 1957215.0], [578115.0, 1957215.0], [578115.0, 1957335.0], [578055.0, 1957335.0], [578055.0, 1957365.0], [578025.0, 1957365.0], [578025.0, 1957335.0], [577965.0, 1957335.0], [577965.0, 1957275.0], [577935.0, 1957275.0], [577935.0, 1957125.0], [577965.0, 1957125.0], [577965.0, 1957095.0], [577935.0, 1957095.0], [577935.0, 1957065.0], [577965.0, 1957065.0], [577965.0, 1957005.0], [577995.0, 1957005.0], [577995.0, 1956945.0], [577965.0, 1956945.0], [577965.0, 1956915.0], [577995.0, 1956915.0], [577995.0, 1956855.0], [578055.0, 1956855.0], [578055.0, 1956915.0], [578115.0, 1956915.0], [578115.0, 1956825.0], [578145.0, 1956825.0], [578145.0, 1956705.0], [578265.0, 1956705.0], [578265.0, 1956675.0], [578295.0, 1956675.0], [578295.0, 1956705.0], [578325.0, 1956705.0], [578325.0, 1956615.0], [578355.0, 1956615.0], [578355.0, 1956435.0], [578385.0, 1956435.0], [578385.0, 1956405.0], [578415.0, 1956405.0], [578415.0, 1956285.0], [578535.0, 1956285.0], [578535.0, 1956255.0], [578565.0, 1956255.0], [578565.0, 1956225.0], [578595.0, 1956225.0], [578595.0, 1956255.0], [578625.0, 1956255.0], [578625.0, 1956345.0], [578685.0, 1956345.0], [578685.0, 1956465.0], [578715.0, 1956465.0], [578715.0, 1956495.0], [578685.0, 1956495.0], [578685.0, 1956525.0], [578655.0, 1956525.0], [578655.0, 1956555.0], [578625.0, 1956555.0], [578625.0, 1956615.0], [578655.0, 1956615.0], [578655.0, 1956645.0], [578685.0, 1956645.0], [578685.0, 1956705.0], [578655.0, 1956705.0], [578655.0, 1956825.0], [578775.0, 1956825.0], [578775.0, 1956945.0], [578805.0, 1956945.0], [578805.0, 1957005.0], [578745.0, 1957005.0], [578745.0, 1956975.0], [578715.0, 1956975.0], [578715.0, 1957095.0], [578685.0, 1957095.0], [578685.0, 1957155.0], [578715.0, 1957155.0], [578715.0, 1957215.0], [578685.0, 1957215.0], [578685.0, 1957335.0], [578715.0, 1957335.0], [578715.0, 1957365.0], [578685.0, 1957365.0], [578685.0, 1957425.0], [578775.0, 1957425.0], [578775.0, 1957575.0], [578805.0, 1957575.0], [578805.0, 1957605.0], [578775.0, 1957605.0], [578775.0, 1957635.0], [578685.0, 1957635.0], [578685.0, 1957665.0], [578655.0, 1957665.0]], [[578595.0, 1957215.0], [578625.0, 1957215.0], [578625.0, 1957185.0], [578595.0, 1957185.0], [578595.0, 1957215.0]], [[578085.0, 1957125.0], [578115.0, 1957125.0], [578115.0, 1957065.0], [578055.0, 1957065.0], [578055.0, 1957095.0], [578085.0, 1957095.0], [578085.0, 1957125.0]], [[578685.0, 1956915.0], [578715.0, 1956915.0], [578715.0, 1956855.0], [578685.0, 1956855.0], [578685.0, 1956915.0]], [[578505.0, 1956795.0], [578535.0, 1956795.0], [578535.0, 1956765.0], [578505.0, 1956765.0], [578505.0, 1956795.0]], [[578475.0, 1956645.0], [578505.0, 1956645.0], [578505.0, 1956585.0], [578475.0, 1956585.0], [578475.0, 1956645.0]]]}, "properties": {"zone_id": "scene_01_DT0000205230-Z0341", "scene": "scene_01_DT0000205230", "pixel_count": 701, "approx_area_m2": 630900.0, "centroid_x": 578423.0670470756, "centroid_y": 1956980.1569186875, "mean_risk": 2.2524163722991943, "max_risk": 3.205587863922119, "median_risk": 2.2342281341552734, "high_priority_pixel_pct": 100.0, "priority_category": "HIGH PRIORITY", "threshold_type": "95th percentile prioritisation threshold", "recommendation": "Spectral-stress evidence detected. Prioritise field inspection to determine the underlying cause. Field verification required.", "priority_rank": 66}}, {"type": "Feature", "geometry": {"type": "Polygon", "coordinates": [[[579135.0, 1957365.0], [579135.0, 1957335.0], [579105.0, 1957335.0], [579105.0, 1957215.0], [579075.0, 1957215.0], [579075.0, 1957185.0], [579015.0, 1957185.0], [579015.0, 1957155.0], [578985.0, 1957155.0], [578985.0, 1957125.0], [578955.0, 1957125.0], [578955.0, 1956945.0], [578925.0, 1956945.0], [578925.0, 1956915.0], [578955.0, 1956915.0], [578955.0, 1956855.0], [578925.0, 1956855.0], [578925.0, 1956765.0], [578895.0, 1956765.0], [578895.0, 1956705.0], [578925.0, 1956705.0], [578925.0, 1956555.0], [578895.0, 1956555.0], [578895.0, 1956465.0], [578955.0, 1956465.0], [578955.0, 1956495.0], [578985.0, 1956495.0], [578985.0, 1956525.0], [579015.0, 1956525.0], [579015.0, 1956675.0], [579075.0, 1956675.0], [579075.0, 1956735.0], [579105.0, 1956735.0], [579105.0, 1956765.0], [579135.0, 1956765.0], [579135.0, 1956855.0], [579075.0, 1956855.0], [579075.0, 1956885.0], [579045.0, 1956885.0], [579045.0, 1957035.0], [579135.0, 1957035.0], [579135.0, 1957125.0], [579165.0, 1957125.0], [579165.0, 1957215.0], [579195.0, 1957215.0], [579195.0, 1957245.0], [579165.0, 1957245.0], [579165.0, 1957365.0], [579135.0, 1957365.0]], [[579045.0, 1956825.0], [579105.0, 1956825.0], [579105.0, 1956765.0], [579075.0, 1956765.0], [579075.0, 1956795.0], [579045.0, 1956795.0], [579045.0, 1956825.0]]]}, "properties": {"zone_id": "scene_01_DT0000205230-Z0342", "scene": "scene_01_DT0000205230", "pixel_count": 144, "approx_area_m2": 129600.0, "centroid_x": 579029.1666666666, "centroid_y": 1956993.125, "mean_risk": 2.144167900085449, "max_risk": 3.2195191383361816, "median_risk": 2.0916128158569336, "high_priority_pixel_pct": 100.0, "priority_category": "HIGH PRIORITY", "threshold_type": "95th percentile prioritisation threshold", "recommendation": "Spectral-stress evidence detected. Prioritise field inspection to determine the underlying cause. Field verification required.", "priority_rank": 100}}, {"type": "Feature", "geometry": {"type": "Polygon", "coordinates": [[[549225.0, 1957605.0], [549225.0, 1957515.0], [549285.0, 1957515.0], [549285.0, 1957455.0], [549315.0, 1957455.0], [549315.0, 1957425.0], [549375.0, 1957425.0], [549375.0, 1957455.0], [549405.0, 1957455.0], [549405.0, 1957485.0], [549435.0, 1957485.0], [549435.0, 1957515.0], [549405.0, 1957515.0], [549405.0, 1957545.0], [549435.0, 1957545.0], [549435.0, 1957575.0], [549375.0, 1957575.0], [549375.0, 1957545.0], [549345.0, 1957545.0], [549345.0, 1957515.0], [549315.0, 1957515.0], [549315.0, 1957545.0], [549285.0, 1957545.0], [549285.0, 1957575.0], [549255.0, 1957575.0], [549255.0, 1957605.0], [549225.0, 1957605.0]]]}, "properties": {"zone_id": "scene_01_DT0000205230-Z0343", "scene": "scene_01_DT0000205230", "pixel_count": 21, "approx_area_m2": 18900.0, "centroid_x": 549332.8571428572, "centroid_y": 1957511.4285714286, "mean_risk": 1.7574148178100586, "max_risk": 1.8456087112426758, "median_risk": 1.759068250656128, "high_priority_pixel_pct": 100.0, "priority_category": "HIGH PRIORITY", "threshold_type": "95th percentile prioritisation threshold", "recommendation": "Spectral-stress evidence detected. Prioritise field inspection to determine the underlying cause. Field verification required.", "priority_rank": 387}}, {"type": "Feature", "geometry": {"type": "Polygon", "coordinates": [[[553695.0, 1957455.0], [553695.0, 1957425.0], [553665.0, 1957425.0], [553665.0, 1957395.0], [553635.0, 1957395.0], [553635.0, 1957365.0], [553575.0, 1957365.0], [553575.0, 1957305.0], [553545.0, 1957305.0], [553545.0, 1957275.0], [553575.0, 1957275.0], [553575.0, 1957185.0], [553485.0, 1957185.0], [553485.0, 1957155.0], [553455.0, 1957155.0], [553455.0, 1957125.0], [553425.0, 1957125.0], [553425.0, 1957155.0], [553395.0, 1957155.0], [553395.0, 1957185.0], [553335.0, 1957185.0], [553335.0, 1957155.0], [553365.0, 1957155.0], [553365.0, 1957095.0], [553395.0, 1957095.0], [553395.0, 1956975.0], [553545.0, 1956975.0], [553545.0, 1957035.0], [553605.0, 1957035.0], [553605.0, 1957095.0], [553575.0, 1957095.0], [553575.0, 1957155.0], [553635.0, 1957155.0], [553635.0, 1957185.0], [553605.0, 1957185.0], [553605.0, 1957245.0], [553665.0, 1957245.0], [553665.0, 1957305.0], [553755.0, 1957305.0], [553755.0, 1957335.0], [553815.0, 1957335.0], [553815.0, 1957365.0], [553785.0, 1957365.0], [553785.0, 1957395.0], [553755.0, 1957395.0], [553755.0, 1957455.0], [553695.0, 1957455.0]], [[553485.0, 1957095.0], [553515.0, 1957095.0], [553515.0, 1957065.0], [553485.0, 1957065.0], [553485.0, 1957095.0]]]}, "properties": {"zone_id": "scene_01_DT0000205230-Z0344", "scene": "scene_01_DT0000205230", "pixel_count": 104, "approx_area_m2": 93600.0, "centroid_x": 553544.1346153846, "centroid_y": 1957248.75, "mean_risk": 2.055338144302368, "max_risk": 2.6813600063323975, "median_risk": 1.9715932607650757, "high_priority_pixel_pct": 100.0, "priority_category": "HIGH PRIORITY", "threshold_type": "95th percentile prioritisation threshold", "recommendation": "Spectral-stress evidence detected. Prioritise field inspection to determine the underlying cause. Field verification required.", "priority_rank": 127}}, {"type": "Feature", "geometry": {"type": "Polygon", "coordinates": [[[553905.0, 1957425.0], [553905.0, 1957395.0], [553935.0, 1957395.0], [553935.0, 1957425.0], [553905.0, 1957425.0]]]}, "properties": {"zone_id": "scene_01_DT0000205230-Z0345", "scene": "scene_01_DT0000205230", "pixel_count": 11, "approx_area_m2": 9900.0, "centroid_x": 553887.2727272727, "centroid_y": 1957480.9090909092, "mean_risk": 1.8399440050125122, "max_risk": 2.0051846504211426, "median_risk": 1.859456181526184, "high_priority_pixel_pct": 100.0, "priority_category": "HIGH PRIORITY", "threshold_type": "95th percentile prioritisation threshold", "recommendation": "Spectral-stress evidence detected. Prioritise field inspection to determine the underlying cause. Field verification required.", "priority_rank": 292}}, {"type": "Feature", "geometry": {"type": "Polygon", "coordinates": [[[554505.0, 1957545.0], [554505.0, 1957515.0], [554415.0, 1957515.0], [554415.0, 1957485.0], [554385.0, 1957485.0], [554385.0, 1957425.0], [554355.0, 1957425.0], [554355.0, 1957395.0], [554385.0, 1957395.0], [554385.0, 1957335.0], [554355.0, 1957335.0], [554355.0, 1957185.0], [554385.0, 1957185.0], [554385.0, 1957155.0], [554415.0, 1957155.0], [554415.0, 1957125.0], [554445.0, 1957125.0], [554445.0, 1957065.0], [554475.0, 1957065.0], [554475.0, 1957005.0], [554565.0, 1957005.0], [554565.0, 1957065.0], [554505.0, 1957065.0], [554505.0, 1957155.0], [554565.0, 1957155.0], [554565.0, 1957125.0], [554595.0, 1957125.0], [554595.0, 1957185.0], [554685.0, 1957185.0], [554685.0, 1957215.0], [554715.0, 1957215.0], [554715.0, 1957275.0], [554655.0, 1957275.0], [554655.0, 1957305.0], [554625.0, 1957305.0], [554625.0, 1957335.0], [554595.0, 1957335.0], [554595.0, 1957455.0], [554565.0, 1957455.0], [554565.0, 1957485.0], [554535.0, 1957485.0], [554535.0, 1957545.0], [554505.0, 1957545.0]]]}, "properties": {"zone_id": "scene_01_DT0000205230-Z0346", "scene": "scene_01_DT0000205230", "pixel_count": 115, "approx_area_m2": 103500.0, "centroid_x": 554502.5217391305, "centroid_y": 1957287.1304347827, "mean_risk": 1.8546271324157715, "max_risk": 2.0794384479522705, "median_risk": 1.8537477254867554, "high_priority_pixel_pct": 100.0, "priority_category": "HIGH PRIORITY", "threshold_type": "95th percentile prioritisation threshold", "recommendation": "Spectral-stress evidence detected. Prioritise field inspection to determine the underlying cause. Field verification required.", "priority_rank": 279}}, {"type": "Feature", "geometry": {"type": "Polygon", "coordinates": [[[552315.0, 1957395.0], [552315.0, 1957365.0], [552345.0, 1957365.0], [552345.0, 1957335.0], [552315.0, 1957335.0], [552315.0, 1957305.0], [552435.0, 1957305.0], [552435.0, 1957335.0], [552405.0, 1957335.0], [552405.0, 1957395.0], [552315.0, 1957395.0]]]}, "properties": {"zone_id": "scene_01_DT0000205230-Z0347", "scene": "scene_01_DT0000205230", "pixel_count": 9, "approx_area_m2": 8100.0, "centroid_x": 552370.0, "centroid_y": 1957346.6666666667, "mean_risk": 1.7449275255203247, "max_risk": 1.8610999584197998, "median_risk": 1.7480096817016602, "high_priority_pixel_pct": 100.0, "priority_category": "HIGH PRIORITY", "threshold_type": "95th percentile prioritisation threshold", "recommendation": "Spectral-stress evidence detected. Prioritise field inspection to determine the underlying cause. Field verification required.", "priority_rank": 398}}, {"type": "Feature", "geometry": {"type": "Polygon", "coordinates": [[[549075.0, 1957365.0], [549075.0, 1957305.0], [549105.0, 1957305.0], [549105.0, 1957275.0], [549135.0, 1957275.0], [549135.0, 1957305.0], [549195.0, 1957305.0], [549195.0, 1957365.0], [549075.0, 1957365.0]]]}, "properties": {"zone_id": "scene_01_DT0000205230-Z0348", "scene": "scene_01_DT0000205230", "pixel_count": 9, "approx_area_m2": 8100.0, "centroid_x": 549133.3333333334, "centroid_y": 1957330.0, "mean_risk": 1.7372316122055054, "max_risk": 1.8739104270935059, "median_risk": 1.7075655460357666, "high_priority_pixel_pct": 100.0, "priority_category": "HIGH PRIORITY", "threshold_type": "95th percentile prioritisation threshold", "recommendation": "Spectral-stress evidence detected. Prioritise field inspection to determine the underlying cause. Field verification required.", "priority_rank": 408}}, {"type": "Feature", "geometry": {"type": "Polygon", "coordinates": [[[551835.0, 1957335.0], [551835.0, 1957305.0], [551805.0, 1957305.0], [551805.0, 1957185.0], [551775.0, 1957185.0], [551775.0, 1957155.0], [551805.0, 1957155.0], [551805.0, 1957125.0], [551865.0, 1957125.0], [551865.0, 1957155.0], [551895.0, 1957155.0], [551895.0, 1957185.0], [551865.0, 1957185.0], [551865.0, 1957335.0], [551835.0, 1957335.0]]]}, "properties": {"zone_id": "scene_01_DT0000205230-Z0349", "scene": "scene_01_DT0000205230", "pixel_count": 15, "approx_area_m2": 13500.0, "centroid_x": 551836.0, "centroid_y": 1957216.0, "mean_risk": 1.7482472658157349, "max_risk": 1.8273323774337769, "median_risk": 1.7443926334381104, "high_priority_pixel_pct": 100.0, "priority_category": "HIGH PRIORITY", "threshold_type": "95th percentile prioritisation threshold", "recommendation": "Spectral-stress evidence detected. Prioritise field inspection to determine the underlying cause. Field verification required.", "priority_rank": 395}}, {"type": "Feature", "geometry": {"type": "Polygon", "coordinates": [[[549315.0, 1957245.0], [549315.0, 1957185.0], [549255.0, 1957185.0], [549255.0, 1957155.0], [549225.0, 1957155.0], [549225.0, 1957125.0], [549165.0, 1957125.0], [549165.0, 1957065.0], [549195.0, 1957065.0], [549195.0, 1957035.0], [549165.0, 1957035.0], [549165.0, 1956975.0], [549225.0, 1956975.0], [549225.0, 1957035.0], [549255.0, 1957035.0], [549255.0, 1957095.0], [549285.0, 1957095.0], [549285.0, 1957125.0], [549315.0, 1957125.0], [549315.0, 1957155.0], [549345.0, 1957155.0], [549345.0, 1957215.0], [549375.0, 1957215.0], [549375.0, 1957245.0], [549315.0, 1957245.0]]]}, "properties": {"zone_id": "scene_01_DT0000205230-Z0350", "scene": "scene_01_DT0000205230", "pixel_count": 23, "approx_area_m2": 20700.0, "centroid_x": 549245.2173913043, "centroid_y": 1957106.0869565217, "mean_risk": 1.786218523979187, "max_risk": 1.9702041149139404, "median_risk": 1.7663240432739258, "high_priority_pixel_pct": 100.0, "priority_category": "HIGH PRIORITY", "threshold_type": "95th percentile prioritisation threshold", "recommendation": "Spectral-stress evidence detected. Prioritise field inspection to determine the underlying cause. Field verification required.", "priority_rank": 359}}, {"type": "Feature", "geometry": {"type": "Polygon", "coordinates": [[[551445.0, 1957245.0], [551445.0, 1957155.0], [551475.0, 1957155.0], [551475.0, 1957065.0], [551505.0, 1957065.0], [551505.0, 1957125.0], [551535.0, 1957125.0], [551535.0, 1957155.0], [551505.0, 1957155.0], [551505.0, 1957215.0], [551475.0, 1957215.0], [551475.0, 1957245.0], [551445.0, 1957245.0]]]}, "properties": {"zone_id": "scene_01_DT0000205230-Z0351", "scene": "scene_01_DT0000205230", "pixel_count": 10, "approx_area_m2": 9000.0, "centroid_x": 551478.0, "centroid_y": 1957158.0, "mean_risk": 1.7214925289154053, "max_risk": 1.7835769653320312, "median_risk": 1.7109267711639404, "high_priority_pixel_pct": 100.0, "priority_category": "HIGH PRIORITY", "threshold_type": "95th percentile prioritisation threshold", "recommendation": "Spectral-stress evidence detected. Prioritise field inspection to determine the underlying cause. Field verification required.", "priority_rank": 421}}, {"type": "Feature", "geometry": {"type": "Polygon", "coordinates": [[[565695.0, 1957185.0], [565695.0, 1957095.0], [565725.0, 1957095.0], [565725.0, 1957035.0], [565635.0, 1957035.0], [565635.0, 1957005.0], [565665.0, 1957005.0], [565665.0, 1956945.0], [565725.0, 1956945.0], [565725.0, 1956915.0], [565755.0, 1956915.0], [565755.0, 1956885.0], [565815.0, 1956885.0], [565815.0, 1956855.0], [565845.0, 1956855.0], [565845.0, 1956825.0], [565875.0, 1956825.0], [565875.0, 1956795.0], [565905.0, 1956795.0], [565905.0, 1956765.0], [565965.0, 1956765.0], [565965.0, 1956795.0], [566055.0, 1956795.0], [566055.0, 1956825.0], [566025.0, 1956825.0], [566025.0, 1956885.0], [565965.0, 1956885.0], [565965.0, 1956915.0], [565935.0, 1956915.0], [565935.0, 1956945.0], [565845.0, 1956945.0], [565845.0, 1956975.0], [565875.0, 1956975.0], [565875.0, 1957095.0], [565905.0, 1957095.0], [565905.0, 1957035.0], [565935.0, 1957035.0], [565935.0, 1957005.0], [565995.0, 1957005.0], [565995.0, 1957095.0], [565935.0, 1957095.0], [565935.0, 1957125.0], [565845.0, 1957125.0], [565845.0, 1957155.0], [565815.0, 1957155.0], [565815.0, 1957185.0], [565695.0, 1957185.0]]]}, "properties": {"zone_id": "scene_01_DT0000205230-Z0352", "scene": "scene_01_DT0000205230", "pixel_count": 91, "approx_area_m2": 81900.0, "centroid_x": 565840.8791208791, "centroid_y": 1956984.065934066, "mean_risk": 2.1057565212249756, "max_risk": 3.1522409915924072, "median_risk": 2.039893627166748, "high_priority_pixel_pct": 100.0, "priority_category": "HIGH PRIORITY", "threshold_type": "95th percentile prioritisation threshold", "recommendation": "Spectral-stress evidence detected. Prioritise field inspection to determine the underlying cause. Field verification required.", "priority_rank": 113}}, {"type": "Feature", "geometry": {"type": "Polygon", "coordinates": [[[565065.0, 1957095.0], [565065.0, 1957065.0], [565005.0, 1957065.0], [565005.0, 1956975.0], [565035.0, 1956975.0], [565035.0, 1956945.0], [565065.0, 1956945.0], [565065.0, 1957035.0], [565095.0, 1957035.0], [565095.0, 1956975.0], [565125.0, 1956975.0], [565125.0, 1956945.0], [565155.0, 1956945.0], [565155.0, 1956915.0], [565185.0, 1956915.0], [565185.0, 1956975.0], [565155.0, 1956975.0], [565155.0, 1957065.0], [565185.0, 1957065.0], [565185.0, 1957095.0], [565065.0, 1957095.0]]]}, "properties": {"zone_id": "scene_01_DT0000205230-Z0353", "scene": "scene_01_DT0000205230", "pixel_count": 21, "approx_area_m2": 18900.0, "centroid_x": 565098.5714285715, "centroid_y": 1957020.0, "mean_risk": 1.8295713663101196, "max_risk": 2.189812183380127, "median_risk": 1.7839820384979248, "high_priority_pixel_pct": 100.0, "priority_category": "HIGH PRIORITY", "threshold_type": "95th percentile prioritisation threshold", "recommendation": "Spectral-stress evidence detected. Prioritise field inspection to determine the underlying cause. Field verification required.", "priority_rank": 308}}, {"type": "Feature", "geometry": {"type": "Polygon", "coordinates": [[[549075.0, 1957035.0], [549075.0, 1956945.0], [549045.0, 1956945.0], [549045.0, 1956855.0], [549075.0, 1956855.0], [549075.0, 1956825.0], [549105.0, 1956825.0], [549105.0, 1956915.0], [549165.0, 1956915.0], [549165.0, 1956945.0], [549135.0, 1956945.0], [549135.0, 1957005.0], [549105.0, 1957005.0], [549105.0, 1957035.0], [549075.0, 1957035.0]]]}, "properties": {"zone_id": "scene_01_DT0000205230-Z0354", "scene": "scene_01_DT0000205230", "pixel_count": 14, "approx_area_m2": 12600.0, "centroid_x": 549094.2857142857, "centroid_y": 1956930.0, "mean_risk": 1.802099347114563, "max_risk": 1.9290469884872437, "median_risk": 1.78271484375, "high_priority_pixel_pct": 100.0, "priority_category": "HIGH PRIORITY", "threshold_type": "95th percentile prioritisation threshold", "recommendation": "Spectral-stress evidence detected. Prioritise field inspection to determine the underlying cause. Field verification required.", "priority_rank": 335}}, {"type": "Feature", "geometry": {"type": "Polygon", "coordinates": [[[566025.0, 1957035.0], [566025.0, 1956945.0], [566055.0, 1956945.0], [566055.0, 1956885.0], [566115.0, 1956885.0], [566115.0, 1956855.0], [566145.0, 1956855.0], [566145.0, 1956825.0], [566115.0, 1956825.0], [566115.0, 1956795.0], [566175.0, 1956795.0], [566175.0, 1956825.0], [566205.0, 1956825.0], [566205.0, 1956795.0], [566295.0, 1956795.0], [566295.0, 1956765.0], [566325.0, 1956765.0], [566325.0, 1956825.0], [566355.0, 1956825.0], [566355.0, 1956885.0], [566295.0, 1956885.0], [566295.0, 1956855.0], [566265.0, 1956855.0], [566265.0, 1956885.0], [566235.0, 1956885.0], [566235.0, 1956915.0], [566205.0, 1956915.0], [566205.0, 1956945.0], [566175.0, 1956945.0], [566175.0, 1957005.0], [566145.0, 1957005.0], [566145.0, 1957035.0], [566025.0, 1957035.0]]]}, "properties": {"zone_id": "scene_01_DT0000205230-Z0355", "scene": "scene_01_DT0000205230", "pixel_count": 47, "approx_area_m2": 42300.0, "centroid_x": 566175.3191489362, "centroid_y": 1956900.0, "mean_risk": 2.1372478008270264, "max_risk": 3.0674097537994385, "median_risk": 2.0206949710845947, "high_priority_pixel_pct": 100.0, "priority_category": "HIGH PRIORITY", "threshold_type": "95th percentile prioritisation threshold", "recommendation": "Spectral-stress evidence detected. Prioritise field inspection to determine the underlying cause. Field verification required.", "priority_rank": 104}}, {"type": "Feature", "geometry": {"type": "Polygon", "coordinates": [[[553455.0, 1956945.0], [553455.0, 1956915.0], [553425.0, 1956915.0], [553425.0, 1956825.0], [553395.0, 1956825.0], [553395.0, 1956735.0], [553425.0, 1956735.0], [553425.0, 1956645.0], [553455.0, 1956645.0], [553455.0, 1956615.0], [553485.0, 1956615.0], [553485.0, 1956675.0], [553455.0, 1956675.0], [553455.0, 1956735.0], [553485.0, 1956735.0], [553485.0, 1956945.0], [553455.0, 1956945.0]]]}, "properties": {"zone_id": "scene_01_DT0000205230-Z0356", "scene": "scene_01_DT0000205230", "pixel_count": 21, "approx_area_m2": 18900.0, "centroid_x": 553448.5714285715, "centroid_y": 1956787.142857143, "mean_risk": 2.0059728622436523, "max_risk": 2.4027955532073975, "median_risk": 1.9650613069534302, "high_priority_pixel_pct": 100.0, "priority_category": "HIGH PRIORITY", "threshold_type": "95th percentile prioritisation threshold", "recommendation": "Spectral-stress evidence detected. Prioritise field inspection to determine the underlying cause. Field verification required.", "priority_rank": 154}}, {"type": "Feature", "geometry": {"type": "Polygon", "coordinates": [[[548565.0, 1956795.0], [548565.0, 1956765.0], [548535.0, 1956765.0], [548535.0, 1956735.0], [548475.0, 1956735.0], [548475.0, 1956675.0], [548505.0, 1956675.0], [548505.0, 1956645.0], [548445.0, 1956645.0], [548445.0, 1956735.0], [548415.0, 1956735.0], [548415.0, 1956705.0], [548355.0, 1956705.0], [548355.0, 1956675.0], [548385.0, 1956675.0], [548385.0, 1956615.0], [548415.0, 1956615.0], [548415.0, 1956585.0], [548505.0, 1956585.0], [548505.0, 1956555.0], [548535.0, 1956555.0], [548535.0, 1956525.0], [548565.0, 1956525.0], [548565.0, 1956495.0], [548655.0, 1956495.0], [548655.0, 1956555.0], [548625.0, 1956555.0], [548625.0, 1956615.0], [548565.0, 1956615.0], [548565.0, 1956645.0], [548595.0, 1956645.0], [548595.0, 1956675.0], [548715.0, 1956675.0], [548715.0, 1956735.0], [548745.0, 1956735.0], [548745.0, 1956705.0], [548775.0, 1956705.0], [548775.0, 1956735.0], [548805.0, 1956735.0], [548805.0, 1956765.0], [548745.0, 1956765.0], [548745.0, 1956795.0], [548715.0, 1956795.0], [548715.0, 1956765.0], [548685.0, 1956765.0], [548685.0, 1956735.0], [548655.0, 1956735.0], [548655.0, 1956795.0], [548565.0, 1956795.0]]]}, "properties": {"zone_id": "scene_01_DT0000205230-Z0357", "scene": "scene_01_DT0000205230", "pixel_count": 70, "approx_area_m2": 63000.0, "centroid_x": 548546.5714285715, "centroid_y": 1956676.7142857143, "mean_risk": 1.808860182762146, "max_risk": 2.1344330310821533, "median_risk": 1.789570689201355, "high_priority_pixel_pct": 100.0, "priority_category": "HIGH PRIORITY", "threshold_type": "95th percentile prioritisation threshold", "recommendation": "Spectral-stress evidence detected. Prioritise field inspection to determine the underlying cause. Field verification required.", "priority_rank": 326}}, {"type": "Feature", "geometry": {"type": "Polygon", "coordinates": [[[553425.0, 1956495.0], [553425.0, 1956465.0], [553455.0, 1956465.0], [553455.0, 1956495.0], [553425.0, 1956495.0]]]}, "properties": {"zone_id": "scene_01_DT0000205230-Z0358", "scene": "scene_01_DT0000205230", "pixel_count": 26, "approx_area_m2": 23400.0, "centroid_x": 553318.8461538461, "centroid_y": 1956593.076923077, "mean_risk": 1.8992990255355835, "max_risk": 2.3544533252716064, "median_risk": 1.8831008672714233, "high_priority_pixel_pct": 100.0, "priority_category": "HIGH PRIORITY", "threshold_type": "95th percentile prioritisation threshold", "recommendation": "Spectral-stress evidence detected. Prioritise field inspection to determine the underlying cause. Field verification required.", "priority_rank": 245}}, {"type": "Feature", "geometry": {"type": "Polygon", "coordinates": [[[578175.0, 1956675.0], [578175.0, 1956495.0], [578295.0, 1956495.0], [578295.0, 1956585.0], [578265.0, 1956585.0], [578265.0, 1956555.0], [578205.0, 1956555.0], [578205.0, 1956585.0], [578235.0, 1956585.0], [578235.0, 1956615.0], [578205.0, 1956615.0], [578205.0, 1956675.0], [578175.0, 1956675.0]]]}, "properties": {"zone_id": "scene_01_DT0000205230-Z0359", "scene": "scene_01_DT0000205230", "pixel_count": 14, "approx_area_m2": 12600.0, "centroid_x": 578224.2857142857, "centroid_y": 1956559.2857142857, "mean_risk": 1.7997567653656006, "max_risk": 1.9228687286376953, "median_risk": 1.8180102109909058, "high_priority_pixel_pct": 100.0, "priority_category": "HIGH PRIORITY", "threshold_type": "95th percentile prioritisation threshold", "recommendation": "Spectral-stress evidence detected. Prioritise field inspection to determine the underlying cause. Field verification required.", "priority_rank": 338}}, {"type": "Feature", "geometry": {"type": "Polygon", "coordinates": [[[555675.0, 1956105.0], [555675.0, 1956045.0], [555705.0, 1956045.0], [555705.0, 1956105.0], [555675.0, 1956105.0]]]}, "properties": {"zone_id": "scene_01_DT0000205230-Z0360", "scene": "scene_01_DT0000205230", "pixel_count": 60, "approx_area_m2": 54000.0, "centroid_x": 555559.5, "centroid_y": 1956314.5, "mean_risk": 1.781980276107788, "max_risk": 2.062358856201172, "median_risk": 1.7617061138153076, "high_priority_pixel_pct": 100.0, "priority_category": "HIGH PRIORITY", "threshold_type": "95th percentile prioritisation threshold", "recommendation": "Spectral-stress evidence detected. Prioritise field inspection to determine the underlying cause. Field verification required.", "priority_rank": 365}}, {"type": "Feature", "geometry": {"type": "Polygon", "coordinates": [[[565725.0, 1956615.0], [565725.0, 1956525.0], [565755.0, 1956525.0], [565755.0, 1956495.0], [565785.0, 1956495.0], [565785.0, 1956465.0], [565815.0, 1956465.0], [565815.0, 1956495.0], [565845.0, 1956495.0], [565845.0, 1956585.0], [565815.0, 1956585.0], [565815.0, 1956615.0], [565725.0, 1956615.0]]]}, "properties": {"zone_id": "scene_01_DT0000205230-Z0361", "scene": "scene_01_DT0000205230", "pixel_count": 15, "approx_area_m2": 13500.0, "centroid_x": 565786.0, "centroid_y": 1956550.0, "mean_risk": 1.889670729637146, "max_risk": 2.2528040409088135, "median_risk": 1.8223628997802734, "high_priority_pixel_pct": 100.0, "priority_category": "HIGH PRIORITY", "threshold_type": "95th percentile prioritisation threshold", "recommendation": "Spectral-stress evidence detected. Prioritise field inspection to determine the underlying cause. Field verification required.", "priority_rank": 252}}, {"type": "Feature", "geometry": {"type": "Polygon", "coordinates": [[[554025.0, 1956555.0], [554025.0, 1956525.0], [553995.0, 1956525.0], [553995.0, 1956435.0], [554055.0, 1956435.0], [554055.0, 1956405.0], [554085.0, 1956405.0], [554085.0, 1956555.0], [554025.0, 1956555.0]]]}, "properties": {"zone_id": "scene_01_DT0000205230-Z0362", "scene": "scene_01_DT0000205230", "pixel_count": 12, "approx_area_m2": 10800.0, "centroid_x": 554045.0, "centroid_y": 1956485.0, "mean_risk": 1.7914719581604004, "max_risk": 1.9157726764678955, "median_risk": 1.8303065299987793, "high_priority_pixel_pct": 100.0, "priority_category": "HIGH PRIORITY", "threshold_type": "95th percentile prioritisation threshold", "recommendation": "Spectral-stress evidence detected. Prioritise field inspection to determine the underlying cause. Field verification required.", "priority_rank": 352}}, {"type": "Feature", "geometry": {"type": "Polygon", "coordinates": [[[565905.0, 1956525.0], [565905.0, 1956495.0], [565875.0, 1956495.0], [565875.0, 1956465.0], [565845.0, 1956465.0], [565845.0, 1956435.0], [565905.0, 1956435.0], [565905.0, 1956405.0], [565965.0, 1956405.0], [565965.0, 1956375.0], [565995.0, 1956375.0], [565995.0, 1956495.0], [565965.0, 1956495.0], [565965.0, 1956525.0], [565905.0, 1956525.0]]]}, "properties": {"zone_id": "scene_01_DT0000205230-Z0363", "scene": "scene_01_DT0000205230", "pixel_count": 15, "approx_area_m2": 13500.0, "centroid_x": 565936.0, "centroid_y": 1956456.0, "mean_risk": 1.818398118019104, "max_risk": 2.0109643936157227, "median_risk": 1.8127574920654297, "high_priority_pixel_pct": 100.0, "priority_category": "HIGH PRIORITY", "threshold_type": "95th percentile prioritisation threshold", "recommendation": "Spectral-stress evidence detected. Prioritise field inspection to determine the underlying cause. Field verification required.", "priority_rank": 321}}, {"type": "Feature", "geometry": {"type": "Polygon", "coordinates": [[[553185.0, 1956375.0], [553185.0, 1956345.0], [553155.0, 1956345.0], [553155.0, 1956285.0], [553185.0, 1956285.0], [553185.0, 1956135.0], [553215.0, 1956135.0], [553215.0, 1956195.0], [553245.0, 1956195.0], [553245.0, 1956225.0], [553305.0, 1956225.0], [553305.0, 1956195.0], [553335.0, 1956195.0], [553335.0, 1956255.0], [553305.0, 1956255.0], [553305.0, 1956345.0], [553275.0, 1956345.0], [553275.0, 1956315.0], [553215.0, 1956315.0], [553215.0, 1956375.0], [553185.0, 1956375.0]]]}, "properties": {"zone_id": "scene_01_DT0000205230-Z0364", "scene": "scene_01_DT0000205230", "pixel_count": 39, "approx_area_m2": 35100.0, "centroid_x": 553282.3076923077, "centroid_y": 1956319.2307692308, "mean_risk": 1.9793951511383057, "max_risk": 2.402418613433838, "median_risk": 1.9323139190673828, "high_priority_pixel_pct": 100.0, "priority_category": "HIGH PRIORITY", "threshold_type": "95th percentile prioritisation threshold", "recommendation": "Spectral-stress evidence detected. Prioritise field inspection to determine the underlying cause. Field verification required.", "priority_rank": 174}}, {"type": "Feature", "geometry": {"type": "Polygon", "coordinates": [[[554955.0, 1955595.0], [554955.0, 1955565.0], [554985.0, 1955565.0], [554985.0, 1955535.0], [555015.0, 1955535.0], [555015.0, 1955505.0], [555045.0, 1955505.0], [555045.0, 1955475.0], [555075.0, 1955475.0], [555075.0, 1955535.0], [555045.0, 1955535.0], [555045.0, 1955595.0], [554955.0, 1955595.0]]]}, "properties": {"zone_id": "scene_01_DT0000205230-Z0365", "scene": "scene_01_DT0000205230", "pixel_count": 232, "approx_area_m2": 208800.0, "centroid_x": 554795.5603448276, "centroid_y": 1955896.0344827587, "mean_risk": 1.888846516609192, "max_risk": 2.1549079418182373, "median_risk": 1.8982908725738525, "high_priority_pixel_pct": 100.0, "priority_category": "HIGH PRIORITY", "threshold_type": "95th percentile prioritisation threshold", "recommendation": "Spectral-stress evidence detected. Prioritise field inspection to determine the underlying cause. Field verification required.", "priority_rank": 254}}, {"type": "Feature", "geometry": {"type": "Polygon", "coordinates": [[[559635.0, 1956345.0], [559635.0, 1956255.0], [559755.0, 1956255.0], [559755.0, 1956285.0], [559785.0, 1956285.0], [559785.0, 1956255.0], [559845.0, 1956255.0], [559845.0, 1956225.0], [559905.0, 1956225.0], [559905.0, 1956255.0], [559875.0, 1956255.0], [559875.0, 1956315.0], [559845.0, 1956315.0], [559845.0, 1956345.0], [559785.0, 1956345.0], [559785.0, 1956315.0], [559725.0, 1956315.0], [559725.0, 1956345.0], [559695.0, 1956345.0], [559695.0, 1956315.0], [559665.0, 1956315.0], [559665.0, 1956345.0], [559635.0, 1956345.0]]]}, "properties": {"zone_id": "scene_01_DT0000205230-Z0366", "scene": "scene_01_DT0000205230", "pixel_count": 22, "approx_area_m2": 19800.0, "centroid_x": 559760.4545454546, "centroid_y": 1956293.1818181819, "mean_risk": 1.7437832355499268, "max_risk": 1.9809283018112183, "median_risk": 1.7014915943145752, "high_priority_pixel_pct": 100.0, "priority_category": "HIGH PRIORITY", "threshold_type": "95th percentile prioritisation threshold", "recommendation": "Spectral-stress evidence detected. Prioritise field inspection to determine the underlying cause. Field verification required.", "priority_rank": 402}}, {"type": "Feature", "geometry": {"type": "Polygon", "coordinates": [[[553005.0, 1956225.0], [553005.0, 1956195.0], [552975.0, 1956195.0], [552975.0, 1956135.0], [552915.0, 1956135.0], [552915.0, 1956105.0], [552855.0, 1956105.0], [552855.0, 1956075.0], [552945.0, 1956075.0], [552945.0, 1956105.0], [553005.0, 1956105.0], [553005.0, 1956045.0], [553035.0, 1956045.0], [553035.0, 1956105.0], [553065.0, 1956105.0], [553065.0, 1956225.0], [553005.0, 1956225.0]]]}, "properties": {"zone_id": "scene_01_DT0000205230-Z0367", "scene": "scene_01_DT0000205230", "pixel_count": 18, "approx_area_m2": 16200.0, "centroid_x": 552993.3333333334, "centroid_y": 1956135.0, "mean_risk": 1.731948971748352, "max_risk": 1.8324856758117676, "median_risk": 1.7224650382995605, "high_priority_pixel_pct": 100.0, "priority_category": "HIGH PRIORITY", "threshold_type": "95th percentile prioritisation threshold", "recommendation": "Spectral-stress evidence detected. Prioritise field inspection to determine the underlying cause. Field verification required.", "priority_rank": 416}}, {"type": "Feature", "geometry": {"type": "Polygon", "coordinates": [[[555285.0, 1956165.0], [555285.0, 1956135.0], [555255.0, 1956135.0], [555255.0, 1956105.0], [555285.0, 1956105.0], [555285.0, 1956075.0], [555375.0, 1956075.0], [555375.0, 1956045.0], [555345.0, 1956045.0], [555345.0, 1956015.0], [555315.0, 1956015.0], [555315.0, 1955925.0], [555285.0, 1955925.0], [555285.0, 1955985.0], [555255.0, 1955985.0], [555255.0, 1956015.0], [555225.0, 1956015.0], [555225.0, 1955955.0], [555195.0, 1955955.0], [555195.0, 1955925.0], [555165.0, 1955925.0], [555165.0, 1955835.0], [555195.0, 1955835.0], [555195.0, 1955805.0], [555225.0, 1955805.0], [555225.0, 1955835.0], [555255.0, 1955835.0], [555255.0, 1955805.0], [555285.0, 1955805.0], [555285.0, 1955775.0], [555315.0, 1955775.0], [555315.0, 1955745.0], [555375.0, 1955745.0], [555375.0, 1955715.0], [555405.0, 1955715.0], [555405.0, 1955655.0], [555435.0, 1955655.0], [555435.0, 1955685.0], [555465.0, 1955685.0], [555465.0, 1955655.0], [555495.0, 1955655.0], [555495.0, 1955715.0], [555465.0, 1955715.0], [555465.0, 1955775.0], [555435.0, 1955775.0], [555435.0, 1955835.0], [555405.0, 1955835.0], [555405.0, 1955895.0], [555375.0, 1955895.0], [555375.0, 1955955.0], [555405.0, 1955955.0], [555405.0, 1955985.0], [555435.0, 1955985.0], [555435.0, 1955955.0], [555465.0, 1955955.0], [555465.0, 1956015.0], [555435.0, 1956015.0], [555435.0, 1956105.0], [555375.0, 1956105.0], [555375.0, 1956135.0], [555315.0, 1956135.0], [555315.0, 1956165.0], [555285.0, 1956165.0]], [[555315.0, 1955925.0], [555345.0, 1955925.0], [555345.0, 1955895.0], [555315.0, 1955895.0], [555315.0, 1955925.0]]]}, "properties": {"zone_id": "scene_01_DT0000205230-Z0368", "scene": "scene_01_DT0000205230", "pixel_count": 79, "approx_area_m2": 71100.0, "centroid_x": 555337.2151898735, "centroid_y": 1955901.6455696202, "mean_risk": 1.7759888172149658, "max_risk": 1.9129515886306763, "median_risk": 1.7833454608917236, "high_priority_pixel_pct": 100.0, "priority_category": "HIGH PRIORITY", "threshold_type": "95th percentile prioritisation threshold", "recommendation": "Spectral-stress evidence detected. Prioritise field inspection to determine the underlying cause. Field verification required.", "priority_rank": 371}}, {"type": "Feature", "geometry": {"type": "Polygon", "coordinates": [[[566565.0, 1956165.0], [566565.0, 1956135.0], [566475.0, 1956135.0], [566475.0, 1956105.0], [566415.0, 1956105.0], [566415.0, 1956075.0], [566385.0, 1956075.0], [566385.0, 1956045.0], [566355.0, 1956045.0], [566355.0, 1955895.0], [566325.0, 1955895.0], [566325.0, 1955925.0], [566265.0, 1955925.0], [566265.0, 1955955.0], [566205.0, 1955955.0], [566205.0, 1956015.0], [566235.0, 1956015.0], [566235.0, 1955985.0], [566265.0, 1955985.0], [566265.0, 1956075.0], [566235.0, 1956075.0], [566235.0, 1956105.0], [566175.0, 1956105.0], [566175.0, 1955985.0], [566145.0, 1955985.0], [566145.0, 1955925.0], [566055.0, 1955925.0], [566055.0, 1955895.0], [566025.0, 1955895.0], [566025.0, 1955865.0], [566115.0, 1955865.0], [566115.0, 1955895.0], [566145.0, 1955895.0], [566145.0, 1955865.0], [566235.0, 1955865.0], [566235.0, 1955835.0], [566205.0, 1955835.0], [566205.0, 1955805.0], [566235.0, 1955805.0], [566235.0, 1955775.0], [566205.0, 1955775.0], [566205.0, 1955715.0], [566235.0, 1955715.0], [566235.0, 1955685.0], [566265.0, 1955685.0], [566265.0, 1955655.0], [566355.0, 1955655.0], [566355.0, 1955565.0], [566385.0, 1955565.0], [566385.0, 1955685.0], [566415.0, 1955685.0], [566415.0, 1955655.0], [566445.0, 1955655.0], [566445.0, 1955595.0], [566505.0, 1955595.0], [566505.0, 1955565.0], [566535.0, 1955565.0], [566535.0, 1955445.0], [566595.0, 1955445.0], [566595.0, 1955415.0], [566805.0, 1955415.0], [566805.0, 1955445.0], [566835.0, 1955445.0], [566835.0, 1955505.0], [566865.0, 1955505.0], [566865.0, 1955535.0], [566835.0, 1955535.0], [566835.0, 1955565.0], [566865.0, 1955565.0], [566865.0, 1955595.0], [566895.0, 1955595.0], [566895.0, 1955625.0], [566925.0, 1955625.0], [566925.0, 1955595.0], [566985.0, 1955595.0], [566985.0, 1955625.0], [566955.0, 1955625.0], [566955.0, 1955655.0], [566925.0, 1955655.0], [566925.0, 1955715.0], [566955.0, 1955715.0], [566955.0, 1955835.0], [566925.0, 1955835.0], [566925.0, 1955865.0], [566895.0, 1955865.0], [566895.0, 1955955.0], [566865.0, 1955955.0], [566865.0, 1956075.0], [566805.0, 1956075.0], [566805.0, 1956105.0], [566715.0, 1956105.0], [566715.0, 1956135.0], [566625.0, 1956135.0], [566625.0, 1956165.0], [566565.0, 1956165.0]], [[566235.0, 1955895.0], [566265.0, 1955895.0], [566265.0, 1955865.0], [566235.0, 1955865.0], [566235.0, 1955895.0]]]}, "properties": {"zone_id": "scene_01_DT0000205230-Z0369", "scene": "scene_01_DT0000205230", "pixel_count": 441, "approx_area_m2": 396900.0, "centroid_x": 566587.2789115646, "centroid_y": 1955804.9659863946, "mean_risk": 2.922233819961548, "max_risk": 5.3697614669799805, "median_risk": 2.8366360664367676, "high_priority_pixel_pct": 100.0, "priority_category": "HIGH PRIORITY", "threshold_type": "95th percentile prioritisation threshold", "recommendation": "Spectral-stress evidence detected. Prioritise field inspection to determine the underlying cause. Field verification required.", "priority_rank": 8}}, {"type": "Feature", "geometry": {"type": "Polygon", "coordinates": [[[566055.0, 1956135.0], [566055.0, 1956105.0], [566025.0, 1956105.0], [566025.0, 1956015.0], [566085.0, 1956015.0], [566085.0, 1956045.0], [566115.0, 1956045.0], [566115.0, 1956075.0], [566085.0, 1956075.0], [566085.0, 1956105.0], [566115.0, 1956105.0], [566115.0, 1956135.0], [566055.0, 1956135.0]]]}, "properties": {"zone_id": "scene_01_DT0000205230-Z0370", "scene": "scene_01_DT0000205230", "pixel_count": 9, "approx_area_m2": 8100.0, "centroid_x": 566066.6666666666, "centroid_y": 1956073.3333333333, "mean_risk": 1.9050496816635132, "max_risk": 2.1230032444000244, "median_risk": 1.9465850591659546, "high_priority_pixel_pct": 100.0, "priority_category": "HIGH PRIORITY", "threshold_type": "95th percentile prioritisation threshold", "recommendation": "Spectral-stress evidence detected. Prioritise field inspection to determine the underlying cause. Field verification required.", "priority_rank": 239}}, {"type": "Feature", "geometry": {"type": "Polygon", "coordinates": [[[553365.0, 1956045.0], [553365.0, 1955985.0], [553305.0, 1955985.0], [553305.0, 1955865.0], [553275.0, 1955865.0], [553275.0, 1955835.0], [553305.0, 1955835.0], [553305.0, 1955775.0], [553425.0, 1955775.0], [553425.0, 1955985.0], [553395.0, 1955985.0], [553395.0, 1956045.0], [553365.0, 1956045.0]]]}, "properties": {"zone_id": "scene_01_DT0000205230-Z0371", "scene": "scene_01_DT0000205230", "pixel_count": 31, "approx_area_m2": 27900.0, "centroid_x": 553363.5483870967, "centroid_y": 1955887.7419354839, "mean_risk": 1.7967109680175781, "max_risk": 1.9963202476501465, "median_risk": 1.7961876392364502, "high_priority_pixel_pct": 100.0, "priority_category": "HIGH PRIORITY", "threshold_type": "95th percentile prioritisation threshold", "recommendation": "Spectral-stress evidence detected. Prioritise field inspection to determine the underlying cause. Field verification required.", "priority_rank": 343}}, {"type": "Feature", "geometry": {"type": "Polygon", "coordinates": [[[554595.0, 1955955.0], [554595.0, 1955925.0], [554565.0, 1955925.0], [554565.0, 1955865.0], [554535.0, 1955865.0], [554535.0, 1955835.0], [554505.0, 1955835.0], [554505.0, 1955865.0], [554475.0, 1955865.0], [554475.0, 1955925.0], [554415.0, 1955925.0], [554415.0, 1955865.0], [554385.0, 1955865.0], [554385.0, 1955715.0], [554415.0, 1955715.0], [554415.0, 1955745.0], [554445.0, 1955745.0], [554445.0, 1955805.0], [554535.0, 1955805.0], [554535.0, 1955775.0], [554565.0, 1955775.0], [554565.0, 1955745.0], [554595.0, 1955745.0], [554595.0, 1955835.0], [554625.0, 1955835.0], [554625.0, 1955895.0], [554655.0, 1955895.0], [554655.0, 1955925.0], [554625.0, 1955925.0], [554625.0, 1955955.0], [554595.0, 1955955.0]]]}, "properties": {"zone_id": "scene_01_DT0000205230-Z0372", "scene": "scene_01_DT0000205230", "pixel_count": 32, "approx_area_m2": 28800.0, "centroid_x": 554504.0625, "centroid_y": 1955839.6875, "mean_risk": 1.7072348594665527, "max_risk": 1.819406270980835, "median_risk": 1.7042279243469238, "high_priority_pixel_pct": 100.0, "priority_category": "HIGH PRIORITY", "threshold_type": "95th percentile prioritisation threshold", "recommendation": "Spectral-stress evidence detected. Prioritise field inspection to determine the underlying cause. Field verification required.", "priority_rank": 431}}, {"type": "Feature", "geometry": {"type": "Polygon", "coordinates": [[[548055.0, 1955805.0], [548055.0, 1955685.0], [548235.0, 1955685.0], [548235.0, 1955655.0], [548265.0, 1955655.0], [548265.0, 1955715.0], [548235.0, 1955715.0], [548235.0, 1955775.0], [548205.0, 1955775.0], [548205.0, 1955805.0], [548115.0, 1955805.0], [548115.0, 1955775.0], [548085.0, 1955775.0], [548085.0, 1955805.0], [548055.0, 1955805.0]]]}, "properties": {"zone_id": "scene_01_DT0000205230-Z0373", "scene": "scene_01_DT0000205230", "pixel_count": 24, "approx_area_m2": 21600.0, "centroid_x": 548152.5, "centroid_y": 1955736.25, "mean_risk": 1.8006035089492798, "max_risk": 1.916169285774231, "median_risk": 1.7974436283111572, "high_priority_pixel_pct": 100.0, "priority_category": "HIGH PRIORITY", "threshold_type": "95th percentile prioritisation threshold", "recommendation": "Spectral-stress evidence detected. Prioritise field inspection to determine the underlying cause. Field verification required.", "priority_rank": 337}}, {"type": "Feature", "geometry": {"type": "Polygon", "coordinates": [[[555195.0, 1955715.0], [555195.0, 1955685.0], [555165.0, 1955685.0], [555165.0, 1955655.0], [555135.0, 1955655.0], [555135.0, 1955625.0], [555285.0, 1955625.0], [555285.0, 1955655.0], [555255.0, 1955655.0], [555255.0, 1955715.0], [555195.0, 1955715.0]]]}, "properties": {"zone_id": "scene_01_DT0000205230-Z0374", "scene": "scene_01_DT0000205230", "pixel_count": 10, "approx_area_m2": 9000.0, "centroid_x": 555213.0, "centroid_y": 1955661.0, "mean_risk": 1.8331527709960938, "max_risk": 2.028568744659424, "median_risk": 1.837028980255127, "high_priority_pixel_pct": 100.0, "priority_category": "HIGH PRIORITY", "threshold_type": "95th percentile prioritisation threshold", "recommendation": "Spectral-stress evidence detected. Prioritise field inspection to determine the underlying cause. Field verification required.", "priority_rank": 305}}, {"type": "Feature", "geometry": {"type": "Polygon", "coordinates": [[[549345.0, 1955205.0], [549345.0, 1955085.0], [549405.0, 1955085.0], [549405.0, 1955115.0], [549435.0, 1955115.0], [549435.0, 1955175.0], [549405.0, 1955175.0], [549405.0, 1955205.0], [549345.0, 1955205.0]]]}, "properties": {"zone_id": "scene_01_DT0000205230-Z0375", "scene": "scene_01_DT0000205230", "pixel_count": 10, "approx_area_m2": 9000.0, "centroid_x": 549384.0, "centroid_y": 1955145.0, "mean_risk": 1.7478986978530884, "max_risk": 1.8429193496704102, "median_risk": 1.7401812076568604, "high_priority_pixel_pct": 100.0, "priority_category": "HIGH PRIORITY", "threshold_type": "95th percentile prioritisation threshold", "recommendation": "Spectral-stress evidence detected. Prioritise field inspection to determine the underlying cause. Field verification required.", "priority_rank": 396}}, {"type": "Feature", "geometry": {"type": "Polygon", "coordinates": [[[576345.0, 1954965.0], [576345.0, 1954875.0], [576315.0, 1954875.0], [576315.0, 1954815.0], [576375.0, 1954815.0], [576375.0, 1954875.0], [576405.0, 1954875.0], [576405.0, 1954935.0], [576375.0, 1954935.0], [576375.0, 1954965.0], [576345.0, 1954965.0]]]}, "properties": {"zone_id": "scene_01_DT0000205230-Z0376", "scene": "scene_01_DT0000205230", "pixel_count": 9, "approx_area_m2": 8100.0, "centroid_x": 576360.0, "centroid_y": 1954883.3333333333, "mean_risk": 1.7170559167861938, "max_risk": 1.7668626308441162, "median_risk": 1.7099628448486328, "high_priority_pixel_pct": 100.0, "priority_category": "HIGH PRIORITY", "threshold_type": "95th percentile prioritisation threshold", "recommendation": "Spectral-stress evidence detected. Prioritise field inspection to determine the underlying cause. Field verification required.", "priority_rank": 423}}, {"type": "Feature", "geometry": {"type": "Polygon", "coordinates": [[[576135.0, 1954905.0], [576135.0, 1954875.0], [576105.0, 1954875.0], [576105.0, 1954695.0], [576135.0, 1954695.0], [576135.0, 1954665.0], [576165.0, 1954665.0], [576165.0, 1954635.0], [576255.0, 1954635.0], [576255.0, 1954605.0], [576285.0, 1954605.0], [576285.0, 1954665.0], [576255.0, 1954665.0], [576255.0, 1954725.0], [576225.0, 1954725.0], [576225.0, 1954785.0], [576195.0, 1954785.0], [576195.0, 1954875.0], [576165.0, 1954875.0], [576165.0, 1954905.0], [576135.0, 1954905.0]]]}, "properties": {"zone_id": "scene_01_DT0000205230-Z0377", "scene": "scene_01_DT0000205230", "pixel_count": 33, "approx_area_m2": 29700.0, "centroid_x": 576175.4545454546, "centroid_y": 1954751.8181818181, "mean_risk": 1.763501763343811, "max_risk": 1.8760483264923096, "median_risk": 1.7518521547317505, "high_priority_pixel_pct": 100.0, "priority_category": "HIGH PRIORITY", "threshold_type": "95th percentile prioritisation threshold", "recommendation": "Spectral-stress evidence detected. Prioritise field inspection to determine the underlying cause. Field verification required.", "priority_rank": 380}}, {"type": "Feature", "geometry": {"type": "Polygon", "coordinates": [[[553215.0, 1954665.0], [553215.0, 1954605.0], [553185.0, 1954605.0], [553185.0, 1954545.0], [553155.0, 1954545.0], [553155.0, 1954485.0], [553185.0, 1954485.0], [553185.0, 1954515.0], [553275.0, 1954515.0], [553275.0, 1954545.0], [553305.0, 1954545.0], [553305.0, 1954575.0], [553275.0, 1954575.0], [553275.0, 1954635.0], [553335.0, 1954635.0], [553335.0, 1954665.0], [553215.0, 1954665.0]]]}, "properties": {"zone_id": "scene_01_DT0000205230-Z0378", "scene": "scene_01_DT0000205230", "pixel_count": 20, "approx_area_m2": 18000.0, "centroid_x": 553251.0, "centroid_y": 1954585.5, "mean_risk": 1.7423388957977295, "max_risk": 1.8331787586212158, "median_risk": 1.7426750659942627, "high_priority_pixel_pct": 100.0, "priority_category": "HIGH PRIORITY", "threshold_type": "95th percentile prioritisation threshold", "recommendation": "Spectral-stress evidence detected. Prioritise field inspection to determine the underlying cause. Field verification required.", "priority_rank": 405}}, {"type": "Feature", "geometry": {"type": "Polygon", "coordinates": [[[555285.0, 1954545.0], [555285.0, 1954515.0], [555255.0, 1954515.0], [555255.0, 1954485.0], [555225.0, 1954485.0], [555225.0, 1954515.0], [555195.0, 1954515.0], [555195.0, 1954455.0], [555255.0, 1954455.0], [555255.0, 1954365.0], [555285.0, 1954365.0], [555285.0, 1954395.0], [555315.0, 1954395.0], [555315.0, 1954425.0], [555285.0, 1954425.0], [555285.0, 1954455.0], [555315.0, 1954455.0], [555315.0, 1954545.0], [555285.0, 1954545.0]]]}, "properties": {"zone_id": "scene_01_DT0000205230-Z0379", "scene": "scene_01_DT0000205230", "pixel_count": 12, "approx_area_m2": 10800.0, "centroid_x": 555267.5, "centroid_y": 1954462.5, "mean_risk": 1.7860215902328491, "max_risk": 1.965448021888733, "median_risk": 1.7718520164489746, "high_priority_pixel_pct": 100.0, "priority_category": "HIGH PRIORITY", "threshold_type": "95th percentile prioritisation threshold", "recommendation": "Spectral-stress evidence detected. Prioritise field inspection to determine the underlying cause. Field verification required.", "priority_rank": 361}}, {"type": "Feature", "geometry": {"type": "Polygon", "coordinates": [[[555615.0, 1954185.0], [555615.0, 1954125.0], [555645.0, 1954125.0], [555645.0, 1954185.0], [555615.0, 1954185.0]]]}, "properties": {"zone_id": "scene_01_DT0000205230-Z0380", "scene": "scene_01_DT0000205230", "pixel_count": 26, "approx_area_m2": 23400.0, "centroid_x": 555568.8461538461, "centroid_y": 1954338.4615384615, "mean_risk": 1.8965721130371094, "max_risk": 2.222581386566162, "median_risk": 1.9064682722091675, "high_priority_pixel_pct": 100.0, "priority_category": "HIGH PRIORITY", "threshold_type": "95th percentile prioritisation threshold", "recommendation": "Spectral-stress evidence detected. Prioritise field inspection to determine the underlying cause. Field verification required.", "priority_rank": 248}}, {"type": "Feature", "geometry": {"type": "Polygon", "coordinates": [[[576375.0, 1954515.0], [576375.0, 1954425.0], [576345.0, 1954425.0], [576345.0, 1954395.0], [576315.0, 1954395.0], [576315.0, 1954335.0], [576285.0, 1954335.0], [576285.0, 1954305.0], [576345.0, 1954305.0], [576345.0, 1954275.0], [576315.0, 1954275.0], [576315.0, 1954245.0], [576375.0, 1954245.0], [576375.0, 1954305.0], [576405.0, 1954305.0], [576405.0, 1954515.0], [576375.0, 1954515.0]]]}, "properties": {"zone_id": "scene_01_DT0000205230-Z0381", "scene": "scene_01_DT0000205230", "pixel_count": 18, "approx_area_m2": 16200.0, "centroid_x": 576361.6666666666, "centroid_y": 1954361.6666666667, "mean_risk": 1.7319047451019287, "max_risk": 1.9099318981170654, "median_risk": 1.7146577835083008, "high_priority_pixel_pct": 100.0, "priority_category": "HIGH PRIORITY", "threshold_type": "95th percentile prioritisation threshold", "recommendation": "Spectral-stress evidence detected. Prioritise field inspection to determine the underlying cause. Field verification required.", "priority_rank": 417}}, {"type": "Feature", "geometry": {"type": "Polygon", "coordinates": [[[552615.0, 1954395.0], [552615.0, 1954365.0], [552675.0, 1954365.0], [552675.0, 1954335.0], [552555.0, 1954335.0], [552555.0, 1954245.0], [552585.0, 1954245.0], [552585.0, 1954275.0], [552615.0, 1954275.0], [552615.0, 1954305.0], [552645.0, 1954305.0], [552645.0, 1954275.0], [552675.0, 1954275.0], [552675.0, 1954245.0], [552765.0, 1954245.0], [552765.0, 1954305.0], [552735.0, 1954305.0], [552735.0, 1954365.0], [552705.0, 1954365.0], [552705.0, 1954395.0], [552615.0, 1954395.0]], [[552675.0, 1954335.0], [552705.0, 1954335.0], [552705.0, 1954305.0], [552675.0, 1954305.0], [552675.0, 1954335.0]]]}, "properties": {"zone_id": "scene_01_DT0000205230-Z0382", "scene": "scene_01_DT0000205230", "pixel_count": 24, "approx_area_m2": 21600.0, "centroid_x": 552666.25, "centroid_y": 1954331.25, "mean_risk": 1.7622461318969727, "max_risk": 1.9344481229782104, "median_risk": 1.752985954284668, "high_priority_pixel_pct": 100.0, "priority_category": "HIGH PRIORITY", "threshold_type": "95th percentile prioritisation threshold", "recommendation": "Spectral-stress evidence detected. Prioritise field inspection to determine the underlying cause. Field verification required.", "priority_rank": 381}}, {"type": "Feature", "geometry": {"type": "Polygon", "coordinates": [[[553125.0, 1954275.0], [553125.0, 1954185.0], [553095.0, 1954185.0], [553095.0, 1954065.0], [553125.0, 1954065.0], [553125.0, 1954035.0], [553155.0, 1954035.0], [553155.0, 1954095.0], [553125.0, 1954095.0], [553125.0, 1954155.0], [553155.0, 1954155.0], [553155.0, 1954275.0], [553125.0, 1954275.0]]]}, "properties": {"zone_id": "scene_01_DT0000205230-Z0383", "scene": "scene_01_DT0000205230", "pixel_count": 10, "approx_area_m2": 9000.0, "centroid_x": 553128.0, "centroid_y": 1954149.0, "mean_risk": 1.7273406982421875, "max_risk": 1.7961701154708862, "median_risk": 1.737352728843689, "high_priority_pixel_pct": 100.0, "priority_category": "HIGH PRIORITY", "threshold_type": "95th percentile prioritisation threshold", "recommendation": "Spectral-stress evidence detected. Prioritise field inspection to determine the underlying cause. Field verification required.", "priority_rank": 419}}, {"type": "Feature", "geometry": {"type": "Polygon", "coordinates": [[[551835.0, 1954245.0], [551835.0, 1954215.0], [551805.0, 1954215.0], [551805.0, 1954185.0], [551775.0, 1954185.0], [551775.0, 1954065.0], [551805.0, 1954065.0], [551805.0, 1954095.0], [551835.0, 1954095.0], [551835.0, 1954065.0], [551865.0, 1954065.0], [551865.0, 1954245.0], [551835.0, 1954245.0]]]}, "properties": {"zone_id": "scene_01_DT0000205230-Z0384", "scene": "scene_01_DT0000205230", "pixel_count": 14, "approx_area_m2": 12600.0, "centroid_x": 551824.2857142857, "centroid_y": 1954146.4285714286, "mean_risk": 1.6922887563705444, "max_risk": 1.7267987728118896, "median_risk": 1.6889190673828125, "high_priority_pixel_pct": 100.0, "priority_category": "HIGH PRIORITY", "threshold_type": "95th percentile prioritisation threshold", "recommendation": "Spectral-stress evidence detected. Prioritise field inspection to determine the underlying cause. Field verification required.", "priority_rank": 435}}, {"type": "Feature", "geometry": {"type": "Polygon", "coordinates": [[[555585.0, 1953615.0], [555585.0, 1953585.0], [555555.0, 1953585.0], [555555.0, 1953555.0], [555615.0, 1953555.0], [555615.0, 1953525.0], [555585.0, 1953525.0], [555585.0, 1953495.0], [555375.0, 1953495.0], [555375.0, 1953465.0], [555345.0, 1953465.0], [555345.0, 1953435.0], [555525.0, 1953435.0], [555525.0, 1953405.0], [555585.0, 1953405.0], [555585.0, 1953375.0], [555645.0, 1953375.0], [555645.0, 1953405.0], [555615.0, 1953405.0], [555615.0, 1953435.0], [555705.0, 1953435.0], [555705.0, 1953405.0], [555735.0, 1953405.0], [555735.0, 1953345.0], [555705.0, 1953345.0], [555705.0, 1953375.0], [555675.0, 1953375.0], [555675.0, 1953315.0], [555765.0, 1953315.0], [555765.0, 1953345.0], [555825.0, 1953345.0], [555825.0, 1953375.0], [555795.0, 1953375.0], [555795.0, 1953435.0], [555825.0, 1953435.0], [555825.0, 1953465.0], [555855.0, 1953465.0], [555855.0, 1953495.0], [555885.0, 1953495.0], [555885.0, 1953525.0], [555825.0, 1953525.0], [555825.0, 1953555.0], [555765.0, 1953555.0], [555765.0, 1953525.0], [555735.0, 1953525.0], [555735.0, 1953495.0], [555705.0, 1953495.0], [555705.0, 1953465.0], [555675.0, 1953465.0], [555675.0, 1953495.0], [555645.0, 1953495.0], [555645.0, 1953525.0], [555675.0, 1953525.0], [555675.0, 1953615.0], [555585.0, 1953615.0]], [[555795.0, 1953525.0], [555825.0, 1953525.0], [555825.0, 1953495.0], [555795.0, 1953495.0], [555795.0, 1953525.0]], [[555585.0, 1953495.0], [555615.0, 1953495.0], [555615.0, 1953465.0], [555585.0, 1953465.0], [555585.0, 1953495.0]]]}, "properties": {"zone_id": "scene_01_DT0000205230-Z0385", "scene": "scene_01_DT0000205230", "pixel_count": 130, "approx_area_m2": 117000.0, "centroid_x": 555759.9230769231, "centroid_y": 1953620.7692307692, "mean_risk": 1.8193711042404175, "max_risk": 2.214266061782837, "median_risk": 1.8040807247161865, "high_priority_pixel_pct": 100.0, "priority_category": "HIGH PRIORITY", "threshold_type": "95th percentile prioritisation threshold", "recommendation": "Spectral-stress evidence detected. Prioritise field inspection to determine the underlying cause. Field verification required.", "priority_rank": 320}}, {"type": "Feature", "geometry": {"type": "Polygon", "coordinates": [[[567015.0, 1954125.0], [567015.0, 1954095.0], [566895.0, 1954095.0], [566895.0, 1954035.0], [566925.0, 1954035.0], [566925.0, 1953975.0], [566955.0, 1953975.0], [566955.0, 1953945.0], [566985.0, 1953945.0], [566985.0, 1954005.0], [567015.0, 1954005.0], [567015.0, 1953975.0], [567045.0, 1953975.0], [567045.0, 1954065.0], [567075.0, 1954065.0], [567075.0, 1954095.0], [567045.0, 1954095.0], [567045.0, 1954125.0], [567015.0, 1954125.0]]]}, "properties": {"zone_id": "scene_01_DT0000205230-Z0386", "scene": "scene_01_DT0000205230", "pixel_count": 20, "approx_area_m2": 18000.0, "centroid_x": 566982.0, "centroid_y": 1954042.5, "mean_risk": 2.257918119430542, "max_risk": 3.3483023643493652, "median_risk": 2.155642509460449, "high_priority_pixel_pct": 100.0, "priority_category": "HIGH PRIORITY", "threshold_type": "95th percentile prioritisation threshold", "recommendation": "Spectral-stress evidence detected. Prioritise field inspection to determine the underlying cause. Field verification required.", "priority_rank": 62}}, {"type": "Feature", "geometry": {"type": "Polygon", "coordinates": [[[566475.0, 1954095.0], [566475.0, 1954005.0], [566505.0, 1954005.0], [566505.0, 1953975.0], [566535.0, 1953975.0], [566535.0, 1953915.0], [566505.0, 1953915.0], [566505.0, 1953855.0], [566535.0, 1953855.0], [566535.0, 1953825.0], [566565.0, 1953825.0], [566565.0, 1953855.0], [566625.0, 1953855.0], [566625.0, 1953885.0], [566595.0, 1953885.0], [566595.0, 1953915.0], [566565.0, 1953915.0], [566565.0, 1954065.0], [566505.0, 1954065.0], [566505.0, 1954095.0], [566475.0, 1954095.0]]]}, "properties": {"zone_id": "scene_01_DT0000205230-Z0387", "scene": "scene_01_DT0000205230", "pixel_count": 19, "approx_area_m2": 17100.0, "centroid_x": 566538.947368421, "centroid_y": 1953956.8421052631, "mean_risk": 2.192479133605957, "max_risk": 2.9738292694091797, "median_risk": 2.1199913024902344, "high_priority_pixel_pct": 100.0, "priority_category": "HIGH PRIORITY", "threshold_type": "95th percentile prioritisation threshold", "recommendation": "Spectral-stress evidence detected. Prioritise field inspection to determine the underlying cause. Field verification required.", "priority_rank": 84}}, {"type": "Feature", "geometry": {"type": "Polygon", "coordinates": [[[567705.0, 1953705.0], [567705.0, 1953675.0], [567735.0, 1953675.0], [567735.0, 1953705.0], [567705.0, 1953705.0]]]}, "properties": {"zone_id": "scene_01_DT0000205230-Z0388", "scene": "scene_01_DT0000205230", "pixel_count": 76, "approx_area_m2": 68400.0, "centroid_x": 567598.4210526316, "centroid_y": 1953854.2105263157, "mean_risk": 2.589932918548584, "max_risk": 4.178133010864258, "median_risk": 2.405503749847412, "high_priority_pixel_pct": 100.0, "priority_category": "HIGH PRIORITY", "threshold_type": "95th percentile prioritisation threshold", "recommendation": "Spectral-stress evidence detected. Prioritise field inspection to determine the underlying cause. Field verification required.", "priority_rank": 25}}, {"type": "Feature", "geometry": {"type": "Polygon", "coordinates": [[[555285.0, 1953975.0], [555285.0, 1953825.0], [555315.0, 1953825.0], [555315.0, 1953855.0], [555405.0, 1953855.0], [555405.0, 1953915.0], [555375.0, 1953915.0], [555375.0, 1953945.0], [555315.0, 1953945.0], [555315.0, 1953975.0], [555285.0, 1953975.0]]]}, "properties": {"zone_id": "scene_01_DT0000205230-Z0389", "scene": "scene_01_DT0000205230", "pixel_count": 13, "approx_area_m2": 11700.0, "centroid_x": 555334.6153846154, "centroid_y": 1953897.6923076923, "mean_risk": 1.8388704061508179, "max_risk": 1.941056728363037, "median_risk": 1.8430769443511963, "high_priority_pixel_pct": 100.0, "priority_category": "HIGH PRIORITY", "threshold_type": "95th percentile prioritisation threshold", "recommendation": "Spectral-stress evidence detected. Prioritise field inspection to determine the underlying cause. Field verification required.", "priority_rank": 294}}, {"type": "Feature", "geometry": {"type": "Polygon", "coordinates": [[[566775.0, 1953885.0], [566775.0, 1953855.0], [566745.0, 1953855.0], [566745.0, 1953825.0], [566715.0, 1953825.0], [566715.0, 1953795.0], [566745.0, 1953795.0], [566745.0, 1953765.0], [566775.0, 1953765.0], [566775.0, 1953735.0], [566895.0, 1953735.0], [566895.0, 1953705.0], [566865.0, 1953705.0], [566865.0, 1953645.0], [566895.0, 1953645.0], [566895.0, 1953585.0], [566925.0, 1953585.0], [566925.0, 1953525.0], [567015.0, 1953525.0], [567015.0, 1953555.0], [567045.0, 1953555.0], [567045.0, 1953585.0], [567075.0, 1953585.0], [567075.0, 1953555.0], [567105.0, 1953555.0], [567105.0, 1953615.0], [567165.0, 1953615.0], [567165.0, 1953465.0], [567195.0, 1953465.0], [567195.0, 1953435.0], [567255.0, 1953435.0], [567255.0, 1953405.0], [567315.0, 1953405.0], [567315.0, 1953375.0], [567345.0, 1953375.0], [567345.0, 1953405.0], [567375.0, 1953405.0], [567375.0, 1953435.0], [567405.0, 1953435.0], [567405.0, 1953465.0], [567465.0, 1953465.0], [567465.0, 1953585.0], [567435.0, 1953585.0], [567435.0, 1953615.0], [567405.0, 1953615.0], [567405.0, 1953675.0], [567435.0, 1953675.0], [567435.0, 1953705.0], [567405.0, 1953705.0], [567405.0, 1953825.0], [567315.0, 1953825.0], [567315.0, 1953795.0], [567285.0, 1953795.0], [567285.0, 1953765.0], [567255.0, 1953765.0], [567255.0, 1953675.0], [567165.0, 1953675.0], [567165.0, 1953735.0], [567135.0, 1953735.0], [567135.0, 1953795.0], [567105.0, 1953795.0], [567105.0, 1953825.0], [567075.0, 1953825.0], [567075.0, 1953855.0], [567015.0, 1953855.0], [567015.0, 1953795.0], [566985.0, 1953795.0], [566985.0, 1953825.0], [566955.0, 1953825.0], [566955.0, 1953855.0], [566895.0, 1953855.0], [566895.0, 1953885.0], [566775.0, 1953885.0]]]}, "properties": {"zone_id": "scene_01_DT0000205230-Z0390", "scene": "scene_01_DT0000205230", "pixel_count": 207, "approx_area_m2": 186300.0, "centroid_x": 567135.2173913043, "centroid_y": 1953660.579710145, "mean_risk": 2.666675567626953, "max_risk": 4.975930213928223, "median_risk": 2.4684486389160156, "high_priority_pixel_pct": 100.0, "priority_category": "HIGH PRIORITY", "threshold_type": "95th percentile prioritisation threshold", "recommendation": "Spectral-stress evidence detected. Prioritise field inspection to determine the underlying cause. Field verification required.", "priority_rank": 17}}, {"type": "Feature", "geometry": {"type": "Polygon", "coordinates": [[[567915.0, 1953825.0], [567915.0, 1953795.0], [567885.0, 1953795.0], [567885.0, 1953705.0], [567945.0, 1953705.0], [567945.0, 1953735.0], [567975.0, 1953735.0], [567975.0, 1953795.0], [567945.0, 1953795.0], [567945.0, 1953825.0], [567915.0, 1953825.0]]]}, "properties": {"zone_id": "scene_01_DT0000205230-Z0391", "scene": "scene_01_DT0000205230", "pixel_count": 9, "approx_area_m2": 8100.0, "centroid_x": 567926.6666666666, "centroid_y": 1953760.0, "mean_risk": 2.413879871368408, "max_risk": 3.0779716968536377, "median_risk": 2.5447399616241455, "high_priority_pixel_pct": 100.0, "priority_category": "HIGH PRIORITY", "threshold_type": "95th percentile prioritisation threshold", "recommendation": "Spectral-stress evidence detected. Prioritise field inspection to determine the underlying cause. Field verification required.", "priority_rank": 40}}, {"type": "Feature", "geometry": {"type": "Polygon", "coordinates": [[[548535.0, 1953525.0], [548535.0, 1953495.0], [548565.0, 1953495.0], [548565.0, 1953525.0], [548535.0, 1953525.0]]]}, "properties": {"zone_id": "scene_01_DT0000205230-Z0392", "scene": "scene_01_DT0000205230", "pixel_count": 23, "approx_area_m2": 20700.0, "centroid_x": 548662.1739130435, "centroid_y": 1953589.5652173914, "mean_risk": 1.7500503063201904, "max_risk": 1.8895422220230103, "median_risk": 1.7423242330551147, "high_priority_pixel_pct": 100.0, "priority_category": "HIGH PRIORITY", "threshold_type": "95th percentile prioritisation threshold", "recommendation": "Spectral-stress evidence detected. Prioritise field inspection to determine the underlying cause. Field verification required.", "priority_rank": 393}}, {"type": "Feature", "geometry": {"type": "Polygon", "coordinates": [[[548565.0, 1952535.0], [548565.0, 1952505.0], [548535.0, 1952505.0], [548535.0, 1952445.0], [548595.0, 1952445.0], [548595.0, 1952385.0], [548565.0, 1952385.0], [548565.0, 1952355.0], [548535.0, 1952355.0], [548535.0, 1952325.0], [548595.0, 1952325.0], [548595.0, 1952265.0], [548565.0, 1952265.0], [548565.0, 1952295.0], [548505.0, 1952295.0], [548505.0, 1952265.0], [548445.0, 1952265.0], [548445.0, 1952205.0], [548505.0, 1952205.0], [548505.0, 1952175.0], [548535.0, 1952175.0], [548535.0, 1952145.0], [548505.0, 1952145.0], [548505.0, 1952115.0], [548625.0, 1952115.0], [548625.0, 1952145.0], [548595.0, 1952145.0], [548595.0, 1952175.0], [548565.0, 1952175.0], [548565.0, 1952205.0], [548625.0, 1952205.0], [548625.0, 1952235.0], [548655.0, 1952235.0], [548655.0, 1952205.0], [548685.0, 1952205.0], [548685.0, 1952175.0], [548655.0, 1952175.0], [548655.0, 1952115.0], [548745.0, 1952115.0], [548745.0, 1952085.0], [548805.0, 1952085.0], [548805.0, 1952055.0], [548835.0, 1952055.0], [548835.0, 1952025.0], [548895.0, 1952025.0], [548895.0, 1951995.0], [548955.0, 1951995.0], [548955.0, 1951965.0], [548985.0, 1951965.0], [548985.0, 1951875.0], [549015.0, 1951875.0], [549015.0, 1951815.0], [548865.0, 1951815.0], [548865.0, 1951785.0], [548715.0, 1951785.0], [548715.0, 1951845.0], [548685.0, 1951845.0], [548685.0, 1951815.0], [548625.0, 1951815.0], [548625.0, 1951755.0], [548655.0, 1951755.0], [548655.0, 1951725.0], [548775.0, 1951725.0], [548775.0, 1951695.0], [548805.0, 1951695.0], [548805.0, 1951665.0], [548895.0, 1951665.0], [548895.0, 1951695.0], [549045.0, 1951695.0], [549045.0, 1951665.0], [549075.0, 1951665.0], [549075.0, 1951635.0], [549135.0, 1951635.0], [549135.0, 1951605.0], [549165.0, 1951605.0], [549165.0, 1951545.0], [549225.0, 1951545.0], [549225.0, 1951605.0], [549285.0, 1951605.0], [549285.0, 1951575.0], [549315.0, 1951575.0], [549315.0, 1951545.0], [549375.0, 1951545.0], [549375.0, 1951575.0], [549435.0, 1951575.0], [549435.0, 1951605.0], [549495.0, 1951605.0], [549495.0, 1951665.0], [549525.0, 1951665.0], [549525.0, 1951725.0], [549585.0, 1951725.0], [549585.0, 1951755.0], [549705.0, 1951755.0], [549705.0, 1951905.0], [549675.0, 1951905.0], [549675.0, 1951935.0], [549615.0, 1951935.0], [549615.0, 1951875.0], [549585.0, 1951875.0], [549585.0, 1951845.0], [549495.0, 1951845.0], [549495.0, 1951815.0], [549465.0, 1951815.0], [549465.0, 1951755.0], [549405.0, 1951755.0], [549405.0, 1951785.0], [549375.0, 1951785.0], [549375.0, 1951815.0], [549315.0, 1951815.0], [549315.0, 1951785.0], [549285.0, 1951785.0], [549285.0, 1951815.0], [549225.0, 1951815.0], [549225.0, 1951845.0], [549195.0, 1951845.0], [549195.0, 1951905.0], [549165.0, 1951905.0], [549165.0, 1951935.0], [549135.0, 1951935.0], [549135.0, 1952025.0], [549165.0, 1952025.0], [549165.0, 1952085.0], [549195.0, 1952085.0], [549195.0, 1952115.0], [549165.0, 1952115.0], [549165.0, 1952175.0], [549135.0, 1952175.0], [549135.0, 1952235.0], [549165.0, 1952235.0], [549165.0, 1952265.0], [549135.0, 1952265.0], [549135.0, 1952325.0], [549105.0, 1952325.0], [549105.0, 1952355.0], [549075.0, 1952355.0], [549075.0, 1952385.0], [549015.0, 1952385.0], [549015.0, 1952415.0], [548985.0, 1952415.0], [548985.0, 1952445.0], [548895.0, 1952445.0], [548895.0, 1952475.0], [548865.0, 1952475.0], [548865.0, 1952535.0], [548805.0, 1952535.0], [548805.0, 1952445.0], [548865.0, 1952445.0], [548865.0, 1952385.0], [548835.0, 1952385.0], [548835.0, 1952355.0], [548865.0, 1952355.0], [548865.0, 1952295.0], [548895.0, 1952295.0], [548895.0, 1952265.0], [548925.0, 1952265.0], [548925.0, 1952235.0], [548955.0, 1952235.0], [548955.0, 1952175.0], [548985.0, 1952175.0], [548985.0, 1952115.0], [548895.0, 1952115.0], [548895.0, 1952055.0], [548865.0, 1952055.0], [548865.0, 1952085.0], [548835.0, 1952085.0], [548835.0, 1952175.0], [548805.0, 1952175.0], [548805.0, 1952145.0], [548775.0, 1952145.0], [548775.0, 1952175.0], [548715.0, 1952175.0], [548715.0, 1952265.0], [548685.0, 1952265.0], [548685.0, 1952325.0], [548715.0, 1952325.0], [548715.0, 1952295.0], [548745.0, 1952295.0], [548745.0, 1952475.0], [548595.0, 1952475.0], [548595.0, 1952505.0], [548625.0, 1952505.0], [548625.0, 1952535.0], [548565.0, 1952535.0]], [[548625.0, 1952445.0], [548655.0, 1952445.0], [548655.0, 1952415.0], [548625.0, 1952415.0], [548625.0, 1952445.0]], [[548595.0, 1952355.0], [548625.0, 1952355.0], [548625.0, 1952325.0], [548595.0, 1952325.0], [548595.0, 1952355.0]], [[549075.0, 1951935.0], [549105.0, 1951935.0], [549105.0, 1951905.0], [549135.0, 1951905.0], [549135.0, 1951785.0], [549105.0, 1951785.0], [549105.0, 1951815.0], [549075.0, 1951815.0], [549075.0, 1951935.0]]]}, "properties": {"zone_id": "scene_01_DT0000205230-Z0393", "scene": "scene_01_DT0000205230", "pixel_count": 820, "approx_area_m2": 738000.0, "centroid_x": 548736.0365853659, "centroid_y": 1952426.7073170731, "mean_risk": 1.8359944820404053, "max_risk": 2.2411515712738037, "median_risk": 1.8217225074768066, "high_priority_pixel_pct": 100.0, "priority_category": "HIGH PRIORITY", "threshold_type": "95th percentile prioritisation threshold", "recommendation": "Spectral-stress evidence detected. Prioritise field inspection to determine the underlying cause. Field verification required.", "priority_rank": 301}}, {"type": "Feature", "geometry": {"type": "Polygon", "coordinates": [[[555195.0, 1953375.0], [555195.0, 1953315.0], [555225.0, 1953315.0], [555225.0, 1953255.0], [555195.0, 1953255.0], [555195.0, 1953195.0], [555225.0, 1953195.0], [555225.0, 1953165.0], [555255.0, 1953165.0], [555255.0, 1953255.0], [555285.0, 1953255.0], [555285.0, 1953285.0], [555255.0, 1953285.0], [555255.0, 1953345.0], [555225.0, 1953345.0], [555225.0, 1953375.0], [555195.0, 1953375.0]]]}, "properties": {"zone_id": "scene_01_DT0000205230-Z0394", "scene": "scene_01_DT0000205230", "pixel_count": 11, "approx_area_m2": 9900.0, "centroid_x": 555231.8181818182, "centroid_y": 1953267.2727272727, "mean_risk": 1.821570634841919, "max_risk": 1.9974452257156372, "median_risk": 1.8206863403320312, "high_priority_pixel_pct": 100.0, "priority_category": "HIGH PRIORITY", "threshold_type": "95th percentile prioritisation threshold", "recommendation": "Spectral-stress evidence detected. Prioritise field inspection to determine the underlying cause. Field verification required.", "priority_rank": 318}}, {"type": "Feature", "geometry": {"type": "Polygon", "coordinates": [[[555375.0, 1953225.0], [555375.0, 1953195.0], [555315.0, 1953195.0], [555315.0, 1953165.0], [555375.0, 1953165.0], [555375.0, 1953135.0], [555495.0, 1953135.0], [555495.0, 1953165.0], [555465.0, 1953165.0], [555465.0, 1953195.0], [555435.0, 1953195.0], [555435.0, 1953225.0], [555375.0, 1953225.0]]]}, "properties": {"zone_id": "scene_01_DT0000205230-Z0395", "scene": "scene_01_DT0000205230", "pixel_count": 11, "approx_area_m2": 9900.0, "centroid_x": 555409.0909090909, "centroid_y": 1953174.5454545454, "mean_risk": 1.7669285535812378, "max_risk": 1.949608325958252, "median_risk": 1.7364369630813599, "high_priority_pixel_pct": 100.0, "priority_category": "HIGH PRIORITY", "threshold_type": "95th percentile prioritisation threshold", "recommendation": "Spectral-stress evidence detected. Prioritise field inspection to determine the underlying cause. Field verification required.", "priority_rank": 377}}, {"type": "Feature", "geometry": {"type": "Polygon", "coordinates": [[[557835.0, 1953165.0], [557835.0, 1953135.0], [557805.0, 1953135.0], [557805.0, 1953045.0], [557835.0, 1953045.0], [557835.0, 1952985.0], [557865.0, 1952985.0], [557865.0, 1953165.0], [557835.0, 1953165.0]]]}, "properties": {"zone_id": "scene_01_DT0000205230-Z0396", "scene": "scene_01_DT0000205230", "pixel_count": 9, "approx_area_m2": 8100.0, "centroid_x": 557840.0, "centroid_y": 1953080.0, "mean_risk": 1.705614686012268, "max_risk": 1.7236042022705078, "median_risk": 1.7057995796203613, "high_priority_pixel_pct": 100.0, "priority_category": "HIGH PRIORITY", "threshold_type": "95th percentile prioritisation threshold", "recommendation": "Spectral-stress evidence detected. Prioritise field inspection to determine the underlying cause. Field verification required.", "priority_rank": 434}}, {"type": "Feature", "geometry": {"type": "Polygon", "coordinates": [[[555825.0, 1953135.0], [555825.0, 1953105.0], [555795.0, 1953105.0], [555795.0, 1953075.0], [555855.0, 1953075.0], [555855.0, 1953015.0], [555975.0, 1953015.0], [555975.0, 1953045.0], [556005.0, 1953045.0], [556005.0, 1953075.0], [555945.0, 1953075.0], [555945.0, 1953045.0], [555915.0, 1953045.0], [555915.0, 1953105.0], [555855.0, 1953105.0], [555855.0, 1953135.0], [555825.0, 1953135.0]]]}, "properties": {"zone_id": "scene_01_DT0000205230-Z0397", "scene": "scene_01_DT0000205230", "pixel_count": 13, "approx_area_m2": 11700.0, "centroid_x": 555895.3846153846, "centroid_y": 1953064.6153846155, "mean_risk": 1.7939194440841675, "max_risk": 1.9580446481704712, "median_risk": 1.7943943738937378, "high_priority_pixel_pct": 100.0, "priority_category": "HIGH PRIORITY", "threshold_type": "95th percentile prioritisation threshold", "recommendation": "Spectral-stress evidence detected. Prioritise field inspection to determine the underlying cause. Field verification required.", "priority_rank": 346}}, {"type": "Feature", "geometry": {"type": "Polygon", "coordinates": [[[555555.0, 1952805.0], [555555.0, 1952685.0], [555615.0, 1952685.0], [555615.0, 1952715.0], [555585.0, 1952715.0], [555585.0, 1952805.0], [555555.0, 1952805.0]]]}, "properties": {"zone_id": "scene_01_DT0000205230-Z0398", "scene": "scene_01_DT0000205230", "pixel_count": 30, "approx_area_m2": 27000.0, "centroid_x": 555477.0, "centroid_y": 1952897.0, "mean_risk": 1.823135495185852, "max_risk": 2.1160097122192383, "median_risk": 1.7718485593795776, "high_priority_pixel_pct": 100.0, "priority_category": "HIGH PRIORITY", "threshold_type": "95th percentile prioritisation threshold", "recommendation": "Spectral-stress evidence detected. Prioritise field inspection to determine the underlying cause. Field verification required.", "priority_rank": 314}}, {"type": "Feature", "geometry": {"type": "Polygon", "coordinates": [[[571155.0, 1952925.0], [571155.0, 1952895.0], [571245.0, 1952895.0], [571245.0, 1952925.0], [571155.0, 1952925.0]]]}, "properties": {"zone_id": "scene_01_DT0000205230-Z0399", "scene": "scene_01_DT0000205230", "pixel_count": 11, "approx_area_m2": 9900.0, "centroid_x": 571320.0, "centroid_y": 1952931.8181818181, "mean_risk": 1.838757038116455, "max_risk": 2.1528420448303223, "median_risk": 1.8427976369857788, "high_priority_pixel_pct": 100.0, "priority_category": "HIGH PRIORITY", "threshold_type": "95th percentile prioritisation threshold", "recommendation": "Spectral-stress evidence detected. Prioritise field inspection to determine the underlying cause. Field verification required.", "priority_rank": 295}}, {"type": "Feature", "geometry": {"type": "Polygon", "coordinates": [[[555765.0, 1952925.0], [555765.0, 1952895.0], [555795.0, 1952895.0], [555795.0, 1952865.0], [555825.0, 1952865.0], [555825.0, 1952835.0], [555915.0, 1952835.0], [555915.0, 1952865.0], [555945.0, 1952865.0], [555945.0, 1952895.0], [555825.0, 1952895.0], [555825.0, 1952925.0], [555765.0, 1952925.0]]]}, "properties": {"zone_id": "scene_01_DT0000205230-Z0400", "scene": "scene_01_DT0000205230", "pixel_count": 10, "approx_area_m2": 9000.0, "centroid_x": 555855.0, "centroid_y": 1952877.0, "mean_risk": 1.769076943397522, "max_risk": 2.0244228839874268, "median_risk": 1.7293376922607422, "high_priority_pixel_pct": 100.0, "priority_category": "HIGH PRIORITY", "threshold_type": "95th percentile prioritisation threshold", "recommendation": "Spectral-stress evidence detected. Prioritise field inspection to determine the underlying cause. Field verification required.", "priority_rank": 375}}, {"type": "Feature", "geometry": {"type": "Polygon", "coordinates": [[[555315.0, 1952625.0], [555315.0, 1952595.0], [555255.0, 1952595.0], [555255.0, 1952535.0], [555375.0, 1952535.0], [555375.0, 1952595.0], [555345.0, 1952595.0], [555345.0, 1952625.0], [555315.0, 1952625.0]]]}, "properties": {"zone_id": "scene_01_DT0000205230-Z0401", "scene": "scene_01_DT0000205230", "pixel_count": 9, "approx_area_m2": 8100.0, "centroid_x": 555316.6666666666, "centroid_y": 1952570.0, "mean_risk": 1.8309082984924316, "max_risk": 2.0792553424835205, "median_risk": 1.825493574142456, "high_priority_pixel_pct": 100.0, "priority_category": "HIGH PRIORITY", "threshold_type": "95th percentile prioritisation threshold", "recommendation": "Spectral-stress evidence detected. Prioritise field inspection to determine the underlying cause. Field verification required.", "priority_rank": 307}}, {"type": "Feature", "geometry": {"type": "Polygon", "coordinates": [[[548055.0, 1952235.0], [548055.0, 1952175.0], [548085.0, 1952175.0], [548085.0, 1952145.0], [548115.0, 1952145.0], [548115.0, 1952115.0], [548145.0, 1952115.0], [548145.0, 1952175.0], [548115.0, 1952175.0], [548115.0, 1952205.0], [548085.0, 1952205.0], [548085.0, 1952235.0], [548055.0, 1952235.0]]]}, "properties": {"zone_id": "scene_01_DT0000205230-Z0402", "scene": "scene_01_DT0000205230", "pixel_count": 9, "approx_area_m2": 8100.0, "centroid_x": 548070.0, "centroid_y": 1952206.6666666667, "mean_risk": 1.7076579332351685, "max_risk": 1.8201591968536377, "median_risk": 1.6984813213348389, "high_priority_pixel_pct": 100.0, "priority_category": "HIGH PRIORITY", "threshold_type": "95th percentile prioritisation threshold", "recommendation": "Spectral-stress evidence detected. Prioritise field inspection to determine the underlying cause. Field verification required.", "priority_rank": 430}}, {"type": "Feature", "geometry": {"type": "Polygon", "coordinates": [[[567645.0, 1951665.0], [567645.0, 1951575.0], [567675.0, 1951575.0], [567675.0, 1951545.0], [567705.0, 1951545.0], [567705.0, 1951515.0], [567735.0, 1951515.0], [567735.0, 1951545.0], [567765.0, 1951545.0], [567765.0, 1951575.0], [567735.0, 1951575.0], [567735.0, 1951635.0], [567675.0, 1951635.0], [567675.0, 1951665.0], [567645.0, 1951665.0]]]}, "properties": {"zone_id": "scene_01_DT0000205230-Z0403", "scene": "scene_01_DT0000205230", "pixel_count": 11, "approx_area_m2": 9900.0, "centroid_x": 567698.1818181818, "centroid_y": 1951590.0, "mean_risk": 1.8649201393127441, "max_risk": 2.0681068897247314, "median_risk": 1.8464205265045166, "high_priority_pixel_pct": 100.0, "priority_category": "HIGH PRIORITY", "threshold_type": "95th percentile prioritisation threshold", "recommendation": "Spectral-stress evidence detected. Prioritise field inspection to determine the underlying cause. Field verification required.", "priority_rank": 274}}, {"type": "Feature", "geometry": {"type": "Polygon", "coordinates": [[[567525.0, 1951635.0], [567525.0, 1951575.0], [567495.0, 1951575.0], [567495.0, 1951545.0], [567525.0, 1951545.0], [567525.0, 1951515.0], [567585.0, 1951515.0], [567585.0, 1951635.0], [567525.0, 1951635.0]]]}, "properties": {"zone_id": "scene_01_DT0000205230-Z0404", "scene": "scene_01_DT0000205230", "pixel_count": 9, "approx_area_m2": 8100.0, "centroid_x": 567550.0, "centroid_y": 1951573.3333333333, "mean_risk": 1.8741081953048706, "max_risk": 2.1703991889953613, "median_risk": 1.8777908086776733, "high_priority_pixel_pct": 100.0, "priority_category": "HIGH PRIORITY", "threshold_type": "95th percentile prioritisation threshold", "recommendation": "Spectral-stress evidence detected. Prioritise field inspection to determine the underlying cause. Field verification required.", "priority_rank": 268}}, {"type": "Feature", "geometry": {"type": "Polygon", "coordinates": [[[566415.0, 1951545.0], [566415.0, 1951485.0], [566445.0, 1951485.0], [566445.0, 1951425.0], [566355.0, 1951425.0], [566355.0, 1951305.0], [566385.0, 1951305.0], [566385.0, 1951245.0], [566415.0, 1951245.0], [566415.0, 1951215.0], [566445.0, 1951215.0], [566445.0, 1951185.0], [566475.0, 1951185.0], [566475.0, 1951155.0], [566505.0, 1951155.0], [566505.0, 1951095.0], [566535.0, 1951095.0], [566535.0, 1951065.0], [566565.0, 1951065.0], [566565.0, 1951125.0], [566625.0, 1951125.0], [566625.0, 1951155.0], [566655.0, 1951155.0], [566655.0, 1951185.0], [566715.0, 1951185.0], [566715.0, 1951245.0], [566625.0, 1951245.0], [566625.0, 1951275.0], [566655.0, 1951275.0], [566655.0, 1951335.0], [566625.0, 1951335.0], [566625.0, 1951365.0], [566565.0, 1951365.0], [566565.0, 1951425.0], [566535.0, 1951425.0], [566535.0, 1951485.0], [566505.0, 1951485.0], [566505.0, 1951515.0], [566475.0, 1951515.0], [566475.0, 1951545.0], [566415.0, 1951545.0]], [[566415.0, 1951365.0], [566475.0, 1951365.0], [566475.0, 1951335.0], [566445.0, 1951335.0], [566445.0, 1951305.0], [566415.0, 1951305.0], [566415.0, 1951365.0]], [[566535.0, 1951275.0], [566565.0, 1951275.0], [566565.0, 1951245.0], [566535.0, 1951245.0], [566535.0, 1951275.0]]]}, "properties": {"zone_id": "scene_01_DT0000205230-Z0405", "scene": "scene_01_DT0000205230", "pixel_count": 89, "approx_area_m2": 80100.0, "centroid_x": 566517.9775280899, "centroid_y": 1951298.426966292, "mean_risk": 1.880437970161438, "max_risk": 2.1819159984588623, "median_risk": 1.872572898864746, "high_priority_pixel_pct": 100.0, "priority_category": "HIGH PRIORITY", "threshold_type": "95th percentile prioritisation threshold", "recommendation": "Spectral-stress evidence detected. Prioritise field inspection to determine the underlying cause. Field verification required.", "priority_rank": 262}}, {"type": "Feature", "geometry": {"type": "Polygon", "coordinates": [[[567465.0, 1951515.0], [567465.0, 1951485.0], [567435.0, 1951485.0], [567435.0, 1951365.0], [567465.0, 1951365.0], [567465.0, 1951335.0], [567495.0, 1951335.0], [567495.0, 1951275.0], [567525.0, 1951275.0], [567525.0, 1951305.0], [567555.0, 1951305.0], [567555.0, 1951365.0], [567525.0, 1951365.0], [567525.0, 1951395.0], [567585.0, 1951395.0], [567585.0, 1951425.0], [567615.0, 1951425.0], [567615.0, 1951455.0], [567645.0, 1951455.0], [567645.0, 1951485.0], [567495.0, 1951485.0], [567495.0, 1951515.0], [567465.0, 1951515.0]]]}, "properties": {"zone_id": "scene_01_DT0000205230-Z0406", "scene": "scene_01_DT0000205230", "pixel_count": 28, "approx_area_m2": 25200.0, "centroid_x": 567517.5, "centroid_y": 1951414.2857142857, "mean_risk": 1.8506070375442505, "max_risk": 2.134321928024292, "median_risk": 1.822299599647522, "high_priority_pixel_pct": 100.0, "priority_category": "HIGH PRIORITY", "threshold_type": "95th percentile prioritisation threshold", "recommendation": "Spectral-stress evidence detected. Prioritise field inspection to determine the underlying cause. Field verification required.", "priority_rank": 283}}, {"type": "Feature", "geometry": {"type": "Polygon", "coordinates": [[[554295.0, 1951395.0], [554295.0, 1951335.0], [554325.0, 1951335.0], [554325.0, 1951215.0], [554415.0, 1951215.0], [554415.0, 1951185.0], [554445.0, 1951185.0], [554445.0, 1951155.0], [554475.0, 1951155.0], [554475.0, 1951245.0], [554445.0, 1951245.0], [554445.0, 1951275.0], [554415.0, 1951275.0], [554415.0, 1951365.0], [554385.0, 1951365.0], [554385.0, 1951395.0], [554295.0, 1951395.0]]]}, "properties": {"zone_id": "scene_01_DT0000205230-Z0407", "scene": "scene_01_DT0000205230", "pixel_count": 25, "approx_area_m2": 22500.0, "centroid_x": 554382.0, "centroid_y": 1951285.2, "mean_risk": 1.8318027257919312, "max_risk": 2.0184638500213623, "median_risk": 1.8579838275909424, "high_priority_pixel_pct": 100.0, "priority_category": "HIGH PRIORITY", "threshold_type": "95th percentile prioritisation threshold", "recommendation": "Spectral-stress evidence detected. Prioritise field inspection to determine the underlying cause. Field verification required.", "priority_rank": 306}}, {"type": "Feature", "geometry": {"type": "Polygon", "coordinates": [[[577725.0, 1950945.0], [577725.0, 1950915.0], [577755.0, 1950915.0], [577755.0, 1950945.0], [577725.0, 1950945.0]]]}, "properties": {"zone_id": "scene_01_DT0000205230-Z0408", "scene": "scene_01_DT0000205230", "pixel_count": 12, "approx_area_m2": 10800.0, "centroid_x": 577680.0, "centroid_y": 1951022.5, "mean_risk": 1.8977166414260864, "max_risk": 2.108715534210205, "median_risk": 1.8809380531311035, "high_priority_pixel_pct": 100.0, "priority_category": "HIGH PRIORITY", "threshold_type": "95th percentile prioritisation threshold", "recommendation": "Spectral-stress evidence detected. Prioritise field inspection to determine the underlying cause. Field verification required.", "priority_rank": 247}}, {"type": "Feature", "geometry": {"type": "Polygon", "coordinates": [[[554685.0, 1951035.0], [554685.0, 1951005.0], [554715.0, 1951005.0], [554715.0, 1950975.0], [554745.0, 1950975.0], [554745.0, 1950675.0], [554805.0, 1950675.0], [554805.0, 1950705.0], [554835.0, 1950705.0], [554835.0, 1950915.0], [554805.0, 1950915.0], [554805.0, 1950945.0], [554835.0, 1950945.0], [554835.0, 1950975.0], [554805.0, 1950975.0], [554805.0, 1951035.0], [554685.0, 1951035.0]]]}, "properties": {"zone_id": "scene_01_DT0000205230-Z0409", "scene": "scene_01_DT0000205230", "pixel_count": 35, "approx_area_m2": 31500.0, "centroid_x": 554780.5714285715, "centroid_y": 1950862.2857142857, "mean_risk": 1.9086593389511108, "max_risk": 2.08412766456604, "median_risk": 1.9173707962036133, "high_priority_pixel_pct": 100.0, "priority_category": "HIGH PRIORITY", "threshold_type": "95th percentile prioritisation threshold", "recommendation": "Spectral-stress evidence detected. Prioritise field inspection to determine the underlying cause. Field verification required.", "priority_rank": 235}}, {"type": "Feature", "geometry": {"type": "Polygon", "coordinates": [[[547005.0, 1951005.0], [547005.0, 1950885.0], [546975.0, 1950885.0], [546975.0, 1950735.0], [546945.0, 1950735.0], [546945.0, 1950675.0], [547035.0, 1950675.0], [547035.0, 1950735.0], [547095.0, 1950735.0], [547095.0, 1950705.0], [547125.0, 1950705.0], [547125.0, 1950735.0], [547155.0, 1950735.0], [547155.0, 1950915.0], [547125.0, 1950915.0], [547125.0, 1950945.0], [547065.0, 1950945.0], [547065.0, 1950975.0], [547035.0, 1950975.0], [547035.0, 1951005.0], [547005.0, 1951005.0]]]}, "properties": {"zone_id": "scene_01_DT0000205230-Z0410", "scene": "scene_01_DT0000205230", "pixel_count": 49, "approx_area_m2": 44100.0, "centroid_x": 547056.1224489796, "centroid_y": 1950824.081632653, "mean_risk": 1.8400111198425293, "max_risk": 1.9878565073013306, "median_risk": 1.8388274908065796, "high_priority_pixel_pct": 100.0, "priority_category": "HIGH PRIORITY", "threshold_type": "95th percentile prioritisation threshold", "recommendation": "Spectral-stress evidence detected. Prioritise field inspection to determine the underlying cause. Field verification required.", "priority_rank": 291}}, {"type": "Feature", "geometry": {"type": "Polygon", "coordinates": [[[577485.0, 1950975.0], [577485.0, 1950945.0], [577455.0, 1950945.0], [577455.0, 1950915.0], [577425.0, 1950915.0], [577425.0, 1950855.0], [577515.0, 1950855.0], [577515.0, 1950825.0], [577575.0, 1950825.0], [577575.0, 1950855.0], [577545.0, 1950855.0], [577545.0, 1950915.0], [577515.0, 1950915.0], [577515.0, 1950975.0], [577485.0, 1950975.0]]]}, "properties": {"zone_id": "scene_01_DT0000205230-Z0411", "scene": "scene_01_DT0000205230", "pixel_count": 13, "approx_area_m2": 11700.0, "centroid_x": 577495.3846153846, "centroid_y": 1950890.7692307692, "mean_risk": 1.8124504089355469, "max_risk": 2.050112009048462, "median_risk": 1.8235313892364502, "high_priority_pixel_pct": 100.0, "priority_category": "HIGH PRIORITY", "threshold_type": "95th percentile prioritisation threshold", "recommendation": "Spectral-stress evidence detected. Prioritise field inspection to determine the underlying cause. Field verification required.", "priority_rank": 323}}, {"type": "Feature", "geometry": {"type": "Polygon", "coordinates": [[[566925.0, 1950885.0], [566925.0, 1950855.0], [566895.0, 1950855.0], [566895.0, 1950825.0], [566865.0, 1950825.0], [566865.0, 1950675.0], [566895.0, 1950675.0], [566895.0, 1950585.0], [566925.0, 1950585.0], [566925.0, 1950555.0], [566955.0, 1950555.0], [566955.0, 1950525.0], [566985.0, 1950525.0], [566985.0, 1950465.0], [567105.0, 1950465.0], [567105.0, 1950585.0], [567195.0, 1950585.0], [567195.0, 1950645.0], [567165.0, 1950645.0], [567165.0, 1950675.0], [567195.0, 1950675.0], [567195.0, 1950735.0], [567165.0, 1950735.0], [567165.0, 1950765.0], [567135.0, 1950765.0], [567135.0, 1950795.0], [567105.0, 1950795.0], [567105.0, 1950825.0], [567135.0, 1950825.0], [567135.0, 1950885.0], [566925.0, 1950885.0]]]}, "properties": {"zone_id": "scene_01_DT0000205230-Z0412", "scene": "scene_01_DT0000205230", "pixel_count": 112, "approx_area_m2": 100800.0, "centroid_x": 567024.9107142857, "centroid_y": 1950693.2142857143, "mean_risk": 1.9854685068130493, "max_risk": 2.460559606552124, "median_risk": 1.9729909896850586, "high_priority_pixel_pct": 100.0, "priority_category": "HIGH PRIORITY", "threshold_type": "95th percentile prioritisation threshold", "recommendation": "Spectral-stress evidence detected. Prioritise field inspection to determine the underlying cause. Field verification required.", "priority_rank": 169}}, {"type": "Feature", "geometry": {"type": "Polygon", "coordinates": [[[567375.0, 1950645.0], [567375.0, 1950615.0], [567345.0, 1950615.0], [567345.0, 1950495.0], [567285.0, 1950495.0], [567285.0, 1950465.0], [567315.0, 1950465.0], [567315.0, 1950435.0], [567375.0, 1950435.0], [567375.0, 1950465.0], [567405.0, 1950465.0], [567405.0, 1950525.0], [567435.0, 1950525.0], [567435.0, 1950585.0], [567405.0, 1950585.0], [567405.0, 1950645.0], [567375.0, 1950645.0]]]}, "properties": {"zone_id": "scene_01_DT0000205230-Z0413", "scene": "scene_01_DT0000205230", "pixel_count": 17, "approx_area_m2": 15300.0, "centroid_x": 567370.5882352941, "centroid_y": 1950529.4117647058, "mean_risk": 1.7943792343139648, "max_risk": 1.9620201587677002, "median_risk": 1.7936384677886963, "high_priority_pixel_pct": 100.0, "priority_category": "HIGH PRIORITY", "threshold_type": "95th percentile prioritisation threshold", "recommendation": "Spectral-stress evidence detected. Prioritise field inspection to determine the underlying cause. Field verification required.", "priority_rank": 345}}, {"type": "Feature", "geometry": {"type": "Polygon", "coordinates": [[[546855.0, 1950135.0], [546855.0, 1950105.0], [546825.0, 1950105.0], [546825.0, 1950045.0], [546855.0, 1950045.0], [546855.0, 1950015.0], [546825.0, 1950015.0], [546825.0, 1949895.0], [546885.0, 1949895.0], [546885.0, 1949925.0], [546945.0, 1949925.0], [546945.0, 1949985.0], [546975.0, 1949985.0], [546975.0, 1950045.0], [546945.0, 1950045.0], [546945.0, 1950075.0], [546915.0, 1950075.0], [546915.0, 1950105.0], [546885.0, 1950105.0], [546885.0, 1950135.0], [546855.0, 1950135.0]]]}, "properties": {"zone_id": "scene_01_DT0000205230-Z0414", "scene": "scene_01_DT0000205230", "pixel_count": 27, "approx_area_m2": 24300.0, "centroid_x": 546887.7777777778, "centroid_y": 1950007.7777777778, "mean_risk": 1.7415642738342285, "max_risk": 1.988844871520996, "median_risk": 1.7048523426055908, "high_priority_pixel_pct": 100.0, "priority_category": "HIGH PRIORITY", "threshold_type": "95th percentile prioritisation threshold", "recommendation": "Spectral-stress evidence detected. Prioritise field inspection to determine the underlying cause. Field verification required.", "priority_rank": 406}}, {"type": "Feature", "geometry": {"type": "Polygon", "coordinates": [[[547125.0, 1950105.0], [547125.0, 1950075.0], [547095.0, 1950075.0], [547095.0, 1950015.0], [547035.0, 1950015.0], [547035.0, 1949955.0], [546975.0, 1949955.0], [546975.0, 1949865.0], [547005.0, 1949865.0], [547005.0, 1949835.0], [547035.0, 1949835.0], [547035.0, 1949805.0], [547095.0, 1949805.0], [547095.0, 1949865.0], [547125.0, 1949865.0], [547125.0, 1949895.0], [547155.0, 1949895.0], [547155.0, 1950015.0], [547215.0, 1950015.0], [547215.0, 1950045.0], [547245.0, 1950045.0], [547245.0, 1950105.0], [547215.0, 1950105.0], [547215.0, 1950075.0], [547185.0, 1950075.0], [547185.0, 1950105.0], [547125.0, 1950105.0]]]}, "properties": {"zone_id": "scene_01_DT0000205230-Z0415", "scene": "scene_01_DT0000205230", "pixel_count": 42, "approx_area_m2": 37800.0, "centroid_x": 547097.1428571428, "centroid_y": 1949958.5714285714, "mean_risk": 1.8238601684570312, "max_risk": 2.1487367153167725, "median_risk": 1.7741800546646118, "high_priority_pixel_pct": 100.0, "priority_category": "HIGH PRIORITY", "threshold_type": "95th percentile prioritisation threshold", "recommendation": "Spectral-stress evidence detected. Prioritise field inspection to determine the underlying cause. Field verification required.", "priority_rank": 313}}, {"type": "Feature", "geometry": {"type": "Polygon", "coordinates": [[[567705.0, 1949895.0], [567705.0, 1949865.0], [567675.0, 1949865.0], [567675.0, 1949805.0], [567705.0, 1949805.0], [567705.0, 1949745.0], [567735.0, 1949745.0], [567735.0, 1949805.0], [567795.0, 1949805.0], [567795.0, 1949895.0], [567705.0, 1949895.0]]]}, "properties": {"zone_id": "scene_01_DT0000205230-Z0416", "scene": "scene_01_DT0000205230", "pixel_count": 13, "approx_area_m2": 11700.0, "centroid_x": 567736.1538461539, "centroid_y": 1949836.1538461538, "mean_risk": 1.7556366920471191, "max_risk": 1.918441891670227, "median_risk": 1.7302074432373047, "high_priority_pixel_pct": 100.0, "priority_category": "HIGH PRIORITY", "threshold_type": "95th percentile prioritisation threshold", "recommendation": "Spectral-stress evidence detected. Prioritise field inspection to determine the underlying cause. Field verification required.", "priority_rank": 388}}, {"type": "Feature", "geometry": {"type": "Polygon", "coordinates": [[[546765.0, 1949625.0], [546765.0, 1949565.0], [546825.0, 1949565.0], [546825.0, 1949505.0], [546885.0, 1949505.0], [546885.0, 1949475.0], [546915.0, 1949475.0], [546915.0, 1949445.0], [546945.0, 1949445.0], [546945.0, 1949415.0], [546975.0, 1949415.0], [546975.0, 1949565.0], [546945.0, 1949565.0], [546945.0, 1949595.0], [546885.0, 1949595.0], [546885.0, 1949625.0], [546765.0, 1949625.0]]]}, "properties": {"zone_id": "scene_01_DT0000205230-Z0417", "scene": "scene_01_DT0000205230", "pixel_count": 26, "approx_area_m2": 23400.0, "centroid_x": 546887.3076923077, "centroid_y": 1949541.923076923, "mean_risk": 1.7972407341003418, "max_risk": 2.067915678024292, "median_risk": 1.7772772312164307, "high_priority_pixel_pct": 100.0, "priority_category": "HIGH PRIORITY", "threshold_type": "95th percentile prioritisation threshold", "recommendation": "Spectral-stress evidence detected. Prioritise field inspection to determine the underlying cause. Field verification required.", "priority_rank": 341}}, {"type": "Feature", "geometry": {"type": "Polygon", "coordinates": [[[576375.0, 1949475.0], [576375.0, 1949385.0], [576405.0, 1949385.0], [576405.0, 1949355.0], [576435.0, 1949355.0], [576435.0, 1949325.0], [576465.0, 1949325.0], [576465.0, 1949295.0], [576525.0, 1949295.0], [576525.0, 1949325.0], [576555.0, 1949325.0], [576555.0, 1949355.0], [576525.0, 1949355.0], [576525.0, 1949445.0], [576495.0, 1949445.0], [576495.0, 1949475.0], [576375.0, 1949475.0]]]}, "properties": {"zone_id": "scene_01_DT0000205230-Z0418", "scene": "scene_01_DT0000205230", "pixel_count": 24, "approx_area_m2": 21600.0, "centroid_x": 576461.25, "centroid_y": 1949393.75, "mean_risk": 1.8395265340805054, "max_risk": 2.0102834701538086, "median_risk": 1.8171072006225586, "high_priority_pixel_pct": 100.0, "priority_category": "HIGH PRIORITY", "threshold_type": "95th percentile prioritisation threshold", "recommendation": "Spectral-stress evidence detected. Prioritise field inspection to determine the underlying cause. Field verification required.", "priority_rank": 293}}, {"type": "Feature", "geometry": {"type": "Polygon", "coordinates": [[[546645.0, 1949175.0], [546645.0, 1949115.0], [546615.0, 1949115.0], [546615.0, 1948965.0], [546585.0, 1948965.0], [546585.0, 1948935.0], [546645.0, 1948935.0], [546645.0, 1948965.0], [546735.0, 1948965.0], [546735.0, 1949025.0], [546705.0, 1949025.0], [546705.0, 1949175.0], [546645.0, 1949175.0]]]}, "properties": {"zone_id": "scene_01_DT0000205230-Z0419", "scene": "scene_01_DT0000205230", "pixel_count": 23, "approx_area_m2": 20700.0, "centroid_x": 546663.9130434783, "centroid_y": 1949046.5217391304, "mean_risk": 1.688672661781311, "max_risk": 1.71537446975708, "median_risk": 1.6905865669250488, "high_priority_pixel_pct": 100.0, "priority_category": "HIGH PRIORITY", "threshold_type": "95th percentile prioritisation threshold", "recommendation": "Spectral-stress evidence detected. Prioritise field inspection to determine the underlying cause. Field verification required.", "priority_rank": 436}}, {"type": "Feature", "geometry": {"type": "Polygon", "coordinates": [[[555075.0, 1949025.0], [555075.0, 1948995.0], [555045.0, 1948995.0], [555045.0, 1948965.0], [555105.0, 1948965.0], [555105.0, 1948935.0], [555135.0, 1948935.0], [555135.0, 1948905.0], [555045.0, 1948905.0], [555045.0, 1948875.0], [555075.0, 1948875.0], [555075.0, 1948845.0], [555105.0, 1948845.0], [555105.0, 1948875.0], [555165.0, 1948875.0], [555165.0, 1948845.0], [555195.0, 1948845.0], [555195.0, 1948875.0], [555255.0, 1948875.0], [555255.0, 1948935.0], [555285.0, 1948935.0], [555285.0, 1948965.0], [555255.0, 1948965.0], [555255.0, 1948995.0], [555165.0, 1948995.0], [555165.0, 1949025.0], [555075.0, 1949025.0]]]}, "properties": {"zone_id": "scene_01_DT0000205230-Z0420", "scene": "scene_01_DT0000205230", "pixel_count": 29, "approx_area_m2": 26100.0, "centroid_x": 555161.3793103448, "centroid_y": 1948938.6206896552, "mean_risk": 2.254457950592041, "max_risk": 3.4951703548431396, "median_risk": 2.2174019813537598, "high_priority_pixel_pct": 100.0, "priority_category": "HIGH PRIORITY", "threshold_type": "95th percentile prioritisation threshold", "recommendation": "Spectral-stress evidence detected. Prioritise field inspection to determine the underlying cause. Field verification required.", "priority_rank": 65}}, {"type": "Feature", "geometry": {"type": "Polygon", "coordinates": [[[546735.0, 1948935.0], [546735.0, 1948905.0], [546705.0, 1948905.0], [546705.0, 1948815.0], [546735.0, 1948815.0], [546735.0, 1948785.0], [546765.0, 1948785.0], [546765.0, 1948815.0], [546795.0, 1948815.0], [546795.0, 1948935.0], [546735.0, 1948935.0]]]}, "properties": {"zone_id": "scene_01_DT0000205230-Z0421", "scene": "scene_01_DT0000205230", "pixel_count": 13, "approx_area_m2": 11700.0, "centroid_x": 546747.6923076923, "centroid_y": 1948869.2307692308, "mean_risk": 1.6790525913238525, "max_risk": 1.6927341222763062, "median_risk": 1.681017279624939, "high_priority_pixel_pct": 100.0, "priority_category": "HIGH PRIORITY", "threshold_type": "95th percentile prioritisation threshold", "recommendation": "Spectral-stress evidence detected. Prioritise field inspection to determine the underlying cause. Field verification required.", "priority_rank": 438}}, {"type": "Feature", "geometry": {"type": "Polygon", "coordinates": [[[554385.0, 1948935.0], [554385.0, 1948905.0], [554355.0, 1948905.0], [554355.0, 1948875.0], [554325.0, 1948875.0], [554325.0, 1948845.0], [554385.0, 1948845.0], [554385.0, 1948875.0], [554415.0, 1948875.0], [554415.0, 1948905.0], [554475.0, 1948905.0], [554475.0, 1948875.0], [554535.0, 1948875.0], [554535.0, 1948845.0], [554595.0, 1948845.0], [554595.0, 1948875.0], [554565.0, 1948875.0], [554565.0, 1948905.0], [554535.0, 1948905.0], [554535.0, 1948935.0], [554385.0, 1948935.0]]]}, "properties": {"zone_id": "scene_01_DT0000205230-Z0422", "scene": "scene_01_DT0000205230", "pixel_count": 14, "approx_area_m2": 12600.0, "centroid_x": 554462.1428571428, "centroid_y": 1948892.142857143, "mean_risk": 1.8381918668746948, "max_risk": 2.1551852226257324, "median_risk": 1.7965850830078125, "high_priority_pixel_pct": 100.0, "priority_category": "HIGH PRIORITY", "threshold_type": "95th percentile prioritisation threshold", "recommendation": "Spectral-stress evidence detected. Prioritise field inspection to determine the underlying cause. Field verification required.", "priority_rank": 296}}, {"type": "Feature", "geometry": {"type": "Polygon", "coordinates": [[[548685.0, 1948635.0], [548685.0, 1948575.0], [548745.0, 1948575.0], [548745.0, 1948605.0], [548715.0, 1948605.0], [548715.0, 1948635.0], [548685.0, 1948635.0]]]}, "properties": {"zone_id": "scene_01_DT0000205230-Z0423", "scene": "scene_01_DT0000205230", "pixel_count": 10, "approx_area_m2": 9000.0, "centroid_x": 548664.0, "centroid_y": 1948680.0, "mean_risk": 1.9343169927597046, "max_risk": 2.1698250770568848, "median_risk": 1.9701613187789917, "high_priority_pixel_pct": 100.0, "priority_category": "HIGH PRIORITY", "threshold_type": "95th percentile prioritisation threshold", "recommendation": "Spectral-stress evidence detected. Prioritise field inspection to determine the underlying cause. Field verification required.", "priority_rank": 215}}, {"type": "Feature", "geometry": {"type": "Polygon", "coordinates": [[[555495.0, 1948665.0], [555495.0, 1948635.0], [555465.0, 1948635.0], [555465.0, 1948605.0], [555495.0, 1948605.0], [555495.0, 1948575.0], [555525.0, 1948575.0], [555525.0, 1948545.0], [555495.0, 1948545.0], [555495.0, 1948515.0], [555555.0, 1948515.0], [555555.0, 1948545.0], [555615.0, 1948545.0], [555615.0, 1948575.0], [555585.0, 1948575.0], [555585.0, 1948635.0], [555555.0, 1948635.0], [555555.0, 1948665.0], [555495.0, 1948665.0]]]}, "properties": {"zone_id": "scene_01_DT0000205230-Z0424", "scene": "scene_01_DT0000205230", "pixel_count": 14, "approx_area_m2": 12600.0, "centroid_x": 555537.8571428572, "centroid_y": 1948592.142857143, "mean_risk": 1.8925154209136963, "max_risk": 2.1538989543914795, "median_risk": 1.8842265605926514, "high_priority_pixel_pct": 100.0, "priority_category": "HIGH PRIORITY", "threshold_type": "95th percentile prioritisation threshold", "recommendation": "Spectral-stress evidence detected. Prioritise field inspection to determine the underlying cause. Field verification required.", "priority_rank": 250}}, {"type": "Feature", "geometry": {"type": "Polygon", "coordinates": [[[549285.0, 1948455.0], [549285.0, 1948425.0], [549315.0, 1948425.0], [549315.0, 1948455.0], [549285.0, 1948455.0]]]}, "properties": {"zone_id": "scene_01_DT0000205230-Z0425", "scene": "scene_01_DT0000205230", "pixel_count": 11, "approx_area_m2": 9900.0, "centroid_x": 549196.3636363636, "centroid_y": 1948505.4545454546, "mean_risk": 1.8082003593444824, "max_risk": 2.1132898330688477, "median_risk": 1.7534905672073364, "high_priority_pixel_pct": 100.0, "priority_category": "HIGH PRIORITY", "threshold_type": "95th percentile prioritisation threshold", "recommendation": "Spectral-stress evidence detected. Prioritise field inspection to determine the underlying cause. Field verification required.", "priority_rank": 327}}, {"type": "Feature", "geometry": {"type": "Polygon", "coordinates": [[[547785.0, 1948485.0], [547785.0, 1948425.0], [547845.0, 1948425.0], [547845.0, 1948395.0], [547905.0, 1948395.0], [547905.0, 1948365.0], [547935.0, 1948365.0], [547935.0, 1948335.0], [547965.0, 1948335.0], [547965.0, 1948395.0], [547935.0, 1948395.0], [547935.0, 1948455.0], [547815.0, 1948455.0], [547815.0, 1948485.0], [547785.0, 1948485.0]]]}, "properties": {"zone_id": "scene_01_DT0000205230-Z0426", "scene": "scene_01_DT0000205230", "pixel_count": 12, "approx_area_m2": 10800.0, "centroid_x": 547882.5, "centroid_y": 1948417.5, "mean_risk": 1.8916815519332886, "max_risk": 2.117997407913208, "median_risk": 1.8778409957885742, "high_priority_pixel_pct": 100.0, "priority_category": "HIGH PRIORITY", "threshold_type": "95th percentile prioritisation threshold", "recommendation": "Spectral-stress evidence detected. Prioritise field inspection to determine the underlying cause. Field verification required.", "priority_rank": 251}}, {"type": "Feature", "geometry": {"type": "Polygon", "coordinates": [[[548145.0, 1948335.0], [548145.0, 1948275.0], [548115.0, 1948275.0], [548115.0, 1948215.0], [548145.0, 1948215.0], [548145.0, 1948185.0], [548175.0, 1948185.0], [548175.0, 1948215.0], [548205.0, 1948215.0], [548205.0, 1948305.0], [548175.0, 1948305.0], [548175.0, 1948335.0], [548145.0, 1948335.0]]]}, "properties": {"zone_id": "scene_01_DT0000205230-Z0427", "scene": "scene_01_DT0000205230", "pixel_count": 23, "approx_area_m2": 20700.0, "centroid_x": 548103.9130434783, "centroid_y": 1948339.5652173914, "mean_risk": 2.148890733718872, "max_risk": 3.2817206382751465, "median_risk": 1.9798216819763184, "high_priority_pixel_pct": 100.0, "priority_category": "HIGH PRIORITY", "threshold_type": "95th percentile prioritisation threshold", "recommendation": "Spectral-stress evidence detected. Prioritise field inspection to determine the underlying cause. Field verification required.", "priority_rank": 97}}, {"type": "Feature", "geometry": {"type": "Polygon", "coordinates": [[[546885.0, 1948425.0], [546885.0, 1948395.0], [546825.0, 1948395.0], [546825.0, 1948365.0], [546735.0, 1948365.0], [546735.0, 1948335.0], [546675.0, 1948335.0], [546675.0, 1948305.0], [546645.0, 1948305.0], [546645.0, 1948245.0], [546615.0, 1948245.0], [546615.0, 1948215.0], [546585.0, 1948215.0], [546585.0, 1948185.0], [546555.0, 1948185.0], [546555.0, 1948155.0], [546495.0, 1948155.0], [546495.0, 1948065.0], [546525.0, 1948065.0], [546525.0, 1948095.0], [546555.0, 1948095.0], [546555.0, 1948125.0], [546585.0, 1948125.0], [546585.0, 1948155.0], [546615.0, 1948155.0], [546615.0, 1948095.0], [546675.0, 1948095.0], [546675.0, 1948215.0], [546735.0, 1948215.0], [546735.0, 1948245.0], [546795.0, 1948245.0], [546795.0, 1948215.0], [546765.0, 1948215.0], [546765.0, 1947945.0], [546735.0, 1947945.0], [546735.0, 1947915.0], [546705.0, 1947915.0], [546705.0, 1947855.0], [546735.0, 1947855.0], [546735.0, 1947645.0], [546765.0, 1947645.0], [546765.0, 1947675.0], [546855.0, 1947675.0], [546855.0, 1947645.0], [546885.0, 1947645.0], [546885.0, 1947615.0], [546855.0, 1947615.0], [546855.0, 1947585.0], [546885.0, 1947585.0], [546885.0, 1947555.0], [546915.0, 1947555.0], [546915.0, 1947465.0], [546945.0, 1947465.0], [546945.0, 1947435.0], [546975.0, 1947435.0], [546975.0, 1947465.0], [547005.0, 1947465.0], [547005.0, 1947495.0], [547035.0, 1947495.0], [547035.0, 1947585.0], [547005.0, 1947585.0], [547005.0, 1947615.0], [547035.0, 1947615.0], [547035.0, 1947675.0], [547065.0, 1947675.0], [547065.0, 1947795.0], [547095.0, 1947795.0], [547095.0, 1947855.0], [547035.0, 1947855.0], [547035.0, 1947885.0], [546975.0, 1947885.0], [546975.0, 1947915.0], [547005.0, 1947915.0], [547005.0, 1947975.0], [547095.0, 1947975.0], [547095.0, 1948065.0], [547065.0, 1948065.0], [547065.0, 1948095.0], [547035.0, 1948095.0], [547035.0, 1948065.0], [547005.0, 1948065.0], [547005.0, 1948095.0], [546975.0, 1948095.0], [546975.0, 1948125.0], [546945.0, 1948125.0], [546945.0, 1948185.0], [546975.0, 1948185.0], [546975.0, 1948215.0], [547005.0, 1948215.0], [547005.0, 1948245.0], [547035.0, 1948245.0], [547035.0, 1948305.0], [547005.0, 1948305.0], [547005.0, 1948335.0], [546975.0, 1948335.0], [546975.0, 1948365.0], [546945.0, 1948365.0], [546945.0, 1948395.0], [546915.0, 1948395.0], [546915.0, 1948425.0], [546885.0, 1948425.0]], [[546855.0, 1948305.0], [546885.0, 1948305.0], [546885.0, 1948245.0], [546855.0, 1948245.0], [546855.0, 1948215.0], [546825.0, 1948215.0], [546825.0, 1948275.0], [546855.0, 1948275.0], [546855.0, 1948305.0]], [[546975.0, 1947585.0], [547005.0, 1947585.0], [547005.0, 1947555.0], [546975.0, 1947555.0], [546975.0, 1947585.0]]]}, "properties": {"zone_id": "scene_01_DT0000205230-Z0428", "scene": "scene_01_DT0000205230", "pixel_count": 281, "approx_area_m2": 252900.0, "centroid_x": 546872.7758007117, "centroid_y": 1947972.0640569394, "mean_risk": 1.9051556587219238, "max_risk": 2.404122829437256, "median_risk": 1.833534598350525, "high_priority_pixel_pct": 100.0, "priority_category": "HIGH PRIORITY", "threshold_type": "95th percentile prioritisation threshold", "recommendation": "Spectral-stress evidence detected. Prioritise field inspection to determine the underlying cause. Field verification required.", "priority_rank": 238}}, {"type": "Feature", "geometry": {"type": "Polygon", "coordinates": [[[549075.0, 1948365.0], [549075.0, 1948305.0], [549045.0, 1948305.0], [549045.0, 1948275.0], [549015.0, 1948275.0], [549015.0, 1948305.0], [548985.0, 1948305.0], [548985.0, 1948335.0], [548955.0, 1948335.0], [548955.0, 1948305.0], [548925.0, 1948305.0], [548925.0, 1948275.0], [548985.0, 1948275.0], [548985.0, 1948215.0], [548955.0, 1948215.0], [548955.0, 1948185.0], [548985.0, 1948185.0], [548985.0, 1948155.0], [548955.0, 1948155.0], [548955.0, 1948125.0], [548985.0, 1948125.0], [548985.0, 1948095.0], [548925.0, 1948095.0], [548925.0, 1948125.0], [548865.0, 1948125.0], [548865.0, 1948095.0], [548835.0, 1948095.0], [548835.0, 1948065.0], [548925.0, 1948065.0], [548925.0, 1948035.0], [548955.0, 1948035.0], [548955.0, 1948005.0], [549165.0, 1948005.0], [549165.0, 1947975.0], [549195.0, 1947975.0], [549195.0, 1948035.0], [549165.0, 1948035.0], [549165.0, 1948125.0], [549105.0, 1948125.0], [549105.0, 1948095.0], [549135.0, 1948095.0], [549135.0, 1948065.0], [549015.0, 1948065.0], [549015.0, 1948215.0], [549045.0, 1948215.0], [549045.0, 1948245.0], [549135.0, 1948245.0], [549135.0, 1948185.0], [549195.0, 1948185.0], [549195.0, 1948215.0], [549225.0, 1948215.0], [549225.0, 1948275.0], [549375.0, 1948275.0], [549375.0, 1948365.0], [549315.0, 1948365.0], [549315.0, 1948335.0], [549255.0, 1948335.0], [549255.0, 1948365.0], [549225.0, 1948365.0], [549225.0, 1948335.0], [549135.0, 1948335.0], [549135.0, 1948365.0], [549075.0, 1948365.0]]]}, "properties": {"zone_id": "scene_01_DT0000205230-Z0429", "scene": "scene_01_DT0000205230", "pixel_count": 79, "approx_area_m2": 71100.0, "centroid_x": 549103.2911392405, "centroid_y": 1948195.82278481, "mean_risk": 1.9577240943908691, "max_risk": 2.489398956298828, "median_risk": 1.9194055795669556, "high_priority_pixel_pct": 100.0, "priority_category": "HIGH PRIORITY", "threshold_type": "95th percentile prioritisation threshold", "recommendation": "Spectral-stress evidence detected. Prioritise field inspection to determine the underlying cause. Field verification required.", "priority_rank": 187}}, {"type": "Feature", "geometry": {"type": "Polygon", "coordinates": [[[548265.0, 1948245.0], [548265.0, 1948215.0], [548235.0, 1948215.0], [548235.0, 1948185.0], [548205.0, 1948185.0], [548205.0, 1948125.0], [548265.0, 1948125.0], [548265.0, 1948155.0], [548295.0, 1948155.0], [548295.0, 1948125.0], [548415.0, 1948125.0], [548415.0, 1948215.0], [548295.0, 1948215.0], [548295.0, 1948245.0], [548265.0, 1948245.0]]]}, "properties": {"zone_id": "scene_01_DT0000205230-Z0430", "scene": "scene_01_DT0000205230", "pixel_count": 20, "approx_area_m2": 18000.0, "centroid_x": 548314.5, "centroid_y": 1948173.0, "mean_risk": 2.015834093093872, "max_risk": 2.4596972465515137, "median_risk": 2.051651954650879, "high_priority_pixel_pct": 100.0, "priority_category": "HIGH PRIORITY", "threshold_type": "95th percentile prioritisation threshold", "recommendation": "Spectral-stress evidence detected. Prioritise field inspection to determine the underlying cause. Field verification required.", "priority_rank": 147}}, {"type": "Feature", "geometry": {"type": "Polygon", "coordinates": [[[577245.0, 1947945.0], [577245.0, 1947825.0], [577275.0, 1947825.0], [577275.0, 1947765.0], [577305.0, 1947765.0], [577305.0, 1947735.0], [577335.0, 1947735.0], [577335.0, 1947825.0], [577305.0, 1947825.0], [577305.0, 1947945.0], [577245.0, 1947945.0]]]}, "properties": {"zone_id": "scene_01_DT0000205230-Z0431", "scene": "scene_01_DT0000205230", "pixel_count": 13, "approx_area_m2": 11700.0, "centroid_x": 577287.6923076923, "centroid_y": 1947846.923076923, "mean_risk": 1.7762255668640137, "max_risk": 1.9594768285751343, "median_risk": 1.7493715286254883, "high_priority_pixel_pct": 100.0, "priority_category": "HIGH PRIORITY", "threshold_type": "95th percentile prioritisation threshold", "recommendation": "Spectral-stress evidence detected. Prioritise field inspection to determine the underlying cause. Field verification required.", "priority_rank": 370}}, {"type": "Feature", "geometry": {"type": "Polygon", "coordinates": [[[549075.0, 1947705.0], [549075.0, 1947645.0], [549105.0, 1947645.0], [549105.0, 1947615.0], [549075.0, 1947615.0], [549075.0, 1947585.0], [549015.0, 1947585.0], [549015.0, 1947555.0], [548955.0, 1947555.0], [548955.0, 1947525.0], [548895.0, 1947525.0], [548895.0, 1947495.0], [549045.0, 1947495.0], [549045.0, 1947525.0], [549075.0, 1947525.0], [549075.0, 1947555.0], [549105.0, 1947555.0], [549105.0, 1947525.0], [549195.0, 1947525.0], [549195.0, 1947555.0], [549255.0, 1947555.0], [549255.0, 1947615.0], [549165.0, 1947615.0], [549165.0, 1947675.0], [549135.0, 1947675.0], [549135.0, 1947705.0], [549075.0, 1947705.0]]]}, "properties": {"zone_id": "scene_01_DT0000205230-Z0432", "scene": "scene_01_DT0000205230", "pixel_count": 33, "approx_area_m2": 29700.0, "centroid_x": 549099.0909090909, "centroid_y": 1947579.0909090908, "mean_risk": 1.7783722877502441, "max_risk": 1.928723692893982, "median_risk": 1.7858942747116089, "high_priority_pixel_pct": 100.0, "priority_category": "HIGH PRIORITY", "threshold_type": "95th percentile prioritisation threshold", "recommendation": "Spectral-stress evidence detected. Prioritise field inspection to determine the underlying cause. Field verification required.", "priority_rank": 367}}, {"type": "Feature", "geometry": {"type": "Polygon", "coordinates": [[[547065.0, 1947525.0], [547065.0, 1947405.0], [547035.0, 1947405.0], [547035.0, 1947375.0], [547065.0, 1947375.0], [547065.0, 1947285.0], [547125.0, 1947285.0], [547125.0, 1947435.0], [547095.0, 1947435.0], [547095.0, 1947525.0], [547065.0, 1947525.0]]]}, "properties": {"zone_id": "scene_01_DT0000205230-Z0433", "scene": "scene_01_DT0000205230", "pixel_count": 14, "approx_area_m2": 12600.0, "centroid_x": 547088.5714285715, "centroid_y": 1947387.857142857, "mean_risk": 1.759499192237854, "max_risk": 1.9234952926635742, "median_risk": 1.7285419702529907, "high_priority_pixel_pct": 100.0, "priority_category": "HIGH PRIORITY", "threshold_type": "95th percentile prioritisation threshold", "recommendation": "Spectral-stress evidence detected. Prioritise field inspection to determine the underlying cause. Field verification required.", "priority_rank": 385}}, {"type": "Feature", "geometry": {"type": "Polygon", "coordinates": [[[547245.0, 1947525.0], [547245.0, 1947465.0], [547305.0, 1947465.0], [547305.0, 1947435.0], [547395.0, 1947435.0], [547395.0, 1947495.0], [547275.0, 1947495.0], [547275.0, 1947525.0], [547245.0, 1947525.0]]]}, "properties": {"zone_id": "scene_01_DT0000205230-Z0434", "scene": "scene_01_DT0000205230", "pixel_count": 9, "approx_area_m2": 8100.0, "centroid_x": 547323.3333333334, "centroid_y": 1947473.3333333333, "mean_risk": 1.9291682243347168, "max_risk": 2.306309461593628, "median_risk": 1.947513461112976, "high_priority_pixel_pct": 100.0, "priority_category": "HIGH PRIORITY", "threshold_type": "95th percentile prioritisation threshold", "recommendation": "Spectral-stress evidence detected. Prioritise field inspection to determine the underlying cause. Field verification required.", "priority_rank": 220}}, {"type": "Feature", "geometry": {"type": "Polygon", "coordinates": [[[546285.0, 1947375.0], [546285.0, 1947315.0], [546255.0, 1947315.0], [546255.0, 1947255.0], [546285.0, 1947255.0], [546285.0, 1947225.0], [546375.0, 1947225.0], [546375.0, 1947375.0], [546285.0, 1947375.0]]]}, "properties": {"zone_id": "scene_01_DT0000205230-Z0435", "scene": "scene_01_DT0000205230", "pixel_count": 17, "approx_area_m2": 15300.0, "centroid_x": 546322.9411764706, "centroid_y": 1947298.2352941176, "mean_risk": 2.6076500415802, "max_risk": 3.7093935012817383, "median_risk": 2.5080411434173584, "high_priority_pixel_pct": 100.0, "priority_category": "HIGH PRIORITY", "threshold_type": "95th percentile prioritisation threshold", "recommendation": "Spectral-stress evidence detected. Prioritise field inspection to determine the underlying cause. Field verification required.", "priority_rank": 23}}, {"type": "Feature", "geometry": {"type": "Polygon", "coordinates": [[[548925.0, 1947105.0], [548925.0, 1947075.0], [548865.0, 1947075.0], [548865.0, 1947015.0], [548895.0, 1947015.0], [548895.0, 1946985.0], [548955.0, 1946985.0], [548955.0, 1947105.0], [548925.0, 1947105.0]]]}, "properties": {"zone_id": "scene_01_DT0000205230-Z0436", "scene": "scene_01_DT0000205230", "pixel_count": 9, "approx_area_m2": 8100.0, "centroid_x": 548916.6666666666, "centroid_y": 1947040.0, "mean_risk": 2.6417882442474365, "max_risk": 3.4696199893951416, "median_risk": 2.636122226715088, "high_priority_pixel_pct": 100.0, "priority_category": "HIGH PRIORITY", "threshold_type": "95th percentile prioritisation threshold", "recommendation": "Spectral-stress evidence detected. Prioritise field inspection to determine the underlying cause. Field verification required.", "priority_rank": 18}}, {"type": "Feature", "geometry": {"type": "Polygon", "coordinates": [[[554325.0, 1946325.0], [554325.0, 1946295.0], [554265.0, 1946295.0], [554265.0, 1946235.0], [554295.0, 1946235.0], [554295.0, 1946205.0], [554325.0, 1946205.0], [554325.0, 1946175.0], [554355.0, 1946175.0], [554355.0, 1946145.0], [554415.0, 1946145.0], [554415.0, 1946115.0], [554445.0, 1946115.0], [554445.0, 1946175.0], [554415.0, 1946175.0], [554415.0, 1946235.0], [554385.0, 1946235.0], [554385.0, 1946265.0], [554355.0, 1946265.0], [554355.0, 1946325.0], [554325.0, 1946325.0]]]}, "properties": {"zone_id": "scene_01_DT0000205230-Z0437", "scene": "scene_01_DT0000205230", "pixel_count": 21, "approx_area_m2": 18900.0, "centroid_x": 554344.2857142857, "centroid_y": 1946231.4285714286, "mean_risk": 1.7832669019699097, "max_risk": 1.8935600519180298, "median_risk": 1.7974894046783447, "high_priority_pixel_pct": 100.0, "priority_category": "HIGH PRIORITY", "threshold_type": "95th percentile prioritisation threshold", "recommendation": "Spectral-stress evidence detected. Prioritise field inspection to determine the underlying cause. Field verification required.", "priority_rank": 364}}, {"type": "Feature", "geometry": {"type": "Polygon", "coordinates": [[[573255.0, 1945395.0], [573255.0, 1945365.0], [573225.0, 1945365.0], [573225.0, 1945245.0], [573255.0, 1945245.0], [573255.0, 1945275.0], [573285.0, 1945275.0], [573285.0, 1945305.0], [573315.0, 1945305.0], [573315.0, 1945365.0], [573285.0, 1945365.0], [573285.0, 1945395.0], [573255.0, 1945395.0]]]}, "properties": {"zone_id": "scene_01_DT0000205230-Z0438", "scene": "scene_01_DT0000205230", "pixel_count": 10, "approx_area_m2": 9000.0, "centroid_x": 573264.0, "centroid_y": 1945323.0, "mean_risk": 2.326798677444458, "max_risk": 2.9637949466705322, "median_risk": 2.3031742572784424, "high_priority_pixel_pct": 100.0, "priority_category": "HIGH PRIORITY", "threshold_type": "95th percentile prioritisation threshold", "recommendation": "Spectral-stress evidence detected. Prioritise field inspection to determine the underlying cause. Field verification required.", "priority_rank": 55}}]}