zone_id,scene,pixel_count,approx_area_m2,centroid_x,centroid_y,mean_risk,max_risk,median_risk,high_priority_pixel_pct,priority_category,threshold_type,recommendation,priority_rank
scene_01_DT0000205230-Z0129,scene_01_DT0000205230,365,328500.0,568041.205479452,1969236.98630137,3.391275405883789,4.917055606842041,3.6088309288024902,100.0,HIGH PRIORITY,95th percentile prioritisation threshold,Spectral-stress evidence detected. Prioritise field inspection to determine the underlying cause. Field verification required.,1
scene_01_DT0000205230-Z0087,scene_01_DT0000205230,419,377100.0,558407.1121718377,1971259.9761336516,3.2093188762664795,4.888455390930176,3.2355635166168213,100.0,HIGH PRIORITY,95th percentile prioritisation threshold,Spectral-stress evidence detected. Prioritise field inspection to determine the underlying cause. Field verification required.,2
scene_01_DT0000205230-Z0191,scene_01_DT0000205230,266,239400.0,566663.5714285715,1965214.84962406,3.2081079483032227,4.720612525939941,3.213658094406128,100.0,HIGH PRIORITY,95th percentile prioritisation threshold,Spectral-stress evidence detected. Prioritise field inspection to determine the underlying cause. Field verification required.,3
scene_01_DT0000205230-Z0052,scene_01_DT0000205230,104,93600.0,557396.5384615385,1972605.0,3.157369375228882,4.489564895629883,3.188014507293701,100.0,HIGH PRIORITY,95th percentile prioritisation threshold,Spectral-stress evidence detected. Prioritise field inspection to determine the underlying cause. Field verification required.,4
scene_01_DT0000205230-Z0181,scene_01_DT0000205230,550,495000.0,567301.9090909091,1965756.981818182,3.1358067989349365,4.856600761413574,3.2084779739379883,100.0,HIGH PRIORITY,95th percentile prioritisation threshold,Spectral-stress evidence detected. Prioritise field inspection to determine the underlying cause. Field verification required.,5
scene_01_DT0000205230-Z0159,scene_01_DT0000205230,27,24300.0,567847.7777777778,1967663.3333333333,3.0326154232025146,4.065405368804932,3.14579439163208,100.0,HIGH PRIORITY,95th percentile prioritisation threshold,Spectral-stress evidence detected. Prioritise field inspection to determine the underlying cause. Field verification required.,6
scene_01_DT0000205230-Z0083,scene_01_DT0000205230,75,67500.0,557003.2,1971656.4,3.0304291248321533,4.487418174743652,2.981593608856201,100.0,HIGH PRIORITY,95th percentile prioritisation threshold,Spectral-stress evidence detected. Prioritise field inspection to determine the underlying cause. Field verification required.,7
scene_01_DT0000205230-Z0369,scene_01_DT0000205230,441,396900.0,566587.2789115646,1955804.9659863946,2.922233819961548,5.3697614669799805,2.8366360664367676,100.0,HIGH PRIORITY,95th percentile prioritisation threshold,Spectral-stress evidence detected. Prioritise field inspection to determine the underlying cause. Field verification required.,8
scene_01_DT0000205230-Z0119,scene_01_DT0000205230,197,177300.0,569409.8984771573,1969786.5989847716,2.911094903945923,4.449180603027344,2.884324550628662,100.0,HIGH PRIORITY,95th percentile prioritisation threshold,Spectral-stress evidence detected. Prioritise field inspection to determine the underlying cause. Field verification required.,9
scene_01_DT0000205230-Z0065,scene_01_DT0000205230,345,310500.0,558809.304347826,1971937.1304347827,2.901850461959839,4.592713832855225,2.771385908126831,100.0,HIGH PRIORITY,95th percentile prioritisation threshold,Spectral-stress evidence detected. Prioritise field inspection to determine the underlying cause. Field verification required.,10
scene_01_DT0000205230-Z0145,scene_01_DT0000205230,118,106200.0,568526.186440678,1968829.5762711863,2.8721249103546143,4.27512788772583,2.886366844177246,100.0,HIGH PRIORITY,95th percentile prioritisation threshold,Spectral-stress evidence detected. Prioritise field inspection to determine the underlying cause. Field verification required.,11
scene_01_DT0000205230-Z0124,scene_01_DT0000205230,119,107100.0,568571.0924369748,1969664.3697478992,2.844916820526123,4.036917209625244,2.8760993480682373,100.0,HIGH PRIORITY,95th percentile prioritisation threshold,Spectral-stress evidence detected. Prioritise field inspection to determine the underlying cause. Field verification required.,12
scene_01_DT0000205230-Z0206,scene_01_DT0000205230,45,40500.0,566197.3333333334,1964554.6666666667,2.8181707859039307,4.16710901260376,2.771003246307373,100.0,HIGH PRIORITY,95th percentile prioritisation threshold,Spectral-stress evidence detected. Prioritise field inspection to determine the underlying cause. Field verification required.,13
scene_01_DT0000205230-Z0089,scene_01_DT0000205230,54,48600.0,559143.3333333334,1971361.111111111,2.7377710342407227,4.1859450340271,2.5803382396698,100.0,HIGH PRIORITY,95th percentile prioritisation threshold,Spectral-stress evidence detected. Prioritise field inspection to determine the underlying cause. Field verification required.,14
scene_01_DT0000205230-Z0123,scene_01_DT0000205230,196,176400.0,570234.4897959183,1969705.2551020407,2.730515480041504,4.29805850982666,2.6582000255584717,100.0,HIGH PRIORITY,95th percentile prioritisation threshold,Spectral-stress evidence detected. Prioritise field inspection to determine the underlying cause. Field verification required.,15
scene_01_DT0000205230-Z0251,scene_01_DT0000205230,374,336600.0,561495.7219251337,1961493.7700534759,2.7092158794403076,3.7463183403015137,2.7381296157836914,100.0,HIGH PRIORITY,95th percentile prioritisation threshold,Spectral-stress evidence detected. Prioritise field inspection to determine the underlying cause. Field verification required.,16
scene_01_DT0000205230-Z0390,scene_01_DT0000205230,207,186300.0,567135.2173913043,1953660.579710145,2.666675567626953,4.975930213928223,2.4684486389160156,100.0,HIGH PRIORITY,95th percentile prioritisation threshold,Spectral-stress evidence detected. Prioritise field inspection to determine the underlying cause. Field verification required.,17
scene_01_DT0000205230-Z0436,scene_01_DT0000205230,9,8100.0,548916.6666666666,1947040.0,2.6417882442474365,3.4696199893951416,2.636122226715088,100.0,HIGH PRIORITY,95th percentile prioritisation threshold,Spectral-stress evidence detected. Prioritise field inspection to determine the underlying cause. Field verification required.,18
scene_01_DT0000205230-Z0039,scene_01_DT0000205230,234,210600.0,577960.5128205129,1973156.4102564103,2.637096881866455,5.946924686431885,2.183323860168457,100.0,HIGH PRIORITY,95th percentile prioritisation threshold,Spectral-stress evidence detected. Prioritise field inspection to determine the underlying cause. Field verification required.,19
scene_01_DT0000205230-Z0300,scene_01_DT0000205230,17,15300.0,575546.4705882353,1959550.5882352942,2.621187210083008,3.4560539722442627,2.6855850219726562,100.0,HIGH PRIORITY,95th percentile prioritisation threshold,Spectral-stress evidence detected. Prioritise field inspection to determine the underlying cause. Field verification required.,20
scene_01_DT0000205230-Z0066,scene_01_DT0000205230,132,118800.0,551306.1363636364,1971677.9545454546,2.618643283843994,3.4493041038513184,2.5969157218933105,100.0,HIGH PRIORITY,95th percentile prioritisation threshold,Spectral-stress evidence detected. Prioritise field inspection to determine the underlying cause. Field verification required.,21
scene_01_DT0000205230-Z0188,scene_01_DT0000205230,36,32400.0,564930.0,1965711.6666666667,2.611729621887207,3.6198484897613525,2.4860010147094727,100.0,HIGH PRIORITY,95th percentile prioritisation threshold,Spectral-stress evidence detected. Prioritise field inspection to determine the underlying cause. Field verification required.,22
scene_01_DT0000205230-Z0435,scene_01_DT0000205230,17,15300.0,546322.9411764706,1947298.2352941176,2.6076500415802,3.7093935012817383,2.5080411434173584,100.0,HIGH PRIORITY,95th percentile prioritisation threshold,Spectral-stress evidence detected. Prioritise field inspection to determine the underlying cause. Field verification required.,23
scene_01_DT0000205230-Z0069,scene_01_DT0000205230,206,185400.0,556421.9417475729,1971832.2815533981,2.5982985496520996,4.140091896057129,2.4367430210113525,100.0,HIGH PRIORITY,95th percentile prioritisation threshold,Spectral-stress evidence detected. Prioritise field inspection to determine the underlying cause. Field verification required.,24
scene_01_DT0000205230-Z0388,scene_01_DT0000205230,76,68400.0,567598.4210526316,1953854.2105263157,2.589932918548584,4.178133010864258,2.405503749847412,100.0,HIGH PRIORITY,95th percentile prioritisation threshold,Spectral-stress evidence detected. Prioritise field inspection to determine the underlying cause. Field verification required.,25
scene_01_DT0000205230-Z0227,scene_01_DT0000205230,223,200700.0,558004.4394618834,1962891.3901345292,2.5698583126068115,4.394794940948486,2.436774969100952,100.0,HIGH PRIORITY,95th percentile prioritisation threshold,Spectral-stress evidence detected. Prioritise field inspection to determine the underlying cause. Field verification required.,26
scene_01_DT0000205230-Z0057,scene_01_DT0000205230,19,17100.0,554884.7368421053,1972616.8421052631,2.5420899391174316,3.4064342975616455,2.6568305492401123,100.0,HIGH PRIORITY,95th percentile prioritisation threshold,Spectral-stress evidence detected. Prioritise field inspection to determine the underlying cause. Field verification required.,27
scene_01_DT0000205230-Z0114,scene_01_DT0000205230,10,9000.0,553794.0,1970100.0,2.518240451812744,3.423539876937866,2.5518977642059326,100.0,HIGH PRIORITY,95th percentile prioritisation threshold,Spectral-stress evidence detected. Prioritise field inspection to determine the underlying cause. Field verification required.,28
scene_01_DT0000205230-Z0277,scene_01_DT0000205230,96,86400.0,559912.8125,1960428.125,2.514906167984009,3.6102097034454346,2.540847063064575,100.0,HIGH PRIORITY,95th percentile prioritisation threshold,Spectral-stress evidence detected. Prioritise field inspection to determine the underlying cause. Field verification required.,29
scene_01_DT0000205230-Z0157,scene_01_DT0000205230,10,9000.0,568215.0,1967856.0,2.5052974224090576,3.1777119636535645,2.4148945808410645,100.0,HIGH PRIORITY,95th percentile prioritisation threshold,Spectral-stress evidence detected. Prioritise field inspection to determine the underlying cause. Field verification required.,30
scene_01_DT0000205230-Z0209,scene_01_DT0000205230,48,43200.0,558245.0,1964376.875,2.490753173828125,3.45068621635437,2.5815465450286865,100.0,HIGH PRIORITY,95th percentile prioritisation threshold,Spectral-stress evidence detected. Prioritise field inspection to determine the underlying cause. Field verification required.,31
scene_01_DT0000205230-Z0218,scene_01_DT0000205230,19,17100.0,566954.2105263158,1963651.5789473683,2.4870641231536865,3.1183152198791504,2.606100082397461,100.0,HIGH PRIORITY,95th percentile prioritisation threshold,Spectral-stress evidence detected. Prioritise field inspection to determine the underlying cause. Field verification required.,32
scene_01_DT0000205230-Z0179,scene_01_DT0000205230,68,61200.0,557526.1764705882,1966426.7647058824,2.463862895965576,3.7117371559143066,2.354579448699951,100.0,HIGH PRIORITY,95th percentile prioritisation threshold,Spectral-stress evidence detected. Prioritise field inspection to determine the underlying cause. Field verification required.,33
scene_01_DT0000205230-Z0134,scene_01_DT0000205230,10,9000.0,570489.0,1969413.0,2.4501307010650635,3.0766310691833496,2.410931348800659,100.0,HIGH PRIORITY,95th percentile prioritisation threshold,Spectral-stress evidence detected. Prioritise field inspection to determine the underlying cause. Field verification required.,34
scene_01_DT0000205230-Z0104,scene_01_DT0000205230,23,20700.0,575520.0,1970596.956521739,2.446105718612671,3.001950979232788,2.4316723346710205,100.0,HIGH PRIORITY,95th percentile prioritisation threshold,Spectral-stress evidence detected. Prioritise field inspection to determine the underlying cause. Field verification required.,35
scene_01_DT0000205230-Z0103,scene_01_DT0000205230,134,120600.0,574769.776119403,1970382.7611940298,2.4410030841827393,4.119989395141602,2.3301796913146973,100.0,HIGH PRIORITY,95th percentile prioritisation threshold,Spectral-stress evidence detected. Prioritise field inspection to determine the underlying cause. Field verification required.,36
scene_01_DT0000205230-Z0161,scene_01_DT0000205230,29,26100.0,568185.5172413794,1967603.7931034483,2.439783811569214,3.5214388370513916,2.34295654296875,100.0,HIGH PRIORITY,95th percentile prioritisation threshold,Spectral-stress evidence detected. Prioritise field inspection to determine the underlying cause. Field verification required.,37
scene_01_DT0000205230-Z0318,scene_01_DT0000205230,133,119700.0,567800.977443609,1958425.4887218045,2.422266960144043,3.8649299144744873,2.354065179824829,100.0,HIGH PRIORITY,95th percentile prioritisation threshold,Spectral-stress evidence detected. Prioritise field inspection to determine the underlying cause. Field verification required.,38
scene_01_DT0000205230-Z0166,scene_01_DT0000205230,22,19800.0,579784.0909090909,1967200.9090909092,2.4185128211975098,2.838045120239258,2.563352108001709,100.0,HIGH PRIORITY,95th percentile prioritisation threshold,Spectral-stress evidence detected. Prioritise field inspection to determine the underlying cause. Field verification required.,39
scene_01_DT0000205230-Z0391,scene_01_DT0000205230,9,8100.0,567926.6666666666,1953760.0,2.413879871368408,3.0779716968536377,2.5447399616241455,100.0,HIGH PRIORITY,95th percentile prioritisation threshold,Spectral-stress evidence detected. Prioritise field inspection to determine the underlying cause. Field verification required.,40
scene_01_DT0000205230-Z0170,scene_01_DT0000205230,336,302400.0,579587.5,1965993.0357142857,2.4074344635009766,3.7027838230133057,2.358799934387207,100.0,HIGH PRIORITY,95th percentile prioritisation threshold,Spectral-stress evidence detected. Prioritise field inspection to determine the underlying cause. Field verification required.,41
scene_01_DT0000205230-Z0176,scene_01_DT0000205230,177,159300.0,578825.4237288135,1966278.813559322,2.4034948348999023,3.4989826679229736,2.3632683753967285,100.0,HIGH PRIORITY,95th percentile prioritisation threshold,Spectral-stress evidence detected. Prioritise field inspection to determine the underlying cause. Field verification required.,42
scene_01_DT0000205230-Z0241,scene_01_DT0000205230,50,45000.0,572378.4,1962328.8,2.398319721221924,3.812549114227295,2.154217481613159,100.0,HIGH PRIORITY,95th percentile prioritisation threshold,Spectral-stress evidence detected. Prioritise field inspection to determine the underlying cause. Field verification required.,43
scene_01_DT0000205230-Z0006,scene_01_DT0000205230,33,29700.0,570501.8181818182,1975109.0909090908,2.3963570594787598,4.013289451599121,2.1162002086639404,100.0,HIGH PRIORITY,95th percentile prioritisation threshold,Spectral-stress evidence detected. Prioritise field inspection to determine the underlying cause. Field verification required.,44
scene_01_DT0000205230-Z0086,scene_01_DT0000205230,93,83700.0,551586.4516129033,1971513.8709677418,2.382948637008667,3.27410626411438,2.465965747833252,100.0,HIGH PRIORITY,95th percentile prioritisation threshold,Spectral-stress evidence detected. Prioritise field inspection to determine the underlying cause. Field verification required.,45
scene_01_DT0000205230-Z0155,scene_01_DT0000205230,10,9000.0,569721.0,1967928.0,2.3781416416168213,2.77791428565979,2.3709537982940674,100.0,HIGH PRIORITY,95th percentile prioritisation threshold,Spectral-stress evidence detected. Prioritise field inspection to determine the underlying cause. Field verification required.,46
scene_01_DT0000205230-Z0219,scene_01_DT0000205230,398,358200.0,578473.0402010051,1962844.0703517587,2.3734686374664307,3.1488277912139893,2.4176876544952393,100.0,HIGH PRIORITY,95th percentile prioritisation threshold,Spectral-stress evidence detected. Prioritise field inspection to determine the underlying cause. Field verification required.,47
scene_01_DT0000205230-Z0178,scene_01_DT0000205230,38,34200.0,557796.3157894737,1966482.6315789474,2.3604068756103516,3.6549184322357178,2.3996007442474365,100.0,HIGH PRIORITY,95th percentile prioritisation threshold,Spectral-stress evidence detected. Prioritise field inspection to determine the underlying cause. Field verification required.,48
scene_01_DT0000205230-Z0025,scene_01_DT0000205230,3436,3092400.0,562745.0902211874,1972399.4790454016,2.3577773571014404,4.059305191040039,2.323820114135742,100.0,HIGH PRIORITY,95th percentile prioritisation threshold,Spectral-stress evidence detected. Prioritise field inspection to determine the underlying cause. Field verification required.,49
scene_01_DT0000205230-Z0136,scene_01_DT0000205230,212,190800.0,556881.0849056604,1969110.0,2.356353282928467,3.640094757080078,2.285393714904785,100.0,HIGH PRIORITY,95th percentile prioritisation threshold,Spectral-stress evidence detected. Prioritise field inspection to determine the underlying cause. Field verification required.,50
scene_01_DT0000205230-Z0032,scene_01_DT0000205230,47,42300.0,581388.5106382979,1973539.1489361702,2.3546090126037598,3.242727756500244,2.354689836502075,100.0,HIGH PRIORITY,95th percentile prioritisation threshold,Spectral-stress evidence detected. Prioritise field inspection to determine the underlying cause. Field verification required.,51
scene_01_DT0000205230-Z0132,scene_01_DT0000205230,1098,988200.0,579640.5737704918,1968244.7267759563,2.3475289344787598,3.647184133529663,2.2379231452941895,100.0,HIGH PRIORITY,95th percentile prioritisation threshold,Spectral-stress evidence detected. Prioritise field inspection to determine the underlying cause. Field verification required.,52
scene_01_DT0000205230-Z0031,scene_01_DT0000205230,26,23400.0,574578.4615384615,1973665.3846153845,2.3441476821899414,3.232962131500244,2.3067173957824707,100.0,HIGH PRIORITY,95th percentile prioritisation threshold,Spectral-stress evidence detected. Prioritise field inspection to determine the underlying cause. Field verification required.,53
scene_01_DT0000205230-Z0256,scene_01_DT0000205230,214,192600.0,578260.7943925234,1961038.0373831776,2.343149423599243,3.1357011795043945,2.3443567752838135,100.0,HIGH PRIORITY,95th percentile prioritisation threshold,Spectral-stress evidence detected. Prioritise field inspection to determine the underlying cause. Field verification required.,54
scene_01_DT0000205230-Z0438,scene_01_DT0000205230,10,9000.0,573264.0,1945323.0,2.326798677444458,2.9637949466705322,2.3031742572784424,100.0,HIGH PRIORITY,95th percentile prioritisation threshold,Spectral-stress evidence detected. Prioritise field inspection to determine the underlying cause. Field verification required.,55
scene_01_DT0000205230-Z0140,scene_01_DT0000205230,15,13500.0,554648.0,1969300.0,2.3253278732299805,3.156803846359253,2.2796008586883545,100.0,HIGH PRIORITY,95th percentile prioritisation threshold,Spectral-stress evidence detected. Prioritise field inspection to determine the underlying cause. Field verification required.,56
scene_01_DT0000205230-Z0260,scene_01_DT0000205230,180,162000.0,572280.6666666666,1961177.5,2.312072515487671,4.050338268280029,2.203157424926758,100.0,HIGH PRIORITY,95th percentile prioritisation threshold,Spectral-stress evidence detected. Prioritise field inspection to determine the underlying cause. Field verification required.,57
scene_01_DT0000205230-Z0019,scene_01_DT0000205230,26,23400.0,566103.4615384615,1974213.4615384615,2.3062939643859863,2.9577860832214355,2.337703227996826,100.0,HIGH PRIORITY,95th percentile prioritisation threshold,Spectral-stress evidence detected. Prioritise field inspection to determine the underlying cause. Field verification required.,58
scene_01_DT0000205230-Z0207,scene_01_DT0000205230,10,9000.0,566370.0,1964595.0,2.273409366607666,2.7488667964935303,2.238917350769043,100.0,HIGH PRIORITY,95th percentile prioritisation threshold,Spectral-stress evidence detected. Prioritise field inspection to determine the underlying cause. Field verification required.,59
scene_01_DT0000205230-Z0141,scene_01_DT0000205230,1085,976500.0,574371.9539170507,1968363.8986175116,2.2672038078308105,3.585137367248535,2.2042124271392822,100.0,HIGH PRIORITY,95th percentile prioritisation threshold,Spectral-stress evidence detected. Prioritise field inspection to determine the underlying cause. Field verification required.,60
scene_01_DT0000205230-Z0085,scene_01_DT0000205230,186,167400.0,581339.5161290322,1971340.8064516129,2.260892629623413,3.305443525314331,2.2407150268554688,100.0,HIGH PRIORITY,95th percentile prioritisation threshold,Spectral-stress evidence detected. Prioritise field inspection to determine the underlying cause. Field verification required.,61
scene_01_DT0000205230-Z0386,scene_01_DT0000205230,20,18000.0,566982.0,1954042.5,2.257918119430542,3.3483023643493652,2.155642509460449,100.0,HIGH PRIORITY,95th percentile prioritisation threshold,Spectral-stress evidence detected. Prioritise field inspection to determine the underlying cause. Field verification required.,62
scene_01_DT0000205230-Z0152,scene_01_DT0000205230,21,18900.0,563945.7142857143,1968170.0,2.2576816082000732,2.993065595626831,2.254476308822632,100.0,HIGH PRIORITY,95th percentile prioritisation threshold,Spectral-stress evidence detected. Prioritise field inspection to determine the underlying cause. Field verification required.,63
scene_01_DT0000205230-Z0165,scene_01_DT0000205230,216,194400.0,578977.9166666666,1966996.25,2.256431818008423,3.4891154766082764,2.1337077617645264,100.0,HIGH PRIORITY,95th percentile prioritisation threshold,Spectral-stress evidence detected. Prioritise field inspection to determine the underlying cause. Field verification required.,64
scene_01_DT0000205230-Z0420,scene_01_DT0000205230,29,26100.0,555161.3793103448,1948938.6206896552,2.254457950592041,3.4951703548431396,2.2174019813537598,100.0,HIGH PRIORITY,95th percentile prioritisation threshold,Spectral-stress evidence detected. Prioritise field inspection to determine the underlying cause. Field verification required.,65
scene_01_DT0000205230-Z0341,scene_01_DT0000205230,701,630900.0,578423.0670470756,1956980.1569186875,2.2524163722991943,3.205587863922119,2.2342281341552734,100.0,HIGH PRIORITY,95th percentile prioritisation threshold,Spectral-stress evidence detected. Prioritise field inspection to determine the underlying cause. Field verification required.,66
scene_01_DT0000205230-Z0286,scene_01_DT0000205230,9,8100.0,560453.3333333334,1960300.0,2.2522826194763184,2.641033887863159,2.2482810020446777,100.0,HIGH PRIORITY,95th percentile prioritisation threshold,Spectral-stress evidence detected. Prioritise field inspection to determine the underlying cause. Field verification required.,67
scene_01_DT0000205230-Z0101,scene_01_DT0000205230,8971,8073900.0,577066.8743729796,1967764.2704269313,2.2490341663360596,3.6960086822509766,2.171656608581543,100.0,HIGH PRIORITY,95th percentile prioritisation threshold,Spectral-stress evidence detected. Prioritise field inspection to determine the underlying cause. Field verification required.,68
scene_01_DT0000205230-Z0051,scene_01_DT0000205230,132,118800.0,564741.1363636364,1972809.5454545454,2.24845552444458,3.1467483043670654,2.213193416595459,100.0,HIGH PRIORITY,95th percentile prioritisation threshold,Spectral-stress evidence detected. Prioritise field inspection to determine the underlying cause. Field verification required.,69
scene_01_DT0000205230-Z0195,scene_01_DT0000205230,202,181800.0,579467.2277227723,1964827.7227722772,2.244722843170166,3.213391065597534,2.197946548461914,100.0,HIGH PRIORITY,95th percentile prioritisation threshold,Spectral-stress evidence detected. Prioritise field inspection to determine the underlying cause. Field verification required.,70
scene_01_DT0000205230-Z0037,scene_01_DT0000205230,358,322200.0,566437.0391061453,1973134.6089385475,2.240556478500366,3.182547092437744,2.212737798690796,100.0,HIGH PRIORITY,95th percentile prioritisation threshold,Spectral-stress evidence detected. Prioritise field inspection to determine the underlying cause. Field verification required.,71
scene_01_DT0000205230-Z0010,scene_01_DT0000205230,122,109800.0,569805.0,1974752.7049180327,2.239461660385132,3.2634031772613525,2.1581649780273438,100.0,HIGH PRIORITY,95th percentile prioritisation threshold,Spectral-stress evidence detected. Prioritise field inspection to determine the underlying cause. Field verification required.,72
scene_01_DT0000205230-Z0138,scene_01_DT0000205230,17,15300.0,561862.9411764706,1969314.705882353,2.238346576690674,2.9901039600372314,2.2471535205841064,100.0,HIGH PRIORITY,95th percentile prioritisation threshold,Spectral-stress evidence detected. Prioritise field inspection to determine the underlying cause. Field verification required.,73
scene_01_DT0000205230-Z0088,scene_01_DT0000205230,29,26100.0,557621.3793103448,1971438.6206896552,2.23120379447937,3.0748307704925537,2.1525096893310547,100.0,HIGH PRIORITY,95th percentile prioritisation threshold,Spectral-stress evidence detected. Prioritise field inspection to determine the underlying cause. Field verification required.,74
scene_01_DT0000205230-Z0171,scene_01_DT0000205230,12,10800.0,580450.0,1966865.0,2.2297163009643555,3.2275989055633545,2.1313843727111816,100.0,HIGH PRIORITY,95th percentile prioritisation threshold,Spectral-stress evidence detected. Prioritise field inspection to determine the underlying cause. Field verification required.,75
scene_01_DT0000205230-Z0117,scene_01_DT0000205230,19,17100.0,553433.6842105263,1969995.7894736843,2.228241205215454,3.1482622623443604,2.1384823322296143,100.0,HIGH PRIORITY,95th percentile prioritisation threshold,Spectral-stress evidence detected. Prioritise field inspection to determine the underlying cause. Field verification required.,76
scene_01_DT0000205230-Z0189,scene_01_DT0000205230,91,81900.0,578725.3846153846,1965521.868131868,2.2265191078186035,3.1570723056793213,2.2534117698669434,100.0,HIGH PRIORITY,95th percentile prioritisation threshold,Spectral-stress evidence detected. Prioritise field inspection to determine the underlying cause. Field verification required.,77
scene_01_DT0000205230-Z0074,scene_01_DT0000205230,38,34200.0,574035.7894736842,1971868.4210526317,2.225243330001831,2.8201403617858887,2.183523178100586,100.0,HIGH PRIORITY,95th percentile prioritisation threshold,Spectral-stress evidence detected. Prioritise field inspection to determine the underlying cause. Field verification required.,78
scene_01_DT0000205230-Z0076,scene_01_DT0000205230,965,868500.0,552737.5958549223,1971312.4352331606,2.2196784019470215,3.5490939617156982,2.1484482288360596,100.0,HIGH PRIORITY,95th percentile prioritisation threshold,Spectral-stress evidence detected. Prioritise field inspection to determine the underlying cause. Field verification required.,79
scene_01_DT0000205230-Z0186,scene_01_DT0000205230,11,9900.0,557042.7272727273,1966009.0909090908,2.212827444076538,3.288651704788208,1.943735122680664,100.0,HIGH PRIORITY,95th percentile prioritisation threshold,Spectral-stress evidence detected. Prioritise field inspection to determine the underlying cause. Field verification required.,80
scene_01_DT0000205230-Z0097,scene_01_DT0000205230,32,28800.0,552285.0,1970858.4375,2.2063307762145996,2.6923742294311523,2.2549843788146973,100.0,HIGH PRIORITY,95th percentile prioritisation threshold,Spectral-stress evidence detected. Prioritise field inspection to determine the underlying cause. Field verification required.,81
scene_01_DT0000205230-Z0283,scene_01_DT0000205230,2863,2576700.0,577351.7603911981,1958771.0967516592,2.2033045291900635,3.484295129776001,2.119659185409546,100.0,HIGH PRIORITY,95th percentile prioritisation threshold,Spectral-stress evidence detected. Prioritise field inspection to determine the underlying cause. Field verification required.,82
scene_01_DT0000205230-Z0305,scene_01_DT0000205230,17,15300.0,559533.5294117647,1959132.3529411764,2.195554494857788,2.9540610313415527,2.107882499694824,100.0,HIGH PRIORITY,95th percentile prioritisation threshold,Spectral-stress evidence detected. Prioritise field inspection to determine the underlying cause. Field verification required.,83
scene_01_DT0000205230-Z0387,scene_01_DT0000205230,19,17100.0,566538.947368421,1953956.8421052631,2.192479133605957,2.9738292694091797,2.1199913024902344,100.0,HIGH PRIORITY,95th percentile prioritisation threshold,Spectral-stress evidence detected. Prioritise field inspection to determine the underlying cause. Field verification required.,84
scene_01_DT0000205230-Z0062,scene_01_DT0000205230,877,789300.0,580364.4697833523,1971635.5074116306,2.190279722213745,3.846174478530884,2.0675642490386963,100.0,HIGH PRIORITY,95th percentile prioritisation threshold,Spectral-stress evidence detected. Prioritise field inspection to determine the underlying cause. Field verification required.,85
scene_01_DT0000205230-Z0036,scene_01_DT0000205230,14,12600.0,573893.5714285715,1973552.142857143,2.1902291774749756,2.824728012084961,2.077213764190674,100.0,HIGH PRIORITY,95th percentile prioritisation threshold,Spectral-stress evidence detected. Prioritise field inspection to determine the underlying cause. Field verification required.,86
scene_01_DT0000205230-Z0304,scene_01_DT0000205230,184,165600.0,578021.25,1959183.4239130435,2.1899254322052,2.833299398422241,2.1431691646575928,100.0,HIGH PRIORITY,95th percentile prioritisation threshold,Spectral-stress evidence detected. Prioritise field inspection to determine the underlying cause. Field verification required.,87
scene_01_DT0000205230-Z0248,scene_01_DT0000205230,13,11700.0,574797.6923076923,1962096.923076923,2.1860151290893555,2.5539543628692627,2.1553401947021484,100.0,HIGH PRIORITY,95th percentile prioritisation threshold,Spectral-stress evidence detected. Prioritise field inspection to determine the underlying cause. Field verification required.,88
scene_01_DT0000205230-Z0244,scene_01_DT0000205230,18,16200.0,574805.0,1962335.0,2.1782732009887695,2.6323142051696777,2.1281237602233887,100.0,HIGH PRIORITY,95th percentile prioritisation threshold,Spectral-stress evidence detected. Prioritise field inspection to determine the underlying cause. Field verification required.,89
scene_01_DT0000205230-Z0077,scene_01_DT0000205230,279,251100.0,564937.5268817204,1971468.9247311829,2.17378568649292,3.1437063217163086,2.1106393337249756,100.0,HIGH PRIORITY,95th percentile prioritisation threshold,Spectral-stress evidence detected. Prioritise field inspection to determine the underlying cause. Field verification required.,90
scene_01_DT0000205230-Z0309,scene_01_DT0000205230,18,16200.0,559505.0,1958966.6666666667,2.17275071144104,2.8081960678100586,2.0643458366394043,100.0,HIGH PRIORITY,95th percentile prioritisation threshold,Spectral-stress evidence detected. Prioritise field inspection to determine the underlying cause. Field verification required.,91
scene_01_DT0000205230-Z0182,scene_01_DT0000205230,18,16200.0,557931.6666666666,1966145.0,2.166363477706909,2.8637912273406982,2.2036006450653076,100.0,HIGH PRIORITY,95th percentile prioritisation threshold,Spectral-stress evidence detected. Prioritise field inspection to determine the underlying cause. Field verification required.,92
scene_01_DT0000205230-Z0331,scene_01_DT0000205230,143,128700.0,578191.6783216783,1957776.2937062937,2.1656687259674072,2.8393843173980713,2.1764414310455322,100.0,HIGH PRIORITY,95th percentile prioritisation threshold,Spectral-stress evidence detected. Prioritise field inspection to determine the underlying cause. Field verification required.,93
scene_01_DT0000205230-Z0013,scene_01_DT0000205230,9,8100.0,566583.3333333334,1974806.6666666667,2.1550559997558594,2.656944990158081,2.184246301651001,100.0,HIGH PRIORITY,95th percentile prioritisation threshold,Spectral-stress evidence detected. Prioritise field inspection to determine the underlying cause. Field verification required.,94
scene_01_DT0000205230-Z0190,scene_01_DT0000205230,343,308700.0,560237.2303206997,1965338.1341107872,2.150498867034912,3.1330103874206543,2.115461587905884,100.0,HIGH PRIORITY,95th percentile prioritisation threshold,Spectral-stress evidence detected. Prioritise field inspection to determine the underlying cause. Field verification required.,95
scene_01_DT0000205230-Z0095,scene_01_DT0000205230,10,9000.0,560916.0,1971057.0,2.150214433670044,2.8011021614074707,2.1366615295410156,100.0,HIGH PRIORITY,95th percentile prioritisation threshold,Spectral-stress evidence detected. Prioritise field inspection to determine the underlying cause. Field verification required.,96
scene_01_DT0000205230-Z0427,scene_01_DT0000205230,23,20700.0,548103.9130434783,1948339.5652173914,2.148890733718872,3.2817206382751465,1.9798216819763184,100.0,HIGH PRIORITY,95th percentile prioritisation threshold,Spectral-stress evidence detected. Prioritise field inspection to determine the underlying cause. Field verification required.,97
scene_01_DT0000205230-Z0049,scene_01_DT0000205230,10,9000.0,582486.0,1972956.0,2.146817684173584,2.530306816101074,2.1747422218322754,100.0,HIGH PRIORITY,95th percentile prioritisation threshold,Spectral-stress evidence detected. Prioritise field inspection to determine the underlying cause. Field verification required.,98
scene_01_DT0000205230-Z0192,scene_01_DT0000205230,11,9900.0,557380.9090909091,1965488.1818181819,2.1460657119750977,2.8993659019470215,2.1179285049438477,100.0,HIGH PRIORITY,95th percentile prioritisation threshold,Spectral-stress evidence detected. Prioritise field inspection to determine the underlying cause. Field verification required.,99
scene_01_DT0000205230-Z0342,scene_01_DT0000205230,144,129600.0,579029.1666666666,1956993.125,2.144167900085449,3.2195191383361816,2.0916128158569336,100.0,HIGH PRIORITY,95th percentile prioritisation threshold,Spectral-stress evidence detected. Prioritise field inspection to determine the underlying cause. Field verification required.,100
scene_01_DT0000205230-Z0070,scene_01_DT0000205230,40,36000.0,563061.0,1972030.5,2.1425507068634033,2.546616315841675,2.19191312789917,100.0,HIGH PRIORITY,95th percentile prioritisation threshold,Spectral-stress evidence detected. Prioritise field inspection to determine the underlying cause. Field verification required.,101
scene_01_DT0000205230-Z0016,scene_01_DT0000205230,133,119700.0,551970.4511278196,1974249.4736842106,2.142094850540161,2.8296995162963867,2.125929117202759,100.0,HIGH PRIORITY,95th percentile prioritisation threshold,Spectral-stress evidence detected. Prioritise field inspection to determine the underlying cause. Field verification required.,102
scene_01_DT0000205230-Z0315,scene_01_DT0000205230,69,62100.0,578152.1739130435,1958558.2608695652,2.1416971683502197,2.8196282386779785,2.127707004547119,100.0,HIGH PRIORITY,95th percentile prioritisation threshold,Spectral-stress evidence detected. Prioritise field inspection to determine the underlying cause. Field verification required.,103
scene_01_DT0000205230-Z0355,scene_01_DT0000205230,47,42300.0,566175.3191489362,1956900.0,2.1372478008270264,3.0674097537994385,2.0206949710845947,100.0,HIGH PRIORITY,95th percentile prioritisation threshold,Spectral-stress evidence detected. Prioritise field inspection to determine the underlying cause. Field verification required.,104
scene_01_DT0000205230-Z0046,scene_01_DT0000205230,17,15300.0,582229.4117647059,1973057.6470588236,2.12223744392395,2.839435577392578,2.1300296783447266,100.0,HIGH PRIORITY,95th percentile prioritisation threshold,Spectral-stress evidence detected. Prioritise field inspection to determine the underlying cause. Field verification required.,105
scene_01_DT0000205230-Z0185,scene_01_DT0000205230,14,12600.0,556920.0,1965983.5714285714,2.120954751968384,2.5939433574676514,2.030639171600342,100.0,HIGH PRIORITY,95th percentile prioritisation threshold,Spectral-stress evidence detected. Prioritise field inspection to determine the underlying cause. Field verification required.,106
scene_01_DT0000205230-Z0143,scene_01_DT0000205230,26,23400.0,573536.5384615385,1968912.6923076923,2.1162703037261963,2.7684693336486816,2.077749252319336,100.0,HIGH PRIORITY,95th percentile prioritisation threshold,Spectral-stress evidence detected. Prioritise field inspection to determine the underlying cause. Field verification required.,107
scene_01_DT0000205230-Z0243,scene_01_DT0000205230,12,10800.0,578187.5,1962385.0,2.1142122745513916,2.5327320098876953,2.076748847961426,100.0,HIGH PRIORITY,95th percentile prioritisation threshold,Spectral-stress evidence detected. Prioritise field inspection to determine the underlying cause. Field verification required.,108
scene_01_DT0000205230-Z0296,scene_01_DT0000205230,40,36000.0,577216.5,1959687.0,2.1125247478485107,2.624542474746704,2.151883602142334,100.0,HIGH PRIORITY,95th percentile prioritisation threshold,Spectral-stress evidence detected. Prioritise field inspection to determine the underlying cause. Field verification required.,109
scene_01_DT0000205230-Z0302,scene_01_DT0000205230,46,41400.0,577201.9565217391,1959321.5217391304,2.111492395401001,2.674630880355835,2.1249301433563232,100.0,HIGH PRIORITY,95th percentile prioritisation threshold,Spectral-stress evidence detected. Prioritise field inspection to determine the underlying cause. Field verification required.,110
scene_01_DT0000205230-Z0183,scene_01_DT0000205230,18,16200.0,557733.3333333334,1966135.0,2.1109371185302734,2.843310832977295,1.8908179998397827,100.0,HIGH PRIORITY,95th percentile prioritisation threshold,Spectral-stress evidence detected. Prioritise field inspection to determine the underlying cause. Field verification required.,111
scene_01_DT0000205230-Z0096,scene_01_DT0000205230,10,9000.0,580995.0,1970940.0,2.108847141265869,2.405078411102295,2.0646166801452637,100.0,HIGH PRIORITY,95th percentile prioritisation threshold,Spectral-stress evidence detected. Prioritise field inspection to determine the underlying cause. Field verification required.,112
scene_01_DT0000205230-Z0352,scene_01_DT0000205230,91,81900.0,565840.8791208791,1956984.065934066,2.1057565212249756,3.1522409915924072,2.039893627166748,100.0,HIGH PRIORITY,95th percentile prioritisation threshold,Spectral-stress evidence detected. Prioritise field inspection to determine the underlying cause. Field verification required.,113
scene_01_DT0000205230-Z0306,scene_01_DT0000205230,37,33300.0,578653.7837837838,1959021.8918918918,2.0990049839019775,2.765937089920044,2.0387187004089355,100.0,HIGH PRIORITY,95th percentile prioritisation threshold,Spectral-stress evidence detected. Prioritise field inspection to determine the underlying cause. Field verification required.,114
scene_01_DT0000205230-Z0067,scene_01_DT0000205230,116,104400.0,565751.1206896552,1971995.1724137932,2.092010498046875,2.6855132579803467,2.0585250854492188,100.0,HIGH PRIORITY,95th percentile prioritisation threshold,Spectral-stress evidence detected. Prioritise field inspection to determine the underlying cause. Field verification required.,115
scene_01_DT0000205230-Z0003,scene_01_DT0000205230,15,13500.0,555454.0,1975350.0,2.091688394546509,2.618891954421997,2.042313814163208,100.0,HIGH PRIORITY,95th percentile prioritisation threshold,Spectral-stress evidence detected. Prioritise field inspection to determine the underlying cause. Field verification required.,116
scene_01_DT0000205230-Z0007,scene_01_DT0000205230,61,54900.0,566824.9180327869,1974863.1147540985,2.090355396270752,3.4769492149353027,1.909744143486023,100.0,HIGH PRIORITY,95th percentile prioritisation threshold,Spectral-stress evidence detected. Prioritise field inspection to determine the underlying cause. Field verification required.,117
scene_01_DT0000205230-Z0265,scene_01_DT0000205230,257,231300.0,577015.6809338521,1960722.0233463035,2.0892205238342285,2.8002030849456787,2.0540707111358643,100.0,HIGH PRIORITY,95th percentile prioritisation threshold,Spectral-stress evidence detected. Prioritise field inspection to determine the underlying cause. Field verification required.,118
scene_01_DT0000205230-Z0008,scene_01_DT0000205230,22,19800.0,571332.2727272727,1974947.7272727273,2.078270673751831,2.9426043033599854,1.9662120342254639,100.0,HIGH PRIORITY,95th percentile prioritisation threshold,Spectral-stress evidence detected. Prioritise field inspection to determine the underlying cause. Field verification required.,119
scene_01_DT0000205230-Z0015,scene_01_DT0000205230,152,136800.0,565015.0657894737,1974243.75,2.0763604640960693,2.807788133621216,2.053384780883789,100.0,HIGH PRIORITY,95th percentile prioritisation threshold,Spectral-stress evidence detected. Prioritise field inspection to determine the underlying cause. Field verification required.,120
scene_01_DT0000205230-Z0167,scene_01_DT0000205230,556,500400.0,575276.8705035971,1966466.1151079137,2.0692028999328613,3.256974220275879,1.9812326431274414,100.0,HIGH PRIORITY,95th percentile prioritisation threshold,Spectral-stress evidence detected. Prioritise field inspection to determine the underlying cause. Field verification required.,121
scene_01_DT0000205230-Z0001,scene_01_DT0000205230,34,30600.0,565803.5294117647,1975680.0,2.068101167678833,2.724358320236206,1.9541746377944946,100.0,HIGH PRIORITY,95th percentile prioritisation threshold,Spectral-stress evidence detected. Prioritise field inspection to determine the underlying cause. Field verification required.,122
scene_01_DT0000205230-Z0196,scene_01_DT0000205230,11,9900.0,560997.2727272727,1965147.2727272727,2.061892509460449,2.520331621170044,2.0499165058135986,100.0,HIGH PRIORITY,95th percentile prioritisation threshold,Spectral-stress evidence detected. Prioritise field inspection to determine the underlying cause. Field verification required.,123
scene_01_DT0000205230-Z0130,scene_01_DT0000205230,18,16200.0,574775.0,1969475.0,2.0618109703063965,2.588233470916748,2.0369277000427246,100.0,HIGH PRIORITY,95th percentile prioritisation threshold,Spectral-stress evidence detected. Prioritise field inspection to determine the underlying cause. Field verification required.,124
scene_01_DT0000205230-Z0229,scene_01_DT0000205230,448,403200.0,577221.8303571428,1962055.9151785714,2.0568575859069824,2.9578843116760254,1.9865620136260986,100.0,HIGH PRIORITY,95th percentile prioritisation threshold,Spectral-stress evidence detected. Prioritise field inspection to determine the underlying cause. Field verification required.,125
scene_01_DT0000205230-Z0009,scene_01_DT0000205230,50,45000.0,566162.4,1974868.2,2.0553483963012695,2.490003824234009,2.0454792976379395,100.0,HIGH PRIORITY,95th percentile prioritisation threshold,Spectral-stress evidence detected. Prioritise field inspection to determine the underlying cause. Field verification required.,126
scene_01_DT0000205230-Z0344,scene_01_DT0000205230,104,93600.0,553544.1346153846,1957248.75,2.055338144302368,2.6813600063323975,1.9715932607650757,100.0,HIGH PRIORITY,95th percentile prioritisation threshold,Spectral-stress evidence detected. Prioritise field inspection to determine the underlying cause. Field verification required.,127
scene_01_DT0000205230-Z0075,scene_01_DT0000205230,296,266400.0,577728.2432432432,1971363.445945946,2.050157308578491,3.178443431854248,1.9589439630508423,100.0,HIGH PRIORITY,95th percentile prioritisation threshold,Spectral-stress evidence detected. Prioritise field inspection to determine the underlying cause. Field verification required.,128
scene_01_DT0000205230-Z0064,scene_01_DT0000205230,27,24300.0,582098.8888888889,1972215.5555555555,2.048875570297241,2.51971697807312,2.059269666671753,100.0,HIGH PRIORITY,95th percentile prioritisation threshold,Spectral-stress evidence detected. Prioritise field inspection to determine the underlying cause. Field verification required.,129
scene_01_DT0000205230-Z0334,scene_01_DT0000205230,16,14400.0,553481.25,1957944.375,2.0457262992858887,2.410688877105713,2.06052827835083,100.0,HIGH PRIORITY,95th percentile prioritisation threshold,Spectral-stress evidence detected. Prioritise field inspection to determine the underlying cause. Field verification required.,130
scene_01_DT0000205230-Z0050,scene_01_DT0000205230,27,24300.0,582091.1111111111,1972856.6666666667,2.045168876647949,2.5893664360046387,1.9872026443481445,100.0,HIGH PRIORITY,95th percentile prioritisation threshold,Spectral-stress evidence detected. Prioritise field inspection to determine the underlying cause. Field verification required.,131
scene_01_DT0000205230-Z0105,scene_01_DT0000205230,15,13500.0,579954.0,1970552.0,2.0449652671813965,2.4390742778778076,2.09016489982605,100.0,HIGH PRIORITY,95th percentile prioritisation threshold,Spectral-stress evidence detected. Prioritise field inspection to determine the underlying cause. Field verification required.,132
scene_01_DT0000205230-Z0175,scene_01_DT0000205230,28,25200.0,579433.9285714285,1966595.357142857,2.0438122749328613,2.554692268371582,2.0030341148376465,100.0,HIGH PRIORITY,95th percentile prioritisation threshold,Spectral-stress evidence detected. Prioritise field inspection to determine the underlying cause. Field verification required.,133
scene_01_DT0000205230-Z0035,scene_01_DT0000205230,64,57600.0,581006.25,1973425.78125,2.0373311042785645,2.8506672382354736,1.974128007888794,100.0,HIGH PRIORITY,95th percentile prioritisation threshold,Spectral-stress evidence detected. Prioritise field inspection to determine the underlying cause. Field verification required.,134
scene_01_DT0000205230-Z0279,scene_01_DT0000205230,50,45000.0,577188.0,1960408.8,2.0348708629608154,2.768723726272583,1.9606484174728394,100.0,HIGH PRIORITY,95th percentile prioritisation threshold,Spectral-stress evidence detected. Prioritise field inspection to determine the underlying cause. Field verification required.,135
scene_01_DT0000205230-Z0150,scene_01_DT0000205230,149,134100.0,573746.5771812081,1968146.375838926,2.0345869064331055,2.6759231090545654,1.9957988262176514,100.0,HIGH PRIORITY,95th percentile prioritisation threshold,Spectral-stress evidence detected. Prioritise field inspection to determine the underlying cause. Field verification required.,136
scene_01_DT0000205230-Z0044,scene_01_DT0000205230,39,35100.0,551800.0,1973090.7692307692,2.0305988788604736,2.721919298171997,1.9459640979766846,100.0,HIGH PRIORITY,95th percentile prioritisation threshold,Spectral-stress evidence detected. Prioritise field inspection to determine the underlying cause. Field verification required.,137
scene_01_DT0000205230-Z0029,scene_01_DT0000205230,12,10800.0,568270.0,1973687.5,2.0305464267730713,2.446159601211548,1.9602117538452148,100.0,HIGH PRIORITY,95th percentile prioritisation threshold,Spectral-stress evidence detected. Prioritise field inspection to determine the underlying cause. Field verification required.,138
scene_01_DT0000205230-Z0127,scene_01_DT0000205230,88,79200.0,576872.0454545454,1969473.75,2.027244806289673,2.5056731700897217,2.0278820991516113,100.0,HIGH PRIORITY,95th percentile prioritisation threshold,Spectral-stress evidence detected. Prioritise field inspection to determine the underlying cause. Field verification required.,139
scene_01_DT0000205230-Z0024,scene_01_DT0000205230,176,158400.0,579027.4431818182,1973406.8181818181,2.0267012119293213,2.99090313911438,1.9772710800170898,100.0,HIGH PRIORITY,95th percentile prioritisation threshold,Spectral-stress evidence detected. Prioritise field inspection to determine the underlying cause. Field verification required.,140
scene_01_DT0000205230-Z0271,scene_01_DT0000205230,23,20700.0,561736.9565217391,1960955.2173913044,2.025773763656616,2.6214449405670166,2.023272752761841,100.0,HIGH PRIORITY,95th percentile prioritisation threshold,Spectral-stress evidence detected. Prioritise field inspection to determine the underlying cause. Field verification required.,141
scene_01_DT0000205230-Z0072,scene_01_DT0000205230,41,36900.0,552636.5853658536,1971919.756097561,2.025040864944458,2.5528833866119385,1.9911763668060303,100.0,HIGH PRIORITY,95th percentile prioritisation threshold,Spectral-stress evidence detected. Prioritise field inspection to determine the underlying cause. Field verification required.,142
scene_01_DT0000205230-Z0291,scene_01_DT0000205230,110,99000.0,559939.6363636364,1959790.0909090908,2.0210351943969727,2.7968103885650635,1.9180231094360352,100.0,HIGH PRIORITY,95th percentile prioritisation threshold,Spectral-stress evidence detected. Prioritise field inspection to determine the underlying cause. Field verification required.,143
scene_01_DT0000205230-Z0048,scene_01_DT0000205230,18,16200.0,567216.6666666666,1972958.3333333333,2.020176410675049,2.7322006225585938,1.9462252855300903,100.0,HIGH PRIORITY,95th percentile prioritisation threshold,Spectral-stress evidence detected. Prioritise field inspection to determine the underlying cause. Field verification required.,144
scene_01_DT0000205230-Z0173,scene_01_DT0000205230,14,12600.0,565009.2857142857,1966722.857142857,2.0177669525146484,2.773771047592163,1.906410813331604,100.0,HIGH PRIORITY,95th percentile prioritisation threshold,Spectral-stress evidence detected. Prioritise field inspection to determine the underlying cause. Field verification required.,145
scene_01_DT0000205230-Z0002,scene_01_DT0000205230,192,172800.0,566170.46875,1975418.59375,2.016838788986206,3.289212465286255,1.9680743217468262,100.0,HIGH PRIORITY,95th percentile prioritisation threshold,Spectral-stress evidence detected. Prioritise field inspection to determine the underlying cause. Field verification required.,146
scene_01_DT0000205230-Z0430,scene_01_DT0000205230,20,18000.0,548314.5,1948173.0,2.015834093093872,2.4596972465515137,2.051651954650879,100.0,HIGH PRIORITY,95th percentile prioritisation threshold,Spectral-stress evidence detected. Prioritise field inspection to determine the underlying cause. Field verification required.,147
scene_01_DT0000205230-Z0234,scene_01_DT0000205230,23,20700.0,572247.3913043478,1962828.2608695652,2.0135695934295654,2.656087875366211,2.0246989727020264,100.0,HIGH PRIORITY,95th percentile prioritisation threshold,Spectral-stress evidence detected. Prioritise field inspection to determine the underlying cause. Field verification required.,148
scene_01_DT0000205230-Z0321,scene_01_DT0000205230,257,231300.0,561423.3852140078,1958214.6303501946,2.01126766204834,2.590297222137451,1.954832673072815,100.0,HIGH PRIORITY,95th percentile prioritisation threshold,Spectral-stress evidence detected. Prioritise field inspection to determine the underlying cause. Field verification required.,149
scene_01_DT0000205230-Z0109,scene_01_DT0000205230,50,45000.0,580501.2,1970316.0,2.010026693344116,2.7340590953826904,1.928071141242981,100.0,HIGH PRIORITY,95th percentile prioritisation threshold,Spectral-stress evidence detected. Prioritise field inspection to determine the underlying cause. Field verification required.,150
scene_01_DT0000205230-Z0108,scene_01_DT0000205230,24,21600.0,578652.5,1970405.0,2.0083916187286377,2.3929803371429443,1.9451282024383545,100.0,HIGH PRIORITY,95th percentile prioritisation threshold,Spectral-stress evidence detected. Prioritise field inspection to determine the underlying cause. Field verification required.,151
scene_01_DT0000205230-Z0193,scene_01_DT0000205230,64,57600.0,559321.40625,1965294.84375,2.007155656814575,2.596850633621216,1.9668281078338623,100.0,HIGH PRIORITY,95th percentile prioritisation threshold,Spectral-stress evidence detected. Prioritise field inspection to determine the underlying cause. Field verification required.,152
scene_01_DT0000205230-Z0110,scene_01_DT0000205230,153,137700.0,579999.4117647059,1969992.156862745,2.0068068504333496,2.727839231491089,1.9203659296035767,100.0,HIGH PRIORITY,95th percentile prioritisation threshold,Spectral-stress evidence detected. Prioritise field inspection to determine the underlying cause. Field verification required.,153
scene_01_DT0000205230-Z0356,scene_01_DT0000205230,21,18900.0,553448.5714285715,1956787.142857143,2.0059728622436523,2.4027955532073975,1.9650613069534302,100.0,HIGH PRIORITY,95th percentile prioritisation threshold,Spectral-stress evidence detected. Prioritise field inspection to determine the underlying cause. Field verification required.,154
scene_01_DT0000205230-Z0017,scene_01_DT0000205230,28,25200.0,566551.0714285715,1974365.357142857,2.0049822330474854,2.472714900970459,1.9756343364715576,100.0,HIGH PRIORITY,95th percentile prioritisation threshold,Spectral-stress evidence detected. Prioritise field inspection to determine the underlying cause. Field verification required.,155
scene_01_DT0000205230-Z0337,scene_01_DT0000205230,23,20700.0,578617.8260869565,1957819.5652173914,2.004826307296753,2.606170654296875,1.9380302429199219,100.0,HIGH PRIORITY,95th percentile prioritisation threshold,Spectral-stress evidence detected. Prioritise field inspection to determine the underlying cause. Field verification required.,156
scene_01_DT0000205230-Z0292,scene_01_DT0000205230,60,54000.0,576484.5,1959663.5,2.004671573638916,3.169283151626587,1.8868374824523926,100.0,HIGH PRIORITY,95th percentile prioritisation threshold,Spectral-stress evidence detected. Prioritise field inspection to determine the underlying cause. Field verification required.,157
scene_01_DT0000205230-Z0063,scene_01_DT0000205230,88,79200.0,566239.0909090909,1972219.7727272727,2.003605842590332,2.5288376808166504,1.9861059188842773,100.0,HIGH PRIORITY,95th percentile prioritisation threshold,Spectral-stress evidence detected. Prioritise field inspection to determine the underlying cause. Field verification required.,158
scene_01_DT0000205230-Z0081,scene_01_DT0000205230,131,117900.0,562956.641221374,1971488.2442748093,2.0032150745391846,2.6778993606567383,1.9459763765335083,100.0,HIGH PRIORITY,95th percentile prioritisation threshold,Spectral-stress evidence detected. Prioritise field inspection to determine the underlying cause. Field verification required.,159
scene_01_DT0000205230-Z0073,scene_01_DT0000205230,14,12600.0,551554.2857142857,1971842.142857143,2.0012383460998535,2.3567769527435303,2.0272715091705322,100.0,HIGH PRIORITY,95th percentile prioritisation threshold,Spectral-stress evidence detected. Prioritise field inspection to determine the underlying cause. Field verification required.,160
scene_01_DT0000205230-Z0237,scene_01_DT0000205230,25,22500.0,572896.8,1962568.8,2.0011589527130127,2.4884586334228516,1.9555819034576416,100.0,HIGH PRIORITY,95th percentile prioritisation threshold,Spectral-stress evidence detected. Prioritise field inspection to determine the underlying cause. Field verification required.,161
scene_01_DT0000205230-Z0317,scene_01_DT0000205230,23,20700.0,552581.7391304348,1958598.2608695652,2.000850200653076,2.305551528930664,2.0139083862304688,100.0,HIGH PRIORITY,95th percentile prioritisation threshold,Spectral-stress evidence detected. Prioritise field inspection to determine the underlying cause. Field verification required.,162
scene_01_DT0000205230-Z0330,scene_01_DT0000205230,49,44100.0,552764.693877551,1958060.8163265307,1.9988054037094116,2.4648876190185547,1.9554764032363892,100.0,HIGH PRIORITY,95th percentile prioritisation threshold,Spectral-stress evidence detected. Prioritise field inspection to determine the underlying cause. Field verification required.,163
scene_01_DT0000205230-Z0137,scene_01_DT0000205230,45,40500.0,557420.0,1969286.6666666667,1.9971699714660645,2.5113813877105713,2.0024473667144775,100.0,HIGH PRIORITY,95th percentile prioritisation threshold,Spectral-stress evidence detected. Prioritise field inspection to determine the underlying cause. Field verification required.,164
scene_01_DT0000205230-Z0033,scene_01_DT0000205230,80,72000.0,551876.25,1973397.0,1.9967424869537354,2.591569423675537,1.9377775192260742,100.0,HIGH PRIORITY,95th percentile prioritisation threshold,Spectral-stress evidence detected. Prioritise field inspection to determine the underlying cause. Field verification required.,165
scene_01_DT0000205230-Z0187,scene_01_DT0000205230,34,30600.0,579899.1176470588,1965911.4705882352,1.9940979480743408,2.404475450515747,1.9740420579910278,100.0,HIGH PRIORITY,95th percentile prioritisation threshold,Spectral-stress evidence detected. Prioritise field inspection to determine the underlying cause. Field verification required.,166
scene_01_DT0000205230-Z0184,scene_01_DT0000205230,12,10800.0,564840.0,1966025.0,1.9936879873275757,2.6885948181152344,1.8679324388504028,100.0,HIGH PRIORITY,95th percentile prioritisation threshold,Spectral-stress evidence detected. Prioritise field inspection to determine the underlying cause. Field verification required.,167
scene_01_DT0000205230-Z0252,scene_01_DT0000205230,17,15300.0,578798.8235294118,1961645.294117647,1.9888142347335815,2.517423391342163,1.959060549736023,100.0,HIGH PRIORITY,95th percentile prioritisation threshold,Spectral-stress evidence detected. Prioritise field inspection to determine the underlying cause. Field verification required.,168
scene_01_DT0000205230-Z0412,scene_01_DT0000205230,112,100800.0,567024.9107142857,1950693.2142857143,1.9854685068130493,2.460559606552124,1.9729909896850586,100.0,HIGH PRIORITY,95th percentile prioritisation threshold,Spectral-stress evidence detected. Prioritise field inspection to determine the underlying cause. Field verification required.,169
scene_01_DT0000205230-Z0258,scene_01_DT0000205230,14,12600.0,578959.2857142857,1961355.0,1.9843313694000244,2.2689244747161865,1.9770708084106445,100.0,HIGH PRIORITY,95th percentile prioritisation threshold,Spectral-stress evidence detected. Prioritise field inspection to determine the underlying cause. Field verification required.,170
scene_01_DT0000205230-Z0310,scene_01_DT0000205230,9,8100.0,552956.6666666666,1958803.3333333333,1.9834338426589966,2.255014657974243,1.9816992282867432,100.0,HIGH PRIORITY,95th percentile prioritisation threshold,Spectral-stress evidence detected. Prioritise field inspection to determine the underlying cause. Field verification required.,171
scene_01_DT0000205230-Z0147,scene_01_DT0000205230,31,27900.0,578960.3225806452,1968473.2258064516,1.9825056791305542,2.7435708045959473,1.8855680227279663,100.0,HIGH PRIORITY,95th percentile prioritisation threshold,Spectral-stress evidence detected. Prioritise field inspection to determine the underlying cause. Field verification required.,172
scene_01_DT0000205230-Z0236,scene_01_DT0000205230,30,27000.0,576818.0,1962619.0,1.9817489385604858,2.447659492492676,1.9683952331542969,100.0,HIGH PRIORITY,95th percentile prioritisation threshold,Spectral-stress evidence detected. Prioritise field inspection to determine the underlying cause. Field verification required.,173
scene_01_DT0000205230-Z0364,scene_01_DT0000205230,39,35100.0,553282.3076923077,1956319.2307692308,1.9793951511383057,2.402418613433838,1.9323139190673828,100.0,HIGH PRIORITY,95th percentile prioritisation threshold,Spectral-stress evidence detected. Prioritise field inspection to determine the underlying cause. Field verification required.,174
scene_01_DT0000205230-Z0102,scene_01_DT0000205230,32,28800.0,555161.25,1970565.9375,1.9785070419311523,2.40698504447937,2.0003747940063477,100.0,HIGH PRIORITY,95th percentile prioritisation threshold,Spectral-stress evidence detected. Prioritise field inspection to determine the underlying cause. Field verification required.,175
scene_01_DT0000205230-Z0027,scene_01_DT0000205230,134,120600.0,567907.3880597015,1973582.9104477612,1.97676682472229,2.5648837089538574,1.9585100412368774,100.0,HIGH PRIORITY,95th percentile prioritisation threshold,Spectral-stress evidence detected. Prioritise field inspection to determine the underlying cause. Field verification required.,176
scene_01_DT0000205230-Z0030,scene_01_DT0000205230,110,99000.0,552320.7272727273,1973482.9090909092,1.9756139516830444,2.60640025138855,1.939180850982666,100.0,HIGH PRIORITY,95th percentile prioritisation threshold,Spectral-stress evidence detected. Prioritise field inspection to determine the underlying cause. Field verification required.,177
scene_01_DT0000205230-Z0071,scene_01_DT0000205230,9,8100.0,574260.0,1972060.0,1.9745347499847412,2.488304853439331,1.9318610429763794,100.0,HIGH PRIORITY,95th percentile prioritisation threshold,Spectral-stress evidence detected. Prioritise field inspection to determine the underlying cause. Field verification required.,178
scene_01_DT0000205230-Z0091,scene_01_DT0000205230,75,67500.0,579794.0,1971186.8,1.969163179397583,2.7131006717681885,1.879228949546814,100.0,HIGH PRIORITY,95th percentile prioritisation threshold,Spectral-stress evidence detected. Prioritise field inspection to determine the underlying cause. Field verification required.,179
scene_01_DT0000205230-Z0221,scene_01_DT0000205230,75,67500.0,578081.6,1963315.2,1.967075228691101,2.5976009368896484,1.9223628044128418,100.0,HIGH PRIORITY,95th percentile prioritisation threshold,Spectral-stress evidence detected. Prioritise field inspection to determine the underlying cause. Field verification required.,180
scene_01_DT0000205230-Z0272,scene_01_DT0000205230,940,846000.0,560829.414893617,1960284.319148936,1.967043399810791,2.69320011138916,1.9410901069641113,100.0,HIGH PRIORITY,95th percentile prioritisation threshold,Spectral-stress evidence detected. Prioritise field inspection to determine the underlying cause. Field verification required.,181
scene_01_DT0000205230-Z0058,scene_01_DT0000205230,35,31500.0,566690.5714285715,1972493.142857143,1.9654806852340698,2.3930716514587402,1.9330910444259644,100.0,HIGH PRIORITY,95th percentile prioritisation threshold,Spectral-stress evidence detected. Prioritise field inspection to determine the underlying cause. Field verification required.,182
scene_01_DT0000205230-Z0322,scene_01_DT0000205230,35,31500.0,552547.7142857143,1958337.4285714286,1.9650821685791016,2.265620708465576,1.9856579303741455,100.0,HIGH PRIORITY,95th percentile prioritisation threshold,Spectral-stress evidence detected. Prioritise field inspection to determine the underlying cause. Field verification required.,183
scene_01_DT0000205230-Z0116,scene_01_DT0000205230,54,48600.0,560633.8888888889,1969881.111111111,1.9623125791549683,2.315762519836426,1.9619684219360352,100.0,HIGH PRIORITY,95th percentile prioritisation threshold,Spectral-stress evidence detected. Prioritise field inspection to determine the underlying cause. Field verification required.,184
scene_01_DT0000205230-Z0022,scene_01_DT0000205230,79,71100.0,578090.1265822785,1973818.1012658228,1.960115671157837,2.430402994155884,1.9339029788970947,100.0,HIGH PRIORITY,95th percentile prioritisation threshold,Spectral-stress evidence detected. Prioritise field inspection to determine the underlying cause. Field verification required.,185
scene_01_DT0000205230-Z0324,scene_01_DT0000205230,12,10800.0,552810.0,1958310.0,1.959529995918274,2.3866684436798096,1.8817576169967651,100.0,HIGH PRIORITY,95th percentile prioritisation threshold,Spectral-stress evidence detected. Prioritise field inspection to determine the underlying cause. Field verification required.,186
scene_01_DT0000205230-Z0429,scene_01_DT0000205230,79,71100.0,549103.2911392405,1948195.82278481,1.9577240943908691,2.489398956298828,1.9194055795669556,100.0,HIGH PRIORITY,95th percentile prioritisation threshold,Spectral-stress evidence detected. Prioritise field inspection to determine the underlying cause. Field verification required.,187
scene_01_DT0000205230-Z0313,scene_01_DT0000205230,19,17100.0,556008.947368421,1958748.9473684211,1.957574725151062,2.274266242980957,1.9454877376556396,100.0,HIGH PRIORITY,95th percentile prioritisation threshold,Spectral-stress evidence detected. Prioritise field inspection to determine the underlying cause. Field verification required.,188
scene_01_DT0000205230-Z0079,scene_01_DT0000205230,17,15300.0,577461.1764705882,1971732.3529411764,1.957274079322815,2.2508068084716797,1.95487642288208,100.0,HIGH PRIORITY,95th percentile prioritisation threshold,Spectral-stress evidence detected. Prioritise field inspection to determine the underlying cause. Field verification required.,189
scene_01_DT0000205230-Z0120,scene_01_DT0000205230,11,9900.0,556347.2727272727,1969939.0909090908,1.9568134546279907,2.2283172607421875,1.986528992652893,100.0,HIGH PRIORITY,95th percentile prioritisation threshold,Spectral-stress evidence detected. Prioritise field inspection to determine the underlying cause. Field verification required.,190
scene_01_DT0000205230-Z0118,scene_01_DT0000205230,69,62100.0,580364.3478260869,1969856.5217391304,1.9559742212295532,2.473536729812622,1.8912006616592407,100.0,HIGH PRIORITY,95th percentile prioritisation threshold,Spectral-stress evidence detected. Prioritise field inspection to determine the underlying cause. Field verification required.,191
scene_01_DT0000205230-Z0282,scene_01_DT0000205230,40,36000.0,560295.0,1960303.5,1.9554065465927124,2.472350597381592,1.974050760269165,100.0,HIGH PRIORITY,95th percentile prioritisation threshold,Spectral-stress evidence detected. Prioritise field inspection to determine the underlying cause. Field verification required.,192
scene_01_DT0000205230-Z0268,scene_01_DT0000205230,22,19800.0,574396.3636363636,1961003.1818181819,1.9551830291748047,2.3264360427856445,1.9257733821868896,100.0,HIGH PRIORITY,95th percentile prioritisation threshold,Spectral-stress evidence detected. Prioritise field inspection to determine the underlying cause. Field verification required.,193
scene_01_DT0000205230-Z0316,scene_01_DT0000205230,23,20700.0,553202.6086956522,1958557.8260869565,1.9546005725860596,2.4059314727783203,1.93865966796875,100.0,HIGH PRIORITY,95th percentile prioritisation threshold,Spectral-stress evidence detected. Prioritise field inspection to determine the underlying cause. Field verification required.,194
scene_01_DT0000205230-Z0215,scene_01_DT0000205230,14,12600.0,557721.4285714285,1964046.4285714286,1.9499529600143433,2.2351436614990234,1.9163366556167603,100.0,HIGH PRIORITY,95th percentile prioritisation threshold,Spectral-stress evidence detected. Prioritise field inspection to determine the underlying cause. Field verification required.,195
scene_01_DT0000205230-Z0100,scene_01_DT0000205230,24,21600.0,553133.75,1970766.25,1.9499276876449585,2.3115553855895996,1.9766814708709717,100.0,HIGH PRIORITY,95th percentile prioritisation threshold,Spectral-stress evidence detected. Prioritise field inspection to determine the underlying cause. Field verification required.,196
scene_01_DT0000205230-Z0314,scene_01_DT0000205230,145,130500.0,562776.2068965518,1958546.896551724,1.949781060218811,2.3885209560394287,1.9318726062774658,100.0,HIGH PRIORITY,95th percentile prioritisation threshold,Spectral-stress evidence detected. Prioritise field inspection to determine the underlying cause. Field verification required.,197
scene_01_DT0000205230-Z0059,scene_01_DT0000205230,60,54000.0,581823.0,1972342.5,1.9483065605163574,2.491403102874756,1.88491690158844,100.0,HIGH PRIORITY,95th percentile prioritisation threshold,Spectral-stress evidence detected. Prioritise field inspection to determine the underlying cause. Field verification required.,198
scene_01_DT0000205230-Z0224,scene_01_DT0000205230,83,74700.0,576941.2048192772,1963196.0240963856,1.948202133178711,2.4659156799316406,1.9357575178146362,100.0,HIGH PRIORITY,95th percentile prioritisation threshold,Spectral-stress evidence detected. Prioritise field inspection to determine the underlying cause. Field verification required.,199
scene_01_DT0000205230-Z0213,scene_01_DT0000205230,183,164700.0,575577.5409836066,1963721.6393442622,1.9477115869522095,2.867361545562744,1.8682856559753418,100.0,HIGH PRIORITY,95th percentile prioritisation threshold,Spectral-stress evidence detected. Prioritise field inspection to determine the underlying cause. Field verification required.,200
scene_01_DT0000205230-Z0042,scene_01_DT0000205230,55,49500.0,573297.8181818182,1973108.7272727273,1.9468750953674316,2.5314016342163086,1.9251633882522583,100.0,HIGH PRIORITY,95th percentile prioritisation threshold,Spectral-stress evidence detected. Prioritise field inspection to determine the underlying cause. Field verification required.,201
scene_01_DT0000205230-Z0090,scene_01_DT0000205230,209,188100.0,579107.6555023923,1971152.5837320574,1.9467995166778564,2.770108699798584,1.8954546451568604,100.0,HIGH PRIORITY,95th percentile prioritisation threshold,Spectral-stress evidence detected. Prioritise field inspection to determine the underlying cause. Field verification required.,202
scene_01_DT0000205230-Z0043,scene_01_DT0000205230,37,33300.0,564522.972972973,1973103.2432432433,1.945273756980896,2.5460379123687744,1.8644987344741821,100.0,HIGH PRIORITY,95th percentile prioritisation threshold,Spectral-stress evidence detected. Prioritise field inspection to determine the underlying cause. Field verification required.,203
scene_01_DT0000205230-Z0135,scene_01_DT0000205230,12,10800.0,562162.5,1969390.0,1.943996548652649,2.197932481765747,1.9525811672210693,100.0,HIGH PRIORITY,95th percentile prioritisation threshold,Spectral-stress evidence detected. Prioritise field inspection to determine the underlying cause. Field verification required.,204
scene_01_DT0000205230-Z0254,scene_01_DT0000205230,108,97200.0,577069.1666666666,1961420.8333333333,1.9415020942687988,2.5511975288391113,1.8910801410675049,100.0,HIGH PRIORITY,95th percentile prioritisation threshold,Spectral-stress evidence detected. Prioritise field inspection to determine the underlying cause. Field verification required.,205
scene_01_DT0000205230-Z0231,scene_01_DT0000205230,22,19800.0,578060.4545454546,1962988.6363636365,1.941372036933899,2.353800058364868,1.8962116241455078,100.0,HIGH PRIORITY,95th percentile prioritisation threshold,Spectral-stress evidence detected. Prioritise field inspection to determine the underlying cause. Field verification required.,206
scene_01_DT0000205230-Z0312,scene_01_DT0000205230,16,14400.0,552451.875,1958748.75,1.939741849899292,2.325601100921631,1.916274905204773,100.0,HIGH PRIORITY,95th percentile prioritisation threshold,Spectral-stress evidence detected. Prioritise field inspection to determine the underlying cause. Field verification required.,207
scene_01_DT0000205230-Z0158,scene_01_DT0000205230,38,34200.0,564962.3684210526,1967670.7894736843,1.9393316507339478,2.9917216300964355,1.8076701164245605,100.0,HIGH PRIORITY,95th percentile prioritisation threshold,Spectral-stress evidence detected. Prioritise field inspection to determine the underlying cause. Field verification required.,208
scene_01_DT0000205230-Z0112,scene_01_DT0000205230,14,12600.0,575089.2857142857,1970108.5714285714,1.9379864931106567,2.277479410171509,1.887545108795166,100.0,HIGH PRIORITY,95th percentile prioritisation threshold,Spectral-stress evidence detected. Prioritise field inspection to determine the underlying cause. Field verification required.,209
scene_01_DT0000205230-Z0082,scene_01_DT0000205230,18,16200.0,577155.0,1971700.0,1.937540054321289,2.339991331100464,1.9071433544158936,100.0,HIGH PRIORITY,95th percentile prioritisation threshold,Spectral-stress evidence detected. Prioritise field inspection to determine the underlying cause. Field verification required.,210
scene_01_DT0000205230-Z0004,scene_01_DT0000205230,54,48600.0,565804.4444444445,1975074.4444444445,1.9363051652908325,2.2936980724334717,1.9100643396377563,100.0,HIGH PRIORITY,95th percentile prioritisation threshold,Spectral-stress evidence detected. Prioritise field inspection to determine the underlying cause. Field verification required.,211
scene_01_DT0000205230-Z0319,scene_01_DT0000205230,24,21600.0,555785.0,1958465.0,1.9361764192581177,2.1206929683685303,1.9213831424713135,100.0,HIGH PRIORITY,95th percentile prioritisation threshold,Spectral-stress evidence detected. Prioritise field inspection to determine the underlying cause. Field verification required.,212
scene_01_DT0000205230-Z0023,scene_01_DT0000205230,15,13500.0,565090.0,1973902.0,1.9357974529266357,2.17972469329834,1.9439988136291504,100.0,HIGH PRIORITY,95th percentile prioritisation threshold,Spectral-stress evidence detected. Prioritise field inspection to determine the underlying cause. Field verification required.,213
scene_01_DT0000205230-Z0180,scene_01_DT0000205230,696,626400.0,577322.4137931034,1965681.0775862068,1.9346634149551392,2.8697402477264404,1.8885219097137451,100.0,HIGH PRIORITY,95th percentile prioritisation threshold,Spectral-stress evidence detected. Prioritise field inspection to determine the underlying cause. Field verification required.,214
scene_01_DT0000205230-Z0423,scene_01_DT0000205230,10,9000.0,548664.0,1948680.0,1.9343169927597046,2.1698250770568848,1.9701613187789917,100.0,HIGH PRIORITY,95th percentile prioritisation threshold,Spectral-stress evidence detected. Prioritise field inspection to determine the underlying cause. Field verification required.,215
scene_01_DT0000205230-Z0053,scene_01_DT0000205230,24,21600.0,566165.0,1972685.0,1.9342575073242188,2.502072334289551,1.9437662363052368,100.0,HIGH PRIORITY,95th percentile prioritisation threshold,Spectral-stress evidence detected. Prioritise field inspection to determine the underlying cause. Field verification required.,216
scene_01_DT0000205230-Z0194,scene_01_DT0000205230,97,87300.0,578615.5670103093,1965076.701030928,1.933907389640808,2.4495248794555664,1.8807470798492432,100.0,HIGH PRIORITY,95th percentile prioritisation threshold,Spectral-stress evidence detected. Prioritise field inspection to determine the underlying cause. Field verification required.,217
scene_01_DT0000205230-Z0093,scene_01_DT0000205230,21,18900.0,581501.4285714285,1971225.7142857143,1.9323216676712036,2.2826600074768066,1.9220441579818726,100.0,HIGH PRIORITY,95th percentile prioritisation threshold,Spectral-stress evidence detected. Prioritise field inspection to determine the underlying cause. Field verification required.,218
scene_01_DT0000205230-Z0092,scene_01_DT0000205230,14,12600.0,580922.1428571428,1971220.7142857143,1.9322978258132935,2.2405149936676025,1.9144694805145264,100.0,HIGH PRIORITY,95th percentile prioritisation threshold,Spectral-stress evidence detected. Prioritise field inspection to determine the underlying cause. Field verification required.,219
scene_01_DT0000205230-Z0434,scene_01_DT0000205230,9,8100.0,547323.3333333334,1947473.3333333333,1.9291682243347168,2.306309461593628,1.947513461112976,100.0,HIGH PRIORITY,95th percentile prioritisation threshold,Spectral-stress evidence detected. Prioritise field inspection to determine the underlying cause. Field verification required.,220
scene_01_DT0000205230-Z0327,scene_01_DT0000205230,104,93600.0,554112.9807692308,1958067.9807692308,1.9272643327713013,2.3819150924682617,1.9084274768829346,100.0,HIGH PRIORITY,95th percentile prioritisation threshold,Spectral-stress evidence detected. Prioritise field inspection to determine the underlying cause. Field verification required.,221
scene_01_DT0000205230-Z0162,scene_01_DT0000205230,229,206100.0,574666.3755458515,1967082.576419214,1.9268012046813965,2.668607711791992,1.8692439794540405,100.0,HIGH PRIORITY,95th percentile prioritisation threshold,Spectral-stress evidence detected. Prioritise field inspection to determine the underlying cause. Field verification required.,222
scene_01_DT0000205230-Z0149,scene_01_DT0000205230,59,53100.0,580248.3050847457,1968287.2881355933,1.9258404970169067,2.4681713581085205,1.9018077850341797,100.0,HIGH PRIORITY,95th percentile prioritisation threshold,Spectral-stress evidence detected. Prioritise field inspection to determine the underlying cause. Field verification required.,223
scene_01_DT0000205230-Z0323,scene_01_DT0000205230,28,25200.0,559068.2142857143,1958415.0,1.924353003501892,2.1939024925231934,1.9203755855560303,100.0,HIGH PRIORITY,95th percentile prioritisation threshold,Spectral-stress evidence detected. Prioritise field inspection to determine the underlying cause. Field verification required.,224
scene_01_DT0000205230-Z0230,scene_01_DT0000205230,41,36900.0,578899.0243902439,1962872.9268292682,1.9236524105072021,2.265787124633789,1.8819643259048462,100.0,HIGH PRIORITY,95th percentile prioritisation threshold,Spectral-stress evidence detected. Prioritise field inspection to determine the underlying cause. Field verification required.,225
scene_01_DT0000205230-Z0047,scene_01_DT0000205230,24,21600.0,565195.0,1973032.5,1.922834038734436,2.5552799701690674,1.8834134340286255,100.0,HIGH PRIORITY,95th percentile prioritisation threshold,Spectral-stress evidence detected. Prioritise field inspection to determine the underlying cause. Field verification required.,226
scene_01_DT0000205230-Z0154,scene_01_DT0000205230,81,72900.0,575071.4814814815,1967862.5925925926,1.9219272136688232,2.9792134761810303,1.8672196865081787,100.0,HIGH PRIORITY,95th percentile prioritisation threshold,Spectral-stress evidence detected. Prioritise field inspection to determine the underlying cause. Field verification required.,227
scene_01_DT0000205230-Z0169,scene_01_DT0000205230,21,18900.0,574974.2857142857,1967054.2857142857,1.9212077856063843,2.4643056392669678,1.8791508674621582,100.0,HIGH PRIORITY,95th percentile prioritisation threshold,Spectral-stress evidence detected. Prioritise field inspection to determine the underlying cause. Field verification required.,228
scene_01_DT0000205230-Z0078,scene_01_DT0000205230,13,11700.0,563413.8461538461,1971800.7692307692,1.9200482368469238,2.1915836334228516,1.9397203922271729,100.0,HIGH PRIORITY,95th percentile prioritisation threshold,Spectral-stress evidence detected. Prioritise field inspection to determine the underlying cause. Field verification required.,229
scene_01_DT0000205230-Z0199,scene_01_DT0000205230,40,36000.0,560096.25,1964838.0,1.9188621044158936,2.3722658157348633,1.8804166316986084,100.0,HIGH PRIORITY,95th percentile prioritisation threshold,Spectral-stress evidence detected. Prioritise field inspection to determine the underlying cause. Field verification required.,230
scene_01_DT0000205230-Z0263,scene_01_DT0000205230,57,51300.0,560560.0,1961156.3157894737,1.9164565801620483,2.5223183631896973,1.8599406480789185,100.0,HIGH PRIORITY,95th percentile prioritisation threshold,Spectral-stress evidence detected. Prioritise field inspection to determine the underlying cause. Field verification required.,231
scene_01_DT0000205230-Z0289,scene_01_DT0000205230,25,22500.0,559394.4,1960077.6,1.9150348901748657,2.3527324199676514,1.8651485443115234,100.0,HIGH PRIORITY,95th percentile prioritisation threshold,Spectral-stress evidence detected. Prioritise field inspection to determine the underlying cause. Field verification required.,232
scene_01_DT0000205230-Z0028,scene_01_DT0000205230,67,60300.0,570604.0298507463,1973660.5970149254,1.9134221076965332,2.5153656005859375,1.9033292531967163,100.0,HIGH PRIORITY,95th percentile prioritisation threshold,Spectral-stress evidence detected. Prioritise field inspection to determine the underlying cause. Field verification required.,233
scene_01_DT0000205230-Z0094,scene_01_DT0000205230,12,10800.0,560962.5,1971155.0,1.9101964235305786,2.4658608436584473,1.8686336278915405,100.0,HIGH PRIORITY,95th percentile prioritisation threshold,Spectral-stress evidence detected. Prioritise field inspection to determine the underlying cause. Field verification required.,234
scene_01_DT0000205230-Z0409,scene_01_DT0000205230,35,31500.0,554780.5714285715,1950862.2857142857,1.9086593389511108,2.08412766456604,1.9173707962036133,100.0,HIGH PRIORITY,95th percentile prioritisation threshold,Spectral-stress evidence detected. Prioritise field inspection to determine the underlying cause. Field verification required.,235
scene_01_DT0000205230-Z0144,scene_01_DT0000205230,28,25200.0,575668.9285714285,1968973.9285714286,1.908626914024353,2.350667715072632,1.8846726417541504,100.0,HIGH PRIORITY,95th percentile prioritisation threshold,Spectral-stress evidence detected. Prioritise field inspection to determine the underlying cause. Field verification required.,236
scene_01_DT0000205230-Z0276,scene_01_DT0000205230,58,52200.0,559445.6896551724,1960369.1379310344,1.9060367345809937,2.7118332386016846,1.8048986196517944,100.0,HIGH PRIORITY,95th percentile prioritisation threshold,Spectral-stress evidence detected. Prioritise field inspection to determine the underlying cause. Field verification required.,237
scene_01_DT0000205230-Z0428,scene_01_DT0000205230,281,252900.0,546872.7758007117,1947972.0640569394,1.9051556587219238,2.404122829437256,1.833534598350525,100.0,HIGH PRIORITY,95th percentile prioritisation threshold,Spectral-stress evidence detected. Prioritise field inspection to determine the underlying cause. Field verification required.,238
scene_01_DT0000205230-Z0370,scene_01_DT0000205230,9,8100.0,566066.6666666666,1956073.3333333333,1.9050496816635132,2.1230032444000244,1.9465850591659546,100.0,HIGH PRIORITY,95th percentile prioritisation threshold,Spectral-stress evidence detected. Prioritise field inspection to determine the underlying cause. Field verification required.,239
scene_01_DT0000205230-Z0225,scene_01_DT0000205230,35,31500.0,574868.5714285715,1963141.7142857143,1.9030195474624634,2.1448681354522705,1.9072333574295044,100.0,HIGH PRIORITY,95th percentile prioritisation threshold,Spectral-stress evidence detected. Prioritise field inspection to determine the underlying cause. Field verification required.,240
scene_01_DT0000205230-Z0056,scene_01_DT0000205230,259,233100.0,581289.2664092664,1972145.2123552123,1.9025325775146484,2.4743568897247314,1.8766486644744873,100.0,HIGH PRIORITY,95th percentile prioritisation threshold,Spectral-stress evidence detected. Prioritise field inspection to determine the underlying cause. Field verification required.,241
scene_01_DT0000205230-Z0273,scene_01_DT0000205230,100,90000.0,577640.1,1960661.7,1.9017939567565918,2.336341142654419,1.8484675884246826,100.0,HIGH PRIORITY,95th percentile prioritisation threshold,Spectral-stress evidence detected. Prioritise field inspection to determine the underlying cause. Field verification required.,242
scene_01_DT0000205230-Z0151,scene_01_DT0000205230,44,39600.0,575375.4545454546,1968197.7272727273,1.9016087055206299,2.2724180221557617,1.874609351158142,100.0,HIGH PRIORITY,95th percentile prioritisation threshold,Spectral-stress evidence detected. Prioritise field inspection to determine the underlying cause. Field verification required.,243
scene_01_DT0000205230-Z0156,scene_01_DT0000205230,9,8100.0,564663.3333333334,1967823.3333333333,1.9007574319839478,2.4365928173065186,1.8803417682647705,100.0,HIGH PRIORITY,95th percentile prioritisation threshold,Spectral-stress evidence detected. Prioritise field inspection to determine the underlying cause. Field verification required.,244
scene_01_DT0000205230-Z0358,scene_01_DT0000205230,26,23400.0,553318.8461538461,1956593.076923077,1.8992990255355835,2.3544533252716064,1.8831008672714233,100.0,HIGH PRIORITY,95th percentile prioritisation threshold,Spectral-stress evidence detected. Prioritise field inspection to determine the underlying cause. Field verification required.,245
scene_01_DT0000205230-Z0266,scene_01_DT0000205230,20,18000.0,577468.5,1961065.5,1.8981621265411377,2.2919325828552246,1.8310060501098633,100.0,HIGH PRIORITY,95th percentile prioritisation threshold,Spectral-stress evidence detected. Prioritise field inspection to determine the underlying cause. Field verification required.,246
scene_01_DT0000205230-Z0408,scene_01_DT0000205230,12,10800.0,577680.0,1951022.5,1.8977166414260864,2.108715534210205,1.8809380531311035,100.0,HIGH PRIORITY,95th percentile prioritisation threshold,Spectral-stress evidence detected. Prioritise field inspection to determine the underlying cause. Field verification required.,247
scene_01_DT0000205230-Z0380,scene_01_DT0000205230,26,23400.0,555568.8461538461,1954338.4615384615,1.8965721130371094,2.222581386566162,1.9064682722091675,100.0,HIGH PRIORITY,95th percentile prioritisation threshold,Spectral-stress evidence detected. Prioritise field inspection to determine the underlying cause. Field verification required.,248
scene_01_DT0000205230-Z0054,scene_01_DT0000205230,17,15300.0,566991.1764705882,1972717.0588235294,1.8933897018432617,2.217031478881836,1.8919821977615356,100.0,HIGH PRIORITY,95th percentile prioritisation threshold,Spectral-stress evidence detected. Prioritise field inspection to determine the underlying cause. Field verification required.,249
scene_01_DT0000205230-Z0424,scene_01_DT0000205230,14,12600.0,555537.8571428572,1948592.142857143,1.8925154209136963,2.1538989543914795,1.8842265605926514,100.0,HIGH PRIORITY,95th percentile prioritisation threshold,Spectral-stress evidence detected. Prioritise field inspection to determine the underlying cause. Field verification required.,250
scene_01_DT0000205230-Z0426,scene_01_DT0000205230,12,10800.0,547882.5,1948417.5,1.8916815519332886,2.117997407913208,1.8778409957885742,100.0,HIGH PRIORITY,95th percentile prioritisation threshold,Spectral-stress evidence detected. Prioritise field inspection to determine the underlying cause. Field verification required.,251
scene_01_DT0000205230-Z0361,scene_01_DT0000205230,15,13500.0,565786.0,1956550.0,1.889670729637146,2.2528040409088135,1.8223628997802734,100.0,HIGH PRIORITY,95th percentile prioritisation threshold,Spectral-stress evidence detected. Prioritise field inspection to determine the underlying cause. Field verification required.,252
scene_01_DT0000205230-Z0257,scene_01_DT0000205230,9,8100.0,574450.0,1961540.0,1.889380931854248,2.2970833778381348,1.8277058601379395,100.0,HIGH PRIORITY,95th percentile prioritisation threshold,Spectral-stress evidence detected. Prioritise field inspection to determine the underlying cause. Field verification required.,253
scene_01_DT0000205230-Z0365,scene_01_DT0000205230,232,208800.0,554795.5603448276,1955896.0344827587,1.888846516609192,2.1549079418182373,1.8982908725738525,100.0,HIGH PRIORITY,95th percentile prioritisation threshold,Spectral-stress evidence detected. Prioritise field inspection to determine the underlying cause. Field verification required.,254
scene_01_DT0000205230-Z0208,scene_01_DT0000205230,13,11700.0,580103.0769230769,1964483.076923077,1.8885060548782349,2.1511735916137695,1.923720359802246,100.0,HIGH PRIORITY,95th percentile prioritisation threshold,Spectral-stress evidence detected. Prioritise field inspection to determine the underlying cause. Field verification required.,255
scene_01_DT0000205230-Z0163,scene_01_DT0000205230,13,11700.0,567500.7692307692,1967420.7692307692,1.8878175020217896,2.124666929244995,1.8683477640151978,100.0,HIGH PRIORITY,95th percentile prioritisation threshold,Spectral-stress evidence detected. Prioritise field inspection to determine the underlying cause. Field verification required.,256
scene_01_DT0000205230-Z0177,scene_01_DT0000205230,16,14400.0,580770.0,1966575.0,1.887369990348816,2.2157912254333496,1.8329284191131592,100.0,HIGH PRIORITY,95th percentile prioritisation threshold,Spectral-stress evidence detected. Prioritise field inspection to determine the underlying cause. Field verification required.,257
scene_01_DT0000205230-Z0202,scene_01_DT0000205230,9,8100.0,557996.6666666666,1964770.0,1.88447105884552,2.12833571434021,1.900891661643982,100.0,HIGH PRIORITY,95th percentile prioritisation threshold,Spectral-stress evidence detected. Prioritise field inspection to determine the underlying cause. Field verification required.,258
scene_01_DT0000205230-Z0197,scene_01_DT0000205230,15,13500.0,579254.0,1965022.0,1.8841646909713745,2.086852550506592,1.8349499702453613,100.0,HIGH PRIORITY,95th percentile prioritisation threshold,Spectral-stress evidence detected. Prioritise field inspection to determine the underlying cause. Field verification required.,259
scene_01_DT0000205230-Z0203,scene_01_DT0000205230,34,30600.0,578489.1176470588,1964674.4117647058,1.8820008039474487,2.3725762367248535,1.8207147121429443,100.0,HIGH PRIORITY,95th percentile prioritisation threshold,Spectral-stress evidence detected. Prioritise field inspection to determine the underlying cause. Field verification required.,260
scene_01_DT0000205230-Z0045,scene_01_DT0000205230,24,21600.0,567386.25,1973042.5,1.8810478448867798,2.288731813430786,1.830903172492981,100.0,HIGH PRIORITY,95th percentile prioritisation threshold,Spectral-stress evidence detected. Prioritise field inspection to determine the underlying cause. Field verification required.,261
scene_01_DT0000205230-Z0405,scene_01_DT0000205230,89,80100.0,566517.9775280899,1951298.426966292,1.880437970161438,2.1819159984588623,1.872572898864746,100.0,HIGH PRIORITY,95th percentile prioritisation threshold,Spectral-stress evidence detected. Prioritise field inspection to determine the underlying cause. Field verification required.,262
scene_01_DT0000205230-Z0146,scene_01_DT0000205230,29,26100.0,580106.8965517242,1968504.8275862068,1.8798621892929077,2.3227927684783936,1.8301337957382202,100.0,HIGH PRIORITY,95th percentile prioritisation threshold,Spectral-stress evidence detected. Prioritise field inspection to determine the underlying cause. Field verification required.,263
scene_01_DT0000205230-Z0084,scene_01_DT0000205230,94,84600.0,579260.7446808511,1971583.085106383,1.8789294958114624,2.74259614944458,1.8244277238845825,100.0,HIGH PRIORITY,95th percentile prioritisation threshold,Spectral-stress evidence detected. Prioritise field inspection to determine the underlying cause. Field verification required.,264
scene_01_DT0000205230-Z0115,scene_01_DT0000205230,16,14400.0,556278.75,1970068.125,1.8785908222198486,1.9826250076293945,1.8932061195373535,100.0,HIGH PRIORITY,95th percentile prioritisation threshold,Spectral-stress evidence detected. Prioritise field inspection to determine the underlying cause. Field verification required.,265
scene_01_DT0000205230-Z0174,scene_01_DT0000205230,9,8100.0,580566.6666666666,1966713.3333333333,1.8782774209976196,2.120283365249634,1.8429588079452515,100.0,HIGH PRIORITY,95th percentile prioritisation threshold,Spectral-stress evidence detected. Prioritise field inspection to determine the underlying cause. Field verification required.,266
scene_01_DT0000205230-Z0339,scene_01_DT0000205230,19,17100.0,553834.7368421053,1957616.8421052631,1.8748693466186523,2.0933239459991455,1.8662244081497192,100.0,HIGH PRIORITY,95th percentile prioritisation threshold,Spectral-stress evidence detected. Prioritise field inspection to determine the underlying cause. Field verification required.,267
scene_01_DT0000205230-Z0404,scene_01_DT0000205230,9,8100.0,567550.0,1951573.3333333333,1.8741081953048706,2.1703991889953613,1.8777908086776733,100.0,HIGH PRIORITY,95th percentile prioritisation threshold,Spectral-stress evidence detected. Prioritise field inspection to determine the underlying cause. Field verification required.,268
scene_01_DT0000205230-Z0264,scene_01_DT0000205230,20,18000.0,554290.5,1961064.0,1.8722044229507446,2.1825520992279053,1.8598252534866333,100.0,HIGH PRIORITY,95th percentile prioritisation threshold,Spectral-stress evidence detected. Prioritise field inspection to determine the underlying cause. Field verification required.,269
scene_01_DT0000205230-Z0038,scene_01_DT0000205230,24,21600.0,573442.5,1973455.0,1.8709689378738403,2.1490745544433594,1.8449288606643677,100.0,HIGH PRIORITY,95th percentile prioritisation threshold,Spectral-stress evidence detected. Prioritise field inspection to determine the underlying cause. Field verification required.,270
scene_01_DT0000205230-Z0240,scene_01_DT0000205230,48,43200.0,572071.875,1962291.25,1.8707271814346313,2.2590649127960205,1.8388128280639648,100.0,HIGH PRIORITY,95th percentile prioritisation threshold,Spectral-stress evidence detected. Prioritise field inspection to determine the underlying cause. Field verification required.,271
scene_01_DT0000205230-Z0222,scene_01_DT0000205230,18,16200.0,579223.3333333334,1963450.0,1.8690024614334106,2.3067781925201416,1.800854206085205,100.0,HIGH PRIORITY,95th percentile prioritisation threshold,Spectral-stress evidence detected. Prioritise field inspection to determine the underlying cause. Field verification required.,272
scene_01_DT0000205230-Z0303,scene_01_DT0000205230,22,19800.0,554085.0,1959276.8181818181,1.8684149980545044,2.187710762023926,1.818938970565796,100.0,HIGH PRIORITY,95th percentile prioritisation threshold,Spectral-stress evidence detected. Prioritise field inspection to determine the underlying cause. Field verification required.,273
scene_01_DT0000205230-Z0403,scene_01_DT0000205230,11,9900.0,567698.1818181818,1951590.0,1.8649201393127441,2.0681068897247314,1.8464205265045166,100.0,HIGH PRIORITY,95th percentile prioritisation threshold,Spectral-stress evidence detected. Prioritise field inspection to determine the underlying cause. Field verification required.,274
scene_01_DT0000205230-Z0275,scene_01_DT0000205230,36,32400.0,573412.5,1960580.8333333333,1.8608229160308838,2.123441219329834,1.8658599853515625,100.0,HIGH PRIORITY,95th percentile prioritisation threshold,Spectral-stress evidence detected. Prioritise field inspection to determine the underlying cause. Field verification required.,275
scene_01_DT0000205230-Z0122,scene_01_DT0000205230,27,24300.0,576148.8888888889,1969832.2222222222,1.8604665994644165,2.0465896129608154,1.8655030727386475,100.0,HIGH PRIORITY,95th percentile prioritisation threshold,Spectral-stress evidence detected. Prioritise field inspection to determine the underlying cause. Field verification required.,276
scene_01_DT0000205230-Z0293,scene_01_DT0000205230,315,283500.0,553577.2380952381,1959531.142857143,1.8580821752548218,2.5371828079223633,1.8290916681289673,100.0,HIGH PRIORITY,95th percentile prioritisation threshold,Spectral-stress evidence detected. Prioritise field inspection to determine the underlying cause. Field verification required.,277
scene_01_DT0000205230-Z0020,scene_01_DT0000205230,12,10800.0,566467.5,1974010.0,1.8552712202072144,2.0234434604644775,1.8589338064193726,100.0,HIGH PRIORITY,95th percentile prioritisation threshold,Spectral-stress evidence detected. Prioritise field inspection to determine the underlying cause. Field verification required.,278
scene_01_DT0000205230-Z0346,scene_01_DT0000205230,115,103500.0,554502.5217391305,1957287.1304347827,1.8546271324157715,2.0794384479522705,1.8537477254867554,100.0,HIGH PRIORITY,95th percentile prioritisation threshold,Spectral-stress evidence detected. Prioritise field inspection to determine the underlying cause. Field verification required.,279
scene_01_DT0000205230-Z0198,scene_01_DT0000205230,35,31500.0,576885.4285714285,1964931.4285714286,1.853757381439209,2.0336670875549316,1.8506087064743042,100.0,HIGH PRIORITY,95th percentile prioritisation threshold,Spectral-stress evidence detected. Prioritise field inspection to determine the underlying cause. Field verification required.,280
scene_01_DT0000205230-Z0232,scene_01_DT0000205230,14,12600.0,555347.1428571428,1962859.2857142857,1.8517608642578125,2.0348315238952637,1.8708943128585815,100.0,HIGH PRIORITY,95th percentile prioritisation threshold,Spectral-stress evidence detected. Prioritise field inspection to determine the underlying cause. Field verification required.,281
scene_01_DT0000205230-Z0325,scene_01_DT0000205230,11,9900.0,553802.7272727273,1958345.4545454546,1.8514492511749268,2.106079339981079,1.8019863367080688,100.0,HIGH PRIORITY,95th percentile prioritisation threshold,Spectral-stress evidence detected. Prioritise field inspection to determine the underlying cause. Field verification required.,282
scene_01_DT0000205230-Z0406,scene_01_DT0000205230,28,25200.0,567517.5,1951414.2857142857,1.8506070375442505,2.134321928024292,1.822299599647522,100.0,HIGH PRIORITY,95th percentile prioritisation threshold,Spectral-stress evidence detected. Prioritise field inspection to determine the underlying cause. Field verification required.,283
scene_01_DT0000205230-Z0200,scene_01_DT0000205230,61,54900.0,577173.4426229508,1964800.3278688525,1.8493776321411133,2.3933417797088623,1.8095048666000366,100.0,HIGH PRIORITY,95th percentile prioritisation threshold,Spectral-stress evidence detected. Prioritise field inspection to determine the underlying cause. Field verification required.,284
scene_01_DT0000205230-Z0201,scene_01_DT0000205230,9,8100.0,560760.0,1964773.3333333333,1.8472936153411865,2.245783805847168,1.8104286193847656,100.0,HIGH PRIORITY,95th percentile prioritisation threshold,Spectral-stress evidence detected. Prioritise field inspection to determine the underlying cause. Field verification required.,285
scene_01_DT0000205230-Z0128,scene_01_DT0000205230,23,20700.0,556533.9130434783,1969497.391304348,1.8432989120483398,2.0531163215637207,1.8740054368972778,100.0,HIGH PRIORITY,95th percentile prioritisation threshold,Spectral-stress evidence detected. Prioritise field inspection to determine the underlying cause. Field verification required.,286
scene_01_DT0000205230-Z0106,scene_01_DT0000205230,34,30600.0,576172.9411764706,1970467.9411764706,1.8422261476516724,2.215597152709961,1.7887107133865356,100.0,HIGH PRIORITY,95th percentile prioritisation threshold,Spectral-stress evidence detected. Prioritise field inspection to determine the underlying cause. Field verification required.,287
scene_01_DT0000205230-Z0223,scene_01_DT0000205230,12,10800.0,574352.5,1963385.0,1.842002511024475,2.213291645050049,1.8072264194488525,100.0,HIGH PRIORITY,95th percentile prioritisation threshold,Spectral-stress evidence detected. Prioritise field inspection to determine the underlying cause. Field verification required.,288
scene_01_DT0000205230-Z0011,scene_01_DT0000205230,9,8100.0,564700.0,1974773.3333333333,1.8406643867492676,1.9734643697738647,1.863311767578125,100.0,HIGH PRIORITY,95th percentile prioritisation threshold,Spectral-stress evidence detected. Prioritise field inspection to determine the underlying cause. Field verification required.,289
scene_01_DT0000205230-Z0261,scene_01_DT0000205230,19,17100.0,554123.6842105263,1961212.105263158,1.840550422668457,2.2141175270080566,1.7853811979293823,100.0,HIGH PRIORITY,95th percentile prioritisation threshold,Spectral-stress evidence detected. Prioritise field inspection to determine the underlying cause. Field verification required.,290
scene_01_DT0000205230-Z0410,scene_01_DT0000205230,49,44100.0,547056.1224489796,1950824.081632653,1.8400111198425293,1.9878565073013306,1.8388274908065796,100.0,HIGH PRIORITY,95th percentile prioritisation threshold,Spectral-stress evidence detected. Prioritise field inspection to determine the underlying cause. Field verification required.,291
scene_01_DT0000205230-Z0345,scene_01_DT0000205230,11,9900.0,553887.2727272727,1957480.9090909092,1.8399440050125122,2.0051846504211426,1.859456181526184,100.0,HIGH PRIORITY,95th percentile prioritisation threshold,Spectral-stress evidence detected. Prioritise field inspection to determine the underlying cause. Field verification required.,292
scene_01_DT0000205230-Z0418,scene_01_DT0000205230,24,21600.0,576461.25,1949393.75,1.8395265340805054,2.0102834701538086,1.8171072006225586,100.0,HIGH PRIORITY,95th percentile prioritisation threshold,Spectral-stress evidence detected. Prioritise field inspection to determine the underlying cause. Field verification required.,293
scene_01_DT0000205230-Z0389,scene_01_DT0000205230,13,11700.0,555334.6153846154,1953897.6923076923,1.8388704061508179,1.941056728363037,1.8430769443511963,100.0,HIGH PRIORITY,95th percentile prioritisation threshold,Spectral-stress evidence detected. Prioritise field inspection to determine the underlying cause. Field verification required.,294
scene_01_DT0000205230-Z0399,scene_01_DT0000205230,11,9900.0,571320.0,1952931.8181818181,1.838757038116455,2.1528420448303223,1.8427976369857788,100.0,HIGH PRIORITY,95th percentile prioritisation threshold,Spectral-stress evidence detected. Prioritise field inspection to determine the underlying cause. Field verification required.,295
scene_01_DT0000205230-Z0422,scene_01_DT0000205230,14,12600.0,554462.1428571428,1948892.142857143,1.8381918668746948,2.1551852226257324,1.7965850830078125,100.0,HIGH PRIORITY,95th percentile prioritisation threshold,Spectral-stress evidence detected. Prioritise field inspection to determine the underlying cause. Field verification required.,296
scene_01_DT0000205230-Z0142,scene_01_DT0000205230,12,10800.0,566562.5,1969152.5,1.8379589319229126,1.9798096418380737,1.8286712169647217,100.0,HIGH PRIORITY,95th percentile prioritisation threshold,Spectral-stress evidence detected. Prioritise field inspection to determine the underlying cause. Field verification required.,297
scene_01_DT0000205230-Z0308,scene_01_DT0000205230,41,36900.0,552379.756097561,1958976.5853658537,1.8369930982589722,2.0638222694396973,1.8548436164855957,100.0,HIGH PRIORITY,95th percentile prioritisation threshold,Spectral-stress evidence detected. Prioritise field inspection to determine the underlying cause. Field verification required.,298
scene_01_DT0000205230-Z0295,scene_01_DT0000205230,17,15300.0,559408.2352941176,1959924.705882353,1.8366864919662476,2.1847221851348877,1.8408221006393433,100.0,HIGH PRIORITY,95th percentile prioritisation threshold,Spectral-stress evidence detected. Prioritise field inspection to determine the underlying cause. Field verification required.,299
scene_01_DT0000205230-Z0247,scene_01_DT0000205230,14,12600.0,555769.2857142857,1962160.7142857143,1.8360635042190552,2.0139360427856445,1.8312642574310303,100.0,HIGH PRIORITY,95th percentile prioritisation threshold,Spectral-stress evidence detected. Prioritise field inspection to determine the underlying cause. Field verification required.,300
scene_01_DT0000205230-Z0393,scene_01_DT0000205230,820,738000.0,548736.0365853659,1952426.7073170731,1.8359944820404053,2.2411515712738037,1.8217225074768066,100.0,HIGH PRIORITY,95th percentile prioritisation threshold,Spectral-stress evidence detected. Prioritise field inspection to determine the underlying cause. Field verification required.,301
scene_01_DT0000205230-Z0099,scene_01_DT0000205230,36,32400.0,578689.1666666666,1970826.6666666667,1.8353852033615112,2.1289196014404297,1.7950749397277832,100.0,HIGH PRIORITY,95th percentile prioritisation threshold,Spectral-stress evidence detected. Prioritise field inspection to determine the underlying cause. Field verification required.,302
scene_01_DT0000205230-Z0131,scene_01_DT0000205230,25,22500.0,576260.4,1969460.4,1.8348915576934814,2.0526161193847656,1.8170011043548584,100.0,HIGH PRIORITY,95th percentile prioritisation threshold,Spectral-stress evidence detected. Prioritise field inspection to determine the underlying cause. Field verification required.,303
scene_01_DT0000205230-Z0259,scene_01_DT0000205230,14,12600.0,559418.5714285715,1961337.857142857,1.8334991931915283,1.9910762310028076,1.8309533596038818,100.0,HIGH PRIORITY,95th percentile prioritisation threshold,Spectral-stress evidence detected. Prioritise field inspection to determine the underlying cause. Field verification required.,304
scene_01_DT0000205230-Z0374,scene_01_DT0000205230,10,9000.0,555213.0,1955661.0,1.8331527709960938,2.028568744659424,1.837028980255127,100.0,HIGH PRIORITY,95th percentile prioritisation threshold,Spectral-stress evidence detected. Prioritise field inspection to determine the underlying cause. Field verification required.,305
scene_01_DT0000205230-Z0407,scene_01_DT0000205230,25,22500.0,554382.0,1951285.2,1.8318027257919312,2.0184638500213623,1.8579838275909424,100.0,HIGH PRIORITY,95th percentile prioritisation threshold,Spectral-stress evidence detected. Prioritise field inspection to determine the underlying cause. Field verification required.,306
scene_01_DT0000205230-Z0401,scene_01_DT0000205230,9,8100.0,555316.6666666666,1952570.0,1.8309082984924316,2.0792553424835205,1.825493574142456,100.0,HIGH PRIORITY,95th percentile prioritisation threshold,Spectral-stress evidence detected. Prioritise field inspection to determine the underlying cause. Field verification required.,307
scene_01_DT0000205230-Z0353,scene_01_DT0000205230,21,18900.0,565098.5714285715,1957020.0,1.8295713663101196,2.189812183380127,1.7839820384979248,100.0,HIGH PRIORITY,95th percentile prioritisation threshold,Spectral-stress evidence detected. Prioritise field inspection to determine the underlying cause. Field verification required.,308
scene_01_DT0000205230-Z0269,scene_01_DT0000205230,16,14400.0,577890.0,1960991.25,1.8288955688476562,2.011202096939087,1.8427517414093018,100.0,HIGH PRIORITY,95th percentile prioritisation threshold,Spectral-stress evidence detected. Prioritise field inspection to determine the underlying cause. Field verification required.,309
scene_01_DT0000205230-Z0068,scene_01_DT0000205230,58,52200.0,579409.6551724138,1972041.2068965517,1.8272358179092407,2.1006360054016113,1.8112269639968872,100.0,HIGH PRIORITY,95th percentile prioritisation threshold,Spectral-stress evidence detected. Prioritise field inspection to determine the underlying cause. Field verification required.,310
scene_01_DT0000205230-Z0021,scene_01_DT0000205230,16,14400.0,561774.375,1973900.625,1.8240842819213867,2.08951735496521,1.8137156963348389,100.0,HIGH PRIORITY,95th percentile prioritisation threshold,Spectral-stress evidence detected. Prioritise field inspection to determine the underlying cause. Field verification required.,311
scene_01_DT0000205230-Z0328,scene_01_DT0000205230,36,32400.0,562796.6666666666,1958050.0,1.8238883018493652,2.110360860824585,1.830984354019165,100.0,HIGH PRIORITY,95th percentile prioritisation threshold,Spectral-stress evidence detected. Prioritise field inspection to determine the underlying cause. Field verification required.,312
scene_01_DT0000205230-Z0415,scene_01_DT0000205230,42,37800.0,547097.1428571428,1949958.5714285714,1.8238601684570312,2.1487367153167725,1.7741800546646118,100.0,HIGH PRIORITY,95th percentile prioritisation threshold,Spectral-stress evidence detected. Prioritise field inspection to determine the underlying cause. Field verification required.,313
scene_01_DT0000205230-Z0398,scene_01_DT0000205230,30,27000.0,555477.0,1952897.0,1.823135495185852,2.1160097122192383,1.7718485593795776,100.0,HIGH PRIORITY,95th percentile prioritisation threshold,Spectral-stress evidence detected. Prioritise field inspection to determine the underlying cause. Field verification required.,314
scene_01_DT0000205230-Z0332,scene_01_DT0000205230,22,19800.0,561122.7272727273,1958060.4545454546,1.8223823308944702,2.0300936698913574,1.8086636066436768,100.0,HIGH PRIORITY,95th percentile prioritisation threshold,Spectral-stress evidence detected. Prioritise field inspection to determine the underlying cause. Field verification required.,315
scene_01_DT0000205230-Z0168,scene_01_DT0000205230,15,13500.0,578546.0,1967162.0,1.8223012685775757,1.9285850524902344,1.861216425895691,100.0,HIGH PRIORITY,95th percentile prioritisation threshold,Spectral-stress evidence detected. Prioritise field inspection to determine the underlying cause. Field verification required.,316
scene_01_DT0000205230-Z0139,scene_01_DT0000205230,16,14400.0,569576.25,1969350.0,1.8215737342834473,2.0814404487609863,1.7972750663757324,100.0,HIGH PRIORITY,95th percentile prioritisation threshold,Spectral-stress evidence detected. Prioritise field inspection to determine the underlying cause. Field verification required.,317
scene_01_DT0000205230-Z0394,scene_01_DT0000205230,11,9900.0,555231.8181818182,1953267.2727272727,1.821570634841919,1.9974452257156372,1.8206863403320312,100.0,HIGH PRIORITY,95th percentile prioritisation threshold,Spectral-stress evidence detected. Prioritise field inspection to determine the underlying cause. Field verification required.,318
scene_01_DT0000205230-Z0311,scene_01_DT0000205230,9,8100.0,563193.3333333334,1958810.0,1.8196454048156738,2.021845817565918,1.7821027040481567,100.0,HIGH PRIORITY,95th percentile prioritisation threshold,Spectral-stress evidence detected. Prioritise field inspection to determine the underlying cause. Field verification required.,319
scene_01_DT0000205230-Z0385,scene_01_DT0000205230,130,117000.0,555759.9230769231,1953620.7692307692,1.8193711042404175,2.214266061782837,1.8040807247161865,100.0,HIGH PRIORITY,95th percentile prioritisation threshold,Spectral-stress evidence detected. Prioritise field inspection to determine the underlying cause. Field verification required.,320
scene_01_DT0000205230-Z0363,scene_01_DT0000205230,15,13500.0,565936.0,1956456.0,1.818398118019104,2.0109643936157227,1.8127574920654297,100.0,HIGH PRIORITY,95th percentile prioritisation threshold,Spectral-stress evidence detected. Prioritise field inspection to determine the underlying cause. Field verification required.,321
scene_01_DT0000205230-Z0335,scene_01_DT0000205230,11,9900.0,562573.6363636364,1957960.9090909092,1.8167999982833862,1.9732246398925781,1.7976685762405396,100.0,HIGH PRIORITY,95th percentile prioritisation threshold,Spectral-stress evidence detected. Prioritise field inspection to determine the underlying cause. Field verification required.,322
scene_01_DT0000205230-Z0411,scene_01_DT0000205230,13,11700.0,577495.3846153846,1950890.7692307692,1.8124504089355469,2.050112009048462,1.8235313892364502,100.0,HIGH PRIORITY,95th percentile prioritisation threshold,Spectral-stress evidence detected. Prioritise field inspection to determine the underlying cause. Field verification required.,323
scene_01_DT0000205230-Z0228,scene_01_DT0000205230,12,10800.0,555675.0,1963087.5,1.8119639158248901,1.9180210828781128,1.7691068649291992,100.0,HIGH PRIORITY,95th percentile prioritisation threshold,Spectral-stress evidence detected. Prioritise field inspection to determine the underlying cause. Field verification required.,324
scene_01_DT0000205230-Z0290,scene_01_DT0000205230,2443,2198700.0,551360.7654523128,1959033.524355301,1.8103134632110596,2.5182836055755615,1.7832144498825073,100.0,HIGH PRIORITY,95th percentile prioritisation threshold,Spectral-stress evidence detected. Prioritise field inspection to determine the underlying cause. Field verification required.,325
scene_01_DT0000205230-Z0357,scene_01_DT0000205230,70,63000.0,548546.5714285715,1956676.7142857143,1.808860182762146,2.1344330310821533,1.789570689201355,100.0,HIGH PRIORITY,95th percentile prioritisation threshold,Spectral-stress evidence detected. Prioritise field inspection to determine the underlying cause. Field verification required.,326
scene_01_DT0000205230-Z0425,scene_01_DT0000205230,11,9900.0,549196.3636363636,1948505.4545454546,1.8082003593444824,2.1132898330688477,1.7534905672073364,100.0,HIGH PRIORITY,95th percentile prioritisation threshold,Spectral-stress evidence detected. Prioritise field inspection to determine the underlying cause. Field verification required.,327
scene_01_DT0000205230-Z0329,scene_01_DT0000205230,18,16200.0,553776.6666666666,1958140.0,1.807527780532837,2.058292865753174,1.804089069366455,100.0,HIGH PRIORITY,95th percentile prioritisation threshold,Spectral-stress evidence detected. Prioritise field inspection to determine the underlying cause. Field verification required.,328
scene_01_DT0000205230-Z0005,scene_01_DT0000205230,9,8100.0,566150.0,1975126.6666666667,1.8062098026275635,1.9503337144851685,1.8222099542617798,100.0,HIGH PRIORITY,95th percentile prioritisation threshold,Spectral-stress evidence detected. Prioritise field inspection to determine the underlying cause. Field verification required.,329
scene_01_DT0000205230-Z0284,scene_01_DT0000205230,22,19800.0,572548.6363636364,1960378.6363636365,1.8058178424835205,1.9356975555419922,1.7880103588104248,100.0,HIGH PRIORITY,95th percentile prioritisation threshold,Spectral-stress evidence detected. Prioritise field inspection to determine the underlying cause. Field verification required.,330
scene_01_DT0000205230-Z0217,scene_01_DT0000205230,24,21600.0,578146.25,1963655.0,1.8056720495224,2.080815315246582,1.7860832214355469,100.0,HIGH PRIORITY,95th percentile prioritisation threshold,Spectral-stress evidence detected. Prioritise field inspection to determine the underlying cause. Field verification required.,331
scene_01_DT0000205230-Z0205,scene_01_DT0000205230,13,11700.0,580176.9230769231,1964642.3076923077,1.8043172359466553,1.9883536100387573,1.81846022605896,100.0,HIGH PRIORITY,95th percentile prioritisation threshold,Spectral-stress evidence detected. Prioritise field inspection to determine the underlying cause. Field verification required.,332
scene_01_DT0000205230-Z0235,scene_01_DT0000205230,15,13500.0,555886.0,1962752.0,1.8042502403259277,1.9146192073822021,1.8017818927764893,100.0,HIGH PRIORITY,95th percentile prioritisation threshold,Spectral-stress evidence detected. Prioritise field inspection to determine the underlying cause. Field verification required.,333
scene_01_DT0000205230-Z0242,scene_01_DT0000205230,18,16200.0,577970.0,1962338.3333333333,1.8030518293380737,2.0324747562408447,1.7655521631240845,100.0,HIGH PRIORITY,95th percentile prioritisation threshold,Spectral-stress evidence detected. Prioritise field inspection to determine the underlying cause. Field verification required.,334
scene_01_DT0000205230-Z0354,scene_01_DT0000205230,14,12600.0,549094.2857142857,1956930.0,1.802099347114563,1.9290469884872437,1.78271484375,100.0,HIGH PRIORITY,95th percentile prioritisation threshold,Spectral-stress evidence detected. Prioritise field inspection to determine the underlying cause. Field verification required.,335
scene_01_DT0000205230-Z0214,scene_01_DT0000205230,22,19800.0,553697.7272727273,1964085.0,1.8013675212860107,1.9662315845489502,1.7872143983840942,100.0,HIGH PRIORITY,95th percentile prioritisation threshold,Spectral-stress evidence detected. Prioritise field inspection to determine the underlying cause. Field verification required.,336
scene_01_DT0000205230-Z0373,scene_01_DT0000205230,24,21600.0,548152.5,1955736.25,1.8006035089492798,1.916169285774231,1.7974436283111572,100.0,HIGH PRIORITY,95th percentile prioritisation threshold,Spectral-stress evidence detected. Prioritise field inspection to determine the underlying cause. Field verification required.,337
scene_01_DT0000205230-Z0359,scene_01_DT0000205230,14,12600.0,578224.2857142857,1956559.2857142857,1.7997567653656006,1.9228687286376953,1.8180102109909058,100.0,HIGH PRIORITY,95th percentile prioritisation threshold,Spectral-stress evidence detected. Prioritise field inspection to determine the underlying cause. Field verification required.,338
scene_01_DT0000205230-Z0262,scene_01_DT0000205230,11,9900.0,554350.9090909091,1961260.9090909092,1.799088716506958,1.9016917943954468,1.8035590648651123,100.0,HIGH PRIORITY,95th percentile prioritisation threshold,Spectral-stress evidence detected. Prioritise field inspection to determine the underlying cause. Field verification required.,339
scene_01_DT0000205230-Z0216,scene_01_DT0000205230,32,28800.0,560328.75,1964021.25,1.798555850982666,2.0660300254821777,1.7882423400878906,100.0,HIGH PRIORITY,95th percentile prioritisation threshold,Spectral-stress evidence detected. Prioritise field inspection to determine the underlying cause. Field verification required.,340
scene_01_DT0000205230-Z0417,scene_01_DT0000205230,26,23400.0,546887.3076923077,1949541.923076923,1.7972407341003418,2.067915678024292,1.7772772312164307,100.0,HIGH PRIORITY,95th percentile prioritisation threshold,Spectral-stress evidence detected. Prioritise field inspection to determine the underlying cause. Field verification required.,341
scene_01_DT0000205230-Z0239,scene_01_DT0000205230,10,9000.0,574668.0,1962420.0,1.796820878982544,2.059875726699829,1.7656245231628418,100.0,HIGH PRIORITY,95th percentile prioritisation threshold,Spectral-stress evidence detected. Prioritise field inspection to determine the underlying cause. Field verification required.,342
scene_01_DT0000205230-Z0371,scene_01_DT0000205230,31,27900.0,553363.5483870967,1955887.7419354839,1.7967109680175781,1.9963202476501465,1.7961876392364502,100.0,HIGH PRIORITY,95th percentile prioritisation threshold,Spectral-stress evidence detected. Prioritise field inspection to determine the underlying cause. Field verification required.,343
scene_01_DT0000205230-Z0233,scene_01_DT0000205230,10,9000.0,579051.0,1962879.0,1.7966804504394531,1.939269781112671,1.7990392446517944,100.0,HIGH PRIORITY,95th percentile prioritisation threshold,Spectral-stress evidence detected. Prioritise field inspection to determine the underlying cause. Field verification required.,344
scene_01_DT0000205230-Z0413,scene_01_DT0000205230,17,15300.0,567370.5882352941,1950529.4117647058,1.7943792343139648,1.9620201587677002,1.7936384677886963,100.0,HIGH PRIORITY,95th percentile prioritisation threshold,Spectral-stress evidence detected. Prioritise field inspection to determine the underlying cause. Field verification required.,345
scene_01_DT0000205230-Z0397,scene_01_DT0000205230,13,11700.0,555895.3846153846,1953064.6153846155,1.7939194440841675,1.9580446481704712,1.7943943738937378,100.0,HIGH PRIORITY,95th percentile prioritisation threshold,Spectral-stress evidence detected. Prioritise field inspection to determine the underlying cause. Field verification required.,346
scene_01_DT0000205230-Z0107,scene_01_DT0000205230,28,25200.0,580150.7142857143,1970487.857142857,1.7938003540039062,2.0882747173309326,1.7706583738327026,100.0,HIGH PRIORITY,95th percentile prioritisation threshold,Spectral-stress evidence detected. Prioritise field inspection to determine the underlying cause. Field verification required.,347
scene_01_DT0000205230-Z0253,scene_01_DT0000205230,49,44100.0,557327.7551020408,1961313.0612244897,1.7932006120681763,2.0790834426879883,1.7783235311508179,100.0,HIGH PRIORITY,95th percentile prioritisation threshold,Spectral-stress evidence detected. Prioritise field inspection to determine the underlying cause. Field verification required.,348
scene_01_DT0000205230-Z0336,scene_01_DT0000205230,70,63000.0,549463.7142857143,1957808.5714285714,1.7930985689163208,2.0147807598114014,1.7836956977844238,100.0,HIGH PRIORITY,95th percentile prioritisation threshold,Spectral-stress evidence detected. Prioritise field inspection to determine the underlying cause. Field verification required.,349
scene_01_DT0000205230-Z0126,scene_01_DT0000205230,18,16200.0,576326.6666666666,1969671.6666666667,1.7930365800857544,1.889580249786377,1.786945104598999,100.0,HIGH PRIORITY,95th percentile prioritisation threshold,Spectral-stress evidence detected. Prioritise field inspection to determine the underlying cause. Field verification required.,350
scene_01_DT0000205230-Z0012,scene_01_DT0000205230,14,12600.0,565264.2857142857,1974788.5714285714,1.7930039167404175,1.96930730342865,1.770560383796692,100.0,HIGH PRIORITY,95th percentile prioritisation threshold,Spectral-stress evidence detected. Prioritise field inspection to determine the underlying cause. Field verification required.,351
scene_01_DT0000205230-Z0362,scene_01_DT0000205230,12,10800.0,554045.0,1956485.0,1.7914719581604004,1.9157726764678955,1.8303065299987793,100.0,HIGH PRIORITY,95th percentile prioritisation threshold,Spectral-stress evidence detected. Prioritise field inspection to determine the underlying cause. Field verification required.,352
scene_01_DT0000205230-Z0172,scene_01_DT0000205230,9,8100.0,578380.0,1966790.0,1.7903878688812256,1.8829913139343262,1.8146450519561768,100.0,HIGH PRIORITY,95th percentile prioritisation threshold,Spectral-stress evidence detected. Prioritise field inspection to determine the underlying cause. Field verification required.,353
scene_01_DT0000205230-Z0098,scene_01_DT0000205230,43,38700.0,579766.046511628,1970819.3023255814,1.7891833782196045,1.9742597341537476,1.7852150201797485,100.0,HIGH PRIORITY,95th percentile prioritisation threshold,Spectral-stress evidence detected. Prioritise field inspection to determine the underlying cause. Field verification required.,354
scene_01_DT0000205230-Z0026,scene_01_DT0000205230,68,61200.0,564069.2647058824,1973642.205882353,1.78797447681427,2.0692477226257324,1.7823162078857422,100.0,HIGH PRIORITY,95th percentile prioritisation threshold,Spectral-stress evidence detected. Prioritise field inspection to determine the underlying cause. Field verification required.,355
scene_01_DT0000205230-Z0014,scene_01_DT0000205230,9,8100.0,569380.0,1974613.3333333333,1.7867189645767212,2.249708414077759,1.735898494720459,100.0,HIGH PRIORITY,95th percentile prioritisation threshold,Spectral-stress evidence detected. Prioritise field inspection to determine the underlying cause. Field verification required.,356
scene_01_DT0000205230-Z0210,scene_01_DT0000205230,25,22500.0,558595.2,1964317.2,1.7865885496139526,2.006777763366699,1.7586684226989746,100.0,HIGH PRIORITY,95th percentile prioritisation threshold,Spectral-stress evidence detected. Prioritise field inspection to determine the underlying cause. Field verification required.,357
scene_01_DT0000205230-Z0113,scene_01_DT0000205230,14,12600.0,576970.7142857143,1970076.4285714286,1.7863577604293823,1.9066557884216309,1.793255090713501,100.0,HIGH PRIORITY,95th percentile prioritisation threshold,Spectral-stress evidence detected. Prioritise field inspection to determine the underlying cause. Field verification required.,358
scene_01_DT0000205230-Z0350,scene_01_DT0000205230,23,20700.0,549245.2173913043,1957106.0869565217,1.786218523979187,1.9702041149139404,1.7663240432739258,100.0,HIGH PRIORITY,95th percentile prioritisation threshold,Spectral-stress evidence detected. Prioritise field inspection to determine the underlying cause. Field verification required.,359
scene_01_DT0000205230-Z0040,scene_01_DT0000205230,29,26100.0,580772.0689655172,1973291.3793103448,1.7860350608825684,1.943047285079956,1.777955174446106,100.0,HIGH PRIORITY,95th percentile prioritisation threshold,Spectral-stress evidence detected. Prioritise field inspection to determine the underlying cause. Field verification required.,360
scene_01_DT0000205230-Z0379,scene_01_DT0000205230,12,10800.0,555267.5,1954462.5,1.7860215902328491,1.965448021888733,1.7718520164489746,100.0,HIGH PRIORITY,95th percentile prioritisation threshold,Spectral-stress evidence detected. Prioritise field inspection to determine the underlying cause. Field verification required.,361
scene_01_DT0000205230-Z0148,scene_01_DT0000205230,15,13500.0,574792.0,1968374.0,1.785332202911377,1.871760606765747,1.8078587055206299,100.0,HIGH PRIORITY,95th percentile prioritisation threshold,Spectral-stress evidence detected. Prioritise field inspection to determine the underlying cause. Field verification required.,362
scene_01_DT0000205230-Z0333,scene_01_DT0000205230,30,27000.0,559066.0,1958010.0,1.78522789478302,1.9283171892166138,1.7833244800567627,100.0,HIGH PRIORITY,95th percentile prioritisation threshold,Spectral-stress evidence detected. Prioritise field inspection to determine the underlying cause. Field verification required.,363
scene_01_DT0000205230-Z0437,scene_01_DT0000205230,21,18900.0,554344.2857142857,1946231.4285714286,1.7832669019699097,1.8935600519180298,1.7974894046783447,100.0,HIGH PRIORITY,95th percentile prioritisation threshold,Spectral-stress evidence detected. Prioritise field inspection to determine the underlying cause. Field verification required.,364
scene_01_DT0000205230-Z0360,scene_01_DT0000205230,60,54000.0,555559.5,1956314.5,1.781980276107788,2.062358856201172,1.7617061138153076,100.0,HIGH PRIORITY,95th percentile prioritisation threshold,Spectral-stress evidence detected. Prioritise field inspection to determine the underlying cause. Field verification required.,365
scene_01_DT0000205230-Z0212,scene_01_DT0000205230,10,9000.0,554457.0,1964130.0,1.7793554067611694,1.928877592086792,1.7740451097488403,100.0,HIGH PRIORITY,95th percentile prioritisation threshold,Spectral-stress evidence detected. Prioritise field inspection to determine the underlying cause. Field verification required.,366
scene_01_DT0000205230-Z0432,scene_01_DT0000205230,33,29700.0,549099.0909090909,1947579.0909090908,1.7783722877502441,1.928723692893982,1.7858942747116089,100.0,HIGH PRIORITY,95th percentile prioritisation threshold,Spectral-stress evidence detected. Prioritise field inspection to determine the underlying cause. Field verification required.,367
scene_01_DT0000205230-Z0226,scene_01_DT0000205230,16,14400.0,553395.0,1963205.625,1.7772479057312012,1.925546646118164,1.7567181587219238,100.0,HIGH PRIORITY,95th percentile prioritisation threshold,Spectral-stress evidence detected. Prioritise field inspection to determine the underlying cause. Field verification required.,368
scene_01_DT0000205230-Z0280,scene_01_DT0000205230,20,18000.0,562699.5,1960375.5,1.7770274877548218,1.9837313890457153,1.7509300708770752,100.0,HIGH PRIORITY,95th percentile prioritisation threshold,Spectral-stress evidence detected. Prioritise field inspection to determine the underlying cause. Field verification required.,369
scene_01_DT0000205230-Z0431,scene_01_DT0000205230,13,11700.0,577287.6923076923,1947846.923076923,1.7762255668640137,1.9594768285751343,1.7493715286254883,100.0,HIGH PRIORITY,95th percentile prioritisation threshold,Spectral-stress evidence detected. Prioritise field inspection to determine the underlying cause. Field verification required.,370
scene_01_DT0000205230-Z0368,scene_01_DT0000205230,79,71100.0,555337.2151898735,1955901.6455696202,1.7759888172149658,1.9129515886306763,1.7833454608917236,100.0,HIGH PRIORITY,95th percentile prioritisation threshold,Spectral-stress evidence detected. Prioritise field inspection to determine the underlying cause. Field verification required.,371
scene_01_DT0000205230-Z0121,scene_01_DT0000205230,14,12600.0,552445.7142857143,1969845.0,1.7759802341461182,1.9648475646972656,1.7524667978286743,100.0,HIGH PRIORITY,95th percentile prioritisation threshold,Spectral-stress evidence detected. Prioritise field inspection to determine the underlying cause. Field verification required.,372
scene_01_DT0000205230-Z0080,scene_01_DT0000205230,59,53100.0,579646.2711864407,1971607.627118644,1.7733134031295776,2.0413310527801514,1.7439666986465454,100.0,HIGH PRIORITY,95th percentile prioritisation threshold,Spectral-stress evidence detected. Prioritise field inspection to determine the underlying cause. Field verification required.,373
scene_01_DT0000205230-Z0018,scene_01_DT0000205230,12,10800.0,565470.0,1974302.5,1.7691184282302856,1.9704680442810059,1.7541522979736328,100.0,HIGH PRIORITY,95th percentile prioritisation threshold,Spectral-stress evidence detected. Prioritise field inspection to determine the underlying cause. Field verification required.,374
scene_01_DT0000205230-Z0400,scene_01_DT0000205230,10,9000.0,555855.0,1952877.0,1.769076943397522,2.0244228839874268,1.7293376922607422,100.0,HIGH PRIORITY,95th percentile prioritisation threshold,Spectral-stress evidence detected. Prioritise field inspection to determine the underlying cause. Field verification required.,375
scene_01_DT0000205230-Z0270,scene_01_DT0000205230,12,10800.0,578737.5,1961007.5,1.7671178579330444,1.9352449178695679,1.752377986907959,100.0,HIGH PRIORITY,95th percentile prioritisation threshold,Spectral-stress evidence detected. Prioritise field inspection to determine the underlying cause. Field verification required.,376
scene_01_DT0000205230-Z0395,scene_01_DT0000205230,11,9900.0,555409.0909090909,1953174.5454545454,1.7669285535812378,1.949608325958252,1.7364369630813599,100.0,HIGH PRIORITY,95th percentile prioritisation threshold,Spectral-stress evidence detected. Prioritise field inspection to determine the underlying cause. Field verification required.,377
scene_01_DT0000205230-Z0338,scene_01_DT0000205230,23,20700.0,549079.5652173914,1957779.1304347827,1.7666728496551514,1.861064076423645,1.7751325368881226,100.0,HIGH PRIORITY,95th percentile prioritisation threshold,Spectral-stress evidence detected. Prioritise field inspection to determine the underlying cause. Field verification required.,378
scene_01_DT0000205230-Z0238,scene_01_DT0000205230,12,10800.0,573082.5,1962452.5,1.764409065246582,1.9201765060424805,1.7448676824569702,100.0,HIGH PRIORITY,95th percentile prioritisation threshold,Spectral-stress evidence detected. Prioritise field inspection to determine the underlying cause. Field verification required.,379
scene_01_DT0000205230-Z0377,scene_01_DT0000205230,33,29700.0,576175.4545454546,1954751.8181818181,1.763501763343811,1.8760483264923096,1.7518521547317505,100.0,HIGH PRIORITY,95th percentile prioritisation threshold,Spectral-stress evidence detected. Prioritise field inspection to determine the underlying cause. Field verification required.,380
scene_01_DT0000205230-Z0382,scene_01_DT0000205230,24,21600.0,552666.25,1954331.25,1.7622461318969727,1.9344481229782104,1.752985954284668,100.0,HIGH PRIORITY,95th percentile prioritisation threshold,Spectral-stress evidence detected. Prioritise field inspection to determine the underlying cause. Field verification required.,381
scene_01_DT0000205230-Z0204,scene_01_DT0000205230,9,8100.0,578690.0,1964700.0,1.7602591514587402,1.831946849822998,1.7642980813980103,100.0,HIGH PRIORITY,95th percentile prioritisation threshold,Spectral-stress evidence detected. Prioritise field inspection to determine the underlying cause. Field verification required.,382
scene_01_DT0000205230-Z0307,scene_01_DT0000205230,10,9000.0,554115.0,1959003.0,1.76020085811615,1.867348074913025,1.7681987285614014,100.0,HIGH PRIORITY,95th percentile prioritisation threshold,Spectral-stress evidence detected. Prioritise field inspection to determine the underlying cause. Field verification required.,383
scene_01_DT0000205230-Z0281,scene_01_DT0000205230,10,9000.0,570804.0,1960464.0,1.7597163915634155,1.8586187362670898,1.737889289855957,100.0,HIGH PRIORITY,95th percentile prioritisation threshold,Spectral-stress evidence detected. Prioritise field inspection to determine the underlying cause. Field verification required.,384
scene_01_DT0000205230-Z0433,scene_01_DT0000205230,14,12600.0,547088.5714285715,1947387.857142857,1.759499192237854,1.9234952926635742,1.7285419702529907,100.0,HIGH PRIORITY,95th percentile prioritisation threshold,Spectral-stress evidence detected. Prioritise field inspection to determine the underlying cause. Field verification required.,385
scene_01_DT0000205230-Z0220,scene_01_DT0000205230,9,8100.0,553906.6666666666,1963543.3333333333,1.758940577507019,1.8996589183807373,1.750171422958374,100.0,HIGH PRIORITY,95th percentile prioritisation threshold,Spectral-stress evidence detected. Prioritise field inspection to determine the underlying cause. Field verification required.,386
scene_01_DT0000205230-Z0343,scene_01_DT0000205230,21,18900.0,549332.8571428572,1957511.4285714286,1.7574148178100586,1.8456087112426758,1.759068250656128,100.0,HIGH PRIORITY,95th percentile prioritisation threshold,Spectral-stress evidence detected. Prioritise field inspection to determine the underlying cause. Field verification required.,387
scene_01_DT0000205230-Z0416,scene_01_DT0000205230,13,11700.0,567736.1538461539,1949836.1538461538,1.7556366920471191,1.918441891670227,1.7302074432373047,100.0,HIGH PRIORITY,95th percentile prioritisation threshold,Spectral-stress evidence detected. Prioritise field inspection to determine the underlying cause. Field verification required.,388
scene_01_DT0000205230-Z0340,scene_01_DT0000205230,9,8100.0,552210.0,1957583.3333333333,1.7535195350646973,1.8132917881011963,1.7704938650131226,100.0,HIGH PRIORITY,95th percentile prioritisation threshold,Spectral-stress evidence detected. Prioritise field inspection to determine the underlying cause. Field verification required.,389
scene_01_DT0000205230-Z0245,scene_01_DT0000205230,11,9900.0,552523.6363636364,1962259.0909090908,1.751610279083252,1.8836498260498047,1.767197608947754,100.0,HIGH PRIORITY,95th percentile prioritisation threshold,Spectral-stress evidence detected. Prioritise field inspection to determine the underlying cause. Field verification required.,390
scene_01_DT0000205230-Z0298,scene_01_DT0000205230,30,27000.0,556315.0,1959525.0,1.7512528896331787,1.9605470895767212,1.7408198118209839,100.0,HIGH PRIORITY,95th percentile prioritisation threshold,Spectral-stress evidence detected. Prioritise field inspection to determine the underlying cause. Field verification required.,391
scene_01_DT0000205230-Z0326,scene_01_DT0000205230,15,13500.0,550488.0,1958270.0,1.7503734827041626,1.882748007774353,1.735695719718933,100.0,HIGH PRIORITY,95th percentile prioritisation threshold,Spectral-stress evidence detected. Prioritise field inspection to determine the underlying cause. Field verification required.,392
scene_01_DT0000205230-Z0392,scene_01_DT0000205230,23,20700.0,548662.1739130435,1953589.5652173914,1.7500503063201904,1.8895422220230103,1.7423242330551147,100.0,HIGH PRIORITY,95th percentile prioritisation threshold,Spectral-stress evidence detected. Prioritise field inspection to determine the underlying cause. Field verification required.,393
scene_01_DT0000205230-Z0160,scene_01_DT0000205230,12,10800.0,580932.5,1967625.0,1.749812126159668,1.8525630235671997,1.7385607957839966,100.0,HIGH PRIORITY,95th percentile prioritisation threshold,Spectral-stress evidence detected. Prioritise field inspection to determine the underlying cause. Field verification required.,394
scene_01_DT0000205230-Z0349,scene_01_DT0000205230,15,13500.0,551836.0,1957216.0,1.7482472658157349,1.8273323774337769,1.7443926334381104,100.0,HIGH PRIORITY,95th percentile prioritisation threshold,Spectral-stress evidence detected. Prioritise field inspection to determine the underlying cause. Field verification required.,395
scene_01_DT0000205230-Z0375,scene_01_DT0000205230,10,9000.0,549384.0,1955145.0,1.7478986978530884,1.8429193496704102,1.7401812076568604,100.0,HIGH PRIORITY,95th percentile prioritisation threshold,Spectral-stress evidence detected. Prioritise field inspection to determine the underlying cause. Field verification required.,396
scene_01_DT0000205230-Z0125,scene_01_DT0000205230,10,9000.0,557724.0,1969719.0,1.747236967086792,1.9012244939804077,1.7304630279541016,100.0,HIGH PRIORITY,95th percentile prioritisation threshold,Spectral-stress evidence detected. Prioritise field inspection to determine the underlying cause. Field verification required.,397
scene_01_DT0000205230-Z0347,scene_01_DT0000205230,9,8100.0,552370.0,1957346.6666666667,1.7449275255203247,1.8610999584197998,1.7480096817016602,100.0,HIGH PRIORITY,95th percentile prioritisation threshold,Spectral-stress evidence detected. Prioritise field inspection to determine the underlying cause. Field verification required.,398
scene_01_DT0000205230-Z0299,scene_01_DT0000205230,9,8100.0,552770.0,1959576.6666666667,1.7441446781158447,1.9547404050827026,1.7166825532913208,100.0,HIGH PRIORITY,95th percentile prioritisation threshold,Spectral-stress evidence detected. Prioritise field inspection to determine the underlying cause. Field verification required.,399
scene_01_DT0000205230-Z0320,scene_01_DT0000205230,25,22500.0,554096.4,1958461.2,1.7440321445465088,1.929298996925354,1.7196295261383057,100.0,HIGH PRIORITY,95th percentile prioritisation threshold,Spectral-stress evidence detected. Prioritise field inspection to determine the underlying cause. Field verification required.,400
scene_01_DT0000205230-Z0211,scene_01_DT0000205230,9,8100.0,575290.0,1964236.6666666667,1.7438037395477295,1.8286666870117188,1.7240705490112305,100.0,HIGH PRIORITY,95th percentile prioritisation threshold,Spectral-stress evidence detected. Prioritise field inspection to determine the underlying cause. Field verification required.,401
scene_01_DT0000205230-Z0366,scene_01_DT0000205230,22,19800.0,559760.4545454546,1956293.1818181819,1.7437832355499268,1.9809283018112183,1.7014915943145752,100.0,HIGH PRIORITY,95th percentile prioritisation threshold,Spectral-stress evidence detected. Prioritise field inspection to determine the underlying cause. Field verification required.,402
scene_01_DT0000205230-Z0288,scene_01_DT0000205230,9,8100.0,572273.3333333334,1960176.6666666667,1.7436131238937378,1.8641830682754517,1.7381993532180786,100.0,HIGH PRIORITY,95th percentile prioritisation threshold,Spectral-stress evidence detected. Prioritise field inspection to determine the underlying cause. Field verification required.,403
scene_01_DT0000205230-Z0133,scene_01_DT0000205230,21,18900.0,569660.0,1969470.0,1.7429691553115845,1.8695881366729736,1.7060840129852295,100.0,HIGH PRIORITY,95th percentile prioritisation threshold,Spectral-stress evidence detected. Prioritise field inspection to determine the underlying cause. Field verification required.,404
scene_01_DT0000205230-Z0378,scene_01_DT0000205230,20,18000.0,553251.0,1954585.5,1.7423388957977295,1.8331787586212158,1.7426750659942627,100.0,HIGH PRIORITY,95th percentile prioritisation threshold,Spectral-stress evidence detected. Prioritise field inspection to determine the underlying cause. Field verification required.,405
scene_01_DT0000205230-Z0414,scene_01_DT0000205230,27,24300.0,546887.7777777778,1950007.7777777778,1.7415642738342285,1.988844871520996,1.7048523426055908,100.0,HIGH PRIORITY,95th percentile prioritisation threshold,Spectral-stress evidence detected. Prioritise field inspection to determine the underlying cause. Field verification required.,406
scene_01_DT0000205230-Z0034,scene_01_DT0000205230,14,12600.0,563010.0,1973592.857142857,1.7410274744033813,1.859924554824829,1.7219274044036865,100.0,HIGH PRIORITY,95th percentile prioritisation threshold,Spectral-stress evidence detected. Prioritise field inspection to determine the underlying cause. Field verification required.,407
scene_01_DT0000205230-Z0348,scene_01_DT0000205230,9,8100.0,549133.3333333334,1957330.0,1.7372316122055054,1.8739104270935059,1.7075655460357666,100.0,HIGH PRIORITY,95th percentile prioritisation threshold,Spectral-stress evidence detected. Prioritise field inspection to determine the underlying cause. Field verification required.,408
scene_01_DT0000205230-Z0297,scene_01_DT0000205230,19,17100.0,562563.1578947369,1959791.0526315789,1.7370696067810059,1.892149806022644,1.7259364128112793,100.0,HIGH PRIORITY,95th percentile prioritisation threshold,Spectral-stress evidence detected. Prioritise field inspection to determine the underlying cause. Field verification required.,409
scene_01_DT0000205230-Z0060,scene_01_DT0000205230,11,9900.0,582349.0909090909,1972535.4545454546,1.7370579242706299,1.8891762495040894,1.7199281454086304,100.0,HIGH PRIORITY,95th percentile prioritisation threshold,Spectral-stress evidence detected. Prioritise field inspection to determine the underlying cause. Field verification required.,410
scene_01_DT0000205230-Z0055,scene_01_DT0000205230,14,12600.0,580785.0,1972712.142857143,1.7369071245193481,1.8455021381378174,1.7263281345367432,100.0,HIGH PRIORITY,95th percentile prioritisation threshold,Spectral-stress evidence detected. Prioritise field inspection to determine the underlying cause. Field verification required.,411
scene_01_DT0000205230-Z0164,scene_01_DT0000205230,17,15300.0,578625.8823529412,1967396.4705882352,1.7341806888580322,1.8294508457183838,1.738844394683838,100.0,HIGH PRIORITY,95th percentile prioritisation threshold,Spectral-stress evidence detected. Prioritise field inspection to determine the underlying cause. Field verification required.,412
scene_01_DT0000205230-Z0267,scene_01_DT0000205230,14,12600.0,555454.2857142857,1961033.5714285714,1.7341337203979492,1.7988595962524414,1.7347567081451416,100.0,HIGH PRIORITY,95th percentile prioritisation threshold,Spectral-stress evidence detected. Prioritise field inspection to determine the underlying cause. Field verification required.,413
scene_01_DT0000205230-Z0061,scene_01_DT0000205230,13,11700.0,578727.6923076923,1972516.1538461538,1.7340316772460938,1.8370921611785889,1.7361021041870117,100.0,HIGH PRIORITY,95th percentile prioritisation threshold,Spectral-stress evidence detected. Prioritise field inspection to determine the underlying cause. Field verification required.,414
scene_01_DT0000205230-Z0041,scene_01_DT0000205230,11,9900.0,580295.4545454546,1973206.3636363635,1.7322653532028198,1.8152343034744263,1.712202548980713,100.0,HIGH PRIORITY,95th percentile prioritisation threshold,Spectral-stress evidence detected. Prioritise field inspection to determine the underlying cause. Field verification required.,415
scene_01_DT0000205230-Z0367,scene_01_DT0000205230,18,16200.0,552993.3333333334,1956135.0,1.731948971748352,1.8324856758117676,1.7224650382995605,100.0,HIGH PRIORITY,95th percentile prioritisation threshold,Spectral-stress evidence detected. Prioritise field inspection to determine the underlying cause. Field verification required.,416
scene_01_DT0000205230-Z0381,scene_01_DT0000205230,18,16200.0,576361.6666666666,1954361.6666666667,1.7319047451019287,1.9099318981170654,1.7146577835083008,100.0,HIGH PRIORITY,95th percentile prioritisation threshold,Spectral-stress evidence detected. Prioritise field inspection to determine the underlying cause. Field verification required.,417
scene_01_DT0000205230-Z0250,scene_01_DT0000205230,37,33300.0,554331.0810810811,1961760.0,1.7308920621871948,1.920515537261963,1.725419521331787,100.0,HIGH PRIORITY,95th percentile prioritisation threshold,Spectral-stress evidence detected. Prioritise field inspection to determine the underlying cause. Field verification required.,418
scene_01_DT0000205230-Z0383,scene_01_DT0000205230,10,9000.0,553128.0,1954149.0,1.7273406982421875,1.7961701154708862,1.737352728843689,100.0,HIGH PRIORITY,95th percentile prioritisation threshold,Spectral-stress evidence detected. Prioritise field inspection to determine the underlying cause. Field verification required.,419
scene_01_DT0000205230-Z0278,scene_01_DT0000205230,9,8100.0,573790.0,1960490.0,1.7228419780731201,1.7961570024490356,1.7302494049072266,100.0,HIGH PRIORITY,95th percentile prioritisation threshold,Spectral-stress evidence detected. Prioritise field inspection to determine the underlying cause. Field verification required.,420
scene_01_DT0000205230-Z0351,scene_01_DT0000205230,10,9000.0,551478.0,1957158.0,1.7214925289154053,1.7835769653320312,1.7109267711639404,100.0,HIGH PRIORITY,95th percentile prioritisation threshold,Spectral-stress evidence detected. Prioritise field inspection to determine the underlying cause. Field verification required.,421
scene_01_DT0000205230-Z0246,scene_01_DT0000205230,14,12600.0,555544.2857142857,1962255.0,1.717569351196289,1.8308383226394653,1.7054507732391357,100.0,HIGH PRIORITY,95th percentile prioritisation threshold,Spectral-stress evidence detected. Prioritise field inspection to determine the underlying cause. Field verification required.,422
scene_01_DT0000205230-Z0376,scene_01_DT0000205230,9,8100.0,576360.0,1954883.3333333333,1.7170559167861938,1.7668626308441162,1.7099628448486328,100.0,HIGH PRIORITY,95th percentile prioritisation threshold,Spectral-stress evidence detected. Prioritise field inspection to determine the underlying cause. Field verification required.,423
scene_01_DT0000205230-Z0111,scene_01_DT0000205230,9,8100.0,579746.6666666666,1970093.3333333333,1.716354489326477,1.8138738870620728,1.693575382232666,100.0,HIGH PRIORITY,95th percentile prioritisation threshold,Spectral-stress evidence detected. Prioritise field inspection to determine the underlying cause. Field verification required.,424
scene_01_DT0000205230-Z0294,scene_01_DT0000205230,35,31500.0,555597.4285714285,1959815.142857143,1.7161946296691895,1.7960180044174194,1.7047572135925293,100.0,HIGH PRIORITY,95th percentile prioritisation threshold,Spectral-stress evidence detected. Prioritise field inspection to determine the underlying cause. Field verification required.,425
scene_01_DT0000205230-Z0249,scene_01_DT0000205230,45,40500.0,552597.3333333334,1961842.6666666667,1.7154674530029297,1.7991245985031128,1.714308738708496,100.0,HIGH PRIORITY,95th percentile prioritisation threshold,Spectral-stress evidence detected. Prioritise field inspection to determine the underlying cause. Field verification required.,426
scene_01_DT0000205230-Z0285,scene_01_DT0000205230,27,24300.0,551056.6666666666,1960245.5555555555,1.7138351202011108,1.8186403512954712,1.705936074256897,100.0,HIGH PRIORITY,95th percentile prioritisation threshold,Spectral-stress evidence detected. Prioritise field inspection to determine the underlying cause. Field verification required.,427
scene_01_DT0000205230-Z0274,scene_01_DT0000205230,21,18900.0,550978.5714285715,1960751.4285714286,1.7102186679840088,1.768984317779541,1.70836341381073,100.0,HIGH PRIORITY,95th percentile prioritisation threshold,Spectral-stress evidence detected. Prioritise field inspection to determine the underlying cause. Field verification required.,428
scene_01_DT0000205230-Z0153,scene_01_DT0000205230,10,9000.0,579003.0,1968108.0,1.7098900079727173,1.7773452997207642,1.6999971866607666,100.0,HIGH PRIORITY,95th percentile prioritisation threshold,Spectral-stress evidence detected. Prioritise field inspection to determine the underlying cause. Field verification required.,429
scene_01_DT0000205230-Z0402,scene_01_DT0000205230,9,8100.0,548070.0,1952206.6666666667,1.7076579332351685,1.8201591968536377,1.6984813213348389,100.0,HIGH PRIORITY,95th percentile prioritisation threshold,Spectral-stress evidence detected. Prioritise field inspection to determine the underlying cause. Field verification required.,430
scene_01_DT0000205230-Z0372,scene_01_DT0000205230,32,28800.0,554504.0625,1955839.6875,1.7072348594665527,1.819406270980835,1.7042279243469238,100.0,HIGH PRIORITY,95th percentile prioritisation threshold,Spectral-stress evidence detected. Prioritise field inspection to determine the underlying cause. Field verification required.,431
scene_01_DT0000205230-Z0255,scene_01_DT0000205230,41,36900.0,553845.3658536585,1961560.975609756,1.7061594724655151,1.7883145809173584,1.7058167457580566,100.0,HIGH PRIORITY,95th percentile prioritisation threshold,Spectral-stress evidence detected. Prioritise field inspection to determine the underlying cause. Field verification required.,432
scene_01_DT0000205230-Z0301,scene_01_DT0000205230,18,16200.0,549230.0,1959515.0,1.7058892250061035,1.7582921981811523,1.7062938213348389,100.0,HIGH PRIORITY,95th percentile prioritisation threshold,Spectral-stress evidence detected. Prioritise field inspection to determine the underlying cause. Field verification required.,433
scene_01_DT0000205230-Z0396,scene_01_DT0000205230,9,8100.0,557840.0,1953080.0,1.705614686012268,1.7236042022705078,1.7057995796203613,100.0,HIGH PRIORITY,95th percentile prioritisation threshold,Spectral-stress evidence detected. Prioritise field inspection to determine the underlying cause. Field verification required.,434
scene_01_DT0000205230-Z0384,scene_01_DT0000205230,14,12600.0,551824.2857142857,1954146.4285714286,1.6922887563705444,1.7267987728118896,1.6889190673828125,100.0,HIGH PRIORITY,95th percentile prioritisation threshold,Spectral-stress evidence detected. Prioritise field inspection to determine the underlying cause. Field verification required.,435
scene_01_DT0000205230-Z0419,scene_01_DT0000205230,23,20700.0,546663.9130434783,1949046.5217391304,1.688672661781311,1.71537446975708,1.6905865669250488,100.0,HIGH PRIORITY,95th percentile prioritisation threshold,Spectral-stress evidence detected. Prioritise field inspection to determine the underlying cause. Field verification required.,436
scene_01_DT0000205230-Z0287,scene_01_DT0000205230,21,18900.0,550728.5714285715,1960207.142857143,1.6804193258285522,1.7112680673599243,1.6779087781906128,100.0,HIGH PRIORITY,95th percentile prioritisation threshold,Spectral-stress evidence detected. Prioritise field inspection to determine the underlying cause. Field verification required.,437
scene_01_DT0000205230-Z0421,scene_01_DT0000205230,13,11700.0,546747.6923076923,1948869.2307692308,1.6790525913238525,1.6927341222763062,1.681017279624939,100.0,HIGH PRIORITY,95th percentile prioritisation threshold,Spectral-stress evidence detected. Prioritise field inspection to determine the underlying cause. Field verification required.,438
