zone_id,priority_rank,band_index,observed_mean,reference_mean_32band_only,wavelength_status
scene_03-Z0089,1,1,576.294921875,917.6137365335213,unavailable in GeoTIFF; band index reported
scene_03-Z0089,1,2,590.960693359375,,unavailable in GeoTIFF; band index reported
scene_03-Z0089,1,3,619.1235961914062,,unavailable in GeoTIFF; band index reported
scene_03-Z0089,1,4,655.6264038085938,,unavailable in GeoTIFF; band index reported
scene_03-Z0089,1,5,690.8679809570312,,unavailable in GeoTIFF; band index reported
scene_03-Z0089,1,6,701.9129028320312,,unavailable in GeoTIFF; band index reported
scene_03-Z0089,1,7,734.5477294921875,,unavailable in GeoTIFF; band index reported
scene_03-Z0089,1,8,755.3876342773438,1232.959446205412,unavailable in GeoTIFF; band index reported
scene_03-Z0089,1,9,767.528076171875,,unavailable in GeoTIFF; band index reported
scene_03-Z0089,1,10,789.71630859375,,unavailable in GeoTIFF; band index reported
scene_03-Z0089,1,11,800.51123046875,,unavailable in GeoTIFF; band index reported
scene_03-Z0089,1,12,808.311767578125,,unavailable in GeoTIFF; band index reported
scene_03-Z0089,1,13,822.05615234375,,unavailable in GeoTIFF; band index reported
scene_03-Z0089,1,14,848.294921875,,unavailable in GeoTIFF; band index reported
scene_03-Z0089,1,15,875.9213256835938,1427.1588311623464,unavailable in GeoTIFF; band index reported
scene_03-Z0089,1,16,886.8792114257812,,unavailable in GeoTIFF; band index reported
scene_03-Z0089,1,17,904.8876342773438,,unavailable in GeoTIFF; band index reported
scene_03-Z0089,1,18,938.4100952148438,,unavailable in GeoTIFF; band index reported
scene_03-Z0089,1,19,961.8707885742188,,unavailable in GeoTIFF; band index reported
scene_03-Z0089,1,20,992.039306640625,,unavailable in GeoTIFF; band index reported
scene_03-Z0089,1,21,1031.483154296875,,unavailable in GeoTIFF; band index reported
scene_03-Z0089,1,22,1061.050537109375,1814.298623453446,unavailable in GeoTIFF; band index reported
scene_03-Z0089,1,23,1094.084228515625,,unavailable in GeoTIFF; band index reported
scene_03-Z0089,1,24,1132.766845703125,,unavailable in GeoTIFF; band index reported
scene_03-Z0089,1,25,1173.039306640625,,unavailable in GeoTIFF; band index reported
scene_03-Z0089,1,26,1220.382080078125,,unavailable in GeoTIFF; band index reported
scene_03-Z0089,1,27,1271.08984375,,unavailable in GeoTIFF; band index reported
scene_03-Z0089,1,28,1311.188232421875,,unavailable in GeoTIFF; band index reported
scene_03-Z0089,1,29,1366.8145751953125,2375.799164006372,unavailable in GeoTIFF; band index reported
scene_03-Z0089,1,30,1418.2078857421875,,unavailable in GeoTIFF; band index reported
scene_03-Z0089,1,31,1477.677001953125,,unavailable in GeoTIFF; band index reported
scene_03-Z0089,1,32,1531.5533447265625,,unavailable in GeoTIFF; band index reported
scene_03-Z0089,1,33,1583.3623046875,,unavailable in GeoTIFF; band index reported
scene_03-Z0089,1,34,1640.3426513671875,,unavailable in GeoTIFF; band index reported
scene_03-Z0089,1,35,1689.4185791015625,,unavailable in GeoTIFF; band index reported
scene_03-Z0089,1,36,1733.005615234375,3040.8869943239424,unavailable in GeoTIFF; band index reported
scene_03-Z0089,1,37,1776.4971923828125,,unavailable in GeoTIFF; band index reported
scene_03-Z0089,1,38,1813.85107421875,,unavailable in GeoTIFF; band index reported
scene_03-Z0089,1,39,1847.7921142578125,,unavailable in GeoTIFF; band index reported
scene_03-Z0089,1,40,1873.427001953125,,unavailable in GeoTIFF; band index reported
scene_03-Z0089,1,41,1904.66015625,,unavailable in GeoTIFF; band index reported
scene_03-Z0089,1,42,1928.4410400390625,,unavailable in GeoTIFF; band index reported
scene_03-Z0089,1,43,1945.994384765625,,unavailable in GeoTIFF; band index reported
scene_03-Z0089,1,44,1981.322998046875,3431.7894504680403,unavailable in GeoTIFF; band index reported
scene_03-Z0089,1,45,2016.5758056640625,,unavailable in GeoTIFF; band index reported
scene_03-Z0089,1,46,2035.244384765625,,unavailable in GeoTIFF; band index reported
scene_03-Z0089,1,47,2061.5478515625,,unavailable in GeoTIFF; band index reported
scene_03-Z0089,1,48,2082.07861328125,,unavailable in GeoTIFF; band index reported
scene_03-Z0089,1,49,2105.4296875,,unavailable in GeoTIFF; band index reported
scene_03-Z0089,1,50,2120.550537109375,,unavailable in GeoTIFF; band index reported
scene_03-Z0089,1,51,2164.924072265625,3702.024280673652,unavailable in GeoTIFF; band index reported
scene_03-Z0089,1,52,2186.33984375,,unavailable in GeoTIFF; band index reported
scene_03-Z0089,1,53,2222.615234375,,unavailable in GeoTIFF; band index reported
scene_03-Z0089,1,54,2231.71630859375,,unavailable in GeoTIFF; band index reported
scene_03-Z0089,1,55,2266.44384765625,,unavailable in GeoTIFF; band index reported
scene_03-Z0089,1,56,2311.08154296875,,unavailable in GeoTIFF; band index reported
scene_03-Z0089,1,57,2357.46630859375,,unavailable in GeoTIFF; band index reported
scene_03-Z0089,1,58,2362.57861328125,3981.115175913357,unavailable in GeoTIFF; band index reported
scene_03-Z0089,1,59,2386.314697265625,,unavailable in GeoTIFF; band index reported
scene_03-Z0089,1,60,2389.531005859375,,unavailable in GeoTIFF; band index reported
scene_03-Z0089,1,61,2475.21337890625,,unavailable in GeoTIFF; band index reported
scene_03-Z0089,1,62,2247.325927734375,,unavailable in GeoTIFF; band index reported
scene_03-Z0089,1,63,2473.01416015625,,unavailable in GeoTIFF; band index reported
scene_03-Z0089,1,64,2511.9970703125,,unavailable in GeoTIFF; band index reported
scene_03-Z0089,1,65,2529.6826171875,4133.666035386364,unavailable in GeoTIFF; band index reported
scene_03-Z0089,1,66,2550.9521484375,,unavailable in GeoTIFF; band index reported
scene_03-Z0089,1,67,2567.9072265625,,unavailable in GeoTIFF; band index reported
scene_03-Z0089,1,68,2612.233154296875,,unavailable in GeoTIFF; band index reported
scene_03-Z0089,1,69,2594.8876953125,,unavailable in GeoTIFF; band index reported
scene_03-Z0089,1,70,2618.867919921875,,unavailable in GeoTIFF; band index reported
scene_03-Z0089,1,71,2587.2529296875,,unavailable in GeoTIFF; band index reported
scene_03-Z0089,1,72,2624.3623046875,4196.8222619093885,unavailable in GeoTIFF; band index reported
scene_03-Z0089,1,73,2608.699462890625,,unavailable in GeoTIFF; band index reported
scene_03-Z0089,1,74,2625.60107421875,,unavailable in GeoTIFF; band index reported
scene_03-Z0089,1,75,2634.42138671875,,unavailable in GeoTIFF; band index reported
scene_03-Z0089,1,76,2627.12353515625,,unavailable in GeoTIFF; band index reported
scene_03-Z0089,1,77,2673.384765625,,unavailable in GeoTIFF; band index reported
scene_03-Z0089,1,78,2639.572998046875,,unavailable in GeoTIFF; band index reported
scene_03-Z0089,1,79,2673.143310546875,,unavailable in GeoTIFF; band index reported
scene_03-Z0089,1,80,2746.710693359375,4211.755377965227,unavailable in GeoTIFF; band index reported
scene_03-Z0089,1,81,2675.9296875,,unavailable in GeoTIFF; band index reported
scene_03-Z0089,1,82,2748.177001953125,,unavailable in GeoTIFF; band index reported
scene_03-Z0089,1,83,2669.294921875,,unavailable in GeoTIFF; band index reported
scene_03-Z0089,1,84,2581.134765625,,unavailable in GeoTIFF; band index reported
scene_03-Z0089,1,85,2791.061767578125,,unavailable in GeoTIFF; band index reported
scene_03-Z0089,1,86,2800.0,,unavailable in GeoTIFF; band index reported
scene_03-Z0089,1,87,2702.69384765625,4088.820487454532,unavailable in GeoTIFF; band index reported
scene_03-Z0089,1,88,2850.12646484375,,unavailable in GeoTIFF; band index reported
scene_03-Z0089,1,89,2886.6826171875,,unavailable in GeoTIFF; band index reported
scene_03-Z0089,1,90,2885.53369140625,,unavailable in GeoTIFF; band index reported
scene_03-Z0089,1,91,2839.269775390625,,unavailable in GeoTIFF; band index reported
scene_03-Z0089,1,92,2762.468994140625,,unavailable in GeoTIFF; band index reported
scene_03-Z0089,1,93,2723.629150390625,,unavailable in GeoTIFF; band index reported
scene_03-Z0089,1,94,2828.230224609375,4228.699613463889,unavailable in GeoTIFF; band index reported
scene_03-Z0089,1,95,2788.480224609375,,unavailable in GeoTIFF; band index reported
scene_03-Z0089,1,96,2891.37353515625,,unavailable in GeoTIFF; band index reported
scene_03-Z0089,1,97,2794.677001953125,,unavailable in GeoTIFF; band index reported
scene_03-Z0089,1,98,2914.370849609375,,unavailable in GeoTIFF; band index reported
scene_03-Z0089,1,99,2825.281005859375,,unavailable in GeoTIFF; band index reported
scene_03-Z0089,1,100,2941.83154296875,,unavailable in GeoTIFF; band index reported
scene_03-Z0089,1,101,2837.230224609375,4252.979533319639,unavailable in GeoTIFF; band index reported
scene_03-Z0089,1,102,2963.643310546875,,unavailable in GeoTIFF; band index reported
scene_03-Z0089,1,103,2992.01123046875,,unavailable in GeoTIFF; band index reported
scene_03-Z0089,1,104,3014.94384765625,,unavailable in GeoTIFF; band index reported
scene_03-Z0089,1,105,3036.4775390625,,unavailable in GeoTIFF; band index reported
scene_03-Z0089,1,106,3056.03662109375,,unavailable in GeoTIFF; band index reported
scene_03-Z0089,1,107,3087.221923828125,,unavailable in GeoTIFF; band index reported
scene_03-Z0089,1,108,3121.4326171875,4514.447144310745,unavailable in GeoTIFF; band index reported
scene_03-Z0089,1,109,3146.19091796875,,unavailable in GeoTIFF; band index reported
scene_03-Z0089,1,110,3192.031005859375,,unavailable in GeoTIFF; band index reported
scene_03-Z0089,1,111,3228.5,,unavailable in GeoTIFF; band index reported
scene_03-Z0089,1,112,3206.01416015625,,unavailable in GeoTIFF; band index reported
scene_03-Z0089,1,113,3392.75,,unavailable in GeoTIFF; band index reported
scene_03-Z0089,1,114,3392.12646484375,,unavailable in GeoTIFF; band index reported
scene_03-Z0089,1,115,3290.60107421875,,unavailable in GeoTIFF; band index reported
scene_03-Z0089,1,116,3333.1376953125,4677.793393838383,unavailable in GeoTIFF; band index reported
scene_03-Z0089,1,117,3409.6123046875,,unavailable in GeoTIFF; band index reported
scene_03-Z0089,1,118,3478.28662109375,,unavailable in GeoTIFF; band index reported
scene_03-Z0089,1,119,3502.08154296875,,unavailable in GeoTIFF; band index reported
scene_03-Z0089,1,120,3508.867919921875,,unavailable in GeoTIFF; band index reported
scene_03-Z0089,1,121,3536.46630859375,,unavailable in GeoTIFF; band index reported
scene_03-Z0089,1,122,3553.890380859375,,unavailable in GeoTIFF; band index reported
scene_03-Z0089,1,123,3577.30615234375,4967.6380986852755,unavailable in GeoTIFF; band index reported
scene_03-Z0089,1,124,3624.0478515625,,unavailable in GeoTIFF; band index reported
scene_03-Z0089,1,125,3661.10400390625,,unavailable in GeoTIFF; band index reported
scene_03-Z0089,1,126,3644.393310546875,,unavailable in GeoTIFF; band index reported
scene_03-Z0089,1,127,3638.140380859375,,unavailable in GeoTIFF; band index reported
scene_03-Z0089,1,128,3652.1376953125,,unavailable in GeoTIFF; band index reported
scene_03-Z0089,1,129,3649.924072265625,,unavailable in GeoTIFF; band index reported
scene_03-Z0089,1,130,3654.05908203125,5086.7792757717925,unavailable in GeoTIFF; band index reported
scene_03-Z0089,1,131,-32768.0,,unavailable in GeoTIFF; band index reported
scene_03-Z0089,1,132,-32768.0,,unavailable in GeoTIFF; band index reported
scene_03-Z0089,1,133,-32768.0,,unavailable in GeoTIFF; band index reported
scene_03-Z0089,1,134,-32768.0,,unavailable in GeoTIFF; band index reported
scene_03-Z0089,1,135,-32768.0,,unavailable in GeoTIFF; band index reported
scene_03-Z0089,1,136,3719.199462890625,,unavailable in GeoTIFF; band index reported
scene_03-Z0089,1,137,3845.1826171875,5204.827168773204,unavailable in GeoTIFF; band index reported
scene_03-Z0089,1,138,3742.949462890625,,unavailable in GeoTIFF; band index reported
scene_03-Z0089,1,139,3717.848388671875,,unavailable in GeoTIFF; band index reported
scene_03-Z0089,1,140,3766.606689453125,,unavailable in GeoTIFF; band index reported
scene_03-Z0089,1,141,3827.778076171875,,unavailable in GeoTIFF; band index reported
scene_03-Z0089,1,142,3860.949462890625,,unavailable in GeoTIFF; band index reported
scene_03-Z0089,1,143,3870.75,,unavailable in GeoTIFF; band index reported
scene_03-Z0089,1,144,3878.14599609375,5174.908519314261,unavailable in GeoTIFF; band index reported
scene_03-Z0089,1,145,3896.587158203125,,unavailable in GeoTIFF; band index reported
scene_03-Z0089,1,146,3906.983154296875,,unavailable in GeoTIFF; band index reported
scene_03-Z0089,1,147,3911.800537109375,,unavailable in GeoTIFF; band index reported
scene_03-Z0089,1,148,3919.115234375,,unavailable in GeoTIFF; band index reported
scene_03-Z0089,1,149,3932.8203125,,unavailable in GeoTIFF; band index reported
scene_03-Z0089,1,150,3943.098388671875,,unavailable in GeoTIFF; band index reported
scene_03-Z0089,1,151,3937.1826171875,,unavailable in GeoTIFF; band index reported
scene_03-Z0089,1,152,3937.457763671875,5207.279730866657,unavailable in GeoTIFF; band index reported
scene_03-Z0089,1,153,3934.165771484375,,unavailable in GeoTIFF; band index reported
scene_03-Z0089,1,154,3945.106689453125,,unavailable in GeoTIFF; band index reported
scene_03-Z0089,1,155,3944.794921875,,unavailable in GeoTIFF; band index reported
scene_03-Z0089,1,156,3956.01123046875,,unavailable in GeoTIFF; band index reported
scene_03-Z0089,1,157,3957.778076171875,,unavailable in GeoTIFF; band index reported
scene_03-Z0089,1,158,3963.73583984375,,unavailable in GeoTIFF; band index reported
scene_03-Z0089,1,159,3958.17138671875,5218.170802796563,unavailable in GeoTIFF; band index reported
scene_03-Z0089,1,160,3976.427001953125,,unavailable in GeoTIFF; band index reported
scene_03-Z0089,1,161,3956.01123046875,,unavailable in GeoTIFF; band index reported
scene_03-Z0089,1,162,3953.427001953125,,unavailable in GeoTIFF; band index reported
scene_03-Z0089,1,163,3957.132080078125,,unavailable in GeoTIFF; band index reported
scene_03-Z0089,1,164,3933.741455078125,,unavailable in GeoTIFF; band index reported
scene_03-Z0089,1,165,3896.83984375,,unavailable in GeoTIFF; band index reported
scene_03-Z0089,1,166,3814.0478515625,5017.558409614325,unavailable in GeoTIFF; band index reported
scene_03-Z0089,1,167,3312.275390625,,unavailable in GeoTIFF; band index reported
scene_03-Z0089,1,168,3515.337158203125,,unavailable in GeoTIFF; band index reported
scene_03-Z0089,1,169,3661.162841796875,,unavailable in GeoTIFF; band index reported
scene_03-Z0089,1,170,3531.794921875,,unavailable in GeoTIFF; band index reported
scene_03-Z0089,1,171,3001.303466796875,,unavailable in GeoTIFF; band index reported
scene_03-Z0089,1,172,3144.9072265625,,unavailable in GeoTIFF; band index reported
scene_03-Z0089,1,173,3420.960693359375,4714.966870138707,unavailable in GeoTIFF; band index reported
scene_03-Z0089,1,174,3653.210693359375,,unavailable in GeoTIFF; band index reported
scene_03-Z0089,1,175,3744.98583984375,,unavailable in GeoTIFF; band index reported
scene_03-Z0089,1,176,3629.789306640625,,unavailable in GeoTIFF; band index reported
scene_03-Z0089,1,177,3609.595458984375,,unavailable in GeoTIFF; band index reported
scene_03-Z0089,1,178,3573.311767578125,,unavailable in GeoTIFF; band index reported
scene_03-Z0089,1,179,3631.5927734375,,unavailable in GeoTIFF; band index reported
scene_03-Z0089,1,180,3600.05615234375,5085.668420902481,unavailable in GeoTIFF; band index reported
scene_03-Z0089,1,181,3584.2021484375,,unavailable in GeoTIFF; band index reported
scene_03-Z0089,1,182,3588.822998046875,,unavailable in GeoTIFF; band index reported
scene_03-Z0089,1,183,3540.991455078125,,unavailable in GeoTIFF; band index reported
scene_03-Z0089,1,184,3520.3203125,,unavailable in GeoTIFF; band index reported
scene_03-Z0089,1,185,3472.106689453125,,unavailable in GeoTIFF; band index reported
scene_03-Z0089,1,186,3389.96337890625,,unavailable in GeoTIFF; band index reported
scene_03-Z0089,1,187,3246.766845703125,,unavailable in GeoTIFF; band index reported
scene_03-Z0089,1,188,3114.087158203125,4936.611167278287,unavailable in GeoTIFF; band index reported
scene_03-Z0089,1,189,3009.061767578125,,unavailable in GeoTIFF; band index reported
scene_03-Z0089,1,190,2969.696533203125,,unavailable in GeoTIFF; band index reported
scene_03-Z0089,1,191,2960.311767578125,,unavailable in GeoTIFF; band index reported
scene_03-Z0089,1,192,2947.5927734375,,unavailable in GeoTIFF; band index reported
scene_03-Z0089,1,193,2850.615234375,,unavailable in GeoTIFF; band index reported
scene_03-Z0089,1,194,2697.382080078125,,unavailable in GeoTIFF; band index reported
scene_03-Z0089,1,195,2910.71630859375,4626.353456753277,unavailable in GeoTIFF; band index reported
scene_03-Z0089,1,196,3098.218994140625,,unavailable in GeoTIFF; band index reported
scene_03-Z0089,1,197,3141.528076171875,,unavailable in GeoTIFF; band index reported
scene_03-Z0089,1,198,3115.968994140625,,unavailable in GeoTIFF; band index reported
scene_03-Z0089,1,199,3097.0,,unavailable in GeoTIFF; band index reported
scene_03-Z0089,1,200,3078.455078125,,unavailable in GeoTIFF; band index reported
scene_03-Z0089,1,201,3054.494384765625,,unavailable in GeoTIFF; band index reported
scene_03-Z0089,1,202,3035.76416015625,4652.886869525872,unavailable in GeoTIFF; band index reported
scene_03-Z0089,1,203,3000.53662109375,,unavailable in GeoTIFF; band index reported
scene_03-Z0089,1,204,2933.098388671875,,unavailable in GeoTIFF; band index reported
scene_03-Z0089,1,205,2853.072998046875,,unavailable in GeoTIFF; band index reported
scene_03-Z0089,1,206,2834.460693359375,,unavailable in GeoTIFF; band index reported
scene_03-Z0089,1,207,2816.455078125,,unavailable in GeoTIFF; band index reported
scene_03-Z0089,1,208,2756.3876953125,,unavailable in GeoTIFF; band index reported
scene_03-Z0089,1,209,2774.4775390625,4382.918838235699,unavailable in GeoTIFF; band index reported
scene_03-Z0089,1,210,2748.075927734375,,unavailable in GeoTIFF; band index reported
scene_03-Z0089,1,211,2688.2470703125,,unavailable in GeoTIFF; band index reported
scene_03-Z0089,1,212,2657.66845703125,,unavailable in GeoTIFF; band index reported
scene_03-Z0089,1,213,2712.915771484375,,unavailable in GeoTIFF; band index reported
scene_03-Z0089,1,214,2682.595458984375,,unavailable in GeoTIFF; band index reported
scene_03-Z0089,1,215,2625.938232421875,,unavailable in GeoTIFF; band index reported
scene_03-Z0089,1,216,2576.6826171875,4154.670029385061,unavailable in GeoTIFF; band index reported
scene_03-Z0089,1,217,2593.8173828125,,unavailable in GeoTIFF; band index reported
scene_03-Z0089,1,218,2629.6826171875,,unavailable in GeoTIFF; band index reported
scene_03-Z0089,1,219,2594.66845703125,,unavailable in GeoTIFF; band index reported
scene_03-Z0089,1,220,2536.457763671875,,unavailable in GeoTIFF; band index reported
scene_03-Z0089,1,221,2524.957763671875,,unavailable in GeoTIFF; band index reported
scene_03-Z0089,1,222,2572.957763671875,,unavailable in GeoTIFF; band index reported
scene_03-Z0089,1,223,2454.48583984375,,unavailable in GeoTIFF; band index reported
scene_03-Z0089,1,224,2480.80908203125,3909.195673012465,unavailable in GeoTIFF; band index reported
scene_03-Z0047,2,1,640.6072998046875,917.6137365335213,unavailable in GeoTIFF; band index reported
scene_03-Z0047,2,2,648.6780395507812,,unavailable in GeoTIFF; band index reported
scene_03-Z0047,2,3,673.6414794921875,,unavailable in GeoTIFF; band index reported
scene_03-Z0047,2,4,708.280517578125,,unavailable in GeoTIFF; band index reported
scene_03-Z0047,2,5,739.9853515625,,unavailable in GeoTIFF; band index reported
scene_03-Z0047,2,6,757.0512084960938,,unavailable in GeoTIFF; band index reported
scene_03-Z0047,2,7,790.9341430664062,,unavailable in GeoTIFF; band index reported
scene_03-Z0047,2,8,815.6219482421875,1232.959446205412,unavailable in GeoTIFF; band index reported
scene_03-Z0047,2,9,826.3585205078125,,unavailable in GeoTIFF; band index reported
scene_03-Z0047,2,10,850.4487915039062,,unavailable in GeoTIFF; band index reported
scene_03-Z0047,2,11,858.50732421875,,unavailable in GeoTIFF; band index reported
scene_03-Z0047,2,12,864.8780517578125,,unavailable in GeoTIFF; band index reported
scene_03-Z0047,2,13,879.0390014648438,,unavailable in GeoTIFF; band index reported
scene_03-Z0047,2,14,909.221923828125,,unavailable in GeoTIFF; band index reported
scene_03-Z0047,2,15,930.48779296875,1427.1588311623464,unavailable in GeoTIFF; band index reported
scene_03-Z0047,2,16,944.724365234375,,unavailable in GeoTIFF; band index reported
scene_03-Z0047,2,17,974.2122192382812,,unavailable in GeoTIFF; band index reported
scene_03-Z0047,2,18,998.99755859375,,unavailable in GeoTIFF; band index reported
scene_03-Z0047,2,19,1029.3487548828125,,unavailable in GeoTIFF; band index reported
scene_03-Z0047,2,20,1063.717041015625,,unavailable in GeoTIFF; band index reported
scene_03-Z0047,2,21,1098.687744140625,,unavailable in GeoTIFF; band index reported
scene_03-Z0047,2,22,1129.1854248046875,1814.298623453446,unavailable in GeoTIFF; band index reported
scene_03-Z0047,2,23,1164.1170654296875,,unavailable in GeoTIFF; band index reported
scene_03-Z0047,2,24,1203.97802734375,,unavailable in GeoTIFF; band index reported
scene_03-Z0047,2,25,1241.197509765625,,unavailable in GeoTIFF; band index reported
scene_03-Z0047,2,26,1290.1732177734375,,unavailable in GeoTIFF; band index reported
scene_03-Z0047,2,27,1339.251220703125,,unavailable in GeoTIFF; band index reported
scene_03-Z0047,2,28,1382.753662109375,,unavailable in GeoTIFF; band index reported
scene_03-Z0047,2,29,1436.6341552734375,2375.799164006372,unavailable in GeoTIFF; band index reported
scene_03-Z0047,2,30,1483.795166015625,,unavailable in GeoTIFF; band index reported
scene_03-Z0047,2,31,1549.0950927734375,,unavailable in GeoTIFF; band index reported
scene_03-Z0047,2,32,1596.190185546875,,unavailable in GeoTIFF; band index reported
scene_03-Z0047,2,33,1646.9195556640625,,unavailable in GeoTIFF; band index reported
scene_03-Z0047,2,34,1697.970703125,,unavailable in GeoTIFF; band index reported
scene_03-Z0047,2,35,1743.6170654296875,,unavailable in GeoTIFF; band index reported
scene_03-Z0047,2,36,1787.8414306640625,3040.8869943239424,unavailable in GeoTIFF; band index reported
scene_03-Z0047,2,37,1830.4317626953125,,unavailable in GeoTIFF; band index reported
scene_03-Z0047,2,38,1869.221923828125,,unavailable in GeoTIFF; band index reported
scene_03-Z0047,2,39,1897.6781005859375,,unavailable in GeoTIFF; band index reported
scene_03-Z0047,2,40,1921.4219970703125,,unavailable in GeoTIFF; band index reported
scene_03-Z0047,2,41,1954.4244384765625,,unavailable in GeoTIFF; band index reported
scene_03-Z0047,2,42,1974.6170654296875,,unavailable in GeoTIFF; band index reported
scene_03-Z0047,2,43,1993.197509765625,,unavailable in GeoTIFF; band index reported
scene_03-Z0047,2,44,2025.4122314453125,3431.7894504680403,unavailable in GeoTIFF; band index reported
scene_03-Z0047,2,45,2054.55859375,,unavailable in GeoTIFF; band index reported
scene_03-Z0047,2,46,2079.170654296875,,unavailable in GeoTIFF; band index reported
scene_03-Z0047,2,47,2103.841552734375,,unavailable in GeoTIFF; band index reported
scene_03-Z0047,2,48,2122.9462890625,,unavailable in GeoTIFF; band index reported
scene_03-Z0047,2,49,2153.158447265625,,unavailable in GeoTIFF; band index reported
scene_03-Z0047,2,50,2154.9169921875,,unavailable in GeoTIFF; band index reported
scene_03-Z0047,2,51,2204.9072265625,3702.024280673652,unavailable in GeoTIFF; band index reported
scene_03-Z0047,2,52,2224.8974609375,,unavailable in GeoTIFF; band index reported
scene_03-Z0047,2,53,2250.09033203125,,unavailable in GeoTIFF; band index reported
scene_03-Z0047,2,54,2272.182861328125,,unavailable in GeoTIFF; band index reported
scene_03-Z0047,2,55,2300.143798828125,,unavailable in GeoTIFF; band index reported
scene_03-Z0047,2,56,2345.46826171875,,unavailable in GeoTIFF; band index reported
scene_03-Z0047,2,57,2387.970703125,,unavailable in GeoTIFF; band index reported
scene_03-Z0047,2,58,2396.4072265625,3981.115175913357,unavailable in GeoTIFF; band index reported
scene_03-Z0047,2,59,2420.712158203125,,unavailable in GeoTIFF; band index reported
scene_03-Z0047,2,60,2419.643798828125,,unavailable in GeoTIFF; band index reported
scene_03-Z0047,2,61,2507.5390625,,unavailable in GeoTIFF; band index reported
scene_03-Z0047,2,62,2292.10498046875,,unavailable in GeoTIFF; band index reported
scene_03-Z0047,2,63,2511.702392578125,,unavailable in GeoTIFF; band index reported
scene_03-Z0047,2,64,2552.817138671875,,unavailable in GeoTIFF; band index reported
scene_03-Z0047,2,65,2582.48046875,4133.666035386364,unavailable in GeoTIFF; band index reported
scene_03-Z0047,2,66,2597.217041015625,,unavailable in GeoTIFF; band index reported
scene_03-Z0047,2,67,2618.782958984375,,unavailable in GeoTIFF; band index reported
scene_03-Z0047,2,68,2658.52685546875,,unavailable in GeoTIFF; band index reported
scene_03-Z0047,2,69,2675.9951171875,,unavailable in GeoTIFF; band index reported
scene_03-Z0047,2,70,2694.93408203125,,unavailable in GeoTIFF; band index reported
scene_03-Z0047,2,71,2662.626708984375,,unavailable in GeoTIFF; band index reported
scene_03-Z0047,2,72,2691.5,4196.8222619093885,unavailable in GeoTIFF; band index reported
scene_03-Z0047,2,73,2702.236572265625,,unavailable in GeoTIFF; band index reported
scene_03-Z0047,2,74,2678.731689453125,,unavailable in GeoTIFF; band index reported
scene_03-Z0047,2,75,2734.98291015625,,unavailable in GeoTIFF; band index reported
scene_03-Z0047,2,76,2699.02685546875,,unavailable in GeoTIFF; band index reported
scene_03-Z0047,2,77,2736.812255859375,,unavailable in GeoTIFF; band index reported
scene_03-Z0047,2,78,2747.141357421875,,unavailable in GeoTIFF; band index reported
scene_03-Z0047,2,79,2748.351318359375,,unavailable in GeoTIFF; band index reported
scene_03-Z0047,2,80,2815.843994140625,4211.755377965227,unavailable in GeoTIFF; band index reported
scene_03-Z0047,2,81,2763.46337890625,,unavailable in GeoTIFF; band index reported
scene_03-Z0047,2,82,2814.863525390625,,unavailable in GeoTIFF; band index reported
scene_03-Z0047,2,83,2743.756103515625,,unavailable in GeoTIFF; band index reported
scene_03-Z0047,2,84,2647.209716796875,,unavailable in GeoTIFF; band index reported
scene_03-Z0047,2,85,2852.734130859375,,unavailable in GeoTIFF; band index reported
scene_03-Z0047,2,86,2822.856201171875,,unavailable in GeoTIFF; band index reported
scene_03-Z0047,2,87,2739.263427734375,4088.820487454532,unavailable in GeoTIFF; band index reported
scene_03-Z0047,2,88,2925.59765625,,unavailable in GeoTIFF; band index reported
scene_03-Z0047,2,89,2933.226806640625,,unavailable in GeoTIFF; band index reported
scene_03-Z0047,2,90,2921.392578125,,unavailable in GeoTIFF; band index reported
scene_03-Z0047,2,91,2897.265869140625,,unavailable in GeoTIFF; band index reported
scene_03-Z0047,2,92,2823.156005859375,,unavailable in GeoTIFF; band index reported
scene_03-Z0047,2,93,2790.670654296875,,unavailable in GeoTIFF; band index reported
scene_03-Z0047,2,94,2903.95849609375,4228.699613463889,unavailable in GeoTIFF; band index reported
scene_03-Z0047,2,95,2863.04638671875,,unavailable in GeoTIFF; band index reported
scene_03-Z0047,2,96,2951.753662109375,,unavailable in GeoTIFF; band index reported
scene_03-Z0047,2,97,2875.787841796875,,unavailable in GeoTIFF; band index reported
scene_03-Z0047,2,98,2978.158447265625,,unavailable in GeoTIFF; band index reported
scene_03-Z0047,2,99,2891.4365234375,,unavailable in GeoTIFF; band index reported
scene_03-Z0047,2,100,2999.009765625,,unavailable in GeoTIFF; band index reported
scene_03-Z0047,2,101,2899.60986328125,4252.979533319639,unavailable in GeoTIFF; band index reported
scene_03-Z0047,2,102,3019.304931640625,,unavailable in GeoTIFF; band index reported
scene_03-Z0047,2,103,3047.39013671875,,unavailable in GeoTIFF; band index reported
scene_03-Z0047,2,104,3066.10009765625,,unavailable in GeoTIFF; band index reported
scene_03-Z0047,2,105,3082.8974609375,,unavailable in GeoTIFF; band index reported
scene_03-Z0047,2,106,3098.846435546875,,unavailable in GeoTIFF; band index reported
scene_03-Z0047,2,107,3128.148681640625,,unavailable in GeoTIFF; band index reported
scene_03-Z0047,2,108,3160.248779296875,4514.447144310745,unavailable in GeoTIFF; band index reported
scene_03-Z0047,2,109,3179.751220703125,,unavailable in GeoTIFF; band index reported
scene_03-Z0047,2,110,3214.9169921875,,unavailable in GeoTIFF; band index reported
scene_03-Z0047,2,111,3236.55615234375,,unavailable in GeoTIFF; band index reported
scene_03-Z0047,2,112,3179.756103515625,,unavailable in GeoTIFF; band index reported
scene_03-Z0047,2,113,3382.785400390625,,unavailable in GeoTIFF; band index reported
scene_03-Z0047,2,114,3373.265869140625,,unavailable in GeoTIFF; band index reported
scene_03-Z0047,2,115,3333.89013671875,,unavailable in GeoTIFF; band index reported
scene_03-Z0047,2,116,3370.641357421875,4677.793393838383,unavailable in GeoTIFF; band index reported
scene_03-Z0047,2,117,3426.4609375,,unavailable in GeoTIFF; band index reported
scene_03-Z0047,2,118,3491.712158203125,,unavailable in GeoTIFF; band index reported
scene_03-Z0047,2,119,3508.9658203125,,unavailable in GeoTIFF; band index reported
scene_03-Z0047,2,120,3526.47314453125,,unavailable in GeoTIFF; band index reported
scene_03-Z0047,2,121,3554.248779296875,,unavailable in GeoTIFF; band index reported
scene_03-Z0047,2,122,3570.9853515625,,unavailable in GeoTIFF; band index reported
scene_03-Z0047,2,123,3597.509765625,4967.6380986852755,unavailable in GeoTIFF; band index reported
scene_03-Z0047,2,124,3633.217041015625,,unavailable in GeoTIFF; band index reported
scene_03-Z0047,2,125,3698.726806640625,,unavailable in GeoTIFF; band index reported
scene_03-Z0047,2,126,3669.509765625,,unavailable in GeoTIFF; band index reported
scene_03-Z0047,2,127,3656.241455078125,,unavailable in GeoTIFF; band index reported
scene_03-Z0047,2,128,3666.51953125,,unavailable in GeoTIFF; band index reported
scene_03-Z0047,2,129,3658.212158203125,,unavailable in GeoTIFF; band index reported
scene_03-Z0047,2,130,3637.96826171875,5086.7792757717925,unavailable in GeoTIFF; band index reported
scene_03-Z0047,2,131,-32768.0,,unavailable in GeoTIFF; band index reported
scene_03-Z0047,2,132,-32768.0,,unavailable in GeoTIFF; band index reported
scene_03-Z0047,2,133,-32768.0,,unavailable in GeoTIFF; band index reported
scene_03-Z0047,2,134,-32768.0,,unavailable in GeoTIFF; band index reported
scene_03-Z0047,2,135,-32768.0,,unavailable in GeoTIFF; band index reported
scene_03-Z0047,2,136,3794.802490234375,,unavailable in GeoTIFF; band index reported
scene_03-Z0047,2,137,3817.763427734375,5204.827168773204,unavailable in GeoTIFF; band index reported
scene_03-Z0047,2,138,3773.44873046875,,unavailable in GeoTIFF; band index reported
scene_03-Z0047,2,139,3793.9365234375,,unavailable in GeoTIFF; band index reported
scene_03-Z0047,2,140,3834.94384765625,,unavailable in GeoTIFF; band index reported
scene_03-Z0047,2,141,3887.970703125,,unavailable in GeoTIFF; band index reported
scene_03-Z0047,2,142,3913.39013671875,,unavailable in GeoTIFF; band index reported
scene_03-Z0047,2,143,3912.54638671875,,unavailable in GeoTIFF; band index reported
scene_03-Z0047,2,144,3925.107421875,5174.908519314261,unavailable in GeoTIFF; band index reported
scene_03-Z0047,2,145,3945.207275390625,,unavailable in GeoTIFF; band index reported
scene_03-Z0047,2,146,3948.39501953125,,unavailable in GeoTIFF; band index reported
scene_03-Z0047,2,147,3967.00732421875,,unavailable in GeoTIFF; band index reported
scene_03-Z0047,2,148,3972.048828125,,unavailable in GeoTIFF; band index reported
scene_03-Z0047,2,149,3973.5146484375,,unavailable in GeoTIFF; band index reported
scene_03-Z0047,2,150,3994.45849609375,,unavailable in GeoTIFF; band index reported
scene_03-Z0047,2,151,3991.98046875,,unavailable in GeoTIFF; band index reported
scene_03-Z0047,2,152,3990.187744140625,5207.279730866657,unavailable in GeoTIFF; band index reported
scene_03-Z0047,2,153,3988.568359375,,unavailable in GeoTIFF; band index reported
scene_03-Z0047,2,154,4008.05859375,,unavailable in GeoTIFF; band index reported
scene_03-Z0047,2,155,4001.209716796875,,unavailable in GeoTIFF; band index reported
scene_03-Z0047,2,156,4016.0390625,,unavailable in GeoTIFF; band index reported
scene_03-Z0047,2,157,4016.91943359375,,unavailable in GeoTIFF; band index reported
scene_03-Z0047,2,158,4017.802490234375,,unavailable in GeoTIFF; band index reported
scene_03-Z0047,2,159,4029.42431640625,5218.170802796563,unavailable in GeoTIFF; band index reported
scene_03-Z0047,2,160,4027.326904296875,,unavailable in GeoTIFF; band index reported
scene_03-Z0047,2,161,4016.90478515625,,unavailable in GeoTIFF; band index reported
scene_03-Z0047,2,162,4016.719482421875,,unavailable in GeoTIFF; band index reported
scene_03-Z0047,2,163,4020.45849609375,,unavailable in GeoTIFF; band index reported
scene_03-Z0047,2,164,3975.5390625,,unavailable in GeoTIFF; band index reported
scene_03-Z0047,2,165,3937.626708984375,,unavailable in GeoTIFF; band index reported
scene_03-Z0047,2,166,3857.01953125,5017.558409614325,unavailable in GeoTIFF; band index reported
scene_03-Z0047,2,167,3510.129150390625,,unavailable in GeoTIFF; band index reported
scene_03-Z0047,2,168,3669.90478515625,,unavailable in GeoTIFF; band index reported
scene_03-Z0047,2,169,3758.680419921875,,unavailable in GeoTIFF; band index reported
scene_03-Z0047,2,170,3506.865966796875,,unavailable in GeoTIFF; band index reported
scene_03-Z0047,2,171,3127.49755859375,,unavailable in GeoTIFF; band index reported
scene_03-Z0047,2,172,3323.195068359375,,unavailable in GeoTIFF; band index reported
scene_03-Z0047,2,173,3662.704833984375,4714.966870138707,unavailable in GeoTIFF; band index reported
scene_03-Z0047,2,174,3805.734130859375,,unavailable in GeoTIFF; band index reported
scene_03-Z0047,2,175,3861.648681640625,,unavailable in GeoTIFF; band index reported
scene_03-Z0047,2,176,3710.03173828125,,unavailable in GeoTIFF; band index reported
scene_03-Z0047,2,177,3774.0537109375,,unavailable in GeoTIFF; band index reported
scene_03-Z0047,2,178,3746.9560546875,,unavailable in GeoTIFF; band index reported
scene_03-Z0047,2,179,3815.4560546875,,unavailable in GeoTIFF; band index reported
scene_03-Z0047,2,180,3756.685302734375,5085.668420902481,unavailable in GeoTIFF; band index reported
scene_03-Z0047,2,181,3750.52685546875,,unavailable in GeoTIFF; band index reported
scene_03-Z0047,2,182,3760.0439453125,,unavailable in GeoTIFF; band index reported
scene_03-Z0047,2,183,3704.778076171875,,unavailable in GeoTIFF; band index reported
scene_03-Z0047,2,184,3709.158447265625,,unavailable in GeoTIFF; band index reported
scene_03-Z0047,2,185,3667.98046875,,unavailable in GeoTIFF; band index reported
scene_03-Z0047,2,186,3575.861083984375,,unavailable in GeoTIFF; band index reported
scene_03-Z0047,2,187,3427.643798828125,,unavailable in GeoTIFF; band index reported
scene_03-Z0047,2,188,3287.4267578125,4936.611167278287,unavailable in GeoTIFF; band index reported
scene_03-Z0047,2,189,3224.258544921875,,unavailable in GeoTIFF; band index reported
scene_03-Z0047,2,190,3218.12451171875,,unavailable in GeoTIFF; band index reported
scene_03-Z0047,2,191,3220.736572265625,,unavailable in GeoTIFF; band index reported
scene_03-Z0047,2,192,3151.51953125,,unavailable in GeoTIFF; band index reported
scene_03-Z0047,2,193,3042.775634765625,,unavailable in GeoTIFF; band index reported
scene_03-Z0047,2,194,2923.153564453125,,unavailable in GeoTIFF; band index reported
scene_03-Z0047,2,195,3132.3876953125,4626.353456753277,unavailable in GeoTIFF; band index reported
scene_03-Z0047,2,196,3306.343994140625,,unavailable in GeoTIFF; band index reported
scene_03-Z0047,2,197,3323.351318359375,,unavailable in GeoTIFF; band index reported
scene_03-Z0047,2,198,3289.8974609375,,unavailable in GeoTIFF; band index reported
scene_03-Z0047,2,199,3272.131591796875,,unavailable in GeoTIFF; band index reported
scene_03-Z0047,2,200,3263.51220703125,,unavailable in GeoTIFF; band index reported
scene_03-Z0047,2,201,3247.682861328125,,unavailable in GeoTIFF; band index reported
scene_03-Z0047,2,202,3215.07080078125,4652.886869525872,unavailable in GeoTIFF; band index reported
scene_03-Z0047,2,203,3172.5732421875,,unavailable in GeoTIFF; band index reported
scene_03-Z0047,2,204,3104.721923828125,,unavailable in GeoTIFF; band index reported
scene_03-Z0047,2,205,3052.53173828125,,unavailable in GeoTIFF; band index reported
scene_03-Z0047,2,206,3048.217041015625,,unavailable in GeoTIFF; band index reported
scene_03-Z0047,2,207,2956.4853515625,,unavailable in GeoTIFF; band index reported
scene_03-Z0047,2,208,2953.175537109375,,unavailable in GeoTIFF; band index reported
scene_03-Z0047,2,209,2944.202392578125,4382.918838235699,unavailable in GeoTIFF; band index reported
scene_03-Z0047,2,210,2903.143798828125,,unavailable in GeoTIFF; band index reported
scene_03-Z0047,2,211,2860.217041015625,,unavailable in GeoTIFF; band index reported
scene_03-Z0047,2,212,2873.197509765625,,unavailable in GeoTIFF; band index reported
scene_03-Z0047,2,213,2898.60986328125,,unavailable in GeoTIFF; band index reported
scene_03-Z0047,2,214,2841.631591796875,,unavailable in GeoTIFF; band index reported
scene_03-Z0047,2,215,2819.239013671875,,unavailable in GeoTIFF; band index reported
scene_03-Z0047,2,216,2758.5244140625,4154.670029385061,unavailable in GeoTIFF; band index reported
scene_03-Z0047,2,217,2778.699951171875,,unavailable in GeoTIFF; band index reported
scene_03-Z0047,2,218,2794.392578125,,unavailable in GeoTIFF; band index reported
scene_03-Z0047,2,219,2754.10009765625,,unavailable in GeoTIFF; band index reported
scene_03-Z0047,2,220,2668.765869140625,,unavailable in GeoTIFF; band index reported
scene_03-Z0047,2,221,2710.829345703125,,unavailable in GeoTIFF; band index reported
scene_03-Z0047,2,222,2665.856201171875,,unavailable in GeoTIFF; band index reported
scene_03-Z0047,2,223,2664.5244140625,,unavailable in GeoTIFF; band index reported
scene_03-Z0047,2,224,2536.256103515625,3909.195673012465,unavailable in GeoTIFF; band index reported
scene_03-Z0152,3,1,570.1302490234375,917.6137365335213,unavailable in GeoTIFF; band index reported
scene_03-Z0152,3,2,583.0459594726562,,unavailable in GeoTIFF; band index reported
scene_03-Z0152,3,3,614.2069091796875,,unavailable in GeoTIFF; band index reported
scene_03-Z0152,3,4,647.7662963867188,,unavailable in GeoTIFF; band index reported
scene_03-Z0152,3,5,688.1838989257812,,unavailable in GeoTIFF; band index reported
scene_03-Z0152,3,6,701.961669921875,,unavailable in GeoTIFF; band index reported
scene_03-Z0152,3,7,733.586181640625,,unavailable in GeoTIFF; band index reported
scene_03-Z0152,3,8,755.4712524414062,1232.959446205412,unavailable in GeoTIFF; band index reported
scene_03-Z0152,3,9,767.0153198242188,,unavailable in GeoTIFF; band index reported
scene_03-Z0152,3,10,793.3677978515625,,unavailable in GeoTIFF; band index reported
scene_03-Z0152,3,11,803.2720336914062,,unavailable in GeoTIFF; band index reported
scene_03-Z0152,3,12,813.0919799804688,,unavailable in GeoTIFF; band index reported
scene_03-Z0152,3,13,825.5095825195312,,unavailable in GeoTIFF; band index reported
scene_03-Z0152,3,14,851.4942626953125,,unavailable in GeoTIFF; band index reported
scene_03-Z0152,3,15,881.1149291992188,1427.1588311623464,unavailable in GeoTIFF; band index reported
scene_03-Z0152,3,16,896.712646484375,,unavailable in GeoTIFF; band index reported
scene_03-Z0152,3,17,914.1226196289062,,unavailable in GeoTIFF; band index reported
scene_03-Z0152,3,18,948.4061279296875,,unavailable in GeoTIFF; band index reported
scene_03-Z0152,3,19,972.2796630859375,,unavailable in GeoTIFF; band index reported
scene_03-Z0152,3,20,1003.4827880859375,,unavailable in GeoTIFF; band index reported
scene_03-Z0152,3,21,1046.1494140625,,unavailable in GeoTIFF; band index reported
scene_03-Z0152,3,22,1072.409912109375,1814.298623453446,unavailable in GeoTIFF; band index reported
scene_03-Z0152,3,23,1108.92333984375,,unavailable in GeoTIFF; band index reported
scene_03-Z0152,3,24,1151.0689697265625,,unavailable in GeoTIFF; band index reported
scene_03-Z0152,3,25,1190.639892578125,,unavailable in GeoTIFF; band index reported
scene_03-Z0152,3,26,1236.8160400390625,,unavailable in GeoTIFF; band index reported
scene_03-Z0152,3,27,1284.6551513671875,,unavailable in GeoTIFF; band index reported
scene_03-Z0152,3,28,1332.310302734375,,unavailable in GeoTIFF; band index reported
scene_03-Z0152,3,29,1387.82763671875,2375.799164006372,unavailable in GeoTIFF; band index reported
scene_03-Z0152,3,30,1442.2298583984375,,unavailable in GeoTIFF; band index reported
scene_03-Z0152,3,31,1507.701171875,,unavailable in GeoTIFF; band index reported
scene_03-Z0152,3,32,1559.210693359375,,unavailable in GeoTIFF; band index reported
scene_03-Z0152,3,33,1607.137939453125,,unavailable in GeoTIFF; band index reported
scene_03-Z0152,3,34,1667.5286865234375,,unavailable in GeoTIFF; band index reported
scene_03-Z0152,3,35,1712.22607421875,,unavailable in GeoTIFF; band index reported
scene_03-Z0152,3,36,1758.7547607421875,3040.8869943239424,unavailable in GeoTIFF; band index reported
scene_03-Z0152,3,37,1801.40234375,,unavailable in GeoTIFF; band index reported
scene_03-Z0152,3,38,1839.310302734375,,unavailable in GeoTIFF; band index reported
scene_03-Z0152,3,39,1870.513427734375,,unavailable in GeoTIFF; band index reported
scene_03-Z0152,3,40,1894.1531982421875,,unavailable in GeoTIFF; band index reported
scene_03-Z0152,3,41,1930.82763671875,,unavailable in GeoTIFF; band index reported
scene_03-Z0152,3,42,1948.4061279296875,,unavailable in GeoTIFF; band index reported
scene_03-Z0152,3,43,1969.034423828125,,unavailable in GeoTIFF; band index reported
scene_03-Z0152,3,44,2001.8199462890625,3431.7894504680403,unavailable in GeoTIFF; band index reported
scene_03-Z0152,3,45,2033.735595703125,,unavailable in GeoTIFF; band index reported
scene_03-Z0152,3,46,2052.482666015625,,unavailable in GeoTIFF; band index reported
scene_03-Z0152,3,47,2077.965576171875,,unavailable in GeoTIFF; band index reported
scene_03-Z0152,3,48,2103.839111328125,,unavailable in GeoTIFF; band index reported
scene_03-Z0152,3,49,2122.13037109375,,unavailable in GeoTIFF; band index reported
scene_03-Z0152,3,50,2140.233642578125,,unavailable in GeoTIFF; band index reported
scene_03-Z0152,3,51,2190.141845703125,3702.024280673652,unavailable in GeoTIFF; band index reported
scene_03-Z0152,3,52,2204.6513671875,,unavailable in GeoTIFF; band index reported
scene_03-Z0152,3,53,2239.37939453125,,unavailable in GeoTIFF; band index reported
scene_03-Z0152,3,54,2248.808349609375,,unavailable in GeoTIFF; band index reported
scene_03-Z0152,3,55,2287.91943359375,,unavailable in GeoTIFF; band index reported
scene_03-Z0152,3,56,2324.12646484375,,unavailable in GeoTIFF; band index reported
scene_03-Z0152,3,57,2364.67041015625,,unavailable in GeoTIFF; band index reported
scene_03-Z0152,3,58,2376.111083984375,3981.115175913357,unavailable in GeoTIFF; band index reported
scene_03-Z0152,3,59,2403.482666015625,,unavailable in GeoTIFF; band index reported
scene_03-Z0152,3,60,2411.758544921875,,unavailable in GeoTIFF; band index reported
scene_03-Z0152,3,61,2503.67822265625,,unavailable in GeoTIFF; band index reported
scene_03-Z0152,3,62,2267.92333984375,,unavailable in GeoTIFF; band index reported
scene_03-Z0152,3,63,2498.436767578125,,unavailable in GeoTIFF; band index reported
scene_03-Z0152,3,64,2540.0,,unavailable in GeoTIFF; band index reported
scene_03-Z0152,3,65,2567.306396484375,4133.666035386364,unavailable in GeoTIFF; band index reported
scene_03-Z0152,3,66,2592.364013671875,,unavailable in GeoTIFF; band index reported
scene_03-Z0152,3,67,2613.816162109375,,unavailable in GeoTIFF; band index reported
scene_03-Z0152,3,68,2661.81982421875,,unavailable in GeoTIFF; band index reported
scene_03-Z0152,3,69,2647.183837890625,,unavailable in GeoTIFF; band index reported
scene_03-Z0152,3,70,2677.47119140625,,unavailable in GeoTIFF; band index reported
scene_03-Z0152,3,71,2650.98095703125,,unavailable in GeoTIFF; band index reported
scene_03-Z0152,3,72,2697.494140625,4196.8222619093885,unavailable in GeoTIFF; band index reported
scene_03-Z0152,3,73,2682.843017578125,,unavailable in GeoTIFF; band index reported
scene_03-Z0152,3,74,2708.333251953125,,unavailable in GeoTIFF; band index reported
scene_03-Z0152,3,75,2720.409912109375,,unavailable in GeoTIFF; band index reported
scene_03-Z0152,3,76,2710.32177734375,,unavailable in GeoTIFF; band index reported
scene_03-Z0152,3,77,2763.440673828125,,unavailable in GeoTIFF; band index reported
scene_03-Z0152,3,78,2730.93115234375,,unavailable in GeoTIFF; band index reported
scene_03-Z0152,3,79,2770.156982421875,,unavailable in GeoTIFF; band index reported
scene_03-Z0152,3,80,2835.540283203125,4211.755377965227,unavailable in GeoTIFF; band index reported
scene_03-Z0152,3,81,2768.3525390625,,unavailable in GeoTIFF; band index reported
scene_03-Z0152,3,82,2837.681884765625,,unavailable in GeoTIFF; band index reported
scene_03-Z0152,3,83,2759.187744140625,,unavailable in GeoTIFF; band index reported
scene_03-Z0152,3,84,2668.666748046875,,unavailable in GeoTIFF; band index reported
scene_03-Z0152,3,85,2881.735595703125,,unavailable in GeoTIFF; band index reported
scene_03-Z0152,3,86,2886.482666015625,,unavailable in GeoTIFF; band index reported
scene_03-Z0152,3,87,2796.785400390625,4088.820487454532,unavailable in GeoTIFF; band index reported
scene_03-Z0152,3,88,2943.260498046875,,unavailable in GeoTIFF; band index reported
scene_03-Z0152,3,89,2962.7470703125,,unavailable in GeoTIFF; band index reported
scene_03-Z0152,3,90,2973.107177734375,,unavailable in GeoTIFF; band index reported
scene_03-Z0152,3,91,2924.02294921875,,unavailable in GeoTIFF; band index reported
scene_03-Z0152,3,92,2856.203125,,unavailable in GeoTIFF; band index reported
scene_03-Z0152,3,93,2826.766357421875,,unavailable in GeoTIFF; band index reported
scene_03-Z0152,3,94,2919.8046875,4228.699613463889,unavailable in GeoTIFF; band index reported
scene_03-Z0152,3,95,2884.984619140625,,unavailable in GeoTIFF; band index reported
scene_03-Z0152,3,96,2988.264404296875,,unavailable in GeoTIFF; band index reported
scene_03-Z0152,3,97,2900.22607421875,,unavailable in GeoTIFF; band index reported
scene_03-Z0152,3,98,3015.291259765625,,unavailable in GeoTIFF; band index reported
scene_03-Z0152,3,99,2932.164794921875,,unavailable in GeoTIFF; band index reported
scene_03-Z0152,3,100,3046.532470703125,,unavailable in GeoTIFF; band index reported
scene_03-Z0152,3,101,2947.306396484375,4252.979533319639,unavailable in GeoTIFF; band index reported
scene_03-Z0152,3,102,3068.62451171875,,unavailable in GeoTIFF; band index reported
scene_03-Z0152,3,103,3099.360107421875,,unavailable in GeoTIFF; band index reported
scene_03-Z0152,3,104,3123.8466796875,,unavailable in GeoTIFF; band index reported
scene_03-Z0152,3,105,3145.582275390625,,unavailable in GeoTIFF; band index reported
scene_03-Z0152,3,106,3164.42138671875,,unavailable in GeoTIFF; band index reported
scene_03-Z0152,3,107,3196.693603515625,,unavailable in GeoTIFF; band index reported
scene_03-Z0152,3,108,3231.8505859375,4514.447144310745,unavailable in GeoTIFF; band index reported
scene_03-Z0152,3,109,3257.1455078125,,unavailable in GeoTIFF; band index reported
scene_03-Z0152,3,110,3300.1953125,,unavailable in GeoTIFF; band index reported
scene_03-Z0152,3,111,3335.17626953125,,unavailable in GeoTIFF; band index reported
scene_03-Z0152,3,112,3311.80078125,,unavailable in GeoTIFF; band index reported
scene_03-Z0152,3,113,3469.988525390625,,unavailable in GeoTIFF; band index reported
scene_03-Z0152,3,114,3481.3525390625,,unavailable in GeoTIFF; band index reported
scene_03-Z0152,3,115,3392.697265625,,unavailable in GeoTIFF; band index reported
scene_03-Z0152,3,116,3443.0458984375,4677.793393838383,unavailable in GeoTIFF; band index reported
scene_03-Z0152,3,117,3519.47509765625,,unavailable in GeoTIFF; band index reported
scene_03-Z0152,3,118,3586.0537109375,,unavailable in GeoTIFF; band index reported
scene_03-Z0152,3,119,3610.482666015625,,unavailable in GeoTIFF; band index reported
scene_03-Z0152,3,120,3619.743408203125,,unavailable in GeoTIFF; band index reported
scene_03-Z0152,3,121,3648.06884765625,,unavailable in GeoTIFF; band index reported
scene_03-Z0152,3,122,3662.364013671875,,unavailable in GeoTIFF; band index reported
scene_03-Z0152,3,123,3689.957763671875,4967.6380986852755,unavailable in GeoTIFF; band index reported
scene_03-Z0152,3,124,3740.218505859375,,unavailable in GeoTIFF; band index reported
scene_03-Z0152,3,125,3781.210693359375,,unavailable in GeoTIFF; band index reported
scene_03-Z0152,3,126,3757.22216796875,,unavailable in GeoTIFF; band index reported
scene_03-Z0152,3,127,3746.12646484375,,unavailable in GeoTIFF; band index reported
scene_03-Z0152,3,128,3754.858154296875,,unavailable in GeoTIFF; band index reported
scene_03-Z0152,3,129,3751.486572265625,,unavailable in GeoTIFF; band index reported
scene_03-Z0152,3,130,3742.609130859375,5086.7792757717925,unavailable in GeoTIFF; band index reported
scene_03-Z0152,3,131,-32768.0,,unavailable in GeoTIFF; band index reported
scene_03-Z0152,3,132,-32768.0,,unavailable in GeoTIFF; band index reported
scene_03-Z0152,3,133,-32768.0,,unavailable in GeoTIFF; band index reported
scene_03-Z0152,3,134,-32768.0,,unavailable in GeoTIFF; band index reported
scene_03-Z0152,3,135,-32768.0,,unavailable in GeoTIFF; band index reported
scene_03-Z0152,3,136,3814.095703125,,unavailable in GeoTIFF; band index reported
scene_03-Z0152,3,137,3964.168701171875,5204.827168773204,unavailable in GeoTIFF; band index reported
scene_03-Z0152,3,138,3862.287353515625,,unavailable in GeoTIFF; band index reported
scene_03-Z0152,3,139,3846.716552734375,,unavailable in GeoTIFF; band index reported
scene_03-Z0152,3,140,3915.084228515625,,unavailable in GeoTIFF; band index reported
scene_03-Z0152,3,141,3974.17236328125,,unavailable in GeoTIFF; band index reported
scene_03-Z0152,3,142,4014.00390625,,unavailable in GeoTIFF; band index reported
scene_03-Z0152,3,143,4025.6513671875,,unavailable in GeoTIFF; band index reported
scene_03-Z0152,3,144,4036.294921875,5174.908519314261,unavailable in GeoTIFF; band index reported
scene_03-Z0152,3,145,4060.440673828125,,unavailable in GeoTIFF; band index reported
scene_03-Z0152,3,146,4071.22607421875,,unavailable in GeoTIFF; band index reported
scene_03-Z0152,3,147,4076.2451171875,,unavailable in GeoTIFF; band index reported
scene_03-Z0152,3,148,4083.038330078125,,unavailable in GeoTIFF; band index reported
scene_03-Z0152,3,149,4103.2568359375,,unavailable in GeoTIFF; band index reported
scene_03-Z0152,3,150,4112.099609375,,unavailable in GeoTIFF; band index reported
scene_03-Z0152,3,151,4114.9580078125,,unavailable in GeoTIFF; band index reported
scene_03-Z0152,3,152,4114.4521484375,5207.279730866657,unavailable in GeoTIFF; band index reported
scene_03-Z0152,3,153,4108.8125,,unavailable in GeoTIFF; band index reported
scene_03-Z0152,3,154,4132.12255859375,,unavailable in GeoTIFF; band index reported
scene_03-Z0152,3,155,4127.5478515625,,unavailable in GeoTIFF; band index reported
scene_03-Z0152,3,156,4137.61279296875,,unavailable in GeoTIFF; band index reported
scene_03-Z0152,3,157,4136.509765625,,unavailable in GeoTIFF; band index reported
scene_03-Z0152,3,158,4142.99609375,,unavailable in GeoTIFF; band index reported
scene_03-Z0152,3,159,4147.80859375,5218.170802796563,unavailable in GeoTIFF; band index reported
scene_03-Z0152,3,160,4155.2607421875,,unavailable in GeoTIFF; band index reported
scene_03-Z0152,3,161,4130.38720703125,,unavailable in GeoTIFF; band index reported
scene_03-Z0152,3,162,4126.37939453125,,unavailable in GeoTIFF; band index reported
scene_03-Z0152,3,163,4133.908203125,,unavailable in GeoTIFF; band index reported
scene_03-Z0152,3,164,4103.83154296875,,unavailable in GeoTIFF; band index reported
scene_03-Z0152,3,165,4078.67431640625,,unavailable in GeoTIFF; band index reported
scene_03-Z0152,3,166,3975.47509765625,5017.558409614325,unavailable in GeoTIFF; band index reported
scene_03-Z0152,3,167,3459.934814453125,,unavailable in GeoTIFF; band index reported
scene_03-Z0152,3,168,3657.586181640625,,unavailable in GeoTIFF; band index reported
scene_03-Z0152,3,169,3806.13037109375,,unavailable in GeoTIFF; band index reported
scene_03-Z0152,3,170,3678.486572265625,,unavailable in GeoTIFF; band index reported
scene_03-Z0152,3,171,3126.13037109375,,unavailable in GeoTIFF; band index reported
scene_03-Z0152,3,172,3284.137939453125,,unavailable in GeoTIFF; band index reported
scene_03-Z0152,3,173,3584.482666015625,4714.966870138707,unavailable in GeoTIFF; band index reported
scene_03-Z0152,3,174,3824.62841796875,,unavailable in GeoTIFF; band index reported
scene_03-Z0152,3,175,3911.5439453125,,unavailable in GeoTIFF; band index reported
scene_03-Z0152,3,176,3790.701171875,,unavailable in GeoTIFF; band index reported
scene_03-Z0152,3,177,3768.743408203125,,unavailable in GeoTIFF; band index reported
scene_03-Z0152,3,178,3725.739501953125,,unavailable in GeoTIFF; band index reported
scene_03-Z0152,3,179,3787.015380859375,,unavailable in GeoTIFF; band index reported
scene_03-Z0152,3,180,3752.716552734375,5085.668420902481,unavailable in GeoTIFF; band index reported
scene_03-Z0152,3,181,3747.187744140625,,unavailable in GeoTIFF; band index reported
scene_03-Z0152,3,182,3753.5478515625,,unavailable in GeoTIFF; band index reported
scene_03-Z0152,3,183,3700.467529296875,,unavailable in GeoTIFF; band index reported
scene_03-Z0152,3,184,3699.498046875,,unavailable in GeoTIFF; band index reported
scene_03-Z0152,3,185,3644.07275390625,,unavailable in GeoTIFF; band index reported
scene_03-Z0152,3,186,3548.60546875,,unavailable in GeoTIFF; band index reported
scene_03-Z0152,3,187,3419.52099609375,,unavailable in GeoTIFF; band index reported
scene_03-Z0152,3,188,3294.835205078125,4936.611167278287,unavailable in GeoTIFF; band index reported
scene_03-Z0152,3,189,3195.22607421875,,unavailable in GeoTIFF; band index reported
scene_03-Z0152,3,190,3153.739501953125,,unavailable in GeoTIFF; band index reported
scene_03-Z0152,3,191,3135.40234375,,unavailable in GeoTIFF; band index reported
scene_03-Z0152,3,192,3124.27197265625,,unavailable in GeoTIFF; band index reported
scene_03-Z0152,3,193,3026.888916015625,,unavailable in GeoTIFF; band index reported
scene_03-Z0152,3,194,2878.5556640625,,unavailable in GeoTIFF; band index reported
scene_03-Z0152,3,195,3085.816162109375,4626.353456753277,unavailable in GeoTIFF; band index reported
scene_03-Z0152,3,196,3265.436767578125,,unavailable in GeoTIFF; band index reported
scene_03-Z0152,3,197,3309.306396484375,,unavailable in GeoTIFF; band index reported
scene_03-Z0152,3,198,3279.900390625,,unavailable in GeoTIFF; band index reported
scene_03-Z0152,3,199,3262.038330078125,,unavailable in GeoTIFF; band index reported
scene_03-Z0152,3,200,3248.67822265625,,unavailable in GeoTIFF; band index reported
scene_03-Z0152,3,201,3225.088134765625,,unavailable in GeoTIFF; band index reported
scene_03-Z0152,3,202,3203.934814453125,4652.886869525872,unavailable in GeoTIFF; band index reported
scene_03-Z0152,3,203,3172.107177734375,,unavailable in GeoTIFF; band index reported
scene_03-Z0152,3,204,3096.386962890625,,unavailable in GeoTIFF; band index reported
scene_03-Z0152,3,205,3021.1494140625,,unavailable in GeoTIFF; band index reported
scene_03-Z0152,3,206,3011.9462890625,,unavailable in GeoTIFF; band index reported
scene_03-Z0152,3,207,2986.62060546875,,unavailable in GeoTIFF; band index reported
scene_03-Z0152,3,208,2922.8466796875,,unavailable in GeoTIFF; band index reported
scene_03-Z0152,3,209,2942.77783203125,4382.918838235699,unavailable in GeoTIFF; band index reported
scene_03-Z0152,3,210,2917.417724609375,,unavailable in GeoTIFF; band index reported
scene_03-Z0152,3,211,2853.459716796875,,unavailable in GeoTIFF; band index reported
scene_03-Z0152,3,212,2826.567138671875,,unavailable in GeoTIFF; band index reported
scene_03-Z0152,3,213,2879.86962890625,,unavailable in GeoTIFF; band index reported
scene_03-Z0152,3,214,2841.8544921875,,unavailable in GeoTIFF; band index reported
scene_03-Z0152,3,215,2787.17236328125,,unavailable in GeoTIFF; band index reported
scene_03-Z0152,3,216,2731.681884765625,4154.670029385061,unavailable in GeoTIFF; band index reported
scene_03-Z0152,3,217,2752.27587890625,,unavailable in GeoTIFF; band index reported
scene_03-Z0152,3,218,2782.057373046875,,unavailable in GeoTIFF; band index reported
scene_03-Z0152,3,219,2743.333251953125,,unavailable in GeoTIFF; band index reported
scene_03-Z0152,3,220,2681.337158203125,,unavailable in GeoTIFF; band index reported
scene_03-Z0152,3,221,2662.567138671875,,unavailable in GeoTIFF; band index reported
scene_03-Z0152,3,222,2718.81982421875,,unavailable in GeoTIFF; band index reported
scene_03-Z0152,3,223,2592.536376953125,,unavailable in GeoTIFF; band index reported
scene_03-Z0152,3,224,2627.034423828125,3909.195673012465,unavailable in GeoTIFF; band index reported
scene_03-Z0140,4,1,599.6734619140625,917.6137365335213,unavailable in GeoTIFF; band index reported
scene_03-Z0140,4,2,615.5083618164062,,unavailable in GeoTIFF; band index reported
scene_03-Z0140,4,3,645.6215209960938,,unavailable in GeoTIFF; band index reported
scene_03-Z0140,4,4,686.9109497070312,,unavailable in GeoTIFF; band index reported
scene_03-Z0140,4,5,719.662353515625,,unavailable in GeoTIFF; band index reported
scene_03-Z0140,4,6,732.0704956054688,,unavailable in GeoTIFF; band index reported
scene_03-Z0140,4,7,764.2931518554688,,unavailable in GeoTIFF; band index reported
scene_03-Z0140,4,8,787.3803100585938,1232.959446205412,unavailable in GeoTIFF; band index reported
scene_03-Z0140,4,9,802.02783203125,,unavailable in GeoTIFF; band index reported
scene_03-Z0140,4,10,825.6029663085938,,unavailable in GeoTIFF; band index reported
scene_03-Z0140,4,11,837.0203857421875,,unavailable in GeoTIFF; band index reported
scene_03-Z0140,4,12,844.2745971679688,,unavailable in GeoTIFF; band index reported
scene_03-Z0140,4,13,856.699462890625,,unavailable in GeoTIFF; band index reported
scene_03-Z0140,4,14,884.0519409179688,,unavailable in GeoTIFF; band index reported
scene_03-Z0140,4,15,913.9869995117188,1427.1588311623464,unavailable in GeoTIFF; band index reported
scene_03-Z0140,4,16,928.1632690429688,,unavailable in GeoTIFF; band index reported
scene_03-Z0140,4,17,943.0983276367188,,unavailable in GeoTIFF; band index reported
scene_03-Z0140,4,18,979.4359741210938,,unavailable in GeoTIFF; band index reported
scene_03-Z0140,4,19,1004.7161254882812,,unavailable in GeoTIFF; band index reported
scene_03-Z0140,4,20,1037.47314453125,,unavailable in GeoTIFF; band index reported
scene_03-Z0140,4,21,1077.894287109375,,unavailable in GeoTIFF; band index reported
scene_03-Z0140,4,22,1110.04638671875,1814.298623453446,unavailable in GeoTIFF; band index reported
scene_03-Z0140,4,23,1145.7698974609375,,unavailable in GeoTIFF; band index reported
scene_03-Z0140,4,24,1188.7791748046875,,unavailable in GeoTIFF; band index reported
scene_03-Z0140,4,25,1231.4378662109375,,unavailable in GeoTIFF; band index reported
scene_03-Z0140,4,26,1279.37109375,,unavailable in GeoTIFF; band index reported
scene_03-Z0140,4,27,1328.5343017578125,,unavailable in GeoTIFF; band index reported
scene_03-Z0140,4,28,1371.179931640625,,unavailable in GeoTIFF; band index reported
scene_03-Z0140,4,29,1427.2857666015625,2375.799164006372,unavailable in GeoTIFF; band index reported
scene_03-Z0140,4,30,1482.8961181640625,,unavailable in GeoTIFF; band index reported
scene_03-Z0140,4,31,1543.0482177734375,,unavailable in GeoTIFF; band index reported
scene_03-Z0140,4,32,1596.7513427734375,,unavailable in GeoTIFF; band index reported
scene_03-Z0140,4,33,1646.8126220703125,,unavailable in GeoTIFF; band index reported
scene_03-Z0140,4,34,1703.54541015625,,unavailable in GeoTIFF; band index reported
scene_03-Z0140,4,35,1752.949951171875,,unavailable in GeoTIFF; band index reported
scene_03-Z0140,4,36,1793.9146728515625,3040.8869943239424,unavailable in GeoTIFF; band index reported
scene_03-Z0140,4,37,1838.9239501953125,,unavailable in GeoTIFF; band index reported
scene_03-Z0140,4,38,1875.625244140625,,unavailable in GeoTIFF; band index reported
scene_03-Z0140,4,39,1909.5863037109375,,unavailable in GeoTIFF; band index reported
scene_03-Z0140,4,40,1935.031494140625,,unavailable in GeoTIFF; band index reported
scene_03-Z0140,4,41,1967.2615966796875,,unavailable in GeoTIFF; band index reported
scene_03-Z0140,4,42,1991.9554443359375,,unavailable in GeoTIFF; band index reported
scene_03-Z0140,4,43,2007.9183349609375,,unavailable in GeoTIFF; band index reported
scene_03-Z0140,4,44,2043.116943359375,3431.7894504680403,unavailable in GeoTIFF; band index reported
scene_03-Z0140,4,45,2078.829345703125,,unavailable in GeoTIFF; band index reported
scene_03-Z0140,4,46,2096.515869140625,,unavailable in GeoTIFF; band index reported
scene_03-Z0140,4,47,2122.11865234375,,unavailable in GeoTIFF; band index reported
scene_03-Z0140,4,48,2142.8515625,,unavailable in GeoTIFF; band index reported
scene_03-Z0140,4,49,2166.608642578125,,unavailable in GeoTIFF; band index reported
scene_03-Z0140,4,50,2181.22998046875,,unavailable in GeoTIFF; band index reported
scene_03-Z0140,4,51,2229.061279296875,3702.024280673652,unavailable in GeoTIFF; band index reported
scene_03-Z0140,4,52,2247.736572265625,,unavailable in GeoTIFF; band index reported
scene_03-Z0140,4,53,2283.1689453125,,unavailable in GeoTIFF; band index reported
scene_03-Z0140,4,54,2291.725341796875,,unavailable in GeoTIFF; band index reported
scene_03-Z0140,4,55,2326.124267578125,,unavailable in GeoTIFF; band index reported
scene_03-Z0140,4,56,2367.551025390625,,unavailable in GeoTIFF; band index reported
scene_03-Z0140,4,57,2413.114990234375,,unavailable in GeoTIFF; band index reported
scene_03-Z0140,4,58,2420.962890625,3981.115175913357,unavailable in GeoTIFF; band index reported
scene_03-Z0140,4,59,2445.5546875,,unavailable in GeoTIFF; band index reported
scene_03-Z0140,4,60,2450.432373046875,,unavailable in GeoTIFF; band index reported
scene_03-Z0140,4,61,2540.107666015625,,unavailable in GeoTIFF; band index reported
scene_03-Z0140,4,62,2302.571533203125,,unavailable in GeoTIFF; band index reported
scene_03-Z0140,4,63,2536.432373046875,,unavailable in GeoTIFF; band index reported
scene_03-Z0140,4,64,2579.669677734375,,unavailable in GeoTIFF; band index reported
scene_03-Z0140,4,65,2603.25048828125,4133.666035386364,unavailable in GeoTIFF; band index reported
scene_03-Z0140,4,66,2626.61962890625,,unavailable in GeoTIFF; band index reported
scene_03-Z0140,4,67,2645.697509765625,,unavailable in GeoTIFF; band index reported
scene_03-Z0140,4,68,2693.354248046875,,unavailable in GeoTIFF; band index reported
scene_03-Z0140,4,69,2692.43408203125,,unavailable in GeoTIFF; band index reported
scene_03-Z0140,4,70,2722.5546875,,unavailable in GeoTIFF; band index reported
scene_03-Z0140,4,71,2683.56396484375,,unavailable in GeoTIFF; band index reported
scene_03-Z0140,4,72,2738.291259765625,4196.8222619093885,unavailable in GeoTIFF; band index reported
scene_03-Z0140,4,73,2708.3154296875,,unavailable in GeoTIFF; band index reported
scene_03-Z0140,4,74,2730.6494140625,,unavailable in GeoTIFF; band index reported
scene_03-Z0140,4,75,2733.087158203125,,unavailable in GeoTIFF; band index reported
scene_03-Z0140,4,76,2734.244873046875,,unavailable in GeoTIFF; band index reported
scene_03-Z0140,4,77,2784.643798828125,,unavailable in GeoTIFF; band index reported
scene_03-Z0140,4,78,2753.228271484375,,unavailable in GeoTIFF; band index reported
scene_03-Z0140,4,79,2791.382080078125,,unavailable in GeoTIFF; band index reported
scene_03-Z0140,4,80,2856.9794921875,4211.755377965227,unavailable in GeoTIFF; band index reported
scene_03-Z0140,4,81,2791.86279296875,,unavailable in GeoTIFF; band index reported
scene_03-Z0140,4,82,2859.604736328125,,unavailable in GeoTIFF; band index reported
scene_03-Z0140,4,83,2780.808837890625,,unavailable in GeoTIFF; band index reported
scene_03-Z0140,4,84,2684.543701171875,,unavailable in GeoTIFF; band index reported
scene_03-Z0140,4,85,2904.161376953125,,unavailable in GeoTIFF; band index reported
scene_03-Z0140,4,86,2916.630859375,,unavailable in GeoTIFF; band index reported
scene_03-Z0140,4,87,2812.697509765625,4088.820487454532,unavailable in GeoTIFF; band index reported
scene_03-Z0140,4,88,2962.385986328125,,unavailable in GeoTIFF; band index reported
scene_03-Z0140,4,89,2992.8720703125,,unavailable in GeoTIFF; band index reported
scene_03-Z0140,4,90,2993.62890625,,unavailable in GeoTIFF; band index reported
scene_03-Z0140,4,91,2947.367431640625,,unavailable in GeoTIFF; band index reported
scene_03-Z0140,4,92,2875.669677734375,,unavailable in GeoTIFF; band index reported
scene_03-Z0140,4,93,2842.404541015625,,unavailable in GeoTIFF; band index reported
scene_03-Z0140,4,94,2939.9052734375,4228.699613463889,unavailable in GeoTIFF; band index reported
scene_03-Z0140,4,95,2907.226318359375,,unavailable in GeoTIFF; band index reported
scene_03-Z0140,4,96,3006.163330078125,,unavailable in GeoTIFF; band index reported
scene_03-Z0140,4,97,2929.450927734375,,unavailable in GeoTIFF; band index reported
scene_03-Z0140,4,98,3031.747802734375,,unavailable in GeoTIFF; band index reported
scene_03-Z0140,4,99,2961.06298828125,,unavailable in GeoTIFF; band index reported
scene_03-Z0140,4,100,3060.2412109375,,unavailable in GeoTIFF; band index reported
scene_03-Z0140,4,101,2970.58251953125,4252.979533319639,unavailable in GeoTIFF; band index reported
scene_03-Z0140,4,102,3082.333984375,,unavailable in GeoTIFF; band index reported
scene_03-Z0140,4,103,3111.9091796875,,unavailable in GeoTIFF; band index reported
scene_03-Z0140,4,104,3134.34130859375,,unavailable in GeoTIFF; band index reported
scene_03-Z0140,4,105,3155.34326171875,,unavailable in GeoTIFF; band index reported
scene_03-Z0140,4,106,3174.061279296875,,unavailable in GeoTIFF; band index reported
scene_03-Z0140,4,107,3205.126220703125,,unavailable in GeoTIFF; band index reported
scene_03-Z0140,4,108,3239.39697265625,4514.447144310745,unavailable in GeoTIFF; band index reported
scene_03-Z0140,4,109,3263.346923828125,,unavailable in GeoTIFF; band index reported
scene_03-Z0140,4,110,3307.93505859375,,unavailable in GeoTIFF; band index reported
scene_03-Z0140,4,111,3341.892333984375,,unavailable in GeoTIFF; band index reported
scene_03-Z0140,4,112,3314.736572265625,,unavailable in GeoTIFF; band index reported
scene_03-Z0140,4,113,3487.311767578125,,unavailable in GeoTIFF; band index reported
scene_03-Z0140,4,114,3489.54541015625,,unavailable in GeoTIFF; band index reported
scene_03-Z0140,4,115,3390.88671875,,unavailable in GeoTIFF; band index reported
scene_03-Z0140,4,116,3437.265380859375,4677.793393838383,unavailable in GeoTIFF; band index reported
scene_03-Z0140,4,117,3516.975830078125,,unavailable in GeoTIFF; band index reported
scene_03-Z0140,4,118,3583.43408203125,,unavailable in GeoTIFF; band index reported
scene_03-Z0140,4,119,3606.344970703125,,unavailable in GeoTIFF; band index reported
scene_03-Z0140,4,120,3611.92578125,,unavailable in GeoTIFF; band index reported
scene_03-Z0140,4,121,3639.93505859375,,unavailable in GeoTIFF; band index reported
scene_03-Z0140,4,122,3655.727294921875,,unavailable in GeoTIFF; band index reported
scene_03-Z0140,4,123,3678.81640625,4967.6380986852755,unavailable in GeoTIFF; band index reported
scene_03-Z0140,4,124,3726.666015625,,unavailable in GeoTIFF; band index reported
scene_03-Z0140,4,125,3764.458251953125,,unavailable in GeoTIFF; band index reported
scene_03-Z0140,4,126,3744.432373046875,,unavailable in GeoTIFF; band index reported
scene_03-Z0140,4,127,3737.1875,,unavailable in GeoTIFF; band index reported
scene_03-Z0140,4,128,3747.604736328125,,unavailable in GeoTIFF; band index reported
scene_03-Z0140,4,129,3743.957275390625,,unavailable in GeoTIFF; band index reported
scene_03-Z0140,4,130,3744.910888671875,5086.7792757717925,unavailable in GeoTIFF; band index reported
scene_03-Z0140,4,131,-32768.0,,unavailable in GeoTIFF; band index reported
scene_03-Z0140,4,132,-32768.0,,unavailable in GeoTIFF; band index reported
scene_03-Z0140,4,133,-32768.0,,unavailable in GeoTIFF; band index reported
scene_03-Z0140,4,134,-32768.0,,unavailable in GeoTIFF; band index reported
scene_03-Z0140,4,135,-32768.0,,unavailable in GeoTIFF; band index reported
scene_03-Z0140,4,136,3802.419189453125,,unavailable in GeoTIFF; band index reported
scene_03-Z0140,4,137,3953.04833984375,5204.827168773204,unavailable in GeoTIFF; band index reported
scene_03-Z0140,4,138,3850.0,,unavailable in GeoTIFF; band index reported
scene_03-Z0140,4,139,3832.77001953125,,unavailable in GeoTIFF; band index reported
scene_03-Z0140,4,140,3890.938720703125,,unavailable in GeoTIFF; band index reported
scene_03-Z0140,4,141,3955.270751953125,,unavailable in GeoTIFF; band index reported
scene_03-Z0140,4,142,3992.474853515625,,unavailable in GeoTIFF; band index reported
scene_03-Z0140,4,143,4005.300537109375,,unavailable in GeoTIFF; band index reported
scene_03-Z0140,4,144,4016.73291015625,5174.908519314261,unavailable in GeoTIFF; band index reported
scene_03-Z0140,4,145,4039.274658203125,,unavailable in GeoTIFF; band index reported
scene_03-Z0140,4,146,4051.521240234375,,unavailable in GeoTIFF; band index reported
scene_03-Z0140,4,147,4057.99072265625,,unavailable in GeoTIFF; band index reported
scene_03-Z0140,4,148,4067.209716796875,,unavailable in GeoTIFF; band index reported
scene_03-Z0140,4,149,4084.569580078125,,unavailable in GeoTIFF; band index reported
scene_03-Z0140,4,150,4096.98681640625,,unavailable in GeoTIFF; band index reported
scene_03-Z0140,4,151,4094.382080078125,,unavailable in GeoTIFF; band index reported
scene_03-Z0140,4,152,4097.25439453125,5207.279730866657,unavailable in GeoTIFF; band index reported
scene_03-Z0140,4,153,4093.93701171875,,unavailable in GeoTIFF; band index reported
scene_03-Z0140,4,154,4108.89404296875,,unavailable in GeoTIFF; band index reported
scene_03-Z0140,4,155,4110.31005859375,,unavailable in GeoTIFF; band index reported
scene_03-Z0140,4,156,4123.330078125,,unavailable in GeoTIFF; band index reported
scene_03-Z0140,4,157,4126.78857421875,,unavailable in GeoTIFF; band index reported
scene_03-Z0140,4,158,4134.78662109375,,unavailable in GeoTIFF; band index reported
scene_03-Z0140,4,159,4131.55078125,5218.170802796563,unavailable in GeoTIFF; band index reported
scene_03-Z0140,4,160,4151.86279296875,,unavailable in GeoTIFF; band index reported
scene_03-Z0140,4,161,4129.14306640625,,unavailable in GeoTIFF; band index reported
scene_03-Z0140,4,162,4127.9072265625,,unavailable in GeoTIFF; band index reported
scene_03-Z0140,4,163,4130.93115234375,,unavailable in GeoTIFF; band index reported
scene_03-Z0140,4,164,4105.52294921875,,unavailable in GeoTIFF; band index reported
scene_03-Z0140,4,165,4066.86083984375,,unavailable in GeoTIFF; band index reported
scene_03-Z0140,4,166,3976.022216796875,5017.558409614325,unavailable in GeoTIFF; band index reported
scene_03-Z0140,4,167,3456.54541015625,,unavailable in GeoTIFF; band index reported
scene_03-Z0140,4,168,3669.792236328125,,unavailable in GeoTIFF; band index reported
scene_03-Z0140,4,169,3823.99072265625,,unavailable in GeoTIFF; band index reported
scene_03-Z0140,4,170,3693.52685546875,,unavailable in GeoTIFF; band index reported
scene_03-Z0140,4,171,3139.54736328125,,unavailable in GeoTIFF; band index reported
scene_03-Z0140,4,172,3294.22998046875,,unavailable in GeoTIFF; band index reported
scene_03-Z0140,4,173,3589.207763671875,4714.966870138707,unavailable in GeoTIFF; band index reported
scene_03-Z0140,4,174,3832.0166015625,,unavailable in GeoTIFF; band index reported
scene_03-Z0140,4,175,3929.87744140625,,unavailable in GeoTIFF; band index reported
scene_03-Z0140,4,176,3813.280029296875,,unavailable in GeoTIFF; band index reported
scene_03-Z0140,4,177,3792.959228515625,,unavailable in GeoTIFF; band index reported
scene_03-Z0140,4,178,3754.99072265625,,unavailable in GeoTIFF; band index reported
scene_03-Z0140,4,179,3818.923828125,,unavailable in GeoTIFF; band index reported
scene_03-Z0140,4,180,3788.408203125,5085.668420902481,unavailable in GeoTIFF; band index reported
scene_03-Z0140,4,181,3772.82177734375,,unavailable in GeoTIFF; band index reported
scene_03-Z0140,4,182,3781.82568359375,,unavailable in GeoTIFF; band index reported
scene_03-Z0140,4,183,3733.84228515625,,unavailable in GeoTIFF; band index reported
scene_03-Z0140,4,184,3718.1689453125,,unavailable in GeoTIFF; band index reported
scene_03-Z0140,4,185,3669.198486328125,,unavailable in GeoTIFF; band index reported
scene_03-Z0140,4,186,3590.33203125,,unavailable in GeoTIFF; band index reported
scene_03-Z0140,4,187,3446.781005859375,,unavailable in GeoTIFF; band index reported
scene_03-Z0140,4,188,3312.4990234375,4936.611167278287,unavailable in GeoTIFF; band index reported
scene_03-Z0140,4,189,3213.80322265625,,unavailable in GeoTIFF; band index reported
scene_03-Z0140,4,190,3181.2763671875,,unavailable in GeoTIFF; band index reported
scene_03-Z0140,4,191,3172.0205078125,,unavailable in GeoTIFF; band index reported
scene_03-Z0140,4,192,3144.651123046875,,unavailable in GeoTIFF; band index reported
scene_03-Z0140,4,193,3043.532470703125,,unavailable in GeoTIFF; band index reported
scene_03-Z0140,4,194,2893.84033203125,,unavailable in GeoTIFF; band index reported
scene_03-Z0140,4,195,3104.7958984375,4626.353456753277,unavailable in GeoTIFF; band index reported
scene_03-Z0140,4,196,3292.985107421875,,unavailable in GeoTIFF; band index reported
scene_03-Z0140,4,197,3335.076171875,,unavailable in GeoTIFF; band index reported
scene_03-Z0140,4,198,3310.235595703125,,unavailable in GeoTIFF; band index reported
scene_03-Z0140,4,199,3295.11328125,,unavailable in GeoTIFF; band index reported
scene_03-Z0140,4,200,3280.782958984375,,unavailable in GeoTIFF; band index reported
scene_03-Z0140,4,201,3255.701416015625,,unavailable in GeoTIFF; band index reported
scene_03-Z0140,4,202,3236.7587890625,4652.886869525872,unavailable in GeoTIFF; band index reported
scene_03-Z0140,4,203,3204.0390625,,unavailable in GeoTIFF; band index reported
scene_03-Z0140,4,204,3135.244873046875,,unavailable in GeoTIFF; band index reported
scene_03-Z0140,4,205,3056.65869140625,,unavailable in GeoTIFF; band index reported
scene_03-Z0140,4,206,3040.217041015625,,unavailable in GeoTIFF; band index reported
scene_03-Z0140,4,207,3021.8125,,unavailable in GeoTIFF; band index reported
scene_03-Z0140,4,208,2958.71435546875,,unavailable in GeoTIFF; band index reported
scene_03-Z0140,4,209,2975.135498046875,4382.918838235699,unavailable in GeoTIFF; band index reported
scene_03-Z0140,4,210,2946.382080078125,,unavailable in GeoTIFF; band index reported
scene_03-Z0140,4,211,2888.67529296875,,unavailable in GeoTIFF; band index reported
scene_03-Z0140,4,212,2857.4638671875,,unavailable in GeoTIFF; band index reported
scene_03-Z0140,4,213,2914.15771484375,,unavailable in GeoTIFF; band index reported
scene_03-Z0140,4,214,2878.60302734375,,unavailable in GeoTIFF; band index reported
scene_03-Z0140,4,215,2820.62890625,,unavailable in GeoTIFF; band index reported
scene_03-Z0140,4,216,2763.678955078125,4154.670029385061,unavailable in GeoTIFF; band index reported
scene_03-Z0140,4,217,2786.1298828125,,unavailable in GeoTIFF; band index reported
scene_03-Z0140,4,218,2820.82177734375,,unavailable in GeoTIFF; band index reported
scene_03-Z0140,4,219,2777.24853515625,,unavailable in GeoTIFF; band index reported
scene_03-Z0140,4,220,2715.755126953125,,unavailable in GeoTIFF; band index reported
scene_03-Z0140,4,221,2697.706787109375,,unavailable in GeoTIFF; band index reported
scene_03-Z0140,4,222,2758.576904296875,,unavailable in GeoTIFF; band index reported
scene_03-Z0140,4,223,2629.2783203125,,unavailable in GeoTIFF; band index reported
scene_03-Z0140,4,224,2655.2060546875,3909.195673012465,unavailable in GeoTIFF; band index reported
scene_03-Z0014,5,1,682.3942260742188,917.6137365335213,unavailable in GeoTIFF; band index reported
scene_03-Z0014,5,2,695.8846435546875,,unavailable in GeoTIFF; band index reported
scene_03-Z0014,5,3,724.2115478515625,,unavailable in GeoTIFF; band index reported
scene_03-Z0014,5,4,750.3076782226562,,unavailable in GeoTIFF; band index reported
scene_03-Z0014,5,5,790.5576782226562,,unavailable in GeoTIFF; band index reported
scene_03-Z0014,5,6,811.0961303710938,,unavailable in GeoTIFF; band index reported
scene_03-Z0014,5,7,846.9038696289062,,unavailable in GeoTIFF; band index reported
scene_03-Z0014,5,8,868.7788696289062,1232.959446205412,unavailable in GeoTIFF; band index reported
scene_03-Z0014,5,9,883.0865478515625,,unavailable in GeoTIFF; band index reported
scene_03-Z0014,5,10,901.2692260742188,,unavailable in GeoTIFF; band index reported
scene_03-Z0014,5,11,912.7115478515625,,unavailable in GeoTIFF; band index reported
scene_03-Z0014,5,12,919.2211303710938,,unavailable in GeoTIFF; band index reported
scene_03-Z0014,5,13,939.548095703125,,unavailable in GeoTIFF; band index reported
scene_03-Z0014,5,14,969.9134521484375,,unavailable in GeoTIFF; band index reported
scene_03-Z0014,5,15,987.8461303710938,1427.1588311623464,unavailable in GeoTIFF; band index reported
scene_03-Z0014,5,16,1005.375,,unavailable in GeoTIFF; band index reported
scene_03-Z0014,5,17,1030.22119140625,,unavailable in GeoTIFF; band index reported
scene_03-Z0014,5,18,1058.3846435546875,,unavailable in GeoTIFF; band index reported
scene_03-Z0014,5,19,1086.6922607421875,,unavailable in GeoTIFF; band index reported
scene_03-Z0014,5,20,1125.1827392578125,,unavailable in GeoTIFF; band index reported
scene_03-Z0014,5,21,1162.7403564453125,,unavailable in GeoTIFF; band index reported
scene_03-Z0014,5,22,1189.605712890625,1814.298623453446,unavailable in GeoTIFF; band index reported
scene_03-Z0014,5,23,1233.0577392578125,,unavailable in GeoTIFF; band index reported
scene_03-Z0014,5,24,1272.576904296875,,unavailable in GeoTIFF; band index reported
scene_03-Z0014,5,25,1321.125,,unavailable in GeoTIFF; band index reported
scene_03-Z0014,5,26,1371.048095703125,,unavailable in GeoTIFF; band index reported
scene_03-Z0014,5,27,1419.1153564453125,,unavailable in GeoTIFF; band index reported
scene_03-Z0014,5,28,1463.25,,unavailable in GeoTIFF; band index reported
scene_03-Z0014,5,29,1522.0577392578125,2375.799164006372,unavailable in GeoTIFF; band index reported
scene_03-Z0014,5,30,1576.625,,unavailable in GeoTIFF; band index reported
scene_03-Z0014,5,31,1641.798095703125,,unavailable in GeoTIFF; band index reported
scene_03-Z0014,5,32,1697.8365478515625,,unavailable in GeoTIFF; band index reported
scene_03-Z0014,5,33,1742.65380859375,,unavailable in GeoTIFF; band index reported
scene_03-Z0014,5,34,1799.451904296875,,unavailable in GeoTIFF; band index reported
scene_03-Z0014,5,35,1850.519287109375,,unavailable in GeoTIFF; band index reported
scene_03-Z0014,5,36,1892.5,3040.8869943239424,unavailable in GeoTIFF; band index reported
scene_03-Z0014,5,37,1941.25,,unavailable in GeoTIFF; band index reported
scene_03-Z0014,5,38,1983.605712890625,,unavailable in GeoTIFF; band index reported
scene_03-Z0014,5,39,2013.798095703125,,unavailable in GeoTIFF; band index reported
scene_03-Z0014,5,40,2035.855712890625,,unavailable in GeoTIFF; band index reported
scene_03-Z0014,5,41,2073.4423828125,,unavailable in GeoTIFF; band index reported
scene_03-Z0014,5,42,2093.326904296875,,unavailable in GeoTIFF; band index reported
scene_03-Z0014,5,43,2105.15380859375,,unavailable in GeoTIFF; band index reported
scene_03-Z0014,5,44,2142.25,3431.7894504680403,unavailable in GeoTIFF; band index reported
scene_03-Z0014,5,45,2175.490478515625,,unavailable in GeoTIFF; band index reported
scene_03-Z0014,5,46,2199.25,,unavailable in GeoTIFF; band index reported
scene_03-Z0014,5,47,2213.78857421875,,unavailable in GeoTIFF; band index reported
scene_03-Z0014,5,48,2243.58642578125,,unavailable in GeoTIFF; band index reported
scene_03-Z0014,5,49,2266.480712890625,,unavailable in GeoTIFF; band index reported
scene_03-Z0014,5,50,2270.384521484375,,unavailable in GeoTIFF; band index reported
scene_03-Z0014,5,51,2336.5673828125,3702.024280673652,unavailable in GeoTIFF; band index reported
scene_03-Z0014,5,52,2338.4423828125,,unavailable in GeoTIFF; band index reported
scene_03-Z0014,5,53,2372.980712890625,,unavailable in GeoTIFF; band index reported
scene_03-Z0014,5,54,2387.28857421875,,unavailable in GeoTIFF; band index reported
scene_03-Z0014,5,55,2418.423095703125,,unavailable in GeoTIFF; band index reported
scene_03-Z0014,5,56,2481.5576171875,,unavailable in GeoTIFF; band index reported
scene_03-Z0014,5,57,2511.894287109375,,unavailable in GeoTIFF; band index reported
scene_03-Z0014,5,58,2520.72119140625,3981.115175913357,unavailable in GeoTIFF; band index reported
scene_03-Z0014,5,59,2539.0,,unavailable in GeoTIFF; band index reported
scene_03-Z0014,5,60,2543.15380859375,,unavailable in GeoTIFF; band index reported
scene_03-Z0014,5,61,2627.65380859375,,unavailable in GeoTIFF; band index reported
scene_03-Z0014,5,62,2422.355712890625,,unavailable in GeoTIFF; band index reported
scene_03-Z0014,5,63,2618.08642578125,,unavailable in GeoTIFF; band index reported
scene_03-Z0014,5,64,2667.16357421875,,unavailable in GeoTIFF; band index reported
scene_03-Z0014,5,65,2688.769287109375,4133.666035386364,unavailable in GeoTIFF; band index reported
scene_03-Z0014,5,66,2706.34619140625,,unavailable in GeoTIFF; band index reported
scene_03-Z0014,5,67,2718.201904296875,,unavailable in GeoTIFF; band index reported
scene_03-Z0014,5,68,2752.53857421875,,unavailable in GeoTIFF; band index reported
scene_03-Z0014,5,69,2778.576904296875,,unavailable in GeoTIFF; band index reported
scene_03-Z0014,5,70,2772.6923828125,,unavailable in GeoTIFF; band index reported
scene_03-Z0014,5,71,2772.03857421875,,unavailable in GeoTIFF; band index reported
scene_03-Z0014,5,72,2756.125,4196.8222619093885,unavailable in GeoTIFF; band index reported
scene_03-Z0014,5,73,2788.3076171875,,unavailable in GeoTIFF; band index reported
scene_03-Z0014,5,74,2751.3173828125,,unavailable in GeoTIFF; band index reported
scene_03-Z0014,5,75,2775.08642578125,,unavailable in GeoTIFF; band index reported
scene_03-Z0014,5,76,2793.4326171875,,unavailable in GeoTIFF; band index reported
scene_03-Z0014,5,77,2782.384521484375,,unavailable in GeoTIFF; band index reported
scene_03-Z0014,5,78,2826.66357421875,,unavailable in GeoTIFF; band index reported
scene_03-Z0014,5,79,2846.365478515625,,unavailable in GeoTIFF; band index reported
scene_03-Z0014,5,80,2865.923095703125,4211.755377965227,unavailable in GeoTIFF; band index reported
scene_03-Z0014,5,81,2822.9326171875,,unavailable in GeoTIFF; band index reported
scene_03-Z0014,5,82,2862.019287109375,,unavailable in GeoTIFF; band index reported
scene_03-Z0014,5,83,2790.490478515625,,unavailable in GeoTIFF; band index reported
scene_03-Z0014,5,84,2681.53857421875,,unavailable in GeoTIFF; band index reported
scene_03-Z0014,5,85,2899.9423828125,,unavailable in GeoTIFF; band index reported
scene_03-Z0014,5,86,2824.41357421875,,unavailable in GeoTIFF; band index reported
scene_03-Z0014,5,87,2781.173095703125,4088.820487454532,unavailable in GeoTIFF; band index reported
scene_03-Z0014,5,88,2957.83642578125,,unavailable in GeoTIFF; band index reported
scene_03-Z0014,5,89,2984.076904296875,,unavailable in GeoTIFF; band index reported
scene_03-Z0014,5,90,2989.5,,unavailable in GeoTIFF; band index reported
scene_03-Z0014,5,91,2943.894287109375,,unavailable in GeoTIFF; band index reported
scene_03-Z0014,5,92,2905.16357421875,,unavailable in GeoTIFF; band index reported
scene_03-Z0014,5,93,2834.34619140625,,unavailable in GeoTIFF; band index reported
scene_03-Z0014,5,94,2949.201904296875,4228.699613463889,unavailable in GeoTIFF; band index reported
scene_03-Z0014,5,95,2911.798095703125,,unavailable in GeoTIFF; band index reported
scene_03-Z0014,5,96,2989.91357421875,,unavailable in GeoTIFF; band index reported
scene_03-Z0014,5,97,2942.644287109375,,unavailable in GeoTIFF; band index reported
scene_03-Z0014,5,98,3013.451904296875,,unavailable in GeoTIFF; band index reported
scene_03-Z0014,5,99,2960.759521484375,,unavailable in GeoTIFF; band index reported
scene_03-Z0014,5,100,3029.875,,unavailable in GeoTIFF; band index reported
scene_03-Z0014,5,101,2953.326904296875,4252.979533319639,unavailable in GeoTIFF; band index reported
scene_03-Z0014,5,102,3046.375,,unavailable in GeoTIFF; band index reported
scene_03-Z0014,5,103,3075.269287109375,,unavailable in GeoTIFF; band index reported
scene_03-Z0014,5,104,3093.5,,unavailable in GeoTIFF; band index reported
scene_03-Z0014,5,105,3109.923095703125,,unavailable in GeoTIFF; band index reported
scene_03-Z0014,5,106,3124.509521484375,,unavailable in GeoTIFF; band index reported
scene_03-Z0014,5,107,3151.40380859375,,unavailable in GeoTIFF; band index reported
scene_03-Z0014,5,108,3183.4423828125,4514.447144310745,unavailable in GeoTIFF; band index reported
scene_03-Z0014,5,109,3202.46142578125,,unavailable in GeoTIFF; band index reported
scene_03-Z0014,5,110,3238.27880859375,,unavailable in GeoTIFF; band index reported
scene_03-Z0014,5,111,3262.65380859375,,unavailable in GeoTIFF; band index reported
scene_03-Z0014,5,112,3204.65380859375,,unavailable in GeoTIFF; band index reported
scene_03-Z0014,5,113,3424.240478515625,,unavailable in GeoTIFF; band index reported
scene_03-Z0014,5,114,3412.019287109375,,unavailable in GeoTIFF; band index reported
scene_03-Z0014,5,115,3378.769287109375,,unavailable in GeoTIFF; band index reported
scene_03-Z0014,5,116,3406.423095703125,4677.793393838383,unavailable in GeoTIFF; band index reported
scene_03-Z0014,5,117,3454.9423828125,,unavailable in GeoTIFF; band index reported
scene_03-Z0014,5,118,3521.1826171875,,unavailable in GeoTIFF; band index reported
scene_03-Z0014,5,119,3538.423095703125,,unavailable in GeoTIFF; band index reported
scene_03-Z0014,5,120,3559.375,,unavailable in GeoTIFF; band index reported
scene_03-Z0014,5,121,3584.798095703125,,unavailable in GeoTIFF; band index reported
scene_03-Z0014,5,122,3602.71142578125,,unavailable in GeoTIFF; band index reported
scene_03-Z0014,5,123,3629.365478515625,4967.6380986852755,unavailable in GeoTIFF; band index reported
scene_03-Z0014,5,124,3663.1826171875,,unavailable in GeoTIFF; band index reported
scene_03-Z0014,5,125,3737.548095703125,,unavailable in GeoTIFF; band index reported
scene_03-Z0014,5,126,3707.259521484375,,unavailable in GeoTIFF; band index reported
scene_03-Z0014,5,127,3689.259521484375,,unavailable in GeoTIFF; band index reported
scene_03-Z0014,5,128,3698.875,,unavailable in GeoTIFF; band index reported
scene_03-Z0014,5,129,3690.384521484375,,unavailable in GeoTIFF; band index reported
scene_03-Z0014,5,130,3667.076904296875,5086.7792757717925,unavailable in GeoTIFF; band index reported
scene_03-Z0014,5,131,-32768.0,,unavailable in GeoTIFF; band index reported
scene_03-Z0014,5,132,-32768.0,,unavailable in GeoTIFF; band index reported
scene_03-Z0014,5,133,-32768.0,,unavailable in GeoTIFF; band index reported
scene_03-Z0014,5,134,-32768.0,,unavailable in GeoTIFF; band index reported
scene_03-Z0014,5,135,-32768.0,,unavailable in GeoTIFF; band index reported
scene_03-Z0014,5,136,3890.298095703125,,unavailable in GeoTIFF; band index reported
scene_03-Z0014,5,137,3876.115478515625,5204.827168773204,unavailable in GeoTIFF; band index reported
scene_03-Z0014,5,138,3863.28857421875,,unavailable in GeoTIFF; band index reported
scene_03-Z0014,5,139,3865.53857421875,,unavailable in GeoTIFF; band index reported
scene_03-Z0014,5,140,3905.769287109375,,unavailable in GeoTIFF; band index reported
scene_03-Z0014,5,141,3942.173095703125,,unavailable in GeoTIFF; band index reported
scene_03-Z0014,5,142,3965.53857421875,,unavailable in GeoTIFF; band index reported
scene_03-Z0014,5,143,3965.509521484375,,unavailable in GeoTIFF; band index reported
scene_03-Z0014,5,144,3970.605712890625,5174.908519314261,unavailable in GeoTIFF; band index reported
scene_03-Z0014,5,145,3988.02880859375,,unavailable in GeoTIFF; band index reported
scene_03-Z0014,5,146,3986.02880859375,,unavailable in GeoTIFF; band index reported
scene_03-Z0014,5,147,4008.02880859375,,unavailable in GeoTIFF; band index reported
scene_03-Z0014,5,148,4007.58642578125,,unavailable in GeoTIFF; band index reported
scene_03-Z0014,5,149,3999.076904296875,,unavailable in GeoTIFF; band index reported
scene_03-Z0014,5,150,4024.326904296875,,unavailable in GeoTIFF; band index reported
scene_03-Z0014,5,151,4021.855712890625,,unavailable in GeoTIFF; band index reported
scene_03-Z0014,5,152,4008.59619140625,5207.279730866657,unavailable in GeoTIFF; band index reported
scene_03-Z0014,5,153,4004.33642578125,,unavailable in GeoTIFF; band index reported
scene_03-Z0014,5,154,4023.605712890625,,unavailable in GeoTIFF; band index reported
scene_03-Z0014,5,155,4011.798095703125,,unavailable in GeoTIFF; band index reported
scene_03-Z0014,5,156,4020.134521484375,,unavailable in GeoTIFF; band index reported
scene_03-Z0014,5,157,4024.77880859375,,unavailable in GeoTIFF; band index reported
scene_03-Z0014,5,158,4027.115478515625,,unavailable in GeoTIFF; band index reported
scene_03-Z0014,5,159,4028.230712890625,5218.170802796563,unavailable in GeoTIFF; band index reported
scene_03-Z0014,5,160,4029.019287109375,,unavailable in GeoTIFF; band index reported
scene_03-Z0014,5,161,4016.16357421875,,unavailable in GeoTIFF; band index reported
scene_03-Z0014,5,162,4003.6826171875,,unavailable in GeoTIFF; band index reported
scene_03-Z0014,5,163,4016.8173828125,,unavailable in GeoTIFF; band index reported
scene_03-Z0014,5,164,3983.25,,unavailable in GeoTIFF; band index reported
scene_03-Z0014,5,165,3937.3076171875,,unavailable in GeoTIFF; band index reported
scene_03-Z0014,5,166,3839.509521484375,5017.558409614325,unavailable in GeoTIFF; band index reported
scene_03-Z0014,5,167,3529.25,,unavailable in GeoTIFF; band index reported
scene_03-Z0014,5,168,3644.90380859375,,unavailable in GeoTIFF; band index reported
scene_03-Z0014,5,169,3735.4423828125,,unavailable in GeoTIFF; band index reported
scene_03-Z0014,5,170,3433.15380859375,,unavailable in GeoTIFF; band index reported
scene_03-Z0014,5,171,3090.1826171875,,unavailable in GeoTIFF; band index reported
scene_03-Z0014,5,172,3300.40380859375,,unavailable in GeoTIFF; band index reported
scene_03-Z0014,5,173,3657.923095703125,4714.966870138707,unavailable in GeoTIFF; band index reported
scene_03-Z0014,5,174,3767.8076171875,,unavailable in GeoTIFF; band index reported
scene_03-Z0014,5,175,3810.701904296875,,unavailable in GeoTIFF; band index reported
scene_03-Z0014,5,176,3640.576904296875,,unavailable in GeoTIFF; band index reported
scene_03-Z0014,5,177,3723.009521484375,,unavailable in GeoTIFF; band index reported
scene_03-Z0014,5,178,3687.894287109375,,unavailable in GeoTIFF; band index reported
scene_03-Z0014,5,179,3747.875,,unavailable in GeoTIFF; band index reported
scene_03-Z0014,5,180,3685.77880859375,5085.668420902481,unavailable in GeoTIFF; band index reported
scene_03-Z0014,5,181,3683.019287109375,,unavailable in GeoTIFF; band index reported
scene_03-Z0014,5,182,3684.634521484375,,unavailable in GeoTIFF; band index reported
scene_03-Z0014,5,183,3614.47119140625,,unavailable in GeoTIFF; band index reported
scene_03-Z0014,5,184,3616.201904296875,,unavailable in GeoTIFF; band index reported
scene_03-Z0014,5,185,3560.980712890625,,unavailable in GeoTIFF; band index reported
scene_03-Z0014,5,186,3462.9326171875,,unavailable in GeoTIFF; band index reported
scene_03-Z0014,5,187,3304.1826171875,,unavailable in GeoTIFF; band index reported
scene_03-Z0014,5,188,3165.84619140625,4936.611167278287,unavailable in GeoTIFF; band index reported
scene_03-Z0014,5,189,3089.47119140625,,unavailable in GeoTIFF; band index reported
scene_03-Z0014,5,190,3087.875,,unavailable in GeoTIFF; band index reported
scene_03-Z0014,5,191,3080.72119140625,,unavailable in GeoTIFF; band index reported
scene_03-Z0014,5,192,3023.46142578125,,unavailable in GeoTIFF; band index reported
scene_03-Z0014,5,193,2912.15380859375,,unavailable in GeoTIFF; band index reported
scene_03-Z0014,5,194,2781.798095703125,,unavailable in GeoTIFF; band index reported
scene_03-Z0014,5,195,3006.03857421875,4626.353456753277,unavailable in GeoTIFF; band index reported
scene_03-Z0014,5,196,3194.47119140625,,unavailable in GeoTIFF; band index reported
scene_03-Z0014,5,197,3214.5,,unavailable in GeoTIFF; band index reported
scene_03-Z0014,5,198,3185.6826171875,,unavailable in GeoTIFF; band index reported
scene_03-Z0014,5,199,3168.6923828125,,unavailable in GeoTIFF; band index reported
scene_03-Z0014,5,200,3154.509521484375,,unavailable in GeoTIFF; band index reported
scene_03-Z0014,5,201,3133.53857421875,,unavailable in GeoTIFF; band index reported
scene_03-Z0014,5,202,3104.6826171875,4652.886869525872,unavailable in GeoTIFF; band index reported
scene_03-Z0014,5,203,3057.0576171875,,unavailable in GeoTIFF; band index reported
scene_03-Z0014,5,204,2977.125,,unavailable in GeoTIFF; band index reported
scene_03-Z0014,5,205,2938.27880859375,,unavailable in GeoTIFF; band index reported
scene_03-Z0014,5,206,2930.759521484375,,unavailable in GeoTIFF; band index reported
scene_03-Z0014,5,207,2836.826904296875,,unavailable in GeoTIFF; band index reported
scene_03-Z0014,5,208,2850.865478515625,,unavailable in GeoTIFF; band index reported
scene_03-Z0014,5,209,2832.980712890625,4382.918838235699,unavailable in GeoTIFF; band index reported
scene_03-Z0014,5,210,2792.394287109375,,unavailable in GeoTIFF; band index reported
scene_03-Z0014,5,211,2743.22119140625,,unavailable in GeoTIFF; band index reported
scene_03-Z0014,5,212,2757.5576171875,,unavailable in GeoTIFF; band index reported
scene_03-Z0014,5,213,2783.355712890625,,unavailable in GeoTIFF; band index reported
scene_03-Z0014,5,214,2723.0576171875,,unavailable in GeoTIFF; band index reported
scene_03-Z0014,5,215,2706.5673828125,,unavailable in GeoTIFF; band index reported
scene_03-Z0014,5,216,2644.46142578125,4154.670029385061,unavailable in GeoTIFF; band index reported
scene_03-Z0014,5,217,2669.3173828125,,unavailable in GeoTIFF; band index reported
scene_03-Z0014,5,218,2672.759521484375,,unavailable in GeoTIFF; band index reported
scene_03-Z0014,5,219,2645.201904296875,,unavailable in GeoTIFF; band index reported
scene_03-Z0014,5,220,2566.09619140625,,unavailable in GeoTIFF; band index reported
scene_03-Z0014,5,221,2615.5576171875,,unavailable in GeoTIFF; band index reported
scene_03-Z0014,5,222,2543.673095703125,,unavailable in GeoTIFF; band index reported
scene_03-Z0014,5,223,2565.75,,unavailable in GeoTIFF; band index reported
scene_03-Z0014,5,224,2408.855712890625,3909.195673012465,unavailable in GeoTIFF; band index reported
scene_03-Z0330,6,1,822.576416015625,917.6137365335213,unavailable in GeoTIFF; band index reported
scene_03-Z0330,6,2,825.4786987304688,,unavailable in GeoTIFF; band index reported
scene_03-Z0330,6,3,877.4110107421875,,unavailable in GeoTIFF; band index reported
scene_03-Z0330,6,4,918.9448852539062,,unavailable in GeoTIFF; band index reported
scene_03-Z0330,6,5,964.2330932617188,,unavailable in GeoTIFF; band index reported
scene_03-Z0330,6,6,986.2080078125,,unavailable in GeoTIFF; band index reported
scene_03-Z0330,6,7,1018.0701904296875,,unavailable in GeoTIFF; band index reported
scene_03-Z0330,6,8,1044.3333740234375,1232.959446205412,unavailable in GeoTIFF; band index reported
scene_03-Z0330,6,9,1061.7769775390625,,unavailable in GeoTIFF; band index reported
scene_03-Z0330,6,10,1086.593994140625,,unavailable in GeoTIFF; band index reported
scene_03-Z0330,6,11,1096.1904296875,,unavailable in GeoTIFF; band index reported
scene_03-Z0330,6,12,1103.9974365234375,,unavailable in GeoTIFF; band index reported
scene_03-Z0330,6,13,1122.4010009765625,,unavailable in GeoTIFF; band index reported
scene_03-Z0330,6,14,1148.634033203125,,unavailable in GeoTIFF; band index reported
scene_03-Z0330,6,15,1183.4010009765625,1427.1588311623464,unavailable in GeoTIFF; band index reported
scene_03-Z0330,6,16,1198.8095703125,,unavailable in GeoTIFF; band index reported
scene_03-Z0330,6,17,1224.822021484375,,unavailable in GeoTIFF; band index reported
scene_03-Z0330,6,18,1266.669189453125,,unavailable in GeoTIFF; band index reported
scene_03-Z0330,6,19,1302.3709716796875,,unavailable in GeoTIFF; band index reported
scene_03-Z0330,6,20,1343.90478515625,,unavailable in GeoTIFF; band index reported
scene_03-Z0330,6,21,1387.62158203125,,unavailable in GeoTIFF; band index reported
scene_03-Z0330,6,22,1434.4786376953125,1814.298623453446,unavailable in GeoTIFF; band index reported
scene_03-Z0330,6,23,1469.9974365234375,,unavailable in GeoTIFF; band index reported
scene_03-Z0330,6,24,1521.010009765625,,unavailable in GeoTIFF; band index reported
scene_03-Z0330,6,25,1570.9498291015625,,unavailable in GeoTIFF; band index reported
scene_03-Z0330,6,26,1630.9197998046875,,unavailable in GeoTIFF; band index reported
scene_03-Z0330,6,27,1677.877197265625,,unavailable in GeoTIFF; band index reported
scene_03-Z0330,6,28,1728.0250244140625,,unavailable in GeoTIFF; band index reported
scene_03-Z0330,6,29,1790.0125732421875,2375.799164006372,unavailable in GeoTIFF; band index reported
scene_03-Z0330,6,30,1848.150390625,,unavailable in GeoTIFF; band index reported
scene_03-Z0330,6,31,1918.1854248046875,,unavailable in GeoTIFF; band index reported
scene_03-Z0330,6,32,1985.761962890625,,unavailable in GeoTIFF; band index reported
scene_03-Z0330,6,33,2037.8746337890625,,unavailable in GeoTIFF; band index reported
scene_03-Z0330,6,34,2101.07763671875,,unavailable in GeoTIFF; band index reported
scene_03-Z0330,6,35,2156.721923828125,,unavailable in GeoTIFF; band index reported
scene_03-Z0330,6,36,2203.0751953125,3040.8869943239424,unavailable in GeoTIFF; band index reported
scene_03-Z0330,6,37,2250.35595703125,,unavailable in GeoTIFF; band index reported
scene_03-Z0330,6,38,2288.313232421875,,unavailable in GeoTIFF; band index reported
scene_03-Z0330,6,39,2325.77197265625,,unavailable in GeoTIFF; band index reported
scene_03-Z0330,6,40,2348.9775390625,,unavailable in GeoTIFF; band index reported
scene_03-Z0330,6,41,2384.917236328125,,unavailable in GeoTIFF; band index reported
scene_03-Z0330,6,42,2404.160400390625,,unavailable in GeoTIFF; band index reported
scene_03-Z0330,6,43,2417.388427734375,,unavailable in GeoTIFF; band index reported
scene_03-Z0330,6,44,2456.200439453125,3431.7894504680403,unavailable in GeoTIFF; band index reported
scene_03-Z0330,6,45,2493.726806640625,,unavailable in GeoTIFF; band index reported
scene_03-Z0330,6,46,2511.348388671875,,unavailable in GeoTIFF; band index reported
scene_03-Z0330,6,47,2537.318359375,,unavailable in GeoTIFF; band index reported
scene_03-Z0330,6,48,2560.07763671875,,unavailable in GeoTIFF; band index reported
scene_03-Z0330,6,49,2570.917236328125,,unavailable in GeoTIFF; band index reported
scene_03-Z0330,6,50,2580.406005859375,,unavailable in GeoTIFF; band index reported
scene_03-Z0330,6,51,2635.99755859375,3702.024280673652,unavailable in GeoTIFF; band index reported
scene_03-Z0330,6,52,2658.027587890625,,unavailable in GeoTIFF; band index reported
scene_03-Z0330,6,53,2683.66162109375,,unavailable in GeoTIFF; band index reported
scene_03-Z0330,6,54,2683.11279296875,,unavailable in GeoTIFF; band index reported
scene_03-Z0330,6,55,2711.4736328125,,unavailable in GeoTIFF; band index reported
scene_03-Z0330,6,56,2758.932373046875,,unavailable in GeoTIFF; band index reported
scene_03-Z0330,6,57,2806.533935546875,,unavailable in GeoTIFF; band index reported
scene_03-Z0330,6,58,2798.273193359375,3981.115175913357,unavailable in GeoTIFF; band index reported
scene_03-Z0330,6,59,2811.65673828125,,unavailable in GeoTIFF; band index reported
scene_03-Z0330,6,60,2795.969970703125,,unavailable in GeoTIFF; band index reported
scene_03-Z0330,6,61,2871.26318359375,,unavailable in GeoTIFF; band index reported
scene_03-Z0330,6,62,2651.13525390625,,unavailable in GeoTIFF; band index reported
scene_03-Z0330,6,63,2874.370849609375,,unavailable in GeoTIFF; band index reported
scene_03-Z0330,6,64,2898.596435546875,,unavailable in GeoTIFF; band index reported
scene_03-Z0330,6,65,2906.842041015625,4133.666035386364,unavailable in GeoTIFF; band index reported
scene_03-Z0330,6,66,2925.080322265625,,unavailable in GeoTIFF; band index reported
scene_03-Z0330,6,67,2936.5615234375,,unavailable in GeoTIFF; band index reported
scene_03-Z0330,6,68,2968.66162109375,,unavailable in GeoTIFF; band index reported
scene_03-Z0330,6,69,2968.2431640625,,unavailable in GeoTIFF; band index reported
scene_03-Z0330,6,70,2987.9248046875,,unavailable in GeoTIFF; band index reported
scene_03-Z0330,6,71,2934.726806640625,,unavailable in GeoTIFF; band index reported
scene_03-Z0330,6,72,2969.799560546875,4196.8222619093885,unavailable in GeoTIFF; band index reported
scene_03-Z0330,6,73,2932.195556640625,,unavailable in GeoTIFF; band index reported
scene_03-Z0330,6,74,2938.0576171875,,unavailable in GeoTIFF; band index reported
scene_03-Z0330,6,75,2944.842041015625,,unavailable in GeoTIFF; band index reported
scene_03-Z0330,6,76,2906.363525390625,,unavailable in GeoTIFF; band index reported
scene_03-Z0330,6,77,2951.53125,,unavailable in GeoTIFF; band index reported
scene_03-Z0330,6,78,2908.030029296875,,unavailable in GeoTIFF; band index reported
scene_03-Z0330,6,79,2929.406005859375,,unavailable in GeoTIFF; band index reported
scene_03-Z0330,6,80,2981.85205078125,4211.755377965227,unavailable in GeoTIFF; band index reported
scene_03-Z0330,6,81,2928.032470703125,,unavailable in GeoTIFF; band index reported
scene_03-Z0330,6,82,2972.24560546875,,unavailable in GeoTIFF; band index reported
scene_03-Z0330,6,83,2898.11279296875,,unavailable in GeoTIFF; band index reported
scene_03-Z0330,6,84,2787.937255859375,,unavailable in GeoTIFF; band index reported
scene_03-Z0330,6,85,2998.591552734375,,unavailable in GeoTIFF; band index reported
scene_03-Z0330,6,86,2988.09033203125,,unavailable in GeoTIFF; band index reported
scene_03-Z0330,6,87,2902.6943359375,4088.820487454532,unavailable in GeoTIFF; band index reported
scene_03-Z0330,6,88,3038.7568359375,,unavailable in GeoTIFF; band index reported
scene_03-Z0330,6,89,3055.636474609375,,unavailable in GeoTIFF; band index reported
scene_03-Z0330,6,90,3050.839599609375,,unavailable in GeoTIFF; band index reported
scene_03-Z0330,6,91,2996.83447265625,,unavailable in GeoTIFF; band index reported
scene_03-Z0330,6,92,2935.483642578125,,unavailable in GeoTIFF; band index reported
scene_03-Z0330,6,93,2889.3935546875,,unavailable in GeoTIFF; band index reported
scene_03-Z0330,6,94,2976.315673828125,4228.699613463889,unavailable in GeoTIFF; band index reported
scene_03-Z0330,6,95,2945.5439453125,,unavailable in GeoTIFF; band index reported
scene_03-Z0330,6,96,3033.912353515625,,unavailable in GeoTIFF; band index reported
scene_03-Z0330,6,97,2947.84716796875,,unavailable in GeoTIFF; band index reported
scene_03-Z0330,6,98,3040.536376953125,,unavailable in GeoTIFF; band index reported
scene_03-Z0330,6,99,2960.81201171875,,unavailable in GeoTIFF; band index reported
scene_03-Z0330,6,100,3058.150390625,,unavailable in GeoTIFF; band index reported
scene_03-Z0330,6,101,2968.47119140625,4252.979533319639,unavailable in GeoTIFF; band index reported
scene_03-Z0330,6,102,3066.77197265625,,unavailable in GeoTIFF; band index reported
scene_03-Z0330,6,103,3083.017578125,,unavailable in GeoTIFF; band index reported
scene_03-Z0330,6,104,3094.15283203125,,unavailable in GeoTIFF; band index reported
scene_03-Z0330,6,105,3102.47607421875,,unavailable in GeoTIFF; band index reported
scene_03-Z0330,6,106,3108.238037109375,,unavailable in GeoTIFF; band index reported
scene_03-Z0330,6,107,3127.651611328125,,unavailable in GeoTIFF; band index reported
scene_03-Z0330,6,108,3149.3359375,4514.447144310745,unavailable in GeoTIFF; band index reported
scene_03-Z0330,6,109,3163.513671875,,unavailable in GeoTIFF; band index reported
scene_03-Z0330,6,110,3196.596435546875,,unavailable in GeoTIFF; band index reported
scene_03-Z0330,6,111,3218.987548828125,,unavailable in GeoTIFF; band index reported
scene_03-Z0330,6,112,3190.348388671875,,unavailable in GeoTIFF; band index reported
scene_03-Z0330,6,113,3319.67919921875,,unavailable in GeoTIFF; band index reported
scene_03-Z0330,6,114,3318.3984375,,unavailable in GeoTIFF; band index reported
scene_03-Z0330,6,115,3213.4111328125,,unavailable in GeoTIFF; band index reported
scene_03-Z0330,6,116,3251.03515625,4677.793393838383,unavailable in GeoTIFF; band index reported
scene_03-Z0330,6,117,3324.012451171875,,unavailable in GeoTIFF; band index reported
scene_03-Z0330,6,118,3378.330810546875,,unavailable in GeoTIFF; band index reported
scene_03-Z0330,6,119,3392.70166015625,,unavailable in GeoTIFF; band index reported
scene_03-Z0330,6,120,3391.408447265625,,unavailable in GeoTIFF; band index reported
scene_03-Z0330,6,121,3415.463623046875,,unavailable in GeoTIFF; band index reported
scene_03-Z0330,6,122,3433.408447265625,,unavailable in GeoTIFF; band index reported
scene_03-Z0330,6,123,3454.796875,4967.6380986852755,unavailable in GeoTIFF; band index reported
scene_03-Z0330,6,124,3487.087646484375,,unavailable in GeoTIFF; band index reported
scene_03-Z0330,6,125,3512.030029296875,,unavailable in GeoTIFF; band index reported
scene_03-Z0330,6,126,3494.609130859375,,unavailable in GeoTIFF; band index reported
scene_03-Z0330,6,127,3502.558837890625,,unavailable in GeoTIFF; band index reported
scene_03-Z0330,6,128,3527.70166015625,,unavailable in GeoTIFF; band index reported
scene_03-Z0330,6,129,3521.122802734375,,unavailable in GeoTIFF; band index reported
scene_03-Z0330,6,130,3520.025146484375,5086.7792757717925,unavailable in GeoTIFF; band index reported
scene_03-Z0330,6,131,-32768.0,,unavailable in GeoTIFF; band index reported
scene_03-Z0330,6,132,-32768.0,,unavailable in GeoTIFF; band index reported
scene_03-Z0330,6,133,-32768.0,,unavailable in GeoTIFF; band index reported
scene_03-Z0330,6,134,-32768.0,,unavailable in GeoTIFF; band index reported
scene_03-Z0330,6,135,-32768.0,,unavailable in GeoTIFF; band index reported
scene_03-Z0330,6,136,3485.744384765625,,unavailable in GeoTIFF; band index reported
scene_03-Z0330,6,137,3534.100341796875,5204.827168773204,unavailable in GeoTIFF; band index reported
scene_03-Z0330,6,138,3427.175537109375,,unavailable in GeoTIFF; band index reported
scene_03-Z0330,6,139,3392.0,,unavailable in GeoTIFF; band index reported
scene_03-Z0330,6,140,3448.315673828125,,unavailable in GeoTIFF; band index reported
scene_03-Z0330,6,141,3510.463623046875,,unavailable in GeoTIFF; band index reported
scene_03-Z0330,6,142,3536.764404296875,,unavailable in GeoTIFF; band index reported
scene_03-Z0330,6,143,3537.23046875,,unavailable in GeoTIFF; band index reported
scene_03-Z0330,6,144,3541.315673828125,5174.908519314261,unavailable in GeoTIFF; band index reported
scene_03-Z0330,6,145,3548.654052734375,,unavailable in GeoTIFF; band index reported
scene_03-Z0330,6,146,3551.3359375,,unavailable in GeoTIFF; band index reported
scene_03-Z0330,6,147,3548.8896484375,,unavailable in GeoTIFF; band index reported
scene_03-Z0330,6,148,3540.498779296875,,unavailable in GeoTIFF; band index reported
scene_03-Z0330,6,149,3550.734375,,unavailable in GeoTIFF; band index reported
scene_03-Z0330,6,150,3545.804443359375,,unavailable in GeoTIFF; band index reported
scene_03-Z0330,6,151,3534.967529296875,,unavailable in GeoTIFF; band index reported
scene_03-Z0330,6,152,3529.824462890625,5207.279730866657,unavailable in GeoTIFF; band index reported
scene_03-Z0330,6,153,3525.609130859375,,unavailable in GeoTIFF; band index reported
scene_03-Z0330,6,154,3533.045166015625,,unavailable in GeoTIFF; band index reported
scene_03-Z0330,6,155,3522.796875,,unavailable in GeoTIFF; band index reported
scene_03-Z0330,6,156,3532.363525390625,,unavailable in GeoTIFF; band index reported
scene_03-Z0330,6,157,3520.451171875,,unavailable in GeoTIFF; band index reported
scene_03-Z0330,6,158,3515.233154296875,,unavailable in GeoTIFF; band index reported
scene_03-Z0330,6,159,3520.49365234375,5218.170802796563,unavailable in GeoTIFF; band index reported
scene_03-Z0330,6,160,3517.596435546875,,unavailable in GeoTIFF; band index reported
scene_03-Z0330,6,161,3510.691650390625,,unavailable in GeoTIFF; band index reported
scene_03-Z0330,6,162,3502.593994140625,,unavailable in GeoTIFF; band index reported
scene_03-Z0330,6,163,3502.363525390625,,unavailable in GeoTIFF; band index reported
scene_03-Z0330,6,164,3476.54638671875,,unavailable in GeoTIFF; band index reported
scene_03-Z0330,6,165,3446.197998046875,,unavailable in GeoTIFF; band index reported
scene_03-Z0330,6,166,3397.614013671875,5017.558409614325,unavailable in GeoTIFF; band index reported
scene_03-Z0330,6,167,2984.972412109375,,unavailable in GeoTIFF; band index reported
scene_03-Z0330,6,168,3156.24560546875,,unavailable in GeoTIFF; band index reported
scene_03-Z0330,6,169,3289.2607421875,,unavailable in GeoTIFF; band index reported
scene_03-Z0330,6,170,3180.17041015625,,unavailable in GeoTIFF; band index reported
scene_03-Z0330,6,171,2697.330810546875,,unavailable in GeoTIFF; band index reported
scene_03-Z0330,6,172,2828.160400390625,,unavailable in GeoTIFF; band index reported
scene_03-Z0330,6,173,3078.23046875,4714.966870138707,unavailable in GeoTIFF; band index reported
scene_03-Z0330,6,174,3310.47607421875,,unavailable in GeoTIFF; band index reported
scene_03-Z0330,6,175,3394.238037109375,,unavailable in GeoTIFF; band index reported
scene_03-Z0330,6,176,3301.47119140625,,unavailable in GeoTIFF; band index reported
scene_03-Z0330,6,177,3297.370849609375,,unavailable in GeoTIFF; band index reported
scene_03-Z0330,6,178,3280.674072265625,,unavailable in GeoTIFF; band index reported
scene_03-Z0330,6,179,3357.380859375,,unavailable in GeoTIFF; band index reported
scene_03-Z0330,6,180,3361.288330078125,5085.668420902481,unavailable in GeoTIFF; band index reported
scene_03-Z0330,6,181,3371.54638671875,,unavailable in GeoTIFF; band index reported
scene_03-Z0330,6,182,3388.115234375,,unavailable in GeoTIFF; band index reported
scene_03-Z0330,6,183,3376.849609375,,unavailable in GeoTIFF; band index reported
scene_03-Z0330,6,184,3375.012451171875,,unavailable in GeoTIFF; band index reported
scene_03-Z0330,6,185,3358.967529296875,,unavailable in GeoTIFF; band index reported
scene_03-Z0330,6,186,3334.01513671875,,unavailable in GeoTIFF; band index reported
scene_03-Z0330,6,187,3298.145263671875,,unavailable in GeoTIFF; band index reported
scene_03-Z0330,6,188,3248.571533203125,4936.611167278287,unavailable in GeoTIFF; band index reported
scene_03-Z0330,6,189,3192.98486328125,,unavailable in GeoTIFF; band index reported
scene_03-Z0330,6,190,3186.175537109375,,unavailable in GeoTIFF; band index reported
scene_03-Z0330,6,191,3165.250732421875,,unavailable in GeoTIFF; band index reported
scene_03-Z0330,6,192,3128.709228515625,,unavailable in GeoTIFF; band index reported
scene_03-Z0330,6,193,3042.974853515625,,unavailable in GeoTIFF; band index reported
scene_03-Z0330,6,194,2982.5439453125,,unavailable in GeoTIFF; band index reported
scene_03-Z0330,6,195,3058.912353515625,4626.353456753277,unavailable in GeoTIFF; band index reported
scene_03-Z0330,6,196,3114.859619140625,,unavailable in GeoTIFF; band index reported
scene_03-Z0330,6,197,3107.32080078125,,unavailable in GeoTIFF; band index reported
scene_03-Z0330,6,198,3091.929931640625,,unavailable in GeoTIFF; band index reported
scene_03-Z0330,6,199,3081.062744140625,,unavailable in GeoTIFF; band index reported
scene_03-Z0330,6,200,3086.899658203125,,unavailable in GeoTIFF; band index reported
scene_03-Z0330,6,201,3067.62646484375,,unavailable in GeoTIFF; band index reported
scene_03-Z0330,6,202,3060.180419921875,4652.886869525872,unavailable in GeoTIFF; band index reported
scene_03-Z0330,6,203,3055.58154296875,,unavailable in GeoTIFF; band index reported
scene_03-Z0330,6,204,3000.8271484375,,unavailable in GeoTIFF; band index reported
scene_03-Z0330,6,205,2950.6064453125,,unavailable in GeoTIFF; band index reported
scene_03-Z0330,6,206,2956.483642578125,,unavailable in GeoTIFF; band index reported
scene_03-Z0330,6,207,2942.045166015625,,unavailable in GeoTIFF; band index reported
scene_03-Z0330,6,208,2884.857177734375,,unavailable in GeoTIFF; band index reported
scene_03-Z0330,6,209,2907.070068359375,4382.918838235699,unavailable in GeoTIFF; band index reported
scene_03-Z0330,6,210,2873.98486328125,,unavailable in GeoTIFF; band index reported
scene_03-Z0330,6,211,2834.007568359375,,unavailable in GeoTIFF; band index reported
scene_03-Z0330,6,212,2816.73681640625,,unavailable in GeoTIFF; band index reported
scene_03-Z0330,6,213,2866.308349609375,,unavailable in GeoTIFF; band index reported
scene_03-Z0330,6,214,2827.69921875,,unavailable in GeoTIFF; band index reported
scene_03-Z0330,6,215,2793.315673828125,,unavailable in GeoTIFF; band index reported
scene_03-Z0330,6,216,2749.66162109375,4154.670029385061,unavailable in GeoTIFF; band index reported
scene_03-Z0330,6,217,2757.666748046875,,unavailable in GeoTIFF; band index reported
scene_03-Z0330,6,218,2771.989990234375,,unavailable in GeoTIFF; band index reported
scene_03-Z0330,6,219,2720.330810546875,,unavailable in GeoTIFF; band index reported
scene_03-Z0330,6,220,2660.486328125,,unavailable in GeoTIFF; band index reported
scene_03-Z0330,6,221,2652.90234375,,unavailable in GeoTIFF; band index reported
scene_03-Z0330,6,222,2722.21044921875,,unavailable in GeoTIFF; band index reported
scene_03-Z0330,6,223,2617.518798828125,,unavailable in GeoTIFF; band index reported
scene_03-Z0330,6,224,2657.365966796875,3909.195673012465,unavailable in GeoTIFF; band index reported
scene_03-Z0116,7,1,945.8148193359375,917.6137365335213,unavailable in GeoTIFF; band index reported
scene_03-Z0116,7,2,955.6666870117188,,unavailable in GeoTIFF; band index reported
scene_03-Z0116,7,3,1035.22216796875,,unavailable in GeoTIFF; band index reported
scene_03-Z0116,7,4,1096.4073486328125,,unavailable in GeoTIFF; band index reported
scene_03-Z0116,7,5,1156.2962646484375,,unavailable in GeoTIFF; band index reported
scene_03-Z0116,7,6,1204.5926513671875,,unavailable in GeoTIFF; band index reported
scene_03-Z0116,7,7,1226.0,,unavailable in GeoTIFF; band index reported
scene_03-Z0116,7,8,1256.77783203125,1232.959446205412,unavailable in GeoTIFF; band index reported
scene_03-Z0116,7,9,1284.22216796875,,unavailable in GeoTIFF; band index reported
scene_03-Z0116,7,10,1309.111083984375,,unavailable in GeoTIFF; band index reported
scene_03-Z0116,7,11,1325.5926513671875,,unavailable in GeoTIFF; band index reported
scene_03-Z0116,7,12,1332.3333740234375,,unavailable in GeoTIFF; band index reported
scene_03-Z0116,7,13,1370.4073486328125,,unavailable in GeoTIFF; band index reported
scene_03-Z0116,7,14,1401.25927734375,,unavailable in GeoTIFF; band index reported
scene_03-Z0116,7,15,1433.2962646484375,1427.1588311623464,unavailable in GeoTIFF; band index reported
scene_03-Z0116,7,16,1485.22216796875,,unavailable in GeoTIFF; band index reported
scene_03-Z0116,7,17,1523.2962646484375,,unavailable in GeoTIFF; band index reported
scene_03-Z0116,7,18,1578.629638671875,,unavailable in GeoTIFF; band index reported
scene_03-Z0116,7,19,1628.4814453125,,unavailable in GeoTIFF; band index reported
scene_03-Z0116,7,20,1682.111083984375,,unavailable in GeoTIFF; band index reported
scene_03-Z0116,7,21,1754.3333740234375,,unavailable in GeoTIFF; band index reported
scene_03-Z0116,7,22,1820.9259033203125,1814.298623453446,unavailable in GeoTIFF; band index reported
scene_03-Z0116,7,23,1868.9259033203125,,unavailable in GeoTIFF; band index reported
scene_03-Z0116,7,24,1935.1851806640625,,unavailable in GeoTIFF; band index reported
scene_03-Z0116,7,25,2005.5555419921875,,unavailable in GeoTIFF; band index reported
scene_03-Z0116,7,26,2084.814697265625,,unavailable in GeoTIFF; band index reported
scene_03-Z0116,7,27,2155.70361328125,,unavailable in GeoTIFF; band index reported
scene_03-Z0116,7,28,2230.148193359375,,unavailable in GeoTIFF; band index reported
scene_03-Z0116,7,29,2311.111083984375,2375.799164006372,unavailable in GeoTIFF; band index reported
scene_03-Z0116,7,30,2394.851806640625,,unavailable in GeoTIFF; band index reported
scene_03-Z0116,7,31,2471.370361328125,,unavailable in GeoTIFF; band index reported
scene_03-Z0116,7,32,2547.25927734375,,unavailable in GeoTIFF; band index reported
scene_03-Z0116,7,33,2610.629638671875,,unavailable in GeoTIFF; band index reported
scene_03-Z0116,7,34,2684.814697265625,,unavailable in GeoTIFF; band index reported
scene_03-Z0116,7,35,2751.5556640625,,unavailable in GeoTIFF; band index reported
scene_03-Z0116,7,36,2807.851806640625,3040.8869943239424,unavailable in GeoTIFF; band index reported
scene_03-Z0116,7,37,2861.370361328125,,unavailable in GeoTIFF; band index reported
scene_03-Z0116,7,38,2903.74072265625,,unavailable in GeoTIFF; band index reported
scene_03-Z0116,7,39,2938.5556640625,,unavailable in GeoTIFF; band index reported
scene_03-Z0116,7,40,2969.29638671875,,unavailable in GeoTIFF; band index reported
scene_03-Z0116,7,41,3004.185302734375,,unavailable in GeoTIFF; band index reported
scene_03-Z0116,7,42,3031.073974609375,,unavailable in GeoTIFF; band index reported
scene_03-Z0116,7,43,3037.74072265625,,unavailable in GeoTIFF; band index reported
scene_03-Z0116,7,44,3074.148193359375,3431.7894504680403,unavailable in GeoTIFF; band index reported
scene_03-Z0116,7,45,3123.29638671875,,unavailable in GeoTIFF; band index reported
scene_03-Z0116,7,46,3145.74072265625,,unavailable in GeoTIFF; band index reported
scene_03-Z0116,7,47,3166.29638671875,,unavailable in GeoTIFF; band index reported
scene_03-Z0116,7,48,3188.073974609375,,unavailable in GeoTIFF; band index reported
scene_03-Z0116,7,49,3199.70361328125,,unavailable in GeoTIFF; band index reported
scene_03-Z0116,7,50,3205.666748046875,,unavailable in GeoTIFF; band index reported
scene_03-Z0116,7,51,3277.629638671875,3702.024280673652,unavailable in GeoTIFF; band index reported
scene_03-Z0116,7,52,3305.148193359375,,unavailable in GeoTIFF; band index reported
scene_03-Z0116,7,53,3334.851806640625,,unavailable in GeoTIFF; band index reported
scene_03-Z0116,7,54,3324.77783203125,,unavailable in GeoTIFF; band index reported
scene_03-Z0116,7,55,3345.962890625,,unavailable in GeoTIFF; band index reported
scene_03-Z0116,7,56,3430.5185546875,,unavailable in GeoTIFF; band index reported
scene_03-Z0116,7,57,3491.370361328125,,unavailable in GeoTIFF; band index reported
scene_03-Z0116,7,58,3479.962890625,3981.115175913357,unavailable in GeoTIFF; band index reported
scene_03-Z0116,7,59,3475.962890625,,unavailable in GeoTIFF; band index reported
scene_03-Z0116,7,60,3446.77783203125,,unavailable in GeoTIFF; band index reported
scene_03-Z0116,7,61,3486.29638671875,,unavailable in GeoTIFF; band index reported
scene_03-Z0116,7,62,3408.185302734375,,unavailable in GeoTIFF; band index reported
scene_03-Z0116,7,63,3580.888916015625,,unavailable in GeoTIFF; band index reported
scene_03-Z0116,7,64,3581.148193359375,,unavailable in GeoTIFF; band index reported
scene_03-Z0116,7,65,3587.037109375,4133.666035386364,unavailable in GeoTIFF; band index reported
scene_03-Z0116,7,66,3614.333251953125,,unavailable in GeoTIFF; band index reported
scene_03-Z0116,7,67,3601.370361328125,,unavailable in GeoTIFF; band index reported
scene_03-Z0116,7,68,3641.370361328125,,unavailable in GeoTIFF; band index reported
scene_03-Z0116,7,69,3656.962890625,,unavailable in GeoTIFF; band index reported
scene_03-Z0116,7,70,3688.851806640625,,unavailable in GeoTIFF; band index reported
scene_03-Z0116,7,71,3648.407470703125,,unavailable in GeoTIFF; band index reported
scene_03-Z0116,7,72,3638.111083984375,4196.8222619093885,unavailable in GeoTIFF; band index reported
scene_03-Z0116,7,73,3630.5556640625,,unavailable in GeoTIFF; band index reported
scene_03-Z0116,7,74,3657.407470703125,,unavailable in GeoTIFF; band index reported
scene_03-Z0116,7,75,3607.74072265625,,unavailable in GeoTIFF; band index reported
scene_03-Z0116,7,76,3673.185302734375,,unavailable in GeoTIFF; band index reported
scene_03-Z0116,7,77,3613.148193359375,,unavailable in GeoTIFF; band index reported
scene_03-Z0116,7,78,3595.370361328125,,unavailable in GeoTIFF; band index reported
scene_03-Z0116,7,79,3659.851806640625,,unavailable in GeoTIFF; band index reported
scene_03-Z0116,7,80,3615.148193359375,4211.755377965227,unavailable in GeoTIFF; band index reported
scene_03-Z0116,7,81,3586.333251953125,,unavailable in GeoTIFF; band index reported
scene_03-Z0116,7,82,3598.962890625,,unavailable in GeoTIFF; band index reported
scene_03-Z0116,7,83,3550.5185546875,,unavailable in GeoTIFF; band index reported
scene_03-Z0116,7,84,3372.148193359375,,unavailable in GeoTIFF; band index reported
scene_03-Z0116,7,85,3637.888916015625,,unavailable in GeoTIFF; band index reported
scene_03-Z0116,7,86,3443.25927734375,,unavailable in GeoTIFF; band index reported
scene_03-Z0116,7,87,3532.037109375,4088.820487454532,unavailable in GeoTIFF; band index reported
scene_03-Z0116,7,88,3672.333251953125,,unavailable in GeoTIFF; band index reported
scene_03-Z0116,7,89,3704.0,,unavailable in GeoTIFF; band index reported
scene_03-Z0116,7,90,3829.74072265625,,unavailable in GeoTIFF; band index reported
scene_03-Z0116,7,91,3617.77783203125,,unavailable in GeoTIFF; band index reported
scene_03-Z0116,7,92,3676.592529296875,,unavailable in GeoTIFF; band index reported
scene_03-Z0116,7,93,3511.333251953125,,unavailable in GeoTIFF; band index reported
scene_03-Z0116,7,94,3574.74072265625,4228.699613463889,unavailable in GeoTIFF; band index reported
scene_03-Z0116,7,95,3591.814697265625,,unavailable in GeoTIFF; band index reported
scene_03-Z0116,7,96,3656.407470703125,,unavailable in GeoTIFF; band index reported
scene_03-Z0116,7,97,3620.25927734375,,unavailable in GeoTIFF; band index reported
scene_03-Z0116,7,98,3656.5185546875,,unavailable in GeoTIFF; band index reported
scene_03-Z0116,7,99,3617.185302734375,,unavailable in GeoTIFF; band index reported
scene_03-Z0116,7,100,3677.666748046875,,unavailable in GeoTIFF; band index reported
scene_03-Z0116,7,101,3600.22216796875,4252.979533319639,unavailable in GeoTIFF; band index reported
scene_03-Z0116,7,102,3688.74072265625,,unavailable in GeoTIFF; band index reported
scene_03-Z0116,7,103,3699.5556640625,,unavailable in GeoTIFF; band index reported
scene_03-Z0116,7,104,3709.814697265625,,unavailable in GeoTIFF; band index reported
scene_03-Z0116,7,105,3719.073974609375,,unavailable in GeoTIFF; band index reported
scene_03-Z0116,7,106,3722.851806640625,,unavailable in GeoTIFF; band index reported
scene_03-Z0116,7,107,3742.111083984375,,unavailable in GeoTIFF; band index reported
scene_03-Z0116,7,108,3763.888916015625,4514.447144310745,unavailable in GeoTIFF; band index reported
scene_03-Z0116,7,109,3769.148193359375,,unavailable in GeoTIFF; band index reported
scene_03-Z0116,7,110,3806.29638671875,,unavailable in GeoTIFF; band index reported
scene_03-Z0116,7,111,3825.926025390625,,unavailable in GeoTIFF; band index reported
scene_03-Z0116,7,112,3790.5556640625,,unavailable in GeoTIFF; band index reported
scene_03-Z0116,7,113,3937.74072265625,,unavailable in GeoTIFF; band index reported
scene_03-Z0116,7,114,3930.851806640625,,unavailable in GeoTIFF; band index reported
scene_03-Z0116,7,115,3760.073974609375,,unavailable in GeoTIFF; band index reported
scene_03-Z0116,7,116,3801.77783203125,4677.793393838383,unavailable in GeoTIFF; band index reported
scene_03-Z0116,7,117,3889.592529296875,,unavailable in GeoTIFF; band index reported
scene_03-Z0116,7,118,3941.25927734375,,unavailable in GeoTIFF; band index reported
scene_03-Z0116,7,119,3955.111083984375,,unavailable in GeoTIFF; band index reported
scene_03-Z0116,7,120,3941.4814453125,,unavailable in GeoTIFF; band index reported
scene_03-Z0116,7,121,3961.25927734375,,unavailable in GeoTIFF; band index reported
scene_03-Z0116,7,122,3969.4443359375,,unavailable in GeoTIFF; band index reported
scene_03-Z0116,7,123,3982.77783203125,4967.6380986852755,unavailable in GeoTIFF; band index reported
scene_03-Z0116,7,124,4013.851806640625,,unavailable in GeoTIFF; band index reported
scene_03-Z0116,7,125,4022.0,,unavailable in GeoTIFF; band index reported
scene_03-Z0116,7,126,4003.629638671875,,unavailable in GeoTIFF; band index reported
scene_03-Z0116,7,127,4002.851806640625,,unavailable in GeoTIFF; band index reported
scene_03-Z0116,7,128,4018.5185546875,,unavailable in GeoTIFF; band index reported
scene_03-Z0116,7,129,4022.851806640625,,unavailable in GeoTIFF; band index reported
scene_03-Z0116,7,130,4017.0,5086.7792757717925,unavailable in GeoTIFF; band index reported
scene_03-Z0116,7,131,-32768.0,,unavailable in GeoTIFF; band index reported
scene_03-Z0116,7,132,-32768.0,,unavailable in GeoTIFF; band index reported
scene_03-Z0116,7,133,-32768.0,,unavailable in GeoTIFF; band index reported
scene_03-Z0116,7,134,-32768.0,,unavailable in GeoTIFF; band index reported
scene_03-Z0116,7,135,-32768.0,,unavailable in GeoTIFF; band index reported
scene_03-Z0116,7,136,3858.926025390625,,unavailable in GeoTIFF; band index reported
scene_03-Z0116,7,137,4043.70361328125,5204.827168773204,unavailable in GeoTIFF; band index reported
scene_03-Z0116,7,138,3903.148193359375,,unavailable in GeoTIFF; band index reported
scene_03-Z0116,7,139,3847.333251953125,,unavailable in GeoTIFF; band index reported
scene_03-Z0116,7,140,3901.4443359375,,unavailable in GeoTIFF; band index reported
scene_03-Z0116,7,141,3954.0,,unavailable in GeoTIFF; band index reported
scene_03-Z0116,7,142,3986.70361328125,,unavailable in GeoTIFF; band index reported
scene_03-Z0116,7,143,3988.926025390625,,unavailable in GeoTIFF; band index reported
scene_03-Z0116,7,144,3989.70361328125,5174.908519314261,unavailable in GeoTIFF; band index reported
scene_03-Z0116,7,145,3997.5185546875,,unavailable in GeoTIFF; band index reported
scene_03-Z0116,7,146,3999.370361328125,,unavailable in GeoTIFF; band index reported
scene_03-Z0116,7,147,3991.22216796875,,unavailable in GeoTIFF; band index reported
scene_03-Z0116,7,148,3986.4814453125,,unavailable in GeoTIFF; band index reported
scene_03-Z0116,7,149,3990.25927734375,,unavailable in GeoTIFF; band index reported
scene_03-Z0116,7,150,3989.851806640625,,unavailable in GeoTIFF; band index reported
scene_03-Z0116,7,151,3983.5556640625,,unavailable in GeoTIFF; band index reported
scene_03-Z0116,7,152,3978.111083984375,5207.279730866657,unavailable in GeoTIFF; band index reported
scene_03-Z0116,7,153,3962.962890625,,unavailable in GeoTIFF; band index reported
scene_03-Z0116,7,154,3973.70361328125,,unavailable in GeoTIFF; band index reported
scene_03-Z0116,7,155,3970.888916015625,,unavailable in GeoTIFF; band index reported
scene_03-Z0116,7,156,3971.5556640625,,unavailable in GeoTIFF; band index reported
scene_03-Z0116,7,157,3961.25927734375,,unavailable in GeoTIFF; band index reported
scene_03-Z0116,7,158,3958.4814453125,,unavailable in GeoTIFF; band index reported
scene_03-Z0116,7,159,3959.5185546875,5218.170802796563,unavailable in GeoTIFF; band index reported
scene_03-Z0116,7,160,3963.29638671875,,unavailable in GeoTIFF; band index reported
scene_03-Z0116,7,161,3938.5185546875,,unavailable in GeoTIFF; band index reported
scene_03-Z0116,7,162,3936.5185546875,,unavailable in GeoTIFF; band index reported
scene_03-Z0116,7,163,3945.70361328125,,unavailable in GeoTIFF; band index reported
scene_03-Z0116,7,164,3905.4814453125,,unavailable in GeoTIFF; band index reported
scene_03-Z0116,7,165,3889.370361328125,,unavailable in GeoTIFF; band index reported
scene_03-Z0116,7,166,3811.22216796875,5017.558409614325,unavailable in GeoTIFF; band index reported
scene_03-Z0116,7,167,3361.4443359375,,unavailable in GeoTIFF; band index reported
scene_03-Z0116,7,168,3544.77783203125,,unavailable in GeoTIFF; band index reported
scene_03-Z0116,7,169,3696.29638671875,,unavailable in GeoTIFF; band index reported
scene_03-Z0116,7,170,3528.333251953125,,unavailable in GeoTIFF; band index reported
scene_03-Z0116,7,171,3027.185302734375,,unavailable in GeoTIFF; band index reported
scene_03-Z0116,7,172,3185.148193359375,,unavailable in GeoTIFF; band index reported
scene_03-Z0116,7,173,3507.926025390625,4714.966870138707,unavailable in GeoTIFF; band index reported
scene_03-Z0116,7,174,3726.666748046875,,unavailable in GeoTIFF; band index reported
scene_03-Z0116,7,175,3820.629638671875,,unavailable in GeoTIFF; band index reported
scene_03-Z0116,7,176,3703.5185546875,,unavailable in GeoTIFF; band index reported
scene_03-Z0116,7,177,3720.629638671875,,unavailable in GeoTIFF; band index reported
scene_03-Z0116,7,178,3710.592529296875,,unavailable in GeoTIFF; band index reported
scene_03-Z0116,7,179,3801.25927734375,,unavailable in GeoTIFF; band index reported
scene_03-Z0116,7,180,3790.370361328125,5085.668420902481,unavailable in GeoTIFF; band index reported
scene_03-Z0116,7,181,3792.851806640625,,unavailable in GeoTIFF; band index reported
scene_03-Z0116,7,182,3813.666748046875,,unavailable in GeoTIFF; band index reported
scene_03-Z0116,7,183,3823.111083984375,,unavailable in GeoTIFF; band index reported
scene_03-Z0116,7,184,3798.851806640625,,unavailable in GeoTIFF; band index reported
scene_03-Z0116,7,185,3793.25927734375,,unavailable in GeoTIFF; band index reported
scene_03-Z0116,7,186,3777.629638671875,,unavailable in GeoTIFF; band index reported
scene_03-Z0116,7,187,3744.073974609375,,unavailable in GeoTIFF; band index reported
scene_03-Z0116,7,188,3706.5556640625,4936.611167278287,unavailable in GeoTIFF; band index reported
scene_03-Z0116,7,189,3653.25927734375,,unavailable in GeoTIFF; band index reported
scene_03-Z0116,7,190,3629.4443359375,,unavailable in GeoTIFF; band index reported
scene_03-Z0116,7,191,3596.814697265625,,unavailable in GeoTIFF; band index reported
scene_03-Z0116,7,192,3559.4814453125,,unavailable in GeoTIFF; band index reported
scene_03-Z0116,7,193,3483.333251953125,,unavailable in GeoTIFF; band index reported
scene_03-Z0116,7,194,3447.74072265625,,unavailable in GeoTIFF; band index reported
scene_03-Z0116,7,195,3501.5185546875,4626.353456753277,unavailable in GeoTIFF; band index reported
scene_03-Z0116,7,196,3528.370361328125,,unavailable in GeoTIFF; band index reported
scene_03-Z0116,7,197,3534.148193359375,,unavailable in GeoTIFF; band index reported
scene_03-Z0116,7,198,3511.111083984375,,unavailable in GeoTIFF; band index reported
scene_03-Z0116,7,199,3494.0,,unavailable in GeoTIFF; band index reported
scene_03-Z0116,7,200,3490.70361328125,,unavailable in GeoTIFF; band index reported
scene_03-Z0116,7,201,3485.29638671875,,unavailable in GeoTIFF; band index reported
scene_03-Z0116,7,202,3477.5185546875,4652.886869525872,unavailable in GeoTIFF; band index reported
scene_03-Z0116,7,203,3453.962890625,,unavailable in GeoTIFF; band index reported
scene_03-Z0116,7,204,3394.5556640625,,unavailable in GeoTIFF; band index reported
scene_03-Z0116,7,205,3347.22216796875,,unavailable in GeoTIFF; band index reported
scene_03-Z0116,7,206,3353.592529296875,,unavailable in GeoTIFF; band index reported
scene_03-Z0116,7,207,3305.629638671875,,unavailable in GeoTIFF; band index reported
scene_03-Z0116,7,208,3261.185302734375,,unavailable in GeoTIFF; band index reported
scene_03-Z0116,7,209,3263.29638671875,4382.918838235699,unavailable in GeoTIFF; band index reported
scene_03-Z0116,7,210,3208.407470703125,,unavailable in GeoTIFF; band index reported
scene_03-Z0116,7,211,3166.407470703125,,unavailable in GeoTIFF; band index reported
scene_03-Z0116,7,212,3189.926025390625,,unavailable in GeoTIFF; band index reported
scene_03-Z0116,7,213,3254.77783203125,,unavailable in GeoTIFF; band index reported
scene_03-Z0116,7,214,3220.926025390625,,unavailable in GeoTIFF; band index reported
scene_03-Z0116,7,215,3207.592529296875,,unavailable in GeoTIFF; band index reported
scene_03-Z0116,7,216,3165.370361328125,4154.670029385061,unavailable in GeoTIFF; band index reported
scene_03-Z0116,7,217,3185.629638671875,,unavailable in GeoTIFF; band index reported
scene_03-Z0116,7,218,3181.70361328125,,unavailable in GeoTIFF; band index reported
scene_03-Z0116,7,219,3131.148193359375,,unavailable in GeoTIFF; band index reported
scene_03-Z0116,7,220,3043.25927734375,,unavailable in GeoTIFF; band index reported
scene_03-Z0116,7,221,3073.29638671875,,unavailable in GeoTIFF; band index reported
scene_03-Z0116,7,222,3112.370361328125,,unavailable in GeoTIFF; band index reported
scene_03-Z0116,7,223,3068.70361328125,,unavailable in GeoTIFF; band index reported
scene_03-Z0116,7,224,3007.888916015625,3909.195673012465,unavailable in GeoTIFF; band index reported
scene_03-Z0042,8,1,687.2161865234375,917.6137365335213,unavailable in GeoTIFF; band index reported
scene_03-Z0042,8,2,706.4459228515625,,unavailable in GeoTIFF; band index reported
scene_03-Z0042,8,3,734.310791015625,,unavailable in GeoTIFF; band index reported
scene_03-Z0042,8,4,765.04052734375,,unavailable in GeoTIFF; band index reported
scene_03-Z0042,8,5,807.6080932617188,,unavailable in GeoTIFF; band index reported
scene_03-Z0042,8,6,823.0810546875,,unavailable in GeoTIFF; band index reported
scene_03-Z0042,8,7,857.689208984375,,unavailable in GeoTIFF; band index reported
scene_03-Z0042,8,8,881.5810546875,1232.959446205412,unavailable in GeoTIFF; band index reported
scene_03-Z0042,8,9,893.7838134765625,,unavailable in GeoTIFF; band index reported
scene_03-Z0042,8,10,912.3648681640625,,unavailable in GeoTIFF; band index reported
scene_03-Z0042,8,11,925.6216430664062,,unavailable in GeoTIFF; band index reported
scene_03-Z0042,8,12,933.0,,unavailable in GeoTIFF; band index reported
scene_03-Z0042,8,13,951.45947265625,,unavailable in GeoTIFF; band index reported
scene_03-Z0042,8,14,981.310791015625,,unavailable in GeoTIFF; band index reported
scene_03-Z0042,8,15,1003.2161865234375,1427.1588311623464,unavailable in GeoTIFF; band index reported
scene_03-Z0042,8,16,1025.851318359375,,unavailable in GeoTIFF; band index reported
scene_03-Z0042,8,17,1049.45947265625,,unavailable in GeoTIFF; band index reported
scene_03-Z0042,8,18,1079.0269775390625,,unavailable in GeoTIFF; band index reported
scene_03-Z0042,8,19,1108.6756591796875,,unavailable in GeoTIFF; band index reported
scene_03-Z0042,8,20,1140.662109375,,unavailable in GeoTIFF; band index reported
scene_03-Z0042,8,21,1172.189208984375,,unavailable in GeoTIFF; band index reported
scene_03-Z0042,8,22,1211.45947265625,1814.298623453446,unavailable in GeoTIFF; band index reported
scene_03-Z0042,8,23,1246.391845703125,,unavailable in GeoTIFF; band index reported
scene_03-Z0042,8,24,1285.9053955078125,,unavailable in GeoTIFF; band index reported
scene_03-Z0042,8,25,1334.6351318359375,,unavailable in GeoTIFF; band index reported
scene_03-Z0042,8,26,1382.648681640625,,unavailable in GeoTIFF; band index reported
scene_03-Z0042,8,27,1429.770263671875,,unavailable in GeoTIFF; band index reported
scene_03-Z0042,8,28,1480.5,,unavailable in GeoTIFF; band index reported
scene_03-Z0042,8,29,1533.9864501953125,2375.799164006372,unavailable in GeoTIFF; band index reported
scene_03-Z0042,8,30,1589.310791015625,,unavailable in GeoTIFF; band index reported
scene_03-Z0042,8,31,1655.148681640625,,unavailable in GeoTIFF; band index reported
scene_03-Z0042,8,32,1710.108154296875,,unavailable in GeoTIFF; band index reported
scene_03-Z0042,8,33,1753.8243408203125,,unavailable in GeoTIFF; band index reported
scene_03-Z0042,8,34,1820.0,,unavailable in GeoTIFF; band index reported
scene_03-Z0042,8,35,1868.3243408203125,,unavailable in GeoTIFF; band index reported
scene_03-Z0042,8,36,1912.0135498046875,3040.8869943239424,unavailable in GeoTIFF; band index reported
scene_03-Z0042,8,37,1960.4730224609375,,unavailable in GeoTIFF; band index reported
scene_03-Z0042,8,38,1996.310791015625,,unavailable in GeoTIFF; band index reported
scene_03-Z0042,8,39,2029.0,,unavailable in GeoTIFF; band index reported
scene_03-Z0042,8,40,2050.67578125,,unavailable in GeoTIFF; band index reported
scene_03-Z0042,8,41,2090.108154296875,,unavailable in GeoTIFF; band index reported
scene_03-Z0042,8,42,2116.71630859375,,unavailable in GeoTIFF; band index reported
scene_03-Z0042,8,43,2130.027099609375,,unavailable in GeoTIFF; band index reported
scene_03-Z0042,8,44,2163.12158203125,3431.7894504680403,unavailable in GeoTIFF; band index reported
scene_03-Z0042,8,45,2201.36474609375,,unavailable in GeoTIFF; band index reported
scene_03-Z0042,8,46,2227.905517578125,,unavailable in GeoTIFF; band index reported
scene_03-Z0042,8,47,2244.229736328125,,unavailable in GeoTIFF; band index reported
scene_03-Z0042,8,48,2274.37841796875,,unavailable in GeoTIFF; band index reported
scene_03-Z0042,8,49,2294.986572265625,,unavailable in GeoTIFF; band index reported
scene_03-Z0042,8,50,2302.36474609375,,unavailable in GeoTIFF; band index reported
scene_03-Z0042,8,51,2367.5,3702.024280673652,unavailable in GeoTIFF; band index reported
scene_03-Z0042,8,52,2374.63525390625,,unavailable in GeoTIFF; band index reported
scene_03-Z0042,8,53,2409.17578125,,unavailable in GeoTIFF; band index reported
scene_03-Z0042,8,54,2421.932373046875,,unavailable in GeoTIFF; band index reported
scene_03-Z0042,8,55,2450.9189453125,,unavailable in GeoTIFF; band index reported
scene_03-Z0042,8,56,2516.4189453125,,unavailable in GeoTIFF; band index reported
scene_03-Z0042,8,57,2555.36474609375,,unavailable in GeoTIFF; band index reported
scene_03-Z0042,8,58,2561.108154296875,3981.115175913357,unavailable in GeoTIFF; band index reported
scene_03-Z0042,8,59,2581.013427734375,,unavailable in GeoTIFF; band index reported
scene_03-Z0042,8,60,2584.148681640625,,unavailable in GeoTIFF; band index reported
scene_03-Z0042,8,61,2669.7568359375,,unavailable in GeoTIFF; band index reported
scene_03-Z0042,8,62,2480.79736328125,,unavailable in GeoTIFF; band index reported
scene_03-Z0042,8,63,2677.351318359375,,unavailable in GeoTIFF; band index reported
scene_03-Z0042,8,64,2722.810791015625,,unavailable in GeoTIFF; band index reported
scene_03-Z0042,8,65,2753.0810546875,4133.666035386364,unavailable in GeoTIFF; band index reported
scene_03-Z0042,8,66,2773.95947265625,,unavailable in GeoTIFF; band index reported
scene_03-Z0042,8,67,2792.189208984375,,unavailable in GeoTIFF; band index reported
scene_03-Z0042,8,68,2829.594482421875,,unavailable in GeoTIFF; band index reported
scene_03-Z0042,8,69,2863.986572265625,,unavailable in GeoTIFF; band index reported
scene_03-Z0042,8,70,2857.5810546875,,unavailable in GeoTIFF; band index reported
scene_03-Z0042,8,71,2866.567626953125,,unavailable in GeoTIFF; band index reported
scene_03-Z0042,8,72,2850.689208984375,4196.8222619093885,unavailable in GeoTIFF; band index reported
scene_03-Z0042,8,73,2884.79736328125,,unavailable in GeoTIFF; band index reported
scene_03-Z0042,8,74,2877.7431640625,,unavailable in GeoTIFF; band index reported
scene_03-Z0042,8,75,2885.04052734375,,unavailable in GeoTIFF; band index reported
scene_03-Z0042,8,76,2919.148681640625,,unavailable in GeoTIFF; band index reported
scene_03-Z0042,8,77,2896.82421875,,unavailable in GeoTIFF; band index reported
scene_03-Z0042,8,78,2944.689208984375,,unavailable in GeoTIFF; band index reported
scene_03-Z0042,8,79,2982.28369140625,,unavailable in GeoTIFF; band index reported
scene_03-Z0042,8,80,2987.7568359375,4211.755377965227,unavailable in GeoTIFF; band index reported
scene_03-Z0042,8,81,2949.62158203125,,unavailable in GeoTIFF; band index reported
scene_03-Z0042,8,82,2985.67578125,,unavailable in GeoTIFF; band index reported
scene_03-Z0042,8,83,2913.67578125,,unavailable in GeoTIFF; band index reported
scene_03-Z0042,8,84,2791.594482421875,,unavailable in GeoTIFF; band index reported
scene_03-Z0042,8,85,3028.810791015625,,unavailable in GeoTIFF; band index reported
scene_03-Z0042,8,86,2929.28369140625,,unavailable in GeoTIFF; band index reported
scene_03-Z0042,8,87,2901.527099609375,4088.820487454532,unavailable in GeoTIFF; band index reported
scene_03-Z0042,8,88,3080.148681640625,,unavailable in GeoTIFF; band index reported
scene_03-Z0042,8,89,3123.54052734375,,unavailable in GeoTIFF; band index reported
scene_03-Z0042,8,90,3136.37841796875,,unavailable in GeoTIFF; band index reported
scene_03-Z0042,8,91,3078.053955078125,,unavailable in GeoTIFF; band index reported
scene_03-Z0042,8,92,3040.7431640625,,unavailable in GeoTIFF; band index reported
scene_03-Z0042,8,93,2950.62158203125,,unavailable in GeoTIFF; band index reported
scene_03-Z0042,8,94,3081.70263671875,4228.699613463889,unavailable in GeoTIFF; band index reported
scene_03-Z0042,8,95,3025.689208984375,,unavailable in GeoTIFF; band index reported
scene_03-Z0042,8,96,3126.310791015625,,unavailable in GeoTIFF; band index reported
scene_03-Z0042,8,97,3070.689208984375,,unavailable in GeoTIFF; band index reported
scene_03-Z0042,8,98,3152.13525390625,,unavailable in GeoTIFF; band index reported
scene_03-Z0042,8,99,3094.594482421875,,unavailable in GeoTIFF; band index reported
scene_03-Z0042,8,100,3169.689208984375,,unavailable in GeoTIFF; band index reported
scene_03-Z0042,8,101,3079.810791015625,4252.979533319639,unavailable in GeoTIFF; band index reported
scene_03-Z0042,8,102,3188.972900390625,,unavailable in GeoTIFF; band index reported
scene_03-Z0042,8,103,3215.986572265625,,unavailable in GeoTIFF; band index reported
scene_03-Z0042,8,104,3233.553955078125,,unavailable in GeoTIFF; band index reported
scene_03-Z0042,8,105,3249.82421875,,unavailable in GeoTIFF; band index reported
scene_03-Z0042,8,106,3263.82421875,,unavailable in GeoTIFF; band index reported
scene_03-Z0042,8,107,3291.12158203125,,unavailable in GeoTIFF; band index reported
scene_03-Z0042,8,108,3321.04052734375,4514.447144310745,unavailable in GeoTIFF; band index reported
scene_03-Z0042,8,109,3340.04052734375,,unavailable in GeoTIFF; band index reported
scene_03-Z0042,8,110,3372.5,,unavailable in GeoTIFF; band index reported
scene_03-Z0042,8,111,3397.17578125,,unavailable in GeoTIFF; band index reported
scene_03-Z0042,8,112,3327.472900390625,,unavailable in GeoTIFF; band index reported
scene_03-Z0042,8,113,3564.729736328125,,unavailable in GeoTIFF; band index reported
scene_03-Z0042,8,114,3546.78369140625,,unavailable in GeoTIFF; band index reported
scene_03-Z0042,8,115,3498.486572265625,,unavailable in GeoTIFF; band index reported
scene_03-Z0042,8,116,3525.4189453125,4677.793393838383,unavailable in GeoTIFF; band index reported
scene_03-Z0042,8,117,3574.053955078125,,unavailable in GeoTIFF; band index reported
scene_03-Z0042,8,118,3638.567626953125,,unavailable in GeoTIFF; band index reported
scene_03-Z0042,8,119,3652.13525390625,,unavailable in GeoTIFF; band index reported
scene_03-Z0042,8,120,3665.770263671875,,unavailable in GeoTIFF; band index reported
scene_03-Z0042,8,121,3685.5810546875,,unavailable in GeoTIFF; band index reported
scene_03-Z0042,8,122,3695.905517578125,,unavailable in GeoTIFF; band index reported
scene_03-Z0042,8,123,3719.446044921875,4967.6380986852755,unavailable in GeoTIFF; band index reported
scene_03-Z0042,8,124,3754.337890625,,unavailable in GeoTIFF; band index reported
scene_03-Z0042,8,125,3823.108154296875,,unavailable in GeoTIFF; band index reported
scene_03-Z0042,8,126,3787.027099609375,,unavailable in GeoTIFF; band index reported
scene_03-Z0042,8,127,3757.094482421875,,unavailable in GeoTIFF; band index reported
scene_03-Z0042,8,128,3760.729736328125,,unavailable in GeoTIFF; band index reported
scene_03-Z0042,8,129,3746.79736328125,,unavailable in GeoTIFF; band index reported
scene_03-Z0042,8,130,3720.027099609375,5086.7792757717925,unavailable in GeoTIFF; band index reported
scene_03-Z0042,8,131,-32768.0,,unavailable in GeoTIFF; band index reported
scene_03-Z0042,8,132,-32768.0,,unavailable in GeoTIFF; band index reported
scene_03-Z0042,8,133,-32768.0,,unavailable in GeoTIFF; band index reported
scene_03-Z0042,8,134,-32768.0,,unavailable in GeoTIFF; band index reported
scene_03-Z0042,8,135,-32768.0,,unavailable in GeoTIFF; band index reported
scene_03-Z0042,8,136,3946.013427734375,,unavailable in GeoTIFF; band index reported
scene_03-Z0042,8,137,3955.71630859375,5204.827168773204,unavailable in GeoTIFF; band index reported
scene_03-Z0042,8,138,3936.63525390625,,unavailable in GeoTIFF; band index reported
scene_03-Z0042,8,139,3945.2431640625,,unavailable in GeoTIFF; band index reported
scene_03-Z0042,8,140,3979.337890625,,unavailable in GeoTIFF; band index reported
scene_03-Z0042,8,141,4017.432373046875,,unavailable in GeoTIFF; band index reported
scene_03-Z0042,8,142,4042.486572265625,,unavailable in GeoTIFF; band index reported
scene_03-Z0042,8,143,4045.446044921875,,unavailable in GeoTIFF; band index reported
scene_03-Z0042,8,144,4054.094482421875,5174.908519314261,unavailable in GeoTIFF; band index reported
scene_03-Z0042,8,145,4073.86474609375,,unavailable in GeoTIFF; band index reported
scene_03-Z0042,8,146,4069.189208984375,,unavailable in GeoTIFF; band index reported
scene_03-Z0042,8,147,4093.608154296875,,unavailable in GeoTIFF; band index reported
scene_03-Z0042,8,148,4097.4326171875,,unavailable in GeoTIFF; band index reported
scene_03-Z0042,8,149,4092.86474609375,,unavailable in GeoTIFF; band index reported
scene_03-Z0042,8,150,4119.54052734375,,unavailable in GeoTIFF; band index reported
scene_03-Z0042,8,151,4116.7705078125,,unavailable in GeoTIFF; band index reported
scene_03-Z0042,8,152,4104.0,5207.279730866657,unavailable in GeoTIFF; band index reported
scene_03-Z0042,8,153,4105.05419921875,,unavailable in GeoTIFF; band index reported
scene_03-Z0042,8,154,4118.17578125,,unavailable in GeoTIFF; band index reported
scene_03-Z0042,8,155,4115.5673828125,,unavailable in GeoTIFF; band index reported
scene_03-Z0042,8,156,4125.94580078125,,unavailable in GeoTIFF; band index reported
scene_03-Z0042,8,157,4126.20263671875,,unavailable in GeoTIFF; band index reported
scene_03-Z0042,8,158,4128.29736328125,,unavailable in GeoTIFF; band index reported
scene_03-Z0042,8,159,4127.7705078125,5218.170802796563,unavailable in GeoTIFF; band index reported
scene_03-Z0042,8,160,4128.31103515625,,unavailable in GeoTIFF; band index reported
scene_03-Z0042,8,161,4111.31103515625,,unavailable in GeoTIFF; band index reported
scene_03-Z0042,8,162,4099.17578125,,unavailable in GeoTIFF; band index reported
scene_03-Z0042,8,163,4120.02685546875,,unavailable in GeoTIFF; band index reported
scene_03-Z0042,8,164,4066.29736328125,,unavailable in GeoTIFF; band index reported
scene_03-Z0042,8,165,4024.67578125,,unavailable in GeoTIFF; band index reported
scene_03-Z0042,8,166,3930.810791015625,5017.558409614325,unavailable in GeoTIFF; band index reported
scene_03-Z0042,8,167,3567.78369140625,,unavailable in GeoTIFF; band index reported
scene_03-Z0042,8,168,3705.86474609375,,unavailable in GeoTIFF; band index reported
scene_03-Z0042,8,169,3790.594482421875,,unavailable in GeoTIFF; band index reported
scene_03-Z0042,8,170,3481.608154296875,,unavailable in GeoTIFF; band index reported
scene_03-Z0042,8,171,3137.837890625,,unavailable in GeoTIFF; band index reported
scene_03-Z0042,8,172,3352.70263671875,,unavailable in GeoTIFF; band index reported
scene_03-Z0042,8,173,3705.351318359375,4714.966870138707,unavailable in GeoTIFF; band index reported
scene_03-Z0042,8,174,3807.7431640625,,unavailable in GeoTIFF; band index reported
scene_03-Z0042,8,175,3846.662109375,,unavailable in GeoTIFF; band index reported
scene_03-Z0042,8,176,3677.513427734375,,unavailable in GeoTIFF; band index reported
scene_03-Z0042,8,177,3758.513427734375,,unavailable in GeoTIFF; band index reported
scene_03-Z0042,8,178,3740.905517578125,,unavailable in GeoTIFF; band index reported
scene_03-Z0042,8,179,3772.027099609375,,unavailable in GeoTIFF; band index reported
scene_03-Z0042,8,180,3710.662109375,5085.668420902481,unavailable in GeoTIFF; band index reported
scene_03-Z0042,8,181,3711.70263671875,,unavailable in GeoTIFF; band index reported
scene_03-Z0042,8,182,3703.5810546875,,unavailable in GeoTIFF; band index reported
scene_03-Z0042,8,183,3616.472900390625,,unavailable in GeoTIFF; band index reported
scene_03-Z0042,8,184,3613.689208984375,,unavailable in GeoTIFF; band index reported
scene_03-Z0042,8,185,3562.729736328125,,unavailable in GeoTIFF; band index reported
scene_03-Z0042,8,186,3444.7568359375,,unavailable in GeoTIFF; band index reported
scene_03-Z0042,8,187,3276.62158203125,,unavailable in GeoTIFF; band index reported
scene_03-Z0042,8,188,3130.851318359375,4936.611167278287,unavailable in GeoTIFF; band index reported
scene_03-Z0042,8,189,3064.5810546875,,unavailable in GeoTIFF; band index reported
scene_03-Z0042,8,190,3064.662109375,,unavailable in GeoTIFF; band index reported
scene_03-Z0042,8,191,3059.5810546875,,unavailable in GeoTIFF; band index reported
scene_03-Z0042,8,192,3003.2568359375,,unavailable in GeoTIFF; band index reported
scene_03-Z0042,8,193,2894.770263671875,,unavailable in GeoTIFF; band index reported
scene_03-Z0042,8,194,2765.148681640625,,unavailable in GeoTIFF; band index reported
scene_03-Z0042,8,195,2992.21630859375,4626.353456753277,unavailable in GeoTIFF; band index reported
scene_03-Z0042,8,196,3190.7431640625,,unavailable in GeoTIFF; band index reported
scene_03-Z0042,8,197,3210.21630859375,,unavailable in GeoTIFF; band index reported
scene_03-Z0042,8,198,3175.87841796875,,unavailable in GeoTIFF; band index reported
scene_03-Z0042,8,199,3155.95947265625,,unavailable in GeoTIFF; band index reported
scene_03-Z0042,8,200,3146.594482421875,,unavailable in GeoTIFF; band index reported
scene_03-Z0042,8,201,3122.9189453125,,unavailable in GeoTIFF; band index reported
scene_03-Z0042,8,202,3091.70263671875,4652.886869525872,unavailable in GeoTIFF; band index reported
scene_03-Z0042,8,203,3047.446044921875,,unavailable in GeoTIFF; band index reported
scene_03-Z0042,8,204,2968.70263671875,,unavailable in GeoTIFF; band index reported
scene_03-Z0042,8,205,2922.67578125,,unavailable in GeoTIFF; band index reported
scene_03-Z0042,8,206,2939.2568359375,,unavailable in GeoTIFF; band index reported
scene_03-Z0042,8,207,2826.62158203125,,unavailable in GeoTIFF; band index reported
scene_03-Z0042,8,208,2838.95947265625,,unavailable in GeoTIFF; band index reported
scene_03-Z0042,8,209,2828.770263671875,4382.918838235699,unavailable in GeoTIFF; band index reported
scene_03-Z0042,8,210,2786.027099609375,,unavailable in GeoTIFF; band index reported
scene_03-Z0042,8,211,2744.71630859375,,unavailable in GeoTIFF; band index reported
scene_03-Z0042,8,212,2763.053955078125,,unavailable in GeoTIFF; band index reported
scene_03-Z0042,8,213,2777.36474609375,,unavailable in GeoTIFF; band index reported
scene_03-Z0042,8,214,2723.608154296875,,unavailable in GeoTIFF; band index reported
scene_03-Z0042,8,215,2697.837890625,,unavailable in GeoTIFF; band index reported
scene_03-Z0042,8,216,2642.04052734375,4154.670029385061,unavailable in GeoTIFF; band index reported
scene_03-Z0042,8,217,2668.2568359375,,unavailable in GeoTIFF; band index reported
scene_03-Z0042,8,218,2677.513427734375,,unavailable in GeoTIFF; band index reported
scene_03-Z0042,8,219,2651.486572265625,,unavailable in GeoTIFF; band index reported
scene_03-Z0042,8,220,2562.446044921875,,unavailable in GeoTIFF; band index reported
scene_03-Z0042,8,221,2620.5,,unavailable in GeoTIFF; band index reported
scene_03-Z0042,8,222,2545.946044921875,,unavailable in GeoTIFF; band index reported
scene_03-Z0042,8,223,2575.67578125,,unavailable in GeoTIFF; band index reported
scene_03-Z0042,8,224,2408.63525390625,3909.195673012465,unavailable in GeoTIFF; band index reported
scene_03-Z0026,9,1,720.2286376953125,917.6137365335213,unavailable in GeoTIFF; band index reported
scene_03-Z0026,9,2,730.5244140625,,unavailable in GeoTIFF; band index reported
scene_03-Z0026,9,3,758.7347412109375,,unavailable in GeoTIFF; band index reported
scene_03-Z0026,9,4,798.0731811523438,,unavailable in GeoTIFF; band index reported
scene_03-Z0026,9,5,829.2591552734375,,unavailable in GeoTIFF; band index reported
scene_03-Z0026,9,6,855.094482421875,,unavailable in GeoTIFF; band index reported
scene_03-Z0026,9,7,888.5670776367188,,unavailable in GeoTIFF; band index reported
scene_03-Z0026,9,8,913.0823364257812,1232.959446205412,unavailable in GeoTIFF; band index reported
scene_03-Z0026,9,9,921.9146118164062,,unavailable in GeoTIFF; band index reported
scene_03-Z0026,9,10,947.4024658203125,,unavailable in GeoTIFF; band index reported
scene_03-Z0026,9,11,958.4420776367188,,unavailable in GeoTIFF; band index reported
scene_03-Z0026,9,12,964.9176635742188,,unavailable in GeoTIFF; band index reported
scene_03-Z0026,9,13,980.7835083007812,,unavailable in GeoTIFF; band index reported
scene_03-Z0026,9,14,1012.3597412109375,,unavailable in GeoTIFF; band index reported
scene_03-Z0026,9,15,1035.3505859375,1427.1588311623464,unavailable in GeoTIFF; band index reported
scene_03-Z0026,9,16,1056.5152587890625,,unavailable in GeoTIFF; band index reported
scene_03-Z0026,9,17,1086.0,,unavailable in GeoTIFF; band index reported
scene_03-Z0026,9,18,1115.13720703125,,unavailable in GeoTIFF; band index reported
scene_03-Z0026,9,19,1148.7469482421875,,unavailable in GeoTIFF; band index reported
scene_03-Z0026,9,20,1183.6829833984375,,unavailable in GeoTIFF; band index reported
scene_03-Z0026,9,21,1222.344482421875,,unavailable in GeoTIFF; band index reported
scene_03-Z0026,9,22,1255.3994140625,1814.298623453446,unavailable in GeoTIFF; band index reported
scene_03-Z0026,9,23,1294.8963623046875,,unavailable in GeoTIFF; band index reported
scene_03-Z0026,9,24,1335.18603515625,,unavailable in GeoTIFF; band index reported
scene_03-Z0026,9,25,1377.655517578125,,unavailable in GeoTIFF; band index reported
scene_03-Z0026,9,26,1429.3231201171875,,unavailable in GeoTIFF; band index reported
scene_03-Z0026,9,27,1478.61279296875,,unavailable in GeoTIFF; band index reported
scene_03-Z0026,9,28,1526.4664306640625,,unavailable in GeoTIFF; band index reported
scene_03-Z0026,9,29,1583.5518798828125,2375.799164006372,unavailable in GeoTIFF; band index reported
scene_03-Z0026,9,30,1636.9146728515625,,unavailable in GeoTIFF; band index reported
scene_03-Z0026,9,31,1704.780517578125,,unavailable in GeoTIFF; band index reported
scene_03-Z0026,9,32,1757.21337890625,,unavailable in GeoTIFF; band index reported
scene_03-Z0026,9,33,1808.929931640625,,unavailable in GeoTIFF; band index reported
scene_03-Z0026,9,34,1864.9420166015625,,unavailable in GeoTIFF; band index reported
scene_03-Z0026,9,35,1915.2652587890625,,unavailable in GeoTIFF; band index reported
scene_03-Z0026,9,36,1959.993896484375,3040.8869943239424,unavailable in GeoTIFF; band index reported
scene_03-Z0026,9,37,2004.3597412109375,,unavailable in GeoTIFF; band index reported
scene_03-Z0026,9,38,2045.030517578125,,unavailable in GeoTIFF; band index reported
scene_03-Z0026,9,39,2075.875,,unavailable in GeoTIFF; band index reported
scene_03-Z0026,9,40,2099.11279296875,,unavailable in GeoTIFF; band index reported
scene_03-Z0026,9,41,2133.219482421875,,unavailable in GeoTIFF; band index reported
scene_03-Z0026,9,42,2155.83544921875,,unavailable in GeoTIFF; band index reported
scene_03-Z0026,9,43,2168.993896484375,,unavailable in GeoTIFF; band index reported
scene_03-Z0026,9,44,2205.56396484375,3431.7894504680403,unavailable in GeoTIFF; band index reported
scene_03-Z0026,9,45,2237.83837890625,,unavailable in GeoTIFF; band index reported
scene_03-Z0026,9,46,2260.307861328125,,unavailable in GeoTIFF; band index reported
scene_03-Z0026,9,47,2286.320068359375,,unavailable in GeoTIFF; band index reported
scene_03-Z0026,9,48,2301.841552734375,,unavailable in GeoTIFF; band index reported
scene_03-Z0026,9,49,2330.88720703125,,unavailable in GeoTIFF; band index reported
scene_03-Z0026,9,50,2332.89013671875,,unavailable in GeoTIFF; band index reported
scene_03-Z0026,9,51,2385.832275390625,3702.024280673652,unavailable in GeoTIFF; band index reported
scene_03-Z0026,9,52,2408.506103515625,,unavailable in GeoTIFF; band index reported
scene_03-Z0026,9,53,2434.057861328125,,unavailable in GeoTIFF; band index reported
scene_03-Z0026,9,54,2449.0244140625,,unavailable in GeoTIFF; band index reported
scene_03-Z0026,9,55,2476.405517578125,,unavailable in GeoTIFF; band index reported
scene_03-Z0026,9,56,2527.195068359375,,unavailable in GeoTIFF; band index reported
scene_03-Z0026,9,57,2572.945068359375,,unavailable in GeoTIFF; band index reported
scene_03-Z0026,9,58,2576.40234375,3981.115175913357,unavailable in GeoTIFF; band index reported
scene_03-Z0026,9,59,2596.317138671875,,unavailable in GeoTIFF; band index reported
scene_03-Z0026,9,60,2585.4267578125,,unavailable in GeoTIFF; band index reported
scene_03-Z0026,9,61,2671.207275390625,,unavailable in GeoTIFF; band index reported
scene_03-Z0026,9,62,2460.396240234375,,unavailable in GeoTIFF; band index reported
scene_03-Z0026,9,63,2675.6005859375,,unavailable in GeoTIFF; band index reported
scene_03-Z0026,9,64,2712.84765625,,unavailable in GeoTIFF; band index reported
scene_03-Z0026,9,65,2738.646240234375,4133.666035386364,unavailable in GeoTIFF; band index reported
scene_03-Z0026,9,66,2751.21337890625,,unavailable in GeoTIFF; band index reported
scene_03-Z0026,9,67,2767.192138671875,,unavailable in GeoTIFF; band index reported
scene_03-Z0026,9,68,2806.381103515625,,unavailable in GeoTIFF; band index reported
scene_03-Z0026,9,69,2823.4482421875,,unavailable in GeoTIFF; band index reported
scene_03-Z0026,9,70,2843.46044921875,,unavailable in GeoTIFF; band index reported
scene_03-Z0026,9,71,2800.7744140625,,unavailable in GeoTIFF; band index reported
scene_03-Z0026,9,72,2830.591552734375,4196.8222619093885,unavailable in GeoTIFF; band index reported
scene_03-Z0026,9,73,2827.77734375,,unavailable in GeoTIFF; band index reported
scene_03-Z0026,9,74,2808.201171875,,unavailable in GeoTIFF; band index reported
scene_03-Z0026,9,75,2859.207275390625,,unavailable in GeoTIFF; band index reported
scene_03-Z0026,9,76,2810.853759765625,,unavailable in GeoTIFF; band index reported
scene_03-Z0026,9,77,2852.326171875,,unavailable in GeoTIFF; band index reported
scene_03-Z0026,9,78,2851.56396484375,,unavailable in GeoTIFF; band index reported
scene_03-Z0026,9,79,2852.030517578125,,unavailable in GeoTIFF; band index reported
scene_03-Z0026,9,80,2919.97265625,4211.755377965227,unavailable in GeoTIFF; band index reported
scene_03-Z0026,9,81,2866.329345703125,,unavailable in GeoTIFF; band index reported
scene_03-Z0026,9,82,2914.8720703125,,unavailable in GeoTIFF; band index reported
scene_03-Z0026,9,83,2843.554931640625,,unavailable in GeoTIFF; band index reported
scene_03-Z0026,9,84,2735.743896484375,,unavailable in GeoTIFF; band index reported
scene_03-Z0026,9,85,2951.756103515625,,unavailable in GeoTIFF; band index reported
scene_03-Z0026,9,86,2918.81103515625,,unavailable in GeoTIFF; band index reported
scene_03-Z0026,9,87,2826.893310546875,4088.820487454532,unavailable in GeoTIFF; band index reported
scene_03-Z0026,9,88,3026.692138671875,,unavailable in GeoTIFF; band index reported
scene_03-Z0026,9,89,3034.509033203125,,unavailable in GeoTIFF; band index reported
scene_03-Z0026,9,90,3022.2529296875,,unavailable in GeoTIFF; band index reported
scene_03-Z0026,9,91,2987.881103515625,,unavailable in GeoTIFF; band index reported
scene_03-Z0026,9,92,2920.057861328125,,unavailable in GeoTIFF; band index reported
scene_03-Z0026,9,93,2872.81103515625,,unavailable in GeoTIFF; band index reported
scene_03-Z0026,9,94,2988.81396484375,4228.699613463889,unavailable in GeoTIFF; band index reported
scene_03-Z0026,9,95,2937.804931640625,,unavailable in GeoTIFF; band index reported
scene_03-Z0026,9,96,3034.893310546875,,unavailable in GeoTIFF; band index reported
scene_03-Z0026,9,97,2948.219482421875,,unavailable in GeoTIFF; band index reported
scene_03-Z0026,9,98,3056.8994140625,,unavailable in GeoTIFF; band index reported
scene_03-Z0026,9,99,2958.9267578125,,unavailable in GeoTIFF; band index reported
scene_03-Z0026,9,100,3074.243896484375,,unavailable in GeoTIFF; band index reported
scene_03-Z0026,9,101,2971.625,4252.979533319639,unavailable in GeoTIFF; band index reported
scene_03-Z0026,9,102,3090.8017578125,,unavailable in GeoTIFF; band index reported
scene_03-Z0026,9,103,3115.405517578125,,unavailable in GeoTIFF; band index reported
scene_03-Z0026,9,104,3132.13720703125,,unavailable in GeoTIFF; band index reported
scene_03-Z0026,9,105,3146.298828125,,unavailable in GeoTIFF; band index reported
scene_03-Z0026,9,106,3159.545654296875,,unavailable in GeoTIFF; band index reported
scene_03-Z0026,9,107,3186.0732421875,,unavailable in GeoTIFF; band index reported
scene_03-Z0026,9,108,3215.783447265625,4514.447144310745,unavailable in GeoTIFF; band index reported
scene_03-Z0026,9,109,3232.23779296875,,unavailable in GeoTIFF; band index reported
scene_03-Z0026,9,110,3266.86279296875,,unavailable in GeoTIFF; band index reported
scene_03-Z0026,9,111,3285.9482421875,,unavailable in GeoTIFF; band index reported
scene_03-Z0026,9,112,3224.228759765625,,unavailable in GeoTIFF; band index reported
scene_03-Z0026,9,113,3437.8232421875,,unavailable in GeoTIFF; band index reported
scene_03-Z0026,9,114,3425.8779296875,,unavailable in GeoTIFF; band index reported
scene_03-Z0026,9,115,3369.0517578125,,unavailable in GeoTIFF; band index reported
scene_03-Z0026,9,116,3404.768310546875,4677.793393838383,unavailable in GeoTIFF; band index reported
scene_03-Z0026,9,117,3459.23486328125,,unavailable in GeoTIFF; band index reported
scene_03-Z0026,9,118,3525.667724609375,,unavailable in GeoTIFF; band index reported
scene_03-Z0026,9,119,3540.18603515625,,unavailable in GeoTIFF; band index reported
scene_03-Z0026,9,120,3554.77734375,,unavailable in GeoTIFF; band index reported
scene_03-Z0026,9,121,3581.771240234375,,unavailable in GeoTIFF; band index reported
scene_03-Z0026,9,122,3596.63720703125,,unavailable in GeoTIFF; band index reported
scene_03-Z0026,9,123,3621.881103515625,4967.6380986852755,unavailable in GeoTIFF; band index reported
scene_03-Z0026,9,124,3656.905517578125,,unavailable in GeoTIFF; band index reported
scene_03-Z0026,9,125,3720.1982421875,,unavailable in GeoTIFF; band index reported
scene_03-Z0026,9,126,3691.59765625,,unavailable in GeoTIFF; band index reported
scene_03-Z0026,9,127,3680.493896484375,,unavailable in GeoTIFF; band index reported
scene_03-Z0026,9,128,3690.68603515625,,unavailable in GeoTIFF; band index reported
scene_03-Z0026,9,129,3686.173828125,,unavailable in GeoTIFF; band index reported
scene_03-Z0026,9,130,3670.283447265625,5086.7792757717925,unavailable in GeoTIFF; band index reported
scene_03-Z0026,9,131,-32768.0,,unavailable in GeoTIFF; band index reported
scene_03-Z0026,9,132,-32768.0,,unavailable in GeoTIFF; band index reported
scene_03-Z0026,9,133,-32768.0,,unavailable in GeoTIFF; band index reported
scene_03-Z0026,9,134,-32768.0,,unavailable in GeoTIFF; band index reported
scene_03-Z0026,9,135,-32768.0,,unavailable in GeoTIFF; band index reported
scene_03-Z0026,9,136,3831.381103515625,,unavailable in GeoTIFF; band index reported
scene_03-Z0026,9,137,3874.41162109375,5204.827168773204,unavailable in GeoTIFF; band index reported
scene_03-Z0026,9,138,3813.43603515625,,unavailable in GeoTIFF; band index reported
scene_03-Z0026,9,139,3829.365966796875,,unavailable in GeoTIFF; band index reported
scene_03-Z0026,9,140,3865.048828125,,unavailable in GeoTIFF; band index reported
scene_03-Z0026,9,141,3916.83837890625,,unavailable in GeoTIFF; band index reported
scene_03-Z0026,9,142,3941.28662109375,,unavailable in GeoTIFF; band index reported
scene_03-Z0026,9,143,3941.570068359375,,unavailable in GeoTIFF; band index reported
scene_03-Z0026,9,144,3951.655517578125,5174.908519314261,unavailable in GeoTIFF; band index reported
scene_03-Z0026,9,145,3970.40234375,,unavailable in GeoTIFF; band index reported
scene_03-Z0026,9,146,3976.03955078125,,unavailable in GeoTIFF; band index reported
scene_03-Z0026,9,147,3992.93603515625,,unavailable in GeoTIFF; band index reported
scene_03-Z0026,9,148,3998.454345703125,,unavailable in GeoTIFF; band index reported
scene_03-Z0026,9,149,3997.457275390625,,unavailable in GeoTIFF; band index reported
scene_03-Z0026,9,150,4015.490966796875,,unavailable in GeoTIFF; band index reported
scene_03-Z0026,9,151,4014.1005859375,,unavailable in GeoTIFF; band index reported
scene_03-Z0026,9,152,4010.03662109375,5207.279730866657,unavailable in GeoTIFF; band index reported
scene_03-Z0026,9,153,4009.83544921875,,unavailable in GeoTIFF; band index reported
scene_03-Z0026,9,154,4029.03662109375,,unavailable in GeoTIFF; band index reported
scene_03-Z0026,9,155,4020.875,,unavailable in GeoTIFF; band index reported
scene_03-Z0026,9,156,4034.103759765625,,unavailable in GeoTIFF; band index reported
scene_03-Z0026,9,157,4034.076171875,,unavailable in GeoTIFF; band index reported
scene_03-Z0026,9,158,4037.615966796875,,unavailable in GeoTIFF; band index reported
scene_03-Z0026,9,159,4050.6220703125,5218.170802796563,unavailable in GeoTIFF; band index reported
scene_03-Z0026,9,160,4046.1494140625,,unavailable in GeoTIFF; band index reported
scene_03-Z0026,9,161,4039.0,,unavailable in GeoTIFF; band index reported
scene_03-Z0026,9,162,4036.204345703125,,unavailable in GeoTIFF; band index reported
scene_03-Z0026,9,163,4051.28955078125,,unavailable in GeoTIFF; band index reported
scene_03-Z0026,9,164,4002.780517578125,,unavailable in GeoTIFF; band index reported
scene_03-Z0026,9,165,3964.182861328125,,unavailable in GeoTIFF; band index reported
scene_03-Z0026,9,166,3888.66455078125,5017.558409614325,unavailable in GeoTIFF; band index reported
scene_03-Z0026,9,167,3563.506103515625,,unavailable in GeoTIFF; band index reported
scene_03-Z0026,9,168,3728.7255859375,,unavailable in GeoTIFF; band index reported
scene_03-Z0026,9,169,3819.268310546875,,unavailable in GeoTIFF; band index reported
scene_03-Z0026,9,170,3581.1279296875,,unavailable in GeoTIFF; band index reported
scene_03-Z0026,9,171,3167.344482421875,,unavailable in GeoTIFF; band index reported
scene_03-Z0026,9,172,3367.85986328125,,unavailable in GeoTIFF; band index reported
scene_03-Z0026,9,173,3703.8232421875,4714.966870138707,unavailable in GeoTIFF; band index reported
scene_03-Z0026,9,174,3853.78662109375,,unavailable in GeoTIFF; band index reported
scene_03-Z0026,9,175,3920.570068359375,,unavailable in GeoTIFF; band index reported
scene_03-Z0026,9,176,3762.509033203125,,unavailable in GeoTIFF; band index reported
scene_03-Z0026,9,177,3823.16455078125,,unavailable in GeoTIFF; band index reported
scene_03-Z0026,9,178,3806.603759765625,,unavailable in GeoTIFF; band index reported
scene_03-Z0026,9,179,3870.3017578125,,unavailable in GeoTIFF; band index reported
scene_03-Z0026,9,180,3811.71337890625,5085.668420902481,unavailable in GeoTIFF; band index reported
scene_03-Z0026,9,181,3811.86279296875,,unavailable in GeoTIFF; band index reported
scene_03-Z0026,9,182,3820.631103515625,,unavailable in GeoTIFF; band index reported
scene_03-Z0026,9,183,3775.469482421875,,unavailable in GeoTIFF; band index reported
scene_03-Z0026,9,184,3765.6279296875,,unavailable in GeoTIFF; band index reported
scene_03-Z0026,9,185,3733.780517578125,,unavailable in GeoTIFF; band index reported
scene_03-Z0026,9,186,3642.945068359375,,unavailable in GeoTIFF; band index reported
scene_03-Z0026,9,187,3504.9482421875,,unavailable in GeoTIFF; band index reported
scene_03-Z0026,9,188,3373.625,4936.611167278287,unavailable in GeoTIFF; band index reported
scene_03-Z0026,9,189,3315.417724609375,,unavailable in GeoTIFF; band index reported
scene_03-Z0026,9,190,3310.204345703125,,unavailable in GeoTIFF; band index reported
scene_03-Z0026,9,191,3309.320068359375,,unavailable in GeoTIFF; band index reported
scene_03-Z0026,9,192,3244.545654296875,,unavailable in GeoTIFF; band index reported
scene_03-Z0026,9,193,3135.73486328125,,unavailable in GeoTIFF; band index reported
scene_03-Z0026,9,194,3019.2744140625,,unavailable in GeoTIFF; band index reported
scene_03-Z0026,9,195,3217.8505859375,4626.353456753277,unavailable in GeoTIFF; band index reported
scene_03-Z0026,9,196,3383.615966796875,,unavailable in GeoTIFF; band index reported
scene_03-Z0026,9,197,3401.01220703125,,unavailable in GeoTIFF; band index reported
scene_03-Z0026,9,198,3364.192138671875,,unavailable in GeoTIFF; band index reported
scene_03-Z0026,9,199,3341.271240234375,,unavailable in GeoTIFF; band index reported
scene_03-Z0026,9,200,3335.7529296875,,unavailable in GeoTIFF; band index reported
scene_03-Z0026,9,201,3318.493896484375,,unavailable in GeoTIFF; band index reported
scene_03-Z0026,9,202,3291.96044921875,4652.886869525872,unavailable in GeoTIFF; band index reported
scene_03-Z0026,9,203,3243.951171875,,unavailable in GeoTIFF; band index reported
scene_03-Z0026,9,204,3171.067138671875,,unavailable in GeoTIFF; band index reported
scene_03-Z0026,9,205,3113.743896484375,,unavailable in GeoTIFF; band index reported
scene_03-Z0026,9,206,3108.341552734375,,unavailable in GeoTIFF; band index reported
scene_03-Z0026,9,207,3019.542724609375,,unavailable in GeoTIFF; band index reported
scene_03-Z0026,9,208,3008.490966796875,,unavailable in GeoTIFF; band index reported
scene_03-Z0026,9,209,2997.408447265625,4382.918838235699,unavailable in GeoTIFF; band index reported
scene_03-Z0026,9,210,2961.240966796875,,unavailable in GeoTIFF; band index reported
scene_03-Z0026,9,211,2918.832275390625,,unavailable in GeoTIFF; band index reported
scene_03-Z0026,9,212,2935.490966796875,,unavailable in GeoTIFF; band index reported
scene_03-Z0026,9,213,2969.84765625,,unavailable in GeoTIFF; band index reported
scene_03-Z0026,9,214,2919.268310546875,,unavailable in GeoTIFF; band index reported
scene_03-Z0026,9,215,2899.079345703125,,unavailable in GeoTIFF; band index reported
scene_03-Z0026,9,216,2842.56103515625,4154.670029385061,unavailable in GeoTIFF; band index reported
scene_03-Z0026,9,217,2865.368896484375,,unavailable in GeoTIFF; band index reported
scene_03-Z0026,9,218,2881.25,,unavailable in GeoTIFF; band index reported
scene_03-Z0026,9,219,2840.48486328125,,unavailable in GeoTIFF; band index reported
scene_03-Z0026,9,220,2758.03955078125,,unavailable in GeoTIFF; band index reported
scene_03-Z0026,9,221,2808.006103515625,,unavailable in GeoTIFF; band index reported
scene_03-Z0026,9,222,2769.756103515625,,unavailable in GeoTIFF; band index reported
scene_03-Z0026,9,223,2766.417724609375,,unavailable in GeoTIFF; band index reported
scene_03-Z0026,9,224,2639.96337890625,3909.195673012465,unavailable in GeoTIFF; band index reported
scene_03-Z0081,10,1,628.4871826171875,917.6137365335213,unavailable in GeoTIFF; band index reported
scene_03-Z0081,10,2,631.4359130859375,,unavailable in GeoTIFF; band index reported
scene_03-Z0081,10,3,669.984619140625,,unavailable in GeoTIFF; band index reported
scene_03-Z0081,10,4,711.07177734375,,unavailable in GeoTIFF; band index reported
scene_03-Z0081,10,5,742.2000122070312,,unavailable in GeoTIFF; band index reported
scene_03-Z0081,10,6,760.09228515625,,unavailable in GeoTIFF; band index reported
scene_03-Z0081,10,7,788.8461303710938,,unavailable in GeoTIFF; band index reported
scene_03-Z0081,10,8,814.2205200195312,1232.959446205412,unavailable in GeoTIFF; band index reported
scene_03-Z0081,10,9,830.5538330078125,,unavailable in GeoTIFF; band index reported
scene_03-Z0081,10,10,854.7179565429688,,unavailable in GeoTIFF; band index reported
scene_03-Z0081,10,11,862.3281860351562,,unavailable in GeoTIFF; band index reported
scene_03-Z0081,10,12,869.3281860351562,,unavailable in GeoTIFF; band index reported
scene_03-Z0081,10,13,884.5487060546875,,unavailable in GeoTIFF; band index reported
scene_03-Z0081,10,14,907.5384521484375,,unavailable in GeoTIFF; band index reported
scene_03-Z0081,10,15,942.07177734375,1427.1588311623464,unavailable in GeoTIFF; band index reported
scene_03-Z0081,10,16,946.8410034179688,,unavailable in GeoTIFF; band index reported
scene_03-Z0081,10,17,969.3743286132812,,unavailable in GeoTIFF; band index reported
scene_03-Z0081,10,18,1006.6461791992188,,unavailable in GeoTIFF; band index reported
scene_03-Z0081,10,19,1033.169189453125,,unavailable in GeoTIFF; band index reported
scene_03-Z0081,10,20,1067.7025146484375,,unavailable in GeoTIFF; band index reported
scene_03-Z0081,10,21,1106.3077392578125,,unavailable in GeoTIFF; band index reported
scene_03-Z0081,10,22,1143.3487548828125,1814.298623453446,unavailable in GeoTIFF; band index reported
scene_03-Z0081,10,23,1177.8154296875,,unavailable in GeoTIFF; band index reported
scene_03-Z0081,10,24,1222.2513427734375,,unavailable in GeoTIFF; band index reported
scene_03-Z0081,10,25,1268.5948486328125,,unavailable in GeoTIFF; band index reported
scene_03-Z0081,10,26,1318.98974609375,,unavailable in GeoTIFF; band index reported
scene_03-Z0081,10,27,1362.4512939453125,,unavailable in GeoTIFF; band index reported
scene_03-Z0081,10,28,1413.80517578125,,unavailable in GeoTIFF; band index reported
scene_03-Z0081,10,29,1470.882080078125,2375.799164006372,unavailable in GeoTIFF; band index reported
scene_03-Z0081,10,30,1524.994873046875,,unavailable in GeoTIFF; band index reported
scene_03-Z0081,10,31,1587.902587890625,,unavailable in GeoTIFF; band index reported
scene_03-Z0081,10,32,1650.4359130859375,,unavailable in GeoTIFF; band index reported
scene_03-Z0081,10,33,1704.75390625,,unavailable in GeoTIFF; band index reported
scene_03-Z0081,10,34,1767.3026123046875,,unavailable in GeoTIFF; band index reported
scene_03-Z0081,10,35,1820.025634765625,,unavailable in GeoTIFF; band index reported
scene_03-Z0081,10,36,1870.820556640625,3040.8869943239424,unavailable in GeoTIFF; band index reported
scene_03-Z0081,10,37,1916.9384765625,,unavailable in GeoTIFF; band index reported
scene_03-Z0081,10,38,1953.3538818359375,,unavailable in GeoTIFF; band index reported
scene_03-Z0081,10,39,1988.210205078125,,unavailable in GeoTIFF; band index reported
scene_03-Z0081,10,40,2014.6820068359375,,unavailable in GeoTIFF; band index reported
scene_03-Z0081,10,41,2052.64111328125,,unavailable in GeoTIFF; band index reported
scene_03-Z0081,10,42,2072.251220703125,,unavailable in GeoTIFF; band index reported
scene_03-Z0081,10,43,2093.328125,,unavailable in GeoTIFF; band index reported
scene_03-Z0081,10,44,2131.292236328125,3431.7894504680403,unavailable in GeoTIFF; band index reported
scene_03-Z0081,10,45,2171.6103515625,,unavailable in GeoTIFF; band index reported
scene_03-Z0081,10,46,2191.281982421875,,unavailable in GeoTIFF; band index reported
scene_03-Z0081,10,47,2214.322998046875,,unavailable in GeoTIFF; band index reported
scene_03-Z0081,10,48,2245.84619140625,,unavailable in GeoTIFF; band index reported
scene_03-Z0081,10,49,2262.53857421875,,unavailable in GeoTIFF; band index reported
scene_03-Z0081,10,50,2276.933349609375,,unavailable in GeoTIFF; band index reported
scene_03-Z0081,10,51,2328.94873046875,3702.024280673652,unavailable in GeoTIFF; band index reported
scene_03-Z0081,10,52,2360.333251953125,,unavailable in GeoTIFF; band index reported
scene_03-Z0081,10,53,2393.512939453125,,unavailable in GeoTIFF; band index reported
scene_03-Z0081,10,54,2401.72314453125,,unavailable in GeoTIFF; band index reported
scene_03-Z0081,10,55,2438.19482421875,,unavailable in GeoTIFF; band index reported
scene_03-Z0081,10,56,2485.1845703125,,unavailable in GeoTIFF; band index reported
scene_03-Z0081,10,57,2539.29736328125,,unavailable in GeoTIFF; band index reported
scene_03-Z0081,10,58,2543.27685546875,3981.115175913357,unavailable in GeoTIFF; band index reported
scene_03-Z0081,10,59,2566.035888671875,,unavailable in GeoTIFF; band index reported
scene_03-Z0081,10,60,2562.861572265625,,unavailable in GeoTIFF; band index reported
scene_03-Z0081,10,61,2651.871826171875,,unavailable in GeoTIFF; band index reported
scene_03-Z0081,10,62,2421.3076171875,,unavailable in GeoTIFF; band index reported
scene_03-Z0081,10,63,2664.707763671875,,unavailable in GeoTIFF; band index reported
scene_03-Z0081,10,64,2697.88720703125,,unavailable in GeoTIFF; band index reported
scene_03-Z0081,10,65,2716.07177734375,4133.666035386364,unavailable in GeoTIFF; band index reported
scene_03-Z0081,10,66,2743.230712890625,,unavailable in GeoTIFF; band index reported
scene_03-Z0081,10,67,2766.1025390625,,unavailable in GeoTIFF; band index reported
scene_03-Z0081,10,68,2813.759033203125,,unavailable in GeoTIFF; band index reported
scene_03-Z0081,10,69,2812.74365234375,,unavailable in GeoTIFF; band index reported
scene_03-Z0081,10,70,2843.6103515625,,unavailable in GeoTIFF; band index reported
scene_03-Z0081,10,71,2801.456298828125,,unavailable in GeoTIFF; band index reported
scene_03-Z0081,10,72,2855.543701171875,4196.8222619093885,unavailable in GeoTIFF; band index reported
scene_03-Z0081,10,73,2824.80517578125,,unavailable in GeoTIFF; band index reported
scene_03-Z0081,10,74,2839.984619140625,,unavailable in GeoTIFF; band index reported
scene_03-Z0081,10,75,2858.025634765625,,unavailable in GeoTIFF; band index reported
scene_03-Z0081,10,76,2838.574462890625,,unavailable in GeoTIFF; band index reported
scene_03-Z0081,10,77,2883.72314453125,,unavailable in GeoTIFF; band index reported
scene_03-Z0081,10,78,2859.046142578125,,unavailable in GeoTIFF; band index reported
scene_03-Z0081,10,79,2894.138427734375,,unavailable in GeoTIFF; band index reported
scene_03-Z0081,10,80,2960.800048828125,4211.755377965227,unavailable in GeoTIFF; band index reported
scene_03-Z0081,10,81,2905.53857421875,,unavailable in GeoTIFF; band index reported
scene_03-Z0081,10,82,2961.584716796875,,unavailable in GeoTIFF; band index reported
scene_03-Z0081,10,83,2890.728271484375,,unavailable in GeoTIFF; band index reported
scene_03-Z0081,10,84,2792.892333984375,,unavailable in GeoTIFF; band index reported
scene_03-Z0081,10,85,3007.2255859375,,unavailable in GeoTIFF; band index reported
scene_03-Z0081,10,86,3020.312744140625,,unavailable in GeoTIFF; band index reported
scene_03-Z0081,10,87,2915.902587890625,4088.820487454532,unavailable in GeoTIFF; band index reported
scene_03-Z0081,10,88,3103.056396484375,,unavailable in GeoTIFF; band index reported
scene_03-Z0081,10,89,3107.769287109375,,unavailable in GeoTIFF; band index reported
scene_03-Z0081,10,90,3123.58984375,,unavailable in GeoTIFF; band index reported
scene_03-Z0081,10,91,3052.261474609375,,unavailable in GeoTIFF; band index reported
scene_03-Z0081,10,92,3002.656494140625,,unavailable in GeoTIFF; band index reported
scene_03-Z0081,10,93,2959.076904296875,,unavailable in GeoTIFF; band index reported
scene_03-Z0081,10,94,3037.76416015625,4228.699613463889,unavailable in GeoTIFF; band index reported
scene_03-Z0081,10,95,3027.281982421875,,unavailable in GeoTIFF; band index reported
scene_03-Z0081,10,96,3114.830810546875,,unavailable in GeoTIFF; band index reported
scene_03-Z0081,10,97,3051.953857421875,,unavailable in GeoTIFF; band index reported
scene_03-Z0081,10,98,3139.23583984375,,unavailable in GeoTIFF; band index reported
scene_03-Z0081,10,99,3074.841064453125,,unavailable in GeoTIFF; band index reported
scene_03-Z0081,10,100,3170.5283203125,,unavailable in GeoTIFF; band index reported
scene_03-Z0081,10,101,3100.292236328125,4252.979533319639,unavailable in GeoTIFF; band index reported
scene_03-Z0081,10,102,3193.830810546875,,unavailable in GeoTIFF; band index reported
scene_03-Z0081,10,103,3222.01025390625,,unavailable in GeoTIFF; band index reported
scene_03-Z0081,10,104,3245.779541015625,,unavailable in GeoTIFF; band index reported
scene_03-Z0081,10,105,3268.261474609375,,unavailable in GeoTIFF; band index reported
scene_03-Z0081,10,106,3287.302490234375,,unavailable in GeoTIFF; band index reported
scene_03-Z0081,10,107,3318.882080078125,,unavailable in GeoTIFF; band index reported
scene_03-Z0081,10,108,3355.8359375,4514.447144310745,unavailable in GeoTIFF; band index reported
scene_03-Z0081,10,109,3381.148681640625,,unavailable in GeoTIFF; band index reported
scene_03-Z0081,10,110,3429.19482421875,,unavailable in GeoTIFF; band index reported
scene_03-Z0081,10,111,3465.88720703125,,unavailable in GeoTIFF; band index reported
scene_03-Z0081,10,112,3439.123046875,,unavailable in GeoTIFF; band index reported
scene_03-Z0081,10,113,3621.958984375,,unavailable in GeoTIFF; band index reported
scene_03-Z0081,10,114,3631.11279296875,,unavailable in GeoTIFF; band index reported
scene_03-Z0081,10,115,3504.1025390625,,unavailable in GeoTIFF; band index reported
scene_03-Z0081,10,116,3554.33837890625,4677.793393838383,unavailable in GeoTIFF; band index reported
scene_03-Z0081,10,117,3641.630859375,,unavailable in GeoTIFF; band index reported
scene_03-Z0081,10,118,3715.594970703125,,unavailable in GeoTIFF; band index reported
scene_03-Z0081,10,119,3740.574462890625,,unavailable in GeoTIFF; band index reported
scene_03-Z0081,10,120,3743.7744140625,,unavailable in GeoTIFF; band index reported
scene_03-Z0081,10,121,3773.671875,,unavailable in GeoTIFF; band index reported
scene_03-Z0081,10,122,3791.261474609375,,unavailable in GeoTIFF; band index reported
scene_03-Z0081,10,123,3820.179443359375,4967.6380986852755,unavailable in GeoTIFF; band index reported
scene_03-Z0081,10,124,3870.158935546875,,unavailable in GeoTIFF; band index reported
scene_03-Z0081,10,125,3905.748779296875,,unavailable in GeoTIFF; band index reported
scene_03-Z0081,10,126,3888.876953125,,unavailable in GeoTIFF; band index reported
scene_03-Z0081,10,127,3887.353759765625,,unavailable in GeoTIFF; band index reported
scene_03-Z0081,10,128,3899.892333984375,,unavailable in GeoTIFF; band index reported
scene_03-Z0081,10,129,3904.7744140625,,unavailable in GeoTIFF; band index reported
scene_03-Z0081,10,130,3911.1435546875,5086.7792757717925,unavailable in GeoTIFF; band index reported
scene_03-Z0081,10,131,-32768.0,,unavailable in GeoTIFF; band index reported
scene_03-Z0081,10,132,-32768.0,,unavailable in GeoTIFF; band index reported
scene_03-Z0081,10,133,-32768.0,,unavailable in GeoTIFF; band index reported
scene_03-Z0081,10,134,-32768.0,,unavailable in GeoTIFF; band index reported
scene_03-Z0081,10,135,-32768.0,,unavailable in GeoTIFF; band index reported
scene_03-Z0081,10,136,3960.37939453125,,unavailable in GeoTIFF; band index reported
scene_03-Z0081,10,137,4144.57421875,5204.827168773204,unavailable in GeoTIFF; band index reported
scene_03-Z0081,10,138,4015.933349609375,,unavailable in GeoTIFF; band index reported
scene_03-Z0081,10,139,3971.533447265625,,unavailable in GeoTIFF; band index reported
scene_03-Z0081,10,140,4032.4716796875,,unavailable in GeoTIFF; band index reported
scene_03-Z0081,10,141,4104.02587890625,,unavailable in GeoTIFF; band index reported
scene_03-Z0081,10,142,4150.29736328125,,unavailable in GeoTIFF; band index reported
scene_03-Z0081,10,143,4164.9384765625,,unavailable in GeoTIFF; band index reported
scene_03-Z0081,10,144,4178.35888671875,5174.908519314261,unavailable in GeoTIFF; band index reported
scene_03-Z0081,10,145,4200.01025390625,,unavailable in GeoTIFF; band index reported
scene_03-Z0081,10,146,4214.533203125,,unavailable in GeoTIFF; band index reported
scene_03-Z0081,10,147,4221.2255859375,,unavailable in GeoTIFF; band index reported
scene_03-Z0081,10,148,4224.056640625,,unavailable in GeoTIFF; band index reported
scene_03-Z0081,10,149,4248.54345703125,,unavailable in GeoTIFF; band index reported
scene_03-Z0081,10,150,4249.712890625,,unavailable in GeoTIFF; band index reported
scene_03-Z0081,10,151,4249.1845703125,,unavailable in GeoTIFF; band index reported
scene_03-Z0081,10,152,4251.72802734375,5207.279730866657,unavailable in GeoTIFF; band index reported
scene_03-Z0081,10,153,4252.5283203125,,unavailable in GeoTIFF; band index reported
scene_03-Z0081,10,154,4272.62548828125,,unavailable in GeoTIFF; band index reported
scene_03-Z0081,10,155,4267.72802734375,,unavailable in GeoTIFF; band index reported
scene_03-Z0081,10,156,4284.23583984375,,unavailable in GeoTIFF; band index reported
scene_03-Z0081,10,157,4280.42578125,,unavailable in GeoTIFF; band index reported
scene_03-Z0081,10,158,4280.09228515625,,unavailable in GeoTIFF; band index reported
scene_03-Z0081,10,159,4288.43603515625,5218.170802796563,unavailable in GeoTIFF; band index reported
scene_03-Z0081,10,160,4292.8203125,,unavailable in GeoTIFF; band index reported
scene_03-Z0081,10,161,4284.54345703125,,unavailable in GeoTIFF; band index reported
scene_03-Z0081,10,162,4278.42578125,,unavailable in GeoTIFF; band index reported
scene_03-Z0081,10,163,4283.0615234375,,unavailable in GeoTIFF; band index reported
scene_03-Z0081,10,164,4253.3076171875,,unavailable in GeoTIFF; band index reported
scene_03-Z0081,10,165,4216.8974609375,,unavailable in GeoTIFF; band index reported
scene_03-Z0081,10,166,4150.39501953125,5017.558409614325,unavailable in GeoTIFF; band index reported
scene_03-Z0081,10,167,3590.27685546875,,unavailable in GeoTIFF; band index reported
scene_03-Z0081,10,168,3802.179443359375,,unavailable in GeoTIFF; band index reported
scene_03-Z0081,10,169,3973.261474609375,,unavailable in GeoTIFF; band index reported
scene_03-Z0081,10,170,3841.056396484375,,unavailable in GeoTIFF; band index reported
scene_03-Z0081,10,171,3255.48193359375,,unavailable in GeoTIFF; band index reported
scene_03-Z0081,10,172,3414.58984375,,unavailable in GeoTIFF; band index reported
scene_03-Z0081,10,173,3715.107666015625,4714.966870138707,unavailable in GeoTIFF; band index reported
scene_03-Z0081,10,174,3985.199951171875,,unavailable in GeoTIFF; band index reported
scene_03-Z0081,10,175,4074.523193359375,,unavailable in GeoTIFF; band index reported
scene_03-Z0081,10,176,3947.861572265625,,unavailable in GeoTIFF; band index reported
scene_03-Z0081,10,177,3917.7333984375,,unavailable in GeoTIFF; band index reported
scene_03-Z0081,10,178,3887.271728515625,,unavailable in GeoTIFF; band index reported
scene_03-Z0081,10,179,3948.584716796875,,unavailable in GeoTIFF; band index reported
scene_03-Z0081,10,180,3923.0205078125,5085.668420902481,unavailable in GeoTIFF; band index reported
scene_03-Z0081,10,181,3920.33837890625,,unavailable in GeoTIFF; band index reported
scene_03-Z0081,10,182,3919.594970703125,,unavailable in GeoTIFF; band index reported
scene_03-Z0081,10,183,3857.230712890625,,unavailable in GeoTIFF; band index reported
scene_03-Z0081,10,184,3839.42041015625,,unavailable in GeoTIFF; band index reported
scene_03-Z0081,10,185,3789.27685546875,,unavailable in GeoTIFF; band index reported
scene_03-Z0081,10,186,3690.72314453125,,unavailable in GeoTIFF; band index reported
scene_03-Z0081,10,187,3564.861572265625,,unavailable in GeoTIFF; band index reported
scene_03-Z0081,10,188,3428.123046875,4936.611167278287,unavailable in GeoTIFF; band index reported
scene_03-Z0081,10,189,3301.984619140625,,unavailable in GeoTIFF; band index reported
scene_03-Z0081,10,190,3256.68212890625,,unavailable in GeoTIFF; band index reported
scene_03-Z0081,10,191,3225.353759765625,,unavailable in GeoTIFF; band index reported
scene_03-Z0081,10,192,3228.261474609375,,unavailable in GeoTIFF; band index reported
scene_03-Z0081,10,193,3119.958984375,,unavailable in GeoTIFF; band index reported
scene_03-Z0081,10,194,2973.912841796875,,unavailable in GeoTIFF; band index reported
scene_03-Z0081,10,195,3187.46142578125,4626.353456753277,unavailable in GeoTIFF; band index reported
scene_03-Z0081,10,196,3378.066650390625,,unavailable in GeoTIFF; band index reported
scene_03-Z0081,10,197,3432.076904296875,,unavailable in GeoTIFF; band index reported
scene_03-Z0081,10,198,3417.025634765625,,unavailable in GeoTIFF; band index reported
scene_03-Z0081,10,199,3381.189697265625,,unavailable in GeoTIFF; band index reported
scene_03-Z0081,10,200,3372.23583984375,,unavailable in GeoTIFF; band index reported
scene_03-Z0081,10,201,3353.374267578125,,unavailable in GeoTIFF; band index reported
scene_03-Z0081,10,202,3333.958984375,4652.886869525872,unavailable in GeoTIFF; band index reported
scene_03-Z0081,10,203,3300.58984375,,unavailable in GeoTIFF; band index reported
scene_03-Z0081,10,204,3212.312744140625,,unavailable in GeoTIFF; band index reported
scene_03-Z0081,10,205,3125.53857421875,,unavailable in GeoTIFF; band index reported
scene_03-Z0081,10,206,3116.405029296875,,unavailable in GeoTIFF; band index reported
scene_03-Z0081,10,207,3094.76416015625,,unavailable in GeoTIFF; band index reported
scene_03-Z0081,10,208,3031.4921875,,unavailable in GeoTIFF; band index reported
scene_03-Z0081,10,209,3050.687255859375,4382.918838235699,unavailable in GeoTIFF; band index reported
scene_03-Z0081,10,210,3016.974365234375,,unavailable in GeoTIFF; band index reported
scene_03-Z0081,10,211,2953.994873046875,,unavailable in GeoTIFF; band index reported
scene_03-Z0081,10,212,2919.1435546875,,unavailable in GeoTIFF; band index reported
scene_03-Z0081,10,213,2983.533447265625,,unavailable in GeoTIFF; band index reported
scene_03-Z0081,10,214,2949.64111328125,,unavailable in GeoTIFF; band index reported
scene_03-Z0081,10,215,2885.548828125,,unavailable in GeoTIFF; band index reported
scene_03-Z0081,10,216,2832.912841796875,4154.670029385061,unavailable in GeoTIFF; band index reported
scene_03-Z0081,10,217,2852.364013671875,,unavailable in GeoTIFF; band index reported
scene_03-Z0081,10,218,2896.912841796875,,unavailable in GeoTIFF; band index reported
scene_03-Z0081,10,219,2850.994873046875,,unavailable in GeoTIFF; band index reported
scene_03-Z0081,10,220,2789.394775390625,,unavailable in GeoTIFF; band index reported
scene_03-Z0081,10,221,2782.261474609375,,unavailable in GeoTIFF; band index reported
scene_03-Z0081,10,222,2845.7744140625,,unavailable in GeoTIFF; band index reported
scene_03-Z0081,10,223,2714.0205078125,,unavailable in GeoTIFF; band index reported
scene_03-Z0081,10,224,2748.435791015625,3909.195673012465,unavailable in GeoTIFF; band index reported
