zone_id,scene,pixel_count,approx_area_m2,centroid_x,centroid_y,centroid_lon,centroid_lat,mean_risk,max_risk,median_risk,high_priority_pixel_pct,priority_category,threshold_type,recommendation,priority_rank
scene_03-Z0089,scene_03,356,320400.0,568038.7078651686,1969237.4157303371,33.64201109441441,17.80960172296447,3.632819414138794,5.214722156524658,3.918447494506836,100.0,HIGH PRIORITY,95th percentile prioritisation threshold,Spectral-stress evidence detected. Prioritise field inspection to determine the underlying cause. Field verification required.,1
scene_03-Z0047,scene_03,410,369000.0,558404.487804878,1971257.487804878,33.55116234539495,17.828137229108542,3.4208812713623047,5.189667224884033,3.445256233215332,100.0,HIGH PRIORITY,95th percentile prioritisation threshold,Spectral-stress evidence detected. Prioritise field inspection to determine the underlying cause. Field verification required.,2
scene_03-Z0152,scene_03,261,234900.0,566664.9425287356,1965215.0574712644,33.628921566840894,17.773288626475427,3.415407657623291,5.018120765686035,3.4320626258850098,100.0,HIGH PRIORITY,95th percentile prioritisation threshold,Spectral-stress evidence detected. Prioritise field inspection to determine the underlying cause. Field verification required.,3
scene_03-Z0140,scene_03,539,485100.0,567303.4508348794,1965755.5658627087,33.634962279668336,17.778154467596487,3.338690996170044,5.160659313201904,3.42474627494812,100.0,HIGH PRIORITY,95th percentile prioritisation threshold,Spectral-stress evidence detected. Prioritise field inspection to determine the underlying cause. Field verification required.,4
scene_03-Z0014,scene_03,104,93600.0,557396.5384615385,1972605.0,33.541687475936904,17.84034316681073,3.33697772026062,4.763091564178467,3.3671698570251465,100.0,HIGH PRIORITY,95th percentile prioritisation threshold,Spectral-stress evidence detected. Prioritise field inspection to determine the underlying cause. Field verification required.,5
scene_03-Z0330,scene_03,399,359100.0,566618.3458646616,1955793.984962406,33.62818522519945,17.6881391573961,3.2400083541870117,5.765885829925537,3.2412593364715576,100.0,HIGH PRIORITY,95th percentile prioritisation threshold,Spectral-stress evidence detected. Prioritise field inspection to determine the underlying cause. Field verification required.,6
scene_03-Z0116,scene_03,27,24300.0,567847.7777777778,1967663.3333333333,33.64015882962016,17.79538067011402,3.231679916381836,4.350005626678467,3.3507041931152344,100.0,HIGH PRIORITY,95th percentile prioritisation threshold,Spectral-stress evidence detected. Prioritise field inspection to determine the underlying cause. Field verification required.,7
scene_03-Z0042,scene_03,74,66600.0,557000.6756756756,1971656.7567567567,33.53792585447065,17.83178290129248,3.2221434116363525,4.762753009796143,3.174651622772217,100.0,HIGH PRIORITY,95th percentile prioritisation threshold,Spectral-stress evidence detected. Prioritise field inspection to determine the underlying cause. Field verification required.,8
scene_03-Z0026,scene_03,328,295200.0,558811.6463414634,1971935.3048780488,33.55502353718656,17.834252714120208,3.1263601779937744,4.872663974761963,3.049726724624634,100.0,HIGH PRIORITY,95th percentile prioritisation threshold,Spectral-stress evidence detected. Prioritise field inspection to determine the underlying cause. Field verification required.,9
scene_03-Z0081,scene_03,195,175500.0,569408.3076923077,1969785.076923077,33.65495205241914,17.81450875259521,3.078415870666504,4.711815357208252,3.0701658725738525,100.0,HIGH PRIORITY,95th percentile prioritisation threshold,Spectral-stress evidence detected. Prioritise field inspection to determine the underlying cause. Field verification required.,10
scene_03-Z0104,scene_03,115,103500.0,568523.4782608695,1968829.8260869565,33.64657188672009,17.805902760053407,3.0560367107391357,4.52670955657959,3.06634259223938,100.0,HIGH PRIORITY,95th percentile prioritisation threshold,Spectral-stress evidence detected. Prioritise field inspection to determine the underlying cause. Field verification required.,11
scene_03-Z0086,scene_03,116,104400.0,568569.051724138,1969661.896551724,33.647029005191975,17.813421787985103,3.03269362449646,4.278386116027832,3.057595729827881,100.0,HIGH PRIORITY,95th percentile prioritisation threshold,Spectral-stress evidence detected. Prioritise field inspection to determine the underlying cause. Field verification required.,12
scene_03-Z0171,scene_03,43,38700.0,566201.1627906977,1964550.0,33.624525556207004,17.767291626122553,3.0249407291412354,4.413804531097412,2.977428674697876,100.0,HIGH PRIORITY,95th percentile prioritisation threshold,Spectral-stress evidence detected. Prioritise field inspection to determine the underlying cause. Field verification required.,13
scene_03-Z0049,scene_03,51,45900.0,559137.6470588235,1971361.7647058824,33.55808385479518,17.829060082650052,2.946864366531372,4.424861431121826,2.7285327911376953,100.0,HIGH PRIORITY,95th percentile prioritisation threshold,Spectral-stress evidence detected. Prioritise field inspection to determine the underlying cause. Field verification required.,14
scene_03-Z0085,scene_03,186,167400.0,570222.5806451613,1969699.3548387096,33.6626324747506,17.813708089024757,2.9239587783813477,4.548012733459473,2.8514506816864014,100.0,HIGH PRIORITY,95th percentile prioritisation threshold,Spectral-stress evidence detected. Prioritise field inspection to determine the underlying cause. Field verification required.,15
scene_03-Z0218,scene_03,364,327600.0,561500.2747252748,1961494.120879121,33.58009125909986,17.739807673155784,2.9059784412384033,3.994396209716797,2.9308996200561523,100.0,HIGH PRIORITY,95th percentile prioritisation threshold,Spectral-stress evidence detected. Prioritise field inspection to determine the underlying cause. Field verification required.,16
scene_03-Z0354,scene_03,207,186300.0,567135.2173913043,1953660.579710145,33.63299141511554,17.668841001786568,2.8468761444091797,5.339625835418701,2.6343066692352295,100.0,HIGH PRIORITY,95th percentile prioritisation threshold,Spectral-stress evidence detected. Prioritise field inspection to determine the underlying cause. Field verification required.,17
scene_03-Z0266,scene_03,17,15300.0,575546.4705882353,1959550.5882352942,33.71250346846879,17.72180529041146,2.8316619396209717,3.7273662090301514,2.9034838676452637,100.0,HIGH PRIORITY,95th percentile prioritisation threshold,Spectral-stress evidence detected. Prioritise field inspection to determine the underlying cause. Field verification required.,18
scene_03-Z0149,scene_03,35,31500.0,564930.8571428572,1965707.142857143,33.612577934927074,17.777788090624,2.7690465450286865,3.818361282348633,2.6079869270324707,100.0,HIGH PRIORITY,95th percentile prioritisation threshold,Spectral-stress evidence detected. Prioritise field inspection to determine the underlying cause. Field verification required.,19
scene_03-Z0031,scene_03,200,180000.0,556419.0,1971832.95,33.532441380714275,17.833390445187675,2.7619574069976807,4.372596263885498,2.5872507095336914,100.0,HIGH PRIORITY,95th percentile prioritisation threshold,Spectral-stress evidence detected. Prioritise field inspection to determine the underlying cause. Field verification required.,20
scene_03-Z0351,scene_03,76,68400.0,567598.4210526316,1953854.2105263157,33.637364746529585,17.670577023775582,2.754807233810425,4.4702839851379395,2.561720848083496,100.0,HIGH PRIORITY,95th percentile prioritisation threshold,Spectral-stress evidence detected. Prioritise field inspection to determine the underlying cause. Field verification required.,21
scene_03-Z0195,scene_03,218,196200.0,558002.0642201835,1962892.2935779816,33.547134482317404,17.752539770078755,2.7516329288482666,4.715905666351318,2.5970096588134766,100.0,HIGH PRIORITY,95th percentile prioritisation threshold,Spectral-stress evidence detected. Prioritise field inspection to determine the underlying cause. Field verification required.,22
scene_03-Z0019,scene_03,18,16200.0,554883.3333333334,1972621.6666666667,33.51796993011153,17.84055816256526,2.6956470012664795,3.576368570327759,2.7764029502868652,100.0,HIGH PRIORITY,95th percentile prioritisation threshold,Spectral-stress evidence detected. Prioritise field inspection to determine the underlying cause. Field verification required.,23
scene_03-Z0244,scene_03,95,85500.0,559914.947368421,1960427.6842105263,33.56510823699249,17.73021238088557,2.672600030899048,3.842207908630371,2.698988199234009,100.0,HIGH PRIORITY,95th percentile prioritisation threshold,Spectral-stress evidence detected. Prioritise field inspection to determine the underlying cause. Field verification required.,24
scene_03-Z0174,scene_03,47,42300.0,558245.7446808511,1964374.4680851065,33.549473944765154,17.765929896078134,2.6699862480163574,3.6984925270080566,2.757699966430664,100.0,HIGH PRIORITY,95th percentile prioritisation threshold,Spectral-stress evidence detected. Prioritise field inspection to determine the underlying cause. Field verification required.,25
scene_03-Z0074,scene_03,10,9000.0,553794.0,1970100.0,33.507624919643575,17.817793225791213,2.6661558151245117,3.646188974380493,2.704773187637329,100.0,HIGH PRIORITY,95th percentile prioritisation threshold,Spectral-stress evidence detected. Prioritise field inspection to determine the underlying cause. Field verification required.,26
scene_03-Z0137,scene_03,66,59400.0,557524.0909090909,1966428.1818181819,33.54272231628579,17.784511234167145,2.64128041267395,3.9617247581481934,2.543153762817383,100.0,HIGH PRIORITY,95th percentile prioritisation threshold,Spectral-stress evidence detected. Prioritise field inspection to determine the underlying cause. Field verification required.,27
scene_03-Z0114,scene_03,10,9000.0,568215.0,1967856.0,33.64362973423025,17.797110676112688,2.632343292236328,3.349964141845703,2.533426523208618,100.0,HIGH PRIORITY,95th percentile prioritisation threshold,Spectral-stress evidence detected. Prioritise field inspection to determine the underlying cause. Field verification required.,28
scene_03-Z0276,scene_03,10,9000.0,559440.0,1958970.0,33.56058781599359,17.71705000306526,2.629411220550537,2.9865357875823975,2.7406625747680664,100.0,HIGH PRIORITY,95th percentile prioritisation threshold,Spectral-stress evidence detected. Prioritise field inspection to determine the underlying cause. Field verification required.,29
scene_03-Z0185,scene_03,19,17100.0,566954.2105263158,1963651.5789473683,33.63160080595676,17.759148652507456,2.613243818283081,3.290985107421875,2.743614912033081,100.0,HIGH PRIORITY,95th percentile prioritisation threshold,Spectral-stress evidence detected. Prioritise field inspection to determine the underlying cause. Field verification required.,30
scene_03-Z0286,scene_03,129,116100.0,567802.7906976744,1958425.8139534884,33.63943778377747,17.71189057161084,2.5998597145080566,4.140159606933594,2.5133113861083984,100.0,HIGH PRIORITY,95th percentile prioritisation threshold,Spectral-stress evidence detected. Prioritise field inspection to determine the underlying cause. Field verification required.,31
scene_03-Z0064,scene_03,127,114300.0,574767.4015748032,1970383.7007874015,33.70554021531308,17.819743249653953,2.5960545539855957,4.351695537567139,2.473360776901245,100.0,HIGH PRIORITY,95th percentile prioritisation threshold,Spectral-stress evidence detected. Prioritise field inspection to determine the underlying cause. Field verification required.,32
scene_03-Z0206,scene_03,47,42300.0,572382.7659574468,1962330.0,33.68276227043615,17.74703225978631,2.5960400104522705,4.079966068267822,2.392601728439331,100.0,HIGH PRIORITY,95th percentile prioritisation threshold,Spectral-stress evidence detected. Prioritise field inspection to determine the underlying cause. Field verification required.,33
scene_03-Z0124,scene_03,21,18900.0,579784.2857142857,1967194.2857142857,33.75275807325094,17.790740591427085,2.5896105766296387,3.0056071281433105,2.7122135162353516,100.0,HIGH PRIORITY,95th percentile prioritisation threshold,Spectral-stress evidence detected. Prioritise field inspection to determine the underlying cause. Field verification required.,34
scene_03-Z0128,scene_03,322,289800.0,579591.0559006211,1965996.801242236,33.7508898535063,17.779924659592567,2.5712432861328125,3.9434895515441895,2.5215799808502197,100.0,HIGH PRIORITY,95th percentile prioritisation threshold,Spectral-stress evidence detected. Prioritise field inspection to determine the underlying cause. Field verification required.,35
scene_03-Z0001,scene_03,2856,2570400.0,562634.5693277312,1972228.5294117648,33.59110901340464,17.836797122305697,2.5692265033721924,4.34976863861084,2.5577006340026855,100.0,HIGH PRIORITY,95th percentile prioritisation threshold,Spectral-stress evidence detected. Prioritise field inspection to determine the underlying cause. Field verification required.,36
scene_03-Z0094,scene_03,10,9000.0,570489.0,1969413.0,33.6651367346654,17.81111142037517,2.5677506923675537,3.244591236114502,2.5215539932250977,100.0,HIGH PRIORITY,95th percentile prioritisation threshold,Spectral-stress evidence detected. Prioritise field inspection to determine the underlying cause. Field verification required.,37
scene_03-Z0117,scene_03,29,26100.0,568185.5172413794,1967603.7931034483,33.6433434017825,17.79483208039667,2.5665364265441895,3.722994565963745,2.4538166522979736,100.0,HIGH PRIORITY,95th percentile prioritisation threshold,Spectral-stress evidence detected. Prioritise field inspection to determine the underlying cause. Field verification required.,38
scene_03-Z0225,scene_03,189,170100.0,578256.3492063492,1960992.5396825396,33.738113041460615,17.73474346643255,2.5607528686523438,3.3332183361053467,2.5693821907043457,100.0,HIGH PRIORITY,95th percentile prioritisation threshold,Spectral-stress evidence detected. Prioritise field inspection to determine the underlying cause. Field verification required.,39
scene_03-Z0134,scene_03,172,154800.0,578823.3139534884,1966276.3953488371,33.74365761181332,17.7824792892715,2.559070587158203,3.7103235721588135,2.5030500888824463,100.0,HIGH PRIORITY,95th percentile prioritisation threshold,Spectral-stress evidence detected. Prioritise field inspection to determine the underlying cause. Field verification required.,40
scene_03-Z0355,scene_03,9,8100.0,567926.6666666666,1953760.0,33.64045651854486,17.669715470907782,2.558919668197632,3.2849621772766113,2.701261520385742,100.0,HIGH PRIORITY,95th percentile prioritisation threshold,Spectral-stress evidence detected. Prioritise field inspection to determine the underlying cause. Field verification required.,41
scene_03-Z0065,scene_03,23,20700.0,575520.0,1970596.956521739,33.712649346118866,17.821644913920657,2.554917097091675,3.1451449394226074,2.5426523685455322,100.0,HIGH PRIORITY,95th percentile prioritisation threshold,Spectral-stress evidence detected. Prioritise field inspection to determine the underlying cause. Field verification required.,42
scene_03-Z0188,scene_03,381,342900.0,578473.937007874,1962832.6771653544,33.74023353648053,17.751367120031027,2.540106773376465,3.3463175296783447,2.6052186489105225,100.0,HIGH PRIORITY,95th percentile prioritisation threshold,Spectral-stress evidence detected. Prioritise field inspection to determine the underlying cause. Field verification required.,43
scene_03-Z0135,scene_03,37,33300.0,557797.2972972973,1966485.4054054054,33.54530141965628,17.785021283900903,2.5291385650634766,3.907731056213379,2.55763840675354,100.0,HIGH PRIORITY,95th percentile prioritisation threshold,Spectral-stress evidence detected. Prioritise field inspection to determine the underlying cause. Field verification required.,44
scene_03-Z0099,scene_03,13,11700.0,554651.5384615385,1969294.6153846155,33.51569588167679,17.810492621584224,2.519611120223999,3.3050575256347656,2.3917977809906006,100.0,HIGH PRIORITY,95th percentile prioritisation threshold,Spectral-stress evidence detected. Prioritise field inspection to determine the underlying cause. Field verification required.,45
scene_03-Z0390,scene_03,9,8100.0,573266.6666666666,1945330.0,33.69051276680738,17.593352236080637,2.5155839920043945,3.123183250427246,2.4482059478759766,100.0,HIGH PRIORITY,95th percentile prioritisation threshold,Spectral-stress evidence detected. Prioritise field inspection to determine the underlying cause. Field verification required.,46
scene_03-Z0093,scene_03,1047,942300.0,579635.988538682,1968223.0085959886,33.751397891097305,17.800043613786528,2.511598587036133,3.8783841133117676,2.3938677310943604,100.0,HIGH PRIORITY,95th percentile prioritisation threshold,Spectral-stress evidence detected. Prioritise field inspection to determine the underlying cause. Field verification required.,47
scene_03-Z0096,scene_03,201,180900.0,556881.7910447761,1969105.5223880596,33.536734931185926,17.80872689119568,2.490603446960449,3.830087184906006,2.397277593612671,100.0,HIGH PRIORITY,95th percentile prioritisation threshold,Spectral-stress evidence detected. Prioritise field inspection to determine the underlying cause. Field verification required.,48
scene_03-Z0113,scene_03,10,9000.0,569721.0,1967928.0,33.657841017738235,17.797714175621863,2.4786953926086426,2.9059605598449707,2.472850799560547,100.0,HIGH PRIORITY,95th percentile prioritisation threshold,Spectral-stress evidence detected. Prioritise field inspection to determine the underlying cause. Field verification required.,49
scene_03-Z0227,scene_03,175,157500.0,572282.7428571428,1961175.9428571428,33.6817793627011,17.73660490138838,2.4763951301574707,4.339636325836182,2.3520054817199707,100.0,HIGH PRIORITY,95th percentile prioritisation threshold,Spectral-stress evidence detected. Prioritise field inspection to determine the underlying cause. Field verification required.,50
scene_03-Z0125,scene_03,187,168300.0,578995.3475935829,1966967.0053475937,33.745306449335715,17.788714900082166,2.46692156791687,3.701343536376953,2.344015121459961,100.0,HIGH PRIORITY,95th percentile prioritisation threshold,Spectral-stress evidence detected. Prioritise field inspection to determine the underlying cause. Field verification required.,51
scene_03-Z0381,scene_03,26,23400.0,555165.0,1948936.1538461538,33.52001017629092,17.626469311225584,2.4497222900390625,3.7214202880859375,2.386101484298706,100.0,HIGH PRIORITY,95th percentile prioritisation threshold,Spectral-stress evidence detected. Prioritise field inspection to determine the underlying cause. Field verification required.,52
scene_03-Z0273,scene_03,14,12600.0,559549.2857142857,1959137.142857143,33.561623172594544,17.718557773939555,2.4471309185028076,3.1592202186584473,2.48917555809021,100.0,HIGH PRIORITY,95th percentile prioritisation threshold,Spectral-stress evidence detected. Prioritise field inspection to determine the underlying cause. Field verification required.,53
scene_03-Z0349,scene_03,19,17100.0,566979.4736842106,1954045.2631578948,33.63153516981673,17.672322636512718,2.4257333278656006,3.569417715072632,2.292259454727173,100.0,HIGH PRIORITY,95th percentile prioritisation threshold,Spectral-stress evidence detected. Prioritise field inspection to determine the underlying cause. Field verification required.,54
scene_03-Z0007,scene_03,93,83700.0,577986.4516129033,1973004.8387096773,33.736012175611855,17.843321212738214,2.4244635105133057,5.193062782287598,2.1544599533081055,100.0,HIGH PRIORITY,95th percentile prioritisation threshold,Spectral-stress evidence detected. Prioritise field inspection to determine the underlying cause. Field verification required.,55
scene_03-Z0100,scene_03,999,899100.0,574373.4534534535,1968367.1471471472,33.70175165293895,17.801530751265133,2.423374652862549,3.7805099487304688,2.352015256881714,100.0,HIGH PRIORITY,95th percentile prioritisation threshold,Spectral-stress evidence detected. Prioritise field inspection to determine the underlying cause. Field verification required.,56
scene_03-Z0098,scene_03,15,13500.0,561868.0,1969314.0,33.58378906740326,17.810476400858896,2.421363115310669,3.1492340564727783,2.4162871837615967,100.0,HIGH PRIORITY,95th percentile prioritisation threshold,Spectral-stress evidence detected. Prioritise field inspection to determine the underlying cause. Field verification required.,57
scene_03-Z0079,scene_03,17,15300.0,553432.9411764706,1969994.1176470588,33.504215209129164,17.81684503031667,2.4201724529266357,3.3473355770111084,2.3342747688293457,100.0,HIGH PRIORITY,95th percentile prioritisation threshold,Spectral-stress evidence detected. Prioritise field inspection to determine the underlying cause. Field verification required.,58
scene_03-Z0062,scene_03,7814,7032600.0,576970.7077041208,1967814.7747632454,33.726236466296896,17.796448919591956,2.4151220321655273,3.8981850147247314,2.3416635990142822,100.0,HIGH PRIORITY,95th percentile prioritisation threshold,Spectral-stress evidence detected. Prioritise field inspection to determine the underlying cause. Field verification required.,59
scene_03-Z0013,scene_03,121,108900.0,564751.4876033058,1972808.1818181819,33.61110432471738,17.841974691139203,2.410858631134033,3.3243885040283203,2.3547568321228027,100.0,HIGH PRIORITY,95th percentile prioritisation threshold,Spectral-stress evidence detected. Prioritise field inspection to determine the underlying cause. Field verification required.,60
scene_03-Z0043,scene_03,178,160200.0,581339.1573033708,1971341.4606741574,33.76758752811625,17.8281657981345,2.4059557914733887,3.4996190071105957,2.369232654571533,100.0,HIGH PRIORITY,95th percentile prioritisation threshold,Spectral-stress evidence detected. Prioritise field inspection to determine the underlying cause. Field verification required.,61
scene_03-Z0158,scene_03,187,168300.0,579460.2673796791,1964807.9679144386,33.74961123103659,17.76918462682322,2.4048807621002197,3.4058778285980225,2.3485448360443115,100.0,HIGH PRIORITY,95th percentile prioritisation threshold,Spectral-stress evidence detected. Prioritise field inspection to determine the underlying cause. Field verification required.,62
scene_03-Z0145,scene_03,10,9000.0,557040.0,1966005.0,33.53814376118656,17.78069893663819,2.396373748779297,3.5045530796051025,2.1840264797210693,100.0,HIGH PRIORITY,95th percentile prioritisation threshold,Spectral-stress evidence detected. Prioritise field inspection to determine the underlying cause. Field verification required.,63
scene_03-Z0129,scene_03,11,9900.0,580445.4545454546,1966870.9090909092,33.75898339884756,17.78779381277616,2.3936843872070312,3.4124295711517334,2.285536766052246,100.0,HIGH PRIORITY,95th percentile prioritisation threshold,Spectral-stress evidence detected. Prioritise field inspection to determine the underlying cause. Field verification required.,64
scene_03-Z0208,scene_03,15,13500.0,574802.0,1962338.0,33.70558112756328,17.747023811776987,2.388411521911621,2.7803473472595215,2.4005892276763916,100.0,HIGH PRIORITY,95th percentile prioritisation threshold,Spectral-stress evidence detected. Prioritise field inspection to determine the underlying cause. Field verification required.,65
scene_03-Z0252,scene_03,9,8100.0,560453.3333333334,1960300.0,33.570182374724425,17.729043632476632,2.3878469467163086,2.8085789680480957,2.375795364379883,100.0,HIGH PRIORITY,95th percentile prioritisation threshold,Spectral-stress evidence detected. Prioritise field inspection to determine the underlying cause. Field verification required.,66
scene_03-Z0150,scene_03,85,76500.0,578721.5294117647,1965519.5294117648,33.74266912395359,17.775642318072407,2.3852291107177734,3.3369901180267334,2.3843979835510254,100.0,HIGH PRIORITY,95th percentile prioritisation threshold,Spectral-stress evidence detected. Prioritise field inspection to determine the underlying cause. Field verification required.,67
scene_03-Z0172,scene_03,10,9000.0,566370.0,1964595.0,33.62611967115451,17.767693267772206,2.382160186767578,2.890925645828247,2.3455443382263184,100.0,HIGH PRIORITY,95th percentile prioritisation threshold,Spectral-stress evidence detected. Prioritise field inspection to determine the underlying cause. Field verification required.,68
scene_03-Z0034,scene_03,36,32400.0,574041.6666666666,1971870.8333333333,33.69874460806983,17.83320873850149,2.370389461517334,2.975181818008423,2.30837345123291,100.0,HIGH PRIORITY,95th percentile prioritisation threshold,Spectral-stress evidence detected. Prioritise field inspection to determine the underlying cause. Field verification required.,69
scene_03-Z0311,scene_03,678,610200.0,578423.6725663717,1956977.9203539824,33.73954240661,17.698452814782733,2.3681981563568115,3.3660614490509033,2.3427324295043945,100.0,HIGH PRIORITY,95th percentile prioritisation threshold,Spectral-stress evidence detected. Prioritise field inspection to determine the underlying cause. Field verification required.,70
scene_03-Z0111,scene_03,21,18900.0,563945.7142857143,1968170.0,33.60335892370313,17.800077056913253,2.3650965690612793,3.1557023525238037,2.360933780670166,100.0,HIGH PRIORITY,95th percentile prioritisation threshold,Spectral-stress evidence detected. Prioritise field inspection to determine the underlying cause. Field verification required.,71
scene_03-Z0282,scene_03,57,51300.0,578154.2105263158,1958585.2631578948,33.737060809793626,17.71298977691767,2.357919692993164,2.985177755355835,2.3269267082214355,100.0,HIGH PRIORITY,95th percentile prioritisation threshold,Spectral-stress evidence detected. Prioritise field inspection to determine the underlying cause. Field verification required.,72
scene_03-Z0023,scene_03,806,725400.0,580377.7667493797,1971660.111662531,33.75852778024084,17.831081197153768,2.3505895137786865,4.090641975402832,2.2026145458221436,100.0,HIGH PRIORITY,95th percentile prioritisation threshold,Spectral-stress evidence detected. Prioritise field inspection to determine the underlying cause. Field verification required.,73
scene_03-Z0249,scene_03,2636,2372400.0,577338.0159332321,1958740.584218513,33.72936953169417,17.714422318106976,2.3496761322021484,3.6650545597076416,2.2652554512023926,100.0,HIGH PRIORITY,95th percentile prioritisation threshold,Spectral-stress evidence detected. Prioritise field inspection to determine the underlying cause. Field verification required.,74
scene_03-Z0285,scene_03,9,8100.0,552636.6666666666,1958593.3333333333,33.496417040575054,17.713818096543182,2.3483033180236816,2.591038465499878,2.374267816543579,100.0,HIGH PRIORITY,95th percentile prioritisation threshold,Spectral-stress evidence detected. Prioritise field inspection to determine the underlying cause. Field verification required.,75
scene_03-Z0271,scene_03,172,154800.0,578025.0,1959190.988372093,33.73586464318986,17.7184689814363,2.342026710510254,2.981626272201538,2.3225951194763184,100.0,HIGH PRIORITY,95th percentile prioritisation threshold,Spectral-stress evidence detected. Prioritise field inspection to determine the underlying cause. Field verification required.,76
scene_03-Z0315,scene_03,110,99000.0,579023.4545454546,1956906.2727272727,33.74519538530096,17.697783898746902,2.339933395385742,3.3793578147888184,2.296152353286743,100.0,HIGH PRIORITY,95th percentile prioritisation threshold,Spectral-stress evidence detected. Prioritise field inspection to determine the underlying cause. Field verification required.,77
scene_03-Z0151,scene_03,297,267300.0,560225.3535353536,1965384.5454545454,33.56817719499916,17.77500613600584,2.3349194526672363,3.349088191986084,2.288444757461548,100.0,HIGH PRIORITY,95th percentile prioritisation threshold,Spectral-stress evidence detected. Prioritise field inspection to determine the underlying cause. Field verification required.,78
scene_03-Z0141,scene_03,13,11700.0,557933.0769230769,1966172.3076923077,33.54657381332005,17.782187801249595,2.334641456604004,2.9480199813842773,2.3494739532470703,100.0,HIGH PRIORITY,95th percentile prioritisation threshold,Spectral-stress evidence detected. Prioritise field inspection to determine the underlying cause. Field verification required.,79
scene_03-Z0048,scene_03,29,26100.0,557621.3793103448,1971438.6206896552,33.54377737397879,17.82979508547594,2.334394693374634,3.2414259910583496,2.260425090789795,100.0,HIGH PRIORITY,95th percentile prioritisation threshold,Spectral-stress evidence detected. Prioritise field inspection to determine the underlying cause. Field verification required.,80
scene_03-Z0046,scene_03,553,497700.0,553020.650994575,1971183.7974683545,33.500354784295105,17.827607897185565,2.3303728103637695,3.483813762664795,2.2748005390167236,100.0,HIGH PRIORITY,95th percentile prioritisation threshold,Spectral-stress evidence detected. Prioritise field inspection to determine the underlying cause. Field verification required.,81
scene_03-Z0142,scene_03,15,13500.0,557748.0,1966136.0,33.544826754833124,17.781864502531917,2.3237173557281494,3.0358922481536865,2.2399399280548096,100.0,HIGH PRIORITY,95th percentile prioritisation threshold,Spectral-stress evidence detected. Prioritise field inspection to determine the underlying cause. Field verification required.,82
scene_03-Z0153,scene_03,10,9000.0,557376.0,1965492.0,33.541299687786676,17.77605348078512,2.320615768432617,3.08695387840271,2.258577823638916,100.0,HIGH PRIORITY,95th percentile prioritisation threshold,Spectral-stress evidence detected. Prioritise field inspection to determine the underlying cause. Field verification required.,83
scene_03-Z0350,scene_03,19,17100.0,566538.947368421,1953956.8421052631,33.62737895276399,17.671536731541472,2.3193955421447754,3.1610236167907715,2.2405080795288086,100.0,HIGH PRIORITY,95th percentile prioritisation threshold,Spectral-stress evidence detected. Prioritise field inspection to determine the underlying cause. Field verification required.,84
scene_03-Z0318,scene_03,40,36000.0,566181.0,1956900.0,33.62409592808827,17.69814887174481,2.31719708442688,3.2322335243225098,2.210282325744629,100.0,HIGH PRIORITY,95th percentile prioritisation threshold,Spectral-stress evidence detected. Prioritise field inspection to determine the underlying cause. Field verification required.,85
scene_03-Z0305,scene_03,127,114300.0,578196.6141732284,1957751.1023622048,33.73742988908197,17.70544900106479,2.310668706893921,2.979372978210449,2.3223114013671875,100.0,HIGH PRIORITY,95th percentile prioritisation threshold,Spectral-stress evidence detected. Prioritise field inspection to determine the underlying cause. Field verification required.,86
scene_03-Z0037,scene_03,262,235800.0,564931.6030534351,1971463.282442748,33.61276254940386,17.829813796892182,2.3055450916290283,3.323167324066162,2.236544609069824,100.0,HIGH PRIORITY,95th percentile prioritisation threshold,Spectral-stress evidence detected. Prioritise field inspection to determine the underlying cause. Field verification required.,87
scene_03-Z0055,scene_03,9,8100.0,560910.0,1971060.0,33.57480025139621,17.826284138644958,2.3045003414154053,2.9432575702667236,2.2618155479431152,100.0,HIGH PRIORITY,95th percentile prioritisation threshold,Spectral-stress evidence detected. Prioritise field inspection to determine the underlying cause. Field verification required.,88
scene_03-Z0213,scene_03,13,11700.0,574797.6923076923,1962096.923076923,33.705531962090696,17.744845059871146,2.295431613922119,2.693899631500244,2.2604377269744873,100.0,HIGH PRIORITY,95th percentile prioritisation threshold,Spectral-stress evidence detected. Prioritise field inspection to determine the underlying cause. Field verification required.,89
scene_03-Z0011,scene_03,9,8100.0,582483.3333333334,1972950.0,33.778447416683704,17.84266098597292,2.291029930114746,2.641455888748169,2.284964084625244,100.0,HIGH PRIORITY,95th percentile prioritisation threshold,Spectral-stress evidence detected. Prioritise field inspection to determine the underlying cause. Field verification required.,90
scene_03-Z0268,scene_03,29,26100.0,577163.7931034482,1959294.8275862068,33.72774674908171,17.719437755760268,2.2836430072784424,2.822331190109253,2.3128058910369873,100.0,HIGH PRIORITY,95th percentile prioritisation threshold,Spectral-stress evidence detected. Prioritise field inspection to determine the underlying cause. Field verification required.,91
scene_03-Z0317,scene_03,74,66600.0,565815.4054054054,1956984.3243243243,33.62065108794096,17.698921939682602,2.279902696609497,3.32389497756958,2.229783535003662,100.0,HIGH PRIORITY,95th percentile prioritisation threshold,Spectral-stress evidence detected. Prioritise field inspection to determine the underlying cause. Field verification required.,92
scene_03-Z0004,scene_03,169,152100.0,566433.1952662722,1972982.8402366864,33.6269805958338,17.843502977805052,2.278032064437866,3.0734658241271973,2.2647223472595215,100.0,HIGH PRIORITY,95th percentile prioritisation threshold,Spectral-stress evidence detected. Prioritise field inspection to determine the underlying cause. Field verification required.,93
scene_03-Z0090,scene_03,14,12600.0,574761.4285714285,1969485.0,33.705451907657476,17.8116208859315,2.2722413539886475,2.7230494022369385,2.2930197715759277,100.0,HIGH PRIORITY,95th percentile prioritisation threshold,Spectral-stress evidence detected. Prioritise field inspection to determine the underlying cause. Field verification required.,94
scene_03-Z0232,scene_03,167,150300.0,576929.4610778443,1960690.2395209582,33.72558758994402,17.732057894348316,2.2644741535186768,2.9403388500213623,2.2257027626037598,100.0,HIGH PRIORITY,95th percentile prioritisation threshold,Spectral-stress evidence detected. Prioritise field inspection to determine the underlying cause. Field verification required.,95
scene_03-Z0144,scene_03,13,11700.0,556920.0,1965990.0,33.5370112528585,17.780566467682092,2.2641654014587402,2.7431857585906982,2.1362383365631104,100.0,HIGH PRIORITY,95th percentile prioritisation threshold,Spectral-stress evidence detected. Prioritise field inspection to determine the underlying cause. Field verification required.,96
scene_03-Z0314,scene_03,139,125100.0,553525.8992805756,1957166.5467625898,33.50476711161508,17.70090063633362,2.2631454467773438,2.9876229763031006,2.198377847671509,100.0,HIGH PRIORITY,95th percentile prioritisation threshold,Spectral-stress evidence detected. Prioritise field inspection to determine the underlying cause. Field verification required.,97
scene_03-Z0032,scene_03,39,35100.0,563063.0769230769,1972030.0,33.595146901165684,17.834990472244066,2.2564876079559326,2.6754608154296875,2.3067288398742676,100.0,HIGH PRIORITY,95th percentile prioritisation threshold,Spectral-stress evidence detected. Prioritise field inspection to determine the underlying cause. Field verification required.,98
scene_03-Z0066,scene_03,11,9900.0,579951.8181818182,1970588.1818181819,33.75446756689747,17.82140864723541,2.255265235900879,2.5691514015197754,2.240415573120117,100.0,HIGH PRIORITY,95th percentile prioritisation threshold,Spectral-stress evidence detected. Prioritise field inspection to determine the underlying cause. Field verification required.,99
scene_03-Z0304,scene_03,18,16200.0,553478.3333333334,1957955.0,33.50433846502012,17.70802827018034,2.2548136711120605,2.6982524394989014,2.216413736343384,100.0,HIGH PRIORITY,95th percentile prioritisation threshold,Spectral-stress evidence detected. Prioritise field inspection to determine the underlying cause. Field verification required.,100
scene_03-Z0261,scene_03,37,33300.0,577217.027027027,1959680.2702702703,33.72826284304708,17.72291958907449,2.247392177581787,2.7606804370880127,2.2638113498687744,100.0,HIGH PRIORITY,95th percentile prioritisation threshold,Spectral-stress evidence detected. Prioritise field inspection to determine the underlying cause. Field verification required.,101
scene_03-Z0009,scene_03,15,13500.0,582226.0,1973048.0,33.77602280103235,17.84355637279591,2.2412989139556885,2.9916632175445557,2.236241340637207,100.0,HIGH PRIORITY,95th percentile prioritisation threshold,Spectral-stress evidence detected. Prioritise field inspection to determine the underlying cause. Field verification required.,102
scene_03-Z0028,scene_03,104,93600.0,565759.9038461539,1971994.326923077,33.6205955511118,17.834588843734032,2.238292694091797,2.8243072032928467,2.193305015563965,100.0,HIGH PRIORITY,95th percentile prioritisation threshold,Spectral-stress evidence detected. Prioritise field inspection to determine the underlying cause. Field verification required.,103
scene_03-Z0278,scene_03,9,8100.0,552956.6666666666,1958803.3333333333,33.499440133781015,17.71570854574308,2.2331013679504395,2.5271072387695312,2.2361130714416504,100.0,HIGH PRIORITY,95th percentile prioritisation threshold,Spectral-stress evidence detected. Prioritise field inspection to determine the underlying cause. Field verification required.,104
scene_03-Z0123,scene_03,480,432000.0,575289.9375,1966466.375,33.71033072136587,17.784320110497703,2.2259562015533447,3.4187514781951904,2.1206343173980713,100.0,HIGH PRIORITY,95th percentile prioritisation threshold,Spectral-stress evidence detected. Prioritise field inspection to determine the underlying cause. Field verification required.,105
scene_03-Z0207,scene_03,12,10800.0,578187.5,1962385.0,33.73751521007968,17.747331140014385,2.221740961074829,2.6730897426605225,2.179830551147461,100.0,HIGH PRIORITY,95th percentile prioritisation threshold,Spectral-stress evidence detected. Prioritise field inspection to determine the underlying cause. Field verification required.,106
scene_03-Z0057,scene_03,10,9000.0,580995.0,1970940.0,33.764324499017214,17.824550131633735,2.2206521034240723,2.5400614738464355,2.171841621398926,100.0,HIGH PRIORITY,95th percentile prioritisation threshold,Spectral-stress evidence detected. Prioritise field inspection to determine the underlying cause. Field verification required.,107
scene_03-Z0299,scene_03,46,41400.0,552798.2608695652,1958055.0,33.497927572586725,17.708948480153218,2.2191965579986572,2.7583556175231934,2.1905527114868164,100.0,HIGH PRIORITY,95th percentile prioritisation threshold,Spectral-stress evidence detected. Prioritise field inspection to determine the underlying cause. Field verification required.,108
scene_03-Z0293,scene_03,9,8100.0,552670.0,1958300.0,33.49672410225994,17.711165989866384,2.214425563812256,2.5500941276550293,2.2753498554229736,100.0,HIGH PRIORITY,95th percentile prioritisation threshold,Spectral-stress evidence detected. Prioritise field inspection to determine the underlying cause. Field verification required.,109
scene_03-Z0274,scene_03,35,31500.0,578653.7142857143,1959022.2857142857,33.74178750406885,17.716921921645,2.2117254734039307,2.902193546295166,2.125638008117676,100.0,HIGH PRIORITY,95th percentile prioritisation threshold,Spectral-stress evidence detected. Prioritise field inspection to determine the underlying cause. Field verification required.,110
scene_03-Z0130,scene_03,11,9900.0,565017.2727272727,1966715.4545454546,33.613424276084885,17.786898983478707,2.2092208862304688,2.9234073162078857,2.14444637298584,100.0,HIGH PRIORITY,95th percentile prioritisation threshold,Spectral-stress evidence detected. Prioritise field inspection to determine the underlying cause. Field verification required.,111
scene_03-Z0035,scene_03,263,236700.0,577726.1977186311,1971365.475285171,33.73349546045432,17.82851381238325,2.2085342407226562,3.367347002029419,2.1269543170928955,100.0,HIGH PRIORITY,95th percentile prioritisation threshold,Spectral-stress evidence detected. Prioritise field inspection to determine the underlying cause. Field verification required.,112
scene_03-Z0202,scene_03,19,17100.0,572256.3157894737,1962833.6842105263,33.68158680019925,17.751588820829614,2.2061190605163574,2.8278162479400635,2.1819117069244385,100.0,HIGH PRIORITY,95th percentile prioritisation threshold,Spectral-stress evidence detected. Prioritise field inspection to determine the underlying cause. Field verification required.,113
scene_03-Z0102,scene_03,26,23400.0,573536.5384615385,1968912.6923076923,33.693874418302954,17.806489638558645,2.205573797225952,2.9053094387054443,2.1644883155822754,100.0,HIGH PRIORITY,95th percentile prioritisation threshold,Spectral-stress evidence detected. Prioritise field inspection to determine the underlying cause. Field verification required.,114
scene_03-Z0070,scene_03,38,34200.0,580501.5789473684,1970337.6315789474,33.75964547360787,17.819124077881483,2.204700469970703,2.8865365982055664,2.113036632537842,100.0,HIGH PRIORITY,95th percentile prioritisation threshold,Spectral-stress evidence detected. Prioritise field inspection to determine the underlying cause. Field verification required.,115
scene_03-Z0280,scene_03,19,17100.0,556008.947368421,1958748.9473684211,33.52822421787293,17.715141689141163,2.196711540222168,2.537421941757202,2.179839849472046,100.0,HIGH PRIORITY,95th percentile prioritisation threshold,Spectral-stress evidence detected. Prioritise field inspection to determine the underlying cause. Field verification required.,116
scene_03-Z0269,scene_03,13,11700.0,577276.1538461539,1959355.3846153845,33.72880859349504,17.719981151179805,2.189589500427246,2.5863280296325684,2.166447639465332,100.0,HIGH PRIORITY,95th percentile prioritisation threshold,Spectral-stress evidence detected. Prioritise field inspection to determine the underlying cause. Field verification required.,117
scene_03-Z0197,scene_03,408,367200.0,577217.2794117647,1962063.8970588236,33.728352269572085,17.74446316145913,2.1872832775115967,3.1206111907958984,2.1132378578186035,100.0,HIGH PRIORITY,95th percentile prioritisation threshold,Spectral-stress evidence detected. Prioritise field inspection to determine the underlying cause. Field verification required.,118
scene_03-Z0258,scene_03,98,88200.0,559935.918367347,1959781.836734694,33.565287725502685,17.72437435145988,2.1841413974761963,2.9757232666015625,2.060143232345581,100.0,HIGH PRIORITY,95th percentile prioritisation threshold,Spectral-stress evidence detected. Prioritise field inspection to determine the underlying cause. Field verification required.,119
scene_03-Z0025,scene_03,25,22500.0,582097.2,1972215.6,33.774774764850264,17.836038004714165,2.183505058288574,2.66188645362854,2.1984353065490723,100.0,HIGH PRIORITY,95th percentile prioritisation threshold,Spectral-stress evidence detected. Prioritise field inspection to determine the underlying cause. Field verification required.,120
scene_03-Z0159,scene_03,11,9900.0,560997.2727272727,1965147.2727272727,33.57545249404648,17.772840314907057,2.1820240020751953,2.6815052032470703,2.1719586849212646,100.0,HIGH PRIORITY,95th percentile prioritisation threshold,Spectral-stress evidence detected. Prioritise field inspection to determine the underlying cause. Field verification required.,121
scene_03-Z0024,scene_03,48,43200.0,566158.75,1972221.875,33.624366583710106,17.83663348540162,2.1816153526306152,2.660062313079834,2.163527488708496,100.0,HIGH PRIORITY,95th percentile prioritisation threshold,Spectral-stress evidence detected. Prioritise field inspection to determine the underlying cause. Field verification required.,122
scene_03-Z0133,scene_03,26,23400.0,579433.8461538461,1966592.3076923077,33.74942921790023,17.7853125657879,2.181410789489746,2.7030181884765625,2.1219236850738525,100.0,HIGH PRIORITY,95th percentile prioritisation threshold,Spectral-stress evidence detected. Prioritise field inspection to determine the underlying cause. Field verification required.,123
scene_03-Z0292,scene_03,13,11700.0,552812.3076923077,1958303.076923077,33.49806622775824,17.71119040376737,2.178555488586426,2.676661252975464,2.104550361633301,100.0,HIGH PRIORITY,95th percentile prioritisation threshold,Spectral-stress evidence detected. Prioritise field inspection to determine the underlying cause. Field verification required.,124
scene_03-Z0106,scene_03,23,20700.0,578975.2173913043,1968490.4347826086,33.74517366759186,17.802484470674365,2.1780426502227783,2.902425765991211,2.041795492172241,100.0,HIGH PRIORITY,95th percentile prioritisation threshold,Spectral-stress evidence detected. Prioritise field inspection to determine the underlying cause. Field verification required.,125
scene_03-Z0245,scene_03,44,39600.0,577187.7272727273,1960410.0,33.728013147691165,17.729516027264115,2.1773359775543213,2.9184160232543945,2.0583953857421875,100.0,HIGH PRIORITY,95th percentile prioritisation threshold,Spectral-stress evidence detected. Prioritise field inspection to determine the underlying cause. Field verification required.,126
scene_03-Z0326,scene_03,47,42300.0,553279.1489361703,1956306.3829787234,33.50241861684901,17.693131945733015,2.1725573539733887,2.692866802215576,2.0953948497772217,100.0,HIGH PRIORITY,95th percentile prioritisation threshold,Spectral-stress evidence detected. Prioritise field inspection to determine the underlying cause. Field verification required.,127
scene_03-Z0088,scene_03,79,71100.0,576869.2405063291,1969464.3037974683,33.72533939951442,17.811361067575568,2.1644933223724365,2.6304001808166504,2.178152561187744,100.0,HIGH PRIORITY,95th percentile prioritisation threshold,Spectral-stress evidence detected. Prioritise field inspection to determine the underlying cause. Field verification required.,128
scene_03-Z0289,scene_03,237,213300.0,561418.6075949367,1958217.4683544303,33.57922585260438,17.710194155142165,2.157986879348755,2.7581512928009033,2.1244394779205322,100.0,HIGH PRIORITY,95th percentile prioritisation threshold,Spectral-stress evidence detected. Prioritise field inspection to determine the underlying cause. Field verification required.,129
scene_03-Z0010,scene_03,16,14400.0,567217.5,1972948.125,33.63438123403407,17.843165303119484,2.1533024311065674,2.8695571422576904,2.039844512939453,100.0,HIGH PRIORITY,95th percentile prioritisation threshold,Spectral-stress evidence detected. Prioritise field inspection to determine the underlying cause. Field verification required.,130
scene_03-Z0109,scene_03,137,123300.0,573739.9270072993,1968147.591240876,33.6957666400664,17.799567721083452,2.1531803607940674,2.809548854827881,2.1175265312194824,100.0,HIGH PRIORITY,95th percentile prioritisation threshold,Spectral-stress evidence detected. Prioritise field inspection to determine the underlying cause. Field verification required.,131
scene_03-Z0012,scene_03,26,23400.0,582087.6923076923,1972855.3846153845,33.77471005337888,17.841820707397112,2.151859760284424,2.719696283340454,2.1083731651306152,100.0,HIGH PRIORITY,95th percentile prioritisation threshold,Spectral-stress evidence detected. Prioritise field inspection to determine the underlying cause. Field verification required.,132
scene_03-Z0148,scene_03,244,219600.0,577609.0573770492,1965638.7295081967,33.73217893792428,17.7767591701967,2.149862289428711,3.0204856395721436,2.133197784423828,100.0,HIGH PRIORITY,95th percentile prioritisation threshold,Spectral-stress evidence detected. Prioritise field inspection to determine the underlying cause. Field verification required.,133
scene_03-Z0283,scene_03,27,24300.0,553202.2222222222,1958560.0,33.50174981531963,17.713503263022467,2.147728204727173,2.6878061294555664,2.1254208087921143,100.0,HIGH PRIORITY,95th percentile prioritisation threshold,Spectral-stress evidence detected. Prioritise field inspection to determine the underlying cause. Field verification required.,134
scene_03-Z0236,scene_03,23,20700.0,561736.9565217391,1960955.2173913044,33.58230789846717,17.73493022840384,2.1468682289123535,2.794173002243042,2.147268056869507,100.0,HIGH PRIORITY,95th percentile prioritisation threshold,Spectral-stress evidence detected. Prioritise field inspection to determine the underlying cause. Field verification required.,135
scene_03-Z0155,scene_03,17,15300.0,559237.0588235294,1965409.4117647058,33.55885446486285,17.775257709025514,2.14432430267334,2.565995931625366,2.078768253326416,100.0,HIGH PRIORITY,95th percentile prioritisation threshold,Spectral-stress evidence detected. Prioritise field inspection to determine the underlying cause. Field verification required.,136
scene_03-Z0118,scene_03,658,592200.0,577945.6231003039,1966954.0121580546,33.73540261445703,17.788634922029235,2.1435933113098145,3.1808700561523438,2.0776987075805664,100.0,HIGH PRIORITY,95th percentile prioritisation threshold,Spectral-stress evidence detected. Prioritise field inspection to determine the underlying cause. Field verification required.,137
scene_03-Z0033,scene_03,18,16200.0,552661.6666666666,1971906.6666666667,33.49698526916622,17.83415016351525,2.1416304111480713,2.6573312282562256,2.0682287216186523,100.0,HIGH PRIORITY,95th percentile prioritisation threshold,Spectral-stress evidence detected. Prioritise field inspection to determine the underlying cause. Field verification required.,138
scene_03-Z0257,scene_03,53,47700.0,576484.5283018867,1959672.4528301887,33.72135449210584,17.72287442995576,2.139645576477051,3.3352696895599365,2.002984046936035,100.0,HIGH PRIORITY,95th percentile prioritisation threshold,Spectral-stress evidence detected. Prioritise field inspection to determine the underlying cause. Field verification required.,139
scene_03-Z0220,scene_03,17,15300.0,578798.8235294118,1961645.294117647,33.743253671421535,17.7406238303138,2.135300397872925,2.7053775787353516,2.1031277179718018,100.0,HIGH PRIORITY,95th percentile prioritisation threshold,Spectral-stress evidence detected. Prioritise field inspection to determine the underlying cause. Field verification required.,140
scene_03-Z0045,scene_03,110,99000.0,562946.7272727273,1971469.3636363635,33.59403211621413,17.829926611413914,2.1351394653320312,2.817948818206787,2.0681064128875732,100.0,HIGH PRIORITY,95th percentile prioritisation threshold,Spectral-stress evidence detected. Prioritise field inspection to determine the underlying cause. Field verification required.,141
scene_03-Z0143,scene_03,10,9000.0,564840.0,1966047.0,33.611731249213456,17.780862509295723,2.1347270011901855,2.8284692764282227,1.9892830848693848,100.0,HIGH PRIORITY,95th percentile prioritisation threshold,Spectral-stress evidence detected. Prioritise field inspection to determine the underlying cause. Field verification required.,142
scene_03-Z0288,scene_03,27,24300.0,555784.4444444445,1958462.2222222222,33.5260994261432,17.71255579893574,2.134537696838379,2.376535415649414,2.13700270652771,100.0,HIGH PRIORITY,95th percentile prioritisation threshold,Spectral-stress evidence detected. Prioritise field inspection to determine the underlying cause. Field verification required.,143
scene_03-Z0308,scene_03,20,18000.0,578619.0,1957821.0,33.74141553154527,17.70606576228699,2.131560802459717,2.721165657043457,2.0741515159606934,100.0,HIGH PRIORITY,95th percentile prioritisation threshold,Spectral-stress evidence detected. Prioritise field inspection to determine the underlying cause. Field verification required.,144
scene_03-Z0063,scene_03,24,21600.0,555192.5,1970571.25,33.52083378492102,17.8220178725159,2.1305992603302,2.4970593452453613,2.160000801086426,100.0,HIGH PRIORITY,95th percentile prioritisation threshold,Spectral-stress evidence detected. Prioritise field inspection to determine the underlying cause. Field verification required.,145
scene_03-Z0375,scene_03,103,92700.0,567025.3398058253,1950694.077669903,33.63186191736488,17.642031881415278,2.1303701400756836,2.6178548336029053,2.118441581726074,100.0,HIGH PRIORITY,95th percentile prioritisation threshold,Spectral-stress evidence detected. Prioritise field inspection to determine the underlying cause. Field verification required.,146
scene_03-Z0040,scene_03,10,9000.0,563049.0,1971735.0,33.59500520366217,17.832324577298216,2.130140781402588,2.4673311710357666,2.1186752319335938,100.0,HIGH PRIORITY,95th percentile prioritisation threshold,Spectral-stress evidence detected. Prioritise field inspection to determine the underlying cause. Field verification required.,147
scene_03-Z0072,scene_03,144,129600.0,580001.0416666666,1969988.125,33.754909206224774,17.815983528734627,2.1295037269592285,2.8801276683807373,2.0417404174804688,100.0,HIGH PRIORITY,95th percentile prioritisation threshold,Spectral-stress evidence detected. Prioritise field inspection to determine the underlying cause. Field verification required.,148
scene_03-Z0238,scene_03,64,57600.0,577219.21875,1960761.09375,33.72832296850536,17.73268816517383,2.1289238929748535,2.7892069816589355,2.0859880447387695,100.0,HIGH PRIORITY,95th percentile prioritisation threshold,Spectral-stress evidence detected. Prioritise field inspection to determine the underlying cause. Field verification required.,149
scene_03-Z0051,scene_03,61,54900.0,579796.2295081967,1971207.5409836066,33.75302295551303,17.827012088415007,2.1283068656921387,2.866647720336914,2.079930305480957,100.0,HIGH PRIORITY,95th percentile prioritisation threshold,Spectral-stress evidence detected. Prioritise field inspection to determine the underlying cause. Field verification required.,150
scene_03-Z0204,scene_03,24,21600.0,572896.25,1962565.0,33.68761364736893,17.74913932303666,2.1260602474212646,2.6402029991149902,2.0649728775024414,100.0,HIGH PRIORITY,95th percentile prioritisation threshold,Spectral-stress evidence detected. Prioritise field inspection to determine the underlying cause. Field verification required.,151
scene_03-Z0069,scene_03,15,13500.0,578642.0,1970452.0,33.742103103174415,17.82022515064477,2.123877763748169,2.4963619709014893,2.1399035453796387,100.0,HIGH PRIORITY,95th percentile prioritisation threshold,Spectral-stress evidence detected. Prioritise field inspection to determine the underlying cause. Field verification required.,152
scene_03-Z0157,scene_03,38,34200.0,559349.2105263158,1965245.5263157894,33.55990787749317,17.773773423005895,2.1225006580352783,2.7120285034179688,2.1076126098632812,100.0,HIGH PRIORITY,95th percentile prioritisation threshold,Spectral-stress evidence detected. Prioritise field inspection to determine the underlying cause. Field verification required.,153
scene_03-Z0097,scene_03,39,35100.0,557416.1538461539,1969288.4615384615,33.54178199107139,17.81036646725727,2.119306802749634,2.616342067718506,2.0998919010162354,100.0,HIGH PRIORITY,95th percentile prioritisation threshold,Spectral-stress evidence detected. Prioritise field inspection to determine the underlying cause. Field verification required.,154
scene_03-Z0182,scene_03,129,116100.0,575513.023255814,1963631.8604651163,33.71233384889364,17.75869369925865,2.117521047592163,3.0340416431427,2.01967453956604,100.0,HIGH PRIORITY,95th percentile prioritisation threshold,Spectral-stress evidence detected. Prioritise field inspection to determine the underlying cause. Field verification required.,155
scene_03-Z0002,scene_03,21,18900.0,564524.2857142857,1973070.0,33.608968200303,17.844347774272094,2.111647367477417,2.68058180809021,2.0770177841186523,100.0,HIGH PRIORITY,95th percentile prioritisation threshold,Spectral-stress evidence detected. Prioritise field inspection to determine the underlying cause. Field verification required.,156
scene_03-Z0224,scene_03,13,11700.0,578956.1538461539,1961349.2307692308,33.74472650624317,17.737942349592576,2.107736349105835,2.391267776489258,2.1217193603515625,100.0,HIGH PRIORITY,95th percentile prioritisation threshold,Spectral-stress evidence detected. Prioritise field inspection to determine the underlying cause. Field verification required.,157
scene_03-Z0146,scene_03,32,28800.0,579902.8125,1965916.875,33.75382785878523,17.77919098278424,2.1075940132141113,2.532465696334839,2.0819737911224365,100.0,HIGH PRIORITY,95th percentile prioritisation threshold,Spectral-stress evidence detected. Prioritise field inspection to determine the underlying cause. Field verification required.,158
scene_03-Z0384,scene_03,15,13500.0,555536.0,1948590.0,33.52349825626225,17.623331315664217,2.1060328483581543,2.4070985317230225,2.1017355918884277,100.0,HIGH PRIORITY,95th percentile prioritisation threshold,Spectral-stress evidence detected. Prioritise field inspection to determine the underlying cause. Field verification required.,159
scene_03-Z0345,scene_03,9,8100.0,554423.3333333334,1954360.0,33.51315794575496,17.67551157489114,2.105335235595703,2.2811050415039062,2.1407434940338135,100.0,HIGH PRIORITY,95th percentile prioritisation threshold,Spectral-stress evidence detected. Prioritise field inspection to determine the underlying cause. Field verification required.,160
scene_03-Z0131,scene_03,9,8100.0,577500.0,1966690.0,33.73118878322243,17.786264503461776,2.10367488861084,2.610126256942749,2.1828298568725586,100.0,HIGH PRIORITY,95th percentile prioritisation threshold,Spectral-stress evidence detected. Prioritise field inspection to determine the underlying cause. Field verification required.,161
scene_03-Z0077,scene_03,50,45000.0,560634.6,1969886.4,33.57216758241887,17.815684355624597,2.1026172637939453,2.461954355239868,2.0933239459991455,100.0,HIGH PRIORITY,95th percentile prioritisation threshold,Spectral-stress evidence detected. Prioritise field inspection to determine the underlying cause. Field verification required.,162
scene_03-Z0239,scene_03,872,784800.0,560847.2133027522,1960279.1972477064,33.573896628400796,17.728844784216616,2.101902723312378,2.864321708679199,2.0728588104248047,100.0,HIGH PRIORITY,95th percentile prioritisation threshold,Spectral-stress evidence detected. Prioritise field inspection to determine the underlying cause. Field verification required.,163
scene_03-Z0247,scene_03,36,32400.0,560299.1666666666,1960294.1666666667,33.56872819527634,17.72899512563577,2.1011762619018555,2.6271800994873047,2.102484941482544,100.0,HIGH PRIORITY,95th percentile prioritisation threshold,Spectral-stress evidence detected. Prioritise field inspection to determine the underlying cause. Field verification required.,164
scene_03-Z0371,scene_03,13,11700.0,577677.6923076923,1951029.2307692308,33.73229052575026,17.64471369638357,2.096632719039917,2.344062566757202,2.0847489833831787,100.0,HIGH PRIORITY,95th percentile prioritisation threshold,Spectral-stress evidence detected. Prioritise field inspection to determine the underlying cause. Field verification required.,165
scene_03-Z0203,scene_03,28,25200.0,576818.5714285715,1962627.857142857,33.7246121824239,17.74957424181284,2.096287727355957,2.5839996337890625,2.0785951614379883,100.0,HIGH PRIORITY,95th percentile prioritisation threshold,Spectral-stress evidence detected. Prioritise field inspection to determine the underlying cause. Field verification required.,166
scene_03-Z0295,scene_03,141,126900.0,554073.1914893617,1958032.1276595744,33.50995020507359,17.708710916531338,2.092942714691162,2.672776460647583,2.0613574981689453,100.0,HIGH PRIORITY,95th percentile prioritisation threshold,Spectral-stress evidence detected. Prioritise field inspection to determine the underlying cause. Field verification required.,167
scene_03-Z0021,scene_03,40,36000.0,581848.5,1972422.75,33.77243594127317,17.83791951540884,2.092470169067383,2.6187796592712402,2.0302047729492188,100.0,HIGH PRIORITY,95th percentile prioritisation threshold,Spectral-stress evidence detected. Prioritise field inspection to determine the underlying cause. Field verification required.,168
scene_03-Z0339,scene_03,12,10800.0,555315.0,1954645.0,33.52157265135964,17.67806546851268,2.0884346961975098,2.5190885066986084,2.06119441986084,100.0,HIGH PRIORITY,95th percentile prioritisation threshold,Spectral-stress evidence detected. Prioritise field inspection to determine the underlying cause. Field verification required.,169
scene_03-Z0020,scene_03,32,28800.0,566683.125,1972486.875,33.6293235168927,17.839012736597702,2.0872268676757812,2.5119071006774902,2.0287368297576904,100.0,HIGH PRIORITY,95th percentile prioritisation threshold,Spectral-stress evidence detected. Prioritise field inspection to determine the underlying cause. Field verification required.,170
scene_03-Z0115,scene_03,31,27900.0,564964.8387096775,1967681.6129032257,33.61295938979564,17.795632974674685,2.0867552757263184,3.1506943702697754,1.906711220741272,100.0,HIGH PRIORITY,95th percentile prioritisation threshold,Spectral-stress evidence detected. Prioritise field inspection to determine the underlying cause. Field verification required.,171
scene_03-Z0320,scene_03,33,29700.0,553330.0,1956600.0,33.50290551183166,17.69578459886841,2.0849802494049072,2.6444482803344727,2.0044267177581787,100.0,HIGH PRIORITY,95th percentile prioritisation threshold,Spectral-stress evidence detected. Prioritise field inspection to determine the underlying cause. Field verification required.,172
scene_03-Z0060,scene_03,19,17100.0,553119.4736842106,1970766.3157894737,33.50127679419589,17.823832118050195,2.0815560817718506,2.3966429233551025,2.0969529151916504,100.0,HIGH PRIORITY,95th percentile prioritisation threshold,Spectral-stress evidence detected. Prioritise field inspection to determine the underlying cause. Field verification required.,173
scene_03-Z0281,scene_03,136,122400.0,562774.1911764706,1958555.294117647,33.592019594460986,17.713209469900146,2.079829692840576,2.53362774848938,2.0472776889801025,100.0,HIGH PRIORITY,95th percentile prioritisation threshold,Spectral-stress evidence detected. Prioritise field inspection to determine the underlying cause. Field verification required.,174
scene_03-Z0050,scene_03,184,165600.0,579109.2391304348,1971142.5,33.74653790515276,17.826449122527553,2.079171657562256,2.936925172805786,2.0231900215148926,100.0,HIGH PRIORITY,95th percentile prioritisation threshold,Spectral-stress evidence detected. Prioritise field inspection to determine the underlying cause. Field verification required.,175
scene_03-Z0198,scene_03,33,29700.0,578901.8181818182,1962868.1818181819,33.744270756713725,17.751672739342947,2.077720880508423,2.3918216228485107,2.0400500297546387,100.0,HIGH PRIORITY,95th percentile prioritisation threshold,Spectral-stress evidence detected. Prioritise field inspection to determine the underlying cause. Field verification required.,176
scene_03-Z0080,scene_03,64,57600.0,580358.90625,1969850.625,33.75828063327566,17.814727733164773,2.0769646167755127,2.6073694229125977,2.001185894012451,100.0,HIGH PRIORITY,95th percentile prioritisation threshold,Spectral-stress evidence detected. Prioritise field inspection to determine the underlying cause. Field verification required.,177
scene_03-Z0038,scene_03,15,13500.0,577466.0,1971738.0,33.73105387807137,17.831889914793035,2.0758466720581055,2.3568058013916016,2.044935703277588,100.0,HIGH PRIORITY,95th percentile prioritisation threshold,Spectral-stress evidence detected. Prioritise field inspection to determine the underlying cause. Field verification required.,178
scene_03-Z0112,scene_03,63,56700.0,575085.7142857143,1967878.0952380951,33.70845438297297,17.7970864145763,2.075202226638794,3.1628406047821045,1.9723411798477173,100.0,HIGH PRIORITY,95th percentile prioritisation threshold,Spectral-stress evidence detected. Prioritise field inspection to determine the underlying cause. Field verification required.,179
scene_03-Z0164,scene_03,34,30600.0,560096.4705882353,1964842.9411764706,33.566945900134364,17.770114419769886,2.074453592300415,2.5242879390716553,2.070279598236084,100.0,HIGH PRIORITY,95th percentile prioritisation threshold,Spectral-stress evidence detected. Prioritise field inspection to determine the underlying cause. Field verification required.,180
scene_03-Z0073,scene_03,14,12600.0,575089.2857142857,1970108.5714285714,33.70856767004494,17.817245612183193,2.074249505996704,2.432788372039795,2.0210957527160645,100.0,HIGH PRIORITY,95th percentile prioritisation threshold,Spectral-stress evidence detected. Prioritise field inspection to determine the underlying cause. Field verification required.,181
scene_03-Z0309,scene_03,36,32400.0,553856.6666666666,1957555.0,33.507896143310376,17.70440366022989,2.0707199573516846,2.362122058868408,2.0778398513793945,100.0,HIGH PRIORITY,95th percentile prioritisation threshold,Spectral-stress evidence detected. Prioritise field inspection to determine the underlying cause. Field verification required.,182
scene_03-Z0027,scene_03,29,26100.0,566394.8275862068,1972194.8275862068,33.626593589791334,17.836381889063148,2.069284439086914,2.325716495513916,2.0559134483337402,100.0,HIGH PRIORITY,95th percentile prioritisation threshold,Spectral-stress evidence detected. Prioritise field inspection to determine the underlying cause. Field verification required.,183
scene_03-Z0189,scene_03,71,63900.0,578084.3661971831,1963320.0,33.736577012711805,17.75578543629531,2.069072723388672,2.7414064407348633,2.0192203521728516,100.0,HIGH PRIORITY,95th percentile prioritisation threshold,Spectral-stress evidence detected. Prioritise field inspection to determine the underlying cause. Field verification required.,184
scene_03-Z0119,scene_03,186,167400.0,574633.064516129,1967042.2580645161,33.70415412716916,17.789547412709098,2.0679798126220703,2.815119981765747,2.0004379749298096,100.0,HIGH PRIORITY,95th percentile prioritisation threshold,Spectral-stress evidence detected. Prioritise field inspection to determine the underlying cause. Field verification required.,185
scene_03-Z0192,scene_03,75,67500.0,576942.0,1963189.2,33.72579683882775,17.754643432478492,2.0678162574768066,2.5964887142181396,2.0323519706726074,100.0,HIGH PRIORITY,95th percentile prioritisation threshold,Spectral-stress evidence detected. Prioritise field inspection to determine the underlying cause. Field verification required.,186
scene_03-Z0199,scene_03,19,17100.0,578058.947368421,1962986.8421052631,33.73632493342339,17.7527752169224,2.067077398300171,2.4618890285491943,1.982080340385437,100.0,HIGH PRIORITY,95th percentile prioritisation threshold,Spectral-stress evidence detected. Prioritise field inspection to determine the underlying cause. Field verification required.,187
scene_03-Z0340,scene_03,49,44100.0,555595.1020408163,1954386.7346938776,33.524206925542934,17.67572410610281,2.06632399559021,2.4833767414093018,2.0592200756073,100.0,HIGH PRIORITY,95th percentile prioritisation threshold,Spectral-stress evidence detected. Prioritise field inspection to determine the underlying cause. Field verification required.,188
scene_03-Z0234,scene_03,21,18900.0,574392.8571428572,1961002.857142857,33.70167504187362,17.734970369975418,2.0662906169891357,2.456486701965332,2.027618646621704,100.0,HIGH PRIORITY,95th percentile prioritisation threshold,Spectral-stress evidence detected. Prioritise field inspection to determine the underlying cause. Field verification required.,189
scene_03-Z0054,scene_03,9,8100.0,560936.6666666666,1971173.3333333333,33.575055178384346,17.82730774374249,2.0658369064331055,2.5883350372314453,1.9974074363708496,100.0,HIGH PRIORITY,95th percentile prioritisation threshold,Spectral-stress evidence detected. Prioritise field inspection to determine the underlying cause. Field verification required.,190
scene_03-Z0221,scene_03,94,84600.0,577066.914893617,1961424.255319149,33.72691071406975,17.738687245457943,2.064073324203491,2.684190273284912,2.0208959579467773,100.0,HIGH PRIORITY,95th percentile prioritisation threshold,Spectral-stress evidence detected. Prioritise field inspection to determine the underlying cause. Field verification required.,191
scene_03-Z0243,scene_03,48,43200.0,559448.125,1960375.625,33.56070393446267,17.72975447050688,2.0630905628204346,2.875795364379883,1.957190990447998,100.0,HIGH PRIORITY,95th percentile prioritisation threshold,Spectral-stress evidence detected. Prioritise field inspection to determine the underlying cause. Field verification required.,192
scene_03-Z0008,scene_03,31,27900.0,578765.8064516129,1973023.5483870967,33.74336773766989,17.843462445465505,2.062793254852295,2.409351110458374,2.0325000286102295,100.0,HIGH PRIORITY,95th percentile prioritisation threshold,Spectral-stress evidence detected. Prioritise field inspection to determine the underlying cause. Field verification required.,193
scene_03-Z0067,scene_03,20,18000.0,576205.5,1970527.5,33.71911522172065,17.820993466309133,2.0607690811157227,2.365152359008789,2.0262835025787354,100.0,HIGH PRIORITY,95th percentile prioritisation threshold,Spectral-stress evidence detected. Prioritise field inspection to determine the underlying cause. Field verification required.,194
scene_03-Z0103,scene_03,26,23400.0,575663.0769230769,1968977.3076923077,33.71394116009603,17.80700142800748,2.060410976409912,2.511040210723877,2.0293385982513428,100.0,HIGH PRIORITY,95th percentile prioritisation threshold,Spectral-stress evidence detected. Prioritise field inspection to determine the underlying cause. Field verification required.,195
scene_03-Z0179,scene_03,14,12600.0,557721.4285714285,1964046.4285714286,33.54451888546697,17.76297873356696,2.059978723526001,2.369861364364624,2.0237197875976562,100.0,HIGH PRIORITY,95th percentile prioritisation threshold,Spectral-stress evidence detected. Prioritise field inspection to determine the underlying cause. Field verification required.,196
scene_03-Z0253,scene_03,22,19800.0,559386.8181818182,1960080.0,33.56011741973942,17.7270841272687,2.059678077697754,2.504051923751831,2.031426191329956,100.0,HIGH PRIORITY,95th percentile prioritisation threshold,Spectral-stress evidence detected. Prioritise field inspection to determine the underlying cause. Field verification required.,197
scene_03-Z0156,scene_03,87,78300.0,578615.8620689656,1965070.3448275863,33.74165556134263,17.771586325149926,2.059016704559326,2.579535484313965,2.0003886222839355,100.0,HIGH PRIORITY,95th percentile prioritisation threshold,Spectral-stress evidence detected. Prioritise field inspection to determine the underlying cause. Field verification required.,198
scene_03-Z0229,scene_03,51,45900.0,560567.0588235294,1961149.4117647058,33.57127929895485,17.73671786772783,2.05648136138916,2.687250852584839,1.9959094524383545,100.0,HIGH PRIORITY,95th percentile prioritisation threshold,Spectral-stress evidence detected. Prioritise field inspection to determine the underlying cause. Field verification required.,199
scene_03-Z0382,scene_03,14,12600.0,555381.4285714285,1948892.142857143,33.52204912319067,17.626066126266224,2.052989959716797,2.412510633468628,2.0547690391540527,100.0,HIGH PRIORITY,95th percentile prioritisation threshold,Spectral-stress evidence detected. Prioritise field inspection to determine the underlying cause. Field verification required.,200
scene_03-Z0082,scene_03,10,9000.0,556350.0,1969935.0,33.531739345683896,17.81623776716549,2.052813768386841,2.3140008449554443,2.0600802898406982,100.0,HIGH PRIORITY,95th percentile prioritisation threshold,Spectral-stress evidence detected. Prioritise field inspection to determine the underlying cause. Field verification required.,201
scene_03-Z0307,scene_03,15,13500.0,578006.0,1957892.0,33.73563760720473,17.706729192444854,2.0513956546783447,2.5169625282287598,1.9670740365982056,100.0,HIGH PRIORITY,95th percentile prioritisation threshold,Spectral-stress evidence detected. Prioritise field inspection to determine the underlying cause. Field verification required.,202
scene_03-Z0095,scene_03,11,9900.0,562167.2727272727,1969385.4545454546,33.58661502084614,17.811113780615425,2.0513741970062256,2.3030288219451904,2.0647997856140137,100.0,HIGH PRIORITY,95th percentile prioritisation threshold,Spectral-stress evidence detected. Prioritise field inspection to determine the underlying cause. Field verification required.,203
scene_03-Z0385,scene_03,13,11700.0,555752.3076923077,1948317.6923076923,33.525530044403865,17.620864614643313,2.051295757293701,2.490907907485962,2.0104691982269287,100.0,HIGH PRIORITY,95th percentile prioritisation threshold,Spectral-stress evidence detected. Prioritise field inspection to determine the underlying cause. Field verification required.,204
scene_03-Z0275,scene_03,10,9000.0,553146.0,1958970.0,33.501229891720996,17.717210424021577,2.050873041152954,2.434011697769165,2.0321877002716064,100.0,HIGH PRIORITY,95th percentile prioritisation threshold,Spectral-stress evidence detected. Prioritise field inspection to determine the underlying cause. Field verification required.,205
scene_03-Z0363,scene_03,10,9000.0,555318.0,1952577.0,33.52154706511533,17.659373632137857,2.0495431423187256,2.3364217281341553,2.014068126678467,100.0,HIGH PRIORITY,95th percentile prioritisation threshold,Spectral-stress evidence detected. Prioritise field inspection to determine the underlying cause. Field verification required.,206
scene_03-Z0327,scene_03,335,301500.0,554744.8656716418,1955901.134328358,33.51622935400389,17.689433290285624,2.0494184494018555,2.41481876373291,2.0334815979003906,100.0,HIGH PRIORITY,95th percentile prioritisation threshold,Spectral-stress evidence detected. Prioritise field inspection to determine the underlying cause. Field verification required.,207
scene_03-Z0053,scene_03,20,18000.0,581500.5,1971226.5,33.76910554027743,17.82712079839487,2.0437815189361572,2.4039180278778076,2.025907516479492,100.0,HIGH PRIORITY,95th percentile prioritisation threshold,Spectral-stress evidence detected. Prioritise field inspection to determine the underlying cause. Field verification required.,208
scene_03-Z0378,scene_03,25,22500.0,576458.4,1949397.6,33.72073794179372,17.630008961068057,2.0430502891540527,2.241173267364502,2.0268990993499756,100.0,HIGH PRIORITY,95th percentile prioritisation threshold,Spectral-stress evidence detected. Prioritise field inspection to determine the underlying cause. Field verification required.,209
scene_03-Z0313,scene_03,141,126900.0,554511.0638297872,1957310.0,33.51406096169008,17.70217317381986,2.0427515506744385,2.3296868801116943,2.0412003993988037,100.0,HIGH PRIORITY,95th percentile prioritisation threshold,Spectral-stress evidence detected. Prioritise field inspection to determine the underlying cause. Field verification required.,210
scene_03-Z0256,scene_03,410,369000.0,553553.487804878,1959518.7073170731,33.50508676144783,17.72216009729732,2.0420796871185303,2.8385462760925293,2.014646530151367,100.0,HIGH PRIORITY,95th percentile prioritisation threshold,Spectral-stress evidence detected. Prioritise field inspection to determine the underlying cause. Field verification required.,211
scene_03-Z0120,scene_03,10,9000.0,567504.0,1967424.0,33.63690768606811,17.793228094473722,2.0416009426116943,2.23555326461792,2.0571179389953613,100.0,HIGH PRIORITY,95th percentile prioritisation threshold,Spectral-stress evidence detected. Prioritise field inspection to determine the underlying cause. Field verification required.,212
scene_03-Z0383,scene_03,16,14400.0,554475.0,1948890.0,33.51350493660137,17.626069177442123,2.0405399799346924,2.4146223068237305,2.0001890659332275,100.0,HIGH PRIORITY,95th percentile prioritisation threshold,Spectral-stress evidence detected. Prioritise field inspection to determine the underlying cause. Field verification required.,213
scene_03-Z0036,scene_03,12,10800.0,563417.5,1971802.5,33.598484706107,17.832924039263222,2.0402324199676514,2.3068740367889404,2.043386459350586,100.0,HIGH PRIORITY,95th percentile prioritisation threshold,Spectral-stress evidence detected. Prioritise field inspection to determine the underlying cause. Field verification required.,214
scene_03-Z0015,scene_03,22,19800.0,566166.8181818182,1972689.5454545454,33.62445745884915,17.840860164281377,2.0388758182525635,2.6220319271087646,2.035602569580078,100.0,HIGH PRIORITY,95th percentile prioritisation threshold,Spectral-stress evidence detected. Prioritise field inspection to determine the underlying cause. Field verification required.,215
scene_03-Z0298,scene_03,19,17100.0,553770.0,1958139.4736842106,33.50709369263877,17.709688567700756,2.038372039794922,2.32480788230896,2.0503127574920654,100.0,HIGH PRIORITY,95th percentile prioritisation threshold,Spectral-stress evidence detected. Prioritise field inspection to determine the underlying cause. Field verification required.,216
scene_03-Z0194,scene_03,30,27000.0,574875.0,1963136.0,33.70629796202147,17.754233801554427,2.036461353302002,2.2713704109191895,2.0359153747558594,100.0,HIGH PRIORITY,95th percentile prioritisation threshold,Spectral-stress evidence detected. Prioritise field inspection to determine the underlying cause. Field verification required.,217
scene_03-Z0127,scene_03,18,16200.0,574975.0,1967050.0,33.70738034378321,17.78960575417257,2.0349464416503906,2.5777018070220947,1.9901466369628906,100.0,HIGH PRIORITY,95th percentile prioritisation threshold,Spectral-stress evidence detected. Prioritise field inspection to determine the underlying cause. Field verification required.,218
scene_03-Z0205,scene_03,36,32400.0,572064.1666666666,1962324.1666666667,33.67975698679499,17.746989973749795,2.034562587738037,2.4016971588134766,2.0447075366973877,100.0,HIGH PRIORITY,95th percentile prioritisation threshold,Spectral-stress evidence detected. Prioritise field inspection to determine the underlying cause. Field verification required.,219
scene_03-Z0228,scene_03,25,22500.0,554121.6,1961200.8,33.510487769752004,17.737349888506298,2.032987356185913,2.4926679134368896,1.9718596935272217,100.0,HIGH PRIORITY,95th percentile prioritisation threshold,Spectral-stress evidence detected. Prioritise field inspection to determine the underlying cause. Field verification required.,220
scene_03-Z0200,scene_03,18,16200.0,555350.0,1962865.0,33.52211757788859,17.75236127774717,2.032959222793579,2.28688907623291,2.00581955909729,100.0,HIGH PRIORITY,95th percentile prioritisation threshold,Spectral-stress evidence detected. Prioritise field inspection to determine the underlying cause. Field verification required.,221
scene_03-Z0052,scene_03,13,11700.0,580917.6923076923,1971219.2307692308,33.76360576840005,17.827076669623807,2.0327162742614746,2.340669870376587,1.998534083366394,100.0,HIGH PRIORITY,95th percentile prioritisation threshold,Spectral-stress evidence detected. Prioritise field inspection to determine the underlying cause. Field verification required.,222
scene_03-Z0108,scene_03,52,46800.0,580251.3461538461,1968291.3461538462,33.75720627501391,17.80063886671498,2.0317838191986084,2.581820011138916,1.9901167154312134,100.0,HIGH PRIORITY,95th percentile prioritisation threshold,Spectral-stress evidence detected. Prioritise field inspection to determine the underlying cause. Field verification required.,223
scene_03-Z0290,scene_03,28,25200.0,559068.2142857143,1958415.0,33.55706608439074,17.712043624268855,2.0317718982696533,2.3285393714904785,2.0266571044921875,100.0,HIGH PRIORITY,95th percentile prioritisation threshold,Spectral-stress evidence detected. Prioritise field inspection to determine the underlying cause. Field verification required.,224
scene_03-Z0003,scene_03,22,19800.0,565187.7272727273,1973033.1818181819,33.615228231690665,17.843995371174305,2.029886484146118,2.693554401397705,1.9917824268341064,100.0,HIGH PRIORITY,95th percentile prioritisation threshold,Spectral-stress evidence detected. Prioritise field inspection to determine the underlying cause. Field verification required.,225
scene_03-Z0138,scene_03,83,74700.0,577405.3012048192,1966257.1084337349,33.730279482540425,17.78235532025258,2.028062105178833,2.757328987121582,1.966927170753479,100.0,HIGH PRIORITY,95th percentile prioritisation threshold,Spectral-stress evidence detected. Prioritise field inspection to determine the underlying cause. Field verification required.,226
scene_03-Z0136,scene_03,12,10800.0,580782.5,1966562.5,33.76215131210344,17.78499404704917,2.026111125946045,2.314666271209717,2.0401861667633057,100.0,HIGH PRIORITY,95th percentile prioritisation threshold,Spectral-stress evidence detected. Prioritise field inspection to determine the underlying cause. Field verification required.,227
scene_03-Z0233,scene_03,17,15300.0,577473.5294117647,1961071.7647058824,33.730732838564585,17.735487140708603,2.0251526832580566,2.4045333862304688,1.959094524383545,100.0,HIGH PRIORITY,95th percentile prioritisation threshold,Spectral-stress evidence detected. Prioritise field inspection to determine the underlying cause. Field verification required.,228
scene_03-Z0018,scene_03,236,212400.0,581284.9576271187,1972145.4661016949,33.76710719304885,17.83543439280324,2.0211827754974365,2.6125504970550537,2.0048513412475586,100.0,HIGH PRIORITY,95th percentile prioritisation threshold,Spectral-stress evidence detected. Prioritise field inspection to determine the underlying cause. Field verification required.,229
scene_03-Z0291,scene_03,15,13500.0,553806.0,1958342.0,33.50743833731811,17.711518235801574,2.0184481143951416,2.373141288757324,1.9933414459228516,100.0,HIGH PRIORITY,95th percentile prioritisation threshold,Spectral-stress evidence detected. Prioritise field inspection to determine the underlying cause. Field verification required.,230
scene_03-Z0222,scene_03,11,9900.0,555962.7272727273,1961533.6363636365,33.527862000350055,17.740312289080336,2.0178816318511963,2.4395196437835693,1.9775968790054321,100.0,HIGH PRIORITY,95th percentile prioritisation threshold,Spectral-stress evidence detected. Prioritise field inspection to determine the underlying cause. Field verification required.,231
scene_03-Z0005,scene_03,18,16200.0,567376.6666666666,1973026.6666666667,33.63588586059205,17.84387029385543,2.017301321029663,2.4069786071777344,1.9747865200042725,100.0,HIGH PRIORITY,95th percentile prioritisation threshold,Spectral-stress evidence detected. Prioritise field inspection to determine the underlying cause. Field verification required.,232
scene_03-Z0041,scene_03,18,16200.0,577155.0,1971700.0,33.72811772053394,17.831557429549083,2.016876697540283,2.4437949657440186,1.9852030277252197,100.0,HIGH PRIORITY,95th percentile prioritisation threshold,Spectral-stress evidence detected. Prioritise field inspection to determine the underlying cause. Field verification required.,233
scene_03-Z0240,scene_03,90,81000.0,577635.0,1960666.0,33.73224084539985,17.73181410476942,2.016561985015869,2.451908588409424,1.9554470777511597,100.0,HIGH PRIORITY,95th percentile prioritisation threshold,Spectral-stress evidence detected. Prioritise field inspection to determine the underlying cause. Field verification required.,234
scene_03-Z0044,scene_03,75,67500.0,579240.8,1971590.0,33.747796215790004,17.83048889154312,2.015223979949951,2.907127857208252,1.9377115964889526,100.0,HIGH PRIORITY,95th percentile prioritisation threshold,Spectral-stress evidence detected. Prioritise field inspection to determine the underlying cause. Field verification required.,235
scene_03-Z0366,scene_03,79,71100.0,566524.1772151899,1951294.17721519,33.6271563305178,17.647470918754014,2.013784170150757,2.3131542205810547,1.9963511228561401,100.0,HIGH PRIORITY,95th percentile prioritisation threshold,Spectral-stress evidence detected. Prioritise field inspection to determine the underlying cause. Field verification required.,236
scene_03-Z0379,scene_03,11,9900.0,554424.5454545454,1949250.0,33.51303854603419,17.629324317411175,2.010833978652954,2.345738649368286,1.9563292264938354,100.0,HIGH PRIORITY,95th percentile prioritisation threshold,Spectral-stress evidence detected. Prioritise field inspection to determine the underlying cause. Field verification required.,237
scene_03-Z0167,scene_03,29,26100.0,578484.8275862068,1964686.551724138,33.74040518908163,17.768122242400295,2.0080206394195557,2.4974076747894287,1.972160816192627,100.0,HIGH PRIORITY,95th percentile prioritisation threshold,Spectral-stress evidence detected. Prioritise field inspection to determine the underlying cause. Field verification required.,238
scene_03-Z0365,scene_03,9,8100.0,567700.0,1951580.0,33.638249995216576,17.650018720245484,2.0079503059387207,2.1866350173950195,1.958166480064392,100.0,HIGH PRIORITY,95th percentile prioritisation threshold,Spectral-stress evidence detected. Prioritise field inspection to determine the underlying cause. Field verification required.,239
scene_03-Z0162,scene_03,33,29700.0,560321.8181818182,1964991.8181818181,33.569075994510825,17.77145386752117,2.005725145339966,2.416783094406128,1.9823602437973022,100.0,HIGH PRIORITY,95th percentile prioritisation threshold,Spectral-stress evidence detected. Prioritise field inspection to determine the underlying cause. Field verification required.,240
scene_03-Z0352,scene_03,18,16200.0,555336.6666666666,1953891.6666666667,33.52175730396271,17.671255875772243,2.005451202392578,2.1860573291778564,2.0313544273376465,100.0,HIGH PRIORITY,95th percentile prioritisation threshold,Spectral-stress evidence detected. Prioritise field inspection to determine the underlying cause. Field verification required.,241
scene_03-Z0110,scene_03,40,36000.0,575380.5,1968199.5,33.71124711749883,17.799981221933155,2.004939317703247,2.38085675239563,1.963921070098877,100.0,HIGH PRIORITY,95th percentile prioritisation threshold,Spectral-stress evidence detected. Prioritise field inspection to determine the underlying cause. Field verification required.,242
scene_03-Z0322,scene_03,12,10800.0,565777.5,1956557.5,33.62028040256703,17.695065264085965,2.0049190521240234,2.3364546298980713,1.925577163696289,100.0,HIGH PRIORITY,95th percentile prioritisation threshold,Spectral-stress evidence detected. Prioritise field inspection to determine the underlying cause. Field verification required.,243
scene_03-Z0212,scene_03,20,18000.0,555763.5,1962159.0,33.525999372947716,17.745969681057655,2.0043952465057373,2.2591872215270996,1.969285011291504,100.0,HIGH PRIORITY,95th percentile prioritisation threshold,Spectral-stress evidence detected. Prioritise field inspection to determine the underlying cause. Field verification required.,244
scene_03-Z0147,scene_03,257,231300.0,577047.1984435797,1965572.8015564203,33.726876156055,17.776183047633733,2.0019330978393555,2.6096677780151367,1.9735620021820068,100.0,HIGH PRIORITY,95th percentile prioritisation threshold,Spectral-stress evidence detected. Prioritise field inspection to determine the underlying cause. Field verification required.,245
scene_03-Z0231,scene_03,35,31500.0,554299.7142857143,1961058.857142857,33.51216409097278,17.736062557948514,2.001776695251465,2.455772638320923,1.960713267326355,100.0,HIGH PRIORITY,95th percentile prioritisation threshold,Spectral-stress evidence detected. Prioritise field inspection to determine the underlying cause. Field verification required.,246
scene_03-Z0373,scene_03,32,28800.0,554780.625,1950853.125,33.516436336175566,17.643805576214653,2.001321792602539,2.166221857070923,2.046304941177368,100.0,HIGH PRIORITY,95th percentile prioritisation threshold,Spectral-stress evidence detected. Prioritise field inspection to determine the underlying cause. Field verification required.,247
scene_03-Z0016,scene_03,16,14400.0,566988.75,1972719.375,33.63221514887616,17.841104809892656,1.9992363452911377,2.3242411613464355,1.9849209785461426,100.0,HIGH PRIORITY,95th percentile prioritisation threshold,Spectral-stress evidence detected. Prioritise field inspection to determine the underlying cause. Field verification required.,248
scene_03-Z0332,scene_03,11,9900.0,566190.0,1955926.3636363635,33.62415039712654,17.68934850334072,1.9991633892059326,2.342468023300171,1.9664400815963745,100.0,HIGH PRIORITY,95th percentile prioritisation threshold,Spectral-stress evidence detected. Prioritise field inspection to determine the underlying cause. Field verification required.,249
scene_03-Z0029,scene_03,14,12600.0,581742.8571428572,1972131.4285714286,33.771427676791824,17.835290502540232,1.997945785522461,2.3857243061065674,1.9425334930419922,100.0,HIGH PRIORITY,95th percentile prioritisation threshold,Spectral-stress evidence detected. Prioritise field inspection to determine the underlying cause. Field verification required.,250
scene_03-Z0178,scene_03,30,27000.0,553677.0,1964070.0,33.50636723500636,17.763294062108063,1.995689868927002,2.2221555709838867,1.9799230098724365,100.0,HIGH PRIORITY,95th percentile prioritisation threshold,Spectral-stress evidence detected. Prioritise field inspection to determine the underlying cause. Field verification required.,251
scene_03-Z0348,scene_03,188,169200.0,555775.3723404255,1953617.7127659575,33.52588644032104,17.668768721573564,1.9955521821975708,2.4843215942382812,1.9641392230987549,100.0,HIGH PRIORITY,95th percentile prioritisation threshold,Spectral-stress evidence detected. Prioritise field inspection to determine the underlying cause. Field verification required.,252
scene_03-Z0161,scene_03,14,12600.0,579252.8571428572,1965023.5714285714,33.747662789643094,17.77114074386024,1.9950711727142334,2.200441598892212,1.976210117340088,100.0,HIGH PRIORITY,95th percentile prioritisation threshold,Spectral-stress evidence detected. Prioritise field inspection to determine the underlying cause. Field verification required.,253
scene_03-Z0006,scene_03,17,15300.0,573238.2352941176,1973010.0,33.69120261606306,17.843531647695368,1.9924726486206055,2.4815428256988525,1.9388198852539062,100.0,HIGH PRIORITY,95th percentile prioritisation threshold,Spectral-stress evidence detected. Prioritise field inspection to determine the underlying cause. Field verification required.,254
scene_03-Z0165,scene_03,42,37800.0,577197.8571428572,1964797.142857143,33.7282690201407,17.769167274812357,1.9922925233840942,2.510831117630005,1.964916706085205,100.0,HIGH PRIORITY,95th percentile prioritisation threshold,Spectral-stress evidence detected. Prioritise field inspection to determine the underlying cause. Field verification required.,255
scene_03-Z0196,scene_03,17,15300.0,555670.5882352941,1963074.705882353,33.52514712835984,17.754248626953864,1.9898912906646729,2.159595251083374,1.978208065032959,100.0,HIGH PRIORITY,95th percentile prioritisation threshold,Spectral-stress evidence detected. Prioritise field inspection to determine the underlying cause. Field verification required.,256
scene_03-Z0190,scene_03,16,14400.0,579219.375,1963460.625,33.74728826945749,17.75701590594662,1.9882256984710693,2.436753034591675,1.9240748882293701,100.0,HIGH PRIORITY,95th percentile prioritisation threshold,Spectral-stress evidence detected. Prioritise field inspection to determine the underlying cause. Field verification required.,257
scene_03-Z0367,scene_03,24,21600.0,567515.0,1951417.5,33.63650080409212,17.648555619888867,1.9881521463394165,2.2594850063323975,1.9559745788574219,100.0,HIGH PRIORITY,95th percentile prioritisation threshold,Spectral-stress evidence detected. Prioritise field inspection to determine the underlying cause. Field verification required.,258
scene_03-Z0105,scene_03,26,23400.0,580105.3846153846,1968500.7692307692,33.75583712166575,17.80253696460497,1.9876017570495605,2.448268175125122,1.9222362041473389,100.0,HIGH PRIORITY,95th percentile prioritisation threshold,Spectral-stress evidence detected. Prioritise field inspection to determine the underlying cause. Field verification required.,259
scene_03-Z0267,scene_03,10,9000.0,554331.0,1959432.0,33.51241738534831,17.721357394898348,1.9863065481185913,2.4032175540924072,1.9124755859375,100.0,HIGH PRIORITY,95th percentile prioritisation threshold,Spectral-stress evidence detected. Prioritise field inspection to determine the underlying cause. Field verification required.,260
scene_03-Z0166,scene_03,9,8100.0,557996.6666666666,1964770.0,33.54713516489292,17.76951146164827,1.9859998226165771,2.2498419284820557,2.008927345275879,100.0,HIGH PRIORITY,95th percentile prioritisation threshold,Spectral-stress evidence detected. Prioritise field inspection to determine the underlying cause. Field verification required.,261
scene_03-Z0270,scene_03,64,57600.0,554093.90625,1959102.65625,33.510172906373995,17.718386429848078,1.9848268032073975,2.4600729942321777,1.9631385803222656,100.0,HIGH PRIORITY,95th percentile prioritisation threshold,Spectral-stress evidence detected. Prioritise field inspection to determine the underlying cause. Field verification required.,262
scene_03-Z0374,scene_03,16,14400.0,577486.875,1950890.625,33.730486692300644,17.643467619150854,1.9839458465576172,2.2794418334960938,1.97696852684021,100.0,HIGH PRIORITY,95th percentile prioritisation threshold,Spectral-stress evidence detected. Prioritise field inspection to determine the underlying cause. Field verification required.,263
scene_03-Z0387,scene_03,13,11700.0,577287.6923076923,1947846.923076923,33.728498568244376,17.615964837881954,1.9827442169189453,2.181182622909546,1.9569885730743408,100.0,HIGH PRIORITY,95th percentile prioritisation threshold,Spectral-stress evidence detected. Prioritise field inspection to determine the underlying cause. Field verification required.,264
scene_03-Z0312,scene_03,20,18000.0,579048.0,1957441.5,33.74544680093975,17.702620484635197,1.9814412593841553,2.346254587173462,1.9472074508666992,100.0,HIGH PRIORITY,95th percentile prioritisation threshold,Spectral-stress evidence detected. Prioritise field inspection to determine the underlying cause. Field verification required.,265
scene_03-Z0296,scene_03,26,23400.0,562800.0,1958036.5384615385,33.592247602156704,17.708520004003336,1.9807931184768677,2.2326595783233643,1.9670217037200928,100.0,HIGH PRIORITY,95th percentile prioritisation threshold,Spectral-stress evidence detected. Prioritise field inspection to determine the underlying cause. Field verification required.,266
scene_03-Z0301,scene_03,10,9000.0,556059.0,1958046.0,33.5286776425561,17.708786816053284,1.980391263961792,2.438122510910034,1.8693737983703613,100.0,HIGH PRIORITY,95th percentile prioritisation threshold,Spectral-stress evidence detected. Prioritise field inspection to determine the underlying cause. Field verification required.,267
scene_03-Z0333,scene_03,17,15300.0,555220.5882352941,1955648.8235294118,33.520708585028245,17.68714094258277,1.9792063236236572,2.27931547164917,1.9543266296386719,100.0,HIGH PRIORITY,95th percentile prioritisation threshold,Spectral-stress evidence detected. Prioritise field inspection to determine the underlying cause. Field verification required.,268
scene_03-Z0356,scene_03,30,27000.0,555314.0,1953219.0,33.521526069838195,17.665176497339548,1.9786990880966187,2.2518248558044434,1.9599297046661377,100.0,HIGH PRIORITY,95th percentile prioritisation threshold,Spectral-stress evidence detected. Prioritise field inspection to determine the underlying cause. Field verification required.,269
scene_03-Z0084,scene_03,27,24300.0,576148.8888888889,1969832.2222222222,33.71855586253705,17.81471144515031,1.978458285331726,2.1799850463867188,1.9862735271453857,100.0,HIGH PRIORITY,95th percentile prioritisation threshold,Spectral-stress evidence detected. Prioritise field inspection to determine the underlying cause. Field verification required.,270
scene_03-Z0358,scene_03,18,16200.0,555880.0,1953080.0,33.526858759501536,17.663905933385447,1.9770978689193726,2.205901861190796,1.9806609153747559,100.0,HIGH PRIORITY,95th percentile prioritisation threshold,Spectral-stress evidence detected. Prioritise field inspection to determine the underlying cause. Field verification required.,271
scene_03-Z0341,scene_03,16,14400.0,555264.375,1954460.625,33.52109051468316,17.67640024795639,1.9767742156982422,2.215100049972534,1.9403636455535889,100.0,HIGH PRIORITY,95th percentile prioritisation threshold,Spectral-stress evidence detected. Prioritise field inspection to determine the underlying cause. Field verification required.,272
scene_03-Z0324,scene_03,16,14400.0,554040.0,1956485.625,33.50959775154891,17.69473357738976,1.9760581254959106,2.1614990234375,1.931915283203125,100.0,HIGH PRIORITY,95th percentile prioritisation threshold,Spectral-stress evidence detected. Prioritise field inspection to determine the underlying cause. Field verification required.,273
scene_03-Z0101,scene_03,12,10800.0,566562.5,1969152.5,33.62807957733956,17.808879463981118,1.9743679761886597,2.119886875152588,1.9632282257080078,100.0,HIGH PRIORITY,95th percentile prioritisation threshold,Spectral-stress evidence detected. Prioritise field inspection to determine the underlying cause. Field verification required.,274
scene_03-Z0078,scene_03,19,17100.0,577301.052631579,1970006.8421052631,33.729433683061636,17.81624941387222,1.9684048891067505,2.196230411529541,1.9654321670532227,100.0,HIGH PRIORITY,95th percentile prioritisation threshold,Spectral-stress evidence detected. Prioritise field inspection to determine the underlying cause. Field verification required.,275
scene_03-Z0251,scene_03,56,50400.0,577826.25,1960250.357142857,33.73402928186766,17.728050728146844,1.9675580263137817,2.3043627738952637,1.9506443738937378,100.0,HIGH PRIORITY,95th percentile prioritisation threshold,Spectral-stress evidence detected. Prioritise field inspection to determine the underlying cause. Field verification required.,276
scene_03-Z0059,scene_03,28,25200.0,578678.5714285715,1970821.0714285714,33.74246199982757,17.823559523146265,1.9674121141433716,2.2322757244110107,1.9420875310897827,100.0,HIGH PRIORITY,95th percentile prioritisation threshold,Spectral-stress evidence detected. Prioritise field inspection to determine the underlying cause. Field verification required.,277
scene_03-Z0360,scene_03,59,53100.0,555503.3898305085,1952848.9830508474,33.52330200250016,17.66182733613933,1.9673736095428467,2.369652032852173,1.9558085203170776,100.0,HIGH PRIORITY,95th percentile prioritisation threshold,Spectral-stress evidence detected. Prioritise field inspection to determine the underlying cause. Field verification required.,278
scene_03-Z0091,scene_03,21,18900.0,576268.5714285715,1969478.5714285714,33.71967232252714,17.811510961482156,1.9671030044555664,2.1686623096466064,1.945806622505188,100.0,HIGH PRIORITY,95th percentile prioritisation threshold,Spectral-stress evidence detected. Prioritise field inspection to determine the underlying cause. Field verification required.,279
scene_03-Z0201,scene_03,23,20700.0,555877.8260869565,1962752.608695652,33.52709344389816,17.75133211159629,1.965225100517273,2.1531193256378174,1.9723509550094604,100.0,HIGH PRIORITY,95th percentile prioritisation threshold,Spectral-stress evidence detected. Prioritise field inspection to determine the underlying cause. Field verification required.,280
scene_03-Z0386,scene_03,20,18000.0,576808.5,1948099.5,33.723991165240776,17.618264310539452,1.9647573232650757,2.3263583183288574,1.9257705211639404,100.0,HIGH PRIORITY,95th percentile prioritisation threshold,Spectral-stress evidence detected. Prioritise field inspection to determine the underlying cause. Field verification required.,281
scene_03-Z0329,scene_03,109,98100.0,555347.3394495413,1955924.8623853212,33.521910967366274,17.68963276680864,1.962530255317688,2.1527700424194336,1.9428516626358032,100.0,HIGH PRIORITY,95th percentile prioritisation threshold,Spectral-stress evidence detected. Prioritise field inspection to determine the underlying cause. Field verification required.,282
scene_03-Z0242,scene_03,31,27900.0,573408.3870967742,1960584.1935483871,33.6923754645339,17.731219370224526,1.9620712995529175,2.210402488708496,1.9552439451217651,100.0,HIGH PRIORITY,95th percentile prioritisation threshold,Spectral-stress evidence detected. Prioritise field inspection to determine the underlying cause. Field verification required.,283
scene_03-Z0177,scene_03,15,13500.0,554442.0,1964138.0,33.51358548085163,17.763889903068954,1.9616481065750122,2.176748514175415,1.9489518404006958,100.0,HIGH PRIORITY,95th percentile prioritisation threshold,Spectral-stress evidence detected. Prioritise field inspection to determine the underlying cause. Field verification required.,284
scene_03-Z0210,scene_03,13,11700.0,554457.6923076923,1962177.6923076923,33.51368295266574,17.746171271429766,1.9612622261047363,2.1848952770233154,1.9346919059753418,100.0,HIGH PRIORITY,95th percentile prioritisation threshold,Spectral-stress evidence detected. Prioritise field inspection to determine the underlying cause. Field verification required.,285
scene_03-Z0191,scene_03,10,9000.0,574350.0,1963386.0,33.70135469822651,17.756511122908353,1.9595798254013062,2.3353960514068604,1.91285240650177,100.0,HIGH PRIORITY,95th percentile prioritisation threshold,Spectral-stress evidence detected. Prioritise field inspection to determine the underlying cause. Field verification required.,286
scene_03-Z0361,scene_03,13,11700.0,555860.7692307692,1952880.0,33.52667219053076,17.662098704865652,1.9593344926834106,2.2709827423095703,1.9185563325881958,100.0,HIGH PRIORITY,95th percentile prioritisation threshold,Spectral-stress evidence detected. Prioritise field inspection to determine the underlying cause. Field verification required.,287
scene_03-Z0076,scene_03,15,13500.0,556282.0,1970072.0,33.53110135948055,17.81747777480691,1.9582327604293823,2.055565357208252,1.9718739986419678,100.0,HIGH PRIORITY,95th percentile prioritisation threshold,Spectral-stress evidence detected. Prioritise field inspection to determine the underlying cause. Field verification required.,288
scene_03-Z0132,scene_03,9,8100.0,580566.6666666666,1966713.3333333333,33.76012090714683,17.786365200267568,1.9574415683746338,2.2199459075927734,1.9140124320983887,100.0,HIGH PRIORITY,95th percentile prioritisation threshold,Spectral-stress evidence detected. Prioritise field inspection to determine the underlying cause. Field verification required.,289
scene_03-Z0126,scene_03,11,9900.0,578541.8181818182,1967151.8181818181,33.74103463644845,17.790401496249945,1.957227349281311,2.0213053226470947,1.9742382764816284,100.0,HIGH PRIORITY,95th percentile prioritisation threshold,Spectral-stress evidence detected. Prioritise field inspection to determine the underlying cause. Field verification required.,290
scene_03-Z0223,scene_03,21,18900.0,554341.4285714285,1961324.2857142857,33.51256435886085,17.738460612091565,1.9569615125656128,2.1505823135375977,1.9308563470840454,100.0,HIGH PRIORITY,95th percentile prioritisation threshold,Spectral-stress evidence detected. Prioritise field inspection to determine the underlying cause. Field verification required.,291
scene_03-Z0359,scene_03,14,12600.0,555576.4285714285,1953070.7142857143,33.523996412783085,17.663829639101532,1.954476237297058,2.3340818881988525,1.8861311674118042,100.0,HIGH PRIORITY,95th percentile prioritisation threshold,Spectral-stress evidence detected. Prioritise field inspection to determine the underlying cause. Field verification required.,292
scene_03-Z0306,scene_03,9,8100.0,562580.0,1957963.3333333333,33.590170767135284,17.707864586035573,1.9530423879623413,2.086347818374634,1.9353559017181396,100.0,HIGH PRIORITY,95th percentile prioritisation threshold,Spectral-stress evidence detected. Prioritise field inspection to determine the underlying cause. Field verification required.,293
scene_03-Z0321,scene_03,91,81900.0,555537.3626373627,1956339.2307692308,33.523713635386116,17.693373292011476,1.9526631832122803,2.317307949066162,1.942307949066162,100.0,HIGH PRIORITY,95th percentile prioritisation threshold,Spectral-stress evidence detected. Prioritise field inspection to determine the underlying cause. Field verification required.,294
scene_03-Z0163,scene_03,30,27000.0,576891.0,1964932.0,33.725379277578924,17.770396867995117,1.9523450136184692,2.113414764404297,1.958188772201538,100.0,HIGH PRIORITY,95th percentile prioritisation threshold,Spectral-stress evidence detected. Prioritise field inspection to determine the underlying cause. Field verification required.,295
scene_03-Z0335,scene_03,39,35100.0,576176.1538461539,1954760.7692307692,33.71826969831044,17.67849230118703,1.9517481327056885,2.0970170497894287,1.9495946168899536,100.0,HIGH PRIORITY,95th percentile prioritisation threshold,Spectral-stress evidence detected. Prioritise field inspection to determine the underlying cause. Field verification required.,296
scene_03-Z0389,scene_03,33,29700.0,554328.1818181818,1946252.7272727273,33.51205377411194,17.6022354340517,1.948717474937439,2.1351685523986816,1.9280753135681152,100.0,HIGH PRIORITY,95th percentile prioritisation threshold,Spectral-stress evidence detected. Prioritise field inspection to determine the underlying cause. Field verification required.,297
scene_03-Z0217,scene_03,79,71100.0,557332.4050632912,1961313.0379746836,33.54077492883189,17.73828323676507,1.9484386444091797,2.3257052898406982,1.9265846014022827,100.0,HIGH PRIORITY,95th percentile prioritisation threshold,Spectral-stress evidence detected. Prioritise field inspection to determine the underlying cause. Field verification required.,298
scene_03-Z0226,scene_03,13,11700.0,559421.5384615385,1961330.7692307692,33.56048002677389,17.73838821091268,1.9461414813995361,2.1060633659362793,1.9431238174438477,100.0,HIGH PRIORITY,95th percentile prioritisation threshold,Spectral-stress evidence detected. Prioritise field inspection to determine the underlying cause. Field verification required.,299
scene_03-Z0030,scene_03,50,45000.0,579403.8,1972029.0,33.74935094467826,17.834450687533447,1.9458497762680054,2.206195831298828,1.9287316799163818,100.0,HIGH PRIORITY,95th percentile prioritisation threshold,Spectral-stress evidence detected. Prioritise field inspection to determine the underlying cause. Field verification required.,300
scene_03-Z0331,scene_03,78,70200.0,553381.5384615385,1955764.6153846155,33.50337047652346,17.688232669895445,1.9430111646652222,2.2535436153411865,1.9078482389450073,100.0,HIGH PRIORITY,95th percentile prioritisation threshold,Spectral-stress evidence detected. Prioritise field inspection to determine the underlying cause. Field verification required.,301
scene_03-Z0186,scene_03,14,12600.0,553913.5714285715,1963560.0,33.508585863173224,17.75867864736163,1.9413775205612183,2.154252767562866,1.9180160760879517,100.0,HIGH PRIORITY,95th percentile prioritisation threshold,Spectral-stress evidence detected. Prioritise field inspection to determine the underlying cause. Field verification required.,302
scene_03-Z0334,scene_03,15,13500.0,554646.0,1955054.0,33.515275280348504,17.681778857683398,1.9410903453826904,2.1404592990875244,1.8955724239349365,100.0,HIGH PRIORITY,95th percentile prioritisation threshold,Spectral-stress evidence detected. Prioritise field inspection to determine the underlying cause. Field verification required.,303
scene_03-Z0300,scene_03,9,8100.0,578110.0,1958080.0,33.736625255531756,17.70842469312567,1.9401545524597168,2.110050916671753,1.9080754518508911,100.0,HIGH PRIORITY,95th percentile prioritisation threshold,Spectral-stress evidence detected. Prioritise field inspection to determine the underlying cause. Field verification required.,304
scene_03-Z0154,scene_03,9,8100.0,577210.0,1965483.3333333333,33.72840868637911,17.77536871836631,1.939629077911377,2.152726888656616,1.9746493101119995,100.0,HIGH PRIORITY,95th percentile prioritisation threshold,Spectral-stress evidence detected. Prioritise field inspection to determine the underlying cause. Field verification required.,305
scene_03-Z0235,scene_03,13,11700.0,577890.0,1960980.0,33.73465738622623,17.73464309466676,1.938509464263916,2.0981523990631104,1.9436956644058228,100.0,HIGH PRIORITY,95th percentile prioritisation threshold,Spectral-stress evidence detected. Prioritise field inspection to determine the underlying cause. Field verification required.,306
scene_03-Z0272,scene_03,11,9900.0,553448.1818181818,1959141.8181818181,33.50408408332087,17.71875611893227,1.9368865489959717,2.1265127658843994,1.9204968214035034,100.0,HIGH PRIORITY,95th percentile prioritisation threshold,Spectral-stress evidence detected. Prioritise field inspection to determine the underlying cause. Field verification required.,307
scene_03-Z0310,scene_03,15,13500.0,554046.0,1957588.0,33.509682444556994,17.704697311046647,1.9365878105163574,2.1146063804626465,1.9416921138763428,100.0,HIGH PRIORITY,95th percentile prioritisation threshold,Spectral-stress evidence detected. Prioritise field inspection to determine the underlying cause. Field verification required.,308
scene_03-Z0343,scene_03,37,33300.0,552702.1621621621,1954326.4864864864,33.496928634022325,17.675250296925,1.9359592199325562,2.1905438899993896,1.9192545413970947,100.0,HIGH PRIORITY,95th percentile prioritisation threshold,Spectral-stress evidence detected. Prioritise field inspection to determine the underlying cause. Field verification required.,309
scene_03-Z0368,scene_03,20,18000.0,554376.0,1951297.5,33.512633267234726,17.6478320603896,1.9338839054107666,2.09614896774292,1.9478272199630737,100.0,HIGH PRIORITY,95th percentile prioritisation threshold,Spectral-stress evidence detected. Prioritise field inspection to determine the underlying cause. Field verification required.,310
scene_03-Z0338,scene_03,39,35100.0,553309.2307692308,1954623.8461538462,33.502659992022906,17.677923475987733,1.9328582286834717,2.0776233673095703,1.9403796195983887,100.0,HIGH PRIORITY,95th percentile prioritisation threshold,Spectral-stress evidence detected. Prioritise field inspection to determine the underlying cause. Field verification required.,311
scene_03-Z0376,scene_03,13,11700.0,567371.5384615385,1950530.7692307692,33.635120286416026,17.64054534666662,1.932813048362732,2.0744121074676514,1.9099332094192505,100.0,HIGH PRIORITY,95th percentile prioritisation threshold,Spectral-stress evidence detected. Prioritise field inspection to determine the underlying cause. Field verification required.,312
scene_03-Z0058,scene_03,31,27900.0,579752.9032258064,1970826.7741935484,33.752599670812856,17.82357228663293,1.932390809059143,2.090479612350464,1.9538686275482178,100.0,HIGH PRIORITY,95th percentile prioritisation threshold,Spectral-stress evidence detected. Prioritise field inspection to determine the underlying cause. Field verification required.,313
scene_03-Z0170,scene_03,16,14400.0,554340.0,1964626.875,33.512635869898595,17.76831111516195,1.9323891401290894,2.074328899383545,1.9152045249938965,100.0,HIGH PRIORITY,95th percentile prioritisation threshold,Spectral-stress evidence detected. Prioritise field inspection to determine the underlying cause. Field verification required.,314
scene_03-Z0362,scene_03,10,9000.0,555363.0,1952718.0,33.52197499355252,17.66064694782095,1.9317213296890259,2.0985543727874756,1.8963301181793213,100.0,HIGH PRIORITY,95th percentile prioritisation threshold,Spectral-stress evidence detected. Prioritise field inspection to determine the underlying cause. Field verification required.,315
scene_03-Z0302,scene_03,21,18900.0,561121.4285714285,1958057.142857143,33.57641869726986,17.708753302061847,1.9285385608673096,2.146641492843628,1.9250445365905762,100.0,HIGH PRIORITY,95th percentile prioritisation threshold,Spectral-stress evidence detected. Prioritise field inspection to determine the underlying cause. Field verification required.,316
scene_03-Z0169,scene_03,9,8100.0,580176.6666666666,1964650.0,33.75636315636636,17.767730932292615,1.9271047115325928,2.06443190574646,1.9363266229629517,100.0,HIGH PRIORITY,95th percentile prioritisation threshold,Spectral-stress evidence detected. Prioritise field inspection to determine the underlying cause. Field verification required.,317
scene_03-Z0325,scene_03,11,9900.0,565944.5454545454,1956460.9090909092,33.62185256505072,17.694187263427796,1.9270106554031372,2.0839245319366455,1.9083168506622314,100.0,HIGH PRIORITY,95th percentile prioritisation threshold,Spectral-stress evidence detected. Prioritise field inspection to determine the underlying cause. Field verification required.,318
scene_03-Z0160,scene_03,12,10800.0,577470.0,1965110.0,33.73084769849642,17.77198535443388,1.9260401725769043,2.0431597232818604,1.9238662719726562,100.0,HIGH PRIORITY,95th percentile prioritisation threshold,Spectral-stress evidence detected. Prioritise field inspection to determine the underlying cause. Field verification required.,319
scene_03-Z0364,scene_03,15,13500.0,555536.0,1952358.0,33.523596618073306,17.65738873210022,1.9247620105743408,2.223381757736206,1.8832173347473145,100.0,HIGH PRIORITY,95th percentile prioritisation threshold,Spectral-stress evidence detected. Prioritise field inspection to determine the underlying cause. Field verification required.,320
scene_03-Z0265,scene_03,44,39600.0,556296.8181818182,1959548.8636363635,33.530960339071555,17.72236442205209,1.924737811088562,2.1984238624572754,1.9173424243927002,100.0,HIGH PRIORITY,95th percentile prioritisation threshold,Spectral-stress evidence detected. Prioritise field inspection to determine the underlying cause. Field verification required.,321
scene_03-Z0184,scene_03,18,16200.0,578148.3333333334,1963656.6666666667,33.73719284610199,17.75882599977225,1.9189409017562866,2.17165470123291,1.87894606590271,100.0,HIGH PRIORITY,95th percentile prioritisation threshold,Spectral-stress evidence detected. Prioritise field inspection to determine the underlying cause. Field verification required.,322
scene_03-Z0075,scene_03,10,9000.0,576975.0,1970079.0,33.726359784755466,17.81691303795658,1.9151674509048462,2.0036916732788086,1.9021365642547607,100.0,HIGH PRIORITY,95th percentile prioritisation threshold,Spectral-stress evidence detected. Prioritise field inspection to determine the underlying cause. Field verification required.,323
scene_03-Z0068,scene_03,20,18000.0,580153.5,1970511.0,33.756367679110966,17.820703721187517,1.915132761001587,2.191298723220825,1.880542278289795,100.0,HIGH PRIORITY,95th percentile prioritisation threshold,Spectral-stress evidence detected. Prioritise field inspection to determine the underlying cause. Field verification required.,324
scene_03-Z0279,scene_03,9,8100.0,563193.3333333334,1958810.0,33.5959799453377,17.715499656786687,1.914665699005127,2.1346347332000732,1.874330997467041,100.0,HIGH PRIORITY,95th percentile prioritisation threshold,Spectral-stress evidence detected. Prioritise field inspection to determine the underlying cause. Field verification required.,325
scene_03-Z0357,scene_03,12,10800.0,555427.5,1953305.0,33.52259841231284,17.66595097781656,1.9145623445510864,2.040938377380371,1.8994591236114502,100.0,HIGH PRIORITY,95th percentile prioritisation threshold,Spectral-stress evidence detected. Prioritise field inspection to determine the underlying cause. Field verification required.,326
scene_03-Z0175,scene_03,17,15300.0,554190.0,1964331.1764705882,33.51121323748082,17.765642142615047,1.9142738580703735,2.241769790649414,1.8774980306625366,100.0,HIGH PRIORITY,95th percentile prioritisation threshold,Spectral-stress evidence detected. Prioritise field inspection to determine the underlying cause. Field verification required.,327
scene_03-Z0176,scene_03,18,16200.0,558601.6666666666,1964323.3333333333,33.55283007818621,17.765458275347655,1.914154291152954,2.1063826084136963,1.8990895748138428,100.0,HIGH PRIORITY,95th percentile prioritisation threshold,Spectral-stress evidence detected. Prioritise field inspection to determine the underlying cause. Field verification required.,328
scene_03-Z0336,scene_03,10,9000.0,576363.0,1954890.0,33.720036031012214,17.67965387994736,1.9137462377548218,1.9785144329071045,1.9141590595245361,100.0,HIGH PRIORITY,95th percentile prioritisation threshold,Spectral-stress evidence detected. Prioritise field inspection to determine the underlying cause. Field verification required.,329
scene_03-Z0287,scene_03,43,38700.0,554095.8139534884,1958460.6976744186,33.510174493497935,17.712584013123756,1.913451075553894,2.1751697063446045,1.9004422426223755,100.0,HIGH PRIORITY,95th percentile prioritisation threshold,Spectral-stress evidence detected. Prioritise field inspection to determine the underlying cause. Field verification required.,330
scene_03-Z0370,scene_03,18,16200.0,561583.3333333334,1950970.0,33.58056898313454,17.644683536363157,1.9128996133804321,2.0779001712799072,1.8962500095367432,100.0,HIGH PRIORITY,95th percentile prioritisation threshold,Spectral-stress evidence detected. Prioritise field inspection to determine the underlying cause. Field verification required.,331
scene_03-Z0316,scene_03,11,9900.0,552856.3636363636,1957213.6363636365,33.49845451745615,17.701342368176316,1.9126826524734497,2.0136935710906982,1.9109667539596558,100.0,HIGH PRIORITY,95th percentile prioritisation threshold,Spectral-stress evidence detected. Prioritise field inspection to determine the underlying cause. Field verification required.,332
scene_03-Z0246,scene_03,13,11700.0,570805.3846153846,1960456.1538461538,33.66782134313647,17.730147166215826,1.9122083187103271,2.0461506843566895,1.9070218801498413,100.0,HIGH PRIORITY,95th percentile prioritisation threshold,Spectral-stress evidence detected. Prioritise field inspection to determine the underlying cause. Field verification required.,333
scene_03-Z0181,scene_03,28,25200.0,575814.6428571428,1964028.2142857143,33.715193178801506,17.762265647336033,1.911155343055725,2.102478504180908,1.8917515277862549,100.0,HIGH PRIORITY,95th percentile prioritisation threshold,Spectral-stress evidence detected. Prioritise field inspection to determine the underlying cause. Field verification required.,334
scene_03-Z0259,scene_03,9,8100.0,559463.3333333334,1959926.6666666667,33.56083475074288,17.725696170496096,1.9109872579574585,2.002683639526367,1.943450689315796,100.0,HIGH PRIORITY,95th percentile prioritisation threshold,Spectral-stress evidence detected. Prioritise field inspection to determine the underlying cause. Field verification required.,335
scene_03-Z0342,scene_03,24,21600.0,576357.5,1954361.25,33.719965150397805,17.674875110570706,1.9105640649795532,2.1302967071533203,1.9050483703613281,100.0,HIGH PRIORITY,95th percentile prioritisation threshold,Spectral-stress evidence detected. Prioritise field inspection to determine the underlying cause. Field verification required.,336
scene_03-Z0380,scene_03,11,9900.0,561354.5454545454,1949089.0909090908,33.57835796601872,17.627689255537813,1.909965991973877,2.0069692134857178,1.9210529327392578,100.0,HIGH PRIORITY,95th percentile prioritisation threshold,Spectral-stress evidence detected. Prioritise field inspection to determine the underlying cause. Field verification required.,337
scene_03-Z0303,scene_03,23,20700.0,559057.8260869565,1958015.2173913044,33.556956968707766,17.708430475506933,1.9085798263549805,2.0299596786499023,1.8958255052566528,100.0,HIGH PRIORITY,95th percentile prioritisation threshold,Spectral-stress evidence detected. Prioritise field inspection to determine the underlying cause. Field verification required.,338
scene_03-Z0087,scene_03,17,15300.0,576321.1764705882,1969667.6470588236,33.720175536339525,17.81321801767776,1.9082605838775635,2.0091376304626465,1.8967328071594238,100.0,HIGH PRIORITY,95th percentile prioritisation threshold,Spectral-stress evidence detected. Prioritise field inspection to determine the underlying cause. Field verification required.,339
scene_03-Z0193,scene_03,46,41400.0,553381.304347826,1963231.3043478262,33.50355663036464,17.755720688357098,1.9074305295944214,2.1772313117980957,1.8742115497589111,100.0,HIGH PRIORITY,95th percentile prioritisation threshold,Spectral-stress evidence detected. Prioritise field inspection to determine the underlying cause. Field verification required.,340
scene_03-Z0180,scene_03,30,27000.0,560330.0,1964024.0,33.569125504177904,17.7627061085478,1.9073878526687622,2.1901729106903076,1.8937042951583862,100.0,HIGH PRIORITY,95th percentile prioritisation threshold,Spectral-stress evidence detected. Prioritise field inspection to determine the underlying cause. Field verification required.,341
scene_03-Z0061,scene_03,17,15300.0,578041.7647058824,1970685.8823529412,33.736448025182085,17.822360414559757,1.9068458080291748,2.0293517112731934,1.884568691253662,100.0,HIGH PRIORITY,95th percentile prioritisation threshold,Spectral-stress evidence detected. Prioritise field inspection to determine the underlying cause. Field verification required.,342
scene_03-Z0319,scene_03,10,9000.0,553296.0,1956897.0,33.50259236676515,17.698469873883795,1.906843900680542,2.0897393226623535,1.8829914331436157,100.0,HIGH PRIORITY,95th percentile prioritisation threshold,Spectral-stress evidence detected. Prioritise field inspection to determine the underlying cause. Field verification required.,343
scene_03-Z0215,scene_03,36,32400.0,552686.6666666666,1961800.8333333333,33.49696847382184,17.742808051742273,1.9062483310699463,2.0335044860839844,1.9019478559494019,100.0,HIGH PRIORITY,95th percentile prioritisation threshold,Spectral-stress evidence detected. Prioritise field inspection to determine the underlying cause. Field verification required.,344
scene_03-Z0250,scene_03,17,15300.0,572551.7647058824,1960387.0588235294,33.68428960910978,17.729465948220245,1.9057072401046753,2.0176117420196533,1.8966370820999146,100.0,HIGH PRIORITY,95th percentile prioritisation threshold,Spectral-stress evidence detected. Prioritise field inspection to determine the underlying cause. Field verification required.,345
scene_03-Z0337,scene_03,10,9000.0,556005.0,1954752.0,33.528081377987654,17.67901524534851,1.9035438299179077,2.087017774581909,1.8848201036453247,100.0,HIGH PRIORITY,95th percentile prioritisation threshold,Spectral-stress evidence detected. Prioritise field inspection to determine the underlying cause. Field verification required.,346
scene_03-Z0248,scene_03,16,14400.0,562706.25,1960365.0,33.59143249601664,17.72956826935786,1.9032182693481445,2.104477643966675,1.8887488842010498,100.0,HIGH PRIORITY,95th percentile prioritisation threshold,Spectral-stress evidence detected. Prioritise field inspection to determine the underlying cause. Field verification required.,347
scene_03-Z0039,scene_03,40,36000.0,579651.0,1971621.0,33.75166820894425,17.8307542145784,1.9018008708953857,2.1529734134674072,1.8795535564422607,100.0,HIGH PRIORITY,95th percentile prioritisation threshold,Spectral-stress evidence detected. Prioritise field inspection to determine the underlying cause. Field verification required.,348
scene_03-Z0388,scene_03,20,18000.0,554001.0,1946365.5,33.50897296594825,17.60326271555874,1.9015233516693115,2.1254804134368896,1.864527940750122,100.0,HIGH PRIORITY,95th percentile prioritisation threshold,Spectral-stress evidence detected. Prioritise field inspection to determine the underlying cause. Field verification required.,349
scene_03-Z0173,scene_03,17,15300.0,553641.1764705882,1964534.1176470588,33.506041098710575,17.767489863438527,1.9007474184036255,2.0779590606689453,1.85976243019104,100.0,HIGH PRIORITY,95th percentile prioritisation threshold,Spectral-stress evidence detected. Prioritise field inspection to determine the underlying cause. Field verification required.,350
scene_03-Z0323,scene_03,9,8100.0,578230.0,1956536.6666666667,33.737699882220745,17.694471550793594,1.900113821029663,1.9987469911575317,1.8891355991363525,100.0,HIGH PRIORITY,95th percentile prioritisation threshold,Spectral-stress evidence detected. Prioritise field inspection to determine the underlying cause. Field verification required.,351
scene_03-Z0297,scene_03,11,9900.0,555788.1818181818,1958176.3636363635,33.52612714083145,17.709971964958722,1.8999942541122437,2.205871105194092,1.8401378393173218,100.0,HIGH PRIORITY,95th percentile prioritisation threshold,Spectral-stress evidence detected. Prioritise field inspection to determine the underlying cause. Field verification required.,352
scene_03-Z0346,scene_03,19,17100.0,553138.4210526316,1954182.6315789474,33.50103840276983,17.673939624089687,1.899572491645813,2.0363311767578125,1.9040707349777222,100.0,HIGH PRIORITY,95th percentile prioritisation threshold,Spectral-stress evidence detected. Prioritise field inspection to determine the underlying cause. Field verification required.,353
scene_03-Z0092,scene_03,27,24300.0,569660.0,1969473.3333333333,33.65731663815582,17.811683176672354,1.8990943431854248,2.057785987854004,1.8822122812271118,100.0,HIGH PRIORITY,95th percentile prioritisation threshold,Spectral-stress evidence detected. Prioritise field inspection to determine the underlying cause. Field verification required.,354
scene_03-Z0209,scene_03,39,35100.0,555547.6923076923,1962205.3846153845,33.523965009590015,17.7463943757941,1.898769497871399,2.063922166824341,1.8866865634918213,100.0,HIGH PRIORITY,95th percentile prioritisation threshold,Spectral-stress evidence detected. Prioritise field inspection to determine the underlying cause. Field verification required.,355
scene_03-Z0107,scene_03,12,10800.0,574787.5,1968372.5,33.70565836800637,17.801565078910347,1.8981099128723145,1.9636709690093994,1.9082057476043701,100.0,HIGH PRIORITY,95th percentile prioritisation threshold,Spectral-stress evidence detected. Prioritise field inspection to determine the underlying cause. Field verification required.,356
scene_03-Z0219,scene_03,122,109800.0,553830.4918032787,1961588.3606557378,33.50775191766097,17.740859987967433,1.892600178718567,2.0892791748046875,1.8915611505508423,100.0,HIGH PRIORITY,95th percentile prioritisation threshold,Spectral-stress evidence detected. Prioritise field inspection to determine the underlying cause. Field verification required.,357
scene_03-Z0214,scene_03,120,108000.0,554280.75,1961815.5,33.51200465352944,17.74290195478063,1.8915104866027832,2.1767818927764893,1.8703421354293823,100.0,HIGH PRIORITY,95th percentile prioritisation threshold,Spectral-stress evidence detected. Prioritise field inspection to determine the underlying cause. Field verification required.,358
scene_03-Z0344,scene_03,23,20700.0,552930.0,1954340.8695652173,33.4990772159219,17.675374864999963,1.8906155824661255,2.0576696395874023,1.876446008682251,100.0,HIGH PRIORITY,95th percentile prioritisation threshold,Spectral-stress evidence detected. Prioritise field inspection to determine the underlying cause. Field verification required.,359
scene_03-Z0347,scene_03,12,10800.0,576247.5,1954187.5,33.71892179329743,17.673308509404773,1.8878282308578491,2.0371954441070557,1.869386076927185,100.0,HIGH PRIORITY,95th percentile prioritisation threshold,Spectral-stress evidence detected. Prioritise field inspection to determine the underlying cause. Field verification required.,360
scene_03-Z0056,scene_03,11,9900.0,580025.4545454546,1970972.7272727273,33.7551770335401,17.82488149108222,1.88213312625885,2.0133631229400635,1.851435661315918,100.0,HIGH PRIORITY,95th percentile prioritisation threshold,Spectral-stress evidence detected. Prioritise field inspection to determine the underlying cause. Field verification required.,361
scene_03-Z0237,scene_03,9,8100.0,570356.6666666666,1960970.0,33.663606435704445,17.734805801248918,1.8819609880447388,1.9521504640579224,1.8692351579666138,100.0,HIGH PRIORITY,95th percentile prioritisation threshold,Spectral-stress evidence detected. Prioritise field inspection to determine the underlying cause. Field verification required.,362
scene_03-Z0254,scene_03,77,69300.0,555620.2597402597,1959877.012987013,33.52458823885054,17.725347551690025,1.8789918422698975,2.024994373321533,1.8806438446044922,100.0,HIGH PRIORITY,95th percentile prioritisation threshold,Spectral-stress evidence detected. Prioritise field inspection to determine the underlying cause. Field verification required.,363
scene_03-Z0263,scene_03,31,27900.0,552749.0322580645,1959609.677419355,33.497502062207886,17.723001700947663,1.8786475658416748,2.208505153656006,1.8430416584014893,100.0,HIGH PRIORITY,95th percentile prioritisation threshold,Spectral-stress evidence detected. Prioritise field inspection to determine the underlying cause. Field verification required.,364
scene_03-Z0083,scene_03,9,8100.0,560066.6666666666,1969946.6666666667,33.566810295249134,17.816244678509513,1.878013014793396,1.97745943069458,1.8696552515029907,100.0,HIGH PRIORITY,95th percentile prioritisation threshold,Spectral-stress evidence detected. Prioritise field inspection to determine the underlying cause. Field verification required.,365
scene_03-Z0187,scene_03,12,10800.0,554225.0,1963605.0,33.51152474991835,17.759077736745965,1.8778539896011353,2.050279140472412,1.8476827144622803,100.0,HIGH PRIORITY,95th percentile prioritisation threshold,Spectral-stress evidence detected. Prioritise field inspection to determine the underlying cause. Field verification required.,366
scene_03-Z0277,scene_03,19,17100.0,554324.2105263158,1958761.5789473683,33.51233614574652,17.71529793644169,1.877724289894104,2.0030946731567383,1.8724225759506226,100.0,HIGH PRIORITY,95th percentile prioritisation threshold,Spectral-stress evidence detected. Prioritise field inspection to determine the underlying cause. Field verification required.,367
scene_03-Z0260,scene_03,9,8100.0,562593.3333333334,1959826.6666666667,33.590351601270456,17.724705797441203,1.8769917488098145,1.9975035190582275,1.8494170904159546,100.0,HIGH PRIORITY,95th percentile prioritisation threshold,Spectral-stress evidence detected. Prioritise field inspection to determine the underlying cause. Field verification required.,368
scene_03-Z0230,scene_03,40,36000.0,555439.5,1961073.75,33.52291480871805,17.736168818694352,1.875732421875,2.0330278873443604,1.8449535369873047,100.0,HIGH PRIORITY,95th percentile prioritisation threshold,Spectral-stress evidence detected. Prioritise field inspection to determine the underlying cause. Field verification required.,369
scene_03-Z0328,scene_03,96,86400.0,552988.125,1956047.8125,33.499667896125956,17.690801827259513,1.8744019269943237,2.0833003520965576,1.8664698600769043,100.0,HIGH PRIORITY,95th percentile prioritisation threshold,Spectral-stress evidence detected. Prioritise field inspection to determine the underlying cause. Field verification required.,370
scene_03-Z0369,scene_03,10,9000.0,554109.0,1951071.0,33.51011041738261,17.64579134629367,1.8724539279937744,1.974365472793579,1.8678174018859863,100.0,HIGH PRIORITY,95th percentile prioritisation threshold,Spectral-stress evidence detected. Prioritise field inspection to determine the underlying cause. Field verification required.,371
scene_03-Z0377,scene_03,10,9000.0,567747.0,1949832.0,33.638637403783626,17.634218151813915,1.8713886737823486,2.026902914047241,1.84499192237854,100.0,HIGH PRIORITY,95th percentile prioritisation threshold,Spectral-stress evidence detected. Prioritise field inspection to determine the underlying cause. Field verification required.,372
scene_03-Z0241,scene_03,9,8100.0,554223.3333333334,1960746.6666666667,33.511435667458905,17.733242695730212,1.866365909576416,1.9026693105697632,1.860877275466919,100.0,HIGH PRIORITY,95th percentile prioritisation threshold,Spectral-stress evidence detected. Prioritise field inspection to determine the underlying cause. Field verification required.,373
scene_03-Z0284,scene_03,11,9900.0,554727.2727272727,1958697.2727272727,33.51613568398723,17.714706752822533,1.8661688566207886,1.9777791500091553,1.8738304376602173,100.0,HIGH PRIORITY,95th percentile prioritisation threshold,Spectral-stress evidence detected. Prioritise field inspection to determine the underlying cause. Field verification required.,374
scene_03-Z0139,scene_03,26,23400.0,552675.0,1966396.1538461538,33.49697313538844,17.784343212800923,1.8650654554367065,1.9483113288879395,1.8630427122116089,100.0,HIGH PRIORITY,95th percentile prioritisation threshold,Spectral-stress evidence detected. Prioritise field inspection to determine the underlying cause. Field verification required.,375
scene_03-Z0122,scene_03,15,13500.0,578790.0,1967282.0,33.74338093342659,17.791569210062065,1.8638026714324951,2.0310885906219482,1.84927237033844,100.0,HIGH PRIORITY,95th percentile prioritisation threshold,Spectral-stress evidence detected. Prioritise field inspection to determine the underlying cause. Field verification required.,376
scene_03-Z0353,scene_03,16,14400.0,578161.875,1953847.5,33.73695843999931,17.670168782926392,1.863455891609192,1.9735066890716553,1.8498804569244385,100.0,HIGH PRIORITY,95th percentile prioritisation threshold,Spectral-stress evidence detected. Prioritise field inspection to determine the underlying cause. Field verification required.,377
scene_03-Z0264,scene_03,41,36900.0,553001.7073170731,1959573.6585365853,33.49988419645926,17.722670091141296,1.8633688688278198,2.029665470123291,1.8559571504592896,100.0,HIGH PRIORITY,95th percentile prioritisation threshold,Spectral-stress evidence detected. Prioritise field inspection to determine the underlying cause. Field verification required.,378
scene_03-Z0183,scene_03,10,9000.0,553656.0,1963734.0,33.50616059297229,17.760257635859446,1.8624980449676514,1.9885218143463135,1.8481886386871338,100.0,HIGH PRIORITY,95th percentile prioritisation threshold,Spectral-stress evidence detected. Prioritise field inspection to determine the underlying cause. Field verification required.,379
scene_03-Z0255,scene_03,9,8100.0,555423.3333333334,1959983.3333333333,33.52273374918207,17.72631348269079,1.855945110321045,1.897993564605713,1.85454523563385,100.0,HIGH PRIORITY,95th percentile prioritisation threshold,Spectral-stress evidence detected. Prioritise field inspection to determine the underlying cause. Field verification required.,380
scene_03-Z0071,scene_03,9,8100.0,576096.6666666666,1970343.3333333333,33.718081606667326,17.81933272671182,1.855491042137146,1.946042537689209,1.8542256355285645,100.0,HIGH PRIORITY,95th percentile prioritisation threshold,Spectral-stress evidence detected. Prioritise field inspection to determine the underlying cause. Field verification required.,381
scene_03-Z0022,scene_03,9,8100.0,578740.0,1972520.0,33.743105315289995,17.838912290849546,1.8551440238952637,1.9407739639282227,1.8617039918899536,100.0,HIGH PRIORITY,95th percentile prioritisation threshold,Spectral-stress evidence detected. Prioritise field inspection to determine the underlying cause. Field verification required.,382
scene_03-Z0017,scene_03,9,8100.0,580786.6666666666,1972706.6666666667,33.76242658676564,17.840524927549225,1.853380799293518,1.9372035264968872,1.854299545288086,100.0,HIGH PRIORITY,95th percentile prioritisation threshold,Spectral-stress evidence detected. Prioritise field inspection to determine the underlying cause. Field verification required.,383
scene_03-Z0372,scene_03,9,8100.0,555780.0,1950986.6666666667,33.52586101250614,17.64498770035006,1.8517835140228271,1.8920577764511108,1.851912260055542,100.0,HIGH PRIORITY,95th percentile prioritisation threshold,Spectral-stress evidence detected. Prioritise field inspection to determine the underlying cause. Field verification required.,384
scene_03-Z0168,scene_03,9,8100.0,578690.0,1964700.0,33.74234111436191,17.7682364664732,1.8489091396331787,1.926703691482544,1.854123592376709,100.0,HIGH PRIORITY,95th percentile prioritisation threshold,Spectral-stress evidence detected. Prioritise field inspection to determine the underlying cause. Field verification required.,385
scene_03-Z0294,scene_03,58,52200.0,554543.7931034482,1958157.4137931035,33.514391422837704,17.709831754596287,1.8461439609527588,1.9839105606079102,1.834345817565918,100.0,HIGH PRIORITY,95th percentile prioritisation threshold,Spectral-stress evidence detected. Prioritise field inspection to determine the underlying cause. Field verification required.,386
scene_03-Z0262,scene_03,10,9000.0,555906.0,1959765.0,33.52728018442168,17.724327903301166,1.8442680835723877,1.9069703817367554,1.8362348079681396,100.0,HIGH PRIORITY,95th percentile prioritisation threshold,Spectral-stress evidence detected. Prioritise field inspection to determine the underlying cause. Field verification required.,387
scene_03-Z0121,scene_03,11,9900.0,578637.2727272727,1967386.3636363635,33.74194394163126,17.792517923285274,1.8441563844680786,1.91605806350708,1.8248652219772339,100.0,HIGH PRIORITY,95th percentile prioritisation threshold,Spectral-stress evidence detected. Prioritise field inspection to determine the underlying cause. Field verification required.,388
scene_03-Z0211,scene_03,10,9000.0,557163.0,1962192.0,33.53920088170046,17.746232110473755,1.8349895477294922,1.9054981470108032,1.8145067691802979,100.0,HIGH PRIORITY,95th percentile prioritisation threshold,Spectral-stress evidence detected. Prioritise field inspection to determine the underlying cause. Field verification required.,389
scene_03-Z0216,scene_03,10,9000.0,557202.0,1961862.0,33.539559810654666,17.743248402849726,1.8179380893707275,1.8427804708480835,1.816953182220459,100.0,HIGH PRIORITY,95th percentile prioritisation threshold,Spectral-stress evidence detected. Prioritise field inspection to determine the underlying cause. Field verification required.,390
