{"type": "FeatureCollection", "features": [{"type": "Feature", "geometry": {"type": "Polygon", "coordinates": [[[33.59198889513609, 17.844806726719035], [33.59198799868806, 17.844535577754794], [33.59170487480361, 17.844536436074087], [33.59170397880015, 17.844265287088387], [33.591137731840924, 17.844267002467568], [33.59113862698705, 17.844538151481032], [33.590572379107016, 17.84453986524581], [33.59057148481822, 17.844268716204603], [33.5908546083375, 17.844267859541354], [33.5908537136359, 17.84399671050645], [33.59113683671066, 17.84399585344654], [33.59113594159627, 17.843724704417948], [33.59085281895016, 17.843725561463987], [33.59085192428028, 17.84345441241395], [33.590285679797766, 17.84345612524673], [33.59028478600103, 17.843184976161407], [33.59000166416463, 17.843185831948162], [33.590002557532735, 17.843456981047343], [33.58971943525187, 17.843457836437437], [33.5897185423124, 17.843186687324415], [33.58943542044433, 17.843187542290153], [33.58943631295517, 17.843458691417016], [33.58915319064265, 17.843459545986075], [33.58915497485449, 17.84400184424478], [33.5885887284674, 17.844003552206644], [33.58858783721088, 17.843732403053426], [33.58773846879771, 17.843734961875818], [33.58773935876828, 17.844006111070456], [33.58745623550367, 17.844006963203995], [33.587457125061356, 17.84427811240486], [33.58717400135232, 17.844278964141658], [33.587172223110024, 17.843736665704782], [33.58660597735929, 17.843738367891657], [33.58660508911908, 17.843467218634313], [33.58632196664873, 17.843468069098193], [33.58631841555988, 17.842383471938128], [33.58688465705582, 17.84238177071002], [33.586883768465746, 17.84211062142863], [33.58631752782702, 17.8421123226292], [33.5863166401099, 17.841841173312716], [33.58716599975856, 17.84183862093745], [33.587168666814605, 17.842652068740264], [33.588584272342786, 17.842647806364916], [33.588582490003546, 17.84210550797527], [33.58801624955407, 17.84210721410166], [33.58801535926535, 17.841836064867874], [33.58744911960993, 17.841837769324734], [33.5874473407942, 17.84129547077928], [33.5871642218, 17.841296322364418], [33.587163332844376, 17.841025173066555], [33.586313977052974, 17.84102772531786], [33.58631486472288, 17.841298874657042], [33.58603174566568, 17.84129972460032], [33.586029083988905, 17.840486276518806], [33.58574596620168, 17.840487126010355], [33.58574507943611, 17.840215976620975], [33.585461962061714, 17.840216825688334], [33.58546107574041, 17.83994567627764], [33.58517795877885, 17.839946524920816], [33.58517618704046, 17.839404226049258], [33.58545930314495, 17.839403377433563], [33.58545753061236, 17.838861078559237], [33.58517441536491, 17.838861927147455], [33.585173529550694, 17.83859077768521], [33.58489041471605, 17.838591625849286], [33.58488952934605, 17.838320476365745], [33.5846064149242, 17.838321324105703], [33.58460729986571, 17.838592473602965], [33.58404107011794, 17.838594167879126], [33.58404018603344, 17.838323018354423], [33.58375707156454, 17.838323864863202], [33.58375530429956, 17.83778156576369], [33.58432153150772, 17.837779872390595], [33.58431976259151, 17.837237573315683], [33.58403664985222, 17.837238420179997], [33.58403576584612, 17.83696727061749], [33.58375265351961, 17.836968117057726], [33.58375176995764, 17.836696967473948], [33.58346865804392, 17.83669781349013], [33.583467774926056, 17.83642666388509], [33.58318466342512, 17.836427509477225], [33.58318378075137, 17.836156359850925], [33.58290066966323, 17.83615720501902], [33.582898023021166, 17.835343756053717], [33.582614913202654, 17.835344600770437], [33.582614031448344, 17.835073451086533], [33.5823309220426, 17.835074295379258], [33.58233004073232, 17.834803145674126], [33.58204693173937, 17.834803989542877], [33.582046050873124, 17.834532839816507], [33.581762942292926, 17.834533683261288], [33.5817585403379, 17.833177934447765], [33.58090922092928, 17.833180462115603], [33.58090746282665, 17.8326381624554], [33.580341251522995, 17.832639845461433], [33.58033861705597, 17.831826395832657], [33.57892309494929, 17.83183059596419], [33.57892221896634, 17.831559446004782], [33.578639114926666, 17.831560284786793], [33.578638239387566, 17.83128913480624], [33.578355135760674, 17.83128997316445], [33.5783542606654, 17.831018823162754], [33.578071157451284, 17.831019661097166], [33.57806940816387, 17.830477361043965], [33.577786305790816, 17.83047819854102], [33.577785431598656, 17.830207048489516], [33.57750232963837, 17.830207885562817], [33.57750058215711, 17.829665585410016], [33.57721748103785, 17.829666422046017], [33.577216607748724, 17.82939527194473], [33.576933507042234, 17.829396108156995], [33.576931761366936, 17.828853807904647], [33.576648661501444, 17.828854643679666], [33.5766460443893, 17.828041193203845], [33.57636294579301, 17.8280420285281], [33.5763594582396, 17.826957427733742], [33.57664255512311, 17.82695659246362], [33.57663993833595, 17.826143141829107], [33.57692303391947, 17.826142306189485], [33.57692128861578, 17.825600005755764], [33.577487478023755, 17.825598333300423], [33.57748660453885, 17.825327183099326], [33.57776969879145, 17.825326346270085], [33.577768824893916, 17.82505519607499], [33.57805191870288, 17.825054358849243], [33.57805104439273, 17.824783208660158], [33.57861723110786, 17.824781533005595], [33.57861635595698, 17.824510382836102], [33.57889944886315, 17.824509544407313], [33.57889857329969, 17.82423839424385], [33.58031403545679, 17.824234196017088], [33.580313157768366, 17.8239630459141], [33.58059624972499, 17.823962205052226], [33.58059537162404, 17.8236910549553], [33.58116155463436, 17.823689372028696], [33.5811624335915, 17.823960522098346], [33.581445525501366, 17.823959680006343], [33.581447284318635, 17.824501980095693], [33.58116419155257, 17.824502822214985], [33.58116507055649, 17.824773972261966], [33.58144816375068, 17.82477313012903], [33.58144904319832, 17.825044280154817], [33.58173213680503, 17.82504343759817], [33.581734776526, 17.82585688758922], [33.58230096626141, 17.825855201163744], [33.58230272786607, 17.82639750106535], [33.582585823566646, 17.82639665721014], [33.58258670482059, 17.826667807135934], [33.58286980093371, 17.82666696285694], [33.582871564344856, 17.827209262658503], [33.583720855159385, 17.827206727278725], [33.583721738173, 17.827477877127095], [33.58400483550805, 17.827477031166552], [33.58400660243868, 17.828019330813206], [33.584289700614455, 17.828018484415114], [33.5842914684642, 17.828560784004114], [33.58400836943199, 17.828561630429625], [33.584009252952164, 17.828832780226495], [33.58344305398427, 17.828834471874465], [33.58344217132056, 17.828563322050194], [33.58259287403599, 17.828565856404875], [33.582594636809674, 17.829108156127987], [33.58316083672797, 17.82910646691362], [33.58316171899476, 17.82937761673647], [33.583444819358675, 17.829376771500343], [33.58344570206936, 17.829647921301937], [33.583728802845876, 17.829647075641937], [33.58372791970694, 17.829375925854038], [33.58429412035645, 17.829374233330917], [33.58429323637669, 17.829103083562874], [33.58514253594859, 17.829100541743056], [33.58514076546672, 17.828558242266645], [33.58542386443616, 17.828557394200523], [33.58542475009747, 17.82882854392876], [33.58570784947943, 17.82882769543874], [33.58570962170567, 17.829369994845067], [33.58599272192838, 17.829369145917372], [33.585994495074004, 17.829911445265964], [33.585428292899834, 17.829913142766163], [33.58542917863971, 17.83018429245661], [33.58514607710079, 17.83018514060517], [33.5851469624281, 17.8304562903018], [33.584863860445196, 17.8304571380539], [33.58486474535993, 17.830728287756706], [33.58458164293305, 17.83072913511233], [33.584582527435195, 17.831000284821293], [33.584016321677794, 17.831001978329354], [33.58401720533904, 17.831273128058196], [33.58345099866234, 17.8312748199528], [33.583450115857694, 17.831003670196555], [33.58316701292416, 17.83100451551484], [33.58316966010016, 17.831817964801974], [33.58288655586605, 17.8318188097511], [33.58288743786103, 17.832089959512047], [33.583736751801354, 17.832087423392895], [33.58373498525713, 17.8315451239456], [33.584018089015956, 17.83154427777948], [33.584018972708535, 17.8318154274932], [33.584868285175844, 17.831812886492326], [33.58486740019833, 17.83154173681976], [33.58515050389439, 17.831540889012732], [33.58514961850427, 17.831269739346336], [33.585715824992675, 17.83126804252909], [33.585714938761654, 17.83099689288262], [33.58599804155399, 17.830996043872414], [33.5859971549104, 17.830724894232144], [33.5865633595913, 17.83072319500862], [33.58656247210688, 17.83045204538831], [33.58684557399544, 17.830451195175012], [33.58684468609849, 17.830180045560912], [33.587410888971796, 17.830178343931284], [33.58741177772529, 17.83044949351782], [33.58769487956657, 17.830448642073925], [33.58769665797744, 17.830990941196728], [33.587979760659515, 17.830990089315037], [33.587982429679016, 17.831803537901152], [33.58826553363022, 17.831802685567833], [33.588266423763265, 17.832073835067614], [33.58883263247493, 17.832072129142645], [33.58883352348043, 17.83234327860723], [33.588267313912105, 17.83234498455983], [33.58826909425714, 17.832887283521583], [33.58855219990588, 17.832886430722784], [33.58855309053043, 17.83315758017851], [33.588836196591714, 17.833156726955632], [33.58883708766042, 17.833427876389976], [33.58912019413426, 17.83342702274301], [33.589121085647136, 17.83369817215597], [33.58940419253352, 17.83369731808489], [33.58940508449058, 17.83396846747646], [33.58968819178952, 17.833967612981265], [33.58968729940408, 17.83369646360354], [33.58997040625883, 17.833695608711906], [33.58996862067874, 17.833153309961464], [33.59053483262727, 17.833151599002793], [33.59053930097996, 17.834507345683644], [33.59110551714879, 17.83450563294522], [33.59110462258978, 17.834234483651915], [33.59138773022202, 17.834233626681133], [33.59139131026685, 17.83531822375349], [33.59167441959679, 17.835317366316875], [33.59167621057129, 17.83585966477991], [33.5919593207422, 17.8358588069052], [33.591960216681706, 17.83612995611148], [33.59224332726515, 17.836129097812538], [33.59224512004871, 17.836671396174616], [33.59196200860838, 17.83667225450136], [33.591962904595555, 17.836943403684952], [33.59167979271088, 17.836944261615237], [33.59168068828548, 17.837215410805157], [33.59196380059861, 17.83721455286098], [33.5919655926524, 17.837756851190356], [33.592531818944884, 17.837755134015303], [33.59253361277619, 17.83829743225882], [33.59309984071899, 17.838295713386593], [33.5931007385155, 17.838566862469172], [33.59338385289152, 17.838566002403546], [33.59338475113246, 17.838837151464638], [33.59366786592106, 17.838836290974683], [33.59366696725162, 17.83856514192753], [33.59423319592399, 17.838563419744297], [33.594234994992846, 17.83910571777528], [33.59451811016213, 17.839104856040166], [33.59451901014901, 17.839376005030356], [33.59480212573085, 17.839375142870875], [33.59480122531546, 17.839103993894643], [33.59649991589983, 17.83909881240291], [33.59650172188888, 17.839641110180022], [33.596784837787325, 17.839640245133623], [33.5967866446975, 17.840182542852464], [33.597069761437, 17.84018167736762], [33.59707156926837, 17.840723975028173], [33.59735468684895, 17.840723109104854], [33.597355591217244, 17.840994257909763], [33.59792182718742, 17.840992524803724], [33.59792273242889, 17.84126367357301], [33.59848896919201, 17.841261938797068], [33.59848806309339, 17.840990790055862], [33.598771181022286, 17.84098992206625], [33.59876936801613, 17.84044762458925], [33.598486250944354, 17.840448492550763], [33.59848353284129, 17.839635046236374], [33.59820041703909, 17.8396359137453], [33.59819770036618, 17.838822467320693], [33.597348356719905, 17.838825067258657], [33.597347452479895, 17.838553918393227], [33.59706433832757, 17.838554784204398], [33.59706253075264, 17.838012486422812], [33.59677941744127, 17.83801335179556], [33.59678032079223, 17.838284500704145], [33.59649720703634, 17.838285365680512], [33.59649630411388, 17.838014216757923], [33.59593007741106, 17.838015945451502], [33.59592827332807, 17.837473647527645], [33.59621138583052, 17.837472783414032], [33.59620958095459, 17.836930485487898], [33.59592646930907, 17.836931349573526], [33.59592466535404, 17.836389051589165], [33.59620777614267, 17.836388187531522], [33.59620687376072, 17.836117038541982], [33.59648998410491, 17.83611617408799], [33.59648908131054, 17.83584502510489], [33.59705530109402, 17.835843294993918], [33.597054397458805, 17.835572146031275], [33.59762061632134, 17.83557041430704], [33.59762152081339, 17.835841563241637], [33.597904630649026, 17.83584069675], [33.59790553558555, 17.83611184566301], [33.59818864583355, 17.836110978747005], [33.59818955121456, 17.836382127638416], [33.59847266187495, 17.836381260298033], [33.59847447354202, 17.83692355803006], [33.59932380799745, 17.836920953462517], [33.59932471514046, 17.837192102275], [33.5996078270219, 17.83719123325104], [33.59960691945043, 17.83692008445262], [33.600456253712764, 17.83691747496082], [33.600457162569604, 17.837188623716983], [33.6010233861875, 17.837186881975803], [33.601022476473744, 17.836915733247846], [33.60130558783004, 17.83691486177583], [33.601304677703965, 17.83664371305441], [33.60158778861567, 17.836642841186162], [33.60158596755507, 17.836100543748877], [33.60186907759375, 17.836099671498523], [33.6018663448387, 17.83528622532825], [33.60214945357597, 17.83528535270996], [33.602148542261524, 17.835014203985537], [33.60271475883076, 17.835012457546306], [33.602713846675684, 17.834741308842606], [33.60384627790637, 17.8347378110971], [33.603847191775024, 17.83500895974415], [33.60413029997059, 17.83500808426785], [33.604133042959035, 17.835821530121105], [33.60441615242362, 17.835820654191938], [33.60441706721396, 17.836091802780377], [33.60470017709074, 17.836090926426696], [33.60470109232573, 17.83636207499338], [33.60413487169908, 17.836363827318788], [33.604133957320954, 17.836092678723723], [33.603567737486294, 17.83609442937943], [33.60356499701971, 17.835280983463814], [33.603281888363334, 17.83528185813367], [33.60328280140759, 17.835553006793933], [33.602999692306604, 17.835553881067636], [33.60300060493863, 17.8358250297345], [33.60271749539304, 17.83582590361203], [33.60271840761283, 17.836097052285474], [33.60215218761627, 17.836098798837845], [33.602153098995366, 17.836369947532013], [33.60243620943016, 17.836369074446857], [33.602437121253864, 17.83664022311932], [33.603003342931814, 17.836638475689696], [33.60300425562858, 17.8369096243263], [33.603570478098696, 17.836907875226963], [33.603569564545026, 17.836636726618682], [33.604418896843306, 17.836634099934564], [33.60441981168232, 17.83690524850031], [33.605269145119934, 17.836902618080476], [33.60527097741738, 17.837444915104086], [33.60583720134174, 17.83744315938225], [33.60584086955947, 17.83852775322497], [33.6061239832112, 17.838526874691595], [33.606124900734784, 17.83879802311914], [33.60640801479873, 17.83879714416115], [33.60640985075175, 17.839339440965077], [33.60669296565644, 17.839338561568205], [33.60669388408589, 17.839609709944583], [33.6075432299878, 17.83960706924876], [33.607544149719125, 17.839878217574814], [33.607827265415686, 17.83987733650777], [33.60782818559186, 17.84014848481199], [33.60754506946677, 17.8401493658933], [33.607545989230715, 17.84042051420422], [33.60697975607451, 17.84042227516405], [33.60697883716765, 17.840151126824622], [33.60641260480337, 17.84015288611422], [33.606414440919174, 17.840695182842484], [33.60669755796656, 17.840694303374423], [33.60670031354806, 17.841507748367363], [33.606983431864876, 17.84150686844612], [33.606984350853196, 17.841778016747718], [33.6072674695823, 17.841777136401767], [33.60726838901551, 17.842048284681546], [33.60670215068384, 17.84205004499149], [33.60670306927616, 17.8423211932922], [33.60698618887874, 17.842320313328223], [33.60698710791595, 17.842591461607125], [33.60755334792943, 17.842589700419204], [33.60755426784017, 17.842860848662028], [33.607271147412966, 17.84286172947549], [33.607272066911385, 17.843132877725008], [33.60698894603925, 17.843133758142223], [33.606988026969454, 17.842862609878463], [33.60670490650965, 17.842863489870933], [33.60671041860104, 17.844490379425494], [33.606427295553104, 17.844491259092898], [33.606422704246114, 17.843135517745147], [33.605856462387855, 17.84313727570605], [33.60585371037072, 17.842323830721224], [33.605570590703024, 17.842324709043258], [33.605571507597205, 17.84259585739332], [33.60500526735585, 17.842597612834357], [33.60500618340905, 17.842868761205274], [33.6047230628354, 17.842869638324256], [33.604723978476216, 17.843140786701795], [33.60415773642296, 17.843142539736636], [33.604158651222754, 17.843413688134994], [33.60444177268613, 17.84341281180864], [33.60444268793078, 17.843683960185245], [33.603593322206095, 17.843686587975302], [33.60359240824736, 17.84341543955616], [33.60387552974316, 17.843414564050835], [33.603874615372, 17.8431434156383], [33.60359149430483, 17.843144291129455], [33.6035905803785, 17.842873142695183], [33.60387370101705, 17.842872267218198], [33.603872786678316, 17.842601118790526], [33.603306546242244, 17.842602869305654], [33.60330471932782, 17.842060572370936], [33.60217224169022, 17.84206406836209], [33.602171329971675, 17.84179291982679], [33.60103885378981, 17.841796409193773], [33.60103794380177, 17.841525260594416], [33.60075482514454, 17.84152613189587], [33.60075391560122, 17.84125498327484], [33.59990456081851, 17.841257594674133], [33.59990546907609, 17.841528743337438], [33.5984898753067, 17.841533087530706], [33.59849078143744, 17.841804236256777], [33.598207662206754, 17.841805103878073], [33.59820675650458, 17.841533955137955], [33.597640518852195, 17.841535689121056], [33.597642328558216, 17.842077986649873], [33.59792544824962, 17.84207711983549], [33.597926353555295, 17.84234826857452], [33.598492593747146, 17.84234653368623], [33.5984934999261, 17.84261768238961], [33.598776620426534, 17.842616814315672], [33.598777527050174, 17.842887962997434], [33.59934376886006, 17.842886225589965], [33.59934467635702, 17.843157374236032], [33.59962779766645, 17.843156504902474], [33.59962870560814, 17.843427653526902], [33.599911827330104, 17.843426783768756], [33.59991273571652, 17.843697932371544], [33.60132834622784, 17.843693577352617], [33.6013292567736, 17.843964725877335], [33.60189550172248, 17.843962980967873], [33.60189823602861, 17.844776426411897], [33.601048864723126, 17.844779043287367], [33.6010479545576, 17.844507894771237], [33.6001985843929, 17.844510507909487], [33.60019949327241, 17.844781656467912], [33.59198889513609, 17.844806726719035]], [[33.598216720111644, 17.844516590863158], [33.59849984362864, 17.8445157231014], [33.59849893733722, 17.84424457445098], [33.59821581424889, 17.84424544219869], [33.598216720111644, 17.844516590863158]], [[33.59368584265664, 17.844259270329346], [33.59425208932945, 17.84425754756051], [33.59425118948394, 17.843986398692536], [33.593968066584175, 17.84398726026827], [33.59396716718327, 17.843716111378782], [33.593684044696204, 17.843716972530054], [33.59368584265664, 17.844259270329346]], [[33.59736554032684, 17.8439768942645], [33.59793178572646, 17.8439751608498], [33.59793088032447, 17.84370401215617], [33.59821400257155, 17.843703144847073], [33.59821309675697, 17.84343199615991], [33.598496218559355, 17.843431128454338], [33.5984953123322, 17.843159979773656], [33.59764594816278, 17.843162581616717], [33.597647758061335, 17.843704879054748], [33.59736463578215, 17.843705745542803], [33.59736554032684, 17.8439768942645]], [[33.59849712480258, 17.843702277127456], [33.59878024701753, 17.843701408997312], [33.59877934034567, 17.843430260338252], [33.598496218559355, 17.843431128454338], [33.59849712480258, 17.843702277127456]], [[33.59198082767601, 17.84236638576855], [33.59226394811546, 17.842365527149916], [33.59226305138186, 17.8420943781315], [33.59197993137102, 17.842095236736228], [33.59198082767601, 17.84236638576855]], [[33.595087043032485, 17.83991657820282], [33.595653275830436, 17.839914851775873], [33.595652374097504, 17.839643702856684], [33.59536925813505, 17.839644566261395], [33.595368356846635, 17.83937341732066], [33.59480212573085, 17.839375142870875], [33.59480302616222, 17.83964629183955], [33.595086142156624, 17.83964542925568], [33.595087043032485, 17.83991657820282]], [[33.603863644182525, 17.839889634097695], [33.60414676009051, 17.83988875836618], [33.604145845501556, 17.839617609869457], [33.60386273002211, 17.839618485586794], [33.603863644182525, 17.839889634097695]], [[33.60471299185781, 17.83988700567187], [33.60499610771712, 17.839886128709082], [33.604993360142196, 17.83907268332396], [33.604710245568455, 17.839073560244152], [33.60471299185781, 17.83988700567187]], [[33.60272205665375, 17.837181646903627], [33.60300516834154, 17.83718077295534], [33.60300425562858, 17.8369096243263], [33.60272114436925, 17.836910498260433], [33.60272205665375, 17.837181646903627]], [[33.58573355291448, 17.836691033870792], [33.586016664702626, 17.836690184571786], [33.58601400382813, 17.835876736104588], [33.58573089332531, 17.835877585362336], [33.585731779839314, 17.836148734872715], [33.585448668892326, 17.836149583733874], [33.58544955499361, 17.836420733250442], [33.58573266636903, 17.83641988437553], [33.58573355291448, 17.836691033870792]], [[33.584030462138664, 17.835340373083632], [33.584313571878866, 17.835339526315305], [33.58431268755409, 17.835068376713583], [33.58402957824229, 17.83506922346819], [33.584030462138664, 17.835340373083632]], [[33.59025708616147, 17.834779350764755], [33.59054019469806, 17.834778494997135], [33.59053930097996, 17.834507345683644], [33.59025619287176, 17.83450820143741], [33.59025708616147, 17.834779350764755]], [[33.5817585403379, 17.833177934447765], [33.582041646776226, 17.833177091071285], [33.58203988524682, 17.832634791520267], [33.5817567796652, 17.832635634869437], [33.5817585403379, 17.833177934447765]], [[33.580906583798736, 17.832367012613954], [33.581472794183355, 17.83236532799419], [33.58147191431436, 17.832094178172472], [33.58203812377991, 17.832092491939026], [33.58203900450555, 17.832363641733426], [33.58232210964322, 17.832362797987674], [33.58232034735091, 17.831820498418644], [33.58260345161629, 17.831819654289983], [33.58260168852988, 17.83127735471805], [33.58288479192301, 17.83127651020653], [33.58288390997496, 17.8310053604229], [33.58260080701013, 17.831006204920754], [33.58259992550601, 17.83073505511589], [33.58231682295383, 17.830735899189854], [33.58231770402965, 17.831007049008388], [33.581751498021816, 17.831008735953024], [33.58175061780257, 17.830737586107162], [33.58146751520352, 17.830738428950504], [33.58146663542817, 17.830467279083436], [33.5811835332418, 17.83046812150292], [33.58118265391033, 17.830196971614647], [33.580899552136636, 17.830197813610297], [33.58089779437702, 17.829655513783788], [33.58061469344427, 17.829656355341974], [33.5806138150161, 17.829385205403756], [33.58033071449601, 17.829386046538136], [33.580329836511666, 17.829114896578727], [33.58004673640425, 17.829115737289317], [33.58004498133876, 17.828573437320596], [33.57976188207224, 17.828574277593784], [33.57976012792546, 17.828031977567605], [33.57947702949982, 17.82803281740343], [33.57947878279016, 17.828575117456825], [33.579195683492536, 17.828575956909706], [33.57919743598861, 17.829118256960058], [33.57948053614272, 17.82911741747998], [33.579482289557475, 17.829659717472904], [33.580048491532004, 17.8296580372278], [33.58005024672203, 17.830200337136063], [33.57976714488602, 17.83020117749093], [33.57976802207611, 17.830472327447332], [33.5800511243404, 17.830471487078853], [33.58005200197434, 17.830742637014087], [33.58061820731277, 17.83074095501928], [33.58062084287777, 17.831554404697894], [33.58033773893145, 17.831555245941274], [33.58033861705597, 17.831826395832657], [33.58090482578966, 17.8318247129084], [33.580906583798736, 17.832367012613954]], [[33.58259992550601, 17.83073505511589], [33.58288302804255, 17.830734210631718], [33.5828821461258, 17.830463060832976], [33.58316524821842, 17.83046221595228], [33.58316436588902, 17.830191066159667], [33.582598162544684, 17.830192755483488], [33.58259992550601, 17.83073505511589]], [[33.57806153713848, 17.828037010430425], [33.57862773412962, 17.828035334450053], [33.57862510816454, 17.82722188419096], [33.578342010961336, 17.827222722345482], [33.57834113609889, 17.82695157223042], [33.57805803930835, 17.82695240996124], [33.5780571648896, 17.826681259825058], [33.57749097211835, 17.826682934029236], [33.57749184568074, 17.82695408419254], [33.5777749425023, 17.82695324728195], [33.57777756456705, 17.82776669768587], [33.578060662657684, 17.827765860324465], [33.57806153713848, 17.828037010430425]]]}, "properties": {"zone_id": "scene_03-Z0001", "scene": "scene_03", "pixel_count": 2856, "approx_area_m2": 2570400.0, "centroid_x": 562634.5693277312, "centroid_y": 1972228.5294117648, "centroid_lon": 33.59110901340464, "centroid_lat": 17.836797122305697, "mean_risk": 2.5692265033721924, "max_risk": 4.34976863861084, "median_risk": 2.5577006340026855, "high_priority_pixel_pct": 100.0, "priority_category": "HIGH PRIORITY", "threshold_type": "95th percentile prioritisation threshold", "recommendation": "Spectral-stress evidence detected. Prioritise field inspection to determine the underlying cause. Field verification required.", "priority_rank": 36}}, {"type": "Feature", "geometry": {"type": "Polygon", "coordinates": [[[33.607560707672015, 17.844758886149904], [33.607559787647105, 17.844487737960055], [33.60784291062985, 17.844486856650498], [33.60784199019259, 17.844215708467345], [33.60812511273035, 17.844214826761522], [33.608124191880755, 17.843943678585074], [33.61010604618698, 17.843937495249563], [33.61010697003713, 17.844208643325917], [33.61039009244407, 17.844207758335852], [33.61039194105085, 17.844750054437217], [33.609825694505936, 17.844751824064097], [33.60982384761381, 17.844209527905456], [33.60925760271807, 17.84421129583293], [33.60925852529862, 17.84448244394466], [33.60897540239755, 17.844483327306897], [33.608976324565795, 17.84475447542535], [33.607560707672015, 17.844758886149904]]]}, "properties": {"zone_id": "scene_03-Z0002", "scene": "scene_03", "pixel_count": 21, "approx_area_m2": 18900.0, "centroid_x": 564524.2857142857, "centroid_y": 1973070.0, "centroid_lon": 33.608968200303, "centroid_lat": 17.844347774272094, "mean_risk": 2.111647367477417, "max_risk": 2.68058180809021, "median_risk": 2.0770177841186523, "high_priority_pixel_pct": 100.0, "priority_category": "HIGH PRIORITY", "threshold_type": "95th percentile prioritisation threshold", "recommendation": "Spectral-stress evidence detected. Prioritise field inspection to determine the underlying cause. Field verification required.", "priority_rank": 156}}, {"type": "Feature", "geometry": {"type": "Polygon", "coordinates": [[[33.61435566502648, 17.8447376210682], [33.614353804417185, 17.844195325369355], [33.615203170848694, 17.84419265069376], [33.61520223928284, 17.843921502876288], [33.614352874137275, 17.84392417750858], [33.61435194387386, 17.843653029640237], [33.615201307733486, 17.84365035505124], [33.61519944468436, 17.84310805937844], [33.61576568546036, 17.84310627432432], [33.61576661783392, 17.843377422135607], [33.616049738625755, 17.843376528978343], [33.616051604279754, 17.843918824549295], [33.61576848263064, 17.843919717735478], [33.61577034749349, 17.84446201330508], [33.615487224970536, 17.844462906109644], [33.61548815699809, 17.84473405389754], [33.61435566502648, 17.8447376210682]]]}, "properties": {"zone_id": "scene_03-Z0003", "scene": "scene_03", "pixel_count": 22, "approx_area_m2": 19800.0, "centroid_x": 565187.7272727273, "centroid_y": 1973033.1818181819, "centroid_lon": 33.615228231690665, "centroid_lat": 17.843995371174305, "mean_risk": 2.029886484146118, "max_risk": 2.693554401397705, "median_risk": 1.9917824268341064, "high_priority_pixel_pct": 100.0, "priority_category": "HIGH PRIORITY", "threshold_type": "95th percentile prioritisation threshold", "recommendation": "Spectral-stress evidence detected. Prioritise field inspection to determine the underlying cause. Field verification required.", "priority_rank": 225}}, {"type": "Feature", "geometry": {"type": "Polygon", "coordinates": [[[33.62369871585531, 17.84470799546661], [33.623697771396536, 17.844436848100514], [33.623414649339345, 17.844437752400015], [33.62341276132933, 17.843895457615837], [33.623695882529226, 17.843894553345617], [33.62369682695451, 17.844165700726855], [33.624263070161355, 17.84416389092555], [33.62426117961297, 17.84362159621411], [33.62341181734943, 17.843624310212395], [33.62341087338626, 17.84335316280139], [33.62369399372889, 17.843352258560436], [33.62369116065397, 17.842538816325906], [33.62397427969401, 17.842537911718384], [33.62397333494059, 17.842266764306373], [33.624256453535274, 17.842265859303023], [33.624259289131615, 17.84307930147239], [33.62482552884236, 17.84307749014628], [33.62482269067437, 17.842264048064887], [33.625105809218766, 17.8422631418301], [33.62510675568659, 17.84253428918347], [33.62765482568743, 17.842526114466555], [33.627655776029485, 17.842797261680015], [33.62850513367923, 17.84279452934144], [33.62850418205136, 17.842523382172207], [33.629070419542956, 17.842521558590224], [33.62906946707476, 17.842250411442954], [33.629635703641604, 17.842248586248587], [33.62963475033311, 17.841977439123287], [33.6299178681626, 17.841976525925176], [33.629918821899686, 17.842247673035686], [33.63020194014085, 17.842246759412316], [33.630202894323446, 17.84251790650047], [33.63048601297629, 17.842516992451824], [33.63048696760441, 17.84278813951761], [33.631053205716526, 17.842786310159255], [33.631055116738, 17.84332860420888], [33.630488876911414, 17.84333043362646], [33.63048983159031, 17.84360158066954], [33.630206711222996, 17.84360249477737], [33.63020575697273, 17.843331347719502], [33.62992263701713, 17.84333226140204], [33.629924544677316, 17.843874555539788], [33.62935830300086, 17.84387638173247], [33.629359255999034, 17.84414752881956], [33.629076134706814, 17.844148441314893], [33.62907803989654, 17.844690735495888], [33.62794555112961, 17.844694381490044], [33.62794079685484, 17.843338645685705], [33.62765767676416, 17.84333955608421], [33.62765862715678, 17.843610703274965], [33.627375506620616, 17.843611613277698], [33.62737835661362, 17.84442505484871], [33.627661478435705, 17.844424144801785], [33.62766242889572, 17.844695291962246], [33.62369871585531, 17.84470799546661]], [[33.62511243484592, 17.844161173144677], [33.62539555637388, 17.844160266396674], [33.62539460937673, 17.84388911910341], [33.625111488277405, 17.843890025836735], [33.62511243484592, 17.844161173144677]]]}, "properties": {"zone_id": "scene_03-Z0004", "scene": "scene_03", "pixel_count": 169, "approx_area_m2": 152100.0, "centroid_x": 566433.1952662722, "centroid_y": 1972982.8402366864, "centroid_lon": 33.6269805958338, "centroid_lat": 17.843502977805052, "mean_risk": 2.278032064437866, "max_risk": 3.0734658241271973, "median_risk": 2.2647223472595215, "high_priority_pixel_pct": 100.0, "priority_category": "HIGH PRIORITY", "threshold_type": "95th percentile prioritisation threshold", "recommendation": "Spectral-stress evidence detected. Prioritise field inspection to determine the underlying cause. Field verification required.", "priority_rank": 93}}, {"type": "Feature", "geometry": {"type": "Polygon", "coordinates": [[[33.63530672327144, 17.844670565114814], [33.635304799220954, 17.84412827158681], [33.6358710410414, 17.844126428122653], [33.63587007818446, 17.84385528137713], [33.63558695771141, 17.84385620329955], [33.63558503290601, 17.84331390975595], [33.635301913273146, 17.84331483123802], [33.635299989393225, 17.8427725376343], [33.635866226927405, 17.84277069431935], [33.63586911534459, 17.84358413462404], [33.6364353553822, 17.84358228957754], [33.63643728279355, 17.844124583016413], [33.636720403644006, 17.84412365984752], [33.63672136780396, 17.844394806540656], [33.636438246524854, 17.844395729724496], [33.63643921027325, 17.844666876425006], [33.63615608854841, 17.84466779921326], [33.636155125228676, 17.844396652497814], [33.63587200391541, 17.8443975748606], [33.63587296680649, 17.844668721590978], [33.63530672327144, 17.844670565114814]]]}, "properties": {"zone_id": "scene_03-Z0005", "scene": "scene_03", "pixel_count": 18, "approx_area_m2": 16200.0, "centroid_x": 567376.6666666666, "centroid_y": 1973026.6666666667, "centroid_lon": 33.63588586059205, "centroid_lat": 17.84387029385543, "mean_risk": 2.017301321029663, "max_risk": 2.4069786071777344, "median_risk": 1.9747865200042725, "high_priority_pixel_pct": 100.0, "priority_category": "HIGH PRIORITY", "threshold_type": "95th percentile prioritisation threshold", "recommendation": "Spectral-stress evidence detected. Prioritise field inspection to determine the underlying cause. Field verification required.", "priority_rank": 232}}, {"type": "Feature", "geometry": {"type": "Polygon", "coordinates": [[[33.69051200079764, 17.843669665255636], [33.690509909688686, 17.84312737775117], [33.69079302585055, 17.843126376223598], [33.690790933958574, 17.842584088721235], [33.691357164512304, 17.842582084499547], [33.69135821130619, 17.842853228222076], [33.69164132698381, 17.842852225479298], [33.69164237422485, 17.843123369178006], [33.691359258118645, 17.843124371937016], [33.69136030494965, 17.84339551564438], [33.690794071824364, 17.843397519963407], [33.69079511781671, 17.84366866369564], [33.69051200079764, 17.843669665255636]]]}, "properties": {"zone_id": "scene_03-Z0006", "scene": "scene_03", "pixel_count": 17, "approx_area_m2": 15300.0, "centroid_x": 573238.2352941176, "centroid_y": 1973010.0, "centroid_lon": 33.69120261606306, "centroid_lat": 17.843531647695368, "mean_risk": 1.9924726486206055, "max_risk": 2.4815428256988525, "median_risk": 1.9388198852539062, "high_priority_pixel_pct": 100.0, "priority_category": "HIGH PRIORITY", "threshold_type": "95th percentile prioritisation threshold", "recommendation": "Spectral-stress evidence detected. Prioritise field inspection to determine the underlying cause. Field verification required.", "priority_rank": 254}}, {"type": "Feature", "geometry": {"type": "Polygon", "coordinates": [[[33.73326578734788, 17.844327204573045], [33.733263566685125, 17.843784922160822], [33.733546681246466, 17.8437838586007], [33.733545570516014, 17.84351271740042], [33.73411179872243, 17.843510589083195], [33.73411291031007, 17.843781730249024], [33.734962253757644, 17.843778534642905], [33.73496114088422, 17.843507393528807], [33.734678026850005, 17.84350845912407], [33.734676914424895, 17.84323731798514], [33.73439380079955, 17.843238383152684], [33.734392688822744, 17.842967241988923], [33.73410957560627, 17.84296830672877], [33.73410735256894, 17.842426024344004], [33.73439046492828, 17.842424959638624], [33.734391576865654, 17.842696100817562], [33.73524091511105, 17.842692904187], [33.73524202835386, 17.842964045306605], [33.73580825460926, 17.84296191213277], [33.735809368728965, 17.84323305321026], [33.73609248225563, 17.843231985990375], [33.73608802418104, 17.84214742170399], [33.73665424774652, 17.842145286171114], [33.73665313242018, 17.841874145115113], [33.73693624374471, 17.841873076750314], [33.73693401229426, 17.841330794650148], [33.737500233169825, 17.841328656758467], [33.73750693290116, 17.842955502760233], [33.737790045880566, 17.84295443309487], [33.737795631677436, 17.844310137801088], [33.73326578734788, 17.844327204573045]]]}, "properties": {"zone_id": "scene_03-Z0007", "scene": "scene_03", "pixel_count": 93, "approx_area_m2": 83700.0, "centroid_x": 577986.4516129033, "centroid_y": 1973004.8387096773, "centroid_lon": 33.736012175611855, "centroid_lat": 17.843321212738214, "mean_risk": 2.4244635105133057, "max_risk": 5.193062782287598, "median_risk": 2.1544599533081055, "high_priority_pixel_pct": 100.0, "priority_category": "HIGH PRIORITY", "threshold_type": "95th percentile prioritisation threshold", "recommendation": "Spectral-stress evidence detected. Prioritise field inspection to determine the underlying cause. Field verification required.", "priority_rank": 55}}, {"type": "Feature", "geometry": {"type": "Polygon", "coordinates": [[[33.74374104466018, 17.844287578186997], [33.74373879228065, 17.84374529705761], [33.742606336770415, 17.84374960794405], [33.74260746123579, 17.844020748582324], [33.742324346879776, 17.844021825295176], [33.74231985085219, 17.842937262626844], [33.7420367381906, 17.84293833885952], [33.742034491153504, 17.84239605744498], [33.74231760295796, 17.842394981247146], [33.742318726895114, 17.842666121940784], [33.74260183910821, 17.84266504531508], [33.74260296349386, 17.842936185983707], [33.74401852640301, 17.842930796611185], [33.74401965295147, 17.843201937184986], [33.74430276590199, 17.843200858061646], [33.744305019916006, 17.843743139151528], [33.744588133703715, 17.843742059582777], [33.744589261169295, 17.844013200098868], [33.74487237536561, 17.844012120102153], [33.74487350327979, 17.84428326059317], [33.74374104466018, 17.844287578186997]]]}, "properties": {"zone_id": "scene_03-Z0008", "scene": "scene_03", "pixel_count": 31, "approx_area_m2": 27900.0, "centroid_x": 578765.8064516129, "centroid_y": 1973023.5483870967, "centroid_lon": 33.74336773766989, "centroid_lat": 17.843462445465505, "mean_risk": 2.062793254852295, "max_risk": 2.409351110458374, "median_risk": 2.0325000286102295, "high_priority_pixel_pct": 100.0, "priority_category": "HIGH PRIORITY", "threshold_type": "95th percentile prioritisation threshold", "recommendation": "Spectral-stress evidence detected. Prioritise field inspection to determine the underlying cause. Field verification required.", "priority_rank": 193}}, {"type": "Feature", "geometry": {"type": "Polygon", "coordinates": [[[33.775732875877374, 17.84416307819608], [33.77573170124602, 17.843891939650423], [33.77544858927404, 17.843893064388887], [33.77544506679067, 17.843079648651734], [33.77572817747693, 17.84307852396789], [33.775727002928875, 17.842807385391854], [33.77629322338179, 17.842805134829252], [33.77629557421297, 17.84334741190087], [33.776578685265314, 17.84334628596745], [33.776582212954125, 17.844159701463226], [33.775732875877374, 17.84416307819608]], [[33.7757293520458, 17.843349662536333], [33.7760124631398, 17.843348537423825], [33.776011288142364, 17.8430773988736], [33.77572817747693, 17.84307852396789], [33.7757293520458, 17.843349662536333]]]}, "properties": {"zone_id": "scene_03-Z0009", "scene": "scene_03", "pixel_count": 15, "approx_area_m2": 13500.0, "centroid_x": 582226.0, "centroid_y": 1973048.0, "centroid_lon": 33.77602280103235, "centroid_lat": 17.84355637279591, "mean_risk": 2.2412989139556885, "max_risk": 2.9916632175445557, "median_risk": 2.236241340637207, "high_priority_pixel_pct": 100.0, "priority_category": "HIGH PRIORITY", "threshold_type": "95th percentile prioritisation threshold", "recommendation": "Spectral-stress evidence detected. Prioritise field inspection to determine the underlying cause. Field verification required.", "priority_rank": 102}}, {"type": "Feature", "geometry": {"type": "Polygon", "coordinates": [[[33.634455436362394, 17.84413103370414], [33.63445447564866, 17.843859886884072], [33.63417135509038, 17.843860806753916], [33.63417039482231, 17.843589659911384], [33.63388727467563, 17.843590579355823], [33.633883435488066, 17.84250599185045], [33.63501590911476, 17.842502311847916], [33.635016870600545, 17.842773458676046], [33.63473375179082, 17.842774379307304], [33.63473855733229, 17.844130113408884], [33.634455436362394, 17.84413103370414]]]}, "properties": {"zone_id": "scene_03-Z0010", "scene": "scene_03", "pixel_count": 16, "approx_area_m2": 14400.0, "centroid_x": 567217.5, "centroid_y": 1972948.125, "centroid_lon": 33.63438123403407, "centroid_lat": 17.843165303119484, "mean_risk": 2.1533024311065674, "max_risk": 2.8695571422576904, "median_risk": 2.039844512939453, "high_priority_pixel_pct": 100.0, "priority_category": "HIGH PRIORITY", "threshold_type": "95th percentile prioritisation threshold", "recommendation": "Spectral-stress evidence detected. Prioritise field inspection to determine the underlying cause. Field verification required.", "priority_rank": 130}}, {"type": "Feature", "geometry": {"type": "Polygon", "coordinates": [[[33.77799424021411, 17.843340650143578], [33.77799306221671, 17.843069511721026], [33.77827617271528, 17.84306838334315], [33.778270280898795, 17.84171269120778], [33.77855338923375, 17.841711562510827], [33.77855692554658, 17.842524977760018], [33.778840035146246, 17.842523848597814], [33.77884239364973, 17.843066125356074], [33.778559283192955, 17.84306725455484], [33.778560462047494, 17.843338392940854], [33.77799424021411, 17.843340650143578]]]}, "properties": {"zone_id": "scene_03-Z0011", "scene": "scene_03", "pixel_count": 9, "approx_area_m2": 8100.0, "centroid_x": 582483.3333333334, "centroid_y": 1972950.0, "centroid_lon": 33.778447416683704, "centroid_lat": 17.84266098597292, "mean_risk": 2.291029930114746, "max_risk": 2.641455888748169, "median_risk": 2.284964084625244, "high_priority_pixel_pct": 100.0, "priority_category": "HIGH PRIORITY", "threshold_type": "95th percentile prioritisation threshold", "recommendation": "Spectral-stress evidence detected. Prioritise field inspection to determine the underlying cause. Field verification required.", "priority_rank": 90}}, {"type": "Feature", "geometry": {"type": "Polygon", "coordinates": [[[33.774878845355694, 17.84308189678808], [33.77487767209333, 17.84281075815745], [33.7745945617732, 17.842811881591764], [33.77459221616796, 17.842269604271344], [33.774309106684136, 17.84227072725886], [33.774307934341245, 17.84199958856907], [33.77402482526517, 17.842000711127984], [33.77402365337159, 17.841729572412433], [33.77374054470327, 17.84173069454276], [33.773739373259, 17.84145955580145], [33.7740224814988, 17.84145843368929], [33.77402130964678, 17.841187294958548], [33.77430441743728, 17.84118617245415], [33.77430324517753, 17.840915033733992], [33.775152567138775, 17.840911663812946], [33.77515608783702, 17.841725079786983], [33.77543919640137, 17.84172395560458], [33.77544154449464, 17.84226623284623], [33.77515843507322, 17.84226735706503], [33.775161956083586, 17.843080772925138], [33.774878845355694, 17.84308189678808]]]}, "properties": {"zone_id": "scene_03-Z0012", "scene": "scene_03", "pixel_count": 26, "approx_area_m2": 23400.0, "centroid_x": 582087.6923076923, "centroid_y": 1972855.3846153845, "centroid_lon": 33.77471005337888, "centroid_lat": 17.841820707397112, "mean_risk": 2.151859760284424, "max_risk": 2.719696283340454, "median_risk": 2.1083731651306152, "high_priority_pixel_pct": 100.0, "priority_category": "HIGH PRIORITY", "threshold_type": "95th percentile prioritisation threshold", "recommendation": "Spectral-stress evidence detected. Prioritise field inspection to determine the underlying cause. Field verification required.", "priority_rank": 132}}, {"type": "Feature", "geometry": {"type": "Polygon", "coordinates": [[[33.61350165090476, 17.843384552615458], [33.61350072196021, 17.843113404688747], [33.6132176014485, 17.843114294137038], [33.61321667294903, 17.842843146188358], [33.612933552849476, 17.84284403521176], [33.612932624795086, 17.842572887241115], [33.61264950510768, 17.84257377583963], [33.61264857749836, 17.84230262784704], [33.61236545822312, 17.84230351602069], [33.61236823981461, 17.8431169600189], [33.61180199864314, 17.84311873522097], [33.611801072286774, 17.8428475872004], [33.611517952105025, 17.84284847417132], [33.611517026193695, 17.842577326128808], [33.609818307330364, 17.84258263924789], [33.60981923067001, 17.84285378737641], [33.609536110373504, 17.842854671473855], [33.60953518746247, 17.842583523331022], [33.60840270782732, 17.842587055558642], [33.60840086548316, 17.84204475913593], [33.60868398455927, 17.842043876723334], [33.6086830629831, 17.841772728514915], [33.60839994433559, 17.841773610913222], [33.608395338842676, 17.840417869686185], [33.609244688307655, 17.840415221474213], [33.60924561065923, 17.840686369691877], [33.610094961262675, 17.840683717743033], [33.610095884916284, 17.8409548659102], [33.610945236658004, 17.840952210224366], [33.6109461616137, 17.84122335834097], [33.61151239688332, 17.841221585802803], [33.61151332271256, 17.841492733883136], [33.61264579476906, 17.841489183823853], [33.612646722329046, 17.841760331839147], [33.613212959115806, 17.841758554317952], [33.61321388754942, 17.842029702296905], [33.613497006346705, 17.842028812906204], [33.613497935225375, 17.842299960863194], [33.61491353110757, 17.842295507680465], [33.61491446214573, 17.842566655557793], [33.615197581701274, 17.842565763675363], [33.61519851318455, 17.84283691153069], [33.614632273199724, 17.84283869491393], [33.61463320384229, 17.843109842790547], [33.61406696293422, 17.84311162456065], [33.614067892736024, 17.84338277245855], [33.61350165090476, 17.843384552615458]]]}, "properties": {"zone_id": "scene_03-Z0013", "scene": "scene_03", "pixel_count": 121, "approx_area_m2": 108900.0, "centroid_x": 564751.4876033058, "centroid_y": 1972808.1818181819, "centroid_lon": 33.61110432471738, "centroid_lat": 17.841974691139203, "mean_risk": 2.410858631134033, "max_risk": 3.3243885040283203, "median_risk": 2.3547568321228027, "high_priority_pixel_pct": 100.0, "priority_category": "HIGH PRIORITY", "threshold_type": "95th percentile prioritisation threshold", "recommendation": "Spectral-stress evidence detected. Prioritise field inspection to determine the underlying cause. Field verification required.", "priority_rank": 60}}, {"type": "Feature", "geometry": {"type": "Polygon", "coordinates": [[[33.54045101410137, 17.84197351545825], [33.54045019583337, 17.841702363991686], [33.540167073898076, 17.841703147450946], [33.54016053170495, 17.839533935344893], [33.54044365021164, 17.8395331519871], [33.54044283207421, 17.839262000452518], [33.54100906818699, 17.83926043253102], [33.541008249207, 17.83898928101427], [33.54327318964832, 17.838982993012984], [33.54327401205657, 17.839254144427922], [33.54355712997472, 17.83925335656811], [33.54355959857263, 17.8400668107293], [33.543276479368835, 17.840067598627385], [33.54327812431659, 17.840609901389236], [33.542995004241085, 17.840610688902366], [33.54299582630826, 17.840881840284712], [33.54271270578959, 17.84088262740013], [33.5427143491105, 17.841424930167634], [33.54214810631511, 17.841426503218], [33.54214892714022, 17.84169765461588], [33.541582683429404, 17.841699226049766], [33.54158350341185, 17.841970377465532], [33.54045101410137, 17.84197351545825]]]}, "properties": {"zone_id": "scene_03-Z0014", "scene": "scene_03", "pixel_count": 104, "approx_area_m2": 93600.0, "centroid_x": 557396.5384615385, "centroid_y": 1972605.0, "centroid_lon": 33.541687475936904, "centroid_lat": 17.84034316681073, "mean_risk": 3.33697772026062, "max_risk": 4.763091564178467, "median_risk": 3.3671698570251465, "high_priority_pixel_pct": 100.0, "priority_category": "HIGH PRIORITY", "threshold_type": "95th percentile prioritisation threshold", "recommendation": "Spectral-stress evidence detected. Prioritise field inspection to determine the underlying cause. Field verification required.", "priority_rank": 5}}, {"type": "Feature", "geometry": {"type": "Polygon", "coordinates": [[[33.62339860338806, 17.839828245769443], [33.6233976596592, 17.839557098252463], [33.62396388832765, 17.83955528977001], [33.62396483291357, 17.839826437257706], [33.62339860338806, 17.839828245769443]]]}, "properties": {"zone_id": "scene_03-Z0015", "scene": "scene_03", "pixel_count": 22, "approx_area_m2": 19800.0, "centroid_x": 566166.8181818182, "centroid_y": 1972689.5454545454, "centroid_lon": 33.62445745884915, "centroid_lat": 17.840860164281377, "mean_risk": 2.0388758182525635, "max_risk": 2.6220319271087646, "median_risk": 2.035602569580078, "high_priority_pixel_pct": 100.0, "priority_category": "HIGH PRIORITY", "threshold_type": "95th percentile prioritisation threshold", "recommendation": "Spectral-stress evidence detected. Prioritise field inspection to determine the underlying cause. Field verification required.", "priority_rank": 215}}, {"type": "Feature", "geometry": {"type": "Polygon", "coordinates": [[[33.631046517675, 17.840888280747073], [33.63104460695846, 17.840345986561186], [33.63132772213194, 17.84034507139962], [33.63132867791029, 17.84061621848154], [33.63161179349537, 17.84061530289473], [33.63161274971921, 17.84088644995425], [33.631046517675, 17.840888280747073]]]}, "properties": {"zone_id": "scene_03-Z0016", "scene": "scene_03", "pixel_count": 16, "approx_area_m2": 14400.0, "centroid_x": 566988.75, "centroid_y": 1972719.375, "centroid_lon": 33.63221514887616, "centroid_lat": 17.841104809892656, "mean_risk": 1.9992363452911377, "max_risk": 2.3242411613464355, "median_risk": 1.9849209785461426, "high_priority_pixel_pct": 100.0, "priority_category": "HIGH PRIORITY", "threshold_type": "95th percentile prioritisation threshold", "recommendation": "Spectral-stress evidence detected. Prioritise field inspection to determine the underlying cause. Field verification required.", "priority_rank": 248}}, {"type": "Feature", "geometry": {"type": "Polygon", "coordinates": [[[33.761844194945596, 17.840421755842442], [33.76184188827816, 17.83987947676238], [33.76212499481275, 17.83987837199482], [33.762127302337156, 17.84042065103911], [33.761844194945596, 17.840421755842442]]]}, "properties": {"zone_id": "scene_03-Z0017", "scene": "scene_03", "pixel_count": 9, "approx_area_m2": 8100.0, "centroid_x": 580786.6666666666, "centroid_y": 1972706.6666666667, "centroid_lon": 33.76242658676564, "centroid_lat": 17.840524927549225, "mean_risk": 1.853380799293518, "max_risk": 1.9372035264968872, "median_risk": 1.854299545288086, "high_priority_pixel_pct": 100.0, "priority_category": "HIGH PRIORITY", "threshold_type": "95th percentile prioritisation threshold", "recommendation": "Spectral-stress evidence detected. Prioritise field inspection to determine the underlying cause. Field verification required.", "priority_rank": 383}}, {"type": "Feature", "geometry": {"type": "Polygon", "coordinates": [[[33.76665933913295, 17.840945196812903], [33.76665817846353, 17.84067405759683], [33.766375070971705, 17.840675168984344], [33.76637391075136, 17.840404029742675], [33.76609080366747, 17.840405140701808], [33.766088484145456, 17.839862862159737], [33.76637159037239, 17.83986175123658], [33.76636927007569, 17.839319472700108], [33.766935480753936, 17.839317249694652], [33.76693431977953, 17.839046110451026], [33.76721742465932, 17.83904499835076], [33.7672139405743, 17.83823158062832], [33.76636462972916, 17.838234915536056], [33.76636230967933, 17.837692636908468], [33.766645412458104, 17.837691525718878], [33.76664309163373, 17.83714924709691], [33.76635998971177, 17.837150358250522], [33.76636114968526, 17.837421497583293], [33.76607804731432, 17.837422608344585], [33.76607572824471, 17.836880329635484], [33.76579262671001, 17.8368814399505], [33.765790308579426, 17.836339161175076], [33.76607340925735, 17.836338050896014], [33.76606297483203, 17.83389779619266], [33.766346071634295, 17.833896685665177], [33.76634491192821, 17.833625546233723], [33.7666280082816, 17.833624435314015], [33.766626848167775, 17.83335329589296], [33.76634375224268, 17.833354406794683], [33.76633911370627, 17.83226984896261], [33.76605601947374, 17.832270959382186], [33.766053701185456, 17.83172868038464], [33.766336794561475, 17.831727570001032], [33.766335635019935, 17.831456430508865], [33.765769449103814, 17.831458650829937], [33.765768290439304, 17.83118751129421], [33.765485197878654, 17.83118862082153], [33.76548288146775, 17.83064634169137], [33.76519978974301, 17.830647450772595], [33.76519863199659, 17.83037631117817], [33.764632449341924, 17.83037852807427], [33.7646278219872, 17.82929396947704], [33.764910911612, 17.829292861305866], [33.76490975439644, 17.829021721655533], [33.76519284357254, 17.829020613092204], [33.76519515888055, 17.829562892349355], [33.76547824889248, 17.829561783339987], [33.765479407005486, 17.829832922939215], [33.76576249742506, 17.82983181350175], [33.76576365598681, 17.830102953075425], [33.766046746814034, 17.83010184320986], [33.76604790582454, 17.83037298275796], [33.76633099705941, 17.830371872464283], [33.76633215651869, 17.83064301198681], [33.766615248161216, 17.830641901265], [33.76661640806929, 17.83091304076195], [33.76689950011946, 17.830911929611993], [33.76690182085379, 17.831454208547125], [33.76661872794715, 17.831455319733077], [33.76662104790731, 17.831997598673848], [33.767187235413, 17.83199537581978], [33.76718839628047, 17.832266515242775], [33.76747149043069, 17.832265403182458], [33.767473813083924, 17.832807681969662], [33.7677569080701, 17.832806569463127], [33.767758069855894, 17.83307770882733], [33.76804116524975, 17.833076595892567], [33.76804000303566, 17.832805456546392], [33.76888928780863, 17.83280211533499], [33.76889277836734, 17.833615533188397], [33.76860968217877, 17.833616647389867], [33.768614334832684, 17.83470120449366], [33.76889743273452, 17.83470009022001], [33.76889976004194, 17.835242368690267], [33.76805046370451, 17.835245710388705], [33.76805162610413, 17.83551684966656], [33.7677685268554, 17.83551796276355], [33.76776620293349, 17.834975684164185], [33.76804930132552, 17.834974571103256], [33.76804813896714, 17.834703431810215], [33.76833123691022, 17.834702318357056], [33.768328911398655, 17.834160039784273], [33.7674796200775, 17.834163378804856], [33.76748078153802, 17.834434518149116], [33.767197683961435, 17.834435630353525], [33.76719884501422, 17.834706769708212], [33.76748194301913, 17.834705657485785], [33.76748310452084, 17.83497679681487], [33.7672000060876, 17.834977909055308], [33.767203489431274, 17.835791327051044], [33.76692038969238, 17.835792438935243], [33.766922711167716, 17.83633471759712], [33.76663961055151, 17.836335829107036], [33.76664077089167, 17.83660696844459], [33.76692387193627, 17.83660585691667], [33.76692619353512, 17.837148135533], [33.76720929541591, 17.83714702355878], [33.7672081341778, 17.836875884272416], [33.76749123560961, 17.836874771905904], [33.767488912338386, 17.836332493346422], [33.76777201289282, 17.83633138060565], [33.76777085085974, 17.83606024133254], [33.76833705105004, 17.836058014656196], [33.76833821393987, 17.836329153893246], [33.76890441490442, 17.836326925539694], [33.768905578671635, 17.83659806473307], [33.76918867955134, 17.836596949922825], [33.76919100800447, 17.83713922825069], [33.76947410972031, 17.837138112994026], [33.769475274406254, 17.83740925212852], [33.76919217226201, 17.83741036740324], [33.769193336540184, 17.837681506548194], [33.76862713133294, 17.8376837359028], [33.76862596791158, 17.837412596721748], [33.76834286570542, 17.837413710765528], [33.768341702733096, 17.837142571558843], [33.76777549911572, 17.83714479837942], [33.76778014770144, 17.838229355304836], [33.768063251234096, 17.838228242027604], [33.76806557650748, 17.8387705204087], [33.76778247211794, 17.838771633721993], [33.767783634357116, 17.839042772919182], [33.7680667391751, 17.839041659587867], [33.76806906457218, 17.83958393792341], [33.76835217022648, 17.839582824145683], [33.768354496562985, 17.840125102414788], [33.76807139005174, 17.840126216228583], [33.76807255282244, 17.840397355369785], [33.7677894458621, 17.840398468791232], [33.76779060822492, 17.840669607942868], [33.76750750081547, 17.840670720971946], [33.7675086627704, 17.840941860134002], [33.76665933913295, 17.840945196812903]]]}, "properties": {"zone_id": "scene_03-Z0018", "scene": "scene_03", "pixel_count": 236, "approx_area_m2": 212400.0, "centroid_x": 581284.9576271187, "centroid_y": 1972145.4661016949, "centroid_lon": 33.76710719304885, "centroid_lat": 17.83543439280324, "mean_risk": 2.0211827754974365, "max_risk": 2.6125504970550537, "median_risk": 2.0048513412475586, "high_priority_pixel_pct": 100.0, "priority_category": "HIGH PRIORITY", "threshold_type": "95th percentile prioritisation threshold", "recommendation": "Spectral-stress evidence detected. Prioritise field inspection to determine the underlying cause. Field verification required.", "priority_rank": 229}}, {"type": "Feature", "geometry": {"type": "Polygon", "coordinates": [[[33.517799611845284, 17.841492591115724], [33.51779882789416, 17.84122143864034], [33.517515705680005, 17.84122218923599], [33.51751178827583, 17.839866426685028], [33.5177949083471, 17.839865676150144], [33.51779412447939, 17.83959452362944], [33.51807724410819, 17.839593772696265], [33.51807802840446, 17.839864925204814], [33.518361148447916, 17.83986417384903], [33.51836350270589, 17.840677631292838], [33.518646624021144, 17.840676879490093], [33.51864740923022, 17.84094803194408], [33.51836428748638, 17.840948783759], [33.51836507228078, 17.84121993621761], [33.51808195009443, 17.84122068763422], [33.51808273447414, 17.841491840097436], [33.517799611845284, 17.841492591115724]]]}, "properties": {"zone_id": "scene_03-Z0019", "scene": "scene_03", "pixel_count": 18, "approx_area_m2": 16200.0, "centroid_x": 554883.3333333334, "centroid_y": 1972621.6666666667, "centroid_lon": 33.51796993011153, "centroid_lat": 17.84055816256526, "mean_risk": 2.6956470012664795, "max_risk": 3.576368570327759, "median_risk": 2.7764029502868652, "high_priority_pixel_pct": 100.0, "priority_category": "HIGH PRIORITY", "threshold_type": "95th percentile prioritisation threshold", "recommendation": "Spectral-stress evidence detected. Prioritise field inspection to determine the underlying cause. Field verification required.", "priority_rank": 23}}, {"type": "Feature", "geometry": {"type": "Polygon", "coordinates": [[[33.62934305732785, 17.839538027309633], [33.62934210461689, 17.83926688009386], [33.6282096502044, 17.839270526549324], [33.628206797314874, 17.838457084679483], [33.62848990965781, 17.838456173725472], [33.62848705563463, 17.837642731831757], [33.62905327769903, 17.837640908781143], [33.629054229880154, 17.8379120560571], [33.6293373413155, 17.837911143901476], [33.629339246585374, 17.83845343840113], [33.62905613429307, 17.838454350586296], [33.62905708652486, 17.838725497839544], [33.62934019924565, 17.838724585639607], [33.62934115192282, 17.83899573287052], [33.62962426505522, 17.83899482024542], [33.62962617131727, 17.839537114654977], [33.62934305732785, 17.839538027309633]]]}, "properties": {"zone_id": "scene_03-Z0020", "scene": "scene_03", "pixel_count": 32, "approx_area_m2": 28800.0, "centroid_x": 566683.125, "centroid_y": 1972486.875, "centroid_lon": 33.6293235168927, "centroid_lat": 17.839012736597702, "mean_risk": 2.0872268676757812, "max_risk": 2.5119071006774902, "median_risk": 2.0287368297576904, "high_priority_pixel_pct": 100.0, "priority_category": "HIGH PRIORITY", "threshold_type": "95th percentile prioritisation threshold", "recommendation": "Spectral-stress evidence detected. Prioritise field inspection to determine the underlying cause. Field verification required.", "priority_rank": 170}}, {"type": "Feature", "geometry": {"type": "Polygon", "coordinates": [[[33.77288185788498, 17.839564947892455], [33.77288068789225, 17.839293809035937], [33.77259758299733, 17.839294929361348], [33.77259641345379, 17.839023790479096], [33.77203020445865, 17.839026029862598], [33.772025529919404, 17.83794147411261], [33.771742427104485, 17.837942593116367], [33.77173775461042, 17.836858037172423], [33.77145465348842, 17.836859155693407], [33.77145231822243, 17.836316877639657], [33.771735418487665, 17.836315759154903], [33.77173658653868, 17.83658689816746], [33.77258588849522, 17.836583540197108], [33.77258822722974, 17.8371258180907], [33.77287132869723, 17.837124697910397], [33.772874838239765, 17.83793811463942], [33.77315794097175, 17.837936993994383], [33.773160281627355, 17.83847927173947], [33.77344338519543, 17.838478150647802], [33.773444555982806, 17.838749289490806], [33.77316145198629, 17.838750410600635], [33.77316496318761, 17.83956382713854], [33.77288185788498, 17.839564947892455]]]}, "properties": {"zone_id": "scene_03-Z0021", "scene": "scene_03", "pixel_count": 40, "approx_area_m2": 36000.0, "centroid_x": 581848.5, "centroid_y": 1972422.75, "centroid_lon": 33.77243594127317, "centroid_lat": 17.83791951540884, "mean_risk": 2.092470169067383, "max_risk": 2.6187796592712402, "median_risk": 2.0302047729492188, "high_priority_pixel_pct": 100.0, "priority_category": "HIGH PRIORITY", "threshold_type": "95th percentile prioritisation threshold", "recommendation": "Spectral-stress evidence detected. Prioritise field inspection to determine the underlying cause. Field verification required.", "priority_rank": 168}}, {"type": "Feature", "geometry": {"type": "Polygon", "coordinates": [[[33.742871455086274, 17.839410279872673], [33.742869205996264, 17.838867998365387], [33.742586099802274, 17.838869075157458], [33.74258385164893, 17.83832679358496], [33.74286695698603, 17.838325716827757], [33.74286808148117, 17.838596857600372], [33.74343429295243, 17.838594702820046], [33.74343541832443, 17.838865843550185], [33.743718524458586, 17.838864765527045], [33.743719650279004, 17.839135906232137], [33.743436543716385, 17.83913698427273], [33.743437669128305, 17.839408124987685], [33.742871455086274, 17.839410279872673]]]}, "properties": {"zone_id": "scene_03-Z0022", "scene": "scene_03", "pixel_count": 9, "approx_area_m2": 8100.0, "centroid_x": 578740.0, "centroid_y": 1972520.0, "centroid_lon": 33.743105315289995, "centroid_lat": 17.838912290849546, "mean_risk": 1.8551440238952637, "max_risk": 1.9407739639282227, "median_risk": 1.8617039918899536, "high_priority_pixel_pct": 100.0, "priority_category": "HIGH PRIORITY", "threshold_type": "95th percentile prioritisation threshold", "recommendation": "Spectral-stress evidence detected. Prioritise field inspection to determine the underlying cause. Field verification required.", "priority_rank": 382}}, {"type": "Feature", "geometry": {"type": "Polygon", "coordinates": [[[33.761550712030456, 17.837982603975053], [33.761549559298984, 17.83771146435262], [33.7612664561511, 17.83771256815645], [33.761265303868484, 17.837441428508544], [33.76098220112858, 17.83744253188419], [33.76097874568854, 17.836629112841344], [33.760695644213406, 17.83663021575309], [33.7606944928693, 17.836359076039102], [33.76041139180213, 17.836360178522703], [33.76041024090682, 17.83608903878327], [33.75984403956802, 17.83609124248392], [33.75984288954986, 17.835820102701213], [33.75927668898622, 17.835822304725077], [33.75927553984518, 17.835551164899115], [33.75870934005675, 17.83555336524625], [33.7587081917928, 17.83528222537707], [33.75842509229639, 17.835283324917423], [33.75842394448115, 17.83501218502285], [33.75785774628396, 17.83501438283718], [33.75785430553038, 17.834200963001162], [33.75700501193707, 17.834204256485712], [33.75700615754961, 17.834475396491978], [33.75643996086248, 17.83447759013269], [33.75643881610659, 17.834206450090893], [33.7558726201949, 17.83420864205513], [33.75586918861891, 17.833395221777725], [33.755586091917564, 17.83339631709127], [33.755589522208616, 17.83420973742189], [33.75530642420206, 17.834210832378414], [33.75530528117975, 17.833939692258063], [33.75445598832343, 17.833942974613045], [33.75445484660632, 17.83367183443195], [33.754171749375345, 17.833672927712108], [33.754168325630424, 17.83285950707017], [33.754451421576505, 17.83285841384313], [33.75444913832454, 17.832316133412647], [33.75473223339381, 17.832315039810823], [33.75473109136993, 17.832043899601913], [33.75444799672893, 17.832044993186024], [33.75444571359845, 17.831502712710016], [33.75387952596871, 17.83150489857687], [33.75387838529034, 17.831233758292083], [33.75359529187337, 17.83123485059256], [33.75358731068874, 17.829336868262754], [33.753870401108216, 17.829335776086122], [33.7538692605917, 17.829064635740636], [33.75415235056276, 17.82906354317158], [33.75415577345758, 17.829876964132175], [33.754438864692986, 17.829875871099894], [33.75444000612661, 17.83014701138721], [33.75472309776996, 17.83014591792709], [33.75472423965205, 17.83041705818911], [33.75444114758048, 17.830418151666947], [33.75444343054897, 17.83096043220366], [33.755292709272254, 17.8309571504334], [33.755290423734415, 17.830414870003], [33.7558566077357, 17.83041268017631], [33.75585546414076, 17.8301415399852], [33.75613855568276, 17.830140444474377], [33.7561419878131, 17.83095386497171], [33.75642508061947, 17.8309527689975], [33.75642736966431, 17.831495049255615], [33.75671046330685, 17.831493952835725], [33.75670931834605, 17.831222812728225], [33.75699241154004, 17.831221715915934], [33.75698783018699, 17.8301371554811], [33.756421647204476, 17.830139348553427], [33.75642050277341, 17.829868208390227], [33.756703593846616, 17.82986711207689], [33.75670015939067, 17.829053691595046], [33.75698324915899, 17.82905259492487], [33.75698095876688, 17.828510314601242], [33.7566978698549, 17.828511411235887], [33.75669672511747, 17.828240271044923], [33.75641363661334, 17.828241367251707], [33.75641592525216, 17.82878364766156], [33.756132835871405, 17.82878474349376], [33.75613397979309, 17.829055883705053], [33.75528471024455, 17.829059168794235], [33.75528356760739, 17.828788028529722], [33.75556665704901, 17.828786933927837], [33.755563227974655, 17.82797351314198], [33.75528013981752, 17.82797460769067], [33.755274427239776, 17.826618906140517], [33.75555751325627, 17.826617811680485], [33.75555637037342, 17.826346671365425], [33.75583945594153, 17.826345576513077], [33.75583831265086, 17.826074436208177], [33.756121397770585, 17.826073340963532], [33.7561202540721, 17.82580220066878], [33.756403338743446, 17.825801105031847], [33.7564010505512, 17.8252588244551], [33.755834882900544, 17.82526101524795], [33.755833739691006, 17.824989874912706], [33.756682989852344, 17.824986588161654], [33.75668184537891, 17.82471544787207], [33.756964928297364, 17.82471435148613], [33.7569626385553, 17.82417207091974], [33.75724572059734, 17.824170974159333], [33.75724457532875, 17.823899833882535], [33.757810738495785, 17.82389763916731], [33.75780844630745, 17.823355358662077], [33.75922384958879, 17.823349864877326], [33.75922844260747, 17.824434425501387], [33.75894536027979, 17.824435525149543], [33.75894765605525, 17.824977805451695], [33.75838148962657, 17.82498000358925], [33.75838263668872, 17.825251143764557], [33.758665720341305, 17.82525004488298], [33.75866686785188, 17.825521185032905], [33.75838378377122, 17.82552228393228], [33.75838722514083, 17.82633570438994], [33.758670310505764, 17.826334605437147], [33.758673753342876, 17.82714802577312], [33.75839066669361, 17.82714912477933], [33.75839181391857, 17.827420264893945], [33.75810872682082, 17.82742136350788], [33.758111020475525, 17.827963643749968], [33.75782793250115, 17.827964741989415], [33.757829078930875, 17.828235882116864], [33.75839525571558, 17.8282336851923], [33.758394108429556, 17.827962545100434], [33.75867719636323, 17.827961446040813], [33.75867604866942, 17.82769030595917], [33.759242223619395, 17.82768810664532], [33.75924337216949, 17.82795924669133], [33.75952646004207, 17.827958146401464], [33.75951956647837, 17.82633130611851], [33.76008573702487, 17.826329104522536], [33.760086886757406, 17.826600244552996], [33.76036997242817, 17.826599143122102], [33.760378024123995, 17.828497122997963], [33.760661112771295, 17.828496021032063], [33.76066341429581, 17.829038300892602], [33.76094650377903, 17.829037198480886], [33.76094880624157, 17.829579478275374], [33.76123189656074, 17.82957837541782], [33.761236503443705, 17.830662934844266], [33.76151959545527, 17.83066183150511], [33.761526508962085, 17.832288670309893], [33.76180960352267, 17.832287566453328], [33.76181306183683, 17.833100985699634], [33.76209615766181, 17.83309988137922], [33.76209846416341, 17.833642160803045], [33.76238156082453, 17.83364105603663], [33.762383868264564, 17.83418333539432], [33.762666965761845, 17.83418223018189], [33.76266927414039, 17.83472450947341], [33.762952372473855, 17.83472340381494], [33.762954681790966, 17.835265683040298], [33.762671582600824, 17.835266788734575], [33.76267389114312, 17.835809067965386], [33.76295699118999, 17.835807962235293], [33.76295930067093, 17.836350241399924], [33.76239309884324, 17.836352452521446], [33.76239886861997, 17.837708150479205], [33.76268197168604, 17.837707045034094], [33.7626831261312, 17.837978184584973], [33.761550712030456, 17.837982603975053]], [[33.75870704354921, 17.835011085500305], [33.75899014259691, 17.8350099855675], [33.758987845314145, 17.834467705826828], [33.75870474712312, 17.834468805724008], [33.75870359894062, 17.834197665824476], [33.758420501157566, 17.834198765293607], [33.75842279668626, 17.83474104512069], [33.75870589532598, 17.83473994561595], [33.75870704354921, 17.835011085500305]], [[33.756146564270985, 17.832038425528587], [33.756429658790346, 17.83203732948337], [33.75642736966431, 17.831495049255615], [33.75614427600146, 17.831496145265326], [33.756146564270985, 17.832038425528587]], [[33.76039297992623, 17.832021941781036], [33.76095916833388, 17.832019736974917], [33.76095801690861, 17.831748597149762], [33.76067492314324, 17.831749699740058], [33.76067377216663, 17.83147855988946], [33.76010758543116, 17.83148076380382], [33.76010873555127, 17.83175190369011], [33.76039182935746, 17.831750801920172], [33.76039297992623, 17.832021941781036]], [[33.75416147868709, 17.83123266558144], [33.75444457206359, 17.83123157246063], [33.75444343054897, 17.83096043220366], [33.75416033760071, 17.830961525306762], [33.75416147868709, 17.83123266558144]], [[33.75925141259069, 17.829857226801003], [33.75953450346047, 17.829856126386364], [33.75952990709908, 17.82877156644052], [33.759246817942035, 17.828772666783856], [33.75924566933081, 17.8285015267606], [33.75896258058155, 17.82850262667602], [33.758964876968044, 17.829044906750575], [33.75924796657363, 17.829043806799522], [33.75925141259069, 17.829857226801003]]]}, "properties": {"zone_id": "scene_03-Z0023", "scene": "scene_03", "pixel_count": 806, "approx_area_m2": 725400.0, "centroid_x": 580377.7667493797, "centroid_y": 1971660.111662531, "centroid_lon": 33.75852778024084, "centroid_lat": 17.831081197153768, "mean_risk": 2.3505895137786865, "max_risk": 4.090641975402832, "median_risk": 2.2026145458221436, "high_priority_pixel_pct": 100.0, "priority_category": "HIGH PRIORITY", "threshold_type": "95th percentile prioritisation threshold", "recommendation": "Spectral-stress evidence detected. Prioritise field inspection to determine the underlying cause. Field verification required.", "priority_rank": 73}}, {"type": "Feature", "geometry": {"type": "Polygon", "coordinates": [[[33.62424133290201, 17.83792749991596], [33.62424038800486, 17.83765635238993], [33.62395727669521, 17.83765725714423], [33.62395633224328, 17.83738610959599], [33.62367322134534, 17.837387013925277], [33.623671333348646, 17.83684471877681], [33.62338822329087, 17.836845622666456], [33.62338727974607, 17.836574475066232], [33.62310417010001, 17.83657537853091], [33.623101340851285, 17.83576193564095], [33.623384449212075, 17.835761032220162], [33.62338256227308, 17.835218736951617], [33.62394877723083, 17.83521692893764], [33.62394972154877, 17.835488076546422], [33.62423282943092, 17.835487171909328], [33.624233774194025, 17.835758319495888], [33.62451688248784, 17.835757414433825], [33.62451782769611, 17.836028561998162], [33.62536715376219, 17.836025844306057], [33.6253681002725, 17.83629699181882], [33.62565120935606, 17.83629608508612], [33.6256531032839, 17.83683838005957], [33.62480377341226, 17.83684109911474], [33.62480282772526, 17.836569951587773], [33.623953498988, 17.83657266690586], [33.62395538780811, 17.837114962040182], [33.624521608696824, 17.837113152179843], [33.6245225539889, 17.837384299706347], [33.62565499727892, 17.83738067500275], [33.62565594430163, 17.837651822462988], [33.62593905551063, 17.837650915246503], [33.625940002978595, 17.837922062684488], [33.62424133290201, 17.83792749991596]]]}, "properties": {"zone_id": "scene_03-Z0024", "scene": "scene_03", "pixel_count": 48, "approx_area_m2": 43200.0, "centroid_x": 566158.75, "centroid_y": 1972221.875, "centroid_lon": 33.624366583710106, "centroid_lat": 17.83663348540162, "mean_risk": 2.1816153526306152, "max_risk": 2.660062313079834, "median_risk": 2.163527488708496, "high_priority_pixel_pct": 100.0, "priority_category": "HIGH PRIORITY", "threshold_type": "95th percentile prioritisation threshold", "recommendation": "Spectral-stress evidence detected. Prioritise field inspection to determine the underlying cause. Field verification required.", "priority_rank": 122}}, {"type": "Feature", "geometry": {"type": "Polygon", "coordinates": [[[33.77513496645655, 17.836844582917546], [33.775132620052624, 17.83630230533574], [33.7737171197639, 17.83630791827367], [33.77371829081357, 17.83657905715926], [33.77343519026511, 17.836580178534152], [33.77343284904329, 17.836037900719067], [33.77399904840594, 17.836035657631626], [33.77399787696944, 17.835764518749013], [33.77428097619124, 17.83576339660805], [33.77427980434716, 17.835492257736014], [33.77456290311983, 17.835491135202965], [33.774561730868186, 17.835219996341515], [33.775127927494445, 17.835217750081004], [33.77512910060278, 17.83548888890607], [33.77541219931305, 17.835487765142236], [33.77541337287055, 17.835758903941525], [33.77569647198837, 17.835757779749216], [33.77569999407085, 17.836571196046894], [33.77541689366792, 17.83657232029381], [33.77541806730868, 17.83684345906272], [33.77513496645655, 17.836844582917546]]]}, "properties": {"zone_id": "scene_03-Z0025", "scene": "scene_03", "pixel_count": 25, "approx_area_m2": 22500.0, "centroid_x": 582097.2, "centroid_y": 1972215.6, "centroid_lon": 33.774774764850264, "centroid_lat": 17.836038004714165, "mean_risk": 2.183505058288574, "max_risk": 2.66188645362854, "median_risk": 2.1984353065490723, "high_priority_pixel_pct": 100.0, "priority_category": "HIGH PRIORITY", "threshold_type": "95th percentile prioritisation threshold", "recommendation": "Spectral-stress evidence detected. Prioritise field inspection to determine the underlying cause. Field verification required.", "priority_rank": 120}}, {"type": "Feature", "geometry": {"type": "Polygon", "coordinates": [[[33.55006384211304, 17.837608215759808], [33.55006300950863, 17.837337064607524], [33.550346124074935, 17.8373362669879], [33.550345291056814, 17.83706511584098], [33.55062840517988, 17.8370643178239], [33.55062673833102, 17.836522015533216], [33.551192964818924, 17.836520418319683], [33.55119213055976, 17.836249267188865], [33.55204146889528, 17.836246868329724], [33.55204063336558, 17.835975717230202], [33.551474408680264, 17.83597731685407], [33.55147357402225, 17.83570616572109], [33.55175668594387, 17.83570536612728], [33.55175585087223, 17.835434214999683], [33.55118962787104, 17.83543581375109], [33.55118795948587, 17.834893511421456], [33.551471070137026, 17.834892712276805], [33.551470235538225, 17.83462156111359], [33.55175334574618, 17.83462076157157], [33.55175251073378, 17.83434961041376], [33.552035620498515, 17.834348810474374], [33.55203478507253, 17.834077659321956], [33.55260100370076, 17.834076058238225], [33.55260016743282, 17.83380490710418], [33.55316638514495, 17.83380330440521], [33.553165548035096, 17.833532153289564], [33.553448656440516, 17.833531351337633], [33.553447818917135, 17.83326020022742], [33.553730926879325, 17.833259397878198], [33.55372757522097, 17.832174793413778], [33.55457689387815, 17.832172384060545], [33.55457773305546, 17.832443535148954], [33.5548608396731, 17.832442731197688], [33.55486000006744, 17.8321715801223], [33.55514310624186, 17.832170775773804], [33.55514226622277, 17.831899624703883], [33.55542537195394, 17.83189881995817], [33.55542621240136, 17.832169971015063], [33.55570931854596, 17.832169165846057], [33.55571015943662, 17.832440316882348], [33.555993265994644, 17.832439511290055], [33.555992424675644, 17.832168360266817], [33.5562755307904, 17.83216755427732], [33.556274689057986, 17.831896403259577], [33.55684090038605, 17.831894790075964], [33.556840057811925, 17.831623639076795], [33.55712316302522, 17.8316228318827], [33.55712232003772, 17.831351680889046], [33.558537843738165, 17.83134763883049], [33.55853868886723, 17.831618789758668], [33.55882179399069, 17.831617980103154], [33.55882263956307, 17.831889131010662], [33.559105745099856, 17.831888320931796], [33.55910743714628, 17.832430622697895], [33.55882433075283, 17.832431432803013], [33.558826022002584, 17.832973734565133], [33.5582598074573, 17.832975353597035], [33.55826065224796, 17.83324650449299], [33.557977544524476, 17.833247313406634], [33.55797838890175, 17.83351846430813], [33.5582614970536, 17.833517655381378], [33.55826318670983, 17.834059957135498], [33.557980077701224, 17.834060766088445], [33.55798176656061, 17.83460306783854], [33.55769865668024, 17.834603876407385], [33.55769950070399, 17.83487502728419], [33.55713328004153, 17.834876643217125], [33.55713496642028, 17.835418945000402], [33.55685185520978, 17.835419752377543], [33.55685269799316, 17.835690903270923], [33.556569586339286, 17.835691710250806], [33.556570428709165, 17.835962861149692], [33.556287316611915, 17.8359636677323], [33.5562881585683, 17.836234818636697], [33.55572193347212, 17.83623643059698], [33.55572109237263, 17.835965279666485], [33.55515486807367, 17.835966889959302], [33.55515570831628, 17.836238040915873], [33.55458948310083, 17.836239649593367], [33.554590322501426, 17.836510800568437], [33.554024096369524, 17.83651240763055], [33.554023257825826, 17.836241256629457], [33.55374014516602, 17.836242059531973], [33.55374098328126, 17.836513210546066], [33.55204230443981, 17.836518019421696], [33.55204313999915, 17.8367891705061], [33.55176002637853, 17.83678997056208], [33.55176086152423, 17.83706112165189], [33.55119463338165, 17.837062720558638], [33.5511954676852, 17.83733387166678], [33.55091235316323, 17.837334670517535], [33.55091318705309, 17.837605821631048], [33.55006384211304, 17.837608215759808]]]}, "properties": {"zone_id": "scene_03-Z0026", "scene": "scene_03", "pixel_count": 328, "approx_area_m2": 295200.0, "centroid_x": 558811.6463414634, "centroid_y": 1971935.3048780488, "centroid_lon": 33.55502353718656, "centroid_lat": 17.834252714120208, "mean_risk": 3.1263601779937744, "max_risk": 4.872663974761963, "median_risk": 3.049726724624634, "high_priority_pixel_pct": 100.0, "priority_category": "HIGH PRIORITY", "threshold_type": "95th percentile prioritisation threshold", "recommendation": "Spectral-stress evidence detected. Prioritise field inspection to determine the underlying cause. Field verification required.", "priority_rank": 9}}, {"type": "Feature", "geometry": {"type": "Polygon", "coordinates": [[[33.626504329570125, 17.837377952166296], [33.62650338127885, 17.837106804742582], [33.6259371606251, 17.83710862034784], [33.625936213207545, 17.836837472887158], [33.62621932311438, 17.8368365653044], [33.626216479677204, 17.836023122921024], [33.625933371055666, 17.836024030459694], [33.62593242370531, 17.83575288296874], [33.625649315495394, 17.835753790082393], [33.6256474217019, 17.835211495048405], [33.62621363639131, 17.835209680469546], [33.626212688662974, 17.83493853297059], [33.62649579555408, 17.834937625080403], [33.62649864007475, 17.835751067510476], [33.626781748234244, 17.83575015916587], [33.62678364552228, 17.836292454051993], [33.627066754521785, 17.836291545267635], [33.627067703619474, 17.83656269268463], [33.62735081303059, 17.83656178347521], [33.62735271213334, 17.837104078257056], [33.627918932618805, 17.837102258548285], [33.62791988305235, 17.837373405898386], [33.626504329570125, 17.837377952166296]]]}, "properties": {"zone_id": "scene_03-Z0027", "scene": "scene_03", "pixel_count": 29, "approx_area_m2": 26100.0, "centroid_x": 566394.8275862068, "centroid_y": 1972194.8275862068, "centroid_lon": 33.626593589791334, "centroid_lat": 17.836381889063148, "mean_risk": 2.069284439086914, "max_risk": 2.325716495513916, "median_risk": 2.0559134483337402, "high_priority_pixel_pct": 100.0, "priority_category": "HIGH PRIORITY", "threshold_type": "95th percentile prioritisation threshold", "recommendation": "Spectral-stress evidence detected. Prioritise field inspection to determine the underlying cause. Field verification required.", "priority_rank": 183}}, {"type": "Feature", "geometry": {"type": "Polygon", "coordinates": [[[33.61771853928806, 17.83469443094241], [33.61771760444475, 17.834423282990315], [33.61715139132445, 17.834425072863823], [33.61715045735446, 17.834153924875178], [33.61686735119784, 17.834154819182018], [33.61686641767278, 17.83388367117133], [33.61714952340104, 17.833882776878973], [33.617148589464186, 17.833611628875204], [33.61743169474752, 17.833610734187065], [33.61743076039888, 17.833339586190217], [33.617996970059124, 17.833337795612138], [33.617996034870366, 17.833066647636727], [33.618279139247264, 17.833065751746805], [33.61828194614836, 17.833879195606816], [33.618565051793716, 17.833878299263084], [33.618566924000824, 17.834420595102902], [33.61885003048633, 17.834419698319852], [33.618850967043166, 17.834690846213892], [33.61771853928806, 17.83469443094241]]]}, "properties": {"zone_id": "scene_03-Z0028", "scene": "scene_03", "pixel_count": 104, "approx_area_m2": 93600.0, "centroid_x": 565759.9038461539, "centroid_y": 1971994.326923077, "centroid_lon": 33.6205955511118, "centroid_lat": 17.834588843734032, "mean_risk": 2.238292694091797, "max_risk": 2.8243072032928467, "median_risk": 2.193305015563965, "high_priority_pixel_pct": 100.0, "priority_category": "HIGH PRIORITY", "threshold_type": "95th percentile prioritisation threshold", "recommendation": "Spectral-stress evidence detected. Prioritise field inspection to determine the underlying cause. Field verification required.", "priority_rank": 103}}, {"type": "Feature", "geometry": {"type": "Polygon", "coordinates": [[[33.77116805076293, 17.836046856657763], [33.77116688361007, 17.835775717593805], [33.77144998303928, 17.835774599555542], [33.771448815478756, 17.83550346050209], [33.77116571647791, 17.83550457852225], [33.771164549366446, 17.8352334394431], [33.77088145077325, 17.8352345570349], [33.770880284110824, 17.834963417930066], [33.770597185925276, 17.834964535093516], [33.770596019711874, 17.834693395963004], [33.77144531292144, 17.834690043296195], [33.77144648041984, 17.83496118237242], [33.772012676646035, 17.83495894517377], [33.77201618183556, 17.8357723622482], [33.771733082447774, 17.835773481107005], [33.771734250457364, 17.83604462013475], [33.77116805076293, 17.836046856657763]]]}, "properties": {"zone_id": "scene_03-Z0029", "scene": "scene_03", "pixel_count": 14, "approx_area_m2": 12600.0, "centroid_x": 581742.8571428572, "centroid_y": 1972131.4285714286, "centroid_lon": 33.771427676791824, "centroid_lat": 17.835290502540232, "mean_risk": 1.997945785522461, "max_risk": 2.3857243061065674, "median_risk": 1.9425334930419922, "high_priority_pixel_pct": 100.0, "priority_category": "HIGH PRIORITY", "threshold_type": "95th percentile prioritisation threshold", "recommendation": "Spectral-stress evidence detected. Prioritise field inspection to determine the underlying cause. Field verification required.", "priority_rank": 250}}, {"type": "Feature", "geometry": {"type": "Polygon", "coordinates": [[[33.74936703183264, 17.83558943404243], [33.7493658977045, 17.835318293589168], [33.74879969735607, 17.835320465182118], [33.748798564104746, 17.8350493246861], [33.748232364532626, 17.835051494602833], [33.74822896746928, 17.834238072963856], [33.74851206598037, 17.83423698826332], [33.748507535130486, 17.833152426042048], [33.74935682540345, 17.83314916968994], [33.74935795937069, 17.8334203102039], [33.74964105651643, 17.83341922391518], [33.74964219093209, 17.83369036440396], [33.74992528848602, 17.833689277687416], [33.74992642335011, 17.833960418151012], [33.75020952131222, 17.833959331006632], [33.75021292731025, 17.834772752299067], [33.750779125744046, 17.834770576673915], [33.75078139822347, 17.835312857427137], [33.750498298159954, 17.835313945480074], [33.75049716233851, 17.835042805089646], [33.7502140626832, 17.8350438927147], [33.750216333489504, 17.83558617352321], [33.74936703183264, 17.83558943404243]]]}, "properties": {"zone_id": "scene_03-Z0030", "scene": "scene_03", "pixel_count": 50, "approx_area_m2": 45000.0, "centroid_x": 579403.8, "centroid_y": 1972029.0, "centroid_lon": 33.74935094467826, "centroid_lat": 17.834450687533447, "mean_risk": 1.9458497762680054, "max_risk": 2.206195831298828, "median_risk": 1.9287316799163818, "high_priority_pixel_pct": 100.0, "priority_category": "HIGH PRIORITY", "threshold_type": "95th percentile prioritisation threshold", "recommendation": "Spectral-stress evidence detected. Prioritise field inspection to determine the underlying cause. Field verification required.", "priority_rank": 300}}, {"type": "Feature", "geometry": {"type": "Polygon", "coordinates": [[[33.53306562044793, 17.833859195205722], [33.533064007072575, 17.833316891156507], [33.53249778900498, 17.833318435543674], [33.5324969831955, 17.83304728348272], [33.53278009180808, 17.833046511506783], [33.53277767318035, 17.832233055316127], [33.53136213639992, 17.832236910905685], [33.53136052833628, 17.831694606615915], [33.53164363486425, 17.831693836343472], [33.5316428304255, 17.831422684199737], [33.53249214863879, 17.831420370958405], [33.53249295436251, 17.831691523064677], [33.531926741377944, 17.831693065660783], [33.5319275462593, 17.83196421778449], [33.532776866999704, 17.831961903237463], [33.53277444854356, 17.83114844695617], [33.53362376530036, 17.83114612882954], [33.533622957891986, 17.830874976758217], [33.534189168134965, 17.830873429314373], [33.53418997639996, 17.83114458136063], [33.53447308192825, 17.83114380701083], [33.534475508094204, 17.83195726306665], [33.53475861489312, 17.831956488268975], [33.5347602332655, 17.832498792243314], [33.53504334090675, 17.832498017010277], [33.53504496019326, 17.833040320929303], [33.53532806867686, 17.83303954526087], [33.535327258598066, 17.8327683933177], [33.53561036663894, 17.83276761725156], [33.53560874566776, 17.832225313367694], [33.53589185283755, 17.832224536916435], [33.535892663744306, 17.83249568884957], [33.53645887889743, 17.832494134691117], [33.536459690675265, 17.83276528659152], [33.53674279865859, 17.8327645088843], [33.53674442311419, 17.83330681263727], [33.53646131427414, 17.83330759036968], [33.536462126095174, 17.83357874224743], [33.53617901681235, 17.833579519582145], [33.5361798282194, 17.83385067146493], [33.5358967184938, 17.833851448401937], [33.53589590751513, 17.833580296506568], [33.534763470182504, 17.833583400101386], [33.53476427944764, 17.833854552047015], [33.53306562044793, 17.833859195205722]]]}, "properties": {"zone_id": "scene_03-Z0031", "scene": "scene_03", "pixel_count": 200, "approx_area_m2": 180000.0, "centroid_x": 556419.0, "centroid_y": 1971832.95, "centroid_lon": 33.532441380714275, "centroid_lat": 17.833390445187675, "mean_risk": 2.7619574069976807, "max_risk": 4.372596263885498, "median_risk": 2.5872507095336914, "high_priority_pixel_pct": 100.0, "priority_category": "HIGH PRIORITY", "threshold_type": "95th percentile prioritisation threshold", "recommendation": "Spectral-stress evidence detected. Prioritise field inspection to determine the underlying cause. Field verification required.", "priority_rank": 20}}, {"type": "Feature", "geometry": {"type": "Polygon", "coordinates": [[[33.594790421576064, 17.835850205589892], [33.59478952136823, 17.835579056515343], [33.594506411784984, 17.835579918479397], [33.59450461227403, 17.83503762027968], [33.59393839477331, 17.835039342921036], [33.59393569819691, 17.83422589548105], [33.59421880567006, 17.83422503440737], [33.59421790641477, 17.83395388525953], [33.5945010134436, 17.83395302378951], [33.59450191312727, 17.8342241729234], [33.595351235403115, 17.834221586009736], [33.5953521363879, 17.83449273509417], [33.595918352015346, 17.83449100840565], [33.595919253872886, 17.83476215745456], [33.59648547029313, 17.834760429096868], [33.59648637302347, 17.83503157811021], [33.59620326439295, 17.83503244250821], [33.596205971394774, 17.83584588954488], [33.594790421576064, 17.835850205589892]]]}, "properties": {"zone_id": "scene_03-Z0032", "scene": "scene_03", "pixel_count": 39, "approx_area_m2": 35100.0, "centroid_x": 563063.0769230769, "centroid_y": 1972030.0, "centroid_lon": 33.595146901165684, "centroid_lat": 17.834990472244066, "mean_risk": 2.2564876079559326, "max_risk": 2.6754608154296875, "median_risk": 2.3067288398742676, "high_priority_pixel_pct": 100.0, "priority_category": "HIGH PRIORITY", "threshold_type": "95th percentile prioritisation threshold", "recommendation": "Spectral-stress evidence detected. Prioritise field inspection to determine the underlying cause. Field verification required.", "priority_rank": 98}}, {"type": "Feature", "geometry": {"type": "Polygon", "coordinates": [[[33.49654733594094, 17.835040064665055], [33.49654282722631, 17.833413143254507], [33.49682593802165, 17.833412423372877], [33.496824434366644, 17.832870116198954], [33.4971075442919, 17.832869395930363], [33.49711130567138, 17.834225163750222], [33.497960641792886, 17.83422300030757], [33.49796139539404, 17.834494153813857], [33.497395170469574, 17.834495596542638], [33.49739592322726, 17.834766750064745], [33.49711281031657, 17.834767470825327], [33.49711356265919, 17.835038624351554], [33.49654733594094, 17.835040064665055]]]}, "properties": {"zone_id": "scene_03-Z0033", "scene": "scene_03", "pixel_count": 18, "approx_area_m2": 16200.0, "centroid_x": 552661.6666666666, "centroid_y": 1971906.6666666667, "centroid_lon": 33.49698526916622, "centroid_lat": 17.83415016351525, "mean_risk": 2.1416304111480713, "max_risk": 2.6573312282562256, "median_risk": 2.0682287216186523, "high_priority_pixel_pct": 100.0, "priority_category": "HIGH PRIORITY", "threshold_type": "95th percentile prioritisation threshold", "recommendation": "Spectral-stress evidence detected. Prioritise field inspection to determine the underlying cause. Field verification required.", "priority_rank": 138}}, {"type": "Feature", "geometry": {"type": "Polygon", "coordinates": [[[33.69896846966813, 17.8341494213106], [33.698967411902885, 17.83387827778612], [33.69840120977774, 17.833880303123166], [33.69840015288791, 17.83360915955831], [33.69783395154445, 17.83361118322159], [33.69782867165959, 17.83225546511975], [33.69754557310131, 17.83225647625414], [33.69754451760881, 17.83198533259467], [33.69811071385007, 17.831983309948438], [33.69811177019914, 17.83225445357515], [33.698677967222025, 17.832252429255323], [33.69867902444643, 17.832523572841676], [33.69896212335804, 17.83252256005004], [33.69896318102949, 17.832793703612417], [33.69924628035064, 17.83279269039416], [33.69924839660644, 17.83333497746335], [33.69981459690569, 17.833332949730483], [33.69981565591839, 17.83360409322087], [33.700098756468165, 17.83360307872265], [33.700100875406584, 17.834145365647828], [33.69896846966813, 17.8341494213106]]]}, "properties": {"zone_id": "scene_03-Z0034", "scene": "scene_03", "pixel_count": 36, "approx_area_m2": 32400.0, "centroid_x": 574041.6666666666, "centroid_y": 1971870.8333333333, "centroid_lon": 33.69874460806983, "centroid_lat": 17.83320873850149, "mean_risk": 2.370389461517334, "max_risk": 2.975181818008423, "median_risk": 2.30837345123291, "high_priority_pixel_pct": 100.0, "priority_category": "HIGH PRIORITY", "threshold_type": "95th percentile prioritisation threshold", "recommendation": "Spectral-stress evidence detected. Prioritise field inspection to determine the underlying cause. Field verification required.", "priority_rank": 69}}, {"type": "Feature", "geometry": {"type": "Polygon", "coordinates": [[[33.7363321263115, 17.832656412063713], [33.73633101210549, 17.832385270724913], [33.736047915735845, 17.832386337664], [33.736046801977864, 17.83211519630034], [33.73576370601675, 17.83211626281196], [33.73576259270679, 17.831845121423438], [33.73519640158186, 17.83184725318157], [33.735195289148166, 17.831576111750948], [33.734912193984364, 17.831577176997477], [33.73490885808642, 17.83076375260831], [33.734625764187626, 17.83076481739292], [33.73462465268932, 17.830493675897458], [33.734341559199045, 17.830494740254668], [33.73434044814868, 17.830223598734374], [33.73320807570346, 17.83022785199278], [33.733206966385666, 17.829956710396008], [33.73292387365336, 17.829957772668035], [33.73292165593322, 17.829415489417336], [33.73263856403766, 17.82941655124482], [33.73263634725258, 17.828874267929386], [33.73235325619373, 17.828875329312357], [33.73235104034365, 17.828333045932208], [33.732067950121504, 17.828334106870688], [33.73206462777826, 17.82752068169204], [33.73178153882093, 17.82752174216888], [33.73178043184061, 17.82725060041032], [33.731497343291785, 17.827251660459904], [33.73149955641577, 17.827793944003787], [33.731782645820886, 17.82779288391986], [33.73178596693858, 17.8286063091273], [33.73150287624897, 17.828607369262745], [33.7315006630072, 17.828065085764354], [33.73093448328178, 17.82806720473627], [33.73093558903651, 17.82833834652358], [33.73065249871621, 17.82833940541155], [33.73064918279531, 17.8275259799754], [33.73036609373986, 17.82752703840183], [33.730364988900256, 17.827255896557467], [33.72979881158685, 17.827258012145798], [33.72979660367896, 17.826715728365787], [33.72951351584915, 17.826716785510584], [33.72950910198081, 17.825632217791092], [33.72922601584384, 17.82563327445735], [33.72921939819706, 17.824006422547978], [33.7295024817656, 17.824005365984437], [33.7295068951641, 17.825089933885863], [33.729789980425316, 17.82508887684383], [33.729792188098195, 17.825631160714806], [33.730075274196, 17.825630103228477], [33.73007637848991, 17.825901245135466], [33.73035946499622, 17.825900187221958], [33.73035836027421, 17.825629045332114], [33.73064144633282, 17.825627987025715], [33.73064255148292, 17.825899128898413], [33.73120872439751, 17.825897011021194], [33.73120983042343, 17.826168152852006], [33.732342177729485, 17.826163912108342], [33.73234328548747, 17.82643505386286], [33.73262637269298, 17.82643399263463], [33.732621940066565, 17.825349425639835], [33.73233885457345, 17.8253504867993], [33.732339962272476, 17.82562162857656], [33.73177379037112, 17.82562374969975], [33.73177268352827, 17.825352607888128], [33.73148959797622, 17.8253536678175], [33.73148849158109, 17.825082525981117], [33.73177157670506, 17.825081466068916], [33.73177046990148, 17.82481032424213], [33.732053554577746, 17.824809263937084], [33.73205466180939, 17.825080405746696], [33.73318700203019, 17.82507616035759], [33.733192547045014, 17.826431868948003], [33.732909459878826, 17.826432930996347], [33.73291167716624, 17.826975214413856], [33.73319476518867, 17.826974152331104], [33.733193656107, 17.826703010643342], [33.73347674368163, 17.826701948167734], [33.73347785319142, 17.826973089838283], [33.73376094117448, 17.826972026935394], [33.73376205113209, 17.827243168581134], [33.7346113162475, 17.82723997736036], [33.734613538790654, 17.8277822605257], [33.73517971714828, 17.827780130925817], [33.73518082930573, 17.82805127246262], [33.73546391888311, 17.82805020703028], [33.73546503148846, 17.828321348542236], [33.73518194148292, 17.82832241399183], [33.73518416589649, 17.828864697027516], [33.734901075014875, 17.82886576210151], [33.734902186823064, 17.82913690362523], [33.73575146069327, 17.82913370712111], [33.73575480008999, 17.829947131491437], [33.735471707535055, 17.829948197454733], [33.73547393304183, 17.830490480364897], [33.73519083961072, 17.830491545952572], [33.73519195196548, 17.83076268741354], [33.735758139664426, 17.830760555793514], [33.73576036614612, 17.831302838623646], [33.73632655547903, 17.831300705293874], [33.736327669606, 17.83157184666301], [33.73661076467108, 17.83157077936557], [33.73661299384083, 17.83211306204652], [33.736896089742665, 17.832111994304316], [33.736897204785464, 17.83238313561612], [33.73661410845536, 17.832384203375618], [33.736615223089665, 17.83265534469713], [33.7363321263115, 17.832656412063713]], [[33.73462020689327, 17.829409109839748], [33.734903298650984, 17.82940804514137], [33.734902186823064, 17.82913690362523], [33.73461909549355, 17.829137968306362], [33.73462020689327, 17.829409109839748]], [[33.733765381123064, 17.828056593472876], [33.73461465009181, 17.828053402097], [33.734613538790654, 17.8277822605257], [33.73376427110638, 17.827785451849877], [33.733765381123064, 17.828056593472876]]]}, "properties": {"zone_id": "scene_03-Z0035", "scene": "scene_03", "pixel_count": 263, "approx_area_m2": 236700.0, "centroid_x": 577726.1977186311, "centroid_y": 1971365.475285171, "centroid_lon": 33.73349546045432, "centroid_lat": 17.82851381238325, "mean_risk": 2.2085342407226562, "max_risk": 3.367347002029419, "median_risk": 2.1269543170928955, "high_priority_pixel_pct": 100.0, "priority_category": "HIGH PRIORITY", "threshold_type": "95th percentile prioritisation threshold", "recommendation": "Spectral-stress evidence detected. Prioritise field inspection to determine the underlying cause. Field verification required.", "priority_rank": 112}}, {"type": "Feature", "geometry": {"type": "Polygon", "coordinates": [[[33.59818049812704, 17.83367063838403], [33.59817868770221, 17.833128340442403], [33.597895582166494, 17.833129207203985], [33.59789467740651, 17.832858058207787], [33.59817778251388, 17.832857191460246], [33.59817597218538, 17.832314893473242], [33.598742180638624, 17.832313158803586], [33.5987430866515, 17.832584307772773], [33.59902619128235, 17.83258343980852], [33.599028004213004, 17.83312573769609], [33.59874489872547, 17.833126605688463], [33.59874580478657, 17.833397754634955], [33.59846269885461, 17.833398622231112], [33.598463604503415, 17.833669771184102], [33.59818049812704, 17.83367063838403]]]}, "properties": {"zone_id": "scene_03-Z0036", "scene": "scene_03", "pixel_count": 12, "approx_area_m2": 10800.0, "centroid_x": 563417.5, "centroid_y": 1971802.5, "centroid_lon": 33.598484706107, "centroid_lat": 17.832924039263222, "mean_risk": 2.0402324199676514, "max_risk": 2.3068740367889404, "median_risk": 2.043386459350586, "high_priority_pixel_pct": 100.0, "priority_category": "HIGH PRIORITY", "threshold_type": "95th percentile prioritisation threshold", "recommendation": "Spectral-stress evidence detected. Prioritise field inspection to determine the underlying cause. Field verification required.", "priority_rank": 214}}, {"type": "Feature", "geometry": {"type": "Polygon", "coordinates": [[[33.61516685201745, 17.833617880204653], [33.61516592109563, 17.833346732092068], [33.61488281610834, 17.83334762348362], [33.61488188563138, 17.83307647534904], [33.61431567646399, 17.8330782568725], [33.6143147468602, 17.8328071087015], [33.61488095517092, 17.832805327206888], [33.61488002472695, 17.832534179057177], [33.61516312842923, 17.832533287708934], [33.615162197573454, 17.8322621395661], [33.61544530083089, 17.832261247822053], [33.61544343831225, 17.83171895154257], [33.61516033591143, 17.83171984325773], [33.615161266734184, 17.831990991415697], [33.61487816388855, 17.83199188273506], [33.6148790942995, 17.832263030899902], [33.61459599100905, 17.83226392182347], [33.61459413106027, 17.831721625457366], [33.61431102860994, 17.831722515941856], [33.61431009908859, 17.831451367733035], [33.614026997050075, 17.83145225779288], [33.61402606797351, 17.831181109562074], [33.613176763043995, 17.831183777237104], [33.613177690835684, 17.83145492551112], [33.61346079292361, 17.831454036681926], [33.61346172116006, 17.831725184933976], [33.61289551611113, 17.831726962210936], [33.6128936613679, 17.831184665641697], [33.612610559675346, 17.831185553636075], [33.61260963275669, 17.83091440532573], [33.612892734020946, 17.830913517345728], [33.612891806690456, 17.8306423690422], [33.61345800831307, 17.830640591880382], [33.61345893650012, 17.830911740155123], [33.614025138913426, 17.8309099613237], [33.61402420986982, 17.830638813077776], [33.61430731062348, 17.830637923061182], [33.614306381168085, 17.830366774822103], [33.61458948147699, 17.830365884409733], [33.61458855160982, 17.830094736177514], [33.61373925191844, 17.83009740614081], [33.61374018050083, 17.830368554416278], [33.61345708014248, 17.830369443598077], [33.61345615198836, 17.830098295308204], [33.61260685209936, 17.8301009603493], [33.61260592524647, 17.82982981200869], [33.612039726094764, 17.829831586623094], [33.61204157810395, 17.83037388335423], [33.61232467854454, 17.830372996223375], [33.61232745796636, 17.831186441220247], [33.612044356240936, 17.831187328394204], [33.61204250413318, 17.830645031708453], [33.61147630234619, 17.830646804768303], [33.6114753771735, 17.830375656385357], [33.611192276683646, 17.830376542285638], [33.611188577869996, 17.829291948620835], [33.610905479076756, 17.829292834053554], [33.61090640332733, 17.829563982495436], [33.61005710556453, 17.82956663637558], [33.61005618259868, 17.829295487890708], [33.6097730837399, 17.829296371682762], [33.60977123871379, 17.82875407466169], [33.609488140695106, 17.82875495801496], [33.60948906277175, 17.82902610654359], [33.60920596430848, 17.829026989501017], [33.6092022778129, 17.827942395283912], [33.60891918104614, 17.82794327777399], [33.60891549652489, 17.826858683378717], [33.60919859157891, 17.826857800945824], [33.609197670061285, 17.8265866523424], [33.60976385926394, 17.826584886274905], [33.60976293690635, 17.82631373769253], [33.610046031054985, 17.826312854057953], [33.61004695384074, 17.82658400262601], [33.61033004840115, 17.826583118567022], [33.610330971631434, 17.82685426711319], [33.61004787664285, 17.82685515118651], [33.610048799461346, 17.827126299739444], [33.61118118103005, 17.827122760928226], [33.61118210557763, 17.827393909416276], [33.612031392866506, 17.82739125095863], [33.612032318715045, 17.82766239939604], [33.61231541487336, 17.827661512408888], [33.61231726747612, 17.82820380923229], [33.61260036447439, 17.828202921806263], [33.612599437736584, 17.827931773412715], [33.61288253429021, 17.827930885590927], [33.61288160714065, 17.82765973720421], [33.61316470324964, 17.827658848986683], [33.61316563082738, 17.827929997359018], [33.6134487273481, 17.827929108716976], [33.613449655370516, 17.828200257067348], [33.613732752302965, 17.82819936800077], [33.61373368077005, 17.82847051632918], [33.61429987544196, 17.82846873693679], [33.614301734138415, 17.829011033513265], [33.61458483230609, 17.82901014317301], [33.61458762175914, 17.82982358793773], [33.61515382061443, 17.829821805940156], [33.61515475132161, 17.830092954151073], [33.61543785115275, 17.830092062522578], [33.61543971347318, 17.830634358892826], [33.61572281414433, 17.83063346682525], [33.615724677387384, 17.83117576313635], [33.61544157585968, 17.83117665523283], [33.6154425070777, 17.831447803391484], [33.616008710973176, 17.83144601875942], [33.616010575172, 17.831988314996217], [33.616293677951546, 17.831987422035933], [33.61629461050407, 17.832258570128516], [33.616011507296214, 17.83225946310327], [33.61601243943696, 17.832530611202756], [33.61629554307314, 17.832529718213546], [33.61629647565875, 17.832800866291006], [33.61686268373814, 17.83279907905291], [33.616864550672354, 17.833341375127254], [33.61658144578424, 17.833342268980378], [33.61658237884783, 17.833613417020672], [33.61516685201745, 17.833617880204653]]]}, "properties": {"zone_id": "scene_03-Z0037", "scene": "scene_03", "pixel_count": 262, "approx_area_m2": 235800.0, "centroid_x": 564931.6030534351, "centroid_y": 1971463.282442748, "centroid_lon": 33.61276254940386, "centroid_lat": 17.829813796892182, "mean_risk": 2.3055450916290283, "max_risk": 3.323167324066162, "median_risk": 2.236544609069824, "high_priority_pixel_pct": 100.0, "priority_category": "HIGH PRIORITY", "threshold_type": "95th percentile prioritisation threshold", "recommendation": "Spectral-stress evidence detected. Prioritise field inspection to determine the underlying cause. Field verification required.", "priority_rank": 87}}, {"type": "Feature", "geometry": {"type": "Polygon", "coordinates": [[[33.730954389868465, 17.832947755747796], [33.73095328378023, 17.83267661408939], [33.730670186608265, 17.832677673251812], [33.73066465860273, 17.831321964760264], [33.73094775363334, 17.831320905683604], [33.73094664766282, 17.8310497639797], [33.7315128368087, 17.83104764463018], [33.73151615734865, 17.831861069616167], [33.73123306150076, 17.831862129547506], [33.73123748744911, 17.832946696157997], [33.730954389868465, 17.832947755747796]]]}, "properties": {"zone_id": "scene_03-Z0038", "scene": "scene_03", "pixel_count": 15, "approx_area_m2": 13500.0, "centroid_x": 577466.0, "centroid_y": 1971738.0, "centroid_lon": 33.73105387807137, "centroid_lat": 17.831889914793035, "mean_risk": 2.0758466720581055, "max_risk": 2.3568058013916016, "median_risk": 2.044935703277588, "high_priority_pixel_pct": 100.0, "priority_category": "HIGH PRIORITY", "threshold_type": "95th percentile prioritisation threshold", "recommendation": "Spectral-stress evidence detected. Prioritise field inspection to determine the underlying cause. Field verification required.", "priority_rank": 178}}, {"type": "Feature", "geometry": {"type": "Polygon", "coordinates": [[[33.75189559328656, 17.830970255365866], [33.751886492729135, 17.828801131764102], [33.75216958241348, 17.828800042083486], [33.752170720340715, 17.829071182542606], [33.752736900505205, 17.82906900191573], [33.752741455841544, 17.83015356353506], [33.752458364056615, 17.830154654124215], [33.752459502512984, 17.830425794527745], [33.75217641027965, 17.830426884724417], [33.75217868639653, 17.83096916554404], [33.75189559328656, 17.830970255365866]]]}, "properties": {"zone_id": "scene_03-Z0039", "scene": "scene_03", "pixel_count": 40, "approx_area_m2": 36000.0, "centroid_x": 579651.0, "centroid_y": 1971621.0, "centroid_lon": 33.75166820894425, "centroid_lat": 17.8307542145784, "mean_risk": 1.9018008708953857, "max_risk": 2.1529734134674072, "median_risk": 1.8795535564422607, "high_priority_pixel_pct": 100.0, "priority_category": "HIGH PRIORITY", "threshold_type": "95th percentile prioritisation threshold", "recommendation": "Spectral-stress evidence detected. Prioritise field inspection to determine the underlying cause. Field verification required.", "priority_rank": 348}}, {"type": "Feature", "geometry": {"type": "Polygon", "coordinates": [[[33.59449471610469, 17.832054979640574], [33.594492017484505, 17.831241532034745], [33.59477512021403, 17.831240670294022], [33.59477782011914, 17.832054117857975], [33.59449471610469, 17.832054979640574]]]}, "properties": {"zone_id": "scene_03-Z0040", "scene": "scene_03", "pixel_count": 10, "approx_area_m2": 9000.0, "centroid_x": 563049.0, "centroid_y": 1971735.0, "centroid_lon": 33.59500520366217, "centroid_lat": 17.832324577298216, "mean_risk": 2.130140781402588, "max_risk": 2.4673311710357666, "median_risk": 2.1186752319335938, "high_priority_pixel_pct": 100.0, "priority_category": "HIGH PRIORITY", "threshold_type": "95th percentile prioritisation threshold", "recommendation": "Spectral-stress evidence detected. Prioritise field inspection to determine the underlying cause. Field verification required.", "priority_rank": 147}}, {"type": "Feature", "geometry": {"type": "Polygon", "coordinates": [[[33.7286885058558, 17.832685075902955], [33.72868740321348, 17.832413934099915], [33.728404306313124, 17.832414989963567], [33.7284021019437, 17.831872706300537], [33.72811900588035, 17.831873761719795], [33.72811790415322, 17.831602619859822], [33.72783480849859, 17.831603674851802], [33.727833707219276, 17.831332532967153], [33.72670132611851, 17.831336748764954], [33.726700226571715, 17.83106560680444], [33.72726641630463, 17.831063499760017], [33.72726531592087, 17.83079235782604], [33.72811459908911, 17.830789194234377], [33.72811680244565, 17.831331477992254], [33.72839989765248, 17.831330422607184], [33.72840099978831, 17.831601564457657], [33.72868409540386, 17.831600508645305], [33.72868630059072, 17.832142792289293], [33.72896939704324, 17.832141736032543], [33.72897160316489, 17.832684019611992], [33.7286885058558, 17.832685075902955]]]}, "properties": {"zone_id": "scene_03-Z0041", "scene": "scene_03", "pixel_count": 18, "approx_area_m2": 16200.0, "centroid_x": 577155.0, "centroid_y": 1971700.0, "centroid_lon": 33.72811772053394, "centroid_lat": 17.831557429549083, "mean_risk": 2.016876697540283, "max_risk": 2.4437949657440186, "median_risk": 1.9852030277252197, "high_priority_pixel_pct": 100.0, "priority_category": "HIGH PRIORITY", "threshold_type": "95th percentile prioritisation threshold", "recommendation": "Spectral-stress evidence detected. Prioritise field inspection to determine the underlying cause. Field verification required.", "priority_rank": 233}}, {"type": "Feature", "geometry": {"type": "Polygon", "coordinates": [[[33.53702671927646, 17.833034882634475], [33.537025093992966, 17.832492578891603], [33.5367419864524, 17.832493356996494], [33.5367387377717, 17.831408749369707], [33.53617252607403, 17.831410304247946], [33.5361717147965, 17.831139152297183], [33.535888609354394, 17.831139929108367], [33.53588779851957, 17.830868777137468], [33.53758642838637, 17.83086411019252], [33.537585614996125, 17.830592958289667], [33.53815182397978, 17.830591399384822], [33.53815263822662, 17.830862551262424], [33.5387188480091, 17.830860990691438], [33.53871966312699, 17.831132142536212], [33.53956897897717, 17.831129798565087], [33.53957061182625, 17.831672102156045], [33.53985371793732, 17.831671319986544], [33.539854534811916, 17.83194247175802], [33.53957142827251, 17.831943253940192], [33.53957224473326, 17.832214405716783], [33.539006030754344, 17.8322159688757], [33.539006846372885, 17.832487120670056], [33.53872373893338, 17.832487901646775], [33.538724554138035, 17.832759053446228], [33.53844144625572, 17.83275983402533], [33.53844226104648, 17.83303098582988], [33.53702671927646, 17.833034882634475]]]}, "properties": {"zone_id": "scene_03-Z0042", "scene": "scene_03", "pixel_count": 74, "approx_area_m2": 66600.0, "centroid_x": 557000.6756756756, "centroid_y": 1971656.7567567567, "centroid_lon": 33.53792585447065, "centroid_lat": 17.83178290129248, "mean_risk": 3.2221434116363525, "max_risk": 4.762753009796143, "median_risk": 3.174651622772217, "high_priority_pixel_pct": 100.0, "priority_category": "HIGH PRIORITY", "threshold_type": "95th percentile prioritisation threshold", "recommendation": "Spectral-stress evidence detected. Prioritise field inspection to determine the underlying cause. Field verification required.", "priority_rank": 8}}, {"type": "Feature", "geometry": {"type": "Polygon", "coordinates": [[[33.76917005489921, 17.83225872220666], [33.769167727189284, 17.831716443605508], [33.76888463401928, 17.831717558090833], [33.76888230724841, 17.83117527942322], [33.768599214914246, 17.83117639346229], [33.768596889082374, 17.83063411472822], [33.768313797584035, 17.830635228321054], [33.76831263512725, 17.830364088924604], [33.7680295440365, 17.83036520208926], [33.76802838202855, 17.830094062667186], [33.76774529134539, 17.830095175403677], [33.76774412978625, 17.829824035955994], [33.76746103951069, 17.829825148264334], [33.76745987840034, 17.829554008791042], [33.767176788532375, 17.82955512067125], [33.76717446722983, 17.82901284166587], [33.76689137819764, 17.829013953099953], [33.76688905783378, 17.828471674028222], [33.76632288142032, 17.82847389559409], [33.766320562851384, 17.827931616420017], [33.76603747547011, 17.827932726551843], [33.7660351578397, 17.827390447311455], [33.76575207129413, 17.827391556997245], [33.76575091293789, 17.827120417347693], [33.765467826799906, 17.82712152660545], [33.765465511005296, 17.82657924724764], [33.76518242570298, 17.82658035605941], [33.76518126826459, 17.82630921635116], [33.76489818336985, 17.82631032473492], [33.76489702638009, 17.82603918500113], [33.76461394189292, 17.826040292956897], [33.76461047233103, 17.825226873656145], [33.765176638716376, 17.825224657442288], [33.765175481380666, 17.824953517696102], [33.765458564114475, 17.824952408992115], [33.76545972187826, 17.82522354872033], [33.76630897124061, 17.8252202200944], [33.76630781219264, 17.824949080420108], [33.76659089484424, 17.824947970076092], [33.766592054320284, 17.8252191097324], [33.76687513737938, 17.82521799896038], [33.76687745724931, 17.825760278214233], [33.76744362501805, 17.82575805536813], [33.76744594668266, 17.826300334519598], [33.76716286195241, 17.826301446183688], [33.76716518284319, 17.82684372534083], [33.76773135399553, 17.82684150153057], [33.76773251532803, 17.827112641061728], [33.76744942933404, 17.827113753189906], [33.76745059025903, 17.827384892731494], [33.768582935823815, 17.827380441686337], [33.768587586579976, 17.82846499948839], [33.768021410413674, 17.828467225975366], [33.76802373420285, 17.829009504902995], [33.76830682315264, 17.829008391828484], [33.76830566081958, 17.828737252386507], [33.76943801469981, 17.82873279605962], [33.76943917874554, 17.829003935429416], [33.769722267592165, 17.829002820304385], [33.76971993866502, 17.82846054159332], [33.77028611458362, 17.828458310185233], [33.77028727989319, 17.82872944950842], [33.77057036824965, 17.828728333171153], [33.770571534008056, 17.82899947246866], [33.77028844522343, 17.82900058882401], [33.770289610574345, 17.82927172813201], [33.77000652134087, 17.829272844095332], [33.770007686284266, 17.829543983413817], [33.76944150689897, 17.82954621414625], [33.76944267100665, 17.829817353493286], [33.76915958085483, 17.82981846826238], [33.76916190827575, 17.83036074696979], [33.76944499928398, 17.830359632164587], [33.769443835134986, 17.83008849283273], [33.76972692569436, 17.830087377635444], [33.76972809027155, 17.830358516949232], [33.770294272184714, 17.830356285288122], [33.770295437638985, 17.83062742455817], [33.77057852899278, 17.830626308094324], [33.77057969489595, 17.8308974473387], [33.76973041948791, 17.830900795554047], [33.76973158412707, 17.83117193484507], [33.76944849185483, 17.83117305011461], [33.769450820338655, 17.831715328710008], [33.76973391346738, 17.831714213404336], [33.769735078168516, 17.831985352672582], [33.76945198461155, 17.831986467996327], [33.769453148905086, 17.832257607275046], [33.76917005489921, 17.83225872220666]]]}, "properties": {"zone_id": "scene_03-Z0043", "scene": "scene_03", "pixel_count": 178, "approx_area_m2": 160200.0, "centroid_x": 581339.1573033708, "centroid_y": 1971341.4606741574, "centroid_lon": 33.76758752811625, "centroid_lat": 17.8281657981345, "mean_risk": 2.4059557914733887, "max_risk": 3.4996190071105957, "median_risk": 2.369232654571533, "high_priority_pixel_pct": 100.0, "priority_category": "HIGH PRIORITY", "threshold_type": "95th percentile prioritisation threshold", "recommendation": "Spectral-stress evidence detected. Prioritise field inspection to determine the underlying cause. Field verification required.", "priority_rank": 61}}, {"type": "Feature", "geometry": {"type": "Polygon", "coordinates": [[[33.74737062414269, 17.8320721994783], [33.747369493273844, 17.831801058803443], [33.746520209003485, 17.83180430627805], [33.746517949895484, 17.831262024800388], [33.746801043815815, 17.831260942754085], [33.746799913863626, 17.830989802021403], [33.747083007335675, 17.83098871958246], [33.7470818769753, 17.83071757885972], [33.74736496999906, 17.830716496028163], [33.747363839230516, 17.83044535531538], [33.74708074663497, 17.830446438129396], [33.74707961631469, 17.83017529739149], [33.74651343191991, 17.830177461754026], [33.746511173052326, 17.829635180185335], [33.74622808168129, 17.829636261716352], [33.74622695270575, 17.829365120903113], [33.74651004364859, 17.829364039389613], [33.74650891426489, 17.829092898586303], [33.747075095234095, 17.829090734363994], [33.74707396501407, 17.828819593588165], [33.74792323503294, 17.82881634423148], [33.747925498062145, 17.829358625670288], [33.74820858888466, 17.829357541696066], [33.74820972085757, 17.829628682386534], [33.7484928120882, 17.829627597984615], [33.748493944509384, 17.82989873864993], [33.748777036148134, 17.829897653820318], [33.74877816901762, 17.830168794460477], [33.749061261064476, 17.830167709203145], [33.74906012776679, 17.829896568580562], [33.74934321936534, 17.829895482930677], [33.749342085659556, 17.8296243423181], [33.74962517680979, 17.829623256275667], [33.74962744509789, 17.83016553745806], [33.74934435309124, 17.83016662353567], [33.74934662060337, 17.830708904722908], [33.74906352772017, 17.830709990425554], [33.74906579445627, 17.831252271617615], [33.748782700696495, 17.83125335694526], [33.74878383366646, 17.831524497547495], [33.74906692785447, 17.83152341220227], [33.7490691947112, 17.832065693348802], [33.74878609966667, 17.832066778729192], [33.748784966656515, 17.831795638142133], [33.74850187202014, 17.831796723094754], [33.74850300460203, 17.83206786369939], [33.74737062414269, 17.8320721994783]], [[33.74765258799053, 17.831799975491542], [33.74793568268714, 17.831798891769463], [33.74793455098185, 17.831527751122124], [33.747651456713484, 17.831528834826653], [33.74765258799053, 17.831799975491542]], [[33.74765032545651, 17.83125769415417], [33.74793341929663, 17.831256610467197], [33.74793228763148, 17.830985469804677], [33.74878156774663, 17.830982216335446], [33.748780434816865, 17.830711075718042], [33.74906352772017, 17.830709990425554], [33.74906239438227, 17.83043884981814], [33.74793002436141, 17.830443188456893], [33.74793115598641, 17.830714329134576], [33.74764806300277, 17.83071541278645], [33.74765032545651, 17.83125769415417]]]}, "properties": {"zone_id": "scene_03-Z0044", "scene": "scene_03", "pixel_count": 75, "approx_area_m2": 67500.0, "centroid_x": 579240.8, "centroid_y": 1971590.0, "centroid_lon": 33.747796215790004, "centroid_lat": 17.83048889154312, "mean_risk": 2.015223979949951, "max_risk": 2.907127857208252, "median_risk": 1.9377115964889526, "high_priority_pixel_pct": 100.0, "priority_category": "HIGH PRIORITY", "threshold_type": "95th percentile prioritisation threshold", "recommendation": "Spectral-stress evidence detected. Prioritise field inspection to determine the underlying cause. Field verification required.", "priority_rank": 235}}, {"type": "Feature", "geometry": {"type": "Polygon", "coordinates": [[[33.593644505694556, 17.831786413290725], [33.59364360743942, 17.83151526404695], [33.59336050421781, 17.831516124160732], [33.593359606406906, 17.83124497489546], [33.59307650359768, 17.831245834585097], [33.59307560623099, 17.830974685298344], [33.59279250383413, 17.830975544563845], [33.59279160691165, 17.830704395255612], [33.59222540292679, 17.83070611252817], [33.5922262989927, 17.830977261864216], [33.59194319654814, 17.830978119899083], [33.591939614092965, 17.829893522453933], [33.59222271482444, 17.82989266447466], [33.592221818822104, 17.82962151510836], [33.59250491910942, 17.82962065673281], [33.59250312629595, 17.82907835800536], [33.592786225710874, 17.829077499247454], [33.59278443210456, 17.828535200517585], [33.59306753064712, 17.82853434137735], [33.59306663343961, 17.828263192014997], [33.593349731538034, 17.82826233247853], [33.59335062917376, 17.82853348182696], [33.59363372768448, 17.828532621866415], [33.593635523860165, 17.82907492051274], [33.59420172254671, 17.82907319930544], [33.594200823594434, 17.828802050013945], [33.593917724687365, 17.828802910808733], [33.5939159276871, 17.82826061217517], [33.59363282962053, 17.828261472531917], [33.59363193157252, 17.827990323189862], [33.59419812683329, 17.82798860209409], [33.59419902573773, 17.828259751408268], [33.59448212377241, 17.828258890231226], [33.59448482186606, 17.82907233808655], [33.594767921169456, 17.82907147645749], [33.594767021360724, 17.828800327193903], [33.59505012021992, 17.828799465168643], [33.59505102045689, 17.82907061441827], [33.59533411972836, 17.829069751968884], [33.595333219063164, 17.828798602733237], [33.59561631789042, 17.828797739887662], [33.59561721898385, 17.829068889109337], [33.59590031822336, 17.82906802583963], [33.59590121976102, 17.82933917503976], [33.59561812009327, 17.82934003832345], [33.595619922360065, 17.829882336729003], [33.596186123392556, 17.829880609695493], [33.59618882948226, 17.830694057163182], [33.5959057276892, 17.830694920927], [33.595904826071575, 17.830423771764675], [33.59562172469081, 17.83042463510431], [33.595623527085486, 17.83096693344937], [33.59590662932282, 17.83096607008177], [33.59590753097243, 17.831237219228974], [33.59534132562519, 17.831238945581937], [33.595340424832166, 17.830967796406764], [33.59505732256286, 17.830968658953942], [33.5950564222141, 17.830697509757247], [33.59449021848416, 17.830699233593062], [33.594491117976354, 17.830970382817682], [33.59392491332603, 17.83097210504058], [33.59392581197759, 17.831243254285543], [33.59420891473902, 17.83124239336525], [33.594210712946584, 17.8317846918046], [33.593644505694556, 17.831786413290725]], [[33.59335781083288, 17.830702676342245], [33.5936409127696, 17.830701816270253], [33.59363911640273, 17.830159517714655], [33.59278981311442, 17.83016209661647], [33.59279071000508, 17.830433245939826], [33.59335691306975, 17.830431527054298], [33.59335781083288, 17.830702676342245]]]}, "properties": {"zone_id": "scene_03-Z0045", "scene": "scene_03", "pixel_count": 110, "approx_area_m2": 99000.0, "centroid_x": 562946.7272727273, "centroid_y": 1971469.3636363635, "centroid_lon": 33.59403211621413, "centroid_lat": 17.829926611413914, "mean_risk": 2.1351394653320312, "max_risk": 2.817948818206787, "median_risk": 2.0681064128875732, "high_priority_pixel_pct": 100.0, "priority_category": "HIGH PRIORITY", "threshold_type": "95th percentile prioritisation threshold", "recommendation": "Spectral-stress evidence detected. Prioritise field inspection to determine the underlying cause. Field verification required.", "priority_rank": 141}}, {"type": "Feature", "geometry": {"type": "Polygon", "coordinates": [[[33.49766849273469, 17.830969879060962], [33.497666986749856, 17.830427571821204], [33.497383880706316, 17.830428292805248], [33.497383128162234, 17.830157139162374], [33.497100022533644, 17.830157859724522], [33.497100774649425, 17.830429013379074], [33.4968176685792, 17.830429733542665], [33.4968169168917, 17.830158579876453], [33.49653381123644, 17.830159299618174], [33.49652104186913, 17.825549685939617], [33.4968041402445, 17.8255489663961], [33.49680263736287, 17.825006658784442], [33.49651953984382, 17.825007378304644], [33.4965180378718, 17.82446507063949], [33.496801134534564, 17.824464351142602], [33.49680038314041, 17.824193197310365], [33.49736657556968, 17.824191757109695], [33.497365071108895, 17.823649449469258], [33.49764816644727, 17.823648728777176], [33.49765042444284, 17.82446219019148], [33.49736732782009, 17.82446291091859], [33.49736808008386, 17.82473406471995], [33.497934274172266, 17.824732622832276], [33.49793502730567, 17.825003776602724], [33.49821812475798, 17.825003055032077], [33.49821963192119, 17.825545362526952], [33.49850273021644, 17.825544640522818], [33.49850348424627, 17.825815794247237], [33.49878658295631, 17.82581507182129], [33.498788091912466, 17.826357379224085], [33.49907119146548, 17.826356656364606], [33.49907194639182, 17.826627810042975], [33.49878884641062, 17.82662853291416], [33.49879110998539, 17.827441993939114], [33.49907421125122, 17.82744127103279], [33.49907647623117, 17.828254731954686], [33.499359578768285, 17.82825400860306], [33.49936033421663, 17.82852516221688], [33.499643437168594, 17.828524438443363], [33.49964041374268, 17.827439823989703], [33.499357312503655, 17.82744054771632], [33.49935126972098, 17.82527131835296], [33.49906817189404, 17.825272041575687], [33.4990651525369, 17.82418742666603], [33.499348248651266, 17.824186703490174], [33.49934749341734, 17.82391554975561], [33.49906439773109, 17.823916272919746], [33.49906288815966, 17.823373965404546], [33.49991217260954, 17.823371794752312], [33.49991292867288, 17.82364294847851], [33.50019602389079, 17.82364222409593], [33.500196780395655, 17.82391337780284], [33.49991368474963, 17.823914102197165], [33.4999144408398, 17.824185255908265], [33.49963134475224, 17.824185979904257], [33.49963210042769, 17.82445713361954], [33.50019829344566, 17.824455685194025], [33.500199049990805, 17.8247268388783], [33.50076524381135, 17.82472538878899], [33.500766001226204, 17.82499654244222], [33.50104909854447, 17.824995816770684], [33.50104985640091, 17.82526697040462], [33.50133295413388, 17.82526624431123], [33.50133219584929, 17.824995090689065], [33.50161529314065, 17.824994364197348], [33.501614534441366, 17.824723210579407], [33.50246382495022, 17.824721028679097], [33.502462305023236, 17.824178721491286], [33.503028496915874, 17.824177264887883], [33.503030779395395, 17.824990725587472], [33.50331387660587, 17.824989996635235], [33.503314637887534, 17.825261150174864], [33.503597735512656, 17.82526042080072], [33.50359849723598, 17.82553157432098], [33.50388159527575, 17.82553084452492], [33.50388235744075, 17.825801998025813], [33.50359925897282, 17.825802727833693], [33.50360002072317, 17.82607388133887], [33.50473241622644, 17.826070959599342], [33.50473317970303, 17.826342113049627], [33.50360078248704, 17.82634503483649], [33.50360230605533, 17.826887341809098], [33.503885406236, 17.826886611953917], [33.50388693071476, 17.827428918872677], [33.50360382967767, 17.827429648751508], [33.50360459150912, 17.827700802211403], [33.50275528703212, 17.827702989422455], [33.5027560475924, 17.82797414291023], [33.50247294564485, 17.827974871172067], [33.50247370579038, 17.82824602466409], [33.50303991052847, 17.828244567706644], [33.503039149526465, 17.827973414238222], [33.50332225144703, 17.827972685156062], [33.50332453577829, 17.828786145503255], [33.50360763897007, 17.828785415975474], [33.503609162781636, 17.82932772281223], [33.50389226681643, 17.829326992850625], [33.50389302917076, 17.82959814624585], [33.503609924707696, 17.82959887621928], [33.50361068664728, 17.829870029618785], [33.503893791538616, 17.829869299633526], [33.503896841145284, 17.830953913108765], [33.50361373454075, 17.83095464314132], [33.50361297254711, 17.830683489772007], [33.503046760154106, 17.830684948582796], [33.50304599903058, 17.8304137951823], [33.50332910480554, 17.830413065993838], [33.50332758174242, 17.82987075919383], [33.503044476824044, 17.829871488358677], [33.50304523792057, 17.830142641774266], [33.502762132560406, 17.830143370540704], [33.50276289324213, 17.830414523960545], [33.50247978744019, 17.830415252328574], [33.502480547707094, 17.83068640575267], [33.50219744146336, 17.830687133722268], [33.502198201315444, 17.830958287150608], [33.501915094629915, 17.83095901472176], [33.50191433520614, 17.830687861281636], [33.50163122893546, 17.830688588430778], [33.50163198793092, 17.830959741882683], [33.50106577449254, 17.830961194973824], [33.5010650163537, 17.83069004149838], [33.50049880371814, 17.830691492925073], [33.50049804644935, 17.830420339418577], [33.500214940539735, 17.830421064504836], [33.50021418371268, 17.830149910979046], [33.49964797270975, 17.830151359897428], [33.49964948466408, 17.830693666988406], [33.498233952639204, 17.830697282222722], [33.49823470649493, 17.83096843581545], [33.49766849273469, 17.830969879060962]], [[33.50247826694682, 17.82987294545774], [33.50276137189218, 17.82987221711331], [33.50276061123745, 17.82960106367837], [33.50247750672036, 17.829601792011008], [33.50247826694682, 17.82987294545774]], [[33.49964570487883, 17.82933789920436], [33.49992880910216, 17.829337174985472], [33.49992654010714, 17.828523714259664], [33.499643437168594, 17.828524438443363], [33.49964570487883, 17.82933789920436]], [[33.502191363131885, 17.828517906023837], [33.502474465949405, 17.828517178148577], [33.50247370579038, 17.82824602466409], [33.502190603401104, 17.828246752527562], [33.502191363131885, 17.828517906023837]]]}, "properties": {"zone_id": "scene_03-Z0046", "scene": "scene_03", "pixel_count": 553, "approx_area_m2": 497700.0, "centroid_x": 553020.650994575, "centroid_y": 1971183.7974683545, "centroid_lon": 33.500354784295105, "centroid_lat": 17.827607897185565, "mean_risk": 2.3303728103637695, "max_risk": 3.483813762664795, "median_risk": 2.2748005390167236, "high_priority_pixel_pct": 100.0, "priority_category": "HIGH PRIORITY", "threshold_type": "95th percentile prioritisation threshold", "recommendation": "Spectral-stress evidence detected. Prioritise field inspection to determine the underlying cause. Field verification required.", "priority_rank": 81}}, {"type": "Feature", "geometry": {"type": "Polygon", "coordinates": [[[33.55089317777773, 17.831098192821006], [33.55089234424276, 17.830827041526142], [33.550609239987345, 17.83082783965623], [33.55060840689545, 17.83055668834088], [33.55089151072257, 17.830555890223724], [33.55089067721717, 17.830284738913754], [33.55117378060121, 17.830283940399312], [33.55117294668232, 17.83001278909472], [33.55145604962329, 17.830011990183017], [33.55145438097335, 17.829469687577056], [33.551737483042984, 17.82946888828105], [33.55173664831196, 17.82919773697969], [33.55145354667057, 17.829198536262744], [33.5514527123826, 17.828927384940872], [33.551735813595734, 17.828926585670768], [33.551734978894316, 17.82865543435429], [33.551168777309734, 17.828657032458448], [33.55116961115467, 17.82892818380081], [33.55032030738214, 17.82893057791959], [33.55032113995711, 17.82920172929318], [33.54862252944398, 17.829206506533477], [33.54862169943849, 17.828935355082493], [33.5477723952678, 17.828937738126616], [33.547773223988536, 17.829208889616204], [33.54749012214064, 17.829209683156755], [33.547490950447816, 17.82948083465164], [33.547207848156965, 17.82948162779486], [33.54720867605057, 17.82975277929503], [33.54607626502733, 17.82975594781737], [33.54607543884679, 17.829484796265863], [33.545792336482585, 17.829485587358146], [33.54579068502197, 17.828943284206847], [33.54607378652967, 17.82894249314019], [33.546072134271164, 17.828400189984304], [33.54635523490773, 17.828399398533115], [33.54635440837223, 17.828128246956663], [33.546920608744905, 17.828126662849474], [33.54691812665713, 17.827313208151793], [33.54720122553682, 17.827312415521487], [33.54719957002863, 17.82677011237762], [33.54748266803725, 17.82676931936288], [33.54748183987701, 17.826498167792458], [33.54776493744274, 17.826497374380455], [33.547763280309994, 17.825955071242667], [33.548895667000515, 17.825951893596496], [33.54889483674356, 17.825680742067757], [33.54946102914415, 17.825679150809854], [33.54946186025742, 17.82595030231281], [33.550311150032165, 17.825947912311538], [33.55031198244468, 17.826219063768214], [33.5505950794349, 17.826218266268004], [33.55059424659422, 17.82594711482425], [33.551160439673986, 17.82594551861937], [33.5511621070828, 17.826487821447614], [33.55201139916051, 17.826485423986878], [33.5520105641642, 17.82621427261537], [33.55229366106565, 17.826213472654533], [33.552292825655975, 17.825942321288434], [33.55314211498686, 17.825939918984197], [33.55314127830754, 17.82566876764947], [33.55342437429333, 17.825667966074185], [33.55342521140081, 17.825939117395922], [33.553991404184146, 17.82593751298908], [33.55399056622036, 17.825666361693333], [33.55455675808791, 17.825664755672122], [33.554557596908005, 17.825935906941844], [33.55484069324762, 17.82593510330308], [33.554841532510764, 17.826206254552226], [33.55512462926365, 17.826205450490335], [33.55512798817787, 17.82729005535929], [33.55484488971226, 17.827290859473287], [33.55484572904986, 17.827562010684666], [33.554562630141156, 17.827562814401556], [33.554563469065435, 17.827833965618407], [33.553431071569, 17.827837176436596], [33.55343274603646, 17.828379478951668], [33.55399894652729, 17.828377874310867], [33.55400062276709, 17.82892017674373], [33.55371752167263, 17.828920979295205], [33.553718359386586, 17.829192130513302], [33.554850765388174, 17.829188917794315], [33.55484992596123, 17.828917766628265], [33.555416128016205, 17.828916157833767], [33.55541528774767, 17.82864500668622], [33.555698388324565, 17.828644201686753], [33.555699229021336, 17.82891535282126], [33.55598233001156, 17.82891454739859], [33.555983171151496, 17.829185698512493], [33.55570006973303, 17.829186503948215], [33.55570175120114, 17.829728806179453], [33.55541864891125, 17.82972961123108], [33.55541948923941, 17.83000076234841], [33.55485328375836, 17.830002371247154], [33.55485412324487, 17.83027352238299], [33.55457102005373, 17.83027432623009], [33.55457185912685, 17.830545477371388], [33.55400565184335, 17.830547083860996], [33.55400649007477, 17.830818235020764], [33.553723385982416, 17.83081903766325], [33.5537242238004, 17.831090188828465], [33.55259180556925, 17.831093395348177], [33.55259096946446, 17.83082224413102], [33.551175448483384, 17.830826242985832], [33.55117628244666, 17.83109739426776], [33.55089317777773, 17.831098192821006]], [[33.551734978894316, 17.82865543435429], [33.55201807966441, 17.82865463468697], [33.55201724454957, 17.82838348337589], [33.551734144207714, 17.828384283030267], [33.551734978894316, 17.82865543435429]]]}, "properties": {"zone_id": "scene_03-Z0047", "scene": "scene_03", "pixel_count": 410, "approx_area_m2": 369000.0, "centroid_x": 558404.487804878, "centroid_y": 1971257.487804878, "centroid_lon": 33.55116234539495, "centroid_lat": 17.828137229108542, "mean_risk": 3.4208812713623047, "max_risk": 5.189667224884033, "median_risk": 3.445256233215332, "high_priority_pixel_pct": 100.0, "priority_category": "HIGH PRIORITY", "threshold_type": "95th percentile prioritisation threshold", "recommendation": "Spectral-stress evidence detected. Prioritise field inspection to determine the underlying cause. Field verification required.", "priority_rank": 2}}, {"type": "Feature", "geometry": {"type": "Polygon", "coordinates": [[[33.54239838951141, 17.830579655295978], [33.542396748212454, 17.83003735189857], [33.542679851608476, 17.830036565703068], [33.54267903055256, 17.829765414005767], [33.542962133505746, 17.829764627412807], [33.542961312036134, 17.8294934757207], [33.54324441454648, 17.829492688730287], [33.54324359266318, 17.82922153704338], [33.54352669473068, 17.829220749655533], [33.543525872433705, 17.828949597973825], [33.54380897405838, 17.82894881018856], [33.543809796783606, 17.82921996185751], [33.54494220484926, 17.829216806563604], [33.54494550274844, 17.8303014129594], [33.54409619158187, 17.830303780198484], [33.54409454517269, 17.829761476938998], [33.5435283393684, 17.82976305299629], [33.54352998406446, 17.830305356306837], [33.542963776488705, 17.830306930774363], [33.542964598002044, 17.83057808244381], [33.54239838951141, 17.830579655295978]]]}, "properties": {"zone_id": "scene_03-Z0048", "scene": "scene_03", "pixel_count": 29, "approx_area_m2": 26100.0, "centroid_x": 557621.3793103448, "centroid_y": 1971438.6206896552, "centroid_lon": 33.54377737397879, "centroid_lat": 17.82979508547594, "mean_risk": 2.334394693374634, "max_risk": 3.2414259910583496, "median_risk": 2.260425090789795, "high_priority_pixel_pct": 100.0, "priority_category": "HIGH PRIORITY", "threshold_type": "95th percentile prioritisation threshold", "recommendation": "Spectral-stress evidence detected. Prioritise field inspection to determine the underlying cause. Field verification required.", "priority_rank": 80}}, {"type": "Feature", "geometry": {"type": "Polygon", "coordinates": [[[33.55825136037485, 17.83026384422195], [33.55825051574901, 17.829992693242886], [33.55711810532454, 17.829995925807452], [33.55711641954394, 17.829453623721935], [33.55683331775695, 17.829454430811435], [33.55683079048293, 17.828640977587266], [33.55711389098518, 17.828640170536985], [33.55711304816216, 17.82836901946023], [33.55739614822122, 17.828368212012865], [33.55739530498493, 17.82809706094163], [33.557961504201735, 17.82809544484262], [33.55796234829447, 17.82836659588767], [33.558245448308625, 17.82836578720984], [33.55824460378767, 17.828094636177887], [33.55852770335863, 17.828093827103004], [33.558526858424436, 17.827822676076607], [33.55909305666495, 17.827821056722627], [33.559094748261195, 17.828363358715404], [33.558811648292, 17.828364168623708], [33.558813339091806, 17.8289064706125], [33.55937954072812, 17.82890485033325], [33.55938038700701, 17.829176001290065], [33.55909728576811, 17.8291768116479], [33.55909897751441, 17.829719113565123], [33.55881587540399, 17.829719923539024], [33.558816720871384, 17.829991074499432], [33.55853361831769, 17.82999188407625], [33.5585344633718, 17.83026303504221], [33.55825136037485, 17.83026384422195]], [[33.55824629284457, 17.82863693823424], [33.55852939327198, 17.82863612913314], [33.55852854830781, 17.82836497812185], [33.558245448308625, 17.82836578720984], [33.55824629284457, 17.82863693823424]]]}, "properties": {"zone_id": "scene_03-Z0049", "scene": "scene_03", "pixel_count": 51, "approx_area_m2": 45900.0, "centroid_x": 559137.6470588235, "centroid_y": 1971361.7647058824, "centroid_lon": 33.55808385479518, "centroid_lat": 17.829060082650052, "mean_risk": 2.946864366531372, "max_risk": 4.424861431121826, "median_risk": 2.7285327911376953, "high_priority_pixel_pct": 100.0, "priority_category": "HIGH PRIORITY", "threshold_type": "95th percentile prioritisation threshold", "recommendation": "Spectral-stress evidence detected. Prioritise field inspection to determine the underlying cause. Field verification required.", "priority_rank": 14}}, {"type": "Feature", "geometry": {"type": "Polygon", "coordinates": [[[33.74875325053088, 17.824203698624792], [33.748752118103475, 17.82393255781777], [33.74903520030346, 17.823931472964745], [33.74903633315891, 17.82420261375418], [33.74875325053088, 17.824203698624792]]]}, "properties": {"zone_id": "scene_03-Z0050", "scene": "scene_03", "pixel_count": 184, "approx_area_m2": 165600.0, "centroid_x": 579109.2391304348, "centroid_y": 1971142.5, "centroid_lon": 33.74653790515276, "centroid_lat": 17.826449122527553, "mean_risk": 2.079171657562256, "max_risk": 2.936925172805786, "median_risk": 2.0231900215148926, "high_priority_pixel_pct": 100.0, "priority_category": "HIGH PRIORITY", "threshold_type": "95th percentile prioritisation threshold", "recommendation": "Spectral-stress evidence detected. Prioritise field inspection to determine the underlying cause. Field verification required.", "priority_rank": 175}}, {"type": "Feature", "geometry": {"type": "Polygon", "coordinates": [[[33.752734622958236, 17.828526721060555], [33.75273234549208, 17.82798444017503], [33.7524492571326, 17.827985530622865], [33.75244811885796, 17.827714390151062], [33.752165030906426, 17.827715480171147], [33.752161617488085, 17.826902058657247], [33.75187853080076, 17.8269031482143], [33.751877393463126, 17.826632007676846], [33.75159430718374, 17.82663309680619], [33.75158862293872, 17.825277393916917], [33.75187170707764, 17.82527630487579], [33.75187398157131, 17.825818586018965], [33.752440151500934, 17.825816406636033], [33.7524424277877, 17.826358687678248], [33.752725513578426, 17.826357597336408], [33.75272665218019, 17.82662873782847], [33.75300973837883, 17.82662764705891], [33.753008599348945, 17.826356506584514], [33.75385785653925, 17.826353231868563], [33.753854435718004, 17.825539810559025], [33.75413752012338, 17.825538718220038], [33.754140942228894, 17.826352139476487], [33.7544240278983, 17.826351046674365], [33.75442516906873, 17.826622187060305], [33.75414208297121, 17.82662327988013], [33.754148927850096, 17.828250122142705], [33.75386583916354, 17.828251214658664], [33.753864698727945, 17.82798007428284], [33.7535816104493, 17.827981166371014], [33.753582750456744, 17.828252306764536], [33.75329966172973, 17.828253398460312], [33.75330080132923, 17.828524538863935], [33.752734622958236, 17.828526721060555]]]}, "properties": {"zone_id": "scene_03-Z0051", "scene": "scene_03", "pixel_count": 61, "approx_area_m2": 54900.0, "centroid_x": 579796.2295081967, "centroid_y": 1971207.5409836066, "centroid_lon": 33.75302295551303, "centroid_lat": 17.827012088415007, "mean_risk": 2.1283068656921387, "max_risk": 2.866647720336914, "median_risk": 2.079930305480957, "high_priority_pixel_pct": 100.0, "priority_category": "HIGH PRIORITY", "threshold_type": "95th percentile prioritisation threshold", "recommendation": "Spectral-stress evidence detected. Prioritise field inspection to determine the underlying cause. Field verification required.", "priority_rank": 150}}, {"type": "Feature", "geometry": {"type": "Polygon", "coordinates": [[[33.76263465705907, 17.826590316913165], [33.762633503473594, 17.826319177043537], [33.76319967357061, 17.82631696642663], [33.76320082801228, 17.82658810626044], [33.76263465705907, 17.826590316913165]]]}, "properties": {"zone_id": "scene_03-Z0052", "scene": "scene_03", "pixel_count": 13, "approx_area_m2": 11700.0, "centroid_x": 580917.6923076923, "centroid_y": 1971219.2307692308, "centroid_lon": 33.76360576840005, "centroid_lat": 17.827076669623807, "mean_risk": 2.0327162742614746, "max_risk": 2.340669870376587, "median_risk": 1.998534083366394, "high_priority_pixel_pct": 100.0, "priority_category": "HIGH PRIORITY", "threshold_type": "95th percentile prioritisation threshold", "recommendation": "Spectral-stress evidence detected. Prioritise field inspection to determine the underlying cause. Field verification required.", "priority_rank": 222}}, {"type": "Feature", "geometry": {"type": "Polygon", "coordinates": [[[33.76915143553185, 17.827920492547378], [33.76914910848249, 17.827378213703362], [33.768866022163465, 17.827379327899884], [33.76886485909787, 17.82710818844844], [33.76829868725419, 17.827110415575202], [33.76829752506545, 17.826839276080094], [33.76801443954079, 17.826840389010357], [33.76801327780079, 17.82656924948963], [33.76829636289734, 17.826568136577396], [33.76829520074984, 17.82629699706711], [33.76914445463145, 17.826293655924268], [33.76914794498877, 17.82710707426997], [33.76971411670863, 17.827104844682854], [33.769715281058595, 17.827375984080124], [33.76999836731566, 17.827374868653408], [33.76999953211441, 17.827646008025024], [33.77028261877895, 17.827644892170166], [33.7702837840265, 17.827916031516114], [33.76915143553185, 17.827920492547378]]]}, "properties": {"zone_id": "scene_03-Z0053", "scene": "scene_03", "pixel_count": 20, "approx_area_m2": 18000.0, "centroid_x": 581500.5, "centroid_y": 1971226.5, "centroid_lon": 33.76910554027743, "centroid_lat": 17.82712079839487, "mean_risk": 2.0437815189361572, "max_risk": 2.4039180278778076, "median_risk": 2.025907516479492, "high_priority_pixel_pct": 100.0, "priority_category": "HIGH PRIORITY", "threshold_type": "95th percentile prioritisation threshold", "recommendation": "Spectral-stress evidence detected. Prioritise field inspection to determine the underlying cause. Field verification required.", "priority_rank": 208}}, {"type": "Feature", "geometry": {"type": "Polygon", "coordinates": [[[33.57494658280915, 17.82777504874241], [33.57494571305407, 17.827503898480035], [33.57437951737349, 17.827505563742722], [33.57437777962238, 17.82696326314135], [33.57494397359021, 17.82696159793262], [33.57494484331443, 17.827232748210104], [33.5755110380769, 17.827231081333903], [33.57551016749631, 17.826959931083422], [33.575793264426196, 17.826959097043645], [33.5757950064592, 17.827501397510026], [33.575228810871224, 17.8275030652335], [33.5752296810545, 17.827774215482368], [33.57494658280915, 17.82777504874241]]]}, "properties": {"zone_id": "scene_03-Z0054", "scene": "scene_03", "pixel_count": 9, "approx_area_m2": 8100.0, "centroid_x": 560936.6666666666, "centroid_y": 1971173.3333333333, "centroid_lon": 33.575055178384346, "centroid_lat": 17.82730774374249, "mean_risk": 2.0658369064331055, "max_risk": 2.5883350372314453, "median_risk": 1.9974074363708496, "high_priority_pixel_pct": 100.0, "priority_category": "HIGH PRIORITY", "threshold_type": "95th percentile prioritisation threshold", "recommendation": "Spectral-stress evidence detected. Prioritise field inspection to determine the underlying cause. Field verification required.", "priority_rank": 190}}, {"type": "Feature", "geometry": {"type": "Polygon", "coordinates": [[[33.574376910769956, 17.826692112829335], [33.574374304305145, 17.82587866184793], [33.57522359009573, 17.825876163581572], [33.575226200414, 17.826689614441545], [33.574376910769956, 17.826692112829335]]]}, "properties": {"zone_id": "scene_03-Z0055", "scene": "scene_03", "pixel_count": 9, "approx_area_m2": 8100.0, "centroid_x": 560910.0, "centroid_y": 1971060.0, "centroid_lon": 33.57480025139621, "centroid_lat": 17.826284138644958, "mean_risk": 2.3045003414154053, "max_risk": 2.9432575702667236, "median_risk": 2.2618155479431152, "high_priority_pixel_pct": 100.0, "priority_category": "HIGH PRIORITY", "threshold_type": "95th percentile prioritisation threshold", "recommendation": "Spectral-stress evidence detected. Prioritise field inspection to determine the underlying cause. Field verification required.", "priority_rank": 88}}, {"type": "Feature", "geometry": {"type": "Polygon", "coordinates": [[[33.75498677321805, 17.82553543874294], [33.75498334744205, 17.824722017577624], [33.75470026438161, 17.824723111093533], [33.754699122924855, 17.82445197067221], [33.755265288169355, 17.82444978326583], [33.75526414587675, 17.82417864287235], [33.755547228040555, 17.824177548571896], [33.75555294184653, 17.825533250374747], [33.75498677321805, 17.82553543874294]]]}, "properties": {"zone_id": "scene_03-Z0056", "scene": "scene_03", "pixel_count": 11, "approx_area_m2": 9900.0, "centroid_x": 580025.4545454546, "centroid_y": 1970972.7272727273, "centroid_lon": 33.7551770335401, "centroid_lat": 17.82488149108222, "mean_risk": 1.88213312625885, "max_risk": 2.0133631229400635, "median_risk": 1.851435661315918, "high_priority_pixel_pct": 100.0, "priority_category": "HIGH PRIORITY", "threshold_type": "95th percentile prioritisation threshold", "recommendation": "Spectral-stress evidence detected. Prioritise field inspection to determine the underlying cause. Field verification required.", "priority_rank": 361}}, {"type": "Feature", "geometry": {"type": "Polygon", "coordinates": [[[33.76376006740374, 17.82495905506592], [33.76375775707443, 17.824416775371354], [33.76404083905473, 17.824415668753268], [33.764039683492776, 17.824144528912534], [33.7648889280265, 17.824141206652133], [33.764891241739186, 17.824683486218348], [33.76460815939237, 17.824684594084374], [33.76460931585144, 17.824955733874052], [33.76376006740374, 17.82495905506592]]]}, "properties": {"zone_id": "scene_03-Z0057", "scene": "scene_03", "pixel_count": 10, "approx_area_m2": 9000.0, "centroid_x": 580995.0, "centroid_y": 1970940.0, "centroid_lon": 33.764324499017214, "centroid_lat": 17.824550131633735, "mean_risk": 2.2206521034240723, "max_risk": 2.5400614738464355, "median_risk": 2.171841621398926, "high_priority_pixel_pct": 100.0, "priority_category": "HIGH PRIORITY", "threshold_type": "95th percentile prioritisation threshold", "recommendation": "Spectral-stress evidence detected. Prioritise field inspection to determine the underlying cause. Field verification required.", "priority_rank": 107}}, {"type": "Feature", "geometry": {"type": "Polygon", "coordinates": [[[33.75215137832303, 17.824461793705947], [33.75214910317504, 17.823919512522224], [33.751016775140144, 17.823923867513873], [33.75101563930855, 17.823652726840074], [33.7512987209195, 17.82365163872477], [33.75129758468003, 17.823380498061027], [33.75242990921002, 17.82337614157061], [33.752428771278645, 17.823105000969864], [33.75356109377351, 17.823100637990567], [33.7535599541503, 17.82282949745293], [33.754409194525124, 17.822826220966906], [33.75441033543237, 17.823097361451445], [33.75412725489965, 17.82309845404112], [33.754128395399114, 17.823369594535784], [33.75384531441815, 17.82337068673318], [33.75384645450983, 17.823641827237957], [33.75328029163116, 17.823644010438223], [33.75328143088701, 17.82391515097079], [33.75271526707142, 17.823917332566477], [33.752716405491405, 17.82418847312681], [33.75243332312527, 17.82418956332734], [33.752434461137405, 17.824460703897753], [33.75215137832303, 17.824461793705947]]]}, "properties": {"zone_id": "scene_03-Z0058", "scene": "scene_03", "pixel_count": 31, "approx_area_m2": 27900.0, "centroid_x": 579752.9032258064, "centroid_y": 1970826.7741935484, "centroid_lon": 33.752599670812856, "centroid_lat": 17.82357228663293, "mean_risk": 1.932390809059143, "max_risk": 2.090479612350464, "median_risk": 1.9538686275482178, "high_priority_pixel_pct": 100.0, "priority_category": "HIGH PRIORITY", "threshold_type": "95th percentile prioritisation threshold", "recommendation": "Spectral-stress evidence detected. Prioritise field inspection to determine the underlying cause. Field verification required.", "priority_rank": 313}}, {"type": "Feature", "geometry": {"type": "Polygon", "coordinates": [[[33.74280851071263, 17.8242263861985], [33.74280738727412, 17.823955245023875], [33.74252430463386, 17.823956320857135], [33.74252318164332, 17.8236851796575], [33.74224009941116, 17.823686255063336], [33.742241221973664, 17.8239573962804], [33.741391973873625, 17.823960620090244], [33.74138861009814, 17.82314719625962], [33.741105528642414, 17.823148269990718], [33.741103287080925, 17.82260598736426], [33.74166944826043, 17.822603839561687], [33.741670569887255, 17.822874980843903], [33.74195365087517, 17.822873906310267], [33.74195589504455, 17.823416188817138], [33.74280514045691, 17.823412962651894], [33.74280401707819, 17.82314182145452], [33.74337017973074, 17.823139668662684], [33.7433724282202, 17.82368195098007], [33.7436555103726, 17.823680873934293], [33.74365663507529, 17.823952015064165], [33.744222800176296, 17.82394985970774], [33.74422392575502, 17.8242210007951], [33.74280851071263, 17.8242263861985]]]}, "properties": {"zone_id": "scene_03-Z0059", "scene": "scene_03", "pixel_count": 28, "approx_area_m2": 25200.0, "centroid_x": 578678.5714285715, "centroid_y": 1970821.0714285714, "centroid_lon": 33.74246199982757, "centroid_lat": 17.823559523146265, "mean_risk": 1.9674121141433716, "max_risk": 2.2322757244110107, "median_risk": 1.9420875310897827, "high_priority_pixel_pct": 100.0, "priority_category": "HIGH PRIORITY", "threshold_type": "95th percentile prioritisation threshold", "recommendation": "Spectral-stress evidence detected. Prioritise field inspection to determine the underlying cause. Field verification required.", "priority_rank": 277}}, {"type": "Feature", "geometry": {"type": "Polygon", "coordinates": [[[33.50189383585601, 17.823366715545383], [33.50189307680939, 17.823095561893943], [33.502176171076975, 17.82309483466455], [33.50217693055169, 17.8233659883042], [33.50189383585601, 17.823366715545383]]]}, "properties": {"zone_id": "scene_03-Z0060", "scene": "scene_03", "pixel_count": 19, "approx_area_m2": 17100.0, "centroid_x": 553119.4736842106, "centroid_y": 1970766.3157894737, "centroid_lon": 33.50127679419589, "centroid_lat": 17.823832118050195, "mean_risk": 2.0815560817718506, "max_risk": 2.3966429233551025, "median_risk": 2.0969529151916504, "high_priority_pixel_pct": 100.0, "priority_category": "HIGH PRIORITY", "threshold_type": "95th percentile prioritisation threshold", "recommendation": "Spectral-stress evidence detected. Prioritise field inspection to determine the underlying cause. Field verification required.", "priority_rank": 173}}, {"type": "Feature", "geometry": {"type": "Polygon", "coordinates": [[[33.735724751916784, 17.822626309701835], [33.735723639297895, 17.822355168047928], [33.73600671984614, 17.82235410215813], [33.736003380823945, 17.821540677202748], [33.736852618498276, 17.821537477229185], [33.736854847061224, 17.82207976043664], [33.737137927102424, 17.822078692924322], [33.73713904184155, 17.82234983449938], [33.736289800374635, 17.822353035858374], [33.73629091384954, 17.822624177477724], [33.735724751916784, 17.822626309701835]]]}, "properties": {"zone_id": "scene_03-Z0061", "scene": "scene_03", "pixel_count": 17, "approx_area_m2": 15300.0, "centroid_x": 578041.7647058824, "centroid_y": 1970685.8823529412, "centroid_lon": 33.736448025182085, "centroid_lat": 17.822360414559757, "mean_risk": 1.9068458080291748, "max_risk": 2.0293517112731934, "median_risk": 1.884568691253662, "high_priority_pixel_pct": 100.0, "priority_category": "HIGH PRIORITY", "threshold_type": "95th percentile prioritisation threshold", "recommendation": "Spectral-stress evidence detected. Prioritise field inspection to determine the underlying cause. Field verification required.", "priority_rank": 342}}, {"type": "Feature", "geometry": {"type": "Polygon", "coordinates": [[[33.73968788378427, 17.822611349696416], [33.73968676517335, 17.822340208284924], [33.73827136352048, 17.822345560281374], [33.73827024706939, 17.82207441877558], [33.73798716710734, 17.822075487927684], [33.73798828313045, 17.822346629450806], [33.737705202720605, 17.822347698210283], [33.73770297155018, 17.821805415121815], [33.73798605110404, 17.821804346396977], [33.73798493512054, 17.821533204858692], [33.73713569768352, 17.82153640975146], [33.73713458300374, 17.821265268153663], [33.73656842546942, 17.821267402664578], [33.73656619788103, 17.82072511937706], [33.73684927580215, 17.82072405236115], [33.736847047436925, 17.820181769077887], [33.7362808932867, 17.820183902630646], [33.736279779989616, 17.81991276094307], [33.73486439640811, 17.81991808756538], [33.734863285270414, 17.819646945783905], [33.735146361598254, 17.819645881296477], [33.735145250052355, 17.819374739524672], [33.735428325932546, 17.819373674644623], [33.73542721397846, 17.819102532882493], [33.73571028941102, 17.819101467609823], [33.735709177048754, 17.818830325857377], [33.73514302701973, 17.81883245595832], [33.735141915533006, 17.818561314163773], [33.7348588409168, 17.81856237858219], [33.73485995197562, 17.818833520393984], [33.7345768769118, 17.818834584419783], [33.73457576628088, 17.818563442590744], [33.73344346754014, 17.818567694526344], [33.73344235864048, 17.818296552620815], [33.73372543292731, 17.818295490268923], [33.73372321433126, 17.817753206469558], [33.73287399397902, 17.817756392192386], [33.732871778028894, 17.817214108259446], [33.733437923238625, 17.8172119849229], [33.733436814437354, 17.816940842979474], [33.73315374227018, 17.816941904835453], [33.73314820069817, 17.815586194918605], [33.73343127072619, 17.815585133148684], [33.73342683611147, 17.814500565147654], [33.73314376779462, 17.81450162684873], [33.733141551460875, 17.81395934276833], [33.732858483979896, 17.813960404025238], [33.73285737627028, 17.81368926195647], [33.73257430919741, 17.81369032278643], [33.73257873844273, 17.814774891084838], [33.7328618072267, 17.814773830186088], [33.73286291501496, 17.81504497222455], [33.732579845803194, 17.815046033140497], [33.73258095318332, 17.815317175188575], [33.73229788352411, 17.815318235711946], [33.73229899049608, 17.815589377769633], [33.732015920389415, 17.815590437900394], [33.73201813353667, 17.816132722027422], [33.73145199155314, 17.816134841128278], [33.73144867442862, 17.815321414823327], [33.73173174414675, 17.81532035552932], [33.73173063805003, 17.81504921342968], [33.732013707320725, 17.815048153743064], [33.73200706858601, 17.813421301089207], [33.73144093515825, 17.81342341984658], [33.731443146280235, 17.813965704163536], [33.731160078681405, 17.813966762961943], [33.73116228902633, 17.81450904728292], [33.73059615205873, 17.814511163719107], [33.730597256405055, 17.814782305902536], [33.730031118503476, 17.81478442073395], [33.73003222201382, 17.81505556294408], [33.72889994426451, 17.815059787758134], [33.72890214792152, 17.81560207229264], [33.728336007218275, 17.815604182309407], [33.728332704328906, 17.81479075539367], [33.728615773406894, 17.814789700641477], [33.728614672055066, 17.814518558338175], [33.728897740685724, 17.814517503193315], [33.72889663892567, 17.814246360899542], [33.72946277527275, 17.814244249414752], [33.72946498052355, 17.814786533926274], [33.7297480495233, 17.814785477534993], [33.72974694646034, 17.81451433530015], [33.73003001501272, 17.81451327851623], [33.7300233944795, 17.812886425050845], [33.73030646044576, 17.81288536795999], [33.730305356664374, 17.81261422570638], [33.7305884221833, 17.812613168222942], [33.73058731799379, 17.812342025978896], [33.73115344811738, 17.81233990981718], [33.731151238086305, 17.811797625374982], [33.73086817388973, 17.81179868362638], [33.730867069331325, 17.811527541376762], [33.731150133100186, 17.81152648314252], [33.731149028133686, 17.81125534090248], [33.73143209145525, 17.81125428227571], [33.73143430226326, 17.811796566713884], [33.73171736642059, 17.811795507643087], [33.731709625942194, 17.809897512097095], [33.731992687086155, 17.809896452736837], [33.73199047484228, 17.8093541682613], [33.731707414553604, 17.809355227587208], [33.731706308888754, 17.80908408532089], [33.73114018910781, 17.80908620270945], [33.73114571335187, 17.81044191413691], [33.730862651293734, 17.810442972302525], [33.73086596479251, 17.81125639911957], [33.73058290143173, 17.81125745692697], [33.73058621382387, 17.812070883727277], [33.730303149160385, 17.812071941176427], [33.730304252902584, 17.812343083445192], [33.72888892715283, 17.812348364630996], [33.72888672396516, 17.811806079914657], [33.72860365961194, 17.811807134888475], [33.72860145735788, 17.811264850107627], [33.72831839384052, 17.81126590463755], [33.728316192520005, 17.81072361979221], [33.72803312983847, 17.810724673878266], [33.728032029635195, 17.810453531427143], [33.7277489673618, 17.810454585086447], [33.72774676786917, 17.809912300127312], [33.727463706431564, 17.809913353342793], [33.72746040862197, 17.809099925796044], [33.7280265289118, 17.8090978190579], [33.728028729142565, 17.809640104028325], [33.728311790113466, 17.809639050010624], [33.728309589027425, 17.809096765074383], [33.72915876925703, 17.809093600666035], [33.72915766746044, 17.808822458237866], [33.730572965313684, 17.808817176116968], [33.73057186139856, 17.808546033766874], [33.731137979547476, 17.808543918085444], [33.73113687479673, 17.808272775762084], [33.73141993341417, 17.80827171732411], [33.731418828255435, 17.808000575010336], [33.728305187089795, 17.80801219511101], [33.728306287544896, 17.80828333761322], [33.72802322871213, 17.808284391545467], [33.72802432875916, 17.808555534057184], [33.72774126947925, 17.808556587596907], [33.72774236911819, 17.80882773011814], [33.72717624964457, 17.808829836002865], [33.72717515086087, 17.808558693447488], [33.72689209152242, 17.808559745758345], [33.72689099318585, 17.80828860317834], [33.72632487530567, 17.808290706537093], [33.726323777843795, 17.808019563915405], [33.72660683636603, 17.808018512457885], [33.72660464064555, 17.80747622722587], [33.72632158297851, 17.807477278649294], [33.72632048557509, 17.807206136004883], [33.72603742831615, 17.80720718700167], [33.726036331359786, 17.80693604433264], [33.72575327450894, 17.806937094902803], [33.725756564153706, 17.807750522938278], [33.72519044782812, 17.807752622952027], [33.72518825642249, 17.80721033753451], [33.724339084353744, 17.807213484381066], [33.724337989962834, 17.80694234160992], [33.72462104691095, 17.806941293087657], [33.724616667831384, 17.805856721995337], [33.72405055733617, 17.80585881849428], [33.72405165122182, 17.80612996131272], [33.723485539793835, 17.806132056207424], [33.72348444676327, 17.805860913355012], [33.72320139144771, 17.80586196017104], [33.7232002988641, 17.80559081729408], [33.72291724395668, 17.805591863683592], [33.72291615182, 17.805320720782092], [33.72263309732071, 17.805321766745088], [33.722630913960565, 17.80477948088544], [33.722347860296935, 17.804780526404983], [33.72234676907344, 17.804509383446845], [33.72206371581794, 17.804510428539913], [33.722060443546205, 17.803696999569226], [33.721777391553815, 17.803698044201937], [33.721776301262786, 17.80342690117962], [33.72149324967851, 17.8034279453859], [33.7215008791298, 17.805325946501657], [33.721783933706575, 17.805324902176825], [33.72178284329938, 17.80505375919994], [33.72206589742927, 17.805052714482514], [33.722069169991535, 17.80586614333962], [33.722352225384654, 17.80586509816181], [33.72235440804477, 17.806407383994802], [33.72207135179656, 17.806408429206506], [33.72207026088436, 17.80613728627685], [33.72150414918494, 17.806139375437688], [33.7215030591472, 17.805868232466587], [33.721220003696, 17.80586927641573], [33.72121782453366, 17.805326990416944], [33.72065171528337, 17.80532907701889], [33.72065062658626, 17.8050579339743], [33.72036757235964, 17.80505897664405], [33.72036539587845, 17.80451669049833], [33.72008234248753, 17.80451773272474], [33.72008125470342, 17.804246589623624], [33.71951514871864, 17.80424867281408], [33.71952058355717, 17.805604388412902], [33.71923752839823, 17.805605429478277], [33.71923644181946, 17.805334286356764], [33.71867033229879, 17.80533636722512], [33.71866924659437, 17.80506522406229], [33.71838619223263, 17.805066263865292], [33.7183818513177, 17.803981691070835], [33.71866490396941, 17.803980651335294], [33.71866381836137, 17.803709508134617], [33.718946870566306, 17.803708468006434], [33.71894361257542, 17.80289503840958], [33.718660561652904, 17.802896078487148], [33.718654048756434, 17.801269218987844], [33.718937097114335, 17.801268179011487], [33.71893926885757, 17.8018104655078], [33.719222318051024, 17.80180942508825], [33.719223404379, 17.802080568308174], [33.71950645398061, 17.80207952746228], [33.71950754075531, 17.80235067065775], [33.71979059076506, 17.80234962938551], [33.71979276522727, 17.802891915719957], [33.72035886689865, 17.80288983187946], [33.72035995501364, 17.803160975001536], [33.720926057462655, 17.803158889489286], [33.72092387954215, 17.80261660330522], [33.72035777880297, 17.80261868874982], [33.720356690726625, 17.80234754561261], [33.7200736407555, 17.80234858770379], [33.72007255312592, 17.802077444542107], [33.719789503562914, 17.802078486206927], [33.719787329216544, 17.80153619982705], [33.71950428048909, 17.80153724104863], [33.71950319377229, 17.801266097830446], [33.71922014545296, 17.80126713862569], [33.71921797293205, 17.800724852132852], [33.718934925448245, 17.8007258924849], [33.718932753859285, 17.800183605928027], [33.718366660543396, 17.800185685336366], [33.71836774547346, 17.80045682865232], [33.71808469835922, 17.80045786775922], [33.718085782881154, 17.80072901108446], [33.71836883042279, 17.8007279719607], [33.718372085386385, 17.801541401840435], [33.71808903656252, 17.801542441014757], [33.7180901211615, 17.801813584309716], [33.71780707189095, 17.80181462309144], [33.7178059877194, 17.80154347977963], [33.71723988997539, 17.80154555608103], [33.717243139983196, 17.80235898609478], [33.717526190147126, 17.8023579480983], [33.71752727394899, 17.802629091404242], [33.71724422335761, 17.802630129417558], [33.71724530675126, 17.80290127273277], [33.71667920465588, 17.802903347564627], [33.71667703959763, 17.802361060859333], [33.716393989376, 17.8023620976274], [33.716390743215115, 17.801548667462242], [33.715824645278836, 17.80155073966913], [33.7158257264584, 17.801821883098697], [33.71525962759047, 17.801823953701362], [33.71525854726576, 17.801552810238206], [33.714975498230444, 17.801553844908568], [33.71497441835234, 17.80128270142106], [33.71469136972526, 17.801283735665194], [33.7146892108814, 17.80074144863391], [33.714406163089976, 17.800742482435066], [33.7144050841242, 17.800471338891306], [33.71412203674102, 17.800472372266253], [33.71412095822179, 17.800201228698164], [33.71440400517759, 17.80020019533997], [33.714401847341854, 17.7996579082146], [33.71468489342373, 17.799656874480533], [33.71467841781229, 17.798030013023407], [33.7143953742945, 17.798031046656856], [33.714394295520336, 17.797759903037417], [33.713828209281914, 17.79776196904271], [33.71382497563823, 17.79694853803841], [33.714108017485096, 17.796947505290714], [33.714106939214865, 17.79667636162424], [33.71382389779529, 17.796677394355186], [33.7138228199715, 17.796406250664383], [33.71353977896006, 17.79640728296924], [33.71353331498287, 17.794780420565036], [33.71325027651585, 17.794781452360123], [33.71322981991555, 17.78962971929846], [33.7129467895455, 17.78963075036629], [33.71294571350067, 17.789359606428555], [33.71322874344364, 17.789358575377456], [33.71322766699087, 17.789087431448895], [33.713510696487624, 17.789086400005385], [33.713508542785306, 17.788544112159045], [33.7137915714088, 17.78854308033988], [33.71379372596525, 17.789085368152723], [33.71407675542374, 17.789084335890927], [33.71407567770886, 17.788813192005044], [33.714358706721136, 17.788812159350847], [33.71436086302417, 17.789354447081536], [33.71520995250845, 17.78935134656349], [33.71520779364296, 17.788809058933445], [33.71549082257856, 17.788808024642698], [33.71548866293567, 17.788265737015973], [33.71577169099796, 17.788264702349675], [33.71577061077824, 17.78799355854176], [33.7160536383943, 17.787992523483133], [33.71605255776674, 17.787721379684456], [33.71576953057773, 17.787722414726282], [33.71576737023426, 17.787180127072627], [33.716050396569216, 17.787179092064402], [33.71604931599926, 17.78690794824303], [33.71633234188799, 17.786906912842515], [33.71633017995166, 17.78636462521069], [33.71604715491694, 17.786365660577594], [33.716044993911424, 17.785823372881907], [33.71547894549236, 17.785825442321283], [33.71547786587236, 17.7855542984285], [33.71462879438082, 17.785557399469223], [33.71462663776019, 17.785015111560273], [33.71519268373252, 17.785013044675964], [33.71518836730563, 17.78392846890154], [33.714905346036836, 17.7839295024811], [33.71490211019878, 17.783116070520535], [33.71433607016522, 17.78311813635197], [33.71433499244468, 17.782846992316458], [33.71405197282606, 17.782848024601908], [33.71405089555157, 17.782576880542067], [33.71376787634071, 17.78257791240178], [33.71376679951225, 17.782306768317625], [33.71320076188691, 17.7823088307766], [33.71319968593135, 17.782037686651393], [33.71376572270294, 17.782035624225905], [33.71376356914171, 17.78149333601978], [33.71348055161923, 17.781494367403514], [33.713479475294186, 17.78122322327237], [33.71319645817943, 17.781224254230406], [33.71319107897532, 17.779868533377527], [33.71262504895682, 17.77987059389945], [33.71262289911627, 17.779328305438455], [33.71205687072859, 17.77933036425782], [33.712053648671805, 17.77851693140933], [33.7117706357297, 17.778517960155533], [33.71176956217573, 17.778246815840873], [33.71205257469106, 17.778245787111373], [33.71205042678683, 17.7777034984928], [33.71176741512503, 17.77770452718888], [33.71176634162831, 17.777433382851548], [33.711483330374186, 17.777434411122066], [33.71148118429147, 17.776892122391313], [33.71119817387175, 17.776893150219585], [33.71119495617091, 17.77607971701668], [33.7109119470123, 17.77608074438604], [33.71090765871822, 17.774996166609608], [33.712039688411075, 17.77499205494631], [33.71204076216275, 17.775263199334976], [33.71175775434146, 17.775264227880715], [33.711759901048694, 17.775806516668776], [33.712042909723365, 17.775805488089635], [33.71204398353231, 17.776076632455617], [33.712326992614614, 17.77607560345094], [33.71233128974818, 17.777160180772455], [33.71261430051828, 17.777159151292068], [33.712615375276165, 17.777430295586825], [33.712898386453915, 17.777429265680862], [33.71290053688051, 17.777971554214243], [33.713183548892665, 17.777970523865953], [33.71318570024925, 17.778512812335634], [33.713751725923274, 17.778510750345458], [33.71375387906349, 17.779053038717933], [33.71403689272538, 17.779052007076007], [33.71403904679575, 17.77959429538473], [33.7143220612921, 17.779593263300384], [33.714324216292674, 17.780135551545342], [33.7146072316235, 17.780134519018553], [33.714608309579354, 17.780405663112933], [33.71489132531785, 17.780404630160437], [33.714893482140695, 17.780946918292948], [33.71517649871371, 17.780945884897967], [33.71517865646693, 17.781488172966675], [33.71546167387448, 17.781487139129172], [33.71546275320672, 17.781758283135396], [33.71574577102196, 17.78175724887214], [33.71574685080025, 17.782028392854013], [33.71602986902317, 17.782027358164992], [33.71603959173364, 17.784467653510315], [33.71632261377955, 17.784466618261064], [33.716323694603666, 17.7847377621337], [33.716606717057324, 17.7847367264586], [33.716607798327594, 17.785007870306863], [33.716890821189, 17.785006834205902], [33.71688973949176, 17.784735690374468], [33.71745578430298, 17.784733616979068], [33.717451454290796, 17.783649041712312], [33.71716843360255, 17.7836500785472], [33.717165187576136, 17.78283664696722], [33.71688216814939, 17.78283768334261], [33.71688108660594, 17.782566539450666], [33.716598067586865, 17.782567575400247], [33.716592662292285, 17.78121185574298], [33.716309645388364, 17.781212891199512], [33.716308564813936, 17.780941747228564], [33.715742531802206, 17.78094381688116], [33.71573713348642, 17.779588096744952], [33.715454119085905, 17.779589130873866], [33.715451960747515, 17.77904684273287], [33.715168947181425, 17.7790478764193], [33.715167868467795, 17.778776732320676], [33.71460184213167, 17.778778798433276], [33.71460076429078, 17.778507654293538], [33.71431775152077, 17.778508686719736], [33.714316674125804, 17.778237542555672], [33.71403366176341, 17.77823857455622], [33.71403150788448, 17.777696286171896], [33.713748496356466, 17.777697317730052], [33.71374741987247, 17.777426173509802], [33.71346440875208, 17.777427204642347], [33.713463332713964, 17.777156060397786], [33.71374634340761, 17.777155029281985], [33.71374526696188, 17.776883885046605], [33.71402827720966, 17.7768828535387], [33.71402720035633, 17.776611709312515], [33.71431021015823, 17.77661067741252], [33.71430805565557, 17.776068388970987], [33.71402504670711, 17.776069420837466], [33.714026123522146, 17.776340565078772], [33.71317709528179, 17.776343658275472], [33.71317494423112, 17.77580136968483], [33.71260892701546, 17.775803429704872], [33.712607852372194, 17.77553228536476], [33.7123248441624, 17.77553331474483], [33.7123183992641, 17.77390644844508], [33.711752387907325, 17.77390850577827], [33.711751314677734, 17.77363736133511], [33.711468309397375, 17.77363838937184], [33.71147152786341, 17.77445182272875], [33.711188521284, 17.774452850406792], [33.711186376474224, 17.77391056147636], [33.71090337072907, 17.773911588712238], [33.71090122684885, 17.773369299718194], [33.7111842317407, 17.773368272515686], [33.711183159402545, 17.77309712802402], [33.71203217268382, 17.773094044014005], [33.71203324630188, 17.773365188455585], [33.71231625111743, 17.773364159618023], [33.71231195505324, 17.77227958187322], [33.712594958143214, 17.772278552693777], [33.712593883748305, 17.772007408255398], [33.71287688639258, 17.772006378683937], [33.71287581159017, 17.771735234254724], [33.71400782026972, 17.771731111948558], [33.7140088967785, 17.772002256310806], [33.71429189932715, 17.772001224695707], [33.714294053255344, 17.772543513364006], [33.71486006000161, 17.77254144884054], [33.714857904367, 17.771999160239314], [33.71514090685819, 17.771998127398025], [33.71513982864303, 17.771726983102848], [33.71542283068845, 17.771725949869616], [33.7154239093302, 17.771997094148006], [33.715989914216685, 17.771995026421795], [33.71599099373081, 17.772266170659037], [33.71570799087056, 17.772267204743308], [33.715710149103174, 17.772809493228706], [33.715993152816644, 17.77280845911084], [33.71599207326413, 17.77253731488872], [33.716275076531794, 17.772536280378908], [33.71627615651093, 17.77280742458423], [33.71655916018601, 17.772806389648874], [33.71656132105512, 17.773348678003213], [33.71684432556424, 17.77334764262547], [33.716846487363476, 17.77388993091595], [33.71712949270666, 17.773888895095794], [33.71713057406176, 17.774160039212862], [33.71741357981238, 17.774159002967107], [33.71741249803063, 17.77388785886687], [33.717695503335364, 17.773886822229173], [33.71769658554376, 17.774157966312572], [33.71797959125591, 17.77415692924925], [33.71798175658376, 17.77469921735969], [33.717698750018286, 17.774700254456697], [33.71769983228441, 17.77497139851742], [33.71939787394844, 17.774965169702316], [33.71939895879389, 17.775236313654315], [33.71883294412957, 17.77523839159496], [33.71883402814094, 17.775509535573146], [33.71855102035318, 17.775510573947127], [33.718552103957116, 17.775781717934617], [33.718835112171575, 17.775780679543768], [33.71883728029065, 17.776322967462338], [33.71996931636935, 17.77631880967571], [33.71997040216468, 17.776589953556133], [33.71968739274721, 17.77659099363293], [33.71968847813511, 17.776862137522674], [33.71940546827163, 17.77686317720752], [33.719406553252085, 17.77713432110659], [33.71912354294258, 17.777135360399466], [33.71912462751559, 17.77740650430785], [33.71997365966646, 17.77740338515202], [33.71997257381322, 17.777132241294282], [33.72053859429716, 17.777130159846568], [33.72053968100388, 17.7774013036705], [33.72082269164361, 17.77740026231646], [33.72082486596851, 17.777942549907806], [33.72054185447526, 17.777943591295674], [33.720542941239934, 17.77821473509692], [33.72082595315994, 17.778213693692138], [33.72082812760078, 17.778755981238124], [33.72111114035501, 17.77875493939063], [33.72111331572674, 17.77929722687253], [33.72167934288437, 17.779295141883146], [33.7216673699082, 17.776312560730815], [33.721950378763665, 17.77631151780909], [33.72194929000066, 17.776040374039546], [33.722515306800105, 17.77603828700349], [33.722518575707504, 17.776851718187775], [33.72280158535833, 17.77685067400564], [33.72280376558025, 17.777392961390106], [33.72223774455228, 17.777395049413354], [33.7222388338388, 17.777666193128145], [33.72252184478923, 17.777665149304006], [33.7225240242739, 17.778207436677015], [33.72280703605847, 17.77820639241009], [33.72281139696739, 17.779290966997536], [33.722528383475684, 17.77929201133229], [33.722529473324556, 17.779563154977208], [33.72281248724307, 17.77956211062549], [33.72281357753812, 17.779833254245883], [33.72337960617061, 17.779831164281777], [33.723382879733, 17.78064459499577], [33.722533832913776, 17.780647729481238], [33.72253601282461, 17.781190016687876], [33.72281902930409, 17.781188972234407], [33.72282011971542, 17.781460115809427], [33.72338615346994, 17.781458025641697], [33.72339051872407, 17.782542599730384], [33.72480561130827, 17.782537366814477], [33.72480342437361, 17.781995079955188], [33.72452040674937, 17.78199612732232], [33.72451931373806, 17.78172498386432], [33.724236296521255, 17.78172603080549], [33.72423520395623, 17.78145488732293], [33.72480123751669, 17.781452793065633], [33.72480233093543, 17.78172393651419], [33.725085348113375, 17.781722888755095], [33.72508753586291, 17.782265175595498], [33.72537055387516, 17.782264127393404], [33.725373836925954, 17.78307755754621], [33.72593987545344, 17.78307545981292], [33.72593768502589, 17.782533173120065], [33.72565466662566, 17.78253422215714], [33.7256480983713, 17.78090736179483], [33.725365082512816, 17.780908410320777], [33.72535851751977, 17.77928154958404], [33.72564153081735, 17.779280501160247], [33.72564043629311, 17.779009357694676], [33.72535742342233, 17.77901040610145], [33.72535414124669, 17.778196975608285], [33.725637152837145, 17.77819592725259], [33.72563824730301, 17.778467070740845], [33.725921259300776, 17.778466021959247], [33.72592235421288, 17.77873716542291], [33.726205366617954, 17.778736116215388], [33.72620755735413, 17.779278403085954], [33.72649057059331, 17.779277353435447], [33.72649495400653, 17.780361927017637], [33.72677796893349, 17.780360876890036], [33.72678235436573, 17.781445450282995], [33.72649933773141, 17.78144650047881], [33.72650152971072, 17.781988787164014], [33.72678454719877, 17.781987736934095], [33.72678564364451, 17.782258880248303], [33.727351679415904, 17.78225677852743], [33.727352776734904, 17.782527921799947], [33.72763579501823, 17.782526870308978], [33.72763908837294, 17.78334030002992], [33.72792210791745, 17.783339248078732], [33.72792430443864, 17.78388153448738], [33.72820732481747, 17.78388048209303], [33.72821281859672, 17.785236197896836], [33.728495841090734, 17.785235145008002], [33.728502436832116, 17.786862003620353], [33.72878546186851, 17.786860950219875], [33.72878656165412, 17.787132093278355], [33.72850353619071, 17.787133146695933], [33.72850463556885, 17.78740428976394], [33.72822160965888, 17.78740534278952], [33.728222708629524, 17.787676485867053], [33.72850573496651, 17.787675432824383], [33.728513431297166, 17.789573434035628], [33.728796460604016, 17.789572380464158], [33.72879866058564, 17.790114666422213], [33.72936472084907, 17.790112557983374], [33.7293658217234, 17.790383700916827], [33.72964885225288, 17.790382646066536], [33.72965435905354, 17.7917383605347], [33.73022042432504, 17.791736249435296], [33.7302193220715, 17.791465106591062], [33.73050235425074, 17.79146405044469], [33.7305045596317, 17.792006336091323], [33.73078759264564, 17.792005279501453], [33.73078869579266, 17.79227642229627], [33.73050566235156, 17.792277478903276], [33.73050676509102, 17.79254862170767], [33.730223731203175, 17.7925496779226], [33.730227038257546, 17.79336310634179], [33.73079310857671, 17.793360993399837], [33.730794211821724, 17.793632136156806], [33.73136028291689, 17.793630021543564], [33.731356970677545, 17.79281659335289], [33.731640004914155, 17.79281553548389], [33.731641109401494, 17.793086678204514], [33.731924144045664, 17.79308561990911], [33.731926353933595, 17.793627905293313], [33.731643318435054, 17.793628963623064], [33.73164552754709, 17.794171249011328], [33.73192856390004, 17.79417019064723], [33.731929668912706, 17.794441333312836], [33.73221270567324, 17.794440274522294], [33.73221381113276, 17.79471141716315], [33.732496848300876, 17.79471035794614], [33.73249906013329, 17.79525264317078], [33.73306513611952, 17.79525052344015], [33.73306734973951, 17.79579280856571], [33.73278431090172, 17.795793868670074], [33.73278541731395, 17.7960650112387], [33.733068456579, 17.796063951117137], [33.73307067031695, 17.79660623619728], [33.73335371041688, 17.796605175631992], [33.73335481774262, 17.796876318143493], [33.73363785825016, 17.79687525715167], [33.73364007381525, 17.79741754211755], [33.73335703245313, 17.797418603143797], [33.73335813983788, 17.797689745632592], [33.73279205620001, 17.797691866491473], [33.73279094966987, 17.797420723968273], [33.73250790824875, 17.79742178376649], [33.73250901435159, 17.79769292630689], [33.73194293059583, 17.797695044709673], [33.731945141151165, 17.79823732983649], [33.732511226616204, 17.798235211364975], [33.732510120474075, 17.797964068839722], [33.73307620500589, 17.79796194876514], [33.733077312002656, 17.798233091256], [33.733360354666395, 17.798232030587474], [33.733359247242305, 17.797960888113813], [33.73392533165612, 17.797958765583093], [33.73392754823327, 17.798501050453957], [33.73449363427765, 17.798498926216883], [33.73449030687753, 17.797685499002615], [33.73505639027919, 17.797683373231525], [33.735057500247486, 17.797954515609366], [33.735340542346066, 17.79795345209254], [33.73534276319645, 17.798495736790997], [33.73562580612994, 17.798494672830294], [33.73562469526756, 17.798223530502113], [33.735907737754005, 17.798222466149305], [33.73590662648404, 17.797951323830816], [33.736189668523416, 17.797950259085923], [33.736188556845875, 17.797679116777136], [33.73675464001078, 17.79767698609385], [33.73675352749838, 17.797405843812065], [33.737036568623886, 17.797404777873687], [33.737035455703946, 17.797133635601625], [33.73731849638239, 17.797132569271202], [33.737317383054936, 17.79686142700887], [33.73760042328632, 17.796860360286423], [33.737598195836156, 17.796318075773655], [33.73731515645933, 17.796319142461485], [33.73731404319119, 17.79604800017644], [33.73703100422185, 17.796049066437654], [33.7370287785994, 17.795506781810243], [33.737877892884576, 17.7955035819025], [33.737881235193214, 17.796317008676503], [33.73844731384794, 17.79631487325426], [33.73844619887074, 17.796043731038477], [33.739578354233416, 17.79603945535158], [33.739577237567, 17.7957683131976], [33.74070939090329, 17.795764031031247], [33.74071050927874, 17.796035173115747], [33.74099354799042, 17.79603410153352], [33.740994666812995, 17.79630524359306], [33.74156074503127, 17.79630309916589], [33.741561864728254, 17.79657424118307], [33.74212794372151, 17.796572095083825], [33.74212906429295, 17.796843237058606], [33.741846024378994, 17.796844310330307], [33.741847144543044, 17.79711545231493], [33.74241322520563, 17.79711330532738], [33.742415467302614, 17.797655589204243], [33.74213242612668, 17.79765666293753], [33.74213354677773, 17.79792780488203], [33.7426996299643, 17.79792565697126], [33.74269850845864, 17.79765451506162], [33.74298154959474, 17.797653440509638], [33.74297930578857, 17.797111156702485], [33.74326234605015, 17.797110081776044], [33.74326122374968, 17.79683893987855], [33.74354426356403, 17.796837864560217], [33.74354314085621, 17.7965667226726], [33.743260101469126, 17.796567797973488], [33.74325897920851, 17.796296656060846], [33.743542018168334, 17.796295580777404], [33.74354089550039, 17.79602443887464], [33.743823934013, 17.796023363199346], [33.74382281093775, 17.795752221306458], [33.744105849003155, 17.795751145239315], [33.7441047255206, 17.795480003356317], [33.74438776313881, 17.79547892689734], [33.74438663924897, 17.795207785024235], [33.74466967641998, 17.79520670817343], [33.74466855212288, 17.794935566310233], [33.74495158884668, 17.79493448906763], [33.74495046414233, 17.79466334721433], [33.74551653667554, 17.794661191536257], [33.74551878781314, 17.795203475165323], [33.745235750702065, 17.795204553243977], [33.74523687587362, 17.795475695064642], [33.744953838315325, 17.795476772751503], [33.74495608786389, 17.796019056405086], [33.744673049431114, 17.796020133717608], [33.74467529820507, 17.796562417375867], [33.7443922588978, 17.79656349431403], [33.744394506897066, 17.797105777976935], [33.744677547058906, 17.797104701003832], [33.744676422622, 17.79683355919363], [33.74495946233658, 17.796832481828666], [33.74495833749237, 17.796561340028383], [33.74552441600704, 17.79655918410546], [33.745526667424556, 17.797101467628504], [33.74524362732266, 17.79710254582961], [33.745244752634115, 17.79737368759726], [33.744395630926654, 17.79737691979703], [33.744400127244646, 17.79846148700168], [33.74411708492631, 17.79846256365279], [33.744118208628386, 17.798733705452488], [33.74355212307718, 17.79873585756152], [33.74354987740229, 17.798193573884735], [33.74326683545142, 17.798194649290295], [33.74327132517164, 17.79927921668337], [33.742988281491506, 17.799280291749334], [33.74299164770891, 17.800093717266954], [33.742708602726765, 17.80009479197583], [33.74271196784137, 17.80090821747758], [33.74242892155715, 17.800909291829335], [33.74243116421168, 17.801451575494152], [33.74214811705274, 17.801452649471326], [33.7421503589321, 17.801994933140687], [33.74186731089841, 17.801996006743245], [33.74186843144052, 17.80226714858398], [33.74243452834284, 17.802265000934575], [33.74243340694587, 17.80199385912868], [33.74299950291368, 17.80199170987629], [33.74299725846982, 17.8014494263115], [33.743280305568994, 17.801448351106007], [33.743281428208384, 17.801719492874756], [33.74356447571504, 17.80171841724238], [33.74357121453465, 17.803345267591105], [33.743854264586005, 17.803344191444562], [33.743857635547485, 17.804157616464302], [33.74357458421371, 17.804158692663208], [33.74357570747995, 17.804429834338762], [33.744424862703895, 17.80442660446114], [33.74442598727257, 17.804697746076727], [33.74470903940146, 17.80469666861435], [33.74471128945374, 17.805238951787864], [33.74499434241767, 17.805237873881], [33.744996593404906, 17.805780156989247], [33.745279647203894, 17.805779078637883], [33.74528302511726, 17.806592503190966], [33.74499997003564, 17.806593581594793], [33.74500222122273, 17.80713586462727], [33.74443610928931, 17.807138020276142], [33.74443723405768, 17.80740916181597], [33.74415417763344, 17.807410239043506], [33.7441519289718, 17.806867955921334], [33.74358581777372, 17.80687010907782], [33.74358132411036, 17.805785542602884], [33.74329827019158, 17.80578661849698], [33.74329602433463, 17.80524433517916], [33.74301297125096, 17.80524541062882], [33.74301409374195, 17.805516552308962], [33.74273104021083, 17.80551762736652], [33.74273216229422, 17.805788769056527], [33.74216605431716, 17.80579091797788], [33.74217053942957, 17.806875484801512], [33.7416044279525, 17.806877632223983], [33.74160106665364, 17.80606420701315], [33.7410349576623, 17.806066352692937], [33.74103047962919, 17.804981785499923], [33.7413135324247, 17.80498071293438], [33.741312412538605, 17.80470957113459], [33.74159546488673, 17.80470849817692], [33.7415932243192, 17.804166214589408], [33.741310172826076, 17.804167287512268], [33.74130905299964, 17.803896145689745], [33.7407429508087, 17.803898290272162], [33.74074406978017, 17.804169432129463], [33.74046101822741, 17.8041705038238], [33.74046213679126, 17.804441645690915], [33.740179084791144, 17.804442716993123], [33.74018020294735, 17.804713858870034], [33.739897150499885, 17.804714929780094], [33.739899386016845, 17.80525721354593], [33.73961633269451, 17.80525828408119], [33.739617450055235, 17.80552942597011], [33.739334396285535, 17.805530496113196], [33.739336630211454, 17.806072779903012], [33.738770520902435, 17.80607491902994], [33.738771637040045, 17.80634606094818], [33.73848858192825, 17.80634712991464], [33.73849081340782, 17.806889413763066], [33.738207757421115, 17.80689048235463], [33.73820998812478, 17.807432766207402], [33.73849304496663, 17.80743169758118], [33.73849416077575, 17.807702839478875], [33.73934333246518, 17.80769963109066], [33.739341098301274, 17.80715734739175], [33.73905804194644, 17.807158417229385], [33.73905692532181, 17.806887275351215], [33.73933998124907, 17.806886205530926], [33.7393388642167, 17.806615063662534], [33.74047108601708, 17.80661078035511], [33.74047332352217, 17.8071530639454], [33.74019026724672, 17.807154135421364], [33.7401925039761, 17.8076964190161], [33.73962638965533, 17.807698560808735], [33.73962750719462, 17.807969702629475], [33.73934444957688, 17.80797077292876], [33.73934556670842, 17.808241914759275], [33.73877945055825, 17.80824405416373], [33.73878056685441, 17.808515196021357], [33.73849750832198, 17.80851626512651], [33.73850420394933, 17.810143116217223], [33.738787265047556, 17.810142047008057], [33.73878838148245, 17.810413188812653], [33.738505319956566, 17.810414258039156], [33.738506435983616, 17.81068539985352], [33.737940312017095, 17.81068753711219], [33.737941427208604, 17.81095867895362], [33.73765836476797, 17.810959746985773], [33.73765947955159, 17.811230888836953], [33.73737641666348, 17.81123195647674], [33.7373775310392, 17.81150309833764], [33.73709446770362, 17.811504165585053], [33.737097809666366, 17.812317591174214], [33.73738087428506, 17.812316523874905], [33.73738198873991, 17.8125876657055], [33.73766505376655, 17.812586597979163], [33.737666168668916, 17.81285773978487], [33.73794923410348, 17.812856671631508], [33.73795034945337, 17.813127813412326], [33.73823341529588, 17.813126744831916], [33.73823676274759, 17.813940170076926], [33.738519829853544, 17.813939101034798], [33.738524295110885, 17.815023667852746], [33.73824122629382, 17.815024736964197], [33.7382423422299, 17.81529587866706], [33.73795927296523, 17.815296947386063], [33.73795815745695, 17.815025805665865], [33.73767508860028, 17.81502687395777], [33.737679549040955, 17.816111440862343], [33.73739647845327, 17.816112508813706], [33.73739536374123, 17.815841367081624], [33.73711229356157, 17.815842434605884], [33.73711452214979, 17.816384718097094], [33.73768066420061, 17.81638258256954], [33.73768177938005, 17.816653724269155], [33.737964850803614, 17.816652655873355], [33.73796596643069, 17.816923797548075], [33.73768289457929, 17.816924865961195], [33.73768847087236, 17.81828057430771], [33.737405396861824, 17.818281642397565], [33.737406511751935, 17.818552784061442], [33.73768958619035, 17.818551715954275], [33.737691816885715, 17.81909399922466], [33.73825796741473, 17.819091861711467], [33.738256851201356, 17.8188207201147], [33.73853992600825, 17.818819650760627], [33.73853880938678, 17.818548509173613], [33.73882188374597, 17.818547439427007], [33.73881964970671, 17.818005156264924], [33.73853657620329, 17.818006225976852], [33.73853322657667, 17.817192801124857], [33.7388162987965, 17.81719173146494], [33.73881853271682, 17.817734014672503], [33.73938467880845, 17.8177318740538], [33.73938244317668, 17.81718959091562], [33.73966551533702, 17.817188520026225], [33.73966663357084, 17.81745966158174], [33.73994970613919, 17.817458590265154], [33.73995082482072, 17.81772973179573], [33.740516970753575, 17.8177275878983], [33.74052032948455, 17.81854101234031], [33.740237255244416, 17.818542084546078], [33.740236136075445, 17.818270943055605], [33.73938691451956, 17.818274157161653], [33.739388032404875, 17.818545298704215], [33.73910495808534, 17.81854636927054], [33.7391060755626, 17.818817510822868], [33.739389150310025, 17.818816440239193], [33.73939026823502, 17.819087581766592], [33.73910719305969, 17.819088652367622], [33.739109428113366, 17.819630935434386], [33.73967558015585, 17.819628793753036], [33.73967669856828, 17.819899935240343], [33.74024285138722, 17.819897791884713], [33.74024173211894, 17.81962665043215], [33.74052480807069, 17.819625578156874], [33.7405259277669, 17.81989671959206], [33.7408090041267, 17.819895646889513], [33.740810124270716, 17.82016678829974], [33.740243970675365, 17.820168933329697], [33.74024732865899, 17.820982357619165], [33.740530406750445, 17.820981285257005], [33.740531526546, 17.82125242665429], [33.74081460504554, 17.82125135386482], [33.74081908613842, 17.82233591930861], [33.740536005926955, 17.82233699216762], [33.740537125821874, 17.822608133527], [33.73968788378427, 17.822611349696416]], [[33.73883417237933, 17.821529996276524], [33.73911725142595, 17.821528925929268], [33.73911613375037, 17.82125778445274], [33.7393992123492, 17.821256713712902], [33.73939809426548, 17.820985572246144], [33.73883193790393, 17.8209877132812], [33.73883417237933, 17.821529996276524]], [[33.73798270321294, 17.820990921759375], [33.738265781463085, 17.82098985267657], [33.7382635487788, 17.820447569581585], [33.73798047138455, 17.820448638629742], [33.73798270321294, 17.820990921759375]], [[33.73712678079906, 17.81936727675681], [33.73740985654097, 17.819366209007587], [33.7374087415915, 17.819095067366447], [33.73712566627751, 17.819096135098366], [33.73712678079906, 17.81936727675681]], [[33.736545039734104, 17.815573426633478], [33.736828109525504, 17.815572359946092], [33.73682588191155, 17.81503007637483], [33.736542812975756, 17.815031143027632], [33.736545039734104, 17.815573426633478]], [[33.73739201972382, 17.815027941839897], [33.73767508860028, 17.81502687395777], [33.73767285849869, 17.81448459046001], [33.73795592649979, 17.814483522202746], [33.73795481105091, 17.81421238045981], [33.737671743477584, 17.814213448699764], [33.73766951349474, 17.813671165156542], [33.73738644675715, 17.81367223295212], [33.73738756131092, 17.813943374744827], [33.73710449412578, 17.813944442147967], [33.737106722437126, 17.81448672574526], [33.7373897904778, 17.814485658307518], [33.73739201972382, 17.815027941839897]], [[33.7359644386974, 17.812050714349787], [33.73624750296744, 17.81204964870658], [33.73624639026298, 17.81177850679165], [33.735963326420645, 17.81177957241759], [33.7359644386974, 17.812050714349787]], [[33.736529454085556, 17.811777440756025], [33.736812517888374, 17.811776374310707], [33.736811404348266, 17.811505232422775], [33.736528340973145, 17.811506298850805], [33.736529454085556, 17.811777440756025]], [[33.73482996030773, 17.81151268881554], [33.735396087275134, 17.81151056046605], [33.73539497589325, 17.811239418484167], [33.73482884978122, 17.811241546799153], [33.73482996030773, 17.81151268881554]], [[33.73737307365501, 17.81041853084855], [33.73765613526009, 17.8104174632607], [33.73765502053583, 17.810146321386796], [33.73737195935841, 17.810147388957347], [33.73737307365501, 17.81041853084855]], [[33.73680583694423, 17.810149522869477], [33.737088898161204, 17.810148456118238], [33.737087784312045, 17.80987731420215], [33.736804723522724, 17.809878380936098], [33.73680583694423, 17.810149522869477]], [[33.73765502053583, 17.810146321386796], [33.737938081693464, 17.810145253406596], [33.73793696656135, 17.80987411154243], [33.73765390583137, 17.80987517950532], [33.73765502053583, 17.810146321386796]], [[33.73793696656135, 17.80987411154243], [33.73822002727154, 17.8098730431699], [33.73821779621141, 17.809330759453484], [33.73793473635651, 17.809331827791368], [33.73793696656135, 17.80987411154243]], [[33.73170299201198, 17.80827065847652], [33.731986050590166, 17.808269599219326], [33.73198494457623, 17.80799845693989], [33.732834118910134, 17.80799527676221], [33.73283522620687, 17.808266418990073], [33.733401343186394, 17.808264296789186], [33.73340023503445, 17.80799315459574], [33.73453246704694, 17.80798890534755], [33.7345313572043, 17.807717763215425], [33.734248299658304, 17.80771882612464], [33.73424719026295, 17.80744768396771], [33.73368107596706, 17.807449808522897], [33.73368218450724, 17.80772095071428], [33.73226689628529, 17.80772625502044], [33.73226578988303, 17.807455112743053], [33.731699675311866, 17.807457231563976], [33.73170299201198, 17.80827065847652]], [[33.72801882871932, 17.807199821422852], [33.728301885841724, 17.807198767558962], [33.728298584769476, 17.806385339938746], [33.72858164058964, 17.806384285716558], [33.7285783384106, 17.805570858079466], [33.72829528387307, 17.805571912250365], [33.72829638415234, 17.805843054820734], [33.72801332916773, 17.80584410859917], [33.728014429038986, 17.80611525117905], [33.727448318156114, 17.806117357541435], [33.72745161532172, 17.80693078533812], [33.72801772876994, 17.80692867887326], [33.72801882871932, 17.807199821422852]], [[33.73141551289697, 17.80718714802356], [33.73169856978441, 17.807186089244652], [33.73169635878841, 17.806643804583263], [33.731979414801096, 17.80664274542912], [33.731977203028485, 17.806100460771795], [33.731694147870904, 17.806101519891584], [33.73169193703191, 17.805559235169607], [33.73197499133442, 17.805558176084173], [33.731972779718895, 17.805015891366256], [33.73140667280434, 17.80501800905889], [33.73141551289697, 17.80718714802356]], [[33.73395969745067, 17.80636417767771], [33.73424275287851, 17.806363115264237], [33.73424053430446, 17.805820830867052], [33.733957479731714, 17.80582189324607], [33.73395969745067, 17.80636417767771]], [[33.733391370527166, 17.80582401677545], [33.733957479731714, 17.80582189324607], [33.73395526209151, 17.80527960878413], [33.7342383158092, 17.80527854643957], [33.73423720659111, 17.805007404214468], [33.73395415330094, 17.8050084665418], [33.73394971833553, 17.803923897496745], [33.73366666673567, 17.803924959345654], [33.733667775019995, 17.8041961016355], [33.733384722972964, 17.804197163092123], [33.73338361511612, 17.803926020785056], [33.7331005634769, 17.80392708181496], [33.73310167090626, 17.804198224139235], [33.732535566713864, 17.80420034500493], [33.73253888655491, 17.80501377203549], [33.73282193994345, 17.805012711755815], [33.73282304702395, 17.805283854066992], [33.73310610082034, 17.80528279336058], [33.733107208348024, 17.805553935646987], [33.73339026255228, 17.80555287451383], [33.733391370527166, 17.80582401677545]], [[33.73622191576179, 17.80581338274656], [33.73650497017676, 17.80581231709115], [33.73650385749902, 17.805541175019265], [33.7367869114667, 17.805540108971595], [33.73678468531546, 17.80499782483969], [33.73735079148145, 17.804995691584917], [33.73734744983781, 17.80418226543403], [33.737630501608635, 17.804181198244276], [33.737628273090145, 17.803638914140432], [33.73791132398622, 17.8036378465758], [33.73790909469194, 17.803095562476294], [33.738475194714844, 17.803093426187843], [33.738472963789924, 17.80255114212733], [33.73818991464328, 17.802552210441643], [33.73818879963797, 17.802281068382708], [33.738471848357186, 17.80228000008572], [33.73847073294424, 17.802008858036533], [33.73875378121622, 17.802007789347424], [33.73875266539566, 17.801736647308005], [33.739035713220396, 17.801735578226776], [33.73903906202379, 17.80254900427031], [33.73875601291677, 17.802550073403555], [33.7387638244929, 17.80444806736144], [33.73848077237377, 17.804449136206564], [33.73848188796499, 17.804720278187585], [33.73791578281231, 17.804722414683937], [33.73791801234412, 17.805264698692554], [33.73763495888306, 17.805265766361074], [33.73763607325113, 17.805536908371337], [33.738202181008496, 17.80553477259012], [33.738201065785375, 17.805263630614494], [33.73848411920684, 17.805262562126906], [33.73848300357601, 17.80499142016103], [33.73876605655014, 17.80499035128124], [33.738764940511615, 17.80471920932513], [33.739047993038426, 17.804718140053154], [33.73904576016582, 17.804175856152888], [33.73932881181782, 17.80417478650609], [33.73932657816955, 17.80363250261022], [33.73960962894676, 17.80363143258862], [33.7396085117249, 17.803360290646683], [33.739891562054794, 17.80335922023295], [33.73989044442531, 17.803088078300796], [33.74017349430791, 17.803087007494945], [33.74017237627082, 17.802815865572583], [33.7404554257061, 17.80281479437463], [33.74045430726142, 17.802543652462067], [33.7407373562494, 17.802542580872014], [33.74073623739714, 17.802271438969267], [33.74101928593781, 17.802270366987134], [33.74101816667799, 17.80199922509419], [33.74130121477135, 17.801998152719992], [33.74130009510399, 17.80172701083688], [33.741583142750045, 17.801725938070636], [33.741582022675146, 17.801454796197344], [33.741865069873896, 17.801453723039057], [33.741861708486354, 17.80064029742596], [33.742144754383006, 17.800639223910473], [33.74214027110204, 17.799554656389965], [33.74242331526929, 17.799553582534745], [33.74241995173552, 17.79874015686711], [33.741570823020176, 17.798743377047888], [33.74157194289617, 17.799014518996913], [33.7410058561318, 17.79901666377202], [33.74100473711049, 17.7987455217882], [33.740438651121295, 17.798747664891017], [33.74044759701044, 17.800916800827665], [33.74016455056712, 17.800917871904005], [33.74016566846524, 17.80118901387938], [33.73988262157466, 17.80119008456366], [33.73988373906522, 17.801461226548824], [33.739317644369734, 17.801463366723798], [33.739314294522, 17.80064994064142], [33.73903124842671, 17.8006510100627], [33.739025667880604, 17.799295299687202], [33.739308711839044, 17.799294230352665], [33.73930536246722, 17.79848080408854], [33.73873927709457, 17.798482942244174], [33.73874039267735, 17.79875408437448], [33.73760821998501, 17.79875835584262], [33.73760933387825, 17.79902949803465], [33.73704324655866, 17.799031631347066], [33.737044359616974, 17.799302773566126], [33.736761315500175, 17.799303839625562], [33.73676242815091, 17.79957498185435], [33.736479383586996, 17.799576047521676], [33.73648272037563, 17.800389474214455], [33.735916628624324, 17.800391604424597], [33.73591774007193, 17.800662746674934], [33.73535164738689, 17.80066487528194], [33.73535275799945, 17.80093601755923], [33.73478666438073, 17.80093814456304], [33.73478777415821, 17.801209286867266], [33.73450472689186, 17.801210349772276], [33.73450250821142, 17.800668065121773], [33.734219461780185, 17.80066912758287], [33.73422057068316, 17.800940269929143], [33.73393752380484, 17.800941331998043], [33.73393974081506, 17.80148361670233], [33.73365669306224, 17.801484678396246], [33.73365890929636, 17.802026963104673], [33.733375860669014, 17.802028024423578], [33.73337696838816, 17.802299166783648], [33.734226115493456, 17.80229598154691], [33.734223897510255, 17.80175369692252], [33.73450694565113, 17.801752634392486], [33.73450583626164, 17.801481492086168], [33.73507193162942, 17.801479365832233], [33.73507415213777, 17.802021650368314], [33.734791103608885, 17.8020227137345], [33.734792213465205, 17.802293856008433], [33.73507526242152, 17.802292792625], [33.73507748304816, 17.802835077115645], [33.73536053283964, 17.802834013288244], [33.735364976039406, 17.803918582109638], [33.73508192453805, 17.80391964600607], [33.73508303495982, 17.804190788209738], [33.734799983011264, 17.80419185171391], [33.734802203058955, 17.80473413613303], [33.735651361410454, 17.80473094428845], [33.73565247274639, 17.805002086434882], [33.73593552591828, 17.805001021650376], [33.73593663770147, 17.805272163771967], [33.73621969128113, 17.805271098560656], [33.73622191576179, 17.80581338274656]], [[33.74188300029876, 17.805791991824243], [33.74216605431716, 17.80579091797788], [33.742162690691885, 17.804977492780615], [33.74187963795605, 17.80497856657473], [33.74188300029876, 17.805791991824243]], [[33.74357907739836, 17.805243259319962], [33.743862130442146, 17.805242183051238], [33.74386100668855, 17.804971041415865], [33.744144059284864, 17.804969964755067], [33.74414293512372, 17.80469882312958], [33.743576830766145, 17.80470097600674], [33.74357570747995, 17.804429834338762], [33.74329265569874, 17.80443091014561], [33.74329377855744, 17.80470205183104], [33.743010726328784, 17.80470312724582], [33.74301184877991, 17.804974268941105], [33.74357795407228, 17.804972117667138], [33.74357907739836, 17.805243259319962]], [[33.73055751228539, 17.80502118252637], [33.73084056581131, 17.805020125113415], [33.730839461743045, 17.80474898267443], [33.731122514821855, 17.80474792486909], [33.73112141034569, 17.804476782439693], [33.73055530502347, 17.804478897606536], [33.73055751228539, 17.80502118252637]], [[33.72942309414395, 17.804483123026007], [33.72970614689319, 17.804482067285413], [33.729705044574125, 17.804210924762728], [33.72942199225236, 17.804211980486198], [33.72942309414395, 17.804483123026007]], [[33.73140446297739, 17.804475724241993], [33.731687515589456, 17.80447466563478], [33.731686410277916, 17.804203523232136], [33.73140335809334, 17.804204581822184], [33.73140446297739, 17.804475724241993]], [[33.74187739649375, 17.804436283037177], [33.74216044837458, 17.80443520927789], [33.7421582061369, 17.80389292574487], [33.741875155111046, 17.80389399946933], [33.74187739649375, 17.804436283037177]], [[33.71923209569729, 17.804249713795034], [33.71951514871864, 17.80424867281408], [33.71951406180883, 17.8039775296716], [33.71923100921499, 17.803978570635675], [33.71923209569729, 17.804249713795034]], [[33.72093041353571, 17.804243461766557], [33.72121346644114, 17.804242418328503], [33.72120910865815, 17.80315784611892], [33.720926057462655, 17.803158889489286], [33.72093041353571, 17.804243461766557]], [[33.73394971833553, 17.803923897496745], [33.734232769915714, 17.80392283523833], [33.73423055169618, 17.803380550704816], [33.733947500970956, 17.80338161292877], [33.73394971833553, 17.803923897496745]], [[33.74272430812888, 17.803890777067455], [33.74329041004117, 17.80388862675204], [33.743288164463344, 17.80334634332817], [33.74300511437211, 17.80334741865574], [33.74300399204057, 17.803076276915004], [33.74328704170434, 17.803075201604866], [33.74328479624615, 17.802532918135544], [33.74300174743727, 17.802533993410794], [33.74300286972895, 17.80280513516669], [33.742436771196516, 17.802807284523656], [33.742440135626396, 17.80362070985046], [33.742723186184946, 17.80361963532443], [33.74272430812888, 17.803890777067455]], [[33.72488986741034, 17.80341538788393], [33.725172918761785, 17.803414338763723], [33.72517182336048, 17.80314319593759], [33.72573792515008, 17.803141096502735], [33.725733540319794, 17.802056525258692], [33.72545049114452, 17.802057575112745], [33.725447204008475, 17.801244146549134], [33.725730251901474, 17.80124309674616], [33.725726963658346, 17.800429668165492], [33.72544391704755, 17.800430717917376], [33.725441725837555, 17.79988843212502], [33.72572477159359, 17.7998873824072], [33.725720387697656, 17.79880281079976], [33.725154299584986, 17.798804909689796], [33.72515539467508, 17.799076052637055], [33.724872350162215, 17.799077101485018], [33.72487563426711, 17.799890530332444], [33.72459258845272, 17.799891578822045], [33.72459368276585, 17.800162721773056], [33.72402759022402, 17.80016481755803], [33.724026496765646, 17.799893674573024], [33.723460405000885, 17.799895768686365], [33.723459312416665, 17.79962462565982], [33.722610175906134, 17.799627763708365], [33.722611267208244, 17.79989890678582], [33.72289431315851, 17.799897861162076], [33.722896496675645, 17.800440147260353], [33.72317954346129, 17.800439101193266], [33.72318063567633, 17.800710244214073], [33.723463682869976, 17.800709197720593], [33.723464775531816, 17.80098034071685], [33.72318172791077, 17.800981387227317], [33.72318391243784, 17.801523673231095], [33.723466960913704, 17.801522626686683], [33.723470239132084, 17.802336055584625], [33.72403633859019, 17.802333961165544], [33.72403852587593, 17.802876246991715], [33.72432157643076, 17.80287519913398], [33.72432048235073, 17.802604056241673], [33.72488658254717, 17.80260195933177], [33.724885487631674, 17.802330816465904], [33.72516853727329, 17.802329767413756], [33.725170727978636, 17.80287205310388], [33.724887677482116, 17.802873102190063], [33.72488986741034, 17.80341538788393]], [[33.74102376317584, 17.803354934483142], [33.74130681340642, 17.803353862021975], [33.74130569363964, 17.80308272017673], [33.74102264383651, 17.8030837926205], [33.74102376317584, 17.803354934483142]], [[33.730832837745126, 17.803122127881505], [33.73139893875332, 17.803120012067215], [33.73139672920102, 17.80257772714429], [33.731113679561645, 17.802578785221854], [33.73111478390054, 17.80284992770426], [33.730831733814085, 17.80285098538951], [33.730832837745126, 17.803122127881505]], [[33.728001231872724, 17.802861539720663], [33.72856733241746, 17.80285943213027], [33.72856513145335, 17.80231714684956], [33.727999032618406, 17.802319254371593], [33.728001231872724, 17.802861539720663]], [[33.72969732888866, 17.802312926891908], [33.729980378198576, 17.802311870878825], [33.729979275608656, 17.802040728312697], [33.73026232447155, 17.80203967190729], [33.73026122147378, 17.801768529350724], [33.73054426988966, 17.801767472552992], [33.73054316648407, 17.801496330005993], [33.73026011849559, 17.801497386786576], [33.730259015537, 17.801226244214856], [33.72969292035614, 17.80122835651342], [33.72969402245991, 17.8014994991194], [33.72941097441271, 17.801500554671644], [33.729408771079555, 17.800958269417873], [33.729125723867604, 17.800959324526442], [33.72912462265778, 17.800688181871084], [33.72884157585367, 17.800689236553115], [33.72883937434745, 17.800146951185457], [33.72855632837857, 17.80014800542386], [33.72855742869452, 17.800419148128572], [33.72827438227871, 17.800420201974656], [33.72827548218682, 17.800691344688893], [33.72770938844182, 17.800693451186966], [33.72771048751466, 17.800964593927805], [33.727144392836806, 17.800966698822315], [33.7271465893314, 17.80150898434956], [33.727429637534904, 17.801507932072887], [33.72743073623887, 17.80177907480808], [33.7279968334422, 17.801776968992232], [33.72799793302054, 17.802048111685696], [33.7285640310006, 17.802046004197848], [33.728562930567406, 17.80177486153857], [33.72941207610864, 17.80177169728718], [33.72941317782412, 17.80204283989513], [33.72969622672617, 17.802041784308646], [33.72969732888866, 17.802312926891908]], [[33.726014396322405, 17.801513189361803], [33.72629744460388, 17.801512138722916], [33.726296347629074, 17.801240995911904], [33.72601329977501, 17.801242046533755], [33.726014396322405, 17.801513189361803]], [[33.7311092624022, 17.801494215216493], [33.731392310331856, 17.801493157207577], [33.73138899638597, 17.800679729675533], [33.73110594973852, 17.800680787632963], [33.7311092624022, 17.801494215216493]], [[33.714973338493415, 17.80101155792598], [33.7152563866739, 17.801010523289182], [33.71525314593, 17.800197092808887], [33.714687052114236, 17.80019916157236], [33.7146892108814, 17.80074144863391], [33.71497225865367, 17.800740414423334], [33.714973338493415, 17.80101155792598]], [[33.729691818271945, 17.800957213899867], [33.73025791259799, 17.800955101635573], [33.73025570677873, 17.80041281645428], [33.729972660480286, 17.80041387275688], [33.729971558027415, 17.800142730137736], [33.729688512136775, 17.800143786013788], [33.72968630814452, 17.79960150071854], [33.73025239819674, 17.799599388625555], [33.730251295375254, 17.799328246000844], [33.72996825078629, 17.799329302234895], [33.72996604605677, 17.798787016928486], [33.72968300230293, 17.798788072718896], [33.729681900394866, 17.798516930037202], [33.72939885704879, 17.79851798540111], [33.729397755587634, 17.79824684269473], [33.72911471264933, 17.79824789763215], [33.72911361163505, 17.79797675490108], [33.72883056910451, 17.797977809412025], [33.72883277029796, 17.798520094900812], [33.72911581368316, 17.798519040355647], [33.729118015809476, 17.799061325779928], [33.729401060029794, 17.799060270791166], [33.729403263089054, 17.799602556150933], [33.72912021801402, 17.799603611173932], [33.72912352146751, 17.800417039208153], [33.72940656782466, 17.800415984133814], [33.72940766944233, 17.800687126779625], [33.729690716207315, 17.800686071278747], [33.729691818271945, 17.800957213899867]], [[33.730539856384816, 17.80068290231955], [33.73082290307147, 17.80068184518097], [33.73082179931686, 17.80041070262083], [33.731104845556516, 17.800409645089978], [33.73110263725133, 17.799867359981295], [33.73081959186643, 17.799868417477835], [33.73082069558184, 17.800139560053115], [33.730537649749955, 17.800140617157403], [33.730539856384816, 17.80068290231955]], [[33.73025460389848, 17.800141673852277], [33.730537649749955, 17.800140617157403], [33.730535443193475, 17.799598331964965], [33.73025239819674, 17.799599388625555], [33.73025460389848, 17.800141673852277]], [[33.7152520657204, 17.799925949300317], [33.71553511217213, 17.79992491432124], [33.71553403155434, 17.799653770821887], [33.715250985529984, 17.799654805784172], [33.7152520657204, 17.799925949300317]], [[33.7158170775595, 17.799652735450195], [33.716100123545466, 17.7996516996691], [33.716097960658004, 17.799109412714895], [33.71581491552677, 17.799110448462383], [33.7158170775595, 17.799652735450195]], [[33.724308448752566, 17.79962148392665], [33.724591494159014, 17.79962043586346], [33.72459039988475, 17.79934929289732], [33.724307354905655, 17.7993503409435], [33.724308448752566, 17.79962148392665]], [[33.724023216507014, 17.799080245572583], [33.724306261078176, 17.799079197952782], [33.724304073481505, 17.79853691194863], [33.72402102976503, 17.79853795953444], [33.724023216507014, 17.799080245572583]], [[33.728268883031205, 17.79906448828991], [33.72855192731017, 17.799063434529298], [33.72854972689322, 17.7985211490366], [33.72826668346893, 17.798522202763014], [33.728265583717096, 17.798251059988214], [33.72798254070061, 17.79825211328817], [33.72798144139563, 17.797980970488705], [33.727415356158744, 17.797983075826362], [33.72741645460908, 17.798254218659988], [33.7276994976646, 17.79825316617876], [33.72770059656178, 17.798524308987734], [33.72798364002512, 17.79852325608006], [33.727984739369155, 17.798794398864377], [33.728267783240305, 17.79879334553025], [33.728268883031205, 17.79906448828991]], [[33.74241995173552, 17.79874015686711], [33.742702994600826, 17.79873908265478], [33.7427018730354, 17.798467940767843], [33.74241883059743, 17.79846901496276], [33.74241995173552, 17.79874015686711]], [[33.71722797476141, 17.798562978781085], [33.71751101894184, 17.79856194102031], [33.71750993542866, 17.798290797600828], [33.71722689167556, 17.79829183534477], [33.71722797476141, 17.798562978781085]], [[33.71666080411166, 17.79829390960454], [33.71722689167556, 17.79829183534477], [33.717225808608944, 17.798020691900877], [33.71694276526394, 17.79802172921862], [33.716941682643885, 17.79775058575034], [33.71665863970697, 17.79775162264189], [33.71666080411166, 17.79829390960454]], [[33.72571819586648, 17.798260524950614], [33.72600123903895, 17.79825947492559], [33.725994661448716, 17.7966326172987], [33.72571162084007, 17.796633667221514], [33.72571819586648, 17.798260524950614]], [[33.74185162539822, 17.798200020177717], [33.74213466744868, 17.798198946818953], [33.74213354677773, 17.79792780488203], [33.74185050515458, 17.797928878223374], [33.74185162539822, 17.798200020177717]], [[33.72713231351103, 17.797984127881154], [33.727415356158744, 17.797983075826362], [33.7274131593166, 17.797440790136417], [33.727130117523515, 17.797441842157074], [33.72713231351103, 17.797984127881154]], [[33.731377951174764, 17.797968304076573], [33.73166099352903, 17.7979672458814], [33.73165988868848, 17.797696103297028], [33.731376846761535, 17.79769716147504], [33.731377951174764, 17.797968304076573]], [[33.71637559675084, 17.79775265912409], [33.71665863970697, 17.79775162264189], [33.71665647537917, 17.797209335648976], [33.71637343327765, 17.79721037209754], [33.71637559675084, 17.79775265912409]], [[33.728263384272026, 17.797708774415895], [33.728829468537114, 17.79770666665628], [33.72882836798926, 17.797435523892958], [33.72854532629379, 17.797436577960344], [33.72854312611132, 17.7968942923768], [33.72797704437096, 17.796896399215164], [33.72797814359784, 17.797167542044907], [33.72826118490508, 17.7971664888133], [33.728263384272026, 17.797708774415895]], [[33.7305266177513, 17.797429190892384], [33.73080965930978, 17.797428133959578], [33.73080855579037, 17.797156991308583], [33.73052551465919, 17.797158048224244], [33.7305266177513, 17.797429190892384]], [[33.731658783867566, 17.79742496070509], [33.7319418253476, 17.7974239021349], [33.731940720119, 17.797152759552564], [33.73165767906627, 17.797153818105578], [33.731658783867566, 17.79742496070509]], [[33.716089309876445, 17.796940264595328], [33.71637235156988, 17.79693922857291], [33.716370188211975, 17.796396941500962], [33.716087147373116, 17.796397977489757], [33.716089309876445, 17.796940264595328]], [[33.727694003471484, 17.796897452020346], [33.72797704437096, 17.796896399215164], [33.7279759451636, 17.796625256377858], [33.72769290469141, 17.796626309165955], [33.727694003471484, 17.796897452020346]], [[33.727409864199714, 17.796627361544733], [33.72769290469141, 17.796626309165955], [33.72769180593086, 17.796355166303993], [33.72740876586643, 17.796356218665697], [33.727409864199714, 17.796627361544733]], [[33.7293911472315, 17.79661998629745], [33.72967418758643, 17.79661893105339], [33.72967308583494, 17.79634778831113], [33.72939004590729, 17.79634884353807], [33.7293911472315, 17.79661998629745]], [[33.71580410651505, 17.796399013069223], [33.716087147373116, 17.796397977489757], [33.716084984946605, 17.795855690353914], [33.71580194494308, 17.795856725899778], [33.715800864185894, 17.795585582303705], [33.71551782459044, 17.79558661742346], [33.71551998526948, 17.79612890464163], [33.71580302571947, 17.796127869488288], [33.71580410651505, 17.796399013069223]], [[33.7271257257825, 17.796357270618074], [33.72740876586643, 17.796356218665697], [33.72740766755266, 17.796085075779086], [33.727124627895996, 17.796086127714403], [33.7271257257825, 17.796357270618074]], [[33.72259489971162, 17.79583175982922], [33.72287793925213, 17.795830714459907], [33.722876847813474, 17.795559571285878], [33.72259380870022, 17.79556061663823], [33.72259489971162, 17.79583175982922]], [[33.7265574515117, 17.79581708741173], [33.7268404907801, 17.795816036312097], [33.72683939335985, 17.795544893376224], [33.72655635451872, 17.7955459444588], [33.7265574515117, 17.79581708741173]], [[33.722876847813474, 17.795559571285878], [33.723159886907325, 17.795558525524218], [33.72315879506081, 17.79528738235959], [33.722875756394195, 17.795288428104275], [33.722876847813474, 17.795559571285878]], [[33.726272219111834, 17.795275852154532], [33.72655525754521, 17.795274801498305], [33.72655416059119, 17.795003658530238], [33.72627112258506, 17.795004709169415], [33.726272219111834, 17.795275852154532]], [[33.72485483789122, 17.79473881314818], [33.72513787556745, 17.794737764572453], [33.725136780788525, 17.79446662150408], [33.72541981801807, 17.794465572536087], [33.72541762766414, 17.79392328641069], [33.72513459128902, 17.79392433534463], [33.72513349656845, 17.79365319225355], [33.72485046060109, 17.793654240761217], [33.724851554894464, 17.79392538386931], [33.72456851848046, 17.793926431984733], [33.72456961236607, 17.794197575102263], [33.72485264920728, 17.79419652696983], [33.72485483789122, 17.79473881314818]], [[33.714381351724846, 17.79450617901382], [33.71494742763209, 17.794504111773627], [33.714946348252546, 17.794232968089357], [33.71466331073574, 17.79423400189732], [33.71466223180259, 17.793962858188703], [33.71437919469383, 17.793963891570627], [33.714381351724846, 17.79450617901382]], [[33.71777780601661, 17.794493751015917], [33.71806084374932, 17.794492712689117], [33.718059759670346, 17.794221569189805], [33.71777672236486, 17.794222607499762], [33.71777780601661, 17.794493751015917]], [[33.713810965173266, 17.793423669566174], [33.71409400146593, 17.793422637036294], [33.71409292344467, 17.79315149327145], [33.7138098875792, 17.79315252578457], [33.713810965173266, 17.793423669566174]], [[33.720886866727206, 17.793397733543593], [33.721169902538826, 17.79339669078243], [33.721168813837785, 17.79312554743862], [33.72088577845335, 17.793126590182858], [33.720886866727206, 17.793397733543593]], [[33.72852882683028, 17.79336943534572], [33.72881186211704, 17.793368381534847], [33.72881076188194, 17.79309723865041], [33.72852772702235, 17.793098292444185], [33.72852882683028, 17.79336943534572]], [[33.72654538566053, 17.792834514513245], [33.72682842022953, 17.792833463601212], [33.72682732302371, 17.792562320582086], [33.726544288881875, 17.79256337147707], [33.72654538566053, 17.792834514513245]], [[33.714090767459595, 17.79260920571906], [33.71437380245156, 17.792608172830217], [33.71437164568875, 17.79206588528109], [33.71408861155113, 17.79206691813641], [33.714090767459595, 17.79260920571906]], [[33.726261254720555, 17.79256442196282], [33.726544288881875, 17.79256337147707], [33.726543192122705, 17.792292228433315], [33.726260158388556, 17.792293278902022], [33.726261254720555, 17.79256442196282]], [[33.729091595456026, 17.792553898690056], [33.72937462942216, 17.79255284411203], [33.729371326388424, 17.79173941547059], [33.729088293703754, 17.791740469997272], [33.729091595456026, 17.792553898690056]], [[33.72739229320823, 17.792289074571872], [33.7276753268644, 17.792288022466284], [33.727673129987295, 17.791745736492597], [33.72739009718543, 17.791746788564037], [33.72739229320823, 17.792289074571872]], [[33.728805260999536, 17.791741524114748], [33.729088293703754, 17.791740469997272], [33.729087193158776, 17.791469327084542], [33.728804160881694, 17.79147038118491], [33.728805260999536, 17.791741524114748]], [[33.719179966306086, 17.79123483360754], [33.719462998816276, 17.791233793436923], [33.71946082686847, 17.790691506417826], [33.71917779521253, 17.790692546554673], [33.719179966306086, 17.79123483360754]], [[33.714932318063376, 17.790708099505284], [33.715781413839125, 17.790704996280503], [33.71577817271932, 17.78989156503831], [33.714929080787556, 17.78989466811201], [33.714932318063376, 17.790708099505284]], [[33.71946082686847, 17.790691506417826], [33.72002689012247, 17.790689424916565], [33.72002362978282, 17.78987599443251], [33.719740599446794, 17.78987703533705], [33.71974168578027, 17.790148178856196], [33.719458654997844, 17.790149219368462], [33.71946082686847, 17.790691506417826]], [[33.727951767541086, 17.79066011204207], [33.728234798595395, 17.79065905922056], [33.72823150109764, 17.789845630214945], [33.72794847132464, 17.789846682985196], [33.727951767541086, 17.79066011204207]], [[33.72002362978282, 17.78987599443251], [33.72030666009954, 17.789874953118805], [33.720305572931174, 17.789603809625888], [33.72002254304155, 17.789604850922696], [33.72002362978282, 17.78987599443251]], [[33.720305572931174, 17.789603809625888], [33.72115466248413, 17.789600683280533], [33.72115357405384, 17.789329539830796], [33.721719632804955, 17.789327453588637], [33.72171854353985, 17.789056310165186], [33.72086945666538, 17.789059438863923], [33.720870544649266, 17.789330582338145], [33.72030448578214, 17.789332666125407], [33.720305572931174, 17.789603809625888]], [[33.71662510126524, 17.789346170850347], [33.71719116063349, 17.78934409770103], [33.71719007820161, 17.789072954007445], [33.71747310742982, 17.789071916835884], [33.717472024590094, 17.78880077315157], [33.71662293812901, 17.788803883388315], [33.71662510126524, 17.789346170850347]], [[33.72171418667296, 17.787971736395754], [33.721997213884194, 17.78797069274565], [33.72199612428882, 17.78769954930132], [33.721713097504626, 17.78770059293448], [33.72171418667296, 17.787971736395754]], [[33.72538040355267, 17.784704417647585], [33.72566342538769, 17.784703368883285], [33.72566123558044, 17.784161082247135], [33.725378214599296, 17.784162130977382], [33.72538040355267, 17.784704417647585]], [[33.72141156505864, 17.783092195871635], [33.7216945846037, 17.78309115293544], [33.72169022943976, 17.782006578500333], [33.72140721160225, 17.782007621368795], [33.72141156505864, 17.783092195871635]], [[33.717720398996484, 17.780123134234675], [33.7180034140969, 17.780122096800767], [33.71800233103837, 17.779850952900546], [33.71771931636477, 17.77985199031761], [33.717720398996484, 17.780123134234675]], [[33.716868109583714, 17.779312812157475], [33.717717151159086, 17.779309702460786], [33.71771606858511, 17.779038558521037], [33.71856510870691, 17.77903544519475], [33.71856619256128, 17.77930658908395], [33.7188492063235, 17.779305550473854], [33.71884703778044, 17.778763262721633], [33.71856402487182, 17.778764301297993], [33.718559689724046, 17.777679725635345], [33.71884270092559, 17.777678687126446], [33.718838364379096, 17.77659411141028], [33.71855535488451, 17.77659514985172], [33.71855427122278, 17.776324005886913], [33.717988253029255, 17.776326081509563], [33.71798608747043, 17.775783793489847], [33.7182690957234, 17.775782755916637], [33.71826801254617, 17.775511611912293], [33.71798500471989, 17.775512649468645], [33.7179839219886, 17.77524150543989], [33.71770091456977, 17.77524254257058], [33.717712820978626, 17.778225126656405], [33.717995833091464, 17.77822408934041], [33.71799799899677, 17.778766377224038], [33.71743197304473, 17.77876845151451], [33.717430890936015, 17.778497307542793], [33.716864865760606, 17.778499380164035], [33.71686378452467, 17.778228236151104], [33.7165807723349, 17.778229271831574], [33.71658293397243, 17.778771559883523], [33.716865947015755, 17.778770524169413], [33.716868109583714, 17.779312812157475]], [[33.71998126117955, 17.779301391944436], [33.72026427484532, 17.779300351289816], [33.7202599293006, 17.778215776092818], [33.71997691734197, 17.77821681667985], [33.71997583143083, 17.777945672844794], [33.719692819879654, 17.777946713006052], [33.71969716193291, 17.779031288368447], [33.719980175191196, 17.779030248139634], [33.71998126117955, 17.779301391944436]], [[33.71629667976275, 17.777959163049044], [33.716579691544965, 17.777958127794264], [33.716577530022704, 17.777415839696957], [33.716294519094006, 17.777416874918117], [33.71629667976275, 17.777959163049044]], [[33.7160115081461, 17.77741790973041], [33.716294519094006, 17.777416874918117], [33.71629235850207, 17.77687458675694], [33.71572633829403, 17.77687665590547], [33.71572741772693, 17.777147800023435], [33.71601042826728, 17.777146765636797], [33.7160115081461, 17.77741790973041]], [[33.7162869573583, 17.77551886622169], [33.71685297322239, 17.77551679560593], [33.71685189219786, 17.775245651509834], [33.71770091456977, 17.77524254257058], [33.71769983228441, 17.77497139851742], [33.717133818242395, 17.774973471518727], [33.717132736829626, 17.774702327424336], [33.716566723564064, 17.77470439875679], [33.716567804123486, 17.774975542884828], [33.716284797035215, 17.77497657795468], [33.7162869573583, 17.77551886622169]], [[33.71288978551205, 17.775260111244926], [33.7134558009827, 17.77525805047418], [33.7134547250976, 17.774986906169136], [33.71317171779852, 17.77498793674218], [33.713170642359216, 17.77471679241284], [33.712887635467695, 17.774717822560344], [33.71288978551205, 17.775260111244926]], [[33.71260247944249, 17.774176563550792], [33.71288548549979, 17.77417553384553], [33.712883335608325, 17.773633245100488], [33.71260033040433, 17.77363427477229], [33.71260247944249, 17.774176563550792]], [[33.713165265449504, 17.773361070652776], [33.713448270188636, 17.77336004018016], [33.713447194437414, 17.773088895822212], [33.71373019873079, 17.77308786495759], [33.71372912257207, 17.772816720608827], [33.71401212641969, 17.772815689352193], [33.71401104985349, 17.77254454501262], [33.713728046432486, 17.7725455762525], [33.71372589421072, 17.772003287517183], [33.71344289162379, 17.77200431831483], [33.71344396729851, 17.77227546270301], [33.71316096426586, 17.77227649310867], [33.713162039533096, 17.77254763750603], [33.71259603255723, 17.772549697124592], [33.71259710699035, 17.772820841547848], [33.712880110914455, 17.772819811926215], [33.7128811857933, 17.7730909563252], [33.713164190124914, 17.77308992627808], [33.713165265449504, 17.773361070652776]]]}, "properties": {"zone_id": "scene_03-Z0062", "scene": "scene_03", "pixel_count": 7814, "approx_area_m2": 7032600.0, "centroid_x": 576970.7077041208, "centroid_y": 1967814.7747632454, "centroid_lon": 33.726236466296896, "centroid_lat": 17.796448919591956, "mean_risk": 2.4151220321655273, "max_risk": 3.8981850147247314, "median_risk": 2.3416635990142822, "high_priority_pixel_pct": 100.0, "priority_category": "HIGH PRIORITY", "threshold_type": "95th percentile prioritisation threshold", "recommendation": "Spectral-stress evidence detected. Prioritise field inspection to determine the underlying cause. Field verification required.", "priority_rank": 59}}, {"type": "Feature", "geometry": {"type": "Polygon", "coordinates": [[[33.52001029601933, 17.82277703968161], [33.520007936810714, 17.82196358096213], [33.5202910284882, 17.821962827539103], [33.52029024168519, 17.821691674629722], [33.52057333292066, 17.82169092080891], [33.520572545703565, 17.8214197679042], [33.520855636497025, 17.821419013685603], [33.52085406124866, 17.82087670787799], [33.52113715117208, 17.820875953273852], [33.521137939217304, 17.821147106169207], [33.521421029554766, 17.821146351142854], [33.521425760688146, 17.82277326828306], [33.52057648192877, 17.822775532352274], [33.52057569465579, 17.822504379477756], [33.52029260213613, 17.822505133335223], [33.52029338898103, 17.822776286221956], [33.52001029601933, 17.82277703968161]]]}, "properties": {"zone_id": "scene_03-Z0063", "scene": "scene_03", "pixel_count": 24, "approx_area_m2": 21600.0, "centroid_x": 555192.5, "centroid_y": 1970571.25, "centroid_lon": 33.52083378492102, "centroid_lat": 17.8220178725159, "mean_risk": 2.1305992603302, "max_risk": 2.4970593452453613, "median_risk": 2.160000801086426, "high_priority_pixel_pct": 100.0, "priority_category": "HIGH PRIORITY", "threshold_type": "95th percentile prioritisation threshold", "recommendation": "Spectral-stress evidence detected. Prioritise field inspection to determine the underlying cause. Field verification required.", "priority_rank": 145}}, {"type": "Feature", "geometry": {"type": "Polygon", "coordinates": [[[33.70543070776344, 17.821653419079116], [33.705429641017304, 17.821382275585197], [33.70514656009277, 17.821383297133004], [33.70514549379355, 17.82111215361496], [33.70429625219039, 17.821115215749103], [33.70429412221652, 17.820572928591055], [33.70401104250026, 17.820573948449514], [33.70400891345788, 17.820031661228096], [33.70372583457864, 17.820032680643596], [33.703723706467706, 17.819490393358844], [33.70400678449107, 17.8194893739764], [33.704003591182534, 17.818675943042038], [33.70372051444292, 17.818676962374926], [33.7037215784323, 17.81894810604381], [33.7034385012459, 17.818949124983337], [33.70343956482624, 17.819220268661155], [33.70315648719304, 17.81922128720731], [33.70315542404062, 17.818950143512986], [33.70287234681647, 17.818951161632754], [33.70287128411083, 17.818680017914346], [33.70258820729574, 17.818681035607742], [33.70258608279683, 17.818138748115228], [33.70400146240462, 17.818133655714597], [33.70400252678413, 17.8184047993821], [33.70428560307695, 17.81840377965586], [33.70428666790325, 17.818674923299266], [33.704569744605074, 17.818673903146625], [33.70457080987819, 17.818945046765926], [33.704853886989014, 17.81894402618687], [33.70485495270895, 17.819215169782055], [33.70598726267473, 17.819211083300786], [33.70598512783046, 17.8186687962353], [33.70626820441874, 17.81866777362341], [33.706266068794434, 17.81812548656078], [33.706832220202536, 17.818123440173714], [33.70683115156304, 17.817852296664196], [33.70768037724927, 17.81784922405945], [33.70768144717243, 17.818120367519168], [33.7079645227911, 17.81811934248126], [33.70796666355018, 17.818661629344728], [33.70768358707572, 17.818662654415867], [33.707685727054965, 17.819204941282262], [33.707402649705685, 17.81920596597673], [33.70740158013449, 17.81893482253071], [33.707118503194145, 17.818935846798702], [33.707116364964506, 17.81839355985073], [33.706833288861006, 17.818394583675648], [33.70683756368452, 17.819479157607656], [33.70712064149968, 17.819478133716366], [33.70712171068091, 17.81974927716384], [33.70740478890502, 17.81974825284606], [33.707405858533164, 17.820019396269355], [33.70768893716624, 17.820018371525062], [33.70769000724131, 17.82028951492418], [33.706557690883365, 17.8202936115083], [33.706558759265604, 17.820564754966224], [33.706275679700745, 17.820565778104054], [33.706276747673975, 17.82083692157099], [33.7065598276668, 17.820835898416586], [33.70656303298415, 17.8216493287222], [33.70543070776344, 17.821653419079116]], [[33.705992600116936, 17.82056680083196], [33.706275679700745, 17.820565778104054], [33.706274611746466, 17.82029463462954], [33.70599153259061, 17.82029565734088], [33.705992600116936, 17.82056680083196]], [[33.705990465083225, 17.820024513842217], [33.70627354381113, 17.82002349114746], [33.70627247589475, 17.819752347657797], [33.705989397594784, 17.81975337033598], [33.705990465083225, 17.820024513842217]]]}, "properties": {"zone_id": "scene_03-Z0064", "scene": "scene_03", "pixel_count": 127, "approx_area_m2": 114300.0, "centroid_x": 574767.4015748032, "centroid_y": 1970383.7007874015, "centroid_lon": 33.70554021531308, "centroid_lat": 17.819743249653953, "mean_risk": 2.5960545539855957, "max_risk": 4.351695537567139, "median_risk": 2.473360776901245, "high_priority_pixel_pct": 100.0, "priority_category": "HIGH PRIORITY", "threshold_type": "95th percentile prioritisation threshold", "recommendation": "Spectral-stress evidence detected. Prioritise field inspection to determine the underlying cause. Field verification required.", "priority_rank": 32}}, {"type": "Feature", "geometry": {"type": "Polygon", "coordinates": [[[33.71166064509724, 17.822173127180044], [33.71165849271634, 17.821630840946696], [33.71137541178202, 17.82163187152987], [33.7113743360482, 17.821360728385134], [33.71165741655454, 17.821359697818657], [33.711656340411835, 17.821088554683037], [33.712505580532316, 17.82108546057412], [33.71250665795895, 17.8213566036596], [33.7136389795638, 17.82135247237506], [33.71364005872148, 17.82162361538601], [33.713923139502825, 17.821622581523272], [33.71392529873163, 17.822164867488937], [33.7130760537622, 17.822167967947788], [33.71307497542222, 17.821896824918504], [33.71194265024046, 17.82190095305733], [33.71194372686846, 17.822172096153512], [33.71166064509724, 17.822173127180044]]]}, "properties": {"zone_id": "scene_03-Z0065", "scene": "scene_03", "pixel_count": 23, "approx_area_m2": 20700.0, "centroid_x": 575520.0, "centroid_y": 1970596.956521739, "centroid_lon": 33.712649346118866, "centroid_lat": 17.821644913920657, "mean_risk": 2.554917097091675, "max_risk": 3.1451449394226074, "median_risk": 2.5426523685455322, "high_priority_pixel_pct": 100.0, "priority_category": "HIGH PRIORITY", "threshold_type": "95th percentile prioritisation threshold", "recommendation": "Spectral-stress evidence detected. Prioritise field inspection to determine the underlying cause. Field verification required.", "priority_rank": 42}}, {"type": "Feature", "geometry": {"type": "Polygon", "coordinates": [[[33.75412269310414, 17.82201389198663], [33.75411699131505, 17.82065818924788], [33.75440006799597, 17.820657096817534], [33.75440120874126, 17.82092823736275], [33.75468428582988, 17.820927144504793], [33.75468542702337, 17.821198285024714], [33.754968504519695, 17.821197191739135], [33.75497078782337, 17.821739472720783], [33.754687709471106, 17.8217405660418], [33.75468885072535, 17.822011706538976], [33.75412269310414, 17.82201389198663]]]}, "properties": {"zone_id": "scene_03-Z0066", "scene": "scene_03", "pixel_count": 11, "approx_area_m2": 9900.0, "centroid_x": 579951.8181818182, "centroid_y": 1970588.1818181819, "centroid_lon": 33.75446756689747, "centroid_lat": 17.82140864723541, "mean_risk": 2.255265235900879, "max_risk": 2.5691514015197754, "median_risk": 2.240415573120117, "high_priority_pixel_pct": 100.0, "priority_category": "HIGH PRIORITY", "threshold_type": "95th percentile prioritisation threshold", "recommendation": "Spectral-stress evidence detected. Prioritise field inspection to determine the underlying cause. Field verification required.", "priority_rank": 99}}, {"type": "Feature", "geometry": {"type": "Polygon", "coordinates": [[[33.719301670699785, 17.821602860242166], [33.71930058298248, 17.821331717567546], [33.71845134296037, 17.82133484124204], [33.71845025654628, 17.821063698509224], [33.71788409729108, 17.82106577887549], [33.71788301175219, 17.82079463610139], [33.71844917015146, 17.820792555768833], [33.71844699741966, 17.82025027026532], [33.71873007573447, 17.82024922951789], [33.71873116251868, 17.820520372256567], [33.71929731994634, 17.820518289498228], [33.719298407605756, 17.82078943219558], [33.72014764488633, 17.820786304933034], [33.72014982283087, 17.82132859020364], [33.71986674290072, 17.82132963306821], [33.71986783147399, 17.82160077570905], [33.719301670699785, 17.821602860242166]]]}, "properties": {"zone_id": "scene_03-Z0067", "scene": "scene_03", "pixel_count": 20, "approx_area_m2": 18000.0, "centroid_x": 576205.5, "centroid_y": 1970527.5, "centroid_lon": 33.71911522172065, "centroid_lat": 17.820993466309133, "mean_risk": 2.0607690811157227, "max_risk": 2.365152359008789, "median_risk": 2.0262835025787354, "high_priority_pixel_pct": 100.0, "priority_category": "HIGH PRIORITY", "threshold_type": "95th percentile prioritisation threshold", "recommendation": "Spectral-stress evidence detected. Prioritise field inspection to determine the underlying cause. Field verification required.", "priority_rank": 194}}, {"type": "Feature", "geometry": {"type": "Polygon", "coordinates": [[[33.756379316774186, 17.820107157462832], [33.75637588579496, 17.81929373610852], [33.7566589601741, 17.819292640487713], [33.75666239243708, 17.820106061788763], [33.756379316774186, 17.820107157462832]]]}, "properties": {"zone_id": "scene_03-Z0068", "scene": "scene_03", "pixel_count": 20, "approx_area_m2": 18000.0, "centroid_x": 580153.5, "centroid_y": 1970511.0, "centroid_lon": 33.756367679110966, "centroid_lat": 17.820703721187517, "mean_risk": 1.915132761001587, "max_risk": 2.191298723220825, "median_risk": 1.880542278289795, "high_priority_pixel_pct": 100.0, "priority_category": "HIGH PRIORITY", "threshold_type": "95th percentile prioritisation threshold", "recommendation": "Spectral-stress evidence detected. Prioritise field inspection to determine the underlying cause. Field verification required.", "priority_rank": 324}}, {"type": "Feature", "geometry": {"type": "Polygon", "coordinates": [[[33.74166271891747, 17.820976991709163], [33.74165711167894, 17.81962128495692], [33.742789414968776, 17.8196169851988], [33.74279053808837, 17.819888126494725], [33.742507461867866, 17.819889202066516], [33.742510830062436, 17.820702625961108], [33.74222775253819, 17.820703701175272], [33.7422288748816, 17.820974842475728], [33.74166271891747, 17.820976991709163]]]}, "properties": {"zone_id": "scene_03-Z0069", "scene": "scene_03", "pixel_count": 15, "approx_area_m2": 13500.0, "centroid_x": 578642.0, "centroid_y": 1970452.0, "centroid_lon": 33.742103103174415, "centroid_lat": 17.82022515064477, "mean_risk": 2.123877763748169, "max_risk": 2.4963619709014893, "median_risk": 2.1399035453796387, "high_priority_pixel_pct": 100.0, "priority_category": "HIGH PRIORITY", "threshold_type": "95th percentile prioritisation threshold", "recommendation": "Spectral-stress evidence detected. Prioritise field inspection to determine the underlying cause. Field verification required.", "priority_rank": 152}}, {"type": "Feature", "geometry": {"type": "Polygon", "coordinates": [[[33.758926997008665, 17.82009728164009], [33.758925849477315, 17.819826141356288], [33.75864277440498, 17.81982724029168], [33.75863933321685, 17.81901381934132], [33.75892240700546, 17.81901272045935], [33.75891896471687, 17.81819929949417], [33.758635892211906, 17.81820039832271], [33.75863474525097, 17.817929257968014], [33.75920088938478, 17.817927059936718], [33.75920433289592, 17.818740480871195], [33.7594874062159, 17.818739381187324], [33.759486257930604, 17.818468240901236], [33.76061854929514, 17.818463838138538], [33.76061969929197, 17.81873497835327], [33.760902772509986, 17.818733876620108], [33.76090507342068, 17.819276156991116], [33.76062199934687, 17.819277258759982], [33.760623149404935, 17.819548398951966], [33.76034007488281, 17.819549500328815], [33.76034122453337, 17.819820640531056], [33.75949199956088, 17.819823942255848], [33.75949314794807, 17.820095082504015], [33.758926997008665, 17.82009728164009]]]}, "properties": {"zone_id": "scene_03-Z0070", "scene": "scene_03", "pixel_count": 38, "approx_area_m2": 34200.0, "centroid_x": 580501.5789473684, "centroid_y": 1970337.6315789474, "centroid_lon": 33.75964547360787, "centroid_lat": 17.819124077881483, "mean_risk": 2.204700469970703, "max_risk": 2.8865365982055664, "median_risk": 2.113036632537842, "high_priority_pixel_pct": 100.0, "priority_category": "HIGH PRIORITY", "threshold_type": "95th percentile prioritisation threshold", "recommendation": "Spectral-stress evidence detected. Prioritise field inspection to determine the underlying cause. Field verification required.", "priority_rank": 115}}, {"type": "Feature", "geometry": {"type": "Polygon", "coordinates": [[[33.71759559227253, 17.819711104413216], [33.71759233728636, 17.818897675903987], [33.71787541351935, 17.818896636470512], [33.717876498923395, 17.819167779297658], [33.71815957556503, 17.81916673943745], [33.71815848973307, 17.81889559662717], [33.71844156592753, 17.818894556373944], [33.7184426521874, 17.81916569916737], [33.71872572879049, 17.819164658487406], [33.71872681549755, 17.81943580125639], [33.71844373846655, 17.81943684195322], [33.71844482476497, 17.8197079847315], [33.71759559227253, 17.819711104413216]]]}, "properties": {"zone_id": "scene_03-Z0071", "scene": "scene_03", "pixel_count": 9, "approx_area_m2": 8100.0, "centroid_x": 576096.6666666666, "centroid_y": 1970343.3333333333, "centroid_lon": 33.718081606667326, "centroid_lat": 17.81933272671182, "mean_risk": 1.855491042137146, "max_risk": 1.946042537689209, "median_risk": 1.8542256355285645, "high_priority_pixel_pct": 100.0, "priority_category": "HIGH PRIORITY", "threshold_type": "95th percentile prioritisation threshold", "recommendation": "Spectral-stress evidence detected. Prioritise field inspection to determine the underlying cause. Field verification required.", "priority_rank": 381}}, {"type": "Feature", "geometry": {"type": "Polygon", "coordinates": [[[33.75467515701094, 17.818758020072437], [33.754672875008694, 17.818215738888522], [33.75410672936948, 17.818217923840397], [33.754103309085174, 17.817404501901414], [33.75382023751881, 17.817405593709488], [33.753812260558355, 17.81550760879596], [33.75352919196655, 17.815508700070385], [33.753523496883304, 17.814152996244836], [33.753806563336205, 17.814151905058857], [33.75380428458891, 17.81360962351095], [33.75408735016608, 17.81360853195061], [33.75408621039503, 17.813337391182984], [33.754935405721895, 17.813334114096698], [33.75493426468787, 17.813062973374613], [33.755217329328595, 17.813061880210785], [33.75521618788709, 17.812790739498844], [33.755782316252294, 17.812788551977494], [33.75578688556177, 17.813873114637925], [33.75550381967835, 17.813874208674395], [33.75551181375614, 17.815772193162427], [33.755794882634014, 17.815771099001807], [33.755797167694304, 17.8163133801804], [33.75608023740753, 17.816312285574508], [33.75608595255232, 17.817667988299583], [33.75636902438447, 17.817666893195153], [33.75637016790215, 17.817938033699672], [33.75665324014186, 17.81793693816765], [33.75665667210029, 17.818750359582435], [33.75637359857695, 17.818751455167725], [33.756372454998385, 17.818480314685957], [33.7549570892168, 17.818485786375852], [33.754958230655944, 17.8187569269463], [33.75467515701094, 17.818758020072437]], [[33.75437383644085, 17.814420862184843], [33.754656903260816, 17.81441976975191], [33.75465576257354, 17.814148629042432], [33.754372696181335, 17.814149721457657], [33.75437383644085, 17.814420862184843]]]}, "properties": {"zone_id": "scene_03-Z0072", "scene": "scene_03", "pixel_count": 144, "approx_area_m2": 129600.0, "centroid_x": 580001.0416666666, "centroid_y": 1969988.125, "centroid_lon": 33.754909206224774, "centroid_lat": 17.815983528734627, "mean_risk": 2.1295037269592285, "max_risk": 2.8801276683807373, "median_risk": 2.0417404174804688, "high_priority_pixel_pct": 100.0, "priority_category": "HIGH PRIORITY", "threshold_type": "95th percentile prioritisation threshold", "recommendation": "Spectral-stress evidence detected. Prioritise field inspection to determine the underlying cause. Field verification required.", "priority_rank": 148}}, {"type": "Feature", "geometry": {"type": "Polygon", "coordinates": [[[33.70852960276461, 17.81784614776602], [33.708528531576796, 17.81757500434859], [33.70796238210799, 17.81757705558749], [33.70795917122581, 17.816763625190028], [33.70909146495301, 17.81675952127241], [33.70909575301313, 17.817844094854465], [33.70852960276461, 17.81784614776602]]]}, "properties": {"zone_id": "scene_03-Z0073", "scene": "scene_03", "pixel_count": 14, "approx_area_m2": 12600.0, "centroid_x": 575089.2857142857, "centroid_y": 1970108.5714285714, "centroid_lon": 33.70856767004494, "centroid_lat": 17.817245612183193, "mean_risk": 2.074249505996704, "max_risk": 2.432788372039795, "median_risk": 2.0210957527160645, "high_priority_pixel_pct": 100.0, "priority_category": "HIGH PRIORITY", "threshold_type": "95th percentile prioritisation threshold", "recommendation": "Spectral-stress evidence detected. Prioritise field inspection to determine the underlying cause. Field verification required.", "priority_rank": 181}}, {"type": "Feature", "geometry": {"type": "Polygon", "coordinates": [[[33.50725805866087, 17.8182009114529], [33.50725729173902, 17.817929757883142], [33.50697420584757, 17.817930492267102], [33.50697343936728, 17.817659338677892], [33.50725652483079, 17.81765860430584], [33.50725575793617, 17.817387450720986], [33.50810501296117, 17.817385245181125], [33.50810731753737, 17.818198705805795], [33.50725805866087, 17.8182009114529]]]}, "properties": {"zone_id": "scene_03-Z0074", "scene": "scene_03", "pixel_count": 10, "approx_area_m2": 9000.0, "centroid_x": 553794.0, "centroid_y": 1970100.0, "centroid_lon": 33.507624919643575, "centroid_lat": 17.817793225791213, "mean_risk": 2.6661558151245117, "max_risk": 3.646188974380493, "median_risk": 2.704773187637329, "high_priority_pixel_pct": 100.0, "priority_category": "HIGH PRIORITY", "threshold_type": "95th percentile prioritisation threshold", "recommendation": "Spectral-stress evidence detected. Prioritise field inspection to determine the underlying cause. Field verification required.", "priority_rank": 26}}, {"type": "Feature", "geometry": {"type": "Polygon", "coordinates": [[[33.72664527409636, 17.817508499113373], [33.72664417554408, 17.81723735676629], [33.726361102479046, 17.817238408803544], [33.726360004374115, 17.816967266431835], [33.72579385904128, 17.81696936924276], [33.72579276181153, 17.816698226829388], [33.72550968954375, 17.81669927760308], [33.725508592761315, 17.816428135165104], [33.726357808222716, 17.81642498166569], [33.72635890628867, 17.816696124052548], [33.72664197849801, 17.8166950720494], [33.726643077011296, 17.816966214411636], [33.72692614962899, 17.81696516198161], [33.726927248589625, 17.817236304319206], [33.727210321615665, 17.817235251462293], [33.727211421023675, 17.817506393775247], [33.72664527409636, 17.817508499113373]]]}, "properties": {"zone_id": "scene_03-Z0075", "scene": "scene_03", "pixel_count": 10, "approx_area_m2": 9000.0, "centroid_x": 576975.0, "centroid_y": 1970079.0, "centroid_lon": 33.726359784755466, "centroid_lat": 17.81691303795658, "mean_risk": 1.9151674509048462, "max_risk": 2.0036916732788086, "median_risk": 1.9021365642547607, "high_priority_pixel_pct": 100.0, "priority_category": "HIGH PRIORITY", "threshold_type": "95th percentile prioritisation threshold", "recommendation": "Spectral-stress evidence detected. Prioritise field inspection to determine the underlying cause. Field verification required.", "priority_rank": 323}}, {"type": "Feature", "geometry": {"type": "Polygon", "coordinates": [[[33.53075337255717, 17.81786737506461], [33.530752570129835, 17.817596222498423], [33.530186401499726, 17.81759775887657], [33.53018479839949, 17.817055453671752], [33.531317132179346, 17.817052379375532], [33.53131793543404, 17.817323531931883], [33.531884103094306, 17.8173219922995], [33.53188490721911, 17.817593144823345], [33.53216799145577, 17.817592374379828], [33.53216879602278, 17.81786352688364], [33.53075337255717, 17.81786737506461]]]}, "properties": {"zone_id": "scene_03-Z0076", "scene": "scene_03", "pixel_count": 15, "approx_area_m2": 13500.0, "centroid_x": 556282.0, "centroid_y": 1970072.0, "centroid_lon": 33.53110135948055, "centroid_lat": 17.81747777480691, "mean_risk": 1.9582327604293823, "max_risk": 2.055565357208252, "median_risk": 1.9718739986419678, "high_priority_pixel_pct": 100.0, "priority_category": "HIGH PRIORITY", "threshold_type": "95th percentile prioritisation threshold", "recommendation": "Spectral-stress evidence detected. Prioritise field inspection to determine the underlying cause. Field verification required.", "priority_rank": 288}}, {"type": "Feature", "geometry": {"type": "Polygon", "coordinates": [[[33.57321591738152, 17.817747471958473], [33.57321505076481, 17.81747632133572], [33.572931968677956, 17.817477151213623], [33.5729302363465, 17.816934849918564], [33.57264715510009, 17.816935679359695], [33.572646289385325, 17.816664528687383], [33.57208012770222, 17.81666618631316], [33.5720792628586, 17.816395035606433], [33.57179618242191, 17.81639586379109], [33.57179445363648, 17.815853562328137], [33.571511374040206, 17.815854390076105], [33.57151051009837, 17.81558323931988], [33.57122743091463, 17.815584066644593], [33.571226567416, 17.815312915867402], [33.570943488644794, 17.815313742768872], [33.57094262558933, 17.815042591970723], [33.57065954723067, 17.81504341844897], [33.57065868461837, 17.81477226762987], [33.5709417625492, 17.814771441165025], [33.57094089952437, 17.81450029035178], [33.57122397701204, 17.814499463490524], [33.5712231135747, 17.814228312683134], [33.57150619061921, 17.814227485425473], [33.57150532676938, 17.813956334623942], [33.57207147995674, 17.81395467890605], [33.57207493887074, 17.815039281959518], [33.57235801715274, 17.81503845343215], [33.572358882347466, 17.815309604163208], [33.57264196104196, 17.815308775212575], [33.5726428266799, 17.815579925922645], [33.57292590578689, 17.815579096548735], [33.572927637964625, 17.816121397919318], [33.57321071791198, 17.816120568108676], [33.57321245100697, 17.81666286942215], [33.57349553179473, 17.816662039174734], [33.57349899988091, 17.81774664165723], [33.57321591738152, 17.817747471958473]]]}, "properties": {"zone_id": "scene_03-Z0077", "scene": "scene_03", "pixel_count": 50, "approx_area_m2": 45000.0, "centroid_x": 560634.6, "centroid_y": 1969886.4, "centroid_lon": 33.57216758241887, "centroid_lat": 17.815684355624597, "mean_risk": 2.1026172637939453, "max_risk": 2.461954355239868, "median_risk": 2.0933239459991455, "high_priority_pixel_pct": 100.0, "priority_category": "HIGH PRIORITY", "threshold_type": "95th percentile prioritisation threshold", "recommendation": "Spectral-stress evidence detected. Prioritise field inspection to determine the underlying cause. Field verification required.", "priority_rank": 162}}, {"type": "Feature", "geometry": {"type": "Polygon", "coordinates": [[[33.72862458492527, 17.816958838795124], [33.728620179009695, 17.815874269778913], [33.72975246197097, 17.8158700463986], [33.72975135882969, 17.815598904194065], [33.73031749933725, 17.815596790079386], [33.73031970735067, 17.816139074412344], [33.73003663625104, 17.81614013170886], [33.730038843487186, 17.816682416045783], [33.7297557715123, 17.81668347296675], [33.729756874731905, 17.816954615140975], [33.7294738023096, 17.816955671669252], [33.729471596745654, 17.816413387278967], [33.72918852515946, 17.81641444336318], [33.7291896275038, 17.816685585579226], [33.7289065554702, 17.816686641270742], [33.728907657406275, 17.816957783496328], [33.72862458492527, 17.816958838795124]]]}, "properties": {"zone_id": "scene_03-Z0078", "scene": "scene_03", "pixel_count": 19, "approx_area_m2": 17100.0, "centroid_x": 577301.052631579, "centroid_y": 1970006.8421052631, "centroid_lon": 33.729433683061636, "centroid_lat": 17.81624941387222, "mean_risk": 1.9684048891067505, "max_risk": 2.196230411529541, "median_risk": 1.9654321670532227, "high_priority_pixel_pct": 100.0, "priority_category": "HIGH PRIORITY", "threshold_type": "95th percentile prioritisation threshold", "recommendation": "Spectral-stress evidence detected. Prioritise field inspection to determine the underlying cause. Field verification required.", "priority_rank": 275}}, {"type": "Feature", "geometry": {"type": "Polygon", "coordinates": [[[33.5038587366132, 17.817396235989396], [33.50385797486736, 17.8171250822546], [33.50357489009698, 17.817125811684125], [33.5035726062243, 17.81631235039901], [33.50385568971093, 17.816311621004953], [33.503854928019166, 17.81604046723999], [33.50413801106438, 17.816039737447895], [33.504138773184046, 17.816310891201027], [33.50442185664363, 17.81631016098723], [33.50442261920473, 17.816581314720985], [33.504705703078685, 17.81658058408547], [33.50470646608124, 17.816851737799837], [33.504989550369565, 17.81685100674259], [33.50499107727116, 17.817393314125002], [33.5038587366132, 17.817396235989396]]]}, "properties": {"zone_id": "scene_03-Z0079", "scene": "scene_03", "pixel_count": 17, "approx_area_m2": 15300.0, "centroid_x": 553432.9411764706, "centroid_y": 1969994.1176470588, "centroid_lon": 33.504215209129164, "centroid_lat": 17.81684503031667, "mean_risk": 2.4201724529266357, "max_risk": 3.3473355770111084, "median_risk": 2.3342747688293457, "high_priority_pixel_pct": 100.0, "priority_category": "HIGH PRIORITY", "threshold_type": "95th percentile prioritisation threshold", "recommendation": "Spectral-stress evidence detected. Prioritise field inspection to determine the underlying cause. Field verification required.", "priority_rank": 58}}, {"type": "Feature", "geometry": {"type": "Polygon", "coordinates": [[[33.75720107017802, 17.813596497744513], [33.757199925701805, 17.813325357171973], [33.75691686077534, 17.813326453221602], [33.75691571674717, 17.813055312623714], [33.757198781245904, 17.813054216591848], [33.757197636810325, 17.812783076004145], [33.757763764891386, 17.812780882746818], [33.75776605549379, 17.813323163843535], [33.757482990607954, 17.813324260712616], [33.757484135511916, 17.81359540126738], [33.75720107017802, 17.813596497744513]]]}, "properties": {"zone_id": "scene_03-Z0080", "scene": "scene_03", "pixel_count": 64, "approx_area_m2": 57600.0, "centroid_x": 580358.90625, "centroid_y": 1969850.625, "centroid_lon": 33.75828063327566, "centroid_lat": 17.814727733164773, "mean_risk": 2.0769646167755127, "max_risk": 2.6073694229125977, "median_risk": 2.001185894012451, "high_priority_pixel_pct": 100.0, "priority_category": "HIGH PRIORITY", "threshold_type": "95th percentile prioritisation threshold", "recommendation": "Spectral-stress evidence detected. Prioritise field inspection to determine the underlying cause. Field verification required.", "priority_rank": 177}}, {"type": "Feature", "geometry": {"type": "Polygon", "coordinates": [[[33.65360674766452, 17.816410608689], [33.653605759592864, 17.816139462124973], [33.65332268389077, 17.816140408344868], [33.653321696264506, 17.815869261757943], [33.65303862097274, 17.815870207552678], [33.65303763379185, 17.815599060942862], [33.652754558910395, 17.815600006312447], [33.65275258545684, 17.81505771303946], [33.65218643735273, 17.815059602487928], [33.65218545150787, 17.814788455809467], [33.65190237785738, 17.81478939990369], [33.65190040707577, 17.814247106493458], [33.65161733426341, 17.81424805014729], [33.65161437950554, 17.813434609929324], [33.65189745103452, 17.813433666321387], [33.65189646572242, 17.81316251958224], [33.65472717577131, 17.813153061119188], [33.654728165361156, 17.813424207704998], [33.65586045060039, 17.813420412785092], [33.65585945929945, 17.8131492662608], [33.65670867176082, 17.813146415814582], [33.65670966434509, 17.813417562292663], [33.6575588779312, 17.813414708112383], [33.657559871816424, 17.813685854536622], [33.65812601497453, 17.813683949670086], [33.658128004509074, 17.814226242434117], [33.65841107691723, 17.8142252893553], [33.65841207213879, 17.81449643571052], [33.65812899930283, 17.814497388804792], [33.65812999411425, 17.814768535167904], [33.657846920832824, 17.81476948786783], [33.65785089854375, 17.81585407330639], [33.657567823533356, 17.81585502565827], [33.65756682950698, 17.815583879294543], [33.6567176056535, 17.815586733844995], [33.65671859839634, 17.815857880254992], [33.656435523315416, 17.815858830967592], [33.65643651564803, 17.816129977385437], [33.65558728901607, 17.8161328271105], [33.655586297967005, 17.81586168064646], [33.65530322281568, 17.815862629719774], [33.65530025105753, 17.815049190236117], [33.6544510293486, 17.815052034858788], [33.65445300793613, 17.815594327947682], [33.65416993314236, 17.815595275366352], [33.6541728998718, 17.81640871498902], [33.65360674766452, 17.816410608689]]]}, "properties": {"zone_id": "scene_03-Z0081", "scene": "scene_03", "pixel_count": 195, "approx_area_m2": 175500.0, "centroid_x": 569408.3076923077, "centroid_y": 1969785.076923077, "centroid_lon": 33.65495205241914, "centroid_lat": 17.81450875259521, "mean_risk": 3.078415870666504, "max_risk": 4.711815357208252, "median_risk": 3.0701658725738525, "high_priority_pixel_pct": 100.0, "priority_category": "HIGH PRIORITY", "threshold_type": "95th percentile prioritisation threshold", "recommendation": "Spectral-stress evidence detected. Prioritise field inspection to determine the underlying cause. Field verification required.", "priority_rank": 10}}, {"type": "Feature", "geometry": {"type": "Polygon", "coordinates": [[[33.53159941192034, 17.81678045722534], [33.53159860826625, 17.816509304666376], [33.53131552571273, 17.816510074240195], [33.53131311611973, 17.815696616480594], [33.531879278645164, 17.81569507699794], [33.531880082684346, 17.815966229567067], [33.53216316435355, 17.815965459198477], [33.5321655778404, 17.816778916823115], [33.53159941192034, 17.81678045722534]]]}, "properties": {"zone_id": "scene_03-Z0082", "scene": "scene_03", "pixel_count": 10, "approx_area_m2": 9000.0, "centroid_x": 556350.0, "centroid_y": 1969935.0, "centroid_lon": 33.531739345683896, "centroid_lat": 17.81623776716549, "mean_risk": 2.052813768386841, "max_risk": 2.3140008449554443, "median_risk": 2.0600802898406982, "high_priority_pixel_pct": 100.0, "priority_category": "HIGH PRIORITY", "threshold_type": "95th percentile prioritisation threshold", "recommendation": "Spectral-stress evidence detected. Prioritise field inspection to determine the underlying cause. Field verification required.", "priority_rank": 201}}, {"type": "Feature", "geometry": {"type": "Polygon", "coordinates": [[[33.56641850750422, 17.816682672400272], [33.566415938692494, 17.815869219455763], [33.56669901856362, 17.815868399085037], [33.56669816189557, 17.81559724810173], [33.56698124132362, 17.81559642733446], [33.566982955530676, 17.816138729266918], [33.567266035799264, 17.816137908063183], [33.56726775092295, 17.816680209938813], [33.56641850750422, 17.816682672400272]]]}, "properties": {"zone_id": "scene_03-Z0083", "scene": "scene_03", "pixel_count": 9, "approx_area_m2": 8100.0, "centroid_x": 560066.6666666666, "centroid_y": 1969946.6666666667, "centroid_lon": 33.566810295249134, "centroid_lat": 17.816244678509513, "mean_risk": 1.878013014793396, "max_risk": 1.97745943069458, "median_risk": 1.8696552515029907, "high_priority_pixel_pct": 100.0, "priority_category": "HIGH PRIORITY", "threshold_type": "95th percentile prioritisation threshold", "recommendation": "Spectral-stress evidence detected. Prioritise field inspection to determine the underlying cause. Field verification required.", "priority_rank": 365}}, {"type": "Feature", "geometry": {"type": "Polygon", "coordinates": [[[33.71871160335346, 17.815639801801183], [33.71871051691637, 17.81536865892614], [33.71842744630336, 17.815369699369988], [33.71842636031336, 17.815098556470502], [33.718143290108884, 17.8150995964877], [33.71814220456595, 17.814828453563777], [33.71785913477, 17.814829493154342], [33.71785804967413, 17.814558350205996], [33.71757498028671, 17.81455938936994], [33.71757389563788, 17.814288246397176], [33.717290826658996, 17.81428928513451], [33.717287574111324, 17.81347585612025], [33.71757064180691, 17.813474817433434], [33.71757281100831, 17.81401710341683], [33.71785587954017, 17.814016064286584], [33.717856964597516, 17.814287207250075], [33.71927230910664, 17.814282005368156], [33.71927339632217, 17.814553148239753], [33.71955646559392, 17.814552106617192], [33.71955972863967, 17.815365535135875], [33.71927665808454, 17.815366576809087], [33.719277745377255, 17.815637719650375], [33.71871160335346, 17.815639801801183]]]}, "properties": {"zone_id": "scene_03-Z0084", "scene": "scene_03", "pixel_count": 27, "approx_area_m2": 24300.0, "centroid_x": 576148.8888888889, "centroid_y": 1969832.2222222222, "centroid_lon": 33.71855586253705, "centroid_lat": 17.81471144515031, "mean_risk": 1.978458285331726, "max_risk": 2.1799850463867188, "median_risk": 1.9862735271453857, "high_priority_pixel_pct": 100.0, "priority_category": "HIGH PRIORITY", "threshold_type": "95th percentile prioritisation threshold", "recommendation": "Spectral-stress evidence detected. Prioritise field inspection to determine the underlying cause. Field verification required.", "priority_rank": 270}}, {"type": "Feature", "geometry": {"type": "Polygon", "coordinates": [[[33.65926328360365, 17.81503586656395], [33.6592622870633, 17.814764720270247], [33.658979213852554, 17.814765674609355], [33.658978217757706, 17.814494528292613], [33.658695144957086, 17.814495482206457], [33.65869414930772, 17.81422433586669], [33.65897722168054, 17.81422338196831], [33.65897622562105, 17.813952235636442], [33.659259297548395, 17.81395128134375], [33.6592583010788, 17.81368013501979], [33.659824444024835, 17.81367822523604], [33.65982344671737, 17.81340707893548], [33.66010651773606, 17.81340612344444], [33.660105520018526, 17.813134977151805], [33.66067166114723, 17.813133064971453], [33.66067066259187, 17.812861918702254], [33.661236802794136, 17.812860004913915], [33.661235803401, 17.812588858668175], [33.66095273373649, 17.812589815751696], [33.66095073585892, 17.81204752320649], [33.66151687345922, 17.812045608691783], [33.66151587369157, 17.811774462438866], [33.66208201036542, 17.811772546316313], [33.662081009760065, 17.811501400086907], [33.66264714550741, 17.81149948235657], [33.6626491484468, 17.812041774745637], [33.66236607972655, 17.812042733846766], [33.66236708079517, 17.8123138800455], [33.66265014994316, 17.812312920928825], [33.6626511514573, 17.812584067104453], [33.663500360077805, 17.81258118724934], [33.66350136289299, 17.812852333370714], [33.66378443282532, 17.812851372583957], [33.66378643936462, 17.813393664772853], [33.66406951013468, 17.813392703545183], [33.664070513858825, 17.813663849612702], [33.66435358503884, 17.813662887959683], [33.66435258088691, 17.81339174190776], [33.66491872233791, 17.813389817403632], [33.664917717348274, 17.81311867137534], [33.665483857872374, 17.813116745263404], [33.66548285204505, 17.81284559925877], [33.66576592185256, 17.8128446356038], [33.66576692810765, 17.813115781592813], [33.66661613870626, 17.813112888122518], [33.66661714626252, 17.813384034057055], [33.66690021685406, 17.813383068731806], [33.66690223287578, 17.813925360546882], [33.66661916142867, 17.81392632590343], [33.66662016903858, 17.814197471815273], [33.66633709714579, 17.81419843677769], [33.66633911156366, 17.81474072860996], [33.66435760182477, 17.814747472091746], [33.66435659760155, 17.814476326070075], [33.663507380157924, 17.814479209940075], [33.663506377235926, 17.81420806386409], [33.66294023304009, 17.814209984364034], [33.66294123510648, 17.814481130471147], [33.6623750899839, 17.814483049363073], [33.66237609121246, 17.814754195493734], [33.6620930181967, 17.81475515434056], [33.66209201739594, 17.814484008194363], [33.66180894479023, 17.814484966615858], [33.66180994516317, 17.814756112777598], [33.661526872111885, 17.814757070804845], [33.66152787207477, 17.815028216974543], [33.65926328360365, 17.81503586656395]]]}, "properties": {"zone_id": "scene_03-Z0085", "scene": "scene_03", "pixel_count": 186, "approx_area_m2": 167400.0, "centroid_x": 570222.5806451613, "centroid_y": 1969699.3548387096, "centroid_lon": 33.6626324747506, "centroid_lat": 17.813708089024757, "mean_risk": 2.9239587783813477, "max_risk": 4.548012733459473, "median_risk": 2.8514506816864014, "high_priority_pixel_pct": 100.0, "priority_category": "HIGH PRIORITY", "threshold_type": "95th percentile prioritisation threshold", "recommendation": "Spectral-stress evidence detected. Prioritise field inspection to determine the underlying cause. Field verification required.", "priority_rank": 15}}, {"type": "Feature", "geometry": {"type": "Polygon", "coordinates": [[[33.64624090118474, 17.814808195730777], [33.64623992434148, 17.814537048724745], [33.6459568507531, 17.814537984198058], [33.64595587435499, 17.814266837169306], [33.645389727981865, 17.81426870685624], [33.64538777694881, 17.813726412715436], [33.645104704591866, 17.813727346913932], [33.64509885447488, 17.812100464219164], [33.645664994038256, 17.812098595594165], [33.645664018223854, 17.8118274484822], [33.64679629543172, 17.811823706376092], [33.64679727295708, 17.81209485342739], [33.64736341231241, 17.812092979885605], [33.647364390710614, 17.812364126898967], [33.647647460789976, 17.812363189498274], [33.6476484396333, 17.81263433648887], [33.647931510123044, 17.812633398663245], [33.64793248941151, 17.812904545631078], [33.64821556031163, 17.812903607380488], [33.648216540045254, 17.813174754325548], [33.64906575392453, 17.813171937069608], [33.64906673495888, 17.813443083961438], [33.649349806644935, 17.81344214404137], [33.64935176962143, 17.813984437771854], [33.649634842145645, 17.813983497411538], [33.649635824087824, 17.81425464425019], [33.649352751135815, 17.81425558462575], [33.64935373266763, 17.814526731472085], [33.648504512423685, 17.814529550185764], [33.648505492689466, 17.814800697070236], [33.64793934491753, 17.81480257419416], [33.64793836550737, 17.814531427279263], [33.646806071466216, 17.814535176548752], [33.64680704916511, 17.81480632352443], [33.64624090118474, 17.814808195730777]]]}, "properties": {"zone_id": "scene_03-Z0086", "scene": "scene_03", "pixel_count": 116, "approx_area_m2": 104400.0, "centroid_x": 568569.051724138, "centroid_y": 1969661.896551724, "centroid_lon": 33.647029005191975, "centroid_lat": 17.813421787985103, "mean_risk": 3.03269362449646, "max_risk": 4.278386116027832, "median_risk": 3.057595729827881, "high_priority_pixel_pct": 100.0, "priority_category": "HIGH PRIORITY", "threshold_type": "95th percentile prioritisation threshold", "recommendation": "Spectral-stress evidence detected. Prioritise field inspection to determine the underlying cause. Field verification required.", "priority_rank": 12}}, {"type": "Feature", "geometry": {"type": "Polygon", "coordinates": [[[33.72011933864082, 17.813736593657293], [33.72011825019991, 17.813465450813652], [33.71955211513651, 17.813467535152906], [33.719551027570425, 17.81319639226791], [33.71926796043751, 17.81319743380604], [33.71926469913828, 17.812384005054913], [33.719547764987986, 17.812382963567437], [33.71954885249616, 17.812654106475165], [33.71983191875428, 17.812653064561083], [33.7198330067095, 17.812924207444343], [33.720399140023275, 17.81292212235321], [33.720400228853286, 17.813193265195096], [33.72124942996221, 17.813190134434674], [33.72125161024675, 17.813732419994214], [33.72011933864082, 17.813736593657293]]]}, "properties": {"zone_id": "scene_03-Z0087", "scene": "scene_03", "pixel_count": 17, "approx_area_m2": 15300.0, "centroid_x": 576321.1764705882, "centroid_y": 1969667.6470588236, "centroid_lon": 33.720175536339525, "centroid_lat": 17.81321801767776, "mean_risk": 1.9082605838775635, "max_risk": 2.0091376304626465, "median_risk": 1.8967328071594238, "high_priority_pixel_pct": 100.0, "priority_category": "HIGH PRIORITY", "threshold_type": "95th percentile prioritisation threshold", "recommendation": "Spectral-stress evidence detected. Prioritise field inspection to determine the underlying cause. Field verification required.", "priority_rank": 339}}, {"type": "Feature", "geometry": {"type": "Polygon", "coordinates": [[[33.724929299419124, 17.813176525193803], [33.72492710809076, 17.812634240045217], [33.72464404218142, 17.81263528933428], [33.724641851786295, 17.812093004121365], [33.724358786712955, 17.812094052966703], [33.724357691972266, 17.811822910331877], [33.72407462730721, 17.81182395875051], [33.72407243873954, 17.811281673424148], [33.72350631106195, 17.811283768964355], [33.72350084425945, 17.809928055346024], [33.723783905969576, 17.809927007865685], [33.723784999718916, 17.810198150587507], [33.72406806183729, 17.81019710268053], [33.72407025024956, 17.810739388067486], [33.72435331320385, 17.810738339716846], [33.724354407866805, 17.811009482381962], [33.72492053457244, 17.81100738441765], [33.724919439054126, 17.810736241786547], [33.725202501950086, 17.81073519220688], [33.725201406023544, 17.810464049585217], [33.72548446847239, 17.810462999612916], [33.72548337213763, 17.8101918570007], [33.725766434139345, 17.810190806635752], [33.72576533739639, 17.809919664033], [33.72689758349782, 17.80991545854481], [33.72690197742915, 17.811000028637633], [33.72661891422234, 17.811001080692385], [33.726621110449635, 17.811543365727466], [33.72633804636796, 17.811544417406644], [33.72633914408314, 17.811815559929872], [33.72577301500592, 17.81181766209323], [33.725774111885165, 17.81208880464296], [33.72549104688964, 17.812089855127123], [33.72549214336063, 17.812360997686316], [33.72577520878388, 17.81235994718512], [33.725778499596856, 17.813173374766148], [33.724929299419124, 17.813176525193803]]]}, "properties": {"zone_id": "scene_03-Z0088", "scene": "scene_03", "pixel_count": 79, "approx_area_m2": 71100.0, "centroid_x": 576869.2405063291, "centroid_y": 1969464.3037974683, "centroid_lon": 33.72533939951442, "centroid_lat": 17.811361067575568, "mean_risk": 2.1644933223724365, "max_risk": 2.6304001808166504, "median_risk": 2.178152561187744, "high_priority_pixel_pct": 100.0, "priority_category": "HIGH PRIORITY", "threshold_type": "95th percentile prioritisation threshold", "recommendation": "Spectral-stress evidence detected. Prioritise field inspection to determine the underlying cause. Field verification required.", "priority_rank": 128}}, {"type": "Feature", "geometry": {"type": "Polygon", "coordinates": [[[33.642553167854075, 17.812651147283688], [33.64255219671035, 17.81238000002055], [33.642269126319526, 17.812380930045926], [33.64226815562078, 17.81210978276015], [33.641418945628196, 17.812112570332637], [33.641419915043684, 17.812383717663614], [33.64113684458398, 17.812384646050024], [33.641135875596234, 17.812113498704004], [33.640852805547084, 17.812114426665623], [33.64085086847867, 17.811572131920812], [33.63971859153209, 17.811575839549743], [33.63971762473458, 17.81130469210588], [33.639434555882744, 17.8113056179738], [33.639432623194644, 17.810763323033374], [33.63914955518108, 17.810764248461567], [33.63914858929047, 17.810493100965008], [33.639431656876326, 17.81049217555182], [33.63942972429117, 17.809949880566034], [33.638863590813074, 17.809951730922716], [33.638860694630026, 17.809138288297326], [33.63914376009462, 17.809137363368816], [33.63914279430689, 17.8088662158269], [33.638576664215876, 17.808868065244262], [33.638573769521436, 17.808054622483183], [33.63942296078344, 17.808051847877643], [33.639421028507044, 17.807509552755786], [33.6397040913715, 17.807508627098017], [33.63970312483142, 17.80723747954076], [33.64055231203895, 17.807234700154805], [33.64055134423321, 17.806963552635064], [33.64140053000327, 17.806960769607706], [33.64139956093192, 17.806689622125532], [33.64196568383741, 17.80668776475604], [33.6419647139281, 17.806416617296428], [33.64224777492743, 17.806415688012354], [33.64224874526434, 17.806686835456894], [33.64253180667402, 17.806685905748147], [33.642530835909525, 17.806414758318677], [33.64281389687439, 17.806413828215412], [33.642812925699545, 17.806142680793478], [33.643095986219585, 17.806141750295705], [33.64309792944169, 17.806684045101843], [33.64281486806648, 17.8066849756298], [33.64281583927581, 17.806956123036613], [33.642532777455756, 17.80695705317005], [33.642533748254735, 17.807228200584397], [33.642816810502396, 17.807227270435874], [33.642818753007276, 17.807769565211714], [33.64310181609292, 17.807768634623407], [33.64310278779886, 17.8080397819849], [33.64338585129488, 17.808038850971858], [33.64338487916132, 17.807767703625462], [33.643667942212446, 17.8077667722179], [33.64366891477364, 17.80803791954919], [33.64451810510627, 17.808035122823377], [33.64451907896764, 17.80830627010176], [33.64480214280491, 17.80830533702542], [33.6448050657757, 17.80911877876981], [33.64508813087863, 17.809117845238426], [33.64508910566448, 17.8093889924563], [33.64537217117777, 17.809388058500105], [33.64537412165675, 17.809930352882883], [33.645091055288106, 17.80993128686936], [33.645097879515966, 17.811829317076903], [33.64481481013605, 17.81183025075966], [33.644813835622166, 17.8115591035947], [33.64424769766592, 17.81156096970079], [33.64424964500004, 17.81210326408366], [33.64311736545829, 17.812106991500055], [33.64311833744028, 17.812378138740577], [33.64283526708393, 17.812379069585432], [33.64283623865542, 17.81265021683349], [33.642553167854075, 17.812651147283688]]]}, "properties": {"zone_id": "scene_03-Z0089", "scene": "scene_03", "pixel_count": 356, "approx_area_m2": 320400.0, "centroid_x": 568038.7078651686, "centroid_y": 1969237.4157303371, "centroid_lon": 33.64201109441441, "centroid_lat": 17.80960172296447, "mean_risk": 3.632819414138794, "max_risk": 5.214722156524658, "median_risk": 3.918447494506836, "high_priority_pixel_pct": 100.0, "priority_category": "HIGH PRIORITY", "threshold_type": "95th percentile prioritisation threshold", "recommendation": "Spectral-stress evidence detected. Prioritise field inspection to determine the underlying cause. Field verification required.", "priority_rank": 1}}, {"type": "Feature", "geometry": {"type": "Polygon", "coordinates": [[[33.705394449013426, 17.81243453603713], [33.70539231682712, 17.811892248526753], [33.70482618490863, 17.811894290053914], [33.70482405450886, 17.81135200244705], [33.70510711962214, 17.81135098192142], [33.70510605402293, 17.811079838123174], [33.705389118689595, 17.811078817204397], [33.7053880526816, 17.810807673415134], [33.70567111690165, 17.810806652103228], [33.70567324979195, 17.81134893964106], [33.705956314848464, 17.81134791788634], [33.70595951560904, 17.812161349086598], [33.70567644926939, 17.812162370891023], [33.705677515799735, 17.812433514625866], [33.705394449013426, 17.81243453603713]]]}, "properties": {"zone_id": "scene_03-Z0090", "scene": "scene_03", "pixel_count": 14, "approx_area_m2": 12600.0, "centroid_x": 574761.4285714285, "centroid_y": 1969485.0, "centroid_lon": 33.705451907657476, "centroid_lat": 17.8116208859315, "mean_risk": 2.2722413539886475, "max_risk": 2.7230494022369385, "median_risk": 2.2930197715759277, "high_priority_pixel_pct": 100.0, "priority_category": "HIGH PRIORITY", "threshold_type": "95th percentile prioritisation threshold", "recommendation": "Spectral-stress evidence detected. Prioritise field inspection to determine the underlying cause. Field verification required.", "priority_rank": 94}}, {"type": "Feature", "geometry": {"type": "Polygon", "coordinates": [[[33.71983083081838, 17.812381921670244], [33.71982974290178, 17.812110778771835], [33.71926361207714, 17.812112862122724], [33.71926252503528, 17.81184171918296], [33.71897946002173, 17.811842760226966], [33.718976200295046, 17.8110293313116], [33.71925926402551, 17.811028290318227], [33.71925817706084, 17.810757147348173], [33.72010736685336, 17.810754021960644], [33.72011063165447, 17.811567450696074], [33.72039369616309, 17.811566408030163], [33.72039587364919, 17.812108693782108], [33.720112808285144, 17.812109736481823], [33.72011389662946, 17.812380879363335], [33.71983083081838, 17.812381921670244]]]}, "properties": {"zone_id": "scene_03-Z0091", "scene": "scene_03", "pixel_count": 21, "approx_area_m2": 18900.0, "centroid_x": 576268.5714285715, "centroid_y": 1969478.5714285714, "centroid_lon": 33.71967232252714, "centroid_lat": 17.811510961482156, "mean_risk": 1.9671030044555664, "max_risk": 2.1686623096466064, "median_risk": 1.945806622505188, "high_priority_pixel_pct": 100.0, "priority_category": "HIGH PRIORITY", "threshold_type": "95th percentile prioritisation threshold", "recommendation": "Spectral-stress evidence detected. Prioritise field inspection to determine the underlying cause. Field verification required.", "priority_rank": 279}}, {"type": "Feature", "geometry": {"type": "Polygon", "coordinates": [[[33.65585648550219, 17.81233582664255], [33.655855494271634, 17.812064680088007], [33.65557242512699, 17.812065629355676], [33.65557143434176, 17.81179448277818], [33.656420640439684, 17.81179163379218], [33.656419648388855, 17.81152048725331], [33.65698578484397, 17.81151858591152], [33.65698479195532, 17.811247439395913], [33.65840013064592, 17.81124267894863], [33.65839913563634, 17.810971532502645], [33.65896527013356, 17.8109696254867], [33.65896726188126, 17.81151191830927], [33.65840112567317, 17.811513825387056], [33.65840212071809, 17.811784971817918], [33.657835983583894, 17.811786877287744], [33.657836977791, 17.812058023741933], [33.65670470159995, 17.81206182982663], [33.65670569411374, 17.81233297633496], [33.65585648550219, 17.81233582664255]]]}, "properties": {"zone_id": "scene_03-Z0092", "scene": "scene_03", "pixel_count": 27, "approx_area_m2": 24300.0, "centroid_x": 569660.0, "centroid_y": 1969473.3333333333, "centroid_lon": 33.65731663815582, "centroid_lat": 17.811683176672354, "mean_risk": 1.8990943431854248, "max_risk": 2.057785987854004, "median_risk": 1.8822122812271118, "high_priority_pixel_pct": 100.0, "priority_category": "HIGH PRIORITY", "threshold_type": "95th percentile prioritisation threshold", "recommendation": "Spectral-stress evidence detected. Prioritise field inspection to determine the underlying cause. Field verification required.", "priority_rank": 354}}, {"type": "Feature", "geometry": {"type": "Polygon", "coordinates": [[[33.75379630961043, 17.81171163785449], [33.75379517040868, 17.8114404970161], [33.753512108233025, 17.811441588025204], [33.75350983074555, 17.81089930629031], [33.752943708044306, 17.810901487008742], [33.75294029453067, 17.810088064243498], [33.75265723443272, 17.81008915393521], [33.752656097062875, 17.80981801298064], [33.75237303737238, 17.809819102245044], [33.75237190045037, 17.809547961265228], [33.75265495971323, 17.809546872018483], [33.75265382238377, 17.80927573104875], [33.75237076354855, 17.809276820277827], [33.752369626666905, 17.80900567928285], [33.75208656823912, 17.80900676808465], [33.752084295391604, 17.80846448603666], [33.751801237798865, 17.80846557439354], [33.75180010183298, 17.808194433340528], [33.75095093021657, 17.808197695900613], [33.750946391685645, 17.807113131401174], [33.750663336150204, 17.807114218031515], [33.7506622019954, 17.806843076870088], [33.75122831219101, 17.80684090323508], [33.7512237723528, 17.805756338654597], [33.75065766557753, 17.80575851214861], [33.75065993374619, 17.806300794524503], [33.75037687947328, 17.806301880692427], [33.75037234492661, 17.80521731583987], [33.75093845003208, 17.80521514323541], [33.75093731559072, 17.804944002038567], [33.75122036768573, 17.804942915139673], [33.75121923283701, 17.804671773952876], [33.75235143930548, 17.804667422332642], [33.7523525758642, 17.804938563448864], [33.75263562785839, 17.80493747450236], [33.752636764864796, 17.805208615593337], [33.753485922008714, 17.805205346243667], [33.75348478371978, 17.804934205205715], [33.75320173178618, 17.804935295380783], [33.75319718054249, 17.80385073108244], [33.75291413029865, 17.8038518207773], [33.75291071836041, 17.803038397420966], [33.75319376732187, 17.803037307779128], [33.75319262962206, 17.802766166662877], [33.752909581088055, 17.80276725628703], [33.75290730660392, 17.80222497399644], [33.752341211185076, 17.802227151945708], [33.75234348395946, 17.802769434306953], [33.75206043536489, 17.80277052270271], [33.75205702751588, 17.801957099096516], [33.75177398018344, 17.80195818702986], [33.751778522312705, 17.803042751893553], [33.75234462037692, 17.803040575476217], [33.752349166248564, 17.804125140077474], [33.75206611551668, 17.804126228561497], [33.75206725160756, 17.80439736971052], [33.751501149228304, 17.804399545485357], [33.7515000139924, 17.804128404301036], [33.751216963200015, 17.804129491556555], [33.751215828411745, 17.803858350347028], [33.75064972762149, 17.80386052359431], [33.75065086155481, 17.80413166483908], [33.750367810701995, 17.804132750866092], [33.75037007777404, 17.804675033368138], [33.75008702604613, 17.804676119020858], [33.75008815918485, 17.804947260278123], [33.7498051070093, 17.80494834553893], [33.74980397429809, 17.80467720426406], [33.74952092252994, 17.804678289097748], [33.74951865802283, 17.8041360064901], [33.74923560708955, 17.8041370908791], [33.749228816615506, 17.8025102427688], [33.748945768226896, 17.802511326642822], [33.748944636979, 17.802240185247], [33.748661588997734, 17.80224126869398], [33.74866045819734, 17.80197012727302], [33.748377410623426, 17.80197121029297], [33.74837175905972, 17.8006155029867], [33.74808871360275, 17.800616585509403], [33.74808645397253, 17.80007430249875], [33.747803409350254, 17.800075384576925], [33.74780002133749, 17.799261959951476], [33.74751697797723, 17.799263041567613], [33.74751359142698, 17.79844961682136], [33.747230549328684, 17.79845069797549], [33.747224907615774, 17.79709498982589], [33.74694186763396, 17.797096070482986], [33.74693284535346, 17.79492693690957], [33.74721588191723, 17.794925856392734], [33.747214753795085, 17.794654714679506], [33.74778082600804, 17.794652552453083], [33.74777518142593, 17.793296843948816], [33.74805821536633, 17.793295762309455], [33.74805708608289, 17.793024620603433], [33.748340119576056, 17.793023538572395], [33.74833786021503, 17.792481255172756], [33.748054827576205, 17.792482337168682], [33.74805369835295, 17.792211195439943], [33.74833673056463, 17.792210113461582], [33.74833560093429, 17.791938971742837], [33.74861863269875, 17.79193788937282], [33.7486208928338, 17.79248017276762], [33.748903925432494, 17.792479089953265], [33.74890053397859, 17.791665664902432], [33.749466596552836, 17.791663498151554], [33.74946885921058, 17.79220578145602], [33.750034923413004, 17.792203612997973], [33.75003605562633, 17.792474754603653], [33.75060212060259, 17.792472584473554], [33.75060438679825, 17.79301486759177], [33.75088742011052, 17.793013781877654], [33.75088855366572, 17.793284923407793], [33.75117158738502, 17.793283837266824], [33.75117272138754, 17.79355497877176], [33.75145575551389, 17.79355389220392], [33.751456889963734, 17.793825033683653], [33.7511738554102, 17.79382612026912], [33.751177257599046, 17.794639544715775], [33.75089422174375, 17.794640630944865], [33.750895355419765, 17.79491177242957], [33.75117839170229, 17.79491068618285], [33.75117952582567, 17.79518182764235], [33.75259470907207, 17.795176390181364], [33.75259130035405, 17.794362966044826], [33.75287433566115, 17.794361877377774], [33.752875472307515, 17.794633018746527], [33.753158508021635, 17.794631929652542], [33.75316419369253, 17.79598763629435], [33.75344723152262, 17.795986546702704], [33.753450644449345, 17.796799970543866], [33.75373368354102, 17.79679888048986], [33.75373254545131, 17.79652773923474], [33.7540155840955, 17.7965266487891], [33.75401216866586, 17.795713225031353], [33.75372913130344, 17.795714315423908], [33.753727993294575, 17.795443174138484], [33.75429406714471, 17.795440992979465], [33.754292928301595, 17.79516985172186], [33.7545759647691, 17.795168760546122], [33.75457710403945, 17.795439901786022], [33.75486014091394, 17.795438810183292], [33.754861280631765, 17.795709951397907], [33.75514431791326, 17.79570885936817], [33.75514317776819, 17.79543771817127], [33.75570925141592, 17.795435532919374], [33.75570811043664, 17.79516439175036], [33.755991146802884, 17.795163298528212], [33.755988864050664, 17.794621016202935], [33.756554935013426, 17.7946188286018], [33.75655721947452, 17.79516111085608], [33.75627418314885, 17.795162204896787], [33.75627532498259, 17.795433346030315], [33.7559922882094, 17.79543443967949], [33.7559957125506, 17.79624786308787], [33.75486356012816, 17.796252233804417], [33.75486583970553, 17.796794516180622], [33.75458280069475, 17.796795607871918], [33.754583940086526, 17.79706674906637], [33.755150018942395, 17.79706456523904], [33.75515229949581, 17.797606847534368], [33.75486925922342, 17.797607939688135], [33.75487039910321, 17.797879080842154], [33.75600256178044, 17.797874709700118], [33.75600027862273, 17.797332427526335], [33.757698516902565, 17.797325858746014], [33.757700805187845, 17.797868140706647], [33.757134724133245, 17.797870332008525], [33.75713586745176, 17.798141473013033], [33.75685282646669, 17.798142568067718], [33.756853969378184, 17.798413709082418], [33.755155720477845, 17.79842027092055], [33.75515800123381, 17.798962553140118], [33.75487495882483, 17.798963645382482], [33.754876098805845, 17.799234786498626], [33.75572522725403, 17.79923150849023], [33.75572636853734, 17.79950264954562], [33.7554433253142, 17.7995037426422], [33.75544446619042, 17.799774883707748], [33.75516142251965, 17.799775976412665], [33.755163703478146, 17.800318258556487], [33.75488065893239, 17.800319350887438], [33.75487951887038, 17.800048209801602], [33.754596474731756, 17.80004930170544], [33.754594195523204, 17.799507019475605], [33.754311152219046, 17.799508110934628], [33.75431229138585, 17.79977925207104], [33.75402924763411, 17.799780343138384], [33.754036080495496, 17.801407189903955], [33.75431912681153, 17.801406098730418], [33.75432254479751, 17.802219521957824], [33.754605592375555, 17.802218430321737], [33.754612431458504, 17.80384527646575], [33.754895481581016, 17.80384418431393], [33.75489662192649, 17.804115325293697], [33.75546272296571, 17.804113139726127], [33.7554638641864, 17.80438428066287], [33.75518081324944, 17.80438537366913], [33.75518195406291, 17.804656514616028], [33.75489890267819, 17.804657607230506], [33.7549011835109, 17.805199889137], [33.75461813125093, 17.80520098137739], [33.75462383154941, 17.806556686099583], [33.75434077713155, 17.806557778018988], [33.75433963745891, 17.80628663707199], [33.753773529417586, 17.80628881964671], [33.75377466823513, 17.8065599606291], [33.75349161375659, 17.80656105131981], [33.753495029047855, 17.80737447427456], [33.75321197326642, 17.807375564608762], [33.7532131113097, 17.807646705596202], [33.75349616751871, 17.80764561524432], [33.75349730600977, 17.807916756206506], [33.75321424937317, 17.807917846576064], [33.753216525560745, 17.808460128513058], [33.75349958305254, 17.808459038108133], [33.75350072160424, 17.808730179047583], [33.753783779503415, 17.80872908821537], [33.75378719656267, 17.80954251093517], [33.75407025572449, 17.809541419640258], [33.75407367424867, 17.81035484223876], [33.7543567346732, 17.810353750481113], [33.75436015466244, 17.8111671729583], [33.754643216349734, 17.811166080737873], [33.75464549729912, 17.811708362316015], [33.75436243475646, 17.811709454571858], [33.754361294699336, 17.81143831376887], [33.754078232564126, 17.811439405597326], [33.754079372193566, 17.811710546418016], [33.75379630961043, 17.81171163785449]], [[33.753508692032135, 17.810628165411494], [33.753791752924776, 17.810627074455464], [33.753789474703275, 17.810084792710473], [33.75350641466595, 17.810085883631128], [33.753508692032135, 17.810628165411494]], [[33.75207974993869, 17.807379921849734], [33.75292891746478, 17.80737665453337], [33.75292664229398, 17.806834372500408], [33.75236053234036, 17.806836551050242], [33.75235939564036, 17.806565409987062], [33.75179328646113, 17.80656758686332], [33.75179442230603, 17.806838727961797], [33.75207747733327, 17.8068376397108], [33.75207974993869, 17.807379921849734]], [[33.751510231841266, 17.806568674687107], [33.75179328646113, 17.80656758686332], [33.75179215063641, 17.806296445757265], [33.75150909644409, 17.806297533563402], [33.751510231841266, 17.806568674687107]], [[33.75262312212025, 17.801954922001478], [33.75290616939216, 17.801953832839782], [33.7529038950292, 17.801411550503737], [33.75318694142609, 17.801410460967944], [33.753183528750924, 17.800597037460072], [33.752900483636225, 17.800598126942848], [33.752898209475205, 17.800055844531045], [33.751766032233526, 17.800060198226745], [33.75176716759445, 17.800331339507057], [33.75120107799786, 17.800333513933765], [33.751202212524184, 17.800604655241777], [33.751485257759946, 17.800603568215497], [33.751487527727825, 17.80114585077353], [33.752053619848425, 17.80114367542214], [33.75205248399961, 17.800872534182204], [33.75233552960226, 17.80087144591002], [33.75233780217485, 17.801413728347022], [33.75262084861212, 17.8014126396301], [33.75262312212025, 17.801954922001478]], [[33.75007342995089, 17.801422423342732], [33.75035647654938, 17.801421337901296], [33.75035534324482, 17.80115019656315], [33.75007229707373, 17.80115128198698], [33.75007342995089, 17.801422423342732]], [[33.75176489689277, 17.799789056938856], [33.752330984699235, 17.799786880945106], [33.75232984852393, 17.799515739684935], [33.75261289196954, 17.79951465109163], [33.75261175538706, 17.799243509841546], [33.753177841363026, 17.799241331462106], [33.75317556654927, 17.7986990490099], [33.75289252442606, 17.798700138368964], [33.75289025054775, 17.79815785585111], [33.752607209259, 17.79815894476547], [33.752606072777446, 17.79788780347751], [33.75232303189581, 17.797888891964863], [33.75232075984786, 17.79734660933091], [33.75260379987489, 17.797345520878874], [33.75260039067245, 17.796532096924118], [33.75231735192726, 17.796533185323174], [33.75231962385414, 17.79707546800257], [33.752036584234226, 17.797076556027616], [33.752034313161886, 17.796534273312915], [33.75146823557065, 17.79653644806445], [33.75147504390218, 17.798163296329378], [33.75175808527164, 17.798162209052435], [33.75176035573136, 17.798704491711543], [33.751477313507266, 17.79870557902376], [33.75147844834004, 17.798976720359594], [33.75119540566845, 17.79897780728007], [33.75119767453977, 17.799520089964275], [33.75176376157217, 17.799517915643385], [33.75176489689277, 17.799789056938856]], [[33.754026970175445, 17.79923806082258], [33.754593055949286, 17.79923587834932], [33.75459077686216, 17.798693596074042], [33.75430773484003, 17.798694687479948], [33.754305456688506, 17.79815240513895], [33.754022415500785, 17.79815349610009], [33.75401672261249, 17.796797790026535], [33.75373368354102, 17.79679888048986], [33.75374278898652, 17.798968010258193], [33.75402583147644, 17.798966919653324], [33.754026970175445, 17.79923806082258]], [[33.750912362976706, 17.798978893791183], [33.75119540566845, 17.79897780728007], [33.75119427126301, 17.798706665926613], [33.7509112289986, 17.7987077524201], [33.750912362976706, 17.798978893791183]], [[33.75430203961296, 17.797338981570633], [33.75458507949854, 17.79733789025325], [33.754583940086526, 17.79706674906637], [33.75430090062823, 17.797067840366047], [33.75430203961296, 17.797338981570633]]]}, "properties": {"zone_id": "scene_03-Z0093", "scene": "scene_03", "pixel_count": 1047, "approx_area_m2": 942300.0, "centroid_x": 579635.988538682, "centroid_y": 1968223.0085959886, "centroid_lon": 33.751397891097305, "centroid_lat": 17.800043613786528, "mean_risk": 2.511598587036133, "max_risk": 3.8783841133117676, "median_risk": 2.3938677310943604, "high_priority_pixel_pct": 100.0, "priority_category": "HIGH PRIORITY", "threshold_type": "95th percentile prioritisation threshold", "recommendation": "Spectral-stress evidence detected. Prioritise field inspection to determine the underlying cause. Field verification required.", "priority_rank": 47}}, {"type": "Feature", "geometry": {"type": "Polygon", "coordinates": [[[33.6646296245176, 17.81176390348373], [33.66462661120646, 17.81095046519318], [33.664909678073386, 17.810949502876664], [33.6649086732443, 17.810678356780283], [33.66575787245492, 17.81067546741939], [33.66575988469717, 17.811217759510882], [33.66519375019711, 17.811219686223648], [33.665194755489594, 17.811490832289287], [33.66491168778507, 17.811491795046724], [33.664912692667684, 17.811762941120403], [33.6646296245176, 17.81176390348373]]]}, "properties": {"zone_id": "scene_03-Z0094", "scene": "scene_03", "pixel_count": 10, "approx_area_m2": 9000.0, "centroid_x": 570489.0, "centroid_y": 1969413.0, "centroid_lon": 33.6651367346654, "centroid_lat": 17.81111142037517, "mean_risk": 2.5677506923675537, "max_risk": 3.244591236114502, "median_risk": 2.5215539932250977, "high_priority_pixel_pct": 100.0, "priority_category": "HIGH PRIORITY", "threshold_type": "95th percentile prioritisation threshold", "recommendation": "Spectral-stress evidence detected. Prioritise field inspection to determine the underlying cause. Field verification required.", "priority_rank": 37}}, {"type": "Feature", "geometry": {"type": "Polygon", "coordinates": [[[33.58621820132355, 17.811743552189547], [33.58621731536861, 17.81147240202655], [33.585934243409355, 17.811473250456437], [33.58593335789789, 17.81120210027213], [33.5862164294294, 17.811201251855994], [33.586215543505915, 17.810930101677897], [33.586498614593964, 17.810929252865794], [33.58649772825848, 17.810658102693903], [33.586780798903064, 17.81065725348585], [33.58677991215559, 17.810386103320184], [33.58706298235672, 17.81038525371619], [33.587066531151955, 17.811469854278464], [33.58650038731213, 17.81147155318692], [33.586501273694815, 17.811742703336154], [33.58621820132355, 17.811743552189547]]]}, "properties": {"zone_id": "scene_03-Z0095", "scene": "scene_03", "pixel_count": 11, "approx_area_m2": 9900.0, "centroid_x": 562167.2727272727, "centroid_y": 1969385.4545454546, "centroid_lon": 33.58661502084614, "centroid_lat": 17.811113780615425, "mean_risk": 2.0513741970062256, "max_risk": 2.3030288219451904, "median_risk": 2.0647997856140137, "high_priority_pixel_pct": 100.0, "priority_category": "HIGH PRIORITY", "threshold_type": "95th percentile prioritisation threshold", "recommendation": "Spectral-stress evidence detected. Prioritise field inspection to determine the underlying cause. Field verification required.", "priority_rank": 203}}, {"type": "Feature", "geometry": {"type": "Polygon", "coordinates": [[[33.53809404936618, 17.811339596775632], [33.53809242296632, 17.810797291925773], [33.53780934972701, 17.810798070661477], [33.53780853697647, 17.81052691821261], [33.53752546415047, 17.810527696525963], [33.53752465184209, 17.810256544056923], [33.536392362104884, 17.810259653162678], [33.53639317270235, 17.81053080568213], [33.536110099804326, 17.81053158194686], [33.53611090998844, 17.81080273447136], [33.53554476329377, 17.810804285796802], [33.53554233535094, 17.80999082812522], [33.53582540742228, 17.809990052705082], [33.53582297832564, 17.809176595003322], [33.535539907537434, 17.809177370385733], [33.53554071679424, 17.809448522973113], [33.53525764556396, 17.8094492979584], [33.53525683673486, 17.80917814535846], [33.53497376591792, 17.80917891992149], [33.53497295753086, 17.80890776730145], [33.53412374627704, 17.80891008849475], [33.5341229391874, 17.80863893582952], [33.533839869168474, 17.80863970872872], [33.53383906252083, 17.808368556043412], [33.533272923295385, 17.808370100587716], [33.533271311753744, 17.807827795144387], [33.53412051800444, 17.807825477788576], [33.534119710972114, 17.807554325093168], [33.534402779266046, 17.807553551834452], [33.534401971820394, 17.80728239914405], [33.53468503967235, 17.807281625488226], [33.534684231813394, 17.80701047280282], [33.534967299223354, 17.8070096987499], [33.53496649095112, 17.8067385460695], [33.53553262487272, 17.806736996759877], [33.535531006660825, 17.806194691426704], [33.536663270910616, 17.80619158799253], [33.53666489254347, 17.806733893225047], [33.536947959425184, 17.806733116317258], [33.53694877069084, 17.8070042689096], [33.53723183798578, 17.807003491579582], [33.53723264969348, 17.807274644151768], [33.53751571740165, 17.80727386639949], [33.53751815389418, 17.80808732403296], [33.538084291833165, 17.808085767223737], [33.53808510488152, 17.808356919727892], [33.5386512436181, 17.808355361254737], [33.53865205753624, 17.808626513726082], [33.539218197070376, 17.80862495358894], [33.53921738229688, 17.808353801142903], [33.53950045161457, 17.80835302047248], [33.53950126681574, 17.808624172905855], [33.53978433654664, 17.8086233918131], [33.53978759920683, 17.809708001420507], [33.54007067063402, 17.809707219867377], [33.54007148676298, 17.80997837223769], [33.53922227115483, 17.80998071570597], [33.53922553068279, 17.81106532526377], [33.53865938344981, 17.811066885628595], [33.53865856940161, 17.810795733225167], [33.538375496191186, 17.810796512780335], [33.538377123446544, 17.81133881760493], [33.53809404936618, 17.811339596775632]], [[33.538657755367865, 17.810524580814196], [33.5389408281361, 17.81052380086194], [33.53894001368907, 17.810252648456064], [33.53865694134856, 17.81025342839567], [33.538657755367865, 17.810524580814196]], [[33.53780691151868, 17.80998461329221], [33.5380899834748, 17.809983834594387], [33.538088357219294, 17.80944152966907], [33.53752221500347, 17.80944308660452], [33.53752302726859, 17.8097142390962], [33.53780609881142, 17.809713460820703], [33.53780691151868, 17.80998461329221]], [[33.53893757043474, 17.809439191193157], [33.53922064147765, 17.809438410881796], [33.539219011858336, 17.808896106027444], [33.538652871468834, 17.80889766618987], [33.53865368541588, 17.809168818646125], [33.53893675604555, 17.809168038757104], [33.53893757043474, 17.809439191193157]], [[33.53638587784322, 17.80809043273543], [33.53666894687757, 17.80808965617431], [33.536668135981955, 17.80781850359955], [33.53695120457424, 17.80781772664136], [33.536950393265364, 17.807546574071658], [33.536384256921714, 17.807548127553172], [33.53638587784322, 17.80809043273543]]]}, "properties": {"zone_id": "scene_03-Z0096", "scene": "scene_03", "pixel_count": 201, "approx_area_m2": 180900.0, "centroid_x": 556881.7910447761, "centroid_y": 1969105.5223880596, "centroid_lon": 33.536734931185926, "centroid_lat": 17.80872689119568, "mean_risk": 2.490603446960449, "max_risk": 3.830087184906006, "median_risk": 2.397277593612671, "high_priority_pixel_pct": 100.0, "priority_category": "HIGH PRIORITY", "threshold_type": "95th percentile prioritisation threshold", "recommendation": "Spectral-stress evidence detected. Prioritise field inspection to determine the underlying cause. Field verification required.", "priority_rank": 48}}, {"type": "Feature", "geometry": {"type": "Polygon", "coordinates": [[[33.54092478951894, 17.81133178663012], [33.54092233710848, 17.810518329723905], [33.540639264441616, 17.810519112544227], [33.54063681344493, 17.809705655532007], [33.54091988482863, 17.809704872749762], [33.54091825004796, 17.809162568062614], [33.54120132056175, 17.809161784896066], [33.54120295619783, 17.809704089557822], [33.541486027552494, 17.809703305956177], [33.541485209299495, 17.809432153641776], [33.54176828021193, 17.809431369643136], [33.541769098892644, 17.80970252194482], [33.542335241529315, 17.809700952693014], [33.54233770022497, 17.81051440947646], [33.542620772804646, 17.8105136241978], [33.54261995279715, 17.81024247195693], [33.54318609705737, 17.81024090019594], [33.54318691792032, 17.81051205241132], [33.5434699904563, 17.81051126590349], [33.54347081176156, 17.810782418098572], [33.5426215928267, 17.810784776431124], [33.54262323291448, 17.81132708087513], [33.54205708517412, 17.811328651099103], [33.542056265978445, 17.81105749885541], [33.5417731925142, 17.81105828334006], [33.54177237376082, 17.810787131076108], [33.54120622764421, 17.81078869879078], [33.54120786345452, 17.811331003361985], [33.54092478951894, 17.81133178663012]]]}, "properties": {"zone_id": "scene_03-Z0097", "scene": "scene_03", "pixel_count": 39, "approx_area_m2": 35100.0, "centroid_x": 557416.1538461539, "centroid_y": 1969288.4615384615, "centroid_lon": 33.54178199107139, "centroid_lat": 17.81036646725727, "mean_risk": 2.119306802749634, "max_risk": 2.616342067718506, "median_risk": 2.0998919010162354, "high_priority_pixel_pct": 100.0, "priority_category": "HIGH PRIORITY", "threshold_type": "95th percentile prioritisation threshold", "recommendation": "Spectral-stress evidence detected. Prioritise field inspection to determine the underlying cause. Field verification required.", "priority_rank": 154}}, {"type": "Feature", "geometry": {"type": "Polygon", "coordinates": [[[33.58366878508057, 17.811208872850983], [33.5836679030067, 17.81093772254932], [33.58338483176173, 17.810938567264202], [33.583383068516405, 17.81039626661083], [33.58309999811122, 17.81039711088861], [33.58309911693975, 17.810125960536904], [33.58338218691722, 17.810125116272815], [33.58338130533369, 17.809853965927243], [33.58423051388904, 17.809851430717863], [33.58423492837901, 17.81120718216464], [33.58366878508057, 17.811208872850983]]]}, "properties": {"zone_id": "scene_03-Z0098", "scene": "scene_03", "pixel_count": 15, "approx_area_m2": 13500.0, "centroid_x": 561868.0, "centroid_y": 1969314.0, "centroid_lon": 33.58378906740326, "centroid_lat": 17.810476400858896, "mean_risk": 2.421363115310669, "max_risk": 3.1492340564727783, "median_risk": 2.4162871837615967, "high_priority_pixel_pct": 100.0, "priority_category": "HIGH PRIORITY", "threshold_type": "95th percentile prioritisation threshold", "recommendation": "Spectral-stress evidence detected. Prioritise field inspection to determine the underlying cause. Field verification required.", "priority_rank": 57}}, {"type": "Feature", "geometry": {"type": "Polygon", "coordinates": [[[33.51516422302627, 17.81113019541141], [33.51516188743246, 17.810316735099022], [33.51544496094659, 17.810315989166277], [33.51544418201524, 17.81004483572583], [33.51572725508781, 17.810044089395458], [33.51572647574256, 17.809772935959565], [33.516009548373574, 17.80977218923159], [33.51601032814655, 17.810043342655373], [33.51629340119144, 17.810042595505568], [33.51629496163438, 17.810584902306285], [33.51601188773402, 17.81058564948032], [33.51601266754852, 17.810856802881474], [33.51572959320657, 17.810857549657882], [33.51573037260717, 17.811128703063606], [33.51516422302627, 17.81113019541141]]]}, "properties": {"zone_id": "scene_03-Z0099", "scene": "scene_03", "pixel_count": 13, "approx_area_m2": 11700.0, "centroid_x": 554651.5384615385, "centroid_y": 1969294.6153846155, "centroid_lon": 33.51569588167679, "centroid_lat": 17.810492621584224, "mean_risk": 2.519611120223999, "max_risk": 3.3050575256347656, "median_risk": 2.3917977809906006, "high_priority_pixel_pct": 100.0, "priority_category": "HIGH PRIORITY", "threshold_type": "95th percentile prioritisation threshold", "recommendation": "Spectral-stress evidence detected. Prioritise field inspection to determine the underlying cause. Field verification required.", "priority_rank": 45}}, {"type": "Feature", "geometry": {"type": "Polygon", "coordinates": [[[33.70481659870529, 17.80945399558456], [33.70481553366613, 17.809182851716773], [33.70424941022559, 17.80918489127439], [33.704248346060616, 17.80891374736597], [33.70396528473964, 17.808914766513787], [33.70396422102119, 17.808643622581272], [33.70339809917786, 17.808645659614967], [33.70339597350808, 17.80810337166116], [33.70311291341334, 17.80810438953056], [33.703110788674245, 17.807562101513458], [33.70254467013862, 17.80756413595742], [33.7025467931673, 17.8081064240405], [33.70198067284587, 17.808108456911974], [33.70198279423945, 17.808650745030704], [33.70169973319524, 17.808651760884956], [33.70170079349265, 17.808922904949437], [33.70141773200199, 17.808923920410535], [33.70141667213221, 17.808652776329588], [33.701133611050366, 17.80865379136458], [33.70113467049251, 17.80892493546199], [33.70085160896422, 17.808925950103802], [33.7008505499497, 17.80865480598995], [33.700567488830245, 17.808655820205683], [33.70056537171286, 17.808113531922363], [33.70028231142985, 17.808114545695588], [33.700281253326956, 17.807843401526135], [33.69999819345277, 17.80784441487331], [33.699999251128055, 17.8081155590592], [33.69971619080748, 17.808116572013184], [33.699717248073924, 17.808387716207935], [33.69915112652123, 17.808389740919896], [33.69915007011002, 17.808118596692314], [33.69886700973316, 17.808119608417453], [33.69886595376831, 17.807848464165904], [33.69858289380031, 17.807849475465027], [33.69857972730105, 17.80703604261578], [33.6980136098744, 17.80703806388685], [33.69801044610924, 17.80622463087115], [33.69744433117313, 17.8062266504056], [33.697443277477305, 17.805955506019142], [33.69716022040874, 17.805956515155646], [33.69715916715917, 17.80568537074526], [33.69687611049945, 17.805686379455835], [33.69687505769613, 17.80541523502152], [33.69659200144526, 17.80541624330619], [33.69659094908817, 17.805145098847955], [33.69630789324615, 17.805146106706722], [33.69630684133527, 17.804874962224577], [33.6960237859021, 17.804875969657456], [33.69602063156406, 17.804062536116604], [33.69658673984665, 17.80406052093935], [33.696587792129, 17.804331665427853], [33.696870846669775, 17.804330657208595], [33.69686874126875, 17.803788368256726], [33.69630263387853, 17.80379038422032], [33.69630053026222, 17.803248095172798], [33.69601747739406, 17.803249102507642], [33.6960164260414, 17.802977957956188], [33.695733373582044, 17.802978964865208], [33.69573232267552, 17.802707820289857], [33.69601537470741, 17.802706813397172], [33.696014323392085, 17.802435668830586], [33.696297374977846, 17.80243466154475], [33.69629842672063, 17.802705806095], [33.69686453069103, 17.802703790262193], [33.696863478093334, 17.80243264574464], [33.69714652962303, 17.802431637230363], [33.6971475826482, 17.802702781731554], [33.69743063458666, 17.80270177279144], [33.69743168805799, 17.8029729172687], [33.69771474040522, 17.802971907902727], [33.697710524922336, 17.80188733001377], [33.69799357554103, 17.801886320303815], [33.697992521289656, 17.80161517582904], [33.6982755714622, 17.801614165726004], [33.69827451680212, 17.801343021260042], [33.69997281487917, 17.801336952141632], [33.69997598660941, 17.802150385221466], [33.70025903750555, 17.802149372219358], [33.700261152941174, 17.802691660868554], [33.70082725638692, 17.802689633570154], [33.70082831498783, 17.802960777850515], [33.70111136710998, 17.80295976357064], [33.70111242615716, 17.803230907826986], [33.70139547868797, 17.80322989312116], [33.70139653818144, 17.803501037353477], [33.701679591120914, 17.803500022221694], [33.70168171101928, 17.8040423106307], [33.701964764794916, 17.80404129505646], [33.70196370440883, 17.803770150872218], [33.70252981104861, 17.803768118528154], [33.702528749826385, 17.803496974369303], [33.70309485553582, 17.803494940420194], [33.70309804182401, 17.804308372775083], [33.70281498769624, 17.804309390003883], [33.70281604940252, 17.804580534123534], [33.70253299482838, 17.80458155095931], [33.70253405612599, 17.804852695087884], [33.70281711112765, 17.80485167823563], [33.70281923463447, 17.8053939664371], [33.70310229047232, 17.805392949142306], [33.70310441490964, 17.805935237280508], [33.702821358216696, 17.805936254608298], [33.70282454373144, 17.80674968680833], [33.70339065966384, 17.806747651644184], [33.703389596951595, 17.806476507618076], [33.703672654461926, 17.806475489438135], [33.70367478076043, 17.80701777744975], [33.70424089743475, 17.807015739795055], [33.704238769425956, 17.806473451849524], [33.703955711953384, 17.80647447084862], [33.7039514578727, 17.805389894800626], [33.703668402091445, 17.805390913324068], [33.70366627601946, 17.804848625221627], [33.70338322107438, 17.804849643302497], [33.70337684587642, 17.80322277871446], [33.703093793477464, 17.803223796286762], [33.703092731437984, 17.802952652145763], [33.70280967944764, 17.80295366929207], [33.70281074105966, 17.80322481344957], [33.702244636167485, 17.8032268465467], [33.702243575410414, 17.80295570235623], [33.70196052336354, 17.802956718274064], [33.701959463052766, 17.80268557405955], [33.701676411414525, 17.802686589551424], [33.70167429170438, 17.802144301066743], [33.70195734248771, 17.80214328560781], [33.701956282233425, 17.80187214137059], [33.701673231877535, 17.80187315681306], [33.70167217206951, 17.801602012551797], [33.70195522199796, 17.801600997125806], [33.70195204140456, 17.80078756434604], [33.702235090031934, 17.80078654856002], [33.702234029444384, 17.800515404301443], [33.70251707762552, 17.800514388122473], [33.70251601662941, 17.800243243872814], [33.70223296887568, 17.800244260035303], [33.7022319083258, 17.799973115761595], [33.701948860980615, 17.79997413149818], [33.70194674079211, 17.7994318428951], [33.70222978728255, 17.799430827191472], [33.70222872678917, 17.799159682895063], [33.7013795885435, 17.799162728728334], [33.70138064775478, 17.799433873074154], [33.7008145546422, 17.799435901615585], [33.70081243794791, 17.798893612850563], [33.70137852935105, 17.79889158437495], [33.70137641102255, 17.79834929564548], [33.7008103213288, 17.798351324055275], [33.70080926304745, 17.79808017964628], [33.70052621859971, 17.79808119322067], [33.70052410294804, 17.797538904347107], [33.700241059336165, 17.797539917479245], [33.70023894461426, 17.796997628542545], [33.69967285904342, 17.79699965351305], [33.699673915540366, 17.797270798018037], [33.69910782903984, 17.797272821383984], [33.69910571777392, 17.796730532300792], [33.69853963290761, 17.79673255396373], [33.698538578157354, 17.796461409377983], [33.69825553612338, 17.796462419579047], [33.698253427533636, 17.795920130352084], [33.69966863324326, 17.79591507541745], [33.69966757684014, 17.79564393087464], [33.70023365813815, 17.7956419060684], [33.700234715395815, 17.79591305057836], [33.70051775644393, 17.79591203754484], [33.70051987187014, 17.79645432650919], [33.70023682996747, 17.796455339575584], [33.70023577267225, 17.796184195080752], [33.69995273117809, 17.796185207721386], [33.69995484493274, 17.79672749673634], [33.70137005648855, 17.79672242927549], [33.70137111553052, 17.7969935736894], [33.701654158212584, 17.796992558952752], [33.70164886105441, 17.79563683688986], [33.70108277994431, 17.79563886578922], [33.70108066292179, 17.795096576845268], [33.70079762319304, 17.79509759064807], [33.70079550710022, 17.794555301640965], [33.70051246820716, 17.79455631500159], [33.70051035304396, 17.79401402593134], [33.70107642910238, 17.794011998866594], [33.701078545974475, 17.794554287871055], [33.70136158482994, 17.79455327369186], [33.70136370263173, 17.79509556263316], [33.701646742322865, 17.795094548011757], [33.70164780167923, 17.795365692454588], [33.70221388185954, 17.79536366195094], [33.70221176145664, 17.794821373123593], [33.70192872223039, 17.794822388547114], [33.70192660275729, 17.794280099656557], [33.701643564366684, 17.794281114637855], [33.70164144582331, 17.793738825684105], [33.701358408268334, 17.793739840223193], [33.70135734945208, 17.793468695718513], [33.70107431230549, 17.793469709831875], [33.70107325393525, 17.793198565303168], [33.700790217197046, 17.793199578990826], [33.700788101367344, 17.792657289877827], [33.70050506546473, 17.792658303123343], [33.70050295056454, 17.79211601394721], [33.70021991549749, 17.792117026750617], [33.700216744569566, 17.791303592880375], [33.6999337107652, 17.791304605225275], [33.699931597761406, 17.790762315907767], [33.69964856479253, 17.790763327810616], [33.69964539670897, 17.789949893728373], [33.69936236500269, 17.789950905172777], [33.69936130943946, 17.78967976044716], [33.69964434071864, 17.789678749019167], [33.699643284747076, 17.7894076043024], [33.6999263155804, 17.78940659248167], [33.69992737197906, 17.789677737182014], [33.70021040322071, 17.78967672493569], [33.70020828958797, 17.789134435560296], [33.70049131995666, 17.789133422937677], [33.70049237719073, 17.789404567612724], [33.70077540796772, 17.78940355456451], [33.70077858106392, 17.790216988494937], [33.70106161310343, 17.79021597498822], [33.701063729449096, 17.790758264204463], [33.70134676232404, 17.790757250255655], [33.70134782095221, 17.791028394835973], [33.701630854235475, 17.79102738046151], [33.70163403151425, 17.791840814107704], [33.702200100587206, 17.791838784032347], [33.70220222057579, 17.792381073026107], [33.702485255938356, 17.792380057341635], [33.70248631638808, 17.792651201810685], [33.70305238791102, 17.792649169181065], [33.70305344923395, 17.792920313609564], [33.703336485394324, 17.792919296664397], [33.70333967075783, 17.79373272985501], [33.70362270818093, 17.793731712451066], [33.7036237704337, 17.79400285681629], [33.70390680826515, 17.794001838986574], [33.70390787096402, 17.79427298332772], [33.70419090920381, 17.79427196507221], [33.70419197234878, 17.79454310938927], [33.704475010996916, 17.794542090707946], [33.70447607458801, 17.794813235000912], [33.70419303551263, 17.794814253698767], [33.7041962251175, 17.795627686581874], [33.704762305812864, 17.79562564867768], [33.70476336990679, 17.79589679292386], [33.70504641065339, 17.795895773341257], [33.7050485397525, 17.796438061777813], [33.70476549815135, 17.79643908139351], [33.704766562301984, 17.796710225616984], [33.70448352025464, 17.796711244839884], [33.70448564775801, 17.7972535332972], [33.70363651893885, 17.797256588609017], [33.70363758143695, 17.797527732875903], [33.703071494608515, 17.7975297677367], [33.70307043296505, 17.7972586234368], [33.702787389949854, 17.79725964023667], [33.70278845116601, 17.797530784553064], [33.702505407704656, 17.797531800960073], [33.70250752933887, 17.798074089603148], [33.70279057365487, 17.79807307316316], [33.702792696219134, 17.798615361743], [33.70307574137096, 17.798614344860646], [33.70307786486532, 17.799156633377212], [33.70336091085301, 17.799155616052474], [33.70336303527753, 17.79969790450577], [33.70364608210109, 17.799696886738605], [33.70364820745585, 17.800239175128624], [33.7039312551153, 17.80023815691902], [33.703932318248384, 17.800509301086155], [33.70421536631634, 17.800508282450604], [33.704216429895716, 17.80077942659365], [33.70449947837219, 17.80077840753214], [33.70450479868949, 17.802134128051218], [33.704221748075895, 17.802135147195386], [33.7042228117686, 17.802406291293035], [33.70393976070866, 17.802407310044252], [33.703940823992795, 17.802678454150854], [33.704506926948696, 17.802676416205873], [33.70450586280965, 17.802405272132333], [33.7047889138318, 17.802404252562155], [33.7047899783983, 17.802675396619165], [33.705073029829, 17.802674376622967], [33.70507622492436, 17.803487808698957], [33.704510119479224, 17.80348984838111], [33.70451544074139, 17.8048455685218], [33.704798495610916, 17.804844548802784], [33.704800625103125, 17.805386836773], [33.7050836808088, 17.805385816611356], [33.70508900700795, 17.80674153632173], [33.70565512263809, 17.806739494604255], [33.705658321150054, 17.807552926240305], [33.70594138021948, 17.8075519047175], [33.705940313602305, 17.80728076086295], [33.70622337222521, 17.807279738947116], [33.706224439269974, 17.80755088278509], [33.70650749830153, 17.807549860443086], [33.70650856579283, 17.807821004256915], [33.70679162523303, 17.807819981488716], [33.7067926931709, 17.8080911252784], [33.70707575301974, 17.808090102083998], [33.707080026671335, 17.809174677100632], [33.706796965112, 17.809175700361397], [33.70679803314467, 17.80944684411322], [33.7056657850072, 17.80945093312616], [33.70566365238193, 17.80890864548234], [33.705380591155496, 17.808909666678336], [33.70538272292548, 17.80945195435527], [33.70481659870529, 17.80945399558456]], [[33.70594778032024, 17.809178767685836], [33.70623084193644, 17.809177745654], [33.706229774777995, 17.80890660186144], [33.70651283594761, 17.80890557943654], [33.70651176838049, 17.808634435652987], [33.705945646877566, 17.80863648006001], [33.70594778032024, 17.809178767685836]], [[33.70169549219385, 17.807567184551335], [33.70254467013862, 17.80756413595742], [33.702543608652554, 17.80729299190453], [33.70226054978406, 17.807294008495617], [33.70225736672166, 17.80648057624207], [33.70140819385138, 17.806483623409505], [33.701406074469325, 17.805941335103796], [33.70083996083862, 17.805943364435052], [33.70083890203092, 17.805672220237934], [33.70055584561491, 17.805673234272767], [33.70055478725354, 17.805402090051636], [33.70027173124628, 17.805403103660478], [33.70027067333124, 17.80513195941534], [33.69970456211544, 17.80513398537151], [33.69970350507424, 17.804862841085946], [33.699420449865706, 17.804863853433293], [33.699419393270794, 17.804592709123746], [33.69913633847102, 17.80459372104514], [33.69913422619249, 17.80405143237052], [33.69885117222897, 17.804052443849578], [33.69884906088044, 17.803510155111873], [33.69828295460716, 17.80351217677585], [33.69828400941707, 17.803783321181278], [33.69800095582484, 17.803784331415393], [33.69800306464586, 17.80432662023631], [33.69885222793136, 17.804323588207073], [33.69885433939237, 17.804865876899374], [33.69913739463841, 17.804864865371098], [33.69913950702947, 17.80540715400032], [33.69970561917541, 17.8054051296495], [33.69970667625416, 17.805676273919925], [33.69998973272652, 17.805675261113766], [33.699990790251576, 17.805946405360196], [33.70027384713271, 17.805945392128045], [33.700277021103254, 17.806758824772643], [33.70056007924829, 17.806757811081606], [33.70056219617774, 17.807300099440617], [33.70169443199056, 17.807296040449007], [33.70169549219385, 17.807567184551335]], [[33.69801044610924, 17.80622463087115], [33.69829350354921, 17.806223620489565], [33.69829244857072, 17.80595247615225], [33.6980093915583, 17.805953486517446], [33.69801044610924, 17.80622463087115]], [[33.7025383015049, 17.805937271526524], [33.702821358216696, 17.805936254608298], [33.70282029641616, 17.80566511052648], [33.7025372401319, 17.805666127428218], [33.7025383015049, 17.805937271526524]], [[33.696867688596285, 17.803517223769447], [33.69715074183588, 17.803516215189735], [33.697149688754614, 17.803245070711245], [33.69743274154802, 17.803244061738393], [33.69743168805799, 17.8029729172687], [33.69686558330742, 17.802974934772177], [33.696867688596285, 17.803517223769447]], [[33.697715794322725, 17.80324305235605], [33.69799884707871, 17.803242042564207], [33.69799779273373, 17.802970898127256], [33.69771474040522, 17.802971907902727], [33.697715794322725, 17.80324305235605]], [[33.70137641102255, 17.79834929564548], [33.70165945584121, 17.79834828082651], [33.70165627720757, 17.797534847724947], [33.7013732336709, 17.79753586249452], [33.70137641102255, 17.79834929564548]], [[33.70193826079121, 17.79726268818016], [33.70222130386293, 17.79726167260835], [33.70222024352023, 17.796990528251417], [33.70193720087582, 17.796991543806755], [33.70193826079121, 17.79726268818016]], [[33.69910571777392, 17.796730532300792], [33.69967180256523, 17.796728509000502], [33.69967074610581, 17.79645736448038], [33.699104662169084, 17.796459387747845], [33.69910571777392, 17.796730532300792]], [[33.70391531038463, 17.796170993503964], [33.70419835161518, 17.79616997513279], [33.7041962251175, 17.795627686581874], [33.703913184741495, 17.795628704920006], [33.70391531038463, 17.796170993503964]]]}, "properties": {"zone_id": "scene_03-Z0100", "scene": "scene_03", "pixel_count": 999, "approx_area_m2": 899100.0, "centroid_x": 574373.4534534535, "centroid_y": 1968367.1471471472, "centroid_lon": 33.70175165293895, "centroid_lat": 17.801530751265133, "mean_risk": 2.423374652862549, "max_risk": 3.7805099487304688, "median_risk": 2.352015256881714, "high_priority_pixel_pct": 100.0, "priority_category": "HIGH PRIORITY", "threshold_type": "95th percentile prioritisation threshold", "recommendation": "Spectral-stress evidence detected. Prioritise field inspection to determine the underlying cause. Field verification required.", "priority_rank": 56}}, {"type": "Feature", "geometry": {"type": "Polygon", "coordinates": [[[33.628105143470606, 17.809444280134255], [33.628104194344836, 17.809173132019907], [33.62753806207322, 17.80917494951344], [33.62753521736293, 17.80836150503664], [33.62838441189617, 17.80835877831448], [33.62838631091878, 17.808901074551475], [33.62866937658479, 17.808900164795297], [33.62867127653016, 17.80944246097255], [33.628105143470606, 17.809444280134255]]]}, "properties": {"zone_id": "scene_03-Z0101", "scene": "scene_03", "pixel_count": 12, "approx_area_m2": 10800.0, "centroid_x": 566562.5, "centroid_y": 1969152.5, "centroid_lon": 33.62807957733956, "centroid_lat": 17.808879463981118, "mean_risk": 1.9743679761886597, "max_risk": 2.119886875152588, "median_risk": 1.9632282257080078, "high_priority_pixel_pct": 100.0, "priority_category": "HIGH PRIORITY", "threshold_type": "95th percentile prioritisation threshold", "recommendation": "Spectral-stress evidence detected. Prioritise field inspection to determine the underlying cause. Field verification required.", "priority_rank": 274}}, {"type": "Feature", "geometry": {"type": "Polygon", "coordinates": [[[33.6929164558687, 17.806513892342657], [33.69291540899522, 17.80624274770272], [33.69319846677107, 17.80624174469345], [33.69319323054478, 17.80488602146158], [33.69347628616431, 17.8048850181241], [33.69347733379991, 17.80515616276934], [33.69376038982837, 17.805155159006034], [33.69376458226698, 17.806239737446187], [33.69348152452833, 17.806240741274603], [33.69348257225694, 17.806511885882006], [33.6929164558687, 17.806513892342657]]]}, "properties": {"zone_id": "scene_03-Z0102", "scene": "scene_03", "pixel_count": 26, "approx_area_m2": 23400.0, "centroid_x": 573536.5384615385, "centroid_y": 1968912.6923076923, "centroid_lon": 33.693874418302954, "centroid_lat": 17.806489638558645, "mean_risk": 2.205573797225952, "max_risk": 2.9053094387054443, "median_risk": 2.1644883155822754, "high_priority_pixel_pct": 100.0, "priority_category": "HIGH PRIORITY", "threshold_type": "95th percentile prioritisation threshold", "recommendation": "Spectral-stress evidence detected. Prioritise field inspection to determine the underlying cause. Field verification required.", "priority_rank": 114}}, {"type": "Feature", "geometry": {"type": "Polygon", "coordinates": [[[33.713301987109034, 17.80779634476859], [33.71330090935539, 17.807525201354636], [33.7130178507808, 17.807526233527053], [33.71301569618608, 17.80698394664295], [33.712732638447534, 17.80698497837231], [33.71273156160644, 17.806713834902165], [33.71358073348197, 17.806710738535564], [33.7135796553773, 17.806439595108063], [33.71414576901016, 17.806437528849276], [33.71414684796996, 17.806708672243264], [33.71442990518522, 17.806707638482745], [33.71442882579785, 17.80643649510552], [33.71499493931575, 17.806434426389302], [33.71499385909243, 17.80616328303805], [33.71527691539505, 17.806162248082366], [33.71527907671599, 17.806704534743723], [33.71471296238132, 17.806706604312648], [33.714715122068704, 17.807248891010843], [33.71443206401745, 17.807249925214478], [33.714433143462315, 17.807521068568988], [33.713867026447154, 17.807523135781015], [33.71386810505599, 17.80779427916147], [33.713301987109034, 17.80779634476859]]]}, "properties": {"zone_id": "scene_03-Z0103", "scene": "scene_03", "pixel_count": 26, "approx_area_m2": 23400.0, "centroid_x": 575663.0769230769, "centroid_y": 1968977.3076923077, "centroid_lon": 33.71394116009603, "centroid_lat": 17.80700142800748, "mean_risk": 2.060410976409912, "max_risk": 2.511040210723877, "median_risk": 2.0293385982513428, "high_priority_pixel_pct": 100.0, "priority_category": "HIGH PRIORITY", "threshold_type": "95th percentile prioritisation threshold", "recommendation": "Spectral-stress evidence detected. Prioritise field inspection to determine the underlying cause. Field verification required.", "priority_rank": 195}}, {"type": "Feature", "geometry": {"type": "Polygon", "coordinates": [[[33.644799219989814, 17.807491895212998], [33.64479824575271, 17.80722074792707], [33.64451518362593, 17.807221680942884], [33.64451420983372, 17.806950533634264], [33.64423114811725, 17.806951466225335], [33.64423017476993, 17.80668031889404], [33.643947113463774, 17.806681251060386], [33.64394614056133, 17.80641010370641], [33.64366307966549, 17.806411035448054], [33.64366016234451, 17.805597593295435], [33.64422628155348, 17.80559572949323], [33.644225308292576, 17.805324582124136], [33.6447914265773, 17.805322716713903], [33.644792400693326, 17.805593864052746], [33.64535851976398, 17.805591996973956], [33.645359494752434, 17.80586314427496], [33.64564255468936, 17.805862210106056], [33.6456435301227, 17.806133357384354], [33.64592659046988, 17.806132422790718], [33.64592561460897, 17.805861275527576], [33.64620867451126, 17.805860340539514], [33.646207698240104, 17.80558919328398], [33.64649075769748, 17.805588257901505], [33.646489781016115, 17.80531711065358], [33.646772840028596, 17.805316174876715], [33.646771862937015, 17.805045027636407], [33.6470549215046, 17.805044091465152], [33.64705394400282, 17.80477294423247], [33.64762006023083, 17.80477107069167], [33.64761908189134, 17.804499923481817], [33.648468254820436, 17.80449711014461], [33.648467275215744, 17.804225962972822], [33.6493164467057, 17.804223145995394], [33.649320370359284, 17.805307734454434], [33.64903731150322, 17.805308673917395], [33.64903829203261, 17.80557982102849], [33.64875523273158, 17.805580760097115], [33.648756212850806, 17.805851907215885], [33.64847315310482, 17.805852845890158], [33.64847413281388, 17.80612399301659], [33.64819107262292, 17.8061249312965], [33.64819205192179, 17.80639607843059], [33.64790899128587, 17.806397016316126], [33.647909970174545, 17.806668163457868], [33.646777725746745, 17.806671910964866], [33.64677870294243, 17.806943058159817], [33.6462125797692, 17.806944929486065], [33.64621355612702, 17.807216076703803], [33.64536436995438, 17.8072188806666], [33.64536534504671, 17.80749002792225], [33.644799219989814, 17.807491895212998]]]}, "properties": {"zone_id": "scene_03-Z0104", "scene": "scene_03", "pixel_count": 115, "approx_area_m2": 103500.0, "centroid_x": 568523.4782608695, "centroid_y": 1968829.8260869565, "centroid_lon": 33.64657188672009, "centroid_lat": 17.805902760053407, "mean_risk": 3.0560367107391357, "max_risk": 4.52670955657959, "median_risk": 3.06634259223938, "high_priority_pixel_pct": 100.0, "priority_category": "HIGH PRIORITY", "threshold_type": "95th percentile prioritisation threshold", "recommendation": "Spectral-stress evidence detected. Prioritise field inspection to determine the underlying cause. Field verification required.", "priority_rank": 11}}, {"type": "Feature", "geometry": {"type": "Polygon", "coordinates": [[[33.75602768186848, 17.803839811611702], [33.756025397818554, 17.80329752977127], [33.75630844698481, 17.80329643560748], [33.75630730456281, 17.803025294693647], [33.75602425582401, 17.803026388839694], [33.75602311384974, 17.80275524790053], [33.755457017166194, 17.802757434928747], [33.75545815828557, 17.803028575903372], [33.75517510948595, 17.803029668821004], [33.75517282812235, 17.802487386828712], [33.754889780157356, 17.802488479301427], [33.754886359546134, 17.801675056203006], [33.75516940622885, 17.80167396378345], [33.755170546839764, 17.80194510480611], [33.755453593929644, 17.80194401195939], [33.75545131187326, 17.80140172994194], [33.756017404282574, 17.801399543091094], [33.75602082996204, 17.80221296599948], [33.75630387741853, 17.802211871906675], [33.7563061621611, 17.802754153772227], [33.75658921045218, 17.80275305923446], [33.75659035328133, 17.803024200138115], [33.756873401979554, 17.803023105173118], [33.75687568855368, 17.803565386922187], [33.756309589427104, 17.803567576513736], [33.75631073188967, 17.803838717412415], [33.75602768186848, 17.803839811611702]], [[33.755454734988234, 17.802215152956748], [33.75573778248527, 17.802214059682843], [33.75573664099926, 17.801942918703215], [33.755453593929644, 17.80194401195939], [33.755454734988234, 17.802215152956748]]]}, "properties": {"zone_id": "scene_03-Z0105", "scene": "scene_03", "pixel_count": 26, "approx_area_m2": 23400.0, "centroid_x": 580105.3846153846, "centroid_y": 1968500.7692307692, "centroid_lon": 33.75583712166575, "centroid_lat": 17.80253696460497, "mean_risk": 1.9876017570495605, "max_risk": 2.448268175125122, "median_risk": 1.9222362041473389, "high_priority_pixel_pct": 100.0, "priority_category": "HIGH PRIORITY", "threshold_type": "95th percentile prioritisation threshold", "recommendation": "Spectral-stress evidence detected. Prioritise field inspection to determine the underlying cause. Field verification required.", "priority_rank": 259}}, {"type": "Feature", "geometry": {"type": "Polygon", "coordinates": [[[33.74442036462885, 17.803342037923013], [33.74441699128222, 17.802528612939877], [33.74470003999134, 17.8025275356173], [33.74469891515497, 17.80225639395858], [33.74498196341668, 17.80225531624401], [33.74497858774514, 17.801441891274855], [33.74554468164408, 17.80143973472229], [33.745546933781455, 17.801982017972676], [33.745829981555765, 17.801980939047237], [33.74583448778026, 17.803065505387117], [33.74498533926806, 17.803068741145008], [33.74498646459182, 17.803339882763524], [33.74442036462885, 17.803342037923013]]]}, "properties": {"zone_id": "scene_03-Z0106", "scene": "scene_03", "pixel_count": 23, "approx_area_m2": 20700.0, "centroid_x": 578975.2173913043, "centroid_y": 1968490.4347826086, "centroid_lon": 33.74517366759186, "centroid_lat": 17.802484470674365, "mean_risk": 2.1780426502227783, "max_risk": 2.902425765991211, "median_risk": 2.041795492172241, "high_priority_pixel_pct": 100.0, "priority_category": "HIGH PRIORITY", "threshold_type": "95th percentile prioritisation threshold", "recommendation": "Spectral-stress evidence detected. Prioritise field inspection to determine the underlying cause. Field verification required.", "priority_rank": 125}}, {"type": "Feature", "geometry": {"type": "Polygon", "coordinates": [[[33.705921117731286, 17.802400170186697], [33.705920051473896, 17.802129026188336], [33.705353950416885, 17.802131068161895], [33.7053496889961, 17.801046491960296], [33.705066640148935, 17.80104751226667], [33.70506557526844, 17.8007763681808], [33.70563167208905, 17.800774327191718], [33.70563273782436, 17.80104547124448], [33.70591578663368, 17.801044450119218], [33.70591898523544, 17.801857882182407], [33.7062020353081, 17.801856860597997], [33.706204168658836, 17.802399148569144], [33.705921117731286, 17.802400170186697]]]}, "properties": {"zone_id": "scene_03-Z0107", "scene": "scene_03", "pixel_count": 12, "approx_area_m2": 10800.0, "centroid_x": 574787.5, "centroid_y": 1968372.5, "centroid_lon": 33.70565836800637, "centroid_lat": 17.801565078910347, "mean_risk": 1.8981099128723145, "max_risk": 1.9636709690093994, "median_risk": 1.9082057476043701, "high_priority_pixel_pct": 100.0, "priority_category": "HIGH PRIORITY", "threshold_type": "95th percentile prioritisation threshold", "recommendation": "Spectral-stress evidence detected. Prioritise field inspection to determine the underlying cause. Field verification required.", "priority_rank": 356}}, {"type": "Feature", "geometry": {"type": "Polygon", "coordinates": [[[33.75743606704156, 17.802207491440893], [33.75743377896079, 17.801665209687137], [33.75715073244032, 17.801666305382216], [33.75715187604313, 17.801937446280657], [33.756868829074946, 17.801938541584065], [33.756864256495156, 17.800853977873775], [33.756581211216286, 17.8008550726967], [33.75658235390339, 17.80112621365339], [33.755733216662854, 17.80112949571887], [33.75573207525793, 17.800858354708936], [33.75601512059766, 17.800857261114274], [33.75601397878562, 17.80058612011451], [33.75629702367768, 17.800585026128168], [33.75629245492283, 17.799500462124307], [33.756858541227174, 17.799498273065442], [33.75685625526208, 17.798955991089084], [33.75713929752913, 17.798954895981097], [33.75714044092886, 17.7992260369553], [33.757423483602935, 17.799224941420178], [33.75742462745032, 17.799496082369032], [33.75799071359221, 17.799493890035073], [33.75799300305736, 17.80003617183893], [33.75770995914186, 17.800037268246175], [33.757712247833595, 17.800579550055296], [33.75799529260384, 17.800578453612477], [33.75799758223164, 17.80112073535572], [33.75828062783633, 17.80111963846791], [33.75828406371273, 17.80193306097257], [33.758001016825816, 17.801934157913763], [33.758002161731206, 17.802205298751286], [33.75743606704156, 17.802207491440893]], [[33.75743377896079, 17.801665209687137], [33.75771682546093, 17.801664113582618], [33.75771568102362, 17.801392972712154], [33.757432634950874, 17.801394068798892], [33.75743377896079, 17.801665209687137]], [[33.756864256495156, 17.800853977873775], [33.757147301753726, 17.800852882641436], [33.757146158232146, 17.800581741712687], [33.75686311340096, 17.80058283692726], [33.756864256495156, 17.800853977873775]], [[33.756577783276725, 17.80004164978115], [33.75686082727347, 17.800040555011506], [33.75685968424017, 17.79976941404226], [33.75657664067079, 17.799770508794147], [33.756577783276725, 17.80004164978115]]]}, "properties": {"zone_id": "scene_03-Z0108", "scene": "scene_03", "pixel_count": 52, "approx_area_m2": 46800.0, "centroid_x": 580251.3461538461, "centroid_y": 1968291.3461538462, "centroid_lon": 33.75720627501391, "centroid_lat": 17.80063886671498, "mean_risk": 2.0317838191986084, "max_risk": 2.581820011138916, "median_risk": 1.9901167154312134, "high_priority_pixel_pct": 100.0, "priority_category": "HIGH PRIORITY", "threshold_type": "95th percentile prioritisation threshold", "recommendation": "Spectral-stress evidence detected. Prioritise field inspection to determine the underlying cause. Field verification required.", "priority_rank": 223}}, {"type": "Feature", "geometry": {"type": "Polygon", "coordinates": [[[33.69542721487369, 17.797014788600205], [33.69542616480499, 17.7967436438421], [33.69570920745319, 17.796742637718033], [33.69571025794918, 17.79701378245982], [33.69542721487369, 17.797014788600205]]]}, "properties": {"zone_id": "scene_03-Z0109", "scene": "scene_03", "pixel_count": 137, "approx_area_m2": 123300.0, "centroid_x": 573739.9270072993, "centroid_y": 1968147.591240876, "centroid_lon": 33.6957666400664, "centroid_lat": 17.799567721083452, "mean_risk": 2.1531803607940674, "max_risk": 2.809548854827881, "median_risk": 2.1175265312194824, "high_priority_pixel_pct": 100.0, "priority_category": "HIGH PRIORITY", "threshold_type": "95th percentile prioritisation threshold", "recommendation": "Spectral-stress evidence detected. Prioritise field inspection to determine the underlying cause. Field verification required.", "priority_rank": 131}}, {"type": "Feature", "geometry": {"type": "Polygon", "coordinates": [[[33.71101066195645, 17.80102599985002], [33.71100958810038, 17.800754856113105], [33.71072654006044, 17.80075588459163], [33.71072546665085, 17.800484740830466], [33.710442419019245, 17.800485768882876], [33.71044134605611, 17.800214625097464], [33.710158298832845, 17.800215652723782], [33.71015615381849, 17.799673365096915], [33.70987310743094, 17.799674392280483], [33.70987096334751, 17.799132104590026], [33.710437054394106, 17.799130049880155], [33.710439200187, 17.79967233750394], [33.71100529286684, 17.79967028108977], [33.71100421910612, 17.79939913731502], [33.711570310854945, 17.79939707929661], [33.711568161681306, 17.79885479179118], [33.71213425164436, 17.798852732201993], [33.71214285563505, 17.801021881774798], [33.71185980724403, 17.80102291190776], [33.71185873210575, 17.800751768220945], [33.71157568412305, 17.80075279792776], [33.71157675883392, 17.801023941631286], [33.71101066195645, 17.80102599985002]]]}, "properties": {"zone_id": "scene_03-Z0110", "scene": "scene_03", "pixel_count": 40, "approx_area_m2": 36000.0, "centroid_x": 575380.5, "centroid_y": 1968199.5, "centroid_lon": 33.71124711749883, "centroid_lat": 17.799981221933155, "mean_risk": 2.004939317703247, "max_risk": 2.38085675239563, "median_risk": 1.963921070098877, "high_priority_pixel_pct": 100.0, "priority_category": "HIGH PRIORITY", "threshold_type": "95th percentile prioritisation threshold", "recommendation": "Spectral-stress evidence detected. Prioritise field inspection to determine the underlying cause. Field verification required.", "priority_rank": 242}}, {"type": "Feature", "geometry": {"type": "Polygon", "coordinates": [[[33.60231599060558, 17.800577383323397], [33.602314171273775, 17.80003508396066], [33.602597224349935, 17.800034212360217], [33.60259631428085, 17.799763062681656], [33.60344547213007, 17.79976044546608], [33.60344456079492, 17.79948929582244], [33.60429371721624, 17.799486674964403], [33.60429645511697, 17.800300123745146], [33.6037303482878, 17.80030187147833], [33.60373126009893, 17.80057302108516], [33.60231599060558, 17.800577383323397]]]}, "properties": {"zone_id": "scene_03-Z0111", "scene": "scene_03", "pixel_count": 21, "approx_area_m2": 18900.0, "centroid_x": 563945.7142857143, "centroid_y": 1968170.0, "centroid_lon": 33.60335892370313, "centroid_lat": 17.800077056913253, "mean_risk": 2.3650965690612793, "max_risk": 3.1557023525238037, "median_risk": 2.360933780670166, "high_priority_pixel_pct": 100.0, "priority_category": "HIGH PRIORITY", "threshold_type": "95th percentile prioritisation threshold", "recommendation": "Spectral-stress evidence detected. Prioritise field inspection to determine the underlying cause. Field verification required.", "priority_rank": 71}}, {"type": "Feature", "geometry": {"type": "Polygon", "coordinates": [[[33.70731393987655, 17.79670103419078], [33.707312871880326, 17.796429890116432], [33.706746788962036, 17.796431935487753], [33.70674572183935, 17.79616079137265], [33.7061796396998, 17.796162835073496], [33.7061785734506, 17.795891690917667], [33.70646161410258, 17.79589066928849], [33.70646054744506, 17.79561952514167], [33.70702662783763, 17.795617480688524], [33.70702556034455, 17.795346336567317], [33.70759163980675, 17.795344290510137], [33.70759270815435, 17.79561543459814], [33.70787574828426, 17.79561441093898], [33.70787788589092, 17.79615669905909], [33.70759484490649, 17.79615772275146], [33.70759698173453, 17.79670001087452], [33.70731393987655, 17.79670103419078]]]}, "properties": {"zone_id": "scene_03-Z0112", "scene": "scene_03", "pixel_count": 63, "approx_area_m2": 56700.0, "centroid_x": 575085.7142857143, "centroid_y": 1967878.0952380951, "centroid_lon": 33.70845438297297, "centroid_lat": 17.7970864145763, "mean_risk": 2.075202226638794, "max_risk": 3.1628406047821045, "median_risk": 1.9723411798477173, "high_priority_pixel_pct": 100.0, "priority_category": "HIGH PRIORITY", "threshold_type": "95th percentile prioritisation threshold", "recommendation": "Spectral-stress evidence detected. Prioritise field inspection to determine the underlying cause. Field verification required.", "priority_rank": 179}}, {"type": "Feature", "geometry": {"type": "Polygon", "coordinates": [[[33.65750324851148, 17.79823049628547], [33.65750126276946, 17.797688202567443], [33.65721821638999, 17.79768915347576], [33.657217223972765, 17.79741800658998], [33.65778331585938, 17.797416104394838], [33.65778232260512, 17.79714495753237], [33.658065368094654, 17.797144005836184], [33.65806636177623, 17.797415152683215], [33.65834940767543, 17.797414200562226], [33.658351395946205, 17.79795649420272], [33.658068349192334, 17.79795744635461], [33.658069342926865, 17.798228593178962], [33.65750324851148, 17.79823049628547]]]}, "properties": {"zone_id": "scene_03-Z0113", "scene": "scene_03", "pixel_count": 10, "approx_area_m2": 9000.0, "centroid_x": 569721.0, "centroid_y": 1967928.0, "centroid_lon": 33.657841017738235, "centroid_lat": 17.797714175621863, "mean_risk": 2.4786953926086426, "max_risk": 2.9059605598449707, "median_risk": 2.472850799560547, "high_priority_pixel_pct": 100.0, "priority_category": "HIGH PRIORITY", "threshold_type": "95th percentile prioritisation threshold", "recommendation": "Spectral-stress evidence detected. Prioritise field inspection to determine the underlying cause. Field verification required.", "priority_rank": 49}}, {"type": "Feature", "geometry": {"type": "Polygon", "coordinates": [[[33.643064904049986, 17.797465029285952], [33.64306296200085, 17.796922733965918], [33.64334600797037, 17.796921803571827], [33.64334503654436, 17.796650655915567], [33.64391112757701, 17.796648793929513], [33.64391209985766, 17.796919941555572], [33.6441951457754, 17.796919009933394], [33.64419709124316, 17.797461305132586], [33.643064904049986, 17.797465029285952]]]}, "properties": {"zone_id": "scene_03-Z0114", "scene": "scene_03", "pixel_count": 10, "approx_area_m2": 9000.0, "centroid_x": 568215.0, "centroid_y": 1967856.0, "centroid_lon": 33.64362973423025, "centroid_lat": 17.797110676112688, "mean_risk": 2.632343292236328, "max_risk": 3.349964141845703, "median_risk": 2.533426523208618, "high_priority_pixel_pct": 100.0, "priority_category": "HIGH PRIORITY", "threshold_type": "95th percentile prioritisation threshold", "recommendation": "Spectral-stress evidence detected. Prioritise field inspection to determine the underlying cause. Field verification required.", "priority_rank": 28}}, {"type": "Feature", "geometry": {"type": "Polygon", "coordinates": [[[33.61334396682971, 17.797289296438773], [33.6133430406834, 17.79701814722692], [33.613059992927894, 17.797019034228075], [33.61305814153927, 17.796476735752933], [33.61277509462197, 17.79647762231595], [33.61277231894428, 17.795664174503447], [33.61220622762422, 17.795665946315143], [33.612205303285776, 17.795394797000466], [33.6119222580284, 17.79539568227794], [33.611921334133655, 17.79512453294134], [33.612204378963746, 17.79512364767823], [33.61220345465814, 17.79485249834844], [33.61248649904453, 17.794851612690376], [33.61248372494444, 17.79403816469884], [33.613049811104375, 17.794036392241026], [33.61305443895934, 17.79539213871204], [33.61333748415099, 17.795391251797223], [33.61334026234317, 17.796204699546053], [33.6139063552409, 17.796202924402028], [33.61390820916053, 17.79674522280589], [33.613625161865265, 17.796746110611384], [33.6136270149961, 17.79728840901385], [33.61334396682971, 17.797289296438773]]]}, "properties": {"zone_id": "scene_03-Z0115", "scene": "scene_03", "pixel_count": 31, "approx_area_m2": 27900.0, "centroid_x": 564964.8387096775, "centroid_y": 1967681.6129032257, "centroid_lon": 33.61295938979564, "centroid_lat": 17.795632974674685, "mean_risk": 2.0867552757263184, "max_risk": 3.1506943702697754, "median_risk": 1.906711220741272, "high_priority_pixel_pct": 100.0, "priority_category": "HIGH PRIORITY", "threshold_type": "95th percentile prioritisation threshold", "recommendation": "Spectral-stress evidence detected. Prioritise field inspection to determine the underlying cause. Field verification required.", "priority_rank": 171}}, {"type": "Feature", "geometry": {"type": "Polygon", "coordinates": [[[33.639664477298766, 17.796391571053224], [33.639663511462174, 17.796120423186135], [33.63938046655095, 17.79612134821349], [33.63937853578383, 17.79557905242663], [33.63966157984047, 17.795578127429298], [33.63965868253658, 17.794764683737366], [33.63994172529424, 17.794763758375748], [33.63994075913333, 17.794492610478343], [33.64022380144659, 17.794491684722438], [33.64022283487559, 17.79422053683251], [33.64050587674442, 17.794219610682326], [33.64050684374266, 17.79449075855723], [33.64078988602156, 17.79448983198272], [33.64079472340681, 17.795845571168755], [33.64051167899155, 17.79584649781845], [33.640512646092866, 17.796117645648017], [33.640229601233145, 17.796118571903406], [33.64023056792433, 17.796389719740457], [33.639664477298766, 17.796391571053224]]]}, "properties": {"zone_id": "scene_03-Z0116", "scene": "scene_03", "pixel_count": 27, "approx_area_m2": 24300.0, "centroid_x": 567847.7777777778, "centroid_y": 1967663.3333333333, "centroid_lon": 33.64015882962016, "centroid_lat": 17.79538067011402, "mean_risk": 3.231679916381836, "max_risk": 4.350005626678467, "median_risk": 3.3507041931152344, "high_priority_pixel_pct": 100.0, "priority_category": "HIGH PRIORITY", "threshold_type": "95th percentile prioritisation threshold", "recommendation": "Spectral-stress evidence detected. Prioritise field inspection to determine the underlying cause. Field verification required.", "priority_rank": 7}}, {"type": "Feature", "geometry": {"type": "Polygon", "coordinates": [[[33.64249298953718, 17.795840002674577], [33.64249201946205, 17.79556885494283], [33.642208975577304, 17.795569784033457], [33.64220703633326, 17.795027488517146], [33.642490079363455, 17.795026559456673], [33.64248910934001, 17.79475541170226], [33.64277215192571, 17.794754482247544], [33.642771181492236, 17.79448333450067], [33.64305422363344, 17.794482404651735], [33.64305325278996, 17.79421125691239], [33.643902377828326, 17.794208464955094], [33.643901405720364, 17.793937317253494], [33.644750529321584, 17.793934521657903], [33.64475150271126, 17.794205669314138], [33.64446846110089, 17.794206601603754], [33.64447040707761, 17.79474889692381], [33.643621279579335, 17.794751691427567], [33.643623223061596, 17.795293986808105], [33.6433401796731, 17.795294917520938], [33.64334115101284, 17.795566065214977], [33.64305810717982, 17.79556699553359], [33.64305907810954, 17.795838143235162], [33.64249298953718, 17.795840002674577]]]}, "properties": {"zone_id": "scene_03-Z0117", "scene": "scene_03", "pixel_count": 29, "approx_area_m2": 26100.0, "centroid_x": 568185.5172413794, "centroid_y": 1967603.7931034483, "centroid_lon": 33.6433434017825, "centroid_lat": 17.79483208039667, "mean_risk": 2.5665364265441895, "max_risk": 3.722994565963745, "median_risk": 2.4538166522979736, "high_priority_pixel_pct": 100.0, "priority_category": "HIGH PRIORITY", "threshold_type": "95th percentile prioritisation threshold", "recommendation": "Spectral-stress evidence detected. Prioritise field inspection to determine the underlying cause. Field verification required.", "priority_rank": 38}}, {"type": "Feature", "geometry": {"type": "Polygon", "coordinates": [[[33.73357696104863, 17.78196240872573], [33.73357585437757, 17.781691265815194], [33.73385887094933, 17.781690205378315], [33.73385997804724, 17.781961348271633], [33.73357696104863, 17.78196240872573]]]}, "properties": {"zone_id": "scene_03-Z0118", "scene": "scene_03", "pixel_count": 658, "approx_area_m2": 592200.0, "centroid_x": 577945.6231003039, "centroid_y": 1966954.0121580546, "centroid_lon": 33.73540261445703, "centroid_lat": 17.788634922029235, "mean_risk": 2.1435933113098145, "max_risk": 3.1808700561523438, "median_risk": 2.0776987075805664, "high_priority_pixel_pct": 100.0, "priority_category": "HIGH PRIORITY", "threshold_type": "95th percentile prioritisation threshold", "recommendation": "Spectral-stress evidence detected. Prioritise field inspection to determine the underlying cause. Field verification required.", "priority_rank": 137}}, {"type": "Feature", "geometry": {"type": "Polygon", "coordinates": [[[33.70218738223742, 17.788585049434523], [33.70218632249734, 17.78831390483554], [33.70162026452918, 17.78831593448262], [33.701619205662034, 17.78804478984313], [33.70133617707679, 17.788045804036514], [33.70133511865551, 17.787774659373007], [33.7010520904785, 17.787775673140803], [33.701049974546414, 17.787233383758192], [33.70076694720469, 17.787234397083974], [33.70076377472861, 17.786420962904007], [33.700480748649134, 17.78642197577135], [33.70047863461303, 17.785879686247355], [33.70019560936877, 17.785880698672745], [33.70019243973641, 17.78506726428073], [33.70047546369974, 17.78506625190464], [33.70047757762315, 17.785608541474016], [33.70160967670433, 17.78560448774752], [33.70161285285424, 17.786417921847445], [33.70132982683116, 17.78641893594205], [33.701331943504485, 17.78696122533712], [33.701614970381584, 17.786960211209582], [33.701613911608504, 17.786689066532293], [33.70189693803978, 17.78668805201213], [33.70189587885851, 17.786416907343746], [33.70217890484395, 17.786415892430966], [33.70218102407934, 17.786958181727233], [33.702464050899984, 17.7869571663724], [33.70246617106474, 17.78749945560545], [33.7027491987206, 17.78749843980855], [33.7027513198148, 17.788040728978366], [33.7030343483059, 17.788039712739362], [33.70303540930832, 17.788310857296437], [33.70246935145317, 17.788312889398306], [33.70247041162032, 17.7885840339808], [33.70218738223742, 17.788585049434523]]]}, "properties": {"zone_id": "scene_03-Z0119", "scene": "scene_03", "pixel_count": 186, "approx_area_m2": 167400.0, "centroid_x": 574633.064516129, "centroid_y": 1967042.2580645161, "centroid_lon": 33.70415412716916, "centroid_lat": 17.789547412709098, "mean_risk": 2.0679798126220703, "max_risk": 2.815119981765747, "median_risk": 2.0004379749298096, "high_priority_pixel_pct": 100.0, "priority_category": "HIGH PRIORITY", "threshold_type": "95th percentile prioritisation threshold", "recommendation": "Spectral-stress evidence detected. Prioritise field inspection to determine the underlying cause. Field verification required.", "priority_rank": 185}}, {"type": "Feature", "geometry": {"type": "Polygon", "coordinates": [[[33.636258325784766, 17.793691163736934], [33.636256404725216, 17.793148867484785], [33.63682248550733, 17.793147026354955], [33.636820562807195, 17.79260473013235], [33.63710360231823, 17.792603808983422], [33.637104564086954, 17.79287495708355], [33.637387604008104, 17.79287403551041], [33.637388566221134, 17.793145183588038], [33.637671606552395, 17.793144261590673], [33.63767256920974, 17.793415409645778], [33.63682344688301, 17.793418174454924], [33.63682440827578, 17.79368932254735], [33.636258325784766, 17.793691163736934]]]}, "properties": {"zone_id": "scene_03-Z0120", "scene": "scene_03", "pixel_count": 10, "approx_area_m2": 9000.0, "centroid_x": 567504.0, "centroid_y": 1967424.0, "centroid_lon": 33.63690768606811, "centroid_lat": 17.793228094473722, "mean_risk": 2.0416009426116943, "max_risk": 2.23555326461792, "median_risk": 2.0571179389953613, "high_priority_pixel_pct": 100.0, "priority_category": "HIGH PRIORITY", "threshold_type": "95th percentile prioritisation threshold", "recommendation": "Spectral-stress evidence detected. Prioritise field inspection to determine the underlying cause. Field verification required.", "priority_rank": 212}}, {"type": "Feature", "geometry": {"type": "Polygon", "coordinates": [[[33.741263157234805, 17.792779324445615], [33.74126091927188, 17.79223704015689], [33.741543951962925, 17.79223596799965], [33.74154283258412, 17.791964825861328], [33.74210889705225, 17.791962680354], [33.74211113753834, 17.792504964553427], [33.74182810445991, 17.792506037546516], [33.74182922430565, 17.79277717965229], [33.741263157234805, 17.792779324445615]]]}, "properties": {"zone_id": "scene_03-Z0121", "scene": "scene_03", "pixel_count": 11, "approx_area_m2": 9900.0, "centroid_x": 578637.2727272727, "centroid_y": 1967386.3636363635, "centroid_lon": 33.74194394163126, "centroid_lat": 17.792517923285274, "mean_risk": 1.8441563844680786, "max_risk": 1.91605806350708, "median_risk": 1.8248652219772339, "high_priority_pixel_pct": 100.0, "priority_category": "HIGH PRIORITY", "threshold_type": "95th percentile prioritisation threshold", "recommendation": "Spectral-stress evidence detected. Prioritise field inspection to determine the underlying cause. Field verification required.", "priority_rank": 388}}, {"type": "Feature", "geometry": {"type": "Polygon", "coordinates": [[[33.74324439163448, 17.792771810507496], [33.74324326965292, 17.792500668488852], [33.74296023665415, 17.792501743118827], [33.74295799360515, 17.791959459023953], [33.74324102574961, 17.79195838442886], [33.743232050933635, 17.78978924788605], [33.74351507964125, 17.78978817302131], [33.74352518024298, 17.79222845144089], [33.74380821277472, 17.792227376009933], [33.74381045842654, 17.792769659984987], [33.74324439163448, 17.792771810507496]]]}, "properties": {"zone_id": "scene_03-Z0122", "scene": "scene_03", "pixel_count": 15, "approx_area_m2": 13500.0, "centroid_x": 578790.0, "centroid_y": 1967282.0, "centroid_lon": 33.74338093342659, "centroid_lat": 17.791569210062065, "mean_risk": 1.8638026714324951, "max_risk": 2.0310885906219482, "median_risk": 1.84927237033844, "high_priority_pixel_pct": 100.0, "priority_category": "HIGH PRIORITY", "threshold_type": "95th percentile prioritisation threshold", "recommendation": "Spectral-stress evidence detected. Prioritise field inspection to determine the underlying cause. Field verification required.", "priority_rank": 376}}, {"type": "Feature", "geometry": {"type": "Polygon", "coordinates": [[[33.71239040632349, 17.79207310667473], [33.71238825561744, 17.79153081886096], [33.712105222200236, 17.791531848818313], [33.71210414730301, 17.791260704883367], [33.71153808126559, 17.791262763537034], [33.71153700724172, 17.79099161956111], [33.71125397462151, 17.79099264825745], [33.711252901043856, 17.790721504257274], [33.71068683660049, 17.790723560388997], [33.71068361854462, 17.789910128242948], [33.71040058757568, 17.789911155645015], [33.71039629880967, 17.788826579277693], [33.71011326953002, 17.788827606203906], [33.71010469632869, 17.786658452972873], [33.70982167044631, 17.786659479356654], [33.70981845709099, 17.785846046720245], [33.70925240783112, 17.785848098160645], [33.70925026739732, 17.78530580963196], [33.71009933869671, 17.78530273195768], [33.710097195777195, 17.784760443498666], [33.70981417288369, 17.784761469765826], [33.70981310187945, 17.78449032550831], [33.709530079393865, 17.784491351349775], [33.709529008835595, 17.78422020706805], [33.708679942545565, 17.7842232820883], [33.708678873287134, 17.783952137749093], [33.708961894975886, 17.783951113168], [33.70895975566218, 17.78340882450016], [33.708676734827286, 17.78340984904798], [33.70867780404771, 17.78368099340232], [33.70754571881047, 17.783685087569967], [33.70754678634218, 17.783956231983208], [33.7078298081069, 17.78395520903821], [33.707834080131235, 17.785039786549135], [33.70755105665872, 17.78504080956056], [33.70754998905113, 17.784769665177567], [33.707266965986605, 17.784770687763334], [33.70726483168224, 17.78422839894146], [33.70698180945265, 17.78422942108501], [33.70697860941911, 17.783415987745695], [33.7078276722086, 17.783412920237378], [33.70782553638622, 17.782870631406308], [33.707542516329184, 17.782871654284875], [33.70754038143651, 17.782329365390343], [33.70725736221429, 17.78233038782671], [33.70725522825127, 17.78178809886873], [33.707821264969205, 17.781786053653427], [33.70782233279499, 17.782057198102986], [33.70867138901017, 17.782054127162898], [33.70867352728001, 17.78259641593961], [33.70839050770683, 17.782597440028542], [33.70839264519887, 17.783139728808273], [33.70924170642282, 17.783136655214715], [33.70924277647807, 17.78340779954333], [33.7098088180528, 17.783405748402643], [33.709801322088886, 17.781507738176614], [33.70951830429927, 17.78150876383489], [33.70951723395027, 17.781237619469987], [33.709234216568504, 17.78123864470265], [33.70923207678128, 17.780696355916874], [33.708383027082995, 17.78069942906133], [33.70838088993283, 17.780157140145505], [33.708097874182414, 17.780158163675864], [33.70809573796186, 17.779615874696557], [33.7078127230461, 17.77961689778476], [33.70780952013806, 17.77880346420927], [33.70724349281043, 17.778805509059296], [33.70724242606594, 17.778534364485807], [33.706959412800465, 17.778535386280883], [33.70695728022192, 17.777993097078042], [33.706674267791044, 17.777994118431053], [33.70667320195697, 17.77772297380171], [33.7063901899339, 17.777723994729268], [33.70638805917609, 17.777181705414737], [33.70667107034565, 17.777180684520346], [33.70667213614183, 17.777451829164807], [33.7072381592776, 17.777449786116264], [33.707239225946246, 17.777720930719987], [33.70752223791245, 17.77771990856582], [33.70752330502681, 17.77799105314538], [33.70780631740081, 17.77799003056574], [33.70780311483435, 17.77717659685418], [33.708086125909105, 17.777175573915493], [33.708087193839035, 17.777446718476963], [33.70837020532156, 17.777445695112803], [33.708369136964876, 17.777174550567953], [33.70893515901944, 17.777172502646305], [33.70893729745878, 17.777714791661918], [33.70950332114433, 17.777712742038272], [33.70950546136677, 17.778255030957073], [33.71007148668329, 17.77825297963132], [33.71007469972033, 17.7790664128529], [33.710640727521415, 17.7790643597916], [33.71064715923132, 17.780691225830594], [33.71036414277939, 17.780692252665737], [33.71036521437088, 17.78096339699578], [33.710648231249664, 17.78096237014397], [33.710649303287056, 17.781233514449774], [33.71036628598142, 17.781234541318263], [33.710367357611005, 17.781505685633185], [33.7106503753435, 17.781504658748023], [33.710651447418996, 17.781775803038713], [33.71121748368056, 17.78177374800814], [33.71121641075132, 17.781502603750816], [33.711782446082864, 17.78150054711776], [33.711780298574176, 17.78095825864722], [33.71206331535761, 17.780957229750666], [33.71206546372001, 17.78149951818779], [33.71234848133807, 17.781498488848854], [33.71235063063058, 17.782040777222313], [33.71263364908328, 17.782039747440987], [33.71263579930597, 17.782582035750753], [33.71235277999949, 17.782583065565525], [33.71235170530549, 17.782311921397703], [33.71150264855217, 17.782315008337978], [33.71150372196551, 17.78258615255592], [33.71206976067391, 17.782584094971313], [33.71207083496012, 17.782855239148283], [33.711787815188565, 17.782856268161787], [33.71178888906696, 17.78312741234791], [33.712071909265426, 17.783126383317697], [33.71207298358981, 17.783397527479547], [33.712922045351384, 17.78339443788475], [33.712923120975624, 17.78366558198888], [33.712640099980625, 17.783666612279546], [33.712643325687246, 17.78448004459674], [33.712926347963055, 17.78447901425589], [33.71292849938359, 17.785021302396093], [33.712362453105044, 17.785023362735647], [33.71236030339233, 17.784481074528557], [33.71207728107831, 17.784482104051335], [33.71208050439516, 17.78529553640077], [33.7115144571481, 17.78529759431945], [33.71151553077129, 17.785568738454213], [33.712081578872294, 17.78556668050212], [33.71208372788385, 17.78610896868214], [33.71180070298892, 17.786109997896126], [33.71180285122284, 17.78665228607931], [33.712085876971784, 17.786651256831902], [33.712086951544386, 17.786922400895442], [33.71265300383898, 17.78692034113994], [33.71265623023353, 17.787733773184865], [33.71293925763325, 17.78773274264329], [33.71294140951259, 17.788275030601966], [33.71265838125878, 17.788276061176994], [33.712673440575905, 17.792072076274728], [33.71239040632349, 17.79207310667473]], [[33.71209125002575, 17.78800697707396], [33.71237427789073, 17.788005947333897], [33.71237212775778, 17.787463659293195], [33.71208910074688, 17.78746468899983], [33.71208802613608, 17.787193544951414], [33.71180499953312, 17.787194574232235], [33.71180714791974, 17.787736862354905], [33.712090175376765, 17.787735833040674], [33.71209125002575, 17.78800697707396]], [[33.71095484672611, 17.78692651549731], [33.711237872959295, 17.786925487460486], [33.71123679966773, 17.786654343346846], [33.71151982545482, 17.78665331491762], [33.71151875175533, 17.786382170813113], [33.71123572639523, 17.786383199225643], [33.7112346531418, 17.78611205509688], [33.71095162818963, 17.786113083083638], [33.71095484672611, 17.78692651549731]], [[33.71066753083802, 17.78584296649164], [33.71095055538227, 17.78584193893063], [33.71094733707454, 17.785028506426197], [33.71066431381123, 17.785029533937166], [33.71066216922197, 17.78448724552971], [33.71037914679351, 17.78448827259828], [33.710382362425094, 17.785301705248145], [33.71009933869671, 17.78530273195768], [33.71010041018502, 17.785573876175846], [33.7106664584767, 17.785571822314377], [33.71066753083802, 17.78584296649164]], [[33.710091838811614, 17.78340472221879], [33.71037485955139, 17.78340369562593], [33.710373787788484, 17.783132551363934], [33.71009076747562, 17.78313357794013], [33.710091838811614, 17.78340472221879]], [[33.70809466988007, 17.779344730195564], [33.70837768435004, 17.779343706715068], [33.70837661586042, 17.779072562223142], [33.70865962988459, 17.779071538350358], [33.708658560987175, 17.778800393867495], [33.7083755473898, 17.77880141772365], [33.70837447893816, 17.7785302732166], [33.70809146574857, 17.778531296647238], [33.70809466988007, 17.779344730195564]], [[33.708656423249344, 17.778258104879082], [33.708939435974166, 17.778257080647297], [33.708938366706974, 17.77798593615838], [33.708655354408926, 17.777986960373543], [33.708656423249344, 17.778258104879082]]]}, "properties": {"zone_id": "scene_03-Z0123", "scene": "scene_03", "pixel_count": 480, "approx_area_m2": 432000.0, "centroid_x": 575289.9375, "centroid_y": 1966466.375, "centroid_lon": 33.71033072136587, "centroid_lat": 17.784320110497703, "mean_risk": 2.2259562015533447, "max_risk": 3.4187514781951904, "median_risk": 2.1206343173980713, "high_priority_pixel_pct": 100.0, "priority_category": "HIGH PRIORITY", "threshold_type": "95th percentile prioritisation threshold", "recommendation": "Spectral-stress evidence detected. Prioritise field inspection to determine the underlying cause. Field verification required.", "priority_rank": 105}}, {"type": "Feature", "geometry": {"type": "Polygon", "coordinates": [[[33.752581075289854, 17.79192269322627], [33.75257766729841, 17.791109268817117], [33.75229463709709, 17.791110356863005], [33.75228895965046, 17.789754649274677], [33.75313804378741, 17.789751384174426], [33.753147138194734, 17.79192051580094], [33.752581075289854, 17.79192269322627]]]}, "properties": {"zone_id": "scene_03-Z0124", "scene": "scene_03", "pixel_count": 21, "approx_area_m2": 18900.0, "centroid_x": 579784.2857142857, "centroid_y": 1967194.2857142857, "centroid_lon": 33.75275807325094, "centroid_lat": 17.790740591427085, "mean_risk": 2.5896105766296387, "max_risk": 3.0056071281433105, "median_risk": 2.7122135162353516, "high_priority_pixel_pct": 100.0, "priority_category": "HIGH PRIORITY", "threshold_type": "95th percentile prioritisation threshold", "recommendation": "Spectral-stress evidence detected. Prioritise field inspection to determine the underlying cause. Field verification required.", "priority_rank": 34}}, {"type": "Feature", "geometry": {"type": "Polygon", "coordinates": [[[33.7452211252906, 17.791679708886296], [33.745220000398845, 17.791408566959625], [33.744936969248336, 17.7914096443842], [33.74493472037902, 17.790867360473182], [33.744651690062774, 17.79086843745361], [33.7446505660852, 17.790597295469265], [33.74436753617609, 17.790598372023034], [33.74436865972656, 17.79086951402485], [33.74380259899426, 17.790871665939793], [33.74380147629801, 17.790600523903052], [33.74408450624703, 17.79059944816763], [33.74408338314362, 17.790328306140786], [33.744366412645576, 17.790327230013652], [33.74436191872314, 17.7892426619004], [33.743795863115935, 17.789244813605805], [33.74379474053935, 17.788973671523646], [33.74407776792587, 17.78897259589297], [33.744076644942176, 17.788701453820703], [33.74379361798272, 17.78870252943392], [33.74379249544604, 17.788431387336622], [33.74350946889368, 17.78843246252326], [33.74350834680398, 17.788161320400942], [33.742942294493545, 17.788163469511964], [33.74294005208208, 17.787621185174853], [33.743223077393196, 17.78762011085877], [33.743221955790325, 17.7873489686963], [33.74378800549872, 17.787346818871733], [33.74378688306176, 17.787075676736592], [33.744069907459036, 17.78707460122812], [33.74406878461502, 17.786803459102867], [33.744351808565334, 17.786802383202776], [33.74434956208315, 17.786260098964487], [33.74491560821594, 17.786257946006966], [33.74491673230103, 17.786529088094944], [33.74519975576445, 17.786528010985094], [33.74519863125237, 17.7862568689146], [33.74548165426882, 17.78625579141317], [33.745480529349756, 17.785984649352596], [33.74576355191924, 17.785983571459603], [33.74576242659318, 17.785712429408957], [33.74604544871569, 17.7857113511244], [33.74604657446872, 17.78598249315754], [33.74632959699821, 17.785981414446425], [33.746335228198404, 17.78733712441104], [33.74661825284285, 17.787336045203276], [33.746621633084196, 17.788149471038658], [33.7469046589897, 17.78814839136923], [33.746906913438124, 17.788690675186583], [33.747189940177684, 17.788689595072977], [33.74719445102314, 17.789774162546724], [33.74691142257531, 17.789775242730457], [33.74691254990967, 17.790046384597503], [33.74634649209977, 17.79004854377255], [33.74634761859998, 17.790319685667058], [33.74663064794204, 17.7903186062666], [33.746634028844085, 17.79113203185216], [33.7460679675773, 17.791134190349013], [33.74606909373044, 17.791405332230752], [33.74578606263991, 17.791406410882907], [33.745787188385926, 17.791677552774576], [33.7452211252906, 17.791679708886296]]]}, "properties": {"zone_id": "scene_03-Z0125", "scene": "scene_03", "pixel_count": 187, "approx_area_m2": 168300.0, "centroid_x": 578995.3475935829, "centroid_y": 1966967.0053475937, "centroid_lon": 33.745306449335715, "centroid_lat": 17.788714900082166, "mean_risk": 2.46692156791687, "max_risk": 3.701343536376953, "median_risk": 2.344015121459961, "high_priority_pixel_pct": 100.0, "priority_category": "HIGH PRIORITY", "threshold_type": "95th percentile prioritisation threshold", "recommendation": "Spectral-stress evidence detected. Prioritise field inspection to determine the underlying cause. Field verification required.", "priority_rank": 51}}, {"type": "Feature", "geometry": {"type": "Polygon", "coordinates": [[[33.74125756247658, 17.791423613667032], [33.74125644358457, 17.79115247148861], [33.7409734125822, 17.791153543167074], [33.74097117571204, 17.79061125875273], [33.74068814554404, 17.790612329987237], [33.74068255585181, 17.78925661873196], [33.740965583884375, 17.789255547584382], [33.74096893892137, 17.7900689743081], [33.74125196821531, 17.790067902699203], [33.741255324712434, 17.79088132930261], [33.74153835526781, 17.790880257232352], [33.74154059388619, 17.79142254156198], [33.74125756247658, 17.791423613667032]]]}, "properties": {"zone_id": "scene_03-Z0126", "scene": "scene_03", "pixel_count": 11, "approx_area_m2": 9900.0, "centroid_x": 578541.8181818182, "centroid_y": 1967151.8181818181, "centroid_lon": 33.74103463644845, "centroid_lat": 17.790401496249945, "mean_risk": 1.957227349281311, "max_risk": 2.0213053226470947, "median_risk": 1.9742382764816284, "high_priority_pixel_pct": 100.0, "priority_category": "HIGH PRIORITY", "threshold_type": "95th percentile prioritisation threshold", "recommendation": "Spectral-stress evidence detected. Prioritise field inspection to determine the underlying cause. Field verification required.", "priority_rank": 290}}, {"type": "Feature", "geometry": {"type": "Polygon", "coordinates": [[[33.707572412794896, 17.79046369563234], [33.70757134480784, 17.7901925514006], [33.707005281578496, 17.79019459682703], [33.707004214464625, 17.789923452554522], [33.70643815201367, 17.789925496311078], [33.70643601955118, 17.789383207677048], [33.70671904993194, 17.78938218603652], [33.706720116580804, 17.78965333034073], [33.70728617813966, 17.789651285799028], [33.70728084081409, 17.788295564368237], [33.7075638694297, 17.78829454156665], [33.70756707304934, 17.789107974398007], [33.707850102927175, 17.789106951137466], [33.70785437639404, 17.790191528073628], [33.70813740796127, 17.79019050433747], [33.70813847680255, 17.79046164853599], [33.707572412794896, 17.79046369563234]]]}, "properties": {"zone_id": "scene_03-Z0127", "scene": "scene_03", "pixel_count": 18, "approx_area_m2": 16200.0, "centroid_x": 574975.0, "centroid_y": 1967050.0, "centroid_lon": 33.70738034378321, "centroid_lat": 17.78960575417257, "mean_risk": 2.0349464416503906, "max_risk": 2.5777018070220947, "median_risk": 1.9901466369628906, "high_priority_pixel_pct": 100.0, "priority_category": "HIGH PRIORITY", "threshold_type": "95th percentile prioritisation threshold", "recommendation": "Spectral-stress evidence detected. Prioritise field inspection to determine the underlying cause. Field verification required.", "priority_rank": 218}}, {"type": "Feature", "geometry": {"type": "Polygon", "coordinates": [[[33.750562475211325, 17.782982625002376], [33.75056021050506, 17.78244034132394], [33.75027719382657, 17.782441425942007], [33.75027040275183, 17.7808145746194], [33.74970437445676, 17.78081674241742], [33.74970324353503, 17.780545600468635], [33.74998625726579, 17.780544516791686], [33.749983994629, 17.780002232906597], [33.75083303313972, 17.779998979527857], [33.75083076802255, 17.779456695718157], [33.750264744076055, 17.779458864975776], [33.750265875770985, 17.779730006919635], [33.74998286334076, 17.7797310909527], [33.749980600824614, 17.779188807022216], [33.749697589227864, 17.779189890611182], [33.74969419688477, 17.778376464605902], [33.749411186548244, 17.77837754773321], [33.749407795666286, 17.777564121607067], [33.74912478658993, 17.777565204272758], [33.74912365676286, 17.777294062198], [33.74884064809316, 17.777295144437257], [33.7488395187129, 17.777024002337352], [33.748556510449845, 17.777025084150203], [33.74855425260299, 17.77648279989255], [33.74827124517331, 17.776483881261438], [33.748270116706685, 17.7762127391037], [33.74855312370967, 17.776211657752373], [33.74854860833705, 17.775127089116033], [33.748265603040814, 17.775128170397103], [33.74826221800203, 17.77431474378772], [33.74797921396573, 17.77431582460733], [33.74797808608623, 17.774044682371517], [33.7485440932855, 17.77404252035863], [33.74854522201829, 17.774313662559326], [33.74882822601448, 17.77431258092217], [33.748827096855045, 17.77404143873904], [33.7493931039339, 17.774039274273555], [33.749394233946624, 17.774310416421525], [33.74967723788256, 17.774309333558048], [33.74968289038085, 17.77566504409648], [33.749965896430034, 17.775663960736253], [33.749963634517066, 17.775121676578767], [33.75024663969279, 17.775120592844935], [33.750244377006915, 17.774578308692387], [33.75052738130919, 17.77457722458498], [33.75052624956977, 17.774306082514965], [33.75165826487101, 17.774301742068058], [33.75166166526954, 17.7751151680439], [33.75194467032447, 17.77511408185732], [33.75195487644852, 17.77755435921751], [33.751671867553256, 17.777555445562864], [33.75167300124109, 17.77782658747158], [33.75138999189893, 17.777827673425723], [33.75139679188853, 17.77945452482494], [33.75111377996561, 17.779455610475996], [33.75111604593637, 17.77999789425045], [33.75139905871289, 17.779996808564135], [33.75140245910052, 17.78081023411617], [33.75168547313735, 17.780809147968036], [33.751687741016845, 17.78135143159629], [33.751970755887186, 17.781350345003933], [33.75197529359546, 17.78243491209904], [33.75169227701767, 17.782435998761965], [33.75169341106826, 17.78270714053446], [33.75141039404344, 17.78270822680605], [33.7514115276873, 17.78297936858861], [33.750562475211325, 17.782982625002376]], [[33.74997833838889, 17.778646523061454], [33.750544359814945, 17.778644354727263], [33.75054096375161, 17.777830928835], [33.750257954328916, 17.77783201315371], [33.75025682277479, 17.777560871156883], [33.74997381375873, 17.77756195504913], [33.74997833838889, 17.778646523061454]], [[33.74940101444483, 17.775937269150486], [33.7496840209408, 17.77593618618147], [33.74968289038085, 17.77566504409648], [33.74939988431157, 17.775666127047906], [33.74940101444483, 17.775937269150486]]]}, "properties": {"zone_id": "scene_03-Z0128", "scene": "scene_03", "pixel_count": 322, "approx_area_m2": 289800.0, "centroid_x": 579591.0559006211, "centroid_y": 1965996.801242236, "centroid_lon": 33.7508898535063, "centroid_lat": 17.779924659592567, "mean_risk": 2.5712432861328125, "max_risk": 3.9434895515441895, "median_risk": 2.5215799808502197, "high_priority_pixel_pct": 100.0, "priority_category": "HIGH PRIORITY", "threshold_type": "95th percentile prioritisation threshold", "recommendation": "Spectral-stress evidence detected. Prioritise field inspection to determine the underlying cause. Field verification required.", "priority_rank": 35}}, {"type": "Feature", "geometry": {"type": "Polygon", "coordinates": [[[33.75850984850659, 17.78837491386647], [33.75850641439939, 17.78756149027903], [33.75878943860313, 17.78756039346259], [33.7587882935144, 17.78728925226944], [33.759637364722465, 17.787285959419016], [33.75963851109223, 17.787557100558722], [33.75935548694956, 17.78755819860244], [33.75935777889615, 17.788100480894773], [33.75907475387907, 17.788101578565033], [33.75907589945588, 17.788372719717664], [33.75850984850659, 17.78837491386647]]]}, "properties": {"zone_id": "scene_03-Z0129", "scene": "scene_03", "pixel_count": 11, "approx_area_m2": 9900.0, "centroid_x": 580445.4545454546, "centroid_y": 1966870.9090909092, "centroid_lon": 33.75898339884756, "centroid_lat": 17.78779381277616, "mean_risk": 2.3936843872070312, "max_risk": 3.4124295711517334, "median_risk": 2.285536766052246, "high_priority_pixel_pct": 100.0, "priority_category": "HIGH PRIORITY", "threshold_type": "95th percentile prioritisation threshold", "recommendation": "Spectral-stress evidence detected. Prioritise field inspection to determine the underlying cause. Field verification required.", "priority_rank": 64}}, {"type": "Feature", "geometry": {"type": "Polygon", "coordinates": [[[33.612744570301956, 17.787529692641364], [33.61274364560192, 17.78725854312896], [33.61302667799482, 17.787257657054997], [33.61302575288415, 17.78698650754943], [33.6127427209183, 17.786987393609007], [33.61274179625112, 17.786716244081507], [33.61330785931228, 17.786714471582], [33.61330693380744, 17.786443322075723], [33.61415602699469, 17.78644066030126], [33.614157880583065, 17.786982959219838], [33.61330878483355, 17.78698562108072], [33.613310635925444, 17.787527920055535], [33.612744570301956, 17.787529692641364]]]}, "properties": {"zone_id": "scene_03-Z0130", "scene": "scene_03", "pixel_count": 11, "approx_area_m2": 9900.0, "centroid_x": 565017.2727272727, "centroid_y": 1966715.4545454546, "centroid_lon": 33.613424276084885, "centroid_lat": 17.786898983478707, "mean_risk": 2.2092208862304688, "max_risk": 2.9234073162078857, "median_risk": 2.14444637298584, "high_priority_pixel_pct": 100.0, "priority_category": "HIGH PRIORITY", "threshold_type": "95th percentile prioritisation threshold", "recommendation": "Spectral-stress evidence detected. Prioritise field inspection to determine the underlying cause. Field verification required.", "priority_rank": 111}}, {"type": "Feature", "geometry": {"type": "Polygon", "coordinates": [[[33.731333789944486, 17.78712259411097], [33.73133158270668, 17.78658030829483], [33.731048558273436, 17.786581365359922], [33.73104745511095, 17.786310222423346], [33.7307644310851, 17.786311279062215], [33.73076112299618, 17.785497850155622], [33.73104414574109, 17.785496793568218], [33.73104524884477, 17.785767936527492], [33.73132827199705, 17.785766879513872], [33.73133047911719, 17.786309165375407], [33.73161350310384, 17.786308107918394], [33.73161681521213, 17.78712153660246], [33.731333789944486, 17.78712259411097]]]}, "properties": {"zone_id": "scene_03-Z0131", "scene": "scene_03", "pixel_count": 9, "approx_area_m2": 8100.0, "centroid_x": 577500.0, "centroid_y": 1966690.0, "centroid_lon": 33.73118878322243, "centroid_lat": 17.786264503461776, "mean_risk": 2.10367488861084, "max_risk": 2.610126256942749, "median_risk": 2.1828298568725586, "high_priority_pixel_pct": 100.0, "priority_category": "HIGH PRIORITY", "threshold_type": "95th percentile prioritisation threshold", "recommendation": "Spectral-stress evidence detected. Prioritise field inspection to determine the underlying cause. Field verification required.", "priority_rank": 161}}, {"type": "Feature", "geometry": {"type": "Polygon", "coordinates": [[[33.759919241641356, 17.787013719854585], [33.75991809488533, 17.786742578717572], [33.759635072044034, 17.786743677116895], [33.75963392573537, 17.78647253595447], [33.75991694814968, 17.786471437572978], [33.759913508065, 17.785658014093784], [33.760196529178, 17.785656915356736], [33.76019767627949, 17.7859280565062], [33.76048069779908, 17.78592695734226], [33.760484140506776, 17.786740380691715], [33.760201117706245, 17.78674147990918], [33.760202264889266, 17.787012621028357], [33.759919241641356, 17.787013719854585]]]}, "properties": {"zone_id": "scene_03-Z0132", "scene": "scene_03", "pixel_count": 9, "approx_area_m2": 8100.0, "centroid_x": 580566.6666666666, "centroid_y": 1966713.3333333333, "centroid_lon": 33.76012090714683, "centroid_lat": 17.786365200267568, "mean_risk": 1.9574415683746338, "max_risk": 2.2199459075927734, "median_risk": 1.9140124320983887, "high_priority_pixel_pct": 100.0, "priority_category": "HIGH PRIORITY", "threshold_type": "95th percentile prioritisation threshold", "recommendation": "Spectral-stress evidence detected. Prioritise field inspection to determine the underlying cause. Field verification required.", "priority_rank": 289}}, {"type": "Feature", "geometry": {"type": "Polygon", "coordinates": [[[33.749446236250705, 17.786782947048536], [33.74944397439684, 17.786240663441234], [33.749160951660926, 17.786241746669585], [33.749157560311765, 17.785428321149116], [33.74887453883668, 17.785429403915668], [33.74886888912454, 17.78407369447561], [33.74971794708541, 17.784070445212567], [33.74972134069486, 17.784883870741055], [33.74943832011386, 17.78488495429052], [33.74943945093027, 17.785156096135804], [33.74972247193822, 17.78515501256875], [33.74972360320167, 17.785426154388873], [33.750006624616475, 17.78542507039519], [33.75001115157923, 17.786509637529587], [33.749728128456525, 17.786510721593658], [33.7497292598205, 17.786781863375943], [33.749446236250705, 17.786782947048536]]]}, "properties": {"zone_id": "scene_03-Z0133", "scene": "scene_03", "pixel_count": 26, "approx_area_m2": 23400.0, "centroid_x": 579433.8461538461, "centroid_y": 1966592.3076923077, "centroid_lon": 33.74942921790023, "centroid_lat": 17.7853125657879, "mean_risk": 2.181410789489746, "max_risk": 2.7030181884765625, "median_risk": 2.1219236850738525, "high_priority_pixel_pct": 100.0, "priority_category": "HIGH PRIORITY", "threshold_type": "95th percentile prioritisation threshold", "recommendation": "Spectral-stress evidence detected. Prioritise field inspection to determine the underlying cause. Field verification required.", "priority_rank": 123}}, {"type": "Feature", "geometry": {"type": "Polygon", "coordinates": [[[33.74206634294024, 17.781659274812213], [33.742065223483195, 17.78138813241354], [33.74178220791198, 17.78138920469276], [33.74177885094072, 17.780575777399108], [33.74206186523142, 17.780574705172118], [33.742059626496385, 17.780032420306668], [33.742625653310824, 17.780030274695577], [33.742624533119525, 17.77975913228634], [33.7431905590007, 17.77975698507446], [33.743191680045605, 17.78002812744882], [33.7437577067007, 17.780025978566407], [33.74375658480218, 17.779754836226935], [33.74347357191141, 17.779755910855148], [33.74347245045963, 17.779484768490658], [33.7437554629236, 17.77948369387989], [33.74375434106496, 17.77921255152529], [33.7440373530822, 17.77921147652308], [33.74403623081672, 17.778940334178362], [33.74460225393778, 17.778938182982195], [33.744605623354815, 17.77975160988884], [33.74488863616578, 17.77975053362499], [33.74489088339724, 17.780292818156646], [33.744607869732654, 17.780293894455443], [33.74460899295153, 17.780565036727385], [33.74404296470883, 17.78056718813315], [33.744044087094004, 17.780838330432474], [33.7437610725159, 17.78083940553942], [33.74376219449418, 17.781110547848627], [33.743479179469304, 17.781111622564094], [33.74348030104068, 17.78138276488318], [33.742914270077435, 17.78138491312217], [33.74291539081504, 17.781656055468567], [33.74206634294024, 17.781659274812213]]]}, "properties": {"zone_id": "scene_03-Z0134", "scene": "scene_03", "pixel_count": 172, "approx_area_m2": 154800.0, "centroid_x": 578823.3139534884, "centroid_y": 1966276.3953488371, "centroid_lon": 33.74365761181332, "centroid_lat": 17.7824792892715, "mean_risk": 2.559070587158203, "max_risk": 3.7103235721588135, "median_risk": 2.5030500888824463, "high_priority_pixel_pct": 100.0, "priority_category": "HIGH PRIORITY", "threshold_type": "95th percentile prioritisation threshold", "recommendation": "Spectral-stress evidence detected. Prioritise field inspection to determine the underlying cause. Field verification required.", "priority_rank": 40}}, {"type": "Feature", "geometry": {"type": "Polygon", "coordinates": [[[33.544529090517514, 17.786375544746623], [33.54452662545644, 17.785562086255656], [33.54480965860036, 17.785561298875354], [33.54480554832221, 17.784205534636918], [33.54508857931645, 17.784204746911453], [33.54508611204392, 17.783391288316313], [33.54565217142664, 17.783389711714932], [33.545653817968294, 17.783932017401366], [33.54593684849167, 17.78393122846147], [33.54593849594585, 17.784473534092143], [33.54622152730857, 17.78447274471755], [33.546222351484616, 17.78474389750876], [33.54593931969488, 17.78474468689617], [33.545940143458566, 17.78501583969266], [33.54509104672053, 17.785018205438757], [33.545091869217785, 17.78528935826612], [33.545657934578486, 17.785287781485554], [33.54565958132498, 17.785830087066472], [33.54594261483745, 17.78582929803692], [33.545943438659684, 17.78610045080326], [33.54566040472018, 17.78610123984562], [33.54566122813, 17.786372392617235], [33.544529090517514, 17.786375544746623]]]}, "properties": {"zone_id": "scene_03-Z0135", "scene": "scene_03", "pixel_count": 37, "approx_area_m2": 33300.0, "centroid_x": 557797.2972972973, "centroid_y": 1966485.4054054054, "centroid_lon": 33.54530141965628, "centroid_lat": 17.785021283900903, "mean_risk": 2.5291385650634766, "max_risk": 3.907731056213379, "median_risk": 2.55763840675354, "high_priority_pixel_pct": 100.0, "priority_category": "HIGH PRIORITY", "threshold_type": "95th percentile prioritisation threshold", "recommendation": "Spectral-stress evidence detected. Prioritise field inspection to determine the underlying cause. Field verification required.", "priority_rank": 44}}, {"type": "Feature", "geometry": {"type": "Polygon", "coordinates": [[[33.76132861342612, 17.785652516318066], [33.76132746463719, 17.78538137523244], [33.761610485221254, 17.78538027446802], [33.76160818685073, 17.784837992309782], [33.76189120656048, 17.784836891172088], [33.76189235616247, 17.785108032237115], [33.762175376278726, 17.785106930672505], [33.762171926253245, 17.784293507508355], [33.76273796386283, 17.784291303259394], [33.76274141644993, 17.78510472631619], [33.76245839637455, 17.78510582869886], [33.76245954685086, 17.78537696972055], [33.76189350578489, 17.785379173294572], [33.76189465542773, 17.785650314344455], [33.76132861342612, 17.785652516318066]]]}, "properties": {"zone_id": "scene_03-Z0136", "scene": "scene_03", "pixel_count": 12, "approx_area_m2": 10800.0, "centroid_x": 580782.5, "centroid_y": 1966562.5, "centroid_lon": 33.76215131210344, "centroid_lat": 17.78499404704917, "mean_risk": 2.026111125946045, "max_risk": 2.314666271209717, "median_risk": 2.0401861667633057, "high_priority_pixel_pct": 100.0, "priority_category": "HIGH PRIORITY", "threshold_type": "95th percentile prioritisation threshold", "recommendation": "Spectral-stress evidence detected. Prioritise field inspection to determine the underlying cause. Field verification required.", "priority_rank": 227}}, {"type": "Feature", "geometry": {"type": "Polygon", "coordinates": [[[33.54367916673433, 17.786106751686695], [33.54367752593713, 17.7855644459419], [33.54339449273485, 17.78556523168575], [33.54339367278515, 17.785294078789295], [33.54311063999533, 17.785294864111293], [33.54310982048722, 17.785023711194548], [33.542826788109856, 17.7850244960947], [33.54282596904332, 17.784753343157675], [33.54339203292945, 17.784751772973767], [33.54338957325519, 17.783938314193946], [33.5436726038954, 17.783937528526625], [33.54367096333146, 17.783395222661248], [33.54423702286022, 17.783393650150447], [33.54423784398886, 17.783664803061374], [33.54452087415834, 17.783664016179614], [33.54452333891278, 17.784477474828854], [33.54424030746233, 17.78447826174894], [33.54424441354332, 17.785834026077485], [33.54396137994317, 17.785834812652336], [33.54396220077611, 17.786105965508202], [33.54367916673433, 17.786106751686695]]]}, "properties": {"zone_id": "scene_03-Z0137", "scene": "scene_03", "pixel_count": 66, "approx_area_m2": 59400.0, "centroid_x": 557524.0909090909, "centroid_y": 1966428.1818181819, "centroid_lon": 33.54272231628579, "centroid_lat": 17.784511234167145, "mean_risk": 2.64128041267395, "max_risk": 3.9617247581481934, "median_risk": 2.543153762817383, "high_priority_pixel_pct": 100.0, "priority_category": "HIGH PRIORITY", "threshold_type": "95th percentile prioritisation threshold", "recommendation": "Spectral-stress evidence detected. Prioritise field inspection to determine the underlying cause. Field verification required.", "priority_rank": 27}}, {"type": "Feature", "geometry": {"type": "Polygon", "coordinates": [[[33.72791661695603, 17.78198353192473], [33.7279155188223, 17.781712388671234], [33.72763250183911, 17.781713440519948], [33.7276303064839, 17.781171153956112], [33.72734729033491, 17.78117220536172], [33.72734509591143, 17.780629918733485], [33.72791112648253, 17.780627815581617], [33.72791332261338, 17.78117010214156], [33.72819633872335, 17.78116904991805], [33.7281974372449, 17.781440193169583], [33.72904648673817, 17.78143703399408], [33.72904758655983, 17.78170817718676], [33.72819853578598, 17.781711336413558], [33.72819963434657, 17.781982479649972], [33.72791661695603, 17.78198353192473]]]}, "properties": {"zone_id": "scene_03-Z0138", "scene": "scene_03", "pixel_count": 83, "approx_area_m2": 74700.0, "centroid_x": 577405.3012048192, "centroid_y": 1966257.1084337349, "centroid_lon": 33.730279482540425, "centroid_lat": 17.78235532025258, "mean_risk": 2.028062105178833, "max_risk": 2.757328987121582, "median_risk": 1.966927170753479, "high_priority_pixel_pct": 100.0, "priority_category": "HIGH PRIORITY", "threshold_type": "95th percentile prioritisation threshold", "recommendation": "Spectral-stress evidence detected. Prioritise field inspection to determine the underlying cause. Field verification required.", "priority_rank": 226}}, {"type": "Feature", "geometry": {"type": "Polygon", "coordinates": [[[33.49669307100028, 17.78541812166216], [33.496691572063064, 17.784875811819145], [33.49640853782702, 17.78487652961431], [33.49640404389706, 17.783249599834623], [33.49668707557109, 17.783248882109376], [33.49668782495312, 17.783520037079835], [33.49753692117622, 17.78351788141472], [33.49754142543431, 17.78514481086931], [33.49725839081121, 17.78514552990346], [33.497259141140546, 17.785416684797873], [33.49669307100028, 17.78541812166216]]]}, "properties": {"zone_id": "scene_03-Z0139", "scene": "scene_03", "pixel_count": 26, "approx_area_m2": 23400.0, "centroid_x": 552675.0, "centroid_y": 1966396.1538461538, "centroid_lon": 33.49697313538844, "centroid_lat": 17.784343212800923, "mean_risk": 1.8650654554367065, "max_risk": 1.9483113288879395, "median_risk": 1.8630427122116089, "high_priority_pixel_pct": 100.0, "priority_category": "HIGH PRIORITY", "threshold_type": "95th percentile prioritisation threshold", "recommendation": "Spectral-stress evidence detected. Prioritise field inspection to determine the underlying cause. Field verification required.", "priority_rank": 375}}, {"type": "Feature", "geometry": {"type": "Polygon", "coordinates": [[[33.635370844946024, 17.78284798987867], [33.635369886370945, 17.78257684140956], [33.63480383872968, 17.78257867728412], [33.63480288102547, 17.78230752877765], [33.63451985760622, 17.782308446086514], [33.63452081488352, 17.78257959460788], [33.63367174324297, 17.78258234412507], [33.63366983126688, 17.782040046985518], [33.63451890034594, 17.7820372975576], [33.63451698587642, 17.781495000477136], [33.63423396372086, 17.781495917332332], [33.63423109342481, 17.780682471610362], [33.63394807253289, 17.780683388011933], [33.63394711622841, 17.78041223940796], [33.63366409574636, 17.780413155385684], [33.63366313988574, 17.78014200675929], [33.63394615994093, 17.78014109079644], [33.63394520367045, 17.779869942177378], [33.6342282232818, 17.779869025820442], [33.63422726660148, 17.77959787720871], [33.63451028576898, 17.77959696045772], [33.634509328678824, 17.779325811853333], [33.63394329118048, 17.7793276449166], [33.6339413787585, 17.77878534762563], [33.633092324944464, 17.77878809406434], [33.6330932798665, 17.779059242758198], [33.63281026146771, 17.77906015743478], [33.63281217050905, 17.779602454829558], [33.631680093329656, 17.779606109565307], [33.6316810461684, 17.77987725831072], [33.630831986825484, 17.779879995113088], [33.63083103526726, 17.779608846323235], [33.630264996474416, 17.779610668783818], [33.63026404578678, 17.77933951995682], [33.63054706476482, 17.779338608945793], [33.630546113667265, 17.77906746012604], [33.63026309511605, 17.779068371122275], [33.630260243205235, 17.778254924573357], [33.63054326047601, 17.778254013621506], [33.63054135843303, 17.777711715914087], [33.63110739121667, 17.77770989284287], [33.631106439366974, 17.777438744007448], [33.63195548713517, 17.777436006378373], [33.63195262784671, 17.776622559960195], [33.632235642455264, 17.776621646643896], [33.63223659596124, 17.77689279544267], [33.63251961097961, 17.776891881702664], [33.632515795350415, 17.775807286521655], [33.632798808644836, 17.77580637243216], [33.63279785435321, 17.775535223632886], [33.63308086720393, 17.775534309149396], [33.633079912502545, 17.775263160357433], [33.63336292490958, 17.775262245479958], [33.63336196979845, 17.774991096695306], [33.63364498176179, 17.77499018142387], [33.63364402624093, 17.774719032646537], [33.6333610147043, 17.77471994790311], [33.63336005962713, 17.774448799103364], [33.633643070737065, 17.77444788386166], [33.63364211525018, 17.77417673506924], [33.63392512591645, 17.774175819433587], [33.63392608183001, 17.774446968211137], [33.63477511500687, 17.77444421880669], [33.63477415781323, 17.774173070073793], [33.63534017899268, 17.77417123512323], [33.635339220962685, 17.773900086412603], [33.635622231100186, 17.77389916833902], [33.63562127266056, 17.77362801963575], [33.636187292031074, 17.773626182292038], [33.63618633275515, 17.773355033611065], [33.63646934198817, 17.77335411434095], [33.636470301690764, 17.77362526300699], [33.637036320958934, 17.773623423210523], [33.637039202729156, 17.774436869073703], [33.63732221361768, 17.774435948517418], [33.6373231746686, 17.774707097108436], [33.63788919724776, 17.774705254739505], [33.63789112110771, 17.775247551839055], [33.63760810897326, 17.775248473257857], [33.637610032048165, 17.77579077035714], [33.63732701904318, 17.775791691397032], [33.63733182489584, 17.777147434087965], [33.637048809740016, 17.777148354793777], [33.63705073134713, 17.777690651847223], [33.63733374735651, 17.77768973111151], [33.63733470861248, 17.77796087961196], [33.637051692176314, 17.77796180036263], [33.63705361388591, 17.778504097370785], [33.637619648448336, 17.778502255400728], [33.637620610182374, 17.77877340386358], [33.63790362786475, 17.778772482250215], [33.63790747667917, 17.77985707596626], [33.63819049605177, 17.779856153884083], [33.638191458724975, 17.780127302279247], [33.63847447850731, 17.780126379773154], [33.638475441624486, 17.780397528145787], [33.6381924214153, 17.78039845066687], [33.63819434684727, 17.780940747419457], [33.63791132576724, 17.78094166956152], [33.637913250413895, 17.78148396631386], [33.637630228462996, 17.781484888076886], [33.637631190385086, 17.781756036456702], [33.6373481679902, 17.7817569578257], [33.63734912950248, 17.782028106212923], [33.6370661066636, 17.782029027187885], [33.63706706776607, 17.782300175582517], [33.6367840444832, 17.782301096163426], [33.63678500517583, 17.782572244565458], [33.635935933944054, 17.782575003898955], [33.63593689337299, 17.782846152338237], [33.635370844946024, 17.78284798987867]]]}, "properties": {"zone_id": "scene_03-Z0140", "scene": "scene_03", "pixel_count": 539, "approx_area_m2": 485100.0, "centroid_x": 567303.4508348794, "centroid_y": 1965755.5658627087, "centroid_lon": 33.634962279668336, "centroid_lat": 17.778154467596487, "mean_risk": 3.338690996170044, "max_risk": 5.160659313201904, "median_risk": 3.42474627494812, "high_priority_pixel_pct": 100.0, "priority_category": "HIGH PRIORITY", "threshold_type": "95th percentile prioritisation threshold", "recommendation": "Spectral-stress evidence detected. Prioritise field inspection to determine the underlying cause. Field verification required.", "priority_rank": 4}}, {"type": "Feature", "geometry": {"type": "Polygon", "coordinates": [[[33.545933553759, 17.782846617109698], [33.5459310828632, 17.782033158516725], [33.54621411038322, 17.78203236925747], [33.546213286353634, 17.78176121639089], [33.547628421599256, 17.78175726402342], [33.54762924776349, 17.782028416825824], [33.547063192855376, 17.782029999025553], [33.54706401818042, 17.78230115184611], [33.546497962359766, 17.78230273243541], [33.546499611346064, 17.782845038105254], [33.545933553759, 17.782846617109698]]]}, "properties": {"zone_id": "scene_03-Z0141", "scene": "scene_03", "pixel_count": 13, "approx_area_m2": 11700.0, "centroid_x": 557933.0769230769, "centroid_y": 1966172.3076923077, "centroid_lon": 33.54657381332005, "centroid_lat": 17.782187801249595, "mean_risk": 2.334641456604004, "max_risk": 2.9480199813842773, "median_risk": 2.3494739532470703, "high_priority_pixel_pct": 100.0, "priority_category": "HIGH PRIORITY", "threshold_type": "95th percentile prioritisation threshold", "recommendation": "Spectral-stress evidence detected. Prioritise field inspection to determine the underlying cause. Field verification required.", "priority_rank": 79}}, {"type": "Feature", "geometry": {"type": "Polygon", "coordinates": [[[33.54536338229628, 17.781492429990625], [33.5453617368718, 17.78095012414294], [33.545644762713415, 17.78094933575294], [33.545646408991715, 17.781491641575023], [33.54536338229628, 17.781492429990625]]]}, "properties": {"zone_id": "scene_03-Z0142", "scene": "scene_03", "pixel_count": 15, "approx_area_m2": 13500.0, "centroid_x": 557748.0, "centroid_y": 1966136.0, "centroid_lon": 33.544826754833124, "centroid_lat": 17.781864502531917, "mean_risk": 2.3237173557281494, "max_risk": 3.0358922481536865, "median_risk": 2.2399399280548096, "high_priority_pixel_pct": 100.0, "priority_category": "HIGH PRIORITY", "threshold_type": "95th percentile prioritisation threshold", "recommendation": "Spectral-stress evidence detected. Prioritise field inspection to determine the underlying cause. Field verification required.", "priority_rank": 82}}, {"type": "Feature", "geometry": {"type": "Polygon", "coordinates": [[[33.611592136826864, 17.78156794062291], [33.611591214195855, 17.781296790887023], [33.61130819111436, 17.781297674599625], [33.61130634675532, 17.780755375076524], [33.611589368983054, 17.780754491392614], [33.611586601286824, 17.779941042094407], [33.611869622217554, 17.7799401580446], [33.61187239119438, 17.78075360729974], [33.61215541338931, 17.780752722797885], [33.61215726030966, 17.781295022234854], [33.61187423726096, 17.781295906765436], [33.61187516031886, 17.781567056486963], [33.611592136826864, 17.78156794062291]]]}, "properties": {"zone_id": "scene_03-Z0143", "scene": "scene_03", "pixel_count": 10, "approx_area_m2": 9000.0, "centroid_x": 564840.0, "centroid_y": 1966047.0, "centroid_lon": 33.611731249213456, "centroid_lat": 17.780862509295723, "mean_risk": 2.1347270011901855, "max_risk": 2.8284692764282227, "median_risk": 1.9892830848693848, "high_priority_pixel_pct": 100.0, "priority_category": "HIGH PRIORITY", "threshold_type": "95th percentile prioritisation threshold", "recommendation": "Spectral-stress evidence detected. Prioritise field inspection to determine the underlying cause. Field verification required.", "priority_rank": 142}}, {"type": "Feature", "geometry": {"type": "Polygon", "coordinates": [[[33.53687176475559, 17.781244738967086], [33.5368709548579, 17.78097358565852], [33.53658792856652, 17.78097436136954], [33.536584690827304, 17.77988974800951], [33.53715073998057, 17.779888196279266], [33.53715155024754, 17.78015934960537], [33.537434575229454, 17.780158573114175], [33.53743781814899, 17.781243186292834], [33.53687176475559, 17.781244738967086]]]}, "properties": {"zone_id": "scene_03-Z0144", "scene": "scene_03", "pixel_count": 13, "approx_area_m2": 11700.0, "centroid_x": 556920.0, "centroid_y": 1965990.0, "centroid_lon": 33.5370112528585, "centroid_lat": 17.780566467682092, "mean_risk": 2.2641654014587402, "max_risk": 2.7431857585906982, "median_risk": 2.1362383365631104, "high_priority_pixel_pct": 100.0, "priority_category": "HIGH PRIORITY", "threshold_type": "95th percentile prioritisation threshold", "recommendation": "Spectral-stress evidence detected. Prioritise field inspection to determine the underlying cause. Field verification required.", "priority_rank": 96}}, {"type": "Feature", "geometry": {"type": "Polygon", "coordinates": [[[33.53772084482408, 17.78124240934219], [33.5377184113321, 17.78042894950735], [33.538001436712065, 17.78042817218557], [33.538000625150026, 17.780157018904838], [33.5385666750129, 17.780155463059586], [33.53856911230367, 17.78096892280338], [33.53828608609877, 17.7809697009684], [33.538286898131, 17.78124085421389], [33.53772084482408, 17.78124240934219]]]}, "properties": {"zone_id": "scene_03-Z0145", "scene": "scene_03", "pixel_count": 10, "approx_area_m2": 9000.0, "centroid_x": 557040.0, "centroid_y": 1966005.0, "centroid_lon": 33.53814376118656, "centroid_lat": 17.78069893663819, "mean_risk": 2.396373748779297, "max_risk": 3.5045530796051025, "median_risk": 2.1840264797210693, "high_priority_pixel_pct": 100.0, "priority_category": "HIGH PRIORITY", "threshold_type": "95th percentile prioritisation threshold", "recommendation": "Spectral-stress evidence detected. Prioritise field inspection to determine the underlying cause. Field verification required.", "priority_rank": 63}}, {"type": "Feature", "geometry": {"type": "Polygon", "coordinates": [[[33.75366543393313, 17.780530391779195], [33.75366429705604, 17.7802592500698], [33.7533812840141, 17.780260339045082], [33.75336878439423, 17.777277779547624], [33.75365179274169, 17.77727669076684], [33.753652929396516, 17.777547832559492], [33.75393593815051, 17.777546743352183], [33.753941623861486, 17.778902452113478], [33.75422463472905, 17.778901362408845], [33.7542269100085, 17.779443645824998], [33.7545099217094, 17.779442555676077], [33.75451447421817, 17.780527122346765], [33.75366543393313, 17.780530391779195]]]}, "properties": {"zone_id": "scene_03-Z0146", "scene": "scene_03", "pixel_count": 32, "approx_area_m2": 28800.0, "centroid_x": 579902.8125, "centroid_y": 1965916.875, "centroid_lon": 33.75382785878523, "centroid_lat": 17.77919098278424, "mean_risk": 2.1075940132141113, "max_risk": 2.532465696334839, "median_risk": 2.0819737911224365, "high_priority_pixel_pct": 100.0, "priority_category": "HIGH PRIORITY", "threshold_type": "95th percentile prioritisation threshold", "recommendation": "Spectral-stress evidence detected. Prioritise field inspection to determine the underlying cause. Field verification required.", "priority_rank": 158}}, {"type": "Feature", "geometry": {"type": "Polygon", "coordinates": [[[33.72791002844639, 17.78035667229031], [33.72790893042975, 17.780085528991425], [33.72734290156595, 17.780087632074995], [33.72733851310899, 17.77900305866725], [33.72705550035505, 17.779004109527396], [33.72705330709714, 17.778461822744013], [33.72677029517726, 17.778462873161146], [33.72676810285085, 17.777920586313396], [33.72705111391719, 17.777919535930383], [33.727050017356454, 17.777648392512226], [33.72676700671687, 17.777649442878182], [33.726765910602374, 17.777378299435405], [33.726482900370044, 17.77737934937545], [33.72648070905298, 17.776837062433103], [33.72619769965465, 17.776838111930207], [33.726196604452056, 17.77656696843064], [33.72563058645045, 17.776569066164246], [33.72562949212076, 17.776297922623044], [33.725346483517484, 17.776298970859575], [33.72534429576987, 17.775756683720456], [33.72506128800057, 17.77575773151412], [33.725058007805046, 17.77494430069768], [33.72534101429429, 17.77494325295507], [33.7253377329937, 17.774129822121637], [33.72505472778446, 17.774130869813185], [33.72505363448313, 17.773859726169896], [33.724770629681096, 17.773860773435665], [33.724769536825846, 17.77358962976781], [33.72420352801678, 17.773591723039033], [33.72420462001874, 17.77386286674089], [33.724487624859634, 17.773861820292662], [33.7244898097751, 17.7744041076397], [33.723923798367295, 17.774406200195354], [33.723922706753164, 17.77413505649163], [33.7236397014468, 17.774136102139302], [33.72363751913005, 17.773593814675195], [33.72335451465758, 17.77359485988013], [33.72335342395494, 17.773323716119755], [33.72307041988972, 17.773324760898962], [33.72306932963309, 17.773053617114055], [33.723635336890894, 17.773051527180847], [33.723633154729335, 17.77250923965626], [33.723350151963366, 17.772510284793288], [33.72334688014629, 17.771696853398776], [33.723629881632476, 17.771695808312682], [33.72362879063899, 17.77142466451637], [33.72419479269999, 17.771422573151998], [33.724195884546646, 17.771693716914335], [33.72476188738315, 17.77169162388112], [33.72476407284107, 17.77223391131512], [33.72504707508337, 17.77223286415142], [33.725048168268074, 17.77250400784006], [33.72533117091754, 17.772502960250613], [33.72533335819848, 17.77304524757119], [33.725616361681745, 17.773044199538955], [33.72561964402889, 17.773857630412056], [33.725902648772596, 17.773856581919983], [33.72590045966844, 17.773314294712865], [33.72618346353941, 17.773313245846094], [33.726184558508386, 17.7735843894364], [33.72731657550406, 17.773580189813536], [33.72731767219907, 17.773851333328057], [33.727034667552736, 17.77385238386398], [33.727035763840604, 17.774123527388003], [33.72731876891358, 17.77412247683502], [33.727320962401095, 17.77466476382626], [33.727603968307896, 17.77466371283035], [33.72760725996543, 17.775477143209283], [33.727041245572266, 17.77547924489471], [33.727040149186955, 17.77520810140849], [33.72675714238781, 17.77520915162093], [33.72675823834644, 17.77548029512421], [33.72647523110114, 17.775481344944897], [33.72647632665255, 17.77575248845766], [33.72591031125013, 17.775754586906693], [33.725912500704574, 17.7762968739777], [33.726761526339224, 17.776293725588662], [33.726760430322145, 17.776022582108073], [33.7273264464611, 17.776020481172026], [33.72732754333159, 17.776291624618494], [33.72761055179853, 17.776290573520168], [33.72760945450132, 17.77601943009077], [33.728175470523254, 17.776017326701787], [33.72817766684401, 17.776559613484693], [33.72846067567913, 17.776558561142792], [33.72846177429551, 17.77682970450582], [33.72874478353781, 17.77682865173798], [33.728745882600464, 17.77709979507634], [33.729028892249964, 17.777098741882558], [33.729029991758885, 17.777369885196254], [33.72959601185272, 17.777367777547916], [33.72959711223468, 17.777638920819815], [33.729880122679006, 17.777637866365247], [33.72988122350727, 17.777909009612458], [33.73016423435878, 17.777907954731887], [33.73016533563339, 17.77817909795441], [33.73044834689208, 17.778178042647838], [33.73044944861302, 17.778449185845663], [33.73016643692756, 17.77845024116937], [33.73016753824131, 17.77872138437677], [33.73045055035355, 17.77872032903592], [33.73045165211366, 17.77899147221862], [33.73016863957464, 17.778992527576605], [33.73016974092754, 17.779263670768874], [33.72988672794215, 17.77926472573509], [33.729885627016046, 17.778993582525693], [33.729319601840146, 17.778995691197192], [33.729321802004755, 17.77953797767691], [33.72960481545608, 17.779536923511372], [33.72960701655252, 17.78007920992661], [33.7290409879231, 17.780081317917233], [33.729042087647024, 17.78035246114773], [33.72847605808576, 17.78035456753688], [33.72847495921548, 17.780083424272174], [33.728191944832375, 17.78008447683626], [33.72819304327584, 17.780355620118055], [33.72791002844639, 17.78035667229031]], [[33.728189748004034, 17.779542190249984], [33.72847276153352, 17.779541137720074], [33.72847166272184, 17.779269994432685], [33.72818864961915, 17.779271046945503], [33.728189748004034, 17.779542190249984]]]}, "properties": {"zone_id": "scene_03-Z0147", "scene": "scene_03", "pixel_count": 257, "approx_area_m2": 231300.0, "centroid_x": 577047.1984435797, "centroid_y": 1965572.8015564203, "centroid_lon": 33.726876156055, "centroid_lat": 17.776183047633733, "mean_risk": 2.0019330978393555, "max_risk": 2.6096677780151367, "median_risk": 1.9735620021820068, "high_priority_pixel_pct": 100.0, "priority_category": "HIGH PRIORITY", "threshold_type": "95th percentile prioritisation threshold", "recommendation": "Spectral-stress evidence detected. Prioritise field inspection to determine the underlying cause. Field verification required.", "priority_rank": 245}}, {"type": "Feature", "geometry": {"type": "Polygon", "coordinates": [[[33.731588116138944, 17.78007181907841], [33.73158149515897, 17.778444960462018], [33.73186450674644, 17.778443903093905], [33.7318622990565, 17.777901616862273], [33.73157928832256, 17.777902674196046], [33.73158039173096, 17.778173817332814], [33.73129738055064, 17.778174874274878], [33.73129517460696, 17.777632587959456], [33.731012164260555, 17.777633644458334], [33.731011061744866, 17.777362501272115], [33.731294071664536, 17.777361444790397], [33.73129296874171, 17.777090301613775], [33.73016093065244, 17.777094525018946], [33.73015982945614, 17.77682338176617], [33.73044283858111, 17.77682232654529], [33.730440635393805, 17.776280040051322], [33.73015762712227, 17.77628109523793], [33.7301565259847, 17.77600995196247], [33.72987351812029, 17.77601100672312], [33.72987241742899, 17.775739863422967], [33.7293064024949, 17.775741971683566], [33.72930420287775, 17.775199684992085], [33.7295872095012, 17.77519863110043], [33.72958500910891, 17.774656344412932], [33.729868014859456, 17.774655290146722], [33.72986691426599, 17.774384146808753], [33.7301499195703, 17.774383092150885], [33.73014551568552, 17.77329851879192], [33.73042851926369, 17.773297463793817], [33.7304263165855, 17.772755177103242], [33.730709319290845, 17.772754121730667], [33.730712624617375, 17.773567551703767], [33.73099562858301, 17.773566495871002], [33.73099893536578, 17.77437992572459], [33.73128194059176, 17.77437886943159], [33.73127863252905, 17.773565439629476], [33.73156163645548, 17.773564382979192], [33.73156053338049, 17.77329323971386], [33.73184353686068, 17.773292182671977], [33.731844640362304, 17.773563325920147], [33.73212764424951, 17.773562268452338], [33.73212874819738, 17.773833411675763], [33.7324117524916, 17.773832353782012], [33.73241285688575, 17.774103496980693], [33.732129852164896, 17.774104554891625], [33.73213316418517, 17.77491798449384], [33.73269917616722, 17.77491586816008], [33.732698071287494, 17.774644725001274], [33.73298107682239, 17.774643666238404], [33.73298218212879, 17.77491480938001], [33.7332651880707, 17.77491375019115], [33.73326961119951, 17.77599832261313], [33.73355261882851, 17.775997262946635], [33.73355483136429, 17.776539549077828], [33.733837839827046, 17.776538488968082], [33.73383894655115, 17.776809632005122], [33.73412195542096, 17.776808571469306], [33.73412416978165, 17.777350857486248], [33.73440717948524, 17.777349796507142], [33.73441050245414, 17.778163225424116], [33.73469351341829, 17.77816216398445], [33.73469462154074, 17.778433306924413], [33.73441161014982, 17.77843436838132], [33.73441271786519, 17.77870551133096], [33.73526175325917, 17.778702325681866], [33.73526286227456, 17.778973468572207], [33.73554587445992, 17.77897240585415], [33.73555031242585, 17.78005697727083], [33.735267298533294, 17.780058040057916], [33.735266189439045, 17.779786897197837], [33.73498317595359, 17.779787959558753], [33.73498206730585, 17.77951681667386], [33.73469905422749, 17.77951787860862], [33.734696837844716, 17.77897559278164], [33.73384780105224, 17.778978776029113], [33.73385112181477, 17.7797922049133], [33.73356810823087, 17.779793265229657], [33.733567001717155, 17.77952212225861], [33.73328398854038, 17.77952318214884], [33.73328288247313, 17.77925203915301], [33.7329998697035, 17.779253098617133], [33.73300318668382, 17.78006652763353], [33.73243715852477, 17.78006864543824], [33.732436053698635, 17.779797502405955], [33.73187002631467, 17.779799618540622], [33.731871130287175, 17.780070761607274], [33.731588116138944, 17.78007181907841]], [[33.73271133114058, 17.777898442407764], [33.732994341795994, 17.777897383438525], [33.73299323627345, 17.777626240380116], [33.73271022604479, 17.77762729933216], [33.73271133114058, 17.777898442407764]], [[33.732141997102836, 17.777087129767], [33.7324250065173, 17.77708607166705], [33.732422797316666, 17.776543785428498], [33.732705805858046, 17.776542726954084], [33.73270359588253, 17.776000440719663], [33.732137580486985, 17.776002557190925], [33.732141997102836, 17.777087129767]], [[33.73327403464285, 17.77708289491411], [33.73355704397872, 17.777081835178777], [33.73355483136429, 17.776539549077828], [33.73327182288186, 17.776540608778745], [33.73327403464285, 17.77708289491411]]]}, "properties": {"zone_id": "scene_03-Z0148", "scene": "scene_03", "pixel_count": 244, "approx_area_m2": 219600.0, "centroid_x": 577609.0573770492, "centroid_y": 1965638.7295081967, "centroid_lon": 33.73217893792428, "centroid_lat": 17.7767591701967, "mean_risk": 2.149862289428711, "max_risk": 3.0204856395721436, "median_risk": 2.133197784423828, "high_priority_pixel_pct": 100.0, "priority_category": "HIGH PRIORITY", "threshold_type": "95th percentile prioritisation threshold", "recommendation": "Spectral-stress evidence detected. Prioritise field inspection to determine the underlying cause. Field verification required.", "priority_rank": 133}}, {"type": "Feature", "geometry": {"type": "Polygon", "coordinates": [[[33.612431968875654, 17.778853789720564], [33.61243104512816, 17.77858263995232], [33.61214802636442, 17.778583524748196], [33.61214710306017, 17.778312374958034], [33.61186408470684, 17.77831325933063], [33.6118631618458, 17.778042109518566], [33.61158014390286, 17.77804299346789], [33.61157829908359, 17.777500693792412], [33.611861316172934, 17.777499809871802], [33.61186039336111, 17.777228660037103], [33.61214341000727, 17.777227775721954], [33.612142486785075, 17.77695662589407], [33.61242550298805, 17.776955741184405], [33.612424579355505, 17.776684591363352], [33.61299061085865, 17.77668282074613], [33.612992459847256, 17.777225120323187], [33.61355849299175, 17.7772233480129], [33.613560343753235, 17.777765647502207], [33.613277326335634, 17.77776653389059], [33.61327917630932, 17.77830883337851], [33.61299615802168, 17.778309719386762], [33.6129980072075, 17.778852018873287], [33.612431968875654, 17.778853789720564]]]}, "properties": {"zone_id": "scene_03-Z0149", "scene": "scene_03", "pixel_count": 35, "approx_area_m2": 31500.0, "centroid_x": 564930.8571428572, "centroid_y": 1965707.142857143, "centroid_lon": 33.612577934927074, "centroid_lat": 17.777788090624, "mean_risk": 2.7690465450286865, "max_risk": 3.818361282348633, "median_risk": 2.6079869270324707, "high_priority_pixel_pct": 100.0, "priority_category": "HIGH PRIORITY", "threshold_type": "95th percentile prioritisation threshold", "recommendation": "Spectral-stress evidence detected. Prioritise field inspection to determine the underlying cause. Field verification required.", "priority_rank": 19}}, {"type": "Feature", "geometry": {"type": "Polygon", "coordinates": [[[33.74148465228652, 17.777865424239177], [33.74148241565635, 17.777323139152795], [33.74119940644726, 17.777324210353175], [33.74119493513234, 17.776239640020037], [33.740911927610256, 17.77624071074201], [33.74091081025791, 17.775969568122427], [33.741193817353285, 17.775968497417846], [33.741191581854785, 17.775426212190762], [33.741757594279164, 17.775424069624748], [33.741755357153444, 17.77488178443701], [33.742604373080795, 17.774878567626466], [33.742603253267774, 17.774607425073494], [33.742886258110424, 17.774606352003165], [33.7428840176908, 17.77406406690939], [33.74316702166023, 17.774062993465147], [33.74316590105364, 17.773791850924354], [33.74344890457652, 17.77379077708878], [33.74344778356323, 17.773519634557864], [33.7440137896959, 17.773517485695344], [33.744022765186806, 17.77568662545167], [33.744305771636505, 17.77568555026758], [33.74430801656208, 17.77622783509609], [33.743742001935956, 17.776229985125298], [33.743740880316594, 17.77595884267991], [33.743457873400324, 17.775959917063826], [33.74346011580558, 17.77650220198194], [33.74289410020644, 17.776504349593097], [33.74289073918865, 17.77569092209994], [33.742324726070045, 17.775693067971226], [33.742326965021874, 17.776235353043933], [33.74260997244452, 17.776234280277848], [33.74261221232937, 17.77677656528545], [33.74232920405329, 17.77677763808638], [33.742331443164325, 17.77731992309857], [33.74204843401488, 17.777320995525493], [33.74204955317351, 17.777592138037654], [33.74176654357745, 17.777593210073142], [33.74176766232922, 17.77786435259514], [33.74148465228652, 17.777865424239177]]]}, "properties": {"zone_id": "scene_03-Z0150", "scene": "scene_03", "pixel_count": 85, "approx_area_m2": 76500.0, "centroid_x": 578721.5294117647, "centroid_y": 1965519.5294117648, "centroid_lon": 33.74266912395359, "centroid_lat": 17.775642318072407, "mean_risk": 2.3852291107177734, "max_risk": 3.3369901180267334, "median_risk": 2.3843979835510254, "high_priority_pixel_pct": 100.0, "priority_category": "HIGH PRIORITY", "threshold_type": "95th percentile prioritisation threshold", "recommendation": "Spectral-stress evidence detected. Prioritise field inspection to determine the underlying cause. Field verification required.", "priority_rank": 67}}, {"type": "Feature", "geometry": {"type": "Polygon", "coordinates": [[[33.56912555425751, 17.777628651087696], [33.56912469589114, 17.77735749916058], [33.56884167683863, 17.777358321323504], [33.568839103111436, 17.776544865456867], [33.568556085324026, 17.776545687170852], [33.56855694279106, 17.776816839147273], [33.566858833186096, 17.77682176092453], [33.56685968810767, 17.77709291297335], [33.56629365059745, 17.777094550321234], [33.56629279652945, 17.776823398245817], [33.56572675981207, 17.77682503393154], [33.56572420025978, 17.77601157758038], [33.564875148910915, 17.776014027922884], [33.564872593335856, 17.775200571384502], [33.56515560918706, 17.775199755052313], [33.56515305246812, 17.774386298485883], [33.564870037897094, 17.774387114778293], [33.564869186114464, 17.774115962561147], [33.56515220025878, 17.774115146282], [33.56515134806458, 17.77384399407058], [33.565717375454355, 17.77384236031234], [33.56571652242192, 17.77357120811993], [33.56599953566737, 17.77357039064086], [33.565998682223416, 17.773299238454186], [33.56571566940466, 17.773300055919975], [33.56571481640256, 17.773028903712486], [33.56599782879464, 17.773028086259977], [33.56599441523126, 17.77194347740779], [33.566843447196504, 17.77194102275697], [33.56684430184453, 17.772212174941444], [33.567127312895884, 17.772211355893656], [33.56712560276173, 17.771669051543782], [33.56740861294458, 17.771668232113836], [33.567407757473674, 17.771397079940908], [33.567690767214685, 17.77139626011552], [33.5676959028282, 17.773023172960148], [33.56741289052728, 17.773023992865454], [33.567412034980315, 17.7727528407302], [33.56712902309086, 17.77275366021339], [33.567128167985764, 17.77248250805729], [33.56627913350617, 17.772484964014218], [33.56627998733127, 17.77275611621021], [33.56656299926632, 17.772755297953395], [33.56656385353327, 17.773026450128558], [33.56712987821114, 17.773024812361953], [33.56713073334664, 17.773295964502978], [33.56684772058862, 17.773296783603993], [33.566848575312626, 17.773567935750787], [33.56713158849733, 17.773567116636467], [33.56713244366323, 17.773838268762425], [33.56741545725943, 17.773837449225987], [33.567414601666826, 17.773566297113344], [33.56769761482112, 17.773565477181403], [33.56769675881705, 17.773294325074545], [33.56797977152944, 17.77329350474712], [33.567981484406175, 17.77383580892666], [33.567698470840405, 17.77383662928073], [33.56770103898959, 17.774650085533494], [33.568267068666145, 17.774648444336552], [33.56826621174776, 17.7743772922865], [33.568549226136476, 17.774376471088107], [33.56854493963963, 17.773020710791467], [33.568827951879626, 17.773019889250968], [33.568828809575194, 17.77329104131203], [33.56911182222663, 17.773290219349384], [33.5691101059974, 17.772747915246445], [33.56967612954779, 17.7727462701482], [33.569676988508114, 17.77301742217671], [33.569960000687075, 17.77301659900103], [33.56996086008935, 17.773287751008642], [33.57052688525478, 17.773286103404125], [33.57052774552571, 17.773557255377433], [33.57081075851217, 17.773556430948577], [33.570811619225076, 17.77382758290096], [33.57109463262294, 17.773826758049896], [33.57109549377785, 17.77409790998135], [33.57137850758709, 17.77409708470806], [33.57137936918402, 17.774368236618567], [33.571096354948075, 17.77436906190526], [33.571098077334455, 17.774911365730468], [33.57081506222976, 17.774912190635128], [33.570816783823915, 17.77545449445698], [33.571665831652474, 17.775452018436052], [33.57166755586834, 17.77599432214733], [33.57081850547929, 17.7759967982487], [33.57082280988553, 17.777352557596075], [33.570256771948536, 17.777354206419858], [33.57025763202209, 17.7776253582935], [33.56912555425751, 17.777628651087696]]]}, "properties": {"zone_id": "scene_03-Z0151", "scene": "scene_03", "pixel_count": 297, "approx_area_m2": 267300.0, "centroid_x": 560225.3535353536, "centroid_y": 1965384.5454545454, "centroid_lon": 33.56817719499916, "centroid_lat": 17.77500613600584, "mean_risk": 2.3349194526672363, "max_risk": 3.349088191986084, "median_risk": 2.288444757461548, "high_priority_pixel_pct": 100.0, "priority_category": "HIGH PRIORITY", "threshold_type": "95th percentile prioritisation threshold", "recommendation": "Spectral-stress evidence detected. Prioritise field inspection to determine the underlying cause. Field verification required.", "priority_rank": 78}}, {"type": "Feature", "geometry": {"type": "Polygon", "coordinates": [[[33.62572630218543, 17.77664254947505], [33.62572441485478, 17.776100251175908], [33.62600742898082, 17.7760993468841], [33.62600648491392, 17.775828197737894], [33.626289498596435, 17.775827293051922], [33.6262885541196, 17.775556143912866], [33.62657156735859, 17.775555238832748], [33.626568732748645, 17.77474179141441], [33.627417768524374, 17.7747390738534], [33.62741682240789, 17.77446792474301], [33.62713381092615, 17.774468830990777], [33.62713286525318, 17.774197681858116], [33.626566843092675, 17.774199493097797], [33.62656589828988, 17.773928343928166], [33.62571686620322, 17.77393105767753], [33.62571497920808, 17.773388759227483], [33.625997989067066, 17.77338785508254], [33.62599610128569, 17.772845556631694], [33.62627911027458, 17.772844652107345], [33.62627816598243, 17.772573502885304], [33.626844183056534, 17.772571692639684], [33.626842292816036, 17.772029394231772], [33.62769131574134, 17.772026675885883], [33.62769036936643, 17.77175552671477], [33.62797337654793, 17.7717546197967], [33.62797242976321, 17.771483470632774], [33.628538443222475, 17.771481655599857], [33.62853749560138, 17.771210506457873], [33.629386514384045, 17.771207780887206], [33.6293855655, 17.77093663178196], [33.629951577084235, 17.770934812720718], [33.62995062736387, 17.770663663637475], [33.63079964333377, 17.770660932024523], [33.630800594333905, 17.77093208106339], [33.63108360004999, 17.77093116969349], [33.63108455149364, 17.771202318710003], [33.63165056372824, 17.77120049471439], [33.63165818271262, 17.77336968633786], [33.631375173190705, 17.773370598658587], [33.63137612521328, 17.77364174759239], [33.63109311524777, 17.773642659519137], [33.63109501849034, 17.774184957393736], [33.63137802930922, 17.774184045437355], [33.63137898138257, 17.774455194348523], [33.63081295887453, 17.774457017882092], [33.63081486136521, 17.77499931574102], [33.62996582491612, 17.775002048064017], [33.629966774906684, 17.77527319702655], [33.62911773702545, 17.775275925714404], [33.62911678831503, 17.775004776707565], [33.62826775156215, 17.775007501671638], [33.62826869899243, 17.775278650722743], [33.62798568628106, 17.775279558241184], [33.62798663330145, 17.775550707299484], [33.62742060697476, 17.775552521139318], [33.62742155315853, 17.775823670219534], [33.62657251226217, 17.7758263879571], [33.626573457182545, 17.77609753707391], [33.62629044309008, 17.776098442183432], [33.62629233212772, 17.776640740423815], [33.62572630218543, 17.77664254947505]]]}, "properties": {"zone_id": "scene_03-Z0152", "scene": "scene_03", "pixel_count": 261, "approx_area_m2": 234900.0, "centroid_x": 566664.9425287356, "centroid_y": 1965215.0574712644, "centroid_lon": 33.628921566840894, "centroid_lat": 17.773288626475427, "mean_risk": 3.415407657623291, "max_risk": 5.018120765686035, "median_risk": 3.4320626258850098, "high_priority_pixel_pct": 100.0, "priority_category": "HIGH PRIORITY", "threshold_type": "95th percentile prioritisation threshold", "recommendation": "Spectral-stress evidence detected. Prioritise field inspection to determine the underlying cause. Field verification required.", "priority_rank": 3}}, {"type": "Feature", "geometry": {"type": "Polygon", "coordinates": [[[33.54053643494318, 17.77635385959161], [33.54053480458441, 17.7758115530244], [33.54223291224286, 17.77580685971564], [33.54223372997558, 17.776078012926785], [33.541950711642045, 17.776078796179817], [33.541951528962535, 17.776349949396145], [33.54166851018769, 17.77635073225301], [33.541667693293974, 17.776079579023964], [33.541384674931386, 17.77608036145924], [33.54138549139832, 17.776351514700995], [33.54053643494318, 17.77635385959161]]]}, "properties": {"zone_id": "scene_03-Z0153", "scene": "scene_03", "pixel_count": 10, "approx_area_m2": 9000.0, "centroid_x": 557376.0, "centroid_y": 1965492.0, "centroid_lon": 33.541299687786676, "centroid_lat": 17.77605348078512, "mean_risk": 2.320615768432617, "max_risk": 3.08695387840271, "median_risk": 2.258577823638916, "high_priority_pixel_pct": 100.0, "priority_category": "HIGH PRIORITY", "threshold_type": "95th percentile prioritisation threshold", "recommendation": "Spectral-stress evidence detected. Prioritise field inspection to determine the underlying cause. Field verification required.", "priority_rank": 83}}, {"type": "Feature", "geometry": {"type": "Polygon", "coordinates": [[[33.727891364817644, 17.77574723518081], [33.72788916946739, 17.775204948318354], [33.728172176188515, 17.775203896470703], [33.728171078115984, 17.77493275304522], [33.72873709064632, 17.774930648157703], [33.728738189572205, 17.775201791548998], [33.729021196234754, 17.775200738474943], [33.72902229560687, 17.775471881841575], [33.72873928851763, 17.775472934932733], [33.7287403874826, 17.775744078308907], [33.727891364817644, 17.77574723518081]]]}, "properties": {"zone_id": "scene_03-Z0154", "scene": "scene_03", "pixel_count": 9, "approx_area_m2": 8100.0, "centroid_x": 577210.0, "centroid_y": 1965483.3333333333, "centroid_lon": 33.72840868637911, "centroid_lat": 17.77536871836631, "mean_risk": 1.939629077911377, "max_risk": 2.152726888656616, "median_risk": 1.9746493101119995, "high_priority_pixel_pct": 100.0, "priority_category": "HIGH PRIORITY", "threshold_type": "95th percentile prioritisation threshold", "recommendation": "Spectral-stress evidence detected. Prioritise field inspection to determine the underlying cause. Field verification required.", "priority_rank": 305}}, {"type": "Feature", "geometry": {"type": "Polygon", "coordinates": [[[33.55921480311184, 17.776030269498918], [33.55921395977348, 17.775759117063206], [33.55836490866517, 17.77576153915414], [33.55836322459389, 17.77521923418142], [33.558080208381334, 17.77522004070114], [33.558079366794885, 17.77494888819038], [33.55836238258071, 17.774948081683767], [33.55836069859925, 17.77440577666584], [33.55864371351666, 17.774404969776594], [33.55864455592662, 17.77467612227622], [33.55892757125577, 17.774675314965027], [33.55892841410744, 17.774946467444], [33.55949444557424, 17.774944851568847], [33.559497820544735, 17.776029461304404], [33.55921480311184, 17.776030269498918]]]}, "properties": {"zone_id": "scene_03-Z0155", "scene": "scene_03", "pixel_count": 17, "approx_area_m2": 15300.0, "centroid_x": 559237.0588235294, "centroid_y": 1965409.4117647058, "centroid_lon": 33.55885446486285, "centroid_lat": 17.775257709025514, "mean_risk": 2.14432430267334, "max_risk": 2.565995931625366, "median_risk": 2.078768253326416, "high_priority_pixel_pct": 100.0, "priority_category": "HIGH PRIORITY", "threshold_type": "95th percentile prioritisation threshold", "recommendation": "Spectral-stress evidence detected. Prioritise field inspection to determine the underlying cause. Field verification required.", "priority_rank": 136}}, {"type": "Feature", "geometry": {"type": "Polygon", "coordinates": [[[33.74062333563862, 17.774886067794682], [33.740621102005726, 17.774343782437544], [33.74033809743068, 17.77434485222024], [33.74033251582906, 17.772989138608143], [33.74061551827093, 17.772988068912326], [33.74061328491599, 17.772445783449303], [33.740896286484784, 17.772444713379514], [33.74089516941051, 17.77217357065404], [33.74032916710624, 17.772175710350133], [33.74032693472358, 17.77163342480698], [33.740609935032474, 17.77163235519804], [33.74060881844434, 17.771361212432492], [33.74032581856203, 17.771362282024054], [33.740323586298445, 17.770819996435527], [33.74060658532763, 17.770818926878714], [33.740607701876066, 17.771090069659387], [33.74089070131196, 17.771088999676504], [33.74089181830681, 17.77136014243223], [33.74117481814941, 17.77135907202326], [33.741173700728, 17.77108792928492], [33.74145670012417, 17.771086858484647], [33.741454464487845, 17.77054457302007], [33.74173746301103, 17.770543501845907], [33.74173187213539, 17.769187788139135], [33.74201486850606, 17.76918671664332], [33.74201374996407, 17.768915573896688], [33.7428627376772, 17.76891235700962], [33.742864977340105, 17.769454642390794], [33.742581980602615, 17.769455715129983], [33.74258533896674, 17.77026914319731], [33.74286833698381, 17.770268070405837], [33.74286609720143, 17.769725785070033], [33.743149094345526, 17.769724711904754], [33.743154696083536, 17.77108042510036], [33.743437695340425, 17.77107935143922], [33.743438816174354, 17.771350494038206], [33.743155816490905, 17.7713515677168], [33.74315693691819, 17.771622710325666], [33.74287393678825, 17.77162378361299], [33.74287505680888, 17.771894926231738], [33.742592056232446, 17.771895999127786], [33.74259093663839, 17.77162485649161], [33.742307936468634, 17.771625928961516], [33.74230457908562, 17.770812500955362], [33.74202158017565, 17.77081357296431], [33.74202381755798, 17.771355858344133], [33.74145781797215, 17.77135800120559], [33.74146340751015, 17.772713714696863], [33.740897403578934, 17.772715856097424], [33.740898520692944, 17.772986998807774], [33.74146452547738, 17.77298485737243], [33.74146676147148, 17.773527142700875], [33.74118375823594, 17.773528213657706], [33.74118599345626, 17.774070498990685], [33.74146899754507, 17.77406942799906], [33.74147011561168, 17.774340570636806], [33.74118711109623, 17.774341641645833], [33.74118934643577, 17.774883926933423], [33.74062333563862, 17.774886067794682]], [[33.740619985219055, 17.77407263974763], [33.740902989347596, 17.774071569573543], [33.74090187215413, 17.773800426893445], [33.740618868452245, 17.773801497050155], [33.740619985219055, 17.77407263974763]]]}, "properties": {"zone_id": "scene_03-Z0156", "scene": "scene_03", "pixel_count": 87, "approx_area_m2": 78300.0, "centroid_x": 578615.8620689656, "centroid_y": 1965070.3448275863, "centroid_lon": 33.74165556134263, "centroid_lat": 17.771586325149926, "mean_risk": 2.059016704559326, "max_risk": 2.579535484313965, "median_risk": 2.0003886222839355, "high_priority_pixel_pct": 100.0, "priority_category": "HIGH PRIORITY", "threshold_type": "95th percentile prioritisation threshold", "recommendation": "Spectral-stress evidence detected. Prioritise field inspection to determine the underlying cause. Field verification required.", "priority_rank": 198}}, {"type": "Feature", "geometry": {"type": "Polygon", "coordinates": [[[33.55892167171364, 17.77277724740122], [33.55892082898184, 17.77250609486197], [33.55920384088247, 17.772505287246886], [33.55920468404093, 17.772776439773025], [33.55892167171364, 17.77277724740122]]]}, "properties": {"zone_id": "scene_03-Z0157", "scene": "scene_03", "pixel_count": 38, "approx_area_m2": 34200.0, "centroid_x": 559349.2105263158, "centroid_y": 1965245.5263157894, "centroid_lon": 33.55990787749317, "centroid_lat": 17.773773423005895, "mean_risk": 2.1225006580352783, "max_risk": 2.7120285034179688, "median_risk": 2.1076126098632812, "high_priority_pixel_pct": 100.0, "priority_category": "HIGH PRIORITY", "threshold_type": "95th percentile prioritisation threshold", "recommendation": "Spectral-stress evidence detected. Prioritise field inspection to determine the underlying cause. Field verification required.", "priority_rank": 153}}, {"type": "Feature", "geometry": {"type": "Polygon", "coordinates": [[[33.7496761074432, 17.77403819142766], [33.74967384662476, 17.7734959071442], [33.749390843968726, 17.77349698995491], [33.74938745417163, 17.772683563420212], [33.74967045554782, 17.77268248066226], [33.74966819493034, 17.772140196303155], [33.74938519440734, 17.772141279025927], [33.74938406455533, 17.77187013681744], [33.749101064438825, 17.771871219113912], [33.74910332330977, 17.77241350355849], [33.74853732131018, 17.772415666995585], [33.74853619271786, 17.772144524741936], [33.74881919330109, 17.772143443245323], [33.748816935323475, 17.771601158750464], [33.74938293472341, 17.77159899460138], [33.74938180491157, 17.771327852377762], [33.74966480415484, 17.771326769707752], [33.7496614135602, 17.770513343044268], [33.74937841559659, 17.77051442566152], [33.7493772858651, 17.77024328340764], [33.74909428830795, 17.770244365598632], [33.74909090051359, 17.769430938738882], [33.74880790421592, 17.769432020468475], [33.748806775417805, 17.76916087814919], [33.74852377952658, 17.769161959452557], [33.748521522843554, 17.76861967475617], [33.74823852778525, 17.768620755615768], [33.748235144190616, 17.767807328461775], [33.747952150391704, 17.767808408860077], [33.74794989561514, 17.767266124017826], [33.74823288856114, 17.76726504365463], [33.74823401636585, 17.767536186061985], [33.74851700971825, 17.76753510527262], [33.748514753275984, 17.76699282048547], [33.74794876825694, 17.766994981585356], [33.747944259024585, 17.76591041177986], [33.748227249838415, 17.765909331504428], [33.74822612215403, 17.765638189051707], [33.749358083503104, 17.76563386393458], [33.74935695413316, 17.765362721544573], [33.74992293383441, 17.765360556569828], [33.749924064057154, 17.76563169892465], [33.750207054304035, 17.765630615806856], [33.75021270785136, 17.766986327379563], [33.75049570021026, 17.76698524376517], [33.75050361900635, 17.768883239526073], [33.750786614330416, 17.76888215537979], [33.75080132882635, 17.772407003437774], [33.75051832795718, 17.772408087813044], [33.75052398615129, 17.77376379835225], [33.75024098312895, 17.773764882406827], [33.750242114401495, 17.774036024509584], [33.7496761074432, 17.77403819142766]], [[33.74880000305058, 17.767534024074653], [33.749648982927134, 17.7675307780291], [33.749647852990144, 17.76725963570962], [33.74879887439297, 17.767262881702425], [33.74880000305058, 17.767534024074653]]]}, "properties": {"zone_id": "scene_03-Z0158", "scene": "scene_03", "pixel_count": 187, "approx_area_m2": 168300.0, "centroid_x": 579460.2673796791, "centroid_y": 1964807.9679144386, "centroid_lon": 33.74961123103659, "centroid_lat": 17.76918462682322, "mean_risk": 2.4048807621002197, "max_risk": 3.4058778285980225, "median_risk": 2.3485448360443115, "high_priority_pixel_pct": 100.0, "priority_category": "HIGH PRIORITY", "threshold_type": "95th percentile prioritisation threshold", "recommendation": "Spectral-stress evidence detected. Prioritise field inspection to determine the underlying cause. Field verification required.", "priority_rank": 62}}, {"type": "Feature", "geometry": {"type": "Polygon", "coordinates": [[[33.57477293871242, 17.773544846019586], [33.574771205385446, 17.77300254246857], [33.57505421728821, 17.77300171193456], [33.575053350221175, 17.772730560161243], [33.57533636168186, 17.77272972923193], [33.57533549420357, 17.772458577464572], [33.575618505222174, 17.772457746139978], [33.575617637332655, 17.77218659437858], [33.576183658470256, 17.772184930530067], [33.57618452721307, 17.772456082264434], [33.57590151622534, 17.772456914406597], [33.57590325290399, 17.772999217879736], [33.575620241047496, 17.773000049640142], [33.575621108983306, 17.77327120137893], [33.575055084370675, 17.773272863700342], [33.57505595146854, 17.77354401545859], [33.57477293871242, 17.773544846019586]]]}, "properties": {"zone_id": "scene_03-Z0159", "scene": "scene_03", "pixel_count": 11, "approx_area_m2": 9900.0, "centroid_x": 560997.2727272727, "centroid_y": 1965147.2727272727, "centroid_lon": 33.57545249404648, "centroid_lat": 17.772840314907057, "mean_risk": 2.1820240020751953, "max_risk": 2.6815052032470703, "median_risk": 2.1719586849212646, "high_priority_pixel_pct": 100.0, "priority_category": "HIGH PRIORITY", "threshold_type": "95th percentile prioritisation threshold", "recommendation": "Spectral-stress evidence detected. Prioritise field inspection to determine the underlying cause. Field verification required.", "priority_rank": 121}}, {"type": "Feature", "geometry": {"type": "Polygon", "coordinates": [[[33.73099342415915, 17.77302420926413], [33.73099121981366, 17.77248192262702], [33.73070821755451, 17.77248297839118], [33.73070601414061, 17.77194069168953], [33.73042301271506, 17.771941747010676], [33.73042191146407, 17.77167060363136], [33.73013891044553, 17.77167165852664], [33.7301378096407, 17.771400515122625], [33.73070381080505, 17.771398404957623], [33.73070270916665, 17.771127261580332], [33.73098570929288, 17.771126205901915], [33.73098901554656, 17.771939635959658], [33.73127201693293, 17.771938579821075], [33.73127642725193, 17.773023153056915], [33.73099342415915, 17.77302420926413]]]}, "properties": {"zone_id": "scene_03-Z0160", "scene": "scene_03", "pixel_count": 12, "approx_area_m2": 10800.0, "centroid_x": 577470.0, "centroid_y": 1965110.0, "centroid_lon": 33.73084769849642, "centroid_lat": 17.77198535443388, "mean_risk": 1.9260401725769043, "max_risk": 2.0431597232818604, "median_risk": 1.9238662719726562, "high_priority_pixel_pct": 100.0, "priority_category": "HIGH PRIORITY", "threshold_type": "95th percentile prioritisation threshold", "recommendation": "Spectral-stress evidence detected. Prioritise field inspection to determine the underlying cause. Field verification required.", "priority_rank": 319}}, {"type": "Feature", "geometry": {"type": "Polygon", "coordinates": [[[33.74740419018432, 17.77214884664121], [33.747395175817935, 17.769979707778052], [33.74767817306893, 17.769978628056645], [33.74767930022113, 17.770249770423476], [33.74796229787861, 17.770248690275853], [33.74796455309624, 17.77079097495172], [33.747681554585675, 17.770792055134432], [33.74768268179801, 17.77106319747857], [33.74796568073513, 17.7710621172783], [33.747970191491184, 17.772146686509014], [33.74740419018432, 17.77214884664121]]]}, "properties": {"zone_id": "scene_03-Z0161", "scene": "scene_03", "pixel_count": 14, "approx_area_m2": 12600.0, "centroid_x": 579252.8571428572, "centroid_y": 1965023.5714285714, "centroid_lon": 33.747662789643094, "centroid_lat": 17.77114074386024, "mean_risk": 1.9950711727142334, "max_risk": 2.200441598892212, "median_risk": 1.976210117340088, "high_priority_pixel_pct": 100.0, "priority_category": "HIGH PRIORITY", "threshold_type": "95th percentile prioritisation threshold", "recommendation": "Spectral-stress evidence detected. Prioritise field inspection to determine the underlying cause. Field verification required.", "priority_rank": 253}}, {"type": "Feature", "geometry": {"type": "Polygon", "coordinates": [[[33.56826021374567, 17.772479227725075], [33.56825850016789, 17.77193692349684], [33.5685415107165, 17.7719361024185], [33.56853979634638, 17.771393798186804], [33.568822806026475, 17.771392976726386], [33.568821090864084, 17.770850672491235], [33.56853808203723, 17.770851493924965], [33.56853636778904, 17.77030918963299], [33.56825335980016, 17.770310010631302], [33.568251646466116, 17.76976770628251], [33.568534653601816, 17.769766885310872], [33.5685355106878, 17.7700380374757], [33.56881851823485, 17.770037216082006], [33.56881937576268, 17.770308368225948], [33.56910238372107, 17.770307546410173], [33.56910324169075, 17.770578698533235], [33.56938625006048, 17.77057787629537], [33.56938796689884, 17.771120180492172], [33.569670976106536, 17.77111935781884], [33.569672693859204, 17.771661661958767], [33.5702387139353, 17.771660015332362], [33.57024129323871, 17.772473471405487], [33.56995828192836, 17.772474294963207], [33.56995656323077, 17.771931990895236], [33.569390542270845, 17.77193363673085], [33.56939225926183, 17.7724759408523], [33.56826021374567, 17.772479227725075]]]}, "properties": {"zone_id": "scene_03-Z0162", "scene": "scene_03", "pixel_count": 33, "approx_area_m2": 29700.0, "centroid_x": 560321.8181818182, "centroid_y": 1964991.8181818181, "centroid_lon": 33.569075994510825, "centroid_lat": 17.77145386752117, "mean_risk": 2.005725145339966, "max_risk": 2.416783094406128, "median_risk": 1.9823602437973022, "high_priority_pixel_pct": 100.0, "priority_category": "HIGH PRIORITY", "threshold_type": "95th percentile prioritisation threshold", "recommendation": "Spectral-stress evidence detected. Prioritise field inspection to determine the underlying cause. Field verification required.", "priority_rank": 240}}, {"type": "Feature", "geometry": {"type": "Polygon", "coordinates": [[[33.72532679658898, 17.771418385518725], [33.72532351604671, 17.770604954390432], [33.724757516700464, 17.770607048922408], [33.724758609342, 17.770878192673425], [33.72447560921317, 17.770879239343383], [33.72447014833251, 17.769523520427683], [33.72475314632862, 17.76952247384274], [33.72475423889244, 17.769793617623993], [33.725037237295645, 17.76979257061338], [33.7250361443053, 17.76952142684914], [33.72531914226255, 17.76952037944687], [33.72531804886511, 17.769249235692083], [33.7256010463764, 17.769248187898178], [33.72560323404375, 17.769790475366143], [33.72588623238864, 17.76978942712952], [33.725887326678034, 17.77006057083513], [33.72560432790661, 17.77006161908879], [33.72560542178892, 17.770332762803875], [33.72645441932442, 17.77032961676578], [33.72645551450582, 17.770600760422187], [33.726172514920236, 17.77060180952729], [33.72617579930159, 17.77141524050231], [33.72532679658898, 17.771418385518725]]]}, "properties": {"zone_id": "scene_03-Z0163", "scene": "scene_03", "pixel_count": 30, "approx_area_m2": 27000.0, "centroid_x": 576891.0, "centroid_y": 1964932.0, "centroid_lon": 33.725379277578924, "centroid_lat": 17.770396867995117, "mean_risk": 1.9523450136184692, "max_risk": 2.113414764404297, "median_risk": 1.958188772201538, "high_priority_pixel_pct": 100.0, "priority_category": "HIGH PRIORITY", "threshold_type": "95th percentile prioritisation threshold", "recommendation": "Spectral-stress evidence detected. Prioritise field inspection to determine the underlying cause. Field verification required.", "priority_rank": 295}}, {"type": "Feature", "geometry": {"type": "Polygon", "coordinates": [[[33.56655872815941, 17.771399536964527], [33.56655701982296, 17.77085723251624], [33.56627401087439, 17.77085805068001], [33.56626974243203, 17.769502289360968], [33.56655274924762, 17.76950147126365], [33.566551041123795, 17.768959166709877], [33.566834047071055, 17.768958348230445], [33.566833192605365, 17.768687195955554], [33.567116198110874, 17.768686377080726], [33.56711705300312, 17.768957529342313], [33.567400058919986, 17.768956710045483], [33.5674034803473, 17.770041318963244], [33.567686487955264, 17.77004049920445], [33.56768905546526, 17.7708539557737], [33.567406046577496, 17.77085477557245], [33.56740690201798, 17.771125927760444], [33.567123892688386, 17.771126747163766], [33.56712474771745, 17.77139789935754], [33.56655872815941, 17.771399536964527]], [[33.56655701982296, 17.77085723251624], [33.56684002875633, 17.77085641394372], [33.56683917418428, 17.770585261721564], [33.56655616567752, 17.770586080280786], [33.56655701982296, 17.77085723251624]]]}, "properties": {"zone_id": "scene_03-Z0164", "scene": "scene_03", "pixel_count": 34, "approx_area_m2": 30600.0, "centroid_x": 560096.4705882353, "centroid_y": 1964842.9411764706, "centroid_lon": 33.566945900134364, "centroid_lat": 17.770114419769886, "mean_risk": 2.074453592300415, "max_risk": 2.5242879390716553, "median_risk": 2.070279598236084, "high_priority_pixel_pct": 100.0, "priority_category": "HIGH PRIORITY", "threshold_type": "95th percentile prioritisation threshold", "recommendation": "Spectral-stress evidence detected. Prioritise field inspection to determine the underlying cause. Field verification required.", "priority_rank": 180}}, {"type": "Feature", "geometry": {"type": "Polygon", "coordinates": [[[33.727578738098636, 17.76842741099781], [33.727577641367056, 17.768156267349156], [33.72729464569807, 17.768157317935383], [33.727292453146376, 17.767615030581258], [33.72757544796241, 17.767613980029168], [33.72757654465498, 17.767885123692942], [33.727859539877976, 17.767884072715162], [33.7278617341746, 17.76842635998588], [33.727578738098636, 17.76842741099781]]]}, "properties": {"zone_id": "scene_03-Z0165", "scene": "scene_03", "pixel_count": 42, "approx_area_m2": 37800.0, "centroid_x": 577197.8571428572, "centroid_y": 1964797.142857143, "centroid_lon": 33.7282690201407, "centroid_lat": 17.769167274812357, "mean_risk": 1.9922925233840942, "max_risk": 2.510831117630005, "median_risk": 1.964916706085205, "high_priority_pixel_pct": 100.0, "priority_category": "HIGH PRIORITY", "threshold_type": "95th percentile prioritisation threshold", "recommendation": "Spectral-stress evidence detected. Prioritise field inspection to determine the underlying cause. Field verification required.", "priority_rank": 255}}, {"type": "Feature", "geometry": {"type": "Polygon", "coordinates": [[[33.547027717753565, 17.7703704206136], [33.54702689307384, 17.77009926746155], [33.54674388437547, 17.770100057383168], [33.54674306013701, 17.769828904210748], [33.547026068408776, 17.76982811430196], [33.54702359450157, 17.769014654777994], [33.54674058750955, 17.769015444648286], [33.546739763329704, 17.768744291445735], [33.54730577644597, 17.76874271132212], [33.54730742652658, 17.769285017668345], [33.54759043391584, 17.76928422696779], [33.54759125940474, 17.769555380116767], [33.547308251588895, 17.76955617083016], [33.54731072686387, 17.770369630270405], [33.547027717753565, 17.7703704206136]]]}, "properties": {"zone_id": "scene_03-Z0166", "scene": "scene_03", "pixel_count": 9, "approx_area_m2": 8100.0, "centroid_x": 557996.6666666666, "centroid_y": 1964770.0, "centroid_lon": 33.54713516489292, "centroid_lat": 17.76951146164827, "mean_risk": 1.9859998226165771, "max_risk": 2.2498419284820557, "median_risk": 2.008927345275879, "high_priority_pixel_pct": 100.0, "priority_category": "HIGH PRIORITY", "threshold_type": "95th percentile prioritisation threshold", "recommendation": "Spectral-stress evidence detected. Prioritise field inspection to determine the underlying cause. Field verification required.", "priority_rank": 261}}, {"type": "Feature", "geometry": {"type": "Polygon", "coordinates": [[[33.74003389349412, 17.769194208532348], [33.74003277793767, 17.768923065663998], [33.73974978185449, 17.768924134281896], [33.73974643658362, 17.76811070557939], [33.740029431387335, 17.76810963701358], [33.74002831591022, 17.767838494114983], [33.74031131026762, 17.767837425157914], [33.74030684685172, 17.766752853557396], [33.740023854200146, 17.76675392244499], [33.74002273882221, 17.766482779508593], [33.74030573104736, 17.76648171063836], [33.74030461526283, 17.766210567711767], [33.7405876070417, 17.76620949845033], [33.74059542093523, 17.76810749865608], [33.740878415679404, 17.76810642886439], [33.74088064925205, 17.768648714534656], [33.74116364482934, 17.76864764429957], [33.74116587933442, 17.769189929904808], [33.74003389349412, 17.769194208532348]]]}, "properties": {"zone_id": "scene_03-Z0167", "scene": "scene_03", "pixel_count": 29, "approx_area_m2": 26100.0, "centroid_x": 578484.8275862068, "centroid_y": 1964686.551724138, "centroid_lon": 33.74040518908163, "centroid_lat": 17.768122242400295, "mean_risk": 2.0080206394195557, "max_risk": 2.4974076747894287, "median_risk": 1.972160816192627, "high_priority_pixel_pct": 100.0, "priority_category": "HIGH PRIORITY", "threshold_type": "95th percentile prioritisation threshold", "recommendation": "Spectral-stress evidence detected. Prioritise field inspection to determine the underlying cause. Field verification required.", "priority_rank": 238}}, {"type": "Feature", "geometry": {"type": "Polygon", "coordinates": [[[33.741729635924315, 17.768645502603487], [33.74172739979276, 17.768103217037595], [33.742293389102265, 17.768101073776617], [33.742291151344354, 17.76755878825012], [33.74257414511632, 17.767557716041537], [33.742576383727176, 17.76810000153319], [33.74285937833218, 17.76809892888114], [33.74286161787562, 17.76864121430769], [33.74229562693975, 17.768643359272865], [33.742294508011064, 17.768372216528512], [33.74201151293977, 17.768373288380733], [33.74201263144197, 17.76864443114249], [33.741729635924315, 17.768645502603487]]]}, "properties": {"zone_id": "scene_03-Z0168", "scene": "scene_03", "pixel_count": 9, "approx_area_m2": 8100.0, "centroid_x": 578690.0, "centroid_y": 1964700.0, "centroid_lon": 33.74234111436191, "centroid_lat": 17.7682364664732, "mean_risk": 1.8489091396331787, "max_risk": 1.926703691482544, "median_risk": 1.854123592376709, "high_priority_pixel_pct": 100.0, "priority_category": "HIGH PRIORITY", "threshold_type": "95th percentile prioritisation threshold", "recommendation": "Spectral-stress evidence detected. Prioritise field inspection to determine the underlying cause. Field verification required.", "priority_rank": 385}}, {"type": "Feature", "geometry": {"type": "Polygon", "coordinates": [[[33.75587824789471, 17.76832028707579], [33.75587482981625, 17.767506861328503], [33.75644081541205, 17.76750467727648], [33.75643967524018, 17.767233535381077], [33.75700565990197, 17.767231349730153], [33.757006800926746, 17.767502491590047], [33.75672380817954, 17.767503584637566], [33.756726089437024, 17.76804586837018], [33.756160102175926, 17.768048053310405], [33.75616124198214, 17.768319195200863], [33.75587824789471, 17.76832028707579]]]}, "properties": {"zone_id": "scene_03-Z0169", "scene": "scene_03", "pixel_count": 9, "approx_area_m2": 8100.0, "centroid_x": 580176.6666666666, "centroid_y": 1964650.0, "centroid_lon": 33.75636315636636, "centroid_lat": 17.767730932292615, "mean_risk": 1.9271047115325928, "max_risk": 2.06443190574646, "median_risk": 1.9363266229629517, "high_priority_pixel_pct": 100.0, "priority_category": "HIGH PRIORITY", "threshold_type": "95th percentile prioritisation threshold", "recommendation": "Spectral-stress evidence detected. Prioritise field inspection to determine the underlying cause. Field verification required.", "priority_rank": 317}}, {"type": "Feature", "geometry": {"type": "Polygon", "coordinates": [[[33.51277732531568, 17.768293797750832], [33.51277655236559, 17.768022643033923], [33.513625573295286, 17.768020419477274], [33.513624799079295, 17.76774926478897], [33.514190812110506, 17.767747780398548], [33.514192362262456, 17.768290089719393], [33.51277732531568, 17.768293797750832]]]}, "properties": {"zone_id": "scene_03-Z0170", "scene": "scene_03", "pixel_count": 16, "approx_area_m2": 14400.0, "centroid_x": 554340.0, "centroid_y": 1964626.875, "centroid_lon": 33.512635869898595, "centroid_lat": 17.76831111516195, "mean_risk": 1.9323891401290894, "max_risk": 2.074328899383545, "median_risk": 1.9152045249938965, "high_priority_pixel_pct": 100.0, "priority_category": "HIGH PRIORITY", "threshold_type": "95th percentile prioritisation threshold", "recommendation": "Spectral-stress evidence detected. Prioritise field inspection to determine the underlying cause. Field verification required.", "priority_rank": 314}}, {"type": "Feature", "geometry": {"type": "Polygon", "coordinates": [[[33.624282988118495, 17.76851258509212], [33.624282047080634, 17.768241435646676], [33.62399904522643, 17.768242337060595], [33.623998104631816, 17.76797118759296], [33.62371510318741, 17.767972088583573], [33.62371040259774, 17.766616341059077], [33.623993401909665, 17.76661544014166], [33.62399246141541, 17.766344290628776], [33.62427546028414, 17.766343389317377], [33.624274519380144, 17.766072239811596], [33.6251235146065, 17.766069533469665], [33.625125398990036, 17.76661183238574], [33.62540839821826, 17.76661092942519], [33.625411226198715, 17.76742437769871], [33.62512822569103, 17.76742528070327], [33.625131994860254, 17.7685098783544], [33.624282988118495, 17.76851258509212]]]}, "properties": {"zone_id": "scene_03-Z0171", "scene": "scene_03", "pixel_count": 43, "approx_area_m2": 38700.0, "centroid_x": 566201.1627906977, "centroid_y": 1964550.0, "centroid_lon": 33.624525556207004, "centroid_lat": 17.767291626122553, "mean_risk": 3.0249407291412354, "max_risk": 4.413804531097412, "median_risk": 2.977428674697876, "high_priority_pixel_pct": 100.0, "priority_category": "HIGH PRIORITY", "threshold_type": "95th percentile prioritisation threshold", "recommendation": "Spectral-stress evidence detected. Prioritise field inspection to determine the underlying cause. Field verification required.", "priority_rank": 13}}, {"type": "Feature", "geometry": {"type": "Polygon", "coordinates": [[[33.6256970561005, 17.768236922447112], [33.62569422668964, 17.767423474285508], [33.625977227163794, 17.767422570463655], [33.62597628363388, 17.767151421076054], [33.62654228367885, 17.767149612235816], [33.626545116877935, 17.767963060287816], [33.62626211558433, 17.76796396495635], [33.626263059591096, 17.768235114306634], [33.6256970561005, 17.768236922447112]]]}, "properties": {"zone_id": "scene_03-Z0172", "scene": "scene_03", "pixel_count": 10, "approx_area_m2": 9000.0, "centroid_x": 566370.0, "centroid_y": 1964595.0, "centroid_lon": 33.62611967115451, "centroid_lat": 17.767693267772206, "mean_risk": 2.382160186767578, "max_risk": 2.890925645828247, "median_risk": 2.3455443382263184, "high_priority_pixel_pct": 100.0, "priority_category": "HIGH PRIORITY", "threshold_type": "95th percentile prioritisation threshold", "recommendation": "Spectral-stress evidence detected. Prioritise field inspection to determine the underlying cause. Field verification required.", "priority_rank": 68}}, {"type": "Feature", "geometry": {"type": "Polygon", "coordinates": [[[33.50626357231676, 17.76668379303078], [33.50626280925886, 17.766412637993717], [33.50654581400423, 17.76641190668804], [33.506546577488635, 17.76668306171322], [33.50626357231676, 17.76668379303078]]]}, "properties": {"zone_id": "scene_03-Z0173", "scene": "scene_03", "pixel_count": 17, "approx_area_m2": 15300.0, "centroid_x": 553641.1764705882, "centroid_y": 1964534.1176470588, "centroid_lon": 33.506041098710575, "centroid_lat": 17.767489863438527, "mean_risk": 1.9007474184036255, "max_risk": 2.0779590606689453, "median_risk": 1.85976243019104, "high_priority_pixel_pct": 100.0, "priority_category": "HIGH PRIORITY", "threshold_type": "95th percentile prioritisation threshold", "recommendation": "Spectral-stress evidence detected. Prioritise field inspection to determine the underlying cause. Field verification required.", "priority_rank": 350}}, {"type": "Feature", "geometry": {"type": "Polygon", "coordinates": [[[33.54871584629385, 17.767111835027237], [33.54871501923102, 17.766840681861936], [33.54843201573939, 17.766841474081474], [33.54842953591862, 17.766028014501785], [33.54814653369177, 17.766028806274075], [33.54814488140438, 17.765486499824224], [33.54842788277828, 17.765485708077666], [33.54842705623015, 17.765214554854314], [33.54871005716288, 17.76521376271201], [33.548709230202995, 17.764942609494003], [33.54984123208091, 17.76493943689023], [33.54984206074662, 17.76521059005669], [33.54955905987277, 17.765211383833435], [33.54955988812675, 17.76548253700526], [33.54927688681172, 17.76548333038629], [33.549277714653954, 17.76575448356347], [33.5504097215316, 17.765751307536036], [33.55040889198347, 17.765480154410458], [33.550691893239545, 17.76547935939496], [33.5506910632797, 17.765208206274774], [33.551257064894635, 17.765206615043773], [33.55125872653496, 17.765748921224898], [33.55097572488194, 17.76574971707057], [33.55097655529779, 17.76602087016277], [33.550693553203516, 17.76602166561274], [33.550694383207635, 17.766292818710337], [33.550411380672124, 17.7662936137646], [33.55041221026452, 17.766564766867575], [33.54956320128999, 17.76656714961725], [33.54956402961763, 17.766838302751413], [33.54899802270794, 17.766839889233747], [33.548998850197286, 17.767111042386162], [33.54871584629385, 17.767111835027237]]]}, "properties": {"zone_id": "scene_03-Z0174", "scene": "scene_03", "pixel_count": 47, "approx_area_m2": 42300.0, "centroid_x": 558245.7446808511, "centroid_y": 1964374.4680851065, "centroid_lon": 33.549473944765154, "centroid_lat": 17.765929896078134, "mean_risk": 2.6699862480163574, "max_risk": 3.6984925270080566, "median_risk": 2.757699966430664, "high_priority_pixel_pct": 100.0, "priority_category": "HIGH PRIORITY", "threshold_type": "95th percentile prioritisation threshold", "recommendation": "Spectral-stress evidence detected. Prioritise field inspection to determine the underlying cause. Field verification required.", "priority_rank": 25}}, {"type": "Feature", "geometry": {"type": "Polygon", "coordinates": [[[33.51220204618303, 17.76504142071428], [33.51220127425079, 17.764770265883012], [33.512484276150545, 17.764769526067802], [33.512485048509234, 17.765040680887054], [33.51220204618303, 17.76504142071428]]]}, "properties": {"zone_id": "scene_03-Z0175", "scene": "scene_03", "pixel_count": 17, "approx_area_m2": 15300.0, "centroid_x": 554190.0, "centroid_y": 1964331.1764705882, "centroid_lon": 33.51121323748082, "centroid_lat": 17.765642142615047, "mean_risk": 1.9142738580703735, "max_risk": 2.241769790649414, "median_risk": 1.8774980306625366, "high_priority_pixel_pct": 100.0, "priority_category": "HIGH PRIORITY", "threshold_type": "95th percentile prioritisation threshold", "recommendation": "Spectral-stress evidence detected. Prioritise field inspection to determine the underlying cause. Field verification required.", "priority_rank": 327}}, {"type": "Feature", "geometry": {"type": "Polygon", "coordinates": [[[33.55267540054252, 17.76628724188868], [33.55267456755298, 17.766016088881706], [33.55239156554744, 17.766016886783458], [33.55238657048007, 17.76438996850567], [33.55266956992685, 17.76438917068171], [33.5526704028275, 17.764660323733867], [33.55295340268591, 17.764659525488344], [33.55295423602782, 17.76493067852], [33.55323723629786, 17.764929879852897], [33.553240571519616, 17.766014491852307], [33.55352357348069, 17.76601369272466], [33.553524407749684, 17.766284845692695], [33.55267540054252, 17.76628724188868]]]}, "properties": {"zone_id": "scene_03-Z0176", "scene": "scene_03", "pixel_count": 18, "approx_area_m2": 16200.0, "centroid_x": 558601.6666666666, "centroid_y": 1964323.3333333333, "centroid_lon": 33.55283007818621, "centroid_lat": 17.765458275347655, "mean_risk": 1.914154291152954, "max_risk": 2.1063826084136963, "median_risk": 1.8990895748138428, "high_priority_pixel_pct": 100.0, "priority_category": "HIGH PRIORITY", "threshold_type": "95th percentile prioritisation threshold", "recommendation": "Spectral-stress evidence detected. Prioritise field inspection to determine the underlying cause. Field verification required.", "priority_rank": 328}}, {"type": "Feature", "geometry": {"type": "Polygon", "coordinates": [[[33.512766505265134, 17.764497631029236], [33.512764959763544, 17.763955321377164], [33.51304796035646, 17.76395458078085], [33.51304718719985, 17.763683425955563], [33.51333018735259, 17.763682684962696], [33.513329413783296, 17.76341153014193], [33.51446141255088, 17.76340856213286], [33.514462963114646, 17.763950871670406], [33.513896962052684, 17.76395235654035], [33.51389773650237, 17.764223511321962], [33.513331734532436, 17.764224994581657], [33.513332508143, 17.764496149379852], [33.512766505265134, 17.764497631029236]]]}, "properties": {"zone_id": "scene_03-Z0177", "scene": "scene_03", "pixel_count": 15, "approx_area_m2": 13500.0, "centroid_x": 554442.0, "centroid_y": 1964138.0, "centroid_lon": 33.51358548085163, "centroid_lat": 17.763889903068954, "mean_risk": 1.9616481065750122, "max_risk": 2.176748514175415, "median_risk": 1.9489518404006958, "high_priority_pixel_pct": 100.0, "priority_category": "HIGH PRIORITY", "threshold_type": "95th percentile prioritisation threshold", "recommendation": "Spectral-stress evidence detected. Prioritise field inspection to determine the underlying cause. Field verification required.", "priority_rank": 284}}, {"type": "Feature", "geometry": {"type": "Polygon", "coordinates": [[[33.50710570924408, 17.76424120256868], [33.507104945028985, 17.763970047499562], [33.50682194414903, 17.763970779515482], [33.50682118037396, 17.76369962442694], [33.50625517942618, 17.763701087209213], [33.50625441651754, 17.763429932089384], [33.50512241616492, 17.763432852703453], [33.50512317736786, 17.76370400787075], [33.50484017681941, 17.76370473701467], [33.50483865527994, 17.763162426648844], [33.50512165497554, 17.763161697528624], [33.50512089379969, 17.762890542346277], [33.505403893055345, 17.76288981282934], [33.50540160832985, 17.76207634727272], [33.50568460629275, 17.76207561738281], [33.50568689229745, 17.762889082903843], [33.506818889130244, 17.76288615911618], [33.506819652864564, 17.763157314227293], [33.507102652465235, 17.763156582247067], [33.5071018883045, 17.76288542714785], [33.50766788661223, 17.7628839619855], [33.50766865162579, 17.7631551170609], [33.50738565205231, 17.76315584985827], [33.5073871812674, 17.76369816001032], [33.50767018169372, 17.763697427189136], [33.50767171181608, 17.764239737287273], [33.50710570924408, 17.76424120256868]]]}, "properties": {"zone_id": "scene_03-Z0178", "scene": "scene_03", "pixel_count": 30, "approx_area_m2": 27000.0, "centroid_x": 553677.0, "centroid_y": 1964070.0, "centroid_lon": 33.50636723500636, "centroid_lat": 17.763294062108063, "mean_risk": 1.995689868927002, "max_risk": 2.2221555709838867, "median_risk": 1.9799230098724365, "high_priority_pixel_pct": 100.0, "priority_category": "HIGH PRIORITY", "threshold_type": "95th percentile prioritisation threshold", "recommendation": "Spectral-stress evidence detected. Prioritise field inspection to determine the underlying cause. Field verification required.", "priority_rank": 251}}, {"type": "Feature", "geometry": {"type": "Polygon", "coordinates": [[[33.54417793994273, 17.763870620764216], [33.544177119879116, 17.76359946730339], [33.5444601184729, 17.763598681366915], [33.544458477536615, 17.763056374448233], [33.544175479795655, 17.763057160359164], [33.54417383977054, 17.76251485338482], [33.5444568366587, 17.762514067499428], [33.54445601624164, 17.762242914013733], [33.54502200912143, 17.76224134104288], [33.54502283039127, 17.762512494503014], [33.54530582723564, 17.762511707391983], [33.545306648946465, 17.762782860831795], [33.54474065439034, 17.76278443467088], [33.54474393796854, 17.76386904845713], [33.54417793994273, 17.763870620764216]]]}, "properties": {"zone_id": "scene_03-Z0179", "scene": "scene_03", "pixel_count": 14, "approx_area_m2": 12600.0, "centroid_x": 557721.4285714285, "centroid_y": 1964046.4285714286, "centroid_lon": 33.54451888546697, "centroid_lat": 17.76297873356696, "mean_risk": 2.059978723526001, "max_risk": 2.369861364364624, "median_risk": 2.0237197875976562, "high_priority_pixel_pct": 100.0, "priority_category": "HIGH PRIORITY", "threshold_type": "95th percentile prioritisation threshold", "recommendation": "Spectral-stress evidence detected. Prioritise field inspection to determine the underlying cause. Field verification required.", "priority_rank": 196}}, {"type": "Feature", "geometry": {"type": "Polygon", "coordinates": [[[33.569080939436915, 17.7635287408851], [33.56908008186385, 17.763257588566166], [33.56823109120994, 17.763260051746446], [33.56823023493132, 17.762988899379938], [33.567947238442606, 17.76298971960959], [33.56794552678383, 17.76244741482733], [33.56851151804048, 17.762445774012825], [33.568510661381175, 17.762174621637065], [33.56879365656027, 17.76217380063035], [33.568792799489835, 17.761902648260406], [33.56935878894955, 17.76190100504808], [33.569360504811144, 17.762443309727022], [33.56964350037086, 17.76244248748135], [33.56964264200606, 17.762171335159003], [33.57020863222692, 17.76216968946878], [33.570211209925425, 17.762983146332978], [33.569928213543484, 17.762983969422486], [33.56992907238049, 17.763255121708863], [33.569363078718, 17.763256766688958], [33.569363936717465, 17.763527918994527], [33.569080939436915, 17.7635287408851]]]}, "properties": {"zone_id": "scene_03-Z0180", "scene": "scene_03", "pixel_count": 30, "approx_area_m2": 27000.0, "centroid_x": 560330.0, "centroid_y": 1964024.0, "centroid_lon": 33.569125504177904, "centroid_lat": 17.7627061085478, "mean_risk": 1.9073878526687622, "max_risk": 2.1901729106903076, "median_risk": 1.8937042951583862, "high_priority_pixel_pct": 100.0, "priority_category": "HIGH PRIORITY", "threshold_type": "95th percentile prioritisation threshold", "recommendation": "Spectral-stress evidence detected. Prioritise field inspection to determine the underlying cause. Field verification required.", "priority_rank": 341}}, {"type": "Feature", "geometry": {"type": "Polygon", "coordinates": [[[33.71453935902487, 17.76305242583383], [33.71453828229495, 17.762781281255737], [33.71425529426538, 17.762782312709607], [33.714254217980944, 17.7625111681072], [33.714537205584186, 17.762510136670095], [33.71453289893262, 17.76142555825197], [33.714249913034635, 17.76142658962202], [33.71424883684592, 17.76115544498184], [33.714814807770125, 17.761153381866805], [33.71481696187192, 17.76169567107254], [33.71509994815789, 17.761694638868775], [33.715101025663834, 17.761965783443536], [33.71594998568567, 17.761962684331024], [33.71595106448974, 17.76223382884787], [33.71623405155164, 17.762232794976594], [33.71623621007001, 17.762775083954], [33.71595322215544, 17.76277611785888], [33.71595430101707, 17.76304726235306], [33.71453935902487, 17.76305242583383]], [[33.71482127030538, 17.762780249393376], [33.715104258296655, 17.7627792171225], [33.71510210318894, 17.762236928010747], [33.714819116050336, 17.76223796024807], [33.71482127030538, 17.762780249393376]]]}, "properties": {"zone_id": "scene_03-Z0181", "scene": "scene_03", "pixel_count": 28, "approx_area_m2": 25200.0, "centroid_x": 575814.6428571428, "centroid_y": 1964028.2142857143, "centroid_lon": 33.715193178801506, "centroid_lat": 17.762265647336033, "mean_risk": 1.911155343055725, "max_risk": 2.102478504180908, "median_risk": 1.8917515277862549, "high_priority_pixel_pct": 100.0, "priority_category": "HIGH PRIORITY", "threshold_type": "95th percentile prioritisation threshold", "recommendation": "Spectral-stress evidence detected. Prioritise field inspection to determine the underlying cause. Field verification required.", "priority_rank": 334}}, {"type": "Feature", "geometry": {"type": "Polygon", "coordinates": [[[33.71170089440734, 17.7608935639823], [33.71169982209346, 17.76062241917645], [33.71113385245402, 17.760624473238522], [33.711130638184414, 17.759811038675483], [33.711413621734856, 17.759810011898743], [33.71141040635804, 17.7589965773178], [33.71112742408633, 17.75899760404447], [33.711123138889036, 17.757913024430717], [33.710274197074234, 17.757916101960173], [33.710269917296124, 17.756831522025468], [33.711401832858726, 17.75682741810296], [33.711402904479414, 17.757098563031246], [33.7116858837486, 17.757097536013028], [33.711681595675564, 17.756012956321346], [33.71196457322102, 17.756011928961577], [33.71196671807171, 17.756554218789116], [33.71224969645039, 17.75655319098759], [33.71225076933053, 17.75682433587332], [33.7125337481163, 17.756823307646723], [33.71253482144169, 17.75709445250819], [33.712817800634554, 17.75709342385652], [33.71281887440522, 17.757364568693713], [33.71310185400516, 17.75736353961695], [33.713102928221126, 17.757634684429856], [33.71338590822815, 17.757633654927986], [33.71338805756983, 17.758175944497676], [33.71367103841013, 17.758174914553944], [33.71367426384471, 17.75898834880161], [33.713957245944556, 17.75898731839924], [33.713959397182386, 17.75952960782642], [33.71424238011558, 17.759528576982127], [33.71424453228246, 17.76007086634558], [33.714527516049024, 17.760069835059344], [33.71452966914501, 17.760612124359056], [33.714246684525904, 17.760613155678822], [33.71424560839461, 17.76034201101598], [33.71367963995153, 17.76034407239665], [33.713680715230275, 17.760615217093], [33.71339773055376, 17.76061624718741], [33.71339665570129, 17.76034510247432], [33.71226471850923, 17.760349218700576], [33.712263645380965, 17.76007807391303], [33.711980661461475, 17.760079101931773], [33.711983879624746, 17.76089253632188], [33.71170089440734, 17.7608935639823]], [[33.712263645380965, 17.76007807391303], [33.712546629281356, 17.760077045485847], [33.71254555574591, 17.759805900707462], [33.712262572271776, 17.759806929117925], [33.712263645380965, 17.76007807391303]], [[33.71141040635804, 17.7589965773178], [33.71169338861068, 17.758995550182714], [33.71169231643031, 17.758724405323985], [33.71140933460389, 17.758725432442382], [33.71141040635804, 17.7589965773178]], [[33.711123138889036, 17.757913024430717], [33.711406119455866, 17.7579119977708], [33.711403976119165, 17.757369707951987], [33.71112099640473, 17.757370734578526], [33.711123138889036, 17.757913024430717]]]}, "properties": {"zone_id": "scene_03-Z0182", "scene": "scene_03", "pixel_count": 129, "approx_area_m2": 116100.0, "centroid_x": 575513.023255814, "centroid_y": 1963631.8604651163, "centroid_lon": 33.71233384889364, "centroid_lat": 17.75869369925865, "mean_risk": 2.117521047592163, "max_risk": 3.0340416431427, "median_risk": 2.01967453956604, "high_priority_pixel_pct": 100.0, "priority_category": "HIGH PRIORITY", "threshold_type": "95th percentile prioritisation threshold", "recommendation": "Spectral-stress evidence detected. Prioritise field inspection to determine the underlying cause. Field verification required.", "priority_rank": 155}}, {"type": "Feature", "geometry": {"type": "Polygon", "coordinates": [[[33.50596379237353, 17.76071911112484], [33.5059630300405, 17.76044795591037], [33.505397039244585, 17.760449415956348], [33.505396277777784, 17.760178260710624], [33.505679272756176, 17.760177530903746], [33.50567851087659, 17.75990637566236], [33.50596150541511, 17.75990564545885], [33.505960743122756, 17.759634490221814], [33.50624373722139, 17.759633759621693], [33.50624526267231, 17.7601760700645], [33.506811252534156, 17.76017460759126], [33.506812016132635, 17.760445762777607], [33.506246025418115, 17.760447225274618], [33.50624678817749, 17.760718380477215], [33.50596379237353, 17.76071911112484]]]}, "properties": {"zone_id": "scene_03-Z0183", "scene": "scene_03", "pixel_count": 10, "approx_area_m2": 9000.0, "centroid_x": 553656.0, "centroid_y": 1963734.0, "centroid_lon": 33.50616059297229, "centroid_lat": 17.760257635859446, "mean_risk": 1.8624980449676514, "max_risk": 1.9885218143463135, "median_risk": 1.8481886386871338, "high_priority_pixel_pct": 100.0, "priority_category": "HIGH PRIORITY", "threshold_type": "95th percentile prioritisation threshold", "recommendation": "Spectral-stress evidence detected. Prioritise field inspection to determine the underlying cause. Field verification required.", "priority_rank": 379}}, {"type": "Feature", "geometry": {"type": "Polygon", "coordinates": [[[33.736313880028746, 17.75917576942042], [33.73631166148514, 17.758633482666415], [33.736594641604114, 17.758632419608936], [33.73659242228703, 17.758090132859266], [33.737158380760924, 17.758088005588277], [33.737159491262005, 17.75835914893231], [33.73687651160873, 17.758360212789285], [33.73687984195185, 17.75917364282792], [33.736313880028746, 17.75917576942042]]]}, "properties": {"zone_id": "scene_03-Z0184", "scene": "scene_03", "pixel_count": 18, "approx_area_m2": 16200.0, "centroid_x": 578148.3333333334, "centroid_y": 1963656.6666666667, "centroid_lon": 33.73719284610199, "centroid_lat": 17.75882599977225, "mean_risk": 1.9189409017562866, "max_risk": 2.17165470123291, "median_risk": 1.87894606590271, "high_priority_pixel_pct": 100.0, "priority_category": "HIGH PRIORITY", "threshold_type": "95th percentile prioritisation threshold", "recommendation": "Spectral-stress evidence detected. Prioritise field inspection to determine the underlying cause. Field verification required.", "priority_rank": 322}}, {"type": "Feature", "geometry": {"type": "Polygon", "coordinates": [[[33.63104460542472, 17.75981405352193], [33.63103985192769, 17.758458306780106], [33.63217179616117, 17.758454659940327], [33.63217655818352, 17.75981040638575], [33.63104460542472, 17.75981405352193]], [[33.631607727131374, 17.75899878283716], [33.631890714033794, 17.758997870893356], [33.631889762072525, 17.7587267215819], [33.63160677559637, 17.75872763351088], [33.631607727131374, 17.75899878283716]]]}, "properties": {"zone_id": "scene_03-Z0185", "scene": "scene_03", "pixel_count": 19, "approx_area_m2": 17100.0, "centroid_x": 566954.2105263158, "centroid_y": 1963651.5789473683, "centroid_lon": 33.63160080595676, "centroid_lat": 17.759148652507456, "mean_risk": 2.613243818283081, "max_risk": 3.290985107421875, "median_risk": 2.743614912033081, "high_priority_pixel_pct": 100.0, "priority_category": "HIGH PRIORITY", "threshold_type": "95th percentile prioritisation threshold", "recommendation": "Spectral-stress evidence detected. Prioritise field inspection to determine the underlying cause. Field verification required.", "priority_rank": 30}}, {"type": "Feature", "geometry": {"type": "Polygon", "coordinates": [[[33.508508455650606, 17.759899055245178], [33.50850539121542, 17.758814434680364], [33.50822239850446, 17.75881516851258], [33.50821857039848, 17.75745939257765], [33.50850156097807, 17.75745865880508], [33.508503093032125, 17.758000969177758], [33.508786084450605, 17.758000234972886], [33.50878838391275, 17.758813700439678], [33.509071376596445, 17.758812965790536], [33.509072910491994, 17.759355276040232], [33.50878991695569, 17.759356010713258], [33.508791450053174, 17.759898320956754], [33.508508455650606, 17.759899055245178]]]}, "properties": {"zone_id": "scene_03-Z0186", "scene": "scene_03", "pixel_count": 14, "approx_area_m2": 12600.0, "centroid_x": 553913.5714285715, "centroid_y": 1963560.0, "centroid_lon": 33.508585863173224, "centroid_lat": 17.75867864736163, "mean_risk": 1.9413775205612183, "max_risk": 2.154252767562866, "median_risk": 1.9180160760879517, "high_priority_pixel_pct": 100.0, "priority_category": "HIGH PRIORITY", "threshold_type": "95th percentile prioritisation threshold", "recommendation": "Spectral-stress evidence detected. Prioritise field inspection to determine the underlying cause. Field verification required.", "priority_rank": 302}}, {"type": "Feature", "geometry": {"type": "Polygon", "coordinates": [[[33.511621393327616, 17.759890955605492], [33.51162062250885, 17.759619800607233], [33.5113376286693, 17.759620538968562], [33.51133531757422, 17.758807073892633], [33.51076933241185, 17.758808549317887], [33.510768562926806, 17.758537394253555], [33.51105155508855, 17.758536656757144], [33.51105078519091, 17.758265501697263], [33.51133377691268, 17.758264763804394], [33.5113345472366, 17.75853591885227], [33.51161753937094, 17.75853518053895], [33.51161831013485, 17.7588063355673], [33.511901302681764, 17.75880559683351], [33.51190284510332, 17.759347906843637], [33.51218583848913, 17.759347167677348], [33.5121866101468, 17.75961832265911], [33.511903616334685, 17.759619061837412], [33.51190438757977, 17.759890216823667], [33.511621393327616, 17.759890955605492]]]}, "properties": {"zone_id": "scene_03-Z0187", "scene": "scene_03", "pixel_count": 12, "approx_area_m2": 10800.0, "centroid_x": 554225.0, "centroid_y": 1963605.0, "centroid_lon": 33.51152474991835, "centroid_lat": 17.759077736745965, "mean_risk": 1.8778539896011353, "max_risk": 2.050279140472412, "median_risk": 1.8476827144622803, "high_priority_pixel_pct": 100.0, "priority_category": "HIGH PRIORITY", "threshold_type": "95th percentile prioritisation threshold", "recommendation": "Spectral-stress evidence detected. Prioritise field inspection to determine the underlying cause. Field verification required.", "priority_rank": 366}}, {"type": "Feature", "geometry": {"type": "Polygon", "coordinates": [[[33.74027561182951, 17.75916084896684], [33.74026892063413, 17.757533990069298], [33.739985942477155, 17.75753505836642], [33.739977025403476, 17.75536591260756], [33.73969405063589, 17.75536698035744], [33.739690708338784, 17.754553550521102], [33.739124761300836, 17.75455568469184], [33.73912364809364, 17.75428454136326], [33.739406621196416, 17.754283474499374], [33.73940216686137, 17.753198901178838], [33.73968513824003, 17.753197833976085], [33.73968402427974, 17.752926690644415], [33.73940105332713, 17.75292775782982], [33.73939771284332, 17.752114327737413], [33.73911474314903, 17.752115394462525], [33.73911029115205, 17.751030820830838], [33.738827323142026, 17.751031887078366], [33.738822873165866, 17.749947313256445], [33.73910583947195, 17.749946247078274], [33.739104726601425, 17.749675103621243], [33.73882176072131, 17.749676169782077], [33.73880952513779, 17.74669359106549], [33.73852656392302, 17.746694656627508], [33.738523228638996, 17.745881225857822], [33.738806188576156, 17.745880160347795], [33.73880285219267, 17.745066729562126], [33.73851989353305, 17.745067795020166], [33.73851655860518, 17.74425436411453], [33.73908247334968, 17.744252232894404], [33.739083585824154, 17.744523376502496], [33.739366543592524, 17.744522310263026], [33.739365430692246, 17.74425116667227], [33.73964838801499, 17.744250100042105], [33.7396472747087, 17.74397895646115], [33.739930231585824, 17.7439778894403], [33.73993134531792, 17.744249033003896], [33.740214302601025, 17.74424796555765], [33.740216530976326, 17.74479025262746], [33.740499489091235, 17.744789184738437], [33.74050617724817, 17.746416045662368], [33.74078913789834, 17.746414977261026], [33.74079025308647, 17.74668612070454], [33.74050729201043, 17.74668718912326], [33.740508406792536, 17.74695833257659], [33.74079136829446, 17.746957264140494], [33.740794714037506, 17.747770694403048], [33.741077676797275, 17.747769625506685], [33.74108548720729, 17.749667629066543], [33.74136845292876, 17.749666559640325], [33.74138184957887, 17.752920278958705], [33.74166482039257, 17.752919208915532], [33.741667054297835, 17.75346149532802], [33.74138408263201, 17.753462565405982], [33.74138519918837, 17.75373370861829], [33.74166817128027, 17.75373263852293], [33.741671522346834, 17.754546068062318], [33.74138854897667, 17.75454713820988], [33.74139078226821, 17.75508942456649], [33.74167375649058, 17.75508835438413], [33.74167710785527, 17.755901783810177], [33.74196008333614, 17.755900713167296], [33.74196120092358, 17.75617185627679], [33.74167822501657, 17.756172926937072], [33.741684928401824, 17.757799785539763], [33.741401949917936, 17.75780085589611], [33.74140306679218, 17.758071998987507], [33.74112008786223, 17.758073068952875], [33.74112120433014, 17.75834421205411], [33.74197014233899, 17.75834100088067], [33.741972377891685, 17.758883286956063], [33.741123437325555, 17.758886498233892], [33.741124553853055, 17.759157641312452], [33.74027561182951, 17.75916084896684]]]}, "properties": {"zone_id": "scene_03-Z0188", "scene": "scene_03", "pixel_count": 381, "approx_area_m2": 342900.0, "centroid_x": 578473.937007874, "centroid_y": 1962832.6771653544, "centroid_lon": 33.74023353648053, "centroid_lat": 17.751367120031027, "mean_risk": 2.540106773376465, "max_risk": 3.3463175296783447, "median_risk": 2.6052186489105225, "high_priority_pixel_pct": 100.0, "priority_category": "HIGH PRIORITY", "threshold_type": "95th percentile prioritisation threshold", "recommendation": "Spectral-stress evidence detected. Prioritise field inspection to determine the underlying cause. Field verification required.", "priority_rank": 43}}, {"type": "Feature", "geometry": {"type": "Polygon", "coordinates": [[[33.735742376077816, 17.75782217726491], [33.73573572638979, 17.756195316478294], [33.73545275004727, 17.75619637815526], [33.73545164226109, 17.75592523464712], [33.73601759407412, 17.75592311091938], [33.736016485455366, 17.755651967438208], [33.73629946090617, 17.755650904979117], [33.736297242875594, 17.75510861802865], [33.735448319020776, 17.755111804077348], [33.735446103625776, 17.75456951699306], [33.73572907741155, 17.754568455419655], [33.73572796931751, 17.754297311883438], [33.73685986255897, 17.754293061575964], [33.736856533282165, 17.753479631129284], [33.737139505264935, 17.75347856758357], [33.737141725615224, 17.754020854521], [33.7374246984304, 17.754019790532425], [33.737430251782314, 17.755375507657263], [33.73714727683661, 17.75537657173233], [33.73714949746344, 17.755918858563977], [33.73743247326141, 17.755917794454305], [33.7374335840306, 17.756188937841493], [33.73771656023494, 17.75618787330619], [33.73771878268491, 17.756730160023285], [33.73743580562825, 17.756731224593196], [33.73743691645672, 17.75700236795771], [33.73687096143181, 17.75700449590709], [33.736873181443336, 17.757546782682642], [33.73602424620082, 17.757549971647737], [33.73602535495763, 17.757821115076013], [33.735742376077816, 17.75782217726491]]]}, "properties": {"zone_id": "scene_03-Z0189", "scene": "scene_03", "pixel_count": 71, "approx_area_m2": 63900.0, "centroid_x": 578084.3661971831, "centroid_y": 1963320.0, "centroid_lon": 33.736577012711805, "centroid_lat": 17.75578543629531, "mean_risk": 2.069072723388672, "max_risk": 2.7414064407348633, "median_risk": 2.0192203521728516, "high_priority_pixel_pct": 100.0, "priority_category": "HIGH PRIORITY", "threshold_type": "95th percentile prioritisation threshold", "recommendation": "Spectral-stress evidence detected. Prioritise field inspection to determine the underlying cause. Field verification required.", "priority_rank": 184}}, {"type": "Feature", "geometry": {"type": "Polygon", "coordinates": [[[33.74706151581064, 17.75777937117881], [33.747060390432566, 17.757508228429103], [33.74649443505503, 17.75751038421644], [33.74649218606363, 17.756968098624256], [33.74705813973648, 17.756965942907012], [33.7470547638425, 17.756152514567184], [33.747337739370444, 17.75615143614863], [33.74733999079871, 17.756693721681007], [33.747905943499106, 17.75669156354875], [33.747904816922656, 17.756420420821424], [33.74818779281663, 17.75641934116033], [33.74819004684189, 17.75696162657232], [33.74762409332926, 17.75696378555636], [33.74762634573003, 17.75750607100831], [33.747343368091315, 17.75750714992289], [33.74734449389557, 17.757778292655065], [33.74706151581064, 17.75777937117881]]]}, "properties": {"zone_id": "scene_03-Z0190", "scene": "scene_03", "pixel_count": 16, "approx_area_m2": 14400.0, "centroid_x": 579219.375, "centroid_y": 1963460.625, "centroid_lon": 33.74728826945749, "centroid_lat": 17.75701590594662, "mean_risk": 1.9882256984710693, "max_risk": 2.436753034591675, "median_risk": 1.9240748882293701, "high_priority_pixel_pct": 100.0, "priority_category": "HIGH PRIORITY", "threshold_type": "95th percentile prioritisation threshold", "recommendation": "Spectral-stress evidence detected. Prioritise field inspection to determine the underlying cause. Field verification required.", "priority_rank": 257}}, {"type": "Feature", "geometry": {"type": "Polygon", "coordinates": [[[33.70149439139666, 17.75604966931935], [33.701492278157076, 17.755507378234494], [33.70177525553203, 17.755506365607886], [33.701777369623905, 17.756048656659807], [33.70149439139666, 17.75604966931935]]]}, "properties": {"zone_id": "scene_03-Z0191", "scene": "scene_03", "pixel_count": 10, "approx_area_m2": 9000.0, "centroid_x": 574350.0, "centroid_y": 1963386.0, "centroid_lon": 33.70135469822651, "centroid_lat": 17.756511122908353, "mean_risk": 1.9595798254013062, "max_risk": 2.3353960514068604, "median_risk": 1.91285240650177, "high_priority_pixel_pct": 100.0, "priority_category": "HIGH PRIORITY", "threshold_type": "95th percentile prioritisation threshold", "recommendation": "Spectral-stress evidence detected. Prioritise field inspection to determine the underlying cause. Field verification required.", "priority_rank": 286}}, {"type": "Feature", "geometry": {"type": "Polygon", "coordinates": [[[33.726116707238205, 17.756773472544282], [33.72611451973308, 17.756231184418976], [33.72583154272473, 17.756232232212522], [33.725829356149724, 17.755689944022926], [33.725546379974205, 17.755690991374074], [33.725543101535955, 17.754877558981946], [33.725260126619375, 17.754878605873703], [33.725259034271616, 17.75460746171087], [33.724976059761715, 17.75460850817731], [33.72496841685415, 17.75271049870686], [33.72553435988941, 17.75270840560392], [33.725533267271075, 17.752437261397674], [33.72581623833349, 17.75243621425085], [33.725817331377876, 17.75270735844007], [33.726100302846895, 17.752706310867964], [33.726099209376464, 17.752435166695783], [33.72638218039998, 17.75243411873247], [33.72638655610268, 17.75351869530772], [33.72610358337493, 17.753519743339194], [33.726105770490896, 17.754062031615582], [33.72638874407082, 17.754060983550033], [33.726390932116814, 17.75460327176212], [33.72667390652948, 17.75460222325419], [33.72667828455953, 17.75568679951954], [33.726961260657205, 17.755685750535097], [33.726963450641364, 17.75622803858833], [33.72724642757184, 17.756226989161444], [33.727247523019294, 17.756498133159674], [33.72696454566267, 17.756499182603626], [33.72696564070345, 17.75677032661136], [33.726116707238205, 17.756773472544282]]]}, "properties": {"zone_id": "scene_03-Z0192", "scene": "scene_03", "pixel_count": 75, "approx_area_m2": 67500.0, "centroid_x": 576942.0, "centroid_y": 1963189.2, "centroid_lon": 33.72579683882775, "centroid_lat": 17.754643432478492, "mean_risk": 2.0678162574768066, "max_risk": 2.5964887142181396, "median_risk": 2.0323519706726074, "high_priority_pixel_pct": 100.0, "priority_category": "HIGH PRIORITY", "threshold_type": "95th percentile prioritisation threshold", "recommendation": "Spectral-stress evidence detected. Prioritise field inspection to determine the underlying cause. Field verification required.", "priority_rank": 186}}, {"type": "Feature", "geometry": {"type": "Polygon", "coordinates": [[[33.50284098932562, 17.757202101219434], [33.502838716961904, 17.756388634869506], [33.50255572781632, 17.75638936042624], [33.50255648483119, 17.75666051589553], [33.50227349524591, 17.75666124105565], [33.5022719820821, 17.756118930085957], [33.50255497081493, 17.756118204949416], [33.50255345685254, 17.75557589397323], [33.50311943257292, 17.755574442522146], [33.50311791695962, 17.755032131563063], [33.5034009039472, 17.755031405248562], [33.50340014573459, 17.754760249769546], [33.50368313228249, 17.754759523058482], [33.50368389092128, 17.75503067852568], [33.50396687788187, 17.755029951394434], [33.50396535976541, 17.75448764047616], [33.503682373657185, 17.754488367583765], [33.50368161504538, 17.754217212101526], [33.50396460072744, 17.754216485005742], [33.50396384170297, 17.753945329527806], [33.50424682694536, 17.753944602035496], [33.504248345860134, 17.754486912960186], [33.504531331941344, 17.754486185035862], [33.50453513159572, 17.75584196215682], [33.504252143383546, 17.755842690140327], [33.504253662487514, 17.75638500095973], [33.50368768431776, 17.75638645574886], [33.50368844303755, 17.756657611170933], [33.50340545350618, 17.7566583379647], [33.50340697013378, 17.757200648809906], [33.50284098932562, 17.757202101219434]]]}, "properties": {"zone_id": "scene_03-Z0193", "scene": "scene_03", "pixel_count": 46, "approx_area_m2": 41400.0, "centroid_x": 553381.304347826, "centroid_y": 1963231.3043478262, "centroid_lon": 33.50355663036464, "centroid_lat": 17.755720688357098, "mean_risk": 1.9074305295944214, "max_risk": 2.1772313117980957, "median_risk": 1.8742115497589111, "high_priority_pixel_pct": 100.0, "priority_category": "HIGH PRIORITY", "threshold_type": "95th percentile prioritisation threshold", "recommendation": "Spectral-stress evidence detected. Prioritise field inspection to determine the underlying cause. Field verification required.", "priority_rank": 340}}, {"type": "Feature", "geometry": {"type": "Polygon", "coordinates": [[[33.70545608486401, 17.756035454926714], [33.70545502226871, 17.755764309619153], [33.70573799980583, 17.755763291259388], [33.705736936803284, 17.75549214596083], [33.705453959692306, 17.755493164304035], [33.70545289713481, 17.75522201898137], [33.705735873819656, 17.755221000654718], [33.70573162207425, 17.75413641935478], [33.70601459703572, 17.75413540068606], [33.70601140714697, 17.753321964681522], [33.706294380811244, 17.75332094565421], [33.7062922534612, 17.7527786549799], [33.706858199028694, 17.75277661576678], [33.706860328083025, 17.75331890637478], [33.70714330169051, 17.753317886122648], [33.707145431672764, 17.753860176667256], [33.70686245721312, 17.75386119695257], [33.70686352180658, 17.75413234223014], [33.70714649669233, 17.754131321928245], [33.707147561730835, 17.75440246718168], [33.70658161108819, 17.754404507410342], [33.70658054690189, 17.754133362123742], [33.70629757197827, 17.75413438160905], [33.7063018271326, 17.755218962776464], [33.70601885048559, 17.75521998191975], [33.70602204077164, 17.756033417765746], [33.70545608486401, 17.756035454926714]]]}, "properties": {"zone_id": "scene_03-Z0194", "scene": "scene_03", "pixel_count": 30, "approx_area_m2": 27000.0, "centroid_x": 574875.0, "centroid_y": 1963136.0, "centroid_lon": 33.70629796202147, "centroid_lat": 17.754233801554427, "mean_risk": 2.036461353302002, "max_risk": 2.2713704109191895, "median_risk": 2.0359153747558594, "high_priority_pixel_pct": 100.0, "priority_category": "HIGH PRIORITY", "threshold_type": "95th percentile prioritisation threshold", "recommendation": "Spectral-stress evidence detected. Prioritise field inspection to determine the underlying cause. Field verification required.", "priority_rank": 217}}, {"type": "Feature", "geometry": {"type": "Polygon", "coordinates": [[[33.54783298942098, 17.755996922964624], [33.54783216423971, 17.75572576945205], [33.54754917818443, 17.755726559918696], [33.54754835344403, 17.755455406385742], [33.54726536780028, 17.755456196431165], [33.54726454350073, 17.75518504287784], [33.54754752871829, 17.755184252845265], [33.547545879310846, 17.754641945741724], [33.54669692617121, 17.754644314537334], [33.54669857302161, 17.7551866217179], [33.546415587760066, 17.75518741052538], [33.54641723381669, 17.755729717701485], [33.545568275387105, 17.75573208175059], [33.54556581015981, 17.754918620859833], [33.5447168554343, 17.754920981118392], [33.54471193304519, 17.753294058903435], [33.54499491541139, 17.753293272635652], [33.54499409463817, 17.753022118919603], [33.54527707656363, 17.75302133225629], [33.545276255378894, 17.7527501785455], [33.54584221833374, 17.752748604019537], [33.54584386242231, 17.75329091138238], [33.54612684473004, 17.75329012348131], [33.54612848972939, 17.753832430788417], [33.54669445600548, 17.753830853710042], [33.546695279379406, 17.754102007326658], [33.54754422996209, 17.754099638608082], [33.54754258067204, 17.753557331444334], [33.54669363264621, 17.75355970008589], [33.54669280930159, 17.753288546454215], [33.546975791565394, 17.753287757328188], [33.54697332034107, 17.752474296426495], [33.54725630131186, 17.752473506930667], [33.54725547717363, 17.752202353294557], [33.5464065354956, 17.752204720518666], [33.546407358355516, 17.75247587419327], [33.546124377340774, 17.752476662464197], [33.546123554906956, 17.75220550877678], [33.54555759368578, 17.75220708406813], [33.545556772118786, 17.751935930347567], [33.54583975231059, 17.751935142918846], [33.545838108368294, 17.751392835480758], [33.545555129028656, 17.751393622883874], [33.54555430750552, 17.751122469140743], [33.54498834963454, 17.751124042696564], [33.54498670833636, 17.75058173513654], [33.5455526645031, 17.750580161631902], [33.545549378673684, 17.749495546523917], [33.545832355030974, 17.749494759210435], [33.54583153318415, 17.74922360542743], [33.546397485002814, 17.749222029601402], [33.54639830770167, 17.749493183358776], [33.546681284015065, 17.74949239482061], [33.546682107154595, 17.749763548557635], [33.54724806058948, 17.74976197023095], [33.54724970861664, 17.75030427763109], [33.546966731054454, 17.750305067024225], [33.546967554663986, 17.750576220725844], [33.546684576661086, 17.750577009723568], [33.546685399859214, 17.750848163430486], [33.546402421415614, 17.750848952032783], [33.54640406700368, 17.751391259449704], [33.54668704629942, 17.75139047082177], [33.54668786954149, 17.751661624506124], [33.54697084924866, 17.751660835457084], [33.54697002558051, 17.751389681785565], [33.54725300484693, 17.751388892341076], [33.547252180767366, 17.75111773867487], [33.54753515959305, 17.751116948834955], [33.54753433510209, 17.750845795174065], [33.547817313487045, 17.75084500493874], [33.54781648858469, 17.75057385128317], [33.54809946652892, 17.750573060652435], [33.548096990631805, 17.74975959967917], [33.54837996728321, 17.749758808678774], [33.5483807929936, 17.75002996233119], [33.5489467471044, 17.750028379079954], [33.548950053501294, 17.751112993511388], [33.548667074749034, 17.751113785392636], [33.548668727183596, 17.751656092588956], [33.548951706788, 17.751655300681954], [33.54895088013729, 17.75138414710043], [33.54923385930091, 17.751383354798033], [33.5492346863777, 17.75165450836667], [33.54951766595268, 17.75165371564311], [33.549516010961675, 17.751111408524096], [33.54979898966978, 17.75111061541805], [33.5497981617703, 17.75083946186015], [33.55008114003761, 17.750838668358742], [33.5500803117268, 17.750567514806225], [33.5509292451621, 17.750565131891193], [33.55093007475107, 17.75083628540496], [33.55121305295937, 17.750835490270518], [33.55121388298917, 17.75110664376383], [33.55064792570567, 17.75110823365032], [33.550647096528, 17.75083708013115], [33.55036411829018, 17.750837874449072], [33.550364947041786, 17.75110902798116], [33.55008196836315, 17.751109821903736], [33.550083625058456, 17.751652128971152], [33.54980064551293, 17.751652922511273], [33.54980147345661, 17.751924076046596], [33.5492355134692, 17.751925661927782], [33.54923634057543, 17.75219681548137], [33.54895336013355, 17.752197607822417], [33.548955013537935, 17.75273991493278], [33.54810606956744, 17.752742289583388], [33.548106895013355, 17.753013443165898], [33.54782391323435, 17.75301423391235], [33.54782473826882, 17.75328538750019], [33.548390702664385, 17.75328380557325], [33.54838987677767, 17.75301265201114], [33.54867285852728, 17.753011860448062], [33.548675337509934, 17.75382532107322], [33.54895832052324, 17.7538245290632], [33.54895997410416, 17.754366836083246], [33.54839400635823, 17.754368419746452], [33.548393180412724, 17.754097266214437], [33.54782721346032, 17.75409884821854], [33.547830513921184, 17.755183462404318], [33.54839648428292, 17.75518188029733], [33.54839813630619, 17.755724187293616], [33.548115150280296, 17.755724978577017], [33.548115975887775, 17.755996132076742], [33.54783298942098, 17.755996922964624]]]}, "properties": {"zone_id": "scene_03-Z0195", "scene": "scene_03", "pixel_count": 218, "approx_area_m2": 196200.0, "centroid_x": 558002.0642201835, "centroid_y": 1962892.2935779816, "centroid_lon": 33.547134482317404, "centroid_lat": 17.752539770078755, "mean_risk": 2.7516329288482666, "max_risk": 4.715905666351318, "median_risk": 2.5970096588134766, "high_priority_pixel_pct": 100.0, "priority_category": "HIGH PRIORITY", "threshold_type": "95th percentile prioritisation threshold", "recommendation": "Spectral-stress evidence detected. Prioritise field inspection to determine the underlying cause. Field verification required.", "priority_rank": 22}}, {"type": "Feature", "geometry": {"type": "Polygon", "coordinates": [[[33.524908665591816, 17.755246165005847], [33.52490550321018, 17.75416154674233], [33.52462251854799, 17.754162304056045], [33.52462014818791, 17.75334884024248], [33.52518611494131, 17.753347325280608], [33.52518690589957, 17.753618479868017], [33.5254698896813, 17.75361772176226], [33.52547226391896, 17.754431185442375], [33.525755248965076, 17.754430426891286], [33.52575683271294, 17.75497273594908], [33.52519086090193, 17.754974252692232], [33.525191651944624, 17.755245407234508], [33.524908665591816, 17.755246165005847]]]}, "properties": {"zone_id": "scene_03-Z0196", "scene": "scene_03", "pixel_count": 17, "approx_area_m2": 15300.0, "centroid_x": 555670.5882352941, "centroid_y": 1963074.705882353, "centroid_lon": 33.52514712835984, "centroid_lat": 17.754248626953864, "mean_risk": 1.9898912906646729, "max_risk": 2.159595251083374, "median_risk": 1.978208065032959, "high_priority_pixel_pct": 100.0, "priority_category": "HIGH PRIORITY", "threshold_type": "95th percentile prioritisation threshold", "recommendation": "Spectral-stress evidence detected. Prioritise field inspection to determine the underlying cause. Field verification required.", "priority_rank": 256}}, {"type": "Feature", "geometry": {"type": "Polygon", "coordinates": [[[33.72694045969397, 17.750534012522312], [33.72693827052795, 17.74999172415183], [33.72665530337748, 17.749992772778153], [33.72665092698303, 17.748908195878343], [33.72636796151692, 17.748909244028297], [33.726362493591566, 17.7475535226484], [33.726079530235644, 17.747554570305002], [33.72607515794924, 17.746469992997], [33.725792196277446, 17.746471040177347], [33.725786733486444, 17.745115318287294], [33.725503773924494, 17.745116364974415], [33.72550158979588, 17.744574076131496], [33.72578454850616, 17.744573029478417], [33.72578127118157, 17.743759596208477], [33.725498313748744, 17.743760642810475], [33.725496129814495, 17.74321835389205], [33.72577908639573, 17.743217307324105], [33.725776901687674, 17.742675018409532], [33.72634281308869, 17.742672924117713], [33.72634171991229, 17.74240177968317], [33.726624675157844, 17.7424007319423], [33.72662358157513, 17.742129587517255], [33.72747244591769, 17.74212644189781], [33.72747135107719, 17.74185529751639], [33.726622488011905, 17.74185844308466], [33.72662030094382, 17.741316154196824], [33.72690325446691, 17.741315106116158], [33.72690216053635, 17.741043961677963], [33.727185113614226, 17.74104291320638], [33.72718292496007, 17.740500624341465], [33.727465877167035, 17.740499575496045], [33.72746478244347, 17.740228431069326], [33.72831363767028, 17.740225282136585], [33.72831582969117, 17.740767570880006], [33.728598782245854, 17.740766520385684], [33.728593300211465, 17.739410798555976], [33.72887625061813, 17.739409747739185], [33.72887515384413, 17.73913860336769], [33.729158103805595, 17.739137552160077], [33.72916029822447, 17.739679840861303], [33.72944324901777, 17.739678789211553], [33.72945093307918, 17.741576799308277], [33.729167979305885, 17.741577851077803], [33.729169076681366, 17.741848995364244], [33.7294520308804, 17.741847943577604], [33.729454226541485, 17.742390232093626], [33.729171271490934, 17.74239128391449], [33.729174563851785, 17.743204716683227], [33.72945752017966, 17.74320366481103], [33.72945971603616, 17.743745953251548], [33.72974267319608, 17.743744900937095], [33.729738279858104, 17.742660324094334], [33.730021235295325, 17.74265927144035], [33.73001903789211, 17.742116983007918], [33.72973608330642, 17.74211803562765], [33.7297218076265, 17.738593159858127], [33.73000475667801, 17.738592107461006], [33.7300058551156, 17.738863251779136], [33.73028880457321, 17.73886219895698], [33.73028770570996, 17.738591054655977], [33.73057065472236, 17.738590001443043], [33.730571754011265, 17.738861145726908], [33.73085470342975, 17.73886009208893], [33.73085250402018, 17.738317803547936], [33.73113545256776, 17.738316749536345], [33.73113765282866, 17.73885903804304], [33.73142060220797, 17.738857983589234], [33.73142390402323, 17.73967141624119], [33.731706854659976, 17.73967036132799], [33.73171125905744, 17.740754938022917], [33.73142830671788, 17.740755993004775], [33.731430508182775, 17.741298281341273], [33.730864601741985, 17.741300390149732], [33.73086240197999, 17.740758101744618], [33.73057944958167, 17.740759155502605], [33.7305871461111, 17.742657164908373], [33.73030419071299, 17.742658218378367], [33.73030858745726, 17.743742795084106], [33.730025630336456, 17.743743848214617], [33.73002672914562, 17.744014992389314], [33.73030968669224, 17.744013939241672], [33.730312984514576, 17.744827371669047], [33.73059594331909, 17.744826318061953], [33.730598142816824, 17.745368606274834], [33.73031518316064, 17.745369659916207], [33.730316282513016, 17.745640804028458], [33.73059924259505, 17.74563975036995], [33.73060144221023, 17.746182038537533], [33.73031848127647, 17.746183092230318], [33.73032068011819, 17.746725380401962], [33.73003771831311, 17.746726433720923], [33.73003991638132, 17.747268721896628], [33.72975695370489, 17.74726977484173], [33.729754756488475, 17.746727486631773], [33.72947179464428, 17.746728539134523], [33.729470696491276, 17.7464573950011], [33.729187735053415, 17.746458447078627], [33.72918005151059, 17.74456043781345], [33.728897093034156, 17.744561489363154], [33.72889270457128, 17.74347691240565], [33.728609747778556, 17.743477963478906], [33.72861084443918, 17.743749107746698], [33.72832788720114, 17.743750158429027], [33.72833007972934, 17.744292446976157], [33.72776416349148, 17.744294547185028], [33.72776306806925, 17.744023402881073], [33.72748011034688, 17.744024452356374], [33.7274833953946, 17.744837885296796], [33.728332272335585, 17.74483473549308], [33.72833336866798, 17.745105879740215], [33.72805040928132, 17.745106930099936], [33.72805150520738, 17.745378074356605], [33.72776854537537, 17.74537912432533], [33.72776964089509, 17.745650268591525], [33.72748668061772, 17.745651318169255], [33.727487775731085, 17.745922462444977], [33.72720481500837, 17.745923511631688], [33.72720590971535, 17.746194655916927], [33.727771831993024, 17.746192557101274], [33.72777511878617, 17.747005989809253], [33.727492156379434, 17.747007039472347], [33.72748996601628, 17.74646475097376], [33.72720700444182, 17.746465800194606], [33.72721576295498, 17.74863495414423], [33.7274987279367, 17.748633904786864], [33.72750091861173, 17.74917619316462], [33.72721795277811, 17.749177242556115], [33.72722123765895, 17.749990675117314], [33.72750420477047, 17.74998962567462], [33.727505300195695, 17.75026076982951], [33.72722233265821, 17.75026181928927], [33.72722342767694, 17.750532963453683], [33.72694045969397, 17.750534012522312]], [[33.726631237062875, 17.744027598334032], [33.72691419484369, 17.74402655008285], [33.72691310071837, 17.743755405720155], [33.726630143363366, 17.743756453954283], [33.726631237062875, 17.744027598334032]], [[33.72691310071837, 17.743755405720155], [33.727196058053906, 17.743754357077993], [33.727194963522265, 17.743483212724808], [33.72747792041252, 17.743482163691677], [33.72747901536996, 17.743753308027802], [33.727761972666514, 17.74375225856957], [33.72775868657531, 17.742938825589768], [33.72804164257499, 17.74293777577474], [33.728040546824474, 17.742666631450124], [33.72747463565715, 17.742668730638005], [33.727475730556115, 17.74293987499678], [33.72690981845928, 17.74294197258677], [33.72691310071837, 17.743755405720155]], [[33.728040546824474, 17.742666631450124], [33.728606457913784, 17.742664530630208], [33.72860536133124, 17.74239338633221], [33.728322406222105, 17.74239443692908], [33.728321310084844, 17.742123292606443], [33.72860426476821, 17.742122242026667], [33.7286031682247, 17.74185109771357], [33.72832021396708, 17.74185214827625], [33.72831911786884, 17.741581003938514], [33.72803616401745, 17.741582054076133], [33.728040546824474, 17.742666631450124]], [[33.72747025625618, 17.74158415312742], [33.72803616401745, 17.741582054076133], [33.72803397273097, 17.74103976534384], [33.72775101971155, 17.74104081503932], [33.72775211491931, 17.741311959426316], [33.727469161454664, 17.741313008730902], [33.72747025625618, 17.74158415312742]], [[33.730575051995444, 17.739674578533222], [33.73085800269095, 17.739673524843813], [33.730855803163905, 17.739131236348104], [33.73057285331976, 17.739132290003234], [33.730575051995444, 17.739674578533222]]]}, "properties": {"zone_id": "scene_03-Z0197", "scene": "scene_03", "pixel_count": 408, "approx_area_m2": 367200.0, "centroid_x": 577217.2794117647, "centroid_y": 1962063.8970588236, "centroid_lon": 33.728352269572085, "centroid_lat": 17.74446316145913, "mean_risk": 2.1872832775115967, "max_risk": 3.1206111907958984, "median_risk": 2.1132378578186035, "high_priority_pixel_pct": 100.0, "priority_category": "HIGH PRIORITY", "threshold_type": "95th percentile prioritisation threshold", "recommendation": "Spectral-stress evidence detected. Prioritise field inspection to determine the underlying cause. Field verification required.", "priority_rank": 118}}, {"type": "Feature", "geometry": {"type": "Polygon", "coordinates": [[[33.74449901236801, 17.753993058127396], [33.74449452743529, 17.75290848603004], [33.744211556820666, 17.752909560155718], [33.74420819460872, 17.75209613095097], [33.74392522525227, 17.752097204616017], [33.74392410498086, 17.7518260615152], [33.74364113603051, 17.75182713475457], [33.74363441737666, 17.750200275886268], [33.74391738377102, 17.750199202751606], [33.74391626363914, 17.74992805959789], [33.74419922958759, 17.749926986072502], [33.74420147072323, 17.750469272337455], [33.744484437503694, 17.750468198368957], [33.74448555852741, 17.75073934147263], [33.744768525713916, 17.750738267078475], [33.744771890182754, 17.751551696291756], [33.74448892171825, 17.75155277073833], [33.74449004282176, 17.751823913811783], [33.74477301171229, 17.751822839347742], [33.74478198466696, 17.753991983523576], [33.74449901236801, 17.753993058127396]], [[33.744203711938624, 17.75101155857218], [33.744486679571075, 17.751010484568752], [33.74448555852741, 17.75073934147263], [33.744202591320956, 17.750740415458594], [33.744203711938624, 17.75101155857218]]]}, "properties": {"zone_id": "scene_03-Z0198", "scene": "scene_03", "pixel_count": 33, "approx_area_m2": 29700.0, "centroid_x": 578901.8181818182, "centroid_y": 1962868.1818181819, "centroid_lon": 33.744270756713725, "centroid_lat": 17.751672739342947, "mean_risk": 2.077720880508423, "max_risk": 2.3918216228485107, "median_risk": 2.0400500297546387, "high_priority_pixel_pct": 100.0, "priority_category": "HIGH PRIORITY", "threshold_type": "95th percentile prioritisation threshold", "recommendation": "Spectral-stress evidence detected. Prioritise field inspection to determine the underlying cause. Field verification required.", "priority_rank": 176}}, {"type": "Feature", "geometry": {"type": "Polygon", "coordinates": [[[33.73572464515369, 17.753483881229446], [33.73572353713851, 17.75321273766301], [33.73544056548315, 17.75321379915012], [33.73543835036406, 17.752671511960063], [33.7357213211673, 17.752670450507466], [33.735720213211266, 17.75239930691836], [33.73656912422455, 17.752396120162906], [33.736568015010114, 17.75212497661806], [33.737133954734894, 17.752122850107803], [33.737137284993665, 17.752936280615934], [33.73685431386302, 17.75293734412706], [33.736855423562716, 17.75320848763195], [33.73600650877415, 17.753211675767634], [33.7360076172154, 17.753482819316808], [33.73572464515369, 17.753483881229446]]]}, "properties": {"zone_id": "scene_03-Z0199", "scene": "scene_03", "pixel_count": 19, "approx_area_m2": 17100.0, "centroid_x": 578058.947368421, "centroid_y": 1962986.8421052631, "centroid_lon": 33.73632493342339, "centroid_lat": 17.7527752169224, "mean_risk": 2.067077398300171, "max_risk": 2.4618890285491943, "median_risk": 1.982080340385437, "high_priority_pixel_pct": 100.0, "priority_category": "HIGH PRIORITY", "threshold_type": "95th percentile prioritisation threshold", "recommendation": "Spectral-stress evidence detected. Prioritise field inspection to determine the underlying cause. Field verification required.", "priority_rank": 187}}, {"type": "Feature", "geometry": {"type": "Polygon", "coordinates": [[[33.522074083373276, 17.753626792081292], [33.52207329710258, 17.753355637358727], [33.52179031357859, 17.753356390552224], [33.52178402732548, 17.75118715240293], [33.522067007440604, 17.751186399307404], [33.52206779359938, 17.751457554090145], [33.52235077412659, 17.751456800574093], [33.52235156072546, 17.751727955337056], [33.52263454166476, 17.751727201400463], [33.52263611575667, 17.752269510879316], [33.52235313396517, 17.752270264840423], [33.52235706730941, 17.75362603846721], [33.522074083373276, 17.753626792081292]]]}, "properties": {"zone_id": "scene_03-Z0200", "scene": "scene_03", "pixel_count": 18, "approx_area_m2": 16200.0, "centroid_x": 555350.0, "centroid_y": 1962865.0, "centroid_lon": 33.52211757788859, "centroid_lat": 17.75236127774717, "mean_risk": 2.032959222793579, "max_risk": 2.28688907623291, "median_risk": 2.00581955909729, "high_priority_pixel_pct": 100.0, "priority_category": "HIGH PRIORITY", "threshold_type": "95th percentile prioritisation threshold", "recommendation": "Spectral-stress evidence detected. Prioritise field inspection to determine the underlying cause. Field verification required.", "priority_rank": 221}}, {"type": "Feature", "geometry": {"type": "Polygon", "coordinates": [[[33.52631646299586, 17.75280198135822], [33.52631567037536, 17.752530826797585], [33.52603268834041, 17.75253158607896], [33.52603189616012, 17.75226043149845], [33.52631487776897, 17.75225967222943], [33.52631329259848, 17.751717363070544], [33.52659627334103, 17.75171660341793], [33.526595480350856, 17.751445448839558], [33.5268784606532, 17.751444688791008], [33.52687528712936, 17.75036007045173], [33.527724222838835, 17.750357788004887], [33.52772501747679, 17.750628942563868], [33.52800799644441, 17.75062818091936], [33.52800958661487, 17.75117048998999], [33.52772660679512, 17.75117125165927], [33.527727401475495, 17.751442406195686], [33.52744442121553, 17.751443167469073], [33.52744521548396, 17.751714322010343], [33.526879254069456, 17.751715843357022], [33.52688004749983, 17.75198699791551], [33.52659706634531, 17.751987757988775], [33.52659944544282, 17.75280122165619], [33.52631646299586, 17.75280198135822]]]}, "properties": {"zone_id": "scene_03-Z0201", "scene": "scene_03", "pixel_count": 23, "approx_area_m2": 20700.0, "centroid_x": 555877.8260869565, "centroid_y": 1962752.608695652, "centroid_lon": 33.52709344389816, "centroid_lat": 17.75133211159629, "mean_risk": 1.965225100517273, "max_risk": 2.1531193256378174, "median_risk": 1.9723509550094604, "high_priority_pixel_pct": 100.0, "priority_category": "HIGH PRIORITY", "threshold_type": "95th percentile prioritisation threshold", "recommendation": "Spectral-stress evidence detected. Prioritise field inspection to determine the underlying cause. Field verification required.", "priority_rank": 280}}, {"type": "Feature", "geometry": {"type": "Polygon", "coordinates": [[[33.681671495695184, 17.75232348661996], [33.6816704691527, 17.75205233983975], [33.68138749600121, 17.75205332326685], [33.68138646990304, 17.751782176463113], [33.68053755161719, 17.751785124246958], [33.6805365268154, 17.751513977387738], [33.68081949916956, 17.75151299521734], [33.680817448768614, 17.750970701508212], [33.68110042025247, 17.750969718961535], [33.68110144586984, 17.75124086580389], [33.68166738963484, 17.751238899453877], [33.68166636316542, 17.750967752643497], [33.682232306005304, 17.75096578469256], [33.68223744279547, 17.75232151850901], [33.681671495695184, 17.75232348661996]]]}, "properties": {"zone_id": "scene_03-Z0202", "scene": "scene_03", "pixel_count": 19, "approx_area_m2": 17100.0, "centroid_x": 572256.3157894737, "centroid_y": 1962833.6842105263, "centroid_lon": 33.68158680019925, "centroid_lat": 17.751588820829614, "mean_risk": 2.2061190605163574, "max_risk": 2.8278162479400635, "median_risk": 2.1819117069244385, "high_priority_pixel_pct": 100.0, "priority_category": "HIGH PRIORITY", "threshold_type": "95th percentile prioritisation threshold", "recommendation": "Spectral-stress evidence detected. Prioritise field inspection to determine the underlying cause. Field verification required.", "priority_rank": 113}}, {"type": "Feature", "geometry": {"type": "Polygon", "coordinates": [[[33.72439374697165, 17.750543435771053], [33.7243926562128, 17.750272291436353], [33.72410968846139, 17.750273336405996], [33.72410750785387, 17.74973104767996], [33.72382454093501, 17.749732092207434], [33.72382018165664, 17.74864751459678], [33.72438611206732, 17.748645425269544], [33.72438829337151, 17.74918771402202], [33.72467125939964, 17.749186668712177], [33.72467016831189, 17.74891552435671], [33.72523609945798, 17.748913432546544], [33.72523719139764, 17.74918457686799], [33.725520157367484, 17.749183530333646], [33.725522342157014, 17.74972581891984], [33.72523937533524, 17.74972686548822], [33.72524155935057, 17.750269154078246], [33.724958591657405, 17.750270200272467], [33.72495968326823, 17.75054134457317], [33.72439374697165, 17.750543435771053]]]}, "properties": {"zone_id": "scene_03-Z0203", "scene": "scene_03", "pixel_count": 28, "approx_area_m2": 25200.0, "centroid_x": 576818.5714285715, "centroid_y": 1962627.857142857, "centroid_lon": 33.7246121824239, "centroid_lat": 17.74957424181284, "mean_risk": 2.096287727355957, "max_risk": 2.5839996337890625, "median_risk": 2.0785951614379883, "high_priority_pixel_pct": 100.0, "priority_category": "HIGH PRIORITY", "threshold_type": "95th percentile prioritisation threshold", "recommendation": "Spectral-stress evidence detected. Prioritise field inspection to determine the underlying cause. Field verification required.", "priority_rank": 166}}, {"type": "Feature", "geometry": {"type": "Polygon", "coordinates": [[[33.68788862295718, 17.75013257595812], [33.687887587188975, 17.74986142947103], [33.68703867911449, 17.749864405084907], [33.687035575754244, 17.749050965433195], [33.68675260763719, 17.74905195643974], [33.68675157364655, 17.748780809857962], [33.68703454133765, 17.748779818867533], [33.687033506939464, 17.748508672294328], [33.687316474186204, 17.748507680911842], [33.68731543938047, 17.748236534347217], [33.68788137296679, 17.748234550390034], [33.68788240862442, 17.748505696922397], [33.68816537581588, 17.74850470431543], [33.688166411917884, 17.7487758508241], [33.68844937951686, 17.74877485779282], [33.68845041606326, 17.7490460042778], [33.68816744803832, 17.74904699732523], [33.68817159270448, 17.750131583254294], [33.68788862295718, 17.75013257595812]], [[33.68760151193313, 17.74904898219556], [33.68788447999494, 17.749047989964485], [33.68788344430047, 17.748776843447217], [33.68760047666461, 17.74877783566215], [33.68760151193313, 17.74904898219556]]]}, "properties": {"zone_id": "scene_03-Z0204", "scene": "scene_03", "pixel_count": 24, "approx_area_m2": 21600.0, "centroid_x": 572896.25, "centroid_y": 1962565.0, "centroid_lon": 33.68761364736893, "centroid_lat": 17.74913932303666, "mean_risk": 2.1260602474212646, "max_risk": 2.6402029991149902, "median_risk": 2.0649728775024414, "high_priority_pixel_pct": 100.0, "priority_category": "HIGH PRIORITY", "threshold_type": "95th percentile prioritisation threshold", "recommendation": "Spectral-stress evidence detected. Prioritise field inspection to determine the underlying cause. Field verification required.", "priority_rank": 151}}, {"type": "Feature", "geometry": {"type": "Polygon", "coordinates": [[[33.68051501018993, 17.745819891601457], [33.68051398578929, 17.745548744576276], [33.680796948772475, 17.745547762757226], [33.68079797359899, 17.745818909766438], [33.68051501018993, 17.745819891601457]]]}, "properties": {"zone_id": "scene_03-Z0205", "scene": "scene_03", "pixel_count": 36, "approx_area_m2": 32400.0, "centroid_x": 572064.1666666666, "centroid_y": 1962324.1666666667, "centroid_lon": 33.67975698679499, "centroid_lat": 17.746989973749795, "mean_risk": 2.034562587738037, "max_risk": 2.4016971588134766, "median_risk": 2.0447075366973877, "high_priority_pixel_pct": 100.0, "priority_category": "HIGH PRIORITY", "threshold_type": "95th percentile prioritisation threshold", "recommendation": "Spectral-stress evidence detected. Prioritise field inspection to determine the underlying cause. Field verification required.", "priority_rank": 219}}, {"type": "Feature", "geometry": {"type": "Polygon", "coordinates": [[[33.68363686927655, 17.74824939027371], [33.68363584002645, 17.74797824349246], [33.683352873392884, 17.747979229536753], [33.68335184458704, 17.747708082731915], [33.6830688783611, 17.747709068352027], [33.68306990674101, 17.747980215172888], [33.68250397338237, 17.74798218522072], [33.68250294585432, 17.747711038367818], [33.68193701327439, 17.747713006751024], [33.68193495997685, 17.74717071295856], [33.68165199451132, 17.747171696505955], [33.681646863716686, 17.745815961812784], [33.68221279037052, 17.74581399446986], [33.68221381734468, 17.746085141391582], [33.68306270846596, 17.74608218726842], [33.68306373673607, 17.746353334134543], [33.68334670083245, 17.746352348594584], [33.68334772954675, 17.746623495437134], [33.68363069405073, 17.746622509473028], [33.683633781581214, 17.74743594990732], [33.683916747344604, 17.747434963486963], [33.68391777698398, 17.747706110267266], [33.684483709307635, 17.747704136170036], [33.68448473981721, 17.747975282910687], [33.68391880664169, 17.74797725704002], [33.68391983631773, 17.74824840380523], [33.68363686927655, 17.74824939027371]]]}, "properties": {"zone_id": "scene_03-Z0206", "scene": "scene_03", "pixel_count": 47, "approx_area_m2": 42300.0, "centroid_x": 572382.7659574468, "centroid_y": 1962330.0, "centroid_lon": 33.68276227043615, "centroid_lat": 17.74703225978631, "mean_risk": 2.5960400104522705, "max_risk": 4.079966068267822, "median_risk": 2.392601728439331, "high_priority_pixel_pct": 100.0, "priority_category": "HIGH PRIORITY", "threshold_type": "95th percentile prioritisation threshold", "recommendation": "Spectral-stress evidence detected. Prioritise field inspection to determine the underlying cause. Field verification required.", "priority_rank": 33}}, {"type": "Feature", "geometry": {"type": "Polygon", "coordinates": [[[33.73740026955061, 17.748054632939287], [33.737399159374206, 17.747783489325457], [33.737116196357, 17.747784552916166], [33.73711175755253, 17.74669997831611], [33.737677680160026, 17.74669785086497], [33.73767879068329, 17.746968994491713], [33.73796175238328, 17.74696793013668], [33.73796508534935, 17.747781360919653], [33.73768212237166, 17.747782425326616], [33.73768323297398, 17.748053568923144], [33.73740026955061, 17.748054632939287]]]}, "properties": {"zone_id": "scene_03-Z0207", "scene": "scene_03", "pixel_count": 12, "approx_area_m2": 10800.0, "centroid_x": 578187.5, "centroid_y": 1962385.0, "centroid_lon": 33.73751521007968, "centroid_lat": 17.747331140014385, "mean_risk": 2.221740961074829, "max_risk": 2.6730897426605225, "median_risk": 2.179830551147461, "high_priority_pixel_pct": 100.0, "priority_category": "HIGH PRIORITY", "threshold_type": "95th percentile prioritisation threshold", "recommendation": "Spectral-stress evidence detected. Prioritise field inspection to determine the underlying cause. Field verification required.", "priority_rank": 106}}, {"type": "Feature", "geometry": {"type": "Polygon", "coordinates": [[[33.70514125002688, 17.747902109887196], [33.70513700373103, 17.74681752763956], [33.70541996722835, 17.746816510234225], [33.705417843342005, 17.746274219098222], [33.70570080596865, 17.746273201317884], [33.705699743627946, 17.746002055755113], [33.70598270580981, 17.746001037583234], [33.705988019831835, 17.74735676523881], [33.70570505552052, 17.74735778349349], [33.7057071804099, 17.747900074536012], [33.70514125002688, 17.747902109887196]]]}, "properties": {"zone_id": "scene_03-Z0208", "scene": "scene_03", "pixel_count": 15, "approx_area_m2": 13500.0, "centroid_x": 574802.0, "centroid_y": 1962338.0, "centroid_lon": 33.70558112756328, "centroid_lat": 17.747023811776987, "mean_risk": 2.388411521911621, "max_risk": 2.7803473472595215, "median_risk": 2.4005892276763916, "high_priority_pixel_pct": 100.0, "priority_category": "HIGH PRIORITY", "threshold_type": "95th percentile prioritisation threshold", "recommendation": "Spectral-stress evidence detected. Prioritise field inspection to determine the underlying cause. Field verification required.", "priority_rank": 65}}, {"type": "Feature", "geometry": {"type": "Polygon", "coordinates": [[[33.523754635816, 17.74765686025742], [33.523753847297215, 17.747385705442994], [33.523187899149704, 17.747387215781156], [33.52318553623331, 17.746573751219074], [33.523468509036206, 17.746572996290926], [33.5234677209995, 17.746301841434132], [33.52375069336242, 17.746301086110105], [33.52374911647922, 17.745758776398546], [33.52346614496817, 17.745759531698003], [33.52346535697354, 17.745488376818653], [33.52318238587438, 17.745489131697685], [33.52318081077902, 17.744946821891876], [33.52431269168421, 17.744943800025244], [33.52431584874567, 17.746028419410163], [33.524598820640534, 17.74602766287398], [33.52460197963057, 17.74711228208936], [33.524884953215164, 17.74711152509578], [33.52488653364646, 17.74765383463372], [33.523754635816, 17.74765686025742]], [[33.524036821349924, 17.747384949661647], [33.52431979538859, 17.747384193472115], [33.52431900603192, 17.74711303867477], [33.52403603241921, 17.747113794852], [33.524036821349924, 17.747384949661647]]]}, "properties": {"zone_id": "scene_03-Z0209", "scene": "scene_03", "pixel_count": 39, "approx_area_m2": 35100.0, "centroid_x": 555547.6923076923, "centroid_y": 1962205.3846153845, "centroid_lon": 33.523965009590015, "centroid_lat": 17.7463943757941, "mean_risk": 1.898769497871399, "max_risk": 2.063922166824341, "median_risk": 1.8866865634918213, "high_priority_pixel_pct": 100.0, "priority_category": "HIGH PRIORITY", "threshold_type": "95th percentile prioritisation threshold", "recommendation": "Spectral-stress evidence detected. Prioritise field inspection to determine the underlying cause. Field verification required.", "priority_rank": 355}}, {"type": "Feature", "geometry": {"type": "Polygon", "coordinates": [[[33.51356599894223, 17.747141486461967], [33.51356290640025, 17.746056865346585], [33.51327993396312, 17.746057605964918], [33.51327684334499, 17.74497298468105], [33.51355981407844, 17.744972244110894], [33.51356136021183, 17.745514554743774], [33.513844331783346, 17.74551381374139], [33.51384665236442, 17.746327279598155], [33.51412962519996, 17.74632653815145], [33.51413194718282, 17.747140003904374], [33.51356599894223, 17.747141486461967]]]}, "properties": {"zone_id": "scene_03-Z0210", "scene": "scene_03", "pixel_count": 13, "approx_area_m2": 11700.0, "centroid_x": 554457.6923076923, "centroid_y": 1962177.6923076923, "centroid_lon": 33.51368295266574, "centroid_lat": 17.746171271429766, "mean_risk": 1.9612622261047363, "max_risk": 2.1848952770233154, "median_risk": 1.9346919059753418, "high_priority_pixel_pct": 100.0, "priority_category": "HIGH PRIORITY", "threshold_type": "95th percentile prioritisation threshold", "recommendation": "Spectral-stress evidence detected. Prioritise field inspection to determine the underlying cause. Field verification required.", "priority_rank": 285}}, {"type": "Feature", "geometry": {"type": "Polygon", "coordinates": [[[33.53875064148353, 17.747073932398276], [33.53874983041714, 17.746802778229466], [33.5390328028633, 17.74680200083991], [33.53902793421251, 17.745175075744935], [33.53931090408867, 17.74517429802312], [33.539313339626815, 17.745987760566504], [33.53959631076627, 17.745986982398602], [33.53959793538248, 17.746529290697936], [33.53931496339116, 17.746530068891158], [33.539316587213314, 17.747072377185713], [33.53875064148353, 17.747073932398276]]]}, "properties": {"zone_id": "scene_03-Z0211", "scene": "scene_03", "pixel_count": 10, "approx_area_m2": 9000.0, "centroid_x": 557163.0, "centroid_y": 1962192.0, "centroid_lon": 33.53920088170046, "centroid_lat": 17.746232110473755, "mean_risk": 1.8349895477294922, "max_risk": 1.9054981470108032, "median_risk": 1.8145067691802979, "high_priority_pixel_pct": 100.0, "priority_category": "HIGH PRIORITY", "threshold_type": "95th percentile prioritisation threshold", "recommendation": "Spectral-stress evidence detected. Prioritise field inspection to determine the underlying cause. Field verification required.", "priority_rank": 389}}, {"type": "Feature", "geometry": {"type": "Polygon", "coordinates": [[[33.526016055514454, 17.74683733830878], [33.526015263630164, 17.74656618357032], [33.525732290953776, 17.746566942171917], [33.525731499509526, 17.746295787413597], [33.525448527245, 17.746296545594706], [33.52544615427455, 17.745483081237644], [33.52516318327372, 17.74548383897362], [33.52516239273764, 17.745212684160567], [33.52601130442014, 17.745210409765228], [33.526012096233956, 17.745481564541286], [33.52657803813699, 17.745480046212393], [33.52658200167684, 17.746835819856393], [33.526016055514454, 17.74683733830878]]]}, "properties": {"zone_id": "scene_03-Z0212", "scene": "scene_03", "pixel_count": 20, "approx_area_m2": 18000.0, "centroid_x": 555763.5, "centroid_y": 1962159.0, "centroid_lon": 33.525999372947716, "centroid_lat": 17.745969681057655, "mean_risk": 2.0043952465057373, "max_risk": 2.2591872215270996, "median_risk": 1.969285011291504, "high_priority_pixel_pct": 100.0, "priority_category": "HIGH PRIORITY", "threshold_type": "95th percentile prioritisation threshold", "recommendation": "Spectral-stress evidence detected. Prioritise field inspection to determine the underlying cause. Field verification required.", "priority_rank": 244}}, {"type": "Feature", "geometry": {"type": "Polygon", "coordinates": [[[33.70541465765424, 17.745460782337602], [33.70541359579612, 17.745189636735642], [33.70484767389307, 17.74519167093965], [33.70484661290554, 17.744920525297054], [33.705129573440665, 17.744919508415627], [33.70512745067059, 17.744377217140865], [33.70541041033515, 17.744376199884464], [33.70540934855262, 17.744105054252305], [33.70569230777246, 17.7441040366044], [33.70569336998081, 17.744375182220004], [33.70597632960756, 17.744374164147494], [33.7059805803334, 17.745458746468174], [33.70541465765424, 17.745460782337602]]]}, "properties": {"zone_id": "scene_03-Z0213", "scene": "scene_03", "pixel_count": 13, "approx_area_m2": 11700.0, "centroid_x": 574797.6923076923, "centroid_y": 1962096.923076923, "centroid_lon": 33.705531962090696, "centroid_lat": 17.744845059871146, "mean_risk": 2.295431613922119, "max_risk": 2.693899631500244, "median_risk": 2.2604377269744873, "high_priority_pixel_pct": 100.0, "priority_category": "HIGH PRIORITY", "threshold_type": "95th percentile prioritisation threshold", "recommendation": "Spectral-stress evidence detected. Prioritise field inspection to determine the underlying cause. Field verification required.", "priority_rank": 89}}, {"type": "Feature", "geometry": {"type": "Polygon", "coordinates": [[[33.51101461544988, 17.74552120539902], [33.511010000213346, 17.743894272761082], [33.510727031059965, 17.74389500961016], [33.510726262327665, 17.743623854132203], [33.51044329358647, 17.743624590561204], [33.51044406189289, 17.74389574605114], [33.510161092712146, 17.743896482084022], [33.51016186060637, 17.744167637578414], [33.50987889098607, 17.744168373215164], [33.509876588622035, 17.743354906673538], [33.51015955696471, 17.74335417107269], [33.51015495005044, 17.741727237858267], [33.510720881584724, 17.741725765576035], [33.51071934435275, 17.74118345449233], [33.51100230924775, 17.741182717763113], [33.51100154022649, 17.740911562221974], [33.511284504682, 17.740910825096723], [33.51128604358982, 17.7414531361475], [33.511003078282705, 17.74145387329674], [33.51100461639368, 17.741996184341435], [33.510721650221235, 17.74199692110661], [33.51072318753531, 17.742539232145212], [33.51100615455942, 17.74253849535606], [33.51100692366281, 17.742809650852102], [33.51157285852162, 17.742808176025612], [33.51157054869747, 17.74199470958693], [33.511853514828815, 17.7419939715976], [33.51185197416295, 17.741451660624904], [33.51241790468123, 17.741450183470143], [33.51241559123051, 17.74063671702682], [33.5129815191391, 17.740635238312088], [33.51298460717391, 17.74171986012525], [33.512701641523286, 17.741720599734755], [33.51270241314054, 17.741991755181292], [33.51326834527968, 17.741990275530156], [33.5132675728108, 17.741719120107696], [33.51411646963891, 17.741716897606768], [33.51411879091924, 17.742530363743118], [33.51383582404616, 17.74253110502098], [33.51383969099292, 17.743886881824846], [33.5132737529469, 17.743888363276884], [33.513275298118444, 17.744430673993996], [33.512709358313884, 17.744432153861787], [33.512708586573005, 17.744160998482915], [33.51299155605627, 17.74416025876511], [33.51299001176398, 17.743617948008875], [33.512707043132465, 17.743618687702615], [33.51270549974688, 17.743076376892244], [33.51242253195335, 17.743077116153835], [33.51242330321342, 17.743348271574806], [33.5121403349803, 17.743349010440344], [33.512141876689896, 17.74389132128377], [33.511575938479034, 17.743892797838626], [33.511579018655745, 17.744977419531345], [33.5118619894716, 17.744976681409945], [33.511862759975955, 17.745247836802328], [33.511579788734196, 17.745248574935736], [33.511580558826346, 17.7455197303326], [33.51101461544988, 17.74552120539902]]]}, "properties": {"zone_id": "scene_03-Z0214", "scene": "scene_03", "pixel_count": 120, "approx_area_m2": 108000.0, "centroid_x": 554280.75, "centroid_y": 1961815.5, "centroid_lon": 33.51200465352944, "centroid_lat": 17.74290195478063, "mean_risk": 1.8915104866027832, "max_risk": 2.1767818927764893, "median_risk": 1.8703421354293823, "high_priority_pixel_pct": 100.0, "priority_category": "HIGH PRIORITY", "threshold_type": "95th percentile prioritisation threshold", "recommendation": "Spectral-stress evidence detected. Prioritise field inspection to determine the underlying cause. Field verification required.", "priority_rank": 358}}, {"type": "Feature", "geometry": {"type": "Polygon", "coordinates": [[[33.497145244048745, 17.744201054477696], [33.497143747454786, 17.743658742394203], [33.496860778065695, 17.743659459234653], [33.49686003021456, 17.743388303169972], [33.49657706123802, 17.743389019590676], [33.496578556101845, 17.743931331735837], [33.49629558626026, 17.743932047771747], [33.49628961053107, 17.741762798917538], [33.49657257696586, 17.741762082974816], [33.49657182963373, 17.74149092684587], [33.49713776161175, 17.74148949375958], [33.49713925799259, 17.742031805963325], [33.49742222481327, 17.74203108878478], [33.497423722099064, 17.742573400935136], [33.497706689758076, 17.742572683325182], [33.497708187948874, 17.743114995422125], [33.49799115644626, 17.743114277380737], [33.49799190598752, 17.743385433406257], [33.497708937064274, 17.74338615145932], [33.497709686193005, 17.743657307489], [33.49742671683056, 17.743658025145645], [33.49742821427628, 17.74420033720581], [33.497145244048745, 17.744201054477696]]]}, "properties": {"zone_id": "scene_03-Z0215", "scene": "scene_03", "pixel_count": 36, "approx_area_m2": 32400.0, "centroid_x": 552686.6666666666, "centroid_y": 1961800.8333333333, "centroid_lon": 33.49696847382184, "centroid_lat": 17.742808051742273, "mean_risk": 1.9062483310699463, "max_risk": 2.0335044860839844, "median_risk": 1.9019478559494019, "high_priority_pixel_pct": 100.0, "priority_category": "HIGH PRIORITY", "threshold_type": "95th percentile prioritisation threshold", "recommendation": "Spectral-stress evidence detected. Prioritise field inspection to determine the underlying cause. Field verification required.", "priority_rank": 344}}, {"type": "Feature", "geometry": {"type": "Polygon", "coordinates": [[[33.53930765690678, 17.744089681193305], [33.53930278656742, 17.742462755722947], [33.539868717759056, 17.742461199308163], [33.53986953029782, 17.742732353546703], [33.5395865642834, 17.742733131970787], [33.53958737641079, 17.743004286214475], [33.53987034285105, 17.743003507777726], [33.539872780597534, 17.743816970425662], [33.53958981287971, 17.743817748900398], [33.539590625064925, 17.744088903114], [33.53930765690678, 17.744089681193305]]]}, "properties": {"zone_id": "scene_03-Z0216", "scene": "scene_03", "pixel_count": 10, "approx_area_m2": 9000.0, "centroid_x": 557202.0, "centroid_y": 1961862.0, "centroid_lon": 33.539559810654666, "centroid_lat": 17.743248402849726, "mean_risk": 1.8179380893707275, "max_risk": 1.8427804708480835, "median_risk": 1.816953182220459, "high_priority_pixel_pct": 100.0, "priority_category": "HIGH PRIORITY", "threshold_type": "95th percentile prioritisation threshold", "recommendation": "Spectral-stress evidence detected. Prioritise field inspection to determine the underlying cause. Field verification required.", "priority_rank": 390}}, {"type": "Feature", "geometry": {"type": "Polygon", "coordinates": [[[33.54015330927685, 17.743002728932904], [33.54015087038305, 17.742189266255295], [33.54043383551688, 17.74218848704044], [33.54043058215786, 17.741103870082366], [33.540147618727254, 17.741104649246516], [33.5401435544831, 17.739748877816346], [33.54042651578486, 17.73974809871558], [33.54041594490896, 17.736223092282124], [33.54069890066209, 17.73622231293825], [33.540694833463895, 17.734866540958148], [33.540977787074375, 17.734865761269816], [33.540976973252576, 17.734594606863922], [33.5406940200677, 17.73459538653957], [33.54069157996604, 17.733781923238734], [33.541257483767716, 17.73378036355573], [33.54126155493228, 17.735136135559273], [33.54154450893939, 17.735135355042495], [33.54154613835797, 17.73567766376588], [33.541263183499595, 17.735678444308064], [33.54126399780501, 17.73594959867118], [33.541546953089025, 17.735948818116295], [33.54154776783458, 17.73621997245919], [33.541264812124915, 17.73622075302678], [33.54126888394195, 17.737576524691992], [33.54098592608943, 17.737577304915163], [33.540989182101235, 17.738661922162773], [33.54127214165658, 17.738661141888823], [33.54127295612149, 17.738932296169228], [33.54098999614041, 17.73893307645588], [33.54099813732938, 17.74164461897333], [33.54071517307614, 17.741645398978907], [33.54071924208502, 17.743001170019067], [33.54015330927685, 17.743002728932904]]]}, "properties": {"zone_id": "scene_03-Z0217", "scene": "scene_03", "pixel_count": 79, "approx_area_m2": 71100.0, "centroid_x": 557332.4050632912, "centroid_y": 1961313.0379746836, "centroid_lon": 33.54077492883189, "centroid_lat": 17.73828323676507, "mean_risk": 1.9484386444091797, "max_risk": 2.3257052898406982, "median_risk": 1.9265846014022827, "high_priority_pixel_pct": 100.0, "priority_category": "HIGH PRIORITY", "threshold_type": "95th percentile prioritisation threshold", "recommendation": "Spectral-stress evidence detected. Prioritise field inspection to determine the underlying cause. Field verification required.", "priority_rank": 298}}, {"type": "Feature", "geometry": {"type": "Polygon", "coordinates": [[[33.579485498259494, 17.742890499023314], [33.57948462608976, 17.742619346630725], [33.579201662174064, 17.742620182182787], [33.5791999187328, 17.742077877347853], [33.579482881796864, 17.742077041822974], [33.5794820096737, 17.741805889407807], [33.57919904703543, 17.741806724919094], [33.57919643203646, 17.740993267587662], [33.57891347066005, 17.740994102650163], [33.578911728256514, 17.74045179769774], [33.578628767716125, 17.74045263232507], [33.57862789696338, 17.740181479823995], [33.57806197668761, 17.74018314782752], [33.578064586437755, 17.740996605389583], [33.57778162499934, 17.740997438820035], [33.57778249452125, 17.74126859133924], [33.57749953264157, 17.741269424375233], [33.57750040175318, 17.74154057690046], [33.57693447709584, 17.741542241775484], [33.576933608835816, 17.741271089223172], [33.57636768496823, 17.741272752439034], [33.57636508283554, 17.740459294655768], [33.5760821221559, 17.740460125611115], [33.576081255234975, 17.740188972988125], [33.57551533468093, 17.740190633647803], [33.57551446862693, 17.739919480990263], [33.576363348157614, 17.739916989429297], [33.576360746256526, 17.739103531533157], [33.57664370479201, 17.739102700237442], [33.57664283709681, 17.738831547603873], [33.57692579519112, 17.73883071591373], [33.57692058679017, 17.737203800035495], [33.57720354231487, 17.737202968018625], [33.57720267387648, 17.73693181535946], [33.57748562896005, 17.736930982948216], [33.57748649782411, 17.73720213559384], [33.57833536425898, 17.73719963587197], [33.57833623441554, 17.737470788469395], [33.578902146146014, 17.737469119921403], [33.57890301716943, 17.737740272484146], [33.57946892968923, 17.737738602277282], [33.57946980157953, 17.73800975480533], [33.57975275824183, 17.738008919076403], [33.57975188592585, 17.73773776656196], [33.580034842146944, 17.737736930438697], [33.580035714888616, 17.738008082939544], [33.580318671519855, 17.73800724639474], [33.58031954470276, 17.738278398874442], [33.58116841578026, 17.73827588675154], [33.58116666687584, 17.737733581866365], [33.58201553525907, 17.73773106615385], [33.582014659553174, 17.737459913740913], [33.58258057087935, 17.73745823458691], [33.58258144743661, 17.737729386972518], [33.583147359551724, 17.737727706159472], [33.58314823697596, 17.737998858510213], [33.58343119343577, 17.73799801747811], [33.583432071301324, 17.73826916980764], [33.58314911441582, 17.738270010853423], [33.583149991871295, 17.73854116318911], [33.582584077202014, 17.738542844084215], [33.5825849538217, 17.73881399643973], [33.58286791158986, 17.73881315618248], [33.58286878865086, 17.739084308516794], [33.58371766313877, 17.739081785256264], [33.58371941986201, 17.739624089820207], [33.58428533781201, 17.739622405551902], [33.584286217048565, 17.73989355779518], [33.58400325765564, 17.739894400147026], [33.5840050153242, 17.740436704638412], [33.58372205506413, 17.740437546609677], [33.58372293349612, 17.740708698857784], [33.58343997279465, 17.740709540434743], [33.58344085081651, 17.740980692689014], [33.58372381194374, 17.740979851098363], [33.58372469040701, 17.74125100333142], [33.58315876728534, 17.741252686132093], [33.58315964491267, 17.741523838385], [33.582876682902615, 17.74152467918699], [33.58287843735255, 17.74206698369758], [33.58259547447528, 17.742067824118898], [33.58259635129787, 17.742338976376573], [33.582030424644906, 17.74234065602242], [33.58203130063146, 17.742611808299902], [33.58146537306449, 17.742613486340876], [33.581466248214994, 17.742884638638124], [33.580617355470245, 17.742887152680115], [33.58061648159721, 17.742616000341968], [33.5808994454352, 17.74261516274965], [33.580895948395394, 17.741530553376304], [33.58117891051461, 17.74152971543047], [33.58117803586778, 17.741258563081953], [33.581460997545626, 17.741257724741736], [33.581458372421245, 17.740444267691934], [33.5808924516046, 17.74044594388254], [33.580891577445804, 17.740174791490283], [33.580608617439886, 17.740175628959964], [33.58061123868567, 17.740989086155025], [33.580894199968874, 17.740988248644467], [33.58089507417435, 17.74125940101415], [33.58061211246537, 17.741260238538334], [33.580612986260626, 17.741531390914115], [33.5803300241103, 17.7415322280439], [33.580330897495315, 17.741803380425768], [33.580047934903654, 17.741804217161143], [33.58005142689595, 17.742888826667826], [33.579485498259494, 17.742890499023314]]]}, "properties": {"zone_id": "scene_03-Z0218", "scene": "scene_03", "pixel_count": 364, "approx_area_m2": 327600.0, "centroid_x": 561500.2747252748, "centroid_y": 1961494.120879121, "centroid_lon": 33.58009125909986, "centroid_lat": 17.739807673155784, "mean_risk": 2.9059784412384033, "max_risk": 3.994396209716797, "median_risk": 2.9308996200561523, "high_priority_pixel_pct": 100.0, "priority_category": "HIGH PRIORITY", "threshold_type": "95th percentile prioritisation threshold", "recommendation": "Spectral-stress evidence detected. Prioritise field inspection to determine the underlying cause. Field verification required.", "priority_rank": 16}}, {"type": "Feature", "geometry": {"type": "Polygon", "coordinates": [[[33.5053475720728, 17.742824309340858], [33.505346050913246, 17.74228199786433], [33.50506308404276, 17.74228272648029], [33.505063844189934, 17.742553882234166], [33.50449790955669, 17.742555338265582], [33.504497150261194, 17.742284182488017], [33.50478011715874, 17.74228345468818], [33.504777838075874, 17.741469987345912], [33.505060803682426, 17.74146925917356], [33.50506004358938, 17.74119810338961], [33.5053430087566, 17.741197374821073], [33.50534224825129, 17.740926219041473], [33.505908177693506, 17.74092476070401], [33.50590741635015, 17.740653604940615], [33.506190380625135, 17.74065287517172], [33.506189618869556, 17.74038171941269], [33.50675554652727, 17.740380258674595], [33.5067547839337, 17.74010910293181], [33.50732071068557, 17.740107640585457], [33.50732147413069, 17.740378796304444], [33.50817036543387, 17.74037659968912], [33.50816883600259, 17.7398342883151], [33.50788587310001, 17.739835020904387], [33.50788510883054, 17.739563865194178], [33.50816807130737, 17.739563132616816], [33.50816654195777, 17.739020821197702], [33.50844950356947, 17.7390200882362], [33.508448738489356, 17.738748932527294], [33.50873169966171, 17.738748199169738], [33.50873246516756, 17.739019354866713], [33.50901542675202, 17.739018621089247], [33.509016958656105, 17.739560932436767], [33.50929992107842, 17.739560198227426], [33.50930068747669, 17.739831353877968], [33.509583650311114, 17.739830619248682], [33.50958441714879, 17.740101774879747], [33.50986738039533, 17.740101039830506], [33.5098666131319, 17.739829884211396], [33.51014957593902, 17.739829148766113], [33.51014880826349, 17.739557993151454], [33.5107147329852, 17.739556521060834], [33.51071627005299, 17.74009883223474], [33.51043330684744, 17.740099568508], [33.51043407497608, 17.74037072409565], [33.51015111133109, 17.74037145997288], [33.510151879047626, 17.74064261556499], [33.509302986753326, 17.740644820784482], [33.50930528615277, 17.741458287623352], [33.50902232074997, 17.741459021916317], [33.50902385289953, 17.74200133312854], [33.508457920349784, 17.742002800538096], [33.50845715511983, 17.741731644911866], [33.50817418925033, 17.74173237799264], [33.50817495405447, 17.74200353363079], [33.50789198774554, 17.742004266315433], [33.507891223367224, 17.741733110665358], [33.507042325636284, 17.741735306235245], [33.50704156254902, 17.741464150541933], [33.50647563151208, 17.741465612191178], [33.50647715599694, 17.742007923617834], [33.50619418960649, 17.742008653854157], [33.50619495144344, 17.742279809568096], [33.5056290177702, 17.74228126884032], [33.50563053978143, 17.742823580293123], [33.5053475720728, 17.742824309340858]]]}, "properties": {"zone_id": "scene_03-Z0219", "scene": "scene_03", "pixel_count": 122, "approx_area_m2": 109800.0, "centroid_x": 553830.4918032787, "centroid_y": 1961588.3606557378, "centroid_lon": 33.50775191766097, "centroid_lat": 17.740859987967433, "mean_risk": 1.892600178718567, "max_risk": 2.0892791748046875, "median_risk": 1.8915611505508423, "high_priority_pixel_pct": 100.0, "priority_category": "HIGH PRIORITY", "threshold_type": "95th percentile prioritisation threshold", "recommendation": "Spectral-stress evidence detected. Prioritise field inspection to determine the underlying cause. Field verification required.", "priority_rank": 357}}, {"type": "Feature", "geometry": {"type": "Polygon", "coordinates": [[[33.74331564388305, 17.741524762830494], [33.743313406617695, 17.740982475962294], [33.742747502687045, 17.74098461900522], [33.742745267204185, 17.740442332037087], [33.74246231606043, 17.74044340291176], [33.742458964262454, 17.739629972350663], [33.74274191412913, 17.739628901528256], [33.74274303180091, 17.73990004503875], [33.74302598207338, 17.73989897379098], [33.74302821832804, 17.740441260754462], [33.74359412051602, 17.740439116965376], [33.74359523952462, 17.74071026040091], [33.74416114248435, 17.740708114945136], [33.7441622623643, 17.740979258338214], [33.74387931046869, 17.74098033128753], [33.743880429942855, 17.741251474690515], [33.743597477601604, 17.74125254724932], [33.74359859666997, 17.741523690662202], [33.74331564388305, 17.741524762830494]]]}, "properties": {"zone_id": "scene_03-Z0220", "scene": "scene_03", "pixel_count": 17, "approx_area_m2": 15300.0, "centroid_x": 578798.8235294118, "centroid_y": 1961645.294117647, "centroid_lon": 33.743253671421535, "centroid_lat": 17.7406238303138, "mean_risk": 2.135300397872925, "max_risk": 2.7053775787353516, "median_risk": 2.1031277179718018, "high_priority_pixel_pct": 100.0, "priority_category": "HIGH PRIORITY", "threshold_type": "95th percentile prioritisation threshold", "recommendation": "Spectral-stress evidence detected. Prioritise field inspection to determine the underlying cause. Field verification required.", "priority_rank": 140}}, {"type": "Feature", "geometry": {"type": "Polygon", "coordinates": [[[33.72773897371289, 17.738058226284114], [33.72773678378474, 17.7375159373214], [33.72801973127036, 17.737514887847926], [33.728018635909905, 17.73724374337232], [33.728301582950394, 17.73724269350805], [33.72829939143677, 17.73670040456838], [33.728582337606525, 17.736699354330415], [33.728581241453384, 17.736428209866343], [33.72914713288313, 17.73642610820104], [33.7291460358983, 17.73615496376362], [33.72942898115829, 17.736153912336302], [33.72943117599866, 17.73669620116937], [33.72914822988748, 17.736697252630915], [33.72915042395478, 17.737239541468007], [33.72886747697284, 17.737240592555892], [33.728868573610164, 17.737511736980224], [33.728585626183076, 17.737512787677336], [33.72858672241429, 17.737783932111217], [33.72802082665031, 17.737786032315977], [33.72802192204977, 17.738057176776483], [33.72773897371289, 17.738058226284114]]]}, "properties": {"zone_id": "scene_03-Z0221", "scene": "scene_03", "pixel_count": 94, "approx_area_m2": 84600.0, "centroid_x": 577066.914893617, "centroid_y": 1961424.255319149, "centroid_lon": 33.72691071406975, "centroid_lat": 17.738687245457943, "mean_risk": 2.064073324203491, "max_risk": 2.684190273284912, "median_risk": 2.0208959579467773, "high_priority_pixel_pct": 100.0, "priority_category": "HIGH PRIORITY", "threshold_type": "95th percentile prioritisation threshold", "recommendation": "Spectral-stress evidence detected. Prioritise field inspection to determine the underlying cause. Field verification required.", "priority_rank": 191}}, {"type": "Feature", "geometry": {"type": "Polygon", "coordinates": [[[33.52797938305294, 17.740866612503606], [33.527978588498215, 17.740595457686275], [33.52712969883003, 17.740597740021002], [33.52712811231765, 17.74005543028952], [33.528259961774104, 17.740052386459574], [33.52825916683605, 17.73978123163208], [33.52854212873904, 17.739780469666986], [33.52854371948083, 17.740322779289663], [33.528260756726304, 17.740323541279547], [33.528262346673166, 17.74086585089695], [33.52797938305294, 17.740866612503606]]]}, "properties": {"zone_id": "scene_03-Z0222", "scene": "scene_03", "pixel_count": 11, "approx_area_m2": 9900.0, "centroid_x": 555962.7272727273, "centroid_y": 1961533.6363636365, "centroid_lon": 33.527862000350055, "centroid_lat": 17.740312289080336, "mean_risk": 2.0178816318511963, "max_risk": 2.4395196437835693, "median_risk": 1.9775968790054321, "high_priority_pixel_pct": 100.0, "priority_category": "HIGH PRIORITY", "threshold_type": "95th percentile prioritisation threshold", "recommendation": "Spectral-stress evidence detected. Prioritise field inspection to determine the underlying cause. Field verification required.", "priority_rank": 231}}, {"type": "Feature", "geometry": {"type": "Polygon", "coordinates": [[[33.51184889299578, 17.740367038589305], [33.51184735249447, 17.73982472752641], [33.512130315205766, 17.73982398922513], [33.51212415034317, 17.737654744769006], [33.512407109634886, 17.73765400615588], [33.512406338663105, 17.737382850577056], [33.51353817398985, 17.737379892093234], [33.51353971935275, 17.737922203147065], [33.51325675969028, 17.737922943404023], [33.51325753196666, 17.738194098931714], [33.512974571864724, 17.738194838792758], [33.51297380001405, 17.737923683253026], [33.5124078806204, 17.737925161727176], [33.51240865161963, 17.738196317290967], [33.51269161174905, 17.73819557824584], [33.512692383187726, 17.738466733790084], [33.5124094226326, 17.738467472847237], [33.512414048998664, 17.740094406027026], [33.512131085875325, 17.740095144748327], [33.51213185655861, 17.740366300264004], [33.51184889299578, 17.740367038589305]]]}, "properties": {"zone_id": "scene_03-Z0223", "scene": "scene_03", "pixel_count": 21, "approx_area_m2": 18900.0, "centroid_x": 554341.4285714285, "centroid_y": 1961324.2857142857, "centroid_lon": 33.51256435886085, "centroid_lat": 17.738460612091565, "mean_risk": 1.9569615125656128, "max_risk": 2.1505823135375977, "median_risk": 1.9308563470840454, "high_priority_pixel_pct": 100.0, "priority_category": "HIGH PRIORITY", "threshold_type": "95th percentile prioritisation threshold", "recommendation": "Spectral-stress evidence detected. Prioritise field inspection to determine the underlying cause. Field verification required.", "priority_rank": 291}}, {"type": "Feature", "geometry": {"type": "Polygon", "coordinates": [[[33.74472032139497, 17.739079107550086], [33.744718080231465, 17.738536820720512], [33.74443513220689, 17.73853789432853], [33.74442841174889, 17.736911033553785], [33.7447113572197, 17.736909960050582], [33.74471247767179, 17.737181103514445], [33.74499542354826, 17.737180029585907], [33.74500327025091, 17.73907803349922], [33.74472032139497, 17.739079107550086]]]}, "properties": {"zone_id": "scene_03-Z0224", "scene": "scene_03", "pixel_count": 13, "approx_area_m2": 11700.0, "centroid_x": 578956.1538461539, "centroid_y": 1961349.2307692308, "centroid_lon": 33.74472650624317, "centroid_lat": 17.737942349592576, "mean_risk": 2.107736349105835, "max_risk": 2.391267776489258, "median_risk": 2.1217193603515625, "high_priority_pixel_pct": 100.0, "priority_category": "HIGH PRIORITY", "threshold_type": "95th percentile prioritisation threshold", "recommendation": "Spectral-stress evidence detected. Prioritise field inspection to determine the underlying cause. Field verification required.", "priority_rank": 157}}, {"type": "Feature", "geometry": {"type": "Polygon", "coordinates": [[[33.738492107908336, 17.738289202063193], [33.738490996740545, 17.738018058246762], [33.73792510150025, 17.738020187038014], [33.73792399120351, 17.737749043179388], [33.73764104397934, 17.737750106945878], [33.73763993412799, 17.737478963062387], [33.73707404047165, 17.737481089337116], [33.73706849576732, 17.736125369633452], [33.736785551037556, 17.73612643207256], [33.73677225086748, 17.732872703806322], [33.73705519049077, 17.732871641574683], [33.737051864615836, 17.732058209390157], [33.73733480294293, 17.73205714680264], [33.73733369393197, 17.73178600274333], [33.73761663181385, 17.731784939765376], [33.73761552239717, 17.731513795715827], [33.7387472720252, 17.73150953979591], [33.738748383143715, 17.731780683776183], [33.739031320926735, 17.731779618759546], [33.73903020938276, 17.731508474796602], [33.73931314672053, 17.731507409389575], [33.73931759471707, 17.732591985126707], [33.73903465567742, 17.7325930506031], [33.739036878943516, 17.733135338461064], [33.739319818834154, 17.733134272949982], [33.739329828341305, 17.735574567781093], [33.73904688462085, 17.735575633448246], [33.73905133210325, 17.736660208801833], [33.73933427752605, 17.73665914306531], [33.739336502237244, 17.737201430662118], [33.73905355596324, 17.737202496433326], [33.7390568919017, 17.73801592782395], [33.738773944331015, 17.7380169932393], [33.73877505592446, 17.73828813703841], [33.738492107908336, 17.738289202063193]], [[33.73792399120351, 17.737749043179388], [33.7382069384079, 17.73774797900502], [33.7382058277053, 17.73747683515616], [33.737922880926526, 17.737477899313213], [33.73792399120351, 17.737749043179388]]]}, "properties": {"zone_id": "scene_03-Z0225", "scene": "scene_03", "pixel_count": 189, "approx_area_m2": 170100.0, "centroid_x": 578256.3492063492, "centroid_y": 1960992.5396825396, "centroid_lon": 33.738113041460615, "centroid_lat": 17.73474346643255, "mean_risk": 2.5607528686523438, "max_risk": 3.3332183361053467, "median_risk": 2.5693821907043457, "high_priority_pixel_pct": 100.0, "priority_category": "HIGH PRIORITY", "threshold_type": "95th percentile prioritisation threshold", "recommendation": "Spectral-stress evidence detected. Prioritise field inspection to determine the underlying cause. Field verification required.", "priority_rank": 39}}, {"type": "Feature", "geometry": {"type": "Polygon", "coordinates": [[[33.55994912502616, 17.739151048653213], [33.55994743988605, 17.738608741805187], [33.560230398453115, 17.73860793419789], [33.56022871252161, 17.73806562734606], [33.55994575480596, 17.738066434927074], [33.55994491228841, 17.737795281476732], [33.56079378411323, 17.737792857549287], [33.56079462790786, 17.73806401096019], [33.56107758557847, 17.73806320215534], [33.56107927406421, 17.73860550892825], [33.560796315542206, 17.73860631775942], [33.56079715938191, 17.73887747114775], [33.560231241441386, 17.738879087612524], [33.560232084444664, 17.739150241019633], [33.55994912502616, 17.739151048653213]]]}, "properties": {"zone_id": "scene_03-Z0226", "scene": "scene_03", "pixel_count": 13, "approx_area_m2": 11700.0, "centroid_x": 559421.5384615385, "centroid_y": 1961330.7692307692, "centroid_lon": 33.56048002677389, "centroid_lat": 17.73838821091268, "mean_risk": 1.9461414813995361, "max_risk": 2.1060633659362793, "median_risk": 1.9431238174438477, "high_priority_pixel_pct": 100.0, "priority_category": "HIGH PRIORITY", "threshold_type": "95th percentile prioritisation threshold", "recommendation": "Spectral-stress evidence detected. Prioritise field inspection to determine the underlying cause. Field verification required.", "priority_rank": 299}}, {"type": "Feature", "geometry": {"type": "Polygon", "coordinates": [[[33.68162019094426, 17.73876613836878], [33.68161916531491, 17.738494991211436], [33.67992145389089, 17.738500880858282], [33.679909178408174, 17.73524711323206], [33.68019212525022, 17.735246132835513], [33.68019110198614, 17.734974985500273], [33.68047404838439, 17.73497400471185], [33.68047302471295, 17.734702857385038], [33.68217070016601, 17.734696964185904], [33.682172752634, 17.735239258640174], [33.681606859187035, 17.735241224735177], [33.68160788459726, 17.735512371983003], [33.68245672601707, 17.735509422180726], [33.68245364601094, 17.734695980558655], [33.682736591837596, 17.734694996523583], [33.68273556477989, 17.734423849317167], [33.68330145552719, 17.734421880055592], [33.683303511363164, 17.734964174396797], [33.683586457560494, 17.734963189122208], [33.68358954272848, 17.735776630529372], [33.68387249018426, 17.735775644798835], [33.6838776346252, 17.73713138024643], [33.68359468504134, 17.73713236605718], [33.68359674209468, 17.73767466021552], [33.68331379164124, 17.73767564565045], [33.68331481976972, 17.73794679273434], [33.68303186887232, 17.737947777777407], [33.683032896593446, 17.73821892486979], [33.682749945252084, 17.738219909520964], [33.682750972565835, 17.73849105662183], [33.681902117155055, 17.738494008175913], [33.68190314321008, 17.738765155317264], [33.68162019094426, 17.73876613836878]]]}, "properties": {"zone_id": "scene_03-Z0227", "scene": "scene_03", "pixel_count": 175, "approx_area_m2": 157500.0, "centroid_x": 572282.7428571428, "centroid_y": 1961175.9428571428, "centroid_lon": 33.6817793627011, "centroid_lat": 17.73660490138838, "mean_risk": 2.4763951301574707, "max_risk": 4.339636325836182, "median_risk": 2.3520054817199707, "high_priority_pixel_pct": 100.0, "priority_category": "HIGH PRIORITY", "threshold_type": "95th percentile prioritisation threshold", "recommendation": "Spectral-stress evidence detected. Prioritise field inspection to determine the underlying cause. Field verification required.", "priority_rank": 50}}, {"type": "Feature", "geometry": {"type": "Polygon", "coordinates": [[[33.51042946640934, 17.738743790456986], [33.51042716231058, 17.737930323536187], [33.51014420249728, 17.737931059305662], [33.51014113225981, 17.7368464365915], [33.509858174135616, 17.736847171905158], [33.509854338774566, 17.73549139328354], [33.51013729477045, 17.735490658029708], [33.510139597223066, 17.736304125189328], [33.510422554482254, 17.73630338949169], [33.510423322419456, 17.736574545184563], [33.51070628009063, 17.736573809067032], [33.51070781685742, 17.737116120406267], [33.510424858334886, 17.737116856547757], [33.51042562631311, 17.737388012218087], [33.51099154419588, 17.73738653950321], [33.510992313039175, 17.737657695142047], [33.511275272385724, 17.73765695816071], [33.5112768109648, 17.73819926939187], [33.51099385076683, 17.738200006397197], [33.51099538854924, 17.738742317622275], [33.51042946640934, 17.738743790456986]]]}, "properties": {"zone_id": "scene_03-Z0228", "scene": "scene_03", "pixel_count": 25, "approx_area_m2": 22500.0, "centroid_x": 554121.6, "centroid_y": 1961200.8, "centroid_lon": 33.510487769752004, "centroid_lat": 17.737349888506298, "mean_risk": 2.032987356185913, "max_risk": 2.4926679134368896, "median_risk": 1.9718596935272217, "high_priority_pixel_pct": 100.0, "priority_category": "HIGH PRIORITY", "threshold_type": "95th percentile prioritisation threshold", "recommendation": "Spectral-stress evidence detected. Prioritise field inspection to determine the underlying cause. Field verification required.", "priority_rank": 220}}, {"type": "Feature", "geometry": {"type": "Polygon", "coordinates": [[[33.56984840845734, 17.737766773878956], [33.569846693669476, 17.73722446788348], [33.56956373774541, 17.737225289294436], [33.56956116695508, 17.736411830204688], [33.57012707623398, 17.736410187055064], [33.57012793400014, 17.73668134006577], [33.570410889042336, 17.73668051786573], [33.570410030850525, 17.73640936486841], [33.57069298545179, 17.736408542273846], [33.57069212684961, 17.73613738928239], [33.5715409892847, 17.736134919091498], [33.571540129420896, 17.735863766132713], [33.57210603678315, 17.735862117326157], [33.57210517608339, 17.735590964386684], [33.57267108253307, 17.73558931397543], [33.572672805650456, 17.736131619793134], [33.572955759703554, 17.73613079394881], [33.57295748373359, 17.73667309970954], [33.57267452882919, 17.736673925580742], [33.57267539044157, 17.736945078463265], [33.571826524359366, 17.73694755366971], [33.57182824507612, 17.737489859492737], [33.57126233257536, 17.737491507644446], [33.57126319210535, 17.737762660571484], [33.57041432196239, 17.737765129779774], [33.570413463709464, 17.737493976812548], [33.57013050739025, 17.737494799052726], [33.570131365217506, 17.737765952033328], [33.56984840845734, 17.737766773878956]], [[33.570413463709464, 17.737493976812548], [33.57097937630202, 17.737492331108406], [33.57097851721301, 17.737221178160432], [33.57041260547181, 17.737222823837797], [33.570413463709464, 17.737493976812548]], [[33.57097851721301, 17.737221178160432], [33.57126147306067, 17.737220354709873], [33.57125975407722, 17.73667804881816], [33.57097679908088, 17.73667887224192], [33.57097851721301, 17.737221178160432]]]}, "properties": {"zone_id": "scene_03-Z0229", "scene": "scene_03", "pixel_count": 51, "approx_area_m2": 45900.0, "centroid_x": 560567.0588235294, "centroid_y": 1961149.4117647058, "centroid_lon": 33.57127929895485, "centroid_lat": 17.73671786772783, "mean_risk": 2.05648136138916, "max_risk": 2.687250852584839, "median_risk": 1.9959094524383545, "high_priority_pixel_pct": 100.0, "priority_category": "HIGH PRIORITY", "threshold_type": "95th percentile prioritisation threshold", "recommendation": "Spectral-stress evidence detected. Prioritise field inspection to determine the underlying cause. Field verification required.", "priority_rank": 199}}, {"type": "Feature", "geometry": {"type": "Polygon", "coordinates": [[[33.52259363493572, 17.73762714439193], [33.52259206235607, 17.73708483410099], [33.52202614645929, 17.73708634024229], [33.52202221951179, 17.735730564260855], [33.52230517533885, 17.73572981145543], [33.52230360380646, 17.73518750103475], [33.52258655876827, 17.735186747845937], [33.52258577259744, 17.73491559263659], [33.52315168162778, 17.734914085059856], [33.52315246864986, 17.73518524024468], [33.52343542356964, 17.735184485832214], [33.523436211031374, 17.735455640997248], [33.52371916636277, 17.73545488616462], [33.52371995426415, 17.735726041309846], [33.52400291000716, 17.735725286057043], [33.52400369834823, 17.735996441182465], [33.52372074217958, 17.73599719644756], [33.523722318052506, 17.73653950670044], [33.52343936101852, 17.736540261582196], [33.5234417236561, 17.737353726941986], [33.52287580699197, 17.737355235555412], [33.52287659371449, 17.737626390684852], [33.52259363493572, 17.73762714439193]], [[33.522308318571525, 17.7368144322066], [33.52287423358895, 17.736812925273966], [33.522872660241966, 17.73627061496246], [33.5223067469272, 17.736272121846042], [33.522308318571525, 17.7368144322066]]]}, "properties": {"zone_id": "scene_03-Z0230", "scene": "scene_03", "pixel_count": 40, "approx_area_m2": 36000.0, "centroid_x": 555439.5, "centroid_y": 1961073.75, "centroid_lon": 33.52291480871805, "centroid_lat": 17.736168818694352, "mean_risk": 1.875732421875, "max_risk": 2.0330278873443604, "median_risk": 1.8449535369873047, "high_priority_pixel_pct": 100.0, "priority_category": "HIGH PRIORITY", "threshold_type": "95th percentile prioritisation threshold", "recommendation": "Spectral-stress evidence detected. Prioritise field inspection to determine the underlying cause. Field verification required.", "priority_rank": 369}}, {"type": "Feature", "geometry": {"type": "Polygon", "coordinates": [[[33.51239862970024, 17.734671294375556], [33.512397858879446, 17.73440013871408], [33.51268081304957, 17.734399399837308], [33.512681584295976, 17.734670555486765], [33.51239862970024, 17.734671294375556]]]}, "properties": {"zone_id": "scene_03-Z0231", "scene": "scene_03", "pixel_count": 35, "approx_area_m2": 31500.0, "centroid_x": 554299.7142857143, "centroid_y": 1961058.857142857, "centroid_lon": 33.51216409097278, "centroid_lat": 17.736062557948514, "mean_risk": 2.001776695251465, "max_risk": 2.455772638320923, "median_risk": 1.960713267326355, "high_priority_pixel_pct": 100.0, "priority_category": "HIGH PRIORITY", "threshold_type": "95th percentile prioritisation threshold", "recommendation": "Spectral-stress evidence detected. Prioritise field inspection to determine the underlying cause. Field verification required.", "priority_rank": 246}}, {"type": "Feature", "geometry": {"type": "Polygon", "coordinates": [[[33.726599527680406, 17.736164408256446], [33.7265984345454, 17.73589326365779], [33.72631548951602, 17.735894310989604], [33.726314396826055, 17.735623166366356], [33.7260314522028, 17.735624213273294], [33.726028175526324, 17.73481077930717], [33.725745232160314, 17.734811825755184], [33.725744140399264, 17.734540681067685], [33.725461197439365, 17.73454172709086], [33.72545683229169, 17.73345714819731], [33.725173891014485, 17.733458193744614], [33.72517607269841, 17.734000483240514], [33.72489313055074, 17.734001528414062], [33.72489204012459, 17.73373038365287], [33.72460909838303, 17.733731428401615], [33.724608008401816, 17.73346028361588], [33.72432506706636, 17.73346132793984], [33.72431744071974, 17.731563314109437], [33.724600379076776, 17.73156226990445], [33.724599289250826, 17.73129112505835], [33.72431635131925, 17.731292169246338], [33.72430436919432, 17.72830957525434], [33.72487023567896, 17.728307486844617], [33.7248713257168, 17.7285786317567], [33.72515425935537, 17.72857758692335], [33.725153168892156, 17.72830644202827], [33.725436102085936, 17.728305396804274], [33.725439374809994, 17.729118831415825], [33.72572230926049, 17.729117785733106], [33.72572012657425, 17.72857549603366], [33.72628599371538, 17.728573403513323], [33.72629036256876, 17.72965798274578], [33.72572449202448, 17.729660075402375], [33.72572558343563, 17.729931220225687], [33.726008519142916, 17.729930174084206], [33.72601397861742, 17.73128589800248], [33.725165165055735, 17.731289035459188], [33.725166255732596, 17.731560180271273], [33.726015070570654, 17.7315570427635], [33.72601616254333, 17.73182818751697], [33.72629910120927, 17.731827140848544], [33.726303470996406, 17.73291171971884], [33.72658641134482, 17.732910672574505], [33.726585318443355, 17.732639527885286], [33.72686825834682, 17.732638480350232], [33.726870445020204, 17.73318076968701], [33.727153385755194, 17.733179721710083], [33.727163230579045, 17.73562002319854], [33.726880286014186, 17.73562107132898], [33.72688247311591, 17.736163360499738], [33.726599527680406, 17.736164408256446]]]}, "properties": {"zone_id": "scene_03-Z0232", "scene": "scene_03", "pixel_count": 167, "approx_area_m2": 150300.0, "centroid_x": 576929.4610778443, "centroid_y": 1960690.2395209582, "centroid_lon": 33.72558758994402, "centroid_lat": 17.732057894348316, "mean_risk": 2.2644741535186768, "max_risk": 2.9403388500213623, "median_risk": 2.2257027626037598, "high_priority_pixel_pct": 100.0, "priority_category": "HIGH PRIORITY", "threshold_type": "95th percentile prioritisation threshold", "recommendation": "Spectral-stress evidence detected. Prioritise field inspection to determine the underlying cause. Field verification required.", "priority_rank": 95}}, {"type": "Feature", "geometry": {"type": "Polygon", "coordinates": [[[33.730277816820994, 17.73615075560727], [33.73027671815336, 17.735879611230782], [33.729710828582284, 17.7358817160904], [33.72970973078537, 17.73561057167211], [33.73027561950529, 17.73560846684674], [33.73027342226784, 17.73506617805604], [33.730839309207255, 17.735064071667907], [33.73083820976676, 17.734792927295505], [33.73140409577676, 17.734790819310405], [33.731406296379554, 17.735333107979045], [33.73112335253324, 17.735334162209814], [33.731125552363245, 17.735876450882568], [33.730842607646196, 17.735877504739815], [33.73084370716499, 17.736148649082022], [33.730277816820994, 17.73615075560727]]]}, "properties": {"zone_id": "scene_03-Z0233", "scene": "scene_03", "pixel_count": 17, "approx_area_m2": 15300.0, "centroid_x": 577473.5294117647, "centroid_y": 1961071.7647058824, "centroid_lon": 33.730732838564585, "centroid_lat": 17.735487140708603, "mean_risk": 2.0251526832580566, "max_risk": 2.4045333862304688, "median_risk": 1.959094524383545, "high_priority_pixel_pct": 100.0, "priority_category": "HIGH PRIORITY", "threshold_type": "95th percentile prioritisation threshold", "recommendation": "Spectral-stress evidence detected. Prioritise field inspection to determine the underlying cause. Field verification required.", "priority_rank": 228}}, {"type": "Feature", "geometry": {"type": "Polygon", "coordinates": [[[33.70169919831538, 17.735983867631866], [33.70169814265134, 17.735712721551245], [33.701132250058784, 17.735714743993302], [33.70112697627618, 17.734359013312513], [33.70140992045401, 17.73435800237767], [33.70140886532828, 17.734086856235336], [33.70197475277648, 17.734084833175142], [33.701976864748914, 17.73462712538641], [33.70254275382408, 17.734625100629092], [33.702543810689626, 17.734896246690464], [33.70226086573589, 17.73489725928951], [33.70226192219468, 17.73516840535982], [33.70197897679656, 17.735169417567512], [33.701982145009055, 17.735982855782606], [33.70169919831538, 17.735983867631866]]]}, "properties": {"zone_id": "scene_03-Z0234", "scene": "scene_03", "pixel_count": 21, "approx_area_m2": 18900.0, "centroid_x": 574392.8571428572, "centroid_y": 1961002.857142857, "centroid_lon": 33.70167504187362, "centroid_lat": 17.734970369975418, "mean_risk": 2.0662906169891357, "max_risk": 2.456486701965332, "median_risk": 2.027618646621704, "high_priority_pixel_pct": 100.0, "priority_category": "HIGH PRIORITY", "threshold_type": "95th percentile prioritisation threshold", "recommendation": "Spectral-stress evidence detected. Prioritise field inspection to determine the underlying cause. Field verification required.", "priority_rank": 189}}, {"type": "Feature", "geometry": {"type": "Polygon", "coordinates": [[[33.73451978240642, 17.735592628658033], [33.73451646742932, 17.73477919623387], [33.734233524650044, 17.734780254916245], [33.73423021112663, 17.733966822372466], [33.7345131526293, 17.733965763741775], [33.73451204773531, 17.73369461956265], [33.73479498879278, 17.733693560541408], [33.73479830481037, 17.734506993004437], [33.735081247124754, 17.73450593352369], [33.735084564596136, 17.73531936586706], [33.7348016210051, 17.73532042539954], [33.73480272644271, 17.735591569516146], [33.73451978240642, 17.735592628658033]]]}, "properties": {"zone_id": "scene_03-Z0235", "scene": "scene_03", "pixel_count": 13, "approx_area_m2": 11700.0, "centroid_x": 577890.0, "centroid_y": 1960980.0, "centroid_lon": 33.73465738622623, "centroid_lat": 17.73464309466676, "mean_risk": 1.938509464263916, "max_risk": 2.0981523990631104, "median_risk": 1.9436956644058228, "high_priority_pixel_pct": 100.0, "priority_category": "HIGH PRIORITY", "threshold_type": "95th percentile prioritisation threshold", "recommendation": "Spectral-stress evidence detected. Prioritise field inspection to determine the underlying cause. Field verification required.", "priority_rank": 306}}, {"type": "Feature", "geometry": {"type": "Polygon", "coordinates": [[[33.58229235876218, 17.735832159814183], [33.5822914827398, 17.735561007362232], [33.581442624619, 17.735563523970896], [33.581441749889066, 17.73529237147047], [33.581724702185966, 17.735291533022433], [33.58172295192162, 17.7347492280263], [33.581440000475936, 17.734750066447038], [33.581439125792734, 17.734478913924036], [33.582005027817324, 17.734477236701995], [33.582004152298516, 17.734206084198767], [33.58257005340957, 17.73420440537264], [33.58257092977955, 17.734475557848548], [33.58285388073726, 17.734474717810052], [33.582853003941686, 17.734203565347816], [33.5831359544582, 17.734202724915146], [33.58313858616854, 17.735016182238244], [33.58257268256634, 17.735017862777784], [33.582573558983135, 17.735289015231118], [33.582856511217656, 17.735288175151602], [33.58285738807568, 17.73555932758374], [33.582574435415545, 17.73556016767693], [33.58257531186355, 17.735831320115214], [33.58229235876218, 17.735832159814183]]]}, "properties": {"zone_id": "scene_03-Z0236", "scene": "scene_03", "pixel_count": 23, "approx_area_m2": 20700.0, "centroid_x": 561736.9565217391, "centroid_y": 1960955.2173913044, "centroid_lon": 33.58230789846717, "centroid_lat": 17.73493022840384, "mean_risk": 2.1468682289123535, "max_risk": 2.794173002243042, "median_risk": 2.147268056869507, "high_priority_pixel_pct": 100.0, "priority_category": "HIGH PRIORITY", "threshold_type": "95th percentile prioritisation threshold", "recommendation": "Spectral-stress evidence detected. Prioritise field inspection to determine the underlying cause. Field verification required.", "priority_rank": 135}}, {"type": "Feature", "geometry": {"type": "Polygon", "coordinates": [[[33.66321528274998, 17.735304234748], [33.66321228961577, 17.73449078988306], [33.66349523624267, 17.734489833595948], [33.66349423814123, 17.73421868530812], [33.66377718432479, 17.734217728628753], [33.66377818285179, 17.73448887690101], [33.66406112944314, 17.734487919798244], [33.66406312740163, 17.735030216288987], [33.66378017995913, 17.735031173422907], [33.66378117853948, 17.735302321672552], [33.66321528274998, 17.735304234748]]]}, "properties": {"zone_id": "scene_03-Z0237", "scene": "scene_03", "pixel_count": 9, "approx_area_m2": 8100.0, "centroid_x": 570356.6666666666, "centroid_y": 1960970.0, "centroid_lon": 33.663606435704445, "centroid_lat": 17.734805801248918, "mean_risk": 1.8819609880447388, "max_risk": 1.9521504640579224, "median_risk": 1.8692351579666138, "high_priority_pixel_pct": 100.0, "priority_category": "HIGH PRIORITY", "threshold_type": "95th percentile prioritisation threshold", "recommendation": "Spectral-stress evidence detected. Prioritise field inspection to determine the underlying cause. Field verification required.", "priority_rank": 362}}, {"type": "Feature", "geometry": {"type": "Polygon", "coordinates": [[[33.72913945439955, 17.734528096980625], [33.72913726072288, 17.73398580799258], [33.72857137695326, 17.733987909350088], [33.72857028099528, 17.73371676481055], [33.728287339506714, 17.733717814860523], [33.72828843503918, 17.73398895941715], [33.72743960917992, 17.733992107171595], [33.72743632647071, 17.733178673325376], [33.728002207843275, 17.73317657533265], [33.72799892275646, 17.73236314152095], [33.72771598335641, 17.732364190669973], [33.72771488879195, 17.732093046033903], [33.72743194979788, 17.732094094758104], [33.727434138095326, 17.732636384056836], [33.727151198230814, 17.732637432407415], [33.72714901078434, 17.732095143074556], [33.72686607175132, 17.732096190983263], [33.72686388523368, 17.731553901586125], [33.72742976157838, 17.731551805429202], [33.72742866749785, 17.731280660753427], [33.728277480592375, 17.73127751351127], [33.72827638525497, 17.73100636887918], [33.7285593224887, 17.731005319000097], [33.72855822674537, 17.73073417437755], [33.72912410030337, 17.730732073430413], [33.72912629351133, 17.731274362599578], [33.72884335589119, 17.731275413311202], [33.72884993343091, 17.732902280740173], [33.728566993238395, 17.732903331146648], [33.7285691850568, 17.73344562026346], [33.72913506712433, 17.73344351897435], [33.72913397035435, 17.733172374453915], [33.72941691093331, 17.7331713232148], [33.72941910534382, 17.733713612213904], [33.729702046754284, 17.733712560532783], [33.729705339793185, 17.734525993923494], [33.72913945439955, 17.734528096980625]]]}, "properties": {"zone_id": "scene_03-Z0238", "scene": "scene_03", "pixel_count": 64, "approx_area_m2": 57600.0, "centroid_x": 577219.21875, "centroid_y": 1960761.09375, "centroid_lon": 33.72832296850536, "centroid_lat": 17.73268816517383, "mean_risk": 2.1289238929748535, "max_risk": 2.7892069816589355, "median_risk": 2.0859880447387695, "high_priority_pixel_pct": 100.0, "priority_category": "HIGH PRIORITY", "threshold_type": "95th percentile prioritisation threshold", "recommendation": "Spectral-stress evidence detected. Prioritise field inspection to determine the underlying cause. Field verification required.", "priority_rank": 149}}, {"type": "Feature", "geometry": {"type": "Polygon", "coordinates": [[[33.56418078185993, 17.735071592186205], [33.5641790844016, 17.734529285508145], [33.563613180443674, 17.734530911340663], [33.56361233258837, 17.73425975796389], [33.5641782356951, 17.734258132157834], [33.56417738700372, 17.733986978800004], [33.56446033810884, 17.73398616529844], [33.564459489006985, 17.733715011946327], [33.565025390320685, 17.73371338374617], [33.565026240273696, 17.73398453707178], [33.56530919133343, 17.73398372234669], [33.565308340954836, 17.73371256903434], [33.566157192766404, 17.733710122451825], [33.56615634112624, 17.733438969171775], [33.56559044078482, 17.73344060060806], [33.56558788850866, 17.732627140643107], [33.56615378629673, 17.732625509286475], [33.566155489501234, 17.733167815884194], [33.56672138893086, 17.733166182843167], [33.56672224140699, 17.73343733610416], [33.56757109171424, 17.73343488344403], [33.56757023796142, 17.733163730222955], [33.56728728829976, 17.733164548170848], [33.56728643498769, 17.732893394928933], [33.5675693842238, 17.732892576994352], [33.56756853050139, 17.732621423758232], [33.56785147929674, 17.732620605429158], [33.5678523334447, 17.732891758651956], [33.56870118101611, 17.73288930117788], [33.56870032559151, 17.732618147995083], [33.56841737684181, 17.73261896754758], [33.56841652185797, 17.732347814343917], [33.568699470182125, 17.732346994804754], [33.568698614787984, 17.732075841606918], [33.56926451053952, 17.73207420133189], [33.56926365430956, 17.731803048153218], [33.5703954439275, 17.731799762763103], [33.57039287022299, 17.7309863033424], [33.57010992411793, 17.730987125261475], [33.57010820924229, 17.730444818916652], [33.570674099735164, 17.73044317472426], [33.57067324146929, 17.73017202156733], [33.570956186267324, 17.7301711988729], [33.57095275165484, 17.72908658622355], [33.57123569473573, 17.72908576317496], [33.57123483569541, 17.72881461000722], [33.570951893039954, 17.72881543304241], [33.57094931728704, 17.728001973453875], [33.571232258666214, 17.72800115045888], [33.571231399687086, 17.72772999726106], [33.57066551776426, 17.72773164281656], [33.57066122735199, 17.72637587658073], [33.57037828849458, 17.72637669868002], [33.57037657328739, 17.725834392106286], [33.57009363526544, 17.72583521377117], [33.5700927781101, 17.725564060459643], [33.569526902871104, 17.72556570253975], [33.5695251903076, 17.72502339584067], [33.57009106384524, 17.72502175381404], [33.570091920970036, 17.7252929071406], [33.57037485814129, 17.725292085502478], [33.57037400059116, 17.72502093218929], [33.57065693732181, 17.725020110156922], [33.57065865328803, 17.725562416749], [33.57122452840482, 17.725560771407817], [33.571225387261556, 17.72583192466579], [33.57207420109803, 17.725829453556518], [33.57207592140957, 17.72637175996943], [33.57264179892541, 17.726370110471336], [33.57264352099974, 17.72691241680047], [33.57320940015573, 17.726910765617983], [33.57320509083128, 17.72555499987317], [33.57292215338778, 17.725555825601027], [33.572921291994284, 17.725284672416066], [33.57235541791194, 17.725286322621997], [33.572354557384465, 17.725015169402646], [33.572920430616136, 17.72501351922358], [33.57291956925333, 17.724742366023573], [33.573202505420824, 17.724741540336062], [33.57320336720896, 17.72501269352262], [33.57348630378643, 17.725011867414036], [33.57348544157297, 17.724740714240927], [33.57461718602788, 17.72473740578425], [33.574614594375916, 17.72392394638144], [33.5751804639592, 17.72392228978834], [33.57517786989401, 17.72310883039878], [33.57461200286246, 17.723110486910947], [33.57461027526376, 17.7225681805597], [33.5748932079367, 17.722567352534373], [33.57489407215362, 17.72283850570027], [33.57545993830382, 17.722836848399936], [33.57545820818433, 17.7222945421146], [33.57517527596745, 17.722295370941552], [33.575172682179534, 17.721481911416664], [33.575738544046416, 17.7214802534362], [33.57573940947746, 17.72175140659168], [33.57602234081301, 17.721750576976643], [33.57602320668472, 17.722021730111095], [33.57630613843009, 17.722020900074995], [33.57630700474247, 17.72229205318841], [33.5768728690374, 17.722290391866522], [33.576873736215724, 17.72256154494536], [33.577156668765284, 17.722560713659547], [33.57715753638432, 17.722831866717343], [33.577440469343685, 17.722831035010422], [33.577441337403464, 17.723102188047154], [33.57772427077263, 17.72310135591912], [33.57772687632059, 17.72391481494354], [33.57800981095016, 17.723913982367264], [33.578010679922386, 17.724185135346808], [33.57829361496177, 17.724184302349375], [33.578294484374794, 17.724455455307833], [33.578011548910105, 17.72445628831883], [33.5780124179133, 17.724727441283335], [33.578861225536855, 17.724724940986814], [33.57886035525771, 17.72445378806302], [33.579143290675916, 17.724452953829203], [33.579142419986965, 17.724181800911477], [33.57942535496435, 17.72418096628365], [33.57942622607862, 17.724452119187777], [33.57970916146579, 17.724451284138752], [33.579710904591515, 17.724993589897284], [33.57999384081381, 17.724992754413446], [33.57999907311571, 17.726619671426928], [33.579716134341304, 17.726620506992393], [33.57971874942581, 17.727433965438415], [33.57943580935973, 17.72743480063701], [33.579436680660216, 17.72770595345091], [33.57915374015321, 17.727706788255418], [33.57915461104381, 17.727977941075384], [33.578871670095886, 17.727978775485795], [33.578873411072784, 17.728521081130346], [33.578307527428755, 17.728522748782375], [33.57830665778341, 17.728251595936715], [33.578023716363575, 17.72825242913761], [33.578024585583506, 17.728523581996832], [33.57774164372277, 17.728524414803587], [33.577740774928266, 17.728253261930806], [33.57660900903237, 17.7282565890266], [33.576610743233424, 17.72879889487297], [33.576893685581446, 17.72879806368351], [33.576894553130586, 17.729069216581884], [33.577177495888584, 17.72906838497117], [33.57717923188411, 17.72961069071828], [33.577745119055535, 17.72960902621951], [33.577745987927415, 17.72988017905469], [33.57802893191538, 17.72987934618014], [33.578034148024535, 17.731506262951918], [33.57775120148364, 17.731507095907805], [33.57775033251892, 17.731235943117756], [33.57746738638806, 17.731236775652317], [33.5774665178643, 17.730965622841197], [33.57718357214347, 17.73096645495444], [33.57718617648461, 17.73177991340588], [33.576620282443535, 17.731781576490278], [33.57662114973712, 17.732052729319456], [33.576904097190905, 17.73205189796761], [33.576905832675486, 17.73259420357632], [33.576622884370636, 17.732595034955228], [33.57662375171056, 17.732866187761836], [33.574360161311944, 17.732872824220063], [33.57435843345622, 17.7323305183833], [33.573792537404735, 17.732332173365855], [33.57379426355829, 17.732874479256495], [33.57322836574316, 17.732876132661673], [33.57322922799189, 17.73314728562262], [33.5720974304752, 17.73315058759296], [33.572095709397516, 17.732608281556047], [33.571812760831115, 17.73260910600224], [33.5718119007408, 17.73233795295909], [33.57152895258462, 17.732338776984065], [33.5715298122494, 17.73260993004063], [33.57068096641243, 17.732612399708948], [33.57068010802427, 17.732341246612183], [33.57039715980691, 17.73234206900596], [33.57039801776953, 17.7326132221161], [33.570115069111345, 17.732614044115458], [33.57011678423132, 17.73315635033995], [33.569833834706756, 17.733157171958236], [33.56983469186409, 17.73342832507257], [33.5695517418987, 17.7334291462964], [33.56955259864572, 17.733700299416583], [33.569269648239505, 17.733701120245946], [33.569268791918056, 17.733429967112404], [33.568985841922164, 17.73343078752058], [33.56898669781805, 17.733701940667473], [33.56870374738134, 17.733702760681165], [33.56870460286689, 17.733973913833886], [33.568421651989375, 17.73397473345308], [33.56842250706457, 17.734245886611617], [33.568139555746235, 17.734246705836306], [33.568140410411054, 17.734517859000654], [33.567857458651915, 17.73451867783082], [33.56785575018867, 17.733976371467953], [33.566723946404785, 17.73397964260359], [33.566725651463315, 17.734521949072935], [33.56587679591243, 17.734524398222042], [33.565877647187655, 17.7347955514853], [33.56531174256006, 17.734797182238626], [33.56531259299922, 17.735068335520893], [33.56418078185993, 17.735071592186205]], [[33.572094848881655, 17.732337128526318], [33.57237779700719, 17.732336303685738], [33.57237693608112, 17.73206515066191], [33.57209398838112, 17.732065975489064], [33.572094848881655, 17.732337128526318]], [[33.5706792496514, 17.732070093507904], [33.570962197427946, 17.732069270719727], [33.570961338644835, 17.731798117621317], [33.57124428598056, 17.73179729443874], [33.57124342678722, 17.7315261413462], [33.57067753295151, 17.731527787276775], [33.5706792496514, 17.732070093507904]], [[33.57492346469031, 17.732057708866847], [33.57520641223666, 17.73205687996176], [33.57520554707069, 17.73178572706503], [33.574922599949865, 17.731786555956624], [33.57492346469031, 17.732057708866847]], [[33.57265816110861, 17.731522019383608], [33.57294110792691, 17.731521193767747], [33.57294024619581, 17.731250040748225], [33.57265729980303, 17.731250866350646], [33.57265816110861, 17.731522019383608]], [[33.57294024619581, 17.731250040748225], [33.57322319257325, 17.731249214738025], [33.573222330432, 17.73097806172443], [33.573505276368586, 17.73097723531991], [33.5735044138172, 17.730706082312242], [33.573787359312924, 17.730705255513417], [33.5737882222898, 17.73097640850763], [33.57435411408613, 17.730974753659762], [33.57435325025826, 17.73070360069249], [33.57463619570786, 17.730702772670384], [33.57463533146989, 17.730431619709066], [33.57322060619558, 17.73043575567467], [33.57322146830611, 17.73070690870331], [33.572938522779666, 17.730707734686614], [33.57294024619581, 17.731250040748225]], [[33.57462668993674, 17.727720089682283], [33.57547551215338, 17.727717603614625], [33.57546945506296, 17.72581953243174], [33.57575239279336, 17.725818703021677], [33.57575152713103, 17.725547549978977], [33.57603446442068, 17.72554672017479], [33.576033598348424, 17.72527556713808], [33.57575066148412, 17.72527639692876], [33.57574979585264, 17.72500524387102], [33.57461804994265, 17.725008558903493], [33.574618913872804, 17.725279712015208], [33.57405303997478, 17.72528136711267], [33.57405390306963, 17.725552520243813], [33.57377096567222, 17.72555334719457], [33.5737718283571, 17.725824500331658], [33.57348889051896, 17.725825326888234], [33.57349233971071, 17.726909939415243], [33.57434115828343, 17.726907458361012], [33.57434202189593, 17.72717861143357], [33.574624961814806, 17.727177783586683], [33.57462668993674, 17.727720089682283]], [[33.577739037385676, 17.727710956162678], [33.57802197797016, 17.727710123396598], [33.57802110879668, 17.72743897051481], [33.5777381686376, 17.727439803267334], [33.577739037385676, 17.727710956162678]], [[33.57773643118785, 17.726897497454082], [33.57830230978898, 17.726895831595602], [33.578301440236565, 17.72662467870482], [33.57801850136912, 17.726625511824327], [33.57801763225756, 17.726354358912456], [33.57830057069964, 17.726353525806516], [33.578298831672235, 17.725811219987346], [33.578015894080885, 17.72581205306616], [33.57801676316148, 17.726083205993074], [33.577733825129286, 17.726084038677808], [33.57773295647405, 17.72581288573734], [33.576884143560726, 17.72581538130504], [33.576885010939904, 17.726086534286132], [33.57631913473638, 17.726088195986794], [33.57632086783961, 17.72663050198054], [33.57773556248619, 17.726626344536182], [33.57773643118785, 17.726897497454082]], [[33.57886470680848, 17.725809552606798], [33.57914764435335, 17.725808718305064], [33.57914503210036, 17.724995259642107], [33.57886209583151, 17.72499609390309], [33.57886296614166, 17.725267246811846], [33.5782970927068, 17.7252689141381], [33.57829622324731, 17.7249977612022], [33.57773035060116, 17.724999426870827], [33.57773208783428, 17.725541732789356], [33.57886383646732, 17.72553839971308], [33.57886470680848, 17.725809552606798]], [[33.577165345651274, 17.725272243899102], [33.57744828243836, 17.72527141207029], [33.57744480979719, 17.72418680011887], [33.576596004493425, 17.724189294219986], [33.576598605123245, 17.72500275331666], [33.57716447789311, 17.725001090908982], [33.577165345651274, 17.725272243899102]], [[33.57574979585264, 17.72500524387102], [33.5760327322916, 17.725004414093853], [33.576031866250204, 17.724733261042104], [33.575748930236564, 17.72473409080576], [33.57574979585264, 17.72500524387102]]]}, "properties": {"zone_id": "scene_03-Z0239", "scene": "scene_03", "pixel_count": 872, "approx_area_m2": 784800.0, "centroid_x": 560847.2133027522, "centroid_y": 1960279.1972477064, "centroid_lon": 33.573896628400796, "centroid_lat": 17.728844784216616, "mean_risk": 2.101902723312378, "max_risk": 2.864321708679199, "median_risk": 2.0728588104248047, "high_priority_pixel_pct": 100.0, "priority_category": "HIGH PRIORITY", "threshold_type": "95th percentile prioritisation threshold", "recommendation": "Spectral-stress evidence detected. Prioritise field inspection to determine the underlying cause. Field verification required.", "priority_rank": 163}}, {"type": "Feature", "geometry": {"type": "Polygon", "coordinates": [[[33.73055196980499, 17.73398054746244], [33.730550870868335, 17.73370940304271], [33.73026792951654, 17.73371045594719], [33.730265732552944, 17.73316816705082], [33.729982792032615, 17.733169219513254], [33.72998169400566, 17.732898075036616], [33.730264634100486, 17.732897022591313], [33.73026353566759, 17.732625878124267], [33.73054647531736, 17.732624825288333], [33.73054208007947, 17.731540247413207], [33.7311079559165, 17.73153814065523], [33.73110465714085, 17.730724707272522], [33.731387593753645, 17.730723653333406], [33.731386493775496, 17.730452508874563], [33.73280117441834, 17.730447233149164], [33.73280227652366, 17.730718377522127], [33.734216958802975, 17.73071309151807], [33.73421806305512, 17.73098423579745], [33.73393512621312, 17.7309852938309], [33.733938437811176, 17.731798726675407], [33.73337256151547, 17.731800841622437], [33.73337035546561, 17.73125855299813], [33.73308741813921, 17.73125960982564], [33.73308852072886, 17.73153075415876], [33.73280558295737, 17.73153181059574], [33.7328066851412, 17.731802954938512], [33.73252374692461, 17.73180401098495], [33.732522645166256, 17.73153286662498], [33.73223970735551, 17.731533922246495], [33.732243011413054, 17.732347355355294], [33.731677133179915, 17.73234946547816], [33.731678233720686, 17.732620609867013], [33.7322441128048, 17.73261849970981], [33.73224631564712, 17.733160788396184], [33.731963375263874, 17.733161843713013], [33.731964476288944, 17.73343298806206], [33.73168153546058, 17.73343404298829], [33.73168043486102, 17.73316289862208], [33.73139749443857, 17.733163953123373], [33.73139639428411, 17.73289280873245], [33.73083051423144, 17.732894916477413], [33.730834911562745, 17.733979494133035], [33.73055196980499, 17.73398054746244]], [[33.73223860604222, 17.7312627778618], [33.73252154342751, 17.73126172225747], [33.73251934000888, 17.730719433499807], [33.73223640347448, 17.73072048906977], [33.73223860604222, 17.7312627778618]]]}, "properties": {"zone_id": "scene_03-Z0240", "scene": "scene_03", "pixel_count": 90, "approx_area_m2": 81000.0, "centroid_x": 577635.0, "centroid_y": 1960666.0, "centroid_lon": 33.73224084539985, "centroid_lat": 17.73181410476942, "mean_risk": 2.016561985015869, "max_risk": 2.451908588409424, "median_risk": 1.9554470777511597, "high_priority_pixel_pct": 100.0, "priority_category": "HIGH PRIORITY", "threshold_type": "95th percentile prioritisation threshold", "recommendation": "Spectral-stress evidence detected. Prioritise field inspection to determine the underlying cause. Field verification required.", "priority_rank": 234}}, {"type": "Feature", "geometry": {"type": "Polygon", "coordinates": [[[33.51126604206176, 17.734403090142482], [33.51125988960811, 17.732233844195857], [33.511542840428454, 17.73223310704655], [33.511543609862784, 17.73250426280417], [33.51182656109497, 17.73250352523504], [33.511827330968565, 17.732774680973147], [33.511544379310806, 17.732775418554287], [33.51154899628675, 17.734402352897185], [33.51126604206176, 17.734403090142482]]]}, "properties": {"zone_id": "scene_03-Z0241", "scene": "scene_03", "pixel_count": 9, "approx_area_m2": 8100.0, "centroid_x": 554223.3333333334, "centroid_y": 1960746.6666666667, "centroid_lon": 33.511435667458905, "centroid_lat": 17.733242695730212, "mean_risk": 1.866365909576416, "max_risk": 1.9026693105697632, "median_risk": 1.860877275466919, "high_priority_pixel_pct": 100.0, "priority_category": "HIGH PRIORITY", "threshold_type": "95th percentile prioritisation threshold", "recommendation": "Spectral-stress evidence detected. Prioritise field inspection to determine the underlying cause. Field verification required.", "priority_rank": 373}}, {"type": "Feature", "geometry": {"type": "Polygon", "coordinates": [[[33.69178148317945, 17.732222971584573], [33.691779402180266, 17.73168067806041], [33.69149646162331, 17.73168167496735], [33.69149542157699, 17.731410528177726], [33.69121248142699, 17.73141152466069], [33.691211441824656, 17.731140377847314], [33.69149438154919, 17.73113938138057], [33.69149334153991, 17.730868234575865], [33.69177628082046, 17.730867237717614], [33.69177524040426, 17.7305960909216], [33.69205817924083, 17.73059509367185], [33.6920571384177, 17.730323946884536], [33.692623015184346, 17.73032195119435], [33.69262509855092, 17.730864244696473], [33.69347391611441, 17.730861248005787], [33.693472873145495, 17.730590101307268], [33.69375581187073, 17.730589101611187], [33.69375789867805, 17.73113139496813], [33.6934749591019, 17.731132394696758], [33.693476002107964, 17.731403541380192], [33.692627181991696, 17.731406538168446], [33.69262926550669, 17.73194883161025], [33.692346324579866, 17.731949829756676], [33.692347365939696, 17.732220976482516], [33.69178148317945, 17.732222971584573]]]}, "properties": {"zone_id": "scene_03-Z0242", "scene": "scene_03", "pixel_count": 31, "approx_area_m2": 27900.0, "centroid_x": 573408.3870967742, "centroid_y": 1960584.1935483871, "centroid_lon": 33.6923754645339, "centroid_lat": 17.731219370224526, "mean_risk": 1.9620712995529175, "max_risk": 2.210402488708496, "median_risk": 1.9552439451217651, "high_priority_pixel_pct": 100.0, "priority_category": "HIGH PRIORITY", "threshold_type": "95th percentile prioritisation threshold", "recommendation": "Spectral-stress evidence detected. Prioritise field inspection to determine the underlying cause. Field verification required.", "priority_rank": 283}}, {"type": "Feature", "geometry": {"type": "Polygon", "coordinates": [[[33.56048131839949, 17.728303291353214], [33.56048047557104, 17.728032137658438], [33.560763417510984, 17.72803132974821], [33.56076426076485, 17.72830248342984], [33.56048131839949, 17.728303291353214]]]}, "properties": {"zone_id": "scene_03-Z0243", "scene": "scene_03", "pixel_count": 48, "approx_area_m2": 43200.0, "centroid_x": 559448.125, "centroid_y": 1960375.625, "centroid_lon": 33.56070393446267, "centroid_lat": 17.72975447050688, "mean_risk": 2.0630905628204346, "max_risk": 2.875795364379883, "median_risk": 1.957190990447998, "high_priority_pixel_pct": 100.0, "priority_category": "HIGH PRIORITY", "threshold_type": "95th percentile prioritisation threshold", "recommendation": "Spectral-stress evidence detected. Prioritise field inspection to determine the underlying cause. Field verification required.", "priority_rank": 192}}, {"type": "Feature", "geometry": {"type": "Polygon", "coordinates": [[[33.56416974946132, 17.731546598241085], [33.56416635539094, 17.73046198446382], [33.56388340980267, 17.73046279738551], [33.56388595405629, 17.731276257769437], [33.563603007176425, 17.73127707032305], [33.56360215950228, 17.731005916856034], [33.56331921303283, 17.731006728988646], [33.56331751858082, 17.730464422005618], [33.56303457294726, 17.730465233704038], [33.56303372616937, 17.73019408018803], [33.56331667137745, 17.730193268502827], [33.56331497701597, 17.729650961474675], [33.56359792135802, 17.729650149408158], [33.56359622620599, 17.729107842376376], [33.56416211314296, 17.72910621707305], [33.564160416349544, 17.728563910064107], [33.56472630152433, 17.72856228318285], [33.56472715076435, 17.728833436664594], [33.5652930367295, 17.728831808125992], [33.56529388683553, 17.7291029615737], [33.565859773591, 17.729101331377695], [33.56586062456308, 17.72937248479135], [33.56614356834354, 17.729371669068485], [33.566144419756235, 17.72964282246134], [33.566427363946985, 17.729642006317455], [33.56642821580031, 17.729913159689513], [33.56699410498722, 17.729911526151945], [33.56699495770666, 17.730182679489882], [33.56727790270281, 17.730181862096178], [33.56727960903823, 17.730724168722894], [33.56699666319111, 17.73072498614321], [33.56699836873631, 17.731267292766454], [33.566715422023, 17.731268109805605], [33.56671627439287, 17.73153926311925], [33.5661503800697, 17.731540896000805], [33.56614952855085, 17.73126974266058], [33.56586658179203, 17.731270558476403], [33.56586743288537, 17.731541711829905], [33.56558448568587, 17.731542527251232], [33.56558363501805, 17.731271373884454], [33.565300688228916, 17.731272188884727], [33.56529813759284, 17.730458728699485], [33.565581083105485, 17.730457913739013], [33.565580232498256, 17.730186760342164], [33.565863177570264, 17.73018594498721], [33.56586232655271, 17.72991479159611], [33.565013492567665, 17.729917236397938], [33.565017741424654, 17.73127300347722], [33.56473479460524, 17.73127381766194], [33.56473564399653, 17.73154497106849], [33.56416974946132, 17.731546598241085]]]}, "properties": {"zone_id": "scene_03-Z0244", "scene": "scene_03", "pixel_count": 95, "approx_area_m2": 85500.0, "centroid_x": 559914.947368421, "centroid_y": 1960427.6842105263, "centroid_lon": 33.56510823699249, "centroid_lat": 17.73021238088557, "mean_risk": 2.672600030899048, "max_risk": 3.842207908630371, "median_risk": 2.698988199234009, "high_priority_pixel_pct": 100.0, "priority_category": "HIGH PRIORITY", "threshold_type": "95th percentile prioritisation threshold", "recommendation": "Spectral-stress evidence detected. Prioritise field inspection to determine the underlying cause. Field verification required.", "priority_rank": 24}}, {"type": "Feature", "geometry": {"type": "Polygon", "coordinates": [[[33.72854946150122, 17.728565017125543], [33.728548365933506, 17.72829387243509], [33.72826543295386, 17.728294922143284], [33.72826324272771, 17.727752632705563], [33.72854617485662, 17.727751583031544], [33.728547270385306, 17.728022727737084], [33.72883020292007, 17.728021677638335], [33.728832394886716, 17.7285639669926], [33.72854946150122, 17.728565017125543]]]}, "properties": {"zone_id": "scene_03-Z0245", "scene": "scene_03", "pixel_count": 44, "approx_area_m2": 39600.0, "centroid_x": 577187.7272727273, "centroid_y": 1960410.0, "centroid_lon": 33.728013147691165, "centroid_lat": 17.729516027264115, "mean_risk": 2.1773359775543213, "max_risk": 2.9184160232543945, "median_risk": 2.0583953857421875, "high_priority_pixel_pct": 100.0, "priority_category": "HIGH PRIORITY", "threshold_type": "95th percentile prioritisation threshold", "recommendation": "Spectral-stress evidence detected. Prioritise field inspection to determine the underlying cause. Field verification required.", "priority_rank": 126}}, {"type": "Feature", "geometry": {"type": "Polygon", "coordinates": [[[33.66715949152611, 17.730681290876944], [33.66715748477686, 17.730138994488613], [33.66744042434618, 17.73013803274243], [33.66743942057292, 17.72986688455261], [33.66772235969892, 17.729865922414373], [33.66772135551811, 17.729594774232687], [33.668570171512485, 17.72959188541872], [33.6685711769696, 17.729863033553386], [33.66828823789727, 17.729863996914762], [33.66829024801433, 17.730406293192836], [33.668007308073214, 17.730407256177852], [33.668008312733136, 17.730678404321267], [33.66715949152611, 17.730681290876944]]]}, "properties": {"zone_id": "scene_03-Z0246", "scene": "scene_03", "pixel_count": 13, "approx_area_m2": 11700.0, "centroid_x": 570805.3846153846, "centroid_y": 1960456.1538461538, "centroid_lon": 33.66782134313647, "centroid_lat": 17.730147166215826, "mean_risk": 1.9122083187103271, "max_risk": 2.0461506843566895, "median_risk": 1.9070218801498413, "high_priority_pixel_pct": 100.0, "priority_category": "HIGH PRIORITY", "threshold_type": "95th percentile prioritisation threshold", "recommendation": "Spectral-stress evidence detected. Prioritise field inspection to determine the underlying cause. Field verification required.", "priority_rank": 333}}, {"type": "Feature", "geometry": {"type": "Polygon", "coordinates": [[[33.56869433804576, 17.730720075504884], [33.568693482743015, 17.730448922261914], [33.56841053739743, 17.730449741707705], [33.568409682535396, 17.730178588443874], [33.567843792649526, 17.730180226085526], [33.567842938653655, 17.729909072787517], [33.56812588317874, 17.729908254183897], [33.56812332000602, 17.729094794284737], [33.5684062632395, 17.72909397531337], [33.56840455368291, 17.728551668702995], [33.56868749605029, 17.728550849350583], [33.56868578570374, 17.728008542736806], [33.56840284418721, 17.728009362062544], [33.56840028005784, 17.727195902045477], [33.568966160523246, 17.727194263066355], [33.568967016068605, 17.727465416386213], [33.56924995670385, 17.727464596271787], [33.56925509284858, 17.729091515952923], [33.56897214966079, 17.729092336147463], [33.5689738609801, 17.729634642674384], [33.56925680501879, 17.729633822453142], [33.56925851725, 17.730176128923286], [33.568975572360365, 17.73017694917123], [33.5689772838016, 17.730719255637993], [33.56869433804576, 17.730720075504884]]]}, "properties": {"zone_id": "scene_03-Z0247", "scene": "scene_03", "pixel_count": 36, "approx_area_m2": 32400.0, "centroid_x": 560299.1666666666, "centroid_y": 1960294.1666666667, "centroid_lon": 33.56872819527634, "centroid_lat": 17.72899512563577, "mean_risk": 2.1011762619018555, "max_risk": 2.6271800994873047, "median_risk": 2.102484941482544, "high_priority_pixel_pct": 100.0, "priority_category": "HIGH PRIORITY", "threshold_type": "95th percentile prioritisation threshold", "recommendation": "Spectral-stress evidence detected. Prioritise field inspection to determine the underlying cause. Field verification required.", "priority_rank": 164}}, {"type": "Feature", "geometry": {"type": "Polygon", "coordinates": [[[33.591329949731396, 17.730653197634588], [33.591329060389974, 17.730382045480248], [33.59104611628693, 17.73038289754615], [33.591045227386815, 17.730111745370415], [33.59132817106438, 17.73011089331839], [33.59132728175464, 17.729839741148997], [33.591044338502535, 17.729840593187156], [33.59104344963408, 17.729569440996375], [33.5907605067916, 17.729570292612937], [33.59075961836442, 17.729299140400773], [33.59104256078145, 17.729298288798077], [33.59104167194466, 17.72902713659225], [33.59132461392042, 17.729026284595705], [33.59132372467403, 17.728755132396227], [33.591889607727154, 17.728753427207742], [33.59189316821133, 17.729838035849482], [33.5916102249909, 17.72983888870311], [33.59161289424408, 17.730652345147067], [33.591329949731396, 17.730653197634588]]]}, "properties": {"zone_id": "scene_03-Z0248", "scene": "scene_03", "pixel_count": 16, "approx_area_m2": 14400.0, "centroid_x": 562706.25, "centroid_y": 1960365.0, "centroid_lon": 33.59143249601664, "centroid_lat": 17.72956826935786, "mean_risk": 1.9032182693481445, "max_risk": 2.104477643966675, "median_risk": 1.8887488842010498, "high_priority_pixel_pct": 100.0, "priority_category": "HIGH PRIORITY", "threshold_type": "95th percentile prioritisation threshold", "recommendation": "Spectral-stress evidence detected. Prioritise field inspection to determine the underlying cause. Field verification required.", "priority_rank": 347}}, {"type": "Feature", "geometry": {"type": "Polygon", "coordinates": [[[33.72486914566053, 17.728036341924987], [33.724868055661524, 17.72776519699781], [33.72401925845765, 17.72776832889894], [33.72401816975412, 17.727497183913236], [33.72373523773938, 17.72749822704801], [33.723734149480585, 17.72722708203778], [33.72401708106997, 17.727226038919987], [33.724013815133866, 17.726412603894985], [33.723730884820476, 17.726413646961834], [33.723726532211685, 17.725329066754966], [33.7228777462589, 17.72533219330624], [33.72287557262249, 17.724789903055733], [33.723724356023595, 17.724786776606276], [33.72372326795862, 17.724515631520617], [33.724289122611914, 17.724513545217103], [33.724284767143814, 17.723428964934925], [33.724567692740365, 17.723427921239807], [33.724565514272236, 17.722885631087454], [33.723999664760655, 17.722887718002195], [33.72399857640613, 17.722616572880717], [33.7242815007464, 17.722615529644095], [33.72427496847527, 17.72098865885883], [33.724557890245016, 17.720987615316652], [33.72455897933355, 17.721258760449395], [33.72484190150905, 17.72125771648275], [33.72483972250105, 17.72071542624373], [33.72512264380681, 17.72071438190362], [33.72512155390677, 17.7204432367898], [33.72483863302617, 17.72044428111291], [33.72483536471796, 17.719630845675212], [33.724552445093366, 17.719631889539848], [33.724551356121246, 17.719360744361868], [33.72426843690238, 17.719361787802068], [33.72426517137775, 17.7185483521719], [33.72454808932129, 17.71854730878267], [33.724547000426774, 17.718276163574533], [33.72511283540545, 17.718274075607845], [33.72511174568015, 17.718002930426167], [33.72426299445831, 17.71800606171408], [33.724264082908334, 17.718277206946766], [33.723698247813275, 17.718279292468992], [33.7236993354325, 17.718550437728098], [33.72341641743081, 17.718551479895073], [33.72341967912943, 17.71936491567807], [33.723136759833025, 17.71936595748853], [33.72313784667952, 17.719637102751424], [33.72285492693863, 17.719638144171405], [33.72285601337935, 17.719909289443713], [33.72172433252176, 17.71991345111699], [33.72172541728126, 17.720184596449535], [33.72144249659339, 17.720185635866155], [33.72144141225902, 17.71991449051668], [33.72115849197697, 17.719915529508928], [33.72115632421645, 17.719373238753516], [33.72087340476535, 17.719374277304482], [33.72086907117648, 17.718289695635534], [33.72115198892714, 17.71828865715223], [33.72114873766293, 17.717475220872092], [33.72143165411904, 17.717474182032138], [33.72143273827954, 17.717745327449467], [33.72171565514141, 17.717744288185195], [33.72171890901409, 17.718557724341167], [33.72200182713191, 17.71855668461869], [33.72199965701393, 17.718014393889458], [33.72228257426223, 17.71801335379345], [33.72228040337144, 17.71747106306793], [33.7219974869733, 17.717472103130053], [33.72199640198198, 17.717200957739045], [33.72227931795505, 17.717199917693858], [33.72227823255801, 17.716928772312254], [33.72284406359601, 17.716926691033628], [33.72284080497065, 17.71611325494527], [33.72312371918549, 17.716112213745774], [33.723121546015314, 17.71556992301643], [33.72340445936074, 17.71556888144351], [33.723403372379686, 17.715297736084498], [33.72283754651949, 17.715299818789067], [33.722834288242524, 17.71448638256501], [33.72311719990731, 17.714485341467274], [33.723115026969474, 17.71394305064746], [33.723397937764936, 17.713942009176343], [33.723399024649154, 17.71421315457305], [33.723964847031915, 17.714211070374944], [33.72396593478546, 17.714482215730158], [33.724248846372745, 17.714481173003154], [33.724247758194224, 17.714210027664922], [33.72509649156477, 17.714206897091007], [33.72509867049113, 17.714749187657933], [33.7253815824258, 17.714748143284645], [33.72538376227981, 17.715290433787384], [33.72566667504506, 17.71528938897274], [33.7256688558268, 17.715831679411277], [33.72595176942264, 17.71583063415524], [33.72595286026768, 17.71610177934618], [33.72651868825111, 17.716099687577984], [33.726519779965656, 17.71637083272731], [33.726802694353225, 17.716369786215132], [33.72679832591166, 17.71528520564079], [33.72594958779087, 17.715288343750753], [33.725947406236855, 17.71474605331611], [33.72566449434104, 17.71474709850404], [33.725660133166166, 17.713662517476166], [33.72537722295083, 17.7136635621887], [33.725375043329876, 17.713121271595494], [33.72509213394503, 17.7131223158667], [33.72509322332085, 17.713393461184086], [33.724527403643016, 17.713395548538653], [33.7245263151171, 17.713124403187262], [33.723960496211575, 17.7131264888787], [33.723961583887586, 17.713397634264066], [33.72367867398079, 17.71339867651583], [33.723679761251226, 17.713669821910646], [33.7233968509001, 17.713670863772094], [33.72339576405462, 17.71339971836031], [33.72254703415994, 17.713402841450005], [33.72254594860869, 17.7131316959798], [33.72198012943206, 17.713133775969258], [33.72197904475005, 17.712862630457632], [33.72169613555768, 17.712863669824497], [33.72169505131994, 17.712592524288404], [33.72197796008737, 17.712591484938468], [33.72197687544402, 17.712320339411765], [33.72225978376719, 17.712319299671506], [33.72225761368865, 17.711777008629372], [33.72254052114265, 17.71177596851573], [33.722536179518016, 17.710691386408797], [33.722819085253086, 17.71069034595572], [33.722815827963124, 17.70987690934724], [33.72309873240424, 17.70987586853782], [33.7230911297645, 17.707977849639626], [33.722808228297204, 17.707978890330338], [33.72280605713824, 17.70743659911483], [33.72308895775594, 17.707435558458037], [33.72308678582481, 17.706893267246294], [33.72336968557359, 17.706892226216283], [33.723372944773665, 17.70770566297169], [33.72365584577744, 17.707704621483632], [33.723658019523924, 17.708246912582286], [33.72394092135793, 17.70824587065312], [33.72394200868505, 17.708517016174156], [33.724224910924484, 17.708515973820848], [33.72420968416171, 17.7047199360783], [33.724775476688954, 17.704717850626015], [33.72477656503828, 17.704988996194043], [33.72534235833735, 17.704986909079434], [33.725341269138596, 17.704715763545423], [33.72562416533429, 17.704714719394513], [33.72562307573024, 17.704443573869977], [33.725340179959254, 17.70444461800387], [33.725335823436055, 17.703360035762312], [33.72561871750828, 17.703358991696497], [33.72561980703464, 17.703630137251164], [33.72590270151212, 17.703629092761272], [33.72589725195129, 17.70227336499768], [33.72618014428602, 17.702272320185887], [33.726177963748434, 17.70173002906178], [33.726743746661036, 17.701727938285313], [33.72674265557215, 17.701456792746033], [33.72702554657465, 17.701455746764346], [33.727026638088155, 17.701726892286572], [33.72730952949582, 17.701725845880826], [33.727311713430495, 17.70226813686856], [33.72759460566796, 17.702267090021685], [33.727595698089154, 17.70253823548719], [33.72816148335494, 17.702536140538246], [33.72815929683346, 17.701993849668], [33.72844218858784, 17.70199280161716], [33.72844328226347, 17.70226394703896], [33.72872617442298, 17.70226289856402], [33.72873711649859, 17.704974352196754], [33.72845422009227, 17.7049754008426], [33.72846078372558, 17.706602272763064], [33.727612086744294, 17.70660541656551], [33.72761427222944, 17.707147707247838], [33.72704847244542, 17.70714980114877], [33.72705284025112, 17.708234382559485], [33.72733574185204, 17.708233335744357], [33.72733464944661, 17.707962190420037], [33.72761755060326, 17.70796114321481], [33.72761645779251, 17.707689997900022], [33.72789935850488, 17.70768895030471], [33.727898265288815, 17.70741780499946], [33.728181165556904, 17.707416757014073], [33.72818007193555, 17.707145611718367], [33.728462971759356, 17.70714456334293], [33.728467348060946, 17.70822914441221], [33.728750249564435, 17.708228095561267], [33.72875243868187, 17.708770386016507], [33.72846953632875, 17.70877143490163], [33.72847281887674, 17.709584870579228], [33.7281899152296, 17.709585919108438], [33.72819100902642, 17.709857064336312], [33.72790810493493, 17.709858112475402], [33.72790919832639, 17.710129257712822], [33.72762629379056, 17.710130305461774], [33.727630665851734, 17.711214886404353], [33.727913572087076, 17.711213838587106], [33.727912478617675, 17.710942693379845], [33.728195384408636, 17.71094164517244], [33.72819429053384, 17.71067049997471], [33.728760101207506, 17.7106684023724], [33.72876557502543, 17.712024128114756], [33.729048482457486, 17.71202307861728], [33.72904629202196, 17.71148078837715], [33.72961210512787, 17.711478688228855], [33.729611009089595, 17.711207543131696], [33.7293281029713, 17.71120859339235], [33.72932481624833, 17.71039515800432], [33.72904191138515, 17.710396207806422], [33.729032056094155, 17.707955901081334], [33.728749155034976, 17.70795695032234], [33.72874039950168, 17.705787788139624], [33.72902329716268, 17.705786739035393], [33.72902110762498, 17.705244448448546], [33.72958690118949, 17.705242349087225], [33.72958251895059, 17.704157767959952], [33.73014830903929, 17.70415566710724], [33.73014611633828, 17.70361337656687], [33.72986322215307, 17.703614427162513], [33.72986103037959, 17.70307213655775], [33.73070971032853, 17.703068983652468], [33.73071080747951, 17.703340128907225], [33.73099370118138, 17.703339077107582], [33.730992603605735, 17.70306793186997], [33.731275496863375, 17.70306687968044], [33.73127439888263, 17.702795734452437], [33.730991506049655, 17.70279678662482], [33.730990408513144, 17.70252564137213], [33.730707516085246, 17.702526693120344], [33.730704224867026, 17.70171325726566], [33.730987116021005, 17.701712205568874], [33.730983823704975, 17.700898769697794], [33.730418043925155, 17.700900872581514], [33.73041914049505, 17.701172017913688], [33.72928757900242, 17.701176218865818], [33.72928538927902, 17.70063392805697], [33.72956827883227, 17.700632878463644], [33.72956718357526, 17.70036173306503], [33.7292842944466, 17.700362782641246], [33.729283199633706, 17.700091637217987], [33.729566088337776, 17.700090587658885], [33.72956499311982, 17.6998194422452], [33.72984788137978, 17.699818392296244], [33.72984678575679, 17.69954724689214], [33.73012967357265, 17.699546196553353], [33.730128577544626, 17.699275051158846], [33.730977239601216, 17.699271897752194], [33.7309750450565, 17.698729607043383], [33.73182370438969, 17.698726450077185], [33.731824802925914, 17.698997595383894], [33.73210768975569, 17.6989965422308], [33.73210878873605, 17.699267687512794], [33.73239167597079, 17.699266633935594], [33.732392775395304, 17.699537779192877], [33.731544112358634, 17.69954093875517], [33.73154740692863, 17.700354374636362], [33.73183029590084, 17.70035332180439], [33.73182919726668, 17.700082176535357], [33.73239497430316, 17.700080069684855], [33.73239387483943, 17.69980892444264], [33.732676762903694, 17.699807870424127], [33.73268446253368, 17.70170588684115], [33.73296735355053, 17.701704832295352], [33.73296955447059, 17.702247122598017], [33.73268666260448, 17.70224817717818], [33.732685562559276, 17.701977032013435], [33.7321197796175, 17.70197913991838], [33.73212197802895, 17.702521430309066], [33.731839085679376, 17.70252248368537], [33.73184238216956, 17.703335919266404], [33.732691062981424, 17.703332757761853], [33.732688862753726, 17.702790467485094], [33.73325464816492, 17.702788357848963], [33.733255749118285, 17.70305950295672], [33.7335386422191, 17.70305844751091], [33.73354084503406, 17.70360073766941], [33.7332579510839, 17.703601793149637], [33.73325905209615, 17.703872938234785], [33.73354194647099, 17.70387188273736], [33.73354304792756, 17.70414302779778], [33.73410883746771, 17.70414091554734], [33.73410663287546, 17.70359862548784], [33.73438952676669, 17.703597568786478], [33.73439062947767, 17.703868713802777], [33.73467352377392, 17.70386765667714], [33.73467462692925, 17.70413880166867], [33.735240416312124, 17.704136686161753], [33.73524372844433, 17.704950120987693], [33.735526624380356, 17.70494906257189], [33.73552993796389, 17.70576249727824], [33.73496414352378, 17.705764613806238], [33.73496193614733, 17.705222323940557], [33.73467903974722, 17.705223381559428], [33.73468014300088, 17.705494526513277], [33.734397246156384, 17.705495583742294], [33.73440276059596, 17.706851308484627], [33.73411986160805, 17.70685236539267], [33.734123169233385, 17.707665800199287], [33.733557368649926, 17.707667912897275], [33.73355847038142, 17.707939057852165], [33.73299266886982, 17.707941168955976], [33.73299156798791, 17.707670023966678], [33.73270866762747, 17.70767107889066], [33.732707567189976, 17.707399933876644], [33.7324246672347, 17.707400988376286], [33.73242356724161, 17.707129843337547], [33.731574868532526, 17.70713300434214], [33.73157376983336, 17.706861859244345], [33.73072507222233, 17.70686501653327], [33.73072397481705, 17.70659387137649], [33.7301581771614, 17.70659597416586], [33.73015927371715, 17.706867119356918], [33.730442172979515, 17.70686606814866], [33.73044326997958, 17.707137213315043], [33.73100906929519, 17.707135109642856], [33.731010167164385, 17.707406254767427], [33.731293067217614, 17.707405202303484], [33.73129416553116, 17.707676347403353], [33.73157706598961, 17.707675294515113], [33.73157816474753, 17.707946439590295], [33.73242686727972, 17.707943278431163], [33.732431267605044, 17.709027858450465], [33.732148365081315, 17.70902891264604], [33.732149464786836, 17.709300057649198], [33.73243236773539, 17.709299003436442], [33.73243346788535, 17.709570148414883], [33.73271637123915, 17.70956909377776], [33.7327185724476, 17.71011138367766], [33.732152764020995, 17.710113492613445], [33.732153863804925, 17.71038463758644], [33.73187095913734, 17.710385691460697], [33.731872058516, 17.71065683644333], [33.73158915340396, 17.71065788992754], [33.731596846628875, 17.712555904715067], [33.73187975471523, 17.712554851110703], [33.73188085425065, 17.712825996033033], [33.732163762742346, 17.71282494200424], [33.732162662782, 17.712553797099083], [33.732445570829164, 17.71255274268019], [33.73244337011743, 17.712010452881625], [33.73329209159169, 17.712007287284493], [33.73329649819274, 17.713091866645172], [33.73301358935456, 17.71309292232026], [33.733014690628956, 17.713364067158775], [33.731883053380265, 17.713368285855065], [33.73188745187465, 17.71445286540865], [33.73245327393795, 17.714450756737676], [33.73245217343501, 17.71417961189494], [33.73273508401227, 17.71417855696567], [33.732733983103955, 17.713907412132578], [33.733299803349674, 17.713905301086513], [33.733300905107924, 17.714176445885208], [33.73443254706356, 17.714172218836612], [33.73443696109271, 17.715256797680567], [33.73415404893332, 17.71525785512258], [33.73415515206476, 17.715528999831935], [33.73387223946071, 17.71553005688383], [33.73387334218679, 17.715801201602872], [33.733590429138076, 17.71580225826464], [33.733591531458785, 17.716073402993345], [33.733308617965406, 17.716074459264977], [33.73330971988073, 17.716345604003358], [33.73302680594268, 17.716346659884827], [33.73302570445239, 17.71607551512925], [33.7321769637956, 17.71607868027797], [33.7321780640108, 17.716349825085103], [33.73189514999429, 17.716350879337146], [33.73189405020412, 17.71607973451283], [33.73161113659304, 17.716080788340342], [33.7316133353429, 17.716623078015747], [33.73189624980405, 17.716622024153903], [33.731897349633414, 17.716893168963125], [33.73218026450001, 17.716892114676742], [33.73218136477403, 17.717163259461252], [33.73189844948237, 17.71716431376481], [33.7319028490742, 17.718248892896128], [33.730771180910516, 17.71825310631105], [33.730772279157094, 17.71852425114365], [33.73048936164214, 17.718525303496], [33.73049045948319, 17.7187964483382], [33.73105629534373, 17.718794343191796], [33.731055196652484, 17.71852319838388], [33.73190394902115, 17.718520037660102], [33.7319050489877, 17.718791182416535], [33.73218796682984, 17.718790128009946], [33.73219236859249, 17.719874706891577], [33.73190944904989, 17.719875761366858], [33.73191054911443, 17.72014690608559], [33.731344709120144, 17.720149013848147], [33.73134580835401, 17.720420158593658], [33.73106288790233, 17.72042121188091], [33.73106398673062, 17.72069235663603], [33.73049814491826, 17.720694462022443], [33.7304992429158, 17.720965606804306], [33.73021632155511, 17.720966658903446], [33.73021522398273, 17.72069551410445], [33.729932303027645, 17.72069656577899], [33.72992901170327, 17.719883131285357], [33.73021193138292, 17.7198820796622], [33.730210833888755, 17.71961093483303], [33.73049375312371, 17.719609882819558], [33.730491557343804, 17.71906759317286], [33.7299257205548, 17.71906969672385], [33.72991913878561, 17.717442827397214], [33.730202054639356, 17.717441775928197], [33.73019217947956, 17.71500147158339], [33.729909267451106, 17.715002522898274], [33.72990817073387, 17.714731377916248], [33.729625259110875, 17.714732428806688], [33.72961868176774, 17.713105558653467], [33.72905286356276, 17.713107659007072], [33.729050672971084, 17.712565368827253], [33.72876776468918, 17.712566418358936], [33.72877104933116, 17.713379853668656], [33.729053958887874, 17.713378804085675], [33.72905505423251, 17.71364994915674], [33.72933796419468, 17.713648899149366], [33.72934015579246, 17.714191189234665], [33.72905724498035, 17.714192239276247], [33.72905943580628, 17.7147345293656], [33.72849361242359, 17.71473662829522], [33.728488139754916, 17.71338090284434], [33.728205230159176, 17.713381951612746], [33.728207418318206, 17.713924241849888], [33.72792450785305, 17.713925290245157], [33.72792560153683, 17.714196435369498], [33.72764269062721, 17.714197483374537], [33.727645970520555, 17.71501091875355], [33.72736305831649, 17.715011966402475], [33.72736743008033, 17.716096546870528], [33.72765034398445, 17.716095499153333], [33.72765362428695, 17.716908934374004], [33.726521963453116, 17.716913123003337], [33.726523055226025, 17.717184268130044], [33.726240139543854, 17.717185314285974], [33.726246688039346, 17.718812184990096], [33.72596376978723, 17.718813230840848], [33.725965951924415, 17.719355521049298], [33.72568303280262, 17.719356566526677], [33.72568957712986, 17.72098343707321], [33.725972498802506, 17.720982391493667], [33.72597686377672, 17.72206697163908], [33.725693940403346, 17.722068017286738], [33.72569612215669, 17.722610307348255], [33.72541319791347, 17.722611352622458], [33.725415378894105, 17.723153642687844], [33.72569830398777, 17.723152597379606], [33.725702667883134, 17.724237177351785], [33.72598559465833, 17.724236131567903], [33.72598668610602, 17.724507276525067], [33.72626961328704, 17.724506230316592], [33.7262838094054, 17.728031113851827], [33.72486914566053, 17.728036341924987]], [[33.72401163794008, 17.7258703138406], [33.72429456738347, 17.725869270400118], [33.72429347839036, 17.725598125378603], [33.72401054937228, 17.725599168802095], [33.72401163794008, 17.7258703138406]], [[33.72284514984317, 17.717197836381334], [33.72312806575819, 17.717196795113995], [33.72312697908597, 17.71692564978325], [33.72284406359601, 17.716926691033628], [33.72284514984317, 17.717197836381334]], [[33.724541556245214, 17.716920437420708], [33.724824471618895, 17.71691939372607], [33.72482229323199, 17.716377103245758], [33.7245393787084, 17.7163781469064], [33.724541556245214, 17.716920437420708]], [[33.730478384307446, 17.715813854659245], [33.73076129757182, 17.715812802478286], [33.730760199520915, 17.715541657570277], [33.73104311234069, 17.715540604999124], [33.73104201388434, 17.715269460100714], [33.73075910148957, 17.71527051265473], [33.730758003477796, 17.71499936773164], [33.73047509148846, 17.715000419861177], [33.730478384307446, 17.715813854659245]], [[33.731608937921536, 17.715538498634782], [33.73217476342401, 17.715536390641084], [33.73217366326763, 17.71526524581133], [33.732456575564456, 17.715264191220648], [33.73245437446051, 17.714721901572876], [33.73217146301367, 17.714722956129197], [33.73217256313085, 17.71499410097403], [33.73188965123942, 17.714995155140212], [33.7318907509512, 17.715266299994674], [33.73160783861517, 17.71526735377069], [33.731608937921536, 17.715538498634782]], [[33.72679832591166, 17.71528520564079], [33.727081238579686, 17.715284158789462], [33.72708014609294, 17.715013013644082], [33.72679723384992, 17.715014060478357], [33.72679832591166, 17.71528520564079]], [[33.7313161359136, 17.71309924781792], [33.73159904486942, 17.713098194586507], [33.73159794573935, 17.712827049654557], [33.731315037208475, 17.71282810286881], [33.7313161359136, 17.71309924781792]], [[33.72593759020591, 17.712305745987017], [33.72622049825767, 17.71230470054506], [33.726219407259826, 17.712033555265617], [33.72650231486722, 17.71203250943343], [33.726501223463906, 17.711761364163486], [33.726218316281425, 17.711762409978633], [33.726215043462894, 17.71094897407244], [33.72564923158901, 17.710951064378808], [33.72565250185816, 17.711764500387165], [33.72593540907951, 17.71176345538652], [33.72593759020591, 17.712305745987017]], [[33.72989610813424, 17.71174878261634], [33.73074482886263, 17.711745628066456], [33.73074373110522, 17.71147448304536], [33.72989501165153, 17.71147763754384], [33.72989610813424, 17.71174878261634]], [[33.72734885223602, 17.71148707904823], [33.727631758915734, 17.711486031621153], [33.727630665851734, 17.711214886404353], [33.72734775959692, 17.711215933814362], [33.72734885223602, 17.71148707904823]], [[33.72564487150214, 17.709866482928806], [33.72592777574932, 17.70986543804734], [33.72592668535132, 17.709594292683015], [33.7262095891542, 17.70959324741138], [33.726206316802305, 17.7087798113243], [33.72592341427393, 17.708780856544838], [33.72592559497275, 17.709323147311164], [33.725642691575274, 17.709324192158576], [33.72564487150214, 17.709866482928806]], [[33.73073385216881, 17.709034177516205], [33.73101675479047, 17.709033125356534], [33.731014558836826, 17.70849083519031], [33.730731657064815, 17.708491887315695], [33.73073385216881, 17.709034177516205]], [[33.72648921931123, 17.708778765696582], [33.72677212180072, 17.70877771966169], [33.72677103020599, 17.70850657431834], [33.726488128141334, 17.708507620336185], [33.72648921931123, 17.708778765696582]], [[33.730157080625204, 17.706324828967272], [33.730439979038046, 17.706323777793276], [33.73043778517479, 17.705781487407744], [33.73015488761145, 17.70578253854748], [33.73015379113389, 17.70551139332628], [33.729870893975736, 17.705512444041787], [33.729873086100916, 17.7060547345109], [33.73015598410855, 17.706053683761148], [33.730157080625204, 17.706324828967272]], [[33.725343447555524, 17.705258054605913], [33.72562634460066, 17.70525701042097], [33.72562525495776, 17.704985864911503], [33.72534235833735, 17.704986909079434], [33.725343447555524, 17.705258054605913]], [[33.73382924846909, 17.704955406960476], [33.734112144503456, 17.704954350580078], [33.73411104213856, 17.70468320557671], [33.7338281465289, 17.70468426193989], [33.73382924846909, 17.704955406960476]], [[33.73014940541913, 17.704426812366123], [33.73071519627904, 17.704424709850894], [33.73071409904982, 17.70415356462628], [33.73099699402574, 17.70415251277521], [33.73099589639139, 17.703881367560196], [33.73043010726936, 17.703883470821], [33.73043120405434, 17.704154616070294], [33.73014830903929, 17.70415566710724], [33.73014940541913, 17.704426812366123]]]}, "properties": {"zone_id": "scene_03-Z0249", "scene": "scene_03", "pixel_count": 2636, "approx_area_m2": 2372400.0, "centroid_x": 577338.0159332321, "centroid_y": 1958740.584218513, "centroid_lon": 33.72936953169417, "centroid_lat": 17.714422318106976, "mean_risk": 2.3496761322021484, "max_risk": 3.6650545597076416, "median_risk": 2.2652554512023926, "high_priority_pixel_pct": 100.0, "priority_category": "HIGH PRIORITY", "threshold_type": "95th percentile prioritisation threshold", "recommendation": "Spectral-stress evidence detected. Prioritise field inspection to determine the underlying cause. Field verification required.", "priority_rank": 74}}, {"type": "Feature", "geometry": {"type": "Polygon", "coordinates": [[[33.68385088853321, 17.73008155386074], [33.68384986008464, 17.729810406590293], [33.68356692199014, 17.72981139196793], [33.68356486599881, 17.729269097372338], [33.68413074046782, 17.729267126273527], [33.68412765406572, 17.728453684419875], [33.68441058999654, 17.72845269830709], [33.68441161920431, 17.72872384558313], [33.684694555542194, 17.728722859046602], [33.68469661486354, 17.729265153543942], [33.68441367767484, 17.729266140112575], [33.68441470693761, 17.729537287366004], [33.68498058214749, 17.72953531378891], [33.68498264242973, 17.730077608208894], [33.68385088853321, 17.73008155386074]]]}, "properties": {"zone_id": "scene_03-Z0250", "scene": "scene_03", "pixel_count": 17, "approx_area_m2": 15300.0, "centroid_x": 572551.7647058824, "centroid_y": 1960387.0588235294, "centroid_lon": 33.68428960910978, "centroid_lat": 17.729465948220245, "mean_risk": 1.9057072401046753, "max_risk": 2.0176117420196533, "median_risk": 1.8966370820999146, "high_priority_pixel_pct": 100.0, "priority_category": "HIGH PRIORITY", "threshold_type": "95th percentile prioritisation threshold", "recommendation": "Spectral-stress evidence detected. Prioritise field inspection to determine the underlying cause. Field verification required.", "priority_rank": 345}}, {"type": "Feature", "geometry": {"type": "Polygon", "coordinates": [[[33.734495476686284, 17.729627455970082], [33.734494372107065, 17.729356311670205], [33.733645569238625, 17.729359485460584], [33.733644465955265, 17.72908834110149], [33.733361532051866, 17.72908939819905], [33.73336042921354, 17.728818253815213], [33.733643362691545, 17.72881719673486], [33.73364115622306, 17.728274907978953], [33.73307529094891, 17.72827702166318], [33.73307418859487, 17.728005877239507], [33.7327912563537, 17.72800693345295], [33.73278795068543, 17.72719350008505], [33.73307088165055, 17.72719244392319], [33.733071983945685, 17.72746358836951], [33.73335491531651, 17.727462531782823], [33.73335270989519, 17.726920242917057], [33.733635640395704, 17.726919185957158], [33.733633434202304, 17.726376897095616], [33.73391636383253, 17.726375839762532], [33.73391746734472, 17.726646984179858], [33.7342003973806, 17.726645926421945], [33.73419929344309, 17.72637478202184], [33.73448222303399, 17.726373723873543], [33.7344855361815, 17.727187156999538], [33.73476846702871, 17.72718609839194], [33.73477730635721, 17.729355252924726], [33.73506024058767, 17.729354193771567], [33.73505913517734, 17.729083049498616], [33.73534206896272, 17.72908198995503], [33.73534428065387, 17.72962427845889], [33.734495476686284, 17.729627455970082]], [[33.73392408883067, 17.728273850525365], [33.73420702141862, 17.72827279266413], [33.73420591736313, 17.728001648309295], [33.73392298520054, 17.728002706153315], [33.73392408883067, 17.728273850525365]]]}, "properties": {"zone_id": "scene_03-Z0251", "scene": "scene_03", "pixel_count": 56, "approx_area_m2": 50400.0, "centroid_x": 577826.25, "centroid_y": 1960250.357142857, "centroid_lon": 33.73402928186766, "centroid_lat": 17.728050728146844, "mean_risk": 1.9675580263137817, "max_risk": 2.3043627738952637, "median_risk": 1.9506443738937378, "high_priority_pixel_pct": 100.0, "priority_category": "HIGH PRIORITY", "threshold_type": "95th percentile prioritisation threshold", "recommendation": "Spectral-stress evidence detected. Prioritise field inspection to determine the underlying cause. Field verification required.", "priority_rank": 276}}, {"type": "Feature", "geometry": {"type": "Polygon", "coordinates": [[[33.57010563704336, 17.72963135934301], [33.57010392232043, 17.729089052922983], [33.5698209791784, 17.729089874340687], [33.56982012226528, 17.728818721106016], [33.56953717953344, 17.728819542102634], [33.56953632306101, 17.728548388847084], [33.57038514993444, 17.728545924674208], [33.570386865447176, 17.729088231097556], [33.57066980855865, 17.729087408864412], [33.570671524983396, 17.72962971523091], [33.57010563704336, 17.72963135934301]]]}, "properties": {"zone_id": "scene_03-Z0252", "scene": "scene_03", "pixel_count": 9, "approx_area_m2": 8100.0, "centroid_x": 560453.3333333334, "centroid_y": 1960300.0, "centroid_lon": 33.570182374724425, "centroid_lat": 17.729043632476632, "mean_risk": 2.3878469467163086, "max_risk": 2.8085789680480957, "median_risk": 2.375795364379883, "high_priority_pixel_pct": 100.0, "priority_category": "HIGH PRIORITY", "threshold_type": "95th percentile prioritisation threshold", "recommendation": "Spectral-stress evidence detected. Prioritise field inspection to determine the underlying cause. Field verification required.", "priority_rank": 66}}, {"type": "Feature", "geometry": {"type": "Polygon", "coordinates": [[[33.55934786654947, 17.727764211467516], [33.55934702545268, 17.727493057705164], [33.5596299666018, 17.727492251451984], [33.559628283602365, 17.726949943930972], [33.55906240299073, 17.726951555977156], [33.55906072175278, 17.72640924837358], [33.55990954009546, 17.72640682977156], [33.559911223885706, 17.726949137296376], [33.56019416415404, 17.726948330254103], [33.56019332182604, 17.726677176508602], [33.56047626165399, 17.726676369071804], [33.560477104407376, 17.72694752280416], [33.56104298486901, 17.72694590668127], [33.56104214126485, 17.726674752975217], [33.56132508104774, 17.726673944315426], [33.56132676912186, 17.727216251693676], [33.561043828488195, 17.727217060379797], [33.5610446721224, 17.727488214070814], [33.56047878995919, 17.72748983024634], [33.560479632757605, 17.72776098395615], [33.56019669122807, 17.727761791445523], [33.56019584885506, 17.72749063772257], [33.55991290773592, 17.72749144479112], [33.55991374968353, 17.727762598527214], [33.55934786654947, 17.727764211467516]]]}, "properties": {"zone_id": "scene_03-Z0253", "scene": "scene_03", "pixel_count": 22, "approx_area_m2": 19800.0, "centroid_x": 559386.8181818182, "centroid_y": 1960080.0, "centroid_lon": 33.56011741973942, "centroid_lat": 17.7270841272687, "mean_risk": 2.059678077697754, "max_risk": 2.504051923751831, "median_risk": 2.031426191329956, "high_priority_pixel_pct": 100.0, "priority_category": "HIGH PRIORITY", "threshold_type": "95th percentile prioritisation threshold", "recommendation": "Spectral-stress evidence detected. Prioritise field inspection to determine the underlying cause. Field verification required.", "priority_rank": 197}}, {"type": "Feature", "geometry": {"type": "Polygon", "coordinates": [[[33.52539398097663, 17.727586848263925], [33.5253931909436, 17.727315692967096], [33.52454436345713, 17.72731796247478], [33.524543574714386, 17.727046807133494], [33.5242606326162, 17.72704756280837], [33.52425826774843, 17.726234096702512], [33.523975326912364, 17.72623485193282], [33.52397375125481, 17.72569254113342], [33.52369081125545, 17.725693295931485], [33.52369002387309, 17.725422140508233], [33.52340708428506, 17.725422894886357], [33.5234055104131, 17.724880583992743], [33.52312257166175, 17.724881337938676], [33.52312178517214, 17.724610182468318], [33.52340472349814, 17.724609428534663], [33.523403936597205, 17.724338273069076], [33.52368687448386, 17.724337518740075], [33.5236852998734, 17.723795207810937], [33.52396823689539, 17.7237944530989], [33.52396666149043, 17.72325214216428], [33.52424959764778, 17.72325138706923], [33.524250385768546, 17.723522542528002], [33.52453332233716, 17.723521787013063], [33.524532533791096, 17.723250631566593], [33.52481546992036, 17.723249875656364], [33.52481783687662, 17.724063341936297], [33.52510077426775, 17.724062585581528], [33.52510235315952, 17.72460489637262], [33.52538529138724, 17.724604139585598], [33.525384501508995, 17.724332984206132], [33.525667439297315, 17.724332227023815], [33.52566981025027, 17.725145693102696], [33.525386871185944, 17.725146450322], [33.5253876611064, 17.72541760567893], [33.525104721602645, 17.72541836250293], [33.52510709017235, 17.72623182856561], [33.524824149378425, 17.72623258501891], [33.52482493850441, 17.726503740370426], [33.52567376212011, 17.72650146975058], [33.52567455253631, 17.726772625057624], [33.52595749413879, 17.726771867356657], [33.525959075864236, 17.72731417792352], [33.525676133410954, 17.72731493564915], [33.525676923869405, 17.72758609093365], [33.52539398097663, 17.727586848263925]]]}, "properties": {"zone_id": "scene_03-Z0254", "scene": "scene_03", "pixel_count": 77, "approx_area_m2": 69300.0, "centroid_x": 555620.2597402597, "centroid_y": 1959877.012987013, "centroid_lon": 33.52458823885054, "centroid_lat": 17.725347551690025, "mean_risk": 1.8789918422698975, "max_risk": 2.024994373321533, "median_risk": 1.8806438446044922, "high_priority_pixel_pct": 100.0, "priority_category": "HIGH PRIORITY", "threshold_type": "95th percentile prioritisation threshold", "recommendation": "Spectral-stress evidence detected. Prioritise field inspection to determine the underlying cause. Field verification required.", "priority_rank": 363}}, {"type": "Feature", "geometry": {"type": "Polygon", "coordinates": [[[33.522280037536106, 17.727052841117377], [33.522278466899074, 17.726510530215787], [33.52256140824461, 17.726509777419206], [33.522559051117845, 17.72569631104723], [33.52312493121467, 17.725694804304656], [33.52312729089368, 17.726508270603034], [33.522844349576154, 17.726509024214955], [33.52284513573845, 17.72678017964499], [33.52256219398153, 17.726780932861505], [33.522562979732434, 17.72705208829629], [33.522280037536106, 17.727052841117377]]]}, "properties": {"zone_id": "scene_03-Z0255", "scene": "scene_03", "pixel_count": 9, "approx_area_m2": 8100.0, "centroid_x": 555423.3333333334, "centroid_y": 1959983.3333333333, "centroid_lon": 33.52273374918207, "centroid_lat": 17.72631348269079, "mean_risk": 1.855945110321045, "max_risk": 1.897993564605713, "median_risk": 1.85454523563385, "high_priority_pixel_pct": 100.0, "priority_category": "HIGH PRIORITY", "threshold_type": "95th percentile prioritisation threshold", "recommendation": "Spectral-stress evidence detected. Prioritise field inspection to determine the underlying cause. Field verification required.", "priority_rank": 380}}, {"type": "Feature", "geometry": {"type": "Polygon", "coordinates": [[[33.50558566322583, 17.726825379799585], [33.5055826224539, 17.72574075509073], [33.50473379972748, 17.725742938769574], [33.50473531753409, 17.726285251210122], [33.50360355030662, 17.726288157169343], [33.50360430752865, 17.726559313425668], [33.503038422983174, 17.726560763982874], [33.50303691025415, 17.72601845141548], [33.50275396881198, 17.726019176058973], [33.50275245698759, 17.725476863437937], [33.50246951638269, 17.72547758765018], [33.50246800546287, 17.724935274975525], [33.50218506569522, 17.72493599875655], [33.50218355567992, 17.72439368602829], [33.5019006167495, 17.724394409378117], [33.50189986218736, 17.724123252990942], [33.502182800692445, 17.724122529652895], [33.5021805358107, 17.723309060481647], [33.501897598581564, 17.72330978378436], [33.50189684407318, 17.723038627367156], [33.50217978087702, 17.723037904076214], [33.5021729870791, 17.72059749608944], [33.50245592004214, 17.720596772496975], [33.502455164817725, 17.720325616028244], [33.50302102985299, 17.720324167644307], [33.5030202737916, 17.72005301119165], [33.50330320586381, 17.720052286400204], [33.50330244939068, 17.719781129951848], [33.50358538102421, 17.719780404764695], [33.50358765175968, 17.720593874051804], [33.50528524893126, 17.72058951415813], [33.50528600842143, 17.720860670501143], [33.505568941661274, 17.720859942413984], [33.50556514221962, 17.719504160683115], [33.50528221110586, 17.719504888710993], [33.50528069227435, 17.71896257594238], [33.50556362253774, 17.71896184793822], [33.505561343116455, 17.718148378764564], [33.5058442720908, 17.718147650388506], [33.505842751694, 17.71760533759226], [33.50640860790144, 17.717603879665237], [33.506409368943366, 17.717875036043367], [33.50669229745189, 17.71787430645679], [33.5066900130914, 17.717060837335527], [33.50697294031095, 17.717060107377154], [33.50697446405464, 17.717602420108392], [33.50725739211089, 17.717601689718776], [33.50725586751692, 17.71705937701134], [33.507538794709305, 17.71705864623808], [33.50753955742463, 17.71732980258365], [33.507822485028555, 17.71732907139103], [33.507825537726355, 17.718413696650597], [33.50810846701729, 17.718412965002873], [33.5081092306509, 17.71868412128708], [33.508392160353395, 17.718683389219947], [33.50839445261143, 17.719496857991743], [33.50811152163339, 17.71949759009464], [33.50811457646721, 17.72058221506628], [33.508397509146086, 17.720581482915684], [33.50839827331379, 17.720852639127898], [33.50811534020968, 17.72085337129042], [33.508116103965754, 17.72112452750705], [33.507833170422806, 17.721125259273947], [33.507833933767245, 17.721396415494993], [33.50755099978545, 17.721397146866256], [33.5075532886246, 17.722210615520055], [33.507270353353434, 17.722211346519487], [33.507271878463605, 17.72275365894161], [33.50698894232829, 17.722754389557267], [33.50699122881956, 17.723567858169826], [33.506425353956416, 17.723569318249726], [33.50642687665055, 17.7241116306681], [33.50670981493953, 17.72411090080819], [33.506710576732274, 17.724382056994223], [33.50642763801795, 17.724382786866027], [33.50642839939893, 17.724653943056442], [33.50671133853858, 17.724653213172754], [33.506712100358456, 17.724924369343775], [33.506429160793466, 17.72492509923934], [33.50642992220157, 17.725196255414737], [33.50614698219766, 17.725196984914547], [33.50614850420382, 17.725739297266564], [33.50586556333563, 17.725740026382475], [33.50586708454527, 17.72628233872819], [33.506150026264216, 17.726281609588533], [33.506150787314745, 17.726552765738255], [33.505867845170414, 17.726553494889785], [33.5058686058091, 17.726824651043867], [33.50558566322583, 17.726825379799585]], [[33.5035982501301, 17.724390063164787], [33.50416412781582, 17.72438861116602], [33.50416336985103, 17.724117454873255], [33.503597493015974, 17.72411890684838], [33.5035982501301, 17.724390063164787]], [[33.50416261189976, 17.723846298572987], [33.50472848783016, 17.723844844991067], [33.504727729041754, 17.723573688706956], [33.50501066656137, 17.723572961316425], [33.50500990736118, 17.723301805036645], [33.505575781509215, 17.723300349056483], [33.50557502147195, 17.723029192792914], [33.50614089471523, 17.7230277352061], [33.50613937298018, 17.722485422703894], [33.50557350143804, 17.72248688024323], [33.505574261448224, 17.722758036521828], [33.50500838900137, 17.722759492454568], [33.50500762984175, 17.722488336152267], [33.50529056564666, 17.722487608401533], [33.5052898060753, 17.722216452103574], [33.50613861213298, 17.722214266441522], [33.50613785129934, 17.72194311017165], [33.50585491638559, 17.721943839121366], [33.50585415599077, 17.721672682832107], [33.50528828697315, 17.721674139485128], [33.505289046517454, 17.721945295798104], [33.50472317659519, 17.721946750844594], [33.50472393530249, 17.722217907173757], [33.50444099989581, 17.722218634097498], [33.504441758191355, 17.722489790430995], [33.50415882234589, 17.722490516958988], [33.504159580229654, 17.72276167329681], [33.50387664394541, 17.722762399429055], [33.50387740141739, 17.723033555771185], [33.5047262115055, 17.723031376116204], [33.504726970266866, 17.723302532415328], [33.50444403315904, 17.723303259386423], [33.50444479150862, 17.72357441568988], [33.50416185396198, 17.723575142265204], [33.50416261189976, 17.723846298572987]], [[33.50642230873092, 17.722484693322862], [33.50670524446809, 17.72248396353425], [33.506702197758536, 17.721399338534777], [33.506985131781086, 17.72139860838615], [33.50698360765724, 17.72085629586514], [33.506700674485174, 17.720857025989986], [33.506701436115065, 17.72112818226613], [33.50641850250419, 17.721128911995322], [33.50642230873092, 17.722484693322862]], [[33.505004593338526, 17.721403710867964], [33.50528752744238, 17.72140298316464], [33.50528676792514, 17.721131826836647], [33.50500383424652, 17.72113255452812], [33.505004593338526, 17.721403710867964]], [[33.50698284561569, 17.72058513959337], [33.50754871106864, 17.720583678144887], [33.50754794819021, 17.720312521889415], [33.507265015895754, 17.720313252805514], [33.50726349103011, 17.71977094024823], [33.50698055957248, 17.71977167073302], [33.50698284561569, 17.72058513959337]]]}, "properties": {"zone_id": "scene_03-Z0256", "scene": "scene_03", "pixel_count": 410, "approx_area_m2": 369000.0, "centroid_x": 553553.487804878, "centroid_y": 1959518.7073170731, "centroid_lon": 33.50508676144783, "centroid_lat": 17.72216009729732, "mean_risk": 2.0420796871185303, "max_risk": 2.8385462760925293, "median_risk": 2.014646530151367, "high_priority_pixel_pct": 100.0, "priority_category": "HIGH PRIORITY", "threshold_type": "95th percentile prioritisation threshold", "recommendation": "Spectral-stress evidence detected. Prioritise field inspection to determine the underlying cause. Field verification required.", "priority_rank": 211}}, {"type": "Feature", "geometry": {"type": "Polygon", "coordinates": [[[33.72118342677522, 17.726151871028115], [33.72117908955466, 17.72506729018092], [33.72146201791572, 17.725066250867172], [33.72145876392729, 17.724252815203343], [33.72117583684204, 17.72425385446633], [33.72116933193826, 17.722626982833535], [33.72088640738513, 17.722628021587475], [33.720880989289064, 17.721272294934856], [33.720598066842605, 17.721273333196738], [33.72059698370648, 17.721002187826684], [33.72003113960602, 17.721004263094194], [33.72003005733952, 17.7207331176828], [33.72031297897423, 17.72073208026968], [33.72031189630186, 17.720460934867646], [33.72059481749211, 17.720459897063954], [33.72059373441388, 17.720188751671277], [33.720876655159685, 17.720187713477028], [33.72087882218577, 17.72073000422102], [33.72116174376258, 17.720728965585486], [33.72116282772974, 17.72100011092926], [33.721445749712416, 17.720999071869336], [33.721449003005304, 17.72181250780464], [33.721731926244196, 17.721811468286454], [33.721733011139, 17.72208261356621], [33.722015934783755, 17.722081573623594], [33.72201702012308, 17.72235271887887], [33.722299944173706, 17.722351678511806], [33.722302115760804, 17.722893968965874], [33.722019190859754, 17.72289500936682], [33.72202027625709, 17.72316615459948], [33.721737350911475, 17.72316719460984], [33.72173952091369, 17.723709485086406], [33.72202244710977, 17.723708445042174], [33.7220246180398, 17.724250735454703], [33.721741690993206, 17.7242517755328], [33.72174820169566, 17.72587864669099], [33.72146527207805, 17.725879686463106], [33.72146635683746, 17.726150831646674], [33.72118342677522, 17.726151871028115]]]}, "properties": {"zone_id": "scene_03-Z0257", "scene": "scene_03", "pixel_count": 53, "approx_area_m2": 47700.0, "centroid_x": 576484.5283018867, "centroid_y": 1959672.4528301887, "centroid_lon": 33.72135449210584, "centroid_lat": 17.72287442995576, "mean_risk": 2.139645576477051, "max_risk": 3.3352696895599365, "median_risk": 2.002984046936035, "high_priority_pixel_pct": 100.0, "priority_category": "HIGH PRIORITY", "threshold_type": "95th percentile prioritisation threshold", "recommendation": "Spectral-stress evidence detected. Prioritise field inspection to determine the underlying cause. Field verification required.", "priority_rank": 139}}, {"type": "Feature", "geometry": {"type": "Polygon", "coordinates": [[[33.56528538645648, 17.726391426758205], [33.56528453650185, 17.7261202732353], [33.565001597780864, 17.726121087575873], [33.56499989876773, 17.725578780480998], [33.56556577449314, 17.725577151445254], [33.56556492415858, 17.725305997913058], [33.56584786157322, 17.725305182797005], [33.56584701082847, 17.725034029270564], [33.56612994780262, 17.72503321376016], [33.5661290966477, 17.724762060239474], [33.5655632235349, 17.724763690826116], [33.56556407383917, 17.72503484437335], [33.56528113683472, 17.72503565906851], [33.56528198672879, 17.725306812621486], [33.564433174348615, 17.72530925430098], [33.56443232573056, 17.72503810070825], [33.56358351449035, 17.725040538679377], [33.563582667163395, 17.724769385039433], [33.56301679377843, 17.724771008288965], [33.563015100871084, 17.72422870093367], [33.56358097255477, 17.724227077736995], [33.56358012527309, 17.723955924074502], [33.563863060666996, 17.723955111877984], [33.56386221297511, 17.723683958221198], [33.564428082866996, 17.723682332631842], [33.56442723433963, 17.72341117899401], [33.564710168837614, 17.72341036560119], [33.56470931990008, 17.723139211969077], [33.564992253957655, 17.72313839818193], [33.56498970595999, 17.722324937280266], [33.565838504214454, 17.722322493592728], [33.565841056039545, 17.72313595437501], [33.566123990036544, 17.723135138957552], [33.5661248411005, 17.72340629252334], [33.56640777550762, 17.723405476685016], [33.56640862701203, 17.723676630229996], [33.56669156182928, 17.7236758139708], [33.56669411770943, 17.724489274520757], [33.56697705378742, 17.724488457814072], [33.566978758634065, 17.7250307647832], [33.56669582170542, 17.72503158151647], [33.56669837781324, 17.72584504195366], [33.56584956310818, 17.725847489827327], [33.56585126470377, 17.726389796827572], [33.56528538645648, 17.726391426758205]], [[33.56471271574095, 17.724223826452402], [33.56527858724333, 17.724222198364483], [33.56527773740981, 17.723951044781437], [33.564711866758046, 17.72395267284285], [33.56471271574095, 17.724223826452402]]]}, "properties": {"zone_id": "scene_03-Z0258", "scene": "scene_03", "pixel_count": 98, "approx_area_m2": 88200.0, "centroid_x": 559935.918367347, "centroid_y": 1959781.836734694, "centroid_lon": 33.565287725502685, "centroid_lat": 17.72437435145988, "mean_risk": 2.1841413974761963, "max_risk": 2.9757232666015625, "median_risk": 2.060143232345581, "high_priority_pixel_pct": 100.0, "priority_category": "HIGH PRIORITY", "threshold_type": "95th percentile prioritisation threshold", "recommendation": "Spectral-stress evidence detected. Prioritise field inspection to determine the underlying cause. Field verification required.", "priority_rank": 119}}, {"type": "Feature", "geometry": {"type": "Polygon", "coordinates": [[[33.56019163721504, 17.72613486899503], [33.56018995266407, 17.725592561451382], [33.560755828902025, 17.725590946275325], [33.56075498579835, 17.72531979251852], [33.5616037987666, 17.725317366736636], [33.56160464314632, 17.725588520453936], [33.56132170507992, 17.725589329468704], [33.56132254904932, 17.725860483191664], [33.56075667202072, 17.725862100024603], [33.56075751515444, 17.726133253766367], [33.56019163721504, 17.72613486899503]]]}, "properties": {"zone_id": "scene_03-Z0259", "scene": "scene_03", "pixel_count": 9, "approx_area_m2": 8100.0, "centroid_x": 559463.3333333334, "centroid_y": 1959926.6666666667, "centroid_lon": 33.56083475074288, "centroid_lat": 17.725696170496096, "mean_risk": 1.9109872579574585, "max_risk": 2.002683639526367, "median_risk": 1.943450689315796, "high_priority_pixel_pct": 100.0, "priority_category": "HIGH PRIORITY", "threshold_type": "95th percentile prioritisation threshold", "recommendation": "Spectral-stress evidence detected. Prioritise field inspection to determine the underlying cause. Field verification required.", "priority_rank": 335}}, {"type": "Feature", "geometry": {"type": "Polygon", "coordinates": [[[33.59018042173566, 17.725233557882245], [33.5901795344123, 17.724962405522025], [33.58989659875398, 17.72496325568007], [33.5898948250053, 17.724420950909362], [33.59017775981299, 17.724420100779003], [33.59017687253705, 17.724148948396213], [33.59074274125438, 17.724147246940394], [33.59074362938094, 17.724418399295473], [33.59046069460487, 17.724419250241038], [33.59046158232193, 17.72469040260246], [33.59074451752331, 17.724689551643035], [33.590746293855524, 17.7252318563156], [33.59018042173566, 17.725233557882245]]]}, "properties": {"zone_id": "scene_03-Z0260", "scene": "scene_03", "pixel_count": 9, "approx_area_m2": 8100.0, "centroid_x": 562593.3333333334, "centroid_y": 1959826.6666666667, "centroid_lon": 33.590351601270456, "centroid_lat": 17.724705797441203, "mean_risk": 1.8769917488098145, "max_risk": 1.9975035190582275, "median_risk": 1.8494170904159546, "high_priority_pixel_pct": 100.0, "priority_category": "HIGH PRIORITY", "threshold_type": "95th percentile prioritisation threshold", "recommendation": "Spectral-stress evidence detected. Prioritise field inspection to determine the underlying cause. Field verification required.", "priority_rank": 368}}, {"type": "Feature", "geometry": {"type": "Polygon", "coordinates": [[[33.727685342918946, 17.724772138008124], [33.72767330978457, 17.721789544272852], [33.728522078161895, 17.72178639760108], [33.72852098308196, 17.72151525272204], [33.72908682771893, 17.721513152937586], [33.72909340359364, 17.723140021893506], [33.72881047873369, 17.723141072092083], [33.72880938313099, 17.72286992726785], [33.72852645867674, 17.722870977041804], [33.7285242683803, 17.722328687336525], [33.72824134475697, 17.722329736668783], [33.72824462895525, 17.72314317126665], [33.72852755385423, 17.72314212188313], [33.728529744267725, 17.72368441154315], [33.728246818518286, 17.72368546096085], [33.728251197878386, 17.724770040258733], [33.727685342918946, 17.724772138008124]]]}, "properties": {"zone_id": "scene_03-Z0261", "scene": "scene_03", "pixel_count": 37, "approx_area_m2": 33300.0, "centroid_x": 577217.027027027, "centroid_y": 1959680.2702702703, "centroid_lon": 33.72826284304708, "centroid_lat": 17.72291958907449, "mean_risk": 2.247392177581787, "max_risk": 2.7606804370880127, "median_risk": 2.2638113498687744, "high_priority_pixel_pct": 100.0, "priority_category": "HIGH PRIORITY", "threshold_type": "95th percentile prioritisation threshold", "recommendation": "Spectral-stress evidence detected. Prioritise field inspection to determine the underlying cause. Field verification required.", "priority_rank": 101}}, {"type": "Feature", "geometry": {"type": "Polygon", "coordinates": [[[33.52680077433362, 17.72487150484638], [33.52679998231462, 17.724600349536136], [33.52651704415733, 17.724601108361274], [33.52651625257777, 17.724329953031162], [33.52679919030973, 17.724329194218377], [33.52679839831895, 17.724058038893112], [33.52708133561148, 17.724057279685077], [33.52708212802758, 17.724328434997982], [33.52736506573132, 17.724327675369967], [33.5273634800626, 17.723785364761383], [33.52792935372642, 17.723783844332015], [33.52793014740435, 17.72405499961531], [33.527647210154186, 17.724055760046173], [33.52764800342093, 17.724326915334334], [33.52793094109641, 17.724326154891084], [33.527931734802614, 17.72459731015935], [33.5270829204578, 17.724599590303374], [33.52708371290213, 17.724870745601255], [33.52680077433362, 17.72487150484638]]]}, "properties": {"zone_id": "scene_03-Z0262", "scene": "scene_03", "pixel_count": 10, "approx_area_m2": 9000.0, "centroid_x": 555906.0, "centroid_y": 1959765.0, "centroid_lon": 33.52728018442168, "centroid_lat": 17.724327903301166, "mean_risk": 1.8442680835723877, "max_risk": 1.9069703817367554, "median_risk": 1.8362348079681396, "high_priority_pixel_pct": 100.0, "priority_category": "HIGH PRIORITY", "threshold_type": "95th percentile prioritisation threshold", "recommendation": "Spectral-stress evidence detected. Prioritise field inspection to determine the underlying cause. Field verification required.", "priority_rank": 387}}, {"type": "Feature", "geometry": {"type": "Polygon", "coordinates": [[[33.496806219911704, 17.723865046767667], [33.49680397931285, 17.723051576905934], [33.49708691635748, 17.723050860951645], [33.49708467460252, 17.722237391057316], [33.497367610357976, 17.72223667473043], [33.4973661150707, 17.721694361453338], [33.497649049962305, 17.72169364474222], [33.49764979802455, 17.72196480137285], [33.4982156686183, 17.72196336670458], [33.49821941338229, 17.72331914962828], [33.49850235078558, 17.72331843162434], [33.49850310020371, 17.72358958817486], [33.49737134880928, 17.72359245779177], [33.4973720965395, 17.723863614381514], [33.496806219911704, 17.723865046767667]], [[33.49737060109238, 17.723321301194517], [33.49765353853567, 17.72332058441337], [33.497652790406796, 17.723049427820285], [33.4973698533888, 17.723050144589763], [33.49737060109238, 17.723321301194517]]]}, "properties": {"zone_id": "scene_03-Z0263", "scene": "scene_03", "pixel_count": 31, "approx_area_m2": 27900.0, "centroid_x": 552749.0322580645, "centroid_y": 1959609.677419355, "centroid_lon": 33.497502062207886, "centroid_lat": 17.723001700947663, "mean_risk": 1.8786475658416748, "max_risk": 2.208505153656006, "median_risk": 1.8430416584014893, "high_priority_pixel_pct": 100.0, "priority_category": "HIGH PRIORITY", "threshold_type": "95th percentile prioritisation threshold", "recommendation": "Spectral-stress evidence detected. Prioritise field inspection to determine the underlying cause. Field verification required.", "priority_rank": 364}}, {"type": "Feature", "geometry": {"type": "Polygon", "coordinates": [[[33.49878828762944, 17.724402339323042], [33.49878678787576, 17.72386002628294], [33.4993526643168, 17.723858588190225], [33.499351913609374, 17.723587431682326], [33.49963485138453, 17.72358671203627], [33.499633349159176, 17.723044399021383], [33.499350412234634, 17.723045118644002], [33.499346659031815, 17.721689335916793], [33.49962959382997, 17.721688616352765], [33.49962809179195, 17.721146303232768], [33.49991102572622, 17.72114558328463], [33.499910274302046, 17.720874426725096], [33.50047614127995, 17.72087298562966], [33.500477645842665, 17.72141529869429], [33.50019471150992, 17.721416019469252], [33.500196215275736, 17.72195833252733], [33.50047915045899, 17.721957611728886], [33.500485169460454, 17.72412686356694], [33.50020223087483, 17.724127584459286], [33.500201478878054, 17.723856427994072], [33.49963560251727, 17.723857868532452], [33.4996363536634, 17.72412902502112], [33.49907047639845, 17.724130463952484], [33.4990712267073, 17.724401620457083], [33.49878828762944, 17.724402339323042]]]}, "properties": {"zone_id": "scene_03-Z0264", "scene": "scene_03", "pixel_count": 41, "approx_area_m2": 36900.0, "centroid_x": 553001.7073170731, "centroid_y": 1959573.6585365853, "centroid_lon": 33.49988419645926, "centroid_lat": 17.722670091141296, "mean_risk": 1.8633688688278198, "max_risk": 2.029665470123291, "median_risk": 1.8559571504592896, "high_priority_pixel_pct": 100.0, "priority_category": "HIGH PRIORITY", "threshold_type": "95th percentile prioritisation threshold", "recommendation": "Spectral-stress evidence detected. Prioritise field inspection to determine the underlying cause. Field verification required.", "priority_rank": 378}}, {"type": "Feature", "geometry": {"type": "Polygon", "coordinates": [[[33.53019364489598, 17.724048901494456], [33.53019205074933, 17.723506591118955], [33.52990911446311, 17.72350735478582], [33.52990592804134, 17.722422733894927], [33.530471797197286, 17.722421206253113], [33.53046940497841, 17.7216077405807], [33.530752338259305, 17.72160697618578], [33.53075154045617, 17.721335820959066], [33.53131740612482, 17.7213342909715], [33.531316607485444, 17.721063135762193], [33.53216540460597, 17.721060837761712], [33.53216700445041, 17.721603148097962], [33.531884071240654, 17.721603914530622], [33.53188646983842, 17.722417380016115], [33.53160353533865, 17.722418146078645], [33.53160433447445, 17.722689301237928], [33.53132139953517, 17.72269006690537], [33.53132219825993, 17.722961222069607], [33.53103926288114, 17.722961987341925], [33.531040859522754, 17.723504297672783], [33.53047498702135, 17.723505827044495], [33.53047658201862, 17.724048137395116], [33.53019364489598, 17.724048901494456]]]}, "properties": {"zone_id": "scene_03-Z0265", "scene": "scene_03", "pixel_count": 44, "approx_area_m2": 39600.0, "centroid_x": 556296.8181818182, "centroid_y": 1959548.8636363635, "centroid_lon": 33.530960339071555, "centroid_lat": 17.72236442205209, "mean_risk": 1.924737811088562, "max_risk": 2.1984238624572754, "median_risk": 1.9173424243927002, "high_priority_pixel_pct": 100.0, "priority_category": "HIGH PRIORITY", "threshold_type": "95th percentile prioritisation threshold", "recommendation": "Spectral-stress evidence detected. Prioritise field inspection to determine the underlying cause. Field verification required.", "priority_rank": 321}}, {"type": "Feature", "geometry": {"type": "Polygon", "coordinates": [[[33.71182853144349, 17.72157646308558], [33.71182639151303, 17.7210341713113], [33.71239223672588, 17.721032119677602], [33.71239330753193, 17.7213032655351], [33.71211038450986, 17.7213042915724], [33.7121114549098, 17.72157543743907], [33.71182853144349, 17.72157646308558]]]}, "properties": {"zone_id": "scene_03-Z0266", "scene": "scene_03", "pixel_count": 17, "approx_area_m2": 15300.0, "centroid_x": 575546.4705882353, "centroid_y": 1959550.5882352942, "centroid_lon": 33.71250346846879, "centroid_lat": 17.72180529041146, "mean_risk": 2.8316619396209717, "max_risk": 3.7273662090301514, "median_risk": 2.9034838676452637, "high_priority_pixel_pct": 100.0, "priority_category": "HIGH PRIORITY", "threshold_type": "95th percentile prioritisation threshold", "recommendation": "Spectral-stress evidence detected. Prioritise field inspection to determine the underlying cause. Field verification required.", "priority_rank": 18}}, {"type": "Feature", "geometry": {"type": "Polygon", "coordinates": [[[33.51122837203848, 17.721116451173348], [33.5112276036048, 17.72084529508825], [33.51151053655873, 17.720844558442835], [33.51151130541764, 17.72111571451594], [33.51122837203848, 17.721116451173348]]]}, "properties": {"zone_id": "scene_03-Z0267", "scene": "scene_03", "pixel_count": 10, "approx_area_m2": 9000.0, "centroid_x": 554331.0, "centroid_y": 1959432.0, "centroid_lon": 33.51241738534831, "centroid_lat": 17.721357394898348, "mean_risk": 1.9863065481185913, "max_risk": 2.4032175540924072, "median_risk": 1.9124755859375, "high_priority_pixel_pct": 100.0, "priority_category": "HIGH PRIORITY", "threshold_type": "95th percentile prioritisation threshold", "recommendation": "Spectral-stress evidence detected. Prioritise field inspection to determine the underlying cause. Field verification required.", "priority_rank": 260}}, {"type": "Feature", "geometry": {"type": "Polygon", "coordinates": [[[33.72767112219529, 17.721247254404755], [33.727668934683955, 17.72070496450649], [33.72738601355322, 17.720706012513816], [33.72737398831037, 17.717723417346413], [33.727939821199776, 17.717721321299827], [33.72794091515644, 17.717992466318613], [33.728223831996985, 17.717991417667147], [33.72822492639823, 17.71826256266131], [33.72794200913259, 17.718263611329853], [33.727945291178024, 17.719077046318333], [33.728228209718964, 17.719075997598548], [33.72822930419821, 17.71934714256254], [33.72794638523216, 17.719348191299407], [33.727949667511496, 17.7201616261974], [33.72823258775294, 17.720160577409295], [33.72823587148319, 17.72097401218817], [33.72795294996629, 17.720975061027513], [33.72795404415687, 17.721246205955804], [33.72767112219529, 17.721247254404755]]]}, "properties": {"zone_id": "scene_03-Z0268", "scene": "scene_03", "pixel_count": 29, "approx_area_m2": 26100.0, "centroid_x": 577163.7931034482, "centroid_y": 1959294.8275862068, "centroid_lon": 33.72774674908171, "centroid_lat": 17.719437755760268, "mean_risk": 2.2836430072784424, "max_risk": 2.822331190109253, "median_risk": 2.3128058910369873, "high_priority_pixel_pct": 100.0, "priority_category": "HIGH PRIORITY", "threshold_type": "95th percentile prioritisation threshold", "recommendation": "Spectral-stress evidence detected. Prioritise field inspection to determine the underlying cause. Field verification required.", "priority_rank": 91}}, {"type": "Feature", "geometry": {"type": "Polygon", "coordinates": [[[33.728802809924595, 17.72124305816407], [33.728799523584875, 17.720429623510366], [33.72851660295729, 17.72043067313048], [33.72851003335555, 17.71880380351688], [33.72879295143236, 17.71880275399933], [33.7287951420718, 17.719345043866504], [33.72907806097933, 17.719343993907337], [33.72908573180815, 17.721242008085202], [33.728802809924595, 17.72124305816407]]]}, "properties": {"zone_id": "scene_03-Z0269", "scene": "scene_03", "pixel_count": 13, "approx_area_m2": 11700.0, "centroid_x": 577276.1538461539, "centroid_y": 1959355.3846153845, "centroid_lon": 33.72880859349504, "centroid_lat": 17.719981151179805, "mean_risk": 2.189589500427246, "max_risk": 2.5863280296325684, "median_risk": 2.166447639465332, "high_priority_pixel_pct": 100.0, "priority_category": "HIGH PRIORITY", "threshold_type": "95th percentile prioritisation threshold", "recommendation": "Spectral-stress evidence detected. Prioritise field inspection to determine the underlying cause. Field verification required.", "priority_rank": 117}}, {"type": "Feature", "geometry": {"type": "Polygon", "coordinates": [[[33.50981447125861, 17.721391284484728], [33.509812938629956, 17.720848972202262], [33.509530005594, 17.720849706402465], [33.50952770802909, 17.720036237886575], [33.509244776255144, 17.72003697164339], [33.509243245463836, 17.71949465923802], [33.50952617638737, 17.71949392550511], [33.50952541058698, 17.719222769303116], [33.50980834107168, 17.719222035174663], [33.50980604247685, 17.718408566559496], [33.510088971672374, 17.718407832059437], [33.51008283928577, 17.716238582184353], [33.509799913491314, 17.71623931658871], [33.50979608331903, 17.714883535112975], [33.51064485428514, 17.714881330857192], [33.510647156173256, 17.715694799657424], [33.51036423125632, 17.71569553485267], [33.510367298931484, 17.716780159862452], [33.51065022554884, 17.716779424619304], [33.51065636495636, 17.718948674182688], [33.510939294961226, 17.718947938436234], [33.51094159874025, 17.719761406862663], [33.51065866745982, 17.71976214264507], [33.51065943498833, 17.72003329878418], [33.51037650326901, 17.720034034171054], [33.51037957181888, 17.721118658700313], [33.510096638384994, 17.721119393727555], [33.51009740513139, 17.721390549853066], [33.50981447125861, 17.721391284484728]], [[33.51008973828217, 17.718678988260034], [33.5103726678892, 17.71867825334053], [33.51037190085424, 17.718407097151896], [33.510088971672374, 17.718407832059437], [33.51008973828217, 17.718678988260034]]]}, "properties": {"zone_id": "scene_03-Z0270", "scene": "scene_03", "pixel_count": 64, "approx_area_m2": 57600.0, "centroid_x": 554093.90625, "centroid_y": 1959102.65625, "centroid_lon": 33.510172906373995, "centroid_lat": 17.718386429848078, "mean_risk": 1.9848268032073975, "max_risk": 2.4600729942321777, "median_risk": 1.9631385803222656, "high_priority_pixel_pct": 100.0, "priority_category": "HIGH PRIORITY", "threshold_type": "95th percentile prioritisation threshold", "recommendation": "Spectral-stress evidence detected. Prioritise field inspection to determine the underlying cause. Field verification required.", "priority_rank": 262}}, {"type": "Feature", "geometry": {"type": "Polygon", "coordinates": [[[33.734456828117665, 17.720137400985177], [33.73445572422689, 17.71986625642125], [33.73304112710265, 17.719871541021046], [33.733040025357184, 17.71960039636351], [33.73275710629855, 17.719601452043943], [33.73275490371675, 17.719059162671858], [33.73303782192515, 17.719058107025813], [33.73303561857163, 17.71851581765795], [33.732752701213435, 17.718516873269607], [33.732750498788604, 17.717974583837194], [33.73331633178501, 17.71797247227525], [33.733315229751874, 17.71770132758212], [33.733598145795554, 17.717700271207253], [33.73359924825377, 17.71797141588318], [33.733882164702884, 17.71797035908371], [33.73388326760582, 17.718241503734877], [33.73360035073163, 17.71824256055156], [33.73360255574627, 17.718784849865692], [33.734451308860464, 17.71878167809011], [33.73445020506802, 17.718510533488477], [33.73558187391119, 17.71850629881948], [33.73558076843805, 17.71823515427927], [33.73529785168188, 17.718236213540386], [33.73529674665352, 17.717965068975385], [33.73501383030274, 17.71796612781184], [33.73501051661101, 17.717152694019838], [33.73557634674248, 17.717150576043004], [33.73557745213682, 17.717421720613387], [33.73586036759808, 17.71742066099664], [33.73586147343719, 17.71769180554222], [33.7361443893038, 17.717690745500832], [33.736136645868484, 17.715792733644275], [33.7369853844241, 17.715789551438608], [33.73698649184507, 17.716060695960334], [33.73755231830021, 17.716058572418575], [33.73755453490149, 17.71660086137022], [33.737837448949506, 17.716599798953705], [33.73785075531719, 17.71985353182236], [33.73756783616815, 17.719854594446545], [33.737568944735415, 17.720125738820542], [33.734456828117665, 17.720137400985177]]]}, "properties": {"zone_id": "scene_03-Z0271", "scene": "scene_03", "pixel_count": 172, "approx_area_m2": 154800.0, "centroid_x": 578025.0, "centroid_y": 1959190.988372093, "centroid_lon": 33.73586464318986, "centroid_lat": 17.7184689814363, "mean_risk": 2.342026710510254, "max_risk": 2.981626272201538, "median_risk": 2.3225951194763184, "high_priority_pixel_pct": 100.0, "priority_category": "HIGH PRIORITY", "threshold_type": "95th percentile prioritisation threshold", "recommendation": "Spectral-stress evidence detected. Prioritise field inspection to determine the underlying cause. Field verification required.", "priority_rank": 76}}, {"type": "Feature", "geometry": {"type": "Polygon", "coordinates": [[[33.503300936484855, 17.71923881703262], [33.503299423632946, 17.718696504083354], [33.50443114328309, 17.718693601078805], [33.50442886900436, 17.717880131740454], [33.504711797607655, 17.71787940500612], [33.504714831706984, 17.71896403072822], [33.50414897108555, 17.718965483884105], [33.5041497287938, 17.719236640319522], [33.503300936484855, 17.71923881703262]]]}, "properties": {"zone_id": "scene_03-Z0272", "scene": "scene_03", "pixel_count": 11, "approx_area_m2": 9900.0, "centroid_x": 553448.1818181818, "centroid_y": 1959141.8181818181, "centroid_lon": 33.50408408332087, "centroid_lat": 17.71875611893227, "mean_risk": 1.9368865489959717, "max_risk": 2.1265127658843994, "median_risk": 1.9204968214035034, "high_priority_pixel_pct": 100.0, "priority_category": "HIGH PRIORITY", "threshold_type": "95th percentile prioritisation threshold", "recommendation": "Spectral-stress evidence detected. Prioritise field inspection to determine the underlying cause. Field verification required.", "priority_rank": 307}}, {"type": "Feature", "geometry": {"type": "Polygon", "coordinates": [[[33.5610185264488, 17.719082446153923], [33.56101768328037, 17.718811292229898], [33.560734755815304, 17.718812100100422], [33.560733070373814, 17.718269792203508], [33.56186477674267, 17.718266558381924], [33.56186393234388, 17.717995404474866], [33.562146858473355, 17.717994595014005], [33.562147703297285, 17.71826574890788], [33.56243062983685, 17.718264939026376], [33.562432320380175, 17.718807246765195], [33.56214939299031, 17.71880805667308], [33.5621502378594, 17.719079210544404], [33.56186731002931, 17.719080020058], [33.56186646558538, 17.718808866173497], [33.561583538165415, 17.71880967526644], [33.56158269416169, 17.71853852136123], [33.56129976715184, 17.718539330033526], [33.561301454324, 17.71908163786276], [33.5610185264488, 17.719082446153923]]]}, "properties": {"zone_id": "scene_03-Z0273", "scene": "scene_03", "pixel_count": 14, "approx_area_m2": 12600.0, "centroid_x": 559549.2857142857, "centroid_y": 1959137.142857143, "centroid_lon": 33.561623172594544, "centroid_lat": 17.718557773939555, "mean_risk": 2.4471309185028076, "max_risk": 3.1592202186584473, "median_risk": 2.48917555809021, "high_priority_pixel_pct": 100.0, "priority_category": "HIGH PRIORITY", "threshold_type": "95th percentile prioritisation threshold", "recommendation": "Spectral-stress evidence detected. Prioritise field inspection to determine the underlying cause. Field verification required.", "priority_rank": 53}}, {"type": "Feature", "geometry": {"type": "Polygon", "coordinates": [[[33.74180493207716, 17.718211747461577], [33.741802702486574, 17.717669459120994], [33.74151978701563, 17.717670527310194], [33.7415186726752, 17.717399383111193], [33.74123575760947, 17.717400450875605], [33.74123241598246, 17.716587018181166], [33.74094950217203, 17.716588085486045], [33.740945048647305, 17.715503508384995], [33.74151087284814, 17.71550137350699], [33.741511987049584, 17.715772517758783], [33.74179489954523, 17.715771449691374], [33.74179712885773, 17.716313738137554], [33.74208004218357, 17.716312669628003], [33.74208115729464, 17.716583813822368], [33.74236407102564, 17.716582744888044], [33.74236630215749, 17.717125033219332], [33.7426492167187, 17.71712396384281], [33.74265368092122, 17.7182085403452], [33.74180493207716, 17.718211747461577]]]}, "properties": {"zone_id": "scene_03-Z0274", "scene": "scene_03", "pixel_count": 35, "approx_area_m2": 31500.0, "centroid_x": 578653.7142857143, "centroid_y": 1959022.2857142857, "centroid_lon": 33.74178750406885, "centroid_lat": 17.716921921645, "mean_risk": 2.2117254734039307, "max_risk": 2.902193546295166, "median_risk": 2.125638008117676, "high_priority_pixel_pct": 100.0, "priority_category": "HIGH PRIORITY", "threshold_type": "95th percentile prioritisation threshold", "recommendation": "Spectral-stress evidence detected. Prioritise field inspection to determine the underlying cause. Field verification required.", "priority_rank": 110}}, {"type": "Feature", "geometry": {"type": "Polygon", "coordinates": [[[33.500750795935005, 17.71788954220758], [33.50074929087046, 17.717347228971242], [33.50103221879848, 17.717346507557448], [33.501030712937315, 17.71680419431459], [33.50131364000166, 17.71680347251686], [33.50131213334394, 17.716261159267496], [33.50159505954463, 17.716260437085854], [33.50159732082671, 17.71707390691335], [33.50131439335066, 17.717074629130284], [33.50131514671308, 17.7173457857362], [33.501598074614265, 17.7173450635075], [33.501598828415254, 17.717616220094143], [33.50131590008893, 17.71761694233461], [33.501316653478206, 17.717888098925506], [33.500750795935005, 17.71788954220758]]]}, "properties": {"zone_id": "scene_03-Z0275", "scene": "scene_03", "pixel_count": 10, "approx_area_m2": 9000.0, "centroid_x": 553146.0, "centroid_y": 1958970.0, "centroid_lon": 33.501229891720996, "centroid_lat": 17.717210424021577, "mean_risk": 2.050873041152954, "max_risk": 2.434011697769165, "median_risk": 2.0321877002716064, "high_priority_pixel_pct": 100.0, "priority_category": "HIGH PRIORITY", "threshold_type": "95th percentile prioritisation threshold", "recommendation": "Spectral-stress evidence detected. Prioritise field inspection to determine the underlying cause. Field verification required.", "priority_rank": 205}}, {"type": "Feature", "geometry": {"type": "Polygon", "coordinates": [[[33.56016469160045, 17.71745794468892], [33.560161324478706, 17.71637332860956], [33.560444248147654, 17.716372521672287], [33.56044509033068, 17.716643675690253], [33.56072801440971, 17.716642868332414], [33.560728857032856, 17.71691402232972], [33.56101178152198, 17.7169132145513], [33.56101262458525, 17.717184368527928], [33.56129554948446, 17.717183560328923], [33.56129639298788, 17.71745471428487], [33.56016469160045, 17.71745794468892]]]}, "properties": {"zone_id": "scene_03-Z0276", "scene": "scene_03", "pixel_count": 10, "approx_area_m2": 9000.0, "centroid_x": 559440.0, "centroid_y": 1958970.0, "centroid_lon": 33.56058781599359, "centroid_lat": 17.71705000306526, "mean_risk": 2.629411220550537, "max_risk": 2.9865357875823975, "median_risk": 2.7406625747680664, "high_priority_pixel_pct": 100.0, "priority_category": "HIGH PRIORITY", "threshold_type": "95th percentile prioritisation threshold", "recommendation": "Spectral-stress evidence detected. Prioritise field inspection to determine the underlying cause. Field verification required.", "priority_rank": 29}}, {"type": "Feature", "geometry": {"type": "Polygon", "coordinates": [[[33.511774241849466, 17.71406491742216], [33.51177347292164, 17.713793761165853], [33.51233931665406, 17.71379228646204], [33.51234008643196, 17.714063442694325], [33.511774241849466, 17.71406491742216]]]}, "properties": {"zone_id": "scene_03-Z0277", "scene": "scene_03", "pixel_count": 19, "approx_area_m2": 17100.0, "centroid_x": 554324.2105263158, "centroid_y": 1958761.5789473683, "centroid_lon": 33.51233614574652, "centroid_lat": 17.71529793644169, "mean_risk": 1.877724289894104, "max_risk": 2.0030946731567383, "median_risk": 1.8724225759506226, "high_priority_pixel_pct": 100.0, "priority_category": "HIGH PRIORITY", "threshold_type": "95th percentile prioritisation threshold", "recommendation": "Spectral-stress evidence detected. Prioritise field inspection to determine the underlying cause. Field verification required.", "priority_rank": 367}}, {"type": "Feature", "geometry": {"type": "Polygon", "coordinates": [[[33.49904872325573, 17.716266922053336], [33.49904647357211, 17.71545345184137], [33.4993293986047, 17.71545273295426], [33.4993286483118, 17.715181576213634], [33.4998944974867, 17.715180137240644], [33.499895999786204, 17.715722450667503], [33.499613074355274, 17.71572317038114], [33.49961457585812, 17.716265483801426], [33.49904872325573, 17.716266922053336]]]}, "properties": {"zone_id": "scene_03-Z0278", "scene": "scene_03", "pixel_count": 9, "approx_area_m2": 8100.0, "centroid_x": 552956.6666666666, "centroid_y": 1958803.3333333333, "centroid_lon": 33.499440133781015, "centroid_lat": 17.71570854574308, "mean_risk": 2.2331013679504395, "max_risk": 2.5271072387695312, "median_risk": 2.2361130714416504, "high_priority_pixel_pct": 100.0, "priority_category": "HIGH PRIORITY", "threshold_type": "95th percentile prioritisation threshold", "recommendation": "Spectral-stress evidence detected. Prioritise field inspection to determine the underlying cause. Field verification required.", "priority_rank": 104}}, {"type": "Feature", "geometry": {"type": "Polygon", "coordinates": [[[33.59580869081418, 17.71599729383754], [33.595807795526774, 17.715726141499868], [33.59552487464259, 17.715726999335057], [33.59552308496576, 17.715184694609214], [33.59580600499984, 17.71518383680197], [33.59580510976029, 17.714912684441746], [33.59608802935336, 17.71491182624111], [33.59608892501795, 17.715182978587357], [33.59637184502011, 17.715182119965373], [33.59637453338481, 17.71599557691703], [33.59580869081418, 17.71599729383754]]]}, "properties": {"zone_id": "scene_03-Z0279", "scene": "scene_03", "pixel_count": 9, "approx_area_m2": 8100.0, "centroid_x": 563193.3333333334, "centroid_y": 1958810.0, "centroid_lon": 33.5959799453377, "centroid_lat": 17.715499656786687, "mean_risk": 1.914665699005127, "max_risk": 2.1346347332000732, "median_risk": 1.874330997467041, "high_priority_pixel_pct": 100.0, "priority_category": "HIGH PRIORITY", "threshold_type": "95th percentile prioritisation threshold", "recommendation": "Spectral-stress evidence detected. Prioritise field inspection to determine the underlying cause. Field verification required.", "priority_rank": 325}}, {"type": "Feature", "geometry": {"type": "Polygon", "coordinates": [[[33.526773853602144, 17.715652220084184], [33.52677306206279, 17.71538106451857], [33.52733890942119, 17.715379546486265], [33.5273381170458, 17.715108390937868], [33.52762104027875, 17.71510763132299], [33.527620247492415, 17.714836475779464], [33.52846901583129, 17.71483419452765], [33.52846822178392, 17.714563039013782], [33.528751144110196, 17.714562277794148], [33.52875034965193, 17.714291122285164], [33.529033271539, 17.714290360670564], [33.52903724609723, 17.715646138078334], [33.52847139805831, 17.71564766102422], [33.52847060396848, 17.715376505532877], [33.52762183307921, 17.715378786859006], [33.527622625893805, 17.715649942387518], [33.526773853602144, 17.715652220084184]]]}, "properties": {"zone_id": "scene_03-Z0280", "scene": "scene_03", "pixel_count": 19, "approx_area_m2": 17100.0, "centroid_x": 556008.947368421, "centroid_y": 1958748.9473684211, "centroid_lon": 33.52822421787293, "centroid_lat": 17.715141689141163, "mean_risk": 2.196711540222168, "max_risk": 2.537421941757202, "median_risk": 2.179839849472046, "high_priority_pixel_pct": 100.0, "priority_category": "HIGH PRIORITY", "threshold_type": "95th percentile prioritisation threshold", "recommendation": "Spectral-stress evidence detected. Prioritise field inspection to determine the underlying cause. Field verification required.", "priority_rank": 116}}, {"type": "Feature", "geometry": {"type": "Polygon", "coordinates": [[[33.59184601237925, 17.715466961579992], [33.591845123074506, 17.71519580903225], [33.591562202817876, 17.71519666113624], [33.59156131395403, 17.714925508567102], [33.590995474243364, 17.714927211525218], [33.59099369826333, 17.714384906308908], [33.59071077923433, 17.714385757149188], [33.59070722916422, 17.713301146570913], [33.59042431181945, 17.71330199694842], [33.59041987671258, 17.711946233487176], [33.59070279193246, 17.711945383178936], [33.59070190453355, 17.71167423047799], [33.59098481931265, 17.711673379776315], [33.59098393150461, 17.711402227081713], [33.591549760165435, 17.711400524484237], [33.591547982897076, 17.710858219127967], [33.592113809794796, 17.7108565149569], [33.592114699270915, 17.71112766761102], [33.59239761312094, 17.711126814900688], [33.59239850303785, 17.711397967533404], [33.59296433154017, 17.711396260863104], [33.592966113121406, 17.71193856605037], [33.593249028198656, 17.711937712076466], [33.5932517019645, 17.712751169759247], [33.59353461830078, 17.712750315336294], [33.593540860618745, 17.714648382902226], [33.59325794130741, 17.71464923742263], [33.593258832705644, 17.714920389915903], [33.59297591295338, 17.71492124404286], [33.59297680394246, 17.71519239654253], [33.59241096354021, 17.715194103602137], [33.592411853695054, 17.715465256122098], [33.59184601237925, 17.715466961579992]]]}, "properties": {"zone_id": "scene_03-Z0281", "scene": "scene_03", "pixel_count": 136, "approx_area_m2": 122400.0, "centroid_x": 562774.1911764706, "centroid_y": 1958555.294117647, "centroid_lon": 33.592019594460986, "centroid_lat": 17.713209469900146, "mean_risk": 2.079829692840576, "max_risk": 2.53362774848938, "median_risk": 2.0472776889801025, "high_priority_pixel_pct": 100.0, "priority_category": "HIGH PRIORITY", "threshold_type": "95th percentile prioritisation threshold", "recommendation": "Spectral-stress evidence detected. Prioritise field inspection to determine the underlying cause. Field verification required.", "priority_rank": 174}}, {"type": "Feature", "geometry": {"type": "Polygon", "coordinates": [[[33.73698206227957, 17.714976117828186], [33.73698095493753, 17.714704973276294], [33.73669804380539, 17.714706034349728], [33.73669693690806, 17.714434889773006], [33.73641402618118, 17.714435950421837], [33.73640517511226, 17.71226679339842], [33.73668808243954, 17.712265732887815], [33.73668697571974, 17.711994588243236], [33.73696988260239, 17.711993527342656], [33.73696766837213, 17.711451238065447], [33.7366847623393, 17.711452298931455], [33.73668144241657, 17.71063886490723], [33.737247251913196, 17.71063674287171], [33.73724946687482, 17.71117903215957], [33.7375323724433, 17.711177970496387], [33.7375412364787, 17.713347127207875], [33.73782414542677, 17.713346064999026], [33.73782857961826, 17.71443064310457], [33.73754566897032, 17.71443170538265], [33.73754788533463, 17.714973994424792], [33.73698206227957, 17.714976117828186]]]}, "properties": {"zone_id": "scene_03-Z0282", "scene": "scene_03", "pixel_count": 57, "approx_area_m2": 51300.0, "centroid_x": 578154.2105263158, "centroid_y": 1958585.2631578948, "centroid_lon": 33.737060809793626, "centroid_lat": 17.71298977691767, "mean_risk": 2.357919692993164, "max_risk": 2.985177755355835, "median_risk": 2.3269267082214355, "high_priority_pixel_pct": 100.0, "priority_category": "HIGH PRIORITY", "threshold_type": "95th percentile prioritisation threshold", "recommendation": "Spectral-stress evidence detected. Prioritise field inspection to determine the underlying cause. Field verification required.", "priority_rank": 72}}, {"type": "Feature", "geometry": {"type": "Polygon", "coordinates": [[[33.50102619567581, 17.715177254405877], [33.501025442845844, 17.71490609772815], [33.50074251874375, 17.71490681903619], [33.50074176635227, 17.714635662339216], [33.50130761369292, 17.71463421933925], [33.50130686046473, 17.714363062658272], [33.50158978368987, 17.714362340558974], [33.50158903005006, 17.714091183882257], [33.50102318443646, 17.714092627649947], [33.50102167889728, 17.713550314226953], [33.50158752281073, 17.713548870506305], [33.50158450849324, 17.712464243664332], [33.50186742872976, 17.712463521240046], [33.50186667475896, 17.71219236452257], [33.50243251434169, 17.712190918475567], [33.50243175953435, 17.711919761774134], [33.50271467888056, 17.711919038151443], [33.50271618935866, 17.712461351523213], [33.50243326916248, 17.712462075169494], [33.50243402399671, 17.71273323185591], [33.502151103362074, 17.712733955106643], [33.50215261222088, 17.713276268480534], [33.50243553370556, 17.713275545206237], [33.50243628858015, 17.71354670187014], [33.50187044474731, 17.713548148034942], [33.50187346097988, 17.71463277470974], [33.50159053734311, 17.71463349722819], [33.50159129100979, 17.7149046538899], [33.50130836693453, 17.714905376012723], [33.50130912018956, 17.71517653267869], [33.50102619567581, 17.715177254405877]]]}, "properties": {"zone_id": "scene_03-Z0283", "scene": "scene_03", "pixel_count": 27, "approx_area_m2": 24300.0, "centroid_x": 553202.2222222222, "centroid_y": 1958560.0, "centroid_lon": 33.50174981531963, "centroid_lat": 17.713503263022467, "mean_risk": 2.147728204727173, "max_risk": 2.6878061294555664, "median_risk": 2.1254208087921143, "high_priority_pixel_pct": 100.0, "priority_category": "HIGH PRIORITY", "threshold_type": "95th percentile prioritisation threshold", "recommendation": "Spectral-stress evidence detected. Prioritise field inspection to determine the underlying cause. Field verification required.", "priority_rank": 134}}, {"type": "Feature", "geometry": {"type": "Polygon", "coordinates": [[[33.51545532860445, 17.715139926888003], [33.51545377960121, 17.71459761474122], [33.516019625526134, 17.714596129373422], [33.51601885019511, 17.71432497331297], [33.51630177271179, 17.714324230030105], [33.51630099696954, 17.714053073974252], [33.516583919047356, 17.714052330296127], [33.51658547139578, 17.7145946423761], [33.51686839430986, 17.71459389826637], [33.51686917092988, 17.714865054282967], [33.51630332423777, 17.71486654211929], [33.51630410002149, 17.715137698152617], [33.51545532860445, 17.715139926888003]]]}, "properties": {"zone_id": "scene_03-Z0284", "scene": "scene_03", "pixel_count": 11, "approx_area_m2": 9900.0, "centroid_x": 554727.2727272727, "centroid_y": 1958697.2727272727, "centroid_lon": 33.51613568398723, "centroid_lat": 17.714706752822533, "mean_risk": 1.8661688566207886, "max_risk": 1.9777791500091553, "median_risk": 1.8738304376602173, "high_priority_pixel_pct": 100.0, "priority_category": "HIGH PRIORITY", "threshold_type": "95th percentile prioritisation threshold", "recommendation": "Spectral-stress evidence detected. Prioritise field inspection to determine the underlying cause. Field verification required.", "priority_rank": 374}}, {"type": "Feature", "geometry": {"type": "Polygon", "coordinates": [[[33.49621573129178, 17.714918304559447], [33.49621051243778, 17.713020206213233], [33.496776355105325, 17.713018776389386], [33.49677784784013, 17.71356109019353], [33.49649492566296, 17.713561805332425], [33.496498655607496, 17.71491758976969], [33.49621573129178, 17.714918304559447]]]}, "properties": {"zone_id": "scene_03-Z0285", "scene": "scene_03", "pixel_count": 9, "approx_area_m2": 8100.0, "centroid_x": 552636.6666666666, "centroid_y": 1958593.3333333333, "centroid_lon": 33.496417040575054, "centroid_lat": 17.713818096543182, "mean_risk": 2.3483033180236816, "max_risk": 2.591038465499878, "median_risk": 2.374267816543579, "high_priority_pixel_pct": 100.0, "priority_category": "HIGH PRIORITY", "threshold_type": "95th percentile prioritisation threshold", "recommendation": "Spectral-stress evidence detected. Prioritise field inspection to determine the underlying cause. Field verification required.", "priority_rank": 75}}, {"type": "Feature", "geometry": {"type": "Polygon", "coordinates": [[[33.64022136173136, 17.714230658195458], [33.64021847602623, 17.713417207853116], [33.63993556113968, 17.713418129526737], [33.63993459969723, 17.713146979382557], [33.63965168521854, 17.713147900633853], [33.63965360727059, 17.7136902009447], [33.63852194578473, 17.713693881996694], [33.6385209864501, 17.713422731785066], [33.63823807146086, 17.713423651014775], [33.638236153692844, 17.712881350538986], [33.63767032536303, 17.71288318771659], [33.63766936735459, 17.712612037437474], [33.63795228110307, 17.71261111906729], [33.637951322686746, 17.71233996879562], [33.63823423599318, 17.712339050033105], [33.63823327716899, 17.712067899768872], [33.638516190033386, 17.712066980614036], [33.638514271586374, 17.71152468009296], [33.63823135957186, 17.711525599217843], [33.638230400798925, 17.711254448931044], [33.63794748919226, 17.711255367633687], [33.63794844754025, 17.711526517935454], [33.637099711342984, 17.71152927164465], [33.63709875426978, 17.711258121298016], [33.63738166592767, 17.71125720381717], [33.63738070844659, 17.710986053477967], [33.6376636196625, 17.710985135604812], [33.63766266177357, 17.710713985273035], [33.637945572547494, 17.710713067007582], [33.63794461425073, 17.710441916683244], [33.63822752458266, 17.710440998025515], [33.63822656587808, 17.710169847708624], [33.63850947576802, 17.710168928658618], [33.638508516655634, 17.709897778349173], [33.639074335534445, 17.70989593905742], [33.63907529549662, 17.710167089336892], [33.63935820533525, 17.710166169065168], [33.63935916573943, 17.710437319322118], [33.63964207598585, 17.710436398628158], [33.63964111515676, 17.710165248386208], [33.64048984451854, 17.710162483905894], [33.64049080662231, 17.710433634102802], [33.640773716800176, 17.71043271177986], [33.64077564190899, 17.710975012121033], [33.6404927308813, 17.710975934474032], [33.64049369303652, 17.711247084648367], [33.641059515924574, 17.711245239505047], [33.64106433120734, 17.71260099011354], [33.64078141764717, 17.71260191296401], [33.64078238033024, 17.712873063078174], [33.640499466327945, 17.71287398553637], [33.64050042860322, 17.71314513565803], [33.64134917183354, 17.713142367016417], [33.6413501354009, 17.713413517085453], [33.64106722058297, 17.713414440388345], [33.641068183742505, 17.713685590464898], [33.640502353205186, 17.713687435878796], [33.64050427787575, 17.714229736069452], [33.64022136173136, 17.714230658195458]], [[33.63936877072272, 17.713148821477834], [33.63965168521854, 17.713147900633853], [33.6396507242182, 17.712876750467142], [33.63936781014735, 17.71287767129612], [33.63936877072272, 17.713148821477834]], [[33.63879910288069, 17.71206606105192], [33.63908201571088, 17.712065141082515], [33.63908105562894, 17.711793990855714], [33.63879814322369, 17.71179491081013], [33.63879910288069, 17.71206606105192]]]}, "properties": {"zone_id": "scene_03-Z0286", "scene": "scene_03", "pixel_count": 129, "approx_area_m2": 116100.0, "centroid_x": 567802.7906976744, "centroid_y": 1958425.8139534884, "centroid_lon": 33.63943778377747, "centroid_lat": 17.71189057161084, "mean_risk": 2.5998597145080566, "max_risk": 4.140159606933594, "median_risk": 2.5133113861083984, "high_priority_pixel_pct": 100.0, "priority_category": "HIGH PRIORITY", "threshold_type": "95th percentile prioritisation threshold", "recommendation": "Spectral-stress evidence detected. Prioritise field inspection to determine the underlying cause. Field verification required.", "priority_rank": 31}}, {"type": "Feature", "geometry": {"type": "Polygon", "coordinates": [[[33.50951009744443, 17.713799643686592], [33.50950933193056, 17.713528487326936], [33.509226410359474, 17.713529220796953], [33.50922564528427, 17.713258064417843], [33.509508566430334, 17.713257330959784], [33.50950780094375, 17.712986174585122], [33.5092248802227, 17.712986908031233], [33.509223350140466, 17.712444595235496], [33.50950627001151, 17.712443861813284], [33.50950473913383, 17.71190154901141], [33.50922182011277, 17.711902282409724], [33.509221055119376, 17.711631125985587], [33.5112014850052, 17.711625983727533], [33.51120225297345, 17.711897140067887], [33.51148517189885, 17.71189640381836], [33.51148670872638, 17.712438716452564], [33.511203788951, 17.712439452726084], [33.51120302095538, 17.712168296400737], [33.510920101591296, 17.71216903225494], [33.510922404344214, 17.712982501244422], [33.51063948369145, 17.712983236727247], [33.510641018078424, 17.713525549373333], [33.51035809656195, 17.71352628447277], [33.510358863350916, 17.71379744079653], [33.50951009744443, 17.713799643686592]], [[33.510355029542744, 17.712441659102666], [33.51063794935917, 17.712440924051133], [33.510637182213536, 17.71216976770182], [33.510354262822105, 17.712170502741373], [33.510355029542744, 17.712441659102666]]]}, "properties": {"zone_id": "scene_03-Z0287", "scene": "scene_03", "pixel_count": 43, "approx_area_m2": 38700.0, "centroid_x": 554095.8139534884, "centroid_y": 1958460.6976744186, "centroid_lon": 33.510174493497935, "centroid_lat": 17.712584013123756, "mean_risk": 1.913451075553894, "max_risk": 2.1751697063446045, "median_risk": 1.9004422426223755, "high_priority_pixel_pct": 100.0, "priority_category": "HIGH PRIORITY", "threshold_type": "95th percentile prioritisation threshold", "recommendation": "Spectral-stress evidence detected. Prioritise field inspection to determine the underlying cause. Field verification required.", "priority_rank": 330}}, {"type": "Feature", "geometry": {"type": "Polygon", "coordinates": [[[33.52591954963045, 17.713756404737936], [33.52591875946491, 17.713485249082716], [33.52563583869761, 17.71348600617924], [33.525634259258815, 17.712943694821618], [33.52535133932747, 17.71294445148613], [33.52534976079497, 17.712402140073817], [33.5256326798763, 17.712401383433953], [33.52563189020616, 17.712130227728863], [33.525914808848434, 17.712129470694006], [33.52591243864754, 17.711316003570687], [33.526195356000805, 17.71131524616554], [33.52619456553705, 17.71104409045509], [33.52647748245128, 17.71104333265499], [33.52648301896834, 17.71294142238403], [33.52676593884334, 17.712940664090162], [33.52676752168226, 17.713482975349034], [33.526201680218115, 17.71348449157884], [33.526202470808684, 17.713755647221717], [33.52591954963045, 17.713756404737936]]]}, "properties": {"zone_id": "scene_03-Z0288", "scene": "scene_03", "pixel_count": 27, "approx_area_m2": 24300.0, "centroid_x": 555784.4444444445, "centroid_y": 1958462.2222222222, "centroid_lon": 33.5260994261432, "centroid_lat": 17.71255579893574, "mean_risk": 2.134537696838379, "max_risk": 2.376535415649414, "median_risk": 2.13700270652771, "high_priority_pixel_pct": 100.0, "priority_category": "HIGH PRIORITY", "threshold_type": "95th percentile prioritisation threshold", "recommendation": "Spectral-stress evidence detected. Prioritise field inspection to determine the underlying cause. Field verification required.", "priority_rank": 143}}, {"type": "Feature", "geometry": {"type": "Polygon", "coordinates": [[[33.57627755877924, 17.713072843115125], [33.57627669299154, 17.712801689746147], [33.57599377570017, 17.71280251932269], [33.575992910352895, 17.712531365932684], [33.57627582721928, 17.712530536369655], [33.57627409572104, 17.711988229594127], [33.57570826367273, 17.711989888258813], [33.57570739879669, 17.711718734832754], [33.57599031440359, 17.711717905717563], [33.57598771859309, 17.710904445434817], [33.576270632909726, 17.710903615952883], [33.57627149858941, 17.711174769374466], [33.57712024272155, 17.71117227844443], [33.57711937576704, 17.710901125063437], [33.57683646149671, 17.710901955767195], [33.57683472848392, 17.710359648955595], [33.57711764190439, 17.71035881827891], [33.57711677499624, 17.71008766487537], [33.577399687976346, 17.710086833804965], [33.57740055530941, 17.71035798719496], [33.57768346869898, 17.710357155703747], [33.57767999775986, 17.70927254215288], [33.57824582109333, 17.70927087805715], [33.57824495254744, 17.708999724677764], [33.578527863766084, 17.708998892032604], [33.57852873273686, 17.709270045398426], [33.57881164436488, 17.709269212332472], [33.578809036224406, 17.708455752253208], [33.57965776719159, 17.70845325073423], [33.57965689656783, 17.708182097400215], [33.57993980643434, 17.70818126275973], [33.57993806438368, 17.70763895609636], [33.58022097338496, 17.707638121075885], [33.58022010195808, 17.707366967746534], [33.579937193381646, 17.7073678027534], [33.579935451424156, 17.706825496044946], [33.581349989902634, 17.70682131707495], [33.581350862997745, 17.707092470364827], [33.582199587172596, 17.707089958055807], [33.582202210374845, 17.70790341775753], [33.58191930105762, 17.707904255642017], [33.58192279717938, 17.708988868527072], [33.581074064035874, 17.708991379901022], [33.58107493683062, 17.70926253314443], [33.5813578483189, 17.709261696413368], [33.58136134135304, 17.710346309257304], [33.58164425452537, 17.710345472064446], [33.58164600198568, 17.710887778414047], [33.58051434580357, 17.710891124850956], [33.58051521785733, 17.71116227806901], [33.58023230334799, 17.711163113673667], [33.58023404665225, 17.71170542011446], [33.580516962011494, 17.71170458448257], [33.58051870622783, 17.712246890866073], [33.580801622421454, 17.712246054799646], [33.58080249497791, 17.712517207966506], [33.58023666172516, 17.712518879719283], [33.580235790018655, 17.712247726525195], [33.57995287379394, 17.712248561777006], [33.579952002527946, 17.711977408561793], [33.579669086712684, 17.7119782433927], [33.579667345077176, 17.711435936912512], [33.579384430096304, 17.71143677130893], [33.57938530048134, 17.711707924566372], [33.579102385060004, 17.711708758569085], [33.5791032550356, 17.711979911832607], [33.57882033917379, 17.71198074544161], [33.57882120873992, 17.712251898711198], [33.57853829243764, 17.712252731926473], [33.578540030766426, 17.71279503847025], [33.57769127921682, 17.71279753575362], [33.577692147129476, 17.713068689054918], [33.57712631183573, 17.713070351900985], [33.57712457772584, 17.71252804523669], [33.576841660905764, 17.712528876021654], [33.576842527528, 17.712800029371103], [33.57655961026749, 17.712800859762282], [33.576560476480175, 17.71307201311774], [33.57627755877924, 17.713072843115125]], [[33.57712457772584, 17.71252804523669], [33.57740749453047, 17.7125272140444], [33.57740662707373, 17.712256060714527], [33.57712371069408, 17.712256891893265], [33.57712457772584, 17.71252804523669]], [[33.579665603503756, 17.71089363040227], [33.57994851761922, 17.710892795625778], [33.57994590410072, 17.710079335844863], [33.57966299126002, 17.710080170580554], [33.57966212054315, 17.709809017291622], [33.57937920811184, 17.709809851606465], [33.57938181903427, 17.710623311491517], [33.57966473274032, 17.710622477135885], [33.579665603503756, 17.71089363040227]], [[33.58050475423796, 17.707908438956437], [33.581070573012504, 17.707906766852272], [33.58106970029555, 17.707635613571295], [33.58135260923464, 17.70763477692205], [33.581350862997745, 17.707092470364827], [33.58106795490832, 17.70709330698681], [33.58106882759415, 17.70736446028281], [33.58050301051899, 17.70736613233248], [33.58050475423796, 17.707908438956437]]]}, "properties": {"zone_id": "scene_03-Z0289", "scene": "scene_03", "pixel_count": 237, "approx_area_m2": 213300.0, "centroid_x": 561418.6075949367, "centroid_y": 1958217.4683544303, "centroid_lon": 33.57922585260438, "centroid_lat": 17.710194155142165, "mean_risk": 2.157986879348755, "max_risk": 2.7581512928009033, "median_risk": 2.1244394779205322, "high_priority_pixel_pct": 100.0, "priority_category": "HIGH PRIORITY", "threshold_type": "95th percentile prioritisation threshold", "recommendation": "Spectral-stress evidence detected. Prioritise field inspection to determine the underlying cause. Field verification required.", "priority_rank": 129}}, {"type": "Feature", "geometry": {"type": "Polygon", "coordinates": [[[33.555905773871274, 17.712589223805484], [33.555903268441355, 17.711775760762436], [33.556186185108984, 17.711774960158117], [33.556185349570484, 17.711503805808455], [33.557034098209094, 17.711501401590887], [33.55703493502248, 17.71177255590138], [33.55760076822358, 17.711770951027045], [33.55759993056027, 17.711499796742704], [33.558165762851736, 17.71149819026534], [33.55816660136497, 17.711769344523507], [33.558449517913246, 17.71176854066079], [33.558451195834486, 17.712310849128386], [33.55731952615195, 17.712314062240164], [33.55732036343506, 17.71258521651505], [33.555905773871274, 17.712589223805484]]]}, "properties": {"zone_id": "scene_03-Z0290", "scene": "scene_03", "pixel_count": 28, "approx_area_m2": 25200.0, "centroid_x": 559068.2142857143, "centroid_y": 1958415.0, "centroid_lon": 33.55706608439074, "centroid_lat": 17.712043624268855, "mean_risk": 2.0317718982696533, "max_risk": 2.3285393714904785, "median_risk": 2.0266571044921875, "high_priority_pixel_pct": 100.0, "priority_category": "HIGH PRIORITY", "threshold_type": "95th percentile prioritisation threshold", "recommendation": "Spectral-stress evidence detected. Prioritise field inspection to determine the underlying cause. Field verification required.", "priority_rank": 224}}, {"type": "Feature", "geometry": {"type": "Polygon", "coordinates": [[[33.50724291066183, 17.712449717785745], [33.50724214861612, 17.712178561293157], [33.506676309492725, 17.71218002118919], [33.506675548310575, 17.711908864665304], [33.507241386584, 17.71190740479306], [33.5072375766271, 17.71055162218001], [33.50780341059656, 17.71055016079756], [33.5078079876852, 17.712177099767832], [33.507525068157456, 17.712177830734156], [33.507525830628154, 17.712448987214845], [33.50724291066183, 17.712449717785745]]]}, "properties": {"zone_id": "scene_03-Z0291", "scene": "scene_03", "pixel_count": 15, "approx_area_m2": 13500.0, "centroid_x": 553806.0, "centroid_y": 1958342.0, "centroid_lon": 33.50743833731811, "centroid_lat": 17.711518235801574, "mean_risk": 2.0184481143951416, "max_risk": 2.373141288757324, "median_risk": 1.9933414459228516, "high_priority_pixel_pct": 100.0, "priority_category": "HIGH PRIORITY", "threshold_type": "95th percentile prioritisation threshold", "recommendation": "Spectral-stress evidence detected. Prioritise field inspection to determine the underlying cause. Field verification required.", "priority_rank": 230}}, {"type": "Feature", "geometry": {"type": "Polygon", "coordinates": [[[33.49762287617936, 17.71220315794102], [33.49762063347179, 17.711389687215963], [33.4979035521957, 17.711388970541048], [33.49790056040565, 17.710304342849298], [33.49846639441382, 17.71030290837104], [33.49846938960352, 17.711387535969298], [33.498186470906276, 17.711388253458825], [33.498187967731255, 17.711930567236312], [33.497905048170715, 17.7119312843419], [33.49790579617822, 17.71220244123107], [33.49762287617936, 17.71220315794102]]]}, "properties": {"zone_id": "scene_03-Z0292", "scene": "scene_03", "pixel_count": 13, "approx_area_m2": 11700.0, "centroid_x": 552812.3076923077, "centroid_y": 1958303.076923077, "centroid_lon": 33.49806622775824, "centroid_lat": 17.71119040376737, "mean_risk": 2.178555488586426, "max_risk": 2.676661252975464, "median_risk": 2.104550361633301, "high_priority_pixel_pct": 100.0, "priority_category": "HIGH PRIORITY", "threshold_type": "95th percentile prioritisation threshold", "recommendation": "Spectral-stress evidence detected. Prioritise field inspection to determine the underlying cause. Field verification required.", "priority_rank": 124}}, {"type": "Feature", "geometry": {"type": "Polygon", "coordinates": [[[33.49620678508352, 17.71166442145508], [33.4962045488304, 17.71085095051015], [33.49733622051272, 17.71084808960601], [33.497337714734556, 17.711390403483577], [33.49648895844299, 17.711392549842557], [33.49648970429895, 17.71166370680506], [33.49620678508352, 17.71166442145508]]]}, "properties": {"zone_id": "scene_03-Z0293", "scene": "scene_03", "pixel_count": 9, "approx_area_m2": 8100.0, "centroid_x": 552670.0, "centroid_y": 1958300.0, "centroid_lon": 33.49672410225994, "centroid_lat": 17.711165989866384, "mean_risk": 2.214425563812256, "max_risk": 2.5500941276550293, "median_risk": 2.2753498554229736, "high_priority_pixel_pct": 100.0, "priority_category": "HIGH PRIORITY", "threshold_type": "95th percentile prioritisation threshold", "recommendation": "Spectral-stress evidence detected. Prioritise field inspection to determine the underlying cause. Field verification required.", "priority_rank": 109}}, {"type": "Feature", "geometry": {"type": "Polygon", "coordinates": [[[33.5140306693923, 17.711618603023318], [33.514029897188045, 17.71134744679572], [33.51374697923612, 17.711348186686973], [33.51374620747058, 17.711077030439807], [33.51346328992986, 17.711077769911707], [33.513464061270426, 17.711348926170924], [33.51318114329099, 17.711349665247575], [33.513179601473524, 17.71080735269756], [33.51346251860304, 17.710806613644987], [33.51346020470507, 17.70999314479979], [33.51374312054602, 17.709992405376077], [33.51374234884926, 17.709721249091388], [33.51345943343323, 17.709721988503045], [33.513458662175154, 17.709450832198794], [33.513741577166265, 17.709450092799187], [33.513740805497015, 17.70917893649948], [33.51430663458816, 17.70917745650261], [33.51430277219939, 17.70782167501209], [33.51458568459988, 17.707820934463125], [33.514584911738574, 17.707549778154576], [33.51486782370042, 17.70754903721047], [33.51486859698659, 17.70782019350694], [33.51515150935951, 17.70781945214355], [33.51515228308433, 17.708090608420434], [33.51486937028654, 17.70809134979591], [33.51487014360028, 17.708362506077375], [33.51515305682295, 17.708361764689812], [33.515153830575365, 17.708632920951693], [33.51543674420913, 17.708632179144814], [33.515437518400226, 17.708903335387106], [33.51487169026911, 17.708904818617793], [33.51487323699309, 17.709447131128194], [33.51515615191535, 17.7094463896923], [33.51516002109118, 17.71080217077653], [33.51487710404426, 17.71080291227283], [33.51487865096123, 17.711345224678137], [33.51431281512622, 17.71134670649716], [33.51431358775544, 17.711617862712703], [33.5140306693923, 17.711618603023318]], [[33.513744663980795, 17.710534717922958], [33.51431049732116, 17.7105332378055], [33.51430972474702, 17.71026208155993], [33.51374389225653, 17.710263561653267], [33.513744663980795, 17.710534717922958]]]}, "properties": {"zone_id": "scene_03-Z0294", "scene": "scene_03", "pixel_count": 58, "approx_area_m2": 52200.0, "centroid_x": 554543.7931034482, "centroid_y": 1958157.4137931035, "centroid_lon": 33.514391422837704, "centroid_lat": 17.709831754596287, "mean_risk": 1.8461439609527588, "max_risk": 1.9839105606079102, "median_risk": 1.834345817565918, "high_priority_pixel_pct": 100.0, "priority_category": "HIGH PRIORITY", "threshold_type": "95th percentile prioritisation threshold", "recommendation": "Spectral-stress evidence detected. Prioritise field inspection to determine the underlying cause. Field verification required.", "priority_rank": 386}}, {"type": "Feature", "geometry": {"type": "Polygon", "coordinates": [[[33.50836008160514, 17.70729481932097], [33.50835855464461, 17.70675250613841], [33.50864146563325, 17.706751774188696], [33.50864070174856, 17.70648061759809], [33.508923612298744, 17.706479885253124], [33.50892437660827, 17.706751041831797], [33.509207287569666, 17.706750309067704], [33.50920805231765, 17.70702146562693], [33.508642229531546, 17.7070229307718], [33.50864299344347, 17.7072940873474], [33.50836008160514, 17.70729481932097]]]}, "properties": {"zone_id": "scene_03-Z0295", "scene": "scene_03", "pixel_count": 141, "approx_area_m2": 126900.0, "centroid_x": 554073.1914893617, "centroid_y": 1958032.1276595744, "centroid_lon": 33.50995020507359, "centroid_lat": 17.708710916531338, "mean_risk": 2.092942714691162, "max_risk": 2.672776460647583, "median_risk": 2.0613574981689453, "high_priority_pixel_pct": 100.0, "priority_category": "HIGH PRIORITY", "threshold_type": "95th percentile prioritisation threshold", "recommendation": "Spectral-stress evidence detected. Prioritise field inspection to determine the underlying cause. Field verification required.", "priority_rank": 167}}, {"type": "Feature", "geometry": {"type": "Polygon", "coordinates": [[[33.59211292033452, 17.71058536229526], [33.59210936265197, 17.709500751573525], [33.591826451335585, 17.709501603793264], [33.5918202289755, 17.70760353464368], [33.59210313731783, 17.707602682521152], [33.59210224804778, 17.70733152976932], [33.59238515594942, 17.707330677253495], [33.59238337660725, 17.70678837175508], [33.59266628364338, 17.70678751885987], [33.59267251459242, 17.708685587875518], [33.592389604582394, 17.708686440868025], [33.59239583333468, 17.710584509612712], [33.59211292033452, 17.71058536229526]]]}, "properties": {"zone_id": "scene_03-Z0296", "scene": "scene_03", "pixel_count": 26, "approx_area_m2": 23400.0, "centroid_x": 562800.0, "centroid_y": 1958036.5384615385, "centroid_lon": 33.592247602156704, "centroid_lat": 17.708520004003336, "mean_risk": 1.9807931184768677, "max_risk": 2.2326595783233643, "median_risk": 1.9670217037200928, "high_priority_pixel_pct": 100.0, "priority_category": "HIGH PRIORITY", "threshold_type": "95th percentile prioritisation threshold", "recommendation": "Spectral-stress evidence detected. Prioritise field inspection to determine the underlying cause. Field verification required.", "priority_rank": 266}}, {"type": "Feature", "geometry": {"type": "Polygon", "coordinates": [[[33.52591006857336, 17.710502536379803], [33.525909278576805, 17.710231380634482], [33.52562636290923, 17.710232137583], [33.52562399427879, 17.709418670265027], [33.52618982305033, 17.709417156034753], [33.52619061342956, 17.709688311790245], [33.526473528219114, 17.70968755405188], [33.52647431903736, 17.709958709787518], [33.526757234237735, 17.709957951629544], [33.52675881676637, 17.710500263053593], [33.52647590071612, 17.710501021236276], [33.52647510986969, 17.710229865515647], [33.52619219423029, 17.710230623278704], [33.526192984651786, 17.710501779011672], [33.52591006857336, 17.710502536379803]]]}, "properties": {"zone_id": "scene_03-Z0297", "scene": "scene_03", "pixel_count": 11, "approx_area_m2": 9900.0, "centroid_x": 555788.1818181818, "centroid_y": 1958176.3636363635, "centroid_lon": 33.52612714083145, "centroid_lat": 17.709971964958722, "mean_risk": 1.8999942541122437, "max_risk": 2.205871105194092, "median_risk": 1.8401378393173218, "high_priority_pixel_pct": 100.0, "priority_category": "HIGH PRIORITY", "threshold_type": "95th percentile prioritisation threshold", "recommendation": "Spectral-stress evidence detected. Prioritise field inspection to determine the underlying cause. Field verification required.", "priority_rank": 352}}, {"type": "Feature", "geometry": {"type": "Polygon", "coordinates": [[[33.50638806489526, 17.710282654618258], [33.50638730423301, 17.710011498029953], [33.50610438803708, 17.710012226864652], [33.50610362781332, 17.709741070256975], [33.50695237508563, 17.709738882566725], [33.506951613600656, 17.709467725987192], [33.50723452890604, 17.709466995954475], [33.50723376700973, 17.709195839379333], [33.50695085212925, 17.709196569400152], [33.50695009067143, 17.708925412805606], [33.507798833997384, 17.708923221557104], [33.507801885009115, 17.710007847747423], [33.50751896888105, 17.710008578618474], [33.50751973124304, 17.710279735159197], [33.50638806489526, 17.710282654618258]]]}, "properties": {"zone_id": "scene_03-Z0298", "scene": "scene_03", "pixel_count": 19, "approx_area_m2": 17100.0, "centroid_x": 553770.0, "centroid_y": 1958139.4736842106, "centroid_lon": 33.50709369263877, "centroid_lat": 17.709688567700756, "mean_risk": 2.038372039794922, "max_risk": 2.32480788230896, "median_risk": 2.0503127574920654, "high_priority_pixel_pct": 100.0, "priority_category": "HIGH PRIORITY", "threshold_type": "95th percentile prioritisation threshold", "recommendation": "Spectral-stress evidence detected. Prioritise field inspection to determine the underlying cause. Field verification required.", "priority_rank": 216}}, {"type": "Feature", "geometry": {"type": "Polygon", "coordinates": [[[33.497899812491454, 17.7100331859076], [33.4978990645906, 17.709762028958398], [33.49761614841638, 17.709762745563257], [33.49761465350449, 17.709220431618988], [33.49733173816679, 17.709221147793233], [33.49733323222883, 17.709763461760843], [33.49705031602798, 17.70976417755116], [33.49704956941522, 17.709493020559442], [33.496766653625976, 17.70949373593084], [33.496767399813805, 17.70976489293421], [33.49620156734557, 17.709766322478515], [33.496200076682875, 17.70922400841768], [33.4964829920738, 17.709223293872448], [33.49648224633747, 17.708952136842417], [33.4967651612902, 17.708951421901588], [33.49676441514226, 17.708680264875703], [33.49704732965679, 17.708679549539276], [33.49704658309726, 17.70840839251755], [33.49846115334565, 17.70840480978521], [33.498460404675015, 17.70813365281437], [33.498743318259805, 17.708132935057893], [33.498741071053345, 17.70731946413543], [33.49930689563365, 17.707318027471047], [33.49930839545739, 17.707860341380034], [33.49902548232419, 17.70786105993925], [33.49902698135165, 17.708403373841637], [33.49874406735533, 17.70840409201704], [33.49874556558643, 17.708946405912833], [33.49846265072697, 17.708947123704398], [33.49846414816167, 17.709489437593565], [33.49874706387096, 17.709488719778612], [33.49874631472202, 17.709217562849474], [33.499029229993035, 17.709216844638963], [33.49902848043254, 17.708945687714028], [33.499311395265295, 17.708944969107968], [33.49931289524945, 17.70948728292692], [33.499029979566885, 17.70948800155639], [33.4990307291541, 17.709759158466326], [33.49818198075149, 17.709761311946284], [33.49818272907727, 17.7100324688838], [33.497899812491454, 17.7100331859076]]]}, "properties": {"zone_id": "scene_03-Z0299", "scene": "scene_03", "pixel_count": 46, "approx_area_m2": 41400.0, "centroid_x": 552798.2608695652, "centroid_y": 1958055.0, "centroid_lon": 33.497927572586725, "centroid_lat": 17.708948480153218, "mean_risk": 2.2191965579986572, "max_risk": 2.7583556175231934, "median_risk": 2.1905527114868164, "high_priority_pixel_pct": 100.0, "priority_category": "HIGH PRIORITY", "threshold_type": "95th percentile prioritisation threshold", "recommendation": "Spectral-stress evidence detected. Prioritise field inspection to determine the underlying cause. Field verification required.", "priority_rank": 108}}, {"type": "Feature", "geometry": {"type": "Polygon", "coordinates": [[[33.73639300695285, 17.709284201703298], [33.736386370780465, 17.70765733312146], [33.736669270885216, 17.707656272904583], [33.73667037728945, 17.707927417669787], [33.73695327779928, 17.707926357028473], [33.73695659840475, 17.708739791227018], [33.73667369662051, 17.708740851920183], [33.736675909606475, 17.70928314138274], [33.73639300695285, 17.709284201703298]]]}, "properties": {"zone_id": "scene_03-Z0300", "scene": "scene_03", "pixel_count": 9, "approx_area_m2": 8100.0, "centroid_x": 578110.0, "centroid_y": 1958080.0, "centroid_lon": 33.736625255531756, "centroid_lat": 17.70842469312567, "mean_risk": 1.9401545524597168, "max_risk": 2.110050916671753, "median_risk": 1.9080754518508911, "high_priority_pixel_pct": 100.0, "priority_category": "HIGH PRIORITY", "threshold_type": "95th percentile prioritisation threshold", "recommendation": "Spectral-stress evidence detected. Prioritise field inspection to determine the underlying cause. Field verification required.", "priority_rank": 304}}, {"type": "Feature", "geometry": {"type": "Polygon", "coordinates": [[[33.529018171447355, 17.70913840480908], [33.52901658226147, 17.708596093508106], [33.528450756321675, 17.708597615808976], [33.528449962599744, 17.708326460122425], [33.52901578768978, 17.708324937846356], [33.52901499313224, 17.708053782177107], [33.52929790523115, 17.708053020440648], [33.52930108524579, 17.70913764302297], [33.529018171447355, 17.70913840480908]]]}, "properties": {"zone_id": "scene_03-Z0301", "scene": "scene_03", "pixel_count": 10, "approx_area_m2": 9000.0, "centroid_x": 556059.0, "centroid_y": 1958046.0, "centroid_lon": 33.5286776425561, "centroid_lat": 17.708786816053284, "mean_risk": 1.980391263961792, "max_risk": 2.438122510910034, "median_risk": 1.8693737983703613, "high_priority_pixel_pct": 100.0, "priority_category": "HIGH PRIORITY", "threshold_type": "95th percentile prioritisation threshold", "recommendation": "Spectral-stress evidence detected. Prioritise field inspection to determine the underlying cause. Field verification required.", "priority_rank": 267}}, {"type": "Feature", "geometry": {"type": "Polygon", "coordinates": [[[33.575983392550675, 17.709548678146632], [33.57598252738846, 17.709277524666458], [33.575699615605885, 17.709278353660064], [33.5756970214864, 17.70846489313392], [33.57626284248686, 17.708463234820545], [33.5762611114515, 17.7079209278196], [33.57682693069082, 17.707919267931462], [33.5768277970505, 17.708190421408638], [33.577110707071846, 17.70818959084023], [33.57711330751817, 17.709003051186087], [33.5768303962222, 17.7090038817951], [33.57683126264366, 17.70927503524222], [33.57654835090736, 17.70927586545754], [33.57654921691937, 17.709547018910676], [33.575983392550675, 17.709548678146632]]]}, "properties": {"zone_id": "scene_03-Z0302", "scene": "scene_03", "pixel_count": 21, "approx_area_m2": 18900.0, "centroid_x": 561121.4285714285, "centroid_y": 1958057.142857143, "centroid_lon": 33.57641869726986, "centroid_lat": 17.708753302061847, "mean_risk": 1.9285385608673096, "max_risk": 2.146641492843628, "median_risk": 1.9250445365905762, "high_priority_pixel_pct": 100.0, "priority_category": "HIGH PRIORITY", "threshold_type": "95th percentile prioritisation threshold", "recommendation": "Spectral-stress evidence detected. Prioritise field inspection to determine the underlying cause. Field verification required.", "priority_rank": 316}}, {"type": "Feature", "geometry": {"type": "Polygon", "coordinates": [[[33.55759322979127, 17.709330562197565], [33.55759239226233, 17.709059407845622], [33.557309479918516, 17.709060210355666], [33.55730780575517, 17.708517901603095], [33.55561033647779, 17.708522707954778], [33.55560866747255, 17.707980399015522], [33.556174488925116, 17.70797879857934], [33.556173653595096, 17.70770764412453], [33.5564565638742, 17.707706843308674], [33.556457399629075, 17.707977997750437], [33.556740310318126, 17.707977196514328], [33.556739474138396, 17.707706042085622], [33.557305294622076, 17.70770443841791], [33.55730696869588, 17.708246747215544], [33.55758987976506, 17.70824594474473], [33.55759155474831, 17.70878825348617], [33.558157378541374, 17.708786647270557], [33.55815821690516, 17.709057801603834], [33.55844112920417, 17.709056997872086], [33.5584419680078, 17.709328152184757], [33.55759322979127, 17.709330562197565]]]}, "properties": {"zone_id": "scene_03-Z0303", "scene": "scene_03", "pixel_count": 23, "approx_area_m2": 20700.0, "centroid_x": 559057.8260869565, "centroid_y": 1958015.2173913044, "centroid_lon": 33.556956968707766, "centroid_lat": 17.708430475506933, "mean_risk": 1.9085798263549805, "max_risk": 2.0299596786499023, "median_risk": 1.8958255052566528, "high_priority_pixel_pct": 100.0, "priority_category": "HIGH PRIORITY", "threshold_type": "95th percentile prioritisation threshold", "recommendation": "Spectral-stress evidence detected. Prioritise field inspection to determine the underlying cause. Field verification required.", "priority_rank": 338}}, {"type": "Feature", "geometry": {"type": "Polygon", "coordinates": [[[33.50383803076601, 17.708933416025626], [33.50383424704895, 17.707577632288263], [33.504117159528995, 17.707576906818147], [33.50411640240118, 17.70730575005998], [33.50496513848573, 17.707303571241862], [33.50496741373344, 17.708117041387315], [33.504684500444164, 17.70811776810275], [33.504685258462224, 17.70838892481473], [33.50440234473456, 17.708389651134784], [33.50440385996143, 17.708931964559916], [33.50383803076601, 17.708933416025626]]]}, "properties": {"zone_id": "scene_03-Z0304", "scene": "scene_03", "pixel_count": 18, "approx_area_m2": 16200.0, "centroid_x": 553478.3333333334, "centroid_y": 1957955.0, "centroid_lon": 33.50433846502012, "centroid_lat": 17.70802827018034, "mean_risk": 2.2548136711120605, "max_risk": 2.6982524394989014, "median_risk": 2.216413736343384, "high_priority_pixel_pct": 100.0, "priority_category": "HIGH PRIORITY", "threshold_type": "95th percentile prioritisation threshold", "recommendation": "Spectral-stress evidence detected. Prioritise field inspection to determine the underlying cause. Field verification required.", "priority_rank": 100}}, {"type": "Feature", "geometry": {"type": "Polygon", "coordinates": [[[33.73723728556294, 17.7081964407031], [33.73723507103555, 17.707654151249372], [33.73695217097024, 17.707655212280553], [33.73695106416094, 17.70738406752509], [33.7366681645007, 17.707385128131836], [33.736663739159845, 17.70630054896547], [33.736946637121015, 17.70629948842786], [33.73694553041036, 17.706028343634703], [33.73666263287394, 17.706029404155032], [33.73666152660774, 17.705758259337053], [33.73637862947634, 17.705759319433], [33.73637641785259, 17.705217029739888], [33.73609352155093, 17.705218089394194], [33.73609131085546, 17.704675799636398], [33.735808415383524, 17.704676858849087], [33.73580510076219, 17.703863424104053], [33.736370889138165, 17.7038613053752], [33.73636867779039, 17.703319015576565], [33.73693446438882, 17.703316895288612], [33.736933357895154, 17.703045750412546], [33.737499143565344, 17.70304362853102], [33.73750025090833, 17.7033147733725], [33.73806603734887, 17.703312649828238], [33.73806714556095, 17.703583794627566], [33.738350039176254, 17.70358273222756], [33.73835669141179, 17.705209600761343], [33.73863958755553, 17.705208537850357], [33.738641805974964, 17.70575082726667], [33.73892470294839, 17.705749763913932], [33.7389258126125, 17.70602090859346], [33.738642915214335, 17.70602197196352], [33.73864513375241, 17.706564261334613], [33.73836223548496, 17.706565324332217], [33.7383644532526, 17.707107613707798], [33.738930251466776, 17.70710548723616], [33.7389324710126, 17.70764777651227], [33.7383666710993, 17.70764990305322], [33.7383677800523, 17.707921047714624], [33.73780197921034, 17.70792317266162], [33.73780087110693, 17.70765202796559], [33.737517971081104, 17.707653089811053], [33.73752018645809, 17.70819537923019], [33.73723728556294, 17.7081964407031]]]}, "properties": {"zone_id": "scene_03-Z0305", "scene": "scene_03", "pixel_count": 127, "approx_area_m2": 114300.0, "centroid_x": 578196.6141732284, "centroid_y": 1957751.1023622048, "centroid_lon": 33.73742988908197, "centroid_lat": 17.70544900106479, "mean_risk": 2.310668706893921, "max_risk": 2.979372978210449, "median_risk": 2.3223114013671875, "high_priority_pixel_pct": 100.0, "priority_category": "HIGH PRIORITY", "threshold_type": "95th percentile prioritisation threshold", "recommendation": "Spectral-stress evidence detected. Prioritise field inspection to determine the underlying cause. Field verification required.", "priority_rank": 86}}, {"type": "Feature", "geometry": {"type": "Polygon", "coordinates": [[[33.5895596181014, 17.70842379554969], [33.58955873260752, 17.70815264269567], [33.589841641926085, 17.70815179380299], [33.589839870136, 17.707609488100076], [33.59012277858908, 17.707608638827868], [33.590121892292885, 17.70733748597897], [33.59068770830197, 17.70733578624071], [33.590689482609505, 17.707878091875582], [33.59040657376319, 17.707878941976013], [33.59040746051583, 17.708150094796025], [33.590124551228854, 17.70815094450311], [33.59012543757245, 17.708422097329464], [33.5895596181014, 17.70842379554969]]]}, "properties": {"zone_id": "scene_03-Z0306", "scene": "scene_03", "pixel_count": 9, "approx_area_m2": 8100.0, "centroid_x": 562580.0, "centroid_y": 1957963.3333333333, "centroid_lon": 33.590170767135284, "centroid_lat": 17.707864586035573, "mean_risk": 1.9530423879623413, "max_risk": 2.086347818374634, "median_risk": 1.9353559017181396, "high_priority_pixel_pct": 100.0, "priority_category": "HIGH PRIORITY", "threshold_type": "95th percentile prioritisation threshold", "recommendation": "Spectral-stress evidence detected. Prioritise field inspection to determine the underlying cause. Field verification required.", "priority_rank": 293}}, {"type": "Feature", "geometry": {"type": "Polygon", "coordinates": [[[33.73497076612536, 17.707391483222388], [33.7349685585128, 17.70684919344716], [33.7352514574417, 17.706848135317735], [33.73525035324017, 17.70657699043606], [33.735533251724625, 17.706575931916756], [33.73553104253111, 17.706033642165284], [33.73581394014637, 17.70603258327338], [33.735812835154405, 17.70576143840359], [33.736095732325225, 17.705760379121845], [33.73610125960582, 17.70711610330908], [33.735818360311214, 17.707117162677147], [33.73581946540167, 17.707388307509238], [33.73497076612536, 17.707391483222388]]]}, "properties": {"zone_id": "scene_03-Z0307", "scene": "scene_03", "pixel_count": 15, "approx_area_m2": 13500.0, "centroid_x": 578006.0, "centroid_y": 1957892.0, "centroid_lon": 33.73563760720473, "centroid_lat": 17.706729192444854, "mean_risk": 2.0513956546783447, "max_risk": 2.5169625282287598, "median_risk": 1.9670740365982056, "high_priority_pixel_pct": 100.0, "priority_category": "HIGH PRIORITY", "threshold_type": "95th percentile prioritisation threshold", "recommendation": "Spectral-stress evidence detected. Prioritise field inspection to determine the underlying cause. Field verification required.", "priority_rank": 202}}, {"type": "Feature", "geometry": {"type": "Polygon", "coordinates": [[[33.740910544592865, 17.707098031760797], [33.74090720650247, 17.706284598154564], [33.741190104166925, 17.706283531510287], [33.74118787802301, 17.70574124243654], [33.740904981208054, 17.705742309046055], [33.74090275599298, 17.705200019907387], [33.74118565195848, 17.70519895333264], [33.74118453895597, 17.70492780876938], [33.74146743447692, 17.704926741804933], [33.74146966135122, 17.705469030889137], [33.74175255770175, 17.70546796348282], [33.74175367159341, 17.705739107996216], [33.74203656834882, 17.70573804016541], [33.74203991141716, 17.706551473608158], [33.741757013387506, 17.706552541491174], [33.74175812735859, 17.706823685974406], [33.74119233039019, 17.706825820553885], [33.7411934435316, 17.70709696506437], [33.740910544592865, 17.707098031760797]]]}, "properties": {"zone_id": "scene_03-Z0308", "scene": "scene_03", "pixel_count": 20, "approx_area_m2": 18000.0, "centroid_x": 578619.0, "centroid_y": 1957821.0, "centroid_lon": 33.74141553154527, "centroid_lat": 17.70606576228699, "mean_risk": 2.131560802459717, "max_risk": 2.721165657043457, "median_risk": 2.0741515159606934, "high_priority_pixel_pct": 100.0, "priority_category": "HIGH PRIORITY", "threshold_type": "95th percentile prioritisation threshold", "recommendation": "Spectral-stress evidence detected. Prioritise field inspection to determine the underlying cause. Field verification required.", "priority_rank": 144}}, {"type": "Feature", "geometry": {"type": "Polygon", "coordinates": [[[33.50778586962428, 17.704313558908794], [33.50778358220157, 17.703500088804585], [33.50750067626964, 17.703500819389813], [33.507499152238616, 17.702958505925686], [33.50863077248679, 17.702955581237426], [33.50863153619446, 17.703226737925565], [33.50834863072809, 17.703227469720208], [33.50835092065853, 17.704040939775417], [33.50891673412617, 17.704039475707443], [33.50891749831307, 17.704310632353643], [33.50778586962428, 17.704313558908794]]]}, "properties": {"zone_id": "scene_03-Z0309", "scene": "scene_03", "pixel_count": 36, "approx_area_m2": 32400.0, "centroid_x": 553856.6666666666, "centroid_y": 1957555.0, "centroid_lon": 33.507896143310376, "centroid_lat": 17.70440366022989, "mean_risk": 2.0707199573516846, "max_risk": 2.362122058868408, "median_risk": 2.0778398513793945, "high_priority_pixel_pct": 100.0, "priority_category": "HIGH PRIORITY", "threshold_type": "95th percentile prioritisation threshold", "recommendation": "Spectral-stress evidence detected. Prioritise field inspection to determine the underlying cause. Field verification required.", "priority_rank": 182}}, {"type": "Feature", "geometry": {"type": "Polygon", "coordinates": [[[33.50977004719733, 17.70566421610163], [33.50976928166789, 17.705393059528795], [33.50948637285787, 17.705393793047488], [33.50948560776688, 17.705122636455187], [33.50920269936801, 17.70512336955478], [33.50920117007652, 17.704581056323782], [33.509484077625814, 17.704580323248088], [33.509483312575746, 17.70430916663328], [33.50920040545122, 17.704309899697027], [33.50919964083956, 17.704038743062767], [33.50948254753931, 17.704038010010972], [33.509481782516524, 17.70376685338116], [33.50976468877788, 17.70376611993419], [33.50976545422543, 17.704037276552054], [33.510048360897905, 17.704036542686012], [33.51005295641851, 17.70566348216382], [33.50977004719733, 17.70566421610163]]]}, "properties": {"zone_id": "scene_03-Z0310", "scene": "scene_03", "pixel_count": 15, "approx_area_m2": 13500.0, "centroid_x": 554046.0, "centroid_y": 1957588.0, "centroid_lon": 33.509682444556994, "centroid_lat": 17.704697311046647, "mean_risk": 1.9365878105163574, "max_risk": 2.1146063804626465, "median_risk": 1.9416921138763428, "high_priority_pixel_pct": 100.0, "priority_category": "HIGH PRIORITY", "threshold_type": "95th percentile prioritisation threshold", "recommendation": "Spectral-stress evidence detected. Prioritise field inspection to determine the underlying cause. Field verification required.", "priority_rank": 308}}, {"type": "Feature", "geometry": {"type": "Polygon", "coordinates": [[[33.741749216145934, 17.704654529897404], [33.74174810233371, 17.704383385353857], [33.7408994183191, 17.704386586142853], [33.74089830580081, 17.704115441539603], [33.74033251720795, 17.704117573328865], [33.7403302939296, 17.703575284030254], [33.7400474004528, 17.703576349279576], [33.74004628926803, 17.703305204601595], [33.74032918232015, 17.703304139369635], [33.74032584761073, 17.702490705342573], [33.740608739369065, 17.702489639755683], [33.74060540356409, 17.7016762057129], [33.74088829402871, 17.70167513977112], [33.74088606940862, 17.701132850406324], [33.740320290158024, 17.701134981813397], [33.74032140160893, 17.70140612653431], [33.73975562142984, 17.701408256348156], [33.739756732051326, 17.701679401096253], [33.739190950943794, 17.701681529316826], [33.73919206073583, 17.701952674092073], [33.738909169727755, 17.701953737609195], [33.73891027911494, 17.702224882394237], [33.738627387662454, 17.70222594552169], [33.7386262786999, 17.70195480071932], [33.73777760549773, 17.701957987607646], [33.73777539017967, 17.7014156978764], [33.73749249992202, 17.701416759323887], [33.73749139271723, 17.701145614429656], [33.737208502864455, 17.70114667545286], [33.73720628936329, 17.700604385607193], [33.73664051129694, 17.700606506363503], [33.73664493498132, 17.701691086162977], [33.73523048097833, 17.701696381276978], [33.73522827334287, 17.701154091219685], [33.73494538333244, 17.70115514898699], [33.73493986671114, 17.69979942362568], [33.735222754598624, 17.699798365944577], [33.73521833995746, 17.698713785588858], [33.73550122612705, 17.6987127275698], [33.73549681010265, 17.69762814716251], [33.735779694554445, 17.69762708880555], [33.73577859017305, 17.697355943702153], [33.73606147418064, 17.69735488495555], [33.736063683812134, 17.697897175120293], [33.73634656864904, 17.697896115932267], [33.73634767391886, 17.698167260986068], [33.73663055916058, 17.698166201373855], [33.73662613650151, 17.697081621182537], [33.73690902002547, 17.69708056123254], [33.736905701964744, 17.69626712606179], [33.73718858419553, 17.696266065756767], [33.737187477790265, 17.69599492070207], [33.7380361230908, 17.695991737397716], [33.73803501543188, 17.69572059238739], [33.73831789673477, 17.695719530489537], [33.738319004818145, 17.695990675482545], [33.738601886525736, 17.695989613160513], [33.73859856106153, 17.69517617821084], [33.73888144147599, 17.69517511553393], [33.738874788534815, 17.693548245535133], [33.739440544211384, 17.693546119168854], [33.73943499639379, 17.692190394136055], [33.74056649902185, 17.692186136869058], [33.74056538782029, 17.69191499190932], [33.7414140133102, 17.69191179474018], [33.74141735079359, 17.692725229440345], [33.74198310356716, 17.69272309585607], [33.74198755721792, 17.69380767521164], [33.74227043527247, 17.69380660773971], [33.742271549159206, 17.69407775254236], [33.74198867068025, 17.6940788200317], [33.74198978416244, 17.694349964844218], [33.74170690523922, 17.694351031944148], [33.74170801831686, 17.69462217676654], [33.74142513894936, 17.694623243477043], [33.741427364315314, 17.695165533134013], [33.741710244531674, 17.69516446638872], [33.74171135766886, 17.695435611188504], [33.74199423828981, 17.695434544018973], [33.74199646547265, 17.695976833561136], [33.74171358400279, 17.695977900765474], [33.74171803690887, 17.697062479828983], [33.7425666863526, 17.697059276786515], [33.74256780090224, 17.69733042148133], [33.742850684434906, 17.697329352969316], [33.74285514453029, 17.698413931603543], [33.74228937404896, 17.698416068360025], [33.742293831066114, 17.699500647013018], [33.742010944097466, 17.699501714850516], [33.742013171876124, 17.700044004166614], [33.74229605969391, 17.700042936294302], [33.74229828840117, 17.70058522554543], [33.74201539973422, 17.700586293452567], [33.74202319786324, 17.702484305715977], [33.74287187272145, 17.702481100407947], [33.742874103484986, 17.703023389453744], [33.74259121103616, 17.703024458331615], [33.74259232602309, 17.703295602860624], [33.74287521889658, 17.70329453396533], [33.74287968074183, 17.7043791119363], [33.742030996965546, 17.70438231761007], [33.74203211120247, 17.70465346213621], [33.741749216145934, 17.704654529897404]], [[33.741166733614214, 17.700589494732135], [33.74144962234074, 17.70058842804592], [33.74144850925093, 17.700317283371916], [33.741165620949, 17.700318350040746], [33.741166733614214, 17.700589494732135]], [[33.74144850925093, 17.700317283371916], [33.741731397533016, 17.70031621629612], [33.741730284038475, 17.70004507163197], [33.741447396180966, 17.700046138690375], [33.74144850925093, 17.700317283371916]], [[33.73607141814297, 17.699795190459554], [33.73663719374069, 17.69979307143477], [33.73663498213512, 17.699250781444604], [33.73578632125635, 17.699253959267736], [33.735787425775605, 17.699525104318386], [33.736070313179454, 17.69952404543369], [33.73607141814297, 17.699795190459554]], [[33.73578300781677, 17.698440524070552], [33.73606589352243, 17.6984394652549], [33.73606478865744, 17.698168320191364], [33.7357819033763, 17.69816937898975], [33.73578300781677, 17.698440524070552]], [[33.742005374998406, 17.698145991428394], [33.74228825984435, 17.698144923677937], [33.742286031494714, 17.697602634291147], [33.74256891547176, 17.69760156616861], [33.74256780090224, 17.69733042148133], [33.7420020337773, 17.697332557284685], [33.742005374998406, 17.698145991428394]], [[33.74030250963852, 17.696796665253938], [33.740585392480995, 17.696795600031788], [33.74058428094247, 17.696524455200137], [33.74030139852448, 17.696525520404926], [33.74030250963852, 17.696796665253938]], [[33.740014073526524, 17.695442005661967], [33.74029695426647, 17.6954409409335], [33.74029473225635, 17.694898651152588], [33.740011852365285, 17.694899715846322], [33.740014073526524, 17.695442005661967]]]}, "properties": {"zone_id": "scene_03-Z0311", "scene": "scene_03", "pixel_count": 678, "approx_area_m2": 610200.0, "centroid_x": 578423.6725663717, "centroid_y": 1956977.9203539824, "centroid_lon": 33.73954240661, "centroid_lat": 17.698452814782733, "mean_risk": 2.3681981563568115, "max_risk": 3.3660614490509033, "median_risk": 2.3427324295043945, "high_priority_pixel_pct": 100.0, "priority_category": "HIGH PRIORITY", "threshold_type": "95th percentile prioritisation threshold", "recommendation": "Spectral-stress evidence detected. Prioritise field inspection to determine the underlying cause. Field verification required.", "priority_rank": 70}}, {"type": "Feature", "geometry": {"type": "Polygon", "coordinates": [[[33.74513724235909, 17.70301482377771], [33.745135004801156, 17.702472535011143], [33.74485211336092, 17.7024736071103], [33.74484987673203, 17.70193131827865], [33.74513276732299, 17.701930246214438], [33.745131648613835, 17.70165910180478], [33.745697428886665, 17.70165695649033], [33.74569854844506, 17.701928100865015], [33.745981438976166, 17.701927027579806], [33.745982558979165, 17.70219817192946], [33.746548340830714, 17.702196024103017], [33.746550582595184, 17.702738312709698], [33.746267690830116, 17.702739386861435], [33.746266570362536, 17.70246824254436], [33.74541789622144, 17.70247146250497], [33.74542013462868, 17.703013751236565], [33.74513724235909, 17.70301482377771]]]}, "properties": {"zone_id": "scene_03-Z0312", "scene": "scene_03", "pixel_count": 20, "approx_area_m2": 18000.0, "centroid_x": 579048.0, "centroid_y": 1957441.5, "centroid_lon": 33.74544680093975, "centroid_lat": 17.702620484635197, "mean_risk": 1.9814412593841553, "max_risk": 2.346254587173462, "median_risk": 1.9472074508666992, "high_priority_pixel_pct": 100.0, "priority_category": "HIGH PRIORITY", "threshold_type": "95th percentile prioritisation threshold", "recommendation": "Spectral-stress evidence detected. Prioritise field inspection to determine the underlying cause. Field verification required.", "priority_rank": 265}}, {"type": "Feature", "geometry": {"type": "Polygon", "coordinates": [[[33.514294276155816, 17.704838955072546], [33.51429350387083, 17.70456779866938], [33.51401059655444, 17.704568538666397], [33.514009824708, 17.70429738224367], [33.5131611039506, 17.704299599755753], [33.51316033339221, 17.704028443289374], [33.512877426870354, 17.704029181633775], [33.5128758866443, 17.703486868654444], [33.512592980958225, 17.703487606567663], [33.51258605444301, 17.70104719768104], [33.512868956306676, 17.701046459876064], [33.51286818633781, 17.700775303307626], [33.51315108776308, 17.700774565107636], [33.513150317383264, 17.700503408543728], [33.513433218370125, 17.700502669948737], [33.513430906039176, 17.69968920024812], [33.513713805738334, 17.699688461282232], [33.513713034564205, 17.6994173047124], [33.51456173230524, 17.69941508540884], [33.51456327721509, 17.69995739846863], [33.51399747703627, 17.699958878459608], [33.51399979195641, 17.700772348065417], [33.51428269332667, 17.700771608237257], [33.5142819212482, 17.70050045172155], [33.51484772309809, 17.700498970868246], [33.514848496025905, 17.70077012735981], [33.51541429867, 17.70076864485419], [33.51541507246094, 17.70103980131409], [33.51598087589919, 17.701038317156105], [33.51598242522119, 17.701580630005], [33.51626532776898, 17.701579887291217], [33.516266102875385, 17.701851043692304], [33.51570029691661, 17.701852528737007], [33.51570107118744, 17.702123685154803], [33.51541816776264, 17.702124427078648], [33.515418941622556, 17.702395583501026], [33.51513603775925, 17.70239632502988], [33.51513681120825, 17.70266748145685], [33.514853906906424, 17.702668222590702], [33.51485622606196, 17.703481691862827], [33.51457332047216, 17.703482432625812], [33.514574865795254, 17.70402474546053], [33.51542358507184, 17.704022521877757], [33.515424359028344, 17.70429367824762], [33.51514145219184, 17.704294419861082], [33.51514299929671, 17.704836732602466], [33.51486009159685, 17.704837473832963], [33.51485854534155, 17.70429516106742], [33.514575638477474, 17.704295901866633], [33.514577183883226, 17.70483821465633], [33.514294276155816, 17.704838955072546]]]}, "properties": {"zone_id": "scene_03-Z0313", "scene": "scene_03", "pixel_count": 141, "approx_area_m2": 126900.0, "centroid_x": 554511.0638297872, "centroid_y": 1957310.0, "centroid_lon": 33.51406096169008, "centroid_lat": 17.70217317381986, "mean_risk": 2.0427515506744385, "max_risk": 2.3296868801116943, "median_risk": 2.0412003993988037, "high_priority_pixel_pct": 100.0, "priority_category": "HIGH PRIORITY", "threshold_type": "95th percentile prioritisation threshold", "recommendation": "Spectral-stress evidence detected. Prioritise field inspection to determine the underlying cause. Field verification required.", "priority_rank": 210}}, {"type": "Feature", "geometry": {"type": "Polygon", "coordinates": [[[33.50410883186543, 17.704594182065705], [33.50410656096788, 17.703780711521127], [33.50438946748709, 17.7037799858094], [33.504387952773364, 17.703237672099164], [33.50410504710364, 17.703238397787228], [33.504104290191776, 17.70296724090902], [33.50353847966135, 17.702968691040198], [33.503536967577, 17.702426377214017], [33.503819871999504, 17.702425652375613], [33.50381835911965, 17.70188333854305], [33.504667069757936, 17.701881161656285], [33.50466782746525, 17.702152318540833], [33.50495073140904, 17.702151592085926], [33.50494921515853, 17.701609278333017], [33.5052321182394, 17.70160855149473], [33.50523060119358, 17.701066237735514], [33.50438189445856, 17.701068416958133], [33.50438113722997, 17.70079726003175], [33.50381533352179, 17.700798710787918], [33.50381608990103, 17.701069867737953], [33.503533187602024, 17.70107059251728], [33.50353394357006, 17.701341749471627], [33.5032510408329, 17.701342473855718], [33.503250285289546, 17.701071316889564], [33.50296738296359, 17.701072040854786], [33.50296662785839, 17.70080088386932], [33.503249529759664, 17.700800159915904], [33.50324801874032, 17.70025784594608], [33.50353091977879, 17.700257121609226], [33.50352789620319, 17.699172493626822], [33.50409369484254, 17.699171043826567], [33.50409218143713, 17.698628729837626], [33.503809282973435, 17.698629454917615], [33.50380701424032, 17.697815983842503], [33.50352411703695, 17.697816708480048], [33.50352184969895, 17.697003237301992], [33.503804745628585, 17.69700251269989], [33.503802477138215, 17.69618904148978], [33.5040853717807, 17.696188316516185], [33.50408461521967, 17.695917159442967], [33.504367509424114, 17.69591643407427], [33.504369780421314, 17.69672990523593], [33.50408688494322, 17.696730630640115], [33.504087641544736, 17.697001787690823], [33.504370537447386, 17.69700106227482], [33.504372808606604, 17.697814533346488], [33.504655705769494, 17.697813807488018], [33.50465646327416, 17.69808496448507], [33.50437356568667, 17.69808569035537], [33.5043758370079, 17.69889916133704], [33.504658735869214, 17.698898435431232], [33.50465949342791, 17.699169592398285], [33.50494239270034, 17.699168866073638], [33.50494315069718, 17.699440023021353], [33.50550895005074, 17.699438569127334], [33.50551122667025, 17.70025203985435], [33.50522832572629, 17.700252767040432], [33.50522984269096, 17.70079508084465], [33.505795646264005, 17.700793626018026], [33.50579640561598, 17.701064782885172], [33.50551350341155, 17.701065510513864], [33.50551502130674, 17.701607824249372], [33.50608082740082, 17.70160636853747], [33.50608158721811, 17.701877525370232], [33.50636449066954, 17.70187679689181], [33.50636525092509, 17.702147953705204], [33.506931058636674, 17.702146495503367], [33.50693181975521, 17.702417652285487], [33.50749762826194, 17.70241619243154], [33.507498390243484, 17.702687349182366], [33.50721548557219, 17.70268807932478], [33.50721624714259, 17.702959236079995], [33.50693334203298, 17.702959965827223], [33.50693486436504, 17.703502279338945], [33.506369052406164, 17.703503737659638], [33.50636829208284, 17.703232580883757], [33.506085386507806, 17.703233309421556], [33.50608462662277, 17.702962152626295], [33.50580172145893, 17.70296288074513], [33.50580096201217, 17.702691723930503], [33.505235152493334, 17.70269317892314], [33.50523439390956, 17.702422022077293], [33.50495148955457, 17.702422748951125], [33.504956038711626, 17.704049689984792], [33.50467313179467, 17.7040504165226], [33.50467388961005, 17.704321573347123], [33.50439098225482, 17.704322299489636], [33.50439173965894, 17.704593456318495], [33.50410883186543, 17.704594182065705]], [[33.5043796228133, 17.700254946156477], [33.50466252379781, 17.700254220191493], [33.50466176618507, 17.699983063254447], [33.50437886562522, 17.699983789207593], [33.5043796228133, 17.700254946156477]]]}, "properties": {"zone_id": "scene_03-Z0314", "scene": "scene_03", "pixel_count": 139, "approx_area_m2": 125100.0, "centroid_x": 553525.8992805756, "centroid_y": 1957166.5467625898, "centroid_lon": 33.50476711161508, "centroid_lat": 17.70090063633362, "mean_risk": 2.2631454467773438, "max_risk": 2.9876229763031006, "median_risk": 2.198377847671509, "high_priority_pixel_pct": 100.0, "priority_category": "HIGH PRIORITY", "threshold_type": "95th percentile prioritisation threshold", "recommendation": "Spectral-stress evidence detected. Prioritise field inspection to determine the underlying cause. Field verification required.", "priority_rank": 97}}, {"type": "Feature", "geometry": {"type": "Polygon", "coordinates": [[[33.74598031899313, 17.70165588322261], [33.7459758392607, 17.70057130571844], [33.745692950852636, 17.700572378916185], [33.74569183139403, 17.700301234503808], [33.745126055367216, 17.70030337964341], [33.74512493677773, 17.700032235188523], [33.74484204915897, 17.7000333071304], [33.744840931014, 17.699762162650508], [33.74455804379988, 17.699763234167968], [33.74455133789599, 17.698136367025505], [33.7442684532092, 17.698137438031246], [33.74426733605282, 17.697866293463658], [33.74455022031509, 17.69786522247538], [33.74454686769197, 17.6970517887798], [33.744263984703224, 17.697052859715694], [33.744261750569756, 17.69651057051271], [33.74397886841004, 17.69651164100681], [33.743976635205186, 17.695969351738768], [33.74425951651596, 17.695968281279573], [33.744252814832684, 17.694341413399336], [33.74396993606854, 17.694342483753807], [33.743967703182285, 17.693800194365206], [33.74425058109761, 17.693799124045647], [33.74425169795519, 17.694070268726254], [33.744817454574886, 17.694068126831787], [33.744818572301206, 17.694339271469943], [33.74510145100556, 17.694338199895018], [33.745105923807905, 17.695422778302383], [33.744823043405816, 17.695423849947197], [33.74482416123181, 17.695694994547676], [33.74538992286494, 17.695692850816236], [33.74539104155978, 17.695963995374225], [33.74567392277087, 17.695962922880746], [33.74567616106935, 17.69650521193914], [33.74539327900931, 17.696506284467596], [33.74539551653865, 17.69704857353081], [33.74596128233669, 17.697046427997073], [33.745959043109416, 17.696504139003817], [33.746241925129524, 17.69650306566162], [33.746245285273844, 17.697316499087705], [33.74567951866673, 17.6973186454702], [33.745680637905785, 17.697589789965484], [33.74539775414779, 17.69759086256389], [33.745403348519794, 17.6989465850147], [33.74625200610177, 17.698943365736387], [33.74625536678539, 17.69975679895898], [33.74653825387978, 17.69975572499983], [33.74654497833389, 17.70138259113647], [33.746262088691964, 17.701383665200666], [33.74626320907964, 17.701654809547893], [33.74598031899313, 17.70165588322261]]]}, "properties": {"zone_id": "scene_03-Z0315", "scene": "scene_03", "pixel_count": 110, "approx_area_m2": 99000.0, "centroid_x": 579023.4545454546, "centroid_y": 1956906.2727272727, "centroid_lon": 33.74519538530096, "centroid_lat": 17.697783898746902, "mean_risk": 2.339933395385742, "max_risk": 3.3793578147888184, "median_risk": 2.296152353286743, "high_priority_pixel_pct": 100.0, "priority_category": "HIGH PRIORITY", "threshold_type": "95th percentile prioritisation threshold", "recommendation": "Spectral-stress evidence detected. Prioritise field inspection to determine the underlying cause. Field verification required.", "priority_rank": 77}}, {"type": "Feature", "geometry": {"type": "Polygon", "coordinates": [[[33.49787738126433, 17.701898474167987], [33.49787439134042, 17.700813845425944], [33.49815729348288, 17.700813128799368], [33.498158789267556, 17.701355443162026], [33.498441692246054, 17.701354726105023], [33.49844094392236, 17.70108356893913], [33.499006748989956, 17.70108213362734], [33.49900599983026, 17.70081097647735], [33.499288901919336, 17.70081025822258], [33.49929040110147, 17.701352572491643], [33.498724595211215, 17.701354008640955], [33.498725343972936, 17.70162516578765], [33.498442440583084, 17.701625883263407], [33.49844318893346, 17.7018970404143], [33.49787738126433, 17.701898474167987]]]}, "properties": {"zone_id": "scene_03-Z0316", "scene": "scene_03", "pixel_count": 11, "approx_area_m2": 9900.0, "centroid_x": 552856.3636363636, "centroid_y": 1957213.6363636365, "centroid_lon": 33.49845451745615, "centroid_lat": 17.701342368176316, "mean_risk": 1.9126826524734497, "max_risk": 2.0136935710906982, "median_risk": 1.9109667539596558, "high_priority_pixel_pct": 100.0, "priority_category": "HIGH PRIORITY", "threshold_type": "95th percentile prioritisation threshold", "recommendation": "Spectral-stress evidence detected. Prioritise field inspection to determine the underlying cause. Field verification required.", "priority_rank": 332}}, {"type": "Feature", "geometry": {"type": "Polygon", "coordinates": [[[33.619521913039854, 17.70073930469098], [33.619519122898005, 17.699925849984695], [33.61980201775862, 17.69992495836508], [33.61980015689775, 17.69938265521905], [33.6189514748138, 17.699385328769743], [33.61895054568204, 17.69911417714187], [33.61923343930201, 17.69911328637981], [33.619231580239024, 17.69857098313055], [33.619797365730875, 17.69856920044364], [33.6197964353751, 17.698298048836797], [33.620079327671576, 17.698297156897443], [33.62007839690782, 17.69802600529763], [33.620644180601836, 17.69802422022716], [33.62064324900556, 17.69775306864894], [33.62092614040309, 17.69775217551784], [33.62092520839888, 17.69748102394667], [33.62120809935524, 17.6974801304232], [33.62120716694311, 17.69720897885908], [33.621772947956856, 17.6972071906205], [33.62177201471228, 17.696936039078025], [33.622054904769655, 17.696935144362932], [33.62205677212453, 17.697477447411206], [33.62262255388748, 17.69747565670187], [33.62262348843899, 17.69774680818554], [33.622340597141296, 17.69774770375827], [33.62234153128492, 17.698018855249025], [33.622058639546005, 17.698019750429417], [33.62205957328172, 17.698290901927244], [33.621493788904814, 17.698292691096356], [33.621494721808034, 17.69856384261584], [33.62092893651545, 17.69856563018628], [33.62092986858614, 17.698836781727394], [33.621212761665326, 17.698835888131086], [33.621214626705765, 17.699378191161628], [33.620931732777386, 17.699379084787072], [33.62093266489794, 17.69965023630564], [33.62121555925092, 17.699649342665623], [33.621217424391126, 17.700191645651064], [33.620934529188915, 17.700192539320216], [33.62093546135934, 17.700463690816232], [33.62065256571588, 17.700464584092945], [33.62065349747829, 17.70073573559601], [33.619521913039854, 17.70073930469098]]]}, "properties": {"zone_id": "scene_03-Z0317", "scene": "scene_03", "pixel_count": 74, "approx_area_m2": 66600.0, "centroid_x": 565815.4054054054, "centroid_y": 1956984.3243243243, "centroid_lon": 33.62065108794096, "centroid_lat": 17.698921939682602, "mean_risk": 2.279902696609497, "max_risk": 3.32389497756958, "median_risk": 2.229783535003662, "high_priority_pixel_pct": 100.0, "priority_category": "HIGH PRIORITY", "threshold_type": "95th percentile prioritisation threshold", "recommendation": "Spectral-stress evidence detected. Prioritise field inspection to determine the underlying cause. Field verification required.", "priority_rank": 92}}, {"type": "Feature", "geometry": {"type": "Polygon", "coordinates": [[[33.62262909609806, 17.6993737169297], [33.6226272268117, 17.698831414045046], [33.622910119791015, 17.698830518006933], [33.62290824972217, 17.69828821512143], [33.623191141835655, 17.698287318705585], [33.623190206401674, 17.698016167266175], [33.6234730980739, 17.698015270458], [33.623472162232055, 17.6977441190257], [33.62375505346304, 17.697743221825206], [33.62375411721333, 17.69747207040001], [33.624319898776115, 17.697470274807486], [33.62431896169401, 17.69719912340405], [33.62516763263921, 17.69719642700723], [33.62516669430022, 17.696925275640254], [33.62544958415729, 17.69692437604213], [33.62545146170108, 17.697466678739243], [33.62573435239049, 17.697465778704853], [33.62573623085035, 17.698008081342557], [33.62517044775659, 17.69800988106309], [33.62516950936739, 17.697738729718655], [33.62488661821996, 17.697739628953848], [33.624887556184596, 17.69801078031294], [33.624604664595886, 17.69801167915584], [33.62460560215268, 17.698282830522082], [33.624322710122684, 17.698283728972687], [33.62432364727162, 17.69855488034606], [33.62404075480035, 17.698555778404355], [33.62404169154142, 17.698826929784847], [33.62375879862886, 17.698827827450817], [33.62376067131194, 17.699370130218522], [33.623194883738364, 17.69937192438807], [33.623193948237656, 17.699100772978724], [33.62291105485045, 17.699101669438413], [33.62291198992655, 17.699372820862376], [33.62262909609806, 17.6993737169297]]]}, "properties": {"zone_id": "scene_03-Z0318", "scene": "scene_03", "pixel_count": 40, "approx_area_m2": 36000.0, "centroid_x": 566181.0, "centroid_y": 1956900.0, "centroid_lon": 33.62409592808827, "centroid_lat": 17.69814887174481, "mean_risk": 2.31719708442688, "max_risk": 3.2322335243225098, "median_risk": 2.210282325744629, "high_priority_pixel_pct": 100.0, "priority_category": "HIGH PRIORITY", "threshold_type": "95th percentile prioritisation threshold", "recommendation": "Spectral-stress evidence detected. Prioritise field inspection to determine the underlying cause. Field verification required.", "priority_rank": 85}}, {"type": "Feature", "geometry": {"type": "Polygon", "coordinates": [[[33.501829746649435, 17.698905676174327], [33.501828993350415, 17.69863451908172], [33.502111891908356, 17.698633796850686], [33.50211113819815, 17.698362639762358], [33.50239403631804, 17.69836191713611], [33.50239252808876, 17.697819602960514], [33.502675425346006, 17.69781887995086], [33.502676179878506, 17.698090037030617], [33.50295907754688, 17.69808931360219], [33.50295983251745, 17.698360470662656], [33.503242730596966, 17.69835974681545], [33.50324424142771, 17.698902060890276], [33.50296134249897, 17.69890278476109], [33.50296058750148, 17.698631627715617], [33.50239479045285, 17.69863307421266], [33.5023955446011, 17.698904231281702], [33.501829746649435, 17.698905676174327]]]}, "properties": {"zone_id": "scene_03-Z0319", "scene": "scene_03", "pixel_count": 10, "approx_area_m2": 9000.0, "centroid_x": 553296.0, "centroid_y": 1956897.0, "centroid_lon": 33.50259236676515, "centroid_lat": 17.698469873883795, "mean_risk": 1.906843900680542, "max_risk": 2.0897393226623535, "median_risk": 1.8829914331436157, "high_priority_pixel_pct": 100.0, "priority_category": "HIGH PRIORITY", "threshold_type": "95th percentile prioritisation threshold", "recommendation": "Spectral-stress evidence detected. Prioritise field inspection to determine the underlying cause. Field verification required.", "priority_rank": 343}}, {"type": "Feature", "geometry": {"type": "Polygon", "coordinates": [[[33.50239026584572, 17.69700613164088], [33.50238951179159, 17.696734974519334], [33.50210661621921, 17.69673569707489], [33.502105862603095, 17.696464539934063], [33.50238875775092, 17.696463817390292], [33.50238724970992, 17.695921503109705], [33.50210435541118, 17.695922225629918], [33.50210360183538, 17.695651068466596], [33.501820707947736, 17.69565179056811], [33.501819201685514, 17.695109476195412], [33.502950773759224, 17.695106585442126], [33.5029515285817, 17.69537774258508], [33.503517315386844, 17.695376294743394], [33.5035158040573, 17.694833980497197], [33.503798696590636, 17.694833255989614], [33.50379794052157, 17.694562098867078], [33.50408083261692, 17.694561373964415], [33.50408234561754, 17.695103688178328], [33.503799452673185, 17.69510441310464], [33.50380172100173, 17.695917884404743], [33.5035188267703, 17.695918608959587], [33.50352033820768, 17.69646092314579], [33.5026716528853, 17.696463094439572], [33.50267316182921, 17.697005408666588], [33.50239026584572, 17.69700613164088]]]}, "properties": {"zone_id": "scene_03-Z0320", "scene": "scene_03", "pixel_count": 33, "approx_area_m2": 29700.0, "centroid_x": 553330.0, "centroid_y": 1956600.0, "centroid_lon": 33.50290551183166, "centroid_lat": 17.69578459886841, "mean_risk": 2.0849802494049072, "max_risk": 2.6444482803344727, "median_risk": 2.0044267177581787, "high_priority_pixel_pct": 100.0, "priority_category": "HIGH PRIORITY", "threshold_type": "95th percentile prioritisation threshold", "recommendation": "Spectral-stress evidence detected. Prioritise field inspection to determine the underlying cause. Field verification required.", "priority_rank": 172}}, {"type": "Feature", "geometry": {"type": "Polygon", "coordinates": [[[33.525286665624435, 17.69070965896401], [33.52528587750428, 17.690438502646288], [33.52556876218611, 17.690437747004857], [33.525569550730644, 17.690708903310256], [33.525286665624435, 17.69070965896401]]]}, "properties": {"zone_id": "scene_03-Z0321", "scene": "scene_03", "pixel_count": 91, "approx_area_m2": 81900.0, "centroid_x": 555537.3626373627, "centroid_y": 1956339.2307692308, "centroid_lon": 33.523713635386116, "centroid_lat": 17.693373292011476, "mean_risk": 1.9526631832122803, "max_risk": 2.317307949066162, "median_risk": 1.942307949066162, "high_priority_pixel_pct": 100.0, "priority_category": "HIGH PRIORITY", "threshold_type": "95th percentile prioritisation threshold", "recommendation": "Spectral-stress evidence detected. Prioritise field inspection to determine the underlying cause. Field verification required.", "priority_rank": 294}}, {"type": "Feature", "geometry": {"type": "Polygon", "coordinates": [[[33.619787132729776, 17.69558653235508], [33.61978434225967, 17.694773077264017], [33.620067229037375, 17.694772185513706], [33.620066298489384, 17.694501033816206], [33.62063207114605, 17.694499249124075], [33.62063300254298, 17.69477040079248], [33.62091588927087, 17.694769507821558], [33.620916821108885, 17.69504065946789], [33.62063393395652, 17.695041552453365], [33.620635796833426, 17.695583855752602], [33.619787132729776, 17.69558653235508]]]}, "properties": {"zone_id": "scene_03-Z0322", "scene": "scene_03", "pixel_count": 12, "approx_area_m2": 10800.0, "centroid_x": 565777.5, "centroid_y": 1956557.5, "centroid_lon": 33.62028040256703, "centroid_lat": 17.695065264085965, "mean_risk": 2.0049190521240234, "max_risk": 2.3364546298980713, "median_risk": 1.925577163696289, "high_priority_pixel_pct": 100.0, "priority_category": "HIGH PRIORITY", "threshold_type": "95th percentile prioritisation threshold", "recommendation": "Spectral-stress evidence detected. Prioritise field inspection to determine the underlying cause. Field verification required.", "priority_rank": 243}}, {"type": "Feature", "geometry": {"type": "Polygon", "coordinates": [[[33.73746482572426, 17.694638134707454], [33.73746371901295, 17.694366989624857], [33.73718083977302, 17.694368050215676], [33.73717973350587, 17.694096905108243], [33.738311248649495, 17.694092660373244], [33.73831346459888, 17.69463495044214], [33.73746482572426, 17.694638134707454]]]}, "properties": {"zone_id": "scene_03-Z0323", "scene": "scene_03", "pixel_count": 9, "approx_area_m2": 8100.0, "centroid_x": 578230.0, "centroid_y": 1956536.6666666667, "centroid_lon": 33.737699882220745, "centroid_lat": 17.694471550793594, "mean_risk": 1.900113821029663, "max_risk": 1.9987469911575317, "median_risk": 1.8891355991363525, "high_priority_pixel_pct": 100.0, "priority_category": "HIGH PRIORITY", "threshold_type": "95th percentile prioritisation threshold", "recommendation": "Spectral-stress evidence detected. Prioritise field inspection to determine the underlying cause. Field verification required.", "priority_rank": 351}}, {"type": "Feature", "geometry": {"type": "Polygon", "coordinates": [[[33.50945883817459, 17.695632150998517], [33.509458073574564, 17.695360994136163], [33.50917518046334, 17.69536172680563], [33.5091713597903, 17.694005942321663], [33.51002003271554, 17.69400374327184], [33.5100238597561, 17.695359527576493], [33.50974096667216, 17.695360261059783], [33.5097417316967, 17.69563141791018], [33.50945883817459, 17.695632150998517]]]}, "properties": {"zone_id": "scene_03-Z0324", "scene": "scene_03", "pixel_count": 16, "approx_area_m2": 14400.0, "centroid_x": 554040.0, "centroid_y": 1956485.625, "centroid_lon": 33.50959775154891, "centroid_lat": 17.69473357738976, "mean_risk": 1.9760581254959106, "max_risk": 2.1614990234375, "median_risk": 1.931915283203125, "high_priority_pixel_pct": 100.0, "priority_category": "HIGH PRIORITY", "threshold_type": "95th percentile prioritisation threshold", "recommendation": "Spectral-stress evidence detected. Prioritise field inspection to determine the underlying cause. Field verification required.", "priority_rank": 273}}, {"type": "Feature", "geometry": {"type": "Polygon", "coordinates": [[[33.62148166267678, 17.69476772065913], [33.621479797352755, 17.69422541740221], [33.621762683181835, 17.694224523239857], [33.62176175012032, 17.69395337161471], [33.6214788647157, 17.693954265762486], [33.62147793209527, 17.693683114115245], [33.6223265869859, 17.693680430495146], [33.62232938871715, 17.694493885283038], [33.62204650249689, 17.69449478027369], [33.62204743601616, 17.694765931869224], [33.62148166267678, 17.69476772065913]]]}, "properties": {"zone_id": "scene_03-Z0325", "scene": "scene_03", "pixel_count": 11, "approx_area_m2": 9900.0, "centroid_x": 565944.5454545454, "centroid_y": 1956460.9090909092, "centroid_lon": 33.62185256505072, "centroid_lat": 17.694187263427796, "mean_risk": 1.9270106554031372, "max_risk": 2.0839245319366455, "median_risk": 1.9083168506622314, "high_priority_pixel_pct": 100.0, "priority_category": "HIGH PRIORITY", "threshold_type": "95th percentile prioritisation threshold", "recommendation": "Spectral-stress evidence detected. Prioritise field inspection to determine the underlying cause. Field verification required.", "priority_rank": 318}}, {"type": "Feature", "geometry": {"type": "Polygon", "coordinates": [[[33.502667126376465, 17.69483615157856], [33.50266486330369, 17.694022680046825], [33.50238197198998, 17.694023402891446], [33.50237971031171, 17.693209931256856], [33.5018139301908, 17.693211375654794], [33.50181543626499, 17.693753690132464], [33.50153254533545, 17.693754411744678], [33.501531792716115, 17.693483254497828], [33.50124890219762, 17.693483975691407], [33.50124589355233, 17.692399346581972], [33.50152878237301, 17.692398625435438], [33.50152577224467, 17.691313996253093], [33.502091546450345, 17.691312552833676], [33.50209229981112, 17.691583710116966], [33.501809412290584, 17.691584432041854], [33.5018109182036, 17.692126746609492], [33.50209380657299, 17.692126024661047], [33.502094559974076, 17.692397181921848], [33.50266033752139, 17.6923957367809], [33.50265882903492, 17.69185342229894], [33.50294171693954, 17.691852699141798], [33.50294247160048, 17.692123856374725], [33.503225359916065, 17.692123132798944], [33.50322611501489, 17.692394290012583], [33.50294322627487, 17.692395013600166], [33.502943980962726, 17.692666170818104], [33.50266109178481, 17.692666894010628], [33.50266335465577, 17.693480365654843], [33.50294624510707, 17.69347964242693], [33.50294473566405, 17.692937328028542], [33.50322762525296, 17.69293660441736], [33.50322989071109, 17.693750075968286], [33.5037956723953, 17.6937486274545], [33.503797184466, 17.694290941737055], [33.50351429278166, 17.694291666221016], [33.503515048412744, 17.69456282336286], [33.50294926415466, 17.694564271133718], [33.50295001895021, 17.69483542829167], [33.502667126376465, 17.69483615157856]]]}, "properties": {"zone_id": "scene_03-Z0326", "scene": "scene_03", "pixel_count": 47, "approx_area_m2": 42300.0, "centroid_x": 553279.1489361703, "centroid_y": 1956306.3829787234, "centroid_lon": 33.50241861684901, "centroid_lat": 17.693131945733015, "mean_risk": 2.1725573539733887, "max_risk": 2.692866802215576, "median_risk": 2.0953948497772217, "high_priority_pixel_pct": 100.0, "priority_category": "HIGH PRIORITY", "threshold_type": "95th percentile prioritisation threshold", "recommendation": "Spectral-stress evidence detected. Prioritise field inspection to determine the underlying cause. Field verification required.", "priority_rank": 127}}, {"type": "Feature", "geometry": {"type": "Polygon", "coordinates": [[[33.519331272581034, 17.685573457515975], [33.51933049363701, 17.685302300798497], [33.51961337055061, 17.685301553931136], [33.519614149918866, 17.685572710636425], [33.519331272581034, 17.685573457515975]]]}, "properties": {"zone_id": "scene_03-Z0327", "scene": "scene_03", "pixel_count": 335, "approx_area_m2": 301500.0, "centroid_x": 554744.8656716418, "centroid_y": 1955901.134328358, "centroid_lon": 33.51622935400389, "centroid_lat": 17.689433290285624, "mean_risk": 2.0494184494018555, "max_risk": 2.41481876373291, "median_risk": 2.0334815979003906, "high_priority_pixel_pct": 100.0, "priority_category": "HIGH PRIORITY", "threshold_type": "95th percentile prioritisation threshold", "recommendation": "Spectral-stress evidence detected. Prioritise field inspection to determine the underlying cause. Field verification required.", "priority_rank": 207}}, {"type": "Feature", "geometry": {"type": "Polygon", "coordinates": [[[33.49983294929921, 17.692945260899144], [33.49983144924787, 17.692402946212024], [33.49954856034682, 17.69240366491751], [33.499547810765655, 17.692132507550973], [33.49841625672555, 17.69213537825768], [33.49841326532528, 17.691050748529324], [33.49897903897671, 17.691049314083223], [33.498978290311186, 17.690778156655796], [33.49869540391655, 17.69077887407055], [33.49869465568878, 17.69050771662391], [33.498411769705186, 17.69050843362016], [33.49840877862507, 17.68942380371189], [33.49812589432563, 17.689424520254597], [33.4981251470133, 17.689153362747103], [33.49925668243358, 17.68915049418244], [33.49925818046643, 17.689692809096357], [33.50038971906778, 17.68968993392971], [33.50038821764007, 17.689147619109587], [33.501519752632305, 17.689144737528547], [33.50152050503687, 17.68941589489535], [33.50180338917574, 17.68941517347142], [33.50180640062572, 17.69049980281661], [33.50152351478937, 17.690500524287614], [33.501522762331106, 17.69022936695079], [33.50095699146689, 17.690230808648895], [33.50095623987081, 17.68995965128106], [33.50067335484297, 17.689960371508185], [33.50067410601467, 17.690231528887765], [33.500391220549055, 17.69023224871985], [33.50039872875897, 17.692943822220727], [33.49983294929921, 17.692945260899144]], [[33.50067260368466, 17.689689214121106], [33.501238372878205, 17.689687773283588], [33.501237620884574, 17.689416615912517], [33.500671852539746, 17.689418056726534], [33.50067260368466, 17.689689214121106]]]}, "properties": {"zone_id": "scene_03-Z0328", "scene": "scene_03", "pixel_count": 96, "approx_area_m2": 86400.0, "centroid_x": 552988.125, "centroid_y": 1956047.8125, "centroid_lon": 33.499667896125956, "centroid_lat": 17.690801827259513, "mean_risk": 1.8744019269943237, "max_risk": 2.0833003520965576, "median_risk": 1.8664698600769043, "high_priority_pixel_pct": 100.0, "priority_category": "HIGH PRIORITY", "threshold_type": "95th percentile prioritisation threshold", "recommendation": "Spectral-stress evidence detected. Prioritise field inspection to determine the underlying cause. Field verification required.", "priority_rank": 370}}, {"type": "Feature", "geometry": {"type": "Polygon", "coordinates": [[[33.521048078167745, 17.692347883808385], [33.52104416911683, 17.69099210144938], [33.52160994058425, 17.690990601914447], [33.521608375363954, 17.690448288967257], [33.52104260559408, 17.69044978845328], [33.521043387348485, 17.690720944955082], [33.52076050201825, 17.690721694100127], [33.52075815807, 17.68990822453557], [33.52019238991397, 17.68990972153203], [33.52018926823957, 17.688825095243306], [33.52047215062715, 17.68882434699729], [33.52047136981902, 17.68855319041857], [33.52132001562515, 17.688550943276677], [33.52131923355799, 17.68827978672711], [33.52160211504115, 17.688279036878562], [33.52160133256361, 17.688007880333732], [33.5218842136085, 17.688007130090682], [33.52188343072062, 17.68773597355059], [33.52216631132723, 17.687735222913062], [33.522165528029014, 17.687464066377718], [33.522448408197356, 17.687463315345717], [33.52244762448882, 17.687192158815122], [33.522730504218885, 17.68719140738866], [33.52273128835171, 17.687462563907], [33.52301416849207, 17.687461812061567], [33.52301338393495, 17.687190655555497], [33.52329626363703, 17.68718990331562], [33.52329861862327, 17.68800337277452], [33.5230157376483, 17.688004125051208], [33.52301730686052, 17.68854643801086], [33.522734425022904, 17.688547189905353], [33.52273520922568, 17.688818346386192], [33.52245232694975, 17.6888190978862], [33.522456246051696, 17.690174880239212], [33.522739130449395, 17.690174128677914], [33.522738346176666, 17.689902972234563], [33.523021230136, 17.68990222027875], [33.523020445452914, 17.689631063840167], [33.52358621248087, 17.689629558732765], [33.523585426963066, 17.689358402311235], [33.52415119308626, 17.689356895601335], [33.524151979452775, 17.68962805199829], [33.52386909597383, 17.68962880556891], [33.523870667900205, 17.6901711183649], [33.52358778355851, 17.690171871553325], [33.52358699801269, 17.689900715146795], [33.52330411408135, 17.689901467916158], [33.523304899202806, 17.690172624334966], [33.5230220148331, 17.69017337670983], [33.52302279954419, 17.690444533133416], [33.52273991473611, 17.690445285113757], [33.52274148335151, 17.69098759796296], [33.52302436900837, 17.690986845958083], [33.523025938528534, 17.691529158752747], [33.52274305202287, 17.69152991078215], [33.522742267680194, 17.691258754376303], [33.52217649547572, 17.691260257190162], [33.522177278969586, 17.691531413620524], [33.52189439242197, 17.691532164429482], [33.5218951755054, 17.691803320864587], [33.52161228851941, 17.691804071278977], [33.52161385387931, 17.69234638415116], [33.521048078167745, 17.692347883808385]], [[33.52189282629703, 17.690989851536777], [33.52217571199583, 17.6909891007523], [33.522174928529914, 17.690717944306943], [33.5218920432555, 17.690718695079173], [33.52189282629703, 17.690989851536777]], [[33.52132470832116, 17.69017788241659], [33.52160759277474, 17.69017713248242], [33.52160681019949, 17.689905975990076], [33.521323926170275, 17.689906725912017], [33.52132470832116, 17.69017788241659]], [[33.5216060276382, 17.689634819490237], [33.52188891122909, 17.689634069173763], [33.52188812825741, 17.689362912678664], [33.521605245090875, 17.689363662982903], [33.5216060276382, 17.689634819490237]]]}, "properties": {"zone_id": "scene_03-Z0329", "scene": "scene_03", "pixel_count": 109, "approx_area_m2": 98100.0, "centroid_x": 555347.3394495413, "centroid_y": 1955924.8623853212, "centroid_lon": 33.521910967366274, "centroid_lat": 17.68963276680864, "mean_risk": 1.962530255317688, "max_risk": 2.1527700424194336, "median_risk": 1.9428516626358032, "high_priority_pixel_pct": 100.0, "priority_category": "HIGH PRIORITY", "threshold_type": "95th percentile prioritisation threshold", "recommendation": "Spectral-stress evidence detected. Prioritise field inspection to determine the underlying cause. Field verification required.", "priority_rank": 282}}, {"type": "Feature", "geometry": {"type": "Polygon", "coordinates": [[[33.627693862742916, 17.69149413833506], [33.627692920935935, 17.6912229869425], [33.62684427845709, 17.69122569335518], [33.62684333794001, 17.690954541910966], [33.62627757705229, 17.690956344122796], [33.6262766374007, 17.690685192641677], [33.625993757356056, 17.690686093122746], [33.62599281814558, 17.690414941619427], [33.625709938508535, 17.69041584167905], [33.6257052448291, 17.689060083976337], [33.62485661218245, 17.689062781494652], [33.62485567476972, 17.688791629887575], [33.62457279761169, 17.688792528232238], [33.62456904982515, 17.687707921670164], [33.62428617434756, 17.687708819549524], [33.62428523786698, 17.687437667875578], [33.6245681129203, 17.687436770010862], [33.624567176032166, 17.68716561834405], [33.62485005064451, 17.687164720087303], [33.62484911334884, 17.68689356842763], [33.62569773581276, 17.68689087126131], [33.62569679726107, 17.686619719638124], [33.62597967095799, 17.686618819784016], [33.62598154892662, 17.687161122993516], [33.626264423455275, 17.687160222703373], [33.62626348403833, 17.686889071117065], [33.626546358125985, 17.68688817043493], [33.62654447849389, 17.686345867269164], [33.627393098110765, 17.686343162870962], [33.627389333957154, 17.68525855662576], [33.62767220543233, 17.68525765440525], [33.6276712640117, 17.68498650283989], [33.62795413504589, 17.684985600227474], [33.62795319321786, 17.684714448669325], [33.62993328701686, 17.68470811910017], [33.629934231814225, 17.684979270555047], [33.630217102713765, 17.68497836468963], [33.63021899320748, 17.685520667547305], [33.63050186493855, 17.68551976124569], [33.63050281063492, 17.685790912648475], [33.63021993847963, 17.685791818964876], [33.630220883768644, 17.686062970374927], [33.630503756348155, 17.686062064043742], [33.63050470207827, 17.686333215431496], [33.630787575065135, 17.686332308678864], [33.630788521236354, 17.686603460044317], [33.63107139463058, 17.686602552870227], [33.631070448035125, 17.686331401519574], [33.63163619392443, 17.686329585981024], [33.631637141368365, 17.686600737302065], [33.63135426800792, 17.68660164528948], [33.63135521504451, 17.68687279661781], [33.63107234124293, 17.68687370421337], [33.631075181181295, 17.68768715819771], [33.63135805625565, 17.68768625055774], [33.631360897618855, 17.688499704430036], [33.631078021271655, 17.688500612114424], [33.631078968002214, 17.68877176340497], [33.63051321440856, 17.68877357758321], [33.6305141603074, 17.689044728895833], [33.63079703753698, 17.68904382199528], [33.63079798387701, 17.689314973285594], [33.63051510622312, 17.68931588020094], [33.63051983605482, 17.690671636613775], [33.62967119662692, 17.690674355141123], [33.629672141370825, 17.690945506445484], [33.62882350051818, 17.69094822135623], [33.62882444400583, 17.691219372697358], [33.62825868250451, 17.691221180633484], [33.62825962516023, 17.69149233199658], [33.627693862742916, 17.69149413833506]]]}, "properties": {"zone_id": "scene_03-Z0330", "scene": "scene_03", "pixel_count": 399, "approx_area_m2": 359100.0, "centroid_x": 566618.3458646616, "centroid_y": 1955793.984962406, "centroid_lon": 33.62818522519945, "centroid_lat": 17.6881391573961, "mean_risk": 3.2400083541870117, "max_risk": 5.765885829925537, "median_risk": 3.2412593364715576, "high_priority_pixel_pct": 100.0, "priority_category": "HIGH PRIORITY", "threshold_type": "95th percentile prioritisation threshold", "recommendation": "Spectral-stress evidence detected. Prioritise field inspection to determine the underlying cause. Field verification required.", "priority_rank": 6}}, {"type": "Feature", "geometry": {"type": "Polygon", "coordinates": [[[33.50322158462393, 17.690767346618316], [33.50322007460135, 17.690225032093576], [33.502937189256606, 17.69022575558675], [33.50293794383678, 17.690496912864663], [33.50265505805419, 17.690497635962842], [33.50265354975606, 17.689955321375926], [33.50237066480877, 17.689956044043733], [33.502367650071385, 17.68887141473279], [33.502650533321244, 17.68887069211213], [33.50264751710167, 17.687786062728392], [33.50293039864077, 17.687785339748153], [33.502929644195206, 17.687514182395272], [33.50321252529654, 17.687513459020103], [33.503211015597195, 17.686971144315454], [33.50292813534444, 17.686971867667022], [33.50292738093925, 17.686700710291653], [33.50264450109732, 17.686701433224716], [33.502643747129866, 17.686430275830066], [33.50292662654752, 17.686429552908795], [33.50292587216924, 17.686158395518433], [33.50349163011562, 17.68615694847941], [33.50349011970241, 17.68561463372342], [33.50377299780688, 17.685613909617505], [33.503771486599085, 17.68507159485516], [33.50348860934311, 17.685072318937443], [33.50348785418367, 17.68480116153322], [33.50405360783368, 17.68479971298562], [33.50405436384159, 17.68507087036621], [33.5043372410706, 17.6850701454706], [33.50433875397536, 17.685612460185652], [33.50405587589786, 17.685613185104916], [33.50405890017228, 17.68669781449238], [33.503776020384244, 17.68669853905225], [33.50377677606229, 17.6869696963922], [33.50349389583647, 17.686970420557184], [33.503496161678605, 17.687783892567488], [33.50377904317731, 17.68778316836707], [33.50378055465474, 17.688325482979497], [33.504063436988595, 17.68832475834871], [33.50406873055476, 17.69022285917334], [33.50378584525044, 17.690223583886873], [33.50378735697056, 17.690765898364365], [33.50322158462393, 17.690767346618316]]]}, "properties": {"zone_id": "scene_03-Z0331", "scene": "scene_03", "pixel_count": 78, "approx_area_m2": 70200.0, "centroid_x": 553381.5384615385, "centroid_y": 1955764.6153846155, "centroid_lon": 33.50337047652346, "centroid_lat": 17.688232669895445, "mean_risk": 1.9430111646652222, "max_risk": 2.2535436153411865, "median_risk": 1.9078482389450073, "high_priority_pixel_pct": 100.0, "priority_category": "HIGH PRIORITY", "threshold_type": "95th percentile prioritisation threshold", "recommendation": "Spectral-stress evidence detected. Prioritise field inspection to determine the underlying cause. Field verification required.", "priority_rank": 301}}, {"type": "Feature", "geometry": {"type": "Polygon", "coordinates": [[[33.62372790899949, 17.68987982744346], [33.62372416603734, 17.688795220825916], [33.62428992043695, 17.688793426170186], [33.624290857001064, 17.689064577806565], [33.62457373460011, 17.68906367985397], [33.624574671605245, 17.689334831468198], [33.6248575496119, 17.68933393309422], [33.62485848705808, 17.689605084686278], [33.62429273017941, 17.689606881056793], [33.62429366679365, 17.689878032670634], [33.62372790899949, 17.68987982744346]]]}, "properties": {"zone_id": "scene_03-Z0332", "scene": "scene_03", "pixel_count": 11, "approx_area_m2": 9900.0, "centroid_x": 566190.0, "centroid_y": 1955926.3636363635, "centroid_lon": 33.62415039712654, "centroid_lat": 17.68934850334072, "mean_risk": 1.9991633892059326, "max_risk": 2.342468023300171, "median_risk": 1.9664400815963745, "high_priority_pixel_pct": 100.0, "priority_category": "HIGH PRIORITY", "threshold_type": "95th percentile prioritisation threshold", "recommendation": "Spectral-stress evidence detected. Prioritise field inspection to determine the underlying cause. Field verification required.", "priority_rank": 249}}, {"type": "Feature", "geometry": {"type": "Polygon", "coordinates": [[[33.52131454144796, 17.686652847272256], [33.52131375947845, 17.68638169067021], [33.521596637991564, 17.686380940907277], [33.52159742038534, 17.6866520974971], [33.52131454144796, 17.686652847272256]]]}, "properties": {"zone_id": "scene_03-Z0333", "scene": "scene_03", "pixel_count": 17, "approx_area_m2": 15300.0, "centroid_x": 555220.5882352941, "centroid_y": 1955648.8235294118, "centroid_lon": 33.520708585028245, "centroid_lat": 17.68714094258277, "mean_risk": 1.9792063236236572, "max_risk": 2.27931547164917, "median_risk": 1.9543266296386719, "high_priority_pixel_pct": 100.0, "priority_category": "HIGH PRIORITY", "threshold_type": "95th percentile prioritisation threshold", "recommendation": "Spectral-stress evidence detected. Prioritise field inspection to determine the underlying cause. Field verification required.", "priority_rank": 268}}, {"type": "Feature", "geometry": {"type": "Polygon", "coordinates": [[[33.51507575121757, 17.681246100618047], [33.51507497885771, 17.680974943598667], [33.51535784919214, 17.680974203024615], [33.51535862197613, 17.68124536003191], [33.51507575121757, 17.681246100618047]]]}, "properties": {"zone_id": "scene_03-Z0334", "scene": "scene_03", "pixel_count": 15, "approx_area_m2": 13500.0, "centroid_x": 554646.0, "centroid_y": 1955054.0, "centroid_lon": 33.515275280348504, "centroid_lat": 17.681778857683398, "mean_risk": 1.9410903453826904, "max_risk": 2.1404592990875244, "median_risk": 1.8955724239349365, "high_priority_pixel_pct": 100.0, "priority_category": "HIGH PRIORITY", "threshold_type": "95th percentile prioritisation threshold", "recommendation": "Spectral-stress evidence detected. Prioritise field inspection to determine the underlying cause. Field verification required.", "priority_rank": 303}}, {"type": "Feature", "geometry": {"type": "Polygon", "coordinates": [[[33.7176061473777, 17.68034063171589], [33.71759646421712, 17.677900311359473], [33.71787931892461, 17.677899279866498], [33.71787824268992, 17.67762813313945], [33.71816109695424, 17.67762710125688], [33.7181600203148, 17.677355954539145], [33.71844287413596, 17.67735492226701], [33.71844179709178, 17.677083775558593], [33.718724650469774, 17.677082742896904], [33.718725727937894, 17.677353889588467], [33.7190085817206, 17.67735285650351], [33.71900750382853, 17.67708170982881], [33.719290357168056, 17.677080676354308], [33.71929359217384, 17.67789411630524], [33.719010737562456, 17.677895149830338], [33.71901181551224, 17.678166296482463], [33.718728960457646, 17.678167329618002], [33.718732193150466, 17.67898076957982], [33.71844933680469, 17.678981802359495], [33.718451491181376, 17.679524095663457], [33.71816863396837, 17.679525128070367], [33.71817078757391, 17.68006742137793], [33.71788792949364, 17.680068453412062], [33.717889005901206, 17.680339600071402], [33.7176061473777, 17.68034063171589]]]}, "properties": {"zone_id": "scene_03-Z0335", "scene": "scene_03", "pixel_count": 39, "approx_area_m2": 35100.0, "centroid_x": 576176.1538461539, "centroid_y": 1954760.7692307692, "centroid_lon": 33.71826969831044, "centroid_lat": 17.67849230118703, "mean_risk": 1.9517481327056885, "max_risk": 2.0970170497894287, "median_risk": 1.9495946168899536, "high_priority_pixel_pct": 100.0, "priority_category": "HIGH PRIORITY", "threshold_type": "95th percentile prioritisation threshold", "recommendation": "Spectral-stress evidence detected. Prioritise field inspection to determine the underlying cause. Field verification required.", "priority_rank": 296}}, {"type": "Feature", "geometry": {"type": "Polygon", "coordinates": [[[33.7198690150275, 17.680332367178448], [33.71986577695794, 17.679518927531944], [33.719582919841116, 17.679519961971174], [33.71958076207239, 17.678977668802123], [33.72014647459076, 17.678975599584735], [33.7201486340555, 17.67951789268625], [33.72043149113379, 17.679516857434095], [33.72043473174748, 17.680330296979257], [33.7198690150275, 17.680332367178448]]]}, "properties": {"zone_id": "scene_03-Z0336", "scene": "scene_03", "pixel_count": 10, "approx_area_m2": 9000.0, "centroid_x": 576363.0, "centroid_y": 1954890.0, "centroid_lon": 33.720036031012214, "centroid_lat": 17.67965387994736, "mean_risk": 1.9137462377548218, "max_risk": 1.9785144329071045, "median_risk": 1.9141590595245361, "high_priority_pixel_pct": 100.0, "priority_category": "HIGH PRIORITY", "threshold_type": "95th percentile prioritisation threshold", "recommendation": "Spectral-stress evidence detected. Prioritise field inspection to determine the underlying cause. Field verification required.", "priority_rank": 329}}, {"type": "Feature", "geometry": {"type": "Polygon", "coordinates": [[[33.527800173132974, 17.679585432817685], [33.52779859042615, 17.679043119782218], [33.527515723674256, 17.679043878158108], [33.52751493276609, 17.67877272161676], [33.52779779909392, 17.678771963253247], [33.52779700777581, 17.67850080671678], [33.52836273954101, 17.67849928879503], [33.52836353170721, 17.67877044530672], [33.52864639799266, 17.678769685723708], [33.528647190597056, 17.67904084221551], [33.52836432388756, 17.679041601810926], [33.52836590829065, 17.679583914796837], [33.527800173132974, 17.679585432817685]]]}, "properties": {"zone_id": "scene_03-Z0337", "scene": "scene_03", "pixel_count": 10, "approx_area_m2": 9000.0, "centroid_x": 556005.0, "centroid_y": 1954752.0, "centroid_lon": 33.528081377987654, "centroid_lat": 17.67901524534851, "mean_risk": 1.9035438299179077, "max_risk": 2.087017774581909, "median_risk": 1.8848201036453247, "high_priority_pixel_pct": 100.0, "priority_category": "HIGH PRIORITY", "threshold_type": "95th percentile prioritisation threshold", "recommendation": "Spectral-stress evidence detected. Prioritise field inspection to determine the underlying cause. Field verification required.", "priority_rank": 346}}, {"type": "Feature", "geometry": {"type": "Polygon", "coordinates": [[[33.50318837657057, 17.678836420148226], [33.503186867733014, 17.678294104963953], [33.50346973439896, 17.678293381583483], [33.50346897957633, 17.678022223991906], [33.50290324707905, 17.678023670322748], [33.502904001053594, 17.67829482793793], [33.502055400934644, 17.678296994420883], [33.50205615365049, 17.67856815206392], [33.501490419322586, 17.678569594376953], [33.501489667454834, 17.678298436710378], [33.50177253420145, 17.678297715768878], [33.50177102965813, 17.677755400436773], [33.50148816375958, 17.677756121354733], [33.50148741193208, 17.677484963665677], [33.50120454644415, 17.677485684165394], [33.50120154096438, 17.67640105328721], [33.50148440475628, 17.676400332834525], [33.50148590831734, 17.676942648265083], [33.502334502156515, 17.676940484397694], [33.50233525522921, 17.677211642066418], [33.502618120239404, 17.677210919952568], [33.50261887374956, 17.677482077602015], [33.502336008315346, 17.67748279972765], [33.50233676141493, 17.677753957381395], [33.502902493117965, 17.677752512700078], [33.50290173917033, 17.677481355069915], [33.50318460457764, 17.67748063213134], [33.503185358949295, 17.677751789749703], [33.50375109057158, 17.6777503426295], [33.50375260105144, 17.67829265779651], [33.504035467690436, 17.678291933603052], [33.50403622337464, 17.6785630911635], [33.5043190904242, 17.678562366551716], [33.50431984654594, 17.67883352409284], [33.50318837657057, 17.678836420148226]]]}, "properties": {"zone_id": "scene_03-Z0338", "scene": "scene_03", "pixel_count": 39, "approx_area_m2": 35100.0, "centroid_x": 553309.2307692308, "centroid_y": 1954623.8461538462, "centroid_lon": 33.502659992022906, "centroid_lat": 17.677923475987733, "mean_risk": 1.9328582286834717, "max_risk": 2.0776233673095703, "median_risk": 1.9403796195983887, "high_priority_pixel_pct": 100.0, "priority_category": "HIGH PRIORITY", "threshold_type": "95th percentile prioritisation threshold", "recommendation": "Spectral-stress evidence detected. Prioritise field inspection to determine the underlying cause. Field verification required.", "priority_rank": 311}}, {"type": "Feature", "geometry": {"type": "Polygon", "coordinates": [[[33.52213733859938, 17.677702426112237], [33.52213655581814, 17.677431269299518], [33.52241942029269, 17.6774305187208], [33.522420203497944, 17.677701675521266], [33.52213733859938, 17.677702426112237]]]}, "properties": {"zone_id": "scene_03-Z0339", "scene": "scene_03", "pixel_count": 12, "approx_area_m2": 10800.0, "centroid_x": 555315.0, "centroid_y": 1954645.0, "centroid_lon": 33.52157265135964, "centroid_lat": 17.67806546851268, "mean_risk": 2.0884346961975098, "max_risk": 2.5190885066986084, "median_risk": 2.06119441986084, "high_priority_pixel_pct": 100.0, "priority_category": "HIGH PRIORITY", "threshold_type": "95th percentile prioritisation threshold", "recommendation": "Spectral-stress evidence detected. Prioritise field inspection to determine the underlying cause. Field verification required.", "priority_rank": 169}}, {"type": "Feature", "geometry": {"type": "Polygon", "coordinates": [[[33.52383609847371, 17.678240229925006], [33.52383531312032, 17.677969073200885], [33.523552447867694, 17.67796982583652], [33.52355166295236, 17.67769866909262], [33.52326879810975, 17.677699421309494], [33.52326801363243, 17.677428264545817], [33.523550878051026, 17.677427512341218], [33.523542245060895, 17.674444787581226], [33.523825104801766, 17.674444035105275], [33.523824319644596, 17.67417287827623], [33.52410717894752, 17.67417212540617], [33.52410560782739, 17.673629811750178], [33.52438846626845, 17.673629058498324], [33.524387680305516, 17.673357901671384], [33.52467053830865, 17.67335714802545], [33.524672111096365, 17.673899461647228], [33.52438925224542, 17.673900215317765], [33.52439161026049, 17.674713685731145], [33.52467447038322, 17.674712932023695], [33.52467368394023, 17.674441775239035], [33.52495654362499, 17.674441021137497], [33.52495733049191, 17.67471217790985], [33.525523050667154, 17.674710668462946], [33.525526201666956, 17.67579529537885], [33.525243339890544, 17.675796050354794], [33.525241765210446, 17.67525373688719], [33.52467604331132, 17.675255245570536], [33.52467525684025, 17.674984088800866], [33.52439239629357, 17.67498484252061], [33.52439396840183, 17.67552715607707], [33.52411110699322, 17.675527909415006], [33.52411503538949, 17.67688369323648], [33.52383217184695, 17.676884446229433], [33.523834527780956, 17.677697916469263], [33.5244002573961, 17.677696410003133], [33.52439947122271, 17.677425253288604], [33.52468233558522, 17.677424499458127], [33.52468390879408, 17.677966812855082], [33.524401043583524, 17.677967566710162], [33.52440182978498, 17.6782387234097], [33.52383609847371, 17.678240229925006]]]}, "properties": {"zone_id": "scene_03-Z0340", "scene": "scene_03", "pixel_count": 49, "approx_area_m2": 44100.0, "centroid_x": 555595.1020408163, "centroid_y": 1954386.7346938776, "centroid_lon": 33.524206925542934, "centroid_lat": 17.67572410610281, "mean_risk": 2.06632399559021, "max_risk": 2.4833767414093018, "median_risk": 2.0592200756073, "high_priority_pixel_pct": 100.0, "priority_category": "HIGH PRIORITY", "threshold_type": "95th percentile prioritisation threshold", "recommendation": "Spectral-stress evidence detected. Prioritise field inspection to determine the underlying cause. Field verification required.", "priority_rank": 188}}, {"type": "Feature", "geometry": {"type": "Polygon", "coordinates": [[[33.52100431670912, 17.677163110680567], [33.52100275460852, 17.6766207969198], [33.520719891336206, 17.67662154542952], [33.52072067195554, 17.67689270232587], [33.52015494452114, 17.676894198150375], [33.5201541647498, 17.676623041229607], [33.52043702804997, 17.676622293532787], [33.52043624786856, 17.676351136616738], [33.521001973579125, 17.676349640028178], [33.520998849600964, 17.675265012386735], [33.52128171073946, 17.67526426353168], [33.52128327354858, 17.67580657734294], [33.52156613552106, 17.67580582805701], [33.52157004490791, 17.67716161239287], [33.52100431670912, 17.677163110680567]]]}, "properties": {"zone_id": "scene_03-Z0341", "scene": "scene_03", "pixel_count": 16, "approx_area_m2": 14400.0, "centroid_x": 555264.375, "centroid_y": 1954460.625, "centroid_lon": 33.52109051468316, "centroid_lat": 17.67640024795639, "mean_risk": 1.9767742156982422, "max_risk": 2.215100049972534, "median_risk": 1.9403636455535889, "high_priority_pixel_pct": 100.0, "priority_category": "HIGH PRIORITY", "threshold_type": "95th percentile prioritisation threshold", "recommendation": "Spectral-stress evidence detected. Prioritise field inspection to determine the underlying cause. Field verification required.", "priority_rank": 272}}, {"type": "Feature", "geometry": {"type": "Polygon", "coordinates": [[[33.7201367579532, 17.676535280255436], [33.72013351942083, 17.675721840343567], [33.71985066825869, 17.675722874952843], [33.71984958921033, 17.675451728283623], [33.719566738452826, 17.675452762469646], [33.719563502694974, 17.674639322366197], [33.71928065318988, 17.674640356095235], [33.7192795750663, 17.67436920936217], [33.71956242414752, 17.674368175649995], [33.71956134561932, 17.67409702892628], [33.71927849696196, 17.674098062621574], [33.71927741887688, 17.67382691587346], [33.71984311532463, 17.673824848110293], [33.71984203641108, 17.673553701388403], [33.720124884182226, 17.67355266691422], [33.720128122252206, 17.674366107006648], [33.720410971275655, 17.674365072075467], [33.72041961036783, 17.67653424518911], [33.7201367579532, 17.676535280255436]]]}, "properties": {"zone_id": "scene_03-Z0342", "scene": "scene_03", "pixel_count": 24, "approx_area_m2": 21600.0, "centroid_x": 576357.5, "centroid_y": 1954361.25, "centroid_lon": 33.719965150397805, "centroid_lat": 17.674875110570706, "mean_risk": 1.9105640649795532, "max_risk": 2.1302967071533203, "median_risk": 1.9050483703613281, "high_priority_pixel_pct": 100.0, "priority_category": "HIGH PRIORITY", "threshold_type": "95th percentile prioritisation threshold", "recommendation": "Spectral-stress evidence detected. Prioritise field inspection to determine the underlying cause. Field verification required.", "priority_rank": 336}}, {"type": "Feature", "geometry": {"type": "Polygon", "coordinates": [[[33.49666976242683, 17.674243261639102], [33.496669017980565, 17.673972103653657], [33.49695187817047, 17.67397138980905], [33.49695113331358, 17.673700231827766], [33.497233993066274, 17.673699517588428], [33.49723324779875, 17.673428359611318], [33.49751610711423, 17.67342764497726], [33.4975175985104, 17.67396996090066], [33.49723473834709, 17.67397067555805], [33.49723548364121, 17.67424183352018], [33.49666976242683, 17.674243261639102]]]}, "properties": {"zone_id": "scene_03-Z0343", "scene": "scene_03", "pixel_count": 37, "approx_area_m2": 33300.0, "centroid_x": 552702.1621621621, "centroid_y": 1954326.4864864864, "centroid_lon": 33.496928634022325, "centroid_lat": 17.675250296925, "mean_risk": 1.9359592199325562, "max_risk": 2.1905438899993896, "median_risk": 1.9192545413970947, "high_priority_pixel_pct": 100.0, "priority_category": "HIGH PRIORITY", "threshold_type": "95th percentile prioritisation threshold", "recommendation": "Spectral-stress evidence detected. Prioritise field inspection to determine the underlying cause. Field verification required.", "priority_rank": 309}}, {"type": "Feature", "geometry": {"type": "Polygon", "coordinates": [[[33.49978647258741, 17.67613349165693], [33.49978572338431, 17.675862333852464], [33.49950286036003, 17.67586305184301], [33.49950211159429, 17.675591894019345], [33.4989363863536, 17.67559332875771], [33.498937134271394, 17.6758644866048], [33.498088545038335, 17.675866635699208], [33.498086305140696, 17.675053162030224], [33.498652028765605, 17.6750517297772], [33.4986512813118, 17.67478057189593], [33.4989341426803, 17.67477985517149], [33.4989333948159, 17.674508697294435], [33.49921625574709, 17.674507980175285], [33.499217004035444, 17.674779138040638], [33.499499865377224, 17.674778420503376], [33.499500614102885, 17.675049578349523], [33.49978347585526, 17.67504886039413], [33.49978497419459, 17.675591176040513], [33.50035069935507, 17.675589738863565], [33.50035144939274, 17.67586089665205], [33.500068586395216, 17.675861615455474], [33.5000693360223, 17.676132773248217], [33.49978647258741, 17.67613349165693]]]}, "properties": {"zone_id": "scene_03-Z0344", "scene": "scene_03", "pixel_count": 23, "approx_area_m2": 20700.0, "centroid_x": 552930.0, "centroid_y": 1954340.8695652173, "centroid_lon": 33.4990772159219, "centroid_lat": 17.675374864999963, "mean_risk": 1.8906155824661255, "max_risk": 2.0576696395874023, "median_risk": 1.876446008682251, "high_priority_pixel_pct": 100.0, "priority_category": "HIGH PRIORITY", "threshold_type": "95th percentile prioritisation threshold", "recommendation": "Spectral-stress evidence detected. Prioritise field inspection to determine the underlying cause. Field verification required.", "priority_rank": 359}}, {"type": "Feature", "geometry": {"type": "Polygon", "coordinates": [[[33.51279817662911, 17.67610002418862], [33.51279510188668, 17.675015395110844], [33.51336082410438, 17.675013920590644], [33.51336159361732, 17.67528507784726], [33.51364445512952, 17.675284339965494], [33.513645995044534, 17.675826654432157], [33.513080270310525, 17.67582812983743], [33.513081039440685, 17.676099287083606], [33.51279817662911, 17.67610002418862]]]}, "properties": {"zone_id": "scene_03-Z0345", "scene": "scene_03", "pixel_count": 9, "approx_area_m2": 8100.0, "centroid_x": 554423.3333333334, "centroid_y": 1954360.0, "centroid_lon": 33.51315794575496, "centroid_lat": 17.67551157489114, "mean_risk": 2.105335235595703, "max_risk": 2.2811050415039062, "median_risk": 2.1407434940338135, "high_priority_pixel_pct": 100.0, "priority_category": "HIGH PRIORITY", "threshold_type": "95th percentile prioritisation threshold", "recommendation": "Spectral-stress evidence detected. Prioritise field inspection to determine the underlying cause. Field verification required.", "priority_rank": 160}}, {"type": "Feature", "geometry": {"type": "Polygon", "coordinates": [[[33.50091567358977, 17.675317142288385], [33.500914922730956, 17.675045984508394], [33.500632061032114, 17.675046704089453], [33.50063131061065, 17.674775546290228], [33.50091417188554, 17.67477482672091], [33.500911919429704, 17.67396135331351], [33.50062905942663, 17.673962072847587], [33.50062605803545, 17.672877441485873], [33.500908916342894, 17.672876721998776], [33.50090816560469, 17.672605564151368], [33.50147388133158, 17.672604123981603], [33.50147463291756, 17.6728752818055], [33.50119177463693, 17.67287600210532], [33.50119553064853, 17.674231791171252], [33.50147839104872, 17.674231070812635], [33.501480646088424, 17.675044544127026], [33.5011977844164, 17.67504526452092], [33.501198535699174, 17.67531642228916], [33.50091567358977, 17.675317142288385]]]}, "properties": {"zone_id": "scene_03-Z0346", "scene": "scene_03", "pixel_count": 19, "approx_area_m2": 17100.0, "centroid_x": 553138.4210526316, "centroid_y": 1954182.6315789474, "centroid_lon": 33.50103840276983, "centroid_lat": 17.673939624089687, "mean_risk": 1.899572491645813, "max_risk": 2.0363311767578125, "median_risk": 1.9040707349777222, "high_priority_pixel_pct": 100.0, "priority_category": "HIGH PRIORITY", "threshold_type": "95th percentile prioritisation threshold", "recommendation": "Spectral-stress evidence detected. Prioritise field inspection to determine the underlying cause. Field verification required.", "priority_rank": 353}}, {"type": "Feature", "geometry": {"type": "Polygon", "coordinates": [[[33.71814602575052, 17.67383104652391], [33.71814387302883, 17.673288752870256], [33.718709567935086, 17.673286688425076], [33.71870849075539, 17.673015541620668], [33.718991337755845, 17.673014508805476], [33.71899026017155, 17.672743362010404], [33.7195559532671, 17.672741295194836], [33.71955918862068, 17.67355473545627], [33.71871064513401, 17.673557835221967], [33.718711722352154, 17.673828982011333], [33.71814602575052, 17.67383104652391]]]}, "properties": {"zone_id": "scene_03-Z0347", "scene": "scene_03", "pixel_count": 12, "approx_area_m2": 10800.0, "centroid_x": 576247.5, "centroid_y": 1954187.5, "centroid_lon": 33.71892179329743, "centroid_lat": 17.673308509404773, "mean_risk": 1.8878282308578491, "max_risk": 2.0371954441070557, "median_risk": 1.869386076927185, "high_priority_pixel_pct": 100.0, "priority_category": "HIGH PRIORITY", "threshold_type": "95th percentile prioritisation threshold", "recommendation": "Spectral-stress evidence detected. Prioritise field inspection to determine the underlying cause. Field verification required.", "priority_rank": 360}}, {"type": "Feature", "geometry": {"type": "Polygon", "coordinates": [[[33.52665054393705, 17.673351861125585], [33.52664975459697, 17.673080704389758], [33.52636689711616, 17.67308146086793], [33.52636610821405, 17.67281030411226], [33.52664896527097, 17.672809547646445], [33.52664817595906, 17.67253839089563], [33.526931032578005, 17.672537634035816], [33.52693024285631, 17.672266477289867], [33.52664738666124, 17.672267234137326], [33.526646597377514, 17.671996077371528], [33.52692945314872, 17.67199532053643], [33.52692787377581, 17.67145300700706], [33.52664501885232, 17.671453763817457], [33.526644229610866, 17.671182607029177], [33.526927084110504, 17.671181850231136], [33.5269262944593, 17.67091069344772], [33.52607773218961, 17.670912962585845], [33.526075367134965, 17.670099492079512], [33.525792514288376, 17.670100247609263], [33.52579093850326, 17.669557933876238], [33.52494238242195, 17.669560197953817], [33.52494002266383, 17.668746727187195], [33.52465717187998, 17.668747481030238], [33.5246579580282, 17.669018637972247], [33.524375106806545, 17.669019391421337], [33.5243743210821, 17.66874823446703], [33.52380861944425, 17.66874974012184], [33.52380704973252, 17.668207426141574], [33.524089899710916, 17.668206673541874], [33.52408832920773, 17.66766435955622], [33.52323978177301, 17.667666616062895], [33.52324056574635, 17.66793777309632], [33.52267486653904, 17.66793927542748], [33.5226740834132, 17.667668118369534], [33.52210838499745, 17.66766961905124], [33.5221091672758, 17.667940776133694], [33.52182631762323, 17.667941525877442], [33.52182475392799, 17.667399211680557], [33.52154190510895, 17.667399960993595], [33.52154112370599, 17.667128803871684], [33.52352106217976, 17.667123550235477], [33.52352027782469, 17.66685239319186], [33.5238031256984, 17.666851641059818], [33.52380234093361, 17.666580484020987], [33.52465088319949, 17.666578225224473], [33.52465009717759, 17.666307068215037], [33.524932944147785, 17.666306314482764], [33.524932157716215, 17.666035157478156], [33.52606354376167, 17.666032138536405], [33.52606433188805, 17.66630329549172], [33.52634717878796, 17.66630253972846], [33.52634954452267, 17.667116010512434], [33.52663239267964, 17.667115254305937], [33.526633970753984, 17.66765756809976], [33.526916819744336, 17.667656811462336], [33.52691445138276, 17.666843340797428], [33.52748014677879, 17.666841826378082], [33.52747777600182, 17.666028355719934], [33.52832631517664, 17.66602608115578], [33.52832710669262, 17.66629723801218], [33.52804425989144, 17.66629799661881], [33.528045842118374, 17.666840310333903], [33.52776299445564, 17.666841068559098], [33.52776378516658, 17.66711222541779], [33.527198088951316, 17.667113740674292], [33.527200458626396, 17.667927211279647], [33.52635191038409, 17.667929481228978], [33.526352699032735, 17.668200638119508], [33.525786999286616, 17.66820214941256], [33.52578857493108, 17.668744463220502], [33.52550572418938, 17.66874521828232], [33.52550651160894, 17.66901637518739], [33.52607221392581, 17.669014864632835], [33.526073002206985, 17.669286021505744], [33.5263558537681, 17.66928526560673], [33.52635506506314, 17.66901410874616], [33.526637916186395, 17.669013352453227], [33.52663633797117, 17.668471038734314], [33.527202038480304, 17.66846952497909], [33.52720282842841, 17.668740681817575], [33.52805138035763, 17.66873840810074], [33.52805217159117, 17.66900956489461], [33.52861787365424, 17.66900804702733], [33.52861866574948, 17.66927920378892], [33.52748725987168, 17.66928223794798], [33.52748805028589, 17.669553394751613], [33.52720519835736, 17.669554152288075], [33.52720677838051, 17.67009646589762], [33.527489631156655, 17.67009570833642], [33.52748884071422, 17.669824551547762], [33.52777169305244, 17.669823793592656], [33.527770902200324, 17.669552636808877], [33.528053754100625, 17.66955187845987], [33.52805454537655, 17.669823035231257], [33.52833739768652, 17.669822276463584], [33.52833818940038, 17.670093433215097], [33.52805533666659, 17.670094191995155], [33.52805691928907, 17.670636505500468], [33.52777406569352, 17.67063726389901], [33.527774856602115, 17.67090842065281], [33.52720914852102, 17.670909936255725], [33.52721072868521, 17.671452249790345], [33.5274935835805, 17.6714514921673], [33.5274967457736, 17.672536119097135], [33.52777960235023, 17.672535361018266], [33.527780393357666, 17.672806517719618], [33.52749753635715, 17.67280727581086], [33.527499117566606, 17.673349589215825], [33.52665054393705, 17.673351861125585]], [[33.526359797504135, 17.67064104979717], [33.526642651170214, 17.670640293430143], [33.526641861971015, 17.670369136619385], [33.52635900872877, 17.670369892974062], [33.526359797504135, 17.67064104979717]], [[33.526357431220276, 17.66982757930538], [33.526640283614896, 17.6698268229754], [33.526639494457974, 17.66955566614217], [33.526356642487144, 17.669556422459802], [33.526357431220276, 17.66982757930538]], [[33.525222086451905, 17.66847481601301], [33.52550493678389, 17.668474061369768], [33.525504149392454, 17.668202904449718], [33.525786999286616, 17.66820214941256], [33.52578621148549, 17.667930992497354], [33.52550336201508, 17.667931747522186], [33.52550257465175, 17.667660590587158], [33.52465402742746, 17.667662853187284], [33.52465481351953, 17.66793401015926], [33.52493766303209, 17.667933256353137], [33.524938449561965, 17.668204413305315], [33.52522129948423, 17.668203659080636], [33.525222086451905, 17.66847481601301]], [[33.524652455285405, 17.66712053922086], [33.525218151754046, 17.667119031276247], [33.52521736485662, 17.666847874306423], [33.52550021264615, 17.666847119737117], [33.525499425339056, 17.666575962772118], [33.52465088319949, 17.666578225224473], [33.524652455285405, 17.66712053922086]]]}, "properties": {"zone_id": "scene_03-Z0348", "scene": "scene_03", "pixel_count": 188, "approx_area_m2": 169200.0, "centroid_x": 555775.3723404255, "centroid_y": 1953617.7127659575, "centroid_lon": 33.52588644032104, "centroid_lat": 17.668768721573564, "mean_risk": 1.9955521821975708, "max_risk": 2.4843215942382812, "median_risk": 1.9641392230987549, "high_priority_pixel_pct": 100.0, "priority_category": "HIGH PRIORITY", "threshold_type": "95th percentile prioritisation threshold", "recommendation": "Spectral-stress evidence detected. Prioritise field inspection to determine the underlying cause. Field verification required.", "priority_rank": 252}}, {"type": "Feature", "geometry": {"type": "Polygon", "coordinates": [[[33.63187264201689, 17.673042254395565], [33.63187169499411, 17.67277110271381], [33.630740288024136, 17.672774730829353], [33.63073839742007, 17.67223242732488], [33.631021248340204, 17.67223152093507], [33.63101935695597, 17.671689217430156], [33.63130220701155, 17.671688310663647], [33.631301260920935, 17.67141715891473], [33.63158411053581, 17.67141625175673], [33.631586003581575, 17.671958555217437], [33.63215170445593, 17.671956739623276], [33.63215359926464, 17.672499042994673], [33.632436450524125, 17.67249813455848], [33.6324373983777, 17.672769286218085], [33.63215454669436, 17.67277019466911], [33.63215549414099, 17.673041346336035], [33.63187264201689, 17.673042254395565]]]}, "properties": {"zone_id": "scene_03-Z0349", "scene": "scene_03", "pixel_count": 19, "approx_area_m2": 17100.0, "centroid_x": 566979.4736842106, "centroid_y": 1954045.2631578948, "centroid_lon": 33.63153516981673, "centroid_lat": 17.672322636512718, "mean_risk": 2.4257333278656006, "max_risk": 3.569417715072632, "median_risk": 2.292259454727173, "high_priority_pixel_pct": 100.0, "priority_category": "HIGH PRIORITY", "threshold_type": "95th percentile prioritisation threshold", "recommendation": "Spectral-stress evidence detected. Prioritise field inspection to determine the underlying cause. Field verification required.", "priority_rank": 54}}, {"type": "Feature", "geometry": {"type": "Polygon", "coordinates": [[[33.626780361506235, 17.672787378036606], [33.62677754342688, 17.671973922149256], [33.627060394158725, 17.67197302146254], [33.627059454408645, 17.671701869499785], [33.62734230469989, 17.671700968421476], [33.62734042440242, 17.671158664502858], [33.62705757495882, 17.671159565551743], [33.62705569557608, 17.670617261573668], [33.62733854417208, 17.67061636055421], [33.62733760408209, 17.67034520856862], [33.627620452237515, 17.6703443071576], [33.6276213927513, 17.67061545912847], [33.62818708985935, 17.670613655058165], [33.62818803123752, 17.670884806992078], [33.627905182268094, 17.670885709245095], [33.62790612323927, 17.671156861186226], [33.62762327382924, 17.67115776304768], [33.62762797681792, 17.67251352271435], [33.62706227370921, 17.672515325365545], [33.627063213509615, 17.672786477305777], [33.626780361506235, 17.672787378036606]]]}, "properties": {"zone_id": "scene_03-Z0350", "scene": "scene_03", "pixel_count": 19, "approx_area_m2": 17100.0, "centroid_x": 566538.947368421, "centroid_y": 1953956.8421052631, "centroid_lon": 33.62737895276399, "centroid_lat": 17.671536731541472, "mean_risk": 2.3193955421447754, "max_risk": 3.1610236167907715, "median_risk": 2.2405080795288086, "high_priority_pixel_pct": 100.0, "priority_category": "HIGH PRIORITY", "threshold_type": "95th percentile prioritisation threshold", "recommendation": "Spectral-stress evidence detected. Prioritise field inspection to determine the underlying cause. Field verification required.", "priority_rank": 84}}, {"type": "Feature", "geometry": {"type": "Polygon", "coordinates": [[[33.63836484333266, 17.669225146793394], [33.638363886800285, 17.66895399534914], [33.63864673217646, 17.66895307816863], [33.63864768913259, 17.669224229597905], [33.63836484333266, 17.669225146793394]]]}, "properties": {"zone_id": "scene_03-Z0351", "scene": "scene_03", "pixel_count": 76, "approx_area_m2": 68400.0, "centroid_x": 567598.4210526316, "centroid_y": 1953854.2105263157, "centroid_lon": 33.637364746529585, "centroid_lat": 17.670577023775582, "mean_risk": 2.754807233810425, "max_risk": 4.4702839851379395, "median_risk": 2.561720848083496, "high_priority_pixel_pct": 100.0, "priority_category": "HIGH PRIORITY", "threshold_type": "95th percentile prioritisation threshold", "recommendation": "Spectral-stress evidence detected. Prioritise field inspection to determine the underlying cause. Field verification required.", "priority_rank": 21}}, {"type": "Feature", "geometry": {"type": "Polygon", "coordinates": [[[33.52183413693706, 17.670653096412384], [33.521833354942856, 17.670381939392602], [33.52211620840951, 17.670381189538666], [33.52211699082753, 17.67065234654621], [33.52183413693706, 17.670653096412384]]]}, "properties": {"zone_id": "scene_03-Z0352", "scene": "scene_03", "pixel_count": 18, "approx_area_m2": 16200.0, "centroid_x": 555336.6666666666, "centroid_y": 1953891.6666666667, "centroid_lon": 33.52175730396271, "centroid_lat": 17.671255875772243, "mean_risk": 2.005451202392578, "max_risk": 2.1860573291778564, "median_risk": 2.0313544273376465, "high_priority_pixel_pct": 100.0, "priority_category": "HIGH PRIORITY", "threshold_type": "95th percentile prioritisation threshold", "recommendation": "Spectral-stress evidence detected. Prioritise field inspection to determine the underlying cause. Field verification required.", "priority_rank": 241}}, {"type": "Feature", "geometry": {"type": "Polygon", "coordinates": [[[33.736804034276396, 17.671321747914053], [33.736801825962466, 17.67077945637713], [33.73651898357893, 17.670780514651025], [33.73651456888259, 17.66969593141776], [33.73679740957114, 17.669694873212975], [33.73679630552258, 17.66942372740313], [33.7370791457677, 17.669422668809407], [33.73707804131514, 17.66915152300932], [33.737360881116814, 17.669150464026682], [33.73736640569548, 17.67050619286543], [33.73708356377514, 17.670507251934524], [33.737086877487755, 17.67132068919935], [33.736804034276396, 17.671321747914053]]]}, "properties": {"zone_id": "scene_03-Z0353", "scene": "scene_03", "pixel_count": 16, "approx_area_m2": 14400.0, "centroid_x": 578161.875, "centroid_y": 1953847.5, "centroid_lon": 33.73695843999931, "centroid_lat": 17.670168782926392, "mean_risk": 1.863455891609192, "max_risk": 1.9735066890716553, "median_risk": 1.8498804569244385, "high_priority_pixel_pct": 100.0, "priority_category": "HIGH PRIORITY", "threshold_type": "95th percentile prioritisation threshold", "recommendation": "Spectral-stress evidence detected. Prioritise field inspection to determine the underlying cause. Field verification required.", "priority_rank": 377}}, {"type": "Feature", "geometry": {"type": "Polygon", "coordinates": [[[33.62960227583242, 17.670880289632784], [33.629601332335255, 17.670609137772622], [33.62931848387373, 17.67061004204228], [33.629317540817205, 17.670338890159847], [33.62903469276263, 17.67033979400848], [33.629033750146725, 17.670068642103786], [33.62931659777751, 17.670067738269918], [33.62931565475465, 17.66979658637248], [33.62959850194483, 17.66979568214711], [33.62959755851504, 17.669524530256925], [33.630728945412166, 17.669520909352038], [33.63072800030418, 17.66924975751347], [33.63044515402895, 17.669250663334267], [33.63044326471109, 17.668708359605024], [33.63072611013882, 17.668707453813795], [33.63072422004096, 17.668165150084107], [33.631007064604354, 17.66816424391625], [33.63100517372654, 17.66762194018613], [33.63185370477312, 17.667619219334124], [33.631854651474725, 17.667890371158517], [33.632137495546836, 17.667889463380618], [33.63213844268907, 17.668160615182686], [33.63242128716798, 17.668159706983758], [33.63242033960203, 17.66788855519653], [33.63270318364031, 17.66788764660623], [33.63270507963658, 17.66842995014351], [33.63327076935726, 17.668428131684905], [33.63326602525638, 17.667072372933855], [33.633548867972756, 17.66707146316951], [33.63354791877971, 17.666800311411638], [33.63411360331421, 17.666798490694106], [33.63411265329075, 17.666527338958456], [33.63467833691003, 17.666525516645965], [33.63467738605618, 17.666254364932566], [33.63496022741669, 17.66625345318195], [33.63496117869421, 17.666524604880458], [33.63524402046141, 17.66652369270878], [33.63524497217959, 17.66679484438489], [33.63552781435348, 17.66679393179214], [33.63552876651236, 17.667065083445838], [33.63609445165649, 17.667063257011975], [33.63609826385166, 17.6681478634324], [33.635815419593264, 17.668148776912087], [33.63581637226087, 17.66841992851334], [33.63553352756173, 17.668420841601723], [33.6355354321005, 17.668963144811535], [33.635818277647104, 17.668962231693335], [33.63581923036574, 17.66923338327207], [33.63553638439538, 17.669234296405175], [33.635540193744916, 17.670318902704665], [33.63469165064663, 17.670321639845305], [33.63469069955509, 17.67005048823701], [33.63440785224546, 17.67005139978981], [33.63440690159467, 17.669780248159125], [33.63412405469185, 17.66978115929079], [33.634121204112574, 17.66896770430905], [33.633272667116195, 17.668970435132774], [33.63327456494289, 17.66951273855062], [33.63299171839603, 17.669513648042425], [33.63299361544295, 17.670055951459936], [33.632710768031615, 17.670056860575187], [33.6327117161567, 17.670328012287527], [33.63242886830465, 17.67032892101135], [33.632429816022864, 17.670600072731016], [33.631864119420456, 17.67060188898952], [33.63186222569608, 17.670059585483376], [33.63157937821709, 17.67006049297359], [33.63158032464704, 17.670331644745232], [33.63129747672737, 17.67033255184399], [33.631298422750426, 17.670603703622934], [33.630732726012845, 17.67060551663126], [33.63073367120519, 17.6708766684323], [33.62960227583242, 17.670880289632784]]]}, "properties": {"zone_id": "scene_03-Z0354", "scene": "scene_03", "pixel_count": 207, "approx_area_m2": 186300.0, "centroid_x": 567135.2173913043, "centroid_y": 1953660.579710145, "centroid_lon": 33.63299141511554, "centroid_lat": 17.668841001786568, "mean_risk": 2.8468761444091797, "max_risk": 5.339625835418701, "median_risk": 2.6343066692352295, "high_priority_pixel_pct": 100.0, "priority_category": "HIGH PRIORITY", "threshold_type": "95th percentile prioritisation threshold", "recommendation": "Spectral-stress evidence detected. Prioritise field inspection to determine the underlying cause. Field verification required.", "priority_rank": 17}}, {"type": "Feature", "geometry": {"type": "Polygon", "coordinates": [[[33.640348601738886, 17.670303323176096], [33.64034764217175, 17.67003217186684], [33.64006479520315, 17.67003309154479], [33.64006191787581, 17.669219637526925], [33.64062760925329, 17.669217797854888], [33.6406285691928, 17.66948894917164], [33.64091141527959, 17.669488028711232], [33.640913336057544, 17.670030331292168], [33.64063048912322, 17.670031251782632], [33.64063144911413, 17.670302403076867], [33.640348601738886, 17.670303323176096]]]}, "properties": {"zone_id": "scene_03-Z0355", "scene": "scene_03", "pixel_count": 9, "approx_area_m2": 8100.0, "centroid_x": 567926.6666666666, "centroid_y": 1953760.0, "centroid_lon": 33.64045651854486, "centroid_lat": 17.669715470907782, "mean_risk": 2.558919668197632, "max_risk": 3.2849621772766113, "median_risk": 2.701261520385742, "high_priority_pixel_pct": 100.0, "priority_category": "HIGH PRIORITY", "threshold_type": "95th percentile prioritisation threshold", "recommendation": "Spectral-stress evidence detected. Prioritise field inspection to determine the underlying cause. Field verification required.", "priority_rank": 41}}, {"type": "Feature", "geometry": {"type": "Polygon", "coordinates": [[[33.521252808832635, 17.665231452617537], [33.521251247111245, 17.66468913822192], [33.521534091707245, 17.66468838943739], [33.52153331044381, 17.664417232240577], [33.523230375184674, 17.664412731077597], [33.52323115899006, 17.664683888200898], [33.522948314477865, 17.664684639422372], [33.52294909787358, 17.66495579655046], [33.522666252923734, 17.664956547378033], [33.52266703590977, 17.66522770451089], [33.52210134512081, 17.66522920497206], [33.52210056298212, 17.664958047814704], [33.52181771799036, 17.664958797423797], [33.52181849970537, 17.665229954593393], [33.521252808832635, 17.665231452617537]]]}, "properties": {"zone_id": "scene_03-Z0356", "scene": "scene_03", "pixel_count": 30, "approx_area_m2": 27000.0, "centroid_x": 555314.0, "centroid_y": 1953219.0, "centroid_lon": 33.521526069838195, "centroid_lat": 17.665176497339548, "mean_risk": 1.9786990880966187, "max_risk": 2.2518248558044434, "median_risk": 1.9599297046661377, "high_priority_pixel_pct": 100.0, "priority_category": "HIGH PRIORITY", "threshold_type": "95th percentile prioritisation threshold", "recommendation": "Spectral-stress evidence detected. Prioritise field inspection to determine the underlying cause. Field verification required.", "priority_rank": 269}}, {"type": "Feature", "geometry": {"type": "Polygon", "coordinates": [[[33.52153956094194, 17.666586489605386], [33.52153877958085, 17.666315332461], [33.521821626705005, 17.6663145831969], [33.521820844934155, 17.666043426057257], [33.52238653829318, 17.66604192633496], [33.52238575568891, 17.66577076921232], [33.52266860192377, 17.665770018754134], [33.522667818909774, 17.665498861636255], [33.52295066470697, 17.665498110784153], [33.522949881283274, 17.665226953671052], [33.5232327266428, 17.665226202425035], [33.52323351049017, 17.665497359525872], [33.52351635625938, 17.665496607861414], [33.523517140544435, 17.66576776494248], [33.52323429435153, 17.66576851661922], [33.523235078226904, 17.666039673705075], [33.52266938495174, 17.66604117586452], [33.522670167993695, 17.66631233296742], [33.522104473815205, 17.666313833526605], [33.52210525602372, 17.666584990646513], [33.52153956094194, 17.666586489605386]]]}, "properties": {"zone_id": "scene_03-Z0357", "scene": "scene_03", "pixel_count": 12, "approx_area_m2": 10800.0, "centroid_x": 555427.5, "centroid_y": 1953305.0, "centroid_lon": 33.52259841231284, "centroid_lat": 17.66595097781656, "mean_risk": 1.9145623445510864, "max_risk": 2.040938377380371, "median_risk": 1.8994591236114502, "high_priority_pixel_pct": 100.0, "priority_category": "HIGH PRIORITY", "threshold_type": "95th percentile prioritisation threshold", "recommendation": "Spectral-stress evidence detected. Prioritise field inspection to determine the underlying cause. Field verification required.", "priority_rank": 326}}, {"type": "Feature", "geometry": {"type": "Polygon", "coordinates": [[[33.525776758969, 17.664677108930523], [33.52577597135071, 17.66440595191793], [33.526058815298946, 17.664405196647216], [33.52605723925727, 17.66386288262423], [33.52662292541693, 17.66386137091373], [33.526621347737034, 17.663319056910165], [33.52775271649821, 17.663316028714437], [33.52775350702562, 17.663587185670504], [33.528036349604264, 17.663586427593888], [33.528037140569424, 17.663857584530085], [33.52718861152024, 17.663859857578682], [33.527189401228604, 17.664131014544516], [33.52690655776035, 17.664131771427463], [33.526907347059165, 17.664402928398175], [33.5263416592331, 17.664404440970355], [33.526342447698696, 17.664675597958272], [33.525776758969, 17.664677108930523]]]}, "properties": {"zone_id": "scene_03-Z0358", "scene": "scene_03", "pixel_count": 18, "approx_area_m2": 16200.0, "centroid_x": 555880.0, "centroid_y": 1953080.0, "centroid_lon": 33.526858759501536, "centroid_lat": 17.663905933385447, "mean_risk": 1.9770978689193726, "max_risk": 2.205901861190796, "median_risk": 1.9806609153747559, "high_priority_pixel_pct": 100.0, "priority_category": "HIGH PRIORITY", "threshold_type": "95th percentile prioritisation threshold", "recommendation": "Spectral-stress evidence detected. Prioritise field inspection to determine the underlying cause. Field verification required.", "priority_rank": 271}}, {"type": "Feature", "geometry": {"type": "Polygon", "coordinates": [[[33.52379606331974, 17.664411227440723], [33.523795278681064, 17.664140070334486], [33.523229591393296, 17.664141573946797], [33.52322802385251, 17.663599259662735], [33.52351086665612, 17.663598508084203], [33.5235100824831, 17.66332735094321], [33.52407576720105, 17.66332584659232], [33.524076552221324, 17.66359700370874], [33.52492508046397, 17.663594744099562], [33.5249266530884, 17.664137058236125], [33.5246438095076, 17.66413781186993], [33.524643023612015, 17.663866654793086], [33.52436018044083, 17.663867408008443], [33.52436096591278, 17.66413856509759], [33.52407812230393, 17.66413931791911], [33.52407890736626, 17.664410475013064], [33.52379606331974, 17.664411227440723]]]}, "properties": {"zone_id": "scene_03-Z0359", "scene": "scene_03", "pixel_count": 14, "approx_area_m2": 12600.0, "centroid_x": 555576.4285714285, "centroid_y": 1953070.7142857143, "centroid_lon": 33.523996412783085, "centroid_lat": 17.663829639101532, "mean_risk": 1.954476237297058, "max_risk": 2.3340818881988525, "median_risk": 1.8861311674118042, "high_priority_pixel_pct": 100.0, "priority_category": "HIGH PRIORITY", "threshold_type": "95th percentile prioritisation threshold", "recommendation": "Spectral-stress evidence detected. Prioritise field inspection to determine the underlying cause. Field verification required.", "priority_rank": 292}}, {"type": "Feature", "geometry": {"type": "Polygon", "coordinates": [[[33.52209743456704, 17.66387341911037], [33.52209665249819, 17.663602261915564], [33.52237949535773, 17.663601511961556], [33.522378712879224, 17.663330354771503], [33.52181302799341, 17.6633318542489], [33.521813809624675, 17.663603011463437], [33.52124812383578, 17.6636045093408], [33.521247343051776, 17.663333352101798], [33.52153018552957, 17.66333260337841], [33.52152940433588, 17.663061446144148], [33.521812246376115, 17.663060697026875], [33.521809901607945, 17.662247225315845], [33.5220927423634, 17.662246475829175], [33.522093524362425, 17.662517633061434], [33.522659206678625, 17.662516132845298], [33.522658423832404, 17.66224497563754], [33.52350694593105, 17.662242722304352], [33.52350537773904, 17.66170040794], [33.52322253790066, 17.661701159432614], [33.52322332156608, 17.66197231663081], [33.522940481290114, 17.6619730677296], [33.522939698048276, 17.661701910519138], [33.52237401830156, 17.661703411473933], [33.52237167120136, 17.660889939724047], [33.522654509811005, 17.66088918948645], [33.52265529258733, 17.661160346731652], [33.52293813160656, 17.661159596075727], [33.52293891482042, 17.66143075330118], [33.523504593664036, 17.661429250746583], [33.523503025556046, 17.660886936337285], [33.52378586410973, 17.66088618447543], [33.52378507965319, 17.660615027271835], [33.523502241523055, 17.660615779121407], [33.52350145750407, 17.660344621898037], [33.524349970581795, 17.660342365168013], [33.52434840004464, 17.65980005077253], [33.525479747230314, 17.65979703621294], [33.52548053418599, 17.660068193365177], [33.52463202254721, 17.660070454930874], [33.52463673695247, 17.661697397908704], [33.524353897170144, 17.661698151025657], [33.52435232649273, 17.661155836705063], [33.524069487543514, 17.66115658939134], [33.524070272451645, 17.66142774656768], [33.52378743306485, 17.66142849886017], [33.52378821756342, 17.6616996560413], [33.52407105737379, 17.661698903736525], [33.52407419720255, 17.66278353233701], [33.52322567264632, 17.66278578818047], [33.523224888938906, 17.662514631004733], [33.52294204781576, 17.662515382128067], [33.52294283109957, 17.662786539316073], [33.52265998953883, 17.66278729004556], [33.522663121119436, 17.66387191877171], [33.52209743456704, 17.66387341911037]]]}, "properties": {"zone_id": "scene_03-Z0360", "scene": "scene_03", "pixel_count": 59, "approx_area_m2": 53100.0, "centroid_x": 555503.3898305085, "centroid_y": 1952848.9830508474, "centroid_lon": 33.52330200250016, "centroid_lat": 17.66182733613933, "mean_risk": 1.9673736095428467, "max_risk": 2.369652032852173, "median_risk": 1.9558085203170776, "high_priority_pixel_pct": 100.0, "priority_category": "HIGH PRIORITY", "threshold_type": "95th percentile prioritisation threshold", "recommendation": "Spectral-stress evidence detected. Prioritise field inspection to determine the underlying cause. Field verification required.", "priority_rank": 278}}, {"type": "Feature", "geometry": {"type": "Polygon", "coordinates": [[[33.52577045841651, 17.662507852620063], [33.525769670910734, 17.662236695547556], [33.526052511469985, 17.662235940375517], [33.526050935653466, 17.6616936262327], [33.52718229436102, 17.661690601582382], [33.527183083956565, 17.661961758608133], [33.527465924021804, 17.661961001417975], [33.52746750410239, 17.662503315422278], [33.526901822263454, 17.66250482944595], [33.5269010330633, 17.66223367242282], [33.526335352015174, 17.66223518479738], [33.52633614036814, 17.662506341845216], [33.52577045841651, 17.662507852620063]]]}, "properties": {"zone_id": "scene_03-Z0361", "scene": "scene_03", "pixel_count": 13, "approx_area_m2": 11700.0, "centroid_x": 555860.7692307692, "centroid_y": 1952880.0, "centroid_lon": 33.52667219053076, "centroid_lat": 17.662098704865652, "mean_risk": 1.9593344926834106, "max_risk": 2.2709827423095703, "median_risk": 1.9185563325881958, "high_priority_pixel_pct": 100.0, "priority_category": "HIGH PRIORITY", "threshold_type": "95th percentile prioritisation threshold", "recommendation": "Spectral-stress evidence detected. Prioritise field inspection to determine the underlying cause. Field verification required.", "priority_rank": 287}}, {"type": "Feature", "geometry": {"type": "Polygon", "coordinates": [[[33.52124187795412, 17.661435251219086], [33.52124031662312, 17.660892936613767], [33.52152315528862, 17.660892188000435], [33.52152237422048, 17.660621030698774], [33.52180521244847, 17.66062028169161], [33.52180443097074, 17.660349124394692], [33.52208726876123, 17.660348374993713], [33.522086486873924, 17.66007721770155], [33.52293499889097, 17.660074967099064], [33.52293578204888, 17.66034612435446], [33.52237010653776, 17.660347625186677], [33.52237088886257, 17.660618782459107], [33.522088050662504, 17.66061953227839], [33.522088832577744, 17.660890689555576], [33.521805993940156, 17.660891438981036], [33.5218067754458, 17.661162596262983], [33.5215239363707, 17.661163345294614], [33.52152471746673, 17.661434502581297], [33.52124187795412, 17.661435251219086]]]}, "properties": {"zone_id": "scene_03-Z0362", "scene": "scene_03", "pixel_count": 10, "approx_area_m2": 9000.0, "centroid_x": 555363.0, "centroid_y": 1952718.0, "centroid_lon": 33.52197499355252, "centroid_lat": 17.66064694782095, "mean_risk": 1.9317213296890259, "max_risk": 2.0985543727874756, "median_risk": 1.8963301181793213, "high_priority_pixel_pct": 100.0, "priority_category": "HIGH PRIORITY", "threshold_type": "95th percentile prioritisation threshold", "recommendation": "Spectral-stress evidence detected. Prioritise field inspection to determine the underlying cause. Field verification required.", "priority_rank": 315}}, {"type": "Feature", "geometry": {"type": "Polygon", "coordinates": [[[33.521520812126056, 17.660078716072984], [33.52151925008743, 17.65953640141724], [33.52095357697787, 17.659537898115598], [33.52095201668908, 17.658995583381], [33.52208335946433, 17.658992588458016], [33.5220849231412, 17.65953490309476], [33.52180208662129, 17.659535652459017], [33.52180364950697, 17.66007796709029], [33.521520812126056, 17.660078716072984]]]}, "properties": {"zone_id": "scene_03-Z0363", "scene": "scene_03", "pixel_count": 10, "approx_area_m2": 9000.0, "centroid_x": 555318.0, "centroid_y": 1952577.0, "centroid_lon": 33.52154706511533, "centroid_lat": 17.659373632137857, "mean_risk": 2.0495431423187256, "max_risk": 2.3364217281341553, "median_risk": 2.014068126678467, "high_priority_pixel_pct": 100.0, "priority_category": "HIGH PRIORITY", "threshold_type": "95th percentile prioritisation threshold", "recommendation": "Spectral-stress evidence detected. Prioritise field inspection to determine the underlying cause. Field verification required.", "priority_rank": 206}}, {"type": "Feature", "geometry": {"type": "Polygon", "coordinates": [[[33.52349205036835, 17.657090734633535], [33.52349126653137, 17.656819577312827], [33.5249054273973, 17.65681581486498], [33.5249062133515, 17.65708697212422], [33.52349205036835, 17.657090734633535]]]}, "properties": {"zone_id": "scene_03-Z0384", "scene": "scene_03", "pixel_count": 15, "approx_area_m2": 13500.0, "centroid_x": 555536.0, "centroid_y": 1948590.0, "centroid_lon": 33.52349825626225, "centroid_lat": 17.623331315664217, "mean_risk": 2.1060328483581543, "max_risk": 2.4070985317230225, "median_risk": 2.1017355918884277, "high_priority_pixel_pct": 100.0, "priority_category": "HIGH PRIORITY", "threshold_type": "95th percentile prioritisation threshold", "recommendation": "Spectral-stress evidence detected. Prioritise field inspection to determine the underlying cause. Field verification required.", "priority_rank": 159}}, {"type": "Feature", "geometry": {"type": "Polygon", "coordinates": [[[33.63773324944612, 17.6505175106392], [33.63773134044741, 17.649975206647746], [33.6380141562141, 17.64997429132693], [33.638013201317115, 17.64970313933491], [33.63829601664352, 17.649702223623294], [33.63829506134039, 17.64943107163874], [33.63857787622654, 17.649430155536333], [33.63857883195287, 17.649701307505914], [33.63886164724514, 17.64970039098278], [33.63886260341176, 17.649971542929883], [33.63857978769628, 17.649972459468], [33.638580743456764, 17.650243611422578], [33.63829792730099, 17.6502445275699], [33.63829888265532, 17.650515679531953], [33.63773324944612, 17.6505175106392]]]}, "properties": {"zone_id": "scene_03-Z0365", "scene": "scene_03", "pixel_count": 9, "approx_area_m2": 8100.0, "centroid_x": 567700.0, "centroid_y": 1951580.0, "centroid_lon": 33.638249995216576, "centroid_lat": 17.650018720245484, "mean_risk": 2.0079503059387207, "max_risk": 2.1866350173950195, "median_risk": 1.958166480064392, "high_priority_pixel_pct": 100.0, "priority_category": "HIGH PRIORITY", "threshold_type": "95th percentile prioritisation threshold", "recommendation": "Spectral-stress evidence detected. Prioritise field inspection to determine the underlying cause. Field verification required.", "priority_rank": 239}}, {"type": "Feature", "geometry": {"type": "Polygon", "coordinates": [[[33.62613494229483, 17.649741232820432], [33.62613306810111, 17.64919892756877], [33.62669869846448, 17.649197129882534], [33.62669776054635, 17.648925977274832], [33.62641494579623, 17.648926876306128], [33.626414008318044, 17.648655723676235], [33.62556556523678, 17.648658418291625], [33.625563692869704, 17.64811611292127], [33.625846506400514, 17.64811521515123], [33.625843696705886, 17.64730175708347], [33.62612650895049, 17.64730085895174], [33.62612463505814, 17.64675855356511], [33.62669025780456, 17.6467567561433], [33.62668838228669, 17.646214450785436], [33.626971192788524, 17.646213551495393], [33.62696931649146, 17.645671246136942], [33.627252126130315, 17.64567034647063], [33.627251187583845, 17.645399193794862], [33.62753399678282, 17.645398293737603], [33.627535874738754, 17.645940599052214], [33.628101494778775, 17.64593879766183], [33.62810243462813, 17.646209950278447], [33.62838524504606, 17.646209048960014], [33.62838618533533, 17.6464802015544], [33.62895180696702, 17.646478397671018], [33.628953689288466, 17.647020702778324], [33.62810525427696, 17.6470234080833], [33.628106194193485, 17.647294560669916], [33.62838900630394, 17.64729365929256], [33.628390887033696, 17.647835964413844], [33.62782526110339, 17.64783776682178], [33.62782620064715, 17.648108919400638], [33.627543387233644, 17.648109820010752], [33.62754526552517, 17.648652125175403], [33.62726245124854, 17.648653025409214], [33.627263389996294, 17.648924177995003], [33.626980575279696, 17.64892507783779], [33.626982451979124, 17.64946738301629], [33.62669963639937, 17.649468282482736], [33.62670057435102, 17.64973943507544], [33.62613494229483, 17.649741232820432]], [[33.62612931991458, 17.64811431697546], [33.62697776035631, 17.648111620013804], [33.62697682208204, 17.647840467390814], [33.62669400904139, 17.647841366769057], [33.62669307120704, 17.64757021412386], [33.62612744592178, 17.647572011633812], [33.62612931991458, 17.64811431697546]], [[33.6272577577614, 17.647297262367783], [33.6275405699222, 17.64729636220753], [33.627538691798485, 17.6467540569679], [33.62725588048395, 17.646754957098725], [33.6272577577614, 17.647297262367783]]]}, "properties": {"zone_id": "scene_03-Z0366", "scene": "scene_03", "pixel_count": 79, "approx_area_m2": 71100.0, "centroid_x": 566524.1772151899, "centroid_y": 1951294.17721519, "centroid_lon": 33.6271563305178, "centroid_lat": 17.647470918754014, "mean_risk": 2.013784170150757, "max_risk": 2.3131542205810547, "median_risk": 1.9963511228561401, "high_priority_pixel_pct": 100.0, "priority_category": "HIGH PRIORITY", "threshold_type": "95th percentile prioritisation threshold", "recommendation": "Spectral-stress evidence detected. Prioritise field inspection to determine the underlying cause. Field verification required.", "priority_rank": 236}}, {"type": "Feature", "geometry": {"type": "Polygon", "coordinates": [[[33.63603254163743, 17.64943838585086], [33.636031589736945, 17.649167233739266], [33.63574877512066, 17.649168146174976], [33.63574592079081, 17.648354689750466], [33.636028734137554, 17.64835377735949], [33.636026830489655, 17.647811473068806], [33.63630964297307, 17.647810560301945], [33.63630869075148, 17.647539408160267], [33.63687431482093, 17.647537581439252], [33.63687622097375, 17.648079885655385], [33.63659340810121, 17.648080799248614], [33.63659436078, 17.648351951360358], [33.63715998735436, 17.648350123738325], [33.63716094089652, 17.64862127581269], [33.63744375458132, 17.64862036137814], [33.63744566256312, 17.6491626654745], [33.63631440433623, 17.649166320897805], [33.636315356659914, 17.649437472994485], [33.63603254163743, 17.64943838585086]], [[33.63659626618865, 17.648894255561352], [33.636879080330694, 17.648893341923333], [33.63687812719468, 17.648622189841515], [33.63659531347581, 17.648623103464608], [33.63659626618865, 17.648894255561352]]]}, "properties": {"zone_id": "scene_03-Z0367", "scene": "scene_03", "pixel_count": 24, "approx_area_m2": 21600.0, "centroid_x": 567515.0, "centroid_y": 1951417.5, "centroid_lon": 33.63650080409212, "centroid_lat": 17.648555619888867, "mean_risk": 1.9881521463394165, "max_risk": 2.2594850063323975, "median_risk": 1.9559745788574219, "high_priority_pixel_pct": 100.0, "priority_category": "HIGH PRIORITY", "threshold_type": "95th percentile prioritisation threshold", "recommendation": "Spectral-stress evidence detected. Prioritise field inspection to determine the underlying cause. Field verification required.", "priority_rank": 258}}, {"type": "Feature", "geometry": {"type": "Polygon", "coordinates": [[[33.51187214640977, 17.648715308523386], [33.51187061432092, 17.648172992414867], [33.51215343354361, 17.648172257766138], [33.51215266709651, 17.647901099712662], [33.512435485882314, 17.647900364670182], [33.51243471902572, 17.64762920662124], [33.512151900663106, 17.647629941651697], [33.51215113424341, 17.64735878358326], [33.51243395218283, 17.647358048564815], [33.51243318535365, 17.64708689050091], [33.512998820345025, 17.647085419270855], [33.5129980526832, 17.646814261223515], [33.513563686773374, 17.646812788394612], [33.51356445528153, 17.64708394641788], [33.51328163782014, 17.64708468304723], [33.51328240591886, 17.647355841075054], [33.51299958802056, 17.647356577310706], [33.513002658859904, 17.648441209395326], [33.51271983925511, 17.648441945273355], [33.51272060657602, 17.648713103287832], [33.51187214640977, 17.648715308523386]]]}, "properties": {"zone_id": "scene_03-Z0368", "scene": "scene_03", "pixel_count": 20, "approx_area_m2": 18000.0, "centroid_x": 554376.0, "centroid_y": 1951297.5, "centroid_lon": 33.512633267234726, "centroid_lat": 17.6478320603896, "mean_risk": 1.9338839054107666, "max_risk": 2.09614896774292, "median_risk": 1.9478272199630737, "high_priority_pixel_pct": 100.0, "priority_category": "HIGH PRIORITY", "threshold_type": "95th percentile prioritisation threshold", "recommendation": "Spectral-stress evidence detected. Prioritise field inspection to determine the underlying cause. Field verification required.", "priority_rank": 310}}, {"type": "Feature", "geometry": {"type": "Polygon", "coordinates": [[[33.51073169459693, 17.645464345481084], [33.510730930402396, 17.645193187292822], [33.51101374502502, 17.645192454398906], [33.51101450964267, 17.64546361257519], [33.51073169459693, 17.645464345481084]]]}, "properties": {"zone_id": "scene_03-Z0369", "scene": "scene_03", "pixel_count": 10, "approx_area_m2": 9000.0, "centroid_x": 554109.0, "centroid_y": 1951071.0, "centroid_lon": 33.51011041738261, "centroid_lat": 17.64579134629367, "mean_risk": 1.8724539279937744, "max_risk": 1.974365472793579, "median_risk": 1.8678174018859863, "high_priority_pixel_pct": 100.0, "priority_category": "HIGH PRIORITY", "threshold_type": "95th percentile prioritisation threshold", "recommendation": "Spectral-stress evidence detected. Prioritise field inspection to determine the underlying cause. Field verification required.", "priority_rank": 371}}, {"type": "Feature", "geometry": {"type": "Polygon", "coordinates": [[[33.57973901003461, 17.645544644615086], [33.57973814258529, 17.645273489554203], [33.580020954072786, 17.645272657662485], [33.58002008621587, 17.64500150260771], [33.580302897264765, 17.645000670323935], [33.58030202900026, 17.64472951527527], [33.580584839610545, 17.644728682599446], [33.58058397093848, 17.644457527556895], [33.58086678111015, 17.644456694489037], [33.580864173917874, 17.64364322935733], [33.58114698280482, 17.643642395924694], [33.58114611334874, 17.64337124087944], [33.581711730229884, 17.643369572824557], [33.58171260053207, 17.64364072784254], [33.58142979167622, 17.643641562086433], [33.58143153148113, 17.64418387212721], [33.5811487217636, 17.64418470599274], [33.581150460784535, 17.644727016030824], [33.580867650205306, 17.644727849517967], [33.58086851931599, 17.644999004539393], [33.58058570829814, 17.644999837634494], [33.580586577001256, 17.645270992662052], [33.58030376554478, 17.645271825365104], [33.58030463384031, 17.645542980398787], [33.57973901003461, 17.645544644615086]]]}, "properties": {"zone_id": "scene_03-Z0370", "scene": "scene_03", "pixel_count": 18, "approx_area_m2": 16200.0, "centroid_x": 561583.3333333334, "centroid_y": 1950970.0, "centroid_lon": 33.58056898313454, "centroid_lat": 17.644683536363157, "mean_risk": 1.9128996133804321, "max_risk": 2.0779001712799072, "median_risk": 1.8962500095367432, "high_priority_pixel_pct": 100.0, "priority_category": "HIGH PRIORITY", "threshold_type": "95th percentile prioritisation threshold", "recommendation": "Spectral-stress evidence detected. Prioritise field inspection to determine the underlying cause. Field verification required.", "priority_rank": 331}}, {"type": "Feature", "geometry": {"type": "Polygon", "coordinates": [[[33.732733404599955, 17.643950742679106], [33.73273230834537, 17.6436795959137], [33.73301510864597, 17.643678544639812], [33.73301620532357, 17.643949691388027], [33.732733404599955, 17.643950742679106]]]}, "properties": {"zone_id": "scene_03-Z0371", "scene": "scene_03", "pixel_count": 13, "approx_area_m2": 11700.0, "centroid_x": 577677.6923076923, "centroid_y": 1951029.2307692308, "centroid_lon": 33.73229052575026, "centroid_lat": 17.64471369638357, "mean_risk": 2.096632719039917, "max_risk": 2.344062566757202, "median_risk": 2.0847489833831787, "high_priority_pixel_pct": 100.0, "priority_category": "HIGH PRIORITY", "threshold_type": "95th percentile prioritisation threshold", "recommendation": "Spectral-stress evidence detected. Prioritise field inspection to determine the underlying cause. Field verification required.", "priority_rank": 165}}, {"type": "Feature", "geometry": {"type": "Polygon", "coordinates": [[[33.52572087301491, 17.645424942429035], [33.52572008639495, 17.645153784884887], [33.52543727249289, 17.64515453887425], [33.52543491398665, 17.644341066159924], [33.52600053923809, 17.644339557849495], [33.52600368732603, 17.64542418802166], [33.52572087301491, 17.645424942429035]]]}, "properties": {"zone_id": "scene_03-Z0372", "scene": "scene_03", "pixel_count": 9, "approx_area_m2": 8100.0, "centroid_x": 555780.0, "centroid_y": 1950986.6666666667, "centroid_lon": 33.52586101250614, "centroid_lat": 17.64498770035006, "mean_risk": 1.8517835140228271, "max_risk": 1.8920577764511108, "median_risk": 1.851912260055542, "high_priority_pixel_pct": 100.0, "priority_category": "HIGH PRIORITY", "threshold_type": "95th percentile prioritisation threshold", "recommendation": "Spectral-stress evidence detected. Prioritise field inspection to determine the underlying cause. Field verification required.", "priority_rank": 384}}, {"type": "Feature", "geometry": {"type": "Polygon", "coordinates": [[[33.51582236332354, 17.645451091104352], [33.51582081971584, 17.644908775153677], [33.51610363366823, 17.64490803496956], [33.516095912226575, 17.642196454888296], [33.5166615316285, 17.642194973545237], [33.51666230455664, 17.642466131562813], [33.516945114659926, 17.64246539027075], [33.51694975505729, 17.644092338146365], [33.51666694241562, 17.644093079511144], [33.51667080767802, 17.645448869262346], [33.51582236332354, 17.645451091104352]]]}, "properties": {"zone_id": "scene_03-Z0373", "scene": "scene_03", "pixel_count": 32, "approx_area_m2": 28800.0, "centroid_x": 554780.625, "centroid_y": 1950853.125, "centroid_lon": 33.516436336175566, "centroid_lat": 17.643805576214653, "mean_risk": 2.001321792602539, "max_risk": 2.166221857070923, "median_risk": 2.046304941177368, "high_priority_pixel_pct": 100.0, "priority_category": "HIGH PRIORITY", "threshold_type": "95th percentile prioritisation threshold", "recommendation": "Spectral-stress evidence detected. Prioritise field inspection to determine the underlying cause. Field verification required.", "priority_rank": 247}}, {"type": "Feature", "geometry": {"type": "Polygon", "coordinates": [[[33.73018928967373, 17.644231332959574], [33.73018710475923, 17.64368903912752], [33.72990430426306, 17.64369008634559], [33.7299032122581, 17.643418939401172], [33.72962041216541, 17.64341998619654], [33.729619320602964, 17.643148839227504], [33.73018491992283, 17.643146745265415], [33.730183827533914, 17.64287559832309], [33.730466626741574, 17.642874550750822], [33.73046771955348, 17.64314569767602], [33.7307505191646, 17.643144649681048], [33.73074942592971, 17.64287350277299], [33.73131502424735, 17.642871405600626], [33.73131611832822, 17.643142552474405], [33.73103331875618, 17.643143601280517], [33.73103550613059, 17.643685895039816], [33.73075270569301, 17.643686943474634], [33.730754892299565, 17.64422923723817], [33.73018928967373, 17.644231332959574]]]}, "properties": {"zone_id": "scene_03-Z0374", "scene": "scene_03", "pixel_count": 16, "approx_area_m2": 14400.0, "centroid_x": 577486.875, "centroid_y": 1950890.625, "centroid_lon": 33.730486692300644, "centroid_lat": 17.643467619150854, "mean_risk": 1.9839458465576172, "max_risk": 2.2794418334960938, "median_risk": 1.97696852684021, "high_priority_pixel_pct": 100.0, "priority_category": "HIGH PRIORITY", "threshold_type": "95th percentile prioritisation threshold", "recommendation": "Spectral-stress evidence detected. Prioritise field inspection to determine the underlying cause. Field verification required.", "priority_rank": 263}}, {"type": "Feature", "geometry": {"type": "Polygon", "coordinates": [[[33.63120484837558, 17.643759641105877], [33.63120390402392, 17.64348848858421], [33.6309210980051, 17.643489393811414], [33.63092015409335, 17.643218241267455], [33.6306373484807, 17.64321914607426], [33.63063640500884, 17.642947993508006], [33.630353599802355, 17.64294889789443], [33.630349827775575, 17.64186428749531], [33.63063263129004, 17.641863383168033], [33.63062980117798, 17.641049925334332], [33.630912603406635, 17.641049020645863], [33.6309116596467, 17.640777868034437], [33.63147726320747, 17.640776057470447], [33.631475374046396, 17.640233752284306], [33.63175817495556, 17.640232846423615], [33.6317572299774, 17.63996169383411], [33.63260563133467, 17.639958973863344], [33.63260657758165, 17.640230126408376], [33.63232377672319, 17.64023103348565], [33.632325668421984, 17.640773338582886], [33.63260847012635, 17.64077243147595], [33.632609416424074, 17.641043583998496], [33.633457822704564, 17.641040860199883], [33.633459717888606, 17.641583165133408], [33.633176914966086, 17.641584073501534], [33.63317880937189, 17.642126378434778], [33.6334616131404, 17.64212547003695], [33.63346256079169, 17.642396622477474], [33.633179756600185, 17.642397530890154], [33.633180703845404, 17.64266868333803], [33.632897899213965, 17.642669591359972], [33.6328988460531, 17.642940743815203], [33.63261604098172, 17.642941651446392], [33.63261698741476, 17.643212803908956], [33.632899792909164, 17.64321189626293], [33.632900739782144, 17.64348304870316], [33.6326179338647, 17.64348395636403], [33.63261888033157, 17.643755108811597], [33.63120484837558, 17.643759641105877]]]}, "properties": {"zone_id": "scene_03-Z0375", "scene": "scene_03", "pixel_count": 103, "approx_area_m2": 92700.0, "centroid_x": 567025.3398058253, "centroid_y": 1950694.077669903, "centroid_lon": 33.63186191736488, "centroid_lat": 17.642031881415278, "mean_risk": 2.1303701400756836, "max_risk": 2.6178548336029053, "median_risk": 2.118441581726074, "high_priority_pixel_pct": 100.0, "priority_category": "HIGH PRIORITY", "threshold_type": "95th percentile prioritisation threshold", "recommendation": "Spectral-stress evidence detected. Prioritise field inspection to determine the underlying cause. Field verification required.", "priority_rank": 146}}, {"type": "Feature", "geometry": {"type": "Polygon", "coordinates": [[[33.63487278253163, 17.641307464820706], [33.63486898383983, 17.640222855191105], [33.63458618311689, 17.640223765512616], [33.634584284718706, 17.639681460623066], [33.634867084595776, 17.63968055033132], [33.63486803420931, 17.639951702764964], [33.635433634758385, 17.63994988093514], [33.635436486238554, 17.640763338101713], [33.63571928775645, 17.640762426533804], [33.635720238706774, 17.641033578892763], [33.63543743676591, 17.641034490475576], [33.63543838731026, 17.641305642841946], [33.63487278253163, 17.641307464820706]]]}, "properties": {"zone_id": "scene_03-Z0376", "scene": "scene_03", "pixel_count": 13, "approx_area_m2": 11700.0, "centroid_x": 567371.5384615385, "centroid_y": 1950530.7692307692, "centroid_lon": 33.635120286416026, "centroid_lat": 17.64054534666662, "mean_risk": 1.932813048362732, "max_risk": 2.0744121074676514, "median_risk": 1.9099332094192505, "high_priority_pixel_pct": 100.0, "priority_category": "HIGH PRIORITY", "threshold_type": "95th percentile prioritisation threshold", "recommendation": "Spectral-stress evidence detected. Prioritise field inspection to determine the underlying cause. Field verification required.", "priority_rank": 312}}, {"type": "Feature", "geometry": {"type": "Polygon", "coordinates": [[[33.638526292359465, 17.63478793804322], [33.63852533757215, 17.634516785661255], [33.6382425459506, 17.634517700940254], [33.638238728663076, 17.633433091277578], [33.63852151859355, 17.633432176058452], [33.638523428048714, 17.63397448087484], [33.63908900954948, 17.633972649160587], [33.639091876396925, 17.634786106239087], [33.638526292359465, 17.63478793804322]]]}, "properties": {"zone_id": "scene_03-Z0377", "scene": "scene_03", "pixel_count": 10, "approx_area_m2": 9000.0, "centroid_x": 567747.0, "centroid_y": 1949832.0, "centroid_lon": 33.638637403783626, "centroid_lat": 17.634218151813915, "mean_risk": 1.8713886737823486, "max_risk": 2.026902914047241, "median_risk": 1.84499192237854, "high_priority_pixel_pct": 100.0, "priority_category": "HIGH PRIORITY", "threshold_type": "95th percentile prioritisation threshold", "recommendation": "Spectral-stress evidence detected. Prioritise field inspection to determine the underlying cause. Field verification required.", "priority_rank": 372}}, {"type": "Feature", "geometry": {"type": "Polygon", "coordinates": [[[33.719955667077116, 17.630982540988416], [33.71995136201227, 17.62989794937393], [33.720234141623166, 17.62989691721254], [33.720233064982445, 17.629625769307044], [33.72051584415146, 17.6296247367573], [33.720514767107375, 17.629353588861182], [33.720797545834515, 17.629352555923088], [33.72079646838708, 17.629081408036363], [33.721362024938344, 17.629079340978297], [33.721363103231006, 17.629350488831204], [33.72164588190033, 17.62934945467741], [33.72164696063488, 17.62962060250589], [33.72136418154294, 17.62962163667661], [33.72136741659444, 17.630435080167782], [33.72108463621533, 17.630436113983986], [33.72108571418175, 17.63070726181627], [33.72023737166085, 17.630710360884013], [33.72023844837858, 17.63098150875949], [33.719955667077116, 17.630982540988416]]]}, "properties": {"zone_id": "scene_03-Z0378", "scene": "scene_03", "pixel_count": 25, "approx_area_m2": 22500.0, "centroid_x": 576458.4, "centroid_y": 1949397.6, "centroid_lon": 33.72073794179372, "centroid_lat": 17.630008961068057, "mean_risk": 2.0430502891540527, "max_risk": 2.241173267364502, "median_risk": 2.0268990993499756, "high_priority_pixel_pct": 100.0, "priority_category": "HIGH PRIORITY", "threshold_type": "95th percentile prioritisation threshold", "recommendation": "Spectral-stress evidence detected. Prioritise field inspection to determine the underlying cause. Field verification required.", "priority_rank": 209}}, {"type": "Feature", "geometry": {"type": "Polygon", "coordinates": [[[33.5123841367831, 17.62973275885233], [33.51238260491937, 17.629190441744772], [33.51294818408492, 17.629188972101733], [33.512947417328256, 17.62891781356079], [33.5132302064678, 17.628917078143367], [33.5132294393022, 17.628645919606974], [33.513512228005354, 17.6286451837963], [33.5135152984408, 17.62972981784886], [33.5123841367831, 17.62973275885233]]]}, "properties": {"zone_id": "scene_03-Z0379", "scene": "scene_03", "pixel_count": 11, "approx_area_m2": 9900.0, "centroid_x": 554424.5454545454, "centroid_y": 1949250.0, "centroid_lon": 33.51303854603419, "centroid_lat": 17.629324317411175, "mean_risk": 2.010833978652954, "max_risk": 2.345738649368286, "median_risk": 1.9563292264938354, "high_priority_pixel_pct": 100.0, "priority_category": "HIGH PRIORITY", "threshold_type": "95th percentile prioritisation threshold", "recommendation": "Spectral-stress evidence detected. Prioritise field inspection to determine the underlying cause. Field verification required.", "priority_rank": 237}}, {"type": "Feature", "geometry": {"type": "Polygon", "coordinates": [[[33.57770403016212, 17.62819651152043], [33.57770316666304, 17.627925355885374], [33.57798595119574, 17.62792452770061], [33.577984223398694, 17.627382216435148], [33.57826700707073, 17.627381387872255], [33.57826614277277, 17.627110232241854], [33.57883170922524, 17.6271085739275], [33.57883430470111, 17.627922040714857], [33.57855152021479, 17.627922870115352], [33.57855238498173, 17.62819402570974], [33.57770403016212, 17.62819651152043]]]}, "properties": {"zone_id": "scene_03-Z0380", "scene": "scene_03", "pixel_count": 11, "approx_area_m2": 9900.0, "centroid_x": 561354.5454545454, "centroid_y": 1949089.0909090908, "centroid_lon": 33.57835796601872, "centroid_lat": 17.627689255537813, "mean_risk": 1.909965991973877, "max_risk": 2.0069692134857178, "median_risk": 1.9210529327392578, "high_priority_pixel_pct": 100.0, "priority_category": "HIGH PRIORITY", "threshold_type": "95th percentile prioritisation threshold", "recommendation": "Spectral-stress evidence detected. Prioritise field inspection to determine the underlying cause. Field verification required.", "priority_rank": 337}}, {"type": "Feature", "geometry": {"type": "Polygon", "coordinates": [[[33.51944690547683, 17.627273846690745], [33.51944612909599, 17.627002688375875], [33.51916334321847, 17.627003432624313], [33.51916256727412, 17.626732274289786], [33.519445352729036, 17.626731530053526], [33.51944457637596, 17.626460371723702], [33.519727361394395, 17.62645962709439], [33.519726584632615, 17.62618846876927], [33.518878230803466, 17.626190701404994], [33.51887745532333, 17.62591954303587], [33.51916023952434, 17.625918799241354], [33.5191594636355, 17.625647640876924], [33.51944224740006, 17.62564689668937], [33.51944302371148, 17.62591805504162], [33.52000859204409, 17.62591656542653], [33.52000781488752, 17.62564540709865], [33.52029059861041, 17.625644661695485], [33.520291376189554, 17.625915820011166], [33.520574160321104, 17.625915074190598], [33.520574938336736, 17.626186232486596], [33.52085772287696, 17.6261854862486], [33.52085850132911, 17.62645664452492], [33.521141286278, 17.62645589786949], [33.521142065166664, 17.626727056126118], [33.520859279795175, 17.626727802793756], [33.52086005827516, 17.626998961055126], [33.52001170080937, 17.627001198663287], [33.52001247803543, 17.627272356953778], [33.51944690547683, 17.627273846690745]]]}, "properties": {"zone_id": "scene_03-Z0381", "scene": "scene_03", "pixel_count": 26, "approx_area_m2": 23400.0, "centroid_x": 555165.0, "centroid_y": 1948936.1538461538, "centroid_lon": 33.52001017629092, "centroid_lat": 17.626469311225584, "mean_risk": 2.4497222900390625, "max_risk": 3.7214202880859375, "median_risk": 2.386101484298706, "high_priority_pixel_pct": 100.0, "priority_category": "HIGH PRIORITY", "threshold_type": "95th percentile prioritisation threshold", "recommendation": "Spectral-stress evidence detected. Prioritise field inspection to determine the underlying cause. Field verification required.", "priority_rank": 52}}, {"type": "Feature", "geometry": {"type": "Polygon", "coordinates": [[[33.522273206513255, 17.62672406540325], [33.5222724259342, 17.62645290719556], [33.521989641041074, 17.626453655471874], [33.52198808077001, 17.625911339009587], [33.5217052967081, 17.625912086856207], [33.52170685613399, 17.62645440334297], [33.52142407121296, 17.626455150808845], [33.52142329191564, 17.626183992556967], [33.52114050740327, 17.626184739605396], [33.521139728542465, 17.625913581333823], [33.52142251263225, 17.62591283429762], [33.5214217333628, 17.625641676030796], [33.5219873006554, 17.625640180767228], [33.52198652055475, 17.625369022517393], [33.52226930375756, 17.62536827429005], [33.522270084280784, 17.625639432527638], [33.522552867892195, 17.62563868388285], [33.522555210813366, 17.62645215851402], [33.52283799567857, 17.62645140942725], [33.52283877710282, 17.626722567610436], [33.522273206513255, 17.62672406540325]]]}, "properties": {"zone_id": "scene_03-Z0382", "scene": "scene_03", "pixel_count": 14, "approx_area_m2": 12600.0, "centroid_x": 555381.4285714285, "centroid_y": 1948892.142857143, "centroid_lon": 33.52204912319067, "centroid_lat": 17.626066126266224, "mean_risk": 2.052989959716797, "max_risk": 2.412510633468628, "median_risk": 2.0547690391540527, "high_priority_pixel_pct": 100.0, "priority_category": "HIGH PRIORITY", "threshold_type": "95th percentile prioritisation threshold", "recommendation": "Spectral-stress evidence detected. Prioritise field inspection to determine the underlying cause. Field verification required.", "priority_rank": 200}}, {"type": "Feature", "geometry": {"type": "Polygon", "coordinates": [[[33.51265773178577, 17.626478121259787], [33.512656965588825, 17.626206962632068], [33.512374180648145, 17.62620769711874], [33.51237341488748, 17.62593653847152], [33.512090630355694, 17.625937272540963], [33.51208986503131, 17.62566611387426], [33.51265543323602, 17.625664645354195], [33.51265619940557, 17.62593580399687], [33.512938983909955, 17.625935069117002], [33.51293975051579, 17.626206227740177], [33.5135053203286, 17.62620475674074], [33.513504552877585, 17.625933598141632], [33.51407012179032, 17.625932125545415], [33.51406935350787, 17.625660966962933], [33.51435213752106, 17.625660230069062], [33.514351368829786, 17.625389071491163], [33.51463415240664, 17.62538833420415], [33.514635690648085, 17.625930651328346], [33.51435290622608, 17.62593138863949], [33.51435444367736, 17.626473705757913], [33.51265773178577, 17.626478121259787]]]}, "properties": {"zone_id": "scene_03-Z0383", "scene": "scene_03", "pixel_count": 16, "approx_area_m2": 14400.0, "centroid_x": 554475.0, "centroid_y": 1948890.0, "centroid_lon": 33.51350493660137, "centroid_lat": 17.626069177442123, "mean_risk": 2.0405399799346924, "max_risk": 2.4146223068237305, "median_risk": 2.0001890659332275, "high_priority_pixel_pct": 100.0, "priority_category": "HIGH PRIORITY", "threshold_type": "95th percentile prioritisation threshold", "recommendation": "Spectral-stress evidence detected. Prioritise field inspection to determine the underlying cause. Field verification required.", "priority_rank": 213}}, {"type": "Feature", "geometry": {"type": "Polygon", "coordinates": [[[33.52311374453731, 17.6240102360606], [33.523112962830275, 17.62373907781493], [33.522830182204615, 17.62373982718428], [33.522829400934086, 17.623468668918875], [33.52311218113723, 17.62346791956178], [33.52310983614197, 17.62265444475749], [33.5236753939713, 17.622652944901493], [33.52367617646739, 17.62292410315252], [33.52424173508573, 17.622922601651435], [33.524242518440815, 17.62319375987041], [33.52395973871615, 17.623194510835816], [33.52396130462334, 17.62373682727593], [33.523678524039646, 17.623737577860748], [33.523679306591724, 17.624008736081876], [33.52311374453731, 17.6240102360606]]]}, "properties": {"zone_id": "scene_03-Z0384", "scene": "scene_03", "pixel_count": 15, "approx_area_m2": 13500.0, "centroid_x": 555536.0, "centroid_y": 1948590.0, "centroid_lon": 33.52349825626225, "centroid_lat": 17.623331315664217, "mean_risk": 2.1060328483581543, "max_risk": 2.4070985317230225, "median_risk": 2.1017355918884277, "high_priority_pixel_pct": 100.0, "priority_category": "HIGH PRIORITY", "threshold_type": "95th percentile prioritisation threshold", "recommendation": "Spectral-stress evidence detected. Prioritise field inspection to determine the underlying cause. Field verification required.", "priority_rank": 159}}, {"type": "Feature", "geometry": {"type": "Polygon", "coordinates": [[[33.52452059569624, 17.62156605914766], [33.524519812002765, 17.621294900896128], [33.52536814217857, 17.621292644612137], [33.52536657229903, 17.620750328160508], [33.52564934815134, 17.620749575280296], [33.5256485628102, 17.620478417055597], [33.525365787380316, 17.620479169923485], [33.525365002475645, 17.620208011678987], [33.52564777748311, 17.62020725882342], [33.52564699217006, 17.619936100583764], [33.526212541297994, 17.619934593682093], [33.52621332745587, 17.62020575189708], [33.52593055247652, 17.62020650556279], [33.52593369555892, 17.621291138397336], [33.525650918875776, 17.62129189170728], [33.52565170425906, 17.62156304990956], [33.52452059569624, 17.62156605914766]]]}, "properties": {"zone_id": "scene_03-Z0385", "scene": "scene_03", "pixel_count": 13, "approx_area_m2": 11700.0, "centroid_x": 555752.3076923077, "centroid_y": 1948317.6923076923, "centroid_lon": 33.525530044403865, "centroid_lat": 17.620864614643313, "mean_risk": 2.051295757293701, "max_risk": 2.490907907485962, "median_risk": 2.0104691982269287, "high_priority_pixel_pct": 100.0, "priority_category": "HIGH PRIORITY", "threshold_type": "95th percentile prioritisation threshold", "recommendation": "Spectral-stress evidence detected. Prioritise field inspection to determine the underlying cause. Field verification required.", "priority_rank": 204}}, {"type": "Feature", "geometry": {"type": "Polygon", "coordinates": [[[33.72386051663346, 17.617410660940248], [33.72385835416306, 17.6168683648715], [33.72414111322642, 17.616867327851516], [33.724143276541355, 17.61740962388631], [33.72386051663346, 17.617410660940248]]]}, "properties": {"zone_id": "scene_03-Z0386", "scene": "scene_03", "pixel_count": 20, "approx_area_m2": 18000.0, "centroid_x": 576808.5, "centroid_y": 1948099.5, "centroid_lon": 33.723991165240776, "centroid_lat": 17.618264310539452, "mean_risk": 1.9647573232650757, "max_risk": 2.3263583183288574, "median_risk": 1.9257705211639404, "high_priority_pixel_pct": 100.0, "priority_category": "HIGH PRIORITY", "threshold_type": "95th percentile prioritisation threshold", "recommendation": "Spectral-stress evidence detected. Prioritise field inspection to determine the underlying cause. Field verification required.", "priority_rank": 281}}, {"type": "Feature", "geometry": {"type": "Polygon", "coordinates": [[[33.72809973807826, 17.616852767054176], [33.72809538803478, 17.61576817584795], [33.728378145118114, 17.615767132822338], [33.72837596936866, 17.615224837208356], [33.72865872558808, 17.615223793812007], [33.72865763732034, 17.614952646010845], [33.72894039309808, 17.614951602226697], [33.72894365922636, 17.615765045556405], [33.72866090218197, 17.61576608939182], [33.72866525560341, 17.616850680461425], [33.72809973807826, 17.616852767054176]]]}, "properties": {"zone_id": "scene_03-Z0387", "scene": "scene_03", "pixel_count": 13, "approx_area_m2": 11700.0, "centroid_x": 577287.6923076923, "centroid_y": 1947846.923076923, "centroid_lon": 33.728498568244376, "centroid_lat": 17.615964837881954, "mean_risk": 1.9827442169189453, "max_risk": 2.181182622909546, "median_risk": 1.9569885730743408, "high_priority_pixel_pct": 100.0, "priority_category": "HIGH PRIORITY", "threshold_type": "95th percentile prioritisation threshold", "recommendation": "Spectral-stress evidence detected. Prioritise field inspection to determine the underlying cause. Field verification required.", "priority_rank": 264}}, {"type": "Feature", "geometry": {"type": "Polygon", "coordinates": [[[33.50750467632675, 17.60398507084036], [33.50750391886223, 17.603713911377334], [33.50778666898559, 17.603713184767425], [33.50778591111267, 17.60344202530884], [33.508634160135436, 17.603439843086836], [33.50863340101022, 17.603168683656527], [33.50891615023536, 17.6031679554518], [33.50891539070179, 17.602896796025952], [33.50919813949138, 17.602896067428503], [33.50919737954946, 17.602624908007133], [33.509480127903515, 17.602624179016974], [33.50947936755328, 17.602353019600077], [33.51004486337667, 17.602351560429724], [33.51004638577849, 17.602893879208246], [33.509763637029735, 17.602894609019646], [33.50976439782914, 17.603165768409664], [33.50948164864482, 17.60316649782836], [33.50948316944058, 17.603708816609895], [33.508634919274236, 17.603711002509677], [33.50863567842663, 17.603982161925053], [33.50835292792202, 17.603982889760896], [33.508352169191596, 17.603711730333593], [33.50806941909538, 17.603712457752845], [33.50807017740383, 17.603983617192064], [33.50750467632675, 17.60398507084036]]]}, "properties": {"zone_id": "scene_03-Z0388", "scene": "scene_03", "pixel_count": 20, "approx_area_m2": 18000.0, "centroid_x": 554001.0, "centroid_y": 1946365.5, "centroid_lon": 33.50897296594825, "centroid_lat": 17.60326271555874, "mean_risk": 1.9015233516693115, "max_risk": 2.1254804134368896, "median_risk": 1.864527940750122, "high_priority_pixel_pct": 100.0, "priority_category": "HIGH PRIORITY", "threshold_type": "95th percentile prioritisation threshold", "recommendation": "Spectral-stress evidence detected. Prioritise field inspection to determine the underlying cause. Field verification required.", "priority_rank": 349}}, {"type": "Feature", "geometry": {"type": "Polygon", "coordinates": [[[33.51174440550431, 17.603431810447095], [33.5117428779846, 17.602889491842184], [33.51146012931772, 17.60289022408148], [33.5114608926488, 17.603161383399666], [33.51089539443016, 17.60316284668829], [33.510893869469434, 17.60262052799652], [33.511176617741704, 17.602619796578498], [33.511175091991724, 17.602077477880822], [33.51145783940648, 17.60207674608213], [33.511457076130064, 17.601805586734084], [33.51202257007475, 17.60180412194682], [33.51202180596818, 17.60153296261531], [33.5123045524981, 17.601532229626752], [33.51230378798332, 17.601261070299778], [33.51286928015829, 17.60125960313285], [33.51286851481341, 17.60098844382245], [33.513434006089796, 17.600986975061147], [33.513434772278465, 17.601258134347486], [33.51315202622523, 17.601258868942473], [33.51315279200571, 17.601530028233388], [33.51287004551688, 17.601530762435786], [33.51287157627515, 17.602073081019267], [33.51258882892879, 17.602073814841095], [33.51259035889803, 17.60261613341876], [33.51230761069412, 17.602616866859993], [33.512309139874255, 17.60315918543181], [33.51202639081278, 17.60315991849242], [33.51202715500142, 17.603431077779145], [33.51174440550431, 17.603431810447095]]]}, "properties": {"zone_id": "scene_03-Z0389", "scene": "scene_03", "pixel_count": 33, "approx_area_m2": 29700.0, "centroid_x": 554328.1818181818, "centroid_y": 1946252.7272727273, "centroid_lon": 33.51205377411194, "centroid_lat": 17.6022354340517, "mean_risk": 1.948717474937439, "max_risk": 2.1351685523986816, "median_risk": 1.9280753135681152, "high_priority_pixel_pct": 100.0, "priority_category": "HIGH PRIORITY", "threshold_type": "95th percentile prioritisation threshold", "recommendation": "Spectral-stress evidence detected. Prioritise field inspection to determine the underlying cause. Field verification required.", "priority_rank": 297}}, {"type": "Feature", "geometry": {"type": "Polygon", "coordinates": [[[33.69040504961641, 17.59394011324796], [33.69040401980568, 17.593668962608902], [33.69012129478149, 17.59366995004957], [33.69011820672481, 17.59285649803892], [33.69068365422503, 17.592854522850335], [33.69068468440205, 17.593125673495663], [33.69096740854611, 17.593124685278642], [33.690969469798716, 17.593666986514457], [33.69068674481142, 17.593667974763868], [33.690687775043784, 17.59393912538673], [33.69040504961641, 17.59394011324796]]]}, "properties": {"zone_id": "scene_03-Z0390", "scene": "scene_03", "pixel_count": 9, "approx_area_m2": 8100.0, "centroid_x": 573266.6666666666, "centroid_y": 1945330.0, "centroid_lon": 33.69051276680738, "centroid_lat": 17.593352236080637, "mean_risk": 2.5155839920043945, "max_risk": 3.123183250427246, "median_risk": 2.4482059478759766, "high_priority_pixel_pct": 100.0, "priority_category": "HIGH PRIORITY", "threshold_type": "95th percentile prioritisation threshold", "recommendation": "Spectral-stress evidence detected. Prioritise field inspection to determine the underlying cause. Field verification required.", "priority_rank": 46}}]}