zone_id,priority_rank,band_index,observed_mean,reference_mean_32band_only,wavelength_status
upload_05b712ec-Z0032,1,1,12372.7783203125,6775.173805891452,unavailable in GeoTIFF; band index reported
upload_05b712ec-Z0032,1,2,12035.96875,,unavailable in GeoTIFF; band index reported
upload_05b712ec-Z0032,1,3,11896.0234375,,unavailable in GeoTIFF; band index reported
upload_05b712ec-Z0032,1,4,11811.59765625,,unavailable in GeoTIFF; band index reported
upload_05b712ec-Z0032,1,5,11610.0673828125,,unavailable in GeoTIFF; band index reported
upload_05b712ec-Z0032,1,6,11387.0224609375,,unavailable in GeoTIFF; band index reported
upload_05b712ec-Z0032,1,7,11304.474609375,,unavailable in GeoTIFF; band index reported
upload_05b712ec-Z0032,1,8,11220.912109375,6111.980069670054,unavailable in GeoTIFF; band index reported
upload_05b712ec-Z0032,1,9,11063.916015625,,unavailable in GeoTIFF; band index reported
upload_05b712ec-Z0032,1,10,10997.0146484375,,unavailable in GeoTIFF; band index reported
upload_05b712ec-Z0032,1,11,10894.443359375,,unavailable in GeoTIFF; band index reported
upload_05b712ec-Z0032,1,12,10749.36328125,,unavailable in GeoTIFF; band index reported
upload_05b712ec-Z0032,1,13,10670.8388671875,,unavailable in GeoTIFF; band index reported
upload_05b712ec-Z0032,1,14,10655.9287109375,,unavailable in GeoTIFF; band index reported
upload_05b712ec-Z0032,1,15,10640.85546875,5813.185381112348,unavailable in GeoTIFF; band index reported
upload_05b712ec-Z0032,1,16,10480.8037109375,,unavailable in GeoTIFF; band index reported
upload_05b712ec-Z0032,1,17,10391.515625,,unavailable in GeoTIFF; band index reported
upload_05b712ec-Z0032,1,18,10347.8994140625,,unavailable in GeoTIFF; band index reported
upload_05b712ec-Z0032,1,19,10173.9794921875,,unavailable in GeoTIFF; band index reported
upload_05b712ec-Z0032,1,20,10173.408203125,,unavailable in GeoTIFF; band index reported
upload_05b712ec-Z0032,1,21,10224.62890625,,unavailable in GeoTIFF; band index reported
upload_05b712ec-Z0032,1,22,10095.0322265625,5545.422984140831,unavailable in GeoTIFF; band index reported
upload_05b712ec-Z0032,1,23,9966.7412109375,,unavailable in GeoTIFF; band index reported
upload_05b712ec-Z0032,1,24,9895.025390625,,unavailable in GeoTIFF; band index reported
upload_05b712ec-Z0032,1,25,9847.4375,,unavailable in GeoTIFF; band index reported
upload_05b712ec-Z0032,1,26,9817.8798828125,,unavailable in GeoTIFF; band index reported
upload_05b712ec-Z0032,1,27,9722.8896484375,,unavailable in GeoTIFF; band index reported
upload_05b712ec-Z0032,1,28,9669.6630859375,,unavailable in GeoTIFF; band index reported
upload_05b712ec-Z0032,1,29,9622.5888671875,5345.056924662945,unavailable in GeoTIFF; band index reported
upload_05b712ec-Z0032,1,30,9584.6708984375,,unavailable in GeoTIFF; band index reported
upload_05b712ec-Z0032,1,31,9512.13671875,,unavailable in GeoTIFF; band index reported
upload_05b712ec-Z0032,1,32,9415.611328125,,unavailable in GeoTIFF; band index reported
upload_05b712ec-Z0032,1,33,9341.681640625,,unavailable in GeoTIFF; band index reported
upload_05b712ec-Z0032,1,34,9346.4794921875,,unavailable in GeoTIFF; band index reported
upload_05b712ec-Z0032,1,35,9157.4248046875,,unavailable in GeoTIFF; band index reported
upload_05b712ec-Z0032,1,36,9054.578125,5036.538504794106,unavailable in GeoTIFF; band index reported
upload_05b712ec-Z0032,1,37,9147.328125,,unavailable in GeoTIFF; band index reported
upload_05b712ec-Z0032,1,38,9186.6337890625,,unavailable in GeoTIFF; band index reported
upload_05b712ec-Z0032,1,39,9161.9736328125,,unavailable in GeoTIFF; band index reported
upload_05b712ec-Z0032,1,40,9125.251953125,,unavailable in GeoTIFF; band index reported
upload_05b712ec-Z0032,1,41,9133.427734375,,unavailable in GeoTIFF; band index reported
upload_05b712ec-Z0032,1,42,9030.755859375,,unavailable in GeoTIFF; band index reported
upload_05b712ec-Z0032,1,43,8976.4892578125,,unavailable in GeoTIFF; band index reported
upload_05b712ec-Z0032,1,44,8983.4228515625,5003.075293799844,unavailable in GeoTIFF; band index reported
upload_05b712ec-Z0032,1,45,8867.6611328125,,unavailable in GeoTIFF; band index reported
upload_05b712ec-Z0032,1,46,8808.533203125,,unavailable in GeoTIFF; band index reported
upload_05b712ec-Z0032,1,47,8849.2265625,,unavailable in GeoTIFF; band index reported
upload_05b712ec-Z0032,1,48,8876.453125,,unavailable in GeoTIFF; band index reported
upload_05b712ec-Z0032,1,49,8854.8515625,,unavailable in GeoTIFF; band index reported
upload_05b712ec-Z0032,1,50,8837.328125,,unavailable in GeoTIFF; band index reported
upload_05b712ec-Z0032,1,51,8845.205078125,4993.8515213581295,unavailable in GeoTIFF; band index reported
upload_05b712ec-Z0032,1,52,8642.3017578125,,unavailable in GeoTIFF; band index reported
upload_05b712ec-Z0032,1,53,8492.6064453125,,unavailable in GeoTIFF; band index reported
upload_05b712ec-Z0032,1,54,8454.3359375,,unavailable in GeoTIFF; band index reported
upload_05b712ec-Z0032,1,55,8405.5576171875,,unavailable in GeoTIFF; band index reported
upload_05b712ec-Z0032,1,56,8111.13427734375,,unavailable in GeoTIFF; band index reported
upload_05b712ec-Z0032,1,57,8152.4130859375,,unavailable in GeoTIFF; band index reported
upload_05b712ec-Z0032,1,58,8245.8447265625,4689.63883040948,unavailable in GeoTIFF; band index reported
upload_05b712ec-Z0032,1,59,8347.798828125,,unavailable in GeoTIFF; band index reported
upload_05b712ec-Z0032,1,60,8337.7744140625,,unavailable in GeoTIFF; band index reported
upload_05b712ec-Z0032,1,61,8421.3603515625,,unavailable in GeoTIFF; band index reported
upload_05b712ec-Z0032,1,62,8828.755859375,,unavailable in GeoTIFF; band index reported
upload_05b712ec-Z0032,1,63,8452.8076171875,,unavailable in GeoTIFF; band index reported
upload_05b712ec-Z0032,1,64,8311.97265625,,unavailable in GeoTIFF; band index reported
upload_05b712ec-Z0032,1,65,8194.31640625,4755.180349796071,unavailable in GeoTIFF; band index reported
upload_05b712ec-Z0032,1,66,8106.29443359375,,unavailable in GeoTIFF; band index reported
upload_05b712ec-Z0032,1,67,8019.9912109375,,unavailable in GeoTIFF; band index reported
upload_05b712ec-Z0032,1,68,7937.56982421875,,unavailable in GeoTIFF; band index reported
upload_05b712ec-Z0032,1,69,7879.1953125,,unavailable in GeoTIFF; band index reported
upload_05b712ec-Z0032,1,70,8012.35498046875,,unavailable in GeoTIFF; band index reported
upload_05b712ec-Z0032,1,71,8022.09912109375,,unavailable in GeoTIFF; band index reported
upload_05b712ec-Z0032,1,72,8069.6806640625,4680.594101694635,unavailable in GeoTIFF; band index reported
upload_05b712ec-Z0032,1,73,8079.77880859375,,unavailable in GeoTIFF; band index reported
upload_05b712ec-Z0032,1,74,8154.92822265625,,unavailable in GeoTIFF; band index reported
upload_05b712ec-Z0032,1,75,8187.587890625,,unavailable in GeoTIFF; band index reported
upload_05b712ec-Z0032,1,76,8191.7119140625,,unavailable in GeoTIFF; band index reported
upload_05b712ec-Z0032,1,77,8139.4697265625,,unavailable in GeoTIFF; band index reported
upload_05b712ec-Z0032,1,78,8072.763671875,,unavailable in GeoTIFF; band index reported
upload_05b712ec-Z0032,1,79,7956.333984375,,unavailable in GeoTIFF; band index reported
upload_05b712ec-Z0032,1,80,7634.29150390625,4479.209987095625,unavailable in GeoTIFF; band index reported
upload_05b712ec-Z0032,1,81,7691.640625,,unavailable in GeoTIFF; band index reported
upload_05b712ec-Z0032,1,82,7444.078125,,unavailable in GeoTIFF; band index reported
upload_05b712ec-Z0032,1,83,7470.8330078125,,unavailable in GeoTIFF; band index reported
upload_05b712ec-Z0032,1,84,7263.44189453125,,unavailable in GeoTIFF; band index reported
upload_05b712ec-Z0032,1,85,7609.3779296875,,unavailable in GeoTIFF; band index reported
upload_05b712ec-Z0032,1,86,7403.4453125,,unavailable in GeoTIFF; band index reported
upload_05b712ec-Z0032,1,87,7690.93359375,4548.184363051048,unavailable in GeoTIFF; band index reported
upload_05b712ec-Z0032,1,88,8404.078125,,unavailable in GeoTIFF; band index reported
upload_05b712ec-Z0032,1,89,7788.7294921875,,unavailable in GeoTIFF; band index reported
upload_05b712ec-Z0032,1,90,8268.7919921875,,unavailable in GeoTIFF; band index reported
upload_05b712ec-Z0032,1,91,7633.87060546875,,unavailable in GeoTIFF; band index reported
upload_05b712ec-Z0032,1,92,7985.3408203125,,unavailable in GeoTIFF; band index reported
upload_05b712ec-Z0032,1,93,7640.13720703125,,unavailable in GeoTIFF; band index reported
upload_05b712ec-Z0032,1,94,7392.92529296875,4417.62229073331,unavailable in GeoTIFF; band index reported
upload_05b712ec-Z0032,1,95,7494.80810546875,,unavailable in GeoTIFF; band index reported
upload_05b712ec-Z0032,1,96,7476.08544921875,,unavailable in GeoTIFF; band index reported
upload_05b712ec-Z0032,1,97,7496.44287109375,,unavailable in GeoTIFF; band index reported
upload_05b712ec-Z0032,1,98,7622.88916015625,,unavailable in GeoTIFF; band index reported
upload_05b712ec-Z0032,1,99,7589.36962890625,,unavailable in GeoTIFF; band index reported
upload_05b712ec-Z0032,1,100,7838.138671875,,unavailable in GeoTIFF; band index reported
upload_05b712ec-Z0032,1,101,7590.7275390625,4437.533770537819,unavailable in GeoTIFF; band index reported
upload_05b712ec-Z0032,1,102,7832.64990234375,,unavailable in GeoTIFF; band index reported
upload_05b712ec-Z0032,1,103,7845.08251953125,,unavailable in GeoTIFF; band index reported
upload_05b712ec-Z0032,1,104,7852.138671875,,unavailable in GeoTIFF; band index reported
upload_05b712ec-Z0032,1,105,7875.51953125,,unavailable in GeoTIFF; band index reported
upload_05b712ec-Z0032,1,106,7851.54931640625,,unavailable in GeoTIFF; band index reported
upload_05b712ec-Z0032,1,107,7855.58984375,,unavailable in GeoTIFF; band index reported
upload_05b712ec-Z0032,1,108,7817.45263671875,4672.838483754133,unavailable in GeoTIFF; band index reported
upload_05b712ec-Z0032,1,109,7714.41845703125,,unavailable in GeoTIFF; band index reported
upload_05b712ec-Z0032,1,110,7580.935546875,,unavailable in GeoTIFF; band index reported
upload_05b712ec-Z0032,1,111,7428.1865234375,,unavailable in GeoTIFF; band index reported
upload_05b712ec-Z0032,1,112,7927.39990234375,,unavailable in GeoTIFF; band index reported
upload_05b712ec-Z0032,1,113,8921.1884765625,,unavailable in GeoTIFF; band index reported
upload_05b712ec-Z0032,1,114,7692.3662109375,,unavailable in GeoTIFF; band index reported
upload_05b712ec-Z0032,1,115,7451.01220703125,,unavailable in GeoTIFF; band index reported
upload_05b712ec-Z0032,1,116,7208.017578125,4319.924381961806,unavailable in GeoTIFF; band index reported
upload_05b712ec-Z0032,1,117,7191.89111328125,,unavailable in GeoTIFF; band index reported
upload_05b712ec-Z0032,1,118,7115.57666015625,,unavailable in GeoTIFF; band index reported
upload_05b712ec-Z0032,1,119,7156.34130859375,,unavailable in GeoTIFF; band index reported
upload_05b712ec-Z0032,1,120,7186.08251953125,,unavailable in GeoTIFF; band index reported
upload_05b712ec-Z0032,1,121,7284.0966796875,,unavailable in GeoTIFF; band index reported
upload_05b712ec-Z0032,1,122,7415.4521484375,,unavailable in GeoTIFF; band index reported
upload_05b712ec-Z0032,1,123,7464.70556640625,4468.005360202702,unavailable in GeoTIFF; band index reported
upload_05b712ec-Z0032,1,124,7517.3583984375,,unavailable in GeoTIFF; band index reported
upload_05b712ec-Z0032,1,125,7552.65185546875,,unavailable in GeoTIFF; band index reported
upload_05b712ec-Z0032,1,126,7434.52392578125,,unavailable in GeoTIFF; band index reported
upload_05b712ec-Z0032,1,127,7318.6953125,,unavailable in GeoTIFF; band index reported
upload_05b712ec-Z0032,1,128,7159.1279296875,,unavailable in GeoTIFF; band index reported
upload_05b712ec-Z0032,1,129,7041.7822265625,,unavailable in GeoTIFF; band index reported
upload_05b712ec-Z0032,1,130,7141.1494140625,4282.892392094966,unavailable in GeoTIFF; band index reported
upload_05b712ec-Z0032,1,131,-32768.0,,unavailable in GeoTIFF; band index reported
upload_05b712ec-Z0032,1,132,-32768.0,,unavailable in GeoTIFF; band index reported
upload_05b712ec-Z0032,1,133,-32768.0,,unavailable in GeoTIFF; band index reported
upload_05b712ec-Z0032,1,134,-32768.0,,unavailable in GeoTIFF; band index reported
upload_05b712ec-Z0032,1,135,-32768.0,,unavailable in GeoTIFF; band index reported
upload_05b712ec-Z0032,1,136,6716.75927734375,,unavailable in GeoTIFF; band index reported
upload_05b712ec-Z0032,1,137,5168.89599609375,3045.112060183597,unavailable in GeoTIFF; band index reported
upload_05b712ec-Z0032,1,138,5169.15380859375,,unavailable in GeoTIFF; band index reported
upload_05b712ec-Z0032,1,139,4169.3046875,,unavailable in GeoTIFF; band index reported
upload_05b712ec-Z0032,1,140,3719.97509765625,,unavailable in GeoTIFF; band index reported
upload_05b712ec-Z0032,1,141,3775.736572265625,,unavailable in GeoTIFF; band index reported
upload_05b712ec-Z0032,1,142,3959.905029296875,,unavailable in GeoTIFF; band index reported
upload_05b712ec-Z0032,1,143,4141.58056640625,,unavailable in GeoTIFF; band index reported
upload_05b712ec-Z0032,1,144,4336.1953125,2362.6533119428827,unavailable in GeoTIFF; band index reported
upload_05b712ec-Z0032,1,145,4540.705078125,,unavailable in GeoTIFF; band index reported
upload_05b712ec-Z0032,1,146,4744.9375,,unavailable in GeoTIFF; band index reported
upload_05b712ec-Z0032,1,147,5004.04345703125,,unavailable in GeoTIFF; band index reported
upload_05b712ec-Z0032,1,148,5136.9814453125,,unavailable in GeoTIFF; band index reported
upload_05b712ec-Z0032,1,149,5291.20263671875,,unavailable in GeoTIFF; band index reported
upload_05b712ec-Z0032,1,150,5443.50634765625,,unavailable in GeoTIFF; band index reported
upload_05b712ec-Z0032,1,151,5471.3037109375,,unavailable in GeoTIFF; band index reported
upload_05b712ec-Z0032,1,152,5514.8369140625,3117.982792644546,unavailable in GeoTIFF; band index reported
upload_05b712ec-Z0032,1,153,5569.8046875,,unavailable in GeoTIFF; band index reported
upload_05b712ec-Z0032,1,154,5658.2626953125,,unavailable in GeoTIFF; band index reported
upload_05b712ec-Z0032,1,155,5728.30126953125,,unavailable in GeoTIFF; band index reported
upload_05b712ec-Z0032,1,156,5799.00830078125,,unavailable in GeoTIFF; band index reported
upload_05b712ec-Z0032,1,157,5845.5419921875,,unavailable in GeoTIFF; band index reported
upload_05b712ec-Z0032,1,158,5882.89208984375,,unavailable in GeoTIFF; band index reported
upload_05b712ec-Z0032,1,159,5912.24609375,3439.5853262965566,unavailable in GeoTIFF; band index reported
upload_05b712ec-Z0032,1,160,5930.10107421875,,unavailable in GeoTIFF; band index reported
upload_05b712ec-Z0032,1,161,5898.7392578125,,unavailable in GeoTIFF; band index reported
upload_05b712ec-Z0032,1,162,5844.35888671875,,unavailable in GeoTIFF; band index reported
upload_05b712ec-Z0032,1,163,5826.3505859375,,unavailable in GeoTIFF; band index reported
upload_05b712ec-Z0032,1,164,5773.66650390625,,unavailable in GeoTIFF; band index reported
upload_05b712ec-Z0032,1,165,5821.8798828125,,unavailable in GeoTIFF; band index reported
upload_05b712ec-Z0032,1,166,5973.4501953125,3584.4823885192695,unavailable in GeoTIFF; band index reported
upload_05b712ec-Z0032,1,167,2152.338134765625,,unavailable in GeoTIFF; band index reported
upload_05b712ec-Z0032,1,168,1781.8184814453125,,unavailable in GeoTIFF; band index reported
upload_05b712ec-Z0032,1,169,1748.3367919921875,,unavailable in GeoTIFF; band index reported
upload_05b712ec-Z0032,1,170,1862.8734130859375,,unavailable in GeoTIFF; band index reported
upload_05b712ec-Z0032,1,171,3012.39306640625,,unavailable in GeoTIFF; band index reported
upload_05b712ec-Z0032,1,172,3057.736083984375,,unavailable in GeoTIFF; band index reported
upload_05b712ec-Z0032,1,173,2440.310791015625,1385.8724290973432,unavailable in GeoTIFF; band index reported
upload_05b712ec-Z0032,1,174,2234.29248046875,,unavailable in GeoTIFF; band index reported
upload_05b712ec-Z0032,1,175,2332.88720703125,,unavailable in GeoTIFF; band index reported
upload_05b712ec-Z0032,1,176,2582.1318359375,,unavailable in GeoTIFF; band index reported
upload_05b712ec-Z0032,1,177,2723.317138671875,,unavailable in GeoTIFF; band index reported
upload_05b712ec-Z0032,1,178,2953.57470703125,,unavailable in GeoTIFF; band index reported
upload_05b712ec-Z0032,1,179,2996.025634765625,,unavailable in GeoTIFF; band index reported
upload_05b712ec-Z0032,1,180,3074.53955078125,1731.2755006943269,unavailable in GeoTIFF; band index reported
upload_05b712ec-Z0032,1,181,3162.4775390625,,unavailable in GeoTIFF; band index reported
upload_05b712ec-Z0032,1,182,3344.064697265625,,unavailable in GeoTIFF; band index reported
upload_05b712ec-Z0032,1,183,3529.62451171875,,unavailable in GeoTIFF; band index reported
upload_05b712ec-Z0032,1,184,3674.149169921875,,unavailable in GeoTIFF; band index reported
upload_05b712ec-Z0032,1,185,3877.744140625,,unavailable in GeoTIFF; band index reported
upload_05b712ec-Z0032,1,186,4038.34423828125,,unavailable in GeoTIFF; band index reported
upload_05b712ec-Z0032,1,187,4128.8388671875,,unavailable in GeoTIFF; band index reported
upload_05b712ec-Z0032,1,188,4243.04833984375,2585.6197546238022,unavailable in GeoTIFF; band index reported
upload_05b712ec-Z0032,1,189,4363.8017578125,,unavailable in GeoTIFF; band index reported
upload_05b712ec-Z0032,1,190,4444.3095703125,,unavailable in GeoTIFF; band index reported
upload_05b712ec-Z0032,1,191,4489.90966796875,,unavailable in GeoTIFF; band index reported
upload_05b712ec-Z0032,1,192,4586.53564453125,,unavailable in GeoTIFF; band index reported
upload_05b712ec-Z0032,1,193,4634.65380859375,,unavailable in GeoTIFF; band index reported
upload_05b712ec-Z0032,1,194,4728.1826171875,,unavailable in GeoTIFF; band index reported
upload_05b712ec-Z0032,1,195,4752.8896484375,2967.5643514104772,unavailable in GeoTIFF; band index reported
upload_05b712ec-Z0032,1,196,4785.59033203125,,unavailable in GeoTIFF; band index reported
upload_05b712ec-Z0032,1,197,4800.81982421875,,unavailable in GeoTIFF; band index reported
upload_05b712ec-Z0032,1,198,4788.39892578125,,unavailable in GeoTIFF; band index reported
upload_05b712ec-Z0032,1,199,4776.22119140625,,unavailable in GeoTIFF; band index reported
upload_05b712ec-Z0032,1,200,4772.87548828125,,unavailable in GeoTIFF; band index reported
upload_05b712ec-Z0032,1,201,4710.73681640625,,unavailable in GeoTIFF; band index reported
upload_05b712ec-Z0032,1,202,4645.4619140625,2928.534346131563,unavailable in GeoTIFF; band index reported
upload_05b712ec-Z0032,1,203,4562.970703125,,unavailable in GeoTIFF; band index reported
upload_05b712ec-Z0032,1,204,4452.17578125,,unavailable in GeoTIFF; band index reported
upload_05b712ec-Z0032,1,205,4369.7861328125,,unavailable in GeoTIFF; band index reported
upload_05b712ec-Z0032,1,206,4244.3095703125,,unavailable in GeoTIFF; band index reported
upload_05b712ec-Z0032,1,207,4083.890625,,unavailable in GeoTIFF; band index reported
upload_05b712ec-Z0032,1,208,4104.65185546875,,unavailable in GeoTIFF; band index reported
upload_05b712ec-Z0032,1,209,3901.213134765625,2401.474585680463,unavailable in GeoTIFF; band index reported
upload_05b712ec-Z0032,1,210,3814.532470703125,,unavailable in GeoTIFF; band index reported
upload_05b712ec-Z0032,1,211,3786.05322265625,,unavailable in GeoTIFF; band index reported
upload_05b712ec-Z0032,1,212,3770.177001953125,,unavailable in GeoTIFF; band index reported
upload_05b712ec-Z0032,1,213,3538.40234375,,unavailable in GeoTIFF; band index reported
upload_05b712ec-Z0032,1,214,3597.97216796875,,unavailable in GeoTIFF; band index reported
upload_05b712ec-Z0032,1,215,3522.171875,,unavailable in GeoTIFF; band index reported
upload_05b712ec-Z0032,1,216,3536.36669921875,2116.4023336362957,unavailable in GeoTIFF; band index reported
upload_05b712ec-Z0032,1,217,3336.37060546875,,unavailable in GeoTIFF; band index reported
upload_05b712ec-Z0032,1,218,3173.37890625,,unavailable in GeoTIFF; band index reported
upload_05b712ec-Z0032,1,219,3299.953369140625,,unavailable in GeoTIFF; band index reported
upload_05b712ec-Z0032,1,220,3401.38916015625,,unavailable in GeoTIFF; band index reported
upload_05b712ec-Z0032,1,221,3136.771484375,,unavailable in GeoTIFF; band index reported
upload_05b712ec-Z0032,1,222,2893.40087890625,,unavailable in GeoTIFF; band index reported
upload_05b712ec-Z0032,1,223,3064.05419921875,,unavailable in GeoTIFF; band index reported
upload_05b712ec-Z0032,1,224,3128.3720703125,1889.1845260490265,unavailable in GeoTIFF; band index reported
upload_05b712ec-Z0059,2,1,12488.5166015625,6775.173805891452,unavailable in GeoTIFF; band index reported
upload_05b712ec-Z0059,2,2,12155.96875,,unavailable in GeoTIFF; band index reported
upload_05b712ec-Z0059,2,3,12043.26171875,,unavailable in GeoTIFF; band index reported
upload_05b712ec-Z0059,2,4,12033.71484375,,unavailable in GeoTIFF; band index reported
upload_05b712ec-Z0059,2,5,11852.3603515625,,unavailable in GeoTIFF; band index reported
upload_05b712ec-Z0059,2,6,11613.7646484375,,unavailable in GeoTIFF; band index reported
upload_05b712ec-Z0059,2,7,11533.9833984375,,unavailable in GeoTIFF; band index reported
upload_05b712ec-Z0059,2,8,11481.0234375,6111.980069670054,unavailable in GeoTIFF; band index reported
upload_05b712ec-Z0059,2,9,11342.732421875,,unavailable in GeoTIFF; band index reported
upload_05b712ec-Z0059,2,10,11294.6904296875,,unavailable in GeoTIFF; band index reported
upload_05b712ec-Z0059,2,11,11207.578125,,unavailable in GeoTIFF; band index reported
upload_05b712ec-Z0059,2,12,11061.09375,,unavailable in GeoTIFF; band index reported
upload_05b712ec-Z0059,2,13,10990.298828125,,unavailable in GeoTIFF; band index reported
upload_05b712ec-Z0059,2,14,11006.0263671875,,unavailable in GeoTIFF; band index reported
upload_05b712ec-Z0059,2,15,11011.30859375,5813.185381112348,unavailable in GeoTIFF; band index reported
upload_05b712ec-Z0059,2,16,10857.2197265625,,unavailable in GeoTIFF; band index reported
upload_05b712ec-Z0059,2,17,10785.3798828125,,unavailable in GeoTIFF; band index reported
upload_05b712ec-Z0059,2,18,10745.0205078125,,unavailable in GeoTIFF; band index reported
upload_05b712ec-Z0059,2,19,10569.1103515625,,unavailable in GeoTIFF; band index reported
upload_05b712ec-Z0059,2,20,10589.005859375,,unavailable in GeoTIFF; band index reported
upload_05b712ec-Z0059,2,21,10666.4560546875,,unavailable in GeoTIFF; band index reported
upload_05b712ec-Z0059,2,22,10525.3837890625,5545.422984140831,unavailable in GeoTIFF; band index reported
upload_05b712ec-Z0059,2,23,10420.3310546875,,unavailable in GeoTIFF; band index reported
upload_05b712ec-Z0059,2,24,10344.5546875,,unavailable in GeoTIFF; band index reported
upload_05b712ec-Z0059,2,25,10314.6875,,unavailable in GeoTIFF; band index reported
upload_05b712ec-Z0059,2,26,10287.537109375,,unavailable in GeoTIFF; band index reported
upload_05b712ec-Z0059,2,27,10192.0869140625,,unavailable in GeoTIFF; band index reported
upload_05b712ec-Z0059,2,28,10148.9873046875,,unavailable in GeoTIFF; band index reported
upload_05b712ec-Z0059,2,29,10109.373046875,5345.056924662945,unavailable in GeoTIFF; band index reported
upload_05b712ec-Z0059,2,30,10062.8623046875,,unavailable in GeoTIFF; band index reported
upload_05b712ec-Z0059,2,31,9988.833984375,,unavailable in GeoTIFF; band index reported
upload_05b712ec-Z0059,2,32,9877.6513671875,,unavailable in GeoTIFF; band index reported
upload_05b712ec-Z0059,2,33,9810.0869140625,,unavailable in GeoTIFF; band index reported
upload_05b712ec-Z0059,2,34,9842.4560546875,,unavailable in GeoTIFF; band index reported
upload_05b712ec-Z0059,2,35,9689.94140625,,unavailable in GeoTIFF; band index reported
upload_05b712ec-Z0059,2,36,9579.15234375,5036.538504794106,unavailable in GeoTIFF; band index reported
upload_05b712ec-Z0059,2,37,9665.9990234375,,unavailable in GeoTIFF; band index reported
upload_05b712ec-Z0059,2,38,9705.31640625,,unavailable in GeoTIFF; band index reported
upload_05b712ec-Z0059,2,39,9684.1982421875,,unavailable in GeoTIFF; band index reported
upload_05b712ec-Z0059,2,40,9639.404296875,,unavailable in GeoTIFF; band index reported
upload_05b712ec-Z0059,2,41,9653.6787109375,,unavailable in GeoTIFF; band index reported
upload_05b712ec-Z0059,2,42,9521.4794921875,,unavailable in GeoTIFF; band index reported
upload_05b712ec-Z0059,2,43,9482.3916015625,,unavailable in GeoTIFF; band index reported
upload_05b712ec-Z0059,2,44,9519.2236328125,5003.075293799844,unavailable in GeoTIFF; band index reported
upload_05b712ec-Z0059,2,45,9420.0830078125,,unavailable in GeoTIFF; band index reported
upload_05b712ec-Z0059,2,46,9355.48046875,,unavailable in GeoTIFF; band index reported
upload_05b712ec-Z0059,2,47,9378.7490234375,,unavailable in GeoTIFF; band index reported
upload_05b712ec-Z0059,2,48,9408.66796875,,unavailable in GeoTIFF; band index reported
upload_05b712ec-Z0059,2,49,9393.2119140625,,unavailable in GeoTIFF; band index reported
upload_05b712ec-Z0059,2,50,9384.572265625,,unavailable in GeoTIFF; band index reported
upload_05b712ec-Z0059,2,51,9340.91796875,4993.8515213581295,unavailable in GeoTIFF; band index reported
upload_05b712ec-Z0059,2,52,9160.126953125,,unavailable in GeoTIFF; band index reported
upload_05b712ec-Z0059,2,53,9055.126953125,,unavailable in GeoTIFF; band index reported
upload_05b712ec-Z0059,2,54,9017.6015625,,unavailable in GeoTIFF; band index reported
upload_05b712ec-Z0059,2,55,9037.53125,,unavailable in GeoTIFF; band index reported
upload_05b712ec-Z0059,2,56,8703.205078125,,unavailable in GeoTIFF; band index reported
upload_05b712ec-Z0059,2,57,8756.2001953125,,unavailable in GeoTIFF; band index reported
upload_05b712ec-Z0059,2,58,8807.2470703125,4689.63883040948,unavailable in GeoTIFF; band index reported
upload_05b712ec-Z0059,2,59,8903.076171875,,unavailable in GeoTIFF; band index reported
upload_05b712ec-Z0059,2,60,8876.98046875,,unavailable in GeoTIFF; band index reported
upload_05b712ec-Z0059,2,61,8988.982421875,,unavailable in GeoTIFF; band index reported
upload_05b712ec-Z0059,2,62,8979.2099609375,,unavailable in GeoTIFF; band index reported
upload_05b712ec-Z0059,2,63,8920.3564453125,,unavailable in GeoTIFF; band index reported
upload_05b712ec-Z0059,2,64,8863.8408203125,,unavailable in GeoTIFF; band index reported
upload_05b712ec-Z0059,2,65,8732.0751953125,4755.180349796071,unavailable in GeoTIFF; band index reported
upload_05b712ec-Z0059,2,66,8671.009765625,,unavailable in GeoTIFF; band index reported
upload_05b712ec-Z0059,2,67,8608.1015625,,unavailable in GeoTIFF; band index reported
upload_05b712ec-Z0059,2,68,8528.1923828125,,unavailable in GeoTIFF; band index reported
upload_05b712ec-Z0059,2,69,8549.45703125,,unavailable in GeoTIFF; band index reported
upload_05b712ec-Z0059,2,70,8595.353515625,,unavailable in GeoTIFF; band index reported
upload_05b712ec-Z0059,2,71,8593.8173828125,,unavailable in GeoTIFF; band index reported
upload_05b712ec-Z0059,2,72,8642.251953125,4680.594101694635,unavailable in GeoTIFF; band index reported
upload_05b712ec-Z0059,2,73,8659.69140625,,unavailable in GeoTIFF; band index reported
upload_05b712ec-Z0059,2,74,8706.9482421875,,unavailable in GeoTIFF; band index reported
upload_05b712ec-Z0059,2,75,8756.7900390625,,unavailable in GeoTIFF; band index reported
upload_05b712ec-Z0059,2,76,8748.923828125,,unavailable in GeoTIFF; band index reported
upload_05b712ec-Z0059,2,77,8659.6005859375,,unavailable in GeoTIFF; band index reported
upload_05b712ec-Z0059,2,78,8694.841796875,,unavailable in GeoTIFF; band index reported
upload_05b712ec-Z0059,2,79,8556.693359375,,unavailable in GeoTIFF; band index reported
upload_05b712ec-Z0059,2,80,8155.1728515625,4479.209987095625,unavailable in GeoTIFF; band index reported
upload_05b712ec-Z0059,2,81,8291.9736328125,,unavailable in GeoTIFF; band index reported
upload_05b712ec-Z0059,2,82,7936.126953125,,unavailable in GeoTIFF; band index reported
upload_05b712ec-Z0059,2,83,8058.12646484375,,unavailable in GeoTIFF; band index reported
upload_05b712ec-Z0059,2,84,7726.0244140625,,unavailable in GeoTIFF; band index reported
upload_05b712ec-Z0059,2,85,8153.5244140625,,unavailable in GeoTIFF; band index reported
upload_05b712ec-Z0059,2,86,8086.8935546875,,unavailable in GeoTIFF; band index reported
upload_05b712ec-Z0059,2,87,8020.7255859375,4548.184363051048,unavailable in GeoTIFF; band index reported
upload_05b712ec-Z0059,2,88,9130.4462890625,,unavailable in GeoTIFF; band index reported
upload_05b712ec-Z0059,2,89,8118.67578125,,unavailable in GeoTIFF; band index reported
upload_05b712ec-Z0059,2,90,8724.5986328125,,unavailable in GeoTIFF; band index reported
upload_05b712ec-Z0059,2,91,7968.92333984375,,unavailable in GeoTIFF; band index reported
upload_05b712ec-Z0059,2,92,8299.6767578125,,unavailable in GeoTIFF; band index reported
upload_05b712ec-Z0059,2,93,8023.34033203125,,unavailable in GeoTIFF; band index reported
upload_05b712ec-Z0059,2,94,7814.857421875,4417.62229073331,unavailable in GeoTIFF; band index reported
upload_05b712ec-Z0059,2,95,7953.69189453125,,unavailable in GeoTIFF; band index reported
upload_05b712ec-Z0059,2,96,7954.978515625,,unavailable in GeoTIFF; band index reported
upload_05b712ec-Z0059,2,97,7896.85546875,,unavailable in GeoTIFF; band index reported
upload_05b712ec-Z0059,2,98,8101.40185546875,,unavailable in GeoTIFF; band index reported
upload_05b712ec-Z0059,2,99,8007.6845703125,,unavailable in GeoTIFF; band index reported
upload_05b712ec-Z0059,2,100,8292.162109375,,unavailable in GeoTIFF; band index reported
upload_05b712ec-Z0059,2,101,8015.65234375,4437.533770537819,unavailable in GeoTIFF; band index reported
upload_05b712ec-Z0059,2,102,8277.791015625,,unavailable in GeoTIFF; band index reported
upload_05b712ec-Z0059,2,103,8277.7900390625,,unavailable in GeoTIFF; band index reported
upload_05b712ec-Z0059,2,104,8298.3388671875,,unavailable in GeoTIFF; band index reported
upload_05b712ec-Z0059,2,105,8334.9638671875,,unavailable in GeoTIFF; band index reported
upload_05b712ec-Z0059,2,106,8310.345703125,,unavailable in GeoTIFF; band index reported
upload_05b712ec-Z0059,2,107,8300.380859375,,unavailable in GeoTIFF; band index reported
upload_05b712ec-Z0059,2,108,8277.2177734375,4672.838483754133,unavailable in GeoTIFF; band index reported
upload_05b712ec-Z0059,2,109,8188.03173828125,,unavailable in GeoTIFF; band index reported
upload_05b712ec-Z0059,2,110,8070.326171875,,unavailable in GeoTIFF; band index reported
upload_05b712ec-Z0059,2,111,7928.65283203125,,unavailable in GeoTIFF; band index reported
upload_05b712ec-Z0059,2,112,8230.8955078125,,unavailable in GeoTIFF; band index reported
upload_05b712ec-Z0059,2,113,8977.4072265625,,unavailable in GeoTIFF; band index reported
upload_05b712ec-Z0059,2,114,7869.04638671875,,unavailable in GeoTIFF; band index reported
upload_05b712ec-Z0059,2,115,7583.822265625,,unavailable in GeoTIFF; band index reported
upload_05b712ec-Z0059,2,116,7536.400390625,4319.924381961806,unavailable in GeoTIFF; band index reported
upload_05b712ec-Z0059,2,117,7519.85546875,,unavailable in GeoTIFF; band index reported
upload_05b712ec-Z0059,2,118,7434.84814453125,,unavailable in GeoTIFF; band index reported
upload_05b712ec-Z0059,2,119,7469.98486328125,,unavailable in GeoTIFF; band index reported
upload_05b712ec-Z0059,2,120,7483.20654296875,,unavailable in GeoTIFF; band index reported
upload_05b712ec-Z0059,2,121,7566.22705078125,,unavailable in GeoTIFF; band index reported
upload_05b712ec-Z0059,2,122,7687.107421875,,unavailable in GeoTIFF; band index reported
upload_05b712ec-Z0059,2,123,7720.58251953125,4468.005360202702,unavailable in GeoTIFF; band index reported
upload_05b712ec-Z0059,2,124,7719.634765625,,unavailable in GeoTIFF; band index reported
upload_05b712ec-Z0059,2,125,7689.35791015625,,unavailable in GeoTIFF; band index reported
upload_05b712ec-Z0059,2,126,7688.47607421875,,unavailable in GeoTIFF; band index reported
upload_05b712ec-Z0059,2,127,7609.12353515625,,unavailable in GeoTIFF; band index reported
upload_05b712ec-Z0059,2,128,7443.78955078125,,unavailable in GeoTIFF; band index reported
upload_05b712ec-Z0059,2,129,7302.2666015625,,unavailable in GeoTIFF; band index reported
upload_05b712ec-Z0059,2,130,7353.3388671875,4282.892392094966,unavailable in GeoTIFF; band index reported
upload_05b712ec-Z0059,2,131,-32768.0,,unavailable in GeoTIFF; band index reported
upload_05b712ec-Z0059,2,132,-32768.0,,unavailable in GeoTIFF; band index reported
upload_05b712ec-Z0059,2,133,-32768.0,,unavailable in GeoTIFF; band index reported
upload_05b712ec-Z0059,2,134,-32768.0,,unavailable in GeoTIFF; band index reported
upload_05b712ec-Z0059,2,135,-32768.0,,unavailable in GeoTIFF; band index reported
upload_05b712ec-Z0059,2,136,5958.4091796875,,unavailable in GeoTIFF; band index reported
upload_05b712ec-Z0059,2,137,4615.90185546875,3045.112060183597,unavailable in GeoTIFF; band index reported
upload_05b712ec-Z0059,2,138,4526.955078125,,unavailable in GeoTIFF; band index reported
upload_05b712ec-Z0059,2,139,3695.480712890625,,unavailable in GeoTIFF; band index reported
upload_05b712ec-Z0059,2,140,3384.02978515625,,unavailable in GeoTIFF; band index reported
upload_05b712ec-Z0059,2,141,3464.62255859375,,unavailable in GeoTIFF; band index reported
upload_05b712ec-Z0059,2,142,3657.816162109375,,unavailable in GeoTIFF; band index reported
upload_05b712ec-Z0059,2,143,3841.121826171875,,unavailable in GeoTIFF; band index reported
upload_05b712ec-Z0059,2,144,4035.270263671875,2362.6533119428827,unavailable in GeoTIFF; band index reported
upload_05b712ec-Z0059,2,145,4250.26220703125,,unavailable in GeoTIFF; band index reported
upload_05b712ec-Z0059,2,146,4465.3349609375,,unavailable in GeoTIFF; band index reported
upload_05b712ec-Z0059,2,147,4699.3212890625,,unavailable in GeoTIFF; band index reported
upload_05b712ec-Z0059,2,148,4862.40185546875,,unavailable in GeoTIFF; band index reported
upload_05b712ec-Z0059,2,149,5032.8798828125,,unavailable in GeoTIFF; band index reported
upload_05b712ec-Z0059,2,150,5171.81201171875,,unavailable in GeoTIFF; band index reported
upload_05b712ec-Z0059,2,151,5234.2109375,,unavailable in GeoTIFF; band index reported
upload_05b712ec-Z0059,2,152,5300.39013671875,3117.982792644546,unavailable in GeoTIFF; band index reported
upload_05b712ec-Z0059,2,153,5358.04248046875,,unavailable in GeoTIFF; band index reported
upload_05b712ec-Z0059,2,154,5450.43017578125,,unavailable in GeoTIFF; band index reported
upload_05b712ec-Z0059,2,155,5528.93359375,,unavailable in GeoTIFF; band index reported
upload_05b712ec-Z0059,2,156,5609.861328125,,unavailable in GeoTIFF; band index reported
upload_05b712ec-Z0059,2,157,5666.125,,unavailable in GeoTIFF; band index reported
upload_05b712ec-Z0059,2,158,5704.4853515625,,unavailable in GeoTIFF; band index reported
upload_05b712ec-Z0059,2,159,5742.84130859375,3439.5853262965566,unavailable in GeoTIFF; band index reported
upload_05b712ec-Z0059,2,160,5760.24853515625,,unavailable in GeoTIFF; band index reported
upload_05b712ec-Z0059,2,161,5722.771484375,,unavailable in GeoTIFF; band index reported
upload_05b712ec-Z0059,2,162,5659.66845703125,,unavailable in GeoTIFF; band index reported
upload_05b712ec-Z0059,2,163,5632.64013671875,,unavailable in GeoTIFF; band index reported
upload_05b712ec-Z0059,2,164,5587.7373046875,,unavailable in GeoTIFF; band index reported
upload_05b712ec-Z0059,2,165,5647.12109375,,unavailable in GeoTIFF; band index reported
upload_05b712ec-Z0059,2,166,5757.0908203125,3584.4823885192695,unavailable in GeoTIFF; band index reported
upload_05b712ec-Z0059,2,167,1773.5289306640625,,unavailable in GeoTIFF; band index reported
upload_05b712ec-Z0059,2,168,1566.3414306640625,,unavailable in GeoTIFF; band index reported
upload_05b712ec-Z0059,2,169,1582.75537109375,,unavailable in GeoTIFF; band index reported
upload_05b712ec-Z0059,2,170,1669.8631591796875,,unavailable in GeoTIFF; band index reported
upload_05b712ec-Z0059,2,171,2199.484375,,unavailable in GeoTIFF; band index reported
upload_05b712ec-Z0059,2,172,2248.25341796875,,unavailable in GeoTIFF; band index reported
upload_05b712ec-Z0059,2,173,2002.21044921875,1385.8724290973432,unavailable in GeoTIFF; band index reported
upload_05b712ec-Z0059,2,174,1967.212158203125,,unavailable in GeoTIFF; band index reported
upload_05b712ec-Z0059,2,175,2072.7236328125,,unavailable in GeoTIFF; band index reported
upload_05b712ec-Z0059,2,176,2225.11865234375,,unavailable in GeoTIFF; band index reported
upload_05b712ec-Z0059,2,177,2308.51171875,,unavailable in GeoTIFF; band index reported
upload_05b712ec-Z0059,2,178,2492.592529296875,,unavailable in GeoTIFF; band index reported
upload_05b712ec-Z0059,2,179,2605.966796875,,unavailable in GeoTIFF; band index reported
upload_05b712ec-Z0059,2,180,2696.728759765625,1731.2755006943269,unavailable in GeoTIFF; band index reported
upload_05b712ec-Z0059,2,181,2797.64990234375,,unavailable in GeoTIFF; band index reported
upload_05b712ec-Z0059,2,182,2967.691162109375,,unavailable in GeoTIFF; band index reported
upload_05b712ec-Z0059,2,183,3137.807373046875,,unavailable in GeoTIFF; band index reported
upload_05b712ec-Z0059,2,184,3234.802490234375,,unavailable in GeoTIFF; band index reported
upload_05b712ec-Z0059,2,185,3428.60791015625,,unavailable in GeoTIFF; band index reported
upload_05b712ec-Z0059,2,186,3596.512451171875,,unavailable in GeoTIFF; band index reported
upload_05b712ec-Z0059,2,187,3669.2548828125,,unavailable in GeoTIFF; band index reported
upload_05b712ec-Z0059,2,188,3753.84716796875,2585.6197546238022,unavailable in GeoTIFF; band index reported
upload_05b712ec-Z0059,2,189,3860.3134765625,,unavailable in GeoTIFF; band index reported
upload_05b712ec-Z0059,2,190,3950.739990234375,,unavailable in GeoTIFF; band index reported
upload_05b712ec-Z0059,2,191,3978.471923828125,,unavailable in GeoTIFF; band index reported
upload_05b712ec-Z0059,2,192,4082.333251953125,,unavailable in GeoTIFF; band index reported
upload_05b712ec-Z0059,2,193,4093.981201171875,,unavailable in GeoTIFF; band index reported
upload_05b712ec-Z0059,2,194,4207.71923828125,,unavailable in GeoTIFF; band index reported
upload_05b712ec-Z0059,2,195,4247.19677734375,2967.5643514104772,unavailable in GeoTIFF; band index reported
upload_05b712ec-Z0059,2,196,4289.5146484375,,unavailable in GeoTIFF; band index reported
upload_05b712ec-Z0059,2,197,4305.1123046875,,unavailable in GeoTIFF; band index reported
upload_05b712ec-Z0059,2,198,4283.23779296875,,unavailable in GeoTIFF; band index reported
upload_05b712ec-Z0059,2,199,4255.56298828125,,unavailable in GeoTIFF; band index reported
upload_05b712ec-Z0059,2,200,4247.3076171875,,unavailable in GeoTIFF; band index reported
upload_05b712ec-Z0059,2,201,4181.12158203125,,unavailable in GeoTIFF; band index reported
upload_05b712ec-Z0059,2,202,4116.50146484375,2928.534346131563,unavailable in GeoTIFF; band index reported
upload_05b712ec-Z0059,2,203,4040.0146484375,,unavailable in GeoTIFF; band index reported
upload_05b712ec-Z0059,2,204,3944.108154296875,,unavailable in GeoTIFF; band index reported
upload_05b712ec-Z0059,2,205,3818.408447265625,,unavailable in GeoTIFF; band index reported
upload_05b712ec-Z0059,2,206,3695.84375,,unavailable in GeoTIFF; band index reported
upload_05b712ec-Z0059,2,207,3604.874267578125,,unavailable in GeoTIFF; band index reported
upload_05b712ec-Z0059,2,208,3532.3681640625,,unavailable in GeoTIFF; band index reported
upload_05b712ec-Z0059,2,209,3396.71142578125,2401.474585680463,unavailable in GeoTIFF; band index reported
upload_05b712ec-Z0059,2,210,3302.434326171875,,unavailable in GeoTIFF; band index reported
upload_05b712ec-Z0059,2,211,3249.443603515625,,unavailable in GeoTIFF; band index reported
upload_05b712ec-Z0059,2,212,3181.60888671875,,unavailable in GeoTIFF; band index reported
upload_05b712ec-Z0059,2,213,3036.305419921875,,unavailable in GeoTIFF; band index reported
upload_05b712ec-Z0059,2,214,3060.37890625,,unavailable in GeoTIFF; band index reported
upload_05b712ec-Z0059,2,215,2980.81787109375,,unavailable in GeoTIFF; band index reported
upload_05b712ec-Z0059,2,216,2988.718505859375,2116.4023336362957,unavailable in GeoTIFF; band index reported
upload_05b712ec-Z0059,2,217,2809.1416015625,,unavailable in GeoTIFF; band index reported
upload_05b712ec-Z0059,2,218,2694.34228515625,,unavailable in GeoTIFF; band index reported
upload_05b712ec-Z0059,2,219,2779.225341796875,,unavailable in GeoTIFF; band index reported
upload_05b712ec-Z0059,2,220,2848.779052734375,,unavailable in GeoTIFF; band index reported
upload_05b712ec-Z0059,2,221,2587.109130859375,,unavailable in GeoTIFF; band index reported
upload_05b712ec-Z0059,2,222,2492.38818359375,,unavailable in GeoTIFF; band index reported
upload_05b712ec-Z0059,2,223,2499.370361328125,,unavailable in GeoTIFF; band index reported
upload_05b712ec-Z0059,2,224,2686.9140625,1889.1845260490265,unavailable in GeoTIFF; band index reported
upload_05b712ec-Z0041,3,1,12160.765625,6775.173805891452,unavailable in GeoTIFF; band index reported
upload_05b712ec-Z0041,3,2,11831.98046875,,unavailable in GeoTIFF; band index reported
upload_05b712ec-Z0041,3,3,11686.0361328125,,unavailable in GeoTIFF; band index reported
upload_05b712ec-Z0041,3,4,11660.361328125,,unavailable in GeoTIFF; band index reported
upload_05b712ec-Z0041,3,5,11466.7392578125,,unavailable in GeoTIFF; band index reported
upload_05b712ec-Z0041,3,6,11222.1513671875,,unavailable in GeoTIFF; band index reported
upload_05b712ec-Z0041,3,7,11136.10546875,,unavailable in GeoTIFF; band index reported
upload_05b712ec-Z0041,3,8,11065.9619140625,6111.980069670054,unavailable in GeoTIFF; band index reported
upload_05b712ec-Z0041,3,9,10920.3125,,unavailable in GeoTIFF; band index reported
upload_05b712ec-Z0041,3,10,10863.03125,,unavailable in GeoTIFF; band index reported
upload_05b712ec-Z0041,3,11,10761.0263671875,,unavailable in GeoTIFF; band index reported
upload_05b712ec-Z0041,3,12,10604.193359375,,unavailable in GeoTIFF; band index reported
upload_05b712ec-Z0041,3,13,10524.333984375,,unavailable in GeoTIFF; band index reported
upload_05b712ec-Z0041,3,14,10527.890625,,unavailable in GeoTIFF; band index reported
upload_05b712ec-Z0041,3,15,10531.103515625,5813.185381112348,unavailable in GeoTIFF; band index reported
upload_05b712ec-Z0041,3,16,10365.5888671875,,unavailable in GeoTIFF; band index reported
upload_05b712ec-Z0041,3,17,10287.1767578125,,unavailable in GeoTIFF; band index reported
upload_05b712ec-Z0041,3,18,10245.228515625,,unavailable in GeoTIFF; band index reported
upload_05b712ec-Z0041,3,19,10067.158203125,,unavailable in GeoTIFF; band index reported
upload_05b712ec-Z0041,3,20,10083.466796875,,unavailable in GeoTIFF; band index reported
upload_05b712ec-Z0041,3,21,10147.7197265625,,unavailable in GeoTIFF; band index reported
upload_05b712ec-Z0041,3,22,10001.9169921875,5545.422984140831,unavailable in GeoTIFF; band index reported
upload_05b712ec-Z0041,3,23,9897.3798828125,,unavailable in GeoTIFF; band index reported
upload_05b712ec-Z0041,3,24,9822.1103515625,,unavailable in GeoTIFF; band index reported
upload_05b712ec-Z0041,3,25,9780.71875,,unavailable in GeoTIFF; band index reported
upload_05b712ec-Z0041,3,26,9751.646484375,,unavailable in GeoTIFF; band index reported
upload_05b712ec-Z0041,3,27,9652.255859375,,unavailable in GeoTIFF; band index reported
upload_05b712ec-Z0041,3,28,9603.09765625,,unavailable in GeoTIFF; band index reported
upload_05b712ec-Z0041,3,29,9564.1533203125,5345.056924662945,unavailable in GeoTIFF; band index reported
upload_05b712ec-Z0041,3,30,9522.2275390625,,unavailable in GeoTIFF; band index reported
upload_05b712ec-Z0041,3,31,9451.1728515625,,unavailable in GeoTIFF; band index reported
upload_05b712ec-Z0041,3,32,9349.6240234375,,unavailable in GeoTIFF; band index reported
upload_05b712ec-Z0041,3,33,9280.609375,,unavailable in GeoTIFF; band index reported
upload_05b712ec-Z0041,3,34,9296.9873046875,,unavailable in GeoTIFF; band index reported
upload_05b712ec-Z0041,3,35,9132.23046875,,unavailable in GeoTIFF; band index reported
upload_05b712ec-Z0041,3,36,9018.4296875,5036.538504794106,unavailable in GeoTIFF; band index reported
upload_05b712ec-Z0041,3,37,9105.7001953125,,unavailable in GeoTIFF; band index reported
upload_05b712ec-Z0041,3,38,9149.32421875,,unavailable in GeoTIFF; band index reported
upload_05b712ec-Z0041,3,39,9131.75,,unavailable in GeoTIFF; band index reported
upload_05b712ec-Z0041,3,40,9089.9365234375,,unavailable in GeoTIFF; band index reported
upload_05b712ec-Z0041,3,41,9097.8291015625,,unavailable in GeoTIFF; band index reported
upload_05b712ec-Z0041,3,42,8984.2744140625,,unavailable in GeoTIFF; band index reported
upload_05b712ec-Z0041,3,43,8935.1923828125,,unavailable in GeoTIFF; band index reported
upload_05b712ec-Z0041,3,44,8956.419921875,5003.075293799844,unavailable in GeoTIFF; band index reported
upload_05b712ec-Z0041,3,45,8850.0244140625,,unavailable in GeoTIFF; band index reported
upload_05b712ec-Z0041,3,46,8790.0087890625,,unavailable in GeoTIFF; band index reported
upload_05b712ec-Z0041,3,47,8820.2724609375,,unavailable in GeoTIFF; band index reported
upload_05b712ec-Z0041,3,48,8852.2080078125,,unavailable in GeoTIFF; band index reported
upload_05b712ec-Z0041,3,49,8836.453125,,unavailable in GeoTIFF; band index reported
upload_05b712ec-Z0041,3,50,8818.7431640625,,unavailable in GeoTIFF; band index reported
upload_05b712ec-Z0041,3,51,8815.4765625,4993.8515213581295,unavailable in GeoTIFF; band index reported
upload_05b712ec-Z0041,3,52,8605.1328125,,unavailable in GeoTIFF; band index reported
upload_05b712ec-Z0041,3,53,8483.0556640625,,unavailable in GeoTIFF; band index reported
upload_05b712ec-Z0041,3,54,8441.6982421875,,unavailable in GeoTIFF; band index reported
upload_05b712ec-Z0041,3,55,8418.7822265625,,unavailable in GeoTIFF; band index reported
upload_05b712ec-Z0041,3,56,8124.943359375,,unavailable in GeoTIFF; band index reported
upload_05b712ec-Z0041,3,57,8163.087890625,,unavailable in GeoTIFF; band index reported
upload_05b712ec-Z0041,3,58,8236.5791015625,4689.63883040948,unavailable in GeoTIFF; band index reported
upload_05b712ec-Z0041,3,59,8340.3740234375,,unavailable in GeoTIFF; band index reported
upload_05b712ec-Z0041,3,60,8320.88671875,,unavailable in GeoTIFF; band index reported
upload_05b712ec-Z0041,3,61,8430.4873046875,,unavailable in GeoTIFF; band index reported
upload_05b712ec-Z0041,3,62,8605.4228515625,,unavailable in GeoTIFF; band index reported
upload_05b712ec-Z0041,3,63,8393.4365234375,,unavailable in GeoTIFF; band index reported
upload_05b712ec-Z0041,3,64,8303.0205078125,,unavailable in GeoTIFF; band index reported
upload_05b712ec-Z0041,3,65,8181.59619140625,4755.180349796071,unavailable in GeoTIFF; band index reported
upload_05b712ec-Z0041,3,66,8100.5234375,,unavailable in GeoTIFF; band index reported
upload_05b712ec-Z0041,3,67,8019.39990234375,,unavailable in GeoTIFF; band index reported
upload_05b712ec-Z0041,3,68,7963.4306640625,,unavailable in GeoTIFF; band index reported
upload_05b712ec-Z0041,3,69,7911.39599609375,,unavailable in GeoTIFF; band index reported
upload_05b712ec-Z0041,3,70,8028.3037109375,,unavailable in GeoTIFF; band index reported
upload_05b712ec-Z0041,3,71,8011.75537109375,,unavailable in GeoTIFF; band index reported
upload_05b712ec-Z0041,3,72,8079.55224609375,4680.594101694635,unavailable in GeoTIFF; band index reported
upload_05b712ec-Z0041,3,73,8104.451171875,,unavailable in GeoTIFF; band index reported
upload_05b712ec-Z0041,3,74,8176.037109375,,unavailable in GeoTIFF; band index reported
upload_05b712ec-Z0041,3,75,8207.56640625,,unavailable in GeoTIFF; band index reported
upload_05b712ec-Z0041,3,76,8216.3154296875,,unavailable in GeoTIFF; band index reported
upload_05b712ec-Z0041,3,77,8147.67138671875,,unavailable in GeoTIFF; band index reported
upload_05b712ec-Z0041,3,78,8103.15673828125,,unavailable in GeoTIFF; band index reported
upload_05b712ec-Z0041,3,79,8078.11474609375,,unavailable in GeoTIFF; band index reported
upload_05b712ec-Z0041,3,80,7620.61181640625,4479.209987095625,unavailable in GeoTIFF; band index reported
upload_05b712ec-Z0041,3,81,7671.5771484375,,unavailable in GeoTIFF; band index reported
upload_05b712ec-Z0041,3,82,7419.8466796875,,unavailable in GeoTIFF; band index reported
upload_05b712ec-Z0041,3,83,7483.4912109375,,unavailable in GeoTIFF; band index reported
upload_05b712ec-Z0041,3,84,7180.4912109375,,unavailable in GeoTIFF; band index reported
upload_05b712ec-Z0041,3,85,7608.68603515625,,unavailable in GeoTIFF; band index reported
upload_05b712ec-Z0041,3,86,7378.771484375,,unavailable in GeoTIFF; band index reported
upload_05b712ec-Z0041,3,87,7629.03857421875,4548.184363051048,unavailable in GeoTIFF; band index reported
upload_05b712ec-Z0041,3,88,8459.8642578125,,unavailable in GeoTIFF; band index reported
upload_05b712ec-Z0041,3,89,7791.388671875,,unavailable in GeoTIFF; band index reported
upload_05b712ec-Z0041,3,90,8269.0556640625,,unavailable in GeoTIFF; band index reported
upload_05b712ec-Z0041,3,91,7614.744140625,,unavailable in GeoTIFF; band index reported
upload_05b712ec-Z0041,3,92,7903.1689453125,,unavailable in GeoTIFF; band index reported
upload_05b712ec-Z0041,3,93,7529.107421875,,unavailable in GeoTIFF; band index reported
upload_05b712ec-Z0041,3,94,7373.5302734375,4417.62229073331,unavailable in GeoTIFF; band index reported
upload_05b712ec-Z0041,3,95,7435.19384765625,,unavailable in GeoTIFF; band index reported
upload_05b712ec-Z0041,3,96,7460.17822265625,,unavailable in GeoTIFF; band index reported
upload_05b712ec-Z0041,3,97,7445.6201171875,,unavailable in GeoTIFF; band index reported
upload_05b712ec-Z0041,3,98,7607.91943359375,,unavailable in GeoTIFF; band index reported
upload_05b712ec-Z0041,3,99,7521.10595703125,,unavailable in GeoTIFF; band index reported
upload_05b712ec-Z0041,3,100,7813.7490234375,,unavailable in GeoTIFF; band index reported
upload_05b712ec-Z0041,3,101,7546.01171875,4437.533770537819,unavailable in GeoTIFF; band index reported
upload_05b712ec-Z0041,3,102,7805.0361328125,,unavailable in GeoTIFF; band index reported
upload_05b712ec-Z0041,3,103,7809.306640625,,unavailable in GeoTIFF; band index reported
upload_05b712ec-Z0041,3,104,7821.8671875,,unavailable in GeoTIFF; band index reported
upload_05b712ec-Z0041,3,105,7851.02685546875,,unavailable in GeoTIFF; band index reported
upload_05b712ec-Z0041,3,106,7825.8154296875,,unavailable in GeoTIFF; band index reported
upload_05b712ec-Z0041,3,107,7820.29541015625,,unavailable in GeoTIFF; band index reported
upload_05b712ec-Z0041,3,108,7789.95654296875,4672.838483754133,unavailable in GeoTIFF; band index reported
upload_05b712ec-Z0041,3,109,7693.48828125,,unavailable in GeoTIFF; band index reported
upload_05b712ec-Z0041,3,110,7567.9990234375,,unavailable in GeoTIFF; band index reported
upload_05b712ec-Z0041,3,111,7418.48095703125,,unavailable in GeoTIFF; band index reported
upload_05b712ec-Z0041,3,112,7897.32373046875,,unavailable in GeoTIFF; band index reported
upload_05b712ec-Z0041,3,113,8980.283203125,,unavailable in GeoTIFF; band index reported
upload_05b712ec-Z0041,3,114,7669.06982421875,,unavailable in GeoTIFF; band index reported
upload_05b712ec-Z0041,3,115,7367.5,,unavailable in GeoTIFF; band index reported
upload_05b712ec-Z0041,3,116,7148.34326171875,4319.924381961806,unavailable in GeoTIFF; band index reported
upload_05b712ec-Z0041,3,117,7137.57421875,,unavailable in GeoTIFF; band index reported
upload_05b712ec-Z0041,3,118,7059.75830078125,,unavailable in GeoTIFF; band index reported
upload_05b712ec-Z0041,3,119,7100.990234375,,unavailable in GeoTIFF; band index reported
upload_05b712ec-Z0041,3,120,7122.8564453125,,unavailable in GeoTIFF; band index reported
upload_05b712ec-Z0041,3,121,7213.94921875,,unavailable in GeoTIFF; band index reported
upload_05b712ec-Z0041,3,122,7341.6015625,,unavailable in GeoTIFF; band index reported
upload_05b712ec-Z0041,3,123,7383.640625,4468.005360202702,unavailable in GeoTIFF; band index reported
upload_05b712ec-Z0041,3,124,7409.95458984375,,unavailable in GeoTIFF; band index reported
upload_05b712ec-Z0041,3,125,7404.78564453125,,unavailable in GeoTIFF; band index reported
upload_05b712ec-Z0041,3,126,7350.7841796875,,unavailable in GeoTIFF; band index reported
upload_05b712ec-Z0041,3,127,7252.16943359375,,unavailable in GeoTIFF; band index reported
upload_05b712ec-Z0041,3,128,7094.99560546875,,unavailable in GeoTIFF; band index reported
upload_05b712ec-Z0041,3,129,6976.302734375,,unavailable in GeoTIFF; band index reported
upload_05b712ec-Z0041,3,130,7078.1689453125,4282.892392094966,unavailable in GeoTIFF; band index reported
upload_05b712ec-Z0041,3,131,-32768.0,,unavailable in GeoTIFF; band index reported
upload_05b712ec-Z0041,3,132,-32768.0,,unavailable in GeoTIFF; band index reported
upload_05b712ec-Z0041,3,133,-32768.0,,unavailable in GeoTIFF; band index reported
upload_05b712ec-Z0041,3,134,-32768.0,,unavailable in GeoTIFF; band index reported
upload_05b712ec-Z0041,3,135,-32768.0,,unavailable in GeoTIFF; band index reported
upload_05b712ec-Z0041,3,136,6650.7119140625,,unavailable in GeoTIFF; band index reported
upload_05b712ec-Z0041,3,137,5078.45458984375,3045.112060183597,unavailable in GeoTIFF; band index reported
upload_05b712ec-Z0041,3,138,5030.2919921875,,unavailable in GeoTIFF; band index reported
upload_05b712ec-Z0041,3,139,4000.951904296875,,unavailable in GeoTIFF; band index reported
upload_05b712ec-Z0041,3,140,3575.17626953125,,unavailable in GeoTIFF; band index reported
upload_05b712ec-Z0041,3,141,3630.5625,,unavailable in GeoTIFF; band index reported
upload_05b712ec-Z0041,3,142,3809.291015625,,unavailable in GeoTIFF; band index reported
upload_05b712ec-Z0041,3,143,3983.025390625,,unavailable in GeoTIFF; band index reported
upload_05b712ec-Z0041,3,144,4169.39111328125,2362.6533119428827,unavailable in GeoTIFF; band index reported
upload_05b712ec-Z0041,3,145,4371.205078125,,unavailable in GeoTIFF; band index reported
upload_05b712ec-Z0041,3,146,4575.30615234375,,unavailable in GeoTIFF; band index reported
upload_05b712ec-Z0041,3,147,4808.662109375,,unavailable in GeoTIFF; band index reported
upload_05b712ec-Z0041,3,148,4950.5732421875,,unavailable in GeoTIFF; band index reported
upload_05b712ec-Z0041,3,149,5110.154296875,,unavailable in GeoTIFF; band index reported
upload_05b712ec-Z0041,3,150,5246.7431640625,,unavailable in GeoTIFF; band index reported
upload_05b712ec-Z0041,3,151,5290.0908203125,,unavailable in GeoTIFF; band index reported
upload_05b712ec-Z0041,3,152,5343.54833984375,3117.982792644546,unavailable in GeoTIFF; band index reported
upload_05b712ec-Z0041,3,153,5395.86181640625,,unavailable in GeoTIFF; band index reported
upload_05b712ec-Z0041,3,154,5481.8564453125,,unavailable in GeoTIFF; band index reported
upload_05b712ec-Z0041,3,155,5557.2041015625,,unavailable in GeoTIFF; band index reported
upload_05b712ec-Z0041,3,156,5632.51513671875,,unavailable in GeoTIFF; band index reported
upload_05b712ec-Z0041,3,157,5683.5009765625,,unavailable in GeoTIFF; band index reported
upload_05b712ec-Z0041,3,158,5719.353515625,,unavailable in GeoTIFF; band index reported
upload_05b712ec-Z0041,3,159,5756.400390625,3439.5853262965566,unavailable in GeoTIFF; band index reported
upload_05b712ec-Z0041,3,160,5779.6552734375,,unavailable in GeoTIFF; band index reported
upload_05b712ec-Z0041,3,161,5747.62451171875,,unavailable in GeoTIFF; band index reported
upload_05b712ec-Z0041,3,162,5694.29296875,,unavailable in GeoTIFF; band index reported
upload_05b712ec-Z0041,3,163,5679.73681640625,,unavailable in GeoTIFF; band index reported
upload_05b712ec-Z0041,3,164,5642.88330078125,,unavailable in GeoTIFF; band index reported
upload_05b712ec-Z0041,3,165,5709.37109375,,unavailable in GeoTIFF; band index reported
upload_05b712ec-Z0041,3,166,5858.06640625,3584.4823885192695,unavailable in GeoTIFF; band index reported
upload_05b712ec-Z0041,3,167,2105.897216796875,,unavailable in GeoTIFF; band index reported
upload_05b712ec-Z0041,3,168,1801.7381591796875,,unavailable in GeoTIFF; band index reported
upload_05b712ec-Z0041,3,169,1797.67236328125,,unavailable in GeoTIFF; band index reported
upload_05b712ec-Z0041,3,170,1925.2989501953125,,unavailable in GeoTIFF; band index reported
upload_05b712ec-Z0041,3,171,2803.05517578125,,unavailable in GeoTIFF; band index reported
upload_05b712ec-Z0041,3,172,2840.052490234375,,unavailable in GeoTIFF; band index reported
upload_05b712ec-Z0041,3,173,2368.837646484375,1385.8724290973432,unavailable in GeoTIFF; band index reported
upload_05b712ec-Z0041,3,174,2249.8193359375,,unavailable in GeoTIFF; band index reported
upload_05b712ec-Z0041,3,175,2356.58203125,,unavailable in GeoTIFF; band index reported
upload_05b712ec-Z0041,3,176,2572.8232421875,,unavailable in GeoTIFF; band index reported
upload_05b712ec-Z0041,3,177,2671.35498046875,,unavailable in GeoTIFF; band index reported
upload_05b712ec-Z0041,3,178,2878.924072265625,,unavailable in GeoTIFF; band index reported
upload_05b712ec-Z0041,3,179,2953.961181640625,,unavailable in GeoTIFF; band index reported
upload_05b712ec-Z0041,3,180,3034.26806640625,1731.2755006943269,unavailable in GeoTIFF; band index reported
upload_05b712ec-Z0041,3,181,3126.204833984375,,unavailable in GeoTIFF; band index reported
upload_05b712ec-Z0041,3,182,3302.793701171875,,unavailable in GeoTIFF; band index reported
upload_05b712ec-Z0041,3,183,3480.370849609375,,unavailable in GeoTIFF; band index reported
upload_05b712ec-Z0041,3,184,3595.23291015625,,unavailable in GeoTIFF; band index reported
upload_05b712ec-Z0041,3,185,3792.89453125,,unavailable in GeoTIFF; band index reported
upload_05b712ec-Z0041,3,186,3959.8076171875,,unavailable in GeoTIFF; band index reported
upload_05b712ec-Z0041,3,187,4042.860595703125,,unavailable in GeoTIFF; band index reported
upload_05b712ec-Z0041,3,188,4136.87255859375,2585.6197546238022,unavailable in GeoTIFF; band index reported
upload_05b712ec-Z0041,3,189,4246.60107421875,,unavailable in GeoTIFF; band index reported
upload_05b712ec-Z0041,3,190,4334.1474609375,,unavailable in GeoTIFF; band index reported
upload_05b712ec-Z0041,3,191,4370.08544921875,,unavailable in GeoTIFF; band index reported
upload_05b712ec-Z0041,3,192,4467.61083984375,,unavailable in GeoTIFF; band index reported
upload_05b712ec-Z0041,3,193,4500.4951171875,,unavailable in GeoTIFF; band index reported
upload_05b712ec-Z0041,3,194,4600.802734375,,unavailable in GeoTIFF; band index reported
upload_05b712ec-Z0041,3,195,4635.35693359375,2967.5643514104772,unavailable in GeoTIFF; band index reported
upload_05b712ec-Z0041,3,196,4680.41162109375,,unavailable in GeoTIFF; band index reported
upload_05b712ec-Z0041,3,197,4700.47900390625,,unavailable in GeoTIFF; band index reported
upload_05b712ec-Z0041,3,198,4686.1484375,,unavailable in GeoTIFF; band index reported
upload_05b712ec-Z0041,3,199,4664.8798828125,,unavailable in GeoTIFF; band index reported
upload_05b712ec-Z0041,3,200,4666.03173828125,,unavailable in GeoTIFF; band index reported
upload_05b712ec-Z0041,3,201,4606.693359375,,unavailable in GeoTIFF; band index reported
upload_05b712ec-Z0041,3,202,4544.517578125,2928.534346131563,unavailable in GeoTIFF; band index reported
upload_05b712ec-Z0041,3,203,4469.70263671875,,unavailable in GeoTIFF; band index reported
upload_05b712ec-Z0041,3,204,4378.8125,,unavailable in GeoTIFF; band index reported
upload_05b712ec-Z0041,3,205,4268.75439453125,,unavailable in GeoTIFF; band index reported
upload_05b712ec-Z0041,3,206,4138.76953125,,unavailable in GeoTIFF; band index reported
upload_05b712ec-Z0041,3,207,4040.209716796875,,unavailable in GeoTIFF; band index reported
upload_05b712ec-Z0041,3,208,3999.148681640625,,unavailable in GeoTIFF; band index reported
upload_05b712ec-Z0041,3,209,3841.564697265625,2401.474585680463,unavailable in GeoTIFF; band index reported
upload_05b712ec-Z0041,3,210,3765.004150390625,,unavailable in GeoTIFF; band index reported
upload_05b712ec-Z0041,3,211,3737.296875,,unavailable in GeoTIFF; band index reported
upload_05b712ec-Z0041,3,212,3684.955810546875,,unavailable in GeoTIFF; band index reported
upload_05b712ec-Z0041,3,213,3500.3740234375,,unavailable in GeoTIFF; band index reported
upload_05b712ec-Z0041,3,214,3567.6923828125,,unavailable in GeoTIFF; band index reported
upload_05b712ec-Z0041,3,215,3489.4423828125,,unavailable in GeoTIFF; band index reported
upload_05b712ec-Z0041,3,216,3513.8232421875,2116.4023336362957,unavailable in GeoTIFF; band index reported
upload_05b712ec-Z0041,3,217,3311.67041015625,,unavailable in GeoTIFF; band index reported
upload_05b712ec-Z0041,3,218,3176.62939453125,,unavailable in GeoTIFF; band index reported
upload_05b712ec-Z0041,3,219,3302.482666015625,,unavailable in GeoTIFF; band index reported
upload_05b712ec-Z0041,3,220,3413.69775390625,,unavailable in GeoTIFF; band index reported
upload_05b712ec-Z0041,3,221,3110.420654296875,,unavailable in GeoTIFF; band index reported
upload_05b712ec-Z0041,3,222,2967.055908203125,,unavailable in GeoTIFF; band index reported
upload_05b712ec-Z0041,3,223,3027.6630859375,,unavailable in GeoTIFF; band index reported
upload_05b712ec-Z0041,3,224,3241.189208984375,1889.1845260490265,unavailable in GeoTIFF; band index reported
upload_05b712ec-Z0003,4,1,1322.1715087890625,6775.173805891452,unavailable in GeoTIFF; band index reported
upload_05b712ec-Z0003,4,2,1298.9017333984375,,unavailable in GeoTIFF; band index reported
upload_05b712ec-Z0003,4,3,1290.5440673828125,,unavailable in GeoTIFF; band index reported
upload_05b712ec-Z0003,4,4,1280.45947265625,,unavailable in GeoTIFF; band index reported
upload_05b712ec-Z0003,4,5,1299.218505859375,,unavailable in GeoTIFF; band index reported
upload_05b712ec-Z0003,4,6,1277.558349609375,,unavailable in GeoTIFF; band index reported
upload_05b712ec-Z0003,4,7,1287.6639404296875,,unavailable in GeoTIFF; band index reported
upload_05b712ec-Z0003,4,8,1293.168701171875,6111.980069670054,unavailable in GeoTIFF; band index reported
upload_05b712ec-Z0003,4,9,1284.44580078125,,unavailable in GeoTIFF; band index reported
upload_05b712ec-Z0003,4,10,1301.906494140625,,unavailable in GeoTIFF; band index reported
upload_05b712ec-Z0003,4,11,1300.8814697265625,,unavailable in GeoTIFF; band index reported
upload_05b712ec-Z0003,4,12,1302.4375,,unavailable in GeoTIFF; band index reported
upload_05b712ec-Z0003,4,13,1310.97119140625,,unavailable in GeoTIFF; band index reported
upload_05b712ec-Z0003,4,14,1332.0263671875,,unavailable in GeoTIFF; band index reported
upload_05b712ec-Z0003,4,15,1323.828125,5813.185381112348,unavailable in GeoTIFF; band index reported
upload_05b712ec-Z0003,4,16,1324.023193359375,,unavailable in GeoTIFF; band index reported
upload_05b712ec-Z0003,4,17,1327.03515625,,unavailable in GeoTIFF; band index reported
upload_05b712ec-Z0003,4,18,1332.244140625,,unavailable in GeoTIFF; band index reported
upload_05b712ec-Z0003,4,19,1319.046875,,unavailable in GeoTIFF; band index reported
upload_05b712ec-Z0003,4,20,1339.690185546875,,unavailable in GeoTIFF; band index reported
upload_05b712ec-Z0003,4,21,1368.8297119140625,,unavailable in GeoTIFF; band index reported
upload_05b712ec-Z0003,4,22,1357.54150390625,5545.422984140831,unavailable in GeoTIFF; band index reported
upload_05b712ec-Z0003,4,23,1368.4971923828125,,unavailable in GeoTIFF; band index reported
upload_05b712ec-Z0003,4,24,1380.3662109375,,unavailable in GeoTIFF; band index reported
upload_05b712ec-Z0003,4,25,1392.703857421875,,unavailable in GeoTIFF; band index reported
upload_05b712ec-Z0003,4,26,1405.62646484375,,unavailable in GeoTIFF; band index reported
upload_05b712ec-Z0003,4,27,1405.393798828125,,unavailable in GeoTIFF; band index reported
upload_05b712ec-Z0003,4,28,1412.511474609375,,unavailable in GeoTIFF; band index reported
upload_05b712ec-Z0003,4,29,1425.2552490234375,5345.056924662945,unavailable in GeoTIFF; band index reported
upload_05b712ec-Z0003,4,30,1428.708984375,,unavailable in GeoTIFF; band index reported
upload_05b712ec-Z0003,4,31,1442.8880615234375,,unavailable in GeoTIFF; band index reported
upload_05b712ec-Z0003,4,32,1439.1978759765625,,unavailable in GeoTIFF; band index reported
upload_05b712ec-Z0003,4,33,1441.390625,,unavailable in GeoTIFF; band index reported
upload_05b712ec-Z0003,4,34,1451.6724853515625,,unavailable in GeoTIFF; band index reported
upload_05b712ec-Z0003,4,35,1402.0621337890625,,unavailable in GeoTIFF; band index reported
upload_05b712ec-Z0003,4,36,1373.698486328125,5036.538504794106,unavailable in GeoTIFF; band index reported
upload_05b712ec-Z0003,4,37,1395.785400390625,,unavailable in GeoTIFF; band index reported
upload_05b712ec-Z0003,4,38,1401.5802001953125,,unavailable in GeoTIFF; band index reported
upload_05b712ec-Z0003,4,39,1396.2945556640625,,unavailable in GeoTIFF; band index reported
upload_05b712ec-Z0003,4,40,1386.232666015625,,unavailable in GeoTIFF; band index reported
upload_05b712ec-Z0003,4,41,1393.5250244140625,,unavailable in GeoTIFF; band index reported
upload_05b712ec-Z0003,4,42,1383.2701416015625,,unavailable in GeoTIFF; band index reported
upload_05b712ec-Z0003,4,43,1375.0291748046875,,unavailable in GeoTIFF; band index reported
upload_05b712ec-Z0003,4,44,1381.3411865234375,5003.075293799844,unavailable in GeoTIFF; band index reported
upload_05b712ec-Z0003,4,45,1353.7901611328125,,unavailable in GeoTIFF; band index reported
upload_05b712ec-Z0003,4,46,1336.91064453125,,unavailable in GeoTIFF; band index reported
upload_05b712ec-Z0003,4,47,1323.160400390625,,unavailable in GeoTIFF; band index reported
upload_05b712ec-Z0003,4,48,1317.0152587890625,,unavailable in GeoTIFF; band index reported
upload_05b712ec-Z0003,4,49,1307.7808837890625,,unavailable in GeoTIFF; band index reported
upload_05b712ec-Z0003,4,50,1310.720947265625,,unavailable in GeoTIFF; band index reported
upload_05b712ec-Z0003,4,51,1358.599853515625,4993.8515213581295,unavailable in GeoTIFF; band index reported
upload_05b712ec-Z0003,4,52,1328.6248779296875,,unavailable in GeoTIFF; band index reported
upload_05b712ec-Z0003,4,53,1312.2044677734375,,unavailable in GeoTIFF; band index reported
upload_05b712ec-Z0003,4,54,1327.593505859375,,unavailable in GeoTIFF; band index reported
upload_05b712ec-Z0003,4,55,1330.799560546875,,unavailable in GeoTIFF; band index reported
upload_05b712ec-Z0003,4,56,1263.263427734375,,unavailable in GeoTIFF; band index reported
upload_05b712ec-Z0003,4,57,1250.618896484375,,unavailable in GeoTIFF; band index reported
upload_05b712ec-Z0003,4,58,1270.9061279296875,4689.63883040948,unavailable in GeoTIFF; band index reported
upload_05b712ec-Z0003,4,59,1315.2625732421875,,unavailable in GeoTIFF; band index reported
upload_05b712ec-Z0003,4,60,1335.8626708984375,,unavailable in GeoTIFF; band index reported
upload_05b712ec-Z0003,4,61,1391.438232421875,,unavailable in GeoTIFF; band index reported
upload_05b712ec-Z0003,4,62,1482.971435546875,,unavailable in GeoTIFF; band index reported
upload_05b712ec-Z0003,4,63,1371.38427734375,,unavailable in GeoTIFF; band index reported
upload_05b712ec-Z0003,4,64,1361.8223876953125,,unavailable in GeoTIFF; band index reported
upload_05b712ec-Z0003,4,65,1356.667724609375,4755.180349796071,unavailable in GeoTIFF; band index reported
upload_05b712ec-Z0003,4,66,1335.4267578125,,unavailable in GeoTIFF; band index reported
upload_05b712ec-Z0003,4,67,1330.801513671875,,unavailable in GeoTIFF; band index reported
upload_05b712ec-Z0003,4,68,1318.6962890625,,unavailable in GeoTIFF; band index reported
upload_05b712ec-Z0003,4,69,1295.2042236328125,,unavailable in GeoTIFF; band index reported
upload_05b712ec-Z0003,4,70,1298.97021484375,,unavailable in GeoTIFF; band index reported
upload_05b712ec-Z0003,4,71,1295.2137451171875,,unavailable in GeoTIFF; band index reported
upload_05b712ec-Z0003,4,72,1324.8094482421875,4680.594101694635,unavailable in GeoTIFF; band index reported
upload_05b712ec-Z0003,4,73,1338.2333984375,,unavailable in GeoTIFF; band index reported
upload_05b712ec-Z0003,4,74,1351.027587890625,,unavailable in GeoTIFF; band index reported
upload_05b712ec-Z0003,4,75,1360.57861328125,,unavailable in GeoTIFF; band index reported
upload_05b712ec-Z0003,4,76,1374.17822265625,,unavailable in GeoTIFF; band index reported
upload_05b712ec-Z0003,4,77,1364.050048828125,,unavailable in GeoTIFF; band index reported
upload_05b712ec-Z0003,4,78,1372.33740234375,,unavailable in GeoTIFF; band index reported
upload_05b712ec-Z0003,4,79,1319.704833984375,,unavailable in GeoTIFF; band index reported
upload_05b712ec-Z0003,4,80,1346.3798828125,4479.209987095625,unavailable in GeoTIFF; band index reported
upload_05b712ec-Z0003,4,81,1248.3291015625,,unavailable in GeoTIFF; band index reported
upload_05b712ec-Z0003,4,82,1312.3759765625,,unavailable in GeoTIFF; band index reported
upload_05b712ec-Z0003,4,83,1220.8275146484375,,unavailable in GeoTIFF; band index reported
upload_05b712ec-Z0003,4,84,1178.5335693359375,,unavailable in GeoTIFF; band index reported
upload_05b712ec-Z0003,4,85,1337.1861572265625,,unavailable in GeoTIFF; band index reported
upload_05b712ec-Z0003,4,86,1290.4654541015625,,unavailable in GeoTIFF; band index reported
upload_05b712ec-Z0003,4,87,1400.0738525390625,4548.184363051048,unavailable in GeoTIFF; band index reported
upload_05b712ec-Z0003,4,88,1366.416015625,,unavailable in GeoTIFF; band index reported
upload_05b712ec-Z0003,4,89,1504.552978515625,,unavailable in GeoTIFF; band index reported
upload_05b712ec-Z0003,4,90,1262.8170166015625,,unavailable in GeoTIFF; band index reported
upload_05b712ec-Z0003,4,91,1459.644287109375,,unavailable in GeoTIFF; band index reported
upload_05b712ec-Z0003,4,92,1203.93505859375,,unavailable in GeoTIFF; band index reported
upload_05b712ec-Z0003,4,93,1141.821533203125,,unavailable in GeoTIFF; band index reported
upload_05b712ec-Z0003,4,94,1372.520263671875,4417.62229073331,unavailable in GeoTIFF; band index reported
upload_05b712ec-Z0003,4,95,1126.3531494140625,,unavailable in GeoTIFF; band index reported
upload_05b712ec-Z0003,4,96,1334.2977294921875,,unavailable in GeoTIFF; band index reported
upload_05b712ec-Z0003,4,97,1131.1328125,,unavailable in GeoTIFF; band index reported
upload_05b712ec-Z0003,4,98,1372.00537109375,,unavailable in GeoTIFF; band index reported
upload_05b712ec-Z0003,4,99,1155.5577392578125,,unavailable in GeoTIFF; band index reported
upload_05b712ec-Z0003,4,100,1415.1826171875,,unavailable in GeoTIFF; band index reported
upload_05b712ec-Z0003,4,101,1169.2371826171875,4437.533770537819,unavailable in GeoTIFF; band index reported
upload_05b712ec-Z0003,4,102,1422.668701171875,,unavailable in GeoTIFF; band index reported
upload_05b712ec-Z0003,4,103,1436.134765625,,unavailable in GeoTIFF; band index reported
upload_05b712ec-Z0003,4,104,1444.380126953125,,unavailable in GeoTIFF; band index reported
upload_05b712ec-Z0003,4,105,1455.7989501953125,,unavailable in GeoTIFF; band index reported
upload_05b712ec-Z0003,4,106,1460.56591796875,,unavailable in GeoTIFF; band index reported
upload_05b712ec-Z0003,4,107,1471.3497314453125,,unavailable in GeoTIFF; band index reported
upload_05b712ec-Z0003,4,108,1472.3507080078125,4672.838483754133,unavailable in GeoTIFF; band index reported
upload_05b712ec-Z0003,4,109,1448.1988525390625,,unavailable in GeoTIFF; band index reported
upload_05b712ec-Z0003,4,110,1411.6290283203125,,unavailable in GeoTIFF; band index reported
upload_05b712ec-Z0003,4,111,1373.78759765625,,unavailable in GeoTIFF; band index reported
upload_05b712ec-Z0003,4,112,1573.8328857421875,,unavailable in GeoTIFF; band index reported
upload_05b712ec-Z0003,4,113,1952.98193359375,,unavailable in GeoTIFF; band index reported
upload_05b712ec-Z0003,4,114,1596.5460205078125,,unavailable in GeoTIFF; band index reported
upload_05b712ec-Z0003,4,115,1544.6917724609375,,unavailable in GeoTIFF; band index reported
upload_05b712ec-Z0003,4,116,1375.3294677734375,4319.924381961806,unavailable in GeoTIFF; band index reported
upload_05b712ec-Z0003,4,117,1349.6661376953125,,unavailable in GeoTIFF; band index reported
upload_05b712ec-Z0003,4,118,1336.2435302734375,,unavailable in GeoTIFF; band index reported
upload_05b712ec-Z0003,4,119,1340.7999267578125,,unavailable in GeoTIFF; band index reported
upload_05b712ec-Z0003,4,120,1356.7022705078125,,unavailable in GeoTIFF; band index reported
upload_05b712ec-Z0003,4,121,1381.96728515625,,unavailable in GeoTIFF; band index reported
upload_05b712ec-Z0003,4,122,1419.382080078125,,unavailable in GeoTIFF; band index reported
upload_05b712ec-Z0003,4,123,1438.488525390625,4468.005360202702,unavailable in GeoTIFF; band index reported
upload_05b712ec-Z0003,4,124,1474.8975830078125,,unavailable in GeoTIFF; band index reported
upload_05b712ec-Z0003,4,125,1530.05078125,,unavailable in GeoTIFF; band index reported
upload_05b712ec-Z0003,4,126,1450.7403564453125,,unavailable in GeoTIFF; band index reported
upload_05b712ec-Z0003,4,127,1407.736572265625,,unavailable in GeoTIFF; band index reported
upload_05b712ec-Z0003,4,128,1372.4083251953125,,unavailable in GeoTIFF; band index reported
upload_05b712ec-Z0003,4,129,1376.422607421875,,unavailable in GeoTIFF; band index reported
upload_05b712ec-Z0003,4,130,1436.35986328125,4282.892392094966,unavailable in GeoTIFF; band index reported
upload_05b712ec-Z0003,4,131,-32768.0,,unavailable in GeoTIFF; band index reported
upload_05b712ec-Z0003,4,132,-32768.0,,unavailable in GeoTIFF; band index reported
upload_05b712ec-Z0003,4,133,-32768.0,,unavailable in GeoTIFF; band index reported
upload_05b712ec-Z0003,4,134,-32768.0,,unavailable in GeoTIFF; band index reported
upload_05b712ec-Z0003,4,135,-32768.0,,unavailable in GeoTIFF; band index reported
upload_05b712ec-Z0003,4,136,1802.1474609375,,unavailable in GeoTIFF; band index reported
upload_05b712ec-Z0003,4,137,1200.702880859375,3045.112060183597,unavailable in GeoTIFF; band index reported
upload_05b712ec-Z0003,4,138,1132.84375,,unavailable in GeoTIFF; band index reported
upload_05b712ec-Z0003,4,139,809.3868408203125,,unavailable in GeoTIFF; band index reported
upload_05b712ec-Z0003,4,140,676.1639404296875,,unavailable in GeoTIFF; band index reported
upload_05b712ec-Z0003,4,141,677.4115600585938,,unavailable in GeoTIFF; band index reported
upload_05b712ec-Z0003,4,142,701.2406616210938,,unavailable in GeoTIFF; band index reported
upload_05b712ec-Z0003,4,143,735.6610717773438,,unavailable in GeoTIFF; band index reported
upload_05b712ec-Z0003,4,144,765.3779296875,2362.6533119428827,unavailable in GeoTIFF; band index reported
upload_05b712ec-Z0003,4,145,804.4987182617188,,unavailable in GeoTIFF; band index reported
upload_05b712ec-Z0003,4,146,848.0726318359375,,unavailable in GeoTIFF; band index reported
upload_05b712ec-Z0003,4,147,914.278076171875,,unavailable in GeoTIFF; band index reported
upload_05b712ec-Z0003,4,148,932.4153442382812,,unavailable in GeoTIFF; band index reported
upload_05b712ec-Z0003,4,149,973.156005859375,,unavailable in GeoTIFF; band index reported
upload_05b712ec-Z0003,4,150,1014.83544921875,,unavailable in GeoTIFF; band index reported
upload_05b712ec-Z0003,4,151,1012.7045288085938,,unavailable in GeoTIFF; band index reported
upload_05b712ec-Z0003,4,152,1017.5618286132812,3117.982792644546,unavailable in GeoTIFF; band index reported
upload_05b712ec-Z0003,4,153,1036.6575927734375,,unavailable in GeoTIFF; band index reported
upload_05b712ec-Z0003,4,154,1058.3446044921875,,unavailable in GeoTIFF; band index reported
upload_05b712ec-Z0003,4,155,1076.1524658203125,,unavailable in GeoTIFF; band index reported
upload_05b712ec-Z0003,4,156,1090.320556640625,,unavailable in GeoTIFF; band index reported
upload_05b712ec-Z0003,4,157,1106.85986328125,,unavailable in GeoTIFF; band index reported
upload_05b712ec-Z0003,4,158,1113.992431640625,,unavailable in GeoTIFF; band index reported
upload_05b712ec-Z0003,4,159,1128.4696044921875,3439.5853262965566,unavailable in GeoTIFF; band index reported
upload_05b712ec-Z0003,4,160,1131.8896484375,,unavailable in GeoTIFF; band index reported
upload_05b712ec-Z0003,4,161,1132.5335693359375,,unavailable in GeoTIFF; band index reported
upload_05b712ec-Z0003,4,162,1131.3209228515625,,unavailable in GeoTIFF; band index reported
upload_05b712ec-Z0003,4,163,1140.9122314453125,,unavailable in GeoTIFF; band index reported
upload_05b712ec-Z0003,4,164,1140.7222900390625,,unavailable in GeoTIFF; band index reported
upload_05b712ec-Z0003,4,165,1153.710205078125,,unavailable in GeoTIFF; band index reported
upload_05b712ec-Z0003,4,166,1213.9984130859375,3584.4823885192695,unavailable in GeoTIFF; band index reported
upload_05b712ec-Z0003,4,167,502.9495849609375,,unavailable in GeoTIFF; band index reported
upload_05b712ec-Z0003,4,168,380.20989990234375,,unavailable in GeoTIFF; band index reported
upload_05b712ec-Z0003,4,169,357.73809814453125,,unavailable in GeoTIFF; band index reported
upload_05b712ec-Z0003,4,170,382.52471923828125,,unavailable in GeoTIFF; band index reported
upload_05b712ec-Z0003,4,171,750.0092163085938,,unavailable in GeoTIFF; band index reported
upload_05b712ec-Z0003,4,172,723.0342407226562,,unavailable in GeoTIFF; band index reported
upload_05b712ec-Z0003,4,173,501.39599609375,1385.8724290973432,unavailable in GeoTIFF; band index reported
upload_05b712ec-Z0003,4,174,431.1258850097656,,unavailable in GeoTIFF; band index reported
upload_05b712ec-Z0003,4,175,444.6182556152344,,unavailable in GeoTIFF; band index reported
upload_05b712ec-Z0003,4,176,505.8345031738281,,unavailable in GeoTIFF; band index reported
upload_05b712ec-Z0003,4,177,530.612548828125,,unavailable in GeoTIFF; band index reported
upload_05b712ec-Z0003,4,178,575.746337890625,,unavailable in GeoTIFF; band index reported
upload_05b712ec-Z0003,4,179,573.2736206054688,,unavailable in GeoTIFF; band index reported
upload_05b712ec-Z0003,4,180,587.3367309570312,1731.2755006943269,unavailable in GeoTIFF; band index reported
upload_05b712ec-Z0003,4,181,604.1823120117188,,unavailable in GeoTIFF; band index reported
upload_05b712ec-Z0003,4,182,645.789794921875,,unavailable in GeoTIFF; band index reported
upload_05b712ec-Z0003,4,183,687.4286499023438,,unavailable in GeoTIFF; band index reported
upload_05b712ec-Z0003,4,184,735.2032470703125,,unavailable in GeoTIFF; band index reported
upload_05b712ec-Z0003,4,185,779.3135986328125,,unavailable in GeoTIFF; band index reported
upload_05b712ec-Z0003,4,186,814.5516967773438,,unavailable in GeoTIFF; band index reported
upload_05b712ec-Z0003,4,187,840.3316650390625,,unavailable in GeoTIFF; band index reported
upload_05b712ec-Z0003,4,188,870.6823120117188,2585.6197546238022,unavailable in GeoTIFF; band index reported
upload_05b712ec-Z0003,4,189,898.7948608398438,,unavailable in GeoTIFF; band index reported
upload_05b712ec-Z0003,4,190,917.777099609375,,unavailable in GeoTIFF; band index reported
upload_05b712ec-Z0003,4,191,934.6141357421875,,unavailable in GeoTIFF; band index reported
upload_05b712ec-Z0003,4,192,951.5802001953125,,unavailable in GeoTIFF; band index reported
upload_05b712ec-Z0003,4,193,973.6765747070312,,unavailable in GeoTIFF; band index reported
upload_05b712ec-Z0003,4,194,984.552978515625,,unavailable in GeoTIFF; band index reported
upload_05b712ec-Z0003,4,195,986.2045288085938,2967.5643514104772,unavailable in GeoTIFF; band index reported
upload_05b712ec-Z0003,4,196,994.8836669921875,,unavailable in GeoTIFF; band index reported
upload_05b712ec-Z0003,4,197,1000.8529052734375,,unavailable in GeoTIFF; band index reported
upload_05b712ec-Z0003,4,198,998.6908569335938,,unavailable in GeoTIFF; band index reported
upload_05b712ec-Z0003,4,199,997.0288696289062,,unavailable in GeoTIFF; band index reported
upload_05b712ec-Z0003,4,200,994.4901733398438,,unavailable in GeoTIFF; band index reported
upload_05b712ec-Z0003,4,201,981.7786865234375,,unavailable in GeoTIFF; band index reported
upload_05b712ec-Z0003,4,202,968.4403686523438,2928.534346131563,unavailable in GeoTIFF; band index reported
upload_05b712ec-Z0003,4,203,949.4657592773438,,unavailable in GeoTIFF; band index reported
upload_05b712ec-Z0003,4,204,926.8018188476562,,unavailable in GeoTIFF; band index reported
upload_05b712ec-Z0003,4,205,912.2761840820312,,unavailable in GeoTIFF; band index reported
upload_05b712ec-Z0003,4,206,878.6065063476562,,unavailable in GeoTIFF; band index reported
upload_05b712ec-Z0003,4,207,842.8065795898438,,unavailable in GeoTIFF; band index reported
upload_05b712ec-Z0003,4,208,849.8893432617188,,unavailable in GeoTIFF; band index reported
upload_05b712ec-Z0003,4,209,800.87255859375,2401.474585680463,unavailable in GeoTIFF; band index reported
upload_05b712ec-Z0003,4,210,788.9454956054688,,unavailable in GeoTIFF; band index reported
upload_05b712ec-Z0003,4,211,787.8170776367188,,unavailable in GeoTIFF; band index reported
upload_05b712ec-Z0003,4,212,783.155029296875,,unavailable in GeoTIFF; band index reported
upload_05b712ec-Z0003,4,213,727.9153442382812,,unavailable in GeoTIFF; band index reported
upload_05b712ec-Z0003,4,214,755.004150390625,,unavailable in GeoTIFF; band index reported
upload_05b712ec-Z0003,4,215,734.0729370117188,,unavailable in GeoTIFF; band index reported
upload_05b712ec-Z0003,4,216,726.6477661132812,2116.4023336362957,unavailable in GeoTIFF; band index reported
upload_05b712ec-Z0003,4,217,688.3636474609375,,unavailable in GeoTIFF; band index reported
upload_05b712ec-Z0003,4,218,657.0852661132812,,unavailable in GeoTIFF; band index reported
upload_05b712ec-Z0003,4,219,685.5538940429688,,unavailable in GeoTIFF; band index reported
upload_05b712ec-Z0003,4,220,714.3002319335938,,unavailable in GeoTIFF; band index reported
upload_05b712ec-Z0003,4,221,652.048828125,,unavailable in GeoTIFF; band index reported
upload_05b712ec-Z0003,4,222,600.56591796875,,unavailable in GeoTIFF; band index reported
upload_05b712ec-Z0003,4,223,647.75048828125,,unavailable in GeoTIFF; band index reported
upload_05b712ec-Z0003,4,224,676.2606201171875,1889.1845260490265,unavailable in GeoTIFF; band index reported
upload_05b712ec-Z0046,5,1,714.3333129882812,6775.173805891452,unavailable in GeoTIFF; band index reported
upload_05b712ec-Z0046,5,2,682.75,,unavailable in GeoTIFF; band index reported
upload_05b712ec-Z0046,5,3,729.1666870117188,,unavailable in GeoTIFF; band index reported
upload_05b712ec-Z0046,5,4,686.3333129882812,,unavailable in GeoTIFF; band index reported
upload_05b712ec-Z0046,5,5,717.0833129882812,,unavailable in GeoTIFF; band index reported
upload_05b712ec-Z0046,5,6,706.5,,unavailable in GeoTIFF; band index reported
upload_05b712ec-Z0046,5,7,720.5,,unavailable in GeoTIFF; band index reported
upload_05b712ec-Z0046,5,8,716.6666870117188,6111.980069670054,unavailable in GeoTIFF; band index reported
upload_05b712ec-Z0046,5,9,721.0833129882812,,unavailable in GeoTIFF; band index reported
upload_05b712ec-Z0046,5,10,750.8333129882812,,unavailable in GeoTIFF; band index reported
upload_05b712ec-Z0046,5,11,743.4166870117188,,unavailable in GeoTIFF; band index reported
upload_05b712ec-Z0046,5,12,730.5833129882812,,unavailable in GeoTIFF; band index reported
upload_05b712ec-Z0046,5,13,744.0,,unavailable in GeoTIFF; band index reported
upload_05b712ec-Z0046,5,14,762.8333129882812,,unavailable in GeoTIFF; band index reported
upload_05b712ec-Z0046,5,15,757.25,5813.185381112348,unavailable in GeoTIFF; band index reported
upload_05b712ec-Z0046,5,16,743.8333129882812,,unavailable in GeoTIFF; band index reported
upload_05b712ec-Z0046,5,17,747.75,,unavailable in GeoTIFF; band index reported
upload_05b712ec-Z0046,5,18,754.25,,unavailable in GeoTIFF; band index reported
upload_05b712ec-Z0046,5,19,765.0,,unavailable in GeoTIFF; band index reported
upload_05b712ec-Z0046,5,20,785.5,,unavailable in GeoTIFF; band index reported
upload_05b712ec-Z0046,5,21,811.8333129882812,,unavailable in GeoTIFF; band index reported
upload_05b712ec-Z0046,5,22,824.9166870117188,5545.422984140831,unavailable in GeoTIFF; band index reported
upload_05b712ec-Z0046,5,23,846.9166870117188,,unavailable in GeoTIFF; band index reported
upload_05b712ec-Z0046,5,24,871.9166870117188,,unavailable in GeoTIFF; band index reported
upload_05b712ec-Z0046,5,25,883.6666870117188,,unavailable in GeoTIFF; band index reported
upload_05b712ec-Z0046,5,26,908.6666870117188,,unavailable in GeoTIFF; band index reported
upload_05b712ec-Z0046,5,27,910.75,,unavailable in GeoTIFF; band index reported
upload_05b712ec-Z0046,5,28,923.75,,unavailable in GeoTIFF; band index reported
upload_05b712ec-Z0046,5,29,938.9166870117188,5345.056924662945,unavailable in GeoTIFF; band index reported
upload_05b712ec-Z0046,5,30,934.5,,unavailable in GeoTIFF; band index reported
upload_05b712ec-Z0046,5,31,938.1666870117188,,unavailable in GeoTIFF; band index reported
upload_05b712ec-Z0046,5,32,910.1666870117188,,unavailable in GeoTIFF; band index reported
upload_05b712ec-Z0046,5,33,904.0,,unavailable in GeoTIFF; band index reported
upload_05b712ec-Z0046,5,34,912.5833129882812,,unavailable in GeoTIFF; band index reported
upload_05b712ec-Z0046,5,35,899.0833129882812,,unavailable in GeoTIFF; band index reported
upload_05b712ec-Z0046,5,36,880.0,5036.538504794106,unavailable in GeoTIFF; band index reported
upload_05b712ec-Z0046,5,37,895.9166870117188,,unavailable in GeoTIFF; band index reported
upload_05b712ec-Z0046,5,38,897.25,,unavailable in GeoTIFF; band index reported
upload_05b712ec-Z0046,5,39,889.0833129882812,,unavailable in GeoTIFF; band index reported
upload_05b712ec-Z0046,5,40,886.1666870117188,,unavailable in GeoTIFF; band index reported
upload_05b712ec-Z0046,5,41,884.1666870117188,,unavailable in GeoTIFF; band index reported
upload_05b712ec-Z0046,5,42,880.5833129882812,,unavailable in GeoTIFF; band index reported
upload_05b712ec-Z0046,5,43,880.5833129882812,,unavailable in GeoTIFF; band index reported
upload_05b712ec-Z0046,5,44,889.0,5003.075293799844,unavailable in GeoTIFF; band index reported
upload_05b712ec-Z0046,5,45,885.3333129882812,,unavailable in GeoTIFF; band index reported
upload_05b712ec-Z0046,5,46,865.8333129882812,,unavailable in GeoTIFF; band index reported
upload_05b712ec-Z0046,5,47,863.5,,unavailable in GeoTIFF; band index reported
upload_05b712ec-Z0046,5,48,860.5,,unavailable in GeoTIFF; band index reported
upload_05b712ec-Z0046,5,49,854.3333129882812,,unavailable in GeoTIFF; band index reported
upload_05b712ec-Z0046,5,50,861.3333129882812,,unavailable in GeoTIFF; band index reported
upload_05b712ec-Z0046,5,51,887.75,4993.8515213581295,unavailable in GeoTIFF; band index reported
upload_05b712ec-Z0046,5,52,946.1666870117188,,unavailable in GeoTIFF; band index reported
upload_05b712ec-Z0046,5,53,1039.8333740234375,,unavailable in GeoTIFF; band index reported
upload_05b712ec-Z0046,5,54,1178.8333740234375,,unavailable in GeoTIFF; band index reported
upload_05b712ec-Z0046,5,55,1341.0,,unavailable in GeoTIFF; band index reported
upload_05b712ec-Z0046,5,56,1453.25,,unavailable in GeoTIFF; band index reported
upload_05b712ec-Z0046,5,57,1600.0,,unavailable in GeoTIFF; band index reported
upload_05b712ec-Z0046,5,58,1718.3333740234375,4689.63883040948,unavailable in GeoTIFF; band index reported
upload_05b712ec-Z0046,5,59,1870.6666259765625,,unavailable in GeoTIFF; band index reported
upload_05b712ec-Z0046,5,60,1968.5833740234375,,unavailable in GeoTIFF; band index reported
upload_05b712ec-Z0046,5,61,2031.75,,unavailable in GeoTIFF; band index reported
upload_05b712ec-Z0046,5,62,1963.8333740234375,,unavailable in GeoTIFF; band index reported
upload_05b712ec-Z0046,5,63,1983.9166259765625,,unavailable in GeoTIFF; band index reported
upload_05b712ec-Z0046,5,64,2013.75,,unavailable in GeoTIFF; band index reported
upload_05b712ec-Z0046,5,65,2004.9166259765625,4755.180349796071,unavailable in GeoTIFF; band index reported
upload_05b712ec-Z0046,5,66,2012.9166259765625,,unavailable in GeoTIFF; band index reported
upload_05b712ec-Z0046,5,67,2006.3333740234375,,unavailable in GeoTIFF; band index reported
upload_05b712ec-Z0046,5,68,2038.75,,unavailable in GeoTIFF; band index reported
upload_05b712ec-Z0046,5,69,1995.5,,unavailable in GeoTIFF; band index reported
upload_05b712ec-Z0046,5,70,2005.25,,unavailable in GeoTIFF; band index reported
upload_05b712ec-Z0046,5,71,2037.3333740234375,,unavailable in GeoTIFF; band index reported
upload_05b712ec-Z0046,5,72,2070.166748046875,4680.594101694635,unavailable in GeoTIFF; band index reported
upload_05b712ec-Z0046,5,73,2121.416748046875,,unavailable in GeoTIFF; band index reported
upload_05b712ec-Z0046,5,74,2122.666748046875,,unavailable in GeoTIFF; band index reported
upload_05b712ec-Z0046,5,75,2158.833251953125,,unavailable in GeoTIFF; band index reported
upload_05b712ec-Z0046,5,76,2163.666748046875,,unavailable in GeoTIFF; band index reported
upload_05b712ec-Z0046,5,77,2148.25,,unavailable in GeoTIFF; band index reported
upload_05b712ec-Z0046,5,78,2136.583251953125,,unavailable in GeoTIFF; band index reported
upload_05b712ec-Z0046,5,79,2123.333251953125,,unavailable in GeoTIFF; band index reported
upload_05b712ec-Z0046,5,80,2126.666748046875,4479.209987095625,unavailable in GeoTIFF; band index reported
upload_05b712ec-Z0046,5,81,2054.0,,unavailable in GeoTIFF; band index reported
upload_05b712ec-Z0046,5,82,2066.583251953125,,unavailable in GeoTIFF; band index reported
upload_05b712ec-Z0046,5,83,1947.1666259765625,,unavailable in GeoTIFF; band index reported
upload_05b712ec-Z0046,5,84,1904.6666259765625,,unavailable in GeoTIFF; band index reported
upload_05b712ec-Z0046,5,85,2136.5,,unavailable in GeoTIFF; band index reported
upload_05b712ec-Z0046,5,86,2160.333251953125,,unavailable in GeoTIFF; band index reported
upload_05b712ec-Z0046,5,87,2151.916748046875,4548.184363051048,unavailable in GeoTIFF; band index reported
upload_05b712ec-Z0046,5,88,2282.416748046875,,unavailable in GeoTIFF; band index reported
upload_05b712ec-Z0046,5,89,2308.416748046875,,unavailable in GeoTIFF; band index reported
upload_05b712ec-Z0046,5,90,2134.666748046875,,unavailable in GeoTIFF; band index reported
upload_05b712ec-Z0046,5,91,2226.666748046875,,unavailable in GeoTIFF; band index reported
upload_05b712ec-Z0046,5,92,1923.8333740234375,,unavailable in GeoTIFF; band index reported
upload_05b712ec-Z0046,5,93,1922.1666259765625,,unavailable in GeoTIFF; band index reported
upload_05b712ec-Z0046,5,94,2117.333251953125,4417.62229073331,unavailable in GeoTIFF; band index reported
upload_05b712ec-Z0046,5,95,1933.0833740234375,,unavailable in GeoTIFF; band index reported
upload_05b712ec-Z0046,5,96,2111.666748046875,,unavailable in GeoTIFF; band index reported
upload_05b712ec-Z0046,5,97,1915.5833740234375,,unavailable in GeoTIFF; band index reported
upload_05b712ec-Z0046,5,98,2185.083251953125,,unavailable in GeoTIFF; band index reported
upload_05b712ec-Z0046,5,99,1990.8333740234375,,unavailable in GeoTIFF; band index reported
upload_05b712ec-Z0046,5,100,2271.833251953125,,unavailable in GeoTIFF; band index reported
upload_05b712ec-Z0046,5,101,2049.333251953125,4437.533770537819,unavailable in GeoTIFF; band index reported
upload_05b712ec-Z0046,5,102,2292.166748046875,,unavailable in GeoTIFF; band index reported
upload_05b712ec-Z0046,5,103,2321.083251953125,,unavailable in GeoTIFF; band index reported
upload_05b712ec-Z0046,5,104,2355.416748046875,,unavailable in GeoTIFF; band index reported
upload_05b712ec-Z0046,5,105,2396.083251953125,,unavailable in GeoTIFF; band index reported
upload_05b712ec-Z0046,5,106,2412.416748046875,,unavailable in GeoTIFF; band index reported
upload_05b712ec-Z0046,5,107,2428.583251953125,,unavailable in GeoTIFF; band index reported
upload_05b712ec-Z0046,5,108,2437.75,4672.838483754133,unavailable in GeoTIFF; band index reported
upload_05b712ec-Z0046,5,109,2415.166748046875,,unavailable in GeoTIFF; band index reported
upload_05b712ec-Z0046,5,110,2361.583251953125,,unavailable in GeoTIFF; band index reported
upload_05b712ec-Z0046,5,111,2278.333251953125,,unavailable in GeoTIFF; band index reported
upload_05b712ec-Z0046,5,112,2451.166748046875,,unavailable in GeoTIFF; band index reported
upload_05b712ec-Z0046,5,113,3140.75,,unavailable in GeoTIFF; band index reported
upload_05b712ec-Z0046,5,114,2440.0,,unavailable in GeoTIFF; band index reported
upload_05b712ec-Z0046,5,115,2285.25,,unavailable in GeoTIFF; band index reported
upload_05b712ec-Z0046,5,116,2101.5,4319.924381961806,unavailable in GeoTIFF; band index reported
upload_05b712ec-Z0046,5,117,2075.583251953125,,unavailable in GeoTIFF; band index reported
upload_05b712ec-Z0046,5,118,2047.3333740234375,,unavailable in GeoTIFF; band index reported
upload_05b712ec-Z0046,5,119,2061.583251953125,,unavailable in GeoTIFF; band index reported
upload_05b712ec-Z0046,5,120,2091.5,,unavailable in GeoTIFF; band index reported
upload_05b712ec-Z0046,5,121,2149.083251953125,,unavailable in GeoTIFF; band index reported
upload_05b712ec-Z0046,5,122,2227.5,,unavailable in GeoTIFF; band index reported
upload_05b712ec-Z0046,5,123,2264.833251953125,4468.005360202702,unavailable in GeoTIFF; band index reported
upload_05b712ec-Z0046,5,124,2268.75,,unavailable in GeoTIFF; band index reported
upload_05b712ec-Z0046,5,125,2304.0,,unavailable in GeoTIFF; band index reported
upload_05b712ec-Z0046,5,126,2295.333251953125,,unavailable in GeoTIFF; band index reported
upload_05b712ec-Z0046,5,127,2256.0,,unavailable in GeoTIFF; band index reported
upload_05b712ec-Z0046,5,128,2161.0,,unavailable in GeoTIFF; band index reported
upload_05b712ec-Z0046,5,129,2094.5,,unavailable in GeoTIFF; band index reported
upload_05b712ec-Z0046,5,130,2138.166748046875,4282.892392094966,unavailable in GeoTIFF; band index reported
upload_05b712ec-Z0046,5,131,-32768.0,,unavailable in GeoTIFF; band index reported
upload_05b712ec-Z0046,5,132,-32768.0,,unavailable in GeoTIFF; band index reported
upload_05b712ec-Z0046,5,133,-32768.0,,unavailable in GeoTIFF; band index reported
upload_05b712ec-Z0046,5,134,-32768.0,,unavailable in GeoTIFF; band index reported
upload_05b712ec-Z0046,5,135,-32768.0,,unavailable in GeoTIFF; band index reported
upload_05b712ec-Z0046,5,136,2630.916748046875,,unavailable in GeoTIFF; band index reported
upload_05b712ec-Z0046,5,137,1647.9166259765625,3045.112060183597,unavailable in GeoTIFF; band index reported
upload_05b712ec-Z0046,5,138,1632.1666259765625,,unavailable in GeoTIFF; band index reported
upload_05b712ec-Z0046,5,139,1088.0,,unavailable in GeoTIFF; band index reported
upload_05b712ec-Z0046,5,140,855.75,,unavailable in GeoTIFF; band index reported
upload_05b712ec-Z0046,5,141,856.75,,unavailable in GeoTIFF; band index reported
upload_05b712ec-Z0046,5,142,886.0,,unavailable in GeoTIFF; band index reported
upload_05b712ec-Z0046,5,143,925.75,,unavailable in GeoTIFF; band index reported
upload_05b712ec-Z0046,5,144,978.9166870117188,2362.6533119428827,unavailable in GeoTIFF; band index reported
upload_05b712ec-Z0046,5,145,1028.25,,unavailable in GeoTIFF; band index reported
upload_05b712ec-Z0046,5,146,1086.0833740234375,,unavailable in GeoTIFF; band index reported
upload_05b712ec-Z0046,5,147,1158.5833740234375,,unavailable in GeoTIFF; band index reported
upload_05b712ec-Z0046,5,148,1198.0,,unavailable in GeoTIFF; band index reported
upload_05b712ec-Z0046,5,149,1246.9166259765625,,unavailable in GeoTIFF; band index reported
upload_05b712ec-Z0046,5,150,1297.25,,unavailable in GeoTIFF; band index reported
upload_05b712ec-Z0046,5,151,1305.0,,unavailable in GeoTIFF; band index reported
upload_05b712ec-Z0046,5,152,1338.0,3117.982792644546,unavailable in GeoTIFF; band index reported
upload_05b712ec-Z0046,5,153,1358.9166259765625,,unavailable in GeoTIFF; band index reported
upload_05b712ec-Z0046,5,154,1376.5833740234375,,unavailable in GeoTIFF; band index reported
upload_05b712ec-Z0046,5,155,1395.6666259765625,,unavailable in GeoTIFF; band index reported
upload_05b712ec-Z0046,5,156,1403.5833740234375,,unavailable in GeoTIFF; band index reported
upload_05b712ec-Z0046,5,157,1424.5,,unavailable in GeoTIFF; band index reported
upload_05b712ec-Z0046,5,158,1410.5,,unavailable in GeoTIFF; band index reported
upload_05b712ec-Z0046,5,159,1410.75,3439.5853262965566,unavailable in GeoTIFF; band index reported
upload_05b712ec-Z0046,5,160,1415.1666259765625,,unavailable in GeoTIFF; band index reported
upload_05b712ec-Z0046,5,161,1417.5833740234375,,unavailable in GeoTIFF; band index reported
upload_05b712ec-Z0046,5,162,1399.6666259765625,,unavailable in GeoTIFF; band index reported
upload_05b712ec-Z0046,5,163,1393.0,,unavailable in GeoTIFF; band index reported
upload_05b712ec-Z0046,5,164,1383.25,,unavailable in GeoTIFF; band index reported
upload_05b712ec-Z0046,5,165,1402.1666259765625,,unavailable in GeoTIFF; band index reported
upload_05b712ec-Z0046,5,166,1513.8333740234375,3584.4823885192695,unavailable in GeoTIFF; band index reported
upload_05b712ec-Z0046,5,167,555.8333129882812,,unavailable in GeoTIFF; band index reported
upload_05b712ec-Z0046,5,168,438.75,,unavailable in GeoTIFF; band index reported
upload_05b712ec-Z0046,5,169,422.25,,unavailable in GeoTIFF; band index reported
upload_05b712ec-Z0046,5,170,414.3333435058594,,unavailable in GeoTIFF; band index reported
upload_05b712ec-Z0046,5,171,700.5,,unavailable in GeoTIFF; band index reported
upload_05b712ec-Z0046,5,172,676.0,,unavailable in GeoTIFF; band index reported
upload_05b712ec-Z0046,5,173,533.1666870117188,1385.8724290973432,unavailable in GeoTIFF; band index reported
upload_05b712ec-Z0046,5,174,498.4166564941406,,unavailable in GeoTIFF; band index reported
upload_05b712ec-Z0046,5,175,514.4166870117188,,unavailable in GeoTIFF; band index reported
upload_05b712ec-Z0046,5,176,557.9166870117188,,unavailable in GeoTIFF; band index reported
upload_05b712ec-Z0046,5,177,579.0833129882812,,unavailable in GeoTIFF; band index reported
upload_05b712ec-Z0046,5,178,625.5833129882812,,unavailable in GeoTIFF; band index reported
upload_05b712ec-Z0046,5,179,639.3333129882812,,unavailable in GeoTIFF; band index reported
upload_05b712ec-Z0046,5,180,662.0833129882812,1731.2755006943269,unavailable in GeoTIFF; band index reported
upload_05b712ec-Z0046,5,181,681.4166870117188,,unavailable in GeoTIFF; band index reported
upload_05b712ec-Z0046,5,182,723.75,,unavailable in GeoTIFF; band index reported
upload_05b712ec-Z0046,5,183,762.5,,unavailable in GeoTIFF; band index reported
upload_05b712ec-Z0046,5,184,786.1666870117188,,unavailable in GeoTIFF; band index reported
upload_05b712ec-Z0046,5,185,839.3333129882812,,unavailable in GeoTIFF; band index reported
upload_05b712ec-Z0046,5,186,869.3333129882812,,unavailable in GeoTIFF; band index reported
upload_05b712ec-Z0046,5,187,891.8333129882812,,unavailable in GeoTIFF; band index reported
upload_05b712ec-Z0046,5,188,913.8333129882812,2585.6197546238022,unavailable in GeoTIFF; band index reported
upload_05b712ec-Z0046,5,189,945.0833129882812,,unavailable in GeoTIFF; band index reported
upload_05b712ec-Z0046,5,190,958.0,,unavailable in GeoTIFF; band index reported
upload_05b712ec-Z0046,5,191,977.0833129882812,,unavailable in GeoTIFF; band index reported
upload_05b712ec-Z0046,5,192,1000.6666870117188,,unavailable in GeoTIFF; band index reported
upload_05b712ec-Z0046,5,193,1006.3333129882812,,unavailable in GeoTIFF; band index reported
upload_05b712ec-Z0046,5,194,1026.25,,unavailable in GeoTIFF; band index reported
upload_05b712ec-Z0046,5,195,1047.3333740234375,2967.5643514104772,unavailable in GeoTIFF; band index reported
upload_05b712ec-Z0046,5,196,1057.0833740234375,,unavailable in GeoTIFF; band index reported
upload_05b712ec-Z0046,5,197,1055.6666259765625,,unavailable in GeoTIFF; band index reported
upload_05b712ec-Z0046,5,198,1053.6666259765625,,unavailable in GeoTIFF; band index reported
upload_05b712ec-Z0046,5,199,1033.25,,unavailable in GeoTIFF; band index reported
upload_05b712ec-Z0046,5,200,1028.8333740234375,,unavailable in GeoTIFF; band index reported
upload_05b712ec-Z0046,5,201,1008.5833129882812,,unavailable in GeoTIFF; band index reported
upload_05b712ec-Z0046,5,202,990.0833129882812,2928.534346131563,unavailable in GeoTIFF; band index reported
upload_05b712ec-Z0046,5,203,979.4166870117188,,unavailable in GeoTIFF; band index reported
upload_05b712ec-Z0046,5,204,955.4166870117188,,unavailable in GeoTIFF; band index reported
upload_05b712ec-Z0046,5,205,932.75,,unavailable in GeoTIFF; band index reported
upload_05b712ec-Z0046,5,206,904.5,,unavailable in GeoTIFF; band index reported
upload_05b712ec-Z0046,5,207,877.0,,unavailable in GeoTIFF; band index reported
upload_05b712ec-Z0046,5,208,886.0833129882812,,unavailable in GeoTIFF; band index reported
upload_05b712ec-Z0046,5,209,841.9166870117188,2401.474585680463,unavailable in GeoTIFF; band index reported
upload_05b712ec-Z0046,5,210,835.4166870117188,,unavailable in GeoTIFF; band index reported
upload_05b712ec-Z0046,5,211,817.1666870117188,,unavailable in GeoTIFF; band index reported
upload_05b712ec-Z0046,5,212,843.4166870117188,,unavailable in GeoTIFF; band index reported
upload_05b712ec-Z0046,5,213,787.0833129882812,,unavailable in GeoTIFF; band index reported
upload_05b712ec-Z0046,5,214,811.6666870117188,,unavailable in GeoTIFF; band index reported
upload_05b712ec-Z0046,5,215,815.5833129882812,,unavailable in GeoTIFF; band index reported
upload_05b712ec-Z0046,5,216,837.1666870117188,2116.4023336362957,unavailable in GeoTIFF; band index reported
upload_05b712ec-Z0046,5,217,772.6666870117188,,unavailable in GeoTIFF; band index reported
upload_05b712ec-Z0046,5,218,743.5833129882812,,unavailable in GeoTIFF; band index reported
upload_05b712ec-Z0046,5,219,794.25,,unavailable in GeoTIFF; band index reported
upload_05b712ec-Z0046,5,220,872.8333129882812,,unavailable in GeoTIFF; band index reported
upload_05b712ec-Z0046,5,221,779.5,,unavailable in GeoTIFF; band index reported
upload_05b712ec-Z0046,5,222,705.3333129882812,,unavailable in GeoTIFF; band index reported
upload_05b712ec-Z0046,5,223,765.5,,unavailable in GeoTIFF; band index reported
upload_05b712ec-Z0046,5,224,870.25,1889.1845260490265,unavailable in GeoTIFF; band index reported
upload_05b712ec-Z0063,6,1,11994.7236328125,6775.173805891452,unavailable in GeoTIFF; band index reported
upload_05b712ec-Z0063,6,2,11645.75,,unavailable in GeoTIFF; band index reported
upload_05b712ec-Z0063,6,3,11520.908203125,,unavailable in GeoTIFF; band index reported
upload_05b712ec-Z0063,6,4,11445.841796875,,unavailable in GeoTIFF; band index reported
upload_05b712ec-Z0063,6,5,11258.8818359375,,unavailable in GeoTIFF; band index reported
upload_05b712ec-Z0063,6,6,11007.552734375,,unavailable in GeoTIFF; band index reported
upload_05b712ec-Z0063,6,7,10938.0,,unavailable in GeoTIFF; band index reported
upload_05b712ec-Z0063,6,8,10858.2236328125,6111.980069670054,unavailable in GeoTIFF; band index reported
upload_05b712ec-Z0063,6,9,10705.25,,unavailable in GeoTIFF; band index reported
upload_05b712ec-Z0063,6,10,10635.85546875,,unavailable in GeoTIFF; band index reported
upload_05b712ec-Z0063,6,11,10535.9345703125,,unavailable in GeoTIFF; band index reported
upload_05b712ec-Z0063,6,12,10390.9208984375,,unavailable in GeoTIFF; band index reported
upload_05b712ec-Z0063,6,13,10288.0263671875,,unavailable in GeoTIFF; band index reported
upload_05b712ec-Z0063,6,14,10294.5126953125,,unavailable in GeoTIFF; band index reported
upload_05b712ec-Z0063,6,15,10289.408203125,5813.185381112348,unavailable in GeoTIFF; band index reported
upload_05b712ec-Z0063,6,16,10142.85546875,,unavailable in GeoTIFF; band index reported
upload_05b712ec-Z0063,6,17,10052.8681640625,,unavailable in GeoTIFF; band index reported
upload_05b712ec-Z0063,6,18,9999.8154296875,,unavailable in GeoTIFF; band index reported
upload_05b712ec-Z0063,6,19,9829.39453125,,unavailable in GeoTIFF; band index reported
upload_05b712ec-Z0063,6,20,9840.1181640625,,unavailable in GeoTIFF; band index reported
upload_05b712ec-Z0063,6,21,9894.552734375,,unavailable in GeoTIFF; band index reported
upload_05b712ec-Z0063,6,22,9769.6318359375,5545.422984140831,unavailable in GeoTIFF; band index reported
upload_05b712ec-Z0063,6,23,9643.10546875,,unavailable in GeoTIFF; band index reported
upload_05b712ec-Z0063,6,24,9568.408203125,,unavailable in GeoTIFF; band index reported
upload_05b712ec-Z0063,6,25,9525.1318359375,,unavailable in GeoTIFF; band index reported
upload_05b712ec-Z0063,6,26,9492.447265625,,unavailable in GeoTIFF; band index reported
upload_05b712ec-Z0063,6,27,9389.697265625,,unavailable in GeoTIFF; band index reported
upload_05b712ec-Z0063,6,28,9345.25,,unavailable in GeoTIFF; band index reported
upload_05b712ec-Z0063,6,29,9296.7236328125,5345.056924662945,unavailable in GeoTIFF; band index reported
upload_05b712ec-Z0063,6,30,9260.302734375,,unavailable in GeoTIFF; band index reported
upload_05b712ec-Z0063,6,31,9171.9345703125,,unavailable in GeoTIFF; band index reported
upload_05b712ec-Z0063,6,32,9070.0263671875,,unavailable in GeoTIFF; band index reported
upload_05b712ec-Z0063,6,33,8993.4873046875,,unavailable in GeoTIFF; band index reported
upload_05b712ec-Z0063,6,34,9019.2109375,,unavailable in GeoTIFF; band index reported
upload_05b712ec-Z0063,6,35,8856.8818359375,,unavailable in GeoTIFF; band index reported
upload_05b712ec-Z0063,6,36,8755.89453125,5036.538504794106,unavailable in GeoTIFF; band index reported
upload_05b712ec-Z0063,6,37,8843.6708984375,,unavailable in GeoTIFF; band index reported
upload_05b712ec-Z0063,6,38,8888.0,,unavailable in GeoTIFF; band index reported
upload_05b712ec-Z0063,6,39,8865.1708984375,,unavailable in GeoTIFF; band index reported
upload_05b712ec-Z0063,6,40,8828.2373046875,,unavailable in GeoTIFF; band index reported
upload_05b712ec-Z0063,6,41,8822.1318359375,,unavailable in GeoTIFF; band index reported
upload_05b712ec-Z0063,6,42,8703.2763671875,,unavailable in GeoTIFF; band index reported
upload_05b712ec-Z0063,6,43,8673.2109375,,unavailable in GeoTIFF; band index reported
upload_05b712ec-Z0063,6,44,8690.3681640625,5003.075293799844,unavailable in GeoTIFF; band index reported
upload_05b712ec-Z0063,6,45,8584.75,,unavailable in GeoTIFF; band index reported
upload_05b712ec-Z0063,6,46,8533.091796875,,unavailable in GeoTIFF; band index reported
upload_05b712ec-Z0063,6,47,8570.2236328125,,unavailable in GeoTIFF; band index reported
upload_05b712ec-Z0063,6,48,8593.2890625,,unavailable in GeoTIFF; band index reported
upload_05b712ec-Z0063,6,49,8586.8681640625,,unavailable in GeoTIFF; band index reported
upload_05b712ec-Z0063,6,50,8557.341796875,,unavailable in GeoTIFF; band index reported
upload_05b712ec-Z0063,6,51,8493.85546875,4993.8515213581295,unavailable in GeoTIFF; band index reported
upload_05b712ec-Z0063,6,52,8340.2763671875,,unavailable in GeoTIFF; band index reported
upload_05b712ec-Z0063,6,53,8230.2626953125,,unavailable in GeoTIFF; band index reported
upload_05b712ec-Z0063,6,54,8191.9208984375,,unavailable in GeoTIFF; band index reported
upload_05b712ec-Z0063,6,55,8149.96044921875,,unavailable in GeoTIFF; band index reported
upload_05b712ec-Z0063,6,56,7866.90771484375,,unavailable in GeoTIFF; band index reported
upload_05b712ec-Z0063,6,57,7944.5791015625,,unavailable in GeoTIFF; band index reported
upload_05b712ec-Z0063,6,58,8004.4208984375,4689.63883040948,unavailable in GeoTIFF; band index reported
upload_05b712ec-Z0063,6,59,8090.18408203125,,unavailable in GeoTIFF; band index reported
upload_05b712ec-Z0063,6,60,8057.9736328125,,unavailable in GeoTIFF; band index reported
upload_05b712ec-Z0063,6,61,8076.38134765625,,unavailable in GeoTIFF; band index reported
upload_05b712ec-Z0063,6,62,8312.64453125,,unavailable in GeoTIFF; band index reported
upload_05b712ec-Z0063,6,63,8168.1708984375,,unavailable in GeoTIFF; band index reported
upload_05b712ec-Z0063,6,64,8053.11865234375,,unavailable in GeoTIFF; band index reported
upload_05b712ec-Z0063,6,65,7911.98681640625,4755.180349796071,unavailable in GeoTIFF; band index reported
upload_05b712ec-Z0063,6,66,7863.93408203125,,unavailable in GeoTIFF; band index reported
upload_05b712ec-Z0063,6,67,7763.2763671875,,unavailable in GeoTIFF; band index reported
upload_05b712ec-Z0063,6,68,7712.63134765625,,unavailable in GeoTIFF; band index reported
upload_05b712ec-Z0063,6,69,7682.0791015625,,unavailable in GeoTIFF; band index reported
upload_05b712ec-Z0063,6,70,7766.61865234375,,unavailable in GeoTIFF; band index reported
upload_05b712ec-Z0063,6,71,7832.8291015625,,unavailable in GeoTIFF; band index reported
upload_05b712ec-Z0063,6,72,7804.68408203125,4680.594101694635,unavailable in GeoTIFF; band index reported
upload_05b712ec-Z0063,6,73,7871.51318359375,,unavailable in GeoTIFF; band index reported
upload_05b712ec-Z0063,6,74,7885.552734375,,unavailable in GeoTIFF; band index reported
upload_05b712ec-Z0063,6,75,7976.28955078125,,unavailable in GeoTIFF; band index reported
upload_05b712ec-Z0063,6,76,7919.76318359375,,unavailable in GeoTIFF; band index reported
upload_05b712ec-Z0063,6,77,7946.64453125,,unavailable in GeoTIFF; band index reported
upload_05b712ec-Z0063,6,78,7759.01318359375,,unavailable in GeoTIFF; band index reported
upload_05b712ec-Z0063,6,79,7663.18408203125,,unavailable in GeoTIFF; band index reported
upload_05b712ec-Z0063,6,80,7408.61865234375,4479.209987095625,unavailable in GeoTIFF; band index reported
upload_05b712ec-Z0063,6,81,7466.85546875,,unavailable in GeoTIFF; band index reported
upload_05b712ec-Z0063,6,82,7228.1708984375,,unavailable in GeoTIFF; band index reported
upload_05b712ec-Z0063,6,83,7192.5,,unavailable in GeoTIFF; band index reported
upload_05b712ec-Z0063,6,84,7106.43408203125,,unavailable in GeoTIFF; band index reported
upload_05b712ec-Z0063,6,85,7398.5263671875,,unavailable in GeoTIFF; band index reported
upload_05b712ec-Z0063,6,86,7196.10546875,,unavailable in GeoTIFF; band index reported
upload_05b712ec-Z0063,6,87,7442.53955078125,4548.184363051048,unavailable in GeoTIFF; band index reported
upload_05b712ec-Z0063,6,88,8168.96044921875,,unavailable in GeoTIFF; band index reported
upload_05b712ec-Z0063,6,89,7575.48681640625,,unavailable in GeoTIFF; band index reported
upload_05b712ec-Z0063,6,90,8020.51318359375,,unavailable in GeoTIFF; band index reported
upload_05b712ec-Z0063,6,91,7417.65771484375,,unavailable in GeoTIFF; band index reported
upload_05b712ec-Z0063,6,92,7752.18408203125,,unavailable in GeoTIFF; band index reported
upload_05b712ec-Z0063,6,93,7350.61865234375,,unavailable in GeoTIFF; band index reported
upload_05b712ec-Z0063,6,94,7174.447265625,4417.62229073331,unavailable in GeoTIFF; band index reported
upload_05b712ec-Z0063,6,95,7206.26318359375,,unavailable in GeoTIFF; band index reported
upload_05b712ec-Z0063,6,96,7249.39453125,,unavailable in GeoTIFF; band index reported
upload_05b712ec-Z0063,6,97,7271.2763671875,,unavailable in GeoTIFF; band index reported
upload_05b712ec-Z0063,6,98,7376.86865234375,,unavailable in GeoTIFF; band index reported
upload_05b712ec-Z0063,6,99,7335.11865234375,,unavailable in GeoTIFF; band index reported
upload_05b712ec-Z0063,6,100,7571.56591796875,,unavailable in GeoTIFF; band index reported
upload_05b712ec-Z0063,6,101,7291.38134765625,4437.533770537819,unavailable in GeoTIFF; band index reported
upload_05b712ec-Z0063,6,102,7568.10546875,,unavailable in GeoTIFF; band index reported
upload_05b712ec-Z0063,6,103,7577.60546875,,unavailable in GeoTIFF; band index reported
upload_05b712ec-Z0063,6,104,7582.93408203125,,unavailable in GeoTIFF; band index reported
upload_05b712ec-Z0063,6,105,7613.48681640625,,unavailable in GeoTIFF; band index reported
upload_05b712ec-Z0063,6,106,7586.63134765625,,unavailable in GeoTIFF; band index reported
upload_05b712ec-Z0063,6,107,7577.21044921875,,unavailable in GeoTIFF; band index reported
upload_05b712ec-Z0063,6,108,7550.68408203125,4672.838483754133,unavailable in GeoTIFF; band index reported
upload_05b712ec-Z0063,6,109,7470.26318359375,,unavailable in GeoTIFF; band index reported
upload_05b712ec-Z0063,6,110,7357.71044921875,,unavailable in GeoTIFF; band index reported
upload_05b712ec-Z0063,6,111,7226.86865234375,,unavailable in GeoTIFF; band index reported
upload_05b712ec-Z0063,6,112,7679.2763671875,,unavailable in GeoTIFF; band index reported
upload_05b712ec-Z0063,6,113,8670.25,,unavailable in GeoTIFF; band index reported
upload_05b712ec-Z0063,6,114,7480.3291015625,,unavailable in GeoTIFF; band index reported
upload_05b712ec-Z0063,6,115,7215.14453125,,unavailable in GeoTIFF; band index reported
upload_05b712ec-Z0063,6,116,6971.39453125,4319.924381961806,unavailable in GeoTIFF; band index reported
upload_05b712ec-Z0063,6,117,6926.11865234375,,unavailable in GeoTIFF; band index reported
upload_05b712ec-Z0063,6,118,6844.86865234375,,unavailable in GeoTIFF; band index reported
upload_05b712ec-Z0063,6,119,6873.51318359375,,unavailable in GeoTIFF; band index reported
upload_05b712ec-Z0063,6,120,6886.6708984375,,unavailable in GeoTIFF; band index reported
upload_05b712ec-Z0063,6,121,6965.84228515625,,unavailable in GeoTIFF; band index reported
upload_05b712ec-Z0063,6,122,7079.51318359375,,unavailable in GeoTIFF; band index reported
upload_05b712ec-Z0063,6,123,7109.35546875,4468.005360202702,unavailable in GeoTIFF; band index reported
upload_05b712ec-Z0063,6,124,7108.0791015625,,unavailable in GeoTIFF; band index reported
upload_05b712ec-Z0063,6,125,7112.43408203125,,unavailable in GeoTIFF; band index reported
upload_05b712ec-Z0063,6,126,7079.93408203125,,unavailable in GeoTIFF; band index reported
upload_05b712ec-Z0063,6,127,6995.46044921875,,unavailable in GeoTIFF; band index reported
upload_05b712ec-Z0063,6,128,6856.75,,unavailable in GeoTIFF; band index reported
upload_05b712ec-Z0063,6,129,6753.34228515625,,unavailable in GeoTIFF; band index reported
upload_05b712ec-Z0063,6,130,6870.56591796875,4282.892392094966,unavailable in GeoTIFF; band index reported
upload_05b712ec-Z0063,6,131,-32768.0,,unavailable in GeoTIFF; band index reported
upload_05b712ec-Z0063,6,132,-32768.0,,unavailable in GeoTIFF; band index reported
upload_05b712ec-Z0063,6,133,-32768.0,,unavailable in GeoTIFF; band index reported
upload_05b712ec-Z0063,6,134,-32768.0,,unavailable in GeoTIFF; band index reported
upload_05b712ec-Z0063,6,135,-32768.0,,unavailable in GeoTIFF; band index reported
upload_05b712ec-Z0063,6,136,6354.90771484375,,unavailable in GeoTIFF; band index reported
upload_05b712ec-Z0063,6,137,4910.31591796875,3045.112060183597,unavailable in GeoTIFF; band index reported
upload_05b712ec-Z0063,6,138,4901.01318359375,,unavailable in GeoTIFF; band index reported
upload_05b712ec-Z0063,6,139,3956.368408203125,,unavailable in GeoTIFF; band index reported
upload_05b712ec-Z0063,6,140,3469.618408203125,,unavailable in GeoTIFF; band index reported
upload_05b712ec-Z0063,6,141,3474.368408203125,,unavailable in GeoTIFF; band index reported
upload_05b712ec-Z0063,6,142,3617.855224609375,,unavailable in GeoTIFF; band index reported
upload_05b712ec-Z0063,6,143,3756.355224609375,,unavailable in GeoTIFF; band index reported
upload_05b712ec-Z0063,6,144,3920.131591796875,2362.6533119428827,unavailable in GeoTIFF; band index reported
upload_05b712ec-Z0063,6,145,4106.0,,unavailable in GeoTIFF; band index reported
upload_05b712ec-Z0063,6,146,4282.697265625,,unavailable in GeoTIFF; band index reported
upload_05b712ec-Z0063,6,147,4527.0,,unavailable in GeoTIFF; band index reported
upload_05b712ec-Z0063,6,148,4667.26318359375,,unavailable in GeoTIFF; band index reported
upload_05b712ec-Z0063,6,149,4814.39453125,,unavailable in GeoTIFF; band index reported
upload_05b712ec-Z0063,6,150,4955.81591796875,,unavailable in GeoTIFF; band index reported
upload_05b712ec-Z0063,6,151,4997.31591796875,,unavailable in GeoTIFF; band index reported
upload_05b712ec-Z0063,6,152,5044.03955078125,3117.982792644546,unavailable in GeoTIFF; band index reported
upload_05b712ec-Z0063,6,153,5098.052734375,,unavailable in GeoTIFF; band index reported
upload_05b712ec-Z0063,6,154,5195.40771484375,,unavailable in GeoTIFF; band index reported
upload_05b712ec-Z0063,6,155,5264.10546875,,unavailable in GeoTIFF; band index reported
upload_05b712ec-Z0063,6,156,5341.65771484375,,unavailable in GeoTIFF; band index reported
upload_05b712ec-Z0063,6,157,5391.81591796875,,unavailable in GeoTIFF; band index reported
upload_05b712ec-Z0063,6,158,5441.13134765625,,unavailable in GeoTIFF; band index reported
upload_05b712ec-Z0063,6,159,5481.15771484375,3439.5853262965566,unavailable in GeoTIFF; band index reported
upload_05b712ec-Z0063,6,160,5505.5263671875,,unavailable in GeoTIFF; band index reported
upload_05b712ec-Z0063,6,161,5487.1708984375,,unavailable in GeoTIFF; band index reported
upload_05b712ec-Z0063,6,162,5450.802734375,,unavailable in GeoTIFF; band index reported
upload_05b712ec-Z0063,6,163,5440.23681640625,,unavailable in GeoTIFF; band index reported
upload_05b712ec-Z0063,6,164,5405.56591796875,,unavailable in GeoTIFF; band index reported
upload_05b712ec-Z0063,6,165,5504.3291015625,,unavailable in GeoTIFF; band index reported
upload_05b712ec-Z0063,6,166,5675.96044921875,3584.4823885192695,unavailable in GeoTIFF; band index reported
upload_05b712ec-Z0063,6,167,2124.328857421875,,unavailable in GeoTIFF; band index reported
upload_05b712ec-Z0063,6,168,1818.1710205078125,,unavailable in GeoTIFF; band index reported
upload_05b712ec-Z0063,6,169,1802.6973876953125,,unavailable in GeoTIFF; band index reported
upload_05b712ec-Z0063,6,170,1882.3421630859375,,unavailable in GeoTIFF; band index reported
upload_05b712ec-Z0063,6,171,2774.618408203125,,unavailable in GeoTIFF; band index reported
upload_05b712ec-Z0063,6,172,2865.144775390625,,unavailable in GeoTIFF; band index reported
upload_05b712ec-Z0063,6,173,2403.5263671875,1385.8724290973432,unavailable in GeoTIFF; band index reported
upload_05b712ec-Z0063,6,174,2226.25,,unavailable in GeoTIFF; band index reported
upload_05b712ec-Z0063,6,175,2313.828857421875,,unavailable in GeoTIFF; band index reported
upload_05b712ec-Z0063,6,176,2511.578857421875,,unavailable in GeoTIFF; band index reported
upload_05b712ec-Z0063,6,177,2641.26318359375,,unavailable in GeoTIFF; band index reported
upload_05b712ec-Z0063,6,178,2855.98681640625,,unavailable in GeoTIFF; band index reported
upload_05b712ec-Z0063,6,179,2893.407958984375,,unavailable in GeoTIFF; band index reported
upload_05b712ec-Z0063,6,180,2955.157958984375,1731.2755006943269,unavailable in GeoTIFF; band index reported
upload_05b712ec-Z0063,6,181,3040.71044921875,,unavailable in GeoTIFF; band index reported
upload_05b712ec-Z0063,6,182,3195.355224609375,,unavailable in GeoTIFF; band index reported
upload_05b712ec-Z0063,6,183,3362.21044921875,,unavailable in GeoTIFF; band index reported
upload_05b712ec-Z0063,6,184,3472.684326171875,,unavailable in GeoTIFF; band index reported
upload_05b712ec-Z0063,6,185,3654.25,,unavailable in GeoTIFF; band index reported
upload_05b712ec-Z0063,6,186,3804.605224609375,,unavailable in GeoTIFF; band index reported
upload_05b712ec-Z0063,6,187,3881.447265625,,unavailable in GeoTIFF; band index reported
upload_05b712ec-Z0063,6,188,3985.78955078125,2585.6197546238022,unavailable in GeoTIFF; band index reported
upload_05b712ec-Z0063,6,189,4089.394775390625,,unavailable in GeoTIFF; band index reported
upload_05b712ec-Z0063,6,190,4166.0791015625,,unavailable in GeoTIFF; band index reported
upload_05b712ec-Z0063,6,191,4203.052734375,,unavailable in GeoTIFF; band index reported
upload_05b712ec-Z0063,6,192,4313.73681640625,,unavailable in GeoTIFF; band index reported
upload_05b712ec-Z0063,6,193,4337.81591796875,,unavailable in GeoTIFF; band index reported
upload_05b712ec-Z0063,6,194,4435.90771484375,,unavailable in GeoTIFF; band index reported
upload_05b712ec-Z0063,6,195,4460.18408203125,2967.5643514104772,unavailable in GeoTIFF; band index reported
upload_05b712ec-Z0063,6,196,4494.71044921875,,unavailable in GeoTIFF; band index reported
upload_05b712ec-Z0063,6,197,4506.7236328125,,unavailable in GeoTIFF; band index reported
upload_05b712ec-Z0063,6,198,4492.39453125,,unavailable in GeoTIFF; band index reported
upload_05b712ec-Z0063,6,199,4480.6708984375,,unavailable in GeoTIFF; band index reported
upload_05b712ec-Z0063,6,200,4477.90771484375,,unavailable in GeoTIFF; band index reported
upload_05b712ec-Z0063,6,201,4427.39453125,,unavailable in GeoTIFF; band index reported
upload_05b712ec-Z0063,6,202,4362.197265625,2928.534346131563,unavailable in GeoTIFF; band index reported
upload_05b712ec-Z0063,6,203,4289.36865234375,,unavailable in GeoTIFF; band index reported
upload_05b712ec-Z0063,6,204,4193.43408203125,,unavailable in GeoTIFF; band index reported
upload_05b712ec-Z0063,6,205,4112.802734375,,unavailable in GeoTIFF; band index reported
upload_05b712ec-Z0063,6,206,4007.092041015625,,unavailable in GeoTIFF; band index reported
upload_05b712ec-Z0063,6,207,3866.578857421875,,unavailable in GeoTIFF; band index reported
upload_05b712ec-Z0063,6,208,3901.28955078125,,unavailable in GeoTIFF; band index reported
upload_05b712ec-Z0063,6,209,3710.53955078125,2401.474585680463,unavailable in GeoTIFF; band index reported
upload_05b712ec-Z0063,6,210,3636.51318359375,,unavailable in GeoTIFF; band index reported
upload_05b712ec-Z0063,6,211,3626.144775390625,,unavailable in GeoTIFF; band index reported
upload_05b712ec-Z0063,6,212,3636.381591796875,,unavailable in GeoTIFF; band index reported
upload_05b712ec-Z0063,6,213,3411.368408203125,,unavailable in GeoTIFF; band index reported
upload_05b712ec-Z0063,6,214,3483.342041015625,,unavailable in GeoTIFF; band index reported
upload_05b712ec-Z0063,6,215,3438.157958984375,,unavailable in GeoTIFF; band index reported
upload_05b712ec-Z0063,6,216,3495.03955078125,2116.4023336362957,unavailable in GeoTIFF; band index reported
upload_05b712ec-Z0063,6,217,3293.23681640625,,unavailable in GeoTIFF; band index reported
upload_05b712ec-Z0063,6,218,3128.98681640625,,unavailable in GeoTIFF; band index reported
upload_05b712ec-Z0063,6,219,3294.131591796875,,unavailable in GeoTIFF; band index reported
upload_05b712ec-Z0063,6,220,3417.9736328125,,unavailable in GeoTIFF; band index reported
upload_05b712ec-Z0063,6,221,3149.302734375,,unavailable in GeoTIFF; band index reported
upload_05b712ec-Z0063,6,222,2906.328857421875,,unavailable in GeoTIFF; band index reported
upload_05b712ec-Z0063,6,223,3084.118408203125,,unavailable in GeoTIFF; band index reported
upload_05b712ec-Z0063,6,224,3147.855224609375,1889.1845260490265,unavailable in GeoTIFF; band index reported
upload_05b712ec-Z0057,7,1,11990.5419921875,6775.173805891452,unavailable in GeoTIFF; band index reported
upload_05b712ec-Z0057,7,2,11650.875,,unavailable in GeoTIFF; band index reported
upload_05b712ec-Z0057,7,3,11508.875,,unavailable in GeoTIFF; band index reported
upload_05b712ec-Z0057,7,4,11472.25,,unavailable in GeoTIFF; band index reported
upload_05b712ec-Z0057,7,5,11276.3330078125,,unavailable in GeoTIFF; band index reported
upload_05b712ec-Z0057,7,6,11023.25,,unavailable in GeoTIFF; band index reported
upload_05b712ec-Z0057,7,7,10958.1669921875,,unavailable in GeoTIFF; band index reported
upload_05b712ec-Z0057,7,8,10869.0830078125,6111.980069670054,unavailable in GeoTIFF; band index reported
upload_05b712ec-Z0057,7,9,10730.0830078125,,unavailable in GeoTIFF; band index reported
upload_05b712ec-Z0057,7,10,10659.2919921875,,unavailable in GeoTIFF; band index reported
upload_05b712ec-Z0057,7,11,10550.5830078125,,unavailable in GeoTIFF; band index reported
upload_05b712ec-Z0057,7,12,10391.0419921875,,unavailable in GeoTIFF; band index reported
upload_05b712ec-Z0057,7,13,10318.2919921875,,unavailable in GeoTIFF; band index reported
upload_05b712ec-Z0057,7,14,10324.2080078125,,unavailable in GeoTIFF; band index reported
upload_05b712ec-Z0057,7,15,10318.5419921875,5813.185381112348,unavailable in GeoTIFF; band index reported
upload_05b712ec-Z0057,7,16,10157.1669921875,,unavailable in GeoTIFF; band index reported
upload_05b712ec-Z0057,7,17,10081.4169921875,,unavailable in GeoTIFF; band index reported
upload_05b712ec-Z0057,7,18,10035.8330078125,,unavailable in GeoTIFF; band index reported
upload_05b712ec-Z0057,7,19,9858.875,,unavailable in GeoTIFF; band index reported
upload_05b712ec-Z0057,7,20,9875.75,,unavailable in GeoTIFF; band index reported
upload_05b712ec-Z0057,7,21,9934.3330078125,,unavailable in GeoTIFF; band index reported
upload_05b712ec-Z0057,7,22,9796.625,5545.422984140831,unavailable in GeoTIFF; band index reported
upload_05b712ec-Z0057,7,23,9681.5830078125,,unavailable in GeoTIFF; band index reported
upload_05b712ec-Z0057,7,24,9611.6669921875,,unavailable in GeoTIFF; band index reported
upload_05b712ec-Z0057,7,25,9565.7080078125,,unavailable in GeoTIFF; band index reported
upload_05b712ec-Z0057,7,26,9522.375,,unavailable in GeoTIFF; band index reported
upload_05b712ec-Z0057,7,27,9433.5,,unavailable in GeoTIFF; band index reported
upload_05b712ec-Z0057,7,28,9383.1669921875,,unavailable in GeoTIFF; band index reported
upload_05b712ec-Z0057,7,29,9339.2919921875,5345.056924662945,unavailable in GeoTIFF; band index reported
upload_05b712ec-Z0057,7,30,9309.375,,unavailable in GeoTIFF; band index reported
upload_05b712ec-Z0057,7,31,9228.875,,unavailable in GeoTIFF; band index reported
upload_05b712ec-Z0057,7,32,9110.9169921875,,unavailable in GeoTIFF; band index reported
upload_05b712ec-Z0057,7,33,9046.2080078125,,unavailable in GeoTIFF; band index reported
upload_05b712ec-Z0057,7,34,9068.5419921875,,unavailable in GeoTIFF; band index reported
upload_05b712ec-Z0057,7,35,8910.25,,unavailable in GeoTIFF; band index reported
upload_05b712ec-Z0057,7,36,8809.5419921875,5036.538504794106,unavailable in GeoTIFF; band index reported
upload_05b712ec-Z0057,7,37,8887.375,,unavailable in GeoTIFF; band index reported
upload_05b712ec-Z0057,7,38,8937.5830078125,,unavailable in GeoTIFF; band index reported
upload_05b712ec-Z0057,7,39,8907.4580078125,,unavailable in GeoTIFF; band index reported
upload_05b712ec-Z0057,7,40,8873.9580078125,,unavailable in GeoTIFF; band index reported
upload_05b712ec-Z0057,7,41,8875.0830078125,,unavailable in GeoTIFF; band index reported
upload_05b712ec-Z0057,7,42,8752.125,,unavailable in GeoTIFF; band index reported
upload_05b712ec-Z0057,7,43,8717.4169921875,,unavailable in GeoTIFF; band index reported
upload_05b712ec-Z0057,7,44,8749.0419921875,5003.075293799844,unavailable in GeoTIFF; band index reported
upload_05b712ec-Z0057,7,45,8644.6669921875,,unavailable in GeoTIFF; band index reported
upload_05b712ec-Z0057,7,46,8580.0,,unavailable in GeoTIFF; band index reported
upload_05b712ec-Z0057,7,47,8616.3330078125,,unavailable in GeoTIFF; band index reported
upload_05b712ec-Z0057,7,48,8647.1669921875,,unavailable in GeoTIFF; band index reported
upload_05b712ec-Z0057,7,49,8622.2080078125,,unavailable in GeoTIFF; band index reported
upload_05b712ec-Z0057,7,50,8597.125,,unavailable in GeoTIFF; band index reported
upload_05b712ec-Z0057,7,51,8583.375,4993.8515213581295,unavailable in GeoTIFF; band index reported
upload_05b712ec-Z0057,7,52,8389.0,,unavailable in GeoTIFF; band index reported
upload_05b712ec-Z0057,7,53,8297.3330078125,,unavailable in GeoTIFF; band index reported
upload_05b712ec-Z0057,7,54,8246.9169921875,,unavailable in GeoTIFF; band index reported
upload_05b712ec-Z0057,7,55,8172.625,,unavailable in GeoTIFF; band index reported
upload_05b712ec-Z0057,7,56,7935.41650390625,,unavailable in GeoTIFF; band index reported
upload_05b712ec-Z0057,7,57,7980.29150390625,,unavailable in GeoTIFF; band index reported
upload_05b712ec-Z0057,7,58,8054.04150390625,4689.63883040948,unavailable in GeoTIFF; band index reported
upload_05b712ec-Z0057,7,59,8130.95849609375,,unavailable in GeoTIFF; band index reported
upload_05b712ec-Z0057,7,60,8097.45849609375,,unavailable in GeoTIFF; band index reported
upload_05b712ec-Z0057,7,61,8140.16650390625,,unavailable in GeoTIFF; band index reported
upload_05b712ec-Z0057,7,62,8356.9580078125,,unavailable in GeoTIFF; band index reported
upload_05b712ec-Z0057,7,63,8187.125,,unavailable in GeoTIFF; band index reported
upload_05b712ec-Z0057,7,64,8083.75,,unavailable in GeoTIFF; band index reported
upload_05b712ec-Z0057,7,65,7963.5,4755.180349796071,unavailable in GeoTIFF; band index reported
upload_05b712ec-Z0057,7,66,7895.66650390625,,unavailable in GeoTIFF; band index reported
upload_05b712ec-Z0057,7,67,7806.41650390625,,unavailable in GeoTIFF; band index reported
upload_05b712ec-Z0057,7,68,7740.20849609375,,unavailable in GeoTIFF; band index reported
upload_05b712ec-Z0057,7,69,7687.79150390625,,unavailable in GeoTIFF; band index reported
upload_05b712ec-Z0057,7,70,7874.20849609375,,unavailable in GeoTIFF; band index reported
upload_05b712ec-Z0057,7,71,7801.70849609375,,unavailable in GeoTIFF; band index reported
upload_05b712ec-Z0057,7,72,7909.16650390625,4680.594101694635,unavailable in GeoTIFF; band index reported
upload_05b712ec-Z0057,7,73,7860.5,,unavailable in GeoTIFF; band index reported
upload_05b712ec-Z0057,7,74,7968.125,,unavailable in GeoTIFF; band index reported
upload_05b712ec-Z0057,7,75,7973.79150390625,,unavailable in GeoTIFF; band index reported
upload_05b712ec-Z0057,7,76,8026.16650390625,,unavailable in GeoTIFF; band index reported
upload_05b712ec-Z0057,7,77,7889.95849609375,,unavailable in GeoTIFF; band index reported
upload_05b712ec-Z0057,7,78,7894.625,,unavailable in GeoTIFF; band index reported
upload_05b712ec-Z0057,7,79,7892.16650390625,,unavailable in GeoTIFF; band index reported
upload_05b712ec-Z0057,7,80,7445.0,4479.209987095625,unavailable in GeoTIFF; band index reported
upload_05b712ec-Z0057,7,81,7479.45849609375,,unavailable in GeoTIFF; band index reported
upload_05b712ec-Z0057,7,82,7263.5,,unavailable in GeoTIFF; band index reported
upload_05b712ec-Z0057,7,83,7331.95849609375,,unavailable in GeoTIFF; band index reported
upload_05b712ec-Z0057,7,84,6956.875,,unavailable in GeoTIFF; band index reported
upload_05b712ec-Z0057,7,85,7445.16650390625,,unavailable in GeoTIFF; band index reported
upload_05b712ec-Z0057,7,86,7010.25,,unavailable in GeoTIFF; band index reported
upload_05b712ec-Z0057,7,87,7478.33349609375,4548.184363051048,unavailable in GeoTIFF; band index reported
upload_05b712ec-Z0057,7,88,8107.20849609375,,unavailable in GeoTIFF; band index reported
upload_05b712ec-Z0057,7,89,7482.33349609375,,unavailable in GeoTIFF; band index reported
upload_05b712ec-Z0057,7,90,8079.04150390625,,unavailable in GeoTIFF; band index reported
upload_05b712ec-Z0057,7,91,7347.16650390625,,unavailable in GeoTIFF; band index reported
upload_05b712ec-Z0057,7,92,7673.66650390625,,unavailable in GeoTIFF; band index reported
upload_05b712ec-Z0057,7,93,7344.0,,unavailable in GeoTIFF; band index reported
upload_05b712ec-Z0057,7,94,7159.58349609375,4417.62229073331,unavailable in GeoTIFF; band index reported
upload_05b712ec-Z0057,7,95,7304.95849609375,,unavailable in GeoTIFF; band index reported
upload_05b712ec-Z0057,7,96,7282.58349609375,,unavailable in GeoTIFF; band index reported
upload_05b712ec-Z0057,7,97,7256.16650390625,,unavailable in GeoTIFF; band index reported
upload_05b712ec-Z0057,7,98,7413.875,,unavailable in GeoTIFF; band index reported
upload_05b712ec-Z0057,7,99,7310.20849609375,,unavailable in GeoTIFF; band index reported
upload_05b712ec-Z0057,7,100,7610.95849609375,,unavailable in GeoTIFF; band index reported
upload_05b712ec-Z0057,7,101,7341.16650390625,4437.533770537819,unavailable in GeoTIFF; band index reported
upload_05b712ec-Z0057,7,102,7607.83349609375,,unavailable in GeoTIFF; band index reported
upload_05b712ec-Z0057,7,103,7608.83349609375,,unavailable in GeoTIFF; band index reported
upload_05b712ec-Z0057,7,104,7621.83349609375,,unavailable in GeoTIFF; band index reported
upload_05b712ec-Z0057,7,105,7654.75,,unavailable in GeoTIFF; band index reported
upload_05b712ec-Z0057,7,106,7627.41650390625,,unavailable in GeoTIFF; band index reported
upload_05b712ec-Z0057,7,107,7622.41650390625,,unavailable in GeoTIFF; band index reported
upload_05b712ec-Z0057,7,108,7588.66650390625,4672.838483754133,unavailable in GeoTIFF; band index reported
upload_05b712ec-Z0057,7,109,7506.5,,unavailable in GeoTIFF; band index reported
upload_05b712ec-Z0057,7,110,7407.625,,unavailable in GeoTIFF; band index reported
upload_05b712ec-Z0057,7,111,7286.08349609375,,unavailable in GeoTIFF; band index reported
upload_05b712ec-Z0057,7,112,7682.33349609375,,unavailable in GeoTIFF; band index reported
upload_05b712ec-Z0057,7,113,8420.875,,unavailable in GeoTIFF; band index reported
upload_05b712ec-Z0057,7,114,7372.0,,unavailable in GeoTIFF; band index reported
upload_05b712ec-Z0057,7,115,7096.25,,unavailable in GeoTIFF; band index reported
upload_05b712ec-Z0057,7,116,6977.75,4319.924381961806,unavailable in GeoTIFF; band index reported
upload_05b712ec-Z0057,7,117,6965.375,,unavailable in GeoTIFF; band index reported
upload_05b712ec-Z0057,7,118,6881.20849609375,,unavailable in GeoTIFF; band index reported
upload_05b712ec-Z0057,7,119,6930.79150390625,,unavailable in GeoTIFF; band index reported
upload_05b712ec-Z0057,7,120,6933.83349609375,,unavailable in GeoTIFF; band index reported
upload_05b712ec-Z0057,7,121,7024.625,,unavailable in GeoTIFF; band index reported
upload_05b712ec-Z0057,7,122,7133.79150390625,,unavailable in GeoTIFF; band index reported
upload_05b712ec-Z0057,7,123,7170.5,4468.005360202702,unavailable in GeoTIFF; band index reported
upload_05b712ec-Z0057,7,124,7171.75,,unavailable in GeoTIFF; band index reported
upload_05b712ec-Z0057,7,125,7147.45849609375,,unavailable in GeoTIFF; band index reported
upload_05b712ec-Z0057,7,126,7142.79150390625,,unavailable in GeoTIFF; band index reported
upload_05b712ec-Z0057,7,127,7070.375,,unavailable in GeoTIFF; band index reported
upload_05b712ec-Z0057,7,128,6923.5,,unavailable in GeoTIFF; band index reported
upload_05b712ec-Z0057,7,129,6817.83349609375,,unavailable in GeoTIFF; band index reported
upload_05b712ec-Z0057,7,130,6901.83349609375,4282.892392094966,unavailable in GeoTIFF; band index reported
upload_05b712ec-Z0057,7,131,-32768.0,,unavailable in GeoTIFF; band index reported
upload_05b712ec-Z0057,7,132,-32768.0,,unavailable in GeoTIFF; band index reported
upload_05b712ec-Z0057,7,133,-32768.0,,unavailable in GeoTIFF; band index reported
upload_05b712ec-Z0057,7,134,-32768.0,,unavailable in GeoTIFF; band index reported
upload_05b712ec-Z0057,7,135,-32768.0,,unavailable in GeoTIFF; band index reported
upload_05b712ec-Z0057,7,136,6065.95849609375,,unavailable in GeoTIFF; band index reported
upload_05b712ec-Z0057,7,137,4796.20849609375,3045.112060183597,unavailable in GeoTIFF; band index reported
upload_05b712ec-Z0057,7,138,4746.29150390625,,unavailable in GeoTIFF; band index reported
upload_05b712ec-Z0057,7,139,3913.958251953125,,unavailable in GeoTIFF; band index reported
upload_05b712ec-Z0057,7,140,3501.416748046875,,unavailable in GeoTIFF; band index reported
upload_05b712ec-Z0057,7,141,3534.041748046875,,unavailable in GeoTIFF; band index reported
upload_05b712ec-Z0057,7,142,3700.416748046875,,unavailable in GeoTIFF; band index reported
upload_05b712ec-Z0057,7,143,3858.0,,unavailable in GeoTIFF; band index reported
upload_05b712ec-Z0057,7,144,4028.958251953125,2362.6533119428827,unavailable in GeoTIFF; band index reported
upload_05b712ec-Z0057,7,145,4225.83349609375,,unavailable in GeoTIFF; band index reported
upload_05b712ec-Z0057,7,146,4414.95849609375,,unavailable in GeoTIFF; band index reported
upload_05b712ec-Z0057,7,147,4646.54150390625,,unavailable in GeoTIFF; band index reported
upload_05b712ec-Z0057,7,148,4783.29150390625,,unavailable in GeoTIFF; band index reported
upload_05b712ec-Z0057,7,149,4927.45849609375,,unavailable in GeoTIFF; band index reported
upload_05b712ec-Z0057,7,150,5061.625,,unavailable in GeoTIFF; band index reported
upload_05b712ec-Z0057,7,151,5107.04150390625,,unavailable in GeoTIFF; band index reported
upload_05b712ec-Z0057,7,152,5160.08349609375,3117.982792644546,unavailable in GeoTIFF; band index reported
upload_05b712ec-Z0057,7,153,5207.08349609375,,unavailable in GeoTIFF; band index reported
upload_05b712ec-Z0057,7,154,5297.66650390625,,unavailable in GeoTIFF; band index reported
upload_05b712ec-Z0057,7,155,5365.875,,unavailable in GeoTIFF; band index reported
upload_05b712ec-Z0057,7,156,5439.70849609375,,unavailable in GeoTIFF; band index reported
upload_05b712ec-Z0057,7,157,5481.75,,unavailable in GeoTIFF; band index reported
upload_05b712ec-Z0057,7,158,5526.70849609375,,unavailable in GeoTIFF; band index reported
upload_05b712ec-Z0057,7,159,5554.33349609375,3439.5853262965566,unavailable in GeoTIFF; band index reported
upload_05b712ec-Z0057,7,160,5575.45849609375,,unavailable in GeoTIFF; band index reported
upload_05b712ec-Z0057,7,161,5550.25,,unavailable in GeoTIFF; band index reported
upload_05b712ec-Z0057,7,162,5499.875,,unavailable in GeoTIFF; band index reported
upload_05b712ec-Z0057,7,163,5479.41650390625,,unavailable in GeoTIFF; band index reported
upload_05b712ec-Z0057,7,164,5435.54150390625,,unavailable in GeoTIFF; band index reported
upload_05b712ec-Z0057,7,165,5507.83349609375,,unavailable in GeoTIFF; band index reported
upload_05b712ec-Z0057,7,166,5672.45849609375,3584.4823885192695,unavailable in GeoTIFF; band index reported
upload_05b712ec-Z0057,7,167,2024.6666259765625,,unavailable in GeoTIFF; band index reported
upload_05b712ec-Z0057,7,168,1763.9583740234375,,unavailable in GeoTIFF; band index reported
upload_05b712ec-Z0057,7,169,1762.7083740234375,,unavailable in GeoTIFF; band index reported
upload_05b712ec-Z0057,7,170,1859.375,,unavailable in GeoTIFF; band index reported
upload_05b712ec-Z0057,7,171,2595.708251953125,,unavailable in GeoTIFF; band index reported
upload_05b712ec-Z0057,7,172,2688.125,,unavailable in GeoTIFF; band index reported
upload_05b712ec-Z0057,7,173,2325.25,1385.8724290973432,unavailable in GeoTIFF; band index reported
upload_05b712ec-Z0057,7,174,2193.791748046875,,unavailable in GeoTIFF; band index reported
upload_05b712ec-Z0057,7,175,2292.125,,unavailable in GeoTIFF; band index reported
upload_05b712ec-Z0057,7,176,2473.666748046875,,unavailable in GeoTIFF; band index reported
upload_05b712ec-Z0057,7,177,2593.291748046875,,unavailable in GeoTIFF; band index reported
upload_05b712ec-Z0057,7,178,2802.75,,unavailable in GeoTIFF; band index reported
upload_05b712ec-Z0057,7,179,2862.166748046875,,unavailable in GeoTIFF; band index reported
upload_05b712ec-Z0057,7,180,2936.916748046875,1731.2755006943269,unavailable in GeoTIFF; band index reported
upload_05b712ec-Z0057,7,181,3020.291748046875,,unavailable in GeoTIFF; band index reported
upload_05b712ec-Z0057,7,182,3175.416748046875,,unavailable in GeoTIFF; band index reported
upload_05b712ec-Z0057,7,183,3338.666748046875,,unavailable in GeoTIFF; band index reported
upload_05b712ec-Z0057,7,184,3440.833251953125,,unavailable in GeoTIFF; band index reported
upload_05b712ec-Z0057,7,185,3624.041748046875,,unavailable in GeoTIFF; band index reported
upload_05b712ec-Z0057,7,186,3774.166748046875,,unavailable in GeoTIFF; band index reported
upload_05b712ec-Z0057,7,187,3836.75,,unavailable in GeoTIFF; band index reported
upload_05b712ec-Z0057,7,188,3932.041748046875,2585.6197546238022,unavailable in GeoTIFF; band index reported
upload_05b712ec-Z0057,7,189,4027.875,,unavailable in GeoTIFF; band index reported
upload_05b712ec-Z0057,7,190,4111.79150390625,,unavailable in GeoTIFF; band index reported
upload_05b712ec-Z0057,7,191,4140.95849609375,,unavailable in GeoTIFF; band index reported
upload_05b712ec-Z0057,7,192,4240.875,,unavailable in GeoTIFF; band index reported
upload_05b712ec-Z0057,7,193,4266.58349609375,,unavailable in GeoTIFF; band index reported
upload_05b712ec-Z0057,7,194,4360.25,,unavailable in GeoTIFF; band index reported
upload_05b712ec-Z0057,7,195,4398.25,2967.5643514104772,unavailable in GeoTIFF; band index reported
upload_05b712ec-Z0057,7,196,4425.25,,unavailable in GeoTIFF; band index reported
upload_05b712ec-Z0057,7,197,4437.375,,unavailable in GeoTIFF; band index reported
upload_05b712ec-Z0057,7,198,4426.83349609375,,unavailable in GeoTIFF; band index reported
upload_05b712ec-Z0057,7,199,4418.70849609375,,unavailable in GeoTIFF; band index reported
upload_05b712ec-Z0057,7,200,4413.54150390625,,unavailable in GeoTIFF; band index reported
upload_05b712ec-Z0057,7,201,4353.25,,unavailable in GeoTIFF; band index reported
upload_05b712ec-Z0057,7,202,4295.08349609375,2928.534346131563,unavailable in GeoTIFF; band index reported
upload_05b712ec-Z0057,7,203,4219.375,,unavailable in GeoTIFF; band index reported
upload_05b712ec-Z0057,7,204,4134.5,,unavailable in GeoTIFF; band index reported
upload_05b712ec-Z0057,7,205,4039.416748046875,,unavailable in GeoTIFF; band index reported
upload_05b712ec-Z0057,7,206,3931.791748046875,,unavailable in GeoTIFF; band index reported
upload_05b712ec-Z0057,7,207,3810.5,,unavailable in GeoTIFF; band index reported
upload_05b712ec-Z0057,7,208,3840.958251953125,,unavailable in GeoTIFF; band index reported
upload_05b712ec-Z0057,7,209,3647.333251953125,2401.474585680463,unavailable in GeoTIFF; band index reported
upload_05b712ec-Z0057,7,210,3590.25,,unavailable in GeoTIFF; band index reported
upload_05b712ec-Z0057,7,211,3566.125,,unavailable in GeoTIFF; band index reported
upload_05b712ec-Z0057,7,212,3556.625,,unavailable in GeoTIFF; band index reported
upload_05b712ec-Z0057,7,213,3361.041748046875,,unavailable in GeoTIFF; band index reported
upload_05b712ec-Z0057,7,214,3417.875,,unavailable in GeoTIFF; band index reported
upload_05b712ec-Z0057,7,215,3374.5,,unavailable in GeoTIFF; band index reported
upload_05b712ec-Z0057,7,216,3420.5,2116.4023336362957,unavailable in GeoTIFF; band index reported
upload_05b712ec-Z0057,7,217,3218.583251953125,,unavailable in GeoTIFF; band index reported
upload_05b712ec-Z0057,7,218,3081.25,,unavailable in GeoTIFF; band index reported
upload_05b712ec-Z0057,7,219,3232.458251953125,,unavailable in GeoTIFF; band index reported
upload_05b712ec-Z0057,7,220,3336.333251953125,,unavailable in GeoTIFF; band index reported
upload_05b712ec-Z0057,7,221,3077.208251953125,,unavailable in GeoTIFF; band index reported
upload_05b712ec-Z0057,7,222,2871.0,,unavailable in GeoTIFF; band index reported
upload_05b712ec-Z0057,7,223,3007.541748046875,,unavailable in GeoTIFF; band index reported
upload_05b712ec-Z0057,7,224,3125.208251953125,1889.1845260490265,unavailable in GeoTIFF; band index reported
upload_05b712ec-Z0012,8,1,1815.939453125,6775.173805891452,unavailable in GeoTIFF; band index reported
upload_05b712ec-Z0012,8,2,1768.227294921875,,unavailable in GeoTIFF; band index reported
upload_05b712ec-Z0012,8,3,1768.8182373046875,,unavailable in GeoTIFF; band index reported
upload_05b712ec-Z0012,8,4,1736.697021484375,,unavailable in GeoTIFF; band index reported
upload_05b712ec-Z0012,8,5,1746.1212158203125,,unavailable in GeoTIFF; band index reported
upload_05b712ec-Z0012,8,6,1717.98486328125,,unavailable in GeoTIFF; band index reported
upload_05b712ec-Z0012,8,7,1736.272705078125,,unavailable in GeoTIFF; band index reported
upload_05b712ec-Z0012,8,8,1722.439453125,6111.980069670054,unavailable in GeoTIFF; band index reported
upload_05b712ec-Z0012,8,9,1703.9697265625,,unavailable in GeoTIFF; band index reported
upload_05b712ec-Z0012,8,10,1711.1212158203125,,unavailable in GeoTIFF; band index reported
upload_05b712ec-Z0012,8,11,1699.1817626953125,,unavailable in GeoTIFF; band index reported
upload_05b712ec-Z0012,8,12,1699.0909423828125,,unavailable in GeoTIFF; band index reported
upload_05b712ec-Z0012,8,13,1703.4090576171875,,unavailable in GeoTIFF; band index reported
upload_05b712ec-Z0012,8,14,1720.257568359375,,unavailable in GeoTIFF; band index reported
upload_05b712ec-Z0012,8,15,1710.3939208984375,5813.185381112348,unavailable in GeoTIFF; band index reported
upload_05b712ec-Z0012,8,16,1704.51513671875,,unavailable in GeoTIFF; band index reported
upload_05b712ec-Z0012,8,17,1695.1363525390625,,unavailable in GeoTIFF; band index reported
upload_05b712ec-Z0012,8,18,1700.6666259765625,,unavailable in GeoTIFF; band index reported
upload_05b712ec-Z0012,8,19,1682.9697265625,,unavailable in GeoTIFF; band index reported
upload_05b712ec-Z0012,8,20,1696.9090576171875,,unavailable in GeoTIFF; band index reported
upload_05b712ec-Z0012,8,21,1724.197021484375,,unavailable in GeoTIFF; band index reported
upload_05b712ec-Z0012,8,22,1706.95458984375,5545.422984140831,unavailable in GeoTIFF; band index reported
upload_05b712ec-Z0012,8,23,1704.4697265625,,unavailable in GeoTIFF; band index reported
upload_05b712ec-Z0012,8,24,1715.8333740234375,,unavailable in GeoTIFF; band index reported
upload_05b712ec-Z0012,8,25,1719.1212158203125,,unavailable in GeoTIFF; band index reported
upload_05b712ec-Z0012,8,26,1720.3182373046875,,unavailable in GeoTIFF; band index reported
upload_05b712ec-Z0012,8,27,1722.757568359375,,unavailable in GeoTIFF; band index reported
upload_05b712ec-Z0012,8,28,1731.1666259765625,,unavailable in GeoTIFF; band index reported
upload_05b712ec-Z0012,8,29,1739.6060791015625,5345.056924662945,unavailable in GeoTIFF; band index reported
upload_05b712ec-Z0012,8,30,1735.8787841796875,,unavailable in GeoTIFF; band index reported
upload_05b712ec-Z0012,8,31,1760.04541015625,,unavailable in GeoTIFF; band index reported
upload_05b712ec-Z0012,8,32,1748.6514892578125,,unavailable in GeoTIFF; band index reported
upload_05b712ec-Z0012,8,33,1752.6817626953125,,unavailable in GeoTIFF; band index reported
upload_05b712ec-Z0012,8,34,1761.272705078125,,unavailable in GeoTIFF; band index reported
upload_05b712ec-Z0012,8,35,1690.8636474609375,,unavailable in GeoTIFF; band index reported
upload_05b712ec-Z0012,8,36,1649.8182373046875,5036.538504794106,unavailable in GeoTIFF; band index reported
upload_05b712ec-Z0012,8,37,1680.272705078125,,unavailable in GeoTIFF; band index reported
upload_05b712ec-Z0012,8,38,1690.6817626953125,,unavailable in GeoTIFF; band index reported
upload_05b712ec-Z0012,8,39,1682.8182373046875,,unavailable in GeoTIFF; band index reported
upload_05b712ec-Z0012,8,40,1671.939453125,,unavailable in GeoTIFF; band index reported
upload_05b712ec-Z0012,8,41,1686.45458984375,,unavailable in GeoTIFF; band index reported
upload_05b712ec-Z0012,8,42,1670.6817626953125,,unavailable in GeoTIFF; band index reported
upload_05b712ec-Z0012,8,43,1653.98486328125,,unavailable in GeoTIFF; band index reported
upload_05b712ec-Z0012,8,44,1660.939453125,5003.075293799844,unavailable in GeoTIFF; band index reported
upload_05b712ec-Z0012,8,45,1622.8939208984375,,unavailable in GeoTIFF; band index reported
upload_05b712ec-Z0012,8,46,1611.8787841796875,,unavailable in GeoTIFF; band index reported
upload_05b712ec-Z0012,8,47,1617.287841796875,,unavailable in GeoTIFF; band index reported
upload_05b712ec-Z0012,8,48,1628.6817626953125,,unavailable in GeoTIFF; band index reported
upload_05b712ec-Z0012,8,49,1625.802978515625,,unavailable in GeoTIFF; band index reported
upload_05b712ec-Z0012,8,50,1627.45458984375,,unavailable in GeoTIFF; band index reported
upload_05b712ec-Z0012,8,51,1656.560546875,4993.8515213581295,unavailable in GeoTIFF; band index reported
upload_05b712ec-Z0012,8,52,1590.0302734375,,unavailable in GeoTIFF; band index reported
upload_05b712ec-Z0012,8,53,1536.3787841796875,,unavailable in GeoTIFF; band index reported
upload_05b712ec-Z0012,8,54,1547.0,,unavailable in GeoTIFF; band index reported
upload_05b712ec-Z0012,8,55,1541.6363525390625,,unavailable in GeoTIFF; band index reported
upload_05b712ec-Z0012,8,56,1475.060546875,,unavailable in GeoTIFF; band index reported
upload_05b712ec-Z0012,8,57,1455.257568359375,,unavailable in GeoTIFF; band index reported
upload_05b712ec-Z0012,8,58,1478.1060791015625,4689.63883040948,unavailable in GeoTIFF; band index reported
upload_05b712ec-Z0012,8,59,1533.5909423828125,,unavailable in GeoTIFF; band index reported
upload_05b712ec-Z0012,8,60,1562.3636474609375,,unavailable in GeoTIFF; band index reported
upload_05b712ec-Z0012,8,61,1653.697021484375,,unavailable in GeoTIFF; band index reported
upload_05b712ec-Z0012,8,62,1809.48486328125,,unavailable in GeoTIFF; band index reported
upload_05b712ec-Z0012,8,63,1600.060546875,,unavailable in GeoTIFF; band index reported
upload_05b712ec-Z0012,8,64,1581.5,,unavailable in GeoTIFF; band index reported
upload_05b712ec-Z0012,8,65,1584.9090576171875,4755.180349796071,unavailable in GeoTIFF; band index reported
upload_05b712ec-Z0012,8,66,1544.3333740234375,,unavailable in GeoTIFF; band index reported
upload_05b712ec-Z0012,8,67,1540.5302734375,,unavailable in GeoTIFF; band index reported
upload_05b712ec-Z0012,8,68,1531.8636474609375,,unavailable in GeoTIFF; band index reported
upload_05b712ec-Z0012,8,69,1493.6363525390625,,unavailable in GeoTIFF; band index reported
upload_05b712ec-Z0012,8,70,1503.3787841796875,,unavailable in GeoTIFF; band index reported
upload_05b712ec-Z0012,8,71,1500.54541015625,,unavailable in GeoTIFF; band index reported
upload_05b712ec-Z0012,8,72,1545.3939208984375,4680.594101694635,unavailable in GeoTIFF; band index reported
upload_05b712ec-Z0012,8,73,1549.5302734375,,unavailable in GeoTIFF; band index reported
upload_05b712ec-Z0012,8,74,1581.98486328125,,unavailable in GeoTIFF; band index reported
upload_05b712ec-Z0012,8,75,1576.787841796875,,unavailable in GeoTIFF; band index reported
upload_05b712ec-Z0012,8,76,1601.1666259765625,,unavailable in GeoTIFF; band index reported
upload_05b712ec-Z0012,8,77,1606.3939208984375,,unavailable in GeoTIFF; band index reported
upload_05b712ec-Z0012,8,78,1609.1060791015625,,unavailable in GeoTIFF; band index reported
upload_05b712ec-Z0012,8,79,1563.9090576171875,,unavailable in GeoTIFF; band index reported
upload_05b712ec-Z0012,8,80,1567.98486328125,4479.209987095625,unavailable in GeoTIFF; band index reported
upload_05b712ec-Z0012,8,81,1493.45458984375,,unavailable in GeoTIFF; band index reported
upload_05b712ec-Z0012,8,82,1531.242431640625,,unavailable in GeoTIFF; band index reported
upload_05b712ec-Z0012,8,83,1451.8333740234375,,unavailable in GeoTIFF; band index reported
upload_05b712ec-Z0012,8,84,1392.8182373046875,,unavailable in GeoTIFF; band index reported
upload_05b712ec-Z0012,8,85,1555.51513671875,,unavailable in GeoTIFF; band index reported
upload_05b712ec-Z0012,8,86,1511.242431640625,,unavailable in GeoTIFF; band index reported
upload_05b712ec-Z0012,8,87,1638.712158203125,4548.184363051048,unavailable in GeoTIFF; band index reported
upload_05b712ec-Z0012,8,88,1640.6817626953125,,unavailable in GeoTIFF; band index reported
upload_05b712ec-Z0012,8,89,1706.3333740234375,,unavailable in GeoTIFF; band index reported
upload_05b712ec-Z0012,8,90,1540.98486328125,,unavailable in GeoTIFF; band index reported
upload_05b712ec-Z0012,8,91,1673.772705078125,,unavailable in GeoTIFF; band index reported
upload_05b712ec-Z0012,8,92,1490.939453125,,unavailable in GeoTIFF; band index reported
upload_05b712ec-Z0012,8,93,1441.060546875,,unavailable in GeoTIFF; band index reported
upload_05b712ec-Z0012,8,94,1600.302978515625,4417.62229073331,unavailable in GeoTIFF; band index reported
upload_05b712ec-Z0012,8,95,1417.6060791015625,,unavailable in GeoTIFF; band index reported
upload_05b712ec-Z0012,8,96,1562.742431640625,,unavailable in GeoTIFF; band index reported
upload_05b712ec-Z0012,8,97,1405.6212158203125,,unavailable in GeoTIFF; band index reported
upload_05b712ec-Z0012,8,98,1604.5758056640625,,unavailable in GeoTIFF; band index reported
upload_05b712ec-Z0012,8,99,1443.560546875,,unavailable in GeoTIFF; band index reported
upload_05b712ec-Z0012,8,100,1653.5909423828125,,unavailable in GeoTIFF; band index reported
upload_05b712ec-Z0012,8,101,1460.1666259765625,4437.533770537819,unavailable in GeoTIFF; band index reported
upload_05b712ec-Z0012,8,102,1661.3485107421875,,unavailable in GeoTIFF; band index reported
upload_05b712ec-Z0012,8,103,1677.6817626953125,,unavailable in GeoTIFF; band index reported
upload_05b712ec-Z0012,8,104,1683.5302734375,,unavailable in GeoTIFF; band index reported
upload_05b712ec-Z0012,8,105,1690.9241943359375,,unavailable in GeoTIFF; band index reported
upload_05b712ec-Z0012,8,106,1693.6363525390625,,unavailable in GeoTIFF; band index reported
upload_05b712ec-Z0012,8,107,1707.3182373046875,,unavailable in GeoTIFF; band index reported
upload_05b712ec-Z0012,8,108,1707.4697265625,4672.838483754133,unavailable in GeoTIFF; band index reported
upload_05b712ec-Z0012,8,109,1675.257568359375,,unavailable in GeoTIFF; band index reported
upload_05b712ec-Z0012,8,110,1631.242431640625,,unavailable in GeoTIFF; band index reported
upload_05b712ec-Z0012,8,111,1585.9241943359375,,unavailable in GeoTIFF; band index reported
upload_05b712ec-Z0012,8,112,1809.04541015625,,unavailable in GeoTIFF; band index reported
upload_05b712ec-Z0012,8,113,2060.5302734375,,unavailable in GeoTIFF; band index reported
upload_05b712ec-Z0012,8,114,1777.227294921875,,unavailable in GeoTIFF; band index reported
upload_05b712ec-Z0012,8,115,1756.3636474609375,,unavailable in GeoTIFF; band index reported
upload_05b712ec-Z0012,8,116,1601.0758056640625,4319.924381961806,unavailable in GeoTIFF; band index reported
upload_05b712ec-Z0012,8,117,1575.787841796875,,unavailable in GeoTIFF; band index reported
upload_05b712ec-Z0012,8,118,1559.5909423828125,,unavailable in GeoTIFF; band index reported
upload_05b712ec-Z0012,8,119,1562.95458984375,,unavailable in GeoTIFF; band index reported
upload_05b712ec-Z0012,8,120,1578.802978515625,,unavailable in GeoTIFF; band index reported
upload_05b712ec-Z0012,8,121,1605.8182373046875,,unavailable in GeoTIFF; band index reported
upload_05b712ec-Z0012,8,122,1643.757568359375,,unavailable in GeoTIFF; band index reported
upload_05b712ec-Z0012,8,123,1669.95458984375,4468.005360202702,unavailable in GeoTIFF; band index reported
upload_05b712ec-Z0012,8,124,1728.802978515625,,unavailable in GeoTIFF; band index reported
upload_05b712ec-Z0012,8,125,1803.9090576171875,,unavailable in GeoTIFF; band index reported
upload_05b712ec-Z0012,8,126,1676.757568359375,,unavailable in GeoTIFF; band index reported
upload_05b712ec-Z0012,8,127,1623.51513671875,,unavailable in GeoTIFF; band index reported
upload_05b712ec-Z0012,8,128,1583.0302734375,,unavailable in GeoTIFF; band index reported
upload_05b712ec-Z0012,8,129,1582.5758056640625,,unavailable in GeoTIFF; band index reported
upload_05b712ec-Z0012,8,130,1629.212158203125,4282.892392094966,unavailable in GeoTIFF; band index reported
upload_05b712ec-Z0012,8,131,-32768.0,,unavailable in GeoTIFF; band index reported
upload_05b712ec-Z0012,8,132,-32768.0,,unavailable in GeoTIFF; band index reported
upload_05b712ec-Z0012,8,133,-32768.0,,unavailable in GeoTIFF; band index reported
upload_05b712ec-Z0012,8,134,-32768.0,,unavailable in GeoTIFF; band index reported
upload_05b712ec-Z0012,8,135,-32768.0,,unavailable in GeoTIFF; band index reported
upload_05b712ec-Z0012,8,136,1771.257568359375,,unavailable in GeoTIFF; band index reported
upload_05b712ec-Z0012,8,137,1198.787841796875,3045.112060183597,unavailable in GeoTIFF; band index reported
upload_05b712ec-Z0012,8,138,1075.560546875,,unavailable in GeoTIFF; band index reported
upload_05b712ec-Z0012,8,139,783.8181762695312,,unavailable in GeoTIFF; band index reported
upload_05b712ec-Z0012,8,140,677.4545288085938,,unavailable in GeoTIFF; band index reported
upload_05b712ec-Z0012,8,141,682.1060791015625,,unavailable in GeoTIFF; band index reported
upload_05b712ec-Z0012,8,142,710.1818237304688,,unavailable in GeoTIFF; band index reported
upload_05b712ec-Z0012,8,143,752.8181762695312,,unavailable in GeoTIFF; band index reported
upload_05b712ec-Z0012,8,144,787.6969604492188,2362.6533119428827,unavailable in GeoTIFF; band index reported
upload_05b712ec-Z0012,8,145,840.5908813476562,,unavailable in GeoTIFF; band index reported
upload_05b712ec-Z0012,8,146,893.8939208984375,,unavailable in GeoTIFF; band index reported
upload_05b712ec-Z0012,8,147,988.98486328125,,unavailable in GeoTIFF; band index reported
upload_05b712ec-Z0012,8,148,1009.6666870117188,,unavailable in GeoTIFF; band index reported
upload_05b712ec-Z0012,8,149,1061.48486328125,,unavailable in GeoTIFF; band index reported
upload_05b712ec-Z0012,8,150,1120.1060791015625,,unavailable in GeoTIFF; band index reported
upload_05b712ec-Z0012,8,151,1108.45458984375,,unavailable in GeoTIFF; band index reported
upload_05b712ec-Z0012,8,152,1117.742431640625,3117.982792644546,unavailable in GeoTIFF; band index reported
upload_05b712ec-Z0012,8,153,1143.4241943359375,,unavailable in GeoTIFF; band index reported
upload_05b712ec-Z0012,8,154,1175.45458984375,,unavailable in GeoTIFF; band index reported
upload_05b712ec-Z0012,8,155,1205.5302734375,,unavailable in GeoTIFF; band index reported
upload_05b712ec-Z0012,8,156,1219.060546875,,unavailable in GeoTIFF; band index reported
upload_05b712ec-Z0012,8,157,1246.3485107421875,,unavailable in GeoTIFF; band index reported
upload_05b712ec-Z0012,8,158,1261.04541015625,,unavailable in GeoTIFF; band index reported
upload_05b712ec-Z0012,8,159,1283.6514892578125,3439.5853262965566,unavailable in GeoTIFF; band index reported
upload_05b712ec-Z0012,8,160,1290.8485107421875,,unavailable in GeoTIFF; band index reported
upload_05b712ec-Z0012,8,161,1304.4697265625,,unavailable in GeoTIFF; band index reported
upload_05b712ec-Z0012,8,162,1296.802978515625,,unavailable in GeoTIFF; band index reported
upload_05b712ec-Z0012,8,163,1309.0758056640625,,unavailable in GeoTIFF; band index reported
upload_05b712ec-Z0012,8,164,1334.5302734375,,unavailable in GeoTIFF; band index reported
upload_05b712ec-Z0012,8,165,1329.51513671875,,unavailable in GeoTIFF; band index reported
upload_05b712ec-Z0012,8,166,1386.1514892578125,3584.4823885192695,unavailable in GeoTIFF; band index reported
upload_05b712ec-Z0012,8,167,483.757568359375,,unavailable in GeoTIFF; band index reported
upload_05b712ec-Z0012,8,168,356.2878723144531,,unavailable in GeoTIFF; band index reported
upload_05b712ec-Z0012,8,169,328.51513671875,,unavailable in GeoTIFF; band index reported
upload_05b712ec-Z0012,8,170,368.742431640625,,unavailable in GeoTIFF; band index reported
upload_05b712ec-Z0012,8,171,817.3181762695312,,unavailable in GeoTIFF; band index reported
upload_05b712ec-Z0012,8,172,768.3485107421875,,unavailable in GeoTIFF; band index reported
upload_05b712ec-Z0012,8,173,499.9696960449219,1385.8724290973432,unavailable in GeoTIFF; band index reported
upload_05b712ec-Z0012,8,174,409.1515197753906,,unavailable in GeoTIFF; band index reported
upload_05b712ec-Z0012,8,175,424.257568359375,,unavailable in GeoTIFF; band index reported
upload_05b712ec-Z0012,8,176,507.6212158203125,,unavailable in GeoTIFF; band index reported
upload_05b712ec-Z0012,8,177,535.0454711914062,,unavailable in GeoTIFF; band index reported
upload_05b712ec-Z0012,8,178,589.8181762695312,,unavailable in GeoTIFF; band index reported
upload_05b712ec-Z0012,8,179,581.1363525390625,,unavailable in GeoTIFF; band index reported
upload_05b712ec-Z0012,8,180,601.242431640625,1731.2755006943269,unavailable in GeoTIFF; band index reported
upload_05b712ec-Z0012,8,181,622.1212158203125,,unavailable in GeoTIFF; band index reported
upload_05b712ec-Z0012,8,182,676.8333129882812,,unavailable in GeoTIFF; band index reported
upload_05b712ec-Z0012,8,183,735.227294921875,,unavailable in GeoTIFF; band index reported
upload_05b712ec-Z0012,8,184,809.6060791015625,,unavailable in GeoTIFF; band index reported
upload_05b712ec-Z0012,8,185,867.4393920898438,,unavailable in GeoTIFF; band index reported
upload_05b712ec-Z0012,8,186,916.9697265625,,unavailable in GeoTIFF; band index reported
upload_05b712ec-Z0012,8,187,964.5,,unavailable in GeoTIFF; band index reported
upload_05b712ec-Z0012,8,188,1013.1212158203125,2585.6197546238022,unavailable in GeoTIFF; band index reported
upload_05b712ec-Z0012,8,189,1056.01513671875,,unavailable in GeoTIFF; band index reported
upload_05b712ec-Z0012,8,190,1081.8787841796875,,unavailable in GeoTIFF; band index reported
upload_05b712ec-Z0012,8,191,1119.197021484375,,unavailable in GeoTIFF; band index reported
upload_05b712ec-Z0012,8,192,1136.727294921875,,unavailable in GeoTIFF; band index reported
upload_05b712ec-Z0012,8,193,1178.302978515625,,unavailable in GeoTIFF; band index reported
upload_05b712ec-Z0012,8,194,1182.439453125,,unavailable in GeoTIFF; band index reported
upload_05b712ec-Z0012,8,195,1186.727294921875,2967.5643514104772,unavailable in GeoTIFF; band index reported
upload_05b712ec-Z0012,8,196,1200.6212158203125,,unavailable in GeoTIFF; band index reported
upload_05b712ec-Z0012,8,197,1206.727294921875,,unavailable in GeoTIFF; band index reported
upload_05b712ec-Z0012,8,198,1213.560546875,,unavailable in GeoTIFF; band index reported
upload_05b712ec-Z0012,8,199,1213.01513671875,,unavailable in GeoTIFF; band index reported
upload_05b712ec-Z0012,8,200,1213.9090576171875,,unavailable in GeoTIFF; band index reported
upload_05b712ec-Z0012,8,201,1199.212158203125,,unavailable in GeoTIFF; band index reported
upload_05b712ec-Z0012,8,202,1180.8787841796875,2928.534346131563,unavailable in GeoTIFF; band index reported
upload_05b712ec-Z0012,8,203,1151.772705078125,,unavailable in GeoTIFF; band index reported
upload_05b712ec-Z0012,8,204,1123.04541015625,,unavailable in GeoTIFF; band index reported
upload_05b712ec-Z0012,8,205,1101.1363525390625,,unavailable in GeoTIFF; band index reported
upload_05b712ec-Z0012,8,206,1052.560546875,,unavailable in GeoTIFF; band index reported
upload_05b712ec-Z0012,8,207,1008.0,,unavailable in GeoTIFF; band index reported
upload_05b712ec-Z0012,8,208,1006.3787841796875,,unavailable in GeoTIFF; band index reported
upload_05b712ec-Z0012,8,209,942.6666870117188,2401.474585680463,unavailable in GeoTIFF; band index reported
upload_05b712ec-Z0012,8,210,927.1363525390625,,unavailable in GeoTIFF; band index reported
upload_05b712ec-Z0012,8,211,927.0606079101562,,unavailable in GeoTIFF; band index reported
upload_05b712ec-Z0012,8,212,912.757568359375,,unavailable in GeoTIFF; band index reported
upload_05b712ec-Z0012,8,213,839.0,,unavailable in GeoTIFF; band index reported
upload_05b712ec-Z0012,8,214,869.1666870117188,,unavailable in GeoTIFF; band index reported
upload_05b712ec-Z0012,8,215,840.8787841796875,,unavailable in GeoTIFF; band index reported
upload_05b712ec-Z0012,8,216,817.9697265625,2116.4023336362957,unavailable in GeoTIFF; band index reported
upload_05b712ec-Z0012,8,217,781.3030395507812,,unavailable in GeoTIFF; band index reported
upload_05b712ec-Z0012,8,218,740.1212158203125,,unavailable in GeoTIFF; band index reported
upload_05b712ec-Z0012,8,219,762.01513671875,,unavailable in GeoTIFF; band index reported
upload_05b712ec-Z0012,8,220,781.5,,unavailable in GeoTIFF; band index reported
upload_05b712ec-Z0012,8,221,718.1818237304688,,unavailable in GeoTIFF; band index reported
upload_05b712ec-Z0012,8,222,669.3787841796875,,unavailable in GeoTIFF; band index reported
upload_05b712ec-Z0012,8,223,710.5454711914062,,unavailable in GeoTIFF; band index reported
upload_05b712ec-Z0012,8,224,721.1212158203125,1889.1845260490265,unavailable in GeoTIFF; band index reported
upload_05b712ec-Z0036,9,1,2283.718505859375,6775.173805891452,unavailable in GeoTIFF; band index reported
upload_05b712ec-Z0036,9,2,2210.27685546875,,unavailable in GeoTIFF; band index reported
upload_05b712ec-Z0036,9,3,2179.132080078125,,unavailable in GeoTIFF; band index reported
upload_05b712ec-Z0036,9,4,2160.388671875,,unavailable in GeoTIFF; band index reported
upload_05b712ec-Z0036,9,5,2151.480712890625,,unavailable in GeoTIFF; band index reported
upload_05b712ec-Z0036,9,6,2108.69873046875,,unavailable in GeoTIFF; band index reported
upload_05b712ec-Z0036,9,7,2077.374755859375,,unavailable in GeoTIFF; band index reported
upload_05b712ec-Z0036,9,8,2052.5439453125,6111.980069670054,unavailable in GeoTIFF; band index reported
upload_05b712ec-Z0036,9,9,2030.751220703125,,unavailable in GeoTIFF; band index reported
upload_05b712ec-Z0036,9,10,2036.287353515625,,unavailable in GeoTIFF; band index reported
upload_05b712ec-Z0036,9,11,2016.173095703125,,unavailable in GeoTIFF; band index reported
upload_05b712ec-Z0036,9,12,1999.2877197265625,,unavailable in GeoTIFF; band index reported
upload_05b712ec-Z0036,9,13,1998.144287109375,,unavailable in GeoTIFF; band index reported
upload_05b712ec-Z0036,9,14,1999.188720703125,,unavailable in GeoTIFF; band index reported
upload_05b712ec-Z0036,9,15,1975.2159423828125,5813.185381112348,unavailable in GeoTIFF; band index reported
upload_05b712ec-Z0036,9,16,1966.06201171875,,unavailable in GeoTIFF; band index reported
upload_05b712ec-Z0036,9,17,1957.1864013671875,,unavailable in GeoTIFF; band index reported
upload_05b712ec-Z0036,9,18,1941.7122802734375,,unavailable in GeoTIFF; band index reported
upload_05b712ec-Z0036,9,19,1922.1368408203125,,unavailable in GeoTIFF; band index reported
upload_05b712ec-Z0036,9,20,1931.8350830078125,,unavailable in GeoTIFF; band index reported
upload_05b712ec-Z0036,9,21,1934.7442626953125,,unavailable in GeoTIFF; band index reported
upload_05b712ec-Z0036,9,22,1911.22802734375,5545.422984140831,unavailable in GeoTIFF; band index reported
upload_05b712ec-Z0036,9,23,1911.185546875,,unavailable in GeoTIFF; band index reported
upload_05b712ec-Z0036,9,24,1906.1029052734375,,unavailable in GeoTIFF; band index reported
upload_05b712ec-Z0036,9,25,1903.7918701171875,,unavailable in GeoTIFF; band index reported
upload_05b712ec-Z0036,9,26,1897.8023681640625,,unavailable in GeoTIFF; band index reported
upload_05b712ec-Z0036,9,27,1889.3282470703125,,unavailable in GeoTIFF; band index reported
upload_05b712ec-Z0036,9,28,1879.6834716796875,,unavailable in GeoTIFF; band index reported
upload_05b712ec-Z0036,9,29,1879.871337890625,5345.056924662945,unavailable in GeoTIFF; band index reported
upload_05b712ec-Z0036,9,30,1874.2720947265625,,unavailable in GeoTIFF; band index reported
upload_05b712ec-Z0036,9,31,1885.157470703125,,unavailable in GeoTIFF; band index reported
upload_05b712ec-Z0036,9,32,1883.996826171875,,unavailable in GeoTIFF; band index reported
upload_05b712ec-Z0036,9,33,1874.488525390625,,unavailable in GeoTIFF; band index reported
upload_05b712ec-Z0036,9,34,1869.811279296875,,unavailable in GeoTIFF; band index reported
upload_05b712ec-Z0036,9,35,1798.221435546875,,unavailable in GeoTIFF; band index reported
upload_05b712ec-Z0036,9,36,1760.4471435546875,5036.538504794106,unavailable in GeoTIFF; band index reported
upload_05b712ec-Z0036,9,37,1791.4705810546875,,unavailable in GeoTIFF; band index reported
upload_05b712ec-Z0036,9,38,1802.9395751953125,,unavailable in GeoTIFF; band index reported
upload_05b712ec-Z0036,9,39,1803.8834228515625,,unavailable in GeoTIFF; band index reported
upload_05b712ec-Z0036,9,40,1792.3485107421875,,unavailable in GeoTIFF; band index reported
upload_05b712ec-Z0036,9,41,1804.9267578125,,unavailable in GeoTIFF; band index reported
upload_05b712ec-Z0036,9,42,1799.6319580078125,,unavailable in GeoTIFF; band index reported
upload_05b712ec-Z0036,9,43,1777.7266845703125,,unavailable in GeoTIFF; band index reported
upload_05b712ec-Z0036,9,44,1776.521240234375,5003.075293799844,unavailable in GeoTIFF; band index reported
upload_05b712ec-Z0036,9,45,1739.7933349609375,,unavailable in GeoTIFF; band index reported
upload_05b712ec-Z0036,9,46,1725.873291015625,,unavailable in GeoTIFF; band index reported
upload_05b712ec-Z0036,9,47,1735.4530029296875,,unavailable in GeoTIFF; band index reported
upload_05b712ec-Z0036,9,48,1760.144287109375,,unavailable in GeoTIFF; band index reported
upload_05b712ec-Z0036,9,49,1756.95166015625,,unavailable in GeoTIFF; band index reported
upload_05b712ec-Z0036,9,50,1759.814453125,,unavailable in GeoTIFF; band index reported
upload_05b712ec-Z0036,9,51,1812.144287109375,4993.8515213581295,unavailable in GeoTIFF; band index reported
upload_05b712ec-Z0036,9,52,1700.058837890625,,unavailable in GeoTIFF; band index reported
upload_05b712ec-Z0036,9,53,1648.589111328125,,unavailable in GeoTIFF; band index reported
upload_05b712ec-Z0036,9,54,1649.5594482421875,,unavailable in GeoTIFF; band index reported
upload_05b712ec-Z0036,9,55,1639.819091796875,,unavailable in GeoTIFF; band index reported
upload_05b712ec-Z0036,9,56,1549.37158203125,,unavailable in GeoTIFF; band index reported
upload_05b712ec-Z0036,9,57,1533.8994140625,,unavailable in GeoTIFF; band index reported
upload_05b712ec-Z0036,9,58,1568.301025390625,4689.63883040948,unavailable in GeoTIFF; band index reported
upload_05b712ec-Z0036,9,59,1628.6822509765625,,unavailable in GeoTIFF; band index reported
upload_05b712ec-Z0036,9,60,1663.3843994140625,,unavailable in GeoTIFF; band index reported
upload_05b712ec-Z0036,9,61,1764.779296875,,unavailable in GeoTIFF; band index reported
upload_05b712ec-Z0036,9,62,1951.4693603515625,,unavailable in GeoTIFF; band index reported
upload_05b712ec-Z0036,9,63,1696.3243408203125,,unavailable in GeoTIFF; band index reported
upload_05b712ec-Z0036,9,64,1665.76025390625,,unavailable in GeoTIFF; band index reported
upload_05b712ec-Z0036,9,65,1658.1322021484375,4755.180349796071,unavailable in GeoTIFF; band index reported
upload_05b712ec-Z0036,9,66,1623.54736328125,,unavailable in GeoTIFF; band index reported
upload_05b712ec-Z0036,9,67,1605.4954833984375,,unavailable in GeoTIFF; band index reported
upload_05b712ec-Z0036,9,68,1605.1661376953125,,unavailable in GeoTIFF; band index reported
upload_05b712ec-Z0036,9,69,1556.5302734375,,unavailable in GeoTIFF; band index reported
upload_05b712ec-Z0036,9,70,1564.0989990234375,,unavailable in GeoTIFF; band index reported
upload_05b712ec-Z0036,9,71,1592.776611328125,,unavailable in GeoTIFF; band index reported
upload_05b712ec-Z0036,9,72,1601.2327880859375,4680.594101694635,unavailable in GeoTIFF; band index reported
upload_05b712ec-Z0036,9,73,1642.1649169921875,,unavailable in GeoTIFF; band index reported
upload_05b712ec-Z0036,9,74,1649.85888671875,,unavailable in GeoTIFF; band index reported
upload_05b712ec-Z0036,9,75,1666.9111328125,,unavailable in GeoTIFF; band index reported
upload_05b712ec-Z0036,9,76,1667.72119140625,,unavailable in GeoTIFF; band index reported
upload_05b712ec-Z0036,9,77,1681.7435302734375,,unavailable in GeoTIFF; band index reported
upload_05b712ec-Z0036,9,78,1657.5430908203125,,unavailable in GeoTIFF; band index reported
upload_05b712ec-Z0036,9,79,1614.68115234375,,unavailable in GeoTIFF; band index reported
upload_05b712ec-Z0036,9,80,1645.0113525390625,4479.209987095625,unavailable in GeoTIFF; band index reported
upload_05b712ec-Z0036,9,81,1571.3883056640625,,unavailable in GeoTIFF; band index reported
upload_05b712ec-Z0036,9,82,1605.845947265625,,unavailable in GeoTIFF; band index reported
upload_05b712ec-Z0036,9,83,1473.287353515625,,unavailable in GeoTIFF; band index reported
upload_05b712ec-Z0036,9,84,1474.6912841796875,,unavailable in GeoTIFF; band index reported
upload_05b712ec-Z0036,9,85,1626.0401611328125,,unavailable in GeoTIFF; band index reported
upload_05b712ec-Z0036,9,86,1587.0584716796875,,unavailable in GeoTIFF; band index reported
upload_05b712ec-Z0036,9,87,1715.513427734375,4548.184363051048,unavailable in GeoTIFF; band index reported
upload_05b712ec-Z0036,9,88,1685.3929443359375,,unavailable in GeoTIFF; band index reported
upload_05b712ec-Z0036,9,89,1743.0830078125,,unavailable in GeoTIFF; band index reported
upload_05b712ec-Z0036,9,90,1605.8604736328125,,unavailable in GeoTIFF; band index reported
upload_05b712ec-Z0036,9,91,1720.5399169921875,,unavailable in GeoTIFF; band index reported
upload_05b712ec-Z0036,9,92,1524.2249755859375,,unavailable in GeoTIFF; band index reported
upload_05b712ec-Z0036,9,93,1481.0670166015625,,unavailable in GeoTIFF; band index reported
upload_05b712ec-Z0036,9,94,1658.8494873046875,4417.62229073331,unavailable in GeoTIFF; band index reported
upload_05b712ec-Z0036,9,95,1491.421875,,unavailable in GeoTIFF; band index reported
upload_05b712ec-Z0036,9,96,1631.9610595703125,,unavailable in GeoTIFF; band index reported
upload_05b712ec-Z0036,9,97,1452.538818359375,,unavailable in GeoTIFF; band index reported
upload_05b712ec-Z0036,9,98,1676.1844482421875,,unavailable in GeoTIFF; band index reported
upload_05b712ec-Z0036,9,99,1485.2198486328125,,unavailable in GeoTIFF; band index reported
upload_05b712ec-Z0036,9,100,1732.043701171875,,unavailable in GeoTIFF; band index reported
upload_05b712ec-Z0036,9,101,1514.275634765625,4437.533770537819,unavailable in GeoTIFF; band index reported
upload_05b712ec-Z0036,9,102,1736.687744140625,,unavailable in GeoTIFF; band index reported
upload_05b712ec-Z0036,9,103,1753.975830078125,,unavailable in GeoTIFF; band index reported
upload_05b712ec-Z0036,9,104,1755.001953125,,unavailable in GeoTIFF; band index reported
upload_05b712ec-Z0036,9,105,1759.7637939453125,,unavailable in GeoTIFF; band index reported
upload_05b712ec-Z0036,9,106,1761.4947509765625,,unavailable in GeoTIFF; band index reported
upload_05b712ec-Z0036,9,107,1777.051513671875,,unavailable in GeoTIFF; band index reported
upload_05b712ec-Z0036,9,108,1773.5072021484375,4672.838483754133,unavailable in GeoTIFF; band index reported
upload_05b712ec-Z0036,9,109,1738.1025390625,,unavailable in GeoTIFF; band index reported
upload_05b712ec-Z0036,9,110,1691.57275390625,,unavailable in GeoTIFF; band index reported
upload_05b712ec-Z0036,9,111,1640.0643310546875,,unavailable in GeoTIFF; band index reported
upload_05b712ec-Z0036,9,112,1865.8533935546875,,unavailable in GeoTIFF; band index reported
upload_05b712ec-Z0036,9,113,2037.496337890625,,unavailable in GeoTIFF; band index reported
upload_05b712ec-Z0036,9,114,1795.660400390625,,unavailable in GeoTIFF; band index reported
upload_05b712ec-Z0036,9,115,1785.7501220703125,,unavailable in GeoTIFF; band index reported
upload_05b712ec-Z0036,9,116,1651.94775390625,4319.924381961806,unavailable in GeoTIFF; band index reported
upload_05b712ec-Z0036,9,117,1635.811279296875,,unavailable in GeoTIFF; band index reported
upload_05b712ec-Z0036,9,118,1613.4378662109375,,unavailable in GeoTIFF; band index reported
upload_05b712ec-Z0036,9,119,1616.57080078125,,unavailable in GeoTIFF; band index reported
upload_05b712ec-Z0036,9,120,1629.4510498046875,,unavailable in GeoTIFF; band index reported
upload_05b712ec-Z0036,9,121,1652.0872802734375,,unavailable in GeoTIFF; band index reported
upload_05b712ec-Z0036,9,122,1690.1025390625,,unavailable in GeoTIFF; band index reported
upload_05b712ec-Z0036,9,123,1713.56689453125,4468.005360202702,unavailable in GeoTIFF; band index reported
upload_05b712ec-Z0036,9,124,1784.3216552734375,,unavailable in GeoTIFF; band index reported
upload_05b712ec-Z0036,9,125,1860.138427734375,,unavailable in GeoTIFF; band index reported
upload_05b712ec-Z0036,9,126,1719.52783203125,,unavailable in GeoTIFF; band index reported
upload_05b712ec-Z0036,9,127,1660.544677734375,,unavailable in GeoTIFF; band index reported
upload_05b712ec-Z0036,9,128,1624.3302001953125,,unavailable in GeoTIFF; band index reported
upload_05b712ec-Z0036,9,129,1618.7430419921875,,unavailable in GeoTIFF; band index reported
upload_05b712ec-Z0036,9,130,1656.031982421875,4282.892392094966,unavailable in GeoTIFF; band index reported
upload_05b712ec-Z0036,9,131,-32768.0,,unavailable in GeoTIFF; band index reported
upload_05b712ec-Z0036,9,132,-32768.0,,unavailable in GeoTIFF; band index reported
upload_05b712ec-Z0036,9,133,-32768.0,,unavailable in GeoTIFF; band index reported
upload_05b712ec-Z0036,9,134,-32768.0,,unavailable in GeoTIFF; band index reported
upload_05b712ec-Z0036,9,135,-32768.0,,unavailable in GeoTIFF; band index reported
upload_05b712ec-Z0036,9,136,1664.996826171875,,unavailable in GeoTIFF; band index reported
upload_05b712ec-Z0036,9,137,1114.7357177734375,3045.112060183597,unavailable in GeoTIFF; band index reported
upload_05b712ec-Z0036,9,138,971.9976806640625,,unavailable in GeoTIFF; band index reported
upload_05b712ec-Z0036,9,139,701.5119018554688,,unavailable in GeoTIFF; band index reported
upload_05b712ec-Z0036,9,140,600.9785766601562,,unavailable in GeoTIFF; band index reported
upload_05b712ec-Z0036,9,141,614.8253173828125,,unavailable in GeoTIFF; band index reported
upload_05b712ec-Z0036,9,142,642.7532348632812,,unavailable in GeoTIFF; band index reported
upload_05b712ec-Z0036,9,143,678.180908203125,,unavailable in GeoTIFF; band index reported
upload_05b712ec-Z0036,9,144,721.4857788085938,2362.6533119428827,unavailable in GeoTIFF; band index reported
upload_05b712ec-Z0036,9,145,767.8736572265625,,unavailable in GeoTIFF; band index reported
upload_05b712ec-Z0036,9,146,827.2413330078125,,unavailable in GeoTIFF; band index reported
upload_05b712ec-Z0036,9,147,916.8896484375,,unavailable in GeoTIFF; band index reported
upload_05b712ec-Z0036,9,148,946.140380859375,,unavailable in GeoTIFF; band index reported
upload_05b712ec-Z0036,9,149,1011.7921752929688,,unavailable in GeoTIFF; band index reported
upload_05b712ec-Z0036,9,150,1063.33642578125,,unavailable in GeoTIFF; band index reported
upload_05b712ec-Z0036,9,151,1058.0577392578125,,unavailable in GeoTIFF; band index reported
upload_05b712ec-Z0036,9,152,1069.246826171875,3117.982792644546,unavailable in GeoTIFF; band index reported
upload_05b712ec-Z0036,9,153,1095.800048828125,,unavailable in GeoTIFF; band index reported
upload_05b712ec-Z0036,9,154,1129.5933837890625,,unavailable in GeoTIFF; band index reported
upload_05b712ec-Z0036,9,155,1157.399658203125,,unavailable in GeoTIFF; band index reported
upload_05b712ec-Z0036,9,156,1191.333740234375,,unavailable in GeoTIFF; band index reported
upload_05b712ec-Z0036,9,157,1215.5013427734375,,unavailable in GeoTIFF; band index reported
upload_05b712ec-Z0036,9,158,1241.047119140625,,unavailable in GeoTIFF; band index reported
upload_05b712ec-Z0036,9,159,1263.5621337890625,3439.5853262965566,unavailable in GeoTIFF; band index reported
upload_05b712ec-Z0036,9,160,1280.929443359375,,unavailable in GeoTIFF; band index reported
upload_05b712ec-Z0036,9,161,1302.012451171875,,unavailable in GeoTIFF; band index reported
upload_05b712ec-Z0036,9,162,1300.9150390625,,unavailable in GeoTIFF; band index reported
upload_05b712ec-Z0036,9,163,1313.809326171875,,unavailable in GeoTIFF; band index reported
upload_05b712ec-Z0036,9,164,1315.7847900390625,,unavailable in GeoTIFF; band index reported
upload_05b712ec-Z0036,9,165,1319.1158447265625,,unavailable in GeoTIFF; band index reported
upload_05b712ec-Z0036,9,166,1376.308349609375,3584.4823885192695,unavailable in GeoTIFF; band index reported
upload_05b712ec-Z0036,9,167,427.929443359375,,unavailable in GeoTIFF; band index reported
upload_05b712ec-Z0036,9,168,304.7886962890625,,unavailable in GeoTIFF; band index reported
upload_05b712ec-Z0036,9,169,279.229248046875,,unavailable in GeoTIFF; band index reported
upload_05b712ec-Z0036,9,170,321.4425048828125,,unavailable in GeoTIFF; band index reported
upload_05b712ec-Z0036,9,171,765.1036987304688,,unavailable in GeoTIFF; band index reported
upload_05b712ec-Z0036,9,172,707.4923706054688,,unavailable in GeoTIFF; band index reported
upload_05b712ec-Z0036,9,173,425.5855712890625,1385.8724290973432,unavailable in GeoTIFF; band index reported
upload_05b712ec-Z0036,9,174,345.7820739746094,,unavailable in GeoTIFF; band index reported
upload_05b712ec-Z0036,9,175,360.27484130859375,,unavailable in GeoTIFF; band index reported
upload_05b712ec-Z0036,9,176,443.3056640625,,unavailable in GeoTIFF; band index reported
upload_05b712ec-Z0036,9,177,465.9918212890625,,unavailable in GeoTIFF; band index reported
upload_05b712ec-Z0036,9,178,509.62457275390625,,unavailable in GeoTIFF; band index reported
upload_05b712ec-Z0036,9,179,500.9582824707031,,unavailable in GeoTIFF; band index reported
upload_05b712ec-Z0036,9,180,520.94384765625,1731.2755006943269,unavailable in GeoTIFF; band index reported
upload_05b712ec-Z0036,9,181,546.066650390625,,unavailable in GeoTIFF; band index reported
upload_05b712ec-Z0036,9,182,600.0112915039062,,unavailable in GeoTIFF; band index reported
upload_05b712ec-Z0036,9,183,659.7060546875,,unavailable in GeoTIFF; band index reported
upload_05b712ec-Z0036,9,184,739.627685546875,,unavailable in GeoTIFF; band index reported
upload_05b712ec-Z0036,9,185,799.824951171875,,unavailable in GeoTIFF; band index reported
upload_05b712ec-Z0036,9,186,853.6768188476562,,unavailable in GeoTIFF; band index reported
upload_05b712ec-Z0036,9,187,909.7454223632812,,unavailable in GeoTIFF; band index reported
upload_05b712ec-Z0036,9,188,963.2842407226562,2585.6197546238022,unavailable in GeoTIFF; band index reported
upload_05b712ec-Z0036,9,189,1008.53955078125,,unavailable in GeoTIFF; band index reported
upload_05b712ec-Z0036,9,190,1042.080322265625,,unavailable in GeoTIFF; band index reported
upload_05b712ec-Z0036,9,191,1082.6522216796875,,unavailable in GeoTIFF; band index reported
upload_05b712ec-Z0036,9,192,1105.9984130859375,,unavailable in GeoTIFF; band index reported
upload_05b712ec-Z0036,9,193,1154.589111328125,,unavailable in GeoTIFF; band index reported
upload_05b712ec-Z0036,9,194,1157.52587890625,,unavailable in GeoTIFF; band index reported
upload_05b712ec-Z0036,9,195,1163.78515625,2967.5643514104772,unavailable in GeoTIFF; band index reported
upload_05b712ec-Z0036,9,196,1178.138427734375,,unavailable in GeoTIFF; band index reported
upload_05b712ec-Z0036,9,197,1191.5875244140625,,unavailable in GeoTIFF; band index reported
upload_05b712ec-Z0036,9,198,1197.542724609375,,unavailable in GeoTIFF; band index reported
upload_05b712ec-Z0036,9,199,1202.21484375,,unavailable in GeoTIFF; band index reported
upload_05b712ec-Z0036,9,200,1200.4073486328125,,unavailable in GeoTIFF; band index reported
upload_05b712ec-Z0036,9,201,1181.8160400390625,,unavailable in GeoTIFF; band index reported
upload_05b712ec-Z0036,9,202,1160.2994384765625,2928.534346131563,unavailable in GeoTIFF; band index reported
upload_05b712ec-Z0036,9,203,1130.1805419921875,,unavailable in GeoTIFF; band index reported
upload_05b712ec-Z0036,9,204,1095.0650634765625,,unavailable in GeoTIFF; band index reported
upload_05b712ec-Z0036,9,205,1070.052978515625,,unavailable in GeoTIFF; band index reported
upload_05b712ec-Z0036,9,206,1010.0818481445312,,unavailable in GeoTIFF; band index reported
upload_05b712ec-Z0036,9,207,965.4152221679688,,unavailable in GeoTIFF; band index reported
upload_05b712ec-Z0036,9,208,947.9036865234375,,unavailable in GeoTIFF; band index reported
upload_05b712ec-Z0036,9,209,885.4237670898438,2401.474585680463,unavailable in GeoTIFF; band index reported
upload_05b712ec-Z0036,9,210,869.3130493164062,,unavailable in GeoTIFF; band index reported
upload_05b712ec-Z0036,9,211,861.3060302734375,,unavailable in GeoTIFF; band index reported
upload_05b712ec-Z0036,9,212,833.9563598632812,,unavailable in GeoTIFF; band index reported
upload_05b712ec-Z0036,9,213,768.113037109375,,unavailable in GeoTIFF; band index reported
upload_05b712ec-Z0036,9,214,800.331787109375,,unavailable in GeoTIFF; band index reported
upload_05b712ec-Z0036,9,215,756.987548828125,,unavailable in GeoTIFF; band index reported
upload_05b712ec-Z0036,9,216,726.3407592773438,2116.4023336362957,unavailable in GeoTIFF; band index reported
upload_05b712ec-Z0036,9,217,694.7376098632812,,unavailable in GeoTIFF; band index reported
upload_05b712ec-Z0036,9,218,662.6908569335938,,unavailable in GeoTIFF; band index reported
upload_05b712ec-Z0036,9,219,669.2230224609375,,unavailable in GeoTIFF; band index reported
upload_05b712ec-Z0036,9,220,677.3045043945312,,unavailable in GeoTIFF; band index reported
upload_05b712ec-Z0036,9,221,624.1442260742188,,unavailable in GeoTIFF; band index reported
upload_05b712ec-Z0036,9,222,590.2183227539062,,unavailable in GeoTIFF; band index reported
upload_05b712ec-Z0036,9,223,619.472900390625,,unavailable in GeoTIFF; band index reported
upload_05b712ec-Z0036,9,224,627.2888793945312,1889.1845260490265,unavailable in GeoTIFF; band index reported
upload_05b712ec-Z0055,10,1,11309.9677734375,6775.173805891452,unavailable in GeoTIFF; band index reported
upload_05b712ec-Z0055,10,2,10986.9033203125,,unavailable in GeoTIFF; band index reported
upload_05b712ec-Z0055,10,3,10819.3544921875,,unavailable in GeoTIFF; band index reported
upload_05b712ec-Z0055,10,4,10784.8388671875,,unavailable in GeoTIFF; band index reported
upload_05b712ec-Z0055,10,5,10584.0966796875,,unavailable in GeoTIFF; band index reported
upload_05b712ec-Z0055,10,6,10343.6455078125,,unavailable in GeoTIFF; band index reported
upload_05b712ec-Z0055,10,7,10259.322265625,,unavailable in GeoTIFF; band index reported
upload_05b712ec-Z0055,10,8,10181.935546875,6111.980069670054,unavailable in GeoTIFF; band index reported
upload_05b712ec-Z0055,10,9,10020.4189453125,,unavailable in GeoTIFF; band index reported
upload_05b712ec-Z0055,10,10,9951.7744140625,,unavailable in GeoTIFF; band index reported
upload_05b712ec-Z0055,10,11,9869.3544921875,,unavailable in GeoTIFF; band index reported
upload_05b712ec-Z0055,10,12,9719.5810546875,,unavailable in GeoTIFF; band index reported
upload_05b712ec-Z0055,10,13,9644.61328125,,unavailable in GeoTIFF; band index reported
upload_05b712ec-Z0055,10,14,9629.12890625,,unavailable in GeoTIFF; band index reported
upload_05b712ec-Z0055,10,15,9616.7744140625,5813.185381112348,unavailable in GeoTIFF; band index reported
upload_05b712ec-Z0055,10,16,9459.4189453125,,unavailable in GeoTIFF; band index reported
upload_05b712ec-Z0055,10,17,9377.322265625,,unavailable in GeoTIFF; band index reported
upload_05b712ec-Z0055,10,18,9348.935546875,,unavailable in GeoTIFF; band index reported
upload_05b712ec-Z0055,10,19,9195.193359375,,unavailable in GeoTIFF; band index reported
upload_05b712ec-Z0055,10,20,9181.548828125,,unavailable in GeoTIFF; band index reported
upload_05b712ec-Z0055,10,21,9233.9677734375,,unavailable in GeoTIFF; band index reported
upload_05b712ec-Z0055,10,22,9110.0,5545.422984140831,unavailable in GeoTIFF; band index reported
upload_05b712ec-Z0055,10,23,8983.7744140625,,unavailable in GeoTIFF; band index reported
upload_05b712ec-Z0055,10,24,8916.9677734375,,unavailable in GeoTIFF; band index reported
upload_05b712ec-Z0055,10,25,8871.38671875,,unavailable in GeoTIFF; band index reported
upload_05b712ec-Z0055,10,26,8846.677734375,,unavailable in GeoTIFF; band index reported
upload_05b712ec-Z0055,10,27,8759.38671875,,unavailable in GeoTIFF; band index reported
upload_05b712ec-Z0055,10,28,8697.9033203125,,unavailable in GeoTIFF; band index reported
upload_05b712ec-Z0055,10,29,8645.0322265625,5345.056924662945,unavailable in GeoTIFF; band index reported
upload_05b712ec-Z0055,10,30,8630.87109375,,unavailable in GeoTIFF; band index reported
upload_05b712ec-Z0055,10,31,8559.5810546875,,unavailable in GeoTIFF; band index reported
upload_05b712ec-Z0055,10,32,8492.4833984375,,unavailable in GeoTIFF; band index reported
upload_05b712ec-Z0055,10,33,8415.7421875,,unavailable in GeoTIFF; band index reported
upload_05b712ec-Z0055,10,34,8402.7744140625,,unavailable in GeoTIFF; band index reported
upload_05b712ec-Z0055,10,35,8211.0322265625,,unavailable in GeoTIFF; band index reported
upload_05b712ec-Z0055,10,36,8110.1611328125,5036.538504794106,unavailable in GeoTIFF; band index reported
upload_05b712ec-Z0055,10,37,8203.2578125,,unavailable in GeoTIFF; band index reported
upload_05b712ec-Z0055,10,38,8236.935546875,,unavailable in GeoTIFF; band index reported
upload_05b712ec-Z0055,10,39,8227.806640625,,unavailable in GeoTIFF; band index reported
upload_05b712ec-Z0055,10,40,8187.74169921875,,unavailable in GeoTIFF; band index reported
upload_05b712ec-Z0055,10,41,8207.38671875,,unavailable in GeoTIFF; band index reported
upload_05b712ec-Z0055,10,42,8151.0322265625,,unavailable in GeoTIFF; band index reported
upload_05b712ec-Z0055,10,43,8060.8388671875,,unavailable in GeoTIFF; band index reported
upload_05b712ec-Z0055,10,44,8049.9033203125,5003.075293799844,unavailable in GeoTIFF; band index reported
upload_05b712ec-Z0055,10,45,7937.70947265625,,unavailable in GeoTIFF; band index reported
upload_05b712ec-Z0055,10,46,7875.67724609375,,unavailable in GeoTIFF; band index reported
upload_05b712ec-Z0055,10,47,7924.9677734375,,unavailable in GeoTIFF; band index reported
upload_05b712ec-Z0055,10,48,7949.48388671875,,unavailable in GeoTIFF; band index reported
upload_05b712ec-Z0055,10,49,7935.193359375,,unavailable in GeoTIFF; band index reported
upload_05b712ec-Z0055,10,50,7917.48388671875,,unavailable in GeoTIFF; band index reported
upload_05b712ec-Z0055,10,51,7970.2255859375,4993.8515213581295,unavailable in GeoTIFF; band index reported
upload_05b712ec-Z0055,10,52,7772.29052734375,,unavailable in GeoTIFF; band index reported
upload_05b712ec-Z0055,10,53,7578.58056640625,,unavailable in GeoTIFF; band index reported
upload_05b712ec-Z0055,10,54,7544.41943359375,,unavailable in GeoTIFF; band index reported
upload_05b712ec-Z0055,10,55,7475.61279296875,,unavailable in GeoTIFF; band index reported
upload_05b712ec-Z0055,10,56,7228.0322265625,,unavailable in GeoTIFF; band index reported
upload_05b712ec-Z0055,10,57,7260.64501953125,,unavailable in GeoTIFF; band index reported
upload_05b712ec-Z0055,10,58,7357.7744140625,4689.63883040948,unavailable in GeoTIFF; band index reported
upload_05b712ec-Z0055,10,59,7454.2255859375,,unavailable in GeoTIFF; band index reported
upload_05b712ec-Z0055,10,60,7448.87109375,,unavailable in GeoTIFF; band index reported
upload_05b712ec-Z0055,10,61,7572.87109375,,unavailable in GeoTIFF; band index reported
upload_05b712ec-Z0055,10,62,8211.7744140625,,unavailable in GeoTIFF; band index reported
upload_05b712ec-Z0055,10,63,7632.48388671875,,unavailable in GeoTIFF; band index reported
upload_05b712ec-Z0055,10,64,7437.0322265625,,unavailable in GeoTIFF; band index reported
upload_05b712ec-Z0055,10,65,7361.32275390625,4755.180349796071,unavailable in GeoTIFF; band index reported
upload_05b712ec-Z0055,10,66,7230.48388671875,,unavailable in GeoTIFF; band index reported
upload_05b712ec-Z0055,10,67,7160.29052734375,,unavailable in GeoTIFF; band index reported
upload_05b712ec-Z0055,10,68,7067.0966796875,,unavailable in GeoTIFF; band index reported
upload_05b712ec-Z0055,10,69,7023.35498046875,,unavailable in GeoTIFF; band index reported
upload_05b712ec-Z0055,10,70,7125.61279296875,,unavailable in GeoTIFF; band index reported
upload_05b712ec-Z0055,10,71,7129.193359375,,unavailable in GeoTIFF; band index reported
upload_05b712ec-Z0055,10,72,7218.064453125,4680.594101694635,unavailable in GeoTIFF; band index reported
upload_05b712ec-Z0055,10,73,7218.9033203125,,unavailable in GeoTIFF; band index reported
upload_05b712ec-Z0055,10,74,7323.0322265625,,unavailable in GeoTIFF; band index reported
upload_05b712ec-Z0055,10,75,7336.54833984375,,unavailable in GeoTIFF; band index reported
upload_05b712ec-Z0055,10,76,7343.2255859375,,unavailable in GeoTIFF; band index reported
upload_05b712ec-Z0055,10,77,7284.0322265625,,unavailable in GeoTIFF; band index reported
upload_05b712ec-Z0055,10,78,7271.12890625,,unavailable in GeoTIFF; band index reported
upload_05b712ec-Z0055,10,79,7001.9033203125,,unavailable in GeoTIFF; band index reported
upload_05b712ec-Z0055,10,80,6829.54833984375,4479.209987095625,unavailable in GeoTIFF; band index reported
upload_05b712ec-Z0055,10,81,6874.7744140625,,unavailable in GeoTIFF; band index reported
upload_05b712ec-Z0055,10,82,6675.25830078125,,unavailable in GeoTIFF; band index reported
upload_05b712ec-Z0055,10,83,6672.58056640625,,unavailable in GeoTIFF; band index reported
upload_05b712ec-Z0055,10,84,6520.38720703125,,unavailable in GeoTIFF; band index reported
upload_05b712ec-Z0055,10,85,6792.9033203125,,unavailable in GeoTIFF; band index reported
upload_05b712ec-Z0055,10,86,6751.193359375,,unavailable in GeoTIFF; band index reported
upload_05b712ec-Z0055,10,87,6958.38720703125,4548.184363051048,unavailable in GeoTIFF; band index reported
upload_05b712ec-Z0055,10,88,7556.45166015625,,unavailable in GeoTIFF; band index reported
upload_05b712ec-Z0055,10,89,7049.38720703125,,unavailable in GeoTIFF; band index reported
upload_05b712ec-Z0055,10,90,7273.51611328125,,unavailable in GeoTIFF; band index reported
upload_05b712ec-Z0055,10,91,6946.193359375,,unavailable in GeoTIFF; band index reported
upload_05b712ec-Z0055,10,92,7137.48388671875,,unavailable in GeoTIFF; band index reported
upload_05b712ec-Z0055,10,93,6910.2255859375,,unavailable in GeoTIFF; band index reported
upload_05b712ec-Z0055,10,94,6704.935546875,4417.62229073331,unavailable in GeoTIFF; band index reported
upload_05b712ec-Z0055,10,95,6654.0322265625,,unavailable in GeoTIFF; band index reported
upload_05b712ec-Z0055,10,96,6705.38720703125,,unavailable in GeoTIFF; band index reported
upload_05b712ec-Z0055,10,97,6686.38720703125,,unavailable in GeoTIFF; band index reported
upload_05b712ec-Z0055,10,98,6840.12890625,,unavailable in GeoTIFF; band index reported
upload_05b712ec-Z0055,10,99,6800.25830078125,,unavailable in GeoTIFF; band index reported
upload_05b712ec-Z0055,10,100,7025.35498046875,,unavailable in GeoTIFF; band index reported
upload_05b712ec-Z0055,10,101,6812.74169921875,4437.533770537819,unavailable in GeoTIFF; band index reported
upload_05b712ec-Z0055,10,102,7025.51611328125,,unavailable in GeoTIFF; band index reported
upload_05b712ec-Z0055,10,103,7060.25830078125,,unavailable in GeoTIFF; band index reported
upload_05b712ec-Z0055,10,104,7055.9677734375,,unavailable in GeoTIFF; band index reported
upload_05b712ec-Z0055,10,105,7068.61279296875,,unavailable in GeoTIFF; band index reported
upload_05b712ec-Z0055,10,106,7056.45166015625,,unavailable in GeoTIFF; band index reported
upload_05b712ec-Z0055,10,107,7072.51611328125,,unavailable in GeoTIFF; band index reported
upload_05b712ec-Z0055,10,108,7032.0,4672.838483754133,unavailable in GeoTIFF; band index reported
upload_05b712ec-Z0055,10,109,6921.64501953125,,unavailable in GeoTIFF; band index reported
upload_05b712ec-Z0055,10,110,6785.54833984375,,unavailable in GeoTIFF; band index reported
upload_05b712ec-Z0055,10,111,6655.87109375,,unavailable in GeoTIFF; band index reported
upload_05b712ec-Z0055,10,112,7232.806640625,,unavailable in GeoTIFF; band index reported
upload_05b712ec-Z0055,10,113,8079.67724609375,,unavailable in GeoTIFF; band index reported
upload_05b712ec-Z0055,10,114,7041.32275390625,,unavailable in GeoTIFF; band index reported
upload_05b712ec-Z0055,10,115,6916.35498046875,,unavailable in GeoTIFF; band index reported
upload_05b712ec-Z0055,10,116,6550.87109375,4319.924381961806,unavailable in GeoTIFF; band index reported
upload_05b712ec-Z0055,10,117,6497.7744140625,,unavailable in GeoTIFF; band index reported
upload_05b712ec-Z0055,10,118,6422.67724609375,,unavailable in GeoTIFF; band index reported
upload_05b712ec-Z0055,10,119,6444.935546875,,unavailable in GeoTIFF; band index reported
upload_05b712ec-Z0055,10,120,6489.2255859375,,unavailable in GeoTIFF; band index reported
upload_05b712ec-Z0055,10,121,6576.12890625,,unavailable in GeoTIFF; band index reported
upload_05b712ec-Z0055,10,122,6701.38720703125,,unavailable in GeoTIFF; band index reported
upload_05b712ec-Z0055,10,123,6766.12890625,4468.005360202702,unavailable in GeoTIFF; band index reported
upload_05b712ec-Z0055,10,124,6881.35498046875,,unavailable in GeoTIFF; band index reported
upload_05b712ec-Z0055,10,125,6993.0322265625,,unavailable in GeoTIFF; band index reported
upload_05b712ec-Z0055,10,126,6741.193359375,,unavailable in GeoTIFF; band index reported
upload_05b712ec-Z0055,10,127,6597.35498046875,,unavailable in GeoTIFF; band index reported
upload_05b712ec-Z0055,10,128,6465.32275390625,,unavailable in GeoTIFF; band index reported
upload_05b712ec-Z0055,10,129,6377.064453125,,unavailable in GeoTIFF; band index reported
upload_05b712ec-Z0055,10,130,6505.54833984375,4282.892392094966,unavailable in GeoTIFF; band index reported
upload_05b712ec-Z0055,10,131,-32768.0,,unavailable in GeoTIFF; band index reported
upload_05b712ec-Z0055,10,132,-32768.0,,unavailable in GeoTIFF; band index reported
upload_05b712ec-Z0055,10,133,-32768.0,,unavailable in GeoTIFF; band index reported
upload_05b712ec-Z0055,10,134,-32768.0,,unavailable in GeoTIFF; band index reported
upload_05b712ec-Z0055,10,135,-32768.0,,unavailable in GeoTIFF; band index reported
upload_05b712ec-Z0055,10,136,6439.41943359375,,unavailable in GeoTIFF; band index reported
upload_05b712ec-Z0055,10,137,5074.87109375,3045.112060183597,unavailable in GeoTIFF; band index reported
upload_05b712ec-Z0055,10,138,5195.12890625,,unavailable in GeoTIFF; band index reported
upload_05b712ec-Z0055,10,139,4187.0966796875,,unavailable in GeoTIFF; band index reported
upload_05b712ec-Z0055,10,140,3591.193603515625,,unavailable in GeoTIFF; band index reported
upload_05b712ec-Z0055,10,141,3571.48388671875,,unavailable in GeoTIFF; band index reported
upload_05b712ec-Z0055,10,142,3702.290283203125,,unavailable in GeoTIFF; band index reported
upload_05b712ec-Z0055,10,143,3849.774169921875,,unavailable in GeoTIFF; band index reported
upload_05b712ec-Z0055,10,144,4024.38720703125,2362.6533119428827,unavailable in GeoTIFF; band index reported
upload_05b712ec-Z0055,10,145,4204.806640625,,unavailable in GeoTIFF; band index reported
upload_05b712ec-Z0055,10,146,4398.935546875,,unavailable in GeoTIFF; band index reported
upload_05b712ec-Z0055,10,147,4670.1611328125,,unavailable in GeoTIFF; band index reported
upload_05b712ec-Z0055,10,148,4758.32275390625,,unavailable in GeoTIFF; band index reported
upload_05b712ec-Z0055,10,149,4905.45166015625,,unavailable in GeoTIFF; band index reported
upload_05b712ec-Z0055,10,150,5063.35498046875,,unavailable in GeoTIFF; band index reported
upload_05b712ec-Z0055,10,151,5055.41943359375,,unavailable in GeoTIFF; band index reported
upload_05b712ec-Z0055,10,152,5095.12890625,3117.982792644546,unavailable in GeoTIFF; band index reported
upload_05b712ec-Z0055,10,153,5152.54833984375,,unavailable in GeoTIFF; band index reported
upload_05b712ec-Z0055,10,154,5225.935546875,,unavailable in GeoTIFF; band index reported
upload_05b712ec-Z0055,10,155,5296.0,,unavailable in GeoTIFF; band index reported
upload_05b712ec-Z0055,10,156,5353.70947265625,,unavailable in GeoTIFF; band index reported
upload_05b712ec-Z0055,10,157,5398.0966796875,,unavailable in GeoTIFF; band index reported
upload_05b712ec-Z0055,10,158,5440.67724609375,,unavailable in GeoTIFF; band index reported
upload_05b712ec-Z0055,10,159,5470.54833984375,3439.5853262965566,unavailable in GeoTIFF; band index reported
upload_05b712ec-Z0055,10,160,5495.0966796875,,unavailable in GeoTIFF; band index reported
upload_05b712ec-Z0055,10,161,5480.70947265625,,unavailable in GeoTIFF; band index reported
upload_05b712ec-Z0055,10,162,5448.87109375,,unavailable in GeoTIFF; band index reported
upload_05b712ec-Z0055,10,163,5440.54833984375,,unavailable in GeoTIFF; band index reported
upload_05b712ec-Z0055,10,164,5407.12890625,,unavailable in GeoTIFF; band index reported
upload_05b712ec-Z0055,10,165,5465.7744140625,,unavailable in GeoTIFF; band index reported
upload_05b712ec-Z0055,10,166,5711.064453125,3584.4823885192695,unavailable in GeoTIFF; band index reported
upload_05b712ec-Z0055,10,167,2704.54833984375,,unavailable in GeoTIFF; band index reported
upload_05b712ec-Z0055,10,168,2042.225830078125,,unavailable in GeoTIFF; band index reported
upload_05b712ec-Z0055,10,169,1900.48388671875,,unavailable in GeoTIFF; band index reported
upload_05b712ec-Z0055,10,170,2116.774169921875,,unavailable in GeoTIFF; band index reported
upload_05b712ec-Z0055,10,171,4337.74169921875,,unavailable in GeoTIFF; band index reported
upload_05b712ec-Z0055,10,172,4228.35498046875,,unavailable in GeoTIFF; band index reported
upload_05b712ec-Z0055,10,173,2799.61279296875,1385.8724290973432,unavailable in GeoTIFF; band index reported
upload_05b712ec-Z0055,10,174,2299.741943359375,,unavailable in GeoTIFF; band index reported
upload_05b712ec-Z0055,10,175,2371.677490234375,,unavailable in GeoTIFF; band index reported
upload_05b712ec-Z0055,10,176,2771.0322265625,,unavailable in GeoTIFF; band index reported
upload_05b712ec-Z0055,10,177,2924.838623046875,,unavailable in GeoTIFF; band index reported
upload_05b712ec-Z0055,10,178,3142.0,,unavailable in GeoTIFF; band index reported
upload_05b712ec-Z0055,10,179,3038.51611328125,,unavailable in GeoTIFF; band index reported
upload_05b712ec-Z0055,10,180,3063.290283203125,1731.2755006943269,unavailable in GeoTIFF; band index reported
upload_05b712ec-Z0055,10,181,3116.258056640625,,unavailable in GeoTIFF; band index reported
upload_05b712ec-Z0055,10,182,3271.9033203125,,unavailable in GeoTIFF; band index reported
upload_05b712ec-Z0055,10,183,3447.129150390625,,unavailable in GeoTIFF; band index reported
upload_05b712ec-Z0055,10,184,3637.61279296875,,unavailable in GeoTIFF; band index reported
upload_05b712ec-Z0055,10,185,3794.193603515625,,unavailable in GeoTIFF; band index reported
upload_05b712ec-Z0055,10,186,3934.322509765625,,unavailable in GeoTIFF; band index reported
upload_05b712ec-Z0055,10,187,4058.258056640625,,unavailable in GeoTIFF; band index reported
upload_05b712ec-Z0055,10,188,4188.74169921875,2585.6197546238022,unavailable in GeoTIFF; band index reported
upload_05b712ec-Z0055,10,189,4306.48388671875,,unavailable in GeoTIFF; band index reported
upload_05b712ec-Z0055,10,190,4380.29052734375,,unavailable in GeoTIFF; band index reported
upload_05b712ec-Z0055,10,191,4458.7744140625,,unavailable in GeoTIFF; band index reported
upload_05b712ec-Z0055,10,192,4521.87109375,,unavailable in GeoTIFF; band index reported
upload_05b712ec-Z0055,10,193,4631.67724609375,,unavailable in GeoTIFF; band index reported
upload_05b712ec-Z0055,10,194,4645.38720703125,,unavailable in GeoTIFF; band index reported
upload_05b712ec-Z0055,10,195,4645.58056640625,2967.5643514104772,unavailable in GeoTIFF; band index reported
upload_05b712ec-Z0055,10,196,4670.48388671875,,unavailable in GeoTIFF; band index reported
upload_05b712ec-Z0055,10,197,4683.61279296875,,unavailable in GeoTIFF; band index reported
upload_05b712ec-Z0055,10,198,4682.12890625,,unavailable in GeoTIFF; band index reported
upload_05b712ec-Z0055,10,199,4682.7744140625,,unavailable in GeoTIFF; band index reported
upload_05b712ec-Z0055,10,200,4695.0322265625,,unavailable in GeoTIFF; band index reported
upload_05b712ec-Z0055,10,201,4637.806640625,,unavailable in GeoTIFF; band index reported
upload_05b712ec-Z0055,10,202,4581.35498046875,2928.534346131563,unavailable in GeoTIFF; band index reported
upload_05b712ec-Z0055,10,203,4506.25830078125,,unavailable in GeoTIFF; band index reported
upload_05b712ec-Z0055,10,204,4414.0,,unavailable in GeoTIFF; band index reported
upload_05b712ec-Z0055,10,205,4369.64501953125,,unavailable in GeoTIFF; band index reported
upload_05b712ec-Z0055,10,206,4218.35498046875,,unavailable in GeoTIFF; band index reported
upload_05b712ec-Z0055,10,207,4052.51611328125,,unavailable in GeoTIFF; band index reported
upload_05b712ec-Z0055,10,208,4134.8388671875,,unavailable in GeoTIFF; band index reported
upload_05b712ec-Z0055,10,209,3887.54833984375,2401.474585680463,unavailable in GeoTIFF; band index reported
upload_05b712ec-Z0055,10,210,3856.48388671875,,unavailable in GeoTIFF; band index reported
upload_05b712ec-Z0055,10,211,3883.645263671875,,unavailable in GeoTIFF; band index reported
upload_05b712ec-Z0055,10,212,3891.54833984375,,unavailable in GeoTIFF; band index reported
upload_05b712ec-Z0055,10,213,3577.41943359375,,unavailable in GeoTIFF; band index reported
upload_05b712ec-Z0055,10,214,3744.645263671875,,unavailable in GeoTIFF; band index reported
upload_05b712ec-Z0055,10,215,3673.741943359375,,unavailable in GeoTIFF; band index reported
upload_05b712ec-Z0055,10,216,3700.38720703125,2116.4023336362957,unavailable in GeoTIFF; band index reported
upload_05b712ec-Z0055,10,217,3463.741943359375,,unavailable in GeoTIFF; band index reported
upload_05b712ec-Z0055,10,218,3280.129150390625,,unavailable in GeoTIFF; band index reported
upload_05b712ec-Z0055,10,219,3479.48388671875,,unavailable in GeoTIFF; band index reported
upload_05b712ec-Z0055,10,220,3664.064453125,,unavailable in GeoTIFF; band index reported
upload_05b712ec-Z0055,10,221,3322.290283203125,,unavailable in GeoTIFF; band index reported
upload_05b712ec-Z0055,10,222,2998.58056640625,,unavailable in GeoTIFF; band index reported
upload_05b712ec-Z0055,10,223,3252.258056640625,,unavailable in GeoTIFF; band index reported
upload_05b712ec-Z0055,10,224,3423.48388671875,1889.1845260490265,unavailable in GeoTIFF; band index reported
