{"type": "FeatureCollection", "features": [{"type": "Feature", "geometry": {"type": "Polygon", "coordinates": [[[163.31424317879672, 62.328866137998425], [163.3142582639144, 62.32859697004545], [163.31483702644755, 62.32860398448256], [163.3148521060851, 62.32833481643722], [163.316009621726, 62.32834883792943], [163.31602469071066, 62.3280796697121], [163.31718219723254, 62.32809368141497], [163.3172123135904, 62.327555344623896], [163.31779105696546, 62.327562346704866], [163.31780610951193, 62.327293178210844], [163.3183848480207, 62.32730017780479], [163.31836980064693, 62.327569346378404], [163.31952728892864, 62.32758333850318], [163.319542325957, 62.32731416977047], [163.3201210653843, 62.32732116214219], [163.32009100136708, 62.32785949975401], [163.31893350212744, 62.327845512285094], [163.318918459314, 62.32811468091311], [163.31833970498053, 62.32810768348789], [163.31832465668785, 62.32837685202374], [163.31716713859387, 62.32836284979162], [163.31715207964868, 62.328632018155716], [163.31541578928764, 62.32861099651215], [163.31540071451633, 62.32888016462462], [163.31424317879672, 62.328866137998425]]]}, "properties": {"zone_id": "upload_05b712ec-Z0001", "scene": "upload_05b712ec", "pixel_count": 20, "approx_area_m2": 18000.0, "centroid_x": 412825.5, "centroid_y": 6911863.5, "centroid_lon": 163.31738551383333, "centroid_lat": 62.32808267405233, "mean_risk": 1.4542101621627808, "max_risk": 1.5135787725448608, "median_risk": 1.4550644159317017, "high_priority_pixel_pct": 100.0, "priority_category": "HIGH PRIORITY", "threshold_type": "95th percentile prioritisation threshold", "recommendation": "Spectral-stress evidence detected. Prioritise field inspection to determine the underlying cause. Field verification required.", "priority_rank": 23}}, {"type": "Feature", "geometry": {"type": "Polygon", "coordinates": [[[163.32126352364654, 62.32760430863449], [163.3212785451567, 62.32733513966336], [163.32069980511758, 62.327328152106475], [163.3207148314946, 62.32705898320225], [163.32129356636108, 62.327065970679676], [163.32130858725975, 62.326796801683415], [163.3236235090919, 62.32682472720168], [163.3235935083697, 62.32736306581666], [163.3230147671082, 62.327356087889484], [163.3229997611163, 62.3276252570988], [163.32126352364654, 62.32760430863449]]]}, "properties": {"zone_id": "upload_05b712ec-Z0002", "scene": "upload_05b712ec", "pixel_count": 12, "approx_area_m2": 10800.0, "centroid_x": 413075.0, "centroid_y": 6911757.5, "centroid_lon": 163.32225186994538, "centroid_lat": 62.32718976492552, "mean_risk": 1.4470583200454712, "max_risk": 1.47345769405365, "median_risk": 1.4474103450775146, "high_priority_pixel_pct": 100.0, "priority_category": "HIGH PRIORITY", "threshold_type": "95th percentile prioritisation threshold", "recommendation": "Spectral-stress evidence detected. Prioritise field inspection to determine the underlying cause. Field verification required.", "priority_rank": 34}}, {"type": "Feature", "geometry": {"type": "Polygon", "coordinates": [[[163.30796760182542, 62.327173816782484], [163.3079827419982, 62.326904649633015], [163.30682528669578, 62.32689056153205], [163.30684043690505, 62.326621394530164], [163.30626171488868, 62.32661434694884], [163.30624655950712, 62.32688351387057], [163.30508910605528, 62.32686941132562], [163.3051194371989, 62.32633107779019], [163.30627686996178, 62.32634518001448], [163.30629202472642, 62.32607601306751], [163.30687073639848, 62.3260830604886], [163.30688588568268, 62.3258138934489], [163.3074645924911, 62.32582093838266], [163.30749487979077, 62.32528260410528], [163.30518009578216, 62.325254410568064], [163.3051952596564, 62.324985243731014], [163.30577395002416, 62.32499229564588], [163.3057891084182, 62.324723128716045], [163.30463173833434, 62.32470902263953], [163.30464690676274, 62.324439855857456], [163.30406822735526, 62.32443279928879], [163.30405305375544, 62.32470196599062], [163.3028956855242, 62.324687845471495], [163.3028805012725, 62.32495701200019], [163.3023018124489, 62.32494994804969], [163.3022866227165, 62.32521911448544], [163.29939315737985, 62.3251837582241], [163.2994083729702, 62.32491459219032], [163.29593625581623, 62.32487208572451], [163.29595150212546, 62.32460292016135], [163.2942154632504, 62.32458163467464], [163.2942307247632, 62.32431246934086], [163.29133735870806, 62.32427694579241], [163.291352645766, 62.32400778084985], [163.28788064779485, 62.323965073645596], [163.28789596556763, 62.32369590917595], [163.2867386457454, 62.323681654347425], [163.28676930103887, 62.323143325694275], [163.2861906519372, 62.32313619483173], [163.28620598428665, 62.32286703056723], [163.28562734066767, 62.32285989737891], [163.28564267787561, 62.32259073318287], [163.28506403973924, 62.32258359766878], [163.28511006500125, 62.32177610524807], [163.28568868762673, 62.321783240518776], [163.2857500295922, 62.320706583456136], [163.28517142764642, 62.32069944850987], [163.28521744635253, 62.31989195582332], [163.28463886022755, 62.319884818713845], [163.28471557767395, 62.31853899772208], [163.28413701770683, 62.31853185861181], [163.28415236542827, 62.318262694456614], [163.28299525676866, 62.31824840917925], [163.2829798987096, 62.318517573172066], [163.28182278096247, 62.31850327810666], [163.28183814935903, 62.31823411427636], [163.28125959612325, 62.31822696321535], [163.28122884867977, 62.31876529070068], [163.2806502854192, 62.31875813707065], [163.28061952638632, 62.31929646434269], [163.2794623801281, 62.319282149537926], [163.27944698980392, 62.3195513129922], [163.28002556794564, 62.319558471679194], [163.27997941060195, 62.320365962210154], [163.27882222361558, 62.32035164194128], [163.27876063474937, 62.321428295153964], [163.2776034076586, 62.321413964607125], [163.27758799931874, 62.3216831277157], [163.2764307631423, 62.321668787379096], [163.27644618182205, 62.32139962443355], [163.27586756937438, 62.321392450736745], [163.27589841613212, 62.32085412497072], [163.27647701824023, 62.32086129850443], [163.2764924359787, 62.32059213552084], [163.27591383904021, 62.32058496206868], [163.27594468391487, 62.32004663622655], [163.27478751165737, 62.32003228242879], [163.27484923899382, 62.31895563124505], [163.27600636989823, 62.31896998439016], [163.27602179060958, 62.31870082139933], [163.2766003513636, 62.3187079942807], [163.2766311815075, 62.318169668097966], [163.27720973223774, 62.31817683840989], [163.27728677626658, 62.316831022323655], [163.2778653014685, 62.31683818982186], [163.27792691037666, 62.31576153639875], [163.27676990162962, 62.315747199648], [163.27678531340848, 62.31547803642347], [163.275628316251, 62.31546369021136], [163.27567458071073, 62.314656200950964], [163.2750960981048, 62.3146490244805], [163.27512694984344, 62.3141106984066], [163.2757054221151, 62.31411787471392], [163.27572084234666, 62.31384871157637], [163.27687777749708, 62.31386305681014], [163.27686236759948, 62.31413222011073], [163.27744084081203, 62.31413938920022], [163.27747164995978, 62.31360106242338], [163.27689318708116, 62.31359389349685], [163.27693941395233, 62.31278640348097], [163.2775178613309, 62.31279357216305], [163.27757947210515, 62.31171691830509], [163.2770010453919, 62.311709749948925], [163.2771242932263, 62.30955644227613], [163.277702678614, 62.309563609980586], [163.27771807801778, 62.30929444638297], [163.27829645855348, 62.3093016116005], [163.2783118524789, 62.309032447908784], [163.2800469804691, 62.309053928884495], [163.28010849106084, 62.30797727301433], [163.28068684702376, 62.30798442820342], [163.28070221872503, 62.30771526412289], [163.2830156250439, 62.307743860500935], [163.2830923755734, 62.30639803828332], [163.28367070211215, 62.30640518095869], [163.28365535779488, 62.30667434550871], [163.285390354776, 62.30669575934708], [163.28537502563944, 62.30696492412778], [163.28595336375454, 62.306972057344524], [163.2859380394706, 62.30724122219365], [163.28651638306178, 62.3072483530862], [163.28650106363065, 62.30751751800369], [163.28823611176716, 62.30753889649262], [163.28825141570465, 62.30726973133217], [163.2888297605417, 62.30727685260361], [163.28887565499346, 62.30646935680354], [163.2882973256495, 62.306462235774895], [163.28831262834188, 62.306193070563836], [163.2865776576703, 62.30617169328963], [163.28659297554347, 62.30590252830883], [163.28601465777334, 62.30589539782146], [163.28607594680534, 62.304818738095854], [163.28665424392057, 62.30482586825913], [163.2867001919323, 62.30401837308894], [163.28612191030717, 62.30401124316874], [163.2861372308512, 62.30374207816772], [163.28845033856769, 62.30377058309488], [163.2884350386763, 62.30403974841984], [163.29132645613873, 62.30407532587219], [163.29131118175275, 62.30434449158875], [163.2924677612398, 62.304358705896476], [163.29245249687006, 62.30462787176194], [163.2930307922428, 62.30463497538902], [163.29301553272617, 62.30490414132256], [163.29359383357286, 62.304911242625316], [163.29357857890952, 62.30518040862691], [163.29473519186104, 62.30519460417856], [163.2947047022589, 62.30573293646648], [163.29528301952755, 62.30574003079589], [163.29525253901326, 62.30627836319448], [163.29583086692006, 62.30628545527996], [163.2958156313622, 62.3065546215409], [163.29639396474312, 62.306561711301725], [163.2963635030264, 62.30710004394687], [163.29694184704599, 62.307107131463546], [163.29692662088752, 62.30737629784771], [163.2975049703814, 62.307383383039635], [163.29748974907787, 62.307652549491664], [163.29806810404608, 62.30765963235874], [163.29805288759772, 62.30792879887868], [163.29863124804027, 62.30793587942087], [163.29861603644733, 62.308205046008624], [163.29977276859046, 62.308219200037726], [163.29975756701813, 62.30848836677372], [163.30033593871866, 62.30849544026056], [163.3003207420022, 62.30876460706428], [163.30089911917705, 62.30877167822603], [163.30088392731676, 62.30904084509753], [163.3014623099659, 62.30904791393413], [163.30140156009642, 62.310124581615234], [163.3019799637167, 62.31013164836759], [163.30196478064272, 62.31040081533665], [163.30254318973766, 62.31040787976366], [163.30248247501726, 62.311484547834866], [163.30190404525797, 62.311477483086655], [163.3018433049306, 62.31255415063476], [163.30242175535588, 62.31256121570415], [163.30239139367217, 62.31309954956311], [163.30296985473998, 62.31310661238719], [163.3029091483347, 62.314183280274825], [163.30233066659832, 62.31417621712964], [163.30226993458209, 62.315252884494235], [163.3028484369887, 62.31525994796058], [163.30283325838016, 62.3155291148505], [163.30341176626345, 62.315536175990964], [163.3033814184558, 62.31607450989346], [163.30395993698383, 62.31608156878823], [163.30394476778505, 62.316350735800775], [163.30452329178988, 62.31635779236953], [163.3045081274507, 62.31662695944971], [163.30566518672248, 62.31664106552879], [163.30565003241153, 62.31691023275669], [163.3062285676784, 62.31691728226693], [163.3062134182276, 62.31718644956237], [163.30679195897125, 62.317193496746405], [163.3067616694822, 62.31773183145964], [163.30734022087134, 62.31773887639749], [163.3073250808334, 62.31800804381528], [163.3079036376995, 62.3180150864268], [163.30788850252245, 62.318284253912054], [163.30846706486545, 62.31829129419716], [163.30845193454948, 62.31856046174983], [163.30903050236944, 62.318567499708486], [163.30895487201806, 62.31991333768292], [163.3095334659928, 62.31992037363498], [163.30951834416882, 62.32018954127205], [163.31241134450508, 62.320224685332306], [163.31242644048035, 62.31995551729571], [163.31300503629987, 62.31996253880794], [163.3130503068739, 62.319155034383144], [163.3136288874918, 62.319162053249364], [163.3136741397945, 62.318354548471916], [163.31309557468435, 62.31834752984508], [163.31311066334044, 62.31807836164052], [163.31426778352954, 62.31809239632818], [163.3142376265868, 62.318630733043776], [163.31481619747984, 62.31863774693737], [163.31478604964838, 62.31917608376207], [163.31536463118684, 62.319183095408555], [163.31525914030232, 62.32106727445657], [163.3158377583361, 62.321074284254266], [163.31582269215323, 62.32134345271907], [163.31640131566388, 62.32135046018967], [163.31638625434474, 62.32161962872155], [163.31522899728935, 62.32160561121415], [163.3151687075827, 62.32268228457836], [163.3140114103895, 62.32266825680581], [163.31402649361777, 62.32239908864312], [163.3134478506523, 62.32239207122624], [163.31346293874424, 62.32212290313071], [163.31288430125647, 62.32211588338674], [163.31289939421185, 62.32184671535846], [163.31232076220175, 62.32183969328746], [163.31230566407584, 62.32210886123591], [163.31172702720247, 62.32210183667821], [163.31166661094304, 62.32317850802668], [163.31224526849945, 62.32318553290382], [163.3121848680062, 62.32426220437031], [163.31160618976512, 62.32425517917368], [163.31163640096892, 62.32371684362538], [163.31047906609422, 62.32370278633056], [163.3104034840645, 62.325048624307776], [163.31098217720523, 62.32505565455833], [163.31096706504803, 62.3253248221959], [163.30980966873082, 62.32531075912775], [163.30982479123148, 62.32504159165005], [163.30924609870624, 62.32503455658519], [163.30923097103386, 62.3253037239829], [163.30865227364478, 62.32529668643087], [163.30863714049266, 62.32556585373596], [163.30921584305355, 62.325572891368], [163.30917045726517, 62.326380393447785], [163.31032789434278, 62.32639446197012], [163.31034301290254, 62.32612529446281], [163.31092172673084, 62.32613232503311], [163.31093683981084, 62.32586315743332], [163.31209425804602, 62.32587721119229], [163.31206405226692, 62.32641554669892], [163.31264277218995, 62.32642257012724], [163.31262767401157, 62.32669173794151], [163.31089149964802, 62.326670660194964], [163.31087638564517, 62.32693982775699], [163.31029765630007, 62.32693279694689], [163.31031277547532, 62.32666362946479], [163.30973405161032, 62.32665659632731], [163.30971892726274, 62.32692576372944], [163.3085614701117, 62.3269116900725], [163.30854633511134, 62.327180857302], [163.30796760182542, 62.327173816782484]], [[163.30744944837892, 62.32609010550244], [163.30860687326438, 62.32610418830837], [163.30862200703254, 62.32583502102846], [163.3074645924911, 62.32582093838266], [163.30744944837892, 62.32609010550244]], [[163.2795239382933, 62.318205495594064], [163.2801024905903, 62.31821265387419], [163.2801178741801, 62.31794349027518], [163.28069642162149, 62.3179506460676], [163.28071179972972, 62.317681482374546], [163.28013325745687, 62.31767432666348], [163.28014864042063, 62.317405163039126], [163.27957010362923, 62.3173980050031], [163.2795239382933, 62.318205495594064]], [[163.27742543576804, 62.31440855256962], [163.27800391446112, 62.31441571933463], [163.278019314338, 62.314146555883774], [163.27744084081203, 62.31413938920022], [163.27742543576804, 62.31440855256962]], [[163.28893684323955, 62.3053926955597], [163.2906717711701, 62.30541404324403], [163.29068705196258, 62.30514487765885], [163.2901087475052, 62.30513776425001], [163.2901240331505, 62.304868598733], [163.28954573416763, 62.304861482999954], [163.28956102466557, 62.304592317551155], [163.28840443796, 62.30457807903175], [163.28838913713508, 62.30484724431872], [163.2889674354958, 62.30485436486186], [163.28893684323955, 62.3053926955597]]]}, "properties": {"zone_id": "upload_05b712ec-Z0003", "scene": "upload_05b712ec", "pixel_count": 3154, "approx_area_m2": 2838600.0, "centroid_x": 411549.8446417248, "centroid_y": 6910557.660114141, "centroid_lon": 163.2934407950102, "centroid_lat": 62.31606650911086, "mean_risk": 1.5870800018310547, "max_risk": 1.790441632270813, "median_risk": 1.6064794063568115, "high_priority_pixel_pct": 100.0, "priority_category": "HIGH PRIORITY", "threshold_type": "95th percentile prioritisation threshold", "recommendation": "Spectral-stress evidence detected. Prioritise field inspection to determine the underlying cause. Field verification required.", "priority_rank": 4}}, {"type": "Feature", "geometry": {"type": "Polygon", "coordinates": [[[163.2975656887531, 62.3267775100701], [163.29758092171824, 62.32650834435359], [163.29815963909653, 62.32651542804422], [163.29817486657953, 62.326246262234555], [163.30106843225752, 62.32628164417638], [163.30108363357064, 62.326012477951785], [163.3022410516644, 62.32602661371702], [163.30222586069533, 62.32629578010234], [163.30164714632178, 62.326288713342976], [163.3016167531117, 62.326827045915046], [163.2975656887531, 62.3267775100701]]]}, "properties": {"zone_id": "upload_05b712ec-Z0004", "scene": "upload_05b712ec", "pixel_count": 15, "approx_area_m2": 13500.0, "centroid_x": 411920.0, "centroid_y": 6911710.0, "centroid_lon": 163.29999478137768, "centroid_lat": 62.326492982840044, "mean_risk": 1.4332859516143799, "max_risk": 1.4589859247207642, "median_risk": 1.4361988306045532, "high_priority_pixel_pct": 100.0, "priority_category": "HIGH PRIORITY", "threshold_type": "95th percentile prioritisation threshold", "recommendation": "Spectral-stress evidence detected. Prioritise field inspection to determine the underlying cause. Field verification required.", "priority_rank": 47}}, {"type": "Feature", "geometry": {"type": "Polygon", "coordinates": [[[163.3160849635821, 62.32700299671689], [163.31611509817768, 62.326464660143806], [163.3166938202496, 62.326471666720984], [163.3167088819151, 62.326202498335896], [163.31844503445308, 62.326223503384654], [163.31846008029552, 62.325954334748175], [163.31961750650788, 62.32596832591844], [163.3196024710098, 62.32623749471398], [163.31902375257837, 62.326230500252954], [163.31900871160195, 62.32649966895642], [163.3184299883044, 62.32649267200856], [163.31841494184943, 62.326761840619874], [163.3178362136857, 62.32675484118509], [163.317821161752, 62.32702400970426], [163.3160849635821, 62.32700299671689]]]}, "properties": {"zone_id": "upload_05b712ec-Z0005", "scene": "upload_05b712ec", "pixel_count": 13, "approx_area_m2": 11700.0, "centroid_x": 412834.6153846154, "centroid_y": 6911688.461538462, "centroid_lon": 163.31764920127793, "centroid_lat": 62.32651430714372, "mean_risk": 1.4478291273117065, "max_risk": 1.5013705492019653, "median_risk": 1.4486784934997559, "high_priority_pixel_pct": 100.0, "priority_category": "HIGH PRIORITY", "threshold_type": "95th percentile prioritisation threshold", "recommendation": "Spectral-stress evidence detected. Prioritise field inspection to determine the underlying cause. Field verification required.", "priority_rank": 30}}, {"type": "Feature", "geometry": {"type": "Polygon", "coordinates": [[[163.28096744487885, 62.32334107228014], [163.28098282407657, 62.32307190875916], [163.28040417810004, 62.323064753827836], [163.28043494589744, 62.32252642691058], [163.27985631057493, 62.32251926973514], [163.27988708746057, 62.32198094292992], [163.28046571244255, 62.32198809994264], [163.2804503293265, 62.32225726343295], [163.28160759056996, 62.32227157040075], [163.28162296334557, 62.322002406747785], [163.28278021549994, 62.32201670392592], [163.28273412725673, 62.32282419533439], [163.28331276931402, 62.322831340557], [163.28329741111156, 62.32310050441574], [163.2821401169685, 62.3230862114012], [163.28212474811212, 62.32335537508476], [163.28096744487885, 62.32334107228014]]]}, "properties": {"zone_id": "upload_05b712ec-Z0006", "scene": "upload_05b712ec", "pixel_count": 19, "approx_area_m2": 17100.0, "centroid_x": 410954.2105263158, "centroid_y": 6911306.842105263, "centroid_lon": 163.28157092175152, "centroid_lat": 62.32264679465287, "mean_risk": 1.4495247602462769, "max_risk": 1.5096120834350586, "median_risk": 1.4492950439453125, "high_priority_pixel_pct": 100.0, "priority_category": "HIGH PRIORITY", "threshold_type": "95th percentile prioritisation threshold", "recommendation": "Spectral-stress evidence detected. Prioritise field inspection to determine the underlying cause. Field verification required.", "priority_rank": 28}}, {"type": "Feature", "geometry": {"type": "Polygon", "coordinates": [[[163.30783966934948, 62.308856344539336], [163.30785479891804, 62.30858717669303], [163.30727642320704, 62.30858013447716], [163.30733695906378, 62.3075034632859], [163.30791531411475, 62.307510505181654], [163.30793044214457, 62.30724133727229], [163.3090871428401, 62.30725541368773], [163.3089964320253, 62.30887042191464], [163.30783966934948, 62.308856344539336]]]}, "properties": {"zone_id": "upload_05b712ec-Z0007", "scene": "upload_05b712ec", "pixel_count": 16, "approx_area_m2": 14400.0, "centroid_x": 412293.75, "centroid_y": 6909645.0, "centroid_lon": 163.3082465356512, "centroid_lat": 62.308053241025924, "mean_risk": 1.4297078847885132, "max_risk": 1.4533644914627075, "median_risk": 1.427952527999878, "high_priority_pixel_pct": 100.0, "priority_category": "HIGH PRIORITY", "threshold_type": "95th percentile prioritisation threshold", "recommendation": "Spectral-stress evidence detected. Prioritise field inspection to determine the underlying cause. Field verification required.", "priority_rank": 52}}, {"type": "Feature", "geometry": {"type": "Polygon", "coordinates": [[[163.28032373872378, 62.30420897587194], [163.28038522679898, 62.303132319089315], [163.27980696409617, 62.30312516295884], [163.2798223404961, 62.3028559988128], [163.27577454647778, 62.30280583913413], [163.2758053706152, 62.30226751194397], [163.27464888150814, 62.302253159290224], [163.27463345927123, 62.30252232272856], [163.27405521002567, 62.30251514271301], [163.274070637425, 62.30224597935626], [163.2717576642312, 62.30221723557316], [163.27177311196604, 62.30194807253034], [163.27119487461505, 62.30194088065449], [163.2712103271979, 62.301671717680684], [163.27178855938672, 62.30167890947482], [163.27181945328562, 62.3011405833257], [163.2723976754645, 62.30114777255179], [163.27241311678085, 62.3008786093765], [163.27356955175685, 62.30089298045157], [163.27360041280053, 62.30035465373631], [163.27417862043578, 62.30036183550377], [163.27419404532534, 62.300092672045494], [163.27650685835573, 62.30012137474373], [163.27652226228554, 62.29985221094665], [163.28056966101445, 62.29990234752477], [163.28058502850078, 62.29963318314535], [163.28116322440866, 62.299640335814345], [163.2811785864211, 62.299371171340994], [163.2823349688511, 62.2993854693031], [163.28235032022855, 62.2991163046546], [163.28292850675058, 62.299123449947786], [163.28295919824663, 62.298585120450426], [163.2823810220469, 62.29857797531962], [163.28241172261667, 62.29803964593396], [163.28356805468434, 62.29805393346652], [163.28355271487735, 62.29832309832802], [163.28470905851458, 62.29833737640546], [163.2846937287177, 62.298606541416525], [163.28527190616498, 62.29861367692977], [163.28522593038755, 62.29942117213022], [163.28349135252984, 62.29939975764736], [163.28347601116303, 62.29966892244551], [163.28289781400622, 62.299661779394455], [163.28288246716588, 62.29993094409881], [163.2823042651596, 62.299923798562084], [163.28224285403007, 62.301000456927994], [163.2828210766835, 62.301007602789504], [163.28277503054426, 62.30181509667452], [163.2833532689963, 62.301822240374904], [163.2833225803342, 62.302360569730595], [163.28390082942315, 62.302367711188566], [163.28388548978654, 62.30263687592857], [163.2844637443501, 62.302644015062896], [163.28444840956422, 62.30291317987135], [163.28502666960233, 62.30292031668196], [163.2850113396674, 62.303189481558846], [163.2855896051801, 62.30319661604572], [163.28555895470083, 62.30373494592363], [163.28498067886213, 62.303727811274626], [163.28496534799183, 62.303996976113524], [163.28438706730182, 62.30398983897851], [163.28437173095642, 62.30425900372366], [163.28379344541514, 62.304251864102554], [163.28380878692374, 62.303982699438556], [163.2826522271038, 62.303968413143856], [163.2826675786266, 62.303699248629506], [163.282089304348, 62.30369210195596], [163.28207394766213, 62.303961266389095], [163.28149566853278, 62.30395411722941], [163.28148030637135, 62.304223281568625], [163.28032373872378, 62.30420897587194]]]}, "properties": {"zone_id": "upload_05b712ec-Z0008", "scene": "upload_05b712ec", "pixel_count": 245, "approx_area_m2": 220500.0, "centroid_x": 410775.67346938775, "centroid_y": 6908952.6122448975, "centroid_lon": 163.27933519119136, "centroid_lat": 62.30148175729447, "mean_risk": 1.4675706624984741, "max_risk": 1.5706472396850586, "median_risk": 1.4645700454711914, "high_priority_pixel_pct": 100.0, "priority_category": "HIGH PRIORITY", "threshold_type": "95th percentile prioritisation threshold", "recommendation": "Spectral-stress evidence detected. Prioritise field inspection to determine the underlying cause. Field verification required.", "priority_rank": 12}}, {"type": "Feature", "geometry": {"type": "Polygon", "coordinates": [[[163.2879179744675, 62.30295596466255], [163.28793327827694, 62.30268679936793], [163.28677676572187, 62.302672547552156], [163.28685333172498, 62.301326721698935], [163.28800979265569, 62.301340972705006], [163.28796388496212, 62.30214846874073], [163.28854213138138, 62.30215559087953], [163.2884962363747, 62.302963087044155], [163.2879179744675, 62.30295596466255]]]}, "properties": {"zone_id": "upload_05b712ec-Z0009", "scene": "upload_05b712ec", "pixel_count": 13, "approx_area_m2": 11700.0, "centroid_x": 411205.3846153846, "centroid_y": 6909013.846153846, "centroid_lon": 163.28758638964092, "centroid_lat": 62.30213345814692, "mean_risk": 1.4368703365325928, "max_risk": 1.473879337310791, "median_risk": 1.4338350296020508, "high_priority_pixel_pct": 100.0, "priority_category": "HIGH PRIORITY", "threshold_type": "95th percentile prioritisation threshold", "recommendation": "Spectral-stress evidence detected. Prioritise field inspection to determine the underlying cause. Field verification required.", "priority_rank": 42}}, {"type": "Feature", "geometry": {"type": "Polygon", "coordinates": [[[163.26934004939767, 62.28387096527527], [163.26938642042467, 62.28306347498927], [163.26880854605724, 62.283056274413596], [163.26879308420752, 62.2833254377732], [163.26705944752655, 62.28330382138411], [163.26704396989757, 62.28357298448548], [163.26646608647795, 62.28356577413498], [163.2664970517312, 62.28302744808332], [163.26707492484095, 62.28303465827003], [163.2671368309529, 62.281958005686604], [163.2665589784616, 62.28195079582745], [163.26658993993888, 62.28141246962324], [163.26716778212162, 62.28141967931864], [163.26719873203223, 62.28088135289985], [163.26777656422126, 62.280888560028934], [163.26776109457725, 62.281157723326515], [163.27007244709264, 62.28118652814458], [163.2700569977509, 62.281455691756655], [163.27063484181917, 62.28146288703643], [163.27061939731774, 62.2817320507175], [163.27119724685423, 62.28173924367639], [163.27113548632767, 62.28281589860039], [163.2705576161729, 62.282808705314736], [163.27051127701796, 62.2836161961293], [163.26993339171236, 62.28360900019571], [163.2699179395443, 62.28387816369344], [163.26934004939767, 62.28387096527527]]]}, "properties": {"zone_id": "upload_05b712ec-Z0010", "scene": "upload_05b712ec", "pixel_count": 58, "approx_area_m2": 52200.0, "centroid_x": 410175.0, "centroid_y": 6906832.24137931, "centroid_lon": 163.2688511978066, "centroid_lat": 62.282313754735085, "mean_risk": 1.4690139293670654, "max_risk": 1.5480453968048096, "median_risk": 1.468557357788086, "high_priority_pixel_pct": 100.0, "priority_category": "HIGH PRIORITY", "threshold_type": "95th percentile prioritisation threshold", "recommendation": "Spectral-stress evidence detected. Prioritise field inspection to determine the underlying cause. Field verification required.", "priority_rank": 11}}, {"type": "Feature", "geometry": {"type": "Polygon", "coordinates": [[[163.28679930261217, 62.28193254536051], [163.28681460278955, 62.28166337940238], [163.28623674997178, 62.28165625139657], [163.28625205499264, 62.28138708550673], [163.2850963605993, 62.281372822449065], [163.28511167561777, 62.28110365670858], [163.28453383404226, 62.28109652165682], [163.28456447345374, 62.280558190299864], [163.2839866424979, 62.280551053007606], [163.2840019668906, 62.280281887391176], [163.28342414140022, 62.28027474777747], [163.28343947063533, 62.280005582229464], [163.28286165061036, 62.27999844029432], [163.28289231845346, 62.27946010932253], [163.28231450904752, 62.27945296514717], [163.28232984765518, 62.27918379972337], [163.28117424008568, 62.2791695043277], [163.2812202849583, 62.27836200846738], [163.28064249710133, 62.27835485740955], [163.28065784992148, 62.278085692178635], [163.2800800675296, 62.27807853879972], [163.28009542519075, 62.277809373637375], [163.27951764826398, 62.27780221793743], [163.27954837295565, 62.27726388773721], [163.27897060664668, 62.27725672979758], [163.27906280414405, 62.27564173938028], [163.27790733429165, 62.27562741727028], [163.2778919585185, 62.27589658220891], [163.2773142189088, 62.275889417469465], [163.27726807425762, 62.27669691196511], [163.27669031950356, 62.27668974457945], [163.2766595445347, 62.277228074017], [163.27550401535456, 62.2772137317135], [163.27551941330051, 62.27694456716394], [163.27436389567717, 62.27693021541467], [163.27439471124012, 62.276391886603435], [163.2732392154789, 62.2763775255717], [163.2732237975492, 62.27664668982056], [163.27264604498615, 62.27663950561996], [163.27259977385958, 62.27744699804566], [163.2720220061523, 62.27743981119807], [163.27205286418862, 62.27690148309022], [163.27089735032513, 62.27688710251507], [163.27094366594213, 62.27607961074789], [163.2703659249379, 62.27607241710217], [163.27038136800155, 62.2758032532361], [163.2698036324632, 62.27579605727002], [163.26981908036504, 62.27552689347292], [163.2692413502926, 62.27551969518657], [163.26925680303242, 62.27525053145852], [163.26867907842586, 62.27524333085192], [163.26870999326692, 62.27470500352123], [163.26813227927786, 62.27469780067625], [163.26816320316559, 62.2741594734583], [163.26758549979368, 62.27415226837505], [163.2676009664176, 62.27388310482881], [163.26933406202176, 62.27390471262764], [163.26931861085183, 62.27417387641924], [163.26989631516594, 62.27418107429689], [163.26988086883352, 62.27445023815753], [163.27103628870617, 62.27446462687063], [163.27102085236302, 62.274733790881925], [163.2721762837935, 62.27474817015072], [163.27216085744007, 62.2750173343126], [163.27273857877728, 62.2750245204257], [163.27276942086732, 62.27448619192605], [163.27392484387497, 62.27450055662013], [163.27404811728368, 62.27234724080874], [163.27462578804796, 62.27235441890082], [163.27464119066445, 62.27208525428578], [163.27521885659098, 62.2720924298947], [163.27524965058407, 62.271554100463575], [163.27582730652236, 62.271561273507906], [163.27584269789926, 62.271292108691846], [163.2752650471114, 62.271284935728964], [163.27531123481643, 62.27047744144903], [163.27415596508035, 62.270463088807375], [163.27417137065638, 62.27019392418497], [163.27301611247216, 62.270179562100395], [163.2730315280349, 62.26991039762835], [163.27245390456238, 62.269903213065426], [163.27246932496163, 62.26963404866227], [163.27420218086945, 62.26965559490208], [163.27421758550653, 62.26938643024159], [163.27363997170713, 62.2693792506446], [163.27367079034138, 62.26884092144857], [163.27424839384182, 62.26884810088254], [163.27427920092532, 62.26830977147271], [163.2754343882678, 62.26832412281074], [163.27541899518098, 62.26859328768495], [163.2759965944706, 62.26860045983347], [163.27596581765758, 62.26913878970667], [163.27654342755864, 62.26914595961668], [163.2765280438328, 62.269415124615634], [163.27710565919597, 62.26942229220565], [163.27707490110603, 62.269960622328284], [163.27765252708113, 62.269967787679576], [163.2776371527174, 62.27023695280323], [163.27821478415478, 62.27024411583441], [163.27815330417678, 62.271320776527446], [163.2787309565271, 62.27132793748235], [163.27871559090235, 62.271597102705236], [163.2792932487154, 62.27160426133979], [163.27926252683045, 62.27214259191005], [163.28041786399515, 62.272156902299265], [163.28035645768733, 62.27323356393759], [163.2797787683452, 62.27322640961889], [163.27976341083723, 62.27349557491552], [163.28091880013585, 62.273509881313565], [163.280857408195, 62.27458654302318], [163.28143512391807, 62.274593692944215], [163.28141978030493, 62.274862858421116], [163.28257522298978, 62.274877151219606], [163.28254455543578, 62.27541548246], [163.2831222875495, 62.27542262541851], [163.28310695845718, 62.275691791100805], [163.2825292211914, 62.27568464806119], [163.2825138866354, 62.275953813649714], [163.2813584027344, 62.27593952020197], [163.28134305756225, 62.27620868561548], [163.28192080450918, 62.27621583362156], [163.28190546417756, 62.276484999103594], [163.2824832165886, 62.27649214478871], [163.28249855176782, 62.27622297922553], [163.28365404721984, 62.27623726322712], [163.28363872234542, 62.27650642895251], [163.28421647569104, 62.276513567431195], [163.2842011556577, 62.276782733224955], [163.28477891446715, 62.27678986938253], [163.28476359927515, 62.277059035244676], [163.2853413635485, 62.27706616908107], [163.28532605319796, 62.27733533501157], [163.28590382293518, 62.27734246652674], [163.28585790547575, 62.27814996448518], [163.2864356909829, 62.27815709384102], [163.28642038969417, 62.27842625988281], [163.28699818066545, 62.27843338691726], [163.2869675874618, 62.2789717191247], [163.28581198521678, 62.27895746232966], [163.2857813701554, 62.279495794162656], [163.28635918142953, 62.27950292392332], [163.2863438785859, 62.2797720899018], [163.28692169532474, 62.27977921734095], [163.2868910990122, 62.2803175494218], [163.2863132719656, 62.280310421820744], [163.2862826641012, 62.28084875368906], [163.28743833912162, 62.28086300681236], [163.28742304503135, 62.28113217288941], [163.28800088816212, 62.281139295928064], [163.28795501948963, 62.28194679432592], [163.28679930261217, 62.28193254536051]], [[163.27553481093358, 62.27667540260169], [163.27611256506216, 62.27668257479164], [163.27614334908495, 62.27614424546616], [163.27556560526105, 62.27613707343912], [163.27553481093358, 62.27667540260169]], [[163.27692109190738, 62.272652272180274], [163.27749876938623, 62.2726594383452], [163.27752952342448, 62.27212110831357], [163.27579652283035, 62.27209960310193], [163.27578113051527, 62.2723687678799], [163.27693647423354, 62.272383107252146], [163.27692109190738, 62.272652272180274]], [[163.27584269789926, 62.271292108691846], [163.276998000413, 62.27130644741285], [163.27701338117657, 62.27103728242131], [163.27585808896345, 62.27102294386313], [163.27584269789926, 62.271292108691846]]]}, "properties": {"zone_id": "upload_05b712ec-Z0011", "scene": "upload_05b712ec", "pixel_count": 489, "approx_area_m2": 440100.0, "centroid_x": 410647.5460122699, "centroid_y": 6906031.226993865, "centroid_lon": 163.27836395002006, "centroid_lat": 62.275240061442695, "mean_risk": 1.4562069177627563, "max_risk": 1.5545750856399536, "median_risk": 1.4485794305801392, "high_priority_pixel_pct": 100.0, "priority_category": "HIGH PRIORITY", "threshold_type": "95th percentile prioritisation threshold", "recommendation": "Spectral-stress evidence detected. Prioritise field inspection to determine the underlying cause. Field verification required.", "priority_rank": 22}}, {"type": "Feature", "geometry": {"type": "Polygon", "coordinates": [[[163.2619672138125, 62.281354705567054], [163.261982735312, 62.281085543101895], [163.26140490111874, 62.281078311865414], [163.26148252965334, 62.27973249975949], [163.26206033807784, 62.27973973058536], [163.26207585768478, 62.2794705680439], [163.26265366127126, 62.27947779638528], [163.26266917540943, 62.279208633749], [163.2632469741579, 62.27921585960593], [163.26326248282757, 62.27894669687485], [163.26384027673794, 62.2789539202474], [163.2638557799393, 62.27868475742159], [163.26558914810093, 62.278706412879295], [163.26557366035908, 62.27897557595106], [163.2667292510138, 62.27899000107511], [163.26671377326375, 62.279259164297976], [163.2672915742163, 62.27926637333837], [163.2672606280795, 62.27980469990969], [163.26668281682007, 62.27979749070556], [163.26666733812635, 62.28006665389029], [163.26608952202784, 62.280059442201825], [163.26605855338917, 62.28059776836934], [163.26490290152134, 62.28058333745731], [163.26488740642216, 62.2808525003581], [163.26430957580666, 62.28084528121635], [163.26427857435536, 62.28138360681581], [163.2619672138125, 62.281354705567054]]]}, "properties": {"zone_id": "upload_05b712ec-Z0012", "scene": "upload_05b712ec", "pixel_count": 66, "approx_area_m2": 59400.0, "centroid_x": 409920.0, "centroid_y": 6906582.2727272725, "centroid_lon": 163.26406857743729, "centroid_lat": 62.28000971302657, "mean_risk": 1.4766261577606201, "max_risk": 1.5408118963241577, "median_risk": 1.4792873859405518, "high_priority_pixel_pct": 100.0, "priority_category": "HIGH PRIORITY", "threshold_type": "95th percentile prioritisation threshold", "recommendation": "Spectral-stress evidence detected. Prioritise field inspection to determine the underlying cause. Field verification required.", "priority_rank": 8}}, {"type": "Feature", "geometry": {"type": "Polygon", "coordinates": [[[163.2060784811728, 62.27795053737692], [163.20612653463007, 62.277143073836164], [163.20554879336254, 62.27713561058213], [163.20559685934555, 62.27632814717982], [163.20501913385866, 62.27632068177815], [163.20506721236572, 62.27551321851431], [163.2079557657838, 62.27555052023308], [163.20790776454757, 62.27635798476764], [163.20733003775908, 62.27635052897353], [163.20731403154514, 62.276619683707985], [163.20789176348524, 62.27662713958677], [163.20787576209773, 62.27689629439304], [163.20845349951472, 62.27690374795454], [163.20851748250755, 62.27582712831376], [163.20909519964323, 62.27583457913487], [163.20911118942755, 62.27556542410791], [163.21026661437088, 62.27558031837548], [163.21025063488926, 62.27584947357157], [163.2114060714341, 62.27586435840085], [163.2113262206719, 62.27721013503357], [163.20901524584778, 62.277180354076755], [163.20899925411388, 62.27744950902657], [163.20726601095168, 62.2774271478342], [163.20725000343666, 62.27769630251721], [163.20667225121431, 62.27768884389771], [163.20665623822185, 62.27795799848317], [163.2060784811728, 62.27795053737692]]]}, "properties": {"zone_id": "upload_05b712ec-Z0013", "scene": "upload_05b712ec", "pixel_count": 62, "approx_area_m2": 55800.0, "centroid_x": 407006.6129032258, "centroid_y": 6906272.903225807, "centroid_lon": 163.20812185301918, "centroid_lat": 62.2765214949079, "mean_risk": 1.4473657608032227, "max_risk": 1.497711420059204, "median_risk": 1.4457893371582031, "high_priority_pixel_pct": 100.0, "priority_category": "HIGH PRIORITY", "threshold_type": "95th percentile prioritisation threshold", "recommendation": "Spectral-stress evidence detected. Prioritise field inspection to determine the underlying cause. Field verification required.", "priority_rank": 32}}, {"type": "Feature", "geometry": {"type": "Polygon", "coordinates": [[[163.26396429352755, 62.27680061728467], [163.26397979420867, 62.2765314543571], [163.26282429945203, 62.276517006686376], [163.2628553204779, 62.275978681121174], [163.26227758387662, 62.275971453846836], [163.26240169658678, 62.27381815173374], [163.26182400151356, 62.27381092271411], [163.26185503684104, 62.27327259722276], [163.26127735238526, 62.27326536596553], [163.26129287472696, 62.27299620328291], [163.26071519573748, 62.27298896970608], [163.26073072291456, 62.272719807092834], [163.2601530493914, 62.27271257119644], [163.26018411310042, 62.272174246096085], [163.2613394398597, 62.272188715158606], [163.26132391846417, 62.272457877879425], [163.26247925678612, 62.27247233749954], [163.2624637453766, 62.272741500371836], [163.26304142016113, 62.27274872666145], [163.26297939197525, 62.273825378351574], [163.26529017667895, 62.27385426080476], [163.2652746894498, 62.27412342402347], [163.26585239156398, 62.274130638714134], [163.26583690917155, 62.27439980200204], [163.26641461675172, 62.27440701437276], [163.26635270464254, 62.27548366772483], [163.2657749764557, 62.27547645502651], [163.26574400821002, 62.27601478146244], [163.26516627003386, 62.27600756619825], [163.26511979984872, 62.27681505551101], [163.26396429352755, 62.27680061728467]]]}, "properties": {"zone_id": "upload_05b712ec-Z0014", "scene": "upload_05b712ec", "pixel_count": 78, "approx_area_m2": 70200.0, "centroid_x": 409883.07692307694, "centroid_y": 6905989.615384615, "centroid_lon": 163.2636637314184, "centroid_lat": 62.2746834457713, "mean_risk": 1.4657032489776611, "max_risk": 1.5231804847717285, "median_risk": 1.4681837558746338, "high_priority_pixel_pct": 100.0, "priority_category": "HIGH PRIORITY", "threshold_type": "95th percentile prioritisation threshold", "recommendation": "Spectral-stress evidence detected. Prioritise field inspection to determine the underlying cause. Field verification required.", "priority_rank": 16}}, {"type": "Feature", "geometry": {"type": "Polygon", "coordinates": [[[163.2051793841521, 62.273629137114916], [163.20519540739068, 62.273359982577794], [163.20461773888982, 62.27335251570695], [163.20463376695315, 62.27308336124174], [163.2040561039283, 62.27307589205411], [163.20407213681617, 62.272806737660865], [163.20233916514712, 62.272784315943284], [163.20238730820603, 62.27197685344998], [163.2018096670849, 62.27196937499584], [163.20182571926884, 62.27170022089058], [163.20298099153766, 62.27171517522764], [163.20296494965322, 62.27198432950269], [163.20527551870023, 62.27201420969915], [163.20525949708937, 62.27228336430065], [163.20699244274263, 62.27230574948698], [163.2069604294448, 62.27284405915963], [163.20753808894665, 62.272851516254796], [163.20755409060803, 62.27258236134021], [163.20870940028664, 62.27259726815666], [163.20869340892557, 62.27286642324049], [163.21042639133057, 62.27288876570746], [163.21039443853573, 62.27342707634393], [163.20923909600626, 62.27341218342929], [163.2092231088209, 62.27368133855912], [163.20806775728977, 62.273666435868876], [163.20808375477608, 62.27339728090826], [163.20750608464851, 62.27338982604535], [163.20752208696013, 62.27312067115649], [163.2063667579812, 62.273105754395274], [163.2063347324312, 62.273644063821344], [163.2051793841521, 62.273629137114916]]]}, "properties": {"zone_id": "upload_05b712ec-Z0015", "scene": "upload_05b712ec", "pixel_count": 48, "approx_area_m2": 43200.0, "centroid_x": 406881.25, "centroid_y": 6905859.375, "centroid_lon": 163.20592846001617, "centroid_lat": 62.27278022602372, "mean_risk": 1.430596947669983, "max_risk": 1.4687167406082153, "median_risk": 1.4285036325454712, "high_priority_pixel_pct": 100.0, "priority_category": "HIGH PRIORITY", "threshold_type": "95th percentile prioritisation threshold", "recommendation": "Spectral-stress evidence detected. Prioritise field inspection to determine the underlying cause. Field verification required.", "priority_rank": 51}}, {"type": "Feature", "geometry": {"type": "Polygon", "coordinates": [[[163.21628263923535, 62.27161730346089], [163.21629856202577, 62.27134814721531], [163.2157209285582, 62.271340726649065], [163.2158005634052, 62.26999494564984], [163.2163781711255, 62.27000236579486], [163.2163622499525, 62.27027152210462], [163.21693986314554, 62.27027893993257], [163.2168761958168, 62.271355565380176], [163.21745382993126, 62.271362981143604], [163.2174379174404, 62.2716321375576], [163.21628263923535, 62.27161730346089]]]}, "properties": {"zone_id": "upload_05b712ec-Z0016", "scene": "upload_05b712ec", "pixel_count": 11, "approx_area_m2": 9900.0, "centroid_x": 407419.0909090909, "centroid_y": 6905631.818181818, "centroid_lon": 163.2164055549759, "centroid_lat": 62.27087201825559, "mean_risk": 1.427813172340393, "max_risk": 1.4363740682601929, "median_risk": 1.428357720375061, "high_priority_pixel_pct": 100.0, "priority_category": "HIGH PRIORITY", "threshold_type": "95th percentile prioritisation threshold", "recommendation": "Spectral-stress evidence detected. Prioritise field inspection to determine the underlying cause. Field verification required.", "priority_rank": 55}}, {"type": "Feature", "geometry": {"type": "Polygon", "coordinates": [[[163.25674926465098, 62.27159245710523], [163.2567803876377, 62.27105413289005], [163.25620274722797, 62.27104688067597], [163.2562183133971, 62.270777718631635], [163.25564067845363, 62.27077046409842], [163.2557029605665, 62.269693816123095], [163.2580134198417, 62.26972281852982], [163.2579978703863, 62.26999198087208], [163.25857549114474, 62.26999922555256], [163.25855994652312, 62.270268387964315], [163.25913757274708, 62.27027563032565], [163.2590909524371, 62.27108311773122], [163.2585133107634, 62.271075875123195], [163.25849776487846, 62.271345037484025], [163.25792011837044, 62.27133779239224], [163.2579045670194, 62.27160695465805], [163.25674926465098, 62.27159245710523]]]}, "properties": {"zone_id": "upload_05b712ec-Z0017", "scene": "upload_05b712ec", "pixel_count": 32, "approx_area_m2": 28800.0, "centroid_x": 409545.9375, "centroid_y": 6905541.5625, "centroid_lon": 163.25740378802664, "centroid_lat": 62.27058216402233, "mean_risk": 1.4582123756408691, "max_risk": 1.5152678489685059, "median_risk": 1.4543325901031494, "high_priority_pixel_pct": 100.0, "priority_category": "HIGH PRIORITY", "threshold_type": "95th percentile prioritisation threshold", "recommendation": "Spectral-stress evidence detected. Prioritise field inspection to determine the underlying cause. Field verification required.", "priority_rank": 20}}, {"type": "Feature", "geometry": {"type": "Polygon", "coordinates": [[[163.28172659334052, 62.26947954647477], [163.28174193071985, 62.269210380744354], [163.28231954374158, 62.26921752664046], [163.28230421151193, 62.269486692452006], [163.28172659334052, 62.26947954647477]]]}, "properties": {"zone_id": "upload_05b712ec-Z0018", "scene": "upload_05b712ec", "pixel_count": 12, "approx_area_m2": 10800.0, "centroid_x": 410782.5, "centroid_y": 6905480.0, "centroid_lon": 163.28124479726188, "centroid_lat": 62.27032654328581, "mean_risk": 1.4307154417037964, "max_risk": 1.4812161922454834, "median_risk": 1.4252936840057373, "high_priority_pixel_pct": 100.0, "priority_category": "HIGH PRIORITY", "threshold_type": "95th percentile prioritisation threshold", "recommendation": "Spectral-stress evidence detected. Prioritise field inspection to determine the underlying cause. Field verification required.", "priority_rank": 50}}, {"type": "Feature", "geometry": {"type": "Polygon", "coordinates": [[[163.23497207417267, 62.26835442924909], [163.2349878280044, 62.26808527015542], [163.23441025117793, 62.26807792751953], [163.23447328389818, 62.267001291350326], [163.23562839668355, 62.26701597355421], [163.23559690155705, 62.267554291997776], [163.23617446872635, 62.26756162966478], [163.23615872583173, 62.26783078895066], [163.23673629846934, 62.267838124299836], [163.23672056040357, 62.26810728365624], [163.23614298261728, 62.26809994822378], [163.23612723908303, 62.26836910748409], [163.23497207417267, 62.26835442924909]]]}, "properties": {"zone_id": "upload_05b712ec-Z0019", "scene": "upload_05b712ec", "pixel_count": 13, "approx_area_m2": 11700.0, "centroid_x": 408392.3076923077, "centroid_y": 6905254.615384615, "centroid_lon": 163.23534224812707, "centroid_lat": 62.267727175565156, "mean_risk": 1.4335373640060425, "max_risk": 1.4554537534713745, "median_risk": 1.4328948259353638, "high_priority_pixel_pct": 100.0, "priority_category": "HIGH PRIORITY", "threshold_type": "95th percentile prioritisation threshold", "recommendation": "Spectral-stress evidence detected. Prioritise field inspection to determine the underlying cause. Field verification required.", "priority_rank": 46}}, {"type": "Feature", "geometry": {"type": "Polygon", "coordinates": [[[163.26219634222156, 62.267351013458686], [163.26221185247817, 62.267081850413966], [163.26105672077094, 62.267067389274715], [163.2610722410095, 62.26679822638147], [163.26049468077724, 62.2667909922923], [163.2605102058489, 62.26652182946845], [163.25993265108042, 62.26651459306032], [163.25996371057406, 62.26597626753874], [163.2593861664175, 62.26596902889392], [163.25940170083916, 62.265699866196215], [163.2588241621462, 62.26569262523261], [163.2588397014003, 62.26542346260439], [163.25826216817092, 62.26541621932204], [163.25827771225713, 62.2651470567633], [163.25770018449137, 62.265139811162264], [163.25773128201192, 62.264601486171074], [163.2571537648573, 62.264594238333686], [163.2571693182913, 62.26432507590129], [163.2565918066001, 62.264317825745344], [163.25660736486557, 62.26404866338251], [163.25602985863782, 62.26404141090808], [163.2560454217345, 62.26377224861482], [163.25546792097012, 62.26376499382196], [163.25548348889785, 62.26349583159832], [163.25490599359685, 62.26348857448705], [163.2549527109236, 62.26268108798685], [163.2555301907838, 62.26268834485098], [163.2555146238047, 62.26295750711282], [163.2560921091279, 62.26296476165861], [163.25607654697956, 62.26323392399009], [163.2572315288681, 62.263248426044285], [163.25718487140938, 62.26405591345614], [163.2577623782691, 62.26406316112898], [163.25777792592396, 62.263793998588824], [163.2595104329557, 62.26381572695579], [163.2595570277016, 62.263008238518886], [163.25897954048338, 62.263000998377244], [163.2589950765813, 62.26273183562169], [163.2578401133854, 62.262717348300804], [163.25787120522148, 62.262179023080364], [163.2590261478304, 62.26219351007235], [163.25905721781737, 62.261655184472055], [163.25963467930217, 62.26166242420277], [163.25969679490493, 62.260585772520685], [163.25911935400504, 62.26057853311871], [163.25915042020588, 62.26004020736563], [163.25972785081396, 62.26004744660326], [163.25974337829544, 62.25977828362545], [163.2591659528331, 62.25977104447], [163.2591970171411, 62.259232718640504], [163.25861960228542, 62.25922547724907], [163.25863513911168, 62.25895631439742], [163.25978995884768, 62.25897079461559], [163.25977443231227, 62.25923995763161], [163.26035184779874, 62.25924719422238], [163.26033632609355, 62.25951635730782], [163.26264601177314, 62.25954527999596], [163.2626305103354, 62.25981444339696], [163.26320793768835, 62.2598216681501], [163.26322343398036, 62.25955250466709], [163.26380085650231, 62.25955972693785], [163.26376987389506, 62.26009805405514], [163.26434730702317, 62.26010527408944], [163.26433182039352, 62.26037443771095], [163.26606413710246, 62.26039608365703], [163.26603319377614, 62.26093441135331], [163.26661064359996, 62.260941622031474], [163.26659517661173, 62.26121078594241], [163.26890499963264, 62.26123960497694], [163.2688277629111, 62.26258542597661], [163.26940524518412, 62.262592625142474], [163.26938980204542, 62.26286178938604], [163.2699672897791, 62.262868986232895], [163.26993641285492, 62.26340731484524], [163.26935891482705, 62.263400117834976], [163.26929713662577, 62.26447677458037], [163.2687196183219, 62.264469574842394], [163.26867326593333, 62.26527706702281], [163.2675181993807, 62.26526265985355], [163.26750273766083, 62.26553182372473], [163.26808027592816, 62.265539028591625], [163.26804936184237, 62.26607735645937], [163.26689426502932, 62.26606294399734], [163.2669251997076, 62.265524616456815], [163.26634766206857, 62.26551740678796], [163.26636313408437, 62.265248243080464], [163.26578560190757, 62.26524103109247], [163.26580107875694, 62.26497186745415], [163.26522355204236, 62.26496465314714], [163.2652545150933, 62.26442632599612], [163.26178942318558, 62.26438299071871], [163.26180493512425, 62.264113827616086], [163.25949490074277, 62.26408488974263], [163.25946383537035, 62.26462321527808], [163.26119639156852, 62.264644922777265], [163.2611653558202, 62.26518324875469], [163.26174288547892, 62.2651904799502], [163.2617273722798, 62.26545964300193], [163.2623049074015, 62.26546687187855], [163.26228939903527, 62.26573603499959], [163.26286693962, 62.26574326155731], [163.26280492359749, 62.266819914242454], [163.26338248509026, 62.26682713872725], [163.26335148548637, 62.26736546515753], [163.26219634222156, 62.267351013458686]]]}, "properties": {"zone_id": "upload_05b712ec-Z0020", "scene": "upload_05b712ec", "pixel_count": 366, "approx_area_m2": 329400.0, "centroid_x": 409821.2295081967, "centroid_y": 6904687.950819672, "centroid_lon": 163.263145515313, "centroid_lat": 62.26298988304785, "mean_risk": 1.4665130376815796, "max_risk": 1.5622676610946655, "median_risk": 1.4638301134109497, "high_priority_pixel_pct": 100.0, "priority_category": "HIGH PRIORITY", "threshold_type": "95th percentile prioritisation threshold", "recommendation": "Spectral-stress evidence detected. Prioritise field inspection to determine the underlying cause. Field verification required.", "priority_rank": 14}}, {"type": "Feature", "geometry": {"type": "Polygon", "coordinates": [[[163.28014725494413, 62.26676643869549], [163.28017795405145, 62.266228107455525], [163.27960039891573, 62.2662209528474], [163.27961575315004, 62.26595178728964], [163.2801933031374, 62.26595894181652], [163.28022400037386, 62.2654206105005], [163.28080154037656, 62.26542776246392], [163.28084756844905, 62.26462026515117], [163.28027004389025, 62.26461311343133], [163.28025469636322, 62.26488227913372], [163.27967716696833, 62.26487512493173], [163.27964646068295, 62.265413456136045], [163.27906892130395, 62.26540629937061], [163.27905356254527, 62.26567546487251], [163.2784760183301, 62.26566830562478], [163.27846065411117, 62.26593747103268], [163.27730555632078, 62.265923145171485], [163.27733630503923, 62.265384814668245], [163.27791384348197, 62.26539197863669], [163.2779445806553, 62.26485364792003], [163.27852210911425, 62.26486080932489], [163.27853747208482, 62.264591643866225], [163.27911499570803, 62.26459880278887], [163.2791917801423, 62.26325297489894], [163.27976927833984, 62.26326013101443], [163.27973857579667, 62.26379846237092], [163.2803160846008, 62.26380561624807], [163.28030073800903, 62.2640747819885], [163.28145576684744, 62.26408908270255], [163.28144043023926, 62.26435824859265], [163.28201795027346, 62.2643653954295], [163.2820026185015, 62.26463456138805], [163.28258014399492, 62.26464170590509], [163.28250350620374, 62.265987535913354], [163.2819259549698, 62.265980390990755], [163.28191062132905, 62.26624955687326], [163.28133306525822, 62.26624240946845], [163.28130238674507, 62.26678074103316], [163.28014725494413, 62.26676643869549]]]}, "properties": {"zone_id": "upload_05b712ec-Z0021", "scene": "upload_05b712ec", "pixel_count": 52, "approx_area_m2": 46800.0, "centroid_x": 410718.46153846156, "centroid_y": 6904906.730769231, "centroid_lon": 163.2803051017181, "centroid_lat": 62.265167798953115, "mean_risk": 1.4405099153518677, "max_risk": 1.4954253435134888, "median_risk": 1.4383140802383423, "high_priority_pixel_pct": 100.0, "priority_category": "HIGH PRIORITY", "threshold_type": "95th percentile prioritisation threshold", "recommendation": "Spectral-stress evidence detected. Prioritise field inspection to determine the underlying cause. Field verification required.", "priority_rank": 39}}, {"type": "Feature", "geometry": {"type": "Polygon", "coordinates": [[[163.27510312367926, 62.2640103099322], [163.27511851659855, 62.26374114492367], [163.2733859995554, 62.263719611267234], [163.27340140760404, 62.26345044649049], [163.27282390769614, 62.2634432638849], [163.2728547331489, 62.26290493445637], [163.27169975486106, 62.26289056236917], [163.27171517741183, 62.262621397799], [163.27113769388475, 62.26261420823592], [163.2711839750979, 62.261806714694046], [163.27176144318466, 62.26181390401228], [163.27177686448243, 62.26154473939131], [163.27581911382816, 62.26159499683095], [163.27575757086683, 62.262671657520734], [163.27633505689707, 62.26267882787814], [163.2763042938355, 62.263217158309686], [163.2768817904724, 62.2632243264291], [163.2768664136202, 62.26349349170723], [163.27628891183605, 62.26348632350644], [163.2762581468998, 62.26402465386186], [163.27510312367926, 62.2640103099322]]]}, "properties": {"zone_id": "upload_05b712ec-Z0022", "scene": "upload_05b712ec", "pixel_count": 59, "approx_area_m2": 53100.0, "centroid_x": 410386.27118644066, "centroid_y": 6904633.220338983, "centroid_lon": 163.27405049800566, "centroid_lat": 62.26263446881716, "mean_risk": 1.4581944942474365, "max_risk": 1.5123180150985718, "median_risk": 1.455102562904358, "high_priority_pixel_pct": 100.0, "priority_category": "HIGH PRIORITY", "threshold_type": "95th percentile prioritisation threshold", "recommendation": "Spectral-stress evidence detected. Prioritise field inspection to determine the underlying cause. Field verification required.", "priority_rank": 21}}, {"type": "Feature", "geometry": {"type": "Polygon", "coordinates": [[[163.7194185091248, 62.238654021713586], [163.71942992550933, 62.23838480093329], [163.72000706432985, 62.238390125137656], [163.7200184753409, 62.23812090428524], [163.72059560925138, 62.23812622602976], [163.7206070148892, 62.23785700510519], [163.7211841438896, 62.23786232438994], [163.72119554415434, 62.23759310339329], [163.72177266824465, 62.23759842021832], [163.72178406313657, 62.23732919914961], [163.72236118231675, 62.23733451351496], [163.72237257183602, 62.23706529237424], [163.7235268006073, 62.237075913786356], [163.72351542137065, 62.237345135047605], [163.7252467816837, 62.23736104935146], [163.7252126888618, 62.238168713606704], [163.72463555310193, 62.23816341105759], [163.7246241832248, 62.238432632392374], [163.724047042554, 62.238427327383626], [163.72403566730412, 62.23869654864653], [163.72288137637167, 62.238685931310165], [163.7229155322789, 62.237878267847805], [163.72233840258454, 62.23787295576124], [163.7223270123716, 62.23814217686683], [163.7211727433934, 62.23813154537488], [163.72116134266577, 62.23840076634805], [163.72058420338203, 62.23839544694258], [163.72057279728116, 62.23866466784369], [163.7194185091248, 62.238654021713586]]]}, "properties": {"zone_id": "upload_05b712ec-Z0023", "scene": "upload_05b712ec", "pixel_count": 31, "approx_area_m2": 27900.0, "centroid_x": 433633.5483870968, "centroid_y": 6901338.387096774, "centroid_lon": 163.7228863212154, "centroid_lat": 62.237908406804934, "mean_risk": 1.4264330863952637, "max_risk": 1.462065577507019, "median_risk": 1.4226689338684082, "high_priority_pixel_pct": 100.0, "priority_category": "HIGH PRIORITY", "threshold_type": "95th percentile prioritisation threshold", "recommendation": "Spectral-stress evidence detected. Prioritise field inspection to determine the underlying cause. Field verification required.", "priority_rank": 57}}, {"type": "Feature", "geometry": {"type": "Polygon", "coordinates": [[[163.69281117870514, 62.21308910604108], [163.69286938113436, 62.21174301114592], [163.69402262980668, 62.211753875413144], [163.69401100005564, 62.21202309453896], [163.69458762987693, 62.2120285231391], [163.69457600502142, 62.21229774231467], [163.69399937006867, 62.21229231365296], [163.69397610938705, 62.21283075184568], [163.69339946440712, 62.212825320664045], [163.69338782858077, 62.213094539681144], [163.69281117870514, 62.21308910604108]]]}, "properties": {"zone_id": "upload_05b712ec-Z0024", "scene": "upload_05b712ec", "pixel_count": 79, "approx_area_m2": 71100.0, "centroid_x": 432148.10126582277, "centroid_y": 6898729.3670886075, "centroid_lon": 163.69532144158688, "centroid_lat": 62.21422926217694, "mean_risk": 1.4331812858581543, "max_risk": 1.4918010234832764, "median_risk": 1.42854905128479, "high_priority_pixel_pct": 100.0, "priority_category": "HIGH PRIORITY", "threshold_type": "95th percentile prioritisation threshold", "recommendation": "Spectral-stress evidence detected. Prioritise field inspection to determine the underlying cause. Field verification required.", "priority_rank": 48}}, {"type": "Feature", "geometry": {"type": "Polygon", "coordinates": [[[163.69976573019417, 62.21234649241595], [163.6997773088668, 62.21207727268753], [163.69920067692715, 62.21207186565798], [163.6992122604963, 62.21180264597908], [163.6997888873046, 62.21180805294731], [163.69980046550754, 62.211538833195355], [163.7003770874194, 62.21154423770558], [163.70035394104133, 62.21208267732035], [163.7009305734506, 62.21208807955642], [163.7009190050409, 62.21235729940739], [163.69976573019417, 62.21234649241595]]]}, "properties": {"zone_id": "upload_05b712ec-Z0025", "scene": "upload_05b712ec", "pixel_count": 151, "approx_area_m2": 135900.0, "centroid_x": 432638.54304635763, "centroid_y": 6898734.238410596, "centroid_lon": 163.70474706929514, "centroid_lat": 62.2143613365296, "mean_risk": 1.4409315586090088, "max_risk": 1.506561040878296, "median_risk": 1.4357454776763916, "high_priority_pixel_pct": 100.0, "priority_category": "HIGH PRIORITY", "threshold_type": "95th percentile prioritisation threshold", "recommendation": "Spectral-stress evidence detected. Prioritise field inspection to determine the underlying cause. Field verification required.", "priority_rank": 38}}, {"type": "Feature", "geometry": {"type": "Polygon", "coordinates": [[[163.6973581317834, 62.201281427055356], [163.6973697264687, 62.201012207151045], [163.69794614716855, 62.20101762124996], [163.69793455761044, 62.20128684121564], [163.6973581317834, 62.201281427055356]]]}, "properties": {"zone_id": "upload_05b712ec-Z0026", "scene": "upload_05b712ec", "pixel_count": 11, "approx_area_m2": 9900.0, "centroid_x": 432300.0, "centroid_y": 6897335.454545454, "centroid_lon": 163.6987797176669, "centroid_lat": 62.201747737125615, "mean_risk": 1.4228256940841675, "max_risk": 1.4436482191085815, "median_risk": 1.417668342590332, "high_priority_pixel_pct": 100.0, "priority_category": "HIGH PRIORITY", "threshold_type": "95th percentile prioritisation threshold", "recommendation": "Spectral-stress evidence detected. Prioritise field inspection to determine the underlying cause. Field verification required.", "priority_rank": 59}}, {"type": "Feature", "geometry": {"type": "Polygon", "coordinates": [[[163.69161717813782, 62.20068871510253], [163.6916288236222, 62.20041949579001], [163.69105241576796, 62.20041405546277], [163.69106406614304, 62.200144836200096], [163.6916404688705, 62.20015027646566], [163.69165211388267, 62.199881057129545], [163.69222851171958, 62.199886494937935], [163.69225179078256, 62.19934805610708], [163.6905226287395, 62.19933173586544], [163.69055759170053, 62.19852407808579], [163.68940484894398, 62.19851318631798], [163.68939318460764, 62.19878240546618], [163.68824043254475, 62.19877150399341], [163.68825210713334, 62.1985022849688], [163.68882847792037, 62.19850773684106], [163.68884014714627, 62.19823851774286], [163.69056924554832, 62.198254858802336], [163.69058089915984, 62.197985639507074], [163.69115726064058, 62.197991081674566], [163.69113396343326, 62.19852952037667], [163.69286308004814, 62.19854583287716], [163.69285144646875, 62.198815052395474], [163.69342782427174, 62.19882048516652], [163.69338130810124, 62.19989736336828], [163.69280490979247, 62.19989193035086], [163.69278164003896, 62.20043036925785], [163.6922052317126, 62.200424933721706], [163.69219359135508, 62.20069415309588], [163.69161717813782, 62.20068871510253]]]}, "properties": {"zone_id": "upload_05b712ec-Z0027", "scene": "upload_05b712ec", "pixel_count": 31, "approx_area_m2": 27900.0, "centroid_x": 431918.70967741933, "centroid_y": 6897056.129032258, "centroid_lon": 163.691561873114, "centroid_lat": 62.199172130298756, "mean_risk": 1.4369734525680542, "max_risk": 1.5051097869873047, "median_risk": 1.430479884147644, "high_priority_pixel_pct": 100.0, "priority_category": "HIGH PRIORITY", "threshold_type": "95th percentile prioritisation threshold", "recommendation": "Spectral-stress evidence detected. Prioritise field inspection to determine the underlying cause. Field verification required.", "priority_rank": 41}}, {"type": "Feature", "geometry": {"type": "Polygon", "coordinates": [[[163.69507566097963, 62.20072130712899], [163.69508727570255, 62.20045208744695], [163.69451086643315, 62.20044666149302], [163.6945224860474, 62.20017744186071], [163.69509889018997, 62.20018286775313], [163.69512211845836, 62.199644428330124], [163.69569851258302, 62.19964985170406], [163.6957101212375, 62.19938063191341], [163.69455734347662, 62.19936978289307], [163.69456896214857, 62.19910056321364], [163.69399257874784, 62.19909513517185], [163.6940274487289, 62.19828747624747], [163.694603816751, 62.19829290410466], [163.6946154344807, 62.1980236843781], [163.69519179761238, 62.19802910977845], [163.69521502211353, 62.197490670167], [163.69348596418024, 62.197474387149214], [163.6934510809424, 62.198282045994944], [163.69287471339166, 62.19827661334708], [163.69289797937117, 62.19773817425157], [163.69001619641645, 62.197710975699], [163.69002785468118, 62.19744175644189], [163.68945150392463, 62.19743630960733], [163.68947482999621, 62.196897871181235], [163.6883221496948, 62.196886970573516], [163.68834549532204, 62.196348532347415], [163.68719283646865, 62.196337622406325], [163.68721620164985, 62.1957991843804], [163.69009779930641, 62.1958264406517], [163.6900861424597, 62.19609565997954], [163.69066246782546, 62.19610110411029], [163.69065081586763, 62.196370323488054], [163.69122714659485, 62.19637576528539], [163.6912038522213, 62.196914204128916], [163.69235653488556, 62.196925080784744], [163.69237980875755, 62.19638664169462], [163.69353247186388, 62.196397508523305], [163.69355572429143, 62.19585906913964], [163.69413204594778, 62.19586449883816], [163.69417852747515, 62.19478761968327], [163.69475482886747, 62.19479304674063], [163.6947199834499, 62.195600706309015], [163.69529630045224, 62.19560613115585], [163.6952730792467, 62.196144570932226], [163.69584940673468, 62.19614999350694], [163.69581458853713, 62.19695765326755], [163.69639093163656, 62.19696307363147], [163.69636772857967, 62.1975015135359], [163.69694408216557, 62.197506931627466], [163.6969092911939, 62.198314591580036], [163.6974856603927, 62.198320007460524], [163.69745088268354, 62.19912766749131], [163.69802726749612, 62.19913308116059], [163.69801567958274, 62.19940230120867], [163.69743928964374, 62.19939688747804], [163.69742769636892, 62.19966610745297], [163.69685130153843, 62.19966069126547], [163.69683970290188, 62.19992991116725], [163.69741610285902, 62.19993532741614], [163.697392915134, 62.20047376730715], [163.6962400949477, 62.20046293216818], [163.69622849047866, 62.20073215197317], [163.69507566097963, 62.20072130712899]], [[163.6923448975957, 62.19719430031217], [163.6929212444073, 62.19719973510891], [163.69293287657163, 62.196930515519874], [163.69235653488556, 62.196925080784744], [163.6923448975957, 62.19719430031217]], [[163.69466190304428, 62.19694680535409], [163.695238245673, 62.196952230508415], [163.6952730792467, 62.196144570932226], [163.69412042497703, 62.19613371859744], [163.69409718232868, 62.19667215808064], [163.6946735195964, 62.196677585568644], [163.69466190304428, 62.19694680535409]]]}, "properties": {"zone_id": "upload_05b712ec-Z0028", "scene": "upload_05b712ec", "pixel_count": 122, "approx_area_m2": 109800.0, "centroid_x": 432027.54098360654, "centroid_y": 6896891.31147541, "centroid_lon": 163.69371670234898, "centroid_lat": 62.19771277626341, "mean_risk": 1.4458632469177246, "max_risk": 1.5364089012145996, "median_risk": 1.4381046295166016, "high_priority_pixel_pct": 100.0, "priority_category": "HIGH PRIORITY", "threshold_type": "95th percentile prioritisation threshold", "recommendation": "Spectral-stress evidence detected. Prioritise field inspection to determine the underlying cause. Field verification required.", "priority_rank": 35}}, {"type": "Feature", "geometry": {"type": "Polygon", "coordinates": [[[163.67667895581954, 62.17307522514425], [163.67670248496088, 62.172536787571026], [163.67555073778652, 62.17252578322538], [163.67556251223155, 62.17225656454571], [163.67498664411798, 62.172251058846214], [163.675010202524, 62.171712621576184], [163.67558606040603, 62.17171812715092], [163.67559783413554, 62.17144890843579], [163.6761736871405, 62.17145441155557], [163.6761619185266, 62.171723630333055], [163.67673777688555, 62.17172913112256], [163.67671424917407, 62.17226756876668], [163.67729011800284, 62.17227306728817], [163.6772548399964, 62.17308072385262], [163.67667895581954, 62.17307522514425]]]}, "properties": {"zone_id": "upload_05b712ec-Z0029", "scene": "upload_05b712ec", "pixel_count": 12, "approx_area_m2": 10800.0, "centroid_x": 431057.5, "centroid_y": 6894067.5, "centroid_lon": 163.67618931181215, "centroid_lat": 62.17219522166478, "mean_risk": 1.4296293258666992, "max_risk": 1.4507638216018677, "median_risk": 1.425697922706604, "high_priority_pixel_pct": 100.0, "priority_category": "HIGH PRIORITY", "threshold_type": "95th percentile prioritisation threshold", "recommendation": "Spectral-stress evidence detected. Prioritise field inspection to determine the underlying cause. Field verification required.", "priority_rank": 53}}, {"type": "Feature", "geometry": {"type": "Polygon", "coordinates": [[[163.67164952985618, 62.169525791328184], [163.6716613374811, 62.16925657295564], [163.67223714789375, 62.16926209232323], [163.67227255399007, 62.16845443694691], [163.67112096409102, 62.16844339619461], [163.67113277587362, 62.16817417783727], [163.67055698639717, 62.16816865393528], [163.67059243565188, 62.167360998979994], [163.67001666175707, 62.167355472873574], [163.67002848281052, 62.16708625459407], [163.669452714269, 62.1670807261581], [163.6694645401968, 62.16681150792938], [163.66888877700853, 62.16680597716395], [163.66890060781046, 62.16653675898608], [163.6677490923802, 62.166525690404264], [163.66778461402896, 62.16571803617572], [163.66605738870325, 62.1657014159273], [163.6660929542118, 62.164893762157014], [163.66666868040778, 62.16489930444348], [163.6667160772737, 62.163822432332864], [163.66729178325863, 62.16382797197641], [163.66736284068554, 62.162212663078826], [163.66678716537396, 62.162207123811754], [163.6667990125509, 62.161937905683445], [163.6662233425911, 62.161932364087505], [163.66624704644872, 62.16139392792094], [163.66682270618512, 62.16139946939135], [163.6668700905749, 62.16032259666501], [163.66802136987604, 62.16033367192936], [163.6679858626117, 62.1611413268682], [163.6685615179559, 62.16114686110125], [163.66853785547116, 62.16168529779332], [163.66911352127823, 62.16169082976015], [163.66907804108982, 62.162498484897434], [163.66965372247205, 62.16250401466058], [163.66963007803992, 62.16304245148487], [163.67020576988585, 62.16304797898154], [163.6701703167792, 62.16385563431705], [163.67074602420175, 62.163861159609766], [163.6707105842793, 62.16466881502654], [163.6712863072793, 62.16467433811512], [163.67126268969406, 62.16521277512559], [163.67183842315924, 62.165218295947355], [163.67180301032744, 62.166025951561934], [163.67237875937153, 62.16603147017929], [163.67235515984865, 62.16656990732157], [163.67293091935875, 62.166575423671866], [163.6728955336234, 62.16738307948403], [163.6734713087138, 62.16738859362962], [163.67343593617062, 62.16819624952272], [163.6740117268422, 62.16820176146345], [163.6739881541814, 62.168740198791305], [163.67456395532045, 62.1687457084646], [163.67454039193387, 62.16928414586999], [163.67338876943612, 62.16927312388135], [163.67337697715536, 62.16954234244141], [163.67164952985618, 62.169525791328184]], [[163.6683485210875, 62.16599278962527], [163.6695000165431, 62.16600385317226], [163.66951184151287, 62.16573463489623], [163.66836035628396, 62.16572357147456], [163.6683485210875, 62.16599278962527]], [[163.667903003939, 62.16302585464446], [163.66905438643337, 62.16303692159645], [163.66906621388137, 62.16276770325288], [163.66791484161138, 62.16275663642625], [163.667903003939, 62.16302585464446]]]}, "properties": {"zone_id": "upload_05b712ec-Z0030", "scene": "upload_05b712ec", "pixel_count": 177, "approx_area_m2": 159300.0, "centroid_x": 430706.27118644066, "centroid_y": 6893299.830508474, "centroid_lon": 163.66974989345914, "centroid_lat": 62.16524162420608, "mean_risk": 1.46015202999115, "max_risk": 1.5582255125045776, "median_risk": 1.4536058902740479, "high_priority_pixel_pct": 100.0, "priority_category": "HIGH PRIORITY", "threshold_type": "95th percentile prioritisation threshold", "recommendation": "Spectral-stress evidence detected. Prioritise field inspection to determine the underlying cause. Field verification required.", "priority_rank": 19}}, {"type": "Feature", "geometry": {"type": "Polygon", "coordinates": [[[163.61042620911468, 62.147917081915296], [163.6104508898025, 62.14737865711824], [163.61160165066977, 62.14739019985612], [163.61163863919472, 62.146582562178786], [163.61221400468594, 62.146588329766814], [163.61218935613, 62.147126755027585], [163.61276473208176, 62.14713252035622], [163.61275241253534, 62.147401733033945], [163.6133277938422, 62.14740749603785], [163.613303164213, 62.14794592148797], [163.61042620911468, 62.147917081915296]]]}, "properties": {"zone_id": "upload_05b712ec-Z0031", "scene": "upload_05b712ec", "pixel_count": 14, "approx_area_m2": 12600.0, "centroid_x": 427652.14285714284, "centroid_y": 6891385.714285715, "centroid_lon": 163.61192603716896, "centroid_lat": 62.14748964337401, "mean_risk": 1.4195101261138916, "max_risk": 1.4281055927276611, "median_risk": 1.4210569858551025, "high_priority_pixel_pct": 100.0, "priority_category": "HIGH PRIORITY", "threshold_type": "95th percentile prioritisation threshold", "recommendation": "Spectral-stress evidence detected. Prioritise field inspection to determine the underlying cause. Field verification required.", "priority_rank": 63}}, {"type": "Feature", "geometry": {"type": "Polygon", "coordinates": [[[163.60134420513626, 62.14513227978365], [163.60135662478447, 62.1448630683208], [163.6007812946822, 62.14485725571929], [163.6008061434338, 62.144318832889354], [163.60023082379215, 62.144313018029784], [163.60024325289518, 62.14404380666271], [163.59966793860954, 62.144037989479315], [163.59969280626953, 62.143499566840894], [163.59854219887026, 62.14348792556879], [163.598554642531, 62.1432187143634], [163.5979793443132, 62.1432128902089], [163.59796689554835, 62.143482101348354], [163.59624098709466, 62.143464614349526], [163.5962534511717, 62.14319540340806], [163.5956781539622, 62.14318956969532], [163.59572802816322, 62.1421127260738], [163.59400219929472, 62.142095211391485], [163.59401468252477, 62.141826000654426], [163.59171360131805, 62.141802614557314], [163.59178861786887, 62.140187351471575], [163.58718671255627, 62.14014046777081], [163.58719925525116, 62.139871257745305], [163.5860487916645, 62.13985951306079], [163.58606134431074, 62.139590303156204], [163.58376044059668, 62.13956678538311], [163.58374786754013, 62.13983599502147], [163.58202217711795, 62.13981833140551], [163.582009588499, 62.14008754083188], [163.58028388506156, 62.14006985551311], [163.5802964889884, 62.13980064628696], [163.57972126012183, 62.1397947464691], [163.57973386889614, 62.139525537297686], [163.57628253167337, 62.13949008861927], [163.57625725263912, 62.14002850614745], [163.5756820204582, 62.140022589538454], [163.57566937545474, 62.14029179821753], [163.57509413842703, 62.140285879152344], [163.57510678853313, 62.14001667054026], [163.57453155686403, 62.14001074915291], [163.57454421181674, 62.13974154059586], [163.57511943838324, 62.13974746191619], [163.5751320879774, 62.139478253280046], [163.5739816453053, 62.139466408384315], [163.57399430484818, 62.13919719987026], [163.57341908899866, 62.1391912739058], [163.57344441752025, 62.13865285697572], [163.57401962316544, 62.13865878280603], [163.57404494045807, 62.13812036569367], [163.571744160231, 62.13809664857519], [163.5717188021227, 62.138635065150595], [163.57114359750318, 62.13862912976414], [163.5711562817876, 62.13835992154965], [163.5705810825267, 62.13835398384138], [163.57059377165635, 62.13808477568208], [163.5700185777541, 62.13807883565205], [163.57003127172877, 62.13780962754792], [163.56888089489843, 62.13779774045551], [163.56886819072025, 62.13806694842507], [163.56771780471468, 62.13805505164222], [163.56773051909633, 62.137785843807336], [163.56715533158112, 62.13777989189982], [163.56718076977583, 62.13724147632867], [163.5677559470879, 62.13724742810143], [163.5677686606978, 62.13697822023041], [163.56719348848716, 62.13697226852501], [163.56720620694114, 62.13670306070933], [163.56663104008916, 62.136697106682476], [163.56664376338702, 62.13642789892215], [163.5660686018937, 62.13642194257389], [163.56608133003522, 62.136152734868915], [163.56493101802343, 62.136140815140955], [163.56494375610941, 62.135871607558876], [163.56436860559103, 62.13586564417927], [163.56438134852013, 62.135596436652605], [163.56380620336046, 62.135590470951776], [163.56383169864665, 62.135052055997384], [163.56325656394628, 62.13504608804293], [163.56326931630306, 62.134776880615206], [163.5638444459029, 62.13478284850211], [163.56385719290122, 62.134513640994776], [163.5644323176585, 62.13451960642553], [163.56444505929858, 62.13425039883862], [163.56502017921326, 62.13425636181327], [163.56503291549532, 62.13398715414682], [163.56560803056743, 62.13399311466544], [163.56562076149166, 62.13372390691945], [163.56677098220817, 62.13373582065615], [163.5667964228839, 62.1331974048584], [163.5679466242297, 62.1332093087715], [163.5679339142205, 62.13347851681113], [163.56850902037914, 62.1334844652523], [163.56849631521285, 62.13375367334722], [163.57022165053098, 62.13377150454148], [163.57023434039695, 62.133502296244735], [163.56965923346746, 62.13349635496908], [163.56967192817672, 62.13322714672755], [163.5690968266041, 62.13322120313068], [163.5691095261564, 62.13295199494439], [163.5685344299406, 62.13294604902633], [163.56855983847393, 62.13240763275217], [163.56971001076354, 62.1324195219307], [163.56969731682474, 62.13268873020834], [163.571422592484, 62.132706546264735], [163.57143527112368, 62.132437337785426], [163.57373562186098, 62.13246105882066], [163.57374827984563, 62.132191850060806], [163.57029778587597, 62.132156254580394], [163.57031047420165, 62.13188704621142], [163.57088555078928, 62.13189298469524], [163.5708982337589, 62.13162377624698], [163.5726234497627, 62.13164157716684], [163.57264878433662, 62.131103159831284], [163.5709235989284, 62.13108535931439], [163.57091091647195, 62.13135456778671], [163.57033585008298, 62.13134862943733], [163.57034853763867, 62.13107942103222], [163.56977347660555, 62.13107348036174], [163.56978616900363, 62.13080427201185], [163.57151133757552, 62.13082208665679], [163.5715240144199, 62.1305528780932], [163.5732491700028, 62.13057067104253], [163.57326183129402, 62.13030146226554], [163.57211173751358, 62.13028960282176], [163.57212440874628, 62.13002039416696], [163.5715493673393, 62.130014460929935], [163.57156204341433, 62.12974525233026], [163.57098700736248, 62.129739316772245], [163.57099968827967, 62.12947010822771], [163.57272478190868, 62.12948790753588], [163.57271211628722, 62.129757116281866], [163.5744372275179, 62.12977489429817], [163.57446252791323, 62.129236476391775], [163.57561258295243, 62.12924831619391], [163.57562522256939, 62.128979107088654], [163.5750502000203, 62.128973188448605], [163.57506284447996, 62.128703979398296], [163.57448782728497, 62.1286980584372], [163.57451312563325, 62.12815964043453], [163.57336311240368, 62.12814779161643], [163.57335045316128, 62.12841700048967], [163.57277544183245, 62.128411072431554], [163.57278810617294, 62.12814186362538], [163.57221310019835, 62.12813593324636], [163.5722004307598, 62.1284051419854], [163.57162541994342, 62.12839920915126], [163.57163809448005, 62.12813000047936], [163.57106308901814, 62.12812406532437], [163.57107576839635, 62.1278548567076], [163.57222576938062, 62.12786672449527], [163.57223843830667, 62.12759751573213], [163.57281343408536, 62.12760344597694], [163.57282609765736, 62.12733423713465], [163.57225110697644, 62.12732830695696], [163.57226377538993, 62.12705909816977], [163.5716887900629, 62.127053165671306], [163.57172680905836, 62.126245539438905], [163.57115183928002, 62.12623960475408], [163.5711645168631, 62.12597039605302], [163.57058955243843, 62.1259644590476], [163.5706022348622, 62.125695250401705], [163.57002727579118, 62.12568931107572], [163.57003996305545, 62.12542010248499], [163.57061491702947, 62.12542604174373], [163.5706402805945, 62.124887624391704], [163.5700653368142, 62.12488168526738], [163.5701160812526, 62.12380485068769], [163.57069100464662, 62.123810789543214], [163.57070368501846, 62.12354158080096], [163.57012876672076, 62.123535642012655], [163.57016682158587, 62.12272801591532], [163.56959191883297, 62.12272207494119], [163.5696299866766, 62.121914448937126], [163.57020487414218, 62.12192038970959], [163.57021755781454, 62.12165118095029], [163.56964267544456, 62.12164524024502], [163.56966805221066, 62.1211068228247], [163.5690931802881, 62.121100879866624], [163.56911856621824, 62.120562462532625], [163.5696934279504, 62.120568405356195], [163.5696807402088, 62.12083761409645], [163.57025560729272, 62.12084355460004], [163.57029365446246, 62.120035928141455], [163.56971880266377, 62.12002998783952], [163.56978223495742, 62.11868394383707], [163.56920740888847, 62.11867800148418], [163.5692200996719, 62.118408792714774], [163.56749563828816, 62.118390951535794], [163.5675083440976, 62.11812174295622], [163.56693352924432, 62.118115791189915], [163.56694623989094, 62.117846582665656], [163.56637143038876, 62.117840628579735], [163.56635871464803, 62.11810983703665], [163.56578390030887, 62.11810388049642], [163.56579662114368, 62.11783467210693], [163.5652218121558, 62.117828713247164], [163.56524726324156, 62.1172902965668], [163.56467246469887, 62.11728433545501], [163.56471065467858, 62.11647671054642], [163.56528543794033, 62.116482671455906], [163.56529816232532, 62.11621346306148], [163.56587294075086, 62.11621942151674], [163.5658856597852, 62.11595021304286], [163.565310886453, 62.11594425465501], [163.56533633393659, 62.11540583780593], [163.56476157104802, 62.115399877166226], [163.56477429949695, 62.11513066879103], [163.5641995419588, 62.11512470583209], [163.56421227524328, 62.114855497512316], [163.5647870276885, 62.11486146040379], [163.5648124832996, 62.114323043593124], [163.5642377410399, 62.114317080836585], [163.56426320580672, 62.11377866411264], [163.5671368687517, 62.11380845335555], [163.56714957528686, 62.113539244638474], [163.56772430355454, 62.113545195260144], [163.56773700474045, 62.11327598646372], [163.56658755864663, 62.113264082968506], [163.56660026976024, 62.112994874294685], [163.56774970566954, 62.11300677765522], [163.56776240634184, 62.11273756883469], [163.568911833094, 62.112749462514856], [163.56892452332545, 62.112480253547716], [163.56949923199437, 62.112486196740946], [163.56951191687727, 62.1122169876945], [163.57008662071073, 62.112222928434115], [163.57009930024532, 62.111953719308424], [163.57067399924324, 62.111959657594475], [163.5706866734297, 62.11169044838958], [163.5718360620106, 62.111702317668325], [163.57181073374872, 62.11224073633462], [163.57410955471684, 62.112264446792594], [163.57409691056984, 62.11253365637594], [163.57582104425654, 62.1125514143632], [163.57583367312745, 62.11228220457896], [163.57525896673513, 62.11227628770324], [163.5752842338947, 62.11173786823257], [163.57643362656717, 62.11174969932993], [163.57645887233838, 62.111211279543475], [163.5758841860579, 62.111205365321766], [163.5759094409913, 62.110666945620984], [163.57705879344155, 62.1106787714105], [163.57710925951568, 62.10960193132944], [163.57883322900955, 62.10961965131509], [163.57884582961762, 62.1093504410643], [163.57827117795574, 62.10934453685533], [163.57828378339994, 62.109075326659315], [163.57770913708373, 62.10906942013106], [163.57772174736382, 62.10880020998983], [163.57887103006962, 62.10881202052665], [163.57888362991355, 62.10854281023977], [163.57945826655794, 62.10854871186233], [163.5794708610566, 62.108279501496675], [163.57889622950276, 62.10827359994087], [163.5789340267422, 62.10746596897202], [163.58008325956249, 62.10747776929718], [163.58009584795263, 62.10720855881669], [163.5806704596544, 62.10721445533366], [163.58068304270006, 62.106945244774465], [163.58125764956614, 62.10695113883888], [163.58123249340062, 62.10748956007862], [163.58065787635437, 62.107483665880864], [163.58064529279994, 62.10775287641601], [163.58007067091782, 62.107746979765615], [163.58005808201867, 62.10801619022207], [163.58063270899117, 62.10802208693916], [163.58062012492798, 62.10829129745027], [163.5811947572453, 62.10829719184806], [163.58120733621803, 62.10802798127027], [163.58178196369917, 62.10803387321538], [163.58179453732726, 62.10776466255891], [163.58236915997222, 62.10777055205143], [163.58238172825585, 62.107501341316336], [163.5829563460646, 62.10750722835629], [163.58298147168944, 62.10696880671684], [163.5835560795719, 62.10697469123773], [163.58356863691344, 62.10670548033342], [163.58414323995976, 62.106711362401896], [163.58415579195756, 62.106442151419024], [163.5830065962985, 62.106430385029334], [163.58305684246952, 62.105353541510055], [163.58363141981368, 62.1053594256316], [163.58365653119714, 62.10482100366676], [163.58250739711994, 62.10480923330423], [163.58253252784468, 62.104270811557576], [163.58310708457813, 62.1042766977985], [163.58313220410918, 62.103738275870626], [163.58198311125173, 62.10372650126949], [163.58202081917617, 62.10291886868704], [163.58144628839432, 62.10291297800803], [163.58143371425174, 62.103182188814245], [163.58085917863554, 62.1031762956831], [163.58088433684352, 62.102637874191956], [163.5814588622828, 62.1026437671898], [163.5814714359171, 62.102374556359564], [163.58089691556614, 62.10236866342838], [163.58090949403453, 62.10209945265274], [163.57976046427174, 62.1020876597675], [163.5798108163066, 62.101010817078254], [163.58095980536595, 62.101022609429975], [163.58098495950642, 62.100484187746446], [163.58155944424217, 62.1004900802111], [163.58157201584368, 62.10022086928468], [163.582146495746, 62.10022675929749], [163.58215906200604, 62.09995754829242], [163.58273353707497, 62.099963435853425], [163.5827712190698, 62.099155802566315], [163.58334567913099, 62.09916168754247], [163.58335823420126, 62.09889247635618], [163.58450714491073, 62.09890423902017], [163.58454477807848, 62.098096604990104], [163.58511921855316, 62.09810248254506], [163.58513175734882, 62.09783327111119], [163.58570619299024, 62.09783914621472], [163.585718726446, 62.097569934702385], [163.58686758831564, 62.0975816776217], [163.5868550650329, 62.097850889266816], [163.5880039380879, 62.09786262277902], [163.58802896405433, 62.09732419921138], [163.58860339078822, 62.097330062257406], [163.58861589830582, 62.09706085038924], [163.58804147665828, 62.097054987409535], [163.5880665011076, 62.096516563769825], [163.5892153243107, 62.096528287079174], [163.5892028223847, 62.09679749903763], [163.5897772394514, 62.09680335718127], [163.58980223287855, 62.09626493311989], [163.589227825984, 62.09625907510875], [163.58924032740475, 62.09598986312629], [163.58981472921332, 62.09599572107119], [163.58985221670255, 62.09518808485308], [163.59100099056266, 62.09519979319127], [163.59102596061774, 62.09466136872102], [163.59045158373246, 62.09465551587666], [163.59047656294902, 62.094117091490745], [163.5910509296637, 62.09412294420275], [163.5911008647286, 62.09304609502217], [163.5905265183538, 62.093040242574894], [163.59053900657415, 62.09277103031589], [163.58996466553643, 62.09276517555032], [163.58997715858902, 62.09249596334555], [163.59055149454218, 62.09250181804491], [163.59058895693235, 62.091694181159916], [163.59001463623244, 62.09168832665916], [163.59003962006602, 62.09114990214152], [163.59061393059764, 62.091155756509885], [163.59063890325376, 62.09061733181184], [163.59006460289004, 62.09061147757588], [163.59005211160422, 62.090880689864704], [163.5889035014662, 62.090868974107494], [163.58894100506924, 62.09006133760237], [163.5895152947607, 62.090067196474365], [163.589527790373, 62.08979798421574], [163.59125064571091, 62.08981554632791], [163.59123816534935, 62.09008475878514], [163.59181245605, 62.090090608120306], [163.59182493132798, 62.08982139559696], [163.59239921719708, 62.089827242481796], [163.59242415682996, 62.08928881726687], [163.59184988112779, 62.08928297051424], [163.59183740635387, 62.08955218306161], [163.5901145655097, 62.08953462830047], [163.59012705553377, 62.089265415951594], [163.5889785063993, 62.08925370098918], [163.58900350602323, 62.088715276520325], [163.58728071471495, 62.088697686593555], [163.58729322939726, 62.08842847454], [163.58557045561355, 62.0884108633558], [163.5855829852918, 62.08814165148933], [163.58500873295293, 62.08813577639296], [163.5849836631774, 62.08867419998098], [163.58326087718297, 62.08865655998896], [163.58324832666605, 62.08892577156551], [163.58382259349384, 62.088931654013415], [163.58381004780657, 62.08920086564444], [163.58438431997106, 62.08920674577475], [163.58439686057514, 62.08893753407724], [163.5861196633387, 62.08895515996422], [163.58609461237674, 62.08949358374583], [163.58552033436916, 62.08948771070145], [163.58550780342517, 62.08975692250778], [163.58608208651617, 62.08976279561858], [163.58605703403586, 62.09030121932808], [163.5854827407777, 62.09029534608447], [163.58549527222803, 62.09002613430215], [163.58492098430668, 62.09002025874075], [163.58493352058736, 62.089751047012825], [163.5843592380028, 62.08974516913371], [163.58434669663862, 62.09001438079516], [163.58262383515512, 62.089996732653304], [163.58263639176977, 62.089727521191385], [163.5814878288827, 62.08971574397572], [163.58147526210104, 62.08998495530447], [163.58204954850117, 62.08999084517099], [163.5820369865492, 62.0902600565543], [163.58261127828672, 62.09026594410319], [163.58259872116466, 62.090535155541055], [163.58317301823956, 62.09054104077229], [163.5831604659476, 62.09081025226468], [163.58430907102573, 62.090822015707424], [163.58428398601677, 62.09136043892216], [163.5831353606028, 62.09134867521338], [163.583147913402, 62.09107946374505], [163.58199929917052, 62.09106769063212], [163.5819867362033, 62.091336901967324], [163.58141242438427, 62.09133101176783], [163.58142499243547, 62.09106180049922], [163.58085068595432, 62.09105590798203], [163.58086325883548, 62.09078669676801], [163.58028895769223, 62.090780801933214], [163.58030153540312, 62.09051159077382], [163.58087583146258, 62.09051748554198], [163.58090097595482, 62.08997906305381], [163.58032669006258, 62.08997316841894], [163.58033926701114, 62.08970395722348], [163.57976498645647, 62.08969806027111], [163.57975240442443, 62.089967271399914], [163.57802954903568, 62.08994956603782], [163.5780169514988, 62.09021877695437], [163.57916553167075, 62.090230583046775], [163.57915294404665, 62.090499794084835], [163.57972723959776, 62.09050569362144], [163.57971465680313, 62.090774904714145], [163.57856605578766, 62.09076310312326], [163.57855346257108, 62.09103231407049], [163.57740485240566, 62.09102050280906], [163.57739224876678, 62.09128971361072], [163.57681793898203, 62.09128380433676], [163.57680533000445, 62.091553015059596], [163.57795395999662, 62.09156483135677], [163.57794136093256, 62.09183404220117], [163.57851568139466, 62.09183994684003], [163.57846530293028, 62.09291679036432], [163.57903964398454, 62.09292269288581], [163.57898928178764, 62.093999536484596], [163.5795636434356, 62.09400543688849], [163.57957622928143, 62.0937362259401], [163.5801505860987, 62.093742123892724], [163.58013800533786, 62.09401133490782], [163.58186109256948, 62.0940290146583], [163.5818359607961, 62.094567437052206], [163.58241033388495, 62.09457332566638], [163.58239777270273, 62.094842536911884], [163.58124901660833, 62.09483075716568], [163.5812615879612, 62.09456154605339], [163.5806872153803, 62.094555652669946], [163.58061175293903, 62.09617091876351], [163.5800373500989, 62.09616502259541], [163.5800121837466, 62.09670344439703], [163.57943777098876, 62.096697545710704], [163.5794251823451, 62.09696675652677], [163.57827634742043, 62.09695495186608], [163.57825114902482, 62.09749337319512], [163.57710229477357, 62.09748155872776], [163.5771149042713, 62.09721234820285], [163.57654048261415, 62.097206437458645], [163.57655309694323, 62.096937226988544], [163.5771275135142, 62.09694313766591], [163.5771401225023, 62.096673927116946], [163.57771453424198, 62.096679835342655], [163.57773974128193, 62.09614141407498], [163.5783141431044, 62.09614731978227], [163.57835193649717, 62.09533968759018], [163.57777754993177, 62.095333782083245], [163.5778279578997, 62.094256939259175], [163.57725359193023, 62.09425103163476], [163.57726619837072, 62.09398182096547], [163.57669183774107, 62.093975911023286], [163.57670444901174, 62.09370670040878], [163.57613009372184, 62.093700788148894], [163.57616794125929, 62.09289315643377], [163.57674228129494, 62.0928990684931], [163.57675489154641, 62.09262985783045], [163.5761805565953, 62.092623945837964], [163.5761931716764, 62.09235473523015], [163.5750445127078, 62.092342904225696], [163.57506976244247, 62.09180448324152], [163.57449544350925, 62.09179856429653], [163.5744575532717, 62.09260619555397], [163.57388321934076, 62.09260027402379], [163.57387058366666, 62.092869484351915], [163.57444492268212, 62.09287540594905], [163.57443229183733, 62.09314461633207], [163.57500663619263, 62.0931505356117], [163.57499401017733, 62.09341974604963], [163.57441966073733, 62.093413826703085], [163.57439439777167, 62.09395224740894], [163.57382003841715, 62.09394632554395], [163.57380740146644, 62.09421553581187], [163.57323303728225, 62.09420961149532], [163.5732203949911, 62.094478821684206], [163.57379476426038, 62.094484746067735], [163.5737694890822, 62.095023166543356], [163.57319510964237, 62.09501724202583], [163.5731571797032, 62.095824872447984], [163.5720083910769, 62.09581301585672], [163.57199573708147, 62.096082225839275], [163.5714213380661, 62.09607629389946], [163.5713960191363, 62.09661471369429], [163.5702472015297, 62.09660284239187], [163.57022186123237, 62.09714126187], [163.57079628007983, 62.09714719884789], [163.5707836146333, 62.097416408636], [163.57135803882292, 62.09742234329614], [163.57134537820676, 62.09769155313934], [163.57019651991087, 62.09767968129993], [163.57017117756513, 62.0982181006817], [163.57074561675802, 62.098224037928155], [163.57073295028766, 62.0984932476681], [163.57015850600814, 62.09848731035449], [163.57014583419507, 62.09875652001524], [163.56957138508494, 62.09875058024948], [163.5695460305168, 62.09928899940051], [163.56897157148913, 62.0992830571153], [163.56895888873373, 62.09955226660554], [163.56723549792787, 62.099534425237685], [163.56722279965487, 62.099803634514096], [163.56549939589738, 62.09978577147833], [163.56548668210618, 62.10005498054065], [163.5660611548557, 62.100060937338405], [163.56603573667712, 62.100599355561656], [163.5666102198582, 62.100605310108946], [163.5665975154711, 62.10087451926982], [163.56544853919087, 62.100862607655344], [163.56543582437183, 62.101131816669444], [163.56198887117623, 62.10109602417578], [163.56197612557423, 62.101365232773034], [163.56369961627723, 62.10138313995601], [163.56368688568088, 62.10165234874372], [163.56541039396285, 62.101670234661505], [163.56539767837288, 62.10193944363945], [163.56597218673554, 62.101945400908804], [163.5659848972376, 62.101676191863504], [163.56770840860284, 62.10169404915757], [163.5677211035846, 62.101424839898236], [163.56829560279849, 62.10143078749169], [163.56830829243594, 62.101161578153025], [163.5688827868186, 62.10116752329394], [163.56889547111194, 62.10089831387602], [163.5700444504709, 62.10091019686767], [163.57005712433283, 62.10064098730329], [163.57063160930903, 62.1006469251541], [163.57066961409612, 62.0998392961872], [163.5723930247743, 62.099857094824394], [163.5724056772632, 62.099587884943375], [163.57355460881968, 62.099599738641736], [163.57357989268226, 62.099061318575444], [163.57415434866977, 62.099067241712966], [163.57411643775387, 62.099874871995304], [163.57354196650513, 62.09986894865682], [163.5735293239351, 62.100138158659846], [163.57238037202973, 62.10012630469337], [163.57236771902944, 62.10039551455031], [163.57179323837292, 62.10038958392222], [163.57176792143014, 62.100928003465825], [163.5711934308544, 62.10092207031836], [163.57118076691162, 62.10119128000498], [163.57060627150418, 62.101185344405124], [163.57058093267509, 62.101723763608014], [163.56885741746274, 62.10170594209371], [163.56884473240024, 62.10197515147551], [163.56827022275414, 62.10196920613286], [163.56824484168382, 62.10250762472582], [163.56767032211806, 62.10250167686329], [163.56765762610993, 62.10277088607441], [163.5670831017125, 62.102764935759176], [163.56707040035943, 62.10303414489098], [163.5664958711304, 62.103028192123], [163.56648316443219, 62.103297401175396], [163.56475956302123, 62.10327952835662], [163.56473411832295, 62.10381794602096], [163.56358503164694, 62.10380601861129], [163.56357229873467, 62.10407522729048], [163.56299775069397, 62.10406925993988], [163.56301048869494, 62.10380005132818], [163.56013777779887, 62.10377017912993], [163.56012501435455, 62.10403938740376], [163.55955046786022, 62.104033405739926], [163.55953769906918, 62.104302613934], [163.55896314774418, 62.10429662981697], [163.5589503736062, 62.104565837931304], [163.55780126155324, 62.104553862405105], [163.5577884769792, 62.104823070371914], [163.55721391625133, 62.10481707896268], [163.55718833614986, 62.10535549472455], [163.55661376550236, 62.10534950079412], [163.5566009699746, 62.10561870858917], [163.55545181927724, 62.10560671343566], [163.55547743043076, 62.10506829810486], [163.5566265607715, 62.10508029298701], [163.55665215053386, 62.104541877336594], [163.5572267059143, 62.10454787106363], [163.55725228446468, 62.104009455229324], [163.5566777392618, 62.10400346163786], [163.55670332695533, 62.10346504589084], [163.5572778619811, 62.10347103934671], [163.55730343846358, 62.102932623415825], [163.55787796357114, 62.10293861435072], [163.5578907463365, 62.1026694062994], [163.55846526661418, 62.10267539478113], [163.55849082119371, 62.10213697850686], [163.55906533155354, 62.10214296446782], [163.559078103368, 62.10187375624483], [163.5602271146861, 62.101885720875394], [163.56026539805453, 62.10107809572815], [163.5596909075296, 62.10107211480847], [163.5596781415771, 62.10134132313529], [163.5591036462226, 62.10133533976272], [163.55909087492435, 62.10160454800981], [163.55851637474026, 62.10159856218427], [163.55850359809608, 62.101867770351596], [163.55735458832706, 62.101855791409164], [163.55732901391224, 62.10239420743663], [163.5556054706696, 62.10237622072635], [163.55563107561204, 62.101837805105745], [163.5562055795918, 62.10184380292551], [163.5562183765871, 62.101574595029255], [163.55679287573767, 62.10158059039594], [163.5568056673867, 62.101311382419794], [163.55738016170815, 62.1013173753334], [163.55739294801106, 62.101048167277405], [163.55796743750335, 62.101054157738034], [163.55798021846036, 62.10078494960221], [163.55855470312343, 62.10079093760986], [163.55856747873477, 62.100521729394266], [163.55914195856866, 62.100527714949024], [163.55916749884224, 62.09998929834621], [163.55974196875974, 62.09999528138045], [163.5597547334223, 62.0997260729933], [163.56090366385686, 62.09973803177116], [163.5609291720603, 62.09919961469011], [163.56207808317805, 62.09921156365729], [163.56209082671953, 62.09894235496355], [163.56266527757793, 62.098948325802034], [163.56267801577513, 62.098679117028674], [163.56325246180424, 62.09868508541463], [163.56326519465742, 62.098415876561745], [163.5638396358572, 62.09842184249523], [163.56385236336652, 62.098152633562805], [163.56270349139731, 62.09814069944581], [163.56269075371492, 62.09840990824329], [163.5603929925202, 62.098386011119715], [163.56044402308692, 62.09730917693847], [163.55986960377788, 62.09730319696566], [163.55988236586114, 62.097033988457824], [163.55930795189607, 62.09702800616783], [163.55932071880738, 62.09675879771555], [163.55874631018628, 62.096752813108395], [163.55875908192547, 62.09648360471173], [163.55818467864827, 62.096477617787485], [163.55817190182324, 62.096746826116444], [163.55702308587186, 62.09673484497816], [163.5570358728686, 62.09646563678468], [163.5547382644107, 62.096441646161914], [163.5547510714919, 62.09617243822766], [163.5553254681327, 62.09617843939263], [163.5553382698695, 62.09590923137846], [163.55418948701782, 62.09589722679953], [163.55420229866695, 62.095628018909025], [163.55305352702177, 62.09561600492716], [163.55306634858275, 62.095346797160424], [163.5524919682341, 62.09534078666047], [163.55251762074926, 62.094802371226656], [163.5519432508302, 62.09479635847804], [163.55195608178408, 62.094527150811004], [163.55080735289397, 62.09451511829607], [163.55079451177002, 62.09478432582704], [163.55136888117042, 62.09479034334483], [163.55135604487216, 62.09505955093176], [163.55193041961707, 62.09506556613298], [163.55191758814468, 62.09533477377584], [163.5501944494324, 62.09531672081419], [163.55020729616055, 62.095047513375484], [163.54905854848727, 62.09503546628077], [163.54907140512606, 62.09476625896619], [163.54849703676416, 62.094760231910094], [163.54853562037655, 62.093952610098285], [163.54910997348372, 62.09395863694992], [163.54912282908342, 62.09368942958699], [163.54969717736566, 62.09369545398602], [163.54971002762102, 62.09342624654286], [163.5502843710783, 62.09343226848931], [163.55031006064115, 62.09289385343056], [163.55088439418907, 62.09289987285646], [163.55089723349687, 62.09263066524087], [163.55147156221992, 62.092636682214334], [163.5514843961841, 62.09236747451862], [163.5520587200822, 62.092373489039694], [163.55208437706455, 62.09183507347605], [163.55093574986392, 62.09182304232163], [163.5509229113343, 62.092092249973454], [163.55034859303902, 62.09208623075176], [163.55033574916592, 62.09235543832344], [163.5491871031858, 62.09234339259092], [163.5491356844234, 62.09342022221196], [163.54741265638933, 62.0934021349126], [163.54739978579562, 62.09367134208313], [163.546825438553, 62.09366530814623], [163.5468511896494, 62.0931268939296], [163.54627685283594, 62.09312085774477], [163.5462897330783, 62.09285165068656], [163.54399240876546, 62.092827482376514], [163.54400530908453, 62.0925582755795], [163.54457963468778, 62.0925643211652], [163.54459252966205, 62.092295114287694], [163.5451668504417, 62.09230115742072], [163.54520551854958, 62.091493536510676], [163.54463121302166, 62.091487493582626], [163.54461831882898, 62.09175670049643], [163.54289538855738, 62.091738557201765], [163.54292120718478, 62.09120014377236], [163.5434955068471, 62.091206193784686], [163.543508410686, 62.09093698698342], [163.54408270552545, 62.09094303454317], [163.54410850225423, 62.0904046207676], [163.54468278718736, 62.09041066580645], [163.54469568007755, 62.09014145883215], [163.54526996018785, 62.09014750141857], [163.54528284773437, 62.08987829436384], [163.54585712302182, 62.089884334497846], [163.54587000522488, 62.08961512736274], [163.54644427568948, 62.08962116504442], [163.54645715254924, 62.08935195782894], [163.54703141819098, 62.089357993058314], [163.54705716096433, 62.08881957845458], [163.54763141670034, 62.08882561116352], [163.54765714826823, 62.08828719637499], [163.54823139409882, 62.08829322656361], [163.54824425441035, 62.088024019083015], [163.54881849541823, 62.08803004681955], [163.54883135038756, 62.08776083925872], [163.5482571144621, 62.08775481159034], [163.54828283378623, 62.0872163965687], [163.54770860828512, 62.0872103666528], [163.54769574367074, 62.087479574101515], [163.54654728328387, 62.08746750698186], [163.5465730325814, 62.08692909234523], [163.54714725248053, 62.08693512696051], [163.54716012165716, 62.08666591955583], [163.54658590684005, 62.08665988500877], [163.5465987808386, 62.08639067766022], [163.54545036214844, 62.08637860155136], [163.5454632460505, 62.086109394327245], [163.54776006414392, 62.08613353673708], [163.54773433673427, 62.08667195171914], [163.54888276766795, 62.08668400889446], [163.5488570595471, 62.08722242410076], [163.55000551184776, 62.087234472013456], [163.5499926675623, 62.08750367973469], [163.55056689918416, 62.087509700183354], [163.55055405972155, 62.087778907960576], [163.55112829668514, 62.08778492609344], [163.55114113106535, 62.08751571824819], [163.55171536320586, 62.087521733929165], [163.55172819224455, 62.0872525260038], [163.55057973838734, 62.08724049239406], [163.5505925773312, 62.08697128459267], [163.55001835587376, 62.086965264280124], [163.55005688639497, 62.086157641007645], [163.55063109260658, 62.086163661116], [163.55061825444082, 62.08643286895365], [163.5511924659936, 62.08643888674631], [163.55117963265042, 62.086708094639924], [163.5529022841098, 62.08672613391939], [163.55291510220707, 62.08645692582185], [163.55348931479625, 62.08646293407952], [163.55350212755272, 62.08619372590196], [163.55465054334366, 62.086205735130264], [163.55468894957005, 62.08539811011775], [163.55411475679028, 62.085392106899086], [163.55414036981108, 62.084853690299404], [163.55356618745284, 62.08484768483287], [163.55359180960133, 62.084309268320645], [163.5553143269646, 62.08432727716227], [163.55532712240748, 62.084058068684456], [163.55590129029787, 62.084064066796756], [163.55592687024637, 62.083525649669234], [163.5565010282333, 62.08353164526246], [163.55656494818075, 62.08218560189341], [163.5559908155968, 62.08217960663907], [163.5559524491615, 62.082987232493416], [163.55480415428576, 62.08297523442786], [163.554791354796, 62.08324444288617], [163.55364305079306, 62.083232435151224], [163.55361743071472, 62.083770851760114], [163.55246910742355, 62.08375883421973], [163.55249474782508, 62.083220417882565], [163.5507722953155, 62.08320237410385], [163.55078513036972, 62.08293316612112], [163.55021098513217, 62.082927146829434], [163.55023666462375, 62.082388730963785], [163.5508107997004, 62.0823947501194], [163.5508236339769, 62.08212554210039], [163.55139776423246, 62.08213155880464], [163.55138493503628, 62.08240076689167], [163.55195907063128, 62.082406781280575], [163.5519975422018, 62.081599156779305], [163.55314578368746, 62.0816111779994], [163.55313297024986, 62.081880386314495], [163.55370709646107, 62.08188639341755], [163.5537199048185, 62.08161718503457], [163.55486814785664, 62.08162919195506], [163.5548809457953, 62.08135998342427], [163.5560291797073, 62.08137198067604], [163.55605475448957, 62.08083356330695], [163.5566288616732, 62.080839558222436], [163.55664164359717, 62.080570349452], [163.55491933806042, 62.08055235775937], [163.55493213496518, 62.08028314918023], [163.554358038716, 62.080277147250875], [163.55434523673162, 62.080546355762166], [163.5537711356614, 62.080540351381785], [163.5537583283387, 62.080809559813105], [163.5531842224474, 62.08080355298167], [163.5531714097862, 62.08107276133301], [163.55259729907388, 62.08106675205043], [163.55262293429703, 62.08052833547154], [163.55319703484983, 62.08053434461824], [163.55322265887835, 62.07999592785515], [163.5537967495308, 62.08000193448289], [163.55380955607748, 62.07973272601531], [163.55438364190914, 62.07973873019206], [163.55442204475978, 62.078931104513245], [163.55499611561228, 62.07893710610338], [163.55500891096642, 62.07866789745176], [163.55558297699832, 62.07867389659109], [163.5555701867232, 62.07894310531052], [163.55614425809247, 62.07894910213466], [163.5561698282264, 62.07841068454812], [163.55674388969587, 62.07841667885373], [163.5567566692967, 62.078147469974596], [163.55733072594543, 62.07815346182952], [163.5573562742154, 62.077615043899556], [163.55678222772409, 62.077609052180094], [163.5568205634296, 62.07680142539774], [163.55796862619962, 62.07681340604752], [163.5579941617336, 62.076274987861396], [163.55856818334908, 62.076280974476745], [163.55858094565127, 62.0760117652979], [163.55972897949914, 62.07602373124509], [163.55974173138773, 62.07575452191892], [163.56088975610976, 62.07576647820008], [163.5609024975851, 62.07549726872671], [163.56147650525426, 62.07550324322569], [163.56148924139453, 62.07523403367273], [163.56034123646904, 62.075222082427146], [163.56035398250745, 62.07495287299718], [163.55920598876685, 62.07494091235622], [163.55919323257314, 62.07521012165097], [163.55861923101156, 62.07520413768892], [163.5586064694825, 62.075473346904], [163.5580324631009, 62.07546736049164], [163.55801969623627, 62.075736569626976], [163.5562976634052, 62.07571859589077], [163.556284881049, 62.075987804810865], [163.55571086554352, 62.075981808732315], [163.5556725016918, 62.07678943521679], [163.55509847121021, 62.07678343655213], [163.55508567766478, 62.077052645288326], [163.55336357253577, 62.077034634794], [163.55338918983767, 62.07649621771668], [163.55281516546836, 62.07649020958879], [163.55282797880938, 62.076221001099924], [163.554550037459, 62.076239018131716], [163.55460122730176, 62.075162183240785], [163.55402722780462, 62.07515618021766], [163.5540528313305, 62.074617762835395], [163.55462682067258, 62.074623765722805], [163.55461402411638, 62.07489297448783], [163.55518801879433, 62.0748989750605], [163.55517522705728, 62.07516818388126], [163.5563232273432, 62.07518017801436], [163.55631044550327, 62.07544938695861], [163.55688445111116, 62.07545538051895], [163.55689722787338, 62.07518617150695], [163.55747122866157, 62.075192162616915], [163.55749677125687, 62.07465374442125], [163.55807076214782, 62.07465973301319], [163.5580835279812, 62.07439052382957], [163.55865751405253, 62.07439650997128], [163.55867027455085, 62.0741273007079], [163.5592442558025, 62.07413328439941], [163.5592570109659, 62.07386407505636], [163.56097894103414, 62.07388201163295], [163.56099168070853, 62.07361280207507], [163.5615656528354, 62.07361877610137], [163.56157838717553, 62.07334956646392], [163.56272632204656, 62.073361507234125], [163.56273904597558, 62.07309229744963], [163.56388697172036, 62.07310422855511], [163.56389968523874, 62.07283501862371], [163.56447364341938, 62.072840980535396], [163.56448635160422, 62.072571770524554], [163.56276449306287, 62.072553877844456], [163.5627517696477, 62.07282308765307], [163.56160385508431, 62.07281114715277], [163.56159112125852, 62.07308035681438], [163.56044319756992, 62.073068406649384], [163.56048142873652, 62.07226077803357], [163.55933353653768, 62.07224881874437], [163.55938454843508, 62.07117198096155], [163.55995847410034, 62.07117796152696], [163.55997122135483, 62.070908751983474], [163.5616929846661, 62.07092667918363], [163.56173117920213, 62.07011904987295], [163.56287899223955, 62.07013098902381], [163.56286627113627, 62.07040019894106], [163.56401409535277, 62.07041212869817], [163.56400138414458, 62.07068133873815], [163.56514921953956, 62.070693259101276], [163.5651746213957, 62.0701548387398], [163.56460071372175, 62.07014887988402], [163.5646134193409, 62.06987966975255], [163.56403951699923, 62.069873708582], [163.56406493761918, 62.069335288417584], [163.5652127222566, 62.069347208107146], [163.5652254220307, 62.06907799787212], [163.56465153465922, 62.06907203928571], [163.5646769435889, 62.06853361891418], [163.56582469828703, 62.06854553343564], [163.56581200410096, 62.068814743762104], [163.56695976997483, 62.06882664889013], [163.56694708568318, 62.06909585933905], [163.56637319754282, 62.06908990789881], [163.5663605079196, 62.06935911826843], [163.56693440113548, 62.06936506977594], [163.5669217163317, 62.06963428020076], [163.56749561487925, 62.06964022939344], [163.56748293489503, 62.06990943987343], [163.56920464730055, 62.06992727336038], [163.5691793170192, 62.07046569468728], [163.5680314881895, 62.07045380780943], [163.5680188125132, 62.07072301832047], [163.5662970559604, 62.07070516993559], [163.56625898171, 62.071512800791155], [163.56798078394866, 62.07153064978122], [163.56796810724856, 62.07179986024402], [163.5673941678365, 62.07179391289575], [163.5673814858039, 62.07206312327928], [163.5668075415714, 62.072057173481454], [163.56678216658466, 62.07259559407786], [163.56563425858167, 62.07258368706599], [163.56560886226268, 62.073122107345], [163.56503489849203, 62.07311615013082], [163.5650094909933, 62.07365457022693], [163.5655834649181, 62.07366052757577], [163.56555806654777, 62.074198947758276], [163.56613205088348, 62.074204902859236], [163.56614474511957, 62.073935692706726], [163.5667187246343, 62.07394164535784], [163.5666933460606, 62.07448006578542], [163.56554536697794, 62.07446815783147], [163.56550726672972, 62.07527578797863], [163.56608127137577, 62.07528174334883], [163.5660685758579, 62.075550953441066], [163.56549456613408, 62.07554499800355], [163.56548186528192, 62.075814208016425], [163.5649078507366, 62.075808250128865], [163.56489514454998, 62.07607746006233], [163.56374710607318, 62.076065537004325], [163.5637343894737, 62.07633474679097], [163.56717853845115, 62.07637048777602], [163.56716585206425, 62.07663969795457], [163.56946197682092, 62.076663477891195], [163.56944931049134, 62.076932688326494], [163.57002334739863, 62.07693862742075], [163.57001068589173, 62.07720783791112], [163.5723068563909, 62.07723157072794], [163.57229421494276, 62.07750078147454], [163.57286826328468, 62.07750670878856], [163.57285562666002, 62.07777591959011], [163.57342968033586, 62.07778184458819], [163.57341704853482, 62.07805105544466], [163.57456516680946, 62.07806289842589], [163.57455254491123, 62.07833210940419], [163.57512660950994, 62.07833802738725], [163.57511399243586, 62.07860723842039], [163.5756880623685, 62.078613154087336], [163.57566283761432, 62.07915157625128], [163.57681099856057, 62.07916340070338], [163.57678579310533, 62.07970182308648], [163.57563761184124, 62.079689998367044], [163.5756249985726, 62.07995920940688], [163.57505090324304, 62.079953293405595], [163.57503828463996, 62.080222504366525], [163.57389008458614, 62.08021066508062], [163.5738774555686, 62.080479875895655], [163.57272924637553, 62.080468026943116], [163.57267868711426, 62.081544869547066], [163.5738269369476, 62.08155671903541], [163.57385219676826, 62.08101829748962], [163.5755745429504, 62.08103605344583], [163.5755871572381, 62.080766842454146], [163.5761612680618, 62.08077275627283], [163.57617387701484, 62.08050354520227], [163.57674798301335, 62.08050945657089], [163.57676058663188, 62.08024024542146], [163.5773346878051, 62.08024615434007], [163.57734728608935, 62.07997694311179], [163.57792138243732, 62.07998284958044], [163.5779339753875, 62.07971363827336], [163.5796562507181, 62.07973134318014], [163.57960593834872, 62.08080818913677], [163.5790318259985, 62.08080228961758], [163.57900665812926, 62.08134071239033], [163.578432535873, 62.08133481035445], [163.57841994647688, 62.081604021656055], [163.5789940738134, 62.08160992375867], [163.5789689044191, 62.08214834645922], [163.57839476692178, 62.08214244422318], [163.57836958634948, 62.08268086674216], [163.57779543894523, 62.08267496198921], [163.57778284319684, 62.08294417316391], [163.57720869096627, 62.08293826596075], [163.57718348854442, 62.08347668814047], [163.57948013964017, 62.08350030318624], [163.5794927206545, 62.08323109183544], [163.58006687898305, 62.083236989571404], [163.58007945466235, 62.082967778141885], [163.58237607019208, 62.08299134498432], [163.58236351483637, 62.083260556680266], [163.58408599438962, 62.083278206985106], [163.58409853450257, 62.08300899508964], [163.58352437947897, 62.083003114104685], [163.58354946910652, 62.08246469041062], [163.58297532449785, 62.08245880717521], [163.5829878740122, 62.082189595376654], [163.5847102933563, 62.08220723773316], [163.58469775908387, 62.082476449731146], [163.58642019594848, 62.08249407083619], [163.5864452337566, 62.081955646429776], [163.58816764241334, 62.08197324568592], [163.58824265832558, 62.08035797098462], [163.58766855233526, 62.08035210734701], [163.58768105918338, 62.08008289492103], [163.58882926125676, 62.080094619680445], [163.58884175769273, 62.07982540710992], [163.58826766160954, 62.079819545988066], [163.5882801628728, 62.079550333471765], [163.5865578913775, 62.07953273600608], [163.58659543936736, 62.078725098981906], [163.58831766514763, 62.07874269585082], [163.588330165401, 62.07847348328648], [163.5871820247866, 62.07846175455618], [163.58719453494578, 62.07819254211241], [163.58662047009668, 62.07818667423903], [163.5866329850822, 62.077917461849566], [163.5872070448523, 62.077923329656606], [163.58721955450616, 62.077654117188814], [163.586645499815, 62.07764824944809], [163.58668304249696, 62.07684061217153], [163.58725708195198, 62.07684647971328], [163.587244573056, 62.07711569221714], [163.58781861784226, 62.07712155744232], [163.5878061137724, 62.077390770000434], [163.5883801638899, 62.07739663290897], [163.58840516161976, 62.07685820764814], [163.58955324229723, 62.07686992605149], [163.58954075371577, 62.07713913882039], [163.5912628918592, 62.07715669875223], [163.59127536520467, 62.07688748578486], [163.5907013239835, 62.07688163492328], [163.59071380215562, 62.07661242201007], [163.58956573062645, 62.07660071327063], [163.5895782187035, 62.0763315004777], [163.58900418839562, 62.0763256425999], [163.58901668129877, 62.076056429861225], [163.58959070652836, 62.07606228767279], [163.58960319410102, 62.07579307485588], [163.59017721450454, 62.075798930218475], [163.5901896967469, 62.075529717323356], [163.59133772815375, 62.07554142076793], [163.59132525606768, 62.07581063379533], [163.5918992772271, 62.07581648200959], [163.591874342456, 62.07635490816059], [163.59244837402383, 62.076360754124195], [163.59243591133907, 62.07662996724778], [163.59186187469277, 62.07662412121807], [163.59184940667777, 62.07689333426354], [163.59242344840263, 62.07689918035933], [163.5924109852145, 62.077168393458905], [163.59298503226978, 62.07717423723784], [163.59297257390872, 62.077443450391435], [163.59239852177467, 62.07743760654643], [163.59238605808312, 62.07770681962199], [163.59181200112192, 62.07770097332797], [163.59179953209966, 62.07797018632542], [163.5912254703113, 62.07796433758229], [163.5912129959581, 62.07823355050163], [163.59006486297912, 62.07822184573409], [163.59005237821566, 62.07849105850911], [163.5917745932997, 62.07850861228432], [163.59176212352196, 62.07877782524575], [163.5923362007997, 62.07878367180414], [163.59232373584953, 62.079052884819646], [163.59174965349237, 62.079047038195185], [163.5917247126776, 62.079585464058034], [163.59229880519388, 62.079591310814685], [163.59228633948842, 62.0798605237942], [163.59286043733616, 62.07986636823375], [163.59284797645873, 62.08013558126733], [163.59227387353116, 62.0801297367617], [163.59226140732213, 62.08039894971721], [163.59340962358877, 62.08041063647733], [163.593397167288, 62.08067984955296], [163.59397128087878, 62.080685689424165], [163.59395882940655, 62.080954902553785], [163.59338471073565, 62.080949062616554], [163.59335979687611, 62.08148748870777], [163.5939339257076, 62.081493328777036], [163.59392147348086, 62.08176254187066], [163.59334733956894, 62.081756701735365], [163.59333488201014, 62.08202591475096], [163.59390902100262, 62.08203175495227], [163.59389656827284, 62.08230096802187], [163.59332242419973, 62.08229512775455], [163.59330996613767, 62.08256434074614], [163.59216166858494, 62.08255265292903], [163.5921367313823, 62.083091078611965], [163.5932850492586, 62.08310276669332], [163.59329750782396, 62.08283355372574], [163.5938716620587, 62.08283939412512], [163.59385920857432, 62.08310860715875], [163.59443336814155, 62.083114445240625], [163.59442091948665, 62.08338365832823], [163.59384675483835, 62.083377820180345], [163.59383430085086, 62.08364703318996], [163.59498264056126, 62.08365870723417], [163.59495775215683, 62.084197133481354], [163.59553193255178, 62.084202967059994], [163.595519493054, 62.08447218023156], [163.59666786476066, 62.08448384036974], [163.59664300533785, 62.0850222669405], [163.59549461330457, 62.085010606538646], [163.59548217305294, 62.085279819674206], [163.5949079723314, 62.085273985831755], [163.59489552674654, 62.08554319888936], [163.59432132119454, 62.08553736259718], [163.59430887027625, 62.0858065755768], [163.59201203025646, 62.08578320630626], [163.59203697249686, 62.08524478086343], [163.59088857432576, 62.08523308218997], [163.59090105523157, 62.08496386958282], [163.5903268616059, 62.084958016736685], [163.59033934734126, 62.08468880418368], [163.58919097100988, 62.084677091472706], [163.58917847511128, 62.084946303893304], [163.58975266823245, 62.08495216150684], [163.58974017716315, 62.08522137398163], [163.59031437561833, 62.08522722927766], [163.5902769161423, 62.086034866828584], [163.58912848899263, 62.08602315345551], [163.58914098590094, 62.08575394108297], [163.58856677778678, 62.08574808088699], [163.5885792795246, 62.08547886856869], [163.58800507674488, 62.08547300605521], [163.58799256992515, 62.08574221830723], [163.58741836231619, 62.0857363533437], [163.58739333775466, 62.08627477767907], [163.58911599183185, 62.08629236581603], [163.58909099675287, 62.086830790501054], [163.58851676831, 62.08682493004006], [163.58850426530938, 62.08709414229828], [163.58793003203664, 62.08708827938709], [163.5879175237009, 62.087357491567026], [163.58676904774856, 62.087345758460316], [163.5867565289949, 62.08761497049557], [163.5873307719273, 62.08762083830724], [163.58731825800342, 62.08789005039685], [163.58789250627134, 62.08789591589089], [163.58790501511248, 62.08762670373497], [163.5890535022409, 62.0876384274385], [163.58906600066405, 62.08736921513805], [163.58964023952439, 62.087375073347644], [163.5896527326125, 62.08710586096892], [163.59080120092514, 62.08711757010391], [163.59077623482696, 62.08765599511412], [163.58962774618388, 62.08764428571433], [163.589615252591, 62.08791349806906], [163.59076375139958, 62.087925207601224], [163.59075126771998, 62.088194420076306], [163.59189977770313, 62.088206120204774], [163.5918873039373, 62.08847533280016], [163.59303582509443, 62.08848702352472], [163.59304828869423, 62.08821781079714], [163.59649382770738, 62.088252825357465], [163.5965186931572, 62.08771439907458], [163.59537019947857, 62.08770273735433], [163.59538264199222, 62.08743352432676], [163.59480840061264, 62.087427689956606], [163.59482084795752, 62.08715847698301], [163.59424661191198, 62.08715264029491], [163.59429641910648, 62.08607578854442], [163.5948706348226, 62.08608162496857], [163.5948581884835, 62.08635083799017], [163.59543240953323, 62.08635667209646], [163.595419968025, 62.08662588517204], [163.59599419440838, 62.08663171696041], [163.59596932080282, 62.08717014320742], [163.59769203195495, 62.08718762466455], [163.5977044536357, 62.08691841134939], [163.5982786861059, 62.08692423366806], [163.5982538526586, 62.087462660418055], [163.59940233868178, 62.0874742981668], [163.59938993174737, 62.0877435116554], [163.59996418021777, 62.08774932701955], [163.59995177811558, 62.08801854056191], [163.60052603191943, 62.08802435360783], [163.60051363464967, 62.0882935672039], [163.60108789378697, 62.08829937793147], [163.60107550134987, 62.08856859158129], [163.60279829551277, 62.088586009656574], [163.6028106727005, 62.08831679580983], [163.60338493283862, 62.08832259700115], [163.6033973046933, 62.08805338307685], [163.6051200713577, 62.08807077214979], [163.60513242771364, 62.087801558016885], [163.60570667868487, 62.08780734954096], [163.6056943274119, 62.08807656373936], [163.60626858371563, 62.08808235294487], [163.6062562372762, 62.08835156719674], [163.60740476079798, 62.08836313858646], [163.60742943309535, 62.08782470980907], [163.6085779372819, 62.087836271401045], [163.608590262891, 62.08756705686366], [163.60916451027495, 62.08757283401829], [163.60917683055226, 62.08730361940363], [163.6097510731023, 62.087309394108956], [163.60973875790782, 62.08757860878889], [163.61031300578946, 62.08758438117549], [163.61030069542906, 62.087853595908726], [163.6097264424645, 62.087847823456855], [163.6097141267724, 62.0881170381129], [163.607991354123, 62.088099706257125], [163.60795435980495, 62.088907349565424], [163.60852863235536, 62.088913129430786], [163.60851630550115, 62.08918234390829], [163.60966486151577, 62.089193896617225], [163.60964022739444, 62.0897323257976], [163.6102145159422, 62.08973809870636], [163.61018989099304, 62.09027652796941], [163.61076418995714, 62.090282298624444], [163.61077649747224, 62.090013083933634], [163.61135079160118, 62.090018852139174], [163.61137539571808, 62.08948042259125], [163.61194967992816, 62.089486188282144], [163.61196197653027, 62.08921697342504], [163.6102391398964, 62.08919966939545], [163.61026376285562, 62.08866124003667], [163.61083803131825, 62.08866701030021], [163.61085033734153, 62.08839779553763], [163.61142460096954, 62.08840356335185], [163.6114369016611, 62.088134348512085], [163.6120111604545, 62.08814011387702], [163.6119865689892, 62.088678543674966], [163.61256083819737, 62.088684306786156], [163.61252396438667, 62.08949195158882], [163.61309824909353, 62.089497712511296], [163.6130736754788, 62.09003614245021], [163.61364797060133, 62.090041901118695], [163.61361112356937, 62.09084954613273], [163.61418543419197, 62.090855302612226], [163.6141486001794, 62.091662947713886], [163.61299994867662, 62.09165143197992], [163.61301223709765, 62.09138221708819], [163.61243791680306, 62.091376455709735], [163.6124133295438, 62.09191488535091], [163.61471065288708, 62.09193791707927], [163.61469837922326, 62.09220713214234], [163.61527271576392, 62.09221288417835], [163.61523590853886, 62.09302052949097], [163.61581026058187, 62.09302627933753], [163.61578573136248, 62.09356470961622], [163.61636009382346, 62.093570457208195], [163.61632331339166, 62.09437810273155], [163.61689769135646, 62.094383848133816], [163.6168731800011, 62.09492227855289], [163.61744756838476, 62.094928021700355], [163.6174108147519, 62.095735667434155], [163.61798521864077, 62.0957414083916], [163.6179484780383, 62.096549054212645], [163.61852289743322, 62.09655479297993], [163.61849841263373, 62.097093223597355], [163.61907284244893, 62.097098960109456], [163.61903612865424, 62.097906606140576], [163.61961057397696, 62.09791234046225], [163.6195861070512, 62.09845077121963], [163.62016056279506, 62.0984565032859], [163.6201238758139, 62.09926414952687], [163.62069834706665, 62.09926987940241], [163.62066167312378, 62.100077525730285], [163.62123615988628, 62.10008325341496], [163.62121171953132, 62.10062168437005], [163.62178621671646, 62.10062740979894], [163.6217495695959, 62.10143505633628], [163.6223240822922, 62.10144077957401], [163.62229965982067, 62.10197921066865], [163.6228741829405, 62.101984931650364], [163.622837562648, 62.10279257839694], [163.62341210128037, 62.10279829718721], [163.6233876966961, 62.10333672842123], [163.6239622457529, 62.10334244495525], [163.62392565229413, 62.10415009191077], [163.62450021686487, 62.104155806253075], [163.62446363645543, 62.104963453295056], [163.62503821654107, 62.10496916544549], [163.62501383854848, 62.105507596876365], [163.62558842905995, 62.105513306770185], [163.62555187549307, 62.10632095402077], [163.6261264815208, 62.10632666172242], [163.62610212142516, 62.10686509329227], [163.62667673787962, 62.10687079873707], [163.62664021116103, 62.10767844619597], [163.62721484313317, 62.10768414944832], [163.62717832947183, 62.108491796993405], [163.6277529769625, 62.108497498053175], [163.62772864347355, 62.10903592981923], [163.62830330139235, 62.10904162862177], [163.6282668145882, 62.10984927637481], [163.62884148802695, 62.10985497298447], [163.62881717244463, 62.11039340488911], [163.62939185631248, 62.11039909924131], [163.62935539637118, 62.11120674720204], [163.6299300957604, 62.11121243936108], [163.6298936488842, 62.112020087407714], [163.63046836379561, 62.11202577737345], [163.63044407483497, 62.11256420947364], [163.6310188001769, 62.11256989718156], [163.63098238017244, 62.11337754543551], [163.63155712103799, 62.113383230949815], [163.6315328499937, 62.11392166318816], [163.63210760129064, 62.11392734644442], [163.63207120816364, 62.11473499490541], [163.63264597498562, 62.114740675967795], [163.63262172186154, 62.11527910834412], [163.6331964991158, 62.115284787148205], [163.63316013287198, 62.116092435816036], [163.6337349256527, 62.11609811242596], [163.63369857248506, 62.11690576117925], [163.63427338079316, 62.116911435594844], [163.63424915431156, 62.11744986816586], [163.63482397305336, 62.11745554032281], [163.63478764677774, 62.11826318928255], [163.63536248104828, 62.1182688592449], [163.63533827249663, 62.11880729195345], [163.63591311720174, 62.11881295965691], [163.63587681782386, 62.11962060882282], [163.63645167805916, 62.11962627433139], [163.63641539176538, 62.12043392358243], [163.63699026753176, 62.120439586895955], [163.63696608563762, 62.12097801979863], [163.63754097183997, 62.1209836808529], [163.63750471245282, 62.12179133030975], [163.63807961418763, 62.12179698916871], [163.63805545023317, 62.122335422208494], [163.63863036240488, 62.12234107880795], [163.63859412993008, 62.12314872847036], [163.63916905763566, 62.1231543828742], [163.6391328382529, 62.123962032621456], [163.63970778149323, 62.123967684829545], [163.63968364421132, 62.12450611806281], [163.64025859789, 62.124511768011025], [163.64022240542843, 62.12531941796346], [163.64079737464326, 62.12532506571564], [163.6407732553107, 62.1258634990856], [163.6413482349648, 62.12586914457769], [163.64131206943014, 62.12667679473506], [163.64188706462178, 62.12668243803081], [163.64186296324243, 62.127220871537304], [163.6424379688742, 62.12722651257273], [163.64240183027226, 62.12803416293477], [163.64297685144297, 62.128039801773596], [163.64294072594413, 62.12884745222006], [163.64351576265472, 62.12885308886209], [163.64349168796886, 62.12939152256118], [163.64406673512102, 62.129397156942524], [163.6440306365637, 62.13020480759329], [163.64460569925714, 62.13021043977759], [163.64458164253423, 62.13074887361276], [163.6451567156701, 62.13075450353614], [163.64512064406009, 62.13156215439094], [163.64569573273863, 62.13156778211699], [163.64565967423965, 62.13237543305584], [163.64623477846177, 62.13238105858439], [163.64621074844737, 62.132919492611556], [163.64678586311337, 62.132925115878805], [163.64674983157053, 62.13373276702136], [163.64732496178152, 62.13373838809083], [163.6473009497398, 62.1342768222537], [163.64787609039553, 62.13428244106165], [163.64784008581464, 62.13509009240761], [163.64841524201674, 62.135095709017506], [163.64837925055483, 62.13590336044724], [163.6489544223042, 62.13590897485892], [163.64893043698606, 62.13644740921312], [163.64950561918164, 62.13645302136289], [163.6494696546905, 62.13726067299569], [163.65004485243475, 62.137266282946975], [163.65002088509905, 62.13780471743645], [163.6505960932904, 62.137810325125606], [163.6505601557758, 62.138617976961164], [163.65113537951723, 62.13862358245152], [163.65111143016776, 62.1391620170761], [163.6516866643572, 62.139167620304114], [163.65165075382487, 62.13997527234221], [163.6522260035658, 62.139980873371144], [163.65219010616357, 62.14078852549258], [163.65276537145687, 62.1407941243223], [163.65274144885197, 62.14133255913735], [163.65331672459467, 62.14133815570433], [163.65329281122925, 62.1418765905986], [163.65271752527877, 62.14187099390491], [163.65270556312905, 62.14214021127084], [163.65155498174633, 62.14212901058795], [163.6515669541041, 62.14185979334881], [163.65099166888015, 62.14185418948644], [163.65100364609955, 62.141584972298844], [163.6504283662219, 62.14157936611038], [163.65044034830274, 62.14131014897438], [163.6498650737714, 62.14130454045989], [163.64985308658677, 62.14157375753239], [163.64927780719418, 62.1415681465649], [163.6492897994826, 62.1412989295559], [163.6481392516332, 62.14128770057947], [163.64815125388628, 62.141018483685734], [163.6470007172158, 62.14100724527858], [163.64701272943313, 62.14073802850018], [163.64643746656603, 62.14073240577608], [163.64644948364372, 62.14046318904946], [163.64587422612325, 62.14045756399961], [163.6458862480611, 62.140188347324774], [163.64531099588726, 62.14018271994921], [163.64532302268503, 62.13991350332621], [163.64474777585778, 62.13990787362504], [163.64477183892942, 62.13936944047081], [163.64362136641765, 62.139358174155504], [163.64363340779406, 62.1390889576881], [163.64190771616285, 62.13907204048702], [163.64188360254872, 62.139610473026885], [163.6424588430545, 62.13961611461089], [163.64244679098454, 62.13988533092687], [163.64072105489007, 62.13986839881525], [163.64073312226924, 62.139599182690944], [163.64015788249574, 62.139593533939035], [163.6401699547337, 62.13932431786679], [163.6390194861256, 62.13931301332305], [163.63903156832492, 62.13904379736689], [163.63788111090045, 62.139032483394125], [163.63786901849545, 62.1393016992222], [163.6384442521882, 62.13930735746726], [163.63843216464144, 62.139576573347476], [163.63900740368175, 62.1395822292673], [163.63899532099342, 62.13985144519967], [163.63784483295132, 62.13984013084266], [163.6378569258457, 62.13957091503838], [163.63670644898855, 62.139559591252294], [163.6367185518441, 62.13929037556431], [163.63499285370418, 62.13927337215803], [163.6350049716232, 62.13900415665062], [163.63442974450297, 62.138998484134234], [163.6344418672795, 62.13872926867914], [163.63501708929704, 62.138734941131304], [163.63502920672568, 62.13846572560008], [163.63560442388584, 62.13847139559888], [163.63561653596682, 62.138202179991566], [163.63446611209662, 62.13819083773321], [163.63447823413725, 62.13792162224238], [163.63332782145295, 62.13791027055598], [163.6333156892076, 62.13817948591828], [163.63274047813127, 62.13817380642708], [163.63277688943762, 62.137366160497294], [163.6310513036028, 62.13734910826802], [163.6310391514399, 62.137618323396865], [163.63046395155112, 62.137612634477925], [163.63045179404008, 62.13788184953044], [163.62930138479626, 62.13787046439648], [163.62931355251172, 62.13760124947287], [163.6275879557994, 62.13758415404722], [163.6276001385749, 62.137314939305206], [163.62587455938743, 62.1372978225717], [163.6258623613057, 62.13756703711997], [163.62471196621055, 62.137555613889845], [163.62469975767772, 62.137824828296864], [163.62412455539848, 62.13781911303352], [163.62408791301067, 62.13862675598893], [163.62351269567154, 62.138621038142325], [163.62352491515043, 62.1383518239005], [163.622949703161, 62.13834610372948], [163.62297415158153, 62.13780767533957], [163.62239895004404, 62.13780195290897], [163.62238672085525, 62.13807116704512], [163.62123630831823, 62.13805971488706], [163.62122406867735, 62.13832892888165], [163.620648857678, 62.13832319915411], [163.620636612687, 62.13859241307191], [163.61948618122693, 62.13858094631966], [163.6194984364227, 62.13831173253168], [163.61834801615933, 62.13830025635274], [163.61836028131168, 62.13803104268277], [163.6177850766545, 62.138025301074634], [163.61774826514576, 62.138832941853806], [163.6160226067431, 62.13881570210942], [163.61601032043586, 62.13908491548344], [163.61485987253857, 62.13907341024444], [163.61487216905087, 62.138804197000674], [163.61429695057794, 62.13879844086257], [163.6142846489631, 62.13906765404118], [163.61370942563656, 62.13906189544871], [163.61369711867016, 62.139331108550195], [163.61312189049002, 62.13932534750335], [163.61308495278803, 62.14013298654042], [163.6125097095486, 62.14012722290861], [163.61248507296196, 62.14066564874308], [163.61190981976563, 62.14065988259144], [163.61187284770602, 62.141467521057656], [163.61129757944911, 62.14146175232076], [163.61128524982692, 62.141730965053604], [163.61013470385464, 62.14171942028088], [163.61007300096247, 62.14306548311232], [163.60949770283176, 62.143059706814846], [163.60948535639994, 62.14332891927986], [163.608910053415, 62.143323140527386], [163.60887299730732, 62.144130777654446], [163.60657172661647, 62.14410763796264], [163.60655935366256, 62.1443768500524], [163.60483338795987, 62.14435946999522], [163.60480861067288, 62.144897893745345], [163.604233279064, 62.144892095482284], [163.60424567293757, 62.144622883678856], [163.60367034668423, 62.14461708309171], [163.60365794770598, 62.14488629482946], [163.60308261659895, 62.144880491786914], [163.603070212265, 62.14514970344701], [163.60134420513626, 62.14513227978365]], [[163.60485816424398, 62.14382104619723], [163.60658409932, 62.14383842586088], [163.60659647177314, 62.14356921374717], [163.60602116493487, 62.14356342298116], [163.60603354224182, 62.14329421092104], [163.60488293952525, 62.14328262235138], [163.60485816424398, 62.14382104619723]], [[163.60547062291877, 62.143019205824515], [163.60662121592824, 62.14303078948386], [163.60664595908182, 62.1424923651727], [163.60607067265968, 62.14248657466893], [163.60608304896473, 62.14221736256095], [163.60550776789682, 62.142211569733234], [163.60552014905505, 62.14194235767889], [163.6049448733414, 62.14193656252731], [163.60492010056697, 62.14247498649285], [163.60549538648806, 62.14248078177563], [163.60547062291877, 62.143019205824515]], [[163.6071965128086, 62.14303657772918], [163.60777180993924, 62.143042363584954], [163.60778417143322, 62.14277315130433], [163.60835946371, 62.142778934705056], [163.60837181984994, 62.14250972234698], [163.6072212457543, 62.142498153286965], [163.6071965128086, 62.14303657772918]], [[163.65044034830274, 62.14131014897438], [163.65101562307657, 62.14131575509938], [163.65102759981121, 62.14104653788803], [163.6504523301411, 62.14104093182651], [163.65044034830274, 62.14131014897438]], [[163.5757199539333, 62.13921496342907], [163.57629517080684, 62.13922087983712], [163.57630780968455, 62.13895167104296], [163.57573259791326, 62.138945754701865], [163.5757199539333, 62.13921496342907]], [[163.60738198550348, 62.13899839324618], [163.60968286932948, 62.139021518404576], [163.60970755394948, 62.13848309307992], [163.61028276532576, 62.138488868265846], [163.6102951021589, 62.1382196555202], [163.6125959297502, 62.138242732111514], [163.61260824592495, 62.13797351909268], [163.61318344834388, 62.13797928220255], [163.61322038006685, 62.137171642878634], [163.6137955674289, 62.13717740340379], [163.6138201771286, 62.13663897699769], [163.61439535453607, 62.13664473500349], [163.61445684892155, 62.13529866845323], [163.61388169702104, 62.13529291077331], [163.61391860596927, 62.13448527089529], [163.612768333521, 62.134473748760314], [163.61275602058544, 62.13474296193453], [163.61218087963402, 62.1347371972187], [163.61219319767045, 62.13446798410974], [163.61046779161458, 62.13445067582576], [163.61045545827562, 62.13471988873881], [163.60988031832179, 62.13471411446801], [163.60989265676156, 62.13444490162034], [163.60931752215816, 62.13443912502622], [163.60934220849018, 62.13390069942573], [163.60991733289222, 62.1339064758891], [163.6099420080244, 62.133368050110036], [163.60936689382328, 62.13336227377743], [163.60944094382987, 62.13174699654547], [163.6088658604787, 62.1317412182167], [163.60887820637225, 62.13147200536824], [163.60772805061862, 62.13146044167629], [163.6077527620546, 62.130922016205254], [163.60717769475167, 62.130916230907644], [163.60719005519408, 62.13064701821966], [163.6060399315372, 62.13063544059042], [163.6060151900048, 62.13117386569237], [163.60544011835293, 62.13116807316413], [163.60540298887838, 62.13197571053058], [163.60482790217802, 62.13196991541722], [163.6047288384265, 62.13412361400973], [163.60530396592844, 62.13412940964784], [163.6052792076866, 62.1346678343075], [163.60585434564047, 62.134673627688095], [163.60584197124473, 62.13494284006555], [163.60526682819003, 62.134937046619356], [163.6052544484429, 62.13520625891924], [163.60582959659862, 62.135212052431015], [163.60581722170215, 62.13548126478452], [163.60466691543905, 62.13546967524105], [163.60464214449001, 62.1360080996498], [163.60521730769875, 62.13601389574715], [163.60519254595016, 62.13655232023923], [163.60576771961232, 62.13655811407888], [163.6057182135159, 62.137634963181824], [163.60629340783547, 62.13764075489482], [163.60626866348878, 62.138179179505585], [163.60684386826284, 62.13818496896064], [163.6068315008162, 62.13845418131362], [163.60740671094274, 62.1384599684451], [163.60738198550348, 62.13899839324618]], [[163.61313420255905, 62.1390561344671], [163.61370942563656, 62.13906189544871], [163.61372173235395, 62.13879268233529], [163.61314651437894, 62.13878692141888], [163.61313420255905, 62.1390561344671]], [[163.6413324861069, 62.139066396641475], [163.64190771616285, 62.13907204048702], [163.64191977260396, 62.138802824199246], [163.6413445476508, 62.138797180417605], [163.6413324861069, 62.139066396641475]], [[163.5729072182976, 62.137839303472354], [163.57463278931573, 62.13785708035954], [163.57464544222003, 62.13758787170624], [163.57522062796986, 62.13759379249035], [163.5752332755165, 62.137324583757994], [163.57465809486828, 62.137318663040915], [163.57467074726054, 62.13704945436355], [163.57352039693524, 62.13703760589675], [163.57350773433998, 62.13730681443998], [163.5729325544601, 62.13730088655616], [163.5729072182976, 62.137839303472354]], [[163.56664376338702, 62.13642789892215], [163.56721892513778, 62.13643385288159], [163.56723164307712, 62.13616464504181], [163.56665648642746, 62.13615869114975], [163.56664376338702, 62.13642789892215]], [[163.56780679998408, 62.13617059654508], [163.56953227224793, 62.13618843672225], [163.56955766654687, 62.13565002046794], [163.56840737185112, 62.135638129674476], [163.56839466462827, 62.13590733767307], [163.56781951256508, 62.13590138862591], [163.56780679998408, 62.13617059654508]], [[163.5735583831838, 62.136229980194805], [163.5764341843971, 62.13625958243992], [163.57644682046205, 62.135990373513486], [163.5735710447543, 62.13596077160345], [163.5735583831838, 62.136229980194805]], [[163.57184558240297, 62.13594298179219], [163.5735710447543, 62.13596077160345], [163.5735837060686, 62.135691563000044], [163.5718582590202, 62.13567377339013], [163.57184558240297, 62.13594298179219]], [[163.57479725710414, 62.134357366928256], [163.57537238164133, 62.13436328690818], [163.57538502611757, 62.134094078031495], [163.5748099066808, 62.134088158118566], [163.57479725710414, 62.134357366928256]], [[163.5770977567874, 62.13438103251632], [163.57767288234726, 62.13438694294181], [163.5776855064219, 62.13411773379736], [163.57711038596244, 62.134111823438786], [163.5770977567874, 62.13438103251632]], [[163.6133557772063, 62.13421029777078], [163.6139309084542, 62.134216057578705], [163.6139432106902, 62.13394684425018], [163.61336808454297, 62.133941084507455], [163.6133557772063, 62.13421029777078]], [[163.57139723443515, 62.13324496318724], [163.57197233703445, 62.13325089723017], [163.57198501108724, 62.13298168870778], [163.57140991358781, 62.13297575473201], [163.57139723443515, 62.13324496318724]], [[163.5759980624035, 62.133292368652626], [163.57714827195457, 62.13330419613393], [163.57716090010766, 62.133034987008294], [163.57601070075654, 62.13302315966084], [163.5759980624035, 62.133292368652626]], [[163.57428540364782, 62.13300540072609], [163.57486050242818, 62.13301132275949], [163.5748731507253, 62.13274211388964], [163.57429805704479, 62.132736191923264], [163.57428540364782, 62.13300540072609]], [[163.57434866807287, 62.131659356591676], [163.57492374135495, 62.13166527828993], [163.57493638837272, 62.131396069359944], [163.57436132018998, 62.131390147728716], [163.57434866807287, 62.131659356591676]], [[163.57378625226315, 62.131384223709155], [163.57436132018998, 62.131390147728716], [163.57437397205112, 62.13112093885368], [163.57379890922354, 62.13111501490118], [163.57378625226315, 62.131384223709155]], [[163.573223846652, 62.13110908856038], [163.57379890922354, 62.13111501490118], [163.57381156592788, 62.130845806081204], [163.5732365084555, 62.13083987980748], [163.573223846652, 62.13110908856038]], [[163.6049269498978, 62.12981621605871], [163.6055019958032, 62.129822010647366], [163.60552674503091, 62.12928358555688], [163.60495170932322, 62.12927779109937], [163.6049269498978, 62.12981621605871]], [[163.60323899833625, 62.12899118109708], [163.60438905830173, 62.12900278182166], [163.60440144248696, 62.12873356937769], [163.60497646774695, 62.128739366092155], [163.60500122516905, 62.12820094103707], [163.60385119529334, 62.12818934548249], [163.6038388065107, 62.128458557884784], [163.6026887674407, 62.1284469526466], [163.60267636821052, 62.128716164905576], [163.60325139271865, 62.12872196878441], [163.60323899833625, 62.12899118109708]], [[163.6050259815896, 62.127662515934105], [163.60675099769136, 62.12767989096218], [163.6067757225221, 62.127141465418084], [163.60620072710074, 62.127135676261126], [163.6062130942389, 62.126866463536615], [163.60506311434253, 62.12685487818988], [163.6050259815896, 62.127662515934105]], [[163.6090880483558, 62.12689538511448], [163.61023803175073, 62.12690693703], [163.61025036295408, 62.12663772383551], [163.6091003897548, 62.12662617205073], [163.6090880483558, 62.12689538511448]], [[163.5729221799605, 62.11306022464805], [163.57349690060684, 62.1130661512705], [163.57350955035733, 62.11279694177828], [163.5740842661672, 62.11280286594722], [163.57409691056984, 62.11253365637594], [163.57294748939006, 62.112521805785654], [163.5729221799605, 62.11306022464805]], [[163.57884582961762, 62.1093504410643], [163.58056978613126, 62.1093681393745], [163.58058237121207, 62.109098928911465], [163.57885842997098, 62.10908123080148], [163.57884582961762, 62.1093504410643]], [[163.58702878554357, 62.106471525641155], [163.58760338502083, 62.10647739332804], [163.5876159062261, 62.10620818193454], [163.58704131183868, 62.106202314314004], [163.58702878554357, 62.106471525641155]], [[163.55958877268483, 62.103225781085236], [163.56073783540023, 62.10323774162152], [163.5607505929823, 62.102968533243896], [163.5618996465524, 62.10298048410318], [163.5619123937001, 62.10271127557831], [163.5607633503065, 62.102699324854186], [163.56077610737287, 62.1024301164524], [163.5602015911509, 62.102424137579874], [163.5601888289964, 62.10269334591403], [163.55961430794426, 62.102687364588455], [163.55958877268483, 62.103225781085236]], [[163.56362322883967, 62.102998392501405], [163.56419775678356, 62.103004357196596], [163.56421048357817, 62.102735148401706], [163.56478500669098, 62.10274111064405], [163.56481044933224, 62.102202692883246], [163.56538496252588, 62.10220865260535], [163.56539767837288, 62.10193944363945], [163.56424866241863, 62.10192752194474], [163.56423593639568, 62.10219673077581], [163.56308691129433, 62.10218479940482], [163.56306143812427, 62.10272321676084], [163.56363596072254, 62.10272918377398], [163.56362322883967, 62.102998392501405]], [[163.56027815866153, 62.10080888732162], [163.5608526443568, 62.10081486578845], [163.56086539961848, 62.10054565730222], [163.5602909190106, 62.10053967890301], [163.56027815866153, 62.10080888732162]], [[163.56487405143614, 62.10085664827025], [163.56544853919087, 62.100862607655344], [163.56546125375291, 62.100593398629165], [163.56488677108567, 62.10058743931149], [163.56487405143614, 62.10085664827025]], [[163.56086539961848, 62.10054565730222], [163.56143988048413, 62.10055163331626], [163.5614526304007, 62.10028242475038], [163.56087815462237, 62.100276448803925], [163.56086539961848, 62.10054565730222]], [[163.56045678008408, 62.09703996836299], [163.56160560930329, 62.09705192101885], [163.5616183558707, 62.096782712296125], [163.56104394621826, 62.096776737228176], [163.5610821996324, 62.095969111190364], [163.56050780549498, 62.09596313394041], [163.56052056120328, 62.09569392530459], [163.5593717838729, 62.09568196378578], [163.55935901799347, 62.09595117228632], [163.55878462462962, 62.0959451878822], [163.55875908192547, 62.09648360471173], [163.55990788925396, 62.09649557140591], [163.5598951276865, 62.09676477993789], [163.5604695368235, 62.09677075977545], [163.56045678008408, 62.09703996836299]], [[163.5559126616834, 62.09591523009085], [163.55648705375592, 62.09592122641853], [163.556499845063, 62.09565201825663], [163.55592545807602, 62.09564602199676], [163.5559126616834, 62.09591523009085]], [[163.55706144608686, 62.09592722036152], [163.55763583867622, 62.09593321191979], [163.55764861981226, 62.095664003622346], [163.55822300757436, 62.095669992728176], [163.5582357833667, 62.095400784350936], [163.55708701827166, 62.09538880389007], [163.55706144608686, 62.09592722036152]], [[163.55536387256706, 62.09537081531385], [163.55593825421005, 62.09537681389059], [163.55595105008555, 62.095107605772306], [163.55537667352783, 62.0951016072634], [163.55536387256706, 62.09537081531385]], [[163.5674259412324, 62.09549628464517], [163.56857471559144, 62.09550817925764], [163.56858739958844, 62.09523896965386], [163.56916178206703, 62.095244913315824], [163.5691871391215, 62.09470649393773], [163.56861276681357, 62.09470055041018], [163.56860008332916, 62.094969760038055], [163.56802570619226, 62.09496381405866], [163.56801301736616, 62.09523302360722], [163.5674386354003, 62.09522707517592], [163.5674259412324, 62.09549628464517]], [[163.55253044661805, 62.09453316349163], [163.55310481171122, 62.094539173787695], [163.5531176322359, 62.09426996597265], [163.5536919925032, 62.09427597381622], [163.55370480768397, 62.09400676592112], [163.55255609757822, 62.09399474798534], [163.55253044661805, 62.09453316349163]], [[163.55827410919488, 62.09459315914676], [163.5594228448111, 62.094605129662874], [163.55943560940082, 62.094335921101994], [163.55828688395465, 62.09432395072124], [163.55827410919488, 62.09459315914676]], [[163.5640305214941, 62.094383707242535], [163.56460488666377, 62.09438966977953], [163.56461760523084, 62.09412046059878], [163.56404324514614, 62.09411449812919], [163.5640305214941, 62.094383707242535]], [[163.5651919655725, 62.0941264206838], [163.56748940950703, 62.09415023717838], [163.56750210239252, 62.09388102764886], [163.56807645893264, 62.093886975743864], [163.5680891464768, 62.09361776613501], [163.56866349818844, 62.093623711778235], [163.56865081572914, 62.0938929214543], [163.5703738876558, 62.09391074427842], [163.5703992218093, 62.09337232451117], [163.57097356946062, 62.09337826054922], [163.5709862310688, 62.093109050580395], [163.56926320413683, 62.09309123551426], [163.56925052727468, 62.09336044528163], [163.5686761803915, 62.09335450209012], [163.5687015440289, 62.092816082677736], [163.56812720757117, 62.092810137236214], [163.56811452079606, 62.09307934688118], [163.56639149770774, 62.0930614960482], [163.56642960302386, 62.09225386768264], [163.56528095275448, 62.092241955609154], [163.56523010447737, 62.093318792867024], [163.5658044498215, 62.0933247503654], [163.5657917421948, 62.09359395971708], [163.56521739176597, 62.093588002151336], [163.5651919655725, 62.0941264206838]], [[163.55545347386084, 62.09348635870723], [163.5560278199089, 62.093492356809165], [163.55604061397463, 62.09322314860639], [163.55546627301115, 62.093217150572286], [163.55545347386084, 62.09348635870723]], [[163.55489193230625, 62.09321115015375], [163.55546627301115, 62.093217150572286], [163.55547907190285, 62.09294794242524], [163.55490473628242, 62.09294194207454], [163.55489193230625, 62.09321115015375]], [[163.56063535098008, 62.093271047039245], [163.5612096942664, 62.09327702361334], [163.561222442313, 62.09300781478926], [163.56179678077237, 62.093013788911335], [163.561822265924, 62.092475371091886], [163.56297092327745, 62.092487311912706], [163.5629963870624, 62.09194889377498], [163.56242206842546, 62.09194292469176], [163.5624093315774, 62.09221213369914], [163.56126068490732, 62.092200188244654], [163.56127343192364, 62.09193097937234], [163.56012479645196, 62.09191902451565], [163.5601375533788, 62.09164981576641], [163.55956324111358, 62.09164383482922], [163.55957600286658, 62.091374626135554], [163.55842738927757, 62.09136265724362], [163.5584018451779, 62.09190107434821], [163.55955047910274, 62.091913043510814], [163.55953771683403, 62.09218225218032], [163.5601120392674, 62.09218823325279], [163.56009928182507, 62.09245744197786], [163.56067360960043, 62.09246342073358], [163.56063535098008, 62.093271047039245]], [[163.5474383967966, 62.09286372053531], [163.54858706155503, 62.09287578084657], [163.5486256397106, 62.0920681587808], [163.54805132245394, 62.092062130021894], [163.54806418640348, 62.09179292271066], [163.54691556283794, 62.09178085817632], [163.54690268872048, 62.09205006535116], [163.54632837224386, 62.09204402943932], [163.54630261306036, 62.092582443616244], [163.54745126661015, 62.09259451332853], [163.5474383967966, 62.09286372053531]], [[163.5635197976949, 62.09303169697095], [163.56466847692926, 62.09304362375519], [163.56468119421146, 62.09277441451414], [163.56353252514606, 62.092762487864775], [163.5635197976949, 62.09303169697095]], [[163.56700392854356, 62.092259820142814], [163.56757825431976, 62.09226577021863], [163.56759094541013, 62.091996560604755], [163.56701662471812, 62.091990610596206], [163.56700392854356, 62.092259820142814]], [[163.56357070595664, 62.09195486047386], [163.56529366418164, 62.09197274626457], [163.56530637535198, 62.09170353690788], [163.56588069019003, 62.09170949400208], [163.56589339601956, 62.091440284566], [163.5647447767683, 62.091428368128035], [163.56473206077078, 62.09169757742938], [163.56358343237918, 62.091685651319445], [163.56357070595664, 62.09195486047386]], [[163.56186049172055, 62.09166774427226], [163.56300911856903, 62.09167968468801], [163.56303458081064, 62.09114126647789], [163.56188597429772, 62.09112932633218], [163.56186049172055, 62.09166774427226]], [[163.57506976244247, 62.09180448324152], [163.576218401074, 62.09181631397841], [163.57623101539045, 62.091547103334484], [163.57508238692716, 62.09153527273138], [163.57506976244247, 62.09180448324152]], [[163.56646770603032, 62.09144623920856], [163.56819063760184, 62.09146408883049], [163.56820332283905, 62.09119487911318], [163.5687776287917, 62.09120082415138], [163.5688029883297, 62.090662404546165], [163.5670801017433, 62.09064456268234], [163.56710549075794, 62.09010614343241], [163.56825406122505, 62.09011804012347], [163.5682794288804, 62.089579620556314], [163.5688537043317, 62.089585565191165], [163.5688663826918, 62.08931635532232], [163.56829211232375, 62.08931041075467], [163.5683047955108, 62.08904120094093], [163.56658200119372, 62.08902335313532], [163.56656930275742, 62.08929256274725], [163.56714357235643, 62.08929851446714], [163.56713087874672, 62.08956772413426], [163.56598232963884, 62.089555818175825], [163.5660077369343, 62.08901739909869], [163.56543347293155, 62.08901144267802], [163.56544618127728, 62.08874223318872], [163.5648719226142, 62.08873627445138], [163.56488463578603, 62.08846706501738], [163.56258762403453, 62.0884432064977], [163.56256215677092, 62.088981624814096], [163.56428494569633, 62.08899952268456], [163.56427222692776, 62.08926873202705], [163.5648464955, 62.08927469328319], [163.5648337815576, 62.08954390268099], [163.56540805546982, 62.08954986162046], [163.56539534635385, 62.08981907107359], [163.56654390511508, 62.089830981934895], [163.56653120590906, 62.09010019151064], [163.56595692131674, 62.09009423720473], [163.56594421677067, 62.0903634467011], [163.56479563818922, 62.09035153080209], [163.56478292321933, 62.09062074015165], [163.56593151196793, 62.09063265618541], [163.56591880690848, 62.09090186565767], [163.56649310675158, 62.09090782016557], [163.56646770603032, 62.09144623920856]], [[163.55729155855107, 62.09108147037968], [163.55786585961664, 62.09108746071856], [163.55787863610507, 62.09081825220381], [163.55730434012318, 62.090812261932655], [163.55729155855107, 62.09108147037968]], [[163.56306004202332, 62.090602848219554], [163.5642086292303, 62.090614778558496], [163.56423406908021, 62.090076359982085], [163.5636597855152, 62.09007039613957], [163.5636852345038, 62.0895319776498], [163.56311096136247, 62.089526011558064], [163.56309823191344, 62.089795220741536], [163.56252395394603, 62.08978925219823], [163.56251121915653, 62.090058461302135], [163.5630855022073, 62.09006442991292], [163.56306004202332, 62.090602848219554]], [[163.56134990861335, 62.090315725884956], [163.5619241962328, 62.090321699331575], [163.56193693636305, 62.090052490307215], [163.561362653827, 62.090046516928155], [163.56134990861335, 62.090315725884956]], [[163.5958076178671, 62.09066991264348], [163.59695622388196, 62.09068157104568], [163.59696865390944, 62.090412357952275], [163.59582005806234, 62.0904006996819], [163.5958076178671, 62.09066991264348]], [[163.60844233914565, 62.09079763052202], [163.6090166475311, 62.09080340846053], [163.60904129381126, 62.090264979506514], [163.60846699559374, 62.090259201698665], [163.60844233914565, 62.09079763052202]], [[163.5740095620412, 62.089908170080506], [163.57458384513268, 62.089914090941164], [163.57459647291546, 62.089644880413665], [163.57574502969692, 62.089656714848694], [163.57575764705803, 62.08938750417537], [163.5740348275183, 62.08936974914737], [163.57406009197453, 62.08883132816606], [163.5723373052304, 62.08881355208317], [163.57232465788073, 62.08908276237886], [163.57289892495643, 62.08908869019086], [163.57288628243438, 62.089357900541536], [163.57346055484868, 62.089363826036504], [163.57344791715445, 62.089633036442116], [163.57402219490734, 62.08963895961995], [163.5740095620412, 62.089908170080506]], [[163.5608138713698, 62.0895021233503], [163.56196241585135, 62.08951407222235], [163.56197515520944, 62.089244863161824], [163.56082662089412, 62.0892329144249], [163.5608138713698, 62.0895021233503]], [[163.54876707294392, 62.08910687694192], [163.54934133454225, 62.08911290256705], [163.54935418546756, 62.08884369498645], [163.5487799289521, 62.08883766942946], [163.54876707294392, 62.08910687694192]], [[163.5941469854477, 62.089306343219896], [163.59644409379348, 62.089329677779304], [163.59645652764874, 62.08906046469184], [163.59473371126228, 62.08904296754635], [163.59474616011605, 62.0887737546447], [163.59417189357333, 62.08876791756064], [163.5941469854477, 62.089306343219896]], [[163.60047644133772, 62.08910120792025], [163.60105071572457, 62.08910701884493], [163.60107550134987, 62.08856859158129], [163.6005012371295, 62.088562780788024], [163.60047644133772, 62.08910120792025]], [[163.6050706434376, 62.08914762856164], [163.60564491982464, 62.08915342041315], [163.60565727209578, 62.088884206262655], [163.60508300079212, 62.08887841447664], [163.6050706434376, 62.08914762856164]], [[163.56890441623534, 62.08850872564337], [163.5700529272417, 62.0885206072234], [163.5700782613258, 62.08798218710852], [163.56892977065044, 62.08797030579716], [163.56890441623534, 62.08850872564337]], [[163.54996697821295, 62.088042095140885], [163.5505412199996, 62.0880481157257], [163.55055405972155, 62.087778907960576], [163.54997982301737, 62.08777288744384], [163.54996697821295, 62.088042095140885]], [[163.56374885247672, 62.08818593121428], [163.56604584595271, 62.08820977039259], [163.5660585484456, 62.087940560799744], [163.5683555256969, 62.08796436156557], [163.56836820760284, 62.08769515169157], [163.56779396798805, 62.087689205143285], [163.56780665472033, 62.08741999532447], [163.5672324204443, 62.0874140464595], [163.56724511200264, 62.08714483669592], [163.56667088306537, 62.08713888551435], [163.56665818642466, 62.087408095210655], [163.565509719155, 62.087396185561325], [163.5654970120929, 62.08766539511092], [163.5637742978666, 62.08764751255564], [163.56374885247672, 62.08818593121428]], [[163.59762991978667, 62.08853369106047], [163.59935270944024, 62.08855115204923], [163.5993651171266, 62.0882819385966], [163.5999393757629, 62.08828775409229], [163.59995177811558, 62.08801854056191], [163.59765476540684, 62.08799526453807], [163.59762991978667, 62.08853369106047]], [[163.57066516862298, 62.087718914045645], [163.57123940951772, 62.087724848674355], [163.571252065755, 62.08745563845257], [163.5718263018229, 62.08746157063028], [163.5718389527221, 62.08719236032936], [163.57241318396316, 62.087198290056136], [163.57242582952446, 62.08692907967615], [163.57300005593865, 62.08693500695203], [163.57301269616227, 62.08666579649299], [163.57243847483028, 62.086659869284134], [163.57246376467563, 62.086121448463906], [163.57418639894493, 62.08613922253712], [163.57419902823864, 62.08587001190802], [163.5747732350902, 62.085875931764605], [163.57479848274872, 62.0853375103364], [163.57422428606074, 62.08533159061368], [163.57421165727726, 62.085600801266864], [163.57363745576265, 62.08559487909347], [163.57365008962788, 62.08532566850722], [163.57307589345024, 62.08531974401711], [163.57308853214187, 62.0850505334858], [163.57481110619545, 62.085068299604224], [163.57482372938722, 62.08479908886002], [163.57597210320165, 62.08481092088688], [163.575959490173, 62.08508013176484], [163.57768206804994, 62.08509786212822], [163.57769466583392, 62.08482865104981], [163.5782688538871, 62.084834556336794], [163.57825626118472, 62.08510376748198], [163.57883045457385, 62.08510967045209], [163.5788556295612, 62.084571248016196], [163.57713308064618, 62.08455353235546], [163.57714568300258, 62.084284321319785], [163.57657150562127, 62.08427841139911], [163.57658411280437, 62.08400920041818], [163.57428742615176, 62.08398553716706], [163.57430005340476, 62.08371632644163], [163.5737258874601, 62.083710404736884], [163.57376378293145, 62.08290277268915], [163.5760603872688, 62.08292644440403], [163.5760729982594, 62.082657233429764], [163.57549885187345, 62.08265131914308], [163.57552408325165, 62.08211289729214], [163.57609821947645, 62.08211881144511], [163.5761108297029, 62.081849600434744], [163.57840735682646, 62.081873232945625], [163.57841994647688, 62.081604021656055], [163.5772716925668, 62.08159221030085], [163.5772842921234, 62.08132299913276], [163.5755619284079, 62.08130526442548], [163.57554931361062, 62.081574475393076], [163.57497518780136, 62.08156855899051], [163.57494994728165, 62.0821069807558], [163.57437581156657, 62.082101061836106], [163.57438843703426, 62.081831851026394], [163.57324017653005, 62.08182000617076], [163.57321490501784, 62.08235842751036], [163.57206662521273, 62.082346572853346], [163.5720919170467, 62.08180815178177], [163.57151778768807, 62.08180222101229], [163.57153043830218, 62.08153301052548], [163.57095631427936, 62.08152707743972], [163.57094365858498, 62.081796287859454], [163.57036952973752, 62.08179035232328], [163.57035686870717, 62.08205956266388], [163.57150513681844, 62.08207143148704], [163.57146718267634, 62.08287906283906], [163.56974473516797, 62.08286125542537], [163.5697320680339, 62.083130465650626], [163.56915791429526, 62.08312452501203], [163.56914524182446, 62.083393735158076], [163.56742276690224, 62.08337589873989], [163.56743545461558, 62.08310668879549], [163.5662871494437, 62.08309478606717], [163.56627445156872, 62.083363995877036], [163.5668486091073, 62.08336994850019], [163.56682322274983, 62.083908368218324], [163.56739739070676, 62.08391431859255], [163.56738470222456, 62.08418352850081], [163.5668105291865, 62.08417757805931], [163.56679783536677, 62.08444678788822], [163.5662236575039, 62.08444083499586], [163.5662363564049, 62.08417162523425], [163.5650880116112, 62.08415971243346], [163.56507530254783, 62.08442892206038], [163.5645011254548, 62.08442296201727], [163.56448841105336, 62.084692171564775], [163.56506259322768, 62.084698131675275], [163.56504988365086, 62.08496734127809], [163.5656240711633, 62.08497329907233], [163.56561136641125, 62.08524250873047], [163.5661855592619, 62.0852484642084], [163.5661728593348, 62.08551767392179], [163.5667470575236, 62.08552362708336], [163.56675975236905, 62.08525441730264], [163.56733394573266, 62.08526036801326], [163.5673466352401, 62.084991158153215], [163.5679208237785, 62.08499710641291], [163.5679335079482, 62.08472789647358], [163.56965605985596, 62.08474572674916], [163.5696307217494, 62.085284147018946], [163.57020491639366, 62.08529008581118], [163.5701922520382, 62.08555929599513], [163.57134065225745, 62.085571166562744], [163.57132799780976, 62.085840376868866], [163.5701795874269, 62.08582850616703], [163.5701542574368, 62.0863669264747], [163.57072847266426, 62.086372863151716], [163.57071581236752, 62.08664207335459], [163.5695673720043, 62.0866301974825], [163.56955470128742, 62.08689940753906], [163.5689804764075, 62.08689346596011], [163.56896780035234, 62.08716267593745], [163.5706904910068, 62.087180493724205], [163.57066516862298, 62.087718914045645]], [[163.5672578033046, 62.08687562692027], [163.56840625178367, 62.08688752199734], [163.56841893266488, 62.08661831207517], [163.56727049435017, 62.08660641713259], [163.5672578033046, 62.08687562692027]], [[163.56325096832978, 62.08656470974384], [163.56497362079804, 62.08658259864179], [163.5649863319154, 62.08631338911133], [163.5667089714486, 62.08633125635311], [163.56673436242173, 62.085792836851994], [163.56386334863558, 62.085763046870454], [163.5638506278681, 62.08603225629022], [163.56327642079955, 62.08602629107532], [163.56325096832978, 62.08656470974384]], [[163.55579896016908, 62.086217734823634], [163.5563731689695, 62.08622373109471], [163.55638595605814, 62.08595452256585], [163.55581175233957, 62.08594852636255], [163.55579896016908, 62.086217734823634]], [[163.5684442936589, 62.08607989219462], [163.56959271267016, 62.08609177733323], [163.5696053826192, 62.08582256724053], [163.56845697377167, 62.085810682236286], [163.5684442936589, 62.08607989219462]], [[163.58165117394284, 62.08621599560776], [163.58222538918363, 62.08622188454203], [163.58223794732947, 62.08595267297835], [163.58166373717071, 62.08594678411066], [163.58165117394284, 62.08621599560776]], [[163.55755991734586, 62.08542809045632], [163.55813411167568, 62.08543407937305], [163.5581468827449, 62.08516487060475], [163.55757269349658, 62.08515888175572], [163.55755991734586, 62.08542809045632]], [[163.55758546938927, 62.08488967304303], [163.55873383798098, 62.084901648222065], [163.558759368667, 62.0843632304897], [163.55761102040037, 62.08435125558143], [163.55758546938927, 62.08488967304303]], [[163.59435867244022, 62.08472972358632], [163.5949328627469, 62.08473555968055], [163.59494530757755, 62.08446634658696], [163.5943711223525, 62.08446051055873], [163.59435867244022, 62.08472972358632]], [[163.55704962685368, 62.08407605587081], [163.5581979644421, 62.08408803541076], [163.5582107342215, 62.08381882658207], [163.55763657037926, 62.083812838071545], [163.55764934498166, 62.083543629298504], [163.5565010282333, 62.08353164526246], [163.5564882434691, 62.08380085390005], [163.55706240679513, 62.08380684717755], [163.55704962685368, 62.08407605587081]], [[163.5645138395994, 62.084153752457716], [163.5650880116112, 62.08415971243346], [163.5651007204179, 62.083890502794446], [163.56452655348718, 62.0838845428861], [163.5645138395994, 62.084153752457716]], [[163.5817516726602, 62.084062303294296], [163.58290002208855, 62.084074077714035], [163.58291257312388, 62.083804865987624], [163.58176423385797, 62.08379309170099], [163.5817516726602, 62.084062303294296]], [[163.58864178442565, 62.084132806797065], [163.5897901399264, 62.0841445240104], [163.58980262998648, 62.08387531148758], [163.58865428464833, 62.0838635944067], [163.58864178442565, 62.084132806797065]], [[163.58520925469713, 62.083828385958114], [163.58578342572346, 62.08383425999181], [163.58579595109956, 62.08356504792107], [163.58522178515437, 62.083559173953766], [163.58520925469713, 62.083828385958114]], [[163.55193342162246, 62.08294519755434], [163.55308171391135, 62.08295721945394], [163.55310734259825, 62.082418802908386], [163.55195907063128, 62.082406781280575], [163.55193342162246, 62.08294519755434]], [[163.56111978887773, 62.08304110580928], [163.56169393902348, 62.083047079816126], [163.56170667728742, 62.08277787053353], [163.56113253222233, 62.0827718965942], [163.56111978887773, 62.08304110580928]], [[163.55656494818075, 62.08218560189341], [163.55713908102294, 62.0821915947644], [163.55715185915753, 62.08192238598663], [163.55657773139563, 62.08191639318338], [163.55656494818075, 62.08218560189341]], [[163.5691959301719, 62.082316894501545], [163.56977006866856, 62.08232283493867], [163.5697827350351, 62.08205362467727], [163.56920860161887, 62.082047684307305], [163.5691959301719, 62.082316894501545]], [[163.55772598717752, 62.08192837640656], [163.5583001154555, 62.08193436444321], [163.55831288317162, 62.081665155517925], [163.55773875997383, 62.08165916754899], [163.55772598717752, 62.08192837640656]], [[163.56174489053546, 62.08197024261333], [163.56231902061648, 62.08197621396672], [163.56233175277106, 62.08170700456837], [163.56175762777025, 62.08170103328246], [163.56174489053546, 62.08197024261333]], [[163.56233175277106, 62.08170700456837], [163.562905878029, 62.08171297347096], [163.56291860484626, 62.08144376399305], [163.56234448466844, 62.08143779515792], [163.56233175277106, 62.08170700456837]], [[163.55889976900542, 62.08140193209856], [163.55947388763877, 62.081407915233285], [163.55948664467914, 62.08113870614857], [163.56006075849015, 62.081144686832424], [163.56007351019292, 62.08087547766801], [163.56064761918157, 62.08088145590104], [163.560660365547, 62.080612246657], [163.56123446971327, 62.08061822243925], [163.56124721074156, 62.0803490131156], [163.56182131008543, 62.080354986447134], [163.56183404577675, 62.08008577704387], [163.56125995151248, 62.08007980377985], [163.5612726920261, 62.07981059443204], [163.56069860309867, 62.0798046188524], [163.56068585750555, 62.08007382813269], [163.55896357702971, 62.0800558868924], [163.55897633786134, 62.07978667781493], [163.5584022499642, 62.079780692702904], [163.55842778101297, 62.079242274647065], [163.5567055493448, 62.07922430541867], [163.55671832971993, 62.07895509657577], [163.55614425809247, 62.07894910213466], [163.55609311472597, 62.08002593716273], [163.55666720667065, 62.080031931874906], [163.556654425263, 62.0803011406695], [163.5595249142543, 62.08033107882196], [163.55949940146184, 62.080869497051765], [163.55835118477273, 62.08085752866965], [163.5583384178302, 62.08112673763116], [163.5589125311258, 62.08113272308149], [163.55889976900542, 62.08140193209856]], [[163.56180857413688, 62.08062419583833], [163.5623826788177, 62.08063016685423], [163.56239540968653, 62.08036095739553], [163.56182131008543, 62.080354986447134], [163.56180857413688, 62.08062419583833]], [[163.5641049944026, 62.080648065602716], [163.56525320607685, 62.08065998618573], [163.565316730861, 62.079313937086205], [163.56474265029337, 62.0793079783231], [163.56475535955968, 62.079038768534396], [163.56590351079305, 62.079050683542846], [163.56591620964434, 62.07878147360736], [163.56534213897854, 62.07877551736198], [163.56535484265245, 62.07850630748177], [163.56937330714175, 62.0785479506852], [163.5693986426149, 62.078009529947174], [163.56882458564883, 62.07800358820144], [163.56883725808046, 62.0777343778815], [163.56826320644913, 62.07772843382002], [163.5682758837035, 62.077459223555216], [163.56770183740687, 62.07745327717802], [163.56771451948381, 62.077184066968385], [163.56828856070186, 62.077190013278376], [163.56830123744425, 62.07692080298946], [163.5671531654212, 62.0769089081211], [163.56712779136635, 62.07744732841793], [163.5659797000541, 62.077435423749094], [163.56599239736673, 62.07716621374127], [163.56541835717374, 62.07716025789984], [163.5654310593084, 62.076891047947285], [163.56428298984895, 62.076879129250614], [163.56429570188376, 62.0766099194207], [163.5637216726174, 62.07660395656552], [163.56369623813433, 62.077142376078484], [163.56427027755743, 62.07714833906844], [163.5642575650092, 62.07741754887423], [163.56483160976754, 62.07742350954874], [163.56479348581857, 62.07823113909583], [163.56421942582398, 62.0782251782192], [163.56420671224873, 62.07849438797674], [163.56363264743197, 62.07848842464974], [163.56358177024651, 62.07956526328959], [163.56415585538005, 62.07957122688623], [163.5641049944026, 62.080648065602716]], [[163.5916623562329, 62.08093152850506], [163.5922364741487, 62.080937375592185], [163.5922489408613, 62.08066816266069], [163.59167482802562, 62.080662315639664], [163.5916623562329, 62.08093152850506]], [[163.5612854322824, 62.079541385072154], [163.56243360075024, 62.07955332894704], [163.56244633059063, 62.07928411944007], [163.56187225130742, 62.07927814876165], [163.5618977203752, 62.07873972984652], [163.5613236515075, 62.0787337569201], [163.56133639073465, 62.07846454751194], [163.56191045452331, 62.07847052037086], [163.561935922048, 62.077932101383304], [163.56136186841707, 62.07792612865941], [163.5613491297045, 62.07819533809171], [163.56020101305688, 62.07818338536006], [163.5602265105397, 62.077644966753645], [163.55965246275952, 62.07763898694858], [163.5595886917269, 62.07898503303619], [163.56131091202312, 62.07900296631619], [163.5612854322824, 62.079541385072154]], [[163.5888917409128, 62.078748556707666], [163.5900398932001, 62.07876027127213], [163.59005237821566, 62.07849105850911], [163.5889042360869, 62.078479344077074], [163.5888917409128, 62.078748556707666]], [[163.55907841523688, 62.07763300476065], [163.55965246275952, 62.07763898694858], [163.5596652161933, 62.07736977769486], [163.55909117374927, 62.07736379557455], [163.55907841523688, 62.07763300476065]], [[163.5654310593084, 62.076891047947285], [163.56600509442293, 62.07689700372138], [163.56601779122275, 62.07662779368943], [163.56544376118651, 62.07662183798266], [163.5654310593084, 62.076891047947285]], [[163.56448635160422, 62.072571770524554], [163.5650603049647, 62.07257772998646], [163.56507300781627, 62.072308519896204], [163.5644990595325, 62.07230256050163], [163.56448635160422, 62.072571770524554]]]}, "properties": {"zone_id": "upload_05b712ec-Z0032", "scene": "upload_05b712ec", "pixel_count": 22770, "approx_area_m2": 20493000.0, "centroid_x": 426808.22266139655, "centroid_y": 6887565.608695652, "centroid_lon": 163.59732616835683, "centroid_lat": 62.113045906352156, "mean_risk": 1.6390360593795776, "max_risk": 2.0765814781188965, "median_risk": 1.6066147089004517, "high_priority_pixel_pct": 100.0, "priority_category": "HIGH PRIORITY", "threshold_type": "95th percentile prioritisation threshold", "recommendation": "Spectral-stress evidence detected. Prioritise field inspection to determine the underlying cause. Field verification required.", "priority_rank": 1}}, {"type": "Feature", "geometry": {"type": "Polygon", "coordinates": [[[163.21212732697984, 62.13688212425791], [163.2121590651675, 62.13634380243032], [163.2110089459139, 62.13632894266927], [163.21102482472122, 62.136059781904365], [163.21044977067368, 62.136052348526306], [163.21043388676887, 62.13632150920709], [163.20928376944292, 62.13630663511938], [163.2092996635427, 62.136037474606916], [163.20872461045946, 62.13603003406563], [163.20874050933506, 62.135760873624484], [163.2081654616708, 62.13575343077967], [163.2082131716594, 62.13494594963166], [163.2076381396083, 62.13493850465192], [163.20766995485263, 62.13440018399066], [163.20881999888903, 62.13441507122554], [163.20883589583508, 62.1341459107071], [163.21056094901093, 62.13416822340011], [163.21052918537814, 62.134706544929124], [163.21167924282247, 62.13472140845642], [163.2117268572091, 62.13391392563897], [163.21230187112255, 62.13392135356901], [163.21228600507808, 62.13419051460509], [163.21286102440914, 62.134197940231616], [163.21281343964074, 62.135005423514755], [163.21338847458344, 62.13501284700574], [163.21337261744935, 62.1352820081584], [163.2139476578099, 62.13528942934571], [163.213900099775, 62.136096912978395], [163.21332504412243, 62.136089491539096], [163.21330918570519, 62.13635865264027], [163.2138842464553, 62.13636607416355], [163.21385253885379, 62.13690439649523], [163.21212732697984, 62.13688212425791]]]}, "properties": {"zone_id": "upload_05b712ec-Z0033", "scene": "upload_05b712ec", "pixel_count": 72, "approx_area_m2": 64800.0, "centroid_x": 406723.3333333333, "centroid_y": 6890550.0, "centroid_lon": 163.21103257358664, "centroid_lat": 62.135386467044576, "mean_risk": 1.427135705947876, "max_risk": 1.4605495929718018, "median_risk": 1.4264026880264282, "high_priority_pixel_pct": 100.0, "priority_category": "HIGH PRIORITY", "threshold_type": "95th percentile prioritisation threshold", "recommendation": "Spectral-stress evidence detected. Prioritise field inspection to determine the underlying cause. Field verification required.", "priority_rank": 56}}, {"type": "Feature", "geometry": {"type": "Polygon", "coordinates": [[[163.57053032344044, 62.13943081635828], [163.57054301359716, 62.13916160824711], [163.56939258523332, 62.13914972526003], [163.56940528533764, 62.13888051727133], [163.56825486820608, 62.13886862486257], [163.56826757825752, 62.138599416996456], [163.56884278159268, 62.13860536432804], [163.568855486285, 62.13833615638258], [163.56943068477528, 62.138342101257855], [163.56941798518497, 62.138611309270615], [163.5699931890342, 62.13861725182415], [163.56998049428893, 62.13888645989214], [163.5722813326619, 62.138910206484795], [163.57226865806854, 62.13917941480958], [163.57169344298813, 62.139173481677844], [163.571680763036, 62.13944268992343], [163.57053032344044, 62.13943081635828]]]}, "properties": {"zone_id": "upload_05b712ec-Z0034", "scene": "upload_05b712ec", "pixel_count": 11, "approx_area_m2": 9900.0, "centroid_x": 425460.0, "centroid_y": 6890481.818181818, "centroid_lon": 163.57026521423552, "centroid_lat": 62.13895061396444, "mean_risk": 1.4327800273895264, "max_risk": 1.4619330167770386, "median_risk": 1.427592158317566, "high_priority_pixel_pct": 100.0, "priority_category": "HIGH PRIORITY", "threshold_type": "95th percentile prioritisation threshold", "recommendation": "Spectral-stress evidence detected. Prioritise field inspection to determine the underlying cause. Field verification required.", "priority_rank": 49}}, {"type": "Feature", "geometry": {"type": "Polygon", "coordinates": [[[163.56369146180447, 62.13801333764993], [163.56371696173377, 62.13747492291248], [163.5642921426017, 62.137480889086035], [163.56430488707787, 62.13721168163171], [163.56488006310215, 62.13721764534885], [163.56486732372744, 62.13748685287069], [163.56659286865093, 62.13750472989125], [163.56656741973813, 62.1380431453035], [163.56369146180447, 62.13801333764993]]]}, "properties": {"zone_id": "upload_05b712ec-Z0035", "scene": "upload_05b712ec", "pixel_count": 11, "approx_area_m2": 9900.0, "centroid_x": 425187.2727272727, "centroid_y": 6890350.909090909, "centroid_lon": 163.56509162457908, "centroid_lat": 62.137721789331614, "mean_risk": 1.4293919801712036, "max_risk": 1.4534831047058105, "median_risk": 1.4297975301742554, "high_priority_pixel_pct": 100.0, "priority_category": "HIGH PRIORITY", "threshold_type": "95th percentile prioritisation threshold", "recommendation": "Spectral-stress evidence detected. Prioritise field inspection to determine the underlying cause. Field verification required.", "priority_rank": 54}}, {"type": "Feature", "geometry": {"type": "Polygon", "coordinates": [[[163.21059271135871, 62.133629901819575], [163.21062447242156, 62.13309158018753], [163.20832448370734, 62.13306182650197], [163.20834038414188, 62.132792666003354], [163.20776539286337, 62.132785221697596], [163.20778129807238, 62.13251606127031], [163.2072063122117, 62.132508614661425], [163.2072381318565, 62.131970293936746], [163.2066631565095, 62.131962845109065], [163.20667907094503, 62.13169368481169], [163.20552913140833, 62.131678780163014], [163.2055450557133, 62.1314096200214], [163.2049700915237, 62.1314021642005], [163.2049860206021, 62.131133004130376], [163.2026861874488, 62.13110315731191], [163.20270213658674, 62.13083399756661], [163.20212718420004, 62.130826529978435], [163.20215909169863, 62.1302882106182], [163.20043426704646, 62.13026579403781], [163.200450235597, 62.12999663459198], [163.19987529978712, 62.129989157708856], [163.1998912731096, 62.12971999833474], [163.20046620382453, 62.12972747513326], [163.20049813931078, 62.129189156177084], [163.20107306015902, 62.12919663041938], [163.20110498416432, 62.12865831124244], [163.20053007350526, 62.12865083716929], [163.20056200640806, 62.12811251810987], [163.19998710626072, 62.12810504181897], [163.20000307732198, 62.127835882354475], [163.19942818259187, 62.12782840376126], [163.19944415842428, 62.12755924436853], [163.19886926911136, 62.12755176347306], [163.19890122999485, 62.127013444818104], [163.19832635119303, 62.12700596170514], [163.19835832097127, 62.1264676431679], [163.1977834526802, 62.12646015783749], [163.19781543135247, 62.12592183941799], [163.1972405735718, 62.1259143518703], [163.1973845074292, 62.12349191910574], [163.19795931937333, 62.123499405891025], [163.19808719785453, 62.12134613076677], [163.1986619693852, 62.12135361448825], [163.1986939255903, 62.12081529540872], [163.19811916424283, 62.12080781185657], [163.1981511293384, 62.12026949289472], [163.1987258805032, 62.120276976277545], [163.19877381044972, 62.11946949748397], [163.19934854666417, 62.119476978226785], [163.19933257542937, 62.11974613792218], [163.19990731705775, 62.11975361636354], [163.19993924902246, 62.11921529679063], [163.19936451757604, 62.11920781851847], [163.19938048816502, 62.11893865879725], [163.19880576213228, 62.11893117822369], [163.1987897864525, 62.119200337860285], [163.19764032517455, 62.11918536938588], [163.19765631103593, 62.11891620991864], [163.1953574127225, 62.11888624467665], [163.1953894242006, 62.118347926381354], [163.1948147106122, 62.11834042927553], [163.1948467309767, 62.117802111098165], [163.19542143438431, 62.117809608034364], [163.19545344327375, 62.1172712896357], [163.19602813682457, 62.11727878401646], [163.19604413569388, 62.117009624712956], [163.19719351358566, 62.117024606147574], [163.1972414777139, 62.11621712765119], [163.1966668038759, 62.11620963838094], [163.19669878852451, 62.11567131948821], [163.19784811616535, 62.11568629530418], [163.19781615187512, 62.11622461453572], [163.19839082635946, 62.116232099034534], [163.1983428927704, 62.117039578039], [163.19891758284737, 62.11704706040603], [163.1989016094284, 62.11731622013301], [163.19947630491836, 62.11732370019885], [163.1994603362666, 62.11759285999751], [163.20003503716967, 62.1176003377621], [163.2000190732854, 62.11786949763246], [163.2005937796015, 62.117876973095754], [163.20062569686678, 62.11733865317301], [163.2000510007312, 62.11733117787884], [163.20006696397, 62.11706201798267], [163.2006416550155, 62.11706949319227], [163.20065761284155, 62.11680033319863], [163.2012322991196, 62.116807805937896], [163.20121634638355, 62.11707696601605], [163.2023657300872, 62.1170919045062], [163.20239761487684, 62.116553583998986], [163.2018229330438, 62.11654611611579], [163.20185482672383, 62.116007795725906], [163.20128015539268, 62.116000325625926], [163.20129610683875, 62.11573116549615], [163.20187077308023, 62.115738635511605], [163.2018867191143, 62.11546947528441], [163.203610704504, 62.11549187076338], [163.20359477373856, 62.11576103124392], [163.20416944126893, 62.11576849171664], [163.20415351527106, 62.11603765226867], [163.20530286147692, 62.116052566225754], [163.2052869453366, 62.11632172693359], [163.20586162401202, 62.11632918041787], [163.20584571263984, 62.11659834119712], [163.20642039672683, 62.11660579237992], [163.20638858319748, 62.11714411406834], [163.2069632777862, 62.117151563033886], [163.20694737562934, 62.11742072394303], [163.20752207562975, 62.11742817060698], [163.2075538694416, 62.11688984860735], [163.20812855958303, 62.11689729271702], [163.20814445091685, 62.11662813161366], [163.20756976586543, 62.116620687588195], [163.207601557749, 62.11608236551125], [163.20645220896984, 62.116067470639955], [163.206468114609, 62.11579830975064], [163.2058934457914, 62.115790858820674], [163.20592526628414, 62.115252537171926], [163.20535060796726, 62.11524508402489], [163.20538243735214, 62.11470676249319], [163.20595708549038, 62.114714215471594], [163.20600481188757, 62.113906732824404], [163.20945261586365, 62.11395139908169], [163.209516124428, 62.11287475335072], [163.20894150998402, 62.11286731527484], [163.20895739141125, 62.11259815389401], [163.20953200076676, 62.11260559188577], [163.20956375248144, 62.112067268917215], [163.2101383519811, 62.11207470435536], [163.2101542222689, 62.11180554276766], [163.21072881700118, 62.1118129757364], [163.21074468188002, 62.111543814051736], [163.21246845273626, 62.111566098393986], [163.21245260312176, 62.1118352603307], [163.2130271991362, 62.11184268375816], [163.21299550912272, 62.1123810077609], [163.21357011563407, 62.11238842897091], [163.21355427523534, 62.11265759103688], [163.21527811195563, 62.11267984060629], [163.2152939370889, 62.11241067828865], [163.21701776142274, 62.1124329061379], [163.2170335709709, 62.11216374355593], [163.21760817463306, 62.11217114798448], [163.21759237017332, 62.11244031065018], [163.2181669792434, 62.11244771277706], [163.21815117955273, 62.1127168755136], [163.219300408828, 62.112731672778544], [163.21928461899526, 62.11300083566962], [163.2198592392004, 62.11300823080759], [163.21982766875502, 62.11354655671845], [163.21925303837222, 62.11353916141318], [163.21922145647235, 62.11407748710529], [163.22094537911212, 62.114099666366286], [163.22096115495438, 62.113830503275764], [163.2215357913832, 62.11383789150805], [163.22152002063004, 62.11410705468213], [163.22209466246676, 62.11411444061239], [163.2220473635623, 62.11492193030817], [163.22089804967175, 62.11490715556068], [163.22088227255378, 62.115176318599765], [163.22030761099734, 62.115168927563936], [163.22027604562513, 62.11570725343633], [163.2208507173609, 62.11571464463937], [163.22083493928596, 62.1159838076399], [163.22140961643052, 62.11599119654079], [163.22137806950371, 62.11652952267044], [163.22022869517372, 62.11651474214852], [163.22019712661063, 62.11705306789236], [163.22134652130134, 62.11706784874871], [163.221362295562, 62.116798685715985], [163.22193698829554, 62.116806072481786], [163.22195275714714, 62.116536909352675], [163.2236768219897, 62.11655905508446], [163.2236925752523, 62.11628989169198], [163.2242672590802, 62.116297268747445], [163.2242515109077, 62.11656643222337], [163.224826200144, 62.116573806976454], [163.22484194322647, 62.11630464341712], [163.225416627691, 62.11631201570098], [163.22540088969865, 62.116581179343726], [163.22655026976236, 62.11659591692071], [163.22653454163228, 62.11686508071731], [163.22538515138814, 62.11685034297361], [163.22533793454738, 62.11765783378627], [163.22591264478166, 62.11766520410117], [163.22592837895624, 62.11739604042643], [163.2265030844181, 62.11740340827203], [163.22647162593196, 62.117941735775375], [163.22589691028895, 62.11793436776308], [163.22588117547812, 62.11820353141215], [163.22645589621183, 62.118210899507794], [163.22629858151774, 62.12090253612578], [163.22514903854253, 62.12088779588099], [163.22513329513987, 62.12115695930544], [163.22455851903786, 62.1211495855202], [163.22452702109356, 62.12168791216368], [163.223952235126, 62.121680535825256], [163.22396798934943, 62.12141137259339], [163.2222436486346, 62.12138922951057], [163.2222594178152, 62.12112006651638], [163.22110986911656, 62.121105292696775], [163.2210940897521, 62.121374455523814], [163.22051931078946, 62.121367064950974], [163.22048774091937, 62.12190539039926], [163.2210625300661, 62.121912781139336], [163.2210467497445, 62.122181943927835], [163.2216215443025, 62.12218933236513], [163.2216057687541, 62.12245849522435], [163.22218056872342, 62.12246588135884], [163.22216479794844, 62.122735044288795], [163.22331440902855, 62.12274980956552], [163.22328288689215, 62.12328813572095], [163.22385770309552, 62.12329551494662], [163.223841946642, 62.12356467808854], [163.22326712534587, 62.123557298779396], [163.2232198387947, 62.12436478787766], [163.22379467536967, 62.124372167437286], [163.2237789176416, 62.124641330527844], [163.22320407597348, 62.12463395088471], [163.22318831283349, 62.12490311387895], [163.22376315959488, 62.12491049360556], [163.2237474012295, 62.12517965667041], [163.22317254937474, 62.1251722768603], [163.22307796192746, 62.12678725447871], [163.22250307982918, 62.12677987178071], [163.22245576651883, 62.12758736016586], [163.22188086945695, 62.127579974830326], [163.22184931546641, 62.12811830018905], [163.22069950192227, 62.12810352202274], [163.22068371425922, 62.12837268451564], [163.2201088028715, 62.12836529176836], [163.22009300979448, 62.12863445416472], [163.2177933470601, 62.128604858970725], [163.21777753328473, 62.12887402101937], [163.21605277430763, 62.12885179930871], [163.21614774386285, 62.12723682833265], [163.21499796727844, 62.12722200293019], [163.2150138046054, 62.126952841223556], [163.21443892188765, 62.126945425025944], [163.21442307946663, 62.12721458664866], [163.21327330480432, 62.127199746924965], [163.21325745187463, 62.12746890836691], [163.21383234413966, 62.12747632950615], [163.213800647507, 62.128014652519326], [163.21437555028115, 62.12802207143957], [163.21434386255538, 62.12856039456916], [163.21491877583898, 62.12856781127029], [163.2148870970209, 62.12910613451626], [163.2154620208143, 62.12911354899817], [163.21541451546943, 62.12992103402231], [163.21426463763305, 62.12990620216795], [163.21428048325845, 62.129637040673934], [163.21370554991603, 62.12962962124998], [163.2137214003159, 62.129360459827055], [163.21257154478283, 62.12934561398581], [163.21260326500013, 62.128807291437326], [163.21202834790424, 62.128799865104156], [163.21206007702767, 62.128261542672206], [163.21033535823304, 62.12823924985508], [163.21036711663925, 62.127700927876134], [163.20921732609244, 62.12768605439982], [163.20918554730892, 62.128224376042176], [163.20746083333316, 62.12820204742065], [163.2073653975647, 62.129817010522565], [163.20966513911534, 62.12984677926502], [163.20968102550106, 62.129577618443385], [163.21025595659725, 62.12958505457706], [163.21027183756678, 62.12931589365843], [163.21142169053283, 62.12933075859628], [163.21138994865245, 62.1298690807571], [163.21081501181897, 62.12986164931352], [163.21079913530215, 62.130130810290524], [163.21137407723077, 62.13013824181819], [163.21135820548807, 62.130407402866396], [163.2107832584642, 62.13039997125465], [163.21071974790118, 62.13147661498233], [163.211294715307, 62.131484046930474], [163.21123121998897, 62.13256069078852], [163.21180620809952, 62.1325681206857], [163.2117744687064, 62.13310644270564], [163.21234946733037, 62.133113870383504], [163.21231773684607, 62.13365219252003], [163.21059271135871, 62.133629901819575]], [[163.21877917576546, 62.1216140413942], [163.21935395886229, 62.121621439209655], [163.21936975382172, 62.12135227664637], [163.21879497581685, 62.121344878914634], [163.21877917576546, 62.1216140413942]], [[163.20923029544196, 62.11771965751662], [163.2109544155321, 62.11774196197271], [163.21097028237796, 62.11747280048736], [163.2103955804507, 62.11746536813866], [163.21041145206604, 62.1171962067245], [163.20983675554996, 62.11718877207403], [163.20982087884434, 62.117457933404076], [163.20924617755895, 62.11745049628361], [163.20923029544196, 62.11771965751662]], [[163.21615843485847, 62.117270422006946], [163.21730783525845, 62.11728523643296], [163.21733945536235, 62.11674691155181], [163.21676476518292, 62.116739505699286], [163.21678057984548, 62.11647034332319], [163.2162058950759, 62.116462935168656], [163.21622171450866, 62.11619377286349], [163.2150723561089, 62.116178949564706], [163.21508818540158, 62.115909787414346], [163.21393883846153, 62.11589495474028], [163.21390715919665, 62.116433278692526], [163.21505652649623, 62.11644811170217], [163.21504069656348, 62.11671727382679], [163.2156153857834, 62.116724686836776], [163.21559956062077, 62.116993849032376], [163.21617425525076, 62.1170012597404], [163.21615843485847, 62.117270422006946]]]}, "properties": {"zone_id": "upload_05b712ec-Z0036", "scene": "upload_05b712ec", "pixel_count": 2565, "approx_area_m2": 2308500.0, "centroid_x": 406677.3216374269, "centroid_y": 6889040.432748538, "centroid_lon": 163.21094957630598, "centroid_lat": 62.12183117805092, "mean_risk": 1.4736368656158447, "max_risk": 1.6248126029968262, "median_risk": 1.4623407125473022, "high_priority_pixel_pct": 100.0, "priority_category": "HIGH PRIORITY", "threshold_type": "95th percentile prioritisation threshold", "recommendation": "Spectral-stress evidence detected. Prioritise field inspection to determine the underlying cause. Field verification required.", "priority_rank": 9}}, {"type": "Feature", "geometry": {"type": "Polygon", "coordinates": [[[163.54021251791016, 62.135613025230825], [163.54022547506906, 62.13534382056356], [163.53907520685507, 62.13533168612536], [163.53908817395273, 62.13506248158336], [163.5396633028282, 62.135068549928086], [163.53967626456316, 62.1347993453053], [163.54025138860052, 62.134805411192765], [163.54026434497305, 62.13453620648921], [163.54083946417228, 62.134542269919486], [163.54085241518248, 62.134273065135204], [163.54027730108342, 62.13426700177359], [163.54029025693168, 62.13399779704583], [163.53971514819474, 62.133991731364304], [163.5397281088808, 62.13372252669311], [163.5403032125178, 62.13372859230596], [163.5403291229038, 62.133190182789924], [163.53975402946637, 62.133184117314386], [163.53976698936586, 62.13291491260686], [163.54034207770368, 62.13292097801376], [163.54035503224148, 62.132651773225504], [163.54093011574184, 62.1326578361754], [163.5409171663036, 62.132927041032275], [163.5414922551655, 62.13293310166241], [163.5414793105649, 62.13320230657578], [163.54090421660337, 62.13319624587706], [163.54089126664115, 62.13346545070974], [163.5414663657024, 62.13347151147707], [163.54145342057805, 62.13374071636626], [163.54260362968589, 62.133752830872716], [163.54259069449952, 62.134022035886915], [163.54201558471476, 62.13401597975939], [163.54200264416662, 62.134285184692956], [163.54372798960614, 62.13430334611564], [163.5437021383258, 62.13484175635757], [163.5431270127172, 62.13483570480155], [163.54311408158438, 62.1351049098359], [163.54253895113703, 62.13509885582276], [163.5425260146421, 62.135368060776486], [163.54195087935597, 62.13536200430619], [163.54196382095137, 62.13509279942103], [163.54138869102758, 62.135086740630705], [163.5413757443317, 62.13535594544728], [163.54080060956937, 62.135349884199734], [163.540787657511, 62.135619088935634], [163.54021251791016, 62.135613025230825]]]}, "properties": {"zone_id": "upload_05b712ec-Z0037", "scene": "upload_05b712ec", "pixel_count": 49, "approx_area_m2": 44100.0, "centroid_x": 423937.3469387755, "centroid_y": 6890028.979591837, "centroid_lon": 163.5412661519535, "centroid_lat": 62.13458249584867, "mean_risk": 1.4255176782608032, "max_risk": 1.4648505449295044, "median_risk": 1.4220527410507202, "high_priority_pixel_pct": 100.0, "priority_category": "HIGH PRIORITY", "threshold_type": "95th percentile prioritisation threshold", "recommendation": "Spectral-stress evidence detected. Prioritise field inspection to determine the underlying cause. Field verification required.", "priority_rank": 58}}, {"type": "Feature", "geometry": {"type": "Polygon", "coordinates": [[[163.544380622242, 62.1326941637192], [163.54439354082157, 62.13242495843904], [163.54151814358104, 62.13239469179932], [163.54153108739604, 62.13212548684965], [163.54095601383244, 62.1321194264253], [163.54096896248478, 62.1318502215321], [163.54154403094918, 62.131856281887856], [163.54155697424045, 62.13158707691399], [163.54098191087522, 62.13158101662682], [163.5409948590037, 62.13131181170942], [163.54329509363922, 62.13133603825438], [163.543269237913, 62.13187444862545], [163.5426941686634, 62.13186839543453], [163.54268123530872, 62.13213760053343], [163.54498153427298, 62.13216179924129], [163.54496862105412, 62.132431004601955], [163.5455437015479, 62.13243704837655], [163.5455307931673, 62.13270625379355], [163.544380622242, 62.1326941637192]]]}, "properties": {"zone_id": "upload_05b712ec-Z0038", "scene": "upload_05b712ec", "pixel_count": 18, "approx_area_m2": 16200.0, "centroid_x": 424011.6666666667, "centroid_y": 6889738.333333333, "centroid_lon": 163.54281621418565, "centroid_lat": 62.13198938751336, "mean_risk": 1.4209343194961548, "max_risk": 1.4426580667495728, "median_risk": 1.4185203313827515, "high_priority_pixel_pct": 100.0, "priority_category": "HIGH PRIORITY", "threshold_type": "95th percentile prioritisation threshold", "recommendation": "Spectral-stress evidence detected. Prioritise field inspection to determine the underlying cause. Field verification required.", "priority_rank": 62}}, {"type": "Feature", "geometry": {"type": "Polygon", "coordinates": [[[163.52697142902366, 62.12389103925819], [163.52698449722172, 62.12362183572462], [163.5264095885244, 62.12361571535266], [163.52644880682004, 62.12280810488687], [163.52759859390454, 62.122820342827914], [163.52758553159498, 62.12308954646711], [163.52816043062919, 62.12309566192584], [163.5281473731512, 62.123364865622115], [163.52872227754523, 62.123370978762644], [163.52870922489902, 62.12364018251597], [163.52813431540912, 62.12363406930627], [163.52812125740294, 62.12390327297828], [163.52697142902366, 62.12389103925819]]]}, "properties": {"zone_id": "upload_05b712ec-Z0039", "scene": "upload_05b712ec", "pixel_count": 11, "approx_area_m2": 9900.0, "centroid_x": 423185.45454545453, "centroid_y": 6888796.363636363, "centroid_lon": 163.52738895120197, "centroid_lat": 62.12336904027095, "mean_risk": 1.4455024003982544, "max_risk": 1.484311819076538, "median_risk": 1.446600079536438, "high_priority_pixel_pct": 100.0, "priority_category": "HIGH PRIORITY", "threshold_type": "95th percentile prioritisation threshold", "recommendation": "Spectral-stress evidence detected. Prioritise field inspection to determine the underlying cause. Field verification required.", "priority_rank": 36}}, {"type": "Feature", "geometry": {"type": "Polygon", "coordinates": [[[163.1990134165801, 62.11543210177305], [163.19902938773876, 62.11516294195572], [163.1978800791632, 62.11514797602098], [163.19789606017753, 62.11487881636001], [163.19732141146355, 62.114871329898904], [163.19733739724393, 62.1146021703097], [163.19791204086877, 62.11460965668612], [163.19792802123695, 62.11434049699932], [163.19965193878218, 62.11436294156136], [163.1996200082574, 62.11490126142981], [163.20134395924208, 62.114923685029325], [163.20132800876343, 62.115192845197825], [163.20075335302332, 62.11518537296572], [163.2007373971328, 62.1154545330368], [163.1990134165801, 62.11543210177305]]]}, "properties": {"zone_id": "upload_05b712ec-Z0040", "scene": "upload_05b712ec", "pixel_count": 16, "approx_area_m2": 14400.0, "centroid_x": 406044.375, "centroid_y": 6888286.875, "centroid_lon": 163.19922393849737, "centroid_lat": 62.114912942155755, "mean_risk": 1.4225432872772217, "max_risk": 1.4399088621139526, "median_risk": 1.4194226264953613, "high_priority_pixel_pct": 100.0, "priority_category": "HIGH PRIORITY", "threshold_type": "95th percentile prioritisation threshold", "recommendation": "Spectral-stress evidence detected. Prioritise field inspection to determine the underlying cause. Field verification required.", "priority_rank": 60}}, {"type": "Feature", "geometry": {"type": "Polygon", "coordinates": [[[163.44761183390762, 62.11224964544433], [163.44763936427177, 62.11171125715129], [163.44706470211352, 62.111704807942274], [163.44707847196872, 62.111435613850254], [163.44650381517937, 62.1114291623282], [163.44651758984662, 62.11115996829684], [163.44594293842616, 62.111153514461826], [163.44598427602776, 62.110345932512864], [163.4465589121776, 62.11035238612885], [163.44657268573104, 62.110083192048265], [163.4471473170693, 62.11008964320542], [163.4471748531612, 62.109551254861316], [163.44660023200262, 62.109544803850106], [163.4466140047208, 62.10927560973255], [163.44603938893033, 62.10926915640855], [163.4460531664597, 62.10899996235169], [163.44662777716056, 62.10900641560271], [163.4466415493219, 62.108737221460544], [163.4477907613797, 62.10875012065945], [163.44780452308387, 62.10848092635908], [163.44665532120487, 62.10846802730607], [163.44666909280946, 62.10819883313927], [163.44609449737675, 62.10819238010724], [163.44612204992904, 62.10765399188269], [163.44727122071632, 62.1076668952692], [163.4472849863968, 62.107397700992536], [163.44785956711888, 62.107404149034465], [163.44788708746745, 62.10686576029829], [163.44731251692306, 62.106859312402236], [163.44732628176882, 62.10659011808863], [163.44790084722453, 62.10659656591175], [163.44792836590435, 62.106058177101744], [163.44563014645942, 62.10603237208005], [163.4456439257356, 62.10576317794844], [163.44621847509097, 62.10576963270902], [163.44623224900042, 62.10550043849209], [163.44795588347174, 62.105519788242496], [163.4479696418383, 62.105250593794395], [163.44739510182447, 62.1052441463359], [163.44740886500102, 62.10497495194844], [163.44683433035343, 62.10496850217753], [163.44682056208882, 62.10523769649206], [163.44624602263144, 62.105231244262846], [163.44625979598408, 62.104962050021314], [163.44511072808072, 62.10494913855288], [163.44512451133085, 62.104679944445046], [163.44454998288492, 62.104673485205915], [163.4445637709443, 62.10440429115883], [163.4451382943024, 62.104410750324924], [163.44519342340303, 62.10333397372117], [163.44576792668943, 62.1033404302099], [163.44579547939395, 62.10280204168808], [163.44636997278423, 62.10280849564566], [163.44634243025428, 62.10334688431346], [163.44691693409743, 62.10335333603185], [163.4469582322132, 62.102545752792786], [163.4475327210729, 62.1025522019072], [163.447546481468, 62.10228300739664], [163.44812096551877, 62.10228945405306], [163.44814847530102, 62.10175106484916], [163.44872294945597, 62.10175750897474], [163.44875044795288, 62.10121911957586], [163.44932491221235, 62.10122556117074], [163.44935239942484, 62.10068717157693], [163.44820349152974, 62.100674286293646], [163.44821724489205, 62.10040509162401], [163.4476427964477, 62.10039864547791], [163.44767031251084, 62.09986025624748], [163.44652143680094, 62.09984735709245], [163.4465076687362, 62.10011655156796], [163.44593322621245, 62.100110098340224], [163.44597454483, 62.099302515095744], [163.44654897209577, 62.09930896810453], [163.44657650627775, 62.09877057906735], [163.44600208918345, 62.09876412620453], [163.4460158609427, 62.09849493174045], [163.44429262658667, 62.09847555906282], [163.44430641332403, 62.098206364805485], [163.44315760198373, 62.09819343790991], [163.44317139861317, 62.09792424378644], [163.4425969984465, 62.09791777683482], [163.44258319673173, 62.098186970885166], [163.44200879175864, 62.09818050147579], [163.44199498467955, 62.098449695440635], [163.4425693947381, 62.09845616492318], [163.4425555924655, 62.098725358948876], [163.44198117732148, 62.09871888939316], [163.44196736968436, 62.09898808333335], [163.44254178991403, 62.098994552962225], [163.44252798708365, 62.09926374696328], [163.44310241267797, 62.099270214280565], [163.44313000788847, 62.09873182611987], [163.44427883957076, 62.09874475330783], [163.4442650522762, 62.099013947540506], [163.44483947362093, 62.09902040763048], [163.44482569113353, 62.09928960192392], [163.444251264703, 62.09928314176088], [163.4442099003117, 62.10009072434809], [163.4424865769188, 62.10007132889246], [163.44250038058604, 62.09980213492839], [163.4419259450989, 62.09979566508004], [163.44193975357308, 62.0995264711768], [163.4413653234509, 62.09951999901684], [163.44137913673188, 62.09925080517449], [163.44023028749672, 62.09923785384675], [163.4402164640441, 62.09950704754264], [163.44079089360787, 62.09951352447213], [163.4407770749618, 62.099782718228944], [163.4396282059418, 62.0997697618387], [163.43964203475963, 62.09950056822841], [163.43906760575467, 62.09949408652938], [163.43909527272353, 62.09895569941841], [163.43966969155701, 62.09896218097081], [163.43968351953654, 62.09869298732353], [163.44025793356388, 62.098699466417976], [163.44028557851377, 62.09816107893987], [163.44085998264956, 62.098167555503146], [163.4408876163117, 62.09762916782926], [163.43973882866038, 62.09761621261111], [163.43975265524287, 62.09734701890216], [163.43917826692132, 62.09734053778953], [163.43919209830935, 62.09707134414156], [163.43861771535225, 62.09706486071771], [163.43865922309374, 62.09625727991974], [163.4375104885269, 62.0962443063586], [163.43749664272337, 62.09651349982355], [163.43634789910638, 62.09650051657789], [163.43637561077193, 62.095962129929276], [163.43580124955247, 62.09595563487667], [163.43581511004973, 62.09568644160733], [163.4363894661848, 62.095692936586495], [163.43641717617064, 62.095154549863864], [163.43526848451756, 62.095141557815], [163.43528234925876, 62.09487236458208], [163.43585668986117, 62.09487886172522], [163.43588440833528, 62.09434047507545], [163.43531007790074, 62.094333978079256], [163.43532394180153, 62.094064784809326], [163.4347496167309, 62.0940582855024], [163.43472187848153, 62.09459667188291], [163.43414754352347, 62.09459017004474], [163.4341197939851, 62.095128556228865], [163.43124807256189, 62.09509601053828], [163.43130367219518, 62.09401923959267], [163.431877995583, 62.09402575320477], [163.43190578354748, 62.09348736751056], [163.43248009704885, 62.09349387859123], [163.4324939855266, 62.09322468565199], [163.4313453689714, 62.093211661253775], [163.43131757140142, 62.09375004682537], [163.43074325337807, 62.09374353090278], [163.4307293490882, 62.094012723596386], [163.43015502626218, 62.09400620521592], [163.43019675353946, 62.09319862731916], [163.43077106111497, 62.09320514547853], [163.43079886772824, 62.092666760004875], [163.43137316541817, 62.0926732756328], [163.43138706322034, 62.092404082803775], [163.43196135610793, 62.092410595973995], [163.43197524854634, 62.09214140305897], [163.4325495366316, 62.09214791377155], [163.43256342370643, 62.09187872077059], [163.43313770698933, 62.091885229025586], [163.43315158870072, 62.09161603593867], [163.43372586718127, 62.09162254173612], [163.43373974352951, 62.091353348563324], [163.43488829116603, 62.09136635285931], [163.43491602269117, 62.09082796618261], [163.43549028676452, 62.09083446460777], [163.43550414702446, 62.090565271177454], [163.43607840629537, 62.090571767145285], [163.43609226119293, 62.09030257362913], [163.4366665156614, 62.09030906713969], [163.43669421445244, 62.08977067992361], [163.4378427038998, 62.089783659499744], [163.43785654271153, 62.08951446572645], [163.43843078277254, 62.08952095186552], [163.43847228228478, 62.08871337025161], [163.43904650737966, 62.088719853787], [163.4390603349098, 62.088450659817745], [163.43963455520233, 62.08845714089619], [163.43966219926168, 62.08791875277412], [163.44023640967035, 62.08792523132241], [163.44025022619982, 62.08765603716963], [163.44082443180622, 62.087662513261115], [163.4408520538654, 62.08712412477215], [163.44142624958832, 62.08713059833367], [163.44144005511833, 62.08686140399754], [163.442014246039, 62.08686787510238], [163.44202804620917, 62.08659868068074], [163.44260223232763, 62.08660514932895], [163.44261602713814, 62.086335954821855], [163.4437643900491, 62.08634888482169], [163.44377817441935, 62.086079690156076], [163.44435235121173, 62.08608615150777], [163.44443502110346, 62.08447098281716], [163.44558331455744, 62.08448389749422], [163.44559708173844, 62.08421470252335], [163.44846779483737, 62.08424694714424], [163.44849527756526, 62.08370855643648], [163.44906941085813, 62.083714998065254], [163.4490831467259, 62.08344580262011], [163.45023140398408, 62.08345867858249], [163.45025885456846, 62.082920287364146], [163.450832973454, 62.082926721625086], [163.45090156966697, 62.08158074300015], [163.45204975747546, 62.08159360364572], [163.45206346572866, 62.08132440773846], [163.45263755496916, 62.08133083441412], [163.4526512578665, 62.08106163842185], [163.45322534230476, 62.08106806264192], [163.45325273711157, 62.080529670475315], [163.45382681166876, 62.08053609216726], [163.45384050357856, 62.08026689599291], [163.4544145733336, 62.080273315229384], [163.45444194616644, 62.079734922698684], [163.45673818732124, 62.07976057523586], [163.45676551842158, 62.07922218207604], [163.45733956924377, 62.07922858910844], [163.45736688908383, 62.0786901957546], [163.45794093002553, 62.078696600259406], [163.45795458445372, 62.07842740349167], [163.45852862059314, 62.07843380554141], [163.45854226966767, 62.07816460868898], [163.45911630100477, 62.07817100828369], [163.45912994472582, 62.07790181134666], [163.45970397126058, 62.07790820848639], [163.45971760962837, 62.07763901146476], [163.4602916313608, 62.077645406149536], [163.4603052643755, 62.07737620904336], [163.45973124772073, 62.077369814430845], [163.45978579733617, 62.07629302617231], [163.46035979368133, 62.076299420495715], [163.4603734253196, 62.0760302233281], [163.46094741686292, 62.07603661519676], [163.46097466915967, 62.07549822068017], [163.46212263276368, 62.07551099698128], [163.4621362483456, 62.07524179956017], [163.4627102254832, 62.075248184064954], [163.46272383571343, 62.07497898655937], [163.4632978080491, 62.07498536860962], [163.46331141292782, 62.07471617101965], [163.46560728470996, 62.07474167510868], [163.46562086900764, 62.07447247721819], [163.46619483256256, 62.07447884721256], [163.46620841150946, 62.07420964923781], [163.46563445303102, 62.074203279315384], [163.46564803678007, 62.07393408140033], [163.46679594385833, 62.073946818718895], [163.4668095171805, 62.073677620647594], [163.47197506690065, 62.073734820011765], [163.472015648167, 62.0729272237849], [163.47258958427446, 62.07293356714344], [163.47261662693455, 62.07239516945416], [163.47319055316316, 62.072401510287186], [163.47317703704553, 62.07267070920959], [163.47375096862294, 62.07267704773211], [163.47373745730837, 62.072946246713926], [163.47488533143354, 62.072958916755624], [163.4748988325961, 62.07268971763062], [163.47547276499162, 62.07269604900664], [163.4754862608057, 62.072426849797836], [163.47606018839778, 62.072433178720146], [163.47607367886351, 62.072163979427536], [163.47664760165222, 62.07217030589622], [163.47666108676984, 62.071901106519874], [163.47723500475507, 62.071907430534935], [163.4772484845248, 62.071638231074886], [163.47782239770657, 62.07164455263642], [163.4778358721286, 62.07137535309266], [163.48070541673857, 62.07140692481232], [163.48069196769433, 62.07167612471289], [163.48126588250696, 62.071682431981934], [163.4812927701728, 62.07114403202601], [163.48071886551125, 62.07113772489953], [163.480745762242, 62.070599325037186], [163.48189355153525, 62.07061193662308], [163.4819338641446, 62.06980433631022], [163.48135998458747, 62.069798031922005], [163.4813734266562, 62.06952883186448], [163.48079955244538, 62.06952252516563], [163.4808129993175, 62.06925332516714], [163.48138686845354, 62.0692596317947], [163.4814137512341, 62.06872123161845], [163.4825614700218, 62.06873383744313], [163.4825749008561, 62.06846463719418], [163.48314875558222, 62.06847093646266], [163.48316218107098, 62.06820173613028], [163.48373603099378, 62.06820803294581], [163.48370918989409, 62.06874643374065], [163.4848569108502, 62.06875902051095], [163.48484350004313, 62.06902822103225], [163.48656509873152, 62.069047083537335], [163.48655170287788, 62.06931628425957], [163.48712557472308, 62.06932256706858], [163.48711218367382, 62.06959176784961], [163.48768606086423, 62.069598048347736], [163.48767267461955, 62.06986724918748], [163.48709879235417, 62.069860968618364], [163.48708540076416, 62.070130169374906], [163.4865115136941, 62.07012388635285], [163.48652491035912, 62.06985468566732], [163.4859510286346, 62.06984840033437], [163.48596443010413, 62.06957919970765], [163.48366892621237, 62.069554034841104], [163.48365550444316, 62.069823235183435], [163.48308162407253, 62.069816937940935], [163.48306819695736, 62.070086138199876], [163.48421596811963, 62.07009873044529], [163.4842293850848, 62.06982953004403], [163.48537714718063, 62.06984211261952], [163.4853637403655, 62.07011131316295], [163.4859376268945, 62.07011760094887], [163.48591082260256, 62.07065600214118], [163.48533692592318, 62.07064971421315], [163.48531011039805, 62.07118811521443], [163.4858840172282, 62.071194403284586], [163.4858706141351, 62.071463603837955], [163.48701843875824, 62.07147617297419], [163.48703183170025, 62.07120697227878], [163.4881796472539, 62.07121953174475], [163.48816626446305, 62.07148873258211], [163.48759235147548, 62.07148245396918], [163.4875655749317, 62.072020855465276], [163.48813949807072, 62.072027134220086], [163.4881261144692, 62.072296335020766], [163.48870004295435, 62.0723026114644], [163.4886866641586, 62.07257181232377], [163.48926059798987, 62.07257808645614], [163.48924722400005, 62.07284728737419], [163.48752540808854, 62.07282845761769], [163.4874986288413, 62.07336685899149], [163.48864652615046, 62.07337941482854], [163.4886331462741, 62.07364861563901], [163.48978105481672, 62.07366116208873], [163.48975431455975, 62.074199563956626], [163.48860638571088, 62.074187017223274], [163.48859300502397, 62.07445621799708], [163.48801903592806, 62.074449940985936], [163.48797887701545, 62.075257543021145], [163.48855286134207, 62.07526382024512], [163.48853947957434, 62.07553302097005], [163.48911346924834, 62.07553929588247], [163.48910009228763, 62.07580849666606], [163.48795210305542, 62.07579594431681], [163.48796549017058, 62.075526743675105], [163.48681751217416, 62.075514181937784], [163.48687109854723, 62.0744373798165], [163.48744506710244, 62.074443661592426], [163.48745845794272, 62.07417446096052], [163.48631053125618, 62.07416189516836], [163.48632393197926, 62.07389269466626], [163.4857499741184, 62.07388640826772], [163.48569634929558, 62.074963209918494], [163.48512237139852, 62.074956920853296], [163.48510895943906, 62.07522612116435], [163.48568294241306, 62.07523241030061], [163.48566953525983, 62.07550161067049], [163.4862435235817, 62.075507897495385], [163.48623012123488, 62.075777097924075], [163.48450814185017, 62.07575823008876], [163.4844947240009, 62.076027430291994], [163.48506872193562, 62.07603372202405], [163.48505530889275, 62.07630292228617], [163.4856293121757, 62.07630921170678], [163.48557567760614, 62.07738601291725], [163.48614970147045, 62.077392300239566], [163.486136297229, 62.077661500582686], [163.4849882396154, 62.07764892341324], [163.4849614100082, 62.078187323778444], [163.4855354488357, 62.0781936136967], [163.48554885869666, 62.077924413449125], [163.48669692700778, 62.07793698599529], [163.4866701273277, 62.07847538676243], [163.48724417204556, 62.07848166960344], [163.48731114382613, 62.077135667238785], [163.48903320343186, 62.07715450040074], [163.48904658174334, 62.07688529967825], [163.49019461267602, 62.076897843064515], [163.49018124452004, 62.07716704392879], [163.48960722384092, 62.07716077335608], [163.48958047656328, 62.0776991749062], [163.49015450739822, 62.07770544562065], [163.49016787609412, 62.07743624478083], [163.49074190212107, 62.077442513041696], [163.49075526546915, 62.07717331211881], [163.4919033081768, 62.077185841350875], [163.49191666109942, 62.076916640274156], [163.49076862854733, 62.07690411118371], [163.49078199135568, 62.07663491023637], [163.48963397003828, 62.0766223717571], [163.48964734273187, 62.07635317093926], [163.49079535389416, 62.07636570927681], [163.49080871616283, 62.07609650830504], [163.49195671824953, 62.07610903697067], [163.4919834216681, 62.07557063470726], [163.49140943064452, 62.075564371707316], [163.4914494989815, 62.07475676843291], [163.4925974508359, 62.07476929162568], [163.4925841051472, 62.07503849287091], [163.49430605018063, 62.07505726000397], [163.49431938063836, 62.07478805854664], [163.4948933577777, 62.0747943094221], [163.49492000773196, 62.07425590632951], [163.4954939749867, 62.07426215468129], [163.49550729448353, 62.07399295304604], [163.4966552196463, 62.07400544246129], [163.49664191030286, 62.07427464423771], [163.49951175329468, 62.07430582643695], [163.49952503725444, 62.0740366243081], [163.49895107319594, 62.07403039270347], [163.4989643619641, 62.07376119063287], [163.49839040325057, 62.073754956716336], [163.49840369682695, 62.07348575470398], [163.49668183752692, 62.073467038871875], [163.49670845433266, 62.072928635233616], [163.49785633995864, 62.07294111455526], [163.49786963780602, 62.072671912576794], [163.4995914530299, 62.07269061348095], [163.4995781704112, 62.07295981567079], [163.50015211443196, 62.07296604461144], [163.50013883662143, 62.07323524685949], [163.5012867356198, 62.073247697734715], [163.50127346769412, 62.07351690011124], [163.5018474226717, 62.07352312204573], [163.50188721041596, 62.072715514668545], [163.5013132706675, 62.07270929294499], [163.50133980464366, 62.07217088810653], [163.50420945530146, 62.0722019721991], [163.5042226965078, 62.07193276941026], [163.5053705484912, 62.07194518623159], [163.50533085452662, 62.07275279498254], [163.50475691317297, 62.072746587552494], [163.5047039638406, 62.07382339876915], [163.50527792550014, 62.073829606479826], [163.50523822592461, 62.07463721497482], [163.50466424903465, 62.074631007053654], [163.5046774875706, 62.07436180430437], [163.50352954474653, 62.07434938145512], [163.50350304709937, 62.07488778666073], [163.50465101023133, 62.074900209790776], [163.5046377711607, 62.07516941251571], [163.50406378438385, 62.075163202071735], [163.5040240503359, 62.075970809962776], [163.50345004859452, 62.07596459692564], [163.50346329862205, 62.0756953943777], [163.50231530609702, 62.07568296129622], [163.5023285660116, 62.07541375887661], [163.50060659446444, 62.0753950915963], [163.50059331931794, 62.075664293804934], [163.50116731464303, 62.075670518684575], [163.50115404430582, 62.07593972095133], [163.5017280449763, 62.07594594351876], [163.50171477944863, 62.076215145843676], [163.5028627917481, 62.07622758397143], [163.50284953610776, 62.07649678642472], [163.50342354773667, 62.07650300198495], [163.5034102969064, 62.076772204496336], [163.50513234863152, 62.076790837091835], [163.50511911276718, 62.07706003980162], [163.50569313562144, 62.077066245971615], [163.50567990456776, 62.07733544873935], [163.50510587663555, 62.07732924249921], [163.5050926402366, 62.077598445184606], [163.503944575018, 62.07758602541579], [163.50391808110535, 62.07812443046928], [163.50449212373732, 62.07813064168546], [163.50450536574917, 62.07786143909461], [163.50622748001447, 62.07788005823595], [163.50621425323743, 62.078149261037275], [163.50678829693854, 62.078155462722286], [163.50677507497278, 62.07842466558152], [163.50907127275988, 62.078449448773654], [163.50909767579756, 62.07791104248275], [163.5096717157544, 62.07791723218377], [163.50964532287347, 62.0784556386146], [163.51021937325356, 62.0784618260727], [163.51020618149187, 62.07873102933975], [163.51078023721692, 62.07873721448495], [163.5107538630517, 62.07927562112242], [163.51132792920043, 62.07928180402452], [163.51131474679718, 62.079551007394876], [163.51188881829106, 62.079557187983895], [163.5119151726737, 62.07901878109126], [163.51421142067883, 62.07904347905939], [163.51422457715626, 62.07877427531565], [163.51537269259606, 62.07878660986285], [163.51535954627604, 62.07905581374603], [163.51478548334464, 62.079049647594175], [163.51475917975037, 62.07958805518463], [163.51418510692685, 62.0795818865104], [163.51417194965228, 62.079851090217645], [163.51244971753948, 62.07983256968784], [163.51243654476193, 62.08010177317357], [163.51301062694603, 62.08010794913629], [163.51299745898157, 62.080377152679645], [163.51357154651083, 62.080383326329155], [163.5135583833597, 62.08065252993014], [163.51298429075118, 62.080646356210856], [163.51294478446417, 62.0814539667314], [163.51351889231123, 62.081460140660056], [163.51349256361618, 62.0819985477525], [163.51406668188864, 62.08200471943753], [163.5140798412893, 62.081735515827624], [163.51522806847186, 62.08174785190865], [163.51521491923089, 62.08201705565801], [163.51578903830043, 62.08202322019341], [163.51576274918165, 62.082561627795], [163.51691100843712, 62.08257394999479], [163.5168978736398, 62.08284315391665], [163.52091682494677, 62.08288620702946], [163.52090372544623, 62.08315541142586], [163.5220520097917, 62.08316769100428], [163.5220258303188, 62.08370610003824], [163.52087752565137, 62.083693820182184], [163.52086442535708, 62.0839630245421], [163.52143858263915, 62.08396916573125], [163.5214254871609, 62.08423837014847], [163.5202771626999, 62.084226085247856], [163.52029026833958, 62.08395688096954], [163.51914195509892, 62.08394458667413], [163.5191550706351, 62.083675382522664], [163.5185809194927, 62.083669231869365], [163.5185940398445, 62.08340002777524], [163.51744574851585, 62.083387719457654], [163.51745887876336, 62.08311851549053], [163.51688473857718, 62.083112357826316], [163.51683219567357, 62.08418917334344], [163.5156838754531, 62.08417685030781], [163.51571016775804, 62.08363844285222], [163.5151360182073, 62.08363227789865], [163.51516231961094, 62.08309387053375], [163.51573645900086, 62.08310003534793], [163.515749604224, 62.08283083157753], [163.51517546991434, 62.08282466683306], [163.51520176972429, 62.082286259395175], [163.5146276458404, 62.08228009240685], [163.51461449098818, 62.08254929606215], [163.51346623385757, 62.08253695479624], [163.51347939886983, 62.08226775128045], [163.5129052757833, 62.08226157714241], [163.51289210569104, 62.08253078058841], [163.51231797779056, 62.08252460399732], [163.51230480235216, 62.082793807361305], [163.51173066963767, 62.08278762831712], [163.51170430780195, 62.083326034868904], [163.5111301651932, 62.083319853301674], [163.51110379213162, 62.08385825966498], [163.5116779449013, 62.08386444137199], [163.51166476305156, 62.08413364460528], [163.50994229029996, 62.0841150921244], [163.50996868421646, 62.08357668606512], [163.50824624434716, 62.08355811255351], [163.50823303228077, 62.083827315379274], [163.5076588811108, 62.08382111937197], [163.50763244601617, 62.08435952484687], [163.50705828495197, 62.08435332631608], [163.50704506192344, 62.08462252896517], [163.50647089604558, 62.08461632798086], [163.50645766766908, 62.08488553054767], [163.50588349697756, 62.08487932710978], [163.50585702926094, 62.08541773206657], [163.50643121011444, 62.08542393564473], [163.50641798093628, 62.085693138174996], [163.50699216713818, 62.085699339439735], [163.5069392680788, 62.08677614971935], [163.50579085529094, 62.086763744245324], [163.50575114770064, 62.08757135140639], [163.50632536920625, 62.08757755554566], [163.50631213789003, 62.08784675797843], [163.50516368498222, 62.08783434717583], [163.5051769264624, 62.08756514488337], [163.5046027054917, 62.087558935976624], [163.5045762120998, 62.08809734040899], [163.50342775063325, 62.08808491516333], [163.50333494417714, 62.08996932930927], [163.50390921035375, 62.08997554361581], [163.50389595630006, 62.09024474565816], [163.50447022782734, 62.090250957650944], [163.50445697858885, 62.090520159751335], [163.50503125546675, 62.09052636943034], [163.50501801104366, 62.09079557158877], [163.5073151415625, 62.09082038674496], [163.50732836565317, 62.09055118430594], [163.50790264386794, 62.09055738206474], [163.50792908108184, 62.090018977010025], [163.50965188683023, 62.09003755556201], [163.50966508978811, 62.089768352806324], [163.51023935382165, 62.08977454081903], [163.51027894584698, 62.08896693226904], [163.51085319489923, 62.08897311768794], [163.5108400029066, 62.08924232062005], [163.5114142573079, 62.08924850372499], [163.51140107013146, 62.089517706714815], [163.5119753298818, 62.089523887505706], [163.51198851197563, 62.089254684446], [163.51313702210987, 62.08926703873621], [163.51312385018142, 62.0895362419356], [163.51427237154545, 62.08954858682969], [163.5142592095165, 62.08981779015653], [163.51540774210977, 62.08983012565422], [163.51543404557074, 62.08929171870946], [163.5142855333085, 62.08927938349073], [163.51432501700234, 62.08847177340078], [163.51489925775306, 62.08847794199287], [163.51491241337027, 62.0882087385355], [163.51548664930445, 62.08821490467404], [163.51549979957372, 62.087945701134764], [163.51664826207457, 62.08795802612099], [163.51670081983949, 62.086881211284926], [163.51612660878413, 62.08687505026234], [163.5161660395657, 62.08606743921656], [163.51788862779347, 62.08608591450656], [163.51787549970965, 62.08635511840953], [163.5184497013976, 62.08636127214185], [163.5184365781302, 62.08663047610223], [163.5195849924646, 62.08664277655499], [163.51957187909554, 62.086911980642284], [163.52014609174188, 62.08691812736262], [163.52018541580935, 62.08611051485582], [163.51903702127143, 62.08609821944846], [163.51905013892724, 62.08582901539422], [163.51790175561212, 62.08581671059145], [163.51792801045386, 62.08527830272471], [163.51735382935652, 62.085272146887114], [163.51738009329972, 62.08473373911094], [163.52025095062635, 62.08476449376805], [163.52023784419248, 62.08503369800991], [163.52138619913913, 62.08504598332717], [163.52137310260278, 62.08531518769577], [163.52252146876995, 62.0853274636177], [163.52250838213155, 62.08559666811292], [163.52365675951864, 62.08560893463929], [163.5236698359945, 62.08533973000537], [163.5230956522501, 62.085333598003324], [163.52310873354293, 62.08506439342658], [163.52253455514398, 62.08505825911032], [163.522560727099, 62.0845198500591], [163.5219865591264, 62.084513713498055], [163.52201274018574, 62.08397530453698], [163.5237352144116, 62.08399370665361], [163.5237221392564, 62.084262911348276], [163.5260187955777, 62.08428741441276], [163.52600574048193, 62.084556619372265], [163.5277282507349, 62.08457497185173], [163.52774129058787, 62.08430576668475], [163.52659296031752, 62.08429353422022], [163.52663210878043, 62.083485919061296], [163.52892870940607, 62.08351037362705], [163.5289156805045, 62.08377957896863], [163.5294898363997, 62.08378568672063], [163.5294637879686, 62.08432409750548], [163.53061212087135, 62.08433630613525], [163.53059910642313, 62.08460551164747], [163.53117327834985, 62.0846116124561], [163.53116026871976, 62.084880818025205], [163.53230862352362, 62.084893012629784], [163.53229562379312, 62.08516221832459], [163.5328698066702, 62.08516831212047], [163.5328308211473, 62.08597592933884], [163.53225662302603, 62.085969835336286], [163.53226962354432, 62.085700629677845], [163.5316954307672, 62.08569453336055], [163.5316824251674, 62.08596373895007], [163.53053403023833, 62.08595153902671], [163.53052101421264, 62.08622074446617], [163.53166941930485, 62.086232944527445], [163.53161739322735, 62.087309766715656], [163.5298947250013, 62.08729146222046], [163.52985565694442, 62.08809907811339], [163.53042989467008, 62.08810518220261], [163.5304168765407, 62.08837438754503], [163.52811990688744, 62.088349956608795], [163.52810686816508, 62.08861916166284], [163.5275326213276, 62.08861304789996], [163.527493488332, 62.089420662781876], [163.52634496495165, 62.08940842768941], [163.5263057990864, 62.09021604204708], [163.52917718575836, 62.09024661293529], [163.5291641553584, 62.09051581804255], [163.52973843856614, 62.09052192513704], [163.5297123871431, 62.09106033545329], [163.5279895078095, 62.09104200660304], [163.52793734080132, 62.0921188262609], [163.52736302788233, 62.0921127115993], [163.5273499803876, 62.09238191641432], [163.52562702796115, 62.09236355791643], [163.52561396495085, 62.09263276251169], [163.52503964291913, 62.092626638174586], [163.5250135059384, 62.09316504719018], [163.5255878381384, 62.093171171665794], [163.52556171027013, 62.09370958077131], [163.52498736790145, 62.093703456157215], [163.52497429848688, 62.093972660622526], [163.5243999512978, 62.09396653355474], [163.52441302579683, 62.093697329158715], [163.52326434238023, 62.09368506800849], [163.52323817277986, 62.09422347651107], [163.52266382129906, 62.09421734222064], [163.52267691131598, 62.09394813804478], [163.52152821931708, 62.093935862449364], [163.52151511913104, 62.094205066486396], [163.5203664180218, 62.09419278121436], [163.5203533074018, 62.09446198510035], [163.52150201868028, 62.0944742705113], [163.5214889179648, 62.09474347452406], [163.52206327908593, 62.09474961372224], [163.52205018319063, 62.09501881779227], [163.52262454966123, 62.09502495467537], [163.5226376404717, 62.094755750535924], [163.52321200212194, 62.094761884965095], [163.5231727441519, 62.095569497555026], [163.52374712132152, 62.095575629807726], [163.52373403988784, 62.09584483404942], [163.52315965763307, 62.09583870172738], [163.52314657084978, 62.0961079058876], [163.52257218377414, 62.09610177111157], [163.52254599924333, 62.0966401792568], [163.5219716022614, 62.09663404195733], [163.52195850451358, 62.09690324594229], [163.52138410271075, 62.096897106188706], [163.5213709996126, 62.097166310092106], [163.52079659298886, 62.097160167884326], [163.52078348454012, 62.097429371706134], [163.51963466191592, 62.09741707999737], [163.51959530446453, 62.09822469097283], [163.518446452385, 62.09821238930766], [163.51845958197268, 62.097943185800446], [163.5178851614169, 62.09793703146022], [163.51791142996808, 62.0973986245485], [163.51676260999642, 62.09738630899212], [163.51674946568187, 62.09765551231476], [163.51617505100862, 62.09764935088977], [163.5161619013425, 62.0979185541306], [163.51501306262145, 62.09790622398684], [163.51498674214787, 62.09844463015312], [163.5155611715476, 62.098450796556875], [163.5155217041015, 62.099258405924296], [163.5126494834689, 62.09922754901015], [163.5126363016893, 62.09949675175934], [163.51321075036995, 62.099502927981874], [163.51318439618484, 62.10004133358345], [163.5114610204224, 62.100022797341694], [163.5114214413654, 62.10083040502387], [163.51199591494705, 62.100836586365844], [163.51198272648188, 62.101105788972156], [163.51140824781314, 62.101099607560265], [163.51139505399422, 62.10136881008449], [163.51082057050493, 62.10136262621755], [163.5108073713321, 62.101631828659684], [163.51023288302233, 62.10162564233764], [163.51018006331313, 62.10270245170449], [163.50960555492009, 62.102696262717316], [163.50959234423777, 62.10296546495861], [163.51016685771862, 62.102971654015775], [163.51015365185717, 62.103240856314876], [163.5107281706928, 62.10324704305671], [163.5106885667713, 62.104054650090966], [163.51126310113807, 62.10406083465733], [163.51124990438558, 62.10433003704766], [163.509526286821, 62.10431147598243], [163.50953949883842, 62.104042273802015], [163.50839043197368, 62.104029887971464], [163.50840365390042, 62.10376068591896], [163.50725459828098, 62.103748290687], [163.50722813380736, 62.10428669449945], [163.50780267165987, 62.10429289344833], [163.50778944411024, 62.1045620954064], [163.50836398731846, 62.10456829203993], [163.50835076458998, 62.10483749405591], [163.50605257300782, 62.10481269292852], [163.5060790589049, 62.104274289445435], [163.50435544855884, 62.10425566397379], [163.50434219047915, 62.104524865510776], [163.50491673208165, 62.104531076456965], [163.5049034788224, 62.104800278052004], [163.50547802578123, 62.10480648668301], [163.50546477734267, 62.10507568833611], [163.5043156735158, 62.105063268548186], [163.5042891554805, 62.105601671536846], [163.50314003237094, 62.10558924192579], [163.50310022277426, 62.10639684589563], [163.502525646355, 62.10639062730079], [163.50251237086383, 62.10665982852935], [163.50193778962378, 62.10665360747853], [163.50196435051583, 62.106115205149926], [163.50138977972236, 62.106108981854234], [163.50137649432153, 62.10637818295424], [163.50080191870757, 62.10637195720254], [163.50077533692195, 62.10691035922512], [163.50020075139832, 62.10690413094691], [163.50018745501322, 62.107173331869475], [163.49961286466907, 62.10716710113513], [163.49962616614349, 62.10689790028305], [163.4990515811575, 62.10689166723352], [163.4990648874522, 62.10662246643976], [163.49849030782434, 62.1066162310751], [163.49851692978496, 62.106077829592], [163.49679322305028, 62.10605910960775], [163.49677989693765, 62.106328310143645], [163.49620532347575, 62.10632206530708], [163.49617866026418, 62.10686046620101], [163.4967532439043, 62.10686671117881], [163.49676657055565, 62.10659751066735], [163.4979157284656, 62.10660999332482], [163.49790241199253, 62.10687919397748], [163.4973278278138, 62.106872953770974], [163.49731450598227, 62.10714215434089], [163.49616532825416, 62.10712966662968], [163.49615199597469, 62.107398867046136], [163.49557740242548, 62.107392619541336], [163.49556406478703, 62.10766181987493], [163.494989466418, 62.10765556991375], [163.4950028091459, 62.10738636965087], [163.49327903092572, 62.10736760566522], [163.493305746108, 62.10682920552729], [163.49388032839965, 62.106835462433324], [163.49390703232382, 62.10629706210503], [163.49448160470726, 62.10630331648394], [163.49450829737418, 62.10576491596532], [163.49508285984962, 62.10577116781721], [163.49509620068974, 62.105501967468896], [163.493947086186, 62.105489461521046], [163.4939337351685, 62.1057586617279], [163.49335917323265, 62.10575240510495], [163.49334581685645, 62.106021605228854], [163.49277125010178, 62.106015346149576], [163.49273116408634, 62.10682294623561], [163.4921565823348, 62.106816684558325], [163.49214321470026, 62.10708588449175], [163.4909940418295, 62.10707335383852], [163.49100741964241, 62.106804154046806], [163.49043283870176, 62.106797885212615], [163.4904194557997, 62.10706708493341], [163.48927028455176, 62.107054539966235], [163.48925689120065, 62.10732373953292], [163.48868230089346, 62.107317463399866], [163.4886421039473, 62.108125061813645], [163.48749289360887, 62.10811250196431], [163.48751971220182, 62.10757410331815], [163.48637052330557, 62.10756153421018], [163.4863571039658, 62.10783073339719], [163.48520790597573, 62.10781815460417], [163.4851944761856, 62.10808735363666], [163.48461987250823, 62.10808106059039], [163.48459300193431, 62.10861945847638], [163.4840183883492, 62.10861316290193], [163.48400494756507, 62.108882361755384], [163.48285571103045, 62.10886976330664], [163.48282880828722, 62.10940816069181], [163.48225418024785, 62.10940185774611], [163.48224072337828, 62.10967105634905], [163.4810914579356, 62.10965844315741], [163.48107799061358, 62.109927641605445], [163.47992871607954, 62.109915018727435], [163.47994219358188, 62.109645820422195], [163.47936756181363, 62.10963950547576], [163.47938104413356, 62.10937030722972], [163.47880641772792, 62.10936398996884], [163.47881990486522, 62.10909479178203], [163.47824528382216, 62.1090884722068], [163.47825877577665, 62.10881927407922], [163.47653492955376, 62.10880030125321], [163.4765079148328, 62.109338697066924], [163.4759332897914, 62.1093323678768], [163.4759468023783, 62.10906317004767], [163.47537218269997, 62.109056838543346], [163.4753316288498, 62.109864431779165], [163.47475699417475, 62.10985809767407], [163.4747299467278, 62.11039649296008], [163.47128208333947, 62.11035843736498], [163.47126852866367, 62.11062763455911], [163.47069388063372, 62.110621283537306], [163.47068032059346, 62.110890480647356], [163.47010566774716, 62.11088412716772], [163.47013279773438, 62.110345733079136], [163.4695581553431, 62.1103393773573], [163.4695445853963, 62.11060857433584], [163.46896993818902, 62.11060221615616], [163.46894278729144, 62.11114060993261], [163.46836813017768, 62.111134249223085], [163.4683545492266, 62.11140344602098], [163.46720522564158, 62.111390717299926], [163.46719163423452, 62.11165991394157], [163.46661696776343, 62.11165354592996], [163.46664416048407, 62.11111515277852], [163.46606950446912, 62.11110878252498], [163.4660831055076, 62.11083958600294], [163.4666577564321, 62.1108459561844], [163.46667135210527, 62.11057675957799], [163.4672459982142, 62.11058312730145], [163.46725958852224, 62.11031393061079], [163.46783422981562, 62.110320295876285], [163.46784781475876, 62.11005109910134], [163.46842245123653, 62.110057461908944], [163.46843603081496, 62.10978826504977], [163.46901066247716, 62.109794625399545], [163.46903781063054, 62.109256231500474], [163.46961243238724, 62.10926258932054], [163.46965313729027, 62.108454998164234], [163.4679293186507, 62.10843591819406], [163.4679157353552, 62.10870511504261], [163.46734112460143, 62.10869875020908], [163.46732753594165, 62.10896794697335], [163.46617830507898, 62.10895521000497], [163.46620550248232, 62.10841681675231], [163.46505629307762, 62.10840407052918], [163.46506990154586, 62.10813487402859], [163.46449530234554, 62.10812849741059], [163.46450891562802, 62.10785930096987], [163.4639343217922, 62.107852922038305], [163.46394793988873, 62.1075837256575], [163.46452252863534, 62.1075901045169], [163.46454975382446, 62.10705171157412], [163.46512433266807, 62.107058087903646], [163.46513793976098, 62.106788891341736], [163.46628708809536, 62.10680163669986], [163.46631428110098, 62.10626324325091], [163.46459058954454, 62.10624412206795], [163.46456336600627, 62.10678251508433], [163.46398879252672, 62.10677613644138], [163.463975175256, 62.10704533285903], [163.46340059696277, 62.10703895175834], [163.4633869743278, 62.10730814809153], [163.46223780838952, 62.10729537858899], [163.46221054193683, 62.10783377092967], [163.46106135674432, 62.10782099159565], [163.46104771292602, 62.10809018760303], [163.45989851865812, 62.10807739858174], [163.4598848643853, 62.108346594432184], [163.45931026257594, 62.108340196270646], [163.45928294302314, 62.108878587789945], [163.45870833131087, 62.10887218709792], [163.45869466603062, 62.10914138276673], [163.4575454332556, 62.10912857408056], [163.4575317575196, 62.109397769592185], [163.45638251567092, 62.10938495121794], [163.45634145626445, 62.11019253724418], [163.45576682048525, 62.110186124260736], [163.45573943598382, 62.11072451473835], [163.45516479030107, 62.11071809922389], [163.4551510925448, 62.1109872943717], [163.45342714188737, 62.11096803329489], [163.45341342858293, 62.11123722821252], [163.4528387738277, 62.111230803009015], [163.45282505515553, 62.111499997841655], [163.45052641854696, 62.11147427287694], [163.4505126792351, 62.11174346740629], [163.44993801568648, 62.11173703012731], [163.44992427100618, 62.11200622457153], [163.44934960264476, 62.111999784833706], [163.44933585259582, 62.112268979192756], [163.44761183390762, 62.11224964544433]], [[163.46965313729027, 62.108454998164234], [163.4702277440521, 62.10846135338283], [163.47024130671508, 62.10819215623433], [163.46966670504273, 62.108185801087636], [163.46965313729027, 62.108454998164234]], [[163.47884687832195, 62.10855639537163], [163.47999610086674, 62.10856902707883], [163.48003652847, 62.10776143194284], [163.47888733646238, 62.10774880066427], [163.47884687832195, 62.10855639537163]], [[163.48751971220182, 62.10757410331815], [163.48809430705654, 62.10758038429359], [163.4881345176454, 62.10677278601956], [163.48755993805835, 62.10676650525725], [163.48751971220182, 62.10757410331815]], [[163.48065153476645, 62.10696014854326], [163.4818006978726, 62.106972765079504], [163.48182761607794, 62.10643436775937], [163.48125304456678, 62.10642806082672], [163.4812395805112, 62.10669725942157], [163.4806650041832, 62.106690950032], [163.48065153476645, 62.10696014854326]], [[163.46460420090096, 62.105974925541325], [163.46632787719153, 62.10599404650801], [163.46634147300728, 62.10572484975287], [163.46576691905733, 62.10571847855485], [163.4657805196867, 62.105449281859485], [163.46520597110006, 62.105442908348095], [163.46519236538228, 62.10571210497137], [163.46461781198224, 62.10570572900244], [163.46460420090096, 62.105974925541325]], [[163.49851692978496, 62.106077829592], [163.50024063894105, 62.10609652810609], [163.50025393425116, 62.10582732713476], [163.49853024036167, 62.105808628832165], [163.49851692978496, 62.106077829592]], [[163.50081520919738, 62.10610275617295], [163.50138977972236, 62.106108981854234], [163.50140306485466, 62.105839780742045], [163.50197763055922, 62.105846003967336], [163.50200418984073, 62.10530760156562], [163.50085507905507, 62.105295153011056], [163.50081520919738, 62.10610275617295]], [[163.46293503082111, 62.10487899774223], [163.46350956813066, 62.10488538065092], [163.46352318828775, 62.104616184207245], [163.46467225355644, 62.10462894272422], [163.46468586326228, 62.10435974612396], [163.46353680816952, 62.104346987751306], [163.46355042777606, 62.104077791283096], [163.46240138396016, 62.1040650235136], [163.4623877541779, 62.10433421983741], [163.46296228103606, 62.10434060498701], [163.46293503082111, 62.10487899774223]], [[163.46640944796417, 62.1043788657931], [163.46698397674777, 62.1043852342455], [163.4670111546314, 62.10384684043167], [163.4664366360235, 62.10384047212333], [163.46640944796417, 62.1043788657931]], [[163.46125234124617, 62.104052246203], [163.46182686246536, 62.10405863605094], [163.4618404970599, 62.1037894397871], [163.46126598092846, 62.103783050011415], [163.46125234124617, 62.104052246203]], [[163.46530120342499, 62.103558531641674], [163.46645022964103, 62.10357127527004], [163.46646382298383, 62.103302078404475], [163.465889314826, 62.103295707854954], [163.46590291298156, 62.10302651104919], [163.46532841018606, 62.10302013818652], [163.4653420131542, 62.10275094144055], [163.46476751572098, 62.10274456626481], [163.46474029933492, 62.103282959600286], [163.465314806943, 62.10328933492023], [163.46530120342499, 62.103558531641674]], [[163.4687618583615, 62.1033275367504], [163.46933636789197, 62.10333389537383], [163.46934993552244, 62.10306469813615], [163.46992444023957, 62.103071054302475], [163.46995156450308, 62.10253265964658], [163.4676535879792, 62.102507221245546], [163.4676400056352, 62.102776418291896], [163.468214504442, 62.10278278154184], [163.46820092691087, 62.10305197864793], [163.4687754310795, 62.10305833958463], [163.4687618583615, 62.1033275367504]], [[163.47394598092887, 62.10311548068104], [163.474520487836, 62.10312181776569], [163.47453400940498, 62.102852619869736], [163.47395950758533, 62.10284628285675], [163.47394598092887, 62.10311548068104]], [[163.50094809932182, 62.103410745206574], [163.5015226189624, 62.103416970183744], [163.50153590140974, 62.10314776894962], [163.50096138685703, 62.103141544042856], [163.50094809932182, 62.103410745206574]], [[163.47281050476636, 62.102833601675194], [163.47395950758533, 62.10284628285675], [163.47397303396843, 62.102577085020236], [163.4728240413242, 62.102564403982115], [163.47281050476636, 62.102833601675194]], [[163.50038687257288, 62.10313531675083], [163.50096138685703, 62.103141544042856], [163.50097467412368, 62.10287234286699], [163.5004001649273, 62.10286611564538], [163.50038687257288, 62.10313531675083]], [[163.47283757760854, 62.10229520627673], [163.4734120687066, 62.10230154791667], [163.47343913028024, 62.10176315232574], [163.47401361147755, 62.10176949143714], [163.47404066178348, 62.10123109565383], [163.47346619076006, 62.10122475668581], [163.47347972058984, 62.10095555884747], [163.47290525492664, 62.100949217566125], [163.4729323239391, 62.100410821996114], [163.47235786872264, 62.10040447847327], [163.47237140790506, 62.10013528074161], [163.47179695804869, 62.10012893490562], [163.47176986923722, 62.10066733021312], [163.4723443292666, 62.10067367619268], [163.47233078953695, 62.100942873899804], [163.47175632442094, 62.100936527848496], [163.4717427793309, 62.10120572547164], [163.4705938397466, 62.1011930260704], [163.4705667283977, 62.1017314209926], [163.47171568832954, 62.10174412068106], [163.47170214241825, 62.10201331826742], [163.47285111361927, 62.10202600855914], [163.47283757760854, 62.10229520627673]], [[163.47921091328192, 62.10128803903965], [163.47978538703407, 62.101294354157304], [163.4797988609088, 62.10102515553184], [163.47922439224354, 62.1010188404856], [163.47921091328192, 62.10128803903965]], [[163.4775009878825, 62.10099988103675], [163.47807545573028, 62.10100620323806], [163.47811592150055, 62.10019860793127], [163.47754146891268, 62.10019228594446], [163.477554962044, 62.099923087555894], [163.47698051481524, 62.09991676325568], [163.4769940127602, 62.09964756492639], [163.47527068796992, 62.099628577931085], [163.47525717476603, 62.09989777604564], [163.47583162117616, 62.09990410750056], [163.4758181127856, 62.10017330567449], [163.47639256455508, 62.10017963481607], [163.47637906097805, 62.100448833049334], [163.47695351810697, 62.10045515987754], [163.47694001934363, 62.10072435817013], [163.47751448183195, 62.10073068268492], [163.4775009878825, 62.10099988103675]], [[163.44936614261448, 62.10041797676156], [163.44994059189236, 62.100424415753025], [163.44996806726604, 62.099886025939725], [163.44939362816058, 62.0998795870939], [163.44942111259576, 62.09934119737702], [163.44884668393996, 62.09933475629205], [163.44880544161248, 62.10014234063039], [163.44937988552638, 62.100148781933875], [163.44936614261448, 62.10041797676156]], [[163.47521663351588, 62.10070537031589], [163.47579109518549, 62.10071170198561], [163.4758181127856, 62.10017330567449], [163.47466921006568, 62.10016064023654], [163.47465569122912, 62.100429838254975], [163.47523014753904, 62.10043617223804], [163.47521663351588, 62.10070537031589]], [[163.47867689113005, 62.100474126052454], [163.47925134934954, 62.10048044334082], [163.47926482749395, 62.10021124475009], [163.478690374361, 62.10020492753315], [163.47867689113005, 62.100474126052454]], [[163.47469624691917, 62.0996222441629], [163.47527068796992, 62.099628577931085], [163.47531122594305, 62.09882098351384], [163.4747368001505, 62.09881464996056], [163.47469624691917, 62.0996222441629]], [[163.4787173400055, 62.099666530457824], [163.47929178296565, 62.09967284753186], [163.47930526029296, 62.099403648904385], [163.47987969843925, 62.099409963522156], [163.47989317040805, 62.099140764811054], [163.4793187373479, 62.09913445026469], [163.4793322141305, 62.09886525161275], [163.47818335899942, 62.09885261550847], [163.47815638481757, 62.099391012514324], [163.47873082241904, 62.099397331901784], [163.4787173400055, 62.099666530457824]], [[163.44715092365024, 62.098777029545474], [163.44829975922943, 62.0987899233476], [163.44832726178535, 62.09825153382367], [163.44775285402787, 62.09824508826075], [163.4477666099744, 62.0979758935532], [163.44661780546423, 62.097962995419245], [163.4466040393469, 62.098232189980926], [163.44717844654835, 62.09823864031317], [163.44715092365024, 62.098777029545474]], [[163.4741623746312, 62.09880831402246], [163.4747368001505, 62.09881464996056], [163.47475031734797, 62.098545451868596], [163.4741758969145, 62.09853911600217], [163.4741623746312, 62.09880831402246]], [[163.47819684568154, 62.09858341698718], [163.47877126802493, 62.09858973616026], [163.4787982304, 62.098051338938035], [163.4776494063288, 62.09803869849299], [163.47763591510602, 62.09830789696727], [163.4782103320911, 62.098314218453645], [163.47819684568154, 62.09858341698718]], [[163.44546900206674, 62.097950087746774], [163.44604340362633, 62.09795654277531], [163.44607094519688, 62.09741815376094], [163.44549655380771, 62.097411698878375], [163.44553787933143, 62.096604115483444], [163.44496350347546, 62.096597658435385], [163.44490838188045, 62.0976744359786], [163.4454827780764, 62.09768089331873], [163.44546900206674, 62.097950087746774]], [[163.4494898188242, 62.097995222869436], [163.4512130301729, 62.09801453072396], [163.45124048020892, 62.09747614039809], [163.44951729937185, 62.09745683298024], [163.4494898188242, 62.097995222869436]], [[163.48452893689108, 62.09838359741], [163.48510335713974, 62.098389890279286], [163.48513020708435, 62.09785149146402], [163.4845557970072, 62.097845198737055], [163.48452893689108, 62.09838359741]], [[163.48053493407178, 62.097801082876465], [163.48110934224707, 62.09780739229637], [163.48112280241145, 62.09753819336911], [163.4805483993217, 62.097531884020555], [163.48053493407178, 62.097801082876465]], [[163.48685343894306, 62.09787035533659], [163.48742785010472, 62.097876638524674], [163.48745465827972, 62.09733823909175], [163.48688025728922, 62.09733195604578], [163.48689366605583, 62.09706275638204], [163.48631927042175, 62.09705647102247], [163.48629244244657, 62.097594870195586], [163.48686684825162, 62.09760115569731], [163.48685343894306, 62.09787035533659]], [[163.4409152488571, 62.097090780106086], [163.44206401728496, 62.09710372549316], [163.44209162837427, 62.09656533742789], [163.4415172541905, 62.096558866072975], [163.4415310644014, 62.09628967209503], [163.44038232704048, 62.096276722378214], [163.44039614714148, 62.09600752853439], [163.43982178396442, 62.096001050172596], [163.43983560887065, 62.0957318563897], [163.43868689352357, 62.09571889265947], [163.43865922309374, 62.09625727991974], [163.43980795877883, 62.09627024394317], [163.4397941333139, 62.096539437701416], [163.44094288028575, 62.09655239233359], [163.4409152488571, 62.097090780106086]], [[163.45125420481094, 62.09720694521673], [163.45182859389294, 62.0972133761808], [163.45186975078025, 62.09640579034466], [163.45014663013052, 62.09638649095353], [163.45011916197367, 62.09692488108678], [163.4512679291356, 62.096937750023045], [163.45125420481094, 62.09720694521673]], [[163.48801566067453, 62.097613719546665], [163.4891644741805, 62.097626273857216], [163.48917786287595, 62.09735707392165], [163.48802905954108, 62.09734451975305], [163.48801566067453, 62.097613719546665]], [[163.44438912789792, 62.09659119900284], [163.44496350347546, 62.096597658435385], [163.44497728317808, 62.09632846401878], [163.4444029126853, 62.09632200465927], [163.44438912789792, 62.09659119900284]], [[163.48287290231264, 62.097018708787715], [163.48344729631893, 62.097025008455084], [163.48346073532633, 62.09675580920598], [163.48288634640534, 62.09674950960984], [163.48287290231264, 62.097018708787715]], [[163.48346073532633, 62.09675580920598], [163.4840351245189, 62.09676210641751], [163.4840485581696, 62.09649290708497], [163.48462294254847, 62.096499201840714], [163.48463637084265, 62.09623000242476], [163.48348761252652, 62.096217410671095], [163.48346073532633, 62.09675580920598]], [[163.48920463945524, 62.09681867401384], [163.49092781597395, 62.09683748695615], [163.49094118860205, 62.096568286771195], [163.49036680124402, 62.09656201824595], [163.49038017868705, 62.096292818119665], [163.4898057966845, 62.09628654728073], [163.48981917894227, 62.09601734721312], [163.4892448022952, 62.09601107406055], [163.4892581893675, 62.095741874051676], [163.48868381807583, 62.09573559858551], [163.48869720996242, 62.095466398635374], [163.4875484783607, 62.09545384069153], [163.48753507630445, 62.09572304049967], [163.4881094470548, 62.095729320734854], [163.48809604981267, 62.09599852060176], [163.4886704259186, 62.096004798523424], [163.48864364079233, 62.09654319836258], [163.48921802733906, 62.09654947404164], [163.48920463945524, 62.09681867401384]], [[163.51677575404534, 62.09711710565728], [163.51792456384558, 62.0971294210744], [163.51793769745765, 62.09686021758815], [163.51851209767028, 62.09686637165001], [163.51852522593143, 62.09659716808202], [163.5173764359426, 62.09658485771281], [163.5173632975104, 62.09685406114156], [163.51678889782866, 62.0968479023103], [163.51677575404534, 62.09711710565728]], [[163.44270740212502, 62.09576422398859], [163.4438561213793, 62.09577715433742], [163.4439112758524, 62.0947003770337], [163.44333693642292, 62.094693913343846], [163.44332314313846, 62.09496310761517], [163.4427487989036, 62.09495664146792], [163.44270740212502, 62.09576422398859]], [[163.4398632578451, 62.09519346878691], [163.4404376057691, 62.09519994692895], [163.44045142475318, 62.09493075303579], [163.43987708191332, 62.09492427496701], [163.4398632578451, 62.09519346878691]], [[163.490981304865, 62.09576068614302], [163.49213004988115, 62.09577321561464], [163.49215677236623, 62.09523481485141], [163.49158240989274, 62.09522855144952], [163.49159577581497, 62.09495935112041], [163.49044706184762, 62.09494681730496], [163.49046043766887, 62.094677617105354], [163.48988608617512, 62.09467134669185], [163.48989946681053, 62.094402146550934], [163.48932512067157, 62.094395873823984], [163.48928496270054, 62.095203473997245], [163.48985932409312, 62.095209746937016], [163.48984594264658, 62.095478947041265], [163.49099467641224, 62.09549148590919], [163.490981304865, 62.09576068614302]], [[163.52084902413498, 62.096083352475645], [163.52142341041665, 62.0960894944056], [163.52143651245575, 62.095820290453574], [163.52201089391693, 62.09582642992946], [163.5220370870307, 62.095288021850145], [163.52146271573974, 62.09528188251312], [163.52144961423014, 62.095551086489415], [163.52087523811886, 62.09554494469838], [163.52084902413498, 62.096083352475645]], [[163.48525101840767, 62.09542869619007], [163.48582538298936, 62.09543498589215], [163.48585221679733, 62.09489658666564], [163.48527786238486, 62.094890297105806], [163.4852912839667, 62.09462109754533], [163.4841425861244, 62.09460851141471], [163.48412915437368, 62.09487771083287], [163.4847035082436, 62.094884005161546], [163.48469008130604, 62.09515320463863], [163.48526444053186, 62.09515949665404], [163.48525101840767, 62.09542869619007]], [[163.4364587390498, 62.094346969687415], [163.4370330700443, 62.094353461915155], [163.43710231049343, 62.09300749434064], [163.43652800491694, 62.093001002479944], [163.43650029940977, 62.09353938939993], [163.4359259839463, 62.093532895008266], [163.43589826715228, 62.09407128173206], [163.43647259278305, 62.09407777627061], [163.4364587390498, 62.094346969687415]], [[163.4410672078973, 62.094129646747255], [163.44221586446878, 62.09414259052419], [163.44224346942187, 62.09360420218782], [163.44166915116406, 62.09359773163779], [163.4416553437433, 62.093866925738965], [163.4410810206808, 62.093860452731555], [163.4410672078973, 62.094129646747255]], [[163.488750774803, 62.09438959871262], [163.48932512067157, 62.094395873823984], [163.4893518912999, 62.09385747364737], [163.48877755559988, 62.09385119867792], [163.488750774803, 62.09438959871262]], [[163.49162250684927, 62.09442095042555], [163.49277120155884, 62.09443347442], [163.4927979111757, 62.093895073393064], [163.49222357385455, 62.09388881272962], [163.49223693334235, 62.09361961226865], [163.49166260137534, 62.09361334929167], [163.49162250684927, 62.09442095042555]], [[163.4422572714801, 62.09333500800114], [163.44340589866505, 62.09334794180244], [163.44343348161127, 62.09280955309965], [163.44228487476, 62.09279661959082], [163.4422572714801, 62.09333500800114]], [[163.485331547085, 62.093813498790496], [163.48590588116016, 62.09381978806586], [163.4859192965732, 62.093550588385376], [163.48534496758208, 62.093544299181126], [163.485331547085, 62.093813498790496]], [[163.48649362583532, 62.09355687520534], [163.48821661524713, 62.09357572135948], [163.48823001005317, 62.09330652138254], [163.48650703589337, 62.093287675441495], [163.48649362583532, 62.09355687520534]], [[163.43711615774393, 62.092738300788724], [163.43826475956953, 62.092751277211086], [163.4382924328986, 62.092212889776825], [163.43771814201224, 62.09220640290436], [163.4377043004044, 62.09247559655432], [163.43713000471462, 62.092469107224474], [163.43711615774393, 62.092738300788724]], [[163.43425853046412, 62.09243662481458], [163.43483282475407, 62.09244312606464], [163.43486055852037, 62.091904739486665], [163.43428627439638, 62.09189823838361], [163.43425853046412, 62.09243662481458]], [[163.4405757830461, 62.09250800744279], [163.4411500804123, 62.092514482468324], [163.44116389152143, 62.092245288378685], [163.44173818408353, 62.09225176094696], [163.44175198983058, 62.09198256677183], [163.44060341515154, 62.09196961939764], [163.4405757830461, 62.09250800744279]], [[163.49398661852456, 62.093099985510435], [163.49456094140265, 62.09310623880873], [163.49457427974528, 62.09283703802809], [163.49399996195106, 62.09283078480052], [163.49398661852456, 62.093099985510435]], [[163.49055406085077, 62.09279321536613], [163.4911283770259, 62.09279948289909], [163.49115511390707, 62.0922610821505], [163.49058080789928, 62.09225481475927], [163.49055406085077, 62.09279321536613]], [[163.43487442498326, 62.091635546179155], [163.43544870430455, 62.09164204482475], [163.43546256540458, 62.09137285143142], [163.43488829116603, 62.09136635285931], [163.43487442498326, 62.091635546179155]], [[163.44176579529875, 62.09171337258436], [163.44291436092757, 62.09172631027621], [163.4429557451621, 62.09091872720104], [163.44238147745654, 62.09091225976648], [163.44235387808016, 62.091450648349344], [163.441779600488, 62.09144417838457], [163.44176579529875, 62.09171337258436]], [[163.45554865624314, 62.091867995509894], [163.4561229455813, 62.09187440833154], [163.456136623697, 62.091605212310974], [163.45556233944185, 62.09159879956186], [163.45554865624314, 62.091867995509894]], [[163.4900065021617, 62.09224854498386], [163.49058080789928, 62.09225481475927], [163.49059418101825, 62.09198561443751], [163.49001988036417, 62.09197934473299], [163.4900065021617, 62.09224854498386]], [[163.4406310461405, 62.091431231303154], [163.44120532317473, 62.09143770603584], [163.4412191331678, 62.091168511896896], [163.4417934053983, 62.09117498417246], [163.44180721002976, 62.09090578994802], [163.44065867601296, 62.09089284315937], [163.4406310461405, 62.091431231303154]], [[163.49518859596895, 62.09203568624427], [163.49576289905104, 62.09204193449141], [163.49577622614882, 62.09177273352063], [163.4952019281502, 62.091766485344124], [163.49518859596895, 62.09203568624427]], [[163.437787345857, 62.09086043446959], [163.43836161132938, 62.09086692097532], [163.438375446177, 62.09059772717804], [163.4378011857871, 62.09059124074564], [163.437787345857, 62.09086043446959]], [[163.438375446177, 62.09059772717804], [163.4389497068464, 62.09060421122658], [163.43897736553848, 62.09006582344835], [163.43840311503374, 62.090059339546436], [163.438375446177, 62.09059772717804]], [[163.52509191371212, 62.091549819997695], [163.5256662154086, 62.09155594405781], [163.52567927736322, 62.09128673941397], [163.52510498075034, 62.09128061542311], [163.52509191371212, 62.091549819997695]], [[163.50385619253228, 62.09105235171209], [163.50443047930878, 62.0910585639156], [163.50445697858885, 62.090520159751335], [163.5038827019786, 62.09051394768832], [163.50385619253228, 62.09105235171209]], [[163.44358516789455, 62.08984841435323], [163.44415941582773, 62.08985487672771], [163.44417319873625, 62.08958568214923], [163.4435989558852, 62.089579219847806], [163.44358516789455, 62.08984841435323]], [[163.5193882641104, 62.09068083658809], [163.519962547912, 62.09068698428147], [163.51997565990723, 62.09041778029482], [163.51940138118883, 62.09041163267095], [163.5193882641104, 62.09068083658809]], [[163.49932838289467, 62.08965656092067], [163.49990264211138, 62.089662791844525], [163.49991593120802, 62.089393590270184], [163.49934167707394, 62.08938735941676], [163.49932838289467, 62.08965656092067]], [[163.51719622341264, 62.088502592522744], [163.51891895044398, 62.08852105538957], [163.5189320704849, 62.08825185144475], [163.5172093587006, 62.08823338878667], [163.51719622341264, 62.088502592522744]], [[163.51663512196973, 62.088227229799635], [163.5172093587006, 62.08823338878667], [163.5172224937232, 62.08796418503841], [163.51664826207457, 62.08795802612099], [163.51663512196973, 62.088227229799635]], [[163.52013298318977, 62.08718733150727], [163.52070720118274, 62.08719347591336], [163.520720304653, 62.08692427169926], [163.52014609174188, 62.08691812736262], [163.52013298318977, 62.08718733150727]], [[163.5034940329244, 62.086738904693384], [163.50464244357258, 62.086751329236655], [163.50465568906438, 62.08648212696564], [163.50350728857933, 62.0864697025628], [163.5034940329244, 62.086738904693384]], [[163.5046689342886, 62.08621292468242], [163.505817325681, 62.08622533941039], [163.50583056047498, 62.08595613697463], [163.5064047514909, 62.08596234069306], [163.50641798093628, 62.085693138174996], [163.50412123880207, 62.08566830928051], [163.5041079890317, 62.08593751151788], [163.50468217924526, 62.08594372238705], [163.5046689342886, 62.08621292468242]], [[163.52825027962484, 62.08565790540088], [163.52882447082416, 62.085664016019855], [163.52883750156812, 62.08539481076323], [163.5294116879493, 62.08540091892956], [163.5294247133488, 62.08513171359173], [163.52885053204884, 62.08512560549449], [163.5288635622664, 62.08485640021358], [163.5282893863108, 62.084850289801835], [163.52825027962484, 62.08565790540088]], [[163.47888430525776, 62.084854276166915], [163.47945846835532, 62.084860591697094], [163.47948540296326, 62.084322193226164], [163.47833709736233, 62.08430956006807], [163.47832362003342, 62.084578759166845], [163.4788977777783, 62.08458507700898], [163.47888430525776, 62.084854276166915]], [[163.50476164336715, 62.084328508358695], [163.50590996362496, 62.08434092210423], [163.5059231965477, 62.08407171958318], [163.50534904136572, 62.08406551397229], [163.5053622791017, 62.08379631150919], [163.50478812926764, 62.08379010358507], [163.50476164336715, 62.084328508358695]], [[163.5001816567728, 62.08400955622191], [163.50075580954456, 62.08401578328325], [163.50076908792454, 62.08374658138234], [163.50019494023323, 62.08374035439142], [163.5001816567728, 62.08400955622191]], [[163.50193065206267, 62.0834898261604], [163.50250479547788, 62.083496045930985], [163.5025313204155, 62.08295764164619], [163.50138305417394, 62.08294520000302], [163.50139632640108, 62.082675997982996], [163.5008221987624, 62.08266977365686], [163.50079564387985, 62.083208177544016], [163.50194391974568, 62.08322062409441], [163.50193065206267, 62.0834898261604]], [[163.50596289371225, 62.08326411194694], [163.5071111743953, 62.08327651559787], [163.50712439608847, 62.083007312887865], [163.5059761255659, 62.082994909377135], [163.50596289371225, 62.08326411194694]], [[163.50430670748815, 62.0818994766775], [163.504880821494, 62.08190568649355], [163.50490730258025, 62.08136728150057], [163.5043331987337, 62.08136107182491], [163.5043464439552, 62.08109186938033], [163.50377234545564, 62.08108565739177], [163.50378559548898, 62.08081645500522], [163.50321150233643, 62.08081024070383], [163.50322475718144, 62.08054103837534], [163.50265066937584, 62.08053482176116], [163.50261088879958, 62.08134242849924], [163.50318499184328, 62.08134864532423], [163.5031717361951, 62.08161784761616], [163.5043199532447, 62.081630274257286], [163.50430670748815, 62.0818994766775]], [[163.51177021039453, 62.081980018398134], [163.51234432786902, 62.08198619723281], [163.5123575025091, 62.081716993832266], [163.51178339011443, 62.08171081506747], [163.51177021039453, 62.081980018398134]], [[163.51120927798596, 62.0817046339195], [163.51178339011443, 62.08171081506747], [163.5117965695681, 62.081441611724635], [163.51122246251933, 62.081435430646536], [163.51120927798596, 62.0817046339195]], [[163.50721694046354, 62.08112289357671], [163.5083651409366, 62.08113528657358], [163.50837835033468, 62.08086608362601], [163.5072301600205, 62.080853690769246], [163.50721694046354, 62.08112289357671]], [[163.51068792297764, 62.080621637503036], [163.51126201452172, 62.08062782075458], [163.51128838119195, 62.08008941409907], [163.5107142998063, 62.08008323098731], [163.5107274878211, 62.0798140277112], [163.5090052604998, 62.07979546428774], [163.50897885372925, 62.080333870408126], [163.51070111152515, 62.08035243425125], [163.51068792297764, 62.080621637503036]], [[163.48429342374249, 62.080065431872455], [163.48658972179237, 62.080090588770446], [163.48660312339155, 62.07982138846634], [163.48602905355165, 62.079815102887316], [163.4860424599589, 62.07954590264203], [163.48432026730035, 62.07952703182077], [163.48429342374249, 62.080065431872455]], [[163.50210311104144, 62.079990198351545], [163.502677188421, 62.07999641720814], [163.50269044754188, 62.079727214913355], [163.50211637524126, 62.07972099612704], [163.50210311104144, 62.079990198351545]], [[163.5072698170894, 62.08004608227373], [163.5078438968754, 62.080052279683485], [163.5078571102854, 62.079783076757245], [163.5072830355784, 62.07977687941753], [163.5072698170894, 62.08004608227373]], [[163.48374620362284, 62.07952073678125], [163.48432026730035, 62.07952703182077], [163.48437395116343, 62.07845023157056], [163.48322586470704, 62.07843763967797], [163.48319900300424, 62.07897603954289], [163.48377305625354, 62.078982336822904], [163.48374620362284, 62.07952073678125]], [[163.50670896113843, 62.07977067969488], [163.5072830355784, 62.07977687941753], [163.50729625380052, 62.07950767654916], [163.50787032342856, 62.07951387381881], [163.50788353630483, 62.079244670868185], [163.5067354074733, 62.07923227408607], [163.50670896113843, 62.07977067969488]], [[163.5038518416418, 62.079470442889644], [163.50442590966657, 62.07947665445688], [163.50443915301562, 62.079207451926976], [163.50386509006958, 62.07920124042994], [163.5038518416418, 62.079470442889644]], [[163.48779143658493, 62.07902635106396], [163.48893954768644, 62.07903890511589], [163.48895292788927, 62.078769704478965], [163.4883788772818, 62.07876342871536], [163.48839226229273, 62.078494228137146], [163.48724417204556, 62.07848166960344], [163.48723077687794, 62.07875087003973], [163.48780482694465, 62.07875715056895], [163.48779143658493, 62.07902635106396]], [[163.5056005126342, 62.0789506650899], [163.5061745713036, 62.078956869368085], [163.50618779888202, 62.07868766660333], [163.50561374529119, 62.07868146239527], [163.5056005126342, 62.0789506650899]], [[163.5027434813477, 62.07865040561223], [163.5033175336013, 62.078656621734524], [163.5033440387409, 62.07811821687029], [163.50219595481497, 62.07810578252395], [163.50222247919675, 62.077567377892024], [163.50107441665486, 62.07755493429587], [163.50106114444168, 62.0778241364773], [163.50163518065676, 62.07783035953705], [163.50160864558276, 62.07836876400397], [163.50275673912975, 62.07838120325647], [163.5027434813477, 62.07865040561223]], [[163.50446563891134, 62.07866904683058], [163.50561374529119, 62.07868146239527], [163.50562697768095, 62.07841225968847], [163.50447888145806, 62.07839984426413], [163.50446563891134, 62.07866904683058]], [[163.4832795848579, 62.077360839801365], [163.48385360763842, 62.07736713665433], [163.48386703192034, 62.07709793658342], [163.48444104989417, 62.077104230982584], [163.48445446882732, 62.07683503082828], [163.48330644330608, 62.07682243978966], [163.4832795848579, 62.077360839801365]], [[163.49992635518507, 62.0775424811688], [163.50107441665486, 62.07755493429587], [163.50108768860005, 62.07728573210226], [163.49993963728627, 62.07727327911597], [163.49992635518507, 62.0775424811688]], [[163.47192095472138, 62.07481161480924], [163.47249492636357, 62.074817958669655], [163.47252197284624, 62.074279561152046], [163.47194801135737, 62.07427321743504], [163.47192095472138, 62.07481161480924]], [[163.48464230544184, 62.07306622738368], [163.48579018989324, 62.0730788069012], [163.48581699905645, 62.072540405929054], [163.48639093153596, 62.07254669197236], [163.48640433063565, 62.07227749139688], [163.48697825830976, 62.07228377498699], [163.48700504554586, 62.07174537365735], [163.48643112802336, 62.07173909020927], [163.4864177294648, 62.07200829080918], [163.48469596329363, 62.07198942595909], [163.48472279059445, 62.07145102517341], [163.48414887923033, 62.07144473226803], [163.48416229755, 62.071175531927935], [163.4824405803101, 62.07115663913288], [163.48242714676388, 62.071425839259454], [163.48300105731494, 62.07143213931105], [163.48298762857308, 62.07170133949657], [163.48413546063972, 62.07171393259587], [163.48408178356777, 62.072790733784885], [163.48465572031108, 62.07279702704587], [163.48464230544184, 62.07306622738368]], [[163.48235997496408, 62.072771839708686], [163.48293391089416, 62.07277814011627], [163.48296077027592, 62.072239739830906], [163.48238684449777, 62.07223343956571], [163.4824002788577, 62.071964239475854], [163.48182635842662, 62.07195793689976], [163.48181291899087, 62.072227136918386], [163.4812389937553, 62.07222083188889], [163.4812255489723, 62.072490031824024], [163.48237340986657, 62.07250263964331], [163.48235997496408, 62.072771839708686]], [[163.48361523750967, 62.07063083613707], [163.48418913337665, 62.07063713121108], [163.48420255088357, 62.07036793083431], [163.48362866009185, 62.07036163583144], [163.48361523750967, 62.07063083613707]]]}, "properties": {"zone_id": "upload_05b712ec-Z0041", "scene": "upload_05b712ec", "pixel_count": 15379, "approx_area_m2": 13841100.0, "centroid_x": 420632.3525586839, "centroid_y": 6885316.817088237, "centroid_lon": 163.48002734908636, "centroid_lat": 62.091616840248534, "mean_risk": 1.5945892333984375, "max_risk": 2.0053255558013916, "median_risk": 1.5875270366668701, "high_priority_pixel_pct": 100.0, "priority_category": "HIGH PRIORITY", "threshold_type": "95th percentile prioritisation threshold", "recommendation": "Spectral-stress evidence detected. Prioritise field inspection to determine the underlying cause. Field verification required.", "priority_rank": 3}}, {"type": "Feature", "geometry": {"type": "Polygon", "coordinates": [[[163.460952198475, 62.1099745593109], [163.4609658442241, 62.10970536338946], [163.46154047230965, 62.10971175475537], [163.46156775280056, 62.10917336273107], [163.46271698943934, 62.109186138016305], [163.4627306190918, 62.10891694184124], [163.4633052327348, 62.10892332583295], [163.4633188570221, 62.10865412957341], [163.464468074955, 62.10866689025519], [163.4644408464637, 62.109205283050706], [163.46386622718023, 62.10919890375837], [163.46385260743193, 62.10946810006554], [163.46327798333394, 62.10946171831523], [163.46326435822036, 62.10973091453797], [163.46211510067096, 62.10971814373541], [163.4621014651019, 62.10998733980139], [163.460952198475, 62.1099745593109]]]}, "properties": {"zone_id": "upload_05b712ec-Z0042", "scene": "upload_05b712ec", "pixel_count": 14, "approx_area_m2": 12600.0, "centroid_x": 419781.4285714286, "centroid_y": 6887310.0, "centroid_lon": 163.46283330761753, "centroid_lat": 62.1093221043215, "mean_risk": 1.436720609664917, "max_risk": 1.4743547439575195, "median_risk": 1.4394252300262451, "high_priority_pixel_pct": 100.0, "priority_category": "HIGH PRIORITY", "threshold_type": "95th percentile prioritisation threshold", "recommendation": "Spectral-stress evidence detected. Prioritise field inspection to determine the underlying cause. Field verification required.", "priority_rank": 43}}, {"type": "Feature", "geometry": {"type": "Polygon", "coordinates": [[[163.5796265701218, 62.09265938202633], [163.5796391546962, 62.09239017101782], [163.57906482355665, 62.09238427101423], [163.5790774129611, 62.09211506006042], [163.5808003918894, 62.09213275271787], [163.58082553942995, 62.09159433037401], [163.5819741729823, 62.09160611329054], [163.58196160950743, 62.09187532460172], [163.5813872875201, 62.09186943426901], [163.5813495803192, 62.09267706793057], [163.5796265701218, 62.09265938202633]]]}, "properties": {"zone_id": "upload_05b712ec-Z0043", "scene": "upload_05b712ec", "pixel_count": 10, "approx_area_m2": 9000.0, "centroid_x": 425886.0, "centroid_y": 6885264.0, "centroid_lon": 163.58062432121733, "centroid_lat": 62.09221174775923, "mean_risk": 1.4473350048065186, "max_risk": 1.4763898849487305, "median_risk": 1.4438352584838867, "high_priority_pixel_pct": 100.0, "priority_category": "HIGH PRIORITY", "threshold_type": "95th percentile prioritisation threshold", "recommendation": "Spectral-stress evidence detected. Prioritise field inspection to determine the underlying cause. Field verification required.", "priority_rank": 33}}, {"type": "Feature", "geometry": {"type": "Polygon", "coordinates": [[[163.52919021589508, 62.08997740781589], [163.52921627537887, 62.08943899754067], [163.52979053825442, 62.089445104359], [163.52981658651976, 62.08890669389716], [163.53096509272908, 62.08891890010573], [163.5309520788934, 62.089188105480716], [163.53152633747519, 62.089194205078066], [163.5315133284594, 62.089463410509886], [163.53093906479478, 62.089457310843585], [163.53092605043324, 62.08972651619431], [163.53035178194864, 62.08972041407502], [163.53033876224117, 62.089989619344614], [163.52919021589508, 62.08997740781589]]]}, "properties": {"zone_id": "upload_05b712ec-Z0044", "scene": "upload_05b712ec", "pixel_count": 10, "approx_area_m2": 9000.0, "centroid_x": 423249.0, "centroid_y": 6885015.0, "centroid_lon": 163.53024994874428, "centroid_lat": 62.08944998809715, "mean_risk": 1.4448859691619873, "max_risk": 1.4855116605758667, "median_risk": 1.440870761871338, "high_priority_pixel_pct": 100.0, "priority_category": "HIGH PRIORITY", "threshold_type": "95th percentile prioritisation threshold", "recommendation": "Spectral-stress evidence detected. Prioritise field inspection to determine the underlying cause. Field verification required.", "priority_rank": 37}}, {"type": "Feature", "geometry": {"type": "Polygon", "coordinates": [[[163.60457053818112, 62.08752655002941], [163.60458289912057, 62.08725733593806], [163.60400865881425, 62.087251539777014], [163.6040210245866, 62.08698232573922], [163.6034467896127, 62.08697652725978], [163.60345916021774, 62.086707313275554], [163.6011622431523, 62.086684095780974], [163.60117463383702, 62.086414882047265], [163.6006004102786, 62.08640907177955], [163.60062520106163, 62.08587064440759], [163.60119941445564, 62.08587645454391], [163.60121180438946, 62.085607240774266], [163.60178601295166, 62.085613048461106], [163.60181078190467, 62.0850746207545], [163.60238498055318, 62.085080425926286], [163.60236022176406, 62.08561885376415], [163.60293443082654, 62.085624656683414], [163.60292205613896, 62.08589387064996], [163.6034962705335, 62.08589967125103], [163.60348390067813, 62.08616888527117], [163.60405812040477, 62.08617468355395], [163.60404575538183, 62.086443897627696], [163.60519420574906, 62.08645548717271], [163.60520656060731, 62.08618627296795], [163.6063550018082, 62.08619785284651], [163.60634265711457, 62.086467067182184], [163.6069168831715, 62.08647285361112], [163.60690454331095, 62.086742068000255], [163.60575608128164, 62.086730492627666], [163.60571902970833, 62.0875381353306], [163.60457053818112, 62.08752655002941]]]}, "properties": {"zone_id": "upload_05b712ec-Z0045", "scene": "upload_05b712ec", "pixel_count": 37, "approx_area_m2": 33300.0, "centroid_x": 427067.02702702704, "centroid_y": 6884593.783783784, "centroid_lon": 163.6035108310203, "centroid_lat": 62.086427577053406, "mean_risk": 1.45417058467865, "max_risk": 1.5226157903671265, "median_risk": 1.4474292993545532, "high_priority_pixel_pct": 100.0, "priority_category": "HIGH PRIORITY", "threshold_type": "95th percentile prioritisation threshold", "recommendation": "Spectral-stress evidence detected. Prioritise field inspection to determine the underlying cause. Field verification required.", "priority_rank": 24}}, {"type": "Feature", "geometry": {"type": "Polygon", "coordinates": [[[163.55121813190223, 62.08590047092282], [163.55125662882102, 62.08509284709697], [163.5518308152248, 62.08509886216587], [163.5518436419313, 62.08482965413173], [163.55299200535342, 62.084841676982755], [163.55297918880962, 62.085110885152815], [163.55355337599042, 62.08511689307087], [163.5535277522892, 62.085655309510564], [163.55237935786042, 62.0856432910191], [163.55236653545825, 62.085912499084955], [163.55121813190223, 62.08590047092282]]]}, "properties": {"zone_id": "upload_05b712ec-Z0046", "scene": "upload_05b712ec", "pixel_count": 12, "approx_area_m2": 10800.0, "centroid_x": 424390.0, "centroid_y": 6884535.0, "centroid_lon": 163.55229648136154, "centroid_lat": 62.08537308098115, "mean_risk": 1.5168970823287964, "max_risk": 1.607406497001648, "median_risk": 1.4837604761123657, "high_priority_pixel_pct": 100.0, "priority_category": "HIGH PRIORITY", "threshold_type": "95th percentile prioritisation threshold", "recommendation": "Spectral-stress evidence detected. Prioritise field inspection to determine the underlying cause. Field verification required.", "priority_rank": 5}}, {"type": "Feature", "geometry": {"type": "Polygon", "coordinates": [[[163.5334699686836, 62.08463599185549], [163.53349594650786, 62.0840975801297], [163.53234762113962, 62.08408539547255], [163.5323606198198, 62.08381618972924], [163.53006399255798, 62.0837917920892], [163.53010304798997, 62.08298417561385], [163.53125133061204, 62.08299637878686], [163.53126433840276, 62.082727173132874], [163.5318384750276, 62.08273327107542], [163.53182547231722, 62.083002476798335], [163.53297375651542, 62.08301466567123], [163.53296076370336, 62.08328387151984], [163.53353491127663, 62.0832899624501], [163.53352192328273, 62.08355916835543], [163.53467022937744, 62.08357134320346], [163.53465725128257, 62.0838405492343], [163.53523140980388, 62.08384663315195], [163.53520546298947, 62.08438504531483], [163.53405712588554, 62.08437287482088], [163.5340441419232, 62.08464208074654], [163.5334699686836, 62.08463599185549]]]}, "properties": {"zone_id": "upload_05b712ec-Z0047", "scene": "upload_05b712ec", "pixel_count": 31, "approx_area_m2": 27900.0, "centroid_x": 423359.0322580645, "centroid_y": 6884373.870967742, "centroid_lon": 163.5326339984571, "centroid_lat": 62.08371917352692, "mean_risk": 1.4499986171722412, "max_risk": 1.5249848365783691, "median_risk": 1.441559076309204, "high_priority_pixel_pct": 100.0, "priority_category": "HIGH PRIORITY", "threshold_type": "95th percentile prioritisation threshold", "recommendation": "Spectral-stress evidence detected. Prioritise field inspection to determine the underlying cause. Field verification required.", "priority_rank": 27}}, {"type": "Feature", "geometry": {"type": "Polygon", "coordinates": [[[163.53696684471166, 62.08359566429847], [163.53697980222185, 62.083326457980554], [163.5352573555701, 62.083308220940594], [163.5352833002882, 62.08276980868074], [163.53470916208914, 62.08276372503818], [163.53472213913545, 62.08249451895884], [163.5341480062788, 62.08248843300176], [163.53416098814319, 62.082219226979106], [163.53243860638747, 62.08220095501456], [163.53245160322987, 62.08193174918632], [163.5318774815829, 62.08192565383382], [163.5318904832428, 62.081656448062375], [163.5336128337312, 62.08167472676346], [163.53359984731122, 62.08194393274156], [163.53704458584724, 62.0819804262092], [163.53703162964555, 62.08224963258771], [163.53817988807907, 62.08226177814814], [163.53816694177618, 62.082530984651825], [163.53874107646547, 62.08253705392572], [163.538715193236, 62.083075467033964], [163.53756690379734, 62.083063325828356], [163.53755395162938, 62.083332532227075], [163.53812810129853, 62.083338604090194], [163.5381151539496, 62.08360781054542], [163.53696684471166, 62.08359566429847]]]}, "properties": {"zone_id": "upload_05b712ec-Z0048", "scene": "upload_05b712ec", "pixel_count": 47, "approx_area_m2": 42300.0, "centroid_x": 423564.89361702127, "centroid_y": 6884276.808510638, "centroid_lon": 163.53661581975157, "centroid_lat": 62.082889937210716, "mean_risk": 1.4537874460220337, "max_risk": 1.545498013496399, "median_risk": 1.450793981552124, "high_priority_pixel_pct": 100.0, "priority_category": "HIGH PRIORITY", "threshold_type": "95th percentile prioritisation threshold", "recommendation": "Spectral-stress evidence detected. Prioritise field inspection to determine the underlying cause. Field verification required.", "priority_rank": 25}}, {"type": "Feature", "geometry": {"type": "Polygon", "coordinates": [[[163.5444824377181, 62.082597615581406], [163.54449532813788, 62.08232840832447], [163.54506946061653, 62.08233445131338], [163.5450565752771, 62.08260365863862], [163.5444824377181, 62.082597615581406]]]}, "properties": {"zone_id": "upload_05b712ec-Z0049", "scene": "upload_05b712ec", "pixel_count": 16, "approx_area_m2": 14400.0, "centroid_x": 423871.875, "centroid_y": 6884266.875, "centroid_lon": 163.54249512693386, "centroid_lat": 62.082862856842105, "mean_risk": 1.4526714086532593, "max_risk": 1.5144890546798706, "median_risk": 1.451186180114746, "high_priority_pixel_pct": 100.0, "priority_category": "HIGH PRIORITY", "threshold_type": "95th percentile prioritisation threshold", "recommendation": "Spectral-stress evidence detected. Prioritise field inspection to determine the underlying cause. Field verification required.", "priority_rank": 26}}, {"type": "Feature", "geometry": {"type": "Polygon", "coordinates": [[[163.52669735094722, 62.082139893553595], [163.52671039858993, 62.08187068841563], [163.52498804233215, 62.08185232371141], [163.52500110495095, 62.081583118768926], [163.5238528789245, 62.08157086385522], [163.52386595143895, 62.08130165903912], [163.5232918439015, 62.081295528076794], [163.52331799829756, 62.080757118546735], [163.52274390118336, 62.080750985339904], [163.52275698306465, 62.08048178062598], [163.5233310750994, 62.08048791376347], [163.52334415163716, 62.08021870896807], [163.5239182388567, 62.08022483965319], [163.5239313100511, 62.07995563477635], [163.5262276412512, 62.07998013340931], [163.5262145903738, 62.08024933856307], [163.5267886789123, 62.080255457332896], [163.52677563285067, 62.0805246625437], [163.5256274458785, 62.08051242248263], [163.52564050209887, 62.080243217410185], [163.52506641408766, 62.08023709387425], [163.5250402912244, 62.080775503868566], [163.52561438939443, 62.080781627542954], [163.5256013326467, 62.081050832591096], [163.52617543615997, 62.081056953951574], [163.52616238422814, 62.081326159056786], [163.52673649308474, 62.08133227810328], [163.5267234459691, 62.08160148326553], [163.52729756016902, 62.08160759999799], [163.52728451786973, 62.08187680521724], [163.52785863741298, 62.081882919635625], [163.52784559993023, 62.08215212491187], [163.52669735094722, 62.082139893553595]]]}, "properties": {"zone_id": "upload_05b712ec-Z0050", "scene": "upload_05b712ec", "pixel_count": 33, "approx_area_m2": 29700.0, "centroid_x": 422958.1818181818, "centroid_y": 6884078.181818182, "centroid_lon": 163.525091087621, "centroid_lat": 62.08098417549806, "mean_risk": 1.437751054763794, "max_risk": 1.4828311204910278, "median_risk": 1.438047170639038, "high_priority_pixel_pct": 100.0, "priority_category": "HIGH PRIORITY", "threshold_type": "95th percentile prioritisation threshold", "recommendation": "Spectral-stress evidence detected. Prioritise field inspection to determine the underlying cause. Field verification required.", "priority_rank": 40}}, {"type": "Feature", "geometry": {"type": "Polygon", "coordinates": [[[163.53819283412048, 62.08199257163232], [163.53821872541883, 62.08145415856437], [163.53764461131138, 62.081448087181705], [163.5376575616482, 62.08117888069818], [163.53708345288214, 62.081172807000975], [163.5370964080371, 62.080903600574004], [163.5365223046124, 62.080897524562296], [163.5365482242965, 62.08035911180932], [163.53769641108926, 62.08037126117491], [163.53768346153714, 62.08064046769477], [163.53825756040538, 62.08064653887156], [163.53824461567132, 62.08091574544796], [163.53881871988068, 62.08092181431019], [163.5388057799649, 62.08119102094306], [163.53995399932703, 62.081203151655174], [163.53992813903096, 62.081741565158836], [163.53935401905946, 62.08173550085727], [163.53934108343964, 62.08200470752238], [163.53819283412048, 62.08199257163232]]]}, "properties": {"zone_id": "upload_05b712ec-Z0051", "scene": "upload_05b712ec", "pixel_count": 17, "approx_area_m2": 15300.0, "centroid_x": 423645.8823529412, "centroid_y": 6884085.882352941, "centroid_lon": 163.5382481755047, "centroid_lat": 62.08119304838421, "mean_risk": 1.4660606384277344, "max_risk": 1.5278573036193848, "median_risk": 1.4699506759643555, "high_priority_pixel_pct": 100.0, "priority_category": "HIGH PRIORITY", "threshold_type": "95th percentile prioritisation threshold", "recommendation": "Spectral-stress evidence detected. Prioritise field inspection to determine the underlying cause. Field verification required.", "priority_rank": 15}}, {"type": "Feature", "geometry": {"type": "Polygon", "coordinates": [[[163.5967672924094, 62.0823301336069], [163.59677971973582, 62.08206092020758], [163.59620557948674, 62.082055091923365], [163.59621801164275, 62.08178587857792], [163.59679214681123, 62.081791706796274], [163.59684185260295, 62.080714853031004], [163.59741596770112, 62.08072067860254], [163.59740354670987, 62.08098989212768], [163.5979776671391, 62.08099571538174], [163.59796525097724, 62.08126492896073], [163.5985393767375, 62.081270749897264], [163.59851455382233, 62.0818091771509], [163.59736628223072, 62.08179753263122], [163.59734143799017, 62.08233595957358], [163.5967672924094, 62.0823301336069]]]}, "properties": {"zone_id": "upload_05b712ec-Z0052", "scene": "upload_05b712ec", "pixel_count": 12, "approx_area_m2": 10800.0, "centroid_x": 426735.0, "centroid_y": 6884055.0, "centroid_lon": 163.59737870397467, "centroid_lat": 62.08152831914204, "mean_risk": 1.4626126289367676, "max_risk": 1.5179600715637207, "median_risk": 1.4561434984207153, "high_priority_pixel_pct": 100.0, "priority_category": "HIGH PRIORITY", "threshold_type": "95th percentile prioritisation threshold", "recommendation": "Spectral-stress evidence detected. Prioritise field inspection to determine the underlying cause. Field verification required.", "priority_rank": 18}}, {"type": "Feature", "geometry": {"type": "Polygon", "coordinates": [[[163.53943162729203, 62.080120260612205], [163.53944456108314, 62.0798510538623], [163.53829639303896, 62.0798389190697], [163.53830933672728, 62.07956971244483], [163.54003157394777, 62.07958791085345], [163.54000571678534, 62.08012632450247], [163.53943162729203, 62.080120260612205]]]}, "properties": {"zone_id": "upload_05b712ec-Z0053", "scene": "upload_05b712ec", "pixel_count": 16, "approx_area_m2": 14400.0, "centroid_x": 423789.375, "centroid_y": 6883976.25, "centroid_lon": 163.54104140977563, "centroid_lat": 62.080238261829855, "mean_risk": 1.4477381706237793, "max_risk": 1.5083237886428833, "median_risk": 1.4477529525756836, "high_priority_pixel_pct": 100.0, "priority_category": "HIGH PRIORITY", "threshold_type": "95th percentile prioritisation threshold", "recommendation": "Spectral-stress evidence detected. Prioritise field inspection to determine the underlying cause. Field verification required.", "priority_rank": 31}}, {"type": "Feature", "geometry": {"type": "Polygon", "coordinates": [[[163.5492040315624, 62.07995381473413], [163.5492168787442, 62.07968460681049], [163.54864279524406, 62.07967858118607], [163.54866849898775, 62.07914016543876], [163.5480944259056, 62.07913413756754], [163.54810728246713, 62.078864929743894], [163.54753321472364, 62.078858899557865], [163.54754607610448, 62.07858969179026], [163.54697201369967, 62.078583659289436], [163.54699774583966, 62.07804524385432], [163.54929395638666, 62.078069359014734], [163.5492425723295, 62.07914619092694], [163.54981664593066, 62.07915221403212], [163.54980380434694, 62.079421422048036], [163.55037788328661, 62.07942744283827], [163.55035220949966, 62.079965858969906], [163.5492040315624, 62.07995381473413]]]}, "properties": {"zone_id": "upload_05b712ec-Z0054", "scene": "upload_05b712ec", "pixel_count": 20, "approx_area_m2": 18000.0, "centroid_x": 424186.5, "centroid_y": 6883816.5, "centroid_lon": 163.54870941132197, "centroid_lat": 62.07888471926961, "mean_risk": 1.4627238512039185, "max_risk": 1.5647696256637573, "median_risk": 1.4544862508773804, "high_priority_pixel_pct": 100.0, "priority_category": "HIGH PRIORITY", "threshold_type": "95th percentile prioritisation threshold", "recommendation": "Spectral-stress evidence detected. Prioritise field inspection to determine the underlying cause. Field verification required.", "priority_rank": 17}}, {"type": "Feature", "geometry": {"type": "Polygon", "coordinates": [[[163.54234080176963, 62.07934293491921], [163.54235370938187, 62.079073727790494], [163.54177963916158, 62.07906767370635], [163.54180546376185, 62.078529259549484], [163.54295358414748, 62.078541365061156], [163.54296648589894, 62.078272157827726], [163.5435405414039, 62.07827820694079], [163.54355343781614, 62.07800899962687], [163.541831287319, 62.077990845344196], [163.54185710983316, 62.07745243109046], [163.54300518959, 62.0774645360548], [163.54301809029926, 62.07719532877295], [163.54359212549016, 62.077201377612504], [163.54357922985926, 62.07747058496273], [163.54415327038893, 62.07747663148782], [163.54414037957605, 62.07774583889431], [163.54528847157331, 62.07775792493262], [163.54527559065727, 62.07802713246359], [163.54584964212472, 62.07803317197673], [163.54583676602724, 62.07830237956388], [163.54526270948105, 62.078296339982494], [163.54524982804475, 62.07856554748924], [163.54467576667994, 62.07855950545663], [163.54466287990456, 62.07882871288303], [163.54408881372115, 62.078822668399134], [163.5440630292315, 62.07936108307891], [163.54234080176963, 62.07934293491921]]]}, "properties": {"zone_id": "upload_05b712ec-Z0055", "scene": "upload_05b712ec", "pixel_count": 31, "approx_area_m2": 27900.0, "centroid_x": 423914.51612903224, "centroid_y": 6883760.322580645, "centroid_lon": 163.5435289943272, "centroid_lat": 62.07832587197984, "mean_risk": 1.4701582193374634, "max_risk": 1.576977252960205, "median_risk": 1.4731937646865845, "high_priority_pixel_pct": 100.0, "priority_category": "HIGH PRIORITY", "threshold_type": "95th percentile prioritisation threshold", "recommendation": "Spectral-stress evidence detected. Prioritise field inspection to determine the underlying cause. Field verification required.", "priority_rank": 10}}, {"type": "Feature", "geometry": {"type": "Polygon", "coordinates": [[[163.59802732927884, 62.079918860945824], [163.59803974418688, 62.07964964730685], [163.59689155437908, 62.079637999073825], [163.5969164037614, 62.07909957202326], [163.59978682936497, 62.07912867407398], [163.59977443019713, 62.07939788793424], [163.5992003394956, 62.079392072224614], [163.59918793499764, 62.079661286007116], [163.59861383946694, 62.07965546784857], [163.59860142963868, 62.07992468155334], [163.59802732927884, 62.079918860945824]]]}, "properties": {"zone_id": "upload_05b712ec-Z0056", "scene": "upload_05b712ec", "pixel_count": 10, "approx_area_m2": 9000.0, "centroid_x": 426774.0, "centroid_y": 6883818.0, "centroid_lon": 163.59822314457594, "centroid_lat": 62.07940910141652, "mean_risk": 1.4667246341705322, "max_risk": 1.5178782939910889, "median_risk": 1.4746384620666504, "high_priority_pixel_pct": 100.0, "priority_category": "HIGH PRIORITY", "threshold_type": "95th percentile prioritisation threshold", "recommendation": "Spectral-stress evidence detected. Prioritise field inspection to determine the underlying cause. Field verification required.", "priority_rank": 13}}, {"type": "Feature", "geometry": {"type": "Polygon", "coordinates": [[[163.5503907197912, 62.07915823475428], [163.55044206321713, 62.078081402297535], [163.55159017108446, 62.078093436048704], [163.55160299613553, 62.07782422776826], [163.5521770453791, 62.07783024100152], [163.5521898650926, 62.07756103264102], [163.55391199914052, 62.07757905783967], [163.55392480335968, 62.077309849263365], [163.55449884348113, 62.07731585282933], [163.5544604452837, 62.078123478725644], [163.55388638992645, 62.07811747495609], [163.5538735849315, 62.07838668349618], [163.55329952475404, 62.078380677275824], [163.55328671442157, 62.07864988573591], [163.55156452020523, 62.07863185257333], [163.55155169437708, 62.07890106081751], [163.55097762507722, 62.07889504492938], [163.55096479391096, 62.07916425309344], [163.5503907197912, 62.07915823475428]]]}, "properties": {"zone_id": "upload_05b712ec-Z0057", "scene": "upload_05b712ec", "pixel_count": 24, "approx_area_m2": 21600.0, "centroid_x": 424377.5, "centroid_y": 6883735.0, "centroid_lon": 163.55239914210773, "centroid_lat": 62.0781916903117, "mean_risk": 1.4781876802444458, "max_risk": 1.5984309911727905, "median_risk": 1.464595913887024, "high_priority_pixel_pct": 100.0, "priority_category": "HIGH PRIORITY", "threshold_type": "95th percentile prioritisation threshold", "recommendation": "Spectral-stress evidence detected. Prioritise field inspection to determine the underlying cause. Field verification required.", "priority_rank": 7}}, {"type": "Feature", "geometry": {"type": "Polygon", "coordinates": [[[163.54474019665312, 62.07721346814321], [163.5447530818671, 62.07694426064421], [163.54532711276067, 62.076950302267065], [163.54533999263623, 62.07668109468767], [163.54763609849786, 62.07670523707837], [163.54761037911263, 62.07724365277083], [163.54474019665312, 62.07721346814321]]]}, "properties": {"zone_id": "upload_05b712ec-Z0058", "scene": "upload_05b712ec", "pixel_count": 9, "approx_area_m2": 8100.0, "centroid_x": 424056.6666666667, "centroid_y": 6883606.666666667, "centroid_lon": 163.54631500706114, "centroid_lat": 62.07697565768145, "mean_risk": 1.43411123752594, "max_risk": 1.493570327758789, "median_risk": 1.4236270189285278, "high_priority_pixel_pct": 100.0, "priority_category": "HIGH PRIORITY", "threshold_type": "95th percentile prioritisation threshold", "recommendation": "Spectral-stress evidence detected. Prioritise field inspection to determine the underlying cause. Field verification required.", "priority_rank": 45}}, {"type": "Feature", "geometry": {"type": "Polygon", "coordinates": [[[163.41862679886611, 62.072596071172384], [163.4186407977224, 62.07232687920275], [163.41806688773607, 62.0723203119284], [163.4180808913849, 62.07205112002058], [163.41750698675656, 62.072044550438505], [163.41752099519778, 62.071775358592554], [163.4163731969399, 62.07176221243113], [163.4163872152483, 62.071493020721356], [163.41581332161886, 62.07148644414209], [163.41591147737537, 62.06960210234712], [163.41648533548278, 62.06960867840616], [163.4164993515272, 62.069339486597286], [163.41707320484338, 62.069346060200346], [163.41712924589575, 62.06826929254392], [163.41655541287523, 62.06826271923799], [163.41656942750492, 62.067993527367186], [163.415995599841, 62.067986951754015], [163.4160096192613, 62.06771775994513], [163.41543579695397, 62.06771118202475], [163.41544982116469, 62.0674419902778], [163.41487600421394, 62.067435410050265], [163.41489003321487, 62.067166218365315], [163.41144716790114, 62.06712668743578], [163.4114612270581, 62.066857496185115], [163.40973981345093, 62.0668376987946], [163.40972573907445, 62.06710688982156], [163.40915193003366, 62.06710028585396], [163.4091237702817, 62.06763866772139], [163.40854995137855, 62.06763206122304], [163.40853586600275, 62.0679012520635], [163.40796204231052, 62.06789464310902], [163.4079479515768, 62.0681638338624], [163.40909560939275, 62.06817704953924], [163.40905336592738, 62.068984622172955], [163.4079056776689, 62.06897140604809], [163.40791976925604, 62.068702215331925], [163.40619825422377, 62.06868237350676], [163.40618414741513, 62.068951563998674], [163.40446261972454, 62.0689317005148], [163.4044767417546, 62.068662510247336], [163.40390290483492, 62.06865588439773], [163.40387465034203, 62.06919426477049], [163.40272695706307, 62.069181005626895], [163.4027128192408, 62.06945019564485], [163.40156511695557, 62.06943692682479], [163.40155096869978, 62.06970611668036], [163.40040325740893, 62.06969283818371], [163.40037493974356, 62.07023121755748], [163.39922720929934, 62.07021792923382], [163.39921303988916, 62.07048711875191], [163.3974914311456, 62.07046716817815], [163.39747724622606, 62.07073635745833], [163.3963294983466, 62.070723045016734], [163.39631530299164, 62.07099223413404], [163.39574142440728, 62.07098557426533], [163.39572722369113, 62.071254763294945], [163.39400557443483, 62.0712347691722], [163.39403400602762, 62.07069639155241], [163.39346013366514, 62.07068972223197], [163.39348857425853, 62.07015134471315], [163.39176698933986, 62.07013132291387], [163.39175275396397, 62.07040051145323], [163.39060502197322, 62.07038715152767], [163.39061926749756, 62.07011796313925], [163.39004540700773, 62.070111279679445], [163.3900596573186, 62.06984209135413], [163.38891194735038, 62.06982871744059], [163.38889768689134, 62.07009790561475], [163.38832382726494, 62.07009121500991], [163.38830956144383, 62.07036040309604], [163.38773569703127, 62.07035371003388], [163.38772142584787, 62.0706228980319], [163.38714755664913, 62.07061620251239], [163.38716183290683, 62.07034701459002], [163.3865879690706, 62.07034031676449], [163.38663081133657, 62.069532753149716], [163.38777850885285, 62.06954614596506], [163.38782131808156, 62.0687385817842], [163.3883951520506, 62.06874527439256], [163.38842367994903, 62.068206898058456], [163.38727603259306, 62.06819351076275], [163.3872617586409, 62.06846269878475], [163.38668793032167, 62.068456001489004], [163.3867164880846, 62.06791762558394], [163.38556885260454, 62.0679042241508], [163.3855831412001, 62.067635036331], [163.38615695372272, 62.06764173816255], [163.38617123695667, 62.06737255025457], [163.3873188527206, 62.067385946622046], [163.3873045796329, 62.067655134681395], [163.38845220669563, 62.06766852167456], [163.3884379434663, 62.06793770987274], [163.3895855818273, 62.06795108749136], [163.38959983491011, 62.067681899141995], [163.390173649449, 62.06768858430357], [163.39020214460515, 62.06715020741643], [163.3907759492854, 62.06715689004557], [163.39079019135906, 62.066887701507824], [163.39136399125383, 62.066894381680065], [163.39133551696506, 62.067432758894064], [163.3907617069242, 62.067426078570854], [163.39073322133927, 62.06796445558411], [163.39015940143946, 62.06795777272845], [163.39013090455754, 62.068496149540906], [163.39127856493846, 62.06850951317274], [163.39129280337627, 62.06824032462174], [163.39186662892442, 62.06824700278993], [163.3918808620014, 62.06797781415103], [163.39245468276349, 62.067984489862276], [163.39248313790887, 62.06744611239625], [163.39305694881165, 62.06745278557522], [163.3930285038128, 62.06799116319205], [163.39360232514926, 62.067997834140364], [163.39363076000154, 62.06745945637275], [163.39592600763012, 62.06748611574869], [163.39596859687947, 62.06667854810027], [163.3976899899529, 62.06669851695025], [163.3976758090419, 62.06696770640449], [163.39939721991072, 62.06698765404765], [163.3994822097733, 62.06537251578353], [163.40005598353176, 62.06537915978468], [163.40008430105385, 62.064840780113755], [163.40123182913865, 62.064854060672225], [163.40124597732657, 62.06458487066807], [163.4018197367252, 62.06459150730054], [163.4018338795554, 62.06432231720898], [163.4024076341674, 62.06432895138532], [163.40242177164012, 62.06405976120638], [163.40529052361833, 62.06409289599669], [163.4053328582467, 62.063285324262175], [163.40475912249653, 62.06327870229079], [163.40478735430113, 62.06274032122203], [163.4053610799081, 62.06274694304378], [163.40540341026414, 62.06193937112305], [163.40597712094186, 62.061945990339424], [163.40601943352164, 62.06113841808263], [163.40659312927087, 62.061145034693816], [163.40660722782394, 62.06087584384198], [163.40718091878685, 62.06088245799763], [163.4071950119846, 62.06061326705865], [163.40776869816122, 62.06061987875877], [163.40792364879357, 62.057658776789346], [163.40849727948273, 62.057665385287365], [163.40852543849044, 62.057127002800485], [163.40967268044304, 62.057140212356614], [163.409686749382, 62.05687102094534], [163.41026036571486, 62.056877622078176], [163.41035880485538, 62.054993281329885], [163.41093238598927, 62.05499987956055], [163.41096049876703, 62.05446149622888], [163.41153407004754, 62.05446809193028], [163.4115481209426, 62.054198900171365], [163.4121216874383, 62.054205493418095], [163.41214977824137, 62.05366710971408], [163.41272333488402, 62.05367370043175], [163.41276545375914, 62.052866124559365], [163.41333899548118, 62.0528727126737], [163.41335302947184, 62.052603520617026], [163.4139265664093, 62.05261010627692], [163.4139405950491, 62.05234091413346], [163.41451412720193, 62.052347497339], [163.4145281504911, 62.052078305108786], [163.4151016778593, 62.05208488586001], [163.41512971345387, 62.05154650121374], [163.41570323097002, 62.05155307943642], [163.41573125529877, 62.05101469459194], [163.41630476296314, 62.05102127028617], [163.41631876963632, 62.050752077771065], [163.4168922725162, 62.0507586510112], [163.41692027488082, 62.05022026579534], [163.4174937679093, 62.05022683650723], [163.41750776360107, 62.04995764380648], [163.41865474037135, 62.049970777942576], [163.4186687256473, 62.049701585081095], [163.41924220938904, 62.0497081485054], [163.4192561893162, 62.049438955557385], [163.41982966827334, 62.04944551652786], [163.4198436428519, 62.049176323493384], [163.42099059147887, 62.049189438147074], [163.42100455564258, 62.048920244952086], [163.42157802531227, 62.04892679863541], [163.421564066215, 62.04919599190444], [163.42271101653213, 62.0492090922801], [163.42272496549646, 62.04893989886311], [163.4238719068063, 62.04895298957217], [163.42388584535644, 62.04868379599494], [163.4267531782187, 62.04871648075441], [163.42673926500066, 62.0489856747008], [163.4278862102441, 62.048998732094596], [163.42787230687844, 62.049267926176135], [163.42844578498753, 62.04927445137722], [163.42843188640802, 62.04954364552008], [163.42900536986417, 62.04955016841514], [163.42899147607102, 62.04981936261933], [163.4295649648743, 62.04982588320832], [163.42950940716634, 62.05090266019606], [163.43008291651802, 62.05090917869978], [163.4300690314577, 62.05117837298945], [163.4306425461568, 62.05118488918691], [163.43065642614982, 62.050915694823644], [163.4312299360617, 62.05092220856765], [163.431216061136, 62.05119140300448], [163.43178957639518, 62.05119791444216], [163.43174796514086, 62.05200549789923], [163.4311744346791, 62.05199898624088], [163.43113280570233, 62.052806569366105], [163.4322798973127, 62.052819590744036], [163.43229376378238, 62.052550396234246], [163.43573501491767, 62.052589402805744], [163.43574885070035, 62.05232020784296], [163.43746946483466, 62.05233967877808], [163.4374832851348, 62.05207048358302], [163.43805681866962, 62.052076969061396], [163.43808444829799, 62.051538578487744], [163.43865797197623, 62.05154506143965], [163.43867178130478, 62.05127586606104], [163.4392453001941, 62.05128234655979], [163.4392591041766, 62.05101315109569], [163.44040613265594, 62.05102610480706], [163.44041992622525, 62.05075690918426], [163.4421404558293, 62.0507763216827], [163.44215423391853, 62.05050712582833], [163.44272773927543, 62.05051359182833], [163.4427415120195, 62.05024439588857], [163.44331501258714, 62.050250859435685], [163.44332877998625, 62.04998166341059], [163.44390227576457, 62.049988124504885], [163.4439160378189, 62.04971892839448], [163.44448952880794, 62.049725387036], [163.44450328551773, 62.049456190840324], [163.44507677171742, 62.04946264702914], [163.44509052308288, 62.049193450748206], [163.44681096814585, 62.049212804817415], [163.44682470403376, 62.048943608305535], [163.44797165866152, 62.04895649897401], [163.44798538413903, 62.04868730230421], [163.44970580295742, 62.04870662024078], [163.44969209267984, 62.04897581712877], [163.45255948824143, 62.049007966458724], [163.452518431752, 62.049815558138256], [163.45309192689376, 62.049821981082665], [163.45306456465445, 62.05036037561925], [163.45363807020658, 62.05036679632889], [163.45359703997948, 62.05117438825904], [163.45417056100985, 62.05118080680631], [163.4541568887832, 62.05145000416424], [163.4535833626852, 62.05144358554448], [163.4535696851149, 62.05171278281762], [163.4541432162806, 62.05171920150989], [163.4541295435022, 62.051988398843214], [163.45355600726867, 62.05198198007844], [163.45354232914642, 62.05225117732696], [163.4546894120253, 62.052264012621464], [163.45467574376312, 62.05253321000266], [163.45410219711766, 62.05252679347296], [163.45406117547154, 62.05333438532531], [163.4534876138973, 62.05332796619797], [163.45346025461657, 62.05386636055965], [163.45288668318133, 62.05385993890706], [163.45287299805827, 62.05412913599689], [163.45229942183056, 62.054122711891516], [163.4522857313626, 62.05439190889647], [163.4511385695986, 62.054379053399714], [163.4510837644121, 62.05545584071554], [163.45051016366887, 62.055449409106124], [163.45049645661177, 62.05571860583164], [163.44992285107597, 62.05571217176916], [163.4499091386729, 62.055981368409675], [163.44876191829294, 62.05596849299807], [163.44874819547434, 62.056237689480824], [163.4481745806303, 62.05623124813161], [163.4481471240232, 62.056769640914624], [163.44642625073652, 62.05675030214731], [163.44641250680831, 62.057019498301855], [163.44698613602966, 62.057025947010985], [163.44697239689387, 62.05729514322608], [163.44754603146228, 62.057301589627485], [163.44751856249871, 62.05783998216636], [163.44809220748422, 62.05784642633284], [163.44803728651183, 62.05892321155398], [163.4474636212453, 62.058916767096285], [163.4474361489553, 62.05945515948735], [163.4462887989718, 62.0594422631384], [163.44627505226953, 62.059711459169755], [163.4445540141633, 62.059692096571816], [163.44456777607763, 62.0594229007592], [163.44399410233493, 62.05941644187129], [163.44407669841038, 62.057801267174774], [163.44465034173118, 62.057807725624876], [163.44466410170145, 62.05753852972602], [163.44581137903612, 62.057551439338575], [163.44583887786433, 62.057013047212195], [163.44526524919783, 62.05700659374203], [163.44527900326537, 62.056737397733265], [163.44470537994607, 62.05673094195551], [163.4447191388056, 62.05646174600734], [163.44414552083356, 62.05645528792204], [163.44417304785844, 62.055916896134654], [163.44302583302525, 62.05590397311467], [163.44301205951302, 62.056173168868526], [163.4412912241402, 62.05615376626632], [163.44127743514179, 62.05642296178866], [163.44070381883785, 62.056416489420606], [163.44067622986708, 62.056954880282056], [163.44010260370243, 62.05694840538727], [163.44008880372976, 62.05721760072632], [163.43951517277395, 62.05721112337786], [163.43950136745298, 62.057480318631406], [163.43892773170597, 62.05747383882922], [163.43891392103652, 62.05774303399722], [163.43776664023898, 62.05773006710469], [163.43775281915083, 62.057999262113874], [163.43717917410046, 62.05799277502345], [163.43715152094717, 62.05853116485819], [163.4365778660356, 62.05852467524055], [163.43656403397011, 62.05879387006607], [163.4377113542128, 62.05880684706734], [163.43768370952603, 62.05934523697463], [163.4371100391243, 62.05933874951775], [163.43706855478973, 62.06014633406624], [163.43649486945506, 62.06013984400867], [163.43645336739564, 62.0609474282261], [163.4358796671273, 62.06094093556765], [163.4358243068535, 62.062017714057994], [163.43525058657923, 62.0620112187251], [163.4352090482256, 62.06281880224308], [163.43635651948364, 62.06283179096812], [163.43634268295057, 62.06310098559617], [163.43691642407043, 62.0631074764604], [163.43693025553162, 62.062838281759014], [163.43807772846506, 62.06285125619757], [163.4380639071477, 62.06312045104557], [163.43863764910483, 62.06312693476646], [163.43858238133416, 62.06420371432813], [163.4380086190883, 62.064197230314164], [163.43799479637593, 62.06446642510048], [163.43742102933666, 62.064459938632], [163.43740720127275, 62.064729133332676], [163.43683342944007, 62.06472264440964], [163.4368195960244, 62.064991839024636], [163.43624581939838, 62.06498534764699], [163.43621814158374, 62.06552373669328], [163.43564435509154, 62.06551724278759], [163.43563051069225, 62.065786437218854], [163.43505671940665, 62.0657799408584], [163.43502901962356, 62.06631832953705], [163.4344552184714, 62.06631183064835], [163.43442750742344, 62.066850219130785], [163.4338536964045, 62.066843717713716], [163.4338259740908, 62.06738210599983], [163.43325215320476, 62.06737560205432], [163.4332382865546, 62.067644796105334], [163.43266446087492, 62.06763828970479], [163.4326505888711, 62.06790748366994], [163.43207675839778, 62.06790097481429], [163.4320490034023, 62.068439362560454], [163.43147516306152, 62.06843285117606], [163.43144739679732, 62.06897123872564], [163.43087354658877, 62.0689647248124], [163.43084576905494, 62.06950311216535], [163.4302719089783, 62.06949659572316], [163.43025801471643, 62.06976578930749], [163.42968414984597, 62.069759270409904], [163.42965635033158, 62.070297657394086], [163.4290824755927, 62.07029113596737], [163.42906857033992, 62.07056032936723], [163.42849469080713, 62.07055380548497], [163.4284668693097, 62.071092192100195], [163.42789297990814, 62.07108566568858], [163.42790689587213, 62.070816472460926], [163.4273330118264, 62.07080994374122], [163.42731909078756, 62.071079136895115], [163.42674520194805, 62.071072605719756], [163.42673127555318, 62.07134179878747], [163.4255834885679, 62.07132872914344], [163.4255695517418, 62.07159792205108], [163.42384785814951, 62.071578299499016], [163.4238339058167, 62.071847492172566], [163.4232600034408, 62.07184094648406], [163.42324604575106, 62.072110139071235], [163.42267213858176, 62.07210359092678], [163.42265817553493, 62.07237278342761], [163.4203625293768, 62.0723465667339], [163.42034854574655, 62.07261575892602], [163.41862679886611, 62.072596071172384]], [[163.39297161036956, 62.06906791827641], [163.39411929391818, 62.06908125839453], [163.39413350756223, 62.06881206949136], [163.39528118211118, 62.06882539993248], [163.39529538532096, 62.06855621086623], [163.3958692179519, 62.06856287243917], [163.3958834158014, 62.06829368328519], [163.39530958824398, 62.068287021787526], [163.3953237908803, 62.06801783269642], [163.39360232514926, 62.067997834140364], [163.39355967071813, 62.068805400698444], [163.39298583416107, 62.06879872952399], [163.39297161036956, 62.06906791827641]], [[163.4463575283217, 62.05809628279687], [163.4469311778228, 62.0581027317974], [163.4469586574808, 62.05756433942883], [163.44638501811977, 62.05755789057399], [163.4463575283217, 62.05809628279687]], [[163.44910489877597, 62.04923857692655], [163.4496783821256, 62.04924501400446], [163.44969209267984, 62.04897581712877], [163.44911861439698, 62.04896938012357], [163.44910489877597, 62.04923857692655]]]}, "properties": {"zone_id": "upload_05b712ec-Z0059", "scene": "upload_05b712ec", "pixel_count": 4657, "approx_area_m2": 4191300.0, "centroid_x": 417607.479063775, "centroid_y": 6881879.35580846, "centroid_lon": 163.42372336903443, "centroid_lat": 62.06012363601365, "mean_risk": 1.6228069067001343, "max_risk": 1.9995006322860718, "median_risk": 1.5981286764144897, "high_priority_pixel_pct": 100.0, "priority_category": "HIGH PRIORITY", "threshold_type": "95th percentile prioritisation threshold", "recommendation": "Spectral-stress evidence detected. Prioritise field inspection to determine the underlying cause. Field verification required.", "priority_rank": 2}}, {"type": "Feature", "geometry": {"type": "Polygon", "coordinates": [[[163.48979442454026, 62.073391961136444], [163.48982116317745, 62.07285355919525], [163.49096904234202, 62.07286609569068], [163.49098240110345, 62.07259689456005], [163.49155633601427, 62.07260315916361], [163.49154298232895, 62.07287236036504], [163.49211692258552, 62.07287862265718], [163.49209022455852, 62.07341702516492], [163.48979442454026, 62.073391961136444]]]}, "properties": {"zone_id": "upload_05b712ec-Z0060", "scene": "upload_05b712ec", "pixel_count": 9, "approx_area_m2": 8100.0, "centroid_x": 421156.6666666667, "centroid_y": 6883240.0, "centroid_lon": 163.4909897956175, "centroid_lat": 62.0730907780601, "mean_risk": 1.436288833618164, "max_risk": 1.4603514671325684, "median_risk": 1.4378666877746582, "high_priority_pixel_pct": 100.0, "priority_category": "HIGH PRIORITY", "threshold_type": "95th percentile prioritisation threshold", "recommendation": "Spectral-stress evidence detected. Prioritise field inspection to determine the underlying cause. Field verification required.", "priority_rank": 44}}, {"type": "Feature", "geometry": {"type": "Polygon", "coordinates": [[[163.55294328723562, 62.073798124156134], [163.55295609798944, 62.07352891554639], [163.55410403528026, 62.07354092792585], [163.5541168356215, 62.07327171916823], [163.55641269299613, 62.07329571506636], [163.5563871326714, 62.0738341331119], [163.55294328723562, 62.073798124156134]]]}, "properties": {"zone_id": "upload_05b712ec-Z0061", "scene": "upload_05b712ec", "pixel_count": 10, "approx_area_m2": 9000.0, "centroid_x": 424497.0, "centroid_y": 6883218.0, "centroid_lon": 163.55490631266153, "centroid_lat": 62.07357625180578, "mean_risk": 1.4494647979736328, "max_risk": 1.491936445236206, "median_risk": 1.4527559280395508, "high_priority_pixel_pct": 100.0, "priority_category": "HIGH PRIORITY", "threshold_type": "95th percentile prioritisation threshold", "recommendation": "Spectral-stress evidence detected. Prioritise field inspection to determine the underlying cause. Field verification required.", "priority_rank": 29}}, {"type": "Feature", "geometry": {"type": "Polygon", "coordinates": [[[163.442149032987, 62.06181981016392], [163.4421628174095, 62.061550614742025], [163.44158910421086, 62.06154414574639], [163.44160289342653, 62.06127495038527], [163.44102918557755, 62.0612684790818], [163.44104297958614, 62.06099928378147], [163.44161668236387, 62.0610057550118], [163.4416304710229, 62.060736559626015], [163.44392526463125, 62.06076242044612], [163.44391149625687, 62.061031616124104], [163.4444852004251, 62.06103807544987], [163.4444714368441, 62.061307271188504], [163.4438977276046, 62.06130081178975], [163.44387018946628, 62.06183920308409], [163.442149032987, 62.06181981016392]]]}, "properties": {"zone_id": "upload_05b712ec-Z0062", "scene": "upload_05b712ec", "pixel_count": 17, "approx_area_m2": 15300.0, "centroid_x": 418607.64705882355, "centroid_y": 6881980.588235294, "centroid_lon": 163.44280295754757, "centroid_lat": 62.0612488687357, "mean_risk": 1.4223157167434692, "max_risk": 1.4393709897994995, "median_risk": 1.4207710027694702, "high_priority_pixel_pct": 100.0, "priority_category": "HIGH PRIORITY", "threshold_type": "95th percentile prioritisation threshold", "recommendation": "Spectral-stress evidence detected. Prioritise field inspection to determine the underlying cause. Field verification required.", "priority_rank": 61}}, {"type": "Feature", "geometry": {"type": "Polygon", "coordinates": [[[163.5518110953755, 62.06139648832962], [163.55184953683707, 62.0605888614071], [163.55242326099975, 62.06059487267384], [163.5524488772037, 62.06005645452919], [163.55302259148093, 62.06006246327898], [163.55303539412333, 62.05979325412065], [163.55188797597094, 62.059781234375755], [163.55191360076714, 62.0592428162944], [163.55248729957074, 62.059248827221545], [163.55250010650943, 62.05897961809482], [163.55307380050004, 62.05898562657306], [163.55308660210883, 62.05871641736635], [163.5536602912864, 62.05872242339572], [163.5536730875655, 62.05845321410906], [163.55482045655268, 62.05846521888924], [163.55480767041624, 62.058734428311524], [163.55595505057832, 62.058746423703404], [163.5559678265721, 62.05847721414559], [163.55654151196865, 62.05848320820233], [163.55652874104624, 62.05875241782786], [163.55767612275523, 62.058764398933796], [163.5576888835349, 62.05849518917289], [163.55940994281565, 62.05851314277149], [163.5593971972501, 62.05878235273524], [163.55882350549442, 62.058776370515766], [163.5588107546001, 62.05904558039987], [163.5582370580303, 62.05903959573176], [163.55822430180706, 62.059308805536155], [163.55765060042313, 62.0593028184194], [163.55763783887073, 62.05957202814406], [163.5570641326727, 62.05956603857857], [163.55703859865153, 62.06010445785631], [163.55646488256752, 62.06009846577433], [163.55645211009843, 62.060367675327385], [163.55587838920027, 62.06036168079657], [163.55589116674136, 62.060092471311236], [163.55474373586276, 62.06008047524169], [163.5547309481778, 62.06034968459147], [163.55415722805367, 62.060343682917214], [163.55414443503852, 62.06061289218709], [163.555291885689, 62.06062489329006], [163.55525353552773, 62.061432521434], [163.55353231428904, 62.06141451559743], [163.55354511315124, 62.06114530643164], [163.55239764376168, 62.06113329077011], [163.55238483475483, 62.06140249980014], [163.5518110953755, 62.06139648832962]]]}, "properties": {"zone_id": "upload_05b712ec-Z0063", "scene": "upload_05b712ec", "pixel_count": 76, "approx_area_m2": 68400.0, "centroid_x": 424457.36842105264, "centroid_y": 6881677.894736842, "centroid_lon": 163.5548048446623, "centroid_lat": 62.059747979469066, "mean_risk": 1.4785456657409668, "max_risk": 1.581895351409912, "median_risk": 1.4791059494018555, "high_priority_pixel_pct": 100.0, "priority_category": "HIGH PRIORITY", "threshold_type": "95th percentile prioritisation threshold", "recommendation": "Spectral-stress evidence detected. Prioritise field inspection to determine the underlying cause. Field verification required.", "priority_rank": 6}}]}