zone_id,priority_rank,band_index,observed_mean,reference_mean_32band_only,wavelength_status
scene_03_russia_sample-Z0019,1,1,5069.86474609375,2547.989065234375,unavailable in GeoTIFF; band index reported
scene_03_russia_sample-Z0019,1,2,4913.4052734375,,unavailable in GeoTIFF; band index reported
scene_03_russia_sample-Z0019,1,3,4802.94580078125,,unavailable in GeoTIFF; band index reported
scene_03_russia_sample-Z0019,1,4,4839.81103515625,,unavailable in GeoTIFF; band index reported
scene_03_russia_sample-Z0019,1,5,4792.2431640625,,unavailable in GeoTIFF; band index reported
scene_03_russia_sample-Z0019,1,6,4718.67578125,,unavailable in GeoTIFF; band index reported
scene_03_russia_sample-Z0019,1,7,4700.21630859375,,unavailable in GeoTIFF; band index reported
scene_03_russia_sample-Z0019,1,8,4645.486328125,2390.9014695312503,unavailable in GeoTIFF; band index reported
scene_03_russia_sample-Z0019,1,9,4597.32421875,,unavailable in GeoTIFF; band index reported
scene_03_russia_sample-Z0019,1,10,4596.81103515625,,unavailable in GeoTIFF; band index reported
scene_03_russia_sample-Z0019,1,11,4538.97314453125,,unavailable in GeoTIFF; band index reported
scene_03_russia_sample-Z0019,1,12,4516.7568359375,,unavailable in GeoTIFF; band index reported
scene_03_russia_sample-Z0019,1,13,4506.4326171875,,unavailable in GeoTIFF; band index reported
scene_03_russia_sample-Z0019,1,14,4489.37841796875,,unavailable in GeoTIFF; band index reported
scene_03_russia_sample-Z0019,1,15,4456.81103515625,2350.3786316406254,unavailable in GeoTIFF; band index reported
scene_03_russia_sample-Z0019,1,16,4424.62158203125,,unavailable in GeoTIFF; band index reported
scene_03_russia_sample-Z0019,1,17,4415.513671875,,unavailable in GeoTIFF; band index reported
scene_03_russia_sample-Z0019,1,18,4396.6484375,,unavailable in GeoTIFF; band index reported
scene_03_russia_sample-Z0019,1,19,4347.86474609375,,unavailable in GeoTIFF; band index reported
scene_03_russia_sample-Z0019,1,20,4362.97314453125,,unavailable in GeoTIFF; band index reported
scene_03_russia_sample-Z0019,1,21,4390.89208984375,,unavailable in GeoTIFF; band index reported
scene_03_russia_sample-Z0019,1,22,4339.7568359375,2358.461596484375,unavailable in GeoTIFF; band index reported
scene_03_russia_sample-Z0019,1,23,4329.54052734375,,unavailable in GeoTIFF; band index reported
scene_03_russia_sample-Z0019,1,24,4310.21630859375,,unavailable in GeoTIFF; band index reported
scene_03_russia_sample-Z0019,1,25,4324.7568359375,,unavailable in GeoTIFF; band index reported
scene_03_russia_sample-Z0019,1,26,4327.78369140625,,unavailable in GeoTIFF; band index reported
scene_03_russia_sample-Z0019,1,27,4289.2705078125,,unavailable in GeoTIFF; band index reported
scene_03_russia_sample-Z0019,1,28,4277.37841796875,,unavailable in GeoTIFF; band index reported
scene_03_russia_sample-Z0019,1,29,4282.62158203125,2412.764583203125,unavailable in GeoTIFF; band index reported
scene_03_russia_sample-Z0019,1,30,4279.10791015625,,unavailable in GeoTIFF; band index reported
scene_03_russia_sample-Z0019,1,31,4279.513671875,,unavailable in GeoTIFF; band index reported
scene_03_russia_sample-Z0019,1,32,4263.21630859375,,unavailable in GeoTIFF; band index reported
scene_03_russia_sample-Z0019,1,33,4221.3515625,,unavailable in GeoTIFF; band index reported
scene_03_russia_sample-Z0019,1,34,4197.7294921875,,unavailable in GeoTIFF; band index reported
scene_03_russia_sample-Z0019,1,35,4137.162109375,,unavailable in GeoTIFF; band index reported
scene_03_russia_sample-Z0019,1,36,4074.946044921875,2306.610636328125,unavailable in GeoTIFF; band index reported
scene_03_russia_sample-Z0019,1,37,4100.2705078125,,unavailable in GeoTIFF; band index reported
scene_03_russia_sample-Z0019,1,38,4108.45947265625,,unavailable in GeoTIFF; band index reported
scene_03_russia_sample-Z0019,1,39,4100.89208984375,,unavailable in GeoTIFF; band index reported
scene_03_russia_sample-Z0019,1,40,4073.67578125,,unavailable in GeoTIFF; band index reported
scene_03_russia_sample-Z0019,1,41,4094.54052734375,,unavailable in GeoTIFF; band index reported
scene_03_russia_sample-Z0019,1,42,4106.7568359375,,unavailable in GeoTIFF; band index reported
scene_03_russia_sample-Z0019,1,43,4028.0,,unavailable in GeoTIFF; band index reported
scene_03_russia_sample-Z0019,1,44,4027.027099609375,2305.366001171875,unavailable in GeoTIFF; band index reported
scene_03_russia_sample-Z0019,1,45,3992.70263671875,,unavailable in GeoTIFF; band index reported
scene_03_russia_sample-Z0019,1,46,3964.2431640625,,unavailable in GeoTIFF; band index reported
scene_03_russia_sample-Z0019,1,47,3961.2431640625,,unavailable in GeoTIFF; band index reported
scene_03_russia_sample-Z0019,1,48,3941.13525390625,,unavailable in GeoTIFF; band index reported
scene_03_russia_sample-Z0019,1,49,3919.32421875,,unavailable in GeoTIFF; band index reported
scene_03_russia_sample-Z0019,1,50,3912.648681640625,,unavailable in GeoTIFF; band index reported
scene_03_russia_sample-Z0019,1,51,4057.78369140625,2320.3036429687504,unavailable in GeoTIFF; band index reported
scene_03_russia_sample-Z0019,1,52,3993.810791015625,,unavailable in GeoTIFF; band index reported
scene_03_russia_sample-Z0019,1,53,3927.513427734375,,unavailable in GeoTIFF; band index reported
scene_03_russia_sample-Z0019,1,54,3960.70263671875,,unavailable in GeoTIFF; band index reported
scene_03_russia_sample-Z0019,1,55,4004.972900390625,,unavailable in GeoTIFF; band index reported
scene_03_russia_sample-Z0019,1,56,4005.729736328125,,unavailable in GeoTIFF; band index reported
scene_03_russia_sample-Z0019,1,57,4056.29736328125,,unavailable in GeoTIFF; band index reported
scene_03_russia_sample-Z0019,1,58,4113.32421875,2535.3962285156254,unavailable in GeoTIFF; band index reported
scene_03_russia_sample-Z0019,1,59,4204.7294921875,,unavailable in GeoTIFF; band index reported
scene_03_russia_sample-Z0019,1,60,4225.7294921875,,unavailable in GeoTIFF; band index reported
scene_03_russia_sample-Z0019,1,61,4443.9189453125,,unavailable in GeoTIFF; band index reported
scene_03_russia_sample-Z0019,1,62,4651.13525390625,,unavailable in GeoTIFF; band index reported
scene_03_russia_sample-Z0019,1,63,4357.05419921875,,unavailable in GeoTIFF; band index reported
scene_03_russia_sample-Z0019,1,64,4298.67578125,,unavailable in GeoTIFF; band index reported
scene_03_russia_sample-Z0019,1,65,4286.9189453125,2735.793632421875,unavailable in GeoTIFF; band index reported
scene_03_russia_sample-Z0019,1,66,4224.7294921875,,unavailable in GeoTIFF; band index reported
scene_03_russia_sample-Z0019,1,67,4204.6484375,,unavailable in GeoTIFF; band index reported
scene_03_russia_sample-Z0019,1,68,4240.0810546875,,unavailable in GeoTIFF; band index reported
scene_03_russia_sample-Z0019,1,69,4151.05419921875,,unavailable in GeoTIFF; band index reported
scene_03_russia_sample-Z0019,1,70,4175.0810546875,,unavailable in GeoTIFF; band index reported
scene_03_russia_sample-Z0019,1,71,4176.89208984375,,unavailable in GeoTIFF; band index reported
scene_03_russia_sample-Z0019,1,72,4263.18896484375,2699.778001171875,unavailable in GeoTIFF; band index reported
scene_03_russia_sample-Z0019,1,73,4261.62158203125,,unavailable in GeoTIFF; band index reported
scene_03_russia_sample-Z0019,1,74,4324.32421875,,unavailable in GeoTIFF; band index reported
scene_03_russia_sample-Z0019,1,75,4295.81103515625,,unavailable in GeoTIFF; band index reported
scene_03_russia_sample-Z0019,1,76,4276.70263671875,,unavailable in GeoTIFF; band index reported
scene_03_russia_sample-Z0019,1,77,4343.37841796875,,unavailable in GeoTIFF; band index reported
scene_03_russia_sample-Z0019,1,78,4206.7568359375,,unavailable in GeoTIFF; band index reported
scene_03_russia_sample-Z0019,1,79,4197.32421875,,unavailable in GeoTIFF; band index reported
scene_03_russia_sample-Z0019,1,80,4123.7294921875,2684.03088671875,unavailable in GeoTIFF; band index reported
scene_03_russia_sample-Z0019,1,81,3999.027099609375,,unavailable in GeoTIFF; band index reported
scene_03_russia_sample-Z0019,1,82,4043.13525390625,,unavailable in GeoTIFF; band index reported
scene_03_russia_sample-Z0019,1,83,3893.891845703125,,unavailable in GeoTIFF; band index reported
scene_03_russia_sample-Z0019,1,84,3755.54052734375,,unavailable in GeoTIFF; band index reported
scene_03_russia_sample-Z0019,1,85,4106.4326171875,,unavailable in GeoTIFF; band index reported
scene_03_russia_sample-Z0019,1,86,4098.10791015625,,unavailable in GeoTIFF; band index reported
scene_03_russia_sample-Z0019,1,87,4209.4052734375,2731.4688449218747,unavailable in GeoTIFF; band index reported
scene_03_russia_sample-Z0019,1,88,4444.5673828125,,unavailable in GeoTIFF; band index reported
scene_03_russia_sample-Z0019,1,89,4420.0810546875,,unavailable in GeoTIFF; band index reported
scene_03_russia_sample-Z0019,1,90,4286.78369140625,,unavailable in GeoTIFF; band index reported
scene_03_russia_sample-Z0019,1,91,4353.7568359375,,unavailable in GeoTIFF; band index reported
scene_03_russia_sample-Z0019,1,92,4129.6484375,,unavailable in GeoTIFF; band index reported
scene_03_russia_sample-Z0019,1,93,3914.108154296875,,unavailable in GeoTIFF; band index reported
scene_03_russia_sample-Z0019,1,94,4188.3515625,2717.04442578125,unavailable in GeoTIFF; band index reported
scene_03_russia_sample-Z0019,1,95,3877.648681640625,,unavailable in GeoTIFF; band index reported
scene_03_russia_sample-Z0019,1,96,4091.108154296875,,unavailable in GeoTIFF; band index reported
scene_03_russia_sample-Z0019,1,97,3853.70263671875,,unavailable in GeoTIFF; band index reported
scene_03_russia_sample-Z0019,1,98,4177.94580078125,,unavailable in GeoTIFF; band index reported
scene_03_russia_sample-Z0019,1,99,3942.946044921875,,unavailable in GeoTIFF; band index reported
scene_03_russia_sample-Z0019,1,100,4269.2705078125,,unavailable in GeoTIFF; band index reported
scene_03_russia_sample-Z0019,1,101,3963.053955078125,2624.6267761718755,unavailable in GeoTIFF; band index reported
scene_03_russia_sample-Z0019,1,102,4282.29736328125,,unavailable in GeoTIFF; band index reported
scene_03_russia_sample-Z0019,1,103,4321.7568359375,,unavailable in GeoTIFF; band index reported
scene_03_russia_sample-Z0019,1,104,4334.89208984375,,unavailable in GeoTIFF; band index reported
scene_03_russia_sample-Z0019,1,105,4354.05419921875,,unavailable in GeoTIFF; band index reported
scene_03_russia_sample-Z0019,1,106,4356.78369140625,,unavailable in GeoTIFF; band index reported
scene_03_russia_sample-Z0019,1,107,4385.837890625,,unavailable in GeoTIFF; band index reported
scene_03_russia_sample-Z0019,1,108,4378.81103515625,2955.660197265625,unavailable in GeoTIFF; band index reported
scene_03_russia_sample-Z0019,1,109,4304.94580078125,,unavailable in GeoTIFF; band index reported
scene_03_russia_sample-Z0019,1,110,4202.97314453125,,unavailable in GeoTIFF; band index reported
scene_03_russia_sample-Z0019,1,111,4113.4326171875,,unavailable in GeoTIFF; band index reported
scene_03_russia_sample-Z0019,1,112,4487.21630859375,,unavailable in GeoTIFF; band index reported
scene_03_russia_sample-Z0019,1,113,5093.9189453125,,unavailable in GeoTIFF; band index reported
scene_03_russia_sample-Z0019,1,114,4474.62158203125,,unavailable in GeoTIFF; band index reported
scene_03_russia_sample-Z0019,1,115,4450.837890625,,unavailable in GeoTIFF; band index reported
scene_03_russia_sample-Z0019,1,116,4106.13525390625,2699.307933984375,unavailable in GeoTIFF; band index reported
scene_03_russia_sample-Z0019,1,117,4012.053955078125,,unavailable in GeoTIFF; band index reported
scene_03_russia_sample-Z0019,1,118,3961.729736328125,,unavailable in GeoTIFF; band index reported
scene_03_russia_sample-Z0019,1,119,3960.432373046875,,unavailable in GeoTIFF; band index reported
scene_03_russia_sample-Z0019,1,120,4000.189208984375,,unavailable in GeoTIFF; band index reported
scene_03_russia_sample-Z0019,1,121,4061.270263671875,,unavailable in GeoTIFF; band index reported
scene_03_russia_sample-Z0019,1,122,4150.32421875,,unavailable in GeoTIFF; band index reported
scene_03_russia_sample-Z0019,1,123,4197.3515625,2845.28236875,unavailable in GeoTIFF; band index reported
scene_03_russia_sample-Z0019,1,124,4299.89208984375,,unavailable in GeoTIFF; band index reported
scene_03_russia_sample-Z0019,1,125,4439.9189453125,,unavailable in GeoTIFF; band index reported
scene_03_russia_sample-Z0019,1,126,4216.21630859375,,unavailable in GeoTIFF; band index reported
scene_03_russia_sample-Z0019,1,127,4097.70263671875,,unavailable in GeoTIFF; band index reported
scene_03_russia_sample-Z0019,1,128,4014.70263671875,,unavailable in GeoTIFF; band index reported
scene_03_russia_sample-Z0019,1,129,3968.2431640625,,unavailable in GeoTIFF; band index reported
scene_03_russia_sample-Z0019,1,130,4048.2431640625,2696.022912109375,unavailable in GeoTIFF; band index reported
scene_03_russia_sample-Z0019,1,131,-32768.0,,unavailable in GeoTIFF; band index reported
scene_03_russia_sample-Z0019,1,132,-32768.0,,unavailable in GeoTIFF; band index reported
scene_03_russia_sample-Z0019,1,133,-32768.0,,unavailable in GeoTIFF; band index reported
scene_03_russia_sample-Z0019,1,134,-32768.0,,unavailable in GeoTIFF; band index reported
scene_03_russia_sample-Z0019,1,135,-32768.0,,unavailable in GeoTIFF; band index reported
scene_03_russia_sample-Z0019,1,136,3953.162109375,,unavailable in GeoTIFF; band index reported
scene_03_russia_sample-Z0019,1,137,3028.270263671875,2057.037273046875,unavailable in GeoTIFF; band index reported
scene_03_russia_sample-Z0019,1,138,2962.108154296875,,unavailable in GeoTIFF; band index reported
scene_03_russia_sample-Z0019,1,139,2423.486572265625,,unavailable in GeoTIFF; band index reported
scene_03_russia_sample-Z0019,1,140,2105.9189453125,,unavailable in GeoTIFF; band index reported
scene_03_russia_sample-Z0019,1,141,2077.9189453125,,unavailable in GeoTIFF; band index reported
scene_03_russia_sample-Z0019,1,142,2131.7568359375,,unavailable in GeoTIFF; band index reported
scene_03_russia_sample-Z0019,1,143,2206.432373046875,,unavailable in GeoTIFF; band index reported
scene_03_russia_sample-Z0019,1,144,2307.837890625,1418.7220189453126,unavailable in GeoTIFF; band index reported
scene_03_russia_sample-Z0019,1,145,2393.270263671875,,unavailable in GeoTIFF; band index reported
scene_03_russia_sample-Z0019,1,146,2499.37841796875,,unavailable in GeoTIFF; band index reported
scene_03_russia_sample-Z0019,1,147,2696.027099609375,,unavailable in GeoTIFF; band index reported
scene_03_russia_sample-Z0019,1,148,2730.54052734375,,unavailable in GeoTIFF; band index reported
scene_03_russia_sample-Z0019,1,149,2822.972900390625,,unavailable in GeoTIFF; band index reported
scene_03_russia_sample-Z0019,1,150,2940.027099609375,,unavailable in GeoTIFF; band index reported
scene_03_russia_sample-Z0019,1,151,2925.62158203125,,unavailable in GeoTIFF; band index reported
scene_03_russia_sample-Z0019,1,152,2951.37841796875,1889.9061537109374,unavailable in GeoTIFF; band index reported
scene_03_russia_sample-Z0019,1,153,2998.13525390625,,unavailable in GeoTIFF; band index reported
scene_03_russia_sample-Z0019,1,154,3045.7568359375,,unavailable in GeoTIFF; band index reported
scene_03_russia_sample-Z0019,1,155,3092.162109375,,unavailable in GeoTIFF; band index reported
scene_03_russia_sample-Z0019,1,156,3137.594482421875,,unavailable in GeoTIFF; band index reported
scene_03_russia_sample-Z0019,1,157,3166.45947265625,,unavailable in GeoTIFF; band index reported
scene_03_russia_sample-Z0019,1,158,3192.810791015625,,unavailable in GeoTIFF; band index reported
scene_03_russia_sample-Z0019,1,159,3218.513427734375,2075.4127738281254,unavailable in GeoTIFF; band index reported
scene_03_russia_sample-Z0019,1,160,3236.37841796875,,unavailable in GeoTIFF; band index reported
scene_03_russia_sample-Z0019,1,161,3235.9189453125,,unavailable in GeoTIFF; band index reported
scene_03_russia_sample-Z0019,1,162,3247.0,,unavailable in GeoTIFF; band index reported
scene_03_russia_sample-Z0019,1,163,3234.54052734375,,unavailable in GeoTIFF; band index reported
scene_03_russia_sample-Z0019,1,164,3233.7568359375,,unavailable in GeoTIFF; band index reported
scene_03_russia_sample-Z0019,1,165,3289.729736328125,,unavailable in GeoTIFF; band index reported
scene_03_russia_sample-Z0019,1,166,3468.189208984375,2237.456512109375,unavailable in GeoTIFF; band index reported
scene_03_russia_sample-Z0019,1,167,1343.5946044921875,,unavailable in GeoTIFF; band index reported
scene_03_russia_sample-Z0019,1,168,1046.4053955078125,,unavailable in GeoTIFF; band index reported
scene_03_russia_sample-Z0019,1,169,997.6756591796875,,unavailable in GeoTIFF; band index reported
scene_03_russia_sample-Z0019,1,170,1098.37841796875,,unavailable in GeoTIFF; band index reported
scene_03_russia_sample-Z0019,1,171,2248.837890625,,unavailable in GeoTIFF; band index reported
scene_03_russia_sample-Z0019,1,172,2252.946044921875,,unavailable in GeoTIFF; band index reported
scene_03_russia_sample-Z0019,1,173,1555.891845703125,981.4859603515624,unavailable in GeoTIFF; band index reported
scene_03_russia_sample-Z0019,1,174,1282.6756591796875,,unavailable in GeoTIFF; band index reported
scene_03_russia_sample-Z0019,1,175,1321.37841796875,,unavailable in GeoTIFF; band index reported
scene_03_russia_sample-Z0019,1,176,1548.7027587890625,,unavailable in GeoTIFF; band index reported
scene_03_russia_sample-Z0019,1,177,1643.2972412109375,,unavailable in GeoTIFF; band index reported
scene_03_russia_sample-Z0019,1,178,1775.1351318359375,,unavailable in GeoTIFF; band index reported
scene_03_russia_sample-Z0019,1,179,1717.108154296875,,unavailable in GeoTIFF; band index reported
scene_03_russia_sample-Z0019,1,180,1730.189208984375,1089.6753043945314,unavailable in GeoTIFF; band index reported
scene_03_russia_sample-Z0019,1,181,1762.2972412109375,,unavailable in GeoTIFF; band index reported
scene_03_russia_sample-Z0019,1,182,1859.5946044921875,,unavailable in GeoTIFF; band index reported
scene_03_russia_sample-Z0019,1,183,1964.9730224609375,,unavailable in GeoTIFF; band index reported
scene_03_russia_sample-Z0019,1,184,2105.189208984375,,unavailable in GeoTIFF; band index reported
scene_03_russia_sample-Z0019,1,185,2206.648681640625,,unavailable in GeoTIFF; band index reported
scene_03_russia_sample-Z0019,1,186,2288.486572265625,,unavailable in GeoTIFF; band index reported
scene_03_russia_sample-Z0019,1,187,2385.810791015625,,unavailable in GeoTIFF; band index reported
scene_03_russia_sample-Z0019,1,188,2481.810791015625,1587.849948828125,unavailable in GeoTIFF; band index reported
scene_03_russia_sample-Z0019,1,189,2558.486572265625,,unavailable in GeoTIFF; band index reported
scene_03_russia_sample-Z0019,1,190,2615.54052734375,,unavailable in GeoTIFF; band index reported
scene_03_russia_sample-Z0019,1,191,2687.62158203125,,unavailable in GeoTIFF; band index reported
scene_03_russia_sample-Z0019,1,192,2723.62158203125,,unavailable in GeoTIFF; band index reported
scene_03_russia_sample-Z0019,1,193,2815.21630859375,,unavailable in GeoTIFF; band index reported
scene_03_russia_sample-Z0019,1,194,2817.37841796875,,unavailable in GeoTIFF; band index reported
scene_03_russia_sample-Z0019,1,195,2816.513427734375,1814.4942310546876,unavailable in GeoTIFF; band index reported
scene_03_russia_sample-Z0019,1,196,2845.32421875,,unavailable in GeoTIFF; band index reported
scene_03_russia_sample-Z0019,1,197,2851.810791015625,,unavailable in GeoTIFF; band index reported
scene_03_russia_sample-Z0019,1,198,2859.729736328125,,unavailable in GeoTIFF; band index reported
scene_03_russia_sample-Z0019,1,199,2870.2431640625,,unavailable in GeoTIFF; band index reported
scene_03_russia_sample-Z0019,1,200,2862.9189453125,,unavailable in GeoTIFF; band index reported
scene_03_russia_sample-Z0019,1,201,2833.837890625,,unavailable in GeoTIFF; band index reported
scene_03_russia_sample-Z0019,1,202,2808.0810546875,1779.273505859375,unavailable in GeoTIFF; band index reported
scene_03_russia_sample-Z0019,1,203,2757.810791015625,,unavailable in GeoTIFF; band index reported
scene_03_russia_sample-Z0019,1,204,2699.0810546875,,unavailable in GeoTIFF; band index reported
scene_03_russia_sample-Z0019,1,205,2678.594482421875,,unavailable in GeoTIFF; band index reported
scene_03_russia_sample-Z0019,1,206,2577.70263671875,,unavailable in GeoTIFF; band index reported
scene_03_russia_sample-Z0019,1,207,2455.729736328125,,unavailable in GeoTIFF; band index reported
scene_03_russia_sample-Z0019,1,208,2533.7568359375,,unavailable in GeoTIFF; band index reported
scene_03_russia_sample-Z0019,1,209,2362.62158203125,1477.9903691406248,unavailable in GeoTIFF; band index reported
scene_03_russia_sample-Z0019,1,210,2356.62158203125,,unavailable in GeoTIFF; band index reported
scene_03_russia_sample-Z0019,1,211,2383.405517578125,,unavailable in GeoTIFF; band index reported
scene_03_russia_sample-Z0019,1,212,2375.891845703125,,unavailable in GeoTIFF; band index reported
scene_03_russia_sample-Z0019,1,213,2181.027099609375,,unavailable in GeoTIFF; band index reported
scene_03_russia_sample-Z0019,1,214,2282.567626953125,,unavailable in GeoTIFF; band index reported
scene_03_russia_sample-Z0019,1,215,2241.432373046875,,unavailable in GeoTIFF; band index reported
scene_03_russia_sample-Z0019,1,216,2225.405517578125,1378.3794326171876,unavailable in GeoTIFF; band index reported
scene_03_russia_sample-Z0019,1,217,2101.37841796875,,unavailable in GeoTIFF; band index reported
scene_03_russia_sample-Z0019,1,218,1997.7567138671875,,unavailable in GeoTIFF; band index reported
scene_03_russia_sample-Z0019,1,219,2093.0,,unavailable in GeoTIFF; band index reported
scene_03_russia_sample-Z0019,1,220,2151.189208984375,,unavailable in GeoTIFF; band index reported
scene_03_russia_sample-Z0019,1,221,1993.162109375,,unavailable in GeoTIFF; band index reported
scene_03_russia_sample-Z0019,1,222,1819.351318359375,,unavailable in GeoTIFF; band index reported
scene_03_russia_sample-Z0019,1,223,1944.54052734375,,unavailable in GeoTIFF; band index reported
scene_03_russia_sample-Z0019,1,224,2001.891845703125,1266.0004109375,unavailable in GeoTIFF; band index reported
scene_03_russia_sample-Z0009,2,1,4655.55859375,2547.989065234375,unavailable in GeoTIFF; band index reported
scene_03_russia_sample-Z0009,2,2,4511.44677734375,,unavailable in GeoTIFF; band index reported
scene_03_russia_sample-Z0009,2,3,4419.8212890625,,unavailable in GeoTIFF; band index reported
scene_03_russia_sample-Z0009,2,4,4447.720703125,,unavailable in GeoTIFF; band index reported
scene_03_russia_sample-Z0009,2,5,4413.63671875,,unavailable in GeoTIFF; band index reported
scene_03_russia_sample-Z0009,2,6,4334.68701171875,,unavailable in GeoTIFF; band index reported
scene_03_russia_sample-Z0009,2,7,4347.3017578125,,unavailable in GeoTIFF; band index reported
scene_03_russia_sample-Z0009,2,8,4283.1787109375,2390.9014695312503,unavailable in GeoTIFF; band index reported
scene_03_russia_sample-Z0009,2,9,4237.98876953125,,unavailable in GeoTIFF; band index reported
scene_03_russia_sample-Z0009,2,10,4241.09521484375,,unavailable in GeoTIFF; band index reported
scene_03_russia_sample-Z0009,2,11,4207.2958984375,,unavailable in GeoTIFF; band index reported
scene_03_russia_sample-Z0009,2,12,4179.18994140625,,unavailable in GeoTIFF; band index reported
scene_03_russia_sample-Z0009,2,13,4174.75439453125,,unavailable in GeoTIFF; band index reported
scene_03_russia_sample-Z0009,2,14,4173.9833984375,,unavailable in GeoTIFF; band index reported
scene_03_russia_sample-Z0009,2,15,4127.50830078125,2350.3786316406254,unavailable in GeoTIFF; band index reported
scene_03_russia_sample-Z0009,2,16,4107.7763671875,,unavailable in GeoTIFF; band index reported
scene_03_russia_sample-Z0009,2,17,4093.005615234375,,unavailable in GeoTIFF; band index reported
scene_03_russia_sample-Z0009,2,18,4072.944091796875,,unavailable in GeoTIFF; band index reported
scene_03_russia_sample-Z0009,2,19,4034.742919921875,,unavailable in GeoTIFF; band index reported
scene_03_russia_sample-Z0009,2,20,4053.486083984375,,unavailable in GeoTIFF; band index reported
scene_03_russia_sample-Z0009,2,21,4080.955322265625,,unavailable in GeoTIFF; band index reported
scene_03_russia_sample-Z0009,2,22,4047.44140625,2358.461596484375,unavailable in GeoTIFF; band index reported
scene_03_russia_sample-Z0009,2,23,4043.3017578125,,unavailable in GeoTIFF; band index reported
scene_03_russia_sample-Z0009,2,24,4033.346435546875,,unavailable in GeoTIFF; band index reported
scene_03_russia_sample-Z0009,2,25,4045.804443359375,,unavailable in GeoTIFF; band index reported
scene_03_russia_sample-Z0009,2,26,4053.9775390625,,unavailable in GeoTIFF; band index reported
scene_03_russia_sample-Z0009,2,27,4032.486083984375,,unavailable in GeoTIFF; band index reported
scene_03_russia_sample-Z0009,2,28,4018.6982421875,,unavailable in GeoTIFF; band index reported
scene_03_russia_sample-Z0009,2,29,4018.25146484375,2412.764583203125,unavailable in GeoTIFF; band index reported
scene_03_russia_sample-Z0009,2,30,4004.564208984375,,unavailable in GeoTIFF; band index reported
scene_03_russia_sample-Z0009,2,31,4009.162109375,,unavailable in GeoTIFF; band index reported
scene_03_russia_sample-Z0009,2,32,3993.357421875,,unavailable in GeoTIFF; band index reported
scene_03_russia_sample-Z0009,2,33,3947.776611328125,,unavailable in GeoTIFF; band index reported
scene_03_russia_sample-Z0009,2,34,3929.307373046875,,unavailable in GeoTIFF; band index reported
scene_03_russia_sample-Z0009,2,35,3880.240234375,,unavailable in GeoTIFF; band index reported
scene_03_russia_sample-Z0009,2,36,3835.39111328125,2306.610636328125,unavailable in GeoTIFF; band index reported
scene_03_russia_sample-Z0009,2,37,3850.452392578125,,unavailable in GeoTIFF; band index reported
scene_03_russia_sample-Z0009,2,38,3858.134033203125,,unavailable in GeoTIFF; band index reported
scene_03_russia_sample-Z0009,2,39,3851.67041015625,,unavailable in GeoTIFF; band index reported
scene_03_russia_sample-Z0009,2,40,3827.944091796875,,unavailable in GeoTIFF; band index reported
scene_03_russia_sample-Z0009,2,41,3846.474853515625,,unavailable in GeoTIFF; band index reported
scene_03_russia_sample-Z0009,2,42,3848.435791015625,,unavailable in GeoTIFF; band index reported
scene_03_russia_sample-Z0009,2,43,3792.26806640625,,unavailable in GeoTIFF; band index reported
scene_03_russia_sample-Z0009,2,44,3785.53076171875,2305.366001171875,unavailable in GeoTIFF; band index reported
scene_03_russia_sample-Z0009,2,45,3759.201171875,,unavailable in GeoTIFF; band index reported
scene_03_russia_sample-Z0009,2,46,3718.56982421875,,unavailable in GeoTIFF; band index reported
scene_03_russia_sample-Z0009,2,47,3709.0390625,,unavailable in GeoTIFF; band index reported
scene_03_russia_sample-Z0009,2,48,3705.754150390625,,unavailable in GeoTIFF; band index reported
scene_03_russia_sample-Z0009,2,49,3684.793212890625,,unavailable in GeoTIFF; band index reported
scene_03_russia_sample-Z0009,2,50,3671.01123046875,,unavailable in GeoTIFF; band index reported
scene_03_russia_sample-Z0009,2,51,3833.575439453125,2320.3036429687504,unavailable in GeoTIFF; band index reported
scene_03_russia_sample-Z0009,2,52,3790.754150390625,,unavailable in GeoTIFF; band index reported
scene_03_russia_sample-Z0009,2,53,3786.983154296875,,unavailable in GeoTIFF; band index reported
scene_03_russia_sample-Z0009,2,54,3846.91064453125,,unavailable in GeoTIFF; band index reported
scene_03_russia_sample-Z0009,2,55,3942.02783203125,,unavailable in GeoTIFF; band index reported
scene_03_russia_sample-Z0009,2,56,4020.3798828125,,unavailable in GeoTIFF; band index reported
scene_03_russia_sample-Z0009,2,57,4096.642578125,,unavailable in GeoTIFF; band index reported
scene_03_russia_sample-Z0009,2,58,4199.13427734375,2535.3962285156254,unavailable in GeoTIFF; band index reported
scene_03_russia_sample-Z0009,2,59,4311.0,,unavailable in GeoTIFF; band index reported
scene_03_russia_sample-Z0009,2,60,4338.0,,unavailable in GeoTIFF; band index reported
scene_03_russia_sample-Z0009,2,61,4552.44677734375,,unavailable in GeoTIFF; band index reported
scene_03_russia_sample-Z0009,2,62,4765.32958984375,,unavailable in GeoTIFF; band index reported
scene_03_russia_sample-Z0009,2,63,4496.12841796875,,unavailable in GeoTIFF; band index reported
scene_03_russia_sample-Z0009,2,64,4451.5361328125,,unavailable in GeoTIFF; band index reported
scene_03_russia_sample-Z0009,2,65,4443.318359375,2735.793632421875,unavailable in GeoTIFF; band index reported
scene_03_russia_sample-Z0009,2,66,4386.03369140625,,unavailable in GeoTIFF; band index reported
scene_03_russia_sample-Z0009,2,67,4370.73193359375,,unavailable in GeoTIFF; band index reported
scene_03_russia_sample-Z0009,2,68,4374.916015625,,unavailable in GeoTIFF; band index reported
scene_03_russia_sample-Z0009,2,69,4334.82666015625,,unavailable in GeoTIFF; band index reported
scene_03_russia_sample-Z0009,2,70,4326.7373046875,,unavailable in GeoTIFF; band index reported
scene_03_russia_sample-Z0009,2,71,4359.4970703125,,unavailable in GeoTIFF; band index reported
scene_03_russia_sample-Z0009,2,72,4415.4189453125,2699.778001171875,unavailable in GeoTIFF; band index reported
scene_03_russia_sample-Z0009,2,73,4518.15625,,unavailable in GeoTIFF; band index reported
scene_03_russia_sample-Z0009,2,74,4524.50830078125,,unavailable in GeoTIFF; band index reported
scene_03_russia_sample-Z0009,2,75,4539.73193359375,,unavailable in GeoTIFF; band index reported
scene_03_russia_sample-Z0009,2,76,4581.7822265625,,unavailable in GeoTIFF; band index reported
scene_03_russia_sample-Z0009,2,77,4484.82666015625,,unavailable in GeoTIFF; band index reported
scene_03_russia_sample-Z0009,2,78,4523.48046875,,unavailable in GeoTIFF; band index reported
scene_03_russia_sample-Z0009,2,79,4437.02783203125,,unavailable in GeoTIFF; band index reported
scene_03_russia_sample-Z0009,2,80,4293.55322265625,2684.03088671875,unavailable in GeoTIFF; band index reported
scene_03_russia_sample-Z0009,2,81,4215.1953125,,unavailable in GeoTIFF; band index reported
scene_03_russia_sample-Z0009,2,82,4202.16748046875,,unavailable in GeoTIFF; band index reported
scene_03_russia_sample-Z0009,2,83,4109.43017578125,,unavailable in GeoTIFF; band index reported
scene_03_russia_sample-Z0009,2,84,3930.692626953125,,unavailable in GeoTIFF; band index reported
scene_03_russia_sample-Z0009,2,85,4282.078125,,unavailable in GeoTIFF; band index reported
scene_03_russia_sample-Z0009,2,86,4205.876953125,,unavailable in GeoTIFF; band index reported
scene_03_russia_sample-Z0009,2,87,4355.69287109375,2731.4688449218747,unavailable in GeoTIFF; band index reported
scene_03_russia_sample-Z0009,2,88,4776.36865234375,,unavailable in GeoTIFF; band index reported
scene_03_russia_sample-Z0009,2,89,4608.91064453125,,unavailable in GeoTIFF; band index reported
scene_03_russia_sample-Z0009,2,90,4523.54736328125,,unavailable in GeoTIFF; band index reported
scene_03_russia_sample-Z0009,2,91,4528.75439453125,,unavailable in GeoTIFF; band index reported
scene_03_russia_sample-Z0009,2,92,4357.13427734375,,unavailable in GeoTIFF; band index reported
scene_03_russia_sample-Z0009,2,93,4146.921875,,unavailable in GeoTIFF; band index reported
scene_03_russia_sample-Z0009,2,94,4350.56982421875,2717.04442578125,unavailable in GeoTIFF; band index reported
scene_03_russia_sample-Z0009,2,95,4088.67041015625,,unavailable in GeoTIFF; band index reported
scene_03_russia_sample-Z0009,2,96,4259.54736328125,,unavailable in GeoTIFF; band index reported
scene_03_russia_sample-Z0009,2,97,4096.45263671875,,unavailable in GeoTIFF; band index reported
scene_03_russia_sample-Z0009,2,98,4370.30712890625,,unavailable in GeoTIFF; band index reported
scene_03_russia_sample-Z0009,2,99,4179.27392578125,,unavailable in GeoTIFF; band index reported
scene_03_russia_sample-Z0009,2,100,4489.1953125,,unavailable in GeoTIFF; band index reported
scene_03_russia_sample-Z0009,2,101,4233.6201171875,2624.6267761718755,unavailable in GeoTIFF; band index reported
scene_03_russia_sample-Z0009,2,102,4503.162109375,,unavailable in GeoTIFF; band index reported
scene_03_russia_sample-Z0009,2,103,4548.44677734375,,unavailable in GeoTIFF; band index reported
scene_03_russia_sample-Z0009,2,104,4569.1953125,,unavailable in GeoTIFF; band index reported
scene_03_russia_sample-Z0009,2,105,4599.4189453125,,unavailable in GeoTIFF; band index reported
scene_03_russia_sample-Z0009,2,106,4609.68701171875,,unavailable in GeoTIFF; band index reported
scene_03_russia_sample-Z0009,2,107,4630.12841796875,,unavailable in GeoTIFF; band index reported
scene_03_russia_sample-Z0009,2,108,4626.5361328125,2955.660197265625,unavailable in GeoTIFF; band index reported
scene_03_russia_sample-Z0009,2,109,4553.69287109375,,unavailable in GeoTIFF; band index reported
scene_03_russia_sample-Z0009,2,110,4443.39111328125,,unavailable in GeoTIFF; band index reported
scene_03_russia_sample-Z0009,2,111,4312.32958984375,,unavailable in GeoTIFF; band index reported
scene_03_russia_sample-Z0009,2,112,4652.396484375,,unavailable in GeoTIFF; band index reported
scene_03_russia_sample-Z0009,2,113,5430.4189453125,,unavailable in GeoTIFF; band index reported
scene_03_russia_sample-Z0009,2,114,4685.86572265625,,unavailable in GeoTIFF; band index reported
scene_03_russia_sample-Z0009,2,115,4634.681640625,,unavailable in GeoTIFF; band index reported
scene_03_russia_sample-Z0009,2,116,4264.8046875,2699.307933984375,unavailable in GeoTIFF; band index reported
scene_03_russia_sample-Z0009,2,117,4170.38525390625,,unavailable in GeoTIFF; band index reported
scene_03_russia_sample-Z0009,2,118,4117.98876953125,,unavailable in GeoTIFF; band index reported
scene_03_russia_sample-Z0009,2,119,4124.84375,,unavailable in GeoTIFF; band index reported
scene_03_russia_sample-Z0009,2,120,4172.5029296875,,unavailable in GeoTIFF; band index reported
scene_03_russia_sample-Z0009,2,121,4247.97216796875,,unavailable in GeoTIFF; band index reported
scene_03_russia_sample-Z0009,2,122,4356.59228515625,,unavailable in GeoTIFF; band index reported
scene_03_russia_sample-Z0009,2,123,4410.71484375,2845.28236875,unavailable in GeoTIFF; band index reported
scene_03_russia_sample-Z0009,2,124,4486.82666015625,,unavailable in GeoTIFF; band index reported
scene_03_russia_sample-Z0009,2,125,4630.75439453125,,unavailable in GeoTIFF; band index reported
scene_03_russia_sample-Z0009,2,126,4440.720703125,,unavailable in GeoTIFF; band index reported
scene_03_russia_sample-Z0009,2,127,4314.5751953125,,unavailable in GeoTIFF; band index reported
scene_03_russia_sample-Z0009,2,128,4196.8828125,,unavailable in GeoTIFF; band index reported
scene_03_russia_sample-Z0009,2,129,4134.25146484375,,unavailable in GeoTIFF; band index reported
scene_03_russia_sample-Z0009,2,130,4204.15625,2696.022912109375,unavailable in GeoTIFF; band index reported
scene_03_russia_sample-Z0009,2,131,-32768.0,,unavailable in GeoTIFF; band index reported
scene_03_russia_sample-Z0009,2,132,-32768.0,,unavailable in GeoTIFF; band index reported
scene_03_russia_sample-Z0009,2,133,-32768.0,,unavailable in GeoTIFF; band index reported
scene_03_russia_sample-Z0009,2,134,-32768.0,,unavailable in GeoTIFF; band index reported
scene_03_russia_sample-Z0009,2,135,-32768.0,,unavailable in GeoTIFF; band index reported
scene_03_russia_sample-Z0009,2,136,4255.41357421875,,unavailable in GeoTIFF; band index reported
scene_03_russia_sample-Z0009,2,137,3206.681640625,2057.037273046875,unavailable in GeoTIFF; band index reported
scene_03_russia_sample-Z0009,2,138,3161.944091796875,,unavailable in GeoTIFF; band index reported
scene_03_russia_sample-Z0009,2,139,2539.966552734375,,unavailable in GeoTIFF; band index reported
scene_03_russia_sample-Z0009,2,140,2145.59765625,,unavailable in GeoTIFF; band index reported
scene_03_russia_sample-Z0009,2,141,2109.955322265625,,unavailable in GeoTIFF; band index reported
scene_03_russia_sample-Z0009,2,142,2167.094970703125,,unavailable in GeoTIFF; band index reported
scene_03_russia_sample-Z0009,2,143,2239.08935546875,,unavailable in GeoTIFF; band index reported
scene_03_russia_sample-Z0009,2,144,2327.97216796875,1418.7220189453126,unavailable in GeoTIFF; band index reported
scene_03_russia_sample-Z0009,2,145,2424.55859375,,unavailable in GeoTIFF; band index reported
scene_03_russia_sample-Z0009,2,146,2540.122802734375,,unavailable in GeoTIFF; band index reported
scene_03_russia_sample-Z0009,2,147,2723.117431640625,,unavailable in GeoTIFF; band index reported
scene_03_russia_sample-Z0009,2,148,2776.016845703125,,unavailable in GeoTIFF; band index reported
scene_03_russia_sample-Z0009,2,149,2863.486083984375,,unavailable in GeoTIFF; band index reported
scene_03_russia_sample-Z0009,2,150,2984.575439453125,,unavailable in GeoTIFF; band index reported
scene_03_russia_sample-Z0009,2,151,2989.983154296875,,unavailable in GeoTIFF; band index reported
scene_03_russia_sample-Z0009,2,152,2996.245849609375,1889.9061537109374,unavailable in GeoTIFF; band index reported
scene_03_russia_sample-Z0009,2,153,3044.921875,,unavailable in GeoTIFF; band index reported
scene_03_russia_sample-Z0009,2,154,3103.072509765625,,unavailable in GeoTIFF; band index reported
scene_03_russia_sample-Z0009,2,155,3139.0,,unavailable in GeoTIFF; band index reported
scene_03_russia_sample-Z0009,2,156,3169.882568359375,,unavailable in GeoTIFF; band index reported
scene_03_russia_sample-Z0009,2,157,3212.145263671875,,unavailable in GeoTIFF; band index reported
scene_03_russia_sample-Z0009,2,158,3232.156494140625,,unavailable in GeoTIFF; band index reported
scene_03_russia_sample-Z0009,2,159,3253.759765625,2075.4127738281254,unavailable in GeoTIFF; band index reported
scene_03_russia_sample-Z0009,2,160,3273.720703125,,unavailable in GeoTIFF; band index reported
scene_03_russia_sample-Z0009,2,161,3274.681640625,,unavailable in GeoTIFF; band index reported
scene_03_russia_sample-Z0009,2,162,3263.40234375,,unavailable in GeoTIFF; band index reported
scene_03_russia_sample-Z0009,2,163,3276.681640625,,unavailable in GeoTIFF; band index reported
scene_03_russia_sample-Z0009,2,164,3263.3798828125,,unavailable in GeoTIFF; band index reported
scene_03_russia_sample-Z0009,2,165,3322.703857421875,,unavailable in GeoTIFF; band index reported
scene_03_russia_sample-Z0009,2,166,3524.106201171875,2237.456512109375,unavailable in GeoTIFF; band index reported
scene_03_russia_sample-Z0009,2,167,1404.7318115234375,,unavailable in GeoTIFF; band index reported
scene_03_russia_sample-Z0009,2,168,1096.3519287109375,,unavailable in GeoTIFF; band index reported
scene_03_russia_sample-Z0009,2,169,1036.0390625,,unavailable in GeoTIFF; band index reported
scene_03_russia_sample-Z0009,2,170,1118.184326171875,,unavailable in GeoTIFF; band index reported
scene_03_russia_sample-Z0009,2,171,2216.318359375,,unavailable in GeoTIFF; band index reported
scene_03_russia_sample-Z0009,2,172,2231.865966796875,,unavailable in GeoTIFF; band index reported
scene_03_russia_sample-Z0009,2,173,1570.8323974609375,981.4859603515624,unavailable in GeoTIFF; band index reported
scene_03_russia_sample-Z0009,2,174,1304.759765625,,unavailable in GeoTIFF; band index reported
scene_03_russia_sample-Z0009,2,175,1334.4971923828125,,unavailable in GeoTIFF; band index reported
scene_03_russia_sample-Z0009,2,176,1539.279296875,,unavailable in GeoTIFF; band index reported
scene_03_russia_sample-Z0009,2,177,1642.6927490234375,,unavailable in GeoTIFF; band index reported
scene_03_russia_sample-Z0009,2,178,1779.7318115234375,,unavailable in GeoTIFF; band index reported
scene_03_russia_sample-Z0009,2,179,1726.8436279296875,,unavailable in GeoTIFF; band index reported
scene_03_russia_sample-Z0009,2,180,1734.2569580078125,1089.6753043945314,unavailable in GeoTIFF; band index reported
scene_03_russia_sample-Z0009,2,181,1770.3798828125,,unavailable in GeoTIFF; band index reported
scene_03_russia_sample-Z0009,2,182,1871.8883056640625,,unavailable in GeoTIFF; band index reported
scene_03_russia_sample-Z0009,2,183,1968.676025390625,,unavailable in GeoTIFF; band index reported
scene_03_russia_sample-Z0009,2,184,2108.35205078125,,unavailable in GeoTIFF; band index reported
scene_03_russia_sample-Z0009,2,185,2205.681640625,,unavailable in GeoTIFF; band index reported
scene_03_russia_sample-Z0009,2,186,2292.447021484375,,unavailable in GeoTIFF; band index reported
scene_03_russia_sample-Z0009,2,187,2375.117431640625,,unavailable in GeoTIFF; band index reported
scene_03_russia_sample-Z0009,2,188,2467.77099609375,1587.849948828125,unavailable in GeoTIFF; band index reported
scene_03_russia_sample-Z0009,2,189,2546.53076171875,,unavailable in GeoTIFF; band index reported
scene_03_russia_sample-Z0009,2,190,2597.681640625,,unavailable in GeoTIFF; band index reported
scene_03_russia_sample-Z0009,2,191,2659.0224609375,,unavailable in GeoTIFF; band index reported
scene_03_russia_sample-Z0009,2,192,2702.7822265625,,unavailable in GeoTIFF; band index reported
scene_03_russia_sample-Z0009,2,193,2780.02783203125,,unavailable in GeoTIFF; band index reported
scene_03_russia_sample-Z0009,2,194,2798.882568359375,,unavailable in GeoTIFF; band index reported
scene_03_russia_sample-Z0009,2,195,2797.78759765625,1814.4942310546876,unavailable in GeoTIFF; band index reported
scene_03_russia_sample-Z0009,2,196,2814.486083984375,,unavailable in GeoTIFF; band index reported
scene_03_russia_sample-Z0009,2,197,2829.91064453125,,unavailable in GeoTIFF; band index reported
scene_03_russia_sample-Z0009,2,198,2830.0615234375,,unavailable in GeoTIFF; band index reported
scene_03_russia_sample-Z0009,2,199,2832.73193359375,,unavailable in GeoTIFF; band index reported
scene_03_russia_sample-Z0009,2,200,2824.36865234375,,unavailable in GeoTIFF; band index reported
scene_03_russia_sample-Z0009,2,201,2794.966552734375,,unavailable in GeoTIFF; band index reported
scene_03_russia_sample-Z0009,2,202,2756.87158203125,1779.273505859375,unavailable in GeoTIFF; band index reported
scene_03_russia_sample-Z0009,2,203,2709.681640625,,unavailable in GeoTIFF; band index reported
scene_03_russia_sample-Z0009,2,204,2656.681640625,,unavailable in GeoTIFF; band index reported
scene_03_russia_sample-Z0009,2,205,2627.552978515625,,unavailable in GeoTIFF; band index reported
scene_03_russia_sample-Z0009,2,206,2540.776611328125,,unavailable in GeoTIFF; band index reported
scene_03_russia_sample-Z0009,2,207,2420.636962890625,,unavailable in GeoTIFF; band index reported
scene_03_russia_sample-Z0009,2,208,2509.60888671875,,unavailable in GeoTIFF; band index reported
scene_03_russia_sample-Z0009,2,209,2340.01123046875,1477.9903691406248,unavailable in GeoTIFF; band index reported
scene_03_russia_sample-Z0009,2,210,2333.48046875,,unavailable in GeoTIFF; band index reported
scene_03_russia_sample-Z0009,2,211,2358.36865234375,,unavailable in GeoTIFF; band index reported
scene_03_russia_sample-Z0009,2,212,2378.703857421875,,unavailable in GeoTIFF; band index reported
scene_03_russia_sample-Z0009,2,213,2187.547607421875,,unavailable in GeoTIFF; band index reported
scene_03_russia_sample-Z0009,2,214,2285.35205078125,,unavailable in GeoTIFF; band index reported
scene_03_russia_sample-Z0009,2,215,2261.6982421875,,unavailable in GeoTIFF; band index reported
scene_03_russia_sample-Z0009,2,216,2275.67041015625,1378.3794326171876,unavailable in GeoTIFF; band index reported
scene_03_russia_sample-Z0009,2,217,2140.737548828125,,unavailable in GeoTIFF; band index reported
scene_03_russia_sample-Z0009,2,218,2032.2738037109375,,unavailable in GeoTIFF; band index reported
scene_03_russia_sample-Z0009,2,219,2151.279296875,,unavailable in GeoTIFF; band index reported
scene_03_russia_sample-Z0009,2,220,2245.837890625,,unavailable in GeoTIFF; band index reported
scene_03_russia_sample-Z0009,2,221,2073.564208984375,,unavailable in GeoTIFF; band index reported
scene_03_russia_sample-Z0009,2,222,1865.3463134765625,,unavailable in GeoTIFF; band index reported
scene_03_russia_sample-Z0009,2,223,2036.6201171875,,unavailable in GeoTIFF; band index reported
scene_03_russia_sample-Z0009,2,224,2090.312744140625,1266.0004109375,unavailable in GeoTIFF; band index reported
scene_03_russia_sample-Z0006,3,1,4378.5068359375,2547.989065234375,unavailable in GeoTIFF; band index reported
scene_03_russia_sample-Z0006,3,2,4231.4521484375,,unavailable in GeoTIFF; band index reported
scene_03_russia_sample-Z0006,3,3,4168.0,,unavailable in GeoTIFF; band index reported
scene_03_russia_sample-Z0006,3,4,4189.13720703125,,unavailable in GeoTIFF; band index reported
scene_03_russia_sample-Z0006,3,5,4168.91796875,,unavailable in GeoTIFF; band index reported
scene_03_russia_sample-Z0006,3,6,4091.21923828125,,unavailable in GeoTIFF; band index reported
scene_03_russia_sample-Z0006,3,7,4114.63037109375,,unavailable in GeoTIFF; band index reported
scene_03_russia_sample-Z0006,3,8,4069.72607421875,2390.9014695312503,unavailable in GeoTIFF; band index reported
scene_03_russia_sample-Z0006,3,9,4011.5341796875,,unavailable in GeoTIFF; band index reported
scene_03_russia_sample-Z0006,3,10,4034.5615234375,,unavailable in GeoTIFF; band index reported
scene_03_russia_sample-Z0006,3,11,3993.397216796875,,unavailable in GeoTIFF; band index reported
scene_03_russia_sample-Z0006,3,12,3975.69873046875,,unavailable in GeoTIFF; band index reported
scene_03_russia_sample-Z0006,3,13,3964.78076171875,,unavailable in GeoTIFF; band index reported
scene_03_russia_sample-Z0006,3,14,3963.5205078125,,unavailable in GeoTIFF; band index reported
scene_03_russia_sample-Z0006,3,15,3917.5615234375,2350.3786316406254,unavailable in GeoTIFF; band index reported
scene_03_russia_sample-Z0006,3,16,3911.19189453125,,unavailable in GeoTIFF; band index reported
scene_03_russia_sample-Z0006,3,17,3900.684814453125,,unavailable in GeoTIFF; band index reported
scene_03_russia_sample-Z0006,3,18,3873.822021484375,,unavailable in GeoTIFF; band index reported
scene_03_russia_sample-Z0006,3,19,3841.876708984375,,unavailable in GeoTIFF; band index reported
scene_03_russia_sample-Z0006,3,20,3875.356201171875,,unavailable in GeoTIFF; band index reported
scene_03_russia_sample-Z0006,3,21,3894.26025390625,,unavailable in GeoTIFF; band index reported
scene_03_russia_sample-Z0006,3,22,3868.164306640625,2358.461596484375,unavailable in GeoTIFF; band index reported
scene_03_russia_sample-Z0006,3,23,3864.082275390625,,unavailable in GeoTIFF; band index reported
scene_03_russia_sample-Z0006,3,24,3868.26025390625,,unavailable in GeoTIFF; band index reported
scene_03_russia_sample-Z0006,3,25,3872.79443359375,,unavailable in GeoTIFF; band index reported
scene_03_russia_sample-Z0006,3,26,3887.013671875,,unavailable in GeoTIFF; band index reported
scene_03_russia_sample-Z0006,3,27,3872.0,,unavailable in GeoTIFF; band index reported
scene_03_russia_sample-Z0006,3,28,3862.164306640625,,unavailable in GeoTIFF; band index reported
scene_03_russia_sample-Z0006,3,29,3872.616455078125,2412.764583203125,unavailable in GeoTIFF; band index reported
scene_03_russia_sample-Z0006,3,30,3859.30126953125,,unavailable in GeoTIFF; band index reported
scene_03_russia_sample-Z0006,3,31,3862.80810546875,,unavailable in GeoTIFF; band index reported
scene_03_russia_sample-Z0006,3,32,3841.4931640625,,unavailable in GeoTIFF; band index reported
scene_03_russia_sample-Z0006,3,33,3814.75341796875,,unavailable in GeoTIFF; band index reported
scene_03_russia_sample-Z0006,3,34,3798.575439453125,,unavailable in GeoTIFF; band index reported
scene_03_russia_sample-Z0006,3,35,3749.177978515625,,unavailable in GeoTIFF; band index reported
scene_03_russia_sample-Z0006,3,36,3697.4521484375,2306.610636328125,unavailable in GeoTIFF; band index reported
scene_03_russia_sample-Z0006,3,37,3716.4384765625,,unavailable in GeoTIFF; band index reported
scene_03_russia_sample-Z0006,3,38,3725.5341796875,,unavailable in GeoTIFF; band index reported
scene_03_russia_sample-Z0006,3,39,3723.643798828125,,unavailable in GeoTIFF; band index reported
scene_03_russia_sample-Z0006,3,40,3698.602783203125,,unavailable in GeoTIFF; band index reported
scene_03_russia_sample-Z0006,3,41,3715.71240234375,,unavailable in GeoTIFF; band index reported
scene_03_russia_sample-Z0006,3,42,3721.26025390625,,unavailable in GeoTIFF; band index reported
scene_03_russia_sample-Z0006,3,43,3669.71240234375,,unavailable in GeoTIFF; band index reported
scene_03_russia_sample-Z0006,3,44,3661.69873046875,2305.366001171875,unavailable in GeoTIFF; band index reported
scene_03_russia_sample-Z0006,3,45,3635.76708984375,,unavailable in GeoTIFF; band index reported
scene_03_russia_sample-Z0006,3,46,3606.657470703125,,unavailable in GeoTIFF; band index reported
scene_03_russia_sample-Z0006,3,47,3590.643798828125,,unavailable in GeoTIFF; band index reported
scene_03_russia_sample-Z0006,3,48,3582.150634765625,,unavailable in GeoTIFF; band index reported
scene_03_russia_sample-Z0006,3,49,3568.23291015625,,unavailable in GeoTIFF; band index reported
scene_03_russia_sample-Z0006,3,50,3548.0,,unavailable in GeoTIFF; band index reported
scene_03_russia_sample-Z0006,3,51,3714.177978515625,2320.3036429687504,unavailable in GeoTIFF; band index reported
scene_03_russia_sample-Z0006,3,52,3673.835693359375,,unavailable in GeoTIFF; band index reported
scene_03_russia_sample-Z0006,3,53,3661.589111328125,,unavailable in GeoTIFF; band index reported
scene_03_russia_sample-Z0006,3,54,3739.27392578125,,unavailable in GeoTIFF; band index reported
scene_03_russia_sample-Z0006,3,55,3825.383544921875,,unavailable in GeoTIFF; band index reported
scene_03_russia_sample-Z0006,3,56,3888.75341796875,,unavailable in GeoTIFF; band index reported
scene_03_russia_sample-Z0006,3,57,3954.0,,unavailable in GeoTIFF; band index reported
scene_03_russia_sample-Z0006,3,58,4052.78076171875,2535.3962285156254,unavailable in GeoTIFF; band index reported
scene_03_russia_sample-Z0006,3,59,4163.76708984375,,unavailable in GeoTIFF; band index reported
scene_03_russia_sample-Z0006,3,60,4186.4931640625,,unavailable in GeoTIFF; band index reported
scene_03_russia_sample-Z0006,3,61,4398.3974609375,,unavailable in GeoTIFF; band index reported
scene_03_russia_sample-Z0006,3,62,4528.4794921875,,unavailable in GeoTIFF; band index reported
scene_03_russia_sample-Z0006,3,63,4340.30126953125,,unavailable in GeoTIFF; band index reported
scene_03_russia_sample-Z0006,3,64,4297.84912109375,,unavailable in GeoTIFF; band index reported
scene_03_russia_sample-Z0006,3,65,4289.013671875,2735.793632421875,unavailable in GeoTIFF; band index reported
scene_03_russia_sample-Z0006,3,66,4230.0546875,,unavailable in GeoTIFF; band index reported
scene_03_russia_sample-Z0006,3,67,4224.75341796875,,unavailable in GeoTIFF; band index reported
scene_03_russia_sample-Z0006,3,68,4245.4384765625,,unavailable in GeoTIFF; band index reported
scene_03_russia_sample-Z0006,3,69,4189.02734375,,unavailable in GeoTIFF; band index reported
scene_03_russia_sample-Z0006,3,70,4183.97265625,,unavailable in GeoTIFF; band index reported
scene_03_russia_sample-Z0006,3,71,4204.5205078125,,unavailable in GeoTIFF; band index reported
scene_03_russia_sample-Z0006,3,72,4266.19189453125,2699.778001171875,unavailable in GeoTIFF; band index reported
scene_03_russia_sample-Z0006,3,73,4367.123046875,,unavailable in GeoTIFF; band index reported
scene_03_russia_sample-Z0006,3,74,4307.15087890625,,unavailable in GeoTIFF; band index reported
scene_03_russia_sample-Z0006,3,75,4424.013671875,,unavailable in GeoTIFF; band index reported
scene_03_russia_sample-Z0006,3,76,4349.23291015625,,unavailable in GeoTIFF; band index reported
scene_03_russia_sample-Z0006,3,77,4348.76708984375,,unavailable in GeoTIFF; band index reported
scene_03_russia_sample-Z0006,3,78,4367.4658203125,,unavailable in GeoTIFF; band index reported
scene_03_russia_sample-Z0006,3,79,4195.72607421875,,unavailable in GeoTIFF; band index reported
scene_03_russia_sample-Z0006,3,80,4147.123046875,2684.03088671875,unavailable in GeoTIFF; band index reported
scene_03_russia_sample-Z0006,3,81,4067.342529296875,,unavailable in GeoTIFF; band index reported
scene_03_russia_sample-Z0006,3,82,4056.630126953125,,unavailable in GeoTIFF; band index reported
scene_03_russia_sample-Z0006,3,83,3974.917724609375,,unavailable in GeoTIFF; band index reported
scene_03_russia_sample-Z0006,3,84,3819.97265625,,unavailable in GeoTIFF; band index reported
scene_03_russia_sample-Z0006,3,85,4141.4658203125,,unavailable in GeoTIFF; band index reported
scene_03_russia_sample-Z0006,3,86,4173.4794921875,,unavailable in GeoTIFF; band index reported
scene_03_russia_sample-Z0006,3,87,4191.0546875,2731.4688449218747,unavailable in GeoTIFF; band index reported
scene_03_russia_sample-Z0006,3,88,4627.86279296875,,unavailable in GeoTIFF; band index reported
scene_03_russia_sample-Z0006,3,89,4450.27392578125,,unavailable in GeoTIFF; band index reported
scene_03_russia_sample-Z0006,3,90,4364.5888671875,,unavailable in GeoTIFF; band index reported
scene_03_russia_sample-Z0006,3,91,4366.36962890625,,unavailable in GeoTIFF; band index reported
scene_03_russia_sample-Z0006,3,92,4182.76708984375,,unavailable in GeoTIFF; band index reported
scene_03_russia_sample-Z0006,3,93,3993.849365234375,,unavailable in GeoTIFF; band index reported
scene_03_russia_sample-Z0006,3,94,4205.80810546875,2717.04442578125,unavailable in GeoTIFF; band index reported
scene_03_russia_sample-Z0006,3,95,3967.876708984375,,unavailable in GeoTIFF; band index reported
scene_03_russia_sample-Z0006,3,96,4124.65771484375,,unavailable in GeoTIFF; band index reported
scene_03_russia_sample-Z0006,3,97,3968.684814453125,,unavailable in GeoTIFF; band index reported
scene_03_russia_sample-Z0006,3,98,4233.83544921875,,unavailable in GeoTIFF; band index reported
scene_03_russia_sample-Z0006,3,99,4035.684814453125,,unavailable in GeoTIFF; band index reported
scene_03_russia_sample-Z0006,3,100,4345.34228515625,,unavailable in GeoTIFF; band index reported
scene_03_russia_sample-Z0006,3,101,4102.27392578125,2624.6267761718755,unavailable in GeoTIFF; band index reported
scene_03_russia_sample-Z0006,3,102,4360.76708984375,,unavailable in GeoTIFF; band index reported
scene_03_russia_sample-Z0006,3,103,4403.64404296875,,unavailable in GeoTIFF; band index reported
scene_03_russia_sample-Z0006,3,104,4426.5478515625,,unavailable in GeoTIFF; band index reported
scene_03_russia_sample-Z0006,3,105,4455.5751953125,,unavailable in GeoTIFF; band index reported
scene_03_russia_sample-Z0006,3,106,4463.26025390625,,unavailable in GeoTIFF; band index reported
scene_03_russia_sample-Z0006,3,107,4486.30126953125,,unavailable in GeoTIFF; band index reported
scene_03_russia_sample-Z0006,3,108,4481.5478515625,2955.660197265625,unavailable in GeoTIFF; band index reported
scene_03_russia_sample-Z0006,3,109,4407.32861328125,,unavailable in GeoTIFF; band index reported
scene_03_russia_sample-Z0006,3,110,4292.5068359375,,unavailable in GeoTIFF; band index reported
scene_03_russia_sample-Z0006,3,111,4170.32861328125,,unavailable in GeoTIFF; band index reported
scene_03_russia_sample-Z0006,3,112,4491.30126953125,,unavailable in GeoTIFF; band index reported
scene_03_russia_sample-Z0006,3,113,5248.17822265625,,unavailable in GeoTIFF; band index reported
scene_03_russia_sample-Z0006,3,114,4525.4931640625,,unavailable in GeoTIFF; band index reported
scene_03_russia_sample-Z0006,3,115,4478.36962890625,,unavailable in GeoTIFF; band index reported
scene_03_russia_sample-Z0006,3,116,4135.65771484375,2699.307933984375,unavailable in GeoTIFF; band index reported
scene_03_russia_sample-Z0006,3,117,4048.30126953125,,unavailable in GeoTIFF; band index reported
scene_03_russia_sample-Z0006,3,118,4001.890380859375,,unavailable in GeoTIFF; band index reported
scene_03_russia_sample-Z0006,3,119,4009.958984375,,unavailable in GeoTIFF; band index reported
scene_03_russia_sample-Z0006,3,120,4059.4521484375,,unavailable in GeoTIFF; band index reported
scene_03_russia_sample-Z0006,3,121,4136.890625,,unavailable in GeoTIFF; band index reported
scene_03_russia_sample-Z0006,3,122,4242.4931640625,,unavailable in GeoTIFF; band index reported
scene_03_russia_sample-Z0006,3,123,4296.34228515625,2845.28236875,unavailable in GeoTIFF; band index reported
scene_03_russia_sample-Z0006,3,124,4371.041015625,,unavailable in GeoTIFF; band index reported
scene_03_russia_sample-Z0006,3,125,4510.876953125,,unavailable in GeoTIFF; band index reported
scene_03_russia_sample-Z0006,3,126,4328.109375,,unavailable in GeoTIFF; band index reported
scene_03_russia_sample-Z0006,3,127,4202.0,,unavailable in GeoTIFF; band index reported
scene_03_russia_sample-Z0006,3,128,4090.342529296875,,unavailable in GeoTIFF; band index reported
scene_03_russia_sample-Z0006,3,129,4025.9453125,,unavailable in GeoTIFF; band index reported
scene_03_russia_sample-Z0006,3,130,4103.32861328125,2696.022912109375,unavailable in GeoTIFF; band index reported
scene_03_russia_sample-Z0006,3,131,-32768.0,,unavailable in GeoTIFF; band index reported
scene_03_russia_sample-Z0006,3,132,-32768.0,,unavailable in GeoTIFF; band index reported
scene_03_russia_sample-Z0006,3,133,-32768.0,,unavailable in GeoTIFF; band index reported
scene_03_russia_sample-Z0006,3,134,-32768.0,,unavailable in GeoTIFF; band index reported
scene_03_russia_sample-Z0006,3,135,-32768.0,,unavailable in GeoTIFF; band index reported
scene_03_russia_sample-Z0006,3,136,4274.65771484375,,unavailable in GeoTIFF; band index reported
scene_03_russia_sample-Z0006,3,137,3274.315185546875,2057.037273046875,unavailable in GeoTIFF; band index reported
scene_03_russia_sample-Z0006,3,138,3279.931396484375,,unavailable in GeoTIFF; band index reported
scene_03_russia_sample-Z0006,3,139,2674.4384765625,,unavailable in GeoTIFF; band index reported
scene_03_russia_sample-Z0006,3,140,2262.684814453125,,unavailable in GeoTIFF; band index reported
scene_03_russia_sample-Z0006,3,141,2223.0,,unavailable in GeoTIFF; band index reported
scene_03_russia_sample-Z0006,3,142,2279.5205078125,,unavailable in GeoTIFF; band index reported
scene_03_russia_sample-Z0006,3,143,2338.4931640625,,unavailable in GeoTIFF; band index reported
scene_03_russia_sample-Z0006,3,144,2430.97265625,1418.7220189453126,unavailable in GeoTIFF; band index reported
scene_03_russia_sample-Z0006,3,145,2513.72607421875,,unavailable in GeoTIFF; band index reported
scene_03_russia_sample-Z0006,3,146,2619.931396484375,,unavailable in GeoTIFF; band index reported
scene_03_russia_sample-Z0006,3,147,2796.4658203125,,unavailable in GeoTIFF; band index reported
scene_03_russia_sample-Z0006,3,148,2836.28759765625,,unavailable in GeoTIFF; band index reported
scene_03_russia_sample-Z0006,3,149,2922.109619140625,,unavailable in GeoTIFF; band index reported
scene_03_russia_sample-Z0006,3,150,3031.890380859375,,unavailable in GeoTIFF; band index reported
scene_03_russia_sample-Z0006,3,151,3020.890380859375,,unavailable in GeoTIFF; band index reported
scene_03_russia_sample-Z0006,3,152,3038.630126953125,1889.9061537109374,unavailable in GeoTIFF; band index reported
scene_03_russia_sample-Z0006,3,153,3092.890380859375,,unavailable in GeoTIFF; band index reported
scene_03_russia_sample-Z0006,3,154,3135.28759765625,,unavailable in GeoTIFF; band index reported
scene_03_russia_sample-Z0006,3,155,3174.931396484375,,unavailable in GeoTIFF; band index reported
scene_03_russia_sample-Z0006,3,156,3206.4658203125,,unavailable in GeoTIFF; band index reported
scene_03_russia_sample-Z0006,3,157,3242.616455078125,,unavailable in GeoTIFF; band index reported
scene_03_russia_sample-Z0006,3,158,3249.671142578125,,unavailable in GeoTIFF; band index reported
scene_03_russia_sample-Z0006,3,159,3264.19189453125,2075.4127738281254,unavailable in GeoTIFF; band index reported
scene_03_russia_sample-Z0006,3,160,3276.356201171875,,unavailable in GeoTIFF; band index reported
scene_03_russia_sample-Z0006,3,161,3279.082275390625,,unavailable in GeoTIFF; band index reported
scene_03_russia_sample-Z0006,3,162,3267.78076171875,,unavailable in GeoTIFF; band index reported
scene_03_russia_sample-Z0006,3,163,3296.095947265625,,unavailable in GeoTIFF; band index reported
scene_03_russia_sample-Z0006,3,164,3267.863037109375,,unavailable in GeoTIFF; band index reported
scene_03_russia_sample-Z0006,3,165,3333.123291015625,,unavailable in GeoTIFF; band index reported
scene_03_russia_sample-Z0006,3,166,3522.02734375,2237.456512109375,unavailable in GeoTIFF; band index reported
scene_03_russia_sample-Z0006,3,167,1631.9451904296875,,unavailable in GeoTIFF; band index reported
scene_03_russia_sample-Z0006,3,168,1281.02734375,,unavailable in GeoTIFF; band index reported
scene_03_russia_sample-Z0006,3,169,1214.02734375,,unavailable in GeoTIFF; band index reported
scene_03_russia_sample-Z0006,3,170,1299.3150634765625,,unavailable in GeoTIFF; band index reported
scene_03_russia_sample-Z0006,3,171,2535.342529296875,,unavailable in GeoTIFF; band index reported
scene_03_russia_sample-Z0006,3,172,2563.19189453125,,unavailable in GeoTIFF; band index reported
scene_03_russia_sample-Z0006,3,173,1810.0684814453125,981.4859603515624,unavailable in GeoTIFF; band index reported
scene_03_russia_sample-Z0006,3,174,1504.7122802734375,,unavailable in GeoTIFF; band index reported
scene_03_russia_sample-Z0006,3,175,1534.5068359375,,unavailable in GeoTIFF; band index reported
scene_03_russia_sample-Z0006,3,176,1759.8082275390625,,unavailable in GeoTIFF; band index reported
scene_03_russia_sample-Z0006,3,177,1863.150634765625,,unavailable in GeoTIFF; band index reported
scene_03_russia_sample-Z0006,3,178,2004.1644287109375,,unavailable in GeoTIFF; band index reported
scene_03_russia_sample-Z0006,3,179,1926.849365234375,,unavailable in GeoTIFF; band index reported
scene_03_russia_sample-Z0006,3,180,1928.6986083984375,1089.6753043945314,unavailable in GeoTIFF; band index reported
scene_03_russia_sample-Z0006,3,181,1951.7945556640625,,unavailable in GeoTIFF; band index reported
scene_03_russia_sample-Z0006,3,182,2040.27392578125,,unavailable in GeoTIFF; band index reported
scene_03_russia_sample-Z0006,3,183,2135.5068359375,,unavailable in GeoTIFF; band index reported
scene_03_russia_sample-Z0006,3,184,2259.575439453125,,unavailable in GeoTIFF; band index reported
scene_03_russia_sample-Z0006,3,185,2353.4931640625,,unavailable in GeoTIFF; band index reported
scene_03_russia_sample-Z0006,3,186,2432.356201171875,,unavailable in GeoTIFF; band index reported
scene_03_russia_sample-Z0006,3,187,2503.20556640625,,unavailable in GeoTIFF; band index reported
scene_03_russia_sample-Z0006,3,188,2587.69873046875,1587.849948828125,unavailable in GeoTIFF; band index reported
scene_03_russia_sample-Z0006,3,189,2660.315185546875,,unavailable in GeoTIFF; band index reported
scene_03_russia_sample-Z0006,3,190,2705.876708984375,,unavailable in GeoTIFF; band index reported
scene_03_russia_sample-Z0006,3,191,2763.342529296875,,unavailable in GeoTIFF; band index reported
scene_03_russia_sample-Z0006,3,192,2800.958984375,,unavailable in GeoTIFF; band index reported
scene_03_russia_sample-Z0006,3,193,2877.616455078125,,unavailable in GeoTIFF; band index reported
scene_03_russia_sample-Z0006,3,194,2891.410888671875,,unavailable in GeoTIFF; band index reported
scene_03_russia_sample-Z0006,3,195,2882.369873046875,1814.4942310546876,unavailable in GeoTIFF; band index reported
scene_03_russia_sample-Z0006,3,196,2904.26025390625,,unavailable in GeoTIFF; band index reported
scene_03_russia_sample-Z0006,3,197,2921.4794921875,,unavailable in GeoTIFF; band index reported
scene_03_russia_sample-Z0006,3,198,2912.315185546875,,unavailable in GeoTIFF; band index reported
scene_03_russia_sample-Z0006,3,199,2916.136962890625,,unavailable in GeoTIFF; band index reported
scene_03_russia_sample-Z0006,3,200,2913.02734375,,unavailable in GeoTIFF; band index reported
scene_03_russia_sample-Z0006,3,201,2887.602783203125,,unavailable in GeoTIFF; band index reported
scene_03_russia_sample-Z0006,3,202,2854.904052734375,1779.273505859375,unavailable in GeoTIFF; band index reported
scene_03_russia_sample-Z0006,3,203,2812.876708984375,,unavailable in GeoTIFF; band index reported
scene_03_russia_sample-Z0006,3,204,2759.684814453125,,unavailable in GeoTIFF; band index reported
scene_03_russia_sample-Z0006,3,205,2738.958984375,,unavailable in GeoTIFF; band index reported
scene_03_russia_sample-Z0006,3,206,2661.19189453125,,unavailable in GeoTIFF; band index reported
scene_03_russia_sample-Z0006,3,207,2548.20556640625,,unavailable in GeoTIFF; band index reported
scene_03_russia_sample-Z0006,3,208,2642.5068359375,,unavailable in GeoTIFF; band index reported
scene_03_russia_sample-Z0006,3,209,2474.986328125,1477.9903691406248,unavailable in GeoTIFF; band index reported
scene_03_russia_sample-Z0006,3,210,2472.5478515625,,unavailable in GeoTIFF; band index reported
scene_03_russia_sample-Z0006,3,211,2506.5205078125,,unavailable in GeoTIFF; band index reported
scene_03_russia_sample-Z0006,3,212,2536.19189453125,,unavailable in GeoTIFF; band index reported
scene_03_russia_sample-Z0006,3,213,2333.671142578125,,unavailable in GeoTIFF; band index reported
scene_03_russia_sample-Z0006,3,214,2446.28759765625,,unavailable in GeoTIFF; band index reported
scene_03_russia_sample-Z0006,3,215,2418.822021484375,,unavailable in GeoTIFF; band index reported
scene_03_russia_sample-Z0006,3,216,2439.095947265625,1378.3794326171876,unavailable in GeoTIFF; band index reported
scene_03_russia_sample-Z0006,3,217,2297.315185546875,,unavailable in GeoTIFF; band index reported
scene_03_russia_sample-Z0006,3,218,2182.835693359375,,unavailable in GeoTIFF; band index reported
scene_03_russia_sample-Z0006,3,219,2317.80810546875,,unavailable in GeoTIFF; band index reported
scene_03_russia_sample-Z0006,3,220,2422.917724609375,,unavailable in GeoTIFF; band index reported
scene_03_russia_sample-Z0006,3,221,2222.4658203125,,unavailable in GeoTIFF; band index reported
scene_03_russia_sample-Z0006,3,222,2008.72607421875,,unavailable in GeoTIFF; band index reported
scene_03_russia_sample-Z0006,3,223,2195.26025390625,,unavailable in GeoTIFF; band index reported
scene_03_russia_sample-Z0006,3,224,2241.177978515625,1266.0004109375,unavailable in GeoTIFF; band index reported
scene_03_russia_sample-Z0010,4,1,4634.375,2547.989065234375,unavailable in GeoTIFF; band index reported
scene_03_russia_sample-Z0010,4,2,4480.45849609375,,unavailable in GeoTIFF; band index reported
scene_03_russia_sample-Z0010,4,3,4402.04150390625,,unavailable in GeoTIFF; band index reported
scene_03_russia_sample-Z0010,4,4,4423.375,,unavailable in GeoTIFF; band index reported
scene_03_russia_sample-Z0010,4,5,4394.29150390625,,unavailable in GeoTIFF; band index reported
scene_03_russia_sample-Z0010,4,6,4336.875,,unavailable in GeoTIFF; band index reported
scene_03_russia_sample-Z0010,4,7,4321.83349609375,,unavailable in GeoTIFF; band index reported
scene_03_russia_sample-Z0010,4,8,4268.16650390625,2390.9014695312503,unavailable in GeoTIFF; band index reported
scene_03_russia_sample-Z0010,4,9,4228.0,,unavailable in GeoTIFF; band index reported
scene_03_russia_sample-Z0010,4,10,4235.04150390625,,unavailable in GeoTIFF; band index reported
scene_03_russia_sample-Z0010,4,11,4196.45849609375,,unavailable in GeoTIFF; band index reported
scene_03_russia_sample-Z0010,4,12,4175.33349609375,,unavailable in GeoTIFF; band index reported
scene_03_russia_sample-Z0010,4,13,4160.45849609375,,unavailable in GeoTIFF; band index reported
scene_03_russia_sample-Z0010,4,14,4166.625,,unavailable in GeoTIFF; band index reported
scene_03_russia_sample-Z0010,4,15,4110.54150390625,2350.3786316406254,unavailable in GeoTIFF; band index reported
scene_03_russia_sample-Z0010,4,16,4094.708251953125,,unavailable in GeoTIFF; band index reported
scene_03_russia_sample-Z0010,4,17,4087.25,,unavailable in GeoTIFF; band index reported
scene_03_russia_sample-Z0010,4,18,4067.375,,unavailable in GeoTIFF; band index reported
scene_03_russia_sample-Z0010,4,19,4037.25,,unavailable in GeoTIFF; band index reported
scene_03_russia_sample-Z0010,4,20,4053.583251953125,,unavailable in GeoTIFF; band index reported
scene_03_russia_sample-Z0010,4,21,4067.833251953125,,unavailable in GeoTIFF; band index reported
scene_03_russia_sample-Z0010,4,22,4043.666748046875,2358.461596484375,unavailable in GeoTIFF; band index reported
scene_03_russia_sample-Z0010,4,23,4042.708251953125,,unavailable in GeoTIFF; band index reported
scene_03_russia_sample-Z0010,4,24,4037.875,,unavailable in GeoTIFF; band index reported
scene_03_russia_sample-Z0010,4,25,4045.125,,unavailable in GeoTIFF; band index reported
scene_03_russia_sample-Z0010,4,26,4048.875,,unavailable in GeoTIFF; band index reported
scene_03_russia_sample-Z0010,4,27,4027.541748046875,,unavailable in GeoTIFF; band index reported
scene_03_russia_sample-Z0010,4,28,4017.416748046875,,unavailable in GeoTIFF; band index reported
scene_03_russia_sample-Z0010,4,29,4024.583251953125,2412.764583203125,unavailable in GeoTIFF; band index reported
scene_03_russia_sample-Z0010,4,30,4006.083251953125,,unavailable in GeoTIFF; band index reported
scene_03_russia_sample-Z0010,4,31,4003.166748046875,,unavailable in GeoTIFF; band index reported
scene_03_russia_sample-Z0010,4,32,3991.416748046875,,unavailable in GeoTIFF; band index reported
scene_03_russia_sample-Z0010,4,33,3956.208251953125,,unavailable in GeoTIFF; band index reported
scene_03_russia_sample-Z0010,4,34,3932.625,,unavailable in GeoTIFF; band index reported
scene_03_russia_sample-Z0010,4,35,3888.375,,unavailable in GeoTIFF; band index reported
scene_03_russia_sample-Z0010,4,36,3830.416748046875,2306.610636328125,unavailable in GeoTIFF; band index reported
scene_03_russia_sample-Z0010,4,37,3848.375,,unavailable in GeoTIFF; band index reported
scene_03_russia_sample-Z0010,4,38,3857.791748046875,,unavailable in GeoTIFF; band index reported
scene_03_russia_sample-Z0010,4,39,3850.25,,unavailable in GeoTIFF; band index reported
scene_03_russia_sample-Z0010,4,40,3827.708251953125,,unavailable in GeoTIFF; band index reported
scene_03_russia_sample-Z0010,4,41,3846.625,,unavailable in GeoTIFF; band index reported
scene_03_russia_sample-Z0010,4,42,3846.125,,unavailable in GeoTIFF; band index reported
scene_03_russia_sample-Z0010,4,43,3793.541748046875,,unavailable in GeoTIFF; band index reported
scene_03_russia_sample-Z0010,4,44,3791.583251953125,2305.366001171875,unavailable in GeoTIFF; band index reported
scene_03_russia_sample-Z0010,4,45,3757.291748046875,,unavailable in GeoTIFF; band index reported
scene_03_russia_sample-Z0010,4,46,3731.166748046875,,unavailable in GeoTIFF; band index reported
scene_03_russia_sample-Z0010,4,47,3718.875,,unavailable in GeoTIFF; band index reported
scene_03_russia_sample-Z0010,4,48,3704.0,,unavailable in GeoTIFF; band index reported
scene_03_russia_sample-Z0010,4,49,3693.25,,unavailable in GeoTIFF; band index reported
scene_03_russia_sample-Z0010,4,50,3669.916748046875,,unavailable in GeoTIFF; band index reported
scene_03_russia_sample-Z0010,4,51,3819.375,2320.3036429687504,unavailable in GeoTIFF; band index reported
scene_03_russia_sample-Z0010,4,52,3782.666748046875,,unavailable in GeoTIFF; band index reported
scene_03_russia_sample-Z0010,4,53,3743.25,,unavailable in GeoTIFF; band index reported
scene_03_russia_sample-Z0010,4,54,3811.833251953125,,unavailable in GeoTIFF; band index reported
scene_03_russia_sample-Z0010,4,55,3872.083251953125,,unavailable in GeoTIFF; band index reported
scene_03_russia_sample-Z0010,4,56,3909.333251953125,,unavailable in GeoTIFF; band index reported
scene_03_russia_sample-Z0010,4,57,3970.75,,unavailable in GeoTIFF; band index reported
scene_03_russia_sample-Z0010,4,58,4050.583251953125,2535.3962285156254,unavailable in GeoTIFF; band index reported
scene_03_russia_sample-Z0010,4,59,4151.45849609375,,unavailable in GeoTIFF; band index reported
scene_03_russia_sample-Z0010,4,60,4173.79150390625,,unavailable in GeoTIFF; band index reported
scene_03_russia_sample-Z0010,4,61,4388.54150390625,,unavailable in GeoTIFF; band index reported
scene_03_russia_sample-Z0010,4,62,4535.66650390625,,unavailable in GeoTIFF; band index reported
scene_03_russia_sample-Z0010,4,63,4316.25,,unavailable in GeoTIFF; band index reported
scene_03_russia_sample-Z0010,4,64,4279.5,,unavailable in GeoTIFF; band index reported
scene_03_russia_sample-Z0010,4,65,4259.45849609375,2735.793632421875,unavailable in GeoTIFF; band index reported
scene_03_russia_sample-Z0010,4,66,4206.45849609375,,unavailable in GeoTIFF; band index reported
scene_03_russia_sample-Z0010,4,67,4189.70849609375,,unavailable in GeoTIFF; band index reported
scene_03_russia_sample-Z0010,4,68,4216.375,,unavailable in GeoTIFF; band index reported
scene_03_russia_sample-Z0010,4,69,4142.375,,unavailable in GeoTIFF; band index reported
scene_03_russia_sample-Z0010,4,70,4168.83349609375,,unavailable in GeoTIFF; band index reported
scene_03_russia_sample-Z0010,4,71,4146.66650390625,,unavailable in GeoTIFF; band index reported
scene_03_russia_sample-Z0010,4,72,4257.29150390625,2699.778001171875,unavailable in GeoTIFF; band index reported
scene_03_russia_sample-Z0010,4,73,4301.95849609375,,unavailable in GeoTIFF; band index reported
scene_03_russia_sample-Z0010,4,74,4276.45849609375,,unavailable in GeoTIFF; band index reported
scene_03_russia_sample-Z0010,4,75,4390.625,,unavailable in GeoTIFF; band index reported
scene_03_russia_sample-Z0010,4,76,4258.04150390625,,unavailable in GeoTIFF; band index reported
scene_03_russia_sample-Z0010,4,77,4320.08349609375,,unavailable in GeoTIFF; band index reported
scene_03_russia_sample-Z0010,4,78,4250.45849609375,,unavailable in GeoTIFF; band index reported
scene_03_russia_sample-Z0010,4,79,4116.5,,unavailable in GeoTIFF; band index reported
scene_03_russia_sample-Z0010,4,80,4092.541748046875,2684.03088671875,unavailable in GeoTIFF; band index reported
scene_03_russia_sample-Z0010,4,81,4001.5,,unavailable in GeoTIFF; band index reported
scene_03_russia_sample-Z0010,4,82,4003.25,,unavailable in GeoTIFF; band index reported
scene_03_russia_sample-Z0010,4,83,3918.458251953125,,unavailable in GeoTIFF; band index reported
scene_03_russia_sample-Z0010,4,84,3780.75,,unavailable in GeoTIFF; band index reported
scene_03_russia_sample-Z0010,4,85,4082.541748046875,,unavailable in GeoTIFF; band index reported
scene_03_russia_sample-Z0010,4,86,4144.0,,unavailable in GeoTIFF; band index reported
scene_03_russia_sample-Z0010,4,87,4147.33349609375,2731.4688449218747,unavailable in GeoTIFF; band index reported
scene_03_russia_sample-Z0010,4,88,4497.54150390625,,unavailable in GeoTIFF; band index reported
scene_03_russia_sample-Z0010,4,89,4386.95849609375,,unavailable in GeoTIFF; band index reported
scene_03_russia_sample-Z0010,4,90,4307.95849609375,,unavailable in GeoTIFF; band index reported
scene_03_russia_sample-Z0010,4,91,4317.625,,unavailable in GeoTIFF; band index reported
scene_03_russia_sample-Z0010,4,92,4114.41650390625,,unavailable in GeoTIFF; band index reported
scene_03_russia_sample-Z0010,4,93,3919.125,,unavailable in GeoTIFF; band index reported
scene_03_russia_sample-Z0010,4,94,4154.95849609375,2717.04442578125,unavailable in GeoTIFF; band index reported
scene_03_russia_sample-Z0010,4,95,3895.333251953125,,unavailable in GeoTIFF; band index reported
scene_03_russia_sample-Z0010,4,96,4066.083251953125,,unavailable in GeoTIFF; band index reported
scene_03_russia_sample-Z0010,4,97,3885.75,,unavailable in GeoTIFF; band index reported
scene_03_russia_sample-Z0010,4,98,4168.08349609375,,unavailable in GeoTIFF; band index reported
scene_03_russia_sample-Z0010,4,99,3947.708251953125,,unavailable in GeoTIFF; band index reported
scene_03_russia_sample-Z0010,4,100,4270.41650390625,,unavailable in GeoTIFF; band index reported
scene_03_russia_sample-Z0010,4,101,4010.625,2624.6267761718755,unavailable in GeoTIFF; band index reported
scene_03_russia_sample-Z0010,4,102,4284.16650390625,,unavailable in GeoTIFF; band index reported
scene_03_russia_sample-Z0010,4,103,4327.29150390625,,unavailable in GeoTIFF; band index reported
scene_03_russia_sample-Z0010,4,104,4347.41650390625,,unavailable in GeoTIFF; band index reported
scene_03_russia_sample-Z0010,4,105,4372.70849609375,,unavailable in GeoTIFF; band index reported
scene_03_russia_sample-Z0010,4,106,4378.0,,unavailable in GeoTIFF; band index reported
scene_03_russia_sample-Z0010,4,107,4402.54150390625,,unavailable in GeoTIFF; band index reported
scene_03_russia_sample-Z0010,4,108,4396.16650390625,2955.660197265625,unavailable in GeoTIFF; band index reported
scene_03_russia_sample-Z0010,4,109,4322.91650390625,,unavailable in GeoTIFF; band index reported
scene_03_russia_sample-Z0010,4,110,4216.08349609375,,unavailable in GeoTIFF; band index reported
scene_03_russia_sample-Z0010,4,111,4101.45849609375,,unavailable in GeoTIFF; band index reported
scene_03_russia_sample-Z0010,4,112,4444.58349609375,,unavailable in GeoTIFF; band index reported
scene_03_russia_sample-Z0010,4,113,5147.58349609375,,unavailable in GeoTIFF; band index reported
scene_03_russia_sample-Z0010,4,114,4465.95849609375,,unavailable in GeoTIFF; band index reported
scene_03_russia_sample-Z0010,4,115,4424.08349609375,,unavailable in GeoTIFF; band index reported
scene_03_russia_sample-Z0010,4,116,4085.791748046875,2699.307933984375,unavailable in GeoTIFF; band index reported
scene_03_russia_sample-Z0010,4,117,3990.708251953125,,unavailable in GeoTIFF; band index reported
scene_03_russia_sample-Z0010,4,118,3946.958251953125,,unavailable in GeoTIFF; band index reported
scene_03_russia_sample-Z0010,4,119,3948.875,,unavailable in GeoTIFF; band index reported
scene_03_russia_sample-Z0010,4,120,3996.25,,unavailable in GeoTIFF; band index reported
scene_03_russia_sample-Z0010,4,121,4065.375,,unavailable in GeoTIFF; band index reported
scene_03_russia_sample-Z0010,4,122,4161.875,,unavailable in GeoTIFF; band index reported
scene_03_russia_sample-Z0010,4,123,4212.41650390625,2845.28236875,unavailable in GeoTIFF; band index reported
scene_03_russia_sample-Z0010,4,124,4298.54150390625,,unavailable in GeoTIFF; band index reported
scene_03_russia_sample-Z0010,4,125,4439.33349609375,,unavailable in GeoTIFF; band index reported
scene_03_russia_sample-Z0010,4,126,4238.79150390625,,unavailable in GeoTIFF; band index reported
scene_03_russia_sample-Z0010,4,127,4121.125,,unavailable in GeoTIFF; band index reported
scene_03_russia_sample-Z0010,4,128,4011.75,,unavailable in GeoTIFF; band index reported
scene_03_russia_sample-Z0010,4,129,3963.125,,unavailable in GeoTIFF; band index reported
scene_03_russia_sample-Z0010,4,130,4027.75,2696.022912109375,unavailable in GeoTIFF; band index reported
scene_03_russia_sample-Z0010,4,131,-32768.0,,unavailable in GeoTIFF; band index reported
scene_03_russia_sample-Z0010,4,132,-32768.0,,unavailable in GeoTIFF; band index reported
scene_03_russia_sample-Z0010,4,133,-32768.0,,unavailable in GeoTIFF; band index reported
scene_03_russia_sample-Z0010,4,134,-32768.0,,unavailable in GeoTIFF; band index reported
scene_03_russia_sample-Z0010,4,135,-32768.0,,unavailable in GeoTIFF; band index reported
scene_03_russia_sample-Z0010,4,136,4119.125,,unavailable in GeoTIFF; band index reported
scene_03_russia_sample-Z0010,4,137,3154.125,2057.037273046875,unavailable in GeoTIFF; band index reported
scene_03_russia_sample-Z0010,4,138,3131.583251953125,,unavailable in GeoTIFF; band index reported
scene_03_russia_sample-Z0010,4,139,2543.291748046875,,unavailable in GeoTIFF; band index reported
scene_03_russia_sample-Z0010,4,140,2182.916748046875,,unavailable in GeoTIFF; band index reported
scene_03_russia_sample-Z0010,4,141,2146.208251953125,,unavailable in GeoTIFF; band index reported
scene_03_russia_sample-Z0010,4,142,2200.0,,unavailable in GeoTIFF; band index reported
scene_03_russia_sample-Z0010,4,143,2270.916748046875,,unavailable in GeoTIFF; band index reported
scene_03_russia_sample-Z0010,4,144,2359.833251953125,1418.7220189453126,unavailable in GeoTIFF; band index reported
scene_03_russia_sample-Z0010,4,145,2442.958251953125,,unavailable in GeoTIFF; band index reported
scene_03_russia_sample-Z0010,4,146,2558.125,,unavailable in GeoTIFF; band index reported
scene_03_russia_sample-Z0010,4,147,2726.916748046875,,unavailable in GeoTIFF; band index reported
scene_03_russia_sample-Z0010,4,148,2778.916748046875,,unavailable in GeoTIFF; band index reported
scene_03_russia_sample-Z0010,4,149,2870.291748046875,,unavailable in GeoTIFF; band index reported
scene_03_russia_sample-Z0010,4,150,2972.375,,unavailable in GeoTIFF; band index reported
scene_03_russia_sample-Z0010,4,151,2972.375,,unavailable in GeoTIFF; band index reported
scene_03_russia_sample-Z0010,4,152,2983.458251953125,1889.9061537109374,unavailable in GeoTIFF; band index reported
scene_03_russia_sample-Z0010,4,153,3020.625,,unavailable in GeoTIFF; band index reported
scene_03_russia_sample-Z0010,4,154,3072.125,,unavailable in GeoTIFF; band index reported
scene_03_russia_sample-Z0010,4,155,3109.666748046875,,unavailable in GeoTIFF; band index reported
scene_03_russia_sample-Z0010,4,156,3146.291748046875,,unavailable in GeoTIFF; band index reported
scene_03_russia_sample-Z0010,4,157,3192.041748046875,,unavailable in GeoTIFF; band index reported
scene_03_russia_sample-Z0010,4,158,3194.166748046875,,unavailable in GeoTIFF; band index reported
scene_03_russia_sample-Z0010,4,159,3220.125,2075.4127738281254,unavailable in GeoTIFF; band index reported
scene_03_russia_sample-Z0010,4,160,3230.708251953125,,unavailable in GeoTIFF; band index reported
scene_03_russia_sample-Z0010,4,161,3235.041748046875,,unavailable in GeoTIFF; band index reported
scene_03_russia_sample-Z0010,4,162,3234.791748046875,,unavailable in GeoTIFF; band index reported
scene_03_russia_sample-Z0010,4,163,3249.0,,unavailable in GeoTIFF; band index reported
scene_03_russia_sample-Z0010,4,164,3222.083251953125,,unavailable in GeoTIFF; band index reported
scene_03_russia_sample-Z0010,4,165,3294.791748046875,,unavailable in GeoTIFF; band index reported
scene_03_russia_sample-Z0010,4,166,3469.5,2237.456512109375,unavailable in GeoTIFF; band index reported
scene_03_russia_sample-Z0010,4,167,1504.9166259765625,,unavailable in GeoTIFF; band index reported
scene_03_russia_sample-Z0010,4,168,1172.1666259765625,,unavailable in GeoTIFF; band index reported
scene_03_russia_sample-Z0010,4,169,1120.1666259765625,,unavailable in GeoTIFF; band index reported
scene_03_russia_sample-Z0010,4,170,1206.9583740234375,,unavailable in GeoTIFF; band index reported
scene_03_russia_sample-Z0010,4,171,2361.333251953125,,unavailable in GeoTIFF; band index reported
scene_03_russia_sample-Z0010,4,172,2424.791748046875,,unavailable in GeoTIFF; band index reported
scene_03_russia_sample-Z0010,4,173,1687.0,981.4859603515624,unavailable in GeoTIFF; band index reported
scene_03_russia_sample-Z0010,4,174,1396.2916259765625,,unavailable in GeoTIFF; band index reported
scene_03_russia_sample-Z0010,4,175,1432.625,,unavailable in GeoTIFF; band index reported
scene_03_russia_sample-Z0010,4,176,1659.4166259765625,,unavailable in GeoTIFF; band index reported
scene_03_russia_sample-Z0010,4,177,1755.4166259765625,,unavailable in GeoTIFF; band index reported
scene_03_russia_sample-Z0010,4,178,1888.2083740234375,,unavailable in GeoTIFF; band index reported
scene_03_russia_sample-Z0010,4,179,1826.0,,unavailable in GeoTIFF; band index reported
scene_03_russia_sample-Z0010,4,180,1827.5416259765625,1089.6753043945314,unavailable in GeoTIFF; band index reported
scene_03_russia_sample-Z0010,4,181,1854.4166259765625,,unavailable in GeoTIFF; band index reported
scene_03_russia_sample-Z0010,4,182,1949.9166259765625,,unavailable in GeoTIFF; band index reported
scene_03_russia_sample-Z0010,4,183,2048.375,,unavailable in GeoTIFF; band index reported
scene_03_russia_sample-Z0010,4,184,2174.875,,unavailable in GeoTIFF; band index reported
scene_03_russia_sample-Z0010,4,185,2271.166748046875,,unavailable in GeoTIFF; band index reported
scene_03_russia_sample-Z0010,4,186,2357.5,,unavailable in GeoTIFF; band index reported
scene_03_russia_sample-Z0010,4,187,2431.0,,unavailable in GeoTIFF; band index reported
scene_03_russia_sample-Z0010,4,188,2514.375,1587.849948828125,unavailable in GeoTIFF; band index reported
scene_03_russia_sample-Z0010,4,189,2593.791748046875,,unavailable in GeoTIFF; band index reported
scene_03_russia_sample-Z0010,4,190,2643.75,,unavailable in GeoTIFF; band index reported
scene_03_russia_sample-Z0010,4,191,2692.791748046875,,unavailable in GeoTIFF; band index reported
scene_03_russia_sample-Z0010,4,192,2730.583251953125,,unavailable in GeoTIFF; band index reported
scene_03_russia_sample-Z0010,4,193,2815.791748046875,,unavailable in GeoTIFF; band index reported
scene_03_russia_sample-Z0010,4,194,2826.291748046875,,unavailable in GeoTIFF; band index reported
scene_03_russia_sample-Z0010,4,195,2818.208251953125,1814.4942310546876,unavailable in GeoTIFF; band index reported
scene_03_russia_sample-Z0010,4,196,2838.458251953125,,unavailable in GeoTIFF; band index reported
scene_03_russia_sample-Z0010,4,197,2847.5,,unavailable in GeoTIFF; band index reported
scene_03_russia_sample-Z0010,4,198,2858.75,,unavailable in GeoTIFF; band index reported
scene_03_russia_sample-Z0010,4,199,2857.875,,unavailable in GeoTIFF; band index reported
scene_03_russia_sample-Z0010,4,200,2844.333251953125,,unavailable in GeoTIFF; band index reported
scene_03_russia_sample-Z0010,4,201,2827.083251953125,,unavailable in GeoTIFF; band index reported
scene_03_russia_sample-Z0010,4,202,2794.083251953125,1779.273505859375,unavailable in GeoTIFF; band index reported
scene_03_russia_sample-Z0010,4,203,2741.125,,unavailable in GeoTIFF; band index reported
scene_03_russia_sample-Z0010,4,204,2692.083251953125,,unavailable in GeoTIFF; band index reported
scene_03_russia_sample-Z0010,4,205,2669.958251953125,,unavailable in GeoTIFF; band index reported
scene_03_russia_sample-Z0010,4,206,2584.416748046875,,unavailable in GeoTIFF; band index reported
scene_03_russia_sample-Z0010,4,207,2473.791748046875,,unavailable in GeoTIFF; band index reported
scene_03_russia_sample-Z0010,4,208,2557.875,,unavailable in GeoTIFF; band index reported
scene_03_russia_sample-Z0010,4,209,2399.791748046875,1477.9903691406248,unavailable in GeoTIFF; band index reported
scene_03_russia_sample-Z0010,4,210,2389.916748046875,,unavailable in GeoTIFF; band index reported
scene_03_russia_sample-Z0010,4,211,2417.833251953125,,unavailable in GeoTIFF; band index reported
scene_03_russia_sample-Z0010,4,212,2434.75,,unavailable in GeoTIFF; band index reported
scene_03_russia_sample-Z0010,4,213,2237.75,,unavailable in GeoTIFF; band index reported
scene_03_russia_sample-Z0010,4,214,2337.791748046875,,unavailable in GeoTIFF; band index reported
scene_03_russia_sample-Z0010,4,215,2298.041748046875,,unavailable in GeoTIFF; band index reported
scene_03_russia_sample-Z0010,4,216,2316.416748046875,1378.3794326171876,unavailable in GeoTIFF; band index reported
scene_03_russia_sample-Z0010,4,217,2175.291748046875,,unavailable in GeoTIFF; band index reported
scene_03_russia_sample-Z0010,4,218,2071.875,,unavailable in GeoTIFF; band index reported
scene_03_russia_sample-Z0010,4,219,2189.458251953125,,unavailable in GeoTIFF; band index reported
scene_03_russia_sample-Z0010,4,220,2279.583251953125,,unavailable in GeoTIFF; band index reported
scene_03_russia_sample-Z0010,4,221,2084.166748046875,,unavailable in GeoTIFF; band index reported
scene_03_russia_sample-Z0010,4,222,1901.375,,unavailable in GeoTIFF; band index reported
scene_03_russia_sample-Z0010,4,223,2059.833251953125,,unavailable in GeoTIFF; band index reported
scene_03_russia_sample-Z0010,4,224,2105.875,1266.0004109375,unavailable in GeoTIFF; band index reported
scene_03_russia_sample-Z0022,5,1,4905.14306640625,2547.989065234375,unavailable in GeoTIFF; band index reported
scene_03_russia_sample-Z0022,5,2,4750.85693359375,,unavailable in GeoTIFF; band index reported
scene_03_russia_sample-Z0022,5,3,4645.0478515625,,unavailable in GeoTIFF; band index reported
scene_03_russia_sample-Z0022,5,4,4684.28564453125,,unavailable in GeoTIFF; band index reported
scene_03_russia_sample-Z0022,5,5,4646.23828125,,unavailable in GeoTIFF; band index reported
scene_03_russia_sample-Z0022,5,6,4551.619140625,,unavailable in GeoTIFF; band index reported
scene_03_russia_sample-Z0022,5,7,4547.23828125,,unavailable in GeoTIFF; band index reported
scene_03_russia_sample-Z0022,5,8,4494.85693359375,2390.9014695312503,unavailable in GeoTIFF; band index reported
scene_03_russia_sample-Z0022,5,9,4447.71435546875,,unavailable in GeoTIFF; band index reported
scene_03_russia_sample-Z0022,5,10,4454.0478515625,,unavailable in GeoTIFF; band index reported
scene_03_russia_sample-Z0022,5,11,4401.52392578125,,unavailable in GeoTIFF; band index reported
scene_03_russia_sample-Z0022,5,12,4355.85693359375,,unavailable in GeoTIFF; band index reported
scene_03_russia_sample-Z0022,5,13,4369.85693359375,,unavailable in GeoTIFF; band index reported
scene_03_russia_sample-Z0022,5,14,4366.09521484375,,unavailable in GeoTIFF; band index reported
scene_03_russia_sample-Z0022,5,15,4317.14306640625,2350.3786316406254,unavailable in GeoTIFF; band index reported
scene_03_russia_sample-Z0022,5,16,4291.4287109375,,unavailable in GeoTIFF; band index reported
scene_03_russia_sample-Z0022,5,17,4273.33349609375,,unavailable in GeoTIFF; band index reported
scene_03_russia_sample-Z0022,5,18,4252.90478515625,,unavailable in GeoTIFF; band index reported
scene_03_russia_sample-Z0022,5,19,4211.8095703125,,unavailable in GeoTIFF; band index reported
scene_03_russia_sample-Z0022,5,20,4234.66650390625,,unavailable in GeoTIFF; band index reported
scene_03_russia_sample-Z0022,5,21,4263.8095703125,,unavailable in GeoTIFF; band index reported
scene_03_russia_sample-Z0022,5,22,4225.9521484375,2358.461596484375,unavailable in GeoTIFF; band index reported
scene_03_russia_sample-Z0022,5,23,4200.5712890625,,unavailable in GeoTIFF; band index reported
scene_03_russia_sample-Z0022,5,24,4187.52392578125,,unavailable in GeoTIFF; band index reported
scene_03_russia_sample-Z0022,5,25,4190.380859375,,unavailable in GeoTIFF; band index reported
scene_03_russia_sample-Z0022,5,26,4206.0,,unavailable in GeoTIFF; band index reported
scene_03_russia_sample-Z0022,5,27,4161.09521484375,,unavailable in GeoTIFF; band index reported
scene_03_russia_sample-Z0022,5,28,4152.52392578125,,unavailable in GeoTIFF; band index reported
scene_03_russia_sample-Z0022,5,29,4154.90478515625,2412.764583203125,unavailable in GeoTIFF; band index reported
scene_03_russia_sample-Z0022,5,30,4146.8095703125,,unavailable in GeoTIFF; band index reported
scene_03_russia_sample-Z0022,5,31,4149.33349609375,,unavailable in GeoTIFF; band index reported
scene_03_russia_sample-Z0022,5,32,4135.8095703125,,unavailable in GeoTIFF; band index reported
scene_03_russia_sample-Z0022,5,33,4093.857177734375,,unavailable in GeoTIFF; band index reported
scene_03_russia_sample-Z0022,5,34,4074.0,,unavailable in GeoTIFF; band index reported
scene_03_russia_sample-Z0022,5,35,4012.428466796875,,unavailable in GeoTIFF; band index reported
scene_03_russia_sample-Z0022,5,36,3969.761962890625,2306.610636328125,unavailable in GeoTIFF; band index reported
scene_03_russia_sample-Z0022,5,37,3974.571533203125,,unavailable in GeoTIFF; band index reported
scene_03_russia_sample-Z0022,5,38,3987.1904296875,,unavailable in GeoTIFF; band index reported
scene_03_russia_sample-Z0022,5,39,3983.09521484375,,unavailable in GeoTIFF; band index reported
scene_03_russia_sample-Z0022,5,40,3958.1904296875,,unavailable in GeoTIFF; band index reported
scene_03_russia_sample-Z0022,5,41,3974.571533203125,,unavailable in GeoTIFF; band index reported
scene_03_russia_sample-Z0022,5,42,3979.8095703125,,unavailable in GeoTIFF; band index reported
scene_03_russia_sample-Z0022,5,43,3914.857177734375,,unavailable in GeoTIFF; band index reported
scene_03_russia_sample-Z0022,5,44,3915.09521484375,2305.366001171875,unavailable in GeoTIFF; band index reported
scene_03_russia_sample-Z0022,5,45,3880.8095703125,,unavailable in GeoTIFF; band index reported
scene_03_russia_sample-Z0022,5,46,3844.52392578125,,unavailable in GeoTIFF; band index reported
scene_03_russia_sample-Z0022,5,47,3847.333251953125,,unavailable in GeoTIFF; band index reported
scene_03_russia_sample-Z0022,5,48,3826.571533203125,,unavailable in GeoTIFF; band index reported
scene_03_russia_sample-Z0022,5,49,3803.380859375,,unavailable in GeoTIFF; band index reported
scene_03_russia_sample-Z0022,5,50,3801.047607421875,,unavailable in GeoTIFF; band index reported
scene_03_russia_sample-Z0022,5,51,3942.952392578125,2320.3036429687504,unavailable in GeoTIFF; band index reported
scene_03_russia_sample-Z0022,5,52,3891.52392578125,,unavailable in GeoTIFF; band index reported
scene_03_russia_sample-Z0022,5,53,3831.619140625,,unavailable in GeoTIFF; band index reported
scene_03_russia_sample-Z0022,5,54,3869.761962890625,,unavailable in GeoTIFF; band index reported
scene_03_russia_sample-Z0022,5,55,3927.428466796875,,unavailable in GeoTIFF; band index reported
scene_03_russia_sample-Z0022,5,56,3930.8095703125,,unavailable in GeoTIFF; band index reported
scene_03_russia_sample-Z0022,5,57,3987.142822265625,,unavailable in GeoTIFF; band index reported
scene_03_russia_sample-Z0022,5,58,4060.952392578125,2535.3962285156254,unavailable in GeoTIFF; band index reported
scene_03_russia_sample-Z0022,5,59,4157.66650390625,,unavailable in GeoTIFF; band index reported
scene_03_russia_sample-Z0022,5,60,4178.8095703125,,unavailable in GeoTIFF; band index reported
scene_03_russia_sample-Z0022,5,61,4393.90478515625,,unavailable in GeoTIFF; band index reported
scene_03_russia_sample-Z0022,5,62,4591.66650390625,,unavailable in GeoTIFF; band index reported
scene_03_russia_sample-Z0022,5,63,4320.14306640625,,unavailable in GeoTIFF; band index reported
scene_03_russia_sample-Z0022,5,64,4259.47607421875,,unavailable in GeoTIFF; band index reported
scene_03_russia_sample-Z0022,5,65,4253.28564453125,2735.793632421875,unavailable in GeoTIFF; band index reported
scene_03_russia_sample-Z0022,5,66,4186.8095703125,,unavailable in GeoTIFF; band index reported
scene_03_russia_sample-Z0022,5,67,4157.5712890625,,unavailable in GeoTIFF; band index reported
scene_03_russia_sample-Z0022,5,68,4197.9521484375,,unavailable in GeoTIFF; band index reported
scene_03_russia_sample-Z0022,5,69,4109.66650390625,,unavailable in GeoTIFF; band index reported
scene_03_russia_sample-Z0022,5,70,4123.66650390625,,unavailable in GeoTIFF; band index reported
scene_03_russia_sample-Z0022,5,71,4131.33349609375,,unavailable in GeoTIFF; band index reported
scene_03_russia_sample-Z0022,5,72,4219.85693359375,2699.778001171875,unavailable in GeoTIFF; band index reported
scene_03_russia_sample-Z0022,5,73,4231.380859375,,unavailable in GeoTIFF; band index reported
scene_03_russia_sample-Z0022,5,74,4284.4287109375,,unavailable in GeoTIFF; band index reported
scene_03_russia_sample-Z0022,5,75,4285.90478515625,,unavailable in GeoTIFF; band index reported
scene_03_russia_sample-Z0022,5,76,4226.14306640625,,unavailable in GeoTIFF; band index reported
scene_03_russia_sample-Z0022,5,77,4309.23828125,,unavailable in GeoTIFF; band index reported
scene_03_russia_sample-Z0022,5,78,4176.23828125,,unavailable in GeoTIFF; band index reported
scene_03_russia_sample-Z0022,5,79,4133.90478515625,,unavailable in GeoTIFF; band index reported
scene_03_russia_sample-Z0022,5,80,4079.333251953125,2684.03088671875,unavailable in GeoTIFF; band index reported
scene_03_russia_sample-Z0022,5,81,3956.0,,unavailable in GeoTIFF; band index reported
scene_03_russia_sample-Z0022,5,82,3994.666748046875,,unavailable in GeoTIFF; band index reported
scene_03_russia_sample-Z0022,5,83,3853.142822265625,,unavailable in GeoTIFF; band index reported
scene_03_russia_sample-Z0022,5,84,3736.8095703125,,unavailable in GeoTIFF; band index reported
scene_03_russia_sample-Z0022,5,85,4062.761962890625,,unavailable in GeoTIFF; band index reported
scene_03_russia_sample-Z0022,5,86,4090.1904296875,,unavailable in GeoTIFF; band index reported
scene_03_russia_sample-Z0022,5,87,4162.66650390625,2731.4688449218747,unavailable in GeoTIFF; band index reported
scene_03_russia_sample-Z0022,5,88,4405.5712890625,,unavailable in GeoTIFF; band index reported
scene_03_russia_sample-Z0022,5,89,4367.71435546875,,unavailable in GeoTIFF; band index reported
scene_03_russia_sample-Z0022,5,90,4263.619140625,,unavailable in GeoTIFF; band index reported
scene_03_russia_sample-Z0022,5,91,4298.0,,unavailable in GeoTIFF; band index reported
scene_03_russia_sample-Z0022,5,92,4103.0,,unavailable in GeoTIFF; band index reported
scene_03_russia_sample-Z0022,5,93,3924.333251953125,,unavailable in GeoTIFF; band index reported
scene_03_russia_sample-Z0022,5,94,4132.23828125,2717.04442578125,unavailable in GeoTIFF; band index reported
scene_03_russia_sample-Z0022,5,95,3863.09521484375,,unavailable in GeoTIFF; band index reported
scene_03_russia_sample-Z0022,5,96,4041.09521484375,,unavailable in GeoTIFF; band index reported
scene_03_russia_sample-Z0022,5,97,3842.52392578125,,unavailable in GeoTIFF; band index reported
scene_03_russia_sample-Z0022,5,98,4132.52392578125,,unavailable in GeoTIFF; band index reported
scene_03_russia_sample-Z0022,5,99,3951.142822265625,,unavailable in GeoTIFF; band index reported
scene_03_russia_sample-Z0022,5,100,4232.28564453125,,unavailable in GeoTIFF; band index reported
scene_03_russia_sample-Z0022,5,101,3973.0,2624.6267761718755,unavailable in GeoTIFF; band index reported
scene_03_russia_sample-Z0022,5,102,4243.8095703125,,unavailable in GeoTIFF; band index reported
scene_03_russia_sample-Z0022,5,103,4284.52392578125,,unavailable in GeoTIFF; band index reported
scene_03_russia_sample-Z0022,5,104,4296.33349609375,,unavailable in GeoTIFF; band index reported
scene_03_russia_sample-Z0022,5,105,4318.4287109375,,unavailable in GeoTIFF; band index reported
scene_03_russia_sample-Z0022,5,106,4322.8095703125,,unavailable in GeoTIFF; band index reported
scene_03_russia_sample-Z0022,5,107,4351.23828125,,unavailable in GeoTIFF; band index reported
scene_03_russia_sample-Z0022,5,108,4343.47607421875,2955.660197265625,unavailable in GeoTIFF; band index reported
scene_03_russia_sample-Z0022,5,109,4271.380859375,,unavailable in GeoTIFF; band index reported
scene_03_russia_sample-Z0022,5,110,4167.85693359375,,unavailable in GeoTIFF; band index reported
scene_03_russia_sample-Z0022,5,111,4066.571533203125,,unavailable in GeoTIFF; band index reported
scene_03_russia_sample-Z0022,5,112,4433.47607421875,,unavailable in GeoTIFF; band index reported
scene_03_russia_sample-Z0022,5,113,5043.619140625,,unavailable in GeoTIFF; band index reported
scene_03_russia_sample-Z0022,5,114,4411.66650390625,,unavailable in GeoTIFF; band index reported
scene_03_russia_sample-Z0022,5,115,4384.14306640625,,unavailable in GeoTIFF; band index reported
scene_03_russia_sample-Z0022,5,116,4044.1904296875,2699.307933984375,unavailable in GeoTIFF; band index reported
scene_03_russia_sample-Z0022,5,117,3959.238037109375,,unavailable in GeoTIFF; band index reported
scene_03_russia_sample-Z0022,5,118,3913.047607421875,,unavailable in GeoTIFF; band index reported
scene_03_russia_sample-Z0022,5,119,3910.47607421875,,unavailable in GeoTIFF; band index reported
scene_03_russia_sample-Z0022,5,120,3950.571533203125,,unavailable in GeoTIFF; band index reported
scene_03_russia_sample-Z0022,5,121,4010.047607421875,,unavailable in GeoTIFF; band index reported
scene_03_russia_sample-Z0022,5,122,4103.76171875,,unavailable in GeoTIFF; band index reported
scene_03_russia_sample-Z0022,5,123,4158.76171875,2845.28236875,unavailable in GeoTIFF; band index reported
scene_03_russia_sample-Z0022,5,124,4252.0,,unavailable in GeoTIFF; band index reported
scene_03_russia_sample-Z0022,5,125,4390.8095703125,,unavailable in GeoTIFF; band index reported
scene_03_russia_sample-Z0022,5,126,4174.47607421875,,unavailable in GeoTIFF; band index reported
scene_03_russia_sample-Z0022,5,127,4061.952392578125,,unavailable in GeoTIFF; band index reported
scene_03_russia_sample-Z0022,5,128,3965.428466796875,,unavailable in GeoTIFF; band index reported
scene_03_russia_sample-Z0022,5,129,3919.238037109375,,unavailable in GeoTIFF; band index reported
scene_03_russia_sample-Z0022,5,130,4001.428466796875,2696.022912109375,unavailable in GeoTIFF; band index reported
scene_03_russia_sample-Z0022,5,131,-32768.0,,unavailable in GeoTIFF; band index reported
scene_03_russia_sample-Z0022,5,132,-32768.0,,unavailable in GeoTIFF; band index reported
scene_03_russia_sample-Z0022,5,133,-32768.0,,unavailable in GeoTIFF; band index reported
scene_03_russia_sample-Z0022,5,134,-32768.0,,unavailable in GeoTIFF; band index reported
scene_03_russia_sample-Z0022,5,135,-32768.0,,unavailable in GeoTIFF; band index reported
scene_03_russia_sample-Z0022,5,136,3925.952392578125,,unavailable in GeoTIFF; band index reported
scene_03_russia_sample-Z0022,5,137,2973.857177734375,2057.037273046875,unavailable in GeoTIFF; band index reported
scene_03_russia_sample-Z0022,5,138,2900.761962890625,,unavailable in GeoTIFF; band index reported
scene_03_russia_sample-Z0022,5,139,2354.09521484375,,unavailable in GeoTIFF; band index reported
scene_03_russia_sample-Z0022,5,140,2028.4761962890625,,unavailable in GeoTIFF; band index reported
scene_03_russia_sample-Z0022,5,141,2000.3809814453125,,unavailable in GeoTIFF; band index reported
scene_03_russia_sample-Z0022,5,142,2058.333251953125,,unavailable in GeoTIFF; band index reported
scene_03_russia_sample-Z0022,5,143,2130.571533203125,,unavailable in GeoTIFF; band index reported
scene_03_russia_sample-Z0022,5,144,2220.571533203125,1418.7220189453126,unavailable in GeoTIFF; band index reported
scene_03_russia_sample-Z0022,5,145,2316.333251953125,,unavailable in GeoTIFF; band index reported
scene_03_russia_sample-Z0022,5,146,2425.0,,unavailable in GeoTIFF; band index reported
scene_03_russia_sample-Z0022,5,147,2609.619140625,,unavailable in GeoTIFF; band index reported
scene_03_russia_sample-Z0022,5,148,2656.047607421875,,unavailable in GeoTIFF; band index reported
scene_03_russia_sample-Z0022,5,149,2745.90478515625,,unavailable in GeoTIFF; band index reported
scene_03_russia_sample-Z0022,5,150,2865.666748046875,,unavailable in GeoTIFF; band index reported
scene_03_russia_sample-Z0022,5,151,2850.666748046875,,unavailable in GeoTIFF; band index reported
scene_03_russia_sample-Z0022,5,152,2869.71435546875,1889.9061537109374,unavailable in GeoTIFF; band index reported
scene_03_russia_sample-Z0022,5,153,2924.047607421875,,unavailable in GeoTIFF; band index reported
scene_03_russia_sample-Z0022,5,154,2966.666748046875,,unavailable in GeoTIFF; band index reported
scene_03_russia_sample-Z0022,5,155,3016.857177734375,,unavailable in GeoTIFF; band index reported
scene_03_russia_sample-Z0022,5,156,3059.619140625,,unavailable in GeoTIFF; band index reported
scene_03_russia_sample-Z0022,5,157,3079.857177734375,,unavailable in GeoTIFF; band index reported
scene_03_russia_sample-Z0022,5,158,3104.71435546875,,unavailable in GeoTIFF; band index reported
scene_03_russia_sample-Z0022,5,159,3129.1904296875,2075.4127738281254,unavailable in GeoTIFF; band index reported
scene_03_russia_sample-Z0022,5,160,3167.90478515625,,unavailable in GeoTIFF; band index reported
scene_03_russia_sample-Z0022,5,161,3163.761962890625,,unavailable in GeoTIFF; band index reported
scene_03_russia_sample-Z0022,5,162,3174.1904296875,,unavailable in GeoTIFF; band index reported
scene_03_russia_sample-Z0022,5,163,3177.0,,unavailable in GeoTIFF; band index reported
scene_03_russia_sample-Z0022,5,164,3166.952392578125,,unavailable in GeoTIFF; band index reported
scene_03_russia_sample-Z0022,5,165,3222.761962890625,,unavailable in GeoTIFF; band index reported
scene_03_russia_sample-Z0022,5,166,3378.142822265625,2237.456512109375,unavailable in GeoTIFF; band index reported
scene_03_russia_sample-Z0022,5,167,1326.8095703125,,unavailable in GeoTIFF; band index reported
scene_03_russia_sample-Z0022,5,168,1024.952392578125,,unavailable in GeoTIFF; band index reported
scene_03_russia_sample-Z0022,5,169,977.4285888671875,,unavailable in GeoTIFF; band index reported
scene_03_russia_sample-Z0022,5,170,1073.8095703125,,unavailable in GeoTIFF; band index reported
scene_03_russia_sample-Z0022,5,171,2144.761962890625,,unavailable in GeoTIFF; band index reported
scene_03_russia_sample-Z0022,5,172,2155.571533203125,,unavailable in GeoTIFF; band index reported
scene_03_russia_sample-Z0022,5,173,1493.09521484375,981.4859603515624,unavailable in GeoTIFF; band index reported
scene_03_russia_sample-Z0022,5,174,1239.09521484375,,unavailable in GeoTIFF; band index reported
scene_03_russia_sample-Z0022,5,175,1272.6190185546875,,unavailable in GeoTIFF; band index reported
scene_03_russia_sample-Z0022,5,176,1493.238037109375,,unavailable in GeoTIFF; band index reported
scene_03_russia_sample-Z0022,5,177,1587.4285888671875,,unavailable in GeoTIFF; band index reported
scene_03_russia_sample-Z0022,5,178,1717.238037109375,,unavailable in GeoTIFF; band index reported
scene_03_russia_sample-Z0022,5,179,1662.8095703125,,unavailable in GeoTIFF; band index reported
scene_03_russia_sample-Z0022,5,180,1675.3333740234375,1089.6753043945314,unavailable in GeoTIFF; band index reported
scene_03_russia_sample-Z0022,5,181,1711.1904296875,,unavailable in GeoTIFF; band index reported
scene_03_russia_sample-Z0022,5,182,1811.4285888671875,,unavailable in GeoTIFF; band index reported
scene_03_russia_sample-Z0022,5,183,1915.5714111328125,,unavailable in GeoTIFF; band index reported
scene_03_russia_sample-Z0022,5,184,2062.571533203125,,unavailable in GeoTIFF; band index reported
scene_03_russia_sample-Z0022,5,185,2158.428466796875,,unavailable in GeoTIFF; band index reported
scene_03_russia_sample-Z0022,5,186,2251.52392578125,,unavailable in GeoTIFF; band index reported
scene_03_russia_sample-Z0022,5,187,2337.761962890625,,unavailable in GeoTIFF; band index reported
scene_03_russia_sample-Z0022,5,188,2442.1904296875,1587.849948828125,unavailable in GeoTIFF; band index reported
scene_03_russia_sample-Z0022,5,189,2520.428466796875,,unavailable in GeoTIFF; band index reported
scene_03_russia_sample-Z0022,5,190,2573.761962890625,,unavailable in GeoTIFF; band index reported
scene_03_russia_sample-Z0022,5,191,2638.380859375,,unavailable in GeoTIFF; band index reported
scene_03_russia_sample-Z0022,5,192,2682.571533203125,,unavailable in GeoTIFF; band index reported
scene_03_russia_sample-Z0022,5,193,2769.28564453125,,unavailable in GeoTIFF; band index reported
scene_03_russia_sample-Z0022,5,194,2779.28564453125,,unavailable in GeoTIFF; band index reported
scene_03_russia_sample-Z0022,5,195,2777.142822265625,1814.4942310546876,unavailable in GeoTIFF; band index reported
scene_03_russia_sample-Z0022,5,196,2803.90478515625,,unavailable in GeoTIFF; band index reported
scene_03_russia_sample-Z0022,5,197,2811.428466796875,,unavailable in GeoTIFF; band index reported
scene_03_russia_sample-Z0022,5,198,2819.380859375,,unavailable in GeoTIFF; band index reported
scene_03_russia_sample-Z0022,5,199,2822.47607421875,,unavailable in GeoTIFF; band index reported
scene_03_russia_sample-Z0022,5,200,2813.52392578125,,unavailable in GeoTIFF; band index reported
scene_03_russia_sample-Z0022,5,201,2789.09521484375,,unavailable in GeoTIFF; band index reported
scene_03_russia_sample-Z0022,5,202,2762.333251953125,1779.273505859375,unavailable in GeoTIFF; band index reported
scene_03_russia_sample-Z0022,5,203,2700.8095703125,,unavailable in GeoTIFF; band index reported
scene_03_russia_sample-Z0022,5,204,2658.142822265625,,unavailable in GeoTIFF; band index reported
scene_03_russia_sample-Z0022,5,205,2620.52392578125,,unavailable in GeoTIFF; band index reported
scene_03_russia_sample-Z0022,5,206,2533.28564453125,,unavailable in GeoTIFF; band index reported
scene_03_russia_sample-Z0022,5,207,2419.047607421875,,unavailable in GeoTIFF; band index reported
scene_03_russia_sample-Z0022,5,208,2490.428466796875,,unavailable in GeoTIFF; band index reported
scene_03_russia_sample-Z0022,5,209,2324.90478515625,1477.9903691406248,unavailable in GeoTIFF; band index reported
scene_03_russia_sample-Z0022,5,210,2316.571533203125,,unavailable in GeoTIFF; band index reported
scene_03_russia_sample-Z0022,5,211,2332.333251953125,,unavailable in GeoTIFF; band index reported
scene_03_russia_sample-Z0022,5,212,2340.380859375,,unavailable in GeoTIFF; band index reported
scene_03_russia_sample-Z0022,5,213,2145.0,,unavailable in GeoTIFF; band index reported
scene_03_russia_sample-Z0022,5,214,2257.71435546875,,unavailable in GeoTIFF; band index reported
scene_03_russia_sample-Z0022,5,215,2210.71435546875,,unavailable in GeoTIFF; band index reported
scene_03_russia_sample-Z0022,5,216,2206.52392578125,1378.3794326171876,unavailable in GeoTIFF; band index reported
scene_03_russia_sample-Z0022,5,217,2078.047607421875,,unavailable in GeoTIFF; band index reported
scene_03_russia_sample-Z0022,5,218,1990.4285888671875,,unavailable in GeoTIFF; band index reported
scene_03_russia_sample-Z0022,5,219,2085.380859375,,unavailable in GeoTIFF; band index reported
scene_03_russia_sample-Z0022,5,220,2137.952392578125,,unavailable in GeoTIFF; band index reported
scene_03_russia_sample-Z0022,5,221,1976.90478515625,,unavailable in GeoTIFF; band index reported
scene_03_russia_sample-Z0022,5,222,1812.7142333984375,,unavailable in GeoTIFF; band index reported
scene_03_russia_sample-Z0022,5,223,1943.3333740234375,,unavailable in GeoTIFF; band index reported
scene_03_russia_sample-Z0022,5,224,1985.6666259765625,1266.0004109375,unavailable in GeoTIFF; band index reported
scene_03_russia_sample-Z0011,6,1,4220.02587890625,2547.989065234375,unavailable in GeoTIFF; band index reported
scene_03_russia_sample-Z0011,6,2,4067.794921875,,unavailable in GeoTIFF; band index reported
scene_03_russia_sample-Z0011,6,3,4014.794921875,,unavailable in GeoTIFF; band index reported
scene_03_russia_sample-Z0011,6,4,4027.384521484375,,unavailable in GeoTIFF; band index reported
scene_03_russia_sample-Z0011,6,5,4006.615478515625,,unavailable in GeoTIFF; band index reported
scene_03_russia_sample-Z0011,6,6,3942.333251953125,,unavailable in GeoTIFF; band index reported
scene_03_russia_sample-Z0011,6,7,3947.718017578125,,unavailable in GeoTIFF; band index reported
scene_03_russia_sample-Z0011,6,8,3910.1025390625,2390.9014695312503,unavailable in GeoTIFF; band index reported
scene_03_russia_sample-Z0011,6,9,3847.487060546875,,unavailable in GeoTIFF; band index reported
scene_03_russia_sample-Z0011,6,10,3884.64111328125,,unavailable in GeoTIFF; band index reported
scene_03_russia_sample-Z0011,6,11,3835.487060546875,,unavailable in GeoTIFF; band index reported
scene_03_russia_sample-Z0011,6,12,3828.179443359375,,unavailable in GeoTIFF; band index reported
scene_03_russia_sample-Z0011,6,13,3815.128173828125,,unavailable in GeoTIFF; band index reported
scene_03_russia_sample-Z0011,6,14,3814.666748046875,,unavailable in GeoTIFF; band index reported
scene_03_russia_sample-Z0011,6,15,3759.820556640625,2350.3786316406254,unavailable in GeoTIFF; band index reported
scene_03_russia_sample-Z0011,6,16,3761.84619140625,,unavailable in GeoTIFF; band index reported
scene_03_russia_sample-Z0011,6,17,3744.15380859375,,unavailable in GeoTIFF; band index reported
scene_03_russia_sample-Z0011,6,18,3723.15380859375,,unavailable in GeoTIFF; band index reported
scene_03_russia_sample-Z0011,6,19,3691.25634765625,,unavailable in GeoTIFF; band index reported
scene_03_russia_sample-Z0011,6,20,3718.333251953125,,unavailable in GeoTIFF; band index reported
scene_03_russia_sample-Z0011,6,21,3745.820556640625,,unavailable in GeoTIFF; band index reported
scene_03_russia_sample-Z0011,6,22,3723.05126953125,2358.461596484375,unavailable in GeoTIFF; band index reported
scene_03_russia_sample-Z0011,6,23,3714.769287109375,,unavailable in GeoTIFF; band index reported
scene_03_russia_sample-Z0011,6,24,3724.923095703125,,unavailable in GeoTIFF; band index reported
scene_03_russia_sample-Z0011,6,25,3733.74365234375,,unavailable in GeoTIFF; band index reported
scene_03_russia_sample-Z0011,6,26,3746.384521484375,,unavailable in GeoTIFF; band index reported
scene_03_russia_sample-Z0011,6,27,3730.615478515625,,unavailable in GeoTIFF; band index reported
scene_03_russia_sample-Z0011,6,28,3724.564208984375,,unavailable in GeoTIFF; band index reported
scene_03_russia_sample-Z0011,6,29,3732.0,2412.764583203125,unavailable in GeoTIFF; band index reported
scene_03_russia_sample-Z0011,6,30,3715.0,,unavailable in GeoTIFF; band index reported
scene_03_russia_sample-Z0011,6,31,3719.205078125,,unavailable in GeoTIFF; band index reported
scene_03_russia_sample-Z0011,6,32,3697.64111328125,,unavailable in GeoTIFF; band index reported
scene_03_russia_sample-Z0011,6,33,3672.41015625,,unavailable in GeoTIFF; band index reported
scene_03_russia_sample-Z0011,6,34,3651.230712890625,,unavailable in GeoTIFF; band index reported
scene_03_russia_sample-Z0011,6,35,3602.718017578125,,unavailable in GeoTIFF; band index reported
scene_03_russia_sample-Z0011,6,36,3559.512939453125,2306.610636328125,unavailable in GeoTIFF; band index reported
scene_03_russia_sample-Z0011,6,37,3580.6923828125,,unavailable in GeoTIFF; band index reported
scene_03_russia_sample-Z0011,6,38,3588.3076171875,,unavailable in GeoTIFF; band index reported
scene_03_russia_sample-Z0011,6,39,3584.15380859375,,unavailable in GeoTIFF; band index reported
scene_03_russia_sample-Z0011,6,40,3562.25634765625,,unavailable in GeoTIFF; band index reported
scene_03_russia_sample-Z0011,6,41,3578.333251953125,,unavailable in GeoTIFF; band index reported
scene_03_russia_sample-Z0011,6,42,3572.794921875,,unavailable in GeoTIFF; band index reported
scene_03_russia_sample-Z0011,6,43,3530.230712890625,,unavailable in GeoTIFF; band index reported
scene_03_russia_sample-Z0011,6,44,3523.3076171875,2305.366001171875,unavailable in GeoTIFF; band index reported
scene_03_russia_sample-Z0011,6,45,3498.666748046875,,unavailable in GeoTIFF; band index reported
scene_03_russia_sample-Z0011,6,46,3469.05126953125,,unavailable in GeoTIFF; band index reported
scene_03_russia_sample-Z0011,6,47,3458.487060546875,,unavailable in GeoTIFF; band index reported
scene_03_russia_sample-Z0011,6,48,3446.84619140625,,unavailable in GeoTIFF; band index reported
scene_03_russia_sample-Z0011,6,49,3438.0,,unavailable in GeoTIFF; band index reported
scene_03_russia_sample-Z0011,6,50,3419.15380859375,,unavailable in GeoTIFF; band index reported
scene_03_russia_sample-Z0011,6,51,3568.974365234375,2320.3036429687504,unavailable in GeoTIFF; band index reported
scene_03_russia_sample-Z0011,6,52,3546.84619140625,,unavailable in GeoTIFF; band index reported
scene_03_russia_sample-Z0011,6,53,3550.3076171875,,unavailable in GeoTIFF; band index reported
scene_03_russia_sample-Z0011,6,54,3643.974365234375,,unavailable in GeoTIFF; band index reported
scene_03_russia_sample-Z0011,6,55,3744.435791015625,,unavailable in GeoTIFF; band index reported
scene_03_russia_sample-Z0011,6,56,3809.025634765625,,unavailable in GeoTIFF; band index reported
scene_03_russia_sample-Z0011,6,57,3891.128173828125,,unavailable in GeoTIFF; band index reported
scene_03_russia_sample-Z0011,6,58,3997.230712890625,2535.3962285156254,unavailable in GeoTIFF; band index reported
scene_03_russia_sample-Z0011,6,59,4112.41015625,,unavailable in GeoTIFF; band index reported
scene_03_russia_sample-Z0011,6,60,4139.87158203125,,unavailable in GeoTIFF; band index reported
scene_03_russia_sample-Z0011,6,61,4351.4873046875,,unavailable in GeoTIFF; band index reported
scene_03_russia_sample-Z0011,6,62,4438.05126953125,,unavailable in GeoTIFF; band index reported
scene_03_russia_sample-Z0011,6,63,4295.76904296875,,unavailable in GeoTIFF; band index reported
scene_03_russia_sample-Z0011,6,64,4261.05126953125,,unavailable in GeoTIFF; band index reported
scene_03_russia_sample-Z0011,6,65,4244.0771484375,2735.793632421875,unavailable in GeoTIFF; band index reported
scene_03_russia_sample-Z0011,6,66,4188.53857421875,,unavailable in GeoTIFF; band index reported
scene_03_russia_sample-Z0011,6,67,4178.205078125,,unavailable in GeoTIFF; band index reported
scene_03_russia_sample-Z0011,6,68,4204.0,,unavailable in GeoTIFF; band index reported
scene_03_russia_sample-Z0011,6,69,4147.0,,unavailable in GeoTIFF; band index reported
scene_03_russia_sample-Z0011,6,70,4147.87158203125,,unavailable in GeoTIFF; band index reported
scene_03_russia_sample-Z0011,6,71,4154.64111328125,,unavailable in GeoTIFF; band index reported
scene_03_russia_sample-Z0011,6,72,4236.23095703125,2699.778001171875,unavailable in GeoTIFF; band index reported
scene_03_russia_sample-Z0011,6,73,4330.97412109375,,unavailable in GeoTIFF; band index reported
scene_03_russia_sample-Z0011,6,74,4263.25634765625,,unavailable in GeoTIFF; band index reported
scene_03_russia_sample-Z0011,6,75,4405.23095703125,,unavailable in GeoTIFF; band index reported
scene_03_russia_sample-Z0011,6,76,4310.205078125,,unavailable in GeoTIFF; band index reported
scene_03_russia_sample-Z0011,6,77,4328.15380859375,,unavailable in GeoTIFF; band index reported
scene_03_russia_sample-Z0011,6,78,4323.58984375,,unavailable in GeoTIFF; band index reported
scene_03_russia_sample-Z0011,6,79,4158.35888671875,,unavailable in GeoTIFF; band index reported
scene_03_russia_sample-Z0011,6,80,4134.615234375,2684.03088671875,unavailable in GeoTIFF; band index reported
scene_03_russia_sample-Z0011,6,81,4040.1025390625,,unavailable in GeoTIFF; band index reported
scene_03_russia_sample-Z0011,6,82,4045.05126953125,,unavailable in GeoTIFF; band index reported
scene_03_russia_sample-Z0011,6,83,3950.05126953125,,unavailable in GeoTIFF; band index reported
scene_03_russia_sample-Z0011,6,84,3791.230712890625,,unavailable in GeoTIFF; band index reported
scene_03_russia_sample-Z0011,6,85,4133.33349609375,,unavailable in GeoTIFF; band index reported
scene_03_russia_sample-Z0011,6,86,4180.615234375,,unavailable in GeoTIFF; band index reported
scene_03_russia_sample-Z0011,6,87,4181.43603515625,2731.4688449218747,unavailable in GeoTIFF; band index reported
scene_03_russia_sample-Z0011,6,88,4612.58984375,,unavailable in GeoTIFF; band index reported
scene_03_russia_sample-Z0011,6,89,4473.4873046875,,unavailable in GeoTIFF; band index reported
scene_03_russia_sample-Z0011,6,90,4347.25634765625,,unavailable in GeoTIFF; band index reported
scene_03_russia_sample-Z0011,6,91,4384.794921875,,unavailable in GeoTIFF; band index reported
scene_03_russia_sample-Z0011,6,92,4154.6923828125,,unavailable in GeoTIFF; band index reported
scene_03_russia_sample-Z0011,6,93,3959.25634765625,,unavailable in GeoTIFF; band index reported
scene_03_russia_sample-Z0011,6,94,4203.23095703125,2717.04442578125,unavailable in GeoTIFF; band index reported
scene_03_russia_sample-Z0011,6,95,3934.94873046875,,unavailable in GeoTIFF; band index reported
scene_03_russia_sample-Z0011,6,96,4118.12841796875,,unavailable in GeoTIFF; band index reported
scene_03_russia_sample-Z0011,6,97,3941.8974609375,,unavailable in GeoTIFF; band index reported
scene_03_russia_sample-Z0011,6,98,4229.94873046875,,unavailable in GeoTIFF; band index reported
scene_03_russia_sample-Z0011,6,99,4016.6923828125,,unavailable in GeoTIFF; band index reported
scene_03_russia_sample-Z0011,6,100,4339.87158203125,,unavailable in GeoTIFF; band index reported
scene_03_russia_sample-Z0011,6,101,4086.53857421875,2624.6267761718755,unavailable in GeoTIFF; band index reported
scene_03_russia_sample-Z0011,6,102,4358.8974609375,,unavailable in GeoTIFF; band index reported
scene_03_russia_sample-Z0011,6,103,4399.8974609375,,unavailable in GeoTIFF; band index reported
scene_03_russia_sample-Z0011,6,104,4424.53857421875,,unavailable in GeoTIFF; band index reported
scene_03_russia_sample-Z0011,6,105,4454.12841796875,,unavailable in GeoTIFF; band index reported
scene_03_russia_sample-Z0011,6,106,4465.205078125,,unavailable in GeoTIFF; band index reported
scene_03_russia_sample-Z0011,6,107,4485.4873046875,,unavailable in GeoTIFF; band index reported
scene_03_russia_sample-Z0011,6,108,4485.12841796875,2955.660197265625,unavailable in GeoTIFF; band index reported
scene_03_russia_sample-Z0011,6,109,4410.74365234375,,unavailable in GeoTIFF; band index reported
scene_03_russia_sample-Z0011,6,110,4293.384765625,,unavailable in GeoTIFF; band index reported
scene_03_russia_sample-Z0011,6,111,4167.12841796875,,unavailable in GeoTIFF; band index reported
scene_03_russia_sample-Z0011,6,112,4496.0,,unavailable in GeoTIFF; band index reported
scene_03_russia_sample-Z0011,6,113,5348.23095703125,,unavailable in GeoTIFF; band index reported
scene_03_russia_sample-Z0011,6,114,4555.8974609375,,unavailable in GeoTIFF; band index reported
scene_03_russia_sample-Z0011,6,115,4492.43603515625,,unavailable in GeoTIFF; band index reported
scene_03_russia_sample-Z0011,6,116,4131.205078125,2699.307933984375,unavailable in GeoTIFF; band index reported
scene_03_russia_sample-Z0011,6,117,4039.615478515625,,unavailable in GeoTIFF; band index reported
scene_03_russia_sample-Z0011,6,118,3995.820556640625,,unavailable in GeoTIFF; band index reported
scene_03_russia_sample-Z0011,6,119,4005.025634765625,,unavailable in GeoTIFF; band index reported
scene_03_russia_sample-Z0011,6,120,4054.794921875,,unavailable in GeoTIFF; band index reported
scene_03_russia_sample-Z0011,6,121,4134.66650390625,,unavailable in GeoTIFF; band index reported
scene_03_russia_sample-Z0011,6,122,4241.53857421875,,unavailable in GeoTIFF; band index reported
scene_03_russia_sample-Z0011,6,123,4294.76904296875,2845.28236875,unavailable in GeoTIFF; band index reported
scene_03_russia_sample-Z0011,6,124,4360.35888671875,,unavailable in GeoTIFF; band index reported
scene_03_russia_sample-Z0011,6,125,4492.76904296875,,unavailable in GeoTIFF; band index reported
scene_03_russia_sample-Z0011,6,126,4330.23095703125,,unavailable in GeoTIFF; band index reported
scene_03_russia_sample-Z0011,6,127,4204.0,,unavailable in GeoTIFF; band index reported
scene_03_russia_sample-Z0011,6,128,4086.718017578125,,unavailable in GeoTIFF; band index reported
scene_03_russia_sample-Z0011,6,129,4023.128173828125,,unavailable in GeoTIFF; band index reported
scene_03_russia_sample-Z0011,6,130,4105.12841796875,2696.022912109375,unavailable in GeoTIFF; band index reported
scene_03_russia_sample-Z0011,6,131,-32768.0,,unavailable in GeoTIFF; band index reported
scene_03_russia_sample-Z0011,6,132,-32768.0,,unavailable in GeoTIFF; band index reported
scene_03_russia_sample-Z0011,6,133,-32768.0,,unavailable in GeoTIFF; band index reported
scene_03_russia_sample-Z0011,6,134,-32768.0,,unavailable in GeoTIFF; band index reported
scene_03_russia_sample-Z0011,6,135,-32768.0,,unavailable in GeoTIFF; band index reported
scene_03_russia_sample-Z0011,6,136,4427.23095703125,,unavailable in GeoTIFF; band index reported
scene_03_russia_sample-Z0011,6,137,3340.384521484375,2057.037273046875,unavailable in GeoTIFF; band index reported
scene_03_russia_sample-Z0011,6,138,3367.820556640625,,unavailable in GeoTIFF; band index reported
scene_03_russia_sample-Z0011,6,139,2705.435791015625,,unavailable in GeoTIFF; band index reported
scene_03_russia_sample-Z0011,6,140,2258.15380859375,,unavailable in GeoTIFF; band index reported
scene_03_russia_sample-Z0011,6,141,2209.974365234375,,unavailable in GeoTIFF; band index reported
scene_03_russia_sample-Z0011,6,142,2262.871826171875,,unavailable in GeoTIFF; band index reported
scene_03_russia_sample-Z0011,6,143,2320.8974609375,,unavailable in GeoTIFF; band index reported
scene_03_russia_sample-Z0011,6,144,2412.794921875,1418.7220189453126,unavailable in GeoTIFF; band index reported
scene_03_russia_sample-Z0011,6,145,2492.35888671875,,unavailable in GeoTIFF; band index reported
scene_03_russia_sample-Z0011,6,146,2598.128173828125,,unavailable in GeoTIFF; band index reported
scene_03_russia_sample-Z0011,6,147,2766.74365234375,,unavailable in GeoTIFF; band index reported
scene_03_russia_sample-Z0011,6,148,2810.615478515625,,unavailable in GeoTIFF; band index reported
scene_03_russia_sample-Z0011,6,149,2894.128173828125,,unavailable in GeoTIFF; band index reported
scene_03_russia_sample-Z0011,6,150,3002.179443359375,,unavailable in GeoTIFF; band index reported
scene_03_russia_sample-Z0011,6,151,2990.076904296875,,unavailable in GeoTIFF; band index reported
scene_03_russia_sample-Z0011,6,152,3011.53857421875,1889.9061537109374,unavailable in GeoTIFF; band index reported
scene_03_russia_sample-Z0011,6,153,3059.384521484375,,unavailable in GeoTIFF; band index reported
scene_03_russia_sample-Z0011,6,154,3107.53857421875,,unavailable in GeoTIFF; band index reported
scene_03_russia_sample-Z0011,6,155,3142.74365234375,,unavailable in GeoTIFF; band index reported
scene_03_russia_sample-Z0011,6,156,3172.74365234375,,unavailable in GeoTIFF; band index reported
scene_03_russia_sample-Z0011,6,157,3206.3076171875,,unavailable in GeoTIFF; band index reported
scene_03_russia_sample-Z0011,6,158,3206.923095703125,,unavailable in GeoTIFF; band index reported
scene_03_russia_sample-Z0011,6,159,3223.05126953125,2075.4127738281254,unavailable in GeoTIFF; band index reported
scene_03_russia_sample-Z0011,6,160,3226.05126953125,,unavailable in GeoTIFF; band index reported
scene_03_russia_sample-Z0011,6,161,3231.564208984375,,unavailable in GeoTIFF; band index reported
scene_03_russia_sample-Z0011,6,162,3221.0,,unavailable in GeoTIFF; band index reported
scene_03_russia_sample-Z0011,6,163,3244.46142578125,,unavailable in GeoTIFF; band index reported
scene_03_russia_sample-Z0011,6,164,3218.35888671875,,unavailable in GeoTIFF; band index reported
scene_03_russia_sample-Z0011,6,165,3286.128173828125,,unavailable in GeoTIFF; band index reported
scene_03_russia_sample-Z0011,6,166,3470.512939453125,2237.456512109375,unavailable in GeoTIFF; band index reported
scene_03_russia_sample-Z0011,6,167,1649.6922607421875,,unavailable in GeoTIFF; band index reported
scene_03_russia_sample-Z0011,6,168,1288.3846435546875,,unavailable in GeoTIFF; band index reported
scene_03_russia_sample-Z0011,6,169,1221.7178955078125,,unavailable in GeoTIFF; band index reported
scene_03_russia_sample-Z0011,6,170,1299.6922607421875,,unavailable in GeoTIFF; band index reported
scene_03_russia_sample-Z0011,6,171,2495.384521484375,,unavailable in GeoTIFF; band index reported
scene_03_russia_sample-Z0011,6,172,2510.35888671875,,unavailable in GeoTIFF; band index reported
scene_03_russia_sample-Z0011,6,173,1780.179443359375,981.4859603515624,unavailable in GeoTIFF; band index reported
scene_03_russia_sample-Z0011,6,174,1487.6153564453125,,unavailable in GeoTIFF; band index reported
scene_03_russia_sample-Z0011,6,175,1517.4359130859375,,unavailable in GeoTIFF; band index reported
scene_03_russia_sample-Z0011,6,176,1726.7435302734375,,unavailable in GeoTIFF; band index reported
scene_03_russia_sample-Z0011,6,177,1825.15380859375,,unavailable in GeoTIFF; band index reported
scene_03_russia_sample-Z0011,6,178,1967.2564697265625,,unavailable in GeoTIFF; band index reported
scene_03_russia_sample-Z0011,6,179,1898.8974609375,,unavailable in GeoTIFF; band index reported
scene_03_russia_sample-Z0011,6,180,1898.794921875,1089.6753043945314,unavailable in GeoTIFF; band index reported
scene_03_russia_sample-Z0011,6,181,1920.1025390625,,unavailable in GeoTIFF; band index reported
scene_03_russia_sample-Z0011,6,182,2008.3846435546875,,unavailable in GeoTIFF; band index reported
scene_03_russia_sample-Z0011,6,183,2105.6923828125,,unavailable in GeoTIFF; band index reported
scene_03_russia_sample-Z0011,6,184,2217.487060546875,,unavailable in GeoTIFF; band index reported
scene_03_russia_sample-Z0011,6,185,2307.94873046875,,unavailable in GeoTIFF; band index reported
scene_03_russia_sample-Z0011,6,186,2390.15380859375,,unavailable in GeoTIFF; band index reported
scene_03_russia_sample-Z0011,6,187,2454.74365234375,,unavailable in GeoTIFF; band index reported
scene_03_russia_sample-Z0011,6,188,2537.41015625,1587.849948828125,unavailable in GeoTIFF; band index reported
scene_03_russia_sample-Z0011,6,189,2603.923095703125,,unavailable in GeoTIFF; band index reported
scene_03_russia_sample-Z0011,6,190,2646.41015625,,unavailable in GeoTIFF; band index reported
scene_03_russia_sample-Z0011,6,191,2698.3076171875,,unavailable in GeoTIFF; band index reported
scene_03_russia_sample-Z0011,6,192,2738.25634765625,,unavailable in GeoTIFF; band index reported
scene_03_russia_sample-Z0011,6,193,2808.230712890625,,unavailable in GeoTIFF; band index reported
scene_03_russia_sample-Z0011,6,194,2833.25634765625,,unavailable in GeoTIFF; band index reported
scene_03_russia_sample-Z0011,6,195,2822.615478515625,1814.4942310546876,unavailable in GeoTIFF; band index reported
scene_03_russia_sample-Z0011,6,196,2843.46142578125,,unavailable in GeoTIFF; band index reported
scene_03_russia_sample-Z0011,6,197,2865.35888671875,,unavailable in GeoTIFF; band index reported
scene_03_russia_sample-Z0011,6,198,2856.179443359375,,unavailable in GeoTIFF; band index reported
scene_03_russia_sample-Z0011,6,199,2858.666748046875,,unavailable in GeoTIFF; band index reported
scene_03_russia_sample-Z0011,6,200,2852.025634765625,,unavailable in GeoTIFF; band index reported
scene_03_russia_sample-Z0011,6,201,2830.74365234375,,unavailable in GeoTIFF; band index reported
scene_03_russia_sample-Z0011,6,202,2801.794921875,1779.273505859375,unavailable in GeoTIFF; band index reported
scene_03_russia_sample-Z0011,6,203,2754.179443359375,,unavailable in GeoTIFF; band index reported
scene_03_russia_sample-Z0011,6,204,2703.076904296875,,unavailable in GeoTIFF; band index reported
scene_03_russia_sample-Z0011,6,205,2683.923095703125,,unavailable in GeoTIFF; band index reported
scene_03_russia_sample-Z0011,6,206,2609.718017578125,,unavailable in GeoTIFF; band index reported
scene_03_russia_sample-Z0011,6,207,2500.15380859375,,unavailable in GeoTIFF; band index reported
scene_03_russia_sample-Z0011,6,208,2595.64111328125,,unavailable in GeoTIFF; band index reported
scene_03_russia_sample-Z0011,6,209,2431.8974609375,1477.9903691406248,unavailable in GeoTIFF; band index reported
scene_03_russia_sample-Z0011,6,210,2432.666748046875,,unavailable in GeoTIFF; band index reported
scene_03_russia_sample-Z0011,6,211,2466.615478515625,,unavailable in GeoTIFF; band index reported
scene_03_russia_sample-Z0011,6,212,2496.179443359375,,unavailable in GeoTIFF; band index reported
scene_03_russia_sample-Z0011,6,213,2297.94873046875,,unavailable in GeoTIFF; band index reported
scene_03_russia_sample-Z0011,6,214,2400.666748046875,,unavailable in GeoTIFF; band index reported
scene_03_russia_sample-Z0011,6,215,2398.58984375,,unavailable in GeoTIFF; band index reported
scene_03_russia_sample-Z0011,6,216,2424.923095703125,1378.3794326171876,unavailable in GeoTIFF; band index reported
scene_03_russia_sample-Z0011,6,217,2273.35888671875,,unavailable in GeoTIFF; band index reported
scene_03_russia_sample-Z0011,6,218,2157.46142578125,,unavailable in GeoTIFF; band index reported
scene_03_russia_sample-Z0011,6,219,2301.8974609375,,unavailable in GeoTIFF; band index reported
scene_03_russia_sample-Z0011,6,220,2414.281982421875,,unavailable in GeoTIFF; band index reported
scene_03_russia_sample-Z0011,6,221,2221.564208984375,,unavailable in GeoTIFF; band index reported
scene_03_russia_sample-Z0011,6,222,1996.871826171875,,unavailable in GeoTIFF; band index reported
scene_03_russia_sample-Z0011,6,223,2190.435791015625,,unavailable in GeoTIFF; band index reported
scene_03_russia_sample-Z0011,6,224,2266.615478515625,1266.0004109375,unavailable in GeoTIFF; band index reported
scene_03_russia_sample-Z0002,7,1,4133.61767578125,2547.989065234375,unavailable in GeoTIFF; band index reported
scene_03_russia_sample-Z0002,7,2,4006.470703125,,unavailable in GeoTIFF; band index reported
scene_03_russia_sample-Z0002,7,3,3935.5,,unavailable in GeoTIFF; band index reported
scene_03_russia_sample-Z0002,7,4,3973.794189453125,,unavailable in GeoTIFF; band index reported
scene_03_russia_sample-Z0002,7,5,3937.294189453125,,unavailable in GeoTIFF; band index reported
scene_03_russia_sample-Z0002,7,6,3879.294189453125,,unavailable in GeoTIFF; band index reported
scene_03_russia_sample-Z0002,7,7,3888.029296875,,unavailable in GeoTIFF; band index reported
scene_03_russia_sample-Z0002,7,8,3826.676513671875,2390.9014695312503,unavailable in GeoTIFF; band index reported
scene_03_russia_sample-Z0002,7,9,3792.441162109375,,unavailable in GeoTIFF; band index reported
scene_03_russia_sample-Z0002,7,10,3809.941162109375,,unavailable in GeoTIFF; band index reported
scene_03_russia_sample-Z0002,7,11,3765.294189453125,,unavailable in GeoTIFF; band index reported
scene_03_russia_sample-Z0002,7,12,3755.2353515625,,unavailable in GeoTIFF; band index reported
scene_03_russia_sample-Z0002,7,13,3758.911865234375,,unavailable in GeoTIFF; band index reported
scene_03_russia_sample-Z0002,7,14,3755.35302734375,,unavailable in GeoTIFF; band index reported
scene_03_russia_sample-Z0002,7,15,3715.61767578125,2350.3786316406254,unavailable in GeoTIFF; band index reported
scene_03_russia_sample-Z0002,7,16,3710.529296875,,unavailable in GeoTIFF; band index reported
scene_03_russia_sample-Z0002,7,17,3702.529296875,,unavailable in GeoTIFF; band index reported
scene_03_russia_sample-Z0002,7,18,3680.7353515625,,unavailable in GeoTIFF; band index reported
scene_03_russia_sample-Z0002,7,19,3655.35302734375,,unavailable in GeoTIFF; band index reported
scene_03_russia_sample-Z0002,7,20,3677.5,,unavailable in GeoTIFF; band index reported
scene_03_russia_sample-Z0002,7,21,3697.588134765625,,unavailable in GeoTIFF; band index reported
scene_03_russia_sample-Z0002,7,22,3686.323486328125,2358.461596484375,unavailable in GeoTIFF; band index reported
scene_03_russia_sample-Z0002,7,23,3686.64697265625,,unavailable in GeoTIFF; band index reported
scene_03_russia_sample-Z0002,7,24,3678.911865234375,,unavailable in GeoTIFF; band index reported
scene_03_russia_sample-Z0002,7,25,3695.64697265625,,unavailable in GeoTIFF; band index reported
scene_03_russia_sample-Z0002,7,26,3707.058837890625,,unavailable in GeoTIFF; band index reported
scene_03_russia_sample-Z0002,7,27,3696.529296875,,unavailable in GeoTIFF; band index reported
scene_03_russia_sample-Z0002,7,28,3690.14697265625,,unavailable in GeoTIFF; band index reported
scene_03_russia_sample-Z0002,7,29,3691.941162109375,2412.764583203125,unavailable in GeoTIFF; band index reported
scene_03_russia_sample-Z0002,7,30,3677.558837890625,,unavailable in GeoTIFF; band index reported
scene_03_russia_sample-Z0002,7,31,3677.794189453125,,unavailable in GeoTIFF; band index reported
scene_03_russia_sample-Z0002,7,32,3660.176513671875,,unavailable in GeoTIFF; band index reported
scene_03_russia_sample-Z0002,7,33,3625.11767578125,,unavailable in GeoTIFF; band index reported
scene_03_russia_sample-Z0002,7,34,3613.470703125,,unavailable in GeoTIFF; band index reported
scene_03_russia_sample-Z0002,7,35,3574.2646484375,,unavailable in GeoTIFF; band index reported
scene_03_russia_sample-Z0002,7,36,3536.588134765625,2306.610636328125,unavailable in GeoTIFF; band index reported
scene_03_russia_sample-Z0002,7,37,3550.676513671875,,unavailable in GeoTIFF; band index reported
scene_03_russia_sample-Z0002,7,38,3553.88232421875,,unavailable in GeoTIFF; band index reported
scene_03_russia_sample-Z0002,7,39,3549.2353515625,,unavailable in GeoTIFF; band index reported
scene_03_russia_sample-Z0002,7,40,3524.64697265625,,unavailable in GeoTIFF; band index reported
scene_03_russia_sample-Z0002,7,41,3540.88232421875,,unavailable in GeoTIFF; band index reported
scene_03_russia_sample-Z0002,7,42,3546.411865234375,,unavailable in GeoTIFF; band index reported
scene_03_russia_sample-Z0002,7,43,3501.176513671875,,unavailable in GeoTIFF; band index reported
scene_03_russia_sample-Z0002,7,44,3497.294189453125,2305.366001171875,unavailable in GeoTIFF; band index reported
scene_03_russia_sample-Z0002,7,45,3468.823486328125,,unavailable in GeoTIFF; band index reported
scene_03_russia_sample-Z0002,7,46,3436.823486328125,,unavailable in GeoTIFF; band index reported
scene_03_russia_sample-Z0002,7,47,3419.470703125,,unavailable in GeoTIFF; band index reported
scene_03_russia_sample-Z0002,7,48,3423.2353515625,,unavailable in GeoTIFF; band index reported
scene_03_russia_sample-Z0002,7,49,3397.61767578125,,unavailable in GeoTIFF; band index reported
scene_03_russia_sample-Z0002,7,50,3391.205810546875,,unavailable in GeoTIFF; band index reported
scene_03_russia_sample-Z0002,7,51,3545.2353515625,2320.3036429687504,unavailable in GeoTIFF; band index reported
scene_03_russia_sample-Z0002,7,52,3528.14697265625,,unavailable in GeoTIFF; band index reported
scene_03_russia_sample-Z0002,7,53,3551.11767578125,,unavailable in GeoTIFF; band index reported
scene_03_russia_sample-Z0002,7,54,3634.64697265625,,unavailable in GeoTIFF; band index reported
scene_03_russia_sample-Z0002,7,55,3748.14697265625,,unavailable in GeoTIFF; band index reported
scene_03_russia_sample-Z0002,7,56,3847.911865234375,,unavailable in GeoTIFF; band index reported
scene_03_russia_sample-Z0002,7,57,3934.823486328125,,unavailable in GeoTIFF; band index reported
scene_03_russia_sample-Z0002,7,58,4044.61767578125,2535.3962285156254,unavailable in GeoTIFF; band index reported
scene_03_russia_sample-Z0002,7,59,4160.35302734375,,unavailable in GeoTIFF; band index reported
scene_03_russia_sample-Z0002,7,60,4191.55859375,,unavailable in GeoTIFF; band index reported
scene_03_russia_sample-Z0002,7,61,4402.38232421875,,unavailable in GeoTIFF; band index reported
scene_03_russia_sample-Z0002,7,62,4520.029296875,,unavailable in GeoTIFF; band index reported
scene_03_russia_sample-Z0002,7,63,4348.58837890625,,unavailable in GeoTIFF; band index reported
scene_03_russia_sample-Z0002,7,64,4314.7353515625,,unavailable in GeoTIFF; band index reported
scene_03_russia_sample-Z0002,7,65,4307.67626953125,2735.793632421875,unavailable in GeoTIFF; band index reported
scene_03_russia_sample-Z0002,7,66,4254.38232421875,,unavailable in GeoTIFF; band index reported
scene_03_russia_sample-Z0002,7,67,4243.41162109375,,unavailable in GeoTIFF; band index reported
scene_03_russia_sample-Z0002,7,68,4263.35302734375,,unavailable in GeoTIFF; band index reported
scene_03_russia_sample-Z0002,7,69,4217.88232421875,,unavailable in GeoTIFF; band index reported
scene_03_russia_sample-Z0002,7,70,4200.58837890625,,unavailable in GeoTIFF; band index reported
scene_03_russia_sample-Z0002,7,71,4246.64697265625,,unavailable in GeoTIFF; band index reported
scene_03_russia_sample-Z0002,7,72,4293.67626953125,2699.778001171875,unavailable in GeoTIFF; band index reported
scene_03_russia_sample-Z0002,7,73,4419.7939453125,,unavailable in GeoTIFF; band index reported
scene_03_russia_sample-Z0002,7,74,4360.029296875,,unavailable in GeoTIFF; band index reported
scene_03_russia_sample-Z0002,7,75,4432.94140625,,unavailable in GeoTIFF; band index reported
scene_03_russia_sample-Z0002,7,76,4422.529296875,,unavailable in GeoTIFF; band index reported
scene_03_russia_sample-Z0002,7,77,4371.67626953125,,unavailable in GeoTIFF; band index reported
scene_03_russia_sample-Z0002,7,78,4425.7353515625,,unavailable in GeoTIFF; band index reported
scene_03_russia_sample-Z0002,7,79,4291.2646484375,,unavailable in GeoTIFF; band index reported
scene_03_russia_sample-Z0002,7,80,4211.7646484375,2684.03088671875,unavailable in GeoTIFF; band index reported
scene_03_russia_sample-Z0002,7,81,4093.7646484375,,unavailable in GeoTIFF; band index reported
scene_03_russia_sample-Z0002,7,82,4121.529296875,,unavailable in GeoTIFF; band index reported
scene_03_russia_sample-Z0002,7,83,4006.61767578125,,unavailable in GeoTIFF; band index reported
scene_03_russia_sample-Z0002,7,84,3847.38232421875,,unavailable in GeoTIFF; band index reported
scene_03_russia_sample-Z0002,7,85,4205.5,,unavailable in GeoTIFF; band index reported
scene_03_russia_sample-Z0002,7,86,4177.14697265625,,unavailable in GeoTIFF; band index reported
scene_03_russia_sample-Z0002,7,87,4274.2646484375,2731.4688449218747,unavailable in GeoTIFF; band index reported
scene_03_russia_sample-Z0002,7,88,4708.7060546875,,unavailable in GeoTIFF; band index reported
scene_03_russia_sample-Z0002,7,89,4573.2060546875,,unavailable in GeoTIFF; band index reported
scene_03_russia_sample-Z0002,7,90,4454.529296875,,unavailable in GeoTIFF; band index reported
scene_03_russia_sample-Z0002,7,91,4473.05859375,,unavailable in GeoTIFF; band index reported
scene_03_russia_sample-Z0002,7,92,4256.529296875,,unavailable in GeoTIFF; band index reported
scene_03_russia_sample-Z0002,7,93,4002.970703125,,unavailable in GeoTIFF; band index reported
scene_03_russia_sample-Z0002,7,94,4282.14697265625,2717.04442578125,unavailable in GeoTIFF; band index reported
scene_03_russia_sample-Z0002,7,95,3987.85302734375,,unavailable in GeoTIFF; band index reported
scene_03_russia_sample-Z0002,7,96,4187.41162109375,,unavailable in GeoTIFF; band index reported
scene_03_russia_sample-Z0002,7,97,4003.411865234375,,unavailable in GeoTIFF; band index reported
scene_03_russia_sample-Z0002,7,98,4297.61767578125,,unavailable in GeoTIFF; band index reported
scene_03_russia_sample-Z0002,7,99,4076.470703125,,unavailable in GeoTIFF; band index reported
scene_03_russia_sample-Z0002,7,100,4415.94140625,,unavailable in GeoTIFF; band index reported
scene_03_russia_sample-Z0002,7,101,4130.2060546875,2624.6267761718755,unavailable in GeoTIFF; band index reported
scene_03_russia_sample-Z0002,7,102,4433.2646484375,,unavailable in GeoTIFF; band index reported
scene_03_russia_sample-Z0002,7,103,4479.5,,unavailable in GeoTIFF; band index reported
scene_03_russia_sample-Z0002,7,104,4503.029296875,,unavailable in GeoTIFF; band index reported
scene_03_russia_sample-Z0002,7,105,4535.029296875,,unavailable in GeoTIFF; band index reported
scene_03_russia_sample-Z0002,7,106,4547.82373046875,,unavailable in GeoTIFF; band index reported
scene_03_russia_sample-Z0002,7,107,4572.17626953125,,unavailable in GeoTIFF; band index reported
scene_03_russia_sample-Z0002,7,108,4566.94140625,2955.660197265625,unavailable in GeoTIFF; band index reported
scene_03_russia_sample-Z0002,7,109,4496.14697265625,,unavailable in GeoTIFF; band index reported
scene_03_russia_sample-Z0002,7,110,4384.35302734375,,unavailable in GeoTIFF; band index reported
scene_03_russia_sample-Z0002,7,111,4253.82373046875,,unavailable in GeoTIFF; band index reported
scene_03_russia_sample-Z0002,7,112,4599.529296875,,unavailable in GeoTIFF; band index reported
scene_03_russia_sample-Z0002,7,113,5490.35302734375,,unavailable in GeoTIFF; band index reported
scene_03_russia_sample-Z0002,7,114,4668.38232421875,,unavailable in GeoTIFF; band index reported
scene_03_russia_sample-Z0002,7,115,4595.82373046875,,unavailable in GeoTIFF; band index reported
scene_03_russia_sample-Z0002,7,116,4206.529296875,2699.307933984375,unavailable in GeoTIFF; band index reported
scene_03_russia_sample-Z0002,7,117,4112.2939453125,,unavailable in GeoTIFF; band index reported
scene_03_russia_sample-Z0002,7,118,4064.676513671875,,unavailable in GeoTIFF; band index reported
scene_03_russia_sample-Z0002,7,119,4074.705810546875,,unavailable in GeoTIFF; band index reported
scene_03_russia_sample-Z0002,7,120,4122.7939453125,,unavailable in GeoTIFF; band index reported
scene_03_russia_sample-Z0002,7,121,4207.67626953125,,unavailable in GeoTIFF; band index reported
scene_03_russia_sample-Z0002,7,122,4320.11767578125,,unavailable in GeoTIFF; band index reported
scene_03_russia_sample-Z0002,7,123,4371.470703125,2845.28236875,unavailable in GeoTIFF; band index reported
scene_03_russia_sample-Z0002,7,124,4435.05859375,,unavailable in GeoTIFF; band index reported
scene_03_russia_sample-Z0002,7,125,4567.41162109375,,unavailable in GeoTIFF; band index reported
scene_03_russia_sample-Z0002,7,126,4407.55859375,,unavailable in GeoTIFF; band index reported
scene_03_russia_sample-Z0002,7,127,4282.61767578125,,unavailable in GeoTIFF; band index reported
scene_03_russia_sample-Z0002,7,128,4165.029296875,,unavailable in GeoTIFF; band index reported
scene_03_russia_sample-Z0002,7,129,4095.823486328125,,unavailable in GeoTIFF; band index reported
scene_03_russia_sample-Z0002,7,130,4180.08837890625,2696.022912109375,unavailable in GeoTIFF; band index reported
scene_03_russia_sample-Z0002,7,131,-32768.0,,unavailable in GeoTIFF; band index reported
scene_03_russia_sample-Z0002,7,132,-32768.0,,unavailable in GeoTIFF; band index reported
scene_03_russia_sample-Z0002,7,133,-32768.0,,unavailable in GeoTIFF; band index reported
scene_03_russia_sample-Z0002,7,134,-32768.0,,unavailable in GeoTIFF; band index reported
scene_03_russia_sample-Z0002,7,135,-32768.0,,unavailable in GeoTIFF; band index reported
scene_03_russia_sample-Z0002,7,136,4538.14697265625,,unavailable in GeoTIFF; band index reported
scene_03_russia_sample-Z0002,7,137,3429.529296875,2057.037273046875,unavailable in GeoTIFF; band index reported
scene_03_russia_sample-Z0002,7,138,3448.176513671875,,unavailable in GeoTIFF; band index reported
scene_03_russia_sample-Z0002,7,139,2752.088134765625,,unavailable in GeoTIFF; band index reported
scene_03_russia_sample-Z0002,7,140,2284.470703125,,unavailable in GeoTIFF; band index reported
scene_03_russia_sample-Z0002,7,141,2227.676513671875,,unavailable in GeoTIFF; band index reported
scene_03_russia_sample-Z0002,7,142,2276.970703125,,unavailable in GeoTIFF; band index reported
scene_03_russia_sample-Z0002,7,143,2338.323486328125,,unavailable in GeoTIFF; band index reported
scene_03_russia_sample-Z0002,7,144,2422.7353515625,1418.7220189453126,unavailable in GeoTIFF; band index reported
scene_03_russia_sample-Z0002,7,145,2508.441162109375,,unavailable in GeoTIFF; band index reported
scene_03_russia_sample-Z0002,7,146,2611.2646484375,,unavailable in GeoTIFF; band index reported
scene_03_russia_sample-Z0002,7,147,2783.5,,unavailable in GeoTIFF; band index reported
scene_03_russia_sample-Z0002,7,148,2829.205810546875,,unavailable in GeoTIFF; band index reported
scene_03_russia_sample-Z0002,7,149,2909.38232421875,,unavailable in GeoTIFF; band index reported
scene_03_russia_sample-Z0002,7,150,3019.823486328125,,unavailable in GeoTIFF; band index reported
scene_03_russia_sample-Z0002,7,151,3020.794189453125,,unavailable in GeoTIFF; band index reported
scene_03_russia_sample-Z0002,7,152,3031.11767578125,1889.9061537109374,unavailable in GeoTIFF; band index reported
scene_03_russia_sample-Z0002,7,153,3078.029296875,,unavailable in GeoTIFF; band index reported
scene_03_russia_sample-Z0002,7,154,3128.470703125,,unavailable in GeoTIFF; band index reported
scene_03_russia_sample-Z0002,7,155,3156.823486328125,,unavailable in GeoTIFF; band index reported
scene_03_russia_sample-Z0002,7,156,3186.11767578125,,unavailable in GeoTIFF; band index reported
scene_03_russia_sample-Z0002,7,157,3214.676513671875,,unavailable in GeoTIFF; band index reported
scene_03_russia_sample-Z0002,7,158,3234.85302734375,,unavailable in GeoTIFF; band index reported
scene_03_russia_sample-Z0002,7,159,3246.294189453125,2075.4127738281254,unavailable in GeoTIFF; band index reported
scene_03_russia_sample-Z0002,7,160,3259.029296875,,unavailable in GeoTIFF; band index reported
scene_03_russia_sample-Z0002,7,161,3257.088134765625,,unavailable in GeoTIFF; band index reported
scene_03_russia_sample-Z0002,7,162,3241.941162109375,,unavailable in GeoTIFF; band index reported
scene_03_russia_sample-Z0002,7,163,3268.35302734375,,unavailable in GeoTIFF; band index reported
scene_03_russia_sample-Z0002,7,164,3249.85302734375,,unavailable in GeoTIFF; band index reported
scene_03_russia_sample-Z0002,7,165,3316.35302734375,,unavailable in GeoTIFF; band index reported
scene_03_russia_sample-Z0002,7,166,3548.205810546875,2237.456512109375,unavailable in GeoTIFF; band index reported
scene_03_russia_sample-Z0002,7,167,1706.441162109375,,unavailable in GeoTIFF; band index reported
scene_03_russia_sample-Z0002,7,168,1338.4117431640625,,unavailable in GeoTIFF; band index reported
scene_03_russia_sample-Z0002,7,169,1258.4117431640625,,unavailable in GeoTIFF; band index reported
scene_03_russia_sample-Z0002,7,170,1333.823486328125,,unavailable in GeoTIFF; band index reported
scene_03_russia_sample-Z0002,7,171,2534.7646484375,,unavailable in GeoTIFF; band index reported
scene_03_russia_sample-Z0002,7,172,2563.911865234375,,unavailable in GeoTIFF; band index reported
scene_03_russia_sample-Z0002,7,173,1823.441162109375,981.4859603515624,unavailable in GeoTIFF; band index reported
scene_03_russia_sample-Z0002,7,174,1520.2059326171875,,unavailable in GeoTIFF; band index reported
scene_03_russia_sample-Z0002,7,175,1547.058837890625,,unavailable in GeoTIFF; band index reported
scene_03_russia_sample-Z0002,7,176,1758.441162109375,,unavailable in GeoTIFF; band index reported
scene_03_russia_sample-Z0002,7,177,1856.38232421875,,unavailable in GeoTIFF; band index reported
scene_03_russia_sample-Z0002,7,178,1988.5882568359375,,unavailable in GeoTIFF; band index reported
scene_03_russia_sample-Z0002,7,179,1918.0882568359375,,unavailable in GeoTIFF; band index reported
scene_03_russia_sample-Z0002,7,180,1916.7353515625,1089.6753043945314,unavailable in GeoTIFF; band index reported
scene_03_russia_sample-Z0002,7,181,1942.4705810546875,,unavailable in GeoTIFF; band index reported
scene_03_russia_sample-Z0002,7,182,2030.823486328125,,unavailable in GeoTIFF; band index reported
scene_03_russia_sample-Z0002,7,183,2117.88232421875,,unavailable in GeoTIFF; band index reported
scene_03_russia_sample-Z0002,7,184,2231.2646484375,,unavailable in GeoTIFF; band index reported
scene_03_russia_sample-Z0002,7,185,2321.676513671875,,unavailable in GeoTIFF; band index reported
scene_03_russia_sample-Z0002,7,186,2396.2646484375,,unavailable in GeoTIFF; band index reported
scene_03_russia_sample-Z0002,7,187,2462.588134765625,,unavailable in GeoTIFF; band index reported
scene_03_russia_sample-Z0002,7,188,2545.941162109375,1587.849948828125,unavailable in GeoTIFF; band index reported
scene_03_russia_sample-Z0002,7,189,2614.411865234375,,unavailable in GeoTIFF; band index reported
scene_03_russia_sample-Z0002,7,190,2658.5,,unavailable in GeoTIFF; band index reported
scene_03_russia_sample-Z0002,7,191,2705.0,,unavailable in GeoTIFF; band index reported
scene_03_russia_sample-Z0002,7,192,2746.441162109375,,unavailable in GeoTIFF; band index reported
scene_03_russia_sample-Z0002,7,193,2817.38232421875,,unavailable in GeoTIFF; band index reported
scene_03_russia_sample-Z0002,7,194,2840.029296875,,unavailable in GeoTIFF; band index reported
scene_03_russia_sample-Z0002,7,195,2825.2353515625,1814.4942310546876,unavailable in GeoTIFF; band index reported
scene_03_russia_sample-Z0002,7,196,2847.588134765625,,unavailable in GeoTIFF; band index reported
scene_03_russia_sample-Z0002,7,197,2858.85302734375,,unavailable in GeoTIFF; band index reported
scene_03_russia_sample-Z0002,7,198,2859.470703125,,unavailable in GeoTIFF; band index reported
scene_03_russia_sample-Z0002,7,199,2863.2353515625,,unavailable in GeoTIFF; band index reported
scene_03_russia_sample-Z0002,7,200,2852.11767578125,,unavailable in GeoTIFF; band index reported
scene_03_russia_sample-Z0002,7,201,2829.2646484375,,unavailable in GeoTIFF; band index reported
scene_03_russia_sample-Z0002,7,202,2791.088134765625,1779.273505859375,unavailable in GeoTIFF; band index reported
scene_03_russia_sample-Z0002,7,203,2747.029296875,,unavailable in GeoTIFF; band index reported
scene_03_russia_sample-Z0002,7,204,2704.176513671875,,unavailable in GeoTIFF; band index reported
scene_03_russia_sample-Z0002,7,205,2689.7353515625,,unavailable in GeoTIFF; band index reported
scene_03_russia_sample-Z0002,7,206,2604.294189453125,,unavailable in GeoTIFF; band index reported
scene_03_russia_sample-Z0002,7,207,2493.088134765625,,unavailable in GeoTIFF; band index reported
scene_03_russia_sample-Z0002,7,208,2605.85302734375,,unavailable in GeoTIFF; band index reported
scene_03_russia_sample-Z0002,7,209,2436.7353515625,1477.9903691406248,unavailable in GeoTIFF; band index reported
scene_03_russia_sample-Z0002,7,210,2434.5,,unavailable in GeoTIFF; band index reported
scene_03_russia_sample-Z0002,7,211,2465.588134765625,,unavailable in GeoTIFF; band index reported
scene_03_russia_sample-Z0002,7,212,2507.5,,unavailable in GeoTIFF; band index reported
scene_03_russia_sample-Z0002,7,213,2307.941162109375,,unavailable in GeoTIFF; band index reported
scene_03_russia_sample-Z0002,7,214,2430.205810546875,,unavailable in GeoTIFF; band index reported
scene_03_russia_sample-Z0002,7,215,2419.529296875,,unavailable in GeoTIFF; band index reported
scene_03_russia_sample-Z0002,7,216,2446.911865234375,1378.3794326171876,unavailable in GeoTIFF; band index reported
scene_03_russia_sample-Z0002,7,217,2296.205810546875,,unavailable in GeoTIFF; band index reported
scene_03_russia_sample-Z0002,7,218,2183.058837890625,,unavailable in GeoTIFF; band index reported
scene_03_russia_sample-Z0002,7,219,2337.794189453125,,unavailable in GeoTIFF; band index reported
scene_03_russia_sample-Z0002,7,220,2467.029296875,,unavailable in GeoTIFF; band index reported
scene_03_russia_sample-Z0002,7,221,2263.558837890625,,unavailable in GeoTIFF; band index reported
scene_03_russia_sample-Z0002,7,222,2035.0882568359375,,unavailable in GeoTIFF; band index reported
scene_03_russia_sample-Z0002,7,223,2239.61767578125,,unavailable in GeoTIFF; band index reported
scene_03_russia_sample-Z0002,7,224,2319.529296875,1266.0004109375,unavailable in GeoTIFF; band index reported
scene_03_russia_sample-Z0015,8,1,3948.199951171875,2547.989065234375,unavailable in GeoTIFF; band index reported
scene_03_russia_sample-Z0015,8,2,3817.466552734375,,unavailable in GeoTIFF; band index reported
scene_03_russia_sample-Z0015,8,3,3777.933349609375,,unavailable in GeoTIFF; band index reported
scene_03_russia_sample-Z0015,8,4,3782.933349609375,,unavailable in GeoTIFF; band index reported
scene_03_russia_sample-Z0015,8,5,3766.933349609375,,unavailable in GeoTIFF; band index reported
scene_03_russia_sample-Z0015,8,6,3688.39990234375,,unavailable in GeoTIFF; band index reported
scene_03_russia_sample-Z0015,8,7,3730.7333984375,,unavailable in GeoTIFF; band index reported
scene_03_russia_sample-Z0015,8,8,3674.39990234375,2390.9014695312503,unavailable in GeoTIFF; band index reported
scene_03_russia_sample-Z0015,8,9,3638.0,,unavailable in GeoTIFF; band index reported
scene_03_russia_sample-Z0015,8,10,3634.066650390625,,unavailable in GeoTIFF; band index reported
scene_03_russia_sample-Z0015,8,11,3619.7333984375,,unavailable in GeoTIFF; band index reported
scene_03_russia_sample-Z0015,8,12,3592.800048828125,,unavailable in GeoTIFF; band index reported
scene_03_russia_sample-Z0015,8,13,3602.39990234375,,unavailable in GeoTIFF; band index reported
scene_03_russia_sample-Z0015,8,14,3600.800048828125,,unavailable in GeoTIFF; band index reported
scene_03_russia_sample-Z0015,8,15,3551.199951171875,2350.3786316406254,unavailable in GeoTIFF; band index reported
scene_03_russia_sample-Z0015,8,16,3562.60009765625,,unavailable in GeoTIFF; band index reported
scene_03_russia_sample-Z0015,8,17,3539.2666015625,,unavailable in GeoTIFF; band index reported
scene_03_russia_sample-Z0015,8,18,3528.466552734375,,unavailable in GeoTIFF; band index reported
scene_03_russia_sample-Z0015,8,19,3489.0,,unavailable in GeoTIFF; band index reported
scene_03_russia_sample-Z0015,8,20,3512.2666015625,,unavailable in GeoTIFF; band index reported
scene_03_russia_sample-Z0015,8,21,3542.800048828125,,unavailable in GeoTIFF; band index reported
scene_03_russia_sample-Z0015,8,22,3521.60009765625,2358.461596484375,unavailable in GeoTIFF; band index reported
scene_03_russia_sample-Z0015,8,23,3536.666748046875,,unavailable in GeoTIFF; band index reported
scene_03_russia_sample-Z0015,8,24,3539.800048828125,,unavailable in GeoTIFF; band index reported
scene_03_russia_sample-Z0015,8,25,3554.39990234375,,unavailable in GeoTIFF; band index reported
scene_03_russia_sample-Z0015,8,26,3567.333251953125,,unavailable in GeoTIFF; band index reported
scene_03_russia_sample-Z0015,8,27,3541.533447265625,,unavailable in GeoTIFF; band index reported
scene_03_russia_sample-Z0015,8,28,3544.066650390625,,unavailable in GeoTIFF; band index reported
scene_03_russia_sample-Z0015,8,29,3549.0,2412.764583203125,unavailable in GeoTIFF; band index reported
scene_03_russia_sample-Z0015,8,30,3535.800048828125,,unavailable in GeoTIFF; band index reported
scene_03_russia_sample-Z0015,8,31,3547.39990234375,,unavailable in GeoTIFF; band index reported
scene_03_russia_sample-Z0015,8,32,3515.2666015625,,unavailable in GeoTIFF; band index reported
scene_03_russia_sample-Z0015,8,33,3497.466552734375,,unavailable in GeoTIFF; band index reported
scene_03_russia_sample-Z0015,8,34,3477.533447265625,,unavailable in GeoTIFF; band index reported
scene_03_russia_sample-Z0015,8,35,3436.800048828125,,unavailable in GeoTIFF; band index reported
scene_03_russia_sample-Z0015,8,36,3403.2666015625,2306.610636328125,unavailable in GeoTIFF; band index reported
scene_03_russia_sample-Z0015,8,37,3410.7333984375,,unavailable in GeoTIFF; band index reported
scene_03_russia_sample-Z0015,8,38,3412.2666015625,,unavailable in GeoTIFF; band index reported
scene_03_russia_sample-Z0015,8,39,3414.60009765625,,unavailable in GeoTIFF; band index reported
scene_03_russia_sample-Z0015,8,40,3385.0,,unavailable in GeoTIFF; band index reported
scene_03_russia_sample-Z0015,8,41,3415.466552734375,,unavailable in GeoTIFF; band index reported
scene_03_russia_sample-Z0015,8,42,3407.933349609375,,unavailable in GeoTIFF; band index reported
scene_03_russia_sample-Z0015,8,43,3371.533447265625,,unavailable in GeoTIFF; band index reported
scene_03_russia_sample-Z0015,8,44,3368.466552734375,2305.366001171875,unavailable in GeoTIFF; band index reported
scene_03_russia_sample-Z0015,8,45,3345.60009765625,,unavailable in GeoTIFF; band index reported
scene_03_russia_sample-Z0015,8,46,3304.60009765625,,unavailable in GeoTIFF; band index reported
scene_03_russia_sample-Z0015,8,47,3294.066650390625,,unavailable in GeoTIFF; band index reported
scene_03_russia_sample-Z0015,8,48,3284.0,,unavailable in GeoTIFF; band index reported
scene_03_russia_sample-Z0015,8,49,3269.0,,unavailable in GeoTIFF; band index reported
scene_03_russia_sample-Z0015,8,50,3268.533447265625,,unavailable in GeoTIFF; band index reported
scene_03_russia_sample-Z0015,8,51,3398.666748046875,2320.3036429687504,unavailable in GeoTIFF; band index reported
scene_03_russia_sample-Z0015,8,52,3406.333251953125,,unavailable in GeoTIFF; band index reported
scene_03_russia_sample-Z0015,8,53,3435.0,,unavailable in GeoTIFF; band index reported
scene_03_russia_sample-Z0015,8,54,3540.933349609375,,unavailable in GeoTIFF; band index reported
scene_03_russia_sample-Z0015,8,55,3673.533447265625,,unavailable in GeoTIFF; band index reported
scene_03_russia_sample-Z0015,8,56,3772.2666015625,,unavailable in GeoTIFF; band index reported
scene_03_russia_sample-Z0015,8,57,3896.60009765625,,unavailable in GeoTIFF; band index reported
scene_03_russia_sample-Z0015,8,58,3996.199951171875,2535.3962285156254,unavailable in GeoTIFF; band index reported
scene_03_russia_sample-Z0015,8,59,4111.2666015625,,unavailable in GeoTIFF; band index reported
scene_03_russia_sample-Z0015,8,60,4144.93310546875,,unavailable in GeoTIFF; band index reported
scene_03_russia_sample-Z0015,8,61,4352.13330078125,,unavailable in GeoTIFF; band index reported
scene_03_russia_sample-Z0015,8,62,4461.93310546875,,unavailable in GeoTIFF; band index reported
scene_03_russia_sample-Z0015,8,63,4305.93310546875,,unavailable in GeoTIFF; band index reported
scene_03_russia_sample-Z0015,8,64,4290.33349609375,,unavailable in GeoTIFF; band index reported
scene_03_russia_sample-Z0015,8,65,4264.33349609375,2735.793632421875,unavailable in GeoTIFF; band index reported
scene_03_russia_sample-Z0015,8,66,4233.93310546875,,unavailable in GeoTIFF; band index reported
scene_03_russia_sample-Z0015,8,67,4206.466796875,,unavailable in GeoTIFF; band index reported
scene_03_russia_sample-Z0015,8,68,4224.33349609375,,unavailable in GeoTIFF; band index reported
scene_03_russia_sample-Z0015,8,69,4172.7998046875,,unavailable in GeoTIFF; band index reported
scene_03_russia_sample-Z0015,8,70,4185.60009765625,,unavailable in GeoTIFF; band index reported
scene_03_russia_sample-Z0015,8,71,4230.93310546875,,unavailable in GeoTIFF; band index reported
scene_03_russia_sample-Z0015,8,72,4294.33349609375,2699.778001171875,unavailable in GeoTIFF; band index reported
scene_03_russia_sample-Z0015,8,73,4338.66650390625,,unavailable in GeoTIFF; band index reported
scene_03_russia_sample-Z0015,8,74,4402.533203125,,unavailable in GeoTIFF; band index reported
scene_03_russia_sample-Z0015,8,75,4344.39990234375,,unavailable in GeoTIFF; band index reported
scene_03_russia_sample-Z0015,8,76,4426.13330078125,,unavailable in GeoTIFF; band index reported
scene_03_russia_sample-Z0015,8,77,4371.533203125,,unavailable in GeoTIFF; band index reported
scene_03_russia_sample-Z0015,8,78,4351.39990234375,,unavailable in GeoTIFF; band index reported
scene_03_russia_sample-Z0015,8,79,4338.7333984375,,unavailable in GeoTIFF; band index reported
scene_03_russia_sample-Z0015,8,80,4203.466796875,2684.03088671875,unavailable in GeoTIFF; band index reported
scene_03_russia_sample-Z0015,8,81,4071.933349609375,,unavailable in GeoTIFF; band index reported
scene_03_russia_sample-Z0015,8,82,4118.2001953125,,unavailable in GeoTIFF; band index reported
scene_03_russia_sample-Z0015,8,83,3973.333251953125,,unavailable in GeoTIFF; band index reported
scene_03_russia_sample-Z0015,8,84,3806.2666015625,,unavailable in GeoTIFF; band index reported
scene_03_russia_sample-Z0015,8,85,4202.66650390625,,unavailable in GeoTIFF; band index reported
scene_03_russia_sample-Z0015,8,86,4114.7998046875,,unavailable in GeoTIFF; band index reported
scene_03_russia_sample-Z0015,8,87,4280.466796875,2731.4688449218747,unavailable in GeoTIFF; band index reported
scene_03_russia_sample-Z0015,8,88,4626.0,,unavailable in GeoTIFF; band index reported
scene_03_russia_sample-Z0015,8,89,4615.60009765625,,unavailable in GeoTIFF; band index reported
scene_03_russia_sample-Z0015,8,90,4487.0,,unavailable in GeoTIFF; band index reported
scene_03_russia_sample-Z0015,8,91,4506.86669921875,,unavailable in GeoTIFF; band index reported
scene_03_russia_sample-Z0015,8,92,4247.33349609375,,unavailable in GeoTIFF; band index reported
scene_03_russia_sample-Z0015,8,93,3974.533447265625,,unavailable in GeoTIFF; band index reported
scene_03_russia_sample-Z0015,8,94,4297.2001953125,2717.04442578125,unavailable in GeoTIFF; band index reported
scene_03_russia_sample-Z0015,8,95,3936.666748046875,,unavailable in GeoTIFF; band index reported
scene_03_russia_sample-Z0015,8,96,4185.2666015625,,unavailable in GeoTIFF; band index reported
scene_03_russia_sample-Z0015,8,97,3970.199951171875,,unavailable in GeoTIFF; band index reported
scene_03_russia_sample-Z0015,8,98,4292.7333984375,,unavailable in GeoTIFF; band index reported
scene_03_russia_sample-Z0015,8,99,4061.2666015625,,unavailable in GeoTIFF; band index reported
scene_03_russia_sample-Z0015,8,100,4404.33349609375,,unavailable in GeoTIFF; band index reported
scene_03_russia_sample-Z0015,8,101,4091.333251953125,2624.6267761718755,unavailable in GeoTIFF; band index reported
scene_03_russia_sample-Z0015,8,102,4425.06689453125,,unavailable in GeoTIFF; band index reported
scene_03_russia_sample-Z0015,8,103,4464.2001953125,,unavailable in GeoTIFF; band index reported
scene_03_russia_sample-Z0015,8,104,4493.2666015625,,unavailable in GeoTIFF; band index reported
scene_03_russia_sample-Z0015,8,105,4531.93310546875,,unavailable in GeoTIFF; band index reported
scene_03_russia_sample-Z0015,8,106,4543.533203125,,unavailable in GeoTIFF; band index reported
scene_03_russia_sample-Z0015,8,107,4563.86669921875,,unavailable in GeoTIFF; band index reported
scene_03_russia_sample-Z0015,8,108,4565.93310546875,2955.660197265625,unavailable in GeoTIFF; band index reported
scene_03_russia_sample-Z0015,8,109,4501.13330078125,,unavailable in GeoTIFF; band index reported
scene_03_russia_sample-Z0015,8,110,4398.2666015625,,unavailable in GeoTIFF; band index reported
scene_03_russia_sample-Z0015,8,111,4268.66650390625,,unavailable in GeoTIFF; band index reported
scene_03_russia_sample-Z0015,8,112,4623.13330078125,,unavailable in GeoTIFF; band index reported
scene_03_russia_sample-Z0015,8,113,5639.13330078125,,unavailable in GeoTIFF; band index reported
scene_03_russia_sample-Z0015,8,114,4744.7998046875,,unavailable in GeoTIFF; band index reported
scene_03_russia_sample-Z0015,8,115,4644.2666015625,,unavailable in GeoTIFF; band index reported
scene_03_russia_sample-Z0015,8,116,4213.33349609375,2699.307933984375,unavailable in GeoTIFF; band index reported
scene_03_russia_sample-Z0015,8,117,4106.93310546875,,unavailable in GeoTIFF; band index reported
scene_03_russia_sample-Z0015,8,118,4063.666748046875,,unavailable in GeoTIFF; band index reported
scene_03_russia_sample-Z0015,8,119,4070.933349609375,,unavailable in GeoTIFF; band index reported
scene_03_russia_sample-Z0015,8,120,4119.86669921875,,unavailable in GeoTIFF; band index reported
scene_03_russia_sample-Z0015,8,121,4204.0,,unavailable in GeoTIFF; band index reported
scene_03_russia_sample-Z0015,8,122,4310.86669921875,,unavailable in GeoTIFF; band index reported
scene_03_russia_sample-Z0015,8,123,4363.33349609375,2845.28236875,unavailable in GeoTIFF; band index reported
scene_03_russia_sample-Z0015,8,124,4420.60009765625,,unavailable in GeoTIFF; band index reported
scene_03_russia_sample-Z0015,8,125,4552.13330078125,,unavailable in GeoTIFF; band index reported
scene_03_russia_sample-Z0015,8,126,4395.93310546875,,unavailable in GeoTIFF; band index reported
scene_03_russia_sample-Z0015,8,127,4280.2666015625,,unavailable in GeoTIFF; band index reported
scene_03_russia_sample-Z0015,8,128,4164.66650390625,,unavailable in GeoTIFF; band index reported
scene_03_russia_sample-Z0015,8,129,4099.533203125,,unavailable in GeoTIFF; band index reported
scene_03_russia_sample-Z0015,8,130,4197.93310546875,2696.022912109375,unavailable in GeoTIFF; band index reported
scene_03_russia_sample-Z0015,8,131,-32768.0,,unavailable in GeoTIFF; band index reported
scene_03_russia_sample-Z0015,8,132,-32768.0,,unavailable in GeoTIFF; band index reported
scene_03_russia_sample-Z0015,8,133,-32768.0,,unavailable in GeoTIFF; band index reported
scene_03_russia_sample-Z0015,8,134,-32768.0,,unavailable in GeoTIFF; band index reported
scene_03_russia_sample-Z0015,8,135,-32768.0,,unavailable in GeoTIFF; band index reported
scene_03_russia_sample-Z0015,8,136,4657.7998046875,,unavailable in GeoTIFF; band index reported
scene_03_russia_sample-Z0015,8,137,3449.466552734375,2057.037273046875,unavailable in GeoTIFF; band index reported
scene_03_russia_sample-Z0015,8,138,3459.2666015625,,unavailable in GeoTIFF; band index reported
scene_03_russia_sample-Z0015,8,139,2720.533447265625,,unavailable in GeoTIFF; band index reported
scene_03_russia_sample-Z0015,8,140,2236.39990234375,,unavailable in GeoTIFF; band index reported
scene_03_russia_sample-Z0015,8,141,2180.066650390625,,unavailable in GeoTIFF; band index reported
scene_03_russia_sample-Z0015,8,142,2217.533447265625,,unavailable in GeoTIFF; band index reported
scene_03_russia_sample-Z0015,8,143,2276.666748046875,,unavailable in GeoTIFF; band index reported
scene_03_russia_sample-Z0015,8,144,2348.60009765625,1418.7220189453126,unavailable in GeoTIFF; band index reported
scene_03_russia_sample-Z0015,8,145,2442.0,,unavailable in GeoTIFF; band index reported
scene_03_russia_sample-Z0015,8,146,2539.333251953125,,unavailable in GeoTIFF; band index reported
scene_03_russia_sample-Z0015,8,147,2710.60009765625,,unavailable in GeoTIFF; band index reported
scene_03_russia_sample-Z0015,8,148,2754.800048828125,,unavailable in GeoTIFF; band index reported
scene_03_russia_sample-Z0015,8,149,2839.86669921875,,unavailable in GeoTIFF; band index reported
scene_03_russia_sample-Z0015,8,150,2956.60009765625,,unavailable in GeoTIFF; band index reported
scene_03_russia_sample-Z0015,8,151,2950.86669921875,,unavailable in GeoTIFF; band index reported
scene_03_russia_sample-Z0015,8,152,2970.0,1889.9061537109374,unavailable in GeoTIFF; band index reported
scene_03_russia_sample-Z0015,8,153,3010.7333984375,,unavailable in GeoTIFF; band index reported
scene_03_russia_sample-Z0015,8,154,3058.333251953125,,unavailable in GeoTIFF; band index reported
scene_03_russia_sample-Z0015,8,155,3097.533447265625,,unavailable in GeoTIFF; band index reported
scene_03_russia_sample-Z0015,8,156,3139.466552734375,,unavailable in GeoTIFF; band index reported
scene_03_russia_sample-Z0015,8,157,3166.7333984375,,unavailable in GeoTIFF; band index reported
scene_03_russia_sample-Z0015,8,158,3166.533447265625,,unavailable in GeoTIFF; band index reported
scene_03_russia_sample-Z0015,8,159,3188.7333984375,2075.4127738281254,unavailable in GeoTIFF; band index reported
scene_03_russia_sample-Z0015,8,160,3185.2666015625,,unavailable in GeoTIFF; band index reported
scene_03_russia_sample-Z0015,8,161,3191.933349609375,,unavailable in GeoTIFF; band index reported
scene_03_russia_sample-Z0015,8,162,3188.199951171875,,unavailable in GeoTIFF; band index reported
scene_03_russia_sample-Z0015,8,163,3209.066650390625,,unavailable in GeoTIFF; band index reported
scene_03_russia_sample-Z0015,8,164,3192.0,,unavailable in GeoTIFF; band index reported
scene_03_russia_sample-Z0015,8,165,3268.800048828125,,unavailable in GeoTIFF; band index reported
scene_03_russia_sample-Z0015,8,166,3469.13330078125,2237.456512109375,unavailable in GeoTIFF; band index reported
scene_03_russia_sample-Z0015,8,167,1682.5999755859375,,unavailable in GeoTIFF; band index reported
scene_03_russia_sample-Z0015,8,168,1306.066650390625,,unavailable in GeoTIFF; band index reported
scene_03_russia_sample-Z0015,8,169,1233.0,,unavailable in GeoTIFF; band index reported
scene_03_russia_sample-Z0015,8,170,1299.5999755859375,,unavailable in GeoTIFF; band index reported
scene_03_russia_sample-Z0015,8,171,2424.333251953125,,unavailable in GeoTIFF; band index reported
scene_03_russia_sample-Z0015,8,172,2455.7333984375,,unavailable in GeoTIFF; band index reported
scene_03_russia_sample-Z0015,8,173,1769.13330078125,981.4859603515624,unavailable in GeoTIFF; band index reported
scene_03_russia_sample-Z0015,8,174,1474.5333251953125,,unavailable in GeoTIFF; band index reported
scene_03_russia_sample-Z0015,8,175,1495.13330078125,,unavailable in GeoTIFF; band index reported
scene_03_russia_sample-Z0015,8,176,1676.3333740234375,,unavailable in GeoTIFF; band index reported
scene_03_russia_sample-Z0015,8,177,1778.800048828125,,unavailable in GeoTIFF; band index reported
scene_03_russia_sample-Z0015,8,178,1917.0,,unavailable in GeoTIFF; band index reported
scene_03_russia_sample-Z0015,8,179,1847.933349609375,,unavailable in GeoTIFF; band index reported
scene_03_russia_sample-Z0015,8,180,1848.800048828125,1089.6753043945314,unavailable in GeoTIFF; band index reported
scene_03_russia_sample-Z0015,8,181,1872.4666748046875,,unavailable in GeoTIFF; band index reported
scene_03_russia_sample-Z0015,8,182,1961.7332763671875,,unavailable in GeoTIFF; band index reported
scene_03_russia_sample-Z0015,8,183,2047.199951171875,,unavailable in GeoTIFF; band index reported
scene_03_russia_sample-Z0015,8,184,2156.066650390625,,unavailable in GeoTIFF; band index reported
scene_03_russia_sample-Z0015,8,185,2251.60009765625,,unavailable in GeoTIFF; band index reported
scene_03_russia_sample-Z0015,8,186,2327.60009765625,,unavailable in GeoTIFF; band index reported
scene_03_russia_sample-Z0015,8,187,2391.7333984375,,unavailable in GeoTIFF; band index reported
scene_03_russia_sample-Z0015,8,188,2472.13330078125,1587.849948828125,unavailable in GeoTIFF; band index reported
scene_03_russia_sample-Z0015,8,189,2544.2666015625,,unavailable in GeoTIFF; band index reported
scene_03_russia_sample-Z0015,8,190,2590.39990234375,,unavailable in GeoTIFF; band index reported
scene_03_russia_sample-Z0015,8,191,2641.933349609375,,unavailable in GeoTIFF; band index reported
scene_03_russia_sample-Z0015,8,192,2671.466552734375,,unavailable in GeoTIFF; band index reported
scene_03_russia_sample-Z0015,8,193,2744.466552734375,,unavailable in GeoTIFF; band index reported
scene_03_russia_sample-Z0015,8,194,2774.466552734375,,unavailable in GeoTIFF; band index reported
scene_03_russia_sample-Z0015,8,195,2761.13330078125,1814.4942310546876,unavailable in GeoTIFF; band index reported
scene_03_russia_sample-Z0015,8,196,2779.466552734375,,unavailable in GeoTIFF; band index reported
scene_03_russia_sample-Z0015,8,197,2798.13330078125,,unavailable in GeoTIFF; band index reported
scene_03_russia_sample-Z0015,8,198,2792.60009765625,,unavailable in GeoTIFF; band index reported
scene_03_russia_sample-Z0015,8,199,2785.333251953125,,unavailable in GeoTIFF; band index reported
scene_03_russia_sample-Z0015,8,200,2790.666748046875,,unavailable in GeoTIFF; band index reported
scene_03_russia_sample-Z0015,8,201,2759.2666015625,,unavailable in GeoTIFF; band index reported
scene_03_russia_sample-Z0015,8,202,2728.39990234375,1779.273505859375,unavailable in GeoTIFF; band index reported
scene_03_russia_sample-Z0015,8,203,2679.333251953125,,unavailable in GeoTIFF; band index reported
scene_03_russia_sample-Z0015,8,204,2632.0,,unavailable in GeoTIFF; band index reported
scene_03_russia_sample-Z0015,8,205,2604.60009765625,,unavailable in GeoTIFF; band index reported
scene_03_russia_sample-Z0015,8,206,2536.2666015625,,unavailable in GeoTIFF; band index reported
scene_03_russia_sample-Z0015,8,207,2432.066650390625,,unavailable in GeoTIFF; band index reported
scene_03_russia_sample-Z0015,8,208,2535.333251953125,,unavailable in GeoTIFF; band index reported
scene_03_russia_sample-Z0015,8,209,2372.60009765625,1477.9903691406248,unavailable in GeoTIFF; band index reported
scene_03_russia_sample-Z0015,8,210,2354.333251953125,,unavailable in GeoTIFF; band index reported
scene_03_russia_sample-Z0015,8,211,2394.533447265625,,unavailable in GeoTIFF; band index reported
scene_03_russia_sample-Z0015,8,212,2436.7333984375,,unavailable in GeoTIFF; band index reported
scene_03_russia_sample-Z0015,8,213,2245.2666015625,,unavailable in GeoTIFF; band index reported
scene_03_russia_sample-Z0015,8,214,2364.13330078125,,unavailable in GeoTIFF; band index reported
scene_03_russia_sample-Z0015,8,215,2353.60009765625,,unavailable in GeoTIFF; band index reported
scene_03_russia_sample-Z0015,8,216,2395.2666015625,1378.3794326171876,unavailable in GeoTIFF; band index reported
scene_03_russia_sample-Z0015,8,217,2248.800048828125,,unavailable in GeoTIFF; band index reported
scene_03_russia_sample-Z0015,8,218,2134.0,,unavailable in GeoTIFF; band index reported
scene_03_russia_sample-Z0015,8,219,2300.933349609375,,unavailable in GeoTIFF; band index reported
scene_03_russia_sample-Z0015,8,220,2426.2666015625,,unavailable in GeoTIFF; band index reported
scene_03_russia_sample-Z0015,8,221,2242.466552734375,,unavailable in GeoTIFF; band index reported
scene_03_russia_sample-Z0015,8,222,1986.13330078125,,unavailable in GeoTIFF; band index reported
scene_03_russia_sample-Z0015,8,223,2202.466552734375,,unavailable in GeoTIFF; band index reported
scene_03_russia_sample-Z0015,8,224,2288.066650390625,1266.0004109375,unavailable in GeoTIFF; band index reported
scene_03_russia_sample-Z0005,9,1,4255.9931640625,2547.989065234375,unavailable in GeoTIFF; band index reported
scene_03_russia_sample-Z0005,9,2,4116.12744140625,,unavailable in GeoTIFF; band index reported
scene_03_russia_sample-Z0005,9,3,4055.8994140625,,unavailable in GeoTIFF; band index reported
scene_03_russia_sample-Z0005,9,4,4067.953125,,unavailable in GeoTIFF; band index reported
scene_03_russia_sample-Z0005,9,5,4046.355712890625,,unavailable in GeoTIFF; band index reported
scene_03_russia_sample-Z0005,9,6,3975.18115234375,,unavailable in GeoTIFF; band index reported
scene_03_russia_sample-Z0005,9,7,3994.322265625,,unavailable in GeoTIFF; band index reported
scene_03_russia_sample-Z0005,9,8,3954.355712890625,2390.9014695312503,unavailable in GeoTIFF; band index reported
scene_03_russia_sample-Z0005,9,9,3897.322265625,,unavailable in GeoTIFF; band index reported
scene_03_russia_sample-Z0005,9,10,3916.23486328125,,unavailable in GeoTIFF; band index reported
scene_03_russia_sample-Z0005,9,11,3873.18798828125,,unavailable in GeoTIFF; band index reported
scene_03_russia_sample-Z0005,9,12,3863.39599609375,,unavailable in GeoTIFF; band index reported
scene_03_russia_sample-Z0005,9,13,3852.4228515625,,unavailable in GeoTIFF; band index reported
scene_03_russia_sample-Z0005,9,14,3851.778564453125,,unavailable in GeoTIFF; band index reported
scene_03_russia_sample-Z0005,9,15,3802.0,2350.3786316406254,unavailable in GeoTIFF; band index reported
scene_03_russia_sample-Z0005,9,16,3801.91943359375,,unavailable in GeoTIFF; band index reported
scene_03_russia_sample-Z0005,9,17,3789.18115234375,,unavailable in GeoTIFF; band index reported
scene_03_russia_sample-Z0005,9,18,3764.107421875,,unavailable in GeoTIFF; band index reported
scene_03_russia_sample-Z0005,9,19,3731.66455078125,,unavailable in GeoTIFF; band index reported
scene_03_russia_sample-Z0005,9,20,3765.013427734375,,unavailable in GeoTIFF; band index reported
scene_03_russia_sample-Z0005,9,21,3782.194580078125,,unavailable in GeoTIFF; band index reported
scene_03_russia_sample-Z0005,9,22,3760.463134765625,2358.461596484375,unavailable in GeoTIFF; band index reported
scene_03_russia_sample-Z0005,9,23,3759.859130859375,,unavailable in GeoTIFF; band index reported
scene_03_russia_sample-Z0005,9,24,3762.651123046875,,unavailable in GeoTIFF; band index reported
scene_03_russia_sample-Z0005,9,25,3773.536865234375,,unavailable in GeoTIFF; band index reported
scene_03_russia_sample-Z0005,9,26,3784.4765625,,unavailable in GeoTIFF; band index reported
scene_03_russia_sample-Z0005,9,27,3771.78515625,,unavailable in GeoTIFF; band index reported
scene_03_russia_sample-Z0005,9,28,3763.993408203125,,unavailable in GeoTIFF; band index reported
scene_03_russia_sample-Z0005,9,29,3769.120849609375,2412.764583203125,unavailable in GeoTIFF; band index reported
scene_03_russia_sample-Z0005,9,30,3755.114013671875,,unavailable in GeoTIFF; band index reported
scene_03_russia_sample-Z0005,9,31,3754.583984375,,unavailable in GeoTIFF; band index reported
scene_03_russia_sample-Z0005,9,32,3733.583984375,,unavailable in GeoTIFF; band index reported
scene_03_russia_sample-Z0005,9,33,3704.489990234375,,unavailable in GeoTIFF; band index reported
scene_03_russia_sample-Z0005,9,34,3691.34228515625,,unavailable in GeoTIFF; band index reported
scene_03_russia_sample-Z0005,9,35,3644.953125,,unavailable in GeoTIFF; band index reported
scene_03_russia_sample-Z0005,9,36,3597.201416015625,2306.610636328125,unavailable in GeoTIFF; band index reported
scene_03_russia_sample-Z0005,9,37,3614.939697265625,,unavailable in GeoTIFF; band index reported
scene_03_russia_sample-Z0005,9,38,3623.436279296875,,unavailable in GeoTIFF; band index reported
scene_03_russia_sample-Z0005,9,39,3620.114013671875,,unavailable in GeoTIFF; band index reported
scene_03_russia_sample-Z0005,9,40,3596.348876953125,,unavailable in GeoTIFF; band index reported
scene_03_russia_sample-Z0005,9,41,3615.140869140625,,unavailable in GeoTIFF; band index reported
scene_03_russia_sample-Z0005,9,42,3616.78515625,,unavailable in GeoTIFF; band index reported
scene_03_russia_sample-Z0005,9,43,3569.12744140625,,unavailable in GeoTIFF; band index reported
scene_03_russia_sample-Z0005,9,44,3560.7919921875,2305.366001171875,unavailable in GeoTIFF; band index reported
scene_03_russia_sample-Z0005,9,45,3538.033447265625,,unavailable in GeoTIFF; band index reported
scene_03_russia_sample-Z0005,9,46,3505.107421875,,unavailable in GeoTIFF; band index reported
scene_03_russia_sample-Z0005,9,47,3492.55029296875,,unavailable in GeoTIFF; band index reported
scene_03_russia_sample-Z0005,9,48,3485.409423828125,,unavailable in GeoTIFF; band index reported
scene_03_russia_sample-Z0005,9,49,3470.61083984375,,unavailable in GeoTIFF; band index reported
scene_03_russia_sample-Z0005,9,50,3453.61083984375,,unavailable in GeoTIFF; band index reported
scene_03_russia_sample-Z0005,9,51,3609.885986328125,2320.3036429687504,unavailable in GeoTIFF; band index reported
scene_03_russia_sample-Z0005,9,52,3580.046875,,unavailable in GeoTIFF; band index reported
scene_03_russia_sample-Z0005,9,53,3580.4697265625,,unavailable in GeoTIFF; band index reported
scene_03_russia_sample-Z0005,9,54,3670.60400390625,,unavailable in GeoTIFF; band index reported
scene_03_russia_sample-Z0005,9,55,3766.18115234375,,unavailable in GeoTIFF; band index reported
scene_03_russia_sample-Z0005,9,56,3837.429443359375,,unavailable in GeoTIFF; band index reported
scene_03_russia_sample-Z0005,9,57,3912.067138671875,,unavailable in GeoTIFF; band index reported
scene_03_russia_sample-Z0005,9,58,4018.66455078125,2535.3962285156254,unavailable in GeoTIFF; band index reported
scene_03_russia_sample-Z0005,9,59,4132.369140625,,unavailable in GeoTIFF; band index reported
scene_03_russia_sample-Z0005,9,60,4155.677734375,,unavailable in GeoTIFF; band index reported
scene_03_russia_sample-Z0005,9,61,4371.1474609375,,unavailable in GeoTIFF; band index reported
scene_03_russia_sample-Z0005,9,62,4475.82568359375,,unavailable in GeoTIFF; band index reported
scene_03_russia_sample-Z0005,9,63,4311.0068359375,,unavailable in GeoTIFF; band index reported
scene_03_russia_sample-Z0005,9,64,4277.97998046875,,unavailable in GeoTIFF; band index reported
scene_03_russia_sample-Z0005,9,65,4266.8994140625,2735.793632421875,unavailable in GeoTIFF; band index reported
scene_03_russia_sample-Z0005,9,66,4207.23486328125,,unavailable in GeoTIFF; band index reported
scene_03_russia_sample-Z0005,9,67,4199.369140625,,unavailable in GeoTIFF; band index reported
scene_03_russia_sample-Z0005,9,68,4226.23486328125,,unavailable in GeoTIFF; band index reported
scene_03_russia_sample-Z0005,9,69,4167.78515625,,unavailable in GeoTIFF; band index reported
scene_03_russia_sample-Z0005,9,70,4161.73828125,,unavailable in GeoTIFF; band index reported
scene_03_russia_sample-Z0005,9,71,4189.3759765625,,unavailable in GeoTIFF; band index reported
scene_03_russia_sample-Z0005,9,72,4247.5234375,2699.778001171875,unavailable in GeoTIFF; band index reported
scene_03_russia_sample-Z0005,9,73,4351.01318359375,,unavailable in GeoTIFF; band index reported
scene_03_russia_sample-Z0005,9,74,4285.2216796875,,unavailable in GeoTIFF; band index reported
scene_03_russia_sample-Z0005,9,75,4413.8994140625,,unavailable in GeoTIFF; band index reported
scene_03_russia_sample-Z0005,9,76,4336.5166015625,,unavailable in GeoTIFF; band index reported
scene_03_russia_sample-Z0005,9,77,4332.48974609375,,unavailable in GeoTIFF; band index reported
scene_03_russia_sample-Z0005,9,78,4358.39599609375,,unavailable in GeoTIFF; band index reported
scene_03_russia_sample-Z0005,9,79,4189.939453125,,unavailable in GeoTIFF; band index reported
scene_03_russia_sample-Z0005,9,80,4133.845703125,2684.03088671875,unavailable in GeoTIFF; band index reported
scene_03_russia_sample-Z0005,9,81,4055.50341796875,,unavailable in GeoTIFF; band index reported
scene_03_russia_sample-Z0005,9,82,4042.543701171875,,unavailable in GeoTIFF; band index reported
scene_03_russia_sample-Z0005,9,83,3966.8388671875,,unavailable in GeoTIFF; band index reported
scene_03_russia_sample-Z0005,9,84,3802.825439453125,,unavailable in GeoTIFF; band index reported
scene_03_russia_sample-Z0005,9,85,4128.97998046875,,unavailable in GeoTIFF; band index reported
scene_03_russia_sample-Z0005,9,86,4166.69140625,,unavailable in GeoTIFF; band index reported
scene_03_russia_sample-Z0005,9,87,4178.98681640625,2731.4688449218747,unavailable in GeoTIFF; band index reported
scene_03_russia_sample-Z0005,9,88,4632.61083984375,,unavailable in GeoTIFF; band index reported
scene_03_russia_sample-Z0005,9,89,4451.107421875,,unavailable in GeoTIFF; band index reported
scene_03_russia_sample-Z0005,9,90,4353.92626953125,,unavailable in GeoTIFF; band index reported
scene_03_russia_sample-Z0005,9,91,4365.82568359375,,unavailable in GeoTIFF; band index reported
scene_03_russia_sample-Z0005,9,92,4177.08056640625,,unavailable in GeoTIFF; band index reported
scene_03_russia_sample-Z0005,9,93,3967.644287109375,,unavailable in GeoTIFF; band index reported
scene_03_russia_sample-Z0005,9,94,4194.6708984375,2717.04442578125,unavailable in GeoTIFF; band index reported
scene_03_russia_sample-Z0005,9,95,3951.932861328125,,unavailable in GeoTIFF; band index reported
scene_03_russia_sample-Z0005,9,96,4111.06689453125,,unavailable in GeoTIFF; band index reported
scene_03_russia_sample-Z0005,9,97,3952.154296875,,unavailable in GeoTIFF; band index reported
scene_03_russia_sample-Z0005,9,98,4223.6708984375,,unavailable in GeoTIFF; band index reported
scene_03_russia_sample-Z0005,9,99,4017.624267578125,,unavailable in GeoTIFF; band index reported
scene_03_russia_sample-Z0005,9,100,4338.85888671875,,unavailable in GeoTIFF; band index reported
scene_03_russia_sample-Z0005,9,101,4076.939697265625,2624.6267761718755,unavailable in GeoTIFF; band index reported
scene_03_russia_sample-Z0005,9,102,4356.24169921875,,unavailable in GeoTIFF; band index reported
scene_03_russia_sample-Z0005,9,103,4397.3623046875,,unavailable in GeoTIFF; band index reported
scene_03_russia_sample-Z0005,9,104,4422.798828125,,unavailable in GeoTIFF; band index reported
scene_03_russia_sample-Z0005,9,105,4452.416015625,,unavailable in GeoTIFF; band index reported
scene_03_russia_sample-Z0005,9,106,4460.13427734375,,unavailable in GeoTIFF; band index reported
scene_03_russia_sample-Z0005,9,107,4483.7919921875,,unavailable in GeoTIFF; band index reported
scene_03_russia_sample-Z0005,9,108,4479.54345703125,2955.660197265625,unavailable in GeoTIFF; band index reported
scene_03_russia_sample-Z0005,9,109,4408.44287109375,,unavailable in GeoTIFF; band index reported
scene_03_russia_sample-Z0005,9,110,4290.1142578125,,unavailable in GeoTIFF; band index reported
scene_03_russia_sample-Z0005,9,111,4163.08056640625,,unavailable in GeoTIFF; band index reported
scene_03_russia_sample-Z0005,9,112,4488.98681640625,,unavailable in GeoTIFF; band index reported
scene_03_russia_sample-Z0005,9,113,5298.65771484375,,unavailable in GeoTIFF; band index reported
scene_03_russia_sample-Z0005,9,114,4535.7314453125,,unavailable in GeoTIFF; band index reported
scene_03_russia_sample-Z0005,9,115,4475.416015625,,unavailable in GeoTIFF; band index reported
scene_03_russia_sample-Z0005,9,116,4122.78515625,2699.307933984375,unavailable in GeoTIFF; band index reported
scene_03_russia_sample-Z0005,9,117,4034.55029296875,,unavailable in GeoTIFF; band index reported
scene_03_russia_sample-Z0005,9,118,3990.50341796875,,unavailable in GeoTIFF; band index reported
scene_03_russia_sample-Z0005,9,119,3997.630859375,,unavailable in GeoTIFF; band index reported
scene_03_russia_sample-Z0005,9,120,4048.583984375,,unavailable in GeoTIFF; band index reported
scene_03_russia_sample-Z0005,9,121,4129.1005859375,,unavailable in GeoTIFF; band index reported
scene_03_russia_sample-Z0005,9,122,4234.85888671875,,unavailable in GeoTIFF; band index reported
scene_03_russia_sample-Z0005,9,123,4290.953125,2845.28236875,unavailable in GeoTIFF; band index reported
scene_03_russia_sample-Z0005,9,124,4356.69775390625,,unavailable in GeoTIFF; band index reported
scene_03_russia_sample-Z0005,9,125,4489.71826171875,,unavailable in GeoTIFF; band index reported
scene_03_russia_sample-Z0005,9,126,4322.3154296875,,unavailable in GeoTIFF; band index reported
scene_03_russia_sample-Z0005,9,127,4196.66455078125,,unavailable in GeoTIFF; band index reported
scene_03_russia_sample-Z0005,9,128,4081.12744140625,,unavailable in GeoTIFF; band index reported
scene_03_russia_sample-Z0005,9,129,4013.093994140625,,unavailable in GeoTIFF; band index reported
scene_03_russia_sample-Z0005,9,130,4094.174560546875,2696.022912109375,unavailable in GeoTIFF; band index reported
scene_03_russia_sample-Z0005,9,131,-32768.0,,unavailable in GeoTIFF; band index reported
scene_03_russia_sample-Z0005,9,132,-32768.0,,unavailable in GeoTIFF; band index reported
scene_03_russia_sample-Z0005,9,133,-32768.0,,unavailable in GeoTIFF; band index reported
scene_03_russia_sample-Z0005,9,134,-32768.0,,unavailable in GeoTIFF; band index reported
scene_03_russia_sample-Z0005,9,135,-32768.0,,unavailable in GeoTIFF; band index reported
scene_03_russia_sample-Z0005,9,136,4331.87939453125,,unavailable in GeoTIFF; band index reported
scene_03_russia_sample-Z0005,9,137,3283.993408203125,2057.037273046875,unavailable in GeoTIFF; band index reported
scene_03_russia_sample-Z0005,9,138,3296.583984375,,unavailable in GeoTIFF; band index reported
scene_03_russia_sample-Z0005,9,139,2659.382568359375,,unavailable in GeoTIFF; band index reported
scene_03_russia_sample-Z0005,9,140,2231.6845703125,,unavailable in GeoTIFF; band index reported
scene_03_russia_sample-Z0005,9,141,2189.167724609375,,unavailable in GeoTIFF; band index reported
scene_03_russia_sample-Z0005,9,142,2245.570556640625,,unavailable in GeoTIFF; band index reported
scene_03_russia_sample-Z0005,9,143,2302.590576171875,,unavailable in GeoTIFF; band index reported
scene_03_russia_sample-Z0005,9,144,2392.825439453125,1418.7220189453126,unavailable in GeoTIFF; band index reported
scene_03_russia_sample-Z0005,9,145,2477.34228515625,,unavailable in GeoTIFF; band index reported
scene_03_russia_sample-Z0005,9,146,2582.39599609375,,unavailable in GeoTIFF; band index reported
scene_03_russia_sample-Z0005,9,147,2753.879150390625,,unavailable in GeoTIFF; band index reported
scene_03_russia_sample-Z0005,9,148,2796.97314453125,,unavailable in GeoTIFF; band index reported
scene_03_russia_sample-Z0005,9,149,2880.993408203125,,unavailable in GeoTIFF; band index reported
scene_03_russia_sample-Z0005,9,150,2991.33544921875,,unavailable in GeoTIFF; band index reported
scene_03_russia_sample-Z0005,9,151,2982.76513671875,,unavailable in GeoTIFF; band index reported
scene_03_russia_sample-Z0005,9,152,3001.355712890625,1889.9061537109374,unavailable in GeoTIFF; band index reported
scene_03_russia_sample-Z0005,9,153,3053.1005859375,,unavailable in GeoTIFF; band index reported
scene_03_russia_sample-Z0005,9,154,3097.81201171875,,unavailable in GeoTIFF; band index reported
scene_03_russia_sample-Z0005,9,155,3133.060302734375,,unavailable in GeoTIFF; band index reported
scene_03_russia_sample-Z0005,9,156,3166.120849609375,,unavailable in GeoTIFF; band index reported
scene_03_russia_sample-Z0005,9,157,3201.50341796875,,unavailable in GeoTIFF; band index reported
scene_03_russia_sample-Z0005,9,158,3204.174560546875,,unavailable in GeoTIFF; band index reported
scene_03_russia_sample-Z0005,9,159,3222.12744140625,2075.4127738281254,unavailable in GeoTIFF; band index reported
scene_03_russia_sample-Z0005,9,160,3226.248291015625,,unavailable in GeoTIFF; band index reported
scene_03_russia_sample-Z0005,9,161,3231.21484375,,unavailable in GeoTIFF; band index reported
scene_03_russia_sample-Z0005,9,162,3218.986572265625,,unavailable in GeoTIFF; band index reported
scene_03_russia_sample-Z0005,9,163,3248.463134765625,,unavailable in GeoTIFF; band index reported
scene_03_russia_sample-Z0005,9,164,3219.597412109375,,unavailable in GeoTIFF; band index reported
scene_03_russia_sample-Z0005,9,165,3287.39599609375,,unavailable in GeoTIFF; band index reported
scene_03_russia_sample-Z0005,9,166,3478.040283203125,2237.456512109375,unavailable in GeoTIFF; band index reported
scene_03_russia_sample-Z0005,9,167,1607.44970703125,,unavailable in GeoTIFF; band index reported
scene_03_russia_sample-Z0005,9,168,1260.4027099609375,,unavailable in GeoTIFF; band index reported
scene_03_russia_sample-Z0005,9,169,1194.9261474609375,,unavailable in GeoTIFF; band index reported
scene_03_russia_sample-Z0005,9,170,1271.5301513671875,,unavailable in GeoTIFF; band index reported
scene_03_russia_sample-Z0005,9,171,2450.912841796875,,unavailable in GeoTIFF; band index reported
scene_03_russia_sample-Z0005,9,172,2484.49658203125,,unavailable in GeoTIFF; band index reported
scene_03_russia_sample-Z0005,9,173,1761.355712890625,981.4859603515624,unavailable in GeoTIFF; band index reported
scene_03_russia_sample-Z0005,9,174,1471.1007080078125,,unavailable in GeoTIFF; band index reported
scene_03_russia_sample-Z0005,9,175,1501.71142578125,,unavailable in GeoTIFF; band index reported
scene_03_russia_sample-Z0005,9,176,1711.778564453125,,unavailable in GeoTIFF; band index reported
scene_03_russia_sample-Z0005,9,177,1816.013427734375,,unavailable in GeoTIFF; band index reported
scene_03_russia_sample-Z0005,9,178,1953.382568359375,,unavailable in GeoTIFF; band index reported
scene_03_russia_sample-Z0005,9,179,1885.0201416015625,,unavailable in GeoTIFF; band index reported
scene_03_russia_sample-Z0005,9,180,1886.369140625,1089.6753043945314,unavailable in GeoTIFF; band index reported
scene_03_russia_sample-Z0005,9,181,1909.1007080078125,,unavailable in GeoTIFF; band index reported
scene_03_russia_sample-Z0005,9,182,1998.73828125,,unavailable in GeoTIFF; band index reported
scene_03_russia_sample-Z0005,9,183,2095.328857421875,,unavailable in GeoTIFF; band index reported
scene_03_russia_sample-Z0005,9,184,2212.322265625,,unavailable in GeoTIFF; band index reported
scene_03_russia_sample-Z0005,9,185,2305.644287109375,,unavailable in GeoTIFF; band index reported
scene_03_russia_sample-Z0005,9,186,2383.120849609375,,unavailable in GeoTIFF; band index reported
scene_03_russia_sample-Z0005,9,187,2451.583984375,,unavailable in GeoTIFF; band index reported
scene_03_russia_sample-Z0005,9,188,2534.402587890625,1587.849948828125,unavailable in GeoTIFF; band index reported
scene_03_russia_sample-Z0005,9,189,2604.34228515625,,unavailable in GeoTIFF; band index reported
scene_03_russia_sample-Z0005,9,190,2654.08056640625,,unavailable in GeoTIFF; band index reported
scene_03_russia_sample-Z0005,9,191,2704.040283203125,,unavailable in GeoTIFF; band index reported
scene_03_russia_sample-Z0005,9,192,2742.26171875,,unavailable in GeoTIFF; band index reported
scene_03_russia_sample-Z0005,9,193,2812.4697265625,,unavailable in GeoTIFF; band index reported
scene_03_russia_sample-Z0005,9,194,2836.489990234375,,unavailable in GeoTIFF; band index reported
scene_03_russia_sample-Z0005,9,195,2829.28857421875,1814.4942310546876,unavailable in GeoTIFF; band index reported
scene_03_russia_sample-Z0005,9,196,2847.536865234375,,unavailable in GeoTIFF; band index reported
scene_03_russia_sample-Z0005,9,197,2866.29541015625,,unavailable in GeoTIFF; band index reported
scene_03_russia_sample-Z0005,9,198,2856.489990234375,,unavailable in GeoTIFF; band index reported
scene_03_russia_sample-Z0005,9,199,2859.76513671875,,unavailable in GeoTIFF; band index reported
scene_03_russia_sample-Z0005,9,200,2855.778564453125,,unavailable in GeoTIFF; band index reported
scene_03_russia_sample-Z0005,9,201,2832.02001953125,,unavailable in GeoTIFF; band index reported
scene_03_russia_sample-Z0005,9,202,2794.86572265625,1779.273505859375,unavailable in GeoTIFF; band index reported
scene_03_russia_sample-Z0005,9,203,2752.845703125,,unavailable in GeoTIFF; band index reported
scene_03_russia_sample-Z0005,9,204,2703.28857421875,,unavailable in GeoTIFF; band index reported
scene_03_russia_sample-Z0005,9,205,2683.939697265625,,unavailable in GeoTIFF; band index reported
scene_03_russia_sample-Z0005,9,206,2603.34228515625,,unavailable in GeoTIFF; band index reported
scene_03_russia_sample-Z0005,9,207,2492.07373046875,,unavailable in GeoTIFF; band index reported
scene_03_russia_sample-Z0005,9,208,2592.26171875,,unavailable in GeoTIFF; band index reported
scene_03_russia_sample-Z0005,9,209,2424.61083984375,1477.9903691406248,unavailable in GeoTIFF; band index reported
scene_03_russia_sample-Z0005,9,210,2426.308837890625,,unavailable in GeoTIFF; band index reported
scene_03_russia_sample-Z0005,9,211,2452.81201171875,,unavailable in GeoTIFF; band index reported
scene_03_russia_sample-Z0005,9,212,2481.892578125,,unavailable in GeoTIFF; band index reported
scene_03_russia_sample-Z0005,9,213,2285.966552734375,,unavailable in GeoTIFF; band index reported
scene_03_russia_sample-Z0005,9,214,2395.778564453125,,unavailable in GeoTIFF; band index reported
scene_03_russia_sample-Z0005,9,215,2380.60400390625,,unavailable in GeoTIFF; band index reported
scene_03_russia_sample-Z0005,9,216,2398.26171875,1378.3794326171876,unavailable in GeoTIFF; band index reported
scene_03_russia_sample-Z0005,9,217,2257.120849609375,,unavailable in GeoTIFF; band index reported
scene_03_russia_sample-Z0005,9,218,2142.49658203125,,unavailable in GeoTIFF; band index reported
scene_03_russia_sample-Z0005,9,219,2279.006591796875,,unavailable in GeoTIFF; band index reported
scene_03_russia_sample-Z0005,9,220,2393.483154296875,,unavailable in GeoTIFF; band index reported
scene_03_russia_sample-Z0005,9,221,2198.07373046875,,unavailable in GeoTIFF; band index reported
scene_03_russia_sample-Z0005,9,222,1975.1744384765625,,unavailable in GeoTIFF; band index reported
scene_03_russia_sample-Z0005,9,223,2163.590576171875,,unavailable in GeoTIFF; band index reported
scene_03_russia_sample-Z0005,9,224,2232.21484375,1266.0004109375,unavailable in GeoTIFF; band index reported
scene_03_russia_sample-Z0003,10,1,4220.02587890625,2547.989065234375,unavailable in GeoTIFF; band index reported
scene_03_russia_sample-Z0003,10,2,4067.794921875,,unavailable in GeoTIFF; band index reported
scene_03_russia_sample-Z0003,10,3,4014.794921875,,unavailable in GeoTIFF; band index reported
scene_03_russia_sample-Z0003,10,4,4027.384521484375,,unavailable in GeoTIFF; band index reported
scene_03_russia_sample-Z0003,10,5,4006.615478515625,,unavailable in GeoTIFF; band index reported
scene_03_russia_sample-Z0003,10,6,3942.333251953125,,unavailable in GeoTIFF; band index reported
scene_03_russia_sample-Z0003,10,7,3947.718017578125,,unavailable in GeoTIFF; band index reported
scene_03_russia_sample-Z0003,10,8,3910.1025390625,2390.9014695312503,unavailable in GeoTIFF; band index reported
scene_03_russia_sample-Z0003,10,9,3847.487060546875,,unavailable in GeoTIFF; band index reported
scene_03_russia_sample-Z0003,10,10,3884.64111328125,,unavailable in GeoTIFF; band index reported
scene_03_russia_sample-Z0003,10,11,3835.487060546875,,unavailable in GeoTIFF; band index reported
scene_03_russia_sample-Z0003,10,12,3828.179443359375,,unavailable in GeoTIFF; band index reported
scene_03_russia_sample-Z0003,10,13,3815.128173828125,,unavailable in GeoTIFF; band index reported
scene_03_russia_sample-Z0003,10,14,3814.666748046875,,unavailable in GeoTIFF; band index reported
scene_03_russia_sample-Z0003,10,15,3759.820556640625,2350.3786316406254,unavailable in GeoTIFF; band index reported
scene_03_russia_sample-Z0003,10,16,3761.84619140625,,unavailable in GeoTIFF; band index reported
scene_03_russia_sample-Z0003,10,17,3744.15380859375,,unavailable in GeoTIFF; band index reported
scene_03_russia_sample-Z0003,10,18,3723.15380859375,,unavailable in GeoTIFF; band index reported
scene_03_russia_sample-Z0003,10,19,3691.25634765625,,unavailable in GeoTIFF; band index reported
scene_03_russia_sample-Z0003,10,20,3718.333251953125,,unavailable in GeoTIFF; band index reported
scene_03_russia_sample-Z0003,10,21,3745.820556640625,,unavailable in GeoTIFF; band index reported
scene_03_russia_sample-Z0003,10,22,3723.05126953125,2358.461596484375,unavailable in GeoTIFF; band index reported
scene_03_russia_sample-Z0003,10,23,3714.769287109375,,unavailable in GeoTIFF; band index reported
scene_03_russia_sample-Z0003,10,24,3724.923095703125,,unavailable in GeoTIFF; band index reported
scene_03_russia_sample-Z0003,10,25,3733.74365234375,,unavailable in GeoTIFF; band index reported
scene_03_russia_sample-Z0003,10,26,3746.384521484375,,unavailable in GeoTIFF; band index reported
scene_03_russia_sample-Z0003,10,27,3730.615478515625,,unavailable in GeoTIFF; band index reported
scene_03_russia_sample-Z0003,10,28,3724.564208984375,,unavailable in GeoTIFF; band index reported
scene_03_russia_sample-Z0003,10,29,3732.0,2412.764583203125,unavailable in GeoTIFF; band index reported
scene_03_russia_sample-Z0003,10,30,3715.0,,unavailable in GeoTIFF; band index reported
scene_03_russia_sample-Z0003,10,31,3719.205078125,,unavailable in GeoTIFF; band index reported
scene_03_russia_sample-Z0003,10,32,3697.64111328125,,unavailable in GeoTIFF; band index reported
scene_03_russia_sample-Z0003,10,33,3672.41015625,,unavailable in GeoTIFF; band index reported
scene_03_russia_sample-Z0003,10,34,3651.230712890625,,unavailable in GeoTIFF; band index reported
scene_03_russia_sample-Z0003,10,35,3602.718017578125,,unavailable in GeoTIFF; band index reported
scene_03_russia_sample-Z0003,10,36,3559.512939453125,2306.610636328125,unavailable in GeoTIFF; band index reported
scene_03_russia_sample-Z0003,10,37,3580.6923828125,,unavailable in GeoTIFF; band index reported
scene_03_russia_sample-Z0003,10,38,3588.3076171875,,unavailable in GeoTIFF; band index reported
scene_03_russia_sample-Z0003,10,39,3584.15380859375,,unavailable in GeoTIFF; band index reported
scene_03_russia_sample-Z0003,10,40,3562.25634765625,,unavailable in GeoTIFF; band index reported
scene_03_russia_sample-Z0003,10,41,3578.333251953125,,unavailable in GeoTIFF; band index reported
scene_03_russia_sample-Z0003,10,42,3572.794921875,,unavailable in GeoTIFF; band index reported
scene_03_russia_sample-Z0003,10,43,3530.230712890625,,unavailable in GeoTIFF; band index reported
scene_03_russia_sample-Z0003,10,44,3523.3076171875,2305.366001171875,unavailable in GeoTIFF; band index reported
scene_03_russia_sample-Z0003,10,45,3498.666748046875,,unavailable in GeoTIFF; band index reported
scene_03_russia_sample-Z0003,10,46,3469.05126953125,,unavailable in GeoTIFF; band index reported
scene_03_russia_sample-Z0003,10,47,3458.487060546875,,unavailable in GeoTIFF; band index reported
scene_03_russia_sample-Z0003,10,48,3446.84619140625,,unavailable in GeoTIFF; band index reported
scene_03_russia_sample-Z0003,10,49,3438.0,,unavailable in GeoTIFF; band index reported
scene_03_russia_sample-Z0003,10,50,3419.15380859375,,unavailable in GeoTIFF; band index reported
scene_03_russia_sample-Z0003,10,51,3568.974365234375,2320.3036429687504,unavailable in GeoTIFF; band index reported
scene_03_russia_sample-Z0003,10,52,3546.84619140625,,unavailable in GeoTIFF; band index reported
scene_03_russia_sample-Z0003,10,53,3550.3076171875,,unavailable in GeoTIFF; band index reported
scene_03_russia_sample-Z0003,10,54,3643.974365234375,,unavailable in GeoTIFF; band index reported
scene_03_russia_sample-Z0003,10,55,3744.435791015625,,unavailable in GeoTIFF; band index reported
scene_03_russia_sample-Z0003,10,56,3809.025634765625,,unavailable in GeoTIFF; band index reported
scene_03_russia_sample-Z0003,10,57,3891.128173828125,,unavailable in GeoTIFF; band index reported
scene_03_russia_sample-Z0003,10,58,3997.230712890625,2535.3962285156254,unavailable in GeoTIFF; band index reported
scene_03_russia_sample-Z0003,10,59,4112.41015625,,unavailable in GeoTIFF; band index reported
scene_03_russia_sample-Z0003,10,60,4139.87158203125,,unavailable in GeoTIFF; band index reported
scene_03_russia_sample-Z0003,10,61,4351.4873046875,,unavailable in GeoTIFF; band index reported
scene_03_russia_sample-Z0003,10,62,4438.05126953125,,unavailable in GeoTIFF; band index reported
scene_03_russia_sample-Z0003,10,63,4295.76904296875,,unavailable in GeoTIFF; band index reported
scene_03_russia_sample-Z0003,10,64,4261.05126953125,,unavailable in GeoTIFF; band index reported
scene_03_russia_sample-Z0003,10,65,4244.0771484375,2735.793632421875,unavailable in GeoTIFF; band index reported
scene_03_russia_sample-Z0003,10,66,4188.53857421875,,unavailable in GeoTIFF; band index reported
scene_03_russia_sample-Z0003,10,67,4178.205078125,,unavailable in GeoTIFF; band index reported
scene_03_russia_sample-Z0003,10,68,4204.0,,unavailable in GeoTIFF; band index reported
scene_03_russia_sample-Z0003,10,69,4147.0,,unavailable in GeoTIFF; band index reported
scene_03_russia_sample-Z0003,10,70,4147.87158203125,,unavailable in GeoTIFF; band index reported
scene_03_russia_sample-Z0003,10,71,4154.64111328125,,unavailable in GeoTIFF; band index reported
scene_03_russia_sample-Z0003,10,72,4236.23095703125,2699.778001171875,unavailable in GeoTIFF; band index reported
scene_03_russia_sample-Z0003,10,73,4330.97412109375,,unavailable in GeoTIFF; band index reported
scene_03_russia_sample-Z0003,10,74,4263.25634765625,,unavailable in GeoTIFF; band index reported
scene_03_russia_sample-Z0003,10,75,4405.23095703125,,unavailable in GeoTIFF; band index reported
scene_03_russia_sample-Z0003,10,76,4310.205078125,,unavailable in GeoTIFF; band index reported
scene_03_russia_sample-Z0003,10,77,4328.15380859375,,unavailable in GeoTIFF; band index reported
scene_03_russia_sample-Z0003,10,78,4323.58984375,,unavailable in GeoTIFF; band index reported
scene_03_russia_sample-Z0003,10,79,4158.35888671875,,unavailable in GeoTIFF; band index reported
scene_03_russia_sample-Z0003,10,80,4134.615234375,2684.03088671875,unavailable in GeoTIFF; band index reported
scene_03_russia_sample-Z0003,10,81,4040.1025390625,,unavailable in GeoTIFF; band index reported
scene_03_russia_sample-Z0003,10,82,4045.05126953125,,unavailable in GeoTIFF; band index reported
scene_03_russia_sample-Z0003,10,83,3950.05126953125,,unavailable in GeoTIFF; band index reported
scene_03_russia_sample-Z0003,10,84,3791.230712890625,,unavailable in GeoTIFF; band index reported
scene_03_russia_sample-Z0003,10,85,4133.33349609375,,unavailable in GeoTIFF; band index reported
scene_03_russia_sample-Z0003,10,86,4180.615234375,,unavailable in GeoTIFF; band index reported
scene_03_russia_sample-Z0003,10,87,4181.43603515625,2731.4688449218747,unavailable in GeoTIFF; band index reported
scene_03_russia_sample-Z0003,10,88,4612.58984375,,unavailable in GeoTIFF; band index reported
scene_03_russia_sample-Z0003,10,89,4473.4873046875,,unavailable in GeoTIFF; band index reported
scene_03_russia_sample-Z0003,10,90,4347.25634765625,,unavailable in GeoTIFF; band index reported
scene_03_russia_sample-Z0003,10,91,4384.794921875,,unavailable in GeoTIFF; band index reported
scene_03_russia_sample-Z0003,10,92,4154.6923828125,,unavailable in GeoTIFF; band index reported
scene_03_russia_sample-Z0003,10,93,3959.25634765625,,unavailable in GeoTIFF; band index reported
scene_03_russia_sample-Z0003,10,94,4203.23095703125,2717.04442578125,unavailable in GeoTIFF; band index reported
scene_03_russia_sample-Z0003,10,95,3934.94873046875,,unavailable in GeoTIFF; band index reported
scene_03_russia_sample-Z0003,10,96,4118.12841796875,,unavailable in GeoTIFF; band index reported
scene_03_russia_sample-Z0003,10,97,3941.8974609375,,unavailable in GeoTIFF; band index reported
scene_03_russia_sample-Z0003,10,98,4229.94873046875,,unavailable in GeoTIFF; band index reported
scene_03_russia_sample-Z0003,10,99,4016.6923828125,,unavailable in GeoTIFF; band index reported
scene_03_russia_sample-Z0003,10,100,4339.87158203125,,unavailable in GeoTIFF; band index reported
scene_03_russia_sample-Z0003,10,101,4086.53857421875,2624.6267761718755,unavailable in GeoTIFF; band index reported
scene_03_russia_sample-Z0003,10,102,4358.8974609375,,unavailable in GeoTIFF; band index reported
scene_03_russia_sample-Z0003,10,103,4399.8974609375,,unavailable in GeoTIFF; band index reported
scene_03_russia_sample-Z0003,10,104,4424.53857421875,,unavailable in GeoTIFF; band index reported
scene_03_russia_sample-Z0003,10,105,4454.12841796875,,unavailable in GeoTIFF; band index reported
scene_03_russia_sample-Z0003,10,106,4465.205078125,,unavailable in GeoTIFF; band index reported
scene_03_russia_sample-Z0003,10,107,4485.4873046875,,unavailable in GeoTIFF; band index reported
scene_03_russia_sample-Z0003,10,108,4485.12841796875,2955.660197265625,unavailable in GeoTIFF; band index reported
scene_03_russia_sample-Z0003,10,109,4410.74365234375,,unavailable in GeoTIFF; band index reported
scene_03_russia_sample-Z0003,10,110,4293.384765625,,unavailable in GeoTIFF; band index reported
scene_03_russia_sample-Z0003,10,111,4167.12841796875,,unavailable in GeoTIFF; band index reported
scene_03_russia_sample-Z0003,10,112,4496.0,,unavailable in GeoTIFF; band index reported
scene_03_russia_sample-Z0003,10,113,5348.23095703125,,unavailable in GeoTIFF; band index reported
scene_03_russia_sample-Z0003,10,114,4555.8974609375,,unavailable in GeoTIFF; band index reported
scene_03_russia_sample-Z0003,10,115,4492.43603515625,,unavailable in GeoTIFF; band index reported
scene_03_russia_sample-Z0003,10,116,4131.205078125,2699.307933984375,unavailable in GeoTIFF; band index reported
scene_03_russia_sample-Z0003,10,117,4039.615478515625,,unavailable in GeoTIFF; band index reported
scene_03_russia_sample-Z0003,10,118,3995.820556640625,,unavailable in GeoTIFF; band index reported
scene_03_russia_sample-Z0003,10,119,4005.025634765625,,unavailable in GeoTIFF; band index reported
scene_03_russia_sample-Z0003,10,120,4054.794921875,,unavailable in GeoTIFF; band index reported
scene_03_russia_sample-Z0003,10,121,4134.66650390625,,unavailable in GeoTIFF; band index reported
scene_03_russia_sample-Z0003,10,122,4241.53857421875,,unavailable in GeoTIFF; band index reported
scene_03_russia_sample-Z0003,10,123,4294.76904296875,2845.28236875,unavailable in GeoTIFF; band index reported
scene_03_russia_sample-Z0003,10,124,4360.35888671875,,unavailable in GeoTIFF; band index reported
scene_03_russia_sample-Z0003,10,125,4492.76904296875,,unavailable in GeoTIFF; band index reported
scene_03_russia_sample-Z0003,10,126,4330.23095703125,,unavailable in GeoTIFF; band index reported
scene_03_russia_sample-Z0003,10,127,4204.0,,unavailable in GeoTIFF; band index reported
scene_03_russia_sample-Z0003,10,128,4086.718017578125,,unavailable in GeoTIFF; band index reported
scene_03_russia_sample-Z0003,10,129,4023.128173828125,,unavailable in GeoTIFF; band index reported
scene_03_russia_sample-Z0003,10,130,4105.12841796875,2696.022912109375,unavailable in GeoTIFF; band index reported
scene_03_russia_sample-Z0003,10,131,-32768.0,,unavailable in GeoTIFF; band index reported
scene_03_russia_sample-Z0003,10,132,-32768.0,,unavailable in GeoTIFF; band index reported
scene_03_russia_sample-Z0003,10,133,-32768.0,,unavailable in GeoTIFF; band index reported
scene_03_russia_sample-Z0003,10,134,-32768.0,,unavailable in GeoTIFF; band index reported
scene_03_russia_sample-Z0003,10,135,-32768.0,,unavailable in GeoTIFF; band index reported
scene_03_russia_sample-Z0003,10,136,4427.23095703125,,unavailable in GeoTIFF; band index reported
scene_03_russia_sample-Z0003,10,137,3340.384521484375,2057.037273046875,unavailable in GeoTIFF; band index reported
scene_03_russia_sample-Z0003,10,138,3367.820556640625,,unavailable in GeoTIFF; band index reported
scene_03_russia_sample-Z0003,10,139,2705.435791015625,,unavailable in GeoTIFF; band index reported
scene_03_russia_sample-Z0003,10,140,2258.15380859375,,unavailable in GeoTIFF; band index reported
scene_03_russia_sample-Z0003,10,141,2209.974365234375,,unavailable in GeoTIFF; band index reported
scene_03_russia_sample-Z0003,10,142,2262.871826171875,,unavailable in GeoTIFF; band index reported
scene_03_russia_sample-Z0003,10,143,2320.8974609375,,unavailable in GeoTIFF; band index reported
scene_03_russia_sample-Z0003,10,144,2412.794921875,1418.7220189453126,unavailable in GeoTIFF; band index reported
scene_03_russia_sample-Z0003,10,145,2492.35888671875,,unavailable in GeoTIFF; band index reported
scene_03_russia_sample-Z0003,10,146,2598.128173828125,,unavailable in GeoTIFF; band index reported
scene_03_russia_sample-Z0003,10,147,2766.74365234375,,unavailable in GeoTIFF; band index reported
scene_03_russia_sample-Z0003,10,148,2810.615478515625,,unavailable in GeoTIFF; band index reported
scene_03_russia_sample-Z0003,10,149,2894.128173828125,,unavailable in GeoTIFF; band index reported
scene_03_russia_sample-Z0003,10,150,3002.179443359375,,unavailable in GeoTIFF; band index reported
scene_03_russia_sample-Z0003,10,151,2990.076904296875,,unavailable in GeoTIFF; band index reported
scene_03_russia_sample-Z0003,10,152,3011.53857421875,1889.9061537109374,unavailable in GeoTIFF; band index reported
scene_03_russia_sample-Z0003,10,153,3059.384521484375,,unavailable in GeoTIFF; band index reported
scene_03_russia_sample-Z0003,10,154,3107.53857421875,,unavailable in GeoTIFF; band index reported
scene_03_russia_sample-Z0003,10,155,3142.74365234375,,unavailable in GeoTIFF; band index reported
scene_03_russia_sample-Z0003,10,156,3172.74365234375,,unavailable in GeoTIFF; band index reported
scene_03_russia_sample-Z0003,10,157,3206.3076171875,,unavailable in GeoTIFF; band index reported
scene_03_russia_sample-Z0003,10,158,3206.923095703125,,unavailable in GeoTIFF; band index reported
scene_03_russia_sample-Z0003,10,159,3223.05126953125,2075.4127738281254,unavailable in GeoTIFF; band index reported
scene_03_russia_sample-Z0003,10,160,3226.05126953125,,unavailable in GeoTIFF; band index reported
scene_03_russia_sample-Z0003,10,161,3231.564208984375,,unavailable in GeoTIFF; band index reported
scene_03_russia_sample-Z0003,10,162,3221.0,,unavailable in GeoTIFF; band index reported
scene_03_russia_sample-Z0003,10,163,3244.46142578125,,unavailable in GeoTIFF; band index reported
scene_03_russia_sample-Z0003,10,164,3218.35888671875,,unavailable in GeoTIFF; band index reported
scene_03_russia_sample-Z0003,10,165,3286.128173828125,,unavailable in GeoTIFF; band index reported
scene_03_russia_sample-Z0003,10,166,3470.512939453125,2237.456512109375,unavailable in GeoTIFF; band index reported
scene_03_russia_sample-Z0003,10,167,1649.6922607421875,,unavailable in GeoTIFF; band index reported
scene_03_russia_sample-Z0003,10,168,1288.3846435546875,,unavailable in GeoTIFF; band index reported
scene_03_russia_sample-Z0003,10,169,1221.7178955078125,,unavailable in GeoTIFF; band index reported
scene_03_russia_sample-Z0003,10,170,1299.6922607421875,,unavailable in GeoTIFF; band index reported
scene_03_russia_sample-Z0003,10,171,2495.384521484375,,unavailable in GeoTIFF; band index reported
scene_03_russia_sample-Z0003,10,172,2510.35888671875,,unavailable in GeoTIFF; band index reported
scene_03_russia_sample-Z0003,10,173,1780.179443359375,981.4859603515624,unavailable in GeoTIFF; band index reported
scene_03_russia_sample-Z0003,10,174,1487.6153564453125,,unavailable in GeoTIFF; band index reported
scene_03_russia_sample-Z0003,10,175,1517.4359130859375,,unavailable in GeoTIFF; band index reported
scene_03_russia_sample-Z0003,10,176,1726.7435302734375,,unavailable in GeoTIFF; band index reported
scene_03_russia_sample-Z0003,10,177,1825.15380859375,,unavailable in GeoTIFF; band index reported
scene_03_russia_sample-Z0003,10,178,1967.2564697265625,,unavailable in GeoTIFF; band index reported
scene_03_russia_sample-Z0003,10,179,1898.8974609375,,unavailable in GeoTIFF; band index reported
scene_03_russia_sample-Z0003,10,180,1898.794921875,1089.6753043945314,unavailable in GeoTIFF; band index reported
scene_03_russia_sample-Z0003,10,181,1920.1025390625,,unavailable in GeoTIFF; band index reported
scene_03_russia_sample-Z0003,10,182,2008.3846435546875,,unavailable in GeoTIFF; band index reported
scene_03_russia_sample-Z0003,10,183,2105.6923828125,,unavailable in GeoTIFF; band index reported
scene_03_russia_sample-Z0003,10,184,2217.487060546875,,unavailable in GeoTIFF; band index reported
scene_03_russia_sample-Z0003,10,185,2307.94873046875,,unavailable in GeoTIFF; band index reported
scene_03_russia_sample-Z0003,10,186,2390.15380859375,,unavailable in GeoTIFF; band index reported
scene_03_russia_sample-Z0003,10,187,2454.74365234375,,unavailable in GeoTIFF; band index reported
scene_03_russia_sample-Z0003,10,188,2537.41015625,1587.849948828125,unavailable in GeoTIFF; band index reported
scene_03_russia_sample-Z0003,10,189,2603.923095703125,,unavailable in GeoTIFF; band index reported
scene_03_russia_sample-Z0003,10,190,2646.41015625,,unavailable in GeoTIFF; band index reported
scene_03_russia_sample-Z0003,10,191,2698.3076171875,,unavailable in GeoTIFF; band index reported
scene_03_russia_sample-Z0003,10,192,2738.25634765625,,unavailable in GeoTIFF; band index reported
scene_03_russia_sample-Z0003,10,193,2808.230712890625,,unavailable in GeoTIFF; band index reported
scene_03_russia_sample-Z0003,10,194,2833.25634765625,,unavailable in GeoTIFF; band index reported
scene_03_russia_sample-Z0003,10,195,2822.615478515625,1814.4942310546876,unavailable in GeoTIFF; band index reported
scene_03_russia_sample-Z0003,10,196,2843.46142578125,,unavailable in GeoTIFF; band index reported
scene_03_russia_sample-Z0003,10,197,2865.35888671875,,unavailable in GeoTIFF; band index reported
scene_03_russia_sample-Z0003,10,198,2856.179443359375,,unavailable in GeoTIFF; band index reported
scene_03_russia_sample-Z0003,10,199,2858.666748046875,,unavailable in GeoTIFF; band index reported
scene_03_russia_sample-Z0003,10,200,2852.025634765625,,unavailable in GeoTIFF; band index reported
scene_03_russia_sample-Z0003,10,201,2830.74365234375,,unavailable in GeoTIFF; band index reported
scene_03_russia_sample-Z0003,10,202,2801.794921875,1779.273505859375,unavailable in GeoTIFF; band index reported
scene_03_russia_sample-Z0003,10,203,2754.179443359375,,unavailable in GeoTIFF; band index reported
scene_03_russia_sample-Z0003,10,204,2703.076904296875,,unavailable in GeoTIFF; band index reported
scene_03_russia_sample-Z0003,10,205,2683.923095703125,,unavailable in GeoTIFF; band index reported
scene_03_russia_sample-Z0003,10,206,2609.718017578125,,unavailable in GeoTIFF; band index reported
scene_03_russia_sample-Z0003,10,207,2500.15380859375,,unavailable in GeoTIFF; band index reported
scene_03_russia_sample-Z0003,10,208,2595.64111328125,,unavailable in GeoTIFF; band index reported
scene_03_russia_sample-Z0003,10,209,2431.8974609375,1477.9903691406248,unavailable in GeoTIFF; band index reported
scene_03_russia_sample-Z0003,10,210,2432.666748046875,,unavailable in GeoTIFF; band index reported
scene_03_russia_sample-Z0003,10,211,2466.615478515625,,unavailable in GeoTIFF; band index reported
scene_03_russia_sample-Z0003,10,212,2496.179443359375,,unavailable in GeoTIFF; band index reported
scene_03_russia_sample-Z0003,10,213,2297.94873046875,,unavailable in GeoTIFF; band index reported
scene_03_russia_sample-Z0003,10,214,2400.666748046875,,unavailable in GeoTIFF; band index reported
scene_03_russia_sample-Z0003,10,215,2398.58984375,,unavailable in GeoTIFF; band index reported
scene_03_russia_sample-Z0003,10,216,2424.923095703125,1378.3794326171876,unavailable in GeoTIFF; band index reported
scene_03_russia_sample-Z0003,10,217,2273.35888671875,,unavailable in GeoTIFF; band index reported
scene_03_russia_sample-Z0003,10,218,2157.46142578125,,unavailable in GeoTIFF; band index reported
scene_03_russia_sample-Z0003,10,219,2301.8974609375,,unavailable in GeoTIFF; band index reported
scene_03_russia_sample-Z0003,10,220,2414.281982421875,,unavailable in GeoTIFF; band index reported
scene_03_russia_sample-Z0003,10,221,2221.564208984375,,unavailable in GeoTIFF; band index reported
scene_03_russia_sample-Z0003,10,222,1996.871826171875,,unavailable in GeoTIFF; band index reported
scene_03_russia_sample-Z0003,10,223,2190.435791015625,,unavailable in GeoTIFF; band index reported
scene_03_russia_sample-Z0003,10,224,2266.615478515625,1266.0004109375,unavailable in GeoTIFF; band index reported
