zone_id,priority_rank,band_index,observed_mean,reference_mean_32band_only,wavelength_status
scene_02-Z0092,1,1,619.2925415039062,923.9636213539318,unavailable in GeoTIFF; band index reported
scene_02-Z0092,1,2,633.43408203125,,unavailable in GeoTIFF; band index reported
scene_02-Z0092,1,3,663.904052734375,,unavailable in GeoTIFF; band index reported
scene_02-Z0092,1,4,702.1918334960938,,unavailable in GeoTIFF; band index reported
scene_02-Z0092,1,5,740.1246948242188,,unavailable in GeoTIFF; band index reported
scene_02-Z0092,1,6,753.2134399414062,,unavailable in GeoTIFF; band index reported
scene_02-Z0092,1,7,787.7362060546875,,unavailable in GeoTIFF; band index reported
scene_02-Z0092,1,8,808.8153686523438,1239.8336512557007,unavailable in GeoTIFF; band index reported
scene_02-Z0092,1,9,821.1582641601562,,unavailable in GeoTIFF; band index reported
scene_02-Z0092,1,10,844.4436645507812,,unavailable in GeoTIFF; band index reported
scene_02-Z0092,1,11,855.988037109375,,unavailable in GeoTIFF; band index reported
scene_02-Z0092,1,12,864.24462890625,,unavailable in GeoTIFF; band index reported
scene_02-Z0092,1,13,878.5155639648438,,unavailable in GeoTIFF; band index reported
scene_02-Z0092,1,14,906.0455932617188,,unavailable in GeoTIFF; band index reported
scene_02-Z0092,1,15,934.8681030273438,1434.539444115118,unavailable in GeoTIFF; band index reported
scene_02-Z0092,1,16,948.052734375,,unavailable in GeoTIFF; band index reported
scene_02-Z0092,1,17,969.7650146484375,,unavailable in GeoTIFF; band index reported
scene_02-Z0092,1,18,1004.6115112304688,,unavailable in GeoTIFF; band index reported
scene_02-Z0092,1,19,1031.5107421875,,unavailable in GeoTIFF; band index reported
scene_02-Z0092,1,20,1063.309326171875,,unavailable in GeoTIFF; band index reported
scene_02-Z0092,1,21,1105.4149169921875,,unavailable in GeoTIFF; band index reported
scene_02-Z0092,1,22,1137.6787109375,1823.7665394518328,unavailable in GeoTIFF; band index reported
scene_02-Z0092,1,23,1172.7122802734375,,unavailable in GeoTIFF; band index reported
scene_02-Z0092,1,24,1213.7481689453125,,unavailable in GeoTIFF; band index reported
scene_02-Z0092,1,25,1256.717041015625,,unavailable in GeoTIFF; band index reported
scene_02-Z0092,1,26,1307.1678466796875,,unavailable in GeoTIFF; band index reported
scene_02-Z0092,1,27,1359.6114501953125,,unavailable in GeoTIFF; band index reported
scene_02-Z0092,1,28,1402.880126953125,,unavailable in GeoTIFF; band index reported
scene_02-Z0092,1,29,1462.0455322265625,2397.2422113758685,unavailable in GeoTIFF; band index reported
scene_02-Z0092,1,30,1517.2254638671875,,unavailable in GeoTIFF; band index reported
scene_02-Z0092,1,31,1580.2877197265625,,unavailable in GeoTIFF; band index reported
scene_02-Z0092,1,32,1637.1630859375,,unavailable in GeoTIFF; band index reported
scene_02-Z0092,1,33,1691.052734375,,unavailable in GeoTIFF; band index reported
scene_02-Z0092,1,34,1750.038330078125,,unavailable in GeoTIFF; band index reported
scene_02-Z0092,1,35,1803.61865234375,,unavailable in GeoTIFF; band index reported
scene_02-Z0092,1,36,1849.230224609375,3085.206971340238,unavailable in GeoTIFF; band index reported
scene_02-Z0092,1,37,1894.6787109375,,unavailable in GeoTIFF; band index reported
scene_02-Z0092,1,38,1933.311767578125,,unavailable in GeoTIFF; band index reported
scene_02-Z0092,1,39,1969.1534423828125,,unavailable in GeoTIFF; band index reported
scene_02-Z0092,1,40,1995.3428955078125,,unavailable in GeoTIFF; band index reported
scene_02-Z0092,1,41,2028.6954345703125,,unavailable in GeoTIFF; band index reported
scene_02-Z0092,1,42,2053.693115234375,,unavailable in GeoTIFF; band index reported
scene_02-Z0092,1,43,2070.38134765625,,unavailable in GeoTIFF; band index reported
scene_02-Z0092,1,44,2107.62841796875,3494.815894205586,unavailable in GeoTIFF; band index reported
scene_02-Z0092,1,45,2144.309326171875,,unavailable in GeoTIFF; band index reported
scene_02-Z0092,1,46,2164.851318359375,,unavailable in GeoTIFF; band index reported
scene_02-Z0092,1,47,2191.532470703125,,unavailable in GeoTIFF; band index reported
scene_02-Z0092,1,48,2211.431640625,,unavailable in GeoTIFF; band index reported
scene_02-Z0092,1,49,2234.75537109375,,unavailable in GeoTIFF; band index reported
scene_02-Z0092,1,50,2249.4892578125,,unavailable in GeoTIFF; band index reported
scene_02-Z0092,1,51,2297.604248046875,3775.111587847919,unavailable in GeoTIFF; band index reported
scene_02-Z0092,1,52,2320.985595703125,,unavailable in GeoTIFF; band index reported
scene_02-Z0092,1,53,2356.2685546875,,unavailable in GeoTIFF; band index reported
scene_02-Z0092,1,54,2363.469970703125,,unavailable in GeoTIFF; band index reported
scene_02-Z0092,1,55,2398.34521484375,,unavailable in GeoTIFF; band index reported
scene_02-Z0092,1,56,2446.40283203125,,unavailable in GeoTIFF; band index reported
scene_02-Z0092,1,57,2496.072021484375,,unavailable in GeoTIFF; band index reported
scene_02-Z0092,1,58,2499.474853515625,4054.9174799127018,unavailable in GeoTIFF; band index reported
scene_02-Z0092,1,59,2522.1318359375,,unavailable in GeoTIFF; band index reported
scene_02-Z0092,1,60,2520.414794921875,,unavailable in GeoTIFF; band index reported
scene_02-Z0092,1,61,2603.99755859375,,unavailable in GeoTIFF; band index reported
scene_02-Z0092,1,62,2386.793701171875,,unavailable in GeoTIFF; band index reported
scene_02-Z0092,1,63,2609.34521484375,,unavailable in GeoTIFF; band index reported
scene_02-Z0092,1,64,2646.37890625,,unavailable in GeoTIFF; band index reported
scene_02-Z0092,1,65,2662.49169921875,4208.583425148986,unavailable in GeoTIFF; band index reported
scene_02-Z0092,1,66,2684.62109375,,unavailable in GeoTIFF; band index reported
scene_02-Z0092,1,67,2700.520263671875,,unavailable in GeoTIFF; band index reported
scene_02-Z0092,1,68,2744.00244140625,,unavailable in GeoTIFF; band index reported
scene_02-Z0092,1,69,2732.30224609375,,unavailable in GeoTIFF; band index reported
scene_02-Z0092,1,70,2756.019287109375,,unavailable in GeoTIFF; band index reported
scene_02-Z0092,1,71,2722.4892578125,,unavailable in GeoTIFF; band index reported
scene_02-Z0092,1,72,2755.642578125,4260.953433207812,unavailable in GeoTIFF; band index reported
scene_02-Z0092,1,73,2740.05029296875,,unavailable in GeoTIFF; band index reported
scene_02-Z0092,1,74,2757.829833984375,,unavailable in GeoTIFF; band index reported
scene_02-Z0092,1,75,2766.577880859375,,unavailable in GeoTIFF; band index reported
scene_02-Z0092,1,76,2754.506103515625,,unavailable in GeoTIFF; band index reported
scene_02-Z0092,1,77,2802.96875,,unavailable in GeoTIFF; band index reported
scene_02-Z0092,1,78,2760.642578125,,unavailable in GeoTIFF; band index reported
scene_02-Z0092,1,79,2798.093505859375,,unavailable in GeoTIFF; band index reported
scene_02-Z0092,1,80,2864.251708984375,4274.851139547828,unavailable in GeoTIFF; band index reported
scene_02-Z0092,1,81,2798.688232421875,,unavailable in GeoTIFF; band index reported
scene_02-Z0092,1,82,2864.599609375,,unavailable in GeoTIFF; band index reported
scene_02-Z0092,1,83,2788.76025390625,,unavailable in GeoTIFF; band index reported
scene_02-Z0092,1,84,2696.58984375,,unavailable in GeoTIFF; band index reported
scene_02-Z0092,1,85,2907.34765625,,unavailable in GeoTIFF; band index reported
scene_02-Z0092,1,86,2905.3212890625,,unavailable in GeoTIFF; band index reported
scene_02-Z0092,1,87,2814.493896484375,4132.1618496129795,unavailable in GeoTIFF; band index reported
scene_02-Z0092,1,88,2975.635498046875,,unavailable in GeoTIFF; band index reported
scene_02-Z0092,1,89,3002.32861328125,,unavailable in GeoTIFF; band index reported
scene_02-Z0092,1,90,3009.49169921875,,unavailable in GeoTIFF; band index reported
scene_02-Z0092,1,91,2951.280517578125,,unavailable in GeoTIFF; band index reported
scene_02-Z0092,1,92,2883.009521484375,,unavailable in GeoTIFF; band index reported
scene_02-Z0092,1,93,2839.58984375,,unavailable in GeoTIFF; band index reported
scene_02-Z0092,1,94,2938.230224609375,4309.2867326760515,unavailable in GeoTIFF; band index reported
scene_02-Z0092,1,95,2899.306884765625,,unavailable in GeoTIFF; band index reported
scene_02-Z0092,1,96,3002.959228515625,,unavailable in GeoTIFF; band index reported
scene_02-Z0092,1,97,2905.587646484375,,unavailable in GeoTIFF; band index reported
scene_02-Z0092,1,98,3024.419677734375,,unavailable in GeoTIFF; band index reported
scene_02-Z0092,1,99,2935.30224609375,,unavailable in GeoTIFF; band index reported
scene_02-Z0092,1,100,3051.661865234375,,unavailable in GeoTIFF; band index reported
scene_02-Z0092,1,101,2945.6787109375,4322.162446797493,unavailable in GeoTIFF; band index reported
scene_02-Z0092,1,102,3072.714599609375,,unavailable in GeoTIFF; band index reported
scene_02-Z0092,1,103,3100.51318359375,,unavailable in GeoTIFF; band index reported
scene_02-Z0092,1,104,3122.503662109375,,unavailable in GeoTIFF; band index reported
scene_02-Z0092,1,105,3143.764892578125,,unavailable in GeoTIFF; band index reported
scene_02-Z0092,1,106,3162.12939453125,,unavailable in GeoTIFF; band index reported
scene_02-Z0092,1,107,3193.02392578125,,unavailable in GeoTIFF; band index reported
scene_02-Z0092,1,108,3226.740966796875,4587.895775244769,unavailable in GeoTIFF; band index reported
scene_02-Z0092,1,109,3250.848876953125,,unavailable in GeoTIFF; band index reported
scene_02-Z0092,1,110,3296.040771484375,,unavailable in GeoTIFF; band index reported
scene_02-Z0092,1,111,3331.717041015625,,unavailable in GeoTIFF; band index reported
scene_02-Z0092,1,112,3306.872802734375,,unavailable in GeoTIFF; band index reported
scene_02-Z0092,1,113,3494.705078125,,unavailable in GeoTIFF; band index reported
scene_02-Z0092,1,114,3492.577880859375,,unavailable in GeoTIFF; band index reported
scene_02-Z0092,1,115,3385.877685546875,,unavailable in GeoTIFF; band index reported
scene_02-Z0092,1,116,3429.7001953125,4773.595522481138,unavailable in GeoTIFF; band index reported
scene_02-Z0092,1,117,3507.6162109375,,unavailable in GeoTIFF; band index reported
scene_02-Z0092,1,118,3576.5947265625,,unavailable in GeoTIFF; band index reported
scene_02-Z0092,1,119,3599.985595703125,,unavailable in GeoTIFF; band index reported
scene_02-Z0092,1,120,3605.43896484375,,unavailable in GeoTIFF; band index reported
scene_02-Z0092,1,121,3633.088623046875,,unavailable in GeoTIFF; band index reported
scene_02-Z0092,1,122,3650.7578125,,unavailable in GeoTIFF; band index reported
scene_02-Z0092,1,123,3674.021484375,5061.2235274916375,unavailable in GeoTIFF; band index reported
scene_02-Z0092,1,124,3720.575439453125,,unavailable in GeoTIFF; band index reported
scene_02-Z0092,1,125,3756.6689453125,,unavailable in GeoTIFF; band index reported
scene_02-Z0092,1,126,3739.97119140625,,unavailable in GeoTIFF; band index reported
scene_02-Z0092,1,127,3734.34521484375,,unavailable in GeoTIFF; band index reported
scene_02-Z0092,1,128,3750.019287109375,,unavailable in GeoTIFF; band index reported
scene_02-Z0092,1,129,3748.5947265625,,unavailable in GeoTIFF; band index reported
scene_02-Z0092,1,130,3753.48681640625,5181.63314746944,unavailable in GeoTIFF; band index reported
scene_02-Z0092,1,131,-32768.0,,unavailable in GeoTIFF; band index reported
scene_02-Z0092,1,132,-32768.0,,unavailable in GeoTIFF; band index reported
scene_02-Z0092,1,133,-32768.0,,unavailable in GeoTIFF; band index reported
scene_02-Z0092,1,134,-32768.0,,unavailable in GeoTIFF; band index reported
scene_02-Z0092,1,135,-32768.0,,unavailable in GeoTIFF; band index reported
scene_02-Z0092,1,136,3801.947265625,,unavailable in GeoTIFF; band index reported
scene_02-Z0092,1,137,3944.56103515625,5313.299393467547,unavailable in GeoTIFF; band index reported
scene_02-Z0092,1,138,3835.7265625,,unavailable in GeoTIFF; band index reported
scene_02-Z0092,1,139,3808.9736328125,,unavailable in GeoTIFF; band index reported
scene_02-Z0092,1,140,3859.609130859375,,unavailable in GeoTIFF; band index reported
scene_02-Z0092,1,141,3920.585205078125,,unavailable in GeoTIFF; band index reported
scene_02-Z0092,1,142,3955.009521484375,,unavailable in GeoTIFF; band index reported
scene_02-Z0092,1,143,3964.796142578125,,unavailable in GeoTIFF; band index reported
scene_02-Z0092,1,144,3972.11279296875,5291.036598592477,unavailable in GeoTIFF; band index reported
scene_02-Z0092,1,145,3991.29248046875,,unavailable in GeoTIFF; band index reported
scene_02-Z0092,1,146,4001.5634765625,,unavailable in GeoTIFF; band index reported
scene_02-Z0092,1,147,4005.764892578125,,unavailable in GeoTIFF; band index reported
scene_02-Z0092,1,148,4012.777099609375,,unavailable in GeoTIFF; band index reported
scene_02-Z0092,1,149,4026.87060546875,,unavailable in GeoTIFF; band index reported
scene_02-Z0092,1,150,4036.335693359375,,unavailable in GeoTIFF; band index reported
scene_02-Z0092,1,151,4031.24951171875,,unavailable in GeoTIFF; band index reported
scene_02-Z0092,1,152,4031.67138671875,5322.025407664693,unavailable in GeoTIFF; band index reported
scene_02-Z0092,1,153,4027.556396484375,,unavailable in GeoTIFF; band index reported
scene_02-Z0092,1,154,4038.932861328125,,unavailable in GeoTIFF; band index reported
scene_02-Z0092,1,155,4038.714599609375,,unavailable in GeoTIFF; band index reported
scene_02-Z0092,1,156,4050.225341796875,,unavailable in GeoTIFF; band index reported
scene_02-Z0092,1,157,4051.885009765625,,unavailable in GeoTIFF; band index reported
scene_02-Z0092,1,158,4057.7265625,,unavailable in GeoTIFF; band index reported
scene_02-Z0092,1,159,4052.57080078125,5333.289541560736,unavailable in GeoTIFF; band index reported
scene_02-Z0092,1,160,4069.96630859375,,unavailable in GeoTIFF; band index reported
scene_02-Z0092,1,161,4050.11279296875,,unavailable in GeoTIFF; band index reported
scene_02-Z0092,1,162,4047.340576171875,,unavailable in GeoTIFF; band index reported
scene_02-Z0092,1,163,4052.206298828125,,unavailable in GeoTIFF; band index reported
scene_02-Z0092,1,164,4027.23974609375,,unavailable in GeoTIFF; band index reported
scene_02-Z0092,1,165,3990.961669921875,,unavailable in GeoTIFF; band index reported
scene_02-Z0092,1,166,3906.796142578125,5126.3322530328205,unavailable in GeoTIFF; band index reported
scene_02-Z0092,1,167,3400.251708984375,,unavailable in GeoTIFF; band index reported
scene_02-Z0092,1,168,3609.1416015625,,unavailable in GeoTIFF; band index reported
scene_02-Z0092,1,169,3759.1630859375,,unavailable in GeoTIFF; band index reported
scene_02-Z0092,1,170,3629.422119140625,,unavailable in GeoTIFF; band index reported
scene_02-Z0092,1,171,3081.904052734375,,unavailable in GeoTIFF; band index reported
scene_02-Z0092,1,172,3229.148681640625,,unavailable in GeoTIFF; band index reported
scene_02-Z0092,1,173,3514.453125,4868.793331420657,unavailable in GeoTIFF; band index reported
scene_02-Z0092,1,174,3754.856201171875,,unavailable in GeoTIFF; band index reported
scene_02-Z0092,1,175,3850.885009765625,,unavailable in GeoTIFF; band index reported
scene_02-Z0092,1,176,3735.072021484375,,unavailable in GeoTIFF; band index reported
scene_02-Z0092,1,177,3714.16552734375,,unavailable in GeoTIFF; band index reported
scene_02-Z0092,1,178,3678.287841796875,,unavailable in GeoTIFF; band index reported
scene_02-Z0092,1,179,3741.424560546875,,unavailable in GeoTIFF; band index reported
scene_02-Z0092,1,180,3711.05517578125,5202.966566248882,unavailable in GeoTIFF; band index reported
scene_02-Z0092,1,181,3697.10791015625,,unavailable in GeoTIFF; band index reported
scene_02-Z0092,1,182,3703.846435546875,,unavailable in GeoTIFF; band index reported
scene_02-Z0092,1,183,3659.143798828125,,unavailable in GeoTIFF; band index reported
scene_02-Z0092,1,184,3639.05029296875,,unavailable in GeoTIFF; band index reported
scene_02-Z0092,1,185,3591.927978515625,,unavailable in GeoTIFF; band index reported
scene_02-Z0092,1,186,3512.546875,,unavailable in GeoTIFF; band index reported
scene_02-Z0092,1,187,3374.91845703125,,unavailable in GeoTIFF; band index reported
scene_02-Z0092,1,188,3245.91845703125,5041.53400087969,unavailable in GeoTIFF; band index reported
scene_02-Z0092,1,189,3141.8896484375,,unavailable in GeoTIFF; band index reported
scene_02-Z0092,1,190,3101.4267578125,,unavailable in GeoTIFF; band index reported
scene_02-Z0092,1,191,3089.80810546875,,unavailable in GeoTIFF; band index reported
scene_02-Z0092,1,192,3075.441162109375,,unavailable in GeoTIFF; band index reported
scene_02-Z0092,1,193,2976.7529296875,,unavailable in GeoTIFF; band index reported
scene_02-Z0092,1,194,2826.7314453125,,unavailable in GeoTIFF; band index reported
scene_02-Z0092,1,195,3034.86572265625,4730.891681356888,unavailable in GeoTIFF; band index reported
scene_02-Z0092,1,196,3217.019287109375,,unavailable in GeoTIFF; band index reported
scene_02-Z0092,1,197,3258.498779296875,,unavailable in GeoTIFF; band index reported
scene_02-Z0092,1,198,3232.021484375,,unavailable in GeoTIFF; band index reported
scene_02-Z0092,1,199,3213.412353515625,,unavailable in GeoTIFF; band index reported
scene_02-Z0092,1,200,3195.70263671875,,unavailable in GeoTIFF; band index reported
scene_02-Z0092,1,201,3171.930419921875,,unavailable in GeoTIFF; band index reported
scene_02-Z0092,1,202,3154.12939453125,4755.162417917476,unavailable in GeoTIFF; band index reported
scene_02-Z0092,1,203,3120.4267578125,,unavailable in GeoTIFF; band index reported
scene_02-Z0092,1,204,3051.49169921875,,unavailable in GeoTIFF; band index reported
scene_02-Z0092,1,205,2970.498779296875,,unavailable in GeoTIFF; band index reported
scene_02-Z0092,1,206,2952.69775390625,,unavailable in GeoTIFF; band index reported
scene_02-Z0092,1,207,2935.309326171875,,unavailable in GeoTIFF; band index reported
scene_02-Z0092,1,208,2872.385986328125,,unavailable in GeoTIFF; band index reported
scene_02-Z0092,1,209,2890.179931640625,4476.438329984224,unavailable in GeoTIFF; band index reported
scene_02-Z0092,1,210,2861.87060546875,,unavailable in GeoTIFF; band index reported
scene_02-Z0092,1,211,2801.911376953125,,unavailable in GeoTIFF; band index reported
scene_02-Z0092,1,212,2771.51806640625,,unavailable in GeoTIFF; band index reported
scene_02-Z0092,1,213,2830.009521484375,,unavailable in GeoTIFF; band index reported
scene_02-Z0092,1,214,2799.46044921875,,unavailable in GeoTIFF; band index reported
scene_02-Z0092,1,215,2742.601806640625,,unavailable in GeoTIFF; band index reported
scene_02-Z0092,1,216,2692.97607421875,4250.046155720016,unavailable in GeoTIFF; band index reported
scene_02-Z0092,1,217,2709.549072265625,,unavailable in GeoTIFF; band index reported
scene_02-Z0092,1,218,2746.235107421875,,unavailable in GeoTIFF; band index reported
scene_02-Z0092,1,219,2706.906494140625,,unavailable in GeoTIFF; band index reported
scene_02-Z0092,1,220,2645.88720703125,,unavailable in GeoTIFF; band index reported
scene_02-Z0092,1,221,2634.2685546875,,unavailable in GeoTIFF; band index reported
scene_02-Z0092,1,222,2688.146240234375,,unavailable in GeoTIFF; band index reported
scene_02-Z0092,1,223,2564.2734375,,unavailable in GeoTIFF; band index reported
scene_02-Z0092,1,224,2595.1630859375,3969.812622182586,unavailable in GeoTIFF; band index reported
scene_02-Z0064,2,1,663.1453857421875,923.9636213539318,unavailable in GeoTIFF; band index reported
scene_02-Z0064,2,2,671.4161376953125,,unavailable in GeoTIFF; band index reported
scene_02-Z0064,2,3,697.8120727539062,,unavailable in GeoTIFF; band index reported
scene_02-Z0064,2,4,733.9552612304688,,unavailable in GeoTIFF; band index reported
scene_02-Z0064,2,5,766.644287109375,,unavailable in GeoTIFF; band index reported
scene_02-Z0064,2,6,785.6487426757812,,unavailable in GeoTIFF; band index reported
scene_02-Z0064,2,7,819.6062622070312,,unavailable in GeoTIFF; band index reported
scene_02-Z0064,2,8,844.5704956054688,1239.8336512557007,unavailable in GeoTIFF; band index reported
scene_02-Z0064,2,9,855.7471923828125,,unavailable in GeoTIFF; band index reported
scene_02-Z0064,2,10,880.398193359375,,unavailable in GeoTIFF; band index reported
scene_02-Z0064,2,11,888.7763061523438,,unavailable in GeoTIFF; band index reported
scene_02-Z0064,2,12,896.0,,unavailable in GeoTIFF; band index reported
scene_02-Z0064,2,13,911.409423828125,,unavailable in GeoTIFF; band index reported
scene_02-Z0064,2,14,941.6331176757812,,unavailable in GeoTIFF; band index reported
scene_02-Z0064,2,15,963.740478515625,1434.539444115118,unavailable in GeoTIFF; band index reported
scene_02-Z0064,2,16,979.8232421875,,unavailable in GeoTIFF; band index reported
scene_02-Z0064,2,17,1009.7650756835938,,unavailable in GeoTIFF; band index reported
scene_02-Z0064,2,18,1035.97314453125,,unavailable in GeoTIFF; band index reported
scene_02-Z0064,2,19,1067.398193359375,,unavailable in GeoTIFF; band index reported
scene_02-Z0064,2,20,1102.6778564453125,,unavailable in GeoTIFF; band index reported
scene_02-Z0064,2,21,1139.125244140625,,unavailable in GeoTIFF; band index reported
scene_02-Z0064,2,22,1170.644287109375,1823.7665394518328,unavailable in GeoTIFF; band index reported
scene_02-Z0064,2,23,1206.76513671875,,unavailable in GeoTIFF; band index reported
scene_02-Z0064,2,24,1247.601806640625,,unavailable in GeoTIFF; band index reported
scene_02-Z0064,2,25,1286.425048828125,,unavailable in GeoTIFF; band index reported
scene_02-Z0064,2,26,1336.7203369140625,,unavailable in GeoTIFF; band index reported
scene_02-Z0064,2,27,1386.9910888671875,,unavailable in GeoTIFF; band index reported
scene_02-Z0064,2,28,1432.167724609375,,unavailable in GeoTIFF; band index reported
scene_02-Z0064,2,29,1487.9686279296875,2397.2422113758685,unavailable in GeoTIFF; band index reported
scene_02-Z0064,2,30,1536.928466796875,,unavailable in GeoTIFF; band index reported
scene_02-Z0064,2,31,1603.836669921875,,unavailable in GeoTIFF; band index reported
scene_02-Z0064,2,32,1652.615234375,,unavailable in GeoTIFF; band index reported
scene_02-Z0064,2,33,1704.400390625,,unavailable in GeoTIFF; band index reported
scene_02-Z0064,2,34,1757.2103271484375,,unavailable in GeoTIFF; band index reported
scene_02-Z0064,2,35,1804.9150390625,,unavailable in GeoTIFF; band index reported
scene_02-Z0064,2,36,1850.0201416015625,3085.206971340238,unavailable in GeoTIFF; band index reported
scene_02-Z0064,2,37,1893.917236328125,,unavailable in GeoTIFF; band index reported
scene_02-Z0064,2,38,1933.494384765625,,unavailable in GeoTIFF; band index reported
scene_02-Z0064,2,39,1963.029052734375,,unavailable in GeoTIFF; band index reported
scene_02-Z0064,2,40,1987.532470703125,,unavailable in GeoTIFF; band index reported
scene_02-Z0064,2,41,2021.44970703125,,unavailable in GeoTIFF; band index reported
scene_02-Z0064,2,42,2042.082763671875,,unavailable in GeoTIFF; band index reported
scene_02-Z0064,2,43,2060.333251953125,,unavailable in GeoTIFF; band index reported
scene_02-Z0064,2,44,2093.436279296875,3494.815894205586,unavailable in GeoTIFF; band index reported
scene_02-Z0064,2,45,2123.4072265625,,unavailable in GeoTIFF; band index reported
scene_02-Z0064,2,46,2148.45849609375,,unavailable in GeoTIFF; band index reported
scene_02-Z0064,2,47,2173.210205078125,,unavailable in GeoTIFF; band index reported
scene_02-Z0064,2,48,2192.243896484375,,unavailable in GeoTIFF; band index reported
scene_02-Z0064,2,49,2222.648681640625,,unavailable in GeoTIFF; band index reported
scene_02-Z0064,2,50,2224.25048828125,,unavailable in GeoTIFF; band index reported
scene_02-Z0064,2,51,2275.675537109375,3775.111587847919,unavailable in GeoTIFF; band index reported
scene_02-Z0064,2,52,2296.355712890625,,unavailable in GeoTIFF; band index reported
scene_02-Z0064,2,53,2321.062744140625,,unavailable in GeoTIFF; band index reported
scene_02-Z0064,2,54,2342.906005859375,,unavailable in GeoTIFF; band index reported
scene_02-Z0064,2,55,2370.548095703125,,unavailable in GeoTIFF; band index reported
scene_02-Z0064,2,56,2417.709228515625,,unavailable in GeoTIFF; band index reported
scene_02-Z0064,2,57,2461.521240234375,,unavailable in GeoTIFF; band index reported
scene_02-Z0064,2,58,2468.5390625,4054.9174799127018,unavailable in GeoTIFF; band index reported
scene_02-Z0064,2,59,2492.2841796875,,unavailable in GeoTIFF; band index reported
scene_02-Z0064,2,60,2488.29541015625,,unavailable in GeoTIFF; band index reported
scene_02-Z0064,2,61,2574.814208984375,,unavailable in GeoTIFF; band index reported
scene_02-Z0064,2,62,2365.033447265625,,unavailable in GeoTIFF; band index reported
scene_02-Z0064,2,63,2583.0537109375,,unavailable in GeoTIFF; band index reported
scene_02-Z0064,2,64,2622.494384765625,,unavailable in GeoTIFF; band index reported
scene_02-Z0064,2,65,2651.81884765625,4208.583425148986,unavailable in GeoTIFF; band index reported
scene_02-Z0064,2,66,2665.590576171875,,unavailable in GeoTIFF; band index reported
scene_02-Z0064,2,67,2687.109619140625,,unavailable in GeoTIFF; band index reported
scene_02-Z0064,2,68,2725.156494140625,,unavailable in GeoTIFF; band index reported
scene_02-Z0064,2,69,2745.20361328125,,unavailable in GeoTIFF; band index reported
scene_02-Z0064,2,70,2762.948486328125,,unavailable in GeoTIFF; band index reported
scene_02-Z0064,2,71,2730.456298828125,,unavailable in GeoTIFF; band index reported
scene_02-Z0064,2,72,2757.516845703125,4260.953433207812,unavailable in GeoTIFF; band index reported
scene_02-Z0064,2,73,2768.035888671875,,unavailable in GeoTIFF; band index reported
scene_02-Z0064,2,74,2745.601806640625,,unavailable in GeoTIFF; band index reported
scene_02-Z0064,2,75,2801.88818359375,,unavailable in GeoTIFF; band index reported
scene_02-Z0064,2,76,2763.015625,,unavailable in GeoTIFF; band index reported
scene_02-Z0064,2,77,2802.17236328125,,unavailable in GeoTIFF; band index reported
scene_02-Z0064,2,78,2809.675537109375,,unavailable in GeoTIFF; band index reported
scene_02-Z0064,2,79,2810.16552734375,,unavailable in GeoTIFF; band index reported
scene_02-Z0064,2,80,2874.09619140625,4274.851139547828,unavailable in GeoTIFF; band index reported
scene_02-Z0064,2,81,2826.74267578125,,unavailable in GeoTIFF; band index reported
scene_02-Z0064,2,82,2872.114013671875,,unavailable in GeoTIFF; band index reported
scene_02-Z0064,2,83,2804.843505859375,,unavailable in GeoTIFF; band index reported
scene_02-Z0064,2,84,2706.107421875,,unavailable in GeoTIFF; band index reported
scene_02-Z0064,2,85,2909.97998046875,,unavailable in GeoTIFF; band index reported
scene_02-Z0064,2,86,2876.190185546875,,unavailable in GeoTIFF; band index reported
scene_02-Z0064,2,87,2793.859130859375,4132.1618496129795,unavailable in GeoTIFF; band index reported
scene_02-Z0064,2,88,2988.48095703125,,unavailable in GeoTIFF; band index reported
scene_02-Z0064,2,89,2989.8232421875,,unavailable in GeoTIFF; band index reported
scene_02-Z0064,2,90,2982.62646484375,,unavailable in GeoTIFF; band index reported
scene_02-Z0064,2,91,2952.232666015625,,unavailable in GeoTIFF; band index reported
scene_02-Z0064,2,92,2881.830078125,,unavailable in GeoTIFF; band index reported
scene_02-Z0064,2,93,2848.740478515625,,unavailable in GeoTIFF; band index reported
scene_02-Z0064,2,94,2958.445068359375,4309.2867326760515,unavailable in GeoTIFF; band index reported
scene_02-Z0064,2,95,2919.9462890625,,unavailable in GeoTIFF; band index reported
scene_02-Z0064,2,96,3006.5615234375,,unavailable in GeoTIFF; band index reported
scene_02-Z0064,2,97,2930.939697265625,,unavailable in GeoTIFF; band index reported
scene_02-Z0064,2,98,3032.420654296875,,unavailable in GeoTIFF; band index reported
scene_02-Z0064,2,99,2946.586181640625,,unavailable in GeoTIFF; band index reported
scene_02-Z0064,2,100,3052.89697265625,,unavailable in GeoTIFF; band index reported
scene_02-Z0064,2,101,2954.23486328125,4322.162446797493,unavailable in GeoTIFF; band index reported
scene_02-Z0064,2,102,3072.80078125,,unavailable in GeoTIFF; band index reported
scene_02-Z0064,2,103,3100.655517578125,,unavailable in GeoTIFF; band index reported
scene_02-Z0064,2,104,3118.99560546875,,unavailable in GeoTIFF; band index reported
scene_02-Z0064,2,105,3135.290771484375,,unavailable in GeoTIFF; band index reported
scene_02-Z0064,2,106,3150.71142578125,,unavailable in GeoTIFF; band index reported
scene_02-Z0064,2,107,3179.579345703125,,unavailable in GeoTIFF; band index reported
scene_02-Z0064,2,108,3211.313232421875,4587.895775244769,unavailable in GeoTIFF; band index reported
scene_02-Z0064,2,109,3230.382568359375,,unavailable in GeoTIFF; band index reported
scene_02-Z0064,2,110,3265.210205078125,,unavailable in GeoTIFF; band index reported
scene_02-Z0064,2,111,3286.281982421875,,unavailable in GeoTIFF; band index reported
scene_02-Z0064,2,112,3228.029052734375,,unavailable in GeoTIFF; band index reported
scene_02-Z0064,2,113,3430.686767578125,,unavailable in GeoTIFF; band index reported
scene_02-Z0064,2,114,3420.798583984375,,unavailable in GeoTIFF; band index reported
scene_02-Z0064,2,115,3379.33544921875,,unavailable in GeoTIFF; band index reported
scene_02-Z0064,2,116,3416.510009765625,4773.595522481138,unavailable in GeoTIFF; band index reported
scene_02-Z0064,2,117,3472.724853515625,,unavailable in GeoTIFF; band index reported
scene_02-Z0064,2,118,3537.953125,,unavailable in GeoTIFF; band index reported
scene_02-Z0064,2,119,3554.66455078125,,unavailable in GeoTIFF; band index reported
scene_02-Z0064,2,120,3571.489990234375,,unavailable in GeoTIFF; band index reported
scene_02-Z0064,2,121,3599.29541015625,,unavailable in GeoTIFF; band index reported
scene_02-Z0064,2,122,3616.067138671875,,unavailable in GeoTIFF; band index reported
scene_02-Z0064,2,123,3642.471923828125,5061.2235274916375,unavailable in GeoTIFF; band index reported
scene_02-Z0064,2,124,3677.7607421875,,unavailable in GeoTIFF; band index reported
scene_02-Z0064,2,125,3742.94189453125,,unavailable in GeoTIFF; band index reported
scene_02-Z0064,2,126,3713.590576171875,,unavailable in GeoTIFF; band index reported
scene_02-Z0064,2,127,3700.9462890625,,unavailable in GeoTIFF; band index reported
scene_02-Z0064,2,128,3711.80078125,,unavailable in GeoTIFF; band index reported
scene_02-Z0064,2,129,3703.944091796875,,unavailable in GeoTIFF; band index reported
scene_02-Z0064,2,130,3683.890380859375,5181.63314746944,unavailable in GeoTIFF; band index reported
scene_02-Z0064,2,131,-32768.0,,unavailable in GeoTIFF; band index reported
scene_02-Z0064,2,132,-32768.0,,unavailable in GeoTIFF; band index reported
scene_02-Z0064,2,133,-32768.0,,unavailable in GeoTIFF; band index reported
scene_02-Z0064,2,134,-32768.0,,unavailable in GeoTIFF; band index reported
scene_02-Z0064,2,135,-32768.0,,unavailable in GeoTIFF; band index reported
scene_02-Z0064,2,136,3830.73388671875,,unavailable in GeoTIFF; band index reported
scene_02-Z0064,2,137,3860.830078125,5313.299393467547,unavailable in GeoTIFF; band index reported
scene_02-Z0064,2,138,3813.78515625,,unavailable in GeoTIFF; band index reported
scene_02-Z0064,2,139,3833.6689453125,,unavailable in GeoTIFF; band index reported
scene_02-Z0064,2,140,3874.9462890625,,unavailable in GeoTIFF; band index reported
scene_02-Z0064,2,141,3928.013427734375,,unavailable in GeoTIFF; band index reported
scene_02-Z0064,2,142,3953.606201171875,,unavailable in GeoTIFF; band index reported
scene_02-Z0064,2,143,3952.751708984375,,unavailable in GeoTIFF; band index reported
scene_02-Z0064,2,144,3965.154296875,5291.036598592477,unavailable in GeoTIFF; band index reported
scene_02-Z0064,2,145,3985.39599609375,,unavailable in GeoTIFF; band index reported
scene_02-Z0064,2,146,3988.53466796875,,unavailable in GeoTIFF; band index reported
scene_02-Z0064,2,147,4007.14306640625,,unavailable in GeoTIFF; band index reported
scene_02-Z0064,2,148,4011.910400390625,,unavailable in GeoTIFF; band index reported
scene_02-Z0064,2,149,4013.322265625,,unavailable in GeoTIFF; band index reported
scene_02-Z0064,2,150,4034.228271484375,,unavailable in GeoTIFF; band index reported
scene_02-Z0064,2,151,4032.00439453125,,unavailable in GeoTIFF; band index reported
scene_02-Z0064,2,152,4029.953125,5322.025407664693,unavailable in GeoTIFF; band index reported
scene_02-Z0064,2,153,4028.2841796875,,unavailable in GeoTIFF; band index reported
scene_02-Z0064,2,154,4047.912841796875,,unavailable in GeoTIFF; band index reported
scene_02-Z0064,2,155,4040.937255859375,,unavailable in GeoTIFF; band index reported
scene_02-Z0064,2,156,4055.948486328125,,unavailable in GeoTIFF; band index reported
scene_02-Z0064,2,157,4056.586181640625,,unavailable in GeoTIFF; band index reported
scene_02-Z0064,2,158,4057.402587890625,,unavailable in GeoTIFF; band index reported
scene_02-Z0064,2,159,4069.259521484375,5333.289541560736,unavailable in GeoTIFF; band index reported
scene_02-Z0064,2,160,4066.86572265625,,unavailable in GeoTIFF; band index reported
scene_02-Z0064,2,161,4056.7607421875,,unavailable in GeoTIFF; band index reported
scene_02-Z0064,2,162,4056.630859375,,unavailable in GeoTIFF; band index reported
scene_02-Z0064,2,163,4060.8837890625,,unavailable in GeoTIFF; band index reported
scene_02-Z0064,2,164,4015.548095703125,,unavailable in GeoTIFF; band index reported
scene_02-Z0064,2,165,3977.013427734375,,unavailable in GeoTIFF; band index reported
scene_02-Z0064,2,166,3896.29541015625,5126.3322530328205,unavailable in GeoTIFF; band index reported
scene_02-Z0064,2,167,3550.076171875,,unavailable in GeoTIFF; band index reported
scene_02-Z0064,2,168,3712.3154296875,,unavailable in GeoTIFF; band index reported
scene_02-Z0064,2,169,3802.093994140625,,unavailable in GeoTIFF; band index reported
scene_02-Z0064,2,170,3550.42724609375,,unavailable in GeoTIFF; band index reported
scene_02-Z0064,2,171,3163.478759765625,,unavailable in GeoTIFF; band index reported
scene_02-Z0064,2,172,3361.093994140625,,unavailable in GeoTIFF; band index reported
scene_02-Z0064,2,173,3704.24169921875,4868.793331420657,unavailable in GeoTIFF; band index reported
scene_02-Z0064,2,174,3850.41162109375,,unavailable in GeoTIFF; band index reported
scene_02-Z0064,2,175,3908.447509765625,,unavailable in GeoTIFF; band index reported
scene_02-Z0064,2,176,3755.3916015625,,unavailable in GeoTIFF; band index reported
scene_02-Z0064,2,177,3819.471923828125,,unavailable in GeoTIFF; band index reported
scene_02-Z0064,2,178,3793.85009765625,,unavailable in GeoTIFF; band index reported
scene_02-Z0064,2,179,3864.232666015625,,unavailable in GeoTIFF; band index reported
scene_02-Z0064,2,180,3806.54150390625,5202.966566248882,unavailable in GeoTIFF; band index reported
scene_02-Z0064,2,181,3801.724853515625,,unavailable in GeoTIFF; band index reported
scene_02-Z0064,2,182,3811.532470703125,,unavailable in GeoTIFF; band index reported
scene_02-Z0064,2,183,3759.378173828125,,unavailable in GeoTIFF; band index reported
scene_02-Z0064,2,184,3763.72265625,,unavailable in GeoTIFF; band index reported
scene_02-Z0064,2,185,3724.353515625,,unavailable in GeoTIFF; band index reported
scene_02-Z0064,2,186,3634.447509765625,,unavailable in GeoTIFF; band index reported
scene_02-Z0064,2,187,3490.955322265625,,unavailable in GeoTIFF; band index reported
scene_02-Z0064,2,188,3354.248291015625,5041.53400087969,unavailable in GeoTIFF; band index reported
scene_02-Z0064,2,189,3291.501220703125,,unavailable in GeoTIFF; band index reported
scene_02-Z0064,2,190,3284.317626953125,,unavailable in GeoTIFF; band index reported
scene_02-Z0064,2,191,3285.709228515625,,unavailable in GeoTIFF; band index reported
scene_02-Z0064,2,192,3216.68896484375,,unavailable in GeoTIFF; band index reported
scene_02-Z0064,2,193,3108.046875,,unavailable in GeoTIFF; band index reported
scene_02-Z0064,2,194,2991.120849609375,,unavailable in GeoTIFF; band index reported
scene_02-Z0064,2,195,3195.136474609375,4730.891681356888,unavailable in GeoTIFF; band index reported
scene_02-Z0064,2,196,3364.23046875,,unavailable in GeoTIFF; band index reported
scene_02-Z0064,2,197,3380.270751953125,,unavailable in GeoTIFF; band index reported
scene_02-Z0064,2,198,3346.431884765625,,unavailable in GeoTIFF; band index reported
scene_02-Z0064,2,199,3328.051513671875,,unavailable in GeoTIFF; band index reported
scene_02-Z0064,2,200,3319.885986328125,,unavailable in GeoTIFF; band index reported
scene_02-Z0064,2,201,3304.12744140625,,unavailable in GeoTIFF; band index reported
scene_02-Z0064,2,202,3272.948486328125,4755.162417917476,unavailable in GeoTIFF; band index reported
scene_02-Z0064,2,203,3230.847900390625,,unavailable in GeoTIFF; band index reported
scene_02-Z0064,2,204,3162.369140625,,unavailable in GeoTIFF; band index reported
scene_02-Z0064,2,205,3109.340087890625,,unavailable in GeoTIFF; band index reported
scene_02-Z0064,2,206,3105.613037109375,,unavailable in GeoTIFF; band index reported
scene_02-Z0064,2,207,3013.97314453125,,unavailable in GeoTIFF; band index reported
scene_02-Z0064,2,208,3009.4072265625,,unavailable in GeoTIFF; band index reported
scene_02-Z0064,2,209,3000.4697265625,4476.438329984224,unavailable in GeoTIFF; band index reported
scene_02-Z0064,2,210,2958.53466796875,,unavailable in GeoTIFF; band index reported
scene_02-Z0064,2,211,2915.371337890625,,unavailable in GeoTIFF; band index reported
scene_02-Z0064,2,212,2929.348876953125,,unavailable in GeoTIFF; band index reported
scene_02-Z0064,2,213,2957.147705078125,,unavailable in GeoTIFF; band index reported
scene_02-Z0064,2,214,2899.5078125,,unavailable in GeoTIFF; band index reported
scene_02-Z0064,2,215,2877.83447265625,,unavailable in GeoTIFF; band index reported
scene_02-Z0064,2,216,2816.885986328125,4250.046155720016,unavailable in GeoTIFF; band index reported
scene_02-Z0064,2,217,2837.017822265625,,unavailable in GeoTIFF; band index reported
scene_02-Z0064,2,218,2851.718017578125,,unavailable in GeoTIFF; band index reported
scene_02-Z0064,2,219,2810.3623046875,,unavailable in GeoTIFF; band index reported
scene_02-Z0064,2,220,2723.156494140625,,unavailable in GeoTIFF; band index reported
scene_02-Z0064,2,221,2765.885986328125,,unavailable in GeoTIFF; band index reported
scene_02-Z0064,2,222,2723.474365234375,,unavailable in GeoTIFF; band index reported
scene_02-Z0064,2,223,2721.617431640625,,unavailable in GeoTIFF; band index reported
scene_02-Z0064,2,224,2592.617431640625,3969.812622182586,unavailable in GeoTIFF; band index reported
scene_02-Z0042,3,1,702.0885009765625,923.9636213539318,unavailable in GeoTIFF; band index reported
scene_02-Z0042,3,2,716.1504516601562,,unavailable in GeoTIFF; band index reported
scene_02-Z0042,3,3,745.6194458007812,,unavailable in GeoTIFF; band index reported
scene_02-Z0042,3,4,772.0885009765625,,unavailable in GeoTIFF; band index reported
scene_02-Z0042,3,5,814.1239013671875,,unavailable in GeoTIFF; band index reported
scene_02-Z0042,3,6,835.6636962890625,,unavailable in GeoTIFF; band index reported
scene_02-Z0042,3,7,871.6371459960938,,unavailable in GeoTIFF; band index reported
scene_02-Z0042,3,8,894.0973510742188,1239.8336512557007,unavailable in GeoTIFF; band index reported
scene_02-Z0042,3,9,908.2920532226562,,unavailable in GeoTIFF; band index reported
scene_02-Z0042,3,10,927.0531005859375,,unavailable in GeoTIFF; band index reported
scene_02-Z0042,3,11,939.0,,unavailable in GeoTIFF; band index reported
scene_02-Z0042,3,12,945.9468994140625,,unavailable in GeoTIFF; band index reported
scene_02-Z0042,3,13,966.6636962890625,,unavailable in GeoTIFF; band index reported
scene_02-Z0042,3,14,997.8849487304688,,unavailable in GeoTIFF; band index reported
scene_02-Z0042,3,15,1016.0265502929688,1434.539444115118,unavailable in GeoTIFF; band index reported
scene_02-Z0042,3,16,1034.7611083984375,,unavailable in GeoTIFF; band index reported
scene_02-Z0042,3,17,1061.5487060546875,,unavailable in GeoTIFF; band index reported
scene_02-Z0042,3,18,1090.150390625,,unavailable in GeoTIFF; band index reported
scene_02-Z0042,3,19,1119.9735107421875,,unavailable in GeoTIFF; band index reported
scene_02-Z0042,3,20,1158.814208984375,,unavailable in GeoTIFF; band index reported
scene_02-Z0042,3,21,1196.8673095703125,,unavailable in GeoTIFF; band index reported
scene_02-Z0042,3,22,1224.681396484375,1823.7665394518328,unavailable in GeoTIFF; band index reported
scene_02-Z0042,3,23,1269.601806640625,,unavailable in GeoTIFF; band index reported
scene_02-Z0042,3,24,1310.0087890625,,unavailable in GeoTIFF; band index reported
scene_02-Z0042,3,25,1359.63720703125,,unavailable in GeoTIFF; band index reported
scene_02-Z0042,3,26,1411.07958984375,,unavailable in GeoTIFF; band index reported
scene_02-Z0042,3,27,1460.0531005859375,,unavailable in GeoTIFF; band index reported
scene_02-Z0042,3,28,1505.64599609375,,unavailable in GeoTIFF; band index reported
scene_02-Z0042,3,29,1565.9114990234375,2397.2422113758685,unavailable in GeoTIFF; band index reported
scene_02-Z0042,3,30,1622.0885009765625,,unavailable in GeoTIFF; band index reported
scene_02-Z0042,3,31,1688.7965087890625,,unavailable in GeoTIFF; band index reported
scene_02-Z0042,3,32,1746.3363037109375,,unavailable in GeoTIFF; band index reported
scene_02-Z0042,3,33,1791.6549072265625,,unavailable in GeoTIFF; band index reported
scene_02-Z0042,3,34,1849.955810546875,,unavailable in GeoTIFF; band index reported
scene_02-Z0042,3,35,1903.0972900390625,,unavailable in GeoTIFF; band index reported
scene_02-Z0042,3,36,1945.9381103515625,3085.206971340238,unavailable in GeoTIFF; band index reported
scene_02-Z0042,3,37,1996.035400390625,,unavailable in GeoTIFF; band index reported
scene_02-Z0042,3,38,2039.1593017578125,,unavailable in GeoTIFF; band index reported
scene_02-Z0042,3,39,2070.309814453125,,unavailable in GeoTIFF; band index reported
scene_02-Z0042,3,40,2092.681396484375,,unavailable in GeoTIFF; band index reported
scene_02-Z0042,3,41,2131.256591796875,,unavailable in GeoTIFF; band index reported
scene_02-Z0042,3,42,2152.06201171875,,unavailable in GeoTIFF; band index reported
scene_02-Z0042,3,43,2163.522216796875,,unavailable in GeoTIFF; band index reported
scene_02-Z0042,3,44,2201.1416015625,3494.815894205586,unavailable in GeoTIFF; band index reported
scene_02-Z0042,3,45,2235.610595703125,,unavailable in GeoTIFF; band index reported
scene_02-Z0042,3,46,2259.583984375,,unavailable in GeoTIFF; band index reported
scene_02-Z0042,3,47,2274.36279296875,,unavailable in GeoTIFF; band index reported
scene_02-Z0042,3,48,2304.389404296875,,unavailable in GeoTIFF; band index reported
scene_02-Z0042,3,49,2327.017578125,,unavailable in GeoTIFF; band index reported
scene_02-Z0042,3,50,2331.21240234375,,unavailable in GeoTIFF; band index reported
scene_02-Z0042,3,51,2398.8671875,3775.111587847919,unavailable in GeoTIFF; band index reported
scene_02-Z0042,3,52,2400.91162109375,,unavailable in GeoTIFF; band index reported
scene_02-Z0042,3,53,2435.583984375,,unavailable in GeoTIFF; band index reported
scene_02-Z0042,3,54,2449.62841796875,,unavailable in GeoTIFF; band index reported
scene_02-Z0042,3,55,2480.805419921875,,unavailable in GeoTIFF; band index reported
scene_02-Z0042,3,56,2545.5576171875,,unavailable in GeoTIFF; band index reported
scene_02-Z0042,3,57,2577.1416015625,,unavailable in GeoTIFF; band index reported
scene_02-Z0042,3,58,2585.30078125,4054.9174799127018,unavailable in GeoTIFF; band index reported
scene_02-Z0042,3,59,2602.380615234375,,unavailable in GeoTIFF; band index reported
scene_02-Z0042,3,60,2604.49560546875,,unavailable in GeoTIFF; band index reported
scene_02-Z0042,3,61,2687.247802734375,,unavailable in GeoTIFF; band index reported
scene_02-Z0042,3,62,2488.8671875,,unavailable in GeoTIFF; band index reported
scene_02-Z0042,3,63,2682.77880859375,,unavailable in GeoTIFF; band index reported
scene_02-Z0042,3,64,2729.805419921875,,unavailable in GeoTIFF; band index reported
scene_02-Z0042,3,65,2751.34521484375,4208.583425148986,unavailable in GeoTIFF; band index reported
scene_02-Z0042,3,66,2768.398193359375,,unavailable in GeoTIFF; band index reported
scene_02-Z0042,3,67,2779.619384765625,,unavailable in GeoTIFF; band index reported
scene_02-Z0042,3,68,2813.583984375,,unavailable in GeoTIFF; band index reported
scene_02-Z0042,3,69,2840.2919921875,,unavailable in GeoTIFF; band index reported
scene_02-Z0042,3,70,2835.4423828125,,unavailable in GeoTIFF; band index reported
scene_02-Z0042,3,71,2831.8583984375,,unavailable in GeoTIFF; band index reported
scene_02-Z0042,3,72,2816.814208984375,4260.953433207812,unavailable in GeoTIFF; band index reported
scene_02-Z0042,3,73,2848.052978515625,,unavailable in GeoTIFF; band index reported
scene_02-Z0042,3,74,2812.77880859375,,unavailable in GeoTIFF; band index reported
scene_02-Z0042,3,75,2835.92041015625,,unavailable in GeoTIFF; band index reported
scene_02-Z0042,3,76,2854.91162109375,,unavailable in GeoTIFF; band index reported
scene_02-Z0042,3,77,2839.035400390625,,unavailable in GeoTIFF; band index reported
scene_02-Z0042,3,78,2885.4248046875,,unavailable in GeoTIFF; band index reported
scene_02-Z0042,3,79,2904.531005859375,,unavailable in GeoTIFF; band index reported
scene_02-Z0042,3,80,2923.097412109375,4274.851139547828,unavailable in GeoTIFF; band index reported
scene_02-Z0042,3,81,2880.256591796875,,unavailable in GeoTIFF; band index reported
scene_02-Z0042,3,82,2918.4423828125,,unavailable in GeoTIFF; band index reported
scene_02-Z0042,3,83,2847.114990234375,,unavailable in GeoTIFF; band index reported
scene_02-Z0042,3,84,2733.51318359375,,unavailable in GeoTIFF; band index reported
scene_02-Z0042,3,85,2956.1416015625,,unavailable in GeoTIFF; band index reported
scene_02-Z0042,3,86,2872.336181640625,,unavailable in GeoTIFF; band index reported
scene_02-Z0042,3,87,2833.902587890625,4132.1618496129795,unavailable in GeoTIFF; band index reported
scene_02-Z0042,3,88,3014.92919921875,,unavailable in GeoTIFF; band index reported
scene_02-Z0042,3,89,3040.663818359375,,unavailable in GeoTIFF; band index reported
scene_02-Z0042,3,90,3046.309814453125,,unavailable in GeoTIFF; band index reported
scene_02-Z0042,3,91,2999.468994140625,,unavailable in GeoTIFF; band index reported
scene_02-Z0042,3,92,2960.64599609375,,unavailable in GeoTIFF; band index reported
scene_02-Z0042,3,93,2886.150390625,,unavailable in GeoTIFF; band index reported
scene_02-Z0042,3,94,3004.1328125,4309.2867326760515,unavailable in GeoTIFF; band index reported
scene_02-Z0042,3,95,2964.805419921875,,unavailable in GeoTIFF; band index reported
scene_02-Z0042,3,96,3044.451416015625,,unavailable in GeoTIFF; band index reported
scene_02-Z0042,3,97,2992.734619140625,,unavailable in GeoTIFF; band index reported
scene_02-Z0042,3,98,3067.468994140625,,unavailable in GeoTIFF; band index reported
scene_02-Z0042,3,99,3011.06201171875,,unavailable in GeoTIFF; band index reported
scene_02-Z0042,3,100,3083.48681640625,,unavailable in GeoTIFF; band index reported
scene_02-Z0042,3,101,3002.610595703125,4322.162446797493,unavailable in GeoTIFF; band index reported
scene_02-Z0042,3,102,3099.37158203125,,unavailable in GeoTIFF; band index reported
scene_02-Z0042,3,103,3128.318603515625,,unavailable in GeoTIFF; band index reported
scene_02-Z0042,3,104,3145.8408203125,,unavailable in GeoTIFF; band index reported
scene_02-Z0042,3,105,3162.0,,unavailable in GeoTIFF; band index reported
scene_02-Z0042,3,106,3176.2744140625,,unavailable in GeoTIFF; band index reported
scene_02-Z0042,3,107,3203.06201171875,,unavailable in GeoTIFF; band index reported
scene_02-Z0042,3,108,3234.468994140625,4587.895775244769,unavailable in GeoTIFF; band index reported
scene_02-Z0042,3,109,3253.34521484375,,unavailable in GeoTIFF; band index reported
scene_02-Z0042,3,110,3288.79638671875,,unavailable in GeoTIFF; band index reported
scene_02-Z0042,3,111,3312.43359375,,unavailable in GeoTIFF; band index reported
scene_02-Z0042,3,112,3251.831787109375,,unavailable in GeoTIFF; band index reported
scene_02-Z0042,3,113,3474.8671875,,unavailable in GeoTIFF; band index reported
scene_02-Z0042,3,114,3461.0087890625,,unavailable in GeoTIFF; band index reported
scene_02-Z0042,3,115,3426.1591796875,,unavailable in GeoTIFF; band index reported
scene_02-Z0042,3,116,3453.5576171875,4773.595522481138,unavailable in GeoTIFF; band index reported
scene_02-Z0042,3,117,3501.50439453125,,unavailable in GeoTIFF; band index reported
scene_02-Z0042,3,118,3567.760986328125,,unavailable in GeoTIFF; band index reported
scene_02-Z0042,3,119,3584.398193359375,,unavailable in GeoTIFF; band index reported
scene_02-Z0042,3,120,3604.734619140625,,unavailable in GeoTIFF; band index reported
scene_02-Z0042,3,121,3629.955810546875,,unavailable in GeoTIFF; band index reported
scene_02-Z0042,3,122,3648.026611328125,,unavailable in GeoTIFF; band index reported
scene_02-Z0042,3,123,3674.752197265625,5061.2235274916375,unavailable in GeoTIFF; band index reported
scene_02-Z0042,3,124,3708.1328125,,unavailable in GeoTIFF; band index reported
scene_02-Z0042,3,125,3782.593017578125,,unavailable in GeoTIFF; band index reported
scene_02-Z0042,3,126,3752.1591796875,,unavailable in GeoTIFF; band index reported
scene_02-Z0042,3,127,3734.56640625,,unavailable in GeoTIFF; band index reported
scene_02-Z0042,3,128,3744.964599609375,,unavailable in GeoTIFF; band index reported
scene_02-Z0042,3,129,3737.017578125,,unavailable in GeoTIFF; band index reported
scene_02-Z0042,3,130,3714.044189453125,5181.63314746944,unavailable in GeoTIFF; band index reported
scene_02-Z0042,3,131,-32768.0,,unavailable in GeoTIFF; band index reported
scene_02-Z0042,3,132,-32768.0,,unavailable in GeoTIFF; band index reported
scene_02-Z0042,3,133,-32768.0,,unavailable in GeoTIFF; band index reported
scene_02-Z0042,3,134,-32768.0,,unavailable in GeoTIFF; band index reported
scene_02-Z0042,3,135,-32768.0,,unavailable in GeoTIFF; band index reported
scene_02-Z0042,3,136,3930.0087890625,,unavailable in GeoTIFF; band index reported
scene_02-Z0042,3,137,3920.885009765625,5313.299393467547,unavailable in GeoTIFF; band index reported
scene_02-Z0042,3,138,3906.716796875,,unavailable in GeoTIFF; band index reported
scene_02-Z0042,3,139,3908.43359375,,unavailable in GeoTIFF; band index reported
scene_02-Z0042,3,140,3948.681396484375,,unavailable in GeoTIFF; band index reported
scene_02-Z0042,3,141,3984.265380859375,,unavailable in GeoTIFF; band index reported
scene_02-Z0042,3,142,4007.309814453125,,unavailable in GeoTIFF; band index reported
scene_02-Z0042,3,143,4007.51318359375,,unavailable in GeoTIFF; band index reported
scene_02-Z0042,3,144,4012.760986328125,5291.036598592477,unavailable in GeoTIFF; band index reported
scene_02-Z0042,3,145,4030.30078125,,unavailable in GeoTIFF; band index reported
scene_02-Z0042,3,146,4027.893798828125,,unavailable in GeoTIFF; band index reported
scene_02-Z0042,3,147,4049.8583984375,,unavailable in GeoTIFF; band index reported
scene_02-Z0042,3,148,4049.65478515625,,unavailable in GeoTIFF; band index reported
scene_02-Z0042,3,149,4040.672607421875,,unavailable in GeoTIFF; band index reported
scene_02-Z0042,3,150,4066.35400390625,,unavailable in GeoTIFF; band index reported
scene_02-Z0042,3,151,4063.92919921875,,unavailable in GeoTIFF; band index reported
scene_02-Z0042,3,152,4050.64599609375,5322.025407664693,unavailable in GeoTIFF; band index reported
scene_02-Z0042,3,153,4046.63720703125,,unavailable in GeoTIFF; band index reported
scene_02-Z0042,3,154,4065.64599609375,,unavailable in GeoTIFF; band index reported
scene_02-Z0042,3,155,4053.849609375,,unavailable in GeoTIFF; band index reported
scene_02-Z0042,3,156,4062.389404296875,,unavailable in GeoTIFF; band index reported
scene_02-Z0042,3,157,4066.982421875,,unavailable in GeoTIFF; band index reported
scene_02-Z0042,3,158,4069.07958984375,,unavailable in GeoTIFF; band index reported
scene_02-Z0042,3,159,4070.256591796875,5333.289541560736,unavailable in GeoTIFF; band index reported
scene_02-Z0042,3,160,4071.035400390625,,unavailable in GeoTIFF; band index reported
scene_02-Z0042,3,161,4058.22119140625,,unavailable in GeoTIFF; band index reported
scene_02-Z0042,3,162,4045.947021484375,,unavailable in GeoTIFF; band index reported
scene_02-Z0042,3,163,4059.51318359375,,unavailable in GeoTIFF; band index reported
scene_02-Z0042,3,164,4025.4248046875,,unavailable in GeoTIFF; band index reported
scene_02-Z0042,3,165,3979.07080078125,,unavailable in GeoTIFF; band index reported
scene_02-Z0042,3,166,3881.22119140625,5126.3322530328205,unavailable in GeoTIFF; band index reported
scene_02-Z0042,3,167,3572.7080078125,,unavailable in GeoTIFF; band index reported
scene_02-Z0042,3,168,3690.734619140625,,unavailable in GeoTIFF; band index reported
scene_02-Z0042,3,169,3781.1416015625,,unavailable in GeoTIFF; band index reported
scene_02-Z0042,3,170,3474.548583984375,,unavailable in GeoTIFF; band index reported
scene_02-Z0042,3,171,3126.168212890625,,unavailable in GeoTIFF; band index reported
scene_02-Z0042,3,172,3342.327392578125,,unavailable in GeoTIFF; band index reported
scene_02-Z0042,3,173,3704.451416015625,4868.793331420657,unavailable in GeoTIFF; band index reported
scene_02-Z0042,3,174,3815.2919921875,,unavailable in GeoTIFF; band index reported
scene_02-Z0042,3,175,3858.69921875,,unavailable in GeoTIFF; band index reported
scene_02-Z0042,3,176,3686.583984375,,unavailable in GeoTIFF; band index reported
scene_02-Z0042,3,177,3771.583984375,,unavailable in GeoTIFF; band index reported
scene_02-Z0042,3,178,3737.849609375,,unavailable in GeoTIFF; band index reported
scene_02-Z0042,3,179,3799.548583984375,,unavailable in GeoTIFF; band index reported
scene_02-Z0042,3,180,3738.239013671875,5202.966566248882,unavailable in GeoTIFF; band index reported
scene_02-Z0042,3,181,3736.69921875,,unavailable in GeoTIFF; band index reported
scene_02-Z0042,3,182,3738.876220703125,,unavailable in GeoTIFF; band index reported
scene_02-Z0042,3,183,3670.56640625,,unavailable in GeoTIFF; band index reported
scene_02-Z0042,3,184,3673.0,,unavailable in GeoTIFF; band index reported
scene_02-Z0042,3,185,3619.48681640625,,unavailable in GeoTIFF; band index reported
scene_02-Z0042,3,186,3523.22119140625,,unavailable in GeoTIFF; band index reported
scene_02-Z0042,3,187,3368.21240234375,,unavailable in GeoTIFF; band index reported
scene_02-Z0042,3,188,3233.052978515625,5041.53400087969,unavailable in GeoTIFF; band index reported
scene_02-Z0042,3,189,3156.822998046875,,unavailable in GeoTIFF; band index reported
scene_02-Z0042,3,190,3154.416015625,,unavailable in GeoTIFF; band index reported
scene_02-Z0042,3,191,3146.822998046875,,unavailable in GeoTIFF; band index reported
scene_02-Z0042,3,192,3089.34521484375,,unavailable in GeoTIFF; band index reported
scene_02-Z0042,3,193,2977.69921875,,unavailable in GeoTIFF; band index reported
scene_02-Z0042,3,194,2850.097412109375,,unavailable in GeoTIFF; band index reported
scene_02-Z0042,3,195,3069.78759765625,4730.891681356888,unavailable in GeoTIFF; band index reported
scene_02-Z0042,3,196,3253.92919921875,,unavailable in GeoTIFF; band index reported
scene_02-Z0042,3,197,3272.8671875,,unavailable in GeoTIFF; band index reported
scene_02-Z0042,3,198,3242.805419921875,,unavailable in GeoTIFF; band index reported
scene_02-Z0042,3,199,3226.22119140625,,unavailable in GeoTIFF; band index reported
scene_02-Z0042,3,200,3212.21240234375,,unavailable in GeoTIFF; band index reported
scene_02-Z0042,3,201,3191.36279296875,,unavailable in GeoTIFF; band index reported
scene_02-Z0042,3,202,3163.48681640625,4755.162417917476,unavailable in GeoTIFF; band index reported
scene_02-Z0042,3,203,3116.22998046875,,unavailable in GeoTIFF; band index reported
scene_02-Z0042,3,204,3035.30078125,,unavailable in GeoTIFF; band index reported
scene_02-Z0042,3,205,2996.63720703125,,unavailable in GeoTIFF; band index reported
scene_02-Z0042,3,206,2990.36279296875,,unavailable in GeoTIFF; band index reported
scene_02-Z0042,3,207,2895.531005859375,,unavailable in GeoTIFF; band index reported
scene_02-Z0042,3,208,2909.8671875,,unavailable in GeoTIFF; band index reported
scene_02-Z0042,3,209,2891.43359375,4476.438329984224,unavailable in GeoTIFF; band index reported
scene_02-Z0042,3,210,2849.256591796875,,unavailable in GeoTIFF; band index reported
scene_02-Z0042,3,211,2801.017578125,,unavailable in GeoTIFF; band index reported
scene_02-Z0042,3,212,2817.097412109375,,unavailable in GeoTIFF; band index reported
scene_02-Z0042,3,213,2843.168212890625,,unavailable in GeoTIFF; band index reported
scene_02-Z0042,3,214,2781.752197265625,,unavailable in GeoTIFF; band index reported
scene_02-Z0042,3,215,2766.318603515625,,unavailable in GeoTIFF; band index reported
scene_02-Z0042,3,216,2704.681396484375,4250.046155720016,unavailable in GeoTIFF; band index reported
scene_02-Z0042,3,217,2728.77001953125,,unavailable in GeoTIFF; band index reported
scene_02-Z0042,3,218,2731.380615234375,,unavailable in GeoTIFF; band index reported
scene_02-Z0042,3,219,2702.7255859375,,unavailable in GeoTIFF; band index reported
scene_02-Z0042,3,220,2621.34521484375,,unavailable in GeoTIFF; band index reported
scene_02-Z0042,3,221,2673.531005859375,,unavailable in GeoTIFF; band index reported
scene_02-Z0042,3,222,2599.91162109375,,unavailable in GeoTIFF; band index reported
scene_02-Z0042,3,223,2624.955810546875,,unavailable in GeoTIFF; band index reported
scene_02-Z0042,3,224,2463.468994140625,3969.812622182586,unavailable in GeoTIFF; band index reported
scene_02-Z0116,4,1,915.8214111328125,923.9636213539318,unavailable in GeoTIFF; band index reported
scene_02-Z0116,4,2,936.75,,unavailable in GeoTIFF; band index reported
scene_02-Z0116,4,3,974.7857055664062,,unavailable in GeoTIFF; band index reported
scene_02-Z0116,4,4,1024.7857666015625,,unavailable in GeoTIFF; band index reported
scene_02-Z0116,4,5,1068.1785888671875,,unavailable in GeoTIFF; band index reported
scene_02-Z0116,4,6,1101.2857666015625,,unavailable in GeoTIFF; band index reported
scene_02-Z0116,4,7,1132.6785888671875,,unavailable in GeoTIFF; band index reported
scene_02-Z0116,4,8,1154.9285888671875,1239.8336512557007,unavailable in GeoTIFF; band index reported
scene_02-Z0116,4,9,1179.3214111328125,,unavailable in GeoTIFF; band index reported
scene_02-Z0116,4,10,1208.642822265625,,unavailable in GeoTIFF; band index reported
scene_02-Z0116,4,11,1219.0357666015625,,unavailable in GeoTIFF; band index reported
scene_02-Z0116,4,12,1228.607177734375,,unavailable in GeoTIFF; band index reported
scene_02-Z0116,4,13,1248.8214111328125,,unavailable in GeoTIFF; band index reported
scene_02-Z0116,4,14,1288.642822265625,,unavailable in GeoTIFF; band index reported
scene_02-Z0116,4,15,1309.2857666015625,1434.539444115118,unavailable in GeoTIFF; band index reported
scene_02-Z0116,4,16,1351.75,,unavailable in GeoTIFF; band index reported
scene_02-Z0116,4,17,1388.642822265625,,unavailable in GeoTIFF; band index reported
scene_02-Z0116,4,18,1424.0357666015625,,unavailable in GeoTIFF; band index reported
scene_02-Z0116,4,19,1462.857177734375,,unavailable in GeoTIFF; band index reported
scene_02-Z0116,4,20,1508.2857666015625,,unavailable in GeoTIFF; band index reported
scene_02-Z0116,4,21,1563.4285888671875,,unavailable in GeoTIFF; band index reported
scene_02-Z0116,4,22,1604.107177734375,1823.7665394518328,unavailable in GeoTIFF; band index reported
scene_02-Z0116,4,23,1655.5357666015625,,unavailable in GeoTIFF; band index reported
scene_02-Z0116,4,24,1706.642822265625,,unavailable in GeoTIFF; band index reported
scene_02-Z0116,4,25,1762.9285888671875,,unavailable in GeoTIFF; band index reported
scene_02-Z0116,4,26,1822.892822265625,,unavailable in GeoTIFF; band index reported
scene_02-Z0116,4,27,1884.5,,unavailable in GeoTIFF; band index reported
scene_02-Z0116,4,28,1940.7142333984375,,unavailable in GeoTIFF; band index reported
scene_02-Z0116,4,29,2016.857177734375,2397.2422113758685,unavailable in GeoTIFF; band index reported
scene_02-Z0116,4,30,2090.5,,unavailable in GeoTIFF; band index reported
scene_02-Z0116,4,31,2183.78564453125,,unavailable in GeoTIFF; band index reported
scene_02-Z0116,4,32,2254.03564453125,,unavailable in GeoTIFF; band index reported
scene_02-Z0116,4,33,2317.107177734375,,unavailable in GeoTIFF; band index reported
scene_02-Z0116,4,34,2396.5,,unavailable in GeoTIFF; band index reported
scene_02-Z0116,4,35,2461.392822265625,,unavailable in GeoTIFF; band index reported
scene_02-Z0116,4,36,2520.607177734375,3085.206971340238,unavailable in GeoTIFF; band index reported
scene_02-Z0116,4,37,2579.928466796875,,unavailable in GeoTIFF; band index reported
scene_02-Z0116,4,38,2626.142822265625,,unavailable in GeoTIFF; band index reported
scene_02-Z0116,4,39,2678.428466796875,,unavailable in GeoTIFF; band index reported
scene_02-Z0116,4,40,2709.571533203125,,unavailable in GeoTIFF; band index reported
scene_02-Z0116,4,41,2751.928466796875,,unavailable in GeoTIFF; band index reported
scene_02-Z0116,4,42,2776.0,,unavailable in GeoTIFF; band index reported
scene_02-Z0116,4,43,2795.75,,unavailable in GeoTIFF; band index reported
scene_02-Z0116,4,44,2840.71435546875,3494.815894205586,unavailable in GeoTIFF; band index reported
scene_02-Z0116,4,45,2876.428466796875,,unavailable in GeoTIFF; band index reported
scene_02-Z0116,4,46,2901.607177734375,,unavailable in GeoTIFF; band index reported
scene_02-Z0116,4,47,2925.071533203125,,unavailable in GeoTIFF; band index reported
scene_02-Z0116,4,48,2944.321533203125,,unavailable in GeoTIFF; band index reported
scene_02-Z0116,4,49,2964.392822265625,,unavailable in GeoTIFF; band index reported
scene_02-Z0116,4,50,2971.821533203125,,unavailable in GeoTIFF; band index reported
scene_02-Z0116,4,51,3044.5,3775.111587847919,unavailable in GeoTIFF; band index reported
scene_02-Z0116,4,52,3064.0,,unavailable in GeoTIFF; band index reported
scene_02-Z0116,4,53,3086.178466796875,,unavailable in GeoTIFF; band index reported
scene_02-Z0116,4,54,3084.25,,unavailable in GeoTIFF; band index reported
scene_02-Z0116,4,55,3113.678466796875,,unavailable in GeoTIFF; band index reported
scene_02-Z0116,4,56,3181.321533203125,,unavailable in GeoTIFF; band index reported
scene_02-Z0116,4,57,3243.0,,unavailable in GeoTIFF; band index reported
scene_02-Z0116,4,58,3228.321533203125,4054.9174799127018,unavailable in GeoTIFF; band index reported
scene_02-Z0116,4,59,3229.642822265625,,unavailable in GeoTIFF; band index reported
scene_02-Z0116,4,60,3200.321533203125,,unavailable in GeoTIFF; band index reported
scene_02-Z0116,4,61,3263.428466796875,,unavailable in GeoTIFF; band index reported
scene_02-Z0116,4,62,3172.178466796875,,unavailable in GeoTIFF; band index reported
scene_02-Z0116,4,63,3294.178466796875,,unavailable in GeoTIFF; band index reported
scene_02-Z0116,4,64,3322.53564453125,,unavailable in GeoTIFF; band index reported
scene_02-Z0116,4,65,3327.25,4208.583425148986,unavailable in GeoTIFF; band index reported
scene_02-Z0116,4,66,3348.75,,unavailable in GeoTIFF; band index reported
scene_02-Z0116,4,67,3344.25,,unavailable in GeoTIFF; band index reported
scene_02-Z0116,4,68,3367.392822265625,,unavailable in GeoTIFF; band index reported
scene_02-Z0116,4,69,3394.21435546875,,unavailable in GeoTIFF; band index reported
scene_02-Z0116,4,70,3416.357177734375,,unavailable in GeoTIFF; band index reported
scene_02-Z0116,4,71,3379.107177734375,,unavailable in GeoTIFF; band index reported
scene_02-Z0116,4,72,3369.71435546875,4260.953433207812,unavailable in GeoTIFF; band index reported
scene_02-Z0116,4,73,3377.607177734375,,unavailable in GeoTIFF; band index reported
scene_02-Z0116,4,74,3384.21435546875,,unavailable in GeoTIFF; band index reported
scene_02-Z0116,4,75,3360.821533203125,,unavailable in GeoTIFF; band index reported
scene_02-Z0116,4,76,3405.428466796875,,unavailable in GeoTIFF; band index reported
scene_02-Z0116,4,77,3328.53564453125,,unavailable in GeoTIFF; band index reported
scene_02-Z0116,4,78,3363.53564453125,,unavailable in GeoTIFF; band index reported
scene_02-Z0116,4,79,3431.607177734375,,unavailable in GeoTIFF; band index reported
scene_02-Z0116,4,80,3366.357177734375,4274.851139547828,unavailable in GeoTIFF; band index reported
scene_02-Z0116,4,81,3364.107177734375,,unavailable in GeoTIFF; band index reported
scene_02-Z0116,4,82,3354.28564453125,,unavailable in GeoTIFF; band index reported
scene_02-Z0116,4,83,3333.03564453125,,unavailable in GeoTIFF; band index reported
scene_02-Z0116,4,84,3158.75,,unavailable in GeoTIFF; band index reported
scene_02-Z0116,4,85,3382.428466796875,,unavailable in GeoTIFF; band index reported
scene_02-Z0116,4,86,3229.46435546875,,unavailable in GeoTIFF; band index reported
scene_02-Z0116,4,87,3215.78564453125,4132.1618496129795,unavailable in GeoTIFF; band index reported
scene_02-Z0116,4,88,3497.107177734375,,unavailable in GeoTIFF; band index reported
scene_02-Z0116,4,89,3462.21435546875,,unavailable in GeoTIFF; band index reported
scene_02-Z0116,4,90,3572.392822265625,,unavailable in GeoTIFF; band index reported
scene_02-Z0116,4,91,3405.5,,unavailable in GeoTIFF; band index reported
scene_02-Z0116,4,92,3451.071533203125,,unavailable in GeoTIFF; band index reported
scene_02-Z0116,4,93,3339.571533203125,,unavailable in GeoTIFF; band index reported
scene_02-Z0116,4,94,3400.928466796875,4309.2867326760515,unavailable in GeoTIFF; band index reported
scene_02-Z0116,4,95,3417.142822265625,,unavailable in GeoTIFF; band index reported
scene_02-Z0116,4,96,3428.142822265625,,unavailable in GeoTIFF; band index reported
scene_02-Z0116,4,97,3451.928466796875,,unavailable in GeoTIFF; band index reported
scene_02-Z0116,4,98,3439.03564453125,,unavailable in GeoTIFF; band index reported
scene_02-Z0116,4,99,3437.642822265625,,unavailable in GeoTIFF; band index reported
scene_02-Z0116,4,100,3444.46435546875,,unavailable in GeoTIFF; band index reported
scene_02-Z0116,4,101,3458.392822265625,4322.162446797493,unavailable in GeoTIFF; band index reported
scene_02-Z0116,4,102,3453.428466796875,,unavailable in GeoTIFF; band index reported
scene_02-Z0116,4,103,3472.821533203125,,unavailable in GeoTIFF; band index reported
scene_02-Z0116,4,104,3482.75,,unavailable in GeoTIFF; band index reported
scene_02-Z0116,4,105,3489.0,,unavailable in GeoTIFF; band index reported
scene_02-Z0116,4,106,3493.821533203125,,unavailable in GeoTIFF; band index reported
scene_02-Z0116,4,107,3513.607177734375,,unavailable in GeoTIFF; band index reported
scene_02-Z0116,4,108,3541.607177734375,4587.895775244769,unavailable in GeoTIFF; band index reported
scene_02-Z0116,4,109,3550.678466796875,,unavailable in GeoTIFF; band index reported
scene_02-Z0116,4,110,3578.928466796875,,unavailable in GeoTIFF; band index reported
scene_02-Z0116,4,111,3583.5,,unavailable in GeoTIFF; band index reported
scene_02-Z0116,4,112,3477.71435546875,,unavailable in GeoTIFF; band index reported
scene_02-Z0116,4,113,3765.392822265625,,unavailable in GeoTIFF; band index reported
scene_02-Z0116,4,114,3727.357177734375,,unavailable in GeoTIFF; band index reported
scene_02-Z0116,4,115,3675.96435546875,,unavailable in GeoTIFF; band index reported
scene_02-Z0116,4,116,3689.857177734375,4773.595522481138,unavailable in GeoTIFF; band index reported
scene_02-Z0116,4,117,3724.321533203125,,unavailable in GeoTIFF; band index reported
scene_02-Z0116,4,118,3785.178466796875,,unavailable in GeoTIFF; band index reported
scene_02-Z0116,4,119,3782.78564453125,,unavailable in GeoTIFF; band index reported
scene_02-Z0116,4,120,3794.892822265625,,unavailable in GeoTIFF; band index reported
scene_02-Z0116,4,121,3813.642822265625,,unavailable in GeoTIFF; band index reported
scene_02-Z0116,4,122,3829.821533203125,,unavailable in GeoTIFF; band index reported
scene_02-Z0116,4,123,3843.821533203125,5061.2235274916375,unavailable in GeoTIFF; band index reported
scene_02-Z0116,4,124,3859.607177734375,,unavailable in GeoTIFF; band index reported
scene_02-Z0116,4,125,3935.178466796875,,unavailable in GeoTIFF; band index reported
scene_02-Z0116,4,126,3898.28564453125,,unavailable in GeoTIFF; band index reported
scene_02-Z0116,4,127,3888.321533203125,,unavailable in GeoTIFF; band index reported
scene_02-Z0116,4,128,3911.75,,unavailable in GeoTIFF; band index reported
scene_02-Z0116,4,129,3905.46435546875,,unavailable in GeoTIFF; band index reported
scene_02-Z0116,4,130,3882.428466796875,5181.63314746944,unavailable in GeoTIFF; band index reported
scene_02-Z0116,4,131,-32768.0,,unavailable in GeoTIFF; band index reported
scene_02-Z0116,4,132,-32768.0,,unavailable in GeoTIFF; band index reported
scene_02-Z0116,4,133,-32768.0,,unavailable in GeoTIFF; band index reported
scene_02-Z0116,4,134,-32768.0,,unavailable in GeoTIFF; band index reported
scene_02-Z0116,4,135,-32768.0,,unavailable in GeoTIFF; band index reported
scene_02-Z0116,4,136,4124.71435546875,,unavailable in GeoTIFF; band index reported
scene_02-Z0116,4,137,3960.678466796875,5313.299393467547,unavailable in GeoTIFF; band index reported
scene_02-Z0116,4,138,3932.357177734375,,unavailable in GeoTIFF; band index reported
scene_02-Z0116,4,139,3956.142822265625,,unavailable in GeoTIFF; band index reported
scene_02-Z0116,4,140,3967.96435546875,,unavailable in GeoTIFF; band index reported
scene_02-Z0116,4,141,4007.5,,unavailable in GeoTIFF; band index reported
scene_02-Z0116,4,142,4022.107177734375,,unavailable in GeoTIFF; band index reported
scene_02-Z0116,4,143,4009.5,,unavailable in GeoTIFF; band index reported
scene_02-Z0116,4,144,4009.0,5291.036598592477,unavailable in GeoTIFF; band index reported
scene_02-Z0116,4,145,4022.428466796875,,unavailable in GeoTIFF; band index reported
scene_02-Z0116,4,146,4001.357177734375,,unavailable in GeoTIFF; band index reported
scene_02-Z0116,4,147,4032.928466796875,,unavailable in GeoTIFF; band index reported
scene_02-Z0116,4,148,4027.78564453125,,unavailable in GeoTIFF; band index reported
scene_02-Z0116,4,149,4009.5,,unavailable in GeoTIFF; band index reported
scene_02-Z0116,4,150,4044.571533203125,,unavailable in GeoTIFF; band index reported
scene_02-Z0116,4,151,4043.25,,unavailable in GeoTIFF; band index reported
scene_02-Z0116,4,152,4020.428466796875,5322.025407664693,unavailable in GeoTIFF; band index reported
scene_02-Z0116,4,153,4019.178466796875,,unavailable in GeoTIFF; band index reported
scene_02-Z0116,4,154,4035.142822265625,,unavailable in GeoTIFF; band index reported
scene_02-Z0116,4,155,4020.21435546875,,unavailable in GeoTIFF; band index reported
scene_02-Z0116,4,156,4032.53564453125,,unavailable in GeoTIFF; band index reported
scene_02-Z0116,4,157,4034.75,,unavailable in GeoTIFF; band index reported
scene_02-Z0116,4,158,4028.46435546875,,unavailable in GeoTIFF; band index reported
scene_02-Z0116,4,159,4028.571533203125,5333.289541560736,unavailable in GeoTIFF; band index reported
scene_02-Z0116,4,160,4033.107177734375,,unavailable in GeoTIFF; band index reported
scene_02-Z0116,4,161,4013.0,,unavailable in GeoTIFF; band index reported
scene_02-Z0116,4,162,4017.75,,unavailable in GeoTIFF; band index reported
scene_02-Z0116,4,163,4030.28564453125,,unavailable in GeoTIFF; band index reported
scene_02-Z0116,4,164,3981.071533203125,,unavailable in GeoTIFF; band index reported
scene_02-Z0116,4,165,3946.21435546875,,unavailable in GeoTIFF; band index reported
scene_02-Z0116,4,166,3839.21435546875,5126.3322530328205,unavailable in GeoTIFF; band index reported
scene_02-Z0116,4,167,3708.857177734375,,unavailable in GeoTIFF; band index reported
scene_02-Z0116,4,168,3798.71435546875,,unavailable in GeoTIFF; band index reported
scene_02-Z0116,4,169,3855.607177734375,,unavailable in GeoTIFF; band index reported
scene_02-Z0116,4,170,3421.53564453125,,unavailable in GeoTIFF; band index reported
scene_02-Z0116,4,171,3208.892822265625,,unavailable in GeoTIFF; band index reported
scene_02-Z0116,4,172,3477.071533203125,,unavailable in GeoTIFF; band index reported
scene_02-Z0116,4,173,3854.678466796875,4868.793331420657,unavailable in GeoTIFF; band index reported
scene_02-Z0116,4,174,3919.678466796875,,unavailable in GeoTIFF; band index reported
scene_02-Z0116,4,175,3930.178466796875,,unavailable in GeoTIFF; band index reported
scene_02-Z0116,4,176,3743.71435546875,,unavailable in GeoTIFF; band index reported
scene_02-Z0116,4,177,3893.107177734375,,unavailable in GeoTIFF; band index reported
scene_02-Z0116,4,178,3910.142822265625,,unavailable in GeoTIFF; band index reported
scene_02-Z0116,4,179,4001.857177734375,,unavailable in GeoTIFF; band index reported
scene_02-Z0116,4,180,3942.642822265625,5202.966566248882,unavailable in GeoTIFF; band index reported
scene_02-Z0116,4,181,3943.071533203125,,unavailable in GeoTIFF; band index reported
scene_02-Z0116,4,182,3970.107177734375,,unavailable in GeoTIFF; band index reported
scene_02-Z0116,4,183,3949.642822265625,,unavailable in GeoTIFF; band index reported
scene_02-Z0116,4,184,3974.142822265625,,unavailable in GeoTIFF; band index reported
scene_02-Z0116,4,185,3955.21435546875,,unavailable in GeoTIFF; band index reported
scene_02-Z0116,4,186,3914.357177734375,,unavailable in GeoTIFF; band index reported
scene_02-Z0116,4,187,3854.03564453125,,unavailable in GeoTIFF; band index reported
scene_02-Z0116,4,188,3806.357177734375,5041.53400087969,unavailable in GeoTIFF; band index reported
scene_02-Z0116,4,189,3764.28564453125,,unavailable in GeoTIFF; band index reported
scene_02-Z0116,4,190,3745.75,,unavailable in GeoTIFF; band index reported
scene_02-Z0116,4,191,3715.142822265625,,unavailable in GeoTIFF; band index reported
scene_02-Z0116,4,192,3681.107177734375,,unavailable in GeoTIFF; band index reported
scene_02-Z0116,4,193,3581.107177734375,,unavailable in GeoTIFF; band index reported
scene_02-Z0116,4,194,3537.892822265625,,unavailable in GeoTIFF; band index reported
scene_02-Z0116,4,195,3621.892822265625,4730.891681356888,unavailable in GeoTIFF; band index reported
scene_02-Z0116,4,196,3671.0,,unavailable in GeoTIFF; band index reported
scene_02-Z0116,4,197,3661.28564453125,,unavailable in GeoTIFF; band index reported
scene_02-Z0116,4,198,3642.678466796875,,unavailable in GeoTIFF; band index reported
scene_02-Z0116,4,199,3636.96435546875,,unavailable in GeoTIFF; band index reported
scene_02-Z0116,4,200,3628.821533203125,,unavailable in GeoTIFF; band index reported
scene_02-Z0116,4,201,3622.571533203125,,unavailable in GeoTIFF; band index reported
scene_02-Z0116,4,202,3617.0,4755.162417917476,unavailable in GeoTIFF; band index reported
scene_02-Z0116,4,203,3593.357177734375,,unavailable in GeoTIFF; band index reported
scene_02-Z0116,4,204,3523.678466796875,,unavailable in GeoTIFF; band index reported
scene_02-Z0116,4,205,3496.392822265625,,unavailable in GeoTIFF; band index reported
scene_02-Z0116,4,206,3525.53564453125,,unavailable in GeoTIFF; band index reported
scene_02-Z0116,4,207,3395.107177734375,,unavailable in GeoTIFF; band index reported
scene_02-Z0116,4,208,3471.46435546875,,unavailable in GeoTIFF; band index reported
scene_02-Z0116,4,209,3420.78564453125,4476.438329984224,unavailable in GeoTIFF; band index reported
scene_02-Z0116,4,210,3348.142822265625,,unavailable in GeoTIFF; band index reported
scene_02-Z0116,4,211,3303.107177734375,,unavailable in GeoTIFF; band index reported
scene_02-Z0116,4,212,3392.321533203125,,unavailable in GeoTIFF; band index reported
scene_02-Z0116,4,213,3405.178466796875,,unavailable in GeoTIFF; band index reported
scene_02-Z0116,4,214,3321.607177734375,,unavailable in GeoTIFF; band index reported
scene_02-Z0116,4,215,3331.25,,unavailable in GeoTIFF; band index reported
scene_02-Z0116,4,216,3294.71435546875,4250.046155720016,unavailable in GeoTIFF; band index reported
scene_02-Z0116,4,217,3326.71435546875,,unavailable in GeoTIFF; band index reported
scene_02-Z0116,4,218,3279.642822265625,,unavailable in GeoTIFF; band index reported
scene_02-Z0116,4,219,3248.642822265625,,unavailable in GeoTIFF; band index reported
scene_02-Z0116,4,220,3149.46435546875,,unavailable in GeoTIFF; band index reported
scene_02-Z0116,4,221,3282.28564453125,,unavailable in GeoTIFF; band index reported
scene_02-Z0116,4,222,3123.571533203125,,unavailable in GeoTIFF; band index reported
scene_02-Z0116,4,223,3315.46435546875,,unavailable in GeoTIFF; band index reported
scene_02-Z0116,4,224,2964.96435546875,3969.812622182586,unavailable in GeoTIFF; band index reported
scene_02-Z0126,5,1,621.8967895507812,923.9636213539318,unavailable in GeoTIFF; band index reported
scene_02-Z0126,5,2,637.4027099609375,,unavailable in GeoTIFF; band index reported
scene_02-Z0126,5,3,669.0355224609375,,unavailable in GeoTIFF; band index reported
scene_02-Z0126,5,4,710.2572021484375,,unavailable in GeoTIFF; band index reported
scene_02-Z0126,5,5,744.8121948242188,,unavailable in GeoTIFF; band index reported
scene_02-Z0126,5,6,758.8748168945312,,unavailable in GeoTIFF; band index reported
scene_02-Z0126,5,7,792.2233276367188,,unavailable in GeoTIFF; band index reported
scene_02-Z0126,5,8,815.4060668945312,1239.8336512557007,unavailable in GeoTIFF; band index reported
scene_02-Z0126,5,9,829.8155517578125,,unavailable in GeoTIFF; band index reported
scene_02-Z0126,5,10,853.9136962890625,,unavailable in GeoTIFF; band index reported
scene_02-Z0126,5,11,865.5972900390625,,unavailable in GeoTIFF; band index reported
scene_02-Z0126,5,12,873.1319580078125,,unavailable in GeoTIFF; band index reported
scene_02-Z0126,5,13,886.4957885742188,,unavailable in GeoTIFF; band index reported
scene_02-Z0126,5,14,914.4585571289062,,unavailable in GeoTIFF; band index reported
scene_02-Z0126,5,15,944.5160522460938,1434.539444115118,unavailable in GeoTIFF; band index reported
scene_02-Z0126,5,16,960.241943359375,,unavailable in GeoTIFF; band index reported
scene_02-Z0126,5,17,977.1624145507812,,unavailable in GeoTIFF; band index reported
scene_02-Z0126,5,18,1014.0693969726562,,unavailable in GeoTIFF; band index reported
scene_02-Z0126,5,19,1041.1641845703125,,unavailable in GeoTIFF; band index reported
scene_02-Z0126,5,20,1074.94921875,,unavailable in GeoTIFF; band index reported
scene_02-Z0126,5,21,1116.19970703125,,unavailable in GeoTIFF; band index reported
scene_02-Z0126,5,22,1150.025390625,1823.7665394518328,unavailable in GeoTIFF; band index reported
scene_02-Z0126,5,23,1186.8375244140625,,unavailable in GeoTIFF; band index reported
scene_02-Z0126,5,24,1231.025390625,,unavailable in GeoTIFF; band index reported
scene_02-Z0126,5,25,1275.3671875,,unavailable in GeoTIFF; band index reported
scene_02-Z0126,5,26,1324.830810546875,,unavailable in GeoTIFF; band index reported
scene_02-Z0126,5,27,1375.2352294921875,,unavailable in GeoTIFF; band index reported
scene_02-Z0126,5,28,1419.710693359375,,unavailable in GeoTIFF; band index reported
scene_02-Z0126,5,29,1477.4552001953125,2397.2422113758685,unavailable in GeoTIFF; band index reported
scene_02-Z0126,5,30,1535.39599609375,,unavailable in GeoTIFF; band index reported
scene_02-Z0126,5,31,1597.4044189453125,,unavailable in GeoTIFF; band index reported
scene_02-Z0126,5,32,1652.7462158203125,,unavailable in GeoTIFF; band index reported
scene_02-Z0126,5,33,1704.321533203125,,unavailable in GeoTIFF; band index reported
scene_02-Z0126,5,34,1762.1844482421875,,unavailable in GeoTIFF; band index reported
scene_02-Z0126,5,35,1814.0880126953125,,unavailable in GeoTIFF; band index reported
scene_02-Z0126,5,36,1856.0828857421875,3085.206971340238,unavailable in GeoTIFF; band index reported
scene_02-Z0126,5,37,1902.172607421875,,unavailable in GeoTIFF; band index reported
scene_02-Z0126,5,38,1939.6700439453125,,unavailable in GeoTIFF; band index reported
scene_02-Z0126,5,39,1974.5787353515625,,unavailable in GeoTIFF; band index reported
scene_02-Z0126,5,40,2000.5634765625,,unavailable in GeoTIFF; band index reported
scene_02-Z0126,5,41,2033.71240234375,,unavailable in GeoTIFF; band index reported
scene_02-Z0126,5,42,2059.071044921875,,unavailable in GeoTIFF; band index reported
scene_02-Z0126,5,43,2074.427978515625,,unavailable in GeoTIFF; band index reported
scene_02-Z0126,5,44,2110.390869140625,3494.815894205586,unavailable in GeoTIFF; band index reported
scene_02-Z0126,5,45,2146.969482421875,,unavailable in GeoTIFF; band index reported
scene_02-Z0126,5,46,2165.536376953125,,unavailable in GeoTIFF; band index reported
scene_02-Z0126,5,47,2191.353759765625,,unavailable in GeoTIFF; band index reported
scene_02-Z0126,5,48,2212.008544921875,,unavailable in GeoTIFF; band index reported
scene_02-Z0126,5,49,2235.5380859375,,unavailable in GeoTIFF; band index reported
scene_02-Z0126,5,50,2250.074462890625,,unavailable in GeoTIFF; band index reported
scene_02-Z0126,5,51,2299.84765625,3775.111587847919,unavailable in GeoTIFF; band index reported
scene_02-Z0126,5,52,2319.24365234375,,unavailable in GeoTIFF; band index reported
scene_02-Z0126,5,53,2354.431396484375,,unavailable in GeoTIFF; band index reported
scene_02-Z0126,5,54,2361.86474609375,,unavailable in GeoTIFF; band index reported
scene_02-Z0126,5,55,2396.329833984375,,unavailable in GeoTIFF; band index reported
scene_02-Z0126,5,56,2439.4248046875,,unavailable in GeoTIFF; band index reported
scene_02-Z0126,5,57,2487.052490234375,,unavailable in GeoTIFF; band index reported
scene_02-Z0126,5,58,2493.744384765625,4054.9174799127018,unavailable in GeoTIFF; band index reported
scene_02-Z0126,5,59,2517.500732421875,,unavailable in GeoTIFF; band index reported
scene_02-Z0126,5,60,2519.703857421875,,unavailable in GeoTIFF; band index reported
scene_02-Z0126,5,61,2608.14892578125,,unavailable in GeoTIFF; band index reported
scene_02-Z0126,5,62,2376.786865234375,,unavailable in GeoTIFF; band index reported
scene_02-Z0126,5,63,2608.0693359375,,unavailable in GeoTIFF; band index reported
scene_02-Z0126,5,64,2650.2978515625,,unavailable in GeoTIFF; band index reported
scene_02-Z0126,5,65,2672.678466796875,4208.583425148986,unavailable in GeoTIFF; band index reported
scene_02-Z0126,5,66,2696.121826171875,,unavailable in GeoTIFF; band index reported
scene_02-Z0126,5,67,2714.536376953125,,unavailable in GeoTIFF; band index reported
scene_02-Z0126,5,68,2761.2978515625,,unavailable in GeoTIFF; band index reported
scene_02-Z0126,5,69,2762.40771484375,,unavailable in GeoTIFF; band index reported
scene_02-Z0126,5,70,2791.78857421875,,unavailable in GeoTIFF; band index reported
scene_02-Z0126,5,71,2752.390869140625,,unavailable in GeoTIFF; band index reported
scene_02-Z0126,5,72,2803.932373046875,4260.953433207812,unavailable in GeoTIFF; band index reported
scene_02-Z0126,5,73,2775.27587890625,,unavailable in GeoTIFF; band index reported
scene_02-Z0126,5,74,2797.830810546875,,unavailable in GeoTIFF; band index reported
scene_02-Z0126,5,75,2800.823974609375,,unavailable in GeoTIFF; band index reported
scene_02-Z0126,5,76,2798.23681640625,,unavailable in GeoTIFF; band index reported
scene_02-Z0126,5,77,2850.52783203125,,unavailable in GeoTIFF; band index reported
scene_02-Z0126,5,78,2813.3232421875,,unavailable in GeoTIFF; band index reported
scene_02-Z0126,5,79,2853.114990234375,,unavailable in GeoTIFF; band index reported
scene_02-Z0126,5,80,2915.30615234375,4274.851139547828,unavailable in GeoTIFF; band index reported
scene_02-Z0126,5,81,2852.671630859375,,unavailable in GeoTIFF; band index reported
scene_02-Z0126,5,82,2916.961181640625,,unavailable in GeoTIFF; band index reported
scene_02-Z0126,5,83,2839.725830078125,,unavailable in GeoTIFF; band index reported
scene_02-Z0126,5,84,2741.768310546875,,unavailable in GeoTIFF; band index reported
scene_02-Z0126,5,85,2961.4248046875,,unavailable in GeoTIFF; band index reported
scene_02-Z0126,5,86,2967.197998046875,,unavailable in GeoTIFF; band index reported
scene_02-Z0126,5,87,2867.44677734375,4132.1618496129795,unavailable in GeoTIFF; band index reported
scene_02-Z0126,5,88,3024.966064453125,,unavailable in GeoTIFF; band index reported
scene_02-Z0126,5,89,3049.526123046875,,unavailable in GeoTIFF; band index reported
scene_02-Z0126,5,90,3055.10986328125,,unavailable in GeoTIFF; band index reported
scene_02-Z0126,5,91,3002.2080078125,,unavailable in GeoTIFF; band index reported
scene_02-Z0126,5,92,2934.729248046875,,unavailable in GeoTIFF; band index reported
scene_02-Z0126,5,93,2899.470458984375,,unavailable in GeoTIFF; band index reported
scene_02-Z0126,5,94,2993.666748046875,4309.2867326760515,unavailable in GeoTIFF; band index reported
scene_02-Z0126,5,95,2961.426513671875,,unavailable in GeoTIFF; band index reported
scene_02-Z0126,5,96,3060.390869140625,,unavailable in GeoTIFF; band index reported
scene_02-Z0126,5,97,2981.998291015625,,unavailable in GeoTIFF; band index reported
scene_02-Z0126,5,98,3085.17431640625,,unavailable in GeoTIFF; band index reported
scene_02-Z0126,5,99,3012.627685546875,,unavailable in GeoTIFF; band index reported
scene_02-Z0126,5,100,3113.30615234375,,unavailable in GeoTIFF; band index reported
scene_02-Z0126,5,101,3021.48046875,4322.162446797493,unavailable in GeoTIFF; band index reported
scene_02-Z0126,5,102,3135.049072265625,,unavailable in GeoTIFF; band index reported
scene_02-Z0126,5,103,3164.328369140625,,unavailable in GeoTIFF; band index reported
scene_02-Z0126,5,104,3186.21142578125,,unavailable in GeoTIFF; band index reported
scene_02-Z0126,5,105,3207.11669921875,,unavailable in GeoTIFF; band index reported
scene_02-Z0126,5,106,3225.219970703125,,unavailable in GeoTIFF; band index reported
scene_02-Z0126,5,107,3256.289306640625,,unavailable in GeoTIFF; band index reported
scene_02-Z0126,5,108,3290.172607421875,4587.895775244769,unavailable in GeoTIFF; band index reported
scene_02-Z0126,5,109,3313.798583984375,,unavailable in GeoTIFF; band index reported
scene_02-Z0126,5,110,3358.22509765625,,unavailable in GeoTIFF; band index reported
scene_02-Z0126,5,111,3392.067626953125,,unavailable in GeoTIFF; band index reported
scene_02-Z0126,5,112,3363.79345703125,,unavailable in GeoTIFF; band index reported
scene_02-Z0126,5,113,3537.26220703125,,unavailable in GeoTIFF; band index reported
scene_02-Z0126,5,114,3538.97802734375,,unavailable in GeoTIFF; band index reported
scene_02-Z0126,5,115,3437.885009765625,,unavailable in GeoTIFF; band index reported
scene_02-Z0126,5,116,3484.773193359375,4773.595522481138,unavailable in GeoTIFF; band index reported
scene_02-Z0126,5,117,3565.460205078125,,unavailable in GeoTIFF; band index reported
scene_02-Z0126,5,118,3632.07958984375,,unavailable in GeoTIFF; band index reported
scene_02-Z0126,5,119,3654.83935546875,,unavailable in GeoTIFF; band index reported
scene_02-Z0126,5,120,3659.867919921875,,unavailable in GeoTIFF; band index reported
scene_02-Z0126,5,121,3688.13037109375,,unavailable in GeoTIFF; band index reported
scene_02-Z0126,5,122,3704.103271484375,,unavailable in GeoTIFF; band index reported
scene_02-Z0126,5,123,3727.37744140625,5061.2235274916375,unavailable in GeoTIFF; band index reported
scene_02-Z0126,5,124,3775.0947265625,,unavailable in GeoTIFF; band index reported
scene_02-Z0126,5,125,3812.49072265625,,unavailable in GeoTIFF; band index reported
scene_02-Z0126,5,126,3792.494140625,,unavailable in GeoTIFF; band index reported
scene_02-Z0126,5,127,3785.68359375,,unavailable in GeoTIFF; band index reported
scene_02-Z0126,5,128,3797.086181640625,,unavailable in GeoTIFF; band index reported
scene_02-Z0126,5,129,3793.85107421875,,unavailable in GeoTIFF; band index reported
scene_02-Z0126,5,130,3795.289306640625,5181.63314746944,unavailable in GeoTIFF; band index reported
scene_02-Z0126,5,131,-32768.0,,unavailable in GeoTIFF; band index reported
scene_02-Z0126,5,132,-32768.0,,unavailable in GeoTIFF; band index reported
scene_02-Z0126,5,133,-32768.0,,unavailable in GeoTIFF; band index reported
scene_02-Z0126,5,134,-32768.0,,unavailable in GeoTIFF; band index reported
scene_02-Z0126,5,135,-32768.0,,unavailable in GeoTIFF; band index reported
scene_02-Z0126,5,136,3842.653076171875,,unavailable in GeoTIFF; band index reported
scene_02-Z0126,5,137,4001.22509765625,5313.299393467547,unavailable in GeoTIFF; band index reported
scene_02-Z0126,5,138,3894.983154296875,,unavailable in GeoTIFF; band index reported
scene_02-Z0126,5,139,3876.536376953125,,unavailable in GeoTIFF; band index reported
scene_02-Z0126,5,140,3935.223388671875,,unavailable in GeoTIFF; band index reported
scene_02-Z0126,5,141,3999.27587890625,,unavailable in GeoTIFF; band index reported
scene_02-Z0126,5,142,4036.74951171875,,unavailable in GeoTIFF; band index reported
scene_02-Z0126,5,143,4049.634521484375,,unavailable in GeoTIFF; band index reported
scene_02-Z0126,5,144,4060.830810546875,5291.036598592477,unavailable in GeoTIFF; band index reported
scene_02-Z0126,5,145,4083.387451171875,,unavailable in GeoTIFF; band index reported
scene_02-Z0126,5,146,4095.4296875,,unavailable in GeoTIFF; band index reported
scene_02-Z0126,5,147,4101.44140625,,unavailable in GeoTIFF; band index reported
scene_02-Z0126,5,148,4110.35888671875,,unavailable in GeoTIFF; band index reported
scene_02-Z0126,5,149,4127.79541015625,,unavailable in GeoTIFF; band index reported
scene_02-Z0126,5,150,4139.59033203125,,unavailable in GeoTIFF; band index reported
scene_02-Z0126,5,151,4137.251953125,,unavailable in GeoTIFF; band index reported
scene_02-Z0126,5,152,4140.07958984375,5322.025407664693,unavailable in GeoTIFF; band index reported
scene_02-Z0126,5,153,4136.4921875,,unavailable in GeoTIFF; band index reported
scene_02-Z0126,5,154,4151.6533203125,,unavailable in GeoTIFF; band index reported
scene_02-Z0126,5,155,4152.6953125,,unavailable in GeoTIFF; band index reported
scene_02-Z0126,5,156,4165.798828125,,unavailable in GeoTIFF; band index reported
scene_02-Z0126,5,157,4169.0439453125,,unavailable in GeoTIFF; band index reported
scene_02-Z0126,5,158,4176.80224609375,,unavailable in GeoTIFF; band index reported
scene_02-Z0126,5,159,4173.720703125,5333.289541560736,unavailable in GeoTIFF; band index reported
scene_02-Z0126,5,160,4193.57861328125,,unavailable in GeoTIFF; band index reported
scene_02-Z0126,5,161,4171.28955078125,,unavailable in GeoTIFF; band index reported
scene_02-Z0126,5,162,4169.41943359375,,unavailable in GeoTIFF; band index reported
scene_02-Z0126,5,163,4173.0576171875,,unavailable in GeoTIFF; band index reported
scene_02-Z0126,5,164,4147.0,,unavailable in GeoTIFF; band index reported
scene_02-Z0126,5,165,4108.8779296875,,unavailable in GeoTIFF; band index reported
scene_02-Z0126,5,166,4017.62255859375,5126.3322530328205,unavailable in GeoTIFF; band index reported
scene_02-Z0126,5,167,3496.011962890625,,unavailable in GeoTIFF; band index reported
scene_02-Z0126,5,168,3712.203125,,unavailable in GeoTIFF; band index reported
scene_02-Z0126,5,169,3868.04736328125,,unavailable in GeoTIFF; band index reported
scene_02-Z0126,5,170,3737.53125,,unavailable in GeoTIFF; band index reported
scene_02-Z0126,5,171,3175.867919921875,,unavailable in GeoTIFF; band index reported
scene_02-Z0126,5,172,3332.23681640625,,unavailable in GeoTIFF; band index reported
scene_02-Z0126,5,173,3630.802001953125,4868.793331420657,unavailable in GeoTIFF; band index reported
scene_02-Z0126,5,174,3877.837646484375,,unavailable in GeoTIFF; band index reported
scene_02-Z0126,5,175,3977.808837890625,,unavailable in GeoTIFF; band index reported
scene_02-Z0126,5,176,3860.86474609375,,unavailable in GeoTIFF; band index reported
scene_02-Z0126,5,177,3841.10498046875,,unavailable in GeoTIFF; band index reported
scene_02-Z0126,5,178,3803.150634765625,,unavailable in GeoTIFF; band index reported
scene_02-Z0126,5,179,3869.455078125,,unavailable in GeoTIFF; band index reported
scene_02-Z0126,5,180,3840.037109375,5202.966566248882,unavailable in GeoTIFF; band index reported
scene_02-Z0126,5,181,3825.494140625,,unavailable in GeoTIFF; band index reported
scene_02-Z0126,5,182,3835.834228515625,,unavailable in GeoTIFF; band index reported
scene_02-Z0126,5,183,3789.950927734375,,unavailable in GeoTIFF; band index reported
scene_02-Z0126,5,184,3774.460205078125,,unavailable in GeoTIFF; band index reported
scene_02-Z0126,5,185,3726.962890625,,unavailable in GeoTIFF; band index reported
scene_02-Z0126,5,186,3649.8798828125,,unavailable in GeoTIFF; band index reported
scene_02-Z0126,5,187,3509.913818359375,,unavailable in GeoTIFF; band index reported
scene_02-Z0126,5,188,3378.299560546875,5041.53400087969,unavailable in GeoTIFF; band index reported
scene_02-Z0126,5,189,3280.615966796875,,unavailable in GeoTIFF; band index reported
scene_02-Z0126,5,190,3247.55322265625,,unavailable in GeoTIFF; band index reported
scene_02-Z0126,5,191,3237.343505859375,,unavailable in GeoTIFF; band index reported
scene_02-Z0126,5,192,3208.84765625,,unavailable in GeoTIFF; band index reported
scene_02-Z0126,5,193,3107.138671875,,unavailable in GeoTIFF; band index reported
scene_02-Z0126,5,194,2960.31982421875,,unavailable in GeoTIFF; band index reported
scene_02-Z0126,5,195,3167.71240234375,4730.891681356888,unavailable in GeoTIFF; band index reported
scene_02-Z0126,5,196,3351.954345703125,,unavailable in GeoTIFF; band index reported
scene_02-Z0126,5,197,3392.69873046875,,unavailable in GeoTIFF; band index reported
scene_02-Z0126,5,198,3367.580322265625,,unavailable in GeoTIFF; band index reported
scene_02-Z0126,5,199,3353.33154296875,,unavailable in GeoTIFF; band index reported
scene_02-Z0126,5,200,3338.8798828125,,unavailable in GeoTIFF; band index reported
scene_02-Z0126,5,201,3313.7275390625,,unavailable in GeoTIFF; band index reported
scene_02-Z0126,5,202,3295.3349609375,4755.162417917476,unavailable in GeoTIFF; band index reported
scene_02-Z0126,5,203,3263.423095703125,,unavailable in GeoTIFF; band index reported
scene_02-Z0126,5,204,3194.845947265625,,unavailable in GeoTIFF; band index reported
scene_02-Z0126,5,205,3115.795166015625,,unavailable in GeoTIFF; band index reported
scene_02-Z0126,5,206,3099.99658203125,,unavailable in GeoTIFF; band index reported
scene_02-Z0126,5,207,3081.841064453125,,unavailable in GeoTIFF; band index reported
scene_02-Z0126,5,208,3017.125244140625,,unavailable in GeoTIFF; band index reported
scene_02-Z0126,5,209,3034.213134765625,4476.438329984224,unavailable in GeoTIFF; band index reported
scene_02-Z0126,5,210,3004.2587890625,,unavailable in GeoTIFF; band index reported
scene_02-Z0126,5,211,2946.033935546875,,unavailable in GeoTIFF; band index reported
scene_02-Z0126,5,212,2915.5703125,,unavailable in GeoTIFF; band index reported
scene_02-Z0126,5,213,2973.45849609375,,unavailable in GeoTIFF; band index reported
scene_02-Z0126,5,214,2937.827392578125,,unavailable in GeoTIFF; band index reported
scene_02-Z0126,5,215,2880.30615234375,,unavailable in GeoTIFF; band index reported
scene_02-Z0126,5,216,2822.77490234375,4250.046155720016,unavailable in GeoTIFF; band index reported
scene_02-Z0126,5,217,2845.020263671875,,unavailable in GeoTIFF; band index reported
scene_02-Z0126,5,218,2879.15576171875,,unavailable in GeoTIFF; band index reported
scene_02-Z0126,5,219,2834.037109375,,unavailable in GeoTIFF; band index reported
scene_02-Z0126,5,220,2770.998291015625,,unavailable in GeoTIFF; band index reported
scene_02-Z0126,5,221,2753.263916015625,,unavailable in GeoTIFF; band index reported
scene_02-Z0126,5,222,2816.01513671875,,unavailable in GeoTIFF; band index reported
scene_02-Z0126,5,223,2685.197998046875,,unavailable in GeoTIFF; band index reported
scene_02-Z0126,5,224,2712.57861328125,3969.812622182586,unavailable in GeoTIFF; band index reported
scene_02-Z0132,6,1,610.3621215820312,923.9636213539318,unavailable in GeoTIFF; band index reported
scene_02-Z0132,6,2,622.2990112304688,,unavailable in GeoTIFF; band index reported
scene_02-Z0132,6,3,655.787353515625,,unavailable in GeoTIFF; band index reported
scene_02-Z0132,6,4,690.8405151367188,,unavailable in GeoTIFF; band index reported
scene_02-Z0132,6,5,732.6810913085938,,unavailable in GeoTIFF; band index reported
scene_02-Z0132,6,6,748.6611328125,,unavailable in GeoTIFF; band index reported
scene_02-Z0132,6,7,781.49169921875,,unavailable in GeoTIFF; band index reported
scene_02-Z0132,6,8,803.9734497070312,1239.8336512557007,unavailable in GeoTIFF; band index reported
scene_02-Z0132,6,9,815.4252319335938,,unavailable in GeoTIFF; band index reported
scene_02-Z0132,6,10,842.279052734375,,unavailable in GeoTIFF; band index reported
scene_02-Z0132,6,11,852.7109375,,unavailable in GeoTIFF; band index reported
scene_02-Z0132,6,12,863.0498046875,,unavailable in GeoTIFF; band index reported
scene_02-Z0132,6,13,876.4983520507812,,unavailable in GeoTIFF; band index reported
scene_02-Z0132,6,14,902.9435424804688,,unavailable in GeoTIFF; band index reported
scene_02-Z0132,6,15,933.9866943359375,1434.539444115118,unavailable in GeoTIFF; band index reported
scene_02-Z0132,6,16,951.6411743164062,,unavailable in GeoTIFF; band index reported
scene_02-Z0132,6,17,970.6478271484375,,unavailable in GeoTIFF; band index reported
scene_02-Z0132,6,18,1006.8505249023438,,unavailable in GeoTIFF; band index reported
scene_02-Z0132,6,19,1033.684326171875,,unavailable in GeoTIFF; band index reported
scene_02-Z0132,6,20,1066.4884033203125,,unavailable in GeoTIFF; band index reported
scene_02-Z0132,6,21,1109.78076171875,,unavailable in GeoTIFF; band index reported
scene_02-Z0132,6,22,1138.8172607421875,1823.7665394518328,unavailable in GeoTIFF; band index reported
scene_02-Z0132,6,23,1176.6910400390625,,unavailable in GeoTIFF; band index reported
scene_02-Z0132,6,24,1221.093017578125,,unavailable in GeoTIFF; band index reported
scene_02-Z0132,6,25,1263.2059326171875,,unavailable in GeoTIFF; band index reported
scene_02-Z0132,6,26,1312.033203125,,unavailable in GeoTIFF; band index reported
scene_02-Z0132,6,27,1360.79736328125,,unavailable in GeoTIFF; band index reported
scene_02-Z0132,6,28,1410.7574462890625,,unavailable in GeoTIFF; band index reported
scene_02-Z0132,6,29,1468.6212158203125,2397.2422113758685,unavailable in GeoTIFF; band index reported
scene_02-Z0132,6,30,1526.57470703125,,unavailable in GeoTIFF; band index reported
scene_02-Z0132,6,31,1594.6046142578125,,unavailable in GeoTIFF; band index reported
scene_02-Z0132,6,32,1648.55810546875,,unavailable in GeoTIFF; band index reported
scene_02-Z0132,6,33,1698.1993408203125,,unavailable in GeoTIFF; band index reported
scene_02-Z0132,6,34,1760.1927490234375,,unavailable in GeoTIFF; band index reported
scene_02-Z0132,6,35,1807.76416015625,,unavailable in GeoTIFF; band index reported
scene_02-Z0132,6,36,1856.026611328125,3085.206971340238,unavailable in GeoTIFF; band index reported
scene_02-Z0132,6,37,1900.534912109375,,unavailable in GeoTIFF; band index reported
scene_02-Z0132,6,38,1940.033203125,,unavailable in GeoTIFF; band index reported
scene_02-Z0132,6,39,1972.900390625,,unavailable in GeoTIFF; band index reported
scene_02-Z0132,6,40,1997.431884765625,,unavailable in GeoTIFF; band index reported
scene_02-Z0132,6,41,2034.465087890625,,unavailable in GeoTIFF; band index reported
scene_02-Z0132,6,42,2053.757568359375,,unavailable in GeoTIFF; band index reported
scene_02-Z0132,6,43,2073.411865234375,,unavailable in GeoTIFF; band index reported
scene_02-Z0132,6,44,2107.564697265625,3494.815894205586,unavailable in GeoTIFF; band index reported
scene_02-Z0132,6,45,2140.973388671875,,unavailable in GeoTIFF; band index reported
scene_02-Z0132,6,46,2160.9501953125,,unavailable in GeoTIFF; band index reported
scene_02-Z0132,6,47,2186.7109375,,unavailable in GeoTIFF; band index reported
scene_02-Z0132,6,48,2212.23583984375,,unavailable in GeoTIFF; band index reported
scene_02-Z0132,6,49,2229.853759765625,,unavailable in GeoTIFF; band index reported
scene_02-Z0132,6,50,2247.99658203125,,unavailable in GeoTIFF; band index reported
scene_02-Z0132,6,51,2301.36865234375,3775.111587847919,unavailable in GeoTIFF; band index reported
scene_02-Z0132,6,52,2316.64794921875,,unavailable in GeoTIFF; band index reported
scene_02-Z0132,6,53,2350.332275390625,,unavailable in GeoTIFF; band index reported
scene_02-Z0132,6,54,2358.59130859375,,unavailable in GeoTIFF; band index reported
scene_02-Z0132,6,55,2397.810546875,,unavailable in GeoTIFF; band index reported
scene_02-Z0132,6,56,2435.89697265625,,unavailable in GeoTIFF; band index reported
scene_02-Z0132,6,57,2479.45849609375,,unavailable in GeoTIFF; band index reported
scene_02-Z0132,6,58,2488.637939453125,4054.9174799127018,unavailable in GeoTIFF; band index reported
scene_02-Z0132,6,59,2514.5380859375,,unavailable in GeoTIFF; band index reported
scene_02-Z0132,6,60,2518.654541015625,,unavailable in GeoTIFF; band index reported
scene_02-Z0132,6,61,2609.3720703125,,unavailable in GeoTIFF; band index reported
scene_02-Z0132,6,62,2381.093017578125,,unavailable in GeoTIFF; band index reported
scene_02-Z0132,6,63,2609.08642578125,,unavailable in GeoTIFF; band index reported
scene_02-Z0132,6,64,2648.97021484375,,unavailable in GeoTIFF; band index reported
scene_02-Z0132,6,65,2674.737548828125,4208.583425148986,unavailable in GeoTIFF; band index reported
scene_02-Z0132,6,66,2699.960205078125,,unavailable in GeoTIFF; band index reported
scene_02-Z0132,6,67,2720.5283203125,,unavailable in GeoTIFF; band index reported
scene_02-Z0132,6,68,2767.159423828125,,unavailable in GeoTIFF; band index reported
scene_02-Z0132,6,69,2757.465087890625,,unavailable in GeoTIFF; band index reported
scene_02-Z0132,6,70,2786.431884765625,,unavailable in GeoTIFF; band index reported
scene_02-Z0132,6,71,2758.717529296875,,unavailable in GeoTIFF; band index reported
scene_02-Z0132,6,72,2801.571533203125,4260.953433207812,unavailable in GeoTIFF; band index reported
scene_02-Z0132,6,73,2788.15283203125,,unavailable in GeoTIFF; band index reported
scene_02-Z0132,6,74,2813.328857421875,,unavailable in GeoTIFF; band index reported
scene_02-Z0132,6,75,2825.478515625,,unavailable in GeoTIFF; band index reported
scene_02-Z0132,6,76,2810.89697265625,,unavailable in GeoTIFF; band index reported
scene_02-Z0132,6,77,2867.55810546875,,unavailable in GeoTIFF; band index reported
scene_02-Z0132,6,78,2826.877197265625,,unavailable in GeoTIFF; band index reported
scene_02-Z0132,6,79,2868.42529296875,,unavailable in GeoTIFF; band index reported
scene_02-Z0132,6,80,2928.677734375,4274.851139547828,unavailable in GeoTIFF; band index reported
scene_02-Z0132,6,81,2864.7109375,,unavailable in GeoTIFF; band index reported
scene_02-Z0132,6,82,2929.720947265625,,unavailable in GeoTIFF; band index reported
scene_02-Z0132,6,83,2853.421875,,unavailable in GeoTIFF; band index reported
scene_02-Z0132,6,84,2759.68115234375,,unavailable in GeoTIFF; band index reported
scene_02-Z0132,6,85,2973.348876953125,,unavailable in GeoTIFF; band index reported
scene_02-Z0132,6,86,2968.465087890625,,unavailable in GeoTIFF; band index reported
scene_02-Z0132,6,87,2884.8271484375,4132.1618496129795,unavailable in GeoTIFF; band index reported
scene_02-Z0132,6,88,3040.78076171875,,unavailable in GeoTIFF; band index reported
scene_02-Z0132,6,89,3053.621337890625,,unavailable in GeoTIFF; band index reported
scene_02-Z0132,6,90,3070.571533203125,,unavailable in GeoTIFF; band index reported
scene_02-Z0132,6,91,3011.88037109375,,unavailable in GeoTIFF; band index reported
scene_02-Z0132,6,92,2951.196044921875,,unavailable in GeoTIFF; band index reported
scene_02-Z0132,6,93,2917.564697265625,,unavailable in GeoTIFF; band index reported
scene_02-Z0132,6,94,3006.1728515625,4309.2867326760515,unavailable in GeoTIFF; band index reported
scene_02-Z0132,6,95,2971.820556640625,,unavailable in GeoTIFF; band index reported
scene_02-Z0132,6,96,3075.36865234375,,unavailable in GeoTIFF; band index reported
scene_02-Z0132,6,97,2987.245849609375,,unavailable in GeoTIFF; band index reported
scene_02-Z0132,6,98,3101.3720703125,,unavailable in GeoTIFF; band index reported
scene_02-Z0132,6,99,3019.2392578125,,unavailable in GeoTIFF; band index reported
scene_02-Z0132,6,100,3131.71435546875,,unavailable in GeoTIFF; band index reported
scene_02-Z0132,6,101,3031.382080078125,4322.162446797493,unavailable in GeoTIFF; band index reported
scene_02-Z0132,6,102,3153.23583984375,,unavailable in GeoTIFF; band index reported
scene_02-Z0132,6,103,3183.455078125,,unavailable in GeoTIFF; band index reported
scene_02-Z0132,6,104,3207.362060546875,,unavailable in GeoTIFF; band index reported
scene_02-Z0132,6,105,3228.039794921875,,unavailable in GeoTIFF; band index reported
scene_02-Z0132,6,106,3246.026611328125,,unavailable in GeoTIFF; band index reported
scene_02-Z0132,6,107,3277.8271484375,,unavailable in GeoTIFF; band index reported
scene_02-Z0132,6,108,3312.146240234375,4587.895775244769,unavailable in GeoTIFF; band index reported
scene_02-Z0132,6,109,3336.7275390625,,unavailable in GeoTIFF; band index reported
scene_02-Z0132,6,110,3379.275634765625,,unavailable in GeoTIFF; band index reported
scene_02-Z0132,6,111,3413.30224609375,,unavailable in GeoTIFF; band index reported
scene_02-Z0132,6,112,3387.3720703125,,unavailable in GeoTIFF; band index reported
scene_02-Z0132,6,113,3546.551513671875,,unavailable in GeoTIFF; band index reported
scene_02-Z0132,6,114,3556.45849609375,,unavailable in GeoTIFF; band index reported
scene_02-Z0132,6,115,3463.65771484375,,unavailable in GeoTIFF; band index reported
scene_02-Z0132,6,116,3514.564697265625,4773.595522481138,unavailable in GeoTIFF; band index reported
scene_02-Z0132,6,117,3591.8671875,,unavailable in GeoTIFF; band index reported
scene_02-Z0132,6,118,3658.299072265625,,unavailable in GeoTIFF; band index reported
scene_02-Z0132,6,119,3682.398681640625,,unavailable in GeoTIFF; band index reported
scene_02-Z0132,6,120,3690.2392578125,,unavailable in GeoTIFF; band index reported
scene_02-Z0132,6,121,3718.578125,,unavailable in GeoTIFF; band index reported
scene_02-Z0132,6,122,3733.225830078125,,unavailable in GeoTIFF; band index reported
scene_02-Z0132,6,123,3760.39208984375,5061.2235274916375,unavailable in GeoTIFF; band index reported
scene_02-Z0132,6,124,3810.093017578125,,unavailable in GeoTIFF; band index reported
scene_02-Z0132,6,125,3850.076416015625,,unavailable in GeoTIFF; band index reported
scene_02-Z0132,6,126,3826.362060546875,,unavailable in GeoTIFF; band index reported
scene_02-Z0132,6,127,3816.35205078125,,unavailable in GeoTIFF; band index reported
scene_02-Z0132,6,128,3826.518310546875,,unavailable in GeoTIFF; band index reported
scene_02-Z0132,6,129,3823.953369140625,,unavailable in GeoTIFF; band index reported
scene_02-Z0132,6,130,3815.81396484375,5181.63314746944,unavailable in GeoTIFF; band index reported
scene_02-Z0132,6,131,-32768.0,,unavailable in GeoTIFF; band index reported
scene_02-Z0132,6,132,-32768.0,,unavailable in GeoTIFF; band index reported
scene_02-Z0132,6,133,-32768.0,,unavailable in GeoTIFF; band index reported
scene_02-Z0132,6,134,-32768.0,,unavailable in GeoTIFF; band index reported
scene_02-Z0132,6,135,-32768.0,,unavailable in GeoTIFF; band index reported
scene_02-Z0132,6,136,3873.010009765625,,unavailable in GeoTIFF; band index reported
scene_02-Z0132,6,137,4033.900390625,5313.299393467547,unavailable in GeoTIFF; band index reported
scene_02-Z0132,6,138,3927.59130859375,,unavailable in GeoTIFF; band index reported
scene_02-Z0132,6,139,3910.282470703125,,unavailable in GeoTIFF; band index reported
scene_02-Z0132,6,140,3978.6279296875,,unavailable in GeoTIFF; band index reported
scene_02-Z0132,6,141,4037.906982421875,,unavailable in GeoTIFF; band index reported
scene_02-Z0132,6,142,4078.00341796875,,unavailable in GeoTIFF; band index reported
scene_02-Z0132,6,143,4089.485107421875,,unavailable in GeoTIFF; band index reported
scene_02-Z0132,6,144,4099.85400390625,5291.036598592477,unavailable in GeoTIFF; band index reported
scene_02-Z0132,6,145,4123.90673828125,,unavailable in GeoTIFF; band index reported
scene_02-Z0132,6,146,4134.6943359375,,unavailable in GeoTIFF; band index reported
scene_02-Z0132,6,147,4139.26904296875,,unavailable in GeoTIFF; band index reported
scene_02-Z0132,6,148,4145.89697265625,,unavailable in GeoTIFF; band index reported
scene_02-Z0132,6,149,4166.0068359375,,unavailable in GeoTIFF; band index reported
scene_02-Z0132,6,150,4174.25927734375,,unavailable in GeoTIFF; band index reported
scene_02-Z0132,6,151,4176.88720703125,,unavailable in GeoTIFF; band index reported
scene_02-Z0132,6,152,4176.54150390625,5322.025407664693,unavailable in GeoTIFF; band index reported
scene_02-Z0132,6,153,4171.08642578125,,unavailable in GeoTIFF; band index reported
scene_02-Z0132,6,154,4194.4150390625,,unavailable in GeoTIFF; band index reported
scene_02-Z0132,6,155,4189.43505859375,,unavailable in GeoTIFF; band index reported
scene_02-Z0132,6,156,4199.990234375,,unavailable in GeoTIFF; band index reported
scene_02-Z0132,6,157,4198.365234375,,unavailable in GeoTIFF; band index reported
scene_02-Z0132,6,158,4205.17919921875,,unavailable in GeoTIFF; band index reported
scene_02-Z0132,6,159,4209.59130859375,5333.289541560736,unavailable in GeoTIFF; band index reported
scene_02-Z0132,6,160,4217.45166015625,,unavailable in GeoTIFF; band index reported
scene_02-Z0132,6,161,4193.2490234375,,unavailable in GeoTIFF; band index reported
scene_02-Z0132,6,162,4189.48486328125,,unavailable in GeoTIFF; band index reported
scene_02-Z0132,6,163,4197.4716796875,,unavailable in GeoTIFF; band index reported
scene_02-Z0132,6,164,4166.6875,,unavailable in GeoTIFF; band index reported
scene_02-Z0132,6,165,4141.6279296875,,unavailable in GeoTIFF; band index reported
scene_02-Z0132,6,166,4038.80078125,5126.3322530328205,unavailable in GeoTIFF; band index reported
scene_02-Z0132,6,167,3525.056396484375,,unavailable in GeoTIFF; band index reported
scene_02-Z0132,6,168,3726.667724609375,,unavailable in GeoTIFF; band index reported
scene_02-Z0132,6,169,3879.006591796875,,unavailable in GeoTIFF; band index reported
scene_02-Z0132,6,170,3749.744140625,,unavailable in GeoTIFF; band index reported
scene_02-Z0132,6,171,3184.35546875,,unavailable in GeoTIFF; band index reported
scene_02-Z0132,6,172,3344.993408203125,,unavailable in GeoTIFF; band index reported
scene_02-Z0132,6,173,3654.00341796875,4868.793331420657,unavailable in GeoTIFF; band index reported
scene_02-Z0132,6,174,3899.993408203125,,unavailable in GeoTIFF; band index reported
scene_02-Z0132,6,175,3991.265869140625,,unavailable in GeoTIFF; band index reported
scene_02-Z0132,6,176,3869.69775390625,,unavailable in GeoTIFF; band index reported
scene_02-Z0132,6,177,3848.099609375,,unavailable in GeoTIFF; band index reported
scene_02-Z0132,6,178,3805.953369140625,,unavailable in GeoTIFF; band index reported
scene_02-Z0132,6,179,3871.548095703125,,unavailable in GeoTIFF; band index reported
scene_02-Z0132,6,180,3838.79736328125,5202.966566248882,unavailable in GeoTIFF; band index reported
scene_02-Z0132,6,181,3834.37548828125,,unavailable in GeoTIFF; band index reported
scene_02-Z0132,6,182,3843.581298828125,,unavailable in GeoTIFF; band index reported
scene_02-Z0132,6,183,3792.584716796875,,unavailable in GeoTIFF; band index reported
scene_02-Z0132,6,184,3793.099609375,,unavailable in GeoTIFF; band index reported
scene_02-Z0132,6,185,3739.179443359375,,unavailable in GeoTIFF; band index reported
scene_02-Z0132,6,186,3647.1494140625,,unavailable in GeoTIFF; band index reported
scene_02-Z0132,6,187,3523.365478515625,,unavailable in GeoTIFF; band index reported
scene_02-Z0132,6,188,3402.295654296875,5041.53400087969,unavailable in GeoTIFF; band index reported
scene_02-Z0132,6,189,3304.40869140625,,unavailable in GeoTIFF; band index reported
scene_02-Z0132,6,190,3263.179443359375,,unavailable in GeoTIFF; band index reported
scene_02-Z0132,6,191,3243.94677734375,,unavailable in GeoTIFF; band index reported
scene_02-Z0132,6,192,3230.7275390625,,unavailable in GeoTIFF; band index reported
scene_02-Z0132,6,193,3132.039794921875,,unavailable in GeoTIFF; band index reported
scene_02-Z0132,6,194,2988.249267578125,,unavailable in GeoTIFF; band index reported
scene_02-Z0132,6,195,3189.88037109375,4730.891681356888,unavailable in GeoTIFF; band index reported
scene_02-Z0132,6,196,3363.943603515625,,unavailable in GeoTIFF; band index reported
scene_02-Z0132,6,197,3404.66455078125,,unavailable in GeoTIFF; band index reported
scene_02-Z0132,6,198,3374.651123046875,,unavailable in GeoTIFF; band index reported
scene_02-Z0132,6,199,3356.943603515625,,unavailable in GeoTIFF; band index reported
scene_02-Z0132,6,200,3344.259033203125,,unavailable in GeoTIFF; band index reported
scene_02-Z0132,6,201,3320.15625,,unavailable in GeoTIFF; band index reported
scene_02-Z0132,6,202,3299.209228515625,4755.162417917476,unavailable in GeoTIFF; band index reported
scene_02-Z0132,6,203,3268.57470703125,,unavailable in GeoTIFF; band index reported
scene_02-Z0132,6,204,3192.36865234375,,unavailable in GeoTIFF; band index reported
scene_02-Z0132,6,205,3116.42529296875,,unavailable in GeoTIFF; band index reported
scene_02-Z0132,6,206,3107.68115234375,,unavailable in GeoTIFF; band index reported
scene_02-Z0132,6,207,3082.06982421875,,unavailable in GeoTIFF; band index reported
scene_02-Z0132,6,208,3016.255859375,,unavailable in GeoTIFF; band index reported
scene_02-Z0132,6,209,3036.67431640625,4476.438329984224,unavailable in GeoTIFF; band index reported
scene_02-Z0132,6,210,3009.54150390625,,unavailable in GeoTIFF; band index reported
scene_02-Z0132,6,211,2945.259033203125,,unavailable in GeoTIFF; band index reported
scene_02-Z0132,6,212,2920.783935546875,,unavailable in GeoTIFF; band index reported
scene_02-Z0132,6,213,2977.275634765625,,unavailable in GeoTIFF; band index reported
scene_02-Z0132,6,214,2939.604736328125,,unavailable in GeoTIFF; band index reported
scene_02-Z0132,6,215,2886.568115234375,,unavailable in GeoTIFF; band index reported
scene_02-Z0132,6,216,2831.32568359375,4250.046155720016,unavailable in GeoTIFF; band index reported
scene_02-Z0132,6,217,2852.006591796875,,unavailable in GeoTIFF; band index reported
scene_02-Z0132,6,218,2880.890380859375,,unavailable in GeoTIFF; band index reported
scene_02-Z0132,6,219,2838.362060546875,,unavailable in GeoTIFF; band index reported
scene_02-Z0132,6,220,2775.106201171875,,unavailable in GeoTIFF; band index reported
scene_02-Z0132,6,221,2756.704345703125,,unavailable in GeoTIFF; band index reported
scene_02-Z0132,6,222,2816.8837890625,,unavailable in GeoTIFF; band index reported
scene_02-Z0132,6,223,2686.485107421875,,unavailable in GeoTIFF; band index reported
scene_02-Z0132,6,224,2723.634521484375,3969.812622182586,unavailable in GeoTIFF; band index reported
scene_02-Z0051,7,1,746.5466918945312,923.9636213539318,unavailable in GeoTIFF; band index reported
scene_02-Z0051,7,2,757.0986938476562,,unavailable in GeoTIFF; band index reported
scene_02-Z0051,7,3,786.8720092773438,,unavailable in GeoTIFF; band index reported
scene_02-Z0051,7,4,827.8106689453125,,unavailable in GeoTIFF; band index reported
scene_02-Z0051,7,5,861.65869140625,,unavailable in GeoTIFF; band index reported
scene_02-Z0051,7,6,888.1653442382812,,unavailable in GeoTIFF; band index reported
scene_02-Z0051,7,7,921.6959838867188,,unavailable in GeoTIFF; band index reported
scene_02-Z0051,7,8,946.9466552734375,1239.8336512557007,unavailable in GeoTIFF; band index reported
scene_02-Z0051,7,9,956.4400024414062,,unavailable in GeoTIFF; band index reported
scene_02-Z0051,7,10,982.4906616210938,,unavailable in GeoTIFF; band index reported
scene_02-Z0051,7,11,993.9386596679688,,unavailable in GeoTIFF; band index reported
scene_02-Z0051,7,12,1001.4853515625,,unavailable in GeoTIFF; band index reported
scene_02-Z0051,7,13,1019.2826538085938,,unavailable in GeoTIFF; band index reported
scene_02-Z0051,7,14,1051.685302734375,,unavailable in GeoTIFF; band index reported
scene_02-Z0051,7,15,1074.42138671875,1434.539444115118,unavailable in GeoTIFF; band index reported
scene_02-Z0051,7,16,1098.3759765625,,unavailable in GeoTIFF; band index reported
scene_02-Z0051,7,17,1128.06396484375,,unavailable in GeoTIFF; band index reported
scene_02-Z0051,7,18,1158.54931640625,,unavailable in GeoTIFF; band index reported
scene_02-Z0051,7,19,1193.0452880859375,,unavailable in GeoTIFF; band index reported
scene_02-Z0051,7,20,1229.416015625,,unavailable in GeoTIFF; band index reported
scene_02-Z0051,7,21,1269.54931640625,,unavailable in GeoTIFF; band index reported
scene_02-Z0051,7,22,1303.482666015625,1823.7665394518328,unavailable in GeoTIFF; band index reported
scene_02-Z0051,7,23,1344.904052734375,,unavailable in GeoTIFF; band index reported
scene_02-Z0051,7,24,1386.8507080078125,,unavailable in GeoTIFF; band index reported
scene_02-Z0051,7,25,1430.1866455078125,,unavailable in GeoTIFF; band index reported
scene_02-Z0051,7,26,1484.101318359375,,unavailable in GeoTIFF; band index reported
scene_02-Z0051,7,27,1535.1226806640625,,unavailable in GeoTIFF; band index reported
scene_02-Z0051,7,28,1585.0186767578125,,unavailable in GeoTIFF; band index reported
scene_02-Z0051,7,29,1644.27197265625,2397.2422113758685,unavailable in GeoTIFF; band index reported
scene_02-Z0051,7,30,1699.8480224609375,,unavailable in GeoTIFF; band index reported
scene_02-Z0051,7,31,1769.79736328125,,unavailable in GeoTIFF; band index reported
scene_02-Z0051,7,32,1824.3653564453125,,unavailable in GeoTIFF; band index reported
scene_02-Z0051,7,33,1877.28271484375,,unavailable in GeoTIFF; band index reported
scene_02-Z0051,7,34,1934.887939453125,,unavailable in GeoTIFF; band index reported
scene_02-Z0051,7,35,1987.5679931640625,,unavailable in GeoTIFF; band index reported
scene_02-Z0051,7,36,2033.517333984375,3085.206971340238,unavailable in GeoTIFF; band index reported
scene_02-Z0051,7,37,2079.4560546875,,unavailable in GeoTIFF; band index reported
scene_02-Z0051,7,38,2121.031982421875,,unavailable in GeoTIFF; band index reported
scene_02-Z0051,7,39,2152.840087890625,,unavailable in GeoTIFF; band index reported
scene_02-Z0051,7,40,2176.94140625,,unavailable in GeoTIFF; band index reported
scene_02-Z0051,7,41,2212.562744140625,,unavailable in GeoTIFF; band index reported
scene_02-Z0051,7,42,2235.605224609375,,unavailable in GeoTIFF; band index reported
scene_02-Z0051,7,43,2248.597412109375,,unavailable in GeoTIFF; band index reported
scene_02-Z0051,7,44,2286.090576171875,3494.815894205586,unavailable in GeoTIFF; band index reported
scene_02-Z0051,7,45,2319.234619140625,,unavailable in GeoTIFF; band index reported
scene_02-Z0051,7,46,2342.258544921875,,unavailable in GeoTIFF; band index reported
scene_02-Z0051,7,47,2367.94677734375,,unavailable in GeoTIFF; band index reported
scene_02-Z0051,7,48,2383.54931640625,,unavailable in GeoTIFF; band index reported
scene_02-Z0051,7,49,2412.86669921875,,unavailable in GeoTIFF; band index reported
scene_02-Z0051,7,50,2414.693359375,,unavailable in GeoTIFF; band index reported
scene_02-Z0051,7,51,2469.194580078125,3775.111587847919,unavailable in GeoTIFF; band index reported
scene_02-Z0051,7,52,2492.95458984375,,unavailable in GeoTIFF; band index reported
scene_02-Z0051,7,53,2517.429443359375,,unavailable in GeoTIFF; band index reported
scene_02-Z0051,7,54,2532.541259765625,,unavailable in GeoTIFF; band index reported
scene_02-Z0051,7,55,2559.4052734375,,unavailable in GeoTIFF; band index reported
scene_02-Z0051,7,56,2612.429443359375,,unavailable in GeoTIFF; band index reported
scene_02-Z0051,7,57,2659.962646484375,,unavailable in GeoTIFF; band index reported
scene_02-Z0051,7,58,2662.042724609375,4054.9174799127018,unavailable in GeoTIFF; band index reported
scene_02-Z0051,7,59,2680.6826171875,,unavailable in GeoTIFF; band index reported
scene_02-Z0051,7,60,2666.6826171875,,unavailable in GeoTIFF; band index reported
scene_02-Z0051,7,61,2750.525390625,,unavailable in GeoTIFF; band index reported
scene_02-Z0051,7,62,2547.741455078125,,unavailable in GeoTIFF; band index reported
scene_02-Z0051,7,63,2760.274658203125,,unavailable in GeoTIFF; band index reported
scene_02-Z0051,7,64,2795.189453125,,unavailable in GeoTIFF; band index reported
scene_02-Z0051,7,65,2821.471923828125,4208.583425148986,unavailable in GeoTIFF; band index reported
scene_02-Z0051,7,66,2833.021240234375,,unavailable in GeoTIFF; band index reported
scene_02-Z0051,7,67,2849.066650390625,,unavailable in GeoTIFF; band index reported
scene_02-Z0051,7,68,2886.27734375,,unavailable in GeoTIFF; band index reported
scene_02-Z0051,7,69,2905.8798828125,,unavailable in GeoTIFF; band index reported
scene_02-Z0051,7,70,2924.581298828125,,unavailable in GeoTIFF; band index reported
scene_02-Z0051,7,71,2882.360107421875,,unavailable in GeoTIFF; band index reported
scene_02-Z0051,7,72,2909.146728515625,4260.953433207812,unavailable in GeoTIFF; band index reported
scene_02-Z0051,7,73,2907.890625,,unavailable in GeoTIFF; band index reported
scene_02-Z0051,7,74,2888.637451171875,,unavailable in GeoTIFF; band index reported
scene_02-Z0051,7,75,2940.615966796875,,unavailable in GeoTIFF; band index reported
scene_02-Z0051,7,76,2889.568115234375,,unavailable in GeoTIFF; band index reported
scene_02-Z0051,7,77,2932.725341796875,,unavailable in GeoTIFF; band index reported
scene_02-Z0051,7,78,2926.861328125,,unavailable in GeoTIFF; band index reported
scene_02-Z0051,7,79,2928.1572265625,,unavailable in GeoTIFF; band index reported
scene_02-Z0051,7,80,2992.39990234375,4274.851139547828,unavailable in GeoTIFF; band index reported
scene_02-Z0051,7,81,2943.274658203125,,unavailable in GeoTIFF; band index reported
scene_02-Z0051,7,82,2986.2373046875,,unavailable in GeoTIFF; band index reported
scene_02-Z0051,7,83,2918.429443359375,,unavailable in GeoTIFF; band index reported
scene_02-Z0051,7,84,2806.354736328125,,unavailable in GeoTIFF; band index reported
scene_02-Z0051,7,85,3023.26123046875,,unavailable in GeoTIFF; band index reported
scene_02-Z0051,7,86,2982.71728515625,,unavailable in GeoTIFF; band index reported
scene_02-Z0051,7,87,2893.690673828125,4132.1618496129795,unavailable in GeoTIFF; band index reported
scene_02-Z0051,7,88,3104.951904296875,,unavailable in GeoTIFF; band index reported
scene_02-Z0051,7,89,3106.07470703125,,unavailable in GeoTIFF; band index reported
scene_02-Z0051,7,90,3098.997314453125,,unavailable in GeoTIFF; band index reported
scene_02-Z0051,7,91,3057.49609375,,unavailable in GeoTIFF; band index reported
scene_02-Z0051,7,92,2994.557373046875,,unavailable in GeoTIFF; band index reported
scene_02-Z0051,7,93,2944.783935546875,,unavailable in GeoTIFF; band index reported
scene_02-Z0051,7,94,3058.05859375,4309.2867326760515,unavailable in GeoTIFF; band index reported
scene_02-Z0051,7,95,3008.8427734375,,unavailable in GeoTIFF; band index reported
scene_02-Z0051,7,96,3104.453369140625,,unavailable in GeoTIFF; band index reported
scene_02-Z0051,7,97,3017.30126953125,,unavailable in GeoTIFF; band index reported
scene_02-Z0051,7,98,3125.751953125,,unavailable in GeoTIFF; band index reported
scene_02-Z0051,7,99,3028.34130859375,,unavailable in GeoTIFF; band index reported
scene_02-Z0051,7,100,3142.280029296875,,unavailable in GeoTIFF; band index reported
scene_02-Z0051,7,101,3039.234619140625,4322.162446797493,unavailable in GeoTIFF; band index reported
scene_02-Z0051,7,102,3158.362548828125,,unavailable in GeoTIFF; band index reported
scene_02-Z0051,7,103,3182.87744140625,,unavailable in GeoTIFF; band index reported
scene_02-Z0051,7,104,3199.33056640625,,unavailable in GeoTIFF; band index reported
scene_02-Z0051,7,105,3213.037353515625,,unavailable in GeoTIFF; band index reported
scene_02-Z0051,7,106,3225.834716796875,,unavailable in GeoTIFF; band index reported
scene_02-Z0051,7,107,3252.008056640625,,unavailable in GeoTIFF; band index reported
scene_02-Z0051,7,108,3281.656005859375,4587.895775244769,unavailable in GeoTIFF; band index reported
scene_02-Z0051,7,109,3297.64794921875,,unavailable in GeoTIFF; band index reported
scene_02-Z0051,7,110,3331.973388671875,,unavailable in GeoTIFF; band index reported
scene_02-Z0051,7,111,3350.080078125,,unavailable in GeoTIFF; band index reported
scene_02-Z0051,7,112,3285.1572265625,,unavailable in GeoTIFF; band index reported
scene_02-Z0051,7,113,3502.45068359375,,unavailable in GeoTIFF; band index reported
scene_02-Z0051,7,114,3489.72802734375,,unavailable in GeoTIFF; band index reported
scene_02-Z0051,7,115,3431.2666015625,,unavailable in GeoTIFF; band index reported
scene_02-Z0051,7,116,3467.2666015625,4773.595522481138,unavailable in GeoTIFF; band index reported
scene_02-Z0051,7,117,3521.93603515625,,unavailable in GeoTIFF; band index reported
scene_02-Z0051,7,118,3588.62939453125,,unavailable in GeoTIFF; band index reported
scene_02-Z0051,7,119,3602.7333984375,,unavailable in GeoTIFF; band index reported
scene_02-Z0051,7,120,3616.85595703125,,unavailable in GeoTIFF; band index reported
scene_02-Z0051,7,121,3643.77587890625,,unavailable in GeoTIFF; band index reported
scene_02-Z0051,7,122,3659.280029296875,,unavailable in GeoTIFF; band index reported
scene_02-Z0051,7,123,3683.922607421875,5061.2235274916375,unavailable in GeoTIFF; band index reported
scene_02-Z0051,7,124,3718.263916015625,,unavailable in GeoTIFF; band index reported
scene_02-Z0051,7,125,3782.1201171875,,unavailable in GeoTIFF; band index reported
scene_02-Z0051,7,126,3753.2958984375,,unavailable in GeoTIFF; band index reported
scene_02-Z0051,7,127,3742.6240234375,,unavailable in GeoTIFF; band index reported
scene_02-Z0051,7,128,3753.64794921875,,unavailable in GeoTIFF; band index reported
scene_02-Z0051,7,129,3749.8720703125,,unavailable in GeoTIFF; band index reported
scene_02-Z0051,7,130,3734.1279296875,5181.63314746944,unavailable in GeoTIFF; band index reported
scene_02-Z0051,7,131,-32768.0,,unavailable in GeoTIFF; band index reported
scene_02-Z0051,7,132,-32768.0,,unavailable in GeoTIFF; band index reported
scene_02-Z0051,7,133,-32768.0,,unavailable in GeoTIFF; band index reported
scene_02-Z0051,7,134,-32768.0,,unavailable in GeoTIFF; band index reported
scene_02-Z0051,7,135,-32768.0,,unavailable in GeoTIFF; band index reported
scene_02-Z0051,7,136,3885.45068359375,,unavailable in GeoTIFF; band index reported
scene_02-Z0051,7,137,3935.615966796875,5313.299393467547,unavailable in GeoTIFF; band index reported
scene_02-Z0051,7,138,3872.82666015625,,unavailable in GeoTIFF; band index reported
scene_02-Z0051,7,139,3888.661376953125,,unavailable in GeoTIFF; band index reported
scene_02-Z0051,7,140,3924.35205078125,,unavailable in GeoTIFF; band index reported
scene_02-Z0051,7,141,3975.221435546875,,unavailable in GeoTIFF; band index reported
scene_02-Z0051,7,142,4000.274658203125,,unavailable in GeoTIFF; band index reported
scene_02-Z0051,7,143,4000.042724609375,,unavailable in GeoTIFF; band index reported
scene_02-Z0051,7,144,4010.186767578125,5291.036598592477,unavailable in GeoTIFF; band index reported
scene_02-Z0051,7,145,4029.0400390625,,unavailable in GeoTIFF; band index reported
scene_02-Z0051,7,146,4034.1572265625,,unavailable in GeoTIFF; band index reported
scene_02-Z0051,7,147,4051.511962890625,,unavailable in GeoTIFF; band index reported
scene_02-Z0051,7,148,4056.88525390625,,unavailable in GeoTIFF; band index reported
scene_02-Z0051,7,149,4055.552001953125,,unavailable in GeoTIFF; band index reported
scene_02-Z0051,7,150,4074.274658203125,,unavailable in GeoTIFF; band index reported
scene_02-Z0051,7,151,4072.88525390625,,unavailable in GeoTIFF; band index reported
scene_02-Z0051,7,152,4068.951904296875,5322.025407664693,unavailable in GeoTIFF; band index reported
scene_02-Z0051,7,153,4068.2265625,,unavailable in GeoTIFF; band index reported
scene_02-Z0051,7,154,4087.912109375,,unavailable in GeoTIFF; band index reported
scene_02-Z0051,7,155,4079.2666015625,,unavailable in GeoTIFF; band index reported
scene_02-Z0051,7,156,4093.0400390625,,unavailable in GeoTIFF; band index reported
scene_02-Z0051,7,157,4092.9814453125,,unavailable in GeoTIFF; band index reported
scene_02-Z0051,7,158,4096.3095703125,,unavailable in GeoTIFF; band index reported
scene_02-Z0051,7,159,4108.919921875,5333.289541560736,unavailable in GeoTIFF; band index reported
scene_02-Z0051,7,160,4105.21875,,unavailable in GeoTIFF; band index reported
scene_02-Z0051,7,161,4097.525390625,,unavailable in GeoTIFF; band index reported
scene_02-Z0051,7,162,4095.47998046875,,unavailable in GeoTIFF; band index reported
scene_02-Z0051,7,163,4110.3251953125,,unavailable in GeoTIFF; band index reported
scene_02-Z0051,7,164,4061.709228515625,,unavailable in GeoTIFF; band index reported
scene_02-Z0051,7,165,4023.24267578125,,unavailable in GeoTIFF; band index reported
scene_02-Z0051,7,166,3946.21337890625,5126.3322530328205,unavailable in GeoTIFF; band index reported
scene_02-Z0051,7,167,3621.919921875,,unavailable in GeoTIFF; band index reported
scene_02-Z0051,7,168,3788.81591796875,,unavailable in GeoTIFF; band index reported
scene_02-Z0051,7,169,3881.736083984375,,unavailable in GeoTIFF; band index reported
scene_02-Z0051,7,170,3637.73876953125,,unavailable in GeoTIFF; band index reported
scene_02-Z0051,7,171,3217.285400390625,,unavailable in GeoTIFF; band index reported
scene_02-Z0051,7,172,3422.90673828125,,unavailable in GeoTIFF; band index reported
scene_02-Z0051,7,173,3766.7041015625,4868.793331420657,unavailable in GeoTIFF; band index reported
scene_02-Z0051,7,174,3919.498779296875,,unavailable in GeoTIFF; band index reported
scene_02-Z0051,7,175,3987.16259765625,,unavailable in GeoTIFF; band index reported
scene_02-Z0051,7,176,3826.442626953125,,unavailable in GeoTIFF; band index reported
scene_02-Z0051,7,177,3890.333251953125,,unavailable in GeoTIFF; band index reported
scene_02-Z0051,7,178,3875.21875,,unavailable in GeoTIFF; band index reported
scene_02-Z0051,7,179,3942.159912109375,,unavailable in GeoTIFF; band index reported
scene_02-Z0051,7,180,3883.45068359375,5202.966566248882,unavailable in GeoTIFF; band index reported
scene_02-Z0051,7,181,3884.4853515625,,unavailable in GeoTIFF; band index reported
scene_02-Z0051,7,182,3894.493408203125,,unavailable in GeoTIFF; band index reported
scene_02-Z0051,7,183,3852.112060546875,,unavailable in GeoTIFF; band index reported
scene_02-Z0051,7,184,3843.360107421875,,unavailable in GeoTIFF; band index reported
scene_02-Z0051,7,185,3812.973388671875,,unavailable in GeoTIFF; band index reported
scene_02-Z0051,7,186,3725.49072265625,,unavailable in GeoTIFF; band index reported
scene_02-Z0051,7,187,3591.94140625,,unavailable in GeoTIFF; band index reported
scene_02-Z0051,7,188,3464.829345703125,5041.53400087969,unavailable in GeoTIFF; band index reported
scene_02-Z0051,7,189,3406.730712890625,,unavailable in GeoTIFF; band index reported
scene_02-Z0051,7,190,3400.146728515625,,unavailable in GeoTIFF; band index reported
scene_02-Z0051,7,191,3397.125244140625,,unavailable in GeoTIFF; band index reported
scene_02-Z0051,7,192,3332.58935546875,,unavailable in GeoTIFF; band index reported
scene_02-Z0051,7,193,3223.029296875,,unavailable in GeoTIFF; band index reported
scene_02-Z0051,7,194,3111.32275390625,,unavailable in GeoTIFF; band index reported
scene_02-Z0051,7,195,3302.78662109375,4730.891681356888,unavailable in GeoTIFF; band index reported
scene_02-Z0051,7,196,3463.0400390625,,unavailable in GeoTIFF; band index reported
scene_02-Z0051,7,197,3478.968017578125,,unavailable in GeoTIFF; band index reported
scene_02-Z0051,7,198,3442.031982421875,,unavailable in GeoTIFF; band index reported
scene_02-Z0051,7,199,3418.290771484375,,unavailable in GeoTIFF; band index reported
scene_02-Z0051,7,200,3412.919921875,,unavailable in GeoTIFF; band index reported
scene_02-Z0051,7,201,3396.91455078125,,unavailable in GeoTIFF; band index reported
scene_02-Z0051,7,202,3371.528076171875,4755.162417917476,unavailable in GeoTIFF; band index reported
scene_02-Z0051,7,203,3324.373291015625,,unavailable in GeoTIFF; band index reported
scene_02-Z0051,7,204,3250.6826171875,,unavailable in GeoTIFF; band index reported
scene_02-Z0051,7,205,3192.83203125,,unavailable in GeoTIFF; band index reported
scene_02-Z0051,7,206,3188.08544921875,,unavailable in GeoTIFF; band index reported
scene_02-Z0051,7,207,3098.16259765625,,unavailable in GeoTIFF; band index reported
scene_02-Z0051,7,208,3087.16259765625,,unavailable in GeoTIFF; band index reported
scene_02-Z0051,7,209,3075.210693359375,4476.438329984224,unavailable in GeoTIFF; band index reported
scene_02-Z0051,7,210,3036.674560546875,,unavailable in GeoTIFF; band index reported
scene_02-Z0051,7,211,2994.394775390625,,unavailable in GeoTIFF; band index reported
scene_02-Z0051,7,212,3012.85595703125,,unavailable in GeoTIFF; band index reported
scene_02-Z0051,7,213,3049.378662109375,,unavailable in GeoTIFF; band index reported
scene_02-Z0051,7,214,2997.639892578125,,unavailable in GeoTIFF; band index reported
scene_02-Z0051,7,215,2979.343994140625,,unavailable in GeoTIFF; band index reported
scene_02-Z0051,7,216,2921.52001953125,4250.046155720016,unavailable in GeoTIFF; band index reported
scene_02-Z0051,7,217,2944.263916015625,,unavailable in GeoTIFF; band index reported
scene_02-Z0051,7,218,2959.3359375,,unavailable in GeoTIFF; band index reported
scene_02-Z0051,7,219,2916.258544921875,,unavailable in GeoTIFF; band index reported
scene_02-Z0051,7,220,2831.482666015625,,unavailable in GeoTIFF; band index reported
scene_02-Z0051,7,221,2884.637451171875,,unavailable in GeoTIFF; band index reported
scene_02-Z0051,7,222,2846.4345703125,,unavailable in GeoTIFF; band index reported
scene_02-Z0051,7,223,2846.367919921875,,unavailable in GeoTIFF; band index reported
scene_02-Z0051,7,224,2714.8427734375,3969.812622182586,unavailable in GeoTIFF; band index reported
scene_02-Z0289,8,1,815.14697265625,923.9636213539318,unavailable in GeoTIFF; band index reported
scene_02-Z0289,8,2,818.5338745117188,,unavailable in GeoTIFF; band index reported
scene_02-Z0289,8,3,869.8839721679688,,unavailable in GeoTIFF; band index reported
scene_02-Z0289,8,4,913.3965454101562,,unavailable in GeoTIFF; band index reported
scene_02-Z0289,8,5,957.272705078125,,unavailable in GeoTIFF; band index reported
scene_02-Z0289,8,6,980.7021484375,,unavailable in GeoTIFF; band index reported
scene_02-Z0289,8,7,1014.0077514648438,,unavailable in GeoTIFF; band index reported
scene_02-Z0289,8,8,1040.021240234375,1239.8336512557007,unavailable in GeoTIFF; band index reported
scene_02-Z0289,8,9,1056.994140625,,unavailable in GeoTIFF; band index reported
scene_02-Z0289,8,10,1081.14697265625,,unavailable in GeoTIFF; band index reported
scene_02-Z0289,8,11,1090.9149169921875,,unavailable in GeoTIFF; band index reported
scene_02-Z0289,8,12,1098.7001953125,,unavailable in GeoTIFF; band index reported
scene_02-Z0289,8,13,1118.1412353515625,,unavailable in GeoTIFF; band index reported
scene_02-Z0289,8,14,1143.4564208984375,,unavailable in GeoTIFF; band index reported
scene_02-Z0289,8,15,1178.99609375,1434.539444115118,unavailable in GeoTIFF; band index reported
scene_02-Z0289,8,16,1195.1934814453125,,unavailable in GeoTIFF; band index reported
scene_02-Z0289,8,17,1222.0076904296875,,unavailable in GeoTIFF; band index reported
scene_02-Z0289,8,18,1263.798828125,,unavailable in GeoTIFF; band index reported
scene_02-Z0289,8,19,1299.95166015625,,unavailable in GeoTIFF; band index reported
scene_02-Z0289,8,20,1343.079345703125,,unavailable in GeoTIFF; band index reported
scene_02-Z0289,8,21,1387.6072998046875,,unavailable in GeoTIFF; band index reported
scene_02-Z0289,8,22,1436.9573974609375,1823.7665394518328,unavailable in GeoTIFF; band index reported
scene_02-Z0289,8,23,1474.0076904296875,,unavailable in GeoTIFF; band index reported
scene_02-Z0289,8,24,1527.322998046875,,unavailable in GeoTIFF; band index reported
scene_02-Z0289,8,25,1578.4893798828125,,unavailable in GeoTIFF; band index reported
scene_02-Z0289,8,26,1641.7852783203125,,unavailable in GeoTIFF; band index reported
scene_02-Z0289,8,27,1692.324951171875,,unavailable in GeoTIFF; band index reported
scene_02-Z0289,8,28,1746.4564208984375,,unavailable in GeoTIFF; band index reported
scene_02-Z0289,8,29,1811.031005859375,2397.2422113758685,unavailable in GeoTIFF; band index reported
scene_02-Z0289,8,30,1874.274658203125,,unavailable in GeoTIFF; band index reported
scene_02-Z0289,8,31,1948.9613037109375,,unavailable in GeoTIFF; band index reported
scene_02-Z0289,8,32,2021.197265625,,unavailable in GeoTIFF; band index reported
scene_02-Z0289,8,33,2076.825927734375,,unavailable in GeoTIFF; band index reported
scene_02-Z0289,8,34,2143.967041015625,,unavailable in GeoTIFF; band index reported
scene_02-Z0289,8,35,2204.1025390625,,unavailable in GeoTIFF; band index reported
scene_02-Z0289,8,36,2254.276611328125,3085.206971340238,unavailable in GeoTIFF; band index reported
scene_02-Z0289,8,37,2303.83935546875,,unavailable in GeoTIFF; band index reported
scene_02-Z0289,8,38,2344.74658203125,,unavailable in GeoTIFF; band index reported
scene_02-Z0289,8,39,2384.14697265625,,unavailable in GeoTIFF; band index reported
scene_02-Z0289,8,40,2408.373291015625,,unavailable in GeoTIFF; band index reported
scene_02-Z0289,8,41,2446.203125,,unavailable in GeoTIFF; band index reported
scene_02-Z0289,8,42,2467.675048828125,,unavailable in GeoTIFF; band index reported
scene_02-Z0289,8,43,2480.963134765625,,unavailable in GeoTIFF; band index reported
scene_02-Z0289,8,44,2519.8994140625,3494.815894205586,unavailable in GeoTIFF; band index reported
scene_02-Z0289,8,45,2559.835693359375,,unavailable in GeoTIFF; band index reported
scene_02-Z0289,8,46,2579.526123046875,,unavailable in GeoTIFF; band index reported
scene_02-Z0289,8,47,2606.25341796875,,unavailable in GeoTIFF; band index reported
scene_02-Z0289,8,48,2628.609375,,unavailable in GeoTIFF; band index reported
scene_02-Z0289,8,49,2640.386962890625,,unavailable in GeoTIFF; band index reported
scene_02-Z0289,8,50,2651.063720703125,,unavailable in GeoTIFF; band index reported
scene_02-Z0289,8,51,2708.829833984375,3775.111587847919,unavailable in GeoTIFF; band index reported
scene_02-Z0289,8,52,2734.036865234375,,unavailable in GeoTIFF; band index reported
scene_02-Z0289,8,53,2761.25732421875,,unavailable in GeoTIFF; band index reported
scene_02-Z0289,8,54,2761.94384765625,,unavailable in GeoTIFF; band index reported
scene_02-Z0289,8,55,2792.796875,,unavailable in GeoTIFF; band index reported
scene_02-Z0289,8,56,2844.286376953125,,unavailable in GeoTIFF; band index reported
scene_02-Z0289,8,57,2896.369384765625,,unavailable in GeoTIFF; band index reported
scene_02-Z0289,8,58,2887.673095703125,4054.9174799127018,unavailable in GeoTIFF; band index reported
scene_02-Z0289,8,59,2900.85888671875,,unavailable in GeoTIFF; band index reported
scene_02-Z0289,8,60,2883.464111328125,,unavailable in GeoTIFF; band index reported
scene_02-Z0289,8,61,2958.45263671875,,unavailable in GeoTIFF; band index reported
scene_02-Z0289,8,62,2747.84130859375,,unavailable in GeoTIFF; band index reported
scene_02-Z0289,8,63,2966.009765625,,unavailable in GeoTIFF; band index reported
scene_02-Z0289,8,64,2988.634521484375,,unavailable in GeoTIFF; band index reported
scene_02-Z0289,8,65,2995.232177734375,4208.583425148986,unavailable in GeoTIFF; band index reported
scene_02-Z0289,8,66,3013.984619140625,,unavailable in GeoTIFF; band index reported
scene_02-Z0289,8,67,3023.599609375,,unavailable in GeoTIFF; band index reported
scene_02-Z0289,8,68,3053.667236328125,,unavailable in GeoTIFF; band index reported
scene_02-Z0289,8,69,3056.14892578125,,unavailable in GeoTIFF; band index reported
scene_02-Z0289,8,70,3074.0986328125,,unavailable in GeoTIFF; band index reported
scene_02-Z0289,8,71,3018.203125,,unavailable in GeoTIFF; band index reported
scene_02-Z0289,8,72,3048.9052734375,4260.953433207812,unavailable in GeoTIFF; band index reported
scene_02-Z0289,8,73,3014.06201171875,,unavailable in GeoTIFF; band index reported
scene_02-Z0289,8,74,3019.928466796875,,unavailable in GeoTIFF; band index reported
scene_02-Z0289,8,75,3028.55908203125,,unavailable in GeoTIFF; band index reported
scene_02-Z0289,8,76,2979.74267578125,,unavailable in GeoTIFF; band index reported
scene_02-Z0289,8,77,3032.1123046875,,unavailable in GeoTIFF; band index reported
scene_02-Z0289,8,78,2983.468017578125,,unavailable in GeoTIFF; band index reported
scene_02-Z0289,8,79,3008.568603515625,,unavailable in GeoTIFF; band index reported
scene_02-Z0289,8,80,3057.077392578125,4274.851139547828,unavailable in GeoTIFF; band index reported
scene_02-Z0289,8,81,3007.029052734375,,unavailable in GeoTIFF; band index reported
scene_02-Z0289,8,82,3047.5087890625,,unavailable in GeoTIFF; band index reported
scene_02-Z0289,8,83,2975.4892578125,,unavailable in GeoTIFF; band index reported
scene_02-Z0289,8,84,2864.1123046875,,unavailable in GeoTIFF; band index reported
scene_02-Z0289,8,85,3076.208984375,,unavailable in GeoTIFF; band index reported
scene_02-Z0289,8,86,3061.185791015625,,unavailable in GeoTIFF; band index reported
scene_02-Z0289,8,87,2980.419677734375,4132.1618496129795,unavailable in GeoTIFF; band index reported
scene_02-Z0289,8,88,3137.922607421875,,unavailable in GeoTIFF; band index reported
scene_02-Z0289,8,89,3142.93798828125,,unavailable in GeoTIFF; band index reported
scene_02-Z0289,8,90,3154.25537109375,,unavailable in GeoTIFF; band index reported
scene_02-Z0289,8,91,3082.80859375,,unavailable in GeoTIFF; band index reported
scene_02-Z0289,8,92,3031.230224609375,,unavailable in GeoTIFF; band index reported
scene_02-Z0289,8,93,2984.6923828125,,unavailable in GeoTIFF; band index reported
scene_02-Z0289,8,94,3061.04833984375,4309.2867326760515,unavailable in GeoTIFF; band index reported
scene_02-Z0289,8,95,3035.083251953125,,unavailable in GeoTIFF; band index reported
scene_02-Z0289,8,96,3120.466064453125,,unavailable in GeoTIFF; band index reported
scene_02-Z0289,8,97,3037.01171875,,unavailable in GeoTIFF; band index reported
scene_02-Z0289,8,98,3128.483642578125,,unavailable in GeoTIFF; band index reported
scene_02-Z0289,8,99,3050.19140625,,unavailable in GeoTIFF; band index reported
scene_02-Z0289,8,100,3147.980712890625,,unavailable in GeoTIFF; band index reported
scene_02-Z0289,8,101,3057.8974609375,4322.162446797493,unavailable in GeoTIFF; band index reported
scene_02-Z0289,8,102,3159.721435546875,,unavailable in GeoTIFF; band index reported
scene_02-Z0289,8,103,3179.19921875,,unavailable in GeoTIFF; band index reported
scene_02-Z0289,8,104,3192.932373046875,,unavailable in GeoTIFF; band index reported
scene_02-Z0289,8,105,3204.65966796875,,unavailable in GeoTIFF; band index reported
scene_02-Z0289,8,106,3214.017333984375,,unavailable in GeoTIFF; band index reported
scene_02-Z0289,8,107,3237.365478515625,,unavailable in GeoTIFF; band index reported
scene_02-Z0289,8,108,3263.675048828125,4587.895775244769,unavailable in GeoTIFF; band index reported
scene_02-Z0289,8,109,3281.84326171875,,unavailable in GeoTIFF; band index reported
scene_02-Z0289,8,110,3320.806640625,,unavailable in GeoTIFF; band index reported
scene_02-Z0289,8,111,3350.081298828125,,unavailable in GeoTIFF; band index reported
scene_02-Z0289,8,112,3326.75244140625,,unavailable in GeoTIFF; band index reported
scene_02-Z0289,8,113,3476.15087890625,,unavailable in GeoTIFF; band index reported
scene_02-Z0289,8,114,3477.671142578125,,unavailable in GeoTIFF; band index reported
scene_02-Z0289,8,115,3370.321044921875,,unavailable in GeoTIFF; band index reported
scene_02-Z0289,8,116,3412.607421875,4773.595522481138,unavailable in GeoTIFF; band index reported
scene_02-Z0289,8,117,3493.55712890625,,unavailable in GeoTIFF; band index reported
scene_02-Z0289,8,118,3558.168212890625,,unavailable in GeoTIFF; band index reported
scene_02-Z0289,8,119,3580.0927734375,,unavailable in GeoTIFF; band index reported
scene_02-Z0289,8,120,3584.9052734375,,unavailable in GeoTIFF; band index reported
scene_02-Z0289,8,121,3616.55908203125,,unavailable in GeoTIFF; band index reported
scene_02-Z0289,8,122,3641.15283203125,,unavailable in GeoTIFF; band index reported
scene_02-Z0289,8,123,3669.798828125,5061.2235274916375,unavailable in GeoTIFF; band index reported
scene_02-Z0289,8,124,3709.675048828125,,unavailable in GeoTIFF; band index reported
scene_02-Z0289,8,125,3740.787353515625,,unavailable in GeoTIFF; band index reported
scene_02-Z0289,8,126,3729.005859375,,unavailable in GeoTIFF; band index reported
scene_02-Z0289,8,127,3742.54931640625,,unavailable in GeoTIFF; band index reported
scene_02-Z0289,8,128,3774.66162109375,,unavailable in GeoTIFF; band index reported
scene_02-Z0289,8,129,3776.34814453125,,unavailable in GeoTIFF; band index reported
scene_02-Z0289,8,130,3783.001953125,5181.63314746944,unavailable in GeoTIFF; band index reported
scene_02-Z0289,8,131,-32768.0,,unavailable in GeoTIFF; band index reported
scene_02-Z0289,8,132,-32768.0,,unavailable in GeoTIFF; band index reported
scene_02-Z0289,8,133,-32768.0,,unavailable in GeoTIFF; band index reported
scene_02-Z0289,8,134,-32768.0,,unavailable in GeoTIFF; band index reported
scene_02-Z0289,8,135,-32768.0,,unavailable in GeoTIFF; band index reported
scene_02-Z0289,8,136,3743.1025390625,,unavailable in GeoTIFF; band index reported
scene_02-Z0289,8,137,3841.75830078125,5313.299393467547,unavailable in GeoTIFF; band index reported
scene_02-Z0289,8,138,3721.520263671875,,unavailable in GeoTIFF; band index reported
scene_02-Z0289,8,139,3676.526123046875,,unavailable in GeoTIFF; band index reported
scene_02-Z0289,8,140,3729.390625,,unavailable in GeoTIFF; band index reported
scene_02-Z0289,8,141,3790.164306640625,,unavailable in GeoTIFF; band index reported
scene_02-Z0289,8,142,3818.75439453125,,unavailable in GeoTIFF; band index reported
scene_02-Z0289,8,143,3820.04443359375,,unavailable in GeoTIFF; band index reported
scene_02-Z0289,8,144,3824.390625,5291.036598592477,unavailable in GeoTIFF; band index reported
scene_02-Z0289,8,145,3833.168212890625,,unavailable in GeoTIFF; band index reported
scene_02-Z0289,8,146,3836.14892578125,,unavailable in GeoTIFF; band index reported
scene_02-Z0289,8,147,3832.58984375,,unavailable in GeoTIFF; band index reported
scene_02-Z0289,8,148,3824.385009765625,,unavailable in GeoTIFF; band index reported
scene_02-Z0289,8,149,3833.970947265625,,unavailable in GeoTIFF; band index reported
scene_02-Z0289,8,150,3827.326904296875,,unavailable in GeoTIFF; band index reported
scene_02-Z0289,8,151,3817.5107421875,,unavailable in GeoTIFF; band index reported
scene_02-Z0289,8,152,3810.85888671875,5322.025407664693,unavailable in GeoTIFF; band index reported
scene_02-Z0289,8,153,3804.220458984375,,unavailable in GeoTIFF; band index reported
scene_02-Z0289,8,154,3813.737060546875,,unavailable in GeoTIFF; band index reported
scene_02-Z0289,8,155,3801.978759765625,,unavailable in GeoTIFF; band index reported
scene_02-Z0289,8,156,3811.2998046875,,unavailable in GeoTIFF; band index reported
scene_02-Z0289,8,157,3799.802734375,,unavailable in GeoTIFF; band index reported
scene_02-Z0289,8,158,3795.715576171875,,unavailable in GeoTIFF; band index reported
scene_02-Z0289,8,159,3800.94580078125,5333.289541560736,unavailable in GeoTIFF; band index reported
scene_02-Z0289,8,160,3799.667236328125,,unavailable in GeoTIFF; band index reported
scene_02-Z0289,8,161,3790.775634765625,,unavailable in GeoTIFF; band index reported
scene_02-Z0289,8,162,3783.45458984375,,unavailable in GeoTIFF; band index reported
scene_02-Z0289,8,163,3784.483642578125,,unavailable in GeoTIFF; band index reported
scene_02-Z0289,8,164,3756.717529296875,,unavailable in GeoTIFF; band index reported
scene_02-Z0289,8,165,3726.684814453125,,unavailable in GeoTIFF; band index reported
scene_02-Z0289,8,166,3676.234130859375,5126.3322530328205,unavailable in GeoTIFF; band index reported
scene_02-Z0289,8,167,3230.065673828125,,unavailable in GeoTIFF; band index reported
scene_02-Z0289,8,168,3413.74072265625,,unavailable in GeoTIFF; band index reported
scene_02-Z0289,8,169,3560.831787109375,,unavailable in GeoTIFF; band index reported
scene_02-Z0289,8,170,3441.822021484375,,unavailable in GeoTIFF; band index reported
scene_02-Z0289,8,171,2916.64794921875,,unavailable in GeoTIFF; band index reported
scene_02-Z0289,8,172,3057.572509765625,,unavailable in GeoTIFF; band index reported
scene_02-Z0289,8,173,3332.115966796875,4868.793331420657,unavailable in GeoTIFF; band index reported
scene_02-Z0289,8,174,3582.611328125,,unavailable in GeoTIFF; band index reported
scene_02-Z0289,8,175,3677.33837890625,,unavailable in GeoTIFF; band index reported
scene_02-Z0289,8,176,3578.4951171875,,unavailable in GeoTIFF; band index reported
scene_02-Z0289,8,177,3575.017333984375,,unavailable in GeoTIFF; band index reported
scene_02-Z0289,8,178,3557.0888671875,,unavailable in GeoTIFF; band index reported
scene_02-Z0289,8,179,3641.580322265625,,unavailable in GeoTIFF; band index reported
scene_02-Z0289,8,180,3641.5009765625,5202.966566248882,unavailable in GeoTIFF; band index reported
scene_02-Z0289,8,181,3654.073486328125,,unavailable in GeoTIFF; band index reported
scene_02-Z0289,8,182,3672.025146484375,,unavailable in GeoTIFF; band index reported
scene_02-Z0289,8,183,3658.686767578125,,unavailable in GeoTIFF; band index reported
scene_02-Z0289,8,184,3656.027099609375,,unavailable in GeoTIFF; band index reported
scene_02-Z0289,8,185,3638.829833984375,,unavailable in GeoTIFF; band index reported
scene_02-Z0289,8,186,3608.769775390625,,unavailable in GeoTIFF; band index reported
scene_02-Z0289,8,187,3561.599609375,,unavailable in GeoTIFF; band index reported
scene_02-Z0289,8,188,3500.781494140625,5041.53400087969,unavailable in GeoTIFF; band index reported
scene_02-Z0289,8,189,3437.96142578125,,unavailable in GeoTIFF; band index reported
scene_02-Z0289,8,190,3432.032958984375,,unavailable in GeoTIFF; band index reported
scene_02-Z0289,8,191,3409.55712890625,,unavailable in GeoTIFF; band index reported
scene_02-Z0289,8,192,3367.95361328125,,unavailable in GeoTIFF; band index reported
scene_02-Z0289,8,193,3273.34033203125,,unavailable in GeoTIFF; band index reported
scene_02-Z0289,8,194,3198.129638671875,,unavailable in GeoTIFF; band index reported
scene_02-Z0289,8,195,3294.39453125,4730.891681356888,unavailable in GeoTIFF; band index reported
scene_02-Z0289,8,196,3363.04248046875,,unavailable in GeoTIFF; band index reported
scene_02-Z0289,8,197,3356.74267578125,,unavailable in GeoTIFF; band index reported
scene_02-Z0289,8,198,3338.469970703125,,unavailable in GeoTIFF; band index reported
scene_02-Z0289,8,199,3324.632568359375,,unavailable in GeoTIFF; band index reported
scene_02-Z0289,8,200,3330.827880859375,,unavailable in GeoTIFF; band index reported
scene_02-Z0289,8,201,3310.189453125,,unavailable in GeoTIFF; band index reported
scene_02-Z0289,8,202,3297.84326171875,4755.162417917476,unavailable in GeoTIFF; band index reported
scene_02-Z0289,8,203,3289.8994140625,,unavailable in GeoTIFF; band index reported
scene_02-Z0289,8,204,3231.065673828125,,unavailable in GeoTIFF; band index reported
scene_02-Z0289,8,205,3176.3017578125,,unavailable in GeoTIFF; band index reported
scene_02-Z0289,8,206,3178.7080078125,,unavailable in GeoTIFF; band index reported
scene_02-Z0289,8,207,3161.0888671875,,unavailable in GeoTIFF; band index reported
scene_02-Z0289,8,208,3098.74072265625,,unavailable in GeoTIFF; band index reported
scene_02-Z0289,8,209,3123.2939453125,4476.438329984224,unavailable in GeoTIFF; band index reported
scene_02-Z0289,8,210,3087.0908203125,,unavailable in GeoTIFF; band index reported
scene_02-Z0289,8,211,3041.95751953125,,unavailable in GeoTIFF; band index reported
scene_02-Z0289,8,212,3022.54345703125,,unavailable in GeoTIFF; band index reported
scene_02-Z0289,8,213,3075.222412109375,,unavailable in GeoTIFF; band index reported
scene_02-Z0289,8,214,3033.54345703125,,unavailable in GeoTIFF; band index reported
scene_02-Z0289,8,215,2995.481689453125,,unavailable in GeoTIFF; band index reported
scene_02-Z0289,8,216,2945.75634765625,4250.046155720016,unavailable in GeoTIFF; band index reported
scene_02-Z0289,8,217,2955.14111328125,,unavailable in GeoTIFF; band index reported
scene_02-Z0289,8,218,2971.1064453125,,unavailable in GeoTIFF; band index reported
scene_02-Z0289,8,219,2916.214599609375,,unavailable in GeoTIFF; band index reported
scene_02-Z0289,8,220,2851.737060546875,,unavailable in GeoTIFF; band index reported
scene_02-Z0289,8,221,2844.622802734375,,unavailable in GeoTIFF; band index reported
scene_02-Z0289,8,222,2919.013427734375,,unavailable in GeoTIFF; band index reported
scene_02-Z0289,8,223,2804.25537109375,,unavailable in GeoTIFF; band index reported
scene_02-Z0289,8,224,2847.85498046875,3969.812622182586,unavailable in GeoTIFF; band index reported
scene_02-Z0109,9,1,655.8538208007812,923.9636213539318,unavailable in GeoTIFF; band index reported
scene_02-Z0109,9,2,661.923095703125,,unavailable in GeoTIFF; band index reported
scene_02-Z0109,9,3,699.2153930664062,,unavailable in GeoTIFF; band index reported
scene_02-Z0109,9,4,741.076904296875,,unavailable in GeoTIFF; band index reported
scene_02-Z0109,9,5,776.2307739257812,,unavailable in GeoTIFF; band index reported
scene_02-Z0109,9,6,792.0,,unavailable in GeoTIFF; band index reported
scene_02-Z0109,9,7,822.8692016601562,,unavailable in GeoTIFF; band index reported
scene_02-Z0109,9,8,849.953857421875,1239.8336512557007,unavailable in GeoTIFF; band index reported
scene_02-Z0109,9,9,865.0615234375,,unavailable in GeoTIFF; band index reported
scene_02-Z0109,9,10,889.03076171875,,unavailable in GeoTIFF; band index reported
scene_02-Z0109,9,11,902.7461547851562,,unavailable in GeoTIFF; band index reported
scene_02-Z0109,9,12,907.076904296875,,unavailable in GeoTIFF; band index reported
scene_02-Z0109,9,13,923.9154052734375,,unavailable in GeoTIFF; band index reported
scene_02-Z0109,9,14,950.4384765625,,unavailable in GeoTIFF; band index reported
scene_02-Z0109,9,15,983.3230590820312,1434.539444115118,unavailable in GeoTIFF; band index reported
scene_02-Z0109,9,16,995.46923828125,,unavailable in GeoTIFF; band index reported
scene_02-Z0109,9,17,1019.2769165039062,,unavailable in GeoTIFF; band index reported
scene_02-Z0109,9,18,1051.1845703125,,unavailable in GeoTIFF; band index reported
scene_02-Z0109,9,19,1076.5845947265625,,unavailable in GeoTIFF; band index reported
scene_02-Z0109,9,20,1112.71533203125,,unavailable in GeoTIFF; band index reported
scene_02-Z0109,9,21,1153.65380859375,,unavailable in GeoTIFF; band index reported
scene_02-Z0109,9,22,1188.923095703125,1823.7665394518328,unavailable in GeoTIFF; band index reported
scene_02-Z0109,9,23,1227.3231201171875,,unavailable in GeoTIFF; band index reported
scene_02-Z0109,9,24,1272.4769287109375,,unavailable in GeoTIFF; band index reported
scene_02-Z0109,9,25,1315.076904296875,,unavailable in GeoTIFF; band index reported
scene_02-Z0109,9,26,1370.03076171875,,unavailable in GeoTIFF; band index reported
scene_02-Z0109,9,27,1419.515380859375,,unavailable in GeoTIFF; band index reported
scene_02-Z0109,9,28,1467.769287109375,,unavailable in GeoTIFF; band index reported
scene_02-Z0109,9,29,1519.169189453125,2397.2422113758685,unavailable in GeoTIFF; band index reported
scene_02-Z0109,9,30,1578.0845947265625,,unavailable in GeoTIFF; band index reported
scene_02-Z0109,9,31,1647.28466796875,,unavailable in GeoTIFF; band index reported
scene_02-Z0109,9,32,1708.230712890625,,unavailable in GeoTIFF; band index reported
scene_02-Z0109,9,33,1752.5384521484375,,unavailable in GeoTIFF; band index reported
scene_02-Z0109,9,34,1817.8846435546875,,unavailable in GeoTIFF; band index reported
scene_02-Z0109,9,35,1869.046142578125,,unavailable in GeoTIFF; band index reported
scene_02-Z0109,9,36,1918.5384521484375,3085.206971340238,unavailable in GeoTIFF; band index reported
scene_02-Z0109,9,37,1967.4461669921875,,unavailable in GeoTIFF; band index reported
scene_02-Z0109,9,38,2008.6461181640625,,unavailable in GeoTIFF; band index reported
scene_02-Z0109,9,39,2042.515380859375,,unavailable in GeoTIFF; band index reported
scene_02-Z0109,9,40,2070.15380859375,,unavailable in GeoTIFF; band index reported
scene_02-Z0109,9,41,2105.976806640625,,unavailable in GeoTIFF; band index reported
scene_02-Z0109,9,42,2131.446044921875,,unavailable in GeoTIFF; band index reported
scene_02-Z0109,9,43,2153.084716796875,,unavailable in GeoTIFF; band index reported
scene_02-Z0109,9,44,2191.4306640625,3494.815894205586,unavailable in GeoTIFF; band index reported
scene_02-Z0109,9,45,2228.330810546875,,unavailable in GeoTIFF; band index reported
scene_02-Z0109,9,46,2253.015380859375,,unavailable in GeoTIFF; band index reported
scene_02-Z0109,9,47,2280.84619140625,,unavailable in GeoTIFF; band index reported
scene_02-Z0109,9,48,2304.5078125,,unavailable in GeoTIFF; band index reported
scene_02-Z0109,9,49,2323.199951171875,,unavailable in GeoTIFF; band index reported
scene_02-Z0109,9,50,2337.34619140625,,unavailable in GeoTIFF; band index reported
scene_02-Z0109,9,51,2392.376953125,3775.111587847919,unavailable in GeoTIFF; band index reported
scene_02-Z0109,9,52,2417.65380859375,,unavailable in GeoTIFF; band index reported
scene_02-Z0109,9,53,2450.96142578125,,unavailable in GeoTIFF; band index reported
scene_02-Z0109,9,54,2458.46142578125,,unavailable in GeoTIFF; band index reported
scene_02-Z0109,9,55,2494.869140625,,unavailable in GeoTIFF; band index reported
scene_02-Z0109,9,56,2541.523193359375,,unavailable in GeoTIFF; band index reported
scene_02-Z0109,9,57,2593.053955078125,,unavailable in GeoTIFF; band index reported
scene_02-Z0109,9,58,2598.15380859375,4054.9174799127018,unavailable in GeoTIFF; band index reported
scene_02-Z0109,9,59,2619.27685546875,,unavailable in GeoTIFF; band index reported
scene_02-Z0109,9,60,2619.53857421875,,unavailable in GeoTIFF; band index reported
scene_02-Z0109,9,61,2711.27685546875,,unavailable in GeoTIFF; band index reported
scene_02-Z0109,9,62,2493.03857421875,,unavailable in GeoTIFF; band index reported
scene_02-Z0109,9,63,2726.96923828125,,unavailable in GeoTIFF; band index reported
scene_02-Z0109,9,64,2763.34619140625,,unavailable in GeoTIFF; band index reported
scene_02-Z0109,9,65,2786.269287109375,4208.583425148986,unavailable in GeoTIFF; band index reported
scene_02-Z0109,9,66,2817.5078125,,unavailable in GeoTIFF; band index reported
scene_02-Z0109,9,67,2841.699951171875,,unavailable in GeoTIFF; band index reported
scene_02-Z0109,9,68,2890.707763671875,,unavailable in GeoTIFF; band index reported
scene_02-Z0109,9,69,2901.046142578125,,unavailable in GeoTIFF; band index reported
scene_02-Z0109,9,70,2934.146240234375,,unavailable in GeoTIFF; band index reported
scene_02-Z0109,9,71,2889.392333984375,,unavailable in GeoTIFF; band index reported
scene_02-Z0109,9,72,2947.076904296875,4260.953433207812,unavailable in GeoTIFF; band index reported
scene_02-Z0109,9,73,2925.707763671875,,unavailable in GeoTIFF; band index reported
scene_02-Z0109,9,74,2950.22314453125,,unavailable in GeoTIFF; band index reported
scene_02-Z0109,9,75,2965.25390625,,unavailable in GeoTIFF; band index reported
scene_02-Z0109,9,76,2946.707763671875,,unavailable in GeoTIFF; band index reported
scene_02-Z0109,9,77,3007.792236328125,,unavailable in GeoTIFF; band index reported
scene_02-Z0109,9,78,2968.384521484375,,unavailable in GeoTIFF; band index reported
scene_02-Z0109,9,79,3017.623046875,,unavailable in GeoTIFF; band index reported
scene_02-Z0109,9,80,3068.261474609375,4274.851139547828,unavailable in GeoTIFF; band index reported
scene_02-Z0109,9,81,3019.9306640625,,unavailable in GeoTIFF; band index reported
scene_02-Z0109,9,82,3070.261474609375,,unavailable in GeoTIFF; band index reported
scene_02-Z0109,9,83,3003.269287109375,,unavailable in GeoTIFF; band index reported
scene_02-Z0109,9,84,2902.74609375,,unavailable in GeoTIFF; band index reported
scene_02-Z0109,9,85,3120.446044921875,,unavailable in GeoTIFF; band index reported
scene_02-Z0109,9,86,3117.03857421875,,unavailable in GeoTIFF; band index reported
scene_02-Z0109,9,87,3016.376953125,4132.1618496129795,unavailable in GeoTIFF; band index reported
scene_02-Z0109,9,88,3214.707763671875,,unavailable in GeoTIFF; band index reported
scene_02-Z0109,9,89,3221.0615234375,,unavailable in GeoTIFF; band index reported
scene_02-Z0109,9,90,3264.39990234375,,unavailable in GeoTIFF; band index reported
scene_02-Z0109,9,91,3162.707763671875,,unavailable in GeoTIFF; band index reported
scene_02-Z0109,9,92,3114.33837890625,,unavailable in GeoTIFF; band index reported
scene_02-Z0109,9,93,3082.0,,unavailable in GeoTIFF; band index reported
scene_02-Z0109,9,94,3149.5078125,4309.2867326760515,unavailable in GeoTIFF; band index reported
scene_02-Z0109,9,95,3140.5693359375,,unavailable in GeoTIFF; band index reported
scene_02-Z0109,9,96,3231.0078125,,unavailable in GeoTIFF; band index reported
scene_02-Z0109,9,97,3170.21533203125,,unavailable in GeoTIFF; band index reported
scene_02-Z0109,9,98,3258.96142578125,,unavailable in GeoTIFF; band index reported
scene_02-Z0109,9,99,3197.27685546875,,unavailable in GeoTIFF; band index reported
scene_02-Z0109,9,100,3289.853759765625,,unavailable in GeoTIFF; band index reported
scene_02-Z0109,9,101,3218.484619140625,4322.162446797493,unavailable in GeoTIFF; band index reported
scene_02-Z0109,9,102,3313.046142578125,,unavailable in GeoTIFF; band index reported
scene_02-Z0109,9,103,3344.261474609375,,unavailable in GeoTIFF; band index reported
scene_02-Z0109,9,104,3364.5615234375,,unavailable in GeoTIFF; band index reported
scene_02-Z0109,9,105,3388.89990234375,,unavailable in GeoTIFF; band index reported
scene_02-Z0109,9,106,3407.60009765625,,unavailable in GeoTIFF; band index reported
scene_02-Z0109,9,107,3437.5615234375,,unavailable in GeoTIFF; band index reported
scene_02-Z0109,9,108,3473.71533203125,4587.895775244769,unavailable in GeoTIFF; band index reported
scene_02-Z0109,9,109,3497.0,,unavailable in GeoTIFF; band index reported
scene_02-Z0109,9,110,3541.923095703125,,unavailable in GeoTIFF; band index reported
scene_02-Z0109,9,111,3571.8076171875,,unavailable in GeoTIFF; band index reported
scene_02-Z0109,9,112,3529.330810546875,,unavailable in GeoTIFF; band index reported
scene_02-Z0109,9,113,3723.199951171875,,unavailable in GeoTIFF; band index reported
scene_02-Z0109,9,114,3725.677001953125,,unavailable in GeoTIFF; band index reported
scene_02-Z0109,9,115,3598.115478515625,,unavailable in GeoTIFF; band index reported
scene_02-Z0109,9,116,3652.353759765625,4773.595522481138,unavailable in GeoTIFF; band index reported
scene_02-Z0109,9,117,3739.84619140625,,unavailable in GeoTIFF; band index reported
scene_02-Z0109,9,118,3810.4921875,,unavailable in GeoTIFF; band index reported
scene_02-Z0109,9,119,3832.9921875,,unavailable in GeoTIFF; band index reported
scene_02-Z0109,9,120,3836.0693359375,,unavailable in GeoTIFF; band index reported
scene_02-Z0109,9,121,3865.238525390625,,unavailable in GeoTIFF; band index reported
scene_02-Z0109,9,122,3879.446044921875,,unavailable in GeoTIFF; band index reported
scene_02-Z0109,9,123,3903.476806640625,5061.2235274916375,unavailable in GeoTIFF; band index reported
scene_02-Z0109,9,124,3951.84619140625,,unavailable in GeoTIFF; band index reported
scene_02-Z0109,9,125,3989.22314453125,,unavailable in GeoTIFF; band index reported
scene_02-Z0109,9,126,3970.146240234375,,unavailable in GeoTIFF; band index reported
scene_02-Z0109,9,127,3960.376953125,,unavailable in GeoTIFF; band index reported
scene_02-Z0109,9,128,3969.607666015625,,unavailable in GeoTIFF; band index reported
scene_02-Z0109,9,129,3970.83837890625,,unavailable in GeoTIFF; band index reported
scene_02-Z0109,9,130,3971.830810546875,5181.63314746944,unavailable in GeoTIFF; band index reported
scene_02-Z0109,9,131,-32768.0,,unavailable in GeoTIFF; band index reported
scene_02-Z0109,9,132,-32768.0,,unavailable in GeoTIFF; band index reported
scene_02-Z0109,9,133,-32768.0,,unavailable in GeoTIFF; band index reported
scene_02-Z0109,9,134,-32768.0,,unavailable in GeoTIFF; band index reported
scene_02-Z0109,9,135,-32768.0,,unavailable in GeoTIFF; band index reported
scene_02-Z0109,9,136,4015.199951171875,,unavailable in GeoTIFF; band index reported
scene_02-Z0109,9,137,4218.3154296875,5313.299393467547,unavailable in GeoTIFF; band index reported
scene_02-Z0109,9,138,4088.761474609375,,unavailable in GeoTIFF; band index reported
scene_02-Z0109,9,139,4054.484619140625,,unavailable in GeoTIFF; band index reported
scene_02-Z0109,9,140,4118.16162109375,,unavailable in GeoTIFF; band index reported
scene_02-Z0109,9,141,4191.6767578125,,unavailable in GeoTIFF; band index reported
scene_02-Z0109,9,142,4239.5771484375,,unavailable in GeoTIFF; band index reported
scene_02-Z0109,9,143,4252.29248046875,,unavailable in GeoTIFF; band index reported
scene_02-Z0109,9,144,4268.9462890625,5291.036598592477,unavailable in GeoTIFF; band index reported
scene_02-Z0109,9,145,4291.75390625,,unavailable in GeoTIFF; band index reported
scene_02-Z0109,9,146,4304.8232421875,,unavailable in GeoTIFF; band index reported
scene_02-Z0109,9,147,4314.84619140625,,unavailable in GeoTIFF; band index reported
scene_02-Z0109,9,148,4317.123046875,,unavailable in GeoTIFF; band index reported
scene_02-Z0109,9,149,4338.2001953125,,unavailable in GeoTIFF; band index reported
scene_02-Z0109,9,150,4342.4384765625,,unavailable in GeoTIFF; band index reported
scene_02-Z0109,9,151,4348.53857421875,,unavailable in GeoTIFF; band index reported
scene_02-Z0109,9,152,4348.515625,5322.025407664693,unavailable in GeoTIFF; band index reported
scene_02-Z0109,9,153,4343.0693359375,,unavailable in GeoTIFF; band index reported
scene_02-Z0109,9,154,4369.75390625,,unavailable in GeoTIFF; band index reported
scene_02-Z0109,9,155,4363.71533203125,,unavailable in GeoTIFF; band index reported
scene_02-Z0109,9,156,4378.41552734375,,unavailable in GeoTIFF; band index reported
scene_02-Z0109,9,157,4378.4228515625,,unavailable in GeoTIFF; band index reported
scene_02-Z0109,9,158,4376.5693359375,,unavailable in GeoTIFF; band index reported
scene_02-Z0109,9,159,4387.60791015625,5333.289541560736,unavailable in GeoTIFF; band index reported
scene_02-Z0109,9,160,4384.60009765625,,unavailable in GeoTIFF; band index reported
scene_02-Z0109,9,161,4373.10791015625,,unavailable in GeoTIFF; band index reported
scene_02-Z0109,9,162,4363.4228515625,,unavailable in GeoTIFF; band index reported
scene_02-Z0109,9,163,4380.08447265625,,unavailable in GeoTIFF; band index reported
scene_02-Z0109,9,164,4337.861328125,,unavailable in GeoTIFF; band index reported
scene_02-Z0109,9,165,4307.53076171875,,unavailable in GeoTIFF; band index reported
scene_02-Z0109,9,166,4212.4921875,5126.3322530328205,unavailable in GeoTIFF; band index reported
scene_02-Z0109,9,167,3642.65380859375,,unavailable in GeoTIFF; band index reported
scene_02-Z0109,9,168,3863.9384765625,,unavailable in GeoTIFF; band index reported
scene_02-Z0109,9,169,4036.353759765625,,unavailable in GeoTIFF; band index reported
scene_02-Z0109,9,170,3902.076904296875,,unavailable in GeoTIFF; band index reported
scene_02-Z0109,9,171,3319.27685546875,,unavailable in GeoTIFF; band index reported
scene_02-Z0109,9,172,3471.1923828125,,unavailable in GeoTIFF; band index reported
scene_02-Z0109,9,173,3778.09228515625,4868.793331420657,unavailable in GeoTIFF; band index reported
scene_02-Z0109,9,174,4036.053955078125,,unavailable in GeoTIFF; band index reported
scene_02-Z0109,9,175,4149.09228515625,,unavailable in GeoTIFF; band index reported
scene_02-Z0109,9,176,4019.761474609375,,unavailable in GeoTIFF; band index reported
scene_02-Z0109,9,177,3996.25390625,,unavailable in GeoTIFF; band index reported
scene_02-Z0109,9,178,3952.199951171875,,unavailable in GeoTIFF; band index reported
scene_02-Z0109,9,179,4023.453857421875,,unavailable in GeoTIFF; band index reported
scene_02-Z0109,9,180,3979.53076171875,5202.966566248882,unavailable in GeoTIFF; band index reported
scene_02-Z0109,9,181,3973.523193359375,,unavailable in GeoTIFF; band index reported
scene_02-Z0109,9,182,3991.453857421875,,unavailable in GeoTIFF; band index reported
scene_02-Z0109,9,183,3934.10009765625,,unavailable in GeoTIFF; band index reported
scene_02-Z0109,9,184,3903.5615234375,,unavailable in GeoTIFF; band index reported
scene_02-Z0109,9,185,3856.630859375,,unavailable in GeoTIFF; band index reported
scene_02-Z0109,9,186,3761.107666015625,,unavailable in GeoTIFF; band index reported
scene_02-Z0109,9,187,3608.72314453125,,unavailable in GeoTIFF; band index reported
scene_02-Z0109,9,188,3476.923095703125,5041.53400087969,unavailable in GeoTIFF; band index reported
scene_02-Z0109,9,189,3361.5,,unavailable in GeoTIFF; band index reported
scene_02-Z0109,9,190,3326.39990234375,,unavailable in GeoTIFF; band index reported
scene_02-Z0109,9,191,3300.322998046875,,unavailable in GeoTIFF; band index reported
scene_02-Z0109,9,192,3276.646240234375,,unavailable in GeoTIFF; band index reported
scene_02-Z0109,9,193,3173.876953125,,unavailable in GeoTIFF; band index reported
scene_02-Z0109,9,194,3028.015380859375,,unavailable in GeoTIFF; band index reported
scene_02-Z0109,9,195,3256.523193359375,4730.891681356888,unavailable in GeoTIFF; band index reported
scene_02-Z0109,9,196,3442.792236328125,,unavailable in GeoTIFF; band index reported
scene_02-Z0109,9,197,3493.984619140625,,unavailable in GeoTIFF; band index reported
scene_02-Z0109,9,198,3477.10009765625,,unavailable in GeoTIFF; band index reported
scene_02-Z0109,9,199,3449.25390625,,unavailable in GeoTIFF; band index reported
scene_02-Z0109,9,200,3437.238525390625,,unavailable in GeoTIFF; band index reported
scene_02-Z0109,9,201,3411.89990234375,,unavailable in GeoTIFF; band index reported
scene_02-Z0109,9,202,3392.792236328125,4755.162417917476,unavailable in GeoTIFF; band index reported
scene_02-Z0109,9,203,3358.861572265625,,unavailable in GeoTIFF; band index reported
scene_02-Z0109,9,204,3276.076904296875,,unavailable in GeoTIFF; band index reported
scene_02-Z0109,9,205,3206.015380859375,,unavailable in GeoTIFF; band index reported
scene_02-Z0109,9,206,3181.90771484375,,unavailable in GeoTIFF; band index reported
scene_02-Z0109,9,207,3161.107666015625,,unavailable in GeoTIFF; band index reported
scene_02-Z0109,9,208,3091.830810546875,,unavailable in GeoTIFF; band index reported
scene_02-Z0109,9,209,3117.207763671875,4476.438329984224,unavailable in GeoTIFF; band index reported
scene_02-Z0109,9,210,3083.71533203125,,unavailable in GeoTIFF; band index reported
scene_02-Z0109,9,211,3021.730712890625,,unavailable in GeoTIFF; band index reported
scene_02-Z0109,9,212,2988.146240234375,,unavailable in GeoTIFF; band index reported
scene_02-Z0109,9,213,3052.96142578125,,unavailable in GeoTIFF; band index reported
scene_02-Z0109,9,214,3015.71533203125,,unavailable in GeoTIFF; band index reported
scene_02-Z0109,9,215,2957.946044921875,,unavailable in GeoTIFF; band index reported
scene_02-Z0109,9,216,2896.576904296875,4250.046155720016,unavailable in GeoTIFF; band index reported
scene_02-Z0109,9,217,2921.084716796875,,unavailable in GeoTIFF; band index reported
scene_02-Z0109,9,218,2957.453857421875,,unavailable in GeoTIFF; band index reported
scene_02-Z0109,9,219,2912.761474609375,,unavailable in GeoTIFF; band index reported
scene_02-Z0109,9,220,2850.876953125,,unavailable in GeoTIFF; band index reported
scene_02-Z0109,9,221,2843.0615234375,,unavailable in GeoTIFF; band index reported
scene_02-Z0109,9,222,2911.107666015625,,unavailable in GeoTIFF; band index reported
scene_02-Z0109,9,223,2773.177001953125,,unavailable in GeoTIFF; band index reported
scene_02-Z0109,9,224,2797.623046875,3969.812622182586,unavailable in GeoTIFF; band index reported
scene_02-Z0088,10,1,732.0969848632812,923.9636213539318,unavailable in GeoTIFF; band index reported
scene_02-Z0088,10,2,739.328369140625,,unavailable in GeoTIFF; band index reported
scene_02-Z0088,10,3,779.0969848632812,,unavailable in GeoTIFF; band index reported
scene_02-Z0088,10,4,821.0447998046875,,unavailable in GeoTIFF; band index reported
scene_02-Z0088,10,5,863.0074462890625,,unavailable in GeoTIFF; band index reported
scene_02-Z0088,10,6,882.8880615234375,,unavailable in GeoTIFF; band index reported
scene_02-Z0088,10,7,910.0969848632812,,unavailable in GeoTIFF; band index reported
scene_02-Z0088,10,8,935.5969848632812,1239.8336512557007,unavailable in GeoTIFF; band index reported
scene_02-Z0088,10,9,955.932861328125,,unavailable in GeoTIFF; band index reported
scene_02-Z0088,10,10,977.9030151367188,,unavailable in GeoTIFF; band index reported
scene_02-Z0088,10,11,993.9253540039062,,unavailable in GeoTIFF; band index reported
scene_02-Z0088,10,12,999.2014770507812,,unavailable in GeoTIFF; band index reported
scene_02-Z0088,10,13,1015.3059692382812,,unavailable in GeoTIFF; band index reported
scene_02-Z0088,10,14,1042.067138671875,,unavailable in GeoTIFF; band index reported
scene_02-Z0088,10,15,1078.067138671875,1434.539444115118,unavailable in GeoTIFF; band index reported
scene_02-Z0088,10,16,1089.6492919921875,,unavailable in GeoTIFF; band index reported
scene_02-Z0088,10,17,1115.910400390625,,unavailable in GeoTIFF; band index reported
scene_02-Z0088,10,18,1150.223876953125,,unavailable in GeoTIFF; band index reported
scene_02-Z0088,10,19,1179.2686767578125,,unavailable in GeoTIFF; band index reported
scene_02-Z0088,10,20,1222.4403076171875,,unavailable in GeoTIFF; band index reported
scene_02-Z0088,10,21,1259.6790771484375,,unavailable in GeoTIFF; band index reported
scene_02-Z0088,10,22,1301.55224609375,1823.7665394518328,unavailable in GeoTIFF; band index reported
scene_02-Z0088,10,23,1338.462646484375,,unavailable in GeoTIFF; band index reported
scene_02-Z0088,10,24,1385.6492919921875,,unavailable in GeoTIFF; band index reported
scene_02-Z0088,10,25,1432.2462158203125,,unavailable in GeoTIFF; band index reported
scene_02-Z0088,10,26,1489.65673828125,,unavailable in GeoTIFF; band index reported
scene_02-Z0088,10,27,1541.3880615234375,,unavailable in GeoTIFF; band index reported
scene_02-Z0088,10,28,1588.63427734375,,unavailable in GeoTIFF; band index reported
scene_02-Z0088,10,29,1642.9403076171875,2397.2422113758685,unavailable in GeoTIFF; band index reported
scene_02-Z0088,10,30,1703.8358154296875,,unavailable in GeoTIFF; band index reported
scene_02-Z0088,10,31,1779.589599609375,,unavailable in GeoTIFF; band index reported
scene_02-Z0088,10,32,1839.7686767578125,,unavailable in GeoTIFF; band index reported
scene_02-Z0088,10,33,1889.5074462890625,,unavailable in GeoTIFF; band index reported
scene_02-Z0088,10,34,1956.8209228515625,,unavailable in GeoTIFF; band index reported
scene_02-Z0088,10,35,2012.5,,unavailable in GeoTIFF; band index reported
scene_02-Z0088,10,36,2064.455322265625,3085.206971340238,unavailable in GeoTIFF; band index reported
scene_02-Z0088,10,37,2116.141845703125,,unavailable in GeoTIFF; band index reported
scene_02-Z0088,10,38,2156.253662109375,,unavailable in GeoTIFF; band index reported
scene_02-Z0088,10,39,2190.723876953125,,unavailable in GeoTIFF; band index reported
scene_02-Z0088,10,40,2220.208984375,,unavailable in GeoTIFF; band index reported
scene_02-Z0088,10,41,2253.462646484375,,unavailable in GeoTIFF; band index reported
scene_02-Z0088,10,42,2276.82080078125,,unavailable in GeoTIFF; band index reported
scene_02-Z0088,10,43,2295.694091796875,,unavailable in GeoTIFF; band index reported
scene_02-Z0088,10,44,2335.0,3494.815894205586,unavailable in GeoTIFF; band index reported
scene_02-Z0088,10,45,2371.82080078125,,unavailable in GeoTIFF; band index reported
scene_02-Z0088,10,46,2395.194091796875,,unavailable in GeoTIFF; band index reported
scene_02-Z0088,10,47,2422.291015625,,unavailable in GeoTIFF; band index reported
scene_02-Z0088,10,48,2442.13427734375,,unavailable in GeoTIFF; band index reported
scene_02-Z0088,10,49,2460.992431640625,,unavailable in GeoTIFF; band index reported
scene_02-Z0088,10,50,2472.559814453125,,unavailable in GeoTIFF; band index reported
scene_02-Z0088,10,51,2527.746337890625,3775.111587847919,unavailable in GeoTIFF; band index reported
scene_02-Z0088,10,52,2553.873046875,,unavailable in GeoTIFF; band index reported
scene_02-Z0088,10,53,2588.596923828125,,unavailable in GeoTIFF; band index reported
scene_02-Z0088,10,54,2591.492431640625,,unavailable in GeoTIFF; band index reported
scene_02-Z0088,10,55,2627.82080078125,,unavailable in GeoTIFF; band index reported
scene_02-Z0088,10,56,2678.7314453125,,unavailable in GeoTIFF; band index reported
scene_02-Z0088,10,57,2732.58203125,,unavailable in GeoTIFF; band index reported
scene_02-Z0088,10,58,2728.276123046875,4054.9174799127018,unavailable in GeoTIFF; band index reported
scene_02-Z0088,10,59,2746.126953125,,unavailable in GeoTIFF; band index reported
scene_02-Z0088,10,60,2735.455322265625,,unavailable in GeoTIFF; band index reported
scene_02-Z0088,10,61,2823.208984375,,unavailable in GeoTIFF; band index reported
scene_02-Z0088,10,62,2606.82080078125,,unavailable in GeoTIFF; band index reported
scene_02-Z0088,10,63,2830.223876953125,,unavailable in GeoTIFF; band index reported
scene_02-Z0088,10,64,2860.47021484375,,unavailable in GeoTIFF; band index reported
scene_02-Z0088,10,65,2873.067138671875,4208.583425148986,unavailable in GeoTIFF; band index reported
scene_02-Z0088,10,66,2899.201416015625,,unavailable in GeoTIFF; band index reported
scene_02-Z0088,10,67,2915.58203125,,unavailable in GeoTIFF; band index reported
scene_02-Z0088,10,68,2956.096923828125,,unavailable in GeoTIFF; band index reported
scene_02-Z0088,10,69,2962.201416015625,,unavailable in GeoTIFF; band index reported
scene_02-Z0088,10,70,2988.887939453125,,unavailable in GeoTIFF; band index reported
scene_02-Z0088,10,71,2931.26123046875,,unavailable in GeoTIFF; band index reported
scene_02-Z0088,10,72,2977.1640625,4260.953433207812,unavailable in GeoTIFF; band index reported
scene_02-Z0088,10,73,2948.358154296875,,unavailable in GeoTIFF; band index reported
scene_02-Z0088,10,74,2967.641845703125,,unavailable in GeoTIFF; band index reported
scene_02-Z0088,10,75,2967.485107421875,,unavailable in GeoTIFF; band index reported
scene_02-Z0088,10,76,2943.65673828125,,unavailable in GeoTIFF; band index reported
scene_02-Z0088,10,77,2997.7314453125,,unavailable in GeoTIFF; band index reported
scene_02-Z0088,10,78,2953.723876953125,,unavailable in GeoTIFF; band index reported
scene_02-Z0088,10,79,2994.2685546875,,unavailable in GeoTIFF; band index reported
scene_02-Z0088,10,80,3043.649169921875,4274.851139547828,unavailable in GeoTIFF; band index reported
scene_02-Z0088,10,81,2989.63427734375,,unavailable in GeoTIFF; band index reported
scene_02-Z0088,10,82,3038.932861328125,,unavailable in GeoTIFF; band index reported
scene_02-Z0088,10,83,2969.5,,unavailable in GeoTIFF; band index reported
scene_02-Z0088,10,84,2862.410400390625,,unavailable in GeoTIFF; band index reported
scene_02-Z0088,10,85,3083.612060546875,,unavailable in GeoTIFF; band index reported
scene_02-Z0088,10,86,3082.84326171875,,unavailable in GeoTIFF; band index reported
scene_02-Z0088,10,87,2974.298583984375,4132.1618496129795,unavailable in GeoTIFF; band index reported
scene_02-Z0088,10,88,3172.850830078125,,unavailable in GeoTIFF; band index reported
scene_02-Z0088,10,89,3178.014892578125,,unavailable in GeoTIFF; band index reported
scene_02-Z0088,10,90,3216.373046875,,unavailable in GeoTIFF; band index reported
scene_02-Z0088,10,91,3113.32080078125,,unavailable in GeoTIFF; band index reported
scene_02-Z0088,10,92,3064.8134765625,,unavailable in GeoTIFF; band index reported
scene_02-Z0088,10,93,3019.805908203125,,unavailable in GeoTIFF; band index reported
scene_02-Z0088,10,94,3093.671630859375,4309.2867326760515,unavailable in GeoTIFF; band index reported
scene_02-Z0088,10,95,3079.291015625,,unavailable in GeoTIFF; band index reported
scene_02-Z0088,10,96,3168.149169921875,,unavailable in GeoTIFF; band index reported
scene_02-Z0088,10,97,3098.15673828125,,unavailable in GeoTIFF; band index reported
scene_02-Z0088,10,98,3185.962646484375,,unavailable in GeoTIFF; band index reported
scene_02-Z0088,10,99,3127.612060546875,,unavailable in GeoTIFF; band index reported
scene_02-Z0088,10,100,3210.096923828125,,unavailable in GeoTIFF; band index reported
scene_02-Z0088,10,101,3143.8134765625,4322.162446797493,unavailable in GeoTIFF; band index reported
scene_02-Z0088,10,102,3228.126953125,,unavailable in GeoTIFF; band index reported
scene_02-Z0088,10,103,3249.589599609375,,unavailable in GeoTIFF; band index reported
scene_02-Z0088,10,104,3266.596923828125,,unavailable in GeoTIFF; band index reported
scene_02-Z0088,10,105,3286.208984375,,unavailable in GeoTIFF; band index reported
scene_02-Z0088,10,106,3298.201416015625,,unavailable in GeoTIFF; band index reported
scene_02-Z0088,10,107,3322.86572265625,,unavailable in GeoTIFF; band index reported
scene_02-Z0088,10,108,3351.5,4587.895775244769,unavailable in GeoTIFF; band index reported
scene_02-Z0088,10,109,3370.955322265625,,unavailable in GeoTIFF; band index reported
scene_02-Z0088,10,110,3410.26123046875,,unavailable in GeoTIFF; band index reported
scene_02-Z0088,10,111,3438.626953125,,unavailable in GeoTIFF; band index reported
scene_02-Z0088,10,112,3390.8134765625,,unavailable in GeoTIFF; band index reported
scene_02-Z0088,10,113,3584.507568359375,,unavailable in GeoTIFF; band index reported
scene_02-Z0088,10,114,3578.619384765625,,unavailable in GeoTIFF; band index reported
scene_02-Z0088,10,115,3444.887939453125,,unavailable in GeoTIFF; band index reported
scene_02-Z0088,10,116,3489.567138671875,4773.595522481138,unavailable in GeoTIFF; band index reported
scene_02-Z0088,10,117,3571.432861328125,,unavailable in GeoTIFF; band index reported
scene_02-Z0088,10,118,3635.544677734375,,unavailable in GeoTIFF; band index reported
scene_02-Z0088,10,119,3655.07470703125,,unavailable in GeoTIFF; band index reported
scene_02-Z0088,10,120,3652.828369140625,,unavailable in GeoTIFF; band index reported
scene_02-Z0088,10,121,3680.432861328125,,unavailable in GeoTIFF; band index reported
scene_02-Z0088,10,122,3696.462646484375,,unavailable in GeoTIFF; band index reported
scene_02-Z0088,10,123,3715.171630859375,5061.2235274916375,unavailable in GeoTIFF; band index reported
scene_02-Z0088,10,124,3754.596923828125,,unavailable in GeoTIFF; band index reported
scene_02-Z0088,10,125,3784.955322265625,,unavailable in GeoTIFF; band index reported
scene_02-Z0088,10,126,3771.7685546875,,unavailable in GeoTIFF; band index reported
scene_02-Z0088,10,127,3771.612060546875,,unavailable in GeoTIFF; band index reported
scene_02-Z0088,10,128,3792.619384765625,,unavailable in GeoTIFF; band index reported
scene_02-Z0088,10,129,3795.940185546875,,unavailable in GeoTIFF; band index reported
scene_02-Z0088,10,130,3805.612060546875,5181.63314746944,unavailable in GeoTIFF; band index reported
scene_02-Z0088,10,131,-32768.0,,unavailable in GeoTIFF; band index reported
scene_02-Z0088,10,132,-32768.0,,unavailable in GeoTIFF; band index reported
scene_02-Z0088,10,133,-32768.0,,unavailable in GeoTIFF; band index reported
scene_02-Z0088,10,134,-32768.0,,unavailable in GeoTIFF; band index reported
scene_02-Z0088,10,135,-32768.0,,unavailable in GeoTIFF; band index reported
scene_02-Z0088,10,136,3834.52978515625,,unavailable in GeoTIFF; band index reported
scene_02-Z0088,10,137,3988.014892578125,5313.299393467547,unavailable in GeoTIFF; band index reported
scene_02-Z0088,10,138,3861.5224609375,,unavailable in GeoTIFF; band index reported
scene_02-Z0088,10,139,3820.276123046875,,unavailable in GeoTIFF; band index reported
scene_02-Z0088,10,140,3876.850830078125,,unavailable in GeoTIFF; band index reported
scene_02-Z0088,10,141,3943.387939453125,,unavailable in GeoTIFF; band index reported
scene_02-Z0088,10,142,3983.126953125,,unavailable in GeoTIFF; band index reported
scene_02-Z0088,10,143,3990.589599609375,,unavailable in GeoTIFF; band index reported
scene_02-Z0088,10,144,3999.828369140625,5291.036598592477,unavailable in GeoTIFF; band index reported
scene_02-Z0088,10,145,4018.223876953125,,unavailable in GeoTIFF; band index reported
scene_02-Z0088,10,146,4027.955322265625,,unavailable in GeoTIFF; band index reported
scene_02-Z0088,10,147,4035.037353515625,,unavailable in GeoTIFF; band index reported
scene_02-Z0088,10,148,4032.3359375,,unavailable in GeoTIFF; band index reported
scene_02-Z0088,10,149,4051.589599609375,,unavailable in GeoTIFF; band index reported
scene_02-Z0088,10,150,4054.880615234375,,unavailable in GeoTIFF; band index reported
scene_02-Z0088,10,151,4056.962646484375,,unavailable in GeoTIFF; band index reported
scene_02-Z0088,10,152,4058.612060546875,5322.025407664693,unavailable in GeoTIFF; band index reported
scene_02-Z0088,10,153,4050.440185546875,,unavailable in GeoTIFF; band index reported
scene_02-Z0088,10,154,4071.708984375,,unavailable in GeoTIFF; band index reported
scene_02-Z0088,10,155,4068.887939453125,,unavailable in GeoTIFF; band index reported
scene_02-Z0088,10,156,4083.63427734375,,unavailable in GeoTIFF; band index reported
scene_02-Z0088,10,157,4083.8134765625,,unavailable in GeoTIFF; band index reported
scene_02-Z0088,10,158,4086.3955078125,,unavailable in GeoTIFF; band index reported
scene_02-Z0088,10,159,4093.596923828125,5333.289541560736,unavailable in GeoTIFF; band index reported
scene_02-Z0088,10,160,4093.76123046875,,unavailable in GeoTIFF; band index reported
scene_02-Z0088,10,161,4085.8134765625,,unavailable in GeoTIFF; band index reported
scene_02-Z0088,10,162,4077.044677734375,,unavailable in GeoTIFF; band index reported
scene_02-Z0088,10,163,4102.373046875,,unavailable in GeoTIFF; band index reported
scene_02-Z0088,10,164,4062.387939453125,,unavailable in GeoTIFF; band index reported
scene_02-Z0088,10,165,4045.096923828125,,unavailable in GeoTIFF; band index reported
scene_02-Z0088,10,166,3960.34326171875,5126.3322530328205,unavailable in GeoTIFF; band index reported
scene_02-Z0088,10,167,3509.28369140625,,unavailable in GeoTIFF; band index reported
scene_02-Z0088,10,168,3733.55224609375,,unavailable in GeoTIFF; band index reported
scene_02-Z0088,10,169,3886.291015625,,unavailable in GeoTIFF; band index reported
scene_02-Z0088,10,170,3759.84326171875,,unavailable in GeoTIFF; band index reported
scene_02-Z0088,10,171,3190.3955078125,,unavailable in GeoTIFF; band index reported
scene_02-Z0088,10,172,3336.873046875,,unavailable in GeoTIFF; band index reported
scene_02-Z0088,10,173,3634.97021484375,4868.793331420657,unavailable in GeoTIFF; band index reported
scene_02-Z0088,10,174,3889.096923828125,,unavailable in GeoTIFF; band index reported
scene_02-Z0088,10,175,4010.067138671875,,unavailable in GeoTIFF; band index reported
scene_02-Z0088,10,176,3883.171630859375,,unavailable in GeoTIFF; band index reported
scene_02-Z0088,10,177,3874.791015625,,unavailable in GeoTIFF; band index reported
scene_02-Z0088,10,178,3836.514892578125,,unavailable in GeoTIFF; band index reported
scene_02-Z0088,10,179,3914.08203125,,unavailable in GeoTIFF; band index reported
scene_02-Z0088,10,180,3888.485107421875,5202.966566248882,unavailable in GeoTIFF; band index reported
scene_02-Z0088,10,181,3885.828369140625,,unavailable in GeoTIFF; band index reported
scene_02-Z0088,10,182,3913.141845703125,,unavailable in GeoTIFF; band index reported
scene_02-Z0088,10,183,3880.432861328125,,unavailable in GeoTIFF; band index reported
scene_02-Z0088,10,184,3840.932861328125,,unavailable in GeoTIFF; band index reported
scene_02-Z0088,10,185,3808.05224609375,,unavailable in GeoTIFF; band index reported
scene_02-Z0088,10,186,3738.350830078125,,unavailable in GeoTIFF; band index reported
scene_02-Z0088,10,187,3614.5224609375,,unavailable in GeoTIFF; band index reported
scene_02-Z0088,10,188,3500.619384765625,5041.53400087969,unavailable in GeoTIFF; band index reported
scene_02-Z0088,10,189,3405.507568359375,,unavailable in GeoTIFF; band index reported
scene_02-Z0088,10,190,3375.201416015625,,unavailable in GeoTIFF; band index reported
scene_02-Z0088,10,191,3348.708984375,,unavailable in GeoTIFF; band index reported
scene_02-Z0088,10,192,3326.350830078125,,unavailable in GeoTIFF; band index reported
scene_02-Z0088,10,193,3221.880615234375,,unavailable in GeoTIFF; band index reported
scene_02-Z0088,10,194,3093.701416015625,,unavailable in GeoTIFF; band index reported
scene_02-Z0088,10,195,3294.880615234375,4730.891681356888,unavailable in GeoTIFF; band index reported
scene_02-Z0088,10,196,3451.94775390625,,unavailable in GeoTIFF; band index reported
scene_02-Z0088,10,197,3493.067138671875,,unavailable in GeoTIFF; band index reported
scene_02-Z0088,10,198,3470.13427734375,,unavailable in GeoTIFF; band index reported
scene_02-Z0088,10,199,3451.850830078125,,unavailable in GeoTIFF; band index reported
scene_02-Z0088,10,200,3437.13427734375,,unavailable in GeoTIFF; band index reported
scene_02-Z0088,10,201,3416.880615234375,,unavailable in GeoTIFF; band index reported
scene_02-Z0088,10,202,3401.873046875,4755.162417917476,unavailable in GeoTIFF; band index reported
scene_02-Z0088,10,203,3375.91796875,,unavailable in GeoTIFF; band index reported
scene_02-Z0088,10,204,3305.3134765625,,unavailable in GeoTIFF; band index reported
scene_02-Z0088,10,205,3230.940185546875,,unavailable in GeoTIFF; band index reported
scene_02-Z0088,10,206,3209.455322265625,,unavailable in GeoTIFF; band index reported
scene_02-Z0088,10,207,3192.58203125,,unavailable in GeoTIFF; band index reported
scene_02-Z0088,10,208,3117.119384765625,,unavailable in GeoTIFF; band index reported
scene_02-Z0088,10,209,3141.373046875,4476.438329984224,unavailable in GeoTIFF; band index reported
scene_02-Z0088,10,210,3107.67919921875,,unavailable in GeoTIFF; band index reported
scene_02-Z0088,10,211,3054.0224609375,,unavailable in GeoTIFF; band index reported
scene_02-Z0088,10,212,3024.4775390625,,unavailable in GeoTIFF; band index reported
scene_02-Z0088,10,213,3094.350830078125,,unavailable in GeoTIFF; band index reported
scene_02-Z0088,10,214,3065.387939453125,,unavailable in GeoTIFF; band index reported
scene_02-Z0088,10,215,3009.41796875,,unavailable in GeoTIFF; band index reported
scene_02-Z0088,10,216,2959.41796875,4250.046155720016,unavailable in GeoTIFF; band index reported
scene_02-Z0088,10,217,2982.858154296875,,unavailable in GeoTIFF; band index reported
scene_02-Z0088,10,218,3017.6640625,,unavailable in GeoTIFF; band index reported
scene_02-Z0088,10,219,2972.044677734375,,unavailable in GeoTIFF; band index reported
scene_02-Z0088,10,220,2908.1640625,,unavailable in GeoTIFF; band index reported
scene_02-Z0088,10,221,2906.649169921875,,unavailable in GeoTIFF; band index reported
scene_02-Z0088,10,222,2987.037353515625,,unavailable in GeoTIFF; band index reported
scene_02-Z0088,10,223,2847.94775390625,,unavailable in GeoTIFF; band index reported
scene_02-Z0088,10,224,2879.940185546875,3969.812622182586,unavailable in GeoTIFF; band index reported
