zone_id,scene,pixel_count,approx_area_m2,centroid_x,centroid_y,mean_risk,max_risk,median_risk,high_priority_pixel_pct,priority_category,threshold_type,recommendation,priority_rank
scene_02-Z0260,scene_02,44,39600.0,378616.36363636365,5088771.818181818,8.230923652648926,17.85089683532715,5.93705415725708,100.0,HIGH PRIORITY,95th percentile prioritisation threshold,Spectral-stress evidence detected. Prioritise field inspection to determine the underlying cause. Field verification required.,1
scene_02-Z0259,scene_02,75,67500.0,378800.8,5088810.0,3.3675537109375,12.555070877075195,2.391815185546875,100.0,HIGH PRIORITY,95th percentile prioritisation threshold,Spectral-stress evidence detected. Prioritise field inspection to determine the underlying cause. Field verification required.,2
scene_02-Z0726,scene_02,26,23400.0,364601.53846153844,5074284.230769231,3.219099283218384,6.101283550262451,2.689267635345459,100.0,HIGH PRIORITY,95th percentile prioritisation threshold,Spectral-stress evidence detected. Prioritise field inspection to determine the underlying cause. Field verification required.,3
scene_02-Z0741,scene_02,11,9900.0,365367.2727272727,5073840.0,3.0807411670684814,5.365187644958496,2.578601837158203,100.0,HIGH PRIORITY,95th percentile prioritisation threshold,Spectral-stress evidence detected. Prioritise field inspection to determine the underlying cause. Field verification required.,4
scene_02-Z0815,scene_02,26,23400.0,362357.3076923077,5070079.615384615,3.0573811531066895,4.881450176239014,2.9811763763427734,100.0,HIGH PRIORITY,95th percentile prioritisation threshold,Spectral-stress evidence detected. Prioritise field inspection to determine the underlying cause. Field verification required.,5
scene_02-Z0791,scene_02,52,46800.0,362174.42307692306,5071607.307692308,2.8056139945983887,4.7117109298706055,2.5578184127807617,100.0,HIGH PRIORITY,95th percentile prioritisation threshold,Spectral-stress evidence detected. Prioritise field inspection to determine the underlying cause. Field verification required.,6
scene_02-Z0828,scene_02,240,216000.0,362704.875,5069173.125,2.7867023944854736,6.4820075035095215,2.4202451705932617,100.0,HIGH PRIORITY,95th percentile prioritisation threshold,Spectral-stress evidence detected. Prioritise field inspection to determine the underlying cause. Field verification required.,7
scene_02-Z0746,scene_02,30,27000.0,365523.0,5073681.0,2.778968334197998,4.392884731292725,2.835340976715088,100.0,HIGH PRIORITY,95th percentile prioritisation threshold,Spectral-stress evidence detected. Prioritise field inspection to determine the underlying cause. Field verification required.,8
scene_02-Z0821,scene_02,56,50400.0,364065.0,5069848.392857143,2.7687644958496094,3.948775053024292,2.823594570159912,100.0,HIGH PRIORITY,95th percentile prioritisation threshold,Spectral-stress evidence detected. Prioritise field inspection to determine the underlying cause. Field verification required.,9
scene_02-Z0823,scene_02,204,183600.0,362899.4117647059,5069663.235294118,2.7565672397613525,4.756185531616211,2.664909839630127,100.0,HIGH PRIORITY,95th percentile prioritisation threshold,Spectral-stress evidence detected. Prioritise field inspection to determine the underlying cause. Field verification required.,10
scene_02-Z0090,scene_02,37,33300.0,364502.4324324324,5094114.324324325,2.7351861000061035,4.211328983306885,2.7056453227996826,100.0,HIGH PRIORITY,95th percentile prioritisation threshold,Spectral-stress evidence detected. Prioritise field inspection to determine the underlying cause. Field verification required.,11
scene_02-Z0792,scene_02,51,45900.0,362538.23529411765,5071532.352941177,2.693518877029419,4.270157814025879,2.5606696605682373,100.0,HIGH PRIORITY,95th percentile prioritisation threshold,Spectral-stress evidence detected. Prioritise field inspection to determine the underlying cause. Field verification required.,12
scene_02-Z0194,scene_02,114,102600.0,363928.15789473685,5090377.105263158,2.615478038787842,4.6148762702941895,2.518627166748047,100.0,HIGH PRIORITY,95th percentile prioritisation threshold,Spectral-stress evidence detected. Prioritise field inspection to determine the underlying cause. Field verification required.,13
scene_02-Z0192,scene_02,20,18000.0,363940.5,5090608.5,2.5961427688598633,3.4894073009490967,2.6542515754699707,100.0,HIGH PRIORITY,95th percentile prioritisation threshold,Spectral-stress evidence detected. Prioritise field inspection to determine the underlying cause. Field verification required.,14
scene_02-Z0153,scene_02,32,28800.0,363778.125,5091567.1875,2.5488195419311523,3.8321943283081055,2.5653953552246094,100.0,HIGH PRIORITY,95th percentile prioritisation threshold,Spectral-stress evidence detected. Prioritise field inspection to determine the underlying cause. Field verification required.,15
scene_02-Z0682,scene_02,22,19800.0,355851.8181818182,5075828.181818182,2.5288846492767334,2.9405200481414795,2.6299080848693848,100.0,HIGH PRIORITY,95th percentile prioritisation threshold,Spectral-stress evidence detected. Prioritise field inspection to determine the underlying cause. Field verification required.,16
scene_02-Z0659,scene_02,47,42300.0,379882.97872340423,5076418.085106383,2.5258233547210693,3.614163637161255,2.3565804958343506,100.0,HIGH PRIORITY,95th percentile prioritisation threshold,Spectral-stress evidence detected. Prioritise field inspection to determine the underlying cause. Field verification required.,17
scene_02-Z0189,scene_02,60,54000.0,364414.5,5090484.5,2.5131022930145264,3.7733633518218994,2.405064344406128,100.0,HIGH PRIORITY,95th percentile prioritisation threshold,Spectral-stress evidence detected. Prioritise field inspection to determine the underlying cause. Field verification required.,18
scene_02-Z0631,scene_02,187,168300.0,374702.0855614973,5076977.486631016,2.511091470718384,4.186678886413574,2.263765573501587,100.0,HIGH PRIORITY,95th percentile prioritisation threshold,Spectral-stress evidence detected. Prioritise field inspection to determine the underlying cause. Field verification required.,19
scene_02-Z0581,scene_02,9,8100.0,355840.0,5078890.0,2.4866626262664795,2.8399546146392822,2.5218420028686523,100.0,HIGH PRIORITY,95th percentile prioritisation threshold,Spectral-stress evidence detected. Prioritise field inspection to determine the underlying cause. Field verification required.,20
scene_02-Z0160,scene_02,23,20700.0,364159.5652173913,5091420.0,2.4847848415374756,3.3787729740142822,2.5806586742401123,100.0,HIGH PRIORITY,95th percentile prioritisation threshold,Spectral-stress evidence detected. Prioritise field inspection to determine the underlying cause. Field verification required.,21
scene_02-Z0195,scene_02,35,31500.0,363263.14285714284,5090538.0,2.483177423477173,3.7576842308044434,2.362515687942505,100.0,HIGH PRIORITY,95th percentile prioritisation threshold,Spectral-stress evidence detected. Prioritise field inspection to determine the underlying cause. Field verification required.,22
scene_02-Z0162,scene_02,25,22500.0,364476.0,5091265.2,2.4811654090881348,3.4675488471984863,2.427919387817383,100.0,HIGH PRIORITY,95th percentile prioritisation threshold,Spectral-stress evidence detected. Prioritise field inspection to determine the underlying cause. Field verification required.,23
scene_02-Z0722,scene_02,16,14400.0,379916.25,5074507.5,2.479480266571045,3.501919746398926,2.564418077468872,100.0,HIGH PRIORITY,95th percentile prioritisation threshold,Spectral-stress evidence detected. Prioritise field inspection to determine the underlying cause. Field verification required.,24
scene_02-Z0335,scene_02,143,128700.0,364022.51748251746,5086935.104895105,2.4515256881713867,3.0003304481506348,2.448452949523926,100.0,HIGH PRIORITY,95th percentile prioritisation threshold,Spectral-stress evidence detected. Prioritise field inspection to determine the underlying cause. Field verification required.,25
scene_02-Z0498,scene_02,19,17100.0,361062.63157894736,5081370.0,2.4470880031585693,2.9140470027923584,2.429636240005493,100.0,HIGH PRIORITY,95th percentile prioritisation threshold,Spectral-stress evidence detected. Prioritise field inspection to determine the underlying cause. Field verification required.,26
scene_02-Z0538,scene_02,12,10800.0,359975.0,5080305.0,2.4373619556427,2.789634943008423,2.3994197845458984,100.0,HIGH PRIORITY,95th percentile prioritisation threshold,Spectral-stress evidence detected. Prioritise field inspection to determine the underlying cause. Field verification required.,27
scene_02-Z0209,scene_02,11,9900.0,362923.63636363635,5090290.909090909,2.4286022186279297,3.516522169113159,2.3118467330932617,100.0,HIGH PRIORITY,95th percentile prioritisation threshold,Spectral-stress evidence detected. Prioritise field inspection to determine the underlying cause. Field verification required.,28
scene_02-Z0515,scene_02,17,15300.0,361522.9411764706,5080964.117647059,2.4225523471832275,2.9248292446136475,2.552165985107422,100.0,HIGH PRIORITY,95th percentile prioritisation threshold,Spectral-stress evidence detected. Prioritise field inspection to determine the underlying cause. Field verification required.,29
scene_02-Z0048,scene_02,44,39600.0,364182.2727272727,5095939.7727272725,2.4220402240753174,2.6766276359558105,2.522927761077881,100.0,HIGH PRIORITY,95th percentile prioritisation threshold,Spectral-stress evidence detected. Prioritise field inspection to determine the underlying cause. Field verification required.,30
scene_02-Z0370,scene_02,70,63000.0,363845.5714285714,5086148.571428572,2.4193739891052246,2.789006471633911,2.456000804901123,100.0,HIGH PRIORITY,95th percentile prioritisation threshold,Spectral-stress evidence detected. Prioritise field inspection to determine the underlying cause. Field verification required.,31
scene_02-Z0384,scene_02,56,50400.0,364265.35714285716,5085849.107142857,2.4126601219177246,2.897157669067383,2.501314401626587,100.0,HIGH PRIORITY,95th percentile prioritisation threshold,Spectral-stress evidence detected. Prioritise field inspection to determine the underlying cause. Field verification required.,32
scene_02-Z0824,scene_02,44,39600.0,363501.8181818182,5069702.7272727275,2.408597707748413,3.41288685798645,2.379650115966797,100.0,HIGH PRIORITY,95th percentile prioritisation threshold,Spectral-stress evidence detected. Prioritise field inspection to determine the underlying cause. Field verification required.,33
scene_02-Z0651,scene_02,23,20700.0,354283.04347826086,5076683.478260869,2.4055089950561523,3.0051004886627197,2.46264910697937,100.0,HIGH PRIORITY,95th percentile prioritisation threshold,Spectral-stress evidence detected. Prioritise field inspection to determine the underlying cause. Field verification required.,34
scene_02-Z0231,scene_02,105,94500.0,361656.0,5089565.714285715,2.4000463485717773,4.116111755371094,2.3229336738586426,100.0,HIGH PRIORITY,95th percentile prioritisation threshold,Spectral-stress evidence detected. Prioritise field inspection to determine the underlying cause. Field verification required.,35
scene_02-Z0794,scene_02,36,32400.0,362898.3333333333,5071515.0,2.396988868713379,3.685887336730957,2.2030906677246094,100.0,HIGH PRIORITY,95th percentile prioritisation threshold,Spectral-stress evidence detected. Prioritise field inspection to determine the underlying cause. Field verification required.,36
scene_02-Z0813,scene_02,80,72000.0,364772.25,5070145.125,2.396960735321045,4.232675075531006,2.26322340965271,100.0,HIGH PRIORITY,95th percentile prioritisation threshold,Spectral-stress evidence detected. Prioritise field inspection to determine the underlying cause. Field verification required.,37
scene_02-Z0655,scene_02,21,18900.0,355195.71428571426,5076590.0,2.3959758281707764,2.9331703186035156,2.40820574760437,100.0,HIGH PRIORITY,95th percentile prioritisation threshold,Spectral-stress evidence detected. Prioritise field inspection to determine the underlying cause. Field verification required.,38
scene_02-Z0355,scene_02,13,11700.0,363408.46153846156,5086601.538461538,2.3917717933654785,2.73952317237854,2.4508326053619385,100.0,HIGH PRIORITY,95th percentile prioritisation threshold,Spectral-stress evidence detected. Prioritise field inspection to determine the underlying cause. Field verification required.,39
scene_02-Z0787,scene_02,18,16200.0,362411.6666666667,5071963.333333333,2.3796780109405518,3.1126246452331543,2.3774280548095703,100.0,HIGH PRIORITY,95th percentile prioritisation threshold,Spectral-stress evidence detected. Prioritise field inspection to determine the underlying cause. Field verification required.,40
scene_02-Z0394,scene_02,77,69300.0,362721.8181818182,5085624.935064935,2.3688838481903076,2.8491010665893555,2.4901721477508545,100.0,HIGH PRIORITY,95th percentile prioritisation threshold,Spectral-stress evidence detected. Prioritise field inspection to determine the underlying cause. Field verification required.,41
scene_02-Z0297,scene_02,84,75600.0,363540.71428571426,5087798.214285715,2.368600368499756,2.773796558380127,2.4516243934631348,100.0,HIGH PRIORITY,95th percentile prioritisation threshold,Spectral-stress evidence detected. Prioritise field inspection to determine the underlying cause. Field verification required.,42
scene_02-Z0701,scene_02,32,28800.0,355280.625,5075358.75,2.3627614974975586,2.9320480823516846,2.3540616035461426,100.0,HIGH PRIORITY,95th percentile prioritisation threshold,Spectral-stress evidence detected. Prioritise field inspection to determine the underlying cause. Field verification required.,43
scene_02-Z0641,scene_02,10,9000.0,358005.0,5077071.0,2.3602757453918457,3.183342218399048,2.3480048179626465,100.0,HIGH PRIORITY,95th percentile prioritisation threshold,Spectral-stress evidence detected. Prioritise field inspection to determine the underlying cause. Field verification required.,44
scene_02-Z0103,scene_02,18,16200.0,363248.3333333333,5093758.333333333,2.3533380031585693,2.799806594848633,2.308248519897461,100.0,HIGH PRIORITY,95th percentile prioritisation threshold,Spectral-stress evidence detected. Prioritise field inspection to determine the underlying cause. Field verification required.,45
scene_02-Z0725,scene_02,12,10800.0,357387.5,5074402.5,2.352557897567749,2.9165985584259033,2.1692235469818115,100.0,HIGH PRIORITY,95th percentile prioritisation threshold,Spectral-stress evidence detected. Prioritise field inspection to determine the underlying cause. Field verification required.,46
scene_02-Z0603,scene_02,17,15300.0,357227.64705882355,5078158.235294118,2.3508877754211426,2.851271629333496,2.3160407543182373,100.0,HIGH PRIORITY,95th percentile prioritisation threshold,Spectral-stress evidence detected. Prioritise field inspection to determine the underlying cause. Field verification required.,47
scene_02-Z0330,scene_02,23,20700.0,362667.39130434784,5087163.9130434785,2.3493967056274414,2.7756152153015137,2.451240062713623,100.0,HIGH PRIORITY,95th percentile prioritisation threshold,Spectral-stress evidence detected. Prioritise field inspection to determine the underlying cause. Field verification required.,48
scene_02-Z0100,scene_02,32,28800.0,388537.5,5093869.6875,2.3441920280456543,3.423288106918335,2.2206077575683594,100.0,HIGH PRIORITY,95th percentile prioritisation threshold,Spectral-stress evidence detected. Prioritise field inspection to determine the underlying cause. Field verification required.,49
scene_02-Z0380,scene_02,25,22500.0,358399.2,5085985.2,2.337021589279175,3.3615424633026123,2.2931580543518066,100.0,HIGH PRIORITY,95th percentile prioritisation threshold,Spectral-stress evidence detected. Prioritise field inspection to determine the underlying cause. Field verification required.,50
scene_02-Z0372,scene_02,149,134100.0,386390.3355704698,5085994.630872483,2.3311641216278076,3.547964572906494,2.2734248638153076,100.0,HIGH PRIORITY,95th percentile prioritisation threshold,Spectral-stress evidence detected. Prioritise field inspection to determine the underlying cause. Field verification required.,51
scene_02-Z0431,scene_02,31,27900.0,360846.77419354836,5083883.225806451,2.3309149742126465,2.748682975769043,2.4652576446533203,100.0,HIGH PRIORITY,95th percentile prioritisation threshold,Spectral-stress evidence detected. Prioritise field inspection to determine the underlying cause. Field verification required.,52
scene_02-Z0759,scene_02,115,103500.0,365027.2173913043,5073077.739130435,2.326709032058716,4.004318714141846,2.1771700382232666,100.0,HIGH PRIORITY,95th percentile prioritisation threshold,Spectral-stress evidence detected. Prioritise field inspection to determine the underlying cause. Field verification required.,53
scene_02-Z0186,scene_02,57,51300.0,362694.2105263158,5090629.47368421,2.3242969512939453,3.898677110671997,2.152010679244995,100.0,HIGH PRIORITY,95th percentile prioritisation threshold,Spectral-stress evidence detected. Prioritise field inspection to determine the underlying cause. Field verification required.,54
scene_02-Z0771,scene_02,49,44100.0,379013.8775510204,5072822.448979592,2.323411703109741,3.6775355339050293,2.0814898014068604,100.0,HIGH PRIORITY,95th percentile prioritisation threshold,Spectral-stress evidence detected. Prioritise field inspection to determine the underlying cause. Field verification required.,55
scene_02-Z0614,scene_02,12,10800.0,358225.0,5077805.0,2.317847490310669,2.76078724861145,2.381277561187744,100.0,HIGH PRIORITY,95th percentile prioritisation threshold,Spectral-stress evidence detected. Prioritise field inspection to determine the underlying cause. Field verification required.,56
scene_02-Z0763,scene_02,10,9000.0,362652.0,5073231.0,2.3171615600585938,3.5486085414886475,2.0403354167938232,100.0,HIGH PRIORITY,95th percentile prioritisation threshold,Spectral-stress evidence detected. Prioritise field inspection to determine the underlying cause. Field verification required.,57
scene_02-Z0342,scene_02,48,43200.0,363127.5,5086816.875,2.3148415088653564,2.8865809440612793,2.248399257659912,100.0,HIGH PRIORITY,95th percentile prioritisation threshold,Spectral-stress evidence detected. Prioritise field inspection to determine the underlying cause. Field verification required.,58
scene_02-Z0221,scene_02,23,20700.0,363603.9130434783,5089896.521739131,2.311310052871704,3.437349557876587,2.2366280555725098,100.0,HIGH PRIORITY,95th percentile prioritisation threshold,Spectral-stress evidence detected. Prioritise field inspection to determine the underlying cause. Field verification required.,59
scene_02-Z0052,scene_02,24,21600.0,368102.5,5095761.25,2.310804605484009,2.7411251068115234,2.317714214324951,100.0,HIGH PRIORITY,95th percentile prioritisation threshold,Spectral-stress evidence detected. Prioritise field inspection to determine the underlying cause. Field verification required.,60
scene_02-Z0338,scene_02,53,47700.0,362453.2075471698,5086968.679245283,2.3100810050964355,3.1359434127807617,2.303520917892456,100.0,HIGH PRIORITY,95th percentile prioritisation threshold,Spectral-stress evidence detected. Prioritise field inspection to determine the underlying cause. Field verification required.,61
scene_02-Z0233,scene_02,35,31500.0,364506.0,5089582.285714285,2.3096425533294678,3.5925211906433105,2.154738664627075,100.0,HIGH PRIORITY,95th percentile prioritisation threshold,Spectral-stress evidence detected. Prioritise field inspection to determine the underlying cause. Field verification required.,62
scene_02-Z0674,scene_02,11,9900.0,358906.36363636365,5076060.0,2.3069703578948975,2.7279751300811768,2.295531988143921,100.0,HIGH PRIORITY,95th percentile prioritisation threshold,Spectral-stress evidence detected. Prioritise field inspection to determine the underlying cause. Field verification required.,63
scene_02-Z0734,scene_02,18,16200.0,353575.0,5074020.0,2.3042657375335693,2.8111860752105713,2.2101879119873047,100.0,HIGH PRIORITY,95th percentile prioritisation threshold,Spectral-stress evidence detected. Prioritise field inspection to determine the underlying cause. Field verification required.,64
scene_02-Z0249,scene_02,12,10800.0,360292.5,5089172.5,2.3006432056427,2.6629881858825684,2.3649511337280273,100.0,HIGH PRIORITY,95th percentile prioritisation threshold,Spectral-stress evidence detected. Prioritise field inspection to determine the underlying cause. Field verification required.,65
scene_02-Z0773,scene_02,17,15300.0,376282.9411764706,5072680.588235294,2.295433759689331,2.9734363555908203,2.3676552772521973,100.0,HIGH PRIORITY,95th percentile prioritisation threshold,Spectral-stress evidence detected. Prioritise field inspection to determine the underlying cause. Field verification required.,66
scene_02-Z0373,scene_02,65,58500.0,386664.0,5085993.230769231,2.295269727706909,3.0084168910980225,2.2570276260375977,100.0,HIGH PRIORITY,95th percentile prioritisation threshold,Spectral-stress evidence detected. Prioritise field inspection to determine the underlying cause. Field verification required.,67
scene_02-Z0150,scene_02,10,9000.0,388995.0,5091825.0,2.294821262359619,3.208841562271118,2.1588964462280273,100.0,HIGH PRIORITY,95th percentile prioritisation threshold,Spectral-stress evidence detected. Prioritise field inspection to determine the underlying cause. Field verification required.,68
scene_02-Z0294,scene_02,324,291600.0,387105.0925925926,5087743.981481481,2.2945709228515625,3.135615110397339,2.299149990081787,100.0,HIGH PRIORITY,95th percentile prioritisation threshold,Spectral-stress evidence detected. Prioritise field inspection to determine the underlying cause. Field verification required.,69
scene_02-Z0114,scene_02,10,9000.0,388722.0,5093073.0,2.2942280769348145,2.9612631797790527,2.1914305686950684,100.0,HIGH PRIORITY,95th percentile prioritisation threshold,Spectral-stress evidence detected. Prioritise field inspection to determine the underlying cause. Field verification required.,70
scene_02-Z0202,scene_02,39,35100.0,361993.8461538461,5090233.076923077,2.2937028408050537,3.589221715927124,2.1725194454193115,100.0,HIGH PRIORITY,95th percentile prioritisation threshold,Spectral-stress evidence detected. Prioritise field inspection to determine the underlying cause. Field verification required.,71
scene_02-Z0111,scene_02,11,9900.0,363728.1818181818,5093244.545454546,2.290971517562866,2.692521572113037,2.2732901573181152,100.0,HIGH PRIORITY,95th percentile prioritisation threshold,Spectral-stress evidence detected. Prioritise field inspection to determine the underlying cause. Field verification required.,72
scene_02-Z0172,scene_02,62,55800.0,363061.93548387097,5090925.9677419355,2.2898759841918945,3.1048667430877686,2.2641544342041016,100.0,HIGH PRIORITY,95th percentile prioritisation threshold,Spectral-stress evidence detected. Prioritise field inspection to determine the underlying cause. Field verification required.,73
scene_02-Z0509,scene_02,9,8100.0,361403.3333333333,5081203.333333333,2.285355567932129,2.6433143615722656,2.3914103507995605,100.0,HIGH PRIORITY,95th percentile prioritisation threshold,Spectral-stress evidence detected. Prioritise field inspection to determine the underlying cause. Field verification required.,74
scene_02-Z0147,scene_02,11,9900.0,363935.45454545453,5091910.909090909,2.2841203212738037,2.584164619445801,2.3904922008514404,100.0,HIGH PRIORITY,95th percentile prioritisation threshold,Spectral-stress evidence detected. Prioritise field inspection to determine the underlying cause. Field verification required.,75
scene_02-Z0597,scene_02,20,18000.0,358927.5,5078365.5,2.283740282058716,2.945913553237915,2.1401753425598145,100.0,HIGH PRIORITY,95th percentile prioritisation threshold,Spectral-stress evidence detected. Prioritise field inspection to determine the underlying cause. Field verification required.,76
scene_02-Z0311,scene_02,29,26100.0,362307.9310344828,5087588.275862069,2.279092311859131,2.762080430984497,2.2609710693359375,100.0,HIGH PRIORITY,95th percentile prioritisation threshold,Spectral-stress evidence detected. Prioritise field inspection to determine the underlying cause. Field verification required.,77
scene_02-Z0027,scene_02,40,36000.0,364621.5,5097200.25,2.277979612350464,2.7128028869628906,2.335080146789551,100.0,HIGH PRIORITY,95th percentile prioritisation threshold,Spectral-stress evidence detected. Prioritise field inspection to determine the underlying cause. Field verification required.,78
scene_02-Z0632,scene_02,58,52200.0,357961.0344827586,5077203.1034482755,2.2755682468414307,2.9381215572357178,2.200650930404663,100.0,HIGH PRIORITY,95th percentile prioritisation threshold,Spectral-stress evidence detected. Prioritise field inspection to determine the underlying cause. Field verification required.,79
scene_02-Z0148,scene_02,39,35100.0,364353.8461538461,5091851.538461538,2.274651527404785,2.770770311355591,2.297828435897827,100.0,HIGH PRIORITY,95th percentile prioritisation threshold,Spectral-stress evidence detected. Prioritise field inspection to determine the underlying cause. Field verification required.,80
scene_02-Z0316,scene_02,35,31500.0,362604.0,5087484.857142857,2.271703004837036,2.7606096267700195,2.309835195541382,100.0,HIGH PRIORITY,95th percentile prioritisation threshold,Spectral-stress evidence detected. Prioritise field inspection to determine the underlying cause. Field verification required.,81
scene_02-Z0482,scene_02,24,21600.0,358341.25,5081915.0,2.2658231258392334,2.7313852310180664,2.3313188552856445,100.0,HIGH PRIORITY,95th percentile prioritisation threshold,Spectral-stress evidence detected. Prioritise field inspection to determine the underlying cause. Field verification required.,82
scene_02-Z0789,scene_02,26,23400.0,365215.3846153846,5071791.923076923,2.2636911869049072,3.4903016090393066,2.192478895187378,100.0,HIGH PRIORITY,95th percentile prioritisation threshold,Spectral-stress evidence detected. Prioritise field inspection to determine the underlying cause. Field verification required.,83
scene_02-Z0562,scene_02,11,9900.0,359037.2727272727,5079485.454545454,2.2628982067108154,2.7096025943756104,2.3402886390686035,100.0,HIGH PRIORITY,95th percentile prioritisation threshold,Spectral-stress evidence detected. Prioritise field inspection to determine the underlying cause. Field verification required.,84
scene_02-Z0082,scene_02,60,54000.0,364286.5,5094369.0,2.260974407196045,2.741364002227783,2.387281894683838,100.0,HIGH PRIORITY,95th percentile prioritisation threshold,Spectral-stress evidence detected. Prioritise field inspection to determine the underlying cause. Field verification required.,85
scene_02-Z0178,scene_02,60,54000.0,363784.0,5090827.5,2.259065866470337,3.2771780490875244,2.196849822998047,100.0,HIGH PRIORITY,95th percentile prioritisation threshold,Spectral-stress evidence detected. Prioritise field inspection to determine the underlying cause. Field verification required.,86
scene_02-Z0805,scene_02,11,9900.0,353618.1818181818,5070760.909090909,2.2574663162231445,2.763957977294922,2.1668310165405273,100.0,HIGH PRIORITY,95th percentile prioritisation threshold,Spectral-stress evidence detected. Prioritise field inspection to determine the underlying cause. Field verification required.,87
scene_02-Z0371,scene_02,19,17100.0,362507.36842105264,5086152.631578947,2.2560336589813232,2.7065858840942383,2.314440965652466,100.0,HIGH PRIORITY,95th percentile prioritisation threshold,Spectral-stress evidence detected. Prioritise field inspection to determine the underlying cause. Field verification required.,88
scene_02-Z0214,scene_02,17,15300.0,362267.64705882355,5090154.705882353,2.2550809383392334,2.787400722503662,2.1558258533477783,100.0,HIGH PRIORITY,95th percentile prioritisation threshold,Spectral-stress evidence detected. Prioritise field inspection to determine the underlying cause. Field verification required.,89
scene_02-Z0714,scene_02,54,48600.0,356996.6666666667,5074933.333333333,2.254572629928589,3.0116119384765625,2.227919101715088,100.0,HIGH PRIORITY,95th percentile prioritisation threshold,Spectral-stress evidence detected. Prioritise field inspection to determine the underlying cause. Field verification required.,90
scene_02-Z0210,scene_02,188,169200.0,363061.59574468085,5090038.563829787,2.253849983215332,3.6804606914520264,2.161628246307373,100.0,HIGH PRIORITY,95th percentile prioritisation threshold,Spectral-stress evidence detected. Prioritise field inspection to determine the underlying cause. Field verification required.,91
scene_02-Z0743,scene_02,11,9900.0,354703.63636363635,5073790.909090909,2.2536890506744385,2.801774263381958,2.338733673095703,100.0,HIGH PRIORITY,95th percentile prioritisation threshold,Spectral-stress evidence detected. Prioritise field inspection to determine the underlying cause. Field verification required.,92
scene_02-Z0332,scene_02,38,34200.0,362932.8947368421,5087075.52631579,2.251695394515991,2.8414764404296875,2.248868465423584,100.0,HIGH PRIORITY,95th percentile prioritisation threshold,Spectral-stress evidence detected. Prioritise field inspection to determine the underlying cause. Field verification required.,93
scene_02-Z0184,scene_02,23,20700.0,364128.26086956525,5090690.869565218,2.2514443397521973,3.3463640213012695,2.0920650959014893,100.0,HIGH PRIORITY,95th percentile prioritisation threshold,Spectral-stress evidence detected. Prioritise field inspection to determine the underlying cause. Field verification required.,94
scene_02-Z0232,scene_02,15,13500.0,361074.0,5089628.0,2.2502200603485107,2.629436492919922,2.4067869186401367,100.0,HIGH PRIORITY,95th percentile prioritisation threshold,Spectral-stress evidence detected. Prioritise field inspection to determine the underlying cause. Field verification required.,95
scene_02-Z0493,scene_02,13,11700.0,357373.8461538461,5081614.615384615,2.247379779815674,2.8690450191497803,2.2087225914001465,100.0,HIGH PRIORITY,95th percentile prioritisation threshold,Spectral-stress evidence detected. Prioritise field inspection to determine the underlying cause. Field verification required.,96
scene_02-Z0433,scene_02,16,14400.0,360418.125,5083777.5,2.2468321323394775,3.0131125450134277,2.1504440307617188,100.0,HIGH PRIORITY,95th percentile prioritisation threshold,Spectral-stress evidence detected. Prioritise field inspection to determine the underlying cause. Field verification required.,97
scene_02-Z0031,scene_02,61,54900.0,365205.737704918,5097016.229508197,2.2433722019195557,3.207468032836914,2.2307825088500977,100.0,HIGH PRIORITY,95th percentile prioritisation threshold,Spectral-stress evidence detected. Prioritise field inspection to determine the underlying cause. Field verification required.,98
scene_02-Z0543,scene_02,21,18900.0,361812.85714285716,5080114.285714285,2.2433223724365234,2.8438239097595215,2.2660937309265137,100.0,HIGH PRIORITY,95th percentile prioritisation threshold,Spectral-stress evidence detected. Prioritise field inspection to determine the underlying cause. Field verification required.,99
scene_02-Z0630,scene_02,17,15300.0,357400.5882352941,5077279.411764706,2.2399446964263916,2.848670482635498,2.150272846221924,100.0,HIGH PRIORITY,95th percentile prioritisation threshold,Spectral-stress evidence detected. Prioritise field inspection to determine the underlying cause. Field verification required.,100
scene_02-Z0146,scene_02,34,30600.0,363649.4117647059,5091856.764705882,2.2392704486846924,2.681157350540161,2.241881847381592,100.0,HIGH PRIORITY,95th percentile prioritisation threshold,Spectral-stress evidence detected. Prioritise field inspection to determine the underlying cause. Field verification required.,101
scene_02-Z0649,scene_02,23,20700.0,356796.52173913043,5076769.565217392,2.237748861312866,2.8817925453186035,2.145622491836548,100.0,HIGH PRIORITY,95th percentile prioritisation threshold,Spectral-stress evidence detected. Prioritise field inspection to determine the underlying cause. Field verification required.,102
scene_02-Z0002,scene_02,302,271800.0,364177.6490066225,5098713.079470199,2.2368226051330566,2.785093307495117,2.2363386154174805,100.0,HIGH PRIORITY,95th percentile prioritisation threshold,Spectral-stress evidence detected. Prioritise field inspection to determine the underlying cause. Field verification required.,103
scene_02-Z0119,scene_02,46,41400.0,365456.0869565217,5092654.565217392,2.235842704772949,2.64227032661438,2.2695698738098145,100.0,HIGH PRIORITY,95th percentile prioritisation threshold,Spectral-stress evidence detected. Prioritise field inspection to determine the underlying cause. Field verification required.,104
scene_02-Z0408,scene_02,842,757800.0,359705.5581947743,5084846.401425178,2.2329697608947754,3.531934976577759,2.206822156906128,100.0,HIGH PRIORITY,95th percentile prioritisation threshold,Spectral-stress evidence detected. Prioritise field inspection to determine the underlying cause. Field verification required.,105
scene_02-Z0004,scene_02,14,12600.0,364170.0,5098975.714285715,2.229163646697998,2.567625045776367,2.255319833755493,100.0,HIGH PRIORITY,95th percentile prioritisation threshold,Spectral-stress evidence detected. Prioritise field inspection to determine the underlying cause. Field verification required.,106
scene_02-Z0516,scene_02,10,9000.0,361266.0,5081004.0,2.2283732891082764,2.748666763305664,2.1834146976470947,100.0,HIGH PRIORITY,95th percentile prioritisation threshold,Spectral-stress evidence detected. Prioritise field inspection to determine the underlying cause. Field verification required.,107
scene_02-Z0243,scene_02,10,9000.0,361125.0,5089392.0,2.2266101837158203,2.517096757888794,2.337033271789551,100.0,HIGH PRIORITY,95th percentile prioritisation threshold,Spectral-stress evidence detected. Prioritise field inspection to determine the underlying cause. Field verification required.,108
scene_02-Z0074,scene_02,40,36000.0,363681.75,5094660.0,2.2248291969299316,3.3288705348968506,2.1458511352539062,100.0,HIGH PRIORITY,95th percentile prioritisation threshold,Spectral-stress evidence detected. Prioritise field inspection to determine the underlying cause. Field verification required.,109
scene_02-Z0170,scene_02,11,9900.0,364827.2727272727,5091100.909090909,2.2242066860198975,3.0347678661346436,2.069697856903076,100.0,HIGH PRIORITY,95th percentile prioritisation threshold,Spectral-stress evidence detected. Prioritise field inspection to determine the underlying cause. Field verification required.,110
scene_02-Z0369,scene_02,25,22500.0,363230.4,5086225.2,2.2221245765686035,2.685877561569214,2.1840078830718994,100.0,HIGH PRIORITY,95th percentile prioritisation threshold,Spectral-stress evidence detected. Prioritise field inspection to determine the underlying cause. Field verification required.,111
scene_02-Z0730,scene_02,15,13500.0,365160.0,5074054.0,2.2213189601898193,3.2379350662231445,2.12461519241333,100.0,HIGH PRIORITY,95th percentile prioritisation threshold,Spectral-stress evidence detected. Prioritise field inspection to determine the underlying cause. Field verification required.,112
scene_02-Z0200,scene_02,24,21600.0,363246.25,5090393.75,2.221100091934204,2.6940088272094727,2.235013723373413,100.0,HIGH PRIORITY,95th percentile prioritisation threshold,Spectral-stress evidence detected. Prioritise field inspection to determine the underlying cause. Field verification required.,113
scene_02-Z0612,scene_02,9,8100.0,364753.3333333333,5077936.666666667,2.21685528755188,2.7846739292144775,2.1519243717193604,100.0,HIGH PRIORITY,95th percentile prioritisation threshold,Spectral-stress evidence detected. Prioritise field inspection to determine the underlying cause. Field verification required.,114
scene_02-Z0350,scene_02,17,15300.0,364090.5882352941,5086667.647058823,2.2158315181732178,2.685131072998047,2.272552967071533,100.0,HIGH PRIORITY,95th percentile prioritisation threshold,Spectral-stress evidence detected. Prioritise field inspection to determine the underlying cause. Field verification required.,115
scene_02-Z0238,scene_02,203,182700.0,385809.60591133,5089169.704433498,2.2150626182556152,2.5796802043914795,2.2280383110046387,100.0,HIGH PRIORITY,95th percentile prioritisation threshold,Spectral-stress evidence detected. Prioritise field inspection to determine the underlying cause. Field verification required.,116
scene_02-Z0240,scene_02,103,92700.0,385559.12621359224,5089182.233009709,2.2139711380004883,2.637091875076294,2.241333246231079,100.0,HIGH PRIORITY,95th percentile prioritisation threshold,Spectral-stress evidence detected. Prioritise field inspection to determine the underlying cause. Field verification required.,117
scene_02-Z0833,scene_02,40,36000.0,382890.75,5068788.75,2.2138261795043945,3.529376983642578,2.0744099617004395,100.0,HIGH PRIORITY,95th percentile prioritisation threshold,Spectral-stress evidence detected. Prioritise field inspection to determine the underlying cause. Field verification required.,118
scene_02-Z0589,scene_02,15,13500.0,358192.0,5078606.0,2.211594820022583,2.735778570175171,2.2308249473571777,100.0,HIGH PRIORITY,95th percentile prioritisation threshold,Spectral-stress evidence detected. Prioritise field inspection to determine the underlying cause. Field verification required.,119
scene_02-Z0360,scene_02,161,144900.0,361936.58385093167,5086331.739130435,2.2112157344818115,3.019744873046875,2.185978651046753,100.0,HIGH PRIORITY,95th percentile prioritisation threshold,Spectral-stress evidence detected. Prioritise field inspection to determine the underlying cause. Field verification required.,120
scene_02-Z0391,scene_02,33,29700.0,361576.36363636365,5085721.818181818,2.210350513458252,2.8114209175109863,2.2244253158569336,100.0,HIGH PRIORITY,95th percentile prioritisation threshold,Spectral-stress evidence detected. Prioritise field inspection to determine the underlying cause. Field verification required.,121
scene_02-Z0797,scene_02,36,32400.0,353530.0,5071348.333333333,2.2103400230407715,2.8205933570861816,2.204946517944336,100.0,HIGH PRIORITY,95th percentile prioritisation threshold,Spectral-stress evidence detected. Prioritise field inspection to determine the underlying cause. Field verification required.,122
scene_02-Z0385,scene_02,17,15300.0,358087.0588235294,5085840.0,2.2101569175720215,2.9170565605163574,2.124551773071289,100.0,HIGH PRIORITY,95th percentile prioritisation threshold,Spectral-stress evidence detected. Prioritise field inspection to determine the underlying cause. Field verification required.,123
scene_02-Z0760,scene_02,11,9900.0,357518.1818181818,5073346.363636363,2.207944393157959,2.6576404571533203,2.1764230728149414,100.0,HIGH PRIORITY,95th percentile prioritisation threshold,Spectral-stress evidence detected. Prioritise field inspection to determine the underlying cause. Field verification required.,124
scene_02-Z0406,scene_02,20,18000.0,360277.5,5085184.5,2.2072715759277344,2.8818373680114746,2.238982677459717,100.0,HIGH PRIORITY,95th percentile prioritisation threshold,Spectral-stress evidence detected. Prioritise field inspection to determine the underlying cause. Field verification required.,125
scene_02-Z0523,scene_02,9,8100.0,361396.6666666667,5080826.666666667,2.207094192504883,2.6921186447143555,2.2599995136260986,100.0,HIGH PRIORITY,95th percentile prioritisation threshold,Spectral-stress evidence detected. Prioritise field inspection to determine the underlying cause. Field verification required.,126
scene_02-Z0072,scene_02,49,44100.0,363018.36734693876,5094691.224489796,2.206871509552002,3.5766403675079346,2.0617239475250244,100.0,HIGH PRIORITY,95th percentile prioritisation threshold,Spectral-stress evidence detected. Prioritise field inspection to determine the underlying cause. Field verification required.,127
scene_02-Z0501,scene_02,9,8100.0,358230.0,5081340.0,2.206648349761963,2.6015000343322754,2.2183518409729004,100.0,HIGH PRIORITY,95th percentile prioritisation threshold,Spectral-stress evidence detected. Prioritise field inspection to determine the underlying cause. Field verification required.,128
scene_02-Z0080,scene_02,17,15300.0,362717.64705882355,5094511.764705882,2.2064571380615234,2.6467466354370117,2.1423070430755615,100.0,HIGH PRIORITY,95th percentile prioritisation threshold,Spectral-stress evidence detected. Prioritise field inspection to determine the underlying cause. Field verification required.,129
scene_02-Z0511,scene_02,19,17100.0,361051.5789473684,5081092.105263158,2.202970027923584,2.71561336517334,2.099993944168091,100.0,HIGH PRIORITY,95th percentile prioritisation threshold,Spectral-stress evidence detected. Prioritise field inspection to determine the underlying cause. Field verification required.,130
scene_02-Z0673,scene_02,12,10800.0,354130.0,5076040.0,2.2023422718048096,2.756498098373413,2.1413612365722656,100.0,HIGH PRIORITY,95th percentile prioritisation threshold,Spectral-stress evidence detected. Prioritise field inspection to determine the underlying cause. Field verification required.,131
scene_02-Z0117,scene_02,9,8100.0,364436.6666666667,5092863.333333333,2.2011704444885254,2.6551995277404785,2.087587356567383,100.0,HIGH PRIORITY,95th percentile prioritisation threshold,Spectral-stress evidence detected. Prioritise field inspection to determine the underlying cause. Field verification required.,132
scene_02-Z0737,scene_02,12,10800.0,356625.0,5074005.0,2.200307607650757,2.5804378986358643,2.2047598361968994,100.0,HIGH PRIORITY,95th percentile prioritisation threshold,Spectral-stress evidence detected. Prioritise field inspection to determine the underlying cause. Field verification required.,133
scene_02-Z0054,scene_02,9,8100.0,363130.0,5095583.333333333,2.1997203826904297,2.523075580596924,2.208611011505127,100.0,HIGH PRIORITY,95th percentile prioritisation threshold,Spectral-stress evidence detected. Prioritise field inspection to determine the underlying cause. Field verification required.,134
scene_02-Z0778,scene_02,17,15300.0,354640.5882352941,5072454.705882353,2.1981756687164307,2.802769422531128,2.1457157135009766,100.0,HIGH PRIORITY,95th percentile prioritisation threshold,Spectral-stress evidence detected. Prioritise field inspection to determine the underlying cause. Field verification required.,135
scene_02-Z0149,scene_02,9,8100.0,364766.6666666667,5091893.333333333,2.197479248046875,2.547940731048584,2.1645092964172363,100.0,HIGH PRIORITY,95th percentile prioritisation threshold,Spectral-stress evidence detected. Prioritise field inspection to determine the underlying cause. Field verification required.,136
scene_02-Z0470,scene_02,14,12600.0,362224.28571428574,5082507.857142857,2.1974074840545654,2.7565760612487793,2.1156578063964844,100.0,HIGH PRIORITY,95th percentile prioritisation threshold,Spectral-stress evidence detected. Prioritise field inspection to determine the underlying cause. Field verification required.,137
scene_02-Z0068,scene_02,10,9000.0,362667.0,5094897.0,2.1969008445739746,2.897510290145874,2.1598806381225586,100.0,HIGH PRIORITY,95th percentile prioritisation threshold,Spectral-stress evidence detected. Prioritise field inspection to determine the underlying cause. Field verification required.,138
scene_02-Z0123,scene_02,36,32400.0,363975.8333333333,5092570.833333333,2.1958868503570557,2.6591415405273438,2.1898748874664307,100.0,HIGH PRIORITY,95th percentile prioritisation threshold,Spectral-stress evidence detected. Prioritise field inspection to determine the underlying cause. Field verification required.,139
scene_02-Z0033,scene_02,41,36900.0,366019.756097561,5096765.853658536,2.1956589221954346,2.6951260566711426,2.1952733993530273,100.0,HIGH PRIORITY,95th percentile prioritisation threshold,Spectral-stress evidence detected. Prioritise field inspection to determine the underlying cause. Field verification required.,140
scene_02-Z0378,scene_02,22,19800.0,362500.9090909091,5085992.7272727275,2.195322275161743,2.8809280395507812,2.183828830718994,100.0,HIGH PRIORITY,95th percentile prioritisation threshold,Spectral-stress evidence detected. Prioritise field inspection to determine the underlying cause. Field verification required.,141
scene_02-Z0220,scene_02,64,57600.0,361484.53125,5089861.875,2.195012092590332,2.9927775859832764,2.1672544479370117,100.0,HIGH PRIORITY,95th percentile prioritisation threshold,Spectral-stress evidence detected. Prioritise field inspection to determine the underlying cause. Field verification required.,142
scene_02-Z0506,scene_02,17,15300.0,360788.82352941175,5081209.411764706,2.1946167945861816,2.795778512954712,2.095954656600952,100.0,HIGH PRIORITY,95th percentile prioritisation threshold,Spectral-stress evidence detected. Prioritise field inspection to determine the underlying cause. Field verification required.,143
scene_02-Z0578,scene_02,21,18900.0,362165.71428571426,5078908.571428572,2.194319248199463,2.8315372467041016,2.151247024536133,100.0,HIGH PRIORITY,95th percentile prioritisation threshold,Spectral-stress evidence detected. Prioritise field inspection to determine the underlying cause. Field verification required.,144
scene_02-Z0213,scene_02,13,11700.0,363699.23076923075,5090178.461538462,2.194063901901245,3.2912650108337402,2.0088157653808594,100.0,HIGH PRIORITY,95th percentile prioritisation threshold,Spectral-stress evidence detected. Prioritise field inspection to determine the underlying cause. Field verification required.,145
scene_02-Z0154,scene_02,36,32400.0,364480.0,5091574.166666667,2.192399740219116,3.1802031993865967,2.1663498878479004,100.0,HIGH PRIORITY,95th percentile prioritisation threshold,Spectral-stress evidence detected. Prioritise field inspection to determine the underlying cause. Field verification required.,146
scene_02-Z0696,scene_02,26,23400.0,356098.8461538461,5075449.615384615,2.191662549972534,2.8877928256988525,2.144408702850342,100.0,HIGH PRIORITY,95th percentile prioritisation threshold,Spectral-stress evidence detected. Prioritise field inspection to determine the underlying cause. Field verification required.,147
scene_02-Z0690,scene_02,18,16200.0,355880.0,5075565.0,2.1905300617218018,2.930508852005005,1.996513843536377,100.0,HIGH PRIORITY,95th percentile prioritisation threshold,Spectral-stress evidence detected. Prioritise field inspection to determine the underlying cause. Field verification required.,148
scene_02-Z0554,scene_02,347,312300.0,356086.94524495676,5079264.812680115,2.1903154850006104,3.1200904846191406,2.1373279094696045,100.0,HIGH PRIORITY,95th percentile prioritisation threshold,Spectral-stress evidence detected. Prioritise field inspection to determine the underlying cause. Field verification required.,149
scene_02-Z0520,scene_02,24,21600.0,357785.0,5080900.0,2.18878173828125,2.963789701461792,2.125248432159424,100.0,HIGH PRIORITY,95th percentile prioritisation threshold,Spectral-stress evidence detected. Prioritise field inspection to determine the underlying cause. Field verification required.,150
scene_02-Z0097,scene_02,12,10800.0,364465.0,5093940.0,2.18853497505188,2.6098015308380127,2.105963706970215,100.0,HIGH PRIORITY,95th percentile prioritisation threshold,Spectral-stress evidence detected. Prioritise field inspection to determine the underlying cause. Field verification required.,151
scene_02-Z0681,scene_02,16,14400.0,356411.25,5075842.5,2.1883950233459473,2.753019094467163,2.192397117614746,100.0,HIGH PRIORITY,95th percentile prioritisation threshold,Spectral-stress evidence detected. Prioritise field inspection to determine the underlying cause. Field verification required.,152
scene_02-Z0462,scene_02,123,110700.0,358845.60975609755,5082436.097560976,2.1878929138183594,3.0510871410369873,2.12982439994812,100.0,HIGH PRIORITY,95th percentile prioritisation threshold,Spectral-stress evidence detected. Prioritise field inspection to determine the underlying cause. Field verification required.,153
scene_02-Z0070,scene_02,9,8100.0,363686.6666666667,5094846.666666667,2.187178373336792,2.520409345626831,2.238199472427368,100.0,HIGH PRIORITY,95th percentile prioritisation threshold,Spectral-stress evidence detected. Prioritise field inspection to determine the underlying cause. Field verification required.,154
scene_02-Z0352,scene_02,17,15300.0,360098.82352941175,5086593.529411765,2.1867401599884033,2.561689615249634,2.2431910037994385,100.0,HIGH PRIORITY,95th percentile prioritisation threshold,Spectral-stress evidence detected. Prioritise field inspection to determine the underlying cause. Field verification required.,155
scene_02-Z0477,scene_02,29,26100.0,360743.7931034483,5082259.655172414,2.1856613159179688,3.0767712593078613,2.1369199752807617,100.0,HIGH PRIORITY,95th percentile prioritisation threshold,Spectral-stress evidence detected. Prioritise field inspection to determine the underlying cause. Field verification required.,156
scene_02-Z0183,scene_02,13,11700.0,363493.8461538461,5090766.923076923,2.185067653656006,2.9441888332366943,2.1400184631347656,100.0,HIGH PRIORITY,95th percentile prioritisation threshold,Spectral-stress evidence detected. Prioritise field inspection to determine the underlying cause. Field verification required.,157
scene_02-Z0702,scene_02,9,8100.0,356283.3333333333,5075366.666666667,2.184717893600464,2.5343334674835205,2.174945116043091,100.0,HIGH PRIORITY,95th percentile prioritisation threshold,Spectral-stress evidence detected. Prioritise field inspection to determine the underlying cause. Field verification required.,158
scene_02-Z0508,scene_02,15,13500.0,359882.0,5081142.0,2.1844985485076904,2.7012040615081787,2.294351100921631,100.0,HIGH PRIORITY,95th percentile prioritisation threshold,Spectral-stress evidence detected. Prioritise field inspection to determine the underlying cause. Field verification required.,159
scene_02-Z0608,scene_02,13,11700.0,356388.46153846156,5077973.076923077,2.1823837757110596,2.9617791175842285,1.9473130702972412,100.0,HIGH PRIORITY,95th percentile prioritisation threshold,Spectral-stress evidence detected. Prioritise field inspection to determine the underlying cause. Field verification required.,160
scene_02-Z0236,scene_02,23,20700.0,362435.2173913043,5089503.9130434785,2.1817433834075928,2.79475998878479,2.153275966644287,100.0,HIGH PRIORITY,95th percentile prioritisation threshold,Spectral-stress evidence detected. Prioritise field inspection to determine the underlying cause. Field verification required.,161
scene_02-Z0383,scene_02,10,9000.0,363351.0,5085924.0,2.1811509132385254,2.4816854000091553,2.1362199783325195,100.0,HIGH PRIORITY,95th percentile prioritisation threshold,Spectral-stress evidence detected. Prioritise field inspection to determine the underlying cause. Field verification required.,162
scene_02-Z0450,scene_02,13,11700.0,364179.23076923075,5083338.461538462,2.179675579071045,2.584097385406494,2.2010371685028076,100.0,HIGH PRIORITY,95th percentile prioritisation threshold,Spectral-stress evidence detected. Prioritise field inspection to determine the underlying cause. Field verification required.,163
scene_02-Z0365,scene_02,27,24300.0,362613.3333333333,5086306.666666667,2.1794400215148926,2.91137433052063,2.119286060333252,100.0,HIGH PRIORITY,95th percentile prioritisation threshold,Spectral-stress evidence detected. Prioritise field inspection to determine the underlying cause. Field verification required.,164
scene_02-Z0648,scene_02,9,8100.0,354756.6666666667,5076863.333333333,2.1783735752105713,2.5083651542663574,2.2854385375976562,100.0,HIGH PRIORITY,95th percentile prioritisation threshold,Spectral-stress evidence detected. Prioritise field inspection to determine the underlying cause. Field verification required.,165
scene_02-Z0014,scene_02,16,14400.0,363931.875,5098288.125,2.175713062286377,2.885664463043213,2.0746512413024902,100.0,HIGH PRIORITY,95th percentile prioritisation threshold,Spectral-stress evidence detected. Prioritise field inspection to determine the underlying cause. Field verification required.,166
scene_02-Z0040,scene_02,43,38700.0,363728.37209302327,5096215.813953488,2.174968957901001,2.810392379760742,2.1146292686462402,100.0,HIGH PRIORITY,95th percentile prioritisation threshold,Spectral-stress evidence detected. Prioritise field inspection to determine the underlying cause. Field verification required.,167
scene_02-Z0340,scene_02,49,44100.0,364965.9183673469,5086880.204081632,2.1729884147644043,2.8183772563934326,2.1267740726470947,100.0,HIGH PRIORITY,95th percentile prioritisation threshold,Spectral-stress evidence detected. Prioritise field inspection to determine the underlying cause. Field verification required.,168
scene_02-Z0623,scene_02,46,41400.0,356047.82608695654,5077485.652173913,2.166757583618164,2.831346035003662,2.1013693809509277,100.0,HIGH PRIORITY,95th percentile prioritisation threshold,Spectral-stress evidence detected. Prioritise field inspection to determine the underlying cause. Field verification required.,169
scene_02-Z0025,scene_02,32,28800.0,365145.0,5097311.25,2.166586399078369,2.732950448989868,2.1501855850219727,100.0,HIGH PRIORITY,95th percentile prioritisation threshold,Spectral-stress evidence detected. Prioritise field inspection to determine the underlying cause. Field verification required.,170
scene_02-Z0143,scene_02,14,12600.0,363799.28571428574,5091994.285714285,2.1654391288757324,2.9406001567840576,2.0738344192504883,100.0,HIGH PRIORITY,95th percentile prioritisation threshold,Spectral-stress evidence detected. Prioritise field inspection to determine the underlying cause. Field verification required.,171
scene_02-Z0116,scene_02,10,9000.0,363354.0,5092953.0,2.1646618843078613,2.677398204803467,2.1248044967651367,100.0,HIGH PRIORITY,95th percentile prioritisation threshold,Spectral-stress evidence detected. Prioritise field inspection to determine the underlying cause. Field verification required.,172
scene_02-Z0449,scene_02,13,11700.0,360076.1538461539,5083301.538461538,2.1631081104278564,2.9582788944244385,2.1554017066955566,100.0,HIGH PRIORITY,95th percentile prioritisation threshold,Spectral-stress evidence detected. Prioritise field inspection to determine the underlying cause. Field verification required.,173
scene_02-Z0639,scene_02,17,15300.0,354704.1176470588,5077074.705882353,2.162588596343994,2.600641965866089,2.1201484203338623,100.0,HIGH PRIORITY,95th percentile prioritisation threshold,Spectral-stress evidence detected. Prioritise field inspection to determine the underlying cause. Field verification required.,174
scene_02-Z0034,scene_02,12,10800.0,363577.5,5096602.5,2.161639451980591,2.4462132453918457,2.2146573066711426,100.0,HIGH PRIORITY,95th percentile prioritisation threshold,Spectral-stress evidence detected. Prioritise field inspection to determine the underlying cause. Field verification required.,175
scene_02-Z0344,scene_02,82,73800.0,362039.6341463415,5086780.243902439,2.1616077423095703,3.061469316482544,2.1196956634521484,100.0,HIGH PRIORITY,95th percentile prioritisation threshold,Spectral-stress evidence detected. Prioritise field inspection to determine the underlying cause. Field verification required.,176
scene_02-Z0617,scene_02,10,9000.0,357783.0,5077731.0,2.1614902019500732,2.5971760749816895,2.174522876739502,100.0,HIGH PRIORITY,95th percentile prioritisation threshold,Spectral-stress evidence detected. Prioritise field inspection to determine the underlying cause. Field verification required.,177
scene_02-Z0390,scene_02,42,37800.0,360133.5714285714,5085655.0,2.1592986583709717,2.8332252502441406,2.146749496459961,100.0,HIGH PRIORITY,95th percentile prioritisation threshold,Spectral-stress evidence detected. Prioritise field inspection to determine the underlying cause. Field verification required.,178
scene_02-Z0609,scene_02,9,8100.0,354766.6666666667,5077943.333333333,2.1577632427215576,3.011228084564209,1.99074387550354,100.0,HIGH PRIORITY,95th percentile prioritisation threshold,Spectral-stress evidence detected. Prioritise field inspection to determine the underlying cause. Field verification required.,179
scene_02-Z0664,scene_02,9,8100.0,356286.6666666667,5076353.333333333,2.1572461128234863,2.601781129837036,2.2243316173553467,100.0,HIGH PRIORITY,95th percentile prioritisation threshold,Spectral-stress evidence detected. Prioritise field inspection to determine the underlying cause. Field verification required.,180
scene_02-Z0445,scene_02,73,65700.0,358834.5205479452,5083278.493150685,2.1568548679351807,2.7887461185455322,2.1733038425445557,100.0,HIGH PRIORITY,95th percentile prioritisation threshold,Spectral-stress evidence detected. Prioritise field inspection to determine the underlying cause. Field verification required.,181
scene_02-Z0130,scene_02,9,8100.0,363910.0,5092326.666666667,2.1540677547454834,2.4414854049682617,2.1207993030548096,100.0,HIGH PRIORITY,95th percentile prioritisation threshold,Spectral-stress evidence detected. Prioritise field inspection to determine the underlying cause. Field verification required.,182
scene_02-Z0442,scene_02,135,121500.0,360963.3333333333,5083312.888888889,2.154024600982666,2.927093744277954,2.079713821411133,100.0,HIGH PRIORITY,95th percentile prioritisation threshold,Spectral-stress evidence detected. Prioritise field inspection to determine the underlying cause. Field verification required.,183
scene_02-Z0440,scene_02,16,14400.0,360397.5,5083616.25,2.1535890102386475,2.653737783432007,2.0075416564941406,100.0,HIGH PRIORITY,95th percentile prioritisation threshold,Spectral-stress evidence detected. Prioritise field inspection to determine the underlying cause. Field verification required.,184
scene_02-Z0392,scene_02,31,27900.0,364016.12903225806,5085688.064516129,2.151310682296753,2.6086957454681396,2.138760805130005,100.0,HIGH PRIORITY,95th percentile prioritisation threshold,Spectral-stress evidence detected. Prioritise field inspection to determine the underlying cause. Field verification required.,185
scene_02-Z0199,scene_02,13,11700.0,359298.46153846156,5090436.923076923,2.1511075496673584,2.643749713897705,2.1405770778656006,100.0,HIGH PRIORITY,95th percentile prioritisation threshold,Spectral-stress evidence detected. Prioritise field inspection to determine the underlying cause. Field verification required.,186
scene_02-Z0043,scene_02,22,19800.0,361430.45454545453,5096105.454545454,2.1509780883789062,2.60406231880188,2.1329164505004883,100.0,HIGH PRIORITY,95th percentile prioritisation threshold,Spectral-stress evidence detected. Prioritise field inspection to determine the underlying cause. Field verification required.,187
scene_02-Z0727,scene_02,40,36000.0,356403.0,5074177.5,2.150926351547241,2.837242364883423,2.1871371269226074,100.0,HIGH PRIORITY,95th percentile prioritisation threshold,Spectral-stress evidence detected. Prioritise field inspection to determine the underlying cause. Field verification required.,188
scene_02-Z0010,scene_02,121,108900.0,363353.80165289255,5098187.851239669,2.149996519088745,3.0818164348602295,2.100466251373291,100.0,HIGH PRIORITY,95th percentile prioritisation threshold,Spectral-stress evidence detected. Prioritise field inspection to determine the underlying cause. Field verification required.,189
scene_02-Z0021,scene_02,37,33300.0,366190.54054054053,5097711.081081081,2.149592876434326,2.560096025466919,2.1155593395233154,100.0,HIGH PRIORITY,95th percentile prioritisation threshold,Spectral-stress evidence detected. Prioritise field inspection to determine the underlying cause. Field verification required.,190
scene_02-Z0140,scene_02,13,11700.0,364541.53846153844,5092043.076923077,2.148690700531006,2.492910623550415,2.195309638977051,100.0,HIGH PRIORITY,95th percentile prioritisation threshold,Spectral-stress evidence detected. Prioritise field inspection to determine the underlying cause. Field verification required.,191
scene_02-Z0548,scene_02,48,43200.0,356188.75,5079821.25,2.147932529449463,2.856019973754883,2.142942428588867,100.0,HIGH PRIORITY,95th percentile prioritisation threshold,Spectral-stress evidence detected. Prioritise field inspection to determine the underlying cause. Field verification required.,192
scene_02-Z0341,scene_02,13,11700.0,365210.76923076925,5086945.384615385,2.147399425506592,2.8162147998809814,1.898419976234436,100.0,HIGH PRIORITY,95th percentile prioritisation threshold,Spectral-stress evidence detected. Prioritise field inspection to determine the underlying cause. Field verification required.,193
scene_02-Z0583,scene_02,94,84600.0,356091.7021276596,5078658.191489362,2.1472721099853516,2.9485721588134766,2.1141841411590576,100.0,HIGH PRIORITY,95th percentile prioritisation threshold,Spectral-stress evidence detected. Prioritise field inspection to determine the underlying cause. Field verification required.,194
scene_02-Z0592,scene_02,9,8100.0,358023.3333333333,5078430.0,2.1463658809661865,2.41263747215271,2.1997804641723633,100.0,HIGH PRIORITY,95th percentile prioritisation threshold,Spectral-stress evidence detected. Prioritise field inspection to determine the underlying cause. Field verification required.,195
scene_02-Z0400,scene_02,14,12600.0,359794.28571428574,5085452.142857143,2.1462998390197754,3.0838756561279297,2.0781431198120117,100.0,HIGH PRIORITY,95th percentile prioritisation threshold,Spectral-stress evidence detected. Prioritise field inspection to determine the underlying cause. Field verification required.,196
scene_02-Z0834,scene_02,12,10800.0,364565.0,5068775.0,2.145686149597168,2.9705491065979004,2.0687899589538574,100.0,HIGH PRIORITY,95th percentile prioritisation threshold,Spectral-stress evidence detected. Prioritise field inspection to determine the underlying cause. Field verification required.,197
scene_02-Z0045,scene_02,37,33300.0,366392.4324324324,5096083.783783784,2.1446969509124756,2.6800544261932373,2.0973997116088867,100.0,HIGH PRIORITY,95th percentile prioritisation threshold,Spectral-stress evidence detected. Prioritise field inspection to determine the underlying cause. Field verification required.,198
scene_02-Z0428,scene_02,409,368100.0,359446.21026894863,5083427.017114914,2.1438357830047607,3.0209081172943115,2.108761787414551,100.0,HIGH PRIORITY,95th percentile prioritisation threshold,Spectral-stress evidence detected. Prioritise field inspection to determine the underlying cause. Field verification required.,199
scene_02-Z0088,scene_02,24,21600.0,362635.0,5094150.0,2.143697738647461,2.9056646823883057,2.123807907104492,100.0,HIGH PRIORITY,95th percentile prioritisation threshold,Spectral-stress evidence detected. Prioritise field inspection to determine the underlying cause. Field verification required.,200
scene_02-Z0825,scene_02,13,11700.0,363650.76923076925,5069787.692307692,2.1433675289154053,2.489250421524048,2.228388786315918,100.0,HIGH PRIORITY,95th percentile prioritisation threshold,Spectral-stress evidence detected. Prioritise field inspection to determine the underlying cause. Field verification required.,201
scene_02-Z0258,scene_02,17,15300.0,359142.35294117645,5088928.235294118,2.1427793502807617,2.5922868251800537,2.08707594871521,100.0,HIGH PRIORITY,95th percentile prioritisation threshold,Spectral-stress evidence detected. Prioritise field inspection to determine the underlying cause. Field verification required.,202
scene_02-Z0579,scene_02,33,29700.0,363982.7272727273,5078910.909090909,2.14253568649292,2.9324464797973633,2.099642515182495,100.0,HIGH PRIORITY,95th percentile prioritisation threshold,Spectral-stress evidence detected. Prioritise field inspection to determine the underlying cause. Field verification required.,203
scene_02-Z0156,scene_02,9,8100.0,362483.3333333333,5091510.0,2.1424648761749268,2.4720866680145264,2.2102737426757812,100.0,HIGH PRIORITY,95th percentile prioritisation threshold,Spectral-stress evidence detected. Prioritise field inspection to determine the underlying cause. Field verification required.,204
scene_02-Z0271,scene_02,19,17100.0,366164.2105263158,5088718.421052632,2.1417407989501953,2.6192030906677246,2.1548328399658203,100.0,HIGH PRIORITY,95th percentile prioritisation threshold,Spectral-stress evidence detected. Prioritise field inspection to determine the underlying cause. Field verification required.,205
scene_02-Z0777,scene_02,10,9000.0,354273.0,5072478.0,2.1417360305786133,2.3762850761413574,2.1615946292877197,100.0,HIGH PRIORITY,95th percentile prioritisation threshold,Spectral-stress evidence detected. Prioritise field inspection to determine the underlying cause. Field verification required.,206
scene_02-Z0396,scene_02,16,14400.0,365101.875,5085695.625,2.141279697418213,2.6685993671417236,2.049172878265381,100.0,HIGH PRIORITY,95th percentile prioritisation threshold,Spectral-stress evidence detected. Prioritise field inspection to determine the underlying cause. Field verification required.,207
scene_02-Z0102,scene_02,13,11700.0,362919.23076923075,5093792.307692308,2.1412055492401123,2.524390459060669,2.1996371746063232,100.0,HIGH PRIORITY,95th percentile prioritisation threshold,Spectral-stress evidence detected. Prioritise field inspection to determine the underlying cause. Field verification required.,208
scene_02-Z0488,scene_02,9,8100.0,357413.3333333333,5081770.0,2.1408891677856445,2.5536746978759766,2.097496747970581,100.0,HIGH PRIORITY,95th percentile prioritisation threshold,Spectral-stress evidence detected. Prioritise field inspection to determine the underlying cause. Field verification required.,209
scene_02-Z0598,scene_02,188,169200.0,355476.06382978725,5077928.936170213,2.1405296325683594,2.9635729789733887,2.104142427444458,100.0,HIGH PRIORITY,95th percentile prioritisation threshold,Spectral-stress evidence detected. Prioritise field inspection to determine the underlying cause. Field verification required.,210
scene_02-Z0425,scene_02,91,81900.0,360316.8131868132,5084067.362637362,2.1404027938842773,3.071305513381958,2.0532078742980957,100.0,HIGH PRIORITY,95th percentile prioritisation threshold,Spectral-stress evidence detected. Prioritise field inspection to determine the underlying cause. Field verification required.,211
scene_02-Z0388,scene_02,12,10800.0,358522.5,5085797.5,2.140259265899658,2.577836036682129,2.019894599914551,100.0,HIGH PRIORITY,95th percentile prioritisation threshold,Spectral-stress evidence detected. Prioritise field inspection to determine the underlying cause. Field verification required.,212
scene_02-Z0436,scene_02,12,10800.0,363710.0,5083752.5,2.139949321746826,2.652892827987671,2.0815906524658203,100.0,HIGH PRIORITY,95th percentile prioritisation threshold,Spectral-stress evidence detected. Prioritise field inspection to determine the underlying cause. Field verification required.,213
scene_02-Z0364,scene_02,60,54000.0,359800.0,5086312.0,2.1393346786499023,2.7133560180664062,2.1239981651306152,100.0,HIGH PRIORITY,95th percentile prioritisation threshold,Spectral-stress evidence detected. Prioritise field inspection to determine the underlying cause. Field verification required.,214
scene_02-Z0061,scene_02,11,9900.0,365048.1818181818,5095388.181818182,2.138385534286499,2.5280001163482666,2.102890968322754,100.0,HIGH PRIORITY,95th percentile prioritisation threshold,Spectral-stress evidence detected. Prioritise field inspection to determine the underlying cause. Field verification required.,215
scene_02-Z0099,scene_02,23,20700.0,361322.60869565216,5093864.347826087,2.136018991470337,2.7216732501983643,2.066721200942993,100.0,HIGH PRIORITY,95th percentile prioritisation threshold,Spectral-stress evidence detected. Prioritise field inspection to determine the underlying cause. Field verification required.,216
scene_02-Z0078,scene_02,29,26100.0,363222.4137931034,5094482.068965517,2.135699510574341,2.6746339797973633,2.1253128051757812,100.0,HIGH PRIORITY,95th percentile prioritisation threshold,Spectral-stress evidence detected. Prioritise field inspection to determine the underlying cause. Field verification required.,217
scene_02-Z0175,scene_02,19,17100.0,364368.94736842107,5090932.105263158,2.13516902923584,2.7216055393218994,2.0844671726226807,100.0,HIGH PRIORITY,95th percentile prioritisation threshold,Spectral-stress evidence detected. Prioritise field inspection to determine the underlying cause. Field verification required.,218
scene_02-Z0337,scene_02,9,8100.0,361896.6666666667,5087073.333333333,2.133352279663086,2.595762014389038,2.1294074058532715,100.0,HIGH PRIORITY,95th percentile prioritisation threshold,Spectral-stress evidence detected. Prioritise field inspection to determine the underlying cause. Field verification required.,219
scene_02-Z0497,scene_02,9,8100.0,362643.3333333333,5081500.0,2.1332483291625977,2.693460702896118,2.0890872478485107,100.0,HIGH PRIORITY,95th percentile prioritisation threshold,Spectral-stress evidence detected. Prioritise field inspection to determine the underlying cause. Field verification required.,220
scene_02-Z0093,scene_02,13,11700.0,363491.53846153844,5094090.0,2.1331820487976074,2.8276236057281494,2.0677542686462402,100.0,HIGH PRIORITY,95th percentile prioritisation threshold,Spectral-stress evidence detected. Prioritise field inspection to determine the underlying cause. Field verification required.,221
scene_02-Z0064,scene_02,10,9000.0,363225.0,5095095.0,2.1325440406799316,2.3481733798980713,2.174499034881592,100.0,HIGH PRIORITY,95th percentile prioritisation threshold,Spectral-stress evidence detected. Prioritise field inspection to determine the underlying cause. Field verification required.,222
scene_02-Z0657,scene_02,10,9000.0,354420.0,5076609.0,2.131284713745117,2.5443942546844482,2.1233835220336914,100.0,HIGH PRIORITY,95th percentile prioritisation threshold,Spectral-stress evidence detected. Prioritise field inspection to determine the underlying cause. Field verification required.,223
scene_02-Z0267,scene_02,11,9900.0,358974.54545454547,5088807.2727272725,2.131108283996582,2.6161117553710938,2.1169443130493164,100.0,HIGH PRIORITY,95th percentile prioritisation threshold,Spectral-stress evidence detected. Prioritise field inspection to determine the underlying cause. Field verification required.,224
scene_02-Z0485,scene_02,25,22500.0,359011.2,5081758.8,2.1311044692993164,2.869590997695923,1.9906901121139526,100.0,HIGH PRIORITY,95th percentile prioritisation threshold,Spectral-stress evidence detected. Prioritise field inspection to determine the underlying cause. Field verification required.,225
scene_02-Z0227,scene_02,12,10800.0,363002.5,5089787.5,2.131091833114624,2.977376937866211,2.021716594696045,100.0,HIGH PRIORITY,95th percentile prioritisation threshold,Spectral-stress evidence detected. Prioritise field inspection to determine the underlying cause. Field verification required.,226
scene_02-Z0323,scene_02,11,9900.0,363875.45454545453,5087315.454545454,2.131065607070923,2.7004852294921875,1.985897421836853,100.0,HIGH PRIORITY,95th percentile prioritisation threshold,Spectral-stress evidence detected. Prioritise field inspection to determine the underlying cause. Field verification required.,227
scene_02-Z0354,scene_02,28,25200.0,362605.71428571426,5086509.642857143,2.1299171447753906,2.7794291973114014,2.081789970397949,100.0,HIGH PRIORITY,95th percentile prioritisation threshold,Spectral-stress evidence detected. Prioritise field inspection to determine the underlying cause. Field verification required.,228
scene_02-Z0729,scene_02,30,27000.0,357732.0,5074120.0,2.1283130645751953,2.6859230995178223,2.064434051513672,100.0,HIGH PRIORITY,95th percentile prioritisation threshold,Spectral-stress evidence detected. Prioritise field inspection to determine the underlying cause. Field verification required.,229
scene_02-Z0435,scene_02,35,31500.0,359793.4285714286,5083693.714285715,2.128283977508545,2.6685869693756104,2.0966782569885254,100.0,HIGH PRIORITY,95th percentile prioritisation threshold,Spectral-stress evidence detected. Prioritise field inspection to determine the underlying cause. Field verification required.,230
scene_02-Z0212,scene_02,15,13500.0,359802.0,5090174.0,2.1268105506896973,2.708721399307251,2.0055646896362305,100.0,HIGH PRIORITY,95th percentile prioritisation threshold,Spectral-stress evidence detected. Prioritise field inspection to determine the underlying cause. Field verification required.,231
scene_02-Z0784,scene_02,14,12600.0,364632.85714285716,5072110.714285715,2.1267600059509277,2.5374515056610107,2.0322301387786865,100.0,HIGH PRIORITY,95th percentile prioritisation threshold,Spectral-stress evidence detected. Prioritise field inspection to determine the underlying cause. Field verification required.,232
scene_02-Z0049,scene_02,11,9900.0,363460.9090909091,5095870.909090909,2.1264302730560303,2.91930890083313,2.012113571166992,100.0,HIGH PRIORITY,95th percentile prioritisation threshold,Spectral-stress evidence detected. Prioritise field inspection to determine the underlying cause. Field verification required.,233
scene_02-Z0560,scene_02,38,34200.0,357633.15789473685,5079476.842105263,2.1263153553009033,2.796360731124878,2.1060962677001953,100.0,HIGH PRIORITY,95th percentile prioritisation threshold,Spectral-stress evidence detected. Prioritise field inspection to determine the underlying cause. Field verification required.,234
scene_02-Z0042,scene_02,13,11700.0,363976.1538461539,5096259.230769231,2.125793933868408,2.9857301712036133,2.0596067905426025,100.0,HIGH PRIORITY,95th percentile prioritisation threshold,Spectral-stress evidence detected. Prioritise field inspection to determine the underlying cause. Field verification required.,235
scene_02-Z0319,scene_02,17,15300.0,363141.17647058825,5087491.764705882,2.1242856979370117,2.638791561126709,2.073512077331543,100.0,HIGH PRIORITY,95th percentile prioritisation threshold,Spectral-stress evidence detected. Prioritise field inspection to determine the underlying cause. Field verification required.,236
scene_02-Z0185,scene_02,20,18000.0,366132.0,5090758.5,2.123868703842163,2.44895076751709,2.1888046264648438,100.0,HIGH PRIORITY,95th percentile prioritisation threshold,Spectral-stress evidence detected. Prioritise field inspection to determine the underlying cause. Field verification required.,237
scene_02-Z0483,scene_02,36,32400.0,360605.8333333333,5081885.833333333,2.123182773590088,2.9815149307250977,2.0843772888183594,100.0,HIGH PRIORITY,95th percentile prioritisation threshold,Spectral-stress evidence detected. Prioritise field inspection to determine the underlying cause. Field verification required.,238
scene_02-Z0507,scene_02,15,13500.0,358458.0,5081166.0,2.1228506565093994,2.614877462387085,2.2614080905914307,100.0,HIGH PRIORITY,95th percentile prioritisation threshold,Spectral-stress evidence detected. Prioritise field inspection to determine the underlying cause. Field verification required.,239
scene_02-Z0624,scene_02,47,42300.0,377786.8085106383,5077435.531914894,2.1217215061187744,2.782541275024414,2.0986621379852295,100.0,HIGH PRIORITY,95th percentile prioritisation threshold,Spectral-stress evidence detected. Prioritise field inspection to determine the underlying cause. Field verification required.,240
scene_02-Z0611,scene_02,9,8100.0,355903.3333333333,5077913.333333333,2.1203980445861816,2.615952491760254,2.149679183959961,100.0,HIGH PRIORITY,95th percentile prioritisation threshold,Spectral-stress evidence detected. Prioritise field inspection to determine the underlying cause. Field verification required.,241
scene_02-Z0842,scene_02,1577,1419300.0,381264.63538363983,5066398.421052632,2.1185226440429688,3.4725191593170166,2.0501015186309814,100.0,HIGH PRIORITY,95th percentile prioritisation threshold,Spectral-stress evidence detected. Prioritise field inspection to determine the underlying cause. Field verification required.,242
scene_02-Z0032,scene_02,10,9000.0,364044.0,5097093.0,2.11751127243042,2.6925365924835205,2.1175851821899414,100.0,HIGH PRIORITY,95th percentile prioritisation threshold,Spectral-stress evidence detected. Prioritise field inspection to determine the underlying cause. Field verification required.,243
scene_02-Z0646,scene_02,98,88200.0,379074.79591836734,5076747.551020408,2.117311477661133,3.079352617263794,2.040004014968872,100.0,HIGH PRIORITY,95th percentile prioritisation threshold,Spectral-stress evidence detected. Prioritise field inspection to determine the underlying cause. Field verification required.,244
scene_02-Z0139,scene_02,9,8100.0,363503.3333333333,5092063.333333333,2.1171140670776367,2.3603134155273438,2.0106101036071777,100.0,HIGH PRIORITY,95th percentile prioritisation threshold,Spectral-stress evidence detected. Prioritise field inspection to determine the underlying cause. Field verification required.,245
scene_02-Z0568,scene_02,12,10800.0,358180.0,5079242.5,2.1170880794525146,2.7011945247650146,1.9484119415283203,100.0,HIGH PRIORITY,95th percentile prioritisation threshold,Spectral-stress evidence detected. Prioritise field inspection to determine the underlying cause. Field verification required.,246
scene_02-Z0298,scene_02,14,12600.0,387441.4285714286,5087925.0,2.1165964603424072,2.31005859375,2.166339159011841,100.0,HIGH PRIORITY,95th percentile prioritisation threshold,Spectral-stress evidence detected. Prioritise field inspection to determine the underlying cause. Field verification required.,247
scene_02-Z0432,scene_02,11,9900.0,362732.7272727273,5083860.0,2.116375207901001,2.580566167831421,2.1134579181671143,100.0,HIGH PRIORITY,95th percentile prioritisation threshold,Spectral-stress evidence detected. Prioritise field inspection to determine the underlying cause. Field verification required.,248
scene_02-Z0468,scene_02,284,255600.0,357744.92957746476,5082167.640845071,2.1157896518707275,3.362549304962158,2.0572004318237305,100.0,HIGH PRIORITY,95th percentile prioritisation threshold,Spectral-stress evidence detected. Prioritise field inspection to determine the underlying cause. Field verification required.,249
scene_02-Z0505,scene_02,20,18000.0,362685.0,5081202.0,2.115388870239258,2.7217888832092285,1.995361328125,100.0,HIGH PRIORITY,95th percentile prioritisation threshold,Spectral-stress evidence detected. Prioritise field inspection to determine the underlying cause. Field verification required.,250
scene_02-Z0159,scene_02,11,9900.0,364448.1818181818,5091455.454545454,2.115351438522339,2.5667593479156494,2.0903449058532715,100.0,HIGH PRIORITY,95th percentile prioritisation threshold,Spectral-stress evidence detected. Prioritise field inspection to determine the underlying cause. Field verification required.,251
scene_02-Z0229,scene_02,12,10800.0,361785.0,5089705.0,2.115260362625122,2.375323534011841,2.1670267581939697,100.0,HIGH PRIORITY,95th percentile prioritisation threshold,Spectral-stress evidence detected. Prioritise field inspection to determine the underlying cause. Field verification required.,252
scene_02-Z0627,scene_02,53,47700.0,355231.1320754717,5077274.150943397,2.113619565963745,2.8103578090667725,2.0715110301971436,100.0,HIGH PRIORITY,95th percentile prioritisation threshold,Spectral-stress evidence detected. Prioritise field inspection to determine the underlying cause. Field verification required.,253
scene_02-Z0270,scene_02,9,8100.0,361656.6666666667,5088793.333333333,2.1133954524993896,2.275956869125366,2.1900970935821533,100.0,HIGH PRIORITY,95th percentile prioritisation threshold,Spectral-stress evidence detected. Prioritise field inspection to determine the underlying cause. Field verification required.,254
scene_02-Z0458,scene_02,22,19800.0,361228.63636363635,5082823.636363637,2.112934112548828,2.5838513374328613,2.0976638793945312,100.0,HIGH PRIORITY,95th percentile prioritisation threshold,Spectral-stress evidence detected. Prioritise field inspection to determine the underlying cause. Field verification required.,255
scene_02-Z0367,scene_02,29,26100.0,357066.2068965517,5086261.0344827585,2.112246036529541,2.85506534576416,2.083207368850708,100.0,HIGH PRIORITY,95th percentile prioritisation threshold,Spectral-stress evidence detected. Prioritise field inspection to determine the underlying cause. Field verification required.,256
scene_02-Z0467,scene_02,19,17100.0,359518.4210526316,5082587.368421053,2.112056016921997,2.893817901611328,2.0355112552642822,100.0,HIGH PRIORITY,95th percentile prioritisation threshold,Spectral-stress evidence detected. Prioritise field inspection to determine the underlying cause. Field verification required.,257
scene_02-Z0591,scene_02,14,12600.0,357732.85714285716,5078449.285714285,2.1119933128356934,2.78338623046875,2.0063633918762207,100.0,HIGH PRIORITY,95th percentile prioritisation threshold,Spectral-stress evidence detected. Prioritise field inspection to determine the underlying cause. Field verification required.,258
scene_02-Z0083,scene_02,10,9000.0,366405.0,5094381.0,2.111743450164795,2.51605486869812,2.063965320587158,100.0,HIGH PRIORITY,95th percentile prioritisation threshold,Spectral-stress evidence detected. Prioritise field inspection to determine the underlying cause. Field verification required.,259
scene_02-Z0104,scene_02,13,11700.0,366034.6153846154,5093801.538461538,2.1112301349639893,2.4459328651428223,2.1430985927581787,100.0,HIGH PRIORITY,95th percentile prioritisation threshold,Spectral-stress evidence detected. Prioritise field inspection to determine the underlying cause. Field verification required.,260
scene_02-Z0447,scene_02,27,24300.0,360393.3333333333,5083322.222222222,2.1107311248779297,2.950667142868042,2.0744261741638184,100.0,HIGH PRIORITY,95th percentile prioritisation threshold,Spectral-stress evidence detected. Prioritise field inspection to determine the underlying cause. Field verification required.,261
scene_02-Z0204,scene_02,9,8100.0,366420.0,5090343.333333333,2.1106441020965576,2.5276057720184326,2.1079864501953125,100.0,HIGH PRIORITY,95th percentile prioritisation threshold,Spectral-stress evidence detected. Prioritise field inspection to determine the underlying cause. Field verification required.,262
scene_02-Z0752,scene_02,18,16200.0,356473.3333333333,5073493.333333333,2.109743118286133,2.6645896434783936,2.0416910648345947,100.0,HIGH PRIORITY,95th percentile prioritisation threshold,Spectral-stress evidence detected. Prioritise field inspection to determine the underlying cause. Field verification required.,263
scene_02-Z0115,scene_02,10,9000.0,374565.0,5092998.0,2.109618663787842,2.623713970184326,2.0290427207946777,100.0,HIGH PRIORITY,95th percentile prioritisation threshold,Spectral-stress evidence detected. Prioritise field inspection to determine the underlying cause. Field verification required.,264
scene_02-Z0282,scene_02,26,23400.0,383254.6153846154,5088294.230769231,2.109445810317993,2.3661515712738037,2.1488571166992188,100.0,HIGH PRIORITY,95th percentile prioritisation threshold,Spectral-stress evidence detected. Prioritise field inspection to determine the underlying cause. Field verification required.,265
scene_02-Z0637,scene_02,24,21600.0,355955.0,5077113.75,2.108431100845337,2.5699024200439453,2.0888936519622803,100.0,HIGH PRIORITY,95th percentile prioritisation threshold,Spectral-stress evidence detected. Prioritise field inspection to determine the underlying cause. Field verification required.,266
scene_02-Z0029,scene_02,12,10800.0,364217.5,5097210.0,2.1082112789154053,2.528784990310669,2.1091036796569824,100.0,HIGH PRIORITY,95th percentile prioritisation threshold,Spectral-stress evidence detected. Prioritise field inspection to determine the underlying cause. Field verification required.,267
scene_02-Z0363,scene_02,159,143100.0,357737.5471698113,5086261.320754717,2.1073899269104004,2.9392316341400146,2.074723720550537,100.0,HIGH PRIORITY,95th percentile prioritisation threshold,Spectral-stress evidence detected. Prioritise field inspection to determine the underlying cause. Field verification required.,268
scene_02-Z0533,scene_02,20,18000.0,355362.0,5080408.5,2.105823516845703,2.7330825328826904,2.028745651245117,100.0,HIGH PRIORITY,95th percentile prioritisation threshold,Spectral-stress evidence detected. Prioritise field inspection to determine the underlying cause. Field verification required.,269
scene_02-Z0374,scene_02,181,162900.0,359166.96132596687,5085740.552486188,2.10506534576416,2.7178571224212646,2.0724434852600098,100.0,HIGH PRIORITY,95th percentile prioritisation threshold,Spectral-stress evidence detected. Prioritise field inspection to determine the underlying cause. Field verification required.,270
scene_02-Z0808,scene_02,17,15300.0,355170.0,5070428.823529412,2.1050102710723877,2.617985248565674,2.0189177989959717,100.0,HIGH PRIORITY,95th percentile prioritisation threshold,Spectral-stress evidence detected. Prioritise field inspection to determine the underlying cause. Field verification required.,271
scene_02-Z0278,scene_02,11,9900.0,366060.0,5088463.636363637,2.1039347648620605,2.502821445465088,1.9475059509277344,100.0,HIGH PRIORITY,95th percentile prioritisation threshold,Spectral-stress evidence detected. Prioritise field inspection to determine the underlying cause. Field verification required.,272
scene_02-Z0073,scene_02,10,9000.0,363324.0,5094735.0,2.1028964519500732,2.6355884075164795,2.073375701904297,100.0,HIGH PRIORITY,95th percentile prioritisation threshold,Spectral-stress evidence detected. Prioritise field inspection to determine the underlying cause. Field verification required.,273
scene_02-Z0023,scene_02,31,27900.0,366783.87096774194,5097526.451612903,2.102745532989502,2.5841684341430664,2.040616512298584,100.0,HIGH PRIORITY,95th percentile prioritisation threshold,Spectral-stress evidence detected. Prioritise field inspection to determine the underlying cause. Field verification required.,274
scene_02-Z0475,scene_02,50,45000.0,358545.0,5082189.0,2.101318120956421,2.7401678562164307,2.077897548675537,100.0,HIGH PRIORITY,95th percentile prioritisation threshold,Spectral-stress evidence detected. Prioritise field inspection to determine the underlying cause. Field verification required.,275
scene_02-Z0003,scene_02,9,8100.0,363546.6666666667,5099106.666666667,2.1010830402374268,2.550564765930176,2.0940816402435303,100.0,HIGH PRIORITY,95th percentile prioritisation threshold,Spectral-stress evidence detected. Prioritise field inspection to determine the underlying cause. Field verification required.,276
scene_02-Z0464,scene_02,23,20700.0,359947.82608695654,5082627.391304348,2.1009299755096436,2.673954963684082,2.0697569847106934,100.0,HIGH PRIORITY,95th percentile prioritisation threshold,Spectral-stress evidence detected. Prioritise field inspection to determine the underlying cause. Field verification required.,277
scene_02-Z0101,scene_02,11,9900.0,364652.7272727273,5093820.0,2.0996060371398926,2.654907703399658,2.0522029399871826,100.0,HIGH PRIORITY,95th percentile prioritisation threshold,Spectral-stress evidence detected. Prioritise field inspection to determine the underlying cause. Field verification required.,278
scene_02-Z0091,scene_02,11,9900.0,365255.45454545453,5094057.2727272725,2.099551200866699,2.357339859008789,2.1480236053466797,100.0,HIGH PRIORITY,95th percentile prioritisation threshold,Spectral-stress evidence detected. Prioritise field inspection to determine the underlying cause. Field verification required.,279
scene_02-Z0526,scene_02,333,299700.0,357188.018018018,5080396.936936937,2.0993711948394775,3.071969509124756,2.066480875015259,100.0,HIGH PRIORITY,95th percentile prioritisation threshold,Spectral-stress evidence detected. Prioritise field inspection to determine the underlying cause. Field verification required.,280
scene_02-Z0629,scene_02,20,18000.0,355792.5,5077299.0,2.096637487411499,2.5613839626312256,1.9994983673095703,100.0,HIGH PRIORITY,95th percentile prioritisation threshold,Spectral-stress evidence detected. Prioritise field inspection to determine the underlying cause. Field verification required.,281
scene_02-Z0110,scene_02,12,10800.0,364585.0,5093307.5,2.0952463150024414,2.471461772918701,2.047945022583008,100.0,HIGH PRIORITY,95th percentile prioritisation threshold,Spectral-stress evidence detected. Prioritise field inspection to determine the underlying cause. Field verification required.,282
scene_02-Z0019,scene_02,9,8100.0,366953.3333333333,5098023.333333333,2.094552755355835,2.2527520656585693,2.133714199066162,100.0,HIGH PRIORITY,95th percentile prioritisation threshold,Spectral-stress evidence detected. Prioritise field inspection to determine the underlying cause. Field verification required.,283
scene_02-Z0438,scene_02,18,16200.0,357981.6666666667,5083685.0,2.0944223403930664,2.5285654067993164,2.053067207336426,100.0,HIGH PRIORITY,95th percentile prioritisation threshold,Spectral-stress evidence detected. Prioritise field inspection to determine the underlying cause. Field verification required.,284
scene_02-Z0430,scene_02,15,13500.0,360690.0,5083916.0,2.093506336212158,2.575763463973999,2.086501359939575,100.0,HIGH PRIORITY,95th percentile prioritisation threshold,Spectral-stress evidence detected. Prioritise field inspection to determine the underlying cause. Field verification required.,285
scene_02-Z0063,scene_02,11,9900.0,362560.9090909091,5095290.0,2.0924501419067383,2.678290367126465,1.9818040132522583,100.0,HIGH PRIORITY,95th percentile prioritisation threshold,Spectral-stress evidence detected. Prioritise field inspection to determine the underlying cause. Field verification required.,286
scene_02-Z0522,scene_02,21,18900.0,356687.14285714284,5080835.714285715,2.09189772605896,2.702655076980591,2.0970163345336914,100.0,HIGH PRIORITY,95th percentile prioritisation threshold,Spectral-stress evidence detected. Prioritise field inspection to determine the underlying cause. Field verification required.,287
scene_02-Z0224,scene_02,21,18900.0,366994.28571428574,5089844.285714285,2.091574192047119,2.5633976459503174,2.0627169609069824,100.0,HIGH PRIORITY,95th percentile prioritisation threshold,Spectral-stress evidence detected. Prioritise field inspection to determine the underlying cause. Field verification required.,288
scene_02-Z0386,scene_02,87,78300.0,360554.8275862069,5085743.1034482755,2.0914371013641357,2.8802661895751953,2.0363078117370605,100.0,HIGH PRIORITY,95th percentile prioritisation threshold,Spectral-stress evidence detected. Prioritise field inspection to determine the underlying cause. Field verification required.,289
scene_02-Z0555,scene_02,244,219600.0,357042.1721311475,5079222.786885246,2.091017961502075,3.0365679264068604,2.0143027305603027,100.0,HIGH PRIORITY,95th percentile prioritisation threshold,Spectral-stress evidence detected. Prioritise field inspection to determine the underlying cause. Field verification required.,290
scene_02-Z0645,scene_02,27,24300.0,357866.6666666667,5076960.0,2.0902693271636963,2.6409308910369873,2.0754027366638184,100.0,HIGH PRIORITY,95th percentile prioritisation threshold,Spectral-stress evidence detected. Prioritise field inspection to determine the underlying cause. Field verification required.,291
scene_02-Z0309,scene_02,19,17100.0,362120.5263157895,5087693.684210527,2.089226722717285,2.5004894733428955,2.0851998329162598,100.0,HIGH PRIORITY,95th percentile prioritisation threshold,Spectral-stress evidence detected. Prioritise field inspection to determine the underlying cause. Field verification required.,292
scene_02-Z0245,scene_02,33,29700.0,385400.9090909091,5089170.0,2.087796688079834,2.3110108375549316,2.1413135528564453,100.0,HIGH PRIORITY,95th percentile prioritisation threshold,Spectral-stress evidence detected. Prioritise field inspection to determine the underlying cause. Field verification required.,293
scene_02-Z0707,scene_02,16,14400.0,357354.375,5075178.75,2.0872039794921875,2.5625922679901123,2.0572235584259033,100.0,HIGH PRIORITY,95th percentile prioritisation threshold,Spectral-stress evidence detected. Prioritise field inspection to determine the underlying cause. Field verification required.,294
scene_02-Z0096,scene_02,29,26100.0,366943.4482758621,5093992.75862069,2.0862014293670654,2.7054316997528076,1.9954125881195068,100.0,HIGH PRIORITY,95th percentile prioritisation threshold,Spectral-stress evidence detected. Prioritise field inspection to determine the underlying cause. Field verification required.,295
scene_02-Z0586,scene_02,51,45900.0,356668.82352941175,5078640.588235294,2.0845532417297363,2.7290170192718506,2.056262493133545,100.0,HIGH PRIORITY,95th percentile prioritisation threshold,Spectral-stress evidence detected. Prioritise field inspection to determine the underlying cause. Field verification required.,296
scene_02-Z0326,scene_02,10,9000.0,357159.0,5087229.0,2.0844180583953857,2.502329111099243,2.090998888015747,100.0,HIGH PRIORITY,95th percentile prioritisation threshold,Spectral-stress evidence detected. Prioritise field inspection to determine the underlying cause. Field verification required.,297
scene_02-Z0503,scene_02,17,15300.0,358575.8823529412,5081253.529411765,2.0839638710021973,2.4678826332092285,2.072922468185425,100.0,HIGH PRIORITY,95th percentile prioritisation threshold,Spectral-stress evidence detected. Prioritise field inspection to determine the underlying cause. Field verification required.,298
scene_02-Z0079,scene_02,10,9000.0,364077.0,5094528.0,2.0822408199310303,2.8175437450408936,1.9537081718444824,100.0,HIGH PRIORITY,95th percentile prioritisation threshold,Spectral-stress evidence detected. Prioritise field inspection to determine the underlying cause. Field verification required.,299
scene_02-Z0272,scene_02,59,53100.0,383218.9830508474,5088651.355932203,2.0809457302093506,2.363318681716919,2.1118507385253906,100.0,HIGH PRIORITY,95th percentile prioritisation threshold,Spectral-stress evidence detected. Prioritise field inspection to determine the underlying cause. Field verification required.,300
scene_02-Z0188,scene_02,9,8100.0,363290.0,5090660.0,2.0809309482574463,2.551145315170288,1.9663705825805664,100.0,HIGH PRIORITY,95th percentile prioritisation threshold,Spectral-stress evidence detected. Prioritise field inspection to determine the underlying cause. Field verification required.,301
scene_02-Z0601,scene_02,36,32400.0,355962.5,5078109.166666667,2.0799286365509033,2.970682144165039,2.0025510787963867,100.0,HIGH PRIORITY,95th percentile prioritisation threshold,Spectral-stress evidence detected. Prioritise field inspection to determine the underlying cause. Field verification required.,302
scene_02-Z0724,scene_02,11,9900.0,364944.54545454547,5074516.363636363,2.079779624938965,2.7641167640686035,1.9684512615203857,100.0,HIGH PRIORITY,95th percentile prioritisation threshold,Spectral-stress evidence detected. Prioritise field inspection to determine the underlying cause. Field verification required.,303
scene_02-Z0539,scene_02,166,149400.0,358197.1084337349,5080071.506024096,2.079312562942505,3.073720932006836,2.0358657836914062,100.0,HIGH PRIORITY,95th percentile prioritisation threshold,Spectral-stress evidence detected. Prioritise field inspection to determine the underlying cause. Field verification required.,304
scene_02-Z0545,scene_02,9,8100.0,357016.6666666667,5079980.0,2.078953981399536,2.73982834815979,1.950812578201294,100.0,HIGH PRIORITY,95th percentile prioritisation threshold,Spectral-stress evidence detected. Prioritise field inspection to determine the underlying cause. Field verification required.,305
scene_02-Z0113,scene_02,39,35100.0,364078.46153846156,5092985.384615385,2.078481674194336,2.708205461502075,2.041959047317505,100.0,HIGH PRIORITY,95th percentile prioritisation threshold,Spectral-stress evidence detected. Prioritise field inspection to determine the underlying cause. Field verification required.,306
scene_02-Z0812,scene_02,11,9900.0,355478.1818181818,5070316.363636363,2.0779783725738525,2.453146457672119,2.100846767425537,100.0,HIGH PRIORITY,95th percentile prioritisation threshold,Spectral-stress evidence detected. Prioritise field inspection to determine the underlying cause. Field verification required.,307
scene_02-Z0626,scene_02,26,23400.0,358186.1538461539,5077390.384615385,2.077756643295288,2.6482396125793457,2.0242156982421875,100.0,HIGH PRIORITY,95th percentile prioritisation threshold,Spectral-stress evidence detected. Prioritise field inspection to determine the underlying cause. Field verification required.,308
scene_02-Z0039,scene_02,20,18000.0,360678.0,5096302.5,2.0775701999664307,2.516770124435425,2.055570602416992,100.0,HIGH PRIORITY,95th percentile prioritisation threshold,Spectral-stress evidence detected. Prioritise field inspection to determine the underlying cause. Field verification required.,309
scene_02-Z0541,scene_02,85,76500.0,356568.0,5080008.705882353,2.0774953365325928,3.153154134750366,1.951117753982544,100.0,HIGH PRIORITY,95th percentile prioritisation threshold,Spectral-stress evidence detected. Prioritise field inspection to determine the underlying cause. Field verification required.,310
scene_02-Z0471,scene_02,462,415800.0,357080.06493506493,5081561.623376624,2.0773069858551025,3.1490230560302734,2.0264854431152344,100.0,HIGH PRIORITY,95th percentile prioritisation threshold,Spectral-stress evidence detected. Prioritise field inspection to determine the underlying cause. Field verification required.,311
scene_02-Z0265,scene_02,13,11700.0,365607.6923076923,5088803.076923077,2.0764951705932617,2.4914801120758057,2.0331153869628906,100.0,HIGH PRIORITY,95th percentile prioritisation threshold,Spectral-stress evidence detected. Prioritise field inspection to determine the underlying cause. Field verification required.,312
scene_02-Z0046,scene_02,26,23400.0,368073.46153846156,5095956.923076923,2.0764553546905518,2.3873605728149414,2.074777603149414,100.0,HIGH PRIORITY,95th percentile prioritisation threshold,Spectral-stress evidence detected. Prioritise field inspection to determine the underlying cause. Field verification required.,313
scene_02-Z0831,scene_02,1762,1585800.0,374899.4267877412,5068563.575482407,2.0764358043670654,2.874474048614502,2.03413724899292,100.0,HIGH PRIORITY,95th percentile prioritisation threshold,Spectral-stress evidence detected. Prioritise field inspection to determine the underlying cause. Field verification required.,314
scene_02-Z0053,scene_02,11,9900.0,363398.1818181818,5095606.363636363,2.075026512145996,2.4718968868255615,1.969480276107788,100.0,HIGH PRIORITY,95th percentile prioritisation threshold,Spectral-stress evidence detected. Prioritise field inspection to determine the underlying cause. Field verification required.,315
scene_02-Z0381,scene_02,15,13500.0,362838.0,5085950.0,2.074361562728882,2.468716859817505,2.0453295707702637,100.0,HIGH PRIORITY,95th percentile prioritisation threshold,Spectral-stress evidence detected. Prioritise field inspection to determine the underlying cause. Field verification required.,316
scene_02-Z0551,scene_02,33,29700.0,355993.63636363635,5079711.818181818,2.073611259460449,2.8557283878326416,2.0034704208374023,100.0,HIGH PRIORITY,95th percentile prioritisation threshold,Spectral-stress evidence detected. Prioritise field inspection to determine the underlying cause. Field verification required.,317
scene_02-Z0550,scene_02,29,26100.0,357319.6551724138,5079780.0,2.0735228061676025,2.6745352745056152,1.9839049577713013,100.0,HIGH PRIORITY,95th percentile prioritisation threshold,Spectral-stress evidence detected. Prioritise field inspection to determine the underlying cause. Field verification required.,318
scene_02-Z0790,scene_02,30,27000.0,356177.0,5071697.0,2.0734353065490723,2.654905080795288,2.1213817596435547,100.0,HIGH PRIORITY,95th percentile prioritisation threshold,Spectral-stress evidence detected. Prioritise field inspection to determine the underlying cause. Field verification required.,319
scene_02-Z0486,scene_02,38,34200.0,358417.1052631579,5081638.421052632,2.0729944705963135,2.8633546829223633,2.0040338039398193,100.0,HIGH PRIORITY,95th percentile prioritisation threshold,Spectral-stress evidence detected. Prioritise field inspection to determine the underlying cause. Field verification required.,320
scene_02-Z0009,scene_02,23,20700.0,365415.652173913,5098377.391304348,2.072979688644409,2.567790985107422,2.019392251968384,100.0,HIGH PRIORITY,95th percentile prioritisation threshold,Spectral-stress evidence detected. Prioritise field inspection to determine the underlying cause. Field verification required.,321
scene_02-Z0222,scene_02,53,47700.0,362230.1886792453,5089809.622641509,2.0729305744171143,2.725203275680542,2.0026321411132812,100.0,HIGH PRIORITY,95th percentile prioritisation threshold,Spectral-stress evidence detected. Prioritise field inspection to determine the underlying cause. Field verification required.,322
scene_02-Z0329,scene_02,9,8100.0,362186.6666666667,5087163.333333333,2.0698463916778564,2.4076366424560547,1.928270697593689,100.0,HIGH PRIORITY,95th percentile prioritisation threshold,Spectral-stress evidence detected. Prioritise field inspection to determine the underlying cause. Field verification required.,323
scene_02-Z0618,scene_02,62,55800.0,377296.4516129032,5077608.387096774,2.069575548171997,2.4826018810272217,2.0537075996398926,100.0,HIGH PRIORITY,95th percentile prioritisation threshold,Spectral-stress evidence detected. Prioritise field inspection to determine the underlying cause. Field verification required.,324
scene_02-Z0128,scene_02,17,15300.0,388958.82352941175,5092316.470588235,2.0692620277404785,2.715930461883545,1.9820122718811035,100.0,HIGH PRIORITY,95th percentile prioritisation threshold,Spectral-stress evidence detected. Prioritise field inspection to determine the underlying cause. Field verification required.,325
scene_02-Z0217,scene_02,10,9000.0,365445.0,5090082.0,2.068939208984375,2.286402702331543,2.0594663619995117,100.0,HIGH PRIORITY,95th percentile prioritisation threshold,Spectral-stress evidence detected. Prioritise field inspection to determine the underlying cause. Field verification required.,326
scene_02-Z0017,scene_02,21,18900.0,365458.5714285714,5098034.285714285,2.068835496902466,2.5967297554016113,2.0607879161834717,100.0,HIGH PRIORITY,95th percentile prioritisation threshold,Spectral-stress evidence detected. Prioritise field inspection to determine the underlying cause. Field verification required.,327
scene_02-Z0530,scene_02,181,162900.0,356245.6906077348,5080368.729281768,2.067293167114258,2.7973692417144775,2.0046117305755615,100.0,HIGH PRIORITY,95th percentile prioritisation threshold,Spectral-stress evidence detected. Prioritise field inspection to determine the underlying cause. Field verification required.,328
scene_02-Z0540,scene_02,13,11700.0,355211.53846153844,5080220.769230769,2.067124843597412,2.693265676498413,2.0339932441711426,100.0,HIGH PRIORITY,95th percentile prioritisation threshold,Spectral-stress evidence detected. Prioritise field inspection to determine the underlying cause. Field verification required.,329
scene_02-Z0038,scene_02,9,8100.0,366806.6666666667,5096436.666666667,2.06708025932312,2.3580985069274902,2.062448263168335,100.0,HIGH PRIORITY,95th percentile prioritisation threshold,Spectral-stress evidence detected. Prioritise field inspection to determine the underlying cause. Field verification required.,330
scene_02-Z0414,scene_02,9,8100.0,363070.0,5084753.333333333,2.0668482780456543,2.3183512687683105,2.0906946659088135,100.0,HIGH PRIORITY,95th percentile prioritisation threshold,Spectral-stress evidence detected. Prioritise field inspection to determine the underlying cause. Field verification required.,331
scene_02-Z0122,scene_02,17,15300.0,366988.23529411765,5092632.352941177,2.066537380218506,2.3803658485412598,2.065321207046509,100.0,HIGH PRIORITY,95th percentile prioritisation threshold,Spectral-stress evidence detected. Prioritise field inspection to determine the underlying cause. Field verification required.,332
scene_02-Z0056,scene_02,12,10800.0,364930.0,5095525.0,2.066049575805664,2.6063854694366455,2.0425987243652344,100.0,HIGH PRIORITY,95th percentile prioritisation threshold,Spectral-stress evidence detected. Prioritise field inspection to determine the underlying cause. Field verification required.,333
scene_02-Z0476,scene_02,112,100800.0,360366.96428571426,5082081.964285715,2.0659902095794678,2.9277923107147217,2.0035080909729004,100.0,HIGH PRIORITY,95th percentile prioritisation threshold,Spectral-stress evidence detected. Prioritise field inspection to determine the underlying cause. Field verification required.,334
scene_02-Z0246,scene_02,27,24300.0,358383.3333333333,5089222.222222222,2.0657241344451904,2.464862823486328,2.0562095642089844,100.0,HIGH PRIORITY,95th percentile prioritisation threshold,Spectral-stress evidence detected. Prioritise field inspection to determine the underlying cause. Field verification required.,335
scene_02-Z0346,scene_02,237,213300.0,357782.5316455696,5086570.0,2.065460681915283,2.7146551609039307,2.0447797775268555,100.0,HIGH PRIORITY,95th percentile prioritisation threshold,Spectral-stress evidence detected. Prioritise field inspection to determine the underlying cause. Field verification required.,336
scene_02-Z0747,scene_02,294,264600.0,376716.7346938776,5073463.469387755,2.0653562545776367,3.297930955886841,1.9942920207977295,100.0,HIGH PRIORITY,95th percentile prioritisation threshold,Spectral-stress evidence detected. Prioritise field inspection to determine the underlying cause. Field verification required.,337
scene_02-Z0602,scene_02,14,12600.0,357036.4285714286,5078155.714285715,2.0652072429656982,2.320175886154175,2.042022705078125,100.0,HIGH PRIORITY,95th percentile prioritisation threshold,Spectral-stress evidence detected. Prioritise field inspection to determine the underlying cause. Field verification required.,338
scene_02-Z0273,scene_02,24,21600.0,383655.0,5088581.25,2.0646512508392334,2.312796115875244,2.0868959426879883,100.0,HIGH PRIORITY,95th percentile prioritisation threshold,Spectral-stress evidence detected. Prioritise field inspection to determine the underlying cause. Field verification required.,339
scene_02-Z0661,scene_02,9,8100.0,354220.0,5076503.333333333,2.063951253890991,2.5961081981658936,1.997771143913269,100.0,HIGH PRIORITY,95th percentile prioritisation threshold,Spectral-stress evidence detected. Prioritise field inspection to determine the underlying cause. Field verification required.,340
scene_02-Z0180,scene_02,34,30600.0,362902.0588235294,5090750.294117647,2.0635664463043213,2.6752002239227295,2.0242176055908203,100.0,HIGH PRIORITY,95th percentile prioritisation threshold,Spectral-stress evidence detected. Prioritise field inspection to determine the underlying cause. Field verification required.,341
scene_02-Z0285,scene_02,42,37800.0,383032.14285714284,5088097.857142857,2.0634350776672363,2.3103420734405518,2.0759153366088867,100.0,HIGH PRIORITY,95th percentile prioritisation threshold,Spectral-stress evidence detected. Prioritise field inspection to determine the underlying cause. Field verification required.,342
scene_02-Z0663,scene_02,9,8100.0,356523.3333333333,5076400.0,2.061896324157715,2.4160706996917725,1.9948604106903076,100.0,HIGH PRIORITY,95th percentile prioritisation threshold,Spectral-stress evidence detected. Prioritise field inspection to determine the underlying cause. Field verification required.,343
scene_02-Z0635,scene_02,10,9000.0,378225.0,5077215.0,2.0605661869049072,2.3823611736297607,2.06079363822937,100.0,HIGH PRIORITY,95th percentile prioritisation threshold,Spectral-stress evidence detected. Prioritise field inspection to determine the underlying cause. Field verification required.,344
scene_02-Z0504,scene_02,22,19800.0,359420.45454545453,5081239.090909091,2.06000018119812,2.562140703201294,1.943811297416687,100.0,HIGH PRIORITY,95th percentile prioritisation threshold,Spectral-stress evidence detected. Prioritise field inspection to determine the underlying cause. Field verification required.,345
scene_02-Z0020,scene_02,18,16200.0,366471.6666666667,5097870.0,2.059939384460449,2.467282295227051,2.0162713527679443,100.0,HIGH PRIORITY,95th percentile prioritisation threshold,Spectral-stress evidence detected. Prioritise field inspection to determine the underlying cause. Field verification required.,346
scene_02-Z0799,scene_02,9,8100.0,353203.3333333333,5071173.333333333,2.059692859649658,2.6204965114593506,1.8855745792388916,100.0,HIGH PRIORITY,95th percentile prioritisation threshold,Spectral-stress evidence detected. Prioritise field inspection to determine the underlying cause. Field verification required.,347
scene_02-Z0700,scene_02,18,16200.0,356481.6666666667,5075365.0,2.057614803314209,2.4314537048339844,2.0511374473571777,100.0,HIGH PRIORITY,95th percentile prioritisation threshold,Spectral-stress evidence detected. Prioritise field inspection to determine the underlying cause. Field verification required.,348
scene_02-Z0261,scene_02,41,36900.0,383645.85365853657,5088840.731707317,2.057300329208374,2.2817230224609375,2.069098472595215,100.0,HIGH PRIORITY,95th percentile prioritisation threshold,Spectral-stress evidence detected. Prioritise field inspection to determine the underlying cause. Field verification required.,349
scene_02-Z0036,scene_02,11,9900.0,361971.8181818182,5096566.363636363,2.0563833713531494,2.3065013885498047,2.0909430980682373,100.0,HIGH PRIORITY,95th percentile prioritisation threshold,Spectral-stress evidence detected. Prioritise field inspection to determine the underlying cause. Field verification required.,350
scene_02-Z0283,scene_02,29,26100.0,363091.0344827586,5088240.0,2.0555410385131836,2.427241563796997,2.0223207473754883,100.0,HIGH PRIORITY,95th percentile prioritisation threshold,Spectral-stress evidence detected. Prioritise field inspection to determine the underlying cause. Field verification required.,351
scene_02-Z0698,scene_02,1891,1701900.0,375101.8508725542,5074854.812268641,2.054734468460083,2.4472291469573975,2.0628886222839355,100.0,HIGH PRIORITY,95th percentile prioritisation threshold,Spectral-stress evidence detected. Prioritise field inspection to determine the underlying cause. Field verification required.,352
scene_02-Z0466,scene_02,223,200700.0,359889.1479820628,5081920.896860987,2.054100513458252,2.8771064281463623,1.9786474704742432,100.0,HIGH PRIORITY,95th percentile prioritisation threshold,Spectral-stress evidence detected. Prioritise field inspection to determine the underlying cause. Field verification required.,353
scene_02-Z0455,scene_02,10,9000.0,360801.0,5083053.0,2.053215503692627,2.4742321968078613,2.0665669441223145,100.0,HIGH PRIORITY,95th percentile prioritisation threshold,Spectral-stress evidence detected. Prioritise field inspection to determine the underlying cause. Field verification required.,354
scene_02-Z0536,scene_02,11,9900.0,358723.63636363635,5080355.454545454,2.053041696548462,2.5203356742858887,1.9757018089294434,100.0,HIGH PRIORITY,95th percentile prioritisation threshold,Spectral-stress evidence detected. Prioritise field inspection to determine the underlying cause. Field verification required.,355
scene_02-Z0402,scene_02,16,14400.0,360703.125,5085406.875,2.0527403354644775,2.8266685009002686,2.0030405521392822,100.0,HIGH PRIORITY,95th percentile prioritisation threshold,Spectral-stress evidence detected. Prioritise field inspection to determine the underlying cause. Field verification required.,356
scene_02-Z0544,scene_02,239,215100.0,355361.42259414226,5079601.004184101,2.0524961948394775,3.214303970336914,2.0093533992767334,100.0,HIGH PRIORITY,95th percentile prioritisation threshold,Spectral-stress evidence detected. Prioritise field inspection to determine the underlying cause. Field verification required.,357
scene_02-Z0348,scene_02,21,18900.0,360514.28571428574,5086681.428571428,2.052459716796875,2.4686951637268066,1.9893077611923218,100.0,HIGH PRIORITY,95th percentile prioritisation threshold,Spectral-stress evidence detected. Prioritise field inspection to determine the underlying cause. Field verification required.,358
scene_02-Z0320,scene_02,23,20700.0,361952.60869565216,5087398.695652174,2.0523178577423096,2.489898681640625,2.05592679977417,100.0,HIGH PRIORITY,95th percentile prioritisation threshold,Spectral-stress evidence detected. Prioritise field inspection to determine the underlying cause. Field verification required.,359
scene_02-Z0512,scene_02,139,125100.0,360983.09352517984,5080691.007194244,2.052020788192749,2.788076639175415,2.002499580383301,100.0,HIGH PRIORITY,95th percentile prioritisation threshold,Spectral-stress evidence detected. Prioritise field inspection to determine the underlying cause. Field verification required.,360
scene_02-Z0005,scene_02,9,8100.0,361153.3333333333,5098803.333333333,2.0509390830993652,2.3839244842529297,2.035324811935425,100.0,HIGH PRIORITY,95th percentile prioritisation threshold,Spectral-stress evidence detected. Prioritise field inspection to determine the underlying cause. Field verification required.,361
scene_02-Z0008,scene_02,20,18000.0,365640.0,5098447.5,2.050044536590576,2.507296323776245,2.0446786880493164,100.0,HIGH PRIORITY,95th percentile prioritisation threshold,Spectral-stress evidence detected. Prioritise field inspection to determine the underlying cause. Field verification required.,362
scene_02-Z0422,scene_02,11,9900.0,362798.1818181818,5084342.7272727275,2.0499606132507324,2.3750083446502686,1.9760725498199463,100.0,HIGH PRIORITY,95th percentile prioritisation threshold,Spectral-stress evidence detected. Prioritise field inspection to determine the underlying cause. Field verification required.,363
scene_02-Z0571,scene_02,20,18000.0,356622.0,5079009.0,2.0495290756225586,2.3930771350860596,2.0635838508605957,100.0,HIGH PRIORITY,95th percentile prioritisation threshold,Spectral-stress evidence detected. Prioritise field inspection to determine the underlying cause. Field verification required.,364
scene_02-Z0750,scene_02,67,60300.0,363971.6417910448,5073502.388059702,2.0492801666259766,3.0970864295959473,1.987260341644287,100.0,HIGH PRIORITY,95th percentile prioritisation threshold,Spectral-stress evidence detected. Prioritise field inspection to determine the underlying cause. Field verification required.,365
scene_02-Z0549,scene_02,76,68400.0,358656.7105263158,5079789.078947368,2.048865556716919,2.5584285259246826,2.0171313285827637,100.0,HIGH PRIORITY,95th percentile prioritisation threshold,Spectral-stress evidence detected. Prioritise field inspection to determine the underlying cause. Field verification required.,366
scene_02-Z0582,scene_02,12,10800.0,359015.0,5078827.5,2.0486652851104736,2.6137783527374268,1.9888372421264648,100.0,HIGH PRIORITY,95th percentile prioritisation threshold,Spectral-stress evidence detected. Prioritise field inspection to determine the underlying cause. Field verification required.,367
scene_02-Z0441,scene_02,10,9000.0,362136.0,5083620.0,2.0485353469848633,2.6003239154815674,1.932422399520874,100.0,HIGH PRIORITY,95th percentile prioritisation threshold,Spectral-stress evidence detected. Prioritise field inspection to determine the underlying cause. Field verification required.,368
scene_02-Z0275,scene_02,9,8100.0,363270.0,5088540.0,2.047586441040039,2.5947368144989014,1.951485276222229,100.0,HIGH PRIORITY,95th percentile prioritisation threshold,Spectral-stress evidence detected. Prioritise field inspection to determine the underlying cause. Field verification required.,369
scene_02-Z0810,scene_02,25,22500.0,364256.4,5070312.0,2.0474791526794434,2.3995306491851807,2.0284736156463623,100.0,HIGH PRIORITY,95th percentile prioritisation threshold,Spectral-stress evidence detected. Prioritise field inspection to determine the underlying cause. Field verification required.,370
scene_02-Z0120,scene_02,9,8100.0,360626.6666666667,5092673.333333333,2.0467774868011475,2.154019832611084,2.091684341430664,100.0,HIGH PRIORITY,95th percentile prioritisation threshold,Spectral-stress evidence detected. Prioritise field inspection to determine the underlying cause. Field verification required.,371
scene_02-Z0481,scene_02,24,21600.0,358103.75,5081877.5,2.046705961227417,2.5702731609344482,2.0047147274017334,100.0,HIGH PRIORITY,95th percentile prioritisation threshold,Spectral-stress evidence detected. Prioritise field inspection to determine the underlying cause. Field verification required.,372
scene_02-Z0656,scene_02,14,12600.0,355692.85714285716,5076606.428571428,2.0457801818847656,2.396371364593506,1.9905136823654175,100.0,HIGH PRIORITY,95th percentile prioritisation threshold,Spectral-stress evidence detected. Prioritise field inspection to determine the underlying cause. Field verification required.,373
scene_02-Z0026,scene_02,10,9000.0,366099.0,5097336.0,2.0451292991638184,2.473423719406128,1.9511185884475708,100.0,HIGH PRIORITY,95th percentile prioritisation threshold,Spectral-stress evidence detected. Prioritise field inspection to determine the underlying cause. Field verification required.,374
scene_02-Z0567,scene_02,55,49500.0,355386.0,5079207.2727272725,2.0448856353759766,2.5369560718536377,2.0580172538757324,100.0,HIGH PRIORITY,95th percentile prioritisation threshold,Spectral-stress evidence detected. Prioritise field inspection to determine the underlying cause. Field verification required.,375
scene_02-Z0067,scene_02,10,9000.0,363243.0,5094936.0,2.0445427894592285,2.4594647884368896,2.069063663482666,100.0,HIGH PRIORITY,95th percentile prioritisation threshold,Spectral-stress evidence detected. Prioritise field inspection to determine the underlying cause. Field verification required.,376
scene_02-Z0418,scene_02,85,76500.0,360901.76470588235,5084367.529411765,2.0444233417510986,2.6197783946990967,1.9955792427062988,100.0,HIGH PRIORITY,95th percentile prioritisation threshold,Spectral-stress evidence detected. Prioritise field inspection to determine the underlying cause. Field verification required.,377
scene_02-Z0577,scene_02,68,61200.0,355280.29411764705,5078837.205882353,2.0439260005950928,2.7014143466949463,2.0052857398986816,100.0,HIGH PRIORITY,95th percentile prioritisation threshold,Spectral-stress evidence detected. Prioritise field inspection to determine the underlying cause. Field verification required.,378
scene_02-Z0164,scene_02,10,9000.0,363642.0,5091273.0,2.0428168773651123,2.431211233139038,1.9920029640197754,100.0,HIGH PRIORITY,95th percentile prioritisation threshold,Spectral-stress evidence detected. Prioritise field inspection to determine the underlying cause. Field verification required.,379
scene_02-Z0776,scene_02,10,9000.0,354063.0,5072478.0,2.042736291885376,2.5476083755493164,1.9355394840240479,100.0,HIGH PRIORITY,95th percentile prioritisation threshold,Spectral-stress evidence detected. Prioritise field inspection to determine the underlying cause. Field verification required.,380
scene_02-Z0225,scene_02,10,9000.0,358731.0,5089836.0,2.041628360748291,2.4442625045776367,2.047900676727295,100.0,HIGH PRIORITY,95th percentile prioritisation threshold,Spectral-stress evidence detected. Prioritise field inspection to determine the underlying cause. Field verification required.,381
scene_02-Z0452,scene_02,31,27900.0,356646.77419354836,5083077.096774193,2.041325092315674,2.809697389602661,1.9618524312973022,100.0,HIGH PRIORITY,95th percentile prioritisation threshold,Spectral-stress evidence detected. Prioritise field inspection to determine the underlying cause. Field verification required.,382
scene_02-Z0546,scene_02,38,34200.0,359154.4736842105,5079853.421052632,2.0412933826446533,2.6879093647003174,1.9937336444854736,100.0,HIGH PRIORITY,95th percentile prioritisation threshold,Spectral-stress evidence detected. Prioritise field inspection to determine the underlying cause. Field verification required.,383
scene_02-Z0427,scene_02,19,17100.0,358962.63157894736,5084066.842105263,2.0411338806152344,2.4646360874176025,2.0008511543273926,100.0,HIGH PRIORITY,95th percentile prioritisation threshold,Spectral-stress evidence detected. Prioritise field inspection to determine the underlying cause. Field verification required.,384
scene_02-Z0527,scene_02,21,18900.0,357525.71428571426,5080685.714285715,2.0407278537750244,2.539816379547119,1.9674466848373413,100.0,HIGH PRIORITY,95th percentile prioritisation threshold,Spectral-stress evidence detected. Prioritise field inspection to determine the underlying cause. Field verification required.,385
scene_02-Z0765,scene_02,131,117900.0,378428.4732824428,5072967.709923664,2.0380401611328125,2.896610975265503,1.95610773563385,100.0,HIGH PRIORITY,95th percentile prioritisation threshold,Spectral-stress evidence detected. Prioritise field inspection to determine the underlying cause. Field verification required.,386
scene_02-Z0126,scene_02,10,9000.0,364551.0,5092479.0,2.037881851196289,2.4144434928894043,1.9693613052368164,100.0,HIGH PRIORITY,95th percentile prioritisation threshold,Spectral-stress evidence detected. Prioritise field inspection to determine the underlying cause. Field verification required.,387
scene_02-Z0124,scene_02,10,9000.0,365421.0,5092533.0,2.037605047225952,2.420973777770996,1.8719571828842163,100.0,HIGH PRIORITY,95th percentile prioritisation threshold,Spectral-stress evidence detected. Prioritise field inspection to determine the underlying cause. Field verification required.,388
scene_02-Z0465,scene_02,211,189900.0,356083.22274881514,5082181.279620853,2.0375823974609375,3.1259658336639404,1.9831018447875977,100.0,HIGH PRIORITY,95th percentile prioritisation threshold,Spectral-stress evidence detected. Prioritise field inspection to determine the underlying cause. Field verification required.,389
scene_02-Z0404,scene_02,40,36000.0,358332.0,5085213.75,2.033642053604126,2.8372418880462646,2.0364508628845215,100.0,HIGH PRIORITY,95th percentile prioritisation threshold,Spectral-stress evidence detected. Prioritise field inspection to determine the underlying cause. Field verification required.,390
scene_02-Z0410,scene_02,9,8100.0,357163.3333333333,5085066.666666667,2.0325286388397217,2.479915142059326,1.993362545967102,100.0,HIGH PRIORITY,95th percentile prioritisation threshold,Spectral-stress evidence detected. Prioritise field inspection to determine the underlying cause. Field verification required.,391
scene_02-Z0343,scene_02,140,126000.0,358855.5,5086672.928571428,2.032482862472534,2.824596405029297,1.9593470096588135,100.0,HIGH PRIORITY,95th percentile prioritisation threshold,Spectral-stress evidence detected. Prioritise field inspection to determine the underlying cause. Field verification required.,392
scene_02-Z0007,scene_02,22,19800.0,363732.2727272727,5098442.7272727275,2.032172918319702,2.7968053817749023,1.9797372817993164,100.0,HIGH PRIORITY,95th percentile prioritisation threshold,Spectral-stress evidence detected. Prioritise field inspection to determine the underlying cause. Field verification required.,393
scene_02-Z0668,scene_02,13,11700.0,357743.07692307694,5076159.230769231,2.0321545600891113,2.45066499710083,2.039179563522339,100.0,HIGH PRIORITY,95th percentile prioritisation threshold,Spectral-stress evidence detected. Prioritise field inspection to determine the underlying cause. Field verification required.,394
scene_02-Z0235,scene_02,23,20700.0,359122.17391304346,5089546.956521739,2.0320537090301514,2.355088233947754,2.019367218017578,100.0,HIGH PRIORITY,95th percentile prioritisation threshold,Spectral-stress evidence detected. Prioritise field inspection to determine the underlying cause. Field verification required.,395
scene_02-Z0783,scene_02,19,17100.0,357233.6842105263,5072155.263157895,2.0288541316986084,2.568330764770508,1.9891594648361206,100.0,HIGH PRIORITY,95th percentile prioritisation threshold,Spectral-stress evidence detected. Prioritise field inspection to determine the underlying cause. Field verification required.,396
scene_02-Z0457,scene_02,35,31500.0,356320.28571428574,5082887.142857143,2.0286343097686768,2.654174566268921,1.9940518140792847,100.0,HIGH PRIORITY,95th percentile prioritisation threshold,Spectral-stress evidence detected. Prioritise field inspection to determine the underlying cause. Field verification required.,397
scene_02-Z0619,scene_02,60,54000.0,374402.0,5077571.0,2.0283708572387695,2.5267350673675537,2.0309109687805176,100.0,HIGH PRIORITY,95th percentile prioritisation threshold,Spectral-stress evidence detected. Prioritise field inspection to determine the underlying cause. Field verification required.,398
scene_02-Z0177,scene_02,21,18900.0,362572.85714285716,5090842.857142857,2.028219699859619,2.525031805038452,1.9999483823776245,100.0,HIGH PRIORITY,95th percentile prioritisation threshold,Spectral-stress evidence detected. Prioritise field inspection to determine the underlying cause. Field verification required.,399
scene_02-Z0532,scene_02,13,11700.0,358883.07692307694,5080636.153846154,2.0279080867767334,2.316033363342285,2.0599145889282227,100.0,HIGH PRIORITY,95th percentile prioritisation threshold,Spectral-stress evidence detected. Prioritise field inspection to determine the underlying cause. Field verification required.,400
scene_02-Z0211,scene_02,9,8100.0,366670.0,5090246.666666667,2.026332139968872,2.280750274658203,1.9686087369918823,100.0,HIGH PRIORITY,95th percentile prioritisation threshold,Spectral-stress evidence detected. Prioritise field inspection to determine the underlying cause. Field verification required.,401
scene_02-Z0144,scene_02,11,9900.0,361208.1818181818,5091949.090909091,2.026247262954712,2.5470504760742188,1.9824020862579346,100.0,HIGH PRIORITY,95th percentile prioritisation threshold,Spectral-stress evidence detected. Prioritise field inspection to determine the underlying cause. Field verification required.,402
scene_02-Z0353,scene_02,9,8100.0,361706.6666666667,5086630.0,2.0257351398468018,2.3064515590667725,2.0301120281219482,100.0,HIGH PRIORITY,95th percentile prioritisation threshold,Spectral-stress evidence detected. Prioritise field inspection to determine the underlying cause. Field verification required.,403
scene_02-Z0328,scene_02,12,10800.0,363470.0,5087182.5,2.025569438934326,2.494401216506958,1.9846246242523193,100.0,HIGH PRIORITY,95th percentile prioritisation threshold,Spectral-stress evidence detected. Prioritise field inspection to determine the underlying cause. Field verification required.,404
scene_02-Z0084,scene_02,11,9900.0,366790.9090909091,5094368.181818182,2.025217056274414,2.459188938140869,1.8891021013259888,100.0,HIGH PRIORITY,95th percentile prioritisation threshold,Spectral-stress evidence detected. Prioritise field inspection to determine the underlying cause. Field verification required.,405
scene_02-Z0490,scene_02,19,17100.0,359744.2105263158,5081651.052631579,2.0251686573028564,2.5844404697418213,2.021731376647949,100.0,HIGH PRIORITY,95th percentile prioritisation threshold,Spectral-stress evidence detected. Prioritise field inspection to determine the underlying cause. Field verification required.,406
scene_02-Z0561,scene_02,13,11700.0,358347.6923076923,5079461.538461538,2.024627685546875,2.535400390625,1.9716109037399292,100.0,HIGH PRIORITY,95th percentile prioritisation threshold,Spectral-stress evidence detected. Prioritise field inspection to determine the underlying cause. Field verification required.,407
scene_02-Z0838,scene_02,44,39600.0,367105.9090909091,5067793.636363637,2.024040937423706,2.3832380771636963,1.9759820699691772,100.0,HIGH PRIORITY,95th percentile prioritisation threshold,Spectral-stress evidence detected. Prioritise field inspection to determine the underlying cause. Field verification required.,408
scene_02-Z0599,scene_02,12,10800.0,356215.0,5078315.0,2.023493528366089,2.2704386711120605,2.0659022331237793,100.0,HIGH PRIORITY,95th percentile prioritisation threshold,Spectral-stress evidence detected. Prioritise field inspection to determine the underlying cause. Field verification required.,409
scene_02-Z0496,scene_02,11,9900.0,356571.8181818182,5081476.363636363,2.022979259490967,2.656259775161743,1.9328742027282715,100.0,HIGH PRIORITY,95th percentile prioritisation threshold,Spectral-stress evidence detected. Prioritise field inspection to determine the underlying cause. Field verification required.,410
scene_02-Z0779,scene_02,291,261900.0,376327.9381443299,5071914.020618557,2.022366523742676,2.8456366062164307,1.9839929342269897,100.0,HIGH PRIORITY,95th percentile prioritisation threshold,Spectral-stress evidence detected. Prioritise field inspection to determine the underlying cause. Field verification required.,411
scene_02-Z0062,scene_02,11,9900.0,359918.1818181818,5095298.181818182,2.0217936038970947,2.2458903789520264,2.0947656631469727,100.0,HIGH PRIORITY,95th percentile prioritisation threshold,Spectral-stress evidence detected. Prioritise field inspection to determine the underlying cause. Field verification required.,412
scene_02-Z0044,scene_02,14,12600.0,365888.5714285714,5096110.714285715,2.0212385654449463,2.405125379562378,2.0196781158447266,100.0,HIGH PRIORITY,95th percentile prioritisation threshold,Spectral-stress evidence detected. Prioritise field inspection to determine the underlying cause. Field verification required.,413
scene_02-Z0677,scene_02,90,81000.0,355036.6666666667,5075634.666666667,2.021148920059204,2.6533164978027344,1.9971189498901367,100.0,HIGH PRIORITY,95th percentile prioritisation threshold,Spectral-stress evidence detected. Prioritise field inspection to determine the underlying cause. Field verification required.,414
scene_02-Z0013,scene_02,25,22500.0,364900.8,5098234.8,2.0205512046813965,2.474912405014038,2.0300705432891846,100.0,HIGH PRIORITY,95th percentile prioritisation threshold,Spectral-stress evidence detected. Prioritise field inspection to determine the underlying cause. Field verification required.,415
scene_02-Z0176,scene_02,22,19800.0,361975.9090909091,5090885.454545454,2.0204265117645264,2.575904130935669,1.9266009330749512,100.0,HIGH PRIORITY,95th percentile prioritisation threshold,Spectral-stress evidence detected. Prioritise field inspection to determine the underlying cause. Field verification required.,416
scene_02-Z0092,scene_02,18,16200.0,363223.3333333333,5094036.666666667,2.0195491313934326,2.684072971343994,1.9578220844268799,100.0,HIGH PRIORITY,95th percentile prioritisation threshold,Spectral-stress evidence detected. Prioritise field inspection to determine the underlying cause. Field verification required.,417
scene_02-Z0529,scene_02,9,8100.0,361250.0,5080656.666666667,2.019336223602295,2.4550344944000244,1.944201111793518,100.0,HIGH PRIORITY,95th percentile prioritisation threshold,Spectral-stress evidence detected. Prioritise field inspection to determine the underlying cause. Field verification required.,418
scene_02-Z0361,scene_02,16,14400.0,362988.75,5086434.375,2.0183897018432617,2.3299150466918945,2.0183324813842773,100.0,HIGH PRIORITY,95th percentile prioritisation threshold,Spectral-stress evidence detected. Prioritise field inspection to determine the underlying cause. Field verification required.,419
scene_02-Z0600,scene_02,39,35100.0,357686.92307692306,5078283.846153846,2.0183868408203125,2.438490867614746,1.9821419715881348,100.0,HIGH PRIORITY,95th percentile prioritisation threshold,Spectral-stress evidence detected. Prioritise field inspection to determine the underlying cause. Field verification required.,420
scene_02-Z0041,scene_02,13,11700.0,363036.92307692306,5096254.615384615,2.0181021690368652,2.409029960632324,1.9333252906799316,100.0,HIGH PRIORITY,95th percentile prioritisation threshold,Spectral-stress evidence detected. Prioritise field inspection to determine the underlying cause. Field verification required.,421
scene_02-Z0572,scene_02,9,8100.0,358206.6666666667,5079106.666666667,2.015392303466797,2.46842098236084,1.972108244895935,100.0,HIGH PRIORITY,95th percentile prioritisation threshold,Spectral-stress evidence detected. Prioritise field inspection to determine the underlying cause. Field verification required.,422
scene_02-Z0491,scene_02,21,18900.0,356315.71428571426,5081651.428571428,2.0146713256835938,2.7777328491210938,1.8895210027694702,100.0,HIGH PRIORITY,95th percentile prioritisation threshold,Spectral-stress evidence detected. Prioritise field inspection to determine the underlying cause. Field verification required.,423
scene_02-Z0037,scene_02,30,27000.0,365685.0,5096479.0,2.0139687061309814,2.5384113788604736,1.9887168407440186,100.0,HIGH PRIORITY,95th percentile prioritisation threshold,Spectral-stress evidence detected. Prioritise field inspection to determine the underlying cause. Field verification required.,424
scene_02-Z0744,scene_02,11,9900.0,363450.0,5073736.363636363,2.0134971141815186,2.292257308959961,2.006865978240967,100.0,HIGH PRIORITY,95th percentile prioritisation threshold,Spectral-stress evidence detected. Prioritise field inspection to determine the underlying cause. Field verification required.,425
scene_02-Z0534,scene_02,10,9000.0,357774.0,5080383.0,2.01310133934021,2.379485607147217,1.9817166328430176,100.0,HIGH PRIORITY,95th percentile prioritisation threshold,Spectral-stress evidence detected. Prioritise field inspection to determine the underlying cause. Field verification required.,426
scene_02-Z0484,scene_02,104,93600.0,360386.53846153844,5081605.384615385,2.0130441188812256,2.670135021209717,1.9908746480941772,100.0,HIGH PRIORITY,95th percentile prioritisation threshold,Spectral-stress evidence detected. Prioritise field inspection to determine the underlying cause. Field verification required.,427
scene_02-Z0502,scene_02,17,15300.0,356421.17647058825,5081246.470588235,2.0107789039611816,2.614081859588623,1.8557772636413574,100.0,HIGH PRIORITY,95th percentile prioritisation threshold,Spectral-stress evidence detected. Prioritise field inspection to determine the underlying cause. Field verification required.,428
scene_02-Z0587,scene_02,9,8100.0,363720.0,5078693.333333333,2.0104756355285645,2.577646493911743,1.8777499198913574,100.0,HIGH PRIORITY,95th percentile prioritisation threshold,Spectral-stress evidence detected. Prioritise field inspection to determine the underlying cause. Field verification required.,429
scene_02-Z0011,scene_02,10,9000.0,365157.0,5098389.0,2.0084967613220215,2.3780689239501953,1.9843127727508545,100.0,HIGH PRIORITY,95th percentile prioritisation threshold,Spectral-stress evidence detected. Prioritise field inspection to determine the underlying cause. Field verification required.,430
scene_02-Z0446,scene_02,104,93600.0,358077.6923076923,5083214.711538462,2.0084457397460938,2.6554439067840576,1.9998064041137695,100.0,HIGH PRIORITY,95th percentile prioritisation threshold,Spectral-stress evidence detected. Prioritise field inspection to determine the underlying cause. Field verification required.,431
scene_02-Z0322,scene_02,9,8100.0,362566.6666666667,5087320.0,2.006246328353882,2.209174156188965,1.9973230361938477,100.0,HIGH PRIORITY,95th percentile prioritisation threshold,Spectral-stress evidence detected. Prioritise field inspection to determine the underlying cause. Field verification required.,432
scene_02-Z0693,scene_02,135,121500.0,377303.55555555556,5075345.777777778,2.0046870708465576,2.6044368743896484,1.9887585639953613,100.0,HIGH PRIORITY,95th percentile prioritisation threshold,Spectral-stress evidence detected. Prioritise field inspection to determine the underlying cause. Field verification required.,433
scene_02-Z0125,scene_02,9,8100.0,363686.6666666667,5092503.333333333,2.004471778869629,2.412519931793213,1.9995148181915283,100.0,HIGH PRIORITY,95th percentile prioritisation threshold,Spectral-stress evidence detected. Prioritise field inspection to determine the underlying cause. Field verification required.,434
scene_02-Z0016,scene_02,9,8100.0,366443.3333333333,5098133.333333333,2.0044479370117188,2.298978090286255,1.9334814548492432,100.0,HIGH PRIORITY,95th percentile prioritisation threshold,Spectral-stress evidence detected. Prioritise field inspection to determine the underlying cause. Field verification required.,435
scene_02-Z0173,scene_02,11,9900.0,365972.7272727273,5091002.7272727275,2.0038504600524902,2.578247308731079,1.815391182899475,100.0,HIGH PRIORITY,95th percentile prioritisation threshold,Spectral-stress evidence detected. Prioritise field inspection to determine the underlying cause. Field verification required.,436
scene_02-Z0607,scene_02,22,19800.0,357675.0,5077937.7272727275,2.0032129287719727,2.396240472793579,1.957402229309082,100.0,HIGH PRIORITY,95th percentile prioritisation threshold,Spectral-stress evidence detected. Prioritise field inspection to determine the underlying cause. Field verification required.,437
scene_02-Z0429,scene_02,61,54900.0,358437.04918032786,5083752.786885246,2.002413749694824,2.880398988723755,1.931729793548584,100.0,HIGH PRIORITY,95th percentile prioritisation threshold,Spectral-stress evidence detected. Prioritise field inspection to determine the underlying cause. Field verification required.,438
scene_02-Z0472,scene_02,10,9000.0,356916.0,5082411.0,2.002112627029419,2.3972713947296143,1.9522604942321777,100.0,HIGH PRIORITY,95th percentile prioritisation threshold,Spectral-stress evidence detected. Prioritise field inspection to determine the underlying cause. Field verification required.,439
scene_02-Z0219,scene_02,23,20700.0,364468.6956521739,5089939.565217392,2.0009918212890625,2.5778234004974365,1.9841125011444092,100.0,HIGH PRIORITY,95th percentile prioritisation threshold,Spectral-stress evidence detected. Prioritise field inspection to determine the underlying cause. Field verification required.,440
scene_02-Z0553,scene_02,11,9900.0,357840.0,5079673.636363637,2.0005669593811035,2.376955270767212,1.9932477474212646,100.0,HIGH PRIORITY,95th percentile prioritisation threshold,Spectral-stress evidence detected. Prioritise field inspection to determine the underlying cause. Field verification required.,441
scene_02-Z0500,scene_02,673,605700.0,359465.4383358098,5080363.150074294,1.9995156526565552,2.768540382385254,1.9577445983886719,100.0,HIGH PRIORITY,95th percentile prioritisation threshold,Spectral-stress evidence detected. Prioritise field inspection to determine the underlying cause. Field verification required.,442
scene_02-Z0596,scene_02,17,15300.0,355570.5882352941,5078318.823529412,1.9988163709640503,2.356630563735962,2.003824234008789,100.0,HIGH PRIORITY,95th percentile prioritisation threshold,Spectral-stress evidence detected. Prioritise field inspection to determine the underlying cause. Field verification required.,443
scene_02-Z0524,scene_02,29,26100.0,355440.0,5080696.551724138,1.9987045526504517,2.265068769454956,1.9792331457138062,100.0,HIGH PRIORITY,95th percentile prioritisation threshold,Spectral-stress evidence detected. Prioritise field inspection to determine the underlying cause. Field verification required.,444
scene_02-Z0463,scene_02,76,68400.0,360313.4210526316,5082620.131578947,1.9983179569244385,2.92415452003479,1.9343316555023193,100.0,HIGH PRIORITY,95th percentile prioritisation threshold,Spectral-stress evidence detected. Prioritise field inspection to determine the underlying cause. Field verification required.,445
scene_02-Z0024,scene_02,21,18900.0,366445.71428571426,5097377.142857143,1.997320294380188,2.3560142517089844,1.9206151962280273,100.0,HIGH PRIORITY,95th percentile prioritisation threshold,Spectral-stress evidence detected. Prioritise field inspection to determine the underlying cause. Field verification required.,446
scene_02-Z0709,scene_02,11,9900.0,357960.0,5075160.0,1.9971896409988403,2.454343795776367,1.9365745782852173,100.0,HIGH PRIORITY,95th percentile prioritisation threshold,Spectral-stress evidence detected. Prioritise field inspection to determine the underlying cause. Field verification required.,447
scene_02-Z0772,scene_02,12,10800.0,354622.5,5072822.5,1.9971165657043457,2.5998642444610596,1.9358432292938232,100.0,HIGH PRIORITY,95th percentile prioritisation threshold,Spectral-stress evidence detected. Prioritise field inspection to determine the underlying cause. Field verification required.,448
scene_02-Z0613,scene_02,34,30600.0,356427.35294117645,5077759.411764706,1.9970622062683105,2.4952199459075928,1.9459056854248047,100.0,HIGH PRIORITY,95th percentile prioritisation threshold,Spectral-stress evidence detected. Prioritise field inspection to determine the underlying cause. Field verification required.,449
scene_02-Z0494,scene_02,79,71100.0,356000.5063291139,5081345.696202531,1.9967221021652222,2.5874462127685547,1.9675662517547607,100.0,HIGH PRIORITY,95th percentile prioritisation threshold,Spectral-stress evidence detected. Prioritise field inspection to determine the underlying cause. Field verification required.,450
scene_02-Z0762,scene_02,110,99000.0,377949.54545454547,5073186.0,1.9959529638290405,3.0377414226531982,1.917980670928955,100.0,HIGH PRIORITY,95th percentile prioritisation threshold,Spectral-stress evidence detected. Prioritise field inspection to determine the underlying cause. Field verification required.,451
scene_02-Z0058,scene_02,13,11700.0,363470.76923076925,5095481.538461538,1.995337963104248,2.496464252471924,1.9789297580718994,100.0,HIGH PRIORITY,95th percentile prioritisation threshold,Spectral-stress evidence detected. Prioritise field inspection to determine the underlying cause. Field verification required.,452
scene_02-Z0136,scene_02,16,14400.0,361871.25,5092070.625,1.9938266277313232,2.7950613498687744,1.904137134552002,100.0,HIGH PRIORITY,95th percentile prioritisation threshold,Spectral-stress evidence detected. Prioritise field inspection to determine the underlying cause. Field verification required.,453
scene_02-Z0451,scene_02,23,20700.0,358596.52173913043,5083202.608695652,1.9934161901474,2.722806215286255,1.9352912902832031,100.0,HIGH PRIORITY,95th percentile prioritisation threshold,Spectral-stress evidence detected. Prioritise field inspection to determine the underlying cause. Field verification required.,454
scene_02-Z0059,scene_02,10,9000.0,366897.0,5095440.0,1.9933044910430908,2.2733683586120605,1.9615730047225952,100.0,HIGH PRIORITY,95th percentile prioritisation threshold,Spectral-stress evidence detected. Prioritise field inspection to determine the underlying cause. Field verification required.,455
scene_02-Z0782,scene_02,13,11700.0,364320.0,5072148.461538462,1.9923211336135864,2.3885045051574707,1.9140383005142212,100.0,HIGH PRIORITY,95th percentile prioritisation threshold,Spectral-stress evidence detected. Prioritise field inspection to determine the underlying cause. Field verification required.,456
scene_02-Z0610,scene_02,53,47700.0,357309.0566037736,5077794.905660378,1.9923187494277954,2.5199553966522217,1.9404984712600708,100.0,HIGH PRIORITY,95th percentile prioritisation threshold,Spectral-stress evidence detected. Prioritise field inspection to determine the underlying cause. Field verification required.,457
scene_02-Z0542,scene_02,19,17100.0,355345.2631578947,5080073.684210527,1.9922553300857544,2.6601579189300537,1.8476918935775757,100.0,HIGH PRIORITY,95th percentile prioritisation threshold,Spectral-stress evidence detected. Prioritise field inspection to determine the underlying cause. Field verification required.,458
scene_02-Z0473,scene_02,11,9900.0,358320.0,5082390.0,1.9919778108596802,2.382982015609741,1.986491322517395,100.0,HIGH PRIORITY,95th percentile prioritisation threshold,Spectral-stress evidence detected. Prioritise field inspection to determine the underlying cause. Field verification required.,459
scene_02-Z0531,scene_02,9,8100.0,357896.6666666667,5080646.666666667,1.9919190406799316,2.671788454055786,1.9601424932479858,100.0,HIGH PRIORITY,95th percentile prioritisation threshold,Spectral-stress evidence detected. Prioritise field inspection to determine the underlying cause. Field verification required.,460
scene_02-Z0387,scene_02,10,9000.0,363594.0,5085867.0,1.9912519454956055,2.5656795501708984,1.9418525695800781,100.0,HIGH PRIORITY,95th percentile prioritisation threshold,Spectral-stress evidence detected. Prioritise field inspection to determine the underlying cause. Field verification required.,461
scene_02-Z0590,scene_02,13,11700.0,357341.53846153844,5078531.538461538,1.9910398721694946,2.4400341510772705,1.9862631559371948,100.0,HIGH PRIORITY,95th percentile prioritisation threshold,Spectral-stress evidence detected. Prioritise field inspection to determine the underlying cause. Field verification required.,462
scene_02-Z0169,scene_02,9,8100.0,363436.6666666667,5091156.666666667,1.9906353950500488,2.2626726627349854,1.9530894756317139,100.0,HIGH PRIORITY,95th percentile prioritisation threshold,Spectral-stress evidence detected. Prioritise field inspection to determine the underlying cause. Field verification required.,463
scene_02-Z0510,scene_02,9,8100.0,355976.6666666667,5081156.666666667,1.9898886680603027,2.3035032749176025,1.9568814039230347,100.0,HIGH PRIORITY,95th percentile prioritisation threshold,Spectral-stress evidence detected. Prioritise field inspection to determine the underlying cause. Field verification required.,464
scene_02-Z0379,scene_02,18,16200.0,363143.3333333333,5085968.333333333,1.989869236946106,2.248500108718872,2.0735116004943848,100.0,HIGH PRIORITY,95th percentile prioritisation threshold,Spectral-stress evidence detected. Prioritise field inspection to determine the underlying cause. Field verification required.,465
scene_02-Z0359,scene_02,11,9900.0,359967.2727272727,5086483.636363637,1.989719271659851,2.22409987449646,1.9820700883865356,100.0,HIGH PRIORITY,95th percentile prioritisation threshold,Spectral-stress evidence detected. Prioritise field inspection to determine the underlying cause. Field verification required.,466
scene_02-Z0528,scene_02,23,20700.0,359907.39130434784,5080612.173913044,1.9894837141036987,2.3176815509796143,1.977807879447937,100.0,HIGH PRIORITY,95th percentile prioritisation threshold,Spectral-stress evidence detected. Prioritise field inspection to determine the underlying cause. Field verification required.,467
scene_02-Z0277,scene_02,12,10800.0,382877.5,5088477.5,1.9874582290649414,2.208819627761841,1.966178059577942,100.0,HIGH PRIORITY,95th percentile prioritisation threshold,Spectral-stress evidence detected. Prioritise field inspection to determine the underlying cause. Field verification required.,468
scene_02-Z0636,scene_02,13,11700.0,356259.23076923075,5077163.076923077,1.9857341051101685,2.61177396774292,1.8457129001617432,100.0,HIGH PRIORITY,95th percentile prioritisation threshold,Spectral-stress evidence detected. Prioritise field inspection to determine the underlying cause. Field verification required.,469
scene_02-Z0413,scene_02,67,60300.0,362001.0447761194,5084558.507462687,1.9856929779052734,2.457332134246826,1.947700023651123,100.0,HIGH PRIORITY,95th percentile prioritisation threshold,Spectral-stress evidence detected. Prioritise field inspection to determine the underlying cause. Field verification required.,470
scene_02-Z0666,scene_02,10,9000.0,356835.0,5076198.0,1.9854243993759155,2.195638418197632,1.994239330291748,100.0,HIGH PRIORITY,95th percentile prioritisation threshold,Spectral-stress evidence detected. Prioritise field inspection to determine the underlying cause. Field verification required.,471
scene_02-Z0478,scene_02,17,15300.0,358711.76470588235,5082112.94117647,1.9850794076919556,2.701357364654541,1.9436413049697876,100.0,HIGH PRIORITY,95th percentile prioritisation threshold,Spectral-stress evidence detected. Prioritise field inspection to determine the underlying cause. Field verification required.,472
scene_02-Z0280,scene_02,14,12600.0,383093.5714285714,5088411.428571428,1.9844048023223877,2.3096635341644287,1.9917454719543457,100.0,HIGH PRIORITY,95th percentile prioritisation threshold,Spectral-stress evidence detected. Prioritise field inspection to determine the underlying cause. Field verification required.,473
scene_02-Z0366,scene_02,13,11700.0,364089.23076923075,5086320.0,1.9838786125183105,2.1812362670898438,1.966957926750183,100.0,HIGH PRIORITY,95th percentile prioritisation threshold,Spectral-stress evidence detected. Prioritise field inspection to determine the underlying cause. Field verification required.,474
scene_02-Z0015,scene_02,17,15300.0,365640.0,5098064.117647059,1.9825688600540161,2.4747753143310547,1.8379669189453125,100.0,HIGH PRIORITY,95th percentile prioritisation threshold,Spectral-stress evidence detected. Prioritise field inspection to determine the underlying cause. Field verification required.,475
scene_02-Z0377,scene_02,11,9900.0,356866.36363636365,5086028.181818182,1.982079029083252,2.1436660289764404,2.00132155418396,100.0,HIGH PRIORITY,95th percentile prioritisation threshold,Spectral-stress evidence detected. Prioritise field inspection to determine the underlying cause. Field verification required.,476
scene_02-Z0705,scene_02,15,13500.0,354334.0,5075300.0,1.9815913438796997,2.504605531692505,1.9386118650436401,100.0,HIGH PRIORITY,95th percentile prioritisation threshold,Spectral-stress evidence detected. Prioritise field inspection to determine the underlying cause. Field verification required.,477
scene_02-Z0753,scene_02,9,8100.0,375646.6666666667,5073513.333333333,1.9812829494476318,2.279010057449341,1.9233289957046509,100.0,HIGH PRIORITY,95th percentile prioritisation threshold,Spectral-stress evidence detected. Prioritise field inspection to determine the underlying cause. Field verification required.,478
scene_02-Z0397,scene_02,16,14400.0,358261.875,5085678.75,1.9810514450073242,2.2994091510772705,1.9927712678909302,100.0,HIGH PRIORITY,95th percentile prioritisation threshold,Spectral-stress evidence detected. Prioritise field inspection to determine the underlying cause. Field verification required.,479
scene_02-Z0489,scene_02,12,10800.0,356570.0,5081667.5,1.9809565544128418,2.4336729049682617,1.8764888048171997,100.0,HIGH PRIORITY,95th percentile prioritisation threshold,Spectral-stress evidence detected. Prioritise field inspection to determine the underlying cause. Field verification required.,480
scene_02-Z0018,scene_02,76,68400.0,365028.94736842107,5097874.342105263,1.9808390140533447,2.6036171913146973,1.8849709033966064,100.0,HIGH PRIORITY,95th percentile prioritisation threshold,Spectral-stress evidence detected. Prioritise field inspection to determine the underlying cause. Field verification required.,481
scene_02-Z0439,scene_02,25,22500.0,356324.4,5083576.8,1.9799515008926392,2.606642484664917,1.910280704498291,100.0,HIGH PRIORITY,95th percentile prioritisation threshold,Spectral-stress evidence detected. Prioritise field inspection to determine the underlying cause. Field verification required.,482
scene_02-Z0157,scene_02,10,9000.0,362673.0,5091510.0,1.9799020290374756,2.436906099319458,1.9257208108901978,100.0,HIGH PRIORITY,95th percentile prioritisation threshold,Spectral-stress evidence detected. Prioritise field inspection to determine the underlying cause. Field verification required.,483
scene_02-Z0535,scene_02,11,9900.0,358164.54545454547,5080396.363636363,1.9793288707733154,2.225705146789551,1.966322660446167,100.0,HIGH PRIORITY,95th percentile prioritisation threshold,Spectral-stress evidence detected. Prioritise field inspection to determine the underlying cause. Field verification required.,484
scene_02-Z0499,scene_02,14,12600.0,358017.85714285716,5081333.571428572,1.979048728942871,2.631068229675293,1.8568682670593262,100.0,HIGH PRIORITY,95th percentile prioritisation threshold,Spectral-stress evidence detected. Prioritise field inspection to determine the underlying cause. Field verification required.,485
scene_02-Z0398,scene_02,203,182700.0,358166.6009852217,5085452.5123152705,1.9784265756607056,2.7916781902313232,1.9138290882110596,100.0,HIGH PRIORITY,95th percentile prioritisation threshold,Spectral-stress evidence detected. Prioritise field inspection to determine the underlying cause. Field verification required.,486
scene_02-Z0556,scene_02,11,9900.0,358666.36363636365,5079570.0,1.977962613105774,2.6518030166625977,1.8833907842636108,100.0,HIGH PRIORITY,95th percentile prioritisation threshold,Spectral-stress evidence detected. Prioritise field inspection to determine the underlying cause. Field verification required.,487
scene_02-Z0814,scene_02,44,39600.0,362637.2727272727,5070203.181818182,1.9776358604431152,2.405406951904297,1.972362756729126,100.0,HIGH PRIORITY,95th percentile prioritisation threshold,Spectral-stress evidence detected. Prioritise field inspection to determine the underlying cause. Field verification required.,488
scene_02-Z0269,scene_02,28,25200.0,361119.64285714284,5088805.714285715,1.9773765802383423,2.434016227722168,1.9413483142852783,100.0,HIGH PRIORITY,95th percentile prioritisation threshold,Spectral-stress evidence detected. Prioritise field inspection to determine the underlying cause. Field verification required.,489
scene_02-Z0669,scene_02,18,16200.0,355023.3333333333,5076113.333333333,1.9765756130218506,2.462918758392334,1.924235224723816,100.0,HIGH PRIORITY,95th percentile prioritisation threshold,Spectral-stress evidence detected. Prioritise field inspection to determine the underlying cause. Field verification required.,490
scene_02-Z0732,scene_02,20,18000.0,358974.0,5074039.5,1.9759838581085205,2.4302499294281006,1.972765326499939,100.0,HIGH PRIORITY,95th percentile prioritisation threshold,Spectral-stress evidence detected. Prioritise field inspection to determine the underlying cause. Field verification required.,491
scene_02-Z0459,scene_02,13,11700.0,359395.3846153846,5082874.615384615,1.9751191139221191,2.3819048404693604,1.8831770420074463,100.0,HIGH PRIORITY,95th percentile prioritisation threshold,Spectral-stress evidence detected. Prioritise field inspection to determine the underlying cause. Field verification required.,492
scene_02-Z0401,scene_02,10,9000.0,376884.0,5085450.0,1.9751136302947998,2.3041865825653076,1.9078038930892944,100.0,HIGH PRIORITY,95th percentile prioritisation threshold,Spectral-stress evidence detected. Prioritise field inspection to determine the underlying cause. Field verification required.,493
scene_02-Z0287,scene_02,12,10800.0,363982.5,5088077.5,1.974678635597229,2.317621946334839,1.9273022413253784,100.0,HIGH PRIORITY,95th percentile prioritisation threshold,Spectral-stress evidence detected. Prioritise field inspection to determine the underlying cause. Field verification required.,494
scene_02-Z0803,scene_02,59,53100.0,354739.3220338983,5070787.118644068,1.97423255443573,2.536761522293091,1.9079012870788574,100.0,HIGH PRIORITY,95th percentile prioritisation threshold,Spectral-stress evidence detected. Prioritise field inspection to determine the underlying cause. Field verification required.,495
scene_02-Z0667,scene_02,11,9900.0,357510.0,5076128.181818182,1.9742130041122437,2.4855551719665527,1.8850101232528687,100.0,HIGH PRIORITY,95th percentile prioritisation threshold,Spectral-stress evidence detected. Prioritise field inspection to determine the underlying cause. Field verification required.,496
scene_02-Z0829,scene_02,47,42300.0,369582.7659574468,5069121.70212766,1.9736930131912231,2.4689457416534424,1.9368594884872437,100.0,HIGH PRIORITY,95th percentile prioritisation threshold,Spectral-stress evidence detected. Prioritise field inspection to determine the underlying cause. Field verification required.,497
scene_02-Z0087,scene_02,12,10800.0,359627.5,5094217.5,1.9734158515930176,2.2446813583374023,2.0013508796691895,100.0,HIGH PRIORITY,95th percentile prioritisation threshold,Spectral-stress evidence detected. Prioritise field inspection to determine the underlying cause. Field verification required.,498
scene_02-Z0207,scene_02,79,71100.0,361670.5063291139,5090147.088607595,1.9730383157730103,2.451517343521118,1.9362189769744873,100.0,HIGH PRIORITY,95th percentile prioritisation threshold,Spectral-stress evidence detected. Prioritise field inspection to determine the underlying cause. Field verification required.,499
scene_02-Z0407,scene_02,10,9000.0,362736.0,5085222.0,1.9729702472686768,2.261000156402588,1.989689588546753,100.0,HIGH PRIORITY,95th percentile prioritisation threshold,Spectral-stress evidence detected. Prioritise field inspection to determine the underlying cause. Field verification required.,500
scene_02-Z0198,scene_02,11,9900.0,364131.8181818182,5090460.0,1.9726208448410034,2.306135654449463,1.9630522727966309,100.0,HIGH PRIORITY,95th percentile prioritisation threshold,Spectral-stress evidence detected. Prioritise field inspection to determine the underlying cause. Field verification required.,501
scene_02-Z0001,scene_02,11,9900.0,364238.1818181818,5099370.0,1.9724339246749878,2.3681769371032715,1.8995033502578735,100.0,HIGH PRIORITY,95th percentile prioritisation threshold,Spectral-stress evidence detected. Prioritise field inspection to determine the underlying cause. Field verification required.,502
scene_02-Z0754,scene_02,10,9000.0,353505.0,5073462.0,1.9721028804779053,2.3864288330078125,1.9688564538955688,100.0,HIGH PRIORITY,95th percentile prioritisation threshold,Spectral-stress evidence detected. Prioritise field inspection to determine the underlying cause. Field verification required.,503
scene_02-Z0735,scene_02,26,23400.0,376288.8461538461,5074010.769230769,1.9714432954788208,2.380112648010254,1.9469908475875854,100.0,HIGH PRIORITY,95th percentile prioritisation threshold,Spectral-stress evidence detected. Prioritise field inspection to determine the underlying cause. Field verification required.,504
scene_02-Z0076,scene_02,105,94500.0,360471.71428571426,5094478.285714285,1.9709081649780273,2.6769115924835205,1.9379760026931763,100.0,HIGH PRIORITY,95th percentile prioritisation threshold,Spectral-stress evidence detected. Prioritise field inspection to determine the underlying cause. Field verification required.,505
scene_02-Z0426,scene_02,16,14400.0,357592.5,5084088.75,1.9702599048614502,2.2994120121002197,1.978712558746338,100.0,HIGH PRIORITY,95th percentile prioritisation threshold,Spectral-stress evidence detected. Prioritise field inspection to determine the underlying cause. Field verification required.,506
scene_02-Z0525,scene_02,58,52200.0,358502.0689655172,5080652.586206896,1.9701594114303589,2.7099828720092773,1.9302290678024292,100.0,HIGH PRIORITY,95th percentile prioritisation threshold,Spectral-stress evidence detected. Prioritise field inspection to determine the underlying cause. Field verification required.,507
scene_02-Z0469,scene_02,19,17100.0,361211.05263157893,5082604.736842105,1.9693533182144165,2.2920002937316895,1.9272615909576416,100.0,HIGH PRIORITY,95th percentile prioritisation threshold,Spectral-stress evidence detected. Prioritise field inspection to determine the underlying cause. Field verification required.,508
scene_02-Z0315,scene_02,33,29700.0,357328.1818181818,5087539.090909091,1.9683055877685547,2.3145437240600586,1.95722496509552,100.0,HIGH PRIORITY,95th percentile prioritisation threshold,Spectral-stress evidence detected. Prioritise field inspection to determine the underlying cause. Field verification required.,509
scene_02-Z0382,scene_02,590,531000.0,361570.0677966102,5085432.864406779,1.96829354763031,2.877464771270752,1.8986337184906006,100.0,HIGH PRIORITY,95th percentile prioritisation threshold,Spectral-stress evidence detected. Prioritise field inspection to determine the underlying cause. Field verification required.,510
scene_02-Z0057,scene_02,14,12600.0,367645.71428571426,5095506.428571428,1.968266487121582,2.401792049407959,1.972361445426941,100.0,HIGH PRIORITY,95th percentile prioritisation threshold,Spectral-stress evidence detected. Prioritise field inspection to determine the underlying cause. Field verification required.,511
scene_02-Z0051,scene_02,11,9900.0,364126.36363636365,5095794.545454546,1.9669952392578125,2.349552631378174,1.8574402332305908,100.0,HIGH PRIORITY,95th percentile prioritisation threshold,Spectral-stress evidence detected. Prioritise field inspection to determine the underlying cause. Field verification required.,512
scene_02-Z0292,scene_02,34,30600.0,363524.1176470588,5088034.411764706,1.9669026136398315,2.399794101715088,1.9395053386688232,100.0,HIGH PRIORITY,95th percentile prioritisation threshold,Spectral-stress evidence detected. Prioritise field inspection to determine the underlying cause. Field verification required.,513
scene_02-Z0716,scene_02,18,16200.0,354738.3333333333,5074891.666666667,1.965119481086731,2.1859076023101807,1.9706544876098633,100.0,HIGH PRIORITY,95th percentile prioritisation threshold,Spectral-stress evidence detected. Prioritise field inspection to determine the underlying cause. Field verification required.,514
scene_02-Z0575,scene_02,9,8100.0,359036.6666666667,5079016.666666667,1.965035080909729,2.2905526161193848,1.9132685661315918,100.0,HIGH PRIORITY,95th percentile prioritisation threshold,Spectral-stress evidence detected. Prioritise field inspection to determine the underlying cause. Field verification required.,515
scene_02-Z0706,scene_02,20,18000.0,354003.0,5075256.0,1.9638761281967163,2.3310835361480713,1.9317879676818848,100.0,HIGH PRIORITY,95th percentile prioritisation threshold,Spectral-stress evidence detected. Prioritise field inspection to determine the underlying cause. Field verification required.,516
scene_02-Z0112,scene_02,11,9900.0,360455.45454545453,5093170.909090909,1.9629918336868286,2.3308916091918945,1.961348056793213,100.0,HIGH PRIORITY,95th percentile prioritisation threshold,Spectral-stress evidence detected. Prioritise field inspection to determine the underlying cause. Field verification required.,517
scene_02-Z0254,scene_02,23,20700.0,357834.7826086957,5089014.782608695,1.961614727973938,2.483219623565674,1.9089897871017456,100.0,HIGH PRIORITY,95th percentile prioritisation threshold,Spectral-stress evidence detected. Prioritise field inspection to determine the underlying cause. Field verification required.,518
scene_02-Z0537,scene_02,15,13500.0,359746.0,5080336.0,1.9612778425216675,2.2144508361816406,1.9611016511917114,100.0,HIGH PRIORITY,95th percentile prioritisation threshold,Spectral-stress evidence detected. Prioritise field inspection to determine the underlying cause. Field verification required.,519
scene_02-Z0474,scene_02,13,11700.0,357881.53846153844,5082318.461538462,1.9610886573791504,2.2063639163970947,1.9555872678756714,100.0,HIGH PRIORITY,95th percentile prioritisation threshold,Spectral-stress evidence detected. Prioritise field inspection to determine the underlying cause. Field verification required.,520
scene_02-Z0650,scene_02,25,22500.0,357200.4,5076682.8,1.9601627588272095,2.3637843132019043,1.932127833366394,100.0,HIGH PRIORITY,95th percentile prioritisation threshold,Spectral-stress evidence detected. Prioritise field inspection to determine the underlying cause. Field verification required.,521
scene_02-Z0683,scene_02,12,10800.0,354092.5,5075785.0,1.9597268104553223,2.1624090671539307,1.9608204364776611,100.0,HIGH PRIORITY,95th percentile prioritisation threshold,Spectral-stress evidence detected. Prioritise field inspection to determine the underlying cause. Field verification required.,522
scene_02-Z0519,scene_02,11,9900.0,362727.2727272727,5080990.909090909,1.9597053527832031,2.444293260574341,1.869098424911499,100.0,HIGH PRIORITY,95th percentile prioritisation threshold,Spectral-stress evidence detected. Prioritise field inspection to determine the underlying cause. Field verification required.,523
scene_02-Z0121,scene_02,19,17100.0,366511.5789473684,5092646.842105263,1.9596166610717773,2.3543953895568848,1.9411957263946533,100.0,HIGH PRIORITY,95th percentile prioritisation threshold,Spectral-stress evidence detected. Prioritise field inspection to determine the underlying cause. Field verification required.,524
scene_02-Z0165,scene_02,12,10800.0,361140.0,5091207.5,1.9595484733581543,2.2096807956695557,1.9333856105804443,100.0,HIGH PRIORITY,95th percentile prioritisation threshold,Spectral-stress evidence detected. Prioritise field inspection to determine the underlying cause. Field verification required.,525
scene_02-Z0203,scene_02,10,9000.0,366237.0,5090337.0,1.9572004079818726,2.1490931510925293,2.0171799659729004,100.0,HIGH PRIORITY,95th percentile prioritisation threshold,Spectral-stress evidence detected. Prioritise field inspection to determine the underlying cause. Field verification required.,526
scene_02-Z0291,scene_02,553,497700.0,361275.0813743219,5087651.175406871,1.9566937685012817,2.7347018718719482,1.9294867515563965,100.0,HIGH PRIORITY,95th percentile prioritisation threshold,Spectral-stress evidence detected. Prioritise field inspection to determine the underlying cause. Field verification required.,527
scene_02-Z0594,scene_02,10,9000.0,355140.0,5078406.0,1.95547616481781,2.213184118270874,1.9482061862945557,100.0,HIGH PRIORITY,95th percentile prioritisation threshold,Spectral-stress evidence detected. Prioritise field inspection to determine the underlying cause. Field verification required.,528
scene_02-Z0733,scene_02,82,73800.0,378633.65853658534,5073896.707317073,1.9542351961135864,2.791307210922241,1.8937873840332031,100.0,HIGH PRIORITY,95th percentile prioritisation threshold,Spectral-stress evidence detected. Prioritise field inspection to determine the underlying cause. Field verification required.,529
scene_02-Z0785,scene_02,13,11700.0,357570.0,5072097.692307692,1.9538606405258179,2.233228921890259,1.8994544744491577,100.0,HIGH PRIORITY,95th percentile prioritisation threshold,Spectral-stress evidence detected. Prioritise field inspection to determine the underlying cause. Field verification required.,530
scene_02-Z0288,scene_02,10,9000.0,364371.0,5088084.0,1.9533363580703735,2.4263830184936523,1.9094243049621582,100.0,HIGH PRIORITY,95th percentile prioritisation threshold,Spectral-stress evidence detected. Prioritise field inspection to determine the underlying cause. Field verification required.,531
scene_02-Z0081,scene_02,10,9000.0,366264.0,5094429.0,1.9531654119491577,2.4967212677001953,1.9609925746917725,100.0,HIGH PRIORITY,95th percentile prioritisation threshold,Spectral-stress evidence detected. Prioritise field inspection to determine the underlying cause. Field verification required.,532
scene_02-Z0691,scene_02,10,9000.0,353979.0,5075577.0,1.9529082775115967,2.215947389602661,1.9492216110229492,100.0,HIGH PRIORITY,95th percentile prioritisation threshold,Spectral-stress evidence detected. Prioritise field inspection to determine the underlying cause. Field verification required.,533
scene_02-Z0642,scene_02,15,13500.0,377972.0,5077026.0,1.952907681465149,2.1260745525360107,1.9800281524658203,100.0,HIGH PRIORITY,95th percentile prioritisation threshold,Spectral-stress evidence detected. Prioritise field inspection to determine the underlying cause. Field verification required.,534
scene_02-Z0241,scene_02,50,45000.0,361995.0,5089336.2,1.9529074430465698,2.494112253189087,1.8682821989059448,100.0,HIGH PRIORITY,95th percentile prioritisation threshold,Spectral-stress evidence detected. Prioritise field inspection to determine the underlying cause. Field verification required.,535
scene_02-Z0336,scene_02,21,18900.0,359530.0,5087024.285714285,1.9525922536849976,2.2737162113189697,1.8916345834732056,100.0,HIGH PRIORITY,95th percentile prioritisation threshold,Spectral-stress evidence detected. Prioritise field inspection to determine the underlying cause. Field verification required.,536
scene_02-Z0028,scene_02,31,27900.0,366910.6451612903,5097166.451612903,1.9525249004364014,2.4262585639953613,1.9020346403121948,100.0,HIGH PRIORITY,95th percentile prioritisation threshold,Spectral-stress evidence detected. Prioritise field inspection to determine the underlying cause. Field verification required.,537
scene_02-Z0047,scene_02,16,14400.0,363071.25,5096023.125,1.9517358541488647,2.4492547512054443,1.9242215156555176,100.0,HIGH PRIORITY,95th percentile prioritisation threshold,Spectral-stress evidence detected. Prioritise field inspection to determine the underlying cause. Field verification required.,538
scene_02-Z0230,scene_02,16,14400.0,359366.25,5089663.125,1.9516888856887817,2.857126235961914,1.853064775466919,100.0,HIGH PRIORITY,95th percentile prioritisation threshold,Spectral-stress evidence detected. Prioritise field inspection to determine the underlying cause. Field verification required.,539
scene_02-Z0518,scene_02,23,20700.0,360039.1304347826,5080906.956521739,1.9516063928604126,2.4218173027038574,1.9145786762237549,100.0,HIGH PRIORITY,95th percentile prioritisation threshold,Spectral-stress evidence detected. Prioritise field inspection to determine the underlying cause. Field verification required.,540
scene_02-Z0563,scene_02,9,8100.0,357766.6666666667,5079346.666666667,1.9515389204025269,2.5363245010375977,1.9254767894744873,100.0,HIGH PRIORITY,95th percentile prioritisation threshold,Spectral-stress evidence detected. Prioritise field inspection to determine the underlying cause. Field verification required.,541
scene_02-Z0573,scene_02,15,13500.0,358710.0,5079060.0,1.949231505393982,2.400947332382202,1.8814595937728882,100.0,HIGH PRIORITY,95th percentile prioritisation threshold,Spectral-stress evidence detected. Prioritise field inspection to determine the underlying cause. Field verification required.,542
scene_02-Z0460,scene_02,14,12600.0,363064.28571428574,5082812.142857143,1.9484647512435913,2.2725512981414795,1.9668354988098145,100.0,HIGH PRIORITY,95th percentile prioritisation threshold,Spectral-stress evidence detected. Prioritise field inspection to determine the underlying cause. Field verification required.,543
scene_02-Z0593,scene_02,45,40500.0,376146.6666666667,5078310.666666667,1.9483511447906494,2.209778308868408,1.941296935081482,100.0,HIGH PRIORITY,95th percentile prioritisation threshold,Spectral-stress evidence detected. Prioritise field inspection to determine the underlying cause. Field verification required.,544
scene_02-Z0191,scene_02,17,15300.0,360718.23529411765,5090610.0,1.9477930068969727,2.2474629878997803,1.9061059951782227,100.0,HIGH PRIORITY,95th percentile prioritisation threshold,Spectral-stress evidence detected. Prioritise field inspection to determine the underlying cause. Field verification required.,545
scene_02-Z0662,scene_02,26,23400.0,355285.3846153846,5076333.461538462,1.9474940299987793,2.254340171813965,1.8916816711425781,100.0,HIGH PRIORITY,95th percentile prioritisation threshold,Spectral-stress evidence detected. Prioritise field inspection to determine the underlying cause. Field verification required.,546
scene_02-Z0345,scene_02,23,20700.0,357070.4347826087,5086743.9130434785,1.947163462638855,2.3489608764648438,1.914077877998352,100.0,HIGH PRIORITY,95th percentile prioritisation threshold,Spectral-stress evidence detected. Prioritise field inspection to determine the underlying cause. Field verification required.,547
scene_02-Z0118,scene_02,24,21600.0,367222.5,5092688.75,1.9467897415161133,2.3156323432922363,1.9505099058151245,100.0,HIGH PRIORITY,95th percentile prioritisation threshold,Spectral-stress evidence detected. Prioritise field inspection to determine the underlying cause. Field verification required.,548
scene_02-Z0755,scene_02,16,14400.0,358972.5,5073361.875,1.946427345275879,2.6435272693634033,1.8849468231201172,100.0,HIGH PRIORITY,95th percentile prioritisation threshold,Spectral-stress evidence detected. Prioritise field inspection to determine the underlying cause. Field verification required.,549
scene_02-Z0085,scene_02,11,9900.0,359470.9090909091,5094338.181818182,1.9452224969863892,2.1691372394561768,1.943483829498291,100.0,HIGH PRIORITY,95th percentile prioritisation threshold,Spectral-stress evidence detected. Prioritise field inspection to determine the underlying cause. Field verification required.,550
scene_02-Z0035,scene_02,9,8100.0,366803.3333333333,5096583.333333333,1.9447476863861084,2.2484986782073975,1.947137713432312,100.0,HIGH PRIORITY,95th percentile prioritisation threshold,Spectral-stress evidence detected. Prioritise field inspection to determine the underlying cause. Field verification required.,551
scene_02-Z0640,scene_02,16,14400.0,357163.125,5076990.0,1.9444379806518555,2.3529467582702637,1.9405211210250854,100.0,HIGH PRIORITY,95th percentile prioritisation threshold,Spectral-stress evidence detected. Prioritise field inspection to determine the underlying cause. Field verification required.,552
scene_02-Z0576,scene_02,10,9000.0,357369.0,5078997.0,1.944248914718628,2.3191208839416504,1.9259161949157715,100.0,HIGH PRIORITY,95th percentile prioritisation threshold,Spectral-stress evidence detected. Prioritise field inspection to determine the underlying cause. Field verification required.,553
scene_02-Z0798,scene_02,17,15300.0,354485.29411764705,5071159.411764706,1.9438676834106445,2.141221761703491,1.9539157152175903,100.0,HIGH PRIORITY,95th percentile prioritisation threshold,Spectral-stress evidence detected. Prioritise field inspection to determine the underlying cause. Field verification required.,554
scene_02-Z0089,scene_02,16,14400.0,361053.75,5094166.875,1.9437086582183838,2.233952522277832,1.8888643980026245,100.0,HIGH PRIORITY,95th percentile prioritisation threshold,Spectral-stress evidence detected. Prioritise field inspection to determine the underlying cause. Field verification required.,555
scene_02-Z0129,scene_02,22,19800.0,359995.9090909091,5092318.636363637,1.941534161567688,2.1383020877838135,1.9520273208618164,100.0,HIGH PRIORITY,95th percentile prioritisation threshold,Spectral-stress evidence detected. Prioritise field inspection to determine the underlying cause. Field verification required.,556
scene_02-Z0314,scene_02,10,9000.0,358251.0,5087625.0,1.941009521484375,2.4027762413024902,1.8674099445343018,100.0,HIGH PRIORITY,95th percentile prioritisation threshold,Spectral-stress evidence detected. Prioritise field inspection to determine the underlying cause. Field verification required.,557
scene_02-Z0108,scene_02,9,8100.0,366580.0,5093453.333333333,1.9409081935882568,2.16690731048584,1.9387760162353516,100.0,HIGH PRIORITY,95th percentile prioritisation threshold,Spectral-stress evidence detected. Prioritise field inspection to determine the underlying cause. Field verification required.,558
scene_02-Z0107,scene_02,15,13500.0,360728.0,5093484.0,1.9403622150421143,2.113067626953125,1.9058493375778198,100.0,HIGH PRIORITY,95th percentile prioritisation threshold,Spectral-stress evidence detected. Prioritise field inspection to determine the underlying cause. Field verification required.,559
scene_02-Z0479,scene_02,17,15300.0,355826.4705882353,5082038.823529412,1.9380513429641724,2.443929433822632,1.879272699356079,100.0,HIGH PRIORITY,95th percentile prioritisation threshold,Spectral-stress evidence detected. Prioritise field inspection to determine the underlying cause. Field verification required.,560
scene_02-Z0708,scene_02,16,14400.0,355951.875,5075133.75,1.937993049621582,2.2754273414611816,1.8792250156402588,100.0,HIGH PRIORITY,95th percentile prioritisation threshold,Spectral-stress evidence detected. Prioritise field inspection to determine the underlying cause. Field verification required.,561
scene_02-Z0852,scene_02,1090,981000.0,378787.45871559635,5066187.688073395,1.9377638101577759,2.5010697841644287,1.9001305103302002,100.0,HIGH PRIORITY,95th percentile prioritisation threshold,Spectral-stress evidence detected. Prioritise field inspection to determine the underlying cause. Field verification required.,562
scene_02-Z0248,scene_02,40,36000.0,362260.5,5089128.75,1.936231255531311,2.340658664703369,1.899878978729248,100.0,HIGH PRIORITY,95th percentile prioritisation threshold,Spectral-stress evidence detected. Prioritise field inspection to determine the underlying cause. Field verification required.,563
scene_02-Z0804,scene_02,30,27000.0,370158.0,5070674.0,1.9348456859588623,2.2713613510131836,1.8849563598632812,100.0,HIGH PRIORITY,95th percentile prioritisation threshold,Spectral-stress evidence detected. Prioritise field inspection to determine the underlying cause. Field verification required.,564
scene_02-Z0723,scene_02,10,9000.0,353874.0,5074551.0,1.9344230890274048,2.181440830230713,1.9604977369308472,100.0,HIGH PRIORITY,95th percentile prioritisation threshold,Spectral-stress evidence detected. Prioritise field inspection to determine the underlying cause. Field verification required.,565
scene_02-Z0304,scene_02,12,10800.0,364327.5,5087705.0,1.9338008165359497,2.1516785621643066,1.900780439376831,100.0,HIGH PRIORITY,95th percentile prioritisation threshold,Spectral-stress evidence detected. Prioritise field inspection to determine the underlying cause. Field verification required.,566
scene_02-Z0022,scene_02,19,17100.0,365875.2631578947,5097688.421052632,1.9337477684020996,2.2441043853759766,1.9088401794433594,100.0,HIGH PRIORITY,95th percentile prioritisation threshold,Spectral-stress evidence detected. Prioritise field inspection to determine the underlying cause. Field verification required.,567
scene_02-Z0454,scene_02,102,91800.0,362325.8823529412,5082824.411764706,1.9328079223632812,2.2654268741607666,1.9123907089233398,100.0,HIGH PRIORITY,95th percentile prioritisation threshold,Spectral-stress evidence detected. Prioritise field inspection to determine the underlying cause. Field verification required.,568
scene_02-Z0247,scene_02,172,154800.0,361071.4534883721,5089108.779069767,1.932167410850525,2.498689651489258,1.910156011581421,100.0,HIGH PRIORITY,95th percentile prioritisation threshold,Spectral-stress evidence detected. Prioritise field inspection to determine the underlying cause. Field verification required.,569
scene_02-Z0327,scene_02,29,26100.0,358776.2068965517,5087181.724137931,1.9318413734436035,2.1750266551971436,1.9331810474395752,100.0,HIGH PRIORITY,95th percentile prioritisation threshold,Spectral-stress evidence detected. Prioritise field inspection to determine the underlying cause. Field verification required.,570
scene_02-Z0699,scene_02,95,85500.0,377783.36842105264,5075382.947368421,1.931311845779419,2.3142452239990234,1.910762906074524,100.0,HIGH PRIORITY,95th percentile prioritisation threshold,Spectral-stress evidence detected. Prioritise field inspection to determine the underlying cause. Field verification required.,571
scene_02-Z0301,scene_02,10,9000.0,358512.0,5087784.0,1.9312984943389893,2.1520302295684814,1.9158496856689453,100.0,HIGH PRIORITY,95th percentile prioritisation threshold,Spectral-stress evidence detected. Prioritise field inspection to determine the underlying cause. Field verification required.,572
scene_02-Z0686,scene_02,10,9000.0,374862.0,5075739.0,1.9301751852035522,2.1355228424072266,1.879256248474121,100.0,HIGH PRIORITY,95th percentile prioritisation threshold,Spectral-stress evidence detected. Prioritise field inspection to determine the underlying cause. Field verification required.,573
scene_02-Z0672,scene_02,26,23400.0,380214.23076923075,5076016.153846154,1.9279383420944214,2.296713352203369,1.9056224822998047,100.0,HIGH PRIORITY,95th percentile prioritisation threshold,Spectral-stress evidence detected. Prioritise field inspection to determine the underlying cause. Field verification required.,574
scene_02-Z0566,scene_02,9,8100.0,357930.0,5079323.333333333,1.9278744459152222,2.2867681980133057,1.805999517440796,100.0,HIGH PRIORITY,95th percentile prioritisation threshold,Spectral-stress evidence detected. Prioritise field inspection to determine the underlying cause. Field verification required.,575
scene_02-Z0847,scene_02,9,8100.0,369020.0,5067440.0,1.9274277687072754,2.185361385345459,1.8421181440353394,100.0,HIGH PRIORITY,95th percentile prioritisation threshold,Spectral-stress evidence detected. Prioritise field inspection to determine the underlying cause. Field verification required.,576
scene_02-Z0767,scene_02,12,10800.0,363320.0,5072987.5,1.9273757934570312,2.2716469764709473,1.870460033416748,100.0,HIGH PRIORITY,95th percentile prioritisation threshold,Spectral-stress evidence detected. Prioritise field inspection to determine the underlying cause. Field verification required.,577
scene_02-Z0375,scene_02,35,31500.0,363731.14285714284,5085997.714285715,1.9268627166748047,2.223294258117676,1.9217379093170166,100.0,HIGH PRIORITY,95th percentile prioritisation threshold,Spectral-stress evidence detected. Prioritise field inspection to determine the underlying cause. Field verification required.,578
scene_02-Z0030,scene_02,10,9000.0,366099.0,5097162.0,1.9260238409042358,2.1548268795013428,1.9219415187835693,100.0,HIGH PRIORITY,95th percentile prioritisation threshold,Spectral-stress evidence detected. Prioritise field inspection to determine the underlying cause. Field verification required.,579
scene_02-Z0569,scene_02,9,8100.0,362073.3333333333,5079150.0,1.9259408712387085,2.094771146774292,1.93766188621521,100.0,HIGH PRIORITY,95th percentile prioritisation threshold,Spectral-stress evidence detected. Prioritise field inspection to determine the underlying cause. Field verification required.,580
scene_02-Z0405,scene_02,26,23400.0,362146.1538461539,5085173.076923077,1.9258160591125488,2.1436524391174316,1.8648101091384888,100.0,HIGH PRIORITY,95th percentile prioritisation threshold,Spectral-stress evidence detected. Prioritise field inspection to determine the underlying cause. Field verification required.,581
scene_02-Z0443,scene_02,38,34200.0,361867.8947368421,5083419.47368421,1.925750732421875,2.4219441413879395,1.897193193435669,100.0,HIGH PRIORITY,95th percentile prioritisation threshold,Spectral-stress evidence detected. Prioritise field inspection to determine the underlying cause. Field verification required.,582
scene_02-Z0255,scene_02,14,12600.0,362580.0,5089028.571428572,1.9255437850952148,2.2748160362243652,1.9100972414016724,100.0,HIGH PRIORITY,95th percentile prioritisation threshold,Spectral-stress evidence detected. Prioritise field inspection to determine the underlying cause. Field verification required.,583
scene_02-Z0299,scene_02,30,27000.0,362871.0,5087782.0,1.9251843690872192,2.2445640563964844,1.9138095378875732,100.0,HIGH PRIORITY,95th percentile prioritisation threshold,Spectral-stress evidence detected. Prioritise field inspection to determine the underlying cause. Field verification required.,584
scene_02-Z0517,scene_02,12,10800.0,359627.5,5080950.0,1.9247474670410156,2.2699811458587646,1.8844645023345947,100.0,HIGH PRIORITY,95th percentile prioritisation threshold,Spectral-stress evidence detected. Prioritise field inspection to determine the underlying cause. Field verification required.,585
scene_02-Z0205,scene_02,15,13500.0,359576.0,5090300.0,1.9245493412017822,2.5786592960357666,1.872880458831787,100.0,HIGH PRIORITY,95th percentile prioritisation threshold,Spectral-stress evidence detected. Prioritise field inspection to determine the underlying cause. Field verification required.,586
scene_02-Z0606,scene_02,29,26100.0,356645.1724137931,5077943.793103448,1.9240492582321167,2.2776756286621094,1.9337456226348877,100.0,HIGH PRIORITY,95th percentile prioritisation threshold,Spectral-stress evidence detected. Prioritise field inspection to determine the underlying cause. Field verification required.,587
scene_02-Z0802,scene_02,248,223200.0,371167.7419354839,5070782.056451613,1.9237053394317627,2.293113946914673,1.9134266376495361,100.0,HIGH PRIORITY,95th percentile prioritisation threshold,Spectral-stress evidence detected. Prioritise field inspection to determine the underlying cause. Field verification required.,588
scene_02-Z0012,scene_02,28,25200.0,367063.9285714286,5098317.857142857,1.9227564334869385,2.25982928276062,1.88690185546875,100.0,HIGH PRIORITY,95th percentile prioritisation threshold,Spectral-stress evidence detected. Prioritise field inspection to determine the underlying cause. Field verification required.,589
scene_02-Z0710,scene_02,17,15300.0,355381.76470588235,5075098.235294118,1.9212278127670288,2.3115553855895996,1.8871639966964722,100.0,HIGH PRIORITY,95th percentile prioritisation threshold,Spectral-stress evidence detected. Prioritise field inspection to determine the underlying cause. Field verification required.,590
scene_02-Z0751,scene_02,10,9000.0,376110.0,5073558.0,1.9211952686309814,2.478733777999878,1.839703917503357,100.0,HIGH PRIORITY,95th percentile prioritisation threshold,Spectral-stress evidence detected. Prioritise field inspection to determine the underlying cause. Field verification required.,591
scene_02-Z0628,scene_02,18,16200.0,356455.0,5077358.333333333,1.920015573501587,2.2726457118988037,1.881133794784546,100.0,HIGH PRIORITY,95th percentile prioritisation threshold,Spectral-stress evidence detected. Prioritise field inspection to determine the underlying cause. Field verification required.,592
scene_02-Z0218,scene_02,12,10800.0,364827.5,5090010.0,1.9197297096252441,2.312391757965088,1.868971824645996,100.0,HIGH PRIORITY,95th percentile prioritisation threshold,Spectral-stress evidence detected. Prioritise field inspection to determine the underlying cause. Field verification required.,593
scene_02-Z0652,scene_02,15,13500.0,355868.0,5076710.0,1.9190406799316406,2.561614990234375,1.8383005857467651,100.0,HIGH PRIORITY,95th percentile prioritisation threshold,Spectral-stress evidence detected. Prioritise field inspection to determine the underlying cause. Field verification required.,594
scene_02-Z0420,scene_02,69,62100.0,361503.9130434783,5084230.869565218,1.9187906980514526,2.424406051635742,1.8781721591949463,100.0,HIGH PRIORITY,95th percentile prioritisation threshold,Spectral-stress evidence detected. Prioritise field inspection to determine the underlying cause. Field verification required.,595
scene_02-Z0513,scene_02,23,20700.0,355560.0,5081024.347826087,1.9184684753417969,2.1645679473876953,1.8714373111724854,100.0,HIGH PRIORITY,95th percentile prioritisation threshold,Spectral-stress evidence detected. Prioritise field inspection to determine the underlying cause. Field verification required.,596
scene_02-Z0621,scene_02,14,12600.0,356704.28571428574,5077615.714285715,1.9181345701217651,2.352078914642334,1.8541295528411865,100.0,HIGH PRIORITY,95th percentile prioritisation threshold,Spectral-stress evidence detected. Prioritise field inspection to determine the underlying cause. Field verification required.,597
scene_02-Z0223,scene_02,9,8100.0,364000.0,5089870.0,1.9174317121505737,2.2923355102539062,1.898822546005249,100.0,HIGH PRIORITY,95th percentile prioritisation threshold,Spectral-stress evidence detected. Prioritise field inspection to determine the underlying cause. Field verification required.,598
scene_02-Z0065,scene_02,15,13500.0,360436.0,5095038.0,1.9171944856643677,2.1313538551330566,1.8827399015426636,100.0,HIGH PRIORITY,95th percentile prioritisation threshold,Spectral-stress evidence detected. Prioritise field inspection to determine the underlying cause. Field verification required.,599
scene_02-Z0859,scene_02,12,10800.0,378795.0,5065640.0,1.9170335531234741,2.1176884174346924,1.9078764915466309,100.0,HIGH PRIORITY,95th percentile prioritisation threshold,Spectral-stress evidence detected. Prioritise field inspection to determine the underlying cause. Field verification required.,600
scene_02-Z0837,scene_02,148,133200.0,375255.2027027027,5067573.445945946,1.9164974689483643,2.113124370574951,1.922837734222412,100.0,HIGH PRIORITY,95th percentile prioritisation threshold,Spectral-stress evidence detected. Prioritise field inspection to determine the underlying cause. Field verification required.,601
scene_02-Z0193,scene_02,18,16200.0,361056.6666666667,5090578.333333333,1.9163371324539185,2.3819212913513184,1.8683199882507324,100.0,HIGH PRIORITY,95th percentile prioritisation threshold,Spectral-stress evidence detected. Prioritise field inspection to determine the underlying cause. Field verification required.,602
scene_02-Z0558,scene_02,13,11700.0,360355.3846153846,5079544.615384615,1.9159700870513916,2.2670607566833496,1.8434005975723267,100.0,HIGH PRIORITY,95th percentile prioritisation threshold,Spectral-stress evidence detected. Prioritise field inspection to determine the underlying cause. Field verification required.,603
scene_02-Z0839,scene_02,38,34200.0,372223.4210526316,5067764.2105263155,1.9153856039047241,2.1923890113830566,1.8928008079528809,100.0,HIGH PRIORITY,95th percentile prioritisation threshold,Spectral-stress evidence detected. Prioritise field inspection to determine the underlying cause. Field verification required.,604
scene_02-Z0849,scene_02,27,24300.0,382058.8888888889,5067010.0,1.915184736251831,2.1694998741149902,1.9213552474975586,100.0,HIGH PRIORITY,95th percentile prioritisation threshold,Spectral-stress evidence detected. Prioritise field inspection to determine the underlying cause. Field verification required.,605
scene_02-Z0321,scene_02,12,10800.0,357305.0,5087365.0,1.9151149988174438,2.271282434463501,1.901563286781311,100.0,HIGH PRIORITY,95th percentile prioritisation threshold,Spectral-stress evidence detected. Prioritise field inspection to determine the underlying cause. Field verification required.,606
scene_02-Z0187,scene_02,11,9900.0,359530.9090909091,5090659.090909091,1.9150954484939575,2.149805784225464,1.892530083656311,100.0,HIGH PRIORITY,95th percentile prioritisation threshold,Spectral-stress evidence detected. Prioritise field inspection to determine the underlying cause. Field verification required.,607
scene_02-Z0565,scene_02,17,15300.0,360086.4705882353,5079310.588235294,1.9141113758087158,2.33483624458313,1.8494200706481934,100.0,HIGH PRIORITY,95th percentile prioritisation threshold,Spectral-stress evidence detected. Prioritise field inspection to determine the underlying cause. Field verification required.,608
scene_02-Z0349,scene_02,50,45000.0,363726.0,5086570.8,1.912724494934082,2.252829074859619,1.900469183921814,100.0,HIGH PRIORITY,95th percentile prioritisation threshold,Spectral-stress evidence detected. Prioritise field inspection to determine the underlying cause. Field verification required.,609
scene_02-Z0434,scene_02,10,9000.0,362169.0,5083785.0,1.912081003189087,2.276028871536255,1.871795892715454,100.0,HIGH PRIORITY,95th percentile prioritisation threshold,Spectral-stress evidence detected. Prioritise field inspection to determine the underlying cause. Field verification required.,610
scene_02-Z0480,scene_02,17,15300.0,361028.82352941175,5081992.94117647,1.9118221998214722,2.135003089904785,1.9393565654754639,100.0,HIGH PRIORITY,95th percentile prioritisation threshold,Spectral-stress evidence detected. Prioritise field inspection to determine the underlying cause. Field verification required.,611
scene_02-Z0836,scene_02,100,90000.0,382428.0,5068145.7,1.9098260402679443,2.4289560317993164,1.890973687171936,100.0,HIGH PRIORITY,95th percentile prioritisation threshold,Spectral-stress evidence detected. Prioritise field inspection to determine the underlying cause. Field verification required.,612
scene_02-Z0131,scene_02,53,47700.0,359487.1698113208,5092217.547169811,1.9097185134887695,2.1929609775543213,1.8898440599441528,100.0,HIGH PRIORITY,95th percentile prioritisation threshold,Spectral-stress evidence detected. Prioritise field inspection to determine the underlying cause. Field verification required.,613
scene_02-Z0138,scene_02,27,24300.0,360114.44444444444,5092020.0,1.9087644815444946,2.1413021087646484,1.8868234157562256,100.0,HIGH PRIORITY,95th percentile prioritisation threshold,Spectral-stress evidence detected. Prioritise field inspection to determine the underlying cause. Field verification required.,614
scene_02-Z0817,scene_02,89,80100.0,369678.5393258427,5069883.370786517,1.9083915948867798,2.2322094440460205,1.883466362953186,100.0,HIGH PRIORITY,95th percentile prioritisation threshold,Spectral-stress evidence detected. Prioritise field inspection to determine the underlying cause. Field verification required.,615
scene_02-Z0286,scene_02,11,9900.0,363231.8181818182,5088109.090909091,1.9081604480743408,2.1441988945007324,1.8582077026367188,100.0,HIGH PRIORITY,95th percentile prioritisation threshold,Spectral-stress evidence detected. Prioritise field inspection to determine the underlying cause. Field verification required.,616
scene_02-Z0086,scene_02,21,18900.0,361192.85714285716,5094280.0,1.9062561988830566,2.1121320724487305,1.9255049228668213,100.0,HIGH PRIORITY,95th percentile prioritisation threshold,Spectral-stress evidence detected. Prioritise field inspection to determine the underlying cause. Field verification required.,617
scene_02-Z0251,scene_02,13,11700.0,359963.07692307694,5089096.153846154,1.9059456586837769,2.2755095958709717,1.8615678548812866,100.0,HIGH PRIORITY,95th percentile prioritisation threshold,Spectral-stress evidence detected. Prioritise field inspection to determine the underlying cause. Field verification required.,618
scene_02-Z0717,scene_02,9,8100.0,354936.6666666667,5074876.666666667,1.905518889427185,1.9941893815994263,1.933985948562622,100.0,HIGH PRIORITY,95th percentile prioritisation threshold,Spectral-stress evidence detected. Prioritise field inspection to determine the underlying cause. Field verification required.,619
scene_02-Z0313,scene_02,20,18000.0,357642.0,5087580.0,1.9053888320922852,2.142822027206421,1.8943772315979004,100.0,HIGH PRIORITY,95th percentile prioritisation threshold,Spectral-stress evidence detected. Prioritise field inspection to determine the underlying cause. Field verification required.,620
scene_02-Z0660,scene_02,9,8100.0,355946.6666666667,5076513.333333333,1.9048216342926025,2.2150661945343018,1.872780203819275,100.0,HIGH PRIORITY,95th percentile prioritisation threshold,Spectral-stress evidence detected. Prioritise field inspection to determine the underlying cause. Field verification required.,621
scene_02-Z0835,scene_02,19,17100.0,382550.5263157895,5068643.684210527,1.9043411016464233,2.244640588760376,1.8540014028549194,100.0,HIGH PRIORITY,95th percentile prioritisation threshold,Spectral-stress evidence detected. Prioritise field inspection to determine the underlying cause. Field verification required.,622
scene_02-Z0713,scene_02,15,13500.0,355028.0,5075014.0,1.9034143686294556,2.144040822982788,1.886475682258606,100.0,HIGH PRIORITY,95th percentile prioritisation threshold,Spectral-stress evidence detected. Prioritise field inspection to determine the underlying cause. Field verification required.,623
scene_02-Z0334,scene_02,15,13500.0,363272.0,5087032.0,1.9033209085464478,2.1276893615722656,1.9084604978561401,100.0,HIGH PRIORITY,95th percentile prioritisation threshold,Spectral-stress evidence detected. Prioritise field inspection to determine the underlying cause. Field verification required.,624
scene_02-Z0675,scene_02,14,12600.0,354593.5714285714,5075901.428571428,1.9018458127975464,2.1324617862701416,1.879632592201233,100.0,HIGH PRIORITY,95th percentile prioritisation threshold,Spectral-stress evidence detected. Prioritise field inspection to determine the underlying cause. Field verification required.,625
scene_02-Z0075,scene_02,15,13500.0,360948.0,5094586.0,1.9017034769058228,2.2216789722442627,1.8331294059753418,100.0,HIGH PRIORITY,95th percentile prioritisation threshold,Spectral-stress evidence detected. Prioritise field inspection to determine the underlying cause. Field verification required.,626
scene_02-Z0158,scene_02,13,11700.0,360327.6923076923,5091447.692307692,1.9010123014450073,2.144627332687378,1.8676844835281372,100.0,HIGH PRIORITY,95th percentile prioritisation threshold,Spectral-stress evidence detected. Prioritise field inspection to determine the underlying cause. Field verification required.,627
scene_02-Z0678,scene_02,59,53100.0,376258.4745762712,5075555.593220339,1.900519847869873,2.3008358478546143,1.8642593622207642,100.0,HIGH PRIORITY,95th percentile prioritisation threshold,Spectral-stress evidence detected. Prioritise field inspection to determine the underlying cause. Field verification required.,628
scene_02-Z0168,scene_02,17,15300.0,359288.82352941175,5091190.588235294,1.899963140487671,2.15979266166687,1.9114407300949097,100.0,HIGH PRIORITY,95th percentile prioritisation threshold,Spectral-stress evidence detected. Prioritise field inspection to determine the underlying cause. Field verification required.,629
scene_02-Z0276,scene_02,9,8100.0,365696.6666666667,5088496.666666667,1.899599313735962,2.062401294708252,1.9005649089813232,100.0,HIGH PRIORITY,95th percentile prioritisation threshold,Spectral-stress evidence detected. Prioritise field inspection to determine the underlying cause. Field verification required.,630
scene_02-Z0166,scene_02,9,8100.0,362183.3333333333,5091186.666666667,1.899335265159607,2.217970609664917,1.8688994646072388,100.0,HIGH PRIORITY,95th percentile prioritisation threshold,Spectral-stress evidence detected. Prioritise field inspection to determine the underlying cause. Field verification required.,631
scene_02-Z0141,scene_02,9,8100.0,365353.3333333333,5092036.666666667,1.8971638679504395,2.0961687564849854,1.8203628063201904,100.0,HIGH PRIORITY,95th percentile prioritisation threshold,Spectral-stress evidence detected. Prioritise field inspection to determine the underlying cause. Field verification required.,632
scene_02-Z0174,scene_02,25,22500.0,359780.4,5090938.8,1.8954757452011108,2.251068353652954,1.8792107105255127,100.0,HIGH PRIORITY,95th percentile prioritisation threshold,Spectral-stress evidence detected. Prioritise field inspection to determine the underlying cause. Field verification required.,633
scene_02-Z0604,scene_02,51,45900.0,376685.8823529412,5078025.882352941,1.8941267728805542,2.178316116333008,1.8680098056793213,100.0,HIGH PRIORITY,95th percentile prioritisation threshold,Spectral-stress evidence detected. Prioritise field inspection to determine the underlying cause. Field verification required.,634
scene_02-Z0060,scene_02,10,9000.0,364221.0,5095455.0,1.8940032720565796,2.1783199310302734,1.8114581108093262,100.0,HIGH PRIORITY,95th percentile prioritisation threshold,Spectral-stress evidence detected. Prioritise field inspection to determine the underlying cause. Field verification required.,635
scene_02-Z0692,scene_02,21,18900.0,376968.5714285714,5075490.0,1.8936712741851807,2.215395212173462,1.8821992874145508,100.0,HIGH PRIORITY,95th percentile prioritisation threshold,Spectral-stress evidence detected. Prioritise field inspection to determine the underlying cause. Field verification required.,636
scene_02-Z0770,scene_02,62,55800.0,380230.1612903226,5072812.741935484,1.8931822776794434,2.0486257076263428,1.9011013507843018,100.0,HIGH PRIORITY,95th percentile prioritisation threshold,Spectral-stress evidence detected. Prioritise field inspection to determine the underlying cause. Field verification required.,637
scene_02-Z0687,scene_02,19,17100.0,375866.84210526315,5075688.947368421,1.8926740884780884,2.1670727729797363,1.8787051439285278,100.0,HIGH PRIORITY,95th percentile prioritisation threshold,Spectral-stress evidence detected. Prioritise field inspection to determine the underlying cause. Field verification required.,638
scene_02-Z0857,scene_02,9,8100.0,380850.0,5065890.0,1.892028570175171,2.0258610248565674,1.9104868173599243,100.0,HIGH PRIORITY,95th percentile prioritisation threshold,Spectral-stress evidence detected. Prioritise field inspection to determine the underlying cause. Field verification required.,639
scene_02-Z0055,scene_02,11,9900.0,361123.63636363635,5095516.363636363,1.8920048475265503,2.0479912757873535,1.8545172214508057,100.0,HIGH PRIORITY,95th percentile prioritisation threshold,Spectral-stress evidence detected. Prioritise field inspection to determine the underlying cause. Field verification required.,640
scene_02-Z0333,scene_02,20,18000.0,359707.5,5087119.5,1.8914369344711304,2.3219640254974365,1.799224615097046,100.0,HIGH PRIORITY,95th percentile prioritisation threshold,Spectral-stress evidence detected. Prioritise field inspection to determine the underlying cause. Field verification required.,641
scene_02-Z0215,scene_02,21,18900.0,366832.85714285716,5090061.428571428,1.8900511264801025,2.4216487407684326,1.8434253931045532,100.0,HIGH PRIORITY,95th percentile prioritisation threshold,Spectral-stress evidence detected. Prioritise field inspection to determine the underlying cause. Field verification required.,642
scene_02-Z0620,scene_02,50,45000.0,376923.6,5077529.4,1.8900011777877808,2.367076873779297,1.8548786640167236,100.0,HIGH PRIORITY,95th percentile prioritisation threshold,Spectral-stress evidence detected. Prioritise field inspection to determine the underlying cause. Field verification required.,643
scene_02-Z0310,scene_02,9,8100.0,358083.3333333333,5087640.0,1.8895983695983887,2.0220789909362793,1.8931282758712769,100.0,HIGH PRIORITY,95th percentile prioritisation threshold,Spectral-stress evidence detected. Prioritise field inspection to determine the underlying cause. Field verification required.,644
scene_02-Z0151,scene_02,16,14400.0,358925.625,5091697.5,1.8884358406066895,2.1553995609283447,1.8742249011993408,100.0,HIGH PRIORITY,95th percentile prioritisation threshold,Spectral-stress evidence detected. Prioritise field inspection to determine the underlying cause. Field verification required.,645
scene_02-Z0171,scene_02,14,12600.0,362314.28571428574,5091027.857142857,1.887426495552063,2.2268664836883545,1.828859806060791,100.0,HIGH PRIORITY,95th percentile prioritisation threshold,Spectral-stress evidence detected. Prioritise field inspection to determine the underlying cause. Field verification required.,646
scene_02-Z0521,scene_02,13,11700.0,360420.0,5080883.076923077,1.8864285945892334,2.099562883377075,1.8703744411468506,100.0,HIGH PRIORITY,95th percentile prioritisation threshold,Spectral-stress evidence detected. Prioritise field inspection to determine the underlying cause. Field verification required.,647
scene_02-Z0226,scene_02,34,30600.0,358916.4705882353,5089696.764705882,1.8859769105911255,2.2136788368225098,1.849813461303711,100.0,HIGH PRIORITY,95th percentile prioritisation threshold,Spectral-stress evidence detected. Prioritise field inspection to determine the underlying cause. Field verification required.,648
scene_02-Z0616,scene_02,71,63900.0,376561.2676056338,5077603.943661972,1.885802984237671,2.3982956409454346,1.8515634536743164,100.0,HIGH PRIORITY,95th percentile prioritisation threshold,Spectral-stress evidence detected. Prioritise field inspection to determine the underlying cause. Field verification required.,649
scene_02-Z0437,scene_02,18,16200.0,357046.6666666667,5083681.666666667,1.8855711221694946,2.1808295249938965,1.8902692794799805,100.0,HIGH PRIORITY,95th percentile prioritisation threshold,Spectral-stress evidence detected. Prioritise field inspection to determine the underlying cause. Field verification required.,650
scene_02-Z0182,scene_02,9,8100.0,362180.0,5090783.333333333,1.885337233543396,2.1571638584136963,1.8458597660064697,100.0,HIGH PRIORITY,95th percentile prioritisation threshold,Spectral-stress evidence detected. Prioritise field inspection to determine the underlying cause. Field verification required.,651
scene_02-Z0137,scene_02,92,82800.0,359218.3695652174,5091994.565217392,1.8853209018707275,2.2950568199157715,1.8503693342208862,100.0,HIGH PRIORITY,95th percentile prioritisation threshold,Spectral-stress evidence detected. Prioritise field inspection to determine the underlying cause. Field verification required.,652
scene_02-Z0421,scene_02,42,37800.0,362416.4285714286,5084097.857142857,1.8842198848724365,2.310880422592163,1.8567261695861816,100.0,HIGH PRIORITY,95th percentile prioritisation threshold,Spectral-stress evidence detected. Prioritise field inspection to determine the underlying cause. Field verification required.,653
scene_02-Z0234,scene_02,45,40500.0,358478.6666666667,5089543.333333333,1.88395094871521,2.3118462562561035,1.8439375162124634,100.0,HIGH PRIORITY,95th percentile prioritisation threshold,Spectral-stress evidence detected. Prioritise field inspection to determine the underlying cause. Field verification required.,654
scene_02-Z0644,scene_02,50,45000.0,356310.0,5076869.4,1.8836255073547363,2.246375322341919,1.8680598735809326,100.0,HIGH PRIORITY,95th percentile prioritisation threshold,Spectral-stress evidence detected. Prioritise field inspection to determine the underlying cause. Field verification required.,655
scene_02-Z0595,scene_02,30,27000.0,356698.0,5078282.0,1.8835580348968506,2.25545597076416,1.8671820163726807,100.0,HIGH PRIORITY,95th percentile prioritisation threshold,Spectral-stress evidence detected. Prioritise field inspection to determine the underlying cause. Field verification required.,656
scene_02-Z0830,scene_02,13,11700.0,382315.3846153846,5069123.076923077,1.8829753398895264,2.1139962673187256,1.8312585353851318,100.0,HIGH PRIORITY,95th percentile prioritisation threshold,Spectral-stress evidence detected. Prioritise field inspection to determine the underlying cause. Field verification required.,657
scene_02-Z0167,scene_02,9,8100.0,366196.6666666667,5091200.0,1.8827435970306396,2.0048577785491943,1.849443793296814,100.0,HIGH PRIORITY,95th percentile prioritisation threshold,Spectral-stress evidence detected. Prioritise field inspection to determine the underlying cause. Field verification required.,658
scene_02-Z0703,scene_02,70,63000.0,381178.71428571426,5075241.857142857,1.8813912868499756,2.164936065673828,1.8635655641555786,100.0,HIGH PRIORITY,95th percentile prioritisation threshold,Spectral-stress evidence detected. Prioritise field inspection to determine the underlying cause. Field verification required.,659
scene_02-Z0685,scene_02,20,18000.0,377992.5,5075709.0,1.8813692331314087,2.1180248260498047,1.827997088432312,100.0,HIGH PRIORITY,95th percentile prioritisation threshold,Spectral-stress evidence detected. Prioritise field inspection to determine the underlying cause. Field verification required.,660
scene_02-Z0796,scene_02,10,9000.0,355251.0,5071419.0,1.8799978494644165,2.0463058948516846,1.8843164443969727,100.0,HIGH PRIORITY,95th percentile prioritisation threshold,Spectral-stress evidence detected. Prioritise field inspection to determine the underlying cause. Field verification required.,661
scene_02-Z0793,scene_02,206,185400.0,371836.6019417476,5071407.961165048,1.8783875703811646,2.234689950942993,1.8669289350509644,100.0,HIGH PRIORITY,95th percentile prioritisation threshold,Spectral-stress evidence detected. Prioritise field inspection to determine the underlying cause. Field verification required.,662
scene_02-Z0658,scene_02,11,9900.0,356121.8181818182,5076556.363636363,1.8782317638397217,2.0507912635803223,1.8733901977539062,100.0,HIGH PRIORITY,95th percentile prioritisation threshold,Spectral-stress evidence detected. Prioritise field inspection to determine the underlying cause. Field verification required.,663
scene_02-Z0250,scene_02,20,18000.0,363360.0,5089164.0,1.8779693841934204,2.0588696002960205,1.8696706295013428,100.0,HIGH PRIORITY,95th percentile prioritisation threshold,Spectral-stress evidence detected. Prioritise field inspection to determine the underlying cause. Field verification required.,664
scene_02-Z0757,scene_02,32,28800.0,378716.25,5073326.25,1.877420425415039,2.131835460662842,1.8686444759368896,100.0,HIGH PRIORITY,95th percentile prioritisation threshold,Spectral-stress evidence detected. Prioritise field inspection to determine the underlying cause. Field verification required.,665
scene_02-Z0694,scene_02,11,9900.0,377656.36363636365,5075574.545454546,1.8772941827774048,2.031299352645874,1.8576892614364624,100.0,HIGH PRIORITY,95th percentile prioritisation threshold,Spectral-stress evidence detected. Prioritise field inspection to determine the underlying cause. Field verification required.,666
scene_02-Z0492,scene_02,10,9000.0,357807.0,5081658.0,1.8770112991333008,2.143324613571167,1.7993534803390503,100.0,HIGH PRIORITY,95th percentile prioritisation threshold,Spectral-stress evidence detected. Prioritise field inspection to determine the underlying cause. Field verification required.,667
scene_02-Z0242,scene_02,28,25200.0,358611.4285714286,5089384.285714285,1.8764203786849976,2.1679909229278564,1.8703546524047852,100.0,HIGH PRIORITY,95th percentile prioritisation threshold,Spectral-stress evidence detected. Prioritise field inspection to determine the underlying cause. Field verification required.,668
scene_02-Z0006,scene_02,9,8100.0,366490.0,5098623.333333333,1.8762863874435425,2.2160706520080566,1.8813139200210571,100.0,HIGH PRIORITY,95th percentile prioritisation threshold,Spectral-stress evidence detected. Prioritise field inspection to determine the underlying cause. Field verification required.,669
scene_02-Z0303,scene_02,14,12600.0,358296.4285714286,5087764.285714285,1.8761423826217651,2.151320219039917,1.829226016998291,100.0,HIGH PRIORITY,95th percentile prioritisation threshold,Spectral-stress evidence detected. Prioritise field inspection to determine the underlying cause. Field verification required.,670
scene_02-Z0670,scene_02,14,12600.0,355210.71428571426,5076117.857142857,1.875760793685913,2.2686450481414795,1.8571072816848755,100.0,HIGH PRIORITY,95th percentile prioritisation threshold,Spectral-stress evidence detected. Prioritise field inspection to determine the underlying cause. Field verification required.,671
scene_02-Z0393,scene_02,13,11700.0,357906.92307692306,5085715.384615385,1.8755438327789307,2.1480040550231934,1.8900001049041748,100.0,HIGH PRIORITY,95th percentile prioritisation threshold,Spectral-stress evidence detected. Prioritise field inspection to determine the underlying cause. Field verification required.,672
scene_02-Z0066,scene_02,12,10800.0,360277.5,5094920.0,1.8747256994247437,2.2098910808563232,1.840498924255371,100.0,HIGH PRIORITY,95th percentile prioritisation threshold,Spectral-stress evidence detected. Prioritise field inspection to determine the underlying cause. Field verification required.,673
scene_02-Z0841,scene_02,22,19800.0,380472.2727272727,5067556.363636363,1.8744590282440186,2.127039670944214,1.8409545421600342,100.0,HIGH PRIORITY,95th percentile prioritisation threshold,Spectral-stress evidence detected. Prioritise field inspection to determine the underlying cause. Field verification required.,674
scene_02-Z0339,scene_02,24,21600.0,358741.25,5086940.0,1.8737678527832031,2.041322946548462,1.8645336627960205,100.0,HIGH PRIORITY,95th percentile prioritisation threshold,Spectral-stress evidence detected. Prioritise field inspection to determine the underlying cause. Field verification required.,675
scene_02-Z0634,scene_02,21,18900.0,377660.0,5077235.714285715,1.8737668991088867,2.0732481479644775,1.8663194179534912,100.0,HIGH PRIORITY,95th percentile prioritisation threshold,Spectral-stress evidence detected. Prioritise field inspection to determine the underlying cause. Field verification required.,676
scene_02-Z0680,scene_02,9,8100.0,354380.0,5075843.333333333,1.8736915588378906,1.9907069206237793,1.8622407913208008,100.0,HIGH PRIORITY,95th percentile prioritisation threshold,Spectral-stress evidence detected. Prioritise field inspection to determine the underlying cause. Field verification required.,677
scene_02-Z0788,scene_02,21,18900.0,354668.5714285714,5071945.714285715,1.8736222982406616,2.1022305488586426,1.8583686351776123,100.0,HIGH PRIORITY,95th percentile prioritisation threshold,Spectral-stress evidence detected. Prioritise field inspection to determine the underlying cause. Field verification required.,678
scene_02-Z0268,scene_02,28,25200.0,359836.0714285714,5088740.357142857,1.8724597692489624,2.1467185020446777,1.8371503353118896,100.0,HIGH PRIORITY,95th percentile prioritisation threshold,Spectral-stress evidence detected. Prioritise field inspection to determine the underlying cause. Field verification required.,679
scene_02-Z0826,scene_02,16,14400.0,369020.625,5069767.5,1.8719781637191772,2.1224703788757324,1.8293187618255615,100.0,HIGH PRIORITY,95th percentile prioritisation threshold,Spectral-stress evidence detected. Prioritise field inspection to determine the underlying cause. Field verification required.,680
scene_02-Z0358,scene_02,14,12600.0,364750.71428571426,5086474.285714285,1.870605230331421,2.1362414360046387,1.8636319637298584,100.0,HIGH PRIORITY,95th percentile prioritisation threshold,Spectral-stress evidence detected. Prioritise field inspection to determine the underlying cause. Field verification required.,681
scene_02-Z0863,scene_02,60,54000.0,380202.5,5065156.0,1.8703025579452515,2.4088094234466553,1.8271607160568237,100.0,HIGH PRIORITY,95th percentile prioritisation threshold,Spectral-stress evidence detected. Prioritise field inspection to determine the underlying cause. Field verification required.,682
scene_02-Z0098,scene_02,26,23400.0,359192.3076923077,5093874.230769231,1.8688828945159912,2.2643871307373047,1.7964227199554443,100.0,HIGH PRIORITY,95th percentile prioritisation threshold,Spectral-stress evidence detected. Prioritise field inspection to determine the underlying cause. Field verification required.,683
scene_02-Z0514,scene_02,11,9900.0,358175.45454545453,5081023.636363637,1.8687974214553833,2.1375651359558105,1.8217861652374268,100.0,HIGH PRIORITY,95th percentile prioritisation threshold,Spectral-stress evidence detected. Prioritise field inspection to determine the underlying cause. Field verification required.,684
scene_02-Z0127,scene_02,57,51300.0,360700.5263157895,5092296.315789473,1.8683648109436035,2.162696599960327,1.8354545831680298,100.0,HIGH PRIORITY,95th percentile prioritisation threshold,Spectral-stress evidence detected. Prioritise field inspection to determine the underlying cause. Field verification required.,685
scene_02-Z0495,scene_02,9,8100.0,359540.0,5081470.0,1.8681055307388306,2.1066155433654785,1.8555988073349,100.0,HIGH PRIORITY,95th percentile prioritisation threshold,Spectral-stress evidence detected. Prioritise field inspection to determine the underlying cause. Field verification required.,686
scene_02-Z0712,scene_02,23,20700.0,354173.47826086957,5074977.391304348,1.8676669597625732,2.1148064136505127,1.86177659034729,100.0,HIGH PRIORITY,95th percentile prioritisation threshold,Spectral-stress evidence detected. Prioritise field inspection to determine the underlying cause. Field verification required.,687
scene_02-Z0552,scene_02,9,8100.0,359170.0,5079743.333333333,1.8670976161956787,2.135411500930786,1.8082311153411865,100.0,HIGH PRIORITY,95th percentile prioritisation threshold,Spectral-stress evidence detected. Prioritise field inspection to determine the underlying cause. Field verification required.,688
scene_02-Z0395,scene_02,16,14400.0,364222.5,5085721.875,1.8655635118484497,2.050734519958496,1.864306092262268,100.0,HIGH PRIORITY,95th percentile prioritisation threshold,Spectral-stress evidence detected. Prioritise field inspection to determine the underlying cause. Field verification required.,689
scene_02-Z0050,scene_02,9,8100.0,361476.6666666667,5095826.666666667,1.8652386665344238,2.0034844875335693,1.8518868684768677,100.0,HIGH PRIORITY,95th percentile prioritisation threshold,Spectral-stress evidence detected. Prioritise field inspection to determine the underlying cause. Field verification required.,690
scene_02-Z0557,scene_02,19,17100.0,359665.2631578947,5079473.684210527,1.8643614053726196,2.047617197036743,1.8349792957305908,100.0,HIGH PRIORITY,95th percentile prioritisation threshold,Spectral-stress evidence detected. Prioritise field inspection to determine the underlying cause. Field verification required.,691
scene_02-Z0105,scene_02,23,20700.0,358986.52173913043,5093681.739130435,1.863368272781372,2.2604265213012695,1.8112194538116455,100.0,HIGH PRIORITY,95th percentile prioritisation threshold,Spectral-stress evidence detected. Prioritise field inspection to determine the underlying cause. Field verification required.,692
scene_02-Z0132,scene_02,12,10800.0,361260.0,5092240.0,1.8626989126205444,2.1655991077423096,1.8105803728103638,100.0,HIGH PRIORITY,95th percentile prioritisation threshold,Spectral-stress evidence detected. Prioritise field inspection to determine the underlying cause. Field verification required.,693
scene_02-Z0196,scene_02,14,12600.0,360694.28571428574,5090468.571428572,1.8618524074554443,2.012331962585449,1.8476417064666748,100.0,HIGH PRIORITY,95th percentile prioritisation threshold,Spectral-stress evidence detected. Prioritise field inspection to determine the underlying cause. Field verification required.,694
scene_02-Z0806,scene_02,14,12600.0,354355.71428571426,5070640.714285715,1.8617172241210938,2.0016281604766846,1.828357219696045,100.0,HIGH PRIORITY,95th percentile prioritisation threshold,Spectral-stress evidence detected. Prioritise field inspection to determine the underlying cause. Field verification required.,695
scene_02-Z0133,scene_02,12,10800.0,361490.0,5092207.5,1.8612719774246216,2.162553310394287,1.8274343013763428,100.0,HIGH PRIORITY,95th percentile prioritisation threshold,Spectral-stress evidence detected. Prioritise field inspection to determine the underlying cause. Field verification required.,696
scene_02-Z0095,scene_02,9,8100.0,361556.6666666667,5094000.0,1.8609555959701538,1.9563790559768677,1.8667290210723877,100.0,HIGH PRIORITY,95th percentile prioritisation threshold,Spectral-stress evidence detected. Prioritise field inspection to determine the underlying cause. Field verification required.,697
scene_02-Z0257,scene_02,12,10800.0,363845.0,5089010.0,1.860782504081726,2.0270497798919678,1.8458937406539917,100.0,HIGH PRIORITY,95th percentile prioritisation threshold,Spectral-stress evidence detected. Prioritise field inspection to determine the underlying cause. Field verification required.,698
scene_02-Z0163,scene_02,60,54000.0,361390.0,5091216.0,1.8604954481124878,2.270810127258301,1.8267366886138916,100.0,HIGH PRIORITY,95th percentile prioritisation threshold,Spectral-stress evidence detected. Prioritise field inspection to determine the underlying cause. Field verification required.,699
scene_02-Z0846,scene_02,9,8100.0,380326.6666666667,5067443.333333333,1.8604823350906372,1.9976692199707031,1.8504507541656494,100.0,HIGH PRIORITY,95th percentile prioritisation threshold,Spectral-stress evidence detected. Prioritise field inspection to determine the underlying cause. Field verification required.,700
scene_02-Z0415,scene_02,10,9000.0,362310.0,5084757.0,1.8599393367767334,2.117339611053467,1.8426965475082397,100.0,HIGH PRIORITY,95th percentile prioritisation threshold,Spectral-stress evidence detected. Prioritise field inspection to determine the underlying cause. Field verification required.,701
scene_02-Z0684,scene_02,24,21600.0,354705.0,5075721.25,1.8588050603866577,2.218099355697632,1.8100011348724365,100.0,HIGH PRIORITY,95th percentile prioritisation threshold,Spectral-stress evidence detected. Prioritise field inspection to determine the underlying cause. Field verification required.,702
scene_02-Z0564,scene_02,18,16200.0,358445.0,5079350.0,1.8587976694107056,2.1121182441711426,1.822610855102539,100.0,HIGH PRIORITY,95th percentile prioritisation threshold,Spectral-stress evidence detected. Prioritise field inspection to determine the underlying cause. Field verification required.,703
scene_02-Z0736,scene_02,10,9000.0,378426.0,5074041.0,1.858054757118225,1.9095872640609741,1.8562935590744019,100.0,HIGH PRIORITY,95th percentile prioritisation threshold,Spectral-stress evidence detected. Prioritise field inspection to determine the underlying cause. Field verification required.,704
scene_02-Z0827,scene_02,96,86400.0,370080.3125,5069523.4375,1.8580350875854492,2.197800397872925,1.8376260995864868,100.0,HIGH PRIORITY,95th percentile prioritisation threshold,Spectral-stress evidence detected. Prioritise field inspection to determine the underlying cause. Field verification required.,705
scene_02-Z0161,scene_02,17,15300.0,358980.0,5091360.0,1.8576288223266602,2.060579299926758,1.84291410446167,100.0,HIGH PRIORITY,95th percentile prioritisation threshold,Spectral-stress evidence detected. Prioritise field inspection to determine the underlying cause. Field verification required.,706
scene_02-Z0362,scene_02,13,11700.0,356956.1538461539,5086410.0,1.8569878339767456,2.127890110015869,1.8324296474456787,100.0,HIGH PRIORITY,95th percentile prioritisation threshold,Spectral-stress evidence detected. Prioritise field inspection to determine the underlying cause. Field verification required.,707
scene_02-Z0279,scene_02,9,8100.0,363480.0,5088403.333333333,1.8559733629226685,2.027198314666748,1.8324283361434937,100.0,HIGH PRIORITY,95th percentile prioritisation threshold,Spectral-stress evidence detected. Prioritise field inspection to determine the underlying cause. Field verification required.,708
scene_02-Z0253,scene_02,11,9900.0,363654.54545454547,5089060.909090909,1.855209469795227,1.971933126449585,1.8180291652679443,100.0,HIGH PRIORITY,95th percentile prioritisation threshold,Spectral-stress evidence detected. Prioritise field inspection to determine the underlying cause. Field verification required.,709
scene_02-Z0347,scene_02,25,22500.0,358326.0,5086659.6,1.8549432754516602,2.0975427627563477,1.8421497344970703,100.0,HIGH PRIORITY,95th percentile prioritisation threshold,Spectral-stress evidence detected. Prioritise field inspection to determine the underlying cause. Field verification required.,710
scene_02-Z0766,scene_02,9,8100.0,357613.3333333333,5072983.333333333,1.854644536972046,2.055635452270508,1.8741146326065063,100.0,HIGH PRIORITY,95th percentile prioritisation threshold,Spectral-stress evidence detected. Prioritise field inspection to determine the underlying cause. Field verification required.,711
scene_02-Z0295,scene_02,291,261900.0,386509.58762886596,5087453.298969072,1.8546087741851807,1.9833221435546875,1.8552806377410889,100.0,HIGH PRIORITY,95th percentile prioritisation threshold,Spectral-stress evidence detected. Prioritise field inspection to determine the underlying cause. Field verification required.,712
scene_02-Z0208,scene_02,18,16200.0,359948.3333333333,5090213.333333333,1.8536256551742554,2.0292224884033203,1.86295485496521,100.0,HIGH PRIORITY,95th percentile prioritisation threshold,Spectral-stress evidence detected. Prioritise field inspection to determine the underlying cause. Field verification required.,713
scene_02-Z0293,scene_02,206,185400.0,386260.33980582526,5087538.203883495,1.8533257246017456,1.9390685558319092,1.8583635091781616,100.0,HIGH PRIORITY,95th percentile prioritisation threshold,Spectral-stress evidence detected. Prioritise field inspection to determine the underlying cause. Field verification required.,714
scene_02-Z0416,scene_02,10,9000.0,361611.0,5084583.0,1.8516651391983032,1.9642482995986938,1.836239218711853,100.0,HIGH PRIORITY,95th percentile prioritisation threshold,Spectral-stress evidence detected. Prioritise field inspection to determine the underlying cause. Field verification required.,715
scene_02-Z0622,scene_02,48,43200.0,359371.25,5077498.75,1.8515006303787231,2.046903610229492,1.8181073665618896,100.0,HIGH PRIORITY,95th percentile prioritisation threshold,Spectral-stress evidence detected. Prioritise field inspection to determine the underlying cause. Field verification required.,716
scene_02-Z0290,scene_02,194,174600.0,385955.25773195876,5087391.958762887,1.8514004945755005,1.9530439376831055,1.8552830219268799,100.0,HIGH PRIORITY,95th percentile prioritisation threshold,Spectral-stress evidence detected. Prioritise field inspection to determine the underlying cause. Field verification required.,717
scene_02-Z0605,scene_02,10,9000.0,357546.0,5078100.0,1.8507802486419678,2.098428249359131,1.8319923877716064,100.0,HIGH PRIORITY,95th percentile prioritisation threshold,Spectral-stress evidence detected. Prioritise field inspection to determine the underlying cause. Field verification required.,718
scene_02-Z0816,scene_02,27,24300.0,368982.22222222225,5070032.222222222,1.8500487804412842,2.0697219371795654,1.8248882293701172,100.0,HIGH PRIORITY,95th percentile prioritisation threshold,Spectral-stress evidence detected. Prioritise field inspection to determine the underlying cause. Field verification required.,719
scene_02-Z0547,scene_02,11,9900.0,374151.8181818182,5079921.818181818,1.8495417833328247,1.9403854608535767,1.8589056730270386,100.0,HIGH PRIORITY,95th percentile prioritisation threshold,Spectral-stress evidence detected. Prioritise field inspection to determine the underlying cause. Field verification required.,720
scene_02-Z0284,scene_02,9,8100.0,360266.6666666667,5088216.666666667,1.8494877815246582,2.030540943145752,1.8258384466171265,100.0,HIGH PRIORITY,95th percentile prioritisation threshold,Spectral-stress evidence detected. Prioritise field inspection to determine the underlying cause. Field verification required.,721
scene_02-Z0671,scene_02,59,53100.0,374714.23728813557,5076031.525423729,1.8491315841674805,2.086080551147461,1.835510492324829,100.0,HIGH PRIORITY,95th percentile prioritisation threshold,Spectral-stress evidence detected. Prioritise field inspection to determine the underlying cause. Field verification required.,722
scene_02-Z0822,scene_02,176,158400.0,373997.7272727273,5069500.3977272725,1.8484348058700562,2.254056692123413,1.8132996559143066,100.0,HIGH PRIORITY,95th percentile prioritisation threshold,Spectral-stress evidence detected. Prioritise field inspection to determine the underlying cause. Field verification required.,723
scene_02-Z0308,scene_02,29,26100.0,358672.7586206897,5087581.0344827585,1.8470971584320068,2.1509547233581543,1.8185086250305176,100.0,HIGH PRIORITY,95th percentile prioritisation threshold,Spectral-stress evidence detected. Prioritise field inspection to determine the underlying cause. Field verification required.,724
scene_02-Z0738,scene_02,1379,1241100.0,374217.06308919506,5073306.983321248,1.844863772392273,2.1186225414276123,1.8406271934509277,100.0,HIGH PRIORITY,95th percentile prioritisation threshold,Spectral-stress evidence detected. Prioritise field inspection to determine the underlying cause. Field verification required.,725
scene_02-Z0638,scene_02,9,8100.0,356510.0,5077113.333333333,1.8443444967269897,1.9753700494766235,1.8261793851852417,100.0,HIGH PRIORITY,95th percentile prioritisation threshold,Spectral-stress evidence detected. Prioritise field inspection to determine the underlying cause. Field verification required.,726
scene_02-Z0244,scene_02,12,10800.0,363090.0,5089232.5,1.8430705070495605,2.0470328330993652,1.842411994934082,100.0,HIGH PRIORITY,95th percentile prioritisation threshold,Spectral-stress evidence detected. Prioritise field inspection to determine the underlying cause. Field verification required.,727
scene_02-Z0689,scene_02,25,22500.0,378711.6,5075510.4,1.8429958820343018,1.9990135431289673,1.8373820781707764,100.0,HIGH PRIORITY,95th percentile prioritisation threshold,Spectral-stress evidence detected. Prioritise field inspection to determine the underlying cause. Field verification required.,728
scene_02-Z0197,scene_02,50,45000.0,360958.2,5090318.4,1.842928171157837,2.043330669403076,1.8393402099609375,100.0,HIGH PRIORITY,95th percentile prioritisation threshold,Spectral-stress evidence detected. Prioritise field inspection to determine the underlying cause. Field verification required.,729
scene_02-Z0720,scene_02,146,131400.0,377093.4246575342,5074593.493150685,1.8418662548065186,2.0486936569213867,1.8279750347137451,100.0,HIGH PRIORITY,95th percentile prioritisation threshold,Spectral-stress evidence detected. Prioritise field inspection to determine the underlying cause. Field verification required.,730
scene_02-Z0758,scene_02,27,24300.0,375471.1111111111,5073326.666666667,1.840354323387146,1.9633005857467651,1.8160769939422607,100.0,HIGH PRIORITY,95th percentile prioritisation threshold,Spectral-stress evidence detected. Prioritise field inspection to determine the underlying cause. Field verification required.,731
scene_02-Z0399,scene_02,11,9900.0,386770.90909090906,5085537.2727272725,1.840345859527588,1.8966470956802368,1.8461004495620728,100.0,HIGH PRIORITY,95th percentile prioritisation threshold,Spectral-stress evidence detected. Prioritise field inspection to determine the underlying cause. Field verification required.,732
scene_02-Z0216,scene_02,19,17100.0,360393.15789473685,5090032.105263158,1.8401131629943848,2.011728525161743,1.8457016944885254,100.0,HIGH PRIORITY,95th percentile prioritisation threshold,Spectral-stress evidence detected. Prioritise field inspection to determine the underlying cause. Field verification required.,733
scene_02-Z0135,scene_02,16,14400.0,358741.875,5092130.625,1.839590311050415,2.084918737411499,1.8190308809280396,100.0,HIGH PRIORITY,95th percentile prioritisation threshold,Spectral-stress evidence detected. Prioritise field inspection to determine the underlying cause. Field verification required.,734
scene_02-Z0356,scene_02,17,15300.0,386851.76470588235,5086484.117647059,1.8382728099822998,1.8870036602020264,1.8549225330352783,100.0,HIGH PRIORITY,95th percentile prioritisation threshold,Spectral-stress evidence detected. Prioritise field inspection to determine the underlying cause. Field verification required.,735
scene_02-Z0584,scene_02,11,9900.0,360722.7272727273,5078743.636363637,1.8377314805984497,1.9196161031723022,1.842793583869934,100.0,HIGH PRIORITY,95th percentile prioritisation threshold,Spectral-stress evidence detected. Prioritise field inspection to determine the underlying cause. Field verification required.,736
scene_02-Z0574,scene_02,9,8100.0,372983.3333333333,5079073.333333333,1.8376966714859009,2.125206708908081,1.7967381477355957,100.0,HIGH PRIORITY,95th percentile prioritisation threshold,Spectral-stress evidence detected. Prioritise field inspection to determine the underlying cause. Field verification required.,737
scene_02-Z0665,scene_02,9,8100.0,355650.0,5076240.0,1.8376295566558838,1.9824180603027344,1.8256736993789673,100.0,HIGH PRIORITY,95th percentile prioritisation threshold,Spectral-stress evidence detected. Prioritise field inspection to determine the underlying cause. Field verification required.,738
scene_02-Z0786,scene_02,18,16200.0,383186.6666666667,5072093.333333333,1.837371826171875,1.9168580770492554,1.8545668125152588,100.0,HIGH PRIORITY,95th percentile prioritisation threshold,Spectral-stress evidence detected. Prioritise field inspection to determine the underlying cause. Field verification required.,739
scene_02-Z0721,scene_02,50,45000.0,381996.0,5074637.4,1.8366270065307617,2.0077831745147705,1.8438374996185303,100.0,HIGH PRIORITY,95th percentile prioritisation threshold,Spectral-stress evidence detected. Prioritise field inspection to determine the underlying cause. Field verification required.,740
scene_02-Z0181,scene_02,17,15300.0,359195.29411764705,5090752.94117647,1.8351490497589111,1.9385344982147217,1.850345253944397,100.0,HIGH PRIORITY,95th percentile prioritisation threshold,Spectral-stress evidence detected. Prioritise field inspection to determine the underlying cause. Field verification required.,741
scene_02-Z0134,scene_02,16,14400.0,362199.375,5092213.125,1.834371566772461,2.003308057785034,1.7933077812194824,100.0,HIGH PRIORITY,95th percentile prioritisation threshold,Spectral-stress evidence detected. Prioritise field inspection to determine the underlying cause. Field verification required.,742
scene_02-Z0228,scene_02,26,23400.0,357988.8461538461,5089725.0,1.8343291282653809,2.066906690597534,1.8005887269973755,100.0,HIGH PRIORITY,95th percentile prioritisation threshold,Spectral-stress evidence detected. Prioritise field inspection to determine the underlying cause. Field verification required.,743
scene_02-Z0761,scene_02,21,18900.0,375638.5714285714,5073287.142857143,1.8318341970443726,1.9441183805465698,1.836118221282959,100.0,HIGH PRIORITY,95th percentile prioritisation threshold,Spectral-stress evidence detected. Prioritise field inspection to determine the underlying cause. Field verification required.,744
scene_02-Z0633,scene_02,15,13500.0,359218.0,5077264.0,1.8306500911712646,1.949710488319397,1.8157161474227905,100.0,HIGH PRIORITY,95th percentile prioritisation threshold,Spectral-stress evidence detected. Prioritise field inspection to determine the underlying cause. Field verification required.,745
scene_02-Z0142,scene_02,10,9000.0,359859.0,5091996.0,1.8306461572647095,2.004802942276001,1.7908873558044434,100.0,HIGH PRIORITY,95th percentile prioritisation threshold,Spectral-stress evidence detected. Prioritise field inspection to determine the underlying cause. Field verification required.,746
scene_02-Z0809,scene_02,14,12600.0,373680.0,5070387.857142857,1.8300241231918335,2.037224292755127,1.8220977783203125,100.0,HIGH PRIORITY,95th percentile prioritisation threshold,Spectral-stress evidence detected. Prioritise field inspection to determine the underlying cause. Field verification required.,747
scene_02-Z0094,scene_02,19,17100.0,360846.3157894737,5093987.368421053,1.8295358419418335,2.017817735671997,1.817196011543274,100.0,HIGH PRIORITY,95th percentile prioritisation threshold,Spectral-stress evidence detected. Prioritise field inspection to determine the underlying cause. Field verification required.,748
scene_02-Z0201,scene_02,20,18000.0,360583.5,5090290.5,1.8278496265411377,2.0467514991760254,1.8008596897125244,100.0,HIGH PRIORITY,95th percentile prioritisation threshold,Spectral-stress evidence detected. Prioritise field inspection to determine the underlying cause. Field verification required.,749
scene_02-Z0840,scene_02,40,36000.0,376106.25,5067676.5,1.827654480934143,1.9691647291183472,1.818699836730957,100.0,HIGH PRIORITY,95th percentile prioritisation threshold,Spectral-stress evidence detected. Prioritise field inspection to determine the underlying cause. Field verification required.,750
scene_02-Z0715,scene_02,17,15300.0,353924.1176470588,5074914.705882353,1.8275407552719116,2.0766654014587402,1.7828209400177002,100.0,HIGH PRIORITY,95th percentile prioritisation threshold,Spectral-stress evidence detected. Prioritise field inspection to determine the underlying cause. Field verification required.,751
scene_02-Z0861,scene_02,30,27000.0,378147.0,5065519.0,1.8262046575546265,1.9667502641677856,1.8113443851470947,100.0,HIGH PRIORITY,95th percentile prioritisation threshold,Spectral-stress evidence detected. Prioritise field inspection to determine the underlying cause. Field verification required.,752
scene_02-Z0728,scene_02,15,13500.0,379500.0,5074176.0,1.8261784315109253,1.9546061754226685,1.8059898614883423,100.0,HIGH PRIORITY,95th percentile prioritisation threshold,Spectral-stress evidence detected. Prioritise field inspection to determine the underlying cause. Field verification required.,753
scene_02-Z0300,scene_02,22,19800.0,363797.7272727273,5087841.818181818,1.8261154890060425,1.938309669494629,1.824171781539917,100.0,HIGH PRIORITY,95th percentile prioritisation threshold,Spectral-stress evidence detected. Prioritise field inspection to determine the underlying cause. Field verification required.,754
scene_02-Z0853,scene_02,28,25200.0,373774.28571428574,5066662.5,1.8256614208221436,2.0669772624969482,1.8086684942245483,100.0,HIGH PRIORITY,95th percentile prioritisation threshold,Spectral-stress evidence detected. Prioritise field inspection to determine the underlying cause. Field verification required.,755
scene_02-Z0456,scene_02,10,9000.0,363465.0,5083032.0,1.8256218433380127,2.02886962890625,1.814631462097168,100.0,HIGH PRIORITY,95th percentile prioritisation threshold,Spectral-stress evidence detected. Prioritise field inspection to determine the underlying cause. Field verification required.,756
scene_02-Z0179,scene_02,28,25200.0,360148.9285714286,5090781.428571428,1.8252747058868408,2.0563290119171143,1.818434238433838,100.0,HIGH PRIORITY,95th percentile prioritisation threshold,Spectral-stress evidence detected. Prioritise field inspection to determine the underlying cause. Field verification required.,757
scene_02-Z0487,scene_02,13,11700.0,358781.53846153844,5081695.384615385,1.8244448900222778,1.9943740367889404,1.8227211236953735,100.0,HIGH PRIORITY,95th percentile prioritisation threshold,Spectral-stress evidence detected. Prioritise field inspection to determine the underlying cause. Field verification required.,758
scene_02-Z0819,scene_02,63,56700.0,373897.14285714284,5069891.904761905,1.8234606981277466,1.9673906564712524,1.8119924068450928,100.0,HIGH PRIORITY,95th percentile prioritisation threshold,Spectral-stress evidence detected. Prioritise field inspection to determine the underlying cause. Field verification required.,759
scene_02-Z0695,scene_02,21,18900.0,381002.85714285716,5075484.285714285,1.8230482339859009,2.1187784671783447,1.7853429317474365,100.0,HIGH PRIORITY,95th percentile prioritisation threshold,Spectral-stress evidence detected. Prioritise field inspection to determine the underlying cause. Field verification required.,760
scene_02-Z0697,scene_02,20,18000.0,357508.5,5075443.5,1.8229360580444336,1.9768660068511963,1.8116137981414795,100.0,HIGH PRIORITY,95th percentile prioritisation threshold,Spectral-stress evidence detected. Prioritise field inspection to determine the underlying cause. Field verification required.,761
scene_02-Z0145,scene_02,15,13500.0,358490.0,5091856.0,1.8226040601730347,1.9818092584609985,1.8062829971313477,100.0,HIGH PRIORITY,95th percentile prioritisation threshold,Spectral-stress evidence detected. Prioritise field inspection to determine the underlying cause. Field verification required.,762
scene_02-Z0679,scene_02,25,22500.0,377785.2,5075761.2,1.8223333358764648,2.0034596920013428,1.802351713180542,100.0,HIGH PRIORITY,95th percentile prioritisation threshold,Spectral-stress evidence detected. Prioritise field inspection to determine the underlying cause. Field verification required.,763
scene_02-Z0845,scene_02,9,8100.0,382536.6666666667,5067476.666666667,1.8216910362243652,2.150181531906128,1.7829245328903198,100.0,HIGH PRIORITY,95th percentile prioritisation threshold,Spectral-stress evidence detected. Prioritise field inspection to determine the underlying cause. Field verification required.,764
scene_02-Z0312,scene_02,11,9900.0,363995.45454545453,5087590.909090909,1.8210464715957642,1.9204257726669312,1.849798321723938,100.0,HIGH PRIORITY,95th percentile prioritisation threshold,Spectral-stress evidence detected. Prioritise field inspection to determine the underlying cause. Field verification required.,765
scene_02-Z0252,scene_02,14,12600.0,360141.4285714286,5089088.571428572,1.8206120729446411,1.965220332145691,1.8001132011413574,100.0,HIGH PRIORITY,95th percentile prioritisation threshold,Spectral-stress evidence detected. Prioritise field inspection to determine the underlying cause. Field verification required.,766
scene_02-Z0325,scene_02,13,11700.0,359808.46153846156,5087256.923076923,1.8200467824935913,1.953229308128357,1.8069689273834229,100.0,HIGH PRIORITY,95th percentile prioritisation threshold,Spectral-stress evidence detected. Prioritise field inspection to determine the underlying cause. Field verification required.,767
scene_02-Z0403,scene_02,62,55800.0,386742.5806451613,5085149.516129033,1.8197101354599,1.9012233018875122,1.828075647354126,100.0,HIGH PRIORITY,95th percentile prioritisation threshold,Spectral-stress evidence detected. Prioritise field inspection to determine the underlying cause. Field verification required.,768
scene_02-Z0318,scene_02,39,35100.0,364174.6153846154,5087395.384615385,1.817217469215393,2.086902618408203,1.7926154136657715,100.0,HIGH PRIORITY,95th percentile prioritisation threshold,Spectral-stress evidence detected. Prioritise field inspection to determine the underlying cause. Field verification required.,769
scene_02-Z0152,scene_02,11,9900.0,359307.2727272727,5091662.7272727275,1.8170567750930786,1.9581204652786255,1.8160996437072754,100.0,HIGH PRIORITY,95th percentile prioritisation threshold,Spectral-stress evidence detected. Prioritise field inspection to determine the underlying cause. Field verification required.,770
scene_02-Z0106,scene_02,11,9900.0,359427.2727272727,5093697.2727272725,1.8150168657302856,1.953700065612793,1.8129065036773682,100.0,HIGH PRIORITY,95th percentile prioritisation threshold,Spectral-stress evidence detected. Prioritise field inspection to determine the underlying cause. Field verification required.,771
scene_02-Z0848,scene_02,31,27900.0,372205.1612903226,5067288.387096774,1.8145616054534912,2.0321109294891357,1.8042079210281372,100.0,HIGH PRIORITY,95th percentile prioritisation threshold,Spectral-stress evidence detected. Prioritise field inspection to determine the underlying cause. Field verification required.,772
scene_02-Z0109,scene_02,20,18000.0,359928.0,5093389.5,1.8144986629486084,1.9735807180404663,1.797412395477295,100.0,HIGH PRIORITY,95th percentile prioritisation threshold,Spectral-stress evidence detected. Prioritise field inspection to determine the underlying cause. Field verification required.,773
scene_02-Z0820,scene_02,104,93600.0,374627.3076923077,5069826.346153846,1.8143292665481567,2.0206754207611084,1.8050909042358398,100.0,HIGH PRIORITY,95th percentile prioritisation threshold,Spectral-stress evidence detected. Prioritise field inspection to determine the underlying cause. Field verification required.,774
scene_02-Z0289,scene_02,190,171000.0,385764.3157894737,5087340.947368421,1.8142263889312744,1.9194533824920654,1.8183865547180176,100.0,HIGH PRIORITY,95th percentile prioritisation threshold,Spectral-stress evidence detected. Prioritise field inspection to determine the underlying cause. Field verification required.,775
scene_02-Z0718,scene_02,30,27000.0,381690.0,5074831.0,1.8128377199172974,1.9544528722763062,1.7863359451293945,100.0,HIGH PRIORITY,95th percentile prioritisation threshold,Spectral-stress evidence detected. Prioritise field inspection to determine the underlying cause. Field verification required.,776
scene_02-Z0559,scene_02,11,9900.0,373006.36363636365,5079548.181818182,1.8124903440475464,1.904738426208496,1.8115912675857544,100.0,HIGH PRIORITY,95th percentile prioritisation threshold,Spectral-stress evidence detected. Prioritise field inspection to determine the underlying cause. Field verification required.,777
scene_02-Z0704,scene_02,10,9000.0,358404.0,5075334.0,1.812300682067871,1.9346814155578613,1.805635929107666,100.0,HIGH PRIORITY,95th percentile prioritisation threshold,Spectral-stress evidence detected. Prioritise field inspection to determine the underlying cause. Field verification required.,778
scene_02-Z0855,scene_02,56,50400.0,372765.0,5066552.142857143,1.8114210367202759,1.9829025268554688,1.7921059131622314,100.0,HIGH PRIORITY,95th percentile prioritisation threshold,Spectral-stress evidence detected. Prioritise field inspection to determine the underlying cause. Field verification required.,779
scene_02-Z0206,scene_02,12,10800.0,360782.5,5090252.5,1.810747742652893,1.9815666675567627,1.7894575595855713,100.0,HIGH PRIORITY,95th percentile prioritisation threshold,Spectral-stress evidence detected. Prioritise field inspection to determine the underlying cause. Field verification required.,780
scene_02-Z0307,scene_02,10,9000.0,357483.0,5087664.0,1.8098644018173218,1.8995535373687744,1.7994039058685303,100.0,HIGH PRIORITY,95th percentile prioritisation threshold,Spectral-stress evidence detected. Prioritise field inspection to determine the underlying cause. Field verification required.,781
scene_02-Z0795,scene_02,37,33300.0,370918.3783783784,5071451.3513513515,1.8085894584655762,1.9364575147628784,1.8147871494293213,100.0,HIGH PRIORITY,95th percentile prioritisation threshold,Spectral-stress evidence detected. Prioritise field inspection to determine the underlying cause. Field verification required.,782
scene_02-Z0580,scene_02,25,22500.0,358670.4,5078809.2,1.8085427284240723,2.0005533695220947,1.778035283088684,100.0,HIGH PRIORITY,95th percentile prioritisation threshold,Spectral-stress evidence detected. Prioritise field inspection to determine the underlying cause. Field verification required.,783
scene_02-Z0688,scene_02,10,9000.0,376824.0,5075679.0,1.8085237741470337,1.9304218292236328,1.7936129570007324,100.0,HIGH PRIORITY,95th percentile prioritisation threshold,Spectral-stress evidence detected. Prioritise field inspection to determine the underlying cause. Field verification required.,784
scene_02-Z0190,scene_02,15,13500.0,358840.0,5090624.0,1.8084887266159058,1.8887908458709717,1.807494878768921,100.0,HIGH PRIORITY,95th percentile prioritisation threshold,Spectral-stress evidence detected. Prioritise field inspection to determine the underlying cause. Field verification required.,785
scene_02-Z0756,scene_02,13,11700.0,377494.6153846154,5073415.384615385,1.808188796043396,1.9361108541488647,1.8101719617843628,100.0,HIGH PRIORITY,95th percentile prioritisation threshold,Spectral-stress evidence detected. Prioritise field inspection to determine the underlying cause. Field verification required.,786
scene_02-Z0719,scene_02,9,8100.0,355413.3333333333,5074840.0,1.808074712753296,1.947385549545288,1.7929701805114746,100.0,HIGH PRIORITY,95th percentile prioritisation threshold,Spectral-stress evidence detected. Prioritise field inspection to determine the underlying cause. Field verification required.,787
scene_02-Z0856,scene_02,11,9900.0,380980.9090909091,5065930.909090909,1.807592511177063,1.9679826498031616,1.7893420457839966,100.0,HIGH PRIORITY,95th percentile prioritisation threshold,Spectral-stress evidence detected. Prioritise field inspection to determine the underlying cause. Field verification required.,788
scene_02-Z0069,scene_02,9,8100.0,360123.3333333333,5094846.666666667,1.8070526123046875,1.957621455192566,1.76143479347229,100.0,HIGH PRIORITY,95th percentile prioritisation threshold,Spectral-stress evidence detected. Prioritise field inspection to determine the underlying cause. Field verification required.,789
scene_02-Z0237,scene_02,13,11700.0,357849.23076923075,5089506.923076923,1.806289792060852,1.9480252265930176,1.7716673612594604,100.0,HIGH PRIORITY,95th percentile prioritisation threshold,Spectral-stress evidence detected. Prioritise field inspection to determine the underlying cause. Field verification required.,790
scene_02-Z0324,scene_02,53,47700.0,387079.8113207547,5087247.1698113205,1.8059526681900024,1.8740876913070679,1.8053021430969238,100.0,HIGH PRIORITY,95th percentile prioritisation threshold,Spectral-stress evidence detected. Prioritise field inspection to determine the underlying cause. Field verification required.,791
scene_02-Z0296,scene_02,145,130500.0,386759.1724137931,5087405.379310345,1.8052467107772827,1.889654278755188,1.8093880414962769,100.0,HIGH PRIORITY,95th percentile prioritisation threshold,Spectral-stress evidence detected. Prioritise field inspection to determine the underlying cause. Field verification required.,792
scene_02-Z0850,scene_02,122,109800.0,374656.47540983604,5066801.065573771,1.8050487041473389,1.9711605310440063,1.8032143115997314,100.0,HIGH PRIORITY,95th percentile prioritisation threshold,Spectral-stress evidence detected. Prioritise field inspection to determine the underlying cause. Field verification required.,793
scene_02-Z0239,scene_02,26,23400.0,363241.1538461539,5089413.461538462,1.8048514127731323,1.9081547260284424,1.7834579944610596,100.0,HIGH PRIORITY,95th percentile prioritisation threshold,Spectral-stress evidence detected. Prioritise field inspection to determine the underlying cause. Field verification required.,794
scene_02-Z0862,scene_02,25,22500.0,378506.4,5065376.4,1.8041930198669434,1.9153598546981812,1.808333396911621,100.0,HIGH PRIORITY,95th percentile prioritisation threshold,Spectral-stress evidence detected. Prioritise field inspection to determine the underlying cause. Field verification required.,795
scene_02-Z0864,scene_02,13,11700.0,380875.3846153846,5064985.384615385,1.8027561902999878,1.9519294500350952,1.7732446193695068,100.0,HIGH PRIORITY,95th percentile prioritisation threshold,Spectral-stress evidence detected. Prioritise field inspection to determine the underlying cause. Field verification required.,796
scene_02-Z0306,scene_02,76,68400.0,387654.86842105264,5087531.447368421,1.802660346031189,1.8810584545135498,1.8054078817367554,100.0,HIGH PRIORITY,95th percentile prioritisation threshold,Spectral-stress evidence detected. Prioritise field inspection to determine the underlying cause. Field verification required.,797
scene_02-Z0588,scene_02,57,51300.0,374521.5789473684,5078527.368421053,1.8023171424865723,2.075148344039917,1.7903690338134766,100.0,HIGH PRIORITY,95th percentile prioritisation threshold,Spectral-stress evidence detected. Prioritise field inspection to determine the underlying cause. Field verification required.,798
scene_02-Z0077,scene_02,12,10800.0,361165.0,5094532.5,1.8017648458480835,1.8898913860321045,1.8007880449295044,100.0,HIGH PRIORITY,95th percentile prioritisation threshold,Spectral-stress evidence detected. Prioritise field inspection to determine the underlying cause. Field verification required.,799
scene_02-Z0417,scene_02,9,8100.0,386253.3333333333,5084646.666666667,1.800610899925232,1.8397812843322754,1.7953630685806274,100.0,HIGH PRIORITY,95th percentile prioritisation threshold,Spectral-stress evidence detected. Prioritise field inspection to determine the underlying cause. Field verification required.,800
scene_02-Z0412,scene_02,9,8100.0,386543.3333333333,5084866.666666667,1.8002973794937134,1.841394305229187,1.8033092021942139,100.0,HIGH PRIORITY,95th percentile prioritisation threshold,Spectral-stress evidence detected. Prioritise field inspection to determine the underlying cause. Field verification required.,801
scene_02-Z0739,scene_02,20,18000.0,379870.5,5073928.5,1.7997839450836182,1.8812838792800903,1.8036054372787476,100.0,HIGH PRIORITY,95th percentile prioritisation threshold,Spectral-stress evidence detected. Prioritise field inspection to determine the underlying cause. Field verification required.,802
scene_02-Z0800,scene_02,14,12600.0,371256.4285714286,5071161.428571428,1.7987501621246338,1.8824186325073242,1.7981529235839844,100.0,HIGH PRIORITY,95th percentile prioritisation threshold,Spectral-stress evidence detected. Prioritise field inspection to determine the underlying cause. Field verification required.,803
scene_02-Z0625,scene_02,13,11700.0,375800.76923076925,5077458.461538462,1.7987239360809326,1.8911389112472534,1.7929579019546509,100.0,HIGH PRIORITY,95th percentile prioritisation threshold,Spectral-stress evidence detected. Prioritise field inspection to determine the underlying cause. Field verification required.,804
scene_02-Z0266,scene_02,126,113400.0,386972.14285714284,5088533.80952381,1.798170804977417,1.8706700801849365,1.8016588687896729,100.0,HIGH PRIORITY,95th percentile prioritisation threshold,Spectral-stress evidence detected. Prioritise field inspection to determine the underlying cause. Field verification required.,805
scene_02-Z0461,scene_02,17,15300.0,386694.70588235295,5082795.882352941,1.798107624053955,1.879338026046753,1.7983804941177368,100.0,HIGH PRIORITY,95th percentile prioritisation threshold,Spectral-stress evidence detected. Prioritise field inspection to determine the underlying cause. Field verification required.,806
scene_02-Z0843,scene_02,85,76500.0,381117.8823529412,5067424.588235294,1.7979732751846313,1.9221872091293335,1.7925978899002075,100.0,HIGH PRIORITY,95th percentile prioritisation threshold,Spectral-stress evidence detected. Prioritise field inspection to determine the underlying cause. Field verification required.,807
scene_02-Z0844,scene_02,27,24300.0,381635.55555555556,5067386.666666667,1.79786217212677,1.8754539489746094,1.7959517240524292,100.0,HIGH PRIORITY,95th percentile prioritisation threshold,Spectral-stress evidence detected. Prioritise field inspection to determine the underlying cause. Field verification required.,808
scene_02-Z0818,scene_02,13,11700.0,374566.1538461539,5070023.076923077,1.7974393367767334,1.8617854118347168,1.8154410123825073,100.0,HIGH PRIORITY,95th percentile prioritisation threshold,Spectral-stress evidence detected. Prioritise field inspection to determine the underlying cause. Field verification required.,809
scene_02-Z0781,scene_02,402,361800.0,378952.6119402985,5072075.746268657,1.796481728553772,1.9308345317840576,1.7916845083236694,100.0,HIGH PRIORITY,95th percentile prioritisation threshold,Spectral-stress evidence detected. Prioritise field inspection to determine the underlying cause. Field verification required.,810
scene_02-Z0854,scene_02,10,9000.0,376875.0,5066754.0,1.7954633235931396,1.8736748695373535,1.8079118728637695,100.0,HIGH PRIORITY,95th percentile prioritisation threshold,Spectral-stress evidence detected. Prioritise field inspection to determine the underlying cause. Field verification required.,811
scene_02-Z0357,scene_02,17,15300.0,387001.76470588235,5086485.882352941,1.7953752279281616,1.8307985067367554,1.8020912408828735,100.0,HIGH PRIORITY,95th percentile prioritisation threshold,Spectral-stress evidence detected. Prioritise field inspection to determine the underlying cause. Field verification required.,812
scene_02-Z0368,scene_02,66,59400.0,387084.54545454547,5086057.7272727275,1.7936553955078125,1.869728922843933,1.7951672077178955,100.0,HIGH PRIORITY,95th percentile prioritisation threshold,Spectral-stress evidence detected. Prioritise field inspection to determine the underlying cause. Field verification required.,813
scene_02-Z0731,scene_02,14,12600.0,374147.14285714284,5074086.428571428,1.7926006317138672,1.859214186668396,1.7842037677764893,100.0,HIGH PRIORITY,95th percentile prioritisation threshold,Spectral-stress evidence detected. Prioritise field inspection to determine the underlying cause. Field verification required.,814
scene_02-Z0423,scene_02,27,24300.0,386071.1111111111,5084225.555555556,1.7922078371047974,1.8670154809951782,1.7915606498718262,100.0,HIGH PRIORITY,95th percentile prioritisation threshold,Spectral-stress evidence detected. Prioritise field inspection to determine the underlying cause. Field verification required.,815
scene_02-Z0807,scene_02,12,10800.0,368720.0,5070492.5,1.7911847829818726,1.8677459955215454,1.7952399253845215,100.0,HIGH PRIORITY,95th percentile prioritisation threshold,Spectral-stress evidence detected. Prioritise field inspection to determine the underlying cause. Field verification required.,816
scene_02-Z0262,scene_02,14,12600.0,386198.5714285714,5088820.714285715,1.7910852432250977,1.8377487659454346,1.7962827682495117,100.0,HIGH PRIORITY,95th percentile prioritisation threshold,Spectral-stress evidence detected. Prioritise field inspection to determine the underlying cause. Field verification required.,817
scene_02-Z0858,scene_02,16,14400.0,379063.125,5065743.75,1.790426254272461,1.9043267965316772,1.7715156078338623,100.0,HIGH PRIORITY,95th percentile prioritisation threshold,Spectral-stress evidence detected. Prioritise field inspection to determine the underlying cause. Field verification required.,818
scene_02-Z0448,scene_02,28,25200.0,386745.0,5083290.0,1.7889995574951172,1.84669828414917,1.7869023084640503,100.0,HIGH PRIORITY,95th percentile prioritisation threshold,Spectral-stress evidence detected. Prioritise field inspection to determine the underlying cause. Field verification required.,819
scene_02-Z0256,scene_02,10,9000.0,363024.0,5089035.0,1.788116216659546,1.9326013326644897,1.778342366218567,100.0,HIGH PRIORITY,95th percentile prioritisation threshold,Spectral-stress evidence detected. Prioritise field inspection to determine the underlying cause. Field verification required.,820
scene_02-Z0748,scene_02,30,27000.0,380703.0,5073663.0,1.7878650426864624,1.9230422973632812,1.7721912860870361,100.0,HIGH PRIORITY,95th percentile prioritisation threshold,Spectral-stress evidence detected. Prioritise field inspection to determine the underlying cause. Field verification required.,821
scene_02-Z0274,scene_02,37,33300.0,387183.24324324325,5088444.324324325,1.7870217561721802,1.8499343395233154,1.7885987758636475,100.0,HIGH PRIORITY,95th percentile prioritisation threshold,Spectral-stress evidence detected. Prioritise field inspection to determine the underlying cause. Field verification required.,822
scene_02-Z0832,scene_02,20,18000.0,382453.5,5068966.5,1.7860628366470337,1.9903528690338135,1.7712912559509277,100.0,HIGH PRIORITY,95th percentile prioritisation threshold,Spectral-stress evidence detected. Prioritise field inspection to determine the underlying cause. Field verification required.,823
scene_02-Z0351,scene_02,133,119700.0,387361.1278195489,5086238.571428572,1.7847024202346802,1.8779420852661133,1.7864158153533936,100.0,HIGH PRIORITY,95th percentile prioritisation threshold,Spectral-stress evidence detected. Prioritise field inspection to determine the underlying cause. Field verification required.,824
scene_02-Z0742,scene_02,29,26100.0,381090.0,5073737.586206896,1.7836045026779175,1.8549026250839233,1.7877886295318604,100.0,HIGH PRIORITY,95th percentile prioritisation threshold,Spectral-stress evidence detected. Prioritise field inspection to determine the underlying cause. Field verification required.,825
scene_02-Z0331,scene_02,263,236700.0,387660.9125475285,5086676.349809886,1.7835158109664917,1.8668156862258911,1.7826266288757324,100.0,HIGH PRIORITY,95th percentile prioritisation threshold,Spectral-stress evidence detected. Prioritise field inspection to determine the underlying cause. Field verification required.,826
scene_02-Z0860,scene_02,9,8100.0,380230.0,5065566.666666667,1.7834216356277466,1.8808348178863525,1.784964680671692,100.0,HIGH PRIORITY,95th percentile prioritisation threshold,Spectral-stress evidence detected. Prioritise field inspection to determine the underlying cause. Field verification required.,827
scene_02-Z0302,scene_02,9,8100.0,359726.6666666667,5087776.666666667,1.7830649614334106,1.8829768896102905,1.7629586458206177,100.0,HIGH PRIORITY,95th percentile prioritisation threshold,Spectral-stress evidence detected. Prioritise field inspection to determine the underlying cause. Field verification required.,828
scene_02-Z0615,scene_02,13,11700.0,376347.6923076923,5077809.230769231,1.7816189527511597,1.8337353467941284,1.7828928232192993,100.0,HIGH PRIORITY,95th percentile prioritisation threshold,Spectral-stress evidence detected. Prioritise field inspection to determine the underlying cause. Field verification required.,829
scene_02-Z0711,scene_02,13,11700.0,381320.76923076925,5075049.230769231,1.7811009883880615,1.897263765335083,1.7428202629089355,100.0,HIGH PRIORITY,95th percentile prioritisation threshold,Spectral-stress evidence detected. Prioritise field inspection to determine the underlying cause. Field verification required.,830
scene_02-Z0155,scene_02,12,10800.0,359902.5,5091562.5,1.780910849571228,1.93849778175354,1.7679725885391235,100.0,HIGH PRIORITY,95th percentile prioritisation threshold,Spectral-stress evidence detected. Prioritise field inspection to determine the underlying cause. Field verification required.,831
scene_02-Z0409,scene_02,22,19800.0,386923.63636363635,5085120.0,1.7803535461425781,1.8460646867752075,1.7887309789657593,100.0,HIGH PRIORITY,95th percentile prioritisation threshold,Spectral-stress evidence detected. Prioritise field inspection to determine the underlying cause. Field verification required.,832
scene_02-Z0676,scene_02,17,15300.0,377297.64705882355,5075858.823529412,1.7802441120147705,1.905514121055603,1.77918541431427,100.0,HIGH PRIORITY,95th percentile prioritisation threshold,Spectral-stress evidence detected. Prioritise field inspection to determine the underlying cause. Field verification required.,833
scene_02-Z0263,scene_02,106,95400.0,386426.6037735849,5088588.679245283,1.77719247341156,1.8517212867736816,1.7762798070907593,100.0,HIGH PRIORITY,95th percentile prioritisation threshold,Spectral-stress evidence detected. Prioritise field inspection to determine the underlying cause. Field verification required.,834
scene_02-Z0647,scene_02,14,12600.0,378315.0,5076859.285714285,1.7767099142074585,1.8055840730667114,1.7903926372528076,100.0,HIGH PRIORITY,95th percentile prioritisation threshold,Spectral-stress evidence detected. Prioritise field inspection to determine the underlying cause. Field verification required.,835
scene_02-Z0444,scene_02,92,82800.0,386471.0869565217,5083247.934782608,1.774520993232727,1.858675479888916,1.7679874897003174,100.0,HIGH PRIORITY,95th percentile prioritisation threshold,Spectral-stress evidence detected. Prioritise field inspection to determine the underlying cause. Field verification required.,836
scene_02-Z0305,scene_02,47,42300.0,387435.3191489362,5087470.212765957,1.774267315864563,1.8237814903259277,1.7782105207443237,100.0,HIGH PRIORITY,95th percentile prioritisation threshold,Spectral-stress evidence detected. Prioritise field inspection to determine the underlying cause. Field verification required.,837
scene_02-Z0643,scene_02,16,14400.0,378189.375,5077001.25,1.773031234741211,1.8405588865280151,1.7732559442520142,100.0,HIGH PRIORITY,95th percentile prioritisation threshold,Spectral-stress evidence detected. Prioritise field inspection to determine the underlying cause. Field verification required.,838
scene_02-Z0811,scene_02,9,8100.0,368883.3333333333,5070326.666666667,1.7712996006011963,1.8411048650741577,1.7817727327346802,100.0,HIGH PRIORITY,95th percentile prioritisation threshold,Spectral-stress evidence detected. Prioritise field inspection to determine the underlying cause. Field verification required.,839
scene_02-Z0419,scene_02,62,55800.0,386846.6129032258,5084262.580645162,1.7709158658981323,1.8407107591629028,1.7719447612762451,100.0,HIGH PRIORITY,95th percentile prioritisation threshold,Spectral-stress evidence detected. Prioritise field inspection to determine the underlying cause. Field verification required.,840
scene_02-Z0411,scene_02,15,13500.0,386300.0,5084872.0,1.7700848579406738,1.833067536354065,1.761423945426941,100.0,HIGH PRIORITY,95th percentile prioritisation threshold,Spectral-stress evidence detected. Prioritise field inspection to determine the underlying cause. Field verification required.,841
scene_02-Z0317,scene_02,10,9000.0,387885.0,5087529.0,1.769537329673767,1.822892189025879,1.7792565822601318,100.0,HIGH PRIORITY,95th percentile prioritisation threshold,Spectral-stress evidence detected. Prioritise field inspection to determine the underlying cause. Field verification required.,842
scene_02-Z0769,scene_02,30,27000.0,373056.0,5072916.0,1.7687675952911377,1.8588902950286865,1.7619743347167969,100.0,HIGH PRIORITY,95th percentile prioritisation threshold,Spectral-stress evidence detected. Prioritise field inspection to determine the underlying cause. Field verification required.,843
scene_02-Z0281,scene_02,17,15300.0,386188.23529411765,5088345.882352941,1.768359899520874,1.8331812620162964,1.761563777923584,100.0,HIGH PRIORITY,95th percentile prioritisation threshold,Spectral-stress evidence detected. Prioritise field inspection to determine the underlying cause. Field verification required.,844
scene_02-Z0585,scene_02,14,12600.0,368350.71428571426,5078736.428571428,1.7680318355560303,1.8352075815200806,1.762992262840271,100.0,HIGH PRIORITY,95th percentile prioritisation threshold,Spectral-stress evidence detected. Prioritise field inspection to determine the underlying cause. Field verification required.,845
scene_02-Z0801,scene_02,53,47700.0,367747.358490566,5070964.528301887,1.7672785520553589,1.8739672899246216,1.7568827867507935,100.0,HIGH PRIORITY,95th percentile prioritisation threshold,Spectral-stress evidence detected. Prioritise field inspection to determine the underlying cause. Field verification required.,846
scene_02-Z0851,scene_02,12,10800.0,381467.5,5066820.0,1.7661479711532593,1.871616244316101,1.750203251838684,100.0,HIGH PRIORITY,95th percentile prioritisation threshold,Spectral-stress evidence detected. Prioritise field inspection to determine the underlying cause. Field verification required.,847
scene_02-Z0740,scene_02,18,16200.0,371790.0,5073901.666666667,1.7659143209457397,1.8599451780319214,1.7529290914535522,100.0,HIGH PRIORITY,95th percentile prioritisation threshold,Spectral-stress evidence detected. Prioritise field inspection to determine the underlying cause. Field verification required.,848
scene_02-Z0764,scene_02,65,58500.0,376469.07692307694,5072953.846153846,1.7657861709594727,1.8383466005325317,1.7605355978012085,100.0,HIGH PRIORITY,95th percentile prioritisation threshold,Spectral-stress evidence detected. Prioritise field inspection to determine the underlying cause. Field verification required.,849
scene_02-Z0453,scene_02,42,37800.0,386115.7142857143,5083056.428571428,1.763912558555603,1.8355474472045898,1.7613476514816284,100.0,HIGH PRIORITY,95th percentile prioritisation threshold,Spectral-stress evidence detected. Prioritise field inspection to determine the underlying cause. Field verification required.,850
scene_02-Z0264,scene_02,98,88200.0,386711.63265306124,5088634.285714285,1.7598083019256592,1.8237046003341675,1.7546433210372925,100.0,HIGH PRIORITY,95th percentile prioritisation threshold,Spectral-stress evidence detected. Prioritise field inspection to determine the underlying cause. Field verification required.,851
scene_02-Z0749,scene_02,31,27900.0,372664.8387096774,5073648.387096774,1.7588517665863037,1.8482017517089844,1.7547515630722046,100.0,HIGH PRIORITY,95th percentile prioritisation threshold,Spectral-stress evidence detected. Prioritise field inspection to determine the underlying cause. Field verification required.,852
scene_02-Z0775,scene_02,22,19800.0,373865.45454545453,5072612.7272727275,1.7580859661102295,1.8198637962341309,1.754288673400879,100.0,HIGH PRIORITY,95th percentile prioritisation threshold,Spectral-stress evidence detected. Prioritise field inspection to determine the underlying cause. Field verification required.,853
scene_02-Z0376,scene_02,15,13500.0,386840.0,5086002.0,1.7570469379425049,1.7960283756256104,1.753015160560608,100.0,HIGH PRIORITY,95th percentile prioritisation threshold,Spectral-stress evidence detected. Prioritise field inspection to determine the underlying cause. Field verification required.,854
scene_02-Z0780,scene_02,9,8100.0,378070.0,5072366.666666667,1.755149245262146,1.8197027444839478,1.748724341392517,100.0,HIGH PRIORITY,95th percentile prioritisation threshold,Spectral-stress evidence detected. Prioritise field inspection to determine the underlying cause. Field verification required.,855
scene_02-Z0424,scene_02,12,10800.0,386580.0,5084275.0,1.7544407844543457,1.8056453466415405,1.7530176639556885,100.0,HIGH PRIORITY,95th percentile prioritisation threshold,Spectral-stress evidence detected. Prioritise field inspection to determine the underlying cause. Field verification required.,856
scene_02-Z0071,scene_02,48,43200.0,359274.375,5094758.75,1.7512365579605103,1.7998197078704834,1.7470836639404297,100.0,HIGH PRIORITY,95th percentile prioritisation threshold,Spectral-stress evidence detected. Prioritise field inspection to determine the underlying cause. Field verification required.,857
scene_02-Z0768,scene_02,12,10800.0,373310.0,5072967.5,1.749794602394104,1.834787368774414,1.7404142618179321,100.0,HIGH PRIORITY,95th percentile prioritisation threshold,Spectral-stress evidence detected. Prioritise field inspection to determine the underlying cause. Field verification required.,858
scene_02-Z0389,scene_02,14,12600.0,371946.4285714286,5085803.571428572,1.7473382949829102,1.818259835243225,1.7392683029174805,100.0,HIGH PRIORITY,95th percentile prioritisation threshold,Spectral-stress evidence detected. Prioritise field inspection to determine the underlying cause. Field verification required.,859
scene_02-Z0653,scene_02,12,10800.0,371655.0,5076710.0,1.7362031936645508,1.7648725509643555,1.7310473918914795,100.0,HIGH PRIORITY,95th percentile prioritisation threshold,Spectral-stress evidence detected. Prioritise field inspection to determine the underlying cause. Field verification required.,860
scene_02-Z0745,scene_02,9,8100.0,372923.3333333333,5073736.666666667,1.7355693578720093,1.775215983390808,1.7271419763565063,100.0,HIGH PRIORITY,95th percentile prioritisation threshold,Spectral-stress evidence detected. Prioritise field inspection to determine the underlying cause. Field verification required.,861
scene_02-Z0774,scene_02,10,9000.0,373554.0,5072622.0,1.73423171043396,1.76163911819458,1.7273304462432861,100.0,HIGH PRIORITY,95th percentile prioritisation threshold,Spectral-stress evidence detected. Prioritise field inspection to determine the underlying cause. Field verification required.,862
scene_02-Z0654,scene_02,12,10800.0,371537.5,5076602.5,1.7326292991638184,1.750486969947815,1.7323131561279297,100.0,HIGH PRIORITY,95th percentile prioritisation threshold,Spectral-stress evidence detected. Prioritise field inspection to determine the underlying cause. Field verification required.,863
scene_02-Z0570,scene_02,11,9900.0,368130.0,5079139.090909091,1.7287176847457886,1.7471349239349365,1.7212283611297607,100.0,HIGH PRIORITY,95th percentile prioritisation threshold,Spectral-stress evidence detected. Prioritise field inspection to determine the underlying cause. Field verification required.,864
