{"type": "FeatureCollection", "features": [{"type": "Feature", "geometry": {"type": "Polygon", "coordinates": [[[33.62066901274576, 17.869121166739387], [33.62066807150233, 17.868850019894303], [33.6203849106514, 17.86885092098896], [33.62037832541943, 17.866952892759294], [33.620661483265145, 17.866951991766623], [33.620660542155086, 17.866680844860927], [33.62122685693793, 17.86667904167149], [33.62122779890656, 17.866950188548028], [33.62151095670224, 17.866949286322107], [33.62151189911685, 17.86722043317648], [33.62179505732513, 17.867219530524878], [33.62179788595703, 17.86803297099874], [33.62208104543654, 17.868032067892248], [33.622081988776564, 17.86830321468711], [33.622365148668685, 17.868302311154896], [33.62236609245475, 17.86857345792757], [33.622082932133296, 17.86857436147439], [33.622083875506746, 17.8688455082541], [33.62123439315416, 17.86884821647162], [33.62123533525627, 17.869119363287535], [33.62066901274576, 17.869121166739387]], [[33.6209502906805, 17.868577971550454], [33.621516611440285, 17.868576167334673], [33.62151566894221, 17.868305020518193], [33.620949349041084, 17.868306824704803], [33.6209502906805, 17.868577971550454]]]}, "properties": {"zone_id": "scene_02-Z0001", "scene": "scene_02", "pixel_count": 40, "approx_area_m2": 36000.0, "centroid_x": 565806.0, "centroid_y": 1975685.25, "centroid_lon": 33.62114631296934, "centroid_lat": 17.86794692385791, "mean_risk": 2.408954381942749, "max_risk": 3.249326467514038, "median_risk": 2.3285484313964844, "high_priority_pixel_pct": 100.0, "priority_category": "HIGH PRIORITY", "threshold_type": "95th percentile prioritisation threshold", "recommendation": "Spectral-stress evidence detected. Prioritise field inspection to determine the underlying cause. Field verification required.", "priority_rank": 58}}, {"type": "Feature", "geometry": {"type": "Polygon", "coordinates": [[[33.6234987335733, 17.868569839629032], [33.62349778806991, 17.868298692914852], [33.6232146282447, 17.868299598091543], [33.623212738146805, 17.867757304611185], [33.6229295791635, 17.867758209347492], [33.62293052377476, 17.86802935610609], [33.62264736434541, 17.868030260445916], [33.62264547599823, 17.867487966891908], [33.622362317410776, 17.867488870791394], [33.622359486303324, 17.866675430359688], [33.622076328987035, 17.866676333804257], [33.62207444252419, 17.866134040116012], [33.62150812955858, 17.866135845713522], [33.6215062448796, 17.865593551936573], [33.621789400512235, 17.865592649372534], [33.62178374430055, 17.863965767947406], [33.621500591243276, 17.86396667042387], [33.621499649028976, 17.863695523478572], [33.620083885638415, 17.863700029622855], [33.620082005551794, 17.863157735563775], [33.61979885368207, 17.863158635530507], [33.61979791409292, 17.86288748847505], [33.62008106553346, 17.862886588522866], [33.62007730562668, 17.861802000283483], [33.62036045533393, 17.861801099978567], [33.62035951496973, 17.86152995291434], [33.62064266423118, 17.86152905221303], [33.62064078269449, 17.860986758090984], [33.62092393108101, 17.860985857007872], [33.62092298990855, 17.860714709950063], [33.620639841951146, 17.860715611018595], [33.620636079144454, 17.859631022653303], [33.620919225385464, 17.859630121643058], [33.62092110761366, 17.860172415811707], [33.62205369584359, 17.86016880754496], [33.62205652446026, 17.860982248566035], [33.62177337614049, 17.860983151292903], [33.62177526111021, 17.861525445298273], [33.62149211191548, 17.861526347643387], [33.6214958803387, 17.862610935621593], [33.621779031250036, 17.8626100332181], [33.621778088690036, 17.862338886249503], [33.62206123915551, 17.862337983449628], [33.622060296183044, 17.862066836488065], [33.62234344620266, 17.862065933291834], [33.62234250281776, 17.8617947863373], [33.62262565239151, 17.86179388274472], [33.62262754003633, 17.86233617661698], [33.62234438960428, 17.862337080238795], [33.62234533302261, 17.86260822717818], [33.62206218214468, 17.862609130403627], [33.62206312515055, 17.862880277350044], [33.622346276457655, 17.862879374109983], [33.622347219909415, 17.863150521034214], [33.62291352333183, 17.863148713291917], [33.622912579021715, 17.862877566396918], [33.62319573027865, 17.862876661923913], [33.623194785556095, 17.862605515035966], [33.622911634728325, 17.86260641949435], [33.622910690451675, 17.8623352725842], [33.623476991232145, 17.862333463285722], [33.62347982668733, 17.863146903905655], [33.62376297833996, 17.863145998596035], [33.62376203274231, 17.862874851744948], [33.62404518394902, 17.862873946038988], [33.624044237938946, 17.86260279919497], [33.624327388699726, 17.862601893092677], [33.62432644227726, 17.86233074625573], [33.625175893171466, 17.862328025527006], [33.6251787363517, 17.86314146588311], [33.62461243319732, 17.863143280201246], [33.624613380099284, 17.863414427000805], [33.62433022806774, 17.86341533355805], [33.624331174557284, 17.863686480364684], [33.62489747946197, 17.863684666809867], [33.62489653211405, 17.86341352003256], [33.62517968411203, 17.86341261265332], [33.62518063188915, 17.863683759415952], [33.625463784299534, 17.863682851611035], [33.62546188790371, 17.863140558107553], [33.62574503943892, 17.86313964992101], [33.62574124513218, 17.862055062881865], [33.626024394933935, 17.862054154343102], [33.626025343914556, 17.86232530109956], [33.626591644325906, 17.86232348275974], [33.626590694486964, 17.862052336032697], [33.62772329339106, 17.862048694480333], [33.62772614810828, 17.862862134462066], [33.62744299712004, 17.862863045510803], [33.62744394829699, 17.863134192170953], [33.62716079686273, 17.86313510282344], [33.62716364920712, 17.863948542802625], [33.62688049646844, 17.86394945308828], [33.62688144685438, 17.864220599747576], [33.62716460002227, 17.8642196894472], [33.62716555085426, 17.864490836084194], [33.626882397257155, 17.864491746399292], [33.626884298113225, 17.86503403967999], [33.62660114364083, 17.865034949613488], [33.62660304370577, 17.865577242893302], [33.6257535776122, 17.8655799703158], [33.62575452638215, 17.865851116988445], [33.626037682192745, 17.865850208243966], [33.62604337774108, 17.86747708803251], [33.62576021935481, 17.86747799686516], [33.62576211714682, 17.868020290096762], [33.62604527639171, 17.868019381234728], [33.62604622574224, 17.86829052782447], [33.6251967466692, 17.868293253221314], [33.625197694748564, 17.868564399847536], [33.6234987335733, 17.868569839629032]], [[33.62406316132479, 17.868025734635676], [33.62434632067041, 17.868024828240298], [33.6243434804472, 17.867211388161394], [33.62462663848814, 17.867210481398892], [33.62462569135131, 17.866939334705428], [33.62434253373968, 17.86694024145327], [33.62434158704892, 17.866669094737567], [33.624058429849796, 17.866670001059678], [33.62405937611127, 17.86694114779003], [33.62349306080417, 17.8669429592303], [33.62349589711338, 17.867756399463772], [33.624062214996265, 17.86775458793563], [33.62406316132479, 17.868025734635676]], [[33.624906006348546, 17.866124987464648], [33.6251891626388, 17.866124079938665], [33.62518631890446, 17.86531063983263], [33.62490316390197, 17.865311547314583], [33.624906006348546, 17.866124987464648]], [[33.62490221645334, 17.865040400582743], [33.625185371026596, 17.86503949311546], [33.62518442316553, 17.86476834639071], [33.62490126902151, 17.864769253843324], [33.62490221645334, 17.865040400582743]], [[33.62603388549681, 17.864765621566704], [33.626600193633614, 17.864763802962212], [33.62659639377301, 17.863679216281337], [33.6260300890699, 17.863681034768195], [33.62603388549681, 17.864765621566704]], [[33.62291730073959, 17.86423330079613], [33.62320045414249, 17.86423239624998], [33.62319950933625, 17.86396124939992], [33.623765815233426, 17.863959439103855], [33.623763923954364, 17.863417145439556], [33.62348077187254, 17.863418050763812], [33.623481717074505, 17.863689197614395], [33.62291541200225, 17.863691007059174], [33.622914467658674, 17.863419860179338], [33.62263131552665, 17.863420764270604], [33.62263225944102, 17.863691911165063], [33.622349106863076, 17.86369281485994], [33.62235005036498, 17.86396396176145], [33.62291635636256, 17.86396215393144], [33.62291730073959, 17.86423330079613]]]}, "properties": {"zone_id": "scene_02-Z0002", "scene": "scene_02", "pixel_count": 380, "approx_area_m2": 342000.0, "centroid_x": 566082.947368421, "centroid_y": 1975308.0, "centroid_lon": 33.623748427465195, "centroid_lat": 17.864528909379196, "mean_risk": 2.245062828063965, "max_risk": 3.8713135719299316, "median_risk": 2.1936349868774414, "high_priority_pixel_pct": 100.0, "priority_category": "HIGH PRIORITY", "threshold_type": "95th percentile prioritisation threshold", "recommendation": "Spectral-stress evidence detected. Prioritise field inspection to determine the underlying cause. Field verification required.", "priority_rank": 85}}, {"type": "Feature", "geometry": {"type": "Polygon", "coordinates": [[[33.52382375595734, 17.868320765762235], [33.52382296161315, 17.868049614292012], [33.52353979722419, 17.8680503747248], [33.523539003323414, 17.86777922323472], [33.52382216728303, 17.867778462814233], [33.523821372966985, 17.867507311328875], [33.52410453648319, 17.867506550509557], [33.524102947034656, 17.866964247540768], [33.52466927230753, 17.866962724718], [33.524670067883406, 17.867233876181555], [33.52438690482469, 17.86723463781081], [33.52438929034886, 17.86804809219303], [33.52410612598804, 17.86804885344809], [33.52410692076158, 17.86832000490601], [33.52382375595734, 17.868320765762235]]]}, "properties": {"zone_id": "scene_02-Z0003", "scene": "scene_02", "pixel_count": 9, "approx_area_m2": 8100.0, "centroid_x": 555526.6666666666, "centroid_y": 1975620.0, "centroid_lon": 33.5241206651721, "centroid_lat": 17.867642083966892, "mean_risk": 1.8888583183288574, "max_risk": 2.051100730895996, "median_risk": 1.8583139181137085, "high_priority_pixel_pct": 100.0, "priority_category": "HIGH PRIORITY", "threshold_type": "95th percentile prioritisation threshold", "recommendation": "Spectral-stress evidence detected. Prioritise field inspection to determine the underlying cause. Field verification required.", "priority_rank": 298}}, {"type": "Feature", "geometry": {"type": "Polygon", "coordinates": [[[33.630858024343844, 17.867732721334047], [33.63085706772875, 17.86746157497998], [33.63057390962937, 17.867462490801238], [33.6305719973086, 17.866920198040745], [33.63198778334305, 17.866915614971727], [33.631988741641415, 17.86718676128166], [33.632271899226694, 17.867185843419772], [33.63227285797133, 17.867456989707286], [33.631423383876665, 17.867459742104185], [33.63142434135037, 17.86773088842862], [33.630858024343844, 17.867732721334047]]]}, "properties": {"zone_id": "scene_02-Z0004", "scene": "scene_02", "pixel_count": 13, "approx_area_m2": 11700.0, "centroid_x": 566884.6153846154, "centroid_y": 1975613.076923077, "centroid_lon": 33.631324668052144, "centroid_lat": 17.867261914050882, "mean_risk": 2.225902795791626, "max_risk": 2.9010672569274902, "median_risk": 2.1029367446899414, "high_priority_pixel_pct": 100.0, "priority_category": "HIGH PRIORITY", "threshold_type": "95th percentile prioritisation threshold", "recommendation": "Spectral-stress evidence detected. Prioritise field inspection to determine the underlying cause. Field verification required.", "priority_rank": 89}}, {"type": "Feature", "geometry": {"type": "Polygon", "coordinates": [[[33.637933112746424, 17.866625107852666], [33.637932145467296, 17.866353961840627], [33.638215301406525, 17.866353035390887], [33.638214333715275, 17.866081889386244], [33.63793117820531, 17.86608281582101], [33.637930210960455, 17.865811669793807], [33.63764705586261, 17.86581259580254], [33.637646089064134, 17.865541449752786], [33.637362934378416, 17.865542375335494], [33.63736196802631, 17.865271229263197], [33.63821143074437, 17.86526845132685], [33.6382123983842, 17.86553959735423], [33.63849555301852, 17.86553867053838], [33.63849652110474, 17.865809816543198], [33.639345986192524, 17.865807033584392], [33.639346955583655, 17.866078179536622], [33.63878064468378, 17.86608003528355], [33.63878161323356, 17.866351181258207], [33.638498457328616, 17.866352108530076], [33.63849942546628, 17.86662325451215], [33.637933112746424, 17.866625107852666]]]}, "properties": {"zone_id": "scene_02-Z0005", "scene": "scene_02", "pixel_count": 15, "approx_area_m2": 13500.0, "centroid_x": 567622.0, "centroid_y": 1975464.0, "centroid_lon": 33.63827972588802, "centroid_lat": 17.865891870953682, "mean_risk": 2.0257229804992676, "max_risk": 2.557201385498047, "median_risk": 1.9335896968841553, "high_priority_pixel_pct": 100.0, "priority_category": "HIGH PRIORITY", "threshold_type": "95th percentile prioritisation threshold", "recommendation": "Spectral-stress evidence detected. Prioritise field inspection to determine the underlying cause. Field verification required.", "priority_rank": 190}}, {"type": "Feature", "geometry": {"type": "Polygon", "coordinates": [[[33.522683963464175, 17.865883441129117], [33.52268317096375, 17.86561228954168], [33.52240001038243, 17.865613048219497], [33.52239921832532, 17.86534189661223], [33.52268237847736, 17.865341137946675], [33.52268079354671, 17.864798834733985], [33.523530271343006, 17.864796556344597], [33.523529477610985, 17.864525404763743], [33.52409579521304, 17.86452388380679], [33.524096589803584, 17.86479503536304], [33.52437974901275, 17.864794274255683], [33.52438054404663, 17.86506542579206], [33.5240973844082, 17.865066186911726], [33.52409817902689, 17.865337338452854], [33.523815018945115, 17.865338099173762], [33.5238158131486, 17.865609250719626], [33.52353265262347, 17.865610011041756], [33.52353344641175, 17.865881162592352], [33.522683963464175, 17.865883441129117]]]}, "properties": {"zone_id": "scene_02-Z0006", "scene": "scene_02", "pixel_count": 22, "approx_area_m2": 19800.0, "centroid_x": 555443.1818181818, "centroid_y": 1975355.4545454546, "centroid_lon": 33.52332567176302, "centroid_lat": 17.865253136677808, "mean_risk": 2.30888032913208, "max_risk": 3.0857625007629395, "median_risk": 2.2752685546875, "high_priority_pixel_pct": 100.0, "priority_category": "HIGH PRIORITY", "threshold_type": "95th percentile prioritisation threshold", "recommendation": "Spectral-stress evidence detected. Prioritise field inspection to determine the underlying cause. Field verification required.", "priority_rank": 70}}, {"type": "Feature", "geometry": {"type": "Polygon", "coordinates": [[[33.63566207836861, 17.865005627868314], [33.635661114626096, 17.864734481691197], [33.63509480757365, 17.864736326601438], [33.63509384470664, 17.864465180386908], [33.63537699781217, 17.864464258152214], [33.63537603453302, 17.864193111945013], [33.63622549245958, 17.8641903428196], [33.63622742161025, 17.86473263513685], [33.6365105750767, 17.864731711243138], [33.636511540106895, 17.865002857375462], [33.63566207836861, 17.865005627868314]]]}, "properties": {"zone_id": "scene_02-Z0007", "scene": "scene_02", "pixel_count": 11, "approx_area_m2": 9900.0, "centroid_x": 567354.5454545454, "centroid_y": 1975322.7272727273, "centroid_lon": 33.63575081461435, "centroid_lat": 17.86462326459483, "mean_risk": 1.993371605873108, "max_risk": 2.251502275466919, "median_risk": 1.9496477842330933, "high_priority_pixel_pct": 100.0, "priority_category": "HIGH PRIORITY", "threshold_type": "95th percentile prioritisation threshold", "recommendation": "Spectral-stress evidence detected. Prioritise field inspection to determine the underlying cause. Field verification required.", "priority_rank": 204}}, {"type": "Feature", "geometry": {"type": "Polygon", "coordinates": [[[33.66340504658622, 17.863286343553895], [33.663404040887045, 17.863015198825707], [33.66368719010257, 17.86301423556754], [33.66368618399205, 17.862743090847346], [33.6642524815113, 17.862741163129268], [33.664251474560295, 17.862470018432663], [33.66481777114987, 17.86246808910192], [33.66481676335842, 17.86219694442893], [33.665383059018296, 17.86219501348557], [33.66538104177241, 17.86165272417932], [33.66623048255339, 17.861649824775906], [33.66622846280428, 17.861107535533105], [33.66651160883726, 17.861106568274707], [33.66651261913198, 17.861377712884256], [33.666795765576175, 17.861376745199276], [33.66679778707757, 17.861919034364323], [33.66708093436211, 17.8619180662371], [33.667083968035946, 17.862731499880823], [33.6665176708741, 17.86273343581825], [33.66651868127622, 17.863004580382295], [33.664536637642165, 17.863011343327198], [33.66453764505801, 17.863282487993033], [33.66340504658622, 17.863286343553895]]]}, "properties": {"zone_id": "scene_02-Z0008", "scene": "scene_02", "pixel_count": 46, "approx_area_m2": 41400.0, "centroid_x": 570519.7826086957, "centroid_y": 1975090.4347826086, "centroid_lon": 33.66561781918549, "centroid_lat": 17.862424098932472, "mean_risk": 2.552765369415283, "max_risk": 4.606804370880127, "median_risk": 2.3313679695129395, "high_priority_pixel_pct": 100.0, "priority_category": "HIGH PRIORITY", "threshold_type": "95th percentile prioritisation threshold", "recommendation": "Spectral-stress evidence detected. Prioritise field inspection to determine the underlying cause. Field verification required.", "priority_rank": 40}}, {"type": "Feature", "geometry": {"type": "Polygon", "coordinates": [[[33.630275461711555, 17.86312506304178], [33.63027450624285, 17.862853916529264], [33.62999135540662, 17.862854831276834], [33.629987535417676, 17.86177024509181], [33.629704386281155, 17.86177115936925], [33.629700568279425, 17.86068657300384], [33.629983715699446, 17.860685658785545], [33.62997989625191, 17.859601072358043], [33.63026304193863, 17.859600157787998], [33.63026017624341, 17.8587867179322], [33.63054332062601, 17.858785802995648], [33.630542364999066, 17.8585146563767], [33.63082550893567, 17.85851374104407], [33.63082455289662, 17.858242594432355], [33.63167398331763, 17.858239846013678], [33.631674940643826, 17.858510992580946], [33.631958084512625, 17.85851007560482], [33.63195904228484, 17.858781222149677], [33.63224218656572, 17.858780304747835], [33.632243144783956, 17.85905145127028], [33.63196000007402, 17.859052368686957], [33.631961915703286, 17.85959466173878], [33.63167877011823, 17.859595578774233], [33.63168259986404, 17.860680164846293], [33.63139945254565, 17.860681081530156], [33.631401366662104, 17.86122337455038], [33.63111821846851, 17.86122429085295], [33.63111917512305, 17.861495437366514], [33.63083602648338, 17.861496353272962], [33.63084080786453, 17.86285208580118], [33.630557657062155, 17.862853001370716], [33.630558612960044, 17.863124147868433], [33.630275461711555, 17.86312506304178]]]}, "properties": {"zone_id": "scene_02-Z0009", "scene": "scene_02", "pixel_count": 85, "approx_area_m2": 76500.0, "centroid_x": 566830.5882352941, "centroid_y": 1974850.5882352942, "centroid_lon": 33.63079042182536, "centroid_lat": 17.86037202726897, "mean_risk": 2.3387372493743896, "max_risk": 4.091225624084473, "median_risk": 2.193180561065674, "high_priority_pixel_pct": 100.0, "priority_category": "HIGH PRIORITY", "threshold_type": "95th percentile prioritisation threshold", "recommendation": "Spectral-stress evidence detected. Prioritise field inspection to determine the underlying cause. Field verification required.", "priority_rank": 68}}, {"type": "Feature", "geometry": {"type": "Polygon", "coordinates": [[[33.622909746191745, 17.862064125666475], [33.622907857722076, 17.861521831808297], [33.62319100683324, 17.861520927408428], [33.62318533925104, 17.85989404573982], [33.625733657325355, 17.859885888439887], [33.62573270892512, 17.859614741600545], [33.626299000787704, 17.859612924376616], [33.626298051546115, 17.85934177755909], [33.62714748792659, 17.859339048685563], [33.62714653741462, 17.859067901904602], [33.627429682412036, 17.859066991473025], [33.62743063335308, 17.859338138239256], [33.62771377876272, 17.859337227382056], [33.62771473014969, 17.85960837412598], [33.62799787597155, 17.859607462843144], [33.627996924155504, 17.859336316113964], [33.628280069531414, 17.859335404434976], [33.628281021776544, 17.859606551149408], [33.629130459090256, 17.859603813602785], [33.62913141263951, 17.859874960265365], [33.62941455880605, 17.859874046913244], [33.629415512801295, 17.86014519355348], [33.628849219593135, 17.860147019876347], [33.62885017274708, 17.860418166538537], [33.6280007315209, 17.860420902985233], [33.62799977965425, 17.86014975627878], [33.62771663297421, 17.860150667591093], [33.627715681553525, 17.859879520862325], [33.626866242699585, 17.859882252289598], [33.626867192833, 17.860153399062543], [33.626300899321336, 17.86015521798893], [33.62630279792224, 17.86069751157094], [33.62601965028297, 17.860698420447157], [33.62602059917954, 17.860969567241504], [33.62573745109433, 17.860970475721487], [33.625738399578594, 17.861241622522947], [33.62432265675504, 17.86124615883219], [33.62432360311045, 17.86151730569944], [33.624040454066275, 17.86151821174311], [33.624041400009304, 17.861789358617443], [33.62347510101242, 17.86179116950122], [33.62347604611391, 17.86206231639726], [33.622909746191745, 17.862064125666475]]]}, "properties": {"zone_id": "scene_02-Z0010", "scene": "scene_02", "pixel_count": 92, "approx_area_m2": 82800.0, "centroid_x": 566271.8478260869, "centroid_y": 1974853.3695652173, "centroid_lon": 33.625516986842264, "centroid_lat": 17.860414146660915, "mean_risk": 2.3013899326324463, "max_risk": 3.140826463699341, "median_risk": 2.3246355056762695, "high_priority_pixel_pct": 100.0, "priority_category": "HIGH PRIORITY", "threshold_type": "95th percentile prioritisation threshold", "recommendation": "Spectral-stress evidence detected. Prioritise field inspection to determine the underlying cause. Field verification required.", "priority_rank": 72}}, {"type": "Feature", "geometry": {"type": "Polygon", "coordinates": [[[33.673027023187366, 17.861897640636865], [33.67302498280453, 17.861355352163827], [33.672458690689496, 17.861357305203875], [33.67245461357351, 17.860272728040425], [33.67302090225574, 17.860270775126725], [33.67302192236583, 17.86054191939738], [33.67330506710893, 17.860540942308372], [33.673306087666184, 17.860812086555633], [33.6735892328203, 17.860811109039908], [33.673588211833945, 17.860539964808446], [33.674720790553046, 17.860536050699665], [33.67472181325578, 17.860807194867807], [33.67443866817407, 17.860808174027213], [33.67444071277568, 17.861350462372418], [33.67415756681764, 17.861351441152564], [33.674158588716494, 17.861622585329624], [33.673875442311235, 17.86162356371466], [33.673876463799076, 17.861894707899953], [33.673027023187366, 17.861897640636865]]]}, "properties": {"zone_id": "scene_02-Z0011", "scene": "scene_02", "pixel_count": 33, "approx_area_m2": 29700.0, "centroid_x": 571361.8181818182, "centroid_y": 1974949.0909090908, "centroid_lon": 33.673560362456506, "centroid_lat": 17.861119331172826, "mean_risk": 2.296292781829834, "max_risk": 3.467146396636963, "median_risk": 2.2284257411956787, "high_priority_pixel_pct": 100.0, "priority_category": "HIGH PRIORITY", "threshold_type": "95th percentile prioritisation threshold", "recommendation": "Spectral-stress evidence detected. Prioritise field inspection to determine the underlying cause. Field verification required.", "priority_rank": 74}}, {"type": "Feature", "geometry": {"type": "Polygon", "coordinates": [[[33.65745292008888, 17.861679606929115], [33.657451923508205, 17.861408461829832], [33.65716877647734, 17.861409415953936], [33.65716778034344, 17.86113827083164], [33.65688463372404, 17.861139224529378], [33.656883638036895, 17.860868079384073], [33.65660049182897, 17.86086903265546], [33.65659949658857, 17.86059788748716], [33.6568826423674, 17.860596934231186], [33.65688164671553, 17.86032578907072], [33.65744793736207, 17.86032388135688], [33.657446940869676, 17.86005273621969], [33.65716379598432, 17.860053690266632], [33.65716279993866, 17.859782545106427], [33.656879655464735, 17.85978349872704], [33.6568776642845, 17.859241208353044], [33.656311377000016, 17.859243114299925], [33.65631038229447, 17.858971969070726], [33.65715981190757, 17.858969109580332], [33.65716180391065, 17.85951139993864], [33.657444947937854, 17.859510445922556], [33.65744395149842, 17.859239300762624], [33.65772709507891, 17.85923834635109], [33.6577280919474, 17.859509491495587], [33.6582943799135, 17.85950758140897], [33.65829238447793, 17.858965291174183], [33.65800924136184, 17.85896624639204], [33.65800724685508, 17.85842395609603], [33.65772410457941, 17.858424910872117], [33.657723107781564, 17.858153765697303], [33.65743996591726, 17.858154720047086], [33.65743797323261, 17.85761242964383], [33.657154832208704, 17.85761338355189], [33.657153836321875, 17.85734223832346], [33.65687069570932, 17.857343191805256], [33.65686970026915, 17.85707204655382], [33.65715284045269, 17.857071093087455], [33.65715184460115, 17.85679994784386], [33.65743498433804, 17.856798993982085], [33.65743398807516, 17.85652784874635], [33.657717127365416, 17.856526894489193], [33.65771812405729, 17.856798039709496], [33.658284403442785, 17.856796129931826], [33.65828340589294, 17.856524984742425], [33.65913282355162, 17.856522117041134], [33.659133822388426, 17.856793262184144], [33.65941696200159, 17.856792305446607], [33.659417961285094, 17.85706345056656], [33.659134821242944, 17.857064407319584], [33.659137817912665, 17.857877842680406], [33.65942095924186, 17.857876885880952], [33.65942295796823, 17.85841917605264], [33.659706100137775, 17.858418218811366], [33.65970709995656, 17.858689363870358], [33.659990242537425, 17.858688406202734], [33.659992243086265, 17.859230696266987], [33.66027538650751, 17.859229738157502], [33.66027638723757, 17.859500883162756], [33.66055953107015, 17.859499924626885], [33.660560532247025, 17.859771069609053], [33.66084367649093, 17.859770110646778], [33.66084467811461, 17.860041255605854], [33.66112782276985, 17.860040296217164], [33.661129826928644, 17.86058258608154], [33.66141297242431, 17.8605816262509], [33.66141497751233, 17.8611239160539], [33.66113183115846, 17.861124875915593], [33.6611328333, 17.861396020821243], [33.660566539680765, 17.861397939342865], [33.660567540981816, 17.861669084271963], [33.66028439371646, 17.861670042931873], [33.66028339284453, 17.861398897987275], [33.660000245990574, 17.861399856220746], [33.65999824515815, 17.860857566277794], [33.65971509914469, 17.86085852406935], [33.659714099184164, 17.860587379071006], [33.65943095358209, 17.860588336436155], [33.65942995406837, 17.860317191414744], [33.65914680887768, 17.8603181483535], [33.6591478079623, 17.86058929339038], [33.65886466232481, 17.86059024993369], [33.65886566099803, 17.860861394978464], [33.65829936881178, 17.86086330686326], [33.65830136449484, 17.861405596991904], [33.65801821751696, 17.861406552348814], [33.65801921495589, 17.861677697417214], [33.65745292008888, 17.861679606929115]], [[33.657732079598, 17.86059407199776], [33.658581516669635, 17.860591206066083], [33.65858051844321, 17.86032006099826], [33.657731082658856, 17.86032292688359], [33.657732079598, 17.86059407199776]]]}, "properties": {"zone_id": "scene_02-Z0012", "scene": "scene_02", "pixel_count": 164, "approx_area_m2": 147600.0, "centroid_x": 569791.6463414634, "centroid_y": 1974743.963414634, "centroid_lon": 33.658733934133494, "centroid_lat": 17.85931596307087, "mean_risk": 2.4460270404815674, "max_risk": 3.7740423679351807, "median_risk": 2.367894172668457, "high_priority_pixel_pct": 100.0, "priority_category": "HIGH PRIORITY", "threshold_type": "95th percentile prioritisation threshold", "recommendation": "Spectral-stress evidence detected. Prioritise field inspection to determine the underlying cause. Field verification required.", "priority_rank": 52}}, {"type": "Feature", "geometry": {"type": "Polygon", "coordinates": [[[33.63848006597121, 17.86120033343056], [33.638478130398944, 17.860658041155656], [33.63819498348978, 17.860658967701745], [33.63819304884431, 17.860116675366562], [33.638476194895276, 17.860115748850447], [33.63847522716915, 17.859844602686472], [33.638758372773886, 17.85984367577443], [33.63875740463583, 17.859572529617875], [33.63904054979433, 17.859571602309938], [33.63904539280161, 17.860927332941955], [33.63876224549763, 17.860928260324894], [33.638763213721454, 17.861199406443564], [33.63848006597121, 17.86120033343056]]]}, "properties": {"zone_id": "scene_02-Z0013", "scene": "scene_02", "pixel_count": 12, "approx_area_m2": 10800.0, "centroid_x": 567667.5, "centroid_y": 1974855.0, "centroid_lon": 33.63868952248733, "centroid_lat": 17.86038619983885, "mean_risk": 1.889560341835022, "max_risk": 2.1265764236450195, "median_risk": 1.8429768085479736, "high_priority_pixel_pct": 100.0, "priority_category": "HIGH PRIORITY", "threshold_type": "95th percentile prioritisation threshold", "recommendation": "Spectral-stress evidence detected. Prioritise field inspection to determine the underlying cause. Field verification required.", "priority_rank": 296}}, {"type": "Feature", "geometry": {"type": "Polygon", "coordinates": [[[33.616109472371086, 17.860729972228476], [33.616108538510204, 17.860458824916233], [33.61525909502878, 17.860461505888136], [33.615257229931245, 17.859919211154207], [33.614690935910744, 17.859920996356422], [33.61469000424494, 17.859649848949218], [33.61412371101659, 17.85965163247893], [33.614121849450825, 17.8591093375841], [33.6144049952151, 17.859108446053547], [33.61440406402788, 17.858837298609185], [33.615253499934454, 17.85883462159545], [33.61525443240887, 17.859105768996496], [33.61638701510255, 17.85910219383459], [33.61638794930979, 17.859373341170237], [33.61695424141549, 17.859371551094966], [33.61695517649744, 17.85964269839409], [33.61723832295453, 17.85964180272562], [33.617237387443495, 17.859370655440983], [33.61780367944977, 17.85936886290032], [33.61780555220476, 17.859911157404014], [33.61667296469322, 17.859914740957674], [33.616673899379215, 17.860185888256126], [33.61695704671105, 17.860184992969593], [33.61695798184271, 17.86045614024599], [33.61667483408176, 17.860457035546997], [33.616675768800874, 17.860728182830297], [33.616109472371086, 17.860729972228476]]]}, "properties": {"zone_id": "scene_02-Z0014", "scene": "scene_02", "pixel_count": 49, "approx_area_m2": 44100.0, "centroid_x": 565253.2653061225, "centroid_y": 1974775.7142857143, "centroid_lon": 33.61590093365267, "centroid_lat": 17.859742869025478, "mean_risk": 1.938055396080017, "max_risk": 2.392735481262207, "median_risk": 1.8798798322677612, "high_priority_pixel_pct": 100.0, "priority_category": "HIGH PRIORITY", "threshold_type": "95th percentile prioritisation threshold", "recommendation": "Spectral-stress evidence detected. Prioritise field inspection to determine the underlying cause. Field verification required.", "priority_rank": 245}}, {"type": "Feature", "geometry": {"type": "Polygon", "coordinates": [[[33.609873736689906, 17.858851513560875], [33.60987281238417, 17.85858036587901], [33.61015595753689, 17.858579480540516], [33.61015688227169, 17.858850628208057], [33.609873736689906, 17.858851513560875]]]}, "properties": {"zone_id": "scene_02-Z0015", "scene": "scene_02", "pixel_count": 12, "approx_area_m2": 10800.0, "centroid_x": 564700.0, "centroid_y": 1974767.5, "centroid_lon": 33.61067883625665, "centroid_lat": 17.85968504250696, "mean_risk": 2.0438039302825928, "max_risk": 2.2626960277557373, "median_risk": 2.047839641571045, "high_priority_pixel_pct": 100.0, "priority_category": "HIGH PRIORITY", "threshold_type": "95th percentile prioritisation threshold", "recommendation": "Spectral-stress evidence detected. Prioritise field inspection to determine the underlying cause. Field verification required.", "priority_rank": 177}}, {"type": "Feature", "geometry": {"type": "Polygon", "coordinates": [[[33.61695237130129, 17.85882925647401], [33.61695050125336, 17.858286961822756], [33.61666735692504, 17.85828785700792], [33.616666422354974, 17.858016709656447], [33.61581699055782, 17.85801939270329], [33.61581792384075, 17.85829054009816], [33.61553477944624, 17.858291433639828], [33.61553291375498, 17.857749138813602], [33.61524977020202, 17.857750031915504], [33.61524883781021, 17.857478884476578], [33.61496569466976, 17.85747977715318], [33.614963830793755, 17.85693748222374], [33.61468068849482, 17.856938374460615], [33.61467975701059, 17.8566672269701], [33.613547189365896, 17.85667079175153], [33.61354440016016, 17.855857349061534], [33.61326125949475, 17.855858239186606], [33.61326033022143, 17.855587091593726], [33.61269404969917, 17.855588870582643], [33.61269312130026, 17.85531772295342], [33.61212684157014, 17.855319500270337], [33.6121249865375, 17.854777204931658], [33.6118418475057, 17.854778092945182], [33.61184092044299, 17.85450694525011], [33.61155778182369, 17.854507832838493], [33.61155685520635, 17.85423668512149], [33.61127371699958, 17.854237572284735], [33.611272790827584, 17.853966424545803], [33.610989653033336, 17.853967311283927], [33.61098687590258, 17.853153867978683], [33.610703739378685, 17.853154754263006], [33.61070281413014, 17.85288360646511], [33.610419678018744, 17.852884492324353], [33.61041782842865, 17.852342196677174], [33.61070096368227, 17.852341310846594], [33.61069818813344, 17.851527867362044], [33.61239699159088, 17.851522544011683], [33.6123979193306, 17.85179369176129], [33.61211478503323, 17.8517945800275], [33.61211571236053, 17.852065727783916], [33.61239884708677, 17.852064839503335], [33.612399774859384, 17.852335987237808], [33.61296604512028, 17.85233420941572], [33.612968831110145, 17.853147652487408], [33.61325196750259, 17.853146762917092], [33.613252896627706, 17.853417910578116], [33.613819170221014, 17.853416130176424], [33.61382103023632, 17.85395842541815], [33.61353789259007, 17.85395931585318], [33.61353975181343, 17.854501611093436], [33.61382289031755, 17.854500720629584], [33.6138238203829, 17.854771868223942], [33.614106959299484, 17.854770977334905], [33.61410788981026, 17.855042124907275], [33.61495730774791, 17.855039449732136], [33.61495451240454, 17.85422600712214], [33.61467137439533, 17.854226899214677], [33.61466951177349, 17.85368460407462], [33.61438637460563, 17.853685495727532], [33.61438451290764, 17.853143200528333], [33.61466764921768, 17.85314230890428], [33.61466671796453, 17.852871161307746], [33.61410044618576, 17.85287294411627], [33.6140995158069, 17.852601796483313], [33.613816380321666, 17.852602687257054], [33.61381452047118, 17.852060391939613], [33.61324825116681, 17.852062172197268], [33.61324639309771, 17.85151987679193], [33.6135295269004, 17.851518986897258], [33.613528597461695, 17.851247839197633], [33.61494426408361, 17.851243383635776], [33.61494519566659, 17.8515145312633], [33.61522832937033, 17.85151363890439], [33.61522926139868, 17.851784786509906], [33.61579552961431, 17.851783000531054], [33.615798328371746, 17.852596443215475], [33.61551519298556, 17.85259733645361], [33.61551612550888, 17.8528684840144], [33.61523298967728, 17.85286937685626], [33.61523392178823, 17.853140524423914], [33.61495078551121, 17.85314141686947], [33.61495264892485, 17.853683712010948], [33.6152357860597, 17.853682819536512], [33.6152367182202, 17.853953967081456], [33.61551985576745, 17.85395307418181], [33.61552265363491, 17.854766516727864], [33.61580579245245, 17.8547656233741], [33.615807658637976, 17.855307918338024], [33.61552451896253, 17.8553088117207], [33.61552545165114, 17.855579959205762], [33.61467603123875, 17.855582636932308], [33.614677894091656, 17.856124931966352], [33.6158104580403, 17.856121360727126], [33.615809524889656, 17.855850213271662], [33.61609266540651, 17.855849319449266], [33.61609359898613, 17.856120466890268], [33.61722616260397, 17.856116887434638], [33.61722803324481, 17.856659182178102], [33.61751117496584, 17.856658286258153], [33.61751211074012, 17.856929433604037], [33.61779525287358, 17.856928537258757], [33.61779712532993, 17.857470831898787], [33.617513982338444, 17.857471728273065], [33.617515854003095, 17.85801402291181], [33.618082141685605, 17.85801222969438], [33.61808307840089, 17.858283376973382], [33.617799934138894, 17.858284273802035], [33.61780087044173, 17.858555421087964], [33.617234581009846, 17.858557213541648], [33.617235516471155, 17.858828360849], [33.61695237130129, 17.85882925647401]]]}, "properties": {"zone_id": "scene_02-Z0016", "scene": "scene_02", "pixel_count": 273, "approx_area_m2": 245700.0, "centroid_x": 565067.8021978022, "centroid_y": 1974205.7142857143, "centroid_lon": 33.61413280813775, "centroid_lat": 17.85459658494221, "mean_risk": 2.2639267444610596, "max_risk": 3.342658758163452, "median_risk": 2.198838233947754, "high_priority_pixel_pct": 100.0, "priority_category": "HIGH PRIORITY", "threshold_type": "95th percentile prioritisation threshold", "recommendation": "Spectral-stress evidence detected. Prioritise field inspection to determine the underlying cause. Field verification required.", "priority_rank": 82}}, {"type": "Feature", "geometry": {"type": "Polygon", "coordinates": [[[33.654893673377586, 17.85870558135675], [33.654892680852505, 17.858434436035438], [33.654609538382964, 17.858435386292008], [33.6546085463045, 17.858164240947744], [33.654325404246414, 17.858165190778088], [33.65432342100028, 17.857622900036088], [33.65488970338278, 17.857621000026004], [33.654890695855094, 17.857892145370062], [33.655173837448984, 17.85789119473338], [33.655174830367926, 17.858162340054477], [33.655457972373256, 17.858161388991554], [33.655459959121984, 17.858703679580245], [33.654893673377586, 17.85870558135675]]]}, "properties": {"zone_id": "scene_02-Z0017", "scene": "scene_02", "pixel_count": 10, "approx_area_m2": 9000.0, "centroid_x": 569385.0, "centroid_y": 1974615.0, "centroid_lon": 33.65489168834501, "centroid_lat": 17.858163290706543, "mean_risk": 2.1127264499664307, "max_risk": 2.641186237335205, "median_risk": 2.0565953254699707, "high_priority_pixel_pct": 100.0, "priority_category": "HIGH PRIORITY", "threshold_type": "95th percentile prioritisation threshold", "recommendation": "Spectral-stress evidence detected. Prioritise field inspection to determine the underlying cause. Field verification required.", "priority_rank": 140}}, {"type": "Feature", "geometry": {"type": "Polygon", "coordinates": [[[33.490380475431955, 17.857561539224783], [33.49037973227892, 17.857290386047268], [33.49009658345143, 17.857291097504778], [33.49009509804296, 17.856748791104064], [33.489528802064704, 17.856750212740437], [33.48952954390427, 17.857021365967572], [33.489246395466374, 17.857022076180947], [33.489247136890036, 17.857293229412015], [33.48896398800995, 17.857293939225997], [33.488960283168225, 17.855938172937673], [33.48867713642019, 17.85593888228339], [33.488674914959745, 17.855125422385306], [33.48895806042076, 17.855124713074012], [33.48895731953119, 17.854853559771016], [33.48924046455007, 17.854852850060375], [33.48923972324465, 17.8545816967613], [33.489522867821414, 17.85458098665133], [33.48952360955582, 17.854852139938924], [33.48980675454842, 17.85485142940664], [33.48980749672496, 17.855122582675172], [33.490090642133396, 17.855121871720563], [33.49008989952787, 17.85485071846354], [33.490373044494156, 17.854850007109608], [33.490372301472796, 17.85457885385653], [33.490655445996936, 17.854578142103296], [33.490653959135784, 17.854035835597514], [33.4909371027888, 17.85403512345651], [33.49093635894903, 17.853763970203804], [33.4912195021599, 17.853763257663527], [33.491218757904356, 17.853492104414794], [33.49235132890004, 17.853489250191917], [33.4923505829419, 17.853218096981813], [33.49263372522885, 17.853217382410683], [33.492634471615936, 17.85348853560923], [33.49320075700802, 17.85348710521148], [33.49319926253132, 17.852944798853127], [33.492632978855, 17.852946229204584], [33.492631486146976, 17.852403922769717], [33.4929146271339, 17.852403207822512], [33.49291537391022, 17.852674361032154], [33.49348165670221, 17.852672929882303], [33.49348240434962, 17.85294408306123], [33.49433182972498, 17.852941933220908], [33.49433257867246, 17.853213086357496], [33.49461572086665, 17.853212368910896], [33.49461721965932, 17.853754675138187], [33.49348464737137, 17.85375754255268], [33.493485395071794, 17.854028695701388], [33.493202251537696, 17.854029411539607], [33.4932029988224, 17.854300564692338], [33.49291985484609, 17.85430128013133], [33.49292060171506, 17.854572433288087], [33.492637457296546, 17.854573148327837], [33.49263895021622, 17.85511545464181], [33.49207265962355, 17.85511688353511], [33.49207340524524, 17.855388036703886], [33.491790259500085, 17.855388750545835], [33.49179100470598, 17.8556599037186], [33.49150785851861, 17.855660617161266], [33.49151083775814, 17.856745229822923], [33.49122768984147, 17.85674594290089], [33.49122917868234, 17.857288249209454], [33.490946029894374, 17.857288961899602], [33.49094677390554, 17.857560115054078], [33.490380475431955, 17.857561539224783]]]}, "properties": {"zone_id": "scene_02-Z0018", "scene": "scene_02", "pixel_count": 182, "approx_area_m2": 163800.0, "centroid_x": 552005.1098901099, "centroid_y": 1974220.7142857143, "centroid_lon": 33.490846627403094, "centroid_lat": 17.855081235049397, "mean_risk": 2.363081693649292, "max_risk": 3.300175428390503, "median_risk": 2.2775707244873047, "high_priority_pixel_pct": 100.0, "priority_category": "HIGH PRIORITY", "threshold_type": "95th percentile prioritisation threshold", "recommendation": "Spectral-stress evidence detected. Prioritise field inspection to determine the underlying cause. Field verification required.", "priority_rank": 66}}, {"type": "Feature", "geometry": {"type": "Polygon", "coordinates": [[[33.62770616827377, 17.857168053157945], [33.627703314618536, 17.856354612698908], [33.62742017392826, 17.856355523394043], [33.62741732171166, 17.85554208282263], [33.627134182291464, 17.855542993062766], [33.627133232015254, 17.855271846175754], [33.62685009300718, 17.855272755990363], [33.626848193363195, 17.85473046216417], [33.62713133151337, 17.854729552379002], [33.62713228175589, 17.855000699281163], [33.62741542031817, 17.854999789070483], [33.6274144696467, 17.85472864218305], [33.628830160060495, 17.85472408504153], [33.6288311128767, 17.854995231855234], [33.62854797439874, 17.854996144119863], [33.628550831661805, 17.855809584559807], [33.62883397142666, 17.85580867225091], [33.62883683012858, 17.8566221125784], [33.62911997116351, 17.856621199814384], [33.62912092452692, 17.856892346560304], [33.628837783063, 17.856893259339085], [33.628838736014295, 17.85716440609219], [33.628272452177775, 17.85716623044675], [33.628271500084495, 17.856895083664135], [33.62798835856993, 17.856895995210404], [33.6279893102342, 17.857167142007768], [33.62770616827377, 17.857168053157945]]]}, "properties": {"zone_id": "scene_02-Z0019", "scene": "scene_02", "pixel_count": 46, "approx_area_m2": 41400.0, "centroid_x": 566538.9130434783, "centroid_y": 1974361.3043478262, "centroid_lon": 33.628022000561, "centroid_lat": 17.855958651485082, "mean_risk": 2.22298002243042, "max_risk": 2.9533510208129883, "median_risk": 2.1920435428619385, "high_priority_pixel_pct": 100.0, "priority_category": "HIGH PRIORITY", "threshold_type": "95th percentile prioritisation threshold", "recommendation": "Spectral-stress evidence detected. Prioritise field inspection to determine the underlying cause. Field verification required.", "priority_rank": 90}}, {"type": "Feature", "geometry": {"type": "Polygon", "coordinates": [[[33.618361537090706, 17.85692674333568], [33.61835872595661, 17.856113301405895], [33.61807558514334, 17.85611419852931], [33.618074648560835, 17.855843051189716], [33.61779150815995, 17.855843947887806], [33.61779057202301, 17.855572800526136], [33.61750743203451, 17.855573696798913], [33.61750649634313, 17.855302549415164], [33.61722335676702, 17.855303445262646], [33.61722148629192, 17.854761150443444], [33.61750462501013, 17.854760254624956], [33.61750368936849, 17.854489107218498], [33.617786827641176, 17.854488211003716], [33.617788699798915, 17.85503050578007], [33.6180718389129, 17.855029609125502], [33.61807277544562, 17.855300756487807], [33.618639054481704, 17.855298961917256], [33.61863999188895, 17.855570109242965], [33.61892313181105, 17.855569211326962], [33.61892406966388, 17.85584035863057], [33.619207209998336, 17.85583946028923], [33.61920533345135, 17.855297165703508], [33.619488472911236, 17.85529626698044], [33.61948941160538, 17.855567414262538], [33.6197725514776, 17.85556651511412], [33.619774429773756, 17.856108809626523], [33.61949128904358, 17.85610970880403], [33.61949222778763, 17.856380856063417], [33.61920908661183, 17.85638175484465], [33.61920814829677, 17.85611060757073], [33.61864186675328, 17.856112403871656], [33.618644679174366, 17.856925845757885], [33.618361537090706, 17.85692674333568]]]}, "properties": {"zone_id": "scene_02-Z0020", "scene": "scene_02", "pixel_count": 27, "approx_area_m2": 24300.0, "centroid_x": 565524.4444444445, "centroid_y": 1974325.5555555555, "centroid_lon": 33.61844631832841, "centroid_lat": 17.85566612793491, "mean_risk": 2.0179498195648193, "max_risk": 2.3855865001678467, "median_risk": 2.0387580394744873, "high_priority_pixel_pct": 100.0, "priority_category": "HIGH PRIORITY", "threshold_type": "95th percentile prioritisation threshold", "recommendation": "Spectral-stress evidence detected. Prioritise field inspection to determine the underlying cause. Field verification required.", "priority_rank": 195}}, {"type": "Feature", "geometry": {"type": "Polygon", "coordinates": [[[33.62430467918793, 17.85609436691502], [33.62430373316784, 17.855823219896262], [33.624020593133835, 17.855824125632207], [33.62401870200189, 17.85528183154266], [33.623735562809074, 17.855282736838507], [33.62373461769719, 17.855011589767724], [33.623168340119236, 17.855013399097746], [33.6231664516615, 17.85447110487492], [33.6228833137053, 17.854472008894497], [33.622881426172356, 17.853929714612114], [33.623164563270684, 17.853928810621795], [33.62316361910038, 17.853657663483876], [33.624013029008175, 17.853654949092242], [33.624013974465235, 17.853926096186242], [33.62429711149659, 17.85392519055286], [33.62429994925511, 17.85473863174548], [33.62514936410896, 17.854735912248763], [33.62515031134884, 17.85500705925382], [33.62486717265205, 17.85500796617818], [33.62486906632426, 17.85555026019492], [33.624585926752765, 17.855551166737825], [33.624587819634144, 17.856093460753602], [33.62430467918793, 17.85609436691502]]]}, "properties": {"zone_id": "scene_02-Z0021", "scene": "scene_02", "pixel_count": 34, "approx_area_m2": 30600.0, "centroid_x": 566107.9411764706, "centroid_y": 1974221.4705882352, "centroid_lon": 33.62395007892863, "centroid_lat": 17.85470785080821, "mean_risk": 2.561075210571289, "max_risk": 3.5145697593688965, "median_risk": 2.661566734313965, "high_priority_pixel_pct": 100.0, "priority_category": "HIGH PRIORITY", "threshold_type": "95th percentile prioritisation threshold", "recommendation": "Spectral-stress evidence detected. Prioritise field inspection to determine the underlying cause. Field verification required.", "priority_rank": 39}}, {"type": "Feature", "geometry": {"type": "Polygon", "coordinates": [[[33.626844394277214, 17.853645874420906], [33.626842494835216, 17.853103580503827], [33.62655935924174, 17.85310448978994], [33.62655556227526, 17.85201990180605], [33.62683869615319, 17.85201899257878], [33.626837746524764, 17.85174784557859], [33.627120879957005, 17.851746935955326], [33.6271237301794, 17.852560376889034], [33.62740686488142, 17.85255946681088], [33.62740306290309, 17.85147487894303], [33.62796932882564, 17.851473057672425], [33.62797123149655, 17.852015351562557], [33.62825436529026, 17.852014440281714], [33.62825626888637, 17.85255673411206], [33.627973134234914, 17.852557645422394], [33.627974085629376, 17.852828792340954], [33.62769095053218, 17.852829703255306], [33.62769285251391, 17.853371997099174], [33.62740971654205, 17.853372907632252], [33.62741066712928, 17.853644054557556], [33.626844394277214, 17.853645874420906]]]}, "properties": {"zone_id": "scene_02-Z0022", "scene": "scene_02", "pixel_count": 29, "approx_area_m2": 26100.0, "centroid_x": 566468.275862069, "centroid_y": 1973983.448275862, "centroid_lon": 33.62734335449631, "centroid_lat": 17.85254564598711, "mean_risk": 2.0265614986419678, "max_risk": 2.4329869747161865, "median_risk": 1.9597392082214355, "high_priority_pixel_pct": 100.0, "priority_category": "HIGH PRIORITY", "threshold_type": "95th percentile prioritisation threshold", "recommendation": "Spectral-stress evidence detected. Prioritise field inspection to determine the underlying cause. Field verification required.", "priority_rank": 189}}, {"type": "Feature", "geometry": {"type": "Polygon", "coordinates": [[[33.598246622593145, 17.85346449254507], [33.5982448098236, 17.85292219570806], [33.599094220203376, 17.85291958988416], [33.599093312556, 17.852648441496463], [33.59965958520431, 17.852646702254937], [33.59965867671523, 17.852375553887818], [33.59937554082802, 17.852376423699873], [33.599374632783935, 17.852105275311107], [33.59909149730951, 17.852106144698364], [33.59909058971039, 17.85183499628796], [33.59880745464876, 17.85183586525043], [33.598808361819, 17.852107013674892], [33.59824209078975, 17.85210875039578], [33.59824118447727, 17.85183760194321], [33.59795804936742, 17.85183846967352], [33.59795895525103, 17.852109618140126], [33.597675819696256, 17.85211048547375], [33.597673103380195, 17.85129704000912], [33.59795623764837, 17.8512961727176], [33.59795533181292, 17.85102502422829], [33.59767219797361, 17.851025891505774], [33.597671292583065, 17.85075474299485], [33.597388159156544, 17.85075560984761], [33.597387254210894, 17.850484461315098], [33.59653785512164, 17.850487059367165], [33.59653695147852, 17.85021591078504], [33.59625381884556, 17.850216775967017], [33.59625472205985, 17.85048792456314], [33.59540532277845, 17.850490517686957], [33.59540442085065, 17.85021936904887], [33.594555022711866, 17.850221958434577], [33.594557724683646, 17.851035404451846], [33.59427459065226, 17.851036266800918], [33.594275490912594, 17.851307415472156], [33.593992356436395, 17.851308277424472], [33.593989656989805, 17.850494831346204], [33.59427279017946, 17.85049396943573], [33.59427098977048, 17.849951672040273], [33.593987857438485, 17.849952533922853], [33.593986957686745, 17.849681385199823], [33.59313756188155, 17.8496839683417], [33.59313846034682, 17.849955117106532], [33.592289063111835, 17.84995769659413], [33.592288165933006, 17.849686547787552], [33.59200503391835, 17.8496874067815], [33.59200862101377, 17.850772002017997], [33.591159219728496, 17.850774576702474], [33.59115832421732, 17.850503427863032], [33.59059205747211, 17.850505142238124], [33.590589373606775, 17.849691695591186], [33.59087250570083, 17.84969083865059], [33.590871610681965, 17.849419689767007], [33.59115474233134, 17.849418832429613], [33.59115384689953, 17.84914768355234], [33.59143697810424, 17.849146825818163], [33.59143787396486, 17.84941797468156], [33.591721005582485, 17.849417116522844], [33.59172010929307, 17.84914596767333], [33.59200324046601, 17.849145109117842], [33.59200234376368, 17.84887396027467], [33.59171921301954, 17.848874818816263], [33.59171831676189, 17.848603669951626], [33.59058579534166, 17.84860709995599], [33.590584900815024, 17.84833595102828], [33.59030177084909, 17.848336807488902], [33.59030266494695, 17.848607956430474], [33.588887012735775, 17.84861223264323], [33.58888612078182, 17.84834108363245], [33.58973551086968, 17.848338519178235], [33.58973461764521, 17.848067370201388], [33.59001774721407, 17.848066514575887], [33.590015959955124, 17.847524216627193], [33.5897328312438, 17.847525072224997], [33.58973193806684, 17.84725392322545], [33.58944880976843, 17.8472547783988], [33.58944970251664, 17.847525927412185], [33.58860031624022, 17.84752849051004], [33.58860120771798, 17.847799639557348], [33.5883180784988, 17.84780049311588], [33.588318969563595, 17.84807164216943], [33.58803583989985, 17.84807249533115], [33.58803762121928, 17.848614793443158], [33.58775449068219, 17.848615646221845], [33.58775182001306, 17.84780219900107], [33.58803494926382, 17.847801346263786], [33.5880304963205, 17.846445600813507], [33.58831362341176, 17.846444747734637], [33.588312732441736, 17.84617359863569], [33.58859585908848, 17.846172745160047], [33.58859496770553, 17.845901596067346], [33.58887809390776, 17.84590074219494], [33.58887631033188, 17.845358444014494], [33.58915943566089, 17.84535758975916], [33.589158543467974, 17.845086440671412], [33.58944166835248, 17.84508558601935], [33.58943988315675, 17.844543287848833], [33.59000613116356, 17.84454157736841], [33.5900052377321, 17.844270428299488], [33.590288361283086, 17.844269572457318], [33.59028925514321, 17.844540721512384], [33.590572379107016, 17.84453986524581], [33.59057148481822, 17.844268716204603], [33.5908546083375, 17.844267859541354], [33.59085281895016, 17.843725561463987], [33.59028657361036, 17.843727274324486], [33.590285679797766, 17.84345612524673], [33.58943631295517, 17.843458691417016], [33.58943720548182, 17.843729840536316], [33.589154082740656, 17.843730695119213], [33.589155866984136, 17.844272993362786], [33.58830649609382, 17.844275554731247], [33.58830738695328, 17.844546703883147], [33.5871748904971, 17.84455011334876], [33.58717400135232, 17.844278964141658], [33.58632463013065, 17.84428151688882], [33.58632196664873, 17.843468069098193], [33.586038844162644, 17.843468919151555], [33.586035294788296, 17.84238432193645], [33.58575217400099, 17.842385171524274], [33.58575128712534, 17.84211402218783], [33.58546816675091, 17.84211487135142], [33.585467280319584, 17.841843721993673], [33.58575040026542, 17.84184287284383], [33.58574596620168, 17.840487126010355], [33.585462848398734, 17.84048797509146], [33.585461962061714, 17.840216825688334], [33.5851788446716, 17.840217674345247], [33.58517441536491, 17.838861927147455], [33.58489130010176, 17.838862775325268], [33.584892185503165, 17.839133924793686], [33.584325954072725, 17.839135619945534], [33.584324184999666, 17.838593320946245], [33.58404107011794, 17.838594167879126], [33.584041954218115, 17.838865317396262], [33.5837588388922, 17.83886616393245], [33.583760606282546, 17.839408462971463], [33.5840437224655, 17.83940761640786], [33.58404637495416, 17.840221064868533], [33.58376325748559, 17.840221911473254], [33.58376414125128, 17.84049306095872], [33.58348102333848, 17.840493907166707], [33.58348014000134, 17.840222757667537], [33.58291390498587, 17.840224448824777], [33.58290949282047, 17.838868701078574], [33.58347572355062, 17.838867010058237], [33.58347219067197, 17.837782411834674], [33.58375530429956, 17.83778156576369], [33.58375353709726, 17.837239266633944], [33.58347042432662, 17.837240112677524], [33.58346865804392, 17.83669781349013], [33.583185546114535, 17.836698659095955], [33.58318466342512, 17.836427509477225], [33.58290155190854, 17.83642835465901], [33.58289890521954, 17.835614905716383], [33.58261579497261, 17.835615750446784], [33.582614913202654, 17.835344600770437], [33.58233180336851, 17.83534544507684], [33.5823309220426, 17.835074295379258], [33.58204781262124, 17.835075139261672], [33.582046050873124, 17.834532839816507], [33.581762942292926, 17.834533683261288], [33.5817585403379, 17.833177934447765], [33.58062611442855, 17.833181303851013], [33.580624357182614, 17.832639004163543], [33.580341251522995, 17.832639845461433], [33.58033949519607, 17.832097545716476], [33.57920707582855, 17.832100906696613], [33.57920619940173, 17.831829756758353], [33.57892309494929, 17.83183059596419], [33.57892221896634, 17.831559446004782], [33.578639114926666, 17.831560284786793], [33.578638239387566, 17.83128913480624], [33.578355135760674, 17.83128997316445], [33.5783542606654, 17.831018823162754], [33.578071157451284, 17.831019661097166], [33.578070282799814, 17.830748511074344], [33.57778717999848, 17.83074934858497], [33.577785431598656, 17.830207048489516], [33.57750232963837, 17.830207885562817], [33.577501455889994, 17.8299367354902], [33.57721835434248, 17.829937572139748], [33.57721748103785, 17.829666422046017], [33.57693437990311, 17.829667258271833], [33.576932634196844, 17.829124958034605], [33.576649533903115, 17.829125793823156], [33.576647789115256, 17.82858349352862], [33.576364689662526, 17.828584328879938], [33.5763594582396, 17.826957427733742], [33.576076361340625, 17.826958262593756], [33.57607723277759, 17.827229412817207], [33.575794135434975, 17.827230247280614], [33.5757950064592, 17.827501397510026], [33.57551190867294, 17.82750223157683], [33.57551277928441, 17.8277733818122], [33.57466348454837, 17.82777588159231], [33.57466261522149, 17.82750473131644], [33.57437951737349, 17.827505563742722], [33.57437777962238, 17.82696326314135], [33.57494397359021, 17.82696159793262], [33.57494310388142, 17.826690447647582], [33.574376910769956, 17.826692112829335], [33.574374304305145, 17.82587866184793], [33.57522359009573, 17.825876163581572], [33.57522272002051, 17.825605013279805], [33.5757889096141, 17.825603345745456], [33.575790651492575, 17.826145646287404], [33.57607374712249, 17.826144811878066], [33.57607461851308, 17.826415962124187], [33.57664081058286, 17.82641429204817], [33.57663906610452, 17.825871991602487], [33.57692216125988, 17.825871155976404], [33.57692128861578, 17.825600005755764], [33.57720438332751, 17.82559916973313], [33.57720351027074, 17.825328019518487], [33.57748660453885, 17.825327183099326], [33.57748573106944, 17.825056032890675], [33.577768824893916, 17.82505519607499], [33.577767951011886, 17.82478404587234], [33.578334137758056, 17.8247823710379], [33.57833238832805, 17.824240070664217], [33.57946475820919, 17.824236716183293], [33.57946388180506, 17.82396556603947], [33.580313157768366, 17.8239630459141], [33.5803122800955, 17.823691895803552], [33.580878463137, 17.823690213697017], [33.58087758462354, 17.823419063606167], [33.58116067569282, 17.82341822195148], [33.58116155463436, 17.823689372028696], [33.581727737582305, 17.82368768746194], [33.581728617395626, 17.8239588375043], [33.582011709274276, 17.82395799459222], [33.58201258953132, 17.824229144613348], [33.581446404902195, 17.824230830054795], [33.58144816375068, 17.82477313012903], [33.58173125692926, 17.824772287586036], [33.58173301669641, 17.825314587602744], [33.582016110715635, 17.825313744622367], [33.582016991050764, 17.825584894605722], [33.582866274299114, 17.825582363163136], [33.58286803758513, 17.826124663025148], [33.583151132826266, 17.826123818363417], [33.5831520149209, 17.82639496826941], [33.582868919251595, 17.826395812944828], [33.582870682631466, 17.826938112761503], [33.58315377915711, 17.82693726805871], [33.58315466129869, 17.82720841794203], [33.58343775823687, 17.827207572815436], [33.583436875667104, 17.826936422945813], [33.584003068640115, 17.82693473148967], [33.58400395206625, 17.827205881331892], [33.58428704895743, 17.827205034974934], [33.58428793282742, 17.82747618479589], [33.58457103013111, 17.82747533801509], [33.5845736831198, 17.82828878739145], [33.58429058453149, 17.828289634213395], [33.584292352412604, 17.82883193378727], [33.58344305398427, 17.828834471874465], [33.58344217132056, 17.828563322050194], [33.58287597314649, 17.828565012030136], [33.582877736776645, 17.82910731172588], [33.58344393666364, 17.829105621691184], [33.583444819358675, 17.829376771500343], [33.584011020039526, 17.82937507979757], [33.58401013648801, 17.829103930015812], [33.584576336249675, 17.829102236699768], [33.58457545185736, 17.828831086937885], [33.5851416506998, 17.828829392008632], [33.58513988024934, 17.828287092517108], [33.585422978790554, 17.828286244464717], [33.58542386443616, 17.828557394200523], [33.5859900623279, 17.828555696837803], [33.58599183537916, 17.82909799623174], [33.5862749351579, 17.82909714690764], [33.58627670912857, 17.829639446243817], [33.585993608493325, 17.829640295595443], [33.585994495074004, 17.829911445265964], [33.585711393994785, 17.829912294221153], [33.58571228016292, 17.830183443897855], [33.58514607710079, 17.83018514060517], [33.5851469624281, 17.8304562903018], [33.584863860445196, 17.8304571380539], [33.58486474535993, 17.830728287756706], [33.58458164293305, 17.83072913511233], [33.58458341195303, 17.8312714345227], [33.58430030865387, 17.83127228149556], [33.58430207687999, 17.831814580903142], [33.58458518103576, 17.83181373390285], [33.58458429648655, 17.83154258421656], [33.58515050389439, 17.831540889012732], [33.58514961850427, 17.831269739346336], [33.585715824992675, 17.83126804252909], [33.58571405254636, 17.830725743228594], [33.5859971549104, 17.830724894232144], [33.58599626828254, 17.830453744584304], [33.586279370202575, 17.830452895191414], [33.58627848316217, 17.830181745549773], [33.587977091782044, 17.83017664066088], [33.587980650316894, 17.8312612388513], [33.58826375341149, 17.83126038654559], [33.58826553363022, 17.831802685567833], [33.58883174148526, 17.831800979670493], [33.58883263247493, 17.832072129142645], [33.589115736807074, 17.832071275564804], [33.58911751969051, 17.832613574458765], [33.58940062486349, 17.832612720443013], [33.58940330059229, 17.83342616868577], [33.58968640703449, 17.833425314218253], [33.589684622342766, 17.83288301542499], [33.59025083346628, 17.832881305314547], [33.59025172666092, 17.83315245468726], [33.59053483262727, 17.833151599002793], [33.59053840727773, 17.834236196362593], [33.59082151494168, 17.8342353402124], [33.59082062082692, 17.833964190897653], [33.59138683525049, 17.83396247739414], [33.59138773022202, 17.834233626681133], [33.59167083783838, 17.83423276930007], [33.59167352413337, 17.835046217074016], [33.591956633019024, 17.835045359240983], [33.59195752891086, 17.83531650846995], [33.59167441959679, 17.835317366316875], [33.59167531507611, 17.83558851555218], [33.591958424818586, 17.835587657691352], [33.5919593207422, 17.8358588069052], [33.592242430897215, 17.83585794862016], [33.59224332726515, 17.836129097812538], [33.592526437832696, 17.836128239103257], [33.59252823147314, 17.83667053743753], [33.59224512004871, 17.836671396174616], [33.59224601646433, 17.836942545344314], [33.59252912831722, 17.836941686593313], [33.592530025177204, 17.837212835741543], [33.59281313744264, 17.837211976566273], [33.592814034747, 17.837483125693026], [33.593380260087066, 17.83748140608356], [33.593382056457436, 17.83802370425868], [33.593098942938404, 17.83802456429645], [33.59309984071899, 17.838295713386593], [33.59338295466652, 17.838294853334897], [33.59338385289152, 17.838566002403546], [33.59451631023626, 17.83856255803709], [33.59451721019121, 17.838833707042408], [33.59508343962487, 17.838831982368877], [33.595082538812896, 17.838560833391483], [33.595365653077266, 17.83855997045309], [33.595366554317735, 17.838831119416508], [33.59649901292932, 17.838827663503007], [33.59649991589983, 17.83909881240291], [33.596783030941225, 17.839097947384523], [33.596784837787325, 17.839640245133623], [33.59735106953614, 17.83963851380956], [33.5973537824967, 17.840451960292377], [33.59763689963268, 17.840451093972632], [33.597637804413495, 17.840722242771086], [33.597920921962, 17.840721376026874], [33.59792182718742, 17.840992524803724], [33.59820494514844, 17.840991657635023], [33.59820403949445, 17.840720508872206], [33.598487157010844, 17.840719641307093], [33.59848534489394, 17.840177343786866], [33.59820222823465, 17.84017821132388], [33.59820132262884, 17.839907062538376], [33.59791820638204, 17.839907929650924], [33.597917301220825, 17.83963678084381], [33.597634185386504, 17.839637647531898], [33.59763237596926, 17.839095349866913], [33.5970661459666, 17.839097081955728], [33.597063434532096, 17.838283635317385], [33.59621409326445, 17.838286230246492], [33.59621319077047, 17.8380150813099], [33.59593007741106, 17.838015945451502], [33.59592376340053, 17.836117902585634], [33.59648998410491, 17.83611617408799], [33.59648908131054, 17.83584502510489], [33.596772191210285, 17.83584416025457], [33.596771288003495, 17.83557301127791], [33.59733750689809, 17.835571280374317], [33.59733660285049, 17.835300131418126], [33.59790282082413, 17.8352983989013], [33.597904630649026, 17.83584069675], [33.5981877404686, 17.835839829848037], [33.59818864583355, 17.836110978747005], [33.59847175606551, 17.836110111420666], [33.59847266187495, 17.836381260298033], [33.59875577251927, 17.836380392547312], [33.59875396005959, 17.835838094813127], [33.59847085027213, 17.835838962535746], [33.598469944494816, 17.83556781364326], [33.59903616319683, 17.835566077815805], [33.59903797648121, 17.83610837553699], [33.59932108666494, 17.836107506979648], [33.599321993759695, 17.836378655814837], [33.59960510435578, 17.836377786833083], [33.599606011895055, 17.836648935646632], [33.60017223389582, 17.836647196423954], [33.600173142308094, 17.836918345201774], [33.600456253712764, 17.83691747496082], [33.600457162569604, 17.837188623716983], [33.60074027438662, 17.837187753051577], [33.60073936510132, 17.836916604309504], [33.601022476473744, 17.836915733247846], [33.601021566776126, 17.83664458451232], [33.601304677703965, 17.83664371305441], [33.60130376759403, 17.836372564325437], [33.6015868780773, 17.836371692471303], [33.60158505704899, 17.83582939501889], [33.601868166659244, 17.835828522782666], [33.6018663448387, 17.83528622532825], [33.60214945357597, 17.83528535270996], [33.602148542261524, 17.835014203985537], [33.60243165055422, 17.835013330971076], [33.60243073882755, 17.83474218225323], [33.602996954507645, 17.83474043502168], [33.60299604194036, 17.834469286324563], [33.604128471392706, 17.83446578699453], [33.60413212861334, 17.835550381510917], [33.604698346669444, 17.835548629270633], [33.60470017709074, 17.836090926426696], [33.60498328695129, 17.83609004966268], [33.60498420261472, 17.836361198215172], [33.60413487169908, 17.836363827318788], [33.60413578609342, 17.836634975906282], [33.60555133968052, 17.83663059194423], [33.605554089387695, 17.83744403744835], [33.60583720134174, 17.83744315938225], [33.60583536733045, 17.8369008624155], [33.60640158947592, 17.836899105109115], [33.60640342520105, 17.837441402018946], [33.60612031327953, 17.83744228090578], [33.6061239832112, 17.838526874691595], [33.60640709684664, 17.838525995747837], [33.6064089327671, 17.839068292566896], [33.60669204724328, 17.839067413184267], [33.60669388408589, 17.839609709944583], [33.60782634525582, 17.839606188195983], [33.607827265415686, 17.83987733650777], [33.608110381095926, 17.8398764550303], [33.60811130170064, 17.84014760332025], [33.608960649928996, 17.840144956382446], [33.60896157183568, 17.840416104621973], [33.60952780476328, 17.840414337916016], [33.60952872754341, 17.840685486119376], [33.61037807809774, 17.840682832939198], [33.61037900217991, 17.84095398109204], [33.611228353872455, 17.840951324174853], [33.61122927925672, 17.841222472277114], [33.61207863208728, 17.841219811622807], [33.61207955877367, 17.84149095967442], [33.613212030698655, 17.841487406331435], [33.613212959115806, 17.841758554317952], [33.6134960774845, 17.84175766494165], [33.613497006346705, 17.842028812906204], [33.61378012512751, 17.84202792310503], [33.61378105443478, 17.842299071047613], [33.61406417362771, 17.842298180821544], [33.61406324389185, 17.84202703289338], [33.614629481371054, 17.84202525123865], [33.614630411964114, 17.84229639913797], [33.615196650234516, 17.842294615812474], [33.615197581701274, 17.842565763675363], [33.61548070124031, 17.842564871382447], [33.61548256508062, 17.84310716705663], [33.61576568546036, 17.84310627432432], [33.61576661783392, 17.843377422135607], [33.616332859401055, 17.843375635410563], [33.616335659192785, 17.844189078712247], [33.616618781237456, 17.84418818469055], [33.616619714963115, 17.844459332428166], [33.61577034749349, 17.84446201330508], [33.61577127994971, 17.84473316107852], [33.61548815699809, 17.84473405389754], [33.61548908904217, 17.845005201677868], [33.61435659535587, 17.84500876890627], [33.61435566502648, 17.8447376210682], [33.61407254199233, 17.844738511834514], [33.61407161210809, 17.844467363974456], [33.61435473471359, 17.844466473222568], [33.61435194387386, 17.843653029640237], [33.614635065176905, 17.84365213852109], [33.614634134501344, 17.843380990659604], [33.61520037620066, 17.843379207218618], [33.61519851318455, 17.84283691153069], [33.61491539320039, 17.842837803427557], [33.61491632427157, 17.843108951289746], [33.6143500833965, 17.84311073388085], [33.61435101362693, 17.84338188176433], [33.61321852996441, 17.843385442078155], [33.61321667294903, 17.842843146188358], [33.61265043273346, 17.842844923824664], [33.61265136037568, 17.84311607180212], [33.61180199864314, 17.84311873522097], [33.61180292501592, 17.843389883233975], [33.61151980397692, 17.843390770233615], [33.611517952105025, 17.84284847417132], [33.61123483190685, 17.842849360731744], [33.61123390642414, 17.842578212674887], [33.61038454701704, 17.842580869850163], [33.61038547121391, 17.842852017950033], [33.60981923067001, 17.84285378737641], [33.60982015402603, 17.84312493549735], [33.60897079180155, 17.8431275866011], [33.608969869731396, 17.84285643843725], [33.608403629023904, 17.842858203758656], [33.608404550236806, 17.84312935195109], [33.608121429429936, 17.843130234010324], [33.608124191880755, 17.843943678585074], [33.6089735581101, 17.843941031047283], [33.6089726359909, 17.843669882906127], [33.609822000787176, 17.843667231716534], [33.60982292419231, 17.84393837981478], [33.61038916816527, 17.843936610273825], [33.61039009244407, 17.844207758335852], [33.61067321483463, 17.84420687293526], [33.610674139558476, 17.844478020975394], [33.610957262361296, 17.84447713514993], [33.61095818753021, 17.844748283168155], [33.61039194105085, 17.844750054437217], [33.61039378972317, 17.845292350508295], [33.610110665601546, 17.84529323555566], [33.610111589533595, 17.845564383594176], [33.60982846496691, 17.84556526824531], [33.609827541463545, 17.845294120192474], [33.609544417309166, 17.845295004418727], [33.60954164818334, 17.84448156017188], [33.60925852529862, 17.84448244394466], [33.6092649838205, 17.84638048051482], [33.6089818579186, 17.84638136397716], [33.60898093565226, 17.84611021590411], [33.60841468465684, 17.846111981568452], [33.60841376326427, 17.84584083345926], [33.60784751306092, 17.845842597452737], [33.60784659254207, 17.84557144930743], [33.607563467844614, 17.84557233067405], [33.60756162771323, 17.845030034332186], [33.60727850385684, 17.845030915259724], [33.60727666464805, 17.84448861885907], [33.60614417248888, 17.844492138349768], [33.60614325462358, 17.844220990081112], [33.60586013197175, 17.84422186891322], [33.60586104940839, 17.84449301719609], [33.60529480319862, 17.844494773657132], [33.60529571979418, 17.844765921960875], [33.60557884333586, 17.84476504392141], [33.60558067743311, 17.845307340477753], [33.605014428618766, 17.84530909620298], [33.60501351241938, 17.84503794790017], [33.60473038841653, 17.845038825132743], [33.604729472662065, 17.844767676808168], [33.60444634907165, 17.844768553615996], [33.60444451846876, 17.844226256915757], [33.60387827295392, 17.844228009243043], [33.60388010184215, 17.84477030600002], [33.6021813597648, 17.84477555329898], [33.60218227166117, 17.845046701751052], [33.60246539580987, 17.84504582821345], [33.602466308151094, 17.845316976643815], [33.6027494327123, 17.84531610268151], [33.60275034549839, 17.845587251090166], [33.60359972037097, 17.845584626697427], [33.60360063445934, 17.84585577505603], [33.603883759813165, 17.84585489942315], [33.60388833264172, 17.847210641031793], [33.603322077630644, 17.847212392028684], [33.6033229913875, 17.847483540356045], [33.60303986342892, 17.847484415252747], [33.60304077677322, 17.847755563586706], [33.60332390516056, 17.847754688675852], [33.603324818949815, 17.84802583698808], [33.603607947749715, 17.84802496165243], [33.6036070335317, 17.847753813354373], [33.60389016188664, 17.84775293762227], [33.60388924725607, 17.84748178933082], [33.60417237516604, 17.847480913202283], [33.604173290225354, 17.847752061479564], [33.60502267514416, 17.847749430587708], [33.605023591505976, 17.848020578814836], [33.605872977564864, 17.84801794418478], [33.60587389522922, 17.8482890923617], [33.60644015337803, 17.848287333860075], [33.60644750213937, 17.85045651877527], [33.606730634619765, 17.850455638794593], [33.606734311106614, 17.851540231013562], [33.6070174452861, 17.85153935056521], [33.60701652571109, 17.851268202536076], [33.60729965944542, 17.851267321691264], [33.60729873945785, 17.850996173668815], [33.60758187274703, 17.850995292427566], [33.60758279316344, 17.851266440435758], [33.607865926865145, 17.851265558769544], [33.607866847726726, 17.851536706755905], [33.60758371359616, 17.851537588436383], [33.60758555451054, 17.852079884414923], [33.60730241950593, 17.852080765713215], [33.60730149946945, 17.851809617713467], [33.606735230269045, 17.851811379049373], [33.60673614944778, 17.852082527077627], [33.60588674423839, 17.85208516604381], [33.60588582634628, 17.851814017972867], [33.60531955698308, 17.851815775201597], [33.60531863996497, 17.85154462709464], [33.60503550568785, 17.851545505078725], [33.60503458911485, 17.851274356949997], [33.60475145525035, 17.851275234509167], [33.60474962301078, 17.8507329382006], [33.60418335694846, 17.850734692030066], [33.6041824417107, 17.850463543836046], [33.60333304378207, 17.85046617145754], [33.603332129847026, 17.85019502321343], [33.60304899760057, 17.85019589825173], [33.603047170636714, 17.849653601712486], [33.6024809078105, 17.84965535050044], [33.602479082626616, 17.84911305387432], [33.60106342956616, 17.849117418516297], [33.60106434000602, 17.849388566903784], [33.601347471079215, 17.849387694782575], [33.60134838196402, 17.849658843148372], [33.60191464491958, 17.849657097645743], [33.60191555667816, 17.849928245975722], [33.6024818204267, 17.849926498802155], [33.602482733059084, 17.85019764709629], [33.60276586533792, 17.850196772879354], [33.602766778415315, 17.850467921151775], [33.60304991110679, 17.85046704651], [33.60305082462919, 17.850738194760698], [33.60333395773332, 17.850737319694076], [33.60333578568441, 17.85127961614445], [33.60361891963003, 17.851278740638804], [33.60361983405873, 17.85154988883847], [33.603902968417, 17.851549012907938], [33.60390388329078, 17.851820161085865], [33.6041870180617, 17.851819284730446], [33.60418793338057, 17.85209043288662], [33.60475420373148, 17.852088678915244], [33.60475511992434, 17.852359827035464], [33.60532139106807, 17.85235807139279], [33.60532230813493, 17.852629219477034], [33.60503917214231, 17.852630097517938], [33.605040088796535, 17.852901245608823], [33.60447381590476, 17.85290300048683], [33.60447290010832, 17.852631852367548], [33.60334035584564, 17.852635357137906], [33.60333944178099, 17.852364208954356], [33.6027731704102, 17.852365958846793], [33.60277225721952, 17.852094810627356], [33.602489121938724, 17.852095684943333], [33.602488209193105, 17.851824536702175], [33.602205074325, 17.85182541059328], [33.60220416202442, 17.851554262330417], [33.60192102756903, 17.851555135796666], [33.601920115713476, 17.851283987512097], [33.60163698167077, 17.851284860553513], [33.601636070260234, 17.85101371224725], [33.601352936630235, 17.851014584863837], [33.6013520256647, 17.850743436535883], [33.601068892447394, 17.850744308727656], [33.601067981926846, 17.850473160378016], [33.600501716301494, 17.850474903501276], [33.60050080665474, 17.850203755115864], [33.59993454182256, 17.850205496568197], [33.599933633049574, 17.849934348147034], [33.59965050103814, 17.849935218243097], [33.59964959271008, 17.849664069800284], [33.59936646111136, 17.849664939471598], [33.59936555322821, 17.849393791007145], [33.59908242204221, 17.84939466025373], [33.599081514603945, 17.84912351176764], [33.598515253041285, 17.84912524900071], [33.5985143464767, 17.84885410047894], [33.59794808570735, 17.84885583604131], [33.5979471800164, 17.848584687483882], [33.59766405003643, 17.848585554635058], [33.59766314479031, 17.848314406056037], [33.59738001522307, 17.848315272782543], [33.59737911042177, 17.848044124181918], [33.59652972291014, 17.848046721855606], [33.59652791592821, 17.847504424547566], [33.59596165922208, 17.847506154220895], [33.59595985401919, 17.8469638568266], [33.59652610901034, 17.846962127209267], [33.59652701246127, 17.847233275882203], [33.59681014036157, 17.84723241044362], [33.59680833261827, 17.846690113118196], [33.5956758243509, 17.846693572296893], [33.595676726499605, 17.846964721019372], [33.59539359896403, 17.846965584801538], [33.59539540245194, 17.847507882251765], [33.59511227404289, 17.847508745651282], [33.59511317538207, 17.84777989437902], [33.59483004652828, 17.847780757381887], [33.594832749355376, 17.84859420356159], [33.59568213972773, 17.848591613195364], [33.595684846557695, 17.849405059181205], [33.596534240645255, 17.84940246499326], [33.5965333370662, 17.849131316380863], [33.59709959885356, 17.84912958489695], [33.59710231221163, 17.849943030627376], [33.597385444367696, 17.84994216422737], [33.59738634928127, 17.850213312775015], [33.59795261440292, 17.850211578714937], [33.5979535201902, 17.85048272722695], [33.59823665315578, 17.850481859566848], [33.598237559387954, 17.850753008057257], [33.59880382612859, 17.850751271476884], [33.5988065474946, 17.851564716818395], [33.60050535504974, 17.85155949696724], [33.60050626477711, 17.851830645314813], [33.600223129795985, 17.851831516330876], [33.600225857788196, 17.85264496137045], [33.599942721504306, 17.852645832018066], [33.59994363043838, 17.85291698036353], [33.59966049370948, 17.852917850614496], [33.599662310768124, 17.853460147310887], [33.598246622593145, 17.85346449254507]], [[33.60588582634628, 17.851814017972867], [33.60616896100348, 17.851813138742415], [33.606168042698776, 17.851541990678125], [33.605884908470436, 17.851542869894345], [33.60588582634628, 17.851814017972867]], [[33.60560177422584, 17.85154374869985], [33.605884908470436, 17.851542869894345], [33.60588399061087, 17.85127172180826], [33.60560085679512, 17.851272600599543], [33.60560177422584, 17.85154374869985]], [[33.60502909001801, 17.84964746801866], [33.60559535255229, 17.84964571183873], [33.6055944352354, 17.849374563685437], [33.60587756604935, 17.849373684993687], [33.605876648319914, 17.84910253684704], [33.606159778688806, 17.849101657758865], [33.60615886054685, 17.848830509618878], [33.60559260065039, 17.848832267356137], [33.605593517934764, 17.849103415524567], [33.60531038753335, 17.849104293791438], [33.60530947067777, 17.848833145608793], [33.60446008066242, 17.8488357779029], [33.60446099623163, 17.849106926128144], [33.60474412668178, 17.84910604909323], [33.60474504269602, 17.849377197296718], [33.60502817355873, 17.84937631983695], [33.60502909001801, 17.84964746801866]], [[33.5925695027642, 17.849143390774902], [33.5937020271696, 17.84913994916114], [33.593701127894505, 17.848868800401473], [33.59341799724584, 17.848869661406958], [33.593417098415465, 17.848598512625788], [33.59256770766027, 17.848601093136597], [33.5925695027642, 17.849143390774902]], [[33.603328474268835, 17.8491104301613], [33.60417786576526, 17.849107802752414], [33.604176035500636, 17.84856550626598], [33.60389290587561, 17.84856638245123], [33.6038919911964, 17.848295234182483], [33.602759474249346, 17.848298734760462], [33.60275856130143, 17.848027586427484], [33.60219230358831, 17.848029334224393], [33.60219412778524, 17.84857163093934], [33.60247725750743, 17.84857075721792], [33.60247817005893, 17.848841905549904], [33.60332756041478, 17.848839281879346], [33.603328474268835, 17.8491104301613]], [[33.59313217142427, 17.848057075593804], [33.59369843016486, 17.848055354077058], [33.59369663175812, 17.84751305648961], [33.593413503253316, 17.847513917425427], [33.59341440201996, 17.84778506623687], [33.59313127307046, 17.847785926776], [33.59313217142427, 17.848057075593804]], [[33.598794755953584, 17.84803978651322], [33.599077885011745, 17.848038917747598], [33.59907697765391, 17.84776776922367], [33.59879384902451, 17.847768637975236], [33.598794755953584, 17.84803978651322]], [[33.594263788772814, 17.847782482155747], [33.59454691765853, 17.84778161997412], [33.59454601717686, 17.84751047121846], [33.5942628887199, 17.847511333386123], [33.594263788772814, 17.847782482155747]], [[33.59794446303987, 17.847771241766186], [33.59822759171748, 17.84777037424649], [33.598226685662, 17.847499225672827], [33.59794355741314, 17.847500093178486], [33.59794446303987, 17.847771241766186]], [[33.60134200610945, 17.84776080442885], [33.60162513459382, 17.84775993198171], [33.60162422339328, 17.84748878357705], [33.601341095337666, 17.847489656010072], [33.60134200610945, 17.84776080442885]], [[33.58888255312414, 17.847256487513658], [33.58916568145419, 17.847255633161534], [33.58916389686273, 17.8467133350844], [33.588597641901764, 17.846715043322742], [33.58859853333211, 17.84698619239274], [33.58888166124924, 17.84698533846505], [33.58888255312414, 17.847256487513658]], [[33.59312767981448, 17.846701331429127], [33.59341080704899, 17.846700470945702], [33.593409908346075, 17.846429322104], [33.59397616190984, 17.84642759993324], [33.593975262365426, 17.846156451111845], [33.59312588328203, 17.846159033710293], [33.59312767981448, 17.846701331429127]], [[33.60048898271414, 17.846678825416763], [33.60077210953195, 17.84667795425788], [33.60077119968219, 17.846406805780614], [33.601054326055156, 17.846405934225242], [33.601053415792805, 17.84613478575451], [33.60133654172091, 17.846133913802674], [33.60133563104599, 17.845862765338488], [33.600486254499394, 17.845865379919957], [33.60048898271414, 17.846678825416763]], [[33.59171114727266, 17.846434478762124], [33.59199427415799, 17.846433620345575], [33.59199337761461, 17.846162471426737], [33.59312588328203, 17.846159033710293], [33.593124985039694, 17.845887884839527], [33.59284185907542, 17.84588874487059], [33.59284096127771, 17.84561759597834], [33.59255783572622, 17.845618455584912], [33.59255693837312, 17.84534730667118], [33.59227381323442, 17.84534816585328], [33.59227471015882, 17.84561931478092], [33.59199158457552, 17.845620173566353], [33.59199248108712, 17.84589132250032], [33.591709355059216, 17.84589218088908], [33.59171114727266, 17.846434478762124]], [[33.59935556757561, 17.84641115739866], [33.59963869402914, 17.84641028789622], [33.599635061650666, 17.84532569368604], [33.59935193691196, 17.845326563132186], [33.599353752211606, 17.84586886028055], [33.59878750097113, 17.845870597997408], [33.598788407787666, 17.846141746588366], [33.59935465988556, 17.84614000884339], [33.59935556757561, 17.84641115739866]], [[33.59029372468159, 17.84589646667422], [33.591709355059216, 17.84589218088908], [33.59170756290931, 17.845349882985783], [33.59199068807982, 17.84534902462481], [33.59198889513609, 17.844806726719035], [33.59170577082296, 17.844807585052216], [33.59170487480361, 17.844536436074087], [33.59113862698705, 17.844538151481032], [33.59113952214906, 17.844809300486936], [33.59000702461086, 17.844812726429762], [33.59000791807401, 17.845083875483553], [33.589724793221166, 17.845084730956728], [33.58972568627146, 17.8453558800168], [33.590008811553, 17.845355024529773], [33.59000970504782, 17.845626173568434], [33.59029283074222, 17.84562531765699], [33.59029372468159, 17.84589646667422]], [[33.60020312895161, 17.84586625062596], [33.600486254499394, 17.845865379919957], [33.60048534512673, 17.845594231405887], [33.600202220007645, 17.845595102097807], [33.60020312895161, 17.84586625062596]], [[33.605011680069346, 17.844495651271846], [33.60529480319862, 17.844494773657132], [33.6052938866193, 17.844223625345823], [33.60501076391869, 17.84422450294634], [33.605011680069346, 17.844495651271846]], [[33.60217953602055, 17.84423325637213], [33.60274578172976, 17.844231508971234], [33.60274486902457, 17.843960360524747], [33.602461746606714, 17.843961234416316], [33.60246083434636, 17.84369008594812], [33.60331020026545, 17.84368746308429], [33.603307459723744, 17.842874017761666], [33.603024339052794, 17.842874892417655], [33.60302342599991, 17.842603743947482], [33.602740305741385, 17.842604618178814], [33.6027393931333, 17.842333469686924], [33.602456273287196, 17.84233434349362], [33.60245809766234, 17.84287664049812], [33.60189185620719, 17.842878386936594], [33.60189550172248, 17.843962980967873], [33.60217862417268, 17.84396210789736], [33.60217953602055, 17.84423325637213]], [[33.60331202737424, 17.8442297599282], [33.60387827295392, 17.844228009243043], [33.60387735853412, 17.843956860853208], [33.60359423618103, 17.84395773638688], [33.603593322206095, 17.843686587975302], [33.60331020026545, 17.84368746308429], [33.60331202737424, 17.8442297599282]], [[33.606992622481414, 17.84421835112162], [33.60727574506811, 17.84421747064739], [33.607274825504476, 17.843946322428145], [33.607557947646214, 17.843945441557644], [33.60755518776722, 17.84313199689728], [33.60698894603925, 17.843133758142223], [33.606992622481414, 17.84421835112162]], [[33.600195857851034, 17.843697062188795], [33.6007621020717, 17.84369532059175], [33.600761192399354, 17.843424172031238], [33.60104431405685, 17.84342330063104], [33.6010424939033, 17.842881003515558], [33.60075937310305, 17.842881874887542], [33.600758463479096, 17.84261072630434], [33.60047534309133, 17.84261159725172], [33.60047443391212, 17.842340448646855], [33.59990819394547, 17.842342189281972], [33.59990728563957, 17.84207104064136], [33.59962416606069, 17.842071910329107], [33.59962325819949, 17.841800761666853], [33.59792454295999, 17.8418059710889], [33.59792544824962, 17.84207711983549], [33.59820856792497, 17.84207625261063], [33.59820947365925, 17.842347401335616], [33.59877571381897, 17.84234566562635], [33.598776620426534, 17.842616814315672], [33.5990597409109, 17.842615945831252], [33.59906064796316, 17.842887094498952], [33.59934376886006, 17.842886225589965], [33.59934467635702, 17.843157374236032], [33.599910918959786, 17.84315563515841], [33.599911827330104, 17.843426783768756], [33.600194949035966, 17.843425913600097], [33.600195857851034, 17.843697062188795]], [[33.59821309675697, 17.84343199615991], [33.598496218559355, 17.843431128454338], [33.5984953123322, 17.843159979773656], [33.598212190958456, 17.84316084746518], [33.59821309675697, 17.84343199615991]], [[33.60755334792943, 17.842589700419204], [33.60811958787768, 17.84258793758932], [33.60811866712604, 17.84231678936747], [33.60840178664708, 17.842315907351068], [33.60840086548316, 17.84204475913593], [33.60868398455927, 17.842043876723334], [33.6086830629831, 17.841772728514915], [33.60811682567174, 17.84177449290107], [33.60811590496908, 17.841503344656513], [33.607832786717495, 17.84150422621961], [33.60783186645973, 17.84123307795322], [33.60754874862042, 17.841233959091593], [33.60754782880753, 17.840962810803365], [33.60783094621829, 17.84096192967926], [33.60783002599316, 17.840690781397736], [33.608396259908595, 17.840689017946723], [33.608395338842676, 17.840417869686185], [33.60697975607451, 17.84042227516405], [33.60698067499766, 17.840693423495924], [33.60669755796656, 17.840694303374423], [33.60669939500461, 17.841236600043953], [33.60698251289284, 17.841235720136954], [33.606984350853196, 17.841778016747718], [33.60755058829509, 17.841776255645335], [33.60755334792943, 17.842589700419204]], [[33.58801713985857, 17.842378363327885], [33.588300260519816, 17.842377510456128], [33.58829936978671, 17.842106361243708], [33.58801624955407, 17.84210721410166], [33.58801713985857, 17.842378363327885]], [[33.60047261560203, 17.841798151414427], [33.60075573470398, 17.84179728050934], [33.60075482514454, 17.84152613189587], [33.600471706471176, 17.84152700278686], [33.60047261560203, 17.841798151414427]], [[33.5922487058066, 17.83775599280802], [33.592531818944884, 17.837755134015303], [33.592530025177204, 17.837212835741543], [33.59196380059861, 17.83721455286098], [33.59196469661756, 17.837485702029454], [33.59224780934328, 17.837484843661013], [33.5922487058066, 17.83775599280802]], [[33.58573355291448, 17.836691033870792], [33.586016664702626, 17.836690184571786], [33.58601489077057, 17.836147885601214], [33.585731779839314, 17.836148734872715], [33.58573355291448, 17.836691033870792]], [[33.59875667877322, 17.836651541403054], [33.59903978982991, 17.836650673227926], [33.59903888314752, 17.836379524386242], [33.59875577251927, 17.836380392547312], [33.59875667877322, 17.836651541403054]], [[33.588836196591714, 17.833156726955632], [33.589119302637194, 17.83315587332249], [33.58911751969051, 17.832613574458765], [33.588551309297124, 17.832615281259496], [33.58855219990588, 17.832886430722784], [33.588835305538815, 17.832885577513725], [33.588836196591714, 17.833156726955632]], [[33.5809057047864, 17.832095862764955], [33.58232122848925, 17.832091648206934], [33.58231946622819, 17.831549348622783], [33.58260257006527, 17.831548504507797], [33.58260080701013, 17.831006204920754], [33.581751498021816, 17.831008735953024], [33.58175237825668, 17.83127988579132], [33.581469274801044, 17.83128072866197], [33.58147103446098, 17.8318230283432], [33.58090482578966, 17.8318247129084], [33.5809057047864, 17.832095862764955]], [[33.58062084287777, 17.831554404697894], [33.58090394680851, 17.83155356304428], [33.580903067842954, 17.831282413172598], [33.58061996434052, 17.83128325481258], [33.58062084287777, 17.831554404697894]], [[33.58345188148265, 17.83154596970149], [33.58373498525713, 17.8315451239456], [33.58373410200852, 17.83127397421061], [33.58345099866234, 17.8312748199528], [33.58345188148265, 17.83154596970149]], [[33.58090218889299, 17.83101126329336], [33.58146839499448, 17.83100957881001], [33.58146663542817, 17.830467279083436], [33.5811835332418, 17.83046812150292], [33.58118265391033, 17.830196971614647], [33.580899552136636, 17.830197813610297], [33.58089779437702, 17.829655513783788], [33.58061469344427, 17.829656355341974], [33.5806138150161, 17.829385205403756], [33.58033071449601, 17.829386046538136], [33.580331592495924, 17.82965719648998], [33.580048491532004, 17.8296580372278], [33.5800511243404, 17.830471487078853], [33.58033422658912, 17.83047064630017], [33.58033510465134, 17.830741796221787], [33.58090130995861, 17.830740113406563], [33.58090218889299, 17.83101126329336]], [[33.57948141284231, 17.829388567480226], [33.580047613960346, 17.82938688726234], [33.58004585886372, 17.828844587308733], [33.57947965945866, 17.828846267472183], [33.57948141284231, 17.829388567480226]], [[33.578060662657684, 17.827765860324465], [33.57834376073279, 17.827765022552924], [33.57834113609889, 17.82695157223042], [33.57805803930835, 17.82695240996124], [33.578060662657684, 17.827765860324465]], [[33.57522707055097, 17.826960764713082], [33.57551016749631, 17.826959931083422], [33.5755075558472, 17.826146480286646], [33.575224460186384, 17.826147313875783], [33.57522707055097, 17.826960764713082]]]}, "properties": {"zone_id": "scene_02-Z0023", "scene": "scene_02", "pixel_count": 5214, "approx_area_m2": 4692600.0, "centroid_x": 562939.6835443038, "centroid_y": 1972486.179516686, "centroid_lon": 33.59399611457938, "centroid_lat": 17.839117105485037, "mean_risk": 2.563063144683838, "max_risk": 4.769818305969238, "median_risk": 2.4596545696258545, "high_priority_pixel_pct": 100.0, "priority_category": "HIGH PRIORITY", "threshold_type": "95th percentile prioritisation threshold", "recommendation": "Spectral-stress evidence detected. Prioritise field inspection to determine the underlying cause. Field verification required.", "priority_rank": 38}}, {"type": "Feature", "geometry": {"type": "Polygon", "coordinates": [[[33.58181755897273, 17.85134495284231], [33.58181667758213, 17.85107380356366], [33.58209981230842, 17.851072959285567], [33.582100694127874, 17.85134410855056], [33.58181755897273, 17.85134495284231]]]}, "properties": {"zone_id": "scene_02-Z0024", "scene": "scene_02", "pixel_count": 13, "approx_area_m2": 11700.0, "centroid_x": 561796.1538461539, "centroid_y": 1973914.6153846155, "centroid_lon": 33.5832464692884, "centroid_lat": 17.852060282983015, "mean_risk": 1.8940207958221436, "max_risk": 2.145040512084961, "median_risk": 1.871688961982727, "high_priority_pixel_pct": 100.0, "priority_category": "HIGH PRIORITY", "threshold_type": "95th percentile prioritisation threshold", "recommendation": "Spectral-stress evidence detected. Prioritise field inspection to determine the underlying cause. Field verification required.", "priority_rank": 292}}, {"type": "Feature", "geometry": {"type": "Polygon", "coordinates": [[[33.66732767467427, 17.85215588921542], [33.66732666370148, 17.85188474439507], [33.66704353230756, 17.851885712353695], [33.66704252178154, 17.851614567510108], [33.66732565274663, 17.851613599567145], [33.66732261998955, 17.850800165037892], [33.667605749650214, 17.850799196731245], [33.66760372704412, 17.850256907038514], [33.66788685582923, 17.850255938352547], [33.66788584412427, 17.849984793510487], [33.66845210078309, 17.849982854937927], [33.66845108823848, 17.849711710119667], [33.66873421611218, 17.849710740233103], [33.668735229085584, 17.84998188503567], [33.66901835737012, 17.849980914722757], [33.66901734396792, 17.84970976993589], [33.6693004718057, 17.849708799228033], [33.66929844419762, 17.849166509662975], [33.6690153172174, 17.849167480339418], [33.669013290538736, 17.848625190712628], [33.66986266885287, 17.8486222775457], [33.669863683469515, 17.848893422315737], [33.67014680996703, 17.848892450423122], [33.67014782503042, 17.849163595169856], [33.669581571159874, 17.849165538575907], [33.66958359962551, 17.84970782810953], [33.66986672742735, 17.849706856580376], [33.669868756822495, 17.850249146052242], [33.670718142692834, 17.8502462289065], [33.67071915870381, 17.85051737358386], [33.66958664245881, 17.850521262353123], [33.669587656772535, 17.85079240708583], [33.6693045272375, 17.850793378267195], [33.66930756900005, 17.85160681246698], [33.669024438160555, 17.85160778328479], [33.66902241115856, 17.851065493794437], [33.66817302110533, 17.851068403689556], [33.668174033310855, 17.851339548485615], [33.667607772328005, 17.851341486393654], [33.66761080647913, 17.852154920830422], [33.66732767467427, 17.85215588921542]]]}, "properties": {"zone_id": "scene_02-Z0025", "scene": "scene_02", "pixel_count": 55, "approx_area_m2": 49500.0, "centroid_x": 570857.4545454546, "centroid_y": 1973761.6363636365, "centroid_lon": 33.66875996893112, "centroid_lat": 17.850403312565174, "mean_risk": 1.8601300716400146, "max_risk": 2.06697416305542, "median_risk": 1.8398818969726562, "high_priority_pixel_pct": 100.0, "priority_category": "HIGH PRIORITY", "threshold_type": "95th percentile prioritisation threshold", "recommendation": "Spectral-stress evidence detected. Prioritise field inspection to determine the underlying cause. Field verification required.", "priority_rank": 324}}, {"type": "Feature", "geometry": {"type": "Polygon", "coordinates": [[[33.64184185038751, 17.851156777145462], [33.64184087808112, 17.8508856309118], [33.640991484249355, 17.850888422484257], [33.64098954226122, 17.850346129903855], [33.64070641180718, 17.85034705957655], [33.64070544126774, 17.850075913259946], [33.63985605108889, 17.85007869976891], [33.63985508185307, 17.84980755339964], [33.63957195218789, 17.849808481399613], [33.63957292099491, 17.850079627783902], [33.638723530609944, 17.850082409364884], [33.638722563089345, 17.84981126293558], [33.639005692806016, 17.849810336167586], [33.63900472487377, 17.849539189745702], [33.63928785414449, 17.84953826258205], [33.63928591747389, 17.84899596974557], [33.639002789060754, 17.848996896879218], [33.639000853316354, 17.848454603982432], [33.638717725743604, 17.84845553067544], [33.6387167583259, 17.848184384200703], [33.63899988546989, 17.848183457522687], [33.638998917640585, 17.847912311055364], [33.63928204433867, 17.847911383981735], [33.639281076097774, 17.84764023752184], [33.638714823541946, 17.847642091228483], [33.63871192149461, 17.84682865171335], [33.63899504649492, 17.846827725110323], [33.63899407875139, 17.84655657860513], [33.639277203305824, 17.84655565160652], [33.63927817147807, 17.846826798096714], [33.63984442139286, 17.846824942837728], [33.63984345236319, 17.84655379637757], [33.64012657686611, 17.846552868147224], [33.640125607424906, 17.846281721694517], [33.640408731481934, 17.84628079306862], [33.64040970135184, 17.846551939506302], [33.64069282582038, 17.846551010454803], [33.640693796136205, 17.84682215686987], [33.64097692101626, 17.846821227392745], [33.64097789177799, 17.847092373785202], [33.64126101706957, 17.847091443882437], [33.64126198827724, 17.84736259025227], [33.64154511398033, 17.84736165992386], [33.641548028992894, 17.848175098942733], [33.64183115596498, 17.848174168158543], [33.641832128099054, 17.84844531446795], [33.642115255482665, 17.84844438325806], [33.64211233784591, 17.84763094435232], [33.64239546392603, 17.847630012777042], [33.642396436883125, 17.847901159071455], [33.642679563374735, 17.847900227070493], [33.64268151019817, 17.848442519606422], [33.642398382849045, 17.848443451637554], [33.642401301927286, 17.849256890429903], [33.64268443056274, 17.84925595835352], [33.64268345709063, 17.848984812112057], [33.64296658528004, 17.84898387964012], [33.64296853309909, 17.84952617208528], [33.642402274987866, 17.849528036678866], [33.64240324806569, 17.849799182920258], [33.642686377558725, 17.849798250813706], [33.64268735108261, 17.850069397032435], [33.64353674074458, 17.85006659820354], [33.643538690416996, 17.850608890527695], [33.643821821127396, 17.85060795673318], [33.643822796418355, 17.850879102868788], [33.64353966527912, 17.85088003667842], [33.64354064015853, 17.85115118282155], [33.64184185038751, 17.851156777145462]], [[33.63928591747389, 17.84899596974557], [33.63956904586987, 17.84899504220129], [33.63956807713154, 17.8487238957867], [33.63928494916435, 17.848724823315965], [33.63928591747389, 17.84899596974557]]]}, "properties": {"zone_id": "scene_02-Z0026", "scene": "scene_02", "pixel_count": 180, "approx_area_m2": 162000.0, "centroid_x": 567900.6666666666, "centroid_y": 1973593.5, "centroid_lon": 33.640849366645114, "centroid_lat": 17.848977285195396, "mean_risk": 2.2632694244384766, "max_risk": 3.023778200149536, "median_risk": 2.229240894317627, "high_priority_pixel_pct": 100.0, "priority_category": "HIGH PRIORITY", "threshold_type": "95th percentile prioritisation threshold", "recommendation": "Spectral-stress evidence detected. Prioritise field inspection to determine the underlying cause. Field verification required.", "priority_rank": 83}}, {"type": "Feature", "geometry": {"type": "Polygon", "coordinates": [[[33.665341719762964, 17.85107807664572], [33.665340711863635, 17.850806931685558], [33.66505758205984, 17.850807896706808], [33.665056574607185, 17.850536751723453], [33.66477344521435, 17.85053771631842], [33.66477143122024, 17.849995426297756], [33.66448830266717, 17.84999639045085], [33.66448628960203, 17.849454100368664], [33.66420316188871, 17.849455064079915], [33.66420014371111, 17.84864162885301], [33.66533264931206, 17.84863777173143], [33.66533365706849, 17.84890891675222], [33.66618303736796, 17.848906019552622], [33.66618202832524, 17.848634874578714], [33.6664651546272, 17.848633908039904], [33.66646414517361, 17.848362763074064], [33.666747271028925, 17.848361796140274], [33.666746261164484, 17.84809065118251], [33.6673125119639, 17.848088716114404], [33.66731150125988, 17.84781757118038], [33.66787775113014, 17.84781563450119], [33.66787673958657, 17.847544489590927], [33.668159864066084, 17.847543520651108], [33.668158852111716, 17.847272375748943], [33.66844197614456, 17.84727140641423], [33.66843995143221, 17.846729116618548], [33.66872307458968, 17.846728146904628], [33.66872206183172, 17.846457002011114], [33.66928830723539, 17.846455061382976], [33.66929033448409, 17.8469973510996], [33.66900721093382, 17.84699832165037], [33.6690082241564, 17.847269466513026], [33.668725100159456, 17.84727043666892], [33.66872611297127, 17.8475415815397], [33.66929236180465, 17.847539640785918], [33.66929540292027, 17.848353075258547], [33.668729151514455, 17.84835501610656], [33.668732190219224, 17.849168450605227], [33.66816593616901, 17.849170389904934], [33.66816694824895, 17.84944153475405], [33.667883820768154, 17.849442503803633], [33.667884832437245, 17.84971364866085], [33.66760170450973, 17.84971461731547], [33.66760271576796, 17.849985762180783], [33.66731958739373, 17.84998673044043], [33.66732059824108, 17.85025787531383], [33.66675434058126, 17.85025981063247], [33.666755350588915, 17.850530955529607], [33.66618909199987, 17.850532889236895], [33.666191110353594, 17.851075179071017], [33.665341719762964, 17.85107807664572]]]}, "properties": {"zone_id": "scene_02-Z0027", "scene": "scene_02", "pixel_count": 127, "approx_area_m2": 114300.0, "centroid_x": 570651.0236220473, "centroid_y": 1973612.3622047245, "centroid_lon": 33.66680672361417, "centroid_lat": 17.849060814290684, "mean_risk": 2.11995267868042, "max_risk": 2.9847958087921143, "median_risk": 2.070168972015381, "high_priority_pixel_pct": 100.0, "priority_category": "HIGH PRIORITY", "threshold_type": "95th percentile prioritisation threshold", "recommendation": "Spectral-stress evidence detected. Prioritise field inspection to determine the underlying cause. Field verification required.", "priority_rank": 134}}, {"type": "Feature", "geometry": {"type": "Polygon", "coordinates": [[[33.64467121315487, 17.850605152885578], [33.64467023659474, 17.85033400678778], [33.64438710636504, 17.850334941799186], [33.644386130251036, 17.850063795678672], [33.644103000432835, 17.850064730264293], [33.64410202476493, 17.849793584121084], [33.64325263649303, 17.849796385368627], [33.64325068778187, 17.849254092968817], [33.64353381636553, 17.849253159660496], [33.64353284160708, 17.848982013464326], [33.64381596974468, 17.84898107976048], [33.64381694493192, 17.849252225941534], [33.64410007348102, 17.849251291811935], [33.644099097865, 17.848980145645992], [33.64466535405375, 17.84897827618511], [33.644667307018224, 17.849520568448902], [33.64495043594421, 17.849519633072227], [33.64495434379609, 17.85060421744836], [33.64467121315487, 17.850605152885578]]]}, "properties": {"zone_id": "scene_02-Z0028", "scene": "scene_02", "pixel_count": 20, "approx_area_m2": 18000.0, "centroid_x": 568258.5, "centroid_y": 1973668.5, "centroid_lon": 33.64422889627621, "centroid_lat": 17.849644033236927, "mean_risk": 2.222932815551758, "max_risk": 2.9020349979400635, "median_risk": 2.195847749710083, "high_priority_pixel_pct": 100.0, "priority_category": "HIGH PRIORITY", "threshold_type": "95th percentile prioritisation threshold", "recommendation": "Spectral-stress evidence detected. Prioritise field inspection to determine the underlying cause. Field verification required.", "priority_rank": 91}}, {"type": "Feature", "geometry": {"type": "Polygon", "coordinates": [[[33.49319328515425, 17.850775573117506], [33.49319029678354, 17.849690960068383], [33.49262402340053, 17.84969239014212], [33.49262327719864, 17.849421236837806], [33.49375582219633, 17.84941837509387], [33.493755074292345, 17.849147221828318], [33.49403821007981, 17.849146505377206], [33.49403746176025, 17.848875352115694], [33.49262178483453, 17.848878930206528], [33.49262253100997, 17.849150083525945], [33.491773123409295, 17.849152225487], [33.491772378520324, 17.84888107213291], [33.49148924305584, 17.84888178528703], [33.49148700975458, 17.84806832514484], [33.49120387556332, 17.848069037853673], [33.49120313158476, 17.847797884446297], [33.49148626534722, 17.847797171749], [33.49148552095306, 17.847526018345604], [33.49035298753925, 17.847528866624806], [33.49035224487339, 17.84725771316776], [33.49006911191579, 17.847258424199442], [33.490068369691876, 17.84698727072334], [33.490351502220705, 17.846986559703165], [33.49035075958119, 17.84671540623101], [33.48978449536788, 17.846716827837724], [33.489791913779605, 17.849428362449434], [33.490075050180806, 17.849427651736374], [33.49007579252315, 17.8496988051445], [33.4897926556931, 17.849699515869062], [33.48979413955956, 17.850241822685653], [33.48951100185866, 17.850242533022513], [33.48951026034771, 17.8499713796065], [33.48894398576419, 17.849972799025117], [33.488943245124084, 17.849701645578577], [33.488660108241476, 17.84970235466036], [33.48865936804333, 17.849431201194783], [33.48780995860334, 17.849433325941547], [33.487807741947066, 17.848619865396373], [33.488090877153695, 17.848619157592506], [33.488090137865655, 17.848348004073795], [33.488656407381974, 17.84834658725698], [33.48865714752763, 17.84861774075276], [33.48894028269493, 17.84861703171688], [33.48894102328252, 17.84888818519363], [33.489224158865504, 17.8488874757356], [33.48922267684581, 17.84834516879751], [33.488939542120455, 17.84834587823258], [33.488938801559115, 17.848074724740716], [33.48837253292663, 17.848076142355914], [33.48837179323601, 17.847804988833552], [33.48808865932889, 17.84780569701371], [33.48808792008017, 17.84753454347234], [33.48780478658873, 17.847535251230383], [33.48780183143995, 17.84645063694356], [33.488084963216316, 17.846449929231326], [33.48808570241262, 17.846721082802908], [33.48893509894933, 17.84671895716812], [33.48893435846675, 17.846447803630944], [33.48921749019065, 17.84644709427625], [33.48921674929245, 17.846175940742995], [33.48978301184334, 17.846174520824743], [33.489782270100804, 17.845903367306928], [33.49034853174161, 17.845901945769246], [33.49034927434163, 17.846173099264046], [33.49091553678727, 17.84617167606092], [33.49091479332976, 17.845900522589147], [33.49148105486519, 17.84589909776664], [33.491481799180185, 17.846170251215348], [33.49204806152031, 17.84616882472734], [33.49204880670599, 17.846439978145415], [33.49233193828499, 17.84643926427394], [33.492332683912636, 17.8467104176729], [33.49261581590718, 17.84670970337925], [33.49261506985078, 17.846438549991852], [33.49318133294265, 17.846437120195827], [33.49318058604198, 17.846165966824017], [33.4937468482234, 17.846164535408704], [33.493746100478496, 17.84589338205251], [33.49402923112058, 17.845892665740532], [33.49402997929423, 17.84616381908513], [33.49459624139609, 17.846162385206163], [33.49459699044049, 17.84643353852001], [33.49544638477991, 17.846431384587138], [33.49544713512386, 17.846702537858555], [33.49601339880782, 17.846701099826955], [33.49601415002259, 17.846972253067545], [33.49573101775851, 17.846972972300296], [33.49573176855783, 17.84724412554498], [33.49459923765339, 17.8472469984162], [33.49459998675091, 17.847518151699823], [33.494033720361436, 17.847519585694833], [33.49403446861467, 17.84779073899411], [33.49431760224483, 17.84779002219033], [33.49431835094013, 17.848061175470452], [33.49488461901821, 17.848059740607717], [33.49488536858437, 17.848330893857067], [33.49516850303228, 17.848330175798093], [33.49516775303732, 17.848059022560367], [33.49545088704314, 17.84805830410236], [33.49545163746691, 17.848329457328457], [33.49573477188822, 17.848328738448167], [33.49573702452577, 17.849142198046227], [33.49545388881801, 17.849142916961426], [33.495456140288844, 17.849956376526414], [33.49488986626039, 17.849957813194518], [33.494890615919566, 17.850228966390986], [33.49460747845655, 17.8502296841206], [33.49460822770015, 17.850500837321135], [33.494325089795, 17.850501554651647], [33.49432583862301, 17.850772707856226], [33.49319328515425, 17.850775573117506]], [[33.49318656161811, 17.84833519358701], [33.49346969614564, 17.84833447799201], [33.49346670653648, 17.847249864717263], [33.49261730805966, 17.847252010131392], [33.4926165619768, 17.846980856759096], [33.492333429553504, 17.846981571064305], [33.49233417520759, 17.847252724448165], [33.4920510423423, 17.847253438354297], [33.49205253283256, 17.847795745122454], [33.492901933961456, 17.847793602102772], [33.492901187423364, 17.847522448757154], [33.49318432067775, 17.84752173360754], [33.49318656161811, 17.84833519358701]], [[33.49148552095306, 17.847526018345604], [33.49176865427354, 17.847525305249203], [33.491767909463796, 17.847254151849796], [33.49148477657209, 17.847254864934662], [33.49148552095306, 17.847526018345604]], [[33.49346595916732, 17.846978711379695], [33.493749091537666, 17.846977995431967], [33.49374834375299, 17.84670684209844], [33.493465211811404, 17.846707558034577], [33.49346595916732, 17.846978711379695]]]}, "properties": {"zone_id": "scene_02-Z0029", "scene": "scene_02", "pixel_count": 263, "approx_area_m2": 236700.0, "centroid_x": 552131.0646387832, "centroid_y": 1973440.0380228136, "centroid_lon": 33.49201601366668, "centroid_lat": 17.848022143557188, "mean_risk": 2.2109644412994385, "max_risk": 3.034878730773926, "median_risk": 2.1679446697235107, "high_priority_pixel_pct": 100.0, "priority_category": "HIGH PRIORITY", "threshold_type": "95th percentile prioritisation threshold", "recommendation": "Spectral-stress evidence detected. Prioritise field inspection to determine the underlying cause. Field verification required.", "priority_rank": 96}}, {"type": "Feature", "geometry": {"type": "Polygon", "coordinates": [[[33.70497229739436, 17.84904091899115], [33.704970161811, 17.848498633460668], [33.70383766650286, 17.848502720526067], [33.70383553442509, 17.847960434832967], [33.7052511492256, 17.847955325140088], [33.7052522173987, 17.848226467907732], [33.70553534073076, 17.84822544472082], [33.70553747799124, 17.84876773020025], [33.70525435380169, 17.84876875342028], [33.7052554220316, 17.84903989616518], [33.70497229739436, 17.84904091899115]]]}, "properties": {"zone_id": "scene_02-Z0030", "scene": "scene_02", "pixel_count": 47, "approx_area_m2": 42300.0, "centroid_x": 574611.0638297872, "centroid_y": 1973631.0638297873, "centroid_lon": 33.70418036629438, "centroid_lat": 17.849098584006253, "mean_risk": 2.4677813053131104, "max_risk": 3.7756714820861816, "median_risk": 2.4288532733917236, "high_priority_pixel_pct": 100.0, "priority_category": "HIGH PRIORITY", "threshold_type": "95th percentile prioritisation threshold", "recommendation": "Spectral-stress evidence detected. Prioritise field inspection to determine the underlying cause. Field verification required.", "priority_rank": 49}}, {"type": "Feature", "geometry": {"type": "Polygon", "coordinates": [[[33.684873512413425, 17.849925921799894], [33.68487143760294, 17.849383633998425], [33.68543769036649, 17.849381646212148], [33.685436652131294, 17.849110502332202], [33.68600290396368, 17.849108512935587], [33.68600394305642, 17.84937965678333], [33.68657019567268, 17.849377665711987], [33.6865691557224, 17.849106521896463], [33.686286029852255, 17.849107517621338], [33.686283950864514, 17.84856522993531], [33.68685020087134, 17.848563238139402], [33.6868512412135, 17.848834381953967], [33.68741749200407, 17.84883238848335], [33.6874164508044, 17.84856124470104], [33.68798270066363, 17.84855924962023], [33.687984784796484, 17.849101537112695], [33.68770165901858, 17.849102534890697], [33.687702700683936, 17.8493736786417], [33.68713644821521, 17.84937567299811], [33.687137489041476, 17.849646816773806], [33.6865712356414, 17.84964880951993], [33.68657227562855, 17.849919953320295], [33.684873512413425, 17.849925921799894]]]}, "properties": {"zone_id": "scene_02-Z0031", "scene": "scene_02", "pixel_count": 30, "approx_area_m2": 27000.0, "centroid_x": 572733.0, "centroid_y": 1973646.0, "centroid_lon": 33.686456633219755, "centroid_lat": 17.849296720911862, "mean_risk": 1.9954107999801636, "max_risk": 2.551365852355957, "median_risk": 1.976219654083252, "high_priority_pixel_pct": 100.0, "priority_category": "HIGH PRIORITY", "threshold_type": "95th percentile prioritisation threshold", "recommendation": "Spectral-stress evidence detected. Prioritise field inspection to determine the underlying cause. Field verification required.", "priority_rank": 203}}, {"type": "Feature", "geometry": {"type": "Polygon", "coordinates": [[[33.69733003756495, 17.849610666467004], [33.69732686883457, 17.848797236872198], [33.696760619344715, 17.848799259086043], [33.69676167471194, 17.849070402324628], [33.696195424289726, 17.849072422928717], [33.696194369780024, 17.84880127965743], [33.696477494571724, 17.848800269577044], [33.6964753847509, 17.84825798304443], [33.69704163256319, 17.848255961717236], [33.69704057682336, 17.847984818472266], [33.69760682370333, 17.84798279553541], [33.69760576712475, 17.847711652315585], [33.69788889010792, 17.847710640247644], [33.69788994711522, 17.84798178345108], [33.6984561938828, 17.847979758050645], [33.69845830966856, 17.84852204436921], [33.698175185436675, 17.848523057307506], [33.69817624292893, 17.848794200471804], [33.697893118249546, 17.84879521301588], [33.697894175331804, 17.849066356188988], [33.69761105020492, 17.849067368338837], [33.697612106877145, 17.849338511520727], [33.697895232432785, 17.849337499354508], [33.69789628955252, 17.849608642512436], [33.69733003756495, 17.849610666467004]]]}, "properties": {"zone_id": "scene_02-Z0032", "scene": "scene_02", "pixel_count": 26, "approx_area_m2": 23400.0, "centroid_x": 573897.6923076923, "centroid_y": 1973570.7692307692, "centroid_lon": 33.697445799133476, "centroid_lat": 17.848577808604126, "mean_risk": 2.2739720344543457, "max_risk": 3.3433964252471924, "median_risk": 2.169966220855713, "high_priority_pixel_pct": 100.0, "priority_category": "HIGH PRIORITY", "threshold_type": "95th percentile prioritisation threshold", "recommendation": "Spectral-stress evidence detected. Prioritise field inspection to determine the underlying cause. Field verification required.", "priority_rank": 80}}, {"type": "Feature", "geometry": {"type": "Polygon", "coordinates": [[[33.62852702577753, 17.849030912144027], [33.62852416978021, 17.848217471136056], [33.628241042006785, 17.848218382621095], [33.62824294513058, 17.84876067666348], [33.6273935591365, 17.84876340874328], [33.627390708335, 17.84794996753571], [33.6271075809229, 17.847950877363523], [33.627108530744465, 17.848222024455016], [33.62625914712091, 17.84822475151891], [33.62626009567302, 17.848495898646963], [33.625976967336086, 17.84849680686171], [33.62597601921276, 17.84822565971896], [33.6256928912878, 17.848226567508384], [33.62569194361002, 17.847955420343368], [33.625408816097014, 17.847956327707486], [33.62540976334603, 17.848227474887192], [33.62484350741214, 17.848229288412924], [33.62484256102064, 17.84795814120387], [33.62512568856722, 17.84795723466099], [33.625124741763756, 17.84768608745903], [33.62540786886479, 17.84768518052021], [33.62540502726888, 17.846871738912963], [33.62512190145405, 17.84687264580775], [33.62511906129539, 17.846059204088316], [33.62483593674991, 17.8460601105285], [33.62483499049262, 17.845788963258876], [33.624268742208756, 17.845790774878207], [33.62426779682562, 17.84551962757169], [33.62398467308723, 17.845520532750857], [33.62398372814954, 17.84524938542212], [33.623700604823085, 17.845250290176082], [33.62369871585531, 17.84470799546661], [33.623415593369444, 17.84470889978074], [33.62340992943983, 17.843082015382805], [33.62369304935384, 17.843081111156497], [33.62369116065397, 17.842538816325906], [33.62397427969401, 17.842537911718384], [33.62397333494059, 17.842266764306373], [33.624256453535274, 17.842265859303023], [33.62425550837001, 17.8419947118981], [33.62453862651935, 17.841993806498927], [33.62453957211321, 17.8422649538892], [33.625105809218766, 17.8422631418301], [33.62510675568659, 17.84253428918347], [33.62538987464279, 17.84253338252352], [33.62538892774637, 17.842262235184833], [33.6256720462572, 17.84226132812909], [33.625672993582214, 17.842532475453098], [33.626522350299666, 17.84252975177891], [33.62652140168885, 17.842258604499005], [33.62680452013244, 17.84225769580135], [33.626805469171856, 17.842528843066546], [33.62765482568743, 17.842526114466555], [33.627655776029485, 17.842797261680015], [33.62822201447951, 17.842795440531454], [33.62822106328024, 17.842524293347473], [33.62850418205136, 17.842523382172207], [33.62850227884621, 17.84198108781105], [33.62878539674327, 17.841980176254815], [33.62878444473742, 17.841709029077638], [33.62850132726895, 17.84170994061911], [33.62850037570857, 17.84143879341961], [33.62878349274846, 17.841437881892887], [33.62878254077637, 17.84116673470057], [33.62934877394839, 17.841164910445293], [33.62935067962372, 17.841707204763292], [33.62963379704153, 17.841706291990423], [33.62963475033311, 17.841977439123287], [33.63020098597518, 17.841975612316595], [33.63020194014085, 17.842246759412316], [33.6304850583651, 17.842245845378468], [33.63048601297629, 17.842516992451824], [33.63076913161221, 17.842516077992695], [33.63077008666893, 17.84278722504368], [33.631053205716526, 17.842786310159255], [33.631055116738, 17.84332860420888], [33.630771996833175, 17.843329519122925], [33.6307729519407, 17.84360066615119], [33.63048983159031, 17.84360158066954], [33.63049078628613, 17.84387272770504], [33.63020766549018, 17.843873641827667], [33.63020957407531, 17.84441593590556], [33.63049269572855, 17.84441502175333], [33.630494605238674, 17.844957315771335], [33.63077772773231, 17.844956401178973], [33.630780593410485, 17.84576984210478], [33.63049746963081, 17.845770756741558], [33.63049651481651, 17.845499609759063], [33.630213391448585, 17.845500523970475], [33.63021530023674, 17.846042817957503], [33.62936592745935, 17.84604555821713], [33.62936688059269, 17.846316705243645], [33.629083755871044, 17.846317617857142], [33.629086614086305, 17.84713105893556], [33.629369740094106, 17.847130146277742], [33.629373552999226, 17.84821473421721], [33.629090425276445, 17.848215646934115], [33.62909233097285, 17.848757940887953], [33.62880920237564, 17.848758853223764], [33.62881015482041, 17.84903000020409], [33.62852702577753, 17.849030912144027]], [[33.62852321781486, 17.847946324118254], [33.628806345142664, 17.847945412237355], [33.62880539276543, 17.847674265226743], [33.62852226586639, 17.84767517709288], [33.62852321781486, 17.847946324118254]], [[33.62880063113252, 17.846318530060078], [33.629083755871044, 17.846317617857142], [33.629082803166405, 17.846046470815867], [33.62879967885658, 17.846047383004034], [33.62880063113252, 17.846318530060078]], [[33.62851655452988, 17.84604829478163], [33.62879967885658, 17.846047383004034], [33.62879872659752, 17.845776235940413], [33.629081850478656, 17.845775323767008], [33.629079945153826, 17.845233029646593], [33.628513699089424, 17.845234853523788], [33.628512747309685, 17.8449637064227], [33.62822962468085, 17.84496461773072], [33.628228673346655, 17.84469347060731], [33.62794555112961, 17.844694381490044], [33.62794745295753, 17.845236675758784], [33.62823057603191, 17.845235764846564], [33.62823247878463, 17.845778059055526], [33.628515602699515, 17.845777147703252], [33.62851655452988, 17.84604829478163]], [[33.62766242889572, 17.844695291962246], [33.62794555112961, 17.844694381490044], [33.62794364936913, 17.84415208719102], [33.627660527992546, 17.84415299763374], [33.627659577566234, 17.843881850458136], [33.627942698514175, 17.84388094003015], [33.62794079685484, 17.843338645685705], [33.62765767676416, 17.84333955608421], [33.62765862715678, 17.843610703274965], [33.627375506620616, 17.843611613277698], [33.62737835661362, 17.84442505484871], [33.627661478435705, 17.844424144801785], [33.62766242889572, 17.844695291962246]], [[33.62369682695451, 17.844165700726855], [33.624263070161355, 17.84416389092555], [33.62426117961297, 17.84362159621411], [33.623694938120686, 17.843623405956812], [33.62369682695451, 17.844165700726855]], [[33.62964237727436, 17.84414661591369], [33.62992549853278, 17.844145702597306], [33.629924544677316, 17.843874555539788], [33.629641423847545, 17.843875468841386], [33.62964237727436, 17.84414661591369]], [[33.62425834391608, 17.842808154090168], [33.624541463351214, 17.842807248647023], [33.62454051772383, 17.842536101271893], [33.624257398717305, 17.842537006700383], [33.62425834391608, 17.842808154090168]]]}, "properties": {"zone_id": "scene_02-Z0033", "scene": "scene_02", "pixel_count": 449, "approx_area_m2": 404100.0, "centroid_x": 566466.0801781737, "centroid_y": 1973135.4788418708, "centroid_lon": 33.6272957750814, "centroid_lat": 17.844881565200446, "mean_risk": 2.512934923171997, "max_risk": 3.730752468109131, "median_risk": 2.4942543506622314, "high_priority_pixel_pct": 100.0, "priority_category": "HIGH PRIORITY", "threshold_type": "95th percentile prioritisation threshold", "recommendation": "Spectral-stress evidence detected. Prioritise field inspection to determine the underlying cause. Field verification required.", "priority_rank": 42}}, {"type": "Feature", "geometry": {"type": "Polygon", "coordinates": [[[33.68968040518659, 17.848282110862513], [33.68967936059392, 17.84801096719436], [33.68939623664196, 17.84801196737137], [33.68939310426119, 17.84719853627283], [33.68967622692698, 17.847197536144378], [33.68967518240837, 17.846926392445887], [33.69024142682697, 17.846924390989642], [33.69024665389244, 17.848280109244296], [33.68968040518659, 17.848282110862513]]]}, "properties": {"zone_id": "scene_02-Z0034", "scene": "scene_02", "pixel_count": 13, "approx_area_m2": 11700.0, "centroid_x": 573094.6153846154, "centroid_y": 1973460.0, "centroid_lon": 33.689862912816174, "centroid_lat": 17.847603597509885, "mean_risk": 2.0936849117279053, "max_risk": 2.542731285095215, "median_risk": 2.059312582015991, "high_priority_pixel_pct": 100.0, "priority_category": "HIGH PRIORITY", "threshold_type": "95th percentile prioritisation threshold", "recommendation": "Spectral-stress evidence detected. Prioritise field inspection to determine the underlying cause. Field verification required.", "priority_rank": 147}}, {"type": "Feature", "geometry": {"type": "Polygon", "coordinates": [[[33.69364414456867, 17.848268065044227], [33.69364309397368, 17.847996921603382], [33.69166122773875, 17.848003954458516], [33.69165808506864, 17.847190523749013], [33.692224330084954, 17.847188516512283], [33.69222223334958, 17.84664622939968], [33.69250535497246, 17.846645225197953], [33.69250220872273, 17.84583179452094], [33.691935968030485, 17.845833802416333], [33.69193701590445, 17.846104946015423], [33.69137077428055, 17.846106952301103], [33.69136868026588, 17.845564665030405], [33.69051932026288, 17.845567671282485], [33.69051618323798, 17.84475424017361], [33.691082420686605, 17.844752236513393], [33.691081374191434, 17.844481092827706], [33.69079825590504, 17.84448209484685], [33.69079511781671, 17.84366866369564], [33.69051200079764, 17.843669665255636], [33.69050886416202, 17.84285623398756], [33.690791979895295, 17.8428552324762], [33.690790933958574, 17.842584088721235], [33.691357164512304, 17.842582084499547], [33.69135821130619, 17.842853228222076], [33.69164132698381, 17.842852225479298], [33.69164342148446, 17.843394512869143], [33.6919265380007, 17.843393509683416], [33.69192758570749, 17.843664653350732], [33.69221070263376, 17.84366364973828], [33.69220965449836, 17.843392506087213], [33.69249277097745, 17.843391502080518], [33.692493819541454, 17.843662645715337], [33.69306005330105, 17.843660636437964], [33.6930621521993, 17.84420292361981], [33.69334526990844, 17.84420191833284], [33.69334736973838, 17.84474420545181], [33.693630488286175, 17.844743199721787], [33.693631538657705, 17.84501434325362], [33.69306530068623, 17.845016354335705], [33.693064251171975, 17.844745210771322], [33.69278113258697, 17.844746215680313], [33.69278323077677, 17.845288502834034], [33.69306635021908, 17.84528749789251], [33.693069498929276, 17.846100928517437], [33.693352619638986, 17.846099923116558], [33.69335366967495, 17.846371066626766], [33.69278742737956, 17.846373077050497], [33.69278952579255, 17.84691536411324], [33.69250640375955, 17.846916368741788], [33.692508501389526, 17.847458655806722], [33.69307474715174, 17.847456646074], [33.693073697470034, 17.847185502577847], [33.69335681989452, 17.847184497111886], [33.693355769802714, 17.846913353624423], [33.693638891779884, 17.846912347764167], [33.69363784127799, 17.8466412042854], [33.69392096280784, 17.846640198030858], [33.69392201373843, 17.846911341493332], [33.69448825759962, 17.846909327719953], [33.694492464938016, 17.847993901363658], [33.69420934130187, 17.847994908520832], [33.69421039275435, 17.848266051929095], [33.69364414456867, 17.848268065044227]], [[33.691931776720374, 17.844749227944188], [33.69221489536116, 17.844748224266745], [33.692211750787735, 17.84393479338176], [33.691928633432845, 17.843935797010467], [33.691931776720374, 17.844749227944188]], [[33.691361351799216, 17.84366665934417], [33.69164446876264, 17.843665656552698], [33.69164342148446, 17.843394512869143], [33.69136030494965, 17.84339551564438], [33.691361351799216, 17.84366665934417]]]}, "properties": {"zone_id": "scene_02-Z0035", "scene": "scene_02", "pixel_count": 125, "approx_area_m2": 112500.0, "centroid_x": 573350.16, "centroid_y": 1973227.68, "centroid_lon": 33.69226648093088, "centroid_lat": 17.845495323364673, "mean_risk": 2.1622049808502197, "max_risk": 2.991025686264038, "median_risk": 2.1219773292541504, "high_priority_pixel_pct": 100.0, "priority_category": "HIGH PRIORITY", "threshold_type": "95th percentile prioritisation threshold", "recommendation": "Spectral-stress evidence detected. Prioritise field inspection to determine the underlying cause. Field verification required.", "priority_rank": 118}}, {"type": "Feature", "geometry": {"type": "Polygon", "coordinates": [[[33.487234829950985, 17.84618089752267], [33.48723114066244, 17.844825129342002], [33.48751426989261, 17.844824422519658], [33.48751353164544, 17.844553268872303], [33.48892917545627, 17.844549728659235], [33.48892843507871, 17.84427857506164], [33.489494691653825, 17.844277156125393], [33.48949395043201, 17.84400600254322], [33.489777078271175, 17.844005292470744], [33.489776336633824, 17.843734138892508], [33.49062571878634, 17.84373200624626], [33.49062646170973, 17.844003159789974], [33.49090958949625, 17.844002448075273], [33.49091033286149, 17.844273601599916], [33.49062720464629, 17.84427431332613], [33.490627947596025, 17.84454546685474], [33.49034481893895, 17.844546178181915], [33.49034407641791, 17.844275024641792], [33.48977781992167, 17.84427644604142], [33.48977856158532, 17.844547599604553], [33.48949543288877, 17.844548309700016], [33.489497656672484, 17.845361770378588], [33.48921452667667, 17.845362480097947], [33.489215267535464, 17.84563363365385], [33.488932137097784, 17.845634342974098], [33.48893287754098, 17.84590549653393], [33.488649746661444, 17.84590620545506], [33.48865048668902, 17.846177359018814], [33.487234829950985, 17.84618089752267]], [[33.48780035394414, 17.845908329754824], [33.48808348486302, 17.845907622065504], [33.48808274570602, 17.845636468471266], [33.487799615215884, 17.84563717614913], [33.48780035394414, 17.845908329754824]]]}, "properties": {"zone_id": "scene_02-Z0036", "scene": "scene_02", "pixel_count": 52, "approx_area_m2": 46800.0, "centroid_x": 551778.4615384615, "centroid_y": 1973108.6538461538, "centroid_lon": 33.48868003891257, "centroid_lat": 17.845035303531613, "mean_risk": 2.285521984100342, "max_risk": 3.1745219230651855, "median_risk": 2.179983615875244, "high_priority_pixel_pct": 100.0, "priority_category": "HIGH PRIORITY", "threshold_type": "95th percentile prioritisation threshold", "recommendation": "Spectral-stress evidence detected. Prioritise field inspection to determine the underlying cause. Field verification required.", "priority_rank": 79}}, {"type": "Feature", "geometry": {"type": "Polygon", "coordinates": [[[33.49516250344483, 17.84616094968477], [33.495161753556225, 17.845889796386615], [33.494878622967235, 17.845890514340997], [33.49487787352066, 17.845619361023672], [33.49516100368091, 17.84561864308091], [33.49515950397017, 17.845076336446834], [33.49544263325969, 17.845075618116734], [33.49544188299555, 17.844804464799992], [33.495725011843064, 17.84480374607094], [33.49572576253591, 17.845074899376048], [33.49600889179882, 17.845074180224785], [33.496010394081885, 17.84561648678905], [33.495727263961534, 17.8456172059636], [33.49572801469431, 17.845888359246043], [33.49544488413191, 17.84588907802163], [33.49544563444926, 17.846160231308158], [33.49516250344483, 17.84616094968477]]]}, "properties": {"zone_id": "scene_02-Z0037", "scene": "scene_02", "pixel_count": 11, "approx_area_m2": 9900.0, "centroid_x": 552499.0909090909, "centroid_y": 1973160.0, "centroid_lon": 33.495482367306984, "centroid_lat": 17.845482250089383, "mean_risk": 2.059499979019165, "max_risk": 2.4831137657165527, "median_risk": 1.9234369993209839, "high_priority_pixel_pct": 100.0, "priority_category": "HIGH PRIORITY", "threshold_type": "95th percentile prioritisation threshold", "recommendation": "Spectral-stress evidence detected. Prioritise field inspection to determine the underlying cause. Field verification required.", "priority_rank": 168}}, {"type": "Feature", "geometry": {"type": "Polygon", "coordinates": [[[33.63530768532227, 17.844941711867456], [33.63530672327144, 17.844670565114814], [33.63474047966817, 17.84467240699652], [33.63473951849171, 17.84440126020649], [33.63445639709317, 17.844402180516642], [33.634455436362394, 17.84413103370414], [33.63417231537547, 17.844131953588874], [33.63417135509038, 17.843860806753916], [33.63388823451507, 17.84386172621324], [33.633886314853214, 17.84331943249084], [33.63360319511815, 17.843320351509902], [33.63360127638159, 17.842778057727465], [33.633884395259436, 17.84277713873815], [33.633883435488066, 17.84250599185045], [33.63473279073364, 17.842503232464278], [33.63473182969351, 17.84223208561367], [33.635014947646034, 17.84223116501222], [33.63501590911476, 17.842502311847916], [33.63586526415582, 17.84249954753597], [33.635866226927405, 17.84277069431935], [33.6361493456689, 17.84276977204614], [33.63615223537193, 17.843583212306047], [33.636718475375375, 17.843581366438528], [33.636720403644006, 17.84412365984752], [33.637003524477365, 17.844122736268098], [33.637004489065966, 17.844393882946285], [33.63728761031087, 17.84439295894139], [33.6372895403967, 17.84493525224513], [33.63530768532227, 17.844941711867456]], [[33.63473855733229, 17.844130113408884], [33.63558792013971, 17.844127350059992], [33.635585995300175, 17.843585056531538], [33.6353028752387, 17.843585978028518], [33.63530095132466, 17.84304368443994], [33.63473471286503, 17.843045526142763], [33.634736635064584, 17.84358781979096], [33.635019755160165, 17.843586899114992], [33.63502071671413, 17.84385804591284], [33.63473759618992, 17.84385896660371], [33.63473855733229, 17.844130113408884]]]}, "properties": {"zone_id": "scene_02-Z0038", "scene": "scene_02", "pixel_count": 69, "approx_area_m2": 62100.0, "centroid_x": 567325.2173913043, "centroid_y": 1973009.5652173914, "centroid_lon": 33.635399767307355, "centroid_lat": 17.843717307957863, "mean_risk": 2.1645805835723877, "max_risk": 3.209615468978882, "median_risk": 2.1411008834838867, "high_priority_pixel_pct": 100.0, "priority_category": "HIGH PRIORITY", "threshold_type": "95th percentile prioritisation threshold", "recommendation": "Spectral-stress evidence detected. Prioritise field inspection to determine the underlying cause. Field verification required.", "priority_rank": 115}}, {"type": "Feature", "geometry": {"type": "Polygon", "coordinates": [[[33.61237380344145, 17.844743847811003], [33.61237194883341, 17.844201551910572], [33.61293819336823, 17.844199774951438], [33.612936337111364, 17.84365747907827], [33.61378570121828, 17.843654810647], [33.61378756004702, 17.844197106433775], [33.61350443783723, 17.844197996350193], [33.61350536684766, 17.84446914424664], [33.6126559988335, 17.84447181157589], [33.61265692657441, 17.84474295950794], [33.61237380344145, 17.844743847811003]]]}, "properties": {"zone_id": "scene_02-Z0039", "scene": "scene_02", "pixel_count": 11, "approx_area_m2": 9900.0, "centroid_x": 564965.4545454546, "centroid_y": 1973048.1818181819, "centroid_lon": 33.61313102025477, "centroid_lat": 17.8441375442673, "mean_risk": 1.9378142356872559, "max_risk": 2.1612768173217773, "median_risk": 1.9140855073928833, "high_priority_pixel_pct": 100.0, "priority_category": "HIGH PRIORITY", "threshold_type": "95th percentile prioritisation threshold", "recommendation": "Spectral-stress evidence detected. Prioritise field inspection to determine the underlying cause. Field verification required.", "priority_rank": 246}}, {"type": "Feature", "geometry": {"type": "Polygon", "coordinates": [[[33.61717474595802, 17.841203770120835], [33.61717381157387, 17.840932622321358], [33.61774004526072, 17.84093083175214], [33.61774098050199, 17.84120197952263], [33.61717474595802, 17.841203770120835]]]}, "properties": {"zone_id": "scene_02-Z0040", "scene": "scene_02", "pixel_count": 26, "approx_area_m2": 23400.0, "centroid_x": 565551.9230769231, "centroid_y": 1972804.6153846155, "centroid_lon": 33.618658152674364, "centroid_lat": 17.841918667856337, "mean_risk": 2.0700438022613525, "max_risk": 2.6054186820983887, "median_risk": 2.0519394874572754, "high_priority_pixel_pct": 100.0, "priority_category": "HIGH PRIORITY", "threshold_type": "95th percentile prioritisation threshold", "recommendation": "Spectral-stress evidence detected. Prioritise field inspection to determine the underlying cause. Field verification required.", "priority_rank": 162}}, {"type": "Feature", "geometry": {"type": "Polygon", "coordinates": [[[33.632465927866114, 17.841968288671037], [33.6324649702887, 17.841697141686307], [33.631898735774854, 17.841698975030834], [33.631897779071565, 17.841427828008847], [33.631614662217764, 17.84142874405058], [33.631613705960014, 17.841157597006205], [33.631330589517816, 17.841158512622666], [33.63132963370558, 17.840887365555886], [33.63076340162748, 17.84088919552783], [33.630762446689296, 17.840618048423856], [33.630479331053394, 17.84061896277936], [33.63047837656069, 17.84034781565302], [33.62991214609521, 17.840349643103128], [33.629911192476484, 17.840078495939625], [33.62962807764692, 17.84007940903426], [33.62962712447364, 17.839808261848404], [33.6293440100557, 17.839809174517832], [33.62934305732785, 17.839538027309633], [33.62849371525825, 17.83954076281113], [33.62849276383284, 17.839269615551064], [33.6282096502044, 17.839270526549324], [33.62820869922436, 17.838999379266944], [33.627925586007564, 17.83900028984006], [33.62792463547289, 17.838729142535367], [33.62820774826118, 17.838728231976997], [33.628203944577116, 17.837643642741522], [33.62905327769903, 17.837640908781143], [33.629054229880154, 17.8379120560571], [33.6293373413155, 17.837911143901476], [33.62933829394199, 17.838182291155086], [33.63047074122826, 17.838178638369754], [33.63047264995982, 17.83872093273598], [33.62990642463655, 17.83872276000858], [33.629905471119294, 17.838451612799656], [33.629339246585374, 17.83845343840113], [33.62934019924565, 17.838724585639607], [33.62962331194955, 17.83872367302929], [33.62962426505522, 17.83899482024542], [33.63047360435099, 17.838992079907747], [33.630474558759076, 17.839263227071935], [33.63075767225234, 17.83926231279045], [33.63075862710586, 17.839533459932273], [33.6310417410107, 17.839532545225573], [33.631042696309684, 17.83980369234502], [33.63075958197632, 17.839804607066526], [33.63076149176804, 17.840346901312312], [33.631610837288484, 17.84034415582764], [33.63161179349537, 17.84061530289473], [33.6318949090635, 17.84061438689748], [33.63189586571588, 17.84088553394217], [33.6321789816956, 17.84088461751965], [33.63217802461465, 17.8406134704898], [33.632744255666054, 17.84061163644313], [33.6327452136041, 17.840882783443288], [33.633028329532884, 17.84088186578944], [33.63303024631706, 17.841424159737347], [33.63331336308597, 17.841423241643334], [33.63331432193212, 17.84169438859106], [33.6335974391126, 17.84169347007172], [33.63359839840434, 17.841964616997014], [33.632465927866114, 17.841968288671037]]]}, "properties": {"zone_id": "scene_02-Z0041", "scene": "scene_02", "pixel_count": 86, "approx_area_m2": 77400.0, "centroid_x": 566794.8837209302, "centroid_y": 1972567.6744186047, "centroid_lon": 33.630380765801995, "centroid_lat": 17.83973961924842, "mean_risk": 2.166897773742676, "max_risk": 2.843322515487671, "median_risk": 2.138960361480713, "high_priority_pixel_pct": 100.0, "priority_category": "HIGH PRIORITY", "threshold_type": "95th percentile prioritisation threshold", "recommendation": "Spectral-stress evidence detected. Prioritise field inspection to determine the underlying cause. Field verification required.", "priority_rank": 112}}, {"type": "Feature", "geometry": {"type": "Polygon", "coordinates": [[[33.54016789173747, 17.841974298930197], [33.540166256073185, 17.841431995964136], [33.53988313455198, 17.841432779000236], [33.53988149980288, 17.840890475978586], [33.540164620466896, 17.840889692967853], [33.54015971399606, 17.839262783797633], [33.54072595013786, 17.839261216696986], [33.540725131586406, 17.838990065167536], [33.54355630713793, 17.83898220516593], [33.54355959857263, 17.8400668107293], [33.543276479368835, 17.840067598627385], [33.54327894681235, 17.840881052758835], [33.54299582630826, 17.840881840284712], [33.542996648390016, 17.8411529916595], [33.542713527442764, 17.84115377878766], [33.5427143491105, 17.841424930167634], [33.54214810631511, 17.841426503218], [33.54214892714022, 17.84169765461588], [33.54186580529208, 17.841698440538067], [33.541866625703136, 17.841969591941112], [33.54016789173747, 17.841974298930197]]]}, "properties": {"zone_id": "scene_02-Z0042", "scene": "scene_02", "pixel_count": 113, "approx_area_m2": 101700.0, "centroid_x": 557394.1592920354, "centroid_y": 1972607.2566371681, "centroid_lon": 33.541665084627255, "centroid_lat": 17.8403636254444, "mean_risk": 3.546220541000366, "max_risk": 5.160240173339844, "median_risk": 3.673659086227417, "high_priority_pixel_pct": 100.0, "priority_category": "HIGH PRIORITY", "threshold_type": "95th percentile prioritisation threshold", "recommendation": "Spectral-stress evidence detected. Prioritise field inspection to determine the underlying cause. Field verification required.", "priority_rank": 3}}, {"type": "Feature", "geometry": {"type": "Polygon", "coordinates": [[[33.62453768094226, 17.84172265910109], [33.624536735381945, 17.841451511695684], [33.62397050078083, 17.841453322024943], [33.62396861142474, 17.840911027132798], [33.62368549495619, 17.840911931652457], [33.62368738345515, 17.841454226573884], [33.623404266112715, 17.84145513071236], [33.62340049089601, 17.840370540780686], [33.623117375251084, 17.840371444450195], [33.62311548860021, 17.83982914940968], [33.62339860338806, 17.839828245769443], [33.6233976596592, 17.839557098252463], [33.62424700263676, 17.839554384913168], [33.624247947651206, 17.839825532386207], [33.62368171815919, 17.83982734171878], [33.62368266233332, 17.840098489213556], [33.62396577751624, 17.840097584737837], [33.623966722135656, 17.840368732210386], [33.624816068869485, 17.8403660162767], [33.62481417707618, 17.839823721411964], [33.62453106237207, 17.839824627104296], [33.62453011692911, 17.83955347964591], [33.62594568813924, 17.83954894715345], [33.62594663572482, 17.839820094538453], [33.625380406434076, 17.839821908796047], [33.62538229994151, 17.84036420360209], [33.62566541545236, 17.840363296649134], [33.62566636265981, 17.840634444026122], [33.62594947858239, 17.840633536648046], [33.62595042623519, 17.840904684002773], [33.625384193516105, 17.84090649837786], [33.62538608715785, 17.84144879312336], [33.625669204382916, 17.84144788611167], [33.625670151657545, 17.841719033458386], [33.62453768094226, 17.84172265910109]]]}, "properties": {"zone_id": "scene_02-Z0043", "scene": "scene_02", "pixel_count": 50, "approx_area_m2": 45000.0, "centroid_x": 566178.0, "centroid_y": 1972660.8, "centroid_lon": 33.62456207802523, "centroid_lat": 17.84060001823855, "mean_risk": 2.1250593662261963, "max_risk": 2.9660754203796387, "median_risk": 2.1014044284820557, "high_priority_pixel_pct": 100.0, "priority_category": "HIGH PRIORITY", "threshold_type": "95th percentile prioritisation threshold", "recommendation": "Spectral-stress evidence detected. Prioritise field inspection to determine the underlying cause. Field verification required.", "priority_rank": 130}}, {"type": "Feature", "geometry": {"type": "Polygon", "coordinates": [[[33.517799611845284, 17.841492591115724], [33.51779882789416, 17.84122143864034], [33.517515705680005, 17.84122218923599], [33.51751413867665, 17.840679884238263], [33.51723101730579, 17.840680634399142], [33.51723023425353, 17.8404094818768], [33.517513355195824, 17.840408731728072], [33.51751100483668, 17.83959527415217], [33.51836036372309, 17.83959302135265], [33.51836350270589, 17.840677631292838], [33.518646624021144, 17.840676879490093], [33.51864740923022, 17.84094803194408], [33.51836428748638, 17.840948783759], [33.51836507228078, 17.84121993621761], [33.51808195009443, 17.84122068763422], [33.51808273447414, 17.841491840097436], [33.517799611845284, 17.841492591115724]]]}, "properties": {"zone_id": "scene_02-Z0044", "scene": "scene_02", "pixel_count": 21, "approx_area_m2": 18900.0, "centroid_x": 554880.0, "centroid_y": 1972612.857142857, "centroid_lon": 33.5179382419476, "centroid_lat": 17.840478621864943, "mean_risk": 2.857451915740967, "max_risk": 3.9551000595092773, "median_risk": 3.0514957904815674, "high_priority_pixel_pct": 100.0, "priority_category": "HIGH PRIORITY", "threshold_type": "95th percentile prioritisation threshold", "recommendation": "Spectral-stress evidence detected. Prioritise field inspection to determine the underlying cause. Field verification required.", "priority_rank": 22}}, {"type": "Feature", "geometry": {"type": "Polygon", "coordinates": [[[33.61236174966462, 17.841218923917125], [33.61236082256609, 17.84094777587231], [33.61151147107049, 17.84095043771489], [33.611510545274086, 17.84067928961942], [33.6112274285046, 17.84068017606503], [33.61122650315316, 17.84040902794764], [33.61066027042209, 17.84041079957884], [33.610659345944136, 17.84013965142521], [33.611225577818125, 17.840137879822688], [33.611224652499494, 17.83986673169016], [33.61150776798334, 17.83986584528761], [33.611508693730514, 17.84013699340578], [33.611791809626475, 17.840136106578445], [33.611792735818604, 17.840407254674687], [33.612075852126694, 17.840406367422563], [33.61207677876379, 17.840677515496875], [33.612643012187775, 17.84067573973255], [33.61264486722551, 17.841218035800992], [33.61236174966462, 17.841218923917125]]]}, "properties": {"zone_id": "scene_02-Z0045", "scene": "scene_02", "pixel_count": 13, "approx_area_m2": 11700.0, "centroid_x": 564814.6153846154, "centroid_y": 1972650.0, "centroid_lon": 33.611695197043865, "centroid_lat": 17.840543135752576, "mean_risk": 1.91932213306427, "max_risk": 2.075474500656128, "median_risk": 1.9304249286651611, "high_priority_pixel_pct": 100.0, "priority_category": "HIGH PRIORITY", "threshold_type": "95th percentile prioritisation threshold", "recommendation": "Spectral-stress evidence detected. Prioritise field inspection to determine the underlying cause. Field verification required.", "priority_rank": 269}}, {"type": "Feature", "geometry": {"type": "Polygon", "coordinates": [[[33.609523191108075, 17.839058596785716], [33.60952226842611, 17.838787448536966], [33.610088496145956, 17.838785680361035], [33.61008941968493, 17.839056828581157], [33.609523191108075, 17.839058596785716]]]}, "properties": {"zone_id": "scene_02-Z0046", "scene": "scene_02", "pixel_count": 9, "approx_area_m2": 8100.0, "centroid_x": 564680.0, "centroid_y": 1972506.6666666667, "centroid_lon": 33.610420387029464, "centroid_lat": 17.83925162562371, "mean_risk": 2.14164400100708, "max_risk": 2.5599677562713623, "median_risk": 2.0272068977355957, "high_priority_pixel_pct": 100.0, "priority_category": "HIGH PRIORITY", "threshold_type": "95th percentile prioritisation threshold", "recommendation": "Spectral-stress evidence detected. Prioritise field inspection to determine the underlying cause. Field verification required.", "priority_rank": 125}}, {"type": "Feature", "geometry": {"type": "Polygon", "coordinates": [[[33.703234148289056, 17.83901475643032], [33.703232019247764, 17.838472470140367], [33.702948911194014, 17.838473489448308], [33.70294784713014, 17.83820234627546], [33.702664739485975, 17.838203365156538], [33.70266261227174, 17.837661078755097], [33.7023795054656, 17.83766209719284], [33.70237737918367, 17.837119810728094], [33.70266048513294, 17.83711879232333], [33.7026615486929, 17.837389935543], [33.70294465505174, 17.83738891671141], [33.70294571905901, 17.83766005990701], [33.7032288258274, 17.837659040648585], [33.70322989028198, 17.83793018382009], [33.703512997459946, 17.837929164134813], [33.70351512728264, 17.83847145042207], [33.703798235298635, 17.83847043029341], [33.7038003660538, 17.839012716517306], [33.703234148289056, 17.83901475643032]]]}, "properties": {"zone_id": "scene_02-Z0047", "scene": "scene_02", "pixel_count": 16, "approx_area_m2": 14400.0, "centroid_x": 574492.5, "centroid_y": 1972419.375, "centroid_lon": 33.70301842450827, "centroid_lat": 17.83815125214609, "mean_risk": 1.9924342632293701, "max_risk": 2.4639976024627686, "median_risk": 1.9427787065505981, "high_priority_pixel_pct": 100.0, "priority_category": "HIGH PRIORITY", "threshold_type": "95th percentile prioritisation threshold", "recommendation": "Spectral-stress evidence detected. Prioritise field inspection to determine the underlying cause. Field verification required.", "priority_rank": 206}}, {"type": "Feature", "geometry": {"type": "Polygon", "coordinates": [[[33.546104363886975, 17.838975096073547], [33.546102710543806, 17.838432793476734], [33.546668943501786, 17.838431209215116], [33.546668115995175, 17.838160057931027], [33.54751746403654, 17.838157678499083], [33.54751912163551, 17.83869998098265], [33.547236004779386, 17.838700774562728], [33.5472368331724, 17.838971925806025], [33.546104363886975, 17.838975096073547]]]}, "properties": {"zone_id": "scene_02-Z0048", "scene": "scene_02", "pixel_count": 12, "approx_area_m2": 10800.0, "centroid_x": 557942.5, "centroid_y": 1972412.5, "centroid_lon": 33.546834577634925, "centroid_lat": 17.838588918404106, "mean_risk": 2.2151236534118652, "max_risk": 2.7890069484710693, "median_risk": 2.107931613922119, "high_priority_pixel_pct": 100.0, "priority_category": "HIGH PRIORITY", "threshold_type": "95th percentile prioritisation threshold", "recommendation": "Spectral-stress evidence detected. Prioritise field inspection to determine the underlying cause. Field verification required.", "priority_rank": 95}}, {"type": "Feature", "geometry": {"type": "Polygon", "coordinates": [[[33.61488467711179, 17.833889919730094], [33.61488374660181, 17.833618771610634], [33.61460064116967, 17.833619662606356], [33.61459971110455, 17.83334851446491], [33.614316606084266, 17.83334940503594], [33.61431567646399, 17.8330782568725], [33.61403257185556, 17.83307914701885], [33.61403164268011, 17.832807998833424], [33.61318233004098, 17.83281066676772], [33.61318325793141, 17.83308181499635], [33.61233394385915, 17.833084479281545], [33.612333017253725, 17.832813331009767], [33.61261612153259, 17.832812443339332], [33.61261519451527, 17.832541295074368], [33.612898298349364, 17.83254040700807], [33.612897370920166, 17.832269258749925], [33.613463577682346, 17.832267481415382], [33.613462649412966, 17.831996333178463], [33.612896443507424, 17.831998110484218], [33.61289551611113, 17.831726962210936], [33.61261241356199, 17.831727850234092], [33.612610559675346, 17.831185553636075], [33.612044356240936, 17.831187328394204], [33.61204343017884, 17.83091618005511], [33.61176032886528, 17.830917066804496], [33.611759403247895, 17.830645918443473], [33.61119320142807, 17.83064769068293], [33.611192276683646, 17.830376542285638], [33.6109091761774, 17.830377427775723], [33.61090732759428, 17.829835130929766], [33.610624227928156, 17.829836015980987], [33.61062330408944, 17.829564867532323], [33.61005710556453, 17.82956663637558], [33.61005618259868, 17.829295487890708], [33.6097730837399, 17.829296371682762], [33.609772161218665, 17.829025223176007], [33.60920596430848, 17.829026989501017], [33.609205042660065, 17.828755840958085], [33.60892194460867, 17.828756723491054], [33.60892102340482, 17.82848557492626], [33.60920412102799, 17.82848469240759], [33.60920319941227, 17.82821354384953], [33.60892010221731, 17.82821442635391], [33.60891918104614, 17.82794327777399], [33.60863608426304, 17.82794415985394], [33.608637005006, 17.828215308448147], [33.60835390777836, 17.828216190132245], [33.60835114688306, 17.82740274428409], [33.608634242826106, 17.827401862642844], [33.60863332213215, 17.827130714025955], [33.60891641763069, 17.827129831988877], [33.60891457543543, 17.826587534760993], [33.609197670061285, 17.8265866523424], [33.60919674856001, 17.826315503731408], [33.60976293690635, 17.82631373769253], [33.60976201456513, 17.826042589102588], [33.61032820198972, 17.82604082145199], [33.6103318948781, 17.82712541565181], [33.61061499027847, 17.827124531154062], [33.61061406660363, 17.82685338262978], [33.61146335142188, 17.82685072671889], [33.611464276381234, 17.82712187520015], [33.611747371716014, 17.827120989061957], [33.61174644632849, 17.826849840595063], [33.61202954121868, 17.826848954061116], [33.612028615419405, 17.826577805601023], [33.61231170986501, 17.826576918671346], [33.61231356233632, 17.827119215555236], [33.61203046703438, 17.827120102513657], [33.612031392866506, 17.82739125095863], [33.61231448859662, 17.82739036398584], [33.612316341166526, 17.827932660824374], [33.61288253429021, 17.827930885590927], [33.61288068000754, 17.82738858880993], [33.613163775688335, 17.827387700606785], [33.61316470324964, 17.827658848986683], [33.613447799342154, 17.827657960359037], [33.613449655370516, 17.828200257067348], [33.61401584921895, 17.82819847852406], [33.61401677811425, 17.828469626838057], [33.61429987544196, 17.82846873693679], [33.61430080478195, 17.828739885228813], [33.61458390252139, 17.828738994902977], [33.61458576210728, 17.829281291435482], [33.614868860686684, 17.82928040067064], [33.614869790932616, 17.829551548911116], [33.615152889923756, 17.829550657721676], [33.61515382061443, 17.829821805940156], [33.61543692001731, 17.829820914326103], [33.61543971347318, 17.830634358892826], [33.61572281414433, 17.83063346682525], [33.615724677387384, 17.83117576313635], [33.61600777889857, 17.831174870629667], [33.616009643064324, 17.831717166881596], [33.61657584775026, 17.831715380579734], [33.61657678071455, 17.831986528665418], [33.616293677951546, 17.831987422035933], [33.61629554307314, 17.832529718213546], [33.61657864669278, 17.832528824814094], [33.61657957970672, 17.832799972877087], [33.61686268373814, 17.83279907905291], [33.61686548416429, 17.833612523153075], [33.616016168165274, 17.833615203525074], [33.61601710038869, 17.833886351586735], [33.61488467711179, 17.833889919730094]], [[33.6143128877021, 17.8322648123368], [33.61459599100905, 17.83226392182347], [33.61459413106027, 17.831721625457366], [33.61431102860994, 17.831722515941856], [33.6143128877021, 17.8322648123368]], [[33.6148790942995, 17.832263030899902], [33.615162197573454, 17.8322621395661], [33.615161266734184, 17.831990991415697], [33.61487816388855, 17.83199188273506], [33.6148790942995, 17.832263030899902]], [[33.615161266734184, 17.831990991415697], [33.61544436956331, 17.8319900996861], [33.61544343831225, 17.83171895154257], [33.61516033591143, 17.83171984325773], [33.615161266734184, 17.831990991415697]], [[33.61260963275669, 17.83091440532573], [33.612892734020946, 17.830913517345728], [33.612891806690456, 17.8306423690422], [33.61317490750999, 17.830641480666387], [33.61317397976767, 17.830370332369686], [33.612607778968695, 17.83037210868234], [33.61260685209936, 17.8301009603493], [33.61232375210347, 17.830101847875962], [33.61232560500204, 17.830644144563234], [33.61260870585447, 17.83064325700781], [33.61260963275669, 17.83091440532573]], [[33.61374110909968, 17.830639702684174], [33.61402420986982, 17.830638813077776], [33.6140232808427, 17.830367664824287], [33.61374018050083, 17.830368554416278], [33.61374110909968, 17.830639702684174]]]}, "properties": {"zone_id": "scene_02-Z0049", "scene": "scene_02", "pixel_count": 654, "approx_area_m2": 588600.0, "centroid_x": 565398.1192660551, "centroid_y": 1971758.8532110092, "centroid_lon": 33.61717409837779, "centroid_lat": 17.832471387458284, "mean_risk": 2.3750555515289307, "max_risk": 3.707251787185669, "median_risk": 2.3389639854431152, "high_priority_pixel_pct": 100.0, "priority_category": "HIGH PRIORITY", "threshold_type": "95th percentile prioritisation threshold", "recommendation": "Spectral-stress evidence detected. Prioritise field inspection to determine the underlying cause. Field verification required.", "priority_rank": 65}}, {"type": "Feature", "geometry": {"type": "Polygon", "coordinates": [[[33.53874004577397, 17.837910936200505], [33.53873841482961, 17.837368632881127], [33.53930464511714, 17.837367070061912], [33.53930382880969, 17.837095918416193], [33.53958694350327, 17.83709513640368], [33.53958612678183, 17.83682398476307], [33.539869241032434, 17.836823202352843], [33.53987005818236, 17.837094353980785], [33.54015317284695, 17.837093571147516], [33.54015235526857, 17.83682241953225], [33.541567926231544, 17.836818499273782], [33.54156874595229, 17.837089650825565], [33.540719402132645, 17.83709200424986], [33.54072022058249, 17.837363155832197], [33.539870875346764, 17.83736550560117], [33.539871692525665, 17.837636657214002], [33.53958857698961, 17.83763743966223], [33.539589393754504, 17.837908591280172], [33.53874004577397, 17.837910936200505]]]}, "properties": {"zone_id": "scene_02-Z0050", "scene": "scene_02", "pixel_count": 18, "approx_area_m2": 16200.0, "centroid_x": 557211.6666666666, "centroid_y": 1972266.6666666667, "centroid_lon": 33.53993356279513, "centroid_lat": 17.83729001177786, "mean_risk": 2.0900957584381104, "max_risk": 2.578676223754883, "median_risk": 2.107234477996826, "high_priority_pixel_pct": 100.0, "priority_category": "HIGH PRIORITY", "threshold_type": "95th percentile prioritisation threshold", "recommendation": "Spectral-stress evidence detected. Prioritise field inspection to determine the underlying cause. Field verification required.", "priority_rank": 152}}, {"type": "Feature", "geometry": {"type": "Polygon", "coordinates": [[[33.55006467473221, 17.83787936690454], [33.55006300950863, 17.837337064607524], [33.550346124074935, 17.8373362669879], [33.550344458053466, 17.83679396468649], [33.55006134434411, 17.836794762280274], [33.55006051178399, 17.836523611105314], [33.55034362506489, 17.836522813524446], [33.550342792091094, 17.83625166235484], [33.551475243353075, 17.8362484679795], [33.551472739379044, 17.835435014580554], [33.55118962787104, 17.83543581375109], [33.55118712531548, 17.8346223602453], [33.551470235538225, 17.83462156111359], [33.551469400954225, 17.834350409942825], [33.55175251073378, 17.83434961041376], [33.551751675736185, 17.834078459248378], [33.55260100370076, 17.834076058238225], [33.55260016743282, 17.83380490710418], [33.55316638514495, 17.83380330440521], [33.553165548035096, 17.833532153289564], [33.553448656440516, 17.833531351337633], [33.553447818917135, 17.83326020022742], [33.553730926879325, 17.833259397878198], [33.55372757522097, 17.832174793413778], [33.5540106814549, 17.83217399070628], [33.55400984314914, 17.83190283958429], [33.55457605471572, 17.831901232964576], [33.55457689387815, 17.832172384060545], [33.55486000006744, 17.8321715801223], [33.55485916047669, 17.831900429039347], [33.55514226622277, 17.831899624703883], [33.555141426218576, 17.831628473626406], [33.555424531521425, 17.83162766889373], [33.55542537195394, 17.83189881995817], [33.55570847767021, 17.831898014802217], [33.55570931854596, 17.832169165846057], [33.555992424675644, 17.832168360266817], [33.55599158337156, 17.83189720923602], [33.55655779472949, 17.83189559687289], [33.55655695258368, 17.83162444586065], [33.55712316302522, 17.8316228318827], [33.55712232003772, 17.831351680889046], [33.55740542480775, 17.83135087329779], [33.5574045814069, 17.831079722309664], [33.557687685733654, 17.83107891432127], [33.55768852956281, 17.831350065296313], [33.5579716343029, 17.831349256884593], [33.557970790045445, 17.831078105922654], [33.55825389434226, 17.83107729711381], [33.55825473902803, 17.83134844806266], [33.55882094843331, 17.83134682918809], [33.55882010289093, 17.831075678265467], [33.5593863113796, 17.83107405777623], [33.559387157778595, 17.8313452086726], [33.55910405311346, 17.83134601913546], [33.559104899099154, 17.831617170037408], [33.55882179399069, 17.831617980103154], [33.55882263956307, 17.831889131010662], [33.559105745099856, 17.831888320931796], [33.55910912925273, 17.83297292443378], [33.5582598074573, 17.832975353597035], [33.55826065224796, 17.83324650449299], [33.557977544524476, 17.833247313406634], [33.55797838890175, 17.83351846430813], [33.55854460519046, 17.83351684604435], [33.55854629570345, 17.834059147772248], [33.557980077701224, 17.834060766088445], [33.55798261101277, 17.834874218702254], [33.55769950070399, 17.83487502728419], [33.557700344742706, 17.83514617815344], [33.557417233990556, 17.835146986338152], [33.55741807761582, 17.83541813721293], [33.55713496642028, 17.835418945000402], [33.55713580963208, 17.835690095880707], [33.55685269799316, 17.835690903270923], [33.55685354079148, 17.835962054156745], [33.556570428709165, 17.835962861149692], [33.55657127109399, 17.836234012041025], [33.55543882090166, 17.8362372359616], [33.55543966158761, 17.83650838689759], [33.55430720944291, 17.83651160430467], [33.554308048429945, 17.836782755285196], [33.55402493492809, 17.83678355862408], [33.554024096369524, 17.83651240763055], [33.55204230443981, 17.836518019421696], [33.55204313999915, 17.8367891705061], [33.55176002637853, 17.83678997056208], [33.55176086152423, 17.83706112165189], [33.55147774746034, 17.83706192131045], [33.55147858219237, 17.83733307240565], [33.55091235316323, 17.837334670517535], [33.55091318705309, 17.837605821631048], [33.550346957107834, 17.837607418127273], [33.5503477901555, 17.83787856925909], [33.55006467473221, 17.83787936690454]]]}, "properties": {"zone_id": "scene_02-Z0051", "scene": "scene_02", "pixel_count": 375, "approx_area_m2": 337500.0, "centroid_x": 558810.8, "centroid_y": 1971937.28, "centroid_lon": 33.55501560557671, "centroid_lat": 17.834270588692622, "mean_risk": 3.284757137298584, "max_risk": 5.275972843170166, "median_risk": 3.138606309890747, "high_priority_pixel_pct": 100.0, "priority_category": "HIGH PRIORITY", "threshold_type": "95th percentile prioritisation threshold", "recommendation": "Spectral-stress evidence detected. Prioritise field inspection to determine the underlying cause. Field verification required.", "priority_rank": 7}}, {"type": "Feature", "geometry": {"type": "Polygon", "coordinates": [[[33.55799021175618, 17.83731457613556], [33.55798936716922, 17.837043425339864], [33.55827248089054, 17.8370426162428], [33.55827079090463, 17.836500314654945], [33.55883701658845, 17.836498695282142], [33.55883955416058, 17.83731214757392], [33.55799021175618, 17.83731457613556]]]}, "properties": {"zone_id": "scene_02-Z0052", "scene": "scene_02", "pixel_count": 11, "approx_area_m2": 9900.0, "centroid_x": 559142.7272727273, "centroid_y": 1972260.0, "centroid_lon": 33.558157084060916, "centroid_lat": 17.837178522681572, "mean_risk": 2.0983150005340576, "max_risk": 2.6005780696868896, "median_risk": 1.9911136627197266, "high_priority_pixel_pct": 100.0, "priority_category": "HIGH PRIORITY", "threshold_type": "95th percentile prioritisation threshold", "recommendation": "Spectral-stress evidence detected. Prioritise field inspection to determine the underlying cause. Field verification required.", "priority_rank": 142}}, {"type": "Feature", "geometry": {"type": "Polygon", "coordinates": [[[33.48466243103802, 17.83723916409203], [33.48465949673282, 17.836154548155275], [33.48437638108697, 17.836155250507858], [33.48437271564042, 17.834799480360225], [33.484089602123795, 17.83480018224561], [33.48408593914433, 17.833444411852444], [33.48380282775676, 17.833445113270695], [33.48379916724399, 17.832089342632052], [33.48351605798528, 17.832090043583232], [33.483513131522145, 17.831005426891057], [33.483230023963806, 17.831006127386587], [33.4832263683184, 17.829650356294856], [33.4829432628886, 17.829651056323442], [33.482939609708744, 17.82829528498636], [33.4826565064073, 17.82829598454808], [33.482654315939634, 17.827482521621295], [33.48322051996015, 17.8274811221557], [33.48321978897373, 17.82720996785435], [33.48350289053632, 17.82720926751767], [33.48350215913465, 17.82693811322013], [33.483785260256056, 17.826937412484654], [33.48378965143006, 17.828564338088636], [33.48407275510786, 17.82856363687487], [33.48407495215494, 17.829377099540917], [33.48435805710454, 17.829376397882864], [33.48435952272412, 17.829918706266437], [33.48464262851728, 17.82991800417544], [33.48464482832906, 17.83073146666009], [33.484361721250984, 17.8307321687852], [33.48436538572244, 17.83208793949888], [33.48464849494217, 17.8320872373169], [33.48465142846682, 17.83317185370651], [33.484934539387005, 17.833171151068743], [33.48493747483337, 17.834255767292078], [33.48550370006188, 17.834254360694544], [33.48550663914393, 17.835338976705994], [33.48578975345234, 17.83533827274615], [33.48579269445673, 17.83642288859123], [33.48550957843449, 17.836423592596674], [33.485510313289716, 17.836694746550478], [33.48522719682597, 17.836695450156952], [33.48522866571853, 17.83723775806469], [33.48466243103802, 17.83723916409203]]]}, "properties": {"zone_id": "scene_02-Z0053", "scene": "scene_02", "pixel_count": 139, "approx_area_m2": 125100.0, "centroid_x": 551308.2733812949, "centroid_y": 1971680.5035971224, "centroid_lon": 33.48420767146532, "centroid_lat": 17.83213807492798, "mean_risk": 3.010802745819092, "max_risk": 3.997215747833252, "median_risk": 3.0051705837249756, "high_priority_pixel_pct": 100.0, "priority_category": "HIGH PRIORITY", "threshold_type": "95th percentile prioritisation threshold", "recommendation": "Spectral-stress evidence detected. Prioritise field inspection to determine the underlying cause. Field verification required.", "priority_rank": 13}}, {"type": "Feature", "geometry": {"type": "Polygon", "coordinates": [[[33.48749139031606, 17.83641865594074], [33.48749065247459, 17.836147502059337], [33.487207536959176, 17.836148208515574], [33.48720458743795, 17.83506359286871], [33.486921473623255, 17.835064298868843], [33.48692073670407, 17.834793144926824], [33.48663762330473, 17.834793850505196], [33.486636150362415, 17.834251542575657], [33.48635303780686, 17.83425224772086], [33.486351565773596, 17.833709939738284], [33.486068454061794, 17.833710644450342], [33.486064776348975, 17.83235487430477], [33.48578166676601, 17.832355578549482], [33.485780196628916, 17.83181327041561], [33.48606330535518, 17.831812566193708], [33.48606183441357, 17.831270258052456], [33.48577872654397, 17.83127096225155], [33.48577725651118, 17.830728654057303], [33.48549414948519, 17.830729357823348], [33.48549268036116, 17.830187049576118], [33.485775786530546, 17.83018634583287], [33.485775051559784, 17.829915191709336], [33.485491945818694, 17.829915895441175], [33.48549047677285, 17.829373587148673], [33.48577358165738, 17.82937288343963], [33.485771376901546, 17.828559420978475], [33.48605448048824, 17.828558716893447], [33.48605521582207, 17.828829871043308], [33.48718763175135, 17.82882705055572], [33.487189105884276, 17.82936935874142], [33.488038420263564, 17.82936723900011], [33.48804211224911, 17.830723009160604], [33.48860832605275, 17.83072159383411], [33.48860758677283, 17.83045043984003], [33.48889069322668, 17.830449731572912], [33.48888995353157, 17.830178577582753], [33.489173059543994, 17.830177868916895], [33.4891737996674, 17.830449022895564], [33.48945690609499, 17.830448313808], [33.489457646659844, 17.830719467767636], [33.490306967148705, 17.83071733800908], [33.49030770901163, 17.830988491926675], [33.49087392346171, 17.830987070013457], [33.49087318074215, 17.830715916118894], [33.491156287519125, 17.830715204558455], [33.49115405815459, 17.829901742864056], [33.49087095266252, 17.82990245438992], [33.49086723945996, 17.828546684690703], [33.49143344614822, 17.82854526134406], [33.49143270269074, 17.828274107404635], [33.49171580558684, 17.82827339512758], [33.491716549472564, 17.828544549055472], [33.49228275608167, 17.828543123247766], [33.492284245605745, 17.829085431034706], [33.492567349747, 17.82908471749246], [33.492568840180475, 17.82962702522609], [33.49285194516505, 17.829626311250532], [33.49285492790382, 17.83071092658097], [33.49257182120607, 17.830711640602793], [33.49257256649552, 17.830982794428095], [33.4937049949204, 17.830979935833128], [33.4937042479177, 17.830708782054128], [33.4939873545625, 17.830708066391384], [33.49398585974023, 17.830165758833918], [33.494552071276836, 17.83016432632415], [33.49455281953794, 17.830435480083455], [33.495685244165, 17.830432610094846], [33.495684494190705, 17.830161456382033], [33.49540138848217, 17.830162174482886], [33.49540063894948, 17.82989102075089], [33.494834428349115, 17.829892455698708], [33.49483367968627, 17.829621301935926], [33.49370126003938, 17.82962416686264], [33.493702753952036, 17.830166474473472], [33.49341964815059, 17.830167189702816], [33.49341815509451, 17.829624882068806], [33.493135050136395, 17.829625596864776], [33.493133557989836, 17.829083289177415], [33.4934166620914, 17.82908257440461], [33.4934159156097, 17.82881142056119], [33.49369901926977, 17.828810705389778], [33.49370051310293, 17.8293530130459], [33.494266722096356, 17.82935158142614], [33.4942622356169, 17.82772465850637], [33.493979133696314, 17.827725374451752], [33.49397763916572, 17.82718306672826], [33.49426074022987, 17.827182350806073], [33.494258497248815, 17.826368889199042], [33.493975397469264, 17.826369605086434], [33.493974650263624, 17.826098451190727], [33.49454084895309, 17.826097019029028], [33.49454309317893, 17.826910480623887], [33.494826193788334, 17.826909763893024], [33.49482694231837, 17.827180917731276], [33.49539314435375, 17.827179483015897], [33.495392394967304, 17.8269083292009], [33.49510929438446, 17.826909046752032], [33.495108545439514, 17.826637892917855], [33.495391645594154, 17.826637175378348], [33.49539089623429, 17.826366021548246], [33.49567399594745, 17.82636530361024], [33.49567099692828, 17.82528068826092], [33.49595409491544, 17.825279969959343], [33.495953344765745, 17.825008816114785], [33.49623644231144, 17.82500809741476], [33.49623569174692, 17.8247369435743], [33.49651878885115, 17.824736224475842], [33.49651728690577, 17.8241939167956], [33.49680038314041, 17.824193197310365], [33.496798880392106, 17.823650889623252], [33.496515785013706, 17.82365160908517], [33.49651428317493, 17.823109301344555], [33.49679737769712, 17.82310858190596], [33.49679662636963, 17.822837428035992], [33.497362814517814, 17.822835987952004], [33.4973613101905, 17.822293680236115], [33.49764440338841, 17.822292959602425], [33.49764365081671, 17.822021805744836], [33.49820983631633, 17.82202036327076], [33.498212096639975, 17.822833824750752], [33.497929002612615, 17.822834546227874], [33.49792975565248, 17.823105700051137], [33.497646661183666, 17.82310642112991], [33.497648919099106, 17.823919882589493], [33.49793201485224, 17.823919161475665], [33.49793502730567, 17.825003776602724], [33.49850122219693, 17.825002333051334], [33.49850348424627, 17.825815794247237], [33.49878658295631, 17.82581507182129], [33.498788091912466, 17.826357379224085], [33.49907119146548, 17.826356656364606], [33.49907194639182, 17.826627810042975], [33.49935504635964, 17.826627086761658], [33.49935278033624, 17.82581362573908], [33.49906968165297, 17.82581434898524], [33.49906817189404, 17.825272041575687], [33.49878507405371, 17.825272764388316], [33.49878431962249, 17.825001610660504], [33.49906741703467, 17.825000887859588], [33.49906288815966, 17.823373965404546], [33.499345982989695, 17.823373242263852], [33.49934522779596, 17.823102088506655], [33.4996283221845, 17.823101364967634], [33.49962756657608, 17.82283021121461], [33.49934447261565, 17.822830934741912], [33.4993429622952, 17.822288627189792], [33.499626055399474, 17.82228790368594], [33.49962681098107, 17.82255905745405], [33.499909904500015, 17.822558333528452], [33.49991217260954, 17.823371794752312], [33.50019526739934, 17.823371070381466], [33.500197536913944, 17.824184531502205], [33.50048063297467, 17.82418380668608], [33.5004776052696, 17.823099191890314], [33.50104379392586, 17.82309774112189], [33.50104303617699, 17.822826587427592], [33.50132613005686, 17.822825861440084], [33.50132688823383, 17.823097015122613], [33.50189307680939, 17.823095561893943], [33.501892317776246, 17.82282440823496], [33.50217541161574, 17.82282368101735], [33.50217996858532, 17.824450602787362], [33.502463064979985, 17.824449875088966], [33.502461545079974, 17.823907567886064], [33.503027736116366, 17.823906111306258], [33.503029257728876, 17.82444841846196], [33.50331235408308, 17.824447689533336], [33.50331387660587, 17.824989996635235], [33.50359697380285, 17.824989267272905], [33.503597735512656, 17.82526042080072], [33.50388083312426, 17.82525969101648], [33.50388311961928, 17.826073151519154], [33.50473241622644, 17.826070959599342], [33.50473317970303, 17.826342113049627], [33.505299378229786, 17.82634064969547], [33.5053001425763, 17.826611803114503], [33.50558324224753, 17.826611070810383], [33.505585536653065, 17.827424530986587], [33.505302435697224, 17.827425263326305], [33.505304728940196, 17.828238723470182], [33.504738524418485, 17.8282401869903], [33.50474157883962, 17.829324800504633], [33.50445847484542, 17.829325531696828], [33.504459238056306, 17.829596685068385], [33.50389302917076, 17.82959814624585], [33.503893791538616, 17.829869299633526], [33.50417689641644, 17.82986856923806], [33.50417918488604, 17.830682029320315], [33.503896078723336, 17.830682759751273], [33.503896841145284, 17.830953913108765], [33.50361373454075, 17.83095464314132], [33.503616020602784, 17.83176810320397], [33.5030498047832, 17.831769562109272], [33.50304752129113, 17.830956101975737], [33.50163198793092, 17.830959741882683], [33.50163274693985, 17.83123089532703], [33.50106653264483, 17.831232348441713], [33.50106729081057, 17.831503501902052], [33.500784183214556, 17.83150422785579], [33.50078191004264, 17.830690767416844], [33.49936637828589, 17.830694390855726], [33.49936713385487, 17.830965544401618], [33.49851781335499, 17.830967713577348], [33.498518567652404, 17.831238867150823], [33.49766924574715, 17.831241032669517], [33.497666986749856, 17.830427571821204], [33.497100774649425, 17.830429013379074], [33.49710227892103, 17.83097132066553], [33.496819171994176, 17.83097204085245], [33.49681842028002, 17.830700887201335], [33.49653531376815, 17.830701606966375], [33.49653606505399, 17.830972760629155], [33.49625295810048, 17.830973479995613], [33.49625445985549, 17.83151578732183], [33.496537567665655, 17.831515067932067], [33.49654057304892, 17.83259968244732], [33.495974353988494, 17.832601120909793], [33.495973603479406, 17.832329967269008], [33.49569049435759, 17.83233068587319], [33.49569124443831, 17.832601839525612], [33.49540813487482, 17.832602557731168], [33.495408884540495, 17.832873711387673], [33.495125774535346, 17.83287442919457], [33.49512802232699, 17.833687890153698], [33.4948449110234, 17.83368860758517], [33.49484715764944, 17.83450206851122], [33.49399781980336, 17.834504218448274], [33.49399632460984, 17.83396191110216], [33.492297653700795, 17.833966199758645], [33.49229690869431, 17.833695046004806], [33.49116446287082, 17.833697896856755], [33.49116371959111, 17.833426743049195], [33.49088060853065, 17.83342745472489], [33.49087986569251, 17.833156300898256], [33.489747423032526, 17.833159143452058], [33.48974668192107, 17.832887989571834], [33.488614240764264, 17.832890825515047], [33.488613501379426, 17.832619671581348], [33.48833039148578, 17.832620379529974], [33.488331130442255, 17.832891533475145], [33.488048020107136, 17.83289224102495], [33.488045804562134, 17.832078779132427], [33.487762695499, 17.832079486237596], [33.48776343357255, 17.832350640220767], [33.48748032406797, 17.832351346927116], [33.48748106172625, 17.832622500914184], [33.487197951780225, 17.8326232072217], [33.487198689023224, 17.83289436121267], [33.48691557863575, 17.832895067121335], [33.486918526024944, 17.833979683055475], [33.48720163812597, 17.833978977101076], [33.48720385009034, 17.83479243893812], [33.487486963463525, 17.834791732539088], [33.48748770123957, 17.835062886458235], [33.48777081502811, 17.835062179637426], [33.48777155324567, 17.835333333537577], [33.4874884390287, 17.835334040369826], [33.48748917683091, 17.835605194273874], [33.487772291476325, 17.83560448743017], [33.48777302972008, 17.835875641315234], [33.48805614478086, 17.835874934049716], [33.48805762216457, 17.836417241774278], [33.48749139031606, 17.83641865594074]], [[33.494278688376376, 17.83369004121721], [33.4948449110234, 17.83368860758517], [33.49484341333912, 17.833146300263394], [33.49427719240565, 17.833147733848996], [33.494278688376376, 17.83369004121721]], [[33.49314475037956, 17.833150596096722], [33.493710971419105, 17.833149165793436], [33.493710224310384, 17.83287801207482], [33.493144004127586, 17.832879442354937], [33.49314475037956, 17.833150596096722]], [[33.48634862186373, 17.832625323682574], [33.48663173184896, 17.832624618605895], [33.486630259115636, 17.832082310555595], [33.48634714998712, 17.832083015609438], [33.48634862186373, 17.832625323682574]], [[33.488045804562134, 17.832078779132427], [33.4888951316729, 17.832076655355344], [33.48889439189905, 17.83180550141048], [33.48861128330359, 17.83180620973496], [33.48861054397121, 17.831535055771063], [33.48832743579097, 17.83153576367383], [33.48832669690004, 17.83126460969092], [33.488043589135025, 17.83126531717197], [33.488045804562134, 17.832078779132427]], [[33.49172622118801, 17.832069549431235], [33.49200933006705, 17.83206883658237], [33.49200784110898, 17.83152652893836], [33.492290949118136, 17.831525815702342], [33.49229020423057, 17.83125466188057], [33.491723989055714, 17.831256087919265], [33.49172622118801, 17.832069549431235]], [[33.50276365393734, 17.830685677372845], [33.503046760154106, 17.830684948582796], [33.50304599903058, 17.8304137951823], [33.50276289324213, 17.830414523960545], [33.50276365393734, 17.830685677372845]], [[33.50389226681643, 17.829326992850625], [33.50417537083769, 17.82932626247882], [33.50417308257107, 17.828512802283345], [33.50360687708456, 17.828514262545777], [33.5036084008691, 17.829056569397626], [33.50389150447562, 17.829055839447843], [33.50389226681643, 17.829326992850625]], [[33.49907647623117, 17.828254731954686], [33.499642681292, 17.828253284841267], [33.49964041374268, 17.827439823989703], [33.499357312503655, 17.82744054771632], [33.499355801727575, 17.82689824042076], [33.49878960092215, 17.826899686596693], [33.498790355447085, 17.827170840271677], [33.4990734562847, 17.827170117377065], [33.49907647623117, 17.828254731954686]], [[33.495960096592114, 17.82744920044414], [33.49624319799147, 17.82744848163931], [33.49624169663601, 17.826906174086684], [33.495675495536844, 17.82690761123963], [33.4956762453515, 17.827178765042998], [33.495959346335944, 17.827178046659956], [33.495960096592114, 17.82744920044414]], [[33.50388693071476, 17.827428918872677], [33.50417003173833, 17.8274281885837], [33.50416926906398, 17.827157035139916], [33.504735470214094, 17.8271555733552], [33.50473394319317, 17.826613266492366], [33.50416774375586, 17.82661472822972], [33.5041669811221, 17.8263435747633], [33.50388388181133, 17.82634430500495], [33.50388693071476, 17.827428918872677]], [[33.50104909854447, 17.824995816770684], [33.50133219584929, 17.824995090689065], [33.501331437578145, 17.824723937059353], [33.50104834070147, 17.82472466312921], [33.50104909854447, 17.824995816770684]], [[33.501331437578145, 17.824723937059353], [33.501614534441366, 17.824723210579407], [33.501613775755544, 17.82445205695392], [33.50133067932046, 17.82445278342209], [33.501331437578145, 17.824723937059353]]]}, "properties": {"zone_id": "scene_02-Z0054", "scene": "scene_02", "pixel_count": 1329, "approx_area_m2": 1196100.0, "centroid_x": 552614.4695259593, "centroid_y": 1971330.0451467268, "centroid_lon": 33.49652542589272, "centroid_lat": 17.828939528753285, "mean_risk": 2.4955520629882812, "max_risk": 4.108793258666992, "median_risk": 2.4325106143951416, "high_priority_pixel_pct": 100.0, "priority_category": "HIGH PRIORITY", "threshold_type": "95th percentile prioritisation threshold", "recommendation": "Spectral-stress evidence detected. Prioritise field inspection to determine the underlying cause. Field verification required.", "priority_rank": 44}}, {"type": "Feature", "geometry": {"type": "Polygon", "coordinates": [[[33.537310640751066, 17.833305255941596], [33.53730982765932, 17.833034104094104], [33.53702671927646, 17.833034882634475], [33.537025906627505, 17.832763730766814], [33.53674279865859, 17.8327645088843], [33.5367387377717, 17.831408749369707], [33.53588942020361, 17.831411081071714], [33.53588779851957, 17.830868777137468], [33.53645400853278, 17.830867223130046], [33.53645319685573, 17.830596071176767], [33.536736301412446, 17.83059529357032], [33.536737113517795, 17.830866445511003], [33.53730332344459, 17.83086488904224], [33.53730251048265, 17.830593737126765], [33.538434928449945, 17.83059061931707], [33.538435743125085, 17.83086177118204], [33.5387188480091, 17.830860990691438], [33.53871966312699, 17.831132142536212], [33.539285873708245, 17.83113058029903], [33.539285057733736, 17.830859428479556], [33.53956816257435, 17.830858646758283], [33.53956979539446, 17.831400950364344], [33.53985290107722, 17.831400168207512], [33.53985371793732, 17.831671319986544], [33.5401368240339, 17.8316705374068], [33.54013764133683, 17.8319416891656], [33.53957142827251, 17.831943253940192], [33.53957224473326, 17.832214405716783], [33.53928913775104, 17.832215187501365], [33.539289953797926, 17.832486339283065], [33.539006846372885, 17.832487120670056], [33.53900766200589, 17.83275827245686], [33.53844144625572, 17.83275983402533], [33.53844226104648, 17.83303098582988], [33.537592936027764, 17.83303332514346], [33.537593749547874, 17.83330447697834], [33.537310640751066, 17.833305255941596]]]}, "properties": {"zone_id": "scene_02-Z0055", "scene": "scene_02", "pixel_count": 331, "approx_area_m2": 297900.0, "centroid_x": 556569.4259818731, "centroid_y": 1971782.990936556, "centroid_lon": 33.53385960098701, "centroid_lat": 17.83293502054838, "mean_risk": 2.9900543689727783, "max_risk": 5.14598274230957, "median_risk": 2.7504708766937256, "high_priority_pixel_pct": 100.0, "priority_category": "HIGH PRIORITY", "threshold_type": "95th percentile prioritisation threshold", "recommendation": "Spectral-stress evidence detected. Prioritise field inspection to determine the underlying cause. Field verification required.", "priority_rank": 14}}, {"type": "Feature", "geometry": {"type": "Polygon", "coordinates": [[[33.700672380121595, 17.835499052370817], [33.70067131969228, 17.835227908982795], [33.70010511350891, 17.835229939407238], [33.700104053955144, 17.83495879597875], [33.70038715662786, 17.83495778098811], [33.70038609666452, 17.834686637568485], [33.70010299442016, 17.83468765254269], [33.700101934903984, 17.83441650909905], [33.69981883306919, 17.834417523646557], [33.69981777400014, 17.834146380178904], [33.69896846966813, 17.8341494213106], [33.698967411902885, 17.83387827778612], [33.69840120977774, 17.833880303123166], [33.69840015288791, 17.83360915955831], [33.69783395154445, 17.83361118322159], [33.69783289553002, 17.83334003961638], [33.69754979525852, 17.833341050816276], [33.69754768414247, 17.832798763550368], [33.69783078355734, 17.832797752383218], [33.6978297275991, 17.832526608755273], [33.69754662861253, 17.832527619906042], [33.69754346213504, 17.831714188927613], [33.69810965751974, 17.831712166314144], [33.69811071385007, 17.831983309948438], [33.6983938119426, 17.831982298010015], [33.69839486871996, 17.83225344162034], [33.698677967222025, 17.832252429255323], [33.69867902444643, 17.832523572841676], [33.69896212335804, 17.83252256005004], [33.69896318102949, 17.832793703612417], [33.69924628035064, 17.83279269039416], [33.699247338469156, 17.83306383393254], [33.69953043819986, 17.83306282028764], [33.69953149676545, 17.833333963802033], [33.70009769702715, 17.833331935248694], [33.700098756468165, 17.83360307872265], [33.70038185699915, 17.833602063814194], [33.70038503671998, 17.834415494141282], [33.70095124029558, 17.834413462994963], [33.70095230109682, 17.834684606389267], [33.70123540328476, 17.83468359018426], [33.70123858708649, 17.835497020272342], [33.700672380121595, 17.835499052370817]]]}, "properties": {"zone_id": "scene_02-Z0056", "scene": "scene_02", "pixel_count": 60, "approx_area_m2": 54000.0, "centroid_x": 574087.0, "centroid_y": 1971907.0, "centroid_lon": 33.69917367912304, "centroid_lat": 17.833534086291394, "mean_risk": 2.4504029750823975, "max_risk": 3.338545799255371, "median_risk": 2.412102222442627, "high_priority_pixel_pct": 100.0, "priority_category": "HIGH PRIORITY", "threshold_type": "95th percentile prioritisation threshold", "recommendation": "Spectral-stress evidence detected. Prioritise field inspection to determine the underlying cause. Field verification required.", "priority_rank": 51}}, {"type": "Feature", "geometry": {"type": "Polygon", "coordinates": [[[33.542413163822495, 17.83546038451287], [33.54241234290368, 17.835189232953926], [33.542129231354444, 17.835190018981084], [33.542128410878604, 17.83491886740186], [33.54156218859331, 17.83492043819975], [33.54155809071638, 17.83356468006307], [33.54127498169391, 17.833565464782986], [33.541274162590504, 17.83329431312028], [33.540707945358726, 17.833295881303854], [33.54070712712658, 17.833024729608187], [33.54099023532137, 17.833023945734244], [33.54098941667538, 17.83275279404372], [33.541272524427285, 17.832752009772204], [33.541270886322174, 17.83220970639391], [33.541553993202854, 17.83220892173754], [33.54155481267649, 17.83248007341775], [33.54183791997098, 17.832479288338412], [33.54183710006901, 17.832208136670918], [33.54212020692061, 17.832207351194036], [33.54211938660484, 17.8319361995317], [33.542402493013554, 17.8319354136573], [33.54240331375767, 17.8322065653069], [33.542686420580154, 17.832205779009502], [33.54268724176716, 17.832476930638816], [33.54212102725093, 17.832478502848808], [33.542121847595794, 17.83274965449603], [33.54155563216466, 17.832751225090412], [33.54155645166737, 17.83302237675552], [33.54183955981856, 17.83302159165075], [33.54184119972432, 17.83356389493287], [33.54212430871772, 17.833563109392376], [33.542125949538416, 17.83410541261883], [33.54240905937403, 17.834104626642592], [33.54241152199943, 17.834918081387436], [33.5426946331057, 17.834917294962683], [33.5426962757856, 17.835459598062652], [33.542413163822495, 17.83546038451287]]]}, "properties": {"zone_id": "scene_02-Z0057", "scene": "scene_02", "pixel_count": 32, "approx_area_m2": 28800.0, "centroid_x": 557415.0, "centroid_y": 1971861.5625, "centroid_lon": 33.54184137909254, "centroid_lat": 17.833623209352513, "mean_risk": 2.0558807849884033, "max_risk": 2.742161989212036, "median_risk": 2.007702350616455, "high_priority_pixel_pct": 100.0, "priority_category": "HIGH PRIORITY", "threshold_type": "95th percentile prioritisation threshold", "recommendation": "Spectral-stress evidence detected. Prioritise field inspection to determine the underlying cause. Field verification required.", "priority_rank": 169}}, {"type": "Feature", "geometry": {"type": "Polygon", "coordinates": [[[33.61488932990922, 17.835245660213882], [33.614888399316726, 17.834974512132256], [33.61432218415218, 17.834976293857697], [33.61432125443297, 17.834705145739647], [33.61517057586986, 17.83470247257933], [33.615169644881995, 17.834431324497004], [33.615452751566224, 17.834430432637415], [33.61545182016649, 17.83415928456197], [33.616018032628645, 17.83415749964084], [33.61601989715815, 17.834699795726348], [33.61573679007857, 17.83470068842097], [33.61573865381743, 17.835242984505125], [33.61488932990922, 17.835245660213882]]]}, "properties": {"zone_id": "scene_02-Z0058", "scene": "scene_02", "pixel_count": 13, "approx_area_m2": 11700.0, "centroid_x": 565202.3076923077, "centroid_y": 1972010.7692307692, "centroid_lon": 33.61533408598393, "centroid_lat": 17.834754101946203, "mean_risk": 2.0454766750335693, "max_risk": 2.287449598312378, "median_risk": 2.034998893737793, "high_priority_pixel_pct": 100.0, "priority_category": "HIGH PRIORITY", "threshold_type": "95th percentile prioritisation threshold", "recommendation": "Spectral-stress evidence detected. Prioritise field inspection to determine the underlying cause. Field verification required.", "priority_rank": 176}}, {"type": "Feature", "geometry": {"type": "Polygon", "coordinates": [[[33.4954156321299, 17.835314093956608], [33.4954141325725, 17.834771786771906], [33.49513101956857, 17.834772504660187], [33.495129520921196, 17.834230197422045], [33.49541263306829, 17.834229479557013], [33.49541188333614, 17.833958325938248], [33.49597810673363, 17.833956889000515], [33.49597735615798, 17.833685735397466], [33.49626046740836, 17.833685016324786], [33.49625971641763, 17.833413862725838], [33.49654282722631, 17.833413143254507], [33.496542075820514, 17.83314198965965], [33.49682518618748, 17.83314126978969], [33.496823682559146, 17.83259896260067], [33.49710679205603, 17.832598242343746], [33.497106039833504, 17.832327088749583], [33.49738914888869, 17.832326368094055], [33.49739140688139, 17.833139828818886], [33.49710829654111, 17.83314054950943], [33.49711055336879, 17.83395401020135], [33.49739366499425, 17.83395328947579], [33.49739441772523, 17.83422444301299], [33.497960641792886, 17.83422300030757], [33.49795988820509, 17.833951846793738], [33.49824299979047, 17.833951124837245], [33.498242245787644, 17.83367997132756], [33.49852535693125, 17.83367924897246], [33.49852384810895, 17.833136941953825], [33.49880695838241, 17.833136219211838], [33.498808468061476, 17.833678526207056], [33.49909157917831, 17.83367780303136], [33.499092334466326, 17.83394895650593], [33.498809222921096, 17.833949679693347], [33.498809977794096, 17.834220833172086], [33.49852686580707, 17.834221555960895], [33.49852762026506, 17.83449270944379], [33.49796139539404, 17.834494153813857], [33.49796214900857, 17.834765307312598], [33.49739592322726, 17.834766750064745], [33.4973966759983, 17.835037903579295], [33.49711356265919, 17.835038624351554], [33.49711431501514, 17.835309777870226], [33.496548087440026, 17.835311218207053], [33.49654733594094, 17.835040064665055], [33.49626422256181, 17.835040784206306], [33.496264973632464, 17.835311937759958], [33.4954156321299, 17.835314093956608]]]}, "properties": {"zone_id": "scene_02-Z0059", "scene": "scene_02", "pixel_count": 63, "approx_area_m2": 56700.0, "centroid_x": 552648.5714285715, "centroid_y": 1971911.9047619049, "centroid_lon": 33.4968618198422, "centroid_lat": 17.83419782218494, "mean_risk": 2.199652910232544, "max_risk": 2.980897903442383, "median_risk": 2.2010281085968018, "high_priority_pixel_pct": 100.0, "priority_category": "HIGH PRIORITY", "threshold_type": "95th percentile prioritisation threshold", "recommendation": "Spectral-stress evidence detected. Prioritise field inspection to determine the underlying cause. Field verification required.", "priority_rank": 101}}, {"type": "Feature", "geometry": {"type": "Polygon", "coordinates": [[[33.60129830727339, 17.834745671792735], [33.60129739727643, 17.83447452301081], [33.60101428977591, 17.83447539435582], [33.601013380223485, 17.834204245552222], [33.60016405891031, 17.834206857083203], [33.600163150659135, 17.833935708229752], [33.59988004395089, 17.83393657790542], [33.59987732057908, 17.833123131257423], [33.600160426002255, 17.83312226162401], [33.600161334205104, 17.833393410500154], [33.60044444004052, 17.83339254044239], [33.600445348687835, 17.83366368929688], [33.60072845493549, 17.833662818814748], [33.600729364027295, 17.833933967647575], [33.60101247068719, 17.833933096741067], [33.60101156116702, 17.833661947922344], [33.601577773581674, 17.833660204906714], [33.601575952876324, 17.833117907303038], [33.60129284753377, 17.833118778987757], [33.60129193763366, 17.83284763016045], [33.601858147445924, 17.832845886408997], [33.60185905820273, 17.833117035208062], [33.60214216351298, 17.833116162702822], [33.60214307471428, 17.833387311480188], [33.60185996897568, 17.833388183999553], [33.60186179057006, 17.833930481559857], [33.60214489716538, 17.833929609012223], [33.60214580841517, 17.834200757766897], [33.60242891542271, 17.83419988479485], [33.60242982711704, 17.83447103352782], [33.60158050476082, 17.834473651255504], [33.60158141518615, 17.834744800023312], [33.60129830727339, 17.834745671792735]]]}, "properties": {"zone_id": "scene_02-Z0060", "scene": "scene_02", "pixel_count": 27, "approx_area_m2": 24300.0, "centroid_x": 563704.4444444445, "centroid_y": 1971905.5555555555, "centroid_lon": 33.60119567931634, "centroid_lat": 17.83384717038403, "mean_risk": 2.106135845184326, "max_risk": 2.762769937515259, "median_risk": 2.0439157485961914, "high_priority_pixel_pct": 100.0, "priority_category": "HIGH PRIORITY", "threshold_type": "95th percentile prioritisation threshold", "recommendation": "Spectral-stress evidence detected. Prioritise field inspection to determine the underlying cause. Field verification required.", "priority_rank": 141}}, {"type": "Feature", "geometry": {"type": "Polygon", "coordinates": [[[33.52570555442229, 17.834150297212535], [33.52570396329456, 17.833607992532233], [33.52513774363172, 17.833609515609222], [33.525136948945786, 17.83333836323307], [33.52542005835588, 17.833337601912053], [33.52541926325566, 17.83306644954068], [33.52570237222328, 17.833065687821716], [33.525703167751864, 17.833336840180745], [33.526269386501504, 17.833335315487272], [33.526271775742245, 17.83414877244498], [33.52570555442229, 17.834150297212535]]]}, "properties": {"zone_id": "scene_02-Z0061", "scene": "scene_02", "pixel_count": 9, "approx_area_m2": 8100.0, "centroid_x": 555716.6666666666, "centroid_y": 1971856.6666666667, "centroid_lon": 33.525814105762265, "centroid_lat": 17.833622760206822, "mean_risk": 1.984682321548462, "max_risk": 2.2061102390289307, "median_risk": 1.957091212272644, "high_priority_pixel_pct": 100.0, "priority_category": "HIGH PRIORITY", "threshold_type": "95th percentile prioritisation threshold", "recommendation": "Spectral-stress evidence detected. Prioritise field inspection to determine the underlying cause. Field verification required.", "priority_rank": 212}}, {"type": "Feature", "geometry": {"type": "Polygon", "coordinates": [[[33.70688460677337, 17.83140946285979], [33.706883537204405, 17.831138319721518], [33.707166633427526, 17.83113729511665], [33.70716770342475, 17.831408438238327], [33.70688460677337, 17.83140946285979]]]}, "properties": {"zone_id": "scene_02-Z0062", "scene": "scene_02", "pixel_count": 14, "approx_area_m2": 12600.0, "centroid_x": 574896.4285714285, "centroid_y": 1971771.4285714286, "centroid_lon": 33.706807159647774, "centroid_lat": 17.832281287013224, "mean_risk": 2.1207869052886963, "max_risk": 2.687106132507324, "median_risk": 2.0482823848724365, "high_priority_pixel_pct": 100.0, "priority_category": "HIGH PRIORITY", "threshold_type": "95th percentile prioritisation threshold", "recommendation": "Spectral-stress evidence detected. Prioritise field inspection to determine the underlying cause. Field verification required.", "priority_rank": 132}}, {"type": "Feature", "geometry": {"type": "Polygon", "coordinates": [[[33.54750254829123, 17.83327695478686], [33.547500891280116, 17.83273465200105], [33.54835021348351, 17.83273226964726], [33.54834938371494, 17.832461118281607], [33.548632490658306, 17.832460323356017], [33.548631660476126, 17.83218917199569], [33.54891476697641, 17.83218837667273], [33.54891725885218, 17.833001830692403], [33.548067935452, 17.833004215546413], [33.548068764821636, 17.833275366909824], [33.54750254829123, 17.83327695478686]]]}, "properties": {"zone_id": "scene_02-Z0063", "scene": "scene_02", "pixel_count": 10, "approx_area_m2": 9000.0, "centroid_x": 558096.0, "centroid_y": 1971774.0, "centroid_lon": 33.54826553016401, "centroid_lat": 17.832813853458173, "mean_risk": 2.173222064971924, "max_risk": 3.0795130729675293, "median_risk": 2.0289433002471924, "high_priority_pixel_pct": 100.0, "priority_category": "HIGH PRIORITY", "threshold_type": "95th percentile prioritisation threshold", "recommendation": "Spectral-stress evidence detected. Prioritise field inspection to determine the underlying cause. Field verification required.", "priority_rank": 107}}, {"type": "Feature", "geometry": {"type": "Polygon", "coordinates": [[[33.55089317777773, 17.831098192821006], [33.55089234424276, 17.830827041526142], [33.550609239987345, 17.83082783965623], [33.55060757381834, 17.830285537017982], [33.55117378060121, 17.830283940399312], [33.55117294668232, 17.83001278909472], [33.55145604962329, 17.830011990183017], [33.55145187810943, 17.828656233611454], [33.551168777309734, 17.828657032458448], [33.55116961115467, 17.82892818380081], [33.550603408654425, 17.828929780290174], [33.55060424165765, 17.829200931650842], [33.54833942764021, 17.829207301304564], [33.548338598062976, 17.828936149840708], [33.5477723952678, 17.828937738126616], [33.547773223988536, 17.829208889616204], [33.54749012214064, 17.829209683156755], [33.547490950447816, 17.82948083465164], [33.547207848156965, 17.82948162779486], [33.54720867605057, 17.82975277929503], [33.54607626502733, 17.82975594781737], [33.54607543884679, 17.829484796265863], [33.545792336482585, 17.829485587358146], [33.545789859313636, 17.828672132619864], [33.54607296039309, 17.828671341566025], [33.546072134271164, 17.828400189984304], [33.54635523490773, 17.828399398533115], [33.54635440837223, 17.828128246956663], [33.546920608744905, 17.828126662849474], [33.54691812665713, 17.827313208151793], [33.54720122553682, 17.827312415521487], [33.54719957002863, 17.82677011237762], [33.54748266803725, 17.82676931936288], [33.547481011731456, 17.826227016214485], [33.54776410886902, 17.82622622281534], [33.547763280309994, 17.825955071242667], [33.548895667000515, 17.825951893596496], [33.54889483674356, 17.825680742067757], [33.550027221485756, 17.82567755791158], [33.55002805345534, 17.825948709388726], [33.551160439673986, 17.82594551861937], [33.551161273371, 17.82621667003727], [33.55144437031687, 17.826215871306744], [33.55144520445685, 17.826487022704146], [33.55201139916051, 17.826485423986878], [33.5520105641642, 17.82621427261537], [33.55229366106565, 17.826213472654533], [33.552292825655975, 17.825942321288434], [33.55285901855807, 17.825940720162375], [33.552858182306906, 17.82566956881467], [33.55483985399936, 17.82566395204638], [33.55484069324762, 17.82593510330308], [33.55512378957235, 17.825934299254218], [33.55512546896986, 17.826476601718905], [33.55540856613602, 17.826475797233876], [33.555411086628595, 17.827289250835165], [33.55512798817787, 17.82729005535929], [33.555128827943676, 17.827561206557643], [33.554562630141156, 17.827562814401556], [33.554563469065435, 17.827833965618407], [33.553714170965414, 17.827836374347267], [33.553715008619925, 17.828107525595584], [33.55399810842969, 17.8281067230831], [33.55399894652729, 17.828377874310867], [33.5542820467504, 17.828377071375233], [33.5542828852911, 17.828648222582434], [33.55399978463975, 17.82864902553107], [33.55400146090929, 17.829191327948823], [33.5545676639101, 17.82918972158933], [33.55456682491139, 17.828918570410256], [33.55513302699617, 17.828916962436104], [33.55513218715587, 17.828645811275518], [33.5562645894336, 17.82864259045734], [33.556265430986855, 17.82891374156575], [33.55598233001156, 17.82891454739859], [33.555984012306354, 17.829456849618847], [33.55570091045963, 17.829457655067614], [33.55570175120114, 17.829728806179453], [33.55541864891125, 17.82972961123108], [33.55541948923941, 17.83000076234841], [33.555136386506334, 17.83000156700288], [33.555137226421124, 17.83027271812569], [33.55457102005373, 17.83027432623009], [33.55457185912685, 17.830545477371388], [33.55400565184335, 17.830547083860996], [33.55400649007477, 17.830818235020764], [33.553723385982416, 17.83081903766325], [33.5537242238004, 17.831090188828465], [33.552308700974365, 17.831094195952545], [33.552307865297884, 17.83082304472242], [33.55145855270922, 17.83082544403531], [33.55145938710079, 17.831096595304288], [33.55089317777773, 17.831098192821006]]]}, "properties": {"zone_id": "scene_02-Z0064", "scene": "scene_02", "pixel_count": 447, "approx_area_m2": 402300.0, "centroid_x": 558419.3959731543, "centroid_y": 1971259.0604026846, "centroid_lon": 33.55130307252001, "centroid_lat": 17.8281510459316, "mean_risk": 3.6249184608459473, "max_risk": 5.599911212921143, "median_risk": 3.705786943435669, "high_priority_pixel_pct": 100.0, "priority_category": "HIGH PRIORITY", "threshold_type": "95th percentile prioritisation threshold", "recommendation": "Spectral-stress evidence detected. Prioritise field inspection to determine the underlying cause. Field verification required.", "priority_rank": 2}}, {"type": "Feature", "geometry": {"type": "Polygon", "coordinates": [[[33.60157049114776, 17.831491014310515], [33.601566850318314, 17.830406418830922], [33.60184995136163, 17.830405546877188], [33.60184904076636, 17.83013439800251], [33.60213214136526, 17.83013352565271], [33.60213396342848, 17.830675823366246], [33.60241706486776, 17.830674950577983], [33.602419799368676, 17.83148839704916], [33.60157049114776, 17.831491014310515]]]}, "properties": {"zone_id": "scene_02-Z0065", "scene": "scene_02", "pixel_count": 12, "approx_area_m2": 10800.0, "centroid_x": 563787.5, "centroid_y": 1971582.5, "centroid_lon": 33.60196965581968, "centroid_lat": 17.83092488541945, "mean_risk": 1.9132410287857056, "max_risk": 2.1303012371063232, "median_risk": 1.9137111902236938, "high_priority_pixel_pct": 100.0, "priority_category": "HIGH PRIORITY", "threshold_type": "95th percentile prioritisation threshold", "recommendation": "Spectral-stress evidence detected. Prioritise field inspection to determine the underlying cause. Field verification required.", "priority_rank": 277}}, {"type": "Feature", "geometry": {"type": "Polygon", "coordinates": [[[33.54239838951141, 17.830579655295978], [33.542396748212454, 17.83003735189857], [33.542679851608476, 17.830036565703068], [33.542678209511216, 17.829494262300923], [33.54324441454648, 17.829492688730287], [33.54324277079445, 17.828950385348914], [33.54409207566845, 17.828948021993128], [33.54409289882192, 17.829219173649303], [33.54494220484926, 17.829216806563604], [33.54494302930211, 17.829487958173882], [33.54522613171024, 17.82948716831216], [33.54522778151637, 17.830029471484465], [33.5449446782517, 17.830030261371782], [33.54494550274844, 17.8303014129594], [33.54409619158187, 17.830303780198484], [33.54409536836998, 17.830032628572518], [33.54352916170914, 17.830034204655345], [33.54352998406446, 17.830305356306837], [33.543246880283874, 17.8303061437457], [33.5432477022255, 17.8305772954024], [33.54239838951141, 17.830579655295978]]]}, "properties": {"zone_id": "scene_02-Z0066", "scene": "scene_02", "pixel_count": 37, "approx_area_m2": 33300.0, "centroid_x": 557623.7837837838, "centroid_y": 1971436.2162162163, "centroid_lon": 33.54379999848766, "centroid_lat": 17.829773289753994, "mean_risk": 2.4801180362701416, "max_risk": 3.5826423168182373, "median_risk": 2.48689341545105, "high_priority_pixel_pct": 100.0, "priority_category": "HIGH PRIORITY", "threshold_type": "95th percentile prioritisation threshold", "recommendation": "Spectral-stress evidence detected. Prioritise field inspection to determine the underlying cause. Field verification required.", "priority_rank": 48}}, {"type": "Feature", "geometry": {"type": "Polygon", "coordinates": [[[33.55740205129412, 17.83026626929996], [33.557401207953106, 17.82999511828161], [33.55711810532454, 17.829995925807452], [33.55711641954394, 17.829453623721935], [33.55683331775695, 17.829454430811435], [33.556829948088144, 17.828369826497433], [33.55711304816216, 17.82836901946023], [33.557112205354095, 17.828097868375913], [33.55824460378767, 17.828094636177887], [33.558243759281694, 17.82782348513838], [33.5593761557627, 17.82782024643043], [33.559377848215384, 17.828362548396946], [33.559094748261195, 17.828363358715404], [33.55909559408183, 17.828634509700457], [33.5588124936844, 17.82863531962188], [33.558813339091806, 17.8289064706125], [33.55937954072812, 17.82890485033325], [33.55937869446425, 17.828633699368876], [33.55994489518404, 17.828632077475216], [33.559945742304386, 17.82890322841332], [33.559662641523765, 17.82890403957837], [33.5596634882309, 17.829175190522054], [33.55938038700701, 17.829176001290065], [33.55938123330091, 17.82944715223933], [33.55909813163376, 17.82944796261029], [33.55909982341007, 17.8299902645124], [33.558816720871384, 17.829991074499432], [33.55881756635377, 17.83026222545227], [33.55740205129412, 17.83026626929996]]]}, "properties": {"zone_id": "scene_02-Z0067", "scene": "scene_02", "pixel_count": 67, "approx_area_m2": 60300.0, "centroid_x": 559148.5074626865, "centroid_y": 1971359.552238806, "centroid_lon": 33.55818627892856, "centroid_lat": 17.829039792780865, "mean_risk": 2.95847225189209, "max_risk": 4.802119255065918, "median_risk": 2.801898717880249, "high_priority_pixel_pct": 100.0, "priority_category": "HIGH PRIORITY", "threshold_type": "95th percentile prioritisation threshold", "recommendation": "Spectral-stress evidence detected. Prioritise field inspection to determine the underlying cause. Field verification required.", "priority_rank": 15}}, {"type": "Feature", "geometry": {"type": "Polygon", "coordinates": [[[33.493407705185106, 17.82582872778553], [33.493406958862316, 17.82555757385156], [33.492840761779554, 17.82555900268603], [33.49283927088635, 17.82501669474914], [33.492556173181434, 17.82501740852809], [33.492553938225235, 17.824203946531494], [33.492837034645724, 17.824203232787237], [33.49283628925864, 17.823932078784846], [33.493119385237776, 17.823931364642103], [33.49311863943581, 17.823660210643734], [33.49396792600944, 17.82365806578986], [33.493969420195356, 17.824200373709534], [33.49425251654964, 17.824199657914928], [33.49425326409061, 17.824470811851857], [33.49453636085976, 17.824470095635572], [33.49453710884214, 17.824741249553345], [33.49425401164485, 17.824741965781232], [33.494256254387146, 17.825555427524094], [33.49369005738385, 17.825556858819176], [33.4936908041348, 17.82582801274156], [33.493407705185106, 17.82582872778553]]]}, "properties": {"zone_id": "scene_02-Z0068", "scene": "scene_02", "pixel_count": 37, "approx_area_m2": 33300.0, "centroid_x": 552293.5135135135, "centroid_y": 1970859.7297297297, "centroid_lon": 33.49348492725612, "centroid_lat": 17.82469627398658, "mean_risk": 2.5052976608276367, "max_risk": 3.15330171585083, "median_risk": 2.488144874572754, "high_priority_pixel_pct": 100.0, "priority_category": "HIGH PRIORITY", "threshold_type": "95th percentile prioritisation threshold", "recommendation": "Spectral-stress evidence detected. Prioritise field inspection to determine the underlying cause. Field verification required.", "priority_rank": 43}}, {"type": "Feature", "geometry": {"type": "Polygon", "coordinates": [[[33.51972798904636, 17.82304894563483], [33.519724845119256, 17.82196433397514], [33.519158661694526, 17.821965838771145], [33.51915787660373, 17.821694685812965], [33.518591693979374, 17.821696188944564], [33.51859090975861, 17.821425035954487], [33.52000636407474, 17.821421275111405], [33.520007936810714, 17.82196358096213], [33.5202910284882, 17.821962827539103], [33.52029024168519, 17.821691674629722], [33.52057333292066, 17.82169092080891], [33.52057175850043, 17.82114861499194], [33.52085484886585, 17.82114786078557], [33.52085406124866, 17.82087670787799], [33.52142024108151, 17.820875198259735], [33.52142260654326, 17.821688656886444], [33.521705697722815, 17.82168790142562], [33.521706486666105, 17.821959054273858], [33.52142339505849, 17.82195980974692], [33.52142654925935, 17.823044421113348], [33.52057726921572, 17.82304668521925], [33.52057648192877, 17.822775532352274], [33.52029338898103, 17.822776286221956], [33.5202941758399, 17.823047439101146], [33.51972798904636, 17.82304894563483]]]}, "properties": {"zone_id": "scene_02-Z0069", "scene": "scene_02", "pixel_count": 44, "approx_area_m2": 39600.0, "centroid_x": 555156.8181818182, "centroid_y": 1970574.5454545454, "centroid_lon": 33.5204971637842, "centroid_lat": 17.822048555258867, "mean_risk": 2.17783784866333, "max_risk": 2.766838312149048, "median_risk": 2.126774787902832, "high_priority_pixel_pct": 100.0, "priority_category": "HIGH PRIORITY", "threshold_type": "95th percentile prioritisation threshold", "recommendation": "Spectral-stress evidence detected. Prioritise field inspection to determine the underlying cause. Field verification required.", "priority_rank": 106}}, {"type": "Feature", "geometry": {"type": "Polygon", "coordinates": [[[33.706566238472135, 17.822462758959638], [33.70656516995718, 17.822191615554733], [33.70628208782443, 17.822192638792043], [33.70628101975643, 17.821921495362986], [33.705714856290086, 17.821923540574584], [33.70571378909703, 17.821652397104803], [33.70543070776344, 17.821653419079116], [33.705429641017304, 17.821382275585197], [33.70486347914932, 17.82138431827087], [33.70486241327807, 17.821113174736276], [33.70457933274369, 17.821114195447652], [33.70458039818695, 17.82138533899879], [33.70429731720567, 17.821386359316772], [33.70429625219039, 17.821115215749103], [33.70401317161819, 17.821116235640613], [33.704009977969626, 17.820302804842594], [33.70372689866243, 17.820303824274607], [33.70372477051373, 17.819761537005014], [33.70344169204355, 17.819762555994085], [33.703440628425454, 17.819491412331406], [33.70315755036433, 17.819492430894066], [33.70315542404062, 17.818950143512986], [33.70258926957347, 17.818952179342638], [33.70258714503686, 17.81840989186527], [33.702304068630816, 17.818410909132297], [33.70230194502539, 17.817868621591664], [33.703151171619595, 17.817865568659936], [33.70315223469655, 17.818136712384565], [33.70400146240462, 17.818133655714597], [33.70400252678413, 17.8184047993821], [33.704568679350864, 17.818402759519753], [33.704569744605074, 17.818673903146625], [33.70485282128799, 17.81867288258411], [33.704853886989014, 17.81894402618687], [33.70513696408093, 17.81894300519793], [33.70513803022879, 17.81921414877657], [33.70570418521168, 17.819212105535936], [33.70570311820799, 17.818940961990414], [33.70598619524313, 17.81893993977183], [33.70598512783046, 17.8186687962353], [33.70626820441874, 17.81866777362341], [33.706266068794434, 17.81812548656078], [33.706832220202536, 17.818123440173714], [33.70683115156304, 17.817852296664196], [33.70711422681076, 17.817851272872474], [33.70711315776234, 17.817580129371983], [33.70739623256321, 17.817579105186994], [33.7073973020395, 17.817850248670887], [33.70768037724927, 17.81784922405945], [33.70768144717243, 17.818120367519168], [33.7079645227911, 17.81811934248126], [33.70796773395822, 17.818932772765102], [33.70768465705585, 17.81893379785285], [33.707686797073066, 17.819476084704107], [33.70712064149968, 17.819478133716366], [33.70712171068091, 17.81974927716384], [33.70740478890502, 17.81974825284606], [33.707405858533164, 17.820019396269355], [33.70768893716624, 17.820018371525062], [33.70769000724131, 17.82028951492418], [33.706557690883365, 17.8202936115083], [33.70656303298415, 17.8216493287222], [33.70712919548078, 17.821647281084058], [33.7071313341658, 17.822189567850234], [33.70684825207098, 17.822190591907464], [33.70684932101394, 17.822461735295782], [33.706566238472135, 17.822462758959638]], [[33.70372264244057, 17.819219249705114], [33.704005720036, 17.81921823033918], [33.70400465559982, 17.818947086694397], [33.7037215784323, 17.81894810604381], [33.70372264244057, 17.819219249705114]], [[33.706836494950196, 17.81920801413602], [33.707119572337426, 17.81920699026132], [33.70711743406984, 17.8186647033285], [33.70683435753844, 17.818665727170014], [33.706836494950196, 17.81920801413602]]]}, "properties": {"zone_id": "scene_02-Z0070", "scene": "scene_02", "pixel_count": 164, "approx_area_m2": 147600.0, "centroid_x": 574751.3414634146, "centroid_y": 1970380.6097560977, "centroid_lon": 33.705388563104876, "centroid_lat": 17.819715859508207, "mean_risk": 2.6863646507263184, "max_risk": 4.729133605957031, "median_risk": 2.5420403480529785, "high_priority_pixel_pct": 100.0, "priority_category": "HIGH PRIORITY", "threshold_type": "95th percentile prioritisation threshold", "recommendation": "Spectral-stress evidence detected. Prioritise field inspection to determine the underlying cause. Field verification required.", "priority_rank": 29}}, {"type": "Feature", "geometry": {"type": "Polygon", "coordinates": [[[33.71109018023601, 17.821090615372658], [33.711089104968345, 17.820819472196074], [33.71080602527977, 17.820820501909296], [33.71080495045914, 17.820549358708455], [33.710521871179466, 17.82055038799507], [33.71051972245132, 17.82000810153729], [33.71108587927981, 17.820006042620864], [33.71108802971975, 17.820548329011913], [33.71137110896127, 17.82054729890546], [33.71137326033347, 17.821089585232812], [33.71109018023601, 17.821090615372658]]]}, "properties": {"zone_id": "scene_02-Z0071", "scene": "scene_02", "pixel_count": 34, "approx_area_m2": 30600.0, "centroid_x": 575476.7647058824, "centroid_y": 1970572.0588235294, "centroid_lon": 33.71224048272172, "centroid_lat": 17.821421373148993, "mean_risk": 2.6465625762939453, "max_risk": 3.4949424266815186, "median_risk": 2.595663070678711, "high_priority_pixel_pct": 100.0, "priority_category": "HIGH PRIORITY", "threshold_type": "95th percentile prioritisation threshold", "recommendation": "Spectral-stress evidence detected. Prioritise field inspection to determine the underlying cause. Field verification required.", "priority_rank": 33}}, {"type": "Feature", "geometry": {"type": "Polygon", "coordinates": [[[33.71760210276476, 17.821337961227112], [33.71759993252366, 17.820795675652786], [33.71788301175219, 17.82079463610139], [33.71788192623257, 17.820523493319712], [33.71816500501388, 17.820522453375247], [33.718161747286764, 17.819709025035298], [33.71759559227253, 17.819711104413216], [33.71759450725789, 17.819439961584383], [33.71731143014981, 17.819441000641657], [33.717309261034124, 17.81889871492758], [33.7187246421027, 17.818893515710844], [33.71872572879049, 17.819164658487406], [33.71900880537429, 17.819163617397557], [33.7190175029944, 17.82133275920231], [33.71760210276476, 17.821337961227112]]]}, "properties": {"zone_id": "scene_02-Z0072", "scene": "scene_02", "pixel_count": 39, "approx_area_m2": 35100.0, "centroid_x": 576122.3076923077, "centroid_y": 1970426.1538461538, "centroid_lon": 33.71832655118046, "centroid_lat": 17.820080377180275, "mean_risk": 2.0545694828033447, "max_risk": 2.620892286300659, "median_risk": 2.014007091522217, "high_priority_pixel_pct": 100.0, "priority_category": "HIGH PRIORITY", "threshold_type": "95th percentile prioritisation threshold", "recommendation": "Spectral-stress evidence detected. Prioritise field inspection to determine the underlying cause. Field verification required.", "priority_rank": 171}}, {"type": "Feature", "geometry": {"type": "Polygon", "coordinates": [[[33.57351114012154, 17.82154274939424], [33.57350940561678, 17.8210004483796], [33.573226317981735, 17.821001278842346], [33.573222850868895, 17.819916676668576], [33.574072108591835, 17.81991418421201], [33.574072976630944, 17.820185334726393], [33.57435606293578, 17.820184503074167], [33.574356931418286, 17.820455653567514], [33.5746400181357, 17.820454821491854], [33.574641756002976, 17.82099712242891], [33.57435866842954, 17.82099795453154], [33.57435779991621, 17.820726804053304], [33.57379162557912, 17.820728467001697], [33.573793360909136, 17.821270768004517], [33.57407644894141, 17.821269936708358], [33.574077317057544, 17.821541087184965], [33.57351114012154, 17.82154274939424]]]}, "properties": {"zone_id": "scene_02-Z0073", "scene": "scene_02", "pixel_count": 19, "approx_area_m2": 17100.0, "centroid_x": 560812.1052631579, "centroid_y": 1970434.7368421052, "centroid_lon": 33.573858375682036, "centroid_lat": 17.820635508143617, "mean_risk": 1.8408123254776, "max_risk": 1.962416172027588, "median_risk": 1.8157631158828735, "high_priority_pixel_pct": 100.0, "priority_category": "HIGH PRIORITY", "threshold_type": "95th percentile prioritisation threshold", "recommendation": "Spectral-stress evidence detected. Prioritise field inspection to determine the underlying cause. Field verification required.", "priority_rank": 341}}, {"type": "Feature", "geometry": {"type": "Polygon", "coordinates": [[[33.56784765000201, 17.821016979739728], [33.567844215417324, 17.81993237654818], [33.568127301631314, 17.819931553928246], [33.56812644259525, 17.819660403124814], [33.568692614121524, 17.819658756681783], [33.56869347401356, 17.819929907458533], [33.56897656018179, 17.81992908360876], [33.568977420517065, 17.82020023436461], [33.568694333920845, 17.820201058227735], [33.568695193843396, 17.820472208989383], [33.568412106803905, 17.820473032455904], [33.568413825838775, 17.821015333983226], [33.56784765000201, 17.821016979739728]]]}, "properties": {"zone_id": "scene_02-Z0074", "scene": "scene_02", "pixel_count": 19, "approx_area_m2": 17100.0, "centroid_x": 560256.3157894737, "centroid_y": 1970401.5789473683, "centroid_lon": 33.56861286294804, "centroid_lat": 17.820351143114532, "mean_risk": 2.1355128288269043, "max_risk": 3.033203363418579, "median_risk": 2.016390800476074, "high_priority_pixel_pct": 100.0, "priority_category": "HIGH PRIORITY", "threshold_type": "95th percentile prioritisation threshold", "recommendation": "Spectral-stress evidence detected. Prioritise field inspection to determine the underlying cause. Field verification required.", "priority_rank": 127}}, {"type": "Feature", "geometry": {"type": "Polygon", "coordinates": [[[33.57520619152428, 17.82045315611066], [33.57520445200672, 17.81991085519736], [33.57548753782188, 17.819910021918833], [33.5754857975101, 17.819367721002333], [33.5752027125509, 17.819368554253845], [33.57520184284614, 17.819097403770762], [33.575484927377374, 17.81909657053275], [33.57548405726009, 17.818825420055617], [33.575767141347924, 17.81882458642119], [33.57577062362159, 17.819909188230366], [33.57605370940585, 17.819908354131954], [33.57605458044088, 17.820179504551845], [33.57633766663767, 17.82017867002997], [33.576338538116154, 17.82044982042878], [33.57520619152428, 17.82045315611066]]]}, "properties": {"zone_id": "scene_02-Z0075", "scene": "scene_02", "pixel_count": 15, "approx_area_m2": 13500.0, "centroid_x": 561022.0, "centroid_y": 1970366.0, "centroid_lon": 33.57583699623004, "centroid_lat": 17.82000841546938, "mean_risk": 1.9225023984909058, "max_risk": 2.09018874168396, "median_risk": 1.9231054782867432, "high_priority_pixel_pct": 100.0, "priority_category": "HIGH PRIORITY", "threshold_type": "95th percentile prioritisation threshold", "recommendation": "Spectral-stress evidence detected. Prioritise field inspection to determine the underlying cause. Field verification required.", "priority_rank": 264}}, {"type": "Feature", "geometry": {"type": "Polygon", "coordinates": [[[33.71476373531197, 17.819450333712105], [33.71475941256231, 17.81836576164863], [33.715042488131694, 17.81836472634748], [33.715041407064334, 17.818093583329453], [33.714192181582334, 17.81809668795299], [33.71419326136601, 17.818367831021334], [33.713910185739124, 17.818368865092893], [33.71390694772921, 17.817555435814842], [33.71362387336681, 17.817556469426286], [33.71362171564504, 17.817014183169537], [33.71333864211922, 17.817015216337637], [33.7133354069637, 17.816201786845465], [33.713618479205984, 17.816200753727603], [33.713619557999856, 17.816471896882494], [33.71390263065082, 17.81647086333807], [33.71390370989168, 17.816742006468626], [33.714186782951344, 17.816740972497627], [33.71418570328263, 17.816469829383827], [33.714468775895284, 17.816468795019766], [33.71447093610757, 17.81701108120626], [33.71503708298675, 17.817009011181582], [33.71503600201532, 17.81673786812568], [33.715319074998284, 17.81673683251539], [33.71532015639757, 17.8170079755545], [33.715603229789195, 17.81700693951759], [33.71560431163553, 17.817278082532344], [33.71588738543581, 17.8172770460688], [33.71588846772922, 17.817548189059178], [33.71617154193817, 17.817547152168988], [33.71617262467866, 17.817818295134984], [33.71645569929626, 17.81781725781814], [33.71645678248385, 17.818088400759756], [33.71560755728975, 17.818091511531144], [33.71560972115523, 17.818633797492463], [33.71532664519633, 17.818634833630135], [33.7153288082828, 17.81917711959474], [33.71504573144888, 17.81917815535611], [33.71504681259299, 17.819449298343837], [33.71476373531197, 17.819450333712105]]]}, "properties": {"zone_id": "scene_02-Z0076", "scene": "scene_02", "pixel_count": 53, "approx_area_m2": 47700.0, "centroid_x": 575746.9811320754, "centroid_y": 1970160.566037736, "centroid_lon": 33.71477542498846, "centroid_lat": 17.817692951600456, "mean_risk": 1.9779776334762573, "max_risk": 2.810823440551758, "median_risk": 1.9090523719787598, "high_priority_pixel_pct": 100.0, "priority_category": "HIGH PRIORITY", "threshold_type": "95th percentile prioritisation threshold", "recommendation": "Spectral-stress evidence detected. Prioritise field inspection to determine the underlying cause. Field verification required.", "priority_rank": 222}}, {"type": "Feature", "geometry": {"type": "Polygon", "coordinates": [[[33.71278219380824, 17.81945756981304], [33.712781116087505, 17.819186426691264], [33.71249803908119, 17.81918745876368], [33.7124969618075, 17.818916315617596], [33.7127800383859, 17.81891528356191], [33.712778960703425, 17.81864414042498], [33.7130620368348, 17.818643107976143], [33.71306311494518, 17.81891425109634], [33.71334619148532, 17.8189132182209], [33.71334511294703, 17.818642075117445], [33.71362818904012, 17.818641041848863], [33.71363142599617, 17.819454471086267], [33.71278219380824, 17.81945756981304]]]}, "properties": {"zone_id": "scene_02-Z0077", "scene": "scene_02", "pixel_count": 9, "approx_area_m2": 8100.0, "centroid_x": 575573.3333333334, "centroid_y": 1970313.3333333333, "centroid_lon": 33.713142406246654, "centroid_lat": 17.819079662794493, "mean_risk": 2.0756754875183105, "max_risk": 2.4705307483673096, "median_risk": 1.9950867891311646, "high_priority_pixel_pct": 100.0, "priority_category": "HIGH PRIORITY", "threshold_type": "95th percentile prioritisation threshold", "recommendation": "Spectral-stress evidence detected. Prioritise field inspection to determine the underlying cause. Field verification required.", "priority_rank": 160}}, {"type": "Feature", "geometry": {"type": "Polygon", "coordinates": [[[33.57293283486675, 17.81774830184983], [33.57293110250454, 17.817206000569872], [33.572648020830236, 17.817206830024446], [33.57264715510009, 17.816935679359695], [33.57236407383832, 17.816936508390953], [33.57236320855146, 17.8166653577052], [33.571797046837645, 17.816667014511243], [33.57179531802152, 17.816124713063388], [33.571512237997375, 17.816125540824775], [33.571511374040206, 17.815854390076105], [33.5712282944286, 17.815855217414228], [33.57122743091463, 17.815584066644593], [33.570944351715575, 17.815584893559457], [33.570943488644794, 17.815313742768872], [33.57066040985827, 17.815314569260508], [33.57065954723067, 17.81504341844897], [33.570376468856686, 17.815044244517377], [33.5703747445031, 17.814501942844853], [33.57094089952437, 17.81450029035178], [33.57094003651488, 17.814229139530987], [33.57150619061921, 17.814227485425473], [33.57150446293488, 17.813685183814854], [33.57178753910842, 17.813684356174228], [33.57178667486145, 17.813413205371006], [33.57206975059183, 17.81341237733401], [33.57207061526661, 17.813683528123807], [33.572353691409454, 17.81368269966359], [33.5723545565274, 17.813953850432405], [33.57263763308271, 17.81395302154896], [33.572638498643826, 17.814224172296782], [33.572355421660696, 17.814225001193666], [33.57235801715274, 17.81503845343215], [33.57292417367065, 17.815036795147936], [33.57292677186807, 17.8158502472378], [33.57320985138755, 17.815849417440607], [33.57321158445178, 17.81639171876919], [33.57349466481165, 17.816390888535228], [33.57349553179473, 17.816662039174734], [33.5737786125671, 17.816661208517452], [33.57378034743522, 17.817203509746875], [33.574063429047996, 17.81720267865279], [33.57406429693306, 17.817473829242697], [33.57378121489237, 17.81747466035026], [33.57378208236492, 17.817745810946093], [33.57293283486675, 17.81774830184983]]]}, "properties": {"zone_id": "scene_02-Z0078", "scene": "scene_02", "pixel_count": 91, "approx_area_m2": 81900.0, "centroid_x": 560662.7472527473, "centroid_y": 1969910.7692307692, "centroid_lon": 33.57243388215775, "centroid_lat": 17.815903835932225, "mean_risk": 2.207526922225952, "max_risk": 2.7885565757751465, "median_risk": 2.212327241897583, "high_priority_pixel_pct": 100.0, "priority_category": "HIGH PRIORITY", "threshold_type": "95th percentile prioritisation threshold", "recommendation": "Spectral-stress evidence detected. Prioritise field inspection to determine the underlying cause. Field verification required.", "priority_rank": 98}}, {"type": "Feature", "geometry": {"type": "Polygon", "coordinates": [[[33.53160021558869, 17.81705160977677], [33.53159941192034, 17.81678045722534], [33.53103324594323, 17.816781995988055], [33.53103244314495, 17.816510843404142], [33.53131552571273, 17.816510074240195], [33.53131311611973, 17.815696616480594], [33.532162359886485, 17.815694306641838], [33.5321655778404, 17.816778916823115], [33.53244866077901, 17.816778146007174], [33.532449465731105, 17.81704929852114], [33.53160021558869, 17.81705160977677]]]}, "properties": {"zone_id": "scene_02-Z0079", "scene": "scene_02", "pixel_count": 64, "approx_area_m2": 57600.0, "centroid_x": 556304.53125, "centroid_y": 1970077.5, "centroid_lon": 33.531314114694325, "centroid_lat": 17.81752690836626, "mean_risk": 2.061399459838867, "max_risk": 2.6252808570861816, "median_risk": 2.020291328430176, "high_priority_pixel_pct": 100.0, "priority_category": "HIGH PRIORITY", "threshold_type": "95th percentile prioritisation threshold", "recommendation": "Spectral-stress evidence detected. Prioritise field inspection to determine the underlying cause. Field verification required.", "priority_rank": 165}}, {"type": "Feature", "geometry": {"type": "Polygon", "coordinates": [[[33.50725882559632, 17.818472065015122], [33.50725805866087, 17.8182009114529], [33.50697497234146, 17.818201645848767], [33.506972672900595, 17.81738818508114], [33.50753884295812, 17.817386715950935], [33.50753807564918, 17.817115562370443], [33.50782116022959, 17.817114827202413], [33.507821927966454, 17.81738598077098], [33.50810501296117, 17.817385245181125], [33.50810731753737, 17.818198705805795], [33.50782423125883, 17.818199441431418], [33.5078249990502, 17.818470594969806], [33.50725882559632, 17.818472065015122]]]}, "properties": {"zone_id": "scene_02-Z0080", "scene": "scene_02", "pixel_count": 15, "approx_area_m2": 13500.0, "centroid_x": 553786.0, "centroid_y": 1970104.0, "centroid_lon": 33.50754953244914, "centroid_lat": 17.817829575616123, "mean_risk": 2.6532938480377197, "max_risk": 4.0261125564575195, "median_risk": 2.4964001178741455, "high_priority_pixel_pct": 100.0, "priority_category": "HIGH PRIORITY", "threshold_type": "95th percentile prioritisation threshold", "recommendation": "Spectral-stress evidence detected. Prioritise field inspection to determine the underlying cause. Field verification required.", "priority_rank": 31}}, {"type": "Feature", "geometry": {"type": "Polygon", "coordinates": [[[33.70852960276461, 17.81784614776602], [33.708528531576796, 17.81757500434859], [33.70796238210799, 17.81757705558749], [33.70795917122581, 17.816763625190028], [33.70909146495301, 17.81675952127241], [33.70909575301313, 17.817844094854465], [33.70852960276461, 17.81784614776602]]]}, "properties": {"zone_id": "scene_02-Z0081", "scene": "scene_02", "pixel_count": 14, "approx_area_m2": 12600.0, "centroid_x": 575089.2857142857, "centroid_y": 1970108.5714285714, "centroid_lon": 33.70856767004494, "centroid_lat": 17.817245612183193, "mean_risk": 1.9840251207351685, "max_risk": 2.3386950492858887, "median_risk": 1.9219999313354492, "high_priority_pixel_pct": 100.0, "priority_category": "HIGH PRIORITY", "threshold_type": "95th percentile prioritisation threshold", "recommendation": "Spectral-stress evidence detected. Prioritise field inspection to determine the underlying cause. Field verification required.", "priority_rank": 216}}, {"type": "Feature", "geometry": {"type": "Polygon", "coordinates": [[[33.71249157572582, 17.817560599773575], [33.71249049856684, 17.817289456582042], [33.71220742453665, 17.817290488127533], [33.71220634782464, 17.81701934491171], [33.71135712690304, 17.817022437039036], [33.7113539007323, 17.816209007195763], [33.71107082833712, 17.81621003703513], [33.71106975341288, 17.815938893722198], [33.711352825380224, 17.815937863899524], [33.711351750047235, 17.815666720595708], [33.71163482156767, 17.81566569037993], [33.711635897328485, 17.81593683366704], [33.71191896925765, 17.815935803024757], [33.711920045465384, 17.81620694628759], [33.712203117803284, 17.81620591521879], [33.71220419445796, 17.816477058457345], [33.71277033993209, 17.816474995056858], [33.71277249501018, 17.817017281444336], [33.71305556857427, 17.8170162490959], [33.71305772458458, 17.817558535419614], [33.71249157572582, 17.817560599773575]]]}, "properties": {"zone_id": "scene_02-Z0082", "scene": "scene_02", "pixel_count": 22, "approx_area_m2": 19800.0, "centroid_x": 575460.0, "centroid_y": 1970046.8181818181, "centroid_lon": 33.71206344095549, "centroid_lat": 17.816674769135222, "mean_risk": 1.9278717041015625, "max_risk": 2.1674931049346924, "median_risk": 1.905225157737732, "high_priority_pixel_pct": 100.0, "priority_category": "HIGH PRIORITY", "threshold_type": "95th percentile prioritisation threshold", "recommendation": "Spectral-stress evidence detected. Prioritise field inspection to determine the underlying cause. Field verification required.", "priority_rank": 257}}, {"type": "Feature", "geometry": {"type": "Polygon", "coordinates": [[[33.5030102414533, 17.817669576846427], [33.5030087205157, 17.81712726931348], [33.5032918053131, 17.817126540703747], [33.50328952272417, 17.81631307938319], [33.5035726062243, 17.81631235039901], [33.50357184496044, 17.81604119662222], [33.50442109409606, 17.816039007245934], [33.50442185664363, 17.81631016098723], [33.504704940089674, 17.816309430363557], [33.504705703078685, 17.81658058408547], [33.5049887869391, 17.816579853040068], [33.50499107727116, 17.817393314125002], [33.50329256620308, 17.81739769446218], [33.50329332710657, 17.81766884821307], [33.5030102414533, 17.817669576846427]]]}, "properties": {"zone_id": "scene_02-Z0083", "scene": "scene_02", "pixel_count": 28, "approx_area_m2": 25200.0, "centroid_x": 553413.2142857143, "centroid_y": 1969992.857142857, "centroid_lon": 33.50402903133743, "centroid_lat": 17.81683411732731, "mean_risk": 2.4509189128875732, "max_risk": 3.722907066345215, "median_risk": 2.3288300037384033, "high_priority_pixel_pct": 100.0, "priority_category": "HIGH PRIORITY", "threshold_type": "95th percentile prioritisation threshold", "recommendation": "Spectral-stress evidence detected. Prioritise field inspection to determine the underlying cause. Field verification required.", "priority_rank": 50}}, {"type": "Feature", "geometry": {"type": "Polygon", "coordinates": [[[33.65728971676247, 17.81721170938266], [33.657288723075766, 17.81694056304132], [33.657571799815244, 17.81693961103754], [33.657567823533356, 17.81585502565827], [33.65728474850531, 17.815855977600336], [33.65728375490679, 17.815584831221173], [33.65700068028896, 17.815585782737994], [33.65700167345964, 17.815856929132572], [33.65671859839634, 17.815857880254992], [33.65672157673058, 17.816671319439614], [33.65643850036609, 17.816672270198445], [33.65643651564803, 17.816129977385437], [33.65615344012164, 17.81613092770362], [33.65615443204401, 17.816402074129307], [33.65558828008272, 17.816403973566974], [33.65558728901607, 17.8161328271105], [33.65530421343689, 17.816133776199198], [33.65530520407569, 17.816404922671058], [33.65360674766452, 17.816410608689], [33.653605759592864, 17.816139462124973], [33.65332268389077, 17.816140408344868], [33.653321696264506, 17.815869261757943], [33.65303862097274, 17.815870207552678], [33.65303763379185, 17.815599060942862], [33.652754558910395, 17.815600006312447], [33.65275357217486, 17.815328859679738], [33.65247049770373, 17.815329804624188], [33.65246951141354, 17.8150586579686], [33.65218643735273, 17.815059602487928], [33.65218545150787, 17.814788455809467], [33.65190237785738, 17.81478939990369], [33.65190040707577, 17.814247106493458], [33.65161733426341, 17.81424805014729], [33.65161437950554, 17.813434609929324], [33.65189745103452, 17.813433666321387], [33.65189646572242, 17.81316251958224], [33.655010246679716, 17.813152113019225], [33.655011236697334, 17.81342325958967], [33.65586045060039, 17.813420412785092], [33.65585945929945, 17.8131492662608], [33.65699174254605, 17.813145464846336], [33.656992735558084, 17.813416611309], [33.6575588779312, 17.813414708112383], [33.657559871816424, 17.813685854536622], [33.65812601497453, 17.813683949670086], [33.65812700973297, 17.81395509605589], [33.658410081713335, 17.813954142992515], [33.65841107691723, 17.8142252893553], [33.65897722168054, 17.81422338196831], [33.65897622562105, 17.813952235636442], [33.659259297548395, 17.81395128134375], [33.6592583010788, 17.81368013501979], [33.65954137256066, 17.8136791803328], [33.65954037568098, 17.813408034016753], [33.66010651773606, 17.81340612344444], [33.660105520018526, 17.813134977151805], [33.66038859059174, 17.81313402126651], [33.66038759246414, 17.8128628749818], [33.66095373270187, 17.81286096201296], [33.66095273373649, 17.812589815751696], [33.66066966405425, 17.812590772425484], [33.660668665534345, 17.812319626141154], [33.66095173478883, 17.812318669482877], [33.66095073585892, 17.81204752320649], [33.66151687345922, 17.812045608691783], [33.66151587369157, 17.811774462438866], [33.66208201036542, 17.811772546316313], [33.662081009760065, 17.811501400086907], [33.66264714550741, 17.81149948235657], [33.66265014994316, 17.812312920928825], [33.663216288185794, 17.81231100146628], [33.66321729055543, 17.812582147610787], [33.663783429582374, 17.812580226478165], [33.663785436086066, 17.81312251868219], [33.66406850642835, 17.8131215574701], [33.66406951013468, 17.813392703545183], [33.66463565162133, 17.813390779860573], [33.664634647059465, 17.813119633816683], [33.665483857872374, 17.813116745263404], [33.66548285204505, 17.81284559925877], [33.666048991642214, 17.81284367153909], [33.66604999832506, 17.81311481751247], [33.666899208870035, 17.81311192281292], [33.66690223287578, 17.813925360546882], [33.66661916142867, 17.81392632590343], [33.66662117666637, 17.814468617719545], [33.66633810434579, 17.814469582697605], [33.666341126053034, 17.815283020411968], [33.666058052431126, 17.815283985027154], [33.6660590592748, 17.815555130932438], [33.66520983701841, 17.815558022366044], [33.66520682039139, 17.81474458448687], [33.66435760182477, 17.814747472091746], [33.66435659760155, 17.814476326070075], [33.66265816255408, 17.814482090122002], [33.66265916421045, 17.814753236237113], [33.66180994516317, 17.814756112777598], [33.66181194596233, 17.815298405078373], [33.66124579813073, 17.815300320785177], [33.66124479857792, 17.815029174607517], [33.66096172506333, 17.815030131830696], [33.66096272418831, 17.815301278023867], [33.66067965022817, 17.81530223485275], [33.66067865153101, 17.815031088644073], [33.65926328360365, 17.81503586656395], [33.6592622870633, 17.814764720270247], [33.658979213852554, 17.814765674609355], [33.658978217757706, 17.814494528292613], [33.65841207213879, 17.81449643571052], [33.65841306737802, 17.814767582058177], [33.657846920832824, 17.81476948786783], [33.657849904089545, 17.815582926958097], [33.65813297865445, 17.815581974211838], [33.65813198379006, 17.81531082787142], [33.65898120609529, 17.81530796722013], [33.65898319840874, 17.815850259800644], [33.65813397353649, 17.81585312054468], [33.6581349684362, 17.816124266869966], [33.657851893015604, 17.816125219647116], [33.657852887505115, 17.816396365980275], [33.65813596335356, 17.816395413187685], [33.65813695828858, 17.816666559497836], [33.657853882012276, 17.816667512305873], [33.65785587107954, 17.81720980493438], [33.65728971676247, 17.81721170938266]], [[33.65445399725623, 17.815865474480777], [33.65530322281568, 17.815862629719774], [33.65530025105753, 17.815049190236117], [33.6544510293486, 17.815052034858788], [33.65445399725623, 17.815865474480777]]]}, "properties": {"zone_id": "scene_02-Z0084", "scene": "scene_02", "pixel_count": 449, "approx_area_m2": 404100.0, "centroid_x": 569827.8173719377, "centroid_y": 1969757.7728285077, "centroid_lon": 33.65890954028469, "centroid_lat": 17.814248671798122, "mean_risk": 3.1142845153808594, "max_risk": 5.101672172546387, "median_risk": 3.0532987117767334, "high_priority_pixel_pct": 100.0, "priority_category": "HIGH PRIORITY", "threshold_type": "95th percentile prioritisation threshold", "recommendation": "Spectral-stress evidence detected. Prioritise field inspection to determine the underlying cause. Field verification required.", "priority_rank": 12}}, {"type": "Feature", "geometry": {"type": "Polygon", "coordinates": [[[33.52848549834177, 17.81678890013122], [33.52848390046173, 17.81624659473203], [33.529899311658994, 17.816242763319952], [33.529900913818075, 17.816785068594925], [33.52848549834177, 17.81678890013122]]]}, "properties": {"zone_id": "scene_02-Z0085", "scene": "scene_02", "pixel_count": 10, "approx_area_m2": 9000.0, "centroid_x": 556080.0, "centroid_y": 1969965.0, "centroid_lon": 33.52919240610741, "centroid_lat": 17.816515832979157, "mean_risk": 1.9903814792633057, "max_risk": 2.266841173171997, "median_risk": 2.007181167602539, "high_priority_pixel_pct": 100.0, "priority_category": "HIGH PRIORITY", "threshold_type": "95th percentile prioritisation threshold", "recommendation": "Spectral-stress evidence detected. Prioritise field inspection to determine the underlying cause. Field verification required.", "priority_rank": 207}}, {"type": "Feature", "geometry": {"type": "Polygon", "coordinates": [[[33.718713776285504, 17.81618208752855], [33.71871268980984, 17.81591094466866], [33.7184296183412, 17.81591198514623], [33.71842744630336, 17.815369699369988], [33.71814437567108, 17.815370739404045], [33.718143290108884, 17.8150995964877], [33.71786021988513, 17.815100636095117], [33.71785913477, 17.814829493154342], [33.71757606495479, 17.81483053233513], [33.71757498028671, 17.81455938936994], [33.71729191088004, 17.81456042812411], [33.717290826658996, 17.81428928513451], [33.717007757660866, 17.814290323462075], [33.717005590132054, 17.81374803742648], [33.71728865827464, 17.813746999132572], [33.717286489967265, 17.813204713100347], [33.717003422680186, 17.81320575136059], [33.71700017164667, 17.81239232220495], [33.71756630363513, 17.812390245375738], [33.7175673881492, 17.81266138840152], [33.718133520916126, 17.812659309899747], [33.71813460630492, 17.812930452884263], [33.71785153950335, 17.812931492356864], [33.71785262448367, 17.813202635350656], [33.71813569171299, 17.8132015958612], [33.71813677714031, 17.813472738830562], [33.71785370948324, 17.81347377833687], [33.71785587954017, 17.814016064286584], [33.71813894805277, 17.81401502474657], [33.7181378625869, 17.813743881792355], [33.71870399869876, 17.813741801516798], [33.718705085020154, 17.81401294443729], [33.718988153474925, 17.814011903668018], [33.71899684816269, 17.8161810466243], [33.718713776285504, 17.81618208752855]]]}, "properties": {"zone_id": "scene_02-Z0086", "scene": "scene_02", "pixel_count": 49, "approx_area_m2": 44100.0, "centroid_x": 576094.2857142857, "centroid_y": 1969774.2857142857, "centroid_lon": 33.718038549869064, "centroid_lat": 17.814189702242626, "mean_risk": 2.080308675765991, "max_risk": 2.4865312576293945, "median_risk": 2.024466037750244, "high_priority_pixel_pct": 100.0, "priority_category": "HIGH PRIORITY", "threshold_type": "95th percentile prioritisation threshold", "recommendation": "Spectral-stress evidence detected. Prioritise field inspection to determine the underlying cause. Field verification required.", "priority_rank": 155}}, {"type": "Feature", "geometry": {"type": "Polygon", "coordinates": [[[33.49394775968909, 17.81633690592077], [33.49394551958328, 17.815523443373667], [33.49479476751774, 17.815521295873676], [33.49479327161287, 17.814978987540854], [33.49507635337539, 17.814978270911038], [33.495075605015, 17.814707116744934], [33.495358686336374, 17.8147063997169], [33.49535793756141, 17.81443524555488], [33.49564101844164, 17.814434528128636], [33.495640269252114, 17.814163373970704], [33.495923349691196, 17.814162656146273], [33.49592484893924, 17.814704964431325], [33.49564176764446, 17.814705682279033], [33.49564251686058, 17.814976836421888], [33.49535943512463, 17.814977553871383], [33.495361681569136, 17.815791016289587], [33.49507859853625, 17.815791733364115], [33.49508009537658, 17.816334041628448], [33.494513927559375, 17.816335474594364], [33.494513179988374, 17.816064320442738], [33.49423009648777, 17.816065036299282], [33.49423084363086, 17.816336190462508], [33.49394775968909, 17.81633690592077]]]}, "properties": {"zone_id": "scene_02-Z0087", "scene": "scene_02", "pixel_count": 21, "approx_area_m2": 18900.0, "centroid_x": 552447.1428571428, "centroid_y": 1969838.5714285714, "centroid_lon": 33.49490918826394, "centroid_lat": 17.815462901387416, "mean_risk": 1.9983495473861694, "max_risk": 2.2751591205596924, "median_risk": 1.9764257669448853, "high_priority_pixel_pct": 100.0, "priority_category": "HIGH PRIORITY", "threshold_type": "95th percentile prioritisation threshold", "recommendation": "Spectral-stress evidence detected. Prioritise field inspection to determine the underlying cause. Field verification required.", "priority_rank": 200}}, {"type": "Feature", "geometry": {"type": "Polygon", "coordinates": [[[33.645957827168544, 17.814809131219246], [33.6459568507531, 17.814537984198058], [33.64539070352436, 17.8145398539153], [33.645389727981865, 17.81426870685624], [33.645106654769315, 17.814269641085026], [33.6451037295291, 17.81345619981704], [33.64482065758263, 17.813457133590628], [33.644817733781494, 17.81264369220917], [33.645100804444645, 17.812642758480997], [33.64509885447488, 17.812100464219164], [33.645664994038256, 17.812098595594165], [33.645664018223854, 17.8118274484822], [33.64707936469032, 17.81182276982525], [33.64708034264343, 17.81209391686136], [33.647646481964024, 17.81209204250011], [33.647647460789976, 17.812363189498274], [33.64793053085196, 17.812362251687844], [33.64793248941151, 17.812904545631078], [33.64878170205968, 17.812901729650058], [33.64878268264884, 17.813172876564682], [33.64906575392453, 17.813171937069608], [33.64906673495888, 17.813443083961438], [33.649349806644935, 17.81344214404137], [33.64935176962143, 17.813984437771854], [33.649634842145645, 17.813983497411538], [33.64963680604744, 17.814525791081284], [33.649070659270386, 17.814527671453106], [33.6490716403918, 17.81479881830712], [33.64793934491753, 17.81480257419416], [33.64793836550737, 17.814531427279263], [33.64737221852153, 17.81453330273359], [33.64737319707606, 17.814804449678892], [33.645957827168544, 17.814809131219246]]]}, "properties": {"zone_id": "scene_02-Z0088", "scene": "scene_02", "pixel_count": 134, "approx_area_m2": 120600.0, "centroid_x": 568566.4925373134, "centroid_y": 1969665.8955223882, "centroid_lon": 33.64700498776329, "centroid_lat": 17.813458011525253, "mean_risk": 3.1780076026916504, "max_risk": 4.666077136993408, "median_risk": 3.2007064819335938, "high_priority_pixel_pct": 100.0, "priority_category": "HIGH PRIORITY", "threshold_type": "95th percentile prioritisation threshold", "recommendation": "Spectral-stress evidence detected. Prioritise field inspection to determine the underlying cause. Field verification required.", "priority_rank": 10}}, {"type": "Feature", "geometry": {"type": "Polygon", "coordinates": [[[33.53753683798209, 17.814323830300218], [33.5375360254718, 17.81405267793682], [33.53781910385897, 17.814051899459407], [33.53781829093528, 17.813780747101085], [33.53838444681067, 17.813779188942085], [33.53838607438381, 17.814321493600662], [33.53753683798209, 17.814323830300218]]]}, "properties": {"zone_id": "scene_02-Z0089", "scene": "scene_02", "pixel_count": 13, "approx_area_m2": 11700.0, "centroid_x": 556936.1538461539, "centroid_y": 1969719.2307692308, "centroid_lon": 33.53726449062623, "centroid_lat": 17.81427243377484, "mean_risk": 1.885617733001709, "max_risk": 2.0862812995910645, "median_risk": 1.855344295501709, "high_priority_pixel_pct": 100.0, "priority_category": "HIGH PRIORITY", "threshold_type": "95th percentile prioritisation threshold", "recommendation": "Spectral-stress evidence detected. Prioritise field inspection to determine the underlying cause. Field verification required.", "priority_rank": 300}}, {"type": "Feature", "geometry": {"type": "Polygon", "coordinates": [[[33.543766212456234, 17.814848912997544], [33.54376456856718, 17.814306608851755], [33.54404764706296, 17.81430582134576], [33.54404682471248, 17.814034669274314], [33.54432990276584, 17.81403388137127], [33.54432908000213, 17.813762729305047], [33.54546139035814, 17.813759573645957], [33.54546221483316, 17.814030725661027], [33.545745292813415, 17.814029935708945], [33.54574611773089, 17.814301087703655], [33.544896882462716, 17.814303456368872], [33.54489770611132, 17.814574608394437], [33.54433154833708, 17.814576185481073], [33.5443323711446, 17.81484733752466], [33.543766212456234, 17.814848912997544]]]}, "properties": {"zone_id": "scene_02-Z0090", "scene": "scene_02", "pixel_count": 16, "approx_area_m2": 14400.0, "centroid_x": 557718.75, "centroid_y": 1969717.5, "centroid_lon": 33.54464898300176, "centroid_lat": 17.81423635852443, "mean_risk": 1.9609436988830566, "max_risk": 2.2094063758850098, "median_risk": 1.9564228057861328, "high_priority_pixel_pct": 100.0, "priority_category": "HIGH PRIORITY", "threshold_type": "95th percentile prioritisation threshold", "recommendation": "Spectral-stress evidence detected. Prioritise field inspection to determine the underlying cause. Field verification required.", "priority_rank": 231}}, {"type": "Feature", "geometry": {"type": "Polygon", "coordinates": [[[33.53272449592654, 17.814337001928653], [33.53272369068947, 17.814065849351724], [33.53244061204387, 17.814066620452532], [33.53243980724893, 17.81379546785556], [33.532156729016855, 17.81379623853406], [33.532155924664025, 17.81352508591705], [33.53243900246827, 17.813524315251044], [33.53243819770189, 17.81325316263898], [33.53272127506404, 17.813252391575684], [33.53271805443023, 17.81216778110198], [33.5330011300669, 17.812167009678912], [33.5329995189802, 17.8116247044218], [33.53271644419908, 17.811625475819852], [33.53271563910494, 17.81135432316748], [33.532998713458305, 17.811353551781927], [33.53299790795071, 17.81108239913451], [33.533564055759015, 17.81108085515921], [33.53356647489127, 17.81189431300373], [33.5341326252089, 17.8118927673143], [33.53413585434129, 17.812977377567776], [33.534418931189755, 17.81297660405826], [33.53441973893649, 17.813247756590226], [33.53413666166022, 17.813248530112283], [33.53413746899348, 17.81351968264924], [33.533854391275064, 17.81352045577404], [33.53385519819482, 17.813791608315988], [33.533572120034265, 17.813792381043513], [33.53357292654052, 17.814063533590442], [33.533289847937816, 17.81406430592068], [33.53329065403055, 17.81433545847258], [33.53272449592654, 17.814337001928653]]]}, "properties": {"zone_id": "scene_02-Z0091", "scene": "scene_02", "pixel_count": 50, "approx_area_m2": 45000.0, "centroid_x": 556517.4, "centroid_y": 1969560.0, "centroid_lon": 33.53330886683228, "centroid_lat": 17.81284405757691, "mean_risk": 2.0629019737243652, "max_risk": 2.5096888542175293, "median_risk": 2.01434326171875, "high_priority_pixel_pct": 100.0, "priority_category": "HIGH PRIORITY", "threshold_type": "95th percentile prioritisation threshold", "recommendation": "Spectral-stress evidence detected. Prioritise field inspection to determine the underlying cause. Field verification required.", "priority_rank": 163}}, {"type": "Feature", "geometry": {"type": "Polygon", "coordinates": [[[33.64113878261108, 17.812926940719386], [33.64113684458398, 17.812384646050024], [33.64085377410708, 17.812385574026695], [33.64085183700428, 17.811843279297], [33.6400026280369, 17.811846060678384], [33.6400016607945, 17.811574913257093], [33.63971859153209, 17.811575839549743], [33.63971762473458, 17.81130469210588], [33.639434555882744, 17.8113056179738], [33.639433589530114, 17.81103447050737], [33.63915052108884, 17.81103539595057], [33.63914762341701, 17.810221953460896], [33.6388645562417, 17.810222878449395], [33.63886262540158, 17.809680583388474], [33.6385795590645, 17.809681507937302], [33.63857859409783, 17.80941036038051], [33.63886166000723, 17.80940943584668], [33.638860694630026, 17.809138288297326], [33.638294563649424, 17.80914013692535], [33.6382897412969, 17.807784398915306], [33.63913893132744, 17.807781625583633], [33.63913796562543, 17.807510478003927], [33.639421028507044, 17.807509552755786], [33.639419096299264, 17.806967257603688], [33.639985220300574, 17.80696540593859], [33.639986187251104, 17.807236553488394], [33.64055231203895, 17.807234700154805], [33.64055134423321, 17.806963552635064], [33.641117468097114, 17.806961697693097], [33.64111649945337, 17.806690550195874], [33.641682622393276, 17.80668869364558], [33.64168165291155, 17.80641754617091], [33.642530835909525, 17.806414758318677], [33.64252986516226, 17.806143610881655], [33.643095986219585, 17.806141750295705], [33.64309695782201, 17.80641289770255], [33.64338001875238, 17.8064119667801], [33.64338099079964, 17.806683114164297], [33.64309792944169, 17.806684045101843], [33.643098901078616, 17.806955192493575], [33.642532777455756, 17.80695705317005], [33.642533748254735, 17.807228200584397], [33.642816810502396, 17.807227270435874], [33.64281778174622, 17.807498417827578], [33.64310084440424, 17.807497487254356], [33.64310181609292, 17.807768634623407], [33.64395100524631, 17.807765840400705], [33.64395197823513, 17.808036987716886], [33.64423504167934, 17.80803605547495], [33.6442340682629, 17.807764908173887], [33.644517131262205, 17.807763975537434], [33.64451810510627, 17.808035122823377], [33.645084231908264, 17.808033256291335], [33.64508520662489, 17.80830440353945], [33.64536827042757, 17.808303469643835], [33.645369245589144, 17.808574616869244], [33.645086181358835, 17.808575550780002], [33.64508813087863, 17.809117845238426], [33.645371195964245, 17.809116911297377], [33.64537899815719, 17.811286088707494], [33.64509592965004, 17.81128702276969], [33.645097879515966, 17.811829317076903], [33.64481481013605, 17.81183025075966], [33.64481578466723, 17.812101397917058], [33.64424964500004, 17.81210326408366], [33.644250618693015, 17.812374411263747], [33.643684478101186, 17.812376275821645], [33.643683505263695, 17.81210512861132], [33.64340043536962, 17.812106060260557], [33.643401407779365, 17.81237720748598], [33.64283526708393, 17.812379069585432], [33.64283623865542, 17.81265021683349], [33.6422700970355, 17.81265207732414], [33.64226815562078, 17.81210978276015], [33.64198508564047, 17.81211071236071], [33.64198799650513, 17.812924154240577], [33.64113878261108, 17.812926940719386]]]}, "properties": {"zone_id": "scene_02-Z0092", "scene": "scene_02", "pixel_count": 417, "approx_area_m2": 375300.0, "centroid_x": 568037.3381294964, "centroid_y": 1969239.2805755395, "centroid_lon": 33.641998230531634, "centroid_lat": 17.809618620323473, "mean_risk": 3.6826283931732178, "max_risk": 5.626313209533691, "median_risk": 3.750339984893799, "high_priority_pixel_pct": 100.0, "priority_category": "HIGH PRIORITY", "threshold_type": "95th percentile prioritisation threshold", "recommendation": "Spectral-stress evidence detected. Prioritise field inspection to determine the underlying cause. Field verification required.", "priority_rank": 1}}, {"type": "Feature", "geometry": {"type": "Polygon", "coordinates": [[[33.705394449013426, 17.81243453603713], [33.70539338291081, 17.812163392285726], [33.70511031653331, 17.812164413270715], [33.705109250877335, 17.81189326949519], [33.70482618490863, 17.811894290053914], [33.70482405450886, 17.81135200244705], [33.70510711962214, 17.81135098192142], [33.70510498844262, 17.810808694317366], [33.70595418110277, 17.810805630381637], [33.705953114258335, 17.810534486617932], [33.70651924174839, 17.810532441978857], [33.70652030944819, 17.81080358570941], [33.70680337359247, 17.81080256275878], [33.70680444173891, 17.811073706465173], [33.705955247966145, 17.811076774137774], [33.70595738174971, 17.811619061627333], [33.70624044721499, 17.811618039446344], [33.7062415145629, 17.811889183163185], [33.706524580436934, 17.81188816055592], [33.70652564823151, 17.81215930424862], [33.70595951560904, 17.812161349086598], [33.705960582567116, 17.81243249280488], [33.705394449013426, 17.81243453603713]]]}, "properties": {"zone_id": "scene_02-Z0093", "scene": "scene_02", "pixel_count": 27, "approx_area_m2": 24300.0, "centroid_x": 574790.0, "centroid_y": 1969470.0, "centroid_lon": 33.705720960572734, "centroid_lat": 17.8114843412554, "mean_risk": 2.2885756492614746, "max_risk": 3.077836036682129, "median_risk": 2.1975393295288086, "high_priority_pixel_pct": 100.0, "priority_category": "HIGH PRIORITY", "threshold_type": "95th percentile prioritisation threshold", "recommendation": "Spectral-stress evidence detected. Prioritise field inspection to determine the underlying cause. Field verification required.", "priority_rank": 77}}, {"type": "Feature", "geometry": {"type": "Polygon", "coordinates": [[[33.65642163250812, 17.812062780323487], [33.656419648388855, 17.81152048725331], [33.65698578484397, 17.81151858591152], [33.65698479195532, 17.811247439395913], [33.65868319833108, 17.811241725630055], [33.65868419378606, 17.81151287205302], [33.65811805754263, 17.81151477831138], [33.65811905215982, 17.811785924757693], [33.65726984637911, 17.811788781118683], [33.65727083973075, 17.812059927603737], [33.656987770674164, 17.81206087892005], [33.656986777750255, 17.811789732419566], [33.65670370910378, 17.811790683310733], [33.65670470159995, 17.81206182982663], [33.65642163250812, 17.812062780323487]]]}, "properties": {"zone_id": "scene_02-Z0094", "scene": "scene_02", "pixel_count": 14, "approx_area_m2": 12600.0, "centroid_x": 569674.2857142857, "centroid_y": 1969461.4285714286, "centroid_lon": 33.657451038365515, "centroid_lat": 17.811575125687405, "mean_risk": 1.831748127937317, "max_risk": 1.937577247619629, "median_risk": 1.8363122940063477, "high_priority_pixel_pct": 100.0, "priority_category": "HIGH PRIORITY", "threshold_type": "95th percentile prioritisation threshold", "recommendation": "Spectral-stress evidence detected. Prioritise field inspection to determine the underlying cause. Field verification required.", "priority_rank": 347}}, {"type": "Feature", "geometry": {"type": "Polygon", "coordinates": [[[33.71445041718668, 17.81185936121141], [33.71444933743516, 17.81158821797806], [33.714732402328714, 17.81158718350608], [33.714728081803536, 17.810502610563997], [33.71444501862074, 17.810503644968893], [33.714443938965054, 17.810232501697673], [33.7138778133973, 17.810234569244916], [33.7138767346161, 17.8099634259326], [33.71359367223116, 17.809964459074976], [33.713591515581534, 17.80942217239412], [33.713308454032756, 17.809423205093342], [33.713307376164295, 17.809152061724816], [33.713873498387436, 17.809149995950218], [33.71387457711117, 17.809421139285252], [33.71415763862166, 17.809420105766733], [33.714158717792195, 17.80969124907744], [33.71444177971117, 17.809690215132512], [33.71444285932853, 17.809961358418878], [33.71472592165599, 17.809960324047534], [33.714727001720185, 17.810231467309546], [33.71501006445613, 17.810230432511766], [33.715016547810045, 17.81185729182421], [33.71445041718668, 17.81185936121141]]]}, "properties": {"zone_id": "scene_02-Z0095", "scene": "scene_02", "pixel_count": 18, "approx_area_m2": 16200.0, "centroid_x": 575705.0, "centroid_y": 1969345.0, "centroid_lon": 33.714349944544665, "centroid_lat": 17.810323227495786, "mean_risk": 1.9353985786437988, "max_risk": 2.1572718620300293, "median_risk": 1.9695369005203247, "high_priority_pixel_pct": 100.0, "priority_category": "HIGH PRIORITY", "threshold_type": "95th percentile prioritisation threshold", "recommendation": "Spectral-stress evidence detected. Prioritise field inspection to determine the underlying cause. Field verification required.", "priority_rank": 247}}, {"type": "Feature", "geometry": {"type": "Polygon", "coordinates": [[[33.71869639498888, 17.81184380086127], [33.71869530882174, 17.811572657880184], [33.71841224419732, 17.81157369808792], [33.718408987094655, 17.81076026904863], [33.718125923734036, 17.810761308796092], [33.71812375328397, 17.810219022698316], [33.718406815789244, 17.81021798298456], [33.71840573016544, 17.809946839941176], [33.71897185426285, 17.809944759318423], [33.71897946002173, 17.811842760226966], [33.71869639498888, 17.81184380086127]]]}, "properties": {"zone_id": "scene_02-Z0096", "scene": "scene_02", "pixel_count": 15, "approx_area_m2": 13500.0, "centroid_x": 576160.0, "centroid_y": 1969398.0, "centroid_lon": 33.71864498181671, "centroid_lat": 17.81078651658046, "mean_risk": 1.8898253440856934, "max_risk": 2.082874298095703, "median_risk": 1.890406608581543, "high_priority_pixel_pct": 100.0, "priority_category": "HIGH PRIORITY", "threshold_type": "95th percentile prioritisation threshold", "recommendation": "Spectral-stress evidence detected. Prioritise field inspection to determine the underlying cause. Field verification required.", "priority_rank": 295}}, {"type": "Feature", "geometry": {"type": "Polygon", "coordinates": [[[33.6646296245176, 17.81176390348373], [33.66462661120646, 17.81095046519318], [33.664909678073386, 17.810949502876664], [33.6649086732443, 17.810678356780283], [33.66575787245492, 17.81067546741939], [33.66575988469717, 17.811217759510882], [33.66519375019711, 17.811219686223648], [33.665194755489594, 17.811490832289287], [33.66491168778507, 17.811491795046724], [33.664912692667684, 17.811762941120403], [33.6646296245176, 17.81176390348373]]]}, "properties": {"zone_id": "scene_02-Z0097", "scene": "scene_02", "pixel_count": 10, "approx_area_m2": 9000.0, "centroid_x": 570489.0, "centroid_y": 1969413.0, "centroid_lon": 33.6651367346654, "centroid_lat": 17.81111142037517, "mean_risk": 2.8632164001464844, "max_risk": 3.5736398696899414, "median_risk": 2.808115243911743, "high_priority_pixel_pct": 100.0, "priority_category": "HIGH PRIORITY", "threshold_type": "95th percentile prioritisation threshold", "recommendation": "Spectral-stress evidence detected. Prioritise field inspection to determine the underlying cause. Field verification required.", "priority_rank": 20}}, {"type": "Feature", "geometry": {"type": "Polygon", "coordinates": [[[33.53809567582379, 17.811881901595317], [33.53809486258777, 17.811610749189246], [33.53696256441098, 17.81161386182508], [33.536961752900424, 17.811342709361004], [33.53724482703849, 17.811341931829272], [33.5372440151146, 17.811070779370258], [33.5375270888105, 17.8110700014414], [33.53752790116215, 17.811341153887806], [33.537810975271384, 17.811340375536595], [33.53780853697647, 17.81052691821261], [33.53724239131005, 17.810528474429585], [33.5372415794294, 17.810257321947937], [33.536958507002296, 17.810258099429237], [33.536959318455224, 17.8105292519235], [33.53639317270235, 17.81053080568213], [33.536393983314206, 17.810801958194038], [33.53611090998844, 17.81080273447136], [33.53611253039982, 17.811345039497713], [33.53526330776977, 17.81134736594671], [33.53526249884014, 17.811076213399588], [33.53497942502914, 17.81107698805054], [33.53497699960964, 17.81026353032622], [33.53554314465085, 17.810261980689962], [33.53554152606541, 17.809719675552934], [33.53582459770902, 17.809718900145374], [33.53582378801015, 17.809447747578115], [33.53525764556396, 17.8094492979584], [33.53525845440742, 17.809720450550795], [33.53469231104838, 17.80972199931739], [33.534690695086624, 17.80917969407483], [33.53497376591792, 17.80917891992149], [33.53497295753086, 17.80890776730145], [33.53412374627704, 17.80891008849475], [33.5341229391874, 17.80863893582952], [33.533839869168474, 17.80863970872872], [33.53383906252083, 17.808368556043412], [33.53298985366119, 17.808370872245366], [33.53298824297488, 17.807828566777008], [33.533837449268525, 17.807826250650173], [33.53383664266385, 17.807555097942238], [33.534119710972114, 17.807554325093168], [33.534118903954116, 17.807283172390225], [33.53468503967235, 17.807281625488226], [33.534682616138525, 17.80646816740937], [33.53496568269323, 17.80646739338156], [33.53496649095112, 17.8067385460695], [33.5352495579191, 17.806737771619506], [33.535248749233595, 17.80646661894413], [33.5355318157596, 17.806465844097062], [33.535531006660825, 17.806194691426704], [33.53581407274484, 17.80619391618259], [33.53581326323283, 17.805922763517263], [33.53637939450251, 17.80592121182534], [33.536380204869744, 17.806192364465502], [33.536663270910616, 17.80619158799253], [33.53666408171984, 17.806462740612567], [33.53694714817394, 17.806461963717375], [33.53694877069084, 17.8070042689096], [33.53723183798578, 17.807003491579582], [33.53723264969348, 17.807274644151768], [33.53751571740165, 17.80727386639949], [33.53751815389418, 17.80808732403296], [33.53865042971441, 17.808084208775856], [33.5386512436181, 17.808355361254737], [33.53893431296472, 17.80835458140366], [33.53893512731054, 17.808625733862353], [33.539218197070376, 17.80862495358894], [33.53921738229688, 17.808353801142903], [33.53950045161457, 17.80835302047248], [33.53950126681574, 17.808624172905855], [33.53978433654664, 17.8086233918131], [33.53978678352006, 17.809436849029975], [33.540069854519544, 17.809436067489518], [33.54007230290644, 17.81024952460047], [33.53978923062381, 17.81025030617894], [33.53979004635402, 17.810521458546837], [33.539506973629194, 17.810522239728265], [33.539507788946146, 17.810793392101278], [33.54007393523681, 17.810791829303366], [33.54007311906438, 17.810520676955694], [33.540356191760246, 17.81051989495482], [33.54035537517458, 17.810248742612274], [33.540638447428215, 17.810247960214365], [33.54063517951966, 17.809163350819468], [33.54120132056175, 17.809161784896066], [33.541202138372526, 17.809432937230714], [33.542334421993196, 17.809429800416773], [33.542335241529315, 17.809700952693014], [33.54261831282583, 17.809700167452547], [33.54261913280421, 17.809971319708513], [33.543185276208995, 17.809969747972996], [33.54318691792032, 17.81051205241132], [33.5434699904563, 17.81051126590349], [33.54347081176156, 17.810782418098572], [33.54318773879784, 17.81078320461915], [33.54318855968994, 17.811054356819444], [33.54262241286331, 17.8110559286569], [33.54262323291448, 17.81132708087513], [33.54177401128212, 17.811329435596473], [33.5417731925142, 17.81105828334006], [33.541490119035416, 17.811059067414977], [33.54149175573028, 17.811601371945674], [33.540076383841054, 17.811605286301127], [33.54007556762515, 17.81133413397609], [33.53866019751247, 17.81133803802448], [33.53865938344981, 17.811066885628595], [33.538376309811646, 17.81106766519641], [33.538378750759684, 17.811881122399345], [33.53809567582379, 17.811881901595317]], [[33.536668135981955, 17.80781850359955], [33.53695120457424, 17.80781772664136], [33.536950393265364, 17.807546574071658], [33.53666732510074, 17.807547351017238], [33.536668135981955, 17.80781850359955]]]}, "properties": {"zone_id": "scene_02-Z0098", "scene": "scene_02", "pixel_count": 339, "approx_area_m2": 305100.0, "centroid_x": 556996.5486725664, "centroid_y": 1969170.9734513275, "centroid_lon": 33.53781951895266, "centroid_lat": 17.809315490370917, "mean_risk": 2.490623950958252, "max_risk": 4.212982654571533, "median_risk": 2.3642544746398926, "high_priority_pixel_pct": 100.0, "priority_category": "HIGH PRIORITY", "threshold_type": "95th percentile prioritisation threshold", "recommendation": "Spectral-stress evidence detected. Prioritise field inspection to determine the underlying cause. Field verification required.", "priority_rank": 45}}, {"type": "Feature", "geometry": {"type": "Polygon", "coordinates": [[[33.58593512893655, 17.81174440063319], [33.585934243409355, 17.811473250456437], [33.58565117143439, 17.811474098476587], [33.58565028635066, 17.811202948278535], [33.5862164294294, 17.811201251855994], [33.586215543505915, 17.810930101677897], [33.586498614593964, 17.810929252865794], [33.58649684193873, 17.810386952514463], [33.58706298235672, 17.81038525371619], [33.58706209519728, 17.81011410355674], [33.58734516495494, 17.81011325355682], [33.58734694014499, 17.8106555538406], [33.5870638695319, 17.81065640386808], [33.587066531151955, 17.811469854278464], [33.58678345923992, 17.81147070393756], [33.586784346050344, 17.81174185407303], [33.58593512893655, 17.81174440063319]]]}, "properties": {"zone_id": "scene_02-Z0099", "scene": "scene_02", "pixel_count": 17, "approx_area_m2": 15300.0, "centroid_x": 562166.4705882353, "centroid_y": 1969380.0, "centroid_lon": 33.58660729090829, "centroid_lat": 17.811064503292197, "mean_risk": 2.191401958465576, "max_risk": 2.611562490463257, "median_risk": 2.186110258102417, "high_priority_pixel_pct": 100.0, "priority_category": "HIGH PRIORITY", "threshold_type": "95th percentile prioritisation threshold", "recommendation": "Spectral-stress evidence detected. Prioritise field inspection to determine the underlying cause. Field verification required.", "priority_rank": 105}}, {"type": "Feature", "geometry": {"type": "Polygon", "coordinates": [[[33.51516500158518, 17.811401348833787], [33.51516422302627, 17.81113019541141], [33.51488114821508, 17.81113094097069], [33.51487959199422, 17.81058863407913], [33.51516266594991, 17.810587888544028], [33.51516110892884, 17.810045581646477], [33.51544418201524, 17.81004483572583], [33.51544340309771, 17.809773682277832], [33.516009548373574, 17.80977218923159], [33.51601032814655, 17.810043342655373], [33.51629340119144, 17.810042595505568], [33.516295741876625, 17.810856055695325], [33.51601266754852, 17.810856802881474], [33.51601344737687, 17.81112795627509], [33.51573037260717, 17.811128703063606], [33.5157311520216, 17.811399856461787], [33.51516500158518, 17.811401348833787]]]}, "properties": {"zone_id": "scene_02-Z0100", "scene": "scene_02", "pixel_count": 21, "approx_area_m2": 18900.0, "centroid_x": 554642.8571428572, "centroid_y": 1969305.7142857143, "centroid_lon": 33.515614254831725, "centroid_lat": 17.810593154423724, "mean_risk": 2.48604679107666, "max_risk": 3.653224229812622, "median_risk": 2.380112648010254, "high_priority_pixel_pct": 100.0, "priority_category": "HIGH PRIORITY", "threshold_type": "95th percentile prioritisation threshold", "recommendation": "Spectral-stress evidence detected. Prioritise field inspection to determine the underlying cause. Field verification required.", "priority_rank": 47}}, {"type": "Feature", "geometry": {"type": "Polygon", "coordinates": [[[33.56158914818532, 17.811273531256273], [33.56158745077997, 17.810731228548715], [33.561304378764724, 17.81073204129178], [33.56130183405285, 17.809918587134295], [33.561018763305704, 17.809919399428125], [33.561017915526236, 17.809648248014028], [33.561584056150046, 17.809646623043022], [33.56158490478493, 17.809917774430772], [33.56186797550195, 17.809916961317533], [33.56186967367234, 17.810459264044013], [33.562152745229724, 17.810458450494696], [33.56215529388157, 17.811271904488223], [33.56158914818532, 17.811273531256273]]]}, "properties": {"zone_id": "scene_02-Z0101", "scene": "scene_02", "pixel_count": 13, "approx_area_m2": 11700.0, "centroid_x": 559523.0769230769, "centroid_y": 1969306.1538461538, "centroid_lon": 33.56166284632426, "centroid_lat": 17.810470287200378, "mean_risk": 2.199815273284912, "max_risk": 2.8148388862609863, "median_risk": 2.2065036296844482, "high_priority_pixel_pct": 100.0, "priority_category": "HIGH PRIORITY", "threshold_type": "95th percentile prioritisation threshold", "recommendation": "Spectral-stress evidence detected. Prioritise field inspection to determine the underlying cause. Field verification required.", "priority_rank": 100}}, {"type": "Feature", "geometry": {"type": "Polygon", "coordinates": [[[33.58338571340786, 17.811209717579562], [33.583383950131235, 17.810667416941286], [33.58310087929834, 17.81066826123276], [33.58309999811122, 17.81039711088861], [33.5828169276904, 17.810397954756677], [33.58281604694665, 17.81012680439129], [33.58309911693975, 17.810125960536904], [33.58309823578393, 17.809854810177644], [33.5836643748678, 17.809853121267146], [33.583663492872226, 17.80958197092772], [33.58394656196298, 17.809581125871635], [33.583947444386254, 17.809852276197347], [33.58423051388904, 17.809851430717863], [33.58423492837901, 17.81120718216464], [33.58338571340786, 17.811209717579562]]]}, "properties": {"zone_id": "scene_02-Z0102", "scene": "scene_02", "pixel_count": 20, "approx_area_m2": 18000.0, "centroid_x": 561856.5, "centroid_y": 1969309.5, "centroid_lon": 33.58368042473359, "centroid_lat": 17.810436052226102, "mean_risk": 2.5444865226745605, "max_risk": 3.4904587268829346, "median_risk": 2.5035550594329834, "high_priority_pixel_pct": 100.0, "priority_category": "HIGH PRIORITY", "threshold_type": "95th percentile prioritisation threshold", "recommendation": "Spectral-stress evidence detected. Prioritise field inspection to determine the underlying cause. Field verification required.", "priority_rank": 41}}, {"type": "Feature", "geometry": {"type": "Polygon", "coordinates": [[[33.65528539464027, 17.810981991796712], [33.655284404353104, 17.810710845173578], [33.6550013373119, 17.810711793544908], [33.65500034747001, 17.810440646898833], [33.65471728083892, 17.810441594845095], [33.6547162914423, 17.810170448176095], [33.6552824238315, 17.810168551904635], [33.65528341408351, 17.810439698542883], [33.65584954725778, 17.810437800601914], [33.65584855615039, 17.810166653994433], [33.65783001871185, 17.810159998403773], [33.65783101281307, 17.810431144903337], [33.65754794635806, 17.810432096946485], [33.657548940049224, 17.81070324345393], [33.65669973929528, 17.810706097171508], [33.656700731720974, 17.81097724371766], [33.65528539464027, 17.810981991796712]]]}, "properties": {"zone_id": "scene_02-Z0103", "scene": "scene_02", "pixel_count": 23, "approx_area_m2": 20700.0, "centroid_x": 569550.0, "centroid_y": 1969344.7826086956, "centroid_lon": 33.65627447049249, "centroid_lat": 17.810524793433594, "mean_risk": 2.043374538421631, "max_risk": 2.4309558868408203, "median_risk": 2.0129289627075195, "high_priority_pixel_pct": 100.0, "priority_category": "HIGH PRIORITY", "threshold_type": "95th percentile prioritisation threshold", "recommendation": "Spectral-stress evidence detected. Prioritise field inspection to determine the underlying cause. Field verification required.", "priority_rank": 178}}, {"type": "Feature", "geometry": {"type": "Polygon", "coordinates": [[[33.712026804879834, 17.77173832169276], [33.712024657891845, 17.77119603271136], [33.712590660678174, 17.77119397489491], [33.712591735015785, 17.77146511935596], [33.71230873320559, 17.771466148485256], [33.71230980713571, 17.77173729295547], [33.712026804879834, 17.77173832169276]]]}, "properties": {"zone_id": "scene_02-Z0104", "scene": "scene_02", "pixel_count": 5444, "approx_area_m2": 4899600.0, "centroid_x": 575152.3016164585, "centroid_y": 1967238.6480529022, "centroid_lon": 33.709059799967264, "centroid_lat": 17.79130472928477, "mean_risk": 2.4270031452178955, "max_risk": 4.1682868003845215, "median_risk": 2.3341617584228516, "high_priority_pixel_pct": 100.0, "priority_category": "HIGH PRIORITY", "threshold_type": "95th percentile prioritisation threshold", "recommendation": "Spectral-stress evidence detected. Prioritise field inspection to determine the underlying cause. Field verification required.", "priority_rank": 54}}, {"type": "Feature", "geometry": {"type": "Polygon", "coordinates": [[[33.628105143470606, 17.809444280134255], [33.628104194344836, 17.809173132019907], [33.62782112821744, 17.809174040971506], [33.62782017953618, 17.808902892834865], [33.62753711381962, 17.808903801362067], [33.62753521736293, 17.80836150503664], [33.62810134706861, 17.808359687631512], [33.62810229614383, 17.808630835768536], [33.62838536139905, 17.80862992643676], [33.62838631091878, 17.808901074551475], [33.62866937658479, 17.808900164795297], [33.62867127653016, 17.80944246097255], [33.628105143470606, 17.809444280134255]]]}, "properties": {"zone_id": "scene_02-Z0105", "scene": "scene_02", "pixel_count": 10, "approx_area_m2": 9000.0, "centroid_x": 566565.0, "centroid_y": 1969155.0, "centroid_lon": 33.628103245235906, "centroid_lat": 17.808901983898, "mean_risk": 1.8985828161239624, "max_risk": 2.014259099960327, "median_risk": 1.902512550354004, "high_priority_pixel_pct": 100.0, "priority_category": "HIGH PRIORITY", "threshold_type": "95th percentile prioritisation threshold", "recommendation": "Spectral-stress evidence detected. Prioritise field inspection to determine the underlying cause. Field verification required.", "priority_rank": 289}}, {"type": "Feature", "geometry": {"type": "Polygon", "coordinates": [[[33.62187485627943, 17.80865073742525], [33.62187391661251, 17.808379588965515], [33.62159085139932, 17.808380488860656], [33.62158897297079, 17.807838191889328], [33.621872037328714, 17.807837292023375], [33.62187015811164, 17.807294995051013], [33.622153221597635, 17.807294094804618], [33.62215510166995, 17.807836391747784], [33.62272123030234, 17.807834589967698], [33.622723112151974, 17.808376886822202], [33.62244004698885, 17.80837778794629], [33.62244098751107, 17.80864893637682], [33.62187485627943, 17.80865073742525]]]}, "properties": {"zone_id": "scene_02-Z0106", "scene": "scene_02", "pixel_count": 12, "approx_area_m2": 10800.0, "centroid_x": 565932.5, "centroid_y": 1969062.5, "centroid_lon": 33.622132374664936, "centroid_lat": 17.80808501954303, "mean_risk": 2.0765726566314697, "max_risk": 2.319230794906616, "median_risk": 2.115257740020752, "high_priority_pixel_pct": 100.0, "priority_category": "HIGH PRIORITY", "threshold_type": "95th percentile prioritisation threshold", "recommendation": "Spectral-stress evidence detected. Prioritise field inspection to determine the underlying cause. Field verification required.", "priority_rank": 159}}, {"type": "Feature", "geometry": {"type": "Polygon", "coordinates": [[[33.69490416249196, 17.808133729559422], [33.69490311251368, 17.807862585078883], [33.694620052283994, 17.807863590643436], [33.694619002751956, 17.80759244613903], [33.69433594293125, 17.807593451277665], [33.69433489384543, 17.807322306749395], [33.69376877500335, 17.807324315765264], [33.693767726791336, 17.807053171196845], [33.693484667769965, 17.8070541750741], [33.69348257225694, 17.806511885882006], [33.6929164558687, 17.806513892342657], [33.692914362140336, 17.805971603055212], [33.69319741948862, 17.80597060006221], [33.69319323054478, 17.80488602146158], [33.693759341765244, 17.80488401437708], [33.693762486010456, 17.805697448241244], [33.694045542875386, 17.805696444035828], [33.69404763998701, 17.806238733208197], [33.69433069768844, 17.80623772856063], [33.694332795729686, 17.80678001767015], [33.69461585426762, 17.806779012580417], [33.69461795323854, 17.80732130162706], [33.694901012613016, 17.807320296095124], [33.69490206255403, 17.80759144059079], [33.695185122337456, 17.807590434632942], [33.69518722313061, 17.808132723568946], [33.69490416249196, 17.808133729559422]]]}, "properties": {"zone_id": "scene_02-Z0107", "scene": "scene_02", "pixel_count": 33, "approx_area_m2": 29700.0, "centroid_x": 573538.1818181818, "centroid_y": 1968909.0909090908, "centroid_lon": 33.69388979796652, "centroid_lat": 17.80645703355857, "mean_risk": 2.3909966945648193, "max_risk": 3.2658181190490723, "median_risk": 2.354405403137207, "high_priority_pixel_pct": 100.0, "priority_category": "HIGH PRIORITY", "threshold_type": "95th percentile prioritisation threshold", "recommendation": "Spectral-stress evidence detected. Prioritise field inspection to determine the underlying cause. Field verification required.", "priority_rank": 63}}, {"type": "Feature", "geometry": {"type": "Polygon", "coordinates": [[[33.713301987109034, 17.80779634476859], [33.71330090935539, 17.807525201354636], [33.7130178507808, 17.807526233527053], [33.71301461891742, 17.80671280318954], [33.71358073348197, 17.806710738535564], [33.7135796553773, 17.806439595108063], [33.71414576901016, 17.806437528849276], [33.71414684796996, 17.806708672243264], [33.71442990518522, 17.806707638482745], [33.71442774642966, 17.806165351720722], [33.714710802770625, 17.80616431758417], [33.714711882566384, 17.806435460952194], [33.71499493931575, 17.806434426389302], [33.71499385909243, 17.80616328303805], [33.71527691539505, 17.806162248082366], [33.71527907671599, 17.806704534743723], [33.71471296238132, 17.806706604312648], [33.714715122068704, 17.807248891010843], [33.71443206401745, 17.807249925214478], [33.714433143462315, 17.807521068568988], [33.713867026447154, 17.807523135781015], [33.71386810505599, 17.80779427916147], [33.713301987109034, 17.80779634476859]]]}, "properties": {"zone_id": "scene_02-Z0108", "scene": "scene_02", "pixel_count": 26, "approx_area_m2": 23400.0, "centroid_x": 575670.0, "centroid_y": 1968975.0, "centroid_lon": 33.71400639812032, "centroid_lat": 17.806980332364724, "mean_risk": 1.9899883270263672, "max_risk": 2.420722723007202, "median_risk": 1.956641674041748, "high_priority_pixel_pct": 100.0, "priority_category": "HIGH PRIORITY", "threshold_type": "95th percentile prioritisation threshold", "recommendation": "Spectral-stress evidence detected. Prioritise field inspection to determine the underlying cause. Field verification required.", "priority_rank": 208}}, {"type": "Feature", "geometry": {"type": "Polygon", "coordinates": [[[33.644799219989814, 17.807491895212998], [33.64479824575271, 17.80722074792707], [33.64451518362593, 17.807221680942884], [33.64451420983372, 17.806950533634264], [33.64423114811725, 17.806951466225335], [33.64423017476993, 17.80668031889404], [33.643664052140345, 17.806682182817145], [33.64366016234451, 17.805597593295435], [33.64422628155348, 17.80559572949323], [33.644225308292576, 17.805324582124136], [33.64507448569372, 17.80532178339443], [33.6450754602373, 17.805592930718138], [33.64564157927334, 17.805591062820206], [33.64564255468936, 17.805862210106056], [33.64620867451126, 17.805860340539514], [33.646207698240104, 17.80558919328398], [33.64649075769748, 17.805588257901505], [33.646489781016115, 17.80531711065358], [33.646772840028596, 17.805316174876715], [33.646771862937015, 17.805045027636407], [33.6470549215046, 17.805044091465152], [33.64705394400282, 17.80477294423247], [33.64762006023083, 17.80477107069167], [33.64761908189134, 17.804499923481817], [33.648468254820436, 17.80449711014461], [33.648467275215744, 17.804225962972822], [33.6493164467057, 17.804223145995394], [33.64931742759297, 17.80449429312149], [33.64960048514899, 17.8044933532947], [33.64960244783086, 17.80503564749373], [33.64931938941976, 17.80503658735101], [33.649320370359284, 17.805307734454434], [33.64903731150322, 17.805308673917395], [33.64903927257941, 17.805850968132034], [33.64847315310482, 17.805852845890158], [33.64847511254034, 17.806395140135457], [33.64790899128587, 17.806397016316126], [33.64791192800405, 17.80721045771866], [33.64762886606795, 17.807211395240216], [33.647627887572106, 17.806940248098392], [33.64734482604624, 17.806941185195136], [33.64734384799537, 17.806670038030564], [33.64706078687974, 17.806670974702513], [33.647061764503015, 17.806942121882276], [33.64649564136448, 17.806943994027744], [33.64649661814991, 17.807215141230312], [33.645930494086805, 17.807217011767683], [33.645931470034355, 17.807488158993024], [33.644799219989814, 17.807491895212998]]]}, "properties": {"zone_id": "scene_02-Z0109", "scene": "scene_02", "pixel_count": 130, "approx_area_m2": 117000.0, "centroid_x": 568527.6923076923, "centroid_y": 1968834.923076923, "centroid_lon": 33.64661181362168, "centroid_lat": 17.805948696433752, "mean_risk": 3.210378408432007, "max_risk": 4.903593063354492, "median_risk": 3.200115203857422, "high_priority_pixel_pct": 100.0, "priority_category": "HIGH PRIORITY", "threshold_type": "95th percentile prioritisation threshold", "recommendation": "Spectral-stress evidence detected. Prioritise field inspection to determine the underlying cause. Field verification required.", "priority_rank": 9}}, {"type": "Feature", "geometry": {"type": "Polygon", "coordinates": [[[33.71782225231434, 17.80561062866189], [33.717821167873225, 17.805339485456066], [33.718104222701015, 17.8053384464553], [33.718100968210656, 17.80452501684295], [33.718384021736625, 17.804523977483203], [33.718380766137145, 17.803710547853296], [33.71866381836137, 17.803709508134617], [33.7186627327726, 17.80343836492637], [33.718945784550066, 17.803437324815054], [33.71895447322001, 17.805606470134094], [33.71782225231434, 17.80561062866189]]]}, "properties": {"zone_id": "scene_02-Z0110", "scene": "scene_02", "pixel_count": 24, "approx_area_m2": 21600.0, "centroid_x": 576141.25, "centroid_y": 1968753.75, "centroid_lon": 33.71844475488564, "centroid_lat": 17.804964368580425, "mean_risk": 2.090818166732788, "max_risk": 2.748699188232422, "median_risk": 1.9181981086730957, "high_priority_pixel_pct": 100.0, "priority_category": "HIGH PRIORITY", "threshold_type": "95th percentile prioritisation threshold", "recommendation": "Spectral-stress evidence detected. Prioritise field inspection to determine the underlying cause. Field verification required.", "priority_rank": 150}}, {"type": "Feature", "geometry": {"type": "Polygon", "coordinates": [[[33.6011883147832, 17.80193661430083], [33.60118740673832, 17.801665464604493], [33.6009043510168, 17.801666334242324], [33.600903443415504, 17.801395184524335], [33.601186498709566, 17.801394314900612], [33.60118468270043, 17.80085201547019], [33.60175079153036, 17.80085027505076], [33.6017498826951, 17.800579125352456], [33.60203293665842, 17.800578254542657], [33.602032027411866, 17.80030710485093], [33.602315080931604, 17.800306233645806], [33.60231326163211, 17.799763934267965], [33.602879366913434, 17.799762190685914], [33.6028784564331, 17.79949104101395], [33.604010665092, 17.799487548993188], [33.60400975291824, 17.799216399370327], [33.6045758562957, 17.799214650931688], [33.60457859543005, 17.80002809969252], [33.60429554246719, 17.80002897415911], [33.60429645511697, 17.800300123745146], [33.60401340171049, 17.800300997816464], [33.60401431394906, 17.800572147409124], [33.602599044536596, 17.80057651169468], [33.602599954654174, 17.80084766135058], [33.60203384592111, 17.800849404226835], [33.602035664494956, 17.801391703572534], [33.60175260924929, 17.801392574424714], [33.60175351813297, 17.801663724100358], [33.601470462443714, 17.801664594557174], [33.601471370916066, 17.80193574423939], [33.6011883147832, 17.80193661430083]]]}, "properties": {"zone_id": "scene_02-Z0111", "scene": "scene_02", "pixel_count": 43, "approx_area_m2": 38700.0, "centroid_x": 563896.046511628, "centroid_y": 1968200.2325581396, "centroid_lon": 33.60289122069578, "centroid_lat": 17.800351753124293, "mean_risk": 2.3975534439086914, "max_risk": 3.491586923599243, "median_risk": 2.2709810733795166, "high_priority_pixel_pct": 100.0, "priority_category": "HIGH PRIORITY", "threshold_type": "95th percentile prioritisation threshold", "recommendation": "Spectral-stress evidence detected. Prioritise field inspection to determine the underlying cause. Field verification required.", "priority_rank": 62}}, {"type": "Feature", "geometry": {"type": "Polygon", "coordinates": [[[33.65750324851148, 17.79823049628547], [33.65750225563165, 17.797959349430233], [33.65721920882485, 17.797960300353974], [33.657217223972765, 17.79741800658998], [33.65750026992489, 17.797417055697096], [33.65749927709796, 17.797145908819186], [33.658065368094654, 17.797144005836184], [33.65806636177623, 17.797415152683215], [33.65834940767543, 17.797414200562226], [33.658351395946205, 17.79795649420272], [33.658068349192334, 17.79795744635461], [33.658069342926865, 17.798228593178962], [33.65750324851148, 17.79823049628547]]]}, "properties": {"zone_id": "scene_02-Z0112", "scene": "scene_02", "pixel_count": 12, "approx_area_m2": 10800.0, "centroid_x": 569715.0, "centroid_y": 1967925.0, "centroid_lon": 33.65778430913127, "centroid_lat": 17.797687251249755, "mean_risk": 2.651060104370117, "max_risk": 3.2528417110443115, "median_risk": 2.7470595836639404, "high_priority_pixel_pct": 100.0, "priority_category": "HIGH PRIORITY", "threshold_type": "95th percentile prioritisation threshold", "recommendation": "Spectral-stress evidence detected. Prioritise field inspection to determine the underlying cause. Field verification required.", "priority_rank": 32}}, {"type": "Feature", "geometry": {"type": "Polygon", "coordinates": [[[33.643348922351954, 17.797735246495265], [33.64334795087417, 17.79746409886167], [33.643064904049986, 17.797465029285952], [33.64306296200085, 17.796922733965918], [33.64334600797037, 17.796921803571827], [33.64334503654436, 17.796650655915567], [33.64391112757701, 17.796648793929513], [33.64391209985766, 17.796919941555572], [33.6441951457754, 17.796919009933394], [33.64419709124316, 17.797461305132586], [33.64391404447076, 17.79746223678499], [33.64391501680322, 17.797733384388373], [33.643348922351954, 17.797735246495265]]]}, "properties": {"zone_id": "scene_02-Z0113", "scene": "scene_02", "pixel_count": 12, "approx_area_m2": 10800.0, "centroid_x": 568215.0, "centroid_y": 1967865.0, "centroid_lon": 33.643630025793236, "centroid_lat": 17.797192020401972, "mean_risk": 2.7564737796783447, "max_risk": 3.6849324703216553, "median_risk": 2.715132713317871, "high_priority_pixel_pct": 100.0, "priority_category": "HIGH PRIORITY", "threshold_type": "95th percentile prioritisation threshold", "recommendation": "Spectral-stress evidence detected. Prioritise field inspection to determine the underlying cause. Field verification required.", "priority_rank": 24}}, {"type": "Feature", "geometry": {"type": "Polygon", "coordinates": [[[33.60966525977968, 17.79757194510014], [33.60966341858146, 17.797029646310847], [33.609946466533785, 17.797028764222173], [33.60994462454632, 17.796486465431293], [33.61022767162763, 17.79648558296188], [33.61022582885098, 17.795943284169436], [33.6105088750613, 17.795942401319316], [33.61050979686875, 17.796213550704987], [33.610792843489996, 17.79621266743118], [33.61079376574113, 17.796483816794975], [33.61051071869257, 17.796484700083106], [33.610514406151594, 17.79756929752008], [33.60966525977968, 17.79757194510014]]]}, "properties": {"zone_id": "scene_02-Z0114", "scene": "scene_02", "pixel_count": 23, "approx_area_m2": 20700.0, "centroid_x": 564736.9565217391, "centroid_y": 1967817.391304348, "centroid_lon": 33.61081352857895, "centroid_lat": 17.79686690500095, "mean_risk": 2.149648427963257, "max_risk": 2.892988681793213, "median_risk": 2.0588436126708984, "high_priority_pixel_pct": 100.0, "priority_category": "HIGH PRIORITY", "threshold_type": "95th percentile prioritisation threshold", "recommendation": "Spectral-stress evidence detected. Prioritise field inspection to determine the underlying cause. Field verification required.", "priority_rank": 123}}, {"type": "Feature", "geometry": {"type": "Polygon", "coordinates": [[[33.61306184438228, 17.79756133267302], [33.613059992927894, 17.797019034228075], [33.61277694515594, 17.797019920819867], [33.61277416937964, 17.796206473052663], [33.61249112287322, 17.796207359191943], [33.61249019807463, 17.795936209906728], [33.61220715197909, 17.795937095622282], [33.61220622762422, 17.795665946315143], [33.611640136238485, 17.795667716489493], [33.61163736583611, 17.79485426843662], [33.61192041025532, 17.79485338359719], [33.611919486393404, 17.794582234245492], [33.61220253036895, 17.79458134901111], [33.61220068183982, 17.794039050313796], [33.61248372494444, 17.79403816469884], [33.61248187562651, 17.79349586600006], [33.61276491786021, 17.79349498000456], [33.612763992798655, 17.793223830658224], [33.61333007636229, 17.79322205746814], [33.61333100227831, 17.7934932067857], [33.61304796007748, 17.79349409359977], [33.613050736642485, 17.79430754155033], [33.61361682359116, 17.794305767426536], [33.61361589719854, 17.794034618146018], [33.614181983226885, 17.79403284241381], [33.61418291047401, 17.79430399166551], [33.613899867040814, 17.794304879750676], [33.61390172072994, 17.794847178260238], [33.61333563210512, 17.794848953260253], [33.61333933626266, 17.795933550303996], [33.61362238229245, 17.795932662951056], [33.61362330880026, 17.796203812178717], [33.6139063552409, 17.796202924402028], [33.61390913614505, 17.79701637199649], [33.61362608842246, 17.797017259816393], [33.6136270149961, 17.79728840901385], [33.61334396682971, 17.797289296438773], [33.613344892992465, 17.79756044564308], [33.61306184438228, 17.79756133267302]]]}, "properties": {"zone_id": "scene_02-Z0115", "scene": "scene_02", "pixel_count": 65, "approx_area_m2": 58500.0, "centroid_x": 564960.4615384615, "centroid_y": 1967646.4615384615, "centroid_lon": 33.61291700751517, "centroid_lat": 17.79531539511977, "mean_risk": 2.1648170948028564, "max_risk": 3.5013139247894287, "median_risk": 2.0932085514068604, "high_priority_pixel_pct": 100.0, "priority_category": "HIGH PRIORITY", "threshold_type": "95th percentile prioritisation threshold", "recommendation": "Spectral-stress evidence detected. Prioritise field inspection to determine the underlying cause. Field verification required.", "priority_rank": 114}}, {"type": "Feature", "geometry": {"type": "Polygon", "coordinates": [[[33.63938143196024, 17.796392496095585], [33.63937853578383, 17.79557905242663], [33.63966157984047, 17.795578127429298], [33.63965868253658, 17.794764683737366], [33.63994172529424, 17.794763758375748], [33.63994075913333, 17.794492610478343], [33.64022380144659, 17.794491684722438], [33.64022283487559, 17.79422053683251], [33.64050587674442, 17.794219610682326], [33.64050684374266, 17.79449075855723], [33.64078988602156, 17.79448983198272], [33.64079472340681, 17.795845571168755], [33.64051167899155, 17.79584649781845], [33.640512646092866, 17.796117645648017], [33.640229601233145, 17.796118571903406], [33.64023056792433, 17.796389719740457], [33.63938143196024, 17.796392496095585]]]}, "properties": {"zone_id": "scene_02-Z0116", "scene": "scene_02", "pixel_count": 28, "approx_area_m2": 25200.0, "centroid_x": 567845.3571428572, "centroid_y": 1967666.7857142857, "centroid_lon": 33.640136102661366, "centroid_lat": 17.795411948346697, "mean_risk": 3.5332276821136475, "max_risk": 4.771651268005371, "median_risk": 3.651817798614502, "high_priority_pixel_pct": 100.0, "priority_category": "HIGH PRIORITY", "threshold_type": "95th percentile prioritisation threshold", "recommendation": "Spectral-stress evidence detected. Prioritise field inspection to determine the underlying cause. Field verification required.", "priority_rank": 4}}, {"type": "Feature", "geometry": {"type": "Polygon", "coordinates": [[[33.64249298953718, 17.795840002674577], [33.64249201946205, 17.79556885494283], [33.642208975577304, 17.795569784033457], [33.64220703633326, 17.795027488517146], [33.642490079363455, 17.795026559456673], [33.64248813933379, 17.794484263940298], [33.642771181492236, 17.79448333450067], [33.64277021107601, 17.794212186746233], [33.64333629448667, 17.794210326669248], [33.643335323233195, 17.79393917893744], [33.64361836448541, 17.793938248300112], [33.64361933616613, 17.794209396016818], [33.643902377828326, 17.794208464955094], [33.643901405720364, 17.793937317253494], [33.644750529321584, 17.793934521657903], [33.64474955594921, 17.79366337399411], [33.645032596687805, 17.793662441325477], [33.64503454430434, 17.79420473661523], [33.64446846110089, 17.794206601603754], [33.64447040707761, 17.79474889692381], [33.643621279579335, 17.794751691427567], [33.643623223061596, 17.795293986808105], [33.6433401796731, 17.795294917520938], [33.64334115101284, 17.795566065214977], [33.64305810717982, 17.79556699553359], [33.64305907810954, 17.795838143235162], [33.64249298953718, 17.795840002674577]]]}, "properties": {"zone_id": "scene_02-Z0117", "scene": "scene_02", "pixel_count": 34, "approx_area_m2": 30600.0, "centroid_x": 568192.0588235294, "centroid_y": 1967593.2352941176, "centroid_lon": 33.64340477814923, "centroid_lat": 17.79473645329761, "mean_risk": 2.728956937789917, "max_risk": 4.074722766876221, "median_risk": 2.7001004219055176, "high_priority_pixel_pct": 100.0, "priority_category": "HIGH PRIORITY", "threshold_type": "95th percentile prioritisation threshold", "recommendation": "Spectral-stress evidence detected. Prioritise field inspection to determine the underlying cause. Field verification required.", "priority_rank": 26}}, {"type": "Feature", "geometry": {"type": "Polygon", "coordinates": [[[33.63569512237934, 17.794506447700503], [33.63569128354164, 17.793421855137233], [33.635974324402575, 17.793420935580574], [33.63597240423159, 17.79287863928346], [33.63653848419341, 17.792876799002038], [33.63653752327909, 17.792605650872012], [33.637386641812164, 17.792602887425243], [33.637387604008104, 17.79287403551041], [33.63767064391215, 17.792873113528014], [33.63767256920974, 17.793415409645778], [33.63710648767568, 17.793417253261154], [33.637107449495666, 17.79368840133863], [33.6365413670388, 17.793690243346788], [33.636542328021406, 17.793961391446594], [33.636259286340135, 17.79396231185168], [33.636261207502066, 17.794504608058503], [33.63569512237934, 17.794506447700503]]]}, "properties": {"zone_id": "scene_02-Z0118", "scene": "scene_02", "pixel_count": 27, "approx_area_m2": 24300.0, "centroid_x": 567466.6666666666, "centroid_y": 1967444.4444444445, "centroid_lon": 33.63655611276721, "centroid_lat": 17.79341402283416, "mean_risk": 2.091649055480957, "max_risk": 2.5427634716033936, "median_risk": 2.069291591644287, "high_priority_pixel_pct": 100.0, "priority_category": "HIGH PRIORITY", "threshold_type": "95th percentile prioritisation threshold", "recommendation": "Spectral-stress evidence detected. Prioritise field inspection to determine the underlying cause. Field verification required.", "priority_rank": 148}}, {"type": "Feature", "geometry": {"type": "Polygon", "coordinates": [[[33.49982682383936, 17.79273137511609], [33.49982531478363, 17.792189065937098], [33.50010836039179, 17.792188342915864], [33.50010911534019, 17.792459497497397], [33.50095825336587, 17.79245732594277], [33.50095749713578, 17.792186171396477], [33.50152358823127, 17.792184721670463], [33.50152510241385, 17.79272703070846], [33.49982682383936, 17.79273137511609]]]}, "properties": {"zone_id": "scene_02-Z0119", "scene": "scene_02", "pixel_count": 9, "approx_area_m2": 8100.0, "centroid_x": 553070.0, "centroid_y": 1967300.0, "centroid_lon": 33.50072250768451, "centroid_lat": 17.79250312194717, "mean_risk": 1.9868030548095703, "max_risk": 2.2405426502227783, "median_risk": 1.984505295753479, "high_priority_pixel_pct": 100.0, "priority_category": "HIGH PRIORITY", "threshold_type": "95th percentile prioritisation threshold", "recommendation": "Spectral-stress evidence detected. Prioritise field inspection to determine the underlying cause. Field verification required.", "priority_rank": 210}}, {"type": "Feature", "geometry": {"type": "Polygon", "coordinates": [[[33.60539758946787, 17.791077535135397], [33.60539484809433, 17.790264085754973], [33.60567788561011, 17.790263210162212], [33.605676971424266, 17.789992060367855], [33.60624304555281, 17.789990307983143], [33.6062467058109, 17.79107490700152], [33.60539758946787, 17.791077535135397]]]}, "properties": {"zone_id": "scene_02-Z0120", "scene": "scene_02", "pixel_count": 11, "approx_area_m2": 9900.0, "centroid_x": 564212.7272727273, "centroid_y": 1967119.0909090908, "centroid_lon": 33.60584617419772, "centroid_lat": 17.79057081732175, "mean_risk": 2.1624715328216553, "max_risk": 2.588789701461792, "median_risk": 2.1734018325805664, "high_priority_pixel_pct": 100.0, "priority_category": "HIGH PRIORITY", "threshold_type": "95th percentile prioritisation threshold", "recommendation": "Spectral-stress evidence detected. Prioritise field inspection to determine the underlying cause. Field verification required.", "priority_rank": 117}}, {"type": "Feature", "geometry": {"type": "Polygon", "coordinates": [[[33.69652468825641, 17.788062982727617], [33.69652363709494, 17.787791837785278], [33.69708969403001, 17.787789822932403], [33.69708864203314, 17.787518678015196], [33.6973716700456, 17.787517669991438], [33.69737061764039, 17.787246525083045], [33.697653645207104, 17.787245516666545], [33.69765259239357, 17.786974371766956], [33.69821864661683, 17.786972353739387], [33.69822075397074, 17.78751464346549], [33.6979377260144, 17.78751565271659], [33.69793877929239, 17.787786797584683], [33.697655750890306, 17.78778780644304], [33.69765680375997, 17.78805895131995], [33.69652468825641, 17.788062982727617]]]}, "properties": {"zone_id": "scene_02-Z0121", "scene": "scene_02", "pixel_count": 12, "approx_area_m2": 10800.0, "centroid_x": 573930.0, "centroid_y": 1966822.5, "centroid_lon": 33.69751344720242, "centroid_lat": 17.787584952050018, "mean_risk": 2.0470550060272217, "max_risk": 2.3874831199645996, "median_risk": 1.9938470125198364, "high_priority_pixel_pct": 100.0, "priority_category": "HIGH PRIORITY", "threshold_type": "95th percentile prioritisation threshold", "recommendation": "Spectral-stress evidence detected. Prioritise field inspection to determine the underlying cause. Field verification required.", "priority_rank": 174}}, {"type": "Feature", "geometry": {"type": "Polygon", "coordinates": [[[33.61217942847508, 17.787802613124235], [33.61217758076683, 17.78726031404948], [33.61246061319259, 17.787259428793785], [33.61245968893603, 17.786988279259454], [33.6127427209183, 17.786987393609007], [33.61274087160037, 17.786445094546465], [33.613589964886316, 17.78644243522668], [33.6135890389709, 17.786171285727256], [33.614155100225204, 17.78616951083065], [33.61415880740196, 17.787254108667817], [33.613309710371276, 17.787256770571904], [33.61331156149606, 17.78779906953162], [33.61217942847508, 17.787802613124235]]]}, "properties": {"zone_id": "scene_02-Z0122", "scene": "scene_02", "pixel_count": 26, "approx_area_m2": 23400.0, "centroid_x": 564996.9230769231, "centroid_y": 1966729.6153846155, "centroid_lon": 33.613232726297376, "centroid_lat": 17.787027575093052, "mean_risk": 2.1691205501556396, "max_risk": 3.2620456218719482, "median_risk": 2.068577289581299, "high_priority_pixel_pct": 100.0, "priority_category": "HIGH PRIORITY", "threshold_type": "95th percentile prioritisation threshold", "recommendation": "Spectral-stress evidence detected. Prioritise field inspection to determine the underlying cause. Field verification required.", "priority_rank": 110}}, {"type": "Feature", "geometry": {"type": "Polygon", "coordinates": [[[33.544529090517514, 17.786375544746623], [33.54452580379863, 17.785290933410263], [33.54480883651551, 17.785290146042744], [33.5448047263104, 17.78393438176662], [33.545087756877656, 17.783933594053938], [33.54508611204392, 17.783391288316313], [33.54536914174258, 17.783390500220154], [33.54536831892067, 17.78311934735283], [33.545651348177756, 17.783118558860416], [33.545648878518904, 17.782305100251627], [33.54593190648049, 17.78230431138859], [33.5459310828632, 17.782033158516725], [33.54621411038322, 17.78203236925747], [33.546213286353634, 17.78176121639089], [33.54649631343208, 17.78176042673543], [33.54649548899022, 17.781489273874143], [33.546212462338694, 17.78149006351678], [33.54621081435275, 17.780947757745945], [33.5467768659335, 17.780946178102955], [33.54677934049587, 17.781759636670955], [33.54734539457947, 17.78175805531495], [33.54734456885684, 17.781486902492162], [33.547627595449704, 17.78148611121348], [33.54762924776349, 17.782028416825824], [33.547063192855376, 17.782029999025553], [33.54706401818042, 17.78230115184611], [33.546497962359766, 17.78230273243541], [33.546499611346064, 17.782845038105254], [33.545933553759, 17.782846617109698], [33.54593520109606, 17.783388922800658], [33.54565217142664, 17.783389711714932], [33.545653817968294, 17.783932017401366], [33.54593684849167, 17.78393122846147], [33.54593767221144, 17.784202381280576], [33.54622070314716, 17.784201591918794], [33.54622317567531, 17.785015050292436], [33.54537407898116, 17.78501741726582], [33.54537490190545, 17.785288570080386], [33.545657934578486, 17.785287781485554], [33.54565958132498, 17.785830087066472], [33.54594261483745, 17.78582929803692], [33.545943438659684, 17.78610045080326], [33.54566040472018, 17.78610123984562], [33.54566122813, 17.786372392617235], [33.544529090517514, 17.786375544746623]]]}, "properties": {"zone_id": "scene_02-Z0123", "scene": "scene_02", "pixel_count": 68, "approx_area_m2": 61200.0, "centroid_x": 557845.1470588235, "centroid_y": 1966364.1176470588, "centroid_lon": 33.545749524663734, "centroid_lat": 17.783923775516556, "mean_risk": 2.601675033569336, "max_risk": 4.304800033569336, "median_risk": 2.552412271499634, "high_priority_pixel_pct": 100.0, "priority_category": "HIGH PRIORITY", "threshold_type": "95th percentile prioritisation threshold", "recommendation": "Spectral-stress evidence detected. Prioritise field inspection to determine the underlying cause. Field verification required.", "priority_rank": 34}}, {"type": "Feature", "geometry": {"type": "Polygon", "coordinates": [[[33.54367916673433, 17.786106751686695], [33.54367834632844, 17.785835598818064], [33.54339531269913, 17.78583638457468], [33.54339367278515, 17.785294078789295], [33.54311063999533, 17.785294864111293], [33.54310982048722, 17.785023711194548], [33.542543755717944, 17.785025280585746], [33.54254293707842, 17.78475412763599], [33.54225990509898, 17.78475491170521], [33.54226154153853, 17.785297217622656], [33.542544574372016, 17.78529643352797], [33.54254539304063, 17.78556758646266], [33.54169629321548, 17.78556993755755], [33.54169547582795, 17.7852987845847], [33.54112941005926, 17.785300349910326], [33.54113022659273, 17.78557150290859], [33.54084719325959, 17.78557228497044], [33.54084637715315, 17.785301131959482], [33.54056334423253, 17.785301913599525], [33.5405617129172, 17.78475960752961], [33.54084474498378, 17.784758825914945], [33.540843112872416, 17.784216519840264], [33.54112614407048, 17.784215737841897], [33.541123694731255, 17.783402278711446], [33.541406724633866, 17.7834014963421], [33.5414059077895, 17.78313034329625], [33.541688937250626, 17.783129560530554], [33.54168975452195, 17.7834007135637], [33.542255814254545, 17.783399146779722], [33.542256632394356, 17.783670299779892], [33.54282269292274, 17.783668731334213], [33.54282433095393, 17.78421103726102], [33.54254129984302, 17.784211821713864], [33.54254211845345, 17.784482974678692], [33.54310818151468, 17.78448140533845], [33.54310900099367, 17.784752558270267], [33.54339203292945, 17.784751772973767], [33.54338957325519, 17.783938314193946], [33.5436726038954, 17.783937528526625], [33.54367096333146, 17.783395222661248], [33.54395399310313, 17.78339443661038], [33.54395317241606, 17.783123283679142], [33.54423620174619, 17.783122497231982], [33.54423702286022, 17.783393650150447], [33.54452005260272, 17.78339286328146], [33.54452416052679, 17.784748627696857], [33.54424112864934, 17.784749414629722], [33.54424441354332, 17.785834026077485], [33.54396137994317, 17.785834812652336], [33.54396220077611, 17.786105965508202], [33.54367916673433, 17.786106751686695]], [[33.541976055334025, 17.784484542382593], [33.54225908690101, 17.78448375873519], [33.54225826871758, 17.784212605757627], [33.541975237577596, 17.784213389392313], [33.541976055334025, 17.784484542382593]]]}, "properties": {"zone_id": "scene_02-Z0124", "scene": "scene_02", "pixel_count": 82, "approx_area_m2": 73800.0, "centroid_x": 557517.4390243902, "centroid_y": 1966431.219512195, "centroid_lon": 33.54265964274576, "centroid_lat": 17.784538864099137, "mean_risk": 2.756974220275879, "max_risk": 4.352193355560303, "median_risk": 2.6485862731933594, "high_priority_pixel_pct": 100.0, "priority_category": "HIGH PRIORITY", "threshold_type": "95th percentile prioritisation threshold", "recommendation": "Spectral-stress evidence detected. Prioritise field inspection to determine the underlying cause. Field verification required.", "priority_rank": 23}}, {"type": "Feature", "geometry": {"type": "Polygon", "coordinates": [[[33.496691572063064, 17.784875811819145], [33.496689323757145, 17.784062346998148], [33.49640629080214, 17.784063064758346], [33.49640554182047, 17.783791909791304], [33.49725463936452, 17.783789755318427], [33.49725538962719, 17.784060910250492], [33.49753842254222, 17.784060191263038], [33.497539923961575, 17.784602501081235], [33.49725689019253, 17.78460322009204], [33.4972576404952, 17.784874375001515], [33.496691572063064, 17.784875811819145]]]}, "properties": {"zone_id": "scene_02-Z0125", "scene": "scene_02", "pixel_count": 11, "approx_area_m2": 9900.0, "centroid_x": 552679.0909090909, "centroid_y": 1966390.9090909092, "centroid_lon": 33.497011599745306, "centroid_lat": 17.784295710127147, "mean_risk": 1.783732533454895, "max_risk": 1.82840096950531, "median_risk": 1.786843180656433, "high_priority_pixel_pct": 100.0, "priority_category": "HIGH PRIORITY", "threshold_type": "95th percentile prioritisation threshold", "recommendation": "Spectral-stress evidence detected. Prioritise field inspection to determine the underlying cause. Field verification required.", "priority_rank": 368}}, {"type": "Feature", "geometry": {"type": "Polygon", "coordinates": [[[33.635087820706985, 17.78284890803536], [33.63508686255882, 17.782577759551344], [33.63367174324297, 17.78258234412507], [33.633668875304316, 17.78176889840442], [33.63423492052023, 17.781767065891227], [33.63423300693851, 17.781224768765888], [33.633949985192835, 17.781225685197217], [33.63394711622841, 17.78041223940796], [33.63366409574636, 17.780413155385684], [33.63366313988574, 17.78014200675929], [33.63394615994093, 17.78014109079644], [33.63394329118048, 17.7793276449166], [33.63337725361415, 17.779329476344138], [33.633376298248315, 17.779058327672686], [33.6330932798665, 17.779059242758198], [33.6330951897615, 17.77960154012327], [33.63224613195326, 17.77960428301531], [33.63224708564569, 17.77987543173107], [33.63054896701067, 17.779880906562656], [33.63054801587929, 17.779609757757996], [33.630264996474416, 17.779610668783818], [33.630262144462215, 17.778797222280183], [33.629979126320926, 17.778798132852696], [33.629978176110804, 17.77852698398828], [33.63026119382528, 17.77852607343054], [33.630260243205235, 17.778254924573357], [33.63054326047601, 17.778254013621506], [33.63054135843303, 17.777711715914087], [33.63082437483331, 17.777710804582924], [33.63082342341039, 17.777439655732696], [33.63167247122937, 17.777436919330285], [33.63167151854305, 17.777165770516948], [33.63195453402208, 17.777164857579866], [33.63195167478443, 17.776351411139043], [33.632234688966236, 17.776350497837576], [33.63223373549417, 17.77607934902371], [33.63251674923228, 17.776078435328223], [33.632514841485516, 17.775536137707537], [33.63279785435321, 17.775535223632886], [33.63279690007854, 17.775264074826072], [33.633079912502545, 17.775263160357433], [33.63307895781813, 17.77499201155792], [33.63336196979845, 17.774991096695306], [33.63336005962713, 17.774448799103364], [33.633643070737065, 17.77444788386166], [33.63364211525018, 17.77417673506924], [33.63420813656571, 17.774174903389127], [33.63420909290597, 17.774446052151802], [33.63477511500687, 17.77444421880669], [33.63477415781323, 17.774173070073793], [33.63505716841147, 17.77417215280292], [33.63505621080816, 17.773901004077377], [33.635622231100186, 17.77389916833902], [33.63562127266056, 17.77362801963575], [33.636187292031074, 17.773626182292038], [33.63618633275515, 17.773355033611065], [33.63675235120412, 17.773353194662054], [33.63675331133338, 17.77362434331315], [33.637036320958934, 17.773623423210523], [33.637038242122, 17.774165720460186], [33.63732125258383, 17.774164799918857], [33.6373231746686, 17.774707097108436], [33.63817220851169, 17.774704332941816], [33.63817317085982, 17.77497548148039], [33.63789015916918, 17.77497640329305], [33.637892083063335, 17.7755187003775], [33.637609070502165, 17.775519621811274], [33.637611955191446, 17.77633306742624], [33.63732894133298, 17.776333988496045], [33.63733278611763, 17.777418582603516], [33.63761580168313, 17.777417661473866], [33.63761772503155, 17.777959958452396], [33.63733470861248, 17.77796087961196], [33.63733566988552, 17.77823202810486], [33.63761868673139, 17.77823110693034], [33.637619648448336, 17.778502255400728], [33.63790266570391, 17.778501333802332], [33.63790651444992, 17.779585927548574], [33.63818953339567, 17.779585005481373], [33.63819049605177, 17.779856153884083], [33.63847351540725, 17.779855231392972], [33.638476404758784, 17.78066867651089], [33.63819338412273, 17.78066959904694], [33.63819530958893, 17.781211895784423], [33.63791228808202, 17.781212817941466], [33.637913250413895, 17.78148396631386], [33.637630228462996, 17.781484888076886], [33.637631190385086, 17.781756036456702], [33.6373481679902, 17.7817569578257], [33.63734912950248, 17.782028106212923], [33.6370661066636, 17.782029027187885], [33.63706706776607, 17.782300175582517], [33.6367840444832, 17.782301096163426], [33.63678500517583, 17.782572244565458], [33.63621895770505, 17.782574084530133], [33.636219917560894, 17.78284523295448], [33.635087820706985, 17.78284890803536]], [[33.63423587733659, 17.782038214442572], [33.63451890034594, 17.7820372975576], [33.63451794310267, 17.78176614902114], [33.63423492052023, 17.781767065891227], [33.63423587733659, 17.782038214442572]]]}, "properties": {"zone_id": "scene_02-Z0126", "scene": "scene_02", "pixel_count": 591, "approx_area_m2": 531900.0, "centroid_x": 567300.2538071066, "centroid_y": 1965757.1573604061, "centroid_lon": 33.63493217004591, "centroid_lat": 17.778168949787222, "mean_risk": 3.526763677597046, "max_risk": 5.563343524932861, "median_risk": 3.604907274246216, "high_priority_pixel_pct": 100.0, "priority_category": "HIGH PRIORITY", "threshold_type": "95th percentile prioritisation threshold", "recommendation": "Spectral-stress evidence detected. Prioritise field inspection to determine the underlying cause. Field verification required.", "priority_rank": 5}}, {"type": "Feature", "geometry": {"type": "Polygon", "coordinates": [[[33.54480061647051, 17.782578617302082], [33.54479979454636, 17.782307464386566], [33.54338465430006, 17.782311396430828], [33.5433838345252, 17.782040243443934], [33.543100806859144, 17.78204102861295], [33.543099168206986, 17.781498722591053], [33.5433821950192, 17.781497937447543], [33.54338301476491, 17.781769090449508], [33.543949069199456, 17.781767518909927], [33.54394988981361, 17.782038671878844], [33.544232917435934, 17.782037885482758], [33.54423209639486, 17.78176673252661], [33.544515123575664, 17.781765945734282], [33.54451430212226, 17.781494792783374], [33.54479732886154, 17.781494005594805], [33.544796506995816, 17.78122285264914], [33.54507953329358, 17.781222065064348], [33.545078711015556, 17.780950912123945], [33.545644762713415, 17.78094933575294], [33.545646408991715, 17.781491641575023], [33.54536338229628, 17.781492429990625], [33.54536420503045, 17.781763582903167], [33.54508117789347, 17.781764370922556], [33.54508200021534, 17.782035523840356], [33.54536502777925, 17.78203473580817], [33.54536585054267, 17.78230588870564], [33.54508282255182, 17.78230667675062], [33.545083644902924, 17.782577829653345], [33.54480061647051, 17.782578617302082]]]}, "properties": {"zone_id": "scene_02-Z0127", "scene": "scene_02", "pixel_count": 23, "approx_area_m2": 20700.0, "centroid_x": 557718.2608695652, "centroid_y": 1966130.8695652173, "centroid_lon": 33.544546048128716, "centroid_lat": 17.781818911851882, "mean_risk": 2.407582998275757, "max_risk": 3.389009475708008, "median_risk": 2.2225184440612793, "high_priority_pixel_pct": 100.0, "priority_category": "HIGH PRIORITY", "threshold_type": "95th percentile prioritisation threshold", "recommendation": "Spectral-stress evidence detected. Prioritise field inspection to determine the underlying cause. Field verification required.", "priority_rank": 59}}, {"type": "Feature", "geometry": {"type": "Polygon", "coordinates": [[[33.59999087510405, 17.78241728896185], [33.59998906476732, 17.78187498836206], [33.59970604016622, 17.781875855334203], [33.59970151674038, 17.780520103632323], [33.59998453920702, 17.780519236730566], [33.59998544428691, 17.780790387071956], [33.600268467164334, 17.78078951974713], [33.60027390054291, 17.782416421552533], [33.59999087510405, 17.78241728896185]]]}, "properties": {"zone_id": "scene_02-Z0128", "scene": "scene_02", "pixel_count": 11, "approx_area_m2": 9900.0, "centroid_x": 563596.3636363636, "centroid_y": 1966104.5454545454, "centroid_lon": 33.60000040721009, "centroid_lat": 17.781418923417863, "mean_risk": 2.036447525024414, "max_risk": 2.389878273010254, "median_risk": 2.012301206588745, "high_priority_pixel_pct": 100.0, "priority_category": "HIGH PRIORITY", "threshold_type": "95th percentile prioritisation threshold", "recommendation": "Spectral-stress evidence detected. Prioritise field inspection to determine the underlying cause. Field verification required.", "priority_rank": 186}}, {"type": "Feature", "geometry": {"type": "Polygon", "coordinates": [[[33.611592136826864, 17.78156794062291], [33.611591214195855, 17.781296790887023], [33.61130819111436, 17.781297674599625], [33.61130634675532, 17.780755375076524], [33.611589368983054, 17.780754491392614], [33.61158475623799, 17.779398742524553], [33.61186777631503, 17.779397858503454], [33.61186685338838, 17.779126708721563], [33.612149873022176, 17.77912582430589], [33.612148949685086, 17.77885467453081], [33.61186593047812, 17.778855558932126], [33.61186408470684, 17.77831325933063], [33.61158106633709, 17.77831414329431], [33.61157829908359, 17.777500693792412], [33.611861316172934, 17.777499809871802], [33.61185947056569, 17.776957510194862], [33.612142486785075, 17.77695662589407], [33.61214156357929, 17.77668547605865], [33.61299061085865, 17.77668282074613], [33.612992459847256, 17.777225120323187], [33.61355849299175, 17.7772233480129], [33.61356126915866, 17.778036797235547], [33.613278251314256, 17.77803768363832], [33.61327917630932, 17.77830883337851], [33.61299615802168, 17.778309719386762], [33.6129980072075, 17.778852018873287], [33.61271498804979, 17.77885290450139], [33.612715912240525, 17.779124054247724], [33.61243289263955, 17.779124939481267], [33.61243381641988, 17.779396089234428], [33.612150796375666, 17.779396974073414], [33.61215171974556, 17.7796681238334], [33.61186869925808, 17.779669008277807], [33.61187239119438, 17.78075360729974], [33.61215541338931, 17.780752722797885], [33.61215726030966, 17.781295022234854], [33.61187423726096, 17.781295906765436], [33.61187516031886, 17.781567056486963], [33.611592136826864, 17.78156794062291]]]}, "properties": {"zone_id": "scene_02-Z0129", "scene": "scene_02", "pixel_count": 58, "approx_area_m2": 52200.0, "centroid_x": 564905.1724137932, "centroid_y": 1965786.7241379311, "centroid_lon": 33.612338077301246, "centroid_lat": 17.778508129905585, "mean_risk": 2.7038462162017822, "max_risk": 4.167603015899658, "median_risk": 2.50504469871521, "high_priority_pixel_pct": 100.0, "priority_category": "HIGH PRIORITY", "threshold_type": "95th percentile prioritisation threshold", "recommendation": "Spectral-stress evidence detected. Prioritise field inspection to determine the underlying cause. Field verification required.", "priority_rank": 27}}, {"type": "Feature", "geometry": {"type": "Polygon", "coordinates": [[[33.53800468310449, 17.781512785233136], [33.53800387148475, 17.78124163198255], [33.53658873803729, 17.781245514690706], [33.536584690827304, 17.77988974800951], [33.536867715411134, 17.77988897234887], [33.536866095774116, 17.77934666564885], [33.5374321431911, 17.779345113151074], [33.53743376453559, 17.77988741980067], [33.53715073998057, 17.779888196279266], [33.53715155024754, 17.78015934960537], [33.537434575229454, 17.780158573114175], [33.5374361966604, 17.780700879718573], [33.53771922248168, 17.780700102793165], [33.5377184113321, 17.78042894950735], [33.538001436712065, 17.78042817218557], [33.53799981360241, 17.779885865616578], [33.53828283811418, 17.77988508791107], [33.53828365008868, 17.780156241186702], [33.5385666750129, 17.780155463059586], [33.53856748742872, 17.78042661631505], [33.538850512765386, 17.780425837766305], [33.53885132562254, 17.780696991001598], [33.53856829985897, 17.780697769562977], [33.53856992476281, 17.781240076036234], [33.538286898131, 17.78124085421389], [33.53828771017766, 17.78151200745186], [33.53800468310449, 17.781512785233136]]]}, "properties": {"zone_id": "scene_02-Z0130", "scene": "scene_02", "pixel_count": 34, "approx_area_m2": 30600.0, "centroid_x": 556976.4705882353, "centroid_y": 1965989.1176470588, "centroid_lon": 33.53754398312296, "centroid_lat": 17.780557030964413, "mean_risk": 2.3866758346557617, "max_risk": 3.877662420272827, "median_risk": 2.284026861190796, "high_priority_pixel_pct": 100.0, "priority_category": "HIGH PRIORITY", "threshold_type": "95th percentile prioritisation threshold", "recommendation": "Spectral-stress evidence detected. Prioritise field inspection to determine the underlying cause. Field verification required.", "priority_rank": 64}}, {"type": "Feature", "geometry": {"type": "Polygon", "coordinates": [[[33.569409432529994, 17.777898980408732], [33.56940857372156, 17.77762782850251], [33.5688425347782, 17.777629473263968], [33.56884167683863, 17.777358321323504], [33.568558657770865, 17.77735914307752], [33.56855694279106, 17.776816839147273], [33.566858833186096, 17.77682176092453], [33.56686054304444, 17.77736406501464], [33.566294504680634, 17.77736570238912], [33.56629279652945, 17.776823398245817], [33.56600977817834, 17.776824216293125], [33.566010631819566, 17.777095368381826], [33.5657276130265, 17.777096186033518], [33.565725906612805, 17.77655388182202], [33.56515987068832, 17.77655551584564], [33.56515901835776, 17.77628436370205], [33.56572505342871, 17.776282729704974], [33.56572420025978, 17.77601157758038], [33.56459213176433, 17.776014843885974], [33.56458957746951, 17.775201387307835], [33.56430656158803, 17.775202202822317], [33.564304859653966, 17.774659898372718], [33.56458787468198, 17.774659082884728], [33.56458617195501, 17.774116778431477], [33.564869186114464, 17.774115962561147], [33.564868334346976, 17.77384481033647], [33.56515134806458, 17.77384399407058], [33.56515049588555, 17.773572841851628], [33.56571652242192, 17.77357120811993], [33.56571055161955, 17.77167314256202], [33.56599356187835, 17.771672325175903], [33.56599270854061, 17.771401172936482], [33.5662757183576, 17.771400355154885], [33.56627401087439, 17.77085805068001], [33.565991001910646, 17.770858868435035], [33.56598844207951, 17.77004541162636], [33.56627144976344, 17.770044593911184], [33.5662688887891, 17.769231137074556], [33.566551895178115, 17.769230318990534], [33.56654933306071, 17.76841686212596], [33.566266327951375, 17.768417680170117], [33.56626462080212, 17.767875375529485], [33.566547625058384, 17.767874557511917], [33.56654847905195, 17.768145709822708], [33.567114488371985, 17.768144072534955], [33.567116198110874, 17.768686377080726], [33.56739920360118, 17.768685557797212], [33.567400914254, 17.76922786228623], [33.56768392058222, 17.769227042567383], [33.567684776358014, 17.769498194787275], [33.56796778309759, 17.769497374646402], [33.567969495548006, 17.770039679036927], [33.56825250312552, 17.770038858460676], [33.568251646466116, 17.76976770628251], [33.56881766072227, 17.769766063930522], [33.56881851823485, 17.770037216082006], [33.569384533283184, 17.770035572068437], [33.56938710847203, 17.770849028397542], [33.56967011725311, 17.770848205737575], [33.56967183497523, 17.771390509892576], [33.57023785419806, 17.771388863292913], [33.5702387139353, 17.771660015332362], [33.570521723950414, 17.77165919140601], [33.57052430453377, 17.772472647438985], [33.57080731581354, 17.772471823063693], [33.57081075851217, 17.773556430948577], [33.571093771483326, 17.773555606110918], [33.57109549377785, 17.77409790998135], [33.57166152138102, 17.774096259025953], [33.57166238340465, 17.774367410923045], [33.57137936918402, 17.774368236618567], [33.57138023079627, 17.774639388521535], [33.571663245443624, 17.774638562812605], [33.57166841799926, 17.776265473991664], [33.57110238356835, 17.776267125161596], [33.57110152229095, 17.775995973290446], [33.57081850547929, 17.7759967982487], [33.570820227195874, 17.77653910201026], [33.571103244861064, 17.77653827702521], [33.571104967492424, 17.777080580729823], [33.57082194897367, 17.777081405741672], [33.57082280988553, 17.777352557596075], [33.57053979092468, 17.77735338221242], [33.570540651425034, 17.777624534072675], [33.56997461260386, 17.77762618210541], [33.56997547226591, 17.777897333984896], [33.569409432529994, 17.777898980408732]], [[33.56458957746951, 17.775201387307835], [33.56515560918706, 17.775199755052313], [33.56515475693226, 17.77492860287104], [33.56458872606819, 17.774930235100044], [33.56458957746951, 17.775201387307835]], [[33.57109893855061, 17.77518251763177], [33.57138195406673, 17.77518169230486], [33.57138109242384, 17.774910540416972], [33.571098077334455, 17.774911365730468], [33.57109893855061, 17.77518251763177]], [[33.56798319734382, 17.77437811307605], [33.56826621174776, 17.7743772922865], [33.56826449795671, 17.77383498816377], [33.568547511492014, 17.77383416699206], [33.56854579690851, 17.77329186286586], [33.56826278422659, 17.773292684010894], [33.56825935694916, 17.77220807561472], [33.56797634595868, 17.77220889629762], [33.56798319734382, 17.77437811307605]], [[33.566846865879796, 17.773025631449656], [33.56712987821114, 17.773024812361953], [33.56712902309086, 17.77275366021339], [33.566846011186186, 17.772754479287784], [33.566846865879796, 17.773025631449656]], [[33.569676988508114, 17.77301742217671], [33.569960000687075, 17.77301659900103], [33.569957422571925, 17.772203142932987], [33.56939140075871, 17.772204788795346], [33.56939225926183, 17.7724759408523], [33.56967527060274, 17.772475118112144], [33.569676988508114, 17.77301742217671]], [[33.56656299926632, 17.772755297953395], [33.566846011186186, 17.772754479287784], [33.56684515650776, 17.772483327118383], [33.56656214501456, 17.77248414577069], [33.56656299926632, 17.772755297953395]], [[33.567692479024984, 17.771938564427206], [33.56825850016789, 17.77193692349684], [33.56825764340185, 17.77166577137142], [33.56854065352382, 17.771664950306416], [33.56853808203723, 17.770851493924965], [33.56825507319513, 17.770852314949956], [33.56825335980016, 17.770310010631302], [33.56797035179605, 17.77031083122088], [33.567969495548006, 17.770039679036927], [33.567686487955264, 17.77004049920445], [33.567692479024984, 17.771938564427206]], [[33.56627657212197, 17.77167150738102], [33.566559582350415, 17.771670689177373], [33.56655872815941, 17.771399536964527], [33.5662757183576, 17.771400355154885], [33.56627657212197, 17.77167150738102]]]}, "properties": {"zone_id": "scene_02-Z0131", "scene": "scene_02", "pixel_count": 504, "approx_area_m2": 453600.0, "centroid_x": 560216.1904761905, "centroid_y": 1965257.0238095238, "centroid_lon": 33.568087110741985, "centroid_lat": 17.773853794822074, "mean_risk": 2.4130606651306152, "max_risk": 3.724936008453369, "median_risk": 2.393036365509033, "high_priority_pixel_pct": 100.0, "priority_category": "HIGH PRIORITY", "threshold_type": "95th percentile prioritisation threshold", "recommendation": "Spectral-stress evidence detected. Prioritise field inspection to determine the underlying cause. Field verification required.", "priority_rank": 57}}, {"type": "Feature", "geometry": {"type": "Polygon", "coordinates": [[[33.625444230452835, 17.776914602540295], [33.62544140071196, 17.776101155058864], [33.62572441485478, 17.776100251175908], [33.62572347121463, 17.775829102015017], [33.62600648491392, 17.775828197737894], [33.62600459683048, 17.77528589942285], [33.62628760965954, 17.775284994766267], [33.6262857207898, 17.77474269645043], [33.626568732748645, 17.77474179141441], [33.62656778791226, 17.774470642259875], [33.62685079942761, 17.774469736829733], [33.62684985418133, 17.77419858768236], [33.625717809725955, 17.774202206891232], [33.62571403573566, 17.773117609991143], [33.62599704516799, 17.77311670586089], [33.62599610128569, 17.772845556631694], [33.62627911027458, 17.772844652107345], [33.62627816598243, 17.772573502885304], [33.62656117452788, 17.772572597966878], [33.62656022982587, 17.772301448751993], [33.626843237927886, 17.772300543439503], [33.626841347721, 17.7717582450165], [33.62769036936643, 17.77175552671477], [33.627689423008334, 17.77148437753611], [33.628538443222475, 17.771481655599857], [33.62853749560138, 17.771210506457873], [33.62910350814002, 17.7712086898195], [33.62910255968258, 17.770937540699485], [33.629668571300556, 17.770935722455697], [33.62966762200679, 17.770664573357678], [33.63023363270407, 17.770662753508546], [33.63023268257401, 17.770391604432543], [33.63051568747073, 17.770390693909686], [33.63051663802737, 17.7706618429709], [33.63108264862326, 17.77066002066943], [33.63108360004999, 17.77093116969349], [33.63136660574916, 17.770930257914863], [33.631367557619406, 17.771201406916564], [33.63165056372824, 17.77120049471439], [33.63165342072039, 17.772013941629773], [33.63193642809214, 17.77201302897439], [33.63193738088336, 17.772284177916273], [33.63165437308497, 17.77228509058649], [33.63165532546648, 17.772556239535646], [33.63193833369151, 17.772555326850604], [33.63193928651659, 17.772826475777393], [33.63165627786493, 17.772827388477257], [33.63165913516187, 17.773640835256845], [33.63137612521328, 17.77364174759239], [33.63137898138257, 17.774455194348523], [33.63109597013701, 17.77445610631971], [33.63109882517852, 17.775269553052375], [33.62911773702545, 17.775275925714404], [33.62911678831503, 17.775004776707565], [33.62855076382996, 17.77500659375911], [33.62855171168695, 17.775277742795467], [33.62798568628106, 17.775279558241184], [33.62798663330145, 17.775550707299484], [33.62770362014652, 17.775551614423815], [33.62770456675702, 17.77582276348931], [33.62657251226217, 17.7758263879571], [33.626574402119715, 17.776368686183176], [33.6262913876005, 17.776369591307393], [33.62629233212772, 17.776640740423815], [33.626009317164964, 17.77664164515387], [33.62601026128221, 17.776912794277433], [33.625444230452835, 17.776914602540295]], [[33.626851744690704, 17.774740885969567], [33.627417768524374, 17.7747390738534], [33.62741682240789, 17.77446792474301], [33.62685079942761, 17.774469736829733], [33.626851744690704, 17.774740885969567]]]}, "properties": {"zone_id": "scene_02-Z0132", "scene": "scene_02", "pixel_count": 301, "approx_area_m2": 270900.0, "centroid_x": 566655.4485049834, "centroid_y": 1965225.6478405315, "centroid_lon": 33.62883233825015, "centroid_lat": 17.773384632946925, "mean_risk": 3.5100977420806885, "max_risk": 5.417562961578369, "median_risk": 3.3607165813446045, "high_priority_pixel_pct": 100.0, "priority_category": "HIGH PRIORITY", "threshold_type": "95th percentile prioritisation threshold", "recommendation": "Spectral-stress evidence detected. Prioritise field inspection to determine the underlying cause. Field verification required.", "priority_rank": 6}}, {"type": "Feature", "geometry": {"type": "Polygon", "coordinates": [[[33.53459464860846, 17.776912477853283], [33.53459303611667, 17.776370170786368], [33.53487605525228, 17.77636939815169], [33.534874441964284, 17.775827091079744], [33.53515746023202, 17.775826318061288], [33.53515826729562, 17.776097471588468], [33.53572430464158, 17.776095924299796], [33.53572349672445, 17.77582477079774], [33.53600651494913, 17.775823996552656], [33.53600813165129, 17.776366303524085], [33.53629115071514, 17.77636552884496], [33.53629195951456, 17.77663668230679], [33.535725920518935, 17.776638231281304], [33.53572672847915, 17.776909384760756], [33.53459464860846, 17.776912477853283]]]}, "properties": {"zone_id": "scene_02-Z0133", "scene": "scene_02", "pixel_count": 16, "approx_area_m2": 14400.0, "centroid_x": 556747.5, "centroid_y": 1965532.5, "centroid_lon": 33.53537154055686, "centroid_lat": 17.776435833433492, "mean_risk": 2.02510929107666, "max_risk": 2.373440980911255, "median_risk": 1.9781711101531982, "high_priority_pixel_pct": 100.0, "priority_category": "HIGH PRIORITY", "threshold_type": "95th percentile prioritisation threshold", "recommendation": "Spectral-stress evidence detected. Prioritise field inspection to determine the underlying cause. Field verification required.", "priority_rank": 192}}, {"type": "Feature", "geometry": {"type": "Polygon", "coordinates": [[[33.540820269403966, 17.77662423162991], [33.54081945377606, 17.776353078370292], [33.54053643494318, 17.77635385959161], [33.54053561975655, 17.776082706311772], [33.540252601335936, 17.77608348711152], [33.54025178659057, 17.775812333811473], [33.54166687641478, 17.77580842578739], [33.5416660595501, 17.77553727254327], [33.54223209452467, 17.775535706496967], [33.54223454772284, 17.776349166130395], [33.54166851018769, 17.77635073225301], [33.541667693293974, 17.776079579023964], [33.541384674931386, 17.77608036145924], [33.54138549139832, 17.776351514700995], [33.541102472594446, 17.776352296740086], [33.54110328864913, 17.776623449987007], [33.540820269403966, 17.77662423162991]]]}, "properties": {"zone_id": "scene_02-Z0134", "scene": "scene_02", "pixel_count": 15, "approx_area_m2": 13500.0, "centroid_x": 557382.0, "centroid_y": 1965490.0, "centroid_lon": 33.54135623702502, "centroid_lat": 17.776035247472368, "mean_risk": 2.4030070304870605, "max_risk": 3.4398770332336426, "median_risk": 2.4594781398773193, "high_priority_pixel_pct": 100.0, "priority_category": "HIGH PRIORITY", "threshold_type": "95th percentile prioritisation threshold", "recommendation": "Spectral-stress evidence detected. Prioritise field inspection to determine the underlying cause. Field verification required.", "priority_rank": 61}}, {"type": "Feature", "geometry": {"type": "Polygon", "coordinates": [[[33.55921480311184, 17.776030269498918], [33.55921395977348, 17.775759117063206], [33.55836490866517, 17.77576153915414], [33.55836406662205, 17.77549038667155], [33.558081049982746, 17.77549119320436], [33.5580785252234, 17.774677735672082], [33.558361540582496, 17.77467692917857], [33.55836069859925, 17.77440577666584], [33.55864371351666, 17.774404969776594], [33.55864455592662, 17.77467612227622], [33.55921058656994, 17.774674507244995], [33.55921142984833, 17.774945659710845], [33.55949444557424, 17.774944851568847], [33.559491914503866, 17.774131394188053], [33.55864287112167, 17.77413381726944], [33.55864202874165, 17.773862664754745], [33.55835901467767, 17.773863471617773], [33.55835817273933, 17.773592319082436], [33.55864118637662, 17.773591512232517], [33.55864034402656, 17.77332035970275], [33.55892335722219, 17.77331955245712], [33.55892082898184, 17.77250609486197], [33.559486852768096, 17.77250447922302], [33.55948769635322, 17.77277563173603], [33.560053720932814, 17.77277401443566], [33.56005287649435, 17.77250286194893], [33.560618900160556, 17.772501243039684], [33.56062143608103, 17.773314700398387], [33.56033842297541, 17.77331551009686], [33.56033926788561, 17.773586662547853], [33.561188308437416, 17.773584232186533], [33.56118915464272, 17.773855384590505], [33.56090614071379, 17.773856195132925], [33.56090783231612, 17.774398499944603], [33.561473861865764, 17.774396878398267], [33.561475555235134, 17.774939183127128], [33.56119253961439, 17.774939994131056], [33.561193385894924, 17.775211146497348], [33.56062735375483, 17.775212767304993], [33.56062650832777, 17.77494161491237], [33.560343492661914, 17.774942424689762], [33.560341802706326, 17.774400119855603], [33.560058787878894, 17.774400929197853], [33.56006047698103, 17.774943234058302], [33.559777461285144, 17.774944043017996], [33.559778305432, 17.775215195450063], [33.56006132155462, 17.775214386477224], [33.56006301074686, 17.775756691292464], [33.55977999377074, 17.775757500291572], [33.55978083796261, 17.776028652701033], [33.55921480311184, 17.776030269498918]]]}, "properties": {"zone_id": "scene_02-Z0135", "scene": "scene_02", "pixel_count": 85, "approx_area_m2": 76500.0, "centroid_x": 559324.9411764706, "centroid_y": 1965298.9411764706, "centroid_lon": 33.55968042805318, "centroid_lat": 17.774256862954974, "mean_risk": 2.239967107772827, "max_risk": 3.0368809700012207, "median_risk": 2.2009100914001465, "high_priority_pixel_pct": 100.0, "priority_category": "HIGH PRIORITY", "threshold_type": "95th percentile prioritisation threshold", "recommendation": "Spectral-stress evidence detected. Prioritise field inspection to determine the underlying cause. Field verification required.", "priority_rank": 86}}, {"type": "Feature", "geometry": {"type": "Polygon", "coordinates": [[[33.537978718427155, 17.772835877477515], [33.53797790726897, 17.77256472398586], [33.538260920257876, 17.772563946621318], [33.53826173184274, 17.77283510010034], [33.537978718427155, 17.772835877477515]]]}, "properties": {"zone_id": "scene_02-Z0136", "scene": "scene_02", "pixel_count": 9, "approx_area_m2": 8100.0, "centroid_x": 556986.6666666666, "centroid_y": 1965196.6666666667, "centroid_lon": 33.537618756458215, "centroid_lat": 17.773394241273547, "mean_risk": 1.8776817321777344, "max_risk": 2.0181238651275635, "median_risk": 1.8620092868804932, "high_priority_pixel_pct": 100.0, "priority_category": "HIGH PRIORITY", "threshold_type": "95th percentile prioritisation threshold", "recommendation": "Spectral-stress evidence detected. Prioritise field inspection to determine the underlying cause. Field verification required.", "priority_rank": 310}}, {"type": "Feature", "geometry": {"type": "Polygon", "coordinates": [[[33.57477380539902, 17.773815997783785], [33.574770338745076, 17.772731390681766], [33.57533636168186, 17.77272972923193], [33.57533549420357, 17.772458577464572], [33.575618505222174, 17.772457746139978], [33.575617637332655, 17.77218659437858], [33.57590064790918, 17.77218576265871], [33.57589977960845, 17.771914610903295], [33.57618278974288, 17.771913778788168], [33.57618539597134, 17.77272723399126], [33.57590238455695, 17.77272806614694], [33.57590325290399, 17.772999217879736], [33.575620241047496, 17.773000049640142], [33.575621108983306, 17.77327120137893], [33.5753380966847, 17.773272032744032], [33.57533896420926, 17.77354318448878], [33.57505595146854, 17.77354401545859], [33.575056818581835, 17.7738151672093], [33.57477380539902, 17.773815997783785]]]}, "properties": {"zone_id": "scene_02-Z0137", "scene": "scene_02", "pixel_count": 16, "approx_area_m2": 14400.0, "centroid_x": 560996.25, "centroid_y": 1965150.0, "centroid_lon": 33.57544292480057, "centroid_lat": 17.772864993406365, "mean_risk": 2.3013968467712402, "max_risk": 3.0224852561950684, "median_risk": 2.2696685791015625, "high_priority_pixel_pct": 100.0, "priority_category": "HIGH PRIORITY", "threshold_type": "95th percentile prioritisation threshold", "recommendation": "Spectral-stress evidence detected. Prioritise field inspection to determine the underlying cause. Field verification required.", "priority_rank": 71}}, {"type": "Feature", "geometry": {"type": "Polygon", "coordinates": [[[33.54845185906877, 17.773349148278797], [33.5484510320943, 17.773077995273866], [33.548168018776295, 17.773078787380687], [33.548167192243206, 17.772807634355356], [33.547318153481065, 17.772810008184422], [33.54731650301899, 17.772267702034032], [33.54844855125911, 17.77226453621387], [33.548449378189474, 17.772535689241405], [33.549015403074684, 17.77253410385287], [33.5490170586862, 17.773076409833816], [33.5487340453976, 17.773077202758245], [33.54873487279876, 17.773348355750304], [33.54845185906877, 17.773349148278797]]]}, "properties": {"zone_id": "scene_02-Z0138", "scene": "scene_02", "pixel_count": 16, "approx_area_m2": 14400.0, "centroid_x": 558123.75, "centroid_y": 1965129.375, "centroid_lon": 33.54834392027869, "centroid_lat": 17.772756298152956, "mean_risk": 1.861739158630371, "max_risk": 2.0940983295440674, "median_risk": 1.851337194442749, "high_priority_pixel_pct": 100.0, "priority_category": "HIGH PRIORITY", "threshold_type": "95th percentile prioritisation threshold", "recommendation": "Spectral-stress evidence detected. Prioritise field inspection to determine the underlying cause. Field verification required.", "priority_rank": 323}}, {"type": "Feature", "geometry": {"type": "Polygon", "coordinates": [[[33.60222419510114, 17.773191227772006], [33.60222237903164, 17.77264892688505], [33.60193936907005, 17.772649796648842], [33.60193664636681, 17.77183634521946], [33.60221965504846, 17.77183547549805], [33.60221874708636, 17.771564325020645], [33.602501755325235, 17.77156345490461], [33.602504480539885, 17.772376906271823], [33.602787490042516, 17.772376035704614], [33.60278839890635, 17.772647186131124], [33.60250538897707, 17.772648056712477], [33.6025072058999, 17.773190357571167], [33.60222419510114, 17.773191227772006]]]}, "properties": {"zone_id": "scene_02-Z0139", "scene": "scene_02", "pixel_count": 10, "approx_area_m2": 9000.0, "centroid_x": 563844.0, "centroid_y": 1965102.0, "centroid_lon": 33.60230628306547, "centroid_lat": 17.772350400380176, "mean_risk": 1.9624440670013428, "max_risk": 2.145921230316162, "median_risk": 1.9203596115112305, "high_priority_pixel_pct": 100.0, "priority_category": "HIGH PRIORITY", "threshold_type": "95th percentile prioritisation threshold", "recommendation": "Spectral-stress evidence detected. Prioritise field inspection to determine the underlying cause. Field verification required.", "priority_rank": 230}}, {"type": "Feature", "geometry": {"type": "Polygon", "coordinates": [[[33.536562842108246, 17.772568604676657], [33.53656041512012, 17.771755143967386], [33.53627740332477, 17.771755918841396], [33.53627578625788, 17.771213611639052], [33.53655879719995, 17.771212836790223], [33.53655798826145, 17.77094168319034], [33.5368409987625, 17.770940907945338], [33.53684585516919, 17.77256782935609], [33.536562842108246, 17.772568604676657]]]}, "properties": {"zone_id": "scene_02-Z0140", "scene": "scene_02", "pixel_count": 9, "approx_area_m2": 8100.0, "centroid_x": 556886.6666666666, "centroid_y": 1965020.0, "centroid_lon": 33.5366706101158, "centroid_lat": 17.771800034779684, "mean_risk": 1.902097463607788, "max_risk": 2.0571088790893555, "median_risk": 1.9196834564208984, "high_priority_pixel_pct": 100.0, "priority_category": "HIGH PRIORITY", "threshold_type": "95th percentile prioritisation threshold", "recommendation": "Spectral-stress evidence detected. Prioritise field inspection to determine the underlying cause. Field verification required.", "priority_rank": 286}}, {"type": "Feature", "geometry": {"type": "Polygon", "coordinates": [[[33.69419343819495, 17.77071772600146], [33.69419134510585, 17.770175434880755], [33.694474345989924, 17.770174431990988], [33.694473299046734, 17.7699032864356], [33.695039299905936, 17.76990127946259], [33.69504034770223, 17.770172424985372], [33.69532334853044, 17.77017142086953], [33.695324396771916, 17.77044256636845], [33.69504139551715, 17.7704435705006], [33.6950424433507, 17.77071471600828], [33.69419343819495, 17.77071772600146]]]}, "properties": {"zone_id": "scene_02-Z0141", "scene": "scene_02", "pixel_count": 9, "approx_area_m2": 8100.0, "centroid_x": 573640.0, "centroid_y": 1964913.3333333333, "centroid_lon": 33.69471082007078, "centroid_lat": 17.770339295986926, "mean_risk": 2.150113105773926, "max_risk": 2.5177955627441406, "median_risk": 2.019028425216675, "high_priority_pixel_pct": 100.0, "priority_category": "HIGH PRIORITY", "threshold_type": "95th percentile prioritisation threshold", "recommendation": "Spectral-stress evidence detected. Prioritise field inspection to determine the underlying cause. Field verification required.", "priority_rank": 121}}, {"type": "Feature", "geometry": {"type": "Polygon", "coordinates": [[[33.57391524713258, 17.77083581678887], [33.57391438189529, 17.770564664901332], [33.57334836563069, 17.770566322047898], [33.57334663690866, 17.77002401819638], [33.573063629606494, 17.77002484612966], [33.57306103791846, 17.769211390255514], [33.57277803188066, 17.769212217739735], [33.572775441610545, 17.768398761757435], [33.57305844636867, 17.768397934313548], [33.57305758254946, 17.768126782317825], [33.57334058686569, 17.768125954478705], [33.57334490824811, 17.769481714314722], [33.573627914681744, 17.769480885999638], [33.573630508975384, 17.77029434177045], [33.57419652435602, 17.77029268383334], [33.574197390004514, 17.770563835714942], [33.57448039809835, 17.77056300611982], [33.574481264188854, 17.770834157980406], [33.57391524713258, 17.77083581678887]]]}, "properties": {"zone_id": "scene_02-Z0142", "scene": "scene_02", "pixel_count": 18, "approx_area_m2": 16200.0, "centroid_x": 560781.6666666666, "centroid_y": 1964785.0, "centroid_lon": 33.57340808670545, "centroid_lat": 17.769571914261395, "mean_risk": 2.1501095294952393, "max_risk": 2.7101168632507324, "median_risk": 2.128178119659424, "high_priority_pixel_pct": 100.0, "priority_category": "HIGH PRIORITY", "threshold_type": "95th percentile prioritisation threshold", "recommendation": "Spectral-stress evidence detected. Prioritise field inspection to determine the underlying cause. Field verification required.", "priority_rank": 122}}, {"type": "Feature", "geometry": {"type": "Polygon", "coordinates": [[[33.547028542447954, 17.770641573758127], [33.54702689307384, 17.77009926746155], [33.54674388437547, 17.770100057383168], [33.54674223591319, 17.769557751030796], [33.54702524375838, 17.769556961134832], [33.54702441912264, 17.76928580796018], [33.54674141170405, 17.76928659784331], [33.54673893916451, 17.768473138235656], [33.54702194530341, 17.768472348391025], [33.54702276989516, 17.76874350158828], [33.54730577644597, 17.76874271132212], [33.54730660147894, 17.769013864498994], [33.547589608441626, 17.769013073811294], [33.54759208490831, 17.769826533258197], [33.547309076665876, 17.76982732398444], [33.54730990175754, 17.77009847713119], [33.547592910426566, 17.770097686392102], [33.5475937359595, 17.77036883951847], [33.54731072686387, 17.770369630270405], [33.54731155198487, 17.77064078340209], [33.547028542447954, 17.770641573758127]]]}, "properties": {"zone_id": "scene_02-Z0143", "scene": "scene_02", "pixel_count": 16, "approx_area_m2": 14400.0, "centroid_x": 557998.125, "centroid_y": 1964773.125, "centroid_lon": 33.547149008134205, "centroid_lat": 17.769539668353982, "mean_risk": 2.0957491397857666, "max_risk": 2.552917718887329, "median_risk": 2.0780537128448486, "high_priority_pixel_pct": 100.0, "priority_category": "HIGH PRIORITY", "threshold_type": "95th percentile prioritisation threshold", "recommendation": "Spectral-stress evidence detected. Prioritise field inspection to determine the underlying cause. Field verification required.", "priority_rank": 145}}, {"type": "Feature", "geometry": {"type": "Polygon", "coordinates": [[[33.54532719646761, 17.7695616943798], [33.54532637439136, 17.76929054112825], [33.54504336688493, 17.7692913285591], [33.54504254524987, 17.769020175287217], [33.54475953815541, 17.769020962296572], [33.54475789578224, 17.768478655704648], [33.54504090202357, 17.76847786872087], [33.545040080432344, 17.7682067154264], [33.54532308623252, 17.768205928046722], [33.545321442240805, 17.76766362146077], [33.54617045699437, 17.767661256946464], [33.54617128026252, 17.767932410204782], [33.54560526958837, 17.767933986981948], [33.545606092018076, 17.768205140258353], [33.545889097789015, 17.768204352061307], [33.54589074354541, 17.76874665856592], [33.54560773692137, 17.768747446788584], [33.54560938188316, 17.76928975328869], [33.54617539682288, 17.76928817638342], [33.54617622017888, 17.769559329596557], [33.54532719646761, 17.7695616943798]]]}, "properties": {"zone_id": "scene_02-Z0144", "scene": "scene_02", "pixel_count": 19, "approx_area_m2": 17100.0, "centroid_x": 557820.0, "centroid_y": 1964673.1578947369, "centroid_lon": 33.54546590903145, "centroid_lat": 17.768640806562914, "mean_risk": 1.9068633317947388, "max_risk": 2.094329357147217, "median_risk": 1.897172451019287, "high_priority_pixel_pct": 100.0, "priority_category": "HIGH PRIORITY", "threshold_type": "95th percentile prioritisation threshold", "recommendation": "Spectral-stress evidence detected. Prioritise field inspection to determine the underlying cause. Field verification required.", "priority_rank": 282}}, {"type": "Feature", "geometry": {"type": "Polygon", "coordinates": [[[33.62343492100112, 17.76878643763363], [33.62342928260183, 17.767159540629564], [33.62371228278345, 17.767158640091505], [33.62370946252996, 17.766345191531556], [33.62399246141541, 17.766344290628776], [33.623991520937885, 17.766073141108347], [33.6251235146065, 17.766069533469665], [33.62512445678989, 17.766340682931475], [33.625407455591635, 17.7663397799856], [33.625414054330044, 17.768237825904354], [33.62513105254282, 17.76823872895293], [33.625131994860254, 17.7685098783544], [33.62484899262975, 17.76851078100898], [33.624849934537416, 17.76878193041757], [33.624283929173096, 17.76878373453003], [33.624282988118495, 17.76851258509212], [33.623716983540305, 17.76851438754058], [33.623717923741836, 17.76878553700777], [33.62343492100112, 17.76878643763363]]]}, "properties": {"zone_id": "scene_02-Z0145", "scene": "scene_02", "pixel_count": 59, "approx_area_m2": 53100.0, "centroid_x": 566193.0508474576, "centroid_y": 1964564.7457627119, "centroid_lon": 33.6244494960896, "centroid_lat": 17.767425146841635, "mean_risk": 2.942215919494629, "max_risk": 4.77070426940918, "median_risk": 2.9000613689422607, "high_priority_pixel_pct": 100.0, "priority_category": "HIGH PRIORITY", "threshold_type": "95th percentile prioritisation threshold", "recommendation": "Spectral-stress evidence detected. Prioritise field inspection to determine the underlying cause. Field verification required.", "priority_rank": 16}}, {"type": "Feature", "geometry": {"type": "Polygon", "coordinates": [[[33.6256970561005, 17.768236922447112], [33.62569422668964, 17.767423474285508], [33.625977227163794, 17.767422570463655], [33.62597628363388, 17.767151421076054], [33.62654228367885, 17.767149612235816], [33.626545116877935, 17.767963060287816], [33.62626211558433, 17.76796396495635], [33.626263059591096, 17.768235114306634], [33.6256970561005, 17.768236922447112]]]}, "properties": {"zone_id": "scene_02-Z0146", "scene": "scene_02", "pixel_count": 10, "approx_area_m2": 9000.0, "centroid_x": 566370.0, "centroid_y": 1964595.0, "centroid_lon": 33.62611967115451, "centroid_lat": 17.767693267772206, "mean_risk": 2.673919916152954, "max_risk": 3.1971147060394287, "median_risk": 2.6358251571655273, "high_priority_pixel_pct": 100.0, "priority_category": "HIGH PRIORITY", "threshold_type": "95th percentile prioritisation threshold", "recommendation": "Spectral-stress evidence detected. Prioritise field inspection to determine the underlying cause. Field verification required.", "priority_rank": 30}}, {"type": "Feature", "geometry": {"type": "Polygon", "coordinates": [[[33.54531979830757, 17.7671213148447], [33.54531897636288, 17.766850161525372], [33.545601980015796, 17.766849373801005], [33.545602802387, 17.767120527107537], [33.54531979830757, 17.7671213148447]]]}, "properties": {"zone_id": "scene_02-Z0147", "scene": "scene_02", "pixel_count": 19, "approx_area_m2": 17100.0, "centroid_x": 557693.6842105263, "centroid_y": 1964556.3157894737, "centroid_lon": 33.54427110738047, "centroid_lat": 17.767588049144813, "mean_risk": 1.8448656797409058, "max_risk": 1.968432068824768, "median_risk": 1.8203965425491333, "high_priority_pixel_pct": 100.0, "priority_category": "HIGH PRIORITY", "threshold_type": "95th percentile prioritisation threshold", "recommendation": "Spectral-stress evidence detected. Prioritise field inspection to determine the underlying cause. Field verification required.", "priority_rank": 338}}, {"type": "Feature", "geometry": {"type": "Polygon", "coordinates": [[[33.5515359097055, 17.76385005329545], [33.55153507855496, 17.763578900168884], [33.55181807676686, 17.76357810360953], [33.55181890834382, 17.76384925672316], [33.5515359097055, 17.76385005329545]]]}, "properties": {"zone_id": "scene_02-Z0148", "scene": "scene_02", "pixel_count": 47, "approx_area_m2": 42300.0, "centroid_x": 558606.3829787234, "centroid_y": 1964331.7021276595, "centroid_lon": 33.5528748013502, "centroid_lat": 17.76553379063457, "mean_risk": 2.0253798961639404, "max_risk": 2.4145889282226562, "median_risk": 2.0303072929382324, "high_priority_pixel_pct": 100.0, "priority_category": "HIGH PRIORITY", "threshold_type": "95th percentile prioritisation threshold", "recommendation": "Spectral-stress evidence detected. Prioritise field inspection to determine the underlying cause. Field verification required.", "priority_rank": 191}}, {"type": "Feature", "geometry": {"type": "Polygon", "coordinates": [[[33.543055765146526, 17.76712760203028], [33.543054128095896, 17.766585295179766], [33.54333713143903, 17.76658451073737], [33.54333549359364, 17.766042203882236], [33.54305249110349, 17.766042988299137], [33.543050854169316, 17.765500681388378], [33.54333385580651, 17.76549989699697], [33.543334674692794, 17.765771050443366], [33.54390067877643, 17.765769480409176], [33.54390231829864, 17.76631178722835], [33.544468324029914, 17.76631021550858], [33.544467503408534, 17.766039062128293], [33.54503350822845, 17.766037488799522], [33.54503515119177, 17.766579795501425], [33.544469144665875, 17.766581368881326], [33.544469965316445, 17.766852522246552], [33.54362095413866, 17.76685487928985], [33.54362177352427, 17.767126032685844], [33.543055765146526, 17.76712760203028]]]}, "properties": {"zone_id": "scene_02-Z0149", "scene": "scene_02", "pixel_count": 21, "approx_area_m2": 18900.0, "centroid_x": 557650.0, "centroid_y": 1964424.2857142857, "centroid_lon": 33.54385540487052, "centroid_lat": 17.76639584656548, "mean_risk": 1.8488825559616089, "max_risk": 2.0514519214630127, "median_risk": 1.8282201290130615, "high_priority_pixel_pct": 100.0, "priority_category": "HIGH PRIORITY", "threshold_type": "95th percentile prioritisation threshold", "recommendation": "Spectral-stress evidence detected. Prioritise field inspection to determine the underlying cause. Field verification required.", "priority_rank": 337}}, {"type": "Feature", "geometry": {"type": "Polygon", "coordinates": [[[33.54871584629385, 17.767111835027237], [33.54871501923102, 17.766840681861936], [33.54814901223306, 17.766842265892365], [33.548148186037935, 17.766571112693796], [33.548431189117764, 17.766570320895774], [33.54842953591862, 17.766028014501785], [33.54814653369177, 17.766028806274075], [33.54814488140438, 17.765486499824224], [33.54842788277828, 17.765485708077666], [33.54842622969674, 17.764943401623427], [33.54984123208091, 17.76493943689023], [33.54984206074662, 17.76521059005669], [33.54955905987277, 17.765211383833435], [33.54955988812675, 17.76548253700526], [33.54927688681172, 17.76548333038629], [33.549277714653954, 17.76575448356347], [33.5504097215316, 17.765751307536036], [33.550408062450096, 17.765209001277356], [33.551257064894635, 17.765206615043773], [33.55125955737728, 17.766020074304173], [33.55097655529779, 17.76602087016277], [33.5509773857284, 17.76629202324744], [33.550411380672124, 17.7662936137646], [33.55041221026452, 17.766564766867575], [33.54956320128999, 17.76656714961725], [33.54956402961763, 17.766838302751413], [33.54928102617014, 17.766839096196907], [33.549281854086004, 17.767110249336437], [33.54871584629385, 17.767111835027237]]]}, "properties": {"zone_id": "scene_02-Z0150", "scene": "scene_02", "pixel_count": 53, "approx_area_m2": 47700.0, "centroid_x": 558249.0566037736, "centroid_y": 1964375.6603773586, "centroid_lon": 33.549505220375735, "centroid_lat": 17.765940584937745, "mean_risk": 2.873192310333252, "max_risk": 4.088984489440918, "median_risk": 2.8885364532470703, "high_priority_pixel_pct": 100.0, "priority_category": "HIGH PRIORITY", "threshold_type": "95th percentile prioritisation threshold", "recommendation": "Spectral-stress evidence detected. Prioritise field inspection to determine the underlying cause. Field verification required.", "priority_rank": 19}}, {"type": "Feature", "geometry": {"type": "Polygon", "coordinates": [[[33.71058608567712, 17.765235987473602], [33.71058501476366, 17.76496484272187], [33.71001903132889, 17.76496689404967], [33.710017961287264, 17.764695749257054], [33.709168987271596, 17.764698823134623], [33.70916578109836, 17.76388538856159], [33.70888279100093, 17.76388641232043], [33.70888065449987, 17.763344122534022], [33.70859766523618, 17.763345145851076], [33.7085965974405, 17.763074000929915], [33.708313608584156, 17.763075023821823], [33.70830720476688, 17.76144815403648], [33.708590191065255, 17.761447131244307], [33.708591258746985, 17.76171827621079], [33.709157232139376, 17.76171622936777], [33.70915830069273, 17.761987374293437], [33.70972427486172, 17.761985325783208], [33.70972641373074, 17.762527615545295], [33.71000940163937, 17.762526590644146], [33.710010471528754, 17.762797735497198], [33.710859436419426, 17.762794658292748], [33.710860507606874, 17.763065803088235], [33.71114349629202, 17.763064776519723], [33.71114563957678, 17.763607066054675], [33.710862650038926, 17.76360809265655], [33.71086372128353, 17.763879237429382], [33.71114671124776, 17.763878210810823], [33.71115099812225, 17.764962789759846], [33.71086800645248, 17.76496381644514], [33.71086907779235, 17.76523496118019], [33.71058608567712, 17.765235987473602]], [[33.709445563895535, 17.76307092980312], [33.70972855267586, 17.763069905277167], [33.70972641373074, 17.762527615545295], [33.70944342580311, 17.762528640037957], [33.709445563895535, 17.76307092980312]]]}, "properties": {"zone_id": "scene_02-Z0151", "scene": "scene_02", "pixel_count": 77, "approx_area_m2": 69300.0, "centroid_x": 575237.922077922, "centroid_y": 1964154.5454545454, "centroid_lon": 33.709757526372705, "centroid_lat": 17.76342722367755, "mean_risk": 1.9213706254959106, "max_risk": 2.2300546169281006, "median_risk": 1.9093513488769531, "high_priority_pixel_pct": 100.0, "priority_category": "HIGH PRIORITY", "threshold_type": "95th percentile prioritisation threshold", "recommendation": "Spectral-stress evidence detected. Prioritise field inspection to determine the underlying cause. Field verification required.", "priority_rank": 265}}, {"type": "Feature", "geometry": {"type": "Polygon", "coordinates": [[[33.713695771141055, 17.764411242048652], [33.713693620067126, 17.763868952859934], [33.71341063027472, 17.763869983155264], [33.71340633006181, 17.76278540462018], [33.713689318148795, 17.762784374391828], [33.71368824271703, 17.762513229755914], [33.714254217980944, 17.7625111681072], [33.71424883684592, 17.76115544498184], [33.713682865845136, 17.76115750646303], [33.71368179052814, 17.760886361781793], [33.71339880542534, 17.76088739189295], [33.71340095522588, 17.76142968128136], [33.712834983257764, 17.761431740345234], [33.71283820554408, 17.76224517447159], [33.71312119281663, 17.7622441450937], [33.71312011827577, 17.761973000409192], [33.71340310510289, 17.761971970639546], [33.71340525505638, 17.762514259967528], [33.71283927967773, 17.762516319165265], [33.71284142800234, 17.763058608529956], [33.712558439431675, 17.763059637549528], [33.71255521825242, 17.762246203440988], [33.712272230941664, 17.7622472320019], [33.71226901121323, 17.761433797775226], [33.711986025162325, 17.761434825877522], [33.71198495238399, 17.76116368110348], [33.71170196674031, 17.761164708780598], [33.71170089440734, 17.7608935639823], [33.71113492391534, 17.760895618077765], [33.71113385245402, 17.760624473238522], [33.71085086760571, 17.76062549965689], [33.71084872559279, 17.76008320992238], [33.71056574157797, 17.760084235898944], [33.71056252998024, 17.75927080119051], [33.7108455127163, 17.759269775263977], [33.71084658365608, 17.75954092015767], [33.71112956679933, 17.759539893806036], [33.71112742408633, 17.75899760404447], [33.710844441795565, 17.758998630362743], [33.710841229147675, 17.75818519561371], [33.71027526706634, 17.758187246924965], [33.710274197074234, 17.757916101960173], [33.70999121643122, 17.757917126986552], [33.70998693835787, 17.7568325469852], [33.710269917296124, 17.756831522025468], [33.710267777521274, 17.756289232012808], [33.709984799435354, 17.756290256939216], [33.70998373000264, 17.756019111904894], [33.70970075232385, 17.756020136406306], [33.709699683336304, 17.755748991347776], [33.70998266058894, 17.75574796686302], [33.70998159119428, 17.755476821813595], [33.710264568001755, 17.755475796937176], [33.710266707662406, 17.756018086995148], [33.71196457322102, 17.756011928961577], [33.71196564563682, 17.756283073879118], [33.712248623589346, 17.7562820460943], [33.71224969645039, 17.75655319098759], [33.71253267480999, 17.75655216277771], [33.7125337481163, 17.756823307646723], [33.71281672688297, 17.756822279011775], [33.712817800634554, 17.75709342385652], [33.7131007798083, 17.75709239479648], [33.713102928221126, 17.757634684429856], [33.71338590822815, 17.757633654927986], [33.713386982889425, 17.75790479971661], [33.71366996330353, 17.75790376978962], [33.71367318868073, 17.758717204059938], [33.713956170354344, 17.75871617367432], [33.7139583215539, 17.759258463116602], [33.714241304060856, 17.759257432289072], [33.71424238011558, 17.759528576982127], [33.71452536302963, 17.759527545729412], [33.71452859258744, 17.76034097971298], [33.71481157676112, 17.760339948001533], [33.714812653744964, 17.760611092630846], [33.71509563832577, 17.76061006049418], [33.71509671575505, 17.760881205099164], [33.71537970074297, 17.760880172537274], [33.71538185651161, 17.761422461691], [33.71566484233295, 17.761421428687076], [33.715665920672336, 17.761692573235816], [33.71594890690079, 17.761691539806623], [33.71594998568567, 17.761962684331024], [33.71623297232125, 17.761961650476554], [33.71623621007001, 17.762775083954], [33.71651919796537, 17.76277404964062], [33.71652135741321, 17.76331633855419], [33.71680434614206, 17.76331530379868], [33.716805426321145, 17.763586448227315], [33.716522437165935, 17.763587482999647], [33.71652351693787, 17.763858627437543], [33.71595753771711, 17.763860695790253], [33.7159586166555, 17.76413184025421], [33.715109646401345, 17.764134939769672], [33.715108568742075, 17.763863795255354], [33.71567454807794, 17.763861729353817], [33.715672391111454, 17.763319440369646], [33.71482342463707, 17.763322538508458], [33.714826656278284, 17.764135972124425], [33.71426067597469, 17.76413803560832], [33.714261752373986, 17.764409180165398], [33.713695771141055, 17.764411242048652]]]}, "properties": {"zone_id": "scene_02-Z0152", "scene": "scene_02", "pixel_count": 318, "approx_area_m2": 286200.0, "centroid_x": 575582.5471698113, "centroid_y": 1963781.5094339622, "centroid_lon": 33.71299500703997, "centroid_lat": 17.760043866400782, "mean_risk": 2.159971237182617, "max_risk": 3.4028584957122803, "median_risk": 2.1004066467285156, "high_priority_pixel_pct": 100.0, "priority_category": "HIGH PRIORITY", "threshold_type": "95th percentile prioritisation threshold", "recommendation": "Spectral-stress evidence detected. Prioritise field inspection to determine the underlying cause. Field verification required.", "priority_rank": 119}}, {"type": "Feature", "geometry": {"type": "Polygon", "coordinates": [[[33.70775189699481, 17.76416164821884], [33.70775083042129, 17.76389050327049], [33.70746784022894, 17.763891524986672], [33.70746677410075, 17.76362038001416], [33.7071837843158, 17.763621401305215], [33.70717845609104, 17.762265676246372], [33.70746144374425, 17.762264655038308], [33.70746250977763, 17.76253580004858], [33.70774549783822, 17.762534778415414], [33.707746564316885, 17.762805923401533], [33.70802955278484, 17.76280490134326], [33.70803275361375, 17.763618336206473], [33.70831574334179, 17.763617313689842], [33.70831787817535, 17.76415960352765], [33.70775189699481, 17.76416164821884]]]}, "properties": {"zone_id": "scene_02-Z0153", "scene": "scene_02", "pixel_count": 17, "approx_area_m2": 15300.0, "centroid_x": 575017.0588235294, "centroid_y": 1964138.8235294118, "centroid_lon": 33.70767356883489, "centroid_lat": 17.763292659871464, "mean_risk": 1.918255090713501, "max_risk": 2.1842763423919678, "median_risk": 1.8726407289505005, "high_priority_pixel_pct": 100.0, "priority_category": "HIGH PRIORITY", "threshold_type": "95th percentile prioritisation threshold", "recommendation": "Spectral-stress evidence detected. Prioritise field inspection to determine the underlying cause. Field verification required.", "priority_rank": 271}}, {"type": "Feature", "geometry": {"type": "Polygon", "coordinates": [[[33.51304950671094, 17.764496890408846], [33.51304873352683, 17.76422573559861], [33.51276573250747, 17.764226476206964], [33.512764959763544, 17.763955321377164], [33.51304796035646, 17.76395458078085], [33.51304718719985, 17.763683425955563], [33.513613187491565, 17.76368194356124], [33.51361241349585, 17.76341078875252], [33.51446141255088, 17.76340856213286], [33.514462963114646, 17.763950871670406], [33.51333096093563, 17.763953839775937], [33.513332508143, 17.764496149379852], [33.51304950671094, 17.764496890408846]]]}, "properties": {"zone_id": "scene_02-Z0154", "scene": "scene_02", "pixel_count": 11, "approx_area_m2": 9900.0, "centroid_x": 554449.0909090909, "centroid_y": 1964132.7272727273, "centroid_lon": 33.51365223582047, "centroid_lat": 17.7638420702664, "mean_risk": 1.8991813659667969, "max_risk": 2.08425235748291, "median_risk": 1.8964910507202148, "high_priority_pixel_pct": 100.0, "priority_category": "HIGH PRIORITY", "threshold_type": "95th percentile prioritisation threshold", "recommendation": "Spectral-stress evidence detected. Prioritise field inspection to determine the underlying cause. Field verification required.", "priority_rank": 288}}, {"type": "Feature", "geometry": {"type": "Polygon", "coordinates": [[[33.54531157951839, 17.764409781312526], [33.545309114166656, 17.76359632110604], [33.54615810972887, 17.763593957168005], [33.54616057891846, 17.76440741725924], [33.54531157951839, 17.764409781312526]]]}, "properties": {"zone_id": "scene_02-Z0155", "scene": "scene_02", "pixel_count": 9, "approx_area_m2": 8100.0, "centroid_x": 557850.0, "centroid_y": 1964160.0, "centroid_lon": 33.5457348455831, "centroid_lat": 17.76400186967958, "mean_risk": 2.1947996616363525, "max_risk": 2.667987108230591, "median_risk": 2.0921077728271484, "high_priority_pixel_pct": 100.0, "priority_category": "HIGH PRIORITY", "threshold_type": "95th percentile prioritisation threshold", "recommendation": "Spectral-stress evidence detected. Prioritise field inspection to determine the underlying cause. Field verification required.", "priority_rank": 103}}, {"type": "Feature", "geometry": {"type": "Polygon", "coordinates": [[[33.50738565205231, 17.76315584985827], [33.50738488746517, 17.762884694770957], [33.50766788661223, 17.7628839619855], [33.50766865162579, 17.7631551170609], [33.50738565205231, 17.76315584985827]]]}, "properties": {"zone_id": "scene_02-Z0156", "scene": "scene_02", "pixel_count": 23, "approx_area_m2": 20700.0, "centroid_x": 553702.1739130435, "centroid_y": 1964083.043478261, "centroid_lon": 33.5066050407069, "centroid_lat": 17.76341134197885, "mean_risk": 1.933018684387207, "max_risk": 2.129270076751709, "median_risk": 1.9184260368347168, "high_priority_pixel_pct": 100.0, "priority_category": "HIGH PRIORITY", "threshold_type": "95th percentile prioritisation threshold", "recommendation": "Spectral-stress evidence detected. Prioritise field inspection to determine the underlying cause. Field verification required.", "priority_rank": 250}}, {"type": "Feature", "geometry": {"type": "Polygon", "coordinates": [[[33.54417876002091, 17.764141774217503], [33.54417629983009, 17.763328313835036], [33.54389330164814, 17.763329099350184], [33.543894121270746, 17.763600252831296], [33.543611122647796, 17.763601037950632], [33.54360866510292, 17.762787577446414], [33.5441746597758, 17.762786006875757], [33.544173019779855, 17.76224369988635], [33.545305005539426, 17.76224055394465], [33.54530582723564, 17.762511707391983], [33.54587182088052, 17.762510131944286], [33.545872643444135, 17.762781285358493], [33.546438637883284, 17.762779708250978], [33.54643946131433, 17.76305086163202], [33.54559046835446, 17.7630532267189], [33.545589646202615, 17.76278207329942], [33.545023651675706, 17.762783647955615], [33.54502447297476, 17.763054801400685], [33.54474147526298, 17.76305558812874], [33.54474229615023, 17.763326741579068], [33.545025294288415, 17.763325954838226], [33.54502611561667, 17.76359710826824], [33.544743117052086, 17.763597895021864], [33.54474475889959, 17.764140201884874], [33.54417876002091, 17.764141774217503]]]}, "properties": {"zone_id": "scene_02-Z0157", "scene": "scene_02", "pixel_count": 30, "approx_area_m2": 27000.0, "centroid_x": 557740.0, "centroid_y": 1964052.0, "centroid_lon": 33.54469422689546, "centroid_lat": 17.7630286038647, "mean_risk": 2.12282133102417, "max_risk": 2.683044195175171, "median_risk": 2.047732353210449, "high_priority_pixel_pct": 100.0, "priority_category": "HIGH PRIORITY", "threshold_type": "95th percentile prioritisation threshold", "recommendation": "Spectral-stress evidence detected. Prioritise field inspection to determine the underlying cause. Field verification required.", "priority_rank": 131}}, {"type": "Feature", "geometry": {"type": "Polygon", "coordinates": [[[33.568798799303025, 17.76380071469185], [33.56879794214112, 17.7635295623671], [33.56823194750378, 17.763531204105405], [33.56823109120994, 17.763260051746446], [33.56794809429483, 17.763260871989413], [33.567947238442606, 17.76298971960959], [33.56766424193867, 17.762990539430678], [33.56766338652807, 17.762719387029993], [33.56738039043531, 17.76272020642922], [33.567379535466294, 17.762449054007682], [33.56766253113267, 17.76244823462178], [33.56766167575249, 17.76217708220603], [33.568227666186836, 17.762175442235257], [33.56822680996914, 17.76190428983863], [33.568792799489835, 17.761902648260406], [33.56879194243464, 17.76163149588293], [33.57020691383767, 17.761627384855], [33.57020777302465, 17.761898537165656], [33.570773762331655, 17.761896889868083], [33.57077462238666, 17.762168042144435], [33.57049162731444, 17.76216886601087], [33.57049420629209, 17.76298232283492], [33.570211209925425, 17.762983146332978], [33.57021206918883, 17.763254298605975], [33.569646075556875, 17.763255944403188], [33.569646933982746, 17.7635270966954], [33.569363936717465, 17.763527918994527], [33.569364794732195, 17.76379907129258], [33.568798799303025, 17.76380071469185]]]}, "properties": {"zone_id": "scene_02-Z0158", "scene": "scene_02", "pixel_count": 60, "approx_area_m2": 54000.0, "centroid_x": 560331.5, "centroid_y": 1964013.0, "centroid_lon": 33.56913933951536, "centroid_lat": 17.762606644938206, "mean_risk": 2.0608530044555664, "max_risk": 2.5046024322509766, "median_risk": 2.079761505126953, "high_priority_pixel_pct": 100.0, "priority_category": "HIGH PRIORITY", "threshold_type": "95th percentile prioritisation threshold", "recommendation": "Spectral-stress evidence detected. Prioritise field inspection to determine the underlying cause. Field verification required.", "priority_rank": 166}}, {"type": "Feature", "geometry": {"type": "Polygon", "coordinates": [[[33.70717525938362, 17.76145224112043], [33.70717419385238, 17.761181096063343], [33.70689120788547, 17.761182116796558], [33.70688375268139, 17.759284101069333], [33.70660076967943, 17.759285121278], [33.70659544723312, 17.757929395449075], [33.707161408955855, 17.75792735478918], [33.7071731283401, 17.760909950998702], [33.707456113861774, 17.76090892987361], [33.707458245757884, 17.761451219962147], [33.70717525938362, 17.76145224112043]]]}, "properties": {"zone_id": "scene_02-Z0159", "scene": "scene_02", "pixel_count": 19, "approx_area_m2": 17100.0, "centroid_x": 574945.2631578947, "centroid_y": 1963716.3157894737, "centroid_lon": 33.70698131944392, "centroid_lat": 17.75947640770137, "mean_risk": 1.8825173377990723, "max_risk": 1.9720171689987183, "median_risk": 1.8788243532180786, "high_priority_pixel_pct": 100.0, "priority_category": "HIGH PRIORITY", "threshold_type": "95th percentile prioritisation threshold", "recommendation": "Spectral-stress evidence detected. Prioritise field inspection to determine the underlying cause. Field verification required.", "priority_rank": 301}}, {"type": "Feature", "geometry": {"type": "Polygon", "coordinates": [[[33.6698168575929, 17.76049885959367], [33.66981483923775, 17.759956565146602], [33.66953185296711, 17.75995753188274], [33.66953084424273, 17.75968638463217], [33.66981383008711, 17.75968541791175], [33.66980979366403, 17.75860082889688], [33.670092777785435, 17.7585998618309], [33.670091768298306, 17.758328714574038], [33.67037475197552, 17.758327747115366], [33.670378791736766, 17.759412336034632], [33.67009580635457, 17.759413303556208], [33.670099844698164, 17.760497892417646], [33.6698168575929, 17.76049885959367]]]}, "properties": {"zone_id": "scene_02-Z0160", "scene": "scene_02", "pixel_count": 12, "approx_area_m2": 10800.0, "centroid_x": 571027.5, "centroid_y": 1963687.5, "centroid_lon": 33.67002480764592, "centroid_lat": 17.75934575856396, "mean_risk": 1.8205914497375488, "max_risk": 1.8823533058166504, "median_risk": 1.8174930810928345, "high_priority_pixel_pct": 100.0, "priority_category": "HIGH PRIORITY", "threshold_type": "95th percentile prioritisation threshold", "recommendation": "Spectral-stress evidence detected. Prioritise field inspection to determine the underlying cause. Field verification required.", "priority_rank": 357}}, {"type": "Feature", "geometry": {"type": "Polygon", "coordinates": [[[33.631328544816235, 17.760084291661506], [33.6313275936398, 17.75981314235057], [33.63104460542472, 17.75981405352193], [33.63104175327577, 17.759000605499455], [33.63047577935251, 17.759002426528003], [33.630474829522534, 17.758731277142502], [33.63104080259327, 17.75872945614355], [33.63103985192769, 17.758458306780106], [33.63132283801145, 17.758457395682797], [33.631321886936526, 17.75818624632662], [33.63188785820079, 17.75818442293637], [33.63188881012819, 17.75845557226291], [33.63217179616117, 17.758454659940327], [33.632172748531744, 17.758725809244492], [33.63245573497403, 17.75872489649866], [33.632457640618554, 17.759267195054694], [33.632174653323744, 17.759268107830202], [33.63217655818352, 17.75981040638575], [33.63161058183797, 17.759812230770752], [33.63161153344069, 17.760083380066874], [33.631328544816235, 17.760084291661506]]]}, "properties": {"zone_id": "scene_02-Z0161", "scene": "scene_02", "pixel_count": 27, "approx_area_m2": 24300.0, "centroid_x": 566953.3333333334, "centroid_y": 1963643.3333333333, "centroid_lon": 33.63159226994801, "centroid_lat": 17.75907415274492, "mean_risk": 2.600564956665039, "max_risk": 3.60666561126709, "median_risk": 2.552450656890869, "high_priority_pixel_pct": 100.0, "priority_category": "HIGH PRIORITY", "threshold_type": "95th percentile prioritisation threshold", "recommendation": "Spectral-stress evidence detected. Prioritise field inspection to determine the underlying cause. Field verification required.", "priority_rank": 35}}, {"type": "Feature", "geometry": {"type": "Polygon", "coordinates": [[[33.508508455650606, 17.759899055245178], [33.50850462514069, 17.758543279520353], [33.50822163285602, 17.758544013340636], [33.50821857039848, 17.75745939257765], [33.50850156097807, 17.75745865880508], [33.508503859079596, 17.75827212435282], [33.50878685092436, 17.758271390136006], [33.508791450053174, 17.759898320956754], [33.508508455650606, 17.759899055245178]]]}, "properties": {"zone_id": "scene_02-Z0162", "scene": "scene_02", "pixel_count": 10, "approx_area_m2": 9000.0, "centroid_x": 553908.0, "centroid_y": 1963557.0, "centroid_lon": 33.50853323081372, "centroid_lat": 17.75865166818029, "mean_risk": 1.8796002864837646, "max_risk": 2.0541868209838867, "median_risk": 1.868241786956787, "high_priority_pixel_pct": 100.0, "priority_category": "HIGH PRIORITY", "threshold_type": "95th percentile prioritisation threshold", "recommendation": "Spectral-stress evidence detected. Prioritise field inspection to determine the underlying cause. Field verification required.", "priority_rank": 307}}, {"type": "Feature", "geometry": {"type": "Polygon", "coordinates": [[[33.70121775076344, 17.75767755474262], [33.70121458187246, 17.756864118190553], [33.70093160232912, 17.75686513008276], [33.70092843488577, 17.7560516934134], [33.70121141315061, 17.75605068157055], [33.701209300763324, 17.755508390452786], [33.701492278157076, 17.755507378234494], [33.70149122156549, 17.755236232680744], [33.7017741985143, 17.755235220070595], [33.701772084535264, 17.754692928973377], [33.70205506061302, 17.754691915987838], [33.70205611801926, 17.754963061523757], [33.70318802384657, 17.75495900543259], [33.70319014212455, 17.755501296349887], [33.70290716484371, 17.75550231101814], [33.702909282344756, 17.75604460193823], [33.70262630419278, 17.756045616231134], [33.70262842091686, 17.756587907153996], [33.70234544189373, 17.756588921071526], [33.70234438394844, 17.756317775597388], [33.70206140533265, 17.756318789090084], [33.70206246285177, 17.756589934580706], [33.70177948379101, 17.756590947681524], [33.70178371235089, 17.757675529634362], [33.70121775076344, 17.75767755474262]]]}, "properties": {"zone_id": "scene_02-Z0163", "scene": "scene_02", "pixel_count": 44, "approx_area_m2": 39600.0, "centroid_x": 574412.0454545454, "centroid_y": 1963332.2727272727, "centroid_lon": 33.70193805658046, "centroid_lat": 17.756023431511384, "mean_risk": 2.019920825958252, "max_risk": 2.6650705337524414, "median_risk": 1.941451907157898, "high_priority_pixel_pct": 100.0, "priority_category": "HIGH PRIORITY", "threshold_type": "95th percentile prioritisation threshold", "recommendation": "Spectral-stress evidence detected. Prioritise field inspection to determine the underlying cause. Field verification required.", "priority_rank": 194}}, {"type": "Feature", "geometry": {"type": "Polygon", "coordinates": [[[33.70546033543428, 17.757120036081457], [33.705459272763356, 17.756848890804093], [33.70517629350269, 17.756849908821717], [33.70517523127684, 17.75657876352026], [33.70545821011134, 17.756577745519188], [33.705453959692306, 17.755493164304035], [33.70517098256242, 17.755494182238913], [33.7051688583186, 17.754951891552935], [33.705451834596225, 17.75495087365115], [33.705449709575745, 17.754408582968075], [33.70573268498224, 17.754407564691093], [33.70573055918518, 17.75386527401092], [33.70601353372055, 17.75386425535876], [33.7060124704243, 17.753593110023914], [33.705446522186826, 17.753595146886823], [33.705447584630896, 17.753866292254788], [33.705164610057714, 17.753867310090374], [33.70516248604064, 17.753325019313795], [33.705445459761656, 17.75332400151131], [33.705444397355386, 17.75305285612825], [33.70572737063143, 17.75305183793404], [33.70572843346376, 17.753322983300556], [33.70601140714697, 17.753321964681522], [33.70601034388855, 17.75305081933157], [33.70629331712676, 17.75304980032083], [33.706291189814564, 17.752507509631425], [33.70685713452994, 17.75250547045146], [33.70685926354639, 17.75304776107456], [33.7071422367278, 17.75304674083901], [33.70714862678829, 17.754673612427563], [33.70629969951759, 17.75467667220786], [33.70630395482333, 17.75576125331487], [33.70602097732404, 17.7557622724913], [33.70602310423817, 17.756304563032632], [33.705740125867656, 17.756305581833853], [33.70574331510223, 17.757119017638917], [33.70546033543428, 17.757120036081457]]]}, "properties": {"zone_id": "scene_02-Z0164", "scene": "scene_02", "pixel_count": 61, "approx_area_m2": 54900.0, "centroid_x": 574852.6229508197, "centroid_y": 1963160.6557377048, "centroid_lon": 33.70608776443604, "centroid_lat": 17.75445740465313, "mean_risk": 2.1204917430877686, "max_risk": 2.593236207962036, "median_risk": 2.077587604522705, "high_priority_pixel_pct": 100.0, "priority_category": "HIGH PRIORITY", "threshold_type": "95th percentile prioritisation threshold", "recommendation": "Spectral-stress evidence detected. Prioritise field inspection to determine the underlying cause. Field verification required.", "priority_rank": 133}}, {"type": "Feature", "geometry": {"type": "Polygon", "coordinates": [[[33.50284098932562, 17.757202101219434], [33.50284023185757, 17.75693094577698], [33.503123221842145, 17.75693021978823], [33.503120948240166, 17.756116753451142], [33.50283795953428, 17.756117479404484], [33.50283720212014, 17.755846323931937], [33.5031201903998, 17.755845597990405], [33.503118674759534, 17.755303287046367], [33.50396763696037, 17.75530110684229], [33.50396384170297, 17.753945329527806], [33.50424682694536, 17.753944602035496], [33.504248345860134, 17.754486912960186], [33.504531331941344, 17.754486185035862], [33.50453209184517, 17.754757340475102], [33.50424910533779, 17.754758068411267], [33.504252143383546, 17.755842690140327], [33.50396915515787, 17.755843417715436], [33.50396991427687, 17.756114573140728], [33.50368692561146, 17.756115300319262], [33.50368768431776, 17.75638645574886], [33.50340469521263, 17.756387182530815], [33.50340697013378, 17.757200648809906], [33.50284098932562, 17.757202101219434]]]}, "properties": {"zone_id": "scene_02-Z0165", "scene": "scene_02", "pixel_count": 25, "approx_area_m2": 22500.0, "centroid_x": 553393.2, "centroid_y": 1963228.8, "centroid_lon": 33.50366877794921, "centroid_lat": 17.755697764559617, "mean_risk": 1.865830659866333, "max_risk": 2.08099365234375, "median_risk": 1.8483167886734009, "high_priority_pixel_pct": 100.0, "priority_category": "HIGH PRIORITY", "threshold_type": "95th percentile prioritisation threshold", "recommendation": "Spectral-stress evidence detected. Prioritise field inspection to determine the underlying cause. Field verification required.", "priority_rank": 320}}, {"type": "Feature", "geometry": {"type": "Polygon", "coordinates": [[[33.545569097158776, 17.756003235365792], [33.54556581015981, 17.754918620859833], [33.5447168554343, 17.754920981118392], [33.54471357378318, 17.753836366338522], [33.544430590550114, 17.753837152223543], [33.544428950664404, 17.753294844762895], [33.54471193304519, 17.753294058903435], [33.544711112698096, 17.753022905174607], [33.54499409463817, 17.753022118919603], [33.544993273879555, 17.752750965196025], [33.54584221833374, 17.752748604019537], [33.54584386242231, 17.75329091138238], [33.54612684473004, 17.75329012348131], [33.54612848972939, 17.753832430788417], [33.54669445600548, 17.753830853710042], [33.546695279379406, 17.754102007326658], [33.547261246449196, 17.754100428589286], [33.547260422222976, 17.753829274998328], [33.546977439121555, 17.75383006455835], [33.54697661533615, 17.753558910947035], [33.54669363264621, 17.75355970008589], [33.54669280930159, 17.753288546454215], [33.546975791565394, 17.753287757328188], [33.54697332034107, 17.752474296426495], [33.54725630131186, 17.752473506930667], [33.54725547717363, 17.752202353294557], [33.5464065354956, 17.752204720518666], [33.546407358355516, 17.75247587419327], [33.546124377340774, 17.752476662464197], [33.546123554906956, 17.75220550877678], [33.54555759368578, 17.75220708406813], [33.54555595056641, 17.75166477661949], [33.54583893033213, 17.751663989203564], [33.545838108368294, 17.751392835480758], [33.545272149674396, 17.751394409878714], [33.54527132857733, 17.751123256122785], [33.544705370677136, 17.751124828862068], [33.54470455044681, 17.750853675073035], [33.54498752897815, 17.750852888920317], [33.54498670833636, 17.75058173513654], [33.54526968642704, 17.750580948588347], [33.54526886537381, 17.75030979480984], [33.54555184302382, 17.750309007866193], [33.545551021559156, 17.750037854092955], [33.54526804433519, 17.750038641023814], [33.54526640230177, 17.749496333429175], [33.545549378673684, 17.749495546523917], [33.54554855725288, 17.74922439272811], [33.54668046089018, 17.74922124107606], [33.546682107154595, 17.749763548557635], [33.54724806058948, 17.74976197023095], [33.54724888459573, 17.75003312393478], [33.54753186171721, 17.750032334146244], [33.54753268616416, 17.75030348782971], [33.54724970861664, 17.75030427763109], [33.547250532652214, 17.750575431319877], [33.546684576661086, 17.750577009723568], [33.546685399859214, 17.750848163430486], [33.546402421415614, 17.750848952032783], [33.54640406700368, 17.751391259449704], [33.54697002558051, 17.751389681785565], [33.546969201927006, 17.751118528106517], [33.547252180767366, 17.75111773867487], [33.54725135670246, 17.75084658500113], [33.54753433510209, 17.750845795174065], [33.54753351062579, 17.750574641505644], [33.54781648858469, 17.75057385128317], [33.5478140139657, 17.74976039027133], [33.548096990631805, 17.74975959967917], [33.54809534010716, 17.74921729232603], [33.54781236429311, 17.749218082892472], [33.54781153947883, 17.748946929191764], [33.54837749024023, 17.748945347676376], [33.548378315906525, 17.749216501351363], [33.5486612916912, 17.749215709968475], [33.54866377005634, 17.75002917090969], [33.5489467471044, 17.750028379079954], [33.548950053501294, 17.751112993511388], [33.548667074749034, 17.751113785392636], [33.548668727183596, 17.751656092588956], [33.548951706788, 17.751655300681954], [33.54895088013729, 17.75138414710043], [33.54951683844981, 17.751382562087365], [33.54951435602957, 17.750569101374975], [33.54979733388555, 17.750568308294728], [33.54979650601554, 17.750297154721775], [33.55007948343074, 17.75029636124618], [33.5500803117268, 17.750567514806225], [33.55036328955332, 17.75056672090946], [33.55036246083121, 17.75029556736233], [33.55064543821693, 17.750294773070234], [33.55064460908353, 17.750023619528488], [33.55092758602845, 17.75002282484108], [33.55092675648377, 17.749751671304736], [33.5512097329879, 17.74975087622201], [33.5512113929441, 17.750293183261313], [33.5509284155879, 17.750293978369896], [33.55093007475107, 17.75083628540496], [33.5514960311529, 17.750834694727818], [33.55149686160876, 17.751105848208187], [33.55008196836315, 17.751109821903736], [33.550082796703435, 17.751380975441204], [33.55036577580814, 17.751380181505716], [33.550366604589236, 17.751651335022753], [33.54980064551293, 17.751652922511273], [33.54980147345661, 17.751924076046596], [33.5492355134692, 17.751925661927782], [33.54923716769637, 17.75246796902743], [33.54895418682839, 17.752468761381362], [33.548955013537935, 17.75273991493278], [33.54810606956744, 17.752742289583388], [33.54810772047395, 17.75328459674088], [33.548390702664385, 17.75328380557325], [33.54838987677767, 17.75301265201114], [33.5489558402622, 17.753011068476674], [33.54895666700117, 17.75328222201304], [33.548673684840125, 17.753283013997304], [33.548675337509934, 17.75382532107322], [33.54924130352184, 17.753823736644843], [33.549242130731095, 17.754094890145748], [33.54895914730635, 17.754095682576985], [33.54895997410416, 17.754366836083246], [33.54839400635823, 17.754368419746452], [33.548393180412724, 17.754097266214437], [33.54782721346032, 17.75409884821854], [33.54782968878395, 17.754912308869162], [33.54811267354598, 17.754911518032714], [33.5481134991094, 17.755182671555005], [33.54839648428292, 17.75518188029733], [33.54839813630619, 17.755724187293616], [33.548115150280296, 17.755724978577017], [33.548115975887775, 17.755996132076742], [33.54783298942098, 17.755996922964624], [33.54783216423971, 17.75572576945205], [33.54698320602988, 17.75572813962685], [33.546982382141856, 17.755456986068214], [33.54726536780028, 17.755456196431165], [33.54726454350073, 17.75518504287784], [33.54754752871829, 17.755184252845265], [33.54754670400723, 17.754913099297255], [33.54698073440979, 17.754914678928365], [33.546979910565746, 17.75464352534715], [33.54669692617121, 17.754644314537334], [33.54669857302161, 17.7551866217179], [33.546415587760066, 17.75518741052538], [33.54641723381669, 17.755729717701485], [33.54613424768813, 17.755730506126234], [33.54613507031221, 17.75600165971582], [33.545569097158776, 17.756003235365792]], [[33.547260422222976, 17.753829274998328], [33.54754340530973, 17.75382848502997], [33.54754258067204, 17.753557331444334], [33.54725959801142, 17.75355812139985], [33.547260422222976, 17.753829274998328]]]}, "properties": {"zone_id": "scene_02-Z0166", "scene": "scene_02", "pixel_count": 325, "approx_area_m2": 292500.0, "centroid_x": 558065.3538461538, "centroid_y": 1962904.8923076922, "centroid_lon": 33.54773182090384, "centroid_lat": 17.75265197657474, "mean_risk": 2.6966099739074707, "max_risk": 5.159532070159912, "median_risk": 2.4902429580688477, "high_priority_pixel_pct": 100.0, "priority_category": "HIGH PRIORITY", "threshold_type": "95th percentile prioritisation threshold", "recommendation": "Spectral-stress evidence detected. Prioritise field inspection to determine the underlying cause. Field verification required.", "priority_rank": 28}}, {"type": "Feature", "geometry": {"type": "Polygon", "coordinates": [[[33.708843278032475, 17.75385404638142], [33.70884221047534, 17.753582901212557], [33.70855923655559, 17.75358392393095], [33.70855710235045, 17.753041633537325], [33.708840075418046, 17.75304061085218], [33.708839007917895, 17.752769465660673], [33.70912198054044, 17.752768442583903], [33.70912091263322, 17.752497297401476], [33.70968685696917, 17.752495250056455], [33.70968899450685, 17.75303754034718], [33.70940602149626, 17.753038564257118], [33.70940815825785, 17.753580854550933], [33.7091251843761, 17.753581878085882], [33.709126252359326, 17.75385302323811], [33.708843278032475, 17.75385404638142]]]}, "properties": {"zone_id": "scene_02-Z0167", "scene": "scene_02", "pixel_count": 26, "approx_area_m2": 23400.0, "centroid_x": 575184.2307692308, "centroid_y": 1963107.6923076923, "centroid_lon": 33.70921377327939, "centroid_lat": 17.753967423594915, "mean_risk": 1.9228992462158203, "max_risk": 2.2011165618896484, "median_risk": 1.8935108184814453, "high_priority_pixel_pct": 100.0, "priority_category": "HIGH PRIORITY", "threshold_type": "95th percentile prioritisation threshold", "recommendation": "Spectral-stress evidence detected. Prioritise field inspection to determine the underlying cause. Field verification required.", "priority_rank": 263}}, {"type": "Feature", "geometry": {"type": "Polygon", "coordinates": [[[33.524908665591816, 17.755246165005847], [33.524904712649935, 17.753890392157654], [33.524621728413905, 17.753891149459047], [33.52462093829388, 17.75361999485453], [33.52490392210375, 17.753619237565438], [33.52490313157165, 17.753348082965708], [33.52518611494131, 17.753347325280608], [33.52518690589957, 17.753618479868017], [33.5254698896813, 17.75361772176226], [33.52547226391896, 17.754431185442375], [33.525755248965076, 17.754430426891286], [33.52575683271294, 17.75497273594908], [33.52519086090193, 17.754974252692232], [33.525191651944624, 17.755245407234508], [33.524908665591816, 17.755246165005847]]]}, "properties": {"zone_id": "scene_02-Z0168", "scene": "scene_02", "pixel_count": 15, "approx_area_m2": 13500.0, "centroid_x": 555676.0, "centroid_y": 1963082.0, "centroid_lon": 33.52519836891957, "centroid_lat": 17.75431441800994, "mean_risk": 1.9144576787948608, "max_risk": 2.0719244480133057, "median_risk": 1.8803309202194214, "high_priority_pixel_pct": 100.0, "priority_category": "HIGH PRIORITY", "threshold_type": "95th percentile prioritisation threshold", "recommendation": "Spectral-stress evidence detected. Prioritise field inspection to determine the underlying cause. Field verification required.", "priority_rank": 274}}, {"type": "Feature", "geometry": {"type": "Polygon", "coordinates": [[[33.68535118263783, 17.75258181127265], [33.68534911845708, 17.752039518136762], [33.68563209135216, 17.752038528994166], [33.68563105886329, 17.751767382430984], [33.68619700374623, 17.75176540295324], [33.68620010382428, 17.752578842523576], [33.68535118263783, 17.75258181127265]]]}, "properties": {"zone_id": "scene_02-Z0169", "scene": "scene_02", "pixel_count": 27, "approx_area_m2": 24300.0, "centroid_x": 572595.5555555555, "centroid_y": 1962974.4444444445, "centroid_lon": 33.68479148751964, "centroid_lat": 17.752849895453583, "mean_risk": 1.9279980659484863, "max_risk": 2.2015180587768555, "median_risk": 1.8746280670166016, "high_priority_pixel_pct": 100.0, "priority_category": "HIGH PRIORITY", "threshold_type": "95th percentile prioritisation threshold", "recommendation": "Spectral-stress evidence detected. Prioritise field inspection to determine the underlying cause. Field verification required.", "priority_rank": 255}}, {"type": "Feature", "geometry": {"type": "Polygon", "coordinates": [[[33.522074083373276, 17.753626792081292], [33.522071724603144, 17.752813327891026], [33.521788741931424, 17.752814081060034], [33.52178402732548, 17.75118715240293], [33.522067007440604, 17.751186399307404], [33.52206779359938, 17.751457554090145], [33.52235077412659, 17.751456800574093], [33.52235706730941, 17.75362603846721], [33.522074083373276, 17.753626792081292]]]}, "properties": {"zone_id": "scene_02-Z0170", "scene": "scene_02", "pixel_count": 14, "approx_area_m2": 12600.0, "centroid_x": 555347.1428571428, "centroid_y": 1962859.2857142857, "centroid_lon": 33.52209047746612, "centroid_lat": 17.752309700975154, "mean_risk": 1.9963411092758179, "max_risk": 2.2061197757720947, "median_risk": 2.017838954925537, "high_priority_pixel_pct": 100.0, "priority_category": "HIGH PRIORITY", "threshold_type": "95th percentile prioritisation threshold", "recommendation": "Spectral-stress evidence detected. Prioritise field inspection to determine the underlying cause. Field verification required.", "priority_rank": 201}}, {"type": "Feature", "geometry": {"type": "Polygon", "coordinates": [[[33.68195549624128, 17.752593649525277], [33.68195446925446, 17.752322502768617], [33.681388522117636, 17.752324470063048], [33.68138749600121, 17.75205332326685], [33.68053857643722, 17.752056271098628], [33.6805365268154, 17.751513977387738], [33.68025355444301, 17.751514959149898], [33.68025253008549, 17.751243812267177], [33.680535502031844, 17.751242830520976], [33.680533452519434, 17.75070053676482], [33.68138236569293, 17.750697589172702], [33.68138339171807, 17.750968736006623], [33.68166636316542, 17.750967752643497], [33.68166533671426, 17.75069660582556], [33.68223127870211, 17.75069463790663], [33.682232306005304, 17.75096578469256], [33.682515277397826, 17.75096480010475], [33.68252041631819, 17.75232053384116], [33.68223744279547, 17.75232151850901], [33.68223847020834, 17.752592665249672], [33.68195549624128, 17.752593649525277]]]}, "properties": {"zone_id": "scene_02-Z0171", "scene": "scene_02", "pixel_count": 39, "approx_area_m2": 35100.0, "centroid_x": 572250.7692307692, "centroid_y": 1962825.3846153845, "centroid_lon": 33.681534198832715, "centroid_lat": 17.75151398903102, "mean_risk": 2.2270023822784424, "max_risk": 3.1803250312805176, "median_risk": 2.082305431365967, "high_priority_pixel_pct": 100.0, "priority_category": "HIGH PRIORITY", "threshold_type": "95th percentile prioritisation threshold", "recommendation": "Spectral-stress evidence detected. Prioritise field inspection to determine the underlying cause. Field verification required.", "priority_rank": 88}}, {"type": "Feature", "geometry": {"type": "Polygon", "coordinates": [[[33.68336933677659, 17.752317577388048], [33.683366249535084, 17.751504137313056], [33.68364922170647, 17.751503151060284], [33.683647162784965, 17.750960857671302], [33.683364191465635, 17.750961843892], [33.683363162458384, 17.750690697170157], [33.683646133351694, 17.7506897109655], [33.68364201580178, 17.749605124066818], [33.68335904661246, 17.749606110207335], [33.68335801769676, 17.74933496344776], [33.6836409864601, 17.74933397732329], [33.683639957136734, 17.74906283057221], [33.68420589375652, 17.749060857130804], [33.684206923931825, 17.74933200384979], [33.683923955205124, 17.749332990790634], [33.68392498497278, 17.74960413751812], [33.68449092325981, 17.749602163196144], [33.68449195389776, 17.74987330988398], [33.684774923439754, 17.749872322094646], [33.684775954522046, 17.75014346875887], [33.68449298455406, 17.75014445656427], [33.6844940152287, 17.75041560323702], [33.68421104481638, 17.75041659065027], [33.684212075083344, 17.750687737331525], [33.68449504592168, 17.75068674990222], [33.684498138110676, 17.75150018985255], [33.68421516599427, 17.751501177330027], [33.68421722669322, 17.75204347062464], [33.6839342537064, 17.75204445772598], [33.68393528365731, 17.75231560437802], [33.68336933677659, 17.752317577388048]]]}, "properties": {"zone_id": "scene_02-Z0172", "scene": "scene_02", "pixel_count": 36, "approx_area_m2": 32400.0, "centroid_x": 572513.3333333334, "centroid_y": 1962735.8333333333, "centroid_lon": 33.68400773585451, "centroid_lat": 17.750695982073516, "mean_risk": 1.9253556728363037, "max_risk": 2.171842336654663, "median_risk": 1.8876163959503174, "high_priority_pixel_pct": 100.0, "priority_category": "HIGH PRIORITY", "threshold_type": "95th percentile prioritisation threshold", "recommendation": "Spectral-stress evidence detected. Prioritise field inspection to determine the underlying cause. Field verification required.", "priority_rank": 260}}, {"type": "Feature", "geometry": {"type": "Polygon", "coordinates": [[[33.52659627334103, 17.75171660341793], [33.526595480350856, 17.751445448839558], [33.5268784606532, 17.751444688791008], [33.52687608048913, 17.750631225047837], [33.52800799644441, 17.75062818091936], [33.52800958661487, 17.75117048998999], [33.52772660679512, 17.75117125165927], [33.527727401475495, 17.751442406195686], [33.52744442121553, 17.751443167469073], [33.52744521548396, 17.751714322010343], [33.52659627334103, 17.75171660341793]]]}, "properties": {"zone_id": "scene_02-Z0173", "scene": "scene_02", "pixel_count": 17, "approx_area_m2": 15300.0, "centroid_x": 555885.8823529412, "centroid_y": 1962750.0, "centroid_lon": 33.52716936696873, "centroid_lat": 17.751308328682164, "mean_risk": 1.9187893867492676, "max_risk": 2.0659584999084473, "median_risk": 1.9094310998916626, "high_priority_pixel_pct": 100.0, "priority_category": "HIGH PRIORITY", "threshold_type": "95th percentile prioritisation threshold", "recommendation": "Spectral-stress evidence detected. Prioritise field inspection to determine the underlying cause. Field verification required.", "priority_rank": 270}}, {"type": "Feature", "geometry": {"type": "Polygon", "coordinates": [[[33.68760668855209, 17.750404714749422], [33.68760461784923, 17.749862421750517], [33.68732164849107, 17.74986341362181], [33.687322683407295, 17.750134560141163], [33.68703971360472, 17.750135551620385], [33.687037644642665, 17.749593258541882], [33.68675467567366, 17.749594249580664], [33.68675157364655, 17.748780809857962], [33.68703454133765, 17.748779818867533], [33.68703247255968, 17.748237525713574], [33.68731543938047, 17.748236534347217], [33.68731440459317, 17.747965387775047], [33.6875973709696, 17.74796439601666], [33.68759840618284, 17.748235542572708], [33.68816433973231, 17.74823355779921], [33.68816330366719, 17.74796241127545], [33.688446269988326, 17.74796141829262], [33.68844419706154, 17.747419125254755], [33.688161231592254, 17.747420118205287], [33.688159159591066, 17.746877825104942], [33.687593230300834, 17.74687980971704], [33.687592195179704, 17.74660866312328], [33.68787515940813, 17.746607671037427], [33.68787205287761, 17.74579423125927], [33.688155015809954, 17.74579323881373], [33.68815397991077, 17.745522092222064], [33.6878710174043, 17.74552308465146], [33.687868946512964, 17.744980791413223], [33.68815190816772, 17.74497979901611], [33.68815294403003, 17.745250945622864], [33.6884359060922, 17.745249952801526], [33.688436942398816, 17.745521099384582], [33.68871990486841, 17.745520106139004], [33.688726125650746, 17.747146985381995], [33.689292055645225, 17.747144997472592], [33.6892930933587, 17.747416143954354], [33.689576058754156, 17.747415149371285], [33.68957709691202, 17.74768629582933], [33.68986006271493, 17.74768530082194], [33.6898611013172, 17.747956447256254], [33.690144067527555, 17.74795545182453], [33.69014614563942, 17.748497744638136], [33.69042911268317, 17.748496748765884], [33.69043015219279, 17.748767895145168], [33.69071311964399, 17.74876689884855], [33.69071415959807, 17.749038045204088], [33.690997127456725, 17.749037048483093], [33.690998167855284, 17.749308194814887], [33.69071519957067, 17.749309191552094], [33.690716239561766, 17.749580337892542], [33.69043327083267, 17.74958133423777], [33.69043119172092, 17.749039041516916], [33.69014822382526, 17.749040037421565], [33.690147184723095, 17.748768891033624], [33.68929828220309, 17.74877187624998], [33.689297244397274, 17.748500729805947], [33.68873131014349, 17.74850271787701], [33.68873027320802, 17.7482315713931], [33.6884473064794, 17.74823256480023], [33.68845456243334, 17.750130590142263], [33.68817159270448, 17.750131583254294], [33.688172628917116, 17.750402729717692], [33.68760668855209, 17.750404714749422]]]}, "properties": {"zone_id": "scene_02-Z0174", "scene": "scene_02", "pixel_count": 95, "approx_area_m2": 85500.0, "centroid_x": 572982.947368421, "centroid_y": 1962457.5789473683, "centroid_lon": 33.68842768920762, "centroid_lat": 17.748165559672238, "mean_risk": 2.0718178749084473, "max_risk": 2.9840965270996094, "median_risk": 2.0104007720947266, "high_priority_pixel_pct": 100.0, "priority_category": "HIGH PRIORITY", "threshold_type": "95th percentile prioritisation threshold", "recommendation": "Spectral-stress evidence detected. Prioritise field inspection to determine the underlying cause. Field verification required.", "priority_rank": 161}}, {"type": "Feature", "geometry": {"type": "Polygon", "coordinates": [[[33.708544298714465, 17.749787890541338], [33.708543231868205, 17.749516745242605], [33.70826026431988, 17.7495177673034], [33.708257065172894, 17.74870433131203], [33.70910596392728, 17.748701264054766], [33.7091091669079, 17.74951469989648], [33.70882619939755, 17.74951572277363], [33.70882726666978, 17.74978686805574], [33.708544298714465, 17.749787890541338]]]}, "properties": {"zone_id": "scene_02-Z0175", "scene": "scene_02", "pixel_count": 10, "approx_area_m2": 9000.0, "centroid_x": 575130.0, "centroid_y": 1962576.0, "centroid_lon": 33.708683328486615, "centroid_lat": 17.7491637451703, "mean_risk": 2.03407621383667, "max_risk": 2.4716217517852783, "median_risk": 1.9763720035552979, "high_priority_pixel_pct": 100.0, "priority_category": "HIGH PRIORITY", "threshold_type": "95th percentile prioritisation threshold", "recommendation": "Spectral-stress evidence detected. Prioritise field inspection to determine the underlying cause. Field verification required.", "priority_rank": 187}}, {"type": "Feature", "geometry": {"type": "Polygon", "coordinates": [[[33.70372960226999, 17.748720627977065], [33.70372324537732, 17.747093754200346], [33.704855101334545, 17.747089690226538], [33.70485404021482, 17.746818544636767], [33.70513700373103, 17.74681752763956], [33.7051359422043, 17.746546382058778], [33.70541890527573, 17.74654536467], [33.70541678142718, 17.746003073518892], [33.705699743627946, 17.746002055755113], [33.70569868130615, 17.745730910184793], [33.70541571953127, 17.745731927932024], [33.70541465765424, 17.745460782337602], [33.70513169628631, 17.74546179966019], [33.70513063485404, 17.74519065404168], [33.70484767389307, 17.74519167093965], [33.70485085696897, 17.74600510782217], [33.70456789471152, 17.746006124361667], [33.70456895534871, 17.746277269990614], [33.70428599264652, 17.746278286138544], [33.70428281206919, 17.745464849179477], [33.704565773493776, 17.74546383308113], [33.70456259180873, 17.744650396103733], [33.70512851204618, 17.74464836278202], [33.70512638931388, 17.744106071492165], [33.70569230777246, 17.7441040366044], [33.70569336998081, 17.744375182220004], [33.70597632960756, 17.744374164147494], [33.70598270580981, 17.746001037583234], [33.706265667972744, 17.74600001900327], [33.70627098412424, 17.747355746576005], [33.705988019831835, 17.74735676523881], [33.705989082692994, 17.747627910747287], [33.705706117955756, 17.74762892901853], [33.7057071804099, 17.747900074536012], [33.70542421522784, 17.74790109241567], [33.70542527727497, 17.74817223794216], [33.70514231164807, 17.74817325543023], [33.70514125002688, 17.747902109887196], [33.70485828480702, 17.747903126950575], [33.70485934600228, 17.748174272510152], [33.704576380337606, 17.748175289181923], [33.70457744112582, 17.748446434750488], [33.704294475016326, 17.74844745103064], [33.70429553539747, 17.74871859660819], [33.70372960226999, 17.748720627977065]]]}, "properties": {"zone_id": "scene_02-Z0176", "scene": "scene_02", "pixel_count": 77, "approx_area_m2": 69300.0, "centroid_x": 574748.1818181818, "centroid_y": 1962291.038961039, "centroid_lon": 33.705071846075654, "centroid_lat": 17.74660119448122, "mean_risk": 2.217136859893799, "max_risk": 3.1357038021087646, "median_risk": 2.050410747528076, "high_priority_pixel_pct": 100.0, "priority_category": "HIGH PRIORITY", "threshold_type": "95th percentile prioritisation threshold", "recommendation": "Spectral-stress evidence detected. Prioritise field inspection to determine the underlying cause. Field verification required.", "priority_rank": 94}}, {"type": "Feature", "geometry": {"type": "Polygon", "coordinates": [[[33.67882847085274, 17.748808391873172], [33.67882438278001, 17.747723803676354], [33.67854141626215, 17.74772478276615], [33.67854039471536, 17.747453635682163], [33.67825742860525, 17.74745461434789], [33.67825640750256, 17.747183467240447], [33.67882233885277, 17.74718150953268], [33.678821316916434, 17.74691036244954], [33.67910428213835, 17.74690938299939], [33.67909508169688, 17.744469059055], [33.67937804306773, 17.744468079340155], [33.67937906569207, 17.744739226459323], [33.67966202747056, 17.744738246320473], [33.67966100442038, 17.744467099217243], [33.68022692707105, 17.744465137747234], [33.68022999883133, 17.745278578938553], [33.68107888650327, 17.74527563352931], [33.68107991173741, 17.74554678053008], [33.68136287468411, 17.74554579789485], [33.68136390036237, 17.745816944872104], [33.681646863716686, 17.745815961812784], [33.68164583761255, 17.74554481485152], [33.682211763414635, 17.7455428475406], [33.68221279037052, 17.74581399446986], [33.682495753670025, 17.745813010186254], [33.68249678107006, 17.746084157091964], [33.68334567213646, 17.746081201744488], [33.68334670083245, 17.746352348594584], [33.68362966491054, 17.74635136264651], [33.68363069405073, 17.746622509473028], [33.68391365853638, 17.746621523100803], [33.683916747344604, 17.747434963486963], [33.684482678816394, 17.747432989421842], [33.68448473981721, 17.747975282910687], [33.68420177323862, 17.74797627017943], [33.68420280334059, 17.74824741692859], [33.68391983631773, 17.74824840380523], [33.68392189572477, 17.748790697313016], [33.68363892783169, 17.74879168381359], [33.68363789854496, 17.74852053704742], [33.683354931059505, 17.748521523123788], [33.683352873392884, 17.747979229536753], [33.68193803995057, 17.747984153635947], [33.68193701327439, 17.747713006751024], [33.68165404695702, 17.74771399033042], [33.681650968315864, 17.746900549582406], [33.68136800325798, 17.74690153270568], [33.6813669775067, 17.7466303857586], [33.681084012856466, 17.746631368457766], [33.68108503818185, 17.74690251542083], [33.68051910797483, 17.746904479626757], [33.68052320605147, 17.747989067531368], [33.680240239216914, 17.747990049085995], [33.68024126335571, 17.748261196059257], [33.67995829607699, 17.748262177221687], [33.67995931980807, 17.74853332420336], [33.67967635208519, 17.74853430497359], [33.67967532878006, 17.748263157975963], [33.679392361464906, 17.748264138322085], [33.67939338434408, 17.74853528533565], [33.67911041658478, 17.748536265289548], [33.67911143905621, 17.748807412311503], [33.67882847085274, 17.748808391873172]]]}, "properties": {"zone_id": "scene_02-Z0177", "scene": "scene_02", "pixel_count": 172, "approx_area_m2": 154800.0, "centroid_x": 572211.1046511628, "centroid_y": 1962308.546511628, "centroid_lon": 33.68114239770166, "centroid_lat": 17.746843987358368, "mean_risk": 2.2913694381713867, "max_risk": 4.496936321258545, "median_risk": 2.0990946292877197, "high_priority_pixel_pct": 100.0, "priority_category": "HIGH PRIORITY", "threshold_type": "95th percentile prioritisation threshold", "recommendation": "Spectral-stress evidence detected. Prioritise field inspection to determine the underlying cause. Field verification required.", "priority_rank": 76}}, {"type": "Feature", "geometry": {"type": "Polygon", "coordinates": [[[33.4954496597287, 17.745018817817204], [33.49544891394055, 17.744747661731886], [33.49516594276814, 17.744748376170246], [33.49516445208345, 17.744206063953833], [33.494881481749566, 17.744206777960837], [33.49487999196971, 17.743664465691122], [33.49459702247433, 17.743665179266806], [33.49459627803016, 17.74339402310907], [33.49487924709967, 17.743393309545002], [33.49487701256909, 17.742579841061524], [33.49572591586535, 17.74257769802536], [33.49572442368959, 17.742035385735193], [33.49600739057678, 17.74203467059694], [33.496006644082996, 17.741763514452213], [33.49657257696586, 17.741762082974816], [33.49657182963373, 17.74149092684587], [33.496854795629396, 17.741490210506747], [33.49685554338735, 17.741761366624036], [33.49713850979551, 17.741760649865213], [33.49713925799259, 17.742031805963325], [33.49742222481327, 17.74203108878478], [33.49742447076195, 17.742844556999035], [33.49770743884681, 17.74284383937741], [33.497709686193005, 17.743657307489], [33.497143747454786, 17.743658742394203], [33.49714299917779, 17.74338758634118], [33.49686003021456, 17.743388303169972], [33.49685928237675, 17.743117147097774], [33.49657631382607, 17.74311786350682], [33.49657706123802, 17.743389019590676], [33.49601112324504, 17.743390451207812], [33.496013363005474, 17.744203919484153], [33.49629633328624, 17.744203203844705], [33.496298574443976, 17.745016672018476], [33.49601560288551, 17.745017387692844], [33.49601485624554, 17.7447462316308], [33.49573188509969, 17.744746946885403], [33.49573263131375, 17.74501810295909], [33.4954496597287, 17.745018817817204]], [[33.49600963013787, 17.742848138986012], [33.496292598289294, 17.742847423404765], [33.49629110438359, 17.742305111176183], [33.496008137083855, 17.74230582673414], [33.49600963013787, 17.742848138986012]]]}, "properties": {"zone_id": "scene_02-Z0178", "scene": "scene_02", "pixel_count": 86, "approx_area_m2": 77400.0, "centroid_x": 552581.5116279069, "centroid_y": 1961920.1162790698, "centroid_lon": 33.49597959140278, "centroid_lat": 17.743888704896484, "mean_risk": 1.8240530490875244, "max_risk": 2.034724712371826, "median_risk": 1.8094723224639893, "high_priority_pixel_pct": 100.0, "priority_category": "HIGH PRIORITY", "threshold_type": "95th percentile prioritisation threshold", "recommendation": "Spectral-stress evidence detected. Prioritise field inspection to determine the underlying cause. Field verification required.", "priority_rank": 354}}, {"type": "Feature", "geometry": {"type": "Polygon", "coordinates": [[[33.524037610294684, 17.74765610446378], [33.524036821349924, 17.747384949661647], [33.52347087323047, 17.747386460816166], [33.52346929708693, 17.746844151140195], [33.52318632385809, 17.74684490608062], [33.52318553623331, 17.746573751219074], [33.523468509036206, 17.746572996290926], [33.5234677209995, 17.746301841434132], [33.52375069336242, 17.746301086110105], [33.52374990491381, 17.746029931258082], [33.52403287683676, 17.746029175538194], [33.52403366571131, 17.74630033037793], [33.52459961036696, 17.746298817689105], [33.524603559209915, 17.747654591651926], [33.524037610294684, 17.74765610446378]], [[33.524036821349924, 17.747384949661647], [33.52431979538859, 17.747384193472115], [33.52431900603192, 17.74711303867477], [33.52403603241921, 17.747113794852], [33.524036821349924, 17.747384949661647]], [[33.523753058792465, 17.747114550621056], [33.52403603241921, 17.747113794852], [33.52403524350254, 17.746842640034828], [33.52375227030175, 17.746843395791593], [33.523753058792465, 17.747114550621056]]]}, "properties": {"zone_id": "scene_02-Z0179", "scene": "scene_02", "pixel_count": 18, "approx_area_m2": 16200.0, "centroid_x": 555553.3333333334, "centroid_y": 1962255.0, "centroid_lon": 33.524019522769535, "centroid_lat": 17.746842682032028, "mean_risk": 1.8304252624511719, "max_risk": 1.9721773862838745, "median_risk": 1.8124966621398926, "high_priority_pixel_pct": 100.0, "priority_category": "HIGH PRIORITY", "threshold_type": "95th percentile prioritisation threshold", "recommendation": "Spectral-stress evidence detected. Prioritise field inspection to determine the underlying cause. Field verification required.", "priority_rank": 349}}, {"type": "Feature", "geometry": {"type": "Polygon", "coordinates": [[[33.51384897306941, 17.747140745387266], [33.51384819948731, 17.746869590131748], [33.513565225786095, 17.746870331194398], [33.51356213329916, 17.745785710048935], [33.51327916128796, 17.745786450655228], [33.51327761597889, 17.745244140013295], [33.51356058713825, 17.745243399431093], [33.51356136021183, 17.745514554743774], [33.513844331783346, 17.74551381374139], [33.51384742591898, 17.746598434868712], [33.51413039918047, 17.746597693409946], [33.51413194718282, 17.747140003904374], [33.51384897306941, 17.747140745387266]]]}, "properties": {"zone_id": "scene_02-Z0180", "scene": "scene_02", "pixel_count": 9, "approx_area_m2": 8100.0, "centroid_x": 554460.0, "centroid_y": 1962180.0, "centroid_lon": 33.51370477927585, "centroid_lat": 17.74619207252734, "mean_risk": 1.9087263345718384, "max_risk": 2.0834708213806152, "median_risk": 1.9147694110870361, "high_priority_pixel_pct": 100.0, "priority_category": "HIGH PRIORITY", "threshold_type": "95th percentile prioritisation threshold", "recommendation": "Spectral-stress evidence detected. Prioritise field inspection to determine the underlying cause. Field verification required.", "priority_rank": 280}}, {"type": "Feature", "geometry": {"type": "Polygon", "coordinates": [[[33.5262990286027, 17.746836579286672], [33.52629823629246, 17.746565424560558], [33.526015263630164, 17.74656618357032], [33.52601447175997, 17.74629502882434], [33.525448527245, 17.746296545594706], [33.52544536331255, 17.745211926436916], [33.52601130442014, 17.745210409765228], [33.526012096233956, 17.745481564541286], [33.52629506719252, 17.745480805580907], [33.52629585944635, 17.7457519603371], [33.52657883081674, 17.745751200956235], [33.52658200167684, 17.746835819856393], [33.5262990286027, 17.746836579286672]]]}, "properties": {"zone_id": "scene_02-Z0181", "scene": "scene_02", "pixel_count": 16, "approx_area_m2": 14400.0, "centroid_x": 555765.0, "centroid_y": 1962157.5, "centroid_lon": 33.52601348194205, "centroid_lat": 17.745956085381295, "mean_risk": 1.953244924545288, "max_risk": 2.181180238723755, "median_risk": 1.9281492233276367, "high_priority_pixel_pct": 100.0, "priority_category": "HIGH PRIORITY", "threshold_type": "95th percentile prioritisation threshold", "recommendation": "Spectral-stress evidence detected. Prioritise field inspection to determine the underlying cause. Field verification required.", "priority_rank": 234}}, {"type": "Feature", "geometry": {"type": "Polygon", "coordinates": [[[33.69325043261741, 17.74631759758713], [33.69324730186722, 17.74550415870987], [33.692964339693766, 17.745505158484846], [33.692963296573375, 17.745234012161077], [33.693246258320954, 17.745233012402363], [33.69324521479328, 17.744961866087312], [33.693528176096436, 17.744960865936786], [33.693529220049975, 17.74523201223557], [33.69409514345224, 17.745230010677744], [33.69409618827608, 17.745501156936427], [33.69381322615837, 17.74550215793566], [33.69381427057493, 17.74577330420308], [33.69353130801278, 17.745774304810503], [33.693533396049915, 17.74631659735526], [33.69325043261741, 17.74631759758713]]]}, "properties": {"zone_id": "scene_02-Z0182", "scene": "scene_02", "pixel_count": 9, "approx_area_m2": 8100.0, "centroid_x": 573520.0, "centroid_y": 1962170.0, "centroid_lon": 33.693483277649555, "centroid_lat": 17.745548516300587, "mean_risk": 1.9664649963378906, "max_risk": 2.30521559715271, "median_risk": 1.8784674406051636, "high_priority_pixel_pct": 100.0, "priority_category": "HIGH PRIORITY", "threshold_type": "95th percentile prioritisation threshold", "recommendation": "Spectral-stress evidence detected. Prioritise field inspection to determine the underlying cause. Field verification required.", "priority_rank": 225}}, {"type": "Feature", "geometry": {"type": "Polygon", "coordinates": [[[33.511013846209565, 17.74525004997816], [33.511012307769995, 17.74470773911388], [33.51129527818735, 17.74470700182072], [33.511293738950776, 17.74416469095036], [33.5110107693852, 17.744165428219528], [33.511009231055176, 17.74362311729511], [33.511292199768995, 17.743622380049928], [33.51129066064201, 17.74308006911942], [33.5118565963251, 17.74307859345279], [33.51185197416295, 17.741451660624904], [33.51241790468123, 17.741450183470143], [33.51241559123051, 17.74063671702682], [33.51269855519167, 17.740635977873463], [33.512699326753975, 17.74090713335006], [33.51298229112719, 17.74090639377665], [33.51298460717391, 17.74171986012525], [33.512701641523286, 17.741720599734755], [33.51270318477152, 17.742262910620305], [33.512986151273786, 17.742262170986727], [33.51298537921698, 17.741991015559748], [33.51383427736383, 17.74198879424681], [33.51383659740797, 17.74280226039679], [33.51355363009529, 17.742803001278645], [33.51355440304502, 17.743074156658984], [33.51327143529272, 17.74307489714482], [33.51327298038175, 17.743617207907047], [33.512707043132465, 17.743618687702615], [33.512706271432805, 17.743347532301186], [33.51298923963846, 17.74334679261948], [33.512987695428635, 17.74280448181814], [33.51242176070701, 17.742805960725345], [33.51242253195335, 17.743077116153835], [33.51213956414609, 17.74307785500735], [33.5121403349803, 17.743349010440344], [33.511857366733466, 17.74334974889779], [33.511858137155535, 17.743620904335277], [33.511575168469115, 17.74362164239665], [33.511579788734196, 17.745248574935736], [33.511013846209565, 17.74525004997816]], [[33.512137251725775, 17.742264388663276], [33.512420218255514, 17.742263649845817], [33.512419447050355, 17.741992494394776], [33.512136480946445, 17.741993233200212], [33.512137251725775, 17.742264388663276]]]}, "properties": {"zone_id": "scene_02-Z0183", "scene": "scene_02", "pixel_count": 53, "approx_area_m2": 47700.0, "centroid_x": 554320.1886792453, "centroid_y": 1961800.1886792453, "centroid_lon": 33.51237625546854, "centroid_lat": 17.7427625920539, "mean_risk": 1.8419809341430664, "max_risk": 2.077214479446411, "median_risk": 1.838098406791687, "high_priority_pixel_pct": 100.0, "priority_category": "HIGH PRIORITY", "threshold_type": "95th percentile prioritisation threshold", "recommendation": "Spectral-stress evidence detected. Prioritise field inspection to determine the underlying cause. Field verification required.", "priority_rank": 339}}, {"type": "Feature", "geometry": {"type": "Polygon", "coordinates": [[[33.57920253391798, 17.74289133458897], [33.57919904703543, 17.741806724919094], [33.57891608438165, 17.74180756002235], [33.578914341885074, 17.74126525511508], [33.57919730368727, 17.741264420039002], [33.57919643203646, 17.740993267587662], [33.578630509268116, 17.740994937304645], [33.578628767716125, 17.74045263232507], [33.578062846588836, 17.740454300355726], [33.578064586437755, 17.740996605389583], [33.57778162499934, 17.740997438820035], [33.57778249452125, 17.74126859133924], [33.57749953264157, 17.741269424375233], [33.57750127088024, 17.74181172941816], [33.57693534537132, 17.74181339432027], [33.576933608835816, 17.741271089223172], [33.57636768496823, 17.741272752439034], [33.57636508283554, 17.740459294655768], [33.575516200750336, 17.74046178629781], [33.57551446862693, 17.739919480990263], [33.57579742848592, 17.739918650877932], [33.5757965620216, 17.739647498226372], [33.57636248084181, 17.739645836804776], [33.576360746256526, 17.739103531533157], [33.57664370479201, 17.739102700237442], [33.576641101752756, 17.738289242314163], [33.57692405899566, 17.738288410651073], [33.57692058679017, 17.737203800035495], [33.57720354231487, 17.737202968018625], [33.57720267387648, 17.73693181535946], [33.57748562896005, 17.736930982948216], [33.57748649782411, 17.73720213559384], [33.578618319706294, 17.737198801815516], [33.57861919028853, 17.73746995439936], [33.57918510198799, 17.73746828503553], [33.579185973437085, 17.737739437584683], [33.58031779835249, 17.73773609390751], [33.58031954470276, 17.738278398874442], [33.580885458769984, 17.738276724533787], [33.580884584735685, 17.738005572081327], [33.58116754132027, 17.738004734312714], [33.58116666687584, 17.737733581866365], [33.58201553525907, 17.73773106615385], [33.582014659553174, 17.737459913740913], [33.582863526519034, 17.73745739439802], [33.58286440350197, 17.737728546769958], [33.583147359551724, 17.737727706159472], [33.58314823697596, 17.737998858510213], [33.58343119343577, 17.73799801747811], [33.58343294918251, 17.738540322129637], [33.582584077202014, 17.738542844084215], [33.5825849538217, 17.73881399643973], [33.58286791158986, 17.73881315618248], [33.58286878865086, 17.739084308516794], [33.583151746829124, 17.739083467837915], [33.583150869342404, 17.738812315517276], [33.583999742506265, 17.738809791073933], [33.58400062127014, 17.739080943353493], [33.58371766313877, 17.739081785256264], [33.583718541492566, 17.739352937541998], [33.58456741711691, 17.739350410568687], [33.584568296763535, 17.73962156280578], [33.58428533781201, 17.739622405551902], [33.58428709630077, 17.74016471003093], [33.58400413648209, 17.74016555239649], [33.5840050153242, 17.740436704638412], [33.58372205506413, 17.740437546609677], [33.58372469040701, 17.74125100333142], [33.58315876728534, 17.741252686132093], [33.58316052255562, 17.741794990630382], [33.582877560119776, 17.741795831446048], [33.58287843735255, 17.74206698369758], [33.58259547447528, 17.742067824118898], [33.58259635129787, 17.742338976376573], [33.58231338797919, 17.742339816403522], [33.58231426439156, 17.742610968667332], [33.58146537306449, 17.742613486340876], [33.581466248214994, 17.742884638638124], [33.580617355470245, 17.742887152680115], [33.58061560773973, 17.742344847996293], [33.580898571151906, 17.742344010417607], [33.580895948395394, 17.741530553376304], [33.58117891051461, 17.74152971543047], [33.58117803586778, 17.741258563081953], [33.58061211246537, 17.741260238538334], [33.580612986260626, 17.741531390914115], [33.5803300241103, 17.7415322280439], [33.58033177089589, 17.742074532800117], [33.58004880787842, 17.74207536954911], [33.58005142689595, 17.742888826667826], [33.57920253391798, 17.74289133458897]], [[33.580894199968874, 17.740988248644467], [33.581460122488586, 17.740986572399326], [33.581459247447135, 17.740715420049398], [33.58117628662083, 17.740716258362333], [33.581175412020706, 17.74044510599123], [33.58060949117293, 17.74044678136584], [33.58061036492152, 17.740717933764202], [33.58089332577895, 17.740717096267264], [33.580894199968874, 17.740988248644467]]]}, "properties": {"zone_id": "scene_02-Z0184", "scene": "scene_02", "pixel_count": 404, "approx_area_m2": 363600.0, "centroid_x": 561501.7574257426, "centroid_y": 1961497.3514851485, "centroid_lon": 33.58010533790924, "centroid_lat": 17.73983683136981, "mean_risk": 3.1183102130889893, "max_risk": 4.386927127838135, "median_risk": 3.173123359680176, "high_priority_pixel_pct": 100.0, "priority_category": "HIGH PRIORITY", "threshold_type": "95th percentile prioritisation threshold", "recommendation": "Spectral-stress evidence detected. Prioritise field inspection to determine the underlying cause. Field verification required.", "priority_rank": 11}}, {"type": "Feature", "geometry": {"type": "Polygon", "coordinates": [[[33.54864064379359, 17.74243686615839], [33.548638992358676, 17.741894558450472], [33.54892195662902, 17.74189376700703], [33.5489211305078, 17.741622613154668], [33.549487058152756, 17.74162102906943], [33.549486231194656, 17.741349875235322], [33.550901047920306, 17.741345907946187], [33.5509018770074, 17.741617061715758], [33.55061891326596, 17.74161785600256], [33.55061974194201, 17.741889009777534], [33.55033677776001, 17.741889803669213], [33.550337606024996, 17.74216095744958], [33.55005464140245, 17.74216175094613], [33.550053813563274, 17.74189059715286], [33.549487885125586, 17.74189218289603], [33.549489539115406, 17.742434490526648], [33.54864064379359, 17.74243686615839]]]}, "properties": {"zone_id": "scene_02-Z0185", "scene": "scene_02", "pixel_count": 21, "approx_area_m2": 18900.0, "centroid_x": 558298.5714285715, "centroid_y": 1961708.5714285714, "centroid_lon": 33.54989867963088, "centroid_lat": 17.74183292711994, "mean_risk": 2.204256296157837, "max_risk": 3.7930469512939453, "median_risk": 1.9306483268737793, "high_priority_pixel_pct": 100.0, "priority_category": "HIGH PRIORITY", "threshold_type": "95th percentile prioritisation threshold", "recommendation": "Spectral-stress evidence detected. Prioritise field inspection to determine the underlying cause. Field verification required.", "priority_rank": 99}}, {"type": "Feature", "geometry": {"type": "Polygon", "coordinates": [[[33.505628256784895, 17.742010113102637], [33.505627495813144, 17.74173895735744], [33.505061563789006, 17.741740414949987], [33.505060803682426, 17.74146925917356], [33.505343769275456, 17.741468530593167], [33.5053430087566, 17.741197374821073], [33.505908939050414, 17.741195916459883], [33.50590741635015, 17.740653604940615], [33.50647334488657, 17.740652144994804], [33.50647258270519, 17.74038098924765], [33.50675554652727, 17.740380258674595], [33.5067547839337, 17.74010910293181], [33.50732071068557, 17.740107640585457], [33.50732147413069, 17.740378796304444], [33.50788740167975, 17.74037733230224], [33.50788816599003, 17.740648487989898], [33.50845409433622, 17.74064702233179], [33.50845179889155, 17.739833555317816], [33.50816883600259, 17.7398342883151], [33.50816654195777, 17.739020821197702], [33.50873246516756, 17.739019354866713], [33.50873323068704, 17.73929051055617], [33.50901619269725, 17.73928977676676], [33.509017724628606, 17.73983208809925], [33.50930068747669, 17.739831353877968], [33.50930145388859, 17.740102509520987], [33.50958441714879, 17.740101774879747], [33.50958595086508, 17.740644086119335], [33.509302986753326, 17.740644820784482], [33.50930375320616, 17.740915976404956], [33.50902078865497, 17.740916710674025], [33.50902232074997, 17.741459021916317], [33.50873935533355, 17.74145975580124], [33.508740120975695, 17.74173091142305], [33.50845715511983, 17.741731644911866], [33.508456389903486, 17.741460489278122], [33.50704156254902, 17.741464150541933], [33.507040799475334, 17.741192994841104], [33.50647486929001, 17.74119445646656], [33.50647563151208, 17.741465612191178], [33.50619266597326, 17.74146634240373], [33.506193427783096, 17.741737498132704], [33.5059104618049, 17.741738227949096], [33.50591122320247, 17.742009383682426], [33.505628256784895, 17.742010113102637]]]}, "properties": {"zone_id": "scene_02-Z0186", "scene": "scene_02", "pixel_count": 66, "approx_area_m2": 59400.0, "centroid_x": 553823.6363636364, "centroid_y": 1961572.2727272727, "centroid_lon": 33.50768684640284, "centroid_lat": 17.74071474417208, "mean_risk": 1.811228632926941, "max_risk": 1.9294921159744263, "median_risk": 1.801029920578003, "high_priority_pixel_pct": 100.0, "priority_category": "HIGH PRIORITY", "threshold_type": "95th percentile prioritisation threshold", "recommendation": "Spectral-stress evidence detected. Prioritise field inspection to determine the underlying cause. Field verification required.", "priority_rank": 362}}, {"type": "Feature", "geometry": {"type": "Polygon", "coordinates": [[[33.540433022155405, 17.741917332812204], [33.54043058215786, 17.741103870082366], [33.540147618727254, 17.741104649246516], [33.540144367302986, 17.740020032117418], [33.5404273290305, 17.740019253003975], [33.54041675796639, 17.73649424666828], [33.540699714145184, 17.736493467311718], [33.54069564687456, 17.735137695369204], [33.54097860091067, 17.73513691566817], [33.540977787074375, 17.734865761269816], [33.54126074067037, 17.734864981173608], [33.541268069549545, 17.737305370373996], [33.54098511212271, 17.73730615058446], [33.540989182101235, 17.738661922162773], [33.54070622253139, 17.738662702028762], [33.540707036144845, 17.738933856334558], [33.54098999614041, 17.73893307645588], [33.54099325244208, 17.740017693553103], [33.54071029074353, 17.740018473482536], [33.54071273184465, 17.740831936264556], [33.54099569482051, 17.74083115629705], [33.54099732314526, 17.741373464755423], [33.54071435931782, 17.741374244748314], [33.540715986848944, 17.74191655320198], [33.540433022155405, 17.741917332812204]]]}, "properties": {"zone_id": "scene_02-Z0187", "scene": "scene_02", "pixel_count": 52, "approx_area_m2": 46800.0, "centroid_x": 557329.0384615385, "centroid_y": 1961313.4615384615, "centroid_lon": 33.54074318664641, "centroid_lat": 17.738287152637103, "mean_risk": 1.914458990097046, "max_risk": 2.2523152828216553, "median_risk": 1.8989806175231934, "high_priority_pixel_pct": 100.0, "priority_category": "HIGH PRIORITY", "threshold_type": "95th percentile prioritisation threshold", "recommendation": "Spectral-stress evidence detected. Prioritise field inspection to determine the underlying cause. Field verification required.", "priority_rank": 273}}, {"type": "Feature", "geometry": {"type": "Polygon", "coordinates": [[[33.70030237754889, 17.74059840437477], [33.700299216040165, 17.7397849662483], [33.701148074223845, 17.73978193490425], [33.701151239563984, 17.74059537288276], [33.70030237754889, 17.74059840437477]]]}, "properties": {"zone_id": "scene_02-Z0188", "scene": "scene_02", "pixel_count": 9, "approx_area_m2": 8100.0, "centroid_x": 574290.0, "centroid_y": 1961580.0, "centroid_lon": 33.70072522684422, "centroid_lat": 17.74019017006996, "mean_risk": 2.442171573638916, "max_risk": 3.1487162113189697, "median_risk": 2.485304117202759, "high_priority_pixel_pct": 100.0, "priority_category": "HIGH PRIORITY", "threshold_type": "95th percentile prioritisation threshold", "recommendation": "Spectral-stress evidence detected. Prioritise field inspection to determine the underlying cause. Field verification required.", "priority_rank": 53}}, {"type": "Feature", "geometry": {"type": "Polygon", "coordinates": [[[33.52797938305294, 17.740866612503606], [33.527978588498215, 17.740595457686275], [33.52712969883003, 17.740597740021002], [33.52712811231765, 17.74005543028952], [33.528259961774104, 17.740052386459574], [33.528262346673166, 17.74086585089695], [33.52797938305294, 17.740866612503606]]]}, "properties": {"zone_id": "scene_02-Z0189", "scene": "scene_02", "pixel_count": 9, "approx_area_m2": 8100.0, "centroid_x": 555950.0, "centroid_y": 1961540.0, "centroid_lon": 33.52774212400291, "centroid_lat": 17.74037012967437, "mean_risk": 1.9662377834320068, "max_risk": 2.3697316646575928, "median_risk": 2.0000784397125244, "high_priority_pixel_pct": 100.0, "priority_category": "HIGH PRIORITY", "threshold_type": "95th percentile prioritisation threshold", "recommendation": "Spectral-stress evidence detected. Prioritise field inspection to determine the underlying cause. Field verification required.", "priority_rank": 226}}, {"type": "Feature", "geometry": {"type": "Polygon", "coordinates": [[[33.70171609149653, 17.740322203895882], [33.70171503553172, 17.740051057935965], [33.701997988610174, 17.740050045839705], [33.70199481955146, 17.739236607964077], [33.70256072309775, 17.739234582646564], [33.702564951952596, 17.74031916633384], [33.70171609149653, 17.740322203895882]]]}, "properties": {"zone_id": "scene_02-Z0190", "scene": "scene_02", "pixel_count": 9, "approx_area_m2": 8100.0, "centroid_x": 574450.0, "centroid_y": 1961540.0, "centroid_lon": 33.702232902221155, "centroid_lat": 17.73982324716733, "mean_risk": 2.2973031997680664, "max_risk": 2.765824794769287, "median_risk": 2.22593355178833, "high_priority_pixel_pct": 100.0, "priority_category": "HIGH PRIORITY", "threshold_type": "95th percentile prioritisation threshold", "recommendation": "Spectral-stress evidence detected. Prioritise field inspection to determine the underlying cause. Field verification required.", "priority_rank": 73}}, {"type": "Feature", "geometry": {"type": "Polygon", "coordinates": [[[33.50986814767243, 17.7403721954421], [33.5098666131319, 17.739829884211396], [33.51043253873247, 17.73982841291283], [33.51043177063118, 17.739557257310143], [33.5107147329852, 17.739556521060834], [33.51071627005299, 17.74009883223474], [33.51043330684744, 17.740099568508], [33.51043407497608, 17.74037072409565], [33.50986814767243, 17.7403721954421]]]}, "properties": {"zone_id": "scene_02-Z0191", "scene": "scene_02", "pixel_count": 10, "approx_area_m2": 9000.0, "centroid_x": 554139.0, "centroid_y": 1961502.0, "centroid_lon": 33.5106596005668, "centroid_lat": 17.740071863963806, "mean_risk": 1.815351128578186, "max_risk": 1.9894399642944336, "median_risk": 1.7917513847351074, "high_priority_pixel_pct": 100.0, "priority_category": "HIGH PRIORITY", "threshold_type": "95th percentile prioritisation threshold", "recommendation": "Spectral-stress evidence detected. Prioritise field inspection to determine the underlying cause. Field verification required.", "priority_rank": 360}}, {"type": "Feature", "geometry": {"type": "Polygon", "coordinates": [[[33.55966784994128, 17.73969416272304], [33.559667007759465, 17.739423009304694], [33.55938404788523, 17.739423816135456], [33.55938320614415, 17.739152662696466], [33.559666165592645, 17.739151855878827], [33.559664481304, 17.738609549004533], [33.55994743988605, 17.738608741805187], [33.55994575480596, 17.738066434927074], [33.55966279707531, 17.738067242100147], [33.55966195498346, 17.737796088636667], [33.55909604032858, 17.737797701732738], [33.5590951991031, 17.737526548235497], [33.56079294033362, 17.737521704130874], [33.56079125281946, 17.736979397271472], [33.56107420878733, 17.736978588519264], [33.561075052962565, 17.737249741939564], [33.56135800934107, 17.737248932766274], [33.561358853957024, 17.737520086165887], [33.56107589715284, 17.737520895352347], [33.561076741358136, 17.7377920487576], [33.56135969858801, 17.737791239557975], [33.5613622325712, 17.738604699689116], [33.56107927406421, 17.73860550892825], [33.56108096261009, 17.739147815671068], [33.560515043848156, 17.73914943297808], [33.560515887292176, 17.739420586364528], [33.55994996761871, 17.73942220206595], [33.55995081022626, 17.739693355471157], [33.55966784994128, 17.73969416272304]]]}, "properties": {"zone_id": "scene_02-Z0192", "scene": "scene_02", "pixel_count": 41, "approx_area_m2": 36900.0, "centroid_x": 559413.6585365854, "centroid_y": 1961325.3658536586, "centroid_lon": 33.56040555191667, "centroid_lat": 17.738339585034794, "mean_risk": 2.0008292198181152, "max_risk": 2.4128544330596924, "median_risk": 1.9584523439407349, "high_priority_pixel_pct": 100.0, "priority_category": "HIGH PRIORITY", "threshold_type": "95th percentile prioritisation threshold", "recommendation": "Spectral-stress evidence detected. Prioritise field inspection to determine the underlying cause. Field verification required.", "priority_rank": 199}}, {"type": "Feature", "geometry": {"type": "Polygon", "coordinates": [[[33.67992452317139, 17.739314322595202], [33.67992350005967, 17.7390431753571], [33.67964054724052, 17.73904415556909], [33.67963952457271, 17.738773008307504], [33.679356572161026, 17.738773988095613], [33.67935452773137, 17.73823169351794], [33.6796374792917, 17.738230713761713], [33.67963338894817, 17.73714612457965], [33.67991633878769, 17.737145144479296], [33.679913269944336, 17.736331702561433], [33.67963032138168, 17.73633268261393], [33.679628276428375, 17.73579038793243], [33.67991122413982, 17.73578940791182], [33.679909178408174, 17.73524711323206], [33.6796262315479, 17.73524809322077], [33.679625209134976, 17.73497694585363], [33.67990815556966, 17.734975965880867], [33.67990713274936, 17.73470481852214], [33.680755970667406, 17.73470187620475], [33.680754946588635, 17.734430728886366], [33.68330145552719, 17.734421880055592], [33.68330248343603, 17.734693027229966], [33.683585429207795, 17.734692041971414], [33.68358748593151, 17.73523433626547], [33.68387043253611, 17.735233350567015], [33.68387249018426, 17.735775644798835], [33.68415543762171, 17.735774658660443], [33.68415852550813, 17.736588099903482], [33.68387557679386, 17.736589086090017], [33.68387866356834, 17.73740252731333], [33.68359571355886, 17.737403513140116], [33.68359777064881, 17.737945807283378], [33.68331481976972, 17.73794679273434], [33.683315847916504, 17.7382179398107], [33.683032896593446, 17.73821892486979], [33.68303495209059, 17.73876121903194], [33.68190314321008, 17.738765155317264], [33.68190416928336, 17.739036302451073], [33.68048940564334, 17.739041213709328], [33.680490429606444, 17.73931236091551], [33.67992452317139, 17.739314322595202]]]}, "properties": {"zone_id": "scene_02-Z0193", "scene": "scene_02", "pixel_count": 231, "approx_area_m2": 207900.0, "centroid_x": 572272.5974025974, "centroid_y": 1961188.7012987013, "centroid_lon": 33.68168411070652, "centroid_lat": 17.73672054764495, "mean_risk": 2.5871376991271973, "max_risk": 4.770086288452148, "median_risk": 2.472405433654785, "high_priority_pixel_pct": 100.0, "priority_category": "HIGH PRIORITY", "threshold_type": "95th percentile prioritisation threshold", "recommendation": "Spectral-stress evidence detected. Prioritise field inspection to determine the underlying cause. Field verification required.", "priority_rank": 36}}, {"type": "Feature", "geometry": {"type": "Polygon", "coordinates": [[[33.512128003279386, 17.73901052261045], [33.51212415034317, 17.737654744769006], [33.512407109634886, 17.73765400615588], [33.512406338663105, 17.737382850577056], [33.51325521517878, 17.7373806323261], [33.513255987427655, 17.737651787868817], [33.51353894666442, 17.737651047623906], [33.51353971935275, 17.737922203147065], [33.51325675969028, 17.737922943404023], [33.51325753196666, 17.738194098931714], [33.512974571864724, 17.738194838792758], [33.51297380001405, 17.737923683253026], [33.5124078806204, 17.737925161727176], [33.51240865161963, 17.738196317290967], [33.51269161174905, 17.73819557824584], [33.512692383187726, 17.738466733790084], [33.5124094226326, 17.738467472847237], [33.51241096469971, 17.73900978393723], [33.512128003279386, 17.73901052261045]]]}, "properties": {"zone_id": "scene_02-Z0194", "scene": "scene_02", "pixel_count": 14, "approx_area_m2": 12600.0, "centroid_x": 554352.8571428572, "centroid_y": 1961271.4285714286, "centroid_lon": 33.51267079421482, "centroid_lat": 17.737982580257597, "mean_risk": 1.903769850730896, "max_risk": 2.0543458461761475, "median_risk": 1.8965821266174316, "high_priority_pixel_pct": 100.0, "priority_category": "HIGH PRIORITY", "threshold_type": "95th percentile prioritisation threshold", "recommendation": "Spectral-stress evidence detected. Prioritise field inspection to determine the underlying cause. Field verification required.", "priority_rank": 284}}, {"type": "Feature", "geometry": {"type": "Polygon", "coordinates": [[[33.51071242748613, 17.73874305424362], [33.510711659013815, 17.738471898622848], [33.51042869836275, 17.738472634824234], [33.51042716231058, 17.737930323536187], [33.51014420249728, 17.737931059305662], [33.51014113225981, 17.7368464365915], [33.509858174135616, 17.736847171905158], [33.509854338774566, 17.73549139328354], [33.51013729477045, 17.735490658029708], [33.510139597223066, 17.736304125189328], [33.510422554482254, 17.73630338949169], [33.510423322419456, 17.736574545184563], [33.51070628009063, 17.736573809067032], [33.51070704846719, 17.736844964740406], [33.510424090370336, 17.736845700869914], [33.51042562631311, 17.737388012218087], [33.51070858526134, 17.737387276064613], [33.510709353678934, 17.737658431715445], [33.511275272385724, 17.73765695816071], [33.5112768109648, 17.73819926939187], [33.51099385076683, 17.738200006397197], [33.51099538854924, 17.738742317622275], [33.51071242748613, 17.73874305424362]]]}, "properties": {"zone_id": "scene_02-Z0195", "scene": "scene_02", "pixel_count": 22, "approx_area_m2": 19800.0, "centroid_x": 554119.0909090909, "centroid_y": 1961195.4545454546, "centroid_lon": 33.51046396724838, "centroid_lat": 17.73730163505468, "mean_risk": 1.9568748474121094, "max_risk": 2.413405179977417, "median_risk": 1.901782512664795, "high_priority_pixel_pct": 100.0, "priority_category": "HIGH PRIORITY", "threshold_type": "95th percentile prioritisation threshold", "recommendation": "Spectral-stress evidence detected. Prioritise field inspection to determine the underlying cause. Field verification required.", "priority_rank": 232}}, {"type": "Feature", "geometry": {"type": "Polygon", "coordinates": [[[33.569283351456676, 17.7380395693596], [33.56927906878194, 17.736683804218448], [33.569562023869935, 17.736682983242133], [33.56956031005549, 17.736140677159728], [33.5701262184831, 17.736139034036846], [33.57012707623398, 17.736410187055064], [33.570410030850525, 17.73640936486841], [33.57040917267399, 17.73613821186356], [33.57069212684961, 17.73613738928239], [33.57069126826271, 17.735866236283407], [33.57097422199741, 17.735865413307728], [33.57097336300018, 17.735594260314627], [33.57125631629394, 17.735593436944463], [33.57125545688638, 17.73532228395723], [33.572387268205844, 17.735318986451436], [33.5723881293159, 17.735590139384996], [33.5729540357349, 17.735588488157987], [33.57295748373359, 17.73667309970954], [33.57267452882919, 17.736673925580742], [33.57267539044157, 17.736945078463265], [33.57239243509617, 17.736945903939993], [33.57239329629822, 17.737217056828417], [33.57182738471009, 17.737218706584986], [33.571829105457475, 17.737761012392962], [33.57126319210535, 17.737762660571484], [33.57126405165064, 17.73803381349102], [33.569283351456676, 17.7380395693596]]]}, "properties": {"zone_id": "scene_02-Z0196", "scene": "scene_02", "pixel_count": 90, "approx_area_m2": 81000.0, "centroid_x": 560547.3333333334, "centroid_y": 1961152.6666666667, "centroid_lon": 33.57109334460609, "centroid_lat": 17.736747828418054, "mean_risk": 2.1717095375061035, "max_risk": 3.0268118381500244, "median_risk": 2.1237497329711914, "high_priority_pixel_pct": 100.0, "priority_category": "HIGH PRIORITY", "threshold_type": "95th percentile prioritisation threshold", "recommendation": "Spectral-stress evidence detected. Prioritise field inspection to determine the underlying cause. Field verification required.", "priority_rank": 108}}, {"type": "Feature", "geometry": {"type": "Polygon", "coordinates": [[[33.51127373386144, 17.737114646899485], [33.511272964619835, 17.736843491257602], [33.51099000655036, 17.73684422820297], [33.51098846895958, 17.736301916872666], [33.51155438338217, 17.736300442622], [33.51155284414353, 17.73575813130962], [33.511835800482956, 17.735757393596426], [33.51183503045855, 17.735486237940975], [33.51240094224497, 17.73548476131491], [33.512399400534754, 17.73494245002953], [33.512682355556116, 17.73494171112871], [33.51268312682999, 17.73521286676314], [33.51296608226325, 17.735212127442402], [33.51296916919867, 17.73629674985683], [33.512686212062825, 17.736297489225695], [33.51268544073401, 17.73602633362132], [33.51211952727244, 17.73602781111126], [33.51212029774993, 17.736298966739668], [33.5118373405729, 17.736299704884793], [33.511838880717704, 17.736842016143093], [33.51212183874607, 17.73684127797395], [33.512122609264715, 17.737112433579814], [33.51127373386144, 17.737114646899485]]]}, "properties": {"zone_id": "scene_02-Z0197", "scene": "scene_02", "pixel_count": 24, "approx_area_m2": 21600.0, "centroid_x": 554286.25, "centroid_y": 1961063.75, "centroid_lon": 33.51203722290635, "centroid_lat": 17.73610711350231, "mean_risk": 1.9792741537094116, "max_risk": 2.3757426738739014, "median_risk": 1.9759571552276611, "high_priority_pixel_pct": 100.0, "priority_category": "HIGH PRIORITY", "threshold_type": "95th percentile prioritisation threshold", "recommendation": "Spectral-stress evidence detected. Prioritise field inspection to determine the underlying cause. Field verification required.", "priority_rank": 220}}, {"type": "Feature", "geometry": {"type": "Polygon", "coordinates": [[[33.523156403970496, 17.736541016056044], [33.523155616878334, 17.736269860908802], [33.522872660241966, 17.73627061496246], [33.52287187358948, 17.73599945979543], [33.52230596112604, 17.736000966654494], [33.52230438956566, 17.735458656248845], [33.522587344953095, 17.735457903047784], [33.52258655876827, 17.735186747845937], [33.52343542356964, 17.735184485832214], [33.523436211031374, 17.735455640997248], [33.52371916636277, 17.73545488616462], [33.523722318052506, 17.73653950670044], [33.523156403970496, 17.736541016056044]]]}, "properties": {"zone_id": "scene_02-Z0198", "scene": "scene_02", "pixel_count": 18, "approx_area_m2": 16200.0, "centroid_x": 555460.0, "centroid_y": 1961033.3333333333, "centroid_lon": 33.52310710204734, "centroid_lat": 17.735802997171344, "mean_risk": 1.8387720584869385, "max_risk": 1.9334924221038818, "median_risk": 1.8407076597213745, "high_priority_pixel_pct": 100.0, "priority_category": "HIGH PRIORITY", "threshold_type": "95th percentile prioritisation threshold", "recommendation": "Spectral-stress evidence detected. Prioritise field inspection to determine the underlying cause. Field verification required.", "priority_rank": 344}}, {"type": "Feature", "geometry": {"type": "Polygon", "coordinates": [[[33.70169919831538, 17.735983867631866], [33.70169814265134, 17.735712721551245], [33.701132250058784, 17.735714743993302], [33.701125921576, 17.734087867153733], [33.70169180906178, 17.73408584490914], [33.701690753529306, 17.733814698775724], [33.70197369681846, 17.73381368705819], [33.70197475277648, 17.734084833175142], [33.70225769647237, 17.73408382103333], [33.7022598092959, 17.73462611321166], [33.70254275382408, 17.734625100629092], [33.70254486757399, 17.73516739274429], [33.70197897679656, 17.735169417567512], [33.701982145009055, 17.735982855782606], [33.70169919831538, 17.735983867631866]]]}, "properties": {"zone_id": "scene_02-Z0199", "scene": "scene_02", "pixel_count": 26, "approx_area_m2": 23400.0, "centroid_x": 574398.4615384615, "centroid_y": 1960990.3846153845, "centroid_lon": 33.70172746086487, "centroid_lat": 17.73485745175522, "mean_risk": 2.2938225269317627, "max_risk": 2.7898154258728027, "median_risk": 2.3090786933898926, "high_priority_pixel_pct": 100.0, "priority_category": "HIGH PRIORITY", "threshold_type": "95th percentile prioritisation threshold", "recommendation": "Spectral-stress evidence detected. Prioritise field inspection to determine the underlying cause. Field verification required.", "priority_rank": 75}}, {"type": "Feature", "geometry": {"type": "Polygon", "coordinates": [[[33.58229323480016, 17.736103312258606], [33.58229235876218, 17.735832159814183], [33.58200940564521, 17.73583299910527], [33.58200853004845, 17.735561846639666], [33.581725577341516, 17.73556268550922], [33.58172645251265, 17.735833837988473], [33.581160546200785, 17.735835514531242], [33.58115879757659, 17.73529320951063], [33.581441749889066, 17.73529237147047], [33.581440000475936, 17.734750066447038], [33.58115704901468, 17.734750904459926], [33.581156174757076, 17.734479751923285], [33.581439125792734, 17.734478913924036], [33.581437376473055, 17.73393660885547], [33.58115442628856, 17.733937446827436], [33.58115355207766, 17.73366629426823], [33.58087060230317, 17.73366713181873], [33.580867981040534, 17.73285367405507], [33.58115092953834, 17.732852836545465], [33.581150055389706, 17.732581683956166], [33.5814330034464, 17.732580846052386], [33.5814321288878, 17.7323096934692], [33.581998024103385, 17.732308016465527], [33.58200065037919, 17.73312147411063], [33.58256654808568, 17.733119795393797], [33.58256567179372, 17.732848642880274], [33.582848620198014, 17.7328478029238], [33.58284949691553, 17.733118955423652], [33.58313244572975, 17.73311811504569], [33.583133322888436, 17.733389267524345], [33.5834162721126, 17.733388426724886], [33.58341890495908, 17.734201884074633], [33.5831359544582, 17.734202724915146], [33.58313770891614, 17.73474502980473], [33.58342066026821, 17.73474418893685], [33.583421537946215, 17.73501534135667], [33.58370448970827, 17.735014500067237], [33.58370624596239, 17.735556804856934], [33.583140340720206, 17.735558487082674], [33.58314121801947, 17.735829639493616], [33.58285826494932, 17.735830480008353], [33.58285914183857, 17.736101632425438], [33.58229323480016, 17.736103312258606]], [[33.5817212017196, 17.734206923000063], [33.58257005340957, 17.73420440537264], [33.58256917705519, 17.733933252889216], [33.58285212716173, 17.73393241287806], [33.58285125039738, 17.733661260400783], [33.58200240130767, 17.73366377916974], [33.582001525835636, 17.733392626643948], [33.58171857653345, 17.733393465404287], [33.5817212017196, 17.734206923000063]]]}, "properties": {"zone_id": "scene_02-Z0200", "scene": "scene_02", "pixel_count": 79, "approx_area_m2": 71100.0, "centroid_x": 561729.1139240506, "centroid_y": 1960889.240506329, "centroid_lon": 33.582232003001025, "centroid_lat": 17.734334121303753, "mean_risk": 2.055511474609375, "max_risk": 3.1408116817474365, "median_risk": 1.940433382987976, "high_priority_pixel_pct": 100.0, "priority_category": "HIGH PRIORITY", "threshold_type": "95th percentile prioritisation threshold", "recommendation": "Spectral-stress evidence detected. Prioritise field inspection to determine the underlying cause. Field verification required.", "priority_rank": 170}}, {"type": "Feature", "geometry": {"type": "Polygon", "coordinates": [[[33.5661631546722, 17.735608195201618], [33.566161451194716, 17.735065888739285], [33.56531259299922, 17.735068335520893], [33.56531344345353, 17.73533948879564], [33.56418163061177, 17.73534274551395], [33.56418078185993, 17.735071592186205], [33.56389782903731, 17.735072405332858], [33.5638969807262, 17.734801251984358], [33.56333107588686, 17.73480287702761], [33.56333022844206, 17.734531723645134], [33.56304727642536, 17.734532535541756], [33.56304558243221, 17.733990228727823], [33.56417738700372, 17.733986978800004], [33.56417653832745, 17.733715825434647], [33.564459489006985, 17.733715011946327], [33.564458639920254, 17.73344385858669], [33.56530749059139, 17.733441415714466], [33.565305789909914, 17.73289910905215], [33.56558873925223, 17.732898293972283], [33.56558703778023, 17.73235598730642], [33.56615293471722, 17.73235435597634], [33.56615378629673, 17.732625509286475], [33.566436735168026, 17.732624692996442], [33.56643758718824, 17.732895846285775], [33.56728643498769, 17.732893394928933], [33.567283875142685, 17.732079935158076], [33.56756682310216, 17.732079117263435], [33.56756596942536, 17.73180796400475], [33.56813186444765, 17.73180632701873], [33.56813271897551, 17.732077480250766], [33.568698614787984, 17.732075841606918], [33.568697759409076, 17.73180468840155], [33.56926365430956, 17.731803048153218], [33.56926279809485, 17.731531894967034], [33.56982869208331, 17.731530253114272], [33.569827835032825, 17.731259099947284], [33.570110781578656, 17.731258278422608], [33.57010992411793, 17.730987125261475], [33.5698269779976, 17.730987946772782], [33.569825263972945, 17.730445640401214], [33.57010820924229, 17.730444818916652], [33.570107351827374, 17.730173665732956], [33.570956186267324, 17.7301711988729], [33.57095446893049, 17.72962889256326], [33.57010563704336, 17.72963135934301], [33.57010477967425, 17.729360206136754], [33.56982183610678, 17.72936102756783], [33.56982012226528, 17.728818721106016], [33.56925423678634, 17.728820362691536], [33.569259373388476, 17.730447282147075], [33.56897642807336, 17.730448102408367], [33.568978139545074, 17.730990408860094], [33.56869519336374, 17.730991228740333], [33.56869433804576, 17.730720075504884], [33.56841139227468, 17.73072089496401], [33.56841053739743, 17.730449741707705], [33.56812759203662, 17.730450560745734], [33.56812930095538, 17.73099286727749], [33.56756340848615, 17.73099450418358], [33.56756255487016, 17.73072335089482], [33.56784550068688, 17.730722532658977], [33.567844646660596, 17.73045137937601], [33.56756170126936, 17.73045219759853], [33.567560847683765, 17.730181044294728], [33.567843792649526, 17.730180226085526], [33.567842938653655, 17.729909072787517], [33.56812588317874, 17.729908254183897], [33.568121611300306, 17.728552487647704], [33.56840455368291, 17.728551668702995], [33.56840369892745, 17.72828051538653], [33.5686866408694, 17.72827969604746], [33.56868578570374, 17.728008542736806], [33.56840284418721, 17.728009362062544], [33.568401989462195, 17.727738208731036], [33.56811904835585, 17.72773902763575], [33.56811819407146, 17.727467874283395], [33.568401134752406, 17.727467055392015], [33.56840028005784, 17.727195902045477], [33.569249100733096, 17.72719344296528], [33.56925338073935, 17.72854920942262], [33.56981926536742, 17.72854756786383], [33.56981840848482, 17.728276414614133], [33.57010135035054, 17.728275593236543], [33.570102207658564, 17.72854674647288], [33.57038514993444, 17.728545924674208], [33.57038600768317, 17.728817077889644], [33.5706689503692, 17.728816255669884], [33.57066980855865, 17.729087408864412], [33.57095275165484, 17.72908658622355], [33.57094845873332, 17.72773082024266], [33.57038257677991, 17.727732464982783], [33.570380861419956, 17.727190158484234], [33.5706638015535, 17.72718933634479], [33.570662085403875, 17.72664702984294], [33.570379146121105, 17.72664785195562], [33.57037828849458, 17.72637669868002], [33.570095349621916, 17.72637752037166], [33.57009363526544, 17.72583521377117], [33.56981069722822, 17.725836035028408], [33.56980984049823, 17.725564881703512], [33.569526902871104, 17.72556570253975], [33.56952604658172, 17.72529454919397], [33.5689601721324, 17.725296189616817], [33.56895931670895, 17.72502503623681], [33.569242253515895, 17.72502421624255], [33.569241397682354, 17.724753062868377], [33.570090206735706, 17.724750600479958], [33.57009106384524, 17.72502175381404], [33.57065693732181, 17.725020110156922], [33.570656079361626, 17.7247489568496], [33.57150488818585, 17.724746488346955], [33.57150402896499, 17.724475335072313], [33.571786964783804, 17.724474511436277], [33.57178610515293, 17.724203358167532], [33.572069040531126, 17.724202534137305], [33.57206818049026, 17.723931380874454], [33.572351115427836, 17.723930556450053], [33.572350254976996, 17.72365940319311], [33.57263318947394, 17.723658578374543], [33.572636633070495, 17.724743191303485], [33.57291956925333, 17.724742366023573], [33.57291870790587, 17.724471212816056], [33.57320164364805, 17.724470387141984], [33.57319905842181, 17.72365692751465], [33.573764927308275, 17.723655275024402], [33.57376406474633, 17.723384121827163], [33.57432993272075, 17.7233824677335], [33.574332523004486, 17.724195927221867], [33.574615458244516, 17.724195099523232], [33.574614594375916, 17.72392394638144], [33.57489752917526, 17.723923118288685], [33.574896664896755, 17.72365196515286], [33.5751795992554, 17.72365113666601], [33.575178734567004, 17.72337998353615], [33.57489580063365, 17.723380812009516], [33.57489493638593, 17.72310965885865], [33.57461200286246, 17.723110486910947], [33.57461027526376, 17.7225681805597], [33.5748932079367, 17.722567352534373], [33.57489407215362, 17.72283850570027], [33.57517700523642, 17.722837677253892], [33.5751735467601, 17.721753064599138], [33.574890615378315, 17.72175389299156], [33.574888887083034, 17.7212115865921], [33.575454748130284, 17.721209929453693], [33.575455613120674, 17.7214810826302], [33.575738544046416, 17.7214802534362], [33.57573940947746, 17.72175140659168], [33.57630527213314, 17.721749746954057], [33.57630613843009, 17.722020900074995], [33.57715493357357, 17.722018407521414], [33.577156668765284, 17.722560713659547], [33.57743960129938, 17.722559881966177], [33.577440469343685, 17.722831035010422], [33.57772340228759, 17.72283020289594], [33.57772513927315, 17.72337250893478], [33.57800807305212, 17.723371676385618], [33.5780089419934, 17.7236428293802], [33.578291876182185, 17.723641996409892], [33.57829361496177, 17.724184302349375], [33.57857654998567, 17.72418346894434], [33.578577419824, 17.724454621889226], [33.57886035525771, 17.72445378806302], [33.57885948499406, 17.724182635131704], [33.57942535496435, 17.72418096628365], [33.57942448386561, 17.723909813371986], [33.57970741840217, 17.723908978350153], [33.579708289926224, 17.724180131248215], [33.579991224872565, 17.72417929580519], [33.57999471282529, 17.725263907267824], [33.580277649457386, 17.725263071362757], [33.58027852190974, 17.725534224196007], [33.580561458951635, 17.7255333878697], [33.580560586073936, 17.725262235050064], [33.58084352267494, 17.725261398329746], [33.58084614263071, 17.726074856725212], [33.580563204753666, 17.7260756934864], [33.580564077678005, 17.726346846283477], [33.57999820102656, 17.72634851861015], [33.58000168947636, 17.72743312983214], [33.57971874942581, 17.727433965438415], [33.579719621151696, 17.727705118238713], [33.579436680660216, 17.72770595345091], [33.57943755197623, 17.72797710625729], [33.57915461104381, 17.727977941075384], [33.579155481949925, 17.72824909388784], [33.57887254057658, 17.728249928311826], [33.57887428158448, 17.728792233941327], [33.57774251253275, 17.72879556766885], [33.57774164372277, 17.728524414803587], [33.57745870184657, 17.728525247202636], [33.57746043863113, 17.729067552952742], [33.577743381358204, 17.729066720526593], [33.57774425019913, 17.72933787337681], [33.57802719333618, 17.729337040529387], [33.57802893191538, 17.72987934618014], [33.578311875887856, 17.729878512897862], [33.578315354933956, 17.730963124054874], [33.578032409259556, 17.730963957391413], [33.57803327863431, 17.731235110175422], [33.57831622473421, 17.73123427682532], [33.57831796438118, 17.73177658234365], [33.57775207046385, 17.731778248690333], [33.577753808470675, 17.73232055423282], [33.57747086063774, 17.73232138682159], [33.57747172923884, 17.7325925395951], [33.576905832675486, 17.73259420357632], [33.57690670044096, 17.7328653563694], [33.57577490542671, 17.732868679492267], [33.57577577150542, 17.73313983233191], [33.573795126658126, 17.73314563219054], [33.57379598977333, 17.73341678511705], [33.57323009025596, 17.733418438576045], [33.5732309525354, 17.733689591521955], [33.57266505210548, 17.73369124337653], [33.572665913549116, 17.733962396341795], [33.57238296288556, 17.733963221670766], [33.57238382391895, 17.734234374641947], [33.57181792169469, 17.734236024103208], [33.571815341193975, 17.733422565086574], [33.571532391335595, 17.733423389165203], [33.571534110802936, 17.73396569521064], [33.5712511600781, 17.733966518908247], [33.57124944146191, 17.733424212836], [33.570400591749056, 17.733426681401426], [33.57040230781181, 17.73396898755402], [33.56983640622454, 17.733970631278673], [33.569837263427665, 17.734241784370454], [33.56842250706457, 17.734245886611617], [33.56842336215498, 17.73451703976263], [33.568140410411054, 17.734517859000654], [33.56814126509111, 17.734789012157478], [33.56700945626089, 17.734792285084286], [33.56701030925371, 17.735063438286854], [33.56672735658256, 17.735064255512192], [33.56672820916496, 17.735335408720545], [33.566445256053, 17.73533622555131], [33.56644610822495, 17.735607378765433], [33.5661631546722, 17.735608195201618]], [[33.573787359312924, 17.730705255513417], [33.57435325025826, 17.73070360069249], [33.574352386445774, 17.7304324477177], [33.57378649635142, 17.73043410251169], [33.573787359312924, 17.730705255513417]], [[33.57462409777692, 17.726906630527598], [33.575189976717716, 17.726904973637776], [33.57518738214417, 17.726091514496346], [33.574904443957585, 17.726092343104618], [33.57490185079873, 17.725278883855037], [33.57433597693148, 17.725280539767752], [33.574338567538234, 17.726093999098218], [33.57377269105736, 17.726095653461233], [33.57377355377297, 17.726366806583286], [33.57405649244647, 17.72636597959214], [33.57405735560283, 17.726637132693206], [33.57462323375442, 17.726635477461006], [33.57462409777692, 17.726906630527598]], [[33.5768867457446, 17.72662884022577], [33.57801850136912, 17.726625511824327], [33.57801763225756, 17.726354358912456], [33.57830057069964, 17.726353525806516], [33.57829970117819, 17.726082372900695], [33.576885010939904, 17.726086534286132], [33.5768867457446, 17.72662884022577]], [[33.57235799958636, 17.726099782234936], [33.5729238762208, 17.726098131948397], [33.57292215338778, 17.725555825601027], [33.57263921592893, 17.72555665092125], [33.57263835496078, 17.725285497722844], [33.57207248084778, 17.725287147113523], [33.57207334096525, 17.72555830033878], [33.572356278454755, 17.725557475833828], [33.57235799958636, 17.726099782234936]], [[33.578580899332295, 17.725539233593597], [33.57914677358684, 17.72553756542493], [33.57914590283585, 17.725266412537277], [33.57858002943198, 17.725268080678784], [33.578580899332295, 17.725539233593597]]]}, "properties": {"zone_id": "scene_02-Z0201", "scene": "scene_02", "pixel_count": 1351, "approx_area_m2": 1215900.0, "centroid_x": 560788.7342709104, "centroid_y": 1960290.266469282, "centroid_lon": 33.573345406266405, "centroid_lat": 17.728946444109496, "mean_risk": 2.2625601291656494, "max_risk": 3.218538999557495, "median_risk": 2.2549498081207275, "high_priority_pixel_pct": 100.0, "priority_category": "HIGH PRIORITY", "threshold_type": "95th percentile prioritisation threshold", "recommendation": "Spectral-stress evidence detected. Prioritise field inspection to determine the underlying cause. Field verification required.", "priority_rank": 84}}, {"type": "Feature", "geometry": {"type": "Polygon", "coordinates": [[[33.48098913883885, 17.734208461755873], [33.48098841528756, 17.733937304785822], [33.48013955082168, 17.733939383080155], [33.48013882856008, 17.73366822606878], [33.47985587413799, 17.733668918006572], [33.47985443050456, 17.733126603938747], [33.48013738407546, 17.73312591202348], [33.48013666185245, 17.732854754989567], [33.48041961498492, 17.732854062677728], [33.48041889234919, 17.732582905647565], [33.48070184504322, 17.732582212939164], [33.48070039895926, 17.732039898878877], [33.481266302606436, 17.73203851228372], [33.48126847430508, 17.732851983295177], [33.48155142738603, 17.732851289351988], [33.48155215173694, 17.733122446329492], [33.481835105230566, 17.73312175196717], [33.48183583001997, 17.73339290892586], [33.48155287610076, 17.73339360329949], [33.48155504926958, 17.734207074164413], [33.48098913883885, 17.734208461755873]]]}, "properties": {"zone_id": "scene_02-Z0202", "scene": "scene_02", "pixel_count": 32, "approx_area_m2": 28800.0, "centroid_x": 550981.875, "centroid_y": 1960737.1875, "centroid_lon": 33.48086274639201, "centroid_lat": 17.73323429466017, "mean_risk": 1.8128528594970703, "max_risk": 1.904094934463501, "median_risk": 1.8077741861343384, "high_priority_pixel_pct": 100.0, "priority_category": "HIGH PRIORITY", "threshold_type": "95th percentile prioritisation threshold", "recommendation": "Spectral-stress evidence detected. Prioritise field inspection to determine the underlying cause. Field verification required.", "priority_rank": 361}}, {"type": "Feature", "geometry": {"type": "Polygon", "coordinates": [[[33.555122108644305, 17.733741641722855], [33.55512043857363, 17.733199334129246], [33.55540338888186, 17.733198533717786], [33.555401718019546, 17.732656226120152], [33.55568466746178, 17.732655425326936], [33.55568299580789, 17.732113117725298], [33.555400047216736, 17.73211391849244], [33.55539837647344, 17.731571610834656], [33.55596427193876, 17.73157000894471], [33.55596594438417, 17.732112316550353], [33.55653184149202, 17.73211071297706], [33.55653351569916, 17.73265302050042], [33.55625056630159, 17.73265382251707], [33.55625223971725, 17.733196130036465], [33.55596928945368, 17.733196931671397], [33.555970125758286, 17.733468085432857], [33.55540422433533, 17.733469687505323], [33.55540505980368, 17.733740841285343], [33.555122108644305, 17.733741641722855]]]}, "properties": {"zone_id": "scene_02-Z0203", "scene": "scene_02", "pixel_count": 20, "approx_area_m2": 18000.0, "centroid_x": 558928.5, "centroid_y": 1960693.5, "centroid_lon": 33.555811952904286, "centroid_lat": 17.73264150714756, "mean_risk": 1.9382644891738892, "max_risk": 2.1943814754486084, "median_risk": 1.9279937744140625, "high_priority_pixel_pct": 100.0, "priority_category": "HIGH PRIORITY", "threshold_type": "95th percentile prioritisation threshold", "recommendation": "Spectral-stress evidence detected. Prioritise field inspection to determine the underlying cause. Field verification required.", "priority_rank": 244}}, {"type": "Feature", "geometry": {"type": "Polygon", "coordinates": [[[33.56219165488785, 17.732365741031447], [33.56218996368921, 17.73182343401799], [33.56162406803142, 17.731825053876847], [33.56162322330573, 17.73155390033247], [33.56020848602574, 17.731557942777467], [33.560207643442666, 17.731286789159775], [33.55964174927661, 17.731288403257008], [33.55964090755955, 17.731017249605518], [33.55907501418454, 17.731018862045392], [33.55907249167624, 17.73020540096708], [33.55935543709476, 17.730204594990386], [33.559353754646494, 17.729662287593484], [33.55793903165895, 17.729666313268353], [33.55793987074824, 17.729937467036102], [33.557656925680405, 17.729938270960943], [33.55765524836768, 17.729395963391774], [33.55822113678656, 17.729394355186695], [33.55822029730169, 17.72912320141701], [33.55850324106325, 17.72912239671598], [33.55850240116789, 17.728851242951876], [33.558785344489046, 17.72885043785622], [33.55878366389233, 17.728308130331673], [33.55906660634765, 17.728307324854526], [33.55906408428858, 17.727493863550656], [33.55934702545268, 17.727493057705164], [33.55934618437087, 17.72722190393529], [33.55906324363217, 17.727222709767666], [33.55906240299073, 17.726951555977156], [33.55877946266245, 17.726952361388737], [33.558777782275264, 17.72641005375894], [33.558494842782785, 17.726410858736635], [33.55849316330619, 17.72586855105056], [33.55877610194794, 17.725867746099073], [33.558774421680475, 17.725325438409136], [33.55905735945656, 17.725324633076234], [33.55905651891993, 17.7250534792331], [33.5593394562557, 17.725052673505683], [33.559340297217666, 17.725323827335696], [33.56047204811222, 17.72532060029722], [33.56047036280059, 17.724778292734765], [33.56103623645649, 17.72477667682236], [33.56103454950362, 17.724234369282463], [33.56131748545839, 17.724233560741165], [33.56131664157919, 17.723962406973104], [33.56188251259301, 17.723960788694043], [33.561883357322834, 17.724231942435747], [33.56216629323249, 17.724231132671637], [33.56216713840268, 17.724502286392635], [33.5618842020677, 17.724503096169943], [33.56188758119768, 17.725587711031533], [33.56160464314632, 17.725588520453936], [33.56160633195088, 17.726130827865987], [33.56188927085295, 17.726130018417226], [33.561890115703164, 17.726401172098793], [33.56160717637572, 17.72640198156073], [33.56161055422551, 17.72748659626455], [33.56047878995919, 17.72748983024634], [33.56048047557104, 17.728032137658438], [33.560763417510984, 17.72803132974821], [33.56076594731764, 17.728844790770516], [33.56104889051885, 17.728843982413117], [33.56104973424322, 17.729115136059026], [33.5621815085995, 17.72911189849954], [33.56217897236622, 17.72829843769738], [33.56246191464135, 17.72829762732777], [33.56246529801761, 17.72938224166284], [33.56218235404071, 17.729383052085215], [33.56218319949698, 17.729654205663376], [33.561900255079564, 17.72965501569121], [33.56190110012542, 17.72992616927504], [33.5621840449683, 17.729925359234024], [33.56218573595612, 17.73046766635275], [33.562468681634904, 17.73046685587761], [33.56246952757689, 17.7307380094125], [33.56218658147262, 17.730738819900843], [33.56218742700418, 17.731009973441406], [33.56247037353395, 17.731009162939877], [33.56247121950607, 17.731280316459724], [33.562754166446275, 17.731279505537223], [33.56275755218752, 17.732364119488643], [33.56219165488785, 17.732365741031447]], [[33.56048806156749, 17.73047252064073], [33.560771007336506, 17.73047171261213], [33.560770163962474, 17.73020055899066], [33.56048721861894, 17.73020136700611], [33.56048806156749, 17.73047252064073]], [[33.5596383824983, 17.730203788605948], [33.56048721861894, 17.73020136700611], [33.560486375685414, 17.729930213363968], [33.559637540841194, 17.72993263492438], [33.5596383824983, 17.730203788605948]], [[33.561617310647094, 17.7296558253113], [33.561900255079564, 17.72965501569121], [33.56189941004875, 17.729383862099862], [33.56161646604175, 17.729384671706775], [33.561617310647094, 17.7296558253113]], [[33.558786184809854, 17.729121591607214], [33.55906912854149, 17.72912078609073], [33.559068287795235, 17.72884963235285], [33.558785344489046, 17.72885043785622], [33.558786184809854, 17.729121591607214]], [[33.55934366121532, 17.726408442580567], [33.56019247951304, 17.72640602275557], [33.560190794932055, 17.72586371522696], [33.559059040574724, 17.72586694073994], [33.559059881156266, 17.726138094560522], [33.559342820193436, 17.726137288780624], [33.55934366121532, 17.726408442580567]]]}, "properties": {"zone_id": "scene_02-Z0204", "scene": "scene_02", "pixel_count": 270, "approx_area_m2": 243000.0, "centroid_x": 559433.0, "centroid_y": 1960260.4444444445, "centroid_lon": 33.56055804662785, "centroid_lat": 17.728713823561144, "mean_risk": 2.0400986671447754, "max_risk": 3.2018814086914062, "median_risk": 1.9632658958435059, "high_priority_pixel_pct": 100.0, "priority_category": "HIGH PRIORITY", "threshold_type": "95th percentile prioritisation threshold", "recommendation": "Spectral-stress evidence detected. Prioritise field inspection to determine the underlying cause. Field verification required.", "priority_rank": 184}}, {"type": "Feature", "geometry": {"type": "Polygon", "coordinates": [[[33.69262197352889, 17.730050804431986], [33.69261884867381, 17.729237364099635], [33.692901785327614, 17.729236365707983], [33.69290282735283, 17.729507512476722], [33.693185764413485, 17.729506513661114], [33.693186806882686, 17.729777660406054], [33.69290386939661, 17.729778659237912], [33.692904911458946, 17.730049805991573], [33.69262197352889, 17.730050804431986]]]}, "properties": {"zone_id": "scene_02-Z0205", "scene": "scene_02", "pixel_count": 115, "approx_area_m2": 103500.0, "centroid_x": 573473.4782608695, "centroid_y": 1960582.956521739, "centroid_lon": 33.692989317518574, "centroid_lat": 17.731206023494774, "mean_risk": 2.0093514919281006, "max_risk": 2.5237584114074707, "median_risk": 1.9653385877609253, "high_priority_pixel_pct": 100.0, "priority_category": "HIGH PRIORITY", "threshold_type": "95th percentile prioritisation threshold", "recommendation": "Spectral-stress evidence detected. Prioritise field inspection to determine the underlying cause. Field verification required.", "priority_rank": 198}}, {"type": "Feature", "geometry": {"type": "Polygon", "coordinates": [[[33.68838722048498, 17.732506054889953], [33.688386185063564, 17.7322349079449], [33.68866912667482, 17.732233915490898], [33.68866394771697, 17.730878180733313], [33.68894688718239, 17.730877187952352], [33.68894481487748, 17.730334894028864], [33.689510692051165, 17.730332907308433], [33.68950861811832, 17.729790613419475], [33.689791555826595, 17.729789619480037], [33.68979259320921, 17.73006076641211], [33.6903584694212, 17.730058777277755], [33.69036054594362, 17.730601071054526], [33.69007760699599, 17.730602065857944], [33.69007864485948, 17.73087321275121], [33.68979570546792, 17.730874207163087], [33.689796742924436, 17.731145354065006], [33.689513803088936, 17.73114634808534], [33.68951484013846, 17.731417494995892], [33.689231899859024, 17.731418488624655], [33.68923397316253, 17.7319607824555], [33.68895103201367, 17.731961775708857], [33.68895310454002, 17.73250406954187], [33.68838722048498, 17.732506054889953]]]}, "properties": {"zone_id": "scene_02-Z0206", "scene": "scene_02", "pixel_count": 27, "approx_area_m2": 24300.0, "centroid_x": 573085.5555555555, "centroid_y": 1960560.0, "centroid_lon": 33.689329897768694, "centroid_lat": 17.73101141867664, "mean_risk": 1.9134521484375, "max_risk": 2.3093369007110596, "median_risk": 1.8950481414794922, "high_priority_pixel_pct": 100.0, "priority_category": "HIGH PRIORITY", "threshold_type": "95th percentile prioritisation threshold", "recommendation": "Spectral-stress evidence detected. Prioritise field inspection to determine the underlying cause. Field verification required.", "priority_rank": 276}}, {"type": "Feature", "geometry": {"type": "Polygon", "coordinates": [[[33.55709271117047, 17.730482185178804], [33.557091035499916, 17.729939877587395], [33.557373980597625, 17.729939074478047], [33.55737481885092, 17.730210228264433], [33.55765776435917, 17.73020942473425], [33.55765860305288, 17.730480578500043], [33.55709271117047, 17.730482185178804]]]}, "properties": {"zone_id": "scene_02-Z0207", "scene": "scene_02", "pixel_count": 27, "approx_area_m2": 24300.0, "centroid_x": 559156.6666666666, "centroid_y": 1960557.7777777778, "centroid_lon": 33.557960143143426, "centroid_lat": 17.731408682484936, "mean_risk": 1.82966148853302, "max_risk": 1.9501471519470215, "median_risk": 1.8271535634994507, "high_priority_pixel_pct": 100.0, "priority_category": "HIGH PRIORITY", "threshold_type": "95th percentile prioritisation threshold", "recommendation": "Spectral-stress evidence detected. Prioritise field inspection to determine the underlying cause. Field verification required.", "priority_rank": 351}}, {"type": "Feature", "geometry": {"type": "Polygon", "coordinates": [[[33.5638876503009, 17.731818564654457], [33.56388680217104, 17.73154741121571], [33.56360385486567, 17.73154822378255], [33.56360215950228, 17.731005916856034], [33.56303626654828, 17.731007540713495], [33.56303287940656, 17.729922926664504], [33.56331582418917, 17.72992211499251], [33.56331497701597, 17.729650961474675], [33.56359792135802, 17.729650149408158], [33.56359622620599, 17.729107842376376], [33.563879169682025, 17.729107029928574], [33.56387832170321, 17.72883587641463], [33.5641612647387, 17.728835063572337], [33.564160416349544, 17.728563910064107], [33.56500924408903, 17.72856146913066], [33.56501009375449, 17.728832622599153], [33.5652930367295, 17.728831808125992], [33.56529388683553, 17.7291029615737], [33.565859773591, 17.729101331377695], [33.56586062456308, 17.72937248479135], [33.56614356834354, 17.729371669068485], [33.566144419756235, 17.72964282246134], [33.566427363946985, 17.729642006317455], [33.56642821580031, 17.729913159689513], [33.56699410498722, 17.729911526151945], [33.56699495770666, 17.730182679489882], [33.56727790270281, 17.730181862096178], [33.56728046222873, 17.730995322024967], [33.56699751595611, 17.73099613945859], [33.56699836873631, 17.731267292766454], [33.566715422023, 17.731268109805605], [33.56671627439287, 17.73153926311925], [33.5661503800697, 17.731540896000805], [33.56614952855085, 17.73126974266058], [33.56586658179203, 17.731270558476403], [33.56586743288537, 17.731541711829905], [33.56530153847123, 17.731543342264768], [33.565298987789724, 17.730729882102093], [33.56501604183646, 17.730730696668065], [33.565017741424654, 17.73127300347722], [33.56473479460524, 17.73127381766194], [33.56473564399653, 17.73154497106849], [33.56416974946132, 17.731546598241085], [33.564170598016695, 17.731817751666604], [33.5638876503009, 17.731818564654457]], [[33.56388595405629, 17.731276257769437], [33.56416890092106, 17.73127544480805], [33.56416720388587, 17.73073313791941], [33.563884257872104, 17.730733950854333], [33.56388595405629, 17.731276257769437]], [[33.56501519206506, 17.730459543252206], [33.565581083105485, 17.730457913739013], [33.565579381906176, 17.729915606937798], [33.565013492567665, 17.729917236397938], [33.56501519206506, 17.730459543252206]]]}, "properties": {"zone_id": "scene_02-Z0208", "scene": "scene_02", "pixel_count": 108, "approx_area_m2": 97200.0, "centroid_x": 559906.3888888889, "centroid_y": 1960432.2222222222, "centroid_lon": 33.565027646193734, "centroid_lat": 17.73025362980421, "mean_risk": 2.8620758056640625, "max_risk": 4.219473838806152, "median_risk": 2.8911566734313965, "high_priority_pixel_pct": 100.0, "priority_category": "HIGH PRIORITY", "threshold_type": "95th percentile prioritisation threshold", "recommendation": "Spectral-stress evidence detected. Prioritise field inspection to determine the underlying cause. Field verification required.", "priority_rank": 21}}, {"type": "Feature", "geometry": {"type": "Polygon", "coordinates": [[[33.68045971864292, 17.731177941450493], [33.6804566484488, 17.730364499130843], [33.6810225267233, 17.730362536873514], [33.68102150251082, 17.730091389450493], [33.681304441195266, 17.73009040772622], [33.681305465833184, 17.730361555133257], [33.681588404924824, 17.73036057298529], [33.681589430006426, 17.7306317203688], [33.68130649048935, 17.73063270253276], [33.68130853985641, 17.731174997309143], [33.68045971864292, 17.731177941450493]], [[33.680741635223924, 17.7309058130614], [33.68102457520296, 17.730904831696925], [33.681023550954, 17.730633684288982], [33.68074061140043, 17.730634665637485], [33.680741635223924, 17.7309058130614]]]}, "properties": {"zone_id": "scene_02-Z0209", "scene": "scene_02", "pixel_count": 10, "approx_area_m2": 9000.0, "centroid_x": 572199.0, "centroid_y": 1960521.0, "centroid_lon": 33.68096716787606, "centroid_lat": 17.73068811007413, "mean_risk": 1.9235187768936157, "max_risk": 2.3396060466766357, "median_risk": 1.8656370639801025, "high_priority_pixel_pct": 100.0, "priority_category": "HIGH PRIORITY", "threshold_type": "95th percentile prioritisation threshold", "recommendation": "Spectral-stress evidence detected. Prioritise field inspection to determine the underlying cause. Field verification required.", "priority_rank": 262}}, {"type": "Feature", "geometry": {"type": "Polygon", "coordinates": [[[33.58933427167416, 17.726049564335117], [33.58933072738995, 17.724964954773316], [33.58904779168426, 17.724965803708518], [33.589043363810646, 17.72361004151792], [33.58932629738981, 17.723609192651832], [33.58932541143713, 17.723338040204972], [33.58989127769753, 17.72333634127772], [33.58989216450078, 17.72360749369691], [33.59045803154856, 17.723605793111663], [33.590458919218186, 17.723876945495647], [33.59074185314365, 17.72387609457779], [33.59074274125438, 17.724147246940394], [33.59102567558932, 17.72414639560109], [33.59102656414118, 17.724417547942306], [33.59074362938094, 17.724418399295473], [33.59074451752331, 17.724689551643035], [33.59102745270887, 17.724688700276012], [33.59103011850691, 17.72550215723198], [33.590464245568, 17.725503859641588], [33.5904633578035, 17.725232707302734], [33.59018042173566, 17.725233557882245], [33.5901821964298, 17.725775862580132], [33.589899259495475, 17.725776712779705], [33.589900146440904, 17.72604786513121], [33.58933427167416, 17.726049564335117]]]}, "properties": {"zone_id": "scene_02-Z0210", "scene": "scene_02", "pixel_count": 177, "approx_area_m2": 159300.0, "centroid_x": 562647.1186440678, "centroid_y": 1960139.6610169492, "centroid_lon": 33.590868128767056, "centroid_lat": 17.727533243047482, "mean_risk": 1.9329107999801636, "max_risk": 2.4124066829681396, "median_risk": 1.8993648290634155, "high_priority_pixel_pct": 100.0, "priority_category": "HIGH PRIORITY", "threshold_type": "95th percentile prioritisation threshold", "recommendation": "Spectral-stress evidence detected. Prioritise field inspection to determine the underlying cause. Field verification required.", "priority_rank": 251}}, {"type": "Feature", "geometry": {"type": "Polygon", "coordinates": [[[33.68242388110007, 17.72683270804758], [33.682422854998, 17.72656156060656], [33.6827057880611, 17.726560577051902], [33.68270681458851, 17.726831724476913], [33.68242388110007, 17.72683270804758]]]}, "properties": {"zone_id": "scene_02-Z0211", "scene": "scene_02", "pixel_count": 90, "approx_area_m2": 81000.0, "centroid_x": 572425.6666666666, "centroid_y": 1960292.3333333333, "centroid_lon": 33.68309710313911, "centroid_lat": 17.72861393771748, "mean_risk": 1.984194278717041, "max_risk": 2.3271119594573975, "median_risk": 1.9731295108795166, "high_priority_pixel_pct": 100.0, "priority_category": "HIGH PRIORITY", "threshold_type": "95th percentile prioritisation threshold", "recommendation": "Spectral-stress evidence detected. Prioritise field inspection to determine the underlying cause. Field verification required.", "priority_rank": 215}}, {"type": "Feature", "geometry": {"type": "Polygon", "coordinates": [[[33.48069606101638, 17.730412956517778], [33.480693169311984, 17.72932832812687], [33.48097611688687, 17.729327635146014], [33.480974670260984, 17.72878532092807], [33.480691723537035, 17.728786013886364], [33.48069100066887, 17.728514856754845], [33.480408054357504, 17.728515549294126], [33.48040733192767, 17.72824439214383], [33.480973223686625, 17.72824300668009], [33.4809717771638, 17.727700692402074], [33.48068883214164, 17.727701385315243], [33.48068810932498, 17.727430228153697], [33.480405164715364, 17.727430920647883], [33.4804037199715, 17.726888606279715], [33.48012077619985, 17.726889298343664], [33.480120054272625, 17.726618141137042], [33.47983711091352, 17.72661883278204], [33.47983638942455, 17.72634767555666], [33.4804022752791, 17.726346291881516], [33.480401552952195, 17.726075134671152], [33.480684495434794, 17.726074442233337], [33.48068377269537, 17.72580328502674], [33.480117888568095, 17.725804669472154], [33.4801171666923, 17.725533512235515], [33.47983422503474, 17.72553420383547], [33.47983494648516, 17.72580536108337], [33.47926906228075, 17.72580674308281], [33.479269782893255, 17.72607790034571], [33.47870389778673, 17.72607928073697], [33.47870461756129, 17.726350438014837], [33.47842167456341, 17.726351127610183], [33.47842095521423, 17.72607997032109], [33.47757212741989, 17.726082036627435], [33.47757140935969, 17.725810879297185], [33.47700552495026, 17.725812254774], [33.477004807753595, 17.725541097413846], [33.476721865955085, 17.72554178452957], [33.47672114919656, 17.72527062715073], [33.47643820781066, 17.725271313847614], [33.47643749149026, 17.725000156450083], [33.47672043245081, 17.724999469764377], [33.47671971571781, 17.724728312370523], [33.477002656240245, 17.724727625288363], [33.47700337339859, 17.724998782671033], [33.47728631433359, 17.724998095170044], [33.47728703193006, 17.725269252534012], [33.47813585593442, 17.72526718755155], [33.47813513706186, 17.724996030221202], [33.479832782172465, 17.72499188931714], [33.4798320607606, 17.724720732046713], [33.4803979415107, 17.724719348506728], [33.480397219261, 17.724448191251334], [33.480680159191415, 17.72444749888116], [33.480679436529236, 17.724176341629523], [33.48039649702417, 17.724177033988415], [33.4803957748002, 17.723905876718003], [33.48011283570759, 17.723906568658006], [33.48011355750622, 17.724177725939693], [33.47983061797542, 17.724178417483344], [33.47982989660212, 17.72390726019039], [33.47926401835264, 17.723908642032324], [33.47926329784282, 17.723637484709368], [33.479829175241655, 17.723636102889945], [33.47982701123738, 17.722822630943547], [33.478695261492035, 17.72282539281703], [33.478694541884146, 17.72255423544157], [33.47812866778511, 17.722555613910316], [33.47812938654241, 17.722826771308217], [33.477563511541575, 17.722828148169047], [33.47756422946108, 17.72309930558187], [33.47643247760478, 17.72310205445719], [33.47643319383585, 17.723373211907266], [33.47615025541455, 17.72337389811828], [33.476149539608784, 17.72310274065703], [33.47586660160004, 17.723103426449264], [33.47586874777965, 17.723916898843996], [33.47558580848222, 17.723917584262118], [33.47558509350159, 17.723646426793557], [33.47530215461674, 17.723647111792904], [33.47530144007416, 17.723375954305673], [33.4750185016019, 17.723376638886272], [33.475017787497364, 17.72310548138039], [33.47445191136529, 17.723106849296478], [33.47444905847668, 17.72202221910881], [33.47586374020565, 17.72201879648455], [33.475864455535124, 17.722289953986984], [33.47699620239006, 17.722287208506575], [33.47699548535947, 17.722016051048847], [33.47727842161601, 17.72201536367099], [33.47727913907188, 17.722286521117525], [33.47756207574091, 17.7222858333209], [33.47756135785976, 17.722014675885564], [33.47784429409074, 17.722013987692563], [33.47784357579711, 17.721742830260936], [33.47812651159001, 17.721742141671577], [33.478125792883915, 17.721470984243656], [33.47869166358078, 17.7214696058647], [33.47869238313739, 17.72174076327018], [33.47954119036229, 17.721738692611343], [33.479541911207534, 17.72200984997559], [33.48067365569531, 17.72200708334619], [33.4806743782545, 17.722278240657875], [33.48152318776103, 17.722276161372477], [33.48152101629468, 17.721462689516475], [33.481238081081194, 17.721463382985313], [33.48123735771012, 17.721192225673665], [33.480954422909, 17.721192918723652], [33.48095514585482, 17.721464076046576], [33.480672210615566, 17.721464768700297], [33.480671488095, 17.721193611366093], [33.48038855326813, 17.721194303600978], [33.48038783118568, 17.720923146247994], [33.48010489677119, 17.72092383806406], [33.48010561842839, 17.721194995428313], [33.47982268357579, 17.721195686848095], [33.4798234048206, 17.721466844216103], [33.4795404695299, 17.721467535239587], [33.479539748710344, 17.721196377860327], [33.47897387894094, 17.721197758662147], [33.478973158984715, 17.72092660125289], [33.478407290014495, 17.720927980402035], [33.47840657092158, 17.72065682296282], [33.47812363684248, 17.720657511914858], [33.47812291818761, 17.72038635445691], [33.47783998452094, 17.7203870429902], [33.47783854810005, 17.71984472802936], [33.47670681670724, 17.71984747799761], [33.47670538373918, 17.719305162917188], [33.47642245170945, 17.719305849368094], [33.47642173566976, 17.71903469180544], [33.47585587242243, 17.719036063462397], [33.475855157245874, 17.718764905869904], [33.4747234322991, 17.71876764424922], [33.474722718836, 17.718496486604618], [33.47443978799268, 17.71849717016958], [33.47443693596805, 17.717412539471603], [33.47471986511073, 17.71741185595117], [33.474719151711184, 17.717140698269052], [33.475002080416004, 17.717140014352303], [33.47500065280481, 17.71659769898783], [33.475566508475765, 17.716596329976575], [33.475565793839, 17.716325172305385], [33.47641457597455, 17.71632311576621], [33.47641529188666, 17.7165942734039], [33.47698114743015, 17.716592900318258], [33.47698186420527, 17.716864057926074], [33.47811357683943, 17.716861306820707], [33.47811429532785, 17.717132464376213], [33.47839722387953, 17.71713177557004], [33.478397942805906, 17.71740293310682], [33.478963800721104, 17.71740155424965], [33.47896308094446, 17.717130396735335], [33.47952893795809, 17.717129016270825], [33.479528217344, 17.716857858771483], [33.479811145406416, 17.71685716793931], [33.47981042438005, 17.71658601044372], [33.48037627961609, 17.716584627579557], [33.480375557752325, 17.716313470098996], [33.48094141208668, 17.71631208562763], [33.48094213480067, 17.71658324308564], [33.48065920721481, 17.71658393553632], [33.48066065183117, 17.71712625045239], [33.481226508690526, 17.71712486509847], [33.481225062373646, 17.716582550227525], [33.482356772536626, 17.716579774720692], [33.48235604769705, 17.716308617319182], [33.48263897478041, 17.716307922435202], [33.48263752428981, 17.715765607632296], [33.48235459805666, 17.71576630249364], [33.48235314846793, 17.715223987638083], [33.48207022307205, 17.715224682069387], [33.48207094743487, 17.715495839512233], [33.48178802160099, 17.715496533547434], [33.481788745551626, 17.715767690994078], [33.481505819279754, 17.715768384633172], [33.481505095754216, 17.715497227175227], [33.47839291059035, 17.715504830191794], [33.478392191753656, 17.715233672602487], [33.477826340589026, 17.71523504965035], [33.4778256226153, 17.71496389203111], [33.475279295567724, 17.714970068479314], [33.475277153200075, 17.71415659527472], [33.47584300119398, 17.71415522564941], [33.47584228624678, 17.713884067921857], [33.47753982737216, 17.713879949335922], [33.47753767495639, 17.713066476309535], [33.477254752742525, 17.71306716372536], [33.47725188473387, 17.711982532873677], [33.47696896420726, 17.711983219837375], [33.47696824766203, 17.71171206209451], [33.476402407420466, 17.711713434777565], [33.476403123115716, 17.711984592542795], [33.4761202025508, 17.711985278284512], [33.47612091783381, 17.712256436053423], [33.47583799683116, 17.71225712139898], [33.47583728197315, 17.711985963618908], [33.475554361382756, 17.711986648545977], [33.47555364696247, 17.711715490747245], [33.47527072678433, 17.711716175255827], [33.475270012801765, 17.71144501743845], [33.47555293255492, 17.711444332941007], [33.47555221816011, 17.71117317512728], [33.476118056778276, 17.711171804932793], [33.47611877202304, 17.711442962724206], [33.47668461144015, 17.71144159087814], [33.47668389534544, 17.711170433109086], [33.47696681460989, 17.711169746586272], [33.47696609810297, 17.710898588820903], [33.47724901692968, 17.710897901901976], [33.47724830001058, 17.7106267441403], [33.47753121839955, 17.710626056825273], [33.47753050106827, 17.710354899067287], [33.47866217279641, 17.71035214577912], [33.47866145377815, 17.710080988058497], [33.47894437125322, 17.710080298729473], [33.478943651822846, 17.709809141012585], [33.479226568860156, 17.709808451287522], [33.479225849017666, 17.70953729357437], [33.47950876561722, 17.70953660345328], [33.479507325120906, 17.708994288026968], [33.47894149360864, 17.70899566781691], [33.47894077422955, 17.708724510070013], [33.478657858879075, 17.708725199342876], [33.47865713993771, 17.70845404157725], [33.47978879956303, 17.708451282087296], [33.479790961524444, 17.709264755226766], [33.48007387767339, 17.709264064302406], [33.48007243550312, 17.70872174890611], [33.480355350789395, 17.70872105759702], [33.480354629298645, 17.708449899898884], [33.481486288615486, 17.708447130635204], [33.481487011805825, 17.708718288288207], [33.48176992702772, 17.708717594942893], [33.48176847981014, 17.708175279651982], [33.48205139416936, 17.708174585922034], [33.48205067015504, 17.707903428276627], [33.48289941188056, 17.707901344677342], [33.48290158778625, 17.70871481748918], [33.48318450294358, 17.708714122107637], [33.483183777203855, 17.708442964522526], [33.483466691923354, 17.70844226874508], [33.48346596577168, 17.708171111163804], [33.48403179432205, 17.708169718409895], [33.4840325213235, 17.708440875968474], [33.48459835067181, 17.70843948156292], [33.48459762282059, 17.708168324027067], [33.48516345126723, 17.708166928015306], [33.48516272257922, 17.707895770494705], [33.48487980878727, 17.70789646869282], [33.48487908053712, 17.70762531115333], [33.48516199390419, 17.707624612966594], [33.485161265242155, 17.707353455430983], [33.485727091087604, 17.707352057858632], [33.485726361588846, 17.707080900338294], [33.486575098984886, 17.707078800959902], [33.48657436822458, 17.706807643466277], [33.486857280239036, 17.706806942870493], [33.486856549066914, 17.70653578538079], [33.48713946064349, 17.706535084389227], [33.48713872905957, 17.706263926903443], [33.48742164019827, 17.706263225516132], [33.48742383626369, 17.707076697916687], [33.487140923850454, 17.707077399338292], [33.48714311875872, 17.70789087170563], [33.48742603244655, 17.707890170249723], [33.487426764533595, 17.70816132767907], [33.48686093629515, 17.70816273020651], [33.486862398808846, 17.708705045088408], [33.48742822874685, 17.708703642515246], [33.48743042516462, 17.709517114713265], [33.48827917379792, 17.709515007696208], [33.48827990723805, 17.70978616504621], [33.48856282384794, 17.7097854618812], [33.48856355772608, 17.710056619212242], [33.488846474747824, 17.7100559156285], [33.48884427187788, 17.709242443647277], [33.488561356130916, 17.709243147196617], [33.48856062229202, 17.708971989843075], [33.48799479160867, 17.708973395697083], [33.48799332566971, 17.708431080921663], [33.48771041115824, 17.708431783214902], [33.48770967863325, 17.708160625804506], [33.48827550679337, 17.70815922083368], [33.48827477343168, 17.70788806343867], [33.48884060068974, 17.707886656861852], [33.48883986649139, 17.707615499482262], [33.48855695329376, 17.707616202962818], [33.48855621953334, 17.707345045564264], [33.48968787054583, 17.707342229244638], [33.489687135099075, 17.707071071884474], [33.49110169644535, 17.707067542380248], [33.49110022134271, 17.706525227752465], [33.491383132722866, 17.706524520653055], [33.49138239476644, 17.706253363339442], [33.49166530570861, 17.706252655844374], [33.491664567340514, 17.705981498534783], [33.49194747784469, 17.70598079064408], [33.491948955443696, 17.706523105232684], [33.492231866784365, 17.706522396911712], [33.492232606028466, 17.706793554183218], [33.49279842951993, 17.706792136296603], [33.49279990974708, 17.7073344507709], [33.49308282232273, 17.707333741193672], [33.493083562880955, 17.707604898408], [33.49251773686674, 17.70760631717837], [33.49251699715824, 17.707335159940918], [33.491951171941004, 17.707336577059333], [33.491953388556844, 17.708150048818464], [33.49167047465385, 17.70815075680147], [33.491671213127255, 17.708421914051048], [33.49138829878621, 17.708422621638352], [33.49138903684789, 17.70869377889196], [33.4911061220688, 17.70869448608356], [33.49110685971873, 17.708965643341188], [33.490541029271306, 17.708967056525683], [33.49054397660314, 17.710051685573283], [33.49026105966005, 17.71005239160068], [33.49026400550223, 17.711137020574252], [33.49054692414513, 17.711136314500845], [33.490548397994935, 17.711678628919607], [33.490831317474644, 17.711677922415873], [33.49083500445399, 17.713033708273908], [33.490552082849284, 17.7130344148352], [33.49055355688297, 17.71357672914891], [33.491402324207826, 17.71357460817388], [33.49140306251949, 17.71384576528493], [33.49168598535984, 17.713845057466994], [33.4916867241097, 17.714116214559], [33.49112087756575, 17.714117629810556], [33.49112013966598, 17.71384647269549], [33.49027137102657, 17.71384859248297], [33.490272107651215, 17.714119749632573], [33.4899891843201, 17.714120455425164], [33.489989920532814, 17.71439161257876], [33.490272844288974, 17.71439090677467], [33.490274317603884, 17.71493322103635], [33.49055724219705, 17.71493251480187], [33.490557979299275, 17.71520367190995], [33.490275054281035, 17.71520437815593], [33.49027579097131, 17.715475535268016], [33.48970994004529, 17.71547694656077], [33.48970920420518, 17.7152057894257], [33.48942627914757, 17.715206494449475], [33.489425543745654, 17.714935337295415], [33.48970846837818, 17.714934632283125], [33.48970552520132, 17.713850003637784], [33.48942260226903, 17.713850708604138], [33.48941819044724, 17.712223765342102], [33.48970111082942, 17.712223060444657], [33.48969743254675, 17.710867274244045], [33.48941451428945, 17.71086797908406], [33.489415984713254, 17.711410293609784], [33.48913306559292, 17.711410998065464], [33.48913233079944, 17.711139840794875], [33.488849412090985, 17.711140544831775], [33.488847943393225, 17.710598230245147], [33.488282107636884, 17.710599637051196], [33.48828284112931, 17.710870794371182], [33.48771700447076, 17.710872199570964], [33.48771846979497, 17.711414514234225], [33.488001388980706, 17.711413811815092], [33.488004321485775, 17.712498441005803], [33.486872637864664, 17.712501248421443], [33.48687117498597, 17.711958933749607], [33.487719935171405, 17.71195682886748], [33.48771920247666, 17.7116856715546], [33.48687044356618, 17.711687776402435], [33.486869712159425, 17.711416619047764], [33.4865867929215, 17.71141731983766], [33.48658460005434, 17.710603847694376], [33.48601876408919, 17.710605247983782], [33.48601803400942, 17.71033409056486], [33.48573511643227, 17.710334790087234], [33.48573584608709, 17.710605947517553], [33.48545292807198, 17.71060664664403], [33.485454386570716, 17.711148961504936], [33.48517146769269, 17.7111496602469], [33.48517073886179, 17.710878502808814], [33.484887820395734, 17.710879201132087], [33.484886363622806, 17.71033688621064], [33.48403761069651, 17.7103389786685], [33.48403906491972, 17.71088129365813], [33.483473227870896, 17.71088268663901], [33.483471775347496, 17.71034037160398], [33.48375469302848, 17.71033967533988], [33.483751786437296, 17.709255045225188], [33.48346887045603, 17.709255741443908], [33.483470322875874, 17.709798056538947], [33.483187406031824, 17.709798752373086], [33.4831917610523, 17.711425697546193], [33.48347468044607, 17.711425001644027], [33.4834790384823, 17.713051946479023], [33.48376196041312, 17.713051250101465], [33.48376632146565, 17.714678194598278], [33.48348339698457, 17.71467889104391], [33.48348412344693, 17.71495004844513], [33.4843328981265, 17.71494795785202], [33.48433217038894, 17.714676800484856], [33.48716141422602, 17.714669805474315], [33.48716214621429, 17.71494096272752], [33.487445070951445, 17.7149402609744], [33.48745386092955, 17.718194147290344], [33.48773679075507, 17.718193444992547], [33.48773898981882, 17.719006916368354], [33.48802192090681, 17.719006213628752], [33.48802265437937, 17.719277370727557], [33.488588517366516, 17.719275964002954], [33.48858925170254, 17.719547121071344], [33.488872183601686, 17.719546417086324], [33.488872918376, 17.71981757413575], [33.489438782985424, 17.719816164920225], [33.48943951862326, 17.72008732193919], [33.490005384030674, 17.720085911070633], [33.49000612053205, 17.720357068059112], [33.49113785289023, 17.720354241385714], [33.491138591105646, 17.720625398320642], [33.49142152458756, 17.720624690621946], [33.49142078594692, 17.720353533698535], [33.4919866520208, 17.720352117101612], [33.49198591254288, 17.720080960193762], [33.49170297993775, 17.720081668684454], [33.49170224089821, 17.719810511757554], [33.490853444279466, 17.719812634749914], [33.49085196879112, 17.719270320804462], [33.49113490016013, 17.719269613570894], [33.491134162010475, 17.718998456598424], [33.49085123106666, 17.718999163820477], [33.490850493355346, 17.718728006828986], [33.491133423873976, 17.71872729961845], [33.491132685750635, 17.71845614263097], [33.49141561583094, 17.718455435024477], [33.491417092941134, 17.718997748968885], [33.491982954762975, 17.718996332487315], [33.49198221535093, 17.718725175541937], [33.49226514581691, 17.71872446670146], [33.49226440599288, 17.71845330976012], [33.49283026603493, 17.718451890879805], [33.49283100670931, 17.718723047798036], [33.49311393713572, 17.71872233773509], [33.49311690166601, 17.719806965286676], [33.492833969538836, 17.719807675395884], [33.49283545103278, 17.720349989149774], [33.493118384010394, 17.720349279017434], [33.49311912520239, 17.720620435871556], [33.492836191799555, 17.72062114601545], [33.49283767337269, 17.721163459724306], [33.493120607626004, 17.721162749557266], [33.49312283136046, 17.72197622002954], [33.49425457334465, 17.721973375146955], [33.49425605930252, 17.72251568866494], [33.49482193191633, 17.72251426373184], [33.494821188080216, 17.722243106999805], [33.49538705979045, 17.722241680459618], [33.49539003861674, 17.72332630724978], [33.49510710106709, 17.723327020770135], [33.49510858970922, 17.723869334143416], [33.49482565129568, 17.72387004727939], [33.494824163504184, 17.72332773388289], [33.4936924131201, 17.72333058225792], [33.493690928784, 17.722788268738626], [33.49312505521379, 17.722789690434237], [33.49312431391614, 17.722518533640173], [33.49284137753651, 17.72251924386504], [33.492843600193176, 17.723332714259392], [33.49256066252447, 17.723333424111345], [33.492565846208024, 17.725231521516314], [33.49228290554879, 17.72523223104154], [33.492286606448765, 17.726588014734734], [33.492569549234894, 17.726587305151746], [33.49257028987985, 17.72685846185631], [33.491721460205724, 17.72686058941688], [33.49171998148139, 17.72631827593097], [33.49087115424112, 17.726320399753202], [33.49087189232052, 17.726591556534494], [33.49030600657713, 17.72659297040063], [33.49030453213304, 17.72605065678451], [33.49002159009243, 17.72605136308306], [33.49002527417414, 17.72740714712455], [33.48974232999339, 17.727407853072897], [33.48974085717216, 17.726865539455844], [33.48945791382912, 17.726866244973518], [33.48945423413252, 17.725510460742036], [33.489171292903315, 17.725511165794625], [33.48917202839104, 17.725782322667417], [33.488606145042574, 17.72578373157257], [33.48860467578169, 17.7252414177736], [33.48832173493856, 17.72524212159176], [33.48832026658072, 17.724699807739835], [33.488037326575224, 17.724700511127445], [33.48803659284126, 17.72442935417877], [33.48775365324803, 17.7244300571473], [33.48775291995247, 17.724158900179667], [33.48746998077151, 17.724159602729127], [33.48746924791435, 17.72388844574255], [33.48718630914566, 17.72388914787296], [33.487188506480315, 17.72470261884446], [33.486622626351796, 17.72470402195097], [33.486624821251745, 17.72551749292346], [33.48690776259859, 17.725516791539764], [33.48690922678114, 17.72605910546104], [33.48662628458354, 17.726059806867575], [33.48662774796747, 17.72660212078166], [33.48634480490605, 17.726602821803358], [33.48634553619216, 17.72687397876055], [33.48577964917944, 17.726875379603705], [33.48577891874413, 17.7266042226237], [33.486061861831594, 17.726603522417374], [33.486060400149235, 17.726061208457644], [33.4863433423729, 17.726060507866443], [33.48634114867087, 17.725247036904765], [33.486058207723325, 17.725247737461743], [33.48605747694072, 17.724976580448093], [33.4854915958573, 17.724977980316314], [33.485493785691965, 17.725791451403115], [33.485210843854645, 17.725792150759922], [33.48521230295867, 17.726334464803035], [33.48549524564676, 17.726333765423448], [33.48549670565356, 17.726876079413753], [33.485213762114675, 17.726876778816102], [33.48521449171217, 17.72714793581137], [33.485497435676464, 17.72714723639763], [33.48549889576129, 17.727689550342877], [33.48521595094615, 17.7276902497794], [33.48521522132266, 17.72741909279914], [33.484932276919956, 17.727419791816565], [33.484930818562795, 17.72687747781077], [33.484647874997925, 17.726878176397747], [33.48464714626424, 17.72660701937221], [33.48408125994637, 17.726608415300372], [33.484080532076455, 17.726337258244598], [33.484363474816476, 17.72633656049572], [33.48436274653413, 17.7260654034438], [33.48351391955134, 17.726067495433355], [33.48351537357665, 17.7266098095978], [33.482666543924964, 17.72661189798633], [33.482667995449624, 17.727154212188758], [33.48295093953061, 17.72715351644428], [33.48295166573775, 17.7274246735229], [33.48238577671202, 17.72742606462682], [33.48238505135571, 17.72715490752554], [33.482102107248885, 17.727155602454637], [33.482103557123565, 17.7276979166723], [33.48238650208124, 17.72769722172058], [33.48239012912117, 17.729053007076775], [33.482107182036245, 17.729053702085064], [33.48210863209171, 17.729596016197608], [33.48182568414292, 17.72959671082077], [33.481826408764526, 17.729867867877083], [33.481260511977254, 17.729869255922736], [33.48126195955721, 17.73041157005804], [33.48069606101638, 17.730412956517778]], [[33.48125544585349, 17.727971156212664], [33.48182133668425, 17.727969768325185], [33.4818198876346, 17.727427454099917], [33.48125399850557, 17.72742884194222], [33.48125544585349, 17.727971156212664]], [[33.48407834854448, 17.725523787032238], [33.48436129000836, 17.725523089317438], [33.48435983353448, 17.724980775161043], [33.48407689292133, 17.72498147285312], [33.48407834854448, 17.725523787032238]], [[33.484359105317, 17.724709618071586], [33.48464204549183, 17.724708919983236], [33.48463985964121, 17.723895448703924], [33.48407398183058, 17.723896844404813], [33.48407543735002, 17.724439158643982], [33.484358377112486, 17.724438460974625], [33.484359105317, 17.724709618071586]], [[33.48775291995247, 17.724158900179667], [33.488035859120366, 17.72415819722259], [33.48803512541255, 17.723887040258894], [33.48775218666998, 17.72388774320453], [33.48775291995247, 17.724158900179667]], [[33.48746851507024, 17.723617288748464], [33.48803439171781, 17.723615883287696], [33.48803365803613, 17.723344726308984], [33.487467782239186, 17.72334613174687], [33.48746851507024, 17.723617288748464]], [[33.48435546442417, 17.723353832511695], [33.48463840247237, 17.723353134480174], [33.484637673907415, 17.723081977357044], [33.48435473628452, 17.723082675377196], [33.48435546442417, 17.723353832511695]], [[33.48378813372375, 17.72281291302999], [33.484354008157844, 17.722811518235186], [33.48435255194341, 17.722269203928654], [33.48378667921046, 17.722270598678026], [33.48378813372375, 17.72281291302999]], [[33.48859806475545, 17.722801005306586], [33.49029568657156, 17.72279677445708], [33.49029421249514, 17.722254460630733], [33.49001127640914, 17.722255166768292], [33.4900120130155, 17.722526323696716], [33.48859733026241, 17.722529848328264], [33.48859806475545, 17.722801005306586]], [[33.484634759777386, 17.721997348789444], [33.48520063158193, 17.72199595161737], [33.48519990223134, 17.721724794479456], [33.485482837688856, 17.72172409529345], [33.485482107925996, 17.721452938159413], [33.48576504294526, 17.721452238577243], [33.48576431277015, 17.721181081447092], [33.484915508949136, 17.721183178936794], [33.48491696676082, 17.721725493257896], [33.484634031277324, 17.72172619162878], [33.484634759777386, 17.721997348789444]], [[33.48576431277015, 17.721181081447092], [33.486047247351145, 17.721180381468763], [33.48604578618948, 17.72063806720875], [33.48576285245897, 17.72063876716428], [33.48576431277015, 17.721181081447092]], [[33.47925537308196, 17.72065475366148], [33.47982124112473, 17.720653372089565], [33.47982051991847, 17.720382214699043], [33.48010345349535, 17.720381523313044], [33.48010273187673, 17.720110365926267], [33.480385665015525, 17.720109674144005], [33.480384942984536, 17.719838516761], [33.479819077544505, 17.719839899895483], [33.479818356376796, 17.719568742482444], [33.47953542406272, 17.719569433427157], [33.479536144805216, 17.71984059085144], [33.47897027928811, 17.719841971540824], [33.478970999193024, 17.720113128980092], [33.47925393238321, 17.72011243882793], [33.47925537308196, 17.72065475366148]], [[33.47783854810005, 17.71984472802936], [33.47868734651032, 17.719842661274235], [33.478686627043444, 17.719571503816223], [33.478403694678036, 17.719572193130894], [33.47840297564918, 17.719301035654148], [33.47868590758938, 17.719300346350707], [33.47868446871973, 17.71875803139716], [33.4784015376299, 17.71875872067815], [33.47840081863948, 17.718487563178893], [33.47811788796202, 17.718488252041166], [33.47811716940958, 17.718217094523176], [33.4775513088666, 17.718218471002857], [33.477550591177284, 17.71794731345495], [33.47698473143348, 17.717948688282316], [33.47698544827247, 17.718219845852616], [33.476702517956234, 17.71822053266628], [33.47670395082218, 17.718762847806744], [33.47698688198876, 17.718762160970705], [33.47698759886606, 17.719033318518495], [33.477270530445054, 17.719032631263776], [33.47727196508838, 17.719574946314445], [33.4778378299088, 17.71957357053769], [33.47783854810005, 17.71984472802936]], [[33.48689092824832, 17.71928017928675], [33.487173859800656, 17.719279477758207], [33.48717239541973, 17.71873716348444], [33.48660653400275, 17.71873856608834], [33.486607265336325, 17.71900972325182], [33.486890196476516, 17.7190090221422], [33.48689092824832, 17.71928017928675]], [[33.48264622800888, 17.71901949599945], [33.482929159330816, 17.719018800594775], [33.48292843352463, 17.718747643283447], [33.482645502627875, 17.718748338676793], [33.48264622800888, 17.71901949599945]], [[33.48292843352463, 17.718747643283447], [33.483494295279314, 17.71874625127428], [33.4834935686357, 17.718475093978117], [33.48292770773136, 17.71847648596461], [33.48292843352463, 17.718747643283447]], [[33.48066426359732, 17.71848203761124], [33.481230124708205, 17.718480652144486], [33.4812294014789, 17.718209494750297], [33.48066354121835, 17.71821088019448], [33.48066426359732, 17.71848203761124]], [[33.48349211538732, 17.717932779363284], [33.484057974539205, 17.71793138579225], [33.48405506479667, 17.71684675656332], [33.483772136927776, 17.71684745350716], [33.48377140994967, 17.716576296169812], [33.484903119646965, 17.716573505995253], [33.484902390981354, 17.71630234869585], [33.484619464001604, 17.71630304683928], [33.484618735774085, 17.716031889521005], [33.48376995603232, 17.716033981472613], [33.48377068298452, 17.71630513882497], [33.4834877559529, 17.71630583533867], [33.48348848249294, 17.71657699269487], [33.48320555502326, 17.716577688812475], [33.48320628115112, 17.716848846172507], [33.48348920904592, 17.716848150043557], [33.48348993561185, 17.717119307384745], [33.48320700729192, 17.71712000352504], [33.483208459612335, 17.717662318207577], [33.48349138878255, 17.71766162204461], [33.48349211538732, 17.717932779363284]], [[33.48518750525928, 17.717115121986545], [33.4860362899077, 17.717113023786872], [33.486034829136514, 17.716570709301703], [33.48575190178363, 17.71657140908624], [33.4857526317376, 17.716842566343978], [33.48518677614258, 17.71684396471353], [33.48518750525928, 17.717115121986545]], [[33.4826397000451, 17.71657907982539], [33.482922627540646, 17.71657838452265], [33.482921901850844, 17.716307227143787], [33.48263897478041, 17.716307922435202], [33.4826397000451, 17.71657907982539]], [[33.482921901850844, 17.716307227143787], [33.48320482890834, 17.716306531444946], [33.48320410280636, 17.716035374069904], [33.482921176173974, 17.716036069757415], [33.482921901850844, 17.716307227143787]], [[33.48178512592746, 17.714411903685818], [33.482633898289464, 17.714409820493735], [33.48263317312817, 17.714138663043503], [33.48235024944547, 17.714139357836935], [33.482349524722146, 17.71386820036789], [33.48206660145158, 17.713868894742628], [33.48206587716621, 17.713597737254766], [33.48121710855221, 17.713599817900853], [33.48121855458559, 17.71414213293687], [33.481784402041335, 17.714140746201654], [33.48178512592746, 17.714411903685818]], [[33.478104955976946, 17.713607415569427], [33.47867080201523, 17.713606037841423], [33.47867008284317, 17.71333488021083], [33.47895300541806, 17.71333419074701], [33.47895372501515, 17.71360534836638], [33.47923664800225, 17.713604658483963], [33.47923592798013, 17.713333500875837], [33.47951885052936, 17.713332810597308], [33.479517409673555, 17.71279049538104], [33.47781987928611, 17.712794630807103], [33.477820597157475, 17.71306578848636], [33.478103519345765, 17.713065100255836], [33.478104955976946, 17.713607415569427]], [[33.48178078280419, 17.7127849586683], [33.48206370438754, 17.712784264746162], [33.48206225593297, 17.71224194970291], [33.481779335199626, 17.712242643602444], [33.48178078280419, 17.7127849586683]], [[33.47894868810481, 17.71170724487328], [33.47923160811683, 17.711706555069537], [33.479230888184524, 17.7114353974089], [33.47894796859749, 17.7114360872014], [33.47894868810481, 17.71170724487328]], [[33.48092334842226, 17.70953314673885], [33.481772097950824, 17.709531067823008], [33.4817713742969, 17.709259910203805], [33.48262012243461, 17.70925782765652], [33.48261939751884, 17.708986670063744], [33.481487735009054, 17.708989445933717], [33.48148845822518, 17.709260603571717], [33.48092262604309, 17.70926198908577], [33.48092334842226, 17.70953314673885]], [[33.4826208473633, 17.709528985241786], [33.482903763808295, 17.709528290233514], [33.48290303845468, 17.70925713265957], [33.48262012243461, 17.70925782765652], [33.4826208473633, 17.709528985241786]], [[33.483751786437296, 17.709255045225188], [33.4840347024056, 17.709254348599206], [33.48403397536528, 17.708983191063137], [33.48431689089571, 17.708982494041262], [33.484316163443445, 17.708711336509037], [33.48375033321941, 17.70871273012283], [33.483751786437296, 17.709255045225188]], [[33.484882721917685, 17.70898109877576], [33.48544855288773, 17.708979701881248], [33.48544782373584, 17.70870854439453], [33.486296568818695, 17.708706446032583], [33.48629583840513, 17.708435288572556], [33.48657875298182, 17.7084345883155], [33.48657802215638, 17.708163430859383], [33.48516345126723, 17.708166928015306], [33.48516490868222, 17.708709243034022], [33.48488199361561, 17.70870994126627], [33.484882721917685, 17.70898109877576]]]}, "properties": {"zone_id": "scene_02-Z0212", "scene": "scene_02", "pixel_count": 2744, "approx_area_m2": 2469600.0, "centroid_x": 551340.5357142857, "centroid_y": 1959058.9395043731, "centroid_lon": 33.48420482975141, "centroid_lat": 17.71805701796306, "mean_risk": 1.9281080961227417, "max_risk": 2.7596230506896973, "median_risk": 1.897768497467041, "high_priority_pixel_pct": 100.0, "priority_category": "HIGH PRIORITY", "threshold_type": "95th percentile prioritisation threshold", "recommendation": "Spectral-stress evidence detected. Prioritise field inspection to determine the underlying cause. Field verification required.", "priority_rank": 253}}, {"type": "Feature", "geometry": {"type": "Polygon", "coordinates": [[[33.701957859704564, 17.72974649439896], [33.701955748409006, 17.729204201916197], [33.70167281235283, 17.729205213353826], [33.70167175715866, 17.728934067084673], [33.70138882150909, 17.728935078098154], [33.7013877667591, 17.728663931805002], [33.70195363718865, 17.72866190940328], [33.70195469278943, 17.728933055663514], [33.70252056399456, 17.728931031598155], [33.70252373346215, 17.729744470234756], [33.701957859704564, 17.72974649439896]]]}, "properties": {"zone_id": "scene_02-Z0213", "scene": "scene_02", "pixel_count": 9, "approx_area_m2": 8100.0, "centroid_x": 574436.6666666666, "centroid_y": 1960363.3333333333, "centroid_lon": 33.702065720437226, "centroid_lat": 17.729188744789095, "mean_risk": 1.9207390546798706, "max_risk": 2.0526437759399414, "median_risk": 1.9010820388793945, "high_priority_pixel_pct": 100.0, "priority_category": "HIGH PRIORITY", "threshold_type": "95th percentile prioritisation threshold", "recommendation": "Spectral-stress evidence detected. Prioritise field inspection to determine the underlying cause. Field verification required.", "priority_rank": 266}}, {"type": "Feature", "geometry": {"type": "Polygon", "coordinates": [[[33.477581463366604, 17.729607081237447], [33.4775807451401, 17.7293359240048], [33.47729779741122, 17.729336612092656], [33.477295644084876, 17.728523140316064], [33.47757859053737, 17.728522452261814], [33.47757787236204, 17.72825129499913], [33.477860818376286, 17.728250606548357], [33.47786009978831, 17.727979449289382], [33.47814304536432, 17.72797876044209], [33.478142326363695, 17.727707603186822], [33.47729349087359, 17.7277096684719], [33.47729062010419, 17.72662503924124], [33.478139450489294, 17.726622974090663], [33.47814160737588, 17.727436445924052], [33.47842455208823, 17.72743575669149], [33.47842599092752, 17.727978071187096], [33.478991882015464, 17.727976691453947], [33.47899116173854, 17.727705534232356], [33.479839996997924, 17.727703461608495], [33.479842161696176, 17.72851693314951], [33.48012510803327, 17.728516241425684], [33.48012655208063, 17.729058555726294], [33.4798436048926, 17.729059247472637], [33.479842883287965, 17.728788090314822], [33.47955993651256, 17.728788781642177], [33.479558494192744, 17.728246467281515], [33.4792755482554, 17.72824715817863], [33.47927626898344, 17.728518315373968], [33.478993322607806, 17.7285190058746], [33.478994763251464, 17.72906132026522], [33.47871181601208, 17.729062010380588], [33.4787110961093, 17.728790853177802], [33.47814520244301, 17.728792232162867], [33.47814735963697, 17.729605703816063], [33.477581463366604, 17.729607081237447]], [[33.4775757179128, 17.72743782316605], [33.477858662650746, 17.7274371347489], [33.47785722556438, 17.72689482017839], [33.47757428167727, 17.726895508573126], [33.4775757179128, 17.72743782316605]]]}, "properties": {"zone_id": "scene_02-Z0214", "scene": "scene_02", "pixel_count": 48, "approx_area_m2": 43200.0, "centroid_x": 550720.0, "centroid_y": 1960184.375, "centroid_lon": 33.47837953771553, "centroid_lat": 17.728243694220595, "mean_risk": 1.7794585227966309, "max_risk": 1.8343462944030762, "median_risk": 1.7769112586975098, "high_priority_pixel_pct": 100.0, "priority_category": "HIGH PRIORITY", "threshold_type": "95th percentile prioritisation threshold", "recommendation": "Spectral-stress evidence detected. Prioritise field inspection to determine the underlying cause. Field verification required.", "priority_rank": 370}}, {"type": "Feature", "geometry": {"type": "Polygon", "coordinates": [[[33.588209597665056, 17.728222177055827], [33.5882087131457, 17.727951024681577], [33.587925772697915, 17.727951872138078], [33.58792488861972, 17.727680719742512], [33.58933958857399, 17.727676478452178], [33.589341361000216, 17.72821878309769], [33.588209597665056, 17.728222177055827]]]}, "properties": {"zone_id": "scene_02-Z0215", "scene": "scene_02", "pixel_count": 9, "approx_area_m2": 8100.0, "centroid_x": 562416.6666666666, "centroid_y": 1960183.3333333333, "centroid_lon": 33.5886959502553, "centroid_lat": 17.72793450019779, "mean_risk": 1.8560971021652222, "max_risk": 1.9821877479553223, "median_risk": 1.8089159727096558, "high_priority_pixel_pct": 100.0, "priority_category": "HIGH PRIORITY", "threshold_type": "95th percentile prioritisation threshold", "recommendation": "Spectral-stress evidence detected. Prioritise field inspection to determine the underlying cause. Field verification required.", "priority_rank": 329}}, {"type": "Feature", "geometry": {"type": "Polygon", "coordinates": [[[33.56500584557852, 17.727476855181493], [33.56500499598872, 17.727205701675405], [33.564439115098324, 17.727207329239594], [33.56443826637444, 17.726936175699485], [33.56415532633196, 17.726936988856828], [33.56415362978031, 17.726394681727584], [33.56443656897203, 17.726393868596727], [33.5644340229818, 17.7255804078862], [33.56415108506615, 17.72558122097734], [33.56415023685832, 17.72531006737889], [33.56386729935291, 17.72531088004916], [33.56386645158552, 17.72503972642996], [33.56273470311429, 17.725042972981885], [33.56273385706333, 17.7247718193023], [33.562450920333156, 17.724772629908024], [33.56245007472259, 17.724501476207728], [33.56301594731722, 17.724499854615072], [33.56301425444003, 17.723957547244737], [33.563863060666996, 17.723955111877984], [33.56386221297511, 17.723683958221198], [33.564145147928606, 17.72368314563031], [33.56414429982654, 17.72341199197924], [33.56442723433963, 17.72341117899401], [33.56442638582739, 17.72314002534865], [33.56470931990008, 17.723139211969077], [33.56470762207039, 17.722596904682316], [33.56499055527741, 17.72259609092167], [33.56498885665769, 17.722053783631342], [33.56555472132531, 17.7220521549404], [33.565555571478114, 17.722323308562796], [33.565838504214454, 17.722322493592728], [33.56584020541603, 17.72286480078844], [33.56612313898775, 17.722863985384258], [33.566123990036544, 17.723135138957552], [33.56697279193655, 17.723132690259714], [33.566975349001524, 17.723946150814882], [33.56754121941069, 17.723944516231928], [33.567540366189924, 17.723673362747668], [33.567823300946415, 17.723672544858122], [33.567824154592486, 17.723943698329055], [33.568107089759074, 17.723942880018583], [33.56810538163155, 17.72340057309584], [33.56838831593233, 17.72339975440444], [33.56838917041378, 17.72367090785624], [33.56867210512463, 17.723670088743912], [33.56867296004659, 17.723941242174856], [33.56839002491044, 17.723942061300516], [33.56839173394945, 17.724484368166525], [33.56810879794745, 17.724485186911252], [33.56810794384566, 17.72421403346868], [33.56754207264667, 17.724215669708666], [33.56754292589784, 17.72448682317788], [33.56725998985023, 17.72448764069978], [33.56726084269128, 17.724758794174797], [33.56754377916421, 17.72475797663958], [33.56754463244578, 17.725029130093773], [33.56726169554752, 17.725029947642295], [33.56726254841895, 17.725301101102275], [33.566979611080164, 17.725301918256473], [33.56698046354145, 17.725573071722245], [33.56669752576212, 17.725573888482117], [33.566700081961, 17.726387348874194], [33.56641714289042, 17.726388165266307], [33.5664179945617, 17.726659318728593], [33.56613505505057, 17.726660134726345], [33.566135906311644, 17.726931288194386], [33.56585296635997, 17.726932103797747], [33.56585211552429, 17.72666095031642], [33.56556917598285, 17.726661765498832], [33.56557172725918, 17.727475225960077], [33.56500584557852, 17.727476855181493]]]}, "properties": {"zone_id": "scene_02-Z0216", "scene": "scene_02", "pixel_count": 184, "approx_area_m2": 165600.0, "centroid_x": 559953.9130434783, "centroid_y": 1959820.597826087, "centroid_lon": 33.56545853526972, "centroid_lat": 17.72472420311461, "mean_risk": 2.2203338146209717, "max_risk": 3.3347280025482178, "median_risk": 2.1274797916412354, "high_priority_pixel_pct": 100.0, "priority_category": "HIGH PRIORITY", "threshold_type": "95th percentile prioritisation threshold", "recommendation": "Spectral-stress evidence detected. Prioritise field inspection to determine the underlying cause. Field verification required.", "priority_rank": 92}}, {"type": "Feature", "geometry": {"type": "Polygon", "coordinates": [[[33.55510207172161, 17.727233948614575], [33.555101237035686, 17.72696279464109], [33.55425241537978, 17.726965192530557], [33.55425158198488, 17.726694038510512], [33.55453452212632, 17.726693239634702], [33.55453368832088, 17.726422085620154], [33.55481662802209, 17.72642128634969], [33.554815793806135, 17.726150132340635], [33.55509873306712, 17.726149332675533], [33.55509956770843, 17.726420486671564], [33.555665447036525, 17.726418886092343], [33.55566628254347, 17.726690040054805], [33.55623216266278, 17.726688437818854], [33.55623383542289, 17.72723074566905], [33.555950894519896, 17.72723154701695], [33.555950058557784, 17.72696039308256], [33.555667118065294, 17.726961194009746], [33.55566795360201, 17.727232347957173], [33.55510207172161, 17.727233948614575]]]}, "properties": {"zone_id": "scene_02-Z0217", "scene": "scene_02", "pixel_count": 15, "approx_area_m2": 13500.0, "centroid_x": 558872.0, "centroid_y": 1960044.0, "centroid_lon": 33.55526098556008, "centroid_lat": 17.72677253351369, "mean_risk": 1.9252249002456665, "max_risk": 2.3179869651794434, "median_risk": 1.9011942148208618, "high_priority_pixel_pct": 100.0, "priority_category": "HIGH PRIORITY", "threshold_type": "95th percentile prioritisation threshold", "recommendation": "Spectral-stress evidence detected. Prioritise field inspection to determine the underlying cause. Field verification required.", "priority_rank": 261}}, {"type": "Feature", "geometry": {"type": "Polygon", "coordinates": [[[33.50332136526265, 17.726560038908108], [33.50332060846601, 17.726288882639967], [33.50303766661193, 17.726289607702935], [33.50303615390985, 17.72574729512052], [33.502753212893055, 17.725748019752206], [33.50275245698759, 17.725476863437937], [33.50246951638269, 17.72547758765018], [33.50246725002315, 17.72466411862693], [33.502184310680846, 17.724664842396173], [33.50217978087702, 17.723037904076214], [33.50246271766742, 17.723037180377684], [33.502461962321895, 17.722766023976533], [33.50217902595679, 17.722766747663275], [33.50217827105001, 17.72249559124282], [33.50246120698983, 17.722494867567868], [33.50245894107437, 17.721681398296816], [33.50274187572493, 17.72168067424966], [33.50274338717231, 17.722222987080947], [33.50302632265993, 17.722222262602635], [33.50302481036202, 17.72167994979494], [33.503307744985634, 17.72167922493266], [33.503306231891116, 17.721136912118542], [33.503023298117995, 17.72113763695721], [33.50302254201618, 17.720866480527086], [33.50330547536407, 17.72086575570022], [33.5033047188505, 17.720594599274392], [33.50415351753756, 17.72059242238403], [33.50415427532682, 17.72086357877441], [33.504437208620736, 17.7208628523174], [33.50443645040625, 17.720591695938854], [33.50528524893126, 17.72058951415813], [33.50528600842143, 17.720860670501143], [33.505568941661274, 17.720859942413984], [33.505561343116455, 17.718148378764564], [33.5058442720908, 17.718147650388506], [33.50584351188562, 17.717876493994137], [33.50697522594686, 17.71787357646274], [33.50697446405464, 17.717602420108392], [33.50725739211089, 17.717601689718776], [33.50725586751692, 17.71705937701134], [33.507538794709305, 17.71705864623808], [33.50754032015354, 17.717600958921714], [33.50782324818261, 17.717600227717185], [33.507825537726355, 17.718413696650597], [33.50810846701729, 17.718412965002873], [33.5081092306509, 17.71868412128708], [33.508392160353395, 17.718683389219947], [33.50839445261143, 17.719496857991743], [33.50811152163339, 17.71949759009464], [33.50811534020968, 17.72085337129042], [33.50783240709197, 17.7208541030454], [33.507833933767245, 17.721396415494993], [33.50755099978545, 17.721397146866256], [33.5075532886246, 17.722210615520055], [33.507270353353434, 17.722211346519487], [33.507271878463605, 17.72275365894161], [33.50698894232829, 17.722754389557267], [33.50699046664222, 17.72329670197315], [33.506707529642746, 17.723297432205012], [33.50670829139477, 17.723568588413585], [33.506425353956416, 17.723569318249726], [33.50642687665055, 17.7241116306681], [33.50670981493953, 17.72411090080819], [33.506710576732274, 17.724382056994223], [33.50642763801795, 17.724382786866027], [33.50642992220157, 17.725196255414737], [33.50614698219766, 17.725196984914547], [33.50614850420382, 17.725739297266564], [33.50586556333563, 17.725740026382475], [33.505867845170414, 17.726553494889785], [33.50558490301253, 17.726554223633634], [33.5055826224539, 17.72574075509073], [33.50473379972748, 17.725742938769574], [33.50473455862403, 17.726014094993594], [33.504451617262795, 17.72601482208307], [33.50445237574748, 17.72628597831143], [33.50360355030662, 17.726288157169343], [33.50360430752865, 17.726559313425668], [33.50332136526265, 17.726560038908108]], [[33.5035982501301, 17.724390063164787], [33.50416412781582, 17.72438861116602], [33.50416336985103, 17.724117454873255], [33.50388043144025, 17.72411818106463], [33.50387967391429, 17.723847024752526], [33.50359673591534, 17.72384775052447], [33.5035982501301, 17.724390063164787]], [[33.50416261189976, 17.723846298572987], [33.50501142577509, 17.72384411758869], [33.50500990736118, 17.723301805036645], [33.505858718562926, 17.72329962045501], [33.505857958100364, 17.7230284642033], [33.50614089471523, 17.7230277352061], [33.50613937298018, 17.722485422703894], [33.50670524446809, 17.72248396353425], [33.50670295941557, 17.72167049479591], [33.506985893863366, 17.721669764635394], [33.50698360765724, 17.72085629586514], [33.506700674485174, 17.720857025989986], [33.506701436115065, 17.72112818226613], [33.50641850250419, 17.721128911995322], [33.506420024954195, 17.721671224548864], [33.50613709047926, 17.721671953894262], [33.50613785129934, 17.72194311017165], [33.50585491638559, 17.721943839121366], [33.50585415599077, 17.721672682832107], [33.50528828697315, 17.721674139485128], [33.505289046517454, 17.721945295798104], [33.50472317659519, 17.721946750844594], [33.50472393530249, 17.722217907173757], [33.50444099989581, 17.722218634097498], [33.504441758191355, 17.722489790430995], [33.50415882234589, 17.722490516958988], [33.504159580229654, 17.72276167329681], [33.50387664394541, 17.722762399429055], [33.50387740141739, 17.723033555771185], [33.5047262115055, 17.723031376116204], [33.504726970266866, 17.723302532415328], [33.50444403315904, 17.723303259386423], [33.50444479150862, 17.72357441568988], [33.50416185396198, 17.723575142265204], [33.50416261189976, 17.723846298572987]], [[33.50330925813408, 17.72222153771675], [33.50359219359475, 17.722220812423288], [33.50359067959578, 17.721678499662826], [33.503307744985634, 17.72167922493266], [33.50330925813408, 17.72222153771675]], [[33.50443948334525, 17.721676321407983], [33.505005352444044, 17.7216748672003], [33.505004593338526, 17.721403710867964], [33.50528752744238, 17.72140298316464], [33.50528676792514, 17.721131826836647], [33.50472090055439, 17.721133281812047], [33.50472165922114, 17.721404438163738], [33.50443872509024, 17.721405165051962], [33.50443948334525, 17.721676321407983]], [[33.50698284561569, 17.72058513959337], [33.50754871106864, 17.720583678144887], [33.50754794819021, 17.720312521889415], [33.507265015895754, 17.720313252805514], [33.50726349103011, 17.71977094024823], [33.50698055957248, 17.71977167073302], [33.50698284561569, 17.72058513959337]], [[33.50726349103011, 17.71977094024823], [33.50754642247414, 17.719770209355936], [33.5075456596365, 17.719499053077936], [33.50726272861766, 17.719499783958327], [33.50726349103011, 17.71977094024823]]]}, "properties": {"zone_id": "scene_02-Z0218", "scene": "scene_02", "pixel_count": 343, "approx_area_m2": 308700.0, "centroid_x": 553569.7084548105, "centroid_y": 1959530.1166180759, "centroid_lon": 33.50524003009885, "centroid_lat": 17.72226282727002, "mean_risk": 1.984533429145813, "max_risk": 2.783512830734253, "median_risk": 1.9585429430007935, "high_priority_pixel_pct": 100.0, "priority_category": "HIGH PRIORITY", "threshold_type": "95th percentile prioritisation threshold", "recommendation": "Spectral-stress evidence detected. Prioritise field inspection to determine the underlying cause. Field verification required.", "priority_rank": 214}}, {"type": "Feature", "geometry": {"type": "Polygon", "coordinates": [[[33.52425826774843, 17.726234096702512], [33.52425590300704, 17.725420630529044], [33.524538842552964, 17.725419874927976], [33.52453805390856, 17.725148719534097], [33.52397217565338, 17.725150230303978], [33.52397296344708, 17.72542138572246], [33.52369002387309, 17.725422140508233], [33.52368923650474, 17.72515098507746], [33.52340629734207, 17.725151739443305], [33.523403936597205, 17.724338273069076], [33.52368687448386, 17.724337518740075], [33.5236852998734, 17.723795207810937], [33.52396823689539, 17.7237944530989], [33.523967449185896, 17.723523297635346], [33.52453332233716, 17.723521787013063], [33.52453489947143, 17.724064097883456], [33.52481783687662, 17.724063341936297], [33.52481941491774, 17.724605652752018], [33.52510235315952, 17.72460489637262], [33.5251031426265, 17.7248760517569], [33.52538608127955, 17.724875294957556], [33.52538529138724, 17.724604139585598], [33.52566822960089, 17.724603382390953], [33.52566981025027, 17.725145693102696], [33.525386871185944, 17.725146450322], [33.5253876611064, 17.72541760567893], [33.525104721602645, 17.72541836250293], [33.52510551111182, 17.725689517864666], [33.52482257116864, 17.72569027429333], [33.524824149378425, 17.72623258501891], [33.52425826774843, 17.726234096702512]]]}, "properties": {"zone_id": "scene_02-Z0219", "scene": "scene_02", "pixel_count": 40, "approx_area_m2": 36000.0, "centroid_x": 555602.25, "centroid_y": 1959819.75, "centroid_lon": 33.524416878357215, "centroid_lat": 17.72483043310557, "mean_risk": 1.8291676044464111, "max_risk": 1.9289535284042358, "median_risk": 1.8159260749816895, "high_priority_pixel_pct": 100.0, "priority_category": "HIGH PRIORITY", "threshold_type": "95th percentile prioritisation threshold", "recommendation": "Spectral-stress evidence detected. Prioritise field inspection to determine the underlying cause. Field verification required.", "priority_rank": 352}}, {"type": "Feature", "geometry": {"type": "Polygon", "coordinates": [[[33.53047418954402, 17.723234671857917], [33.5304733920809, 17.722963516663825], [33.53019045665947, 17.722964280713402], [33.53018886262641, 17.722421970277804], [33.530471797197286, 17.722421206253113], [33.530470202370495, 17.721878895812345], [33.53075313607663, 17.72187813140498], [33.530752338259305, 17.72160697618578], [33.53103527152598, 17.721606211383314], [33.53103447329761, 17.721335056169053], [33.53131740612482, 17.7213342909715], [33.531316607485444, 17.721063135762193], [33.53216540460597, 17.721060837761712], [33.53216620452106, 17.721331992933592], [33.53188327173656, 17.72133275935377], [33.53188567029159, 17.722146224861792], [33.53160273621708, 17.722146990911853], [33.53160433447445, 17.722689301237928], [33.53132139953517, 17.72269006690537], [33.53132219825993, 17.722961222069607], [33.53103926288114, 17.722961987341925], [33.53104006119484, 17.72323314251111], [33.53047418954402, 17.723234671857917]]]}, "properties": {"zone_id": "scene_02-Z0220", "scene": "scene_02", "pixel_count": 33, "approx_area_m2": 29700.0, "centroid_x": 556306.3636363636, "centroid_y": 1959537.2727272727, "centroid_lon": 33.53105005523834, "centroid_lat": 17.722259414139295, "mean_risk": 1.8667185306549072, "max_risk": 2.1166064739227295, "median_risk": 1.8543682098388672, "high_priority_pixel_pct": 100.0, "priority_category": "HIGH PRIORITY", "threshold_type": "95th percentile prioritisation threshold", "recommendation": "Spectral-stress evidence detected. Prioritise field inspection to determine the underlying cause. Field verification required.", "priority_rank": 319}}, {"type": "Feature", "geometry": {"type": "Polygon", "coordinates": [[[33.497654286677886, 17.723591740998952], [33.49765353853567, 17.72332058441337], [33.497936475965645, 17.723319867224625], [33.497935727411466, 17.723048710643216], [33.49708691635748, 17.723050860951645], [33.49708616909251, 17.72277970432771], [33.49736910569854, 17.72277898797749], [33.497367610357976, 17.72223667473043], [33.49793348182893, 17.72223524085394], [33.497934230343105, 17.72250639745787], [33.49821716648386, 17.72250567989658], [33.498220162375105, 17.723590306190495], [33.497654286677886, 17.723591740998952]]]}, "properties": {"zone_id": "scene_02-Z0221", "scene": "scene_02", "pixel_count": 12, "approx_area_m2": 10800.0, "centroid_x": 552777.5, "centroid_y": 1959595.0, "centroid_lon": 33.49777018196371, "centroid_lat": 17.722868357983046, "mean_risk": 1.8493198156356812, "max_risk": 2.1140453815460205, "median_risk": 1.819483995437622, "high_priority_pixel_pct": 100.0, "priority_category": "HIGH PRIORITY", "threshold_type": "95th percentile prioritisation threshold", "recommendation": "Spectral-stress evidence detected. Prioritise field inspection to determine the underlying cause. Field verification required.", "priority_rank": 335}}, {"type": "Feature", "geometry": {"type": "Polygon", "coordinates": [[[33.556501715959286, 17.722349172414248], [33.55650087941467, 17.72207801837067], [33.55678381220667, 17.722077216455535], [33.55678464917654, 17.722348370486063], [33.556501715959286, 17.722349172414248]]]}, "properties": {"zone_id": "scene_02-Z0222", "scene": "scene_02", "pixel_count": 16, "approx_area_m2": 14400.0, "centroid_x": 558933.75, "centroid_y": 1959622.5, "centroid_lon": 33.55583162951592, "centroid_lat": 17.722961172000584, "mean_risk": 1.9353938102722168, "max_risk": 2.1093273162841797, "median_risk": 1.939058542251587, "high_priority_pixel_pct": 100.0, "priority_category": "HIGH PRIORITY", "threshold_type": "95th percentile prioritisation threshold", "recommendation": "Spectral-stress evidence detected. Prioritise field inspection to determine the underlying cause. Field verification required.", "priority_rank": 248}}, {"type": "Feature", "geometry": {"type": "Polygon", "coordinates": [[[33.46171899096875, 17.72286603834174], [33.46171760280065, 17.72232372225955], [33.4625664148459, 17.722321724897657], [33.46256711019964, 17.72259288290998], [33.462850047948585, 17.722592216296658], [33.46285074374001, 17.72286337429062], [33.46171899096875, 17.72286603834174]]]}, "properties": {"zone_id": "scene_02-Z0223", "scene": "scene_02", "pixel_count": 9, "approx_area_m2": 8100.0, "centroid_x": 548990.0, "centroid_y": 1959566.6666666667, "centroid_lon": 33.462048661076544, "centroid_lat": 17.722699554319618, "mean_risk": 1.7815619707107544, "max_risk": 1.8063631057739258, "median_risk": 1.7791370153427124, "high_priority_pixel_pct": 100.0, "priority_category": "HIGH PRIORITY", "threshold_type": "95th percentile prioritisation threshold", "recommendation": "Spectral-stress evidence detected. Prioritise field inspection to determine the underlying cause. Field verification required.", "priority_rank": 369}}, {"type": "Feature", "geometry": {"type": "Polygon", "coordinates": [[[33.71182746146872, 17.721305317202212], [33.71182639151303, 17.7210341713113], [33.71239223672588, 17.721032119677602], [33.71239330753193, 17.7213032655351], [33.71182746146872, 17.721305317202212]]]}, "properties": {"zone_id": "scene_02-Z0224", "scene": "scene_02", "pixel_count": 15, "approx_area_m2": 13500.0, "centroid_x": 575554.0, "centroid_y": 1959552.0, "centroid_lon": 33.712574527198406, "centroid_lat": 17.72181779258909, "mean_risk": 2.8807740211486816, "max_risk": 3.6496918201446533, "median_risk": 3.0209801197052, "high_priority_pixel_pct": 100.0, "priority_category": "HIGH PRIORITY", "threshold_type": "95th percentile prioritisation threshold", "recommendation": "Spectral-stress evidence detected. Prioritise field inspection to determine the underlying cause. Field verification required.", "priority_rank": 18}}, {"type": "Feature", "geometry": {"type": "Polygon", "coordinates": [[[33.463699558188324, 17.722861371972527], [33.46369886112102, 17.722590214011174], [33.46341592340928, 17.722590881847257], [33.46341522677968, 17.72231972386753], [33.46369816406612, 17.72231905604232], [33.46369746702365, 17.722047898065952], [33.46341453016249, 17.72204856588029], [33.4634138335577, 17.72177740788555], [33.4636967699936, 17.721776740082092], [33.46369607297595, 17.721505582090717], [33.464261944959944, 17.721504245282873], [33.46426264282811, 17.721775403252472], [33.46454557922672, 17.721774734226308], [33.464546277532605, 17.72204589217751], [33.465112151143046, 17.722044552880668], [33.46511145198662, 17.72177339495128], [33.46539438834789, 17.721772724702415], [33.46539648713037, 17.72258619843532], [33.46511354949325, 17.722586868716935], [33.46511424868705, 17.72285802662381], [33.463699558188324, 17.722861371972527]]]}, "properties": {"zone_id": "scene_02-Z0225", "scene": "scene_02", "pixel_count": 25, "approx_area_m2": 22500.0, "centroid_x": 549236.4, "centroid_y": 1959519.6, "centroid_lon": 33.464371429107146, "centroid_lat": 17.72226865654842, "mean_risk": 1.8092796802520752, "max_risk": 1.885878562927246, "median_risk": 1.805968165397644, "high_priority_pixel_pct": 100.0, "priority_category": "HIGH PRIORITY", "threshold_type": "95th percentile prioritisation threshold", "recommendation": "Spectral-stress evidence detected. Prioritise field inspection to determine the underlying cause. Field verification required.", "priority_rank": 364}}, {"type": "Feature", "geometry": {"type": "Polygon", "coordinates": [[[33.49934966156732, 17.722773962113575], [33.49934740964563, 17.72196049247725], [33.49963034486905, 17.721959772901503], [33.49962884280427, 17.721417459796523], [33.49991177716379, 17.72141673983666], [33.499913280079085, 17.721959052918194], [33.500196215275736, 17.72195833252733], [33.50019771909514, 17.722500645555364], [33.499914783047934, 17.722501365969705], [33.49991553455244, 17.722772522484192], [33.49934966156732, 17.722773962113575]]]}, "properties": {"zone_id": "scene_02-Z0226", "scene": "scene_02", "pixel_count": 10, "approx_area_m2": 9000.0, "centroid_x": 552987.0, "centroid_y": 1959522.0, "centroid_lon": 33.49974419505438, "centroid_lat": 17.722203525840317, "mean_risk": 1.8210785388946533, "max_risk": 1.922241449356079, "median_risk": 1.8154339790344238, "high_priority_pixel_pct": 100.0, "priority_category": "HIGH PRIORITY", "threshold_type": "95th percentile prioritisation threshold", "recommendation": "Spectral-stress evidence detected. Prioritise field inspection to determine the underlying cause. Field verification required.", "priority_rank": 356}}, {"type": "Feature", "geometry": {"type": "Polygon", "coordinates": [[[33.5856419969938, 17.721722127579376], [33.585641116679604, 17.721450974900705], [33.585358186298016, 17.721451818358325], [33.58535730642472, 17.7211806656584], [33.58564023638108, 17.721179822214516], [33.58563935609824, 17.720908669520806], [33.58620521511348, 17.72090698143796], [33.586206096246755, 17.72117813410417], [33.586489026156045, 17.72117728943772], [33.58648990773024, 17.72144844208266], [33.58677283804904, 17.721447596994917], [33.586773720064166, 17.721718749618578], [33.5856419969938, 17.721722127579376]]]}, "properties": {"zone_id": "scene_02-Z0227", "scene": "scene_02", "pixel_count": 10, "approx_area_m2": 9000.0, "centroid_x": 562137.0, "centroid_y": 1959456.0, "centroid_lon": 33.586036954917674, "centroid_lat": 17.72136844757609, "mean_risk": 1.8153709173202515, "max_risk": 1.8794139623641968, "median_risk": 1.8115479946136475, "high_priority_pixel_pct": 100.0, "priority_category": "HIGH PRIORITY", "threshold_type": "95th percentile prioritisation threshold", "recommendation": "Spectral-stress evidence detected. Prioritise field inspection to determine the underlying cause. Field verification required.", "priority_rank": 359}}, {"type": "Feature", "geometry": {"type": "Polygon", "coordinates": [[[33.510088971672374, 17.718407832059437], [33.510081306325716, 17.71569626964051], [33.50979838138145, 17.715697004020935], [33.50979608331903, 17.714883535112975], [33.51064485428514, 17.714881330857192], [33.51064638886355, 17.715423643398193], [33.510363464371686, 17.715424378581464], [33.510367298931484, 17.716780159862452], [33.51065022554884, 17.716779424619304], [33.51065406257598, 17.718135205652725], [33.51037113383295, 17.718135940955765], [33.51037190085424, 17.718407097151896], [33.510088971672374, 17.718407832059437]]]}, "properties": {"zone_id": "scene_02-Z0228", "scene": "scene_02", "pixel_count": 51, "approx_area_m2": 45900.0, "centroid_x": 554095.2941176471, "centroid_y": 1959094.1176470588, "centroid_lon": 33.51018577708322, "centroid_lat": 17.718309219348264, "mean_risk": 1.9194355010986328, "max_risk": 2.382551670074463, "median_risk": 1.8831610679626465, "high_priority_pixel_pct": 100.0, "priority_category": "HIGH PRIORITY", "threshold_type": "95th percentile prioritisation threshold", "recommendation": "Spectral-stress evidence detected. Prioritise field inspection to determine the underlying cause. Field verification required.", "priority_rank": 268}}, {"type": "Feature", "geometry": {"type": "Polygon", "coordinates": [[[33.558190085803446, 17.719361660701956], [33.55818840795494, 17.718819352598853], [33.55847133555486, 17.718818548395593], [33.558470496227876, 17.718547394345862], [33.55903635053255, 17.718545784743124], [33.559035510370215, 17.718274630712095], [33.559601363764706, 17.718273019505737], [33.559600522767056, 17.718001865493445], [33.55988344901668, 17.718001059292206], [33.55988260760889, 17.71772990528553], [33.560165533418385, 17.717729098689972], [33.56016048273577, 17.716102174570945], [33.56044340597962, 17.716101367646807], [33.560444248147654, 17.716372521672287], [33.56072717180158, 17.7163717143276], [33.560728857032856, 17.71691402232972], [33.56157763045515, 17.71691159777219], [33.561576786556685, 17.71664044381438], [33.562142634579494, 17.716638825431925], [33.56214094512732, 17.7160965175465], [33.56242386826597, 17.716095707770528], [33.56242302313738, 17.71582455382973], [33.56270594583588, 17.715823743659552], [33.56270932814096, 17.716908359324858], [33.562426403742094, 17.716909169547833], [33.56242724893092, 17.717180323458564], [33.56299309856382, 17.717178702578796], [33.562992252524765, 17.716907548694465], [33.56327517689349, 17.716906737656636], [33.563273484010416, 17.716364429891836], [33.563556407513865, 17.71636361847303], [33.563555560669855, 17.716092464592577], [33.56383848373313, 17.716091652779582], [33.56384187290008, 17.717176268203403], [33.56355894813641, 17.7171770800693], [33.56355979504078, 17.71744823391969], [33.56271101938392, 17.717450667112427], [33.56271355636135, 17.718264128737417], [33.563562335844416, 17.718261695425785], [33.563563182809155, 17.71853284924612], [33.562431475100986, 17.718536092899548], [33.562433165674435, 17.71907840062333], [33.5621502378594, 17.719079210544404], [33.56215108274355, 17.719350364408214], [33.56186815448829, 17.719351173935], [33.56186646558538, 17.718808866173497], [33.561300610730406, 17.718810483951906], [33.561301454324, 17.71908163786276], [33.56158438218417, 17.71908082916412], [33.56158522621798, 17.719351983054295], [33.561019369632255, 17.71935360007043], [33.56101768328037, 17.718811292229898], [33.560734755815304, 17.718812100100422], [33.56073391308705, 17.718540946155724], [33.56045098603213, 17.718541753605617], [33.56045014374404, 17.718270599640253], [33.55988429043948, 17.71827221329137], [33.559885131877266, 17.71854336728302], [33.55960220477734, 17.71854417351052], [33.55960388684758, 17.719086481497538], [33.55903803090214, 17.719088092782624], [33.55903887110938, 17.719359246791104], [33.558190085803446, 17.719361660701956]], [[33.560733070373814, 17.718269792203508], [33.561581850173, 17.718267367448505], [33.561581006199354, 17.717996213528274], [33.562146858473355, 17.717994595014005], [33.56214516887065, 17.717452287203717], [33.56101346766355, 17.717455522497044], [33.56101431075687, 17.717726676458643], [33.56073138499239, 17.717727484276534], [33.560730542324194, 17.71745633030178], [33.56044761696983, 17.717457137699064], [33.56044930147096, 17.71799944566737], [33.560732227675594, 17.71799863824377], [33.560733070373814, 17.718269792203508]], [[33.56214516887065, 17.717452287203717], [33.562428094134816, 17.71745147736179], [33.56242724893092, 17.717180323458564], [33.562144324091875, 17.717181133287305], [33.56214516887065, 17.717452287203717]]]}, "properties": {"zone_id": "scene_02-Z0229", "scene": "scene_02", "pixel_count": 100, "approx_area_m2": 90000.0, "centroid_x": 559521.6, "centroid_y": 1959063.6, "centroid_lon": 33.56136000321615, "centroid_lat": 17.71789380581151, "mean_risk": 2.2078206539154053, "max_risk": 3.5172531604766846, "median_risk": 1.9978851079940796, "high_priority_pixel_pct": 100.0, "priority_category": "HIGH PRIORITY", "threshold_type": "95th percentile prioritisation threshold", "recommendation": "Spectral-stress evidence detected. Prioritise field inspection to determine the underlying cause. Field verification required.", "priority_rank": 97}}, {"type": "Feature", "geometry": {"type": "Polygon", "coordinates": [[[33.49367905599901, 17.71844975950323], [33.49367757213886, 17.717907445713685], [33.492828784725745, 17.71790957702083], [33.49282952537374, 17.718180733954068], [33.49226366618201, 17.718182152811274], [33.49226292638434, 17.717910995854925], [33.492545855561644, 17.717910286641608], [33.492544375155546, 17.717367972729495], [33.493110231769975, 17.71736655312672], [33.493110972816716, 17.717637710063407], [33.493676830228615, 17.717636288807665], [33.49367608833159, 17.717365131894123], [33.49339316005739, 17.717365842714145], [33.49339241859872, 17.717094685781532], [33.49367534644778, 17.717093974973082], [33.493674604577194, 17.71682281804453], [33.49339167715326, 17.7168235288414], [33.49339093572101, 17.716552371893762], [33.49254215464532, 17.716554501805028], [33.49254141450162, 17.716283344815203], [33.49423897398343, 17.71627908139522], [33.494241202106245, 17.717092552133852], [33.494807057711775, 17.71709112766483], [33.494806314140675, 17.71681997078266], [33.49508924149844, 17.71681925794859], [33.495089985494666, 17.71709041481915], [33.49593876876376, 17.717088273837426], [33.495939514048644, 17.7173594306656], [33.49565658588041, 17.717360144745253], [33.49565733075344, 17.71763130157755], [33.49537440214679, 17.717632015261376], [33.49537514660794, 17.717903172097802], [33.49396050125013, 17.717906734463043], [33.49396198596061, 17.718449048229417], [33.49367905599901, 17.71844975950323]]]}, "properties": {"zone_id": "scene_02-Z0230", "scene": "scene_02", "pixel_count": 44, "approx_area_m2": 39600.0, "centroid_x": 552382.5, "centroid_y": 1958980.2272727273, "centroid_lon": 33.49402963054335, "centroid_lat": 17.717321104197843, "mean_risk": 1.9653751850128174, "max_risk": 2.2396724224090576, "median_risk": 1.9721908569335938, "high_priority_pixel_pct": 100.0, "priority_category": "HIGH PRIORITY", "threshold_type": "95th percentile prioritisation threshold", "recommendation": "Spectral-stress evidence detected. Prioritise field inspection to determine the underlying cause. Field verification required.", "priority_rank": 228}}, {"type": "Feature", "geometry": {"type": "Polygon", "coordinates": [[[33.59609250783591, 17.716267587897153], [33.59609161210748, 17.715996435580987], [33.595525769504924, 17.7159981516867], [33.59552487464259, 17.715726999335057], [33.59524195374246, 17.715727856762857], [33.5952392705263, 17.714914399620913], [33.59552219015127, 17.714913542235013], [33.59551950580345, 17.7141000850673], [33.59580242413739, 17.71409922731596], [33.595804214536706, 17.714641532074], [33.596087133704735, 17.71464067388735], [33.59608802935336, 17.71491182624111], [33.59637094893047, 17.714910967633106], [33.59637184502011, 17.715182119965373], [33.5966547650063, 17.71518126093601], [33.59665835122477, 17.716265870133874], [33.59609250783591, 17.716267587897153]]]}, "properties": {"zone_id": "scene_02-Z0231", "scene": "scene_02", "pixel_count": 24, "approx_area_m2": 21600.0, "centroid_x": 563190.0, "centroid_y": 1958795.0, "centroid_lon": 33.59594806198779, "centroid_lat": 17.715364175976895, "mean_risk": 1.9756078720092773, "max_risk": 2.431821346282959, "median_risk": 1.8824691772460938, "high_priority_pixel_pct": 100.0, "priority_category": "HIGH PRIORITY", "threshold_type": "95th percentile prioritisation threshold", "recommendation": "Spectral-stress evidence detected. Prioritise field inspection to determine the underlying cause. Field verification required.", "priority_rank": 223}}, {"type": "Feature", "geometry": {"type": "Polygon", "coordinates": [[[33.49904872325573, 17.716266922053336], [33.49904647357211, 17.71545345184137], [33.4993293986047, 17.71545273295426], [33.4993286483118, 17.715181576213634], [33.4998944974867, 17.715180137240644], [33.499895999786204, 17.715722450667503], [33.499613074355274, 17.71572317038114], [33.49961457585812, 17.716265483801426], [33.49904872325573, 17.716266922053336]]]}, "properties": {"zone_id": "scene_02-Z0232", "scene": "scene_02", "pixel_count": 9, "approx_area_m2": 8100.0, "centroid_x": 552956.6666666666, "centroid_y": 1958803.3333333333, "centroid_lon": 33.499440133781015, "centroid_lat": 17.71570854574308, "mean_risk": 2.145352363586426, "max_risk": 2.4563400745391846, "median_risk": 2.1449997425079346, "high_priority_pixel_pct": 100.0, "priority_category": "HIGH PRIORITY", "threshold_type": "95th percentile prioritisation threshold", "recommendation": "Spectral-stress evidence detected. Prioritise field inspection to determine the underlying cause. Field verification required.", "priority_rank": 124}}, {"type": "Feature", "geometry": {"type": "Polygon", "coordinates": [[[33.512063319464076, 17.71623342994606], [33.51205793351414, 17.714335336498717], [33.51234085622358, 17.714334598919102], [33.512343165680754, 17.71514806754838], [33.512626089651654, 17.715147329525323], [33.5126291708203, 17.716231954211178], [33.512063319464076, 17.71623342994606]]]}, "properties": {"zone_id": "scene_02-Z0233", "scene": "scene_02", "pixel_count": 11, "approx_area_m2": 9900.0, "centroid_x": 554320.9090909091, "centroid_y": 1958776.3636363635, "centroid_lon": 33.512305389917444, "centroid_lat": 17.715431649634187, "mean_risk": 1.8244022130966187, "max_risk": 1.9007099866867065, "median_risk": 1.8026756048202515, "high_priority_pixel_pct": 100.0, "priority_category": "HIGH PRIORITY", "threshold_type": "95th percentile prioritisation threshold", "recommendation": "Spectral-stress evidence detected. Prioritise field inspection to determine the underlying cause. Field verification required.", "priority_rank": 353}}, {"type": "Feature", "geometry": {"type": "Polygon", "coordinates": [[[33.49480333998879, 17.715735343178935], [33.49480259648394, 17.715464186259236], [33.49451967123845, 17.715464898627843], [33.494518928171935, 17.715193741689035], [33.4939530784914, 17.715195165180837], [33.49395382070775, 17.715466322142834], [33.493670895422554, 17.715467033289215], [33.49366941185324, 17.71492471933455], [33.494235260710084, 17.714923296680727], [33.494233775493385, 17.714380982742398], [33.49451669905184, 17.714380270827593], [33.49451744207863, 17.71465142778891], [33.495083290005915, 17.71465000271394], [33.4950847777995, 17.715192316567634], [33.495367702593406, 17.715191603395834], [33.49536844693517, 17.715462760299808], [33.495934297333335, 17.71546133271075], [33.49593355214141, 17.715190175830028], [33.4962164768955, 17.715189461436033], [33.496217968142794, 17.715731775166685], [33.49480333998879, 17.715735343178935]]]}, "properties": {"zone_id": "scene_02-Z0234", "scene": "scene_02", "pixel_count": 20, "approx_area_m2": 18000.0, "centroid_x": 552471.0, "centroid_y": 1958749.5, "centroid_lon": 33.49485854949048, "centroid_lat": 17.715233560350956, "mean_risk": 2.0536036491394043, "max_risk": 2.540024518966675, "median_risk": 2.0087339878082275, "high_priority_pixel_pct": 100.0, "priority_category": "HIGH PRIORITY", "threshold_type": "95th percentile prioritisation threshold", "recommendation": "Spectral-stress evidence detected. Prioritise field inspection to determine the underlying cause. Field verification required.", "priority_rank": 172}}, {"type": "Feature", "geometry": {"type": "Polygon", "coordinates": [[[33.526773853602144, 17.715652220084184], [33.52677306206279, 17.71538106451857], [33.52733890942119, 17.715379546486265], [33.5273381170458, 17.715108390937868], [33.52762104027875, 17.71510763132299], [33.527620247492415, 17.714836475779464], [33.52846901583129, 17.71483419452765], [33.52846822178392, 17.714563039013782], [33.528751144110196, 17.714562277794148], [33.52875034965193, 17.714291122285164], [33.529033271539, 17.714290360670564], [33.52903724609723, 17.715646138078334], [33.52847139805831, 17.71564766102422], [33.52847060396848, 17.715376505532877], [33.52762183307921, 17.715378786859006], [33.527622625893805, 17.715649942387518], [33.526773853602144, 17.715652220084184]]]}, "properties": {"zone_id": "scene_02-Z0235", "scene": "scene_02", "pixel_count": 19, "approx_area_m2": 17100.0, "centroid_x": 556008.947368421, "centroid_y": 1958748.9473684211, "centroid_lon": 33.52822421787293, "centroid_lat": 17.715141689141163, "mean_risk": 2.114135265350342, "max_risk": 2.4747486114501953, "median_risk": 2.099193811416626, "high_priority_pixel_pct": 100.0, "priority_category": "HIGH PRIORITY", "threshold_type": "95th percentile prioritisation threshold", "recommendation": "Spectral-stress evidence detected. Prioritise field inspection to determine the underlying cause. Field verification required.", "priority_rank": 139}}, {"type": "Feature", "geometry": {"type": "Polygon", "coordinates": [[[33.59153465540373, 17.70679092799769], [33.59153287867385, 17.706248622385893], [33.591815784907915, 17.706247770739953], [33.591812229939045, 17.70516315948171], [33.592095134458134, 17.70516230748416], [33.59209335621923, 17.70462000183772], [33.59237625987294, 17.704619149460825], [33.592377149409224, 17.70489030227391], [33.59266005347183, 17.704889449475992], [33.592662723450154, 17.705702907828456], [33.59237981811322, 17.70570376066806], [33.592382486959956, 17.7065172189946], [33.59209958033278, 17.706518071468746], [33.59210046955526, 17.706789224243114], [33.59153465540373, 17.70679092799769]]]}, "properties": {"zone_id": "scene_02-Z0236", "scene": "scene_02", "pixel_count": 352, "approx_area_m2": 316800.0, "centroid_x": 562751.0795454546, "centroid_y": 1958325.2556818181, "centroid_lon": 33.591794821282235, "centroid_lat": 17.711130942224727, "mean_risk": 2.1285808086395264, "max_risk": 2.861008882522583, "median_risk": 2.073328733444214, "high_priority_pixel_pct": 100.0, "priority_category": "HIGH PRIORITY", "threshold_type": "95th percentile prioritisation threshold", "recommendation": "Spectral-stress evidence detected. Prioritise field inspection to determine the underlying cause. Field verification required.", "priority_rank": 128}}, {"type": "Feature", "geometry": {"type": "Polygon", "coordinates": [[[33.50243251434169, 17.712190918475567], [33.50243175953435, 17.711919761774134], [33.50271467888056, 17.711919038151443], [33.50271543411288, 17.71219019484108], [33.50243251434169, 17.712190918475567]]]}, "properties": {"zone_id": "scene_02-Z0237", "scene": "scene_02", "pixel_count": 25, "approx_area_m2": 22500.0, "centroid_x": 553202.4, "centroid_y": 1958559.6, "centroid_lon": 33.501751481842305, "centroid_lat": 17.71349964331845, "mean_risk": 2.084710121154785, "max_risk": 2.6283655166625977, "median_risk": 2.0451433658599854, "high_priority_pixel_pct": 100.0, "priority_category": "HIGH PRIORITY", "threshold_type": "95th percentile prioritisation threshold", "recommendation": "Spectral-stress evidence detected. Prioritise field inspection to determine the underlying cause. Field verification required.", "priority_rank": 154}}, {"type": "Feature", "geometry": {"type": "Polygon", "coordinates": [[[33.49593280696276, 17.71491901894181], [33.49592982638098, 17.713834391313874], [33.49564690373891, 17.713835105242325], [33.49564764843939, 17.714106262172198], [33.495081802265354, 17.714107688830232], [33.495081058414954, 17.713836531877114], [33.49451521303798, 17.71383795688244], [33.49451372707709, 17.713295642907266], [33.49479664892214, 17.7132949306315], [33.49479739232099, 17.713566087611227], [33.495929081268734, 17.713563234388133], [33.49592833616976, 17.713292077454888], [33.49621125794849, 17.71329136314235], [33.49621051243778, 17.713020206213233], [33.496776355105325, 17.713018776389386], [33.49677784784013, 17.71356109019353], [33.49649492566296, 17.713561805332425], [33.496498655607496, 17.71491758976969], [33.49593280696276, 17.71491901894181]]]}, "properties": {"zone_id": "scene_02-Z0238", "scene": "scene_02", "pixel_count": 23, "approx_area_m2": 20700.0, "centroid_x": 552581.7391304348, "centroid_y": 1958598.2608695652, "centroid_lon": 33.495899154906766, "centroid_lat": 17.7138639425131, "mean_risk": 2.165942668914795, "max_risk": 2.516381025314331, "median_risk": 2.180816411972046, "high_priority_pixel_pct": 100.0, "priority_category": "HIGH PRIORITY", "threshold_type": "95th percentile prioritisation threshold", "recommendation": "Spectral-stress evidence detected. Prioritise field inspection to determine the underlying cause. Field verification required.", "priority_rank": 113}}, {"type": "Feature", "geometry": {"type": "Polygon", "coordinates": [[[33.639938445569825, 17.714231579914124], [33.63993748407597, 17.713960429792515], [33.640220399812506, 17.713959508088866], [33.640219437910794, 17.71368835797475], [33.639936522599264, 17.713689279663388], [33.63993556113968, 17.713418129526737], [33.639652646236, 17.713419050793036], [33.63965360727059, 17.7136902009447], [33.63908777656189, 17.713692042285345], [33.63908873676361, 17.713963192459488], [33.638522905136455, 17.7139650322008], [33.63852194578473, 17.713693881996694], [33.6382390303705, 17.713694801241385], [33.63823711256831, 17.71315250078064], [33.63767128338854, 17.713154337988176], [33.63766936735459, 17.712612037437474], [33.63795228110307, 17.71261111906729], [33.6379503642875, 17.71206881851642], [33.63823327716899, 17.712067899768872], [33.63823231836188, 17.711796749497122], [33.63851523080133, 17.711795830357264], [33.638514271586374, 17.71152468009296], [33.63794844754025, 17.711526517935454], [33.63794940590534, 17.711797668229703], [33.637100668433256, 17.71180042198376], [33.63710162554059, 17.71207157231535], [33.636535799624006, 17.71207340614487], [33.63653484336657, 17.711802255783407], [33.63681775590844, 17.71180133908722], [33.63681679924311, 17.711530188733168], [33.637099711342984, 17.71152927164465], [33.63709779721362, 17.710986970943853], [33.63738070844659, 17.710986053477967], [33.63737975098258, 17.710714903131233], [33.637945572547494, 17.710713067007582], [33.63794461425073, 17.710441916683244], [33.63822752458266, 17.710440998025515], [33.63822656587808, 17.710169847708624], [33.63850947576802, 17.710168928658618], [33.638508516655634, 17.709897778349173], [33.638791426103595, 17.70989685890691], [33.63879046658342, 17.709625708604932], [33.63907337558939, 17.709624788770427], [33.639074335534445, 17.70989593905742], [33.63935724494819, 17.709895018800687], [33.63935820533525, 17.710166169065168], [33.63992402496116, 17.710164327300006], [33.63992306372432, 17.709893177065542], [33.64048888243191, 17.709891333701464], [33.64048984451854, 17.710162483905894], [33.64077275427151, 17.71016156159798], [33.640776604489126, 17.711246162280336], [33.641059515924574, 17.711245239505047], [33.64106433120734, 17.71260099011354], [33.64078141764717, 17.71260191296401], [33.64078238033024, 17.712873063078174], [33.640499466327945, 17.71287398553637], [33.64050042860322, 17.71314513565803], [33.64134917183354, 17.713142367016417], [33.6413501354009, 17.713413517085453], [33.64106722058297, 17.713414440388345], [33.641068183742505, 17.713685590464898], [33.640502353205186, 17.713687435878796], [33.64050427787575, 17.714229736069452], [33.639938445569825, 17.714231579914124]]]}, "properties": {"zone_id": "scene_02-Z0239", "scene": "scene_02", "pixel_count": 157, "approx_area_m2": 141300.0, "centroid_x": 567787.8343949044, "centroid_y": 1958425.6050955413, "centroid_lon": 33.63929673290805, "centroid_lat": 17.71188914282819, "mean_risk": 2.751620292663574, "max_risk": 4.554970741271973, "median_risk": 2.6865618228912354, "high_priority_pixel_pct": 100.0, "priority_category": "HIGH PRIORITY", "threshold_type": "95th percentile prioritisation threshold", "recommendation": "Spectral-stress evidence detected. Prioritise field inspection to determine the underlying cause. Field verification required.", "priority_rank": 25}}, {"type": "Feature", "geometry": {"type": "Polygon", "coordinates": [[[33.57627842458236, 17.713343996476596], [33.57627755877924, 17.713072843115125], [33.57599464106287, 17.713073672705182], [33.5759911797046, 17.711989059130122], [33.57570826367273, 17.711989888258813], [33.57570653393606, 17.711447581399174], [33.575989449118, 17.711446752297498], [33.57598771859309, 17.710904445434817], [33.57542188991355, 17.71090610317686], [33.575420161150035, 17.710363796230112], [33.575985988129865, 17.710362138542084], [33.57598685335376, 17.71063329199221], [33.57626976724547, 17.710632462523794], [33.57626890159664, 17.710361309087187], [33.57683472848392, 17.710359648955595], [33.5768329955329, 17.709817342113936], [33.57739882065874, 17.709815680407456], [33.57739708606991, 17.709273373589898], [33.57711417436451, 17.709274204619682], [33.5771150412263, 17.709545358045755], [33.57570048034321, 17.70954950715375], [33.5756970214864, 17.70846489313392], [33.57597993199434, 17.70846406418084], [33.575977336739, 17.70765060362761], [33.57626024595695, 17.707649774307857], [33.57625938047784, 17.707378620788603], [33.57682519801779, 17.707376960954562], [33.57682606434658, 17.707648114446773], [33.57710897351823, 17.707647283905434], [33.57710637330367, 17.70683382344688], [33.577389281185376, 17.706832992538974], [33.57739014833294, 17.70710414601913], [33.577673056624, 17.7071033146905], [33.57767565943395, 17.70791677504524], [33.57852438803789, 17.70791427849421], [33.57852351914457, 17.707643125090826], [33.578806428223395, 17.70764229210632], [33.57880729754157, 17.707913445496132], [33.579938935401245, 17.707910109431804], [33.579934580468695, 17.70655434267945], [33.580500395057086, 17.706552672340194], [33.580499523267534, 17.706281518994405], [33.580782430113615, 17.706280683227646], [33.58078330232797, 17.706551836559814], [33.5813491168231, 17.706550163777557], [33.581349989902634, 17.70682131707495], [33.58219871280302, 17.706818804806865], [33.582199587172596, 17.707089958055807], [33.58248249519971, 17.707089119805104], [33.582485119676484, 17.70790257946585], [33.582202210374845, 17.70790341775753], [33.582205708196064, 17.70898803058797], [33.58192279717938, 17.708988868527072], [33.581923671248774, 17.709260021729555], [33.58164075979162, 17.709260859275076], [33.581643380818576, 17.710074318878377], [33.581926293550424, 17.710073481291907], [33.58192804182943, 17.710615787629244], [33.582493868946045, 17.710614111179915], [33.58249911925638, 17.71224102984765], [33.58221620315617, 17.712241868357918], [33.582217077837505, 17.712513021456562], [33.581934161296736, 17.712513859573175], [33.58193503556868, 17.712785012677962], [33.581652118587336, 17.71278585040091], [33.581650370908996, 17.712243544156525], [33.581367454762045, 17.712244381444872], [33.58136570799593, 17.71170207514314], [33.58108279268334, 17.711702911996905], [33.581081919748584, 17.711431758821135], [33.58079900484539, 17.711432595253985], [33.580798132351134, 17.711161442057065], [33.58051521785733, 17.71116227806901], [33.58051783411189, 17.71197573767808], [33.580800749880545, 17.711974901625272], [33.580801622421454, 17.712246054799646], [33.58108453859953, 17.712245218325915], [33.58108628457795, 17.712787524624854], [33.58136920159043, 17.71278668771654], [33.58137007502797, 17.7130578408411], [33.5810871575905, 17.71305867776305], [33.58108803061861, 17.713329830893727], [33.580805112740585, 17.713330667421975], [33.58080424013748, 17.713059514277667], [33.58023840518478, 17.713061186084918], [33.5802375334472, 17.71279003290586], [33.57995461637253, 17.712790868184893], [33.57995287379394, 17.712248561777006], [33.57966995755371, 17.712249396621512], [33.57966821588717, 17.711707090156363], [33.57938530048134, 17.711707924566372], [33.5793861708819, 17.711979077816302], [33.5791032550356, 17.711979911832607], [33.57910499503329, 17.7125222183371], [33.578822078321544, 17.712523051973264], [33.57882294791867, 17.71279420522782], [33.578540030766426, 17.71279503847025], [33.57854089995406, 17.713066191730867], [33.577692147129476, 17.713068689054918], [33.5776930150576, 17.713339842348706], [33.57627842458236, 17.713343996476596]], [[33.57655441331556, 17.711173939471735], [33.57683732802627, 17.711173109161724], [33.57683646149671, 17.710901955767195], [33.576553547210935, 17.710902786063677], [33.57655441331556, 17.711173939471735]], [[33.576270632909726, 17.710903615952883], [33.576553547210935, 17.710902786063677], [33.57655268112175, 17.71063163264811], [33.57626976724547, 17.710632462523794], [33.576270632909726, 17.710903615952883]], [[33.580787663633004, 17.707907603107955], [33.581070573012504, 17.707906766852272], [33.58106970029555, 17.707635613571295], [33.5807867913409, 17.70763644981335], [33.580787663633004, 17.707907603107955]]]}, "properties": {"zone_id": "scene_02-Z0240", "scene": "scene_02", "pixel_count": 441, "approx_area_m2": 396900.0, "centroid_x": 561407.4149659864, "centroid_y": 1958202.3129251702, "centroid_lon": 33.5791198617811, "centroid_lat": 17.710057484740922, "mean_risk": 2.2354276180267334, "max_risk": 3.100534439086914, "median_risk": 2.171917200088501, "high_priority_pixel_pct": 100.0, "priority_category": "HIGH PRIORITY", "threshold_type": "95th percentile prioritisation threshold", "recommendation": "Spectral-stress evidence detected. Prioritise field inspection to determine the underlying cause. Field verification required.", "priority_rank": 87}}, {"type": "Feature", "geometry": {"type": "Polygon", "coordinates": [[[33.50951009744443, 17.713799643686592], [33.50950627001151, 17.712443861813284], [33.509789189868904, 17.71244312798374], [33.50978842399825, 17.71217197159851], [33.509505504565844, 17.7121727054161], [33.50950473913383, 17.71190154901141], [33.51007057713502, 17.71190008099283], [33.51006981086669, 17.71162892460456], [33.510635647963284, 17.71162745498067], [33.51063641508158, 17.711898611344992], [33.51148517189885, 17.71189640381836], [33.51148594030577, 17.712167560139218], [33.510354262822105, 17.712170502741373], [33.51035656302502, 17.71298397180273], [33.51063948369145, 17.712983236727247], [33.510641018078424, 17.713525549373333], [33.509792253488015, 17.713527753449572], [33.509793019426915, 17.713798909797262], [33.50951009744443, 17.713799643686592]]]}, "properties": {"zone_id": "scene_02-Z0241", "scene": "scene_02", "pixel_count": 26, "approx_area_m2": 23400.0, "centroid_x": 554094.2307692308, "centroid_y": 1958465.7692307692, "centroid_lon": 33.51015969258042, "centroid_lat": 17.71262989138196, "mean_risk": 1.8675651550292969, "max_risk": 2.082911252975464, "median_risk": 1.8427648544311523, "high_priority_pixel_pct": 100.0, "priority_category": "HIGH PRIORITY", "threshold_type": "95th percentile prioritisation threshold", "recommendation": "Spectral-stress evidence detected. Prioritise field inspection to determine the underlying cause. Field verification required.", "priority_rank": 318}}, {"type": "Feature", "geometry": {"type": "Polygon", "coordinates": [[[33.52591954963045, 17.713756404737936], [33.52591875946491, 17.713485249082716], [33.52563583869761, 17.71348600617924], [33.525634259258815, 17.712943694821618], [33.52535133932747, 17.71294445148613], [33.52535055005419, 17.712673295783723], [33.52563346956052, 17.71267253913154], [33.52563189020616, 17.712130227728863], [33.525914808848434, 17.712129470694006], [33.525913228700425, 17.71158715928597], [33.52619614647866, 17.71158640186848], [33.52619456553705, 17.71104409045509], [33.52647748245128, 17.71104333265499], [33.52648380995574, 17.713212578029573], [33.52676673025575, 17.713211819723355], [33.52676752168226, 17.713482975349034], [33.526201680218115, 17.71348449157884], [33.526202470808684, 17.713755647221717], [33.52591954963045, 17.713756404737936]]]}, "properties": {"zone_id": "scene_02-Z0242", "scene": "scene_02", "pixel_count": 24, "approx_area_m2": 21600.0, "centroid_x": 555785.0, "centroid_y": 1958465.0, "centroid_lon": 33.526104738574055, "centroid_lat": 17.71258089191453, "mean_risk": 2.0890915393829346, "max_risk": 2.301419258117676, "median_risk": 2.071589469909668, "high_priority_pixel_pct": 100.0, "priority_category": "HIGH PRIORITY", "threshold_type": "95th percentile prioritisation threshold", "recommendation": "Spectral-stress evidence detected. Prioritise field inspection to determine the underlying cause. Field verification required.", "priority_rank": 153}}, {"type": "Feature", "geometry": {"type": "Polygon", "coordinates": [[[33.555905773871274, 17.712589223805484], [33.555902433327816, 17.711504606399725], [33.556185349570484, 17.711503805808455], [33.556184514046876, 17.711232651451287], [33.55675034563761, 17.711231049072975], [33.556749509279, 17.710959894734398], [33.55703242462707, 17.710959092947373], [33.557034098209094, 17.711501401590887], [33.55731701439215, 17.711500599370446], [33.55731785163049, 17.71177175366786], [33.55760076822358, 17.711770951027045], [33.55759993056027, 17.711499796742704], [33.557882846713476, 17.711498993707668], [33.55788200864014, 17.711227839428904], [33.558164924353456, 17.711227035999663], [33.558165762851736, 17.71149819026534], [33.55929742725527, 17.711494972423086], [33.55929826746834, 17.71176612662882], [33.558449517913246, 17.71176854066079], [33.558450356866395, 17.712039694898344], [33.558733273824686, 17.71203889061522], [33.55873411321776, 17.712310044832158], [33.558451195834486, 17.712310849128386], [33.558452034817535, 17.712582003350924], [33.55788619915618, 17.712583610747625], [33.5578853610231, 17.712312456498903], [33.55760244359499, 17.712313259573193], [33.55760328130308, 17.712584413834996], [33.555905773871274, 17.712589223805484]]]}, "properties": {"zone_id": "scene_02-Z0243", "scene": "scene_02", "pixel_count": 44, "approx_area_m2": 39600.0, "centroid_x": 559092.2727272727, "centroid_y": 1958404.7727272727, "centroid_lon": 33.557292683738346, "centroid_lat": 17.711950541944077, "mean_risk": 2.1712446212768555, "max_risk": 2.6493475437164307, "median_risk": 2.188112735748291, "high_priority_pixel_pct": 100.0, "priority_category": "HIGH PRIORITY", "threshold_type": "95th percentile prioritisation threshold", "recommendation": "Spectral-stress evidence detected. Prioritise field inspection to determine the underlying cause. Field verification required.", "priority_rank": 109}}, {"type": "Feature", "geometry": {"type": "Polygon", "coordinates": [[[33.49563722384031, 17.71031006447111], [33.495636479325626, 17.71003890743618], [33.495353562620096, 17.71003962079452], [33.49535281854361, 17.709768463740463], [33.49478698594264, 17.709769889212094], [33.49478624272926, 17.709498732127308], [33.49535207448039, 17.709497306678905], [33.495351330430424, 17.709226149609844], [33.49591716127867, 17.709224722555653], [33.49591790617846, 17.709495879601462], [33.49620082200759, 17.709495165451848], [33.496200076682875, 17.70922400841768], [33.4964829920738, 17.709223293872448], [33.49648224633747, 17.708952136842417], [33.4967651612902, 17.708951421901588], [33.49676441514226, 17.708680264875703], [33.49704732965679, 17.708679549539276], [33.49704658309726, 17.70840839251755], [33.49846115334565, 17.70840480978521], [33.498460404675015, 17.70813365281437], [33.498743318259805, 17.708132935057893], [33.498741071053345, 17.70731946413543], [33.49930689563365, 17.707318027471047], [33.49930839545739, 17.707860341380034], [33.49902548232419, 17.70786105993925], [33.49902698135165, 17.708403373841637], [33.49874406735533, 17.70840409201704], [33.4987448164642, 17.70867524896869], [33.49846190202964, 17.708675966748554], [33.49846414816167, 17.709489437593565], [33.49874706387096, 17.709488719778612], [33.49874631472202, 17.709217562849474], [33.499029229993035, 17.709216844638963], [33.49902848043254, 17.708945687714028], [33.499311395265295, 17.708944969107968], [33.49931289524945, 17.70948728292692], [33.499029979566885, 17.70948800155639], [33.4990307291541, 17.709759158466326], [33.49761614841638, 17.709762745563257], [33.49761465350449, 17.709220431618988], [33.49733173816679, 17.709221147793233], [33.49733248519116, 17.70949230478079], [33.496766653625976, 17.70949373593084], [33.496767399813805, 17.70976489293421], [33.49591865109153, 17.709767036639764], [33.4959201409575, 17.710309350693862], [33.49563722384031, 17.71031006447111]]]}, "properties": {"zone_id": "scene_02-Z0244", "scene": "scene_02", "pixel_count": 89, "approx_area_m2": 80100.0, "centroid_x": 552669.1011235955, "centroid_y": 1958177.191011236, "centroid_lon": 33.49671257082941, "centroid_lat": 17.710055994150363, "mean_risk": 2.1282107830047607, "max_risk": 2.697615623474121, "median_risk": 2.1140124797821045, "high_priority_pixel_pct": 100.0, "priority_category": "HIGH PRIORITY", "threshold_type": "95th percentile prioritisation threshold", "recommendation": "Spectral-stress evidence detected. Prioritise field inspection to determine the underlying cause. Field verification required.", "priority_rank": 129}}, {"type": "Feature", "geometry": {"type": "Polygon", "coordinates": [[[33.49762287617936, 17.71220315794102], [33.49762063347179, 17.711389687215963], [33.4979035521957, 17.711388970541048], [33.49790056040565, 17.710304342849298], [33.4981834774164, 17.71030362581381], [33.49818422576886, 17.71057478273633], [33.49846714319122, 17.710574065281865], [33.49846938960352, 17.711387535969298], [33.498186470906276, 17.711388253458825], [33.498187967731255, 17.711930567236312], [33.497905048170715, 17.7119312843419], [33.49790579617822, 17.71220244123107], [33.49762287617936, 17.71220315794102]]]}, "properties": {"zone_id": "scene_02-Z0245", "scene": "scene_02", "pixel_count": 12, "approx_area_m2": 10800.0, "centroid_x": 552810.0, "centroid_y": 1958310.0, "centroid_lon": 33.49804463746099, "centroid_lat": 17.71125303359887, "mean_risk": 2.118143081665039, "max_risk": 2.6089234352111816, "median_risk": 2.028402328491211, "high_priority_pixel_pct": 100.0, "priority_category": "HIGH PRIORITY", "threshold_type": "95th percentile prioritisation threshold", "recommendation": "Spectral-stress evidence detected. Prioritise field inspection to determine the underlying cause. Field verification required.", "priority_rank": 136}}, {"type": "Feature", "geometry": {"type": "Polygon", "coordinates": [[[33.506676309492725, 17.71218002118919], [33.506675548310575, 17.711908864665304], [33.507241386584, 17.71190740479306], [33.507238338591314, 17.710822778717635], [33.507804173410676, 17.710821317311364], [33.5078072248031, 17.711905943291544], [33.50752430570034, 17.711906674245963], [33.507525068157456, 17.712177830734156], [33.506676309492725, 17.71218002118919]]]}, "properties": {"zone_id": "scene_02-Z0246", "scene": "scene_02", "pixel_count": 11, "approx_area_m2": 9900.0, "centroid_x": 553802.7272727273, "centroid_y": 1958345.4545454546, "centroid_lon": 33.507407561256315, "centroid_lat": 17.711549539584865, "mean_risk": 1.996087908744812, "max_risk": 2.2907533645629883, "median_risk": 1.9389303922653198, "high_priority_pixel_pct": 100.0, "priority_category": "HIGH PRIORITY", "threshold_type": "95th percentile prioritisation threshold", "recommendation": "Spectral-stress evidence detected. Prioritise field inspection to determine the underlying cause. Field verification required.", "priority_rank": 202}}, {"type": "Feature", "geometry": {"type": "Polygon", "coordinates": [[[33.55533826933994, 17.712048515130412], [33.55533743506146, 17.71177736074915], [33.5550545183492, 17.71177816013156], [33.555053684510554, 17.711507005729757], [33.5547707682084, 17.711507804691845], [33.554769101425585, 17.710965495839677], [33.55505201687784, 17.71096469690362], [33.555051183083776, 17.71069354247929], [33.55533409809623, 17.710692743148982], [33.555335766549106, 17.711235051964085], [33.55561868239658, 17.71123425220044], [33.5556211864623, 17.712047715327678], [33.55533826933994, 17.712048515130412]]]}, "properties": {"zone_id": "scene_02-Z0247", "scene": "scene_02", "pixel_count": 9, "approx_area_m2": 8100.0, "centroid_x": 558873.3333333334, "centroid_y": 1958340.0, "centroid_lon": 33.5552261607554, "centroid_lat": 17.711370940074904, "mean_risk": 1.8581995964050293, "max_risk": 2.1130383014678955, "median_risk": 1.8242582082748413, "high_priority_pixel_pct": 100.0, "priority_category": "HIGH PRIORITY", "threshold_type": "95th percentile prioritisation threshold", "recommendation": "Spectral-stress evidence detected. Prioritise field inspection to determine the underlying cause. Field verification required.", "priority_rank": 327}}, {"type": "Feature", "geometry": {"type": "Polygon", "coordinates": [[[33.57316029660578, 17.71145502498628], [33.57315943558509, 17.711183871423906], [33.572876520674285, 17.711184696439258], [33.57287479952882, 17.710642389265093], [33.57400645568042, 17.710639086867626], [33.574008180225384, 17.711181393934172], [33.57372526536064, 17.71118222017137], [33.57372612723123, 17.711453373706828], [33.57316029660578, 17.71145502498628]]]}, "properties": {"zone_id": "scene_02-Z0248", "scene": "scene_02", "pixel_count": 10, "approx_area_m2": 9000.0, "centroid_x": 560805.0, "centroid_y": 1958304.0, "centroid_lon": 33.57344174747773, "centroid_lat": 17.710993238512565, "mean_risk": 2.117354154586792, "max_risk": 2.7163584232330322, "median_risk": 2.0623435974121094, "high_priority_pixel_pct": 100.0, "priority_category": "HIGH PRIORITY", "threshold_type": "95th percentile prioritisation threshold", "recommendation": "Spectral-stress evidence detected. Prioritise field inspection to determine the underlying cause. Field verification required.", "priority_rank": 138}}, {"type": "Feature", "geometry": {"type": "Polygon", "coordinates": [[[33.50978536065214, 17.71108734598256], [33.509784594849734, 17.71081618955981], [33.509218760220996, 17.71081765666813], [33.50921723035691, 17.710275343752304], [33.508934313871976, 17.710276076671644], [33.50893278491229, 17.70973376370191], [33.509215700547365, 17.70973303080645], [33.509214935663046, 17.709461874322272], [33.50893202045288, 17.709462607205783], [33.50893049157496, 17.70892029419102], [33.5092134059353, 17.708919561331392], [33.50921264109188, 17.708648404824693], [33.50949555501369, 17.708647671569768], [33.509494024517984, 17.708105358557766], [33.5097769375764, 17.708104624919514], [33.50977846892187, 17.708646937907606], [33.5100613828164, 17.70864620383821], [33.51005831848053, 17.707561577879854], [33.509775406285506, 17.707562311901402], [33.50977617192412, 17.70783346841421], [33.508927433982606, 17.707835668071443], [33.50892666961858, 17.707564511522786], [33.50920958185453, 17.707563778722868], [33.50920805231765, 17.70702146562693], [33.510056786394536, 17.707019264855642], [33.51005602037202, 17.706748108332285], [33.51062184217199, 17.706746639139396], [33.51062260904419, 17.707017795638805], [33.51090552034852, 17.707017060419588], [33.51090628765924, 17.707288216899528], [33.51147211107655, 17.707286745215523], [33.51147287925066, 17.707557901663964], [33.51175579136364, 17.707557165199155], [33.51175809724275, 17.70837063446344], [33.51147518385516, 17.708371370964255], [33.51147672032663, 17.7089136837936], [33.511759634564, 17.70891294726878], [33.51176040324518, 17.709184103660192], [33.5114774885829, 17.709184840197015], [33.511478256852875, 17.709455996592926], [33.51119534175199, 17.709456732734488], [33.51119764536929, 17.710270201913165], [33.510914728979955, 17.710270937683443], [33.51091549645482, 17.710542094073322], [33.5111984132691, 17.710541358291053], [33.51119994910978, 17.7110836710243], [33.50978536065214, 17.71108734598256]]]}, "properties": {"zone_id": "scene_02-Z0249", "scene": "scene_02", "pixel_count": 112, "approx_area_m2": 100800.0, "centroid_x": 554112.5892857143, "centroid_y": 1958061.9642857143, "centroid_lon": 33.510322506997, "centroid_lat": 17.708979631891133, "mean_risk": 2.0608487129211426, "max_risk": 2.6062839031219482, "median_risk": 2.040278911590576, "high_priority_pixel_pct": 100.0, "priority_category": "HIGH PRIORITY", "threshold_type": "95th percentile prioritisation threshold", "recommendation": "Spectral-stress evidence detected. Prioritise field inspection to determine the underlying cause. Field verification required.", "priority_rank": 167}}, {"type": "Feature", "geometry": {"type": "Polygon", "coordinates": [[[33.573439766235744, 17.710369585309437], [33.57343632079097, 17.709284970948445], [33.57371923269665, 17.709284145212727], [33.573718370948946, 17.70901299161715], [33.57428419386444, 17.709011338950923], [33.57428505646192, 17.709282492519574], [33.574850880165684, 17.709280838197476], [33.57485260710635, 17.70982314525831], [33.57456969441237, 17.709823972649936], [33.574570557480875, 17.710095126182562], [33.57428764434659, 17.71009595318042], [33.57428678170299, 17.709824799634315], [33.574003868978245, 17.709825626211455], [33.574005593430996, 17.710367933323084], [33.573439766235744, 17.710369585309437]]]}, "properties": {"zone_id": "scene_02-Z0250", "scene": "scene_02", "pixel_count": 17, "approx_area_m2": 15300.0, "centroid_x": 560869.4117647059, "centroid_y": 1958156.4705882352, "centroid_lon": 33.57404494121392, "centroid_lat": 17.709658027480444, "mean_risk": 1.9823648929595947, "max_risk": 2.383155107498169, "median_risk": 1.9268320798873901, "high_priority_pixel_pct": 100.0, "priority_category": "HIGH PRIORITY", "threshold_type": "95th percentile prioritisation threshold", "recommendation": "Spectral-stress evidence detected. Prioritise field inspection to determine the underlying cause. Field verification required.", "priority_rank": 218}}, {"type": "Feature", "geometry": {"type": "Polygon", "coordinates": [[[33.50638806489526, 17.710282654618258], [33.50638730423301, 17.710011498029953], [33.50610438803708, 17.710012226864652], [33.50610362781332, 17.709741070256975], [33.50695237508563, 17.709738882566725], [33.506951613600656, 17.709467725987192], [33.50723452890604, 17.709466995954475], [33.50723376700973, 17.709195839379333], [33.50695085212925, 17.709196569400152], [33.50695009067143, 17.708925412805606], [33.507798833997384, 17.708923221557104], [33.507801885009115, 17.710007847747423], [33.50751896888105, 17.710008578618474], [33.50751973124304, 17.710279735159197], [33.50638806489526, 17.710282654618258]]]}, "properties": {"zone_id": "scene_02-Z0251", "scene": "scene_02", "pixel_count": 18, "approx_area_m2": 16200.0, "centroid_x": 553776.6666666666, "centroid_y": 1958140.0, "centroid_lon": 33.507156576148176, "centroid_lat": 17.709693162591837, "mean_risk": 1.948494553565979, "max_risk": 2.2356810569763184, "median_risk": 1.9452433586120605, "high_priority_pixel_pct": 100.0, "priority_category": "HIGH PRIORITY", "threshold_type": "95th percentile prioritisation threshold", "recommendation": "Spectral-stress evidence detected. Prioritise field inspection to determine the underlying cause. Field verification required.", "priority_rank": 236}}, {"type": "Feature", "geometry": {"type": "Polygon", "coordinates": [[[33.52336303706266, 17.710238178509325], [33.52335910641214, 17.708882399116337], [33.52364202006751, 17.708881645487402], [33.5236396605707, 17.708068177798374], [33.52392257293741, 17.70806742379906], [33.52392178604165, 17.707796267899994], [33.524204697969466, 17.707795513505758], [33.52420391066286, 17.707524357611483], [33.524486822151786, 17.70752360282233], [33.52448997316188, 17.70860822630521], [33.52420705997347, 17.70860898114356], [33.52420784733621, 17.708880137007814], [33.52392493370888, 17.708880891451226], [33.523925720660756, 17.70915204732027], [33.523642806594495, 17.70915280136873], [33.52364595284261, 17.710237424818985], [33.52336303706266, 17.710238178509325]]]}, "properties": {"zone_id": "scene_02-Z0252", "scene": "scene_02", "pixel_count": 17, "approx_area_m2": 15300.0, "centroid_x": 555552.3529411765, "centroid_y": 1958034.705882353, "centroid_lon": 33.5238994384246, "centroid_lat": 17.708697529024985, "mean_risk": 1.8813711404800415, "max_risk": 1.9927473068237305, "median_risk": 1.884726881980896, "high_priority_pixel_pct": 100.0, "priority_category": "HIGH PRIORITY", "threshold_type": "95th percentile prioritisation threshold", "recommendation": "Spectral-stress evidence detected. Prioritise field inspection to determine the underlying cause. Field verification required.", "priority_rank": 304}}, {"type": "Feature", "geometry": {"type": "Polygon", "coordinates": [[[33.55731115414153, 17.7096025190782], [33.557309479918516, 17.709060210355666], [33.557026567559774, 17.709061012458477], [33.55702573089553, 17.708789858072876], [33.55561117100273, 17.708793862413145], [33.55561033647779, 17.708522707954778], [33.55532742487946, 17.708523507588115], [33.55532492266849, 17.70771004412887], [33.55560783299224, 17.707709244534623], [33.5556069985268, 17.70743809004622], [33.557021547798016, 17.707434086032215], [33.55702071122325, 17.70716293160155], [33.55843525799744, 17.707158917473087], [33.558437774139186, 17.707972380546288], [33.558720684723745, 17.707971576459723], [33.55872152389242, 17.70824273078933], [33.55843861288301, 17.708243534889004], [33.55844280682637, 17.709599306489913], [33.55731115414153, 17.7096025190782]]]}, "properties": {"zone_id": "scene_02-Z0253", "scene": "scene_02", "pixel_count": 72, "approx_area_m2": 64800.0, "centroid_x": 559080.8333333334, "centroid_y": 1957995.0, "centroid_lon": 33.557173371796914, "centroid_lat": 17.70824712601854, "mean_risk": 1.9851934909820557, "max_risk": 2.333815813064575, "median_risk": 1.9328619241714478, "high_priority_pixel_pct": 100.0, "priority_category": "HIGH PRIORITY", "threshold_type": "95th percentile prioritisation threshold", "recommendation": "Spectral-stress evidence detected. Prioritise field inspection to determine the underlying cause. Field verification required.", "priority_rank": 211}}, {"type": "Feature", "geometry": {"type": "Polygon", "coordinates": [[[33.586733163630385, 17.70924572114909], [33.58673228233798, 17.708974568179645], [33.5864493715716, 17.708975412634352], [33.586448490719775, 17.708704259643625], [33.586165580362575, 17.708705103677357], [33.58616381955575, 17.70816279764585], [33.58559800049374, 17.708164484436686], [33.58559624144909, 17.707622178320147], [33.58644496746949, 17.70761964760558], [33.586446729063226, 17.708161953639628], [33.586729638555006, 17.708161109226197], [33.586730519800284, 17.708432262218196], [33.587013429701216, 17.70843141738379], [33.58701431138707, 17.708702570354507], [33.58729722169714, 17.708701725099125], [33.58729898596576, 17.709244030990455], [33.586733163630385, 17.70924572114909]]]}, "properties": {"zone_id": "scene_02-Z0254", "scene": "scene_02", "pixel_count": 16, "approx_area_m2": 14400.0, "centroid_x": 562186.875, "centroid_y": 1958021.25, "centroid_lon": 33.58646518164717, "centroid_lat": 17.708399159755412, "mean_risk": 1.9437156915664673, "max_risk": 2.31132173538208, "median_risk": 1.8929592370986938, "high_priority_pixel_pct": 100.0, "priority_category": "HIGH PRIORITY", "threshold_type": "95th percentile prioritisation threshold", "recommendation": "Spectral-stress evidence detected. Prioritise field inspection to determine the underlying cause. Field verification required.", "priority_rank": 240}}, {"type": "Feature", "geometry": {"type": "Polygon", "coordinates": [[[33.59663504537374, 17.70921590819759], [33.596629668633994, 17.70758899318296], [33.596912576705805, 17.707588134138224], [33.59691436973819, 17.708130439145165], [33.597197278643705, 17.708129579665222], [33.5972008665997, 17.709214189532887], [33.59663504537374, 17.70921590819759]]]}, "properties": {"zone_id": "scene_02-Z0255", "scene": "scene_02", "pixel_count": 10, "approx_area_m2": 9000.0, "centroid_x": 563292.0, "centroid_y": 1958037.0, "centroid_lon": 33.59688733394797, "centroid_lat": 17.708510138559692, "mean_risk": 1.8947452306747437, "max_risk": 2.183649778366089, "median_risk": 1.8659030199050903, "high_priority_pixel_pct": 100.0, "priority_category": "HIGH PRIORITY", "threshold_type": "95th percentile prioritisation threshold", "recommendation": "Spectral-stress evidence detected. Prioritise field inspection to determine the underlying cause. Field verification required.", "priority_rank": 291}}, {"type": "Feature", "geometry": {"type": "Polygon", "coordinates": [[[33.50412094537047, 17.708932690496397], [33.50412018817518, 17.708661533775746], [33.50383727399562, 17.708662259293156], [33.50383424704895, 17.707577632288263], [33.504117159528995, 17.707576906818147], [33.50411640240118, 17.70730575005998], [33.50496513848573, 17.707303571241862], [33.50496741373344, 17.708117041387315], [33.504684500444164, 17.70811776810275], [33.504685258462224, 17.70838892481473], [33.50440234473456, 17.708389651134784], [33.50440385996143, 17.708931964559916], [33.50412094537047, 17.708932690496397]]]}, "properties": {"zone_id": "scene_02-Z0256", "scene": "scene_02", "pixel_count": 17, "approx_area_m2": 15300.0, "centroid_x": 553480.5882352941, "centroid_y": 1957950.0, "centroid_lon": 33.50435960348249, "centroid_lat": 17.707983022821058, "mean_risk": 2.1915907859802246, "max_risk": 2.6355676651000977, "median_risk": 2.199615478515625, "high_priority_pixel_pct": 100.0, "priority_category": "HIGH PRIORITY", "threshold_type": "95th percentile prioritisation threshold", "recommendation": "Spectral-stress evidence detected. Prioritise field inspection to determine the underlying cause. Field verification required.", "priority_rank": 104}}, {"type": "Feature", "geometry": {"type": "Polygon", "coordinates": [[[33.46705761704218, 17.708481950670215], [33.467056915534194, 17.70821079244229], [33.46677400050179, 17.70821146458885], [33.4667732994312, 17.70794030634246], [33.46649038481119, 17.70794097807084], [33.466489684177965, 17.707669819806007], [33.46620676997035, 17.707670491116218], [33.46620536959112, 17.707128174542174], [33.465922456220746, 17.70712884542329], [33.46592315597926, 17.707400003725], [33.465640242171546, 17.707400674209836], [33.46564094151766, 17.70767183251497], [33.46535802727261, 17.70767250260351], [33.465358726206304, 17.707943660912065], [33.465075811523924, 17.707944330604295], [33.46507441451873, 17.707402013957868], [33.46479150067365, 17.707402683221048], [33.464792198745144, 17.707673841558922], [33.46450928446274, 17.707674510425793], [33.46450649395086, 17.70658987698571], [33.464789406533825, 17.706589208162434], [33.46478801050282, 17.70604689141921], [33.46563674562798, 17.706044882571696], [33.465638144208015, 17.706587199249444], [33.465921056741145, 17.70658652879739], [33.465921756474714, 17.70685768711409], [33.46620466942022, 17.706857016243905], [33.46620396926182, 17.706585857938137], [33.46648688177, 17.706585186671692], [33.46648618119923, 17.70631402836936], [33.46676909327009, 17.706313356706662], [33.4667697942657, 17.706584514998042], [33.467052706748895, 17.706583842917198], [33.46704990114212, 17.705499209750506], [33.46676699035824, 17.705499881787535], [33.46676488755885, 17.70468640680092], [33.467047797068325, 17.704685734796747], [33.46704919977169, 17.705228051440084], [33.46733211011826, 17.70522737900685], [33.467332811913494, 17.705498537306312], [33.46789863341871, 17.705497191196407], [33.4678993360761, 17.705768349466425], [33.46818224723474, 17.705767675789737], [33.468182950329485, 17.706038834041284], [33.46790003874602, 17.70603950772895], [33.467903552283516, 17.70739529892909], [33.46762063856329, 17.707395972264443], [33.46762274556148, 17.70820944692746], [33.46790566055635, 17.70820877355919], [33.46790495778621, 17.707937615356656], [33.46818787234366, 17.707936941592127], [33.468189278746244, 17.70847925796773], [33.46705761704218, 17.708481950670215]]]}, "properties": {"zone_id": "scene_02-Z0257", "scene": "scene_02", "pixel_count": 79, "approx_area_m2": 71100.0, "centroid_x": 549472.7848101265, "centroid_y": 1957821.2658227847, "centroid_lon": 33.466561142815706, "centroid_lat": 17.7069128050336, "mean_risk": 1.9136172533035278, "max_risk": 2.1867141723632812, "median_risk": 1.9105230569839478, "high_priority_pixel_pct": 100.0, "priority_category": "HIGH PRIORITY", "threshold_type": "95th percentile prioritisation threshold", "recommendation": "Spectral-stress evidence detected. Prioritise field inspection to determine the underlying cause. Field verification required.", "priority_rank": 275}}, {"type": "Feature", "geometry": {"type": "Polygon", "coordinates": [[[33.46281110341004, 17.7074073566613], [33.46281040832503, 17.707136198239755], [33.46224458127353, 17.70713752982175], [33.4622411102828, 17.70578173749311], [33.46252402169053, 17.705781071959947], [33.46252332710469, 17.705509913482576], [33.463089149033365, 17.705508581216456], [33.46308984446885, 17.70577973967211], [33.4633727558394, 17.705779072917426], [33.46337484349473, 17.70659254820682], [33.46365775612739, 17.70659188101234], [33.463659845168934, 17.707405356201637], [33.46281110341004, 17.7074073566613]]]}, "properties": {"zone_id": "scene_02-Z0258", "scene": "scene_02", "pixel_count": 27, "approx_area_m2": 24300.0, "centroid_x": 549085.5555555555, "centroid_y": 1957776.6666666667, "centroid_lon": 33.46290836842444, "centroid_lat": 17.706518325165366, "mean_risk": 1.881459355354309, "max_risk": 2.00852632522583, "median_risk": 1.8913521766662598, "high_priority_pixel_pct": 100.0, "priority_category": "HIGH PRIORITY", "threshold_type": "95th percentile prioritisation threshold", "recommendation": "Spectral-stress evidence detected. Prioritise field inspection to determine the underlying cause. Field verification required.", "priority_rank": 303}}, {"type": "Feature", "geometry": {"type": "Polygon", "coordinates": [[[33.57540892568928, 17.706838800343647], [33.575405469148215, 17.705754185969305], [33.575688375423276, 17.705753357558454], [33.575689239960234, 17.706024511149806], [33.57738667983544, 17.70601953205343], [33.57738754693663, 17.70629068555612], [33.576821732857034, 17.70629234691061], [33.57682259912406, 17.706563500432868], [33.576539691636285, 17.706564330512904], [33.57653882579407, 17.70629317697711], [33.576255918715674, 17.706294006636455], [33.57625678413308, 17.706565160185757], [33.575973876614434, 17.706565989451448], [33.575974741622446, 17.706837143006762], [33.57540892568928, 17.706838800343647]]]}, "properties": {"zone_id": "scene_02-Z0259", "scene": "scene_02", "pixel_count": 14, "approx_area_m2": 12600.0, "centroid_x": 561092.1428571428, "centroid_y": 1957785.0, "centroid_lon": 33.57613467282021, "centroid_lat": 17.7062943620801, "mean_risk": 1.849312424659729, "max_risk": 1.992279291152954, "median_risk": 1.8347585201263428, "high_priority_pixel_pct": 100.0, "priority_category": "HIGH PRIORITY", "threshold_type": "95th percentile prioritisation threshold", "recommendation": "Spectral-stress evidence detected. Prioritise field inspection to determine the underlying cause. Field verification required.", "priority_rank": 336}}, {"type": "Feature", "geometry": {"type": "Polygon", "coordinates": [[[33.58389528127985, 17.706542616102645], [33.5838944043926, 17.70627146292075], [33.58304568432186, 17.706273982435818], [33.58304305757702, 17.705460522721857], [33.58360886842439, 17.705458843534405], [33.58360974483996, 17.70572999675254], [33.58417555647439, 17.705728315909138], [33.584176433755175, 17.705999469092358], [33.58474224617664, 17.705997786592953], [33.58474312432266, 17.706268939741243], [33.584460217694954, 17.70626978120824], [33.58446109543182, 17.706540934362728], [33.58389528127985, 17.706542616102645]]]}, "properties": {"zone_id": "scene_02-Z0260", "scene": "scene_02", "pixel_count": 14, "approx_area_m2": 12600.0, "centroid_x": 561902.1428571428, "centroid_y": 1957757.142857143, "centroid_lon": 33.58377234460742, "centroid_lat": 17.70602003796617, "mean_risk": 1.965624451637268, "max_risk": 2.1942050457000732, "median_risk": 1.969667911529541, "high_priority_pixel_pct": 100.0, "priority_category": "HIGH PRIORITY", "threshold_type": "95th percentile prioritisation threshold", "recommendation": "Spectral-stress evidence detected. Prioritise field inspection to determine the underlying cause. Field verification required.", "priority_rank": 227}}, {"type": "Feature", "geometry": {"type": "Polygon", "coordinates": [[[33.50778968226735, 17.705669342265747], [33.507788919711544, 17.705398185609365], [33.5075060108062, 17.70539891627796], [33.50750524868879, 17.705127759602156], [33.50693943168694, 17.705129219694076], [33.50693714796492, 17.704315749550272], [33.50665424071798, 17.70431647894984], [33.50665347992922, 17.704045322208348], [33.50721929355999, 17.70404386302587], [33.50722005519829, 17.70431501974358], [33.50750296241808, 17.70431428952975], [33.50750372449473, 17.70458544622806], [33.5077866321257, 17.70458471559519], [33.50778739464072, 17.704855872274077], [33.50807030268288, 17.704855141222158], [33.50807106563629, 17.705126297881637], [33.50891979095551, 17.705124102247222], [33.50892055519691, 17.705395258863412], [33.50863764634599, 17.705395991160636], [33.5086384101762, 17.705667147781252], [33.50778968226735, 17.705669342265747]]]}, "properties": {"zone_id": "scene_02-Z0261", "scene": "scene_02", "pixel_count": 19, "approx_area_m2": 17100.0, "centroid_x": 553834.7368421053, "centroid_y": 1957616.8421052631, "centroid_lon": 33.50769091124654, "centroid_lat": 17.704963157808006, "mean_risk": 2.0267562866210938, "max_risk": 2.2772579193115234, "median_risk": 2.0212204456329346, "high_priority_pixel_pct": 100.0, "priority_category": "HIGH PRIORITY", "threshold_type": "95th percentile prioritisation threshold", "recommendation": "Spectral-stress evidence detected. Prioritise field inspection to determine the underlying cause. Field verification required.", "priority_rank": 188}}, {"type": "Feature", "geometry": {"type": "Polygon", "coordinates": [[[33.491380180976094, 17.705439891353574], [33.491378705181646, 17.70489757665882], [33.49166161399976, 17.70489686922141], [33.49166087569747, 17.704625711874314], [33.49222669244463, 17.704624295801125], [33.49222595330595, 17.70435313846961], [33.492791769150834, 17.704351720790957], [33.49279102917579, 17.70408056347505], [33.49307393665367, 17.704079854036586], [33.49307541746651, 17.704622168637776], [33.49279250913907, 17.704622878099368], [33.492793249140504, 17.704894035400276], [33.49194452280471, 17.704896161376848], [33.491946000298356, 17.705438476025467], [33.491380180976094, 17.705439891353574]]]}, "properties": {"zone_id": "scene_02-Z0262", "scene": "scene_02", "pixel_count": 12, "approx_area_m2": 10800.0, "centroid_x": 552192.5, "centroid_y": 1957592.5, "centroid_lon": 33.492203547897546, "centroid_lat": 17.704782529943838, "mean_risk": 1.855221152305603, "max_risk": 1.95382821559906, "median_risk": 1.8439874649047852, "high_priority_pixel_pct": 100.0, "priority_category": "HIGH PRIORITY", "threshold_type": "95th percentile prioritisation threshold", "recommendation": "Spectral-stress evidence detected. Prioritise field inspection to determine the underlying cause. Field verification required.", "priority_rank": 331}}, {"type": "Feature", "geometry": {"type": "Polygon", "coordinates": [[[33.50948637285787, 17.705393793047488], [33.509483312575746, 17.70430916663328], [33.50920040545122, 17.704309899697027], [33.50919964083956, 17.704038743062767], [33.50976545422543, 17.704037276552054], [33.50976621968663, 17.70430843316241], [33.51004912678387, 17.704307699284403], [33.51005219046427, 17.705392325602944], [33.50948637285787, 17.705393793047488]]]}, "properties": {"zone_id": "scene_02-Z0263", "scene": "scene_02", "pixel_count": 10, "approx_area_m2": 9000.0, "centroid_x": 554049.0, "centroid_y": 1957590.0, "centroid_lon": 33.5097107863555, "centroid_lat": 17.704715314794203, "mean_risk": 1.8789268732070923, "max_risk": 2.0168495178222656, "median_risk": 1.8636915683746338, "high_priority_pixel_pct": 100.0, "priority_category": "HIGH PRIORITY", "threshold_type": "95th percentile prioritisation threshold", "recommendation": "Spectral-stress evidence detected. Prioritise field inspection to determine the underlying cause. Field verification required.", "priority_rank": 308}}, {"type": "Feature", "geometry": {"type": "Polygon", "coordinates": [[[33.46393648845076, 17.704964262894904], [33.46393579177809, 17.70469310444937], [33.46421870141218, 17.704692436516698], [33.46421730725453, 17.70415011962491], [33.46450021602662, 17.70414945130688], [33.46449951854166, 17.70387829286063], [33.464782426876546, 17.703877624146358], [33.464781728979254, 17.703606465703505], [33.46506463687694, 17.703605796593017], [33.465063938567326, 17.703334638153578], [33.46562975347582, 17.703333298733057], [33.46563045263493, 17.70360445715066], [33.46591336049524, 17.703603786818793], [33.46591406009159, 17.703874945217976], [33.46619696836419, 17.703874274468053], [33.466199068502426, 17.704687749587805], [33.46563324939608, 17.704689090746097], [33.46563255018709, 17.704417932358485], [33.46534964104001, 17.70441860231599], [33.46534894226827, 17.704147443909957], [33.465066033533496, 17.704148113449403], [33.465066731880455, 17.704419271866346], [33.464783822708455, 17.704419941009558], [33.46478452064308, 17.704691099429915], [33.464501611033846, 17.704691768176883], [33.46450230855611, 17.704962926600633], [33.46393648845076, 17.704964262894904]]]}, "properties": {"zone_id": "scene_02-Z0264", "scene": "scene_02", "pixel_count": 24, "approx_area_m2": 21600.0, "centroid_x": 549328.75, "centroid_y": 1957515.0, "centroid_lon": 33.46519570003848, "centroid_lat": 17.704147806627695, "mean_risk": 1.8763736486434937, "max_risk": 1.992211103439331, "median_risk": 1.8835170269012451, "high_priority_pixel_pct": 100.0, "priority_category": "HIGH PRIORITY", "threshold_type": "95th percentile prioritisation threshold", "recommendation": "Spectral-stress evidence detected. Prioritise field inspection to determine the underlying cause. Field verification required.", "priority_rank": 311}}, {"type": "Feature", "geometry": {"type": "Polygon", "coordinates": [[[33.468180138025716, 17.704954200990116], [33.4681794349811, 17.704683042708577], [33.467896525521695, 17.704683716341346], [33.46789582291441, 17.704412558041327], [33.46761291386725, 17.704413231255973], [33.467611509539815, 17.703870914611507], [33.46732860132969, 17.70387158739707], [33.467327899609515, 17.703600429052624], [33.467893715167705, 17.703599083096293], [33.467895120319646, 17.704141399733814], [33.46817802892949, 17.704140726123008], [33.46817873194903, 17.704411884419542], [33.46846164097112, 17.70441121039061], [33.468462344427984, 17.70468236866866], [33.46874525386232, 17.7046816942216], [33.46874595775652, 17.704952852481156], [33.468180138025716, 17.704954200990116]]]}, "properties": {"zone_id": "scene_02-Z0265", "scene": "scene_02", "pixel_count": 9, "approx_area_m2": 8100.0, "centroid_x": 549626.6666666666, "centroid_y": 1957533.3333333333, "centroid_lon": 33.468005569799004, "centroid_lat": 17.70430684567531, "mean_risk": 1.8177555799484253, "max_risk": 1.9058020114898682, "median_risk": 1.8128163814544678, "high_priority_pixel_pct": 100.0, "priority_category": "HIGH PRIORITY", "threshold_type": "95th percentile prioritisation threshold", "recommendation": "Spectral-stress evidence detected. Prioritise field inspection to determine the underlying cause. Field verification required.", "priority_rank": 358}}, {"type": "Feature", "geometry": {"type": "Polygon", "coordinates": [[[33.506369052406164, 17.703503737659638], [33.50636829208284, 17.703232580883757], [33.506085386507806, 17.703233309421556], [33.50608462662277, 17.702962152626295], [33.50580172145893, 17.70296288074513], [33.50580096201217, 17.702691723930503], [33.505235152493334, 17.70269317892314], [33.505233635339316, 17.70215086522394], [33.50495073140904, 17.702151592085926], [33.50494997327703, 17.70188043521322], [33.50523287678259, 17.701879708363077], [33.50523060119358, 17.701066237735514], [33.50438189445856, 17.701068416958133], [33.50438113722997, 17.70079726003175], [33.50409823538263, 17.70079798561336], [33.50409747859221, 17.700526828667645], [33.50381457715605, 17.700527553830383], [33.50381533352179, 17.700798710787918], [33.50353243164747, 17.700799435555435], [33.503533187602024, 17.70107059251728], [33.50296738296359, 17.701072040854786], [33.50296662785839, 17.70080088386932], [33.503249529759664, 17.700800159915904], [33.50324801874032, 17.70025784594608], [33.50353091977879, 17.700257121609226], [33.50352789620319, 17.699172493626822], [33.50494239270034, 17.699168866073638], [33.50494315069718, 17.699440023021353], [33.50522605038072, 17.69943929627785], [33.50522680881572, 17.699710453206208], [33.505509708910374, 17.69970972604384], [33.50551122667025, 17.70025203985435], [33.50522832572629, 17.700252767040432], [33.50522984269096, 17.70079508084465], [33.505795646264005, 17.700793626018026], [33.50579640561598, 17.701064782885172], [33.50551350341155, 17.701065510513864], [33.50551502130674, 17.701607824249372], [33.50608082740082, 17.70160636853747], [33.50608158721811, 17.701877525370232], [33.50636449066954, 17.70187679689181], [33.50636525092509, 17.702147953705204], [33.506931058636674, 17.702146495503367], [33.50693181975521, 17.702417652285487], [33.50749762826194, 17.70241619243154], [33.507498390243484, 17.702687349182366], [33.50721548557219, 17.70268807932478], [33.50721624714259, 17.702959236079995], [33.50693334203298, 17.702959965827223], [33.50693486436504, 17.703502279338945], [33.506369052406164, 17.703503737659638]], [[33.5043796228133, 17.700254946156477], [33.50466252379781, 17.700254220191493], [33.50466176618507, 17.699983063254447], [33.50437886562522, 17.699983789207593], [33.5043796228133, 17.700254946156477]]]}, "properties": {"zone_id": "scene_02-Z0266", "scene": "scene_02", "pixel_count": 107, "approx_area_m2": 96300.0, "centroid_x": 553544.5794392524, "centroid_y": 1957248.2242990653, "centroid_lon": 33.50494533070613, "centroid_lat": 17.701638431549, "mean_risk": 2.218858480453491, "max_risk": 2.944305419921875, "median_risk": 2.124922037124634, "high_priority_pixel_pct": 100.0, "priority_category": "HIGH PRIORITY", "threshold_type": "95th percentile prioritisation threshold", "recommendation": "Spectral-stress evidence detected. Prioritise field inspection to determine the underlying cause. Field verification required.", "priority_rank": 93}}, {"type": "Feature", "geometry": {"type": "Polygon", "coordinates": [[[33.50778586962428, 17.704313558908794], [33.50778358220157, 17.703500088804585], [33.50750067626964, 17.703500819389813], [33.50749991424734, 17.7032296626615], [33.50778281975451, 17.703228932088173], [33.50778205732106, 17.70295777536426], [33.50863077248679, 17.702955581237426], [33.50863153619446, 17.703226737925565], [33.50834863072809, 17.703227469720208], [33.50835092065853, 17.704040939775417], [33.50891673412617, 17.704039475707443], [33.50891749831307, 17.704310632353643], [33.50778586962428, 17.704313558908794]]]}, "properties": {"zone_id": "scene_02-Z0267", "scene": "scene_02", "pixel_count": 14, "approx_area_m2": 12600.0, "centroid_x": 553883.5714285715, "centroid_y": 1957472.142857143, "centroid_lon": 33.50814775438197, "centroid_lat": 17.70365409556547, "mean_risk": 1.9403437376022339, "max_risk": 2.1736819744110107, "median_risk": 1.937147855758667, "high_priority_pixel_pct": 100.0, "priority_category": "HIGH PRIORITY", "threshold_type": "95th percentile prioritisation threshold", "recommendation": "Spectral-stress evidence detected. Prioritise field inspection to determine the underlying cause. Field verification required.", "priority_rank": 243}}, {"type": "Feature", "geometry": {"type": "Polygon", "coordinates": [[[33.51372691780261, 17.70429812182149], [33.513726146394696, 17.704026965379203], [33.512877426870354, 17.704029181633775], [33.5128758866443, 17.703486868654444], [33.512592980958225, 17.703487606567663], [33.51258605444301, 17.70104719768104], [33.512868956306676, 17.701046459876064], [33.51286818633781, 17.700775303307626], [33.51315108776308, 17.700774565107636], [33.513150317383264, 17.700503408543728], [33.513433218370125, 17.700502669948737], [33.51343167680242, 17.699960356822494], [33.51371457692622, 17.699959617844563], [33.513713034564205, 17.6994173047124], [33.51456173230524, 17.69941508540884], [33.51456327721509, 17.69995739846863], [33.51399747703627, 17.699958878459608], [33.51399979195641, 17.700772348065417], [33.51456559468318, 17.700770868002056], [33.51456482218004, 17.700499711498413], [33.51484772309809, 17.700498970868246], [33.51484926896749, 17.701041283843875], [33.5151321707211, 17.701040542782504], [33.51513139735485, 17.70076938631052], [33.51541429867, 17.70076864485419], [33.51541507246094, 17.70103980131409], [33.51569797418697, 17.701039059438617], [33.515698748416376, 17.701310215878916], [33.51598165055328, 17.701309473584303], [33.515983199902905, 17.70185178641819], [33.515417393916515, 17.701853270648755], [33.51541816776264, 17.702124427078648], [33.51513526432404, 17.702125168595416], [33.51513603775925, 17.70239632502988], [33.51485313388215, 17.702397066151654], [33.51485622606196, 17.703481691862827], [33.51457332047216, 17.703482432625812], [33.514574865795254, 17.70402474546053], [33.5151406786601, 17.704023263479137], [33.51514145219184, 17.704294419861082], [33.51372691780261, 17.70429812182149]]]}, "properties": {"zone_id": "scene_02-Z0268", "scene": "scene_02", "pixel_count": 125, "approx_area_m2": 112500.0, "centroid_x": 554501.76, "centroid_y": 1957299.84, "centroid_lon": 33.5139729641243, "centroid_lat": 17.7020815715593, "mean_risk": 1.9786794185638428, "max_risk": 2.253622531890869, "median_risk": 1.9874074459075928, "high_priority_pixel_pct": 100.0, "priority_category": "HIGH PRIORITY", "threshold_type": "95th percentile prioritisation threshold", "recommendation": "Spectral-stress evidence detected. Prioritise field inspection to determine the underlying cause. Field verification required.", "priority_rank": 221}}, {"type": "Feature", "geometry": {"type": "Polygon", "coordinates": [[[33.492789549265275, 17.70353824882072], [33.49278732949844, 17.702724776782983], [33.49307023485258, 17.70272406740234], [33.493069494531966, 17.70245291005299], [33.49335239944818, 17.70245220027682], [33.49335165871604, 17.70218104293154], [33.494483276549865, 17.7021781998023], [33.494484761425134, 17.702720514392666], [33.49420185613707, 17.702721225808794], [33.49420259816982, 17.70299238310432], [33.49363678670454, 17.70299380473846], [33.49363752790104, 17.70326496204966], [33.49335462172383, 17.703265672267655], [33.49335388095208, 17.702994514944873], [33.493070975186406, 17.702995224744186], [33.49307245589363, 17.703537539405385], [33.492789549265275, 17.70353824882072]], [[33.49335314019353, 17.702723357614598], [33.49363604552126, 17.70272264741976], [33.49363530435118, 17.702451490093555], [33.49335239944818, 17.70245220027682], [33.49335314019353, 17.702723357614598]]]}, "properties": {"zone_id": "scene_02-Z0269", "scene": "scene_02", "pixel_count": 18, "approx_area_m2": 16200.0, "centroid_x": 552330.0, "centroid_y": 1957376.6666666667, "centroid_lon": 33.49349488101283, "centroid_lat": 17.70282845263959, "mean_risk": 1.839709758758545, "max_risk": 2.007016181945801, "median_risk": 1.808312177658081, "high_priority_pixel_pct": 100.0, "priority_category": "HIGH PRIORITY", "threshold_type": "95th percentile prioritisation threshold", "recommendation": "Spectral-stress evidence detected. Prioritise field inspection to determine the underlying cause. Field verification required.", "priority_rank": 343}}, {"type": "Feature", "geometry": {"type": "Polygon", "coordinates": [[[33.462799288650096, 17.702797662475508], [33.46279789891374, 17.702255345370023], [33.46308080477464, 17.7022546791637], [33.46308010950033, 17.70198352061057], [33.46336301492411, 17.70198285400802], [33.46336371062315, 17.70225401255028], [33.46392952228293, 17.702252678102173], [33.46393091541714, 17.702794995120698], [33.462799288650096, 17.702797662475508]]]}, "properties": {"zone_id": "scene_02-Z0270", "scene": "scene_02", "pixel_count": 9, "approx_area_m2": 8100.0, "centroid_x": 549133.3333333334, "centroid_y": 1957330.0, "centroid_lon": 33.463348573370894, "centroid_lat": 17.702480015041694, "mean_risk": 1.8691800832748413, "max_risk": 2.0250847339630127, "median_risk": 1.8356223106384277, "high_priority_pixel_pct": 100.0, "priority_category": "HIGH PRIORITY", "threshold_type": "95th percentile prioritisation threshold", "recommendation": "Spectral-stress evidence detected. Prioritise field inspection to determine the underlying cause. Field verification required.", "priority_rank": 316}}, {"type": "Feature", "geometry": {"type": "Polygon", "coordinates": [[[33.488825919209056, 17.702463507844858], [33.48882518527243, 17.702192350315254], [33.488542280570655, 17.702193053566532], [33.48853934665382, 17.701108423327266], [33.48825644363777, 17.701109126125633], [33.48825571061594, 17.70083796853561], [33.48853861320731, 17.700837265748707], [33.48853787977387, 17.70056610816264], [33.48910368406801, 17.70056470139061], [33.489104418350806, 17.70083585895374], [33.489387320902914, 17.70083515494568], [33.48938879035713, 17.701377470026486], [33.48910588695565, 17.7013781740575], [33.489108824322464, 17.70246280417503], [33.488825919209056, 17.702463507844858]]]}, "properties": {"zone_id": "scene_02-Z0271", "scene": "scene_02", "pixel_count": 16, "approx_area_m2": 14400.0, "centroid_x": 551838.75, "centroid_y": 1957215.0, "centroid_lon": 33.48885834646861, "centroid_lat": 17.701378789750713, "mean_risk": 1.8696733713150024, "max_risk": 1.9677526950836182, "median_risk": 1.8681190013885498, "high_priority_pixel_pct": 100.0, "priority_category": "HIGH PRIORITY", "threshold_type": "95th percentile prioritisation threshold", "recommendation": "Spectral-stress evidence detected. Prioritise field inspection to determine the underlying cause. Field verification required.", "priority_rank": 315}}, {"type": "Feature", "geometry": {"type": "Polygon", "coordinates": [[[33.46534405121492, 17.702249334857814], [33.465343352542845, 17.701978176391805], [33.46506044720605, 17.701978845843943], [33.46505835253868, 17.701165370368194], [33.46420964027598, 17.701167376184017], [33.464208943352496, 17.700896217644413], [33.463926039664756, 17.70089688542467], [33.463925343178374, 17.700625726866676], [33.4636424399029, 17.700626394228998], [33.46364104781674, 17.700084077068777], [33.4633581453782, 17.7000847440023], [33.4633574497784, 17.699813585400072], [33.46364035179228, 17.699812918477413], [33.463638959780596, 17.699270601272218], [33.46420476207253, 17.69926926624935], [33.46420615578281, 17.699811583411023], [33.464489057759444, 17.699810915267275], [33.46448975505789, 17.70008207382597], [33.46477265744674, 17.7000814052643], [33.46477335518228, 17.7003525638046], [33.46505625798336, 17.70035189482498], [33.46505765434112, 17.700894211861282], [33.46534055797912, 17.700893542452796], [33.46534195523607, 17.701435859437293], [33.46562485971099, 17.70143518959991], [33.46562695696398, 17.702248664987668], [33.46534405121492, 17.702249334857814]]]}, "properties": {"zone_id": "scene_02-Z0272", "scene": "scene_02", "pixel_count": 31, "approx_area_m2": 27900.0, "centroid_x": 549254.5161290322, "centroid_y": 1957122.5806451612, "centroid_lon": 33.46448653050085, "centroid_lat": 17.70060253407692, "mean_risk": 1.889159083366394, "max_risk": 2.1373965740203857, "median_risk": 1.8878843784332275, "high_priority_pixel_pct": 100.0, "priority_category": "HIGH PRIORITY", "threshold_type": "95th percentile prioritisation threshold", "recommendation": "Spectral-stress evidence detected. Prioritise field inspection to determine the underlying cause. Field verification required.", "priority_rank": 297}}, {"type": "Feature", "geometry": {"type": "Polygon", "coordinates": [[[33.48486306231804, 17.701659843386985], [33.484862334366454, 17.701388685674992], [33.48514523796354, 17.701387987749946], [33.48514378124992, 17.70084567232623], [33.484860878502204, 17.700846370228515], [33.48485869480319, 17.700032897002572], [33.48514159627689, 17.700032199134405], [33.48514305291259, 17.70057451460312], [33.48542595522263, 17.70057381630516], [33.485424497737604, 17.700031500859218], [33.48570739918533, 17.700030802176986], [33.48570885751969, 17.70057311760015], [33.48599175980374, 17.700572418488097], [33.48599321903947, 17.701114733858475], [33.485710315906054, 17.70111543299332], [33.48571104511874, 17.701386590678652], [33.48542814154764, 17.701387289417834], [33.48542887034863, 17.70165844710706], [33.48486306231804, 17.701659843386985]]]}, "properties": {"zone_id": "scene_02-Z0273", "scene": "scene_02", "pixel_count": 15, "approx_area_m2": 13500.0, "centroid_x": 551470.0, "centroid_y": 1957154.0, "centroid_lon": 33.48537950923984, "centroid_lat": 17.70083605183971, "mean_risk": 1.8221205472946167, "max_risk": 1.9203338623046875, "median_risk": 1.8184407949447632, "high_priority_pixel_pct": 100.0, "priority_category": "HIGH PRIORITY", "threshold_type": "95th percentile prioritisation threshold", "recommendation": "Spectral-stress evidence detected. Prioritise field inspection to determine the underlying cause. Field verification required.", "priority_rank": 355}}, {"type": "Feature", "geometry": {"type": "Polygon", "coordinates": [[[33.61952284312031, 17.701010456244703], [33.61951819288388, 17.699654698400906], [33.61866950947639, 17.69965737077422], [33.61866765204551, 17.699115067496955], [33.61895054568204, 17.69911417714187], [33.618949616566844, 17.698843025506477], [33.61923250976223, 17.698842134758937], [33.619231580239024, 17.69857098313055], [33.619797365730875, 17.69856920044364], [33.6197964353751, 17.698298048836797], [33.620079327671576, 17.698297156897443], [33.62007839690782, 17.69802600529763], [33.620644180601836, 17.69802422022716], [33.62064324900556, 17.69775306864894], [33.62092614040309, 17.69775217551784], [33.62092520839888, 17.69748102394667], [33.62120809935524, 17.6974801304232], [33.62120716694311, 17.69720897885908], [33.6214900574583, 17.697208084943252], [33.62148912463826, 17.696936933386194], [33.62177201471228, 17.696936039078025], [33.62177108148434, 17.696664887528023], [33.62205397111719, 17.69666399282752], [33.622054904769655, 17.696935144362932], [33.62262068483445, 17.696933353711994], [33.62262161935263, 17.69720450521069], [33.62347029059842, 17.697201816138534], [33.62346841903153, 17.696659513221313], [33.623185529482015, 17.696660409956383], [33.62318459414812, 17.696389258471875], [33.62375037238144, 17.69638746462408], [33.623749436215206, 17.696116313161305], [33.62459810216641, 17.696113619381737], [33.62459903960618, 17.696384770800584], [33.624316150547976, 17.696385669148658], [33.62431708757994, 17.69665682057464], [33.62403419808051, 17.696657718530442], [33.624036071345515, 17.69720002138914], [33.6246018520258, 17.69719822501204], [33.624600914535876, 17.69692707361574], [33.62488380442641, 17.696926174831457], [33.62488286652867, 17.696655023442293], [33.6254486454105, 17.696653224682294], [33.625450522920815, 17.69719552739444], [33.62629919366516, 17.69719282611452], [33.62630013371905, 17.697463977415275], [33.62601724306315, 17.69746487826353], [33.62601818270925, 17.697736029571463], [33.625735291612045, 17.69773693002746], [33.62573623085035, 17.698008081342557], [33.624604664595886, 17.69801167915584], [33.62460560215268, 17.698282830522082], [33.624322710122684, 17.698283728972687], [33.62432458443728, 17.698826031711913], [33.62404169154142, 17.698826929784847], [33.62404262829921, 17.699098081157825], [33.62375973496205, 17.699098978838432], [33.62376067131194, 17.699370130218522], [33.623477777533495, 17.69937102750679], [33.62347871347548, 17.699642178893995], [33.62319581925574, 17.699643075789897], [33.623194883738364, 17.69937192438807], [33.62262909609806, 17.6993737169297], [33.62263003076623, 17.69964486836075], [33.62234713649647, 17.699645764035697], [33.6223490050336, 17.70018806690446], [33.621217424391126, 17.700191645651064], [33.62121835698617, 17.70046279713251], [33.62093546135934, 17.700463690816232], [33.62093639354638, 17.70073484230473], [33.62008770529227, 17.70073752095752], [33.62008863622201, 17.701008672482168], [33.61952284312031, 17.701010456244703]], [[33.62121369417723, 17.69910703965011], [33.622062374588765, 17.699104356375642], [33.6220614408031, 17.69883320490036], [33.6226272268117, 17.698831414045046], [33.622625357592014, 17.698289111130315], [33.62290824972217, 17.69828821512143], [33.622907314712755, 17.698017063667404], [33.623190206401674, 17.698016167266175], [33.62318833558376, 17.697473864364806], [33.62290544474396, 17.697474760736807], [33.62290637972002, 17.697745912205864], [33.62262348843899, 17.69774680818554], [33.622624423007174, 17.698017959661687], [33.62234153128492, 17.698018855249025], [33.62234246544519, 17.698290006732257], [33.62205957328172, 17.698290901927244], [33.622060507034085, 17.698562053417564], [33.62121182917006, 17.69856473660454], [33.62121369417723, 17.69910703965011]]]}, "properties": {"zone_id": "scene_02-Z0274", "scene": "scene_02", "pixel_count": 198, "approx_area_m2": 178200.0, "centroid_x": 565984.696969697, "centroid_y": 1956937.121212121, "centroid_lon": 33.62224599929106, "centroid_lat": 17.698490254200312, "mean_risk": 2.328939437866211, "max_risk": 3.686621904373169, "median_risk": 2.2417497634887695, "high_priority_pixel_pct": 100.0, "priority_category": "HIGH PRIORITY", "threshold_type": "95th percentile prioritisation threshold", "recommendation": "Spectral-stress evidence detected. Prioritise field inspection to determine the underlying cause. Field verification required.", "priority_rank": 69}}, {"type": "Feature", "geometry": {"type": "Polygon", "coordinates": [[[33.61357924811953, 17.700215631860864], [33.61357832700586, 17.699944479980864], [33.613295431782156, 17.699945362646588], [33.61329451110952, 17.699674210744696], [33.61301161629402, 17.699675092989043], [33.61300793546606, 17.698590485248772], [33.61357372168389, 17.698588720468177], [33.61357556376341, 17.6991310242958], [33.61385845769687, 17.699130141266266], [33.613856614768174, 17.698587837467436], [33.61413950783603, 17.698586954059735], [33.61413858597176, 17.698315802163442], [33.61470437120899, 17.69831403415598], [33.61470529392242, 17.69858518602344], [33.614988186940934, 17.69858430139485], [33.614990033266324, 17.699126605078376], [33.61470713939864, 17.699127489735808], [33.61470898494067, 17.699669793418124], [33.614991879657566, 17.699668908731844], [33.61499280287788, 17.699940060547295], [33.61442701257841, 17.69994182954171], [33.61442793496594, 17.700212981378495], [33.61357924811953, 17.700215631860864]]]}, "properties": {"zone_id": "scene_02-Z0275", "scene": "scene_02", "pixel_count": 35, "approx_area_m2": 31500.0, "centroid_x": 565111.7142857143, "centroid_y": 1957022.5714285714, "centroid_lon": 33.61401660988993, "centroid_lat": 17.699288466646827, "mean_risk": 2.04154372215271, "max_risk": 2.5669171810150146, "median_risk": 2.0163726806640625, "high_priority_pixel_pct": 100.0, "priority_category": "HIGH PRIORITY", "threshold_type": "95th percentile prioritisation threshold", "recommendation": "Spectral-stress evidence detected. Prioritise field inspection to determine the underlying cause. Field verification required.", "priority_rank": 182}}, {"type": "Feature", "geometry": {"type": "Polygon", "coordinates": [[[33.4627923404639, 17.700086076648233], [33.462790256249626, 17.69927260075388], [33.462507355047855, 17.699273266433735], [33.46250388372827, 17.697917473072305], [33.463069681873215, 17.69791614141414], [33.46307107206235, 17.698458458737775], [33.46335397196545, 17.698457792276486], [33.46335466750323, 17.69872895091619], [33.46363756781855, 17.69872828403703], [33.46363826379337, 17.698999442658373], [33.46335536305342, 17.699000109548408], [33.463356754191, 17.69954242679034], [33.46307385258936, 17.699543093295095], [33.46307524292725, 17.700085410528786], [33.4627923404639, 17.700086076648233]]]}, "properties": {"zone_id": "scene_02-Z0276", "scene": "scene_02", "pixel_count": 18, "approx_area_m2": 16200.0, "centroid_x": 549091.6666666666, "centroid_y": 1956931.6666666667, "centroid_lon": 33.46294641976702, "centroid_lat": 17.698880557161758, "mean_risk": 1.9063432216644287, "max_risk": 2.0888144969940186, "median_risk": 1.9104052782058716, "high_priority_pixel_pct": 100.0, "priority_category": "HIGH PRIORITY", "threshold_type": "95th percentile prioritisation threshold", "recommendation": "Spectral-stress evidence detected. Prioritise field inspection to determine the underlying cause. Field verification required.", "priority_rank": 283}}, {"type": "Feature", "geometry": {"type": "Polygon", "coordinates": [[[33.50409293813309, 17.69889988683585], [33.50409218143713, 17.698628729837626], [33.503809282973435, 17.698629454917615], [33.50380701424032, 17.697815983842503], [33.50352411703695, 17.697816708480048], [33.50352184969895, 17.697003237301992], [33.503804745628585, 17.69700251269989], [33.503802477138215, 17.69618904148978], [33.5040853717807, 17.696188316516185], [33.50408461521967, 17.695917159442967], [33.504367509424114, 17.69591643407427], [33.50436902340875, 17.696458748189542], [33.50408612835521, 17.6964594735819], [33.504087641544736, 17.697001787690823], [33.504370537447386, 17.69700106227482], [33.504372808606604, 17.697814533346488], [33.504655705769494, 17.697813807488018], [33.50465646327416, 17.69808496448507], [33.50437356568667, 17.69808569035537], [33.5043758370079, 17.69889916133704], [33.50409293813309, 17.69889988683585]]]}, "properties": {"zone_id": "scene_02-Z0277", "scene": "scene_02", "pixel_count": 22, "approx_area_m2": 19800.0, "centroid_x": 553450.9090909091, "centroid_y": 1956789.5454545454, "centroid_lon": 33.50405044039809, "centroid_lat": 17.69749489938286, "mean_risk": 2.1580045223236084, "max_risk": 2.632744073867798, "median_risk": 2.1312546730041504, "high_priority_pixel_pct": 100.0, "priority_category": "HIGH PRIORITY", "threshold_type": "95th percentile prioritisation threshold", "recommendation": "Spectral-stress evidence detected. Prioritise field inspection to determine the underlying cause. Field verification required.", "priority_rank": 120}}, {"type": "Feature", "geometry": {"type": "Polygon", "coordinates": [[[33.455997201517356, 17.697932670132847], [33.45599651705639, 17.697661511190297], [33.455430719145994, 17.69766282247779], [33.455430035546435, 17.697391663506366], [33.45571293408314, 17.697391008076796], [33.45571225007119, 17.697119849108564], [33.455995148171105, 17.697119193282713], [33.45599377933463, 17.696576875345148], [33.45627667657319, 17.696576219133735], [33.456275306936426, 17.696033901187594], [33.456558203313655, 17.696033244590637], [33.45655751808904, 17.695762085617034], [33.45712330995774, 17.695760771223735], [33.457122623896254, 17.695489612264073], [33.45768841486693, 17.695488296264493], [33.45768772796862, 17.695217137318796], [33.45797062301104, 17.695216478719363], [33.45796993570047, 17.69494531977691], [33.458818619480596, 17.694943341569342], [33.45881999666119, 17.695485659382232], [33.45853710123103, 17.695486319213188], [33.45853847761166, 17.696028637017626], [33.45825558132013, 17.69602929646316], [33.4582562691043, 17.696300455364895], [33.458539165820376, 17.696299795908605], [33.458539854041376, 17.69657095479209], [33.459388545389636, 17.696568973949244], [33.4593899244159, 17.69711129162913], [33.45967282235656, 17.697110630512725], [33.4596721324127, 17.696839471687305], [33.460237927407924, 17.69683814825517], [33.46023930900627, 17.697380465855353], [33.45967351231272, 17.697381789330645], [33.459674202281185, 17.697652948141076], [33.45910840468923, 17.697654270010034], [33.45910771556995, 17.697383111178056], [33.45882481718012, 17.697383771491307], [33.45882550587481, 17.69765493033405], [33.457693910494406, 17.697657567560306], [33.45769253651403, 17.697115249781316], [33.45656094433431, 17.697117880410115], [33.45656300022813, 17.69793135719603], [33.455997201517356, 17.697932670132847]], [[33.45627804625882, 17.697118537049896], [33.45656094433431, 17.697117880410115], [33.45656025906082, 17.696846721466482], [33.456277361409896, 17.69684737809556], [33.45627804625882, 17.697118537049896]], [[33.45684315669952, 17.69684606443045], [33.45712605432599, 17.696845406987453], [33.45712536821557, 17.696574248057765], [33.457408265405235, 17.696573590218538], [33.45740757888249, 17.696302431292082], [33.45684178534005, 17.696303746542135], [33.45684315669952, 17.69684606443045]]]}, "properties": {"zone_id": "scene_02-Z0278", "scene": "scene_02", "pixel_count": 80, "approx_area_m2": 72000.0, "centroid_x": 548547.375, "centroid_y": 1956681.0, "centroid_lon": 33.45780799509073, "centroid_lat": 17.696626892108604, "mean_risk": 1.92788827419281, "max_risk": 2.3246049880981445, "median_risk": 1.9067127704620361, "high_priority_pixel_pct": 100.0, "priority_category": "HIGH PRIORITY", "threshold_type": "95th percentile prioritisation threshold", "recommendation": "Spectral-stress evidence detected. Prioritise field inspection to determine the underlying cause. Field verification required.", "priority_rank": 256}}, {"type": "Feature", "geometry": {"type": "Polygon", "coordinates": [[[33.503798696590636, 17.694833255989614], [33.50379794052157, 17.694562098867078], [33.50408083261692, 17.694561373964415], [33.504081589110484, 17.69483253107512], [33.503798696590636, 17.694833255989614]]]}, "properties": {"zone_id": "scene_02-Z0279", "scene": "scene_02", "pixel_count": 27, "approx_area_m2": 24300.0, "centroid_x": 553320.0, "centroid_y": 1956592.2222222222, "centroid_lon": 33.50281101816634, "centroid_lat": 17.69571454000249, "mean_risk": 2.0426900386810303, "max_risk": 2.575101375579834, "median_risk": 2.025536060333252, "high_priority_pixel_pct": 100.0, "priority_category": "HIGH PRIORITY", "threshold_type": "95th percentile prioritisation threshold", "recommendation": "Spectral-stress evidence detected. Prioritise field inspection to determine the underlying cause. Field verification required.", "priority_rank": 181}}, {"type": "Feature", "geometry": {"type": "Polygon", "coordinates": [[[33.52500535593786, 17.69125272684856], [33.525003780504164, 17.69071041421098], [33.525286665624435, 17.69070965896401], [33.52528824190691, 17.69125197157696], [33.52500535593786, 17.69125272684856]]]}, "properties": {"zone_id": "scene_02-Z0280", "scene": "scene_02", "pixel_count": 69, "approx_area_m2": 62100.0, "centroid_x": 555548.2608695652, "centroid_y": 1956322.1739130435, "centroid_lon": 33.52381595493323, "centroid_lat": 17.693218849193187, "mean_risk": 1.898547887802124, "max_risk": 2.2360522747039795, "median_risk": 1.87814199924469, "high_priority_pixel_pct": 100.0, "priority_category": "HIGH PRIORITY", "threshold_type": "95th percentile prioritisation threshold", "recommendation": "Spectral-stress evidence detected. Prioritise field inspection to determine the underlying cause. Field verification required.", "priority_rank": 290}}, {"type": "Feature", "geometry": {"type": "Polygon", "coordinates": [[[33.619787132729776, 17.69558653235508], [33.61978434225967, 17.694773077264017], [33.620067229037375, 17.694772185513706], [33.620066298489384, 17.694501033816206], [33.62034918482602, 17.694500141673565], [33.62034825387016, 17.694228989983095], [33.62063113976574, 17.694228097448153], [33.62063020840203, 17.69395694576472], [33.62119597929443, 17.693955159503414], [33.621195047098446, 17.693684007841593], [33.621760817075454, 17.693682219982048], [33.62175988404722, 17.69341106834187], [33.62232565310879, 17.693409278884143], [33.6223265869859, 17.693680430495146], [33.62260947191613, 17.693679535141424], [33.62261040623434, 17.693950686730307], [33.62232752087966, 17.693951582098624], [33.62233032266088, 17.694765036863966], [33.62091588927087, 17.694769507821558], [33.620917752963514, 17.695311811106706], [33.62063486538667, 17.69531270410674], [33.620635796833426, 17.695583855752602], [33.619787132729776, 17.69558653235508]]]}, "properties": {"zone_id": "scene_02-Z0281", "scene": "scene_02", "pixel_count": 39, "approx_area_m2": 35100.0, "centroid_x": 565870.0, "centroid_y": 1956493.8461538462, "centroid_lon": 33.62115066017041, "centroid_lat": 17.69448718281718, "mean_risk": 2.095781087875366, "max_risk": 2.6000001430511475, "median_risk": 2.099316358566284, "high_priority_pixel_pct": 100.0, "priority_category": "HIGH PRIORITY", "threshold_type": "95th percentile prioritisation threshold", "recommendation": "Spectral-stress evidence detected. Prioritise field inspection to determine the underlying cause. Field verification required.", "priority_rank": 144}}, {"type": "Feature", "geometry": {"type": "Polygon", "coordinates": [[[33.509458073574564, 17.695360994136163], [33.50945730898819, 17.695089837266313], [33.50917441630148, 17.69509056992383], [33.509172123897656, 17.694277099233457], [33.50973790671043, 17.694275633583217], [33.5097371417541, 17.694004476695326], [33.51002003271554, 17.69400374327184], [33.5100238597561, 17.695359527576493], [33.509458073574564, 17.695360994136163]]]}, "properties": {"zone_id": "scene_02-Z0282", "scene": "scene_02", "pixel_count": 12, "approx_area_m2": 10800.0, "centroid_x": 554045.0, "centroid_y": 1956485.0, "centroid_lon": 33.50964488430044, "centroid_lat": 17.694727806107743, "mean_risk": 1.9276593923568726, "max_risk": 2.0699055194854736, "median_risk": 1.9713397026062012, "high_priority_pixel_pct": 100.0, "priority_category": "HIGH PRIORITY", "threshold_type": "95th percentile prioritisation threshold", "recommendation": "Spectral-stress evidence detected. Prioritise field inspection to determine the underlying cause. Field verification required.", "priority_rank": 258}}, {"type": "Feature", "geometry": {"type": "Polygon", "coordinates": [[[33.502667126376465, 17.69483615157856], [33.50266486330369, 17.694022680046825], [33.50238197198998, 17.694023402891446], [33.50237971031171, 17.693209931256856], [33.5018139301908, 17.693211375654794], [33.50181543626499, 17.693753690132464], [33.50153254533545, 17.693754411744678], [33.501531792716115, 17.693483254497828], [33.50124890219762, 17.693483975691407], [33.50124589355233, 17.692399346581972], [33.50152878237301, 17.692398625435438], [33.50152652475662, 17.69158515355993], [33.501809412290584, 17.691584432041854], [33.5018109182036, 17.692126746609492], [33.50209380657299, 17.692126024661047], [33.502094559974076, 17.692397181921848], [33.50266033752139, 17.6923957367809], [33.50265958327143, 17.692124579543666], [33.50294247160048, 17.692123856374725], [33.502943980962726, 17.692666170818104], [33.50266109178481, 17.692666894010628], [33.50266335465577, 17.693480365654843], [33.50294624510707, 17.69347964242693], [33.50294473566405, 17.692937328028542], [33.50322762525296, 17.69293660441736], [33.50322989071109, 17.693750075968286], [33.5037956723953, 17.6937486274545], [33.503797184466, 17.694290941737055], [33.50323140108385, 17.694292390298088], [33.50323215629044, 17.694563547451732], [33.50294926415466, 17.694564271133718], [33.50295001895021, 17.69483542829167], [33.502667126376465, 17.69483615157856]]]}, "properties": {"zone_id": "scene_02-Z0283", "scene": "scene_02", "pixel_count": 42, "approx_area_m2": 37800.0, "centroid_x": 553277.1428571428, "centroid_y": 1956317.142857143, "centroid_lon": 33.50239997059385, "centroid_lat": 17.693229248014095, "mean_risk": 2.118407726287842, "max_risk": 2.6278324127197266, "median_risk": 2.0559840202331543, "high_priority_pixel_pct": 100.0, "priority_category": "HIGH PRIORITY", "threshold_type": "95th percentile prioritisation threshold", "recommendation": "Spectral-stress evidence detected. Prioritise field inspection to determine the underlying cause. Field verification required.", "priority_rank": 135}}, {"type": "Feature", "geometry": {"type": "Polygon", "coordinates": [[[33.56235461772694, 17.693861059680213], [33.56235292995397, 17.69331875055949], [33.56207004249573, 17.693319559227554], [33.56206835563185, 17.692777250050433], [33.562351242241206, 17.69277644140874], [33.562350398407396, 17.692505286822108], [33.562633284577274, 17.69250447778678], [33.56263244033409, 17.692233323205837], [33.563198211779806, 17.692231703941097], [33.563199056871824, 17.692502858495633], [33.563481942996496, 17.692502048239813], [33.56348278852802, 17.692773202773633], [33.56376567506204, 17.69277239209777], [33.563763983165224, 17.692230083049072], [33.5640468688353, 17.69222927199283], [33.564046022485115, 17.69195811747045], [33.56489467813151, 17.691955681900513], [33.56489806871594, 17.693040299786105], [33.564615181817885, 17.693041112102552], [33.56461602907735, 17.69331226656843], [33.56405025438703, 17.693313890007282], [33.5640511008127, 17.693585044492135], [33.56348532521308, 17.69358666633004], [33.563484479636315, 17.69331551181874], [33.56320159223833, 17.6933163221142], [33.563203282558035, 17.69385863115572], [33.56235461772694, 17.693861059680213]]]}, "properties": {"zone_id": "scene_02-Z0284", "scene": "scene_02", "pixel_count": 44, "approx_area_m2": 39600.0, "centroid_x": 559758.4090909091, "centroid_y": 1956299.3181818181, "centroid_lon": 33.5635153383033, "centroid_lat": 17.692902525332364, "mean_risk": 1.9283984899520874, "max_risk": 2.300051689147949, "median_risk": 1.9350664615631104, "high_priority_pixel_pct": 100.0, "priority_category": "HIGH PRIORITY", "threshold_type": "95th percentile prioritisation threshold", "recommendation": "Spectral-stress evidence detected. Prioritise field inspection to determine the underlying cause. Field verification required.", "priority_rank": 252}}, {"type": "Feature", "geometry": {"type": "Polygon", "coordinates": [[[33.62006350694498, 17.693687578678595], [33.620062576463376, 17.69341642695103], [33.619779691807935, 17.69341731862864], [33.61977783174336, 17.692875015121892], [33.62006071554995, 17.692874123473366], [33.62005978511813, 17.692602971723257], [33.6203426684837, 17.69260207968246], [33.62034173764407, 17.69233092793939], [33.620624620568634, 17.692330035506334], [33.62062648311333, 17.69287233895585], [33.6209093668701, 17.692871446086865], [33.62091029859178, 17.69314259778579], [33.620627414410585, 17.693143490669335], [33.620628345724455, 17.693414642375316], [33.62034546110222, 17.69341553486659], [33.620346392008265, 17.693686686579614], [33.62006350694498, 17.693687578678595]]]}, "properties": {"zone_id": "scene_02-Z0285", "scene": "scene_02", "pixel_count": 11, "approx_area_m2": 9900.0, "centroid_x": 565780.9090909091, "centroid_y": 1956332.7272727273, "centroid_lon": 33.620305574303664, "centroid_lat": 17.69303357910908, "mean_risk": 1.8504945039749146, "max_risk": 1.953292727470398, "median_risk": 1.8662487268447876, "high_priority_pixel_pct": 100.0, "priority_category": "HIGH PRIORITY", "threshold_type": "95th percentile prioritisation threshold", "recommendation": "Spectral-stress evidence detected. Prioritise field inspection to determine the underlying cause. Field verification required.", "priority_rank": 332}}, {"type": "Feature", "geometry": {"type": "Polygon", "coordinates": [[[33.51539418494832, 17.6937185742639], [33.51539109135733, 17.692633947569217], [33.51510820277886, 17.69263468866294], [33.51510742984004, 17.692363531958435], [33.514824541672226, 17.69236427263324], [33.51482299668479, 17.691821959177567], [33.51510588400375, 17.691821218526925], [33.515103565352725, 17.691007748323422], [33.51538645138467, 17.69100700730221], [33.515385678104174, 17.690735850564796], [33.51595144927789, 17.69073436732616], [33.51594990106075, 17.690192053877215], [33.51538413158456, 17.69019353706747], [33.515383358345446, 17.689922380307557], [33.51566624266607, 17.689921638927917], [33.515664695380494, 17.689379325409792], [33.515947578838606, 17.689378583647567], [33.515946030759544, 17.68883627012365], [33.51566314815013, 17.688837011861672], [33.515660053855, 17.687752384675456], [33.51537717292907, 17.68775312595836], [33.51537639981409, 17.687481969130967], [33.51481063876946, 17.687483450452437], [33.51480909427805, 17.686941136726833], [33.51509197395867, 17.686940396293622], [33.515090428673815, 17.686398082562192], [33.5153733074921, 17.686397341746435], [33.51537408055191, 17.686668498603815], [33.51565695978068, 17.68666775736928], [33.51565541282631, 17.68612544367121], [33.51678692620915, 17.686122474762968], [33.51678615105565, 17.68585131795112], [33.517069028942544, 17.685850574719478], [33.51706980452031, 17.6861217315192], [33.517352682817624, 17.686120987868748], [33.5173534588335, 17.686392144648835], [33.517919216235114, 17.686390656103594], [33.517919993113374, 17.686661812851902], [33.51820287221767, 17.686661067957097], [33.51820209491514, 17.686389911220942], [33.5184849735813, 17.68638916593159], [33.518484195868375, 17.686118009200094], [33.51876707409639, 17.686117263516227], [33.51876629597308, 17.6858461067894], [33.519049173762966, 17.68584536071101], [33.51904839522929, 17.685574203988853], [33.519331272581034, 17.685573457515975], [33.51933283051076, 17.686115770928435], [33.51904995231052, 17.686116517425667], [33.51905228803655, 17.686929987524664], [33.5187694085496, 17.68693073365173], [33.51876863038465, 17.68665957694739], [33.5184857513081, 17.68666032265559], [33.51848652904877, 17.686931479372095], [33.51820364953406, 17.686932224685755], [33.518205204208456, 17.687474538120593], [33.51877096492115, 17.687473047037916], [33.51877252134825, 17.688015360394107], [33.51848964015023, 17.688016106163136], [33.5184927514737, 17.689100732834206], [33.51820986856449, 17.68910147824514], [33.51821220092973, 17.689914948206184], [33.51792931673359, 17.689915693246814], [33.51793009379204, 17.69018684989765], [33.517647209157666, 17.690187594543648], [33.51764876246739, 17.690729907847125], [33.517365876970395, 17.69073065211062], [33.5173705346856, 17.69235759191389], [33.51708764662829, 17.692358335843384], [33.51708842253818, 17.69262949246315], [33.51737131101993, 17.692628748521518], [33.5173720873681, 17.692899905121646], [33.51793786513895, 17.69289841599358], [33.517938642349876, 17.693169572561928], [33.51765575304693, 17.693170317341533], [33.517657306661455, 17.69371263048001], [33.51737441649573, 17.693713374877046], [33.51737364010601, 17.69344221829941], [33.5170907503509, 17.693442962277437], [33.51708997439949, 17.693171805680173], [33.51652419569668, 17.69317329239139], [33.516525745915494, 17.693715605626913], [33.51539418494832, 17.6937185742639]], [[33.51736354829973, 17.68991718210775], [33.51792931673359, 17.689915693246814], [33.51792853968901, 17.689644536588474], [33.517362772103866, 17.689646025425127], [33.51736354829973, 17.68991718210775]], [[33.51679080218416, 17.68747825870974], [33.517073682616704, 17.687477515405348], [33.51707290696975, 17.687206358643106], [33.516790026961495, 17.68720710193538], [33.51679080218416, 17.68747825870974]], [[33.517355786964174, 17.687205614944126], [33.51763866694475, 17.687204870838436], [33.51763789046306, 17.686933714092973], [33.51735501090677, 17.686934458186528], [33.517355786964174, 17.687205614944126]]]}, "properties": {"zone_id": "scene_02-Z0286", "scene": "scene_02", "pixel_count": 294, "approx_area_m2": 264600.0, "centroid_x": 554756.0204081633, "centroid_y": 1955898.775510204, "centroid_lon": 33.51633447613473, "centroid_lat": 17.689411693910557, "mean_risk": 1.9885320663452148, "max_risk": 2.341975212097168, "median_risk": 1.9819602966308594, "high_priority_pixel_pct": 100.0, "priority_category": "HIGH PRIORITY", "threshold_type": "95th percentile prioritisation threshold", "recommendation": "Spectral-stress evidence detected. Prioritise field inspection to determine the underlying cause. Field verification required.", "priority_rank": 209}}, {"type": "Feature", "geometry": {"type": "Polygon", "coordinates": [[[33.499261176692464, 17.690777438834235], [33.499260427615916, 17.69050628141101], [33.49869465568878, 17.69050771662391], [33.498690914750135, 17.689151929278296], [33.49925668243358, 17.68915049418244], [33.49925892950289, 17.68996396654207], [33.49982469967906, 17.689962529748865], [33.49982394979386, 17.68969137232658], [33.50010683443751, 17.68969065333153], [33.50010833507004, 17.69023296814514], [33.49982544957764, 17.690233687163644], [33.499826199489604, 17.690504844570928], [33.49954331355944, 17.69050556319437], [33.499544063060384, 17.690776720605882], [33.499261176692464, 17.690777438834235]]]}, "properties": {"zone_id": "scene_02-Z0287", "scene": "scene_02", "pixel_count": 45, "approx_area_m2": 40500.0, "centroid_x": 552972.0, "centroid_y": 1956073.3333333333, "centroid_lon": 33.49951648225839, "centroid_lat": 17.69103288555211, "mean_risk": 1.809510588645935, "max_risk": 1.981265664100647, "median_risk": 1.785876750946045, "high_priority_pixel_pct": 100.0, "priority_category": "HIGH PRIORITY", "threshold_type": "95th percentile prioritisation threshold", "recommendation": "Spectral-stress evidence detected. Prioritise field inspection to determine the underlying cause. Field verification required.", "priority_rank": 363}}, {"type": "Feature", "geometry": {"type": "Polygon", "coordinates": [[[33.521330183768, 17.69207597773861], [33.52132940151945, 17.691804821286542], [33.52104651450555, 17.69180557088728], [33.52104416911683, 17.69099210144938], [33.52160994058425, 17.690990601914447], [33.52160915796712, 17.690719445444604], [33.5218920432555, 17.690718695079173], [33.52189126022795, 17.69044753861407], [33.521608375363954, 17.690448288967257], [33.5216060276382, 17.689634819490237], [33.52132314403335, 17.68963556939995], [33.52132470832116, 17.69017788241659], [33.52104182385362, 17.690178631943983], [33.52104260559408, 17.69044978845328], [33.520759720688226, 17.690450537586106], [33.52075815807, 17.68990822453557], [33.520475273998954, 17.689908973237188], [33.52047449313511, 17.689637816688464], [33.52019160947449, 17.689638564971094], [33.52018926823957, 17.688825095243306], [33.52047215062715, 17.68882434699729], [33.52047136981902, 17.68855319041857], [33.52075425176834, 17.688552441778015], [33.520755033000796, 17.68882359834452], [33.52103791536051, 17.688822849285007], [33.521037133703715, 17.688551692730716], [33.52132001562515, 17.688550943276677], [33.52131923355799, 17.68827978672711], [33.52160211504115, 17.688279036878562], [33.52160133256361, 17.688007880333732], [33.52216709463942, 17.68800637944091], [33.522165528029014, 17.687464066377718], [33.522448408197356, 17.687463315345717], [33.52244762448882, 17.687192158815122], [33.522730504218885, 17.68719140738866], [33.52273128835171, 17.687462563907], [33.52301416849207, 17.687461812061567], [33.52301338393495, 17.687190655555497], [33.52329626363703, 17.68718990331562], [33.52329861862327, 17.68800337277452], [33.5230157376483, 17.688004125051208], [33.52301730686052, 17.68854643801086], [33.522734425022904, 17.688547189905353], [33.52273520922568, 17.688818346386192], [33.52245232694975, 17.6888190978862], [33.522454678368966, 17.6896325673205], [33.52217179480602, 17.68963331845052], [33.522172578216036, 17.689904474925868], [33.52245546220334, 17.689903723783605], [33.522456246051696, 17.690174880239212], [33.522739130449395, 17.690174128677914], [33.522738346176666, 17.689902972234563], [33.523021230136, 17.68990222027875], [33.52302279954419, 17.690444533133416], [33.52273991473611, 17.690445285113757], [33.522742267680194, 17.691258754376303], [33.52217649547572, 17.691260257190162], [33.522177278969586, 17.691531413620524], [33.52189439242197, 17.691532164429482], [33.5218951755054, 17.691803320864587], [33.52161228851941, 17.691804071278977], [33.52161307119238, 17.692075227718814], [33.521330183768, 17.69207597773861]], [[33.52189282629703, 17.690989851536777], [33.52217571199583, 17.6909891007523], [33.522174928529914, 17.690717944306943], [33.5218920432555, 17.690718695079173], [33.52189282629703, 17.690989851536777]], [[33.5216060276382, 17.689634819490237], [33.52188891122909, 17.689634069173763], [33.52188812825741, 17.689362912678664], [33.521605245090875, 17.689363662982903], [33.5216060276382, 17.689634819490237]]]}, "properties": {"zone_id": "scene_02-Z0288", "scene": "scene_02", "pixel_count": 90, "approx_area_m2": 81000.0, "centroid_x": 555339.6666666666, "centroid_y": 1955914.6666666667, "centroid_lon": 33.52183835114812, "centroid_lat": 17.68954080424487, "mean_risk": 1.8906707763671875, "max_risk": 2.0640769004821777, "median_risk": 1.8787047863006592, "high_priority_pixel_pct": 100.0, "priority_category": "HIGH PRIORITY", "threshold_type": "95th percentile prioritisation threshold", "recommendation": "Spectral-stress evidence detected. Prioritise field inspection to determine the underlying cause. Field verification required.", "priority_rank": 293}}, {"type": "Feature", "geometry": {"type": "Polygon", "coordinates": [[[33.62260199797039, 17.691510322159882], [33.622596393210934, 17.68988341210815], [33.62316215113857, 17.689881620589297], [33.62316308607217, 17.69015277225415], [33.62344596543531, 17.690151875869983], [33.623446900809924, 17.690423027512704], [33.62401266033484, 17.69042123349485], [33.62401172411153, 17.69015008188139], [33.623728844781766, 17.69015097907906], [33.623726973233914, 17.68960867580034], [33.622878337690494, 17.68961136486512], [33.62287740321458, 17.68934021317063], [33.62259452509108, 17.689341108697462], [33.622592657037885, 17.688798805256734], [33.622875534312755, 17.68879790975911], [33.62287459988685, 17.68852675804208], [33.62372323033853, 17.68852406915274], [33.62372416603734, 17.688795220825916], [33.62428992043695, 17.688793426170186], [33.62428523786698, 17.687437667875578], [33.6245681129203, 17.687436770010862], [33.62456623916074, 17.68689446666972], [33.62484911334884, 17.68689356842763], [33.62484817606989, 17.686622416760446], [33.625413923547406, 17.686620619085563], [33.625412985436704, 17.6863494674402], [33.62569585872612, 17.68634856800743], [33.62569492020792, 17.686077416369223], [33.625977793056364, 17.686076516544478], [33.62598154892662, 17.687161122993516], [33.626264423455275, 17.687160222703373], [33.62626348403833, 17.686889071117065], [33.626546358125985, 17.68688817043493], [33.62654259892887, 17.685803564073353], [33.626825471302816, 17.685802663043347], [33.62682641150117, 17.68607381463031], [33.62710928428257, 17.68607291317895], [33.6271074030542, 17.68553061002692], [33.627390274970374, 17.685529708198334], [33.627388392960725, 17.684987405045682], [33.6276712640117, 17.68498650283989], [33.62767032260787, 17.684715351267016], [33.62851893438742, 17.68471264225409], [33.62851799172783, 17.684441490717898], [33.62908373198175, 17.684439682705687], [33.62908467548971, 17.684710834212378], [33.62993328701686, 17.68470811910017], [33.629934231814225, 17.684979270555047], [33.630217102713765, 17.68497836468963], [33.63021899320748, 17.685520667547305], [33.63050186493855, 17.68551976124569], [33.630503756348155, 17.686062064043742], [33.6307866289108, 17.686061157305904], [33.630787575065135, 17.686332308678864], [33.631070448035125, 17.686331401519574], [33.63106950145656, 17.686060250161415], [33.63135237398543, 17.686059342610275], [33.631353320988225, 17.686330493953633], [33.63163619392443, 17.686329585981024], [33.631637141368365, 17.686600737302065], [33.63135426800792, 17.68660164528948], [33.63135521504451, 17.68687279661781], [33.63107234124293, 17.68687370421337], [33.63107423451828, 17.687416006877104], [33.63135710916837, 17.68741509925194], [33.63136279194548, 17.689042006973995], [33.63107991474967, 17.689042914688], [33.631080861514015, 17.689314065963515], [33.63164661673735, 17.68931225009917], [33.63164756436721, 17.689583401337554], [33.63136468633968, 17.689584309487902], [33.631365633562126, 17.689855460733586], [33.63079987660771, 17.689857275843682], [33.630800822998395, 17.690128427111457], [33.63051794407153, 17.690129334071184], [33.63051983605482, 17.690671636613775], [33.630236956262394, 17.690672543196317], [33.630237901855, 17.69094369447113], [33.62938926110345, 17.690946411822505], [33.629390205439826, 17.691217563134117], [33.62825868250451, 17.691221180633484], [33.62825962516023, 17.69149233199658], [33.62684521899095, 17.691496844791878], [33.62684427845709, 17.69122569335518], [33.62656139759725, 17.691226594679176], [33.62656045750453, 17.690955443220265], [33.625994696583284, 17.690957244618556], [33.625993757356056, 17.690686093122746], [33.62571087729465, 17.69068699319705], [33.625709938508535, 17.69041584167905], [33.62542705885474, 17.690416741331912], [33.62542518218141, 17.689874438244022], [33.62570806098652, 17.689873538620503], [33.6257052448291, 17.689060083976337], [33.625422367296956, 17.689060983555834], [33.62542330557503, 17.689332135126076], [33.625140427601835, 17.689333034313517], [33.62514136547233, 17.68960418589091], [33.62485848705808, 17.689605084686278], [33.62486223701001, 17.690689690979372], [33.62457935688167, 17.690690589426612], [33.6245802939871, 17.690961740995753], [33.624297413417686, 17.690962639050873], [33.62429835011546, 17.691233790627148], [33.62401546910497, 17.69123468829014], [33.62401640539508, 17.691505839873543], [33.623733523943514, 17.691506737144383], [33.62373258807778, 17.691235585546345], [33.622883944896074, 17.691238274874294], [33.62288487948869, 17.691509426516188], [33.62260199797039, 17.691510322159882]], [[33.62457373460011, 17.68906367985397], [33.62485661218245, 17.689062781494652], [33.62485567476972, 17.688791629887575], [33.62457279761169, 17.688792528232238], [33.62457373460011, 17.68906367985397]]]}, "properties": {"zone_id": "scene_02-Z0289", "scene": "scene_02", "pixel_count": 517, "approx_area_m2": 465300.0, "centroid_x": 566557.4274661508, "centroid_y": 1955820.6382978724, "centroid_lon": 33.62761164998515, "centroid_lat": 17.68838189386498, "mean_risk": 3.2309627532958984, "max_risk": 6.268105506896973, "median_risk": 2.961570978164673, "high_priority_pixel_pct": 100.0, "priority_category": "HIGH PRIORITY", "threshold_type": "95th percentile prioritisation threshold", "recommendation": "Spectral-stress evidence detected. Prioritise field inspection to determine the underlying cause. Field verification required.", "priority_rank": 8}}, {"type": "Feature", "geometry": {"type": "Polygon", "coordinates": [[[33.50322158462393, 17.690767346618316], [33.50322007460135, 17.690225032093576], [33.502654303898396, 17.69022647867313], [33.502652041511745, 17.689413006759022], [33.50236915741319, 17.689413729403253], [33.502367650071385, 17.68887141473279], [33.502650533321244, 17.68887069211213], [33.50264902518455, 17.688328377435255], [33.5029319075723, 17.688327654431426], [33.50293039864077, 17.687785339748153], [33.50321328016642, 17.687784616361185], [33.503214035049766, 17.688055773694774], [33.503779798909285, 17.68805432567703], [33.503782821972, 17.689138954841926], [33.50406570557887, 17.689138230175676], [33.504067218039836, 17.689680544689494], [33.50378433358426, 17.689681269379392], [33.50378584525044, 17.690223583886873], [33.50350295993264, 17.690224308193617], [33.503503715361575, 17.690495465447928], [33.50378660110376, 17.690494741129363], [33.50378735697056, 17.690765898364365], [33.50322158462393, 17.690767346618316]]]}, "properties": {"zone_id": "scene_02-Z0290", "scene": "scene_02", "pixel_count": 39, "approx_area_m2": 35100.0, "centroid_x": 553367.6923076923, "centroid_y": 1955877.6923076923, "centroid_lon": 33.50324276112783, "centroid_lat": 17.68925505840459, "mean_risk": 1.902538776397705, "max_risk": 2.1651229858398438, "median_risk": 1.8830381631851196, "high_priority_pixel_pct": 100.0, "priority_category": "HIGH PRIORITY", "threshold_type": "95th percentile prioritisation threshold", "recommendation": "Spectral-stress evidence detected. Prioritise field inspection to determine the underlying cause. Field verification required.", "priority_rank": 285}}, {"type": "Feature", "geometry": {"type": "Polygon", "coordinates": [[[33.453711537482356, 17.68898965372324], [33.45371085681897, 17.688718494448082], [33.45314508672915, 17.68871979852187], [33.45314372713617, 17.688177479906543], [33.45286084292176, 17.68817813131204], [33.45286016356779, 17.68790697198251], [33.453143047357884, 17.687906320587633], [33.45314236759172, 17.68763516126124], [33.45342525094536, 17.687634509470254], [33.453424570767, 17.687363350146995], [33.453707453684196, 17.68736269795992], [33.45370813428686, 17.68763385727253], [33.454839667531395, 17.687631244414302], [33.45483898523146, 17.68736008514431], [33.455121868087865, 17.687359430923582], [33.455123233548534, 17.68790174943473], [33.454840349843494, 17.687902403676798], [33.45484171450421, 17.688444722179323], [33.45455882993833, 17.688445376035983], [33.454559511862605, 17.688716535286677], [33.453993741845665, 17.688717841801036], [33.453994422933405, 17.688989001065558], [33.453711537482356, 17.68898965372324]]]}, "properties": {"zone_id": "scene_02-Z0291", "scene": "scene_02", "pixel_count": 28, "approx_area_m2": 25200.0, "centroid_x": 548143.9285714285, "centroid_y": 1955738.5714285714, "centroid_lon": 33.453982130763166, "centroid_lat": 17.688117441003655, "mean_risk": 1.9123528003692627, "max_risk": 2.071335554122925, "median_risk": 1.9269529581069946, "high_priority_pixel_pct": 100.0, "priority_category": "HIGH PRIORITY", "threshold_type": "95th percentile prioritisation threshold", "recommendation": "Spectral-stress evidence detected. Prioritise field inspection to determine the underlying cause. Field verification required.", "priority_rank": 278}}, {"type": "Feature", "geometry": {"type": "Polygon", "coordinates": [[[33.52131454144796, 17.686652847272256], [33.52131375947845, 17.68638169067021], [33.521596637991564, 17.686380940907277], [33.52159742038534, 17.6866520974971], [33.52131454144796, 17.686652847272256]]]}, "properties": {"zone_id": "scene_02-Z0292", "scene": "scene_02", "pixel_count": 13, "approx_area_m2": 11700.0, "centroid_x": 555223.8461538461, "centroid_y": 1955646.923076923, "centroid_lon": 33.5207392555157, "centroid_lat": 17.687123683929542, "mean_risk": 1.9340040683746338, "max_risk": 2.1971933841705322, "median_risk": 1.8743072748184204, "high_priority_pixel_pct": 100.0, "priority_category": "HIGH PRIORITY", "threshold_type": "95th percentile prioritisation threshold", "recommendation": "Spectral-stress evidence detected. Prioritise field inspection to determine the underlying cause. Field verification required.", "priority_rank": 249}}, {"type": "Feature", "geometry": {"type": "Polygon", "coordinates": [[[33.50292813534444, 17.686971867667022], [33.50292587216924, 17.686158395518433], [33.5037745090686, 17.686156224349872], [33.503770731015415, 17.684800437462744], [33.50405360783368, 17.68479971298562], [33.50405436384159, 17.68507087036621], [33.5043372410706, 17.6850701454706], [33.50433875397536, 17.685612460185652], [33.50405587589786, 17.685613185104916], [33.504058144083444, 17.68642665715676], [33.50377526471968, 17.68642738170481], [33.503776020384244, 17.68669853905225], [33.50349314058271, 17.68669926320542], [33.50349389583647, 17.686970420557184], [33.50292813534444, 17.686971867667022]]]}, "properties": {"zone_id": "scene_02-Z0293", "scene": "scene_02", "pixel_count": 16, "approx_area_m2": 14400.0, "centroid_x": 553411.875, "centroid_y": 1955521.875, "centroid_lon": 33.503650419016424, "centroid_lat": 17.686037909859184, "mean_risk": 1.8588697910308838, "max_risk": 2.09138560295105, "median_risk": 1.8041962385177612, "high_priority_pixel_pct": 100.0, "priority_category": "HIGH PRIORITY", "threshold_type": "95th percentile prioritisation threshold", "recommendation": "Spectral-stress evidence detected. Prioritise field inspection to determine the underlying cause. Field verification required.", "priority_rank": 325}}, {"type": "Feature", "geometry": {"type": "Polygon", "coordinates": [[[33.465578748523214, 17.68353871400417], [33.4655780502863, 17.68326755503204], [33.465295174249356, 17.683268224137887], [33.46529238312298, 17.682183588130773], [33.46614100610626, 17.682181579724435], [33.46614310324994, 17.682995056642696], [33.46586022766212, 17.682995726550864], [33.465861624971886, 17.683538044480777], [33.465578748523214, 17.68353871400417]]]}, "properties": {"zone_id": "scene_02-Z0294", "scene": "scene_02", "pixel_count": 12, "approx_area_m2": 10800.0, "centroid_x": 549387.5, "centroid_y": 1955147.5, "centroid_lon": 33.46569457670664, "centroid_lat": 17.68274755474245, "mean_risk": 1.8579188585281372, "max_risk": 1.9879244565963745, "median_risk": 1.8348891735076904, "high_priority_pixel_pct": 100.0, "priority_category": "HIGH PRIORITY", "threshold_type": "95th percentile prioritisation threshold", "recommendation": "Spectral-stress evidence detected. Prioritise field inspection to determine the underlying cause. Field verification required.", "priority_rank": 328}}, {"type": "Feature", "geometry": {"type": "Polygon", "coordinates": [[[33.514513095843306, 17.682332208669806], [33.51451155272368, 17.6817898946352], [33.51507729597866, 17.68178841463433], [33.515076523591226, 17.681517257629938], [33.5153593947739, 17.681516517031717], [33.51535862197613, 17.68124536003191], [33.51564149272089, 17.681244619039212], [33.51564226594279, 17.681515776026927], [33.515925137097874, 17.68151503461556], [33.515925910757716, 17.681786191583686], [33.515643039178485, 17.681786933007146], [33.515644585691284, 17.68232924694509], [33.51536171324997, 17.682329987986165], [33.51536094041082, 17.682058831008845], [33.515078068379864, 17.682059571631232], [33.51507884079486, 17.682330728620638], [33.514513095843306, 17.682332208669806]]]}, "properties": {"zone_id": "scene_02-Z0295", "scene": "scene_02", "pixel_count": 11, "approx_area_m2": 9900.0, "centroid_x": 554640.0, "centroid_y": 1955064.5454545454, "centroid_lon": 33.51521897761379, "centroid_lat": 17.68187432160518, "mean_risk": 1.8815009593963623, "max_risk": 2.049572229385376, "median_risk": 1.8891667127609253, "high_priority_pixel_pct": 100.0, "priority_category": "HIGH PRIORITY", "threshold_type": "95th percentile prioritisation threshold", "recommendation": "Spectral-stress evidence detected. Prioritise field inspection to determine the underlying cause. Field verification required.", "priority_rank": 302}}, {"type": "Feature", "geometry": {"type": "Polygon", "coordinates": [[[33.717886853105284, 17.679797306745204], [33.71788577673614, 17.679526160070814], [33.7176029194847, 17.679527191664807], [33.71759646421712, 17.677900311359473], [33.71787931892461, 17.677899279866498], [33.71787824268992, 17.67762813313945], [33.71816109695424, 17.67762710125688], [33.7181600203148, 17.677355954539145], [33.71844287413596, 17.67735492226701], [33.718451491181376, 17.679524095663457], [33.71816863396837, 17.679525128070367], [33.71816971076153, 17.679796274727913], [33.717886853105284, 17.679797306745204]]]}, "properties": {"zone_id": "scene_02-Z0296", "scene": "scene_02", "pixel_count": 23, "approx_area_m2": 20700.0, "centroid_x": 576151.304347826, "centroid_y": 1954780.4347826086, "centroid_lon": 33.71803610999174, "centroid_lat": 17.67867089775744, "mean_risk": 1.8781534433364868, "max_risk": 2.015531063079834, "median_risk": 1.8603078126907349, "high_priority_pixel_pct": 100.0, "priority_category": "HIGH PRIORITY", "threshold_type": "95th percentile prioritisation threshold", "recommendation": "Spectral-stress evidence detected. Prioritise field inspection to determine the underlying cause. Field verification required.", "priority_rank": 309}}, {"type": "Feature", "geometry": {"type": "Polygon", "coordinates": [[[33.50177328649325, 17.678568873423686], [33.50177102965813, 17.677755400436773], [33.50148816375958, 17.677756121354733], [33.501486660118005, 17.677213805969124], [33.501203795054096, 17.67721452645709], [33.501202292314204, 17.676672211017994], [33.5014851565301, 17.67667149055355], [33.50148590831734, 17.676942648265083], [33.502334502156515, 17.676940484397694], [33.50233525522921, 17.677211642066418], [33.502618120239404, 17.677210919952568], [33.50261887374956, 17.677482077602015], [33.502336008315346, 17.67748279972765], [33.502337514527945, 17.67802511502764], [33.50290324707905, 17.678023670322748], [33.502904001053594, 17.67829482793793], [33.502055400934644, 17.678296994420883], [33.50205615365049, 17.67856815206392], [33.50177328649325, 17.678568873423686]]]}, "properties": {"zone_id": "scene_02-Z0297", "scene": "scene_02", "pixel_count": 22, "approx_area_m2": 19800.0, "centroid_x": 553254.5454545454, "centroid_y": 1954590.0, "centroid_lon": 33.50214352191514, "centroid_lat": 17.6776188706848, "mean_risk": 1.8650211095809937, "max_risk": 1.9786487817764282, "median_risk": 1.8695385456085205, "high_priority_pixel_pct": 100.0, "priority_category": "HIGH PRIORITY", "threshold_type": "95th percentile prioritisation threshold", "recommendation": "Spectral-stress evidence detected. Prioritise field inspection to determine the underlying cause. Field verification required.", "priority_rank": 321}}, {"type": "Feature", "geometry": {"type": "Polygon", "coordinates": [[[33.52213733859938, 17.677702426112237], [33.52213655581814, 17.677431269299518], [33.52241942029269, 17.6774305187208], [33.522420203497944, 17.677701675521266], [33.52213733859938, 17.677702426112237]]]}, "properties": {"zone_id": "scene_02-Z0298", "scene": "scene_02", "pixel_count": 9, "approx_area_m2": 8100.0, "centroid_x": 555333.3333333334, "centroid_y": 1954640.0, "centroid_lon": 33.52174538323687, "centroid_lat": 17.67801981755057, "mean_risk": 2.0790884494781494, "max_risk": 2.4521007537841797, "median_risk": 2.0401108264923096, "high_priority_pixel_pct": 100.0, "priority_category": "HIGH PRIORITY", "threshold_type": "95th percentile prioritisation threshold", "recommendation": "Spectral-stress evidence detected. Prioritise field inspection to determine the underlying cause. Field verification required.", "priority_rank": 156}}, {"type": "Feature", "geometry": {"type": "Polygon", "coordinates": [[[33.52128718081549, 17.677162361739946], [33.52128639933421, 17.676891204875535], [33.52100353565185, 17.67689195380393], [33.52100275460852, 17.6766207969198], [33.520719891336206, 17.67662154542952], [33.52072067195554, 17.67689270232587], [33.52015494452114, 17.676894198150375], [33.5201541647498, 17.676623041229607], [33.52043702804997, 17.676622293532787], [33.52043624786856, 17.676351136616738], [33.521001973579125, 17.676349640028178], [33.5209996305746, 17.675536169308337], [33.52128249213705, 17.675535420441058], [33.52128327354858, 17.67580657734294], [33.52156613552106, 17.67580582805701], [33.52156691737052, 17.676076984939176], [33.52128405497407, 17.67607773423733], [33.5212848364135, 17.676348891124224], [33.521567699233934, 17.676348141813836], [33.52157004490791, 17.67716161239287], [33.52128718081549, 17.677162361739946]]]}, "properties": {"zone_id": "scene_02-Z0299", "scene": "scene_02", "pixel_count": 13, "approx_area_m2": 11700.0, "centroid_x": 555260.7692307692, "centroid_y": 1954465.3846153845, "centroid_lon": 33.5210566406621, "centroid_lat": 17.67644335804073, "mean_risk": 1.9107041358947754, "max_risk": 2.127981424331665, "median_risk": 1.883162498474121, "high_priority_pixel_pct": 100.0, "priority_category": "HIGH PRIORITY", "threshold_type": "95th percentile prioritisation threshold", "recommendation": "Spectral-stress evidence detected. Prioritise field inspection to determine the underlying cause. Field verification required.", "priority_rank": 279}}, {"type": "Feature", "geometry": {"type": "Polygon", "coordinates": [[[33.52438925224542, 17.673900215317765], [33.524387680305516, 17.673357901671384], [33.52467053830865, 17.67335714802545], [33.524672111096365, 17.673899461647228], [33.52438925224542, 17.673900215317765]]]}, "properties": {"zone_id": "scene_02-Z0300", "scene": "scene_02", "pixel_count": 26, "approx_area_m2": 23400.0, "centroid_x": 555568.8461538461, "centroid_y": 1954338.4615384615, "centroid_lon": 33.523958102212646, "centroid_lat": 17.67528844541947, "mean_risk": 2.047691822052002, "max_risk": 2.4180655479431152, "median_risk": 2.060824394226074, "high_priority_pixel_pct": 100.0, "priority_category": "HIGH PRIORITY", "threshold_type": "95th percentile prioritisation threshold", "recommendation": "Spectral-stress evidence detected. Prioritise field inspection to determine the underlying cause. Field verification required.", "priority_rank": 173}}, {"type": "Feature", "geometry": {"type": "Polygon", "coordinates": [[[33.49582712637895, 17.676414664662737], [33.49582638309835, 17.676143506702296], [33.49667497392275, 17.67614136732747], [33.496674229383466, 17.675870209394464], [33.49610850302844, 17.6758716360275], [33.4961077593504, 17.67560047806372], [33.49582489657694, 17.675601190758954], [33.49582415333615, 17.675330032776042], [33.4955412909734, 17.675330745053216], [33.495539062602454, 17.67451727102466], [33.49582192369334, 17.67451655878237], [33.49582266689434, 17.67478771678775], [33.49667125135922, 17.674785577587517], [33.496670506886375, 17.674514419617058], [33.49751908995982, 17.674512276794104], [33.497521327233784, 17.675325750578086], [33.49723846495075, 17.675326465293807], [33.49724144647314, 17.676411096947582], [33.49582712637895, 17.676414664662737]], [[33.4961077593504, 17.67560047806372], [33.496673484857475, 17.675599051453972], [33.49667274034476, 17.675327893505976], [33.49610701568563, 17.67532932009244], [33.4961077593504, 17.67560047806372]], [[33.49667274034476, 17.675327893505976], [33.4969556026544, 17.6753271796031], [33.496954857731026, 17.675056021659273], [33.49667199584535, 17.675056735550495], [33.49667274034476, 17.675327893505976]]]}, "properties": {"zone_id": "scene_02-Z0301", "scene": "scene_02", "pixel_count": 31, "approx_area_m2": 27900.0, "centroid_x": 552667.7419354839, "centroid_y": 1954341.2903225806, "centroid_lon": 33.49660446199791, "centroid_lat": 17.675384921863337, "mean_risk": 1.8683137893676758, "max_risk": 2.0932536125183105, "median_risk": 1.8633307218551636, "high_priority_pixel_pct": 100.0, "priority_category": "HIGH PRIORITY", "threshold_type": "95th percentile prioritisation threshold", "recommendation": "Spectral-stress evidence detected. Prioritise field inspection to determine the underlying cause. Field verification required.", "priority_rank": 317}}, {"type": "Feature", "geometry": {"type": "Polygon", "coordinates": [[[33.51279817662911, 17.67610002418862], [33.51279510188668, 17.675015395110844], [33.51336082410438, 17.675013920590644], [33.51336159361732, 17.67528507784726], [33.51364445512952, 17.675284339965494], [33.513645995044534, 17.675826654432157], [33.513080270310525, 17.67582812983743], [33.513081039440685, 17.676099287083606], [33.51279817662911, 17.67610002418862]]]}, "properties": {"zone_id": "scene_02-Z0302", "scene": "scene_02", "pixel_count": 9, "approx_area_m2": 8100.0, "centroid_x": 554423.3333333334, "centroid_y": 1954360.0, "centroid_lon": 33.51315794575496, "centroid_lat": 17.67551157489114, "mean_risk": 2.015885591506958, "max_risk": 2.204195499420166, "median_risk": 2.051398277282715, "high_priority_pixel_pct": 100.0, "priority_category": "HIGH PRIORITY", "threshold_type": "95th percentile prioritisation threshold", "recommendation": "Spectral-stress evidence detected. Prioritise field inspection to determine the underlying cause. Field verification required.", "priority_rank": 196}}, {"type": "Feature", "geometry": {"type": "Polygon", "coordinates": [[[33.498088545038335, 17.675866635699208], [33.49808705175992, 17.675324319927373], [33.498369914003, 17.675323603992386], [33.49836916695982, 17.67505244610692], [33.498652028765605, 17.6750517297772], [33.4986512813118, 17.67478057189593], [33.4989341426803, 17.67477985517149], [33.4989333948159, 17.674508697294435], [33.49921625574709, 17.674507980175285], [33.499218500652205, 17.675321453748868], [33.49978422501823, 17.675320018221065], [33.49978497419459, 17.675591176040513], [33.4989363863536, 17.67559332875771], [33.49893563844915, 17.675322170903126], [33.498652776232746, 17.67532288765097], [33.498654271207045, 17.675865203376034], [33.498088545038335, 17.675866635699208]]]}, "properties": {"zone_id": "scene_02-Z0303", "scene": "scene_02", "pixel_count": 13, "approx_area_m2": 11700.0, "centroid_x": 552904.6153846154, "centroid_y": 1954331.5384615385, "centroid_lon": 33.49883763832764, "centroid_lat": 17.675291131608432, "mean_risk": 1.8303885459899902, "max_risk": 1.9564425945281982, "median_risk": 1.8092573881149292, "high_priority_pixel_pct": 100.0, "priority_category": "HIGH PRIORITY", "threshold_type": "95th percentile prioritisation threshold", "recommendation": "Spectral-stress evidence detected. Prioritise field inspection to determine the underlying cause. Field verification required.", "priority_rank": 350}}, {"type": "Feature", "geometry": {"type": "Polygon", "coordinates": [[[33.500914922730956, 17.675045984508394], [33.500911919429704, 17.67396135331351], [33.50062905942663, 17.673962072847587], [33.50062605803545, 17.672877441485873], [33.500908916342894, 17.672876721998776], [33.50090816560469, 17.672605564151368], [33.50119102347484, 17.67260484426966], [33.501192525812435, 17.673147159933485], [33.5009096670945, 17.673147879838695], [33.500911168637906, 17.67369019549606], [33.50119402820366, 17.673689475567347], [33.5011977844164, 17.67504526452092], [33.500914922730956, 17.675045984508394]]]}, "properties": {"zone_id": "scene_02-Z0304", "scene": "scene_02", "pixel_count": 11, "approx_area_m2": 9900.0, "centroid_x": 553129.0909090909, "centroid_y": 1954161.8181818181, "centroid_lon": 33.500949911044124, "centroid_lat": 17.673751724124873, "mean_risk": 1.849928379058838, "max_risk": 1.9368342161178589, "median_risk": 1.8678491115570068, "high_priority_pixel_pct": 100.0, "priority_category": "HIGH PRIORITY", "threshold_type": "95th percentile prioritisation threshold", "recommendation": "Spectral-stress evidence detected. Prioritise field inspection to determine the underlying cause. Field verification required.", "priority_rank": 333}}, {"type": "Feature", "geometry": {"type": "Polygon", "coordinates": [[[33.48875039246107, 17.674534242918075], [33.48874965987182, 17.674263084616534], [33.48818393786648, 17.67426448835151], [33.488183206138174, 17.67399333001957], [33.48790034553984, 17.673994031266012], [33.487899614248526, 17.67372287291514], [33.488182474422935, 17.673722171680144], [33.48818101103162, 17.67317985497882], [33.48789815170504, 17.67318055619092], [33.48789742045288, 17.672909397817577], [33.48733170260839, 17.67291079899978], [33.487330972217066, 17.67263964059607], [33.48902812305049, 17.672635432241766], [33.489033253868065, 17.67453354042952], [33.48875039246107, 17.674534242918075]]]}, "properties": {"zone_id": "scene_02-Z0305", "scene": "scene_02", "pixel_count": 24, "approx_area_m2": 21600.0, "centroid_x": 551805.0, "centroid_y": 1954120.0, "centroid_lon": 33.488464480438424, "centroid_lat": 17.673405118646667, "mean_risk": 1.798807978630066, "max_risk": 1.857590675354004, "median_risk": 1.7963008880615234, "high_priority_pixel_pct": 100.0, "priority_category": "HIGH PRIORITY", "threshold_type": "95th percentile prioritisation threshold", "recommendation": "Spectral-stress evidence detected. Prioritise field inspection to determine the underlying cause. Field verification required.", "priority_rank": 366}}, {"type": "Feature", "geometry": {"type": "Polygon", "coordinates": [[[33.4932754340264, 17.674251796215163], [33.49327469466731, 17.673980638090402], [33.49299183430524, 17.67398134665192], [33.492991095383275, 17.673710188508103], [33.49327395532141, 17.673709479958156], [33.49327321598872, 17.67343832181842], [33.49383893497758, 17.673436903522518], [33.49383967515811, 17.673708061639104], [33.49412253505663, 17.67370735187], [33.494124016305186, 17.674249668057527], [33.4932754340264, 17.674251796215163]]]}, "properties": {"zone_id": "scene_02-Z0306", "scene": "scene_02", "pixel_count": 9, "approx_area_m2": 8100.0, "centroid_x": 552350.0, "centroid_y": 1954173.3333333333, "centroid_lon": 33.49360441068907, "centroid_lat": 17.673874360543053, "mean_risk": 1.8498889207839966, "max_risk": 1.9771982431411743, "median_risk": 1.8469597101211548, "high_priority_pixel_pct": 100.0, "priority_category": "HIGH PRIORITY", "threshold_type": "95th percentile prioritisation threshold", "recommendation": "Spectral-stress evidence detected. Prioritise field inspection to determine the underlying cause. Field verification required.", "priority_rank": 334}}, {"type": "Feature", "geometry": {"type": "Polygon", "coordinates": [[[33.49553831983865, 17.674246113000162], [33.49553534891604, 17.67316148082727], [33.49525248993151, 17.673162192605062], [33.49525323221837, 17.67343335067114], [33.49497037279668, 17.673434062054177], [33.49497111467287, 17.673705220124372], [33.49468825481403, 17.673705931112632], [33.49468677192271, 17.673163614941533], [33.49496963093373, 17.673162903976483], [33.49496814724756, 17.672620587798633], [33.49525100539754, 17.67261987645044], [33.4952517476579, 17.6728910345315], [33.4958174647659, 17.672889610592787], [33.49581672165776, 17.672618452534977], [33.49609957976797, 17.672617739967702], [33.496103297560886, 17.6739735301237], [33.49582043733113, 17.673974242749136], [33.49582118050561, 17.67424540076949], [33.49553831983865, 17.674246113000162]]]}, "properties": {"zone_id": "scene_02-Z0307", "scene": "scene_02", "pixel_count": 16, "approx_area_m2": 14400.0, "centroid_x": 552555.0, "centroid_y": 1954113.75, "centroid_lon": 33.49553581310872, "centroid_lat": 17.673330954612187, "mean_risk": 1.8725085258483887, "max_risk": 2.0494143962860107, "median_risk": 1.8526782989501953, "high_priority_pixel_pct": 100.0, "priority_category": "HIGH PRIORITY", "threshold_type": "95th percentile prioritisation threshold", "recommendation": "Spectral-stress evidence detected. Prioritise field inspection to determine the underlying cause. Field verification required.", "priority_rank": 314}}, {"type": "Feature", "geometry": {"type": "Polygon", "coordinates": [[[33.5269318223138, 17.672808790774273], [33.52693024285631, 17.672266477289867], [33.52664738666124, 17.672267234137326], [33.526646597377514, 17.671996077371528], [33.52692945314872, 17.67199532053643], [33.5269262944593, 17.67091069344772], [33.52607773218961, 17.670912962585845], [33.52607615547244, 17.670370648922443], [33.52635900872877, 17.670369892974062], [33.526358219967484, 17.67009873614347], [33.525792514288376, 17.670100247609263], [33.52579093850326, 17.669557933876238], [33.52522523446311, 17.66955944366757], [33.52522444743923, 17.66928828676517], [33.52494159582186, 17.6692890410391], [33.52494002266383, 17.668746727187195], [33.524091470270186, 17.668748987497565], [33.52409068498354, 17.668477830523464], [33.52380783458138, 17.668478583135453], [33.52380704973252, 17.668207426141574], [33.524372749675294, 17.668205920535936], [33.524371963992934, 17.667934763559142], [33.52408911445231, 17.667935516552795], [33.52408832920773, 17.66766435955622], [33.52323978177301, 17.667666616062895], [33.52324056574635, 17.66793777309632], [33.52295771614969, 17.667938524465015], [33.522956932600096, 17.667667367419323], [33.52210838499745, 17.66766961905124], [33.52210760273307, 17.667398461961294], [33.52182475392799, 17.667399211680557], [33.5218239721013, 17.667128054570878], [33.52352106217976, 17.667123550235477], [33.52352027782469, 17.66685239319186], [33.524085973558094, 17.666850888521555], [33.5240851883696, 17.666579731495023], [33.52465088319949, 17.666578225224473], [33.52465166923543, 17.66684938222641], [33.524368821403776, 17.66685013557709], [33.524369607030025, 17.66712129258384], [33.525218151754046, 17.667119031276247], [33.52521736485662, 17.666847874306423], [33.52550021264615, 17.666847119737117], [33.525499425339056, 17.666575962772118], [33.524933730593396, 17.66657747147989], [33.524932157716215, 17.666035157478156], [33.5257806972714, 17.666032893881127], [33.525781484974075, 17.666304050848773], [33.52634717878796, 17.66630253972846], [33.526347967352116, 17.66657369666394], [33.5260651200285, 17.66657445243954], [33.52606669635161, 17.66711676631271], [33.52663239267964, 17.667115254305937], [33.526633970753984, 17.66765756809976], [33.526916819744336, 17.667656811462336], [33.526917609226395, 17.66792796833566], [33.52635191038409, 17.667929481228978], [33.526352699032735, 17.668200638119508], [33.525786999286616, 17.66820214941256], [33.52578621148549, 17.667930992497354], [33.52550336201508, 17.667931747522186], [33.52550257465175, 17.667660590587158], [33.525219725591036, 17.66766134519343], [33.52521893866552, 17.667390188238585], [33.524936090014485, 17.667390942426316], [33.52493687651627, 17.667662099393464], [33.52465402742746, 17.667662853187284], [33.52465481351953, 17.66793401015926], [33.52493766303209, 17.667933256353137], [33.524938449561965, 17.668204413305315], [33.52522129948423, 17.668203659080636], [33.525223660429404, 17.66901712985527], [33.52607221392581, 17.669014864632835], [33.526073002206985, 17.669286021505744], [33.5263558537681, 17.66928526560673], [33.52635506506314, 17.66901410874616], [33.526637916186395, 17.669013352453227], [33.52663633797117, 17.668471038734314], [33.527202038480304, 17.66846952497909], [33.52720282842841, 17.668740681817575], [33.52805138035763, 17.66873840810074], [33.52805296283883, 17.66928072168099], [33.52748725987168, 17.66928223794798], [33.52748805028589, 17.669553394751613], [33.52720519835736, 17.669554152288075], [33.52720598836188, 17.669825309096588], [33.52692313599544, 17.669826066239136], [33.52692471519918, 17.670368379858413], [33.527490421613194, 17.67036686511758], [33.52748884071422, 17.669824551547762], [33.52777169305244, 17.669823793592656], [33.527770902200324, 17.669552636808877], [33.528053754100625, 17.66955187845987], [33.528056127970764, 17.670365348751563], [33.52777327479904, 17.67036610713772], [33.52777406569352, 17.67063726389901], [33.52749121208385, 17.670638021891246], [33.52749200256862, 17.67090917865742], [33.52720914852102, 17.670909936255725], [33.52721151878846, 17.67172340654641], [33.527494374107604, 17.671722648910997], [33.52749753635715, 17.67280727581086], [33.5269318223138, 17.672808790774273]], [[33.526359797504135, 17.67064104979717], [33.526642651170214, 17.670640293430143], [33.526641861971015, 17.670369136619385], [33.52635900872877, 17.670369892974062], [33.526359797504135, 17.67064104979717]], [[33.526357431220276, 17.66982757930538], [33.526640283614896, 17.6698268229754], [33.526639494457974, 17.66955566614217], [33.526356642487144, 17.669556422459802], [33.526357431220276, 17.66982757930538]], [[33.52606906094183, 17.667930237066283], [33.52635191038409, 17.667929481228978], [33.52635112174954, 17.667658324330954], [33.52606827273102, 17.667659080155918], [33.52606906094183, 17.667930237066283]], [[33.52408832920773, 17.66766435955622], [33.52437117832461, 17.667663606574866], [33.5243703926703, 17.6673924495831], [33.52408754397717, 17.667393202552155], [33.52408832920773, 17.66766435955622]]]}, "properties": {"zone_id": "scene_02-Z0308", "scene": "scene_02", "pixel_count": 146, "approx_area_m2": 131400.0, "centroid_x": 555771.9863013698, "centroid_y": 1953606.5753424657, "centroid_lon": 33.525854223011, "centroid_lat": 17.668668140526684, "mean_risk": 1.9465564489364624, "max_risk": 2.413282871246338, "median_risk": 1.9210448265075684, "high_priority_pixel_pct": 100.0, "priority_category": "HIGH PRIORITY", "threshold_type": "95th percentile prioritisation threshold", "recommendation": "Spectral-stress evidence detected. Prioritise field inspection to determine the underlying cause. Field verification required.", "priority_rank": 238}}, {"type": "Feature", "geometry": {"type": "Polygon", "coordinates": [[[33.63187264201689, 17.673042254395565], [33.63187169499411, 17.67277110271381], [33.630740288024136, 17.672774730829353], [33.63073745214335, 17.671961275561372], [33.63102030263965, 17.671960369186372], [33.63101935695597, 17.671689217430156], [33.63130220701155, 17.671688310663647], [33.63130031484721, 17.67114600715831], [33.63101746563925, 17.67114691389521], [33.63101557439008, 17.670604610330237], [33.630732726012845, 17.67060551663126], [33.63073367120519, 17.6708766684323], [33.6298851247009, 17.670879384942083], [33.629886068638704, 17.67115053677996], [33.62960321934642, 17.671151441485435], [33.62960227583242, 17.670880289632784], [33.62931942694709, 17.670881193917204], [33.62931848387373, 17.67061004204228], [33.62903563539537, 17.67061094590566], [33.629033750146725, 17.670068642103786], [33.62931659777751, 17.670067738269918], [33.62931565475465, 17.66979658637248], [33.62959850194483, 17.66979568214711], [33.62959755851504, 17.669524530256925], [33.63044609871317, 17.669521815187633], [33.630442320077464, 17.668437207729138], [33.63072516508146, 17.66843630195271], [33.63072422004096, 17.668165150084107], [33.631007064604354, 17.66816424391625], [33.63100517372654, 17.66762194018613], [33.631288017425625, 17.66762103364166], [33.63128707158833, 17.66734988178014], [33.63156991484682, 17.667348974844284], [33.63156896860272, 17.66707782299007], [33.6321346542216, 17.66707600792941], [33.6321356013131, 17.66734715975399], [33.63185275808841, 17.667348067502235], [33.631854651474725, 17.667890371158517], [33.63270318364031, 17.66788764660623], [33.632704131629986, 17.668158798378624], [33.63326982050321, 17.668156979949703], [33.63326602525638, 17.667072372933855], [33.633548867972756, 17.66707146316951], [33.63354791877971, 17.666800311411638], [33.633830761055435, 17.666799401255954], [33.63382981145566, 17.66652824950544], [33.63467833691003, 17.666525516645965], [33.63467738605618, 17.666254364932566], [33.63524306876021, 17.666252541025166], [33.63524402046141, 17.66652369270878], [33.635526862211606, 17.66652278013093], [33.63552781435348, 17.66679393179214], [33.63609349865023, 17.6667921053881], [33.63609635772004, 17.667605560237202], [33.636379201113996, 17.66760464638115], [33.63638110809304, 17.6681469495465], [33.63609826385166, 17.6681478634324], [33.63609921694299, 17.668419015018742], [33.63553352756173, 17.668420841601723], [33.63553447982262, 17.668691993210377], [33.635817324945485, 17.668691080107095], [33.635818277647104, 17.668962231693335], [33.6361011231767, 17.6689613181689], [33.63610207631909, 17.669232469732716], [33.63581923036574, 17.66923338327207], [33.63582208862369, 17.67004683796322], [33.63667063024657, 17.670044095992164], [33.636668722181646, 17.669501792961775], [33.636951568507676, 17.669500878188778], [33.63695061407701, 17.669229726677255], [33.63751630583044, 17.66922789594242], [33.637515350569316, 17.668956744453283], [33.63864673217646, 17.66895307816863], [33.63864768913259, 17.669224229597905], [33.63836484333266, 17.669225146793394], [33.63836675644865, 17.669767449659382], [33.6386496030961, 17.66976653243394], [33.63865056010348, 17.670037683840697], [33.638933407157616, 17.670036766194027], [33.63893723705315, 17.67112137168604], [33.63837153953747, 17.67112320669295], [33.638372496206465, 17.67139435807714], [33.6380896469992, 17.671395274986136], [33.63809060326145, 17.671666426377783], [33.637242054265805, 17.67166917471191], [33.63724491934051, 17.672482628976404], [33.63696206836969, 17.672483544320013], [33.636961113751575, 17.672212392891073], [33.636678263187555, 17.672213307813433], [33.63667730901032, 17.671942156362054], [33.6363944588531, 17.671943070863165], [33.636392551397364, 17.671400767908022], [33.635826852727135, 17.671402595631655], [33.63582589987242, 17.671131444112987], [33.6355430509356, 17.67113235735046], [33.635540193744916, 17.670318902704665], [33.63412595516286, 17.670323462574412], [33.63412405469185, 17.66978115929079], [33.63384120777207, 17.669782070016204], [33.633839308216444, 17.669239766672813], [33.634122154288704, 17.669238855977138], [33.634121204112574, 17.66896770430905], [33.6335555127986, 17.668969525264433], [33.63355646212723, 17.669240676962254], [33.63327361602107, 17.66924158684545], [33.63327456494289, 17.66951273855062], [33.63299171839603, 17.669513648042425], [33.63299456399181, 17.670327103157437], [33.6327117161567, 17.670328012287527], [33.632712664298694, 17.670599163992353], [33.632146967730115, 17.670600981063405], [33.632149809714875, 17.671414436221855], [33.63158411053581, 17.67141625175673], [33.631585057050245, 17.67168740349084], [33.63215075707694, 17.671685587926323], [33.632152651851825, 17.672227891312733], [33.63243550268747, 17.672226982891363], [33.6324373983777, 17.672769286218085], [33.63215454669436, 17.67277019466911], [33.63215549414099, 17.673041346336035], [33.63187264201689, 17.673042254395565]]]}, "properties": {"zone_id": "scene_02-Z0309", "scene": "scene_02", "pixel_count": 365, "approx_area_m2": 328500.0, "centroid_x": 567240.1643835617, "centroid_y": 1953737.6712328766, "centroid_lon": 33.63398331566812, "centroid_lat": 17.669534601694867, "mean_risk": 2.924266815185547, "max_risk": 5.8221306800842285, "median_risk": 2.7608087062835693, "high_priority_pixel_pct": 100.0, "priority_category": "HIGH PRIORITY", "threshold_type": "95th percentile prioritisation threshold", "recommendation": "Spectral-stress evidence detected. Prioritise field inspection to determine the underlying cause. Field verification required.", "priority_rank": 17}}, {"type": "Feature", "geometry": {"type": "Polygon", "coordinates": [[[33.626780361506235, 17.672787378036606], [33.62677754342688, 17.671973922149256], [33.627060394158725, 17.67197302146254], [33.62705757495882, 17.671159565551743], [33.626774725498436, 17.67116046619434], [33.626773786222486, 17.67088931419435], [33.627056635259066, 17.670888413566463], [33.627053816260464, 17.670074957565575], [33.62761951174053, 17.670073155179228], [33.627620452237515, 17.6703443071576], [33.62818614849799, 17.670342503116753], [33.62818803123752, 17.670884806992078], [33.627905182268094, 17.670885709245095], [33.62790706422724, 17.671428013119844], [33.62762421439339, 17.671428914996035], [33.627626095572076, 17.67197121887021], [33.62790894625357, 17.671970316964575], [33.627909887291935, 17.67224146887568], [33.6276270361866, 17.672242370796027], [33.62762797681792, 17.67251352271435], [33.62734512527196, 17.67251442424311], [33.62734606549621, 17.672785576168632], [33.626780361506235, 17.672787378036606]]]}, "properties": {"zone_id": "scene_02-Z0310", "scene": "scene_02", "pixel_count": 31, "approx_area_m2": 27900.0, "centroid_x": 566543.2258064516, "centroid_y": 1953941.6129032257, "centroid_lon": 33.6274188139898, "centroid_lat": 17.67139895539864, "mean_risk": 2.3483502864837646, "max_risk": 3.5212509632110596, "median_risk": 2.2080228328704834, "high_priority_pixel_pct": 100.0, "priority_category": "HIGH PRIORITY", "threshold_type": "95th percentile prioritisation threshold", "recommendation": "Spectral-stress evidence detected. Prioritise field inspection to determine the underlying cause. Field verification required.", "priority_rank": 67}}, {"type": "Feature", "geometry": {"type": "Polygon", "coordinates": [[[33.52127233505622, 17.672010380034678], [33.52126842911425, 17.67065459492582], [33.52183413693706, 17.670653096412384], [33.52183491894523, 17.670924253424673], [33.522400627559854, 17.67092275326153], [33.52240219331344, 17.67146506721465], [33.522119338165425, 17.67146581752388], [33.52212012063932, 17.67173697450145], [33.521554409453685, 17.671738473925412], [33.52155519109383, 17.672009630919966], [33.52127233505622, 17.672010380034678]]]}, "properties": {"zone_id": "scene_02-Z0311", "scene": "scene_02", "pixel_count": 14, "approx_area_m2": 12600.0, "centroid_x": 555334.2857142857, "centroid_y": 1953893.5714285714, "centroid_lon": 33.52173490480884, "centroid_lat": 17.671273151578912, "mean_risk": 1.967934250831604, "max_risk": 2.0999209880828857, "median_risk": 1.9868149757385254, "high_priority_pixel_pct": 100.0, "priority_category": "HIGH PRIORITY", "threshold_type": "95th percentile prioritisation threshold", "recommendation": "Spectral-stress evidence detected. Prioritise field inspection to determine the underlying cause. Field verification required.", "priority_rank": 224}}, {"type": "Feature", "geometry": {"type": "Polygon", "coordinates": [[[33.640348601738886, 17.670303323176096], [33.64034764217175, 17.67003217186684], [33.64006479520315, 17.67003309154479], [33.64006383607691, 17.669761940213014], [33.6394981429359, 17.669763778320135], [33.63949718467432, 17.66949262695084], [33.640062876967804, 17.669490788873727], [33.64006191787581, 17.669219637526925], [33.64091045491633, 17.6692168774095], [33.64091429647224, 17.67030148257138], [33.640348601738886, 17.670303323176096]]]}, "properties": {"zone_id": "scene_02-Z0312", "scene": "scene_02", "pixel_count": 13, "approx_area_m2": 11700.0, "centroid_x": 567920.7692307692, "centroid_y": 1953759.2307692308, "centroid_lon": 33.64040089164354, "centroid_lat": 17.669708699160953, "mean_risk": 2.574995756149292, "max_risk": 3.649566411972046, "median_risk": 2.3448264598846436, "high_priority_pixel_pct": 100.0, "priority_category": "HIGH PRIORITY", "threshold_type": "95th percentile prioritisation threshold", "recommendation": "Spectral-stress evidence detected. Prioritise field inspection to determine the underlying cause. Field verification required.", "priority_rank": 37}}, {"type": "Feature", "geometry": {"type": "Polygon", "coordinates": [[[33.46045314534766, 17.670263887871393], [33.46045107539169, 17.66945040924545], [33.46016822075591, 17.669451070481365], [33.4601689103051, 17.66972223004163], [33.45932034505249, 17.669724211343997], [33.45931965677474, 17.669453051751386], [33.4587539473925, 17.66945437056662], [33.458754634822625, 17.669725530180763], [33.45762321421569, 17.669728162978743], [33.45762252848082, 17.66945700332161], [33.457339673722274, 17.669457660494636], [33.45733487688749, 17.667559542610064], [33.457900580459366, 17.66755822800799], [33.457899894398686, 17.66728706830173], [33.4581827457425, 17.667286410402074], [33.45818343222693, 17.667557570097593], [33.459031987456065, 17.667555593928927], [33.45903129970037, 17.667284434265678], [33.45959700227757, 17.667283114810235], [33.459598379496256, 17.66782543408616], [33.45931552736629, 17.667826094038553], [33.45931690378663, 17.668368413306098], [33.459599756764135, 17.66836775333215], [33.45960113408119, 17.668910072548204], [33.460449695482644, 17.668908090124063], [33.46045038543101, 17.669179249688497], [33.46073323963066, 17.669178588057093], [33.46073393001515, 17.66944974760324], [33.46101678462629, 17.66944908555475], [33.461018857125175, 17.67026256411585], [33.46045314534766, 17.670263887871393]]]}, "properties": {"zone_id": "scene_02-Z0313", "scene": "scene_02", "pixel_count": 77, "approx_area_m2": 69300.0, "centroid_x": 548662.2077922078, "centroid_y": 1953596.1038961038, "centroid_lon": 33.45882009792857, "centroid_lat": 17.668741097624814, "mean_risk": 1.9086898565292358, "max_risk": 2.2087669372558594, "median_risk": 1.8854845762252808, "high_priority_pixel_pct": 100.0, "priority_category": "HIGH PRIORITY", "threshold_type": "95th percentile prioritisation threshold", "recommendation": "Spectral-stress evidence detected. Prioritise field inspection to determine the underlying cause. Field verification required.", "priority_rank": 281}}, {"type": "Feature", "geometry": {"type": "Polygon", "coordinates": [[[33.507971995711195, 17.66987586927371], [33.50797123452523, 17.669604711639696], [33.507688381641266, 17.669605441142917], [33.5076868601577, 17.669063125828597], [33.50881826822164, 17.66906020547338], [33.50882055555293, 17.66987367829058], [33.507971995711195, 17.66987586927371]]]}, "properties": {"zone_id": "scene_02-Z0314", "scene": "scene_02", "pixel_count": 11, "approx_area_m2": 9900.0, "centroid_x": 553909.0909090909, "centroid_y": 1953687.2727272727, "centroid_lon": 33.50829220817062, "centroid_lat": 17.669443652659066, "mean_risk": 1.928046464920044, "max_risk": 2.138273000717163, "median_risk": 1.9241591691970825, "high_priority_pixel_pct": 100.0, "priority_category": "HIGH PRIORITY", "threshold_type": "95th percentile prioritisation threshold", "recommendation": "Spectral-stress evidence detected. Prioritise field inspection to determine the underlying cause. Field verification required.", "priority_rank": 254}}, {"type": "Feature", "geometry": {"type": "Polygon", "coordinates": [[[33.455924033398794, 17.668918620800138], [33.4559233502434, 17.668647461056274], [33.455357643110325, 17.66864877005644], [33.45535627853126, 17.668106450503515], [33.45507342579401, 17.668107104372837], [33.45507274394652, 17.66783594457447], [33.454789891620855, 17.667836598026867], [33.454790573044576, 17.668107757835898], [33.45450772028298, 17.668108410892703], [33.45450227262383, 17.66593913212561], [33.45478512199548, 17.66593847915411], [33.45478375935486, 17.66539615940884], [33.45506660786693, 17.665395506052477], [33.45506592614118, 17.665124346179287], [33.45450022995226, 17.665125652464493], [33.45449954908605, 17.66485449256249], [33.45421670139704, 17.66485514508516], [33.45421466014237, 17.664041665302282], [33.45393181371222, 17.66404231738683], [33.453928413982325, 17.662686517545822], [33.45421125829427, 17.662685865514526], [33.454209897640084, 17.66214354554706], [33.453644210698506, 17.66214484916094], [33.453643531236835, 17.661873689144688], [33.45307784509393, 17.66187499111285], [33.45307716649159, 17.661603831067854], [33.45279432382554, 17.661604481432153], [33.452793645658915, 17.661333321369057], [33.45251080340435, 17.66133397131664], [33.45251012567341, 17.661062811235446], [33.452227283830325, 17.66106346076633], [33.45222660653506, 17.66079230066704], [33.45194376510346, 17.66079294978124], [33.451942411396345, 17.660250629539018], [33.45165957079978, 17.660251278225942], [33.451658894387904, 17.659980118083023], [33.4513760542028, 17.65998076635329], [33.45137537822655, 17.65970960619229], [33.45109253845292, 17.65971025404592], [33.45109118738371, 17.65916793368033], [33.45137402631028, 17.659167285847868], [33.4513726744423, 17.65862496547352], [33.45108983636276, 17.658625613284812], [33.45108916087039, 17.65835445307584], [33.452786186625325, 17.658350560181276], [33.45278686465873, 17.658621720326657], [33.45363537864333, 17.658619768366226], [33.4536346993394, 17.658348608252737], [33.45448321194428, 17.65834665267003], [33.454483892518724, 17.658617812751572], [33.45391821661393, 17.6586191169007], [33.4539188963535, 17.65889027699607], [33.45363605795938, 17.658890928472243], [33.453636737287574, 17.659162088570774], [33.453919576105214, 17.659161437083956], [33.45392093564506, 17.659703757237295], [33.45420377529762, 17.65970310532315], [33.4542044555093, 17.659974265377947], [33.454770135625054, 17.659972960310178], [33.45477081669598, 17.660244120336177], [33.45533649761018, 17.66024281362283], [33.455337179540386, 17.660513973620006], [33.456185702091, 17.66051201047243], [33.45618638530407, 17.660783170430058], [33.456469226553445, 17.66078251522469], [33.4564699102023, 17.661053675164137], [33.45675275186304, 17.661053019541978], [33.45675206779062, 17.660781859613238], [33.45703490901556, 17.660781203595715], [33.45703422453179, 17.660510043670218], [33.45731706532095, 17.66050938725734], [33.45731638042584, 17.660238227335075], [33.45703354006024, 17.660238883737232], [33.457032855600914, 17.659967723796775], [33.45731569554297, 17.659967067405336], [33.45731501067232, 17.65969590746812], [33.457880689672635, 17.65969459348854], [33.457878632592944, 17.658881113696392], [33.45731295613379, 17.658882427611577], [33.45731227131207, 17.65861126764444], [33.457595109124256, 17.658610610900592], [33.45759442389127, 17.658339450936694], [33.45787726126772, 17.658338793797558], [33.45787588999148, 17.6577964738688], [33.45759305346201, 17.65779713098647], [33.457591683081716, 17.657254811006332], [33.457308847386976, 17.657255467696533], [33.45730816263865, 17.656984307684517], [33.456742492059405, 17.656985619825516], [33.456740440428526, 17.656172139680265], [33.45730610846706, 17.65617082760358], [33.45730405440555, 17.65535734745534], [33.45758688713618, 17.655356690840232], [33.45758620205006, 17.65508553078659], [33.457869034345045, 17.655084873776275], [33.457868348847754, 17.65481371372589], [33.45815118070709, 17.654813056320375], [33.45815049479865, 17.654541896273248], [33.45843332622233, 17.654541238472554], [33.45843538525463, 17.655354718559252], [33.45871821793627, 17.655354060320366], [33.45871615763375, 17.654540580265934], [33.458998989032914, 17.65453992165339], [33.45900036340246, 17.65508224167564], [33.45984886006665, 17.655080263337812], [33.45984817160552, 17.65480910336275], [33.460131003378926, 17.654808443115723], [33.4601303145067, 17.654537283143974], [33.45984748315669, 17.654537943380216], [33.45984404109703, 17.653182143355362], [33.460126870330164, 17.65318148317306], [33.46012755914086, 17.653452643182202], [33.46041038878505, 17.653451982583213], [33.46040969955099, 17.653180822584865], [33.461541016311095, 17.653178176173192], [33.461540325395944, 17.65290701621061], [33.46069183911442, 17.65290900159576], [33.46069114948164, 17.652637841593258], [33.46012549274569, 17.652639163132342], [33.46012618153178, 17.652910323156444], [33.45984335272199, 17.652910983327953], [33.45984266435925, 17.652639823293065], [33.45955983596051, 17.65264048304791], [33.45956052389991, 17.652911643093578], [33.45899486621889, 17.652912961407186], [33.45899555332387, 17.653184121466918], [33.45786423612117, 17.653186753266517], [33.45786492154498, 17.653457913361773], [33.457582091790314, 17.653458570307677], [33.45757935186192, 17.652373929838838], [33.45786217992318, 17.652373272935872], [33.45786149454835, 17.6521021128107], [33.45842714978749, 17.652100797808647], [33.45842646357825, 17.65182963769749], [33.45870929075611, 17.651828979598413], [33.45870860413582, 17.651557819490538], [33.45899143087811, 17.651557160996365], [33.45899074384677, 17.651286000891773], [33.45927357015347, 17.651285342002513], [33.45927425760811, 17.651556502096348], [33.45955708432583, 17.651555842790476], [33.45955639644789, 17.651284682707416], [33.45983922273001, 17.651284023006475], [33.45983853444106, 17.651012862926724], [33.46096983775332, 17.6510102201077], [33.46097121772995, 17.65155254017335], [33.46210252423139, 17.65154989077433], [33.46210044920536, 17.650736410794533], [33.46323175042949, 17.65073375503211], [33.463231057085736, 17.650462595067296], [33.46351388193753, 17.650461930122976], [33.463512494440636, 17.649919610192647], [33.4637953184335, 17.649918944864257], [33.46379601259901, 17.65019010482229], [33.46436166139405, 17.65018877292631], [33.464362356418526, 17.6504599328551], [33.464645181220696, 17.65045926628749], [33.46464448577295, 17.650188106369598], [33.466341431785125, 17.65018409850716], [33.46634212977253, 17.650455258359557], [33.46662495448756, 17.650454588951185], [33.46662565291071, 17.65072574878516], [33.46690847803654, 17.650725078960022], [33.46691057465075, 17.651538558384235], [33.46719340103399, 17.65153788812041], [33.46719410035368, 17.651809047902564], [33.46804258069834, 17.651807034643085], [33.468043281300474, 17.652078194384863], [33.468326108480326, 17.652077522475683], [33.46832540745487, 17.65180636274488], [33.468608234198875, 17.651805690440817], [33.46860893564765, 17.65207685016063], [33.46889176280244, 17.65207617743972], [33.46889597429836, 17.653703135535597], [33.468613144603495, 17.65370380832247], [33.46861384614, 17.653974967989924], [33.46833101600924, 17.653975640381883], [33.46833241827307, 17.65451795971634], [33.46776675628043, 17.654519303326435], [33.46776605598903, 17.654248143640984], [33.46691756417642, 17.654250155978833], [33.46691616617139, 17.653707836519743], [33.46719899594134, 17.65370716616829], [33.46719759713953, 17.65316484670119], [33.466914768216306, 17.65316551703074], [33.4669140692575, 17.652894357275017], [33.46634841222029, 17.652895696694564], [33.46634771412066, 17.652624536909478], [33.466064886006684, 17.65262520599949], [33.46606418834285, 17.65235404619599], [33.46578136063975, 17.652354714869205], [33.4657827551332, 17.652897034490582], [33.46521709799629, 17.652898370663067], [33.46521640159001, 17.652627210834282], [33.46436791706137, 17.65262921201619], [33.46436861219761, 17.652900371877674], [33.4640857835732, 17.652901038137436], [33.46408647829851, 17.653172198002338], [33.46380364923834, 17.653172863867102], [33.463805037879474, 17.653715183596212], [33.46408786778636, 17.653714517709687], [33.4640885625489, 17.653985677552143], [33.46465422317219, 17.653984344539595], [33.46465561442805, 17.654526664158503], [33.46437278327585, 17.65452733088952], [33.46437347849902, 17.654798490698656], [33.46380781531057, 17.654799822964687], [33.46380989851414, 17.65561330241251], [33.46352706563108, 17.655613967969256], [33.463531229832476, 17.657240926728196], [33.46296555894781, 17.65724225675421], [33.46296694542023, 17.65778457632414], [33.46409829052777, 17.657781914561184], [33.4640989854765, 17.658053074291452], [33.46325047539397, 17.65805507125529], [33.463252556503114, 17.65886855049906], [33.46296971851364, 17.658869215374242], [33.462970411817956, 17.65914037511807], [33.46268757339258, 17.659141039598072], [33.46268826628575, 17.659412199345276], [33.46240542742448, 17.65941286343009], [33.46240611990649, 17.659684023180656], [33.46184044129977, 17.659685350153843], [33.46183974966483, 17.6594141903816], [33.46155691076647, 17.65941485324829], [33.46155552838068, 17.658872533659704], [33.46127269031702, 17.65887319609871], [33.46127407185577, 17.659415515708933], [33.46099123293273, 17.65941617776354], [33.46099054258071, 17.659145017951353], [33.460424865544695, 17.659146340820822], [33.46042555504967, 17.659417500654616], [33.46014271608966, 17.659418161491086], [33.4601434051834, 17.659689321328198], [33.46070908393818, 17.659687999227614], [33.46071046385677, 17.660230318836202], [33.46014478340783, 17.660231640979983], [33.46014547253849, 17.660502800794653], [33.459862631872, 17.66050346126824], [33.45986332059142, 17.660774621086222], [33.45958047948906, 17.660775281164515], [33.459581856117644, 17.661317600799595], [33.46014754000436, 17.66131628019378], [33.460146850836765, 17.66104512040155], [33.46042969233809, 17.661044459500307], [33.460428313192686, 17.660502139915], [33.460993994464104, 17.660500816937482], [33.46099330406276, 17.660229657155217], [33.46127614425642, 17.66022899506817], [33.46127821676812, 17.661042474360073], [33.461561058220134, 17.661041811834494], [33.46156174950563, 17.66131297157268], [33.46127890763004, 17.66131363410908], [33.461279598504284, 17.6615847938506], [33.46043107153275, 17.661586779055693], [33.46043245077668, 17.662129098581147], [33.45986676437301, 17.662130420063892], [33.459867453166225, 17.662401579836985], [33.45958460952233, 17.66240223997997], [33.459586674704916, 17.6632157192867], [33.45986951961969, 17.663215059111366], [33.459870208462114, 17.663486218854526], [33.4595873631237, 17.663486879040644], [33.45958805155478, 17.663758038787115], [33.45987089731684, 17.66375737859021], [33.45987296395482, 17.66457085775236], [33.459590116921774, 17.664571517981614], [33.45959149389458, 17.665113837407194], [33.45930864600188, 17.665114497251828], [33.45931002217647, 17.66565681666903], [33.45874432465943, 17.665658135182813], [33.45874295017962, 17.665115815722537], [33.458460102250086, 17.665116474348622], [33.458461475882494, 17.66565879383041], [33.4581786270933, 17.665659452071804], [33.45817931350419, 17.665930611812218], [33.457896464279024, 17.665931269658163], [33.457899208350256, 17.66701590858798], [33.45761635741793, 17.66701656607067], [33.457617043042625, 17.667287725795152], [33.45705134029378, 17.66728903956329], [33.45705202508319, 17.667560199301736], [33.45620346959698, 17.667562166939295], [33.45620688737083, 17.668917965679956], [33.455924033398794, 17.668918620800138]], [[33.45563844856131, 17.667834636450937], [33.45592130085043, 17.66783398177979], [33.45592061774382, 17.667562822005994], [33.45563776587847, 17.667563476666448], [33.45563844856131, 17.667834636450937]], [[33.4550645627262, 17.664582026410468], [33.45534740995504, 17.664581372679937], [33.455346727842134, 17.66431021279498], [33.455629574635125, 17.664309558668965], [33.455628892110745, 17.66403839878721], [33.455063199359905, 17.66403970661171], [33.4550645627262, 17.664582026410468]], [[33.454495464144124, 17.663227532993346], [33.45477830927903, 17.66322688012848], [33.45477762807429, 17.662955720184765], [33.45534331746032, 17.66295441325796], [33.4553426354205, 17.662683253328108], [33.45505979115719, 17.662683906983897], [33.45505910955317, 17.662412747035894], [33.45477626570131, 17.66241340027489], [33.45477558453307, 17.66214224030874], [33.45449274109266, 17.66214289313095], [33.454495464144124, 17.663227532993346]], [[33.457036962540236, 17.661594683327337], [33.457319805023694, 17.661594026871565], [33.45731912007965, 17.66132286697923], [33.457036278019785, 17.661323523424276], [33.457036962540236, 17.661594683327337]], [[33.45731912007965, 17.66132286697923], [33.4576019621273, 17.661322210128095], [33.45760127677192, 17.661051050239003], [33.457318435147855, 17.66105170707941], [33.45731912007965, 17.66132286697923]], [[33.45986125447007, 17.65996114160984], [33.46014409428946, 17.65996048115783], [33.4601434051834, 17.659689321328198], [33.45986056578756, 17.65968998176942], [33.45986125447007, 17.65996114160984]], [[33.459292823526376, 17.65887782180289], [33.45985849981382, 17.658876502203274], [33.4598578111805, 17.65860534233293], [33.46014064888225, 17.658604681934868], [33.46013995983774, 17.65833352206783], [33.46042279710369, 17.65833286127454], [33.46042003935475, 17.65724822177478], [33.46070287491445, 17.657247560618675], [33.46070080546168, 17.656434080947726], [33.46041797117235, 17.65643474207143], [33.46041728180285, 17.656163582155347], [33.45928594621624, 17.65616622254729], [33.4592880092803, 17.656979702402506], [33.459570844465745, 17.65697904288114], [33.459573597083704, 17.658063682540284], [33.45985643395077, 17.658063022569806], [33.459857122559484, 17.658334182455107], [33.45957428526892, 17.658334842436364], [33.45957497346644, 17.658606002324973], [33.459292135740085, 17.65860666191099], [33.459292823526376, 17.65887782180289]], [[33.46098985224102, 17.65887385813168], [33.46127269031702, 17.65887319609871], [33.46127199956615, 17.658602036282378], [33.460989161913666, 17.65860269830453], [33.46098985224102, 17.65887385813168]], [[33.46183767483411, 17.65860071101999], [33.46212051244956, 17.65860004777976], [33.46211982044052, 17.658328887988432], [33.4624026576201, 17.658328224353024], [33.46240196519993, 17.658057064565053], [33.46183629167538, 17.65805839140818], [33.46183767483411, 17.65860071101999]], [[33.4581546104331, 17.656168856443816], [33.45843744439728, 17.656168198578627], [33.45843675800414, 17.65589703857965], [33.458153924463396, 17.655897696434085], [33.4581546104331, 17.656168856443816]], [[33.4606994258881, 17.655891761129695], [33.46126509273603, 17.65589043770763], [33.46126440212087, 17.655619277809016], [33.460698736119795, 17.65562060120946], [33.4606994258881, 17.655891761129695]], [[33.46041521376821, 17.655350102362238], [33.46069804636381, 17.655349441281743], [33.460697356620145, 17.655078281346547], [33.46041452444796, 17.65507894241624], [33.46041521376821, 17.655350102362238]], [[33.4604131458444, 17.65453662250181], [33.46069597716979, 17.654535961453718], [33.46069528746309, 17.654264801496094], [33.460412456561095, 17.65426546253338], [33.4604131458444, 17.65453662250181]], [[33.46069528746309, 17.654264801496094], [33.461260949230116, 17.65426347820376], [33.46126025868898, 17.65399231826028], [33.460694597768715, 17.653993641530985], [33.46069528746309, 17.654264801496094]], [[33.46126025868898, 17.65399231826028], [33.46154308913061, 17.653991656016064], [33.46154239817842, 17.653720496075916], [33.461259568160166, 17.653721158309313], [33.46126025868898, 17.65399231826028]], [[33.46606418834285, 17.65235404619599], [33.46634701603349, 17.652353377116913], [33.466346317958795, 17.65208221731687], [33.46606349069148, 17.652082886385017], [33.46606418834285, 17.65235404619599]]]}, "properties": {"zone_id": "scene_02-Z0315", "scene": "scene_02", "pixel_count": 1324, "approx_area_m2": 1191600.0, "centroid_x": 548730.9516616315, "centroid_y": 1952452.3187311178, "centroid_lon": 33.459442006640906, "centroid_lat": 17.658401302897193, "mean_risk": 2.042759656906128, "max_risk": 2.60247540473938, "median_risk": 2.031683921813965, "high_priority_pixel_pct": 100.0, "priority_category": "HIGH PRIORITY", "threshold_type": "95th percentile prioritisation threshold", "recommendation": "Spectral-stress evidence detected. Prioritise field inspection to determine the underlying cause. Field verification required.", "priority_rank": 179}}, {"type": "Feature", "geometry": {"type": "Polygon", "coordinates": [[[33.462146125473964, 17.66863295479933], [33.46214335568244, 17.667548316696486], [33.46242620726536, 17.66754765269245], [33.46242551442463, 17.66727649315887], [33.46299121670584, 17.66727516395377], [33.462991910394074, 17.667546323465643], [33.46327476193985, 17.667545658242883], [33.463275456064224, 17.66781681773641], [33.463558308021376, 17.667816152096538], [33.46355969715484, 17.668358471039394], [33.462428285861755, 17.668361131248282], [33.462428978751966, 17.66863229075192], [33.462146125473964, 17.66863295479933]]]}, "properties": {"zone_id": "scene_02-Z0316", "scene": "scene_02", "pixel_count": 17, "approx_area_m2": 15300.0, "centroid_x": 549081.1764705882, "centroid_y": 1953508.2352941176, "centroid_lon": 33.46276829224521, "centroid_lat": 17.667937640148928, "mean_risk": 1.875322937965393, "max_risk": 1.995481014251709, "median_risk": 1.8784679174423218, "high_priority_pixel_pct": 100.0, "priority_category": "HIGH PRIORITY", "threshold_type": "95th percentile prioritisation threshold", "recommendation": "Spectral-stress evidence detected. Prioritise field inspection to determine the underlying cause. Field verification required.", "priority_rank": 312}}, {"type": "Feature", "geometry": {"type": "Polygon", "coordinates": [[[33.63015758668738, 17.66789580929551], [33.63015664252806, 17.667624657382326], [33.6298737987615, 17.667625562301986], [33.62987285504275, 17.667354410366524], [33.62959001168305, 17.66735531486522], [33.62958812514347, 17.66681301094223], [33.629305282614325, 17.666813915005214], [33.629304339793485, 17.666542763017695], [33.629870023987564, 17.666540954515096], [33.62987096765578, 17.666812106473078], [33.63043665262983, 17.66681029631622], [33.630438541711584, 17.667352600150547], [33.630721385020706, 17.667351694433275], [33.63072327501734, 17.667893998208005], [33.63015758668738, 17.66789580929551]]]}, "properties": {"zone_id": "scene_02-Z0317", "scene": "scene_02", "pixel_count": 13, "approx_area_m2": 11700.0, "centroid_x": 566826.9230769231, "centroid_y": 1953480.0, "centroid_lon": 33.630079076248606, "centroid_lat": 17.667218173164684, "mean_risk": 2.4195024967193604, "max_risk": 3.6468005180358887, "median_risk": 2.1964545249938965, "high_priority_pixel_pct": 100.0, "priority_category": "HIGH PRIORITY", "threshold_type": "95th percentile prioritisation threshold", "recommendation": "Spectral-stress evidence detected. Prioritise field inspection to determine the underlying cause. Field verification required.", "priority_rank": 56}}, {"type": "Feature", "geometry": {"type": "Polygon", "coordinates": [[[33.63185086476971, 17.666805763815926], [33.631849918135714, 17.666534611961513], [33.6315670761652, 17.666535519259117], [33.63156612997178, 17.666264367382386], [33.63184897151862, 17.6662634600996], [33.631848024918426, 17.665992308230177], [33.63269654818651, 17.665989583989298], [33.6326974960577, 17.666260735814237], [33.63298033753689, 17.666259826906778], [33.63298223417742, 17.66680213050445], [33.63185086476971, 17.666805763815926]]]}, "properties": {"zone_id": "scene_02-Z0318", "scene": "scene_02", "pixel_count": 12, "approx_area_m2": 10800.0, "centroid_x": 567065.0, "centroid_y": 1953392.5, "centroid_lon": 33.63232092666228, "centroid_lat": 17.666420118964975, "mean_risk": 2.4072468280792236, "max_risk": 3.488023042678833, "median_risk": 2.396151065826416, "high_priority_pixel_pct": 100.0, "priority_category": "HIGH PRIORITY", "threshold_type": "95th percentile prioritisation threshold", "recommendation": "Spectral-stress evidence detected. Prioritise field inspection to determine the underlying cause. Field verification required.", "priority_rank": 60}}, {"type": "Feature", "geometry": {"type": "Polygon", "coordinates": [[[33.52040817061103, 17.666589482648675], [33.520406611292444, 17.666047168254664], [33.52068945804866, 17.666046420627566], [33.52068789793837, 17.665504106228006], [33.52040505202954, 17.66550485383069], [33.520403492822325, 17.664962539376756], [33.5206863378838, 17.664961791798493], [33.52068555787741, 17.6646906345725], [33.520968402501296, 17.664689886600296], [33.52096996337534, 17.665232201020352], [33.521252808832635, 17.665231452617537], [33.521254370609796, 17.6657737669832], [33.520971524305146, 17.665774515410458], [33.520973085290684, 17.666316829770608], [33.52069023812469, 17.666317577816113], [33.52069101821466, 17.666588734997163], [33.52040817061103, 17.666589482648675]]]}, "properties": {"zone_id": "scene_02-Z0319", "scene": "scene_02", "pixel_count": 12, "approx_area_m2": 10800.0, "centroid_x": 555235.0, "centroid_y": 1953265.0, "centroid_lon": 33.520782439966474, "centroid_lat": 17.66559424267084, "mean_risk": 1.9460736513137817, "max_risk": 2.1638383865356445, "median_risk": 1.9512280225753784, "high_priority_pixel_pct": 100.0, "priority_category": "HIGH PRIORITY", "threshold_type": "95th percentile prioritisation threshold", "recommendation": "Spectral-stress evidence detected. Prioritise field inspection to determine the underlying cause. Field verification required.", "priority_rank": 239}}, {"type": "Feature", "geometry": {"type": "Polygon", "coordinates": [[[33.52238653829318, 17.66604192633496], [33.52238575568891, 17.66577076921232], [33.52266860192377, 17.665770018754134], [33.522667818909774, 17.665498861636255], [33.52351635625938, 17.665496607861414], [33.523517140544435, 17.66576776494248], [33.52323429435153, 17.66576851661922], [33.523235078226904, 17.666039673705075], [33.52238653829318, 17.66604192633496]]]}, "properties": {"zone_id": "scene_02-Z0320", "scene": "scene_02", "pixel_count": 9, "approx_area_m2": 8100.0, "centroid_x": 555430.0, "centroid_y": 1953306.6666666667, "centroid_lon": 33.522622026353396, "centroid_lat": 17.66596597955177, "mean_risk": 1.837095022201538, "max_risk": 1.9410182237625122, "median_risk": 1.8326849937438965, "high_priority_pixel_pct": 100.0, "priority_category": "HIGH PRIORITY", "threshold_type": "95th percentile prioritisation threshold", "recommendation": "Spectral-stress evidence detected. Prioritise field inspection to determine the underlying cause. Field verification required.", "priority_rank": 345}}, {"type": "Feature", "geometry": {"type": "Polygon", "coordinates": [[[33.52210134512081, 17.66522920497206], [33.52210056298212, 17.664958047814704], [33.52125202796497, 17.664960295423473], [33.521251247111245, 17.66468913822192], [33.5220997808574, 17.66468689064986], [33.52209899874665, 17.66441573347752], [33.523230375184674, 17.664412731077597], [33.52323115899006, 17.664683888200898], [33.522948314477865, 17.664684639422372], [33.52294909787358, 17.66495579655046], [33.522666252923734, 17.664956547378033], [33.52266703590977, 17.66522770451089], [33.52210134512081, 17.66522920497206]]]}, "properties": {"zone_id": "scene_02-Z0321", "scene": "scene_02", "pixel_count": 12, "approx_area_m2": 10800.0, "centroid_x": 555400.0, "centroid_y": 1953175.0, "centroid_lon": 33.52233574547785, "centroid_lat": 17.664776651394604, "mean_risk": 1.8886414766311646, "max_risk": 2.1089859008789062, "median_risk": 1.8603501319885254, "high_priority_pixel_pct": 100.0, "priority_category": "HIGH PRIORITY", "threshold_type": "95th percentile prioritisation threshold", "recommendation": "Spectral-stress evidence detected. Prioritise field inspection to determine the underlying cause. Field verification required.", "priority_rank": 299}}, {"type": "Feature", "geometry": {"type": "Polygon", "coordinates": [[[33.54501096026327, 17.664895980613778], [33.5450085109833, 17.664082512137615], [33.544442825838644, 17.66408407667106], [33.544442010288414, 17.663812920471806], [33.54415916811787, 17.66381370211656], [33.54415753790835, 17.66327138967003], [33.5438746965705, 17.66327217088314], [33.543873881911175, 17.663001014635878], [33.54472240461023, 17.662998669816503], [33.544720772793646, 17.6624563573761], [33.54528645282578, 17.66245479218376], [33.54528563609216, 17.662183635977875], [33.54556847566276, 17.66218285278535], [33.545567658520156, 17.661911696584784], [33.54585049765258, 17.661910912998962], [33.54585458562955, 17.663266693862923], [33.54613742686535, 17.663265909807], [33.54613906300559, 17.663808222074525], [33.54585622092254, 17.663809006156068], [33.54585867397154, 17.664622474539584], [33.54557583060296, 17.664623258253393], [33.54557664789151, 17.664894414379038], [33.54501096026327, 17.664895980613778]]]}, "properties": {"zone_id": "scene_02-Z0322", "scene": "scene_02", "pixel_count": 45, "approx_area_m2": 40500.0, "centroid_x": 557826.0, "centroid_y": 1953035.3333333333, "centroid_lon": 33.5452046042475, "centroid_lat": 17.6634522792841, "mean_risk": 1.8742510080337524, "max_risk": 2.0120179653167725, "median_risk": 1.857075810432434, "high_priority_pixel_pct": 100.0, "priority_category": "HIGH PRIORITY", "threshold_type": "95th percentile prioritisation threshold", "recommendation": "Spectral-stress evidence detected. Prioritise field inspection to determine the underlying cause. Field verification required.", "priority_rank": 313}}, {"type": "Feature", "geometry": {"type": "Polygon", "coordinates": [[[33.52379606331974, 17.664411227440723], [33.52379449405639, 17.663868913220757], [33.52351165084315, 17.6638696652177], [33.52351086665612, 17.663598508084203], [33.524642237730454, 17.66359549770875], [33.524643023612015, 17.663866654793086], [33.52436018044083, 17.663867408008443], [33.52436096591278, 17.66413856509759], [33.52407812230393, 17.66413931791911], [33.52407890736626, 17.664410475013064], [33.52379606331974, 17.664411227440723]]]}, "properties": {"zone_id": "scene_02-Z0323", "scene": "scene_02", "pixel_count": 9, "approx_area_m2": 8100.0, "centroid_x": 555583.3333333334, "centroid_y": 1953080.0, "centroid_lon": 33.5240617545814, "centroid_lat": 17.66391339547937, "mean_risk": 1.9267957210540771, "max_risk": 2.259686231613159, "median_risk": 1.8259292840957642, "high_priority_pixel_pct": 100.0, "priority_category": "HIGH PRIORITY", "threshold_type": "95th percentile prioritisation threshold", "recommendation": "Spectral-stress evidence detected. Prioritise field inspection to determine the underlying cause. Field verification required.", "priority_rank": 259}}, {"type": "Feature", "geometry": {"type": "Polygon", "coordinates": [[[33.526058815298946, 17.664405196647216], [33.52605723925727, 17.66386288262423], [33.52662292541693, 17.66386137091373], [33.526621347737034, 17.663319056910165], [33.52775271649821, 17.663316028714437], [33.52775350702562, 17.663587185670504], [33.528036349604264, 17.663586427593888], [33.528037140569424, 17.663857584530085], [33.52747145455075, 17.663859100301952], [33.527470664432855, 17.663587943341], [33.52718782182598, 17.66358870060536], [33.527189401228604, 17.664131014544516], [33.52662371427801, 17.664132527904275], [33.52662450315318, 17.66440368488734], [33.526058815298946, 17.664405196647216]]]}, "properties": {"zone_id": "scene_02-Z0324", "scene": "scene_02", "pixel_count": 14, "approx_area_m2": 12600.0, "centroid_x": 555889.2857142857, "centroid_y": 1953068.5714285714, "centroid_lon": 33.52694600548215, "centroid_lat": 17.663802401282418, "mean_risk": 1.920269250869751, "max_risk": 2.118413209915161, "median_risk": 1.9201838970184326, "high_priority_pixel_pct": 100.0, "priority_category": "HIGH PRIORITY", "threshold_type": "95th percentile prioritisation threshold", "recommendation": "Spectral-stress evidence detected. Prioritise field inspection to determine the underlying cause. Field verification required.", "priority_rank": 267}}, {"type": "Feature", "geometry": {"type": "Polygon", "coordinates": [[[33.524349970581795, 17.660342365168013], [33.52434918530621, 17.660071207974017], [33.52463202254721, 17.660070454930874], [33.52463280824634, 17.660341612112568], [33.524349970581795, 17.660342365168013]]]}, "properties": {"zone_id": "scene_02-Z0325", "scene": "scene_02", "pixel_count": 34, "approx_area_m2": 30600.0, "centroid_x": 555484.4117647059, "centroid_y": 1952885.294117647, "centroid_lon": 33.523124025621335, "centroid_lat": 17.662156011638928, "mean_risk": 1.9403828382492065, "max_risk": 2.2969932556152344, "median_risk": 1.8911480903625488, "high_priority_pixel_pct": 100.0, "priority_category": "HIGH PRIORITY", "threshold_type": "95th percentile prioritisation threshold", "recommendation": "Spectral-stress evidence detected. Prioritise field inspection to determine the underlying cause. Field verification required.", "priority_rank": 242}}, {"type": "Feature", "geometry": {"type": "Polygon", "coordinates": [[[33.67426187734422, 17.66259782288291], [33.67426086742959, 17.662326673213286], [33.674543700408165, 17.662325704821995], [33.67454269008802, 17.662054555160676], [33.67539118764481, 17.66205164759795], [33.67539219923559, 17.662322797211786], [33.67822052748497, 17.662313078784052], [33.678221543329315, 17.66258422823164], [33.67511037749646, 17.662594916443403], [33.67510936631116, 17.662323766821242], [33.67482653336869, 17.66232473602465], [33.67482754413043, 17.662595885662633], [33.67426187734422, 17.66259782288291]]]}, "properties": {"zone_id": "scene_02-Z0326", "scene": "scene_02", "pixel_count": 17, "approx_area_m2": 15300.0, "centroid_x": 571722.3529411765, "centroid_y": 1952966.4705882352, "centroid_lon": 33.67621612932069, "centroid_lat": 17.662423646457363, "mean_risk": 1.9845601320266724, "max_risk": 2.5098628997802734, "median_risk": 1.8944491147994995, "high_priority_pixel_pct": 100.0, "priority_category": "HIGH PRIORITY", "threshold_type": "95th percentile prioritisation threshold", "recommendation": "Spectral-stress evidence detected. Prioritise field inspection to determine the underlying cause. Field verification required.", "priority_rank": 213}}, {"type": "Feature", "geometry": {"type": "Polygon", "coordinates": [[[33.6804852272624, 17.662847573438594], [33.68048318877871, 17.662305274805846], [33.682745848907565, 17.66229744484014], [33.68274687152869, 17.66256859403238], [33.681049874000124, 17.662574469038944], [33.681050894098185, 17.662845618319633], [33.6804852272624, 17.662847573438594]]]}, "properties": {"zone_id": "scene_02-Z0327", "scene": "scene_02", "pixel_count": 10, "approx_area_m2": 9000.0, "centroid_x": 572277.0, "centroid_y": 1952976.0, "centroid_lon": 33.68144553394508, "centroid_lat": 17.66249175473264, "mean_risk": 2.1688666343688965, "max_risk": 2.7634241580963135, "median_risk": 2.105696678161621, "high_priority_pixel_pct": 100.0, "priority_category": "HIGH PRIORITY", "threshold_type": "95th percentile prioritisation threshold", "recommendation": "Spectral-stress evidence detected. Prioritise field inspection to determine the underlying cause. Field verification required.", "priority_rank": 111}}, {"type": "Feature", "geometry": {"type": "Polygon", "coordinates": [[[33.67058303267925, 17.66206807546666], [33.67058202830667, 17.661796925577004], [33.671713357660366, 17.661793070816426], [33.6717143637271, 17.662064220643124], [33.67058303267925, 17.66206807546666]]]}, "properties": {"zone_id": "scene_02-Z0328", "scene": "scene_02", "pixel_count": 14, "approx_area_m2": 12600.0, "centroid_x": 571309.2857142857, "centroid_y": 1952927.142857143, "centroid_lon": 33.672320505740515, "centroid_lat": 17.66208152072867, "mean_risk": 2.1175036430358887, "max_risk": 2.5624072551727295, "median_risk": 2.0694329738616943, "high_priority_pixel_pct": 100.0, "priority_category": "HIGH PRIORITY", "threshold_type": "95th percentile prioritisation threshold", "recommendation": "Spectral-stress evidence detected. Prioritise field inspection to determine the underlying cause. Field verification required.", "priority_rank": 137}}, {"type": "Feature", "geometry": {"type": "Polygon", "coordinates": [[[33.52577045841651, 17.662507852620063], [33.525769670910734, 17.662236695547556], [33.526052511469985, 17.662235940375517], [33.526050935653466, 17.6616936262327], [33.52718229436102, 17.661690601582382], [33.527183083956565, 17.661961758608133], [33.527465924021804, 17.661961001417975], [33.52746671405504, 17.662232158423873], [33.526335352015174, 17.66223518479738], [33.52633614036814, 17.662506341845216], [33.52577045841651, 17.662507852620063]]]}, "properties": {"zone_id": "scene_02-Z0329", "scene": "scene_02", "pixel_count": 11, "approx_area_m2": 9900.0, "centroid_x": 555850.9090909091, "centroid_y": 1952874.5454545454, "centroid_lon": 33.52657908562903, "centroid_lat": 17.662049652123454, "mean_risk": 1.8900357484817505, "max_risk": 2.1939234733581543, "median_risk": 1.8378384113311768, "high_priority_pixel_pct": 100.0, "priority_category": "HIGH PRIORITY", "threshold_type": "95th percentile prioritisation threshold", "recommendation": "Spectral-stress evidence detected. Prioritise field inspection to determine the underlying cause. Field verification required.", "priority_rank": 294}}, {"type": "Feature", "geometry": {"type": "Polygon", "coordinates": [[[33.66294455476785, 17.66155162496111], [33.662943561866314, 17.661280474634225], [33.665489049226274, 17.66127189123662], [33.66549004593954, 17.661543041423307], [33.66294455476785, 17.66155162496111]]]}, "properties": {"zone_id": "scene_02-Z0330", "scene": "scene_02", "pixel_count": 17, "approx_area_m2": 15300.0, "centroid_x": 570570.0, "centroid_y": 1952864.1176470588, "centroid_lon": 33.66534860049199, "centroid_lat": 17.661535544143746, "mean_risk": 2.1963040828704834, "max_risk": 2.664273500442505, "median_risk": 2.187558174133301, "high_priority_pixel_pct": 100.0, "priority_category": "HIGH PRIORITY", "threshold_type": "95th percentile prioritisation threshold", "recommendation": "Spectral-stress evidence detected. Prioritise field inspection to determine the underlying cause. Field verification required.", "priority_rank": 102}}, {"type": "Feature", "geometry": {"type": "Polygon", "coordinates": [[[33.46297387852526, 17.660496173724972], [33.46297318515903, 17.660225014018554], [33.46269034503951, 17.660225678541984], [33.46268895919129, 17.65968335908499], [33.46297179846373, 17.65968269458327], [33.46297249180519, 17.659953854304653], [33.463255331488774, 17.65995318938603], [33.463256719055956, 17.660495508784624], [33.46297387852526, 17.660496173724972]]]}, "properties": {"zone_id": "scene_02-Z0331", "scene": "scene_02", "pixel_count": 24, "approx_area_m2": 21600.0, "centroid_x": 549132.5, "centroid_y": 1952751.25, "centroid_lon": 33.463234681097255, "centroid_lat": 17.66109437518168, "mean_risk": 1.830448031425476, "max_risk": 2.1121809482574463, "median_risk": 1.788931131362915, "high_priority_pixel_pct": 100.0, "priority_category": "HIGH PRIORITY", "threshold_type": "95th percentile prioritisation threshold", "recommendation": "Spectral-stress evidence detected. Prioritise field inspection to determine the underlying cause. Field verification required.", "priority_rank": 348}}, {"type": "Feature", "geometry": {"type": "Polygon", "coordinates": [[[33.64738680518375, 17.66106106292606], [33.647385835611, 17.66078991173907], [33.649082828052315, 17.6607843273033], [33.64908380016618, 17.661055478399067], [33.64738680518375, 17.66106106292606]]]}, "properties": {"zone_id": "scene_02-Z0332", "scene": "scene_02", "pixel_count": 11, "approx_area_m2": 9900.0, "centroid_x": 568680.0, "centroid_y": 1952803.6363636365, "centroid_lon": 33.64752817737463, "centroid_lat": 17.66104827305366, "mean_risk": 2.090996742248535, "max_risk": 2.5673422813415527, "median_risk": 2.0624077320098877, "high_priority_pixel_pct": 100.0, "priority_category": "HIGH PRIORITY", "threshold_type": "95th percentile prioritisation threshold", "recommendation": "Spectral-stress evidence detected. Prioritise field inspection to determine the underlying cause. Field verification required.", "priority_rank": 149}}, {"type": "Feature", "geometry": {"type": "Polygon", "coordinates": [[[33.649648492060614, 17.66078246257649], [33.64964751911709, 17.66051131150367], [33.65332432796855, 17.6604991513904], [33.65332530641768, 17.66077030226459], [33.649648492060614, 17.66078246257649]]]}, "properties": {"zone_id": "scene_02-Z0333", "scene": "scene_02", "pixel_count": 13, "approx_area_m2": 11700.0, "centroid_x": 569100.0, "centroid_y": 1952760.0, "centroid_lon": 33.651486411756906, "centroid_lat": 17.660640815511965, "mean_risk": 2.0965652465820312, "max_risk": 2.4149467945098877, "median_risk": 2.071892261505127, "high_priority_pixel_pct": 100.0, "priority_category": "HIGH PRIORITY", "threshold_type": "95th percentile prioritisation threshold", "recommendation": "Spectral-stress evidence detected. Prioritise field inspection to determine the underlying cause. Field verification required.", "priority_rank": 143}}, {"type": "Feature", "geometry": {"type": "Polygon", "coordinates": [[[33.521520812126056, 17.660078716072984], [33.52151925008743, 17.65953640141724], [33.52095357697787, 17.659537898115598], [33.52095201668908, 17.658995583381], [33.52208335946433, 17.658992588458016], [33.5220849231412, 17.65953490309476], [33.52180208662129, 17.659535652459017], [33.52180364950697, 17.66007796709029], [33.521520812126056, 17.660078716072984]]]}, "properties": {"zone_id": "scene_02-Z0334", "scene": "scene_02", "pixel_count": 10, "approx_area_m2": 9000.0, "centroid_x": 555318.0, "centroid_y": 1952577.0, "centroid_lon": 33.52154706511533, "centroid_lat": 17.659373632137857, "mean_risk": 1.9518169164657593, "max_risk": 2.2559590339660645, "median_risk": 1.9162919521331787, "high_priority_pixel_pct": 100.0, "priority_category": "HIGH PRIORITY", "threshold_type": "95th percentile prioritisation threshold", "recommendation": "Spectral-stress evidence detected. Prioritise field inspection to determine the underlying cause. Field verification required.", "priority_rank": 235}}, {"type": "Feature", "geometry": {"type": "Polygon", "coordinates": [[[33.4479772750376, 17.65809039175395], [33.44797660422776, 17.657819231414045], [33.4482594411691, 17.657818588100568], [33.4482580987384, 17.65727626741934], [33.44854093482079, 17.657275623720892], [33.44853959159112, 17.656733303030784], [33.44882242681459, 17.656732658947387], [33.44882175479429, 17.656461498601637], [33.4491045895823, 17.65646085412279], [33.44910660694958, 17.65727433510601], [33.44882377089119, 17.65727497961645], [33.44882511501581, 17.657817300255598], [33.44854227809845, 17.657817944381087], [33.44854294975528, 17.65808910469997], [33.4479772750376, 17.65809039175395]]]}, "properties": {"zone_id": "scene_02-Z0335", "scene": "scene_02", "pixel_count": 11, "approx_area_m2": 9900.0, "centroid_x": 547584.5454545454, "centroid_y": 1952331.8181818181, "centroid_lon": 33.44863108079061, "centroid_lat": 17.6573370461711, "mean_risk": 1.8414870500564575, "max_risk": 1.9663152694702148, "median_risk": 1.8145654201507568, "high_priority_pixel_pct": 100.0, "priority_category": "HIGH PRIORITY", "threshold_type": "95th percentile prioritisation threshold", "recommendation": "Spectral-stress evidence detected. Prioritise field inspection to determine the underlying cause. Field verification required.", "priority_rank": 340}}, {"type": "Feature", "geometry": {"type": "Polygon", "coordinates": [[[33.452782118679195, 17.656723599151942], [33.452781440730554, 17.656452438954208], [33.45306427534971, 17.65645178879174], [33.45306291864189, 17.655909468395077], [33.45334575240204, 17.655908817847894], [33.45334507364288, 17.655637657648978], [33.453627906967476, 17.65563700670647], [33.453625190358416, 17.654552365878565], [33.45419085358393, 17.654551062860854], [33.45419357358027, 17.655635703603597], [33.453910740279944, 17.655636355358013], [33.45391141988597, 17.655907515535652], [33.453628586150074, 17.65590816689475], [33.453629944551665, 17.65645048724888], [33.453347109956745, 17.656451138223296], [33.45334778875229, 17.656722298399774], [33.452782118679195, 17.656723599151942]]]}, "properties": {"zone_id": "scene_02-Z0336", "scene": "scene_02", "pixel_count": 24, "approx_area_m2": 21600.0, "centroid_x": 548071.25, "centroid_y": 1952208.75, "centroid_lon": 33.4532168836637, "centroid_lat": 17.65621417128607, "mean_risk": 1.881107211112976, "max_risk": 2.1173651218414307, "median_risk": 1.8401358127593994, "high_priority_pixel_pct": 100.0, "priority_category": "HIGH PRIORITY", "threshold_type": "95th percentile prioritisation threshold", "recommendation": "Spectral-stress evidence detected. Prioritise field inspection to determine the underlying cause. Field verification required.", "priority_rank": 305}}, {"type": "Feature", "geometry": {"type": "Polygon", "coordinates": [[[33.46890159032851, 17.655872412577907], [33.46890088828085, 17.6556012529738], [33.46861805562222, 17.655601925837626], [33.46861735401052, 17.655330766215037], [33.46890018624573, 17.65533009336221], [33.46889948422315, 17.65505893374314], [33.46918231602241, 17.65505826049537], [33.469181613588965, 17.654787100879823], [33.47031293896684, 17.654784403873446], [33.47031434723352, 17.655326723008933], [33.46974868287608, 17.655328072368064], [33.46974938618146, 17.655599231946635], [33.46946655356048, 17.655599906028304], [33.46946725645498, 17.655871065610405], [33.46890159032851, 17.655872412577907]]]}, "properties": {"zone_id": "scene_02-Z0337", "scene": "scene_02", "pixel_count": 15, "approx_area_m2": 13500.0, "centroid_x": 549796.0, "centroid_y": 1952108.0, "centroid_lon": 33.46947511441137, "centroid_lat": 17.65526545340435, "mean_risk": 1.8069509267807007, "max_risk": 1.9026433229446411, "median_risk": 1.8009817600250244, "high_priority_pixel_pct": 100.0, "priority_category": "HIGH PRIORITY", "threshold_type": "95th percentile prioritisation threshold", "recommendation": "Spectral-stress evidence detected. Prioritise field inspection to determine the underlying cause. Field verification required.", "priority_rank": 365}}, {"type": "Feature", "geometry": {"type": "Polygon", "coordinates": [[[33.63745138691763, 17.650789577583584], [33.63744947873127, 17.650247273577225], [33.63773229493824, 17.650246358647223], [33.63773038597364, 17.649704054640768], [33.63829601664352, 17.649702223623294], [33.63829506134039, 17.64943107163874], [33.63857787622654, 17.649430155536333], [33.6385759648251, 17.648887851574667], [33.63885877884778, 17.648886935096463], [33.63885782274949, 17.64861578311936], [33.6391406363319, 17.64861486625041], [33.639138723340245, 17.64807256230367], [33.63942153605923, 17.648071645058966], [33.63942057916587, 17.647800493089335], [33.6397033914446, 17.64779957545391], [33.639701476862896, 17.647257271522143], [33.63998428827822, 17.64725635351102], [33.63998524598367, 17.64752750546564], [33.640268057805024, 17.64752658703381], [33.64027189049058, 17.648611194717258], [33.639989076976576, 17.64861211320914], [33.63999003476759, 17.64888326512627], [33.63942440684188, 17.64888510092284], [33.63942536380363, 17.649156252862472], [33.63885973496315, 17.64915808706607], [33.63886355959547, 17.650242694869487], [33.638580743456764, 17.650243611422578], [33.63858169923433, 17.650514763369657], [33.63829888265532, 17.650515679531953], [33.63829983802673, 17.6507868314865], [33.63745138691763, 17.650789577583584]], [[33.639422492969686, 17.648342797021094], [33.63970530609473, 17.648341879355673], [33.639704348761114, 17.648070727408538], [33.63942153605923, 17.648071645058966], [33.639422492969686, 17.648342797021094]]]}, "properties": {"zone_id": "scene_02-Z0338", "scene": "scene_02", "pixel_count": 38, "approx_area_m2": 34200.0, "centroid_x": 567774.4736842106, "centroid_y": 1951487.3684210526, "centroid_lon": 33.63894912027869, "centroid_lat": 17.649179204296622, "mean_risk": 2.0102176666259766, "max_risk": 2.5002200603485107, "median_risk": 1.9406124353408813, "high_priority_pixel_pct": 100.0, "priority_category": "HIGH PRIORITY", "threshold_type": "95th percentile prioritisation threshold", "recommendation": "Spectral-stress evidence detected. Prioritise field inspection to determine the underlying cause. Field verification required.", "priority_rank": 197}}, {"type": "Feature", "geometry": {"type": "Polygon", "coordinates": [[[33.636601982823116, 17.65052116798434], [33.636601030008144, 17.65025001593259], [33.63631821373304, 17.650250929239505], [33.63631726135832, 17.649979777165328], [33.63603444548942, 17.649980690051542], [33.63603349355492, 17.649709537954955], [33.63575067809223, 17.649710450420493], [33.63574877512066, 17.649168146174976], [33.63546596048737, 17.64916905820494], [33.63546310742707, 17.64835560173571], [33.63574592079081, 17.648354689750466], [33.63574401798924, 17.647812385429955], [33.636026830489655, 17.647811473068806], [33.636023023397954, 17.646726864397444], [33.636305834188796, 17.646725951690254], [33.636302977779245, 17.64591249515274], [33.636585787283735, 17.64591158208464], [33.63659055016699, 17.647267342868364], [33.636873361770064, 17.64726642931994], [33.63687622097375, 17.648079885655385], [33.63829028508078, 17.64807531160346], [33.638291240298564, 17.648346463625522], [33.63772561386057, 17.648348294493374], [33.63772656824907, 17.64861944653785], [33.63744375458132, 17.64862036137814], [33.6374447085637, 17.64889151343007], [33.637727522654636, 17.648890598574827], [33.637728477077246, 17.649161750604307], [33.63744566256312, 17.6491626654745], [33.63744852466367, 17.649976121562798], [33.63716570886288, 17.64997703607208], [33.637167616168696, 17.650519340123328], [33.636601982823116, 17.65052116798434]], [[33.63716094089652, 17.64862127581269], [33.63744375458132, 17.64862036137814], [33.637442800615986, 17.64834920931871], [33.63715998735436, 17.648350123738325], [33.63716094089652, 17.64862127581269]]]}, "properties": {"zone_id": "scene_02-Z0339", "scene": "scene_02", "pixel_count": 70, "approx_area_m2": 63000.0, "centroid_x": 567525.4285714285, "centroid_y": 1951426.2857142857, "centroid_lon": 33.63659939450237, "centroid_lat": 17.648634711219998, "mean_risk": 2.078923225402832, "max_risk": 2.6161773204803467, "median_risk": 2.0561985969543457, "high_priority_pixel_pct": 100.0, "priority_category": "HIGH PRIORITY", "threshold_type": "95th percentile prioritisation threshold", "recommendation": "Spectral-stress evidence detected. Prioritise field inspection to determine the underlying cause. Field verification required.", "priority_rank": 157}}, {"type": "Feature", "geometry": {"type": "Polygon", "coordinates": [[[33.62585212624162, 17.64974213108428], [33.6258511895596, 17.649470978447518], [33.625568373912856, 17.649471876290928], [33.62556650144541, 17.64892957096556], [33.625283686628336, 17.64893046837388], [33.6252827508429, 17.64865931568528], [33.62499993643229, 17.648660212673192], [33.624998065757914, 17.648117907244185], [33.62528087932217, 17.64811701028559], [33.62527994358689, 17.647845857574495], [33.62556275671126, 17.64784496022484], [33.62556088444455, 17.647302654809494], [33.625843696705886, 17.64730175708347], [33.62584182365981, 17.646759451667478], [33.62612463505814, 17.64675855356511], [33.62612369813708, 17.646487400860547], [33.62640650909554, 17.646486502367175], [33.626405571768096, 17.6462153496698], [33.62668838228669, 17.646214450785436], [33.626687444552886, 17.64594329809525], [33.626970254631615, 17.64594239881991], [33.62696837836808, 17.64540009344646], [33.627251187583845, 17.645399193794862], [33.627250249054136, 17.645128041111597], [33.62781586658916, 17.645126240620858], [33.6278177453577, 17.64566854592102], [33.62838336451794, 17.64566674374876], [33.62838524504606, 17.646209048960014], [33.62923367619902, 17.64620634257066], [33.62923744253444, 17.647290952726248], [33.628671818397585, 17.647292757509494], [33.628673699973646, 17.6478350626013], [33.628390887033696, 17.647835964413844], [33.628391827423776, 17.648107116963235], [33.62810901404386, 17.648108018384796], [33.62810995402758, 17.648379170941425], [33.627827140207685, 17.648380071971996], [33.627828079785026, 17.648651224535843], [33.62754526552517, 17.648652125175403], [33.627547143883824, 17.649194430310054], [33.62726432876081, 17.649195330573303], [33.62726526754211, 17.649466483144096], [33.626982451979124, 17.64946738301629], [33.626983390353985, 17.649738535594295], [33.62585212624162, 17.64974213108428]]]}, "properties": {"zone_id": "scene_02-Z0340", "scene": "scene_02", "pixel_count": 140, "approx_area_m2": 126000.0, "centroid_x": 566518.0714285715, "centroid_y": 1951302.0, "centroid_lon": 33.62709901547366, "centroid_lat": 17.647541807505053, "mean_risk": 2.1389381885528564, "max_risk": 2.6313910484313965, "median_risk": 2.1463265419006348, "high_priority_pixel_pct": 100.0, "priority_category": "HIGH PRIORITY", "threshold_type": "95th percentile prioritisation threshold", "recommendation": "Spectral-stress evidence detected. Prioritise field inspection to determine the underlying cause. Field verification required.", "priority_rank": 126}}, {"type": "Feature", "geometry": {"type": "Polygon", "coordinates": [[[33.51215573296707, 17.648985731881655], [33.51215496647889, 17.648714573850633], [33.51187214640977, 17.648715308523386], [33.51186984829702, 17.647901834349383], [33.51215266709651, 17.647901099712662], [33.5121503678374, 17.64708762550734], [33.512716002856195, 17.647086155088743], [33.51271523561754, 17.646814997029377], [33.5129980526832, 17.646814261223515], [33.512997285035105, 17.64654310316869], [33.51328010166389, 17.64654236696914], [33.51327933360635, 17.64627120891886], [33.513562149798254, 17.64627047232563], [33.51356522380342, 17.647355104433665], [33.51328240591886, 17.647355841075054], [33.513284710297356, 17.648169315113634], [33.51300189112949, 17.648170051385396], [33.513002658859904, 17.648441209395326], [33.51271983925511, 17.648441945273355], [33.51272060657602, 17.648713103287832], [33.512437786534306, 17.648713838772114], [33.51243855344571, 17.648984996791125], [33.51215573296707, 17.648985731881655]]]}, "properties": {"zone_id": "scene_02-Z0341", "scene": "scene_02", "pixel_count": 32, "approx_area_m2": 28800.0, "centroid_x": 554385.9375, "centroid_y": 1951280.625, "centroid_lon": 33.51272651931421, "centroid_lat": 17.64767929032854, "mean_risk": 2.061809539794922, "max_risk": 2.3378655910491943, "median_risk": 2.0670769214630127, "high_priority_pixel_pct": 100.0, "priority_category": "HIGH PRIORITY", "threshold_type": "95th percentile prioritisation threshold", "recommendation": "Spectral-stress evidence detected. Prioritise field inspection to determine the underlying cause. Field verification required.", "priority_rank": 164}}, {"type": "Feature", "geometry": {"type": "Polygon", "coordinates": [[[33.51583239811838, 17.64897614405421], [33.515831626128325, 17.64870498617989], [33.51554880623784, 17.648705726127638], [33.51554649162004, 17.64789225242349], [33.51582931024091, 17.64789151251202], [33.515826222584145, 17.646806880850107], [33.516109039498495, 17.64680614058129], [33.51611058414564, 17.647348456403016], [33.516393401892536, 17.647347715704264], [33.51639417465999, 17.647618873591792], [33.516111356489915, 17.64761961430265], [33.51611290121986, 17.64816193007948], [33.51667853923898, 17.648160448203583], [33.51668085897669, 17.64897392174003], [33.51583239811838, 17.64897614405421]]]}, "properties": {"zone_id": "scene_02-Z0342", "scene": "scene_02", "pixel_count": 18, "approx_area_m2": 16200.0, "centroid_x": 554741.6666666666, "centroid_y": 1951335.0, "centroid_lon": 33.51608147688384, "centroid_lat": 17.64816201235833, "mean_risk": 1.8799468278884888, "max_risk": 2.033665895462036, "median_risk": 1.8649163246154785, "high_priority_pixel_pct": 100.0, "priority_category": "HIGH PRIORITY", "threshold_type": "95th percentile prioritisation threshold", "recommendation": "Spectral-stress evidence detected. Prioritise field inspection to determine the underlying cause. Field verification required.", "priority_rank": 306}}, {"type": "Feature", "geometry": {"type": "Polygon", "coordinates": [[[33.51554031991252, 17.645722988883186], [33.515538005749654, 17.644909514932117], [33.51582081971584, 17.644908775153677], [33.515820047932685, 17.64463761716712], [33.516102861461974, 17.644636876995104], [33.516101317090836, 17.64409456102374], [33.51581850440774, 17.644095301171554], [33.51581773266596, 17.643824143162544], [33.516100544925976, 17.64382340302683], [33.516095140158306, 17.641925296839027], [33.51637794944313, 17.641924556382406], [33.51637872193444, 17.64219571441957], [33.516944341308744, 17.642194232265297], [33.516945114659926, 17.64246539027075], [33.517227924749385, 17.64246464857307], [33.517229472339324, 17.64300696453728], [33.516946661403765, 17.643007706259212], [33.51694743479641, 17.643278864242227], [33.51723024615503, 17.643278122508168], [33.51723256768515, 17.644091596375926], [33.51694975505729, 17.644092338146365], [33.516953622435224, 17.645448127836964], [33.51780206662388, 17.645445901126696], [33.51780284141032, 17.645717059005968], [33.51554031991252, 17.645722988883186]]]}, "properties": {"zone_id": "scene_02-Z0343", "scene": "scene_02", "pixel_count": 56, "approx_area_m2": 50400.0, "centroid_x": 554789.4642857143, "centroid_y": 1950887.142857143, "centroid_lon": 33.516520541063564, "centroid_lat": 17.64411283169954, "mean_risk": 2.0778920650482178, "max_risk": 2.423491954803467, "median_risk": 2.098231315612793, "high_priority_pixel_pct": 100.0, "priority_category": "HIGH PRIORITY", "threshold_type": "95th percentile prioritisation threshold", "recommendation": "Spectral-stress evidence detected. Prioritise field inspection to determine the underlying cause. Field verification required.", "priority_rank": 158}}, {"type": "Feature", "geometry": {"type": "Polygon", "coordinates": [[[33.443137861128214, 17.645356713734063], [33.443135208985474, 17.644272070213532], [33.44285239299463, 17.644272705699386], [33.442849080198265, 17.64291690107863], [33.44256626631104, 17.642917536106896], [33.4425642800445, 17.64210405321363], [33.44284709266254, 17.64210341821651], [33.44284775516261, 17.64237457917802], [33.443130568191854, 17.642373943764888], [33.443129905268734, 17.642102782813765], [33.443695530445574, 17.642101510791406], [33.443696857995896, 17.642643832644588], [33.44341404456729, 17.642644468879382], [33.44341470793718, 17.642915629805167], [33.443980335628666, 17.642914356909127], [33.44397967141265, 17.64264319600415], [33.444262484817514, 17.642642558958084], [33.44426314945661, 17.642913719852647], [33.444545963272674, 17.642913082390518], [33.44454729343266, 17.643455404136372], [33.444830108083, 17.643454766247743], [33.444830773603925, 17.643725927099027], [33.44454795853049, 17.643726564998087], [33.44454995389529, 17.644540047538406], [33.444267137540656, 17.644540685063067], [33.44426780226291, 17.64481184590531], [33.443702168671756, 17.64481311975841], [33.44370283255962, 17.645084280614007], [33.44342001532311, 17.64508491694242], [33.44342067879972, 17.64535607780095], [33.443137861128214, 17.645356713734063]]]}, "properties": {"zone_id": "scene_02-Z0344", "scene": "scene_02", "pixel_count": 54, "approx_area_m2": 48600.0, "centroid_x": 547055.5555555555, "centroid_y": 1950812.2222222222, "centroid_lon": 33.44361019616376, "centroid_lat": 17.643613182159378, "mean_risk": 1.9634535312652588, "max_risk": 2.153883218765259, "median_risk": 1.9739699363708496, "high_priority_pixel_pct": 100.0, "priority_category": "HIGH PRIORITY", "threshold_type": "95th percentile prioritisation threshold", "recommendation": "Spectral-stress evidence detected. Prioritise field inspection to determine the underlying cause. Field verification required.", "priority_rank": 229}}, {"type": "Feature", "geometry": {"type": "Polygon", "coordinates": [[[33.63120579274412, 17.644030793620043], [33.63120484837558, 17.643759641105877], [33.630639235474995, 17.643761451184275], [33.63063829196942, 17.64349029863301], [33.630355485916866, 17.643491203049006], [33.630353599802355, 17.64294889789443], [33.63007079457901, 17.64294980187525], [33.63006702424427, 17.64186519141701], [33.630349827775575, 17.64186428749531], [33.63034794186331, 17.64132198225077], [33.6306307445318, 17.64132107795307], [33.63062885784101, 17.64077877270811], [33.6309116596467, 17.640777868034437], [33.63091071590364, 17.640506715415505], [33.6311935172695, 17.64050581035108], [33.631192573120366, 17.640234657739455], [33.631475374046396, 17.640233752284306], [33.63147442949119, 17.639962599679983], [33.6317572299774, 17.63996169383411], [33.63175628501614, 17.639690541237105], [33.63232188509201, 17.639688728358426], [33.63232283089915, 17.639959880925787], [33.63260563133467, 17.639958973863344], [33.6326046851046, 17.639687821310815], [33.63288748510027, 17.639686913857688], [33.63289127181381, 17.640771523963465], [33.63345687513795, 17.64076970772187], [33.633463508459926, 17.642667774910503], [33.633180703845404, 17.64266868333803], [33.633182598386654, 17.643210988211298], [33.63403101471751, 17.643208261622796], [33.63403196328262, 17.643479414003604], [33.63374915743291, 17.643480323286912], [33.633750105591936, 17.643751475675085], [33.63177046120866, 17.64375782940502], [33.63177140642329, 17.644028981889562], [33.63120579274412, 17.644030793620043]]]}, "properties": {"zone_id": "scene_02-Z0345", "scene": "scene_02", "pixel_count": 146, "approx_area_m2": 131400.0, "centroid_x": 567031.8493150685, "centroid_y": 1950694.3150684931, "centroid_lon": 33.631923288622204, "centroid_lat": 17.64203383046071, "mean_risk": 2.2861852645874023, "max_risk": 2.950911283493042, "median_risk": 2.2929019927978516, "high_priority_pixel_pct": 100.0, "priority_category": "HIGH PRIORITY", "threshold_type": "95th percentile prioritisation threshold", "recommendation": "Spectral-stress evidence detected. Prioritise field inspection to determine the underlying cause. Field verification required.", "priority_rank": 78}}, {"type": "Feature", "geometry": {"type": "Polygon", "coordinates": [[[33.634875631728704, 17.64212092196419], [33.634874681979376, 17.641849769590525], [33.63515748522314, 17.64184885877414], [33.6351565350678, 17.641577706407872], [33.634873732247016, 17.641578617209362], [33.63487278253163, 17.641307464820706], [33.63458998011684, 17.641308375201756], [33.63458713234142, 17.64049491794614], [33.63430433117857, 17.640495827877004], [33.63430053607396, 17.639411218038394], [33.63486613499921, 17.639409397890184], [33.634867084595776, 17.63968055033132], [33.63543268429898, 17.639678728531294], [33.635433634758385, 17.63994988093514], [33.635716435007446, 17.63994896941195], [33.63572309165974, 17.641847035924663], [33.63544028844994, 17.641847947552183], [33.635441239045264, 17.642119099896057], [33.634875631728704, 17.64212092196419]]]}, "properties": {"zone_id": "scene_02-Z0346", "scene": "scene_02", "pixel_count": 36, "approx_area_m2": 32400.0, "centroid_x": 567365.8333333334, "centroid_y": 1950548.3333333333, "centroid_lon": 33.63506706201688, "centroid_lat": 17.640704271505488, "mean_risk": 2.0245614051818848, "max_risk": 2.3792550563812256, "median_risk": 2.015866279602051, "high_priority_pixel_pct": 100.0, "priority_category": "HIGH PRIORITY", "threshold_type": "95th percentile prioritisation threshold", "recommendation": "Spectral-stress evidence detected. Prioritise field inspection to determine the underlying cause. Field verification required.", "priority_rank": 193}}, {"type": "Feature", "geometry": {"type": "Polygon", "coordinates": [[[33.44170461019295, 17.63749621757705], [33.441703949597674, 17.63722505643956], [33.44142114454605, 17.637225689627794], [33.44141982423675, 17.636683367309693], [33.44170262844256, 17.63668273414217], [33.44170196788272, 17.636411572982276], [33.441419164099806, 17.63641220613944], [33.44141652367003, 17.635327561383736], [33.441982127841044, 17.63532629474678], [33.44198278877652, 17.6355974559262], [33.442265591267166, 17.63559682198916], [33.44226492990882, 17.63532566082012], [33.44283053400893, 17.63532439175042], [33.44282987181669, 17.63505323059465], [33.44311267342612, 17.635052595462003], [33.44311201082288, 17.634781434309158], [33.44339481199762, 17.63478079878145], [33.44339414898338, 17.634509637631535], [33.443676949723425, 17.634509001708786], [33.4436762862982, 17.634237840561802], [33.44395908660355, 17.63423720424402], [33.44396107818332, 17.635050687631352], [33.44424387974533, 17.635050050876895], [33.44424454405185, 17.635321211980656], [33.444527346024834, 17.635320574810326], [33.44453000506118, 17.63640521910896], [33.44537841598332, 17.636403305040027], [33.4453804141915, 17.63721678809166], [33.44509760929397, 17.637217426551445], [33.44509694363558, 17.636946265531265], [33.444814139149074, 17.636946903575108], [33.44481480438455, 17.637218064605726], [33.44424919453004, 17.63721933949778], [33.44424853014038, 17.63694817844631], [33.44396572561821, 17.63694881527367], [33.443965061663334, 17.636677654204316], [33.4436822575522, 17.636678290615766], [33.44368159403209, 17.63640712952854], [33.44339879033199, 17.636407765524098], [33.44339746417312, 17.63586544330643], [33.4428318584289, 17.63586671403953], [33.44283384514766, 17.636680197417174], [33.44255104098913, 17.63668083220666], [33.44255170282949, 17.636951993327987], [33.44226889823622, 17.636952627722355], [33.442269559665505, 17.63722378884658], [33.4419867546375, 17.637224422845822], [33.44198741565569, 17.637495583972946], [33.44170461019295, 17.63749621757705]]]}, "properties": {"zone_id": "scene_02-Z0347", "scene": "scene_02", "pixel_count": 76, "approx_area_m2": 68400.0, "centroid_x": 547016.447368421, "centroid_y": 1949974.3421052631, "centroid_lon": 33.44322300026627, "centroid_lat": 17.63604066396812, "mean_risk": 1.9149131774902344, "max_risk": 2.339477300643921, "median_risk": 1.8520383834838867, "high_priority_pixel_pct": 100.0, "priority_category": "HIGH PRIORITY", "threshold_type": "95th percentile prioritisation threshold", "recommendation": "Spectral-stress evidence detected. Prioritise field inspection to determine the underlying cause. Field verification required.", "priority_rank": 272}}, {"type": "Feature", "geometry": {"type": "Polygon", "coordinates": [[[33.6461665023514, 17.636118831630913], [33.64616553606246, 17.635847679693125], [33.6464483293172, 17.635846752987515], [33.64644929602896, 17.636117904910144], [33.6461665023514, 17.636118831630913]]]}, "properties": {"zone_id": "scene_02-Z0348", "scene": "scene_02", "pixel_count": 9, "approx_area_m2": 8100.0, "centroid_x": 568613.3333333334, "centroid_y": 1950083.3333333333, "centroid_lon": 33.64681187943902, "centroid_lat": 17.63646319204243, "mean_risk": 1.8553028106689453, "max_risk": 1.9678103923797607, "median_risk": 1.822759985923767, "high_priority_pixel_pct": 100.0, "priority_category": "HIGH PRIORITY", "threshold_type": "95th percentile prioritisation threshold", "recommendation": "Spectral-stress evidence detected. Prioritise field inspection to determine the underlying cause. Field verification required.", "priority_rank": 330}}, {"type": "Feature", "geometry": {"type": "Polygon", "coordinates": [[[33.643905115233174, 17.636397382853048], [33.64390415230962, 17.636126230801747], [33.64362135847685, 17.636127153873687], [33.643620395993324, 17.63585600179979], [33.643337602566184, 17.635856924451215], [33.643336640522676, 17.63558577235474], [33.64305384750115, 17.635586694585655], [33.64305288589766, 17.6353155424666], [33.64333567849638, 17.635314620250764], [33.643334716487274, 17.635043468139294], [33.6439003007875, 17.63504162252158], [33.643901263642206, 17.635312774602863], [33.64446684871919, 17.635310927333347], [33.644469739923494, 17.636124383441597], [33.64418694612517, 17.63612530732438], [33.64418790947156, 17.636396459360583], [33.643905115233174, 17.636397382853048]]]}, "properties": {"zone_id": "scene_02-Z0349", "scene": "scene_02", "pixel_count": 15, "approx_area_m2": 13500.0, "centroid_x": 568300.0, "centroid_y": 1949992.0, "centroid_lon": 33.64385531900696, "centroid_lat": 17.63564734936183, "mean_risk": 1.9829388856887817, "max_risk": 2.2472071647644043, "median_risk": 1.9563112258911133, "high_priority_pixel_pct": 100.0, "priority_category": "HIGH PRIORITY", "threshold_type": "95th percentile prioritisation threshold", "recommendation": "Spectral-stress evidence detected. Prioritise field inspection to determine the underlying cause. Field verification required.", "priority_rank": 217}}, {"type": "Feature", "geometry": {"type": "Polygon", "coordinates": [[[33.63824445469673, 17.63506000572663], [33.638243500315134, 17.634788853337195], [33.637960708253736, 17.634789768225772], [33.63795593871555, 17.633434006091342], [33.638238728663076, 17.633433091277578], [33.63823777438385, 17.63316193884317], [33.639086142855795, 17.633159192014634], [33.63908805396784, 17.6337014967861], [33.639370844269834, 17.633700580335898], [33.63937371233434, 17.63451403739191], [33.639090920764026, 17.634514953887077], [33.63909283204691, 17.63505725858359], [33.63824445469673, 17.63506000572663]]]}, "properties": {"zone_id": "scene_02-Z0350", "scene": "scene_02", "pixel_count": 29, "approx_area_m2": 26100.0, "centroid_x": 567745.8620689656, "centroid_y": 1949820.0, "centroid_lon": 33.638626295259215, "centroid_lat": 17.634109725588306, "mean_risk": 1.9930042028427124, "max_risk": 2.3249261379241943, "median_risk": 1.945420503616333, "high_priority_pixel_pct": 100.0, "priority_category": "HIGH PRIORITY", "threshold_type": "95th percentile prioritisation threshold", "recommendation": "Spectral-stress evidence detected. Prioritise field inspection to determine the underlying cause. Field verification required.", "priority_rank": 205}}, {"type": "Feature", "geometry": {"type": "Polygon", "coordinates": [[[33.64814121166097, 17.63475657683884], [33.64814024249891, 17.63448542496979], [33.64785745146197, 17.634486354031935], [33.64785648274001, 17.634215202140197], [33.648139273354175, 17.634214273093253], [33.64813830422677, 17.633943121209214], [33.648986674696964, 17.633940331681714], [33.64898958593616, 17.63475378717447], [33.64814121166097, 17.63475657683884]]]}, "properties": {"zone_id": "scene_02-Z0351", "scene": "scene_02", "pixel_count": 10, "approx_area_m2": 9000.0, "centroid_x": 568794.0, "centroid_y": 1949850.0, "centroid_lon": 33.64850738597169, "centroid_lat": 17.6343486406555, "mean_risk": 1.8633397817611694, "max_risk": 2.0854310989379883, "median_risk": 1.8397853374481201, "high_priority_pixel_pct": 100.0, "priority_category": "HIGH PRIORITY", "threshold_type": "95th percentile prioritisation threshold", "recommendation": "Spectral-stress evidence detected. Prioritise field inspection to determine the underlying cause. Field verification required.", "priority_rank": 322}}, {"type": "Feature", "geometry": {"type": "Polygon", "coordinates": [[[33.440844986786075, 17.632888375075336], [33.440843009442965, 17.632074891166393], [33.44140860351358, 17.632073626399546], [33.44140728365271, 17.631531303797615], [33.441690079824795, 17.631530670826827], [33.44169074017209, 17.631801832121177], [33.44197353675512, 17.631801198734667], [33.441972215226826, 17.63125887615923], [33.442255010952536, 17.631258242388085], [33.44225434978337, 17.63098708109953], [33.443102735621295, 17.630985177385085], [33.4431033980587, 17.63125633864249], [33.442820602368485, 17.631256973629718], [33.44282391261934, 17.63261277985667], [33.441975519136186, 17.632614682541806], [33.44197617995349, 17.63288584379591], [33.440844986786075, 17.632888375075336]]]}, "properties": {"zone_id": "scene_02-Z0352", "scene": "scene_02", "pixel_count": 33, "approx_area_m2": 29700.0, "centroid_x": 546887.2727272727, "centroid_y": 1949532.7272727273, "centroid_lon": 33.44199557149003, "centroid_lat": 17.632051769489422, "mean_risk": 1.9016000032424927, "max_risk": 2.246150255203247, "median_risk": 1.897025227546692, "high_priority_pixel_pct": 100.0, "priority_category": "HIGH PRIORITY", "threshold_type": "95th percentile prioritisation threshold", "recommendation": "Spectral-stress evidence detected. Prioritise field inspection to determine the underlying cause. Field verification required.", "priority_rank": 287}}, {"type": "Feature", "geometry": {"type": "Polygon", "coordinates": [[[33.5123841367831, 17.62973275885233], [33.51238260491937, 17.629190441744772], [33.51294818408492, 17.629188972101733], [33.512947417328256, 17.62891781356079], [33.51351299559363, 17.628916342320654], [33.51351376319562, 17.62918750083753], [33.51323097364713, 17.62918823667228], [33.513231740840176, 17.62945939519372], [33.51351453081135, 17.629458659346934], [33.5135152984408, 17.62972981784886], [33.5123841367831, 17.62973275885233]]]}, "properties": {"zone_id": "scene_02-Z0353", "scene": "scene_02", "pixel_count": 9, "approx_area_m2": 8100.0, "centroid_x": 554416.6666666666, "centroid_y": 1949256.6666666667, "centroid_lon": 33.5129644484107, "centroid_lat": 17.629384767974063, "mean_risk": 1.9563517570495605, "max_risk": 2.2673425674438477, "median_risk": 1.8616055250167847, "high_priority_pixel_pct": 100.0, "priority_category": "HIGH PRIORITY", "threshold_type": "95th percentile prioritisation threshold", "recommendation": "Spectral-stress evidence detected. Prioritise field inspection to determine the underlying cause. Field verification required.", "priority_rank": 233}}, {"type": "Feature", "geometry": {"type": "Polygon", "coordinates": [[[33.43998738284813, 17.62909401002766], [33.439986725155016, 17.628822848596617], [33.439703933139434, 17.628823479032064], [33.43970261863383, 17.62828115612694], [33.43941982745184, 17.628281786136466], [33.43941654350676, 17.626925978691453], [33.439133754426265, 17.6269266082442], [33.43913244177569, 17.626384285193318], [33.43998080644621, 17.626382395381185], [33.43997949130696, 17.625840072362287], [33.44026227866174, 17.625839441635065], [33.440260962724345, 17.625297118606955], [33.44054374922218, 17.625296487495167], [33.44054309084855, 17.62502532598023], [33.44082587691204, 17.62502469447356], [33.44082653570824, 17.62529585597816], [33.44110932218252, 17.62529522405594], [33.44111129990961, 17.626108708493916], [33.44139408763988, 17.626108076135445], [33.44139474732843, 17.62637923758949], [33.44167753546951, 17.626378604815436], [33.44167819559247, 17.62664976625166], [33.44111261845329, 17.626651031415232], [33.441113277742815, 17.626922192864694], [33.44139606674093, 17.626921560475182], [33.44139672646487, 17.627192721906827], [33.44167951587383, 17.62719208910171], [33.44168083620241, 17.627734411921892], [33.441115255682135, 17.627735677168268], [33.44111459635724, 17.627464515741213], [33.44083180650206, 17.627465147746147], [33.44083048873291, 17.626922824848954], [33.44054769971121, 17.62692345642796], [33.44055165062417, 17.628550425091962], [33.4402688590548, 17.628551056327684], [33.44027017527463, 17.6290933791766], [33.43998738284813, 17.62909401002766]]]}, "properties": {"zone_id": "scene_02-Z0354", "scene": "scene_02", "pixel_count": 65, "approx_area_m2": 58500.0, "centroid_x": 546715.8461538461, "centroid_y": 1948973.076923077, "centroid_lon": 33.44036732699402, "centroid_lat": 17.626996864466584, "mean_risk": 1.7944996356964111, "max_risk": 1.8447740077972412, "median_risk": 1.7915899753570557, "high_priority_pixel_pct": 100.0, "priority_category": "HIGH PRIORITY", "threshold_type": "95th percentile prioritisation threshold", "recommendation": "Spectral-stress evidence detected. Prioritise field inspection to determine the underlying cause. Field verification required.", "priority_rank": 367}}, {"type": "Feature", "geometry": {"type": "Polygon", "coordinates": [[[33.57770403016212, 17.62819651152043], [33.57770316666304, 17.627925355885374], [33.57798595119574, 17.62792452770061], [33.577984223398694, 17.627382216435148], [33.5788325743684, 17.627379729530773], [33.57883430470111, 17.627922040714857], [33.57855152021479, 17.627922870115352], [33.57855238498173, 17.62819402570974], [33.57770403016212, 17.62819651152043]]]}, "properties": {"zone_id": "scene_02-Z0355", "scene": "scene_02", "pixel_count": 9, "approx_area_m2": 8100.0, "centroid_x": 561350.0, "centroid_y": 1949100.0, "centroid_lon": 33.578315434262784, "centroid_lat": 17.627787983167217, "mean_risk": 1.8358287811279297, "max_risk": 1.9196921586990356, "median_risk": 1.8369414806365967, "high_priority_pixel_pct": 100.0, "priority_category": "HIGH PRIORITY", "threshold_type": "95th percentile prioritisation threshold", "recommendation": "Spectral-stress evidence detected. Prioritise field inspection to determine the underlying cause. Field verification required.", "priority_rank": 346}}, {"type": "Feature", "geometry": {"type": "Polygon", "coordinates": [[[33.5191641191767, 17.627274590951362], [33.51916334321847, 17.627003432624313], [33.51888055732708, 17.627004176467516], [33.51887978180534, 17.62673301812082], [33.51916256727412, 17.626732274289786], [33.519161791343656, 17.626461115947784], [33.519727361394395, 17.62645962709439], [33.519726584632615, 17.62618846876927], [33.518878230803466, 17.626190701404994], [33.51887745532333, 17.62591954303587], [33.51916023952434, 17.625918799241354], [33.519157136052236, 17.624834165738786], [33.5197227010321, 17.624832677031556], [33.519724254430635, 17.62537499374907], [33.51944147110253, 17.625375738329645], [33.51944224740006, 17.62564689668937], [33.52029059861041, 17.625644661695485], [33.520291376189554, 17.625915820011166], [33.520574160321104, 17.625915074190598], [33.52057338231938, 17.625643915887117], [33.52085616601444, 17.62564316967355], [33.52085850132911, 17.62645664452492], [33.521141286278, 17.62645589786949], [33.521142065166664, 17.626727056126118], [33.520859279795175, 17.626727802793756], [33.52086005827516, 17.626998961055126], [33.520294486645206, 17.627000453199138], [33.520295264293885, 17.627271611477436], [33.5191641191767, 17.627274590951362]]]}, "properties": {"zone_id": "scene_02-Z0356", "scene": "scene_02", "pixel_count": 39, "approx_area_m2": 35100.0, "centroid_x": 555153.0769230769, "centroid_y": 1948916.1538461538, "centroid_lon": 33.519897269361216, "centroid_lat": 17.62628883516694, "mean_risk": 2.489020824432373, "max_risk": 4.10231351852417, "median_risk": 2.4474029541015625, "high_priority_pixel_pct": 100.0, "priority_category": "HIGH PRIORITY", "threshold_type": "95th percentile prioritisation threshold", "recommendation": "Spectral-stress evidence detected. Prioritise field inspection to determine the underlying cause. Field verification required.", "priority_rank": 46}}, {"type": "Feature", "geometry": {"type": "Polygon", "coordinates": [[[33.522273206513255, 17.62672406540325], [33.5222724259342, 17.62645290719556], [33.521989641041074, 17.626453655471874], [33.52198652055475, 17.625369022517393], [33.52226930375756, 17.62536827429005], [33.522270084280784, 17.625639432527638], [33.522552867892195, 17.62563868388285], [33.522555210813366, 17.62645215851402], [33.52283799567857, 17.62645140942725], [33.52283877710282, 17.626722567610436], [33.522273206513255, 17.62672406540325]]]}, "properties": {"zone_id": "scene_02-Z0357", "scene": "scene_02", "pixel_count": 9, "approx_area_m2": 8100.0, "centroid_x": 555410.0, "centroid_y": 1948896.6666666667, "centroid_lon": 33.52231855927211, "centroid_lat": 17.626106302503125, "mean_risk": 1.9419481754302979, "max_risk": 2.125004291534424, "median_risk": 1.9670491218566895, "high_priority_pixel_pct": 100.0, "priority_category": "HIGH PRIORITY", "threshold_type": "95th percentile prioritisation threshold", "recommendation": "Spectral-stress evidence detected. Prioritise field inspection to determine the underlying cause. Field verification required.", "priority_rank": 241}}, {"type": "Feature", "geometry": {"type": "Polygon", "coordinates": [[[33.51265773178577, 17.626478121259787], [33.512656965588825, 17.626206962632068], [33.512374180648145, 17.62620769711874], [33.51237341488748, 17.62593653847152], [33.512090630355694, 17.625937272540963], [33.51208986503131, 17.62566611387426], [33.51265543323602, 17.625664645354195], [33.51265619940557, 17.62593580399687], [33.512938983909955, 17.625935069117002], [33.51293975051579, 17.626206227740177], [33.5135053203286, 17.62620475674074], [33.513504552877585, 17.625933598141632], [33.51407012179032, 17.625932125545415], [33.51406935350787, 17.625660966962933], [33.51463492152049, 17.62565949276999], [33.514635690648085, 17.625930651328346], [33.51435290622608, 17.62593138863949], [33.51435367494485, 17.626202547202436], [33.51407089008651, 17.626203284120425], [33.514071658396425, 17.626474442687957], [33.51265773178577, 17.626478121259787]]]}, "properties": {"zone_id": "scene_02-Z0358", "scene": "scene_02", "pixel_count": 14, "approx_area_m2": 12600.0, "centroid_x": 554462.1428571428, "centroid_y": 1948892.142857143, "centroid_lon": 33.51338379797026, "centroid_lat": 17.62608886126187, "mean_risk": 1.9794809818267822, "max_risk": 2.3428795337677, "median_risk": 1.9333019256591797, "high_priority_pixel_pct": 100.0, "priority_category": "HIGH PRIORITY", "threshold_type": "95th percentile prioritisation threshold", "recommendation": "Spectral-stress evidence detected. Prioritise field inspection to determine the underlying cause. Field verification required.", "priority_rank": 219}}, {"type": "Feature", "geometry": {"type": "Polygon", "coordinates": [[[33.45892141689487, 17.623898791828267], [33.45892004534765, 17.623356470087234], [33.459485610828565, 17.623355154121388], [33.4594862974411, 17.62362631497411], [33.45920351428425, 17.623626973170378], [33.45920420048653, 17.623898134026394], [33.45892141689487, 17.623898791828267]]]}, "properties": {"zone_id": "scene_02-Z0359", "scene": "scene_02", "pixel_count": 10, "approx_area_m2": 9000.0, "centroid_x": 548664.0, "centroid_y": 1948680.0, "centroid_lon": 33.45872449662235, "centroid_lat": 17.624305993345967, "mean_risk": 2.0907859802246094, "max_risk": 2.361539125442505, "median_risk": 2.131669282913208, "high_priority_pixel_pct": 100.0, "priority_category": "HIGH PRIORITY", "threshold_type": "95th percentile prioritisation threshold", "recommendation": "Spectral-stress evidence detected. Prioritise field inspection to determine the underlying cause. Field verification required.", "priority_rank": 151}}, {"type": "Feature", "geometry": {"type": "Polygon", "coordinates": [[[33.52311374453731, 17.6240102360606], [33.523112962830275, 17.62373907781493], [33.522830182204615, 17.62373982718428], [33.522829400934086, 17.623468668918875], [33.52311218113723, 17.62346791956178], [33.52311139945816, 17.623196761301156], [33.523394179224816, 17.623196011551183], [33.52339339713723, 17.622924853295356], [33.523110617793066, 17.62292560303306], [33.52310983614197, 17.62265444475749], [33.5236753939713, 17.622652944901493], [33.52367617646739, 17.62292410315252], [33.52424173508573, 17.622922601651435], [33.524242518440815, 17.62319375987041], [33.52395973871615, 17.623194510835816], [33.52396130462334, 17.62373682727593], [33.523678524039646, 17.623737577860748], [33.523679306591724, 17.624008736081876], [33.52311374453731, 17.6240102360606]]]}, "properties": {"zone_id": "scene_02-Z0360", "scene": "scene_02", "pixel_count": 14, "approx_area_m2": 12600.0, "centroid_x": 555537.8571428572, "centroid_y": 1948592.142857143, "centroid_lon": 33.52351581756604, "centroid_lat": 17.623350637674143, "mean_risk": 2.0397589206695557, "max_risk": 2.3394529819488525, "median_risk": 2.029667377471924, "high_priority_pixel_pct": 100.0, "priority_category": "HIGH PRIORITY", "threshold_type": "95th percentile prioritisation threshold", "recommendation": "Spectral-stress evidence detected. Prioritise field inspection to determine the underlying cause. Field verification required.", "priority_rank": 185}}, {"type": "Feature", "geometry": {"type": "Polygon", "coordinates": [[[33.464572921191085, 17.622258594794324], [33.46457222703515, 17.62198743409928], [33.464855007422315, 17.62198676827021], [33.46485570200075, 17.62225792895435], [33.464572921191085, 17.622258594794324]]]}, "properties": {"zone_id": "scene_02-Z0361", "scene": "scene_02", "pixel_count": 21, "approx_area_m2": 18900.0, "centroid_x": 549180.0, "centroid_y": 1948505.7142857143, "centroid_lon": 33.463584359242084, "centroid_lat": 17.62271931278995, "mean_risk": 2.042741060256958, "max_risk": 2.525270938873291, "median_risk": 2.01705265045166, "high_priority_pixel_pct": 100.0, "priority_category": "HIGH PRIORITY", "threshold_type": "95th percentile prioritisation threshold", "recommendation": "Spectral-stress evidence detected. Prioritise field inspection to determine the underlying cause. Field verification required.", "priority_rank": 180}}, {"type": "Feature", "geometry": {"type": "Polygon", "coordinates": [[[33.45043453807744, 17.622562531469768], [33.45043319200259, 17.622020209014366], [33.450998753988046, 17.62201891746398], [33.45099808012372, 17.621747756246222], [33.45156364121598, 17.621746463096482], [33.45156296651874, 17.62147530189242], [33.4518457466243, 17.62147465472046], [33.451845071516665, 17.621203493519516], [33.452127851187676, 17.621202845953036], [33.452129202259975, 17.621745168326242], [33.451846421744015, 17.621745815913926], [33.45184777201967, 17.62228813827847], [33.45071664645524, 17.622290724662612], [33.45071731992118, 17.622561885876014], [33.45043453807744, 17.622562531469768]]]}, "properties": {"zone_id": "scene_02-Z0362", "scene": "scene_02", "pixel_count": 12, "approx_area_m2": 10800.0, "centroid_x": 547882.5, "centroid_y": 1948417.5, "centroid_lon": 33.451352061605235, "centroid_lat": 17.621950319121645, "mean_risk": 2.0412774085998535, "max_risk": 2.2994465827941895, "median_risk": 2.023808240890503, "high_priority_pixel_pct": 100.0, "priority_category": "HIGH PRIORITY", "threshold_type": "95th percentile prioritisation threshold", "recommendation": "Spectral-stress evidence detected. Prioritise field inspection to determine the underlying cause. Field verification required.", "priority_rank": 183}}, {"type": "Feature", "geometry": {"type": "Polygon", "coordinates": [[[33.453824528959714, 17.62119895204681], [33.45382317286625, 17.620656629771197], [33.45354039411277, 17.620657279747068], [33.45353903891272, 17.620114957420313], [33.45382181682131, 17.620114307465716], [33.453821138817034, 17.619843146301786], [33.45410391629107, 17.619842495952756], [33.454104594717776, 17.620113657106046], [33.4543873726021, 17.62011300634128], [33.45438940922239, 17.62092648972441], [33.45410663007072, 17.620927140521125], [33.45410730854598, 17.621198301644554], [33.453824528959714, 17.62119895204681]]]}, "properties": {"zone_id": "scene_02-Z0363", "scene": "scene_02", "pixel_count": 23, "approx_area_m2": 20700.0, "centroid_x": 548103.9130434783, "centroid_y": 1948339.5652173914, "centroid_lon": 33.453437346949464, "centroid_lat": 17.621241105810174, "mean_risk": 2.4229869842529297, "max_risk": 3.839399576187134, "median_risk": 2.1405105590820312, "high_priority_pixel_pct": 100.0, "priority_category": "HIGH PRIORITY", "threshold_type": "95th percentile prioritisation threshold", "recommendation": "Spectral-stress evidence detected. Prioritise field inspection to determine the underlying cause. Field verification required.", "priority_rank": 55}}, {"type": "Feature", "geometry": {"type": "Polygon", "coordinates": [[[33.65233432764432, 17.62118500083363], [33.65233237839782, 17.620642696796022], [33.65261514760475, 17.62064176202804], [33.65261222259861, 17.619828305961335], [33.65289499052094, 17.619827370834233], [33.65289011374778, 17.61847161064975], [33.65317287954091, 17.61847067519417], [33.65316409864773, 17.616030306527954], [33.653446860622715, 17.616029370805258], [33.65344295676835, 17.614944762375682], [33.65372571703688, 17.61494382630935], [33.653730599009755, 17.61629958675097], [33.653447836629965, 17.616300522893923], [33.65344978869685, 17.616842827048792], [33.653732551921195, 17.61684189087519], [33.653734504902516, 17.61738419496944], [33.653451740833574, 17.61738513117369], [33.653457597662864, 17.619012043368613], [33.65317483104251, 17.61901297925981], [33.653178734255185, 17.620097587301206], [33.652895965927925, 17.620098522848654], [33.652899867730326, 17.62118313083142], [33.65233432764432, 17.62118500083363]]]}, "properties": {"zone_id": "scene_02-Z0364", "scene": "scene_02", "pixel_count": 33, "approx_area_m2": 29700.0, "centroid_x": 569289.0909090909, "centroid_y": 1948090.0, "centroid_lon": 33.65311702064159, "centroid_lat": 17.618425667475282, "mean_risk": 1.84006667137146, "max_risk": 2.000399589538574, "median_risk": 1.8266544342041016, "high_priority_pixel_pct": 100.0, "priority_category": "HIGH PRIORITY", "threshold_type": "95th percentile prioritisation threshold", "recommendation": "Spectral-stress evidence detected. Prioritise field inspection to determine the underlying cause. Field verification required.", "priority_rank": 342}}, {"type": "Feature", "geometry": {"type": "Polygon", "coordinates": [[[33.44138419372732, 17.622040653428876], [33.441383534227526, 17.62176949185538], [33.44110075325797, 17.621770124048304], [33.441100094192464, 17.621498962457004], [33.44053453306296, 17.621500225606784], [33.440533874854175, 17.621229063987343], [33.439968314522524, 17.621230325496], [33.43996765717045, 17.62095916384845], [33.43968487740944, 17.62095979398479], [33.439683563585476, 17.62041747064667], [33.43940078465763, 17.62041810035729], [33.439400128185724, 17.62014693866672], [33.43911734966857, 17.620147567961954], [33.439116693630844, 17.619876406253624], [33.438551137406215, 17.619877663608246], [33.43855048222508, 17.61960650187187], [33.438267704517614, 17.619607129931275], [33.4382650855999, 17.61852248287003], [33.43854786161773, 17.61852185485174], [33.43854917189796, 17.619064178376732], [33.43883194874888, 17.61906354993283], [33.43883260432899, 17.619334711673837], [33.43911538159059, 17.619334082814575], [33.43911603760485, 17.619605244537833], [33.43939881527714, 17.6196046152632], [33.43939750241552, 17.619062291829827], [33.439963056035175, 17.619061032106583], [33.43996568518478, 17.620145678860997], [33.440814020595155, 17.620143786114262], [33.44080809386818, 17.617703331027702], [33.44052531921146, 17.617703962255373], [33.440524661167515, 17.61743280053144], [33.4402418869214, 17.617433431343756], [33.44024057171353, 17.61689110785284], [33.44052334511493, 17.61689047706118], [33.44051939723975, 17.615263506471305], [33.44362987600304, 17.615256541716683], [33.44363252645472, 17.616341188350347], [33.44391529886967, 17.61634055271941], [33.443916625011326, 17.61688287597066], [33.44335107848021, 17.616884146869147], [33.44335174072413, 17.617155308504383], [33.44278619330092, 17.61715657780362], [33.44278685471197, 17.61742773945217], [33.44306962885186, 17.617427104994675], [33.4430709525542, 17.617969428248607], [33.443919277437004, 17.61796752238359], [33.44392126688083, 17.618781007114926], [33.44363849066458, 17.61878164283952], [33.44363915341385, 17.61905280441211], [33.44335637676334, 17.619053439742043], [33.44335571443648, 17.618782278159056], [33.44307293819652, 17.618782913073538], [33.44307360010098, 17.61905407466692], [33.44279082342678, 17.619054709186738], [33.44279346947333, 17.620139355527165], [33.443076247837226, 17.620138720965805], [33.443076909800894, 17.62040988252187], [33.443359688575384, 17.620409247545034], [33.44336233823831, 17.621493893653057], [33.442796777297794, 17.62149516328476], [33.44279743889819, 17.621766324813887], [33.4425146579877, 17.62176695903244], [33.44251531917744, 17.622038120564483], [33.44138419372732, 17.622040653428876]], [[33.44166433548927, 17.62095537452313], [33.44194711516781, 17.620954741551035], [33.44194645487029, 17.620683579968397], [33.441663675614215, 17.620684212930136], [33.44166433548927, 17.62095537452313]]]}, "properties": {"zone_id": "scene_02-Z0365", "scene": "scene_02", "pixel_count": 264, "approx_area_m2": 237600.0, "centroid_x": 546861.3636363636, "centroid_y": 1948039.4318181819, "centroid_lon": 33.441718477281455, "centroid_lat": 17.618554843675827, "mean_risk": 2.0465407371520996, "max_risk": 2.6297528743743896, "median_risk": 1.9594383239746094, "high_priority_pixel_pct": 100.0, "priority_category": "HIGH PRIORITY", "threshold_type": "95th percentile prioritisation threshold", "recommendation": "Spectral-stress evidence detected. Prioritise field inspection to determine the underlying cause. Field verification required.", "priority_rank": 175}}, {"type": "Feature", "geometry": {"type": "Polygon", "coordinates": [[[33.46259138161774, 17.62144976199458], [33.46259069045632, 17.62117860120105], [33.462307911237446, 17.62117926375657], [33.46230652979659, 17.620636942125426], [33.46202375141028, 17.620637604254163], [33.46202444170208, 17.62090876508431], [33.461741662880954, 17.620909426818788], [33.46174235276264, 17.621180587652297], [33.46145957350672, 17.6211812489925], [33.461458884047495, 17.620910088148165], [33.4611761052017, 17.620910749072436], [33.46117541617726, 17.620639588209823], [33.46174097301161, 17.620638265977814], [33.46173959330994, 17.62009594427346], [33.461456815743816, 17.620096605570364], [33.46145612633392, 17.619825444696165], [33.46173890347762, 17.619824783410085], [33.46173821365763, 17.619553622539243], [33.46145543693636, 17.619554283814498], [33.46145474755112, 17.61928312292537], [33.46173752384999, 17.619282461660937], [33.46173683405469, 17.61901130077516], [33.46117128228945, 17.619012622877325], [33.461171971239935, 17.619283783784734], [33.46060641858058, 17.619285104288295], [33.4606057304749, 17.61901394335927], [33.46032295454916, 17.61901460299266], [33.460322266878194, 17.618743442045368], [33.46117059335128, 17.618741461962447], [33.46116990442544, 17.618470301040098], [33.46145267946944, 17.61846964021318], [33.46145199013354, 17.618198479294186], [33.4634314121391, 17.618193842240487], [33.463430719858906, 17.617922681389928], [33.463713493959276, 17.617922017344416], [33.463714879376816, 17.61846433901632], [33.46343210443169, 17.618465003083575], [33.46343279673666, 17.618736163919202], [33.46371557210417, 17.618735499841083], [33.463716264843924, 17.619006660658364], [33.463433489054005, 17.619007324747358], [33.46343418138375, 17.619278485568046], [33.46286862892196, 17.619279812552588], [33.46286793743703, 17.61900865171018], [33.46315071325171, 17.619007988431296], [33.46315002135675, 17.618736827592276], [33.462018919713444, 17.61873947823409], [33.46202237086372, 17.620095282571473], [33.462305148405164, 17.620094620464407], [33.4623058390947, 17.62036578129865], [33.46287139498537, 17.620364455847575], [33.46287070345096, 17.620093295035026], [33.463153480955306, 17.620092631712716], [33.46315278901084, 17.619821470903556], [33.463435566080385, 17.619820807187033], [33.46343487372587, 17.619549646381273], [33.46371765036061, 17.61954898227054], [33.463719035926864, 17.620091303852853], [33.464001813394056, 17.620090639315297], [33.46400250661821, 17.620361800084382], [33.46428528449543, 17.620361135130864], [33.46428597815443, 17.620632295881588], [33.46541709122894, 17.620629631973046], [33.465419177349894, 17.62144311404963], [33.46485361830273, 17.62144444687953], [33.464852923761576, 17.62117328617299], [33.464287365509655, 17.621174617360648], [33.46428805920588, 17.62144577808898], [33.46400527963883, 17.62144644308603], [33.46400458636507, 17.621175282346815], [33.46315624885696, 17.621177274874675], [33.46315694086332, 17.621448435646503], [33.46259138161774, 17.62144976199458]]]}, "properties": {"zone_id": "scene_02-Z0366", "scene": "scene_02", "pixel_count": 84, "approx_area_m2": 75600.0, "centroid_x": 549106.4285714285, "centroid_y": 1948196.7857142857, "centroid_lon": 33.462883749180335, "centroid_lat": 17.61992863010363, "mean_risk": 2.095623731613159, "max_risk": 2.726914405822754, "median_risk": 2.0620956420898438, "high_priority_pixel_pct": 100.0, "priority_category": "HIGH PRIORITY", "threshold_type": "95th percentile prioritisation threshold", "recommendation": "Spectral-stress evidence detected. Prioritise field inspection to determine the underlying cause. Field verification required.", "priority_rank": 146}}, {"type": "Feature", "geometry": {"type": "Polygon", "coordinates": [[[33.52310280191115, 17.620214019941006], [33.523102020399854, 17.61994286159069], [33.52338479509701, 17.619942111987953], [33.52338557703072, 17.620213270325994], [33.52310280191115, 17.620214019941006]]]}, "properties": {"zone_id": "scene_02-Z0367", "scene": "scene_02", "pixel_count": 9, "approx_area_m2": 8100.0, "centroid_x": 555546.6666666666, "centroid_y": 1948283.3333333333, "centroid_lon": 33.52359080304498, "centroid_lat": 17.620559208761865, "mean_risk": 2.2673757076263428, "max_risk": 2.8108394145965576, "median_risk": 2.3352575302124023, "high_priority_pixel_pct": 100.0, "priority_category": "HIGH PRIORITY", "threshold_type": "95th percentile prioritisation threshold", "recommendation": "Spectral-stress evidence detected. Prioritise field inspection to determine the underlying cause. Field verification required.", "priority_rank": 81}}, {"type": "Feature", "geometry": {"type": "Polygon", "coordinates": [[[33.454953608040476, 17.620382864710365], [33.454952928334315, 17.620111703596514], [33.454670150474286, 17.62011235517144], [33.45466947120271, 17.61984119403946], [33.454386693752966, 17.619841845198643], [33.454385336091114, 17.619299522890973], [33.45495088928879, 17.619298220210172], [33.45495156895847, 17.619569381346412], [33.45523434596149, 17.619568729387748], [33.455233665869386, 17.61929756826217], [33.45608199553817, 17.6192956099878], [33.456081314191, 17.61902444888682], [33.45636409030049, 17.61902379532927], [33.456366817451936, 17.620108439645634], [33.45523570618219, 17.6201110516165], [33.455236386310794, 17.620382212719687], [33.454953608040476, 17.620382864710365]]]}, "properties": {"zone_id": "scene_02-Z0368", "scene": "scene_02", "pixel_count": 21, "approx_area_m2": 18900.0, "centroid_x": 548318.5714285715, "centroid_y": 1948170.0, "centroid_lon": 33.45545686810046, "centroid_lat": 17.61970379740613, "mean_risk": 2.16352915763855, "max_risk": 2.693864107131958, "median_risk": 2.1971700191497803, "high_priority_pixel_pct": 100.0, "priority_category": "HIGH PRIORITY", "threshold_type": "95th percentile prioritisation threshold", "recommendation": "Spectral-stress evidence detected. Prioritise field inspection to determine the underlying cause. Field verification required.", "priority_rank": 116}}, {"type": "Feature", "geometry": {"type": "Polygon", "coordinates": [[[33.45098797360511, 17.617680337083975], [33.45098729993363, 17.61740917574677], [33.45070452612815, 17.61740982154481], [33.450703852891074, 17.61713866018957], [33.4509866262742, 17.617138014402105], [33.450985278991496, 17.616595691690385], [33.45126805151788, 17.616595045519063], [33.45126737747227, 17.616323884162586], [33.45183292164419, 17.616322590626133], [33.451834946351234, 17.61713607460965], [33.45155217300429, 17.617136721612145], [33.45155284750844, 17.61740788293564], [33.45127007372706, 17.617408529543717], [33.451270747820914, 17.61767969087034], [33.45098797360511, 17.617680337083975]]]}, "properties": {"zone_id": "scene_02-Z0362", "scene": "scene_02", "pixel_count": 12, "approx_area_m2": 10800.0, "centroid_x": 547882.5, "centroid_y": 1948417.5, "centroid_lon": 33.451352061605235, "centroid_lat": 17.621950319121645, "mean_risk": 2.0412774085998535, "max_risk": 2.2994465827941895, "median_risk": 2.023808240890503, "high_priority_pixel_pct": 100.0, "priority_category": "HIGH PRIORITY", "threshold_type": "95th percentile prioritisation threshold", "recommendation": "Spectral-stress evidence detected. Prioritise field inspection to determine the underlying cause. Field verification required.", "priority_rank": 183}}, {"type": "Feature", "geometry": {"type": "Polygon", "coordinates": [[[33.71480471568511, 17.615545592705967], [33.714801512947474, 17.61473214681493], [33.71564978179229, 17.614729073816044], [33.71564871298467, 17.614457925221007], [33.716779736154514, 17.614453822288016], [33.716781877166525, 17.614996119336254], [33.71593360728461, 17.614999197244085], [33.71593467655269, 17.61527034580734], [33.715086405231936, 17.61527342012151], [33.71508747325248, 17.615544568727596], [33.71480471568511, 17.615545592705967]]]}, "properties": {"zone_id": "scene_02-Z0370", "scene": "scene_02", "pixel_count": 16, "approx_area_m2": 14400.0, "centroid_x": 575934.375, "centroid_y": 1947723.75, "centroid_lon": 33.71573881121733, "centroid_lat": 17.614898221367252, "mean_risk": 1.8582210540771484, "max_risk": 1.9102122783660889, "median_risk": 1.864880919456482, "high_priority_pixel_pct": 100.0, "priority_category": "HIGH PRIORITY", "threshold_type": "95th percentile prioritisation threshold", "recommendation": "Spectral-stress evidence detected. Prioritise field inspection to determine the underlying cause. Field verification required.", "priority_rank": 326}}]}