zone_id,priority_rank,band_index,observed_mean,reference_mean_32band_only,wavelength_status
scene_01_sudan_sample-Z0015,1,1,626.7079467773438,1051.31852109375,unavailable in GeoTIFF; band index reported
scene_01_sudan_sample-Z0015,1,2,635.283203125,,unavailable in GeoTIFF; band index reported
scene_01_sudan_sample-Z0015,1,3,653.6636962890625,,unavailable in GeoTIFF; band index reported
scene_01_sudan_sample-Z0015,1,4,689.50439453125,,unavailable in GeoTIFF; band index reported
scene_01_sudan_sample-Z0015,1,5,730.6902465820312,,unavailable in GeoTIFF; band index reported
scene_01_sudan_sample-Z0015,1,6,741.8495483398438,,unavailable in GeoTIFF; band index reported
scene_01_sudan_sample-Z0015,1,7,768.8495483398438,,unavailable in GeoTIFF; band index reported
scene_01_sudan_sample-Z0015,1,8,796.0619506835938,1373.8755863281249,unavailable in GeoTIFF; band index reported
scene_01_sudan_sample-Z0015,1,9,805.92919921875,,unavailable in GeoTIFF; band index reported
scene_01_sudan_sample-Z0015,1,10,832.6990966796875,,unavailable in GeoTIFF; band index reported
scene_01_sudan_sample-Z0015,1,11,838.92919921875,,unavailable in GeoTIFF; band index reported
scene_01_sudan_sample-Z0015,1,12,845.1858520507812,,unavailable in GeoTIFF; band index reported
scene_01_sudan_sample-Z0015,1,13,864.6194458007812,,unavailable in GeoTIFF; band index reported
scene_01_sudan_sample-Z0015,1,14,895.5309448242188,,unavailable in GeoTIFF; band index reported
scene_01_sudan_sample-Z0015,1,15,912.4425048828125,1574.3386001953124,unavailable in GeoTIFF; band index reported
scene_01_sudan_sample-Z0015,1,16,923.0619506835938,,unavailable in GeoTIFF; band index reported
scene_01_sudan_sample-Z0015,1,17,950.0442504882812,,unavailable in GeoTIFF; band index reported
scene_01_sudan_sample-Z0015,1,18,976.9557495117188,,unavailable in GeoTIFF; band index reported
scene_01_sudan_sample-Z0015,1,19,1000.8672485351562,,unavailable in GeoTIFF; band index reported
scene_01_sudan_sample-Z0015,1,20,1038.1326904296875,,unavailable in GeoTIFF; band index reported
scene_01_sudan_sample-Z0015,1,21,1072.6195068359375,,unavailable in GeoTIFF; band index reported
scene_01_sudan_sample-Z0015,1,22,1104.610595703125,1951.21945,unavailable in GeoTIFF; band index reported
scene_01_sudan_sample-Z0015,1,23,1134.8052978515625,,unavailable in GeoTIFF; band index reported
scene_01_sudan_sample-Z0015,1,24,1175.3096923828125,,unavailable in GeoTIFF; band index reported
scene_01_sudan_sample-Z0015,1,25,1213.5487060546875,,unavailable in GeoTIFF; band index reported
scene_01_sudan_sample-Z0015,1,26,1264.50439453125,,unavailable in GeoTIFF; band index reported
scene_01_sudan_sample-Z0015,1,27,1309.5841064453125,,unavailable in GeoTIFF; band index reported
scene_01_sudan_sample-Z0015,1,28,1351.4248046875,,unavailable in GeoTIFF; band index reported
scene_01_sudan_sample-Z0015,1,29,1403.2388916015625,2484.001474609375,unavailable in GeoTIFF; band index reported
scene_01_sudan_sample-Z0015,1,30,1451.63720703125,,unavailable in GeoTIFF; band index reported
scene_01_sudan_sample-Z0015,1,31,1516.601806640625,,unavailable in GeoTIFF; band index reported
scene_01_sudan_sample-Z0015,1,32,1558.9822998046875,,unavailable in GeoTIFF; band index reported
scene_01_sudan_sample-Z0015,1,33,1613.035400390625,,unavailable in GeoTIFF; band index reported
scene_01_sudan_sample-Z0015,1,34,1662.256591796875,,unavailable in GeoTIFF; band index reported
scene_01_sudan_sample-Z0015,1,35,1707.77880859375,,unavailable in GeoTIFF; band index reported
scene_01_sudan_sample-Z0015,1,36,1751.2301025390625,3099.962441796875,unavailable in GeoTIFF; band index reported
scene_01_sudan_sample-Z0015,1,37,1797.539794921875,,unavailable in GeoTIFF; band index reported
scene_01_sudan_sample-Z0015,1,38,1833.035400390625,,unavailable in GeoTIFF; band index reported
scene_01_sudan_sample-Z0015,1,39,1861.4779052734375,,unavailable in GeoTIFF; band index reported
scene_01_sudan_sample-Z0015,1,40,1884.4425048828125,,unavailable in GeoTIFF; band index reported
scene_01_sudan_sample-Z0015,1,41,1922.92919921875,,unavailable in GeoTIFF; band index reported
scene_01_sudan_sample-Z0015,1,42,1939.8052978515625,,unavailable in GeoTIFF; band index reported
scene_01_sudan_sample-Z0015,1,43,1960.3804931640625,,unavailable in GeoTIFF; band index reported
scene_01_sudan_sample-Z0015,1,44,1993.4158935546875,3472.53658828125,unavailable in GeoTIFF; band index reported
scene_01_sudan_sample-Z0015,1,45,2021.893798828125,,unavailable in GeoTIFF; band index reported
scene_01_sudan_sample-Z0015,1,46,2049.017578125,,unavailable in GeoTIFF; band index reported
scene_01_sudan_sample-Z0015,1,47,2069.593017578125,,unavailable in GeoTIFF; band index reported
scene_01_sudan_sample-Z0015,1,48,2093.309814453125,,unavailable in GeoTIFF; band index reported
scene_01_sudan_sample-Z0015,1,49,2123.619384765625,,unavailable in GeoTIFF; band index reported
scene_01_sudan_sample-Z0015,1,50,2126.0087890625,,unavailable in GeoTIFF; band index reported
scene_01_sudan_sample-Z0015,1,51,2176.822998046875,3737.443991796875,unavailable in GeoTIFF; band index reported
scene_01_sudan_sample-Z0015,1,52,2196.389404296875,,unavailable in GeoTIFF; band index reported
scene_01_sudan_sample-Z0015,1,53,2220.37158203125,,unavailable in GeoTIFF; band index reported
scene_01_sudan_sample-Z0015,1,54,2244.4423828125,,unavailable in GeoTIFF; band index reported
scene_01_sudan_sample-Z0015,1,55,2273.239013671875,,unavailable in GeoTIFF; band index reported
scene_01_sudan_sample-Z0015,1,56,2321.20361328125,,unavailable in GeoTIFF; band index reported
scene_01_sudan_sample-Z0015,1,57,2360.902587890625,,unavailable in GeoTIFF; band index reported
scene_01_sudan_sample-Z0015,1,58,2369.8583984375,3988.527532421875,unavailable in GeoTIFF; band index reported
scene_01_sudan_sample-Z0015,1,59,2394.37158203125,,unavailable in GeoTIFF; band index reported
scene_01_sudan_sample-Z0015,1,60,2404.123779296875,,unavailable in GeoTIFF; band index reported
scene_01_sudan_sample-Z0015,1,61,2488.026611328125,,unavailable in GeoTIFF; band index reported
scene_01_sudan_sample-Z0015,1,62,2283.50439453125,,unavailable in GeoTIFF; band index reported
scene_01_sudan_sample-Z0015,1,63,2496.43359375,,unavailable in GeoTIFF; band index reported
scene_01_sudan_sample-Z0015,1,64,2541.9912109375,,unavailable in GeoTIFF; band index reported
scene_01_sudan_sample-Z0015,1,65,2569.07958984375,4143.603513281249,unavailable in GeoTIFF; band index reported
scene_01_sudan_sample-Z0015,1,66,2588.92041015625,,unavailable in GeoTIFF; band index reported
scene_01_sudan_sample-Z0015,1,67,2614.1416015625,,unavailable in GeoTIFF; band index reported
scene_01_sudan_sample-Z0015,1,68,2655.114990234375,,unavailable in GeoTIFF; band index reported
scene_01_sudan_sample-Z0015,1,69,2672.43359375,,unavailable in GeoTIFF; band index reported
scene_01_sudan_sample-Z0015,1,70,2689.114990234375,,unavailable in GeoTIFF; band index reported
scene_01_sudan_sample-Z0015,1,71,2663.468994140625,,unavailable in GeoTIFF; band index reported
scene_01_sudan_sample-Z0015,1,72,2686.026611328125,4186.1982234375,unavailable in GeoTIFF; band index reported
scene_01_sudan_sample-Z0015,1,73,2711.43359375,,unavailable in GeoTIFF; band index reported
scene_01_sudan_sample-Z0015,1,74,2691.468994140625,,unavailable in GeoTIFF; band index reported
scene_01_sudan_sample-Z0015,1,75,2744.672607421875,,unavailable in GeoTIFF; band index reported
scene_01_sudan_sample-Z0015,1,76,2726.318603515625,,unavailable in GeoTIFF; band index reported
scene_01_sudan_sample-Z0015,1,77,2758.35400390625,,unavailable in GeoTIFF; band index reported
scene_01_sudan_sample-Z0015,1,78,2781.239013671875,,unavailable in GeoTIFF; band index reported
scene_01_sudan_sample-Z0015,1,79,2780.885009765625,,unavailable in GeoTIFF; band index reported
scene_01_sudan_sample-Z0015,1,80,2852.20361328125,4205.03314921875,unavailable in GeoTIFF; band index reported
scene_01_sudan_sample-Z0015,1,81,2793.460205078125,,unavailable in GeoTIFF; band index reported
scene_01_sudan_sample-Z0015,1,82,2853.37158203125,,unavailable in GeoTIFF; band index reported
scene_01_sudan_sample-Z0015,1,83,2772.8583984375,,unavailable in GeoTIFF; band index reported
scene_01_sudan_sample-Z0015,1,84,2670.06201171875,,unavailable in GeoTIFF; band index reported
scene_01_sudan_sample-Z0015,1,85,2895.1591796875,,unavailable in GeoTIFF; band index reported
scene_01_sudan_sample-Z0015,1,86,2840.964599609375,,unavailable in GeoTIFF; band index reported
scene_01_sudan_sample-Z0015,1,87,2781.123779296875,4028.167868359375,unavailable in GeoTIFF; band index reported
scene_01_sudan_sample-Z0015,1,88,2959.017578125,,unavailable in GeoTIFF; band index reported
scene_01_sudan_sample-Z0015,1,89,2979.51318359375,,unavailable in GeoTIFF; band index reported
scene_01_sudan_sample-Z0015,1,90,2959.265380859375,,unavailable in GeoTIFF; band index reported
scene_01_sudan_sample-Z0015,1,91,2946.309814453125,,unavailable in GeoTIFF; band index reported
scene_01_sudan_sample-Z0015,1,92,2870.4423828125,,unavailable in GeoTIFF; band index reported
scene_01_sudan_sample-Z0015,1,93,2830.56640625,,unavailable in GeoTIFF; band index reported
scene_01_sudan_sample-Z0015,1,94,2955.743408203125,4274.172117968749,unavailable in GeoTIFF; band index reported
scene_01_sudan_sample-Z0015,1,95,2913.49560546875,,unavailable in GeoTIFF; band index reported
scene_01_sudan_sample-Z0015,1,96,3005.814208984375,,unavailable in GeoTIFF; band index reported
scene_01_sudan_sample-Z0015,1,97,2931.1591796875,,unavailable in GeoTIFF; band index reported
scene_01_sudan_sample-Z0015,1,98,3036.389404296875,,unavailable in GeoTIFF; band index reported
scene_01_sudan_sample-Z0015,1,99,2947.752197265625,,unavailable in GeoTIFF; band index reported
scene_01_sudan_sample-Z0015,1,100,3057.716796875,,unavailable in GeoTIFF; band index reported
scene_01_sudan_sample-Z0015,1,101,2951.601806640625,4253.874341406249,unavailable in GeoTIFF; band index reported
scene_01_sudan_sample-Z0015,1,102,3081.9912109375,,unavailable in GeoTIFF; band index reported
scene_01_sudan_sample-Z0015,1,103,3113.035400390625,,unavailable in GeoTIFF; band index reported
scene_01_sudan_sample-Z0015,1,104,3132.681396484375,,unavailable in GeoTIFF; band index reported
scene_01_sudan_sample-Z0015,1,105,3152.460205078125,,unavailable in GeoTIFF; band index reported
scene_01_sudan_sample-Z0015,1,106,3169.2919921875,,unavailable in GeoTIFF; band index reported
scene_01_sudan_sample-Z0015,1,107,3200.239013671875,,unavailable in GeoTIFF; band index reported
scene_01_sudan_sample-Z0015,1,108,3233.663818359375,4505.796640625,unavailable in GeoTIFF; band index reported
scene_01_sudan_sample-Z0015,1,109,3255.56640625,,unavailable in GeoTIFF; band index reported
scene_01_sudan_sample-Z0015,1,110,3289.77001953125,,unavailable in GeoTIFF; band index reported
scene_01_sudan_sample-Z0015,1,111,3313.619384765625,,unavailable in GeoTIFF; band index reported
scene_01_sudan_sample-Z0015,1,112,3253.716796875,,unavailable in GeoTIFF; band index reported
scene_01_sudan_sample-Z0015,1,113,3464.1328125,,unavailable in GeoTIFF; band index reported
scene_01_sudan_sample-Z0015,1,114,3453.9912109375,,unavailable in GeoTIFF; band index reported
scene_01_sudan_sample-Z0015,1,115,3418.752197265625,,unavailable in GeoTIFF; band index reported
scene_01_sudan_sample-Z0015,1,116,3450.522216796875,4733.02136953125,unavailable in GeoTIFF; band index reported
scene_01_sudan_sample-Z0015,1,117,3508.531005859375,,unavailable in GeoTIFF; band index reported
scene_01_sudan_sample-Z0015,1,118,3574.451416015625,,unavailable in GeoTIFF; band index reported
scene_01_sudan_sample-Z0015,1,119,3591.06201171875,,unavailable in GeoTIFF; band index reported
scene_01_sudan_sample-Z0015,1,120,3608.973388671875,,unavailable in GeoTIFF; band index reported
scene_01_sudan_sample-Z0015,1,121,3635.964599609375,,unavailable in GeoTIFF; band index reported
scene_01_sudan_sample-Z0015,1,122,3652.93798828125,,unavailable in GeoTIFF; band index reported
scene_01_sudan_sample-Z0015,1,123,3676.893798828125,4989.78783046875,unavailable in GeoTIFF; band index reported
scene_01_sudan_sample-Z0015,1,124,3713.849609375,,unavailable in GeoTIFF; band index reported
scene_01_sudan_sample-Z0015,1,125,3781.964599609375,,unavailable in GeoTIFF; band index reported
scene_01_sudan_sample-Z0015,1,126,3752.256591796875,,unavailable in GeoTIFF; band index reported
scene_01_sudan_sample-Z0015,1,127,3733.36279296875,,unavailable in GeoTIFF; band index reported
scene_01_sudan_sample-Z0015,1,128,3742.902587890625,,unavailable in GeoTIFF; band index reported
scene_01_sudan_sample-Z0015,1,129,3730.539794921875,,unavailable in GeoTIFF; band index reported
scene_01_sudan_sample-Z0015,1,130,3708.672607421875,5089.9508171874995,unavailable in GeoTIFF; band index reported
scene_01_sudan_sample-Z0015,1,131,-32768.0,,unavailable in GeoTIFF; band index reported
scene_01_sudan_sample-Z0015,1,132,-32768.0,,unavailable in GeoTIFF; band index reported
scene_01_sudan_sample-Z0015,1,133,-32768.0,,unavailable in GeoTIFF; band index reported
scene_01_sudan_sample-Z0015,1,134,-32768.0,,unavailable in GeoTIFF; band index reported
scene_01_sudan_sample-Z0015,1,135,-32768.0,,unavailable in GeoTIFF; band index reported
scene_01_sudan_sample-Z0015,1,136,3867.56640625,,unavailable in GeoTIFF; band index reported
scene_01_sudan_sample-Z0015,1,137,3894.610595703125,5206.2419515625,unavailable in GeoTIFF; band index reported
scene_01_sudan_sample-Z0015,1,138,3865.947021484375,,unavailable in GeoTIFF; band index reported
scene_01_sudan_sample-Z0015,1,139,3891.522216796875,,unavailable in GeoTIFF; band index reported
scene_01_sudan_sample-Z0015,1,140,3930.885009765625,,unavailable in GeoTIFF; band index reported
scene_01_sudan_sample-Z0015,1,141,3982.0,,unavailable in GeoTIFF; band index reported
scene_01_sudan_sample-Z0015,1,142,4005.9912109375,,unavailable in GeoTIFF; band index reported
scene_01_sudan_sample-Z0015,1,143,4006.77001953125,,unavailable in GeoTIFF; band index reported
scene_01_sudan_sample-Z0015,1,144,4021.239013671875,5244.2225421875,unavailable in GeoTIFF; band index reported
scene_01_sudan_sample-Z0015,1,145,4042.672607421875,,unavailable in GeoTIFF; band index reported
scene_01_sudan_sample-Z0015,1,146,4042.92919921875,,unavailable in GeoTIFF; band index reported
scene_01_sudan_sample-Z0015,1,147,4063.150390625,,unavailable in GeoTIFF; band index reported
scene_01_sudan_sample-Z0015,1,148,4070.91162109375,,unavailable in GeoTIFF; band index reported
scene_01_sudan_sample-Z0015,1,149,4072.168212890625,,unavailable in GeoTIFF; band index reported
scene_01_sudan_sample-Z0015,1,150,4092.8408203125,,unavailable in GeoTIFF; band index reported
scene_01_sudan_sample-Z0015,1,151,4095.21240234375,,unavailable in GeoTIFF; band index reported
scene_01_sudan_sample-Z0015,1,152,4089.43359375,5271.1466234375,unavailable in GeoTIFF; band index reported
scene_01_sudan_sample-Z0015,1,153,4088.48681640625,,unavailable in GeoTIFF; band index reported
scene_01_sudan_sample-Z0015,1,154,4108.18603515625,,unavailable in GeoTIFF; band index reported
scene_01_sudan_sample-Z0015,1,155,4098.4248046875,,unavailable in GeoTIFF; band index reported
scene_01_sudan_sample-Z0015,1,156,4119.0087890625,,unavailable in GeoTIFF; band index reported
scene_01_sudan_sample-Z0015,1,157,4116.5576171875,,unavailable in GeoTIFF; band index reported
scene_01_sudan_sample-Z0015,1,158,4116.38037109375,,unavailable in GeoTIFF; band index reported
scene_01_sudan_sample-Z0015,1,159,4124.1416015625,5275.7220875,unavailable in GeoTIFF; band index reported
scene_01_sudan_sample-Z0015,1,160,4124.32763671875,,unavailable in GeoTIFF; band index reported
scene_01_sudan_sample-Z0015,1,161,4107.1416015625,,unavailable in GeoTIFF; band index reported
scene_01_sudan_sample-Z0015,1,162,4114.04443359375,,unavailable in GeoTIFF; band index reported
scene_01_sudan_sample-Z0015,1,163,4107.07080078125,,unavailable in GeoTIFF; band index reported
scene_01_sudan_sample-Z0015,1,164,4068.8408203125,,unavailable in GeoTIFF; band index reported
scene_01_sudan_sample-Z0015,1,165,4039.9912109375,,unavailable in GeoTIFF; band index reported
scene_01_sudan_sample-Z0015,1,166,3939.168212890625,5042.5862859375,unavailable in GeoTIFF; band index reported
scene_01_sudan_sample-Z0015,1,167,3553.663818359375,,unavailable in GeoTIFF; band index reported
scene_01_sudan_sample-Z0015,1,168,3709.34521484375,,unavailable in GeoTIFF; band index reported
scene_01_sudan_sample-Z0015,1,169,3802.1328125,,unavailable in GeoTIFF; band index reported
scene_01_sudan_sample-Z0015,1,170,3524.69921875,,unavailable in GeoTIFF; band index reported
scene_01_sudan_sample-Z0015,1,171,3163.805419921875,,unavailable in GeoTIFF; band index reported
scene_01_sudan_sample-Z0015,1,172,3370.06201171875,,unavailable in GeoTIFF; band index reported
scene_01_sudan_sample-Z0015,1,173,3718.734619140625,4975.848425,unavailable in GeoTIFF; band index reported
scene_01_sudan_sample-Z0015,1,174,3856.92041015625,,unavailable in GeoTIFF; band index reported
scene_01_sudan_sample-Z0015,1,175,3904.185791015625,,unavailable in GeoTIFF; band index reported
scene_01_sudan_sample-Z0015,1,176,3744.5751953125,,unavailable in GeoTIFF; band index reported
scene_01_sudan_sample-Z0015,1,177,3816.468994140625,,unavailable in GeoTIFF; band index reported
scene_01_sudan_sample-Z0015,1,178,3785.752197265625,,unavailable in GeoTIFF; band index reported
scene_01_sudan_sample-Z0015,1,179,3851.035400390625,,unavailable in GeoTIFF; band index reported
scene_01_sudan_sample-Z0015,1,180,3783.07080078125,5093.39304375,unavailable in GeoTIFF; band index reported
scene_01_sudan_sample-Z0015,1,181,3764.8671875,,unavailable in GeoTIFF; band index reported
scene_01_sudan_sample-Z0015,1,182,3782.247802734375,,unavailable in GeoTIFF; band index reported
scene_01_sudan_sample-Z0015,1,183,3709.734619140625,,unavailable in GeoTIFF; band index reported
scene_01_sudan_sample-Z0015,1,184,3715.65478515625,,unavailable in GeoTIFF; band index reported
scene_01_sudan_sample-Z0015,1,185,3666.672607421875,,unavailable in GeoTIFF; band index reported
scene_01_sudan_sample-Z0015,1,186,3572.2744140625,,unavailable in GeoTIFF; band index reported
scene_01_sudan_sample-Z0015,1,187,3401.451416015625,,unavailable in GeoTIFF; band index reported
scene_01_sudan_sample-Z0015,1,188,3248.822998046875,4880.5461171874995,unavailable in GeoTIFF; band index reported
scene_01_sudan_sample-Z0015,1,189,3175.876220703125,,unavailable in GeoTIFF; band index reported
scene_01_sudan_sample-Z0015,1,190,3172.0,,unavailable in GeoTIFF; band index reported
scene_01_sudan_sample-Z0015,1,191,3170.78759765625,,unavailable in GeoTIFF; band index reported
scene_01_sudan_sample-Z0015,1,192,3099.63720703125,,unavailable in GeoTIFF; band index reported
scene_01_sudan_sample-Z0015,1,193,2986.052978515625,,unavailable in GeoTIFF; band index reported
scene_01_sudan_sample-Z0015,1,194,2861.814208984375,,unavailable in GeoTIFF; band index reported
scene_01_sudan_sample-Z0015,1,195,3096.4248046875,4601.84051796875,unavailable in GeoTIFF; band index reported
scene_01_sudan_sample-Z0015,1,196,3270.876220703125,,unavailable in GeoTIFF; band index reported
scene_01_sudan_sample-Z0015,1,197,3298.805419921875,,unavailable in GeoTIFF; band index reported
scene_01_sudan_sample-Z0015,1,198,3264.477783203125,,unavailable in GeoTIFF; band index reported
scene_01_sudan_sample-Z0015,1,199,3249.026611328125,,unavailable in GeoTIFF; band index reported
scene_01_sudan_sample-Z0015,1,200,3237.77880859375,,unavailable in GeoTIFF; band index reported
scene_01_sudan_sample-Z0015,1,201,3220.097412109375,,unavailable in GeoTIFF; band index reported
scene_01_sudan_sample-Z0015,1,202,3183.398193359375,4609.6515,unavailable in GeoTIFF; band index reported
scene_01_sudan_sample-Z0015,1,203,3147.62841796875,,unavailable in GeoTIFF; band index reported
scene_01_sudan_sample-Z0015,1,204,3079.77880859375,,unavailable in GeoTIFF; band index reported
scene_01_sudan_sample-Z0015,1,205,3022.831787109375,,unavailable in GeoTIFF; band index reported
scene_01_sudan_sample-Z0015,1,206,3014.50439453125,,unavailable in GeoTIFF; band index reported
scene_01_sudan_sample-Z0015,1,207,2921.583984375,,unavailable in GeoTIFF; band index reported
scene_01_sudan_sample-Z0015,1,208,2922.30078125,,unavailable in GeoTIFF; band index reported
scene_01_sudan_sample-Z0015,1,209,2914.5576171875,4314.72705078125,unavailable in GeoTIFF; band index reported
scene_01_sudan_sample-Z0015,1,210,2871.7080078125,,unavailable in GeoTIFF; band index reported
scene_01_sudan_sample-Z0015,1,211,2822.256591796875,,unavailable in GeoTIFF; band index reported
scene_01_sudan_sample-Z0015,1,212,2832.77001953125,,unavailable in GeoTIFF; band index reported
scene_01_sudan_sample-Z0015,1,213,2847.2919921875,,unavailable in GeoTIFF; band index reported
scene_01_sudan_sample-Z0015,1,214,2795.1328125,,unavailable in GeoTIFF; band index reported
scene_01_sudan_sample-Z0015,1,215,2769.123779296875,,unavailable in GeoTIFF; band index reported
scene_01_sudan_sample-Z0015,1,216,2712.93798828125,4108.290174609376,unavailable in GeoTIFF; band index reported
scene_01_sudan_sample-Z0015,1,217,2730.9912109375,,unavailable in GeoTIFF; band index reported
scene_01_sudan_sample-Z0015,1,218,2745.752197265625,,unavailable in GeoTIFF; band index reported
scene_01_sudan_sample-Z0015,1,219,2708.78759765625,,unavailable in GeoTIFF; band index reported
scene_01_sudan_sample-Z0015,1,220,2623.78759765625,,unavailable in GeoTIFF; band index reported
scene_01_sudan_sample-Z0015,1,221,2666.672607421875,,unavailable in GeoTIFF; band index reported
scene_01_sudan_sample-Z0015,1,222,2607.283203125,,unavailable in GeoTIFF; band index reported
scene_01_sudan_sample-Z0015,1,223,2610.36279296875,,unavailable in GeoTIFF; band index reported
scene_01_sudan_sample-Z0015,1,224,2477.468994140625,3667.62747109375,unavailable in GeoTIFF; band index reported
scene_01_sudan_sample-Z0004,2,1,715.4873657226562,1051.31852109375,unavailable in GeoTIFF; band index reported
scene_01_sudan_sample-Z0004,2,2,729.5630493164062,,unavailable in GeoTIFF; band index reported
scene_01_sudan_sample-Z0004,2,3,759.9075927734375,,unavailable in GeoTIFF; band index reported
scene_01_sudan_sample-Z0004,2,4,787.6134643554688,,unavailable in GeoTIFF; band index reported
scene_01_sudan_sample-Z0004,2,5,830.0167846679688,,unavailable in GeoTIFF; band index reported
scene_01_sudan_sample-Z0004,2,6,852.7142944335938,,unavailable in GeoTIFF; band index reported
scene_01_sudan_sample-Z0004,2,7,888.218505859375,,unavailable in GeoTIFF; band index reported
scene_01_sudan_sample-Z0004,2,8,911.0419921875,1373.8755863281249,unavailable in GeoTIFF; band index reported
scene_01_sudan_sample-Z0004,2,9,925.1344604492188,,unavailable in GeoTIFF; band index reported
scene_01_sudan_sample-Z0004,2,10,945.0336303710938,,unavailable in GeoTIFF; band index reported
scene_01_sudan_sample-Z0004,2,11,956.899169921875,,unavailable in GeoTIFF; band index reported
scene_01_sudan_sample-Z0004,2,12,963.9159545898438,,unavailable in GeoTIFF; band index reported
scene_01_sudan_sample-Z0004,2,13,985.52099609375,,unavailable in GeoTIFF; band index reported
scene_01_sudan_sample-Z0004,2,14,1017.2268676757812,,unavailable in GeoTIFF; band index reported
scene_01_sudan_sample-Z0004,2,15,1035.184814453125,1574.3386001953124,unavailable in GeoTIFF; band index reported
scene_01_sudan_sample-Z0004,2,16,1054.9915771484375,,unavailable in GeoTIFF; band index reported
scene_01_sudan_sample-Z0004,2,17,1083.0419921875,,unavailable in GeoTIFF; band index reported
scene_01_sudan_sample-Z0004,2,18,1112.184814453125,,unavailable in GeoTIFF; band index reported
scene_01_sudan_sample-Z0004,2,19,1142.6890869140625,,unavailable in GeoTIFF; band index reported
scene_01_sudan_sample-Z0004,2,20,1181.9747314453125,,unavailable in GeoTIFF; band index reported
scene_01_sudan_sample-Z0004,2,21,1220.43701171875,,unavailable in GeoTIFF; band index reported
scene_01_sudan_sample-Z0004,2,22,1248.941162109375,1951.21945,unavailable in GeoTIFF; band index reported
scene_01_sudan_sample-Z0004,2,23,1294.92431640625,,unavailable in GeoTIFF; band index reported
scene_01_sudan_sample-Z0004,2,24,1335.43701171875,,unavailable in GeoTIFF; band index reported
scene_01_sudan_sample-Z0004,2,25,1386.4285888671875,,unavailable in GeoTIFF; band index reported
scene_01_sudan_sample-Z0004,2,26,1438.495849609375,,unavailable in GeoTIFF; band index reported
scene_01_sudan_sample-Z0004,2,27,1488.420166015625,,unavailable in GeoTIFF; band index reported
scene_01_sudan_sample-Z0004,2,28,1534.92431640625,,unavailable in GeoTIFF; band index reported
scene_01_sudan_sample-Z0004,2,29,1596.3529052734375,2484.001474609375,unavailable in GeoTIFF; band index reported
scene_01_sudan_sample-Z0004,2,30,1653.4705810546875,,unavailable in GeoTIFF; band index reported
scene_01_sudan_sample-Z0004,2,31,1721.100830078125,,unavailable in GeoTIFF; band index reported
scene_01_sudan_sample-Z0004,2,32,1779.9747314453125,,unavailable in GeoTIFF; band index reported
scene_01_sudan_sample-Z0004,2,33,1825.9327392578125,,unavailable in GeoTIFF; band index reported
scene_01_sudan_sample-Z0004,2,34,1885.2520751953125,,unavailable in GeoTIFF; band index reported
scene_01_sudan_sample-Z0004,2,35,1939.495849609375,,unavailable in GeoTIFF; band index reported
scene_01_sudan_sample-Z0004,2,36,1982.9495849609375,3099.962441796875,unavailable in GeoTIFF; band index reported
scene_01_sudan_sample-Z0004,2,37,2034.1343994140625,,unavailable in GeoTIFF; band index reported
scene_01_sudan_sample-Z0004,2,38,2077.5546875,,unavailable in GeoTIFF; band index reported
scene_01_sudan_sample-Z0004,2,39,2109.655517578125,,unavailable in GeoTIFF; band index reported
scene_01_sudan_sample-Z0004,2,40,2132.109130859375,,unavailable in GeoTIFF; band index reported
scene_01_sudan_sample-Z0004,2,41,2171.529296875,,unavailable in GeoTIFF; band index reported
scene_01_sudan_sample-Z0004,2,42,2192.64697265625,,unavailable in GeoTIFF; band index reported
scene_01_sudan_sample-Z0004,2,43,2204.016845703125,,unavailable in GeoTIFF; band index reported
scene_01_sudan_sample-Z0004,2,44,2241.9580078125,3472.53658828125,unavailable in GeoTIFF; band index reported
scene_01_sudan_sample-Z0004,2,45,2277.07568359375,,unavailable in GeoTIFF; band index reported
scene_01_sudan_sample-Z0004,2,46,2301.058837890625,,unavailable in GeoTIFF; band index reported
scene_01_sudan_sample-Z0004,2,47,2316.050537109375,,unavailable in GeoTIFF; band index reported
scene_01_sudan_sample-Z0004,2,48,2346.28564453125,,unavailable in GeoTIFF; band index reported
scene_01_sudan_sample-Z0004,2,49,2368.9580078125,,unavailable in GeoTIFF; band index reported
scene_01_sudan_sample-Z0004,2,50,2373.210205078125,,unavailable in GeoTIFF; band index reported
scene_01_sudan_sample-Z0004,2,51,2441.92431640625,3737.443991796875,unavailable in GeoTIFF; band index reported
scene_01_sudan_sample-Z0004,2,52,2443.865478515625,,unavailable in GeoTIFF; band index reported
scene_01_sudan_sample-Z0004,2,53,2478.386474609375,,unavailable in GeoTIFF; band index reported
scene_01_sudan_sample-Z0004,2,54,2492.268798828125,,unavailable in GeoTIFF; band index reported
scene_01_sudan_sample-Z0004,2,55,2523.428466796875,,unavailable in GeoTIFF; band index reported
scene_01_sudan_sample-Z0004,2,56,2589.571533203125,,unavailable in GeoTIFF; band index reported
scene_01_sudan_sample-Z0004,2,57,2621.96630859375,,unavailable in GeoTIFF; band index reported
scene_01_sudan_sample-Z0004,2,58,2629.344482421875,3988.527532421875,unavailable in GeoTIFF; band index reported
scene_01_sudan_sample-Z0004,2,59,2645.949462890625,,unavailable in GeoTIFF; band index reported
scene_01_sudan_sample-Z0004,2,60,2646.857177734375,,unavailable in GeoTIFF; band index reported
scene_01_sudan_sample-Z0004,2,61,2728.32763671875,,unavailable in GeoTIFF; band index reported
scene_01_sudan_sample-Z0004,2,62,2533.7646484375,,unavailable in GeoTIFF; band index reported
scene_01_sudan_sample-Z0004,2,63,2726.941162109375,,unavailable in GeoTIFF; band index reported
scene_01_sudan_sample-Z0004,2,64,2773.03369140625,,unavailable in GeoTIFF; band index reported
scene_01_sudan_sample-Z0004,2,65,2794.420166015625,4143.603513281249,unavailable in GeoTIFF; band index reported
scene_01_sudan_sample-Z0004,2,66,2811.24365234375,,unavailable in GeoTIFF; band index reported
scene_01_sudan_sample-Z0004,2,67,2821.72265625,,unavailable in GeoTIFF; band index reported
scene_01_sudan_sample-Z0004,2,68,2855.226806640625,,unavailable in GeoTIFF; band index reported
scene_01_sudan_sample-Z0004,2,69,2883.058837890625,,unavailable in GeoTIFF; band index reported
scene_01_sudan_sample-Z0004,2,70,2878.56298828125,,unavailable in GeoTIFF; band index reported
scene_01_sudan_sample-Z0004,2,71,2873.789794921875,,unavailable in GeoTIFF; band index reported
scene_01_sudan_sample-Z0004,2,72,2858.4453125,4186.1982234375,unavailable in GeoTIFF; band index reported
scene_01_sudan_sample-Z0004,2,73,2889.00830078125,,unavailable in GeoTIFF; band index reported
scene_01_sudan_sample-Z0004,2,74,2855.025146484375,,unavailable in GeoTIFF; band index reported
scene_01_sudan_sample-Z0004,2,75,2877.705810546875,,unavailable in GeoTIFF; band index reported
scene_01_sudan_sample-Z0004,2,76,2897.411865234375,,unavailable in GeoTIFF; band index reported
scene_01_sudan_sample-Z0004,2,77,2878.344482421875,,unavailable in GeoTIFF; band index reported
scene_01_sudan_sample-Z0004,2,78,2925.67236328125,,unavailable in GeoTIFF; band index reported
scene_01_sudan_sample-Z0004,2,79,2944.68896484375,,unavailable in GeoTIFF; band index reported
scene_01_sudan_sample-Z0004,2,80,2961.462158203125,4205.03314921875,unavailable in GeoTIFF; band index reported
scene_01_sudan_sample-Z0004,2,81,2919.739501953125,,unavailable in GeoTIFF; band index reported
scene_01_sudan_sample-Z0004,2,82,2956.1259765625,,unavailable in GeoTIFF; band index reported
scene_01_sudan_sample-Z0004,2,83,2886.226806640625,,unavailable in GeoTIFF; band index reported
scene_01_sudan_sample-Z0004,2,84,2769.63037109375,,unavailable in GeoTIFF; band index reported
scene_01_sudan_sample-Z0004,2,85,2993.815185546875,,unavailable in GeoTIFF; band index reported
scene_01_sudan_sample-Z0004,2,86,2904.899169921875,,unavailable in GeoTIFF; band index reported
scene_01_sudan_sample-Z0004,2,87,2870.857177734375,4028.167868359375,unavailable in GeoTIFF; band index reported
scene_01_sudan_sample-Z0004,2,88,3054.07568359375,,unavailable in GeoTIFF; band index reported
scene_01_sudan_sample-Z0004,2,89,3078.07568359375,,unavailable in GeoTIFF; band index reported
scene_01_sudan_sample-Z0004,2,90,3085.32763671875,,unavailable in GeoTIFF; band index reported
scene_01_sudan_sample-Z0004,2,91,3036.03369140625,,unavailable in GeoTIFF; band index reported
scene_01_sudan_sample-Z0004,2,92,2998.5126953125,,unavailable in GeoTIFF; band index reported
scene_01_sudan_sample-Z0004,2,93,2921.344482421875,,unavailable in GeoTIFF; band index reported
scene_01_sudan_sample-Z0004,2,94,3040.050537109375,4274.172117968749,unavailable in GeoTIFF; band index reported
scene_01_sudan_sample-Z0004,2,95,2999.84033203125,,unavailable in GeoTIFF; band index reported
scene_01_sudan_sample-Z0004,2,96,3080.949462890625,,unavailable in GeoTIFF; band index reported
scene_01_sudan_sample-Z0004,2,97,3027.75634765625,,unavailable in GeoTIFF; band index reported
scene_01_sudan_sample-Z0004,2,98,3103.302490234375,,unavailable in GeoTIFF; band index reported
scene_01_sudan_sample-Z0004,2,99,3045.184814453125,,unavailable in GeoTIFF; band index reported
scene_01_sudan_sample-Z0004,2,100,3119.470703125,,unavailable in GeoTIFF; band index reported
scene_01_sudan_sample-Z0004,2,101,3036.462158203125,4253.874341406249,unavailable in GeoTIFF; band index reported
scene_01_sudan_sample-Z0004,2,102,3135.2353515625,,unavailable in GeoTIFF; band index reported
scene_01_sudan_sample-Z0004,2,103,3163.890869140625,,unavailable in GeoTIFF; band index reported
scene_01_sudan_sample-Z0004,2,104,3181.302490234375,,unavailable in GeoTIFF; band index reported
scene_01_sudan_sample-Z0004,2,105,3196.92431640625,,unavailable in GeoTIFF; band index reported
scene_01_sudan_sample-Z0004,2,106,3210.83203125,,unavailable in GeoTIFF; band index reported
scene_01_sudan_sample-Z0004,2,107,3237.72265625,,unavailable in GeoTIFF; band index reported
scene_01_sudan_sample-Z0004,2,108,3268.663818359375,4505.796640625,unavailable in GeoTIFF; band index reported
scene_01_sudan_sample-Z0004,2,109,3287.31103515625,,unavailable in GeoTIFF; band index reported
scene_01_sudan_sample-Z0004,2,110,3322.4873046875,,unavailable in GeoTIFF; band index reported
scene_01_sudan_sample-Z0004,2,111,3346.142822265625,,unavailable in GeoTIFF; band index reported
scene_01_sudan_sample-Z0004,2,112,3285.361328125,,unavailable in GeoTIFF; band index reported
scene_01_sudan_sample-Z0004,2,113,3507.210205078125,,unavailable in GeoTIFF; band index reported
scene_01_sudan_sample-Z0004,2,114,3493.109130859375,,unavailable in GeoTIFF; band index reported
scene_01_sudan_sample-Z0004,2,115,3456.36962890625,,unavailable in GeoTIFF; band index reported
scene_01_sudan_sample-Z0004,2,116,3484.092529296875,4733.02136953125,unavailable in GeoTIFF; band index reported
scene_01_sudan_sample-Z0004,2,117,3532.428466796875,,unavailable in GeoTIFF; band index reported
scene_01_sudan_sample-Z0004,2,118,3598.63037109375,,unavailable in GeoTIFF; band index reported
scene_01_sudan_sample-Z0004,2,119,3615.083984375,,unavailable in GeoTIFF; band index reported
scene_01_sudan_sample-Z0004,2,120,3634.83203125,,unavailable in GeoTIFF; band index reported
scene_01_sudan_sample-Z0004,2,121,3659.890869140625,,unavailable in GeoTIFF; band index reported
scene_01_sudan_sample-Z0004,2,122,3678.050537109375,,unavailable in GeoTIFF; band index reported
scene_01_sudan_sample-Z0004,2,123,3704.5126953125,4989.78783046875,unavailable in GeoTIFF; band index reported
scene_01_sudan_sample-Z0004,2,124,3738.27734375,,unavailable in GeoTIFF; band index reported
scene_01_sudan_sample-Z0004,2,125,3811.67236328125,,unavailable in GeoTIFF; band index reported
scene_01_sudan_sample-Z0004,2,126,3781.226806640625,,unavailable in GeoTIFF; band index reported
scene_01_sudan_sample-Z0004,2,127,3764.252197265625,,unavailable in GeoTIFF; band index reported
scene_01_sudan_sample-Z0004,2,128,3775.386474609375,,unavailable in GeoTIFF; band index reported
scene_01_sudan_sample-Z0004,2,129,3767.571533203125,,unavailable in GeoTIFF; band index reported
scene_01_sudan_sample-Z0004,2,130,3744.916015625,5089.9508171874995,unavailable in GeoTIFF; band index reported
scene_01_sudan_sample-Z0004,2,131,-32768.0,,unavailable in GeoTIFF; band index reported
scene_01_sudan_sample-Z0004,2,132,-32768.0,,unavailable in GeoTIFF; band index reported
scene_01_sudan_sample-Z0004,2,133,-32768.0,,unavailable in GeoTIFF; band index reported
scene_01_sudan_sample-Z0004,2,134,-32768.0,,unavailable in GeoTIFF; band index reported
scene_01_sudan_sample-Z0004,2,135,-32768.0,,unavailable in GeoTIFF; band index reported
scene_01_sudan_sample-Z0004,2,136,3953.655517578125,,unavailable in GeoTIFF; band index reported
scene_01_sudan_sample-Z0004,2,137,3950.176513671875,5206.2419515625,unavailable in GeoTIFF; band index reported
scene_01_sudan_sample-Z0004,2,138,3934.210205078125,,unavailable in GeoTIFF; band index reported
scene_01_sudan_sample-Z0004,2,139,3935.050537109375,,unavailable in GeoTIFF; band index reported
scene_01_sudan_sample-Z0004,2,140,3975.5546875,,unavailable in GeoTIFF; band index reported
scene_01_sudan_sample-Z0004,2,141,4011.613525390625,,unavailable in GeoTIFF; band index reported
scene_01_sudan_sample-Z0004,2,142,4034.75634765625,,unavailable in GeoTIFF; band index reported
scene_01_sudan_sample-Z0004,2,143,4034.899169921875,,unavailable in GeoTIFF; band index reported
scene_01_sudan_sample-Z0004,2,144,4040.142822265625,5244.2225421875,unavailable in GeoTIFF; band index reported
scene_01_sudan_sample-Z0004,2,145,4057.88232421875,,unavailable in GeoTIFF; band index reported
scene_01_sudan_sample-Z0004,2,146,4055.64697265625,,unavailable in GeoTIFF; band index reported
scene_01_sudan_sample-Z0004,2,147,4077.07568359375,,unavailable in GeoTIFF; band index reported
scene_01_sudan_sample-Z0004,2,148,4076.99169921875,,unavailable in GeoTIFF; band index reported
scene_01_sudan_sample-Z0004,2,149,4068.20166015625,,unavailable in GeoTIFF; band index reported
scene_01_sudan_sample-Z0004,2,150,4093.705810546875,,unavailable in GeoTIFF; band index reported
scene_01_sudan_sample-Z0004,2,151,4091.184814453125,,unavailable in GeoTIFF; band index reported
scene_01_sudan_sample-Z0004,2,152,4078.24365234375,5271.1466234375,unavailable in GeoTIFF; band index reported
scene_01_sudan_sample-Z0004,2,153,4074.268798828125,,unavailable in GeoTIFF; band index reported
scene_01_sudan_sample-Z0004,2,154,4092.916015625,,unavailable in GeoTIFF; band index reported
scene_01_sudan_sample-Z0004,2,155,4081.5126953125,,unavailable in GeoTIFF; band index reported
scene_01_sudan_sample-Z0004,2,156,4089.84033203125,,unavailable in GeoTIFF; band index reported
scene_01_sudan_sample-Z0004,2,157,4094.294189453125,,unavailable in GeoTIFF; band index reported
scene_01_sudan_sample-Z0004,2,158,4096.2099609375,,unavailable in GeoTIFF; band index reported
scene_01_sudan_sample-Z0004,2,159,4097.5966796875,5275.7220875,unavailable in GeoTIFF; band index reported
scene_01_sudan_sample-Z0004,2,160,4098.27734375,,unavailable in GeoTIFF; band index reported
scene_01_sudan_sample-Z0004,2,161,4085.260498046875,,unavailable in GeoTIFF; band index reported
scene_01_sudan_sample-Z0004,2,162,4073.453857421875,,unavailable in GeoTIFF; band index reported
scene_01_sudan_sample-Z0004,2,163,4086.899169921875,,unavailable in GeoTIFF; band index reported
scene_01_sudan_sample-Z0004,2,164,4052.68896484375,,unavailable in GeoTIFF; band index reported
scene_01_sudan_sample-Z0004,2,165,4006.588134765625,,unavailable in GeoTIFF; band index reported
scene_01_sudan_sample-Z0004,2,166,3908.56298828125,5042.5862859375,unavailable in GeoTIFF; band index reported
scene_01_sudan_sample-Z0004,2,167,3597.9580078125,,unavailable in GeoTIFF; band index reported
scene_01_sudan_sample-Z0004,2,168,3717.789794921875,,unavailable in GeoTIFF; band index reported
scene_01_sudan_sample-Z0004,2,169,3809.7646484375,,unavailable in GeoTIFF; band index reported
scene_01_sudan_sample-Z0004,2,170,3503.15966796875,,unavailable in GeoTIFF; band index reported
scene_01_sudan_sample-Z0004,2,171,3149.815185546875,,unavailable in GeoTIFF; band index reported
scene_01_sudan_sample-Z0004,2,172,3366.428466796875,,unavailable in GeoTIFF; band index reported
scene_01_sudan_sample-Z0004,2,173,3731.6806640625,4975.848425,unavailable in GeoTIFF; band index reported
scene_01_sudan_sample-Z0004,2,174,3844.88232421875,,unavailable in GeoTIFF; band index reported
scene_01_sudan_sample-Z0004,2,175,3889.588134765625,,unavailable in GeoTIFF; band index reported
scene_01_sudan_sample-Z0004,2,176,3717.1513671875,,unavailable in GeoTIFF; band index reported
scene_01_sudan_sample-Z0004,2,177,3802.210205078125,,unavailable in GeoTIFF; band index reported
scene_01_sudan_sample-Z0004,2,178,3769.36962890625,,unavailable in GeoTIFF; band index reported
scene_01_sudan_sample-Z0004,2,179,3832.100830078125,,unavailable in GeoTIFF; band index reported
scene_01_sudan_sample-Z0004,2,180,3771.504150390625,5093.39304375,unavailable in GeoTIFF; band index reported
scene_01_sudan_sample-Z0004,2,181,3770.52099609375,,unavailable in GeoTIFF; band index reported
scene_01_sudan_sample-Z0004,2,182,3773.067138671875,,unavailable in GeoTIFF; band index reported
scene_01_sudan_sample-Z0004,2,183,3706.39501953125,,unavailable in GeoTIFF; band index reported
scene_01_sudan_sample-Z0004,2,184,3709.294189453125,,unavailable in GeoTIFF; band index reported
scene_01_sudan_sample-Z0004,2,185,3656.378173828125,,unavailable in GeoTIFF; band index reported
scene_01_sudan_sample-Z0004,2,186,3561.60498046875,,unavailable in GeoTIFF; band index reported
scene_01_sudan_sample-Z0004,2,187,3409.462158203125,,unavailable in GeoTIFF; band index reported
scene_01_sudan_sample-Z0004,2,188,3276.470703125,4880.5461171874995,unavailable in GeoTIFF; band index reported
scene_01_sudan_sample-Z0004,2,189,3200.655517578125,,unavailable in GeoTIFF; band index reported
scene_01_sudan_sample-Z0004,2,190,3197.68896484375,,unavailable in GeoTIFF; band index reported
scene_01_sudan_sample-Z0004,2,191,3189.24365234375,,unavailable in GeoTIFF; band index reported
scene_01_sudan_sample-Z0004,2,192,3131.31103515625,,unavailable in GeoTIFF; band index reported
scene_01_sudan_sample-Z0004,2,193,3020.27734375,,unavailable in GeoTIFF; band index reported
scene_01_sudan_sample-Z0004,2,194,2894.03369140625,,unavailable in GeoTIFF; band index reported
scene_01_sudan_sample-Z0004,2,195,3110.344482421875,4601.84051796875,unavailable in GeoTIFF; band index reported
scene_01_sudan_sample-Z0004,2,196,3291.857177734375,,unavailable in GeoTIFF; band index reported
scene_01_sudan_sample-Z0004,2,197,3309.63037109375,,unavailable in GeoTIFF; band index reported
scene_01_sudan_sample-Z0004,2,198,3279.344482421875,,unavailable in GeoTIFF; band index reported
scene_01_sudan_sample-Z0004,2,199,3262.5126953125,,unavailable in GeoTIFF; band index reported
scene_01_sudan_sample-Z0004,2,200,3248.8740234375,,unavailable in GeoTIFF; band index reported
scene_01_sudan_sample-Z0004,2,201,3228.4873046875,,unavailable in GeoTIFF; band index reported
scene_01_sudan_sample-Z0004,2,202,3200.72265625,4609.6515,unavailable in GeoTIFF; band index reported
scene_01_sudan_sample-Z0004,2,203,3153.63037109375,,unavailable in GeoTIFF; band index reported
scene_01_sudan_sample-Z0004,2,204,3073.15966796875,,unavailable in GeoTIFF; band index reported
scene_01_sudan_sample-Z0004,2,205,3034.100830078125,,unavailable in GeoTIFF; band index reported
scene_01_sudan_sample-Z0004,2,206,3028.52099609375,,unavailable in GeoTIFF; band index reported
scene_01_sudan_sample-Z0004,2,207,2933.588134765625,,unavailable in GeoTIFF; band index reported
scene_01_sudan_sample-Z0004,2,208,2946.941162109375,,unavailable in GeoTIFF; band index reported
scene_01_sudan_sample-Z0004,2,209,2928.739501953125,4314.72705078125,unavailable in GeoTIFF; band index reported
scene_01_sudan_sample-Z0004,2,210,2886.134521484375,,unavailable in GeoTIFF; band index reported
scene_01_sudan_sample-Z0004,2,211,2837.71435546875,,unavailable in GeoTIFF; band index reported
scene_01_sudan_sample-Z0004,2,212,2854.43701171875,,unavailable in GeoTIFF; band index reported
scene_01_sudan_sample-Z0004,2,213,2881.52099609375,,unavailable in GeoTIFF; band index reported
scene_01_sudan_sample-Z0004,2,214,2819.8740234375,,unavailable in GeoTIFF; band index reported
scene_01_sudan_sample-Z0004,2,215,2804.31103515625,,unavailable in GeoTIFF; band index reported
scene_01_sudan_sample-Z0004,2,216,2742.638671875,4108.290174609376,unavailable in GeoTIFF; band index reported
scene_01_sudan_sample-Z0004,2,217,2766.420166015625,,unavailable in GeoTIFF; band index reported
scene_01_sudan_sample-Z0004,2,218,2768.739501953125,,unavailable in GeoTIFF; band index reported
scene_01_sudan_sample-Z0004,2,219,2739.663818359375,,unavailable in GeoTIFF; band index reported
scene_01_sudan_sample-Z0004,2,220,2656.663818359375,,unavailable in GeoTIFF; band index reported
scene_01_sudan_sample-Z0004,2,221,2709.529296875,,unavailable in GeoTIFF; band index reported
scene_01_sudan_sample-Z0004,2,222,2636.588134765625,,unavailable in GeoTIFF; band index reported
scene_01_sudan_sample-Z0004,2,223,2661.8740234375,,unavailable in GeoTIFF; band index reported
scene_01_sudan_sample-Z0004,2,224,2500.28564453125,3667.62747109375,unavailable in GeoTIFF; band index reported
scene_01_sudan_sample-Z0008,3,1,765.4872436523438,1051.31852109375,unavailable in GeoTIFF; band index reported
scene_01_sudan_sample-Z0008,3,2,771.8158569335938,,unavailable in GeoTIFF; band index reported
scene_01_sudan_sample-Z0008,3,3,807.835693359375,,unavailable in GeoTIFF; band index reported
scene_01_sudan_sample-Z0008,3,4,842.0509643554688,,unavailable in GeoTIFF; band index reported
scene_01_sudan_sample-Z0008,3,5,884.6373901367188,,unavailable in GeoTIFF; band index reported
scene_01_sudan_sample-Z0008,3,6,909.6629028320312,,unavailable in GeoTIFF; band index reported
scene_01_sudan_sample-Z0008,3,7,943.01416015625,,unavailable in GeoTIFF; band index reported
scene_01_sudan_sample-Z0008,3,8,964.7110595703125,1373.8755863281249,unavailable in GeoTIFF; band index reported
scene_01_sudan_sample-Z0008,3,9,981.9660034179688,,unavailable in GeoTIFF; band index reported
scene_01_sudan_sample-Z0008,3,10,1006.1812744140625,,unavailable in GeoTIFF; band index reported
scene_01_sudan_sample-Z0008,3,11,1017.6515502929688,,unavailable in GeoTIFF; band index reported
scene_01_sudan_sample-Z0008,3,12,1026.85546875,,unavailable in GeoTIFF; band index reported
scene_01_sudan_sample-Z0008,3,13,1044.7308349609375,,unavailable in GeoTIFF; band index reported
scene_01_sudan_sample-Z0008,3,14,1080.5665283203125,,unavailable in GeoTIFF; band index reported
scene_01_sudan_sample-Z0008,3,15,1101.3427734375,1574.3386001953124,unavailable in GeoTIFF; band index reported
scene_01_sudan_sample-Z0008,3,16,1127.15869140625,,unavailable in GeoTIFF; band index reported
scene_01_sudan_sample-Z0008,3,17,1156.0396728515625,,unavailable in GeoTIFF; band index reported
scene_01_sudan_sample-Z0008,3,18,1187.3597412109375,,unavailable in GeoTIFF; band index reported
scene_01_sudan_sample-Z0008,3,19,1222.5523681640625,,unavailable in GeoTIFF; band index reported
scene_01_sudan_sample-Z0008,3,20,1259.980224609375,,unavailable in GeoTIFF; band index reported
scene_01_sudan_sample-Z0008,3,21,1300.9716796875,,unavailable in GeoTIFF; band index reported
scene_01_sudan_sample-Z0008,3,22,1338.515625,1951.21945,unavailable in GeoTIFF; band index reported
scene_01_sudan_sample-Z0008,3,23,1377.55810546875,,unavailable in GeoTIFF; band index reported
scene_01_sudan_sample-Z0008,3,24,1428.521240234375,,unavailable in GeoTIFF; band index reported
scene_01_sudan_sample-Z0008,3,25,1477.8895263671875,,unavailable in GeoTIFF; band index reported
scene_01_sudan_sample-Z0008,3,26,1532.164306640625,,unavailable in GeoTIFF; band index reported
scene_01_sudan_sample-Z0008,3,27,1586.835693359375,,unavailable in GeoTIFF; band index reported
scene_01_sudan_sample-Z0008,3,28,1641.3966064453125,,unavailable in GeoTIFF; band index reported
scene_01_sudan_sample-Z0008,3,29,1701.8017578125,2484.001474609375,unavailable in GeoTIFF; band index reported
scene_01_sudan_sample-Z0008,3,30,1764.056640625,,unavailable in GeoTIFF; band index reported
scene_01_sudan_sample-Z0008,3,31,1840.2691650390625,,unavailable in GeoTIFF; band index reported
scene_01_sudan_sample-Z0008,3,32,1900.2889404296875,,unavailable in GeoTIFF; band index reported
scene_01_sudan_sample-Z0008,3,33,1953.407958984375,,unavailable in GeoTIFF; band index reported
scene_01_sudan_sample-Z0008,3,34,2022.69970703125,,unavailable in GeoTIFF; band index reported
scene_01_sudan_sample-Z0008,3,35,2084.923583984375,,unavailable in GeoTIFF; band index reported
scene_01_sudan_sample-Z0008,3,36,2135.7109375,3099.962441796875,unavailable in GeoTIFF; band index reported
scene_01_sudan_sample-Z0008,3,37,2185.35400390625,,unavailable in GeoTIFF; band index reported
scene_01_sudan_sample-Z0008,3,38,2226.776123046875,,unavailable in GeoTIFF; band index reported
scene_01_sudan_sample-Z0008,3,39,2263.98583984375,,unavailable in GeoTIFF; band index reported
scene_01_sudan_sample-Z0008,3,40,2292.779052734375,,unavailable in GeoTIFF; band index reported
scene_01_sudan_sample-Z0008,3,41,2336.3681640625,,unavailable in GeoTIFF; band index reported
scene_01_sudan_sample-Z0008,3,42,2361.821533203125,,unavailable in GeoTIFF; band index reported
scene_01_sudan_sample-Z0008,3,43,2377.223876953125,,unavailable in GeoTIFF; band index reported
scene_01_sudan_sample-Z0008,3,44,2417.01123046875,3472.53658828125,unavailable in GeoTIFF; band index reported
scene_01_sudan_sample-Z0008,3,45,2459.679931640625,,unavailable in GeoTIFF; band index reported
scene_01_sudan_sample-Z0008,3,46,2485.61474609375,,unavailable in GeoTIFF; band index reported
scene_01_sudan_sample-Z0008,3,47,2505.796142578125,,unavailable in GeoTIFF; band index reported
scene_01_sudan_sample-Z0008,3,48,2533.903564453125,,unavailable in GeoTIFF; band index reported
scene_01_sudan_sample-Z0008,3,49,2552.518310546875,,unavailable in GeoTIFF; band index reported
scene_01_sudan_sample-Z0008,3,50,2562.510009765625,,unavailable in GeoTIFF; band index reported
scene_01_sudan_sample-Z0008,3,51,2632.849853515625,3737.443991796875,unavailable in GeoTIFF; band index reported
scene_01_sudan_sample-Z0008,3,52,2648.433349609375,,unavailable in GeoTIFF; band index reported
scene_01_sudan_sample-Z0008,3,53,2684.86962890625,,unavailable in GeoTIFF; band index reported
scene_01_sudan_sample-Z0008,3,54,2688.977294921875,,unavailable in GeoTIFF; band index reported
scene_01_sudan_sample-Z0008,3,55,2720.4873046875,,unavailable in GeoTIFF; band index reported
scene_01_sudan_sample-Z0008,3,56,2792.35400390625,,unavailable in GeoTIFF; band index reported
scene_01_sudan_sample-Z0008,3,57,2843.30322265625,,unavailable in GeoTIFF; band index reported
scene_01_sudan_sample-Z0008,3,58,2842.308837890625,3988.527532421875,unavailable in GeoTIFF; band index reported
scene_01_sudan_sample-Z0008,3,59,2856.0283203125,,unavailable in GeoTIFF; band index reported
scene_01_sudan_sample-Z0008,3,60,2849.563720703125,,unavailable in GeoTIFF; band index reported
scene_01_sudan_sample-Z0008,3,61,2930.41064453125,,unavailable in GeoTIFF; band index reported
scene_01_sudan_sample-Z0008,3,62,2772.076416015625,,unavailable in GeoTIFF; band index reported
scene_01_sudan_sample-Z0008,3,63,2953.025390625,,unavailable in GeoTIFF; band index reported
scene_01_sudan_sample-Z0008,3,64,2993.64013671875,,unavailable in GeoTIFF; band index reported
scene_01_sudan_sample-Z0008,3,65,3016.24072265625,4143.603513281249,unavailable in GeoTIFF; band index reported
scene_01_sudan_sample-Z0008,3,66,3039.161376953125,,unavailable in GeoTIFF; band index reported
scene_01_sudan_sample-Z0008,3,67,3047.818603515625,,unavailable in GeoTIFF; band index reported
scene_01_sudan_sample-Z0008,3,68,3087.03125,,unavailable in GeoTIFF; band index reported
scene_01_sudan_sample-Z0008,3,69,3120.12744140625,,unavailable in GeoTIFF; band index reported
scene_01_sudan_sample-Z0008,3,70,3132.07080078125,,unavailable in GeoTIFF; band index reported
scene_01_sudan_sample-Z0008,3,71,3118.7734375,,unavailable in GeoTIFF; band index reported
scene_01_sudan_sample-Z0008,3,72,3115.096435546875,4186.1982234375,unavailable in GeoTIFF; band index reported
scene_01_sudan_sample-Z0008,3,73,3127.52978515625,,unavailable in GeoTIFF; band index reported
scene_01_sudan_sample-Z0008,3,74,3139.334228515625,,unavailable in GeoTIFF; band index reported
scene_01_sudan_sample-Z0008,3,75,3119.864013671875,,unavailable in GeoTIFF; band index reported
scene_01_sudan_sample-Z0008,3,76,3172.41650390625,,unavailable in GeoTIFF; band index reported
scene_01_sudan_sample-Z0008,3,77,3138.767822265625,,unavailable in GeoTIFF; band index reported
scene_01_sudan_sample-Z0008,3,78,3166.52685546875,,unavailable in GeoTIFF; band index reported
scene_01_sudan_sample-Z0008,3,79,3224.0,,unavailable in GeoTIFF; band index reported
scene_01_sudan_sample-Z0008,3,80,3211.764892578125,4205.03314921875,unavailable in GeoTIFF; band index reported
scene_01_sudan_sample-Z0008,3,81,3176.1728515625,,unavailable in GeoTIFF; band index reported
scene_01_sudan_sample-Z0008,3,82,3207.096435546875,,unavailable in GeoTIFF; band index reported
scene_01_sudan_sample-Z0008,3,83,3144.32568359375,,unavailable in GeoTIFF; band index reported
scene_01_sudan_sample-Z0008,3,84,3000.577880859375,,unavailable in GeoTIFF; band index reported
scene_01_sudan_sample-Z0008,3,85,3250.694091796875,,unavailable in GeoTIFF; band index reported
scene_01_sudan_sample-Z0008,3,86,3141.541015625,,unavailable in GeoTIFF; band index reported
scene_01_sudan_sample-Z0008,3,87,3103.838623046875,4028.167868359375,unavailable in GeoTIFF; band index reported
scene_01_sudan_sample-Z0008,3,88,3315.110595703125,,unavailable in GeoTIFF; band index reported
scene_01_sudan_sample-Z0008,3,89,3363.510009765625,,unavailable in GeoTIFF; band index reported
scene_01_sudan_sample-Z0008,3,90,3395.41064453125,,unavailable in GeoTIFF; band index reported
scene_01_sudan_sample-Z0008,3,91,3305.08203125,,unavailable in GeoTIFF; band index reported
scene_01_sudan_sample-Z0008,3,92,3282.524169921875,,unavailable in GeoTIFF; band index reported
scene_01_sudan_sample-Z0008,3,93,3170.10205078125,,unavailable in GeoTIFF; band index reported
scene_01_sudan_sample-Z0008,3,94,3301.351318359375,4274.172117968749,unavailable in GeoTIFF; band index reported
scene_01_sudan_sample-Z0008,3,95,3244.807373046875,,unavailable in GeoTIFF; band index reported
scene_01_sudan_sample-Z0008,3,96,3344.41650390625,,unavailable in GeoTIFF; band index reported
scene_01_sudan_sample-Z0008,3,97,3289.036865234375,,unavailable in GeoTIFF; band index reported
scene_01_sudan_sample-Z0008,3,98,3366.747802734375,,unavailable in GeoTIFF; band index reported
scene_01_sudan_sample-Z0008,3,99,3299.01123046875,,unavailable in GeoTIFF; band index reported
scene_01_sudan_sample-Z0008,3,100,3380.104736328125,,unavailable in GeoTIFF; band index reported
scene_01_sudan_sample-Z0008,3,101,3292.64013671875,4253.874341406249,unavailable in GeoTIFF; band index reported
scene_01_sudan_sample-Z0008,3,102,3397.33984375,,unavailable in GeoTIFF; band index reported
scene_01_sudan_sample-Z0008,3,103,3421.95458984375,,unavailable in GeoTIFF; band index reported
scene_01_sudan_sample-Z0008,3,104,3437.9150390625,,unavailable in GeoTIFF; band index reported
scene_01_sudan_sample-Z0008,3,105,3453.750732421875,,unavailable in GeoTIFF; band index reported
scene_01_sudan_sample-Z0008,3,106,3464.776123046875,,unavailable in GeoTIFF; band index reported
scene_01_sudan_sample-Z0008,3,107,3489.943359375,,unavailable in GeoTIFF; band index reported
scene_01_sudan_sample-Z0008,3,108,3519.6318359375,4505.796640625,unavailable in GeoTIFF; band index reported
scene_01_sudan_sample-Z0008,3,109,3535.804443359375,,unavailable in GeoTIFF; band index reported
scene_01_sudan_sample-Z0008,3,110,3568.2578125,,unavailable in GeoTIFF; band index reported
scene_01_sudan_sample-Z0008,3,111,3587.06787109375,,unavailable in GeoTIFF; band index reported
scene_01_sudan_sample-Z0008,3,112,3504.38232421875,,unavailable in GeoTIFF; band index reported
scene_01_sudan_sample-Z0008,3,113,3788.223876953125,,unavailable in GeoTIFF; band index reported
scene_01_sudan_sample-Z0008,3,114,3757.98583984375,,unavailable in GeoTIFF; band index reported
scene_01_sudan_sample-Z0008,3,115,3692.934814453125,,unavailable in GeoTIFF; band index reported
scene_01_sudan_sample-Z0008,3,116,3711.4560546875,4733.02136953125,unavailable in GeoTIFF; band index reported
scene_01_sudan_sample-Z0008,3,117,3757.73095703125,,unavailable in GeoTIFF; band index reported
scene_01_sudan_sample-Z0008,3,118,3826.8837890625,,unavailable in GeoTIFF; band index reported
scene_01_sudan_sample-Z0008,3,119,3840.549560546875,,unavailable in GeoTIFF; band index reported
scene_01_sudan_sample-Z0008,3,120,3852.849853515625,,unavailable in GeoTIFF; band index reported
scene_01_sudan_sample-Z0008,3,121,3875.69970703125,,unavailable in GeoTIFF; band index reported
scene_01_sudan_sample-Z0008,3,122,3886.781982421875,,unavailable in GeoTIFF; band index reported
scene_01_sudan_sample-Z0008,3,123,3911.056640625,4989.78783046875,unavailable in GeoTIFF; band index reported
scene_01_sudan_sample-Z0008,3,124,3944.118896484375,,unavailable in GeoTIFF; band index reported
scene_01_sudan_sample-Z0008,3,125,4019.864013671875,,unavailable in GeoTIFF; band index reported
scene_01_sudan_sample-Z0008,3,126,3988.246337890625,,unavailable in GeoTIFF; band index reported
scene_01_sudan_sample-Z0008,3,127,3965.195556640625,,unavailable in GeoTIFF; band index reported
scene_01_sudan_sample-Z0008,3,128,3976.91796875,,unavailable in GeoTIFF; band index reported
scene_01_sudan_sample-Z0008,3,129,3974.67431640625,,unavailable in GeoTIFF; band index reported
scene_01_sudan_sample-Z0008,3,130,3955.64013671875,5089.9508171874995,unavailable in GeoTIFF; band index reported
scene_01_sudan_sample-Z0008,3,131,-32768.0,,unavailable in GeoTIFF; band index reported
scene_01_sudan_sample-Z0008,3,132,-32768.0,,unavailable in GeoTIFF; band index reported
scene_01_sudan_sample-Z0008,3,133,-32768.0,,unavailable in GeoTIFF; band index reported
scene_01_sudan_sample-Z0008,3,134,-32768.0,,unavailable in GeoTIFF; band index reported
scene_01_sudan_sample-Z0008,3,135,-32768.0,,unavailable in GeoTIFF; band index reported
scene_01_sudan_sample-Z0008,3,136,4200.95458984375,,unavailable in GeoTIFF; band index reported
scene_01_sudan_sample-Z0008,3,137,4216.251953125,5206.2419515625,unavailable in GeoTIFF; band index reported
scene_01_sudan_sample-Z0008,3,138,4178.5947265625,,unavailable in GeoTIFF; band index reported
scene_01_sudan_sample-Z0008,3,139,4181.736328125,,unavailable in GeoTIFF; band index reported
scene_01_sudan_sample-Z0008,3,140,4203.0849609375,,unavailable in GeoTIFF; band index reported
scene_01_sudan_sample-Z0008,3,141,4237.78466796875,,unavailable in GeoTIFF; band index reported
scene_01_sudan_sample-Z0008,3,142,4266.50146484375,,unavailable in GeoTIFF; band index reported
scene_01_sudan_sample-Z0008,3,143,4263.98291015625,,unavailable in GeoTIFF; band index reported
scene_01_sudan_sample-Z0008,3,144,4274.087890625,5244.2225421875,unavailable in GeoTIFF; band index reported
scene_01_sudan_sample-Z0008,3,145,4290.87255859375,,unavailable in GeoTIFF; band index reported
scene_01_sudan_sample-Z0008,3,146,4287.14990234375,,unavailable in GeoTIFF; band index reported
scene_01_sudan_sample-Z0008,3,147,4308.69384765625,,unavailable in GeoTIFF; band index reported
scene_01_sudan_sample-Z0008,3,148,4309.1357421875,,unavailable in GeoTIFF; band index reported
scene_01_sudan_sample-Z0008,3,149,4304.89501953125,,unavailable in GeoTIFF; band index reported
scene_01_sudan_sample-Z0008,3,150,4328.01123046875,,unavailable in GeoTIFF; band index reported
scene_01_sudan_sample-Z0008,3,151,4326.06494140625,,unavailable in GeoTIFF; band index reported
scene_01_sudan_sample-Z0008,3,152,4314.0341796875,5271.1466234375,unavailable in GeoTIFF; band index reported
scene_01_sudan_sample-Z0008,3,153,4309.86962890625,,unavailable in GeoTIFF; band index reported
scene_01_sudan_sample-Z0008,3,154,4329.85009765625,,unavailable in GeoTIFF; band index reported
scene_01_sudan_sample-Z0008,3,155,4321.365234375,,unavailable in GeoTIFF; band index reported
scene_01_sudan_sample-Z0008,3,156,4326.67138671875,,unavailable in GeoTIFF; band index reported
scene_01_sudan_sample-Z0008,3,157,4332.23779296875,,unavailable in GeoTIFF; band index reported
scene_01_sudan_sample-Z0008,3,158,4333.75048828125,,unavailable in GeoTIFF; band index reported
scene_01_sudan_sample-Z0008,3,159,4333.861328125,5275.7220875,unavailable in GeoTIFF; band index reported
scene_01_sudan_sample-Z0008,3,160,4334.861328125,,unavailable in GeoTIFF; band index reported
scene_01_sudan_sample-Z0008,3,161,4317.3935546875,,unavailable in GeoTIFF; band index reported
scene_01_sudan_sample-Z0008,3,162,4318.5380859375,,unavailable in GeoTIFF; band index reported
scene_01_sudan_sample-Z0008,3,163,4335.7734375,,unavailable in GeoTIFF; band index reported
scene_01_sudan_sample-Z0008,3,164,4282.7646484375,,unavailable in GeoTIFF; band index reported
scene_01_sudan_sample-Z0008,3,165,4247.89794921875,,unavailable in GeoTIFF; band index reported
scene_01_sudan_sample-Z0008,3,166,4145.634765625,5042.5862859375,unavailable in GeoTIFF; band index reported
scene_01_sudan_sample-Z0008,3,167,3830.7109375,,unavailable in GeoTIFF; band index reported
scene_01_sudan_sample-Z0008,3,168,3966.01123046875,,unavailable in GeoTIFF; band index reported
scene_01_sudan_sample-Z0008,3,169,4054.912109375,,unavailable in GeoTIFF; band index reported
scene_01_sudan_sample-Z0008,3,170,3701.01708984375,,unavailable in GeoTIFF; band index reported
scene_01_sudan_sample-Z0008,3,171,3371.566650390625,,unavailable in GeoTIFF; band index reported
scene_01_sudan_sample-Z0008,3,172,3598.61181640625,,unavailable in GeoTIFF; band index reported
scene_01_sudan_sample-Z0008,3,173,3973.01123046875,4975.848425,unavailable in GeoTIFF; band index reported
scene_01_sudan_sample-Z0008,3,174,4081.235107421875,,unavailable in GeoTIFF; band index reported
scene_01_sudan_sample-Z0008,3,175,4118.427734375,,unavailable in GeoTIFF; band index reported
scene_01_sudan_sample-Z0008,3,176,3936.7392578125,,unavailable in GeoTIFF; band index reported
scene_01_sudan_sample-Z0008,3,177,4038.67431640625,,unavailable in GeoTIFF; band index reported
scene_01_sudan_sample-Z0008,3,178,4019.61181640625,,unavailable in GeoTIFF; band index reported
scene_01_sudan_sample-Z0008,3,179,4073.01123046875,,unavailable in GeoTIFF; band index reported
scene_01_sudan_sample-Z0008,3,180,4006.308837890625,5093.39304375,unavailable in GeoTIFF; band index reported
scene_01_sudan_sample-Z0008,3,181,3998.934814453125,,unavailable in GeoTIFF; band index reported
scene_01_sudan_sample-Z0008,3,182,4002.308837890625,,unavailable in GeoTIFF; band index reported
scene_01_sudan_sample-Z0008,3,183,3942.266357421875,,unavailable in GeoTIFF; band index reported
scene_01_sudan_sample-Z0008,3,184,3925.835693359375,,unavailable in GeoTIFF; band index reported
scene_01_sudan_sample-Z0008,3,185,3881.563720703125,,unavailable in GeoTIFF; band index reported
scene_01_sudan_sample-Z0008,3,186,3782.0283203125,,unavailable in GeoTIFF; band index reported
scene_01_sudan_sample-Z0008,3,187,3617.6572265625,,unavailable in GeoTIFF; band index reported
scene_01_sudan_sample-Z0008,3,188,3479.065185546875,4880.5461171874995,unavailable in GeoTIFF; band index reported
scene_01_sudan_sample-Z0008,3,189,3408.022705078125,,unavailable in GeoTIFF; band index reported
scene_01_sudan_sample-Z0008,3,190,3405.747802734375,,unavailable in GeoTIFF; band index reported
scene_01_sudan_sample-Z0008,3,191,3393.75634765625,,unavailable in GeoTIFF; band index reported
scene_01_sudan_sample-Z0008,3,192,3336.08203125,,unavailable in GeoTIFF; band index reported
scene_01_sudan_sample-Z0008,3,193,3219.2578125,,unavailable in GeoTIFF; band index reported
scene_01_sudan_sample-Z0008,3,194,3098.691162109375,,unavailable in GeoTIFF; band index reported
scene_01_sudan_sample-Z0008,3,195,3319.81591796875,4601.84051796875,unavailable in GeoTIFF; band index reported
scene_01_sudan_sample-Z0008,3,196,3499.66015625,,unavailable in GeoTIFF; band index reported
scene_01_sudan_sample-Z0008,3,197,3518.093505859375,,unavailable in GeoTIFF; band index reported
scene_01_sudan_sample-Z0008,3,198,3485.32568359375,,unavailable in GeoTIFF; band index reported
scene_01_sudan_sample-Z0008,3,199,3467.637451171875,,unavailable in GeoTIFF; band index reported
scene_01_sudan_sample-Z0008,3,200,3461.01708984375,,unavailable in GeoTIFF; band index reported
scene_01_sudan_sample-Z0008,3,201,3436.974609375,,unavailable in GeoTIFF; band index reported
scene_01_sudan_sample-Z0008,3,202,3410.747802734375,4609.6515,unavailable in GeoTIFF; band index reported
scene_01_sudan_sample-Z0008,3,203,3364.019775390625,,unavailable in GeoTIFF; band index reported
scene_01_sudan_sample-Z0008,3,204,3285.47314453125,,unavailable in GeoTIFF; band index reported
scene_01_sudan_sample-Z0008,3,205,3240.252197265625,,unavailable in GeoTIFF; band index reported
scene_01_sudan_sample-Z0008,3,206,3244.66845703125,,unavailable in GeoTIFF; band index reported
scene_01_sudan_sample-Z0008,3,207,3133.637451171875,,unavailable in GeoTIFF; band index reported
scene_01_sudan_sample-Z0008,3,208,3155.91796875,,unavailable in GeoTIFF; band index reported
scene_01_sudan_sample-Z0008,3,209,3138.7421875,4314.72705078125,unavailable in GeoTIFF; band index reported
scene_01_sudan_sample-Z0008,3,210,3091.98876953125,,unavailable in GeoTIFF; band index reported
scene_01_sudan_sample-Z0008,3,211,3047.32861328125,,unavailable in GeoTIFF; band index reported
scene_01_sudan_sample-Z0008,3,212,3079.03125,,unavailable in GeoTIFF; band index reported
scene_01_sudan_sample-Z0008,3,213,3092.18408203125,,unavailable in GeoTIFF; band index reported
scene_01_sudan_sample-Z0008,3,214,3029.832763671875,,unavailable in GeoTIFF; band index reported
scene_01_sudan_sample-Z0008,3,215,3008.50146484375,,unavailable in GeoTIFF; band index reported
scene_01_sudan_sample-Z0008,3,216,2955.5439453125,4108.290174609376,unavailable in GeoTIFF; band index reported
scene_01_sudan_sample-Z0008,3,217,2981.91796875,,unavailable in GeoTIFF; band index reported
scene_01_sudan_sample-Z0008,3,218,2987.365478515625,,unavailable in GeoTIFF; band index reported
scene_01_sudan_sample-Z0008,3,219,2957.64599609375,,unavailable in GeoTIFF; band index reported
scene_01_sudan_sample-Z0008,3,220,2860.552490234375,,unavailable in GeoTIFF; band index reported
scene_01_sudan_sample-Z0008,3,221,2941.093505859375,,unavailable in GeoTIFF; band index reported
scene_01_sudan_sample-Z0008,3,222,2850.138916015625,,unavailable in GeoTIFF; band index reported
scene_01_sudan_sample-Z0008,3,223,2912.603515625,,unavailable in GeoTIFF; band index reported
scene_01_sudan_sample-Z0008,3,224,2698.238037109375,3667.62747109375,unavailable in GeoTIFF; band index reported
scene_01_sudan_sample-Z0005,4,1,769.631591796875,1051.31852109375,unavailable in GeoTIFF; band index reported
scene_01_sudan_sample-Z0005,4,2,778.9473876953125,,unavailable in GeoTIFF; band index reported
scene_01_sudan_sample-Z0005,4,3,806.8421020507812,,unavailable in GeoTIFF; band index reported
scene_01_sudan_sample-Z0005,4,4,840.6842041015625,,unavailable in GeoTIFF; band index reported
scene_01_sudan_sample-Z0005,4,5,880.1052856445312,,unavailable in GeoTIFF; band index reported
scene_01_sudan_sample-Z0005,4,6,898.6842041015625,,unavailable in GeoTIFF; band index reported
scene_01_sudan_sample-Z0005,4,7,941.5789184570312,,unavailable in GeoTIFF; band index reported
scene_01_sudan_sample-Z0005,4,8,964.9473876953125,1373.8755863281249,unavailable in GeoTIFF; band index reported
scene_01_sudan_sample-Z0005,4,9,967.2105102539062,,unavailable in GeoTIFF; band index reported
scene_01_sudan_sample-Z0005,4,10,988.368408203125,,unavailable in GeoTIFF; band index reported
scene_01_sudan_sample-Z0005,4,11,998.9473876953125,,unavailable in GeoTIFF; band index reported
scene_01_sudan_sample-Z0005,4,12,1003.7894897460938,,unavailable in GeoTIFF; band index reported
scene_01_sudan_sample-Z0005,4,13,1011.5789184570312,,unavailable in GeoTIFF; band index reported
scene_01_sudan_sample-Z0005,4,14,1046.5263671875,,unavailable in GeoTIFF; band index reported
scene_01_sudan_sample-Z0005,4,15,1064.2105712890625,1574.3386001953124,unavailable in GeoTIFF; band index reported
scene_01_sudan_sample-Z0005,4,16,1081.26318359375,,unavailable in GeoTIFF; band index reported
scene_01_sudan_sample-Z0005,4,17,1112.26318359375,,unavailable in GeoTIFF; band index reported
scene_01_sudan_sample-Z0005,4,18,1142.9473876953125,,unavailable in GeoTIFF; band index reported
scene_01_sudan_sample-Z0005,4,19,1166.9473876953125,,unavailable in GeoTIFF; band index reported
scene_01_sudan_sample-Z0005,4,20,1205.0,,unavailable in GeoTIFF; band index reported
scene_01_sudan_sample-Z0005,4,21,1236.5263671875,,unavailable in GeoTIFF; band index reported
scene_01_sudan_sample-Z0005,4,22,1270.73681640625,1951.21945,unavailable in GeoTIFF; band index reported
scene_01_sudan_sample-Z0005,4,23,1312.73681640625,,unavailable in GeoTIFF; band index reported
scene_01_sudan_sample-Z0005,4,24,1352.9473876953125,,unavailable in GeoTIFF; band index reported
scene_01_sudan_sample-Z0005,4,25,1391.8421630859375,,unavailable in GeoTIFF; band index reported
scene_01_sudan_sample-Z0005,4,26,1442.3157958984375,,unavailable in GeoTIFF; band index reported
scene_01_sudan_sample-Z0005,4,27,1491.4210205078125,,unavailable in GeoTIFF; band index reported
scene_01_sudan_sample-Z0005,4,28,1535.2105712890625,,unavailable in GeoTIFF; band index reported
scene_01_sudan_sample-Z0005,4,29,1591.3157958984375,2484.001474609375,unavailable in GeoTIFF; band index reported
scene_01_sudan_sample-Z0005,4,30,1644.631591796875,,unavailable in GeoTIFF; band index reported
scene_01_sudan_sample-Z0005,4,31,1714.894775390625,,unavailable in GeoTIFF; band index reported
scene_01_sudan_sample-Z0005,4,32,1767.8421630859375,,unavailable in GeoTIFF; band index reported
scene_01_sudan_sample-Z0005,4,33,1821.5789794921875,,unavailable in GeoTIFF; band index reported
scene_01_sudan_sample-Z0005,4,34,1884.7894287109375,,unavailable in GeoTIFF; band index reported
scene_01_sudan_sample-Z0005,4,35,1941.4210205078125,,unavailable in GeoTIFF; band index reported
scene_01_sudan_sample-Z0005,4,36,1990.9473876953125,3099.962441796875,unavailable in GeoTIFF; band index reported
scene_01_sudan_sample-Z0005,4,37,2041.0,,unavailable in GeoTIFF; band index reported
scene_01_sudan_sample-Z0005,4,38,2083.578857421875,,unavailable in GeoTIFF; band index reported
scene_01_sudan_sample-Z0005,4,39,2119.4736328125,,unavailable in GeoTIFF; band index reported
scene_01_sudan_sample-Z0005,4,40,2144.052734375,,unavailable in GeoTIFF; band index reported
scene_01_sudan_sample-Z0005,4,41,2181.631591796875,,unavailable in GeoTIFF; band index reported
scene_01_sudan_sample-Z0005,4,42,2206.842041015625,,unavailable in GeoTIFF; band index reported
scene_01_sudan_sample-Z0005,4,43,2223.842041015625,,unavailable in GeoTIFF; band index reported
scene_01_sudan_sample-Z0005,4,44,2258.73681640625,3472.53658828125,unavailable in GeoTIFF; band index reported
scene_01_sudan_sample-Z0005,4,45,2297.26318359375,,unavailable in GeoTIFF; band index reported
scene_01_sudan_sample-Z0005,4,46,2322.157958984375,,unavailable in GeoTIFF; band index reported
scene_01_sudan_sample-Z0005,4,47,2340.26318359375,,unavailable in GeoTIFF; band index reported
scene_01_sudan_sample-Z0005,4,48,2361.105224609375,,unavailable in GeoTIFF; band index reported
scene_01_sudan_sample-Z0005,4,49,2385.21044921875,,unavailable in GeoTIFF; band index reported
scene_01_sudan_sample-Z0005,4,50,2383.947265625,,unavailable in GeoTIFF; band index reported
scene_01_sudan_sample-Z0005,4,51,2453.578857421875,3737.443991796875,unavailable in GeoTIFF; band index reported
scene_01_sudan_sample-Z0005,4,52,2471.894775390625,,unavailable in GeoTIFF; band index reported
scene_01_sudan_sample-Z0005,4,53,2507.105224609375,,unavailable in GeoTIFF; band index reported
scene_01_sudan_sample-Z0005,4,54,2530.26318359375,,unavailable in GeoTIFF; band index reported
scene_01_sudan_sample-Z0005,4,55,2554.78955078125,,unavailable in GeoTIFF; band index reported
scene_01_sudan_sample-Z0005,4,56,2622.631591796875,,unavailable in GeoTIFF; band index reported
scene_01_sudan_sample-Z0005,4,57,2664.78955078125,,unavailable in GeoTIFF; band index reported
scene_01_sudan_sample-Z0005,4,58,2662.157958984375,3988.527532421875,unavailable in GeoTIFF; band index reported
scene_01_sudan_sample-Z0005,4,59,2674.73681640625,,unavailable in GeoTIFF; band index reported
scene_01_sudan_sample-Z0005,4,60,2660.0,,unavailable in GeoTIFF; band index reported
scene_01_sudan_sample-Z0005,4,61,2730.0,,unavailable in GeoTIFF; band index reported
scene_01_sudan_sample-Z0005,4,62,2539.78955078125,,unavailable in GeoTIFF; band index reported
scene_01_sudan_sample-Z0005,4,63,2718.315673828125,,unavailable in GeoTIFF; band index reported
scene_01_sudan_sample-Z0005,4,64,2745.842041015625,,unavailable in GeoTIFF; band index reported
scene_01_sudan_sample-Z0005,4,65,2757.421142578125,4143.603513281249,unavailable in GeoTIFF; band index reported
scene_01_sudan_sample-Z0005,4,66,2753.105224609375,,unavailable in GeoTIFF; band index reported
scene_01_sudan_sample-Z0005,4,67,2757.0,,unavailable in GeoTIFF; band index reported
scene_01_sudan_sample-Z0005,4,68,2778.947265625,,unavailable in GeoTIFF; band index reported
scene_01_sudan_sample-Z0005,4,69,2803.894775390625,,unavailable in GeoTIFF; band index reported
scene_01_sudan_sample-Z0005,4,70,2803.0,,unavailable in GeoTIFF; band index reported
scene_01_sudan_sample-Z0005,4,71,2753.894775390625,,unavailable in GeoTIFF; band index reported
scene_01_sudan_sample-Z0005,4,72,2768.73681640625,4186.1982234375,unavailable in GeoTIFF; band index reported
scene_01_sudan_sample-Z0005,4,73,2760.4736328125,,unavailable in GeoTIFF; band index reported
scene_01_sudan_sample-Z0005,4,74,2716.4736328125,,unavailable in GeoTIFF; band index reported
scene_01_sudan_sample-Z0005,4,75,2762.26318359375,,unavailable in GeoTIFF; band index reported
scene_01_sudan_sample-Z0005,4,76,2726.421142578125,,unavailable in GeoTIFF; band index reported
scene_01_sudan_sample-Z0005,4,77,2747.5263671875,,unavailable in GeoTIFF; band index reported
scene_01_sudan_sample-Z0005,4,78,2760.894775390625,,unavailable in GeoTIFF; band index reported
scene_01_sudan_sample-Z0005,4,79,2757.5263671875,,unavailable in GeoTIFF; band index reported
scene_01_sudan_sample-Z0005,4,80,2778.78955078125,4205.03314921875,unavailable in GeoTIFF; band index reported
scene_01_sudan_sample-Z0005,4,81,2791.368408203125,,unavailable in GeoTIFF; band index reported
scene_01_sudan_sample-Z0005,4,82,2773.842041015625,,unavailable in GeoTIFF; band index reported
scene_01_sudan_sample-Z0005,4,83,2774.5263671875,,unavailable in GeoTIFF; band index reported
scene_01_sudan_sample-Z0005,4,84,2675.842041015625,,unavailable in GeoTIFF; band index reported
scene_01_sudan_sample-Z0005,4,85,2811.26318359375,,unavailable in GeoTIFF; band index reported
scene_01_sudan_sample-Z0005,4,86,2859.631591796875,,unavailable in GeoTIFF; band index reported
scene_01_sudan_sample-Z0005,4,87,2683.73681640625,4028.167868359375,unavailable in GeoTIFF; band index reported
scene_01_sudan_sample-Z0005,4,88,3067.315673828125,,unavailable in GeoTIFF; band index reported
scene_01_sudan_sample-Z0005,4,89,2921.368408203125,,unavailable in GeoTIFF; band index reported
scene_01_sudan_sample-Z0005,4,90,3038.947265625,,unavailable in GeoTIFF; band index reported
scene_01_sudan_sample-Z0005,4,91,2882.21044921875,,unavailable in GeoTIFF; band index reported
scene_01_sudan_sample-Z0005,4,92,2969.052734375,,unavailable in GeoTIFF; band index reported
scene_01_sudan_sample-Z0005,4,93,2944.5263671875,,unavailable in GeoTIFF; band index reported
scene_01_sudan_sample-Z0005,4,94,2899.26318359375,4274.172117968749,unavailable in GeoTIFF; band index reported
scene_01_sudan_sample-Z0005,4,95,2979.0,,unavailable in GeoTIFF; band index reported
scene_01_sudan_sample-Z0005,4,96,2929.631591796875,,unavailable in GeoTIFF; band index reported
scene_01_sudan_sample-Z0005,4,97,3023.578857421875,,unavailable in GeoTIFF; band index reported
scene_01_sudan_sample-Z0005,4,98,2957.5263671875,,unavailable in GeoTIFF; band index reported
scene_01_sudan_sample-Z0005,4,99,3066.78955078125,,unavailable in GeoTIFF; band index reported
scene_01_sudan_sample-Z0005,4,100,2981.052734375,,unavailable in GeoTIFF; band index reported
scene_01_sudan_sample-Z0005,4,101,3088.157958984375,4253.874341406249,unavailable in GeoTIFF; band index reported
scene_01_sudan_sample-Z0005,4,102,3010.73681640625,,unavailable in GeoTIFF; band index reported
scene_01_sudan_sample-Z0005,4,103,3048.105224609375,,unavailable in GeoTIFF; band index reported
scene_01_sudan_sample-Z0005,4,104,3079.315673828125,,unavailable in GeoTIFF; band index reported
scene_01_sudan_sample-Z0005,4,105,3105.0,,unavailable in GeoTIFF; band index reported
scene_01_sudan_sample-Z0005,4,106,3133.4736328125,,unavailable in GeoTIFF; band index reported
scene_01_sudan_sample-Z0005,4,107,3174.947265625,,unavailable in GeoTIFF; band index reported
scene_01_sudan_sample-Z0005,4,108,3223.368408203125,4505.796640625,unavailable in GeoTIFF; band index reported
scene_01_sudan_sample-Z0005,4,109,3253.368408203125,,unavailable in GeoTIFF; band index reported
scene_01_sudan_sample-Z0005,4,110,3299.26318359375,,unavailable in GeoTIFF; band index reported
scene_01_sudan_sample-Z0005,4,111,3338.631591796875,,unavailable in GeoTIFF; band index reported
scene_01_sudan_sample-Z0005,4,112,3279.947265625,,unavailable in GeoTIFF; band index reported
scene_01_sudan_sample-Z0005,4,113,3594.315673828125,,unavailable in GeoTIFF; band index reported
scene_01_sudan_sample-Z0005,4,114,3587.157958984375,,unavailable in GeoTIFF; band index reported
scene_01_sudan_sample-Z0005,4,115,3572.5263671875,,unavailable in GeoTIFF; band index reported
scene_01_sudan_sample-Z0005,4,116,3607.052734375,4733.02136953125,unavailable in GeoTIFF; band index reported
scene_01_sudan_sample-Z0005,4,117,3680.157958984375,,unavailable in GeoTIFF; band index reported
scene_01_sudan_sample-Z0005,4,118,3780.4736328125,,unavailable in GeoTIFF; band index reported
scene_01_sudan_sample-Z0005,4,119,3823.315673828125,,unavailable in GeoTIFF; band index reported
scene_01_sudan_sample-Z0005,4,120,3880.105224609375,,unavailable in GeoTIFF; band index reported
scene_01_sudan_sample-Z0005,4,121,3936.052734375,,unavailable in GeoTIFF; band index reported
scene_01_sudan_sample-Z0005,4,122,3991.947265625,,unavailable in GeoTIFF; band index reported
scene_01_sudan_sample-Z0005,4,123,4050.631591796875,4989.78783046875,unavailable in GeoTIFF; band index reported
scene_01_sudan_sample-Z0005,4,124,4103.947265625,,unavailable in GeoTIFF; band index reported
scene_01_sudan_sample-Z0005,4,125,4225.31591796875,,unavailable in GeoTIFF; band index reported
scene_01_sudan_sample-Z0005,4,126,4228.052734375,,unavailable in GeoTIFF; band index reported
scene_01_sudan_sample-Z0005,4,127,4248.15771484375,,unavailable in GeoTIFF; band index reported
scene_01_sudan_sample-Z0005,4,128,4306.4736328125,,unavailable in GeoTIFF; band index reported
scene_01_sudan_sample-Z0005,4,129,4333.63134765625,,unavailable in GeoTIFF; band index reported
scene_01_sudan_sample-Z0005,4,130,4341.26318359375,5089.9508171874995,unavailable in GeoTIFF; band index reported
scene_01_sudan_sample-Z0005,4,131,-32768.0,,unavailable in GeoTIFF; band index reported
scene_01_sudan_sample-Z0005,4,132,-32768.0,,unavailable in GeoTIFF; band index reported
scene_01_sudan_sample-Z0005,4,133,-32768.0,,unavailable in GeoTIFF; band index reported
scene_01_sudan_sample-Z0005,4,134,-32768.0,,unavailable in GeoTIFF; band index reported
scene_01_sudan_sample-Z0005,4,135,-32768.0,,unavailable in GeoTIFF; band index reported
scene_01_sudan_sample-Z0005,4,136,4587.26318359375,,unavailable in GeoTIFF; band index reported
scene_01_sudan_sample-Z0005,4,137,4540.10546875,5206.2419515625,unavailable in GeoTIFF; band index reported
scene_01_sudan_sample-Z0005,4,138,4515.31591796875,,unavailable in GeoTIFF; band index reported
scene_01_sudan_sample-Z0005,4,139,4535.4736328125,,unavailable in GeoTIFF; band index reported
scene_01_sudan_sample-Z0005,4,140,4539.0,,unavailable in GeoTIFF; band index reported
scene_01_sudan_sample-Z0005,4,141,4565.5791015625,,unavailable in GeoTIFF; band index reported
scene_01_sudan_sample-Z0005,4,142,4589.4736328125,,unavailable in GeoTIFF; band index reported
scene_01_sudan_sample-Z0005,4,143,4583.68408203125,,unavailable in GeoTIFF; band index reported
scene_01_sudan_sample-Z0005,4,144,4589.63134765625,5244.2225421875,unavailable in GeoTIFF; band index reported
scene_01_sudan_sample-Z0005,4,145,4593.10546875,,unavailable in GeoTIFF; band index reported
scene_01_sudan_sample-Z0005,4,146,4576.31591796875,,unavailable in GeoTIFF; band index reported
scene_01_sudan_sample-Z0005,4,147,4598.36865234375,,unavailable in GeoTIFF; band index reported
scene_01_sudan_sample-Z0005,4,148,4582.5791015625,,unavailable in GeoTIFF; band index reported
scene_01_sudan_sample-Z0005,4,149,4560.10546875,,unavailable in GeoTIFF; band index reported
scene_01_sudan_sample-Z0005,4,150,4578.5263671875,,unavailable in GeoTIFF; band index reported
scene_01_sudan_sample-Z0005,4,151,4559.31591796875,,unavailable in GeoTIFF; band index reported
scene_01_sudan_sample-Z0005,4,152,4536.15771484375,5271.1466234375,unavailable in GeoTIFF; band index reported
scene_01_sudan_sample-Z0005,4,153,4517.78955078125,,unavailable in GeoTIFF; band index reported
scene_01_sudan_sample-Z0005,4,154,4537.84228515625,,unavailable in GeoTIFF; band index reported
scene_01_sudan_sample-Z0005,4,155,4517.5791015625,,unavailable in GeoTIFF; band index reported
scene_01_sudan_sample-Z0005,4,156,4517.4736328125,,unavailable in GeoTIFF; band index reported
scene_01_sudan_sample-Z0005,4,157,4527.78955078125,,unavailable in GeoTIFF; band index reported
scene_01_sudan_sample-Z0005,4,158,4516.4208984375,,unavailable in GeoTIFF; band index reported
scene_01_sudan_sample-Z0005,4,159,4515.947265625,5275.7220875,unavailable in GeoTIFF; band index reported
scene_01_sudan_sample-Z0005,4,160,4515.4736328125,,unavailable in GeoTIFF; band index reported
scene_01_sudan_sample-Z0005,4,161,4495.73681640625,,unavailable in GeoTIFF; band index reported
scene_01_sudan_sample-Z0005,4,162,4492.31591796875,,unavailable in GeoTIFF; band index reported
scene_01_sudan_sample-Z0005,4,163,4507.78955078125,,unavailable in GeoTIFF; band index reported
scene_01_sudan_sample-Z0005,4,164,4440.5791015625,,unavailable in GeoTIFF; band index reported
scene_01_sudan_sample-Z0005,4,165,4411.10546875,,unavailable in GeoTIFF; band index reported
scene_01_sudan_sample-Z0005,4,166,4308.21044921875,5042.5862859375,unavailable in GeoTIFF; band index reported
scene_01_sudan_sample-Z0005,4,167,4052.157958984375,,unavailable in GeoTIFF; band index reported
scene_01_sudan_sample-Z0005,4,168,4176.36865234375,,unavailable in GeoTIFF; band index reported
scene_01_sudan_sample-Z0005,4,169,4239.4736328125,,unavailable in GeoTIFF; band index reported
scene_01_sudan_sample-Z0005,4,170,3798.73681640625,,unavailable in GeoTIFF; band index reported
scene_01_sudan_sample-Z0005,4,171,3547.4736328125,,unavailable in GeoTIFF; band index reported
scene_01_sudan_sample-Z0005,4,172,3799.21044921875,,unavailable in GeoTIFF; band index reported
scene_01_sudan_sample-Z0005,4,173,4239.89453125,4975.848425,unavailable in GeoTIFF; band index reported
scene_01_sudan_sample-Z0005,4,174,4335.4736328125,,unavailable in GeoTIFF; band index reported
scene_01_sudan_sample-Z0005,4,175,4360.4736328125,,unavailable in GeoTIFF; band index reported
scene_01_sudan_sample-Z0005,4,176,4154.73681640625,,unavailable in GeoTIFF; band index reported
scene_01_sudan_sample-Z0005,4,177,4321.10546875,,unavailable in GeoTIFF; band index reported
scene_01_sudan_sample-Z0005,4,178,4345.052734375,,unavailable in GeoTIFF; band index reported
scene_01_sudan_sample-Z0005,4,179,4428.31591796875,,unavailable in GeoTIFF; band index reported
scene_01_sudan_sample-Z0005,4,180,4354.63134765625,5093.39304375,unavailable in GeoTIFF; band index reported
scene_01_sudan_sample-Z0005,4,181,4364.4208984375,,unavailable in GeoTIFF; band index reported
scene_01_sudan_sample-Z0005,4,182,4400.21044921875,,unavailable in GeoTIFF; band index reported
scene_01_sudan_sample-Z0005,4,183,4362.89453125,,unavailable in GeoTIFF; band index reported
scene_01_sudan_sample-Z0005,4,184,4376.68408203125,,unavailable in GeoTIFF; band index reported
scene_01_sudan_sample-Z0005,4,185,4350.36865234375,,unavailable in GeoTIFF; band index reported
scene_01_sudan_sample-Z0005,4,186,4281.052734375,,unavailable in GeoTIFF; band index reported
scene_01_sudan_sample-Z0005,4,187,4183.63134765625,,unavailable in GeoTIFF; band index reported
scene_01_sudan_sample-Z0005,4,188,4067.842041015625,4880.5461171874995,unavailable in GeoTIFF; band index reported
scene_01_sudan_sample-Z0005,4,189,4008.631591796875,,unavailable in GeoTIFF; band index reported
scene_01_sudan_sample-Z0005,4,190,3999.78955078125,,unavailable in GeoTIFF; band index reported
scene_01_sudan_sample-Z0005,4,191,3988.4736328125,,unavailable in GeoTIFF; band index reported
scene_01_sudan_sample-Z0005,4,192,3917.894775390625,,unavailable in GeoTIFF; band index reported
scene_01_sudan_sample-Z0005,4,193,3791.26318359375,,unavailable in GeoTIFF; band index reported
scene_01_sudan_sample-Z0005,4,194,3689.26318359375,,unavailable in GeoTIFF; band index reported
scene_01_sudan_sample-Z0005,4,195,3856.315673828125,4601.84051796875,unavailable in GeoTIFF; band index reported
scene_01_sudan_sample-Z0005,4,196,3953.684326171875,,unavailable in GeoTIFF; band index reported
scene_01_sudan_sample-Z0005,4,197,3956.4736328125,,unavailable in GeoTIFF; band index reported
scene_01_sudan_sample-Z0005,4,198,3902.5263671875,,unavailable in GeoTIFF; band index reported
scene_01_sudan_sample-Z0005,4,199,3881.947265625,,unavailable in GeoTIFF; band index reported
scene_01_sudan_sample-Z0005,4,200,3867.684326171875,,unavailable in GeoTIFF; band index reported
scene_01_sudan_sample-Z0005,4,201,3851.052734375,,unavailable in GeoTIFF; band index reported
scene_01_sudan_sample-Z0005,4,202,3819.73681640625,4609.6515,unavailable in GeoTIFF; band index reported
scene_01_sudan_sample-Z0005,4,203,3793.0,,unavailable in GeoTIFF; band index reported
scene_01_sudan_sample-Z0005,4,204,3690.26318359375,,unavailable in GeoTIFF; band index reported
scene_01_sudan_sample-Z0005,4,205,3651.947265625,,unavailable in GeoTIFF; band index reported
scene_01_sudan_sample-Z0005,4,206,3675.368408203125,,unavailable in GeoTIFF; band index reported
scene_01_sudan_sample-Z0005,4,207,3530.368408203125,,unavailable in GeoTIFF; band index reported
scene_01_sudan_sample-Z0005,4,208,3589.0,,unavailable in GeoTIFF; band index reported
scene_01_sudan_sample-Z0005,4,209,3552.157958984375,4314.72705078125,unavailable in GeoTIFF; band index reported
scene_01_sudan_sample-Z0005,4,210,3476.684326171875,,unavailable in GeoTIFF; band index reported
scene_01_sudan_sample-Z0005,4,211,3434.421142578125,,unavailable in GeoTIFF; band index reported
scene_01_sudan_sample-Z0005,4,212,3499.21044921875,,unavailable in GeoTIFF; band index reported
scene_01_sudan_sample-Z0005,4,213,3491.105224609375,,unavailable in GeoTIFF; band index reported
scene_01_sudan_sample-Z0005,4,214,3420.421142578125,,unavailable in GeoTIFF; band index reported
scene_01_sudan_sample-Z0005,4,215,3405.4736328125,,unavailable in GeoTIFF; band index reported
scene_01_sudan_sample-Z0005,4,216,3344.157958984375,4108.290174609376,unavailable in GeoTIFF; band index reported
scene_01_sudan_sample-Z0005,4,217,3366.21044921875,,unavailable in GeoTIFF; band index reported
scene_01_sudan_sample-Z0005,4,218,3339.78955078125,,unavailable in GeoTIFF; band index reported
scene_01_sudan_sample-Z0005,4,219,3299.578857421875,,unavailable in GeoTIFF; band index reported
scene_01_sudan_sample-Z0005,4,220,3182.947265625,,unavailable in GeoTIFF; band index reported
scene_01_sudan_sample-Z0005,4,221,3300.052734375,,unavailable in GeoTIFF; band index reported
scene_01_sudan_sample-Z0005,4,222,3153.842041015625,,unavailable in GeoTIFF; band index reported
scene_01_sudan_sample-Z0005,4,223,3300.578857421875,,unavailable in GeoTIFF; band index reported
scene_01_sudan_sample-Z0005,4,224,2991.73681640625,3667.62747109375,unavailable in GeoTIFF; band index reported
scene_01_sudan_sample-Z0014,5,1,868.8204956054688,1051.31852109375,unavailable in GeoTIFF; band index reported
scene_01_sudan_sample-Z0014,5,2,862.076904296875,,unavailable in GeoTIFF; band index reported
scene_01_sudan_sample-Z0014,5,3,898.94873046875,,unavailable in GeoTIFF; band index reported
scene_01_sudan_sample-Z0014,5,4,947.1025390625,,unavailable in GeoTIFF; band index reported
scene_01_sudan_sample-Z0014,5,5,990.5897216796875,,unavailable in GeoTIFF; band index reported
scene_01_sudan_sample-Z0014,5,6,1017.3076782226562,,unavailable in GeoTIFF; band index reported
scene_01_sudan_sample-Z0014,5,7,1048.4359130859375,,unavailable in GeoTIFF; band index reported
scene_01_sudan_sample-Z0014,5,8,1077.025634765625,1373.8755863281249,unavailable in GeoTIFF; band index reported
scene_01_sudan_sample-Z0014,5,9,1091.974365234375,,unavailable in GeoTIFF; band index reported
scene_01_sudan_sample-Z0014,5,10,1117.0,,unavailable in GeoTIFF; band index reported
scene_01_sudan_sample-Z0014,5,11,1127.974365234375,,unavailable in GeoTIFF; band index reported
scene_01_sudan_sample-Z0014,5,12,1138.05126953125,,unavailable in GeoTIFF; band index reported
scene_01_sudan_sample-Z0014,5,13,1159.820556640625,,unavailable in GeoTIFF; band index reported
scene_01_sudan_sample-Z0014,5,14,1195.3077392578125,,unavailable in GeoTIFF; band index reported
scene_01_sudan_sample-Z0014,5,15,1212.94873046875,1574.3386001953124,unavailable in GeoTIFF; band index reported
scene_01_sudan_sample-Z0014,5,16,1239.4102783203125,,unavailable in GeoTIFF; band index reported
scene_01_sudan_sample-Z0014,5,17,1275.5128173828125,,unavailable in GeoTIFF; band index reported
scene_01_sudan_sample-Z0014,5,18,1306.6409912109375,,unavailable in GeoTIFF; band index reported
scene_01_sudan_sample-Z0014,5,19,1343.4102783203125,,unavailable in GeoTIFF; band index reported
scene_01_sudan_sample-Z0014,5,20,1395.94873046875,,unavailable in GeoTIFF; band index reported
scene_01_sudan_sample-Z0014,5,21,1438.820556640625,,unavailable in GeoTIFF; band index reported
scene_01_sudan_sample-Z0014,5,22,1473.923095703125,1951.21945,unavailable in GeoTIFF; band index reported
scene_01_sudan_sample-Z0014,5,23,1519.794921875,,unavailable in GeoTIFF; band index reported
scene_01_sudan_sample-Z0014,5,24,1567.4871826171875,,unavailable in GeoTIFF; band index reported
scene_01_sudan_sample-Z0014,5,25,1618.8974609375,,unavailable in GeoTIFF; band index reported
scene_01_sudan_sample-Z0014,5,26,1672.974365234375,,unavailable in GeoTIFF; band index reported
scene_01_sudan_sample-Z0014,5,27,1738.230712890625,,unavailable in GeoTIFF; band index reported
scene_01_sudan_sample-Z0014,5,28,1790.5384521484375,,unavailable in GeoTIFF; band index reported
scene_01_sudan_sample-Z0014,5,29,1855.1025390625,2484.001474609375,unavailable in GeoTIFF; band index reported
scene_01_sudan_sample-Z0014,5,30,1916.7435302734375,,unavailable in GeoTIFF; band index reported
scene_01_sudan_sample-Z0014,5,31,1996.7435302734375,,unavailable in GeoTIFF; band index reported
scene_01_sudan_sample-Z0014,5,32,2061.58984375,,unavailable in GeoTIFF; band index reported
scene_01_sudan_sample-Z0014,5,33,2115.230712890625,,unavailable in GeoTIFF; band index reported
scene_01_sudan_sample-Z0014,5,34,2182.179443359375,,unavailable in GeoTIFF; band index reported
scene_01_sudan_sample-Z0014,5,35,2243.58984375,,unavailable in GeoTIFF; band index reported
scene_01_sudan_sample-Z0014,5,36,2289.718017578125,3099.962441796875,unavailable in GeoTIFF; band index reported
scene_01_sudan_sample-Z0014,5,37,2350.35888671875,,unavailable in GeoTIFF; band index reported
scene_01_sudan_sample-Z0014,5,38,2400.615478515625,,unavailable in GeoTIFF; band index reported
scene_01_sudan_sample-Z0014,5,39,2438.58984375,,unavailable in GeoTIFF; band index reported
scene_01_sudan_sample-Z0014,5,40,2467.666748046875,,unavailable in GeoTIFF; band index reported
scene_01_sudan_sample-Z0014,5,41,2513.435791015625,,unavailable in GeoTIFF; band index reported
scene_01_sudan_sample-Z0014,5,42,2542.025634765625,,unavailable in GeoTIFF; band index reported
scene_01_sudan_sample-Z0014,5,43,2553.384521484375,,unavailable in GeoTIFF; band index reported
scene_01_sudan_sample-Z0014,5,44,2587.333251953125,3472.53658828125,unavailable in GeoTIFF; band index reported
scene_01_sudan_sample-Z0014,5,45,2632.1025390625,,unavailable in GeoTIFF; band index reported
scene_01_sudan_sample-Z0014,5,46,2666.487060546875,,unavailable in GeoTIFF; band index reported
scene_01_sudan_sample-Z0014,5,47,2683.94873046875,,unavailable in GeoTIFF; band index reported
scene_01_sudan_sample-Z0014,5,48,2710.1025390625,,unavailable in GeoTIFF; band index reported
scene_01_sudan_sample-Z0014,5,49,2737.487060546875,,unavailable in GeoTIFF; band index reported
scene_01_sudan_sample-Z0014,5,50,2735.53857421875,,unavailable in GeoTIFF; band index reported
scene_01_sudan_sample-Z0014,5,51,2812.820556640625,3737.443991796875,unavailable in GeoTIFF; band index reported
scene_01_sudan_sample-Z0014,5,52,2820.15380859375,,unavailable in GeoTIFF; band index reported
scene_01_sudan_sample-Z0014,5,53,2850.1025390625,,unavailable in GeoTIFF; band index reported
scene_01_sudan_sample-Z0014,5,54,2864.333251953125,,unavailable in GeoTIFF; band index reported
scene_01_sudan_sample-Z0014,5,55,2892.35888671875,,unavailable in GeoTIFF; band index reported
scene_01_sudan_sample-Z0014,5,56,2963.15380859375,,unavailable in GeoTIFF; band index reported
scene_01_sudan_sample-Z0014,5,57,3004.05126953125,,unavailable in GeoTIFF; band index reported
scene_01_sudan_sample-Z0014,5,58,3008.820556640625,3988.527532421875,unavailable in GeoTIFF; band index reported
scene_01_sudan_sample-Z0014,5,59,3029.0,,unavailable in GeoTIFF; band index reported
scene_01_sudan_sample-Z0014,5,60,3009.384521484375,,unavailable in GeoTIFF; band index reported
scene_01_sudan_sample-Z0014,5,61,3094.53857421875,,unavailable in GeoTIFF; band index reported
scene_01_sudan_sample-Z0014,5,62,2939.076904296875,,unavailable in GeoTIFF; band index reported
scene_01_sudan_sample-Z0014,5,63,3127.564208984375,,unavailable in GeoTIFF; band index reported
scene_01_sudan_sample-Z0014,5,64,3160.487060546875,,unavailable in GeoTIFF; band index reported
scene_01_sudan_sample-Z0014,5,65,3196.64111328125,4143.603513281249,unavailable in GeoTIFF; band index reported
scene_01_sudan_sample-Z0014,5,66,3198.53857421875,,unavailable in GeoTIFF; band index reported
scene_01_sudan_sample-Z0014,5,67,3221.0,,unavailable in GeoTIFF; band index reported
scene_01_sudan_sample-Z0014,5,68,3246.076904296875,,unavailable in GeoTIFF; band index reported
scene_01_sudan_sample-Z0014,5,69,3285.718017578125,,unavailable in GeoTIFF; band index reported
scene_01_sudan_sample-Z0014,5,70,3303.974365234375,,unavailable in GeoTIFF; band index reported
scene_01_sudan_sample-Z0014,5,71,3278.205078125,,unavailable in GeoTIFF; band index reported
scene_01_sudan_sample-Z0014,5,72,3275.794921875,4186.1982234375,unavailable in GeoTIFF; band index reported
scene_01_sudan_sample-Z0014,5,73,3313.0,,unavailable in GeoTIFF; band index reported
scene_01_sudan_sample-Z0014,5,74,3284.179443359375,,unavailable in GeoTIFF; band index reported
scene_01_sudan_sample-Z0014,5,75,3342.666748046875,,unavailable in GeoTIFF; band index reported
scene_01_sudan_sample-Z0014,5,76,3302.46142578125,,unavailable in GeoTIFF; band index reported
scene_01_sudan_sample-Z0014,5,77,3296.74365234375,,unavailable in GeoTIFF; band index reported
scene_01_sudan_sample-Z0014,5,78,3342.384521484375,,unavailable in GeoTIFF; band index reported
scene_01_sudan_sample-Z0014,5,79,3339.794921875,,unavailable in GeoTIFF; band index reported
scene_01_sudan_sample-Z0014,5,80,3346.333251953125,4205.03314921875,unavailable in GeoTIFF; band index reported
scene_01_sudan_sample-Z0014,5,81,3343.58984375,,unavailable in GeoTIFF; band index reported
scene_01_sudan_sample-Z0014,5,82,3338.871826171875,,unavailable in GeoTIFF; band index reported
scene_01_sudan_sample-Z0014,5,83,3301.25634765625,,unavailable in GeoTIFF; band index reported
scene_01_sudan_sample-Z0014,5,84,3165.794921875,,unavailable in GeoTIFF; band index reported
scene_01_sudan_sample-Z0014,5,85,3379.025634765625,,unavailable in GeoTIFF; band index reported
scene_01_sudan_sample-Z0014,5,86,3273.94873046875,,unavailable in GeoTIFF; band index reported
scene_01_sudan_sample-Z0014,5,87,3239.333251953125,4028.167868359375,unavailable in GeoTIFF; band index reported
scene_01_sudan_sample-Z0014,5,88,3492.179443359375,,unavailable in GeoTIFF; band index reported
scene_01_sudan_sample-Z0014,5,89,3441.05126953125,,unavailable in GeoTIFF; band index reported
scene_01_sudan_sample-Z0014,5,90,3493.05126953125,,unavailable in GeoTIFF; band index reported
scene_01_sudan_sample-Z0014,5,91,3402.025634765625,,unavailable in GeoTIFF; band index reported
scene_01_sudan_sample-Z0014,5,92,3407.230712890625,,unavailable in GeoTIFF; band index reported
scene_01_sudan_sample-Z0014,5,93,3331.871826171875,,unavailable in GeoTIFF; band index reported
scene_01_sudan_sample-Z0014,5,94,3412.41015625,4274.172117968749,unavailable in GeoTIFF; band index reported
scene_01_sudan_sample-Z0014,5,95,3412.64111328125,,unavailable in GeoTIFF; band index reported
scene_01_sudan_sample-Z0014,5,96,3459.871826171875,,unavailable in GeoTIFF; band index reported
scene_01_sudan_sample-Z0014,5,97,3418.64111328125,,unavailable in GeoTIFF; band index reported
scene_01_sudan_sample-Z0014,5,98,3480.74365234375,,unavailable in GeoTIFF; band index reported
scene_01_sudan_sample-Z0014,5,99,3431.769287109375,,unavailable in GeoTIFF; band index reported
scene_01_sudan_sample-Z0014,5,100,3499.35888671875,,unavailable in GeoTIFF; band index reported
scene_01_sudan_sample-Z0014,5,101,3443.333251953125,4253.874341406249,unavailable in GeoTIFF; band index reported
scene_01_sudan_sample-Z0014,5,102,3515.41015625,,unavailable in GeoTIFF; band index reported
scene_01_sudan_sample-Z0014,5,103,3543.128173828125,,unavailable in GeoTIFF; band index reported
scene_01_sudan_sample-Z0014,5,104,3552.923095703125,,unavailable in GeoTIFF; band index reported
scene_01_sudan_sample-Z0014,5,105,3563.6923828125,,unavailable in GeoTIFF; band index reported
scene_01_sudan_sample-Z0014,5,106,3570.794921875,,unavailable in GeoTIFF; band index reported
scene_01_sudan_sample-Z0014,5,107,3595.615478515625,,unavailable in GeoTIFF; band index reported
scene_01_sudan_sample-Z0014,5,108,3619.281982421875,4505.796640625,unavailable in GeoTIFF; band index reported
scene_01_sudan_sample-Z0014,5,109,3630.84619140625,,unavailable in GeoTIFF; band index reported
scene_01_sudan_sample-Z0014,5,110,3656.8974609375,,unavailable in GeoTIFF; band index reported
scene_01_sudan_sample-Z0014,5,111,3666.1025390625,,unavailable in GeoTIFF; band index reported
scene_01_sudan_sample-Z0014,5,112,3591.666748046875,,unavailable in GeoTIFF; band index reported
scene_01_sudan_sample-Z0014,5,113,3775.230712890625,,unavailable in GeoTIFF; band index reported
scene_01_sudan_sample-Z0014,5,114,3765.281982421875,,unavailable in GeoTIFF; band index reported
scene_01_sudan_sample-Z0014,5,115,3722.076904296875,,unavailable in GeoTIFF; band index reported
scene_01_sudan_sample-Z0014,5,116,3763.58984375,4733.02136953125,unavailable in GeoTIFF; band index reported
scene_01_sudan_sample-Z0014,5,117,3820.128173828125,,unavailable in GeoTIFF; band index reported
scene_01_sudan_sample-Z0014,5,118,3879.64111328125,,unavailable in GeoTIFF; band index reported
scene_01_sudan_sample-Z0014,5,119,3893.25634765625,,unavailable in GeoTIFF; band index reported
scene_01_sudan_sample-Z0014,5,120,3909.15380859375,,unavailable in GeoTIFF; band index reported
scene_01_sudan_sample-Z0014,5,121,3937.64111328125,,unavailable in GeoTIFF; band index reported
scene_01_sudan_sample-Z0014,5,122,3957.333251953125,,unavailable in GeoTIFF; band index reported
scene_01_sudan_sample-Z0014,5,123,3984.25634765625,4989.78783046875,unavailable in GeoTIFF; band index reported
scene_01_sudan_sample-Z0014,5,124,4014.74365234375,,unavailable in GeoTIFF; band index reported
scene_01_sudan_sample-Z0014,5,125,4087.128173828125,,unavailable in GeoTIFF; band index reported
scene_01_sudan_sample-Z0014,5,126,4057.666748046875,,unavailable in GeoTIFF; band index reported
scene_01_sudan_sample-Z0014,5,127,4045.435791015625,,unavailable in GeoTIFF; band index reported
scene_01_sudan_sample-Z0014,5,128,4062.333251953125,,unavailable in GeoTIFF; band index reported
scene_01_sudan_sample-Z0014,5,129,4058.820556640625,,unavailable in GeoTIFF; band index reported
scene_01_sudan_sample-Z0014,5,130,4028.3076171875,5089.9508171874995,unavailable in GeoTIFF; band index reported
scene_01_sudan_sample-Z0014,5,131,-32768.0,,unavailable in GeoTIFF; band index reported
scene_01_sudan_sample-Z0014,5,132,-32768.0,,unavailable in GeoTIFF; band index reported
scene_01_sudan_sample-Z0014,5,133,-32768.0,,unavailable in GeoTIFF; band index reported
scene_01_sudan_sample-Z0014,5,134,-32768.0,,unavailable in GeoTIFF; band index reported
scene_01_sudan_sample-Z0014,5,135,-32768.0,,unavailable in GeoTIFF; band index reported
scene_01_sudan_sample-Z0014,5,136,4152.76904296875,,unavailable in GeoTIFF; band index reported
scene_01_sudan_sample-Z0014,5,137,4203.2822265625,5206.2419515625,unavailable in GeoTIFF; band index reported
scene_01_sudan_sample-Z0014,5,138,4163.615234375,,unavailable in GeoTIFF; band index reported
scene_01_sudan_sample-Z0014,5,139,4191.5126953125,,unavailable in GeoTIFF; band index reported
scene_01_sudan_sample-Z0014,5,140,4237.97412109375,,unavailable in GeoTIFF; band index reported
scene_01_sudan_sample-Z0014,5,141,4287.23095703125,,unavailable in GeoTIFF; band index reported
scene_01_sudan_sample-Z0014,5,142,4311.66650390625,,unavailable in GeoTIFF; band index reported
scene_01_sudan_sample-Z0014,5,143,4313.384765625,,unavailable in GeoTIFF; band index reported
scene_01_sudan_sample-Z0014,5,144,4323.8974609375,5244.2225421875,unavailable in GeoTIFF; band index reported
scene_01_sudan_sample-Z0014,5,145,4341.8203125,,unavailable in GeoTIFF; band index reported
scene_01_sudan_sample-Z0014,5,146,4341.615234375,,unavailable in GeoTIFF; band index reported
scene_01_sudan_sample-Z0014,5,147,4365.15380859375,,unavailable in GeoTIFF; band index reported
scene_01_sudan_sample-Z0014,5,148,4361.794921875,,unavailable in GeoTIFF; band index reported
scene_01_sudan_sample-Z0014,5,149,4355.53857421875,,unavailable in GeoTIFF; band index reported
scene_01_sudan_sample-Z0014,5,150,4381.58984375,,unavailable in GeoTIFF; band index reported
scene_01_sudan_sample-Z0014,5,151,4374.25634765625,,unavailable in GeoTIFF; band index reported
scene_01_sudan_sample-Z0014,5,152,4367.25634765625,5271.1466234375,unavailable in GeoTIFF; band index reported
scene_01_sudan_sample-Z0014,5,153,4364.4873046875,,unavailable in GeoTIFF; band index reported
scene_01_sudan_sample-Z0014,5,154,4389.2822265625,,unavailable in GeoTIFF; band index reported
scene_01_sudan_sample-Z0014,5,155,4376.43603515625,,unavailable in GeoTIFF; band index reported
scene_01_sudan_sample-Z0014,5,156,4388.384765625,,unavailable in GeoTIFF; band index reported
scene_01_sudan_sample-Z0014,5,157,4385.56396484375,,unavailable in GeoTIFF; band index reported
scene_01_sudan_sample-Z0014,5,158,4388.43603515625,,unavailable in GeoTIFF; band index reported
scene_01_sudan_sample-Z0014,5,159,4403.794921875,5275.7220875,unavailable in GeoTIFF; band index reported
scene_01_sudan_sample-Z0014,5,160,4397.3076171875,,unavailable in GeoTIFF; band index reported
scene_01_sudan_sample-Z0014,5,161,4376.43603515625,,unavailable in GeoTIFF; band index reported
scene_01_sudan_sample-Z0014,5,162,4380.97412109375,,unavailable in GeoTIFF; band index reported
scene_01_sudan_sample-Z0014,5,163,4392.8974609375,,unavailable in GeoTIFF; band index reported
scene_01_sudan_sample-Z0014,5,164,4350.76904296875,,unavailable in GeoTIFF; band index reported
scene_01_sudan_sample-Z0014,5,165,4305.5126953125,,unavailable in GeoTIFF; band index reported
scene_01_sudan_sample-Z0014,5,166,4211.33349609375,5042.5862859375,unavailable in GeoTIFF; band index reported
scene_01_sudan_sample-Z0014,5,167,3931.487060546875,,unavailable in GeoTIFF; band index reported
scene_01_sudan_sample-Z0014,5,168,4086.179443359375,,unavailable in GeoTIFF; band index reported
scene_01_sudan_sample-Z0014,5,169,4185.64111328125,,unavailable in GeoTIFF; band index reported
scene_01_sudan_sample-Z0014,5,170,3868.64111328125,,unavailable in GeoTIFF; band index reported
scene_01_sudan_sample-Z0014,5,171,3496.281982421875,,unavailable in GeoTIFF; band index reported
scene_01_sudan_sample-Z0014,5,172,3715.25634765625,,unavailable in GeoTIFF; band index reported
scene_01_sudan_sample-Z0014,5,173,4113.1796875,4975.848425,unavailable in GeoTIFF; band index reported
scene_01_sudan_sample-Z0014,5,174,4263.97412109375,,unavailable in GeoTIFF; band index reported
scene_01_sudan_sample-Z0014,5,175,4323.41015625,,unavailable in GeoTIFF; band index reported
scene_01_sudan_sample-Z0014,5,176,4153.1025390625,,unavailable in GeoTIFF; band index reported
scene_01_sudan_sample-Z0014,5,177,4239.615234375,,unavailable in GeoTIFF; band index reported
scene_01_sudan_sample-Z0014,5,178,4224.46142578125,,unavailable in GeoTIFF; band index reported
scene_01_sudan_sample-Z0014,5,179,4307.66650390625,,unavailable in GeoTIFF; band index reported
scene_01_sudan_sample-Z0014,5,180,4258.66650390625,5093.39304375,unavailable in GeoTIFF; band index reported
scene_01_sudan_sample-Z0014,5,181,4255.58984375,,unavailable in GeoTIFF; band index reported
scene_01_sudan_sample-Z0014,5,182,4272.2822265625,,unavailable in GeoTIFF; band index reported
scene_01_sudan_sample-Z0014,5,183,4233.8974609375,,unavailable in GeoTIFF; band index reported
scene_01_sudan_sample-Z0014,5,184,4254.43603515625,,unavailable in GeoTIFF; band index reported
scene_01_sudan_sample-Z0014,5,185,4210.794921875,,unavailable in GeoTIFF; band index reported
scene_01_sudan_sample-Z0014,5,186,4136.41015625,,unavailable in GeoTIFF; band index reported
scene_01_sudan_sample-Z0014,5,187,4016.974365234375,,unavailable in GeoTIFF; band index reported
scene_01_sudan_sample-Z0014,5,188,3904.384521484375,4880.5461171874995,unavailable in GeoTIFF; band index reported
scene_01_sudan_sample-Z0014,5,189,3834.718017578125,,unavailable in GeoTIFF; band index reported
scene_01_sudan_sample-Z0014,5,190,3826.281982421875,,unavailable in GeoTIFF; band index reported
scene_01_sudan_sample-Z0014,5,191,3810.35888671875,,unavailable in GeoTIFF; band index reported
scene_01_sudan_sample-Z0014,5,192,3739.25634765625,,unavailable in GeoTIFF; band index reported
scene_01_sudan_sample-Z0014,5,193,3618.333251953125,,unavailable in GeoTIFF; band index reported
scene_01_sudan_sample-Z0014,5,194,3505.64111328125,,unavailable in GeoTIFF; band index reported
scene_01_sudan_sample-Z0014,5,195,3696.53857421875,4601.84051796875,unavailable in GeoTIFF; band index reported
scene_01_sudan_sample-Z0014,5,196,3839.6923828125,,unavailable in GeoTIFF; band index reported
scene_01_sudan_sample-Z0014,5,197,3857.769287109375,,unavailable in GeoTIFF; band index reported
scene_01_sudan_sample-Z0014,5,198,3827.179443359375,,unavailable in GeoTIFF; band index reported
scene_01_sudan_sample-Z0014,5,199,3801.281982421875,,unavailable in GeoTIFF; band index reported
scene_01_sudan_sample-Z0014,5,200,3788.820556640625,,unavailable in GeoTIFF; band index reported
scene_01_sudan_sample-Z0014,5,201,3785.8974609375,,unavailable in GeoTIFF; band index reported
scene_01_sudan_sample-Z0014,5,202,3760.615478515625,4609.6515,unavailable in GeoTIFF; band index reported
scene_01_sudan_sample-Z0014,5,203,3717.615478515625,,unavailable in GeoTIFF; band index reported
scene_01_sudan_sample-Z0014,5,204,3655.076904296875,,unavailable in GeoTIFF; band index reported
scene_01_sudan_sample-Z0014,5,205,3599.128173828125,,unavailable in GeoTIFF; band index reported
scene_01_sudan_sample-Z0014,5,206,3588.53857421875,,unavailable in GeoTIFF; band index reported
scene_01_sudan_sample-Z0014,5,207,3492.8974609375,,unavailable in GeoTIFF; band index reported
scene_01_sudan_sample-Z0014,5,208,3500.205078125,,unavailable in GeoTIFF; band index reported
scene_01_sudan_sample-Z0014,5,209,3490.384521484375,4314.72705078125,unavailable in GeoTIFF; band index reported
scene_01_sudan_sample-Z0014,5,210,3439.25634765625,,unavailable in GeoTIFF; band index reported
scene_01_sudan_sample-Z0014,5,211,3381.025634765625,,unavailable in GeoTIFF; band index reported
scene_01_sudan_sample-Z0014,5,212,3417.6923828125,,unavailable in GeoTIFF; band index reported
scene_01_sudan_sample-Z0014,5,213,3429.128173828125,,unavailable in GeoTIFF; band index reported
scene_01_sudan_sample-Z0014,5,214,3364.1025390625,,unavailable in GeoTIFF; band index reported
scene_01_sudan_sample-Z0014,5,215,3349.0,,unavailable in GeoTIFF; band index reported
scene_01_sudan_sample-Z0014,5,216,3281.41015625,4108.290174609376,unavailable in GeoTIFF; band index reported
scene_01_sudan_sample-Z0014,5,217,3306.435791015625,,unavailable in GeoTIFF; band index reported
scene_01_sudan_sample-Z0014,5,218,3313.564208984375,,unavailable in GeoTIFF; band index reported
scene_01_sudan_sample-Z0014,5,219,3260.15380859375,,unavailable in GeoTIFF; band index reported
scene_01_sudan_sample-Z0014,5,220,3153.564208984375,,unavailable in GeoTIFF; band index reported
scene_01_sudan_sample-Z0014,5,221,3205.333251953125,,unavailable in GeoTIFF; band index reported
scene_01_sudan_sample-Z0014,5,222,3144.74365234375,,unavailable in GeoTIFF; band index reported
scene_01_sudan_sample-Z0014,5,223,3161.128173828125,,unavailable in GeoTIFF; band index reported
scene_01_sudan_sample-Z0014,5,224,2998.487060546875,3667.62747109375,unavailable in GeoTIFF; band index reported
scene_01_sudan_sample-Z0016,6,1,784.9166870117188,1051.31852109375,unavailable in GeoTIFF; band index reported
scene_01_sudan_sample-Z0016,6,2,798.8333129882812,,unavailable in GeoTIFF; band index reported
scene_01_sudan_sample-Z0016,6,3,818.638916015625,,unavailable in GeoTIFF; band index reported
scene_01_sudan_sample-Z0016,6,4,867.1666870117188,,unavailable in GeoTIFF; band index reported
scene_01_sudan_sample-Z0016,6,5,907.25,,unavailable in GeoTIFF; band index reported
scene_01_sudan_sample-Z0016,6,6,930.0277709960938,,unavailable in GeoTIFF; band index reported
scene_01_sudan_sample-Z0016,6,7,970.5555419921875,,unavailable in GeoTIFF; band index reported
scene_01_sudan_sample-Z0016,6,8,999.7222290039062,1373.8755863281249,unavailable in GeoTIFF; band index reported
scene_01_sudan_sample-Z0016,6,9,1006.8055419921875,,unavailable in GeoTIFF; band index reported
scene_01_sudan_sample-Z0016,6,10,1034.6944580078125,,unavailable in GeoTIFF; band index reported
scene_01_sudan_sample-Z0016,6,11,1041.6944580078125,,unavailable in GeoTIFF; band index reported
scene_01_sudan_sample-Z0016,6,12,1052.25,,unavailable in GeoTIFF; band index reported
scene_01_sudan_sample-Z0016,6,13,1064.138916015625,,unavailable in GeoTIFF; band index reported
scene_01_sudan_sample-Z0016,6,14,1098.72216796875,,unavailable in GeoTIFF; band index reported
scene_01_sudan_sample-Z0016,6,15,1123.47216796875,1574.3386001953124,unavailable in GeoTIFF; band index reported
scene_01_sudan_sample-Z0016,6,16,1151.6944580078125,,unavailable in GeoTIFF; band index reported
scene_01_sudan_sample-Z0016,6,17,1180.9166259765625,,unavailable in GeoTIFF; band index reported
scene_01_sudan_sample-Z0016,6,18,1198.5,,unavailable in GeoTIFF; band index reported
scene_01_sudan_sample-Z0016,6,19,1243.6944580078125,,unavailable in GeoTIFF; band index reported
scene_01_sudan_sample-Z0016,6,20,1288.4166259765625,,unavailable in GeoTIFF; band index reported
scene_01_sudan_sample-Z0016,6,21,1333.4444580078125,,unavailable in GeoTIFF; band index reported
scene_01_sudan_sample-Z0016,6,22,1380.5555419921875,1951.21945,unavailable in GeoTIFF; band index reported
scene_01_sudan_sample-Z0016,6,23,1415.1944580078125,,unavailable in GeoTIFF; band index reported
scene_01_sudan_sample-Z0016,6,24,1461.861083984375,,unavailable in GeoTIFF; band index reported
scene_01_sudan_sample-Z0016,6,25,1511.9444580078125,,unavailable in GeoTIFF; band index reported
scene_01_sudan_sample-Z0016,6,26,1570.4444580078125,,unavailable in GeoTIFF; band index reported
scene_01_sudan_sample-Z0016,6,27,1631.1666259765625,,unavailable in GeoTIFF; band index reported
scene_01_sudan_sample-Z0016,6,28,1677.97216796875,,unavailable in GeoTIFF; band index reported
scene_01_sudan_sample-Z0016,6,29,1753.3055419921875,2484.001474609375,unavailable in GeoTIFF; band index reported
scene_01_sudan_sample-Z0016,6,30,1813.0555419921875,,unavailable in GeoTIFF; band index reported
scene_01_sudan_sample-Z0016,6,31,1893.1666259765625,,unavailable in GeoTIFF; band index reported
scene_01_sudan_sample-Z0016,6,32,1963.0833740234375,,unavailable in GeoTIFF; band index reported
scene_01_sudan_sample-Z0016,6,33,2015.52783203125,,unavailable in GeoTIFF; band index reported
scene_01_sudan_sample-Z0016,6,34,2095.72216796875,,unavailable in GeoTIFF; band index reported
scene_01_sudan_sample-Z0016,6,35,2152.72216796875,,unavailable in GeoTIFF; band index reported
scene_01_sudan_sample-Z0016,6,36,2212.861083984375,3099.962441796875,unavailable in GeoTIFF; band index reported
scene_01_sudan_sample-Z0016,6,37,2273.0,,unavailable in GeoTIFF; band index reported
scene_01_sudan_sample-Z0016,6,38,2316.416748046875,,unavailable in GeoTIFF; band index reported
scene_01_sudan_sample-Z0016,6,39,2354.0556640625,,unavailable in GeoTIFF; band index reported
scene_01_sudan_sample-Z0016,6,40,2380.166748046875,,unavailable in GeoTIFF; band index reported
scene_01_sudan_sample-Z0016,6,41,2427.0556640625,,unavailable in GeoTIFF; band index reported
scene_01_sudan_sample-Z0016,6,42,2452.27783203125,,unavailable in GeoTIFF; band index reported
scene_01_sudan_sample-Z0016,6,43,2464.75,,unavailable in GeoTIFF; band index reported
scene_01_sudan_sample-Z0016,6,44,2502.4443359375,3472.53658828125,unavailable in GeoTIFF; band index reported
scene_01_sudan_sample-Z0016,6,45,2542.52783203125,,unavailable in GeoTIFF; band index reported
scene_01_sudan_sample-Z0016,6,46,2572.0,,unavailable in GeoTIFF; band index reported
scene_01_sudan_sample-Z0016,6,47,2598.97216796875,,unavailable in GeoTIFF; band index reported
scene_01_sudan_sample-Z0016,6,48,2615.75,,unavailable in GeoTIFF; band index reported
scene_01_sudan_sample-Z0016,6,49,2635.22216796875,,unavailable in GeoTIFF; band index reported
scene_01_sudan_sample-Z0016,6,50,2640.638916015625,,unavailable in GeoTIFF; band index reported
scene_01_sudan_sample-Z0016,6,51,2700.888916015625,3737.443991796875,unavailable in GeoTIFF; band index reported
scene_01_sudan_sample-Z0016,6,52,2731.638916015625,,unavailable in GeoTIFF; band index reported
scene_01_sudan_sample-Z0016,6,53,2753.4443359375,,unavailable in GeoTIFF; band index reported
scene_01_sudan_sample-Z0016,6,54,2764.0,,unavailable in GeoTIFF; band index reported
scene_01_sudan_sample-Z0016,6,55,2792.72216796875,,unavailable in GeoTIFF; band index reported
scene_01_sudan_sample-Z0016,6,56,2860.8056640625,,unavailable in GeoTIFF; band index reported
scene_01_sudan_sample-Z0016,6,57,2916.6943359375,,unavailable in GeoTIFF; band index reported
scene_01_sudan_sample-Z0016,6,58,2903.47216796875,3988.527532421875,unavailable in GeoTIFF; band index reported
scene_01_sudan_sample-Z0016,6,59,2918.0556640625,,unavailable in GeoTIFF; band index reported
scene_01_sudan_sample-Z0016,6,60,2899.97216796875,,unavailable in GeoTIFF; band index reported
scene_01_sudan_sample-Z0016,6,61,2967.52783203125,,unavailable in GeoTIFF; band index reported
scene_01_sudan_sample-Z0016,6,62,2878.77783203125,,unavailable in GeoTIFF; band index reported
scene_01_sudan_sample-Z0016,6,63,2998.666748046875,,unavailable in GeoTIFF; band index reported
scene_01_sudan_sample-Z0016,6,64,3025.25,,unavailable in GeoTIFF; band index reported
scene_01_sudan_sample-Z0016,6,65,3038.6943359375,4143.603513281249,unavailable in GeoTIFF; band index reported
scene_01_sudan_sample-Z0016,6,66,3058.166748046875,,unavailable in GeoTIFF; band index reported
scene_01_sudan_sample-Z0016,6,67,3058.361083984375,,unavailable in GeoTIFF; band index reported
scene_01_sudan_sample-Z0016,6,68,3070.1943359375,,unavailable in GeoTIFF; band index reported
scene_01_sudan_sample-Z0016,6,69,3103.611083984375,,unavailable in GeoTIFF; band index reported
scene_01_sudan_sample-Z0016,6,70,3114.02783203125,,unavailable in GeoTIFF; band index reported
scene_01_sudan_sample-Z0016,6,71,3083.52783203125,,unavailable in GeoTIFF; band index reported
scene_01_sudan_sample-Z0016,6,72,3063.888916015625,4186.1982234375,unavailable in GeoTIFF; band index reported
scene_01_sudan_sample-Z0016,6,73,3076.638916015625,,unavailable in GeoTIFF; band index reported
scene_01_sudan_sample-Z0016,6,74,3080.888916015625,,unavailable in GeoTIFF; band index reported
scene_01_sudan_sample-Z0016,6,75,3080.361083984375,,unavailable in GeoTIFF; band index reported
scene_01_sudan_sample-Z0016,6,76,3073.72216796875,,unavailable in GeoTIFF; band index reported
scene_01_sudan_sample-Z0016,6,77,3038.111083984375,,unavailable in GeoTIFF; band index reported
scene_01_sudan_sample-Z0016,6,78,3073.111083984375,,unavailable in GeoTIFF; band index reported
scene_01_sudan_sample-Z0016,6,79,3109.75,,unavailable in GeoTIFF; band index reported
scene_01_sudan_sample-Z0016,6,80,3110.111083984375,4205.03314921875,unavailable in GeoTIFF; band index reported
scene_01_sudan_sample-Z0016,6,81,3102.888916015625,,unavailable in GeoTIFF; band index reported
scene_01_sudan_sample-Z0016,6,82,3102.02783203125,,unavailable in GeoTIFF; band index reported
scene_01_sudan_sample-Z0016,6,83,3072.0556640625,,unavailable in GeoTIFF; band index reported
scene_01_sudan_sample-Z0016,6,84,2933.02783203125,,unavailable in GeoTIFF; band index reported
scene_01_sudan_sample-Z0016,6,85,3132.9443359375,,unavailable in GeoTIFF; band index reported
scene_01_sudan_sample-Z0016,6,86,3024.3056640625,,unavailable in GeoTIFF; band index reported
scene_01_sudan_sample-Z0016,6,87,2989.666748046875,4028.167868359375,unavailable in GeoTIFF; band index reported
scene_01_sudan_sample-Z0016,6,88,3283.638916015625,,unavailable in GeoTIFF; band index reported
scene_01_sudan_sample-Z0016,6,89,3218.25,,unavailable in GeoTIFF; band index reported
scene_01_sudan_sample-Z0016,6,90,3282.388916015625,,unavailable in GeoTIFF; band index reported
scene_01_sudan_sample-Z0016,6,91,3182.72216796875,,unavailable in GeoTIFF; band index reported
scene_01_sudan_sample-Z0016,6,92,3221.138916015625,,unavailable in GeoTIFF; band index reported
scene_01_sudan_sample-Z0016,6,93,3128.02783203125,,unavailable in GeoTIFF; band index reported
scene_01_sudan_sample-Z0016,6,94,3198.861083984375,4274.172117968749,unavailable in GeoTIFF; band index reported
scene_01_sudan_sample-Z0016,6,95,3189.5556640625,,unavailable in GeoTIFF; band index reported
scene_01_sudan_sample-Z0016,6,96,3226.611083984375,,unavailable in GeoTIFF; band index reported
scene_01_sudan_sample-Z0016,6,97,3209.9443359375,,unavailable in GeoTIFF; band index reported
scene_01_sudan_sample-Z0016,6,98,3243.22216796875,,unavailable in GeoTIFF; band index reported
scene_01_sudan_sample-Z0016,6,99,3214.6943359375,,unavailable in GeoTIFF; band index reported
scene_01_sudan_sample-Z0016,6,100,3256.5,,unavailable in GeoTIFF; band index reported
scene_01_sudan_sample-Z0016,6,101,3250.888916015625,4253.874341406249,unavailable in GeoTIFF; band index reported
scene_01_sudan_sample-Z0016,6,102,3273.666748046875,,unavailable in GeoTIFF; band index reported
scene_01_sudan_sample-Z0016,6,103,3303.888916015625,,unavailable in GeoTIFF; band index reported
scene_01_sudan_sample-Z0016,6,104,3322.9443359375,,unavailable in GeoTIFF; band index reported
scene_01_sudan_sample-Z0016,6,105,3341.25,,unavailable in GeoTIFF; band index reported
scene_01_sudan_sample-Z0016,6,106,3357.083251953125,,unavailable in GeoTIFF; band index reported
scene_01_sudan_sample-Z0016,6,107,3386.25,,unavailable in GeoTIFF; band index reported
scene_01_sudan_sample-Z0016,6,108,3421.0556640625,4505.796640625,unavailable in GeoTIFF; band index reported
scene_01_sudan_sample-Z0016,6,109,3442.083251953125,,unavailable in GeoTIFF; band index reported
scene_01_sudan_sample-Z0016,6,110,3478.166748046875,,unavailable in GeoTIFF; band index reported
scene_01_sudan_sample-Z0016,6,111,3497.611083984375,,unavailable in GeoTIFF; band index reported
scene_01_sudan_sample-Z0016,6,112,3417.4443359375,,unavailable in GeoTIFF; band index reported
scene_01_sudan_sample-Z0016,6,113,3708.888916015625,,unavailable in GeoTIFF; band index reported
scene_01_sudan_sample-Z0016,6,114,3680.52783203125,,unavailable in GeoTIFF; band index reported
scene_01_sudan_sample-Z0016,6,115,3679.638916015625,,unavailable in GeoTIFF; band index reported
scene_01_sudan_sample-Z0016,6,116,3703.1943359375,4733.02136953125,unavailable in GeoTIFF; band index reported
scene_01_sudan_sample-Z0016,6,117,3748.3056640625,,unavailable in GeoTIFF; band index reported
scene_01_sudan_sample-Z0016,6,118,3827.0556640625,,unavailable in GeoTIFF; band index reported
scene_01_sudan_sample-Z0016,6,119,3844.583251953125,,unavailable in GeoTIFF; band index reported
scene_01_sudan_sample-Z0016,6,120,3877.4443359375,,unavailable in GeoTIFF; band index reported
scene_01_sudan_sample-Z0016,6,121,3919.6943359375,,unavailable in GeoTIFF; band index reported
scene_01_sudan_sample-Z0016,6,122,3953.138916015625,,unavailable in GeoTIFF; band index reported
scene_01_sudan_sample-Z0016,6,123,3983.666748046875,4989.78783046875,unavailable in GeoTIFF; band index reported
scene_01_sudan_sample-Z0016,6,124,4013.25,,unavailable in GeoTIFF; band index reported
scene_01_sudan_sample-Z0016,6,125,4123.9443359375,,unavailable in GeoTIFF; band index reported
scene_01_sudan_sample-Z0016,6,126,4096.0,,unavailable in GeoTIFF; band index reported
scene_01_sudan_sample-Z0016,6,127,4091.833251953125,,unavailable in GeoTIFF; band index reported
scene_01_sudan_sample-Z0016,6,128,4127.58349609375,,unavailable in GeoTIFF; band index reported
scene_01_sudan_sample-Z0016,6,129,4136.3056640625,,unavailable in GeoTIFF; band index reported
scene_01_sudan_sample-Z0016,6,130,4122.41650390625,5089.9508171874995,unavailable in GeoTIFF; band index reported
scene_01_sudan_sample-Z0016,6,131,-32768.0,,unavailable in GeoTIFF; band index reported
scene_01_sudan_sample-Z0016,6,132,-32768.0,,unavailable in GeoTIFF; band index reported
scene_01_sudan_sample-Z0016,6,133,-32768.0,,unavailable in GeoTIFF; band index reported
scene_01_sudan_sample-Z0016,6,134,-32768.0,,unavailable in GeoTIFF; band index reported
scene_01_sudan_sample-Z0016,6,135,-32768.0,,unavailable in GeoTIFF; band index reported
scene_01_sudan_sample-Z0016,6,136,4391.888671875,,unavailable in GeoTIFF; band index reported
scene_01_sudan_sample-Z0016,6,137,4292.111328125,5206.2419515625,unavailable in GeoTIFF; band index reported
scene_01_sudan_sample-Z0016,6,138,4303.888671875,,unavailable in GeoTIFF; band index reported
scene_01_sudan_sample-Z0016,6,139,4336.6943359375,,unavailable in GeoTIFF; band index reported
scene_01_sudan_sample-Z0016,6,140,4333.0556640625,,unavailable in GeoTIFF; band index reported
scene_01_sudan_sample-Z0016,6,141,4358.138671875,,unavailable in GeoTIFF; band index reported
scene_01_sudan_sample-Z0016,6,142,4376.138671875,,unavailable in GeoTIFF; band index reported
scene_01_sudan_sample-Z0016,6,143,4365.08349609375,,unavailable in GeoTIFF; band index reported
scene_01_sudan_sample-Z0016,6,144,4373.08349609375,5244.2225421875,unavailable in GeoTIFF; band index reported
scene_01_sudan_sample-Z0016,6,145,4384.77783203125,,unavailable in GeoTIFF; band index reported
scene_01_sudan_sample-Z0016,6,146,4367.22216796875,,unavailable in GeoTIFF; band index reported
scene_01_sudan_sample-Z0016,6,147,4408.138671875,,unavailable in GeoTIFF; band index reported
scene_01_sudan_sample-Z0016,6,148,4402.1943359375,,unavailable in GeoTIFF; band index reported
scene_01_sudan_sample-Z0016,6,149,4376.72216796875,,unavailable in GeoTIFF; band index reported
scene_01_sudan_sample-Z0016,6,150,4418.16650390625,,unavailable in GeoTIFF; band index reported
scene_01_sudan_sample-Z0016,6,151,4406.52783203125,,unavailable in GeoTIFF; band index reported
scene_01_sudan_sample-Z0016,6,152,4386.6943359375,5271.1466234375,unavailable in GeoTIFF; band index reported
scene_01_sudan_sample-Z0016,6,153,4384.861328125,,unavailable in GeoTIFF; band index reported
scene_01_sudan_sample-Z0016,6,154,4406.83349609375,,unavailable in GeoTIFF; band index reported
scene_01_sudan_sample-Z0016,6,155,4388.0556640625,,unavailable in GeoTIFF; band index reported
scene_01_sudan_sample-Z0016,6,156,4400.58349609375,,unavailable in GeoTIFF; band index reported
scene_01_sudan_sample-Z0016,6,157,4405.16650390625,,unavailable in GeoTIFF; band index reported
scene_01_sudan_sample-Z0016,6,158,4402.91650390625,,unavailable in GeoTIFF; band index reported
scene_01_sudan_sample-Z0016,6,159,4403.5,5275.7220875,unavailable in GeoTIFF; band index reported
scene_01_sudan_sample-Z0016,6,160,4413.9443359375,,unavailable in GeoTIFF; band index reported
scene_01_sudan_sample-Z0016,6,161,4394.58349609375,,unavailable in GeoTIFF; band index reported
scene_01_sudan_sample-Z0016,6,162,4407.22216796875,,unavailable in GeoTIFF; band index reported
scene_01_sudan_sample-Z0016,6,163,4406.0,,unavailable in GeoTIFF; band index reported
scene_01_sudan_sample-Z0016,6,164,4359.97216796875,,unavailable in GeoTIFF; band index reported
scene_01_sudan_sample-Z0016,6,165,4309.9443359375,,unavailable in GeoTIFF; band index reported
scene_01_sudan_sample-Z0016,6,166,4224.83349609375,5042.5862859375,unavailable in GeoTIFF; band index reported
scene_01_sudan_sample-Z0016,6,167,4162.52783203125,,unavailable in GeoTIFF; band index reported
scene_01_sudan_sample-Z0016,6,168,4236.138671875,,unavailable in GeoTIFF; band index reported
scene_01_sudan_sample-Z0016,6,169,4275.138671875,,unavailable in GeoTIFF; band index reported
scene_01_sudan_sample-Z0016,6,170,3754.888916015625,,unavailable in GeoTIFF; band index reported
scene_01_sudan_sample-Z0016,6,171,3577.72216796875,,unavailable in GeoTIFF; band index reported
scene_01_sudan_sample-Z0016,6,172,3901.6943359375,,unavailable in GeoTIFF; band index reported
scene_01_sudan_sample-Z0016,6,173,4349.111328125,4975.848425,unavailable in GeoTIFF; band index reported
scene_01_sudan_sample-Z0016,6,174,4376.58349609375,,unavailable in GeoTIFF; band index reported
scene_01_sudan_sample-Z0016,6,175,4372.27783203125,,unavailable in GeoTIFF; band index reported
scene_01_sudan_sample-Z0016,6,176,4162.361328125,,unavailable in GeoTIFF; band index reported
scene_01_sudan_sample-Z0016,6,177,4358.91650390625,,unavailable in GeoTIFF; band index reported
scene_01_sudan_sample-Z0016,6,178,4376.0556640625,,unavailable in GeoTIFF; band index reported
scene_01_sudan_sample-Z0016,6,179,4477.0556640625,,unavailable in GeoTIFF; band index reported
scene_01_sudan_sample-Z0016,6,180,4409.6943359375,5093.39304375,unavailable in GeoTIFF; band index reported
scene_01_sudan_sample-Z0016,6,181,4424.72216796875,,unavailable in GeoTIFF; band index reported
scene_01_sudan_sample-Z0016,6,182,4442.361328125,,unavailable in GeoTIFF; band index reported
scene_01_sudan_sample-Z0016,6,183,4429.47216796875,,unavailable in GeoTIFF; band index reported
scene_01_sudan_sample-Z0016,6,184,4447.66650390625,,unavailable in GeoTIFF; band index reported
scene_01_sudan_sample-Z0016,6,185,4422.9443359375,,unavailable in GeoTIFF; band index reported
scene_01_sudan_sample-Z0016,6,186,4367.97216796875,,unavailable in GeoTIFF; band index reported
scene_01_sudan_sample-Z0016,6,187,4294.52783203125,,unavailable in GeoTIFF; band index reported
scene_01_sudan_sample-Z0016,6,188,4218.16650390625,4880.5461171874995,unavailable in GeoTIFF; band index reported
scene_01_sudan_sample-Z0016,6,189,4174.25,,unavailable in GeoTIFF; band index reported
scene_01_sudan_sample-Z0016,6,190,4161.58349609375,,unavailable in GeoTIFF; band index reported
scene_01_sudan_sample-Z0016,6,191,4130.77783203125,,unavailable in GeoTIFF; band index reported
scene_01_sudan_sample-Z0016,6,192,4069.0556640625,,unavailable in GeoTIFF; band index reported
scene_01_sudan_sample-Z0016,6,193,3958.0556640625,,unavailable in GeoTIFF; band index reported
scene_01_sudan_sample-Z0016,6,194,3893.583251953125,,unavailable in GeoTIFF; band index reported
scene_01_sudan_sample-Z0016,6,195,4016.22216796875,4601.84051796875,unavailable in GeoTIFF; band index reported
scene_01_sudan_sample-Z0016,6,196,4098.388671875,,unavailable in GeoTIFF; band index reported
scene_01_sudan_sample-Z0016,6,197,4092.083251953125,,unavailable in GeoTIFF; band index reported
scene_01_sudan_sample-Z0016,6,198,4048.333251953125,,unavailable in GeoTIFF; band index reported
scene_01_sudan_sample-Z0016,6,199,4037.888916015625,,unavailable in GeoTIFF; band index reported
scene_01_sudan_sample-Z0016,6,200,4021.083251953125,,unavailable in GeoTIFF; band index reported
scene_01_sudan_sample-Z0016,6,201,4018.72216796875,,unavailable in GeoTIFF; band index reported
scene_01_sudan_sample-Z0016,6,202,4005.8056640625,4609.6515,unavailable in GeoTIFF; band index reported
scene_01_sudan_sample-Z0016,6,203,3966.52783203125,,unavailable in GeoTIFF; band index reported
scene_01_sudan_sample-Z0016,6,204,3879.9443359375,,unavailable in GeoTIFF; band index reported
scene_01_sudan_sample-Z0016,6,205,3850.52783203125,,unavailable in GeoTIFF; band index reported
scene_01_sudan_sample-Z0016,6,206,3894.833251953125,,unavailable in GeoTIFF; band index reported
scene_01_sudan_sample-Z0016,6,207,3707.138916015625,,unavailable in GeoTIFF; band index reported
scene_01_sudan_sample-Z0016,6,208,3809.861083984375,,unavailable in GeoTIFF; band index reported
scene_01_sudan_sample-Z0016,6,209,3749.27783203125,4314.72705078125,unavailable in GeoTIFF; band index reported
scene_01_sudan_sample-Z0016,6,210,3655.638916015625,,unavailable in GeoTIFF; band index reported
scene_01_sudan_sample-Z0016,6,211,3620.388916015625,,unavailable in GeoTIFF; band index reported
scene_01_sudan_sample-Z0016,6,212,3719.4443359375,,unavailable in GeoTIFF; band index reported
scene_01_sudan_sample-Z0016,6,213,3705.611083984375,,unavailable in GeoTIFF; band index reported
scene_01_sudan_sample-Z0016,6,214,3599.166748046875,,unavailable in GeoTIFF; band index reported
scene_01_sudan_sample-Z0016,6,215,3616.5556640625,,unavailable in GeoTIFF; band index reported
scene_01_sudan_sample-Z0016,6,216,3567.638916015625,4108.290174609376,unavailable in GeoTIFF; band index reported
scene_01_sudan_sample-Z0016,6,217,3588.388916015625,,unavailable in GeoTIFF; band index reported
scene_01_sudan_sample-Z0016,6,218,3528.25,,unavailable in GeoTIFF; band index reported
scene_01_sudan_sample-Z0016,6,219,3497.52783203125,,unavailable in GeoTIFF; band index reported
scene_01_sudan_sample-Z0016,6,220,3377.72216796875,,unavailable in GeoTIFF; band index reported
scene_01_sudan_sample-Z0016,6,221,3533.388916015625,,unavailable in GeoTIFF; band index reported
scene_01_sudan_sample-Z0016,6,222,3316.97216796875,,unavailable in GeoTIFF; band index reported
scene_01_sudan_sample-Z0016,6,223,3562.111083984375,,unavailable in GeoTIFF; band index reported
scene_01_sudan_sample-Z0016,6,224,3122.75,3667.62747109375,unavailable in GeoTIFF; band index reported
scene_01_sudan_sample-Z0011,7,1,781.8870239257812,1051.31852109375,unavailable in GeoTIFF; band index reported
scene_01_sudan_sample-Z0011,7,2,791.15283203125,,unavailable in GeoTIFF; band index reported
scene_01_sudan_sample-Z0011,7,3,820.181640625,,unavailable in GeoTIFF; band index reported
scene_01_sudan_sample-Z0011,7,4,864.3444213867188,,unavailable in GeoTIFF; band index reported
scene_01_sudan_sample-Z0011,7,5,902.3953247070312,,unavailable in GeoTIFF; band index reported
scene_01_sudan_sample-Z0011,7,6,925.4252319335938,,unavailable in GeoTIFF; band index reported
scene_01_sudan_sample-Z0011,7,7,966.033203125,,unavailable in GeoTIFF; band index reported
scene_01_sudan_sample-Z0011,7,8,991.0177001953125,1373.8755863281249,unavailable in GeoTIFF; band index reported
scene_01_sudan_sample-Z0011,7,9,1001.6677856445312,,unavailable in GeoTIFF; band index reported
scene_01_sudan_sample-Z0011,7,10,1021.462890625,,unavailable in GeoTIFF; band index reported
scene_01_sudan_sample-Z0011,7,11,1032.8482666015625,,unavailable in GeoTIFF; band index reported
scene_01_sudan_sample-Z0011,7,12,1039.840576171875,,unavailable in GeoTIFF; band index reported
scene_01_sudan_sample-Z0011,7,13,1054.20703125,,unavailable in GeoTIFF; band index reported
scene_01_sudan_sample-Z0011,7,14,1085.93798828125,,unavailable in GeoTIFF; band index reported
scene_01_sudan_sample-Z0011,7,15,1108.4385986328125,1574.3386001953124,unavailable in GeoTIFF; band index reported
scene_01_sudan_sample-Z0011,7,16,1127.9556884765625,,unavailable in GeoTIFF; band index reported
scene_01_sudan_sample-Z0011,7,17,1161.55810546875,,unavailable in GeoTIFF; band index reported
scene_01_sudan_sample-Z0011,7,18,1190.2281494140625,,unavailable in GeoTIFF; band index reported
scene_01_sudan_sample-Z0011,7,19,1234.5482177734375,,unavailable in GeoTIFF; band index reported
scene_01_sudan_sample-Z0011,7,20,1274.7076416015625,,unavailable in GeoTIFF; band index reported
scene_01_sudan_sample-Z0011,7,21,1314.61572265625,,unavailable in GeoTIFF; band index reported
scene_01_sudan_sample-Z0011,7,22,1358.4761962890625,1951.21945,unavailable in GeoTIFF; band index reported
scene_01_sudan_sample-Z0011,7,23,1399.79296875,,unavailable in GeoTIFF; band index reported
scene_01_sudan_sample-Z0011,7,24,1448.221435546875,,unavailable in GeoTIFF; band index reported
scene_01_sudan_sample-Z0011,7,25,1499.8648681640625,,unavailable in GeoTIFF; band index reported
scene_01_sudan_sample-Z0011,7,26,1556.63232421875,,unavailable in GeoTIFF; band index reported
scene_01_sudan_sample-Z0011,7,27,1612.204833984375,,unavailable in GeoTIFF; band index reported
scene_01_sudan_sample-Z0011,7,28,1668.1617431640625,,unavailable in GeoTIFF; band index reported
scene_01_sudan_sample-Z0011,7,29,1735.7906494140625,2484.001474609375,unavailable in GeoTIFF; band index reported
scene_01_sudan_sample-Z0011,7,30,1797.832763671875,,unavailable in GeoTIFF; band index reported
scene_01_sudan_sample-Z0011,7,31,1877.2369384765625,,unavailable in GeoTIFF; band index reported
scene_01_sudan_sample-Z0011,7,32,1941.6688232421875,,unavailable in GeoTIFF; band index reported
scene_01_sudan_sample-Z0011,7,33,2002.2281494140625,,unavailable in GeoTIFF; band index reported
scene_01_sudan_sample-Z0011,7,34,2071.49951171875,,unavailable in GeoTIFF; band index reported
scene_01_sudan_sample-Z0011,7,35,2135.36865234375,,unavailable in GeoTIFF; band index reported
scene_01_sudan_sample-Z0011,7,36,2190.0,3099.962441796875,unavailable in GeoTIFF; band index reported
scene_01_sudan_sample-Z0011,7,37,2243.518310546875,,unavailable in GeoTIFF; band index reported
scene_01_sudan_sample-Z0011,7,38,2287.411865234375,,unavailable in GeoTIFF; band index reported
scene_01_sudan_sample-Z0011,7,39,2324.35986328125,,unavailable in GeoTIFF; band index reported
scene_01_sudan_sample-Z0011,7,40,2352.71875,,unavailable in GeoTIFF; band index reported
scene_01_sudan_sample-Z0011,7,41,2395.3056640625,,unavailable in GeoTIFF; band index reported
scene_01_sudan_sample-Z0011,7,42,2419.64013671875,,unavailable in GeoTIFF; band index reported
scene_01_sudan_sample-Z0011,7,43,2432.07080078125,,unavailable in GeoTIFF; band index reported
scene_01_sudan_sample-Z0011,7,44,2471.09521484375,3472.53658828125,unavailable in GeoTIFF; band index reported
scene_01_sudan_sample-Z0011,7,45,2511.4794921875,,unavailable in GeoTIFF; band index reported
scene_01_sudan_sample-Z0011,7,46,2539.382080078125,,unavailable in GeoTIFF; band index reported
scene_01_sudan_sample-Z0011,7,47,2560.956787109375,,unavailable in GeoTIFF; band index reported
scene_01_sudan_sample-Z0011,7,48,2583.659912109375,,unavailable in GeoTIFF; band index reported
scene_01_sudan_sample-Z0011,7,49,2601.26025390625,,unavailable in GeoTIFF; band index reported
scene_01_sudan_sample-Z0011,7,50,2602.796142578125,,unavailable in GeoTIFF; band index reported
scene_01_sudan_sample-Z0011,7,51,2672.48388671875,3737.443991796875,unavailable in GeoTIFF; band index reported
scene_01_sudan_sample-Z0011,7,52,2702.14501953125,,unavailable in GeoTIFF; band index reported
scene_01_sudan_sample-Z0011,7,53,2729.237060546875,,unavailable in GeoTIFF; band index reported
scene_01_sudan_sample-Z0011,7,54,2739.9921875,,unavailable in GeoTIFF; band index reported
scene_01_sudan_sample-Z0011,7,55,2765.828369140625,,unavailable in GeoTIFF; band index reported
scene_01_sudan_sample-Z0011,7,56,2846.8681640625,,unavailable in GeoTIFF; band index reported
scene_01_sudan_sample-Z0011,7,57,2900.4296875,,unavailable in GeoTIFF; band index reported
scene_01_sudan_sample-Z0011,7,58,2888.41748046875,3988.527532421875,unavailable in GeoTIFF; band index reported
scene_01_sudan_sample-Z0011,7,59,2895.4794921875,,unavailable in GeoTIFF; band index reported
scene_01_sudan_sample-Z0011,7,60,2872.944580078125,,unavailable in GeoTIFF; band index reported
scene_01_sudan_sample-Z0011,7,61,2936.576904296875,,unavailable in GeoTIFF; band index reported
scene_01_sudan_sample-Z0011,7,62,2815.595703125,,unavailable in GeoTIFF; band index reported
scene_01_sudan_sample-Z0011,7,63,2961.542724609375,,unavailable in GeoTIFF; band index reported
scene_01_sudan_sample-Z0011,7,64,2981.464111328125,,unavailable in GeoTIFF; band index reported
scene_01_sudan_sample-Z0011,7,65,2992.48388671875,4143.603513281249,unavailable in GeoTIFF; band index reported
scene_01_sudan_sample-Z0011,7,66,3006.291259765625,,unavailable in GeoTIFF; band index reported
scene_01_sudan_sample-Z0011,7,67,3008.0576171875,,unavailable in GeoTIFF; band index reported
scene_01_sudan_sample-Z0011,7,68,3023.7939453125,,unavailable in GeoTIFF; band index reported
scene_01_sudan_sample-Z0011,7,69,3055.023193359375,,unavailable in GeoTIFF; band index reported
scene_01_sudan_sample-Z0011,7,70,3056.658935546875,,unavailable in GeoTIFF; band index reported
scene_01_sudan_sample-Z0011,7,71,3013.509521484375,,unavailable in GeoTIFF; band index reported
scene_01_sudan_sample-Z0011,7,72,3003.42529296875,4186.1982234375,unavailable in GeoTIFF; band index reported
scene_01_sudan_sample-Z0011,7,73,2993.473876953125,,unavailable in GeoTIFF; band index reported
scene_01_sudan_sample-Z0011,7,74,2990.663330078125,,unavailable in GeoTIFF; band index reported
scene_01_sudan_sample-Z0011,7,75,2982.840576171875,,unavailable in GeoTIFF; band index reported
scene_01_sudan_sample-Z0011,7,76,2956.666748046875,,unavailable in GeoTIFF; band index reported
scene_01_sudan_sample-Z0011,7,77,2960.848388671875,,unavailable in GeoTIFF; band index reported
scene_01_sudan_sample-Z0011,7,78,2960.49951171875,,unavailable in GeoTIFF; band index reported
scene_01_sudan_sample-Z0011,7,79,3001.770751953125,,unavailable in GeoTIFF; band index reported
scene_01_sudan_sample-Z0011,7,80,3036.79296875,4205.03314921875,unavailable in GeoTIFF; band index reported
scene_01_sudan_sample-Z0011,7,81,2987.848388671875,,unavailable in GeoTIFF; band index reported
scene_01_sudan_sample-Z0011,7,82,3031.21484375,,unavailable in GeoTIFF; band index reported
scene_01_sudan_sample-Z0011,7,83,2965.998779296875,,unavailable in GeoTIFF; band index reported
scene_01_sudan_sample-Z0011,7,84,2836.051025390625,,unavailable in GeoTIFF; band index reported
scene_01_sudan_sample-Z0011,7,85,3063.30224609375,,unavailable in GeoTIFF; band index reported
scene_01_sudan_sample-Z0011,7,86,2986.958984375,,unavailable in GeoTIFF; band index reported
scene_01_sudan_sample-Z0011,7,87,2923.25146484375,4028.167868359375,unavailable in GeoTIFF; band index reported
scene_01_sudan_sample-Z0011,7,88,3204.46630859375,,unavailable in GeoTIFF; band index reported
scene_01_sudan_sample-Z0011,7,89,3197.403076171875,,unavailable in GeoTIFF; band index reported
scene_01_sudan_sample-Z0011,7,90,3208.1396484375,,unavailable in GeoTIFF; band index reported
scene_01_sudan_sample-Z0011,7,91,3146.7109375,,unavailable in GeoTIFF; band index reported
scene_01_sudan_sample-Z0011,7,92,3115.972412109375,,unavailable in GeoTIFF; band index reported
scene_01_sudan_sample-Z0011,7,93,3021.353271484375,,unavailable in GeoTIFF; band index reported
scene_01_sudan_sample-Z0011,7,94,3147.37109375,4274.172117968749,unavailable in GeoTIFF; band index reported
scene_01_sudan_sample-Z0011,7,95,3047.296875,,unavailable in GeoTIFF; band index reported
scene_01_sudan_sample-Z0011,7,96,3167.560302734375,,unavailable in GeoTIFF; band index reported
scene_01_sudan_sample-Z0011,7,97,3077.578125,,unavailable in GeoTIFF; band index reported
scene_01_sudan_sample-Z0011,7,98,3184.26904296875,,unavailable in GeoTIFF; band index reported
scene_01_sudan_sample-Z0011,7,99,3089.275634765625,,unavailable in GeoTIFF; band index reported
scene_01_sudan_sample-Z0011,7,100,3195.37646484375,,unavailable in GeoTIFF; band index reported
scene_01_sudan_sample-Z0011,7,101,3106.125244140625,4253.874341406249,unavailable in GeoTIFF; band index reported
scene_01_sudan_sample-Z0011,7,102,3218.240234375,,unavailable in GeoTIFF; band index reported
scene_01_sudan_sample-Z0011,7,103,3251.306640625,,unavailable in GeoTIFF; band index reported
scene_01_sudan_sample-Z0011,7,104,3278.101806640625,,unavailable in GeoTIFF; band index reported
scene_01_sudan_sample-Z0011,7,105,3303.596923828125,,unavailable in GeoTIFF; band index reported
scene_01_sudan_sample-Z0011,7,106,3326.98779296875,,unavailable in GeoTIFF; band index reported
scene_01_sudan_sample-Z0011,7,107,3365.457275390625,,unavailable in GeoTIFF; band index reported
scene_01_sudan_sample-Z0011,7,108,3411.15283203125,4505.796640625,unavailable in GeoTIFF; band index reported
scene_01_sudan_sample-Z0011,7,109,3443.7265625,,unavailable in GeoTIFF; band index reported
scene_01_sudan_sample-Z0011,7,110,3494.470703125,,unavailable in GeoTIFF; band index reported
scene_01_sudan_sample-Z0011,7,111,3532.746337890625,,unavailable in GeoTIFF; band index reported
scene_01_sudan_sample-Z0011,7,112,3468.831787109375,,unavailable in GeoTIFF; band index reported
scene_01_sudan_sample-Z0011,7,113,3857.671142578125,,unavailable in GeoTIFF; band index reported
scene_01_sudan_sample-Z0011,7,114,3818.795166015625,,unavailable in GeoTIFF; band index reported
scene_01_sudan_sample-Z0011,7,115,3796.873779296875,,unavailable in GeoTIFF; band index reported
scene_01_sudan_sample-Z0011,7,116,3802.064208984375,4733.02136953125,unavailable in GeoTIFF; band index reported
scene_01_sudan_sample-Z0011,7,117,3853.41650390625,,unavailable in GeoTIFF; band index reported
scene_01_sudan_sample-Z0011,7,118,3948.98779296875,,unavailable in GeoTIFF; band index reported
scene_01_sudan_sample-Z0011,7,119,3978.530517578125,,unavailable in GeoTIFF; band index reported
scene_01_sudan_sample-Z0011,7,120,4022.238037109375,,unavailable in GeoTIFF; band index reported
scene_01_sudan_sample-Z0011,7,121,4068.687744140625,,unavailable in GeoTIFF; band index reported
scene_01_sudan_sample-Z0011,7,122,4107.99462890625,,unavailable in GeoTIFF; band index reported
scene_01_sudan_sample-Z0011,7,123,4149.30908203125,4989.78783046875,unavailable in GeoTIFF; band index reported
scene_01_sudan_sample-Z0011,7,124,4186.3486328125,,unavailable in GeoTIFF; band index reported
scene_01_sudan_sample-Z0011,7,125,4307.01123046875,,unavailable in GeoTIFF; band index reported
scene_01_sudan_sample-Z0011,7,126,4291.54052734375,,unavailable in GeoTIFF; band index reported
scene_01_sudan_sample-Z0011,7,127,4299.05517578125,,unavailable in GeoTIFF; band index reported
scene_01_sudan_sample-Z0011,7,128,4343.68115234375,,unavailable in GeoTIFF; band index reported
scene_01_sudan_sample-Z0011,7,129,4373.6611328125,,unavailable in GeoTIFF; band index reported
scene_01_sudan_sample-Z0011,7,130,4382.65576171875,5089.9508171874995,unavailable in GeoTIFF; band index reported
scene_01_sudan_sample-Z0011,7,131,-32768.0,,unavailable in GeoTIFF; band index reported
scene_01_sudan_sample-Z0011,7,132,-32768.0,,unavailable in GeoTIFF; band index reported
scene_01_sudan_sample-Z0011,7,133,-32768.0,,unavailable in GeoTIFF; band index reported
scene_01_sudan_sample-Z0011,7,134,-32768.0,,unavailable in GeoTIFF; band index reported
scene_01_sudan_sample-Z0011,7,135,-32768.0,,unavailable in GeoTIFF; band index reported
scene_01_sudan_sample-Z0011,7,136,4700.93017578125,,unavailable in GeoTIFF; band index reported
scene_01_sudan_sample-Z0011,7,137,4625.78076171875,5206.2419515625,unavailable in GeoTIFF; band index reported
scene_01_sudan_sample-Z0011,7,138,4626.2158203125,,unavailable in GeoTIFF; band index reported
scene_01_sudan_sample-Z0011,7,139,4618.75732421875,,unavailable in GeoTIFF; band index reported
scene_01_sudan_sample-Z0011,7,140,4577.859375,,unavailable in GeoTIFF; band index reported
scene_01_sudan_sample-Z0011,7,141,4591.83935546875,,unavailable in GeoTIFF; band index reported
scene_01_sudan_sample-Z0011,7,142,4606.48291015625,,unavailable in GeoTIFF; band index reported
scene_01_sudan_sample-Z0011,7,143,4596.884765625,,unavailable in GeoTIFF; band index reported
scene_01_sudan_sample-Z0011,7,144,4601.40185546875,5244.2225421875,unavailable in GeoTIFF; band index reported
scene_01_sudan_sample-Z0011,7,145,4612.6025390625,,unavailable in GeoTIFF; band index reported
scene_01_sudan_sample-Z0011,7,146,4592.3701171875,,unavailable in GeoTIFF; band index reported
scene_01_sudan_sample-Z0011,7,147,4630.59130859375,,unavailable in GeoTIFF; band index reported
scene_01_sudan_sample-Z0011,7,148,4627.34326171875,,unavailable in GeoTIFF; band index reported
scene_01_sudan_sample-Z0011,7,149,4601.36865234375,,unavailable in GeoTIFF; band index reported
scene_01_sudan_sample-Z0011,7,150,4639.34423828125,,unavailable in GeoTIFF; band index reported
scene_01_sudan_sample-Z0011,7,151,4629.2548828125,,unavailable in GeoTIFF; band index reported
scene_01_sudan_sample-Z0011,7,152,4606.802734375,5271.1466234375,unavailable in GeoTIFF; band index reported
scene_01_sudan_sample-Z0011,7,153,4600.9580078125,,unavailable in GeoTIFF; band index reported
scene_01_sudan_sample-Z0011,7,154,4626.26904296875,,unavailable in GeoTIFF; band index reported
scene_01_sudan_sample-Z0011,7,155,4606.6435546875,,unavailable in GeoTIFF; band index reported
scene_01_sudan_sample-Z0011,7,156,4614.06982421875,,unavailable in GeoTIFF; band index reported
scene_01_sudan_sample-Z0011,7,157,4616.58251953125,,unavailable in GeoTIFF; band index reported
scene_01_sudan_sample-Z0011,7,158,4618.63671875,,unavailable in GeoTIFF; band index reported
scene_01_sudan_sample-Z0011,7,159,4618.95556640625,5275.7220875,unavailable in GeoTIFF; band index reported
scene_01_sudan_sample-Z0011,7,160,4622.05078125,,unavailable in GeoTIFF; band index reported
scene_01_sudan_sample-Z0011,7,161,4603.4453125,,unavailable in GeoTIFF; band index reported
scene_01_sudan_sample-Z0011,7,162,4618.1669921875,,unavailable in GeoTIFF; band index reported
scene_01_sudan_sample-Z0011,7,163,4625.64013671875,,unavailable in GeoTIFF; band index reported
scene_01_sudan_sample-Z0011,7,164,4570.96240234375,,unavailable in GeoTIFF; band index reported
scene_01_sudan_sample-Z0011,7,165,4534.330078125,,unavailable in GeoTIFF; band index reported
scene_01_sudan_sample-Z0011,7,166,4447.958984375,5042.5862859375,unavailable in GeoTIFF; band index reported
scene_01_sudan_sample-Z0011,7,167,4271.3291015625,,unavailable in GeoTIFF; band index reported
scene_01_sudan_sample-Z0011,7,168,4366.314453125,,unavailable in GeoTIFF; band index reported
scene_01_sudan_sample-Z0011,7,169,4409.96142578125,,unavailable in GeoTIFF; band index reported
scene_01_sudan_sample-Z0011,7,170,3877.790771484375,,unavailable in GeoTIFF; band index reported
scene_01_sudan_sample-Z0011,7,171,3686.321044921875,,unavailable in GeoTIFF; band index reported
scene_01_sudan_sample-Z0011,7,172,3986.97021484375,,unavailable in GeoTIFF; band index reported
scene_01_sudan_sample-Z0011,7,173,4445.6845703125,4975.848425,unavailable in GeoTIFF; band index reported
scene_01_sudan_sample-Z0011,7,174,4484.09423828125,,unavailable in GeoTIFF; band index reported
scene_01_sudan_sample-Z0011,7,175,4487.3798828125,,unavailable in GeoTIFF; band index reported
scene_01_sudan_sample-Z0011,7,176,4275.5546875,,unavailable in GeoTIFF; band index reported
scene_01_sudan_sample-Z0011,7,177,4460.884765625,,unavailable in GeoTIFF; band index reported
scene_01_sudan_sample-Z0011,7,178,4476.94677734375,,unavailable in GeoTIFF; band index reported
scene_01_sudan_sample-Z0011,7,179,4564.61572265625,,unavailable in GeoTIFF; band index reported
scene_01_sudan_sample-Z0011,7,180,4492.3486328125,5093.39304375,unavailable in GeoTIFF; band index reported
scene_01_sudan_sample-Z0011,7,181,4496.775390625,,unavailable in GeoTIFF; band index reported
scene_01_sudan_sample-Z0011,7,182,4518.30126953125,,unavailable in GeoTIFF; band index reported
scene_01_sudan_sample-Z0011,7,183,4485.4619140625,,unavailable in GeoTIFF; band index reported
scene_01_sudan_sample-Z0011,7,184,4485.1572265625,,unavailable in GeoTIFF; band index reported
scene_01_sudan_sample-Z0011,7,185,4455.93798828125,,unavailable in GeoTIFF; band index reported
scene_01_sudan_sample-Z0011,7,186,4379.91259765625,,unavailable in GeoTIFF; band index reported
scene_01_sudan_sample-Z0011,7,187,4259.03759765625,,unavailable in GeoTIFF; band index reported
scene_01_sudan_sample-Z0011,7,188,4141.7841796875,4880.5461171874995,unavailable in GeoTIFF; band index reported
scene_01_sudan_sample-Z0011,7,189,4081.844970703125,,unavailable in GeoTIFF; band index reported
scene_01_sudan_sample-Z0011,7,190,4071.633544921875,,unavailable in GeoTIFF; band index reported
scene_01_sudan_sample-Z0011,7,191,4040.1728515625,,unavailable in GeoTIFF; band index reported
scene_01_sudan_sample-Z0011,7,192,3983.380859375,,unavailable in GeoTIFF; band index reported
scene_01_sudan_sample-Z0011,7,193,3846.05322265625,,unavailable in GeoTIFF; band index reported
scene_01_sudan_sample-Z0011,7,194,3758.4130859375,,unavailable in GeoTIFF; band index reported
scene_01_sudan_sample-Z0011,7,195,3942.46630859375,4601.84051796875,unavailable in GeoTIFF; band index reported
scene_01_sudan_sample-Z0011,7,196,4059.36767578125,,unavailable in GeoTIFF; band index reported
scene_01_sudan_sample-Z0011,7,197,4059.49609375,,unavailable in GeoTIFF; band index reported
scene_01_sudan_sample-Z0011,7,198,4020.844970703125,,unavailable in GeoTIFF; band index reported
scene_01_sudan_sample-Z0011,7,199,4011.07080078125,,unavailable in GeoTIFF; band index reported
scene_01_sudan_sample-Z0011,7,200,3996.00341796875,,unavailable in GeoTIFF; band index reported
scene_01_sudan_sample-Z0011,7,201,3978.101806640625,,unavailable in GeoTIFF; band index reported
scene_01_sudan_sample-Z0011,7,202,3958.874755859375,4609.6515,unavailable in GeoTIFF; band index reported
scene_01_sudan_sample-Z0011,7,203,3915.0751953125,,unavailable in GeoTIFF; band index reported
scene_01_sudan_sample-Z0011,7,204,3817.490478515625,,unavailable in GeoTIFF; band index reported
scene_01_sudan_sample-Z0011,7,205,3791.593505859375,,unavailable in GeoTIFF; band index reported
scene_01_sudan_sample-Z0011,7,206,3816.5869140625,,unavailable in GeoTIFF; band index reported
scene_01_sudan_sample-Z0011,7,207,3638.906982421875,,unavailable in GeoTIFF; band index reported
scene_01_sudan_sample-Z0011,7,208,3737.829345703125,,unavailable in GeoTIFF; band index reported
scene_01_sudan_sample-Z0011,7,209,3679.436279296875,4314.72705078125,unavailable in GeoTIFF; band index reported
scene_01_sudan_sample-Z0011,7,210,3597.90478515625,,unavailable in GeoTIFF; band index reported
scene_01_sudan_sample-Z0011,7,211,3554.68994140625,,unavailable in GeoTIFF; band index reported
scene_01_sudan_sample-Z0011,7,212,3650.708740234375,,unavailable in GeoTIFF; band index reported
scene_01_sudan_sample-Z0011,7,213,3629.646728515625,,unavailable in GeoTIFF; band index reported
scene_01_sudan_sample-Z0011,7,214,3534.248046875,,unavailable in GeoTIFF; band index reported
scene_01_sudan_sample-Z0011,7,215,3541.286865234375,,unavailable in GeoTIFF; band index reported
scene_01_sudan_sample-Z0011,7,216,3496.70751953125,4108.290174609376,unavailable in GeoTIFF; band index reported
scene_01_sudan_sample-Z0011,7,217,3522.1572265625,,unavailable in GeoTIFF; band index reported
scene_01_sudan_sample-Z0011,7,218,3478.4208984375,,unavailable in GeoTIFF; band index reported
scene_01_sudan_sample-Z0011,7,219,3452.06640625,,unavailable in GeoTIFF; band index reported
scene_01_sudan_sample-Z0011,7,220,3340.958984375,,unavailable in GeoTIFF; band index reported
scene_01_sudan_sample-Z0011,7,221,3496.282470703125,,unavailable in GeoTIFF; band index reported
scene_01_sudan_sample-Z0011,7,222,3281.828369140625,,unavailable in GeoTIFF; band index reported
scene_01_sudan_sample-Z0011,7,223,3509.9580078125,,unavailable in GeoTIFF; band index reported
scene_01_sudan_sample-Z0011,7,224,3088.11083984375,3667.62747109375,unavailable in GeoTIFF; band index reported
scene_01_sudan_sample-Z0006,8,1,1019.9285888671875,1051.31852109375,unavailable in GeoTIFF; band index reported
scene_01_sudan_sample-Z0006,8,2,1014.2142944335938,,unavailable in GeoTIFF; band index reported
scene_01_sudan_sample-Z0006,8,3,1040.0714111328125,,unavailable in GeoTIFF; band index reported
scene_01_sudan_sample-Z0006,8,4,1100.357177734375,,unavailable in GeoTIFF; band index reported
scene_01_sudan_sample-Z0006,8,5,1163.0,,unavailable in GeoTIFF; band index reported
scene_01_sudan_sample-Z0006,8,6,1188.9285888671875,,unavailable in GeoTIFF; band index reported
scene_01_sudan_sample-Z0006,8,7,1220.0714111328125,,unavailable in GeoTIFF; band index reported
scene_01_sudan_sample-Z0006,8,8,1240.142822265625,1373.8755863281249,unavailable in GeoTIFF; band index reported
scene_01_sudan_sample-Z0006,8,9,1261.5714111328125,,unavailable in GeoTIFF; band index reported
scene_01_sudan_sample-Z0006,8,10,1284.4285888671875,,unavailable in GeoTIFF; band index reported
scene_01_sudan_sample-Z0006,8,11,1293.7857666015625,,unavailable in GeoTIFF; band index reported
scene_01_sudan_sample-Z0006,8,12,1317.642822265625,,unavailable in GeoTIFF; band index reported
scene_01_sudan_sample-Z0006,8,13,1338.857177734375,,unavailable in GeoTIFF; band index reported
scene_01_sudan_sample-Z0006,8,14,1379.857177734375,,unavailable in GeoTIFF; band index reported
scene_01_sudan_sample-Z0006,8,15,1400.357177734375,1574.3386001953124,unavailable in GeoTIFF; band index reported
scene_01_sudan_sample-Z0006,8,16,1432.642822265625,,unavailable in GeoTIFF; band index reported
scene_01_sudan_sample-Z0006,8,17,1468.0714111328125,,unavailable in GeoTIFF; band index reported
scene_01_sudan_sample-Z0006,8,18,1506.142822265625,,unavailable in GeoTIFF; band index reported
scene_01_sudan_sample-Z0006,8,19,1535.2857666015625,,unavailable in GeoTIFF; band index reported
scene_01_sudan_sample-Z0006,8,20,1590.5714111328125,,unavailable in GeoTIFF; band index reported
scene_01_sudan_sample-Z0006,8,21,1638.7857666015625,,unavailable in GeoTIFF; band index reported
scene_01_sudan_sample-Z0006,8,22,1670.857177734375,1951.21945,unavailable in GeoTIFF; band index reported
scene_01_sudan_sample-Z0006,8,23,1721.5,,unavailable in GeoTIFF; band index reported
scene_01_sudan_sample-Z0006,8,24,1774.7857666015625,,unavailable in GeoTIFF; band index reported
scene_01_sudan_sample-Z0006,8,25,1826.4285888671875,,unavailable in GeoTIFF; band index reported
scene_01_sudan_sample-Z0006,8,26,1891.4285888671875,,unavailable in GeoTIFF; band index reported
scene_01_sudan_sample-Z0006,8,27,1957.2857666015625,,unavailable in GeoTIFF; band index reported
scene_01_sudan_sample-Z0006,8,28,2009.5714111328125,,unavailable in GeoTIFF; band index reported
scene_01_sudan_sample-Z0006,8,29,2079.21435546875,2484.001474609375,unavailable in GeoTIFF; band index reported
scene_01_sudan_sample-Z0006,8,30,2147.78564453125,,unavailable in GeoTIFF; band index reported
scene_01_sudan_sample-Z0006,8,31,2222.428466796875,,unavailable in GeoTIFF; band index reported
scene_01_sudan_sample-Z0006,8,32,2291.142822265625,,unavailable in GeoTIFF; band index reported
scene_01_sudan_sample-Z0006,8,33,2347.571533203125,,unavailable in GeoTIFF; band index reported
scene_01_sudan_sample-Z0006,8,34,2418.28564453125,,unavailable in GeoTIFF; band index reported
scene_01_sudan_sample-Z0006,8,35,2480.357177734375,,unavailable in GeoTIFF; band index reported
scene_01_sudan_sample-Z0006,8,36,2530.857177734375,3099.962441796875,unavailable in GeoTIFF; band index reported
scene_01_sudan_sample-Z0006,8,37,2587.571533203125,,unavailable in GeoTIFF; band index reported
scene_01_sudan_sample-Z0006,8,38,2633.78564453125,,unavailable in GeoTIFF; band index reported
scene_01_sudan_sample-Z0006,8,39,2674.28564453125,,unavailable in GeoTIFF; band index reported
scene_01_sudan_sample-Z0006,8,40,2706.071533203125,,unavailable in GeoTIFF; band index reported
scene_01_sudan_sample-Z0006,8,41,2750.928466796875,,unavailable in GeoTIFF; band index reported
scene_01_sudan_sample-Z0006,8,42,2782.928466796875,,unavailable in GeoTIFF; band index reported
scene_01_sudan_sample-Z0006,8,43,2791.5,,unavailable in GeoTIFF; band index reported
scene_01_sudan_sample-Z0006,8,44,2831.0,3472.53658828125,unavailable in GeoTIFF; band index reported
scene_01_sudan_sample-Z0006,8,45,2870.857177734375,,unavailable in GeoTIFF; band index reported
scene_01_sudan_sample-Z0006,8,46,2903.571533203125,,unavailable in GeoTIFF; band index reported
scene_01_sudan_sample-Z0006,8,47,2920.71435546875,,unavailable in GeoTIFF; band index reported
scene_01_sudan_sample-Z0006,8,48,2944.571533203125,,unavailable in GeoTIFF; band index reported
scene_01_sudan_sample-Z0006,8,49,2969.642822265625,,unavailable in GeoTIFF; band index reported
scene_01_sudan_sample-Z0006,8,50,2965.928466796875,,unavailable in GeoTIFF; band index reported
scene_01_sudan_sample-Z0006,8,51,3047.28564453125,3737.443991796875,unavailable in GeoTIFF; band index reported
scene_01_sudan_sample-Z0006,8,52,3053.428466796875,,unavailable in GeoTIFF; band index reported
scene_01_sudan_sample-Z0006,8,53,3082.0,,unavailable in GeoTIFF; band index reported
scene_01_sudan_sample-Z0006,8,54,3102.0,,unavailable in GeoTIFF; band index reported
scene_01_sudan_sample-Z0006,8,55,3122.28564453125,,unavailable in GeoTIFF; band index reported
scene_01_sudan_sample-Z0006,8,56,3198.071533203125,,unavailable in GeoTIFF; band index reported
scene_01_sudan_sample-Z0006,8,57,3244.78564453125,,unavailable in GeoTIFF; band index reported
scene_01_sudan_sample-Z0006,8,58,3243.071533203125,3988.527532421875,unavailable in GeoTIFF; band index reported
scene_01_sudan_sample-Z0006,8,59,3255.642822265625,,unavailable in GeoTIFF; band index reported
scene_01_sudan_sample-Z0006,8,60,3231.28564453125,,unavailable in GeoTIFF; band index reported
scene_01_sudan_sample-Z0006,8,61,3298.71435546875,,unavailable in GeoTIFF; band index reported
scene_01_sudan_sample-Z0006,8,62,3163.28564453125,,unavailable in GeoTIFF; band index reported
scene_01_sudan_sample-Z0006,8,63,3360.21435546875,,unavailable in GeoTIFF; band index reported
scene_01_sudan_sample-Z0006,8,64,3378.0,,unavailable in GeoTIFF; band index reported
scene_01_sudan_sample-Z0006,8,65,3408.5,4143.603513281249,unavailable in GeoTIFF; band index reported
scene_01_sudan_sample-Z0006,8,66,3405.571533203125,,unavailable in GeoTIFF; band index reported
scene_01_sudan_sample-Z0006,8,67,3425.21435546875,,unavailable in GeoTIFF; band index reported
scene_01_sudan_sample-Z0006,8,68,3449.28564453125,,unavailable in GeoTIFF; band index reported
scene_01_sudan_sample-Z0006,8,69,3495.5,,unavailable in GeoTIFF; band index reported
scene_01_sudan_sample-Z0006,8,70,3503.928466796875,,unavailable in GeoTIFF; band index reported
scene_01_sudan_sample-Z0006,8,71,3476.357177734375,,unavailable in GeoTIFF; band index reported
scene_01_sudan_sample-Z0006,8,72,3467.071533203125,4186.1982234375,unavailable in GeoTIFF; band index reported
scene_01_sudan_sample-Z0006,8,73,3490.0,,unavailable in GeoTIFF; band index reported
scene_01_sudan_sample-Z0006,8,74,3461.571533203125,,unavailable in GeoTIFF; band index reported
scene_01_sudan_sample-Z0006,8,75,3523.71435546875,,unavailable in GeoTIFF; band index reported
scene_01_sudan_sample-Z0006,8,76,3473.857177734375,,unavailable in GeoTIFF; band index reported
scene_01_sudan_sample-Z0006,8,77,3492.428466796875,,unavailable in GeoTIFF; band index reported
scene_01_sudan_sample-Z0006,8,78,3520.928466796875,,unavailable in GeoTIFF; band index reported
scene_01_sudan_sample-Z0006,8,79,3506.0,,unavailable in GeoTIFF; band index reported
scene_01_sudan_sample-Z0006,8,80,3502.928466796875,4205.03314921875,unavailable in GeoTIFF; band index reported
scene_01_sudan_sample-Z0006,8,81,3513.5,,unavailable in GeoTIFF; band index reported
scene_01_sudan_sample-Z0006,8,82,3491.78564453125,,unavailable in GeoTIFF; band index reported
scene_01_sudan_sample-Z0006,8,83,3466.928466796875,,unavailable in GeoTIFF; band index reported
scene_01_sudan_sample-Z0006,8,84,3314.357177734375,,unavailable in GeoTIFF; band index reported
scene_01_sudan_sample-Z0006,8,85,3528.428466796875,,unavailable in GeoTIFF; band index reported
scene_01_sudan_sample-Z0006,8,86,3413.428466796875,,unavailable in GeoTIFF; band index reported
scene_01_sudan_sample-Z0006,8,87,3359.142822265625,4028.167868359375,unavailable in GeoTIFF; band index reported
scene_01_sudan_sample-Z0006,8,88,3655.857177734375,,unavailable in GeoTIFF; band index reported
scene_01_sudan_sample-Z0006,8,89,3587.28564453125,,unavailable in GeoTIFF; band index reported
scene_01_sudan_sample-Z0006,8,90,3665.571533203125,,unavailable in GeoTIFF; band index reported
scene_01_sudan_sample-Z0006,8,91,3542.428466796875,,unavailable in GeoTIFF; band index reported
scene_01_sudan_sample-Z0006,8,92,3576.142822265625,,unavailable in GeoTIFF; band index reported
scene_01_sudan_sample-Z0006,8,93,3488.071533203125,,unavailable in GeoTIFF; band index reported
scene_01_sudan_sample-Z0006,8,94,3547.5,4274.172117968749,unavailable in GeoTIFF; band index reported
scene_01_sudan_sample-Z0006,8,95,3562.928466796875,,unavailable in GeoTIFF; band index reported
scene_01_sudan_sample-Z0006,8,96,3591.642822265625,,unavailable in GeoTIFF; band index reported
scene_01_sudan_sample-Z0006,8,97,3566.571533203125,,unavailable in GeoTIFF; band index reported
scene_01_sudan_sample-Z0006,8,98,3610.78564453125,,unavailable in GeoTIFF; band index reported
scene_01_sudan_sample-Z0006,8,99,3569.357177734375,,unavailable in GeoTIFF; band index reported
scene_01_sudan_sample-Z0006,8,100,3619.28564453125,,unavailable in GeoTIFF; band index reported
scene_01_sudan_sample-Z0006,8,101,3561.0,4253.874341406249,unavailable in GeoTIFF; band index reported
scene_01_sudan_sample-Z0006,8,102,3632.428466796875,,unavailable in GeoTIFF; band index reported
scene_01_sudan_sample-Z0006,8,103,3653.642822265625,,unavailable in GeoTIFF; band index reported
scene_01_sudan_sample-Z0006,8,104,3658.357177734375,,unavailable in GeoTIFF; band index reported
scene_01_sudan_sample-Z0006,8,105,3666.5,,unavailable in GeoTIFF; band index reported
scene_01_sudan_sample-Z0006,8,106,3666.142822265625,,unavailable in GeoTIFF; band index reported
scene_01_sudan_sample-Z0006,8,107,3684.21435546875,,unavailable in GeoTIFF; band index reported
scene_01_sudan_sample-Z0006,8,108,3705.5,4505.796640625,unavailable in GeoTIFF; band index reported
scene_01_sudan_sample-Z0006,8,109,3712.78564453125,,unavailable in GeoTIFF; band index reported
scene_01_sudan_sample-Z0006,8,110,3731.357177734375,,unavailable in GeoTIFF; band index reported
scene_01_sudan_sample-Z0006,8,111,3730.21435546875,,unavailable in GeoTIFF; band index reported
scene_01_sudan_sample-Z0006,8,112,3634.5,,unavailable in GeoTIFF; band index reported
scene_01_sudan_sample-Z0006,8,113,3849.642822265625,,unavailable in GeoTIFF; band index reported
scene_01_sudan_sample-Z0006,8,114,3834.71435546875,,unavailable in GeoTIFF; band index reported
scene_01_sudan_sample-Z0006,8,115,3769.571533203125,,unavailable in GeoTIFF; band index reported
scene_01_sudan_sample-Z0006,8,116,3806.642822265625,4733.02136953125,unavailable in GeoTIFF; band index reported
scene_01_sudan_sample-Z0006,8,117,3864.071533203125,,unavailable in GeoTIFF; band index reported
scene_01_sudan_sample-Z0006,8,118,3921.071533203125,,unavailable in GeoTIFF; band index reported
scene_01_sudan_sample-Z0006,8,119,3931.142822265625,,unavailable in GeoTIFF; band index reported
scene_01_sudan_sample-Z0006,8,120,3940.428466796875,,unavailable in GeoTIFF; band index reported
scene_01_sudan_sample-Z0006,8,121,3966.5,,unavailable in GeoTIFF; band index reported
scene_01_sudan_sample-Z0006,8,122,3981.857177734375,,unavailable in GeoTIFF; band index reported
scene_01_sudan_sample-Z0006,8,123,4007.78564453125,4989.78783046875,unavailable in GeoTIFF; band index reported
scene_01_sudan_sample-Z0006,8,124,4030.357177734375,,unavailable in GeoTIFF; band index reported
scene_01_sudan_sample-Z0006,8,125,4102.9287109375,,unavailable in GeoTIFF; band index reported
scene_01_sudan_sample-Z0006,8,126,4071.5,,unavailable in GeoTIFF; band index reported
scene_01_sudan_sample-Z0006,8,127,4051.428466796875,,unavailable in GeoTIFF; band index reported
scene_01_sudan_sample-Z0006,8,128,4065.5,,unavailable in GeoTIFF; band index reported
scene_01_sudan_sample-Z0006,8,129,4065.0,,unavailable in GeoTIFF; band index reported
scene_01_sudan_sample-Z0006,8,130,4032.21435546875,5089.9508171874995,unavailable in GeoTIFF; band index reported
scene_01_sudan_sample-Z0006,8,131,-32768.0,,unavailable in GeoTIFF; band index reported
scene_01_sudan_sample-Z0006,8,132,-32768.0,,unavailable in GeoTIFF; band index reported
scene_01_sudan_sample-Z0006,8,133,-32768.0,,unavailable in GeoTIFF; band index reported
scene_01_sudan_sample-Z0006,8,134,-32768.0,,unavailable in GeoTIFF; band index reported
scene_01_sudan_sample-Z0006,8,135,-32768.0,,unavailable in GeoTIFF; band index reported
scene_01_sudan_sample-Z0006,8,136,4173.35693359375,,unavailable in GeoTIFF; band index reported
scene_01_sudan_sample-Z0006,8,137,4213.9287109375,5206.2419515625,unavailable in GeoTIFF; band index reported
scene_01_sudan_sample-Z0006,8,138,4170.85693359375,,unavailable in GeoTIFF; band index reported
scene_01_sudan_sample-Z0006,8,139,4200.9287109375,,unavailable in GeoTIFF; band index reported
scene_01_sudan_sample-Z0006,8,140,4243.4287109375,,unavailable in GeoTIFF; band index reported
scene_01_sudan_sample-Z0006,8,141,4294.35693359375,,unavailable in GeoTIFF; band index reported
scene_01_sudan_sample-Z0006,8,142,4317.78564453125,,unavailable in GeoTIFF; band index reported
scene_01_sudan_sample-Z0006,8,143,4320.0712890625,,unavailable in GeoTIFF; band index reported
scene_01_sudan_sample-Z0006,8,144,4330.64306640625,5244.2225421875,unavailable in GeoTIFF; band index reported
scene_01_sudan_sample-Z0006,8,145,4343.4287109375,,unavailable in GeoTIFF; band index reported
scene_01_sudan_sample-Z0006,8,146,4343.64306640625,,unavailable in GeoTIFF; band index reported
scene_01_sudan_sample-Z0006,8,147,4360.5712890625,,unavailable in GeoTIFF; band index reported
scene_01_sudan_sample-Z0006,8,148,4359.0712890625,,unavailable in GeoTIFF; band index reported
scene_01_sudan_sample-Z0006,8,149,4361.0712890625,,unavailable in GeoTIFF; band index reported
scene_01_sudan_sample-Z0006,8,150,4381.35693359375,,unavailable in GeoTIFF; band index reported
scene_01_sudan_sample-Z0006,8,151,4383.9287109375,,unavailable in GeoTIFF; band index reported
scene_01_sudan_sample-Z0006,8,152,4367.64306640625,5271.1466234375,unavailable in GeoTIFF; band index reported
scene_01_sudan_sample-Z0006,8,153,4367.85693359375,,unavailable in GeoTIFF; band index reported
scene_01_sudan_sample-Z0006,8,154,4389.21435546875,,unavailable in GeoTIFF; band index reported
scene_01_sudan_sample-Z0006,8,155,4371.35693359375,,unavailable in GeoTIFF; band index reported
scene_01_sudan_sample-Z0006,8,156,4382.64306640625,,unavailable in GeoTIFF; band index reported
scene_01_sudan_sample-Z0006,8,157,4386.0712890625,,unavailable in GeoTIFF; band index reported
scene_01_sudan_sample-Z0006,8,158,4388.5,,unavailable in GeoTIFF; band index reported
scene_01_sudan_sample-Z0006,8,159,4395.35693359375,5275.7220875,unavailable in GeoTIFF; band index reported
scene_01_sudan_sample-Z0006,8,160,4398.14306640625,,unavailable in GeoTIFF; band index reported
scene_01_sudan_sample-Z0006,8,161,4371.5,,unavailable in GeoTIFF; band index reported
scene_01_sudan_sample-Z0006,8,162,4382.21435546875,,unavailable in GeoTIFF; band index reported
scene_01_sudan_sample-Z0006,8,163,4389.14306640625,,unavailable in GeoTIFF; band index reported
scene_01_sudan_sample-Z0006,8,164,4343.78564453125,,unavailable in GeoTIFF; band index reported
scene_01_sudan_sample-Z0006,8,165,4302.0712890625,,unavailable in GeoTIFF; band index reported
scene_01_sudan_sample-Z0006,8,166,4200.4287109375,5042.5862859375,unavailable in GeoTIFF; band index reported
scene_01_sudan_sample-Z0006,8,167,3931.142822265625,,unavailable in GeoTIFF; band index reported
scene_01_sudan_sample-Z0006,8,168,4106.14306640625,,unavailable in GeoTIFF; band index reported
scene_01_sudan_sample-Z0006,8,169,4199.28564453125,,unavailable in GeoTIFF; band index reported
scene_01_sudan_sample-Z0006,8,170,3871.071533203125,,unavailable in GeoTIFF; band index reported
scene_01_sudan_sample-Z0006,8,171,3490.928466796875,,unavailable in GeoTIFF; band index reported
scene_01_sudan_sample-Z0006,8,172,3728.428466796875,,unavailable in GeoTIFF; band index reported
scene_01_sudan_sample-Z0006,8,173,4119.9287109375,4975.848425,unavailable in GeoTIFF; band index reported
scene_01_sudan_sample-Z0006,8,174,4265.4287109375,,unavailable in GeoTIFF; band index reported
scene_01_sudan_sample-Z0006,8,175,4320.21435546875,,unavailable in GeoTIFF; band index reported
scene_01_sudan_sample-Z0006,8,176,4142.71435546875,,unavailable in GeoTIFF; band index reported
scene_01_sudan_sample-Z0006,8,177,4236.14306640625,,unavailable in GeoTIFF; band index reported
scene_01_sudan_sample-Z0006,8,178,4212.0712890625,,unavailable in GeoTIFF; band index reported
scene_01_sudan_sample-Z0006,8,179,4297.71435546875,,unavailable in GeoTIFF; band index reported
scene_01_sudan_sample-Z0006,8,180,4245.28564453125,5093.39304375,unavailable in GeoTIFF; band index reported
scene_01_sudan_sample-Z0006,8,181,4238.64306640625,,unavailable in GeoTIFF; band index reported
scene_01_sudan_sample-Z0006,8,182,4268.5,,unavailable in GeoTIFF; band index reported
scene_01_sudan_sample-Z0006,8,183,4218.4287109375,,unavailable in GeoTIFF; band index reported
scene_01_sudan_sample-Z0006,8,184,4239.5712890625,,unavailable in GeoTIFF; band index reported
scene_01_sudan_sample-Z0006,8,185,4202.78564453125,,unavailable in GeoTIFF; band index reported
scene_01_sudan_sample-Z0006,8,186,4114.35693359375,,unavailable in GeoTIFF; band index reported
scene_01_sudan_sample-Z0006,8,187,4003.5,,unavailable in GeoTIFF; band index reported
scene_01_sudan_sample-Z0006,8,188,3910.71435546875,4880.5461171874995,unavailable in GeoTIFF; band index reported
scene_01_sudan_sample-Z0006,8,189,3830.28564453125,,unavailable in GeoTIFF; band index reported
scene_01_sudan_sample-Z0006,8,190,3819.857177734375,,unavailable in GeoTIFF; band index reported
scene_01_sudan_sample-Z0006,8,191,3794.142822265625,,unavailable in GeoTIFF; band index reported
scene_01_sudan_sample-Z0006,8,192,3727.928466796875,,unavailable in GeoTIFF; band index reported
scene_01_sudan_sample-Z0006,8,193,3605.357177734375,,unavailable in GeoTIFF; band index reported
scene_01_sudan_sample-Z0006,8,194,3514.78564453125,,unavailable in GeoTIFF; band index reported
scene_01_sudan_sample-Z0006,8,195,3699.5,4601.84051796875,unavailable in GeoTIFF; band index reported
scene_01_sudan_sample-Z0006,8,196,3826.357177734375,,unavailable in GeoTIFF; band index reported
scene_01_sudan_sample-Z0006,8,197,3839.928466796875,,unavailable in GeoTIFF; band index reported
scene_01_sudan_sample-Z0006,8,198,3809.571533203125,,unavailable in GeoTIFF; band index reported
scene_01_sudan_sample-Z0006,8,199,3786.21435546875,,unavailable in GeoTIFF; band index reported
scene_01_sudan_sample-Z0006,8,200,3774.428466796875,,unavailable in GeoTIFF; band index reported
scene_01_sudan_sample-Z0006,8,201,3770.71435546875,,unavailable in GeoTIFF; band index reported
scene_01_sudan_sample-Z0006,8,202,3744.428466796875,4609.6515,unavailable in GeoTIFF; band index reported
scene_01_sudan_sample-Z0006,8,203,3710.857177734375,,unavailable in GeoTIFF; band index reported
scene_01_sudan_sample-Z0006,8,204,3636.21435546875,,unavailable in GeoTIFF; band index reported
scene_01_sudan_sample-Z0006,8,205,3577.928466796875,,unavailable in GeoTIFF; band index reported
scene_01_sudan_sample-Z0006,8,206,3567.071533203125,,unavailable in GeoTIFF; band index reported
scene_01_sudan_sample-Z0006,8,207,3470.0,,unavailable in GeoTIFF; band index reported
scene_01_sudan_sample-Z0006,8,208,3474.357177734375,,unavailable in GeoTIFF; band index reported
scene_01_sudan_sample-Z0006,8,209,3457.857177734375,4314.72705078125,unavailable in GeoTIFF; band index reported
scene_01_sudan_sample-Z0006,8,210,3406.28564453125,,unavailable in GeoTIFF; band index reported
scene_01_sudan_sample-Z0006,8,211,3349.071533203125,,unavailable in GeoTIFF; band index reported
scene_01_sudan_sample-Z0006,8,212,3395.571533203125,,unavailable in GeoTIFF; band index reported
scene_01_sudan_sample-Z0006,8,213,3413.21435546875,,unavailable in GeoTIFF; band index reported
scene_01_sudan_sample-Z0006,8,214,3347.428466796875,,unavailable in GeoTIFF; band index reported
scene_01_sudan_sample-Z0006,8,215,3339.78564453125,,unavailable in GeoTIFF; band index reported
scene_01_sudan_sample-Z0006,8,216,3277.428466796875,4108.290174609376,unavailable in GeoTIFF; band index reported
scene_01_sudan_sample-Z0006,8,217,3290.142822265625,,unavailable in GeoTIFF; band index reported
scene_01_sudan_sample-Z0006,8,218,3312.571533203125,,unavailable in GeoTIFF; band index reported
scene_01_sudan_sample-Z0006,8,219,3256.21435546875,,unavailable in GeoTIFF; band index reported
scene_01_sudan_sample-Z0006,8,220,3144.857177734375,,unavailable in GeoTIFF; band index reported
scene_01_sudan_sample-Z0006,8,221,3219.428466796875,,unavailable in GeoTIFF; band index reported
scene_01_sudan_sample-Z0006,8,222,3152.78564453125,,unavailable in GeoTIFF; band index reported
scene_01_sudan_sample-Z0006,8,223,3184.21435546875,,unavailable in GeoTIFF; band index reported
scene_01_sudan_sample-Z0006,8,224,3011.571533203125,3667.62747109375,unavailable in GeoTIFF; band index reported
scene_01_sudan_sample-Z0013,9,1,867.2000122070312,1051.31852109375,unavailable in GeoTIFF; band index reported
scene_01_sudan_sample-Z0013,9,2,890.5,,unavailable in GeoTIFF; band index reported
scene_01_sudan_sample-Z0013,9,3,919.7000122070312,,unavailable in GeoTIFF; band index reported
scene_01_sudan_sample-Z0013,9,4,962.2000122070312,,unavailable in GeoTIFF; band index reported
scene_01_sudan_sample-Z0013,9,5,1006.5999755859375,,unavailable in GeoTIFF; band index reported
scene_01_sudan_sample-Z0013,9,6,1033.300048828125,,unavailable in GeoTIFF; band index reported
scene_01_sudan_sample-Z0013,9,7,1072.5999755859375,,unavailable in GeoTIFF; band index reported
scene_01_sudan_sample-Z0013,9,8,1090.699951171875,1373.8755863281249,unavailable in GeoTIFF; band index reported
scene_01_sudan_sample-Z0013,9,9,1106.800048828125,,unavailable in GeoTIFF; band index reported
scene_01_sudan_sample-Z0013,9,10,1138.800048828125,,unavailable in GeoTIFF; band index reported
scene_01_sudan_sample-Z0013,9,11,1147.4000244140625,,unavailable in GeoTIFF; band index reported
scene_01_sudan_sample-Z0013,9,12,1158.5,,unavailable in GeoTIFF; band index reported
scene_01_sudan_sample-Z0013,9,13,1175.5,,unavailable in GeoTIFF; band index reported
scene_01_sudan_sample-Z0013,9,14,1202.5999755859375,,unavailable in GeoTIFF; band index reported
scene_01_sudan_sample-Z0013,9,15,1227.0,1574.3386001953124,unavailable in GeoTIFF; band index reported
scene_01_sudan_sample-Z0013,9,16,1265.300048828125,,unavailable in GeoTIFF; band index reported
scene_01_sudan_sample-Z0013,9,17,1311.5,,unavailable in GeoTIFF; band index reported
scene_01_sudan_sample-Z0013,9,18,1340.9000244140625,,unavailable in GeoTIFF; band index reported
scene_01_sudan_sample-Z0013,9,19,1368.0999755859375,,unavailable in GeoTIFF; band index reported
scene_01_sudan_sample-Z0013,9,20,1415.699951171875,,unavailable in GeoTIFF; band index reported
scene_01_sudan_sample-Z0013,9,21,1472.4000244140625,,unavailable in GeoTIFF; band index reported
scene_01_sudan_sample-Z0013,9,22,1506.5,1951.21945,unavailable in GeoTIFF; band index reported
scene_01_sudan_sample-Z0013,9,23,1550.5999755859375,,unavailable in GeoTIFF; band index reported
scene_01_sudan_sample-Z0013,9,24,1615.9000244140625,,unavailable in GeoTIFF; band index reported
scene_01_sudan_sample-Z0013,9,25,1656.0,,unavailable in GeoTIFF; band index reported
scene_01_sudan_sample-Z0013,9,26,1718.800048828125,,unavailable in GeoTIFF; band index reported
scene_01_sudan_sample-Z0013,9,27,1781.5999755859375,,unavailable in GeoTIFF; band index reported
scene_01_sudan_sample-Z0013,9,28,1847.699951171875,,unavailable in GeoTIFF; band index reported
scene_01_sudan_sample-Z0013,9,29,1916.699951171875,2484.001474609375,unavailable in GeoTIFF; band index reported
scene_01_sudan_sample-Z0013,9,30,1991.800048828125,,unavailable in GeoTIFF; band index reported
scene_01_sudan_sample-Z0013,9,31,2078.89990234375,,unavailable in GeoTIFF; band index reported
scene_01_sudan_sample-Z0013,9,32,2153.60009765625,,unavailable in GeoTIFF; band index reported
scene_01_sudan_sample-Z0013,9,33,2202.300048828125,,unavailable in GeoTIFF; band index reported
scene_01_sudan_sample-Z0013,9,34,2284.10009765625,,unavailable in GeoTIFF; band index reported
scene_01_sudan_sample-Z0013,9,35,2341.0,,unavailable in GeoTIFF; band index reported
scene_01_sudan_sample-Z0013,9,36,2402.10009765625,3099.962441796875,unavailable in GeoTIFF; band index reported
scene_01_sudan_sample-Z0013,9,37,2456.800048828125,,unavailable in GeoTIFF; band index reported
scene_01_sudan_sample-Z0013,9,38,2506.89990234375,,unavailable in GeoTIFF; band index reported
scene_01_sudan_sample-Z0013,9,39,2543.5,,unavailable in GeoTIFF; band index reported
scene_01_sudan_sample-Z0013,9,40,2568.89990234375,,unavailable in GeoTIFF; band index reported
scene_01_sudan_sample-Z0013,9,41,2611.800048828125,,unavailable in GeoTIFF; band index reported
scene_01_sudan_sample-Z0013,9,42,2631.699951171875,,unavailable in GeoTIFF; band index reported
scene_01_sudan_sample-Z0013,9,43,2644.0,,unavailable in GeoTIFF; band index reported
scene_01_sudan_sample-Z0013,9,44,2685.39990234375,3472.53658828125,unavailable in GeoTIFF; band index reported
scene_01_sudan_sample-Z0013,9,45,2716.10009765625,,unavailable in GeoTIFF; band index reported
scene_01_sudan_sample-Z0013,9,46,2738.300048828125,,unavailable in GeoTIFF; band index reported
scene_01_sudan_sample-Z0013,9,47,2763.800048828125,,unavailable in GeoTIFF; band index reported
scene_01_sudan_sample-Z0013,9,48,2781.10009765625,,unavailable in GeoTIFF; band index reported
scene_01_sudan_sample-Z0013,9,49,2803.199951171875,,unavailable in GeoTIFF; band index reported
scene_01_sudan_sample-Z0013,9,50,2807.300048828125,,unavailable in GeoTIFF; band index reported
scene_01_sudan_sample-Z0013,9,51,2883.10009765625,3737.443991796875,unavailable in GeoTIFF; band index reported
scene_01_sudan_sample-Z0013,9,52,2899.89990234375,,unavailable in GeoTIFF; band index reported
scene_01_sudan_sample-Z0013,9,53,2926.800048828125,,unavailable in GeoTIFF; band index reported
scene_01_sudan_sample-Z0013,9,54,2934.699951171875,,unavailable in GeoTIFF; band index reported
scene_01_sudan_sample-Z0013,9,55,2960.699951171875,,unavailable in GeoTIFF; band index reported
scene_01_sudan_sample-Z0013,9,56,3045.0,,unavailable in GeoTIFF; band index reported
scene_01_sudan_sample-Z0013,9,57,3093.10009765625,,unavailable in GeoTIFF; band index reported
scene_01_sudan_sample-Z0013,9,58,3078.800048828125,3988.527532421875,unavailable in GeoTIFF; band index reported
scene_01_sudan_sample-Z0013,9,59,3082.39990234375,,unavailable in GeoTIFF; band index reported
scene_01_sudan_sample-Z0013,9,60,3054.10009765625,,unavailable in GeoTIFF; band index reported
scene_01_sudan_sample-Z0013,9,61,3103.5,,unavailable in GeoTIFF; band index reported
scene_01_sudan_sample-Z0013,9,62,3031.10009765625,,unavailable in GeoTIFF; band index reported
scene_01_sudan_sample-Z0013,9,63,3145.10009765625,,unavailable in GeoTIFF; band index reported
scene_01_sudan_sample-Z0013,9,64,3171.699951171875,,unavailable in GeoTIFF; band index reported
scene_01_sudan_sample-Z0013,9,65,3186.800048828125,4143.603513281249,unavailable in GeoTIFF; band index reported
scene_01_sudan_sample-Z0013,9,66,3186.300048828125,,unavailable in GeoTIFF; band index reported
scene_01_sudan_sample-Z0013,9,67,3188.89990234375,,unavailable in GeoTIFF; band index reported
scene_01_sudan_sample-Z0013,9,68,3210.39990234375,,unavailable in GeoTIFF; band index reported
scene_01_sudan_sample-Z0013,9,69,3239.5,,unavailable in GeoTIFF; band index reported
scene_01_sudan_sample-Z0013,9,70,3237.39990234375,,unavailable in GeoTIFF; band index reported
scene_01_sudan_sample-Z0013,9,71,3195.5,,unavailable in GeoTIFF; band index reported
scene_01_sudan_sample-Z0013,9,72,3182.300048828125,4186.1982234375,unavailable in GeoTIFF; band index reported
scene_01_sudan_sample-Z0013,9,73,3196.300048828125,,unavailable in GeoTIFF; band index reported
scene_01_sudan_sample-Z0013,9,74,3175.199951171875,,unavailable in GeoTIFF; band index reported
scene_01_sudan_sample-Z0013,9,75,3207.39990234375,,unavailable in GeoTIFF; band index reported
scene_01_sudan_sample-Z0013,9,76,3153.699951171875,,unavailable in GeoTIFF; band index reported
scene_01_sudan_sample-Z0013,9,77,3177.300048828125,,unavailable in GeoTIFF; band index reported
scene_01_sudan_sample-Z0013,9,78,3155.10009765625,,unavailable in GeoTIFF; band index reported
scene_01_sudan_sample-Z0013,9,79,3170.89990234375,,unavailable in GeoTIFF; band index reported
scene_01_sudan_sample-Z0013,9,80,3202.0,4205.03314921875,unavailable in GeoTIFF; band index reported
scene_01_sudan_sample-Z0013,9,81,3177.10009765625,,unavailable in GeoTIFF; band index reported
scene_01_sudan_sample-Z0013,9,82,3198.800048828125,,unavailable in GeoTIFF; band index reported
scene_01_sudan_sample-Z0013,9,83,3163.60009765625,,unavailable in GeoTIFF; band index reported
scene_01_sudan_sample-Z0013,9,84,3040.39990234375,,unavailable in GeoTIFF; band index reported
scene_01_sudan_sample-Z0013,9,85,3223.199951171875,,unavailable in GeoTIFF; band index reported
scene_01_sudan_sample-Z0013,9,86,3156.10009765625,,unavailable in GeoTIFF; band index reported
scene_01_sudan_sample-Z0013,9,87,3064.39990234375,4028.167868359375,unavailable in GeoTIFF; band index reported
scene_01_sudan_sample-Z0013,9,88,3389.199951171875,,unavailable in GeoTIFF; band index reported
scene_01_sudan_sample-Z0013,9,89,3343.60009765625,,unavailable in GeoTIFF; band index reported
scene_01_sudan_sample-Z0013,9,90,3378.89990234375,,unavailable in GeoTIFF; band index reported
scene_01_sudan_sample-Z0013,9,91,3298.89990234375,,unavailable in GeoTIFF; band index reported
scene_01_sudan_sample-Z0013,9,92,3282.60009765625,,unavailable in GeoTIFF; band index reported
scene_01_sudan_sample-Z0013,9,93,3202.5,,unavailable in GeoTIFF; band index reported
scene_01_sudan_sample-Z0013,9,94,3306.800048828125,4274.172117968749,unavailable in GeoTIFF; band index reported
scene_01_sudan_sample-Z0013,9,95,3227.300048828125,,unavailable in GeoTIFF; band index reported
scene_01_sudan_sample-Z0013,9,96,3312.5,,unavailable in GeoTIFF; band index reported
scene_01_sudan_sample-Z0013,9,97,3257.60009765625,,unavailable in GeoTIFF; band index reported
scene_01_sudan_sample-Z0013,9,98,3330.39990234375,,unavailable in GeoTIFF; band index reported
scene_01_sudan_sample-Z0013,9,99,3264.699951171875,,unavailable in GeoTIFF; band index reported
scene_01_sudan_sample-Z0013,9,100,3334.0,,unavailable in GeoTIFF; band index reported
scene_01_sudan_sample-Z0013,9,101,3284.800048828125,4253.874341406249,unavailable in GeoTIFF; band index reported
scene_01_sudan_sample-Z0013,9,102,3353.5,,unavailable in GeoTIFF; band index reported
scene_01_sudan_sample-Z0013,9,103,3381.199951171875,,unavailable in GeoTIFF; band index reported
scene_01_sudan_sample-Z0013,9,104,3400.39990234375,,unavailable in GeoTIFF; band index reported
scene_01_sudan_sample-Z0013,9,105,3421.800048828125,,unavailable in GeoTIFF; band index reported
scene_01_sudan_sample-Z0013,9,106,3440.800048828125,,unavailable in GeoTIFF; band index reported
scene_01_sudan_sample-Z0013,9,107,3474.5,,unavailable in GeoTIFF; band index reported
scene_01_sudan_sample-Z0013,9,108,3509.39990234375,4505.796640625,unavailable in GeoTIFF; band index reported
scene_01_sudan_sample-Z0013,9,109,3538.89990234375,,unavailable in GeoTIFF; band index reported
scene_01_sudan_sample-Z0013,9,110,3579.0,,unavailable in GeoTIFF; band index reported
scene_01_sudan_sample-Z0013,9,111,3603.800048828125,,unavailable in GeoTIFF; band index reported
scene_01_sudan_sample-Z0013,9,112,3526.5,,unavailable in GeoTIFF; band index reported
scene_01_sudan_sample-Z0013,9,113,3912.0,,unavailable in GeoTIFF; band index reported
scene_01_sudan_sample-Z0013,9,114,3867.5,,unavailable in GeoTIFF; band index reported
scene_01_sudan_sample-Z0013,9,115,3882.39990234375,,unavailable in GeoTIFF; band index reported
scene_01_sudan_sample-Z0013,9,116,3879.39990234375,4733.02136953125,unavailable in GeoTIFF; band index reported
scene_01_sudan_sample-Z0013,9,117,3918.5,,unavailable in GeoTIFF; band index reported
scene_01_sudan_sample-Z0013,9,118,4011.699951171875,,unavailable in GeoTIFF; band index reported
scene_01_sudan_sample-Z0013,9,119,4045.5,,unavailable in GeoTIFF; band index reported
scene_01_sudan_sample-Z0013,9,120,4092.89990234375,,unavailable in GeoTIFF; band index reported
scene_01_sudan_sample-Z0013,9,121,4139.39990234375,,unavailable in GeoTIFF; band index reported
scene_01_sudan_sample-Z0013,9,122,4190.39990234375,,unavailable in GeoTIFF; band index reported
scene_01_sudan_sample-Z0013,9,123,4239.0,4989.78783046875,unavailable in GeoTIFF; band index reported
scene_01_sudan_sample-Z0013,9,124,4271.7998046875,,unavailable in GeoTIFF; band index reported
scene_01_sudan_sample-Z0013,9,125,4424.0,,unavailable in GeoTIFF; band index reported
scene_01_sudan_sample-Z0013,9,126,4399.60009765625,,unavailable in GeoTIFF; band index reported
scene_01_sudan_sample-Z0013,9,127,4418.10009765625,,unavailable in GeoTIFF; band index reported
scene_01_sudan_sample-Z0013,9,128,4465.89990234375,,unavailable in GeoTIFF; band index reported
scene_01_sudan_sample-Z0013,9,129,4497.10009765625,,unavailable in GeoTIFF; band index reported
scene_01_sudan_sample-Z0013,9,130,4506.89990234375,5089.9508171874995,unavailable in GeoTIFF; band index reported
scene_01_sudan_sample-Z0013,9,131,-32768.0,,unavailable in GeoTIFF; band index reported
scene_01_sudan_sample-Z0013,9,132,-32768.0,,unavailable in GeoTIFF; band index reported
scene_01_sudan_sample-Z0013,9,133,-32768.0,,unavailable in GeoTIFF; band index reported
scene_01_sudan_sample-Z0013,9,134,-32768.0,,unavailable in GeoTIFF; band index reported
scene_01_sudan_sample-Z0013,9,135,-32768.0,,unavailable in GeoTIFF; band index reported
scene_01_sudan_sample-Z0013,9,136,4866.39990234375,,unavailable in GeoTIFF; band index reported
scene_01_sudan_sample-Z0013,9,137,4713.7001953125,5206.2419515625,unavailable in GeoTIFF; band index reported
scene_01_sudan_sample-Z0013,9,138,4749.7001953125,,unavailable in GeoTIFF; band index reported
scene_01_sudan_sample-Z0013,9,139,4782.60009765625,,unavailable in GeoTIFF; band index reported
scene_01_sudan_sample-Z0013,9,140,4736.89990234375,,unavailable in GeoTIFF; band index reported
scene_01_sudan_sample-Z0013,9,141,4738.89990234375,,unavailable in GeoTIFF; band index reported
scene_01_sudan_sample-Z0013,9,142,4743.89990234375,,unavailable in GeoTIFF; band index reported
scene_01_sudan_sample-Z0013,9,143,4731.7998046875,,unavailable in GeoTIFF; band index reported
scene_01_sudan_sample-Z0013,9,144,4727.2998046875,5244.2225421875,unavailable in GeoTIFF; band index reported
scene_01_sudan_sample-Z0013,9,145,4735.39990234375,,unavailable in GeoTIFF; band index reported
scene_01_sudan_sample-Z0013,9,146,4702.5,,unavailable in GeoTIFF; band index reported
scene_01_sudan_sample-Z0013,9,147,4741.89990234375,,unavailable in GeoTIFF; band index reported
scene_01_sudan_sample-Z0013,9,148,4721.7001953125,,unavailable in GeoTIFF; band index reported
scene_01_sudan_sample-Z0013,9,149,4682.39990234375,,unavailable in GeoTIFF; band index reported
scene_01_sudan_sample-Z0013,9,150,4719.2998046875,,unavailable in GeoTIFF; band index reported
scene_01_sudan_sample-Z0013,9,151,4704.60009765625,,unavailable in GeoTIFF; band index reported
scene_01_sudan_sample-Z0013,9,152,4664.5,5271.1466234375,unavailable in GeoTIFF; band index reported
scene_01_sudan_sample-Z0013,9,153,4648.7998046875,,unavailable in GeoTIFF; band index reported
scene_01_sudan_sample-Z0013,9,154,4665.2998046875,,unavailable in GeoTIFF; band index reported
scene_01_sudan_sample-Z0013,9,155,4643.39990234375,,unavailable in GeoTIFF; band index reported
scene_01_sudan_sample-Z0013,9,156,4645.7001953125,,unavailable in GeoTIFF; band index reported
scene_01_sudan_sample-Z0013,9,157,4649.7998046875,,unavailable in GeoTIFF; band index reported
scene_01_sudan_sample-Z0013,9,158,4647.89990234375,,unavailable in GeoTIFF; band index reported
scene_01_sudan_sample-Z0013,9,159,4638.2001953125,5275.7220875,unavailable in GeoTIFF; band index reported
scene_01_sudan_sample-Z0013,9,160,4633.7998046875,,unavailable in GeoTIFF; band index reported
scene_01_sudan_sample-Z0013,9,161,4627.2998046875,,unavailable in GeoTIFF; band index reported
scene_01_sudan_sample-Z0013,9,162,4636.89990234375,,unavailable in GeoTIFF; band index reported
scene_01_sudan_sample-Z0013,9,163,4632.89990234375,,unavailable in GeoTIFF; band index reported
scene_01_sudan_sample-Z0013,9,164,4576.10009765625,,unavailable in GeoTIFF; band index reported
scene_01_sudan_sample-Z0013,9,165,4521.5,,unavailable in GeoTIFF; band index reported
scene_01_sudan_sample-Z0013,9,166,4446.39990234375,5042.5862859375,unavailable in GeoTIFF; band index reported
scene_01_sudan_sample-Z0013,9,167,4347.0,,unavailable in GeoTIFF; band index reported
scene_01_sudan_sample-Z0013,9,168,4414.5,,unavailable in GeoTIFF; band index reported
scene_01_sudan_sample-Z0013,9,169,4432.0,,unavailable in GeoTIFF; band index reported
scene_01_sudan_sample-Z0013,9,170,3805.699951171875,,unavailable in GeoTIFF; band index reported
scene_01_sudan_sample-Z0013,9,171,3719.89990234375,,unavailable in GeoTIFF; band index reported
scene_01_sudan_sample-Z0013,9,172,4066.60009765625,,unavailable in GeoTIFF; band index reported
scene_01_sudan_sample-Z0013,9,173,4541.5,4975.848425,unavailable in GeoTIFF; band index reported
scene_01_sudan_sample-Z0013,9,174,4522.60009765625,,unavailable in GeoTIFF; band index reported
scene_01_sudan_sample-Z0013,9,175,4514.89990234375,,unavailable in GeoTIFF; band index reported
scene_01_sudan_sample-Z0013,9,176,4286.39990234375,,unavailable in GeoTIFF; band index reported
scene_01_sudan_sample-Z0013,9,177,4501.60009765625,,unavailable in GeoTIFF; band index reported
scene_01_sudan_sample-Z0013,9,178,4539.2998046875,,unavailable in GeoTIFF; band index reported
scene_01_sudan_sample-Z0013,9,179,4633.2998046875,,unavailable in GeoTIFF; band index reported
scene_01_sudan_sample-Z0013,9,180,4569.89990234375,5093.39304375,unavailable in GeoTIFF; band index reported
scene_01_sudan_sample-Z0013,9,181,4569.10009765625,,unavailable in GeoTIFF; band index reported
scene_01_sudan_sample-Z0013,9,182,4581.5,,unavailable in GeoTIFF; band index reported
scene_01_sudan_sample-Z0013,9,183,4562.2998046875,,unavailable in GeoTIFF; band index reported
scene_01_sudan_sample-Z0013,9,184,4591.60009765625,,unavailable in GeoTIFF; band index reported
scene_01_sudan_sample-Z0013,9,185,4563.60009765625,,unavailable in GeoTIFF; band index reported
scene_01_sudan_sample-Z0013,9,186,4512.5,,unavailable in GeoTIFF; band index reported
scene_01_sudan_sample-Z0013,9,187,4411.10009765625,,unavailable in GeoTIFF; band index reported
scene_01_sudan_sample-Z0013,9,188,4347.89990234375,4880.5461171874995,unavailable in GeoTIFF; band index reported
scene_01_sudan_sample-Z0013,9,189,4299.2998046875,,unavailable in GeoTIFF; band index reported
scene_01_sudan_sample-Z0013,9,190,4284.7998046875,,unavailable in GeoTIFF; band index reported
scene_01_sudan_sample-Z0013,9,191,4252.7001953125,,unavailable in GeoTIFF; band index reported
scene_01_sudan_sample-Z0013,9,192,4177.89990234375,,unavailable in GeoTIFF; band index reported
scene_01_sudan_sample-Z0013,9,193,4068.199951171875,,unavailable in GeoTIFF; band index reported
scene_01_sudan_sample-Z0013,9,194,4014.89990234375,,unavailable in GeoTIFF; band index reported
scene_01_sudan_sample-Z0013,9,195,4125.0,4601.84051796875,unavailable in GeoTIFF; band index reported
scene_01_sudan_sample-Z0013,9,196,4187.60009765625,,unavailable in GeoTIFF; band index reported
scene_01_sudan_sample-Z0013,9,197,4178.0,,unavailable in GeoTIFF; band index reported
scene_01_sudan_sample-Z0013,9,198,4123.2001953125,,unavailable in GeoTIFF; band index reported
scene_01_sudan_sample-Z0013,9,199,4116.10009765625,,unavailable in GeoTIFF; band index reported
scene_01_sudan_sample-Z0013,9,200,4121.2001953125,,unavailable in GeoTIFF; band index reported
scene_01_sudan_sample-Z0013,9,201,4093.89990234375,,unavailable in GeoTIFF; band index reported
scene_01_sudan_sample-Z0013,9,202,4080.89990234375,4609.6515,unavailable in GeoTIFF; band index reported
scene_01_sudan_sample-Z0013,9,203,4041.699951171875,,unavailable in GeoTIFF; band index reported
scene_01_sudan_sample-Z0013,9,204,3943.10009765625,,unavailable in GeoTIFF; band index reported
scene_01_sudan_sample-Z0013,9,205,3914.199951171875,,unavailable in GeoTIFF; band index reported
scene_01_sudan_sample-Z0013,9,206,3963.0,,unavailable in GeoTIFF; band index reported
scene_01_sudan_sample-Z0013,9,207,3760.10009765625,,unavailable in GeoTIFF; band index reported
scene_01_sudan_sample-Z0013,9,208,3898.800048828125,,unavailable in GeoTIFF; band index reported
scene_01_sudan_sample-Z0013,9,209,3812.10009765625,4314.72705078125,unavailable in GeoTIFF; band index reported
scene_01_sudan_sample-Z0013,9,210,3718.60009765625,,unavailable in GeoTIFF; band index reported
scene_01_sudan_sample-Z0013,9,211,3673.199951171875,,unavailable in GeoTIFF; band index reported
scene_01_sudan_sample-Z0013,9,212,3796.39990234375,,unavailable in GeoTIFF; band index reported
scene_01_sudan_sample-Z0013,9,213,3764.300048828125,,unavailable in GeoTIFF; band index reported
scene_01_sudan_sample-Z0013,9,214,3646.39990234375,,unavailable in GeoTIFF; band index reported
scene_01_sudan_sample-Z0013,9,215,3678.0,,unavailable in GeoTIFF; band index reported
scene_01_sudan_sample-Z0013,9,216,3627.39990234375,4108.290174609376,unavailable in GeoTIFF; band index reported
scene_01_sudan_sample-Z0013,9,217,3666.199951171875,,unavailable in GeoTIFF; band index reported
scene_01_sudan_sample-Z0013,9,218,3595.0,,unavailable in GeoTIFF; band index reported
scene_01_sudan_sample-Z0013,9,219,3563.699951171875,,unavailable in GeoTIFF; band index reported
scene_01_sudan_sample-Z0013,9,220,3433.699951171875,,unavailable in GeoTIFF; band index reported
scene_01_sudan_sample-Z0013,9,221,3625.300048828125,,unavailable in GeoTIFF; band index reported
scene_01_sudan_sample-Z0013,9,222,3349.800048828125,,unavailable in GeoTIFF; band index reported
scene_01_sudan_sample-Z0013,9,223,3651.0,,unavailable in GeoTIFF; band index reported
scene_01_sudan_sample-Z0013,9,224,3162.699951171875,3667.62747109375,unavailable in GeoTIFF; band index reported
scene_01_sudan_sample-Z0001,10,1,835.8636474609375,1051.31852109375,unavailable in GeoTIFF; band index reported
scene_01_sudan_sample-Z0001,10,2,840.227294921875,,unavailable in GeoTIFF; band index reported
scene_01_sudan_sample-Z0001,10,3,881.727294921875,,unavailable in GeoTIFF; band index reported
scene_01_sudan_sample-Z0001,10,4,926.8181762695312,,unavailable in GeoTIFF; band index reported
scene_01_sudan_sample-Z0001,10,5,976.772705078125,,unavailable in GeoTIFF; band index reported
scene_01_sudan_sample-Z0001,10,6,1007.9091186523438,,unavailable in GeoTIFF; band index reported
scene_01_sudan_sample-Z0001,10,7,1045.0,,unavailable in GeoTIFF; band index reported
scene_01_sudan_sample-Z0001,10,8,1067.95458984375,1373.8755863281249,unavailable in GeoTIFF; band index reported
scene_01_sudan_sample-Z0001,10,9,1075.0,,unavailable in GeoTIFF; band index reported
scene_01_sudan_sample-Z0001,10,10,1105.8636474609375,,unavailable in GeoTIFF; band index reported
scene_01_sudan_sample-Z0001,10,11,1117.3182373046875,,unavailable in GeoTIFF; band index reported
scene_01_sudan_sample-Z0001,10,12,1126.04541015625,,unavailable in GeoTIFF; band index reported
scene_01_sudan_sample-Z0001,10,13,1148.3182373046875,,unavailable in GeoTIFF; band index reported
scene_01_sudan_sample-Z0001,10,14,1183.95458984375,,unavailable in GeoTIFF; band index reported
scene_01_sudan_sample-Z0001,10,15,1203.0,1574.3386001953124,unavailable in GeoTIFF; band index reported
scene_01_sudan_sample-Z0001,10,16,1229.772705078125,,unavailable in GeoTIFF; band index reported
scene_01_sudan_sample-Z0001,10,17,1270.04541015625,,unavailable in GeoTIFF; band index reported
scene_01_sudan_sample-Z0001,10,18,1305.6817626953125,,unavailable in GeoTIFF; band index reported
scene_01_sudan_sample-Z0001,10,19,1334.0,,unavailable in GeoTIFF; band index reported
scene_01_sudan_sample-Z0001,10,20,1394.1363525390625,,unavailable in GeoTIFF; band index reported
scene_01_sudan_sample-Z0001,10,21,1430.772705078125,,unavailable in GeoTIFF; band index reported
scene_01_sudan_sample-Z0001,10,22,1479.772705078125,1951.21945,unavailable in GeoTIFF; band index reported
scene_01_sudan_sample-Z0001,10,23,1523.8182373046875,,unavailable in GeoTIFF; band index reported
scene_01_sudan_sample-Z0001,10,24,1576.0909423828125,,unavailable in GeoTIFF; band index reported
scene_01_sudan_sample-Z0001,10,25,1633.0909423828125,,unavailable in GeoTIFF; band index reported
scene_01_sudan_sample-Z0001,10,26,1686.04541015625,,unavailable in GeoTIFF; band index reported
scene_01_sudan_sample-Z0001,10,27,1750.9090576171875,,unavailable in GeoTIFF; band index reported
scene_01_sudan_sample-Z0001,10,28,1804.54541015625,,unavailable in GeoTIFF; band index reported
scene_01_sudan_sample-Z0001,10,29,1878.45458984375,2484.001474609375,unavailable in GeoTIFF; band index reported
scene_01_sudan_sample-Z0001,10,30,1947.3636474609375,,unavailable in GeoTIFF; band index reported
scene_01_sudan_sample-Z0001,10,31,2032.1817626953125,,unavailable in GeoTIFF; band index reported
scene_01_sudan_sample-Z0001,10,32,2097.54541015625,,unavailable in GeoTIFF; band index reported
scene_01_sudan_sample-Z0001,10,33,2162.363525390625,,unavailable in GeoTIFF; band index reported
scene_01_sudan_sample-Z0001,10,34,2234.772705078125,,unavailable in GeoTIFF; band index reported
scene_01_sudan_sample-Z0001,10,35,2306.04541015625,,unavailable in GeoTIFF; band index reported
scene_01_sudan_sample-Z0001,10,36,2360.181884765625,3099.962441796875,unavailable in GeoTIFF; band index reported
scene_01_sudan_sample-Z0001,10,37,2413.318115234375,,unavailable in GeoTIFF; band index reported
scene_01_sudan_sample-Z0001,10,38,2464.136474609375,,unavailable in GeoTIFF; band index reported
scene_01_sudan_sample-Z0001,10,39,2506.0908203125,,unavailable in GeoTIFF; band index reported
scene_01_sudan_sample-Z0001,10,40,2532.181884765625,,unavailable in GeoTIFF; band index reported
scene_01_sudan_sample-Z0001,10,41,2574.818115234375,,unavailable in GeoTIFF; band index reported
scene_01_sudan_sample-Z0001,10,42,2603.04541015625,,unavailable in GeoTIFF; band index reported
scene_01_sudan_sample-Z0001,10,43,2616.04541015625,,unavailable in GeoTIFF; band index reported
scene_01_sudan_sample-Z0001,10,44,2652.681884765625,3472.53658828125,unavailable in GeoTIFF; band index reported
scene_01_sudan_sample-Z0001,10,45,2695.181884765625,,unavailable in GeoTIFF; band index reported
scene_01_sudan_sample-Z0001,10,46,2730.4091796875,,unavailable in GeoTIFF; band index reported
scene_01_sudan_sample-Z0001,10,47,2746.681884765625,,unavailable in GeoTIFF; band index reported
scene_01_sudan_sample-Z0001,10,48,2769.681884765625,,unavailable in GeoTIFF; band index reported
scene_01_sudan_sample-Z0001,10,49,2787.5,,unavailable in GeoTIFF; band index reported
scene_01_sudan_sample-Z0001,10,50,2780.227294921875,,unavailable in GeoTIFF; band index reported
scene_01_sudan_sample-Z0001,10,51,2863.9091796875,3737.443991796875,unavailable in GeoTIFF; band index reported
scene_01_sudan_sample-Z0001,10,52,2874.363525390625,,unavailable in GeoTIFF; band index reported
scene_01_sudan_sample-Z0001,10,53,2900.45458984375,,unavailable in GeoTIFF; band index reported
scene_01_sudan_sample-Z0001,10,54,2920.681884765625,,unavailable in GeoTIFF; band index reported
scene_01_sudan_sample-Z0001,10,55,2942.54541015625,,unavailable in GeoTIFF; band index reported
scene_01_sudan_sample-Z0001,10,56,3016.0908203125,,unavailable in GeoTIFF; band index reported
scene_01_sudan_sample-Z0001,10,57,3058.363525390625,,unavailable in GeoTIFF; band index reported
scene_01_sudan_sample-Z0001,10,58,3059.95458984375,3988.527532421875,unavailable in GeoTIFF; band index reported
scene_01_sudan_sample-Z0001,10,59,3068.04541015625,,unavailable in GeoTIFF; band index reported
scene_01_sudan_sample-Z0001,10,60,3039.272705078125,,unavailable in GeoTIFF; band index reported
scene_01_sudan_sample-Z0001,10,61,3107.5908203125,,unavailable in GeoTIFF; band index reported
scene_01_sudan_sample-Z0001,10,62,2951.54541015625,,unavailable in GeoTIFF; band index reported
scene_01_sudan_sample-Z0001,10,63,3134.0908203125,,unavailable in GeoTIFF; band index reported
scene_01_sudan_sample-Z0001,10,64,3152.0908203125,,unavailable in GeoTIFF; band index reported
scene_01_sudan_sample-Z0001,10,65,3171.227294921875,4143.603513281249,unavailable in GeoTIFF; band index reported
scene_01_sudan_sample-Z0001,10,66,3172.45458984375,,unavailable in GeoTIFF; band index reported
scene_01_sudan_sample-Z0001,10,67,3178.136474609375,,unavailable in GeoTIFF; band index reported
scene_01_sudan_sample-Z0001,10,68,3200.727294921875,,unavailable in GeoTIFF; band index reported
scene_01_sudan_sample-Z0001,10,69,3236.363525390625,,unavailable in GeoTIFF; band index reported
scene_01_sudan_sample-Z0001,10,70,3229.363525390625,,unavailable in GeoTIFF; band index reported
scene_01_sudan_sample-Z0001,10,71,3187.54541015625,,unavailable in GeoTIFF; band index reported
scene_01_sudan_sample-Z0001,10,72,3194.181884765625,4186.1982234375,unavailable in GeoTIFF; band index reported
scene_01_sudan_sample-Z0001,10,73,3205.0908203125,,unavailable in GeoTIFF; band index reported
scene_01_sudan_sample-Z0001,10,74,3168.45458984375,,unavailable in GeoTIFF; band index reported
scene_01_sudan_sample-Z0001,10,75,3221.181884765625,,unavailable in GeoTIFF; band index reported
scene_01_sudan_sample-Z0001,10,76,3147.863525390625,,unavailable in GeoTIFF; band index reported
scene_01_sudan_sample-Z0001,10,77,3186.681884765625,,unavailable in GeoTIFF; band index reported
scene_01_sudan_sample-Z0001,10,78,3176.272705078125,,unavailable in GeoTIFF; band index reported
scene_01_sudan_sample-Z0001,10,79,3164.863525390625,,unavailable in GeoTIFF; band index reported
scene_01_sudan_sample-Z0001,10,80,3202.727294921875,4205.03314921875,unavailable in GeoTIFF; band index reported
scene_01_sudan_sample-Z0001,10,81,3194.227294921875,,unavailable in GeoTIFF; band index reported
scene_01_sudan_sample-Z0001,10,82,3190.0,,unavailable in GeoTIFF; band index reported
scene_01_sudan_sample-Z0001,10,83,3162.136474609375,,unavailable in GeoTIFF; band index reported
scene_01_sudan_sample-Z0001,10,84,3037.818115234375,,unavailable in GeoTIFF; band index reported
scene_01_sudan_sample-Z0001,10,85,3225.227294921875,,unavailable in GeoTIFF; band index reported
scene_01_sudan_sample-Z0001,10,86,3176.272705078125,,unavailable in GeoTIFF; band index reported
scene_01_sudan_sample-Z0001,10,87,3059.136474609375,4028.167868359375,unavailable in GeoTIFF; band index reported
scene_01_sudan_sample-Z0001,10,88,3424.772705078125,,unavailable in GeoTIFF; band index reported
scene_01_sudan_sample-Z0001,10,89,3311.818115234375,,unavailable in GeoTIFF; band index reported
scene_01_sudan_sample-Z0001,10,90,3369.04541015625,,unavailable in GeoTIFF; band index reported
scene_01_sudan_sample-Z0001,10,91,3257.272705078125,,unavailable in GeoTIFF; band index reported
scene_01_sudan_sample-Z0001,10,92,3271.818115234375,,unavailable in GeoTIFF; band index reported
scene_01_sudan_sample-Z0001,10,93,3222.0908203125,,unavailable in GeoTIFF; band index reported
scene_01_sudan_sample-Z0001,10,94,3264.727294921875,4274.172117968749,unavailable in GeoTIFF; band index reported
scene_01_sudan_sample-Z0001,10,95,3256.5908203125,,unavailable in GeoTIFF; band index reported
scene_01_sudan_sample-Z0001,10,96,3297.5908203125,,unavailable in GeoTIFF; band index reported
scene_01_sudan_sample-Z0001,10,97,3284.818115234375,,unavailable in GeoTIFF; band index reported
scene_01_sudan_sample-Z0001,10,98,3314.5,,unavailable in GeoTIFF; band index reported
scene_01_sudan_sample-Z0001,10,99,3297.95458984375,,unavailable in GeoTIFF; band index reported
scene_01_sudan_sample-Z0001,10,100,3327.227294921875,,unavailable in GeoTIFF; band index reported
scene_01_sudan_sample-Z0001,10,101,3314.95458984375,4253.874341406249,unavailable in GeoTIFF; band index reported
scene_01_sudan_sample-Z0001,10,102,3339.0908203125,,unavailable in GeoTIFF; band index reported
scene_01_sudan_sample-Z0001,10,103,3362.9091796875,,unavailable in GeoTIFF; band index reported
scene_01_sudan_sample-Z0001,10,104,3374.818115234375,,unavailable in GeoTIFF; band index reported
scene_01_sudan_sample-Z0001,10,105,3387.727294921875,,unavailable in GeoTIFF; band index reported
scene_01_sudan_sample-Z0001,10,106,3396.227294921875,,unavailable in GeoTIFF; band index reported
scene_01_sudan_sample-Z0001,10,107,3420.318115234375,,unavailable in GeoTIFF; band index reported
scene_01_sudan_sample-Z0001,10,108,3448.5,4505.796640625,unavailable in GeoTIFF; band index reported
scene_01_sudan_sample-Z0001,10,109,3461.04541015625,,unavailable in GeoTIFF; band index reported
scene_01_sudan_sample-Z0001,10,110,3490.54541015625,,unavailable in GeoTIFF; band index reported
scene_01_sudan_sample-Z0001,10,111,3499.318115234375,,unavailable in GeoTIFF; band index reported
scene_01_sudan_sample-Z0001,10,112,3400.9091796875,,unavailable in GeoTIFF; band index reported
scene_01_sudan_sample-Z0001,10,113,3680.5908203125,,unavailable in GeoTIFF; band index reported
scene_01_sudan_sample-Z0001,10,114,3661.5908203125,,unavailable in GeoTIFF; band index reported
scene_01_sudan_sample-Z0001,10,115,3626.136474609375,,unavailable in GeoTIFF; band index reported
scene_01_sudan_sample-Z0001,10,116,3668.54541015625,4733.02136953125,unavailable in GeoTIFF; band index reported
scene_01_sudan_sample-Z0001,10,117,3727.0,,unavailable in GeoTIFF; band index reported
scene_01_sudan_sample-Z0001,10,118,3810.727294921875,,unavailable in GeoTIFF; band index reported
scene_01_sudan_sample-Z0001,10,119,3840.681884765625,,unavailable in GeoTIFF; band index reported
scene_01_sudan_sample-Z0001,10,120,3877.9091796875,,unavailable in GeoTIFF; band index reported
scene_01_sudan_sample-Z0001,10,121,3929.318115234375,,unavailable in GeoTIFF; band index reported
scene_01_sudan_sample-Z0001,10,122,3973.772705078125,,unavailable in GeoTIFF; band index reported
scene_01_sudan_sample-Z0001,10,123,4019.04541015625,4989.78783046875,unavailable in GeoTIFF; band index reported
scene_01_sudan_sample-Z0001,10,124,4062.0908203125,,unavailable in GeoTIFF; band index reported
scene_01_sudan_sample-Z0001,10,125,4174.54541015625,,unavailable in GeoTIFF; band index reported
scene_01_sudan_sample-Z0001,10,126,4166.95458984375,,unavailable in GeoTIFF; band index reported
scene_01_sudan_sample-Z0001,10,127,4183.22705078125,,unavailable in GeoTIFF; band index reported
scene_01_sudan_sample-Z0001,10,128,4227.86376953125,,unavailable in GeoTIFF; band index reported
scene_01_sudan_sample-Z0001,10,129,4243.5,,unavailable in GeoTIFF; band index reported
scene_01_sudan_sample-Z0001,10,130,4241.45458984375,5089.9508171874995,unavailable in GeoTIFF; band index reported
scene_01_sudan_sample-Z0001,10,131,-32768.0,,unavailable in GeoTIFF; band index reported
scene_01_sudan_sample-Z0001,10,132,-32768.0,,unavailable in GeoTIFF; band index reported
scene_01_sudan_sample-Z0001,10,133,-32768.0,,unavailable in GeoTIFF; band index reported
scene_01_sudan_sample-Z0001,10,134,-32768.0,,unavailable in GeoTIFF; band index reported
scene_01_sudan_sample-Z0001,10,135,-32768.0,,unavailable in GeoTIFF; band index reported
scene_01_sudan_sample-Z0001,10,136,4450.27294921875,,unavailable in GeoTIFF; band index reported
scene_01_sudan_sample-Z0001,10,137,4414.04541015625,5206.2419515625,unavailable in GeoTIFF; band index reported
scene_01_sudan_sample-Z0001,10,138,4386.681640625,,unavailable in GeoTIFF; band index reported
scene_01_sudan_sample-Z0001,10,139,4423.54541015625,,unavailable in GeoTIFF; band index reported
scene_01_sudan_sample-Z0001,10,140,4438.36376953125,,unavailable in GeoTIFF; band index reported
scene_01_sudan_sample-Z0001,10,141,4470.9091796875,,unavailable in GeoTIFF; band index reported
scene_01_sudan_sample-Z0001,10,142,4494.22705078125,,unavailable in GeoTIFF; band index reported
scene_01_sudan_sample-Z0001,10,143,4482.681640625,,unavailable in GeoTIFF; band index reported
scene_01_sudan_sample-Z0001,10,144,4487.22705078125,5244.2225421875,unavailable in GeoTIFF; band index reported
scene_01_sudan_sample-Z0001,10,145,4493.77294921875,,unavailable in GeoTIFF; band index reported
scene_01_sudan_sample-Z0001,10,146,4474.5908203125,,unavailable in GeoTIFF; band index reported
scene_01_sudan_sample-Z0001,10,147,4493.22705078125,,unavailable in GeoTIFF; band index reported
scene_01_sudan_sample-Z0001,10,148,4478.9091796875,,unavailable in GeoTIFF; band index reported
scene_01_sudan_sample-Z0001,10,149,4451.72705078125,,unavailable in GeoTIFF; band index reported
scene_01_sudan_sample-Z0001,10,150,4468.04541015625,,unavailable in GeoTIFF; band index reported
scene_01_sudan_sample-Z0001,10,151,4449.22705078125,,unavailable in GeoTIFF; band index reported
scene_01_sudan_sample-Z0001,10,152,4420.95458984375,5271.1466234375,unavailable in GeoTIFF; band index reported
scene_01_sudan_sample-Z0001,10,153,4407.45458984375,,unavailable in GeoTIFF; band index reported
scene_01_sudan_sample-Z0001,10,154,4423.63623046875,,unavailable in GeoTIFF; band index reported
scene_01_sudan_sample-Z0001,10,155,4399.5,,unavailable in GeoTIFF; band index reported
scene_01_sudan_sample-Z0001,10,156,4405.4091796875,,unavailable in GeoTIFF; band index reported
scene_01_sudan_sample-Z0001,10,157,4413.5908203125,,unavailable in GeoTIFF; band index reported
scene_01_sudan_sample-Z0001,10,158,4399.22705078125,,unavailable in GeoTIFF; band index reported
scene_01_sudan_sample-Z0001,10,159,4401.36376953125,5275.7220875,unavailable in GeoTIFF; band index reported
scene_01_sudan_sample-Z0001,10,160,4398.0908203125,,unavailable in GeoTIFF; band index reported
scene_01_sudan_sample-Z0001,10,161,4382.27294921875,,unavailable in GeoTIFF; band index reported
scene_01_sudan_sample-Z0001,10,162,4382.04541015625,,unavailable in GeoTIFF; band index reported
scene_01_sudan_sample-Z0001,10,163,4396.181640625,,unavailable in GeoTIFF; band index reported
scene_01_sudan_sample-Z0001,10,164,4332.0908203125,,unavailable in GeoTIFF; band index reported
scene_01_sudan_sample-Z0001,10,165,4300.27294921875,,unavailable in GeoTIFF; band index reported
scene_01_sudan_sample-Z0001,10,166,4189.27294921875,5042.5862859375,unavailable in GeoTIFF; band index reported
scene_01_sudan_sample-Z0001,10,167,4036.727294921875,,unavailable in GeoTIFF; band index reported
scene_01_sudan_sample-Z0001,10,168,4154.318359375,,unavailable in GeoTIFF; band index reported
scene_01_sudan_sample-Z0001,10,169,4225.27294921875,,unavailable in GeoTIFF; band index reported
scene_01_sudan_sample-Z0001,10,170,3777.9091796875,,unavailable in GeoTIFF; band index reported
scene_01_sudan_sample-Z0001,10,171,3526.0908203125,,unavailable in GeoTIFF; band index reported
scene_01_sudan_sample-Z0001,10,172,3779.4091796875,,unavailable in GeoTIFF; band index reported
scene_01_sudan_sample-Z0001,10,173,4226.4091796875,4975.848425,unavailable in GeoTIFF; band index reported
scene_01_sudan_sample-Z0001,10,174,4325.22705078125,,unavailable in GeoTIFF; band index reported
scene_01_sudan_sample-Z0001,10,175,4354.9091796875,,unavailable in GeoTIFF; band index reported
scene_01_sudan_sample-Z0001,10,176,4147.27294921875,,unavailable in GeoTIFF; band index reported
scene_01_sudan_sample-Z0001,10,177,4316.04541015625,,unavailable in GeoTIFF; band index reported
scene_01_sudan_sample-Z0001,10,178,4351.681640625,,unavailable in GeoTIFF; band index reported
scene_01_sudan_sample-Z0001,10,179,4428.95458984375,,unavailable in GeoTIFF; band index reported
scene_01_sudan_sample-Z0001,10,180,4371.0908203125,5093.39304375,unavailable in GeoTIFF; band index reported
scene_01_sudan_sample-Z0001,10,181,4386.22705078125,,unavailable in GeoTIFF; band index reported
scene_01_sudan_sample-Z0001,10,182,4423.681640625,,unavailable in GeoTIFF; band index reported
scene_01_sudan_sample-Z0001,10,183,4402.9091796875,,unavailable in GeoTIFF; band index reported
scene_01_sudan_sample-Z0001,10,184,4431.818359375,,unavailable in GeoTIFF; band index reported
scene_01_sudan_sample-Z0001,10,185,4410.681640625,,unavailable in GeoTIFF; band index reported
scene_01_sudan_sample-Z0001,10,186,4368.5908203125,,unavailable in GeoTIFF; band index reported
scene_01_sudan_sample-Z0001,10,187,4321.5,,unavailable in GeoTIFF; band index reported
scene_01_sudan_sample-Z0001,10,188,4260.27294921875,4880.5461171874995,unavailable in GeoTIFF; band index reported
scene_01_sudan_sample-Z0001,10,189,4215.5908203125,,unavailable in GeoTIFF; band index reported
scene_01_sudan_sample-Z0001,10,190,4186.681640625,,unavailable in GeoTIFF; band index reported
scene_01_sudan_sample-Z0001,10,191,4155.818359375,,unavailable in GeoTIFF; band index reported
scene_01_sudan_sample-Z0001,10,192,4099.45458984375,,unavailable in GeoTIFF; band index reported
scene_01_sudan_sample-Z0001,10,193,3992.181884765625,,unavailable in GeoTIFF; band index reported
scene_01_sudan_sample-Z0001,10,194,3954.681884765625,,unavailable in GeoTIFF; band index reported
scene_01_sudan_sample-Z0001,10,195,4023.04541015625,4601.84051796875,unavailable in GeoTIFF; band index reported
scene_01_sudan_sample-Z0001,10,196,4065.0908203125,,unavailable in GeoTIFF; band index reported
scene_01_sudan_sample-Z0001,10,197,4059.4091796875,,unavailable in GeoTIFF; band index reported
scene_01_sudan_sample-Z0001,10,198,4017.0908203125,,unavailable in GeoTIFF; band index reported
scene_01_sudan_sample-Z0001,10,199,4001.0908203125,,unavailable in GeoTIFF; band index reported
scene_01_sudan_sample-Z0001,10,200,3984.772705078125,,unavailable in GeoTIFF; band index reported
scene_01_sudan_sample-Z0001,10,201,3973.772705078125,,unavailable in GeoTIFF; band index reported
scene_01_sudan_sample-Z0001,10,202,3969.0908203125,4609.6515,unavailable in GeoTIFF; band index reported
scene_01_sudan_sample-Z0001,10,203,3940.136474609375,,unavailable in GeoTIFF; band index reported
scene_01_sudan_sample-Z0001,10,204,3844.04541015625,,unavailable in GeoTIFF; band index reported
scene_01_sudan_sample-Z0001,10,205,3800.772705078125,,unavailable in GeoTIFF; band index reported
scene_01_sudan_sample-Z0001,10,206,3842.227294921875,,unavailable in GeoTIFF; band index reported
scene_01_sudan_sample-Z0001,10,207,3693.136474609375,,unavailable in GeoTIFF; band index reported
scene_01_sudan_sample-Z0001,10,208,3750.863525390625,,unavailable in GeoTIFF; band index reported
scene_01_sudan_sample-Z0001,10,209,3707.681884765625,4314.72705078125,unavailable in GeoTIFF; band index reported
scene_01_sudan_sample-Z0001,10,210,3623.227294921875,,unavailable in GeoTIFF; band index reported
scene_01_sudan_sample-Z0001,10,211,3586.95458984375,,unavailable in GeoTIFF; band index reported
scene_01_sudan_sample-Z0001,10,212,3674.227294921875,,unavailable in GeoTIFF; band index reported
scene_01_sudan_sample-Z0001,10,213,3667.54541015625,,unavailable in GeoTIFF; band index reported
scene_01_sudan_sample-Z0001,10,214,3592.45458984375,,unavailable in GeoTIFF; band index reported
scene_01_sudan_sample-Z0001,10,215,3594.5,,unavailable in GeoTIFF; band index reported
scene_01_sudan_sample-Z0001,10,216,3536.363525390625,4108.290174609376,unavailable in GeoTIFF; band index reported
scene_01_sudan_sample-Z0001,10,217,3555.45458984375,,unavailable in GeoTIFF; band index reported
scene_01_sudan_sample-Z0001,10,218,3507.4091796875,,unavailable in GeoTIFF; band index reported
scene_01_sudan_sample-Z0001,10,219,3463.181884765625,,unavailable in GeoTIFF; band index reported
scene_01_sudan_sample-Z0001,10,220,3344.45458984375,,unavailable in GeoTIFF; band index reported
scene_01_sudan_sample-Z0001,10,221,3486.636474609375,,unavailable in GeoTIFF; band index reported
scene_01_sudan_sample-Z0001,10,222,3341.45458984375,,unavailable in GeoTIFF; band index reported
scene_01_sudan_sample-Z0001,10,223,3518.727294921875,,unavailable in GeoTIFF; band index reported
scene_01_sudan_sample-Z0001,10,224,3174.4091796875,3667.62747109375,unavailable in GeoTIFF; band index reported
