zone_id,priority_rank,band_index,observed_mean,reference_mean_32band_only,wavelength_status
upload_f3b95c9c-Z0260,1,1,2846.70458984375,3903.5687642480493,unavailable in GeoTIFF; band index reported
upload_f3b95c9c-Z0260,1,2,2729.386474609375,,unavailable in GeoTIFF; band index reported
upload_f3b95c9c-Z0260,1,3,2728.113525390625,,unavailable in GeoTIFF; band index reported
upload_f3b95c9c-Z0260,1,4,2637.113525390625,,unavailable in GeoTIFF; band index reported
upload_f3b95c9c-Z0260,1,5,2616.29541015625,,unavailable in GeoTIFF; band index reported
upload_f3b95c9c-Z0260,1,6,2547.113525390625,,unavailable in GeoTIFF; band index reported
upload_f3b95c9c-Z0260,1,7,2523.522705078125,,unavailable in GeoTIFF; band index reported
upload_f3b95c9c-Z0260,1,8,2500.386474609375,3925.551270116211,unavailable in GeoTIFF; band index reported
upload_f3b95c9c-Z0260,1,9,2415.886474609375,,unavailable in GeoTIFF; band index reported
upload_f3b95c9c-Z0260,1,10,2411.863525390625,,unavailable in GeoTIFF; band index reported
upload_f3b95c9c-Z0260,1,11,2363.022705078125,,unavailable in GeoTIFF; band index reported
upload_f3b95c9c-Z0260,1,12,2300.9091796875,,unavailable in GeoTIFF; band index reported
upload_f3b95c9c-Z0260,1,13,2247.431884765625,,unavailable in GeoTIFF; band index reported
upload_f3b95c9c-Z0260,1,14,2245.681884765625,,unavailable in GeoTIFF; band index reported
upload_f3b95c9c-Z0260,1,15,2243.136474609375,3942.6649578306146,unavailable in GeoTIFF; band index reported
upload_f3b95c9c-Z0260,1,16,2160.70458984375,,unavailable in GeoTIFF; band index reported
upload_f3b95c9c-Z0260,1,17,2136.6591796875,,unavailable in GeoTIFF; band index reported
upload_f3b95c9c-Z0260,1,18,2104.477294921875,,unavailable in GeoTIFF; band index reported
upload_f3b95c9c-Z0260,1,19,2041.9090576171875,,unavailable in GeoTIFF; band index reported
upload_f3b95c9c-Z0260,1,20,2024.70458984375,,unavailable in GeoTIFF; band index reported
upload_f3b95c9c-Z0260,1,21,2032.70458984375,,unavailable in GeoTIFF; band index reported
upload_f3b95c9c-Z0260,1,22,1975.20458984375,3933.650157834212,unavailable in GeoTIFF; band index reported
upload_f3b95c9c-Z0260,1,23,1930.1590576171875,,unavailable in GeoTIFF; band index reported
upload_f3b95c9c-Z0260,1,24,1898.272705078125,,unavailable in GeoTIFF; band index reported
upload_f3b95c9c-Z0260,1,25,1875.29541015625,,unavailable in GeoTIFF; band index reported
upload_f3b95c9c-Z0260,1,26,1867.0,,unavailable in GeoTIFF; band index reported
upload_f3b95c9c-Z0260,1,27,1814.1363525390625,,unavailable in GeoTIFF; band index reported
upload_f3b95c9c-Z0260,1,28,1777.8182373046875,,unavailable in GeoTIFF; band index reported
upload_f3b95c9c-Z0260,1,29,1775.9090576171875,3930.7107380000457,unavailable in GeoTIFF; band index reported
upload_f3b95c9c-Z0260,1,30,1752.5682373046875,,unavailable in GeoTIFF; band index reported
upload_f3b95c9c-Z0260,1,31,1730.772705078125,,unavailable in GeoTIFF; band index reported
upload_f3b95c9c-Z0260,1,32,1696.1817626953125,,unavailable in GeoTIFF; band index reported
upload_f3b95c9c-Z0260,1,33,1680.6817626953125,,unavailable in GeoTIFF; band index reported
upload_f3b95c9c-Z0260,1,34,1674.20458984375,,unavailable in GeoTIFF; band index reported
upload_f3b95c9c-Z0260,1,35,1694.6817626953125,,unavailable in GeoTIFF; band index reported
upload_f3b95c9c-Z0260,1,36,1683.8636474609375,3910.678847702552,unavailable in GeoTIFF; band index reported
upload_f3b95c9c-Z0260,1,37,1664.0909423828125,,unavailable in GeoTIFF; band index reported
upload_f3b95c9c-Z0260,1,38,1623.1363525390625,,unavailable in GeoTIFF; band index reported
upload_f3b95c9c-Z0260,1,39,1621.1590576171875,,unavailable in GeoTIFF; band index reported
upload_f3b95c9c-Z0260,1,40,1602.1817626953125,,unavailable in GeoTIFF; band index reported
upload_f3b95c9c-Z0260,1,41,1597.04541015625,,unavailable in GeoTIFF; band index reported
upload_f3b95c9c-Z0260,1,42,1569.25,,unavailable in GeoTIFF; band index reported
upload_f3b95c9c-Z0260,1,43,1557.977294921875,,unavailable in GeoTIFF; band index reported
upload_f3b95c9c-Z0260,1,44,1564.70458984375,4004.6816681009223,unavailable in GeoTIFF; band index reported
upload_f3b95c9c-Z0260,1,45,1585.79541015625,,unavailable in GeoTIFF; band index reported
upload_f3b95c9c-Z0260,1,46,1556.1590576171875,,unavailable in GeoTIFF; band index reported
upload_f3b95c9c-Z0260,1,47,1535.6817626953125,,unavailable in GeoTIFF; band index reported
upload_f3b95c9c-Z0260,1,48,1531.5682373046875,,unavailable in GeoTIFF; band index reported
upload_f3b95c9c-Z0260,1,49,1509.6590576171875,,unavailable in GeoTIFF; band index reported
upload_f3b95c9c-Z0260,1,50,1484.227294921875,,unavailable in GeoTIFF; band index reported
upload_f3b95c9c-Z0260,1,51,1466.6363525390625,4023.527760350648,unavailable in GeoTIFF; band index reported
upload_f3b95c9c-Z0260,1,52,1482.8863525390625,,unavailable in GeoTIFF; band index reported
upload_f3b95c9c-Z0260,1,53,1510.8409423828125,,unavailable in GeoTIFF; band index reported
upload_f3b95c9c-Z0260,1,54,1474.8636474609375,,unavailable in GeoTIFF; band index reported
upload_f3b95c9c-Z0260,1,55,1470.4090576171875,,unavailable in GeoTIFF; band index reported
upload_f3b95c9c-Z0260,1,56,1509.0909423828125,,unavailable in GeoTIFF; band index reported
upload_f3b95c9c-Z0260,1,57,1544.45458984375,,unavailable in GeoTIFF; band index reported
upload_f3b95c9c-Z0260,1,58,1488.727294921875,4102.57972895471,unavailable in GeoTIFF; band index reported
upload_f3b95c9c-Z0260,1,59,1436.3636474609375,,unavailable in GeoTIFF; band index reported
upload_f3b95c9c-Z0260,1,60,1365.6363525390625,,unavailable in GeoTIFF; band index reported
upload_f3b95c9c-Z0260,1,61,1357.29541015625,,unavailable in GeoTIFF; band index reported
upload_f3b95c9c-Z0260,1,62,1175.0682373046875,,unavailable in GeoTIFF; band index reported
upload_f3b95c9c-Z0260,1,63,1388.0909423828125,,unavailable in GeoTIFF; band index reported
upload_f3b95c9c-Z0260,1,64,1385.8182373046875,,unavailable in GeoTIFF; band index reported
upload_f3b95c9c-Z0260,1,65,1362.5,4065.0446674384852,unavailable in GeoTIFF; band index reported
upload_f3b95c9c-Z0260,1,66,1394.5909423828125,,unavailable in GeoTIFF; band index reported
upload_f3b95c9c-Z0260,1,67,1373.45458984375,,unavailable in GeoTIFF; band index reported
upload_f3b95c9c-Z0260,1,68,1390.6363525390625,,unavailable in GeoTIFF; band index reported
upload_f3b95c9c-Z0260,1,69,1413.1590576171875,,unavailable in GeoTIFF; band index reported
upload_f3b95c9c-Z0260,1,70,1387.79541015625,,unavailable in GeoTIFF; band index reported
upload_f3b95c9c-Z0260,1,71,1372.0909423828125,,unavailable in GeoTIFF; band index reported
upload_f3b95c9c-Z0260,1,72,1338.0682373046875,4050.215776525129,unavailable in GeoTIFF; band index reported
upload_f3b95c9c-Z0260,1,73,1301.45458984375,,unavailable in GeoTIFF; band index reported
upload_f3b95c9c-Z0260,1,74,1288.1136474609375,,unavailable in GeoTIFF; band index reported
upload_f3b95c9c-Z0260,1,75,1263.0682373046875,,unavailable in GeoTIFF; band index reported
upload_f3b95c9c-Z0260,1,76,1266.1136474609375,,unavailable in GeoTIFF; band index reported
upload_f3b95c9c-Z0260,1,77,1268.20458984375,,unavailable in GeoTIFF; band index reported
upload_f3b95c9c-Z0260,1,78,1266.977294921875,,unavailable in GeoTIFF; band index reported
upload_f3b95c9c-Z0260,1,79,1341.54541015625,,unavailable in GeoTIFF; band index reported
upload_f3b95c9c-Z0260,1,80,1456.272705078125,4184.484206899644,unavailable in GeoTIFF; band index reported
upload_f3b95c9c-Z0260,1,81,1233.20458984375,,unavailable in GeoTIFF; band index reported
upload_f3b95c9c-Z0260,1,82,1448.29541015625,,unavailable in GeoTIFF; band index reported
upload_f3b95c9c-Z0260,1,83,1216.772705078125,,unavailable in GeoTIFF; band index reported
upload_f3b95c9c-Z0260,1,84,1194.522705078125,,unavailable in GeoTIFF; band index reported
upload_f3b95c9c-Z0260,1,85,1467.477294921875,,unavailable in GeoTIFF; band index reported
upload_f3b95c9c-Z0260,1,86,1196.727294921875,,unavailable in GeoTIFF; band index reported
upload_f3b95c9c-Z0260,1,87,1472.727294921875,4217.572870382801,unavailable in GeoTIFF; band index reported
upload_f3b95c9c-Z0260,1,88,1113.0909423828125,,unavailable in GeoTIFF; band index reported
upload_f3b95c9c-Z0260,1,89,1513.5909423828125,,unavailable in GeoTIFF; band index reported
upload_f3b95c9c-Z0260,1,90,1072.727294921875,,unavailable in GeoTIFF; band index reported
upload_f3b95c9c-Z0260,1,91,1536.3409423828125,,unavailable in GeoTIFF; band index reported
upload_f3b95c9c-Z0260,1,92,1065.1136474609375,,unavailable in GeoTIFF; band index reported
upload_f3b95c9c-Z0260,1,93,1088.8182373046875,,unavailable in GeoTIFF; band index reported
upload_f3b95c9c-Z0260,1,94,1510.0,4333.966700834949,unavailable in GeoTIFF; band index reported
upload_f3b95c9c-Z0260,1,95,1029.272705078125,,unavailable in GeoTIFF; band index reported
upload_f3b95c9c-Z0260,1,96,1399.6363525390625,,unavailable in GeoTIFF; band index reported
upload_f3b95c9c-Z0260,1,97,1049.70458984375,,unavailable in GeoTIFF; band index reported
upload_f3b95c9c-Z0260,1,98,1360.70458984375,,unavailable in GeoTIFF; band index reported
upload_f3b95c9c-Z0260,1,99,1035.522705078125,,unavailable in GeoTIFF; band index reported
upload_f3b95c9c-Z0260,1,100,1289.8409423828125,,unavailable in GeoTIFF; band index reported
upload_f3b95c9c-Z0260,1,101,1029.20458984375,3757.180979821616,unavailable in GeoTIFF; band index reported
upload_f3b95c9c-Z0260,1,102,1257.727294921875,,unavailable in GeoTIFF; band index reported
upload_f3b95c9c-Z0260,1,103,1229.522705078125,,unavailable in GeoTIFF; band index reported
upload_f3b95c9c-Z0260,1,104,1213.95458984375,,unavailable in GeoTIFF; band index reported
upload_f3b95c9c-Z0260,1,105,1201.3409423828125,,unavailable in GeoTIFF; band index reported
upload_f3b95c9c-Z0260,1,106,1191.727294921875,,unavailable in GeoTIFF; band index reported
upload_f3b95c9c-Z0260,1,107,1193.3409423828125,,unavailable in GeoTIFF; band index reported
upload_f3b95c9c-Z0260,1,108,1213.9090576171875,4119.44470923602,unavailable in GeoTIFF; band index reported
upload_f3b95c9c-Z0260,1,109,1227.0,,unavailable in GeoTIFF; band index reported
upload_f3b95c9c-Z0260,1,110,1242.022705078125,,unavailable in GeoTIFF; band index reported
upload_f3b95c9c-Z0260,1,111,1297.20458984375,,unavailable in GeoTIFF; band index reported
upload_f3b95c9c-Z0260,1,112,1332.8409423828125,,unavailable in GeoTIFF; band index reported
upload_f3b95c9c-Z0260,1,113,1353.0682373046875,,unavailable in GeoTIFF; band index reported
upload_f3b95c9c-Z0260,1,114,1268.8863525390625,,unavailable in GeoTIFF; band index reported
upload_f3b95c9c-Z0260,1,115,1332.45458984375,,unavailable in GeoTIFF; band index reported
upload_f3b95c9c-Z0260,1,116,1249.6590576171875,4264.452026303014,unavailable in GeoTIFF; band index reported
upload_f3b95c9c-Z0260,1,117,1132.0909423828125,,unavailable in GeoTIFF; band index reported
upload_f3b95c9c-Z0260,1,118,1072.4317626953125,,unavailable in GeoTIFF; band index reported
upload_f3b95c9c-Z0260,1,119,1013.9545288085938,,unavailable in GeoTIFF; band index reported
upload_f3b95c9c-Z0260,1,120,980.227294921875,,unavailable in GeoTIFF; band index reported
upload_f3b95c9c-Z0260,1,121,943.0,,unavailable in GeoTIFF; band index reported
upload_f3b95c9c-Z0260,1,122,909.5681762695312,,unavailable in GeoTIFF; band index reported
upload_f3b95c9c-Z0260,1,123,885.6136474609375,3638.128168835215,unavailable in GeoTIFF; band index reported
upload_f3b95c9c-Z0260,1,124,873.727294921875,,unavailable in GeoTIFF; band index reported
upload_f3b95c9c-Z0260,1,125,923.8181762695312,,unavailable in GeoTIFF; band index reported
upload_f3b95c9c-Z0260,1,126,909.522705078125,,unavailable in GeoTIFF; band index reported
upload_f3b95c9c-Z0260,1,127,912.75,,unavailable in GeoTIFF; band index reported
upload_f3b95c9c-Z0260,1,128,932.2045288085938,,unavailable in GeoTIFF; band index reported
upload_f3b95c9c-Z0260,1,129,944.3636474609375,,unavailable in GeoTIFF; band index reported
upload_f3b95c9c-Z0260,1,130,954.8408813476562,3697.105728725079,unavailable in GeoTIFF; band index reported
upload_f3b95c9c-Z0260,1,131,-32768.0,,unavailable in GeoTIFF; band index reported
upload_f3b95c9c-Z0260,1,132,-32768.0,,unavailable in GeoTIFF; band index reported
upload_f3b95c9c-Z0260,1,133,-32768.0,,unavailable in GeoTIFF; band index reported
upload_f3b95c9c-Z0260,1,134,-32768.0,,unavailable in GeoTIFF; band index reported
upload_f3b95c9c-Z0260,1,135,-32768.0,,unavailable in GeoTIFF; band index reported
upload_f3b95c9c-Z0260,1,136,585.3408813476562,,unavailable in GeoTIFF; band index reported
upload_f3b95c9c-Z0260,1,137,410.8409118652344,1385.8706168393314,unavailable in GeoTIFF; band index reported
upload_f3b95c9c-Z0260,1,138,259.7272644042969,,unavailable in GeoTIFF; band index reported
upload_f3b95c9c-Z0260,1,139,192.18182373046875,,unavailable in GeoTIFF; band index reported
upload_f3b95c9c-Z0260,1,140,179.34091186523438,,unavailable in GeoTIFF; band index reported
upload_f3b95c9c-Z0260,1,141,173.52272033691406,,unavailable in GeoTIFF; band index reported
upload_f3b95c9c-Z0260,1,142,178.2045440673828,,unavailable in GeoTIFF; band index reported
upload_f3b95c9c-Z0260,1,143,180.93182373046875,,unavailable in GeoTIFF; band index reported
upload_f3b95c9c-Z0260,1,144,187.84091186523438,1146.0124725007981,unavailable in GeoTIFF; band index reported
upload_f3b95c9c-Z0260,1,145,197.86363220214844,,unavailable in GeoTIFF; band index reported
upload_f3b95c9c-Z0260,1,146,213.40908813476562,,unavailable in GeoTIFF; band index reported
upload_f3b95c9c-Z0260,1,147,236.97727966308594,,unavailable in GeoTIFF; band index reported
upload_f3b95c9c-Z0260,1,148,254.22727966308594,,unavailable in GeoTIFF; band index reported
upload_f3b95c9c-Z0260,1,149,265.3409118652344,,unavailable in GeoTIFF; band index reported
upload_f3b95c9c-Z0260,1,150,280.8863525390625,,unavailable in GeoTIFF; band index reported
upload_f3b95c9c-Z0260,1,151,286.0454406738281,,unavailable in GeoTIFF; band index reported
upload_f3b95c9c-Z0260,1,152,292.0,1713.2995919812897,unavailable in GeoTIFF; band index reported
upload_f3b95c9c-Z0260,1,153,294.7045593261719,,unavailable in GeoTIFF; band index reported
upload_f3b95c9c-Z0260,1,154,314.0454406738281,,unavailable in GeoTIFF; band index reported
upload_f3b95c9c-Z0260,1,155,324.18182373046875,,unavailable in GeoTIFF; band index reported
upload_f3b95c9c-Z0260,1,156,331.7272644042969,,unavailable in GeoTIFF; band index reported
upload_f3b95c9c-Z0260,1,157,345.6590881347656,,unavailable in GeoTIFF; band index reported
upload_f3b95c9c-Z0260,1,158,366.6136474609375,,unavailable in GeoTIFF; band index reported
upload_f3b95c9c-Z0260,1,159,373.4772644042969,2111.832854444975,unavailable in GeoTIFF; band index reported
upload_f3b95c9c-Z0260,1,160,375.5,,unavailable in GeoTIFF; band index reported
upload_f3b95c9c-Z0260,1,161,388.0,,unavailable in GeoTIFF; band index reported
upload_f3b95c9c-Z0260,1,162,400.5227355957031,,unavailable in GeoTIFF; band index reported
upload_f3b95c9c-Z0260,1,163,409.6136474609375,,unavailable in GeoTIFF; band index reported
upload_f3b95c9c-Z0260,1,164,414.4090881347656,,unavailable in GeoTIFF; band index reported
upload_f3b95c9c-Z0260,1,165,437.4772644042969,,unavailable in GeoTIFF; band index reported
upload_f3b95c9c-Z0260,1,166,463.8863525390625,2397.743743529186,unavailable in GeoTIFF; band index reported
upload_f3b95c9c-Z0260,1,167,84.63636016845703,,unavailable in GeoTIFF; band index reported
upload_f3b95c9c-Z0260,1,168,95.18181610107422,,unavailable in GeoTIFF; band index reported
upload_f3b95c9c-Z0260,1,169,87.04545593261719,,unavailable in GeoTIFF; band index reported
upload_f3b95c9c-Z0260,1,170,73.18181610107422,,unavailable in GeoTIFF; band index reported
upload_f3b95c9c-Z0260,1,171,28.090909957885742,,unavailable in GeoTIFF; band index reported
upload_f3b95c9c-Z0260,1,172,78.20454406738281,,unavailable in GeoTIFF; band index reported
upload_f3b95c9c-Z0260,1,173,99.59091186523438,620.0160149725663,unavailable in GeoTIFF; band index reported
upload_f3b95c9c-Z0260,1,174,95.18181610107422,,unavailable in GeoTIFF; band index reported
upload_f3b95c9c-Z0260,1,175,89.4772720336914,,unavailable in GeoTIFF; band index reported
upload_f3b95c9c-Z0260,1,176,75.04545593261719,,unavailable in GeoTIFF; band index reported
upload_f3b95c9c-Z0260,1,177,82.75,,unavailable in GeoTIFF; band index reported
upload_f3b95c9c-Z0260,1,178,103.29545593261719,,unavailable in GeoTIFF; band index reported
upload_f3b95c9c-Z0260,1,179,116.15908813476562,,unavailable in GeoTIFF; band index reported
upload_f3b95c9c-Z0260,1,180,119.36363983154297,814.1379422466697,unavailable in GeoTIFF; band index reported
upload_f3b95c9c-Z0260,1,181,120.34091186523438,,unavailable in GeoTIFF; band index reported
upload_f3b95c9c-Z0260,1,182,132.5,,unavailable in GeoTIFF; band index reported
upload_f3b95c9c-Z0260,1,183,143.15908813476562,,unavailable in GeoTIFF; band index reported
upload_f3b95c9c-Z0260,1,184,155.65908813476562,,unavailable in GeoTIFF; band index reported
upload_f3b95c9c-Z0260,1,185,173.61363220214844,,unavailable in GeoTIFF; band index reported
upload_f3b95c9c-Z0260,1,186,185.34091186523438,,unavailable in GeoTIFF; band index reported
upload_f3b95c9c-Z0260,1,187,198.63636779785156,,unavailable in GeoTIFF; band index reported
upload_f3b95c9c-Z0260,1,188,205.13636779785156,1354.1786441418403,unavailable in GeoTIFF; band index reported
upload_f3b95c9c-Z0260,1,189,217.06817626953125,,unavailable in GeoTIFF; band index reported
upload_f3b95c9c-Z0260,1,190,228.9545440673828,,unavailable in GeoTIFF; band index reported
upload_f3b95c9c-Z0260,1,191,238.2045440673828,,unavailable in GeoTIFF; band index reported
upload_f3b95c9c-Z0260,1,192,256.9090881347656,,unavailable in GeoTIFF; band index reported
upload_f3b95c9c-Z0260,1,193,254.2954559326172,,unavailable in GeoTIFF; band index reported
upload_f3b95c9c-Z0260,1,194,283.8636474609375,,unavailable in GeoTIFF; band index reported
upload_f3b95c9c-Z0260,1,195,273.68182373046875,1766.3885489005581,unavailable in GeoTIFF; band index reported
upload_f3b95c9c-Z0260,1,196,292.7954406738281,,unavailable in GeoTIFF; band index reported
upload_f3b95c9c-Z0260,1,197,293.43182373046875,,unavailable in GeoTIFF; band index reported
upload_f3b95c9c-Z0260,1,198,293.2045593261719,,unavailable in GeoTIFF; band index reported
upload_f3b95c9c-Z0260,1,199,280.6590881347656,,unavailable in GeoTIFF; band index reported
upload_f3b95c9c-Z0260,1,200,278.43182373046875,,unavailable in GeoTIFF; band index reported
upload_f3b95c9c-Z0260,1,201,271.18182373046875,,unavailable in GeoTIFF; band index reported
upload_f3b95c9c-Z0260,1,202,260.0,1708.6980116632828,unavailable in GeoTIFF; band index reported
upload_f3b95c9c-Z0260,1,203,252.9545440673828,,unavailable in GeoTIFF; band index reported
upload_f3b95c9c-Z0260,1,204,240.9545440673828,,unavailable in GeoTIFF; band index reported
upload_f3b95c9c-Z0260,1,205,219.56817626953125,,unavailable in GeoTIFF; band index reported
upload_f3b95c9c-Z0260,1,206,207.40908813476562,,unavailable in GeoTIFF; band index reported
upload_f3b95c9c-Z0260,1,207,191.72727966308594,,unavailable in GeoTIFF; band index reported
upload_f3b95c9c-Z0260,1,208,193.7045440673828,,unavailable in GeoTIFF; band index reported
upload_f3b95c9c-Z0260,1,209,176.77272033691406,1205.8682828381327,unavailable in GeoTIFF; band index reported
upload_f3b95c9c-Z0260,1,210,157.4545440673828,,unavailable in GeoTIFF; band index reported
upload_f3b95c9c-Z0260,1,211,157.27272033691406,,unavailable in GeoTIFF; band index reported
upload_f3b95c9c-Z0260,1,212,164.02272033691406,,unavailable in GeoTIFF; band index reported
upload_f3b95c9c-Z0260,1,213,151.86363220214844,,unavailable in GeoTIFF; band index reported
upload_f3b95c9c-Z0260,1,214,144.40908813476562,,unavailable in GeoTIFF; band index reported
upload_f3b95c9c-Z0260,1,215,145.27272033691406,,unavailable in GeoTIFF; band index reported
upload_f3b95c9c-Z0260,1,216,149.31817626953125,972.0827768821342,unavailable in GeoTIFF; band index reported
upload_f3b95c9c-Z0260,1,217,131.15908813476562,,unavailable in GeoTIFF; band index reported
upload_f3b95c9c-Z0260,1,218,131.09091186523438,,unavailable in GeoTIFF; band index reported
upload_f3b95c9c-Z0260,1,219,138.36363220214844,,unavailable in GeoTIFF; band index reported
upload_f3b95c9c-Z0260,1,220,123.0227279663086,,unavailable in GeoTIFF; band index reported
upload_f3b95c9c-Z0260,1,221,121.40908813476562,,unavailable in GeoTIFF; band index reported
upload_f3b95c9c-Z0260,1,222,110.0227279663086,,unavailable in GeoTIFF; band index reported
upload_f3b95c9c-Z0260,1,223,110.5,,unavailable in GeoTIFF; band index reported
upload_f3b95c9c-Z0260,1,224,98.84091186523438,725.5769590304819,unavailable in GeoTIFF; band index reported
upload_f3b95c9c-Z0259,2,1,1378.56005859375,3903.5687642480493,unavailable in GeoTIFF; band index reported
upload_f3b95c9c-Z0259,2,2,1264.9599609375,,unavailable in GeoTIFF; band index reported
upload_f3b95c9c-Z0259,2,3,1310.52001953125,,unavailable in GeoTIFF; band index reported
upload_f3b95c9c-Z0259,2,4,1275.7332763671875,,unavailable in GeoTIFF; band index reported
upload_f3b95c9c-Z0259,2,5,1258.2667236328125,,unavailable in GeoTIFF; band index reported
upload_f3b95c9c-Z0259,2,6,1252.760009765625,,unavailable in GeoTIFF; band index reported
upload_f3b95c9c-Z0259,2,7,1234.719970703125,,unavailable in GeoTIFF; band index reported
upload_f3b95c9c-Z0259,2,8,1234.239990234375,3925.551270116211,unavailable in GeoTIFF; band index reported
upload_f3b95c9c-Z0259,2,9,1226.453369140625,,unavailable in GeoTIFF; band index reported
upload_f3b95c9c-Z0259,2,10,1241.0933837890625,,unavailable in GeoTIFF; band index reported
upload_f3b95c9c-Z0259,2,11,1234.47998046875,,unavailable in GeoTIFF; band index reported
upload_f3b95c9c-Z0259,2,12,1218.1199951171875,,unavailable in GeoTIFF; band index reported
upload_f3b95c9c-Z0259,2,13,1210.373291015625,,unavailable in GeoTIFF; band index reported
upload_f3b95c9c-Z0259,2,14,1233.4932861328125,,unavailable in GeoTIFF; band index reported
upload_f3b95c9c-Z0259,2,15,1253.2532958984375,3942.6649578306146,unavailable in GeoTIFF; band index reported
upload_f3b95c9c-Z0259,2,16,1209.82666015625,,unavailable in GeoTIFF; band index reported
upload_f3b95c9c-Z0259,2,17,1213.2667236328125,,unavailable in GeoTIFF; band index reported
upload_f3b95c9c-Z0259,2,18,1225.1199951171875,,unavailable in GeoTIFF; band index reported
upload_f3b95c9c-Z0259,2,19,1188.719970703125,,unavailable in GeoTIFF; band index reported
upload_f3b95c9c-Z0259,2,20,1204.7733154296875,,unavailable in GeoTIFF; band index reported
upload_f3b95c9c-Z0259,2,21,1216.719970703125,,unavailable in GeoTIFF; band index reported
upload_f3b95c9c-Z0259,2,22,1193.453369140625,3933.650157834212,unavailable in GeoTIFF; band index reported
upload_f3b95c9c-Z0259,2,23,1174.6666259765625,,unavailable in GeoTIFF; band index reported
upload_f3b95c9c-Z0259,2,24,1165.453369140625,,unavailable in GeoTIFF; band index reported
upload_f3b95c9c-Z0259,2,25,1171.280029296875,,unavailable in GeoTIFF; band index reported
upload_f3b95c9c-Z0259,2,26,1179.47998046875,,unavailable in GeoTIFF; band index reported
upload_f3b95c9c-Z0259,2,27,1149.693359375,,unavailable in GeoTIFF; band index reported
upload_f3b95c9c-Z0259,2,28,1153.693359375,,unavailable in GeoTIFF; band index reported
upload_f3b95c9c-Z0259,2,29,1141.106689453125,3930.7107380000457,unavailable in GeoTIFF; band index reported
upload_f3b95c9c-Z0259,2,30,1152.0133056640625,,unavailable in GeoTIFF; band index reported
upload_f3b95c9c-Z0259,2,31,1144.3199462890625,,unavailable in GeoTIFF; band index reported
upload_f3b95c9c-Z0259,2,32,1132.453369140625,,unavailable in GeoTIFF; band index reported
upload_f3b95c9c-Z0259,2,33,1114.8533935546875,,unavailable in GeoTIFF; band index reported
upload_f3b95c9c-Z0259,2,34,1124.9066162109375,,unavailable in GeoTIFF; band index reported
upload_f3b95c9c-Z0259,2,35,1158.78662109375,,unavailable in GeoTIFF; band index reported
upload_f3b95c9c-Z0259,2,36,1156.306640625,3910.678847702552,unavailable in GeoTIFF; band index reported
upload_f3b95c9c-Z0259,2,37,1145.0133056640625,,unavailable in GeoTIFF; band index reported
upload_f3b95c9c-Z0259,2,38,1133.52001953125,,unavailable in GeoTIFF; band index reported
upload_f3b95c9c-Z0259,2,39,1130.8800048828125,,unavailable in GeoTIFF; band index reported
upload_f3b95c9c-Z0259,2,40,1132.43994140625,,unavailable in GeoTIFF; band index reported
upload_f3b95c9c-Z0259,2,41,1125.8800048828125,,unavailable in GeoTIFF; band index reported
upload_f3b95c9c-Z0259,2,42,1123.6400146484375,,unavailable in GeoTIFF; band index reported
upload_f3b95c9c-Z0259,2,43,1117.56005859375,,unavailable in GeoTIFF; band index reported
upload_f3b95c9c-Z0259,2,44,1139.13330078125,4004.6816681009223,unavailable in GeoTIFF; band index reported
upload_f3b95c9c-Z0259,2,45,1160.3199462890625,,unavailable in GeoTIFF; band index reported
upload_f3b95c9c-Z0259,2,46,1143.86669921875,,unavailable in GeoTIFF; band index reported
upload_f3b95c9c-Z0259,2,47,1163.17333984375,,unavailable in GeoTIFF; band index reported
upload_f3b95c9c-Z0259,2,48,1155.8800048828125,,unavailable in GeoTIFF; band index reported
upload_f3b95c9c-Z0259,2,49,1139.066650390625,,unavailable in GeoTIFF; band index reported
upload_f3b95c9c-Z0259,2,50,1117.2266845703125,,unavailable in GeoTIFF; band index reported
upload_f3b95c9c-Z0259,2,51,1106.13330078125,4023.527760350648,unavailable in GeoTIFF; band index reported
upload_f3b95c9c-Z0259,2,52,1169.6400146484375,,unavailable in GeoTIFF; band index reported
upload_f3b95c9c-Z0259,2,53,1159.1199951171875,,unavailable in GeoTIFF; band index reported
upload_f3b95c9c-Z0259,2,54,1149.7467041015625,,unavailable in GeoTIFF; band index reported
upload_f3b95c9c-Z0259,2,55,1151.78662109375,,unavailable in GeoTIFF; band index reported
upload_f3b95c9c-Z0259,2,56,1219.893310546875,,unavailable in GeoTIFF; band index reported
upload_f3b95c9c-Z0259,2,57,1254.453369140625,,unavailable in GeoTIFF; band index reported
upload_f3b95c9c-Z0259,2,58,1202.0933837890625,4102.57972895471,unavailable in GeoTIFF; band index reported
upload_f3b95c9c-Z0259,2,59,1170.3199462890625,,unavailable in GeoTIFF; band index reported
upload_f3b95c9c-Z0259,2,60,1122.800048828125,,unavailable in GeoTIFF; band index reported
upload_f3b95c9c-Z0259,2,61,1146.719970703125,,unavailable in GeoTIFF; band index reported
upload_f3b95c9c-Z0259,2,62,906.5066528320312,,unavailable in GeoTIFF; band index reported
upload_f3b95c9c-Z0259,2,63,1218.61328125,,unavailable in GeoTIFF; band index reported
upload_f3b95c9c-Z0259,2,64,1202.973388671875,,unavailable in GeoTIFF; band index reported
upload_f3b95c9c-Z0259,2,65,1205.17333984375,4065.0446674384852,unavailable in GeoTIFF; band index reported
upload_f3b95c9c-Z0259,2,66,1220.546630859375,,unavailable in GeoTIFF; band index reported
upload_f3b95c9c-Z0259,2,67,1223.026611328125,,unavailable in GeoTIFF; band index reported
upload_f3b95c9c-Z0259,2,68,1240.280029296875,,unavailable in GeoTIFF; band index reported
upload_f3b95c9c-Z0259,2,69,1266.5733642578125,,unavailable in GeoTIFF; band index reported
upload_f3b95c9c-Z0259,2,70,1262.38671875,,unavailable in GeoTIFF; band index reported
upload_f3b95c9c-Z0259,2,71,1238.0533447265625,,unavailable in GeoTIFF; band index reported
upload_f3b95c9c-Z0259,2,72,1246.4000244140625,4050.215776525129,unavailable in GeoTIFF; band index reported
upload_f3b95c9c-Z0259,2,73,1222.8399658203125,,unavailable in GeoTIFF; band index reported
upload_f3b95c9c-Z0259,2,74,1200.7332763671875,,unavailable in GeoTIFF; band index reported
upload_f3b95c9c-Z0259,2,75,1237.800048828125,,unavailable in GeoTIFF; band index reported
upload_f3b95c9c-Z0259,2,76,1212.8133544921875,,unavailable in GeoTIFF; band index reported
upload_f3b95c9c-Z0259,2,77,1241.5733642578125,,unavailable in GeoTIFF; band index reported
upload_f3b95c9c-Z0259,2,78,1266.6533203125,,unavailable in GeoTIFF; band index reported
upload_f3b95c9c-Z0259,2,79,1279.5067138671875,,unavailable in GeoTIFF; band index reported
upload_f3b95c9c-Z0259,2,80,1404.626708984375,4184.484206899644,unavailable in GeoTIFF; band index reported
upload_f3b95c9c-Z0259,2,81,1289.56005859375,,unavailable in GeoTIFF; band index reported
upload_f3b95c9c-Z0259,2,82,1403.4932861328125,,unavailable in GeoTIFF; band index reported
upload_f3b95c9c-Z0259,2,83,1220.453369140625,,unavailable in GeoTIFF; band index reported
upload_f3b95c9c-Z0259,2,84,1210.9066162109375,,unavailable in GeoTIFF; band index reported
upload_f3b95c9c-Z0259,2,85,1433.413330078125,,unavailable in GeoTIFF; band index reported
upload_f3b95c9c-Z0259,2,86,1332.239990234375,,unavailable in GeoTIFF; band index reported
upload_f3b95c9c-Z0259,2,87,1501.17333984375,4217.572870382801,unavailable in GeoTIFF; band index reported
upload_f3b95c9c-Z0259,2,88,1200.5067138671875,,unavailable in GeoTIFF; band index reported
upload_f3b95c9c-Z0259,2,89,1470.0,,unavailable in GeoTIFF; band index reported
upload_f3b95c9c-Z0259,2,90,1198.7066650390625,,unavailable in GeoTIFF; band index reported
upload_f3b95c9c-Z0259,2,91,1520.5333251953125,,unavailable in GeoTIFF; band index reported
upload_f3b95c9c-Z0259,2,92,1191.973388671875,,unavailable in GeoTIFF; band index reported
upload_f3b95c9c-Z0259,2,93,1131.61328125,,unavailable in GeoTIFF; band index reported
upload_f3b95c9c-Z0259,2,94,1519.13330078125,4333.966700834949,unavailable in GeoTIFF; band index reported
upload_f3b95c9c-Z0259,2,95,1190.17333984375,,unavailable in GeoTIFF; band index reported
upload_f3b95c9c-Z0259,2,96,1450.3199462890625,,unavailable in GeoTIFF; band index reported
upload_f3b95c9c-Z0259,2,97,1155.2532958984375,,unavailable in GeoTIFF; band index reported
upload_f3b95c9c-Z0259,2,98,1439.2667236328125,,unavailable in GeoTIFF; band index reported
upload_f3b95c9c-Z0259,2,99,1169.693359375,,unavailable in GeoTIFF; band index reported
upload_f3b95c9c-Z0259,2,100,1405.52001953125,,unavailable in GeoTIFF; band index reported
upload_f3b95c9c-Z0259,2,101,1183.0,3757.180979821616,unavailable in GeoTIFF; band index reported
upload_f3b95c9c-Z0259,2,102,1399.43994140625,,unavailable in GeoTIFF; band index reported
upload_f3b95c9c-Z0259,2,103,1398.280029296875,,unavailable in GeoTIFF; band index reported
upload_f3b95c9c-Z0259,2,104,1400.7332763671875,,unavailable in GeoTIFF; band index reported
upload_f3b95c9c-Z0259,2,105,1403.6400146484375,,unavailable in GeoTIFF; band index reported
upload_f3b95c9c-Z0259,2,106,1402.1866455078125,,unavailable in GeoTIFF; band index reported
upload_f3b95c9c-Z0259,2,107,1410.2667236328125,,unavailable in GeoTIFF; band index reported
upload_f3b95c9c-Z0259,2,108,1431.5733642578125,4119.44470923602,unavailable in GeoTIFF; band index reported
upload_f3b95c9c-Z0259,2,109,1455.52001953125,,unavailable in GeoTIFF; band index reported
upload_f3b95c9c-Z0259,2,110,1489.6533203125,,unavailable in GeoTIFF; band index reported
upload_f3b95c9c-Z0259,2,111,1582.1866455078125,,unavailable in GeoTIFF; band index reported
upload_f3b95c9c-Z0259,2,112,1705.280029296875,,unavailable in GeoTIFF; band index reported
upload_f3b95c9c-Z0259,2,113,1602.626708984375,,unavailable in GeoTIFF; band index reported
upload_f3b95c9c-Z0259,2,114,1558.280029296875,,unavailable in GeoTIFF; band index reported
upload_f3b95c9c-Z0259,2,115,1673.8399658203125,,unavailable in GeoTIFF; band index reported
upload_f3b95c9c-Z0259,2,116,1656.3599853515625,4264.452026303014,unavailable in GeoTIFF; band index reported
upload_f3b95c9c-Z0259,2,117,1571.3333740234375,,unavailable in GeoTIFF; band index reported
upload_f3b95c9c-Z0259,2,118,1553.9599609375,,unavailable in GeoTIFF; band index reported
upload_f3b95c9c-Z0259,2,119,1536.6533203125,,unavailable in GeoTIFF; band index reported
upload_f3b95c9c-Z0259,2,120,1536.86669921875,,unavailable in GeoTIFF; band index reported
upload_f3b95c9c-Z0259,2,121,1529.239990234375,,unavailable in GeoTIFF; band index reported
upload_f3b95c9c-Z0259,2,122,1525.2667236328125,,unavailable in GeoTIFF; band index reported
upload_f3b95c9c-Z0259,2,123,1517.306640625,3638.128168835215,unavailable in GeoTIFF; band index reported
upload_f3b95c9c-Z0259,2,124,1523.0133056640625,,unavailable in GeoTIFF; band index reported
upload_f3b95c9c-Z0259,2,125,1569.61328125,,unavailable in GeoTIFF; band index reported
upload_f3b95c9c-Z0259,2,126,1574.893310546875,,unavailable in GeoTIFF; band index reported
upload_f3b95c9c-Z0259,2,127,1610.280029296875,,unavailable in GeoTIFF; band index reported
upload_f3b95c9c-Z0259,2,128,1645.2667236328125,,unavailable in GeoTIFF; band index reported
upload_f3b95c9c-Z0259,2,129,1680.7066650390625,,unavailable in GeoTIFF; band index reported
upload_f3b95c9c-Z0259,2,130,1721.719970703125,3697.105728725079,unavailable in GeoTIFF; band index reported
upload_f3b95c9c-Z0259,2,131,-32768.0,,unavailable in GeoTIFF; band index reported
upload_f3b95c9c-Z0259,2,132,-32768.0,,unavailable in GeoTIFF; band index reported
upload_f3b95c9c-Z0259,2,133,-32768.0,,unavailable in GeoTIFF; band index reported
upload_f3b95c9c-Z0259,2,134,-32768.0,,unavailable in GeoTIFF; band index reported
upload_f3b95c9c-Z0259,2,135,-32768.0,,unavailable in GeoTIFF; band index reported
upload_f3b95c9c-Z0259,2,136,1719.5733642578125,,unavailable in GeoTIFF; band index reported
upload_f3b95c9c-Z0259,2,137,1635.1600341796875,1385.8706168393314,unavailable in GeoTIFF; band index reported
upload_f3b95c9c-Z0259,2,138,1575.2933349609375,,unavailable in GeoTIFF; band index reported
upload_f3b95c9c-Z0259,2,139,1546.86669921875,,unavailable in GeoTIFF; band index reported
upload_f3b95c9c-Z0259,2,140,1499.6800537109375,,unavailable in GeoTIFF; band index reported
upload_f3b95c9c-Z0259,2,141,1466.0933837890625,,unavailable in GeoTIFF; band index reported
upload_f3b95c9c-Z0259,2,142,1472.17333984375,,unavailable in GeoTIFF; band index reported
upload_f3b95c9c-Z0259,2,143,1458.280029296875,,unavailable in GeoTIFF; band index reported
upload_f3b95c9c-Z0259,2,144,1467.8800048828125,1146.0124725007981,unavailable in GeoTIFF; band index reported
upload_f3b95c9c-Z0259,2,145,1482.56005859375,,unavailable in GeoTIFF; band index reported
upload_f3b95c9c-Z0259,2,146,1520.56005859375,,unavailable in GeoTIFF; band index reported
upload_f3b95c9c-Z0259,2,147,1541.3466796875,,unavailable in GeoTIFF; band index reported
upload_f3b95c9c-Z0259,2,148,1572.86669921875,,unavailable in GeoTIFF; band index reported
upload_f3b95c9c-Z0259,2,149,1602.2532958984375,,unavailable in GeoTIFF; band index reported
upload_f3b95c9c-Z0259,2,150,1628.800048828125,,unavailable in GeoTIFF; band index reported
upload_f3b95c9c-Z0259,2,151,1649.239990234375,,unavailable in GeoTIFF; band index reported
upload_f3b95c9c-Z0259,2,152,1659.026611328125,1713.2995919812897,unavailable in GeoTIFF; band index reported
upload_f3b95c9c-Z0259,2,153,1673.0,,unavailable in GeoTIFF; band index reported
upload_f3b95c9c-Z0259,2,154,1706.800048828125,,unavailable in GeoTIFF; band index reported
upload_f3b95c9c-Z0259,2,155,1720.9466552734375,,unavailable in GeoTIFF; band index reported
upload_f3b95c9c-Z0259,2,156,1746.626708984375,,unavailable in GeoTIFF; band index reported
upload_f3b95c9c-Z0259,2,157,1767.800048828125,,unavailable in GeoTIFF; band index reported
upload_f3b95c9c-Z0259,2,158,1815.4266357421875,,unavailable in GeoTIFF; band index reported
upload_f3b95c9c-Z0259,2,159,1841.026611328125,2111.832854444975,unavailable in GeoTIFF; band index reported
upload_f3b95c9c-Z0259,2,160,1861.0,,unavailable in GeoTIFF; band index reported
upload_f3b95c9c-Z0259,2,161,1890.5733642578125,,unavailable in GeoTIFF; band index reported
upload_f3b95c9c-Z0259,2,162,1920.82666015625,,unavailable in GeoTIFF; band index reported
upload_f3b95c9c-Z0259,2,163,1922.9200439453125,,unavailable in GeoTIFF; band index reported
upload_f3b95c9c-Z0259,2,164,1959.413330078125,,unavailable in GeoTIFF; band index reported
upload_f3b95c9c-Z0259,2,165,2056.47998046875,,unavailable in GeoTIFF; band index reported
upload_f3b95c9c-Z0259,2,166,2159.533447265625,2397.743743529186,unavailable in GeoTIFF; band index reported
upload_f3b95c9c-Z0259,2,167,1893.453369140625,,unavailable in GeoTIFF; band index reported
upload_f3b95c9c-Z0259,2,168,2079.986572265625,,unavailable in GeoTIFF; band index reported
upload_f3b95c9c-Z0259,2,169,2108.373291015625,,unavailable in GeoTIFF; band index reported
upload_f3b95c9c-Z0259,2,170,2014.546630859375,,unavailable in GeoTIFF; band index reported
upload_f3b95c9c-Z0259,2,171,1353.626708984375,,unavailable in GeoTIFF; band index reported
upload_f3b95c9c-Z0259,2,172,1457.21337890625,,unavailable in GeoTIFF; band index reported
upload_f3b95c9c-Z0259,2,173,2130.52001953125,620.0160149725663,unavailable in GeoTIFF; band index reported
upload_f3b95c9c-Z0259,2,174,2194.280029296875,,unavailable in GeoTIFF; band index reported
upload_f3b95c9c-Z0259,2,175,2191.78662109375,,unavailable in GeoTIFF; band index reported
upload_f3b95c9c-Z0259,2,176,1984.4000244140625,,unavailable in GeoTIFF; band index reported
upload_f3b95c9c-Z0259,2,177,1890.9066162109375,,unavailable in GeoTIFF; band index reported
upload_f3b95c9c-Z0259,2,178,2055.05322265625,,unavailable in GeoTIFF; band index reported
upload_f3b95c9c-Z0259,2,179,2293.05322265625,,unavailable in GeoTIFF; band index reported
upload_f3b95c9c-Z0259,2,180,2301.813232421875,814.1379422466697,unavailable in GeoTIFF; band index reported
upload_f3b95c9c-Z0259,2,181,2281.3466796875,,unavailable in GeoTIFF; band index reported
upload_f3b95c9c-Z0259,2,182,2288.9599609375,,unavailable in GeoTIFF; band index reported
upload_f3b95c9c-Z0259,2,183,2310.840087890625,,unavailable in GeoTIFF; band index reported
upload_f3b95c9c-Z0259,2,184,2314.3466796875,,unavailable in GeoTIFF; band index reported
upload_f3b95c9c-Z0259,2,185,2349.493408203125,,unavailable in GeoTIFF; band index reported
upload_f3b95c9c-Z0259,2,186,2380.453369140625,,unavailable in GeoTIFF; band index reported
upload_f3b95c9c-Z0259,2,187,2389.7333984375,,unavailable in GeoTIFF; band index reported
upload_f3b95c9c-Z0259,2,188,2406.666748046875,1354.1786441418403,unavailable in GeoTIFF; band index reported
upload_f3b95c9c-Z0259,2,189,2418.39990234375,,unavailable in GeoTIFF; band index reported
upload_f3b95c9c-Z0259,2,190,2457.306640625,,unavailable in GeoTIFF; band index reported
upload_f3b95c9c-Z0259,2,191,2478.719970703125,,unavailable in GeoTIFF; band index reported
upload_f3b95c9c-Z0259,2,192,2521.986572265625,,unavailable in GeoTIFF; band index reported
upload_f3b95c9c-Z0259,2,193,2508.893310546875,,unavailable in GeoTIFF; band index reported
upload_f3b95c9c-Z0259,2,194,2582.106689453125,,unavailable in GeoTIFF; band index reported
upload_f3b95c9c-Z0259,2,195,2594.919921875,1766.3885489005581,unavailable in GeoTIFF; band index reported
upload_f3b95c9c-Z0259,2,196,2615.533447265625,,unavailable in GeoTIFF; band index reported
upload_f3b95c9c-Z0259,2,197,2625.239990234375,,unavailable in GeoTIFF; band index reported
upload_f3b95c9c-Z0259,2,198,2636.506591796875,,unavailable in GeoTIFF; band index reported
upload_f3b95c9c-Z0259,2,199,2639.080078125,,unavailable in GeoTIFF; band index reported
upload_f3b95c9c-Z0259,2,200,2626.666748046875,,unavailable in GeoTIFF; band index reported
upload_f3b95c9c-Z0259,2,201,2621.320068359375,,unavailable in GeoTIFF; band index reported
upload_f3b95c9c-Z0259,2,202,2615.306640625,1708.6980116632828,unavailable in GeoTIFF; band index reported
upload_f3b95c9c-Z0259,2,203,2629.760009765625,,unavailable in GeoTIFF; band index reported
upload_f3b95c9c-Z0259,2,204,2641.5732421875,,unavailable in GeoTIFF; band index reported
upload_f3b95c9c-Z0259,2,205,2599.7333984375,,unavailable in GeoTIFF; band index reported
upload_f3b95c9c-Z0259,2,206,2586.360107421875,,unavailable in GeoTIFF; band index reported
upload_f3b95c9c-Z0259,2,207,2611.21337890625,,unavailable in GeoTIFF; band index reported
upload_f3b95c9c-Z0259,2,208,2690.78662109375,,unavailable in GeoTIFF; band index reported
upload_f3b95c9c-Z0259,2,209,2655.7734375,1205.8682828381327,unavailable in GeoTIFF; band index reported
upload_f3b95c9c-Z0259,2,210,2666.360107421875,,unavailable in GeoTIFF; band index reported
upload_f3b95c9c-Z0259,2,211,2700.2265625,,unavailable in GeoTIFF; band index reported
upload_f3b95c9c-Z0259,2,212,2744.6533203125,,unavailable in GeoTIFF; band index reported
upload_f3b95c9c-Z0259,2,213,2726.066650390625,,unavailable in GeoTIFF; band index reported
upload_f3b95c9c-Z0259,2,214,2739.25341796875,,unavailable in GeoTIFF; band index reported
upload_f3b95c9c-Z0259,2,215,2840.893310546875,,unavailable in GeoTIFF; band index reported
upload_f3b95c9c-Z0259,2,216,2917.639892578125,972.0827768821342,unavailable in GeoTIFF; band index reported
upload_f3b95c9c-Z0259,2,217,2792.973388671875,,unavailable in GeoTIFF; band index reported
upload_f3b95c9c-Z0259,2,218,2764.693359375,,unavailable in GeoTIFF; band index reported
upload_f3b95c9c-Z0259,2,219,2894.706787109375,,unavailable in GeoTIFF; band index reported
upload_f3b95c9c-Z0259,2,220,2895.2666015625,,unavailable in GeoTIFF; band index reported
upload_f3b95c9c-Z0259,2,221,2729.21337890625,,unavailable in GeoTIFF; band index reported
upload_f3b95c9c-Z0259,2,222,2685.39990234375,,unavailable in GeoTIFF; band index reported
upload_f3b95c9c-Z0259,2,223,2677.47998046875,,unavailable in GeoTIFF; band index reported
upload_f3b95c9c-Z0259,2,224,2837.09326171875,725.5769590304819,unavailable in GeoTIFF; band index reported
upload_f3b95c9c-Z0726,3,1,2249.384521484375,3903.5687642480493,unavailable in GeoTIFF; band index reported
upload_f3b95c9c-Z0726,3,2,2184.730712890625,,unavailable in GeoTIFF; band index reported
upload_f3b95c9c-Z0726,3,3,2173.6923828125,,unavailable in GeoTIFF; band index reported
upload_f3b95c9c-Z0726,3,4,2130.3076171875,,unavailable in GeoTIFF; band index reported
upload_f3b95c9c-Z0726,3,5,2127.576904296875,,unavailable in GeoTIFF; band index reported
upload_f3b95c9c-Z0726,3,6,2095.3076171875,,unavailable in GeoTIFF; band index reported
upload_f3b95c9c-Z0726,3,7,2062.615478515625,,unavailable in GeoTIFF; band index reported
upload_f3b95c9c-Z0726,3,8,2094.46142578125,3925.551270116211,unavailable in GeoTIFF; band index reported
upload_f3b95c9c-Z0726,3,9,2061.65380859375,,unavailable in GeoTIFF; band index reported
upload_f3b95c9c-Z0726,3,10,2052.8076171875,,unavailable in GeoTIFF; band index reported
upload_f3b95c9c-Z0726,3,11,2033.3077392578125,,unavailable in GeoTIFF; band index reported
upload_f3b95c9c-Z0726,3,12,1998.076904296875,,unavailable in GeoTIFF; band index reported
upload_f3b95c9c-Z0726,3,13,1953.5,,unavailable in GeoTIFF; band index reported
upload_f3b95c9c-Z0726,3,14,1977.769287109375,,unavailable in GeoTIFF; band index reported
upload_f3b95c9c-Z0726,3,15,1975.65380859375,3942.6649578306146,unavailable in GeoTIFF; band index reported
upload_f3b95c9c-Z0726,3,16,1950.8846435546875,,unavailable in GeoTIFF; band index reported
upload_f3b95c9c-Z0726,3,17,1936.230712890625,,unavailable in GeoTIFF; band index reported
upload_f3b95c9c-Z0726,3,18,1906.9615478515625,,unavailable in GeoTIFF; band index reported
upload_f3b95c9c-Z0726,3,19,1893.230712890625,,unavailable in GeoTIFF; band index reported
upload_f3b95c9c-Z0726,3,20,1877.1153564453125,,unavailable in GeoTIFF; band index reported
upload_f3b95c9c-Z0726,3,21,1894.730712890625,,unavailable in GeoTIFF; band index reported
upload_f3b95c9c-Z0726,3,22,1830.4615478515625,3933.650157834212,unavailable in GeoTIFF; band index reported
upload_f3b95c9c-Z0726,3,23,1823.5,,unavailable in GeoTIFF; band index reported
upload_f3b95c9c-Z0726,3,24,1802.769287109375,,unavailable in GeoTIFF; band index reported
upload_f3b95c9c-Z0726,3,25,1790.84619140625,,unavailable in GeoTIFF; band index reported
upload_f3b95c9c-Z0726,3,26,1791.576904296875,,unavailable in GeoTIFF; band index reported
upload_f3b95c9c-Z0726,3,27,1760.6153564453125,,unavailable in GeoTIFF; band index reported
upload_f3b95c9c-Z0726,3,28,1760.9615478515625,,unavailable in GeoTIFF; band index reported
upload_f3b95c9c-Z0726,3,29,1731.230712890625,3930.7107380000457,unavailable in GeoTIFF; band index reported
upload_f3b95c9c-Z0726,3,30,1753.230712890625,,unavailable in GeoTIFF; band index reported
upload_f3b95c9c-Z0726,3,31,1723.15380859375,,unavailable in GeoTIFF; band index reported
upload_f3b95c9c-Z0726,3,32,1723.576904296875,,unavailable in GeoTIFF; band index reported
upload_f3b95c9c-Z0726,3,33,1681.1922607421875,,unavailable in GeoTIFF; band index reported
upload_f3b95c9c-Z0726,3,34,1709.076904296875,,unavailable in GeoTIFF; band index reported
upload_f3b95c9c-Z0726,3,35,1716.230712890625,,unavailable in GeoTIFF; band index reported
upload_f3b95c9c-Z0726,3,36,1707.769287109375,3910.678847702552,unavailable in GeoTIFF; band index reported
upload_f3b95c9c-Z0726,3,37,1714.3846435546875,,unavailable in GeoTIFF; band index reported
upload_f3b95c9c-Z0726,3,38,1704.0,,unavailable in GeoTIFF; band index reported
upload_f3b95c9c-Z0726,3,39,1688.230712890625,,unavailable in GeoTIFF; band index reported
upload_f3b95c9c-Z0726,3,40,1680.3846435546875,,unavailable in GeoTIFF; band index reported
upload_f3b95c9c-Z0726,3,41,1690.730712890625,,unavailable in GeoTIFF; band index reported
upload_f3b95c9c-Z0726,3,42,1688.15380859375,,unavailable in GeoTIFF; band index reported
upload_f3b95c9c-Z0726,3,43,1666.923095703125,,unavailable in GeoTIFF; band index reported
upload_f3b95c9c-Z0726,3,44,1700.84619140625,4004.6816681009223,unavailable in GeoTIFF; band index reported
upload_f3b95c9c-Z0726,3,45,1690.6153564453125,,unavailable in GeoTIFF; band index reported
upload_f3b95c9c-Z0726,3,46,1679.4615478515625,,unavailable in GeoTIFF; band index reported
upload_f3b95c9c-Z0726,3,47,1658.65380859375,,unavailable in GeoTIFF; band index reported
upload_f3b95c9c-Z0726,3,48,1701.423095703125,,unavailable in GeoTIFF; band index reported
upload_f3b95c9c-Z0726,3,49,1689.0384521484375,,unavailable in GeoTIFF; band index reported
upload_f3b95c9c-Z0726,3,50,1658.076904296875,,unavailable in GeoTIFF; band index reported
upload_f3b95c9c-Z0726,3,51,1654.0384521484375,4023.527760350648,unavailable in GeoTIFF; band index reported
upload_f3b95c9c-Z0726,3,52,1681.269287109375,,unavailable in GeoTIFF; band index reported
upload_f3b95c9c-Z0726,3,53,1678.1153564453125,,unavailable in GeoTIFF; band index reported
upload_f3b95c9c-Z0726,3,54,1661.34619140625,,unavailable in GeoTIFF; band index reported
upload_f3b95c9c-Z0726,3,55,1662.1922607421875,,unavailable in GeoTIFF; band index reported
upload_f3b95c9c-Z0726,3,56,1708.9615478515625,,unavailable in GeoTIFF; band index reported
upload_f3b95c9c-Z0726,3,57,1743.0,,unavailable in GeoTIFF; band index reported
upload_f3b95c9c-Z0726,3,58,1698.5384521484375,4102.57972895471,unavailable in GeoTIFF; band index reported
upload_f3b95c9c-Z0726,3,59,1664.423095703125,,unavailable in GeoTIFF; band index reported
upload_f3b95c9c-Z0726,3,60,1599.34619140625,,unavailable in GeoTIFF; band index reported
upload_f3b95c9c-Z0726,3,61,1586.9615478515625,,unavailable in GeoTIFF; band index reported
upload_f3b95c9c-Z0726,3,62,1380.6153564453125,,unavailable in GeoTIFF; band index reported
upload_f3b95c9c-Z0726,3,63,1670.3846435546875,,unavailable in GeoTIFF; band index reported
upload_f3b95c9c-Z0726,3,64,1645.769287109375,,unavailable in GeoTIFF; band index reported
upload_f3b95c9c-Z0726,3,65,1645.9615478515625,4065.0446674384852,unavailable in GeoTIFF; band index reported
upload_f3b95c9c-Z0726,3,66,1659.3846435546875,,unavailable in GeoTIFF; band index reported
upload_f3b95c9c-Z0726,3,67,1662.5,,unavailable in GeoTIFF; band index reported
upload_f3b95c9c-Z0726,3,68,1670.0384521484375,,unavailable in GeoTIFF; band index reported
upload_f3b95c9c-Z0726,3,69,1716.1153564453125,,unavailable in GeoTIFF; band index reported
upload_f3b95c9c-Z0726,3,70,1702.6922607421875,,unavailable in GeoTIFF; band index reported
upload_f3b95c9c-Z0726,3,71,1687.923095703125,,unavailable in GeoTIFF; band index reported
upload_f3b95c9c-Z0726,3,72,1684.6922607421875,4050.215776525129,unavailable in GeoTIFF; band index reported
upload_f3b95c9c-Z0726,3,73,1632.576904296875,,unavailable in GeoTIFF; band index reported
upload_f3b95c9c-Z0726,3,74,1646.4615478515625,,unavailable in GeoTIFF; band index reported
upload_f3b95c9c-Z0726,3,75,1644.15380859375,,unavailable in GeoTIFF; band index reported
upload_f3b95c9c-Z0726,3,76,1626.0384521484375,,unavailable in GeoTIFF; band index reported
upload_f3b95c9c-Z0726,3,77,1650.5384521484375,,unavailable in GeoTIFF; band index reported
upload_f3b95c9c-Z0726,3,78,1630.0384521484375,,unavailable in GeoTIFF; band index reported
upload_f3b95c9c-Z0726,3,79,1691.923095703125,,unavailable in GeoTIFF; band index reported
upload_f3b95c9c-Z0726,3,80,1796.84619140625,4184.484206899644,unavailable in GeoTIFF; band index reported
upload_f3b95c9c-Z0726,3,81,1647.3077392578125,,unavailable in GeoTIFF; band index reported
upload_f3b95c9c-Z0726,3,82,1798.6153564453125,,unavailable in GeoTIFF; band index reported
upload_f3b95c9c-Z0726,3,83,1611.5,,unavailable in GeoTIFF; band index reported
upload_f3b95c9c-Z0726,3,84,1619.076904296875,,unavailable in GeoTIFF; band index reported
upload_f3b95c9c-Z0726,3,85,1828.5384521484375,,unavailable in GeoTIFF; band index reported
upload_f3b95c9c-Z0726,3,86,1703.423095703125,,unavailable in GeoTIFF; band index reported
upload_f3b95c9c-Z0726,3,87,1839.5384521484375,4217.572870382801,unavailable in GeoTIFF; band index reported
upload_f3b95c9c-Z0726,3,88,1532.769287109375,,unavailable in GeoTIFF; band index reported
upload_f3b95c9c-Z0726,3,89,1851.4615478515625,,unavailable in GeoTIFF; band index reported
upload_f3b95c9c-Z0726,3,90,1504.3077392578125,,unavailable in GeoTIFF; band index reported
upload_f3b95c9c-Z0726,3,91,1889.6922607421875,,unavailable in GeoTIFF; band index reported
upload_f3b95c9c-Z0726,3,92,1475.5384521484375,,unavailable in GeoTIFF; band index reported
upload_f3b95c9c-Z0726,3,93,1476.3077392578125,,unavailable in GeoTIFF; band index reported
upload_f3b95c9c-Z0726,3,94,1900.3077392578125,4333.966700834949,unavailable in GeoTIFF; band index reported
upload_f3b95c9c-Z0726,3,95,1566.076904296875,,unavailable in GeoTIFF; band index reported
upload_f3b95c9c-Z0726,3,96,1810.8077392578125,,unavailable in GeoTIFF; band index reported
upload_f3b95c9c-Z0726,3,97,1465.1922607421875,,unavailable in GeoTIFF; band index reported
upload_f3b95c9c-Z0726,3,98,1782.5,,unavailable in GeoTIFF; band index reported
upload_f3b95c9c-Z0726,3,99,1482.9615478515625,,unavailable in GeoTIFF; band index reported
upload_f3b95c9c-Z0726,3,100,1728.65380859375,,unavailable in GeoTIFF; band index reported
upload_f3b95c9c-Z0726,3,101,1431.8846435546875,3757.180979821616,unavailable in GeoTIFF; band index reported
upload_f3b95c9c-Z0726,3,102,1710.9615478515625,,unavailable in GeoTIFF; band index reported
upload_f3b95c9c-Z0726,3,103,1694.0384521484375,,unavailable in GeoTIFF; band index reported
upload_f3b95c9c-Z0726,3,104,1682.6922607421875,,unavailable in GeoTIFF; band index reported
upload_f3b95c9c-Z0726,3,105,1679.5384521484375,,unavailable in GeoTIFF; band index reported
upload_f3b95c9c-Z0726,3,106,1664.269287109375,,unavailable in GeoTIFF; band index reported
upload_f3b95c9c-Z0726,3,107,1666.230712890625,,unavailable in GeoTIFF; band index reported
upload_f3b95c9c-Z0726,3,108,1680.8077392578125,4119.44470923602,unavailable in GeoTIFF; band index reported
upload_f3b95c9c-Z0726,3,109,1702.076904296875,,unavailable in GeoTIFF; band index reported
upload_f3b95c9c-Z0726,3,110,1715.5384521484375,,unavailable in GeoTIFF; band index reported
upload_f3b95c9c-Z0726,3,111,1790.576904296875,,unavailable in GeoTIFF; band index reported
upload_f3b95c9c-Z0726,3,112,1852.076904296875,,unavailable in GeoTIFF; band index reported
upload_f3b95c9c-Z0726,3,113,1784.65380859375,,unavailable in GeoTIFF; band index reported
upload_f3b95c9c-Z0726,3,114,1729.923095703125,,unavailable in GeoTIFF; band index reported
upload_f3b95c9c-Z0726,3,115,1844.769287109375,,unavailable in GeoTIFF; band index reported
upload_f3b95c9c-Z0726,3,116,1811.8077392578125,4264.452026303014,unavailable in GeoTIFF; band index reported
upload_f3b95c9c-Z0726,3,117,1691.34619140625,,unavailable in GeoTIFF; band index reported
upload_f3b95c9c-Z0726,3,118,1637.769287109375,,unavailable in GeoTIFF; band index reported
upload_f3b95c9c-Z0726,3,119,1602.34619140625,,unavailable in GeoTIFF; band index reported
upload_f3b95c9c-Z0726,3,120,1579.15380859375,,unavailable in GeoTIFF; band index reported
upload_f3b95c9c-Z0726,3,121,1547.923095703125,,unavailable in GeoTIFF; band index reported
upload_f3b95c9c-Z0726,3,122,1524.923095703125,,unavailable in GeoTIFF; band index reported
upload_f3b95c9c-Z0726,3,123,1510.923095703125,3638.128168835215,unavailable in GeoTIFF; band index reported
upload_f3b95c9c-Z0726,3,124,1490.8077392578125,,unavailable in GeoTIFF; band index reported
upload_f3b95c9c-Z0726,3,125,1550.84619140625,,unavailable in GeoTIFF; band index reported
upload_f3b95c9c-Z0726,3,126,1559.269287109375,,unavailable in GeoTIFF; band index reported
upload_f3b95c9c-Z0726,3,127,1582.15380859375,,unavailable in GeoTIFF; band index reported
upload_f3b95c9c-Z0726,3,128,1604.6922607421875,,unavailable in GeoTIFF; band index reported
upload_f3b95c9c-Z0726,3,129,1648.3077392578125,,unavailable in GeoTIFF; band index reported
upload_f3b95c9c-Z0726,3,130,1668.269287109375,3697.105728725079,unavailable in GeoTIFF; band index reported
upload_f3b95c9c-Z0726,3,131,-32768.0,,unavailable in GeoTIFF; band index reported
upload_f3b95c9c-Z0726,3,132,-32768.0,,unavailable in GeoTIFF; band index reported
upload_f3b95c9c-Z0726,3,133,-32768.0,,unavailable in GeoTIFF; band index reported
upload_f3b95c9c-Z0726,3,134,-32768.0,,unavailable in GeoTIFF; band index reported
upload_f3b95c9c-Z0726,3,135,-32768.0,,unavailable in GeoTIFF; band index reported
upload_f3b95c9c-Z0726,3,136,1157.5,,unavailable in GeoTIFF; band index reported
upload_f3b95c9c-Z0726,3,137,991.923095703125,1385.8706168393314,unavailable in GeoTIFF; band index reported
upload_f3b95c9c-Z0726,3,138,845.5384521484375,,unavailable in GeoTIFF; band index reported
upload_f3b95c9c-Z0726,3,139,781.3461303710938,,unavailable in GeoTIFF; band index reported
upload_f3b95c9c-Z0726,3,140,758.423095703125,,unavailable in GeoTIFF; band index reported
upload_f3b95c9c-Z0726,3,141,742.6923217773438,,unavailable in GeoTIFF; band index reported
upload_f3b95c9c-Z0726,3,142,754.6538696289062,,unavailable in GeoTIFF; band index reported
upload_f3b95c9c-Z0726,3,143,756.1923217773438,,unavailable in GeoTIFF; band index reported
upload_f3b95c9c-Z0726,3,144,770.8846435546875,1146.0124725007981,unavailable in GeoTIFF; band index reported
upload_f3b95c9c-Z0726,3,145,806.1538696289062,,unavailable in GeoTIFF; band index reported
upload_f3b95c9c-Z0726,3,146,825.9615478515625,,unavailable in GeoTIFF; band index reported
upload_f3b95c9c-Z0726,3,147,873.6538696289062,,unavailable in GeoTIFF; band index reported
upload_f3b95c9c-Z0726,3,148,898.3461303710938,,unavailable in GeoTIFF; band index reported
upload_f3b95c9c-Z0726,3,149,923.8846435546875,,unavailable in GeoTIFF; band index reported
upload_f3b95c9c-Z0726,3,150,959.3846435546875,,unavailable in GeoTIFF; band index reported
upload_f3b95c9c-Z0726,3,151,972.0,,unavailable in GeoTIFF; band index reported
upload_f3b95c9c-Z0726,3,152,992.1923217773438,1713.2995919812897,unavailable in GeoTIFF; band index reported
upload_f3b95c9c-Z0726,3,153,1009.1923217773438,,unavailable in GeoTIFF; band index reported
upload_f3b95c9c-Z0726,3,154,1035.3077392578125,,unavailable in GeoTIFF; band index reported
upload_f3b95c9c-Z0726,3,155,1067.6922607421875,,unavailable in GeoTIFF; band index reported
upload_f3b95c9c-Z0726,3,156,1078.076904296875,,unavailable in GeoTIFF; band index reported
upload_f3b95c9c-Z0726,3,157,1133.076904296875,,unavailable in GeoTIFF; band index reported
upload_f3b95c9c-Z0726,3,158,1139.923095703125,,unavailable in GeoTIFF; band index reported
upload_f3b95c9c-Z0726,3,159,1172.15380859375,2111.832854444975,unavailable in GeoTIFF; band index reported
upload_f3b95c9c-Z0726,3,160,1211.923095703125,,unavailable in GeoTIFF; band index reported
upload_f3b95c9c-Z0726,3,161,1194.34619140625,,unavailable in GeoTIFF; band index reported
upload_f3b95c9c-Z0726,3,162,1215.0,,unavailable in GeoTIFF; band index reported
upload_f3b95c9c-Z0726,3,163,1258.0,,unavailable in GeoTIFF; band index reported
upload_f3b95c9c-Z0726,3,164,1294.8846435546875,,unavailable in GeoTIFF; band index reported
upload_f3b95c9c-Z0726,3,165,1329.269287109375,,unavailable in GeoTIFF; band index reported
upload_f3b95c9c-Z0726,3,166,1375.0,2397.743743529186,unavailable in GeoTIFF; band index reported
upload_f3b95c9c-Z0726,3,167,646.2307739257812,,unavailable in GeoTIFF; band index reported
upload_f3b95c9c-Z0726,3,168,710.423095703125,,unavailable in GeoTIFF; band index reported
upload_f3b95c9c-Z0726,3,169,719.8076782226562,,unavailable in GeoTIFF; band index reported
upload_f3b95c9c-Z0726,3,170,671.423095703125,,unavailable in GeoTIFF; band index reported
upload_f3b95c9c-Z0726,3,171,446.8846130371094,,unavailable in GeoTIFF; band index reported
upload_f3b95c9c-Z0726,3,172,531.8461303710938,,unavailable in GeoTIFF; band index reported
upload_f3b95c9c-Z0726,3,173,745.076904296875,620.0160149725663,unavailable in GeoTIFF; band index reported
upload_f3b95c9c-Z0726,3,174,755.9615478515625,,unavailable in GeoTIFF; band index reported
upload_f3b95c9c-Z0726,3,175,764.7692260742188,,unavailable in GeoTIFF; band index reported
upload_f3b95c9c-Z0726,3,176,688.8846435546875,,unavailable in GeoTIFF; band index reported
upload_f3b95c9c-Z0726,3,177,685.0384521484375,,unavailable in GeoTIFF; band index reported
upload_f3b95c9c-Z0726,3,178,726.923095703125,,unavailable in GeoTIFF; band index reported
upload_f3b95c9c-Z0726,3,179,821.5384521484375,,unavailable in GeoTIFF; band index reported
upload_f3b95c9c-Z0726,3,180,838.8461303710938,814.1379422466697,unavailable in GeoTIFF; band index reported
upload_f3b95c9c-Z0726,3,181,831.0384521484375,,unavailable in GeoTIFF; band index reported
upload_f3b95c9c-Z0726,3,182,851.6153564453125,,unavailable in GeoTIFF; band index reported
upload_f3b95c9c-Z0726,3,183,865.6538696289062,,unavailable in GeoTIFF; band index reported
upload_f3b95c9c-Z0726,3,184,875.3846435546875,,unavailable in GeoTIFF; band index reported
upload_f3b95c9c-Z0726,3,185,910.9615478515625,,unavailable in GeoTIFF; band index reported
upload_f3b95c9c-Z0726,3,186,935.3076782226562,,unavailable in GeoTIFF; band index reported
upload_f3b95c9c-Z0726,3,187,951.5,,unavailable in GeoTIFF; band index reported
upload_f3b95c9c-Z0726,3,188,974.4615478515625,1354.1786441418403,unavailable in GeoTIFF; band index reported
upload_f3b95c9c-Z0726,3,189,993.423095703125,,unavailable in GeoTIFF; band index reported
upload_f3b95c9c-Z0726,3,190,1016.423095703125,,unavailable in GeoTIFF; band index reported
upload_f3b95c9c-Z0726,3,191,1031.34619140625,,unavailable in GeoTIFF; band index reported
upload_f3b95c9c-Z0726,3,192,1040.769287109375,,unavailable in GeoTIFF; band index reported
upload_f3b95c9c-Z0726,3,193,1037.15380859375,,unavailable in GeoTIFF; band index reported
upload_f3b95c9c-Z0726,3,194,1062.423095703125,,unavailable in GeoTIFF; band index reported
upload_f3b95c9c-Z0726,3,195,1080.6153564453125,1766.3885489005581,unavailable in GeoTIFF; band index reported
upload_f3b95c9c-Z0726,3,196,1081.3077392578125,,unavailable in GeoTIFF; band index reported
upload_f3b95c9c-Z0726,3,197,1079.0384521484375,,unavailable in GeoTIFF; band index reported
upload_f3b95c9c-Z0726,3,198,1054.423095703125,,unavailable in GeoTIFF; band index reported
upload_f3b95c9c-Z0726,3,199,1017.4615478515625,,unavailable in GeoTIFF; band index reported
upload_f3b95c9c-Z0726,3,200,994.8076782226562,,unavailable in GeoTIFF; band index reported
upload_f3b95c9c-Z0726,3,201,998.423095703125,,unavailable in GeoTIFF; band index reported
upload_f3b95c9c-Z0726,3,202,979.5384521484375,1708.6980116632828,unavailable in GeoTIFF; band index reported
upload_f3b95c9c-Z0726,3,203,955.9615478515625,,unavailable in GeoTIFF; band index reported
upload_f3b95c9c-Z0726,3,204,929.3846435546875,,unavailable in GeoTIFF; band index reported
upload_f3b95c9c-Z0726,3,205,881.6153564453125,,unavailable in GeoTIFF; band index reported
upload_f3b95c9c-Z0726,3,206,845.1538696289062,,unavailable in GeoTIFF; band index reported
upload_f3b95c9c-Z0726,3,207,808.7307739257812,,unavailable in GeoTIFF; band index reported
upload_f3b95c9c-Z0726,3,208,789.0384521484375,,unavailable in GeoTIFF; band index reported
upload_f3b95c9c-Z0726,3,209,742.6153564453125,1205.8682828381327,unavailable in GeoTIFF; band index reported
upload_f3b95c9c-Z0726,3,210,718.8461303710938,,unavailable in GeoTIFF; band index reported
upload_f3b95c9c-Z0726,3,211,699.2692260742188,,unavailable in GeoTIFF; band index reported
upload_f3b95c9c-Z0726,3,212,708.8461303710938,,unavailable in GeoTIFF; band index reported
upload_f3b95c9c-Z0726,3,213,700.8461303710938,,unavailable in GeoTIFF; band index reported
upload_f3b95c9c-Z0726,3,214,684.8846435546875,,unavailable in GeoTIFF; band index reported
upload_f3b95c9c-Z0726,3,215,724.576904296875,,unavailable in GeoTIFF; band index reported
upload_f3b95c9c-Z0726,3,216,724.423095703125,972.0827768821342,unavailable in GeoTIFF; band index reported
upload_f3b95c9c-Z0726,3,217,700.6153564453125,,unavailable in GeoTIFF; band index reported
upload_f3b95c9c-Z0726,3,218,676.576904296875,,unavailable in GeoTIFF; band index reported
upload_f3b95c9c-Z0726,3,219,715.6538696289062,,unavailable in GeoTIFF; band index reported
upload_f3b95c9c-Z0726,3,220,709.0384521484375,,unavailable in GeoTIFF; band index reported
upload_f3b95c9c-Z0726,3,221,670.6923217773438,,unavailable in GeoTIFF; band index reported
upload_f3b95c9c-Z0726,3,222,640.9615478515625,,unavailable in GeoTIFF; band index reported
upload_f3b95c9c-Z0726,3,223,661.0384521484375,,unavailable in GeoTIFF; band index reported
upload_f3b95c9c-Z0726,3,224,675.8846435546875,725.5769590304819,unavailable in GeoTIFF; band index reported
upload_f3b95c9c-Z0741,4,1,4430.0908203125,3903.5687642480493,unavailable in GeoTIFF; band index reported
upload_f3b95c9c-Z0741,4,2,4312.54541015625,,unavailable in GeoTIFF; band index reported
upload_f3b95c9c-Z0741,4,3,4213.63623046875,,unavailable in GeoTIFF; band index reported
upload_f3b95c9c-Z0741,4,4,4216.0,,unavailable in GeoTIFF; band index reported
upload_f3b95c9c-Z0741,4,5,4170.36376953125,,unavailable in GeoTIFF; band index reported
upload_f3b95c9c-Z0741,4,6,4015.727294921875,,unavailable in GeoTIFF; band index reported
upload_f3b95c9c-Z0741,4,7,3987.727294921875,,unavailable in GeoTIFF; band index reported
upload_f3b95c9c-Z0741,4,8,3934.0908203125,3925.551270116211,unavailable in GeoTIFF; band index reported
upload_f3b95c9c-Z0741,4,9,3846.9091796875,,unavailable in GeoTIFF; band index reported
upload_f3b95c9c-Z0741,4,10,3815.636474609375,,unavailable in GeoTIFF; band index reported
upload_f3b95c9c-Z0741,4,11,3708.272705078125,,unavailable in GeoTIFF; band index reported
upload_f3b95c9c-Z0741,4,12,3660.636474609375,,unavailable in GeoTIFF; band index reported
upload_f3b95c9c-Z0741,4,13,3577.727294921875,,unavailable in GeoTIFF; band index reported
upload_f3b95c9c-Z0741,4,14,3576.272705078125,,unavailable in GeoTIFF; band index reported
upload_f3b95c9c-Z0741,4,15,3553.181884765625,3942.6649578306146,unavailable in GeoTIFF; band index reported
upload_f3b95c9c-Z0741,4,16,3476.9091796875,,unavailable in GeoTIFF; band index reported
upload_f3b95c9c-Z0741,4,17,3422.272705078125,,unavailable in GeoTIFF; band index reported
upload_f3b95c9c-Z0741,4,18,3368.727294921875,,unavailable in GeoTIFF; band index reported
upload_f3b95c9c-Z0741,4,19,3316.0,,unavailable in GeoTIFF; band index reported
upload_f3b95c9c-Z0741,4,20,3272.272705078125,,unavailable in GeoTIFF; band index reported
upload_f3b95c9c-Z0741,4,21,3261.181884765625,,unavailable in GeoTIFF; band index reported
upload_f3b95c9c-Z0741,4,22,3213.727294921875,3933.650157834212,unavailable in GeoTIFF; band index reported
upload_f3b95c9c-Z0741,4,23,3155.363525390625,,unavailable in GeoTIFF; band index reported
upload_f3b95c9c-Z0741,4,24,3097.0908203125,,unavailable in GeoTIFF; band index reported
upload_f3b95c9c-Z0741,4,25,3055.727294921875,,unavailable in GeoTIFF; band index reported
upload_f3b95c9c-Z0741,4,26,3037.818115234375,,unavailable in GeoTIFF; band index reported
upload_f3b95c9c-Z0741,4,27,2979.0,,unavailable in GeoTIFF; band index reported
upload_f3b95c9c-Z0741,4,28,2941.181884765625,,unavailable in GeoTIFF; band index reported
upload_f3b95c9c-Z0741,4,29,2917.181884765625,3930.7107380000457,unavailable in GeoTIFF; band index reported
upload_f3b95c9c-Z0741,4,30,2849.181884765625,,unavailable in GeoTIFF; band index reported
upload_f3b95c9c-Z0741,4,31,2833.727294921875,,unavailable in GeoTIFF; band index reported
upload_f3b95c9c-Z0741,4,32,2760.727294921875,,unavailable in GeoTIFF; band index reported
upload_f3b95c9c-Z0741,4,33,2697.54541015625,,unavailable in GeoTIFF; band index reported
upload_f3b95c9c-Z0741,4,34,2726.0,,unavailable in GeoTIFF; band index reported
upload_f3b95c9c-Z0741,4,35,2699.0908203125,,unavailable in GeoTIFF; band index reported
upload_f3b95c9c-Z0741,4,36,2681.45458984375,3910.678847702552,unavailable in GeoTIFF; band index reported
upload_f3b95c9c-Z0741,4,37,2650.818115234375,,unavailable in GeoTIFF; band index reported
upload_f3b95c9c-Z0741,4,38,2619.363525390625,,unavailable in GeoTIFF; band index reported
upload_f3b95c9c-Z0741,4,39,2595.0,,unavailable in GeoTIFF; band index reported
upload_f3b95c9c-Z0741,4,40,2574.0908203125,,unavailable in GeoTIFF; band index reported
upload_f3b95c9c-Z0741,4,41,2560.363525390625,,unavailable in GeoTIFF; band index reported
upload_f3b95c9c-Z0741,4,42,2514.0908203125,,unavailable in GeoTIFF; band index reported
upload_f3b95c9c-Z0741,4,43,2505.0908203125,,unavailable in GeoTIFF; band index reported
upload_f3b95c9c-Z0741,4,44,2498.181884765625,4004.6816681009223,unavailable in GeoTIFF; band index reported
upload_f3b95c9c-Z0741,4,45,2502.363525390625,,unavailable in GeoTIFF; band index reported
upload_f3b95c9c-Z0741,4,46,2472.45458984375,,unavailable in GeoTIFF; band index reported
upload_f3b95c9c-Z0741,4,47,2436.818115234375,,unavailable in GeoTIFF; band index reported
upload_f3b95c9c-Z0741,4,48,2441.636474609375,,unavailable in GeoTIFF; band index reported
upload_f3b95c9c-Z0741,4,49,2427.727294921875,,unavailable in GeoTIFF; band index reported
upload_f3b95c9c-Z0741,4,50,2394.0,,unavailable in GeoTIFF; band index reported
upload_f3b95c9c-Z0741,4,51,2339.0908203125,4023.527760350648,unavailable in GeoTIFF; band index reported
upload_f3b95c9c-Z0741,4,52,2325.181884765625,,unavailable in GeoTIFF; band index reported
upload_f3b95c9c-Z0741,4,53,2357.818115234375,,unavailable in GeoTIFF; band index reported
upload_f3b95c9c-Z0741,4,54,2334.54541015625,,unavailable in GeoTIFF; band index reported
upload_f3b95c9c-Z0741,4,55,2326.45458984375,,unavailable in GeoTIFF; band index reported
upload_f3b95c9c-Z0741,4,56,2339.636474609375,,unavailable in GeoTIFF; band index reported
upload_f3b95c9c-Z0741,4,57,2335.272705078125,,unavailable in GeoTIFF; band index reported
upload_f3b95c9c-Z0741,4,58,2303.181884765625,4102.57972895471,unavailable in GeoTIFF; band index reported
upload_f3b95c9c-Z0741,4,59,2242.818115234375,,unavailable in GeoTIFF; band index reported
upload_f3b95c9c-Z0741,4,60,2173.0,,unavailable in GeoTIFF; band index reported
upload_f3b95c9c-Z0741,4,61,2113.181884765625,,unavailable in GeoTIFF; band index reported
upload_f3b95c9c-Z0741,4,62,1992.9090576171875,,unavailable in GeoTIFF; band index reported
upload_f3b95c9c-Z0741,4,63,2191.727294921875,,unavailable in GeoTIFF; band index reported
upload_f3b95c9c-Z0741,4,64,2159.818115234375,,unavailable in GeoTIFF; band index reported
upload_f3b95c9c-Z0741,4,65,2131.0,4065.0446674384852,unavailable in GeoTIFF; band index reported
upload_f3b95c9c-Z0741,4,66,2127.0,,unavailable in GeoTIFF; band index reported
upload_f3b95c9c-Z0741,4,67,2121.9091796875,,unavailable in GeoTIFF; band index reported
upload_f3b95c9c-Z0741,4,68,2116.0908203125,,unavailable in GeoTIFF; band index reported
upload_f3b95c9c-Z0741,4,69,2158.818115234375,,unavailable in GeoTIFF; band index reported
upload_f3b95c9c-Z0741,4,70,2130.818115234375,,unavailable in GeoTIFF; band index reported
upload_f3b95c9c-Z0741,4,71,2122.54541015625,,unavailable in GeoTIFF; band index reported
upload_f3b95c9c-Z0741,4,72,2072.45458984375,4050.215776525129,unavailable in GeoTIFF; band index reported
upload_f3b95c9c-Z0741,4,73,2052.363525390625,,unavailable in GeoTIFF; band index reported
upload_f3b95c9c-Z0741,4,74,2041.0909423828125,,unavailable in GeoTIFF; band index reported
upload_f3b95c9c-Z0741,4,75,2019.3636474609375,,unavailable in GeoTIFF; band index reported
upload_f3b95c9c-Z0741,4,76,1997.1817626953125,,unavailable in GeoTIFF; band index reported
upload_f3b95c9c-Z0741,4,77,2007.272705078125,,unavailable in GeoTIFF; band index reported
upload_f3b95c9c-Z0741,4,78,1968.1817626953125,,unavailable in GeoTIFF; band index reported
upload_f3b95c9c-Z0741,4,79,2014.0,,unavailable in GeoTIFF; band index reported
upload_f3b95c9c-Z0741,4,80,2126.9091796875,4184.484206899644,unavailable in GeoTIFF; band index reported
upload_f3b95c9c-Z0741,4,81,1964.8182373046875,,unavailable in GeoTIFF; band index reported
upload_f3b95c9c-Z0741,4,82,2111.363525390625,,unavailable in GeoTIFF; band index reported
upload_f3b95c9c-Z0741,4,83,1921.272705078125,,unavailable in GeoTIFF; band index reported
upload_f3b95c9c-Z0741,4,84,1934.45458984375,,unavailable in GeoTIFF; band index reported
upload_f3b95c9c-Z0741,4,85,2139.727294921875,,unavailable in GeoTIFF; band index reported
upload_f3b95c9c-Z0741,4,86,2037.1817626953125,,unavailable in GeoTIFF; band index reported
upload_f3b95c9c-Z0741,4,87,2062.818115234375,4217.572870382801,unavailable in GeoTIFF; band index reported
upload_f3b95c9c-Z0741,4,88,1847.1817626953125,,unavailable in GeoTIFF; band index reported
upload_f3b95c9c-Z0741,4,89,2095.45458984375,,unavailable in GeoTIFF; band index reported
upload_f3b95c9c-Z0741,4,90,1754.9090576171875,,unavailable in GeoTIFF; band index reported
upload_f3b95c9c-Z0741,4,91,2152.818115234375,,unavailable in GeoTIFF; band index reported
upload_f3b95c9c-Z0741,4,92,1870.272705078125,,unavailable in GeoTIFF; band index reported
upload_f3b95c9c-Z0741,4,93,1857.8182373046875,,unavailable in GeoTIFF; band index reported
upload_f3b95c9c-Z0741,4,94,2169.727294921875,4333.966700834949,unavailable in GeoTIFF; band index reported
upload_f3b95c9c-Z0741,4,95,1826.6363525390625,,unavailable in GeoTIFF; band index reported
upload_f3b95c9c-Z0741,4,96,2046.1817626953125,,unavailable in GeoTIFF; band index reported
upload_f3b95c9c-Z0741,4,97,1816.0,,unavailable in GeoTIFF; band index reported
upload_f3b95c9c-Z0741,4,98,2015.272705078125,,unavailable in GeoTIFF; band index reported
upload_f3b95c9c-Z0741,4,99,1796.6363525390625,,unavailable in GeoTIFF; band index reported
upload_f3b95c9c-Z0741,4,100,1930.0,,unavailable in GeoTIFF; band index reported
upload_f3b95c9c-Z0741,4,101,1780.8182373046875,3757.180979821616,unavailable in GeoTIFF; band index reported
upload_f3b95c9c-Z0741,4,102,1874.0909423828125,,unavailable in GeoTIFF; band index reported
upload_f3b95c9c-Z0741,4,103,1838.8182373046875,,unavailable in GeoTIFF; band index reported
upload_f3b95c9c-Z0741,4,104,1811.727294921875,,unavailable in GeoTIFF; band index reported
upload_f3b95c9c-Z0741,4,105,1790.272705078125,,unavailable in GeoTIFF; band index reported
upload_f3b95c9c-Z0741,4,106,1784.272705078125,,unavailable in GeoTIFF; band index reported
upload_f3b95c9c-Z0741,4,107,1788.6363525390625,,unavailable in GeoTIFF; band index reported
upload_f3b95c9c-Z0741,4,108,1809.272705078125,4119.44470923602,unavailable in GeoTIFF; band index reported
upload_f3b95c9c-Z0741,4,109,1810.6363525390625,,unavailable in GeoTIFF; band index reported
upload_f3b95c9c-Z0741,4,110,1816.9090576171875,,unavailable in GeoTIFF; band index reported
upload_f3b95c9c-Z0741,4,111,1856.3636474609375,,unavailable in GeoTIFF; band index reported
upload_f3b95c9c-Z0741,4,112,1835.1817626953125,,unavailable in GeoTIFF; band index reported
upload_f3b95c9c-Z0741,4,113,1818.45458984375,,unavailable in GeoTIFF; band index reported
upload_f3b95c9c-Z0741,4,114,1739.8182373046875,,unavailable in GeoTIFF; band index reported
upload_f3b95c9c-Z0741,4,115,1875.54541015625,,unavailable in GeoTIFF; band index reported
upload_f3b95c9c-Z0741,4,116,1802.3636474609375,4264.452026303014,unavailable in GeoTIFF; band index reported
upload_f3b95c9c-Z0741,4,117,1646.54541015625,,unavailable in GeoTIFF; band index reported
upload_f3b95c9c-Z0741,4,118,1561.0909423828125,,unavailable in GeoTIFF; band index reported
upload_f3b95c9c-Z0741,4,119,1478.45458984375,,unavailable in GeoTIFF; band index reported
upload_f3b95c9c-Z0741,4,120,1438.3636474609375,,unavailable in GeoTIFF; band index reported
upload_f3b95c9c-Z0741,4,121,1387.54541015625,,unavailable in GeoTIFF; band index reported
upload_f3b95c9c-Z0741,4,122,1349.3636474609375,,unavailable in GeoTIFF; band index reported
upload_f3b95c9c-Z0741,4,123,1319.272705078125,3638.128168835215,unavailable in GeoTIFF; band index reported
upload_f3b95c9c-Z0741,4,124,1283.8182373046875,,unavailable in GeoTIFF; band index reported
upload_f3b95c9c-Z0741,4,125,1355.45458984375,,unavailable in GeoTIFF; band index reported
upload_f3b95c9c-Z0741,4,126,1348.0,,unavailable in GeoTIFF; band index reported
upload_f3b95c9c-Z0741,4,127,1344.8182373046875,,unavailable in GeoTIFF; band index reported
upload_f3b95c9c-Z0741,4,128,1352.0,,unavailable in GeoTIFF; band index reported
upload_f3b95c9c-Z0741,4,129,1372.6363525390625,,unavailable in GeoTIFF; band index reported
upload_f3b95c9c-Z0741,4,130,1382.272705078125,3697.105728725079,unavailable in GeoTIFF; band index reported
upload_f3b95c9c-Z0741,4,131,-32768.0,,unavailable in GeoTIFF; band index reported
upload_f3b95c9c-Z0741,4,132,-32768.0,,unavailable in GeoTIFF; band index reported
upload_f3b95c9c-Z0741,4,133,-32768.0,,unavailable in GeoTIFF; band index reported
upload_f3b95c9c-Z0741,4,134,-32768.0,,unavailable in GeoTIFF; band index reported
upload_f3b95c9c-Z0741,4,135,-32768.0,,unavailable in GeoTIFF; band index reported
upload_f3b95c9c-Z0741,4,136,710.9091186523438,,unavailable in GeoTIFF; band index reported
upload_f3b95c9c-Z0741,4,137,529.0,1385.8706168393314,unavailable in GeoTIFF; band index reported
upload_f3b95c9c-Z0741,4,138,371.7272644042969,,unavailable in GeoTIFF; band index reported
upload_f3b95c9c-Z0741,4,139,303.6363525390625,,unavailable in GeoTIFF; band index reported
upload_f3b95c9c-Z0741,4,140,289.3636474609375,,unavailable in GeoTIFF; band index reported
upload_f3b95c9c-Z0741,4,141,285.5454406738281,,unavailable in GeoTIFF; band index reported
upload_f3b95c9c-Z0741,4,142,295.0,,unavailable in GeoTIFF; band index reported
upload_f3b95c9c-Z0741,4,143,301.0,,unavailable in GeoTIFF; band index reported
upload_f3b95c9c-Z0741,4,144,311.81817626953125,1146.0124725007981,unavailable in GeoTIFF; band index reported
upload_f3b95c9c-Z0741,4,145,327.81817626953125,,unavailable in GeoTIFF; band index reported
upload_f3b95c9c-Z0741,4,146,354.0,,unavailable in GeoTIFF; band index reported
upload_f3b95c9c-Z0741,4,147,377.0,,unavailable in GeoTIFF; band index reported
upload_f3b95c9c-Z0741,4,148,406.2727355957031,,unavailable in GeoTIFF; band index reported
upload_f3b95c9c-Z0741,4,149,430.2727355957031,,unavailable in GeoTIFF; band index reported
upload_f3b95c9c-Z0741,4,150,457.5454406738281,,unavailable in GeoTIFF; band index reported
upload_f3b95c9c-Z0741,4,151,475.7272644042969,,unavailable in GeoTIFF; band index reported
upload_f3b95c9c-Z0741,4,152,467.9090881347656,1713.2995919812897,unavailable in GeoTIFF; band index reported
upload_f3b95c9c-Z0741,4,153,489.2727355957031,,unavailable in GeoTIFF; band index reported
upload_f3b95c9c-Z0741,4,154,498.81817626953125,,unavailable in GeoTIFF; band index reported
upload_f3b95c9c-Z0741,4,155,532.272705078125,,unavailable in GeoTIFF; band index reported
upload_f3b95c9c-Z0741,4,156,555.9091186523438,,unavailable in GeoTIFF; band index reported
upload_f3b95c9c-Z0741,4,157,568.8181762695312,,unavailable in GeoTIFF; band index reported
upload_f3b95c9c-Z0741,4,158,582.0,,unavailable in GeoTIFF; band index reported
upload_f3b95c9c-Z0741,4,159,598.0908813476562,2111.832854444975,unavailable in GeoTIFF; band index reported
upload_f3b95c9c-Z0741,4,160,624.272705078125,,unavailable in GeoTIFF; band index reported
upload_f3b95c9c-Z0741,4,161,615.3636474609375,,unavailable in GeoTIFF; band index reported
upload_f3b95c9c-Z0741,4,162,651.9091186523438,,unavailable in GeoTIFF; band index reported
upload_f3b95c9c-Z0741,4,163,662.272705078125,,unavailable in GeoTIFF; band index reported
upload_f3b95c9c-Z0741,4,164,661.727294921875,,unavailable in GeoTIFF; band index reported
upload_f3b95c9c-Z0741,4,165,688.0,,unavailable in GeoTIFF; band index reported
upload_f3b95c9c-Z0741,4,166,715.272705078125,2397.743743529186,unavailable in GeoTIFF; band index reported
upload_f3b95c9c-Z0741,4,167,183.81817626953125,,unavailable in GeoTIFF; band index reported
upload_f3b95c9c-Z0741,4,168,185.72727966308594,,unavailable in GeoTIFF; band index reported
upload_f3b95c9c-Z0741,4,169,190.81817626953125,,unavailable in GeoTIFF; band index reported
upload_f3b95c9c-Z0741,4,170,173.81817626953125,,unavailable in GeoTIFF; band index reported
upload_f3b95c9c-Z0741,4,171,108.36363983154297,,unavailable in GeoTIFF; band index reported
upload_f3b95c9c-Z0741,4,172,177.63636779785156,,unavailable in GeoTIFF; band index reported
upload_f3b95c9c-Z0741,4,173,211.4545440673828,620.0160149725663,unavailable in GeoTIFF; band index reported
upload_f3b95c9c-Z0741,4,174,204.90908813476562,,unavailable in GeoTIFF; band index reported
upload_f3b95c9c-Z0741,4,175,197.0,,unavailable in GeoTIFF; band index reported
upload_f3b95c9c-Z0741,4,176,179.27272033691406,,unavailable in GeoTIFF; band index reported
upload_f3b95c9c-Z0741,4,177,186.36363220214844,,unavailable in GeoTIFF; band index reported
upload_f3b95c9c-Z0741,4,178,214.63636779785156,,unavailable in GeoTIFF; band index reported
upload_f3b95c9c-Z0741,4,179,242.63636779785156,,unavailable in GeoTIFF; band index reported
upload_f3b95c9c-Z0741,4,180,250.0,814.1379422466697,unavailable in GeoTIFF; band index reported
upload_f3b95c9c-Z0741,4,181,261.3636474609375,,unavailable in GeoTIFF; band index reported
upload_f3b95c9c-Z0741,4,182,276.3636474609375,,unavailable in GeoTIFF; band index reported
upload_f3b95c9c-Z0741,4,183,293.6363525390625,,unavailable in GeoTIFF; band index reported
upload_f3b95c9c-Z0741,4,184,310.7272644042969,,unavailable in GeoTIFF; band index reported
upload_f3b95c9c-Z0741,4,185,332.18182373046875,,unavailable in GeoTIFF; band index reported
upload_f3b95c9c-Z0741,4,186,359.2727355957031,,unavailable in GeoTIFF; band index reported
upload_f3b95c9c-Z0741,4,187,365.7272644042969,,unavailable in GeoTIFF; band index reported
upload_f3b95c9c-Z0741,4,188,390.81817626953125,1354.1786441418403,unavailable in GeoTIFF; band index reported
upload_f3b95c9c-Z0741,4,189,411.4545593261719,,unavailable in GeoTIFF; band index reported
upload_f3b95c9c-Z0741,4,190,428.18182373046875,,unavailable in GeoTIFF; band index reported
upload_f3b95c9c-Z0741,4,191,443.6363525390625,,unavailable in GeoTIFF; band index reported
upload_f3b95c9c-Z0741,4,192,450.4545593261719,,unavailable in GeoTIFF; band index reported
upload_f3b95c9c-Z0741,4,193,465.5454406738281,,unavailable in GeoTIFF; band index reported
upload_f3b95c9c-Z0741,4,194,502.4545593261719,,unavailable in GeoTIFF; band index reported
upload_f3b95c9c-Z0741,4,195,513.8181762695312,1766.3885489005581,unavailable in GeoTIFF; band index reported
upload_f3b95c9c-Z0741,4,196,513.5454711914062,,unavailable in GeoTIFF; band index reported
upload_f3b95c9c-Z0741,4,197,513.9091186523438,,unavailable in GeoTIFF; band index reported
upload_f3b95c9c-Z0741,4,198,523.5454711914062,,unavailable in GeoTIFF; band index reported
upload_f3b95c9c-Z0741,4,199,490.6363525390625,,unavailable in GeoTIFF; band index reported
upload_f3b95c9c-Z0741,4,200,495.4545593261719,,unavailable in GeoTIFF; band index reported
upload_f3b95c9c-Z0741,4,201,464.81817626953125,,unavailable in GeoTIFF; band index reported
upload_f3b95c9c-Z0741,4,202,468.6363525390625,1708.6980116632828,unavailable in GeoTIFF; band index reported
upload_f3b95c9c-Z0741,4,203,458.0909118652344,,unavailable in GeoTIFF; band index reported
upload_f3b95c9c-Z0741,4,204,438.0,,unavailable in GeoTIFF; band index reported
upload_f3b95c9c-Z0741,4,205,407.0909118652344,,unavailable in GeoTIFF; band index reported
upload_f3b95c9c-Z0741,4,206,364.2727355957031,,unavailable in GeoTIFF; band index reported
upload_f3b95c9c-Z0741,4,207,353.6363525390625,,unavailable in GeoTIFF; band index reported
upload_f3b95c9c-Z0741,4,208,358.4545593261719,,unavailable in GeoTIFF; band index reported
upload_f3b95c9c-Z0741,4,209,318.6363525390625,1205.8682828381327,unavailable in GeoTIFF; band index reported
upload_f3b95c9c-Z0741,4,210,302.18182373046875,,unavailable in GeoTIFF; band index reported
upload_f3b95c9c-Z0741,4,211,286.0909118652344,,unavailable in GeoTIFF; band index reported
upload_f3b95c9c-Z0741,4,212,268.5454406738281,,unavailable in GeoTIFF; band index reported
upload_f3b95c9c-Z0741,4,213,266.9090881347656,,unavailable in GeoTIFF; band index reported
upload_f3b95c9c-Z0741,4,214,273.0,,unavailable in GeoTIFF; band index reported
upload_f3b95c9c-Z0741,4,215,275.9090881347656,,unavailable in GeoTIFF; band index reported
upload_f3b95c9c-Z0741,4,216,281.9090881347656,972.0827768821342,unavailable in GeoTIFF; band index reported
upload_f3b95c9c-Z0741,4,217,246.27272033691406,,unavailable in GeoTIFF; band index reported
upload_f3b95c9c-Z0741,4,218,249.36363220214844,,unavailable in GeoTIFF; band index reported
upload_f3b95c9c-Z0741,4,219,255.63636779785156,,unavailable in GeoTIFF; band index reported
upload_f3b95c9c-Z0741,4,220,241.09091186523438,,unavailable in GeoTIFF; band index reported
upload_f3b95c9c-Z0741,4,221,231.5454559326172,,unavailable in GeoTIFF; band index reported
upload_f3b95c9c-Z0741,4,222,218.27272033691406,,unavailable in GeoTIFF; band index reported
upload_f3b95c9c-Z0741,4,223,234.63636779785156,,unavailable in GeoTIFF; band index reported
upload_f3b95c9c-Z0741,4,224,238.90908813476562,725.5769590304819,unavailable in GeoTIFF; band index reported
upload_f3b95c9c-Z0815,5,1,2249.384521484375,3903.5687642480493,unavailable in GeoTIFF; band index reported
upload_f3b95c9c-Z0815,5,2,2184.730712890625,,unavailable in GeoTIFF; band index reported
upload_f3b95c9c-Z0815,5,3,2173.6923828125,,unavailable in GeoTIFF; band index reported
upload_f3b95c9c-Z0815,5,4,2130.3076171875,,unavailable in GeoTIFF; band index reported
upload_f3b95c9c-Z0815,5,5,2127.576904296875,,unavailable in GeoTIFF; band index reported
upload_f3b95c9c-Z0815,5,6,2095.3076171875,,unavailable in GeoTIFF; band index reported
upload_f3b95c9c-Z0815,5,7,2062.615478515625,,unavailable in GeoTIFF; band index reported
upload_f3b95c9c-Z0815,5,8,2094.46142578125,3925.551270116211,unavailable in GeoTIFF; band index reported
upload_f3b95c9c-Z0815,5,9,2061.65380859375,,unavailable in GeoTIFF; band index reported
upload_f3b95c9c-Z0815,5,10,2052.8076171875,,unavailable in GeoTIFF; band index reported
upload_f3b95c9c-Z0815,5,11,2033.3077392578125,,unavailable in GeoTIFF; band index reported
upload_f3b95c9c-Z0815,5,12,1998.076904296875,,unavailable in GeoTIFF; band index reported
upload_f3b95c9c-Z0815,5,13,1953.5,,unavailable in GeoTIFF; band index reported
upload_f3b95c9c-Z0815,5,14,1977.769287109375,,unavailable in GeoTIFF; band index reported
upload_f3b95c9c-Z0815,5,15,1975.65380859375,3942.6649578306146,unavailable in GeoTIFF; band index reported
upload_f3b95c9c-Z0815,5,16,1950.8846435546875,,unavailable in GeoTIFF; band index reported
upload_f3b95c9c-Z0815,5,17,1936.230712890625,,unavailable in GeoTIFF; band index reported
upload_f3b95c9c-Z0815,5,18,1906.9615478515625,,unavailable in GeoTIFF; band index reported
upload_f3b95c9c-Z0815,5,19,1893.230712890625,,unavailable in GeoTIFF; band index reported
upload_f3b95c9c-Z0815,5,20,1877.1153564453125,,unavailable in GeoTIFF; band index reported
upload_f3b95c9c-Z0815,5,21,1894.730712890625,,unavailable in GeoTIFF; band index reported
upload_f3b95c9c-Z0815,5,22,1830.4615478515625,3933.650157834212,unavailable in GeoTIFF; band index reported
upload_f3b95c9c-Z0815,5,23,1823.5,,unavailable in GeoTIFF; band index reported
upload_f3b95c9c-Z0815,5,24,1802.769287109375,,unavailable in GeoTIFF; band index reported
upload_f3b95c9c-Z0815,5,25,1790.84619140625,,unavailable in GeoTIFF; band index reported
upload_f3b95c9c-Z0815,5,26,1791.576904296875,,unavailable in GeoTIFF; band index reported
upload_f3b95c9c-Z0815,5,27,1760.6153564453125,,unavailable in GeoTIFF; band index reported
upload_f3b95c9c-Z0815,5,28,1760.9615478515625,,unavailable in GeoTIFF; band index reported
upload_f3b95c9c-Z0815,5,29,1731.230712890625,3930.7107380000457,unavailable in GeoTIFF; band index reported
upload_f3b95c9c-Z0815,5,30,1753.230712890625,,unavailable in GeoTIFF; band index reported
upload_f3b95c9c-Z0815,5,31,1723.15380859375,,unavailable in GeoTIFF; band index reported
upload_f3b95c9c-Z0815,5,32,1723.576904296875,,unavailable in GeoTIFF; band index reported
upload_f3b95c9c-Z0815,5,33,1681.1922607421875,,unavailable in GeoTIFF; band index reported
upload_f3b95c9c-Z0815,5,34,1709.076904296875,,unavailable in GeoTIFF; band index reported
upload_f3b95c9c-Z0815,5,35,1716.230712890625,,unavailable in GeoTIFF; band index reported
upload_f3b95c9c-Z0815,5,36,1707.769287109375,3910.678847702552,unavailable in GeoTIFF; band index reported
upload_f3b95c9c-Z0815,5,37,1714.3846435546875,,unavailable in GeoTIFF; band index reported
upload_f3b95c9c-Z0815,5,38,1704.0,,unavailable in GeoTIFF; band index reported
upload_f3b95c9c-Z0815,5,39,1688.230712890625,,unavailable in GeoTIFF; band index reported
upload_f3b95c9c-Z0815,5,40,1680.3846435546875,,unavailable in GeoTIFF; band index reported
upload_f3b95c9c-Z0815,5,41,1690.730712890625,,unavailable in GeoTIFF; band index reported
upload_f3b95c9c-Z0815,5,42,1688.15380859375,,unavailable in GeoTIFF; band index reported
upload_f3b95c9c-Z0815,5,43,1666.923095703125,,unavailable in GeoTIFF; band index reported
upload_f3b95c9c-Z0815,5,44,1700.84619140625,4004.6816681009223,unavailable in GeoTIFF; band index reported
upload_f3b95c9c-Z0815,5,45,1690.6153564453125,,unavailable in GeoTIFF; band index reported
upload_f3b95c9c-Z0815,5,46,1679.4615478515625,,unavailable in GeoTIFF; band index reported
upload_f3b95c9c-Z0815,5,47,1658.65380859375,,unavailable in GeoTIFF; band index reported
upload_f3b95c9c-Z0815,5,48,1701.423095703125,,unavailable in GeoTIFF; band index reported
upload_f3b95c9c-Z0815,5,49,1689.0384521484375,,unavailable in GeoTIFF; band index reported
upload_f3b95c9c-Z0815,5,50,1658.076904296875,,unavailable in GeoTIFF; band index reported
upload_f3b95c9c-Z0815,5,51,1654.0384521484375,4023.527760350648,unavailable in GeoTIFF; band index reported
upload_f3b95c9c-Z0815,5,52,1681.269287109375,,unavailable in GeoTIFF; band index reported
upload_f3b95c9c-Z0815,5,53,1678.1153564453125,,unavailable in GeoTIFF; band index reported
upload_f3b95c9c-Z0815,5,54,1661.34619140625,,unavailable in GeoTIFF; band index reported
upload_f3b95c9c-Z0815,5,55,1662.1922607421875,,unavailable in GeoTIFF; band index reported
upload_f3b95c9c-Z0815,5,56,1708.9615478515625,,unavailable in GeoTIFF; band index reported
upload_f3b95c9c-Z0815,5,57,1743.0,,unavailable in GeoTIFF; band index reported
upload_f3b95c9c-Z0815,5,58,1698.5384521484375,4102.57972895471,unavailable in GeoTIFF; band index reported
upload_f3b95c9c-Z0815,5,59,1664.423095703125,,unavailable in GeoTIFF; band index reported
upload_f3b95c9c-Z0815,5,60,1599.34619140625,,unavailable in GeoTIFF; band index reported
upload_f3b95c9c-Z0815,5,61,1586.9615478515625,,unavailable in GeoTIFF; band index reported
upload_f3b95c9c-Z0815,5,62,1380.6153564453125,,unavailable in GeoTIFF; band index reported
upload_f3b95c9c-Z0815,5,63,1670.3846435546875,,unavailable in GeoTIFF; band index reported
upload_f3b95c9c-Z0815,5,64,1645.769287109375,,unavailable in GeoTIFF; band index reported
upload_f3b95c9c-Z0815,5,65,1645.9615478515625,4065.0446674384852,unavailable in GeoTIFF; band index reported
upload_f3b95c9c-Z0815,5,66,1659.3846435546875,,unavailable in GeoTIFF; band index reported
upload_f3b95c9c-Z0815,5,67,1662.5,,unavailable in GeoTIFF; band index reported
upload_f3b95c9c-Z0815,5,68,1670.0384521484375,,unavailable in GeoTIFF; band index reported
upload_f3b95c9c-Z0815,5,69,1716.1153564453125,,unavailable in GeoTIFF; band index reported
upload_f3b95c9c-Z0815,5,70,1702.6922607421875,,unavailable in GeoTIFF; band index reported
upload_f3b95c9c-Z0815,5,71,1687.923095703125,,unavailable in GeoTIFF; band index reported
upload_f3b95c9c-Z0815,5,72,1684.6922607421875,4050.215776525129,unavailable in GeoTIFF; band index reported
upload_f3b95c9c-Z0815,5,73,1632.576904296875,,unavailable in GeoTIFF; band index reported
upload_f3b95c9c-Z0815,5,74,1646.4615478515625,,unavailable in GeoTIFF; band index reported
upload_f3b95c9c-Z0815,5,75,1644.15380859375,,unavailable in GeoTIFF; band index reported
upload_f3b95c9c-Z0815,5,76,1626.0384521484375,,unavailable in GeoTIFF; band index reported
upload_f3b95c9c-Z0815,5,77,1650.5384521484375,,unavailable in GeoTIFF; band index reported
upload_f3b95c9c-Z0815,5,78,1630.0384521484375,,unavailable in GeoTIFF; band index reported
upload_f3b95c9c-Z0815,5,79,1691.923095703125,,unavailable in GeoTIFF; band index reported
upload_f3b95c9c-Z0815,5,80,1796.84619140625,4184.484206899644,unavailable in GeoTIFF; band index reported
upload_f3b95c9c-Z0815,5,81,1647.3077392578125,,unavailable in GeoTIFF; band index reported
upload_f3b95c9c-Z0815,5,82,1798.6153564453125,,unavailable in GeoTIFF; band index reported
upload_f3b95c9c-Z0815,5,83,1611.5,,unavailable in GeoTIFF; band index reported
upload_f3b95c9c-Z0815,5,84,1619.076904296875,,unavailable in GeoTIFF; band index reported
upload_f3b95c9c-Z0815,5,85,1828.5384521484375,,unavailable in GeoTIFF; band index reported
upload_f3b95c9c-Z0815,5,86,1703.423095703125,,unavailable in GeoTIFF; band index reported
upload_f3b95c9c-Z0815,5,87,1839.5384521484375,4217.572870382801,unavailable in GeoTIFF; band index reported
upload_f3b95c9c-Z0815,5,88,1532.769287109375,,unavailable in GeoTIFF; band index reported
upload_f3b95c9c-Z0815,5,89,1851.4615478515625,,unavailable in GeoTIFF; band index reported
upload_f3b95c9c-Z0815,5,90,1504.3077392578125,,unavailable in GeoTIFF; band index reported
upload_f3b95c9c-Z0815,5,91,1889.6922607421875,,unavailable in GeoTIFF; band index reported
upload_f3b95c9c-Z0815,5,92,1475.5384521484375,,unavailable in GeoTIFF; band index reported
upload_f3b95c9c-Z0815,5,93,1476.3077392578125,,unavailable in GeoTIFF; band index reported
upload_f3b95c9c-Z0815,5,94,1900.3077392578125,4333.966700834949,unavailable in GeoTIFF; band index reported
upload_f3b95c9c-Z0815,5,95,1566.076904296875,,unavailable in GeoTIFF; band index reported
upload_f3b95c9c-Z0815,5,96,1810.8077392578125,,unavailable in GeoTIFF; band index reported
upload_f3b95c9c-Z0815,5,97,1465.1922607421875,,unavailable in GeoTIFF; band index reported
upload_f3b95c9c-Z0815,5,98,1782.5,,unavailable in GeoTIFF; band index reported
upload_f3b95c9c-Z0815,5,99,1482.9615478515625,,unavailable in GeoTIFF; band index reported
upload_f3b95c9c-Z0815,5,100,1728.65380859375,,unavailable in GeoTIFF; band index reported
upload_f3b95c9c-Z0815,5,101,1431.8846435546875,3757.180979821616,unavailable in GeoTIFF; band index reported
upload_f3b95c9c-Z0815,5,102,1710.9615478515625,,unavailable in GeoTIFF; band index reported
upload_f3b95c9c-Z0815,5,103,1694.0384521484375,,unavailable in GeoTIFF; band index reported
upload_f3b95c9c-Z0815,5,104,1682.6922607421875,,unavailable in GeoTIFF; band index reported
upload_f3b95c9c-Z0815,5,105,1679.5384521484375,,unavailable in GeoTIFF; band index reported
upload_f3b95c9c-Z0815,5,106,1664.269287109375,,unavailable in GeoTIFF; band index reported
upload_f3b95c9c-Z0815,5,107,1666.230712890625,,unavailable in GeoTIFF; band index reported
upload_f3b95c9c-Z0815,5,108,1680.8077392578125,4119.44470923602,unavailable in GeoTIFF; band index reported
upload_f3b95c9c-Z0815,5,109,1702.076904296875,,unavailable in GeoTIFF; band index reported
upload_f3b95c9c-Z0815,5,110,1715.5384521484375,,unavailable in GeoTIFF; band index reported
upload_f3b95c9c-Z0815,5,111,1790.576904296875,,unavailable in GeoTIFF; band index reported
upload_f3b95c9c-Z0815,5,112,1852.076904296875,,unavailable in GeoTIFF; band index reported
upload_f3b95c9c-Z0815,5,113,1784.65380859375,,unavailable in GeoTIFF; band index reported
upload_f3b95c9c-Z0815,5,114,1729.923095703125,,unavailable in GeoTIFF; band index reported
upload_f3b95c9c-Z0815,5,115,1844.769287109375,,unavailable in GeoTIFF; band index reported
upload_f3b95c9c-Z0815,5,116,1811.8077392578125,4264.452026303014,unavailable in GeoTIFF; band index reported
upload_f3b95c9c-Z0815,5,117,1691.34619140625,,unavailable in GeoTIFF; band index reported
upload_f3b95c9c-Z0815,5,118,1637.769287109375,,unavailable in GeoTIFF; band index reported
upload_f3b95c9c-Z0815,5,119,1602.34619140625,,unavailable in GeoTIFF; band index reported
upload_f3b95c9c-Z0815,5,120,1579.15380859375,,unavailable in GeoTIFF; band index reported
upload_f3b95c9c-Z0815,5,121,1547.923095703125,,unavailable in GeoTIFF; band index reported
upload_f3b95c9c-Z0815,5,122,1524.923095703125,,unavailable in GeoTIFF; band index reported
upload_f3b95c9c-Z0815,5,123,1510.923095703125,3638.128168835215,unavailable in GeoTIFF; band index reported
upload_f3b95c9c-Z0815,5,124,1490.8077392578125,,unavailable in GeoTIFF; band index reported
upload_f3b95c9c-Z0815,5,125,1550.84619140625,,unavailable in GeoTIFF; band index reported
upload_f3b95c9c-Z0815,5,126,1559.269287109375,,unavailable in GeoTIFF; band index reported
upload_f3b95c9c-Z0815,5,127,1582.15380859375,,unavailable in GeoTIFF; band index reported
upload_f3b95c9c-Z0815,5,128,1604.6922607421875,,unavailable in GeoTIFF; band index reported
upload_f3b95c9c-Z0815,5,129,1648.3077392578125,,unavailable in GeoTIFF; band index reported
upload_f3b95c9c-Z0815,5,130,1668.269287109375,3697.105728725079,unavailable in GeoTIFF; band index reported
upload_f3b95c9c-Z0815,5,131,-32768.0,,unavailable in GeoTIFF; band index reported
upload_f3b95c9c-Z0815,5,132,-32768.0,,unavailable in GeoTIFF; band index reported
upload_f3b95c9c-Z0815,5,133,-32768.0,,unavailable in GeoTIFF; band index reported
upload_f3b95c9c-Z0815,5,134,-32768.0,,unavailable in GeoTIFF; band index reported
upload_f3b95c9c-Z0815,5,135,-32768.0,,unavailable in GeoTIFF; band index reported
upload_f3b95c9c-Z0815,5,136,1157.5,,unavailable in GeoTIFF; band index reported
upload_f3b95c9c-Z0815,5,137,991.923095703125,1385.8706168393314,unavailable in GeoTIFF; band index reported
upload_f3b95c9c-Z0815,5,138,845.5384521484375,,unavailable in GeoTIFF; band index reported
upload_f3b95c9c-Z0815,5,139,781.3461303710938,,unavailable in GeoTIFF; band index reported
upload_f3b95c9c-Z0815,5,140,758.423095703125,,unavailable in GeoTIFF; band index reported
upload_f3b95c9c-Z0815,5,141,742.6923217773438,,unavailable in GeoTIFF; band index reported
upload_f3b95c9c-Z0815,5,142,754.6538696289062,,unavailable in GeoTIFF; band index reported
upload_f3b95c9c-Z0815,5,143,756.1923217773438,,unavailable in GeoTIFF; band index reported
upload_f3b95c9c-Z0815,5,144,770.8846435546875,1146.0124725007981,unavailable in GeoTIFF; band index reported
upload_f3b95c9c-Z0815,5,145,806.1538696289062,,unavailable in GeoTIFF; band index reported
upload_f3b95c9c-Z0815,5,146,825.9615478515625,,unavailable in GeoTIFF; band index reported
upload_f3b95c9c-Z0815,5,147,873.6538696289062,,unavailable in GeoTIFF; band index reported
upload_f3b95c9c-Z0815,5,148,898.3461303710938,,unavailable in GeoTIFF; band index reported
upload_f3b95c9c-Z0815,5,149,923.8846435546875,,unavailable in GeoTIFF; band index reported
upload_f3b95c9c-Z0815,5,150,959.3846435546875,,unavailable in GeoTIFF; band index reported
upload_f3b95c9c-Z0815,5,151,972.0,,unavailable in GeoTIFF; band index reported
upload_f3b95c9c-Z0815,5,152,992.1923217773438,1713.2995919812897,unavailable in GeoTIFF; band index reported
upload_f3b95c9c-Z0815,5,153,1009.1923217773438,,unavailable in GeoTIFF; band index reported
upload_f3b95c9c-Z0815,5,154,1035.3077392578125,,unavailable in GeoTIFF; band index reported
upload_f3b95c9c-Z0815,5,155,1067.6922607421875,,unavailable in GeoTIFF; band index reported
upload_f3b95c9c-Z0815,5,156,1078.076904296875,,unavailable in GeoTIFF; band index reported
upload_f3b95c9c-Z0815,5,157,1133.076904296875,,unavailable in GeoTIFF; band index reported
upload_f3b95c9c-Z0815,5,158,1139.923095703125,,unavailable in GeoTIFF; band index reported
upload_f3b95c9c-Z0815,5,159,1172.15380859375,2111.832854444975,unavailable in GeoTIFF; band index reported
upload_f3b95c9c-Z0815,5,160,1211.923095703125,,unavailable in GeoTIFF; band index reported
upload_f3b95c9c-Z0815,5,161,1194.34619140625,,unavailable in GeoTIFF; band index reported
upload_f3b95c9c-Z0815,5,162,1215.0,,unavailable in GeoTIFF; band index reported
upload_f3b95c9c-Z0815,5,163,1258.0,,unavailable in GeoTIFF; band index reported
upload_f3b95c9c-Z0815,5,164,1294.8846435546875,,unavailable in GeoTIFF; band index reported
upload_f3b95c9c-Z0815,5,165,1329.269287109375,,unavailable in GeoTIFF; band index reported
upload_f3b95c9c-Z0815,5,166,1375.0,2397.743743529186,unavailable in GeoTIFF; band index reported
upload_f3b95c9c-Z0815,5,167,646.2307739257812,,unavailable in GeoTIFF; band index reported
upload_f3b95c9c-Z0815,5,168,710.423095703125,,unavailable in GeoTIFF; band index reported
upload_f3b95c9c-Z0815,5,169,719.8076782226562,,unavailable in GeoTIFF; band index reported
upload_f3b95c9c-Z0815,5,170,671.423095703125,,unavailable in GeoTIFF; band index reported
upload_f3b95c9c-Z0815,5,171,446.8846130371094,,unavailable in GeoTIFF; band index reported
upload_f3b95c9c-Z0815,5,172,531.8461303710938,,unavailable in GeoTIFF; band index reported
upload_f3b95c9c-Z0815,5,173,745.076904296875,620.0160149725663,unavailable in GeoTIFF; band index reported
upload_f3b95c9c-Z0815,5,174,755.9615478515625,,unavailable in GeoTIFF; band index reported
upload_f3b95c9c-Z0815,5,175,764.7692260742188,,unavailable in GeoTIFF; band index reported
upload_f3b95c9c-Z0815,5,176,688.8846435546875,,unavailable in GeoTIFF; band index reported
upload_f3b95c9c-Z0815,5,177,685.0384521484375,,unavailable in GeoTIFF; band index reported
upload_f3b95c9c-Z0815,5,178,726.923095703125,,unavailable in GeoTIFF; band index reported
upload_f3b95c9c-Z0815,5,179,821.5384521484375,,unavailable in GeoTIFF; band index reported
upload_f3b95c9c-Z0815,5,180,838.8461303710938,814.1379422466697,unavailable in GeoTIFF; band index reported
upload_f3b95c9c-Z0815,5,181,831.0384521484375,,unavailable in GeoTIFF; band index reported
upload_f3b95c9c-Z0815,5,182,851.6153564453125,,unavailable in GeoTIFF; band index reported
upload_f3b95c9c-Z0815,5,183,865.6538696289062,,unavailable in GeoTIFF; band index reported
upload_f3b95c9c-Z0815,5,184,875.3846435546875,,unavailable in GeoTIFF; band index reported
upload_f3b95c9c-Z0815,5,185,910.9615478515625,,unavailable in GeoTIFF; band index reported
upload_f3b95c9c-Z0815,5,186,935.3076782226562,,unavailable in GeoTIFF; band index reported
upload_f3b95c9c-Z0815,5,187,951.5,,unavailable in GeoTIFF; band index reported
upload_f3b95c9c-Z0815,5,188,974.4615478515625,1354.1786441418403,unavailable in GeoTIFF; band index reported
upload_f3b95c9c-Z0815,5,189,993.423095703125,,unavailable in GeoTIFF; band index reported
upload_f3b95c9c-Z0815,5,190,1016.423095703125,,unavailable in GeoTIFF; band index reported
upload_f3b95c9c-Z0815,5,191,1031.34619140625,,unavailable in GeoTIFF; band index reported
upload_f3b95c9c-Z0815,5,192,1040.769287109375,,unavailable in GeoTIFF; band index reported
upload_f3b95c9c-Z0815,5,193,1037.15380859375,,unavailable in GeoTIFF; band index reported
upload_f3b95c9c-Z0815,5,194,1062.423095703125,,unavailable in GeoTIFF; band index reported
upload_f3b95c9c-Z0815,5,195,1080.6153564453125,1766.3885489005581,unavailable in GeoTIFF; band index reported
upload_f3b95c9c-Z0815,5,196,1081.3077392578125,,unavailable in GeoTIFF; band index reported
upload_f3b95c9c-Z0815,5,197,1079.0384521484375,,unavailable in GeoTIFF; band index reported
upload_f3b95c9c-Z0815,5,198,1054.423095703125,,unavailable in GeoTIFF; band index reported
upload_f3b95c9c-Z0815,5,199,1017.4615478515625,,unavailable in GeoTIFF; band index reported
upload_f3b95c9c-Z0815,5,200,994.8076782226562,,unavailable in GeoTIFF; band index reported
upload_f3b95c9c-Z0815,5,201,998.423095703125,,unavailable in GeoTIFF; band index reported
upload_f3b95c9c-Z0815,5,202,979.5384521484375,1708.6980116632828,unavailable in GeoTIFF; band index reported
upload_f3b95c9c-Z0815,5,203,955.9615478515625,,unavailable in GeoTIFF; band index reported
upload_f3b95c9c-Z0815,5,204,929.3846435546875,,unavailable in GeoTIFF; band index reported
upload_f3b95c9c-Z0815,5,205,881.6153564453125,,unavailable in GeoTIFF; band index reported
upload_f3b95c9c-Z0815,5,206,845.1538696289062,,unavailable in GeoTIFF; band index reported
upload_f3b95c9c-Z0815,5,207,808.7307739257812,,unavailable in GeoTIFF; band index reported
upload_f3b95c9c-Z0815,5,208,789.0384521484375,,unavailable in GeoTIFF; band index reported
upload_f3b95c9c-Z0815,5,209,742.6153564453125,1205.8682828381327,unavailable in GeoTIFF; band index reported
upload_f3b95c9c-Z0815,5,210,718.8461303710938,,unavailable in GeoTIFF; band index reported
upload_f3b95c9c-Z0815,5,211,699.2692260742188,,unavailable in GeoTIFF; band index reported
upload_f3b95c9c-Z0815,5,212,708.8461303710938,,unavailable in GeoTIFF; band index reported
upload_f3b95c9c-Z0815,5,213,700.8461303710938,,unavailable in GeoTIFF; band index reported
upload_f3b95c9c-Z0815,5,214,684.8846435546875,,unavailable in GeoTIFF; band index reported
upload_f3b95c9c-Z0815,5,215,724.576904296875,,unavailable in GeoTIFF; band index reported
upload_f3b95c9c-Z0815,5,216,724.423095703125,972.0827768821342,unavailable in GeoTIFF; band index reported
upload_f3b95c9c-Z0815,5,217,700.6153564453125,,unavailable in GeoTIFF; band index reported
upload_f3b95c9c-Z0815,5,218,676.576904296875,,unavailable in GeoTIFF; band index reported
upload_f3b95c9c-Z0815,5,219,715.6538696289062,,unavailable in GeoTIFF; band index reported
upload_f3b95c9c-Z0815,5,220,709.0384521484375,,unavailable in GeoTIFF; band index reported
upload_f3b95c9c-Z0815,5,221,670.6923217773438,,unavailable in GeoTIFF; band index reported
upload_f3b95c9c-Z0815,5,222,640.9615478515625,,unavailable in GeoTIFF; band index reported
upload_f3b95c9c-Z0815,5,223,661.0384521484375,,unavailable in GeoTIFF; band index reported
upload_f3b95c9c-Z0815,5,224,675.8846435546875,725.5769590304819,unavailable in GeoTIFF; band index reported
upload_f3b95c9c-Z0791,6,1,2556.84619140625,3903.5687642480493,unavailable in GeoTIFF; band index reported
upload_f3b95c9c-Z0791,6,2,2590.634521484375,,unavailable in GeoTIFF; band index reported
upload_f3b95c9c-Z0791,6,3,2693.384521484375,,unavailable in GeoTIFF; band index reported
upload_f3b95c9c-Z0791,6,4,2750.884521484375,,unavailable in GeoTIFF; band index reported
upload_f3b95c9c-Z0791,6,5,2840.90380859375,,unavailable in GeoTIFF; band index reported
upload_f3b95c9c-Z0791,6,6,2894.5,,unavailable in GeoTIFF; band index reported
upload_f3b95c9c-Z0791,6,7,2973.230712890625,,unavailable in GeoTIFF; band index reported
upload_f3b95c9c-Z0791,6,8,3025.65380859375,3925.551270116211,unavailable in GeoTIFF; band index reported
upload_f3b95c9c-Z0791,6,9,3076.884521484375,,unavailable in GeoTIFF; band index reported
upload_f3b95c9c-Z0791,6,10,3119.230712890625,,unavailable in GeoTIFF; band index reported
upload_f3b95c9c-Z0791,6,11,3156.4423828125,,unavailable in GeoTIFF; band index reported
upload_f3b95c9c-Z0791,6,12,3154.96142578125,,unavailable in GeoTIFF; band index reported
upload_f3b95c9c-Z0791,6,13,3183.78857421875,,unavailable in GeoTIFF; band index reported
upload_f3b95c9c-Z0791,6,14,3250.269287109375,,unavailable in GeoTIFF; band index reported
upload_f3b95c9c-Z0791,6,15,3312.480712890625,3942.6649578306146,unavailable in GeoTIFF; band index reported
upload_f3b95c9c-Z0791,6,16,3315.75,,unavailable in GeoTIFF; band index reported
upload_f3b95c9c-Z0791,6,17,3364.59619140625,,unavailable in GeoTIFF; band index reported
upload_f3b95c9c-Z0791,6,18,3405.5,,unavailable in GeoTIFF; band index reported
upload_f3b95c9c-Z0791,6,19,3453.134521484375,,unavailable in GeoTIFF; band index reported
upload_f3b95c9c-Z0791,6,20,3520.71142578125,,unavailable in GeoTIFF; band index reported
upload_f3b95c9c-Z0791,6,21,3604.3076171875,,unavailable in GeoTIFF; band index reported
upload_f3b95c9c-Z0791,6,22,3658.09619140625,3933.650157834212,unavailable in GeoTIFF; band index reported
upload_f3b95c9c-Z0791,6,23,3694.90380859375,,unavailable in GeoTIFF; band index reported
upload_f3b95c9c-Z0791,6,24,3756.03857421875,,unavailable in GeoTIFF; band index reported
upload_f3b95c9c-Z0791,6,25,3810.326904296875,,unavailable in GeoTIFF; band index reported
upload_f3b95c9c-Z0791,6,26,3886.09619140625,,unavailable in GeoTIFF; band index reported
upload_f3b95c9c-Z0791,6,27,3953.980712890625,,unavailable in GeoTIFF; band index reported
upload_f3b95c9c-Z0791,6,28,4007.576904296875,,unavailable in GeoTIFF; band index reported
upload_f3b95c9c-Z0791,6,29,4059.730712890625,3930.7107380000457,unavailable in GeoTIFF; band index reported
upload_f3b95c9c-Z0791,6,30,4086.40380859375,,unavailable in GeoTIFF; band index reported
upload_f3b95c9c-Z0791,6,31,4123.48095703125,,unavailable in GeoTIFF; band index reported
upload_f3b95c9c-Z0791,6,32,4135.8271484375,,unavailable in GeoTIFF; band index reported
upload_f3b95c9c-Z0791,6,33,4126.8076171875,,unavailable in GeoTIFF; band index reported
upload_f3b95c9c-Z0791,6,34,4241.4423828125,,unavailable in GeoTIFF; band index reported
upload_f3b95c9c-Z0791,6,35,4237.365234375,,unavailable in GeoTIFF; band index reported
upload_f3b95c9c-Z0791,6,36,4234.90380859375,3910.678847702552,unavailable in GeoTIFF; band index reported
upload_f3b95c9c-Z0791,6,37,4282.5,,unavailable in GeoTIFF; band index reported
upload_f3b95c9c-Z0791,6,38,4310.3271484375,,unavailable in GeoTIFF; band index reported
upload_f3b95c9c-Z0791,6,39,4350.09619140625,,unavailable in GeoTIFF; band index reported
upload_f3b95c9c-Z0791,6,40,4342.884765625,,unavailable in GeoTIFF; band index reported
upload_f3b95c9c-Z0791,6,41,4386.73095703125,,unavailable in GeoTIFF; band index reported
upload_f3b95c9c-Z0791,6,42,4379.884765625,,unavailable in GeoTIFF; band index reported
upload_f3b95c9c-Z0791,6,43,4398.03857421875,,unavailable in GeoTIFF; band index reported
upload_f3b95c9c-Z0791,6,44,4461.365234375,4004.6816681009223,unavailable in GeoTIFF; band index reported
upload_f3b95c9c-Z0791,6,45,4461.5771484375,,unavailable in GeoTIFF; band index reported
upload_f3b95c9c-Z0791,6,46,4449.8076171875,,unavailable in GeoTIFF; band index reported
upload_f3b95c9c-Z0791,6,47,4499.23095703125,,unavailable in GeoTIFF; band index reported
upload_f3b95c9c-Z0791,6,48,4522.65380859375,,unavailable in GeoTIFF; band index reported
upload_f3b95c9c-Z0791,6,49,4539.8076171875,,unavailable in GeoTIFF; band index reported
upload_f3b95c9c-Z0791,6,50,4571.4423828125,,unavailable in GeoTIFF; band index reported
upload_f3b95c9c-Z0791,6,51,4593.40380859375,4023.527760350648,unavailable in GeoTIFF; band index reported
upload_f3b95c9c-Z0791,6,52,4572.71142578125,,unavailable in GeoTIFF; band index reported
upload_f3b95c9c-Z0791,6,53,4625.8076171875,,unavailable in GeoTIFF; band index reported
upload_f3b95c9c-Z0791,6,54,4623.76904296875,,unavailable in GeoTIFF; band index reported
upload_f3b95c9c-Z0791,6,55,4703.6728515625,,unavailable in GeoTIFF; band index reported
upload_f3b95c9c-Z0791,6,56,4718.01904296875,,unavailable in GeoTIFF; band index reported
upload_f3b95c9c-Z0791,6,57,4778.28857421875,,unavailable in GeoTIFF; band index reported
upload_f3b95c9c-Z0791,6,58,4769.26904296875,4102.57972895471,unavailable in GeoTIFF; band index reported
upload_f3b95c9c-Z0791,6,59,4747.3076171875,,unavailable in GeoTIFF; band index reported
upload_f3b95c9c-Z0791,6,60,4772.53857421875,,unavailable in GeoTIFF; band index reported
upload_f3b95c9c-Z0791,6,61,4876.23095703125,,unavailable in GeoTIFF; band index reported
upload_f3b95c9c-Z0791,6,62,4549.40380859375,,unavailable in GeoTIFF; band index reported
upload_f3b95c9c-Z0791,6,63,4775.634765625,,unavailable in GeoTIFF; band index reported
upload_f3b95c9c-Z0791,6,64,4829.53857421875,,unavailable in GeoTIFF; band index reported
upload_f3b95c9c-Z0791,6,65,4814.01904296875,4065.0446674384852,unavailable in GeoTIFF; band index reported
upload_f3b95c9c-Z0791,6,66,4790.96142578125,,unavailable in GeoTIFF; band index reported
upload_f3b95c9c-Z0791,6,67,4781.8271484375,,unavailable in GeoTIFF; band index reported
upload_f3b95c9c-Z0791,6,68,4853.134765625,,unavailable in GeoTIFF; band index reported
upload_f3b95c9c-Z0791,6,69,4879.40380859375,,unavailable in GeoTIFF; band index reported
upload_f3b95c9c-Z0791,6,70,4881.865234375,,unavailable in GeoTIFF; band index reported
upload_f3b95c9c-Z0791,6,71,4889.71142578125,,unavailable in GeoTIFF; band index reported
upload_f3b95c9c-Z0791,6,72,4845.134765625,4050.215776525129,unavailable in GeoTIFF; band index reported
upload_f3b95c9c-Z0791,6,73,4821.28857421875,,unavailable in GeoTIFF; band index reported
upload_f3b95c9c-Z0791,6,74,4842.8271484375,,unavailable in GeoTIFF; band index reported
upload_f3b95c9c-Z0791,6,75,4832.51904296875,,unavailable in GeoTIFF; band index reported
upload_f3b95c9c-Z0791,6,76,4823.0771484375,,unavailable in GeoTIFF; band index reported
upload_f3b95c9c-Z0791,6,77,4813.96142578125,,unavailable in GeoTIFF; band index reported
upload_f3b95c9c-Z0791,6,78,4748.15380859375,,unavailable in GeoTIFF; band index reported
upload_f3b95c9c-Z0791,6,79,4847.96142578125,,unavailable in GeoTIFF; band index reported
upload_f3b95c9c-Z0791,6,80,4978.59619140625,4184.484206899644,unavailable in GeoTIFF; band index reported
upload_f3b95c9c-Z0791,6,81,4804.5576171875,,unavailable in GeoTIFF; band index reported
upload_f3b95c9c-Z0791,6,82,4954.53857421875,,unavailable in GeoTIFF; band index reported
upload_f3b95c9c-Z0791,6,83,4729.65380859375,,unavailable in GeoTIFF; band index reported
upload_f3b95c9c-Z0791,6,84,4679.0576171875,,unavailable in GeoTIFF; band index reported
upload_f3b95c9c-Z0791,6,85,5074.3076171875,,unavailable in GeoTIFF; band index reported
upload_f3b95c9c-Z0791,6,86,5093.884765625,,unavailable in GeoTIFF; band index reported
upload_f3b95c9c-Z0791,6,87,5013.5771484375,4217.572870382801,unavailable in GeoTIFF; band index reported
upload_f3b95c9c-Z0791,6,88,4983.21142578125,,unavailable in GeoTIFF; band index reported
upload_f3b95c9c-Z0791,6,89,4806.28857421875,,unavailable in GeoTIFF; band index reported
upload_f3b95c9c-Z0791,6,90,4720.51904296875,,unavailable in GeoTIFF; band index reported
upload_f3b95c9c-Z0791,6,91,5026.53857421875,,unavailable in GeoTIFF; band index reported
upload_f3b95c9c-Z0791,6,92,4779.6728515625,,unavailable in GeoTIFF; band index reported
upload_f3b95c9c-Z0791,6,93,4823.09619140625,,unavailable in GeoTIFF; band index reported
upload_f3b95c9c-Z0791,6,94,5231.0576171875,4333.966700834949,unavailable in GeoTIFF; band index reported
upload_f3b95c9c-Z0791,6,95,4742.15380859375,,unavailable in GeoTIFF; band index reported
upload_f3b95c9c-Z0791,6,96,5114.25,,unavailable in GeoTIFF; band index reported
upload_f3b95c9c-Z0791,6,97,4716.23095703125,,unavailable in GeoTIFF; band index reported
upload_f3b95c9c-Z0791,6,98,5144.23095703125,,unavailable in GeoTIFF; band index reported
upload_f3b95c9c-Z0791,6,99,4773.53857421875,,unavailable in GeoTIFF; band index reported
upload_f3b95c9c-Z0791,6,100,5087.46142578125,,unavailable in GeoTIFF; band index reported
upload_f3b95c9c-Z0791,6,101,4744.0,3757.180979821616,unavailable in GeoTIFF; band index reported
upload_f3b95c9c-Z0791,6,102,5060.26904296875,,unavailable in GeoTIFF; band index reported
upload_f3b95c9c-Z0791,6,103,5073.78857421875,,unavailable in GeoTIFF; band index reported
upload_f3b95c9c-Z0791,6,104,5069.21142578125,,unavailable in GeoTIFF; band index reported
upload_f3b95c9c-Z0791,6,105,5067.884765625,,unavailable in GeoTIFF; band index reported
upload_f3b95c9c-Z0791,6,106,5056.9423828125,,unavailable in GeoTIFF; band index reported
upload_f3b95c9c-Z0791,6,107,5080.46142578125,,unavailable in GeoTIFF; band index reported
upload_f3b95c9c-Z0791,6,108,5128.71142578125,4119.44470923602,unavailable in GeoTIFF; band index reported
upload_f3b95c9c-Z0791,6,109,5158.8076171875,,unavailable in GeoTIFF; band index reported
upload_f3b95c9c-Z0791,6,110,5200.5,,unavailable in GeoTIFF; band index reported
upload_f3b95c9c-Z0791,6,111,5330.8271484375,,unavailable in GeoTIFF; band index reported
upload_f3b95c9c-Z0791,6,112,5388.40380859375,,unavailable in GeoTIFF; band index reported
upload_f3b95c9c-Z0791,6,113,4862.115234375,,unavailable in GeoTIFF; band index reported
upload_f3b95c9c-Z0791,6,114,4844.3076171875,,unavailable in GeoTIFF; band index reported
upload_f3b95c9c-Z0791,6,115,5303.0,,unavailable in GeoTIFF; band index reported
upload_f3b95c9c-Z0791,6,116,5500.5771484375,4264.452026303014,unavailable in GeoTIFF; band index reported
upload_f3b95c9c-Z0791,6,117,5265.3271484375,,unavailable in GeoTIFF; band index reported
upload_f3b95c9c-Z0791,6,118,5165.0771484375,,unavailable in GeoTIFF; band index reported
upload_f3b95c9c-Z0791,6,119,5101.23095703125,,unavailable in GeoTIFF; band index reported
upload_f3b95c9c-Z0791,6,120,5103.4228515625,,unavailable in GeoTIFF; band index reported
upload_f3b95c9c-Z0791,6,121,5081.4423828125,,unavailable in GeoTIFF; band index reported
upload_f3b95c9c-Z0791,6,122,5074.48095703125,,unavailable in GeoTIFF; band index reported
upload_f3b95c9c-Z0791,6,123,5060.25,3638.128168835215,unavailable in GeoTIFF; band index reported
upload_f3b95c9c-Z0791,6,124,4995.5771484375,,unavailable in GeoTIFF; band index reported
upload_f3b95c9c-Z0791,6,125,5112.21142578125,,unavailable in GeoTIFF; band index reported
upload_f3b95c9c-Z0791,6,126,5228.134765625,,unavailable in GeoTIFF; band index reported
upload_f3b95c9c-Z0791,6,127,5274.28857421875,,unavailable in GeoTIFF; band index reported
upload_f3b95c9c-Z0791,6,128,5318.365234375,,unavailable in GeoTIFF; band index reported
upload_f3b95c9c-Z0791,6,129,5272.98095703125,,unavailable in GeoTIFF; band index reported
upload_f3b95c9c-Z0791,6,130,5187.634765625,3697.105728725079,unavailable in GeoTIFF; band index reported
upload_f3b95c9c-Z0791,6,131,-32768.0,,unavailable in GeoTIFF; band index reported
upload_f3b95c9c-Z0791,6,132,-32768.0,,unavailable in GeoTIFF; band index reported
upload_f3b95c9c-Z0791,6,133,-32768.0,,unavailable in GeoTIFF; band index reported
upload_f3b95c9c-Z0791,6,134,-32768.0,,unavailable in GeoTIFF; band index reported
upload_f3b95c9c-Z0791,6,135,-32768.0,,unavailable in GeoTIFF; band index reported
upload_f3b95c9c-Z0791,6,136,3101.923095703125,,unavailable in GeoTIFF; band index reported
upload_f3b95c9c-Z0791,6,137,2890.5,1385.8706168393314,unavailable in GeoTIFF; band index reported
upload_f3b95c9c-Z0791,6,138,2815.46142578125,,unavailable in GeoTIFF; band index reported
upload_f3b95c9c-Z0791,6,139,2895.28857421875,,unavailable in GeoTIFF; band index reported
upload_f3b95c9c-Z0791,6,140,2933.40380859375,,unavailable in GeoTIFF; band index reported
upload_f3b95c9c-Z0791,6,141,2976.634521484375,,unavailable in GeoTIFF; band index reported
upload_f3b95c9c-Z0791,6,142,3043.673095703125,,unavailable in GeoTIFF; band index reported
upload_f3b95c9c-Z0791,6,143,3065.34619140625,,unavailable in GeoTIFF; band index reported
upload_f3b95c9c-Z0791,6,144,3122.28857421875,1146.0124725007981,unavailable in GeoTIFF; band index reported
upload_f3b95c9c-Z0791,6,145,3228.59619140625,,unavailable in GeoTIFF; band index reported
upload_f3b95c9c-Z0791,6,146,3315.865478515625,,unavailable in GeoTIFF; band index reported
upload_f3b95c9c-Z0791,6,147,3420.5576171875,,unavailable in GeoTIFF; band index reported
upload_f3b95c9c-Z0791,6,148,3542.53857421875,,unavailable in GeoTIFF; band index reported
upload_f3b95c9c-Z0791,6,149,3627.923095703125,,unavailable in GeoTIFF; band index reported
upload_f3b95c9c-Z0791,6,150,3711.5,,unavailable in GeoTIFF; band index reported
upload_f3b95c9c-Z0791,6,151,3774.980712890625,,unavailable in GeoTIFF; band index reported
upload_f3b95c9c-Z0791,6,152,3817.3076171875,1713.2995919812897,unavailable in GeoTIFF; band index reported
upload_f3b95c9c-Z0791,6,153,3833.0,,unavailable in GeoTIFF; band index reported
upload_f3b95c9c-Z0791,6,154,3936.4423828125,,unavailable in GeoTIFF; band index reported
upload_f3b95c9c-Z0791,6,155,3977.15380859375,,unavailable in GeoTIFF; band index reported
upload_f3b95c9c-Z0791,6,156,4072.730712890625,,unavailable in GeoTIFF; band index reported
upload_f3b95c9c-Z0791,6,157,4108.34619140625,,unavailable in GeoTIFF; band index reported
upload_f3b95c9c-Z0791,6,158,4193.65380859375,,unavailable in GeoTIFF; band index reported
upload_f3b95c9c-Z0791,6,159,4227.8076171875,2111.832854444975,unavailable in GeoTIFF; band index reported
upload_f3b95c9c-Z0791,6,160,4270.03857421875,,unavailable in GeoTIFF; band index reported
upload_f3b95c9c-Z0791,6,161,4319.15380859375,,unavailable in GeoTIFF; band index reported
upload_f3b95c9c-Z0791,6,162,4293.384765625,,unavailable in GeoTIFF; band index reported
upload_f3b95c9c-Z0791,6,163,4304.615234375,,unavailable in GeoTIFF; band index reported
upload_f3b95c9c-Z0791,6,164,4298.3271484375,,unavailable in GeoTIFF; band index reported
upload_f3b95c9c-Z0791,6,165,4388.51904296875,,unavailable in GeoTIFF; band index reported
upload_f3b95c9c-Z0791,6,166,4451.65380859375,2397.743743529186,unavailable in GeoTIFF; band index reported
upload_f3b95c9c-Z0791,6,167,1769.6922607421875,,unavailable in GeoTIFF; band index reported
upload_f3b95c9c-Z0791,6,168,1950.230712890625,,unavailable in GeoTIFF; band index reported
upload_f3b95c9c-Z0791,6,169,2003.0,,unavailable in GeoTIFF; band index reported
upload_f3b95c9c-Z0791,6,170,1876.230712890625,,unavailable in GeoTIFF; band index reported
upload_f3b95c9c-Z0791,6,171,1370.5577392578125,,unavailable in GeoTIFF; band index reported
upload_f3b95c9c-Z0791,6,172,1562.423095703125,,unavailable in GeoTIFF; band index reported
upload_f3b95c9c-Z0791,6,173,2332.365478515625,620.0160149725663,unavailable in GeoTIFF; band index reported
upload_f3b95c9c-Z0791,6,174,2386.1923828125,,unavailable in GeoTIFF; band index reported
upload_f3b95c9c-Z0791,6,175,2400.5,,unavailable in GeoTIFF; band index reported
upload_f3b95c9c-Z0791,6,176,2153.9423828125,,unavailable in GeoTIFF; band index reported
upload_f3b95c9c-Z0791,6,177,2154.884521484375,,unavailable in GeoTIFF; band index reported
upload_f3b95c9c-Z0791,6,178,2377.576904296875,,unavailable in GeoTIFF; band index reported
upload_f3b95c9c-Z0791,6,179,2693.0,,unavailable in GeoTIFF; band index reported
upload_f3b95c9c-Z0791,6,180,2733.28857421875,814.1379422466697,unavailable in GeoTIFF; band index reported
upload_f3b95c9c-Z0791,6,181,2740.0,,unavailable in GeoTIFF; band index reported
upload_f3b95c9c-Z0791,6,182,2789.09619140625,,unavailable in GeoTIFF; band index reported
upload_f3b95c9c-Z0791,6,183,2856.0576171875,,unavailable in GeoTIFF; band index reported
upload_f3b95c9c-Z0791,6,184,2931.9423828125,,unavailable in GeoTIFF; band index reported
upload_f3b95c9c-Z0791,6,185,3033.576904296875,,unavailable in GeoTIFF; band index reported
upload_f3b95c9c-Z0791,6,186,3123.3076171875,,unavailable in GeoTIFF; band index reported
upload_f3b95c9c-Z0791,6,187,3154.923095703125,,unavailable in GeoTIFF; band index reported
upload_f3b95c9c-Z0791,6,188,3205.634521484375,1354.1786441418403,unavailable in GeoTIFF; band index reported
upload_f3b95c9c-Z0791,6,189,3240.384521484375,,unavailable in GeoTIFF; band index reported
upload_f3b95c9c-Z0791,6,190,3296.84619140625,,unavailable in GeoTIFF; band index reported
upload_f3b95c9c-Z0791,6,191,3305.980712890625,,unavailable in GeoTIFF; band index reported
upload_f3b95c9c-Z0791,6,192,3344.1923828125,,unavailable in GeoTIFF; band index reported
upload_f3b95c9c-Z0791,6,193,3260.865478515625,,unavailable in GeoTIFF; band index reported
upload_f3b95c9c-Z0791,6,194,3336.326904296875,,unavailable in GeoTIFF; band index reported
upload_f3b95c9c-Z0791,6,195,3359.90380859375,1766.3885489005581,unavailable in GeoTIFF; band index reported
upload_f3b95c9c-Z0791,6,196,3416.09619140625,,unavailable in GeoTIFF; band index reported
upload_f3b95c9c-Z0791,6,197,3444.75,,unavailable in GeoTIFF; band index reported
upload_f3b95c9c-Z0791,6,198,3451.8076171875,,unavailable in GeoTIFF; band index reported
upload_f3b95c9c-Z0791,6,199,3434.769287109375,,unavailable in GeoTIFF; band index reported
upload_f3b95c9c-Z0791,6,200,3402.9423828125,,unavailable in GeoTIFF; band index reported
upload_f3b95c9c-Z0791,6,201,3370.53857421875,,unavailable in GeoTIFF; band index reported
upload_f3b95c9c-Z0791,6,202,3317.076904296875,1708.6980116632828,unavailable in GeoTIFF; band index reported
upload_f3b95c9c-Z0791,6,203,3258.884521484375,,unavailable in GeoTIFF; band index reported
upload_f3b95c9c-Z0791,6,204,3156.84619140625,,unavailable in GeoTIFF; band index reported
upload_f3b95c9c-Z0791,6,205,3024.115478515625,,unavailable in GeoTIFF; band index reported
upload_f3b95c9c-Z0791,6,206,2949.134521484375,,unavailable in GeoTIFF; band index reported
upload_f3b95c9c-Z0791,6,207,2828.923095703125,,unavailable in GeoTIFF; band index reported
upload_f3b95c9c-Z0791,6,208,2827.0,,unavailable in GeoTIFF; band index reported
upload_f3b95c9c-Z0791,6,209,2681.230712890625,1205.8682828381327,unavailable in GeoTIFF; band index reported
upload_f3b95c9c-Z0791,6,210,2566.71142578125,,unavailable in GeoTIFF; band index reported
upload_f3b95c9c-Z0791,6,211,2500.75,,unavailable in GeoTIFF; band index reported
upload_f3b95c9c-Z0791,6,212,2489.96142578125,,unavailable in GeoTIFF; band index reported
upload_f3b95c9c-Z0791,6,213,2433.8076171875,,unavailable in GeoTIFF; band index reported
upload_f3b95c9c-Z0791,6,214,2339.865478515625,,unavailable in GeoTIFF; band index reported
upload_f3b95c9c-Z0791,6,215,2390.269287109375,,unavailable in GeoTIFF; band index reported
upload_f3b95c9c-Z0791,6,216,2338.076904296875,972.0827768821342,unavailable in GeoTIFF; band index reported
upload_f3b95c9c-Z0791,6,217,2241.576904296875,,unavailable in GeoTIFF; band index reported
upload_f3b95c9c-Z0791,6,218,2158.59619140625,,unavailable in GeoTIFF; band index reported
upload_f3b95c9c-Z0791,6,219,2140.865478515625,,unavailable in GeoTIFF; band index reported
upload_f3b95c9c-Z0791,6,220,2029.019287109375,,unavailable in GeoTIFF; band index reported
upload_f3b95c9c-Z0791,6,221,1914.480712890625,,unavailable in GeoTIFF; band index reported
upload_f3b95c9c-Z0791,6,222,1822.576904296875,,unavailable in GeoTIFF; band index reported
upload_f3b95c9c-Z0791,6,223,1791.9422607421875,,unavailable in GeoTIFF; band index reported
upload_f3b95c9c-Z0791,6,224,1748.980712890625,725.5769590304819,unavailable in GeoTIFF; band index reported
upload_f3b95c9c-Z0828,7,1,2641.083251953125,3903.5687642480493,unavailable in GeoTIFF; band index reported
upload_f3b95c9c-Z0828,7,2,2601.03759765625,,unavailable in GeoTIFF; band index reported
upload_f3b95c9c-Z0828,7,3,2658.0791015625,,unavailable in GeoTIFF; band index reported
upload_f3b95c9c-Z0828,7,4,2659.237548828125,,unavailable in GeoTIFF; band index reported
upload_f3b95c9c-Z0828,7,5,2695.495849609375,,unavailable in GeoTIFF; band index reported
upload_f3b95c9c-Z0828,7,6,2709.60009765625,,unavailable in GeoTIFF; band index reported
upload_f3b95c9c-Z0828,7,7,2746.05419921875,,unavailable in GeoTIFF; band index reported
upload_f3b95c9c-Z0828,7,8,2773.845947265625,3925.551270116211,unavailable in GeoTIFF; band index reported
upload_f3b95c9c-Z0828,7,9,2767.07080078125,,unavailable in GeoTIFF; band index reported
upload_f3b95c9c-Z0828,7,10,2812.770751953125,,unavailable in GeoTIFF; band index reported
upload_f3b95c9c-Z0828,7,11,2802.7333984375,,unavailable in GeoTIFF; band index reported
upload_f3b95c9c-Z0828,7,12,2781.824951171875,,unavailable in GeoTIFF; band index reported
upload_f3b95c9c-Z0828,7,13,2789.933349609375,,unavailable in GeoTIFF; band index reported
upload_f3b95c9c-Z0828,7,14,2836.708251953125,,unavailable in GeoTIFF; band index reported
upload_f3b95c9c-Z0828,7,15,2863.112548828125,3942.6649578306146,unavailable in GeoTIFF; band index reported
upload_f3b95c9c-Z0828,7,16,2857.5625,,unavailable in GeoTIFF; band index reported
upload_f3b95c9c-Z0828,7,17,2875.091552734375,,unavailable in GeoTIFF; band index reported
upload_f3b95c9c-Z0828,7,18,2898.466552734375,,unavailable in GeoTIFF; band index reported
upload_f3b95c9c-Z0828,7,19,2895.0458984375,,unavailable in GeoTIFF; band index reported
upload_f3b95c9c-Z0828,7,20,2937.96240234375,,unavailable in GeoTIFF; band index reported
upload_f3b95c9c-Z0828,7,21,2991.495849609375,,unavailable in GeoTIFF; band index reported
upload_f3b95c9c-Z0828,7,22,3003.2333984375,3933.650157834212,unavailable in GeoTIFF; band index reported
upload_f3b95c9c-Z0828,7,23,3023.82080078125,,unavailable in GeoTIFF; band index reported
upload_f3b95c9c-Z0828,7,24,3040.720947265625,,unavailable in GeoTIFF; band index reported
upload_f3b95c9c-Z0828,7,25,3069.933349609375,,unavailable in GeoTIFF; band index reported
upload_f3b95c9c-Z0828,7,26,3120.354248046875,,unavailable in GeoTIFF; band index reported
upload_f3b95c9c-Z0828,7,27,3130.979248046875,,unavailable in GeoTIFF; band index reported
upload_f3b95c9c-Z0828,7,28,3151.645751953125,,unavailable in GeoTIFF; band index reported
upload_f3b95c9c-Z0828,7,29,3176.379150390625,3930.7107380000457,unavailable in GeoTIFF; band index reported
upload_f3b95c9c-Z0828,7,30,3193.254150390625,,unavailable in GeoTIFF; band index reported
upload_f3b95c9c-Z0828,7,31,3219.216552734375,,unavailable in GeoTIFF; band index reported
upload_f3b95c9c-Z0828,7,32,3206.362548828125,,unavailable in GeoTIFF; band index reported
upload_f3b95c9c-Z0828,7,33,3188.5791015625,,unavailable in GeoTIFF; band index reported
upload_f3b95c9c-Z0828,7,34,3260.574951171875,,unavailable in GeoTIFF; band index reported
upload_f3b95c9c-Z0828,7,35,3262.60009765625,,unavailable in GeoTIFF; band index reported
upload_f3b95c9c-Z0828,7,36,3262.60009765625,3910.678847702552,unavailable in GeoTIFF; band index reported
upload_f3b95c9c-Z0828,7,37,3284.41259765625,,unavailable in GeoTIFF; band index reported
upload_f3b95c9c-Z0828,7,38,3297.466552734375,,unavailable in GeoTIFF; band index reported
upload_f3b95c9c-Z0828,7,39,3306.354248046875,,unavailable in GeoTIFF; band index reported
upload_f3b95c9c-Z0828,7,40,3309.291748046875,,unavailable in GeoTIFF; band index reported
upload_f3b95c9c-Z0828,7,41,3333.0791015625,,unavailable in GeoTIFF; band index reported
upload_f3b95c9c-Z0828,7,42,3309.36669921875,,unavailable in GeoTIFF; band index reported
upload_f3b95c9c-Z0828,7,43,3311.916748046875,,unavailable in GeoTIFF; band index reported
upload_f3b95c9c-Z0828,7,44,3370.66259765625,4004.6816681009223,unavailable in GeoTIFF; band index reported
upload_f3b95c9c-Z0828,7,45,3373.270751953125,,unavailable in GeoTIFF; band index reported
upload_f3b95c9c-Z0828,7,46,3366.862548828125,,unavailable in GeoTIFF; band index reported
upload_f3b95c9c-Z0828,7,47,3384.845947265625,,unavailable in GeoTIFF; band index reported
upload_f3b95c9c-Z0828,7,48,3411.8916015625,,unavailable in GeoTIFF; band index reported
upload_f3b95c9c-Z0828,7,49,3414.27490234375,,unavailable in GeoTIFF; band index reported
upload_f3b95c9c-Z0828,7,50,3430.904052734375,,unavailable in GeoTIFF; band index reported
upload_f3b95c9c-Z0828,7,51,3414.479248046875,4023.527760350648,unavailable in GeoTIFF; band index reported
upload_f3b95c9c-Z0828,7,52,3400.25830078125,,unavailable in GeoTIFF; band index reported
upload_f3b95c9c-Z0828,7,53,3451.658447265625,,unavailable in GeoTIFF; band index reported
upload_f3b95c9c-Z0828,7,54,3451.854248046875,,unavailable in GeoTIFF; band index reported
upload_f3b95c9c-Z0828,7,55,3487.745849609375,,unavailable in GeoTIFF; band index reported
upload_f3b95c9c-Z0828,7,56,3482.83740234375,,unavailable in GeoTIFF; band index reported
upload_f3b95c9c-Z0828,7,57,3524.300048828125,,unavailable in GeoTIFF; band index reported
upload_f3b95c9c-Z0828,7,58,3518.137451171875,4102.57972895471,unavailable in GeoTIFF; band index reported
upload_f3b95c9c-Z0828,7,59,3496.22509765625,,unavailable in GeoTIFF; band index reported
upload_f3b95c9c-Z0828,7,60,3486.691650390625,,unavailable in GeoTIFF; band index reported
upload_f3b95c9c-Z0828,7,61,3554.5166015625,,unavailable in GeoTIFF; band index reported
upload_f3b95c9c-Z0828,7,62,3306.220947265625,,unavailable in GeoTIFF; band index reported
upload_f3b95c9c-Z0828,7,63,3508.908447265625,,unavailable in GeoTIFF; band index reported
upload_f3b95c9c-Z0828,7,64,3532.283447265625,,unavailable in GeoTIFF; band index reported
upload_f3b95c9c-Z0828,7,65,3529.370849609375,4065.0446674384852,unavailable in GeoTIFF; band index reported
upload_f3b95c9c-Z0828,7,66,3529.324951171875,,unavailable in GeoTIFF; band index reported
upload_f3b95c9c-Z0828,7,67,3528.316650390625,,unavailable in GeoTIFF; band index reported
upload_f3b95c9c-Z0828,7,68,3570.574951171875,,unavailable in GeoTIFF; band index reported
upload_f3b95c9c-Z0828,7,69,3599.57080078125,,unavailable in GeoTIFF; band index reported
upload_f3b95c9c-Z0828,7,70,3582.433349609375,,unavailable in GeoTIFF; band index reported
upload_f3b95c9c-Z0828,7,71,3592.237548828125,,unavailable in GeoTIFF; band index reported
upload_f3b95c9c-Z0828,7,72,3545.416748046875,4050.215776525129,unavailable in GeoTIFF; band index reported
upload_f3b95c9c-Z0828,7,73,3523.175048828125,,unavailable in GeoTIFF; band index reported
upload_f3b95c9c-Z0828,7,74,3524.675048828125,,unavailable in GeoTIFF; band index reported
upload_f3b95c9c-Z0828,7,75,3506.13330078125,,unavailable in GeoTIFF; band index reported
upload_f3b95c9c-Z0828,7,76,3503.300048828125,,unavailable in GeoTIFF; band index reported
upload_f3b95c9c-Z0828,7,77,3498.095947265625,,unavailable in GeoTIFF; band index reported
upload_f3b95c9c-Z0828,7,78,3463.620849609375,,unavailable in GeoTIFF; band index reported
upload_f3b95c9c-Z0828,7,79,3556.27490234375,,unavailable in GeoTIFF; band index reported
upload_f3b95c9c-Z0828,7,80,3688.61669921875,4184.484206899644,unavailable in GeoTIFF; band index reported
upload_f3b95c9c-Z0828,7,81,3492.9541015625,,unavailable in GeoTIFF; band index reported
upload_f3b95c9c-Z0828,7,82,3668.591552734375,,unavailable in GeoTIFF; band index reported
upload_f3b95c9c-Z0828,7,83,3410.0458984375,,unavailable in GeoTIFF; band index reported
upload_f3b95c9c-Z0828,7,84,3408.845947265625,,unavailable in GeoTIFF; band index reported
upload_f3b95c9c-Z0828,7,85,3756.42919921875,,unavailable in GeoTIFF; band index reported
upload_f3b95c9c-Z0828,7,86,3670.908447265625,,unavailable in GeoTIFF; band index reported
upload_f3b95c9c-Z0828,7,87,3737.61669921875,4217.572870382801,unavailable in GeoTIFF; band index reported
upload_f3b95c9c-Z0828,7,88,3518.1875,,unavailable in GeoTIFF; band index reported
upload_f3b95c9c-Z0828,7,89,3616.291748046875,,unavailable in GeoTIFF; band index reported
upload_f3b95c9c-Z0828,7,90,3359.7333984375,,unavailable in GeoTIFF; band index reported
upload_f3b95c9c-Z0828,7,91,3767.0,,unavailable in GeoTIFF; band index reported
upload_f3b95c9c-Z0828,7,92,3355.22509765625,,unavailable in GeoTIFF; band index reported
upload_f3b95c9c-Z0828,7,93,3408.783447265625,,unavailable in GeoTIFF; band index reported
upload_f3b95c9c-Z0828,7,94,3890.67919921875,4333.966700834949,unavailable in GeoTIFF; band index reported
upload_f3b95c9c-Z0828,7,95,3422.441650390625,,unavailable in GeoTIFF; band index reported
upload_f3b95c9c-Z0828,7,96,3784.449951171875,,unavailable in GeoTIFF; band index reported
upload_f3b95c9c-Z0828,7,97,3373.39990234375,,unavailable in GeoTIFF; band index reported
upload_f3b95c9c-Z0828,7,98,3793.66259765625,,unavailable in GeoTIFF; band index reported
upload_f3b95c9c-Z0828,7,99,3372.341552734375,,unavailable in GeoTIFF; band index reported
upload_f3b95c9c-Z0828,7,100,3740.566650390625,,unavailable in GeoTIFF; band index reported
upload_f3b95c9c-Z0828,7,101,3362.25830078125,3757.180979821616,unavailable in GeoTIFF; band index reported
upload_f3b95c9c-Z0828,7,102,3717.199951171875,,unavailable in GeoTIFF; band index reported
upload_f3b95c9c-Z0828,7,103,3719.8583984375,,unavailable in GeoTIFF; band index reported
upload_f3b95c9c-Z0828,7,104,3714.75830078125,,unavailable in GeoTIFF; band index reported
upload_f3b95c9c-Z0828,7,105,3709.441650390625,,unavailable in GeoTIFF; band index reported
upload_f3b95c9c-Z0828,7,106,3694.86669921875,,unavailable in GeoTIFF; band index reported
upload_f3b95c9c-Z0828,7,107,3706.16259765625,,unavailable in GeoTIFF; band index reported
upload_f3b95c9c-Z0828,7,108,3743.604248046875,4119.44470923602,unavailable in GeoTIFF; band index reported
upload_f3b95c9c-Z0828,7,109,3767.637451171875,,unavailable in GeoTIFF; band index reported
upload_f3b95c9c-Z0828,7,110,3804.333251953125,,unavailable in GeoTIFF; band index reported
upload_f3b95c9c-Z0828,7,111,3923.5166015625,,unavailable in GeoTIFF; band index reported
upload_f3b95c9c-Z0828,7,112,4008.50830078125,,unavailable in GeoTIFF; band index reported
upload_f3b95c9c-Z0828,7,113,3665.24169921875,,unavailable in GeoTIFF; band index reported
upload_f3b95c9c-Z0828,7,114,3627.729248046875,,unavailable in GeoTIFF; band index reported
upload_f3b95c9c-Z0828,7,115,3949.754150390625,,unavailable in GeoTIFF; band index reported
upload_f3b95c9c-Z0828,7,116,4057.89990234375,4264.452026303014,unavailable in GeoTIFF; band index reported
upload_f3b95c9c-Z0828,7,117,3871.5458984375,,unavailable in GeoTIFF; band index reported
upload_f3b95c9c-Z0828,7,118,3799.612548828125,,unavailable in GeoTIFF; band index reported
upload_f3b95c9c-Z0828,7,119,3756.6083984375,,unavailable in GeoTIFF; band index reported
upload_f3b95c9c-Z0828,7,120,3752.658447265625,,unavailable in GeoTIFF; band index reported
upload_f3b95c9c-Z0828,7,121,3734.808349609375,,unavailable in GeoTIFF; band index reported
upload_f3b95c9c-Z0828,7,122,3725.64990234375,,unavailable in GeoTIFF; band index reported
upload_f3b95c9c-Z0828,7,123,3707.42919921875,3638.128168835215,unavailable in GeoTIFF; band index reported
upload_f3b95c9c-Z0828,7,124,3663.595947265625,,unavailable in GeoTIFF; band index reported
upload_f3b95c9c-Z0828,7,125,3745.57080078125,,unavailable in GeoTIFF; band index reported
upload_f3b95c9c-Z0828,7,126,3826.69580078125,,unavailable in GeoTIFF; band index reported
upload_f3b95c9c-Z0828,7,127,3871.666748046875,,unavailable in GeoTIFF; band index reported
upload_f3b95c9c-Z0828,7,128,3912.53759765625,,unavailable in GeoTIFF; band index reported
upload_f3b95c9c-Z0828,7,129,3921.3291015625,,unavailable in GeoTIFF; band index reported
upload_f3b95c9c-Z0828,7,130,3894.908447265625,3697.105728725079,unavailable in GeoTIFF; band index reported
upload_f3b95c9c-Z0828,7,131,-32768.0,,unavailable in GeoTIFF; band index reported
upload_f3b95c9c-Z0828,7,132,-32768.0,,unavailable in GeoTIFF; band index reported
upload_f3b95c9c-Z0828,7,133,-32768.0,,unavailable in GeoTIFF; band index reported
upload_f3b95c9c-Z0828,7,134,-32768.0,,unavailable in GeoTIFF; band index reported
upload_f3b95c9c-Z0828,7,135,-32768.0,,unavailable in GeoTIFF; band index reported
upload_f3b95c9c-Z0828,7,136,2616.770751953125,,unavailable in GeoTIFF; band index reported
upload_f3b95c9c-Z0828,7,137,2439.012451171875,1385.8706168393314,unavailable in GeoTIFF; band index reported
upload_f3b95c9c-Z0828,7,138,2344.591552734375,,unavailable in GeoTIFF; band index reported
upload_f3b95c9c-Z0828,7,139,2369.237548828125,,unavailable in GeoTIFF; band index reported
upload_f3b95c9c-Z0828,7,140,2372.6416015625,,unavailable in GeoTIFF; band index reported
upload_f3b95c9c-Z0828,7,141,2367.158447265625,,unavailable in GeoTIFF; band index reported
upload_f3b95c9c-Z0828,7,142,2409.395751953125,,unavailable in GeoTIFF; band index reported
upload_f3b95c9c-Z0828,7,143,2413.7333984375,,unavailable in GeoTIFF; band index reported
upload_f3b95c9c-Z0828,7,144,2450.75830078125,1146.0124725007981,unavailable in GeoTIFF; band index reported
upload_f3b95c9c-Z0828,7,145,2509.995849609375,,unavailable in GeoTIFF; band index reported
upload_f3b95c9c-Z0828,7,146,2577.2666015625,,unavailable in GeoTIFF; band index reported
upload_f3b95c9c-Z0828,7,147,2646.8291015625,,unavailable in GeoTIFF; band index reported
upload_f3b95c9c-Z0828,7,148,2732.783447265625,,unavailable in GeoTIFF; band index reported
upload_f3b95c9c-Z0828,7,149,2778.27490234375,,unavailable in GeoTIFF; band index reported
upload_f3b95c9c-Z0828,7,150,2839.7041015625,,unavailable in GeoTIFF; band index reported
upload_f3b95c9c-Z0828,7,151,2892.38330078125,,unavailable in GeoTIFF; band index reported
upload_f3b95c9c-Z0828,7,152,2902.362548828125,1713.2995919812897,unavailable in GeoTIFF; band index reported
upload_f3b95c9c-Z0828,7,153,2931.46240234375,,unavailable in GeoTIFF; band index reported
upload_f3b95c9c-Z0828,7,154,2990.53759765625,,unavailable in GeoTIFF; band index reported
upload_f3b95c9c-Z0828,7,155,3040.729248046875,,unavailable in GeoTIFF; band index reported
upload_f3b95c9c-Z0828,7,156,3103.691650390625,,unavailable in GeoTIFF; band index reported
upload_f3b95c9c-Z0828,7,157,3131.74169921875,,unavailable in GeoTIFF; band index reported
upload_f3b95c9c-Z0828,7,158,3198.55419921875,,unavailable in GeoTIFF; band index reported
upload_f3b95c9c-Z0828,7,159,3224.158447265625,2111.832854444975,unavailable in GeoTIFF; band index reported
upload_f3b95c9c-Z0828,7,160,3259.300048828125,,unavailable in GeoTIFF; band index reported
upload_f3b95c9c-Z0828,7,161,3292.845947265625,,unavailable in GeoTIFF; band index reported
upload_f3b95c9c-Z0828,7,162,3313.13330078125,,unavailable in GeoTIFF; band index reported
upload_f3b95c9c-Z0828,7,163,3310.125,,unavailable in GeoTIFF; band index reported
upload_f3b95c9c-Z0828,7,164,3318.933349609375,,unavailable in GeoTIFF; band index reported
upload_f3b95c9c-Z0828,7,165,3420.16259765625,,unavailable in GeoTIFF; band index reported
upload_f3b95c9c-Z0828,7,166,3468.66259765625,2397.743743529186,unavailable in GeoTIFF; band index reported
upload_f3b95c9c-Z0828,7,167,1582.7667236328125,,unavailable in GeoTIFF; band index reported
upload_f3b95c9c-Z0828,7,168,1750.120849609375,,unavailable in GeoTIFF; band index reported
upload_f3b95c9c-Z0828,7,169,1796.9000244140625,,unavailable in GeoTIFF; band index reported
upload_f3b95c9c-Z0828,7,170,1680.80419921875,,unavailable in GeoTIFF; band index reported
upload_f3b95c9c-Z0828,7,171,1161.2750244140625,,unavailable in GeoTIFF; band index reported
upload_f3b95c9c-Z0828,7,172,1333.6082763671875,,unavailable in GeoTIFF; band index reported
upload_f3b95c9c-Z0828,7,173,1996.7332763671875,620.0160149725663,unavailable in GeoTIFF; band index reported
upload_f3b95c9c-Z0828,7,174,2050.083251953125,,unavailable in GeoTIFF; band index reported
upload_f3b95c9c-Z0828,7,175,2052.854248046875,,unavailable in GeoTIFF; band index reported
upload_f3b95c9c-Z0828,7,176,1834.8375244140625,,unavailable in GeoTIFF; band index reported
upload_f3b95c9c-Z0828,7,177,1818.066650390625,,unavailable in GeoTIFF; band index reported
upload_f3b95c9c-Z0828,7,178,1996.5625,,unavailable in GeoTIFF; band index reported
upload_f3b95c9c-Z0828,7,179,2256.341552734375,,unavailable in GeoTIFF; band index reported
upload_f3b95c9c-Z0828,7,180,2276.654052734375,814.1379422466697,unavailable in GeoTIFF; band index reported
upload_f3b95c9c-Z0828,7,181,2276.095947265625,,unavailable in GeoTIFF; band index reported
upload_f3b95c9c-Z0828,7,182,2314.533447265625,,unavailable in GeoTIFF; band index reported
upload_f3b95c9c-Z0828,7,183,2362.8291015625,,unavailable in GeoTIFF; band index reported
upload_f3b95c9c-Z0828,7,184,2408.879150390625,,unavailable in GeoTIFF; band index reported
upload_f3b95c9c-Z0828,7,185,2486.387451171875,,unavailable in GeoTIFF; band index reported
upload_f3b95c9c-Z0828,7,186,2545.58740234375,,unavailable in GeoTIFF; band index reported
upload_f3b95c9c-Z0828,7,187,2573.19580078125,,unavailable in GeoTIFF; band index reported
upload_f3b95c9c-Z0828,7,188,2614.770751953125,1354.1786441418403,unavailable in GeoTIFF; band index reported
upload_f3b95c9c-Z0828,7,189,2638.675048828125,,unavailable in GeoTIFF; band index reported
upload_f3b95c9c-Z0828,7,190,2679.095947265625,,unavailable in GeoTIFF; band index reported
upload_f3b95c9c-Z0828,7,191,2682.416748046875,,unavailable in GeoTIFF; band index reported
upload_f3b95c9c-Z0828,7,192,2705.004150390625,,unavailable in GeoTIFF; band index reported
upload_f3b95c9c-Z0828,7,193,2630.28759765625,,unavailable in GeoTIFF; band index reported
upload_f3b95c9c-Z0828,7,194,2683.5625,,unavailable in GeoTIFF; band index reported
upload_f3b95c9c-Z0828,7,195,2689.645751953125,1766.3885489005581,unavailable in GeoTIFF; band index reported
upload_f3b95c9c-Z0828,7,196,2742.254150390625,,unavailable in GeoTIFF; band index reported
upload_f3b95c9c-Z0828,7,197,2767.46240234375,,unavailable in GeoTIFF; band index reported
upload_f3b95c9c-Z0828,7,198,2766.279052734375,,unavailable in GeoTIFF; band index reported
upload_f3b95c9c-Z0828,7,199,2757.316650390625,,unavailable in GeoTIFF; band index reported
upload_f3b95c9c-Z0828,7,200,2742.824951171875,,unavailable in GeoTIFF; band index reported
upload_f3b95c9c-Z0828,7,201,2728.808349609375,,unavailable in GeoTIFF; band index reported
upload_f3b95c9c-Z0828,7,202,2699.620849609375,1708.6980116632828,unavailable in GeoTIFF; band index reported
upload_f3b95c9c-Z0828,7,203,2655.145751953125,,unavailable in GeoTIFF; band index reported
upload_f3b95c9c-Z0828,7,204,2583.41259765625,,unavailable in GeoTIFF; band index reported
upload_f3b95c9c-Z0828,7,205,2479.91259765625,,unavailable in GeoTIFF; band index reported
upload_f3b95c9c-Z0828,7,206,2424.050048828125,,unavailable in GeoTIFF; band index reported
upload_f3b95c9c-Z0828,7,207,2352.800048828125,,unavailable in GeoTIFF; band index reported
upload_f3b95c9c-Z0828,7,208,2347.833251953125,,unavailable in GeoTIFF; band index reported
upload_f3b95c9c-Z0828,7,209,2230.862548828125,1205.8682828381327,unavailable in GeoTIFF; band index reported
upload_f3b95c9c-Z0828,7,210,2151.16259765625,,unavailable in GeoTIFF; band index reported
upload_f3b95c9c-Z0828,7,211,2107.504150390625,,unavailable in GeoTIFF; band index reported
upload_f3b95c9c-Z0828,7,212,2101.666748046875,,unavailable in GeoTIFF; band index reported
upload_f3b95c9c-Z0828,7,213,2063.449951171875,,unavailable in GeoTIFF; band index reported
upload_f3b95c9c-Z0828,7,214,2003.1417236328125,,unavailable in GeoTIFF; band index reported
upload_f3b95c9c-Z0828,7,215,2042.637451171875,,unavailable in GeoTIFF; band index reported
upload_f3b95c9c-Z0828,7,216,2019.9791259765625,972.0827768821342,unavailable in GeoTIFF; band index reported
upload_f3b95c9c-Z0828,7,217,1931.2125244140625,,unavailable in GeoTIFF; band index reported
upload_f3b95c9c-Z0828,7,218,1870.8582763671875,,unavailable in GeoTIFF; band index reported
upload_f3b95c9c-Z0828,7,219,1877.2916259765625,,unavailable in GeoTIFF; band index reported
upload_f3b95c9c-Z0828,7,220,1794.3416748046875,,unavailable in GeoTIFF; band index reported
upload_f3b95c9c-Z0828,7,221,1687.316650390625,,unavailable in GeoTIFF; band index reported
upload_f3b95c9c-Z0828,7,222,1621.24169921875,,unavailable in GeoTIFF; band index reported
upload_f3b95c9c-Z0828,7,223,1577.637451171875,,unavailable in GeoTIFF; band index reported
upload_f3b95c9c-Z0828,7,224,1587.2667236328125,725.5769590304819,unavailable in GeoTIFF; band index reported
upload_f3b95c9c-Z0746,8,1,2341.7333984375,3903.5687642480493,unavailable in GeoTIFF; band index reported
upload_f3b95c9c-Z0746,8,2,2234.300048828125,,unavailable in GeoTIFF; band index reported
upload_f3b95c9c-Z0746,8,3,2224.566650390625,,unavailable in GeoTIFF; band index reported
upload_f3b95c9c-Z0746,8,4,2169.699951171875,,unavailable in GeoTIFF; band index reported
upload_f3b95c9c-Z0746,8,5,2148.166748046875,,unavailable in GeoTIFF; band index reported
upload_f3b95c9c-Z0746,8,6,2106.39990234375,,unavailable in GeoTIFF; band index reported
upload_f3b95c9c-Z0746,8,7,2098.166748046875,,unavailable in GeoTIFF; band index reported
upload_f3b95c9c-Z0746,8,8,2075.86669921875,3925.551270116211,unavailable in GeoTIFF; band index reported
upload_f3b95c9c-Z0746,8,9,2038.5999755859375,,unavailable in GeoTIFF; band index reported
upload_f3b95c9c-Z0746,8,10,2042.63330078125,,unavailable in GeoTIFF; band index reported
upload_f3b95c9c-Z0746,8,11,2014.699951171875,,unavailable in GeoTIFF; band index reported
upload_f3b95c9c-Z0746,8,12,1971.066650390625,,unavailable in GeoTIFF; band index reported
upload_f3b95c9c-Z0746,8,13,1940.199951171875,,unavailable in GeoTIFF; band index reported
upload_f3b95c9c-Z0746,8,14,1950.066650390625,,unavailable in GeoTIFF; band index reported
upload_f3b95c9c-Z0746,8,15,1939.0,3942.6649578306146,unavailable in GeoTIFF; band index reported
upload_f3b95c9c-Z0746,8,16,1892.066650390625,,unavailable in GeoTIFF; band index reported
upload_f3b95c9c-Z0746,8,17,1874.566650390625,,unavailable in GeoTIFF; band index reported
upload_f3b95c9c-Z0746,8,18,1866.0,,unavailable in GeoTIFF; band index reported
upload_f3b95c9c-Z0746,8,19,1822.0,,unavailable in GeoTIFF; band index reported
upload_f3b95c9c-Z0746,8,20,1818.8333740234375,,unavailable in GeoTIFF; band index reported
upload_f3b95c9c-Z0746,8,21,1830.8333740234375,,unavailable in GeoTIFF; band index reported
upload_f3b95c9c-Z0746,8,22,1793.86669921875,3933.650157834212,unavailable in GeoTIFF; band index reported
upload_f3b95c9c-Z0746,8,23,1747.63330078125,,unavailable in GeoTIFF; band index reported
upload_f3b95c9c-Z0746,8,24,1738.9666748046875,,unavailable in GeoTIFF; band index reported
upload_f3b95c9c-Z0746,8,25,1720.300048828125,,unavailable in GeoTIFF; band index reported
upload_f3b95c9c-Z0746,8,26,1733.0333251953125,,unavailable in GeoTIFF; band index reported
upload_f3b95c9c-Z0746,8,27,1691.0,,unavailable in GeoTIFF; band index reported
upload_f3b95c9c-Z0746,8,28,1691.433349609375,,unavailable in GeoTIFF; band index reported
upload_f3b95c9c-Z0746,8,29,1660.1666259765625,3930.7107380000457,unavailable in GeoTIFF; band index reported
upload_f3b95c9c-Z0746,8,30,1645.2332763671875,,unavailable in GeoTIFF; band index reported
upload_f3b95c9c-Z0746,8,31,1639.3333740234375,,unavailable in GeoTIFF; band index reported
upload_f3b95c9c-Z0746,8,32,1596.0,,unavailable in GeoTIFF; band index reported
upload_f3b95c9c-Z0746,8,33,1595.2667236328125,,unavailable in GeoTIFF; band index reported
upload_f3b95c9c-Z0746,8,34,1608.4000244140625,,unavailable in GeoTIFF; band index reported
upload_f3b95c9c-Z0746,8,35,1613.9000244140625,,unavailable in GeoTIFF; band index reported
upload_f3b95c9c-Z0746,8,36,1599.6666259765625,3910.678847702552,unavailable in GeoTIFF; band index reported
upload_f3b95c9c-Z0746,8,37,1593.3333740234375,,unavailable in GeoTIFF; band index reported
upload_f3b95c9c-Z0746,8,38,1582.1666259765625,,unavailable in GeoTIFF; band index reported
upload_f3b95c9c-Z0746,8,39,1584.2332763671875,,unavailable in GeoTIFF; band index reported
upload_f3b95c9c-Z0746,8,40,1579.8333740234375,,unavailable in GeoTIFF; band index reported
upload_f3b95c9c-Z0746,8,41,1574.300048828125,,unavailable in GeoTIFF; band index reported
upload_f3b95c9c-Z0746,8,42,1554.3333740234375,,unavailable in GeoTIFF; band index reported
upload_f3b95c9c-Z0746,8,43,1541.433349609375,,unavailable in GeoTIFF; band index reported
upload_f3b95c9c-Z0746,8,44,1559.566650390625,4004.6816681009223,unavailable in GeoTIFF; band index reported
upload_f3b95c9c-Z0746,8,45,1571.5,,unavailable in GeoTIFF; band index reported
upload_f3b95c9c-Z0746,8,46,1562.300048828125,,unavailable in GeoTIFF; band index reported
upload_f3b95c9c-Z0746,8,47,1549.86669921875,,unavailable in GeoTIFF; band index reported
upload_f3b95c9c-Z0746,8,48,1557.566650390625,,unavailable in GeoTIFF; band index reported
upload_f3b95c9c-Z0746,8,49,1547.300048828125,,unavailable in GeoTIFF; band index reported
upload_f3b95c9c-Z0746,8,50,1518.13330078125,,unavailable in GeoTIFF; band index reported
upload_f3b95c9c-Z0746,8,51,1505.6666259765625,4023.527760350648,unavailable in GeoTIFF; band index reported
upload_f3b95c9c-Z0746,8,52,1528.6666259765625,,unavailable in GeoTIFF; band index reported
upload_f3b95c9c-Z0746,8,53,1545.066650390625,,unavailable in GeoTIFF; band index reported
upload_f3b95c9c-Z0746,8,54,1526.300048828125,,unavailable in GeoTIFF; band index reported
upload_f3b95c9c-Z0746,8,55,1518.699951171875,,unavailable in GeoTIFF; band index reported
upload_f3b95c9c-Z0746,8,56,1575.4666748046875,,unavailable in GeoTIFF; band index reported
upload_f3b95c9c-Z0746,8,57,1582.2667236328125,,unavailable in GeoTIFF; band index reported
upload_f3b95c9c-Z0746,8,58,1544.3333740234375,4102.57972895471,unavailable in GeoTIFF; band index reported
upload_f3b95c9c-Z0746,8,59,1500.933349609375,,unavailable in GeoTIFF; band index reported
upload_f3b95c9c-Z0746,8,60,1449.1666259765625,,unavailable in GeoTIFF; band index reported
upload_f3b95c9c-Z0746,8,61,1431.0333251953125,,unavailable in GeoTIFF; band index reported
upload_f3b95c9c-Z0746,8,62,1236.699951171875,,unavailable in GeoTIFF; band index reported
upload_f3b95c9c-Z0746,8,63,1488.4000244140625,,unavailable in GeoTIFF; band index reported
upload_f3b95c9c-Z0746,8,64,1478.4666748046875,,unavailable in GeoTIFF; band index reported
upload_f3b95c9c-Z0746,8,65,1480.7667236328125,4065.0446674384852,unavailable in GeoTIFF; band index reported
upload_f3b95c9c-Z0746,8,66,1487.066650390625,,unavailable in GeoTIFF; band index reported
upload_f3b95c9c-Z0746,8,67,1478.6666259765625,,unavailable in GeoTIFF; band index reported
upload_f3b95c9c-Z0746,8,68,1504.699951171875,,unavailable in GeoTIFF; band index reported
upload_f3b95c9c-Z0746,8,69,1532.699951171875,,unavailable in GeoTIFF; band index reported
upload_f3b95c9c-Z0746,8,70,1516.86669921875,,unavailable in GeoTIFF; band index reported
upload_f3b95c9c-Z0746,8,71,1497.9000244140625,,unavailable in GeoTIFF; band index reported
upload_f3b95c9c-Z0746,8,72,1477.699951171875,4050.215776525129,unavailable in GeoTIFF; band index reported
upload_f3b95c9c-Z0746,8,73,1456.566650390625,,unavailable in GeoTIFF; band index reported
upload_f3b95c9c-Z0746,8,74,1424.0333251953125,,unavailable in GeoTIFF; band index reported
upload_f3b95c9c-Z0746,8,75,1449.5999755859375,,unavailable in GeoTIFF; band index reported
upload_f3b95c9c-Z0746,8,76,1433.86669921875,,unavailable in GeoTIFF; band index reported
upload_f3b95c9c-Z0746,8,77,1415.2332763671875,,unavailable in GeoTIFF; band index reported
upload_f3b95c9c-Z0746,8,78,1455.800048828125,,unavailable in GeoTIFF; band index reported
upload_f3b95c9c-Z0746,8,79,1478.5999755859375,,unavailable in GeoTIFF; band index reported
upload_f3b95c9c-Z0746,8,80,1617.63330078125,4184.484206899644,unavailable in GeoTIFF; band index reported
upload_f3b95c9c-Z0746,8,81,1444.800048828125,,unavailable in GeoTIFF; band index reported
upload_f3b95c9c-Z0746,8,82,1611.7667236328125,,unavailable in GeoTIFF; band index reported
upload_f3b95c9c-Z0746,8,83,1447.7332763671875,,unavailable in GeoTIFF; band index reported
upload_f3b95c9c-Z0746,8,84,1346.7667236328125,,unavailable in GeoTIFF; band index reported
upload_f3b95c9c-Z0746,8,85,1642.86669921875,,unavailable in GeoTIFF; band index reported
upload_f3b95c9c-Z0746,8,86,1475.8333740234375,,unavailable in GeoTIFF; band index reported
upload_f3b95c9c-Z0746,8,87,1626.9666748046875,4217.572870382801,unavailable in GeoTIFF; band index reported
upload_f3b95c9c-Z0746,8,88,1333.13330078125,,unavailable in GeoTIFF; band index reported
upload_f3b95c9c-Z0746,8,89,1658.0,,unavailable in GeoTIFF; band index reported
upload_f3b95c9c-Z0746,8,90,1289.13330078125,,unavailable in GeoTIFF; band index reported
upload_f3b95c9c-Z0746,8,91,1705.7332763671875,,unavailable in GeoTIFF; band index reported
upload_f3b95c9c-Z0746,8,92,1268.0999755859375,,unavailable in GeoTIFF; band index reported
upload_f3b95c9c-Z0746,8,93,1289.7332763671875,,unavailable in GeoTIFF; band index reported
upload_f3b95c9c-Z0746,8,94,1696.4000244140625,4333.966700834949,unavailable in GeoTIFF; band index reported
upload_f3b95c9c-Z0746,8,95,1283.4000244140625,,unavailable in GeoTIFF; band index reported
upload_f3b95c9c-Z0746,8,96,1595.7667236328125,,unavailable in GeoTIFF; band index reported
upload_f3b95c9c-Z0746,8,97,1263.433349609375,,unavailable in GeoTIFF; band index reported
upload_f3b95c9c-Z0746,8,98,1582.4666748046875,,unavailable in GeoTIFF; band index reported
upload_f3b95c9c-Z0746,8,99,1258.5999755859375,,unavailable in GeoTIFF; band index reported
upload_f3b95c9c-Z0746,8,100,1518.0,,unavailable in GeoTIFF; band index reported
upload_f3b95c9c-Z0746,8,101,1238.86669921875,3757.180979821616,unavailable in GeoTIFF; band index reported
upload_f3b95c9c-Z0746,8,102,1490.4000244140625,,unavailable in GeoTIFF; band index reported
upload_f3b95c9c-Z0746,8,103,1469.1666259765625,,unavailable in GeoTIFF; band index reported
upload_f3b95c9c-Z0746,8,104,1457.566650390625,,unavailable in GeoTIFF; band index reported
upload_f3b95c9c-Z0746,8,105,1449.933349609375,,unavailable in GeoTIFF; band index reported
upload_f3b95c9c-Z0746,8,106,1437.5333251953125,,unavailable in GeoTIFF; band index reported
upload_f3b95c9c-Z0746,8,107,1438.7667236328125,,unavailable in GeoTIFF; band index reported
upload_f3b95c9c-Z0746,8,108,1457.2332763671875,4119.44470923602,unavailable in GeoTIFF; band index reported
upload_f3b95c9c-Z0746,8,109,1466.6666259765625,,unavailable in GeoTIFF; band index reported
upload_f3b95c9c-Z0746,8,110,1484.300048828125,,unavailable in GeoTIFF; band index reported
upload_f3b95c9c-Z0746,8,111,1543.9000244140625,,unavailable in GeoTIFF; band index reported
upload_f3b95c9c-Z0746,8,112,1571.2667236328125,,unavailable in GeoTIFF; band index reported
upload_f3b95c9c-Z0746,8,113,1540.5,,unavailable in GeoTIFF; band index reported
upload_f3b95c9c-Z0746,8,114,1495.63330078125,,unavailable in GeoTIFF; band index reported
upload_f3b95c9c-Z0746,8,115,1593.300048828125,,unavailable in GeoTIFF; band index reported
upload_f3b95c9c-Z0746,8,116,1538.9666748046875,4264.452026303014,unavailable in GeoTIFF; band index reported
upload_f3b95c9c-Z0746,8,117,1427.9666748046875,,unavailable in GeoTIFF; band index reported
upload_f3b95c9c-Z0746,8,118,1379.699951171875,,unavailable in GeoTIFF; band index reported
upload_f3b95c9c-Z0746,8,119,1334.5999755859375,,unavailable in GeoTIFF; band index reported
upload_f3b95c9c-Z0746,8,120,1309.13330078125,,unavailable in GeoTIFF; band index reported
upload_f3b95c9c-Z0746,8,121,1282.199951171875,,unavailable in GeoTIFF; band index reported
upload_f3b95c9c-Z0746,8,122,1258.6666259765625,,unavailable in GeoTIFF; band index reported
upload_f3b95c9c-Z0746,8,123,1241.933349609375,3638.128168835215,unavailable in GeoTIFF; band index reported
upload_f3b95c9c-Z0746,8,124,1221.5333251953125,,unavailable in GeoTIFF; band index reported
upload_f3b95c9c-Z0746,8,125,1283.8333740234375,,unavailable in GeoTIFF; band index reported
upload_f3b95c9c-Z0746,8,126,1270.0,,unavailable in GeoTIFF; band index reported
upload_f3b95c9c-Z0746,8,127,1288.36669921875,,unavailable in GeoTIFF; band index reported
upload_f3b95c9c-Z0746,8,128,1304.433349609375,,unavailable in GeoTIFF; band index reported
upload_f3b95c9c-Z0746,8,129,1340.199951171875,,unavailable in GeoTIFF; band index reported
upload_f3b95c9c-Z0746,8,130,1368.300048828125,3697.105728725079,unavailable in GeoTIFF; band index reported
upload_f3b95c9c-Z0746,8,131,-32768.0,,unavailable in GeoTIFF; band index reported
upload_f3b95c9c-Z0746,8,132,-32768.0,,unavailable in GeoTIFF; band index reported
upload_f3b95c9c-Z0746,8,133,-32768.0,,unavailable in GeoTIFF; band index reported
upload_f3b95c9c-Z0746,8,134,-32768.0,,unavailable in GeoTIFF; band index reported
upload_f3b95c9c-Z0746,8,135,-32768.0,,unavailable in GeoTIFF; band index reported
upload_f3b95c9c-Z0746,8,136,990.2333374023438,,unavailable in GeoTIFF; band index reported
upload_f3b95c9c-Z0746,8,137,822.9000244140625,1385.8706168393314,unavailable in GeoTIFF; band index reported
upload_f3b95c9c-Z0746,8,138,698.7666625976562,,unavailable in GeoTIFF; band index reported
upload_f3b95c9c-Z0746,8,139,632.0333251953125,,unavailable in GeoTIFF; band index reported
upload_f3b95c9c-Z0746,8,140,608.6666870117188,,unavailable in GeoTIFF; band index reported
upload_f3b95c9c-Z0746,8,141,589.2666625976562,,unavailable in GeoTIFF; band index reported
upload_f3b95c9c-Z0746,8,142,596.8666381835938,,unavailable in GeoTIFF; band index reported
upload_f3b95c9c-Z0746,8,143,596.2333374023438,,unavailable in GeoTIFF; band index reported
upload_f3b95c9c-Z0746,8,144,600.933349609375,1146.0124725007981,unavailable in GeoTIFF; band index reported
upload_f3b95c9c-Z0746,8,145,624.3666381835938,,unavailable in GeoTIFF; band index reported
upload_f3b95c9c-Z0746,8,146,640.1666870117188,,unavailable in GeoTIFF; band index reported
upload_f3b95c9c-Z0746,8,147,670.1333618164062,,unavailable in GeoTIFF; band index reported
upload_f3b95c9c-Z0746,8,148,689.5999755859375,,unavailable in GeoTIFF; band index reported
upload_f3b95c9c-Z0746,8,149,704.0,,unavailable in GeoTIFF; band index reported
upload_f3b95c9c-Z0746,8,150,732.4000244140625,,unavailable in GeoTIFF; band index reported
upload_f3b95c9c-Z0746,8,151,745.5,,unavailable in GeoTIFF; band index reported
upload_f3b95c9c-Z0746,8,152,752.2333374023438,1713.2995919812897,unavailable in GeoTIFF; band index reported
upload_f3b95c9c-Z0746,8,153,760.9000244140625,,unavailable in GeoTIFF; band index reported
upload_f3b95c9c-Z0746,8,154,783.0999755859375,,unavailable in GeoTIFF; band index reported
upload_f3b95c9c-Z0746,8,155,797.9000244140625,,unavailable in GeoTIFF; band index reported
upload_f3b95c9c-Z0746,8,156,814.0999755859375,,unavailable in GeoTIFF; band index reported
upload_f3b95c9c-Z0746,8,157,834.7000122070312,,unavailable in GeoTIFF; band index reported
upload_f3b95c9c-Z0746,8,158,849.8333129882812,,unavailable in GeoTIFF; band index reported
upload_f3b95c9c-Z0746,8,159,885.7666625976562,2111.832854444975,unavailable in GeoTIFF; band index reported
upload_f3b95c9c-Z0746,8,160,886.9000244140625,,unavailable in GeoTIFF; band index reported
upload_f3b95c9c-Z0746,8,161,901.3666381835938,,unavailable in GeoTIFF; band index reported
upload_f3b95c9c-Z0746,8,162,902.8333129882812,,unavailable in GeoTIFF; band index reported
upload_f3b95c9c-Z0746,8,163,916.7999877929688,,unavailable in GeoTIFF; band index reported
upload_f3b95c9c-Z0746,8,164,927.7333374023438,,unavailable in GeoTIFF; band index reported
upload_f3b95c9c-Z0746,8,165,977.2000122070312,,unavailable in GeoTIFF; band index reported
upload_f3b95c9c-Z0746,8,166,1021.2999877929688,2397.743743529186,unavailable in GeoTIFF; band index reported
upload_f3b95c9c-Z0746,8,167,469.4333190917969,,unavailable in GeoTIFF; band index reported
upload_f3b95c9c-Z0746,8,168,520.4666748046875,,unavailable in GeoTIFF; band index reported
upload_f3b95c9c-Z0746,8,169,516.5999755859375,,unavailable in GeoTIFF; band index reported
upload_f3b95c9c-Z0746,8,170,475.9333190917969,,unavailable in GeoTIFF; band index reported
upload_f3b95c9c-Z0746,8,171,335.4333190917969,,unavailable in GeoTIFF; band index reported
upload_f3b95c9c-Z0746,8,172,357.1333312988281,,unavailable in GeoTIFF; band index reported
upload_f3b95c9c-Z0746,8,173,527.5999755859375,620.0160149725663,unavailable in GeoTIFF; band index reported
upload_f3b95c9c-Z0746,8,174,531.9666748046875,,unavailable in GeoTIFF; band index reported
upload_f3b95c9c-Z0746,8,175,533.2000122070312,,unavailable in GeoTIFF; band index reported
upload_f3b95c9c-Z0746,8,176,474.5333251953125,,unavailable in GeoTIFF; band index reported
upload_f3b95c9c-Z0746,8,177,470.3999938964844,,unavailable in GeoTIFF; band index reported
upload_f3b95c9c-Z0746,8,178,508.26666259765625,,unavailable in GeoTIFF; band index reported
upload_f3b95c9c-Z0746,8,179,572.1333618164062,,unavailable in GeoTIFF; band index reported
upload_f3b95c9c-Z0746,8,180,583.0333251953125,814.1379422466697,unavailable in GeoTIFF; band index reported
upload_f3b95c9c-Z0746,8,181,582.5333251953125,,unavailable in GeoTIFF; band index reported
upload_f3b95c9c-Z0746,8,182,594.2000122070312,,unavailable in GeoTIFF; band index reported
upload_f3b95c9c-Z0746,8,183,603.7999877929688,,unavailable in GeoTIFF; band index reported
upload_f3b95c9c-Z0746,8,184,620.1666870117188,,unavailable in GeoTIFF; band index reported
upload_f3b95c9c-Z0746,8,185,643.2666625976562,,unavailable in GeoTIFF; band index reported
upload_f3b95c9c-Z0746,8,186,655.7999877929688,,unavailable in GeoTIFF; band index reported
upload_f3b95c9c-Z0746,8,187,673.1333618164062,,unavailable in GeoTIFF; band index reported
upload_f3b95c9c-Z0746,8,188,683.6666870117188,1354.1786441418403,unavailable in GeoTIFF; band index reported
upload_f3b95c9c-Z0746,8,189,694.5333251953125,,unavailable in GeoTIFF; band index reported
upload_f3b95c9c-Z0746,8,190,710.4666748046875,,unavailable in GeoTIFF; band index reported
upload_f3b95c9c-Z0746,8,191,722.1333618164062,,unavailable in GeoTIFF; band index reported
upload_f3b95c9c-Z0746,8,192,727.4666748046875,,unavailable in GeoTIFF; band index reported
upload_f3b95c9c-Z0746,8,193,723.8666381835938,,unavailable in GeoTIFF; band index reported
upload_f3b95c9c-Z0746,8,194,750.6333618164062,,unavailable in GeoTIFF; band index reported
upload_f3b95c9c-Z0746,8,195,752.433349609375,1766.3885489005581,unavailable in GeoTIFF; band index reported
upload_f3b95c9c-Z0746,8,196,762.7666625976562,,unavailable in GeoTIFF; band index reported
upload_f3b95c9c-Z0746,8,197,766.0333251953125,,unavailable in GeoTIFF; band index reported
upload_f3b95c9c-Z0746,8,198,744.2666625976562,,unavailable in GeoTIFF; band index reported
upload_f3b95c9c-Z0746,8,199,734.5333251953125,,unavailable in GeoTIFF; band index reported
upload_f3b95c9c-Z0746,8,200,722.3333129882812,,unavailable in GeoTIFF; band index reported
upload_f3b95c9c-Z0746,8,201,718.0,,unavailable in GeoTIFF; band index reported
upload_f3b95c9c-Z0746,8,202,701.6666870117188,1708.6980116632828,unavailable in GeoTIFF; band index reported
upload_f3b95c9c-Z0746,8,203,690.1333618164062,,unavailable in GeoTIFF; band index reported
upload_f3b95c9c-Z0746,8,204,668.8333129882812,,unavailable in GeoTIFF; band index reported
upload_f3b95c9c-Z0746,8,205,644.4000244140625,,unavailable in GeoTIFF; band index reported
upload_f3b95c9c-Z0746,8,206,619.9666748046875,,unavailable in GeoTIFF; band index reported
upload_f3b95c9c-Z0746,8,207,595.7000122070312,,unavailable in GeoTIFF; band index reported
upload_f3b95c9c-Z0746,8,208,601.0999755859375,,unavailable in GeoTIFF; band index reported
upload_f3b95c9c-Z0746,8,209,567.2333374023438,1205.8682828381327,unavailable in GeoTIFF; band index reported
upload_f3b95c9c-Z0746,8,210,553.2000122070312,,unavailable in GeoTIFF; band index reported
upload_f3b95c9c-Z0746,8,211,539.8333129882812,,unavailable in GeoTIFF; band index reported
upload_f3b95c9c-Z0746,8,212,536.9000244140625,,unavailable in GeoTIFF; band index reported
upload_f3b95c9c-Z0746,8,213,527.7999877929688,,unavailable in GeoTIFF; band index reported
upload_f3b95c9c-Z0746,8,214,522.5999755859375,,unavailable in GeoTIFF; band index reported
upload_f3b95c9c-Z0746,8,215,543.2999877929688,,unavailable in GeoTIFF; band index reported
upload_f3b95c9c-Z0746,8,216,544.066650390625,972.0827768821342,unavailable in GeoTIFF; band index reported
upload_f3b95c9c-Z0746,8,217,517.0999755859375,,unavailable in GeoTIFF; band index reported
upload_f3b95c9c-Z0746,8,218,509.3999938964844,,unavailable in GeoTIFF; band index reported
upload_f3b95c9c-Z0746,8,219,527.0,,unavailable in GeoTIFF; band index reported
upload_f3b95c9c-Z0746,8,220,520.5999755859375,,unavailable in GeoTIFF; band index reported
upload_f3b95c9c-Z0746,8,221,493.4666748046875,,unavailable in GeoTIFF; band index reported
upload_f3b95c9c-Z0746,8,222,479.5666809082031,,unavailable in GeoTIFF; band index reported
upload_f3b95c9c-Z0746,8,223,473.79998779296875,,unavailable in GeoTIFF; band index reported
upload_f3b95c9c-Z0746,8,224,485.9666748046875,725.5769590304819,unavailable in GeoTIFF; band index reported
upload_f3b95c9c-Z0821,9,1,2876.767822265625,3903.5687642480493,unavailable in GeoTIFF; band index reported
upload_f3b95c9c-Z0821,9,2,2791.91064453125,,unavailable in GeoTIFF; band index reported
upload_f3b95c9c-Z0821,9,3,2730.08935546875,,unavailable in GeoTIFF; band index reported
upload_f3b95c9c-Z0821,9,4,2654.21435546875,,unavailable in GeoTIFF; band index reported
upload_f3b95c9c-Z0821,9,5,2632.803466796875,,unavailable in GeoTIFF; band index reported
upload_f3b95c9c-Z0821,9,6,2568.392822265625,,unavailable in GeoTIFF; band index reported
upload_f3b95c9c-Z0821,9,7,2523.83935546875,,unavailable in GeoTIFF; band index reported
upload_f3b95c9c-Z0821,9,8,2499.267822265625,3925.551270116211,unavailable in GeoTIFF; band index reported
upload_f3b95c9c-Z0821,9,9,2424.357177734375,,unavailable in GeoTIFF; band index reported
upload_f3b95c9c-Z0821,9,10,2400.232177734375,,unavailable in GeoTIFF; band index reported
upload_f3b95c9c-Z0821,9,11,2346.08935546875,,unavailable in GeoTIFF; band index reported
upload_f3b95c9c-Z0821,9,12,2279.5,,unavailable in GeoTIFF; band index reported
upload_f3b95c9c-Z0821,9,13,2216.053466796875,,unavailable in GeoTIFF; band index reported
upload_f3b95c9c-Z0821,9,14,2226.107177734375,,unavailable in GeoTIFF; band index reported
upload_f3b95c9c-Z0821,9,15,2201.446533203125,3942.6649578306146,unavailable in GeoTIFF; band index reported
upload_f3b95c9c-Z0821,9,16,2124.196533203125,,unavailable in GeoTIFF; band index reported
upload_f3b95c9c-Z0821,9,17,2092.321533203125,,unavailable in GeoTIFF; band index reported
upload_f3b95c9c-Z0821,9,18,2051.267822265625,,unavailable in GeoTIFF; band index reported
upload_f3b95c9c-Z0821,9,19,2001.2857666015625,,unavailable in GeoTIFF; band index reported
upload_f3b95c9c-Z0821,9,20,1992.8214111328125,,unavailable in GeoTIFF; band index reported
upload_f3b95c9c-Z0821,9,21,1986.0,,unavailable in GeoTIFF; band index reported
upload_f3b95c9c-Z0821,9,22,1910.9285888671875,3933.650157834212,unavailable in GeoTIFF; band index reported
upload_f3b95c9c-Z0821,9,23,1872.5535888671875,,unavailable in GeoTIFF; band index reported
upload_f3b95c9c-Z0821,9,24,1838.732177734375,,unavailable in GeoTIFF; band index reported
upload_f3b95c9c-Z0821,9,25,1796.5,,unavailable in GeoTIFF; band index reported
upload_f3b95c9c-Z0821,9,26,1785.375,,unavailable in GeoTIFF; band index reported
upload_f3b95c9c-Z0821,9,27,1739.4642333984375,,unavailable in GeoTIFF; band index reported
upload_f3b95c9c-Z0821,9,28,1716.357177734375,,unavailable in GeoTIFF; band index reported
upload_f3b95c9c-Z0821,9,29,1691.1607666015625,3930.7107380000457,unavailable in GeoTIFF; band index reported
upload_f3b95c9c-Z0821,9,30,1665.607177734375,,unavailable in GeoTIFF; band index reported
upload_f3b95c9c-Z0821,9,31,1637.125,,unavailable in GeoTIFF; band index reported
upload_f3b95c9c-Z0821,9,32,1596.2857666015625,,unavailable in GeoTIFF; band index reported
upload_f3b95c9c-Z0821,9,33,1557.357177734375,,unavailable in GeoTIFF; band index reported
upload_f3b95c9c-Z0821,9,34,1576.357177734375,,unavailable in GeoTIFF; band index reported
upload_f3b95c9c-Z0821,9,35,1579.375,,unavailable in GeoTIFF; band index reported
upload_f3b95c9c-Z0821,9,36,1570.1785888671875,3910.678847702552,unavailable in GeoTIFF; band index reported
upload_f3b95c9c-Z0821,9,37,1546.25,,unavailable in GeoTIFF; band index reported
upload_f3b95c9c-Z0821,9,38,1520.8392333984375,,unavailable in GeoTIFF; band index reported
upload_f3b95c9c-Z0821,9,39,1498.017822265625,,unavailable in GeoTIFF; band index reported
upload_f3b95c9c-Z0821,9,40,1466.607177734375,,unavailable in GeoTIFF; band index reported
upload_f3b95c9c-Z0821,9,41,1467.5892333984375,,unavailable in GeoTIFF; band index reported
upload_f3b95c9c-Z0821,9,42,1439.0,,unavailable in GeoTIFF; band index reported
upload_f3b95c9c-Z0821,9,43,1433.107177734375,,unavailable in GeoTIFF; band index reported
upload_f3b95c9c-Z0821,9,44,1442.3392333984375,4004.6816681009223,unavailable in GeoTIFF; band index reported
upload_f3b95c9c-Z0821,9,45,1453.5535888671875,,unavailable in GeoTIFF; band index reported
upload_f3b95c9c-Z0821,9,46,1420.982177734375,,unavailable in GeoTIFF; band index reported
upload_f3b95c9c-Z0821,9,47,1406.892822265625,,unavailable in GeoTIFF; band index reported
upload_f3b95c9c-Z0821,9,48,1410.3214111328125,,unavailable in GeoTIFF; band index reported
upload_f3b95c9c-Z0821,9,49,1388.9285888671875,,unavailable in GeoTIFF; band index reported
upload_f3b95c9c-Z0821,9,50,1351.6607666015625,,unavailable in GeoTIFF; band index reported
upload_f3b95c9c-Z0821,9,51,1330.3035888671875,4023.527760350648,unavailable in GeoTIFF; band index reported
upload_f3b95c9c-Z0821,9,52,1349.857177734375,,unavailable in GeoTIFF; band index reported
upload_f3b95c9c-Z0821,9,53,1364.0357666015625,,unavailable in GeoTIFF; band index reported
upload_f3b95c9c-Z0821,9,54,1335.125,,unavailable in GeoTIFF; band index reported
upload_f3b95c9c-Z0821,9,55,1342.107177734375,,unavailable in GeoTIFF; band index reported
upload_f3b95c9c-Z0821,9,56,1383.642822265625,,unavailable in GeoTIFF; band index reported
upload_f3b95c9c-Z0821,9,57,1406.857177734375,,unavailable in GeoTIFF; band index reported
upload_f3b95c9c-Z0821,9,58,1350.107177734375,4102.57972895471,unavailable in GeoTIFF; band index reported
upload_f3b95c9c-Z0821,9,59,1301.267822265625,,unavailable in GeoTIFF; band index reported
upload_f3b95c9c-Z0821,9,60,1244.875,,unavailable in GeoTIFF; band index reported
upload_f3b95c9c-Z0821,9,61,1241.5714111328125,,unavailable in GeoTIFF; band index reported
upload_f3b95c9c-Z0821,9,62,1034.982177734375,,unavailable in GeoTIFF; band index reported
upload_f3b95c9c-Z0821,9,63,1255.5357666015625,,unavailable in GeoTIFF; band index reported
upload_f3b95c9c-Z0821,9,64,1261.125,,unavailable in GeoTIFF; band index reported
upload_f3b95c9c-Z0821,9,65,1246.7857666015625,4065.0446674384852,unavailable in GeoTIFF; band index reported
upload_f3b95c9c-Z0821,9,66,1252.5535888671875,,unavailable in GeoTIFF; band index reported
upload_f3b95c9c-Z0821,9,67,1256.3392333984375,,unavailable in GeoTIFF; band index reported
upload_f3b95c9c-Z0821,9,68,1260.232177734375,,unavailable in GeoTIFF; band index reported
upload_f3b95c9c-Z0821,9,69,1299.375,,unavailable in GeoTIFF; band index reported
upload_f3b95c9c-Z0821,9,70,1274.8392333984375,,unavailable in GeoTIFF; band index reported
upload_f3b95c9c-Z0821,9,71,1249.5714111328125,,unavailable in GeoTIFF; band index reported
upload_f3b95c9c-Z0821,9,72,1222.267822265625,4050.215776525129,unavailable in GeoTIFF; band index reported
upload_f3b95c9c-Z0821,9,73,1211.0714111328125,,unavailable in GeoTIFF; band index reported
upload_f3b95c9c-Z0821,9,74,1179.7857666015625,,unavailable in GeoTIFF; band index reported
upload_f3b95c9c-Z0821,9,75,1203.642822265625,,unavailable in GeoTIFF; band index reported
upload_f3b95c9c-Z0821,9,76,1161.482177734375,,unavailable in GeoTIFF; band index reported
upload_f3b95c9c-Z0821,9,77,1183.142822265625,,unavailable in GeoTIFF; band index reported
upload_f3b95c9c-Z0821,9,78,1198.2142333984375,,unavailable in GeoTIFF; band index reported
upload_f3b95c9c-Z0821,9,79,1197.4285888671875,,unavailable in GeoTIFF; band index reported
upload_f3b95c9c-Z0821,9,80,1341.0892333984375,4184.484206899644,unavailable in GeoTIFF; band index reported
upload_f3b95c9c-Z0821,9,81,1189.107177734375,,unavailable in GeoTIFF; band index reported
upload_f3b95c9c-Z0821,9,82,1333.4642333984375,,unavailable in GeoTIFF; band index reported
upload_f3b95c9c-Z0821,9,83,1124.8214111328125,,unavailable in GeoTIFF; band index reported
upload_f3b95c9c-Z0821,9,84,1096.6785888671875,,unavailable in GeoTIFF; band index reported
upload_f3b95c9c-Z0821,9,85,1352.0892333984375,,unavailable in GeoTIFF; band index reported
upload_f3b95c9c-Z0821,9,86,1201.517822265625,,unavailable in GeoTIFF; band index reported
upload_f3b95c9c-Z0821,9,87,1367.107177734375,4217.572870382801,unavailable in GeoTIFF; band index reported
upload_f3b95c9c-Z0821,9,88,1048.5535888671875,,unavailable in GeoTIFF; band index reported
upload_f3b95c9c-Z0821,9,89,1407.3214111328125,,unavailable in GeoTIFF; band index reported
upload_f3b95c9c-Z0821,9,90,1046.4642333984375,,unavailable in GeoTIFF; band index reported
upload_f3b95c9c-Z0821,9,91,1425.875,,unavailable in GeoTIFF; band index reported
upload_f3b95c9c-Z0821,9,92,1034.767822265625,,unavailable in GeoTIFF; band index reported
upload_f3b95c9c-Z0821,9,93,1002.9642944335938,,unavailable in GeoTIFF; band index reported
upload_f3b95c9c-Z0821,9,94,1396.9107666015625,4333.966700834949,unavailable in GeoTIFF; band index reported
upload_f3b95c9c-Z0821,9,95,1009.6071166992188,,unavailable in GeoTIFF; band index reported
upload_f3b95c9c-Z0821,9,96,1298.1964111328125,,unavailable in GeoTIFF; band index reported
upload_f3b95c9c-Z0821,9,97,995.3928833007812,,unavailable in GeoTIFF; band index reported
upload_f3b95c9c-Z0821,9,98,1267.5,,unavailable in GeoTIFF; band index reported
upload_f3b95c9c-Z0821,9,99,957.6428833007812,,unavailable in GeoTIFF; band index reported
upload_f3b95c9c-Z0821,9,100,1206.517822265625,,unavailable in GeoTIFF; band index reported
upload_f3b95c9c-Z0821,9,101,965.6428833007812,3757.180979821616,unavailable in GeoTIFF; band index reported
upload_f3b95c9c-Z0821,9,102,1175.4285888671875,,unavailable in GeoTIFF; band index reported
upload_f3b95c9c-Z0821,9,103,1150.357177734375,,unavailable in GeoTIFF; band index reported
upload_f3b95c9c-Z0821,9,104,1137.017822265625,,unavailable in GeoTIFF; band index reported
upload_f3b95c9c-Z0821,9,105,1127.9642333984375,,unavailable in GeoTIFF; band index reported
upload_f3b95c9c-Z0821,9,106,1119.0535888671875,,unavailable in GeoTIFF; band index reported
upload_f3b95c9c-Z0821,9,107,1121.25,,unavailable in GeoTIFF; band index reported
upload_f3b95c9c-Z0821,9,108,1143.7142333984375,4119.44470923602,unavailable in GeoTIFF; band index reported
upload_f3b95c9c-Z0821,9,109,1156.2142333984375,,unavailable in GeoTIFF; band index reported
upload_f3b95c9c-Z0821,9,110,1174.732177734375,,unavailable in GeoTIFF; band index reported
upload_f3b95c9c-Z0821,9,111,1234.642822265625,,unavailable in GeoTIFF; band index reported
upload_f3b95c9c-Z0821,9,112,1289.267822265625,,unavailable in GeoTIFF; band index reported
upload_f3b95c9c-Z0821,9,113,1287.607177734375,,unavailable in GeoTIFF; band index reported
upload_f3b95c9c-Z0821,9,114,1220.017822265625,,unavailable in GeoTIFF; band index reported
upload_f3b95c9c-Z0821,9,115,1272.142822265625,,unavailable in GeoTIFF; band index reported
upload_f3b95c9c-Z0821,9,116,1204.8214111328125,4264.452026303014,unavailable in GeoTIFF; band index reported
upload_f3b95c9c-Z0821,9,117,1096.5714111328125,,unavailable in GeoTIFF; band index reported
upload_f3b95c9c-Z0821,9,118,1040.642822265625,,unavailable in GeoTIFF; band index reported
upload_f3b95c9c-Z0821,9,119,992.3571166992188,,unavailable in GeoTIFF; band index reported
upload_f3b95c9c-Z0821,9,120,955.5,,unavailable in GeoTIFF; band index reported
upload_f3b95c9c-Z0821,9,121,924.8214111328125,,unavailable in GeoTIFF; band index reported
upload_f3b95c9c-Z0821,9,122,894.5535888671875,,unavailable in GeoTIFF; band index reported
upload_f3b95c9c-Z0821,9,123,876.5714111328125,3638.128168835215,unavailable in GeoTIFF; band index reported
upload_f3b95c9c-Z0821,9,124,863.4821166992188,,unavailable in GeoTIFF; band index reported
upload_f3b95c9c-Z0821,9,125,914.25,,unavailable in GeoTIFF; band index reported
upload_f3b95c9c-Z0821,9,126,900.0357055664062,,unavailable in GeoTIFF; band index reported
upload_f3b95c9c-Z0821,9,127,913.3571166992188,,unavailable in GeoTIFF; band index reported
upload_f3b95c9c-Z0821,9,128,933.4642944335938,,unavailable in GeoTIFF; band index reported
upload_f3b95c9c-Z0821,9,129,944.6428833007812,,unavailable in GeoTIFF; band index reported
upload_f3b95c9c-Z0821,9,130,969.2857055664062,3697.105728725079,unavailable in GeoTIFF; band index reported
upload_f3b95c9c-Z0821,9,131,-32768.0,,unavailable in GeoTIFF; band index reported
upload_f3b95c9c-Z0821,9,132,-32768.0,,unavailable in GeoTIFF; band index reported
upload_f3b95c9c-Z0821,9,133,-32768.0,,unavailable in GeoTIFF; band index reported
upload_f3b95c9c-Z0821,9,134,-32768.0,,unavailable in GeoTIFF; band index reported
upload_f3b95c9c-Z0821,9,135,-32768.0,,unavailable in GeoTIFF; band index reported
upload_f3b95c9c-Z0821,9,136,576.0,,unavailable in GeoTIFF; band index reported
upload_f3b95c9c-Z0821,9,137,404.75,1385.8706168393314,unavailable in GeoTIFF; band index reported
upload_f3b95c9c-Z0821,9,138,243.5,,unavailable in GeoTIFF; band index reported
upload_f3b95c9c-Z0821,9,139,168.8392791748047,,unavailable in GeoTIFF; band index reported
upload_f3b95c9c-Z0821,9,140,156.05357360839844,,unavailable in GeoTIFF; band index reported
upload_f3b95c9c-Z0821,9,141,153.94642639160156,,unavailable in GeoTIFF; band index reported
upload_f3b95c9c-Z0821,9,142,161.0357208251953,,unavailable in GeoTIFF; band index reported
upload_f3b95c9c-Z0821,9,143,165.0,,unavailable in GeoTIFF; band index reported
upload_f3b95c9c-Z0821,9,144,176.26785278320312,1146.0124725007981,unavailable in GeoTIFF; band index reported
upload_f3b95c9c-Z0821,9,145,193.42857360839844,,unavailable in GeoTIFF; band index reported
upload_f3b95c9c-Z0821,9,146,207.2857208251953,,unavailable in GeoTIFF; band index reported
upload_f3b95c9c-Z0821,9,147,233.67857360839844,,unavailable in GeoTIFF; band index reported
upload_f3b95c9c-Z0821,9,148,253.92857360839844,,unavailable in GeoTIFF; band index reported
upload_f3b95c9c-Z0821,9,149,269.75,,unavailable in GeoTIFF; band index reported
upload_f3b95c9c-Z0821,9,150,289.21429443359375,,unavailable in GeoTIFF; band index reported
upload_f3b95c9c-Z0821,9,151,294.0714416503906,,unavailable in GeoTIFF; band index reported
upload_f3b95c9c-Z0821,9,152,303.16070556640625,1713.2995919812897,unavailable in GeoTIFF; band index reported
upload_f3b95c9c-Z0821,9,153,314.71429443359375,,unavailable in GeoTIFF; band index reported
upload_f3b95c9c-Z0821,9,154,331.5714416503906,,unavailable in GeoTIFF; band index reported
upload_f3b95c9c-Z0821,9,155,342.0178527832031,,unavailable in GeoTIFF; band index reported
upload_f3b95c9c-Z0821,9,156,359.03570556640625,,unavailable in GeoTIFF; band index reported
upload_f3b95c9c-Z0821,9,157,372.5714416503906,,unavailable in GeoTIFF; band index reported
upload_f3b95c9c-Z0821,9,158,397.125,,unavailable in GeoTIFF; band index reported
upload_f3b95c9c-Z0821,9,159,410.91070556640625,2111.832854444975,unavailable in GeoTIFF; band index reported
upload_f3b95c9c-Z0821,9,160,418.53570556640625,,unavailable in GeoTIFF; band index reported
upload_f3b95c9c-Z0821,9,161,429.96429443359375,,unavailable in GeoTIFF; band index reported
upload_f3b95c9c-Z0821,9,162,438.33929443359375,,unavailable in GeoTIFF; band index reported
upload_f3b95c9c-Z0821,9,163,465.91070556640625,,unavailable in GeoTIFF; band index reported
upload_f3b95c9c-Z0821,9,164,453.8928527832031,,unavailable in GeoTIFF; band index reported
upload_f3b95c9c-Z0821,9,165,495.7678527832031,,unavailable in GeoTIFF; band index reported
upload_f3b95c9c-Z0821,9,166,534.1785888671875,2397.743743529186,unavailable in GeoTIFF; band index reported
upload_f3b95c9c-Z0821,9,167,71.96428680419922,,unavailable in GeoTIFF; band index reported
upload_f3b95c9c-Z0821,9,168,83.625,,unavailable in GeoTIFF; band index reported
upload_f3b95c9c-Z0821,9,169,85.28571319580078,,unavailable in GeoTIFF; band index reported
upload_f3b95c9c-Z0821,9,170,79.03571319580078,,unavailable in GeoTIFF; band index reported
upload_f3b95c9c-Z0821,9,171,66.21428680419922,,unavailable in GeoTIFF; band index reported
upload_f3b95c9c-Z0821,9,172,66.67857360839844,,unavailable in GeoTIFF; band index reported
upload_f3b95c9c-Z0821,9,173,86.35713958740234,620.0160149725663,unavailable in GeoTIFF; band index reported
upload_f3b95c9c-Z0821,9,174,93.66071319580078,,unavailable in GeoTIFF; band index reported
upload_f3b95c9c-Z0821,9,175,96.51786041259766,,unavailable in GeoTIFF; band index reported
upload_f3b95c9c-Z0821,9,176,83.44642639160156,,unavailable in GeoTIFF; band index reported
upload_f3b95c9c-Z0821,9,177,90.03571319580078,,unavailable in GeoTIFF; band index reported
upload_f3b95c9c-Z0821,9,178,104.98213958740234,,unavailable in GeoTIFF; band index reported
upload_f3b95c9c-Z0821,9,179,124.91071319580078,,unavailable in GeoTIFF; band index reported
upload_f3b95c9c-Z0821,9,180,130.7142791748047,814.1379422466697,unavailable in GeoTIFF; band index reported
upload_f3b95c9c-Z0821,9,181,142.5357208251953,,unavailable in GeoTIFF; band index reported
upload_f3b95c9c-Z0821,9,182,151.39285278320312,,unavailable in GeoTIFF; band index reported
upload_f3b95c9c-Z0821,9,183,172.35714721679688,,unavailable in GeoTIFF; band index reported
upload_f3b95c9c-Z0821,9,184,186.07142639160156,,unavailable in GeoTIFF; band index reported
upload_f3b95c9c-Z0821,9,185,200.10714721679688,,unavailable in GeoTIFF; band index reported
upload_f3b95c9c-Z0821,9,186,212.64285278320312,,unavailable in GeoTIFF; band index reported
upload_f3b95c9c-Z0821,9,187,229.3392791748047,,unavailable in GeoTIFF; band index reported
upload_f3b95c9c-Z0821,9,188,247.2142791748047,1354.1786441418403,unavailable in GeoTIFF; band index reported
upload_f3b95c9c-Z0821,9,189,260.0,,unavailable in GeoTIFF; band index reported
upload_f3b95c9c-Z0821,9,190,275.9821472167969,,unavailable in GeoTIFF; band index reported
upload_f3b95c9c-Z0821,9,191,289.91070556640625,,unavailable in GeoTIFF; band index reported
upload_f3b95c9c-Z0821,9,192,302.5178527832031,,unavailable in GeoTIFF; band index reported
upload_f3b95c9c-Z0821,9,193,310.2678527832031,,unavailable in GeoTIFF; band index reported
upload_f3b95c9c-Z0821,9,194,331.9285583496094,,unavailable in GeoTIFF; band index reported
upload_f3b95c9c-Z0821,9,195,337.0,1766.3885489005581,unavailable in GeoTIFF; band index reported
upload_f3b95c9c-Z0821,9,196,349.9821472167969,,unavailable in GeoTIFF; band index reported
upload_f3b95c9c-Z0821,9,197,354.3571472167969,,unavailable in GeoTIFF; band index reported
upload_f3b95c9c-Z0821,9,198,353.1785583496094,,unavailable in GeoTIFF; band index reported
upload_f3b95c9c-Z0821,9,199,347.1071472167969,,unavailable in GeoTIFF; band index reported
upload_f3b95c9c-Z0821,9,200,354.8928527832031,,unavailable in GeoTIFF; band index reported
upload_f3b95c9c-Z0821,9,201,343.83929443359375,,unavailable in GeoTIFF; band index reported
upload_f3b95c9c-Z0821,9,202,326.0714416503906,1708.6980116632828,unavailable in GeoTIFF; band index reported
upload_f3b95c9c-Z0821,9,203,309.4285583496094,,unavailable in GeoTIFF; band index reported
upload_f3b95c9c-Z0821,9,204,293.9464416503906,,unavailable in GeoTIFF; band index reported
upload_f3b95c9c-Z0821,9,205,268.08929443359375,,unavailable in GeoTIFF; band index reported
upload_f3b95c9c-Z0821,9,206,256.5535583496094,,unavailable in GeoTIFF; band index reported
upload_f3b95c9c-Z0821,9,207,237.64285278320312,,unavailable in GeoTIFF; band index reported
upload_f3b95c9c-Z0821,9,208,235.625,,unavailable in GeoTIFF; band index reported
upload_f3b95c9c-Z0821,9,209,208.92857360839844,1205.8682828381327,unavailable in GeoTIFF; band index reported
upload_f3b95c9c-Z0821,9,210,199.25,,unavailable in GeoTIFF; band index reported
upload_f3b95c9c-Z0821,9,211,195.7857208251953,,unavailable in GeoTIFF; band index reported
upload_f3b95c9c-Z0821,9,212,180.5892791748047,,unavailable in GeoTIFF; band index reported
upload_f3b95c9c-Z0821,9,213,179.01785278320312,,unavailable in GeoTIFF; band index reported
upload_f3b95c9c-Z0821,9,214,160.14285278320312,,unavailable in GeoTIFF; band index reported
upload_f3b95c9c-Z0821,9,215,178.2142791748047,,unavailable in GeoTIFF; band index reported
upload_f3b95c9c-Z0821,9,216,168.89285278320312,972.0827768821342,unavailable in GeoTIFF; band index reported
upload_f3b95c9c-Z0821,9,217,162.6607208251953,,unavailable in GeoTIFF; band index reported
upload_f3b95c9c-Z0821,9,218,152.625,,unavailable in GeoTIFF; band index reported
upload_f3b95c9c-Z0821,9,219,163.57142639160156,,unavailable in GeoTIFF; band index reported
upload_f3b95c9c-Z0821,9,220,157.0892791748047,,unavailable in GeoTIFF; band index reported
upload_f3b95c9c-Z0821,9,221,144.44642639160156,,unavailable in GeoTIFF; band index reported
upload_f3b95c9c-Z0821,9,222,135.51785278320312,,unavailable in GeoTIFF; band index reported
upload_f3b95c9c-Z0821,9,223,135.42857360839844,,unavailable in GeoTIFF; band index reported
upload_f3b95c9c-Z0821,9,224,141.625,725.5769590304819,unavailable in GeoTIFF; band index reported
upload_f3b95c9c-Z0823,10,1,1875.5294189453125,3903.5687642480493,unavailable in GeoTIFF; band index reported
upload_f3b95c9c-Z0823,10,2,1856.053955078125,,unavailable in GeoTIFF; band index reported
upload_f3b95c9c-Z0823,10,3,1946.686279296875,,unavailable in GeoTIFF; band index reported
upload_f3b95c9c-Z0823,10,4,1979.7696533203125,,unavailable in GeoTIFF; band index reported
upload_f3b95c9c-Z0823,10,5,2034.7696533203125,,unavailable in GeoTIFF; band index reported
upload_f3b95c9c-Z0823,10,6,2063.529296875,,unavailable in GeoTIFF; band index reported
upload_f3b95c9c-Z0823,10,7,2123.5,,unavailable in GeoTIFF; band index reported
upload_f3b95c9c-Z0823,10,8,2187.529296875,3925.551270116211,unavailable in GeoTIFF; band index reported
upload_f3b95c9c-Z0823,10,9,2207.563720703125,,unavailable in GeoTIFF; band index reported
upload_f3b95c9c-Z0823,10,10,2270.666748046875,,unavailable in GeoTIFF; band index reported
upload_f3b95c9c-Z0823,10,11,2285.455810546875,,unavailable in GeoTIFF; band index reported
upload_f3b95c9c-Z0823,10,12,2286.186279296875,,unavailable in GeoTIFF; band index reported
upload_f3b95c9c-Z0823,10,13,2313.10791015625,,unavailable in GeoTIFF; band index reported
upload_f3b95c9c-Z0823,10,14,2375.088134765625,,unavailable in GeoTIFF; band index reported
upload_f3b95c9c-Z0823,10,15,2428.460693359375,3942.6649578306146,unavailable in GeoTIFF; band index reported
upload_f3b95c9c-Z0823,10,16,2436.25,,unavailable in GeoTIFF; band index reported
upload_f3b95c9c-Z0823,10,17,2475.4755859375,,unavailable in GeoTIFF; band index reported
upload_f3b95c9c-Z0823,10,18,2521.421630859375,,unavailable in GeoTIFF; band index reported
upload_f3b95c9c-Z0823,10,19,2539.328369140625,,unavailable in GeoTIFF; band index reported
upload_f3b95c9c-Z0823,10,20,2607.779296875,,unavailable in GeoTIFF; band index reported
upload_f3b95c9c-Z0823,10,21,2681.7744140625,,unavailable in GeoTIFF; band index reported
upload_f3b95c9c-Z0823,10,22,2713.34814453125,3933.650157834212,unavailable in GeoTIFF; band index reported
upload_f3b95c9c-Z0823,10,23,2756.671630859375,,unavailable in GeoTIFF; band index reported
upload_f3b95c9c-Z0823,10,24,2803.661865234375,,unavailable in GeoTIFF; band index reported
upload_f3b95c9c-Z0823,10,25,2858.308837890625,,unavailable in GeoTIFF; band index reported
upload_f3b95c9c-Z0823,10,26,2923.813720703125,,unavailable in GeoTIFF; band index reported
upload_f3b95c9c-Z0823,10,27,2957.65185546875,,unavailable in GeoTIFF; band index reported
upload_f3b95c9c-Z0823,10,28,2991.318603515625,,unavailable in GeoTIFF; band index reported
upload_f3b95c9c-Z0823,10,29,3033.2548828125,3930.7107380000457,unavailable in GeoTIFF; band index reported
upload_f3b95c9c-Z0823,10,30,3067.553955078125,,unavailable in GeoTIFF; band index reported
upload_f3b95c9c-Z0823,10,31,3100.568603515625,,unavailable in GeoTIFF; band index reported
upload_f3b95c9c-Z0823,10,32,3105.7744140625,,unavailable in GeoTIFF; band index reported
upload_f3b95c9c-Z0823,10,33,3099.7255859375,,unavailable in GeoTIFF; band index reported
upload_f3b95c9c-Z0823,10,34,3165.26953125,,unavailable in GeoTIFF; band index reported
upload_f3b95c9c-Z0823,10,35,3174.73046875,,unavailable in GeoTIFF; band index reported
upload_f3b95c9c-Z0823,10,36,3179.843017578125,3910.678847702552,unavailable in GeoTIFF; band index reported
upload_f3b95c9c-Z0823,10,37,3208.14697265625,,unavailable in GeoTIFF; band index reported
upload_f3b95c9c-Z0823,10,38,3227.044189453125,,unavailable in GeoTIFF; band index reported
upload_f3b95c9c-Z0823,10,39,3237.5244140625,,unavailable in GeoTIFF; band index reported
upload_f3b95c9c-Z0823,10,40,3245.4755859375,,unavailable in GeoTIFF; band index reported
upload_f3b95c9c-Z0823,10,41,3278.549072265625,,unavailable in GeoTIFF; band index reported
upload_f3b95c9c-Z0823,10,42,3266.970703125,,unavailable in GeoTIFF; band index reported
upload_f3b95c9c-Z0823,10,43,3268.941162109375,,unavailable in GeoTIFF; band index reported
upload_f3b95c9c-Z0823,10,44,3315.823486328125,4004.6816681009223,unavailable in GeoTIFF; band index reported
upload_f3b95c9c-Z0823,10,45,3328.2353515625,,unavailable in GeoTIFF; band index reported
upload_f3b95c9c-Z0823,10,46,3331.7646484375,,unavailable in GeoTIFF; band index reported
upload_f3b95c9c-Z0823,10,47,3361.73046875,,unavailable in GeoTIFF; band index reported
upload_f3b95c9c-Z0823,10,48,3405.200927734375,,unavailable in GeoTIFF; band index reported
upload_f3b95c9c-Z0823,10,49,3420.416748046875,,unavailable in GeoTIFF; band index reported
upload_f3b95c9c-Z0823,10,50,3446.205810546875,,unavailable in GeoTIFF; band index reported
upload_f3b95c9c-Z0823,10,51,3403.48046875,4023.527760350648,unavailable in GeoTIFF; band index reported
upload_f3b95c9c-Z0823,10,52,3400.906982421875,,unavailable in GeoTIFF; band index reported
upload_f3b95c9c-Z0823,10,53,3470.759765625,,unavailable in GeoTIFF; band index reported
upload_f3b95c9c-Z0823,10,54,3481.303955078125,,unavailable in GeoTIFF; band index reported
upload_f3b95c9c-Z0823,10,55,3516.63720703125,,unavailable in GeoTIFF; band index reported
upload_f3b95c9c-Z0823,10,56,3526.343017578125,,unavailable in GeoTIFF; band index reported
upload_f3b95c9c-Z0823,10,57,3578.10791015625,,unavailable in GeoTIFF; band index reported
upload_f3b95c9c-Z0823,10,58,3563.284423828125,4102.57972895471,unavailable in GeoTIFF; band index reported
upload_f3b95c9c-Z0823,10,59,3547.2744140625,,unavailable in GeoTIFF; band index reported
upload_f3b95c9c-Z0823,10,60,3544.85791015625,,unavailable in GeoTIFF; band index reported
upload_f3b95c9c-Z0823,10,61,3615.406982421875,,unavailable in GeoTIFF; band index reported
upload_f3b95c9c-Z0823,10,62,3479.12255859375,,unavailable in GeoTIFF; band index reported
upload_f3b95c9c-Z0823,10,63,3624.61767578125,,unavailable in GeoTIFF; band index reported
upload_f3b95c9c-Z0823,10,64,3640.289306640625,,unavailable in GeoTIFF; band index reported
upload_f3b95c9c-Z0823,10,65,3643.470703125,4065.0446674384852,unavailable in GeoTIFF; band index reported
upload_f3b95c9c-Z0823,10,66,3656.73046875,,unavailable in GeoTIFF; band index reported
upload_f3b95c9c-Z0823,10,67,3655.710693359375,,unavailable in GeoTIFF; band index reported
upload_f3b95c9c-Z0823,10,68,3686.61767578125,,unavailable in GeoTIFF; band index reported
upload_f3b95c9c-Z0823,10,69,3734.931396484375,,unavailable in GeoTIFF; band index reported
upload_f3b95c9c-Z0823,10,70,3715.926513671875,,unavailable in GeoTIFF; band index reported
upload_f3b95c9c-Z0823,10,71,3741.406982421875,,unavailable in GeoTIFF; band index reported
upload_f3b95c9c-Z0823,10,72,3662.828369140625,4050.215776525129,unavailable in GeoTIFF; band index reported
upload_f3b95c9c-Z0823,10,73,3650.87255859375,,unavailable in GeoTIFF; band index reported
upload_f3b95c9c-Z0823,10,74,3650.661865234375,,unavailable in GeoTIFF; band index reported
upload_f3b95c9c-Z0823,10,75,3632.656982421875,,unavailable in GeoTIFF; band index reported
upload_f3b95c9c-Z0823,10,76,3652.573486328125,,unavailable in GeoTIFF; band index reported
upload_f3b95c9c-Z0823,10,77,3639.2646484375,,unavailable in GeoTIFF; band index reported
upload_f3b95c9c-Z0823,10,78,3637.39697265625,,unavailable in GeoTIFF; band index reported
upload_f3b95c9c-Z0823,10,79,3723.75,,unavailable in GeoTIFF; band index reported
upload_f3b95c9c-Z0823,10,80,3849.279296875,4184.484206899644,unavailable in GeoTIFF; band index reported
upload_f3b95c9c-Z0823,10,81,3652.9853515625,,unavailable in GeoTIFF; band index reported
upload_f3b95c9c-Z0823,10,82,3834.59814453125,,unavailable in GeoTIFF; band index reported
upload_f3b95c9c-Z0823,10,83,3548.970703125,,unavailable in GeoTIFF; band index reported
upload_f3b95c9c-Z0823,10,84,3551.843017578125,,unavailable in GeoTIFF; band index reported
upload_f3b95c9c-Z0823,10,85,3927.926513671875,,unavailable in GeoTIFF; band index reported
upload_f3b95c9c-Z0823,10,86,3870.75,,unavailable in GeoTIFF; band index reported
upload_f3b95c9c-Z0823,10,87,3912.15185546875,4217.572870382801,unavailable in GeoTIFF; band index reported
upload_f3b95c9c-Z0823,10,88,3673.166748046875,,unavailable in GeoTIFF; band index reported
upload_f3b95c9c-Z0823,10,89,3806.7451171875,,unavailable in GeoTIFF; band index reported
upload_f3b95c9c-Z0823,10,90,3518.64697265625,,unavailable in GeoTIFF; band index reported
upload_f3b95c9c-Z0823,10,91,3968.181396484375,,unavailable in GeoTIFF; band index reported
upload_f3b95c9c-Z0823,10,92,3502.51953125,,unavailable in GeoTIFF; band index reported
upload_f3b95c9c-Z0823,10,93,3558.38720703125,,unavailable in GeoTIFF; band index reported
upload_f3b95c9c-Z0823,10,94,4092.48046875,4333.966700834949,unavailable in GeoTIFF; band index reported
upload_f3b95c9c-Z0823,10,95,3638.446044921875,,unavailable in GeoTIFF; band index reported
upload_f3b95c9c-Z0823,10,96,3980.691162109375,,unavailable in GeoTIFF; band index reported
upload_f3b95c9c-Z0823,10,97,3551.11767578125,,unavailable in GeoTIFF; band index reported
upload_f3b95c9c-Z0823,10,98,3996.289306640625,,unavailable in GeoTIFF; band index reported
upload_f3b95c9c-Z0823,10,99,3530.7451171875,,unavailable in GeoTIFF; band index reported
upload_f3b95c9c-Z0823,10,100,3945.215576171875,,unavailable in GeoTIFF; band index reported
upload_f3b95c9c-Z0823,10,101,3528.450927734375,3757.180979821616,unavailable in GeoTIFF; band index reported
upload_f3b95c9c-Z0823,10,102,3928.029296875,,unavailable in GeoTIFF; band index reported
upload_f3b95c9c-Z0823,10,103,3938.15185546875,,unavailable in GeoTIFF; band index reported
upload_f3b95c9c-Z0823,10,104,3936.37744140625,,unavailable in GeoTIFF; band index reported
upload_f3b95c9c-Z0823,10,105,3933.2744140625,,unavailable in GeoTIFF; band index reported
upload_f3b95c9c-Z0823,10,106,3920.4951171875,,unavailable in GeoTIFF; band index reported
upload_f3b95c9c-Z0823,10,107,3931.48046875,,unavailable in GeoTIFF; band index reported
upload_f3b95c9c-Z0823,10,108,3973.691162109375,4119.44470923602,unavailable in GeoTIFF; band index reported
upload_f3b95c9c-Z0823,10,109,3998.26953125,,unavailable in GeoTIFF; band index reported
upload_f3b95c9c-Z0823,10,110,4042.838134765625,,unavailable in GeoTIFF; band index reported
upload_f3b95c9c-Z0823,10,111,4177.90673828125,,unavailable in GeoTIFF; band index reported
upload_f3b95c9c-Z0823,10,112,4273.720703125,,unavailable in GeoTIFF; band index reported
upload_f3b95c9c-Z0823,10,113,3946.313720703125,,unavailable in GeoTIFF; band index reported
upload_f3b95c9c-Z0823,10,114,3901.406982421875,,unavailable in GeoTIFF; band index reported
upload_f3b95c9c-Z0823,10,115,4260.740234375,,unavailable in GeoTIFF; band index reported
upload_f3b95c9c-Z0823,10,116,4370.82373046875,4264.452026303014,unavailable in GeoTIFF; band index reported
upload_f3b95c9c-Z0823,10,117,4180.7109375,,unavailable in GeoTIFF; band index reported
upload_f3b95c9c-Z0823,10,118,4124.0390625,,unavailable in GeoTIFF; band index reported
upload_f3b95c9c-Z0823,10,119,4091.941162109375,,unavailable in GeoTIFF; band index reported
upload_f3b95c9c-Z0823,10,120,4109.73046875,,unavailable in GeoTIFF; band index reported
upload_f3b95c9c-Z0823,10,121,4102.9560546875,,unavailable in GeoTIFF; band index reported
upload_f3b95c9c-Z0823,10,122,4104.69140625,,unavailable in GeoTIFF; band index reported
upload_f3b95c9c-Z0823,10,123,4094.681396484375,3638.128168835215,unavailable in GeoTIFF; band index reported
upload_f3b95c9c-Z0823,10,124,4049.284423828125,,unavailable in GeoTIFF; band index reported
upload_f3b95c9c-Z0823,10,125,4143.548828125,,unavailable in GeoTIFF; band index reported
upload_f3b95c9c-Z0823,10,126,4240.5390625,,unavailable in GeoTIFF; band index reported
upload_f3b95c9c-Z0823,10,127,4293.75,,unavailable in GeoTIFF; band index reported
upload_f3b95c9c-Z0823,10,128,4345.18603515625,,unavailable in GeoTIFF; band index reported
upload_f3b95c9c-Z0823,10,129,4357.34814453125,,unavailable in GeoTIFF; band index reported
upload_f3b95c9c-Z0823,10,130,4345.89697265625,3697.105728725079,unavailable in GeoTIFF; band index reported
upload_f3b95c9c-Z0823,10,131,-32768.0,,unavailable in GeoTIFF; band index reported
upload_f3b95c9c-Z0823,10,132,-32768.0,,unavailable in GeoTIFF; band index reported
upload_f3b95c9c-Z0823,10,133,-32768.0,,unavailable in GeoTIFF; band index reported
upload_f3b95c9c-Z0823,10,134,-32768.0,,unavailable in GeoTIFF; band index reported
upload_f3b95c9c-Z0823,10,135,-32768.0,,unavailable in GeoTIFF; band index reported
upload_f3b95c9c-Z0823,10,136,3117.549072265625,,unavailable in GeoTIFF; band index reported
upload_f3b95c9c-Z0823,10,137,2978.553955078125,1385.8706168393314,unavailable in GeoTIFF; band index reported
upload_f3b95c9c-Z0823,10,138,2957.205810546875,,unavailable in GeoTIFF; band index reported
upload_f3b95c9c-Z0823,10,139,3033.955810546875,,unavailable in GeoTIFF; band index reported
upload_f3b95c9c-Z0823,10,140,3030.5,,unavailable in GeoTIFF; band index reported
upload_f3b95c9c-Z0823,10,141,3021.470703125,,unavailable in GeoTIFF; band index reported
upload_f3b95c9c-Z0823,10,142,3071.84814453125,,unavailable in GeoTIFF; band index reported
upload_f3b95c9c-Z0823,10,143,3068.5244140625,,unavailable in GeoTIFF; band index reported
upload_f3b95c9c-Z0823,10,144,3108.343017578125,1146.0124725007981,unavailable in GeoTIFF; band index reported
upload_f3b95c9c-Z0823,10,145,3176.7451171875,,unavailable in GeoTIFF; band index reported
upload_f3b95c9c-Z0823,10,146,3246.62744140625,,unavailable in GeoTIFF; band index reported
upload_f3b95c9c-Z0823,10,147,3320.12255859375,,unavailable in GeoTIFF; band index reported
upload_f3b95c9c-Z0823,10,148,3411.294189453125,,unavailable in GeoTIFF; band index reported
upload_f3b95c9c-Z0823,10,149,3448.955810546875,,unavailable in GeoTIFF; band index reported
upload_f3b95c9c-Z0823,10,150,3518.39208984375,,unavailable in GeoTIFF; band index reported
upload_f3b95c9c-Z0823,10,151,3578.553955078125,,unavailable in GeoTIFF; band index reported
upload_f3b95c9c-Z0823,10,152,3584.073486328125,1713.2995919812897,unavailable in GeoTIFF; band index reported
upload_f3b95c9c-Z0823,10,153,3613.60791015625,,unavailable in GeoTIFF; band index reported
upload_f3b95c9c-Z0823,10,154,3675.539306640625,,unavailable in GeoTIFF; band index reported
upload_f3b95c9c-Z0823,10,155,3725.13720703125,,unavailable in GeoTIFF; band index reported
upload_f3b95c9c-Z0823,10,156,3789.2548828125,,unavailable in GeoTIFF; band index reported
upload_f3b95c9c-Z0823,10,157,3818.63720703125,,unavailable in GeoTIFF; band index reported
upload_f3b95c9c-Z0823,10,158,3884.161865234375,,unavailable in GeoTIFF; band index reported
upload_f3b95c9c-Z0823,10,159,3907.044189453125,2111.832854444975,unavailable in GeoTIFF; band index reported
upload_f3b95c9c-Z0823,10,160,3939.681396484375,,unavailable in GeoTIFF; band index reported
upload_f3b95c9c-Z0823,10,161,3971.965576171875,,unavailable in GeoTIFF; band index reported
upload_f3b95c9c-Z0823,10,162,3984.426513671875,,unavailable in GeoTIFF; band index reported
upload_f3b95c9c-Z0823,10,163,3973.720703125,,unavailable in GeoTIFF; band index reported
upload_f3b95c9c-Z0823,10,164,3974.068603515625,,unavailable in GeoTIFF; band index reported
upload_f3b95c9c-Z0823,10,165,4094.11767578125,,unavailable in GeoTIFF; band index reported
upload_f3b95c9c-Z0823,10,166,4158.25,2397.743743529186,unavailable in GeoTIFF; band index reported
upload_f3b95c9c-Z0823,10,167,1992.38720703125,,unavailable in GeoTIFF; band index reported
upload_f3b95c9c-Z0823,10,168,2210.544189453125,,unavailable in GeoTIFF; band index reported
upload_f3b95c9c-Z0823,10,169,2269.289306640625,,unavailable in GeoTIFF; band index reported
upload_f3b95c9c-Z0823,10,170,2126.333251953125,,unavailable in GeoTIFF; band index reported
upload_f3b95c9c-Z0823,10,171,1472.11279296875,,unavailable in GeoTIFF; band index reported
upload_f3b95c9c-Z0823,10,172,1707.87744140625,,unavailable in GeoTIFF; band index reported
upload_f3b95c9c-Z0823,10,173,2554.441162109375,620.0160149725663,unavailable in GeoTIFF; band index reported
upload_f3b95c9c-Z0823,10,174,2613.9951171875,,unavailable in GeoTIFF; band index reported
upload_f3b95c9c-Z0823,10,175,2621.544189453125,,unavailable in GeoTIFF; band index reported
upload_f3b95c9c-Z0823,10,176,2341.11767578125,,unavailable in GeoTIFF; band index reported
upload_f3b95c9c-Z0823,10,177,2321.01953125,,unavailable in GeoTIFF; band index reported
upload_f3b95c9c-Z0823,10,178,2548.686279296875,,unavailable in GeoTIFF; band index reported
upload_f3b95c9c-Z0823,10,179,2874.64697265625,,unavailable in GeoTIFF; band index reported
upload_f3b95c9c-Z0823,10,180,2888.955810546875,814.1379422466697,unavailable in GeoTIFF; band index reported
upload_f3b95c9c-Z0823,10,181,2880.450927734375,,unavailable in GeoTIFF; band index reported
upload_f3b95c9c-Z0823,10,182,2913.13232421875,,unavailable in GeoTIFF; band index reported
upload_f3b95c9c-Z0823,10,183,2955.259765625,,unavailable in GeoTIFF; band index reported
upload_f3b95c9c-Z0823,10,184,3000.661865234375,,unavailable in GeoTIFF; band index reported
upload_f3b95c9c-Z0823,10,185,3076.960693359375,,unavailable in GeoTIFF; band index reported
upload_f3b95c9c-Z0823,10,186,3133.313720703125,,unavailable in GeoTIFF; band index reported
upload_f3b95c9c-Z0823,10,187,3148.333251953125,,unavailable in GeoTIFF; band index reported
upload_f3b95c9c-Z0823,10,188,3180.98046875,1354.1786441418403,unavailable in GeoTIFF; band index reported
upload_f3b95c9c-Z0823,10,189,3193.62255859375,,unavailable in GeoTIFF; band index reported
upload_f3b95c9c-Z0823,10,190,3230.166748046875,,unavailable in GeoTIFF; band index reported
upload_f3b95c9c-Z0823,10,191,3216.156982421875,,unavailable in GeoTIFF; band index reported
upload_f3b95c9c-Z0823,10,192,3229.220703125,,unavailable in GeoTIFF; band index reported
upload_f3b95c9c-Z0823,10,193,3123.38720703125,,unavailable in GeoTIFF; band index reported
upload_f3b95c9c-Z0823,10,194,3171.039306640625,,unavailable in GeoTIFF; band index reported
upload_f3b95c9c-Z0823,10,195,3166.0048828125,1766.3885489005581,unavailable in GeoTIFF; band index reported
upload_f3b95c9c-Z0823,10,196,3211.39697265625,,unavailable in GeoTIFF; band index reported
upload_f3b95c9c-Z0823,10,197,3231.89208984375,,unavailable in GeoTIFF; band index reported
upload_f3b95c9c-Z0823,10,198,3221.89697265625,,unavailable in GeoTIFF; band index reported
upload_f3b95c9c-Z0823,10,199,3206.36279296875,,unavailable in GeoTIFF; band index reported
upload_f3b95c9c-Z0823,10,200,3184.843017578125,,unavailable in GeoTIFF; band index reported
upload_f3b95c9c-Z0823,10,201,3175.813720703125,,unavailable in GeoTIFF; band index reported
upload_f3b95c9c-Z0823,10,202,3145.436279296875,1708.6980116632828,unavailable in GeoTIFF; band index reported
upload_f3b95c9c-Z0823,10,203,3107.9853515625,,unavailable in GeoTIFF; band index reported
upload_f3b95c9c-Z0823,10,204,3034.60302734375,,unavailable in GeoTIFF; band index reported
upload_f3b95c9c-Z0823,10,205,2918.171630859375,,unavailable in GeoTIFF; band index reported
upload_f3b95c9c-Z0823,10,206,2866.14208984375,,unavailable in GeoTIFF; band index reported
upload_f3b95c9c-Z0823,10,207,2784.823486328125,,unavailable in GeoTIFF; band index reported
upload_f3b95c9c-Z0823,10,208,2788.59814453125,,unavailable in GeoTIFF; band index reported
upload_f3b95c9c-Z0823,10,209,2656.48046875,1205.8682828381327,unavailable in GeoTIFF; band index reported
upload_f3b95c9c-Z0823,10,210,2565.784423828125,,unavailable in GeoTIFF; band index reported
upload_f3b95c9c-Z0823,10,211,2522.35302734375,,unavailable in GeoTIFF; band index reported
upload_f3b95c9c-Z0823,10,212,2515.2353515625,,unavailable in GeoTIFF; band index reported
upload_f3b95c9c-Z0823,10,213,2475.799072265625,,unavailable in GeoTIFF; band index reported
upload_f3b95c9c-Z0823,10,214,2403.200927734375,,unavailable in GeoTIFF; band index reported
upload_f3b95c9c-Z0823,10,215,2465.279296875,,unavailable in GeoTIFF; band index reported
upload_f3b95c9c-Z0823,10,216,2444.64208984375,972.0827768821342,unavailable in GeoTIFF; band index reported
upload_f3b95c9c-Z0823,10,217,2336.294189453125,,unavailable in GeoTIFF; band index reported
upload_f3b95c9c-Z0823,10,218,2258.789306640625,,unavailable in GeoTIFF; band index reported
upload_f3b95c9c-Z0823,10,219,2275.89208984375,,unavailable in GeoTIFF; band index reported
upload_f3b95c9c-Z0823,10,220,2169.51953125,,unavailable in GeoTIFF; band index reported
upload_f3b95c9c-Z0823,10,221,2040.2891845703125,,unavailable in GeoTIFF; band index reported
upload_f3b95c9c-Z0823,10,222,1956.4608154296875,,unavailable in GeoTIFF; band index reported
upload_f3b95c9c-Z0823,10,223,1912.990234375,,unavailable in GeoTIFF; band index reported
upload_f3b95c9c-Z0823,10,224,1918.62255859375,725.5769590304819,unavailable in GeoTIFF; band index reported
