zone_id,scene,pixel_count,approx_area_m2,centroid_x,centroid_y,centroid_lon,centroid_lat,mean_risk,max_risk,median_risk,high_priority_pixel_pct,priority_category,threshold_type,recommendation,priority_rank
upload_f3b95c9c-Z0260,upload_f3b95c9c,44,39600.0,378616.36363636365,5088771.818181818,85.43402572901061,45.94178650873819,8.230923652648926,17.85089683532715,5.93705415725708,100.0,HIGH PRIORITY,95th percentile prioritisation threshold,Spectral-stress evidence detected. Prioritise field inspection to determine the underlying cause. Field verification required.,1
upload_f3b95c9c-Z0259,upload_f3b95c9c,75,67500.0,378800.8,5088810.0,85.43639459209999,45.94216260947584,3.3675537109375,12.555070877075195,2.391815185546875,100.0,HIGH PRIORITY,95th percentile prioritisation threshold,Spectral-stress evidence detected. Prioritise field inspection to determine the underlying cause. Field verification required.,2
upload_f3b95c9c-Z0726,upload_f3b95c9c,26,23400.0,364601.53846153844,5074284.230769231,85.2573802707019,45.80883080017684,3.219099283218384,6.101283550262451,2.689267635345459,100.0,HIGH PRIORITY,95th percentile prioritisation threshold,Spectral-stress evidence detected. Prioritise field inspection to determine the underlying cause. Field verification required.,3
upload_f3b95c9c-Z0741,upload_f3b95c9c,11,9900.0,365367.2727272727,5073840.0,85.26735488529353,45.80498411918637,3.0807411670684814,5.365187644958496,2.578601837158203,100.0,HIGH PRIORITY,95th percentile prioritisation threshold,Spectral-stress evidence detected. Prioritise field inspection to determine the underlying cause. Field verification required.,4
upload_f3b95c9c-Z0815,upload_f3b95c9c,26,23400.0,362357.3076923077,5070079.615384615,85.22970842748295,45.7705604328542,3.0573811531066895,4.881450176239014,2.9811763763427734,100.0,HIGH PRIORITY,95th percentile prioritisation threshold,Spectral-stress evidence detected. Prioritise field inspection to determine the underlying cause. Field verification required.,5
upload_f3b95c9c-Z0791,upload_f3b95c9c,52,46800.0,362174.42307692306,5071607.307692308,85.22692172066081,45.78426767335225,2.8056139945983887,4.7117109298706055,2.5578184127807617,100.0,HIGH PRIORITY,95th percentile prioritisation threshold,Spectral-stress evidence detected. Prioritise field inspection to determine the underlying cause. Field verification required.,6
upload_f3b95c9c-Z0828,upload_f3b95c9c,240,216000.0,362704.875,5069173.125,85.2344338918232,45.762474414697756,2.7867023944854736,6.4820075035095215,2.4202451705932617,100.0,HIGH PRIORITY,95th percentile prioritisation threshold,Spectral-stress evidence detected. Prioritise field inspection to determine the underlying cause. Field verification required.,7
upload_f3b95c9c-Z0746,upload_f3b95c9c,30,27000.0,365523.0,5073681.0,85.26940238633189,45.80358403660672,2.778968334197998,4.392884731292725,2.835340976715088,100.0,HIGH PRIORITY,95th percentile prioritisation threshold,Spectral-stress evidence detected. Prioritise field inspection to determine the underlying cause. Field verification required.,8
upload_f3b95c9c-Z0821,upload_f3b95c9c,56,50400.0,364065.0,5069848.392857143,85.25172653151353,45.76881837030407,2.7687644958496094,3.948775053024292,2.823594570159912,100.0,HIGH PRIORITY,95th percentile prioritisation threshold,Spectral-stress evidence detected. Prioritise field inspection to determine the underlying cause. Field verification required.,9
upload_f3b95c9c-Z0823,upload_f3b95c9c,204,183600.0,362899.4117647059,5069663.235294118,85.23679542455872,45.766922290411536,2.7565672397613525,4.756185531616211,2.664909839630127,100.0,HIGH PRIORITY,95th percentile prioritisation threshold,Spectral-stress evidence detected. Prioritise field inspection to determine the underlying cause. Field verification required.,10
upload_f3b95c9c-Z0090,upload_f3b95c9c,37,33300.0,364502.4324324324,5094114.324324325,85.25051009371074,45.9872091550838,2.7351861000061035,4.211328983306885,2.7056453227996826,100.0,HIGH PRIORITY,95th percentile prioritisation threshold,Spectral-stress evidence detected. Prioritise field inspection to determine the underlying cause. Field verification required.,11
upload_f3b95c9c-Z0792,upload_f3b95c9c,51,45900.0,362538.23529411765,5071532.352941177,85.23162111074289,45.78366587223272,2.693518877029419,4.270157814025879,2.5606696605682373,100.0,HIGH PRIORITY,95th percentile prioritisation threshold,Spectral-stress evidence detected. Prioritise field inspection to determine the underlying cause. Field verification required.,12
upload_f3b95c9c-Z0194,upload_f3b95c9c,114,102600.0,363928.15789473685,5090377.105263158,85.24416182150259,45.95347482185649,2.615478038787842,4.6148762702941895,2.518627166748047,100.0,HIGH PRIORITY,95th percentile prioritisation threshold,Spectral-stress evidence detected. Prioritise field inspection to determine the underlying cause. Field verification required.,13
upload_f3b95c9c-Z0192,upload_f3b95c9c,20,18000.0,363940.5,5090608.5,85.24425524873806,45.955558937956326,2.5961427688598633,3.4894073009490967,2.6542515754699707,100.0,HIGH PRIORITY,95th percentile prioritisation threshold,Spectral-stress evidence detected. Prioritise field inspection to determine the underlying cause. Field verification required.,14
upload_f3b95c9c-Z0153,upload_f3b95c9c,32,28800.0,363778.125,5091567.1875,85.24188808299024,45.964151244286526,2.5488195419311523,3.8321943283081055,2.5653953552246094,100.0,HIGH PRIORITY,95th percentile prioritisation threshold,Spectral-stress evidence detected. Prioritise field inspection to determine the underlying cause. Field verification required.,15
upload_f3b95c9c-Z0682,upload_f3b95c9c,22,19800.0,355851.8181818182,5075828.181818182,85.14436513226973,45.82094747520854,2.5288846492767334,2.9405200481414795,2.6299080848693848,100.0,HIGH PRIORITY,95th percentile prioritisation threshold,Spectral-stress evidence detected. Prioritise field inspection to determine the underlying cause. Field verification required.,16
upload_f3b95c9c-Z0659,upload_f3b95c9c,47,42300.0,379882.97872340423,5076418.085106383,85.45344854617825,45.83085980158811,2.5258233547210693,3.614163637161255,2.3565804958343506,100.0,HIGH PRIORITY,95th percentile prioritisation threshold,Spectral-stress evidence detected. Prioritise field inspection to determine the underlying cause. Field verification required.,17
upload_f3b95c9c-Z0189,upload_f3b95c9c,60,54000.0,364414.5,5090484.5,85.25040408413714,45.95453719922728,2.5131022930145264,3.7733633518218994,2.405064344406128,100.0,HIGH PRIORITY,95th percentile prioritisation threshold,Spectral-stress evidence detected. Prioritise field inspection to determine the underlying cause. Field verification required.,18
upload_f3b95c9c-Z0631,upload_f3b95c9c,187,168300.0,374702.0855614973,5076977.486631016,85.38662332877475,45.83497057765359,2.511091470718384,4.186678886413574,2.263765573501587,100.0,HIGH PRIORITY,95th percentile prioritisation threshold,Spectral-stress evidence detected. Prioritise field inspection to determine the underlying cause. Field verification required.,19
upload_f3b95c9c-Z0581,upload_f3b95c9c,9,8100.0,355840.0,5078890.0,85.14329701272113,45.848488739697295,2.4866626262664795,2.8399546146392822,2.5218420028686523,100.0,HIGH PRIORITY,95th percentile prioritisation threshold,Spectral-stress evidence detected. Prioritise field inspection to determine the underlying cause. Field verification required.,20
upload_f3b95c9c-Z0160,upload_f3b95c9c,23,20700.0,364159.5652173913,5091420.0,85.24685048469848,45.962902733728534,2.4847848415374756,3.3787729740142822,2.5806586742401123,100.0,HIGH PRIORITY,95th percentile prioritisation threshold,Spectral-stress evidence detected. Prioritise field inspection to determine the underlying cause. Field verification required.,21
upload_f3b95c9c-Z0195,upload_f3b95c9c,35,31500.0,363263.14285714284,5090538.0,85.23553878748824,45.9547901121142,2.483177423477173,3.7576842308044434,2.362515687942505,100.0,HIGH PRIORITY,95th percentile prioritisation threshold,Spectral-stress evidence detected. Prioritise field inspection to determine the underlying cause. Field verification required.,22
upload_f3b95c9c-Z0162,upload_f3b95c9c,25,22500.0,364476.0,5091265.2,85.2509762821862,45.96157268636819,2.4811654090881348,3.4675488471984863,2.427919387817383,100.0,HIGH PRIORITY,95th percentile prioritisation threshold,Spectral-stress evidence detected. Prioritise field inspection to determine the underlying cause. Field verification required.,23
upload_f3b95c9c-Z0722,upload_f3b95c9c,16,14400.0,379916.25,5074507.5,85.45435263963707,45.8136754054031,2.479480266571045,3.501919746398926,2.564418077468872,100.0,HIGH PRIORITY,95th percentile prioritisation threshold,Spectral-stress evidence detected. Prioritise field inspection to determine the underlying cause. Field verification required.,24
upload_f3b95c9c-Z0335,upload_f3b95c9c,143,128700.0,364022.51748251746,5086935.104895105,85.24635552599662,45.92252853310728,2.4515256881713867,3.0003304481506348,2.448452949523926,100.0,HIGH PRIORITY,95th percentile prioritisation threshold,Spectral-stress evidence detected. Prioritise field inspection to determine the underlying cause. Field verification required.,25
upload_f3b95c9c-Z0498,upload_f3b95c9c,19,17100.0,361062.63157894736,5081370.0,85.20981180182861,45.87187222919744,2.4470880031585693,2.9140470027923584,2.429636240005493,100.0,HIGH PRIORITY,95th percentile prioritisation threshold,Spectral-stress evidence detected. Prioritise field inspection to determine the underlying cause. Field verification required.,26
upload_f3b95c9c-Z0538,upload_f3b95c9c,12,10800.0,359975.0,5080305.0,85.19611484767269,45.86207103048243,2.4373619556427,2.789634943008423,2.3994197845458984,100.0,HIGH PRIORITY,95th percentile prioritisation threshold,Spectral-stress evidence detected. Prioritise field inspection to determine the underlying cause. Field verification required.,27
upload_f3b95c9c-Z0209,upload_f3b95c9c,11,9900.0,362923.63636363635,5090290.909090909,85.2312306225784,45.95249953887878,2.4286022186279297,3.516522169113159,2.3118467330932617,100.0,HIGH PRIORITY,95th percentile prioritisation threshold,Spectral-stress evidence detected. Prioritise field inspection to determine the underlying cause. Field verification required.,28
upload_f3b95c9c-Z0515,upload_f3b95c9c,17,15300.0,361522.9411764706,5080964.117647059,85.21585678099112,45.86831358568447,2.4225523471832275,2.9248292446136475,2.552165985107422,100.0,HIGH PRIORITY,95th percentile prioritisation threshold,Spectral-stress evidence detected. Prioritise field inspection to determine the underlying cause. Field verification required.,29
upload_f3b95c9c-Z0048,upload_f3b95c9c,44,39600.0,364182.2727272727,5095939.7727272725,85.24585933409921,46.00356778061103,2.4220402240753174,2.6766276359558105,2.522927761077881,100.0,HIGH PRIORITY,95th percentile prioritisation threshold,Spectral-stress evidence detected. Prioritise field inspection to determine the underlying cause. Field verification required.,30
upload_f3b95c9c-Z0370,upload_f3b95c9c,70,63000.0,363845.5714285714,5086148.571428572,85.2442978598384,45.91541765380945,2.4193739891052246,2.789006471633911,2.456000804901123,100.0,HIGH PRIORITY,95th percentile prioritisation threshold,Spectral-stress evidence detected. Prioritise field inspection to determine the underlying cause. Field verification required.,31
upload_f3b95c9c-Z0384,upload_f3b95c9c,56,50400.0,364265.35714285716,5085849.107142857,85.24979312532813,45.91280661391101,2.4126601219177246,2.897157669067383,2.501314401626587,100.0,HIGH PRIORITY,95th percentile prioritisation threshold,Spectral-stress evidence detected. Prioritise field inspection to determine the underlying cause. Field verification required.,32
upload_f3b95c9c-Z0824,upload_f3b95c9c,44,39600.0,363501.8181818182,5069702.7272727275,85.24452794234551,45.76739685318083,2.408597707748413,3.41288685798645,2.379650115966797,100.0,HIGH PRIORITY,95th percentile prioritisation threshold,Spectral-stress evidence detected. Prioritise field inspection to determine the underlying cause. Field verification required.,33
upload_f3b95c9c-Z0651,upload_f3b95c9c,23,20700.0,354283.04347826086,5076683.478260869,85.12392248890924,45.82831185687055,2.4055089950561523,3.0051004886627197,2.46264910697937,100.0,HIGH PRIORITY,95th percentile prioritisation threshold,Spectral-stress evidence detected. Prioritise field inspection to determine the underlying cause. Field verification required.,34
upload_f3b95c9c-Z0231,upload_f3b95c9c,105,94500.0,361656.0,5089565.714285715,85.21509111330674,45.9457213624038,2.4000463485717773,4.116111755371094,2.3229336738586426,100.0,HIGH PRIORITY,95th percentile prioritisation threshold,Spectral-stress evidence detected. Prioritise field inspection to determine the underlying cause. Field verification required.,35
upload_f3b95c9c-Z0794,upload_f3b95c9c,36,32400.0,362898.3333333333,5071515.0,85.23625630159883,45.783581348647644,2.396988868713379,3.685887336730957,2.2030906677246094,100.0,HIGH PRIORITY,95th percentile prioritisation threshold,Spectral-stress evidence detected. Prioritise field inspection to determine the underlying cause. Field verification required.,36
upload_f3b95c9c-Z0813,upload_f3b95c9c,80,72000.0,364772.25,5070145.125,85.26073530286988,45.77162673254397,2.396960735321045,4.232675075531006,2.26322340965271,100.0,HIGH PRIORITY,95th percentile prioritisation threshold,Spectral-stress evidence detected. Prioritise field inspection to determine the underlying cause. Field verification required.,37
upload_f3b95c9c-Z0655,upload_f3b95c9c,21,18900.0,355195.71428571426,5076590.0,85.13569472448022,45.827663228269266,2.3959758281707764,2.9331703186035156,2.40820574760437,100.0,HIGH PRIORITY,95th percentile prioritisation threshold,Spectral-stress evidence detected. Prioritise field inspection to determine the underlying cause. Field verification required.,38
upload_f3b95c9c-Z0355,upload_f3b95c9c,13,11700.0,363408.46153846156,5086601.538461538,85.23853507570762,45.9194059215156,2.3917717933654785,2.73952317237854,2.4508326053619385,100.0,HIGH PRIORITY,95th percentile prioritisation threshold,Spectral-stress evidence detected. Prioritise field inspection to determine the underlying cause. Field verification required.,39
upload_f3b95c9c-Z0787,upload_f3b95c9c,18,16200.0,362411.6666666667,5071963.333333333,85.22987090134338,45.78751792899889,2.3796780109405518,3.1126246452331543,2.3774280548095703,100.0,HIGH PRIORITY,95th percentile prioritisation threshold,Spectral-stress evidence detected. Prioritise field inspection to determine the underlying cause. Field verification required.,40
upload_f3b95c9c-Z0394,upload_f3b95c9c,77,69300.0,362721.8181818182,5085624.935064935,85.22996391238657,45.91048341620285,2.3688838481903076,2.8491010665893555,2.4901721477508545,100.0,HIGH PRIORITY,95th percentile prioritisation threshold,Spectral-stress evidence detected. Prioritise field inspection to determine the underlying cause. Field verification required.,41
upload_f3b95c9c-Z0297,upload_f3b95c9c,84,75600.0,363540.71428571426,5087798.214285715,85.2398992444367,45.93019774143613,2.368600368499756,2.773796558380127,2.4516243934631348,100.0,HIGH PRIORITY,95th percentile prioritisation threshold,Spectral-stress evidence detected. Prioritise field inspection to determine the underlying cause. Field verification required.,42
upload_f3b95c9c-Z0701,upload_f3b95c9c,32,28800.0,355280.625,5075358.75,85.13715689681207,45.81660490253666,2.3627614974975586,2.9320480823516846,2.3540616035461426,100.0,HIGH PRIORITY,95th percentile prioritisation threshold,Spectral-stress evidence detected. Prioritise field inspection to determine the underlying cause. Field verification required.,43
upload_f3b95c9c-Z0641,upload_f3b95c9c,10,9000.0,358005.0,5077071.0,85.17170280123703,45.83257460465376,2.3602757453918457,3.183342218399048,2.3480048179626465,100.0,HIGH PRIORITY,95th percentile prioritisation threshold,Spectral-stress evidence detected. Prioritise field inspection to determine the underlying cause. Field verification required.,44
upload_f3b95c9c-Z0103,upload_f3b95c9c,18,16200.0,363248.3333333333,5093758.333333333,85.23442726565409,45.98375765328857,2.3533380031585693,2.799806594848633,2.308248519897461,100.0,HIGH PRIORITY,95th percentile prioritisation threshold,Spectral-stress evidence detected. Prioritise field inspection to determine the underlying cause. Field verification required.,45
upload_f3b95c9c-Z0725,upload_f3b95c9c,12,10800.0,357387.5,5074402.5,85.16454534617269,45.808441305496764,2.352557897567749,2.9165985584259033,2.1692235469818115,100.0,HIGH PRIORITY,95th percentile prioritisation threshold,Spectral-stress evidence detected. Prioritise field inspection to determine the underlying cause. Field verification required.,46
upload_f3b95c9c-Z0603,upload_f3b95c9c,17,15300.0,357227.64705882355,5078158.235294118,85.16137676087727,45.842194773658235,2.3508877754211426,2.851271629333496,2.3160407543182373,100.0,HIGH PRIORITY,95th percentile prioritisation threshold,Spectral-stress evidence detected. Prioritise field inspection to determine the underlying cause. Field verification required.,47
upload_f3b95c9c-Z0330,upload_f3b95c9c,23,20700.0,362667.39130434784,5087163.9130434785,85.22882191745107,45.92431745263985,2.3493967056274414,2.7756152153015137,2.451240062713623,100.0,HIGH PRIORITY,95th percentile prioritisation threshold,Spectral-stress evidence detected. Prioritise field inspection to determine the underlying cause. Field verification required.,48
upload_f3b95c9c-Z0100,upload_f3b95c9c,32,28800.0,388537.5,5093869.6875,85.56078842601607,45.98933691481132,2.3441920280456543,3.423288106918335,2.2206077575683594,100.0,HIGH PRIORITY,95th percentile prioritisation threshold,Spectral-stress evidence detected. Prioritise field inspection to determine the underlying cause. Field verification required.,49
upload_f3b95c9c-Z0380,upload_f3b95c9c,25,22500.0,358399.2,5085985.2,85.17415086497687,45.91284761457431,2.337021589279175,3.3615424633026123,2.2931580543518066,100.0,HIGH PRIORITY,95th percentile prioritisation threshold,Spectral-stress evidence detected. Prioritise field inspection to determine the underlying cause. Field verification required.,50
upload_f3b95c9c-Z0372,upload_f3b95c9c,149,134100.0,386390.3355704698,5085994.630872483,85.53494183671732,45.91812889975838,2.3311641216278076,3.547964572906494,2.2734248638153076,100.0,HIGH PRIORITY,95th percentile prioritisation threshold,Spectral-stress evidence detected. Prioritise field inspection to determine the underlying cause. Field verification required.,51
upload_f3b95c9c-Z0431,upload_f3b95c9c,31,27900.0,360846.77419354836,5083883.225806451,85.20630420484468,45.89443789659489,2.3309149742126465,2.748682975769043,2.4652576446533203,100.0,HIGH PRIORITY,95th percentile prioritisation threshold,Spectral-stress evidence detected. Prioritise field inspection to determine the underlying cause. Field verification required.,52
upload_f3b95c9c-Z0759,upload_f3b95c9c,115,103500.0,365027.2173913043,5073077.739130435,85.26319375646104,45.79805999211267,2.326709032058716,4.004318714141846,2.1771700382232666,100.0,HIGH PRIORITY,95th percentile prioritisation threshold,Spectral-stress evidence detected. Prioritise field inspection to determine the underlying cause. Field verification required.,53
upload_f3b95c9c-Z0186,upload_f3b95c9c,57,51300.0,362694.2105263158,5090629.47368421,85.22817456013432,45.955499452943826,2.3242969512939453,3.898677110671997,2.152010679244995,100.0,HIGH PRIORITY,95th percentile prioritisation threshold,Spectral-stress evidence detected. Prioritise field inspection to determine the underlying cause. Field verification required.,54
upload_f3b95c9c-Z0771,upload_f3b95c9c,49,44100.0,379013.8775510204,5072822.448979592,85.44316463730762,45.798356773313,2.323411703109741,3.6775355339050293,2.0814898014068604,100.0,HIGH PRIORITY,95th percentile prioritisation threshold,Spectral-stress evidence detected. Prioritise field inspection to determine the underlying cause. Field verification required.,55
upload_f3b95c9c-Z0614,upload_f3b95c9c,12,10800.0,358225.0,5077805.0,85.17431803314152,45.83922297039575,2.317847490310669,2.76078724861145,2.381277561187744,100.0,HIGH PRIORITY,95th percentile prioritisation threshold,Spectral-stress evidence detected. Prioritise field inspection to determine the underlying cause. Field verification required.,56
upload_f3b95c9c-Z0763,upload_f3b95c9c,10,9000.0,362652.0,5073231.0,85.23260083246505,45.79897019646539,2.3171615600585938,3.5486085414886475,2.0403354167938232,100.0,HIGH PRIORITY,95th percentile prioritisation threshold,Spectral-stress evidence detected. Prioritise field inspection to determine the underlying cause. Field verification required.,57
upload_f3b95c9c-Z0342,upload_f3b95c9c,48,43200.0,363127.5,5086816.875,85.23485212591106,45.921287234093654,2.3148415088653564,2.8865809440612793,2.248399257659912,100.0,HIGH PRIORITY,95th percentile prioritisation threshold,Spectral-stress evidence detected. Prioritise field inspection to determine the underlying cause. Field verification required.,58
upload_f3b95c9c-Z0221,upload_f3b95c9c,23,20700.0,363603.9130434783,5089896.521739131,85.24011672378991,45.94908706246817,2.311310052871704,3.437349557876587,2.2366280555725098,100.0,HIGH PRIORITY,95th percentile prioritisation threshold,Spectral-stress evidence detected. Prioritise field inspection to determine the underlying cause. Field verification required.,59
upload_f3b95c9c-Z0052,upload_f3b95c9c,24,21600.0,368102.5,5095761.25,85.29651695676468,46.00272749761534,2.310804605484009,2.7411251068115234,2.317714214324951,100.0,HIGH PRIORITY,95th percentile prioritisation threshold,Spectral-stress evidence detected. Prioritise field inspection to determine the underlying cause. Field verification required.,60
upload_f3b95c9c-Z0338,upload_f3b95c9c,53,47700.0,362453.2075471698,5086968.679245283,85.22611692364536,45.92251826194835,2.3100810050964355,3.1359434127807617,2.303520917892456,100.0,HIGH PRIORITY,95th percentile prioritisation threshold,Spectral-stress evidence detected. Prioritise field inspection to determine the underlying cause. Field verification required.,61
upload_f3b95c9c-Z0233,upload_f3b95c9c,35,31500.0,364506.0,5089582.285714285,85.25183951128848,45.94643874211799,2.3096425533294678,3.5925211906433105,2.154738664627075,100.0,HIGH PRIORITY,95th percentile prioritisation threshold,Spectral-stress evidence detected. Prioritise field inspection to determine the underlying cause. Field verification required.,62
upload_f3b95c9c-Z0674,upload_f3b95c9c,11,9900.0,358906.36363636365,5076060.0,85.18359859805615,45.82366463741087,2.3069703578948975,2.7279751300811768,2.295531988143921,100.0,HIGH PRIORITY,95th percentile prioritisation threshold,Spectral-stress evidence detected. Prioritise field inspection to determine the underlying cause. Field verification required.,63
upload_f3b95c9c-Z0734,upload_f3b95c9c,18,16200.0,353575.0,5074020.0,85.11562015080808,45.80420184454944,2.3042657375335693,2.8111860752105713,2.2101879119873047,100.0,HIGH PRIORITY,95th percentile prioritisation threshold,Spectral-stress evidence detected. Prioritise field inspection to determine the underlying cause. Field verification required.,64
upload_f3b95c9c-Z0249,upload_f3b95c9c,12,10800.0,360292.5,5089172.5,85.19762272748639,45.94190795268626,2.3006432056427,2.6629881858825684,2.3649511337280273,100.0,HIGH PRIORITY,95th percentile prioritisation threshold,Spectral-stress evidence detected. Prioritise field inspection to determine the underlying cause. Field verification required.,65
upload_f3b95c9c-Z0773,upload_f3b95c9c,17,15300.0,376282.9411764706,5072680.588235294,85.40807317300306,45.79659628122359,2.295433759689331,2.9734363555908203,2.3676552772521973,100.0,HIGH PRIORITY,95th percentile prioritisation threshold,Spectral-stress evidence detected. Prioritise field inspection to determine the underlying cause. Field verification required.,66
upload_f3b95c9c-Z0373,upload_f3b95c9c,65,58500.0,386664.0,5085993.230769231,85.53847005558455,45.918161485773624,2.295269727706909,3.0084168910980225,2.2570276260375977,100.0,HIGH PRIORITY,95th percentile prioritisation threshold,Spectral-stress evidence detected. Prioritise field inspection to determine the underlying cause. Field verification required.,67
upload_f3b95c9c-Z0150,upload_f3b95c9c,10,9000.0,388995.0,5091825.0,85.56716854358771,45.97101395271481,2.294821262359619,3.208841562271118,2.1588964462280273,100.0,HIGH PRIORITY,95th percentile prioritisation threshold,Spectral-stress evidence detected. Prioritise field inspection to determine the underlying cause. Field verification required.,68
upload_f3b95c9c-Z0294,upload_f3b95c9c,324,291600.0,387105.0925925926,5087743.981481481,85.54374410987647,45.93398655163083,2.2945709228515625,3.135615110397339,2.299149990081787,100.0,HIGH PRIORITY,95th percentile prioritisation threshold,Spectral-stress evidence detected. Prioritise field inspection to determine the underlying cause. Field verification required.,69
upload_f3b95c9c-Z0114,upload_f3b95c9c,10,9000.0,388722.0,5093073.0,85.56335542246991,45.982198664304654,2.2942280769348145,2.9612631797790527,2.1914305686950684,100.0,HIGH PRIORITY,95th percentile prioritisation threshold,Spectral-stress evidence detected. Prioritise field inspection to determine the underlying cause. Field verification required.,70
upload_f3b95c9c-Z0202,upload_f3b95c9c,39,35100.0,361993.8461538461,5090233.076923077,85.21925555632062,45.95179298992943,2.2937028408050537,3.589221715927124,2.1725194454193115,100.0,HIGH PRIORITY,95th percentile prioritisation threshold,Spectral-stress evidence detected. Prioritise field inspection to determine the underlying cause. Field verification required.,71
upload_f3b95c9c-Z0111,upload_f3b95c9c,11,9900.0,363728.1818181818,5093244.545454546,85.24076597125494,45.97923107761799,2.290971517562866,2.692521572113037,2.2732901573181152,100.0,HIGH PRIORITY,95th percentile prioritisation threshold,Spectral-stress evidence detected. Prioritise field inspection to determine the underlying cause. Field verification required.,72
upload_f3b95c9c-Z0172,upload_f3b95c9c,62,55800.0,363061.93548387097,5090925.9677419355,85.23283266935167,45.95824020918388,2.2898759841918945,3.1048667430877686,2.2641544342041016,100.0,HIGH PRIORITY,95th percentile prioritisation threshold,Spectral-stress evidence detected. Prioritise field inspection to determine the underlying cause. Field verification required.,73
upload_f3b95c9c-Z0509,upload_f3b95c9c,9,8100.0,361403.3333333333,5081203.333333333,85.21424757020294,45.87044154447276,2.285355567932129,2.6433143615722656,2.3914103507995605,100.0,HIGH PRIORITY,95th percentile prioritisation threshold,Spectral-stress evidence detected. Prioritise field inspection to determine the underlying cause. Field verification required.,74
upload_f3b95c9c-Z0147,upload_f3b95c9c,11,9900.0,363935.45454545453,5091910.909090909,85.24381991092181,45.9672746343289,2.2841203212738037,2.584164619445801,2.3904922008514404,100.0,HIGH PRIORITY,95th percentile prioritisation threshold,Spectral-stress evidence detected. Prioritise field inspection to determine the underlying cause. Field verification required.,75
upload_f3b95c9c-Z0597,upload_f3b95c9c,20,18000.0,358927.5,5078365.5,85.18319557512459,45.84440941737736,2.283740282058716,2.945913553237915,2.1401753425598145,100.0,HIGH PRIORITY,95th percentile prioritisation threshold,Spectral-stress evidence detected. Prioritise field inspection to determine the underlying cause. Field verification required.,76
upload_f3b95c9c-Z0311,upload_f3b95c9c,29,26100.0,362307.9310344828,5087588.275862069,85.22406635266631,45.92806314256123,2.279092311859131,2.762080430984497,2.2609710693359375,100.0,HIGH PRIORITY,95th percentile prioritisation threshold,Spectral-stress evidence detected. Prioritise field inspection to determine the underlying cause. Field verification required.,77
upload_f3b95c9c-Z0027,upload_f3b95c9c,40,36000.0,364621.5,5097200.25,85.25117201373627,46.01499411251983,2.277979612350464,2.7128028869628906,2.335080146789551,100.0,HIGH PRIORITY,95th percentile prioritisation threshold,Spectral-stress evidence detected. Prioritise field inspection to determine the underlying cause. Field verification required.,78
upload_f3b95c9c-Z0632,upload_f3b95c9c,58,52200.0,357961.0344827586,5077203.1034482755,85.17109806266546,45.83375395195161,2.2755682468414307,2.9381215572357178,2.200650930404663,100.0,HIGH PRIORITY,95th percentile prioritisation threshold,Spectral-stress evidence detected. Prioritise field inspection to determine the underlying cause. Field verification required.,79
upload_f3b95c9c-Z0148,upload_f3b95c9c,39,35100.0,364353.8461538461,5091851.538461538,85.24923435164263,45.96682336691668,2.274651527404785,2.770770311355591,2.297828435897827,100.0,HIGH PRIORITY,95th percentile prioritisation threshold,Spectral-stress evidence detected. Prioritise field inspection to determine the underlying cause. Field verification required.,80
upload_f3b95c9c-Z0316,upload_f3b95c9c,35,31500.0,362604.0,5087484.857142857,85.22791279552658,45.927192042195585,2.271703004837036,2.7606096267700195,2.309835195541382,100.0,HIGH PRIORITY,95th percentile prioritisation threshold,Spectral-stress evidence detected. Prioritise field inspection to determine the underlying cause. Field verification required.,81
upload_f3b95c9c-Z0482,upload_f3b95c9c,24,21600.0,358341.25,5081915.0,85.17460444535217,45.87622042592712,2.2658231258392334,2.7313852310180664,2.3313188552856445,100.0,HIGH PRIORITY,95th percentile prioritisation threshold,Spectral-stress evidence detected. Prioritise field inspection to determine the underlying cause. Field verification required.,82
upload_f3b95c9c-Z0789,upload_f3b95c9c,26,23400.0,365215.3846153846,5071791.923076923,85.26597282530342,45.78652886448182,2.2636911869049072,3.4903016090393066,2.192478895187378,100.0,HIGH PRIORITY,95th percentile prioritisation threshold,Spectral-stress evidence detected. Prioritise field inspection to determine the underlying cause. Field verification required.,83
upload_f3b95c9c-Z0562,upload_f3b95c9c,11,9900.0,359037.2727272727,5079485.454545454,85.18428066280227,45.854507057258715,2.2628982067108154,2.7096025943756104,2.3402886390686035,100.0,HIGH PRIORITY,95th percentile prioritisation threshold,Spectral-stress evidence detected. Prioritise field inspection to determine the underlying cause. Field verification required.,84
upload_f3b95c9c-Z0082,upload_f3b95c9c,60,54000.0,364286.5,5094369.0,85.24765106279825,45.98945754934058,2.260974407196045,2.741364002227783,2.387281894683838,100.0,HIGH PRIORITY,95th percentile prioritisation threshold,Spectral-stress evidence detected. Prioritise field inspection to determine the underlying cause. Field verification required.,85
upload_f3b95c9c-Z0178,upload_f3b95c9c,60,54000.0,363784.0,5090827.5,85.24217438368021,45.957498060600706,2.259065866470337,3.2771780490875244,2.196849822998047,100.0,HIGH PRIORITY,95th percentile prioritisation threshold,Spectral-stress evidence detected. Prioritise field inspection to determine the underlying cause. Field verification required.,86
upload_f3b95c9c-Z0805,upload_f3b95c9c,11,9900.0,353618.1818181818,5070760.909090909,85.11716331677565,45.77489285101525,2.2574663162231445,2.763957977294922,2.1668310165405273,100.0,HIGH PRIORITY,95th percentile prioritisation threshold,Spectral-stress evidence detected. Prioritise field inspection to determine the underlying cause. Field verification required.,87
upload_f3b95c9c-Z0371,upload_f3b95c9c,19,17100.0,362507.36842105264,5086152.631578947,85.22704897633224,45.91518780758685,2.2560336589813232,2.7065858840942383,2.314440965652466,100.0,HIGH PRIORITY,95th percentile prioritisation threshold,Spectral-stress evidence detected. Prioritise field inspection to determine the underlying cause. Field verification required.,88
upload_f3b95c9c-Z0214,upload_f3b95c9c,17,15300.0,362267.64705882355,5090154.705882353,85.22280933006854,45.95114294406409,2.2550809383392334,2.787400722503662,2.1558258533477783,100.0,HIGH PRIORITY,95th percentile prioritisation threshold,Spectral-stress evidence detected. Prioritise field inspection to determine the underlying cause. Field verification required.,89
upload_f3b95c9c-Z0714,upload_f3b95c9c,54,48600.0,356996.6666666667,5074933.333333333,85.15936050604171,45.81313578116864,2.254572629928589,3.0116119384765625,2.227919101715088,100.0,HIGH PRIORITY,95th percentile prioritisation threshold,Spectral-stress evidence detected. Prioritise field inspection to determine the underlying cause. Field verification required.,90
upload_f3b95c9c-Z0210,upload_f3b95c9c,188,169200.0,363061.59574468085,5090038.563829787,85.23308209019166,45.95025694034312,2.253849983215332,3.6804606914520264,2.161628246307373,100.0,HIGH PRIORITY,95th percentile prioritisation threshold,Spectral-stress evidence detected. Prioritise field inspection to determine the underlying cause. Field verification required.,91
upload_f3b95c9c-Z0743,upload_f3b95c9c,11,9900.0,354703.63636363635,5073790.909090909,85.13020597588279,45.802379546710185,2.2536890506744385,2.801774263381958,2.338733673095703,100.0,HIGH PRIORITY,95th percentile prioritisation threshold,Spectral-stress evidence detected. Prioritise field inspection to determine the underlying cause. Field verification required.,92
upload_f3b95c9c-Z0332,upload_f3b95c9c,38,34200.0,362932.8947368421,5087075.52631579,85.23226972601472,45.92357532117017,2.251695394515991,2.8414764404296875,2.248868465423584,100.0,HIGH PRIORITY,95th percentile prioritisation threshold,Spectral-stress evidence detected. Prioritise field inspection to determine the underlying cause. Field verification required.,93
upload_f3b95c9c-Z0184,upload_f3b95c9c,23,20700.0,364128.26086956525,5090690.869565218,85.24665363460068,45.95633714237269,2.2514443397521973,3.3463640213012695,2.0920650959014893,100.0,HIGH PRIORITY,95th percentile prioritisation threshold,Spectral-stress evidence detected. Prioritise field inspection to determine the underlying cause. Field verification required.,94
upload_f3b95c9c-Z0232,upload_f3b95c9c,15,13500.0,361074.0,5089628.0,85.20756781814374,45.94616418056538,2.2502200603485107,2.629436492919922,2.4067869186401367,100.0,HIGH PRIORITY,95th percentile prioritisation threshold,Spectral-stress evidence detected. Prioritise field inspection to determine the underlying cause. Field verification required.,95
upload_f3b95c9c-Z0493,upload_f3b95c9c,13,11700.0,357373.8461538461,5081614.615384615,85.16223417651857,45.87331841879743,2.247379779815674,2.8690450191497803,2.2087225914001465,100.0,HIGH PRIORITY,95th percentile prioritisation threshold,Spectral-stress evidence detected. Prioritise field inspection to determine the underlying cause. Field verification required.,96
upload_f3b95c9c-Z0433,upload_f3b95c9c,16,14400.0,360418.125,5083777.5,85.20081235851154,45.89339993355256,2.2468321323394775,3.0131125450134277,2.1504440307617188,100.0,HIGH PRIORITY,95th percentile prioritisation threshold,Spectral-stress evidence detected. Prioritise field inspection to determine the underlying cause. Field verification required.,97
upload_f3b95c9c-Z0031,upload_f3b95c9c,61,54900.0,365205.737704918,5097016.229508197,85.25876766735163,46.01345385056334,2.2433722019195557,3.207468032836914,2.2307825088500977,100.0,HIGH PRIORITY,95th percentile prioritisation threshold,Spectral-stress evidence detected. Prioritise field inspection to determine the underlying cause. Field verification required.,98
upload_f3b95c9c-Z0543,upload_f3b95c9c,21,18900.0,361812.85714285716,5080114.285714285,85.21983435651994,45.86072657084496,2.2433223724365234,2.8438239097595215,2.2660937309265137,100.0,HIGH PRIORITY,95th percentile prioritisation threshold,Spectral-stress evidence detected. Prioritise field inspection to determine the underlying cause. Field verification required.,99
upload_f3b95c9c-Z0630,upload_f3b95c9c,17,15300.0,357400.5882352941,5077279.411764706,85.16386287948791,45.834324710526786,2.2399446964263916,2.848670482635498,2.150272846221924,100.0,HIGH PRIORITY,95th percentile prioritisation threshold,Spectral-stress evidence detected. Prioritise field inspection to determine the underlying cause. Field verification required.,100
upload_f3b95c9c-Z0146,upload_f3b95c9c,34,30600.0,363649.4117647059,5091856.764705882,85.24014515789577,45.966730760193656,2.2392704486846924,2.681157350540161,2.241881847381592,100.0,HIGH PRIORITY,95th percentile prioritisation threshold,Spectral-stress evidence detected. Prioritise field inspection to determine the underlying cause. Field verification required.,101
upload_f3b95c9c-Z0649,upload_f3b95c9c,23,20700.0,356796.52173913043,5076769.565217392,85.15624037340511,45.82961293238204,2.237748861312866,2.8817925453186035,2.145622491836548,100.0,HIGH PRIORITY,95th percentile prioritisation threshold,Spectral-stress evidence detected. Prioritise field inspection to determine the underlying cause. Field verification required.,102
upload_f3b95c9c-Z0002,upload_f3b95c9c,302,271800.0,364177.6490066225,5098713.079470199,85.24501035016364,46.02851578853456,2.2368226051330566,2.785093307495117,2.2363386154174805,100.0,HIGH PRIORITY,95th percentile prioritisation threshold,Spectral-stress evidence detected. Prioritise field inspection to determine the underlying cause. Field verification required.,103
upload_f3b95c9c-Z0119,upload_f3b95c9c,46,41400.0,365456.0869565217,5092654.565217392,85.26322832417513,45.974264617473935,2.235842704772949,2.64227032661438,2.2695698738098145,100.0,HIGH PRIORITY,95th percentile prioritisation threshold,Spectral-stress evidence detected. Prioritise field inspection to determine the underlying cause. Field verification required.,104
upload_f3b95c9c-Z0408,upload_f3b95c9c,842,757800.0,359705.5581947743,5084846.401425178,85.19131982968538,45.902870832001604,2.2329697608947754,3.531934976577759,2.206822156906128,100.0,HIGH PRIORITY,95th percentile prioritisation threshold,Spectral-stress evidence detected. Prioritise field inspection to determine the underlying cause. Field verification required.,105
upload_f3b95c9c-Z0004,upload_f3b95c9c,14,12600.0,364170.0,5098975.714285715,85.24483675746677,46.03087695191742,2.229163646697998,2.567625045776367,2.255319833755493,100.0,HIGH PRIORITY,95th percentile prioritisation threshold,Spectral-stress evidence detected. Prioritise field inspection to determine the underlying cause. Field verification required.,106
upload_f3b95c9c-Z0516,upload_f3b95c9c,10,9000.0,361266.0,5081004.0,85.21253646546819,45.86862064779253,2.2283732891082764,2.748666763305664,2.1834146976470947,100.0,HIGH PRIORITY,95th percentile prioritisation threshold,Spectral-stress evidence detected. Prioritise field inspection to determine the underlying cause. Field verification required.,107
upload_f3b95c9c-Z0243,upload_f3b95c9c,10,9000.0,361125.0,5089392.0,85.20829391642059,45.94405143567668,2.2266101837158203,2.517096757888794,2.337033271789551,100.0,HIGH PRIORITY,95th percentile prioritisation threshold,Spectral-stress evidence detected. Prioritise field inspection to determine the underlying cause. Field verification required.,108
upload_f3b95c9c-Z0074,upload_f3b95c9c,40,36000.0,363681.75,5094660.0,85.23976317046242,45.99195544169592,2.2248291969299316,3.3288705348968506,2.1458511352539062,100.0,HIGH PRIORITY,95th percentile prioritisation threshold,Spectral-stress evidence detected. Prioritise field inspection to determine the underlying cause. Field verification required.,109
upload_f3b95c9c-Z0170,upload_f3b95c9c,11,9900.0,364827.2727272727,5091100.909090909,85.2555539500885,45.96016396697132,2.2242066860198975,3.0347678661346436,2.069697856903076,100.0,HIGH PRIORITY,95th percentile prioritisation threshold,Spectral-stress evidence detected. Prioritise field inspection to determine the underlying cause. Field verification required.,110
upload_f3b95c9c-Z0369,upload_f3b95c9c,25,22500.0,363230.4,5086225.2,85.23634721456337,45.915984892376756,2.2221245765686035,2.685877561569214,2.1840078830718994,100.0,HIGH PRIORITY,95th percentile prioritisation threshold,Spectral-stress evidence detected. Prioritise field inspection to determine the underlying cause. Field verification required.,111
upload_f3b95c9c-Z0730,upload_f3b95c9c,15,13500.0,365160.0,5074054.0,85.26462884323031,45.80686890014752,2.2213189601898193,3.2379350662231445,2.12461519241333,100.0,HIGH PRIORITY,95th percentile prioritisation threshold,Spectral-stress evidence detected. Prioritise field inspection to determine the underlying cause. Field verification required.,112
upload_f3b95c9c-Z0200,upload_f3b95c9c,24,21600.0,363246.25,5090393.75,85.2353621061475,45.9534890534072,2.221100091934204,2.6940088272094727,2.235013723373413,100.0,HIGH PRIORITY,95th percentile prioritisation threshold,Spectral-stress evidence detected. Prioritise field inspection to determine the underlying cause. Field verification required.,113
upload_f3b95c9c-Z0612,upload_f3b95c9c,9,8100.0,364753.3333333333,5077936.666666667,85.25830829014386,45.84171956193429,2.21685528755188,2.7846739292144775,2.1519243717193604,100.0,HIGH PRIORITY,95th percentile prioritisation threshold,Spectral-stress evidence detected. Prioritise field inspection to determine the underlying cause. Field verification required.,114
upload_f3b95c9c-Z0350,upload_f3b95c9c,17,15300.0,364090.5882352941,5086667.647058823,85.24730877825097,45.92013588107605,2.2158315181732178,2.685131072998047,2.272552967071533,100.0,HIGH PRIORITY,95th percentile prioritisation threshold,Spectral-stress evidence detected. Prioritise field inspection to determine the underlying cause. Field verification required.,115
upload_f3b95c9c-Z0238,upload_f3b95c9c,203,182700.0,385809.60591133,5089169.704433498,85.52669911096281,45.946600296113324,2.2150626182556152,2.5796802043914795,2.2280383110046387,100.0,HIGH PRIORITY,95th percentile prioritisation threshold,Spectral-stress evidence detected. Prioritise field inspection to determine the underlying cause. Field verification required.,116
upload_f3b95c9c-Z0240,upload_f3b95c9c,103,92700.0,385559.12621359224,5089182.233009709,85.5234654772249,45.94667131739356,2.2139711380004883,2.637091875076294,2.241333246231079,100.0,HIGH PRIORITY,95th percentile prioritisation threshold,Spectral-stress evidence detected. Prioritise field inspection to determine the underlying cause. Field verification required.,117
upload_f3b95c9c-Z0833,upload_f3b95c9c,40,36000.0,382890.75,5068788.75,85.49401171898965,45.762732019576255,2.2138261795043945,3.529376983642578,2.0744099617004395,100.0,HIGH PRIORITY,95th percentile prioritisation threshold,Spectral-stress evidence detected. Prioritise field inspection to determine the underlying cause. Field verification required.,118
upload_f3b95c9c-Z0589,upload_f3b95c9c,15,13500.0,358192.0,5078606.0,85.17365745689837,45.84642198867418,2.211594820022583,2.735778570175171,2.2308249473571777,100.0,HIGH PRIORITY,95th percentile prioritisation threshold,Spectral-stress evidence detected. Prioritise field inspection to determine the underlying cause. Field verification required.,119
upload_f3b95c9c-Z0360,upload_f3b95c9c,161,144900.0,361936.58385093167,5086331.739130435,85.21964082274457,45.916684674141614,2.2112157344818115,3.019744873046875,2.185978651046753,100.0,HIGH PRIORITY,95th percentile prioritisation threshold,Spectral-stress evidence detected. Prioritise field inspection to determine the underlying cause. Field verification required.,120
upload_f3b95c9c-Z0391,upload_f3b95c9c,33,29700.0,361576.36363636365,5085721.818181818,85.21517393542042,45.91112531023356,2.210350513458252,2.8114209175109863,2.2244253158569336,100.0,HIGH PRIORITY,95th percentile prioritisation threshold,Spectral-stress evidence detected. Prioritise field inspection to determine the underlying cause. Field verification required.,121
upload_f3b95c9c-Z0797,upload_f3b95c9c,36,32400.0,353530.0,5071348.333333333,85.1158516686621,45.78015852256246,2.2103400230407715,2.8205933570861816,2.204946517944336,100.0,HIGH PRIORITY,95th percentile prioritisation threshold,Spectral-stress evidence detected. Prioritise field inspection to determine the underlying cause. Field verification required.,122
upload_f3b95c9c-Z0385,upload_f3b95c9c,17,15300.0,358087.0588235294,5085840.0,85.17017102469356,45.91147704549134,2.2101569175720215,2.9170565605163574,2.124551773071289,100.0,HIGH PRIORITY,95th percentile prioritisation threshold,Spectral-stress evidence detected. Prioritise field inspection to determine the underlying cause. Field verification required.,123
upload_f3b95c9c-Z0760,upload_f3b95c9c,11,9900.0,357518.1818181818,5073346.363636363,85.16653817665191,45.79896726161466,2.207944393157959,2.6576404571533203,2.1764230728149414,100.0,HIGH PRIORITY,95th percentile prioritisation threshold,Spectral-stress evidence detected. Prioritise field inspection to determine the underlying cause. Field verification required.,124
upload_f3b95c9c-Z0406,upload_f3b95c9c,20,18000.0,360277.5,5085184.5,85.19859122249349,45.90602882601278,2.2072715759277344,2.8818373680114746,2.238982677459717,100.0,HIGH PRIORITY,95th percentile prioritisation threshold,Spectral-stress evidence detected. Prioritise field inspection to determine the underlying cause. Field verification required.,125
upload_f3b95c9c-Z0523,upload_f3b95c9c,9,8100.0,361396.6666666667,5080826.666666667,85.21427026255634,45.86705164349598,2.207094192504883,2.6921186447143555,2.2599995136260986,100.0,HIGH PRIORITY,95th percentile prioritisation threshold,Spectral-stress evidence detected. Prioritise field inspection to determine the underlying cause. Field verification required.,126
upload_f3b95c9c-Z0072,upload_f3b95c9c,49,44100.0,363018.36734693876,5094691.224489796,85.23119228056939,45.99210410802535,2.206871509552002,3.5766403675079346,2.0617239475250244,100.0,HIGH PRIORITY,95th percentile prioritisation threshold,Spectral-stress evidence detected. Prioritise field inspection to determine the underlying cause. Field verification required.,127
upload_f3b95c9c-Z0501,upload_f3b95c9c,9,8100.0,358230.0,5081340.0,85.17334115981163,45.87102484238401,2.206648349761963,2.6015000343322754,2.2183518409729004,100.0,HIGH PRIORITY,95th percentile prioritisation threshold,Spectral-stress evidence detected. Prioritise field inspection to determine the underlying cause. Field verification required.,128
upload_f3b95c9c-Z0080,upload_f3b95c9c,17,15300.0,362717.64705882355,5094511.764705882,85.22736259475269,45.990429525931106,2.2064571380615234,2.6467466354370117,2.1423070430755615,100.0,HIGH PRIORITY,95th percentile prioritisation threshold,Spectral-stress evidence detected. Prioritise field inspection to determine the underlying cause. Field verification required.,129
upload_f3b95c9c-Z0511,upload_f3b95c9c,19,17100.0,361051.5789473684,5081092.105263158,85.20974975093284,45.8693700160411,2.202970027923584,2.71561336517334,2.099993944168091,100.0,HIGH PRIORITY,95th percentile prioritisation threshold,Spectral-stress evidence detected. Prioritise field inspection to determine the underlying cause. Field verification required.,130
upload_f3b95c9c-Z0673,upload_f3b95c9c,12,10800.0,354130.0,5076040.0,85.12214786188606,45.82249090643569,2.2023422718048096,2.756498098373413,2.1413612365722656,100.0,HIGH PRIORITY,95th percentile prioritisation threshold,Spectral-stress evidence detected. Prioritise field inspection to determine the underlying cause. Field verification required.,131
upload_f3b95c9c-Z0117,upload_f3b95c9c,9,8100.0,364436.6666666667,5092863.333333333,85.25001606517662,45.975942029883086,2.2011704444885254,2.6551995277404785,2.087587356567383,100.0,HIGH PRIORITY,95th percentile prioritisation threshold,Spectral-stress evidence detected. Prioritise field inspection to determine the underlying cause. Field verification required.,132
upload_f3b95c9c-Z0737,upload_f3b95c9c,12,10800.0,356625.0,5074005.0,85.15485503445261,45.80470737271373,2.200307607650757,2.5804378986358643,2.2047598361968994,100.0,HIGH PRIORITY,95th percentile prioritisation threshold,Spectral-stress evidence detected. Prioritise field inspection to determine the underlying cause. Field verification required.,133
upload_f3b95c9c-Z0054,upload_f3b95c9c,9,8100.0,363130.0,5095583.333333333,85.23237748226956,46.00015187089797,2.1997203826904297,2.523075580596924,2.208611011505127,100.0,HIGH PRIORITY,95th percentile prioritisation threshold,Spectral-stress evidence detected. Prioritise field inspection to determine the underlying cause. Field verification required.,134
upload_f3b95c9c-Z0778,upload_f3b95c9c,17,15300.0,354640.5882352941,5072454.705882353,85.12979734486464,45.79034596737911,2.1981756687164307,2.802769422531128,2.1457157135009766,100.0,HIGH PRIORITY,95th percentile prioritisation threshold,Spectral-stress evidence detected. Prioritise field inspection to determine the underlying cause. Field verification required.,135
upload_f3b95c9c-Z0149,upload_f3b95c9c,9,8100.0,364766.6666666667,5091893.333333333,85.25454824805317,45.96728085014077,2.197479248046875,2.547940731048584,2.1645092964172363,100.0,HIGH PRIORITY,95th percentile prioritisation threshold,Spectral-stress evidence detected. Prioritise field inspection to determine the underlying cause. Field verification required.,136
upload_f3b95c9c-Z0470,upload_f3b95c9c,14,12600.0,362224.28571428574,5082507.857142857,85.2244461608012,45.88234210111669,2.1974074840545654,2.7565760612487793,2.1156578063964844,100.0,HIGH PRIORITY,95th percentile prioritisation threshold,Spectral-stress evidence detected. Prioritise field inspection to determine the underlying cause. Field verification required.,137
upload_f3b95c9c-Z0068,upload_f3b95c9c,10,9000.0,362667.0,5094897.0,85.2265982207179,45.993884974414186,2.1969008445739746,2.897510290145874,2.1598806381225586,100.0,HIGH PRIORITY,95th percentile prioritisation threshold,Spectral-stress evidence detected. Prioritise field inspection to determine the underlying cause. Field verification required.,138
upload_f3b95c9c-Z0123,upload_f3b95c9c,36,32400.0,363975.8333333333,5092570.833333333,85.24415318938347,45.97321942417195,2.1958868503570557,2.6591415405273438,2.1898748874664307,100.0,HIGH PRIORITY,95th percentile prioritisation threshold,Spectral-stress evidence detected. Prioritise field inspection to determine the underlying cause. Field verification required.,139
upload_f3b95c9c-Z0033,upload_f3b95c9c,41,36900.0,366019.756097561,5096765.853658536,85.26934832088615,46.011361107272386,2.1956589221954346,2.6951260566711426,2.1952733993530273,100.0,HIGH PRIORITY,95th percentile prioritisation threshold,Spectral-stress evidence detected. Prioritise field inspection to determine the underlying cause. Field verification required.,140
upload_f3b95c9c-Z0378,upload_f3b95c9c,22,19800.0,362500.9090909091,5085992.7272727275,85.22701154878044,45.91374799016887,2.195322275161743,2.8809280395507812,2.183828830718994,100.0,HIGH PRIORITY,95th percentile prioritisation threshold,Spectral-stress evidence detected. Prioritise field inspection to determine the underlying cause. Field verification required.,141
upload_f3b95c9c-Z0220,upload_f3b95c9c,64,57600.0,361484.53125,5089861.875,85.21279427233159,45.948351068828686,2.195012092590332,2.9927775859832764,2.1672544479370117,100.0,HIGH PRIORITY,95th percentile prioritisation threshold,Spectral-stress evidence detected. Prioritise field inspection to determine the underlying cause. Field verification required.,142
upload_f3b95c9c-Z0506,upload_f3b95c9c,17,15300.0,360788.82352941175,5081209.411764706,85.20633205717996,45.87037224144269,2.1946167945861816,2.795778512954712,2.095954656600952,100.0,HIGH PRIORITY,95th percentile prioritisation threshold,Spectral-stress evidence detected. Prioritise field inspection to determine the underlying cause. Field verification required.,143
upload_f3b95c9c-Z0578,upload_f3b95c9c,21,18900.0,362165.71428571426,5078908.571428572,85.22472304083203,45.849950381369766,2.194319248199463,2.8315372467041016,2.151247024536133,100.0,HIGH PRIORITY,95th percentile prioritisation threshold,Spectral-stress evidence detected. Prioritise field inspection to determine the underlying cause. Field verification required.,144
upload_f3b95c9c-Z0213,upload_f3b95c9c,13,11700.0,363699.23076923075,5090178.461538462,85.24126575236669,45.95164237222305,2.194063901901245,3.2912650108337402,2.0088157653808594,100.0,HIGH PRIORITY,95th percentile prioritisation threshold,Spectral-stress evidence detected. Prioritise field inspection to determine the underlying cause. Field verification required.,145
upload_f3b95c9c-Z0154,upload_f3b95c9c,36,32400.0,364480.0,5091574.166666667,85.2509403887437,45.9643530032368,2.192399740219116,3.1802031993865967,2.1663498878479004,100.0,HIGH PRIORITY,95th percentile prioritisation threshold,Spectral-stress evidence detected. Prioritise field inspection to determine the underlying cause. Field verification required.,146
upload_f3b95c9c-Z0696,upload_f3b95c9c,26,23400.0,356098.8461538461,5075449.615384615,85.14765643630831,45.81759351155204,2.191662549972534,2.8877928256988525,2.144408702850342,100.0,HIGH PRIORITY,95th percentile prioritisation threshold,Spectral-stress evidence detected. Prioritise field inspection to determine the underlying cause. Field verification required.,147
upload_f3b95c9c-Z0690,upload_f3b95c9c,18,16200.0,355880.0,5075565.0,85.14480638487942,45.81858580676275,2.1905300617218018,2.930508852005005,1.996513843536377,100.0,HIGH PRIORITY,95th percentile prioritisation threshold,Spectral-stress evidence detected. Prioritise field inspection to determine the underlying cause. Field verification required.,148
upload_f3b95c9c-Z0554,upload_f3b95c9c,347,312300.0,356086.94524495676,5079264.812680115,85.14636381075783,45.85191212946621,2.1903154850006104,3.1200904846191406,2.1373279094696045,100.0,HIGH PRIORITY,95th percentile prioritisation threshold,Spectral-stress evidence detected. Prioritise field inspection to determine the underlying cause. Field verification required.,149
upload_f3b95c9c-Z0520,upload_f3b95c9c,24,21600.0,357785.0,5080900.0,85.16774054719868,45.86697484550023,2.18878173828125,2.963789701461792,2.125248432159424,100.0,HIGH PRIORITY,95th percentile prioritisation threshold,Spectral-stress evidence detected. Prioritise field inspection to determine the underlying cause. Field verification required.,150
upload_f3b95c9c-Z0097,upload_f3b95c9c,12,10800.0,364465.0,5093940.0,85.2500764404842,45.985633506985856,2.18853497505188,2.6098015308380127,2.105963706970215,100.0,HIGH PRIORITY,95th percentile prioritisation threshold,Spectral-stress evidence detected. Prioritise field inspection to determine the underlying cause. Field verification required.,151
upload_f3b95c9c-Z0681,upload_f3b95c9c,16,14400.0,356411.25,5075842.5,85.15155869901886,45.82119298614671,2.1883950233459473,2.753019094467163,2.192397117614746,100.0,HIGH PRIORITY,95th percentile prioritisation threshold,Spectral-stress evidence detected. Prioritise field inspection to determine the underlying cause. Field verification required.,152
upload_f3b95c9c-Z0462,upload_f3b95c9c,123,110700.0,358845.60975609755,5082436.097560976,85.18094722767938,45.88101183164654,2.1878929138183594,3.0510871410369873,2.12982439994812,100.0,HIGH PRIORITY,95th percentile prioritisation threshold,Spectral-stress evidence detected. Prioritise field inspection to determine the underlying cause. Field verification required.,153
upload_f3b95c9c-Z0070,upload_f3b95c9c,9,8100.0,363686.6666666667,5094846.666666667,85.23977337496154,45.99363569176846,2.187178373336792,2.520409345626831,2.238199472427368,100.0,HIGH PRIORITY,95th percentile prioritisation threshold,Spectral-stress evidence detected. Prioritise field inspection to determine the underlying cause. Field verification required.,154
upload_f3b95c9c-Z0352,upload_f3b95c9c,17,15300.0,360098.82352941175,5086593.529411765,85.19587794689171,45.918668145860416,2.1867401599884033,2.561689615249634,2.2431910037994385,100.0,HIGH PRIORITY,95th percentile prioritisation threshold,Spectral-stress evidence detected. Prioritise field inspection to determine the underlying cause. Field verification required.,155
upload_f3b95c9c-Z0477,upload_f3b95c9c,29,26100.0,360743.7931034483,5082259.655172414,85.20544796582318,45.87981125171622,2.1856613159179688,3.0767712593078613,2.1369199752807617,100.0,HIGH PRIORITY,95th percentile prioritisation threshold,Spectral-stress evidence detected. Prioritise field inspection to determine the underlying cause. Field verification required.,156
upload_f3b95c9c-Z0183,upload_f3b95c9c,13,11700.0,363493.8461538461,5090766.923076923,85.23844910014193,45.95689545653576,2.185067653656006,2.9441888332366943,2.1400184631347656,100.0,HIGH PRIORITY,95th percentile prioritisation threshold,Spectral-stress evidence detected. Prioritise field inspection to determine the underlying cause. Field verification required.,157
upload_f3b95c9c-Z0702,upload_f3b95c9c,9,8100.0,356283.3333333333,5075366.666666667,85.15005468328441,45.816885776490885,2.184717893600464,2.5343334674835205,2.174945116043091,100.0,HIGH PRIORITY,95th percentile prioritisation threshold,Spectral-stress evidence detected. Prioritise field inspection to determine the underlying cause. Field verification required.,158
upload_f3b95c9c-Z0508,upload_f3b95c9c,15,13500.0,359882.0,5081142.0,85.19467356515594,45.86958183558098,2.1844985485076904,2.7012040615081787,2.294351100921631,100.0,HIGH PRIORITY,95th percentile prioritisation threshold,Spectral-stress evidence detected. Prioritise field inspection to determine the underlying cause. Field verification required.,159
upload_f3b95c9c-Z0608,upload_f3b95c9c,13,11700.0,356388.46153846156,5077973.076923077,85.15063060438708,45.84035473672341,2.1823837757110596,2.9617791175842285,1.9473130702972412,100.0,HIGH PRIORITY,95th percentile prioritisation threshold,Spectral-stress evidence detected. Prioritise field inspection to determine the underlying cause. Field verification required.,160
upload_f3b95c9c-Z0236,upload_f3b95c9c,23,20700.0,362435.2173913043,5089503.9130434785,85.22515739857559,45.945321943875335,2.1817433834075928,2.79475998878479,2.153275966644287,100.0,HIGH PRIORITY,95th percentile prioritisation threshold,Spectral-stress evidence detected. Prioritise field inspection to determine the underlying cause. Field verification required.,161
upload_f3b95c9c-Z0383,upload_f3b95c9c,10,9000.0,363351.0,5085924.0,85.23798739835036,45.91329921808318,2.1811509132385254,2.4816854000091553,2.1362199783325195,100.0,HIGH PRIORITY,95th percentile prioritisation threshold,Spectral-stress evidence detected. Prioritise field inspection to determine the underlying cause. Field verification required.,162
upload_f3b95c9c-Z0450,upload_f3b95c9c,13,11700.0,364179.23076923075,5083338.461538462,85.2493933275783,45.890203103846076,2.179675579071045,2.584097385406494,2.2010371685028076,100.0,HIGH PRIORITY,95th percentile prioritisation threshold,Spectral-stress evidence detected. Prioritise field inspection to determine the underlying cause. Field verification required.,163
upload_f3b95c9c-Z0365,upload_f3b95c9c,27,24300.0,362613.3333333333,5086306.666666667,85.22837061045475,45.916594720617844,2.1794400215148926,2.91137433052063,2.119286060333252,100.0,HIGH PRIORITY,95th percentile prioritisation threshold,Spectral-stress evidence detected. Prioritise field inspection to determine the underlying cause. Field verification required.,164
upload_f3b95c9c-Z0648,upload_f3b95c9c,9,8100.0,354756.6666666667,5076863.333333333,85.12996280858337,45.83002973613262,2.1783735752105713,2.5083651542663574,2.2854385375976562,100.0,HIGH PRIORITY,95th percentile prioritisation threshold,Spectral-stress evidence detected. Prioritise field inspection to determine the underlying cause. Field verification required.,165
upload_f3b95c9c-Z0014,upload_f3b95c9c,16,14400.0,363931.875,5098288.125,85.24195739488212,46.0246440738638,2.175713062286377,2.885664463043213,2.0746512413024902,100.0,HIGH PRIORITY,95th percentile prioritisation threshold,Spectral-stress evidence detected. Prioritise field inspection to determine the underlying cause. Field verification required.,166
upload_f3b95c9c-Z0040,upload_f3b95c9c,43,38700.0,363728.37209302327,5096215.813953488,85.23992104562669,46.005960959634855,2.174968957901001,2.810392379760742,2.1146292686462402,100.0,HIGH PRIORITY,95th percentile prioritisation threshold,Spectral-stress evidence detected. Prioritise field inspection to determine the underlying cause. Field verification required.,167
upload_f3b95c9c-Z0340,upload_f3b95c9c,49,44100.0,364965.9183673469,5086880.204081632,85.25853192276134,45.922220653888154,2.1729884147644043,2.8183772563934326,2.1267740726470947,100.0,HIGH PRIORITY,95th percentile prioritisation threshold,Spectral-stress evidence detected. Prioritise field inspection to determine the underlying cause. Field verification required.,168
upload_f3b95c9c-Z0623,upload_f3b95c9c,46,41400.0,356047.82608695654,5077485.652173913,85.14639200935339,45.83589885439727,2.166757583618164,2.831346035003662,2.1013693809509277,100.0,HIGH PRIORITY,95th percentile prioritisation threshold,Spectral-stress evidence detected. Prioritise field inspection to determine the underlying cause. Field verification required.,169
upload_f3b95c9c-Z0025,upload_f3b95c9c,32,28800.0,365145.0,5097311.25,85.25790008221938,46.016095946552,2.166586399078369,2.732950448989868,2.1501855850219727,100.0,HIGH PRIORITY,95th percentile prioritisation threshold,Spectral-stress evidence detected. Prioritise field inspection to determine the underlying cause. Field verification required.,170
upload_f3b95c9c-Z0143,upload_f3b95c9c,14,12600.0,363799.28571428574,5091994.285714285,85.24203948720988,45.967997686664255,2.1654391288757324,2.9406001567840576,2.0738344192504883,100.0,HIGH PRIORITY,95th percentile prioritisation threshold,Spectral-stress evidence detected. Prioritise field inspection to determine the underlying cause. Field verification required.,171
upload_f3b95c9c-Z0116,upload_f3b95c9c,10,9000.0,363354.0,5092953.0,85.23602100493515,45.97653385528222,2.1646618843078613,2.677398204803467,2.1248044967651367,100.0,HIGH PRIORITY,95th percentile prioritisation threshold,Spectral-stress evidence detected. Prioritise field inspection to determine the underlying cause. Field verification required.,172
upload_f3b95c9c-Z0449,upload_f3b95c9c,13,11700.0,360076.1538461539,5083301.538461538,85.19654524432806,45.889048685193934,2.1631081104278564,2.9582788944244385,2.1554017066955566,100.0,HIGH PRIORITY,95th percentile prioritisation threshold,Spectral-stress evidence detected. Prioritise field inspection to determine the underlying cause. Field verification required.,173
upload_f3b95c9c-Z0639,upload_f3b95c9c,17,15300.0,354704.1176470588,5077074.705882353,85.12922286784375,45.831920130145804,2.162588596343994,2.600641965866089,2.1201484203338623,100.0,HIGH PRIORITY,95th percentile prioritisation threshold,Spectral-stress evidence detected. Prioritise field inspection to determine the underlying cause. Field verification required.,174
upload_f3b95c9c-Z0034,upload_f3b95c9c,12,10800.0,363577.5,5096602.5,85.23786283060944,46.00940959314631,2.161639451980591,2.4462132453918457,2.2146573066711426,100.0,HIGH PRIORITY,95th percentile prioritisation threshold,Spectral-stress evidence detected. Prioritise field inspection to determine the underlying cause. Field verification required.,175
upload_f3b95c9c-Z0344,upload_f3b95c9c,82,73800.0,362039.6341463415,5086780.243902439,85.22084004167623,45.92074017178679,2.1616077423095703,3.061469316482544,2.1196956634521484,100.0,HIGH PRIORITY,95th percentile prioritisation threshold,Spectral-stress evidence detected. Prioritise field inspection to determine the underlying cause. Field verification required.,176
upload_f3b95c9c-Z0617,upload_f3b95c9c,10,9000.0,357783.0,5077731.0,85.1686510386754,45.838466201561225,2.1614902019500732,2.5971760749816895,2.174522876739502,100.0,HIGH PRIORITY,95th percentile prioritisation threshold,Spectral-stress evidence detected. Prioritise field inspection to determine the underlying cause. Field verification required.,177
upload_f3b95c9c-Z0390,upload_f3b95c9c,42,37800.0,360133.5714285714,5085655.0,85.196599407341,45.91023219411772,2.1592986583709717,2.8332252502441406,2.146749496459961,100.0,HIGH PRIORITY,95th percentile prioritisation threshold,Spectral-stress evidence detected. Prioritise field inspection to determine the underlying cause. Field verification required.,178
upload_f3b95c9c-Z0609,upload_f3b95c9c,9,8100.0,354766.6666666667,5077943.333333333,85.12976595885381,45.83974731152664,2.1577632427215576,3.011228084564209,1.99074387550354,100.0,HIGH PRIORITY,95th percentile prioritisation threshold,Spectral-stress evidence detected. Prioritise field inspection to determine the underlying cause. Field verification required.,179
upload_f3b95c9c-Z0664,upload_f3b95c9c,9,8100.0,356286.6666666667,5076353.333333333,85.14980349000143,45.82576245340341,2.1572461128234863,2.601781129837036,2.2243316173553467,100.0,HIGH PRIORITY,95th percentile prioritisation threshold,Spectral-stress evidence detected. Prioritise field inspection to determine the underlying cause. Field verification required.,180
upload_f3b95c9c-Z0445,upload_f3b95c9c,73,65700.0,358834.5205479452,5083278.493150685,85.18055693866631,45.88858773310046,2.1568548679351807,2.7887461185455322,2.1733038425445557,100.0,HIGH PRIORITY,95th percentile prioritisation threshold,Spectral-stress evidence detected. Prioritise field inspection to determine the underlying cause. Field verification required.,181
upload_f3b95c9c-Z0130,upload_f3b95c9c,9,8100.0,363910.0,5092326.666666667,85.24337326049262,45.97100980661206,2.1540677547454834,2.4414854049682617,2.1207993030548096,100.0,HIGH PRIORITY,95th percentile prioritisation threshold,Spectral-stress evidence detected. Prioritise field inspection to determine the underlying cause. Field verification required.,182
upload_f3b95c9c-Z0442,upload_f3b95c9c,135,121500.0,360963.3333333333,5083312.888888889,85.20797099126253,45.88933065444839,2.154024600982666,2.927093744277954,2.079713821411133,100.0,HIGH PRIORITY,95th percentile prioritisation threshold,Spectral-stress evidence detected. Prioritise field inspection to determine the underlying cause. Field verification required.,183
upload_f3b95c9c-Z0440,upload_f3b95c9c,16,14400.0,360397.5,5083616.25,85.20059350094935,45.891945132125294,2.1535890102386475,2.653737783432007,2.0075416564941406,100.0,HIGH PRIORITY,95th percentile prioritisation threshold,Spectral-stress evidence detected. Prioritise field inspection to determine the underlying cause. Field verification required.,184
upload_f3b95c9c-Z0392,upload_f3b95c9c,31,27900.0,364016.12903225806,5085688.064516129,85.2466266538439,45.91130857655683,2.151310682296753,2.6086957454681396,2.138760805130005,100.0,HIGH PRIORITY,95th percentile prioritisation threshold,Spectral-stress evidence detected. Prioritise field inspection to determine the underlying cause. Field verification required.,185
upload_f3b95c9c-Z0199,upload_f3b95c9c,13,11700.0,359298.46153846156,5090436.923076923,85.18443361724424,45.95307964053658,2.1511075496673584,2.643749713897705,2.1405770778656006,100.0,HIGH PRIORITY,95th percentile prioritisation threshold,Spectral-stress evidence detected. Prioritise field inspection to determine the underlying cause. Field verification required.,186
upload_f3b95c9c-Z0043,upload_f3b95c9c,22,19800.0,361430.45454545453,5096105.454545454,85.21028780112586,46.00450732890509,2.1509780883789062,2.60406231880188,2.1329164505004883,100.0,HIGH PRIORITY,95th percentile prioritisation threshold,Spectral-stress evidence detected. Prioritise field inspection to determine the underlying cause. Field verification required.,187
upload_f3b95c9c-Z0727,upload_f3b95c9c,40,36000.0,356403.0,5074177.5,85.15194820682517,45.8062130132544,2.150926351547241,2.837242364883423,2.1871371269226074,100.0,HIGH PRIORITY,95th percentile prioritisation threshold,Spectral-stress evidence detected. Prioritise field inspection to determine the underlying cause. Field verification required.,188
upload_f3b95c9c-Z0010,upload_f3b95c9c,121,108900.0,363353.80165289255,5098187.851239669,85.23452081467056,46.02362689814695,2.149996519088745,3.0818164348602295,2.100466251373291,100.0,HIGH PRIORITY,95th percentile prioritisation threshold,Spectral-stress evidence detected. Prioritise field inspection to determine the underlying cause. Field verification required.,189
upload_f3b95c9c-Z0021,upload_f3b95c9c,37,33300.0,366190.54054054053,5097711.081081081,85.27128833845477,46.019897957525245,2.149592876434326,2.560096025466919,2.1155593395233154,100.0,HIGH PRIORITY,95th percentile prioritisation threshold,Spectral-stress evidence detected. Prioritise field inspection to determine the underlying cause. Field verification required.,190
upload_f3b95c9c-Z0140,upload_f3b95c9c,13,11700.0,364541.53846153844,5092043.076923077,85.25160149922412,45.96858356480097,2.148690700531006,2.492910623550415,2.195309638977051,100.0,HIGH PRIORITY,95th percentile prioritisation threshold,Spectral-stress evidence detected. Prioritise field inspection to determine the underlying cause. Field verification required.,191
upload_f3b95c9c-Z0548,upload_f3b95c9c,48,43200.0,356188.75,5079821.25,85.14750813806195,45.85693902356213,2.147932529449463,2.856019973754883,2.142942428588867,100.0,HIGH PRIORITY,95th percentile prioritisation threshold,Spectral-stress evidence detected. Prioritise field inspection to determine the underlying cause. Field verification required.,192
upload_f3b95c9c-Z0341,upload_f3b95c9c,13,11700.0,365210.76923076925,5086945.384615385,85.261669853264,45.92285510755921,2.147399425506592,2.8162147998809814,1.898419976234436,100.0,HIGH PRIORITY,95th percentile prioritisation threshold,Spectral-stress evidence detected. Prioritise field inspection to determine the underlying cause. Field verification required.,193
upload_f3b95c9c-Z0583,upload_f3b95c9c,94,84600.0,356091.7021276596,5078658.191489362,85.1466063643996,45.84645603988292,2.1472721099853516,2.9485721588134766,2.1141841411590576,100.0,HIGH PRIORITY,95th percentile prioritisation threshold,Spectral-stress evidence detected. Prioritise field inspection to determine the underlying cause. Field verification required.,194
upload_f3b95c9c-Z0592,upload_f3b95c9c,9,8100.0,358023.3333333333,5078430.0,85.17153820951599,45.84480395920202,2.1463658809661865,2.41263747215271,2.1997804641723633,100.0,HIGH PRIORITY,95th percentile prioritisation threshold,Spectral-stress evidence detected. Prioritise field inspection to determine the underlying cause. Field verification required.,195
upload_f3b95c9c-Z0400,upload_f3b95c9c,14,12600.0,359794.28571428574,5085452.142857143,85.19228620872254,45.908338182448865,2.1462998390197754,3.0838756561279297,2.0781431198120117,100.0,HIGH PRIORITY,95th percentile prioritisation threshold,Spectral-stress evidence detected. Prioritise field inspection to determine the underlying cause. Field verification required.,196
upload_f3b95c9c-Z0834,upload_f3b95c9c,12,10800.0,364565.0,5068775.0,85.25845466899581,45.759259732819615,2.145686149597168,2.9705491065979004,2.0687899589538574,100.0,HIGH PRIORITY,95th percentile prioritisation threshold,Spectral-stress evidence detected. Prioritise field inspection to determine the underlying cause. Field verification required.,197
upload_f3b95c9c-Z0045,upload_f3b95c9c,37,33300.0,366392.4324324324,5096083.783783784,85.27435092457037,46.00529782336718,2.1446969509124756,2.6800544261932373,2.0973997116088867,100.0,HIGH PRIORITY,95th percentile prioritisation threshold,Spectral-stress evidence detected. Prioritise field inspection to determine the underlying cause. Field verification required.,198
upload_f3b95c9c-Z0428,upload_f3b95c9c,409,368100.0,359446.21026894863,5083427.017114914,85.18839339446929,45.89004908959836,2.1438357830047607,3.0209081172943115,2.108761787414551,100.0,HIGH PRIORITY,95th percentile prioritisation threshold,Spectral-stress evidence detected. Prioritise field inspection to determine the underlying cause. Field verification required.,199
upload_f3b95c9c-Z0088,upload_f3b95c9c,24,21600.0,362635.0,5094150.0,85.22639992368305,45.98715852065992,2.143697738647461,2.9056646823883057,2.123807907104492,100.0,HIGH PRIORITY,95th percentile prioritisation threshold,Spectral-stress evidence detected. Prioritise field inspection to determine the underlying cause. Field verification required.,200
upload_f3b95c9c-Z0825,upload_f3b95c9c,13,11700.0,363650.76923076925,5069787.692307692,85.24641870226694,45.76819065141325,2.1433675289154053,2.489250421524048,2.228388786315918,100.0,HIGH PRIORITY,95th percentile prioritisation threshold,Spectral-stress evidence detected. Prioritise field inspection to determine the underlying cause. Field verification required.,201
upload_f3b95c9c-Z0258,upload_f3b95c9c,17,15300.0,359142.35294117645,5088928.235294118,85.1828639208847,45.93947562957162,2.1427793502807617,2.5922868251800537,2.08707594871521,100.0,HIGH PRIORITY,95th percentile prioritisation threshold,Spectral-stress evidence detected. Prioritise field inspection to determine the underlying cause. Field verification required.,202
upload_f3b95c9c-Z0579,upload_f3b95c9c,33,29700.0,363982.7272727273,5078910.909090909,85.24811399723802,45.85033254500951,2.14253568649292,2.9324464797973633,2.099642515182495,100.0,HIGH PRIORITY,95th percentile prioritisation threshold,Spectral-stress evidence detected. Prioritise field inspection to determine the underlying cause. Field verification required.,203
upload_f3b95c9c-Z0156,upload_f3b95c9c,9,8100.0,362483.3333333333,5091510.0,85.22520170416138,45.96337852780966,2.1424648761749268,2.4720866680145264,2.2102737426757812,100.0,HIGH PRIORITY,95th percentile prioritisation threshold,Spectral-stress evidence detected. Prioritise field inspection to determine the underlying cause. Field verification required.,204
upload_f3b95c9c-Z0271,upload_f3b95c9c,19,17100.0,366164.2105263158,5088718.421052632,85.27346538570778,45.938992337719355,2.1417407989501953,2.6192030906677246,2.1548328399658203,100.0,HIGH PRIORITY,95th percentile prioritisation threshold,Spectral-stress evidence detected. Prioritise field inspection to determine the underlying cause. Field verification required.,205
upload_f3b95c9c-Z0777,upload_f3b95c9c,10,9000.0,354273.0,5072478.0,85.12506345947789,45.79047802379945,2.1417360305786133,2.3762850761413574,2.1615946292877197,100.0,HIGH PRIORITY,95th percentile prioritisation threshold,Spectral-stress evidence detected. Prioritise field inspection to determine the underlying cause. Field verification required.,206
upload_f3b95c9c-Z0396,upload_f3b95c9c,16,14400.0,365101.875,5085695.625,85.26061756331816,45.911590501250416,2.141279697418213,2.6685993671417236,2.049172878265381,100.0,HIGH PRIORITY,95th percentile prioritisation threshold,Spectral-stress evidence detected. Prioritise field inspection to determine the underlying cause. Field verification required.,207
upload_f3b95c9c-Z0102,upload_f3b95c9c,13,11700.0,362919.23076923075,5093792.307692308,85.230170597556,45.9839975802772,2.1412055492401123,2.524390459060669,2.1996371746063232,100.0,HIGH PRIORITY,95th percentile prioritisation threshold,Spectral-stress evidence detected. Prioritise field inspection to determine the underlying cause. Field verification required.,208
upload_f3b95c9c-Z0488,upload_f3b95c9c,9,8100.0,357413.3333333333,5081770.0,85.16269663426164,45.87472442490404,2.1408891677856445,2.5536746978759766,2.097496747970581,100.0,HIGH PRIORITY,95th percentile prioritisation threshold,Spectral-stress evidence detected. Prioritise field inspection to determine the underlying cause. Field verification required.,209
upload_f3b95c9c-Z0598,upload_f3b95c9c,188,169200.0,355476.06382978725,5077928.936170213,85.13890061698156,45.83976692336973,2.1405296325683594,2.9635729789733887,2.104142427444458,100.0,HIGH PRIORITY,95th percentile prioritisation threshold,Spectral-stress evidence detected. Prioritise field inspection to determine the underlying cause. Field verification required.,210
upload_f3b95c9c-Z0425,upload_f3b95c9c,91,81900.0,360316.8131868132,5084067.362637362,85.19942281967062,45.895986990722534,2.1404027938842773,3.071305513381958,2.0532078742980957,100.0,HIGH PRIORITY,95th percentile prioritisation threshold,Spectral-stress evidence detected. Prioritise field inspection to determine the underlying cause. Field verification required.,211
upload_f3b95c9c-Z0388,upload_f3b95c9c,12,10800.0,358522.5,5085797.5,85.17579526038918,45.911184467928976,2.140259265899658,2.577836036682129,2.019894599914551,100.0,HIGH PRIORITY,95th percentile prioritisation threshold,Spectral-stress evidence detected. Prioritise field inspection to determine the underlying cause. Field verification required.,212
upload_f3b95c9c-Z0436,upload_f3b95c9c,12,10800.0,363710.0,5083752.5,85.24323076807447,45.89383511298138,2.139949321746826,2.652892827987671,2.0815906524658203,100.0,HIGH PRIORITY,95th percentile prioritisation threshold,Spectral-stress evidence detected. Prioritise field inspection to determine the underlying cause. Field verification required.,213
upload_f3b95c9c-Z0364,upload_f3b95c9c,60,54000.0,359800.0,5086312.0,85.19210862626147,45.916074619742844,2.1393346786499023,2.7133560180664062,2.1239981651306152,100.0,HIGH PRIORITY,95th percentile prioritisation threshold,Spectral-stress evidence detected. Prioritise field inspection to determine the underlying cause. Field verification required.,214
upload_f3b95c9c-Z0061,upload_f3b95c9c,11,9900.0,365048.1818181818,5095388.181818182,85.25719349911618,45.998776646490015,2.138385534286499,2.5280001163482666,2.102890968322754,100.0,HIGH PRIORITY,95th percentile prioritisation threshold,Spectral-stress evidence detected. Prioritise field inspection to determine the underlying cause. Field verification required.,215
upload_f3b95c9c-Z0099,upload_f3b95c9c,23,20700.0,361322.60869565216,5093864.347826087,85.20954608070713,45.98432462663953,2.136018991470337,2.7216732501983643,2.066721200942993,100.0,HIGH PRIORITY,95th percentile prioritisation threshold,Spectral-stress evidence detected. Prioritise field inspection to determine the underlying cause. Field verification required.,216
upload_f3b95c9c-Z0078,upload_f3b95c9c,29,26100.0,363222.4137931034,5094482.068965517,85.23388567647095,45.990263269975344,2.135699510574341,2.6746339797973633,2.1253128051757812,100.0,HIGH PRIORITY,95th percentile prioritisation threshold,Spectral-stress evidence detected. Prioritise field inspection to determine the underlying cause. Field verification required.,217
upload_f3b95c9c-Z0175,upload_f3b95c9c,19,17100.0,364368.94736842107,5090932.105263158,85.24968973885915,45.95855495002031,2.13516902923584,2.7216055393218994,2.0844671726226807,100.0,HIGH PRIORITY,95th percentile prioritisation threshold,Spectral-stress evidence detected. Prioritise field inspection to determine the underlying cause. Field verification required.,218
upload_f3b95c9c-Z0337,upload_f3b95c9c,9,8100.0,361896.6666666667,5087073.333333333,85.21891281539664,45.92334812275813,2.133352279663086,2.595762014389038,2.1294074058532715,100.0,HIGH PRIORITY,95th percentile prioritisation threshold,Spectral-stress evidence detected. Prioritise field inspection to determine the underlying cause. Field verification required.,219
upload_f3b95c9c-Z0497,upload_f3b95c9c,9,8100.0,362643.3333333333,5081500.0,85.23013190289801,45.87335894921296,2.1332483291625977,2.693460702896118,2.0890872478485107,100.0,HIGH PRIORITY,95th percentile prioritisation threshold,Spectral-stress evidence detected. Prioritise field inspection to determine the underlying cause. Field verification required.,220
upload_f3b95c9c-Z0093,upload_f3b95c9c,13,11700.0,363491.53846153844,5094090.0,85.23747101552738,45.98678981788045,2.1331820487976074,2.8276236057281494,2.0677542686462402,100.0,HIGH PRIORITY,95th percentile prioritisation threshold,Spectral-stress evidence detected. Prioritise field inspection to determine the underlying cause. Field verification required.,221
upload_f3b95c9c-Z0064,upload_f3b95c9c,10,9000.0,363225.0,5095095.0,85.2337436020892,45.99577775830415,2.1325440406799316,2.3481733798980713,2.174499034881592,100.0,HIGH PRIORITY,95th percentile prioritisation threshold,Spectral-stress evidence detected. Prioritise field inspection to determine the underlying cause. Field verification required.,222
upload_f3b95c9c-Z0657,upload_f3b95c9c,10,9000.0,354420.0,5076609.0,85.12570731809144,45.82767079762509,2.131284713745117,2.5443942546844482,2.1233835220336914,100.0,HIGH PRIORITY,95th percentile prioritisation threshold,Spectral-stress evidence detected. Prioritise field inspection to determine the underlying cause. Field verification required.,223
upload_f3b95c9c-Z0267,upload_f3b95c9c,11,9900.0,358974.54545454547,5088807.2727272725,85.18073582108227,45.938353026468135,2.131108283996582,2.6161117553710938,2.1169443130493164,100.0,HIGH PRIORITY,95th percentile prioritisation threshold,Spectral-stress evidence detected. Prioritise field inspection to determine the underlying cause. Field verification required.,224
upload_f3b95c9c-Z0485,upload_f3b95c9c,25,22500.0,359011.2,5081758.8,85.18327873631488,45.87495280264137,2.1311044692993164,2.869590997695923,1.9906901121139526,100.0,HIGH PRIORITY,95th percentile prioritisation threshold,Spectral-stress evidence detected. Prioritise field inspection to determine the underlying cause. Field verification required.,225
upload_f3b95c9c-Z0227,upload_f3b95c9c,12,10800.0,363002.5,5089787.5,85.23239176157156,45.947986546324586,2.131091833114624,2.977376937866211,2.021716594696045,100.0,HIGH PRIORITY,95th percentile prioritisation threshold,Spectral-stress evidence detected. Prioritise field inspection to determine the underlying cause. Field verification required.,226
upload_f3b95c9c-Z0323,upload_f3b95c9c,11,9900.0,363875.45454545453,5087315.454545454,85.2443518527992,45.92592113192691,2.131065607070923,2.7004852294921875,1.985897421836853,100.0,HIGH PRIORITY,95th percentile prioritisation threshold,Spectral-stress evidence detected. Prioritise field inspection to determine the underlying cause. Field verification required.,227
upload_f3b95c9c-Z0354,upload_f3b95c9c,28,25200.0,362605.71428571426,5086509.642857143,85.22821427610887,45.918419205042284,2.1299171447753906,2.7794291973114014,2.081789970397949,100.0,HIGH PRIORITY,95th percentile prioritisation threshold,Spectral-stress evidence detected. Prioritise field inspection to determine the underlying cause. Field verification required.,228
upload_f3b95c9c-Z0729,upload_f3b95c9c,30,27000.0,357732.0,5074120.0,85.16906013874343,45.8059710458079,2.1283130645751953,2.6859230995178223,2.064434051513672,100.0,HIGH PRIORITY,95th percentile prioritisation threshold,Spectral-stress evidence detected. Prioritise field inspection to determine the underlying cause. Field verification required.,229
upload_f3b95c9c-Z0435,upload_f3b95c9c,35,31500.0,359793.4285714286,5083693.714285715,85.19278862113525,45.892519154630804,2.128283977508545,2.6685869693756104,2.0966782569885254,100.0,HIGH PRIORITY,95th percentile prioritisation threshold,Spectral-stress evidence detected. Prioritise field inspection to determine the underlying cause. Field verification required.,230
upload_f3b95c9c-Z0212,upload_f3b95c9c,15,13500.0,359802.0,5090174.0,85.1910048059732,45.95081742466843,2.1268105506896973,2.708721399307251,2.0055646896362305,100.0,HIGH PRIORITY,95th percentile prioritisation threshold,Spectral-stress evidence detected. Prioritise field inspection to determine the underlying cause. Field verification required.,231
upload_f3b95c9c-Z0784,upload_f3b95c9c,14,12600.0,364632.85714285716,5072110.714285715,85.25839265712128,45.78928291237945,2.1267600059509277,2.5374515056610107,2.0322301387786865,100.0,HIGH PRIORITY,95th percentile prioritisation threshold,Spectral-stress evidence detected. Prioritise field inspection to determine the underlying cause. Field verification required.,232
upload_f3b95c9c-Z0049,upload_f3b95c9c,11,9900.0,363460.9090909091,5095870.909090909,85.23656677790406,46.002804928415415,2.1264302730560303,2.91930890083313,2.012113571166992,100.0,HIGH PRIORITY,95th percentile prioritisation threshold,Spectral-stress evidence detected. Prioritise field inspection to determine the underlying cause. Field verification required.,233
upload_f3b95c9c-Z0560,upload_f3b95c9c,38,34200.0,357633.15789473685,5079476.842105263,85.1662063404909,45.8541408129852,2.1263153553009033,2.796360731124878,2.1060962677001953,100.0,HIGH PRIORITY,95th percentile prioritisation threshold,Spectral-stress evidence detected. Prioritise field inspection to determine the underlying cause. Field verification required.,234
upload_f3b95c9c-Z0042,upload_f3b95c9c,13,11700.0,363976.1538461539,5096259.230769231,85.24310749138625,46.00640077412098,2.125793933868408,2.9857301712036133,2.0596067905426025,100.0,HIGH PRIORITY,95th percentile prioritisation threshold,Spectral-stress evidence detected. Prioritise field inspection to determine the underlying cause. Field verification required.,235
upload_f3b95c9c-Z0319,upload_f3b95c9c,17,15300.0,363141.17647058825,5087491.764705882,85.23483581131015,45.92736139182737,2.1242856979370117,2.638791561126709,2.073512077331543,100.0,HIGH PRIORITY,95th percentile prioritisation threshold,Spectral-stress evidence detected. Prioritise field inspection to determine the underlying cause. Field verification required.,236
upload_f3b95c9c-Z0185,upload_f3b95c9c,20,18000.0,366132.0,5090758.5,85.27247983504945,45.95733928506047,2.123868703842163,2.44895076751709,2.1888046264648438,100.0,HIGH PRIORITY,95th percentile prioritisation threshold,Spectral-stress evidence detected. Prioritise field inspection to determine the underlying cause. Field verification required.,237
upload_f3b95c9c-Z0483,upload_f3b95c9c,36,32400.0,360605.8333333333,5081885.833333333,85.20377939891856,45.876420381559775,2.123182773590088,2.9815149307250977,2.0843772888183594,100.0,HIGH PRIORITY,95th percentile prioritisation threshold,Spectral-stress evidence detected. Prioritise field inspection to determine the underlying cause. Field verification required.,238
upload_f3b95c9c-Z0507,upload_f3b95c9c,15,13500.0,358458.0,5081166.0,85.17632856718829,45.869506455451244,2.1228506565093994,2.614877462387085,2.2614080905914307,100.0,HIGH PRIORITY,95th percentile prioritisation threshold,Spectral-stress evidence detected. Prioritise field inspection to determine the underlying cause. Field verification required.,239
upload_f3b95c9c-Z0624,upload_f3b95c9c,47,42300.0,377786.8085106383,5077435.531914894,85.42621168815106,45.839645554171476,2.1217215061187744,2.782541275024414,2.0986621379852295,100.0,HIGH PRIORITY,95th percentile prioritisation threshold,Spectral-stress evidence detected. Prioritise field inspection to determine the underlying cause. Field verification required.,240
upload_f3b95c9c-Z0611,upload_f3b95c9c,9,8100.0,355903.3333333333,5077913.333333333,85.14440450394767,45.839716028790185,2.1203980445861816,2.615952491760254,2.149679183959961,100.0,HIGH PRIORITY,95th percentile prioritisation threshold,Spectral-stress evidence detected. Prioritise field inspection to determine the underlying cause. Field verification required.,241
upload_f3b95c9c-Z0842,upload_f3b95c9c,1577,1419300.0,381264.63538363983,5066398.421052632,85.47369433263823,45.740947440745956,2.1185226440429688,3.4725191593170166,2.0501015186309814,100.0,HIGH PRIORITY,95th percentile prioritisation threshold,Spectral-stress evidence detected. Prioritise field inspection to determine the underlying cause. Field verification required.,242
upload_f3b95c9c-Z0032,upload_f3b95c9c,10,9000.0,364044.0,5097093.0,85.2437459257464,46.01391490606238,2.11751127243042,2.6925365924835205,2.1175851821899414,100.0,HIGH PRIORITY,95th percentile prioritisation threshold,Spectral-stress evidence detected. Prioritise field inspection to determine the underlying cause. Field verification required.,243
upload_f3b95c9c-Z0646,upload_f3b95c9c,98,88200.0,379074.79591836734,5076747.551020408,85.44296408258573,45.83368280626524,2.117311477661133,3.079352617263794,2.040004014968872,100.0,HIGH PRIORITY,95th percentile prioritisation threshold,Spectral-stress evidence detected. Prioritise field inspection to determine the underlying cause. Field verification required.,244
upload_f3b95c9c-Z0139,upload_f3b95c9c,9,8100.0,363503.3333333333,5092063.333333333,85.23820171803469,45.96856003533317,2.1171140670776367,2.3603134155273438,2.0106101036071777,100.0,HIGH PRIORITY,95th percentile prioritisation threshold,Spectral-stress evidence detected. Prioritise field inspection to determine the underlying cause. Field verification required.,245
upload_f3b95c9c-Z0568,upload_f3b95c9c,12,10800.0,358180.0,5079242.5,85.17331550050552,45.85214547431788,2.1170880794525146,2.7011945247650146,1.9484119415283203,100.0,HIGH PRIORITY,95th percentile prioritisation threshold,Spectral-stress evidence detected. Prioritise field inspection to determine the underlying cause. Field verification required.,246
upload_f3b95c9c-Z0298,upload_f3b95c9c,14,12600.0,387441.4285714286,5087925.0,85.54803865531066,45.935670471630544,2.1165964603424072,2.31005859375,2.166339159011841,100.0,HIGH PRIORITY,95th percentile prioritisation threshold,Spectral-stress evidence detected. Prioritise field inspection to determine the underlying cause. Field verification required.,247
upload_f3b95c9c-Z0432,upload_f3b95c9c,11,9900.0,362732.7272727273,5083860.0,85.23060911796037,45.89460788697304,2.116375207901001,2.580566167831421,2.1134579181671143,100.0,HIGH PRIORITY,95th percentile prioritisation threshold,Spectral-stress evidence detected. Prioritise field inspection to determine the underlying cause. Field verification required.,248
upload_f3b95c9c-Z0468,upload_f3b95c9c,284,255600.0,357744.92957746476,5082167.640845071,85.16684955256648,45.87837018042155,2.1157896518707275,3.362549304962158,2.0572004318237305,100.0,HIGH PRIORITY,95th percentile prioritisation threshold,Spectral-stress evidence detected. Prioritise field inspection to determine the underlying cause. Field verification required.,249
upload_f3b95c9c-Z0505,upload_f3b95c9c,20,18000.0,362685.0,5081202.0,85.23075362109543,45.87068637973303,2.115388870239258,2.7217888832092285,1.995361328125,100.0,HIGH PRIORITY,95th percentile prioritisation threshold,Spectral-stress evidence detected. Prioritise field inspection to determine the underlying cause. Field verification required.,250
upload_f3b95c9c-Z0159,upload_f3b95c9c,11,9900.0,364448.1818181818,5091455.454545454,85.25056355371366,45.963278760685974,2.115351438522339,2.5667593479156494,2.0903449058532715,100.0,HIGH PRIORITY,95th percentile prioritisation threshold,Spectral-stress evidence detected. Prioritise field inspection to determine the underlying cause. Field verification required.,251
upload_f3b95c9c-Z0229,upload_f3b95c9c,12,10800.0,361785.0,5089705.0,85.21671445899257,45.94700036382899,2.115260362625122,2.375323534011841,2.1670267581939697,100.0,HIGH PRIORITY,95th percentile prioritisation threshold,Spectral-stress evidence detected. Prioritise field inspection to determine the underlying cause. Field verification required.,252
upload_f3b95c9c-Z0627,upload_f3b95c9c,53,47700.0,355231.1320754717,5077274.150943397,85.13594496059461,45.83382517977533,2.113619565963745,2.8103578090667725,2.0715110301971436,100.0,HIGH PRIORITY,95th percentile prioritisation threshold,Spectral-stress evidence detected. Prioritise field inspection to determine the underlying cause. Field verification required.,253
upload_f3b95c9c-Z0270,upload_f3b95c9c,9,8100.0,361656.6666666667,5088793.333333333,85.21532274032003,45.938773109347295,2.1133954524993896,2.275956869125366,2.1900970935821533,100.0,HIGH PRIORITY,95th percentile prioritisation threshold,Spectral-stress evidence detected. Prioritise field inspection to determine the underlying cause. Field verification required.,254
upload_f3b95c9c-Z0458,upload_f3b95c9c,22,19800.0,361228.63636363635,5082823.636363637,85.21153006762034,45.88498283818634,2.112934112548828,2.5838513374328613,2.0976638793945312,100.0,HIGH PRIORITY,95th percentile prioritisation threshold,Spectral-stress evidence detected. Prioritise field inspection to determine the underlying cause. Field verification required.,255
upload_f3b95c9c-Z0367,upload_f3b95c9c,29,26100.0,357066.2068965517,5086261.0344827585,85.15688958249335,45.9150531074534,2.112246036529541,2.85506534576416,2.083207368850708,100.0,HIGH PRIORITY,95th percentile prioritisation threshold,Spectral-stress evidence detected. Prioritise field inspection to determine the underlying cause. Field verification required.,256
upload_f3b95c9c-Z0467,upload_f3b95c9c,19,17100.0,359518.4210526316,5082587.368421053,85.18956912699215,45.8825103386593,2.112056016921997,2.893817901611328,2.0355112552642822,100.0,HIGH PRIORITY,95th percentile prioritisation threshold,Spectral-stress evidence detected. Prioritise field inspection to determine the underlying cause. Field verification required.,257
upload_f3b95c9c-Z0591,upload_f3b95c9c,14,12600.0,357732.85714285716,5078449.285714285,85.16779351472562,45.84491754166953,2.1119933128356934,2.78338623046875,2.0063633918762207,100.0,HIGH PRIORITY,95th percentile prioritisation threshold,Spectral-stress evidence detected. Prioritise field inspection to determine the underlying cause. Field verification required.,258
upload_f3b95c9c-Z0083,upload_f3b95c9c,10,9000.0,366405.0,5094381.0,85.27498938123055,45.98998158483518,2.111743450164795,2.51605486869812,2.063965320587158,100.0,HIGH PRIORITY,95th percentile prioritisation threshold,Spectral-stress evidence detected. Prioritise field inspection to determine the underlying cause. Field verification required.,259
upload_f3b95c9c-Z0104,upload_f3b95c9c,13,11700.0,366034.6153846154,5093801.538461538,85.27037150633969,45.98469632649477,2.1112301349639893,2.4459328651428223,2.1430985927581787,100.0,HIGH PRIORITY,95th percentile prioritisation threshold,Spectral-stress evidence detected. Prioritise field inspection to determine the underlying cause. Field verification required.,260
upload_f3b95c9c-Z0447,upload_f3b95c9c,27,24300.0,360393.3333333333,5083322.222222222,85.20062526560746,45.88929919145702,2.1107311248779297,2.950667142868042,2.0744261741638184,100.0,HIGH PRIORITY,95th percentile prioritisation threshold,Spectral-stress evidence detected. Prioritise field inspection to determine the underlying cause. Field verification required.,261
upload_f3b95c9c-Z0204,upload_f3b95c9c,9,8100.0,366420.0,5090343.333333333,85.27631050778149,45.95366041696768,2.1106441020965576,2.5276057720184326,2.1079864501953125,100.0,HIGH PRIORITY,95th percentile prioritisation threshold,Spectral-stress evidence detected. Prioritise field inspection to determine the underlying cause. Field verification required.,262
upload_f3b95c9c-Z0752,upload_f3b95c9c,18,16200.0,356473.3333333333,5073493.333333333,85.15305635830074,45.800072902808964,2.109743118286133,2.6645896434783936,2.0416910648345947,100.0,HIGH PRIORITY,95th percentile prioritisation threshold,Spectral-stress evidence detected. Prioritise field inspection to determine the underlying cause. Field verification required.,263
upload_f3b95c9c-Z0115,upload_f3b95c9c,10,9000.0,374565.0,5092998.0,85.38067216392338,45.97908061413817,2.109618663787842,2.623713970184326,2.0290427207946777,100.0,HIGH PRIORITY,95th percentile prioritisation threshold,Spectral-stress evidence detected. Prioritise field inspection to determine the underlying cause. Field verification required.,264
upload_f3b95c9c-Z0282,upload_f3b95c9c,26,23400.0,383254.6153846154,5088294.230769231,85.49395899943364,45.93829369934791,2.109445810317993,2.3661515712738037,2.1488571166992188,100.0,HIGH PRIORITY,95th percentile prioritisation threshold,Spectral-stress evidence detected. Prioritise field inspection to determine the underlying cause. Field verification required.,265
upload_f3b95c9c-Z0637,upload_f3b95c9c,24,21600.0,355955.0,5077113.75,85.14530853947899,45.832533873279715,2.108431100845337,2.5699024200439453,2.0888936519622803,100.0,HIGH PRIORITY,95th percentile prioritisation threshold,Spectral-stress evidence detected. Prioritise field inspection to determine the underlying cause. Field verification required.,266
upload_f3b95c9c-Z0029,upload_f3b95c9c,12,10800.0,364217.5,5097210.0,85.24595281563917,46.01500186180206,2.1082112789154053,2.528784990310669,2.1091036796569824,100.0,HIGH PRIORITY,95th percentile prioritisation threshold,Spectral-stress evidence detected. Prioritise field inspection to determine the underlying cause. Field verification required.,267
upload_f3b95c9c-Z0363,upload_f3b95c9c,159,143100.0,357737.5471698113,5086261.320754717,85.16554183310437,45.91519495161484,2.1073899269104004,2.9392316341400146,2.074723720550537,100.0,HIGH PRIORITY,95th percentile prioritisation threshold,Spectral-stress evidence detected. Prioritise field inspection to determine the underlying cause. Field verification required.,268
upload_f3b95c9c-Z0533,upload_f3b95c9c,20,18000.0,355362.0,5080408.5,85.13668759621919,45.86204869370908,2.105823516845703,2.7330825328826904,2.028745651245117,100.0,HIGH PRIORITY,95th percentile prioritisation threshold,Spectral-stress evidence detected. Prioritise field inspection to determine the underlying cause. Field verification required.,269
upload_f3b95c9c-Z0374,upload_f3b95c9c,181,162900.0,359166.96132596687,5085740.552486188,85.1841173974232,45.91080449328497,2.10506534576416,2.7178571224212646,2.0724434852600098,100.0,HIGH PRIORITY,95th percentile prioritisation threshold,Spectral-stress evidence detected. Prioritise field inspection to determine the underlying cause. Field verification required.,270
upload_f3b95c9c-Z0808,upload_f3b95c9c,17,15300.0,355170.0,5070428.823529412,85.13721236808667,45.77223254778633,2.1050102710723877,2.617985248565674,2.0189177989959717,100.0,HIGH PRIORITY,95th percentile prioritisation threshold,Spectral-stress evidence detected. Prioritise field inspection to determine the underlying cause. Field verification required.,271
upload_f3b95c9c-Z0278,upload_f3b95c9c,11,9900.0,366060.0,5088463.636363637,85.27219286015541,45.93667989189234,2.1039347648620605,2.502821445465088,1.9475059509277344,100.0,HIGH PRIORITY,95th percentile prioritisation threshold,Spectral-stress evidence detected. Prioritise field inspection to determine the underlying cause. Field verification required.,272
upload_f3b95c9c-Z0073,upload_f3b95c9c,10,9000.0,363324.0,5094735.0,85.23512441530404,45.99255891759595,2.1028964519500732,2.6355884075164795,2.073375701904297,100.0,HIGH PRIORITY,95th percentile prioritisation threshold,Spectral-stress evidence detected. Prioritise field inspection to determine the underlying cause. Field verification required.,273
upload_f3b95c9c-Z0023,upload_f3b95c9c,31,27900.0,366783.87096774194,5097526.451612903,85.27900173153698,46.018352651011945,2.102745532989502,2.5841684341430664,2.040616512298584,100.0,HIGH PRIORITY,95th percentile prioritisation threshold,Spectral-stress evidence detected. Prioritise field inspection to determine the underlying cause. Field verification required.,274
upload_f3b95c9c-Z0475,upload_f3b95c9c,50,45000.0,358545.0,5082189.0,85.17714797388567,45.87872722617213,2.101318120956421,2.7401678562164307,2.077897548675537,100.0,HIGH PRIORITY,95th percentile prioritisation threshold,Spectral-stress evidence detected. Prioritise field inspection to determine the underlying cause. Field verification required.,275
upload_f3b95c9c-Z0003,upload_f3b95c9c,9,8100.0,363546.6666666667,5099106.666666667,85.23674857277364,46.031931049616176,2.1010830402374268,2.550564765930176,2.0940816402435303,100.0,HIGH PRIORITY,95th percentile prioritisation threshold,Spectral-stress evidence detected. Prioritise field inspection to determine the underlying cause. Field verification required.,276
upload_f3b95c9c-Z0464,upload_f3b95c9c,23,20700.0,359947.82608695654,5082627.391304348,85.19508856263876,45.882957911704416,2.1009299755096436,2.673954963684082,2.0697569847106934,100.0,HIGH PRIORITY,95th percentile prioritisation threshold,Spectral-stress evidence detected. Prioritise field inspection to determine the underlying cause. Field verification required.,277
upload_f3b95c9c-Z0101,upload_f3b95c9c,11,9900.0,364652.7272727273,5093820.0,85.25253306578792,45.984591046376686,2.0996060371398926,2.654907703399658,2.0522029399871826,100.0,HIGH PRIORITY,95th percentile prioritisation threshold,Spectral-stress evidence detected. Prioritise field inspection to determine the underlying cause. Field verification required.,278
upload_f3b95c9c-Z0091,upload_f3b95c9c,11,9900.0,365255.45454545453,5094057.2727272725,85.26024434405099,45.986844303216245,2.099551200866699,2.357339859008789,2.1480236053466797,100.0,HIGH PRIORITY,95th percentile prioritisation threshold,Spectral-stress evidence detected. Prioritise field inspection to determine the underlying cause. Field verification required.,279
upload_f3b95c9c-Z0526,upload_f3b95c9c,333,299700.0,357188.018018018,5080396.936936937,85.1602025343862,45.86232577178433,2.0993711948394775,3.071969509124756,2.066480875015259,100.0,HIGH PRIORITY,95th percentile prioritisation threshold,Spectral-stress evidence detected. Prioritise field inspection to determine the underlying cause. Field verification required.,280
upload_f3b95c9c-Z0629,upload_f3b95c9c,20,18000.0,355792.5,5077299.0,85.14316189632227,45.83416638495697,2.096637487411499,2.5613839626312256,1.9994983673095703,100.0,HIGH PRIORITY,95th percentile prioritisation threshold,Spectral-stress evidence detected. Prioritise field inspection to determine the underlying cause. Field verification required.,281
upload_f3b95c9c-Z0110,upload_f3b95c9c,12,10800.0,364585.0,5093307.5,85.2518042148016,45.979967134677885,2.0952463150024414,2.471461772918701,2.047945022583008,100.0,HIGH PRIORITY,95th percentile prioritisation threshold,Spectral-stress evidence detected. Prioritise field inspection to determine the underlying cause. Field verification required.,282
upload_f3b95c9c-Z0019,upload_f3b95c9c,9,8100.0,366953.3333333333,5098023.333333333,85.28105143175398,46.02285566545467,2.094552755355835,2.2527520656585693,2.133714199066162,100.0,HIGH PRIORITY,95th percentile prioritisation threshold,Spectral-stress evidence detected. Prioritise field inspection to determine the underlying cause. Field verification required.,283
upload_f3b95c9c-Z0438,upload_f3b95c9c,18,16200.0,357981.6666666667,5083685.0,85.16945022747517,45.892069121831135,2.0944223403930664,2.5285654067993164,2.053067207336426,100.0,HIGH PRIORITY,95th percentile prioritisation threshold,Spectral-stress evidence detected. Prioritise field inspection to determine the underlying cause. Field verification required.,284
upload_f3b95c9c-Z0430,upload_f3b95c9c,15,13500.0,360690.0,5083916.0,85.20427487080734,45.894701003700554,2.093506336212158,2.575763463973999,2.086501359939575,100.0,HIGH PRIORITY,95th percentile prioritisation threshold,Spectral-stress evidence detected. Prioritise field inspection to determine the underlying cause. Field verification required.,285
upload_f3b95c9c-Z0063,upload_f3b95c9c,11,9900.0,362560.9090909091,5095290.0,85.22511585966346,45.99739915067687,2.0924501419067383,2.678290367126465,1.9818040132522583,100.0,HIGH PRIORITY,95th percentile prioritisation threshold,Spectral-stress evidence detected. Prioritise field inspection to determine the underlying cause. Field verification required.,286
upload_f3b95c9c-Z0522,upload_f3b95c9c,21,18900.0,356687.14285714284,5080835.714285715,85.15362260409607,45.86616890649764,2.09189772605896,2.702655076980591,2.0970163345336914,100.0,HIGH PRIORITY,95th percentile prioritisation threshold,Spectral-stress evidence detected. Prioritise field inspection to determine the underlying cause. Field verification required.,287
upload_f3b95c9c-Z0224,upload_f3b95c9c,21,18900.0,366994.28571428574,5089844.285714285,85.28385621604392,45.94928230857707,2.091574192047119,2.5633976459503174,2.0627169609069824,100.0,HIGH PRIORITY,95th percentile prioritisation threshold,Spectral-stress evidence detected. Prioritise field inspection to determine the underlying cause. Field verification required.,288
upload_f3b95c9c-Z0386,upload_f3b95c9c,87,78300.0,360554.8275862069,5085743.1034482755,85.2020026626276,45.91111034914006,2.0914371013641357,2.8802661895751953,2.0363078117370605,100.0,HIGH PRIORITY,95th percentile prioritisation threshold,Spectral-stress evidence detected. Prioritise field inspection to determine the underlying cause. Field verification required.,289
upload_f3b95c9c-Z0555,upload_f3b95c9c,244,219600.0,357042.1721311475,5079222.786885246,85.15867340792681,45.85173295681471,2.091017961502075,3.0365679264068604,2.0143027305603027,100.0,HIGH PRIORITY,95th percentile prioritisation threshold,Spectral-stress evidence detected. Prioritise field inspection to determine the underlying cause. Field verification required.,290
upload_f3b95c9c-Z0645,upload_f3b95c9c,27,24300.0,357866.6666666667,5076960.0,85.16995530741497,45.83154753937434,2.0902693271636963,2.6409308910369873,2.0754027366638184,100.0,HIGH PRIORITY,95th percentile prioritisation threshold,Spectral-stress evidence detected. Prioritise field inspection to determine the underlying cause. Field verification required.,291
upload_f3b95c9c-Z0309,upload_f3b95c9c,19,17100.0,362120.5263157895,5087693.684210527,85.22162009595013,45.928973826081524,2.089226722717285,2.5004894733428955,2.0851998329162598,100.0,HIGH PRIORITY,95th percentile prioritisation threshold,Spectral-stress evidence detected. Prioritise field inspection to determine the underlying cause. Field verification required.,292
upload_f3b95c9c-Z0245,upload_f3b95c9c,33,29700.0,385400.9090909091,5089170.0,85.5214277488419,45.94653486216136,2.087796688079834,2.3110108375549316,2.1413135528564453,100.0,HIGH PRIORITY,95th percentile prioritisation threshold,Spectral-stress evidence detected. Prioritise field inspection to determine the underlying cause. Field verification required.,293
upload_f3b95c9c-Z0707,upload_f3b95c9c,16,14400.0,357354.375,5075178.75,85.16388971050351,45.81541761355521,2.0872039794921875,2.5625922679901123,2.0572235584259033,100.0,HIGH PRIORITY,95th percentile prioritisation threshold,Spectral-stress evidence detected. Prioritise field inspection to determine the underlying cause. Field verification required.,294
upload_f3b95c9c-Z0096,upload_f3b95c9c,29,26100.0,366943.4482758621,5093992.75862069,85.28204687028928,45.98659355598057,2.0862014293670654,2.7054316997528076,1.9954125881195068,100.0,HIGH PRIORITY,95th percentile prioritisation threshold,Spectral-stress evidence detected. Prioritise field inspection to determine the underlying cause. Field verification required.,295
upload_f3b95c9c-Z0586,upload_f3b95c9c,51,45900.0,356668.82352941175,5078640.588235294,85.15404043788172,45.84641797671459,2.0845532417297363,2.7290170192718506,2.056262493133545,100.0,HIGH PRIORITY,95th percentile prioritisation threshold,Spectral-stress evidence detected. Prioritise field inspection to determine the underlying cause. Field verification required.,296
upload_f3b95c9c-Z0326,upload_f3b95c9c,10,9000.0,357159.0,5087229.0,85.15779726784899,45.9237800335616,2.0844180583953857,2.502329111099243,2.090998888015747,100.0,HIGH PRIORITY,95th percentile prioritisation threshold,Spectral-stress evidence detected. Prioritise field inspection to determine the underlying cause. Field verification required.,297
upload_f3b95c9c-Z0503,upload_f3b95c9c,17,15300.0,358575.8823529412,5081253.529411765,85.1778208845456,45.870318094388146,2.0839638710021973,2.4678826332092285,2.072922468185425,100.0,HIGH PRIORITY,95th percentile prioritisation threshold,Spectral-stress evidence detected. Prioritise field inspection to determine the underlying cause. Field verification required.,298
upload_f3b95c9c-Z0079,upload_f3b95c9c,10,9000.0,364077.0,5094528.0,85.24490203413274,45.99084643249076,2.0822408199310303,2.8175437450408936,1.9537081718444824,100.0,HIGH PRIORITY,95th percentile prioritisation threshold,Spectral-stress evidence detected. Prioritise field inspection to determine the underlying cause. Field verification required.,299
upload_f3b95c9c-Z0272,upload_f3b95c9c,59,53100.0,383218.9830508474,5088651.355932203,85.49341245276769,45.941500812091526,2.0809457302093506,2.363318681716919,2.1118507385253906,100.0,HIGH PRIORITY,95th percentile prioritisation threshold,Spectral-stress evidence detected. Prioritise field inspection to determine the underlying cause. Field verification required.,300
upload_f3b95c9c-Z0188,upload_f3b95c9c,9,8100.0,363290.0,5090660.0,85.23585035091772,45.95589299088433,2.0809309482574463,2.551145315170288,1.9663705825805664,100.0,HIGH PRIORITY,95th percentile prioritisation threshold,Spectral-stress evidence detected. Prioritise field inspection to determine the underlying cause. Field verification required.,301
upload_f3b95c9c-Z0601,upload_f3b95c9c,36,32400.0,355962.5,5078109.166666667,85.14510745554674,45.84149008868219,2.0799286365509033,2.970682144165039,2.0025510787963867,100.0,HIGH PRIORITY,95th percentile prioritisation threshold,Spectral-stress evidence detected. Prioritise field inspection to determine the underlying cause. Field verification required.,302
upload_f3b95c9c-Z0724,upload_f3b95c9c,11,9900.0,364944.54545454547,5074516.363636363,85.26172783884073,45.810986413910804,2.079779624938965,2.7641167640686035,1.9684512615203857,100.0,HIGH PRIORITY,95th percentile prioritisation threshold,Spectral-stress evidence detected. Prioritise field inspection to determine the underlying cause. Field verification required.,303
upload_f3b95c9c-Z0539,upload_f3b95c9c,166,149400.0,358197.1084337349,5080071.506024096,85.17329150079898,45.859606727633455,2.079312562942505,3.073720932006836,2.0358657836914062,100.0,HIGH PRIORITY,95th percentile prioritisation threshold,Spectral-stress evidence detected. Prioritise field inspection to determine the underlying cause. Field verification required.,304
upload_f3b95c9c-Z0545,upload_f3b95c9c,9,8100.0,357016.6666666667,5079980.0,85.15812011994612,45.858539489602215,2.078953981399536,2.73982834815979,1.950812578201294,100.0,HIGH PRIORITY,95th percentile prioritisation threshold,Spectral-stress evidence detected. Prioritise field inspection to determine the underlying cause. Field verification required.,305
upload_f3b95c9c-Z0113,upload_f3b95c9c,39,35100.0,364078.46153846156,5092985.384615385,85.24535950670226,45.97696913498469,2.078481674194336,2.708205461502075,2.041959047317505,100.0,HIGH PRIORITY,95th percentile prioritisation threshold,Spectral-stress evidence detected. Prioritise field inspection to determine the underlying cause. Field verification required.,306
upload_f3b95c9c-Z0812,upload_f3b95c9c,11,9900.0,355478.1818181818,5070316.363636363,85.14120767926428,45.771285405517304,2.0779783725738525,2.453146457672119,2.100846767425537,100.0,HIGH PRIORITY,95th percentile prioritisation threshold,Spectral-stress evidence detected. Prioritise field inspection to determine the underlying cause. Field verification required.,307
upload_f3b95c9c-Z0626,upload_f3b95c9c,26,23400.0,358186.1538461539,5077390.384615385,85.17394010288828,45.83548508852763,2.077756643295288,2.6482396125793457,2.0242156982421875,100.0,HIGH PRIORITY,95th percentile prioritisation threshold,Spectral-stress evidence detected. Prioritise field inspection to determine the underlying cause. Field verification required.,308
upload_f3b95c9c-Z0039,upload_f3b95c9c,20,18000.0,360678.0,5096302.5,85.20051672972623,46.00612735714642,2.0775701999664307,2.516770124435425,2.055570602416992,100.0,HIGH PRIORITY,95th percentile prioritisation threshold,Spectral-stress evidence detected. Prioritise field inspection to determine the underlying cause. Field verification required.,309
upload_f3b95c9c-Z0541,upload_f3b95c9c,85,76500.0,356568.0,5080008.705882353,85.15233497211409,45.85870443455857,2.0774953365325928,3.153154134750366,1.951117753982544,100.0,HIGH PRIORITY,95th percentile prioritisation threshold,Spectral-stress evidence detected. Prioritise field inspection to determine the underlying cause. Field verification required.,310
upload_f3b95c9c-Z0471,upload_f3b95c9c,462,415800.0,357080.06493506493,5081561.623376624,85.15846647339993,45.872780777670364,2.0773069858551025,3.1490230560302734,2.0264854431152344,100.0,HIGH PRIORITY,95th percentile prioritisation threshold,Spectral-stress evidence detected. Prioritise field inspection to determine the underlying cause. Field verification required.,311
upload_f3b95c9c-Z0265,upload_f3b95c9c,13,11700.0,365607.6923076923,5088803.076923077,85.26626565640224,45.93964525632318,2.0764951705932617,2.4914801120758057,2.0331153869628906,100.0,HIGH PRIORITY,95th percentile prioritisation threshold,Spectral-stress evidence detected. Prioritise field inspection to determine the underlying cause. Field verification required.,312
upload_f3b95c9c-Z0046,upload_f3b95c9c,26,23400.0,368073.46153846156,5095956.923076923,85.29608803010966,46.00448225203083,2.0764553546905518,2.3873605728149414,2.074777603149414,100.0,HIGH PRIORITY,95th percentile prioritisation threshold,Spectral-stress evidence detected. Prioritise field inspection to determine the underlying cause. Field verification required.,313
upload_f3b95c9c-Z0831,upload_f3b95c9c,1762,1585800.0,374899.4267877412,5068563.575482407,85.39134364352422,45.759305557870555,2.0764358043670654,2.874474048614502,2.03413724899292,100.0,HIGH PRIORITY,95th percentile prioritisation threshold,Spectral-stress evidence detected. Prioritise field inspection to determine the underlying cause. Field verification required.,314
upload_f3b95c9c-Z0053,upload_f3b95c9c,11,9900.0,363398.1818181818,5095606.363636363,85.23583269475685,46.00041255844838,2.075026512145996,2.4718968868255615,1.969480276107788,100.0,HIGH PRIORITY,95th percentile prioritisation threshold,Spectral-stress evidence detected. Prioritise field inspection to determine the underlying cause. Field verification required.,315
upload_f3b95c9c-Z0381,upload_f3b95c9c,15,13500.0,362838.0,5085950.0,85.23136829962857,45.91343095132809,2.074361562728882,2.468716859817505,2.0453295707702637,100.0,HIGH PRIORITY,95th percentile prioritisation threshold,Spectral-stress evidence detected. Prioritise field inspection to determine the underlying cause. Field verification required.,316
upload_f3b95c9c-Z0551,upload_f3b95c9c,33,29700.0,355993.63636363635,5079711.818181818,85.1450288732884,45.85591382595668,2.073611259460449,2.8557283878326416,2.0034704208374023,100.0,HIGH PRIORITY,95th percentile prioritisation threshold,Spectral-stress evidence detected. Prioritise field inspection to determine the underlying cause. Field verification required.,317
upload_f3b95c9c-Z0550,upload_f3b95c9c,29,26100.0,357319.6551724138,5079780.0,85.16208041462843,45.856803137511235,2.0735228061676025,2.6745352745056152,1.9839049577713013,100.0,HIGH PRIORITY,95th percentile prioritisation threshold,Spectral-stress evidence detected. Prioritise field inspection to determine the underlying cause. Field verification required.,318
upload_f3b95c9c-Z0790,upload_f3b95c9c,30,27000.0,356177.0,5071697.0,85.14978003999532,45.78385144653616,2.0734353065490723,2.654905080795288,2.1213817596435547,100.0,HIGH PRIORITY,95th percentile prioritisation threshold,Spectral-stress evidence detected. Prioritise field inspection to determine the underlying cause. Field verification required.,319
upload_f3b95c9c-Z0486,upload_f3b95c9c,38,34200.0,358417.1052631579,5081638.421052632,85.17566284846289,45.87374793647537,2.0729944705963135,2.8633546829223633,2.0040338039398193,100.0,HIGH PRIORITY,95th percentile prioritisation threshold,Spectral-stress evidence detected. Prioritise field inspection to determine the underlying cause. Field verification required.,320
upload_f3b95c9c-Z0009,upload_f3b95c9c,23,20700.0,365415.652173913,5098377.391304348,85.26109407987353,46.02574035680991,2.072979688644409,2.567790985107422,2.019392251968384,100.0,HIGH PRIORITY,95th percentile prioritisation threshold,Spectral-stress evidence detected. Prioritise field inspection to determine the underlying cause. Field verification required.,321
upload_f3b95c9c-Z0222,upload_f3b95c9c,53,47700.0,362230.1886792453,5089809.622641509,85.22242550232036,45.94803102950939,2.0729305744171143,2.725203275680542,2.0026321411132812,100.0,HIGH PRIORITY,95th percentile prioritisation threshold,Spectral-stress evidence detected. Prioritise field inspection to determine the underlying cause. Field verification required.,322
upload_f3b95c9c-Z0329,upload_f3b95c9c,9,8100.0,362186.6666666667,5087163.333333333,85.22262519334069,45.92421599432545,2.0698463916778564,2.4076366424560547,1.928270697593689,100.0,HIGH PRIORITY,95th percentile prioritisation threshold,Spectral-stress evidence detected. Prioritise field inspection to determine the underlying cause. Field verification required.,323
upload_f3b95c9c-Z0618,upload_f3b95c9c,62,55800.0,377296.4516129032,5077608.387096774,85.41985555373032,45.84111362910313,2.069575548171997,2.4826018810272217,2.0537075996398926,100.0,HIGH PRIORITY,95th percentile prioritisation threshold,Spectral-stress evidence detected. Prioritise field inspection to determine the underlying cause. Field verification required.,324
upload_f3b95c9c-Z0128,upload_f3b95c9c,17,15300.0,388958.82352941175,5092316.470588235,85.56658763132259,45.97543013713288,2.0692620277404785,2.715930461883545,1.9820122718811035,100.0,HIGH PRIORITY,95th percentile prioritisation threshold,Spectral-stress evidence detected. Prioritise field inspection to determine the underlying cause. Field verification required.,325
upload_f3b95c9c-Z0217,upload_f3b95c9c,10,9000.0,365445.0,5090082.0,85.26380856391854,45.95111896844364,2.068939208984375,2.286402702331543,2.0594663619995117,100.0,HIGH PRIORITY,95th percentile prioritisation threshold,Spectral-stress evidence detected. Prioritise field inspection to determine the underlying cause. Field verification required.,326
upload_f3b95c9c-Z0017,upload_f3b95c9c,21,18900.0,365458.5714285714,5098034.285714285,85.26174513281164,46.02266215907901,2.068835496902466,2.5967297554016113,2.0607879161834717,100.0,HIGH PRIORITY,95th percentile prioritisation threshold,Spectral-stress evidence detected. Prioritise field inspection to determine the underlying cause. Field verification required.,327
upload_f3b95c9c-Z0530,upload_f3b95c9c,181,162900.0,356245.6906077348,5080368.729281768,85.14807767387404,45.861875956219635,2.067293167114258,2.7973692417144775,2.0046117305755615,100.0,HIGH PRIORITY,95th percentile prioritisation threshold,Spectral-stress evidence detected. Prioritise field inspection to determine the underlying cause. Field verification required.,328
upload_f3b95c9c-Z0540,upload_f3b95c9c,13,11700.0,355211.53846153844,5080220.769230769,85.13480679013416,45.86032828992635,2.067124843597412,2.693265676498413,2.0339932441711426,100.0,HIGH PRIORITY,95th percentile prioritisation threshold,Spectral-stress evidence detected. Prioritise field inspection to determine the underlying cause. Field verification required.,329
upload_f3b95c9c-Z0038,upload_f3b95c9c,9,8100.0,366806.6666666667,5096436.666666667,85.27960020519167,46.008553096630045,2.06708025932312,2.3580985069274902,2.062448263168335,100.0,HIGH PRIORITY,95th percentile prioritisation threshold,Spectral-stress evidence detected. Prioritise field inspection to determine the underlying cause. Field verification required.,330
upload_f3b95c9c-Z0414,upload_f3b95c9c,9,8100.0,363070.0,5084753.333333333,85.23469977866918,45.90271173804245,2.0668482780456543,2.3183512687683105,2.0906946659088135,100.0,HIGH PRIORITY,95th percentile prioritisation threshold,Spectral-stress evidence detected. Prioritise field inspection to determine the underlying cause. Field verification required.,331
upload_f3b95c9c-Z0122,upload_f3b95c9c,17,15300.0,366988.23529411765,5092632.352941177,85.28300332802152,45.97436359105424,2.066537380218506,2.3803658485412598,2.065321207046509,100.0,HIGH PRIORITY,95th percentile prioritisation threshold,Spectral-stress evidence detected. Prioritise field inspection to determine the underlying cause. Field verification required.,332
upload_f3b95c9c-Z0056,upload_f3b95c9c,12,10800.0,364930.0,5095525.0,85.25562929184578,45.999984205766104,2.066049575805664,2.6063854694366455,2.0425987243652344,100.0,HIGH PRIORITY,95th percentile prioritisation threshold,Spectral-stress evidence detected. Prioritise field inspection to determine the underlying cause. Field verification required.,333
upload_f3b95c9c-Z0476,upload_f3b95c9c,112,100800.0,360366.96428571426,5082081.964285715,85.20064592153547,45.87813637746596,2.0659902095794678,2.9277923107147217,2.0035080909729004,100.0,HIGH PRIORITY,95th percentile prioritisation threshold,Spectral-stress evidence detected. Prioritise field inspection to determine the underlying cause. Field verification required.,334
upload_f3b95c9c-Z0246,upload_f3b95c9c,27,24300.0,358383.3333333333,5089222.222222222,85.17299031007394,45.941964206655776,2.0657241344451904,2.464862823486328,2.0562095642089844,100.0,HIGH PRIORITY,95th percentile prioritisation threshold,Spectral-stress evidence detected. Prioritise field inspection to determine the underlying cause. Field verification required.,335
upload_f3b95c9c-Z0346,upload_f3b95c9c,237,213300.0,357782.5316455696,5086570.0,85.16603009793148,45.91798109517128,2.065460681915283,2.7146551609039307,2.0447797775268555,100.0,HIGH PRIORITY,95th percentile prioritisation threshold,Spectral-stress evidence detected. Prioritise field inspection to determine the underlying cause. Field verification required.,336
upload_f3b95c9c-Z0747,upload_f3b95c9c,294,264600.0,376716.7346938776,5073463.469387755,85.4134528833341,45.80371764487958,2.0653562545776367,3.297930955886841,1.9942920207977295,100.0,HIGH PRIORITY,95th percentile prioritisation threshold,Spectral-stress evidence detected. Prioritise field inspection to determine the underlying cause. Field verification required.,337
upload_f3b95c9c-Z0602,upload_f3b95c9c,14,12600.0,357036.4285714286,5078155.714285715,85.15891628051652,45.84213245212556,2.0652072429656982,2.320175886154175,2.042022705078125,100.0,HIGH PRIORITY,95th percentile prioritisation threshold,Spectral-stress evidence detected. Prioritise field inspection to determine the underlying cause. Field verification required.,338
upload_f3b95c9c-Z0273,upload_f3b95c9c,24,21600.0,383655.0,5088581.25,85.49905255869612,45.9409440537115,2.0646512508392334,2.312796115875244,2.0868959426879883,100.0,HIGH PRIORITY,95th percentile prioritisation threshold,Spectral-stress evidence detected. Prioritise field inspection to determine the underlying cause. Field verification required.,339
upload_f3b95c9c-Z0661,upload_f3b95c9c,9,8100.0,354220.0,5076503.333333333,85.12316573853325,45.82667798557768,2.063951253890991,2.5961081981658936,1.997771143913269,100.0,HIGH PRIORITY,95th percentile prioritisation threshold,Spectral-stress evidence detected. Prioritise field inspection to determine the underlying cause. Field verification required.,340
upload_f3b95c9c-Z0180,upload_f3b95c9c,34,30600.0,362902.0588235294,5090750.294117647,85.23082078822382,45.95662791262678,2.0635664463043213,2.6752002239227295,2.0242176055908203,100.0,HIGH PRIORITY,95th percentile prioritisation threshold,Spectral-stress evidence detected. Prioritise field inspection to determine the underlying cause. Field verification required.,341
upload_f3b95c9c-Z0285,upload_f3b95c9c,42,37800.0,383032.14285714284,5088097.857142857,85.49113799386387,45.93648901047062,2.0634350776672363,2.3103420734405518,2.0759153366088867,100.0,HIGH PRIORITY,95th percentile prioritisation threshold,Spectral-stress evidence detected. Prioritise field inspection to determine the underlying cause. Field verification required.,342
upload_f3b95c9c-Z0663,upload_f3b95c9c,9,8100.0,356523.3333333333,5076400.0,85.15283489664112,45.82623155013039,2.061896324157715,2.4160706996917725,1.9948604106903076,100.0,HIGH PRIORITY,95th percentile prioritisation threshold,Spectral-stress evidence detected. Prioritise field inspection to determine the underlying cause. Field verification required.,343
upload_f3b95c9c-Z0635,upload_f3b95c9c,10,9000.0,378225.0,5077215.0,85.43190806558631,45.83773894733906,2.0605661869049072,2.3823611736297607,2.06079363822937,100.0,HIGH PRIORITY,95th percentile prioritisation threshold,Spectral-stress evidence detected. Prioritise field inspection to determine the underlying cause. Field verification required.,344
upload_f3b95c9c-Z0504,upload_f3b95c9c,22,19800.0,359420.45454545453,5081239.090909091,85.18870148116815,45.87036118145244,2.06000018119812,2.562140703201294,1.943811297416687,100.0,HIGH PRIORITY,95th percentile prioritisation threshold,Spectral-stress evidence detected. Prioritise field inspection to determine the underlying cause. Field verification required.,345
upload_f3b95c9c-Z0020,upload_f3b95c9c,18,16200.0,366471.6666666667,5097870.0,85.27487411879437,46.02138249578982,2.059939384460449,2.467282295227051,2.0162713527679443,100.0,HIGH PRIORITY,95th percentile prioritisation threshold,Spectral-stress evidence detected. Prioritise field inspection to determine the underlying cause. Field verification required.,346
upload_f3b95c9c-Z0799,upload_f3b95c9c,9,8100.0,353203.3333333333,5071173.333333333,85.11170498428098,45.77851489977283,2.059692859649658,2.6204965114593506,1.8855745792388916,100.0,HIGH PRIORITY,95th percentile prioritisation threshold,Spectral-stress evidence detected. Prioritise field inspection to determine the underlying cause. Field verification required.,347
upload_f3b95c9c-Z0700,upload_f3b95c9c,18,16200.0,356481.6666666667,5075365.0,85.15260681760918,45.81691208039116,2.057614803314209,2.4314537048339844,2.0511374473571777,100.0,HIGH PRIORITY,95th percentile prioritisation threshold,Spectral-stress evidence detected. Prioritise field inspection to determine the underlying cause. Field verification required.,348
upload_f3b95c9c-Z0261,upload_f3b95c9c,41,36900.0,383645.85365853657,5088840.731707317,85.4988715842155,45.94327714989136,2.057300329208374,2.2817230224609375,2.069098472595215,100.0,HIGH PRIORITY,95th percentile prioritisation threshold,Spectral-stress evidence detected. Prioritise field inspection to determine the underlying cause. Field verification required.,349
upload_f3b95c9c-Z0036,upload_f3b95c9c,11,9900.0,361971.8181818182,5096566.363636363,85.21714317578483,46.008762912463474,2.0563833713531494,2.3065013885498047,2.0909430980682373,100.0,HIGH PRIORITY,95th percentile prioritisation threshold,Spectral-stress evidence detected. Prioritise field inspection to determine the underlying cause. Field verification required.,350
upload_f3b95c9c-Z0283,upload_f3b95c9c,29,26100.0,363091.0344827586,5088240.0,85.23397571759874,45.934082656365234,2.0555410385131836,2.427241563796997,2.0223207473754883,100.0,HIGH PRIORITY,95th percentile prioritisation threshold,Spectral-stress evidence detected. Prioritise field inspection to determine the underlying cause. Field verification required.,351
upload_f3b95c9c-Z0698,upload_f3b95c9c,1891,1701900.0,375101.8508725542,5074854.812268641,85.39231876505545,45.815945280428345,2.054734468460083,2.4472291469573975,2.0628886222839355,100.0,HIGH PRIORITY,95th percentile prioritisation threshold,Spectral-stress evidence detected. Prioritise field inspection to determine the underlying cause. Field verification required.,352
upload_f3b95c9c-Z0466,upload_f3b95c9c,223,200700.0,359889.1479820628,5081920.896860987,85.19453866244355,45.8765903014329,2.054100513458252,2.8771064281463623,1.9786474704742432,100.0,HIGH PRIORITY,95th percentile prioritisation threshold,Spectral-stress evidence detected. Prioritise field inspection to determine the underlying cause. Field verification required.,353
upload_f3b95c9c-Z0455,upload_f3b95c9c,10,9000.0,360801.0,5083053.0,85.20595502380831,45.886959842523154,2.053215503692627,2.4742321968078613,2.0665669441223145,100.0,HIGH PRIORITY,95th percentile prioritisation threshold,Spectral-stress evidence detected. Prioritise field inspection to determine the underlying cause. Field verification required.,354
upload_f3b95c9c-Z0536,upload_f3b95c9c,11,9900.0,358723.63636363635,5080355.454545454,85.17998741018354,45.8622693421423,2.053041696548462,2.5203356742858887,1.9757018089294434,100.0,HIGH PRIORITY,95th percentile prioritisation threshold,Spectral-stress evidence detected. Prioritise field inspection to determine the underlying cause. Field verification required.,355
upload_f3b95c9c-Z0402,upload_f3b95c9c,16,14400.0,360703.125,5085406.875,85.20401143804514,45.908115682232356,2.0527403354644775,2.8266685009002686,2.0030405521392822,100.0,HIGH PRIORITY,95th percentile prioritisation threshold,Spectral-stress evidence detected. Prioritise field inspection to determine the underlying cause. Field verification required.,356
upload_f3b95c9c-Z0544,upload_f3b95c9c,239,215100.0,355361.42259414226,5079601.004184101,85.13692286102548,45.85478449962578,2.0524961948394775,3.214303970336914,2.0093533992767334,100.0,HIGH PRIORITY,95th percentile prioritisation threshold,Spectral-stress evidence detected. Prioritise field inspection to determine the underlying cause. Field verification required.,357
upload_f3b95c9c-Z0348,upload_f3b95c9c,21,18900.0,360514.28571428574,5086681.428571428,85.20120738307999,45.91954333206045,2.052459716796875,2.4686951637268066,1.9893077611923218,100.0,HIGH PRIORITY,95th percentile prioritisation threshold,Spectral-stress evidence detected. Prioritise field inspection to determine the underlying cause. Field verification required.,358
upload_f3b95c9c-Z0320,upload_f3b95c9c,23,20700.0,361952.60869565216,5087398.695652174,85.21954027125304,45.9262863588336,2.0523178577423096,2.489898681640625,2.05592679977417,100.0,HIGH PRIORITY,95th percentile prioritisation threshold,Spectral-stress evidence detected. Prioritise field inspection to determine the underlying cause. Field verification required.,359
upload_f3b95c9c-Z0512,upload_f3b95c9c,139,125100.0,360983.09352517984,5080691.007194244,85.20898372656701,45.86574785255738,2.052020788192749,2.788076639175415,2.002499580383301,100.0,HIGH PRIORITY,95th percentile prioritisation threshold,Spectral-stress evidence detected. Prioritise field inspection to determine the underlying cause. Field verification required.,360
upload_f3b95c9c-Z0005,upload_f3b95c9c,9,8100.0,361153.3333333333,5098803.333333333,85.20592543899883,46.02872108601475,2.0509390830993652,2.3839244842529297,2.035324811935425,100.0,HIGH PRIORITY,95th percentile prioritisation threshold,Spectral-stress evidence detected. Prioritise field inspection to determine the underlying cause. Field verification required.,361
upload_f3b95c9c-Z0008,upload_f3b95c9c,20,18000.0,365640.0,5098447.5,85.26397168284831,46.02641512446695,2.050044536590576,2.507296323776245,2.0446786880493164,100.0,HIGH PRIORITY,95th percentile prioritisation threshold,Spectral-stress evidence detected. Prioritise field inspection to determine the underlying cause. Field verification required.,362
upload_f3b95c9c-Z0422,upload_f3b95c9c,11,9900.0,362798.1818181818,5084342.7272727275,85.23131451872517,45.89896366310878,2.0499606132507324,2.3750083446502686,1.9760725498199463,100.0,HIGH PRIORITY,95th percentile prioritisation threshold,Spectral-stress evidence detected. Prioritise field inspection to determine the underlying cause. Field verification required.,363
upload_f3b95c9c-Z0571,upload_f3b95c9c,20,18000.0,356622.0,5079009.0,85.1533280106318,45.84972243153532,2.0495290756225586,2.3930771350860596,2.0635838508605957,100.0,HIGH PRIORITY,95th percentile prioritisation threshold,Spectral-stress evidence detected. Prioritise field inspection to determine the underlying cause. Field verification required.,364
upload_f3b95c9c-Z0750,upload_f3b95c9c,67,60300.0,363971.6417910448,5073502.388059702,85.2494975073828,45.801673088598115,2.0492801666259766,3.0970864295959473,1.987260341644287,100.0,HIGH PRIORITY,95th percentile prioritisation threshold,Spectral-stress evidence detected. Prioritise field inspection to determine the underlying cause. Field verification required.,365
upload_f3b95c9c-Z0549,upload_f3b95c9c,76,68400.0,358656.7105263158,5079789.078947368,85.17929203180968,45.857160485749226,2.048865556716919,2.5584285259246826,2.0171313285827637,100.0,HIGH PRIORITY,95th percentile prioritisation threshold,Spectral-stress evidence detected. Prioritise field inspection to determine the underlying cause. Field verification required.,366
upload_f3b95c9c-Z0582,upload_f3b95c9c,12,10800.0,359015.0,5078827.5,85.18418660681897,45.84858350562468,2.0486652851104736,2.6137783527374268,1.9888372421264648,100.0,HIGH PRIORITY,95th percentile prioritisation threshold,Spectral-stress evidence detected. Prioritise field inspection to determine the underlying cause. Field verification required.,367
upload_f3b95c9c-Z0441,upload_f3b95c9c,10,9000.0,362136.0,5083620.0,85.22298985245355,45.89232946640931,2.0485353469848633,2.6003239154815674,1.932422399520874,100.0,HIGH PRIORITY,95th percentile prioritisation threshold,Spectral-stress evidence detected. Prioritise field inspection to determine the underlying cause. Field verification required.,368
upload_f3b95c9c-Z0275,upload_f3b95c9c,9,8100.0,363270.0,5088540.0,85.23619754646114,45.936817154735,2.047586441040039,2.5947368144989014,1.951485276222229,100.0,HIGH PRIORITY,95th percentile prioritisation threshold,Spectral-stress evidence detected. Prioritise field inspection to determine the underlying cause. Field verification required.,369
upload_f3b95c9c-Z0810,upload_f3b95c9c,25,22500.0,364256.4,5070312.0,85.25405681875077,45.773026855081056,2.0474791526794434,2.3995306491851807,2.0284736156463623,100.0,HIGH PRIORITY,95th percentile prioritisation threshold,Spectral-stress evidence detected. Prioritise field inspection to determine the underlying cause. Field verification required.,370
upload_f3b95c9c-Z0120,upload_f3b95c9c,9,8100.0,360626.6666666667,5092673.333333333,85.2009124413305,45.973469244993694,2.0467774868011475,2.154019832611084,2.091684341430664,100.0,HIGH PRIORITY,95th percentile prioritisation threshold,Spectral-stress evidence detected. Prioritise field inspection to determine the underlying cause. Field verification required.,371
upload_f3b95c9c-Z0481,upload_f3b95c9c,24,21600.0,358103.75,5081877.5,85.17155669446365,45.87583415817009,2.046705961227417,2.5702731609344482,2.0047147274017334,100.0,HIGH PRIORITY,95th percentile prioritisation threshold,Spectral-stress evidence detected. Prioritise field inspection to determine the underlying cause. Field verification required.,372
upload_f3b95c9c-Z0656,upload_f3b95c9c,14,12600.0,355692.85714285716,5076606.428571428,85.14208694222405,45.8279152483103,2.0457801818847656,2.396371364593506,1.9905136823654175,100.0,HIGH PRIORITY,95th percentile prioritisation threshold,Spectral-stress evidence detected. Prioritise field inspection to determine the underlying cause. Field verification required.,373
upload_f3b95c9c-Z0026,upload_f3b95c9c,10,9000.0,366099.0,5097336.0,85.27021150536854,46.016505759289004,2.0451292991638184,2.473423719406128,1.9511185884475708,100.0,HIGH PRIORITY,95th percentile prioritisation threshold,Spectral-stress evidence detected. Prioritise field inspection to determine the underlying cause. Field verification required.,374
upload_f3b95c9c-Z0567,upload_f3b95c9c,55,49500.0,355386.0,5079207.2727272725,85.1373575566501,45.8512477251148,2.0448856353759766,2.5369560718536377,2.0580172538757324,100.0,HIGH PRIORITY,95th percentile prioritisation threshold,Spectral-stress evidence detected. Prioritise field inspection to determine the underlying cause. Field verification required.,375
upload_f3b95c9c-Z0067,upload_f3b95c9c,10,9000.0,363243.0,5094936.0,85.23402144777884,45.99435097451546,2.0445427894592285,2.4594647884368896,2.069063663482666,100.0,HIGH PRIORITY,95th percentile prioritisation threshold,Spectral-stress evidence detected. Prioritise field inspection to determine the underlying cause. Field verification required.,376
upload_f3b95c9c-Z0418,upload_f3b95c9c,85,76500.0,360901.76470588235,5084367.529411765,85.20687241553,45.898805859435,2.0444233417510986,2.6197783946990967,1.9955792427062988,100.0,HIGH PRIORITY,95th percentile prioritisation threshold,Spectral-stress evidence detected. Prioritise field inspection to determine the underlying cause. Field verification required.,377
upload_f3b95c9c-Z0577,upload_f3b95c9c,68,61200.0,355280.29411764705,5078837.205882353,85.13610801956888,45.84789647577823,2.0439260005950928,2.7014143466949463,2.0052857398986816,100.0,HIGH PRIORITY,95th percentile prioritisation threshold,Spectral-stress evidence detected. Prioritise field inspection to determine the underlying cause. Field verification required.,378
upload_f3b95c9c-Z0164,upload_f3b95c9c,10,9000.0,363642.0,5091273.0,85.24021588064817,45.961477652856125,2.0428168773651123,2.431211233139038,1.9920029640197754,100.0,HIGH PRIORITY,95th percentile prioritisation threshold,Spectral-stress evidence detected. Prioritise field inspection to determine the underlying cause. Field verification required.,379
upload_f3b95c9c-Z0776,upload_f3b95c9c,10,9000.0,354063.0,5072478.0,85.12236304539681,45.79043366412041,2.042736291885376,2.5476083755493164,1.9355394840240479,100.0,HIGH PRIORITY,95th percentile prioritisation threshold,Spectral-stress evidence detected. Prioritise field inspection to determine the underlying cause. Field verification required.,380
upload_f3b95c9c-Z0225,upload_f3b95c9c,10,9000.0,358731.0,5089836.0,85.17729228719064,45.947557278214965,2.041628360748291,2.4442625045776367,2.047900676727295,100.0,HIGH PRIORITY,95th percentile prioritisation threshold,Spectral-stress evidence detected. Prioritise field inspection to determine the underlying cause. Field verification required.,381
upload_f3b95c9c-Z0452,upload_f3b95c9c,31,27900.0,356646.77419354836,5083077.096774193,85.15243447635936,45.88632365633496,2.041325092315674,2.809697389602661,1.9618524312973022,100.0,HIGH PRIORITY,95th percentile prioritisation threshold,Spectral-stress evidence detected. Prioritise field inspection to determine the underlying cause. Field verification required.,382
upload_f3b95c9c-Z0546,upload_f3b95c9c,38,34200.0,359154.4736842105,5079853.421052632,85.18568186175175,45.857841277491396,2.0412933826446533,2.6879093647003174,1.9937336444854736,100.0,HIGH PRIORITY,95th percentile prioritisation threshold,Spectral-stress evidence detected. Prioritise field inspection to determine the underlying cause. Field verification required.,383
upload_f3b95c9c-Z0427,upload_f3b95c9c,19,17100.0,358962.63157894736,5084066.842105263,85.18197582661297,45.89570597638081,2.0411338806152344,2.4646360874176025,2.0008511543273926,100.0,HIGH PRIORITY,95th percentile prioritisation threshold,Spectral-stress evidence detected. Prioritise field inspection to determine the underlying cause. Field verification required.,384
upload_f3b95c9c-Z0527,upload_f3b95c9c,21,18900.0,357525.71428571426,5080685.714285715,85.16446517939545,45.86499354270436,2.0407278537750244,2.539816379547119,1.9674466848373413,100.0,HIGH PRIORITY,95th percentile prioritisation threshold,Spectral-stress evidence detected. Prioritise field inspection to determine the underlying cause. Field verification required.,385
upload_f3b95c9c-Z0765,upload_f3b95c9c,131,117900.0,378428.4732824428,5072967.709923664,85.43559796986523,45.79956085765194,2.0380401611328125,2.896610975265503,1.95610773563385,100.0,HIGH PRIORITY,95th percentile prioritisation threshold,Spectral-stress evidence detected. Prioritise field inspection to determine the underlying cause. Field verification required.,386
upload_f3b95c9c-Z0126,upload_f3b95c9c,10,9000.0,364551.0,5092479.0,85.25160013692202,45.97250708158301,2.037881851196289,2.4144434928894043,1.9693613052368164,100.0,HIGH PRIORITY,95th percentile prioritisation threshold,Spectral-stress evidence detected. Prioritise field inspection to determine the underlying cause. Field verification required.,387
upload_f3b95c9c-Z0124,upload_f3b95c9c,10,9000.0,365421.0,5092533.0,85.2628098166182,45.973164104487964,2.037605047225952,2.420973777770996,1.8719571828842163,100.0,HIGH PRIORITY,95th percentile prioritisation threshold,Spectral-stress evidence detected. Prioritise field inspection to determine the underlying cause. Field verification required.,388
upload_f3b95c9c-Z0465,upload_f3b95c9c,211,189900.0,356083.22274881514,5082181.279620853,85.14544339032,45.878147416791386,2.0375823974609375,3.1259658336639404,1.9831018447875977,100.0,HIGH PRIORITY,95th percentile prioritisation threshold,Spectral-stress evidence detected. Prioritise field inspection to determine the underlying cause. Field verification required.,389
upload_f3b95c9c-Z0404,upload_f3b95c9c,40,36000.0,358332.0,5085213.75,85.1735125274067,45.90589387662587,2.033642053604126,2.8372418880462646,2.0364508628845215,100.0,HIGH PRIORITY,95th percentile prioritisation threshold,Spectral-stress evidence detected. Prioritise field inspection to determine the underlying cause. Field verification required.,390
upload_f3b95c9c-Z0410,upload_f3b95c9c,9,8100.0,357163.3333333333,5085066.666666667,85.15849682633228,45.904328965983076,2.0325286388397217,2.479915142059326,1.993362545967102,100.0,HIGH PRIORITY,95th percentile prioritisation threshold,Spectral-stress evidence detected. Prioritise field inspection to determine the underlying cause. Field verification required.,391
upload_f3b95c9c-Z0343,upload_f3b95c9c,140,126000.0,358855.5,5086672.928571428,85.17982922028871,45.91912821077824,2.032482862472534,2.824596405029297,1.9593470096588135,100.0,HIGH PRIORITY,95th percentile prioritisation threshold,Spectral-stress evidence detected. Prioritise field inspection to determine the underlying cause. Field verification required.,392
upload_f3b95c9c-Z0007,upload_f3b95c9c,22,19800.0,363732.2727272727,5098442.7272727275,85.2393355373525,46.025995192267025,2.032172918319702,2.7968053817749023,1.9797372817993164,100.0,HIGH PRIORITY,95th percentile prioritisation threshold,Spectral-stress evidence detected. Prioritise field inspection to determine the underlying cause. Field verification required.,393
upload_f3b95c9c-Z0668,upload_f3b95c9c,13,11700.0,357743.07692307694,5076159.230769231,85.16860117821324,45.82431831819225,2.0321545600891113,2.45066499710083,2.039179563522339,100.0,HIGH PRIORITY,95th percentile prioritisation threshold,Spectral-stress evidence detected. Prioritise field inspection to determine the underlying cause. Field verification required.,394
upload_f3b95c9c-Z0235,upload_f3b95c9c,23,20700.0,359122.17391304346,5089546.956521739,85.18242180173286,45.945037445560004,2.0320537090301514,2.355088233947754,2.019367218017578,100.0,HIGH PRIORITY,95th percentile prioritisation threshold,Spectral-stress evidence detected. Prioritise field inspection to determine the underlying cause. Field verification required.,395
upload_f3b95c9c-Z0783,upload_f3b95c9c,19,17100.0,357233.6842105263,5072155.263157895,85.16323130413211,45.78819328400034,2.0288541316986084,2.568330764770508,1.9891594648361206,100.0,HIGH PRIORITY,95th percentile prioritisation threshold,Spectral-stress evidence detected. Prioritise field inspection to determine the underlying cause. Field verification required.,396
upload_f3b95c9c-Z0457,upload_f3b95c9c,35,31500.0,356320.28571428574,5082887.142857143,85.1482856411428,45.884546767815614,2.0286343097686768,2.654174566268921,1.9940518140792847,100.0,HIGH PRIORITY,95th percentile prioritisation threshold,Spectral-stress evidence detected. Prioritise field inspection to determine the underlying cause. Field verification required.,397
upload_f3b95c9c-Z0619,upload_f3b95c9c,60,54000.0,374402.0,5077571.0,85.38260614510082,45.84025580814946,2.0283708572387695,2.5267350673675537,2.0309109687805176,100.0,HIGH PRIORITY,95th percentile prioritisation threshold,Spectral-stress evidence detected. Prioritise field inspection to determine the underlying cause. Field verification required.,398
upload_f3b95c9c-Z0177,upload_f3b95c9c,21,18900.0,362572.85714285716,5090842.857142857,85.22654809324823,45.95739478564635,2.028219699859619,2.525031805038452,1.9999483823776245,100.0,HIGH PRIORITY,95th percentile prioritisation threshold,Spectral-stress evidence detected. Prioritise field inspection to determine the underlying cause. Field verification required.,399
upload_f3b95c9c-Z0532,upload_f3b95c9c,13,11700.0,358883.07692307694,5080636.153846154,85.18195804430319,45.8648272102699,2.0279080867767334,2.316033363342285,2.0599145889282227,100.0,HIGH PRIORITY,95th percentile prioritisation threshold,Spectral-stress evidence detected. Prioritise field inspection to determine the underlying cause. Field verification required.,400
upload_f3b95c9c-Z0211,upload_f3b95c9c,9,8100.0,366670.0,5090246.666666667,85.27956190178487,45.95283937226804,2.026332139968872,2.280750274658203,1.9686087369918823,100.0,HIGH PRIORITY,95th percentile prioritisation threshold,Spectral-stress evidence detected. Prioritise field inspection to determine the underlying cause. Field verification required.,401
upload_f3b95c9c-Z0144,upload_f3b95c9c,11,9900.0,361208.1818181818,5091949.090909091,85.2086252711875,45.967071871053136,2.026247262954712,2.5470504760742188,1.9824020862579346,100.0,HIGH PRIORITY,95th percentile prioritisation threshold,Spectral-stress evidence detected. Prioritise field inspection to determine the underlying cause. Field verification required.,402
upload_f3b95c9c-Z0353,upload_f3b95c9c,9,8100.0,361706.6666666667,5086630.0,85.2165914566956,45.91932164038524,2.0257351398468018,2.3064515590667725,2.0301120281219482,100.0,HIGH PRIORITY,95th percentile prioritisation threshold,Spectral-stress evidence detected. Prioritise field inspection to determine the underlying cause. Field verification required.,403
upload_f3b95c9c-Z0328,upload_f3b95c9c,12,10800.0,363470.0,5087182.5,85.23916290631935,45.92464460198102,2.025569438934326,2.494401216506958,1.9846246242523193,100.0,HIGH PRIORITY,95th percentile prioritisation threshold,Spectral-stress evidence detected. Prioritise field inspection to determine the underlying cause. Field verification required.,404
upload_f3b95c9c-Z0084,upload_f3b95c9c,11,9900.0,366790.9090909091,5094368.181818182,85.27997362803073,45.98994135871558,2.025217056274414,2.459188938140869,1.8891021013259888,100.0,HIGH PRIORITY,95th percentile prioritisation threshold,Spectral-stress evidence detected. Prioritise field inspection to determine the underlying cause. Field verification required.,405
upload_f3b95c9c-Z0490,upload_f3b95c9c,19,17100.0,359744.2105263158,5081651.052631579,85.19275066222876,45.87413324862672,2.0251686573028564,2.5844404697418213,2.021731376647949,100.0,HIGH PRIORITY,95th percentile prioritisation threshold,Spectral-stress evidence detected. Prioritise field inspection to determine the underlying cause. Field verification required.,406
upload_f3b95c9c-Z0561,upload_f3b95c9c,13,11700.0,358347.6923076923,5079461.538461538,85.17540986329554,45.85415044766717,2.024627685546875,2.535400390625,1.9716109037399292,100.0,HIGH PRIORITY,95th percentile prioritisation threshold,Spectral-stress evidence detected. Prioritise field inspection to determine the underlying cause. Field verification required.,407
upload_f3b95c9c-Z0838,upload_f3b95c9c,44,39600.0,367105.9090909091,5067793.636363637,85.29138269654254,45.75092395058952,2.024040937423706,2.3832380771636963,1.9759820699691772,100.0,HIGH PRIORITY,95th percentile prioritisation threshold,Spectral-stress evidence detected. Prioritise field inspection to determine the underlying cause. Field verification required.,408
upload_f3b95c9c-Z0599,upload_f3b95c9c,12,10800.0,356215.0,5078315.0,85.14829594529535,45.84339447023953,2.023493528366089,2.2704386711120605,2.0659022331237793,100.0,HIGH PRIORITY,95th percentile prioritisation threshold,Spectral-stress evidence detected. Prioritise field inspection to determine the underlying cause. Field verification required.,409
upload_f3b95c9c-Z0496,upload_f3b95c9c,11,9900.0,356571.8181818182,5081476.363636363,85.1519465461866,45.87190808775712,2.022979259490967,2.656259775161743,1.9328742027282715,100.0,HIGH PRIORITY,95th percentile prioritisation threshold,Spectral-stress evidence detected. Prioritise field inspection to determine the underlying cause. Field verification required.,410
upload_f3b95c9c-Z0779,upload_f3b95c9c,291,261900.0,376327.9381443299,5071914.020618557,85.40884827668754,45.78970738692186,2.022366523742676,2.8456366062164307,1.9839929342269897,100.0,HIGH PRIORITY,95th percentile prioritisation threshold,Spectral-stress evidence detected. Prioritise field inspection to determine the underlying cause. Field verification required.,411
upload_f3b95c9c-Z0062,upload_f3b95c9c,11,9900.0,359918.1818181818,5095298.181818182,85.19100242517786,45.99693775153394,2.0217936038970947,2.2458903789520264,2.0947656631469727,100.0,HIGH PRIORITY,95th percentile prioritisation threshold,Spectral-stress evidence detected. Prioritise field inspection to determine the underlying cause. Field verification required.,412
upload_f3b95c9c-Z0044,upload_f3b95c9c,14,12600.0,365888.5714285714,5096110.714285715,85.2678385972316,46.005441666796045,2.0212385654449463,2.405125379562378,2.0196781158447266,100.0,HIGH PRIORITY,95th percentile prioritisation threshold,Spectral-stress evidence detected. Prioritise field inspection to determine the underlying cause. Field verification required.,413
upload_f3b95c9c-Z0677,upload_f3b95c9c,90,81000.0,355036.6666666667,5075634.666666667,85.13393538369601,45.81903577870824,2.021148920059204,2.6533164978027344,1.9971189498901367,100.0,HIGH PRIORITY,95th percentile prioritisation threshold,Spectral-stress evidence detected. Prioritise field inspection to determine the underlying cause. Field verification required.,414
upload_f3b95c9c-Z0013,upload_f3b95c9c,25,22500.0,364900.8,5098234.8,85.25448540484236,46.02435620200728,2.0205512046813965,2.474912405014038,2.0300705432891846,100.0,HIGH PRIORITY,95th percentile prioritisation threshold,Spectral-stress evidence detected. Prioritise field inspection to determine the underlying cause. Field verification required.,415
upload_f3b95c9c-Z0176,upload_f3b95c9c,22,19800.0,361975.9090909091,5090885.454545454,85.2188361533214,45.95765821279061,2.0204265117645264,2.575904130935669,1.9266009330749512,100.0,HIGH PRIORITY,95th percentile prioritisation threshold,Spectral-stress evidence detected. Prioritise field inspection to determine the underlying cause. Field verification required.,416
upload_f3b95c9c-Z0092,upload_f3b95c9c,18,16200.0,363223.3333333333,5094036.666666667,85.23402501053104,45.98625657816528,2.0195491313934326,2.684072971343994,1.9578220844268799,100.0,HIGH PRIORITY,95th percentile prioritisation threshold,Spectral-stress evidence detected. Prioritise field inspection to determine the underlying cause. Field verification required.,417
upload_f3b95c9c-Z0529,upload_f3b95c9c,9,8100.0,361250.0,5080656.666666667,85.21243061195548,45.86549275467925,2.019336223602295,2.4550344944000244,1.944201111793518,100.0,HIGH PRIORITY,95th percentile prioritisation threshold,Spectral-stress evidence detected. Prioritise field inspection to determine the underlying cause. Field verification required.,418
upload_f3b95c9c-Z0361,upload_f3b95c9c,16,14400.0,362988.75,5086434.375,85.2331728806452,45.91781854494421,2.0183897018432617,2.3299150466918945,2.0183324813842773,100.0,HIGH PRIORITY,95th percentile prioritisation threshold,Spectral-stress evidence detected. Prioritise field inspection to determine the underlying cause. Field verification required.,419
upload_f3b95c9c-Z0600,upload_f3b95c9c,39,35100.0,357686.92307692306,5078283.846153846,85.1672511407789,45.843419765532424,2.0183868408203125,2.438490867614746,1.9821419715881348,100.0,HIGH PRIORITY,95th percentile prioritisation threshold,Spectral-stress evidence detected. Prioritise field inspection to determine the underlying cause. Field verification required.,420
upload_f3b95c9c-Z0041,upload_f3b95c9c,13,11700.0,363036.92307692306,5096254.615384615,85.23098348753621,46.00617215917312,2.0181021690368652,2.409029960632324,1.9333252906799316,100.0,HIGH PRIORITY,95th percentile prioritisation threshold,Spectral-stress evidence detected. Prioritise field inspection to determine the underlying cause. Field verification required.,421
upload_f3b95c9c-Z0572,upload_f3b95c9c,9,8100.0,358206.6666666667,5079106.666666667,85.17369880725096,45.85092900691813,2.015392303466797,2.46842098236084,1.972108244895935,100.0,HIGH PRIORITY,95th percentile prioritisation threshold,Spectral-stress evidence detected. Prioritise field inspection to determine the underlying cause. Field verification required.,422
upload_f3b95c9c-Z0491,upload_f3b95c9c,21,18900.0,356315.71428571426,5081651.428571428,85.14859611175547,45.87342953874915,2.0146713256835938,2.7777328491210938,1.8895210027694702,100.0,HIGH PRIORITY,95th percentile prioritisation threshold,Spectral-stress evidence detected. Prioritise field inspection to determine the underlying cause. Field verification required.,423
upload_f3b95c9c-Z0037,upload_f3b95c9c,30,27000.0,365685.0,5096479.0,85.26510691778971,46.008714966316305,2.0139687061309814,2.5384113788604736,1.9887168407440186,100.0,HIGH PRIORITY,95th percentile prioritisation threshold,Spectral-stress evidence detected. Prioritise field inspection to determine the underlying cause. Field verification required.,424
upload_f3b95c9c-Z0744,upload_f3b95c9c,11,9900.0,363450.0,5073736.363636363,85.24272166431884,45.8036750090381,2.0134971141815186,2.292257308959961,2.006865978240967,100.0,HIGH PRIORITY,95th percentile prioritisation threshold,Spectral-stress evidence detected. Prioritise field inspection to determine the underlying cause. Field verification required.,425
upload_f3b95c9c-Z0534,upload_f3b95c9c,10,9000.0,357774.0,5080383.0,85.16775174718187,45.86232166766574,2.01310133934021,2.379485607147217,1.9817166328430176,100.0,HIGH PRIORITY,95th percentile prioritisation threshold,Spectral-stress evidence detected. Prioritise field inspection to determine the underlying cause. Field verification required.,426
upload_f3b95c9c-Z0484,upload_f3b95c9c,104,93600.0,360386.53846153844,5081605.384615385,85.2010364279077,45.873852991279975,2.0130441188812256,2.670135021209717,1.9908746480941772,100.0,HIGH PRIORITY,95th percentile prioritisation threshold,Spectral-stress evidence detected. Prioritise field inspection to determine the underlying cause. Field verification required.,427
upload_f3b95c9c-Z0502,upload_f3b95c9c,17,15300.0,356421.17647058825,5081246.470588235,85.1500752050014,45.86980860261911,2.0107789039611816,2.614081859588623,1.8557772636413574,100.0,HIGH PRIORITY,95th percentile prioritisation threshold,Spectral-stress evidence detected. Prioritise field inspection to determine the underlying cause. Field verification required.,428
upload_f3b95c9c-Z0587,upload_f3b95c9c,9,8100.0,363720.0,5078693.333333333,85.24479329206684,45.84832323531498,2.0104756355285645,2.577646493911743,1.8777499198913574,100.0,HIGH PRIORITY,95th percentile prioritisation threshold,Spectral-stress evidence detected. Prioritise field inspection to determine the underlying cause. Field verification required.,429
upload_f3b95c9c-Z0011,upload_f3b95c9c,10,9000.0,365157.0,5098389.0,85.25775042923297,46.025793904089845,2.0084967613220215,2.3780689239501953,1.9843127727508545,100.0,HIGH PRIORITY,95th percentile prioritisation threshold,Spectral-stress evidence detected. Prioritise field inspection to determine the underlying cause. Field verification required.,430
upload_f3b95c9c-Z0446,upload_f3b95c9c,104,93600.0,358077.6923076923,5083214.711538462,85.17082624136808,45.88785825917544,2.0084457397460938,2.6554439067840576,1.9998064041137695,100.0,HIGH PRIORITY,95th percentile prioritisation threshold,Spectral-stress evidence detected. Prioritise field inspection to determine the underlying cause. Field verification required.,431
upload_f3b95c9c-Z0322,upload_f3b95c9c,9,8100.0,362566.6666666667,5087320.0,85.22747876696415,45.92570149659376,2.006246328353882,2.209174156188965,1.9973230361938477,100.0,HIGH PRIORITY,95th percentile prioritisation threshold,Spectral-stress evidence detected. Prioritise field inspection to determine the underlying cause. Field verification required.,432
upload_f3b95c9c-Z0693,upload_f3b95c9c,135,121500.0,377303.55555555556,5075345.777777778,85.42052307299329,45.82075777811297,2.0046870708465576,2.6044368743896484,1.9887585639953613,100.0,HIGH PRIORITY,95th percentile prioritisation threshold,Spectral-stress evidence detected. Prioritise field inspection to determine the underlying cause. Field verification required.,433
upload_f3b95c9c-Z0125,upload_f3b95c9c,9,8100.0,363686.6666666667,5092503.333333333,85.24044154266902,45.972554785906595,2.004471778869629,2.412519931793213,1.9995148181915283,100.0,HIGH PRIORITY,95th percentile prioritisation threshold,Spectral-stress evidence detected. Prioritise field inspection to determine the underlying cause. Field verification required.,434
upload_f3b95c9c-Z0016,upload_f3b95c9c,9,8100.0,366443.3333333333,5098133.333333333,85.27443451161992,46.023745975798555,2.0044479370117188,2.298978090286255,1.9334814548492432,100.0,HIGH PRIORITY,95th percentile prioritisation threshold,Spectral-stress evidence detected. Prioritise field inspection to determine the underlying cause. Field verification required.,435
upload_f3b95c9c-Z0173,upload_f3b95c9c,11,9900.0,365972.7272727273,5091002.7272727275,85.2703570419123,45.95950534499167,2.0038504600524902,2.578247308731079,1.815391182899475,100.0,HIGH PRIORITY,95th percentile prioritisation threshold,Spectral-stress evidence detected. Prioritise field inspection to determine the underlying cause. Field verification required.,436
upload_f3b95c9c-Z0607,upload_f3b95c9c,22,19800.0,357675.0,5077937.7272727275,85.16719994729898,45.840303623652126,2.0032129287719727,2.396240472793579,1.957402229309082,100.0,HIGH PRIORITY,95th percentile prioritisation threshold,Spectral-stress evidence detected. Prioritise field inspection to determine the underlying cause. Field verification required.,437
upload_f3b95c9c-Z0429,upload_f3b95c9c,61,54900.0,358437.04918032786,5083752.786885246,85.17529690271319,45.8927727877872,2.002413749694824,2.880398988723755,1.931729793548584,100.0,HIGH PRIORITY,95th percentile prioritisation threshold,Spectral-stress evidence detected. Prioritise field inspection to determine the underlying cause. Field verification required.,438
upload_f3b95c9c-Z0472,upload_f3b95c9c,10,9000.0,356916.0,5082411.0,85.1561008049144,45.88038758019044,2.002112627029419,2.3972713947296143,1.9522604942321777,100.0,HIGH PRIORITY,95th percentile prioritisation threshold,Spectral-stress evidence detected. Prioritise field inspection to determine the underlying cause. Field verification required.,439
upload_f3b95c9c-Z0219,upload_f3b95c9c,23,20700.0,364468.6956521739,5089939.565217392,85.25125733146477,45.94964554783261,2.0009918212890625,2.5778234004974365,1.9841125011444092,100.0,HIGH PRIORITY,95th percentile prioritisation threshold,Spectral-stress evidence detected. Prioritise field inspection to determine the underlying cause. Field verification required.,440
upload_f3b95c9c-Z0553,upload_f3b95c9c,11,9900.0,357840.0,5079673.636363637,85.1688111236665,45.85595388635432,2.0005669593811035,2.376955270767212,1.9932477474212646,100.0,HIGH PRIORITY,95th percentile prioritisation threshold,Spectral-stress evidence detected. Prioritise field inspection to determine the underlying cause. Field verification required.,441
upload_f3b95c9c-Z0500,upload_f3b95c9c,673,605700.0,359465.4383358098,5080363.150074294,85.18953669411204,45.86249035351538,1.9995156526565552,2.768540382385254,1.9577445983886719,100.0,HIGH PRIORITY,95th percentile prioritisation threshold,Spectral-stress evidence detected. Prioritise field inspection to determine the underlying cause. Field verification required.,442
upload_f3b95c9c-Z0596,upload_f3b95c9c,17,15300.0,355570.5882352941,5078318.823529412,85.1400002914313,45.84329410528607,1.9988163709640503,2.356630563735962,2.003824234008789,100.0,HIGH PRIORITY,95th percentile prioritisation threshold,Spectral-stress evidence detected. Prioritise field inspection to determine the underlying cause. Field verification required.,443
upload_f3b95c9c-Z0524,upload_f3b95c9c,29,26100.0,355440.0,5080696.551724138,85.13760534981274,45.86465632691968,1.9987045526504517,2.265068769454956,1.9792331457138062,100.0,HIGH PRIORITY,95th percentile prioritisation threshold,Spectral-stress evidence detected. Prioritise field inspection to determine the underlying cause. Field verification required.,444
upload_f3b95c9c-Z0463,upload_f3b95c9c,76,68400.0,360313.4210526316,5082620.131578947,85.19979989426378,45.882966911249916,1.9983179569244385,2.92415452003479,1.9343316555023193,100.0,HIGH PRIORITY,95th percentile prioritisation threshold,Spectral-stress evidence detected. Prioritise field inspection to determine the underlying cause. Field verification required.,445
upload_f3b95c9c-Z0024,upload_f3b95c9c,21,18900.0,366445.71428571426,5097377.142857143,85.27467693009464,46.01694358037443,1.997320294380188,2.3560142517089844,1.9206151962280273,100.0,HIGH PRIORITY,95th percentile prioritisation threshold,Spectral-stress evidence detected. Prioritise field inspection to determine the underlying cause. Field verification required.,446
upload_f3b95c9c-Z0709,upload_f3b95c9c,11,9900.0,357960.0,5075160.0,85.17168671531262,45.81537391640699,1.9971896409988403,2.454343795776367,1.9365745782852173,100.0,HIGH PRIORITY,95th percentile prioritisation threshold,Spectral-stress evidence detected. Prioritise field inspection to determine the underlying cause. Field verification required.,447
upload_f3b95c9c-Z0772,upload_f3b95c9c,12,10800.0,354622.5,5072822.5,85.12945402657205,45.79365078672142,1.9971165657043457,2.5998642444610596,1.9358432292938232,100.0,HIGH PRIORITY,95th percentile prioritisation threshold,Spectral-stress evidence detected. Prioritise field inspection to determine the underlying cause. Field verification required.,448
upload_f3b95c9c-Z0613,upload_f3b95c9c,34,30600.0,356427.35294117645,5077759.411764706,85.15119484973631,45.83844072827648,1.9970622062683105,2.4952199459075928,1.9459056854248047,100.0,HIGH PRIORITY,95th percentile prioritisation threshold,Spectral-stress evidence detected. Prioritise field inspection to determine the underlying cause. Field verification required.,449
upload_f3b95c9c-Z0494,upload_f3b95c9c,79,71100.0,356000.5063291139,5081345.696202531,85.14462828847518,45.8706133608474,1.9967221021652222,2.5874462127685547,1.9675662517547607,100.0,HIGH PRIORITY,95th percentile prioritisation threshold,Spectral-stress evidence detected. Prioritise field inspection to determine the underlying cause. Field verification required.,450
upload_f3b95c9c-Z0762,upload_f3b95c9c,110,99000.0,377949.54545454547,5073186.0,85.42938218761236,45.80144033902639,1.9959529638290405,3.0377414226531982,1.917980670928955,100.0,HIGH PRIORITY,95th percentile prioritisation threshold,Spectral-stress evidence detected. Prioritise field inspection to determine the underlying cause. Field verification required.,451
upload_f3b95c9c-Z0058,upload_f3b95c9c,13,11700.0,363470.76923076925,5095481.538461538,85.23680536762572,45.99930408570635,1.995337963104248,2.496464252471924,1.9789297580718994,100.0,HIGH PRIORITY,95th percentile prioritisation threshold,Spectral-stress evidence detected. Prioritise field inspection to determine the underlying cause. Field verification required.,452
upload_f3b95c9c-Z0136,upload_f3b95c9c,16,14400.0,361871.25,5092070.625,85.21714414785772,45.968298999519256,1.9938266277313232,2.7950613498687744,1.904137134552002,100.0,HIGH PRIORITY,95th percentile prioritisation threshold,Spectral-stress evidence detected. Prioritise field inspection to determine the underlying cause. Field verification required.,453
upload_f3b95c9c-Z0451,upload_f3b95c9c,23,20700.0,358596.52173913043,5083202.608695652,85.17751333838807,45.88785620658752,1.9934161901474,2.722806215286255,1.9352912902832031,100.0,HIGH PRIORITY,95th percentile prioritisation threshold,Spectral-stress evidence detected. Prioritise field inspection to determine the underlying cause. Field verification required.,454
upload_f3b95c9c-Z0059,upload_f3b95c9c,10,9000.0,366897.0,5095440.0,85.28104427142925,45.99960435830684,1.9933044910430908,2.2733683586120605,1.9615730047225952,100.0,HIGH PRIORITY,95th percentile prioritisation threshold,Spectral-stress evidence detected. Prioritise field inspection to determine the underlying cause. Field verification required.,455
upload_f3b95c9c-Z0782,upload_f3b95c9c,13,11700.0,364320.0,5072148.461538462,85.25435877893241,45.78956109103961,1.9923211336135864,2.3885045051574707,1.9140383005142212,100.0,HIGH PRIORITY,95th percentile prioritisation threshold,Spectral-stress evidence detected. Prioritise field inspection to determine the underlying cause. Field verification required.,456
upload_f3b95c9c-Z0610,upload_f3b95c9c,53,47700.0,357309.0566037736,5077794.905660378,85.1625322385845,45.838943135856056,1.9923187494277954,2.5199553966522217,1.9404984712600708,100.0,HIGH PRIORITY,95th percentile prioritisation threshold,Spectral-stress evidence detected. Prioritise field inspection to determine the underlying cause. Field verification required.,457
upload_f3b95c9c-Z0542,upload_f3b95c9c,19,17100.0,355345.2631578947,5080073.684210527,85.1365727516761,45.85903324320458,1.9922553300857544,2.6601579189300537,1.8476918935775757,100.0,HIGH PRIORITY,95th percentile prioritisation threshold,Spectral-stress evidence detected. Prioritise field inspection to determine the underlying cause. Field verification required.,458
upload_f3b95c9c-Z0473,upload_f3b95c9c,11,9900.0,358320.0,5082390.0,85.17419076825072,45.8804891335286,1.9919778108596802,2.382982015609741,1.986491322517395,100.0,HIGH PRIORITY,95th percentile prioritisation threshold,Spectral-stress evidence detected. Prioritise field inspection to determine the underlying cause. Field verification required.,459
upload_f3b95c9c-Z0531,upload_f3b95c9c,9,8100.0,357896.6666666667,5080646.666666667,85.16925332386434,45.86471892555473,1.9919190406799316,2.671788454055786,1.9601424932479858,100.0,HIGH PRIORITY,95th percentile prioritisation threshold,Spectral-stress evidence detected. Prioritise field inspection to determine the underlying cause. Field verification required.,460
upload_f3b95c9c-Z0387,upload_f3b95c9c,10,9000.0,363594.0,5085867.0,85.24113545653667,45.91283469443829,1.9912519454956055,2.5656795501708984,1.9418525695800781,100.0,HIGH PRIORITY,95th percentile prioritisation threshold,Spectral-stress evidence detected. Prioritise field inspection to determine the underlying cause. Field verification required.,461
upload_f3b95c9c-Z0590,upload_f3b95c9c,13,11700.0,357341.53846153844,5078531.538461538,85.16273211366352,45.84557657939497,1.9910398721694946,2.4400341510772705,1.9862631559371948,100.0,HIGH PRIORITY,95th percentile prioritisation threshold,Spectral-stress evidence detected. Prioritise field inspection to determine the underlying cause. Field verification required.,462
upload_f3b95c9c-Z0169,upload_f3b95c9c,9,8100.0,363436.6666666667,5091156.666666667,85.23760038796124,45.96039027267203,1.9906353950500488,2.2626726627349854,1.9530894756317139,100.0,HIGH PRIORITY,95th percentile prioritisation threshold,Spectral-stress evidence detected. Prioritise field inspection to determine the underlying cause. Field verification required.,463
upload_f3b95c9c-Z0510,upload_f3b95c9c,9,8100.0,355976.6666666667,5081156.666666667,85.14437789416556,45.868907897789114,1.9898886680603027,2.3035032749176025,1.9568814039230347,100.0,HIGH PRIORITY,95th percentile prioritisation threshold,Spectral-stress evidence detected. Prioritise field inspection to determine the underlying cause. Field verification required.,464
upload_f3b95c9c-Z0379,upload_f3b95c9c,18,16200.0,363143.3333333333,5085968.333333333,85.23529829169873,45.91365673764135,1.989869236946106,2.248500108718872,2.0735116004943848,100.0,HIGH PRIORITY,95th percentile prioritisation threshold,Spectral-stress evidence detected. Prioritise field inspection to determine the underlying cause. Field verification required.,465
upload_f3b95c9c-Z0359,upload_f3b95c9c,11,9900.0,359967.2727272727,5086483.636363637,85.19421443953082,45.91765275833361,1.989719271659851,2.22409987449646,1.9820700883865356,100.0,HIGH PRIORITY,95th percentile prioritisation threshold,Spectral-stress evidence detected. Prioritise field inspection to determine the underlying cause. Field verification required.,466
upload_f3b95c9c-Z0528,upload_f3b95c9c,23,20700.0,359907.39130434784,5080612.173913044,85.19515486257235,45.864820643848454,1.9894837141036987,2.3176815509796143,1.977807879447937,100.0,HIGH PRIORITY,95th percentile prioritisation threshold,Spectral-stress evidence detected. Prioritise field inspection to determine the underlying cause. Field verification required.,467
upload_f3b95c9c-Z0277,upload_f3b95c9c,12,10800.0,382877.5,5088477.5,85.48905104038798,45.93987842148765,1.9874582290649414,2.208819627761841,1.966178059577942,100.0,HIGH PRIORITY,95th percentile prioritisation threshold,Spectral-stress evidence detected. Prioritise field inspection to determine the underlying cause. Field verification required.,468
upload_f3b95c9c-Z0636,upload_f3b95c9c,13,11700.0,356259.23076923075,5077163.076923077,85.14920896592324,45.83304111677024,1.9857341051101685,2.61177396774292,1.8457129001617432,100.0,HIGH PRIORITY,95th percentile prioritisation threshold,Spectral-stress evidence detected. Prioritise field inspection to determine the underlying cause. Field verification required.,469
upload_f3b95c9c-Z0413,upload_f3b95c9c,67,60300.0,362001.0447761194,5084558.507462687,85.22098150921232,45.900745374210125,1.9856929779052734,2.457332134246826,1.947700023651123,100.0,HIGH PRIORITY,95th percentile prioritisation threshold,Spectral-stress evidence detected. Prioritise field inspection to determine the underlying cause. Field verification required.,470
upload_f3b95c9c-Z0666,upload_f3b95c9c,10,9000.0,356835.0,5076198.0,85.15690528349201,45.82447914939754,1.9854243993759155,2.195638418197632,1.994239330291748,100.0,HIGH PRIORITY,95th percentile prioritisation threshold,Spectral-stress evidence detected. Prioritise field inspection to determine the underlying cause. Field verification required.,471
upload_f3b95c9c-Z0478,upload_f3b95c9c,17,15300.0,358711.76470588235,5082112.94117647,85.17931823449933,45.87807725654343,1.9850794076919556,2.701357364654541,1.9436413049697876,100.0,HIGH PRIORITY,95th percentile prioritisation threshold,Spectral-stress evidence detected. Prioritise field inspection to determine the underlying cause. Field verification required.,472
upload_f3b95c9c-Z0280,upload_f3b95c9c,14,12600.0,383093.5714285714,5088411.428571428,85.49185363117594,45.93932077142906,1.9844048023223877,2.3096635341644287,1.9917454719543457,100.0,HIGH PRIORITY,95th percentile prioritisation threshold,Spectral-stress evidence detected. Prioritise field inspection to determine the underlying cause. Field verification required.,473
upload_f3b95c9c-Z0366,upload_f3b95c9c,13,11700.0,364089.23076923075,5086320.0,85.24738977804306,45.91700809068246,1.9838786125183105,2.1812362670898438,1.966957926750183,100.0,HIGH PRIORITY,95th percentile prioritisation threshold,Spectral-stress evidence detected. Prioritise field inspection to determine the underlying cause. Field verification required.,474
upload_f3b95c9c-Z0015,upload_f3b95c9c,17,15300.0,365640.0,5098064.117647059,85.26407967008069,46.02296615234314,1.9825688600540161,2.4747753143310547,1.8379669189453125,100.0,HIGH PRIORITY,95th percentile prioritisation threshold,Spectral-stress evidence detected. Prioritise field inspection to determine the underlying cause. Field verification required.,475
upload_f3b95c9c-Z0377,upload_f3b95c9c,11,9900.0,356866.36363636365,5086028.181818182,85.15438344572418,45.91291682677382,1.982079029083252,2.1436660289764404,2.00132155418396,100.0,HIGH PRIORITY,95th percentile prioritisation threshold,Spectral-stress evidence detected. Prioritise field inspection to determine the underlying cause. Field verification required.,476
upload_f3b95c9c-Z0705,upload_f3b95c9c,15,13500.0,354334.0,5075300.0,85.12499615520923,45.81587713331136,1.9815913438796997,2.504605531692505,1.9386118650436401,100.0,HIGH PRIORITY,95th percentile prioritisation threshold,Spectral-stress evidence detected. Prioritise field inspection to determine the underlying cause. Field verification required.,477
upload_f3b95c9c-Z0753,upload_f3b95c9c,9,8100.0,375646.6666666667,5073513.333333333,85.39967460499221,45.803974264198125,1.9812829494476318,2.279010057449341,1.9233289957046509,100.0,HIGH PRIORITY,95th percentile prioritisation threshold,Spectral-stress evidence detected. Prioritise field inspection to determine the underlying cause. Field verification required.,478
upload_f3b95c9c-Z0397,upload_f3b95c9c,16,14400.0,358261.875,5085678.75,85.17247157302158,45.91006252106887,1.9810514450073242,2.2994091510772705,1.9927712678909302,100.0,HIGH PRIORITY,95th percentile prioritisation threshold,Spectral-stress evidence detected. Prioritise field inspection to determine the underlying cause. Field verification required.,479
upload_f3b95c9c-Z0489,upload_f3b95c9c,12,10800.0,356570.0,5081667.5,85.15186612059739,45.873627144271616,1.9809565544128418,2.4336729049682617,1.8764888048171997,100.0,HIGH PRIORITY,95th percentile prioritisation threshold,Spectral-stress evidence detected. Prioritise field inspection to determine the underlying cause. Field verification required.,480
upload_f3b95c9c-Z0018,upload_f3b95c9c,76,68400.0,365028.94736842107,5097874.342105263,85.25624230421542,46.02113874468502,1.9808390140533447,2.6036171913146973,1.8849709033966064,100.0,HIGH PRIORITY,95th percentile prioritisation threshold,Spectral-stress evidence detected. Prioritise field inspection to determine the underlying cause. Field verification required.,481
upload_f3b95c9c-Z0439,upload_f3b95c9c,25,22500.0,356324.4,5083576.8,85.1481324167696,45.89075165460514,1.9799515008926392,2.606642484664917,1.910280704498291,100.0,HIGH PRIORITY,95th percentile prioritisation threshold,Spectral-stress evidence detected. Prioritise field inspection to determine the underlying cause. Field verification required.,482
upload_f3b95c9c-Z0157,upload_f3b95c9c,10,9000.0,362673.0,5091510.0,85.22764836719416,45.96341650972163,1.9799020290374756,2.436906099319458,1.9257208108901978,100.0,HIGH PRIORITY,95th percentile prioritisation threshold,Spectral-stress evidence detected. Prioritise field inspection to determine the underlying cause. Field verification required.,483
upload_f3b95c9c-Z0535,upload_f3b95c9c,11,9900.0,358164.54545454547,5080396.363636363,85.17277647898943,45.86252243510964,1.9793288707733154,2.225705146789551,1.966322660446167,100.0,HIGH PRIORITY,95th percentile prioritisation threshold,Spectral-stress evidence detected. Prioritise field inspection to determine the underlying cause. Field verification required.,484
upload_f3b95c9c-Z0499,upload_f3b95c9c,14,12600.0,358017.85714285716,5081333.571428572,85.17061107604735,45.870923292147545,1.979048728942871,2.631068229675293,1.8568682670593262,100.0,HIGH PRIORITY,95th percentile prioritisation threshold,Spectral-stress evidence detected. Prioritise field inspection to determine the underlying cause. Field verification required.,485
upload_f3b95c9c-Z0398,upload_f3b95c9c,203,182700.0,358166.6009852217,5085452.5123152705,85.17131062917109,45.908007661637726,1.9784265756607056,2.7916781902313232,1.9138290882110596,100.0,HIGH PRIORITY,95th percentile prioritisation threshold,Spectral-stress evidence detected. Prioritise field inspection to determine the underlying cause. Field verification required.,486
upload_f3b95c9c-Z0556,upload_f3b95c9c,11,9900.0,358666.36363636365,5079570.0,85.17948064875614,45.85519162765923,1.977962613105774,2.6518030166625977,1.8833907842636108,100.0,HIGH PRIORITY,95th percentile prioritisation threshold,Spectral-stress evidence detected. Prioritise field inspection to determine the underlying cause. Field verification required.,487
upload_f3b95c9c-Z0814,upload_f3b95c9c,44,39600.0,362637.2727272727,5070203.181818182,85.23327235806588,45.771727812289875,1.9776358604431152,2.405406951904297,1.972362756729126,100.0,HIGH PRIORITY,95th percentile prioritisation threshold,Spectral-stress evidence detected. Prioritise field inspection to determine the underlying cause. Field verification required.,488
upload_f3b95c9c-Z0269,upload_f3b95c9c,28,25200.0,361119.64285714284,5088805.714285715,85.20839477825928,45.938776108366405,1.9773765802383423,2.434016227722168,1.9413483142852783,100.0,HIGH PRIORITY,95th percentile prioritisation threshold,Spectral-stress evidence detected. Prioritise field inspection to determine the underlying cause. Field verification required.,489
upload_f3b95c9c-Z0669,upload_f3b95c9c,18,16200.0,355023.3333333333,5076113.333333333,85.13361991995953,45.8233389873935,1.9765756130218506,2.462918758392334,1.924235224723816,100.0,HIGH PRIORITY,95th percentile prioritisation threshold,Spectral-stress evidence detected. Prioritise field inspection to determine the underlying cause. Field verification required.,490
upload_f3b95c9c-Z0732,upload_f3b95c9c,20,18000.0,358974.0,5074039.5,85.18505963522625,45.80550182509768,1.9759838581085205,2.4302499294281006,1.972765326499939,100.0,HIGH PRIORITY,95th percentile prioritisation threshold,Spectral-stress evidence detected. Prioritise field inspection to determine the underlying cause. Field verification required.,491
upload_f3b95c9c-Z0459,upload_f3b95c9c,13,11700.0,359395.3846153846,5082874.615384615,85.18790027901908,45.88506929056352,1.9751191139221191,2.3819048404693604,1.8831770420074463,100.0,HIGH PRIORITY,95th percentile prioritisation threshold,Spectral-stress evidence detected. Prioritise field inspection to determine the underlying cause. Field verification required.,492
upload_f3b95c9c-Z0401,upload_f3b95c9c,10,9000.0,376884.0,5085450.0,85.41253801572049,45.91159172148193,1.9751136302947998,2.3041865825653076,1.9078038930892944,100.0,HIGH PRIORITY,95th percentile prioritisation threshold,Spectral-stress evidence detected. Prioritise field inspection to determine the underlying cause. Field verification required.,493
upload_f3b95c9c-Z0287,upload_f3b95c9c,12,10800.0,363982.5,5088077.5,85.24551560220877,45.932797866915315,1.974678635597229,2.317621946334839,1.9273022413253784,100.0,HIGH PRIORITY,95th percentile prioritisation threshold,Spectral-stress evidence detected. Prioritise field inspection to determine the underlying cause. Field verification required.,494
upload_f3b95c9c-Z0803,upload_f3b95c9c,59,53100.0,354739.3220338983,5070787.118644068,85.13156833578404,45.77536531125112,1.97423255443573,2.536761522293091,1.9079012870788574,100.0,HIGH PRIORITY,95th percentile prioritisation threshold,Spectral-stress evidence detected. Prioritise field inspection to determine the underlying cause. Field verification required.,495
upload_f3b95c9c-Z0667,upload_f3b95c9c,11,9900.0,357510.0,5076128.181818182,85.16561130317307,45.8239908781687,1.9742130041122437,2.4855551719665527,1.8850101232528687,100.0,HIGH PRIORITY,95th percentile prioritisation threshold,Spectral-stress evidence detected. Prioritise field inspection to determine the underlying cause. Field verification required.,496
upload_f3b95c9c-Z0829,upload_f3b95c9c,47,42300.0,369582.7659574468,5069121.70212766,85.32285569470898,45.76334409592837,1.9736930131912231,2.4689457416534424,1.9368594884872437,100.0,HIGH PRIORITY,95th percentile prioritisation threshold,Spectral-stress evidence detected. Prioritise field inspection to determine the underlying cause. Field verification required.,497
upload_f3b95c9c-Z0087,upload_f3b95c9c,12,10800.0,359627.5,5094217.5,85.18756796367866,45.987156635826736,1.9734158515930176,2.2446813583374023,2.0013508796691895,100.0,HIGH PRIORITY,95th percentile prioritisation threshold,Spectral-stress evidence detected. Prioritise field inspection to determine the underlying cause. Field verification required.,498
upload_f3b95c9c-Z0207,upload_f3b95c9c,79,71100.0,361670.5063291139,5090147.088607595,85.21511026869702,45.9509543590547,1.9730383157730103,2.451517343521118,1.9362189769744873,100.0,HIGH PRIORITY,95th percentile prioritisation threshold,Spectral-stress evidence detected. Prioritise field inspection to determine the underlying cause. Field verification required.,499
upload_f3b95c9c-Z0407,upload_f3b95c9c,10,9000.0,362736.0,5085222.0,85.23026191953174,45.90686136796286,1.9729702472686768,2.261000156402588,1.989689588546753,100.0,HIGH PRIORITY,95th percentile prioritisation threshold,Spectral-stress evidence detected. Prioritise field inspection to determine the underlying cause. Field verification required.,500
upload_f3b95c9c-Z0198,upload_f3b95c9c,11,9900.0,364131.8181818182,5090460.0,85.24676503577899,45.95426089889579,1.9726208448410034,2.306135654449463,1.9630522727966309,100.0,HIGH PRIORITY,95th percentile prioritisation threshold,Spectral-stress evidence detected. Prioritise field inspection to determine the underlying cause. Field verification required.,501
upload_f3b95c9c-Z0001,upload_f3b95c9c,11,9900.0,364238.1818181818,5099370.0,85.24560510432553,46.03443749680656,1.9724339246749878,2.3681769371032715,1.8995033502578735,100.0,HIGH PRIORITY,95th percentile prioritisation threshold,Spectral-stress evidence detected. Prioritise field inspection to determine the underlying cause. Field verification required.,502
upload_f3b95c9c-Z0754,upload_f3b95c9c,10,9000.0,353505.0,5073462.0,85.11488915129021,45.799167342621665,1.9721028804779053,2.3864288330078125,1.9688564538955688,100.0,HIGH PRIORITY,95th percentile prioritisation threshold,Spectral-stress evidence detected. Prioritise field inspection to determine the underlying cause. Field verification required.,503
upload_f3b95c9c-Z0735,upload_f3b95c9c,26,23400.0,376288.8461538461,5074010.769230769,85.40780816514693,45.808565213538905,1.9714432954788208,2.380112648010254,1.9469908475875854,100.0,HIGH PRIORITY,95th percentile prioritisation threshold,Spectral-stress evidence detected. Prioritise field inspection to determine the underlying cause. Field verification required.,504
upload_f3b95c9c-Z0076,upload_f3b95c9c,105,94500.0,360471.71428571426,5094478.285714285,85.19838650534396,45.989674951078634,1.9709081649780273,2.6769115924835205,1.9379760026931763,100.0,HIGH PRIORITY,95th percentile prioritisation threshold,Spectral-stress evidence detected. Prioritise field inspection to determine the underlying cause. Field verification required.,505
upload_f3b95c9c-Z0426,upload_f3b95c9c,16,14400.0,357592.5,5084088.75,85.16431694891163,45.89562076123813,1.9702599048614502,2.2994120121002197,1.978712558746338,100.0,HIGH PRIORITY,95th percentile prioritisation threshold,Spectral-stress evidence detected. Prioritise field inspection to determine the underlying cause. Field verification required.,506
upload_f3b95c9c-Z0525,upload_f3b95c9c,58,52200.0,358502.0689655172,5080652.586206896,85.17704710597383,45.86489684780067,1.9701594114303589,2.7099828720092773,1.9302290678024292,100.0,HIGH PRIORITY,95th percentile prioritisation threshold,Spectral-stress evidence detected. Prioritise field inspection to determine the underlying cause. Field verification required.,507
upload_f3b95c9c-Z0469,upload_f3b95c9c,19,17100.0,361211.05263157893,5082604.736842105,85.21136677944132,45.88301004201531,1.9693533182144165,2.2920002937316895,1.9272615909576416,100.0,HIGH PRIORITY,95th percentile prioritisation threshold,Spectral-stress evidence detected. Prioritise field inspection to determine the underlying cause. Field verification required.,508
upload_f3b95c9c-Z0315,upload_f3b95c9c,33,29700.0,357328.1818181818,5087539.090909091,85.15988578753567,45.926604699960485,1.9683055877685547,2.3145437240600586,1.95722496509552,100.0,HIGH PRIORITY,95th percentile prioritisation threshold,Spectral-stress evidence detected. Prioritise field inspection to determine the underlying cause. Field verification required.,509
upload_f3b95c9c-Z0382,upload_f3b95c9c,590,531000.0,361570.0677966102,5085432.864406779,85.21517614364787,45.90852458159631,1.96829354763031,2.877464771270752,1.8986337184906006,100.0,HIGH PRIORITY,95th percentile prioritisation threshold,Spectral-stress evidence detected. Prioritise field inspection to determine the underlying cause. Field verification required.,510
upload_f3b95c9c-Z0057,upload_f3b95c9c,14,12600.0,367645.71428571426,5095506.428571428,85.29069074821602,46.00034696985335,1.968266487121582,2.401792049407959,1.972361445426941,100.0,HIGH PRIORITY,95th percentile prioritisation threshold,Spectral-stress evidence detected. Prioritise field inspection to determine the underlying cause. Field verification required.,511
upload_f3b95c9c-Z0051,upload_f3b95c9c,11,9900.0,364126.36363636365,5095794.545454546,85.24517890776569,46.002250216574396,1.9669952392578125,2.349552631378174,1.8574402332305908,100.0,HIGH PRIORITY,95th percentile prioritisation threshold,Spectral-stress evidence detected. Prioritise field inspection to determine the underlying cause. Field verification required.,512
upload_f3b95c9c-Z0292,upload_f3b95c9c,34,30600.0,363524.1176470588,5088034.411764706,85.23961803317732,45.93231932422586,1.9669026136398315,2.399794101715088,1.9395053386688232,100.0,HIGH PRIORITY,95th percentile prioritisation threshold,Spectral-stress evidence detected. Prioritise field inspection to determine the underlying cause. Field verification required.,513
upload_f3b95c9c-Z0716,upload_f3b95c9c,18,16200.0,354738.3333333333,5074891.666666667,85.13032087331217,45.81228910213914,1.965119481086731,2.1859076023101807,1.9706544876098633,100.0,HIGH PRIORITY,95th percentile prioritisation threshold,Spectral-stress evidence detected. Prioritise field inspection to determine the underlying cause. Field verification required.,514
upload_f3b95c9c-Z0575,upload_f3b95c9c,9,8100.0,359036.6666666667,5079016.666666667,85.18441013549116,45.850289693089046,1.965035080909729,2.2905526161193848,1.9132685661315918,100.0,HIGH PRIORITY,95th percentile prioritisation threshold,Spectral-stress evidence detected. Prioritise field inspection to determine the underlying cause. Field verification required.,515
upload_f3b95c9c-Z0706,upload_f3b95c9c,20,18000.0,354003.0,5075256.0,85.12075117527708,45.81541133799922,1.9638761281967163,2.3310835361480713,1.9317879676818848,100.0,HIGH PRIORITY,95th percentile prioritisation threshold,Spectral-stress evidence detected. Prioritise field inspection to determine the underlying cause. Field verification required.,516
upload_f3b95c9c-Z0112,upload_f3b95c9c,11,9900.0,360455.45454545453,5093170.909090909,85.19855828918298,45.97791059423071,1.9629918336868286,2.3308916091918945,1.961348056793213,100.0,HIGH PRIORITY,95th percentile prioritisation threshold,Spectral-stress evidence detected. Prioritise field inspection to determine the underlying cause. Field verification required.,517
upload_f3b95c9c-Z0254,upload_f3b95c9c,23,20700.0,357834.7826086957,5089014.782608695,85.16597861811837,45.93998477981829,1.961614727973938,2.483219623565674,1.9089897871017456,100.0,HIGH PRIORITY,95th percentile prioritisation threshold,Spectral-stress evidence detected. Prioritise field inspection to determine the underlying cause. Field verification required.,518
upload_f3b95c9c-Z0537,upload_f3b95c9c,15,13500.0,359746.0,5080336.0,85.19315717892842,45.862303307835305,1.9612778425216675,2.2144508361816406,1.9611016511917114,100.0,HIGH PRIORITY,95th percentile prioritisation threshold,Spectral-stress evidence detected. Prioritise field inspection to determine the underlying cause. Field verification required.,519
upload_f3b95c9c-Z0474,upload_f3b95c9c,13,11700.0,357881.53846153844,5082318.461538462,85.16856444496354,45.879755174636706,1.9610886573791504,2.2063639163970947,1.9555872678756714,100.0,HIGH PRIORITY,95th percentile prioritisation threshold,Spectral-stress evidence detected. Prioritise field inspection to determine the underlying cause. Field verification required.,520
upload_f3b95c9c-Z0650,upload_f3b95c9c,25,22500.0,357200.4,5076682.8,85.16146334526762,45.8289161671466,1.9601627588272095,2.3637843132019043,1.932127833366394,100.0,HIGH PRIORITY,95th percentile prioritisation threshold,Spectral-stress evidence detected. Prioritise field inspection to determine the underlying cause. Field verification required.,521
upload_f3b95c9c-Z0683,upload_f3b95c9c,12,10800.0,354092.5,5075785.0,85.1217425324137,45.82018904838453,1.9597268104553223,2.1624090671539307,1.9608204364776611,100.0,HIGH PRIORITY,95th percentile prioritisation threshold,Spectral-stress evidence detected. Prioritise field inspection to determine the underlying cause. Field verification required.,522
upload_f3b95c9c-Z0519,upload_f3b95c9c,11,9900.0,362727.2727272727,5080990.909090909,85.23135827616954,45.86879578225353,1.9597053527832031,2.444293260574341,1.869098424911499,100.0,HIGH PRIORITY,95th percentile prioritisation threshold,Spectral-stress evidence detected. Prioritise field inspection to determine the underlying cause. Field verification required.,523
upload_f3b95c9c-Z0121,upload_f3b95c9c,19,17100.0,366511.5789473684,5092646.842105263,85.27684912634369,45.97440134846762,1.9596166610717773,2.3543953895568848,1.9411957263946533,100.0,HIGH PRIORITY,95th percentile prioritisation threshold,Spectral-stress evidence detected. Prioritise field inspection to determine the underlying cause. Field verification required.,524
upload_f3b95c9c-Z0165,upload_f3b95c9c,12,10800.0,361140.0,5091207.5,85.20796087240275,45.96038672976036,1.9595484733581543,2.2096807956695557,1.9333856105804443,100.0,HIGH PRIORITY,95th percentile prioritisation threshold,Spectral-stress evidence detected. Prioritise field inspection to determine the underlying cause. Field verification required.,525
upload_f3b95c9c-Z0203,upload_f3b95c9c,10,9000.0,366237.0,5090337.0,85.27395196560927,45.95356780523811,1.9572004079818726,2.1490931510925293,2.0171799659729004,100.0,HIGH PRIORITY,95th percentile prioritisation threshold,Spectral-stress evidence detected. Prioritise field inspection to determine the underlying cause. Field verification required.,526
upload_f3b95c9c-Z0291,upload_f3b95c9c,553,497700.0,361275.0813743219,5087651.175406871,85.21073314644504,45.92842122829318,1.9566937685012817,2.7347018718719482,1.9294867515563965,100.0,HIGH PRIORITY,95th percentile prioritisation threshold,Spectral-stress evidence detected. Prioritise field inspection to determine the underlying cause. Field verification required.,527
upload_f3b95c9c-Z0594,upload_f3b95c9c,10,9000.0,355140.0,5078406.0,85.1344318092376,45.843987947513114,1.95547616481781,2.213184118270874,1.9482061862945557,100.0,HIGH PRIORITY,95th percentile prioritisation threshold,Spectral-stress evidence detected. Prioritise field inspection to determine the underlying cause. Field verification required.,528
upload_f3b95c9c-Z0733,upload_f3b95c9c,82,73800.0,378633.65853658534,5073896.707317073,85.43800370610283,45.80795544617322,1.9542351961135864,2.791307210922241,1.8937873840332031,100.0,HIGH PRIORITY,95th percentile prioritisation threshold,Spectral-stress evidence detected. Prioritise field inspection to determine the underlying cause. Field verification required.,529
upload_f3b95c9c-Z0785,upload_f3b95c9c,13,11700.0,357570.0,5072097.692307692,85.16757293328232,45.78774483459682,1.9538606405258179,2.233228921890259,1.8994544744491577,100.0,HIGH PRIORITY,95th percentile prioritisation threshold,Spectral-stress evidence detected. Prioritise field inspection to determine the underlying cause. Field verification required.,530
upload_f3b95c9c-Z0288,upload_f3b95c9c,10,9000.0,364371.0,5088084.0,85.25052264209651,45.93293315581258,1.9533363580703735,2.4263830184936523,1.9094243049621582,100.0,HIGH PRIORITY,95th percentile prioritisation threshold,Spectral-stress evidence detected. Prioritise field inspection to determine the underlying cause. Field verification required.,531
upload_f3b95c9c-Z0081,upload_f3b95c9c,10,9000.0,366264.0,5094429.0,85.27315615945218,45.99038591575719,1.9531654119491577,2.4967212677001953,1.9609925746917725,100.0,HIGH PRIORITY,95th percentile prioritisation threshold,Spectral-stress evidence detected. Prioritise field inspection to determine the underlying cause. Field verification required.,532
upload_f3b95c9c-Z0691,upload_f3b95c9c,10,9000.0,353979.0,5075577.0,85.1203452317835,45.81829390438158,1.9529082775115967,2.215947389602661,1.9492216110229492,100.0,HIGH PRIORITY,95th percentile prioritisation threshold,Spectral-stress evidence detected. Prioritise field inspection to determine the underlying cause. Field verification required.,533
upload_f3b95c9c-Z0642,upload_f3b95c9c,15,13500.0,377972.0,5077026.0,85.42869930472185,45.835993725434086,1.952907681465149,2.1260745525360107,1.9800281524658203,100.0,HIGH PRIORITY,95th percentile prioritisation threshold,Spectral-stress evidence detected. Prioritise field inspection to determine the underlying cause. Field verification required.,534
upload_f3b95c9c-Z0241,upload_f3b95c9c,50,45000.0,361995.0,5089336.2,85.21952885858114,45.94372485039478,1.9529074430465698,2.494112253189087,1.8682821989059448,100.0,HIGH PRIORITY,95th percentile prioritisation threshold,Spectral-stress evidence detected. Prioritise field inspection to determine the underlying cause. Field verification required.,535
upload_f3b95c9c-Z0336,upload_f3b95c9c,21,18900.0,359530.0,5087024.285714285,85.18842012708267,45.9224271943113,1.9525922536849976,2.2737162113189697,1.8916345834732056,100.0,HIGH PRIORITY,95th percentile prioritisation threshold,Spectral-stress evidence detected. Prioritise field inspection to determine the underlying cause. Field verification required.,536
upload_f3b95c9c-Z0028,upload_f3b95c9c,31,27900.0,366910.6451612903,5097166.451612903,85.28073916051328,46.01513864332262,1.9525249004364014,2.4262585639953613,1.9020346403121948,100.0,HIGH PRIORITY,95th percentile prioritisation threshold,Spectral-stress evidence detected. Prioritise field inspection to determine the underlying cause. Field verification required.,537
upload_f3b95c9c-Z0047,upload_f3b95c9c,16,14400.0,363071.25,5096023.125,85.2314930218754,46.00409652240582,1.9517358541488647,2.4492547512054443,1.9242215156555176,100.0,HIGH PRIORITY,95th percentile prioritisation threshold,Spectral-stress evidence detected. Prioritise field inspection to determine the underlying cause. Field verification required.,538
upload_f3b95c9c-Z0230,upload_f3b95c9c,16,14400.0,359366.25,5089663.125,85.18553511876209,45.946132518147174,1.9516888856887817,2.857126235961914,1.853064775466919,100.0,HIGH PRIORITY,95th percentile prioritisation threshold,Spectral-stress evidence detected. Prioritise field inspection to determine the underlying cause. Field verification required.,539
upload_f3b95c9c-Z0518,upload_f3b95c9c,23,20700.0,360039.1304347826,5080906.956521739,85.19676546779328,45.867499325101114,1.9516063928604126,2.4218173027038574,1.9145786762237549,100.0,HIGH PRIORITY,95th percentile prioritisation threshold,Spectral-stress evidence detected. Prioritise field inspection to determine the underlying cause. Field verification required.,540
upload_f3b95c9c-Z0563,upload_f3b95c9c,9,8100.0,357766.6666666667,5079346.666666667,85.1679636112826,45.85299733890926,1.9515389204025269,2.5363245010375977,1.9254767894744873,100.0,HIGH PRIORITY,95th percentile prioritisation threshold,Spectral-stress evidence detected. Prioritise field inspection to determine the underlying cause. Field verification required.,541
upload_f3b95c9c-Z0573,upload_f3b95c9c,15,13500.0,358710.0,5079060.0,85.18019213573102,45.85061260435311,1.949231505393982,2.400947332382202,1.8814595937728882,100.0,HIGH PRIORITY,95th percentile prioritisation threshold,Spectral-stress evidence detected. Prioritise field inspection to determine the underlying cause. Field verification required.,542
upload_f3b95c9c-Z0460,upload_f3b95c9c,14,12600.0,363064.28571428574,5082812.142857143,85.23517956212902,45.88524719481025,1.9484647512435913,2.2725512981414795,1.9668354988098145,100.0,HIGH PRIORITY,95th percentile prioritisation threshold,Spectral-stress evidence detected. Prioritise field inspection to determine the underlying cause. Field verification required.,543
upload_f3b95c9c-Z0593,upload_f3b95c9c,45,40500.0,376146.6666666667,5078310.666666667,85.40487407909433,45.847226422171325,1.9483511447906494,2.209778308868408,1.941296935081482,100.0,HIGH PRIORITY,95th percentile prioritisation threshold,Spectral-stress evidence detected. Prioritise field inspection to determine the underlying cause. Field verification required.,544
upload_f3b95c9c-Z0191,upload_f3b95c9c,17,15300.0,360718.23529411765,5090610.0,85.20269439457378,45.95492616880396,1.9477930068969727,2.2474629878997803,1.9061059951782227,100.0,HIGH PRIORITY,95th percentile prioritisation threshold,Spectral-stress evidence detected. Prioritise field inspection to determine the underlying cause. Field verification required.,545
upload_f3b95c9c-Z0662,upload_f3b95c9c,26,23400.0,355285.3846153846,5076333.461538462,85.1369255974683,45.825374272591006,1.9474940299987793,2.254340171813965,1.8916816711425781,100.0,HIGH PRIORITY,95th percentile prioritisation threshold,Spectral-stress evidence detected. Prioritise field inspection to determine the underlying cause. Field verification required.,546
upload_f3b95c9c-Z0345,upload_f3b95c9c,23,20700.0,357070.4347826087,5086743.9130434785,85.15680020710474,45.91939787111736,1.947163462638855,2.3489608764648438,1.914077877998352,100.0,HIGH PRIORITY,95th percentile prioritisation threshold,Spectral-stress evidence detected. Prioritise field inspection to determine the underlying cause. Field verification required.,547
upload_f3b95c9c-Z0118,upload_f3b95c9c,24,21600.0,367222.5,5092688.75,85.28601033136428,45.974916344015746,1.9467897415161133,2.3156323432922363,1.9505099058151245,100.0,HIGH PRIORITY,95th percentile prioritisation threshold,Spectral-stress evidence detected. Prioritise field inspection to determine the underlying cause. Field verification required.,548
upload_f3b95c9c-Z0755,upload_f3b95c9c,16,14400.0,358972.5,5073361.875,85.18523833761678,45.799405512569294,1.946427345275879,2.6435272693634033,1.8849468231201172,100.0,HIGH PRIORITY,95th percentile prioritisation threshold,Spectral-stress evidence detected. Prioritise field inspection to determine the underlying cause. Field verification required.,549
upload_f3b95c9c-Z0085,upload_f3b95c9c,11,9900.0,359470.9090909091,5094338.181818182,85.1855116689909,45.98821019499258,1.9452224969863892,2.1691372394561768,1.943483829498291,100.0,HIGH PRIORITY,95th percentile prioritisation threshold,Spectral-stress evidence detected. Prioritise field inspection to determine the underlying cause. Field verification required.,550
upload_f3b95c9c-Z0035,upload_f3b95c9c,9,8100.0,366803.3333333333,5096583.333333333,85.27951624917739,46.009871901003244,1.9447476863861084,2.2484986782073975,1.947137713432312,100.0,HIGH PRIORITY,95th percentile prioritisation threshold,Spectral-stress evidence detected. Prioritise field inspection to determine the underlying cause. Field verification required.,551
upload_f3b95c9c-Z0640,upload_f3b95c9c,16,14400.0,357163.125,5076990.0,85.16089263518839,45.83167200752341,1.9444379806518555,2.3529467582702637,1.9405211210250854,100.0,HIGH PRIORITY,95th percentile prioritisation threshold,Spectral-stress evidence detected. Prioritise field inspection to determine the underlying cause. Field verification required.,552
upload_f3b95c9c-Z0576,upload_f3b95c9c,10,9000.0,357369.0,5078997.0,85.16294772235048,45.84976953431279,1.944248914718628,2.3191208839416504,1.9259161949157715,100.0,HIGH PRIORITY,95th percentile prioritisation threshold,Spectral-stress evidence detected. Prioritise field inspection to determine the underlying cause. Field verification required.,553
upload_f3b95c9c-Z0798,upload_f3b95c9c,17,15300.0,354485.29411764705,5071159.411764706,85.1281905422047,45.77866094968821,1.9438676834106445,2.141221761703491,1.9539157152175903,100.0,HIGH PRIORITY,95th percentile prioritisation threshold,Spectral-stress evidence detected. Prioritise field inspection to determine the underlying cause. Field verification required.,554
upload_f3b95c9c-Z0089,upload_f3b95c9c,16,14400.0,361053.75,5094166.875,85.20598864753013,45.98699172117406,1.9437086582183838,2.233952522277832,1.8888643980026245,100.0,HIGH PRIORITY,95th percentile prioritisation threshold,Spectral-stress evidence detected. Prioritise field inspection to determine the underlying cause. Field verification required.,555
upload_f3b95c9c-Z0129,upload_f3b95c9c,22,19800.0,359995.9090909091,5092318.636363637,85.19287826939649,45.97014998392392,1.941534161567688,2.1383020877838135,1.9520273208618164,100.0,HIGH PRIORITY,95th percentile prioritisation threshold,Spectral-stress evidence detected. Prioritise field inspection to determine the underlying cause. Field verification required.,556
upload_f3b95c9c-Z0314,upload_f3b95c9c,10,9000.0,358251.0,5087625.0,85.1717563162383,45.92756852116313,1.941009521484375,2.4027762413024902,1.8674099445343018,100.0,HIGH PRIORITY,95th percentile prioritisation threshold,Spectral-stress evidence detected. Prioritise field inspection to determine the underlying cause. Field verification required.,557
upload_f3b95c9c-Z0108,upload_f3b95c9c,9,8100.0,366580.0,5093453.333333333,85.27750692382803,45.981670102047794,1.9409081935882568,2.16690731048584,1.9387760162353516,100.0,HIGH PRIORITY,95th percentile prioritisation threshold,Spectral-stress evidence detected. Prioritise field inspection to determine the underlying cause. Field verification required.,558
upload_f3b95c9c-Z0107,upload_f3b95c9c,15,13500.0,360728.0,5093484.0,85.20198375002367,45.980782536492384,1.9403622150421143,2.113067626953125,1.9058493375778198,100.0,HIGH PRIORITY,95th percentile prioritisation threshold,Spectral-stress evidence detected. Prioritise field inspection to determine the underlying cause. Field verification required.,559
upload_f3b95c9c-Z0479,upload_f3b95c9c,17,15300.0,355826.4705882353,5082038.823529412,85.14217928063174,45.87681217604417,1.9380513429641724,2.443929433822632,1.879272699356079,100.0,HIGH PRIORITY,95th percentile prioritisation threshold,Spectral-stress evidence detected. Prioritise field inspection to determine the underlying cause. Field verification required.,560
upload_f3b95c9c-Z0708,upload_f3b95c9c,16,14400.0,355951.875,5075133.75,85.14585991304364,45.81472133407015,1.937993049621582,2.2754273414611816,1.8792250156402588,100.0,HIGH PRIORITY,95th percentile prioritisation threshold,Spectral-stress evidence detected. Prioritise field inspection to determine the underlying cause. Field verification required.,561
upload_f3b95c9c-Z0852,upload_f3b95c9c,1090,981000.0,378787.45871559635,5066187.688073395,85.44191552501665,45.73862161749532,1.9377638101577759,2.5010697841644287,1.9001305103302002,100.0,HIGH PRIORITY,95th percentile prioritisation threshold,Spectral-stress evidence detected. Prioritise field inspection to determine the underlying cause. Field verification required.,562
upload_f3b95c9c-Z0248,upload_f3b95c9c,40,36000.0,362260.5,5089128.75,85.2230121802709,45.94191191539779,1.936231255531311,2.340658664703369,1.899878978729248,100.0,HIGH PRIORITY,95th percentile prioritisation threshold,Spectral-stress evidence detected. Prioritise field inspection to determine the underlying cause. Field verification required.,563
upload_f3b95c9c-Z0804,upload_f3b95c9c,30,27000.0,370158.0,5070674.0,85.3298330301113,45.77741826077176,1.9348456859588623,2.2713613510131836,1.8849563598632812,100.0,HIGH PRIORITY,95th percentile prioritisation threshold,Spectral-stress evidence detected. Prioritise field inspection to determine the underlying cause. Field verification required.,564
upload_f3b95c9c-Z0723,upload_f3b95c9c,10,9000.0,353874.0,5074551.0,85.11930516303605,45.809041993581744,1.9344230890274048,2.181440830230713,1.9604977369308472,100.0,HIGH PRIORITY,95th percentile prioritisation threshold,Spectral-stress evidence detected. Prioritise field inspection to determine the underlying cause. Field verification required.,565
upload_f3b95c9c-Z0304,upload_f3b95c9c,12,10800.0,364327.5,5087705.0,85.25006906473574,45.92951498766194,1.9338008165359497,2.1516785621643066,1.900780439376831,100.0,HIGH PRIORITY,95th percentile prioritisation threshold,Spectral-stress evidence detected. Prioritise field inspection to determine the underlying cause. Field verification required.,566
upload_f3b95c9c-Z0022,upload_f3b95c9c,19,17100.0,365875.2631578947,5097688.421052632,85.26722345999328,46.019632433400396,1.9337477684020996,2.2441043853759766,1.9088401794433594,100.0,HIGH PRIORITY,95th percentile prioritisation threshold,Spectral-stress evidence detected. Prioritise field inspection to determine the underlying cause. Field verification required.,567
upload_f3b95c9c-Z0454,upload_f3b95c9c,102,91800.0,362325.8823529412,5082824.411764706,85.22566414513705,45.885210224753315,1.9328079223632812,2.2654268741607666,1.9123907089233398,100.0,HIGH PRIORITY,95th percentile prioritisation threshold,Spectral-stress evidence detected. Prioritise field inspection to determine the underlying cause. Field verification required.,568
upload_f3b95c9c-Z0247,upload_f3b95c9c,172,154800.0,361071.4534883721,5089108.779069767,85.20768555411486,45.941492742037475,1.932167410850525,2.498689651489258,1.910156011581421,100.0,HIGH PRIORITY,95th percentile prioritisation threshold,Spectral-stress evidence detected. Prioritise field inspection to determine the underlying cause. Field verification required.,569
upload_f3b95c9c-Z0327,upload_f3b95c9c,29,26100.0,358776.2068965517,5087181.724137931,85.17865738413882,45.923689003933006,1.9318413734436035,2.1750266551971436,1.9331810474395752,100.0,HIGH PRIORITY,95th percentile prioritisation threshold,Spectral-stress evidence detected. Prioritise field inspection to determine the underlying cause. Field verification required.,570
upload_f3b95c9c-Z0699,upload_f3b95c9c,95,85500.0,377783.36842105264,5075382.947368421,85.42668794637446,45.82117740336709,1.931311845779419,2.3142452239990234,1.910762906074524,100.0,HIGH PRIORITY,95th percentile prioritisation threshold,Spectral-stress evidence detected. Prioritise field inspection to determine the underlying cause. Field verification required.,571
upload_f3b95c9c-Z0301,upload_f3b95c9c,10,9000.0,358512.0,5087784.0,85.17507397969239,45.92905266263556,1.9312984943389893,2.1520302295684814,1.9158496856689453,100.0,HIGH PRIORITY,95th percentile prioritisation threshold,Spectral-stress evidence detected. Prioritise field inspection to determine the underlying cause. Field verification required.,572
upload_f3b95c9c-Z0686,upload_f3b95c9c,10,9000.0,374862.0,5075739.0,85.38900318794535,45.82385690200795,1.9301751852035522,2.1355228424072266,1.879256248474121,100.0,HIGH PRIORITY,95th percentile prioritisation threshold,Spectral-stress evidence detected. Prioritise field inspection to determine the underlying cause. Field verification required.,573
upload_f3b95c9c-Z0672,upload_f3b95c9c,26,23400.0,380214.23076923075,5076016.153846154,85.45781187301182,45.82730112427043,1.9279383420944214,2.296713352203369,1.9056224822998047,100.0,HIGH PRIORITY,95th percentile prioritisation threshold,Spectral-stress evidence detected. Prioritise field inspection to determine the underlying cause. Field verification required.,574
upload_f3b95c9c-Z0566,upload_f3b95c9c,9,8100.0,357930.0,5079323.333333333,85.17007322736208,45.85282113731568,1.9278744459152222,2.2867681980133057,1.805999517440796,100.0,HIGH PRIORITY,95th percentile prioritisation threshold,Spectral-stress evidence detected. Prioritise field inspection to determine the underlying cause. Field verification required.,575
upload_f3b95c9c-Z0847,upload_f3b95c9c,9,8100.0,369020.0,5067440.0,85.31607702593688,45.748107652454124,1.9274277687072754,2.185361385345459,1.8421181440353394,100.0,HIGH PRIORITY,95th percentile prioritisation threshold,Spectral-stress evidence detected. Prioritise field inspection to determine the underlying cause. Field verification required.,576
upload_f3b95c9c-Z0767,upload_f3b95c9c,12,10800.0,363320.0,5072987.5,85.24126151957647,45.79691218483632,1.9273757934570312,2.2716469764709473,1.870460033416748,100.0,HIGH PRIORITY,95th percentile prioritisation threshold,Spectral-stress evidence detected. Prioritise field inspection to determine the underlying cause. Field verification required.,577
upload_f3b95c9c-Z0375,upload_f3b95c9c,35,31500.0,363731.14285714284,5085997.714285715,85.24286585846636,45.91403783117661,1.9268627166748047,2.223294258117676,1.9217379093170166,100.0,HIGH PRIORITY,95th percentile prioritisation threshold,Spectral-stress evidence detected. Prioritise field inspection to determine the underlying cause. Field verification required.,578
upload_f3b95c9c-Z0030,upload_f3b95c9c,10,9000.0,366099.0,5097162.0,85.27026032536992,46.014940418418476,1.9260238409042358,2.1548268795013428,1.9219415187835693,100.0,HIGH PRIORITY,95th percentile prioritisation threshold,Spectral-stress evidence detected. Prioritise field inspection to determine the underlying cause. Field verification required.,579
upload_f3b95c9c-Z0569,upload_f3b95c9c,9,8100.0,362073.3333333333,5079150.0,85.22346460126548,45.85210384384013,1.9259408712387085,2.094771146774292,1.93766188621521,100.0,HIGH PRIORITY,95th percentile prioritisation threshold,Spectral-stress evidence detected. Prioritise field inspection to determine the underlying cause. Field verification required.,580
upload_f3b95c9c-Z0405,upload_f3b95c9c,26,23400.0,362146.1538461539,5085173.076923077,85.22267480543549,45.90630324216378,1.9258160591125488,2.1436524391174316,1.8648101091384888,100.0,HIGH PRIORITY,95th percentile prioritisation threshold,Spectral-stress evidence detected. Prioritise field inspection to determine the underlying cause. Field verification required.,581
upload_f3b95c9c-Z0443,upload_f3b95c9c,38,34200.0,361867.8947368421,5083419.47368421,85.21959343171339,45.89047171675777,1.925750732421875,2.4219441413879395,1.897193193435669,100.0,HIGH PRIORITY,95th percentile prioritisation threshold,Spectral-stress evidence detected. Prioritise field inspection to determine the underlying cause. Field verification required.,582
upload_f3b95c9c-Z0255,upload_f3b95c9c,14,12600.0,362580.0,5089028.571428572,85.22716080813602,45.94107470442528,1.9255437850952148,2.2748160362243652,1.9100972414016724,100.0,HIGH PRIORITY,95th percentile prioritisation threshold,Spectral-stress evidence detected. Prioritise field inspection to determine the underlying cause. Field verification required.,583
upload_f3b95c9c-Z0299,upload_f3b95c9c,30,27000.0,362871.0,5087782.0,85.23126982207818,45.9299185271108,1.9251843690872192,2.2445640563964844,1.9138095378875732,100.0,HIGH PRIORITY,95th percentile prioritisation threshold,Spectral-stress evidence detected. Prioritise field inspection to determine the underlying cause. Field verification required.,584
upload_f3b95c9c-Z0517,upload_f3b95c9c,12,10800.0,359627.5,5080950.0,85.19145218967849,45.867802748844255,1.9247474670410156,2.2699811458587646,1.8844645023345947,100.0,HIGH PRIORITY,95th percentile prioritisation threshold,Spectral-stress evidence detected. Prioritise field inspection to determine the underlying cause. Field verification required.,585
upload_f3b95c9c-Z0205,upload_f3b95c9c,15,13500.0,359576.0,5090300.0,85.18805322157867,45.951904720968884,1.9245493412017822,2.5786592960357666,1.872880458831787,100.0,HIGH PRIORITY,95th percentile prioritisation threshold,Spectral-stress evidence detected. Prioritise field inspection to determine the underlying cause. Field verification required.,586
upload_f3b95c9c-Z0606,upload_f3b95c9c,29,26100.0,356645.1724137931,5077943.793103448,85.15394339883834,45.84014474797356,1.9240492582321167,2.2776756286621094,1.9337456226348877,100.0,HIGH PRIORITY,95th percentile prioritisation threshold,Spectral-stress evidence detected. Prioritise field inspection to determine the underlying cause. Field verification required.,587
upload_f3b95c9c-Z0802,upload_f3b95c9c,248,223200.0,371167.7419354839,5070782.056451613,85.34278709737698,45.77857952760621,1.9237053394317627,2.293113946914673,1.9134266376495361,100.0,HIGH PRIORITY,95th percentile prioritisation threshold,Spectral-stress evidence detected. Prioritise field inspection to determine the underlying cause. Field verification required.,588
upload_f3b95c9c-Z0012,upload_f3b95c9c,28,25200.0,367063.9285714286,5098317.857142857,85.28239758233366,46.025526754936315,1.9227564334869385,2.25982928276062,1.88690185546875,100.0,HIGH PRIORITY,95th percentile prioritisation threshold,Spectral-stress evidence detected. Prioritise field inspection to determine the underlying cause. Field verification required.,589
upload_f3b95c9c-Z0710,upload_f3b95c9c,17,15300.0,355381.76470588235,5075098.235294118,85.13853619465772,45.81428255705837,1.9212278127670288,2.3115553855895996,1.8871639966964722,100.0,HIGH PRIORITY,95th percentile prioritisation threshold,Spectral-stress evidence detected. Prioritise field inspection to determine the underlying cause. Field verification required.,590
upload_f3b95c9c-Z0751,upload_f3b95c9c,10,9000.0,376110.0,5073558.0,85.4056235212065,45.804459483075206,1.9211952686309814,2.478733777999878,1.839703917503357,100.0,HIGH PRIORITY,95th percentile prioritisation threshold,Spectral-stress evidence detected. Prioritise field inspection to determine the underlying cause. Field verification required.,591
upload_f3b95c9c-Z0628,upload_f3b95c9c,18,16200.0,356455.0,5077358.333333333,85.15167017629676,45.834838420530716,1.920015573501587,2.2726457118988037,1.881133794784546,100.0,HIGH PRIORITY,95th percentile prioritisation threshold,Spectral-stress evidence detected. Prioritise field inspection to determine the underlying cause. Field verification required.,592
upload_f3b95c9c-Z0218,upload_f3b95c9c,12,10800.0,364827.5,5090010.0,85.2558648826027,45.95034993368786,1.9197297096252441,2.312391757965088,1.868971824645996,100.0,HIGH PRIORITY,95th percentile prioritisation threshold,Spectral-stress evidence detected. Prioritise field inspection to determine the underlying cause. Field verification required.,593
upload_f3b95c9c-Z0652,upload_f3b95c9c,15,13500.0,355868.0,5076710.0,85.14430968914078,45.82888360055396,1.9190406799316406,2.561614990234375,1.8383005857467651,100.0,HIGH PRIORITY,95th percentile prioritisation threshold,Spectral-stress evidence detected. Prioritise field inspection to determine the underlying cause. Field verification required.,594
upload_f3b95c9c-Z0420,upload_f3b95c9c,69,62100.0,361503.9130434783,5084230.869565218,85.21467035600914,45.897697967781106,1.9187906980514526,2.424406051635742,1.8781721591949463,100.0,HIGH PRIORITY,95th percentile prioritisation threshold,Spectral-stress evidence detected. Prioritise field inspection to determine the underlying cause. Field verification required.,595
upload_f3b95c9c-Z0513,upload_f3b95c9c,23,20700.0,355560.0,5081024.347826087,85.13905208173367,45.86763029740883,1.9184684753417969,2.1645679473876953,1.8714373111724854,100.0,HIGH PRIORITY,95th percentile prioritisation threshold,Spectral-stress evidence detected. Prioritise field inspection to determine the underlying cause. Field verification required.,596
upload_f3b95c9c-Z0621,upload_f3b95c9c,14,12600.0,356704.28571428574,5077615.714285715,85.15480182302058,45.83720566903038,1.9181345701217651,2.352078914642334,1.8541295528411865,100.0,HIGH PRIORITY,95th percentile prioritisation threshold,Spectral-stress evidence detected. Prioritise field inspection to determine the underlying cause. Field verification required.,597
upload_f3b95c9c-Z0223,upload_f3b95c9c,9,8100.0,364000.0,5089870.0,85.24523243296383,45.94892704144123,1.9174317121505737,2.2923355102539062,1.898822546005249,100.0,HIGH PRIORITY,95th percentile prioritisation threshold,Spectral-stress evidence detected. Prioritise field inspection to determine the underlying cause. Field verification required.,598
upload_f3b95c9c-Z0065,upload_f3b95c9c,15,13500.0,360436.0,5095038.0,85.19776210953312,45.99470281461482,1.9171944856643677,2.1313538551330566,1.8827399015426636,100.0,HIGH PRIORITY,95th percentile prioritisation threshold,Spectral-stress evidence detected. Prioritise field inspection to determine the underlying cause. Field verification required.,599
upload_f3b95c9c-Z0859,upload_f3b95c9c,12,10800.0,378795.0,5065640.0,85.44214948833638,45.733695154369926,1.9170335531234741,2.1176884174346924,1.9078764915466309,100.0,HIGH PRIORITY,95th percentile prioritisation threshold,Spectral-stress evidence detected. Prioritise field inspection to determine the underlying cause. Field verification required.,600
upload_f3b95c9c-Z0837,upload_f3b95c9c,148,133200.0,375255.2027027027,5067573.445945946,85.39617199272,45.750461475405984,1.9164974689483643,2.113124370574951,1.922837734222412,100.0,HIGH PRIORITY,95th percentile prioritisation threshold,Spectral-stress evidence detected. Prioritise field inspection to determine the underlying cause. Field verification required.,601
upload_f3b95c9c-Z0193,upload_f3b95c9c,18,16200.0,361056.6666666667,5090578.333333333,85.20706856925783,45.954709881821955,1.9163371324539185,2.3819212913513184,1.8683199882507324,100.0,HIGH PRIORITY,95th percentile prioritisation threshold,Spectral-stress evidence detected. Prioritise field inspection to determine the underlying cause. Field verification required.,602
upload_f3b95c9c-Z0558,upload_f3b95c9c,13,11700.0,360355.3846153846,5079544.615384615,85.20123339753935,45.85530775480776,1.9159700870513916,2.2670607566833496,1.8434005975723267,100.0,HIGH PRIORITY,95th percentile prioritisation threshold,Spectral-stress evidence detected. Prioritise field inspection to determine the underlying cause. Field verification required.,603
upload_f3b95c9c-Z0839,upload_f3b95c9c,38,34200.0,372223.4210526316,5067764.2105263155,85.35715838145327,45.751624065174596,1.9153856039047241,2.1923890113830566,1.8928008079528809,100.0,HIGH PRIORITY,95th percentile prioritisation threshold,Spectral-stress evidence detected. Prioritise field inspection to determine the underlying cause. Field verification required.,604
upload_f3b95c9c-Z0849,upload_f3b95c9c,27,24300.0,382058.8888888889,5067010.0,85.48375159836195,45.74658609895202,1.915184736251831,2.1694998741149902,1.9213552474975586,100.0,HIGH PRIORITY,95th percentile prioritisation threshold,Spectral-stress evidence detected. Prioritise field inspection to determine the underlying cause. Field verification required.,605
upload_f3b95c9c-Z0321,upload_f3b95c9c,12,10800.0,357305.0,5087365.0,85.15963876098004,45.92503379705941,1.9151149988174438,2.271282434463501,1.901563286781311,100.0,HIGH PRIORITY,95th percentile prioritisation threshold,Spectral-stress evidence detected. Prioritise field inspection to determine the underlying cause. Field verification required.,606
upload_f3b95c9c-Z0187,upload_f3b95c9c,11,9900.0,359530.9090909091,5090659.090909091,85.1873663449785,45.95512584484073,1.9150954484939575,2.149805784225464,1.892530083656311,100.0,HIGH PRIORITY,95th percentile prioritisation threshold,Spectral-stress evidence detected. Prioritise field inspection to determine the underlying cause. Field verification required.,607
upload_f3b95c9c-Z0565,upload_f3b95c9c,17,15300.0,360086.4705882353,5079310.588235294,85.19783926489283,45.8531478493435,1.9141113758087158,2.33483624458313,1.8494200706481934,100.0,HIGH PRIORITY,95th percentile prioritisation threshold,Spectral-stress evidence detected. Prioritise field inspection to determine the underlying cause. Field verification required.,608
upload_f3b95c9c-Z0349,upload_f3b95c9c,50,45000.0,363726.0,5086570.8,85.24263678784776,45.91919242646984,1.912724494934082,2.252829074859619,1.900469183921814,100.0,HIGH PRIORITY,95th percentile prioritisation threshold,Spectral-stress evidence detected. Prioritise field inspection to determine the underlying cause. Field verification required.,609
upload_f3b95c9c-Z0434,upload_f3b95c9c,10,9000.0,362169.0,5083785.0,85.22336765674834,45.89382044875035,1.912081003189087,2.276028871536255,1.871795892715454,100.0,HIGH PRIORITY,95th percentile prioritisation threshold,Spectral-stress evidence detected. Prioritise field inspection to determine the underlying cause. Field verification required.,610
upload_f3b95c9c-Z0480,upload_f3b95c9c,17,15300.0,361028.82352941175,5081992.94117647,85.20919635456625,45.877469471388714,1.9118221998214722,2.135003089904785,1.9393565654754639,100.0,HIGH PRIORITY,95th percentile prioritisation threshold,Spectral-stress evidence detected. Prioritise field inspection to determine the underlying cause. Field verification required.,611
upload_f3b95c9c-Z0836,upload_f3b95c9c,100,90000.0,382428.0,5068145.7,85.48821928668475,45.756867540356446,1.9098260402679443,2.4289560317993164,1.890973687171936,100.0,HIGH PRIORITY,95th percentile prioritisation threshold,Spectral-stress evidence detected. Prioritise field inspection to determine the underlying cause. Field verification required.,612
upload_f3b95c9c-Z0131,upload_f3b95c9c,53,47700.0,359487.1698113208,5092217.547169811,85.1863446633979,45.96913659339578,1.9097185134887695,2.1929609775543213,1.8898440599441528,100.0,HIGH PRIORITY,95th percentile prioritisation threshold,Spectral-stress evidence detected. Prioritise field inspection to determine the underlying cause. Field verification required.,613
upload_f3b95c9c-Z0138,upload_f3b95c9c,27,24300.0,360114.44444444444,5092020.0,85.19449482785826,45.96748765439022,1.9087644815444946,2.1413021087646484,1.8868234157562256,100.0,HIGH PRIORITY,95th percentile prioritisation threshold,Spectral-stress evidence detected. Prioritise field inspection to determine the underlying cause. Field verification required.,614
upload_f3b95c9c-Z0817,upload_f3b95c9c,89,80100.0,369678.5393258427,5069883.370786517,85.32388151512443,45.77021478913212,1.9083915948867798,2.2322094440460205,1.883466362953186,100.0,HIGH PRIORITY,95th percentile prioritisation threshold,Spectral-stress evidence detected. Prioritise field inspection to determine the underlying cause. Field verification required.,615
upload_f3b95c9c-Z0286,upload_f3b95c9c,11,9900.0,363231.8181818182,5088109.090909091,85.23582820486583,45.93293301970438,1.9081604480743408,2.1441988945007324,1.8582077026367188,100.0,HIGH PRIORITY,95th percentile prioritisation threshold,Spectral-stress evidence detected. Prioritise field inspection to determine the underlying cause. Field verification required.,616
upload_f3b95c9c-Z0086,upload_f3b95c9c,21,18900.0,361192.85714285716,5094280.0,85.20775099256112,45.98803756347025,1.9062561988830566,2.1121320724487305,1.9255049228668213,100.0,HIGH PRIORITY,95th percentile prioritisation threshold,Spectral-stress evidence detected. Prioritise field inspection to determine the underlying cause. Field verification required.,617
upload_f3b95c9c-Z0251,upload_f3b95c9c,13,11700.0,359963.07692307694,5089096.153846154,85.19339726470915,45.94115405123497,1.9059456586837769,2.2755095958709717,1.8615678548812866,100.0,HIGH PRIORITY,95th percentile prioritisation threshold,Spectral-stress evidence detected. Prioritise field inspection to determine the underlying cause. Field verification required.,618
upload_f3b95c9c-Z0717,upload_f3b95c9c,9,8100.0,354936.6666666667,5074876.666666667,85.13287678380676,45.81219589891593,1.905518889427185,1.9941893815994263,1.933985948562622,100.0,HIGH PRIORITY,95th percentile prioritisation threshold,Spectral-stress evidence detected. Prioritise field inspection to determine the underlying cause. Field verification required.,619
upload_f3b95c9c-Z0313,upload_f3b95c9c,20,18000.0,357642.0,5087580.0,85.16391901670325,45.92703780056766,1.9053888320922852,2.142822027206421,1.8943772315979004,100.0,HIGH PRIORITY,95th percentile prioritisation threshold,Spectral-stress evidence detected. Prioritise field inspection to determine the underlying cause. Field verification required.,620
upload_f3b95c9c-Z0660,upload_f3b95c9c,9,8100.0,355946.6666666667,5076513.333333333,85.14538075727611,45.82713084910017,1.9048216342926025,2.2150661945343018,1.872780203819275,100.0,HIGH PRIORITY,95th percentile prioritisation threshold,Spectral-stress evidence detected. Prioritise field inspection to determine the underlying cause. Field verification required.,621
upload_f3b95c9c-Z0835,upload_f3b95c9c,19,17100.0,382550.5263157895,5068643.684210527,85.48967330902511,45.76136903268054,1.9043411016464233,2.244640588760376,1.8540014028549194,100.0,HIGH PRIORITY,95th percentile prioritisation threshold,Spectral-stress evidence detected. Prioritise field inspection to determine the underlying cause. Field verification required.,622
upload_f3b95c9c-Z0713,upload_f3b95c9c,15,13500.0,355028.0,5075014.0,85.13401044088802,45.81345053011904,1.9034143686294556,2.144040822982788,1.886475682258606,100.0,HIGH PRIORITY,95th percentile prioritisation threshold,Spectral-stress evidence detected. Prioritise field inspection to determine the underlying cause. Field verification required.,623
upload_f3b95c9c-Z0334,upload_f3b95c9c,15,13500.0,363272.0,5087032.0,85.23665341806101,45.92325130546888,1.9033209085464478,2.1276893615722656,1.9084604978561401,100.0,HIGH PRIORITY,95th percentile prioritisation threshold,Spectral-stress evidence detected. Prioritise field inspection to determine the underlying cause. Field verification required.,624
upload_f3b95c9c-Z0675,upload_f3b95c9c,14,12600.0,354593.5714285714,5075901.428571428,85.1281541973532,45.82134224546819,1.9018458127975464,2.1324617862701416,1.879632592201233,100.0,HIGH PRIORITY,95th percentile prioritisation threshold,Spectral-stress evidence detected. Prioritise field inspection to determine the underlying cause. Field verification required.,625
upload_f3b95c9c-Z0075,upload_f3b95c9c,15,13500.0,360948.0,5094586.0,85.20450198480084,45.99074070547771,1.9017034769058228,2.2216789722442627,1.8331294059753418,100.0,HIGH PRIORITY,95th percentile prioritisation threshold,Spectral-stress evidence detected. Prioritise field inspection to determine the underlying cause. Field verification required.,626
upload_f3b95c9c-Z0158,upload_f3b95c9c,13,11700.0,360327.6923076923,5091447.692307692,85.19741288626524,45.96238265215756,1.9010123014450073,2.144627332687378,1.8676844835281372,100.0,HIGH PRIORITY,95th percentile prioritisation threshold,Spectral-stress evidence detected. Prioritise field inspection to determine the underlying cause. Field verification required.,627
upload_f3b95c9c-Z0678,upload_f3b95c9c,59,53100.0,376258.4745762712,5075555.593220339,85.40702108183068,45.822458784937226,1.900519847869873,2.3008358478546143,1.8642593622207642,100.0,HIGH PRIORITY,95th percentile prioritisation threshold,Spectral-stress evidence detected. Prioritise field inspection to determine the underlying cause. Field verification required.,628
upload_f3b95c9c-Z0168,upload_f3b95c9c,17,15300.0,359288.82352941175,5091190.588235294,85.18408779907989,45.959857551507085,1.899963140487671,2.15979266166687,1.9114407300949097,100.0,HIGH PRIORITY,95th percentile prioritisation threshold,Spectral-stress evidence detected. Prioritise field inspection to determine the underlying cause. Field verification required.,629
upload_f3b95c9c-Z0276,upload_f3b95c9c,9,8100.0,365696.6666666667,5088496.666666667,85.26749882001054,45.936906096139104,1.899599313735962,2.062401294708252,1.9005649089813232,100.0,HIGH PRIORITY,95th percentile prioritisation threshold,Spectral-stress evidence detected. Prioritise field inspection to determine the underlying cause. Field verification required.,630
upload_f3b95c9c-Z0166,upload_f3b95c9c,9,8100.0,362183.3333333333,5091186.666666667,85.22142487839115,45.96040961744827,1.899335265159607,2.217970609664917,1.8688994646072388,100.0,HIGH PRIORITY,95th percentile prioritisation threshold,Spectral-stress evidence detected. Prioritise field inspection to determine the underlying cause. Field verification required.,631
upload_f3b95c9c-Z0141,upload_f3b95c9c,9,8100.0,365353.3333333333,5092036.666666667,85.26207646214966,45.96868569068293,1.8971638679504395,2.0961687564849854,1.8203628063201904,100.0,HIGH PRIORITY,95th percentile prioritisation threshold,Spectral-stress evidence detected. Prioritise field inspection to determine the underlying cause. Field verification required.,632
upload_f3b95c9c-Z0174,upload_f3b95c9c,25,22500.0,359780.4,5090938.8,85.19050226152784,45.95769309468653,1.8954757452011108,2.251068353652954,1.8792107105255127,100.0,HIGH PRIORITY,95th percentile prioritisation threshold,Spectral-stress evidence detected. Prioritise field inspection to determine the underlying cause. Field verification required.,633
upload_f3b95c9c-Z0604,upload_f3b95c9c,51,45900.0,376685.8823529412,5078025.882352941,85.41188894762101,45.844760902247415,1.8941267728805542,2.178316116333008,1.8680098056793213,100.0,HIGH PRIORITY,95th percentile prioritisation threshold,Spectral-stress evidence detected. Prioritise field inspection to determine the underlying cause. Field verification required.,634
upload_f3b95c9c-Z0060,upload_f3b95c9c,10,9000.0,364221.0,5095455.0,85.24649709271885,45.9992143811125,1.8940032720565796,2.1783199310302734,1.8114581108093262,100.0,HIGH PRIORITY,95th percentile prioritisation threshold,Spectral-stress evidence detected. Prioritise field inspection to determine the underlying cause. Field verification required.,635
upload_f3b95c9c-Z0692,upload_f3b95c9c,21,18900.0,376968.5714285714,5075490.0,85.41617566840354,45.8219956899443,1.8936712741851807,2.215395212173462,1.8821992874145508,100.0,HIGH PRIORITY,95th percentile prioritisation threshold,Spectral-stress evidence detected. Prioritise field inspection to determine the underlying cause. Field verification required.,636
upload_f3b95c9c-Z0770,upload_f3b95c9c,62,55800.0,380230.1612903226,5072812.741935484,85.45881229389936,45.79848158501993,1.8931822776794434,2.0486257076263428,1.9011013507843018,100.0,HIGH PRIORITY,95th percentile prioritisation threshold,Spectral-stress evidence detected. Prioritise field inspection to determine the underlying cause. Field verification required.,637
upload_f3b95c9c-Z0687,upload_f3b95c9c,19,17100.0,375866.84210526315,5075688.947368421,85.40194706818613,45.823588199840856,1.8926740884780884,2.1670727729797363,1.8787051439285278,100.0,HIGH PRIORITY,95th percentile prioritisation threshold,Spectral-stress evidence detected. Prioritise field inspection to determine the underlying cause. Field verification required.,638
upload_f3b95c9c-Z0857,upload_f3b95c9c,9,8100.0,380850.0,5065890.0,85.46849134012935,45.736301585276884,1.892028570175171,2.0258610248565674,1.9104868173599243,100.0,HIGH PRIORITY,95th percentile prioritisation threshold,Spectral-stress evidence detected. Prioritise field inspection to determine the underlying cause. Field verification required.,639
upload_f3b95c9c-Z0055,upload_f3b95c9c,11,9900.0,361123.63636363635,5095516.363636363,85.20649831438864,45.999145798905055,1.8920048475265503,2.0479912757873535,1.8545172214508057,100.0,HIGH PRIORITY,95th percentile prioritisation threshold,Spectral-stress evidence detected. Prioritise field inspection to determine the underlying cause. Field verification required.,640
upload_f3b95c9c-Z0333,upload_f3b95c9c,20,18000.0,359707.5,5087119.5,85.19068025864392,45.92331999852989,1.8914369344711304,2.3219640254974365,1.799224615097046,100.0,HIGH PRIORITY,95th percentile prioritisation threshold,Spectral-stress evidence detected. Prioritise field inspection to determine the underlying cause. Field verification required.,641
upload_f3b95c9c-Z0215,upload_f3b95c9c,21,18900.0,366832.85714285716,5090061.428571428,85.2817139040988,45.9512045138855,1.8900511264801025,2.4216487407684326,1.8434253931045532,100.0,HIGH PRIORITY,95th percentile prioritisation threshold,Spectral-stress evidence detected. Prioritise field inspection to determine the underlying cause. Field verification required.,642
upload_f3b95c9c-Z0620,upload_f3b95c9c,50,45000.0,376923.6,5077529.4,85.41507610473687,45.84033648101525,1.8900011777877808,2.367076873779297,1.8548786640167236,100.0,HIGH PRIORITY,95th percentile prioritisation threshold,Spectral-stress evidence detected. Prioritise field inspection to determine the underlying cause. Field verification required.,643
upload_f3b95c9c-Z0310,upload_f3b95c9c,9,8100.0,358083.3333333333,5087640.0,85.16959046901218,45.927668848450594,1.8895983695983887,2.0220789909362793,1.8931282758712769,100.0,HIGH PRIORITY,95th percentile prioritisation threshold,Spectral-stress evidence detected. Prioritise field inspection to determine the underlying cause. Field verification required.,644
upload_f3b95c9c-Z0151,upload_f3b95c9c,16,14400.0,358925.625,5091697.5,85.17925360602376,45.96434309560924,1.8884358406066895,2.1553995609283447,1.8742249011993408,100.0,HIGH PRIORITY,95th percentile prioritisation threshold,Spectral-stress evidence detected. Prioritise field inspection to determine the underlying cause. Field verification required.,645
upload_f3b95c9c-Z0171,upload_f3b95c9c,14,12600.0,362314.28571428574,5091027.857142857,85.22315972588979,45.959007239403626,1.887426495552063,2.2268664836883545,1.828859806060791,100.0,HIGH PRIORITY,95th percentile prioritisation threshold,Spectral-stress evidence detected. Prioritise field inspection to determine the underlying cause. Field verification required.,646
upload_f3b95c9c-Z0521,upload_f3b95c9c,13,11700.0,360420.0,5080883.076923077,85.2016770156193,45.86736181853528,1.8864285945892334,2.099562883377075,1.8703744411468506,100.0,HIGH PRIORITY,95th percentile prioritisation threshold,Spectral-stress evidence detected. Prioritise field inspection to determine the underlying cause. Field verification required.,647
upload_f3b95c9c-Z0226,upload_f3b95c9c,34,30600.0,358916.4705882353,5089696.764705882,85.17972508938321,45.94634286939044,1.8859769105911255,2.2136788368225098,1.849813461303711,100.0,HIGH PRIORITY,95th percentile prioritisation threshold,Spectral-stress evidence detected. Prioritise field inspection to determine the underlying cause. Field verification required.,648
upload_f3b95c9c-Z0616,upload_f3b95c9c,71,63900.0,376561.2676056338,5077603.943661972,85.41039285580533,45.84094235470868,1.885802984237671,2.3982956409454346,1.8515634536743164,100.0,HIGH PRIORITY,95th percentile prioritisation threshold,Spectral-stress evidence detected. Prioritise field inspection to determine the underlying cause. Field verification required.,649
upload_f3b95c9c-Z0437,upload_f3b95c9c,18,16200.0,357046.6666666667,5083681.666666667,85.15740579000439,45.891845479064024,1.8855711221694946,2.1808295249938965,1.8902692794799805,100.0,HIGH PRIORITY,95th percentile prioritisation threshold,Spectral-stress evidence detected. Prioritise field inspection to determine the underlying cause. Field verification required.,650
upload_f3b95c9c-Z0182,upload_f3b95c9c,9,8100.0,362180.0,5090783.333333333,85.22149800639448,45.956780534303114,1.885337233543396,2.1571638584136963,1.8458597660064697,100.0,HIGH PRIORITY,95th percentile prioritisation threshold,Spectral-stress evidence detected. Prioritise field inspection to determine the underlying cause. Field verification required.,651
upload_f3b95c9c-Z0137,upload_f3b95c9c,92,82800.0,359218.3695652174,5091994.565217392,85.18294252709713,45.96707557570221,1.8853209018707275,2.2950568199157715,1.8503693342208862,100.0,HIGH PRIORITY,95th percentile prioritisation threshold,Spectral-stress evidence detected. Prioritise field inspection to determine the underlying cause. Field verification required.,652
upload_f3b95c9c-Z0421,upload_f3b95c9c,42,37800.0,362416.4285714286,5084097.857142857,85.22646582696827,45.896684504002586,1.8842198848724365,2.310880422592163,1.8567261695861816,100.0,HIGH PRIORITY,95th percentile prioritisation threshold,Spectral-stress evidence detected. Prioritise field inspection to determine the underlying cause. Field verification required.,653
upload_f3b95c9c-Z0234,upload_f3b95c9c,45,40500.0,358478.6666666667,5089543.333333333,85.17412472394727,45.94487252880996,1.88395094871521,2.3118462562561035,1.8439375162124634,100.0,HIGH PRIORITY,95th percentile prioritisation threshold,Spectral-stress evidence detected. Prioritise field inspection to determine the underlying cause. Field verification required.,654
upload_f3b95c9c-Z0644,upload_f3b95c9c,50,45000.0,356310.0,5076869.4,85.14994988552107,45.8304098095311,1.8836255073547363,2.246375322341919,1.8680598735809326,100.0,HIGH PRIORITY,95th percentile prioritisation threshold,Spectral-stress evidence detected. Prioritise field inspection to determine the underlying cause. Field verification required.,655
upload_f3b95c9c-Z0595,upload_f3b95c9c,30,27000.0,356698.0,5078282.0,85.15452270831409,45.84319821646929,1.8835580348968506,2.25545597076416,1.8671820163726807,100.0,HIGH PRIORITY,95th percentile prioritisation threshold,Spectral-stress evidence detected. Prioritise field inspection to determine the underlying cause. Field verification required.,656
upload_f3b95c9c-Z0830,upload_f3b95c9c,13,11700.0,382315.3846153846,5069123.076923077,85.48653394264124,45.76564239861362,1.8829753398895264,2.1139962673187256,1.8312585353851318,100.0,HIGH PRIORITY,95th percentile prioritisation threshold,Spectral-stress evidence detected. Prioritise field inspection to determine the underlying cause. Field verification required.,657
upload_f3b95c9c-Z0167,upload_f3b95c9c,9,8100.0,366196.6666666667,5091200.0,85.27319053742274,45.961323767691646,1.8827435970306396,2.0048577785491943,1.849443793296814,100.0,HIGH PRIORITY,95th percentile prioritisation threshold,Spectral-stress evidence detected. Prioritise field inspection to determine the underlying cause. Field verification required.,658
upload_f3b95c9c-Z0703,upload_f3b95c9c,70,63000.0,381178.71428571426,5075241.857142857,85.47041551994701,45.82050135494987,1.8813912868499756,2.164936065673828,1.8635655641555786,100.0,HIGH PRIORITY,95th percentile prioritisation threshold,Spectral-stress evidence detected. Prioritise field inspection to determine the underlying cause. Field verification required.,659
upload_f3b95c9c-Z0685,upload_f3b95c9c,20,18000.0,377992.5,5075709.0,85.42929659112583,45.82414800872601,1.8813692331314087,2.1180248260498047,1.827997088432312,100.0,HIGH PRIORITY,95th percentile prioritisation threshold,Spectral-stress evidence detected. Prioritise field inspection to determine the underlying cause. Field verification required.,660
upload_f3b95c9c-Z0796,upload_f3b95c9c,10,9000.0,355251.0,5071419.0,85.13795707431689,45.78115709134305,1.8799978494644165,2.0463058948516846,1.8843164443969727,100.0,HIGH PRIORITY,95th percentile prioritisation threshold,Spectral-stress evidence detected. Prioritise field inspection to determine the underlying cause. Field verification required.,661
upload_f3b95c9c-Z0793,upload_f3b95c9c,206,185400.0,371836.6019417476,5071407.961165048,85.35122123912593,45.78433521361628,1.8783875703811646,2.234689950942993,1.8669289350509644,100.0,HIGH PRIORITY,95th percentile prioritisation threshold,Spectral-stress evidence detected. Prioritise field inspection to determine the underlying cause. Field verification required.,662
upload_f3b95c9c-Z0658,upload_f3b95c9c,11,9900.0,356121.8181818182,5076556.363636363,85.14762171524092,45.82755451729907,1.8782317638397217,2.0507912635803223,1.8733901977539062,100.0,HIGH PRIORITY,95th percentile prioritisation threshold,Spectral-stress evidence detected. Prioritise field inspection to determine the underlying cause. Field verification required.,663
upload_f3b95c9c-Z0250,upload_f3b95c9c,20,18000.0,363360.0,5089164.0,85.23718003909725,45.942448677305,1.8779693841934204,2.0588696002960205,1.8696706295013428,100.0,HIGH PRIORITY,95th percentile prioritisation threshold,Spectral-stress evidence detected. Prioritise field inspection to determine the underlying cause. Field verification required.,664
upload_f3b95c9c-Z0757,upload_f3b95c9c,32,28800.0,378716.25,5073326.25,85.43920964347154,45.80283739040478,1.877420425415039,2.131835460662842,1.8686444759368896,100.0,HIGH PRIORITY,95th percentile prioritisation threshold,Spectral-stress evidence detected. Prioritise field inspection to determine the underlying cause. Field verification required.,665
upload_f3b95c9c-Z0694,upload_f3b95c9c,11,9900.0,377656.36363636365,5075574.545454546,85.42500500092876,45.822878733121186,1.8772941827774048,2.031299352645874,1.8576892614364624,100.0,HIGH PRIORITY,95th percentile prioritisation threshold,Spectral-stress evidence detected. Prioritise field inspection to determine the underlying cause. Field verification required.,666
upload_f3b95c9c-Z0492,upload_f3b95c9c,10,9000.0,357807.0,5081658.0,85.16779972895603,45.87379831268635,1.8770112991333008,2.143324613571167,1.7993534803390503,100.0,HIGH PRIORITY,95th percentile prioritisation threshold,Spectral-stress evidence detected. Prioritise field inspection to determine the underlying cause. Field verification required.,667
upload_f3b95c9c-Z0242,upload_f3b95c9c,28,25200.0,358611.4285714286,5089384.285714285,85.1758836495988,45.943469106806816,1.8764203786849976,2.1679909229278564,1.8703546524047852,100.0,HIGH PRIORITY,95th percentile prioritisation threshold,Spectral-stress evidence detected. Prioritise field inspection to determine the underlying cause. Field verification required.,668
upload_f3b95c9c-Z0006,upload_f3b95c9c,9,8100.0,366490.0,5098623.333333333,85.2749000182739,46.02816322266213,1.8762863874435425,2.2160706520080566,1.8813139200210571,100.0,HIGH PRIORITY,95th percentile prioritisation threshold,Spectral-stress evidence detected. Prioritise field inspection to determine the underlying cause. Field verification required.,669
upload_f3b95c9c-Z0303,upload_f3b95c9c,14,12600.0,358296.4285714286,5087764.285714285,85.17230077543243,45.92883088819053,1.8761423826217651,2.151320219039917,1.829226016998291,100.0,HIGH PRIORITY,95th percentile prioritisation threshold,Spectral-stress evidence detected. Prioritise field inspection to determine the underlying cause. Field verification required.,670
upload_f3b95c9c-Z0670,upload_f3b95c9c,14,12600.0,355210.71428571426,5076117.857142857,85.13602954886726,45.82341905204131,1.875760793685913,2.2686450481414795,1.8571072816848755,100.0,HIGH PRIORITY,95th percentile prioritisation threshold,Spectral-stress evidence detected. Prioritise field inspection to determine the underlying cause. Field verification required.,671
upload_f3b95c9c-Z0393,upload_f3b95c9c,13,11700.0,357906.92307692306,5085715.384615385,85.16788644774815,45.910318812453085,1.8755438327789307,2.1480040550231934,1.8900001049041748,100.0,HIGH PRIORITY,95th percentile prioritisation threshold,Spectral-stress evidence detected. Prioritise field inspection to determine the underlying cause. Field verification required.,672
upload_f3b95c9c-Z0066,upload_f3b95c9c,12,10800.0,360277.5,5094920.0,85.19575087896075,45.993609011685066,1.8747256994247437,2.2098910808563232,1.840498924255371,100.0,HIGH PRIORITY,95th percentile prioritisation threshold,Spectral-stress evidence detected. Prioritise field inspection to determine the underlying cause. Field verification required.,673
upload_f3b95c9c-Z0841,upload_f3b95c9c,22,19800.0,380472.2727272727,5067556.363636363,85.46322652365066,45.75122953024092,1.8744590282440186,2.127039670944214,1.8409545421600342,100.0,HIGH PRIORITY,95th percentile prioritisation threshold,Spectral-stress evidence detected. Prioritise field inspection to determine the underlying cause. Field verification required.,674
upload_f3b95c9c-Z0339,upload_f3b95c9c,24,21600.0,358741.25,5086940.0,85.1782779765838,45.92150729026906,1.8737678527832031,2.041322946548462,1.8645336627960205,100.0,HIGH PRIORITY,95th percentile prioritisation threshold,Spectral-stress evidence detected. Prioritise field inspection to determine the underlying cause. Field verification required.,675
upload_f3b95c9c-Z0634,upload_f3b95c9c,21,18900.0,377660.0,5077235.714285715,85.42463009537283,45.83782525715286,1.8737668991088867,2.0732481479644775,1.8663194179534912,100.0,HIGH PRIORITY,95th percentile prioritisation threshold,Spectral-stress evidence detected. Prioritise field inspection to determine the underlying cause. Field verification required.,676
upload_f3b95c9c-Z0680,upload_f3b95c9c,9,8100.0,354380.0,5075843.333333333,85.125423880761,45.82077456841848,1.8736915588378906,1.9907069206237793,1.8622407913208008,100.0,HIGH PRIORITY,95th percentile prioritisation threshold,Spectral-stress evidence detected. Prioritise field inspection to determine the underlying cause. Field verification required.,677
upload_f3b95c9c-Z0788,upload_f3b95c9c,21,18900.0,354668.5714285714,5071945.714285715,85.13031032903191,45.785773031402194,1.8736222982406616,2.1022305488586426,1.8583686351776123,100.0,HIGH PRIORITY,95th percentile prioritisation threshold,Spectral-stress evidence detected. Prioritise field inspection to determine the underlying cause. Field verification required.,678
upload_f3b95c9c-Z0268,upload_f3b95c9c,28,25200.0,359836.0714285714,5088740.357142857,85.19186367975264,45.93792741216075,1.8724597692489624,2.1467185020446777,1.8371503353118896,100.0,HIGH PRIORITY,95th percentile prioritisation threshold,Spectral-stress evidence detected. Prioritise field inspection to determine the underlying cause. Field verification required.,679
upload_f3b95c9c-Z0826,upload_f3b95c9c,16,14400.0,369020.625,5069767.5,85.31545488058552,45.76904789697997,1.8719781637191772,2.1224703788757324,1.8293187618255615,100.0,HIGH PRIORITY,95th percentile prioritisation threshold,Spectral-stress evidence detected. Prioritise field inspection to determine the underlying cause. Field verification required.,680
upload_f3b95c9c-Z0358,upload_f3b95c9c,14,12600.0,364750.71428571426,5086474.285714285,85.25587230017277,45.918526572401966,1.870605230331421,2.1362414360046387,1.8636319637298584,100.0,HIGH PRIORITY,95th percentile prioritisation threshold,Spectral-stress evidence detected. Prioritise field inspection to determine the underlying cause. Field verification required.,681
upload_f3b95c9c-Z0863,upload_f3b95c9c,60,54000.0,380202.5,5065156.0,85.46035317298727,45.72958556127548,1.8703025579452515,2.4088094234466553,1.8271607160568237,100.0,HIGH PRIORITY,95th percentile prioritisation threshold,Spectral-stress evidence detected. Prioritise field inspection to determine the underlying cause. Field verification required.,682
upload_f3b95c9c-Z0098,upload_f3b95c9c,26,23400.0,359192.3076923077,5093874.230769231,85.18205291645828,45.98397941229942,1.8688828945159912,2.2643871307373047,1.7964227199554443,100.0,HIGH PRIORITY,95th percentile prioritisation threshold,Spectral-stress evidence detected. Prioritise field inspection to determine the underlying cause. Field verification required.,683
upload_f3b95c9c-Z0514,upload_f3b95c9c,11,9900.0,358175.45454545453,5081023.636363637,85.17273201260234,45.86816761102,1.8687974214553833,2.1375651359558105,1.8217861652374268,100.0,HIGH PRIORITY,95th percentile prioritisation threshold,Spectral-stress evidence detected. Prioritise field inspection to determine the underlying cause. Field verification required.,684
upload_f3b95c9c-Z0127,upload_f3b95c9c,57,51300.0,360700.5263157895,5092296.315789473,85.20197516591907,45.97009261592594,1.8683648109436035,2.162696599960327,1.8354545831680298,100.0,HIGH PRIORITY,95th percentile prioritisation threshold,Spectral-stress evidence detected. Prioritise field inspection to determine the underlying cause. Field verification required.,685
upload_f3b95c9c-Z0495,upload_f3b95c9c,9,8100.0,359540.0,5081470.0,85.19017354495381,45.872462851792996,1.8681055307388306,2.1066155433654785,1.8555988073349,100.0,HIGH PRIORITY,95th percentile prioritisation threshold,Spectral-stress evidence detected. Prioritise field inspection to determine the underlying cause. Field verification required.,686
upload_f3b95c9c-Z0712,upload_f3b95c9c,23,20700.0,354173.47826086957,5074977.391304348,85.12302858091331,45.81294109166414,1.8676669597625732,2.1148064136505127,1.86177659034729,100.0,HIGH PRIORITY,95th percentile prioritisation threshold,Spectral-stress evidence detected. Prioritise field inspection to determine the underlying cause. Field verification required.,687
upload_f3b95c9c-Z0552,upload_f3b95c9c,9,8100.0,359170.0,5079743.333333333,85.1859139794026,45.85685409750514,1.8670976161956787,2.135411500930786,1.8082311153411865,100.0,HIGH PRIORITY,95th percentile prioritisation threshold,Spectral-stress evidence detected. Prioritise field inspection to determine the underlying cause. Field verification required.,688
upload_f3b95c9c-Z0395,upload_f3b95c9c,16,14400.0,364222.5,5085721.875,85.24927677301717,45.91165353499297,1.8655635118484497,2.050734519958496,1.864306092262268,100.0,HIGH PRIORITY,95th percentile prioritisation threshold,Spectral-stress evidence detected. Prioritise field inspection to determine the underlying cause. Field verification required.,689
upload_f3b95c9c-Z0050,upload_f3b95c9c,9,8100.0,361476.6666666667,5095826.666666667,85.21096523170947,46.002008711743024,1.8652386665344238,2.0034844875335693,1.8518868684768677,100.0,HIGH PRIORITY,95th percentile prioritisation threshold,Spectral-stress evidence detected. Prioritise field inspection to determine the underlying cause. Field verification required.,690
upload_f3b95c9c-Z0557,upload_f3b95c9c,19,17100.0,359665.2631578947,5079473.684210527,85.19236906431267,45.85452939631908,1.8643614053726196,2.047617197036743,1.8349792957305908,100.0,HIGH PRIORITY,95th percentile prioritisation threshold,Spectral-stress evidence detected. Prioritise field inspection to determine the underlying cause. Field verification required.,691
upload_f3b95c9c-Z0105,upload_f3b95c9c,23,20700.0,358986.52173913043,5093681.739130435,85.17945417980825,45.98220550606915,1.863368272781372,2.2604265213012695,1.8112194538116455,100.0,HIGH PRIORITY,95th percentile prioritisation threshold,Spectral-stress evidence detected. Prioritise field inspection to determine the underlying cause. Field verification required.,692
upload_f3b95c9c-Z0132,upload_f3b95c9c,12,10800.0,361260.0,5092240.0,85.20920939441677,45.969699366611884,1.8626989126205444,2.1655991077423096,1.8105803728103638,100.0,HIGH PRIORITY,95th percentile prioritisation threshold,Spectral-stress evidence detected. Prioritise field inspection to determine the underlying cause. Field verification required.,693
upload_f3b95c9c-Z0196,upload_f3b95c9c,14,12600.0,360694.28571428574,5090468.571428572,85.20242664934713,45.95364902019339,1.8618524074554443,2.012331962585449,1.8476417064666748,100.0,HIGH PRIORITY,95th percentile prioritisation threshold,Spectral-stress evidence detected. Prioritise field inspection to determine the underlying cause. Field verification required.,694
upload_f3b95c9c-Z0806,upload_f3b95c9c,14,12600.0,354355.71428571426,5070640.714285715,85.12668091220243,45.77396749602409,1.8617172241210938,2.0016281604766846,1.828357219696045,100.0,HIGH PRIORITY,95th percentile prioritisation threshold,Spectral-stress evidence detected. Prioritise field inspection to determine the underlying cause. Field verification required.,695
upload_f3b95c9c-Z0133,upload_f3b95c9c,12,10800.0,361490.0,5092207.5,85.21218607138137,45.96945346870494,1.8612719774246216,2.162553310394287,1.8274343013763428,100.0,HIGH PRIORITY,95th percentile prioritisation threshold,Spectral-stress evidence detected. Prioritise field inspection to determine the underlying cause. Field verification required.,696
upload_f3b95c9c-Z0095,upload_f3b95c9c,9,8100.0,361556.6666666667,5094000.0,85.21252720902773,45.98559224525868,1.8609555959701538,1.9563790559768677,1.8667290210723877,100.0,HIGH PRIORITY,95th percentile prioritisation threshold,Spectral-stress evidence detected. Prioritise field inspection to determine the underlying cause. Field verification required.,697
upload_f3b95c9c-Z0257,upload_f3b95c9c,12,10800.0,363845.0,5089010.0,85.24347790439394,45.94115959303894,1.860782504081726,2.0270497798919678,1.8458937406539917,100.0,HIGH PRIORITY,95th percentile prioritisation threshold,Spectral-stress evidence detected. Prioritise field inspection to determine the underlying cause. Field verification required.,698
upload_f3b95c9c-Z0163,upload_f3b95c9c,60,54000.0,361390.0,5091216.0,85.21118315937812,45.96051373292577,1.8604954481124878,2.270810127258301,1.8267366886138916,100.0,HIGH PRIORITY,95th percentile prioritisation threshold,Spectral-stress evidence detected. Prioritise field inspection to determine the underlying cause. Field verification required.,699
upload_f3b95c9c-Z0846,upload_f3b95c9c,9,8100.0,380326.6666666667,5067443.333333333,85.46138309170269,45.750187349400925,1.8604823350906372,1.9976692199707031,1.8504507541656494,100.0,HIGH PRIORITY,95th percentile prioritisation threshold,Spectral-stress evidence detected. Prioritise field inspection to determine the underlying cause. Field verification required.,700
upload_f3b95c9c-Z0415,upload_f3b95c9c,10,9000.0,362310.0,5084757.0,85.22490555777004,45.90259297337783,1.8599393367767334,2.117339611053467,1.8426965475082397,100.0,HIGH PRIORITY,95th percentile prioritisation threshold,Spectral-stress evidence detected. Prioritise field inspection to determine the underlying cause. Field verification required.,701
upload_f3b95c9c-Z0684,upload_f3b95c9c,24,21600.0,354705.0,5075721.25,85.12964215794928,45.81974487578378,1.8588050603866577,2.218099355697632,1.8100011348724365,100.0,HIGH PRIORITY,95th percentile prioritisation threshold,Spectral-stress evidence detected. Prioritise field inspection to determine the underlying cause. Field verification required.,702
upload_f3b95c9c-Z0564,upload_f3b95c9c,18,16200.0,358445.0,5079350.0,85.17669542009202,45.853167049667896,1.8587976694107056,2.1121182441711426,1.822610855102539,100.0,HIGH PRIORITY,95th percentile prioritisation threshold,Spectral-stress evidence detected. Prioritise field inspection to determine the underlying cause. Field verification required.,703
upload_f3b95c9c-Z0736,upload_f3b95c9c,10,9000.0,378426.0,5074041.0,85.435295768484,45.80921712737382,1.858054757118225,1.9095872640609741,1.8562935590744019,100.0,HIGH PRIORITY,95th percentile prioritisation threshold,Spectral-stress evidence detected. Prioritise field inspection to determine the underlying cause. Field verification required.,704
upload_f3b95c9c-Z0827,upload_f3b95c9c,96,86400.0,370080.3125,5069523.4375,85.3291433802466,45.76705218883502,1.8580350875854492,2.197800397872925,1.8376260995864868,100.0,HIGH PRIORITY,95th percentile prioritisation threshold,Spectral-stress evidence detected. Prioritise field inspection to determine the underlying cause. Field verification required.,705
upload_f3b95c9c-Z0161,upload_f3b95c9c,17,15300.0,358980.0,5091360.0,85.18005447531442,45.96131817074317,1.8576288223266602,2.060579299926758,1.84291410446167,100.0,HIGH PRIORITY,95th percentile prioritisation threshold,Spectral-stress evidence detected. Prioritise field inspection to determine the underlying cause. Field verification required.,706
upload_f3b95c9c-Z0362,upload_f3b95c9c,13,11700.0,356956.1538461539,5086410.0,85.15542679468685,45.916370279596315,1.8569878339767456,2.127890110015869,1.8324296474456787,100.0,HIGH PRIORITY,95th percentile prioritisation threshold,Spectral-stress evidence detected. Prioritise field inspection to determine the underlying cause. Field verification required.,707
upload_f3b95c9c-Z0279,upload_f3b95c9c,9,8100.0,363480.0,5088403.333333333,85.23894415927596,45.9356294472872,1.8559733629226685,2.027198314666748,1.8324283361434937,100.0,HIGH PRIORITY,95th percentile prioritisation threshold,Spectral-stress evidence detected. Prioritise field inspection to determine the underlying cause. Field verification required.,708
upload_f3b95c9c-Z0253,upload_f3b95c9c,11,9900.0,363654.54545454547,5089060.909090909,85.24100755275786,45.94157979543119,1.855209469795227,1.971933126449585,1.8180291652679443,100.0,HIGH PRIORITY,95th percentile prioritisation threshold,Spectral-stress evidence detected. Prioritise field inspection to determine the underlying cause. Field verification required.,709
upload_f3b95c9c-Z0347,upload_f3b95c9c,25,22500.0,358326.0,5086659.6,85.17300833797238,45.91889936471046,1.8549432754516602,2.0975427627563477,1.8421497344970703,100.0,HIGH PRIORITY,95th percentile prioritisation threshold,Spectral-stress evidence detected. Prioritise field inspection to determine the underlying cause. Field verification required.,710
upload_f3b95c9c-Z0766,upload_f3b95c9c,9,8100.0,357613.3333333333,5072983.333333333,85.16786902536496,45.795721057715,1.854644536972046,2.055635452270508,1.8741146326065063,100.0,HIGH PRIORITY,95th percentile prioritisation threshold,Spectral-stress evidence detected. Prioritise field inspection to determine the underlying cause. Field verification required.,711
upload_f3b95c9c-Z0295,upload_f3b95c9c,291,261900.0,386509.58762886596,5087453.298969072,85.53613391862139,45.93127300096078,1.8546087741851807,1.9833221435546875,1.8552806377410889,100.0,HIGH PRIORITY,95th percentile prioritisation threshold,Spectral-stress evidence detected. Prioritise field inspection to determine the underlying cause. Field verification required.,712
upload_f3b95c9c-Z0208,upload_f3b95c9c,18,16200.0,359948.3333333333,5090213.333333333,85.19288051199516,45.951201132256145,1.8536256551742554,2.0292224884033203,1.86295485496521,100.0,HIGH PRIORITY,95th percentile prioritisation threshold,Spectral-stress evidence detected. Prioritise field inspection to determine the underlying cause. Field verification required.,713
upload_f3b95c9c-Z0293,upload_f3b95c9c,206,185400.0,386260.33980582526,5087538.203883495,85.53289989253385,45.93199571025245,1.8533257246017456,1.9390685558319092,1.8583635091781616,100.0,HIGH PRIORITY,95th percentile prioritisation threshold,Spectral-stress evidence detected. Prioritise field inspection to determine the underlying cause. Field verification required.,714
upload_f3b95c9c-Z0416,upload_f3b95c9c,10,9000.0,361611.0,5084583.0,85.21594863584478,45.90088733534595,1.8516651391983032,1.9642482995986938,1.836239218711853,100.0,HIGH PRIORITY,95th percentile prioritisation threshold,Spectral-stress evidence detected. Prioritise field inspection to determine the underlying cause. Field verification required.,715
upload_f3b95c9c-Z0622,upload_f3b95c9c,48,43200.0,359371.25,5077498.75,85.18916057680725,45.83670275801499,1.8515006303787231,2.046903610229492,1.8181073665618896,100.0,HIGH PRIORITY,95th percentile prioritisation threshold,Spectral-stress evidence detected. Prioritise field inspection to determine the underlying cause. Field verification required.,716
upload_f3b95c9c-Z0290,upload_f3b95c9c,194,174600.0,385955.25773195876,5087391.958762887,85.52900081763622,45.9306292912732,1.8514004945755005,1.9530439376831055,1.8552830219268799,100.0,HIGH PRIORITY,95th percentile prioritisation threshold,Spectral-stress evidence detected. Prioritise field inspection to determine the underlying cause. Field verification required.,717
upload_f3b95c9c-Z0605,upload_f3b95c9c,10,9000.0,357546.0,5078100.0,85.16549160927859,45.84173677264971,1.8507802486419678,2.098428249359131,1.8319923877716064,100.0,HIGH PRIORITY,95th percentile prioritisation threshold,Spectral-stress evidence detected. Prioritise field inspection to determine the underlying cause. Field verification required.,718
upload_f3b95c9c-Z0816,upload_f3b95c9c,27,24300.0,368982.22222222225,5070032.222222222,85.31488945312675,45.77142227060798,1.8500487804412842,2.0697219371795654,1.8248882293701172,100.0,HIGH PRIORITY,95th percentile prioritisation threshold,Spectral-stress evidence detected. Prioritise field inspection to determine the underlying cause. Field verification required.,719
upload_f3b95c9c-Z0547,upload_f3b95c9c,11,9900.0,374151.8181818182,5079921.818181818,85.37877117469517,45.861360415483254,1.8495417833328247,1.9403854608535767,1.8589056730270386,100.0,HIGH PRIORITY,95th percentile prioritisation threshold,Spectral-stress evidence detected. Prioritise field inspection to determine the underlying cause. Field verification required.,720
upload_f3b95c9c-Z0284,upload_f3b95c9c,9,8100.0,360266.6666666667,5088216.666666667,85.19756832340033,45.93330403703614,1.8494877815246582,2.030540943145752,1.8258384466171265,100.0,HIGH PRIORITY,95th percentile prioritisation threshold,Spectral-stress evidence detected. Prioritise field inspection to determine the underlying cause. Field verification required.,721
upload_f3b95c9c-Z0671,upload_f3b95c9c,59,53100.0,374714.23728813557,5076031.525423729,85.38702566069189,45.826461935894606,1.8491315841674805,2.086080551147461,1.835510492324829,100.0,HIGH PRIORITY,95th percentile prioritisation threshold,Spectral-stress evidence detected. Prioritise field inspection to determine the underlying cause. Field verification required.,722
upload_f3b95c9c-Z0822,upload_f3b95c9c,176,158400.0,373997.7272727273,5069500.3977272725,85.37950936759304,45.76757044127923,1.8484348058700562,2.254056692123413,1.8132996559143066,100.0,HIGH PRIORITY,95th percentile prioritisation threshold,Spectral-stress evidence detected. Prioritise field inspection to determine the underlying cause. Field verification required.,723
upload_f3b95c9c-Z0308,upload_f3b95c9c,29,26100.0,358672.7586206897,5087581.0344827585,85.17720622444945,45.927259892756055,1.8470971584320068,2.1509547233581543,1.8185086250305176,100.0,HIGH PRIORITY,95th percentile prioritisation threshold,Spectral-stress evidence detected. Prioritise field inspection to determine the underlying cause. Field verification required.,724
upload_f3b95c9c-Z0738,upload_f3b95c9c,1379,1241100.0,374217.06308919506,5073306.983321248,85.38133793512819,45.8018586014059,1.844863772392273,2.1186225414276123,1.8406271934509277,100.0,HIGH PRIORITY,95th percentile prioritisation threshold,Spectral-stress evidence detected. Prioritise field inspection to determine the underlying cause. Field verification required.,725
upload_f3b95c9c-Z0638,upload_f3b95c9c,9,8100.0,356510.0,5077113.333333333,85.15245095816584,45.832645871200185,1.8443444967269897,1.9753700494766235,1.8261793851852417,100.0,HIGH PRIORITY,95th percentile prioritisation threshold,Spectral-stress evidence detected. Prioritise field inspection to determine the underlying cause. Field verification required.,726
upload_f3b95c9c-Z0244,upload_f3b95c9c,12,10800.0,363090.0,5089232.5,85.23367881306538,45.94301113812457,1.8430705070495605,2.0470328330993652,1.842411994934082,100.0,HIGH PRIORITY,95th percentile prioritisation threshold,Spectral-stress evidence detected. Prioritise field inspection to determine the underlying cause. Field verification required.,727
upload_f3b95c9c-Z0689,upload_f3b95c9c,25,22500.0,378711.6,5075510.4,85.43860063981118,45.8224880145669,1.8429958820343018,1.9990135431289673,1.8373820781707764,100.0,HIGH PRIORITY,95th percentile prioritisation threshold,Spectral-stress evidence detected. Prioritise field inspection to determine the underlying cause. Field verification required.,728
upload_f3b95c9c-Z0197,upload_f3b95c9c,50,45000.0,360958.2,5090318.4,85.20587406218846,45.952351584047385,1.842928171157837,2.043330669403076,1.8393402099609375,100.0,HIGH PRIORITY,95th percentile prioritisation threshold,Spectral-stress evidence detected. Prioritise field inspection to determine the underlying cause. Field verification required.,729
upload_f3b95c9c-Z0720,upload_f3b95c9c,146,131400.0,377093.4246575342,5074593.493150685,85.4180108154729,45.813951906502496,1.8418662548065186,2.0486936569213867,1.8279750347137451,100.0,HIGH PRIORITY,95th percentile prioritisation threshold,Spectral-stress evidence detected. Prioritise field inspection to determine the underlying cause. Field verification required.,730
upload_f3b95c9c-Z0758,upload_f3b95c9c,27,24300.0,375471.1111111111,5073326.666666667,85.39746440640108,45.80226313937894,1.840354323387146,1.9633005857467651,1.8160769939422607,100.0,HIGH PRIORITY,95th percentile prioritisation threshold,Spectral-stress evidence detected. Prioritise field inspection to determine the underlying cause. Field verification required.,731
upload_f3b95c9c-Z0399,upload_f3b95c9c,11,9900.0,386770.90909090906,5085537.2727272725,85.53995587045925,45.9140766020762,1.840345859527588,1.8966470956802368,1.8461004495620728,100.0,HIGH PRIORITY,95th percentile prioritisation threshold,Spectral-stress evidence detected. Prioritise field inspection to determine the underlying cause. Field verification required.,732
upload_f3b95c9c-Z0216,upload_f3b95c9c,19,17100.0,360393.15789473685,5090032.105263158,85.19867014351335,45.94966141101301,1.8401131629943848,2.011728525161743,1.8457016944885254,100.0,HIGH PRIORITY,95th percentile prioritisation threshold,Spectral-stress evidence detected. Prioritise field inspection to determine the underlying cause. Field verification required.,733
upload_f3b95c9c-Z0135,upload_f3b95c9c,16,14400.0,358741.875,5092130.625,85.17675542623296,45.968201615824164,1.839590311050415,2.084918737411499,1.8190308809280396,100.0,HIGH PRIORITY,95th percentile prioritisation threshold,Spectral-stress evidence detected. Prioritise field inspection to determine the underlying cause. Field verification required.,734
upload_f3b95c9c-Z0356,upload_f3b95c9c,17,15300.0,386851.76470588235,5086484.117647059,85.54077478552327,45.92260920163171,1.8382728099822998,1.8870036602020264,1.8549225330352783,100.0,HIGH PRIORITY,95th percentile prioritisation threshold,Spectral-stress evidence detected. Prioritise field inspection to determine the underlying cause. Field verification required.,735
upload_f3b95c9c-Z0584,upload_f3b95c9c,11,9900.0,360722.7272727273,5078743.636363637,85.20619454032351,45.848176393323456,1.8377314805984497,1.9196161031723022,1.842793583869934,100.0,HIGH PRIORITY,95th percentile prioritisation threshold,Spectral-stress evidence detected. Prioritise field inspection to determine the underlying cause. Field verification required.,736
upload_f3b95c9c-Z0574,upload_f3b95c9c,9,8100.0,372983.3333333333,5079073.333333333,85.36394838746774,45.853512159034786,1.8376966714859009,2.125206708908081,1.7967381477355957,100.0,HIGH PRIORITY,95th percentile prioritisation threshold,Spectral-stress evidence detected. Prioritise field inspection to determine the underlying cause. Field verification required.,737
upload_f3b95c9c-Z0665,upload_f3b95c9c,9,8100.0,355650.0,5076240.0,85.14164518909756,45.82460993034408,1.8376295566558838,1.9824180603027344,1.8256736993789673,100.0,HIGH PRIORITY,95th percentile prioritisation threshold,Spectral-stress evidence detected. Prioritise field inspection to determine the underlying cause. Field verification required.,738
upload_f3b95c9c-Z0786,upload_f3b95c9c,18,16200.0,383186.6666666667,5072093.333333333,85.49701701010758,45.79251541518134,1.837371826171875,1.9168580770492554,1.8545668125152588,100.0,HIGH PRIORITY,95th percentile prioritisation threshold,Spectral-stress evidence detected. Prioritise field inspection to determine the underlying cause. Field verification required.,739
upload_f3b95c9c-Z0721,upload_f3b95c9c,50,45000.0,381996.0,5074637.4,85.48108058775593,45.81520310866518,1.8366270065307617,2.0077831745147705,1.8438374996185303,100.0,HIGH PRIORITY,95th percentile prioritisation threshold,Spectral-stress evidence detected. Prioritise field inspection to determine the underlying cause. Field verification required.,740
upload_f3b95c9c-Z0181,upload_f3b95c9c,17,15300.0,359195.29411764705,5090752.94117647,85.18301012063056,45.95590134978852,1.8351490497589111,1.9385344982147217,1.850345253944397,100.0,HIGH PRIORITY,95th percentile prioritisation threshold,Spectral-stress evidence detected. Prioritise field inspection to determine the underlying cause. Field verification required.,741
upload_f3b95c9c-Z0134,upload_f3b95c9c,16,14400.0,362199.375,5092213.125,85.22133621136388,45.96964691651545,1.834371566772461,2.003308057785034,1.7933077812194824,100.0,HIGH PRIORITY,95th percentile prioritisation threshold,Spectral-stress evidence detected. Prioritise field inspection to determine the underlying cause. Field verification required.,742
upload_f3b95c9c-Z0228,upload_f3b95c9c,26,23400.0,357988.8461538461,5089725.0,85.16775458081612,45.94640564542276,1.8343291282653809,2.066906690597534,1.8005887269973755,100.0,HIGH PRIORITY,95th percentile prioritisation threshold,Spectral-stress evidence detected. Prioritise field inspection to determine the underlying cause. Field verification required.,743
upload_f3b95c9c-Z0761,upload_f3b95c9c,21,18900.0,375638.5714285714,5073287.142857143,85.39962875138579,45.80193773793201,1.8318341970443726,1.9441183805465698,1.836118221282959,100.0,HIGH PRIORITY,95th percentile prioritisation threshold,Spectral-stress evidence detected. Prioritise field inspection to determine the underlying cause. Field verification required.,744
upload_f3b95c9c-Z0633,upload_f3b95c9c,15,13500.0,359218.0,5077264.0,85.18725680740344,45.83455964071651,1.8306500911712646,1.949710488319397,1.8157161474227905,100.0,HIGH PRIORITY,95th percentile prioritisation threshold,Spectral-stress evidence detected. Prioritise field inspection to determine the underlying cause. Field verification required.,745
upload_f3b95c9c-Z0142,upload_f3b95c9c,10,9000.0,359859.0,5091996.0,85.19120649329345,45.96721962667691,1.8306461572647095,2.004802942276001,1.7908873558044434,100.0,HIGH PRIORITY,95th percentile prioritisation threshold,Spectral-stress evidence detected. Prioritise field inspection to determine the underlying cause. Field verification required.,746
upload_f3b95c9c-Z0809,upload_f3b95c9c,14,12600.0,373680.0,5070387.857142857,85.37519290131905,45.7754969673201,1.8300241231918335,2.037224292755127,1.8220977783203125,100.0,HIGH PRIORITY,95th percentile prioritisation threshold,Spectral-stress evidence detected. Prioritise field inspection to determine the underlying cause. Field verification required.,747
upload_f3b95c9c-Z0094,upload_f3b95c9c,19,17100.0,360846.3157894737,5093987.368421053,85.20336394109091,45.98533482533331,1.8295358419418335,2.017817735671997,1.817196011543274,100.0,HIGH PRIORITY,95th percentile prioritisation threshold,Spectral-stress evidence detected. Prioritise field inspection to determine the underlying cause. Field verification required.,748
upload_f3b95c9c-Z0201,upload_f3b95c9c,20,18000.0,360583.5,5090290.5,85.20104965233843,45.95202460300556,1.8278496265411377,2.0467514991760254,1.8008596897125244,100.0,HIGH PRIORITY,95th percentile prioritisation threshold,Spectral-stress evidence detected. Prioritise field inspection to determine the underlying cause. Field verification required.,749
upload_f3b95c9c-Z0840,upload_f3b95c9c,40,36000.0,376106.25,5067676.5,85.40708313252625,45.7515417269761,1.827654480934143,1.9691647291183472,1.818699836730957,100.0,HIGH PRIORITY,95th percentile prioritisation threshold,Spectral-stress evidence detected. Prioritise field inspection to determine the underlying cause. Field verification required.,750
upload_f3b95c9c-Z0715,upload_f3b95c9c,17,15300.0,353924.1176470588,5074914.705882353,85.11983972158065,45.81232442871766,1.8275407552719116,2.0766654014587402,1.7828209400177002,100.0,HIGH PRIORITY,95th percentile prioritisation threshold,Spectral-stress evidence detected. Prioritise field inspection to determine the underlying cause. Field verification required.,751
upload_f3b95c9c-Z0861,upload_f3b95c9c,30,27000.0,378147.0,5065519.0,85.43385430116804,45.732492617692635,1.8262046575546265,1.9667502641677856,1.8113443851470947,100.0,HIGH PRIORITY,95th percentile prioritisation threshold,Spectral-stress evidence detected. Prioritise field inspection to determine the underlying cause. Field verification required.,752
upload_f3b95c9c-Z0728,upload_f3b95c9c,15,13500.0,379500.0,5074176.0,85.4490797035495,45.810620196939176,1.8261784315109253,1.9546061754226685,1.8059898614883423,100.0,HIGH PRIORITY,95th percentile prioritisation threshold,Spectral-stress evidence detected. Prioritise field inspection to determine the underlying cause. Field verification required.,753
upload_f3b95c9c-Z0300,upload_f3b95c9c,22,19800.0,363797.7272727273,5087841.818181818,85.24320032341019,45.930641012751394,1.8261154890060425,1.938309669494629,1.824171781539917,100.0,HIGH PRIORITY,95th percentile prioritisation threshold,Spectral-stress evidence detected. Prioritise field inspection to determine the underlying cause. Field verification required.,754
upload_f3b95c9c-Z0853,upload_f3b95c9c,28,25200.0,373774.28571428574,5066662.5,85.37737723379536,45.74199675986432,1.8256614208221436,2.0669772624969482,1.8086684942245483,100.0,HIGH PRIORITY,95th percentile prioritisation threshold,Spectral-stress evidence detected. Prioritise field inspection to determine the underlying cause. Field verification required.,755
upload_f3b95c9c-Z0456,upload_f3b95c9c,10,9000.0,363465.0,5083032.0,85.24027900975453,45.887304718407165,1.8256218433380127,2.02886962890625,1.814631462097168,100.0,HIGH PRIORITY,95th percentile prioritisation threshold,Spectral-stress evidence detected. Prioritise field inspection to determine the underlying cause. Field verification required.,756
upload_f3b95c9c-Z0179,upload_f3b95c9c,28,25200.0,360148.9285714286,5090781.428571428,85.19530160959411,45.95635257902573,1.8252747058868408,2.0563290119171143,1.818434238433838,100.0,HIGH PRIORITY,95th percentile prioritisation threshold,Spectral-stress evidence detected. Prioritise field inspection to determine the underlying cause. Field verification required.,757
upload_f3b95c9c-Z0487,upload_f3b95c9c,13,11700.0,358781.53846153844,5081695.384615385,85.18033954947944,45.87433523981645,1.8244448900222778,1.9943740367889404,1.8227211236953735,100.0,HIGH PRIORITY,95th percentile prioritisation threshold,Spectral-stress evidence detected. Prioritise field inspection to determine the underlying cause. Field verification required.,758
upload_f3b95c9c-Z0819,upload_f3b95c9c,63,56700.0,373897.14285714284,5069891.904761905,85.37811418036267,45.77107451691361,1.8234606981277466,1.9673906564712524,1.8119924068450928,100.0,HIGH PRIORITY,95th percentile prioritisation threshold,Spectral-stress evidence detected. Prioritise field inspection to determine the underlying cause. Field verification required.,759
upload_f3b95c9c-Z0695,upload_f3b95c9c,21,18900.0,381002.85714285716,5075484.285714285,85.46809269745485,45.82265226017099,1.8230482339859009,2.1187784671783447,1.7853429317474365,100.0,HIGH PRIORITY,95th percentile prioritisation threshold,Spectral-stress evidence detected. Prioritise field inspection to determine the underlying cause. Field verification required.,760
upload_f3b95c9c-Z0697,upload_f3b95c9c,20,18000.0,357508.5,5075443.5,85.16579433438515,45.81783116485102,1.8229360580444336,1.9768660068511963,1.8116137981414795,100.0,HIGH PRIORITY,95th percentile prioritisation threshold,Spectral-stress evidence detected. Prioritise field inspection to determine the underlying cause. Field verification required.,761
upload_f3b95c9c-Z0145,upload_f3b95c9c,15,13500.0,358490.0,5091856.0,85.17358732011412,45.96567923762272,1.8226040601730347,1.9818092584609985,1.8062829971313477,100.0,HIGH PRIORITY,95th percentile prioritisation threshold,Spectral-stress evidence detected. Prioritise field inspection to determine the underlying cause. Field verification required.,762
upload_f3b95c9c-Z0679,upload_f3b95c9c,25,22500.0,377785.2,5075761.2,85.426615629281,45.824580952425336,1.8223333358764648,2.0034596920013428,1.802351713180542,100.0,HIGH PRIORITY,95th percentile prioritisation threshold,Spectral-stress evidence detected. Prioritise field inspection to determine the underlying cause. Field verification required.,763
upload_f3b95c9c-Z0845,upload_f3b95c9c,9,8100.0,382536.6666666667,5067476.666666667,85.48977848339872,45.75086632184852,1.8216910362243652,2.150181531906128,1.7829245328903198,100.0,HIGH PRIORITY,95th percentile prioritisation threshold,Spectral-stress evidence detected. Prioritise field inspection to determine the underlying cause. Field verification required.,764
upload_f3b95c9c-Z0312,upload_f3b95c9c,11,9900.0,363995.45454545453,5087590.909090909,85.24582066981675,45.92842294838201,1.8210464715957642,1.9204257726669312,1.849798321723938,100.0,HIGH PRIORITY,95th percentile prioritisation threshold,Spectral-stress evidence detected. Prioritise field inspection to determine the underlying cause. Field verification required.,765
upload_f3b95c9c-Z0252,upload_f3b95c9c,14,12600.0,360141.4285714286,5089088.571428572,85.19569922004256,45.941122184303744,1.8206120729446411,1.965220332145691,1.8001132011413574,100.0,HIGH PRIORITY,95th percentile prioritisation threshold,Spectral-stress evidence detected. Prioritise field inspection to determine the underlying cause. Field verification required.,766
upload_f3b95c9c-Z0325,upload_f3b95c9c,13,11700.0,359808.46153846156,5087256.923076923,85.19194150706532,45.92457685763752,1.8200467824935913,1.953229308128357,1.8069689273834229,100.0,HIGH PRIORITY,95th percentile prioritisation threshold,Spectral-stress evidence detected. Prioritise field inspection to determine the underlying cause. Field verification required.,767
upload_f3b95c9c-Z0403,upload_f3b95c9c,62,55800.0,386742.5806451613,5085149.516129033,85.53968223043852,45.91058307362095,1.8197101354599,1.9012233018875122,1.828075647354126,100.0,HIGH PRIORITY,95th percentile prioritisation threshold,Spectral-stress evidence detected. Prioritise field inspection to determine the underlying cause. Field verification required.,768
upload_f3b95c9c-Z0318,upload_f3b95c9c,39,35100.0,364174.6153846154,5087395.384615385,85.24818577176305,45.92669940391289,1.817217469215393,2.086902618408203,1.7926154136657715,100.0,HIGH PRIORITY,95th percentile prioritisation threshold,Spectral-stress evidence detected. Prioritise field inspection to determine the underlying cause. Field verification required.,769
upload_f3b95c9c-Z0152,upload_f3b95c9c,11,9900.0,359307.2727272727,5091662.7272727275,85.18418697709987,45.964108639117995,1.8170567750930786,1.9581204652786255,1.8160996437072754,100.0,HIGH PRIORITY,95th percentile prioritisation threshold,Spectral-stress evidence detected. Prioritise field inspection to determine the underlying cause. Field verification required.,770
upload_f3b95c9c-Z0106,upload_f3b95c9c,11,9900.0,359427.2727272727,5093697.2727272725,85.1851370062922,45.9824357308383,1.8150168657302856,1.953700065612793,1.8129065036773682,100.0,HIGH PRIORITY,95th percentile prioritisation threshold,Spectral-stress evidence detected. Prioritise field inspection to determine the underlying cause. Field verification required.,771
upload_f3b95c9c-Z0848,upload_f3b95c9c,31,27900.0,372205.1612903226,5067288.387096774,85.35704934934714,45.74733968995378,1.8145616054534912,2.0321109294891357,1.8042079210281372,100.0,HIGH PRIORITY,95th percentile prioritisation threshold,Spectral-stress evidence detected. Prioritise field inspection to determine the underlying cause. Field verification required.,772
upload_f3b95c9c-Z0109,upload_f3b95c9c,20,18000.0,359928.0,5093389.5,85.19168854228423,45.97976950015003,1.8144986629486084,1.9735807180404663,1.797412395477295,100.0,HIGH PRIORITY,95th percentile prioritisation threshold,Spectral-stress evidence detected. Prioritise field inspection to determine the underlying cause. Field verification required.,773
upload_f3b95c9c-Z0820,upload_f3b95c9c,104,93600.0,374627.3076923077,5069826.346153846,85.38751851035701,45.77061757906675,1.8143292665481567,2.0206754207611084,1.8050909042358398,100.0,HIGH PRIORITY,95th percentile prioritisation threshold,Spectral-stress evidence detected. Prioritise field inspection to determine the underlying cause. Field verification required.,774
upload_f3b95c9c-Z0289,upload_f3b95c9c,190,171000.0,385764.3157894737,5087340.947368421,85.52655094397274,45.9301385929287,1.8142263889312744,1.9194533824920654,1.8183865547180176,100.0,HIGH PRIORITY,95th percentile prioritisation threshold,Spectral-stress evidence detected. Prioritise field inspection to determine the underlying cause. Field verification required.,775
upload_f3b95c9c-Z0718,upload_f3b95c9c,30,27000.0,381690.0,5074831.0,85.4770957402594,45.81689259545938,1.8128377199172974,1.9544528722763062,1.7863359451293945,100.0,HIGH PRIORITY,95th percentile prioritisation threshold,Spectral-stress evidence detected. Prioritise field inspection to determine the underlying cause. Field verification required.,776
upload_f3b95c9c-Z0559,upload_f3b95c9c,11,9900.0,373006.36363636365,5079548.181818182,85.36411961421148,45.8577885691489,1.8124903440475464,1.904738426208496,1.8115912675857544,100.0,HIGH PRIORITY,95th percentile prioritisation threshold,Spectral-stress evidence detected. Prioritise field inspection to determine the underlying cause. Field verification required.,777
upload_f3b95c9c-Z0704,upload_f3b95c9c,10,9000.0,358404.0,5075334.0,85.17734779325298,45.81703052072437,1.812300682067871,1.9346814155578613,1.805635929107666,100.0,HIGH PRIORITY,95th percentile prioritisation threshold,Spectral-stress evidence detected. Prioritise field inspection to determine the underlying cause. Field verification required.,778
upload_f3b95c9c-Z0855,upload_f3b95c9c,56,50400.0,372765.0,5066552.142857143,85.36443725170149,45.74081889907817,1.8114210367202759,1.9829025268554688,1.7921059131622314,100.0,HIGH PRIORITY,95th percentile prioritisation threshold,Spectral-stress evidence detected. Prioritise field inspection to determine the underlying cause. Field verification required.,779
upload_f3b95c9c-Z0206,upload_f3b95c9c,12,10800.0,360782.5,5090252.5,85.2036272033623,45.951723139840325,1.810747742652893,1.9815666675567627,1.7894575595855713,100.0,HIGH PRIORITY,95th percentile prioritisation threshold,Spectral-stress evidence detected. Prioritise field inspection to determine the underlying cause. Field verification required.,780
upload_f3b95c9c-Z0307,upload_f3b95c9c,10,9000.0,357483.0,5087664.0,85.16184439307551,45.92776048864788,1.8098644018173218,1.8995535373687744,1.7994039058685303,100.0,HIGH PRIORITY,95th percentile prioritisation threshold,Spectral-stress evidence detected. Prioritise field inspection to determine the underlying cause. Field verification required.,781
upload_f3b95c9c-Z0795,upload_f3b95c9c,37,33300.0,370918.3783783784,5071451.3513513515,85.33940200386448,45.78455454792743,1.8085894584655762,1.9364575147628784,1.8147871494293213,100.0,HIGH PRIORITY,95th percentile prioritisation threshold,Spectral-stress evidence detected. Prioritise field inspection to determine the underlying cause. Field verification required.,782
upload_f3b95c9c-Z0580,upload_f3b95c9c,25,22500.0,358670.4,5078809.2,85.17975597122106,45.84834827654481,1.8085427284240723,2.0005533695220947,1.778035283088684,100.0,HIGH PRIORITY,95th percentile prioritisation threshold,Spectral-stress evidence detected. Prioritise field inspection to determine the underlying cause. Field verification required.,783
upload_f3b95c9c-Z0688,upload_f3b95c9c,10,9000.0,376824.0,5075679.0,85.41426698469498,45.82367034683753,1.8085237741470337,1.9304218292236328,1.7936129570007324,100.0,HIGH PRIORITY,95th percentile prioritisation threshold,Spectral-stress evidence detected. Prioritise field inspection to determine the underlying cause. Field verification required.,784
upload_f3b95c9c-Z0190,upload_f3b95c9c,15,13500.0,358840.0,5090624.0,85.17846564812878,45.954668439403065,1.8084887266159058,1.8887908458709717,1.807494878768921,100.0,HIGH PRIORITY,95th percentile prioritisation threshold,Spectral-stress evidence detected. Prioritise field inspection to determine the underlying cause. Field verification required.,785
upload_f3b95c9c-Z0756,upload_f3b95c9c,13,11700.0,377494.6153846154,5073415.384615385,85.4234718880106,45.803423557230374,1.808188796043396,1.9361108541488647,1.8101719617843628,100.0,HIGH PRIORITY,95th percentile prioritisation threshold,Spectral-stress evidence detected. Prioritise field inspection to determine the underlying cause. Field verification required.,786
upload_f3b95c9c-Z0719,upload_f3b95c9c,9,8100.0,355413.3333333333,5074840.0,85.13901971745716,45.81196611972204,1.808074712753296,1.947385549545288,1.7929701805114746,100.0,HIGH PRIORITY,95th percentile prioritisation threshold,Spectral-stress evidence detected. Prioritise field inspection to determine the underlying cause. Field verification required.,787
upload_f3b95c9c-Z0856,upload_f3b95c9c,11,9900.0,380980.9090909091,5065930.909090909,85.4701633363959,45.736692206634764,1.807592511177063,1.9679826498031616,1.7893420457839966,100.0,HIGH PRIORITY,95th percentile prioritisation threshold,Spectral-stress evidence detected. Prioritise field inspection to determine the underlying cause. Field verification required.,788
upload_f3b95c9c-Z0069,upload_f3b95c9c,9,8100.0,360123.3333333333,5094846.666666667,85.19378258002502,45.99291787434451,1.8070526123046875,1.957621455192566,1.76143479347229,100.0,HIGH PRIORITY,95th percentile prioritisation threshold,Spectral-stress evidence detected. Prioritise field inspection to determine the underlying cause. Field verification required.,789
upload_f3b95c9c-Z0237,upload_f3b95c9c,13,11700.0,357849.23076923075,5089506.923076923,85.16601889378637,45.944414976799365,1.806289792060852,1.9480252265930176,1.7716673612594604,100.0,HIGH PRIORITY,95th percentile prioritisation threshold,Spectral-stress evidence detected. Prioritise field inspection to determine the underlying cause. Field verification required.,790
upload_f3b95c9c-Z0324,upload_f3b95c9c,53,47700.0,387079.8113207547,5087247.1698113205,85.54353514359359,45.92951231325441,1.8059526681900024,1.8740876913070679,1.8053021430969238,100.0,HIGH PRIORITY,95th percentile prioritisation threshold,Spectral-stress evidence detected. Prioritise field inspection to determine the underlying cause. Field verification required.,791
upload_f3b95c9c-Z0296,upload_f3b95c9c,145,130500.0,386759.1724137931,5087405.379310345,85.53936347053966,45.93088303032999,1.8052467107772827,1.889654278755188,1.8093880414962769,100.0,HIGH PRIORITY,95th percentile prioritisation threshold,Spectral-stress evidence detected. Prioritise field inspection to determine the underlying cause. Field verification required.,792
upload_f3b95c9c-Z0850,upload_f3b95c9c,122,109800.0,374656.47540983604,5066801.065573771,85.38867730398007,45.743403931114926,1.8050487041473389,1.9711605310440063,1.8032143115997314,100.0,HIGH PRIORITY,95th percentile prioritisation threshold,Spectral-stress evidence detected. Prioritise field inspection to determine the underlying cause. Field verification required.,793
upload_f3b95c9c-Z0239,upload_f3b95c9c,26,23400.0,363241.1538461539,5089413.461538462,85.23557630271935,45.94466921580876,1.8048514127731323,1.9081547260284424,1.7834579944610596,100.0,HIGH PRIORITY,95th percentile prioritisation threshold,Spectral-stress evidence detected. Prioritise field inspection to determine the underlying cause. Field verification required.,794
upload_f3b95c9c-Z0862,upload_f3b95c9c,25,22500.0,378506.4,5065376.4,85.43850760728077,45.73127280334631,1.8041930198669434,1.9153598546981812,1.808333396911621,100.0,HIGH PRIORITY,95th percentile prioritisation threshold,Spectral-stress evidence detected. Prioritise field inspection to determine the underlying cause. Field verification required.,795
upload_f3b95c9c-Z0864,upload_f3b95c9c,13,11700.0,380875.3846153846,5064985.384615385,85.46903996200955,45.72816663613895,1.8027561902999878,1.9519294500350952,1.7732446193695068,100.0,HIGH PRIORITY,95th percentile prioritisation threshold,Spectral-stress evidence detected. Prioritise field inspection to determine the underlying cause. Field verification required.,796
upload_f3b95c9c-Z0306,upload_f3b95c9c,76,68400.0,387654.86842105264,5087531.447368421,85.55088330266986,45.93216440027988,1.802660346031189,1.8810584545135498,1.8054078817367554,100.0,HIGH PRIORITY,95th percentile prioritisation threshold,Spectral-stress evidence detected. Prioritise field inspection to determine the underlying cause. Field verification required.,797
upload_f3b95c9c-Z0588,upload_f3b95c9c,57,51300.0,374521.5789473684,5078527.368421053,85.38389621394475,45.84888204265285,1.8023171424865723,2.075148344039917,1.7903690338134766,100.0,HIGH PRIORITY,95th percentile prioritisation threshold,Spectral-stress evidence detected. Prioritise field inspection to determine the underlying cause. Field verification required.,798
upload_f3b95c9c-Z0077,upload_f3b95c9c,12,10800.0,361165.0,5094532.5,85.20731813340953,45.990303400633316,1.8017648458480835,1.8898913860321045,1.8007880449295044,100.0,HIGH PRIORITY,95th percentile prioritisation threshold,Spectral-stress evidence detected. Prioritise field inspection to determine the underlying cause. Field verification required.,799
upload_f3b95c9c-Z0417,upload_f3b95c9c,9,8100.0,386253.3333333333,5084646.666666667,85.53349523963684,45.905977890221685,1.800610899925232,1.8397812843322754,1.7953630685806274,100.0,HIGH PRIORITY,95th percentile prioritisation threshold,Spectral-stress evidence detected. Prioritise field inspection to determine the underlying cause. Field verification required.,800
upload_f3b95c9c-Z0412,upload_f3b95c9c,9,8100.0,386543.3333333333,5084866.666666667,85.53718089205155,45.90800526681375,1.8002973794937134,1.841394305229187,1.8033092021942139,100.0,HIGH PRIORITY,95th percentile prioritisation threshold,Spectral-stress evidence detected. Prioritise field inspection to determine the underlying cause. Field verification required.,801
upload_f3b95c9c-Z0739,upload_f3b95c9c,20,18000.0,379870.5,5073928.5,85.45390817085541,45.80845796713994,1.7997839450836182,1.8812838792800903,1.8036054372787476,100.0,HIGH PRIORITY,95th percentile prioritisation threshold,Spectral-stress evidence detected. Prioritise field inspection to determine the underlying cause. Field verification required.,802
upload_f3b95c9c-Z0800,upload_f3b95c9c,14,12600.0,371256.4285714286,5071161.428571428,85.34382634316138,45.78200924880782,1.7987501621246338,1.8824186325073242,1.7981529235839844,100.0,HIGH PRIORITY,95th percentile prioritisation threshold,Spectral-stress evidence detected. Prioritise field inspection to determine the underlying cause. Field verification required.,803
upload_f3b95c9c-Z0625,upload_f3b95c9c,13,11700.0,375800.76923076925,5077458.461538462,85.40064074219664,45.839496798229526,1.7987239360809326,1.8911389112472534,1.7929579019546509,100.0,HIGH PRIORITY,95th percentile prioritisation threshold,Spectral-stress evidence detected. Prioritise field inspection to determine the underlying cause. Field verification required.,804
upload_f3b95c9c-Z0266,upload_f3b95c9c,126,113400.0,386972.14285714284,5088533.80952381,85.54184342712465,45.941071185039156,1.798170804977417,1.8706700801849365,1.8016588687896729,100.0,HIGH PRIORITY,95th percentile prioritisation threshold,Spectral-stress evidence detected. Prioritise field inspection to determine the underlying cause. Field verification required.,805
upload_f3b95c9c-Z0461,upload_f3b95c9c,17,15300.0,386694.70588235295,5082795.882352941,85.53962055791146,45.889398191680336,1.798107624053955,1.879338026046753,1.7983804941177368,100.0,HIGH PRIORITY,95th percentile prioritisation threshold,Spectral-stress evidence detected. Prioritise field inspection to determine the underlying cause. Field verification required.,806
upload_f3b95c9c-Z0843,upload_f3b95c9c,85,76500.0,381117.8823529412,5067424.588235294,85.47155653636607,45.75015520775781,1.7979732751846313,1.9221872091293335,1.7925978899002075,100.0,HIGH PRIORITY,95th percentile prioritisation threshold,Spectral-stress evidence detected. Prioritise field inspection to determine the underlying cause. Field verification required.,807
upload_f3b95c9c-Z0844,upload_f3b95c9c,27,24300.0,381635.55555555556,5067386.666666667,85.47821905542763,45.749902836418215,1.79786217212677,1.8754539489746094,1.7959517240524292,100.0,HIGH PRIORITY,95th percentile prioritisation threshold,Spectral-stress evidence detected. Prioritise field inspection to determine the underlying cause. Field verification required.,808
upload_f3b95c9c-Z0818,upload_f3b95c9c,13,11700.0,374566.1538461539,5070023.076923077,85.38668124916161,45.77237649068586,1.7974393367767334,1.8617854118347168,1.8154410123825073,100.0,HIGH PRIORITY,95th percentile prioritisation threshold,Spectral-stress evidence detected. Prioritise field inspection to determine the underlying cause. Field verification required.,809
upload_f3b95c9c-Z0781,upload_f3b95c9c,402,361800.0,378952.6119402985,5072075.746268657,85.44256377710705,45.791627693633146,1.796481728553772,1.9308345317840576,1.7916845083236694,100.0,HIGH PRIORITY,95th percentile prioritisation threshold,Spectral-stress evidence detected. Prioritise field inspection to determine the underlying cause. Field verification required.,810
upload_f3b95c9c-Z0854,upload_f3b95c9c,10,9000.0,376875.0,5066754.0,85.41719788123709,45.743379067052146,1.7954633235931396,1.8736748695373535,1.8079118728637695,100.0,HIGH PRIORITY,95th percentile prioritisation threshold,Spectral-stress evidence detected. Prioritise field inspection to determine the underlying cause. Field verification required.,811
upload_f3b95c9c-Z0357,upload_f3b95c9c,17,15300.0,387001.76470588235,5086485.882352941,85.54270822314258,45.922649762119946,1.7953752279281616,1.8307985067367554,1.8020912408828735,100.0,HIGH PRIORITY,95th percentile prioritisation threshold,Spectral-stress evidence detected. Prioritise field inspection to determine the underlying cause. Field verification required.,812
upload_f3b95c9c-Z0368,upload_f3b95c9c,66,59400.0,387084.54545454547,5086057.7272727275,85.54387626256484,45.91881101921258,1.7936553955078125,1.869728922843933,1.7951672077178955,100.0,HIGH PRIORITY,95th percentile prioritisation threshold,Spectral-stress evidence detected. Prioritise field inspection to determine the underlying cause. Field verification required.,813
upload_f3b95c9c-Z0731,upload_f3b95c9c,14,12600.0,374147.14285714284,5074086.428571428,85.38023523618654,45.8088585615731,1.7926006317138672,1.859214186668396,1.7842037677764893,100.0,HIGH PRIORITY,95th percentile prioritisation threshold,Spectral-stress evidence detected. Prioritise field inspection to determine the underlying cause. Field verification required.,814
upload_f3b95c9c-Z0423,upload_f3b95c9c,27,24300.0,386071.1111111111,5084225.555555556,85.53124662083452,45.90215875866791,1.7922078371047974,1.8670154809951782,1.7915606498718262,100.0,HIGH PRIORITY,95th percentile prioritisation threshold,Spectral-stress evidence detected. Prioritise field inspection to determine the underlying cause. Field verification required.,815
upload_f3b95c9c-Z0807,upload_f3b95c9c,12,10800.0,368720.0,5070492.5,85.31139330347916,45.77551350975195,1.7911847829818726,1.8677459955215454,1.7952399253845215,100.0,HIGH PRIORITY,95th percentile prioritisation threshold,Spectral-stress evidence detected. Prioritise field inspection to determine the underlying cause. Field verification required.,816
upload_f3b95c9c-Z0262,upload_f3b95c9c,14,12600.0,386198.5714285714,5088820.714285715,85.53179884225564,45.943524847231075,1.7910852432250977,1.8377487659454346,1.7962827682495117,100.0,HIGH PRIORITY,95th percentile prioritisation threshold,Spectral-stress evidence detected. Prioritise field inspection to determine the underlying cause. Field verification required.,817
upload_f3b95c9c-Z0858,upload_f3b95c9c,16,14400.0,379063.125,5065743.75,85.44556851896839,45.734675570814005,1.790426254272461,1.9043267965316772,1.7715156078338623,100.0,HIGH PRIORITY,95th percentile prioritisation threshold,Spectral-stress evidence detected. Prioritise field inspection to determine the underlying cause. Field verification required.,818
upload_f3b95c9c-Z0448,upload_f3b95c9c,28,25200.0,386745.0,5083290.0,85.54015208145404,45.8938523412648,1.7889995574951172,1.84669828414917,1.7869023084640503,100.0,HIGH PRIORITY,95th percentile prioritisation threshold,Spectral-stress evidence detected. Prioritise field inspection to determine the underlying cause. Field verification required.,819
upload_f3b95c9c-Z0256,upload_f3b95c9c,10,9000.0,363024.0,5089035.0,85.23288420049019,45.941221237181566,1.788116216659546,1.9326013326644897,1.778342366218567,100.0,HIGH PRIORITY,95th percentile prioritisation threshold,Spectral-stress evidence detected. Prioritise field inspection to determine the underlying cause. Field verification required.,820
upload_f3b95c9c-Z0748,upload_f3b95c9c,30,27000.0,380703.0,5073663.0,85.46468436313472,45.8062136113791,1.7878650426864624,1.9230422973632812,1.7721912860870361,100.0,HIGH PRIORITY,95th percentile prioritisation threshold,Spectral-stress evidence detected. Prioritise field inspection to determine the underlying cause. Field verification required.,821
upload_f3b95c9c-Z0274,upload_f3b95c9c,37,33300.0,387183.24324324325,5088444.324324325,85.54458698468038,45.94030075164566,1.7870217561721802,1.8499343395233154,1.7885987758636475,100.0,HIGH PRIORITY,95th percentile prioritisation threshold,Spectral-stress evidence detected. Prioritise field inspection to determine the underlying cause. Field verification required.,822
upload_f3b95c9c-Z0832,upload_f3b95c9c,20,18000.0,382453.5,5068966.5,85.4883475906296,45.76425709665177,1.7860628366470337,1.9903528690338135,1.7712912559509277,100.0,HIGH PRIORITY,95th percentile prioritisation threshold,Spectral-stress evidence detected. Prioritise field inspection to determine the underlying cause. Field verification required.,823
upload_f3b95c9c-Z0351,upload_f3b95c9c,133,119700.0,387361.1278195489,5086238.571428572,85.5473993556084,45.920483564457136,1.7847024202346802,1.8779420852661133,1.7864158153533936,100.0,HIGH PRIORITY,95th percentile prioritisation threshold,Spectral-stress evidence detected. Prioritise field inspection to determine the underlying cause. Field verification required.,824
upload_f3b95c9c-Z0742,upload_f3b95c9c,29,26100.0,381090.0,5073737.586206896,85.46964475541311,45.80695150180669,1.7836045026779175,1.8549026250839233,1.7877886295318604,100.0,HIGH PRIORITY,95th percentile prioritisation threshold,Spectral-stress evidence detected. Prioritise field inspection to determine the underlying cause. Field verification required.,825
upload_f3b95c9c-Z0331,upload_f3b95c9c,263,236700.0,387660.9125475285,5086676.349809886,85.55116160505902,45.924471583860004,1.7835158109664917,1.8668156862258911,1.7826266288757324,100.0,HIGH PRIORITY,95th percentile prioritisation threshold,Spectral-stress evidence detected. Prioritise field inspection to determine the underlying cause. Field verification required.,826
upload_f3b95c9c-Z0860,upload_f3b95c9c,9,8100.0,380230.0,5065566.666666667,85.46060494596338,45.73328530278636,1.7834216356277466,1.8808348178863525,1.784964680671692,100.0,HIGH PRIORITY,95th percentile prioritisation threshold,Spectral-stress evidence detected. Prioritise field inspection to determine the underlying cause. Field verification required.,827
upload_f3b95c9c-Z0302,upload_f3b95c9c,9,8100.0,359726.6666666667,5087776.666666667,85.19073507673826,45.92923576120564,1.7830649614334106,1.8829768896102905,1.7629586458206177,100.0,HIGH PRIORITY,95th percentile prioritisation threshold,Spectral-stress evidence detected. Prioritise field inspection to determine the underlying cause. Field verification required.,828
upload_f3b95c9c-Z0615,upload_f3b95c9c,13,11700.0,376347.6923076923,5077809.230769231,85.4075908651145,45.842751056932954,1.7816189527511597,1.8337353467941284,1.7828928232192993,100.0,HIGH PRIORITY,95th percentile prioritisation threshold,Spectral-stress evidence detected. Prioritise field inspection to determine the underlying cause. Field verification required.,829
upload_f3b95c9c-Z0711,upload_f3b95c9c,13,11700.0,381320.76923076925,5075049.230769231,85.47229094364508,45.818792675156935,1.7811009883880615,1.897263765335083,1.7428202629089355,100.0,HIGH PRIORITY,95th percentile prioritisation threshold,Spectral-stress evidence detected. Prioritise field inspection to determine the underlying cause. Field verification required.,830
upload_f3b95c9c-Z0155,upload_f3b95c9c,12,10800.0,359902.5,5091562.5,85.19189457972648,45.9633287825816,1.780910849571228,1.93849778175354,1.7679725885391235,100.0,HIGH PRIORITY,95th percentile prioritisation threshold,Spectral-stress evidence detected. Prioritise field inspection to determine the underlying cause. Field verification required.,831
upload_f3b95c9c-Z0409,upload_f3b95c9c,22,19800.0,386923.63636363635,5085120.0,85.54202291526298,45.91034730515646,1.7803535461425781,1.8460646867752075,1.7887309789657593,100.0,HIGH PRIORITY,95th percentile prioritisation threshold,Spectral-stress evidence detected. Prioritise field inspection to determine the underlying cause. Field verification required.,832
upload_f3b95c9c-Z0676,upload_f3b95c9c,17,15300.0,377297.64705882355,5075858.823529412,85.42031646579657,45.82537270137598,1.7802441120147705,1.905514121055603,1.77918541431427,100.0,HIGH PRIORITY,95th percentile prioritisation threshold,Spectral-stress evidence detected. Prioritise field inspection to determine the underlying cause. Field verification required.,833
upload_f3b95c9c-Z0263,upload_f3b95c9c,106,95400.0,386426.6037735849,5088588.679245283,85.5347948197832,45.94147486857958,1.77719247341156,1.8517212867736816,1.7762798070907593,100.0,HIGH PRIORITY,95th percentile prioritisation threshold,Spectral-stress evidence detected. Prioritise field inspection to determine the underlying cause. Field verification required.,834
upload_f3b95c9c-Z0647,upload_f3b95c9c,14,12600.0,378315.0,5076859.285714285,85.43315639883158,45.83455439919506,1.7767099142074585,1.8055840730667114,1.7903926372528076,100.0,HIGH PRIORITY,95th percentile prioritisation threshold,Spectral-stress evidence detected. Prioritise field inspection to determine the underlying cause. Field verification required.,835
upload_f3b95c9c-Z0444,upload_f3b95c9c,92,82800.0,386471.0869565217,5083247.934782608,85.53663247033465,45.893428702203096,1.774520993232727,1.858675479888916,1.7679874897003174,100.0,HIGH PRIORITY,95th percentile prioritisation threshold,Spectral-stress evidence detected. Prioritise field inspection to determine the underlying cause. Field verification required.,836
upload_f3b95c9c-Z0305,upload_f3b95c9c,47,42300.0,387435.3191489362,5087470.212765957,85.54806668098693,45.93157749726425,1.774267315864563,1.8237814903259277,1.7782105207443237,100.0,HIGH PRIORITY,95th percentile prioritisation threshold,Spectral-stress evidence detected. Prioritise field inspection to determine the underlying cause. Field verification required.,837
upload_f3b95c9c-Z0643,upload_f3b95c9c,16,14400.0,378189.375,5077001.25,85.43150354323177,45.835809495050725,1.773031234741211,1.8405588865280151,1.7732559442520142,100.0,HIGH PRIORITY,95th percentile prioritisation threshold,Spectral-stress evidence detected. Prioritise field inspection to determine the underlying cause. Field verification required.,838
upload_f3b95c9c-Z0811,upload_f3b95c9c,9,8100.0,368883.3333333333,5070326.666666667,85.31353826597935,45.77405256591429,1.7712996006011963,1.8411048650741577,1.7817727327346802,100.0,HIGH PRIORITY,95th percentile prioritisation threshold,Spectral-stress evidence detected. Prioritise field inspection to determine the underlying cause. Field verification required.,839
upload_f3b95c9c-Z0419,upload_f3b95c9c,62,55800.0,386846.6129032258,5084262.580645162,85.54123225285821,45.90261994066549,1.7709158658981323,1.8407107591629028,1.7719447612762451,100.0,HIGH PRIORITY,95th percentile prioritisation threshold,Spectral-stress evidence detected. Prioritise field inspection to determine the underlying cause. Field verification required.,840
upload_f3b95c9c-Z0411,upload_f3b95c9c,15,13500.0,386300.0,5084872.0,85.53404332176068,45.90801305485423,1.7700848579406738,1.833067536354065,1.761423945426941,100.0,HIGH PRIORITY,95th percentile prioritisation threshold,Spectral-stress evidence detected. Prioritise field inspection to determine the underlying cause. Field verification required.,841
upload_f3b95c9c-Z0317,upload_f3b95c9c,10,9000.0,387885.0,5087529.0,85.55385133717489,45.9321799781214,1.769537329673767,1.822892189025879,1.7792565822601318,100.0,HIGH PRIORITY,95th percentile prioritisation threshold,Spectral-stress evidence detected. Prioritise field inspection to determine the underlying cause. Field verification required.,842
upload_f3b95c9c-Z0769,upload_f3b95c9c,30,27000.0,373056.0,5072916.0,85.36650550094214,45.79812831605116,1.7687675952911377,1.8588902950286865,1.7619743347167969,100.0,HIGH PRIORITY,95th percentile prioritisation threshold,Spectral-stress evidence detected. Prioritise field inspection to determine the underlying cause. Field verification required.,843
upload_f3b95c9c-Z0281,upload_f3b95c9c,17,15300.0,386188.23529411765,5088345.882352941,85.53177833395667,45.93925084455794,1.768359899520874,1.8331812620162964,1.761563777923584,100.0,HIGH PRIORITY,95th percentile prioritisation threshold,Spectral-stress evidence detected. Prioritise field inspection to determine the underlying cause. Field verification required.,844
upload_f3b95c9c-Z0585,upload_f3b95c9c,14,12600.0,368350.71428571426,5078736.428571428,85.3043955349701,45.84961136651234,1.7680318355560303,1.8352075815200806,1.762992262840271,100.0,HIGH PRIORITY,95th percentile prioritisation threshold,Spectral-stress evidence detected. Prioritise field inspection to determine the underlying cause. Field verification required.,845
upload_f3b95c9c-Z0801,upload_f3b95c9c,53,47700.0,367747.358490566,5070964.528301887,85.29875894650962,45.779574667807296,1.7672785520553589,1.8739672899246216,1.7568827867507935,100.0,HIGH PRIORITY,95th percentile prioritisation threshold,Spectral-stress evidence detected. Prioritise field inspection to determine the underlying cause. Field verification required.,846
upload_f3b95c9c-Z0851,upload_f3b95c9c,12,10800.0,381467.5,5066820.0,85.47619794764941,45.74477542665813,1.7661479711532593,1.871616244316101,1.750203251838684,100.0,HIGH PRIORITY,95th percentile prioritisation threshold,Spectral-stress evidence detected. Prioritise field inspection to determine the underlying cause. Field verification required.,847
upload_f3b95c9c-Z0740,upload_f3b95c9c,18,16200.0,371790.0,5073901.666666667,85.34995977629436,45.806762259508616,1.7659143209457397,1.8599451780319214,1.7529290914535522,100.0,HIGH PRIORITY,95th percentile prioritisation threshold,Spectral-stress evidence detected. Prioritise field inspection to determine the underlying cause. Field verification required.,848
upload_f3b95c9c-Z0764,upload_f3b95c9c,65,58500.0,376469.07692307694,5072953.846153846,85.41039741542218,45.799088175835415,1.7657861709594727,1.8383466005325317,1.7605355978012085,100.0,HIGH PRIORITY,95th percentile prioritisation threshold,Spectral-stress evidence detected. Prioritise field inspection to determine the underlying cause. Field verification required.,849
upload_f3b95c9c-Z0453,upload_f3b95c9c,42,37800.0,386115.7142857143,5083056.428571428,85.53209870260561,45.89164686994781,1.763912558555603,1.8355474472045898,1.7613476514816284,100.0,HIGH PRIORITY,95th percentile prioritisation threshold,Spectral-stress evidence detected. Prioritise field inspection to determine the underlying cause. Field verification required.,850
upload_f3b95c9c-Z0264,upload_f3b95c9c,98,88200.0,386711.63265306124,5088634.285714285,85.53845996772661,45.941932293524296,1.7598083019256592,1.8237046003341675,1.7546433210372925,100.0,HIGH PRIORITY,95th percentile prioritisation threshold,Spectral-stress evidence detected. Prioritise field inspection to determine the underlying cause. Field verification required.,851
upload_f3b95c9c-Z0749,upload_f3b95c9c,31,27900.0,372664.8387096774,5073648.387096774,85.36128096259873,45.80464552382126,1.7588517665863037,1.8482017517089844,1.7547515630722046,100.0,HIGH PRIORITY,95th percentile prioritisation threshold,Spectral-stress evidence detected. Prioritise field inspection to determine the underlying cause. Field verification required.,852
upload_f3b95c9c-Z0775,upload_f3b95c9c,22,19800.0,373865.45454545453,5072612.7272727275,85.37699642832827,45.79554816856175,1.7580859661102295,1.8198637962341309,1.754288673400879,100.0,HIGH PRIORITY,95th percentile prioritisation threshold,Spectral-stress evidence detected. Prioritise field inspection to determine the underlying cause. Field verification required.,853
upload_f3b95c9c-Z0376,upload_f3b95c9c,15,13500.0,386840.0,5086002.0,85.54073685819624,45.91826938839683,1.7570469379425049,1.7960283756256104,1.753015160560608,100.0,HIGH PRIORITY,95th percentile prioritisation threshold,Spectral-stress evidence detected. Prioritise field inspection to determine the underlying cause. Field verification required.,854
upload_f3b95c9c-Z0780,upload_f3b95c9c,9,8100.0,378070.0,5072366.666666667,85.43113862197734,45.79408985756652,1.755149245262146,1.8197027444839478,1.748724341392517,100.0,HIGH PRIORITY,95th percentile prioritisation threshold,Spectral-stress evidence detected. Prioritise field inspection to determine the underlying cause. Field verification required.,855
upload_f3b95c9c-Z0424,upload_f3b95c9c,12,10800.0,386580.0,5084275.0,85.53779328954221,45.9026877612369,1.7544407844543457,1.8056453466415405,1.7530176639556885,100.0,HIGH PRIORITY,95th percentile prioritisation threshold,Spectral-stress evidence detected. Prioritise field inspection to determine the underlying cause. Field verification required.,856
upload_f3b95c9c-Z0071,upload_f3b95c9c,48,43200.0,359274.375,5094758.75,85.1828514995533,45.99195324414905,1.7512365579605103,1.7998197078704834,1.7470836639404297,100.0,HIGH PRIORITY,95th percentile prioritisation threshold,Spectral-stress evidence detected. Prioritise field inspection to determine the underlying cause. Field verification required.,857
upload_f3b95c9c-Z0768,upload_f3b95c9c,12,10800.0,373310.0,5072967.5,85.36975907753751,45.798638334872265,1.749794602394104,1.834787368774414,1.7404142618179321,100.0,HIGH PRIORITY,95th percentile prioritisation threshold,Spectral-stress evidence detected. Prioritise field inspection to determine the underlying cause. Field verification required.,858
upload_f3b95c9c-Z0389,upload_f3b95c9c,14,12600.0,371946.4285714286,5085803.571428572,85.34880466977874,45.91387071670557,1.7473382949829102,1.818259835243225,1.7392683029174805,100.0,HIGH PRIORITY,95th percentile prioritisation threshold,Spectral-stress evidence detected. Prioritise field inspection to determine the underlying cause. Field verification required.,859
upload_f3b95c9c-Z0653,upload_f3b95c9c,12,10800.0,371655.0,5076710.0,85.3474756111982,45.83200340559383,1.7362031936645508,1.7648725509643555,1.7310473918914795,100.0,HIGH PRIORITY,95th percentile prioritisation threshold,Spectral-stress evidence detected. Prioritise field inspection to determine the underlying cause. Field verification required.,860
upload_f3b95c9c-Z0745,upload_f3b95c9c,9,8100.0,372923.3333333333,5073736.666666667,85.36458299940755,45.805487428276166,1.7355693578720093,1.775215983390808,1.7271419763565063,100.0,HIGH PRIORITY,95th percentile prioritisation threshold,Spectral-stress evidence detected. Prioritise field inspection to determine the underlying cause. Field verification required.,861
upload_f3b95c9c-Z0774,upload_f3b95c9c,10,9000.0,373554.0,5072622.0,85.37298806961958,45.795574608582065,1.73423171043396,1.76163911819458,1.7273304462432861,100.0,HIGH PRIORITY,95th percentile prioritisation threshold,Spectral-stress evidence detected. Prioritise field inspection to determine the underlying cause. Field verification required.,862
upload_f3b95c9c-Z0654,upload_f3b95c9c,12,10800.0,371537.5,5076602.5,85.34599201681395,45.831014357276565,1.7326292991638184,1.750486969947815,1.7323131561279297,100.0,HIGH PRIORITY,95th percentile prioritisation threshold,Spectral-stress evidence detected. Prioritise field inspection to determine the underlying cause. Field verification required.,863
upload_f3b95c9c-Z0570,upload_f3b95c9c,11,9900.0,368130.0,5079139.090909091,85.30144375908579,45.85319175429654,1.7287176847457886,1.7471349239349365,1.7212283611297607,100.0,HIGH PRIORITY,95th percentile prioritisation threshold,Spectral-stress evidence detected. Prioritise field inspection to determine the underlying cause. Field verification required.,864
