zone_id,priority_rank,band_index,observed_mean,reference_mean_32band_only,wavelength_status
scene_01_DT0000205230-Z0022,1,1,6674.0,2778.141339809302,unavailable in GeoTIFF/XML artifact; band index reported
scene_01_DT0000205230-Z0022,1,2,6546.0,,unavailable in GeoTIFF/XML artifact; band index reported
scene_01_DT0000205230-Z0022,1,3,6487.5,,unavailable in GeoTIFF/XML artifact; band index reported
scene_01_DT0000205230-Z0022,1,4,6604.0,,unavailable in GeoTIFF/XML artifact; band index reported
scene_01_DT0000205230-Z0022,1,5,6558.0,,unavailable in GeoTIFF/XML artifact; band index reported
scene_01_DT0000205230-Z0022,1,6,6487.0,,unavailable in GeoTIFF/XML artifact; band index reported
scene_01_DT0000205230-Z0022,1,7,6479.0,,unavailable in GeoTIFF/XML artifact; band index reported
scene_01_DT0000205230-Z0022,1,8,6479.5,2642.754279270416,unavailable in GeoTIFF/XML artifact; band index reported
scene_01_DT0000205230-Z0022,1,9,6450.0,,unavailable in GeoTIFF/XML artifact; band index reported
scene_01_DT0000205230-Z0022,1,10,6475.5,,unavailable in GeoTIFF/XML artifact; band index reported
scene_01_DT0000205230-Z0022,1,11,6459.5,,unavailable in GeoTIFF/XML artifact; band index reported
scene_01_DT0000205230-Z0022,1,12,6407.5,,unavailable in GeoTIFF/XML artifact; band index reported
scene_01_DT0000205230-Z0022,1,13,6419.0,,unavailable in GeoTIFF/XML artifact; band index reported
scene_01_DT0000205230-Z0022,1,14,6477.0,,unavailable in GeoTIFF/XML artifact; band index reported
scene_01_DT0000205230-Z0022,1,15,6500.5,2609.7302388123417,unavailable in GeoTIFF/XML artifact; band index reported
scene_01_DT0000205230-Z0022,1,16,6434.0,,unavailable in GeoTIFF/XML artifact; band index reported
scene_01_DT0000205230-Z0022,1,17,6454.5,,unavailable in GeoTIFF/XML artifact; band index reported
scene_01_DT0000205230-Z0022,1,18,6473.0,,unavailable in GeoTIFF/XML artifact; band index reported
scene_01_DT0000205230-Z0022,1,19,6414.5,,unavailable in GeoTIFF/XML artifact; band index reported
scene_01_DT0000205230-Z0022,1,20,6444.0,,unavailable in GeoTIFF/XML artifact; band index reported
scene_01_DT0000205230-Z0022,1,21,6521.0,,unavailable in GeoTIFF/XML artifact; band index reported
scene_01_DT0000205230-Z0022,1,22,6459.0,2618.1355794552014,unavailable in GeoTIFF/XML artifact; band index reported
scene_01_DT0000205230-Z0022,1,23,6458.0,,unavailable in GeoTIFF/XML artifact; band index reported
scene_01_DT0000205230-Z0022,1,24,6494.5,,unavailable in GeoTIFF/XML artifact; band index reported
scene_01_DT0000205230-Z0022,1,25,6530.5,,unavailable in GeoTIFF/XML artifact; band index reported
scene_01_DT0000205230-Z0022,1,26,6520.5,,unavailable in GeoTIFF/XML artifact; band index reported
scene_01_DT0000205230-Z0022,1,27,6506.0,,unavailable in GeoTIFF/XML artifact; band index reported
scene_01_DT0000205230-Z0022,1,28,6507.5,,unavailable in GeoTIFF/XML artifact; band index reported
scene_01_DT0000205230-Z0022,1,29,6523.0,2675.2596888432727,unavailable in GeoTIFF/XML artifact; band index reported
scene_01_DT0000205230-Z0022,1,30,6526.0,,unavailable in GeoTIFF/XML artifact; band index reported
scene_01_DT0000205230-Z0022,1,31,6545.5,,unavailable in GeoTIFF/XML artifact; band index reported
scene_01_DT0000205230-Z0022,1,32,6534.0,,unavailable in GeoTIFF/XML artifact; band index reported
scene_01_DT0000205230-Z0022,1,33,6583.0,,unavailable in GeoTIFF/XML artifact; band index reported
scene_01_DT0000205230-Z0022,1,34,6587.5,,unavailable in GeoTIFF/XML artifact; band index reported
scene_01_DT0000205230-Z0022,1,35,6582.5,,unavailable in GeoTIFF/XML artifact; band index reported
scene_01_DT0000205230-Z0022,1,36,6559.5,2633.6236388835327,unavailable in GeoTIFF/XML artifact; band index reported
scene_01_DT0000205230-Z0022,1,37,6605.5,,unavailable in GeoTIFF/XML artifact; band index reported
scene_01_DT0000205230-Z0022,1,38,6597.0,,unavailable in GeoTIFF/XML artifact; band index reported
scene_01_DT0000205230-Z0022,1,39,6583.0,,unavailable in GeoTIFF/XML artifact; band index reported
scene_01_DT0000205230-Z0022,1,40,6548.5,,unavailable in GeoTIFF/XML artifact; band index reported
scene_01_DT0000205230-Z0022,1,41,6510.5,,unavailable in GeoTIFF/XML artifact; band index reported
scene_01_DT0000205230-Z0022,1,42,6486.5,,unavailable in GeoTIFF/XML artifact; band index reported
scene_01_DT0000205230-Z0022,1,43,6513.5,,unavailable in GeoTIFF/XML artifact; band index reported
scene_01_DT0000205230-Z0022,1,44,6540.0,2557.77455595676,unavailable in GeoTIFF/XML artifact; band index reported
scene_01_DT0000205230-Z0022,1,45,6536.5,,unavailable in GeoTIFF/XML artifact; band index reported
scene_01_DT0000205230-Z0022,1,46,6498.5,,unavailable in GeoTIFF/XML artifact; band index reported
scene_01_DT0000205230-Z0022,1,47,6464.0,,unavailable in GeoTIFF/XML artifact; band index reported
scene_01_DT0000205230-Z0022,1,48,6488.0,,unavailable in GeoTIFF/XML artifact; band index reported
scene_01_DT0000205230-Z0022,1,49,6455.5,,unavailable in GeoTIFF/XML artifact; band index reported
scene_01_DT0000205230-Z0022,1,50,6423.5,,unavailable in GeoTIFF/XML artifact; band index reported
scene_01_DT0000205230-Z0022,1,51,6438.0,2489.4952756085927,unavailable in GeoTIFF/XML artifact; band index reported
scene_01_DT0000205230-Z0022,1,52,6474.5,,unavailable in GeoTIFF/XML artifact; band index reported
scene_01_DT0000205230-Z0022,1,53,6489.5,,unavailable in GeoTIFF/XML artifact; band index reported
scene_01_DT0000205230-Z0022,1,54,6506.5,,unavailable in GeoTIFF/XML artifact; band index reported
scene_01_DT0000205230-Z0022,1,55,6556.0,,unavailable in GeoTIFF/XML artifact; band index reported
scene_01_DT0000205230-Z0022,1,56,6595.0,,unavailable in GeoTIFF/XML artifact; band index reported
scene_01_DT0000205230-Z0022,1,57,6709.0,,unavailable in GeoTIFF/XML artifact; band index reported
scene_01_DT0000205230-Z0022,1,58,6694.0,3403.2712116040516,unavailable in GeoTIFF/XML artifact; band index reported
scene_01_DT0000205230-Z0022,1,59,6711.5,,unavailable in GeoTIFF/XML artifact; band index reported
scene_01_DT0000205230-Z0022,1,60,6652.5,,unavailable in GeoTIFF/XML artifact; band index reported
scene_01_DT0000205230-Z0022,1,61,6755.0,,unavailable in GeoTIFF/XML artifact; band index reported
scene_01_DT0000205230-Z0022,1,62,6775.5,,unavailable in GeoTIFF/XML artifact; band index reported
scene_01_DT0000205230-Z0022,1,63,6762.0,,unavailable in GeoTIFF/XML artifact; band index reported
scene_01_DT0000205230-Z0022,1,64,6766.5,,unavailable in GeoTIFF/XML artifact; band index reported
scene_01_DT0000205230-Z0022,1,65,6706.5,3750.923699412018,unavailable in GeoTIFF/XML artifact; band index reported
scene_01_DT0000205230-Z0022,1,66,6804.0,,unavailable in GeoTIFF/XML artifact; band index reported
scene_01_DT0000205230-Z0022,1,67,6786.0,,unavailable in GeoTIFF/XML artifact; band index reported
scene_01_DT0000205230-Z0022,1,68,6782.5,,unavailable in GeoTIFF/XML artifact; band index reported
scene_01_DT0000205230-Z0022,1,69,6870.0,,unavailable in GeoTIFF/XML artifact; band index reported
scene_01_DT0000205230-Z0022,1,70,6940.0,,unavailable in GeoTIFF/XML artifact; band index reported
scene_01_DT0000205230-Z0022,1,71,6911.0,,unavailable in GeoTIFF/XML artifact; band index reported
scene_01_DT0000205230-Z0022,1,72,6848.0,3913.7549246977705,unavailable in GeoTIFF/XML artifact; band index reported
scene_01_DT0000205230-Z0022,1,73,6895.0,,unavailable in GeoTIFF/XML artifact; band index reported
scene_01_DT0000205230-Z0022,1,74,6866.5,,unavailable in GeoTIFF/XML artifact; band index reported
scene_01_DT0000205230-Z0022,1,75,6947.0,,unavailable in GeoTIFF/XML artifact; band index reported
scene_01_DT0000205230-Z0022,1,76,6905.0,,unavailable in GeoTIFF/XML artifact; band index reported
scene_01_DT0000205230-Z0022,1,77,6971.5,,unavailable in GeoTIFF/XML artifact; band index reported
scene_01_DT0000205230-Z0022,1,78,6864.0,,unavailable in GeoTIFF/XML artifact; band index reported
scene_01_DT0000205230-Z0022,1,79,6993.0,,unavailable in GeoTIFF/XML artifact; band index reported
scene_01_DT0000205230-Z0022,1,80,6908.0,4004.0477535216755,unavailable in GeoTIFF/XML artifact; band index reported
scene_01_DT0000205230-Z0022,1,81,6937.5,,unavailable in GeoTIFF/XML artifact; band index reported
scene_01_DT0000205230-Z0022,1,82,6838.5,,unavailable in GeoTIFF/XML artifact; band index reported
scene_01_DT0000205230-Z0022,1,83,6783.0,,unavailable in GeoTIFF/XML artifact; band index reported
scene_01_DT0000205230-Z0022,1,84,6676.5,,unavailable in GeoTIFF/XML artifact; band index reported
scene_01_DT0000205230-Z0022,1,85,6951.5,,unavailable in GeoTIFF/XML artifact; band index reported
scene_01_DT0000205230-Z0022,1,86,6886.5,,unavailable in GeoTIFF/XML artifact; band index reported
scene_01_DT0000205230-Z0022,1,87,6601.5,3837.6610413015565,unavailable in GeoTIFF/XML artifact; band index reported
scene_01_DT0000205230-Z0022,1,88,7289.5,,unavailable in GeoTIFF/XML artifact; band index reported
scene_01_DT0000205230-Z0022,1,89,6885.0,,unavailable in GeoTIFF/XML artifact; band index reported
scene_01_DT0000205230-Z0022,1,90,7185.5,,unavailable in GeoTIFF/XML artifact; band index reported
scene_01_DT0000205230-Z0022,1,91,6759.5,,unavailable in GeoTIFF/XML artifact; band index reported
scene_01_DT0000205230-Z0022,1,92,6980.0,,unavailable in GeoTIFF/XML artifact; band index reported
scene_01_DT0000205230-Z0022,1,93,6914.5,,unavailable in GeoTIFF/XML artifact; band index reported
scene_01_DT0000205230-Z0022,1,94,6741.5,3813.7033160932942,unavailable in GeoTIFF/XML artifact; band index reported
scene_01_DT0000205230-Z0022,1,95,6710.0,,unavailable in GeoTIFF/XML artifact; band index reported
scene_01_DT0000205230-Z0022,1,96,6912.5,,unavailable in GeoTIFF/XML artifact; band index reported
scene_01_DT0000205230-Z0022,1,97,6747.5,,unavailable in GeoTIFF/XML artifact; band index reported
scene_01_DT0000205230-Z0022,1,98,6945.0,,unavailable in GeoTIFF/XML artifact; band index reported
scene_01_DT0000205230-Z0022,1,99,6791.5,,unavailable in GeoTIFF/XML artifact; band index reported
scene_01_DT0000205230-Z0022,1,100,7003.0,,unavailable in GeoTIFF/XML artifact; band index reported
scene_01_DT0000205230-Z0022,1,101,6636.0,3810.509529806768,unavailable in GeoTIFF/XML artifact; band index reported
scene_01_DT0000205230-Z0022,1,102,7015.5,,unavailable in GeoTIFF/XML artifact; band index reported
scene_01_DT0000205230-Z0022,1,103,7002.5,,unavailable in GeoTIFF/XML artifact; band index reported
scene_01_DT0000205230-Z0022,1,104,7036.5,,unavailable in GeoTIFF/XML artifact; band index reported
scene_01_DT0000205230-Z0022,1,105,7088.0,,unavailable in GeoTIFF/XML artifact; band index reported
scene_01_DT0000205230-Z0022,1,106,7082.0,,unavailable in GeoTIFF/XML artifact; band index reported
scene_01_DT0000205230-Z0022,1,107,7106.0,,unavailable in GeoTIFF/XML artifact; band index reported
scene_01_DT0000205230-Z0022,1,108,7146.5,4315.307138388113,unavailable in GeoTIFF/XML artifact; band index reported
scene_01_DT0000205230-Z0022,1,109,7144.0,,unavailable in GeoTIFF/XML artifact; band index reported
scene_01_DT0000205230-Z0022,1,110,7129.5,,unavailable in GeoTIFF/XML artifact; band index reported
scene_01_DT0000205230-Z0022,1,111,7086.0,,unavailable in GeoTIFF/XML artifact; band index reported
scene_01_DT0000205230-Z0022,1,112,6833.0,,unavailable in GeoTIFF/XML artifact; band index reported
scene_01_DT0000205230-Z0022,1,113,6883.5,,unavailable in GeoTIFF/XML artifact; band index reported
scene_01_DT0000205230-Z0022,1,114,6830.0,,unavailable in GeoTIFF/XML artifact; band index reported
scene_01_DT0000205230-Z0022,1,115,6558.0,,unavailable in GeoTIFF/XML artifact; band index reported
scene_01_DT0000205230-Z0022,1,116,6745.0,3672.3491114413987,unavailable in GeoTIFF/XML artifact; band index reported
scene_01_DT0000205230-Z0022,1,117,6822.5,,unavailable in GeoTIFF/XML artifact; band index reported
scene_01_DT0000205230-Z0022,1,118,6870.5,,unavailable in GeoTIFF/XML artifact; band index reported
scene_01_DT0000205230-Z0022,1,119,6879.0,,unavailable in GeoTIFF/XML artifact; band index reported
scene_01_DT0000205230-Z0022,1,120,6844.5,,unavailable in GeoTIFF/XML artifact; band index reported
scene_01_DT0000205230-Z0022,1,121,6897.0,,unavailable in GeoTIFF/XML artifact; band index reported
scene_01_DT0000205230-Z0022,1,122,6943.5,,unavailable in GeoTIFF/XML artifact; band index reported
scene_01_DT0000205230-Z0022,1,123,6979.0,3942.3069460173356,unavailable in GeoTIFF/XML artifact; band index reported
scene_01_DT0000205230-Z0022,1,124,6983.0,,unavailable in GeoTIFF/XML artifact; band index reported
scene_01_DT0000205230-Z0022,1,125,6993.0,,unavailable in GeoTIFF/XML artifact; band index reported
scene_01_DT0000205230-Z0022,1,126,6993.0,,unavailable in GeoTIFF/XML artifact; band index reported
scene_01_DT0000205230-Z0022,1,127,6961.0,,unavailable in GeoTIFF/XML artifact; band index reported
scene_01_DT0000205230-Z0022,1,128,6867.5,,unavailable in GeoTIFF/XML artifact; band index reported
scene_01_DT0000205230-Z0022,1,129,6845.5,,unavailable in GeoTIFF/XML artifact; band index reported
scene_01_DT0000205230-Z0022,1,130,6786.5,3684.4208072753718,unavailable in GeoTIFF/XML artifact; band index reported
scene_01_DT0000205230-Z0022,1,131,-32768.0,,unavailable in GeoTIFF/XML artifact; band index reported
scene_01_DT0000205230-Z0022,1,132,-32768.0,,unavailable in GeoTIFF/XML artifact; band index reported
scene_01_DT0000205230-Z0022,1,133,-32768.0,,unavailable in GeoTIFF/XML artifact; band index reported
scene_01_DT0000205230-Z0022,1,134,-32768.0,,unavailable in GeoTIFF/XML artifact; band index reported
scene_01_DT0000205230-Z0022,1,135,-32768.0,,unavailable in GeoTIFF/XML artifact; band index reported
scene_01_DT0000205230-Z0022,1,136,4412.5,,unavailable in GeoTIFF/XML artifact; band index reported
scene_01_DT0000205230-Z0022,1,137,4756.5,2058.245710828859,unavailable in GeoTIFF/XML artifact; band index reported
scene_01_DT0000205230-Z0022,1,138,4676.5,,unavailable in GeoTIFF/XML artifact; band index reported
scene_01_DT0000205230-Z0022,1,139,4640.0,,unavailable in GeoTIFF/XML artifact; band index reported
scene_01_DT0000205230-Z0022,1,140,4783.0,,unavailable in GeoTIFF/XML artifact; band index reported
scene_01_DT0000205230-Z0022,1,141,4929.5,,unavailable in GeoTIFF/XML artifact; band index reported
scene_01_DT0000205230-Z0022,1,142,5146.5,,unavailable in GeoTIFF/XML artifact; band index reported
scene_01_DT0000205230-Z0022,1,143,5295.0,,unavailable in GeoTIFF/XML artifact; band index reported
scene_01_DT0000205230-Z0022,1,144,5466.5,2080.945566339755,unavailable in GeoTIFF/XML artifact; band index reported
scene_01_DT0000205230-Z0022,1,145,5599.0,,unavailable in GeoTIFF/XML artifact; band index reported
scene_01_DT0000205230-Z0022,1,146,5732.0,,unavailable in GeoTIFF/XML artifact; band index reported
scene_01_DT0000205230-Z0022,1,147,5833.0,,unavailable in GeoTIFF/XML artifact; band index reported
scene_01_DT0000205230-Z0022,1,148,5909.5,,unavailable in GeoTIFF/XML artifact; band index reported
scene_01_DT0000205230-Z0022,1,149,5996.0,,unavailable in GeoTIFF/XML artifact; band index reported
scene_01_DT0000205230-Z0022,1,150,6060.0,,unavailable in GeoTIFF/XML artifact; band index reported
scene_01_DT0000205230-Z0022,1,151,6134.5,,unavailable in GeoTIFF/XML artifact; band index reported
scene_01_DT0000205230-Z0022,1,152,6176.0,2584.3016073811323,unavailable in GeoTIFF/XML artifact; band index reported
scene_01_DT0000205230-Z0022,1,153,6192.0,,unavailable in GeoTIFF/XML artifact; band index reported
scene_01_DT0000205230-Z0022,1,154,6246.5,,unavailable in GeoTIFF/XML artifact; band index reported
scene_01_DT0000205230-Z0022,1,155,6261.0,,unavailable in GeoTIFF/XML artifact; band index reported
scene_01_DT0000205230-Z0022,1,156,6302.5,,unavailable in GeoTIFF/XML artifact; band index reported
scene_01_DT0000205230-Z0022,1,157,6305.5,,unavailable in GeoTIFF/XML artifact; band index reported
scene_01_DT0000205230-Z0022,1,158,6322.0,,unavailable in GeoTIFF/XML artifact; band index reported
scene_01_DT0000205230-Z0022,1,159,6328.0,2624.7136565158407,unavailable in GeoTIFF/XML artifact; band index reported
scene_01_DT0000205230-Z0022,1,160,6324.5,,unavailable in GeoTIFF/XML artifact; band index reported
scene_01_DT0000205230-Z0022,1,161,6290.5,,unavailable in GeoTIFF/XML artifact; band index reported
scene_01_DT0000205230-Z0022,1,162,6231.0,,unavailable in GeoTIFF/XML artifact; band index reported
scene_01_DT0000205230-Z0022,1,163,6233.0,,unavailable in GeoTIFF/XML artifact; band index reported
scene_01_DT0000205230-Z0022,1,164,6151.0,,unavailable in GeoTIFF/XML artifact; band index reported
scene_01_DT0000205230-Z0022,1,165,6120.0,,unavailable in GeoTIFF/XML artifact; band index reported
scene_01_DT0000205230-Z0022,1,166,5994.5,2489.936876681637,unavailable in GeoTIFF/XML artifact; band index reported
scene_01_DT0000205230-Z0022,1,167,2388.5,,unavailable in GeoTIFF/XML artifact; band index reported
scene_01_DT0000205230-Z0022,1,168,2587.5,,unavailable in GeoTIFF/XML artifact; band index reported
scene_01_DT0000205230-Z0022,1,169,2810.5,,unavailable in GeoTIFF/XML artifact; band index reported
scene_01_DT0000205230-Z0022,1,170,2886.0,,unavailable in GeoTIFF/XML artifact; band index reported
scene_01_DT0000205230-Z0022,1,171,2792.0,,unavailable in GeoTIFF/XML artifact; band index reported
scene_01_DT0000205230-Z0022,1,172,3026.0,,unavailable in GeoTIFF/XML artifact; band index reported
scene_01_DT0000205230-Z0022,1,173,3371.5,1061.9858491886037,unavailable in GeoTIFF/XML artifact; band index reported
scene_01_DT0000205230-Z0022,1,174,3709.0,,unavailable in GeoTIFF/XML artifact; band index reported
scene_01_DT0000205230-Z0022,1,175,3878.0,,unavailable in GeoTIFF/XML artifact; band index reported
scene_01_DT0000205230-Z0022,1,176,3934.0,,unavailable in GeoTIFF/XML artifact; band index reported
scene_01_DT0000205230-Z0022,1,177,4101.5,,unavailable in GeoTIFF/XML artifact; band index reported
scene_01_DT0000205230-Z0022,1,178,4380.0,,unavailable in GeoTIFF/XML artifact; band index reported
scene_01_DT0000205230-Z0022,1,179,4502.5,,unavailable in GeoTIFF/XML artifact; band index reported
scene_01_DT0000205230-Z0022,1,180,4601.5,1390.0855269078343,unavailable in GeoTIFF/XML artifact; band index reported
scene_01_DT0000205230-Z0022,1,181,4725.5,,unavailable in GeoTIFF/XML artifact; band index reported
scene_01_DT0000205230-Z0022,1,182,4885.0,,unavailable in GeoTIFF/XML artifact; band index reported
scene_01_DT0000205230-Z0022,1,183,5018.0,,unavailable in GeoTIFF/XML artifact; band index reported
scene_01_DT0000205230-Z0022,1,184,4959.0,,unavailable in GeoTIFF/XML artifact; band index reported
scene_01_DT0000205230-Z0022,1,185,5138.0,,unavailable in GeoTIFF/XML artifact; band index reported
scene_01_DT0000205230-Z0022,1,186,5252.5,,unavailable in GeoTIFF/XML artifact; band index reported
scene_01_DT0000205230-Z0022,1,187,5247.5,,unavailable in GeoTIFF/XML artifact; band index reported
scene_01_DT0000205230-Z0022,1,188,5231.0,1615.012412344073,unavailable in GeoTIFF/XML artifact; band index reported
scene_01_DT0000205230-Z0022,1,189,5273.0,,unavailable in GeoTIFF/XML artifact; band index reported
scene_01_DT0000205230-Z0022,1,190,5294.5,,unavailable in GeoTIFF/XML artifact; band index reported
scene_01_DT0000205230-Z0022,1,191,5267.5,,unavailable in GeoTIFF/XML artifact; band index reported
scene_01_DT0000205230-Z0022,1,192,5337.0,,unavailable in GeoTIFF/XML artifact; band index reported
scene_01_DT0000205230-Z0022,1,193,5295.0,,unavailable in GeoTIFF/XML artifact; band index reported
scene_01_DT0000205230-Z0022,1,194,5388.0,,unavailable in GeoTIFF/XML artifact; band index reported
scene_01_DT0000205230-Z0022,1,195,5450.0,1714.134939921006,unavailable in GeoTIFF/XML artifact; band index reported
scene_01_DT0000205230-Z0022,1,196,5457.5,,unavailable in GeoTIFF/XML artifact; band index reported
scene_01_DT0000205230-Z0022,1,197,5491.5,,unavailable in GeoTIFF/XML artifact; band index reported
scene_01_DT0000205230-Z0022,1,198,5431.5,,unavailable in GeoTIFF/XML artifact; band index reported
scene_01_DT0000205230-Z0022,1,199,5416.5,,unavailable in GeoTIFF/XML artifact; band index reported
scene_01_DT0000205230-Z0022,1,200,5393.0,,unavailable in GeoTIFF/XML artifact; band index reported
scene_01_DT0000205230-Z0022,1,201,5319.5,,unavailable in GeoTIFF/XML artifact; band index reported
scene_01_DT0000205230-Z0022,1,202,5296.5,1623.8421900371911,unavailable in GeoTIFF/XML artifact; band index reported
scene_01_DT0000205230-Z0022,1,203,5269.5,,unavailable in GeoTIFF/XML artifact; band index reported
scene_01_DT0000205230-Z0022,1,204,5158.0,,unavailable in GeoTIFF/XML artifact; band index reported
scene_01_DT0000205230-Z0022,1,205,5081.0,,unavailable in GeoTIFF/XML artifact; band index reported
scene_01_DT0000205230-Z0022,1,206,5007.5,,unavailable in GeoTIFF/XML artifact; band index reported
scene_01_DT0000205230-Z0022,1,207,4941.0,,unavailable in GeoTIFF/XML artifact; band index reported
scene_01_DT0000205230-Z0022,1,208,4847.5,,unavailable in GeoTIFF/XML artifact; band index reported
scene_01_DT0000205230-Z0022,1,209,4796.0,1409.4000839608805,unavailable in GeoTIFF/XML artifact; band index reported
scene_01_DT0000205230-Z0022,1,210,4707.5,,unavailable in GeoTIFF/XML artifact; band index reported
scene_01_DT0000205230-Z0022,1,211,4592.0,,unavailable in GeoTIFF/XML artifact; band index reported
scene_01_DT0000205230-Z0022,1,212,4530.5,,unavailable in GeoTIFF/XML artifact; band index reported
scene_01_DT0000205230-Z0022,1,213,4492.0,,unavailable in GeoTIFF/XML artifact; band index reported
scene_01_DT0000205230-Z0022,1,214,4373.5,,unavailable in GeoTIFF/XML artifact; band index reported
scene_01_DT0000205230-Z0022,1,215,4300.5,,unavailable in GeoTIFF/XML artifact; band index reported
scene_01_DT0000205230-Z0022,1,216,4215.0,1289.576248101925,unavailable in GeoTIFF/XML artifact; band index reported
scene_01_DT0000205230-Z0022,1,217,4129.5,,unavailable in GeoTIFF/XML artifact; band index reported
scene_01_DT0000205230-Z0022,1,218,4018.0,,unavailable in GeoTIFF/XML artifact; band index reported
scene_01_DT0000205230-Z0022,1,219,3901.0,,unavailable in GeoTIFF/XML artifact; band index reported
scene_01_DT0000205230-Z0022,1,220,3796.5,,unavailable in GeoTIFF/XML artifact; band index reported
scene_01_DT0000205230-Z0022,1,221,3723.0,,unavailable in GeoTIFF/XML artifact; band index reported
scene_01_DT0000205230-Z0022,1,222,3723.0,,unavailable in GeoTIFF/XML artifact; band index reported
scene_01_DT0000205230-Z0022,1,223,3586.5,,unavailable in GeoTIFF/XML artifact; band index reported
scene_01_DT0000205230-Z0022,1,224,3544.0,1179.1428435136806,unavailable in GeoTIFF/XML artifact; band index reported
scene_01_DT0000205230-Z0122,2,1,6907.5,2778.141339809302,unavailable in GeoTIFF/XML artifact; band index reported
scene_01_DT0000205230-Z0122,2,2,6769.5,,unavailable in GeoTIFF/XML artifact; band index reported
scene_01_DT0000205230-Z0122,2,3,6754.5,,unavailable in GeoTIFF/XML artifact; band index reported
scene_01_DT0000205230-Z0122,2,4,6827.5,,unavailable in GeoTIFF/XML artifact; band index reported
scene_01_DT0000205230-Z0122,2,5,6782.0,,unavailable in GeoTIFF/XML artifact; band index reported
scene_01_DT0000205230-Z0122,2,6,6699.0,,unavailable in GeoTIFF/XML artifact; band index reported
scene_01_DT0000205230-Z0122,2,7,6734.5,,unavailable in GeoTIFF/XML artifact; band index reported
scene_01_DT0000205230-Z0122,2,8,6719.5,2642.754279270416,unavailable in GeoTIFF/XML artifact; band index reported
scene_01_DT0000205230-Z0122,2,9,6667.5,,unavailable in GeoTIFF/XML artifact; band index reported
scene_01_DT0000205230-Z0122,2,10,6698.0,,unavailable in GeoTIFF/XML artifact; band index reported
scene_01_DT0000205230-Z0122,2,11,6706.0,,unavailable in GeoTIFF/XML artifact; band index reported
scene_01_DT0000205230-Z0122,2,12,6635.0,,unavailable in GeoTIFF/XML artifact; band index reported
scene_01_DT0000205230-Z0122,2,13,6652.0,,unavailable in GeoTIFF/XML artifact; band index reported
scene_01_DT0000205230-Z0122,2,14,6717.5,,unavailable in GeoTIFF/XML artifact; band index reported
scene_01_DT0000205230-Z0122,2,15,6753.5,2609.7302388123417,unavailable in GeoTIFF/XML artifact; band index reported
scene_01_DT0000205230-Z0122,2,16,6668.5,,unavailable in GeoTIFF/XML artifact; band index reported
scene_01_DT0000205230-Z0122,2,17,6699.0,,unavailable in GeoTIFF/XML artifact; band index reported
scene_01_DT0000205230-Z0122,2,18,6709.5,,unavailable in GeoTIFF/XML artifact; band index reported
scene_01_DT0000205230-Z0122,2,19,6669.0,,unavailable in GeoTIFF/XML artifact; band index reported
scene_01_DT0000205230-Z0122,2,20,6698.0,,unavailable in GeoTIFF/XML artifact; band index reported
scene_01_DT0000205230-Z0122,2,21,6773.0,,unavailable in GeoTIFF/XML artifact; band index reported
scene_01_DT0000205230-Z0122,2,22,6710.0,2618.1355794552014,unavailable in GeoTIFF/XML artifact; band index reported
scene_01_DT0000205230-Z0122,2,23,6705.0,,unavailable in GeoTIFF/XML artifact; band index reported
scene_01_DT0000205230-Z0122,2,24,6732.5,,unavailable in GeoTIFF/XML artifact; band index reported
scene_01_DT0000205230-Z0122,2,25,6744.0,,unavailable in GeoTIFF/XML artifact; band index reported
scene_01_DT0000205230-Z0122,2,26,6774.0,,unavailable in GeoTIFF/XML artifact; band index reported
scene_01_DT0000205230-Z0122,2,27,6748.5,,unavailable in GeoTIFF/XML artifact; band index reported
scene_01_DT0000205230-Z0122,2,28,6774.0,,unavailable in GeoTIFF/XML artifact; band index reported
scene_01_DT0000205230-Z0122,2,29,6768.5,2675.2596888432727,unavailable in GeoTIFF/XML artifact; band index reported
scene_01_DT0000205230-Z0122,2,30,6769.5,,unavailable in GeoTIFF/XML artifact; band index reported
scene_01_DT0000205230-Z0122,2,31,6780.5,,unavailable in GeoTIFF/XML artifact; band index reported
scene_01_DT0000205230-Z0122,2,32,6767.5,,unavailable in GeoTIFF/XML artifact; band index reported
scene_01_DT0000205230-Z0122,2,33,6827.0,,unavailable in GeoTIFF/XML artifact; band index reported
scene_01_DT0000205230-Z0122,2,34,6841.5,,unavailable in GeoTIFF/XML artifact; band index reported
scene_01_DT0000205230-Z0122,2,35,6838.5,,unavailable in GeoTIFF/XML artifact; band index reported
scene_01_DT0000205230-Z0122,2,36,6823.5,2633.6236388835327,unavailable in GeoTIFF/XML artifact; band index reported
scene_01_DT0000205230-Z0122,2,37,6840.0,,unavailable in GeoTIFF/XML artifact; band index reported
scene_01_DT0000205230-Z0122,2,38,6841.5,,unavailable in GeoTIFF/XML artifact; band index reported
scene_01_DT0000205230-Z0122,2,39,6822.5,,unavailable in GeoTIFF/XML artifact; band index reported
scene_01_DT0000205230-Z0122,2,40,6779.5,,unavailable in GeoTIFF/XML artifact; band index reported
scene_01_DT0000205230-Z0122,2,41,6763.0,,unavailable in GeoTIFF/XML artifact; band index reported
scene_01_DT0000205230-Z0122,2,42,6705.0,,unavailable in GeoTIFF/XML artifact; band index reported
scene_01_DT0000205230-Z0122,2,43,6740.5,,unavailable in GeoTIFF/XML artifact; band index reported
scene_01_DT0000205230-Z0122,2,44,6788.0,2557.77455595676,unavailable in GeoTIFF/XML artifact; band index reported
scene_01_DT0000205230-Z0122,2,45,6755.0,,unavailable in GeoTIFF/XML artifact; band index reported
scene_01_DT0000205230-Z0122,2,46,6738.5,,unavailable in GeoTIFF/XML artifact; band index reported
scene_01_DT0000205230-Z0122,2,47,6713.0,,unavailable in GeoTIFF/XML artifact; band index reported
scene_01_DT0000205230-Z0122,2,48,6738.0,,unavailable in GeoTIFF/XML artifact; band index reported
scene_01_DT0000205230-Z0122,2,49,6716.5,,unavailable in GeoTIFF/XML artifact; band index reported
scene_01_DT0000205230-Z0122,2,50,6657.5,,unavailable in GeoTIFF/XML artifact; band index reported
scene_01_DT0000205230-Z0122,2,51,6688.0,2489.4952756085927,unavailable in GeoTIFF/XML artifact; band index reported
scene_01_DT0000205230-Z0122,2,52,6718.0,,unavailable in GeoTIFF/XML artifact; band index reported
scene_01_DT0000205230-Z0122,2,53,6748.5,,unavailable in GeoTIFF/XML artifact; band index reported
scene_01_DT0000205230-Z0122,2,54,6730.0,,unavailable in GeoTIFF/XML artifact; band index reported
scene_01_DT0000205230-Z0122,2,55,6807.5,,unavailable in GeoTIFF/XML artifact; band index reported
scene_01_DT0000205230-Z0122,2,56,6835.0,,unavailable in GeoTIFF/XML artifact; band index reported
scene_01_DT0000205230-Z0122,2,57,6941.0,,unavailable in GeoTIFF/XML artifact; band index reported
scene_01_DT0000205230-Z0122,2,58,6895.5,3403.2712116040516,unavailable in GeoTIFF/XML artifact; band index reported
scene_01_DT0000205230-Z0122,2,59,6906.5,,unavailable in GeoTIFF/XML artifact; band index reported
scene_01_DT0000205230-Z0122,2,60,6849.5,,unavailable in GeoTIFF/XML artifact; band index reported
scene_01_DT0000205230-Z0122,2,61,6948.5,,unavailable in GeoTIFF/XML artifact; band index reported
scene_01_DT0000205230-Z0122,2,62,6898.0,,unavailable in GeoTIFF/XML artifact; band index reported
scene_01_DT0000205230-Z0122,2,63,6911.5,,unavailable in GeoTIFF/XML artifact; band index reported
scene_01_DT0000205230-Z0122,2,64,6949.5,,unavailable in GeoTIFF/XML artifact; band index reported
scene_01_DT0000205230-Z0122,2,65,6887.5,3750.923699412018,unavailable in GeoTIFF/XML artifact; band index reported
scene_01_DT0000205230-Z0122,2,66,6971.0,,unavailable in GeoTIFF/XML artifact; band index reported
scene_01_DT0000205230-Z0122,2,67,6947.0,,unavailable in GeoTIFF/XML artifact; band index reported
scene_01_DT0000205230-Z0122,2,68,6971.0,,unavailable in GeoTIFF/XML artifact; band index reported
scene_01_DT0000205230-Z0122,2,69,7066.0,,unavailable in GeoTIFF/XML artifact; band index reported
scene_01_DT0000205230-Z0122,2,70,7116.0,,unavailable in GeoTIFF/XML artifact; band index reported
scene_01_DT0000205230-Z0122,2,71,7099.5,,unavailable in GeoTIFF/XML artifact; band index reported
scene_01_DT0000205230-Z0122,2,72,7027.5,3913.7549246977705,unavailable in GeoTIFF/XML artifact; band index reported
scene_01_DT0000205230-Z0122,2,73,7077.0,,unavailable in GeoTIFF/XML artifact; band index reported
scene_01_DT0000205230-Z0122,2,74,7052.5,,unavailable in GeoTIFF/XML artifact; band index reported
scene_01_DT0000205230-Z0122,2,75,7099.0,,unavailable in GeoTIFF/XML artifact; band index reported
scene_01_DT0000205230-Z0122,2,76,7065.0,,unavailable in GeoTIFF/XML artifact; band index reported
scene_01_DT0000205230-Z0122,2,77,7107.5,,unavailable in GeoTIFF/XML artifact; band index reported
scene_01_DT0000205230-Z0122,2,78,7080.0,,unavailable in GeoTIFF/XML artifact; band index reported
scene_01_DT0000205230-Z0122,2,79,7137.0,,unavailable in GeoTIFF/XML artifact; band index reported
scene_01_DT0000205230-Z0122,2,80,7049.5,4004.0477535216755,unavailable in GeoTIFF/XML artifact; band index reported
scene_01_DT0000205230-Z0122,2,81,7093.5,,unavailable in GeoTIFF/XML artifact; band index reported
scene_01_DT0000205230-Z0122,2,82,6982.0,,unavailable in GeoTIFF/XML artifact; band index reported
scene_01_DT0000205230-Z0122,2,83,6953.0,,unavailable in GeoTIFF/XML artifact; band index reported
scene_01_DT0000205230-Z0122,2,84,6811.0,,unavailable in GeoTIFF/XML artifact; band index reported
scene_01_DT0000205230-Z0122,2,85,7099.5,,unavailable in GeoTIFF/XML artifact; band index reported
scene_01_DT0000205230-Z0122,2,86,7140.5,,unavailable in GeoTIFF/XML artifact; band index reported
scene_01_DT0000205230-Z0122,2,87,6657.0,3837.6610413015565,unavailable in GeoTIFF/XML artifact; band index reported
scene_01_DT0000205230-Z0122,2,88,7458.5,,unavailable in GeoTIFF/XML artifact; band index reported
scene_01_DT0000205230-Z0122,2,89,7040.5,,unavailable in GeoTIFF/XML artifact; band index reported
scene_01_DT0000205230-Z0122,2,90,7336.5,,unavailable in GeoTIFF/XML artifact; band index reported
scene_01_DT0000205230-Z0122,2,91,6918.0,,unavailable in GeoTIFF/XML artifact; band index reported
scene_01_DT0000205230-Z0122,2,92,7155.5,,unavailable in GeoTIFF/XML artifact; band index reported
scene_01_DT0000205230-Z0122,2,93,7134.5,,unavailable in GeoTIFF/XML artifact; band index reported
scene_01_DT0000205230-Z0122,2,94,6916.5,3813.7033160932942,unavailable in GeoTIFF/XML artifact; band index reported
scene_01_DT0000205230-Z0122,2,95,6922.0,,unavailable in GeoTIFF/XML artifact; band index reported
scene_01_DT0000205230-Z0122,2,96,7062.5,,unavailable in GeoTIFF/XML artifact; band index reported
scene_01_DT0000205230-Z0122,2,97,6967.0,,unavailable in GeoTIFF/XML artifact; band index reported
scene_01_DT0000205230-Z0122,2,98,7091.0,,unavailable in GeoTIFF/XML artifact; band index reported
scene_01_DT0000205230-Z0122,2,99,6986.5,,unavailable in GeoTIFF/XML artifact; band index reported
scene_01_DT0000205230-Z0122,2,100,7130.5,,unavailable in GeoTIFF/XML artifact; band index reported
scene_01_DT0000205230-Z0122,2,101,6886.0,3810.509529806768,unavailable in GeoTIFF/XML artifact; band index reported
scene_01_DT0000205230-Z0122,2,102,7122.0,,unavailable in GeoTIFF/XML artifact; band index reported
scene_01_DT0000205230-Z0122,2,103,7131.0,,unavailable in GeoTIFF/XML artifact; band index reported
scene_01_DT0000205230-Z0122,2,104,7151.5,,unavailable in GeoTIFF/XML artifact; band index reported
scene_01_DT0000205230-Z0122,2,105,7195.0,,unavailable in GeoTIFF/XML artifact; band index reported
scene_01_DT0000205230-Z0122,2,106,7199.5,,unavailable in GeoTIFF/XML artifact; band index reported
scene_01_DT0000205230-Z0122,2,107,7221.0,,unavailable in GeoTIFF/XML artifact; band index reported
scene_01_DT0000205230-Z0122,2,108,7259.0,4315.307138388113,unavailable in GeoTIFF/XML artifact; band index reported
scene_01_DT0000205230-Z0122,2,109,7249.0,,unavailable in GeoTIFF/XML artifact; band index reported
scene_01_DT0000205230-Z0122,2,110,7234.5,,unavailable in GeoTIFF/XML artifact; band index reported
scene_01_DT0000205230-Z0122,2,111,7207.0,,unavailable in GeoTIFF/XML artifact; band index reported
scene_01_DT0000205230-Z0122,2,112,6868.5,,unavailable in GeoTIFF/XML artifact; band index reported
scene_01_DT0000205230-Z0122,2,113,7057.0,,unavailable in GeoTIFF/XML artifact; band index reported
scene_01_DT0000205230-Z0122,2,114,6986.5,,unavailable in GeoTIFF/XML artifact; band index reported
scene_01_DT0000205230-Z0122,2,115,6784.0,,unavailable in GeoTIFF/XML artifact; band index reported
scene_01_DT0000205230-Z0122,2,116,6925.5,3672.3491114413987,unavailable in GeoTIFF/XML artifact; band index reported
scene_01_DT0000205230-Z0122,2,117,6984.0,,unavailable in GeoTIFF/XML artifact; band index reported
scene_01_DT0000205230-Z0122,2,118,7040.0,,unavailable in GeoTIFF/XML artifact; band index reported
scene_01_DT0000205230-Z0122,2,119,7032.5,,unavailable in GeoTIFF/XML artifact; band index reported
scene_01_DT0000205230-Z0122,2,120,7028.0,,unavailable in GeoTIFF/XML artifact; band index reported
scene_01_DT0000205230-Z0122,2,121,7059.5,,unavailable in GeoTIFF/XML artifact; band index reported
scene_01_DT0000205230-Z0122,2,122,7099.0,,unavailable in GeoTIFF/XML artifact; band index reported
scene_01_DT0000205230-Z0122,2,123,7107.0,3942.3069460173356,unavailable in GeoTIFF/XML artifact; band index reported
scene_01_DT0000205230-Z0122,2,124,7110.0,,unavailable in GeoTIFF/XML artifact; band index reported
scene_01_DT0000205230-Z0122,2,125,7137.0,,unavailable in GeoTIFF/XML artifact; band index reported
scene_01_DT0000205230-Z0122,2,126,7129.0,,unavailable in GeoTIFF/XML artifact; band index reported
scene_01_DT0000205230-Z0122,2,127,7088.0,,unavailable in GeoTIFF/XML artifact; band index reported
scene_01_DT0000205230-Z0122,2,128,7008.5,,unavailable in GeoTIFF/XML artifact; band index reported
scene_01_DT0000205230-Z0122,2,129,6986.5,,unavailable in GeoTIFF/XML artifact; band index reported
scene_01_DT0000205230-Z0122,2,130,6890.5,3684.4208072753718,unavailable in GeoTIFF/XML artifact; band index reported
scene_01_DT0000205230-Z0122,2,131,-32768.0,,unavailable in GeoTIFF/XML artifact; band index reported
scene_01_DT0000205230-Z0122,2,132,-32768.0,,unavailable in GeoTIFF/XML artifact; band index reported
scene_01_DT0000205230-Z0122,2,133,-32768.0,,unavailable in GeoTIFF/XML artifact; band index reported
scene_01_DT0000205230-Z0122,2,134,-32768.0,,unavailable in GeoTIFF/XML artifact; band index reported
scene_01_DT0000205230-Z0122,2,135,-32768.0,,unavailable in GeoTIFF/XML artifact; band index reported
scene_01_DT0000205230-Z0122,2,136,4398.0,,unavailable in GeoTIFF/XML artifact; band index reported
scene_01_DT0000205230-Z0122,2,137,4993.0,2058.245710828859,unavailable in GeoTIFF/XML artifact; band index reported
scene_01_DT0000205230-Z0122,2,138,4806.0,,unavailable in GeoTIFF/XML artifact; band index reported
scene_01_DT0000205230-Z0122,2,139,4813.0,,unavailable in GeoTIFF/XML artifact; band index reported
scene_01_DT0000205230-Z0122,2,140,4832.5,,unavailable in GeoTIFF/XML artifact; band index reported
scene_01_DT0000205230-Z0122,2,141,4897.0,,unavailable in GeoTIFF/XML artifact; band index reported
scene_01_DT0000205230-Z0122,2,142,5108.5,,unavailable in GeoTIFF/XML artifact; band index reported
scene_01_DT0000205230-Z0122,2,143,5276.0,,unavailable in GeoTIFF/XML artifact; band index reported
scene_01_DT0000205230-Z0122,2,144,5434.0,2080.945566339755,unavailable in GeoTIFF/XML artifact; band index reported
scene_01_DT0000205230-Z0122,2,145,5603.0,,unavailable in GeoTIFF/XML artifact; band index reported
scene_01_DT0000205230-Z0122,2,146,5719.0,,unavailable in GeoTIFF/XML artifact; band index reported
scene_01_DT0000205230-Z0122,2,147,5835.5,,unavailable in GeoTIFF/XML artifact; band index reported
scene_01_DT0000205230-Z0122,2,148,5946.0,,unavailable in GeoTIFF/XML artifact; band index reported
scene_01_DT0000205230-Z0122,2,149,6015.0,,unavailable in GeoTIFF/XML artifact; band index reported
scene_01_DT0000205230-Z0122,2,150,6090.0,,unavailable in GeoTIFF/XML artifact; band index reported
scene_01_DT0000205230-Z0122,2,151,6146.5,,unavailable in GeoTIFF/XML artifact; band index reported
scene_01_DT0000205230-Z0122,2,152,6191.5,2584.3016073811323,unavailable in GeoTIFF/XML artifact; band index reported
scene_01_DT0000205230-Z0122,2,153,6204.5,,unavailable in GeoTIFF/XML artifact; band index reported
scene_01_DT0000205230-Z0122,2,154,6260.5,,unavailable in GeoTIFF/XML artifact; band index reported
scene_01_DT0000205230-Z0122,2,155,6284.0,,unavailable in GeoTIFF/XML artifact; band index reported
scene_01_DT0000205230-Z0122,2,156,6317.5,,unavailable in GeoTIFF/XML artifact; band index reported
scene_01_DT0000205230-Z0122,2,157,6311.0,,unavailable in GeoTIFF/XML artifact; band index reported
scene_01_DT0000205230-Z0122,2,158,6331.5,,unavailable in GeoTIFF/XML artifact; band index reported
scene_01_DT0000205230-Z0122,2,159,6351.0,2624.7136565158407,unavailable in GeoTIFF/XML artifact; band index reported
scene_01_DT0000205230-Z0122,2,160,6316.5,,unavailable in GeoTIFF/XML artifact; band index reported
scene_01_DT0000205230-Z0122,2,161,6277.0,,unavailable in GeoTIFF/XML artifact; band index reported
scene_01_DT0000205230-Z0122,2,162,6226.0,,unavailable in GeoTIFF/XML artifact; band index reported
scene_01_DT0000205230-Z0122,2,163,6204.0,,unavailable in GeoTIFF/XML artifact; band index reported
scene_01_DT0000205230-Z0122,2,164,6095.5,,unavailable in GeoTIFF/XML artifact; band index reported
scene_01_DT0000205230-Z0122,2,165,6033.0,,unavailable in GeoTIFF/XML artifact; band index reported
scene_01_DT0000205230-Z0122,2,166,5908.5,2489.936876681637,unavailable in GeoTIFF/XML artifact; band index reported
scene_01_DT0000205230-Z0122,2,167,2145.5,,unavailable in GeoTIFF/XML artifact; band index reported
scene_01_DT0000205230-Z0122,2,168,2334.0,,unavailable in GeoTIFF/XML artifact; band index reported
scene_01_DT0000205230-Z0122,2,169,2544.5,,unavailable in GeoTIFF/XML artifact; band index reported
scene_01_DT0000205230-Z0122,2,170,2534.0,,unavailable in GeoTIFF/XML artifact; band index reported
scene_01_DT0000205230-Z0122,2,171,2514.5,,unavailable in GeoTIFF/XML artifact; band index reported
scene_01_DT0000205230-Z0122,2,172,2750.5,,unavailable in GeoTIFF/XML artifact; band index reported
scene_01_DT0000205230-Z0122,2,173,3204.5,1061.9858491886037,unavailable in GeoTIFF/XML artifact; band index reported
scene_01_DT0000205230-Z0122,2,174,3408.0,,unavailable in GeoTIFF/XML artifact; band index reported
scene_01_DT0000205230-Z0122,2,175,3572.0,,unavailable in GeoTIFF/XML artifact; band index reported
scene_01_DT0000205230-Z0122,2,176,3623.5,,unavailable in GeoTIFF/XML artifact; band index reported
scene_01_DT0000205230-Z0122,2,177,3813.0,,unavailable in GeoTIFF/XML artifact; band index reported
scene_01_DT0000205230-Z0122,2,178,4012.5,,unavailable in GeoTIFF/XML artifact; band index reported
scene_01_DT0000205230-Z0122,2,179,4247.0,,unavailable in GeoTIFF/XML artifact; band index reported
scene_01_DT0000205230-Z0122,2,180,4353.0,1390.0855269078343,unavailable in GeoTIFF/XML artifact; band index reported
scene_01_DT0000205230-Z0122,2,181,4497.0,,unavailable in GeoTIFF/XML artifact; band index reported
scene_01_DT0000205230-Z0122,2,182,4731.0,,unavailable in GeoTIFF/XML artifact; band index reported
scene_01_DT0000205230-Z0122,2,183,4802.0,,unavailable in GeoTIFF/XML artifact; band index reported
scene_01_DT0000205230-Z0122,2,184,4769.5,,unavailable in GeoTIFF/XML artifact; band index reported
scene_01_DT0000205230-Z0122,2,185,4939.0,,unavailable in GeoTIFF/XML artifact; band index reported
scene_01_DT0000205230-Z0122,2,186,5068.0,,unavailable in GeoTIFF/XML artifact; band index reported
scene_01_DT0000205230-Z0122,2,187,5052.5,,unavailable in GeoTIFF/XML artifact; band index reported
scene_01_DT0000205230-Z0122,2,188,5134.0,1615.012412344073,unavailable in GeoTIFF/XML artifact; band index reported
scene_01_DT0000205230-Z0122,2,189,5115.0,,unavailable in GeoTIFF/XML artifact; band index reported
scene_01_DT0000205230-Z0122,2,190,5155.5,,unavailable in GeoTIFF/XML artifact; band index reported
scene_01_DT0000205230-Z0122,2,191,5097.0,,unavailable in GeoTIFF/XML artifact; band index reported
scene_01_DT0000205230-Z0122,2,192,5202.0,,unavailable in GeoTIFF/XML artifact; band index reported
scene_01_DT0000205230-Z0122,2,193,5152.5,,unavailable in GeoTIFF/XML artifact; band index reported
scene_01_DT0000205230-Z0122,2,194,5288.5,,unavailable in GeoTIFF/XML artifact; band index reported
scene_01_DT0000205230-Z0122,2,195,5300.0,1714.134939921006,unavailable in GeoTIFF/XML artifact; band index reported
scene_01_DT0000205230-Z0122,2,196,5372.5,,unavailable in GeoTIFF/XML artifact; band index reported
scene_01_DT0000205230-Z0122,2,197,5370.5,,unavailable in GeoTIFF/XML artifact; band index reported
scene_01_DT0000205230-Z0122,2,198,5326.0,,unavailable in GeoTIFF/XML artifact; band index reported
scene_01_DT0000205230-Z0122,2,199,5265.0,,unavailable in GeoTIFF/XML artifact; band index reported
scene_01_DT0000205230-Z0122,2,200,5276.0,,unavailable in GeoTIFF/XML artifact; band index reported
scene_01_DT0000205230-Z0122,2,201,5190.0,,unavailable in GeoTIFF/XML artifact; band index reported
scene_01_DT0000205230-Z0122,2,202,5181.0,1623.8421900371911,unavailable in GeoTIFF/XML artifact; band index reported
scene_01_DT0000205230-Z0122,2,203,5112.5,,unavailable in GeoTIFF/XML artifact; band index reported
scene_01_DT0000205230-Z0122,2,204,5023.5,,unavailable in GeoTIFF/XML artifact; band index reported
scene_01_DT0000205230-Z0122,2,205,4944.5,,unavailable in GeoTIFF/XML artifact; band index reported
scene_01_DT0000205230-Z0122,2,206,4889.0,,unavailable in GeoTIFF/XML artifact; band index reported
scene_01_DT0000205230-Z0122,2,207,4773.0,,unavailable in GeoTIFF/XML artifact; band index reported
scene_01_DT0000205230-Z0122,2,208,4718.0,,unavailable in GeoTIFF/XML artifact; band index reported
scene_01_DT0000205230-Z0122,2,209,4649.0,1409.4000839608805,unavailable in GeoTIFF/XML artifact; band index reported
scene_01_DT0000205230-Z0122,2,210,4508.0,,unavailable in GeoTIFF/XML artifact; band index reported
scene_01_DT0000205230-Z0122,2,211,4407.5,,unavailable in GeoTIFF/XML artifact; band index reported
scene_01_DT0000205230-Z0122,2,212,4372.0,,unavailable in GeoTIFF/XML artifact; band index reported
scene_01_DT0000205230-Z0122,2,213,4323.0,,unavailable in GeoTIFF/XML artifact; band index reported
scene_01_DT0000205230-Z0122,2,214,4158.5,,unavailable in GeoTIFF/XML artifact; band index reported
scene_01_DT0000205230-Z0122,2,215,4117.5,,unavailable in GeoTIFF/XML artifact; band index reported
scene_01_DT0000205230-Z0122,2,216,4022.5,1289.576248101925,unavailable in GeoTIFF/XML artifact; band index reported
scene_01_DT0000205230-Z0122,2,217,3962.5,,unavailable in GeoTIFF/XML artifact; band index reported
scene_01_DT0000205230-Z0122,2,218,3855.5,,unavailable in GeoTIFF/XML artifact; band index reported
scene_01_DT0000205230-Z0122,2,219,3732.0,,unavailable in GeoTIFF/XML artifact; band index reported
scene_01_DT0000205230-Z0122,2,220,3596.0,,unavailable in GeoTIFF/XML artifact; band index reported
scene_01_DT0000205230-Z0122,2,221,3560.5,,unavailable in GeoTIFF/XML artifact; band index reported
scene_01_DT0000205230-Z0122,2,222,3506.0,,unavailable in GeoTIFF/XML artifact; band index reported
scene_01_DT0000205230-Z0122,2,223,3421.0,,unavailable in GeoTIFF/XML artifact; band index reported
scene_01_DT0000205230-Z0122,2,224,3307.0,1179.1428435136806,unavailable in GeoTIFF/XML artifact; band index reported
scene_01_DT0000205230-Z0072,3,1,8361.416015625,2778.141339809302,unavailable in GeoTIFF/XML artifact; band index reported
scene_01_DT0000205230-Z0072,3,2,8254.41015625,,unavailable in GeoTIFF/XML artifact; band index reported
scene_01_DT0000205230-Z0072,3,3,8202.27734375,,unavailable in GeoTIFF/XML artifact; band index reported
scene_01_DT0000205230-Z0072,3,4,8253.8349609375,,unavailable in GeoTIFF/XML artifact; band index reported
scene_01_DT0000205230-Z0072,3,5,8208.4921875,,unavailable in GeoTIFF/XML artifact; band index reported
scene_01_DT0000205230-Z0072,3,6,8120.03857421875,,unavailable in GeoTIFF/XML artifact; band index reported
scene_01_DT0000205230-Z0072,3,7,8150.48974609375,,unavailable in GeoTIFF/XML artifact; band index reported
scene_01_DT0000205230-Z0072,3,8,8155.92626953125,2642.754279270416,unavailable in GeoTIFF/XML artifact; band index reported
scene_01_DT0000205230-Z0072,3,9,8102.884765625,,unavailable in GeoTIFF/XML artifact; band index reported
scene_01_DT0000205230-Z0072,3,10,8133.85546875,,unavailable in GeoTIFF/XML artifact; band index reported
scene_01_DT0000205230-Z0072,3,11,8121.2861328125,,unavailable in GeoTIFF/XML artifact; band index reported
scene_01_DT0000205230-Z0072,3,12,8084.38037109375,,unavailable in GeoTIFF/XML artifact; band index reported
scene_01_DT0000205230-Z0072,3,13,8089.306640625,,unavailable in GeoTIFF/XML artifact; band index reported
scene_01_DT0000205230-Z0072,3,14,8135.1240234375,,unavailable in GeoTIFF/XML artifact; band index reported
scene_01_DT0000205230-Z0072,3,15,8138.22705078125,2609.7302388123417,unavailable in GeoTIFF/XML artifact; band index reported
scene_01_DT0000205230-Z0072,3,16,8095.76123046875,,unavailable in GeoTIFF/XML artifact; band index reported
scene_01_DT0000205230-Z0072,3,17,8095.1474609375,,unavailable in GeoTIFF/XML artifact; band index reported
scene_01_DT0000205230-Z0072,3,18,8101.52783203125,,unavailable in GeoTIFF/XML artifact; band index reported
scene_01_DT0000205230-Z0072,3,19,8055.06787109375,,unavailable in GeoTIFF/XML artifact; band index reported
scene_01_DT0000205230-Z0072,3,20,8087.03857421875,,unavailable in GeoTIFF/XML artifact; band index reported
scene_01_DT0000205230-Z0072,3,21,8147.67822265625,,unavailable in GeoTIFF/XML artifact; band index reported
scene_01_DT0000205230-Z0072,3,22,8094.66064453125,2618.1355794552014,unavailable in GeoTIFF/XML artifact; band index reported
scene_01_DT0000205230-Z0072,3,23,8075.0263671875,,unavailable in GeoTIFF/XML artifact; band index reported
scene_01_DT0000205230-Z0072,3,24,8085.81982421875,,unavailable in GeoTIFF/XML artifact; band index reported
scene_01_DT0000205230-Z0072,3,25,8102.728515625,,unavailable in GeoTIFF/XML artifact; band index reported
scene_01_DT0000205230-Z0072,3,26,8120.50146484375,,unavailable in GeoTIFF/XML artifact; band index reported
scene_01_DT0000205230-Z0072,3,27,8095.9912109375,,unavailable in GeoTIFF/XML artifact; band index reported
scene_01_DT0000205230-Z0072,3,28,8091.2626953125,,unavailable in GeoTIFF/XML artifact; band index reported
scene_01_DT0000205230-Z0072,3,29,8104.560546875,2675.2596888432727,unavailable in GeoTIFF/XML artifact; band index reported
scene_01_DT0000205230-Z0072,3,30,8099.22412109375,,unavailable in GeoTIFF/XML artifact; band index reported
scene_01_DT0000205230-Z0072,3,31,8112.849609375,,unavailable in GeoTIFF/XML artifact; band index reported
scene_01_DT0000205230-Z0072,3,32,8093.60791015625,,unavailable in GeoTIFF/XML artifact; band index reported
scene_01_DT0000205230-Z0072,3,33,8162.46630859375,,unavailable in GeoTIFF/XML artifact; band index reported
scene_01_DT0000205230-Z0072,3,34,8176.79345703125,,unavailable in GeoTIFF/XML artifact; band index reported
scene_01_DT0000205230-Z0072,3,35,8140.318359375,,unavailable in GeoTIFF/XML artifact; band index reported
scene_01_DT0000205230-Z0072,3,36,8127.826171875,2633.6236388835327,unavailable in GeoTIFF/XML artifact; band index reported
scene_01_DT0000205230-Z0072,3,37,8159.0,,unavailable in GeoTIFF/XML artifact; band index reported
scene_01_DT0000205230-Z0072,3,38,8157.5634765625,,unavailable in GeoTIFF/XML artifact; band index reported
scene_01_DT0000205230-Z0072,3,39,8134.427734375,,unavailable in GeoTIFF/XML artifact; band index reported
scene_01_DT0000205230-Z0072,3,40,8089.8818359375,,unavailable in GeoTIFF/XML artifact; band index reported
scene_01_DT0000205230-Z0072,3,41,8053.64013671875,,unavailable in GeoTIFF/XML artifact; band index reported
scene_01_DT0000205230-Z0072,3,42,7998.9853515625,,unavailable in GeoTIFF/XML artifact; band index reported
scene_01_DT0000205230-Z0072,3,43,8039.0146484375,,unavailable in GeoTIFF/XML artifact; band index reported
scene_01_DT0000205230-Z0072,3,44,8061.49853515625,2557.77455595676,unavailable in GeoTIFF/XML artifact; band index reported
scene_01_DT0000205230-Z0072,3,45,8053.58984375,,unavailable in GeoTIFF/XML artifact; band index reported
scene_01_DT0000205230-Z0072,3,46,7997.0322265625,,unavailable in GeoTIFF/XML artifact; band index reported
scene_01_DT0000205230-Z0072,3,47,7965.5927734375,,unavailable in GeoTIFF/XML artifact; band index reported
scene_01_DT0000205230-Z0072,3,48,7982.78466796875,,unavailable in GeoTIFF/XML artifact; band index reported
scene_01_DT0000205230-Z0072,3,49,7969.61083984375,,unavailable in GeoTIFF/XML artifact; band index reported
scene_01_DT0000205230-Z0072,3,50,7926.572265625,,unavailable in GeoTIFF/XML artifact; band index reported
scene_01_DT0000205230-Z0072,3,51,7962.51318359375,2489.4952756085927,unavailable in GeoTIFF/XML artifact; band index reported
scene_01_DT0000205230-Z0072,3,52,7952.294921875,,unavailable in GeoTIFF/XML artifact; band index reported
scene_01_DT0000205230-Z0072,3,53,7949.681640625,,unavailable in GeoTIFF/XML artifact; band index reported
scene_01_DT0000205230-Z0072,3,54,7925.1357421875,,unavailable in GeoTIFF/XML artifact; band index reported
scene_01_DT0000205230-Z0072,3,55,7990.65185546875,,unavailable in GeoTIFF/XML artifact; band index reported
scene_01_DT0000205230-Z0072,3,56,7956.23876953125,,unavailable in GeoTIFF/XML artifact; band index reported
scene_01_DT0000205230-Z0072,3,57,8019.22998046875,,unavailable in GeoTIFF/XML artifact; band index reported
scene_01_DT0000205230-Z0072,3,58,7973.05615234375,3403.2712116040516,unavailable in GeoTIFF/XML artifact; band index reported
scene_01_DT0000205230-Z0072,3,59,7986.81689453125,,unavailable in GeoTIFF/XML artifact; band index reported
scene_01_DT0000205230-Z0072,3,60,7942.8349609375,,unavailable in GeoTIFF/XML artifact; band index reported
scene_01_DT0000205230-Z0072,3,61,8096.48095703125,,unavailable in GeoTIFF/XML artifact; band index reported
scene_01_DT0000205230-Z0072,3,62,7964.8583984375,,unavailable in GeoTIFF/XML artifact; band index reported
scene_01_DT0000205230-Z0072,3,63,7968.61083984375,,unavailable in GeoTIFF/XML artifact; band index reported
scene_01_DT0000205230-Z0072,3,64,8003.75830078125,,unavailable in GeoTIFF/XML artifact; band index reported
scene_01_DT0000205230-Z0072,3,65,7943.72265625,3750.923699412018,unavailable in GeoTIFF/XML artifact; band index reported
scene_01_DT0000205230-Z0072,3,66,8032.49267578125,,unavailable in GeoTIFF/XML artifact; band index reported
scene_01_DT0000205230-Z0072,3,67,8014.8466796875,,unavailable in GeoTIFF/XML artifact; band index reported
scene_01_DT0000205230-Z0072,3,68,8042.2978515625,,unavailable in GeoTIFF/XML artifact; band index reported
scene_01_DT0000205230-Z0072,3,69,8099.1650390625,,unavailable in GeoTIFF/XML artifact; band index reported
scene_01_DT0000205230-Z0072,3,70,8115.75537109375,,unavailable in GeoTIFF/XML artifact; band index reported
scene_01_DT0000205230-Z0072,3,71,8128.75830078125,,unavailable in GeoTIFF/XML artifact; band index reported
scene_01_DT0000205230-Z0072,3,72,8037.89697265625,3913.7549246977705,unavailable in GeoTIFF/XML artifact; band index reported
scene_01_DT0000205230-Z0072,3,73,8080.18603515625,,unavailable in GeoTIFF/XML artifact; band index reported
scene_01_DT0000205230-Z0072,3,74,8032.91748046875,,unavailable in GeoTIFF/XML artifact; band index reported
scene_01_DT0000205230-Z0072,3,75,8083.18017578125,,unavailable in GeoTIFF/XML artifact; band index reported
scene_01_DT0000205230-Z0072,3,76,8043.23583984375,,unavailable in GeoTIFF/XML artifact; band index reported
scene_01_DT0000205230-Z0072,3,77,8041.005859375,,unavailable in GeoTIFF/XML artifact; band index reported
scene_01_DT0000205230-Z0072,3,78,8026.43359375,,unavailable in GeoTIFF/XML artifact; band index reported
scene_01_DT0000205230-Z0072,3,79,8093.95263671875,,unavailable in GeoTIFF/XML artifact; band index reported
scene_01_DT0000205230-Z0072,3,80,7984.96484375,4004.0477535216755,unavailable in GeoTIFF/XML artifact; band index reported
scene_01_DT0000205230-Z0072,3,81,8075.9736328125,,unavailable in GeoTIFF/XML artifact; band index reported
scene_01_DT0000205230-Z0072,3,82,7897.90576171875,,unavailable in GeoTIFF/XML artifact; band index reported
scene_01_DT0000205230-Z0072,3,83,7912.7138671875,,unavailable in GeoTIFF/XML artifact; band index reported
scene_01_DT0000205230-Z0072,3,84,7805.79052734375,,unavailable in GeoTIFF/XML artifact; band index reported
scene_01_DT0000205230-Z0072,3,85,8020.75537109375,,unavailable in GeoTIFF/XML artifact; band index reported
scene_01_DT0000205230-Z0072,3,86,8229.2568359375,,unavailable in GeoTIFF/XML artifact; band index reported
scene_01_DT0000205230-Z0072,3,87,7571.79931640625,3837.6610413015565,unavailable in GeoTIFF/XML artifact; band index reported
scene_01_DT0000205230-Z0072,3,88,8458.7939453125,,unavailable in GeoTIFF/XML artifact; band index reported
scene_01_DT0000205230-Z0072,3,89,7937.79931640625,,unavailable in GeoTIFF/XML artifact; band index reported
scene_01_DT0000205230-Z0072,3,90,8304.0029296875,,unavailable in GeoTIFF/XML artifact; band index reported
scene_01_DT0000205230-Z0072,3,91,7806.09130859375,,unavailable in GeoTIFF/XML artifact; band index reported
scene_01_DT0000205230-Z0072,3,92,8108.7255859375,,unavailable in GeoTIFF/XML artifact; band index reported
scene_01_DT0000205230-Z0072,3,93,8091.3984375,,unavailable in GeoTIFF/XML artifact; band index reported
scene_01_DT0000205230-Z0072,3,94,7789.38037109375,3813.7033160932942,unavailable in GeoTIFF/XML artifact; band index reported
scene_01_DT0000205230-Z0072,3,95,7877.53076171875,,unavailable in GeoTIFF/XML artifact; band index reported
scene_01_DT0000205230-Z0072,3,96,7925.81396484375,,unavailable in GeoTIFF/XML artifact; band index reported
scene_01_DT0000205230-Z0072,3,97,7865.005859375,,unavailable in GeoTIFF/XML artifact; band index reported
scene_01_DT0000205230-Z0072,3,98,7959.3095703125,,unavailable in GeoTIFF/XML artifact; band index reported
scene_01_DT0000205230-Z0072,3,99,7904.84375,,unavailable in GeoTIFF/XML artifact; band index reported
scene_01_DT0000205230-Z0072,3,100,8007.35400390625,,unavailable in GeoTIFF/XML artifact; band index reported
scene_01_DT0000205230-Z0072,3,101,7779.10302734375,3810.509529806768,unavailable in GeoTIFF/XML artifact; band index reported
scene_01_DT0000205230-Z0072,3,102,8006.58984375,,unavailable in GeoTIFF/XML artifact; band index reported
scene_01_DT0000205230-Z0072,3,103,7990.578125,,unavailable in GeoTIFF/XML artifact; band index reported
scene_01_DT0000205230-Z0072,3,104,8020.47802734375,,unavailable in GeoTIFF/XML artifact; band index reported
scene_01_DT0000205230-Z0072,3,105,8063.15625,,unavailable in GeoTIFF/XML artifact; band index reported
scene_01_DT0000205230-Z0072,3,106,8065.21240234375,,unavailable in GeoTIFF/XML artifact; band index reported
scene_01_DT0000205230-Z0072,3,107,8086.03515625,,unavailable in GeoTIFF/XML artifact; band index reported
scene_01_DT0000205230-Z0072,3,108,8125.5400390625,4315.307138388113,unavailable in GeoTIFF/XML artifact; band index reported
scene_01_DT0000205230-Z0072,3,109,8094.62548828125,,unavailable in GeoTIFF/XML artifact; band index reported
scene_01_DT0000205230-Z0072,3,110,8073.79638671875,,unavailable in GeoTIFF/XML artifact; band index reported
scene_01_DT0000205230-Z0072,3,111,8024.51904296875,,unavailable in GeoTIFF/XML artifact; band index reported
scene_01_DT0000205230-Z0072,3,112,7736.35986328125,,unavailable in GeoTIFF/XML artifact; band index reported
scene_01_DT0000205230-Z0072,3,113,7916.66357421875,,unavailable in GeoTIFF/XML artifact; band index reported
scene_01_DT0000205230-Z0072,3,114,7820.92626953125,,unavailable in GeoTIFF/XML artifact; band index reported
scene_01_DT0000205230-Z0072,3,115,7573.34521484375,,unavailable in GeoTIFF/XML artifact; band index reported
scene_01_DT0000205230-Z0072,3,116,7708.5986328125,3672.3491114413987,unavailable in GeoTIFF/XML artifact; band index reported
scene_01_DT0000205230-Z0072,3,117,7746.24462890625,,unavailable in GeoTIFF/XML artifact; band index reported
scene_01_DT0000205230-Z0072,3,118,7795.1240234375,,unavailable in GeoTIFF/XML artifact; band index reported
scene_01_DT0000205230-Z0072,3,119,7786.77587890625,,unavailable in GeoTIFF/XML artifact; band index reported
scene_01_DT0000205230-Z0072,3,120,7774.728515625,,unavailable in GeoTIFF/XML artifact; band index reported
scene_01_DT0000205230-Z0072,3,121,7817.318359375,,unavailable in GeoTIFF/XML artifact; band index reported
scene_01_DT0000205230-Z0072,3,122,7861.50439453125,,unavailable in GeoTIFF/XML artifact; band index reported
scene_01_DT0000205230-Z0072,3,123,7886.1416015625,3942.3069460173356,unavailable in GeoTIFF/XML artifact; band index reported
scene_01_DT0000205230-Z0072,3,124,7900.0087890625,,unavailable in GeoTIFF/XML artifact; band index reported
scene_01_DT0000205230-Z0072,3,125,7930.77880859375,,unavailable in GeoTIFF/XML artifact; band index reported
scene_01_DT0000205230-Z0072,3,126,7907.005859375,,unavailable in GeoTIFF/XML artifact; band index reported
scene_01_DT0000205230-Z0072,3,127,7836.08544921875,,unavailable in GeoTIFF/XML artifact; band index reported
scene_01_DT0000205230-Z0072,3,128,7738.35400390625,,unavailable in GeoTIFF/XML artifact; band index reported
scene_01_DT0000205230-Z0072,3,129,7702.7080078125,,unavailable in GeoTIFF/XML artifact; band index reported
scene_01_DT0000205230-Z0072,3,130,7596.18017578125,3684.4208072753718,unavailable in GeoTIFF/XML artifact; band index reported
scene_01_DT0000205230-Z0072,3,131,-32768.0,,unavailable in GeoTIFF/XML artifact; band index reported
scene_01_DT0000205230-Z0072,3,132,-32768.0,,unavailable in GeoTIFF/XML artifact; band index reported
scene_01_DT0000205230-Z0072,3,133,-32768.0,,unavailable in GeoTIFF/XML artifact; band index reported
scene_01_DT0000205230-Z0072,3,134,-32768.0,,unavailable in GeoTIFF/XML artifact; band index reported
scene_01_DT0000205230-Z0072,3,135,-32768.0,,unavailable in GeoTIFF/XML artifact; band index reported
scene_01_DT0000205230-Z0072,3,136,4530.22412109375,,unavailable in GeoTIFF/XML artifact; band index reported
scene_01_DT0000205230-Z0072,3,137,4747.8759765625,2058.245710828859,unavailable in GeoTIFF/XML artifact; band index reported
scene_01_DT0000205230-Z0072,3,138,4693.35693359375,,unavailable in GeoTIFF/XML artifact; band index reported
scene_01_DT0000205230-Z0072,3,139,4698.48095703125,,unavailable in GeoTIFF/XML artifact; band index reported
scene_01_DT0000205230-Z0072,3,140,4773.92333984375,,unavailable in GeoTIFF/XML artifact; band index reported
scene_01_DT0000205230-Z0072,3,141,4944.33349609375,,unavailable in GeoTIFF/XML artifact; band index reported
scene_01_DT0000205230-Z0072,3,142,5193.8232421875,,unavailable in GeoTIFF/XML artifact; band index reported
scene_01_DT0000205230-Z0072,3,143,5397.43359375,,unavailable in GeoTIFF/XML artifact; band index reported
scene_01_DT0000205230-Z0072,3,144,5599.90869140625,2080.945566339755,unavailable in GeoTIFF/XML artifact; band index reported
scene_01_DT0000205230-Z0072,3,145,5799.53369140625,,unavailable in GeoTIFF/XML artifact; band index reported
scene_01_DT0000205230-Z0072,3,146,5967.7255859375,,unavailable in GeoTIFF/XML artifact; band index reported
scene_01_DT0000205230-Z0072,3,147,6125.1240234375,,unavailable in GeoTIFF/XML artifact; band index reported
scene_01_DT0000205230-Z0072,3,148,6242.65478515625,,unavailable in GeoTIFF/XML artifact; band index reported
scene_01_DT0000205230-Z0072,3,149,6342.78759765625,,unavailable in GeoTIFF/XML artifact; band index reported
scene_01_DT0000205230-Z0072,3,150,6437.49560546875,,unavailable in GeoTIFF/XML artifact; band index reported
scene_01_DT0000205230-Z0072,3,151,6506.5693359375,,unavailable in GeoTIFF/XML artifact; band index reported
scene_01_DT0000205230-Z0072,3,152,6555.94970703125,2584.3016073811323,unavailable in GeoTIFF/XML artifact; band index reported
scene_01_DT0000205230-Z0072,3,153,6596.20068359375,,unavailable in GeoTIFF/XML artifact; band index reported
scene_01_DT0000205230-Z0072,3,154,6657.138671875,,unavailable in GeoTIFF/XML artifact; band index reported
scene_01_DT0000205230-Z0072,3,155,6671.81689453125,,unavailable in GeoTIFF/XML artifact; band index reported
scene_01_DT0000205230-Z0072,3,156,6711.09716796875,,unavailable in GeoTIFF/XML artifact; band index reported
scene_01_DT0000205230-Z0072,3,157,6725.029296875,,unavailable in GeoTIFF/XML artifact; band index reported
scene_01_DT0000205230-Z0072,3,158,6724.2919921875,,unavailable in GeoTIFF/XML artifact; band index reported
scene_01_DT0000205230-Z0072,3,159,6724.16796875,2624.7136565158407,unavailable in GeoTIFF/XML artifact; band index reported
scene_01_DT0000205230-Z0072,3,160,6703.2802734375,,unavailable in GeoTIFF/XML artifact; band index reported
scene_01_DT0000205230-Z0072,3,161,6641.94384765625,,unavailable in GeoTIFF/XML artifact; band index reported
scene_01_DT0000205230-Z0072,3,162,6579.1474609375,,unavailable in GeoTIFF/XML artifact; band index reported
scene_01_DT0000205230-Z0072,3,163,6532.27734375,,unavailable in GeoTIFF/XML artifact; band index reported
scene_01_DT0000205230-Z0072,3,164,6401.47509765625,,unavailable in GeoTIFF/XML artifact; band index reported
scene_01_DT0000205230-Z0072,3,165,6337.970703125,,unavailable in GeoTIFF/XML artifact; band index reported
scene_01_DT0000205230-Z0072,3,166,6237.8642578125,2489.936876681637,unavailable in GeoTIFF/XML artifact; band index reported
scene_01_DT0000205230-Z0072,3,167,2014.8406982421875,,unavailable in GeoTIFF/XML artifact; band index reported
scene_01_DT0000205230-Z0072,3,168,2152.976318359375,,unavailable in GeoTIFF/XML artifact; band index reported
scene_01_DT0000205230-Z0072,3,169,2337.752197265625,,unavailable in GeoTIFF/XML artifact; band index reported
scene_01_DT0000205230-Z0072,3,170,2363.560546875,,unavailable in GeoTIFF/XML artifact; band index reported
scene_01_DT0000205230-Z0072,3,171,2413.377685546875,,unavailable in GeoTIFF/XML artifact; band index reported
scene_01_DT0000205230-Z0072,3,172,2651.380615234375,,unavailable in GeoTIFF/XML artifact; band index reported
scene_01_DT0000205230-Z0072,3,173,2930.08837890625,1061.9858491886037,unavailable in GeoTIFF/XML artifact; band index reported
scene_01_DT0000205230-Z0072,3,174,3135.681396484375,,unavailable in GeoTIFF/XML artifact; band index reported
scene_01_DT0000205230-Z0072,3,175,3343.5751953125,,unavailable in GeoTIFF/XML artifact; band index reported
scene_01_DT0000205230-Z0072,3,176,3418.50146484375,,unavailable in GeoTIFF/XML artifact; band index reported
scene_01_DT0000205230-Z0072,3,177,3630.5810546875,,unavailable in GeoTIFF/XML artifact; band index reported
scene_01_DT0000205230-Z0072,3,178,3806.64013671875,,unavailable in GeoTIFF/XML artifact; band index reported
scene_01_DT0000205230-Z0072,3,179,4039.952880859375,,unavailable in GeoTIFF/XML artifact; band index reported
scene_01_DT0000205230-Z0072,3,180,4145.1298828125,1390.0855269078343,unavailable in GeoTIFF/XML artifact; band index reported
scene_01_DT0000205230-Z0072,3,181,4298.95263671875,,unavailable in GeoTIFF/XML artifact; band index reported
scene_01_DT0000205230-Z0072,3,182,4475.39208984375,,unavailable in GeoTIFF/XML artifact; band index reported
scene_01_DT0000205230-Z0072,3,183,4623.87890625,,unavailable in GeoTIFF/XML artifact; band index reported
scene_01_DT0000205230-Z0072,3,184,4628.58984375,,unavailable in GeoTIFF/XML artifact; band index reported
scene_01_DT0000205230-Z0072,3,185,4812.37744140625,,unavailable in GeoTIFF/XML artifact; band index reported
scene_01_DT0000205230-Z0072,3,186,4939.10009765625,,unavailable in GeoTIFF/XML artifact; band index reported
scene_01_DT0000205230-Z0072,3,187,4958.69921875,,unavailable in GeoTIFF/XML artifact; band index reported
scene_01_DT0000205230-Z0072,3,188,5000.33056640625,1615.012412344073,unavailable in GeoTIFF/XML artifact; band index reported
scene_01_DT0000205230-Z0072,3,189,5057.0263671875,,unavailable in GeoTIFF/XML artifact; band index reported
scene_01_DT0000205230-Z0072,3,190,5111.7431640625,,unavailable in GeoTIFF/XML artifact; band index reported
scene_01_DT0000205230-Z0072,3,191,5086.61669921875,,unavailable in GeoTIFF/XML artifact; band index reported
scene_01_DT0000205230-Z0072,3,192,5171.9736328125,,unavailable in GeoTIFF/XML artifact; band index reported
scene_01_DT0000205230-Z0072,3,193,5131.9912109375,,unavailable in GeoTIFF/XML artifact; band index reported
scene_01_DT0000205230-Z0072,3,194,5263.265625,,unavailable in GeoTIFF/XML artifact; band index reported
scene_01_DT0000205230-Z0072,3,195,5279.5576171875,1714.134939921006,unavailable in GeoTIFF/XML artifact; band index reported
scene_01_DT0000205230-Z0072,3,196,5319.78466796875,,unavailable in GeoTIFF/XML artifact; band index reported
scene_01_DT0000205230-Z0072,3,197,5315.38916015625,,unavailable in GeoTIFF/XML artifact; band index reported
scene_01_DT0000205230-Z0072,3,198,5273.75537109375,,unavailable in GeoTIFF/XML artifact; band index reported
scene_01_DT0000205230-Z0072,3,199,5244.0234375,,unavailable in GeoTIFF/XML artifact; band index reported
scene_01_DT0000205230-Z0072,3,200,5239.64013671875,,unavailable in GeoTIFF/XML artifact; band index reported
scene_01_DT0000205230-Z0072,3,201,5186.5810546875,,unavailable in GeoTIFF/XML artifact; band index reported
scene_01_DT0000205230-Z0072,3,202,5121.51025390625,1623.8421900371911,unavailable in GeoTIFF/XML artifact; band index reported
scene_01_DT0000205230-Z0072,3,203,5080.4248046875,,unavailable in GeoTIFF/XML artifact; band index reported
scene_01_DT0000205230-Z0072,3,204,4967.89990234375,,unavailable in GeoTIFF/XML artifact; band index reported
scene_01_DT0000205230-Z0072,3,205,4865.18896484375,,unavailable in GeoTIFF/XML artifact; band index reported
scene_01_DT0000205230-Z0072,3,206,4790.8759765625,,unavailable in GeoTIFF/XML artifact; band index reported
scene_01_DT0000205230-Z0072,3,207,4684.92919921875,,unavailable in GeoTIFF/XML artifact; band index reported
scene_01_DT0000205230-Z0072,3,208,4615.10595703125,,unavailable in GeoTIFF/XML artifact; band index reported
scene_01_DT0000205230-Z0072,3,209,4519.85546875,1409.4000839608805,unavailable in GeoTIFF/XML artifact; band index reported
scene_01_DT0000205230-Z0072,3,210,4408.8876953125,,unavailable in GeoTIFF/XML artifact; band index reported
scene_01_DT0000205230-Z0072,3,211,4309.5458984375,,unavailable in GeoTIFF/XML artifact; band index reported
scene_01_DT0000205230-Z0072,3,212,4250.005859375,,unavailable in GeoTIFF/XML artifact; band index reported
scene_01_DT0000205230-Z0072,3,213,4174.826171875,,unavailable in GeoTIFF/XML artifact; band index reported
scene_01_DT0000205230-Z0072,3,214,4065.336181640625,,unavailable in GeoTIFF/XML artifact; band index reported
scene_01_DT0000205230-Z0072,3,215,3992.112060546875,,unavailable in GeoTIFF/XML artifact; band index reported
scene_01_DT0000205230-Z0072,3,216,3913.4130859375,1289.576248101925,unavailable in GeoTIFF/XML artifact; band index reported
scene_01_DT0000205230-Z0072,3,217,3788.752197265625,,unavailable in GeoTIFF/XML artifact; band index reported
scene_01_DT0000205230-Z0072,3,218,3689.92626953125,,unavailable in GeoTIFF/XML artifact; band index reported
scene_01_DT0000205230-Z0072,3,219,3606.92041015625,,unavailable in GeoTIFF/XML artifact; band index reported
scene_01_DT0000205230-Z0072,3,220,3500.531005859375,,unavailable in GeoTIFF/XML artifact; band index reported
scene_01_DT0000205230-Z0072,3,221,3413.681396484375,,unavailable in GeoTIFF/XML artifact; band index reported
scene_01_DT0000205230-Z0072,3,222,3338.7255859375,,unavailable in GeoTIFF/XML artifact; band index reported
scene_01_DT0000205230-Z0072,3,223,3255.460205078125,,unavailable in GeoTIFF/XML artifact; band index reported
scene_01_DT0000205230-Z0072,3,224,3192.4248046875,1179.1428435136806,unavailable in GeoTIFF/XML artifact; band index reported
scene_01_DT0000205230-Z0002,4,1,5970.7998046875,2778.141339809302,unavailable in GeoTIFF/XML artifact; band index reported
scene_01_DT0000205230-Z0002,4,2,5889.2998046875,,unavailable in GeoTIFF/XML artifact; band index reported
scene_01_DT0000205230-Z0002,4,3,5866.60009765625,,unavailable in GeoTIFF/XML artifact; band index reported
scene_01_DT0000205230-Z0002,4,4,5980.5,,unavailable in GeoTIFF/XML artifact; band index reported
scene_01_DT0000205230-Z0002,4,5,5989.7001953125,,unavailable in GeoTIFF/XML artifact; band index reported
scene_01_DT0000205230-Z0002,4,6,5948.10009765625,,unavailable in GeoTIFF/XML artifact; band index reported
scene_01_DT0000205230-Z0002,4,7,6002.0,,unavailable in GeoTIFF/XML artifact; band index reported
scene_01_DT0000205230-Z0002,4,8,6012.10009765625,2642.754279270416,unavailable in GeoTIFF/XML artifact; band index reported
scene_01_DT0000205230-Z0002,4,9,6029.10009765625,,unavailable in GeoTIFF/XML artifact; band index reported
scene_01_DT0000205230-Z0002,4,10,6065.7001953125,,unavailable in GeoTIFF/XML artifact; band index reported
scene_01_DT0000205230-Z0002,4,11,6042.5,,unavailable in GeoTIFF/XML artifact; band index reported
scene_01_DT0000205230-Z0002,4,12,6079.2001953125,,unavailable in GeoTIFF/XML artifact; band index reported
scene_01_DT0000205230-Z0002,4,13,6089.89990234375,,unavailable in GeoTIFF/XML artifact; band index reported
scene_01_DT0000205230-Z0002,4,14,6141.0,,unavailable in GeoTIFF/XML artifact; band index reported
scene_01_DT0000205230-Z0002,4,15,6133.7001953125,2609.7302388123417,unavailable in GeoTIFF/XML artifact; band index reported
scene_01_DT0000205230-Z0002,4,16,6186.89990234375,,unavailable in GeoTIFF/XML artifact; band index reported
scene_01_DT0000205230-Z0002,4,17,6204.2998046875,,unavailable in GeoTIFF/XML artifact; band index reported
scene_01_DT0000205230-Z0002,4,18,6223.10009765625,,unavailable in GeoTIFF/XML artifact; band index reported
scene_01_DT0000205230-Z0002,4,19,6194.5,,unavailable in GeoTIFF/XML artifact; band index reported
scene_01_DT0000205230-Z0002,4,20,6242.7001953125,,unavailable in GeoTIFF/XML artifact; band index reported
scene_01_DT0000205230-Z0002,4,21,6295.2998046875,,unavailable in GeoTIFF/XML artifact; band index reported
scene_01_DT0000205230-Z0002,4,22,6246.2998046875,2618.1355794552014,unavailable in GeoTIFF/XML artifact; band index reported
scene_01_DT0000205230-Z0002,4,23,6293.60009765625,,unavailable in GeoTIFF/XML artifact; band index reported
scene_01_DT0000205230-Z0002,4,24,6333.89990234375,,unavailable in GeoTIFF/XML artifact; band index reported
scene_01_DT0000205230-Z0002,4,25,6355.2998046875,,unavailable in GeoTIFF/XML artifact; band index reported
scene_01_DT0000205230-Z0002,4,26,6384.0,,unavailable in GeoTIFF/XML artifact; band index reported
scene_01_DT0000205230-Z0002,4,27,6379.2001953125,,unavailable in GeoTIFF/XML artifact; band index reported
scene_01_DT0000205230-Z0002,4,28,6416.89990234375,,unavailable in GeoTIFF/XML artifact; band index reported
scene_01_DT0000205230-Z0002,4,29,6418.39990234375,2675.2596888432727,unavailable in GeoTIFF/XML artifact; band index reported
scene_01_DT0000205230-Z0002,4,30,6421.2001953125,,unavailable in GeoTIFF/XML artifact; band index reported
scene_01_DT0000205230-Z0002,4,31,6444.7001953125,,unavailable in GeoTIFF/XML artifact; band index reported
scene_01_DT0000205230-Z0002,4,32,6423.89990234375,,unavailable in GeoTIFF/XML artifact; band index reported
scene_01_DT0000205230-Z0002,4,33,6634.10009765625,,unavailable in GeoTIFF/XML artifact; band index reported
scene_01_DT0000205230-Z0002,4,34,6649.60009765625,,unavailable in GeoTIFF/XML artifact; band index reported
scene_01_DT0000205230-Z0002,4,35,6641.2001953125,,unavailable in GeoTIFF/XML artifact; band index reported
scene_01_DT0000205230-Z0002,4,36,6646.7998046875,2633.6236388835327,unavailable in GeoTIFF/XML artifact; band index reported
scene_01_DT0000205230-Z0002,4,37,6676.39990234375,,unavailable in GeoTIFF/XML artifact; band index reported
scene_01_DT0000205230-Z0002,4,38,6689.0,,unavailable in GeoTIFF/XML artifact; band index reported
scene_01_DT0000205230-Z0002,4,39,6658.10009765625,,unavailable in GeoTIFF/XML artifact; band index reported
scene_01_DT0000205230-Z0002,4,40,6669.60009765625,,unavailable in GeoTIFF/XML artifact; band index reported
scene_01_DT0000205230-Z0002,4,41,6557.39990234375,,unavailable in GeoTIFF/XML artifact; band index reported
scene_01_DT0000205230-Z0002,4,42,6516.7998046875,,unavailable in GeoTIFF/XML artifact; band index reported
scene_01_DT0000205230-Z0002,4,43,6622.5,,unavailable in GeoTIFF/XML artifact; band index reported
scene_01_DT0000205230-Z0002,4,44,6663.7001953125,2557.77455595676,unavailable in GeoTIFF/XML artifact; band index reported
scene_01_DT0000205230-Z0002,4,45,6680.0,,unavailable in GeoTIFF/XML artifact; band index reported
scene_01_DT0000205230-Z0002,4,46,6633.7998046875,,unavailable in GeoTIFF/XML artifact; band index reported
scene_01_DT0000205230-Z0002,4,47,6658.0,,unavailable in GeoTIFF/XML artifact; band index reported
scene_01_DT0000205230-Z0002,4,48,6644.7001953125,,unavailable in GeoTIFF/XML artifact; band index reported
scene_01_DT0000205230-Z0002,4,49,6654.7998046875,,unavailable in GeoTIFF/XML artifact; band index reported
scene_01_DT0000205230-Z0002,4,50,6515.2998046875,,unavailable in GeoTIFF/XML artifact; band index reported
scene_01_DT0000205230-Z0002,4,51,6529.0,2489.4952756085927,unavailable in GeoTIFF/XML artifact; band index reported
scene_01_DT0000205230-Z0002,4,52,6671.60009765625,,unavailable in GeoTIFF/XML artifact; band index reported
scene_01_DT0000205230-Z0002,4,53,6735.0,,unavailable in GeoTIFF/XML artifact; band index reported
scene_01_DT0000205230-Z0002,4,54,6718.89990234375,,unavailable in GeoTIFF/XML artifact; band index reported
scene_01_DT0000205230-Z0002,4,55,6753.89990234375,,unavailable in GeoTIFF/XML artifact; band index reported
scene_01_DT0000205230-Z0002,4,56,6811.2001953125,,unavailable in GeoTIFF/XML artifact; band index reported
scene_01_DT0000205230-Z0002,4,57,6900.7998046875,,unavailable in GeoTIFF/XML artifact; band index reported
scene_01_DT0000205230-Z0002,4,58,6963.0,3403.2712116040516,unavailable in GeoTIFF/XML artifact; band index reported
scene_01_DT0000205230-Z0002,4,59,7003.5,,unavailable in GeoTIFF/XML artifact; band index reported
scene_01_DT0000205230-Z0002,4,60,6912.7998046875,,unavailable in GeoTIFF/XML artifact; band index reported
scene_01_DT0000205230-Z0002,4,61,6945.2998046875,,unavailable in GeoTIFF/XML artifact; band index reported
scene_01_DT0000205230-Z0002,4,62,6697.0,,unavailable in GeoTIFF/XML artifact; band index reported
scene_01_DT0000205230-Z0002,4,63,7050.2998046875,,unavailable in GeoTIFF/XML artifact; band index reported
scene_01_DT0000205230-Z0002,4,64,7091.5,,unavailable in GeoTIFF/XML artifact; band index reported
scene_01_DT0000205230-Z0002,4,65,7057.60009765625,3750.923699412018,unavailable in GeoTIFF/XML artifact; band index reported
scene_01_DT0000205230-Z0002,4,66,7125.7998046875,,unavailable in GeoTIFF/XML artifact; band index reported
scene_01_DT0000205230-Z0002,4,67,7132.2998046875,,unavailable in GeoTIFF/XML artifact; band index reported
scene_01_DT0000205230-Z0002,4,68,7159.10009765625,,unavailable in GeoTIFF/XML artifact; band index reported
scene_01_DT0000205230-Z0002,4,69,7106.39990234375,,unavailable in GeoTIFF/XML artifact; band index reported
scene_01_DT0000205230-Z0002,4,70,7158.7998046875,,unavailable in GeoTIFF/XML artifact; band index reported
scene_01_DT0000205230-Z0002,4,71,7158.7001953125,,unavailable in GeoTIFF/XML artifact; band index reported
scene_01_DT0000205230-Z0002,4,72,7262.0,3913.7549246977705,unavailable in GeoTIFF/XML artifact; band index reported
scene_01_DT0000205230-Z0002,4,73,7303.89990234375,,unavailable in GeoTIFF/XML artifact; band index reported
scene_01_DT0000205230-Z0002,4,74,7249.89990234375,,unavailable in GeoTIFF/XML artifact; band index reported
scene_01_DT0000205230-Z0002,4,75,7342.7998046875,,unavailable in GeoTIFF/XML artifact; band index reported
scene_01_DT0000205230-Z0002,4,76,7225.2998046875,,unavailable in GeoTIFF/XML artifact; band index reported
scene_01_DT0000205230-Z0002,4,77,7297.5,,unavailable in GeoTIFF/XML artifact; band index reported
scene_01_DT0000205230-Z0002,4,78,7246.2001953125,,unavailable in GeoTIFF/XML artifact; band index reported
scene_01_DT0000205230-Z0002,4,79,7142.7998046875,,unavailable in GeoTIFF/XML artifact; band index reported
scene_01_DT0000205230-Z0002,4,80,7232.2998046875,4004.0477535216755,unavailable in GeoTIFF/XML artifact; band index reported
scene_01_DT0000205230-Z0002,4,81,7027.89990234375,,unavailable in GeoTIFF/XML artifact; band index reported
scene_01_DT0000205230-Z0002,4,82,7144.5,,unavailable in GeoTIFF/XML artifact; band index reported
scene_01_DT0000205230-Z0002,4,83,6922.2001953125,,unavailable in GeoTIFF/XML artifact; band index reported
scene_01_DT0000205230-Z0002,4,84,6711.89990234375,,unavailable in GeoTIFF/XML artifact; band index reported
scene_01_DT0000205230-Z0002,4,85,7268.0,,unavailable in GeoTIFF/XML artifact; band index reported
scene_01_DT0000205230-Z0002,4,86,6800.89990234375,,unavailable in GeoTIFF/XML artifact; band index reported
scene_01_DT0000205230-Z0002,4,87,6530.2998046875,3837.6610413015565,unavailable in GeoTIFF/XML artifact; band index reported
scene_01_DT0000205230-Z0002,4,88,6609.60009765625,,unavailable in GeoTIFF/XML artifact; band index reported
scene_01_DT0000205230-Z0002,4,89,6693.2998046875,,unavailable in GeoTIFF/XML artifact; band index reported
scene_01_DT0000205230-Z0002,4,90,6649.10009765625,,unavailable in GeoTIFF/XML artifact; band index reported
scene_01_DT0000205230-Z0002,4,91,6730.7998046875,,unavailable in GeoTIFF/XML artifact; band index reported
scene_01_DT0000205230-Z0002,4,92,6494.2001953125,,unavailable in GeoTIFF/XML artifact; band index reported
scene_01_DT0000205230-Z0002,4,93,6606.2998046875,,unavailable in GeoTIFF/XML artifact; band index reported
scene_01_DT0000205230-Z0002,4,94,7008.2998046875,3813.7033160932942,unavailable in GeoTIFF/XML artifact; band index reported
scene_01_DT0000205230-Z0002,4,95,6859.89990234375,,unavailable in GeoTIFF/XML artifact; band index reported
scene_01_DT0000205230-Z0002,4,96,7276.5,,unavailable in GeoTIFF/XML artifact; band index reported
scene_01_DT0000205230-Z0002,4,97,6930.89990234375,,unavailable in GeoTIFF/XML artifact; band index reported
scene_01_DT0000205230-Z0002,4,98,7416.5,,unavailable in GeoTIFF/XML artifact; band index reported
scene_01_DT0000205230-Z0002,4,99,7031.7998046875,,unavailable in GeoTIFF/XML artifact; band index reported
scene_01_DT0000205230-Z0002,4,100,7510.89990234375,,unavailable in GeoTIFF/XML artifact; band index reported
scene_01_DT0000205230-Z0002,4,101,7032.7001953125,3810.509529806768,unavailable in GeoTIFF/XML artifact; band index reported
scene_01_DT0000205230-Z0002,4,102,7526.39990234375,,unavailable in GeoTIFF/XML artifact; band index reported
scene_01_DT0000205230-Z0002,4,103,7555.39990234375,,unavailable in GeoTIFF/XML artifact; band index reported
scene_01_DT0000205230-Z0002,4,104,7581.2001953125,,unavailable in GeoTIFF/XML artifact; band index reported
scene_01_DT0000205230-Z0002,4,105,7622.10009765625,,unavailable in GeoTIFF/XML artifact; band index reported
scene_01_DT0000205230-Z0002,4,106,7637.39990234375,,unavailable in GeoTIFF/XML artifact; band index reported
scene_01_DT0000205230-Z0002,4,107,7650.10009765625,,unavailable in GeoTIFF/XML artifact; band index reported
scene_01_DT0000205230-Z0002,4,108,7664.7001953125,4315.307138388113,unavailable in GeoTIFF/XML artifact; band index reported
scene_01_DT0000205230-Z0002,4,109,7630.7998046875,,unavailable in GeoTIFF/XML artifact; band index reported
scene_01_DT0000205230-Z0002,4,110,7551.60009765625,,unavailable in GeoTIFF/XML artifact; band index reported
scene_01_DT0000205230-Z0002,4,111,7334.89990234375,,unavailable in GeoTIFF/XML artifact; band index reported
scene_01_DT0000205230-Z0002,4,112,6578.7998046875,,unavailable in GeoTIFF/XML artifact; band index reported
scene_01_DT0000205230-Z0002,4,113,6343.2998046875,,unavailable in GeoTIFF/XML artifact; band index reported
scene_01_DT0000205230-Z0002,4,114,6674.5,,unavailable in GeoTIFF/XML artifact; band index reported
scene_01_DT0000205230-Z0002,4,115,6805.60009765625,,unavailable in GeoTIFF/XML artifact; band index reported
scene_01_DT0000205230-Z0002,4,116,7214.2998046875,3672.3491114413987,unavailable in GeoTIFF/XML artifact; band index reported
scene_01_DT0000205230-Z0002,4,117,7294.10009765625,,unavailable in GeoTIFF/XML artifact; band index reported
scene_01_DT0000205230-Z0002,4,118,7358.5,,unavailable in GeoTIFF/XML artifact; band index reported
scene_01_DT0000205230-Z0002,4,119,7360.7998046875,,unavailable in GeoTIFF/XML artifact; band index reported
scene_01_DT0000205230-Z0002,4,120,7395.7001953125,,unavailable in GeoTIFF/XML artifact; band index reported
scene_01_DT0000205230-Z0002,4,121,7467.89990234375,,unavailable in GeoTIFF/XML artifact; band index reported
scene_01_DT0000205230-Z0002,4,122,7538.0,,unavailable in GeoTIFF/XML artifact; band index reported
scene_01_DT0000205230-Z0002,4,123,7541.39990234375,3942.3069460173356,unavailable in GeoTIFF/XML artifact; band index reported
scene_01_DT0000205230-Z0002,4,124,7559.7998046875,,unavailable in GeoTIFF/XML artifact; band index reported
scene_01_DT0000205230-Z0002,4,125,7640.5,,unavailable in GeoTIFF/XML artifact; band index reported
scene_01_DT0000205230-Z0002,4,126,7594.5,,unavailable in GeoTIFF/XML artifact; band index reported
scene_01_DT0000205230-Z0002,4,127,7482.5,,unavailable in GeoTIFF/XML artifact; band index reported
scene_01_DT0000205230-Z0002,4,128,7338.89990234375,,unavailable in GeoTIFF/XML artifact; band index reported
scene_01_DT0000205230-Z0002,4,129,7236.5,,unavailable in GeoTIFF/XML artifact; band index reported
scene_01_DT0000205230-Z0002,4,130,6982.2998046875,3684.4208072753718,unavailable in GeoTIFF/XML artifact; band index reported
scene_01_DT0000205230-Z0002,4,131,-32768.0,,unavailable in GeoTIFF/XML artifact; band index reported
scene_01_DT0000205230-Z0002,4,132,-32768.0,,unavailable in GeoTIFF/XML artifact; band index reported
scene_01_DT0000205230-Z0002,4,133,-32768.0,,unavailable in GeoTIFF/XML artifact; band index reported
scene_01_DT0000205230-Z0002,4,134,-32768.0,,unavailable in GeoTIFF/XML artifact; band index reported
scene_01_DT0000205230-Z0002,4,135,-32768.0,,unavailable in GeoTIFF/XML artifact; band index reported
scene_01_DT0000205230-Z0002,4,136,6201.2998046875,,unavailable in GeoTIFF/XML artifact; band index reported
scene_01_DT0000205230-Z0002,4,137,7340.2001953125,2058.245710828859,unavailable in GeoTIFF/XML artifact; band index reported
scene_01_DT0000205230-Z0002,4,138,6870.2001953125,,unavailable in GeoTIFF/XML artifact; band index reported
scene_01_DT0000205230-Z0002,4,139,6645.2001953125,,unavailable in GeoTIFF/XML artifact; band index reported
scene_01_DT0000205230-Z0002,4,140,6325.7001953125,,unavailable in GeoTIFF/XML artifact; band index reported
scene_01_DT0000205230-Z0002,4,141,6085.2998046875,,unavailable in GeoTIFF/XML artifact; band index reported
scene_01_DT0000205230-Z0002,4,142,6231.39990234375,,unavailable in GeoTIFF/XML artifact; band index reported
scene_01_DT0000205230-Z0002,4,143,6333.0,,unavailable in GeoTIFF/XML artifact; band index reported
scene_01_DT0000205230-Z0002,4,144,6434.7998046875,2080.945566339755,unavailable in GeoTIFF/XML artifact; band index reported
scene_01_DT0000205230-Z0002,4,145,6528.39990234375,,unavailable in GeoTIFF/XML artifact; band index reported
scene_01_DT0000205230-Z0002,4,146,6576.60009765625,,unavailable in GeoTIFF/XML artifact; band index reported
scene_01_DT0000205230-Z0002,4,147,6710.60009765625,,unavailable in GeoTIFF/XML artifact; band index reported
scene_01_DT0000205230-Z0002,4,148,6766.2998046875,,unavailable in GeoTIFF/XML artifact; band index reported
scene_01_DT0000205230-Z0002,4,149,6776.89990234375,,unavailable in GeoTIFF/XML artifact; band index reported
scene_01_DT0000205230-Z0002,4,150,6875.7001953125,,unavailable in GeoTIFF/XML artifact; band index reported
scene_01_DT0000205230-Z0002,4,151,6930.60009765625,,unavailable in GeoTIFF/XML artifact; band index reported
scene_01_DT0000205230-Z0002,4,152,6905.10009765625,2584.3016073811323,unavailable in GeoTIFF/XML artifact; band index reported
scene_01_DT0000205230-Z0002,4,153,6942.39990234375,,unavailable in GeoTIFF/XML artifact; band index reported
scene_01_DT0000205230-Z0002,4,154,6991.7998046875,,unavailable in GeoTIFF/XML artifact; band index reported
scene_01_DT0000205230-Z0002,4,155,7003.2998046875,,unavailable in GeoTIFF/XML artifact; band index reported
scene_01_DT0000205230-Z0002,4,156,7036.5,,unavailable in GeoTIFF/XML artifact; band index reported
scene_01_DT0000205230-Z0002,4,157,7026.60009765625,,unavailable in GeoTIFF/XML artifact; band index reported
scene_01_DT0000205230-Z0002,4,158,7030.5,,unavailable in GeoTIFF/XML artifact; band index reported
scene_01_DT0000205230-Z0002,4,159,7065.39990234375,2624.7136565158407,unavailable in GeoTIFF/XML artifact; band index reported
scene_01_DT0000205230-Z0002,4,160,7040.60009765625,,unavailable in GeoTIFF/XML artifact; band index reported
scene_01_DT0000205230-Z0002,4,161,6968.89990234375,,unavailable in GeoTIFF/XML artifact; band index reported
scene_01_DT0000205230-Z0002,4,162,6985.10009765625,,unavailable in GeoTIFF/XML artifact; band index reported
scene_01_DT0000205230-Z0002,4,163,6958.7998046875,,unavailable in GeoTIFF/XML artifact; band index reported
scene_01_DT0000205230-Z0002,4,164,6841.7001953125,,unavailable in GeoTIFF/XML artifact; band index reported
scene_01_DT0000205230-Z0002,4,165,6806.2001953125,,unavailable in GeoTIFF/XML artifact; band index reported
scene_01_DT0000205230-Z0002,4,166,6644.5,2489.936876681637,unavailable in GeoTIFF/XML artifact; band index reported
scene_01_DT0000205230-Z0002,4,167,3952.39990234375,,unavailable in GeoTIFF/XML artifact; band index reported
scene_01_DT0000205230-Z0002,4,168,4127.0,,unavailable in GeoTIFF/XML artifact; band index reported
scene_01_DT0000205230-Z0002,4,169,4303.10009765625,,unavailable in GeoTIFF/XML artifact; band index reported
scene_01_DT0000205230-Z0002,4,170,3926.699951171875,,unavailable in GeoTIFF/XML artifact; band index reported
scene_01_DT0000205230-Z0002,4,171,4076.10009765625,,unavailable in GeoTIFF/XML artifact; band index reported
scene_01_DT0000205230-Z0002,4,172,4489.60009765625,,unavailable in GeoTIFF/XML artifact; band index reported
scene_01_DT0000205230-Z0002,4,173,5082.39990234375,1061.9858491886037,unavailable in GeoTIFF/XML artifact; band index reported
scene_01_DT0000205230-Z0002,4,174,5207.5,,unavailable in GeoTIFF/XML artifact; band index reported
scene_01_DT0000205230-Z0002,4,175,5317.2001953125,,unavailable in GeoTIFF/XML artifact; band index reported
scene_01_DT0000205230-Z0002,4,176,5208.10009765625,,unavailable in GeoTIFF/XML artifact; band index reported
scene_01_DT0000205230-Z0002,4,177,5553.0,,unavailable in GeoTIFF/XML artifact; band index reported
scene_01_DT0000205230-Z0002,4,178,5756.2998046875,,unavailable in GeoTIFF/XML artifact; band index reported
scene_01_DT0000205230-Z0002,4,179,5995.39990234375,,unavailable in GeoTIFF/XML artifact; band index reported
scene_01_DT0000205230-Z0002,4,180,6037.7001953125,1390.0855269078343,unavailable in GeoTIFF/XML artifact; band index reported
scene_01_DT0000205230-Z0002,4,181,6128.0,,unavailable in GeoTIFF/XML artifact; band index reported
scene_01_DT0000205230-Z0002,4,182,6321.60009765625,,unavailable in GeoTIFF/XML artifact; band index reported
scene_01_DT0000205230-Z0002,4,183,6387.0,,unavailable in GeoTIFF/XML artifact; band index reported
scene_01_DT0000205230-Z0002,4,184,6345.89990234375,,unavailable in GeoTIFF/XML artifact; band index reported
scene_01_DT0000205230-Z0002,4,185,6515.5,,unavailable in GeoTIFF/XML artifact; band index reported
scene_01_DT0000205230-Z0002,4,186,6567.2998046875,,unavailable in GeoTIFF/XML artifact; band index reported
scene_01_DT0000205230-Z0002,4,187,6519.2998046875,,unavailable in GeoTIFF/XML artifact; band index reported
scene_01_DT0000205230-Z0002,4,188,6534.2001953125,1615.012412344073,unavailable in GeoTIFF/XML artifact; band index reported
scene_01_DT0000205230-Z0002,4,189,6581.60009765625,,unavailable in GeoTIFF/XML artifact; band index reported
scene_01_DT0000205230-Z0002,4,190,6599.2998046875,,unavailable in GeoTIFF/XML artifact; band index reported
scene_01_DT0000205230-Z0002,4,191,6530.2998046875,,unavailable in GeoTIFF/XML artifact; band index reported
scene_01_DT0000205230-Z0002,4,192,6597.39990234375,,unavailable in GeoTIFF/XML artifact; band index reported
scene_01_DT0000205230-Z0002,4,193,6543.60009765625,,unavailable in GeoTIFF/XML artifact; band index reported
scene_01_DT0000205230-Z0002,4,194,6735.60009765625,,unavailable in GeoTIFF/XML artifact; band index reported
scene_01_DT0000205230-Z0002,4,195,6719.7001953125,1714.134939921006,unavailable in GeoTIFF/XML artifact; band index reported
scene_01_DT0000205230-Z0002,4,196,6741.7998046875,,unavailable in GeoTIFF/XML artifact; band index reported
scene_01_DT0000205230-Z0002,4,197,6755.89990234375,,unavailable in GeoTIFF/XML artifact; band index reported
scene_01_DT0000205230-Z0002,4,198,6700.89990234375,,unavailable in GeoTIFF/XML artifact; band index reported
scene_01_DT0000205230-Z0002,4,199,6711.0,,unavailable in GeoTIFF/XML artifact; band index reported
scene_01_DT0000205230-Z0002,4,200,6700.7001953125,,unavailable in GeoTIFF/XML artifact; band index reported
scene_01_DT0000205230-Z0002,4,201,6662.0,,unavailable in GeoTIFF/XML artifact; band index reported
scene_01_DT0000205230-Z0002,4,202,6657.10009765625,1623.8421900371911,unavailable in GeoTIFF/XML artifact; band index reported
scene_01_DT0000205230-Z0002,4,203,6603.7001953125,,unavailable in GeoTIFF/XML artifact; band index reported
scene_01_DT0000205230-Z0002,4,204,6468.10009765625,,unavailable in GeoTIFF/XML artifact; band index reported
scene_01_DT0000205230-Z0002,4,205,6449.10009765625,,unavailable in GeoTIFF/XML artifact; band index reported
scene_01_DT0000205230-Z0002,4,206,6498.60009765625,,unavailable in GeoTIFF/XML artifact; band index reported
scene_01_DT0000205230-Z0002,4,207,6171.2998046875,,unavailable in GeoTIFF/XML artifact; band index reported
scene_01_DT0000205230-Z0002,4,208,6375.0,,unavailable in GeoTIFF/XML artifact; band index reported
scene_01_DT0000205230-Z0002,4,209,6213.89990234375,1409.4000839608805,unavailable in GeoTIFF/XML artifact; band index reported
scene_01_DT0000205230-Z0002,4,210,6045.5,,unavailable in GeoTIFF/XML artifact; band index reported
scene_01_DT0000205230-Z0002,4,211,5955.2001953125,,unavailable in GeoTIFF/XML artifact; band index reported
scene_01_DT0000205230-Z0002,4,212,6092.0,,unavailable in GeoTIFF/XML artifact; band index reported
scene_01_DT0000205230-Z0002,4,213,5952.2001953125,,unavailable in GeoTIFF/XML artifact; band index reported
scene_01_DT0000205230-Z0002,4,214,5784.10009765625,,unavailable in GeoTIFF/XML artifact; band index reported
scene_01_DT0000205230-Z0002,4,215,5769.7998046875,,unavailable in GeoTIFF/XML artifact; band index reported
scene_01_DT0000205230-Z0002,4,216,5701.10009765625,1289.576248101925,unavailable in GeoTIFF/XML artifact; band index reported
scene_01_DT0000205230-Z0002,4,217,5648.7998046875,,unavailable in GeoTIFF/XML artifact; band index reported
scene_01_DT0000205230-Z0002,4,218,5465.2998046875,,unavailable in GeoTIFF/XML artifact; band index reported
scene_01_DT0000205230-Z0002,4,219,5360.89990234375,,unavailable in GeoTIFF/XML artifact; band index reported
scene_01_DT0000205230-Z0002,4,220,5133.2001953125,,unavailable in GeoTIFF/XML artifact; band index reported
scene_01_DT0000205230-Z0002,4,221,5365.5,,unavailable in GeoTIFF/XML artifact; band index reported
scene_01_DT0000205230-Z0002,4,222,4942.39990234375,,unavailable in GeoTIFF/XML artifact; band index reported
scene_01_DT0000205230-Z0002,4,223,5331.2001953125,,unavailable in GeoTIFF/XML artifact; band index reported
scene_01_DT0000205230-Z0002,4,224,4506.10009765625,1179.1428435136806,unavailable in GeoTIFF/XML artifact; band index reported
scene_01_DT0000205230-Z0013,5,1,4984.5,2778.141339809302,unavailable in GeoTIFF/XML artifact; band index reported
scene_01_DT0000205230-Z0013,5,2,4886.25,,unavailable in GeoTIFF/XML artifact; band index reported
scene_01_DT0000205230-Z0013,5,3,4857.5,,unavailable in GeoTIFF/XML artifact; band index reported
scene_01_DT0000205230-Z0013,5,4,4946.25,,unavailable in GeoTIFF/XML artifact; band index reported
scene_01_DT0000205230-Z0013,5,5,4942.25,,unavailable in GeoTIFF/XML artifact; band index reported
scene_01_DT0000205230-Z0013,5,6,4910.75,,unavailable in GeoTIFF/XML artifact; band index reported
scene_01_DT0000205230-Z0013,5,7,4932.75,,unavailable in GeoTIFF/XML artifact; band index reported
scene_01_DT0000205230-Z0013,5,8,4923.5,2642.754279270416,unavailable in GeoTIFF/XML artifact; band index reported
scene_01_DT0000205230-Z0013,5,9,4934.75,,unavailable in GeoTIFF/XML artifact; band index reported
scene_01_DT0000205230-Z0013,5,10,4979.5,,unavailable in GeoTIFF/XML artifact; band index reported
scene_01_DT0000205230-Z0013,5,11,4948.0,,unavailable in GeoTIFF/XML artifact; band index reported
scene_01_DT0000205230-Z0013,5,12,4964.0,,unavailable in GeoTIFF/XML artifact; band index reported
scene_01_DT0000205230-Z0013,5,13,4987.5,,unavailable in GeoTIFF/XML artifact; band index reported
scene_01_DT0000205230-Z0013,5,14,4995.25,,unavailable in GeoTIFF/XML artifact; band index reported
scene_01_DT0000205230-Z0013,5,15,4975.25,2609.7302388123417,unavailable in GeoTIFF/XML artifact; band index reported
scene_01_DT0000205230-Z0013,5,16,5020.75,,unavailable in GeoTIFF/XML artifact; band index reported
scene_01_DT0000205230-Z0013,5,17,5017.5,,unavailable in GeoTIFF/XML artifact; band index reported
scene_01_DT0000205230-Z0013,5,18,5000.5,,unavailable in GeoTIFF/XML artifact; band index reported
scene_01_DT0000205230-Z0013,5,19,5008.0,,unavailable in GeoTIFF/XML artifact; band index reported
scene_01_DT0000205230-Z0013,5,20,5077.5,,unavailable in GeoTIFF/XML artifact; band index reported
scene_01_DT0000205230-Z0013,5,21,5106.0,,unavailable in GeoTIFF/XML artifact; band index reported
scene_01_DT0000205230-Z0013,5,22,5121.5,2618.1355794552014,unavailable in GeoTIFF/XML artifact; band index reported
scene_01_DT0000205230-Z0013,5,23,5129.25,,unavailable in GeoTIFF/XML artifact; band index reported
scene_01_DT0000205230-Z0013,5,24,5175.0,,unavailable in GeoTIFF/XML artifact; band index reported
scene_01_DT0000205230-Z0013,5,25,5203.0,,unavailable in GeoTIFF/XML artifact; band index reported
scene_01_DT0000205230-Z0013,5,26,5222.25,,unavailable in GeoTIFF/XML artifact; band index reported
scene_01_DT0000205230-Z0013,5,27,5218.75,,unavailable in GeoTIFF/XML artifact; band index reported
scene_01_DT0000205230-Z0013,5,28,5217.75,,unavailable in GeoTIFF/XML artifact; band index reported
scene_01_DT0000205230-Z0013,5,29,5243.25,2675.2596888432727,unavailable in GeoTIFF/XML artifact; band index reported
scene_01_DT0000205230-Z0013,5,30,5278.25,,unavailable in GeoTIFF/XML artifact; band index reported
scene_01_DT0000205230-Z0013,5,31,5259.0,,unavailable in GeoTIFF/XML artifact; band index reported
scene_01_DT0000205230-Z0013,5,32,5221.75,,unavailable in GeoTIFF/XML artifact; band index reported
scene_01_DT0000205230-Z0013,5,33,5302.0,,unavailable in GeoTIFF/XML artifact; band index reported
scene_01_DT0000205230-Z0013,5,34,5325.0,,unavailable in GeoTIFF/XML artifact; band index reported
scene_01_DT0000205230-Z0013,5,35,5320.5,,unavailable in GeoTIFF/XML artifact; band index reported
scene_01_DT0000205230-Z0013,5,36,5319.5,2633.6236388835327,unavailable in GeoTIFF/XML artifact; band index reported
scene_01_DT0000205230-Z0013,5,37,5299.5,,unavailable in GeoTIFF/XML artifact; band index reported
scene_01_DT0000205230-Z0013,5,38,5319.0,,unavailable in GeoTIFF/XML artifact; band index reported
scene_01_DT0000205230-Z0013,5,39,5294.25,,unavailable in GeoTIFF/XML artifact; band index reported
scene_01_DT0000205230-Z0013,5,40,5280.75,,unavailable in GeoTIFF/XML artifact; band index reported
scene_01_DT0000205230-Z0013,5,41,5212.5,,unavailable in GeoTIFF/XML artifact; band index reported
scene_01_DT0000205230-Z0013,5,42,5200.5,,unavailable in GeoTIFF/XML artifact; band index reported
scene_01_DT0000205230-Z0013,5,43,5252.75,,unavailable in GeoTIFF/XML artifact; band index reported
scene_01_DT0000205230-Z0013,5,44,5267.5,2557.77455595676,unavailable in GeoTIFF/XML artifact; band index reported
scene_01_DT0000205230-Z0013,5,45,5265.5,,unavailable in GeoTIFF/XML artifact; band index reported
scene_01_DT0000205230-Z0013,5,46,5236.25,,unavailable in GeoTIFF/XML artifact; band index reported
scene_01_DT0000205230-Z0013,5,47,5214.0,,unavailable in GeoTIFF/XML artifact; band index reported
scene_01_DT0000205230-Z0013,5,48,5205.5,,unavailable in GeoTIFF/XML artifact; band index reported
scene_01_DT0000205230-Z0013,5,49,5208.0,,unavailable in GeoTIFF/XML artifact; band index reported
scene_01_DT0000205230-Z0013,5,50,5145.5,,unavailable in GeoTIFF/XML artifact; band index reported
scene_01_DT0000205230-Z0013,5,51,5202.25,2489.4952756085927,unavailable in GeoTIFF/XML artifact; band index reported
scene_01_DT0000205230-Z0013,5,52,5291.25,,unavailable in GeoTIFF/XML artifact; band index reported
scene_01_DT0000205230-Z0013,5,53,5411.25,,unavailable in GeoTIFF/XML artifact; band index reported
scene_01_DT0000205230-Z0013,5,54,5523.5,,unavailable in GeoTIFF/XML artifact; band index reported
scene_01_DT0000205230-Z0013,5,55,5695.0,,unavailable in GeoTIFF/XML artifact; band index reported
scene_01_DT0000205230-Z0013,5,56,5867.0,,unavailable in GeoTIFF/XML artifact; band index reported
scene_01_DT0000205230-Z0013,5,57,6065.5,,unavailable in GeoTIFF/XML artifact; band index reported
scene_01_DT0000205230-Z0013,5,58,6244.75,3403.2712116040516,unavailable in GeoTIFF/XML artifact; band index reported
scene_01_DT0000205230-Z0013,5,59,6387.5,,unavailable in GeoTIFF/XML artifact; band index reported
scene_01_DT0000205230-Z0013,5,60,6388.0,,unavailable in GeoTIFF/XML artifact; band index reported
scene_01_DT0000205230-Z0013,5,61,6514.75,,unavailable in GeoTIFF/XML artifact; band index reported
scene_01_DT0000205230-Z0013,5,62,6228.5,,unavailable in GeoTIFF/XML artifact; band index reported
scene_01_DT0000205230-Z0013,5,63,6583.5,,unavailable in GeoTIFF/XML artifact; band index reported
scene_01_DT0000205230-Z0013,5,64,6654.0,,unavailable in GeoTIFF/XML artifact; band index reported
scene_01_DT0000205230-Z0013,5,65,6607.75,3750.923699412018,unavailable in GeoTIFF/XML artifact; band index reported
scene_01_DT0000205230-Z0013,5,66,6689.0,,unavailable in GeoTIFF/XML artifact; band index reported
scene_01_DT0000205230-Z0013,5,67,6681.5,,unavailable in GeoTIFF/XML artifact; band index reported
scene_01_DT0000205230-Z0013,5,68,6753.5,,unavailable in GeoTIFF/XML artifact; band index reported
scene_01_DT0000205230-Z0013,5,69,6751.25,,unavailable in GeoTIFF/XML artifact; band index reported
scene_01_DT0000205230-Z0013,5,70,6777.5,,unavailable in GeoTIFF/XML artifact; band index reported
scene_01_DT0000205230-Z0013,5,71,6756.5,,unavailable in GeoTIFF/XML artifact; band index reported
scene_01_DT0000205230-Z0013,5,72,6859.25,3913.7549246977705,unavailable in GeoTIFF/XML artifact; band index reported
scene_01_DT0000205230-Z0013,5,73,6886.25,,unavailable in GeoTIFF/XML artifact; band index reported
scene_01_DT0000205230-Z0013,5,74,6821.75,,unavailable in GeoTIFF/XML artifact; band index reported
scene_01_DT0000205230-Z0013,5,75,6988.75,,unavailable in GeoTIFF/XML artifact; band index reported
scene_01_DT0000205230-Z0013,5,76,6808.0,,unavailable in GeoTIFF/XML artifact; band index reported
scene_01_DT0000205230-Z0013,5,77,6894.0,,unavailable in GeoTIFF/XML artifact; band index reported
scene_01_DT0000205230-Z0013,5,78,6910.75,,unavailable in GeoTIFF/XML artifact; band index reported
scene_01_DT0000205230-Z0013,5,79,6766.5,,unavailable in GeoTIFF/XML artifact; band index reported
scene_01_DT0000205230-Z0013,5,80,6945.0,4004.0477535216755,unavailable in GeoTIFF/XML artifact; band index reported
scene_01_DT0000205230-Z0013,5,81,6739.75,,unavailable in GeoTIFF/XML artifact; band index reported
scene_01_DT0000205230-Z0013,5,82,6865.5,,unavailable in GeoTIFF/XML artifact; band index reported
scene_01_DT0000205230-Z0013,5,83,6612.5,,unavailable in GeoTIFF/XML artifact; band index reported
scene_01_DT0000205230-Z0013,5,84,6372.5,,unavailable in GeoTIFF/XML artifact; band index reported
scene_01_DT0000205230-Z0013,5,85,6990.0,,unavailable in GeoTIFF/XML artifact; band index reported
scene_01_DT0000205230-Z0013,5,86,6654.25,,unavailable in GeoTIFF/XML artifact; band index reported
scene_01_DT0000205230-Z0013,5,87,6334.0,3837.6610413015565,unavailable in GeoTIFF/XML artifact; band index reported
scene_01_DT0000205230-Z0013,5,88,6612.75,,unavailable in GeoTIFF/XML artifact; band index reported
scene_01_DT0000205230-Z0013,5,89,6638.75,,unavailable in GeoTIFF/XML artifact; band index reported
scene_01_DT0000205230-Z0013,5,90,6468.25,,unavailable in GeoTIFF/XML artifact; band index reported
scene_01_DT0000205230-Z0013,5,91,6613.25,,unavailable in GeoTIFF/XML artifact; band index reported
scene_01_DT0000205230-Z0013,5,92,6324.25,,unavailable in GeoTIFF/XML artifact; band index reported
scene_01_DT0000205230-Z0013,5,93,6274.25,,unavailable in GeoTIFF/XML artifact; band index reported
scene_01_DT0000205230-Z0013,5,94,6762.0,3813.7033160932942,unavailable in GeoTIFF/XML artifact; band index reported
scene_01_DT0000205230-Z0013,5,95,6489.25,,unavailable in GeoTIFF/XML artifact; band index reported
scene_01_DT0000205230-Z0013,5,96,6956.25,,unavailable in GeoTIFF/XML artifact; band index reported
scene_01_DT0000205230-Z0013,5,97,6487.5,,unavailable in GeoTIFF/XML artifact; band index reported
scene_01_DT0000205230-Z0013,5,98,7050.25,,unavailable in GeoTIFF/XML artifact; band index reported
scene_01_DT0000205230-Z0013,5,99,6564.0,,unavailable in GeoTIFF/XML artifact; band index reported
scene_01_DT0000205230-Z0013,5,100,7137.75,,unavailable in GeoTIFF/XML artifact; band index reported
scene_01_DT0000205230-Z0013,5,101,6615.25,3810.509529806768,unavailable in GeoTIFF/XML artifact; band index reported
scene_01_DT0000205230-Z0013,5,102,7170.75,,unavailable in GeoTIFF/XML artifact; band index reported
scene_01_DT0000205230-Z0013,5,103,7194.0,,unavailable in GeoTIFF/XML artifact; band index reported
scene_01_DT0000205230-Z0013,5,104,7238.5,,unavailable in GeoTIFF/XML artifact; band index reported
scene_01_DT0000205230-Z0013,5,105,7303.25,,unavailable in GeoTIFF/XML artifact; band index reported
scene_01_DT0000205230-Z0013,5,106,7321.5,,unavailable in GeoTIFF/XML artifact; band index reported
scene_01_DT0000205230-Z0013,5,107,7348.0,,unavailable in GeoTIFF/XML artifact; band index reported
scene_01_DT0000205230-Z0013,5,108,7394.0,4315.307138388113,unavailable in GeoTIFF/XML artifact; band index reported
scene_01_DT0000205230-Z0013,5,109,7363.5,,unavailable in GeoTIFF/XML artifact; band index reported
scene_01_DT0000205230-Z0013,5,110,7310.25,,unavailable in GeoTIFF/XML artifact; band index reported
scene_01_DT0000205230-Z0013,5,111,7123.75,,unavailable in GeoTIFF/XML artifact; band index reported
scene_01_DT0000205230-Z0013,5,112,6484.75,,unavailable in GeoTIFF/XML artifact; band index reported
scene_01_DT0000205230-Z0013,5,113,6469.75,,unavailable in GeoTIFF/XML artifact; band index reported
scene_01_DT0000205230-Z0013,5,114,6577.5,,unavailable in GeoTIFF/XML artifact; band index reported
scene_01_DT0000205230-Z0013,5,115,6589.0,,unavailable in GeoTIFF/XML artifact; band index reported
scene_01_DT0000205230-Z0013,5,116,6853.75,3672.3491114413987,unavailable in GeoTIFF/XML artifact; band index reported
scene_01_DT0000205230-Z0013,5,117,6881.0,,unavailable in GeoTIFF/XML artifact; band index reported
scene_01_DT0000205230-Z0013,5,118,6926.75,,unavailable in GeoTIFF/XML artifact; band index reported
scene_01_DT0000205230-Z0013,5,119,6927.5,,unavailable in GeoTIFF/XML artifact; band index reported
scene_01_DT0000205230-Z0013,5,120,6950.75,,unavailable in GeoTIFF/XML artifact; band index reported
scene_01_DT0000205230-Z0013,5,121,7038.25,,unavailable in GeoTIFF/XML artifact; band index reported
scene_01_DT0000205230-Z0013,5,122,7122.5,,unavailable in GeoTIFF/XML artifact; band index reported
scene_01_DT0000205230-Z0013,5,123,7158.25,3942.3069460173356,unavailable in GeoTIFF/XML artifact; band index reported
scene_01_DT0000205230-Z0013,5,124,7152.75,,unavailable in GeoTIFF/XML artifact; band index reported
scene_01_DT0000205230-Z0013,5,125,7259.25,,unavailable in GeoTIFF/XML artifact; band index reported
scene_01_DT0000205230-Z0013,5,126,7224.5,,unavailable in GeoTIFF/XML artifact; band index reported
scene_01_DT0000205230-Z0013,5,127,7137.5,,unavailable in GeoTIFF/XML artifact; band index reported
scene_01_DT0000205230-Z0013,5,128,6985.0,,unavailable in GeoTIFF/XML artifact; band index reported
scene_01_DT0000205230-Z0013,5,129,6901.0,,unavailable in GeoTIFF/XML artifact; band index reported
scene_01_DT0000205230-Z0013,5,130,6670.75,3684.4208072753718,unavailable in GeoTIFF/XML artifact; band index reported
scene_01_DT0000205230-Z0013,5,131,-32768.0,,unavailable in GeoTIFF/XML artifact; band index reported
scene_01_DT0000205230-Z0013,5,132,-32768.0,,unavailable in GeoTIFF/XML artifact; band index reported
scene_01_DT0000205230-Z0013,5,133,-32768.0,,unavailable in GeoTIFF/XML artifact; band index reported
scene_01_DT0000205230-Z0013,5,134,-32768.0,,unavailable in GeoTIFF/XML artifact; band index reported
scene_01_DT0000205230-Z0013,5,135,-32768.0,,unavailable in GeoTIFF/XML artifact; band index reported
scene_01_DT0000205230-Z0013,5,136,5947.0,,unavailable in GeoTIFF/XML artifact; band index reported
scene_01_DT0000205230-Z0013,5,137,5530.0,2058.245710828859,unavailable in GeoTIFF/XML artifact; band index reported
scene_01_DT0000205230-Z0013,5,138,5463.0,,unavailable in GeoTIFF/XML artifact; band index reported
scene_01_DT0000205230-Z0013,5,139,5470.25,,unavailable in GeoTIFF/XML artifact; band index reported
scene_01_DT0000205230-Z0013,5,140,5409.5,,unavailable in GeoTIFF/XML artifact; band index reported
scene_01_DT0000205230-Z0013,5,141,5402.5,,unavailable in GeoTIFF/XML artifact; band index reported
scene_01_DT0000205230-Z0013,5,142,5555.25,,unavailable in GeoTIFF/XML artifact; band index reported
scene_01_DT0000205230-Z0013,5,143,5630.75,,unavailable in GeoTIFF/XML artifact; band index reported
scene_01_DT0000205230-Z0013,5,144,5744.25,2080.945566339755,unavailable in GeoTIFF/XML artifact; band index reported
scene_01_DT0000205230-Z0013,5,145,5832.0,,unavailable in GeoTIFF/XML artifact; band index reported
scene_01_DT0000205230-Z0013,5,146,5905.25,,unavailable in GeoTIFF/XML artifact; band index reported
scene_01_DT0000205230-Z0013,5,147,6009.75,,unavailable in GeoTIFF/XML artifact; band index reported
scene_01_DT0000205230-Z0013,5,148,6086.75,,unavailable in GeoTIFF/XML artifact; band index reported
scene_01_DT0000205230-Z0013,5,149,6111.5,,unavailable in GeoTIFF/XML artifact; band index reported
scene_01_DT0000205230-Z0013,5,150,6224.5,,unavailable in GeoTIFF/XML artifact; band index reported
scene_01_DT0000205230-Z0013,5,151,6249.25,,unavailable in GeoTIFF/XML artifact; band index reported
scene_01_DT0000205230-Z0013,5,152,6259.25,2584.3016073811323,unavailable in GeoTIFF/XML artifact; band index reported
scene_01_DT0000205230-Z0013,5,153,6298.75,,unavailable in GeoTIFF/XML artifact; band index reported
scene_01_DT0000205230-Z0013,5,154,6369.5,,unavailable in GeoTIFF/XML artifact; band index reported
scene_01_DT0000205230-Z0013,5,155,6358.5,,unavailable in GeoTIFF/XML artifact; band index reported
scene_01_DT0000205230-Z0013,5,156,6395.25,,unavailable in GeoTIFF/XML artifact; band index reported
scene_01_DT0000205230-Z0013,5,157,6422.0,,unavailable in GeoTIFF/XML artifact; band index reported
scene_01_DT0000205230-Z0013,5,158,6399.25,,unavailable in GeoTIFF/XML artifact; band index reported
scene_01_DT0000205230-Z0013,5,159,6395.75,2624.7136565158407,unavailable in GeoTIFF/XML artifact; band index reported
scene_01_DT0000205230-Z0013,5,160,6377.75,,unavailable in GeoTIFF/XML artifact; band index reported
scene_01_DT0000205230-Z0013,5,161,6344.5,,unavailable in GeoTIFF/XML artifact; band index reported
scene_01_DT0000205230-Z0013,5,162,6344.75,,unavailable in GeoTIFF/XML artifact; band index reported
scene_01_DT0000205230-Z0013,5,163,6378.25,,unavailable in GeoTIFF/XML artifact; band index reported
scene_01_DT0000205230-Z0013,5,164,6258.5,,unavailable in GeoTIFF/XML artifact; band index reported
scene_01_DT0000205230-Z0013,5,165,6228.5,,unavailable in GeoTIFF/XML artifact; band index reported
scene_01_DT0000205230-Z0013,5,166,6127.5,2489.936876681637,unavailable in GeoTIFF/XML artifact; band index reported
scene_01_DT0000205230-Z0013,5,167,3967.75,,unavailable in GeoTIFF/XML artifact; band index reported
scene_01_DT0000205230-Z0013,5,168,4083.75,,unavailable in GeoTIFF/XML artifact; band index reported
scene_01_DT0000205230-Z0013,5,169,4234.0,,unavailable in GeoTIFF/XML artifact; band index reported
scene_01_DT0000205230-Z0013,5,170,3894.25,,unavailable in GeoTIFF/XML artifact; band index reported
scene_01_DT0000205230-Z0013,5,171,3873.25,,unavailable in GeoTIFF/XML artifact; band index reported
scene_01_DT0000205230-Z0013,5,172,4188.0,,unavailable in GeoTIFF/XML artifact; band index reported
scene_01_DT0000205230-Z0013,5,173,4669.5,1061.9858491886037,unavailable in GeoTIFF/XML artifact; band index reported
scene_01_DT0000205230-Z0013,5,174,4777.25,,unavailable in GeoTIFF/XML artifact; band index reported
scene_01_DT0000205230-Z0013,5,175,4889.5,,unavailable in GeoTIFF/XML artifact; band index reported
scene_01_DT0000205230-Z0013,5,176,4736.5,,unavailable in GeoTIFF/XML artifact; band index reported
scene_01_DT0000205230-Z0013,5,177,4987.75,,unavailable in GeoTIFF/XML artifact; band index reported
scene_01_DT0000205230-Z0013,5,178,5142.5,,unavailable in GeoTIFF/XML artifact; band index reported
scene_01_DT0000205230-Z0013,5,179,5292.25,,unavailable in GeoTIFF/XML artifact; band index reported
scene_01_DT0000205230-Z0013,5,180,5331.25,1390.0855269078343,unavailable in GeoTIFF/XML artifact; band index reported
scene_01_DT0000205230-Z0013,5,181,5377.5,,unavailable in GeoTIFF/XML artifact; band index reported
scene_01_DT0000205230-Z0013,5,182,5488.25,,unavailable in GeoTIFF/XML artifact; band index reported
scene_01_DT0000205230-Z0013,5,183,5573.75,,unavailable in GeoTIFF/XML artifact; band index reported
scene_01_DT0000205230-Z0013,5,184,5448.0,,unavailable in GeoTIFF/XML artifact; band index reported
scene_01_DT0000205230-Z0013,5,185,5577.75,,unavailable in GeoTIFF/XML artifact; band index reported
scene_01_DT0000205230-Z0013,5,186,5653.5,,unavailable in GeoTIFF/XML artifact; band index reported
scene_01_DT0000205230-Z0013,5,187,5578.0,,unavailable in GeoTIFF/XML artifact; band index reported
scene_01_DT0000205230-Z0013,5,188,5589.25,1615.012412344073,unavailable in GeoTIFF/XML artifact; band index reported
scene_01_DT0000205230-Z0013,5,189,5572.0,,unavailable in GeoTIFF/XML artifact; band index reported
scene_01_DT0000205230-Z0013,5,190,5581.75,,unavailable in GeoTIFF/XML artifact; band index reported
scene_01_DT0000205230-Z0013,5,191,5491.25,,unavailable in GeoTIFF/XML artifact; band index reported
scene_01_DT0000205230-Z0013,5,192,5579.0,,unavailable in GeoTIFF/XML artifact; band index reported
scene_01_DT0000205230-Z0013,5,193,5502.25,,unavailable in GeoTIFF/XML artifact; band index reported
scene_01_DT0000205230-Z0013,5,194,5658.5,,unavailable in GeoTIFF/XML artifact; band index reported
scene_01_DT0000205230-Z0013,5,195,5645.25,1714.134939921006,unavailable in GeoTIFF/XML artifact; band index reported
scene_01_DT0000205230-Z0013,5,196,5643.25,,unavailable in GeoTIFF/XML artifact; band index reported
scene_01_DT0000205230-Z0013,5,197,5672.0,,unavailable in GeoTIFF/XML artifact; band index reported
scene_01_DT0000205230-Z0013,5,198,5599.75,,unavailable in GeoTIFF/XML artifact; band index reported
scene_01_DT0000205230-Z0013,5,199,5571.0,,unavailable in GeoTIFF/XML artifact; band index reported
scene_01_DT0000205230-Z0013,5,200,5572.0,,unavailable in GeoTIFF/XML artifact; band index reported
scene_01_DT0000205230-Z0013,5,201,5510.75,,unavailable in GeoTIFF/XML artifact; band index reported
scene_01_DT0000205230-Z0013,5,202,5478.0,1623.8421900371911,unavailable in GeoTIFF/XML artifact; band index reported
scene_01_DT0000205230-Z0013,5,203,5452.25,,unavailable in GeoTIFF/XML artifact; band index reported
scene_01_DT0000205230-Z0013,5,204,5330.25,,unavailable in GeoTIFF/XML artifact; band index reported
scene_01_DT0000205230-Z0013,5,205,5298.5,,unavailable in GeoTIFF/XML artifact; band index reported
scene_01_DT0000205230-Z0013,5,206,5266.5,,unavailable in GeoTIFF/XML artifact; band index reported
scene_01_DT0000205230-Z0013,5,207,5125.5,,unavailable in GeoTIFF/XML artifact; band index reported
scene_01_DT0000205230-Z0013,5,208,5219.5,,unavailable in GeoTIFF/XML artifact; band index reported
scene_01_DT0000205230-Z0013,5,209,5119.5,1409.4000839608805,unavailable in GeoTIFF/XML artifact; band index reported
scene_01_DT0000205230-Z0013,5,210,4975.0,,unavailable in GeoTIFF/XML artifact; band index reported
scene_01_DT0000205230-Z0013,5,211,4917.75,,unavailable in GeoTIFF/XML artifact; band index reported
scene_01_DT0000205230-Z0013,5,212,5000.75,,unavailable in GeoTIFF/XML artifact; band index reported
scene_01_DT0000205230-Z0013,5,213,4894.0,,unavailable in GeoTIFF/XML artifact; band index reported
scene_01_DT0000205230-Z0013,5,214,4823.5,,unavailable in GeoTIFF/XML artifact; band index reported
scene_01_DT0000205230-Z0013,5,215,4758.0,,unavailable in GeoTIFF/XML artifact; band index reported
scene_01_DT0000205230-Z0013,5,216,4776.75,1289.576248101925,unavailable in GeoTIFF/XML artifact; band index reported
scene_01_DT0000205230-Z0013,5,217,4746.5,,unavailable in GeoTIFF/XML artifact; band index reported
scene_01_DT0000205230-Z0013,5,218,4606.25,,unavailable in GeoTIFF/XML artifact; band index reported
scene_01_DT0000205230-Z0013,5,219,4486.75,,unavailable in GeoTIFF/XML artifact; band index reported
scene_01_DT0000205230-Z0013,5,220,4359.25,,unavailable in GeoTIFF/XML artifact; band index reported
scene_01_DT0000205230-Z0013,5,221,4534.25,,unavailable in GeoTIFF/XML artifact; band index reported
scene_01_DT0000205230-Z0013,5,222,4261.25,,unavailable in GeoTIFF/XML artifact; band index reported
scene_01_DT0000205230-Z0013,5,223,4487.75,,unavailable in GeoTIFF/XML artifact; band index reported
scene_01_DT0000205230-Z0013,5,224,4028.0,1179.1428435136806,unavailable in GeoTIFF/XML artifact; band index reported
scene_01_DT0000205230-Z0050,6,1,417.0,2778.141339809302,unavailable in GeoTIFF/XML artifact; band index reported
scene_01_DT0000205230-Z0050,6,2,370.0,,unavailable in GeoTIFF/XML artifact; band index reported
scene_01_DT0000205230-Z0050,6,3,363.0,,unavailable in GeoTIFF/XML artifact; band index reported
scene_01_DT0000205230-Z0050,6,4,400.0,,unavailable in GeoTIFF/XML artifact; band index reported
scene_01_DT0000205230-Z0050,6,5,407.0,,unavailable in GeoTIFF/XML artifact; band index reported
scene_01_DT0000205230-Z0050,6,6,384.0,,unavailable in GeoTIFF/XML artifact; band index reported
scene_01_DT0000205230-Z0050,6,7,419.0,,unavailable in GeoTIFF/XML artifact; band index reported
scene_01_DT0000205230-Z0050,6,8,468.0,2642.754279270416,unavailable in GeoTIFF/XML artifact; band index reported
scene_01_DT0000205230-Z0050,6,9,457.0,,unavailable in GeoTIFF/XML artifact; band index reported
scene_01_DT0000205230-Z0050,6,10,481.0,,unavailable in GeoTIFF/XML artifact; band index reported
scene_01_DT0000205230-Z0050,6,11,502.0,,unavailable in GeoTIFF/XML artifact; band index reported
scene_01_DT0000205230-Z0050,6,12,506.0,,unavailable in GeoTIFF/XML artifact; band index reported
scene_01_DT0000205230-Z0050,6,13,521.0,,unavailable in GeoTIFF/XML artifact; band index reported
scene_01_DT0000205230-Z0050,6,14,551.0,,unavailable in GeoTIFF/XML artifact; band index reported
scene_01_DT0000205230-Z0050,6,15,579.0,2609.7302388123417,unavailable in GeoTIFF/XML artifact; band index reported
scene_01_DT0000205230-Z0050,6,16,581.0,,unavailable in GeoTIFF/XML artifact; band index reported
scene_01_DT0000205230-Z0050,6,17,590.0,,unavailable in GeoTIFF/XML artifact; band index reported
scene_01_DT0000205230-Z0050,6,18,625.0,,unavailable in GeoTIFF/XML artifact; band index reported
scene_01_DT0000205230-Z0050,6,19,642.0,,unavailable in GeoTIFF/XML artifact; band index reported
scene_01_DT0000205230-Z0050,6,20,706.0,,unavailable in GeoTIFF/XML artifact; band index reported
scene_01_DT0000205230-Z0050,6,21,808.0,,unavailable in GeoTIFF/XML artifact; band index reported
scene_01_DT0000205230-Z0050,6,22,879.0,2618.1355794552014,unavailable in GeoTIFF/XML artifact; band index reported
scene_01_DT0000205230-Z0050,6,23,976.0,,unavailable in GeoTIFF/XML artifact; band index reported
scene_01_DT0000205230-Z0050,6,24,1098.0,,unavailable in GeoTIFF/XML artifact; band index reported
scene_01_DT0000205230-Z0050,6,25,1193.0,,unavailable in GeoTIFF/XML artifact; band index reported
scene_01_DT0000205230-Z0050,6,26,1259.0,,unavailable in GeoTIFF/XML artifact; band index reported
scene_01_DT0000205230-Z0050,6,27,1302.0,,unavailable in GeoTIFF/XML artifact; band index reported
scene_01_DT0000205230-Z0050,6,28,1349.0,,unavailable in GeoTIFF/XML artifact; band index reported
scene_01_DT0000205230-Z0050,6,29,1385.0,2675.2596888432727,unavailable in GeoTIFF/XML artifact; band index reported
scene_01_DT0000205230-Z0050,6,30,1361.0,,unavailable in GeoTIFF/XML artifact; band index reported
scene_01_DT0000205230-Z0050,6,31,1313.0,,unavailable in GeoTIFF/XML artifact; band index reported
scene_01_DT0000205230-Z0050,6,32,1235.0,,unavailable in GeoTIFF/XML artifact; band index reported
scene_01_DT0000205230-Z0050,6,33,1299.0,,unavailable in GeoTIFF/XML artifact; band index reported
scene_01_DT0000205230-Z0050,6,34,1243.0,,unavailable in GeoTIFF/XML artifact; band index reported
scene_01_DT0000205230-Z0050,6,35,1213.0,,unavailable in GeoTIFF/XML artifact; band index reported
scene_01_DT0000205230-Z0050,6,36,1179.0,2633.6236388835327,unavailable in GeoTIFF/XML artifact; band index reported
scene_01_DT0000205230-Z0050,6,37,1172.0,,unavailable in GeoTIFF/XML artifact; band index reported
scene_01_DT0000205230-Z0050,6,38,1146.0,,unavailable in GeoTIFF/XML artifact; band index reported
scene_01_DT0000205230-Z0050,6,39,1135.0,,unavailable in GeoTIFF/XML artifact; band index reported
scene_01_DT0000205230-Z0050,6,40,1090.0,,unavailable in GeoTIFF/XML artifact; band index reported
scene_01_DT0000205230-Z0050,6,41,998.0,,unavailable in GeoTIFF/XML artifact; band index reported
scene_01_DT0000205230-Z0050,6,42,982.0,,unavailable in GeoTIFF/XML artifact; band index reported
scene_01_DT0000205230-Z0050,6,43,1038.0,,unavailable in GeoTIFF/XML artifact; band index reported
scene_01_DT0000205230-Z0050,6,44,1028.0,2557.77455595676,unavailable in GeoTIFF/XML artifact; band index reported
scene_01_DT0000205230-Z0050,6,45,988.0,,unavailable in GeoTIFF/XML artifact; band index reported
scene_01_DT0000205230-Z0050,6,46,944.0,,unavailable in GeoTIFF/XML artifact; band index reported
scene_01_DT0000205230-Z0050,6,47,902.0,,unavailable in GeoTIFF/XML artifact; band index reported
scene_01_DT0000205230-Z0050,6,48,880.0,,unavailable in GeoTIFF/XML artifact; band index reported
scene_01_DT0000205230-Z0050,6,49,870.0,,unavailable in GeoTIFF/XML artifact; band index reported
scene_01_DT0000205230-Z0050,6,50,838.0,,unavailable in GeoTIFF/XML artifact; band index reported
scene_01_DT0000205230-Z0050,6,51,882.0,2489.4952756085927,unavailable in GeoTIFF/XML artifact; band index reported
scene_01_DT0000205230-Z0050,6,52,1209.0,,unavailable in GeoTIFF/XML artifact; band index reported
scene_01_DT0000205230-Z0050,6,53,1770.0,,unavailable in GeoTIFF/XML artifact; band index reported
scene_01_DT0000205230-Z0050,6,54,2421.0,,unavailable in GeoTIFF/XML artifact; band index reported
scene_01_DT0000205230-Z0050,6,55,3106.0,,unavailable in GeoTIFF/XML artifact; band index reported
scene_01_DT0000205230-Z0050,6,56,5797.0,,unavailable in GeoTIFF/XML artifact; band index reported
scene_01_DT0000205230-Z0050,6,57,7016.0,,unavailable in GeoTIFF/XML artifact; band index reported
scene_01_DT0000205230-Z0050,6,58,8417.0,3403.2712116040516,unavailable in GeoTIFF/XML artifact; band index reported
scene_01_DT0000205230-Z0050,6,59,9336.0,,unavailable in GeoTIFF/XML artifact; band index reported
scene_01_DT0000205230-Z0050,6,60,9775.0,,unavailable in GeoTIFF/XML artifact; band index reported
scene_01_DT0000205230-Z0050,6,61,9985.0,,unavailable in GeoTIFF/XML artifact; band index reported
scene_01_DT0000205230-Z0050,6,62,9131.0,,unavailable in GeoTIFF/XML artifact; band index reported
scene_01_DT0000205230-Z0050,6,63,10364.0,,unavailable in GeoTIFF/XML artifact; band index reported
scene_01_DT0000205230-Z0050,6,64,10559.0,,unavailable in GeoTIFF/XML artifact; band index reported
scene_01_DT0000205230-Z0050,6,65,10527.0,3750.923699412018,unavailable in GeoTIFF/XML artifact; band index reported
scene_01_DT0000205230-Z0050,6,66,10677.0,,unavailable in GeoTIFF/XML artifact; band index reported
scene_01_DT0000205230-Z0050,6,67,10673.0,,unavailable in GeoTIFF/XML artifact; band index reported
scene_01_DT0000205230-Z0050,6,68,10748.0,,unavailable in GeoTIFF/XML artifact; band index reported
scene_01_DT0000205230-Z0050,6,69,10230.0,,unavailable in GeoTIFF/XML artifact; band index reported
scene_01_DT0000205230-Z0050,6,70,10284.0,,unavailable in GeoTIFF/XML artifact; band index reported
scene_01_DT0000205230-Z0050,6,71,10756.0,,unavailable in GeoTIFF/XML artifact; band index reported
scene_01_DT0000205230-Z0050,6,72,11011.0,3913.7549246977705,unavailable in GeoTIFF/XML artifact; band index reported
scene_01_DT0000205230-Z0050,6,73,11000.0,,unavailable in GeoTIFF/XML artifact; band index reported
scene_01_DT0000205230-Z0050,6,74,10963.0,,unavailable in GeoTIFF/XML artifact; band index reported
scene_01_DT0000205230-Z0050,6,75,10951.0,,unavailable in GeoTIFF/XML artifact; band index reported
scene_01_DT0000205230-Z0050,6,76,10941.0,,unavailable in GeoTIFF/XML artifact; band index reported
scene_01_DT0000205230-Z0050,6,77,10932.0,,unavailable in GeoTIFF/XML artifact; band index reported
scene_01_DT0000205230-Z0050,6,78,10951.0,,unavailable in GeoTIFF/XML artifact; band index reported
scene_01_DT0000205230-Z0050,6,79,10941.0,,unavailable in GeoTIFF/XML artifact; band index reported
scene_01_DT0000205230-Z0050,6,80,10286.0,4004.0477535216755,unavailable in GeoTIFF/XML artifact; band index reported
scene_01_DT0000205230-Z0050,6,81,10376.0,,unavailable in GeoTIFF/XML artifact; band index reported
scene_01_DT0000205230-Z0050,6,82,9977.0,,unavailable in GeoTIFF/XML artifact; band index reported
scene_01_DT0000205230-Z0050,6,83,10055.0,,unavailable in GeoTIFF/XML artifact; band index reported
scene_01_DT0000205230-Z0050,6,84,9815.0,,unavailable in GeoTIFF/XML artifact; band index reported
scene_01_DT0000205230-Z0050,6,85,10323.0,,unavailable in GeoTIFF/XML artifact; band index reported
scene_01_DT0000205230-Z0050,6,86,9528.0,,unavailable in GeoTIFF/XML artifact; band index reported
scene_01_DT0000205230-Z0050,6,87,8256.0,3837.6610413015565,unavailable in GeoTIFF/XML artifact; band index reported
scene_01_DT0000205230-Z0050,6,88,7900.0,,unavailable in GeoTIFF/XML artifact; band index reported
scene_01_DT0000205230-Z0050,6,89,7476.0,,unavailable in GeoTIFF/XML artifact; band index reported
scene_01_DT0000205230-Z0050,6,90,8123.0,,unavailable in GeoTIFF/XML artifact; band index reported
scene_01_DT0000205230-Z0050,6,91,7691.0,,unavailable in GeoTIFF/XML artifact; band index reported
scene_01_DT0000205230-Z0050,6,92,8195.0,,unavailable in GeoTIFF/XML artifact; band index reported
scene_01_DT0000205230-Z0050,6,93,8530.0,,unavailable in GeoTIFF/XML artifact; band index reported
scene_01_DT0000205230-Z0050,6,94,8764.0,3813.7033160932942,unavailable in GeoTIFF/XML artifact; band index reported
scene_01_DT0000205230-Z0050,6,95,9506.0,,unavailable in GeoTIFF/XML artifact; band index reported
scene_01_DT0000205230-Z0050,6,96,10085.0,,unavailable in GeoTIFF/XML artifact; band index reported
scene_01_DT0000205230-Z0050,6,97,9938.0,,unavailable in GeoTIFF/XML artifact; band index reported
scene_01_DT0000205230-Z0050,6,98,10725.0,,unavailable in GeoTIFF/XML artifact; band index reported
scene_01_DT0000205230-Z0050,6,99,10555.0,,unavailable in GeoTIFF/XML artifact; band index reported
scene_01_DT0000205230-Z0050,6,100,10861.0,,unavailable in GeoTIFF/XML artifact; band index reported
scene_01_DT0000205230-Z0050,6,101,10851.0,3810.509529806768,unavailable in GeoTIFF/XML artifact; band index reported
scene_01_DT0000205230-Z0050,6,102,10850.0,,unavailable in GeoTIFF/XML artifact; band index reported
scene_01_DT0000205230-Z0050,6,103,10821.0,,unavailable in GeoTIFF/XML artifact; band index reported
scene_01_DT0000205230-Z0050,6,104,10811.0,,unavailable in GeoTIFF/XML artifact; band index reported
scene_01_DT0000205230-Z0050,6,105,10801.0,,unavailable in GeoTIFF/XML artifact; band index reported
scene_01_DT0000205230-Z0050,6,106,10792.0,,unavailable in GeoTIFF/XML artifact; band index reported
scene_01_DT0000205230-Z0050,6,107,10784.0,,unavailable in GeoTIFF/XML artifact; band index reported
scene_01_DT0000205230-Z0050,6,108,10794.0,4315.307138388113,unavailable in GeoTIFF/XML artifact; band index reported
scene_01_DT0000205230-Z0050,6,109,10788.0,,unavailable in GeoTIFF/XML artifact; band index reported
scene_01_DT0000205230-Z0050,6,110,10784.0,,unavailable in GeoTIFF/XML artifact; band index reported
scene_01_DT0000205230-Z0050,6,111,10765.0,,unavailable in GeoTIFF/XML artifact; band index reported
scene_01_DT0000205230-Z0050,6,112,8358.0,,unavailable in GeoTIFF/XML artifact; band index reported
scene_01_DT0000205230-Z0050,6,113,5924.0,,unavailable in GeoTIFF/XML artifact; band index reported
scene_01_DT0000205230-Z0050,6,114,7099.0,,unavailable in GeoTIFF/XML artifact; band index reported
scene_01_DT0000205230-Z0050,6,115,7286.0,,unavailable in GeoTIFF/XML artifact; band index reported
scene_01_DT0000205230-Z0050,6,116,9152.0,3672.3491114413987,unavailable in GeoTIFF/XML artifact; band index reported
scene_01_DT0000205230-Z0050,6,117,9887.0,,unavailable in GeoTIFF/XML artifact; band index reported
scene_01_DT0000205230-Z0050,6,118,9988.0,,unavailable in GeoTIFF/XML artifact; band index reported
scene_01_DT0000205230-Z0050,6,119,10180.0,,unavailable in GeoTIFF/XML artifact; band index reported
scene_01_DT0000205230-Z0050,6,120,10357.0,,unavailable in GeoTIFF/XML artifact; band index reported
scene_01_DT0000205230-Z0050,6,121,10753.0,,unavailable in GeoTIFF/XML artifact; band index reported
scene_01_DT0000205230-Z0050,6,122,10745.0,,unavailable in GeoTIFF/XML artifact; band index reported
scene_01_DT0000205230-Z0050,6,123,10739.0,3942.3069460173356,unavailable in GeoTIFF/XML artifact; band index reported
scene_01_DT0000205230-Z0050,6,124,10719.0,,unavailable in GeoTIFF/XML artifact; band index reported
scene_01_DT0000205230-Z0050,6,125,10714.0,,unavailable in GeoTIFF/XML artifact; band index reported
scene_01_DT0000205230-Z0050,6,126,10724.0,,unavailable in GeoTIFF/XML artifact; band index reported
scene_01_DT0000205230-Z0050,6,127,10730.0,,unavailable in GeoTIFF/XML artifact; band index reported
scene_01_DT0000205230-Z0050,6,128,10297.0,,unavailable in GeoTIFF/XML artifact; band index reported
scene_01_DT0000205230-Z0050,6,129,9457.0,,unavailable in GeoTIFF/XML artifact; band index reported
scene_01_DT0000205230-Z0050,6,130,8046.0,3684.4208072753718,unavailable in GeoTIFF/XML artifact; band index reported
scene_01_DT0000205230-Z0050,6,131,-32768.0,,unavailable in GeoTIFF/XML artifact; band index reported
scene_01_DT0000205230-Z0050,6,132,-32768.0,,unavailable in GeoTIFF/XML artifact; band index reported
scene_01_DT0000205230-Z0050,6,133,-32768.0,,unavailable in GeoTIFF/XML artifact; band index reported
scene_01_DT0000205230-Z0050,6,134,-32768.0,,unavailable in GeoTIFF/XML artifact; band index reported
scene_01_DT0000205230-Z0050,6,135,-32768.0,,unavailable in GeoTIFF/XML artifact; band index reported
scene_01_DT0000205230-Z0050,6,136,4972.0,,unavailable in GeoTIFF/XML artifact; band index reported
scene_01_DT0000205230-Z0050,6,137,2769.0,2058.245710828859,unavailable in GeoTIFF/XML artifact; band index reported
scene_01_DT0000205230-Z0050,6,138,2810.0,,unavailable in GeoTIFF/XML artifact; band index reported
scene_01_DT0000205230-Z0050,6,139,2920.0,,unavailable in GeoTIFF/XML artifact; band index reported
scene_01_DT0000205230-Z0050,6,140,3324.0,,unavailable in GeoTIFF/XML artifact; band index reported
scene_01_DT0000205230-Z0050,6,141,3794.0,,unavailable in GeoTIFF/XML artifact; band index reported
scene_01_DT0000205230-Z0050,6,142,4223.0,,unavailable in GeoTIFF/XML artifact; band index reported
scene_01_DT0000205230-Z0050,6,143,4605.0,,unavailable in GeoTIFF/XML artifact; band index reported
scene_01_DT0000205230-Z0050,6,144,4920.0,2080.945566339755,unavailable in GeoTIFF/XML artifact; band index reported
scene_01_DT0000205230-Z0050,6,145,5217.0,,unavailable in GeoTIFF/XML artifact; band index reported
scene_01_DT0000205230-Z0050,6,146,5445.0,,unavailable in GeoTIFF/XML artifact; band index reported
scene_01_DT0000205230-Z0050,6,147,5728.0,,unavailable in GeoTIFF/XML artifact; band index reported
scene_01_DT0000205230-Z0050,6,148,5955.0,,unavailable in GeoTIFF/XML artifact; band index reported
scene_01_DT0000205230-Z0050,6,149,6145.0,,unavailable in GeoTIFF/XML artifact; band index reported
scene_01_DT0000205230-Z0050,6,150,6336.0,,unavailable in GeoTIFF/XML artifact; band index reported
scene_01_DT0000205230-Z0050,6,151,6524.0,,unavailable in GeoTIFF/XML artifact; band index reported
scene_01_DT0000205230-Z0050,6,152,6651.0,2584.3016073811323,unavailable in GeoTIFF/XML artifact; band index reported
scene_01_DT0000205230-Z0050,6,153,6719.0,,unavailable in GeoTIFF/XML artifact; band index reported
scene_01_DT0000205230-Z0050,6,154,6753.0,,unavailable in GeoTIFF/XML artifact; band index reported
scene_01_DT0000205230-Z0050,6,155,6755.0,,unavailable in GeoTIFF/XML artifact; band index reported
scene_01_DT0000205230-Z0050,6,156,6715.0,,unavailable in GeoTIFF/XML artifact; band index reported
scene_01_DT0000205230-Z0050,6,157,6731.0,,unavailable in GeoTIFF/XML artifact; band index reported
scene_01_DT0000205230-Z0050,6,158,6591.0,,unavailable in GeoTIFF/XML artifact; band index reported
scene_01_DT0000205230-Z0050,6,159,6465.0,2624.7136565158407,unavailable in GeoTIFF/XML artifact; band index reported
scene_01_DT0000205230-Z0050,6,160,6293.0,,unavailable in GeoTIFF/XML artifact; band index reported
scene_01_DT0000205230-Z0050,6,161,6089.0,,unavailable in GeoTIFF/XML artifact; band index reported
scene_01_DT0000205230-Z0050,6,162,5987.0,,unavailable in GeoTIFF/XML artifact; band index reported
scene_01_DT0000205230-Z0050,6,163,5849.0,,unavailable in GeoTIFF/XML artifact; band index reported
scene_01_DT0000205230-Z0050,6,164,5675.0,,unavailable in GeoTIFF/XML artifact; band index reported
scene_01_DT0000205230-Z0050,6,165,5396.0,,unavailable in GeoTIFF/XML artifact; band index reported
scene_01_DT0000205230-Z0050,6,166,4872.0,2489.936876681637,unavailable in GeoTIFF/XML artifact; band index reported
scene_01_DT0000205230-Z0050,6,167,1333.0,,unavailable in GeoTIFF/XML artifact; band index reported
scene_01_DT0000205230-Z0050,6,168,1314.0,,unavailable in GeoTIFF/XML artifact; band index reported
scene_01_DT0000205230-Z0050,6,169,1426.0,,unavailable in GeoTIFF/XML artifact; band index reported
scene_01_DT0000205230-Z0050,6,170,1382.0,,unavailable in GeoTIFF/XML artifact; band index reported
scene_01_DT0000205230-Z0050,6,171,1635.0,,unavailable in GeoTIFF/XML artifact; band index reported
scene_01_DT0000205230-Z0050,6,172,1602.0,,unavailable in GeoTIFF/XML artifact; band index reported
scene_01_DT0000205230-Z0050,6,173,1647.0,1061.9858491886037,unavailable in GeoTIFF/XML artifact; band index reported
scene_01_DT0000205230-Z0050,6,174,1942.0,,unavailable in GeoTIFF/XML artifact; band index reported
scene_01_DT0000205230-Z0050,6,175,1948.0,,unavailable in GeoTIFF/XML artifact; band index reported
scene_01_DT0000205230-Z0050,6,176,1953.0,,unavailable in GeoTIFF/XML artifact; band index reported
scene_01_DT0000205230-Z0050,6,177,2070.0,,unavailable in GeoTIFF/XML artifact; band index reported
scene_01_DT0000205230-Z0050,6,178,2169.0,,unavailable in GeoTIFF/XML artifact; band index reported
scene_01_DT0000205230-Z0050,6,179,2359.0,,unavailable in GeoTIFF/XML artifact; band index reported
scene_01_DT0000205230-Z0050,6,180,2389.0,1390.0855269078343,unavailable in GeoTIFF/XML artifact; band index reported
scene_01_DT0000205230-Z0050,6,181,2493.0,,unavailable in GeoTIFF/XML artifact; band index reported
scene_01_DT0000205230-Z0050,6,182,2600.0,,unavailable in GeoTIFF/XML artifact; band index reported
scene_01_DT0000205230-Z0050,6,183,2651.0,,unavailable in GeoTIFF/XML artifact; band index reported
scene_01_DT0000205230-Z0050,6,184,2629.0,,unavailable in GeoTIFF/XML artifact; band index reported
scene_01_DT0000205230-Z0050,6,185,2805.0,,unavailable in GeoTIFF/XML artifact; band index reported
scene_01_DT0000205230-Z0050,6,186,2854.0,,unavailable in GeoTIFF/XML artifact; band index reported
scene_01_DT0000205230-Z0050,6,187,2806.0,,unavailable in GeoTIFF/XML artifact; band index reported
scene_01_DT0000205230-Z0050,6,188,2871.0,1615.012412344073,unavailable in GeoTIFF/XML artifact; band index reported
scene_01_DT0000205230-Z0050,6,189,2942.0,,unavailable in GeoTIFF/XML artifact; band index reported
scene_01_DT0000205230-Z0050,6,190,3030.0,,unavailable in GeoTIFF/XML artifact; band index reported
scene_01_DT0000205230-Z0050,6,191,2978.0,,unavailable in GeoTIFF/XML artifact; band index reported
scene_01_DT0000205230-Z0050,6,192,3130.0,,unavailable in GeoTIFF/XML artifact; band index reported
scene_01_DT0000205230-Z0050,6,193,3086.0,,unavailable in GeoTIFF/XML artifact; band index reported
scene_01_DT0000205230-Z0050,6,194,3246.0,,unavailable in GeoTIFF/XML artifact; band index reported
scene_01_DT0000205230-Z0050,6,195,3326.0,1714.134939921006,unavailable in GeoTIFF/XML artifact; band index reported
scene_01_DT0000205230-Z0050,6,196,3322.0,,unavailable in GeoTIFF/XML artifact; band index reported
scene_01_DT0000205230-Z0050,6,197,3289.0,,unavailable in GeoTIFF/XML artifact; band index reported
scene_01_DT0000205230-Z0050,6,198,3205.0,,unavailable in GeoTIFF/XML artifact; band index reported
scene_01_DT0000205230-Z0050,6,199,3081.0,,unavailable in GeoTIFF/XML artifact; band index reported
scene_01_DT0000205230-Z0050,6,200,3001.0,,unavailable in GeoTIFF/XML artifact; band index reported
scene_01_DT0000205230-Z0050,6,201,2974.0,,unavailable in GeoTIFF/XML artifact; band index reported
scene_01_DT0000205230-Z0050,6,202,2748.0,1623.8421900371911,unavailable in GeoTIFF/XML artifact; band index reported
scene_01_DT0000205230-Z0050,6,203,2780.0,,unavailable in GeoTIFF/XML artifact; band index reported
scene_01_DT0000205230-Z0050,6,204,2719.0,,unavailable in GeoTIFF/XML artifact; band index reported
scene_01_DT0000205230-Z0050,6,205,2530.0,,unavailable in GeoTIFF/XML artifact; band index reported
scene_01_DT0000205230-Z0050,6,206,2373.0,,unavailable in GeoTIFF/XML artifact; band index reported
scene_01_DT0000205230-Z0050,6,207,2244.0,,unavailable in GeoTIFF/XML artifact; band index reported
scene_01_DT0000205230-Z0050,6,208,2292.0,,unavailable in GeoTIFF/XML artifact; band index reported
scene_01_DT0000205230-Z0050,6,209,2252.0,1409.4000839608805,unavailable in GeoTIFF/XML artifact; band index reported
scene_01_DT0000205230-Z0050,6,210,2118.0,,unavailable in GeoTIFF/XML artifact; band index reported
scene_01_DT0000205230-Z0050,6,211,2023.0,,unavailable in GeoTIFF/XML artifact; band index reported
scene_01_DT0000205230-Z0050,6,212,2136.0,,unavailable in GeoTIFF/XML artifact; band index reported
scene_01_DT0000205230-Z0050,6,213,1988.0,,unavailable in GeoTIFF/XML artifact; band index reported
scene_01_DT0000205230-Z0050,6,214,1942.0,,unavailable in GeoTIFF/XML artifact; band index reported
scene_01_DT0000205230-Z0050,6,215,1831.0,,unavailable in GeoTIFF/XML artifact; band index reported
scene_01_DT0000205230-Z0050,6,216,1821.0,1289.576248101925,unavailable in GeoTIFF/XML artifact; band index reported
scene_01_DT0000205230-Z0050,6,217,1781.0,,unavailable in GeoTIFF/XML artifact; band index reported
scene_01_DT0000205230-Z0050,6,218,1833.0,,unavailable in GeoTIFF/XML artifact; band index reported
scene_01_DT0000205230-Z0050,6,219,1547.0,,unavailable in GeoTIFF/XML artifact; band index reported
scene_01_DT0000205230-Z0050,6,220,1664.0,,unavailable in GeoTIFF/XML artifact; band index reported
scene_01_DT0000205230-Z0050,6,221,1516.0,,unavailable in GeoTIFF/XML artifact; band index reported
scene_01_DT0000205230-Z0050,6,222,1505.0,,unavailable in GeoTIFF/XML artifact; band index reported
scene_01_DT0000205230-Z0050,6,223,1389.0,,unavailable in GeoTIFF/XML artifact; band index reported
scene_01_DT0000205230-Z0050,6,224,1569.0,1179.1428435136806,unavailable in GeoTIFF/XML artifact; band index reported
scene_01_DT0000205230-Z0039,7,1,7678.78564453125,2778.141339809302,unavailable in GeoTIFF/XML artifact; band index reported
scene_01_DT0000205230-Z0039,7,2,7557.85693359375,,unavailable in GeoTIFF/XML artifact; band index reported
scene_01_DT0000205230-Z0039,7,3,7482.5,,unavailable in GeoTIFF/XML artifact; band index reported
scene_01_DT0000205230-Z0039,7,4,7534.85693359375,,unavailable in GeoTIFF/XML artifact; band index reported
scene_01_DT0000205230-Z0039,7,5,7493.64306640625,,unavailable in GeoTIFF/XML artifact; band index reported
scene_01_DT0000205230-Z0039,7,6,7396.9287109375,,unavailable in GeoTIFF/XML artifact; band index reported
scene_01_DT0000205230-Z0039,7,7,7431.78564453125,,unavailable in GeoTIFF/XML artifact; band index reported
scene_01_DT0000205230-Z0039,7,8,7430.64306640625,2642.754279270416,unavailable in GeoTIFF/XML artifact; band index reported
scene_01_DT0000205230-Z0039,7,9,7385.35693359375,,unavailable in GeoTIFF/XML artifact; band index reported
scene_01_DT0000205230-Z0039,7,10,7409.21435546875,,unavailable in GeoTIFF/XML artifact; band index reported
scene_01_DT0000205230-Z0039,7,11,7379.9287109375,,unavailable in GeoTIFF/XML artifact; band index reported
scene_01_DT0000205230-Z0039,7,12,7343.64306640625,,unavailable in GeoTIFF/XML artifact; band index reported
scene_01_DT0000205230-Z0039,7,13,7358.5712890625,,unavailable in GeoTIFF/XML artifact; band index reported
scene_01_DT0000205230-Z0039,7,14,7404.35693359375,,unavailable in GeoTIFF/XML artifact; band index reported
scene_01_DT0000205230-Z0039,7,15,7401.5712890625,2609.7302388123417,unavailable in GeoTIFF/XML artifact; band index reported
scene_01_DT0000205230-Z0039,7,16,7354.78564453125,,unavailable in GeoTIFF/XML artifact; band index reported
scene_01_DT0000205230-Z0039,7,17,7369.4287109375,,unavailable in GeoTIFF/XML artifact; band index reported
scene_01_DT0000205230-Z0039,7,18,7366.78564453125,,unavailable in GeoTIFF/XML artifact; band index reported
scene_01_DT0000205230-Z0039,7,19,7319.0,,unavailable in GeoTIFF/XML artifact; band index reported
scene_01_DT0000205230-Z0039,7,20,7364.5,,unavailable in GeoTIFF/XML artifact; band index reported
scene_01_DT0000205230-Z0039,7,21,7428.71435546875,,unavailable in GeoTIFF/XML artifact; band index reported
scene_01_DT0000205230-Z0039,7,22,7354.64306640625,2618.1355794552014,unavailable in GeoTIFF/XML artifact; band index reported
scene_01_DT0000205230-Z0039,7,23,7352.78564453125,,unavailable in GeoTIFF/XML artifact; band index reported
scene_01_DT0000205230-Z0039,7,24,7350.28564453125,,unavailable in GeoTIFF/XML artifact; band index reported
scene_01_DT0000205230-Z0039,7,25,7366.0712890625,,unavailable in GeoTIFF/XML artifact; band index reported
scene_01_DT0000205230-Z0039,7,26,7371.28564453125,,unavailable in GeoTIFF/XML artifact; band index reported
scene_01_DT0000205230-Z0039,7,27,7360.28564453125,,unavailable in GeoTIFF/XML artifact; band index reported
scene_01_DT0000205230-Z0039,7,28,7346.28564453125,,unavailable in GeoTIFF/XML artifact; band index reported
scene_01_DT0000205230-Z0039,7,29,7357.5,2675.2596888432727,unavailable in GeoTIFF/XML artifact; band index reported
scene_01_DT0000205230-Z0039,7,30,7358.0712890625,,unavailable in GeoTIFF/XML artifact; band index reported
scene_01_DT0000205230-Z0039,7,31,7375.4287109375,,unavailable in GeoTIFF/XML artifact; band index reported
scene_01_DT0000205230-Z0039,7,32,7349.28564453125,,unavailable in GeoTIFF/XML artifact; band index reported
scene_01_DT0000205230-Z0039,7,33,7392.0,,unavailable in GeoTIFF/XML artifact; band index reported
scene_01_DT0000205230-Z0039,7,34,7409.35693359375,,unavailable in GeoTIFF/XML artifact; band index reported
scene_01_DT0000205230-Z0039,7,35,7376.78564453125,,unavailable in GeoTIFF/XML artifact; band index reported
scene_01_DT0000205230-Z0039,7,36,7358.14306640625,2633.6236388835327,unavailable in GeoTIFF/XML artifact; band index reported
scene_01_DT0000205230-Z0039,7,37,7385.71435546875,,unavailable in GeoTIFF/XML artifact; band index reported
scene_01_DT0000205230-Z0039,7,38,7393.0712890625,,unavailable in GeoTIFF/XML artifact; band index reported
scene_01_DT0000205230-Z0039,7,39,7373.14306640625,,unavailable in GeoTIFF/XML artifact; band index reported
scene_01_DT0000205230-Z0039,7,40,7333.64306640625,,unavailable in GeoTIFF/XML artifact; band index reported
scene_01_DT0000205230-Z0039,7,41,7318.4287109375,,unavailable in GeoTIFF/XML artifact; band index reported
scene_01_DT0000205230-Z0039,7,42,7272.9287109375,,unavailable in GeoTIFF/XML artifact; band index reported
scene_01_DT0000205230-Z0039,7,43,7288.9287109375,,unavailable in GeoTIFF/XML artifact; band index reported
scene_01_DT0000205230-Z0039,7,44,7303.64306640625,2557.77455595676,unavailable in GeoTIFF/XML artifact; band index reported
scene_01_DT0000205230-Z0039,7,45,7292.21435546875,,unavailable in GeoTIFF/XML artifact; band index reported
scene_01_DT0000205230-Z0039,7,46,7243.85693359375,,unavailable in GeoTIFF/XML artifact; band index reported
scene_01_DT0000205230-Z0039,7,47,7222.5,,unavailable in GeoTIFF/XML artifact; band index reported
scene_01_DT0000205230-Z0039,7,48,7234.78564453125,,unavailable in GeoTIFF/XML artifact; band index reported
scene_01_DT0000205230-Z0039,7,49,7217.85693359375,,unavailable in GeoTIFF/XML artifact; band index reported
scene_01_DT0000205230-Z0039,7,50,7179.85693359375,,unavailable in GeoTIFF/XML artifact; band index reported
scene_01_DT0000205230-Z0039,7,51,7246.21435546875,2489.4952756085927,unavailable in GeoTIFF/XML artifact; band index reported
scene_01_DT0000205230-Z0039,7,52,7206.35693359375,,unavailable in GeoTIFF/XML artifact; band index reported
scene_01_DT0000205230-Z0039,7,53,7208.35693359375,,unavailable in GeoTIFF/XML artifact; band index reported
scene_01_DT0000205230-Z0039,7,54,7186.78564453125,,unavailable in GeoTIFF/XML artifact; band index reported
scene_01_DT0000205230-Z0039,7,55,7242.64306640625,,unavailable in GeoTIFF/XML artifact; band index reported
scene_01_DT0000205230-Z0039,7,56,7268.5,,unavailable in GeoTIFF/XML artifact; band index reported
scene_01_DT0000205230-Z0039,7,57,7309.71435546875,,unavailable in GeoTIFF/XML artifact; band index reported
scene_01_DT0000205230-Z0039,7,58,7287.9287109375,3403.2712116040516,unavailable in GeoTIFF/XML artifact; band index reported
scene_01_DT0000205230-Z0039,7,59,7304.64306640625,,unavailable in GeoTIFF/XML artifact; band index reported
scene_01_DT0000205230-Z0039,7,60,7281.35693359375,,unavailable in GeoTIFF/XML artifact; band index reported
scene_01_DT0000205230-Z0039,7,61,7383.14306640625,,unavailable in GeoTIFF/XML artifact; band index reported
scene_01_DT0000205230-Z0039,7,62,7391.21435546875,,unavailable in GeoTIFF/XML artifact; band index reported
scene_01_DT0000205230-Z0039,7,63,7303.35693359375,,unavailable in GeoTIFF/XML artifact; band index reported
scene_01_DT0000205230-Z0039,7,64,7355.85693359375,,unavailable in GeoTIFF/XML artifact; band index reported
scene_01_DT0000205230-Z0039,7,65,7312.4287109375,3750.923699412018,unavailable in GeoTIFF/XML artifact; band index reported
scene_01_DT0000205230-Z0039,7,66,7359.0,,unavailable in GeoTIFF/XML artifact; band index reported
scene_01_DT0000205230-Z0039,7,67,7351.21435546875,,unavailable in GeoTIFF/XML artifact; band index reported
scene_01_DT0000205230-Z0039,7,68,7343.14306640625,,unavailable in GeoTIFF/XML artifact; band index reported
scene_01_DT0000205230-Z0039,7,69,7443.85693359375,,unavailable in GeoTIFF/XML artifact; band index reported
scene_01_DT0000205230-Z0039,7,70,7487.9287109375,,unavailable in GeoTIFF/XML artifact; band index reported
scene_01_DT0000205230-Z0039,7,71,7420.64306640625,,unavailable in GeoTIFF/XML artifact; band index reported
scene_01_DT0000205230-Z0039,7,72,7411.5,3913.7549246977705,unavailable in GeoTIFF/XML artifact; band index reported
scene_01_DT0000205230-Z0039,7,73,7381.71435546875,,unavailable in GeoTIFF/XML artifact; band index reported
scene_01_DT0000205230-Z0039,7,74,7424.5,,unavailable in GeoTIFF/XML artifact; band index reported
scene_01_DT0000205230-Z0039,7,75,7441.78564453125,,unavailable in GeoTIFF/XML artifact; band index reported
scene_01_DT0000205230-Z0039,7,76,7450.5,,unavailable in GeoTIFF/XML artifact; band index reported
scene_01_DT0000205230-Z0039,7,77,7412.14306640625,,unavailable in GeoTIFF/XML artifact; band index reported
scene_01_DT0000205230-Z0039,7,78,7456.85693359375,,unavailable in GeoTIFF/XML artifact; band index reported
scene_01_DT0000205230-Z0039,7,79,7468.64306640625,,unavailable in GeoTIFF/XML artifact; band index reported
scene_01_DT0000205230-Z0039,7,80,7380.64306640625,4004.0477535216755,unavailable in GeoTIFF/XML artifact; band index reported
scene_01_DT0000205230-Z0039,7,81,7482.64306640625,,unavailable in GeoTIFF/XML artifact; band index reported
scene_01_DT0000205230-Z0039,7,82,7304.5712890625,,unavailable in GeoTIFF/XML artifact; band index reported
scene_01_DT0000205230-Z0039,7,83,7349.0,,unavailable in GeoTIFF/XML artifact; band index reported
scene_01_DT0000205230-Z0039,7,84,7134.78564453125,,unavailable in GeoTIFF/XML artifact; band index reported
scene_01_DT0000205230-Z0039,7,85,7409.28564453125,,unavailable in GeoTIFF/XML artifact; band index reported
scene_01_DT0000205230-Z0039,7,86,7455.14306640625,,unavailable in GeoTIFF/XML artifact; band index reported
scene_01_DT0000205230-Z0039,7,87,6961.71435546875,3837.6610413015565,unavailable in GeoTIFF/XML artifact; band index reported
scene_01_DT0000205230-Z0039,7,88,7787.5,,unavailable in GeoTIFF/XML artifact; band index reported
scene_01_DT0000205230-Z0039,7,89,7394.5,,unavailable in GeoTIFF/XML artifact; band index reported
scene_01_DT0000205230-Z0039,7,90,7692.9287109375,,unavailable in GeoTIFF/XML artifact; band index reported
scene_01_DT0000205230-Z0039,7,91,7287.71435546875,,unavailable in GeoTIFF/XML artifact; band index reported
scene_01_DT0000205230-Z0039,7,92,7448.64306640625,,unavailable in GeoTIFF/XML artifact; band index reported
scene_01_DT0000205230-Z0039,7,93,7347.28564453125,,unavailable in GeoTIFF/XML artifact; band index reported
scene_01_DT0000205230-Z0039,7,94,7289.78564453125,3813.7033160932942,unavailable in GeoTIFF/XML artifact; band index reported
scene_01_DT0000205230-Z0039,7,95,7294.28564453125,,unavailable in GeoTIFF/XML artifact; band index reported
scene_01_DT0000205230-Z0039,7,96,7363.28564453125,,unavailable in GeoTIFF/XML artifact; band index reported
scene_01_DT0000205230-Z0039,7,97,7219.14306640625,,unavailable in GeoTIFF/XML artifact; band index reported
scene_01_DT0000205230-Z0039,7,98,7406.35693359375,,unavailable in GeoTIFF/XML artifact; band index reported
scene_01_DT0000205230-Z0039,7,99,7204.71435546875,,unavailable in GeoTIFF/XML artifact; band index reported
scene_01_DT0000205230-Z0039,7,100,7432.28564453125,,unavailable in GeoTIFF/XML artifact; band index reported
scene_01_DT0000205230-Z0039,7,101,7164.0712890625,3810.509529806768,unavailable in GeoTIFF/XML artifact; band index reported
scene_01_DT0000205230-Z0039,7,102,7434.4287109375,,unavailable in GeoTIFF/XML artifact; band index reported
scene_01_DT0000205230-Z0039,7,103,7439.85693359375,,unavailable in GeoTIFF/XML artifact; band index reported
scene_01_DT0000205230-Z0039,7,104,7467.4287109375,,unavailable in GeoTIFF/XML artifact; band index reported
scene_01_DT0000205230-Z0039,7,105,7511.5,,unavailable in GeoTIFF/XML artifact; band index reported
scene_01_DT0000205230-Z0039,7,106,7516.0,,unavailable in GeoTIFF/XML artifact; band index reported
scene_01_DT0000205230-Z0039,7,107,7532.14306640625,,unavailable in GeoTIFF/XML artifact; band index reported
scene_01_DT0000205230-Z0039,7,108,7554.4287109375,4315.307138388113,unavailable in GeoTIFF/XML artifact; band index reported
scene_01_DT0000205230-Z0039,7,109,7528.5,,unavailable in GeoTIFF/XML artifact; band index reported
scene_01_DT0000205230-Z0039,7,110,7495.85693359375,,unavailable in GeoTIFF/XML artifact; band index reported
scene_01_DT0000205230-Z0039,7,111,7441.0,,unavailable in GeoTIFF/XML artifact; band index reported
scene_01_DT0000205230-Z0039,7,112,7125.21435546875,,unavailable in GeoTIFF/XML artifact; band index reported
scene_01_DT0000205230-Z0039,7,113,7487.4287109375,,unavailable in GeoTIFF/XML artifact; band index reported
scene_01_DT0000205230-Z0039,7,114,7332.0712890625,,unavailable in GeoTIFF/XML artifact; band index reported
scene_01_DT0000205230-Z0039,7,115,7219.71435546875,,unavailable in GeoTIFF/XML artifact; band index reported
scene_01_DT0000205230-Z0039,7,116,7268.5712890625,3672.3491114413987,unavailable in GeoTIFF/XML artifact; band index reported
scene_01_DT0000205230-Z0039,7,117,7255.0712890625,,unavailable in GeoTIFF/XML artifact; band index reported
scene_01_DT0000205230-Z0039,7,118,7303.0,,unavailable in GeoTIFF/XML artifact; band index reported
scene_01_DT0000205230-Z0039,7,119,7277.78564453125,,unavailable in GeoTIFF/XML artifact; band index reported
scene_01_DT0000205230-Z0039,7,120,7289.85693359375,,unavailable in GeoTIFF/XML artifact; band index reported
scene_01_DT0000205230-Z0039,7,121,7332.14306640625,,unavailable in GeoTIFF/XML artifact; band index reported
scene_01_DT0000205230-Z0039,7,122,7363.9287109375,,unavailable in GeoTIFF/XML artifact; band index reported
scene_01_DT0000205230-Z0039,7,123,7383.78564453125,3942.3069460173356,unavailable in GeoTIFF/XML artifact; band index reported
scene_01_DT0000205230-Z0039,7,124,7385.71435546875,,unavailable in GeoTIFF/XML artifact; band index reported
scene_01_DT0000205230-Z0039,7,125,7471.0712890625,,unavailable in GeoTIFF/XML artifact; band index reported
scene_01_DT0000205230-Z0039,7,126,7415.78564453125,,unavailable in GeoTIFF/XML artifact; band index reported
scene_01_DT0000205230-Z0039,7,127,7331.5,,unavailable in GeoTIFF/XML artifact; band index reported
scene_01_DT0000205230-Z0039,7,128,7245.9287109375,,unavailable in GeoTIFF/XML artifact; band index reported
scene_01_DT0000205230-Z0039,7,129,7209.14306640625,,unavailable in GeoTIFF/XML artifact; band index reported
scene_01_DT0000205230-Z0039,7,130,7103.5,3684.4208072753718,unavailable in GeoTIFF/XML artifact; band index reported
scene_01_DT0000205230-Z0039,7,131,-32768.0,,unavailable in GeoTIFF/XML artifact; band index reported
scene_01_DT0000205230-Z0039,7,132,-32768.0,,unavailable in GeoTIFF/XML artifact; band index reported
scene_01_DT0000205230-Z0039,7,133,-32768.0,,unavailable in GeoTIFF/XML artifact; band index reported
scene_01_DT0000205230-Z0039,7,134,-32768.0,,unavailable in GeoTIFF/XML artifact; band index reported
scene_01_DT0000205230-Z0039,7,135,-32768.0,,unavailable in GeoTIFF/XML artifact; band index reported
scene_01_DT0000205230-Z0039,7,136,4665.21435546875,,unavailable in GeoTIFF/XML artifact; band index reported
scene_01_DT0000205230-Z0039,7,137,4628.9287109375,2058.245710828859,unavailable in GeoTIFF/XML artifact; band index reported
scene_01_DT0000205230-Z0039,7,138,4680.9287109375,,unavailable in GeoTIFF/XML artifact; band index reported
scene_01_DT0000205230-Z0039,7,139,4739.0712890625,,unavailable in GeoTIFF/XML artifact; band index reported
scene_01_DT0000205230-Z0039,7,140,4802.9287109375,,unavailable in GeoTIFF/XML artifact; band index reported
scene_01_DT0000205230-Z0039,7,141,4959.9287109375,,unavailable in GeoTIFF/XML artifact; band index reported
scene_01_DT0000205230-Z0039,7,142,5182.9287109375,,unavailable in GeoTIFF/XML artifact; band index reported
scene_01_DT0000205230-Z0039,7,143,5355.14306640625,,unavailable in GeoTIFF/XML artifact; band index reported
scene_01_DT0000205230-Z0039,7,144,5529.14306640625,2080.945566339755,unavailable in GeoTIFF/XML artifact; band index reported
scene_01_DT0000205230-Z0039,7,145,5699.21435546875,,unavailable in GeoTIFF/XML artifact; band index reported
scene_01_DT0000205230-Z0039,7,146,5813.0,,unavailable in GeoTIFF/XML artifact; band index reported
scene_01_DT0000205230-Z0039,7,147,5983.64306640625,,unavailable in GeoTIFF/XML artifact; band index reported
scene_01_DT0000205230-Z0039,7,148,6080.5712890625,,unavailable in GeoTIFF/XML artifact; band index reported
scene_01_DT0000205230-Z0039,7,149,6134.21435546875,,unavailable in GeoTIFF/XML artifact; band index reported
scene_01_DT0000205230-Z0039,7,150,6239.71435546875,,unavailable in GeoTIFF/XML artifact; band index reported
scene_01_DT0000205230-Z0039,7,151,6290.14306640625,,unavailable in GeoTIFF/XML artifact; band index reported
scene_01_DT0000205230-Z0039,7,152,6314.28564453125,2584.3016073811323,unavailable in GeoTIFF/XML artifact; band index reported
scene_01_DT0000205230-Z0039,7,153,6353.35693359375,,unavailable in GeoTIFF/XML artifact; band index reported
scene_01_DT0000205230-Z0039,7,154,6413.78564453125,,unavailable in GeoTIFF/XML artifact; band index reported
scene_01_DT0000205230-Z0039,7,155,6423.28564453125,,unavailable in GeoTIFF/XML artifact; band index reported
scene_01_DT0000205230-Z0039,7,156,6450.0712890625,,unavailable in GeoTIFF/XML artifact; band index reported
scene_01_DT0000205230-Z0039,7,157,6469.5712890625,,unavailable in GeoTIFF/XML artifact; band index reported
scene_01_DT0000205230-Z0039,7,158,6469.71435546875,,unavailable in GeoTIFF/XML artifact; band index reported
scene_01_DT0000205230-Z0039,7,159,6472.21435546875,2624.7136565158407,unavailable in GeoTIFF/XML artifact; band index reported
scene_01_DT0000205230-Z0039,7,160,6451.4287109375,,unavailable in GeoTIFF/XML artifact; band index reported
scene_01_DT0000205230-Z0039,7,161,6398.85693359375,,unavailable in GeoTIFF/XML artifact; band index reported
scene_01_DT0000205230-Z0039,7,162,6354.28564453125,,unavailable in GeoTIFF/XML artifact; band index reported
scene_01_DT0000205230-Z0039,7,163,6340.14306640625,,unavailable in GeoTIFF/XML artifact; band index reported
scene_01_DT0000205230-Z0039,7,164,6200.14306640625,,unavailable in GeoTIFF/XML artifact; band index reported
scene_01_DT0000205230-Z0039,7,165,6127.85693359375,,unavailable in GeoTIFF/XML artifact; band index reported
scene_01_DT0000205230-Z0039,7,166,6045.64306640625,2489.936876681637,unavailable in GeoTIFF/XML artifact; band index reported
scene_01_DT0000205230-Z0039,7,167,2222.5,,unavailable in GeoTIFF/XML artifact; band index reported
scene_01_DT0000205230-Z0039,7,168,2334.071533203125,,unavailable in GeoTIFF/XML artifact; band index reported
scene_01_DT0000205230-Z0039,7,169,2484.071533203125,,unavailable in GeoTIFF/XML artifact; band index reported
scene_01_DT0000205230-Z0039,7,170,2384.21435546875,,unavailable in GeoTIFF/XML artifact; band index reported
scene_01_DT0000205230-Z0039,7,171,2573.5,,unavailable in GeoTIFF/XML artifact; band index reported
scene_01_DT0000205230-Z0039,7,172,2862.5,,unavailable in GeoTIFF/XML artifact; band index reported
scene_01_DT0000205230-Z0039,7,173,3203.357177734375,1061.9858491886037,unavailable in GeoTIFF/XML artifact; band index reported
scene_01_DT0000205230-Z0039,7,174,3339.428466796875,,unavailable in GeoTIFF/XML artifact; band index reported
scene_01_DT0000205230-Z0039,7,175,3494.0,,unavailable in GeoTIFF/XML artifact; band index reported
scene_01_DT0000205230-Z0039,7,176,3543.78564453125,,unavailable in GeoTIFF/XML artifact; band index reported
scene_01_DT0000205230-Z0039,7,177,3815.642822265625,,unavailable in GeoTIFF/XML artifact; band index reported
scene_01_DT0000205230-Z0039,7,178,4014.71435546875,,unavailable in GeoTIFF/XML artifact; band index reported
scene_01_DT0000205230-Z0039,7,179,4223.28564453125,,unavailable in GeoTIFF/XML artifact; band index reported
scene_01_DT0000205230-Z0039,7,180,4316.5,1390.0855269078343,unavailable in GeoTIFF/XML artifact; band index reported
scene_01_DT0000205230-Z0039,7,181,4462.78564453125,,unavailable in GeoTIFF/XML artifact; band index reported
scene_01_DT0000205230-Z0039,7,182,4633.9287109375,,unavailable in GeoTIFF/XML artifact; band index reported
scene_01_DT0000205230-Z0039,7,183,4768.4287109375,,unavailable in GeoTIFF/XML artifact; band index reported
scene_01_DT0000205230-Z0039,7,184,4775.78564453125,,unavailable in GeoTIFF/XML artifact; band index reported
scene_01_DT0000205230-Z0039,7,185,4955.71435546875,,unavailable in GeoTIFF/XML artifact; band index reported
scene_01_DT0000205230-Z0039,7,186,5052.85693359375,,unavailable in GeoTIFF/XML artifact; band index reported
scene_01_DT0000205230-Z0039,7,187,5065.4287109375,,unavailable in GeoTIFF/XML artifact; band index reported
scene_01_DT0000205230-Z0039,7,188,5094.5,1615.012412344073,unavailable in GeoTIFF/XML artifact; band index reported
scene_01_DT0000205230-Z0039,7,189,5158.9287109375,,unavailable in GeoTIFF/XML artifact; band index reported
scene_01_DT0000205230-Z0039,7,190,5232.64306640625,,unavailable in GeoTIFF/XML artifact; band index reported
scene_01_DT0000205230-Z0039,7,191,5178.71435546875,,unavailable in GeoTIFF/XML artifact; band index reported
scene_01_DT0000205230-Z0039,7,192,5256.78564453125,,unavailable in GeoTIFF/XML artifact; band index reported
scene_01_DT0000205230-Z0039,7,193,5233.14306640625,,unavailable in GeoTIFF/XML artifact; band index reported
scene_01_DT0000205230-Z0039,7,194,5366.28564453125,,unavailable in GeoTIFF/XML artifact; band index reported
scene_01_DT0000205230-Z0039,7,195,5359.9287109375,1714.134939921006,unavailable in GeoTIFF/XML artifact; band index reported
scene_01_DT0000205230-Z0039,7,196,5379.21435546875,,unavailable in GeoTIFF/XML artifact; band index reported
scene_01_DT0000205230-Z0039,7,197,5395.0,,unavailable in GeoTIFF/XML artifact; band index reported
scene_01_DT0000205230-Z0039,7,198,5342.35693359375,,unavailable in GeoTIFF/XML artifact; band index reported
scene_01_DT0000205230-Z0039,7,199,5332.35693359375,,unavailable in GeoTIFF/XML artifact; band index reported
scene_01_DT0000205230-Z0039,7,200,5322.9287109375,,unavailable in GeoTIFF/XML artifact; band index reported
scene_01_DT0000205230-Z0039,7,201,5258.21435546875,,unavailable in GeoTIFF/XML artifact; band index reported
scene_01_DT0000205230-Z0039,7,202,5221.5,1623.8421900371911,unavailable in GeoTIFF/XML artifact; band index reported
scene_01_DT0000205230-Z0039,7,203,5150.64306640625,,unavailable in GeoTIFF/XML artifact; band index reported
scene_01_DT0000205230-Z0039,7,204,5031.21435546875,,unavailable in GeoTIFF/XML artifact; band index reported
scene_01_DT0000205230-Z0039,7,205,4971.28564453125,,unavailable in GeoTIFF/XML artifact; band index reported
scene_01_DT0000205230-Z0039,7,206,4928.5,,unavailable in GeoTIFF/XML artifact; band index reported
scene_01_DT0000205230-Z0039,7,207,4731.28564453125,,unavailable in GeoTIFF/XML artifact; band index reported
scene_01_DT0000205230-Z0039,7,208,4792.4287109375,,unavailable in GeoTIFF/XML artifact; band index reported
scene_01_DT0000205230-Z0039,7,209,4632.71435546875,1409.4000839608805,unavailable in GeoTIFF/XML artifact; band index reported
scene_01_DT0000205230-Z0039,7,210,4493.71435546875,,unavailable in GeoTIFF/XML artifact; band index reported
scene_01_DT0000205230-Z0039,7,211,4406.4287109375,,unavailable in GeoTIFF/XML artifact; band index reported
scene_01_DT0000205230-Z0039,7,212,4422.9287109375,,unavailable in GeoTIFF/XML artifact; band index reported
scene_01_DT0000205230-Z0039,7,213,4310.4287109375,,unavailable in GeoTIFF/XML artifact; band index reported
scene_01_DT0000205230-Z0039,7,214,4156.85693359375,,unavailable in GeoTIFF/XML artifact; band index reported
scene_01_DT0000205230-Z0039,7,215,4110.9287109375,,unavailable in GeoTIFF/XML artifact; band index reported
scene_01_DT0000205230-Z0039,7,216,4043.571533203125,1289.576248101925,unavailable in GeoTIFF/XML artifact; band index reported
scene_01_DT0000205230-Z0039,7,217,3943.21435546875,,unavailable in GeoTIFF/XML artifact; band index reported
scene_01_DT0000205230-Z0039,7,218,3785.357177734375,,unavailable in GeoTIFF/XML artifact; band index reported
scene_01_DT0000205230-Z0039,7,219,3730.28564453125,,unavailable in GeoTIFF/XML artifact; band index reported
scene_01_DT0000205230-Z0039,7,220,3589.5,,unavailable in GeoTIFF/XML artifact; band index reported
scene_01_DT0000205230-Z0039,7,221,3593.142822265625,,unavailable in GeoTIFF/XML artifact; band index reported
scene_01_DT0000205230-Z0039,7,222,3347.71435546875,,unavailable in GeoTIFF/XML artifact; band index reported
scene_01_DT0000205230-Z0039,7,223,3487.78564453125,,unavailable in GeoTIFF/XML artifact; band index reported
scene_01_DT0000205230-Z0039,7,224,3127.142822265625,1179.1428435136806,unavailable in GeoTIFF/XML artifact; band index reported
scene_01_DT0000205230-Z0104,8,1,4464.0,2778.141339809302,unavailable in GeoTIFF/XML artifact; band index reported
scene_01_DT0000205230-Z0104,8,2,4398.0,,unavailable in GeoTIFF/XML artifact; band index reported
scene_01_DT0000205230-Z0104,8,3,4453.0,,unavailable in GeoTIFF/XML artifact; band index reported
scene_01_DT0000205230-Z0104,8,4,4447.0,,unavailable in GeoTIFF/XML artifact; band index reported
scene_01_DT0000205230-Z0104,8,5,4457.0,,unavailable in GeoTIFF/XML artifact; band index reported
scene_01_DT0000205230-Z0104,8,6,4441.0,,unavailable in GeoTIFF/XML artifact; band index reported
scene_01_DT0000205230-Z0104,8,7,4477.0,,unavailable in GeoTIFF/XML artifact; band index reported
scene_01_DT0000205230-Z0104,8,8,4471.0,2642.754279270416,unavailable in GeoTIFF/XML artifact; band index reported
scene_01_DT0000205230-Z0104,8,9,4443.0,,unavailable in GeoTIFF/XML artifact; band index reported
scene_01_DT0000205230-Z0104,8,10,4537.0,,unavailable in GeoTIFF/XML artifact; band index reported
scene_01_DT0000205230-Z0104,8,11,4511.0,,unavailable in GeoTIFF/XML artifact; band index reported
scene_01_DT0000205230-Z0104,8,12,4532.0,,unavailable in GeoTIFF/XML artifact; band index reported
scene_01_DT0000205230-Z0104,8,13,4551.0,,unavailable in GeoTIFF/XML artifact; band index reported
scene_01_DT0000205230-Z0104,8,14,4667.0,,unavailable in GeoTIFF/XML artifact; band index reported
scene_01_DT0000205230-Z0104,8,15,4614.0,2609.7302388123417,unavailable in GeoTIFF/XML artifact; band index reported
scene_01_DT0000205230-Z0104,8,16,4651.0,,unavailable in GeoTIFF/XML artifact; band index reported
scene_01_DT0000205230-Z0104,8,17,4638.0,,unavailable in GeoTIFF/XML artifact; band index reported
scene_01_DT0000205230-Z0104,8,18,4696.0,,unavailable in GeoTIFF/XML artifact; band index reported
scene_01_DT0000205230-Z0104,8,19,4682.0,,unavailable in GeoTIFF/XML artifact; band index reported
scene_01_DT0000205230-Z0104,8,20,4757.0,,unavailable in GeoTIFF/XML artifact; band index reported
scene_01_DT0000205230-Z0104,8,21,4835.0,,unavailable in GeoTIFF/XML artifact; band index reported
scene_01_DT0000205230-Z0104,8,22,4812.0,2618.1355794552014,unavailable in GeoTIFF/XML artifact; band index reported
scene_01_DT0000205230-Z0104,8,23,4846.0,,unavailable in GeoTIFF/XML artifact; band index reported
scene_01_DT0000205230-Z0104,8,24,4893.0,,unavailable in GeoTIFF/XML artifact; band index reported
scene_01_DT0000205230-Z0104,8,25,4933.0,,unavailable in GeoTIFF/XML artifact; band index reported
scene_01_DT0000205230-Z0104,8,26,4987.0,,unavailable in GeoTIFF/XML artifact; band index reported
scene_01_DT0000205230-Z0104,8,27,4983.0,,unavailable in GeoTIFF/XML artifact; band index reported
scene_01_DT0000205230-Z0104,8,28,5000.0,,unavailable in GeoTIFF/XML artifact; band index reported
scene_01_DT0000205230-Z0104,8,29,5022.0,2675.2596888432727,unavailable in GeoTIFF/XML artifact; band index reported
scene_01_DT0000205230-Z0104,8,30,5028.0,,unavailable in GeoTIFF/XML artifact; band index reported
scene_01_DT0000205230-Z0104,8,31,5023.0,,unavailable in GeoTIFF/XML artifact; band index reported
scene_01_DT0000205230-Z0104,8,32,5024.0,,unavailable in GeoTIFF/XML artifact; band index reported
scene_01_DT0000205230-Z0104,8,33,5049.0,,unavailable in GeoTIFF/XML artifact; band index reported
scene_01_DT0000205230-Z0104,8,34,5079.0,,unavailable in GeoTIFF/XML artifact; band index reported
scene_01_DT0000205230-Z0104,8,35,5079.0,,unavailable in GeoTIFF/XML artifact; band index reported
scene_01_DT0000205230-Z0104,8,36,5086.0,2633.6236388835327,unavailable in GeoTIFF/XML artifact; band index reported
scene_01_DT0000205230-Z0104,8,37,5047.0,,unavailable in GeoTIFF/XML artifact; band index reported
scene_01_DT0000205230-Z0104,8,38,5090.0,,unavailable in GeoTIFF/XML artifact; band index reported
scene_01_DT0000205230-Z0104,8,39,5070.0,,unavailable in GeoTIFF/XML artifact; band index reported
scene_01_DT0000205230-Z0104,8,40,5043.0,,unavailable in GeoTIFF/XML artifact; band index reported
scene_01_DT0000205230-Z0104,8,41,5000.0,,unavailable in GeoTIFF/XML artifact; band index reported
scene_01_DT0000205230-Z0104,8,42,4989.0,,unavailable in GeoTIFF/XML artifact; band index reported
scene_01_DT0000205230-Z0104,8,43,5001.0,,unavailable in GeoTIFF/XML artifact; band index reported
scene_01_DT0000205230-Z0104,8,44,5031.0,2557.77455595676,unavailable in GeoTIFF/XML artifact; band index reported
scene_01_DT0000205230-Z0104,8,45,5023.0,,unavailable in GeoTIFF/XML artifact; band index reported
scene_01_DT0000205230-Z0104,8,46,5022.0,,unavailable in GeoTIFF/XML artifact; band index reported
scene_01_DT0000205230-Z0104,8,47,4999.0,,unavailable in GeoTIFF/XML artifact; band index reported
scene_01_DT0000205230-Z0104,8,48,5012.0,,unavailable in GeoTIFF/XML artifact; band index reported
scene_01_DT0000205230-Z0104,8,49,4973.0,,unavailable in GeoTIFF/XML artifact; band index reported
scene_01_DT0000205230-Z0104,8,50,4978.0,,unavailable in GeoTIFF/XML artifact; band index reported
scene_01_DT0000205230-Z0104,8,51,5066.0,2489.4952756085927,unavailable in GeoTIFF/XML artifact; band index reported
scene_01_DT0000205230-Z0104,8,52,5123.0,,unavailable in GeoTIFF/XML artifact; band index reported
scene_01_DT0000205230-Z0104,8,53,5304.0,,unavailable in GeoTIFF/XML artifact; band index reported
scene_01_DT0000205230-Z0104,8,54,5405.0,,unavailable in GeoTIFF/XML artifact; band index reported
scene_01_DT0000205230-Z0104,8,55,5641.0,,unavailable in GeoTIFF/XML artifact; band index reported
scene_01_DT0000205230-Z0104,8,56,5799.0,,unavailable in GeoTIFF/XML artifact; band index reported
scene_01_DT0000205230-Z0104,8,57,6088.0,,unavailable in GeoTIFF/XML artifact; band index reported
scene_01_DT0000205230-Z0104,8,58,6221.0,3403.2712116040516,unavailable in GeoTIFF/XML artifact; band index reported
scene_01_DT0000205230-Z0104,8,59,6358.0,,unavailable in GeoTIFF/XML artifact; band index reported
scene_01_DT0000205230-Z0104,8,60,6346.0,,unavailable in GeoTIFF/XML artifact; band index reported
scene_01_DT0000205230-Z0104,8,61,6513.0,,unavailable in GeoTIFF/XML artifact; band index reported
scene_01_DT0000205230-Z0104,8,62,6043.0,,unavailable in GeoTIFF/XML artifact; band index reported
scene_01_DT0000205230-Z0104,8,63,6533.0,,unavailable in GeoTIFF/XML artifact; band index reported
scene_01_DT0000205230-Z0104,8,64,6601.0,,unavailable in GeoTIFF/XML artifact; band index reported
scene_01_DT0000205230-Z0104,8,65,6566.0,3750.923699412018,unavailable in GeoTIFF/XML artifact; band index reported
scene_01_DT0000205230-Z0104,8,66,6664.0,,unavailable in GeoTIFF/XML artifact; band index reported
scene_01_DT0000205230-Z0104,8,67,6676.0,,unavailable in GeoTIFF/XML artifact; band index reported
scene_01_DT0000205230-Z0104,8,68,6788.0,,unavailable in GeoTIFF/XML artifact; band index reported
scene_01_DT0000205230-Z0104,8,69,6776.0,,unavailable in GeoTIFF/XML artifact; band index reported
scene_01_DT0000205230-Z0104,8,70,6865.0,,unavailable in GeoTIFF/XML artifact; band index reported
scene_01_DT0000205230-Z0104,8,71,6773.0,,unavailable in GeoTIFF/XML artifact; band index reported
scene_01_DT0000205230-Z0104,8,72,6841.0,3913.7549246977705,unavailable in GeoTIFF/XML artifact; band index reported
scene_01_DT0000205230-Z0104,8,73,6862.0,,unavailable in GeoTIFF/XML artifact; band index reported
scene_01_DT0000205230-Z0104,8,74,6871.0,,unavailable in GeoTIFF/XML artifact; band index reported
scene_01_DT0000205230-Z0104,8,75,6958.0,,unavailable in GeoTIFF/XML artifact; band index reported
scene_01_DT0000205230-Z0104,8,76,6754.0,,unavailable in GeoTIFF/XML artifact; band index reported
scene_01_DT0000205230-Z0104,8,77,6906.0,,unavailable in GeoTIFF/XML artifact; band index reported
scene_01_DT0000205230-Z0104,8,78,6866.0,,unavailable in GeoTIFF/XML artifact; band index reported
scene_01_DT0000205230-Z0104,8,79,6876.0,,unavailable in GeoTIFF/XML artifact; band index reported
scene_01_DT0000205230-Z0104,8,80,7042.0,4004.0477535216755,unavailable in GeoTIFF/XML artifact; band index reported
scene_01_DT0000205230-Z0104,8,81,6849.0,,unavailable in GeoTIFF/XML artifact; band index reported
scene_01_DT0000205230-Z0104,8,82,6966.0,,unavailable in GeoTIFF/XML artifact; band index reported
scene_01_DT0000205230-Z0104,8,83,6730.0,,unavailable in GeoTIFF/XML artifact; band index reported
scene_01_DT0000205230-Z0104,8,84,6431.0,,unavailable in GeoTIFF/XML artifact; band index reported
scene_01_DT0000205230-Z0104,8,85,7131.0,,unavailable in GeoTIFF/XML artifact; band index reported
scene_01_DT0000205230-Z0104,8,86,6907.0,,unavailable in GeoTIFF/XML artifact; band index reported
scene_01_DT0000205230-Z0104,8,87,6683.0,3837.6610413015565,unavailable in GeoTIFF/XML artifact; band index reported
scene_01_DT0000205230-Z0104,8,88,6664.0,,unavailable in GeoTIFF/XML artifact; band index reported
scene_01_DT0000205230-Z0104,8,89,6871.0,,unavailable in GeoTIFF/XML artifact; band index reported
scene_01_DT0000205230-Z0104,8,90,6656.0,,unavailable in GeoTIFF/XML artifact; band index reported
scene_01_DT0000205230-Z0104,8,91,6773.0,,unavailable in GeoTIFF/XML artifact; band index reported
scene_01_DT0000205230-Z0104,8,92,6455.0,,unavailable in GeoTIFF/XML artifact; band index reported
scene_01_DT0000205230-Z0104,8,93,6323.0,,unavailable in GeoTIFF/XML artifact; band index reported
scene_01_DT0000205230-Z0104,8,94,6790.0,3813.7033160932942,unavailable in GeoTIFF/XML artifact; band index reported
scene_01_DT0000205230-Z0104,8,95,6538.0,,unavailable in GeoTIFF/XML artifact; band index reported
scene_01_DT0000205230-Z0104,8,96,7019.0,,unavailable in GeoTIFF/XML artifact; band index reported
scene_01_DT0000205230-Z0104,8,97,6526.0,,unavailable in GeoTIFF/XML artifact; band index reported
scene_01_DT0000205230-Z0104,8,98,7067.0,,unavailable in GeoTIFF/XML artifact; band index reported
scene_01_DT0000205230-Z0104,8,99,6546.0,,unavailable in GeoTIFF/XML artifact; band index reported
scene_01_DT0000205230-Z0104,8,100,7172.0,,unavailable in GeoTIFF/XML artifact; band index reported
scene_01_DT0000205230-Z0104,8,101,6555.0,3810.509529806768,unavailable in GeoTIFF/XML artifact; band index reported
scene_01_DT0000205230-Z0104,8,102,7191.0,,unavailable in GeoTIFF/XML artifact; band index reported
scene_01_DT0000205230-Z0104,8,103,7196.0,,unavailable in GeoTIFF/XML artifact; band index reported
scene_01_DT0000205230-Z0104,8,104,7275.0,,unavailable in GeoTIFF/XML artifact; band index reported
scene_01_DT0000205230-Z0104,8,105,7339.0,,unavailable in GeoTIFF/XML artifact; band index reported
scene_01_DT0000205230-Z0104,8,106,7370.0,,unavailable in GeoTIFF/XML artifact; band index reported
scene_01_DT0000205230-Z0104,8,107,7423.0,,unavailable in GeoTIFF/XML artifact; band index reported
scene_01_DT0000205230-Z0104,8,108,7474.0,4315.307138388113,unavailable in GeoTIFF/XML artifact; band index reported
scene_01_DT0000205230-Z0104,8,109,7479.0,,unavailable in GeoTIFF/XML artifact; band index reported
scene_01_DT0000205230-Z0104,8,110,7453.0,,unavailable in GeoTIFF/XML artifact; band index reported
scene_01_DT0000205230-Z0104,8,111,7409.0,,unavailable in GeoTIFF/XML artifact; band index reported
scene_01_DT0000205230-Z0104,8,112,7009.0,,unavailable in GeoTIFF/XML artifact; band index reported
scene_01_DT0000205230-Z0104,8,113,6737.0,,unavailable in GeoTIFF/XML artifact; band index reported
scene_01_DT0000205230-Z0104,8,114,6849.0,,unavailable in GeoTIFF/XML artifact; band index reported
scene_01_DT0000205230-Z0104,8,115,6556.0,,unavailable in GeoTIFF/XML artifact; band index reported
scene_01_DT0000205230-Z0104,8,116,6804.0,3672.3491114413987,unavailable in GeoTIFF/XML artifact; band index reported
scene_01_DT0000205230-Z0104,8,117,6869.0,,unavailable in GeoTIFF/XML artifact; band index reported
scene_01_DT0000205230-Z0104,8,118,6903.0,,unavailable in GeoTIFF/XML artifact; band index reported
scene_01_DT0000205230-Z0104,8,119,6910.0,,unavailable in GeoTIFF/XML artifact; band index reported
scene_01_DT0000205230-Z0104,8,120,6895.0,,unavailable in GeoTIFF/XML artifact; band index reported
scene_01_DT0000205230-Z0104,8,121,6952.0,,unavailable in GeoTIFF/XML artifact; band index reported
scene_01_DT0000205230-Z0104,8,122,7018.0,,unavailable in GeoTIFF/XML artifact; band index reported
scene_01_DT0000205230-Z0104,8,123,7067.0,3942.3069460173356,unavailable in GeoTIFF/XML artifact; band index reported
scene_01_DT0000205230-Z0104,8,124,7079.0,,unavailable in GeoTIFF/XML artifact; band index reported
scene_01_DT0000205230-Z0104,8,125,7079.0,,unavailable in GeoTIFF/XML artifact; band index reported
scene_01_DT0000205230-Z0104,8,126,7101.0,,unavailable in GeoTIFF/XML artifact; band index reported
scene_01_DT0000205230-Z0104,8,127,7025.0,,unavailable in GeoTIFF/XML artifact; band index reported
scene_01_DT0000205230-Z0104,8,128,6932.0,,unavailable in GeoTIFF/XML artifact; band index reported
scene_01_DT0000205230-Z0104,8,129,6858.0,,unavailable in GeoTIFF/XML artifact; band index reported
scene_01_DT0000205230-Z0104,8,130,6676.0,3684.4208072753718,unavailable in GeoTIFF/XML artifact; band index reported
scene_01_DT0000205230-Z0104,8,131,-32768.0,,unavailable in GeoTIFF/XML artifact; band index reported
scene_01_DT0000205230-Z0104,8,132,-32768.0,,unavailable in GeoTIFF/XML artifact; band index reported
scene_01_DT0000205230-Z0104,8,133,-32768.0,,unavailable in GeoTIFF/XML artifact; band index reported
scene_01_DT0000205230-Z0104,8,134,-32768.0,,unavailable in GeoTIFF/XML artifact; band index reported
scene_01_DT0000205230-Z0104,8,135,-32768.0,,unavailable in GeoTIFF/XML artifact; band index reported
scene_01_DT0000205230-Z0104,8,136,4697.0,,unavailable in GeoTIFF/XML artifact; band index reported
scene_01_DT0000205230-Z0104,8,137,6077.0,2058.245710828859,unavailable in GeoTIFF/XML artifact; band index reported
scene_01_DT0000205230-Z0104,8,138,5605.0,,unavailable in GeoTIFF/XML artifact; band index reported
scene_01_DT0000205230-Z0104,8,139,5339.0,,unavailable in GeoTIFF/XML artifact; band index reported
scene_01_DT0000205230-Z0104,8,140,5171.0,,unavailable in GeoTIFF/XML artifact; band index reported
scene_01_DT0000205230-Z0104,8,141,5062.0,,unavailable in GeoTIFF/XML artifact; band index reported
scene_01_DT0000205230-Z0104,8,142,5210.0,,unavailable in GeoTIFF/XML artifact; band index reported
scene_01_DT0000205230-Z0104,8,143,5298.0,,unavailable in GeoTIFF/XML artifact; band index reported
scene_01_DT0000205230-Z0104,8,144,5414.0,2080.945566339755,unavailable in GeoTIFF/XML artifact; band index reported
scene_01_DT0000205230-Z0104,8,145,5527.0,,unavailable in GeoTIFF/XML artifact; band index reported
scene_01_DT0000205230-Z0104,8,146,5596.0,,unavailable in GeoTIFF/XML artifact; band index reported
scene_01_DT0000205230-Z0104,8,147,5653.0,,unavailable in GeoTIFF/XML artifact; band index reported
scene_01_DT0000205230-Z0104,8,148,5728.0,,unavailable in GeoTIFF/XML artifact; band index reported
scene_01_DT0000205230-Z0104,8,149,5817.0,,unavailable in GeoTIFF/XML artifact; band index reported
scene_01_DT0000205230-Z0104,8,150,5890.0,,unavailable in GeoTIFF/XML artifact; band index reported
scene_01_DT0000205230-Z0104,8,151,5908.0,,unavailable in GeoTIFF/XML artifact; band index reported
scene_01_DT0000205230-Z0104,8,152,5964.0,2584.3016073811323,unavailable in GeoTIFF/XML artifact; band index reported
scene_01_DT0000205230-Z0104,8,153,5993.0,,unavailable in GeoTIFF/XML artifact; band index reported
scene_01_DT0000205230-Z0104,8,154,6047.0,,unavailable in GeoTIFF/XML artifact; band index reported
scene_01_DT0000205230-Z0104,8,155,6050.0,,unavailable in GeoTIFF/XML artifact; band index reported
scene_01_DT0000205230-Z0104,8,156,6106.0,,unavailable in GeoTIFF/XML artifact; band index reported
scene_01_DT0000205230-Z0104,8,157,6109.0,,unavailable in GeoTIFF/XML artifact; band index reported
scene_01_DT0000205230-Z0104,8,158,6122.0,,unavailable in GeoTIFF/XML artifact; band index reported
scene_01_DT0000205230-Z0104,8,159,6125.0,2624.7136565158407,unavailable in GeoTIFF/XML artifact; band index reported
scene_01_DT0000205230-Z0104,8,160,6133.0,,unavailable in GeoTIFF/XML artifact; band index reported
scene_01_DT0000205230-Z0104,8,161,6109.0,,unavailable in GeoTIFF/XML artifact; band index reported
scene_01_DT0000205230-Z0104,8,162,6075.0,,unavailable in GeoTIFF/XML artifact; band index reported
scene_01_DT0000205230-Z0104,8,163,6071.0,,unavailable in GeoTIFF/XML artifact; band index reported
scene_01_DT0000205230-Z0104,8,164,6046.0,,unavailable in GeoTIFF/XML artifact; band index reported
scene_01_DT0000205230-Z0104,8,165,6028.0,,unavailable in GeoTIFF/XML artifact; band index reported
scene_01_DT0000205230-Z0104,8,166,6032.0,2489.936876681637,unavailable in GeoTIFF/XML artifact; band index reported
scene_01_DT0000205230-Z0104,8,167,3482.0,,unavailable in GeoTIFF/XML artifact; band index reported
scene_01_DT0000205230-Z0104,8,168,3762.0,,unavailable in GeoTIFF/XML artifact; band index reported
scene_01_DT0000205230-Z0104,8,169,4022.0,,unavailable in GeoTIFF/XML artifact; band index reported
scene_01_DT0000205230-Z0104,8,170,3988.0,,unavailable in GeoTIFF/XML artifact; band index reported
scene_01_DT0000205230-Z0104,8,171,3573.0,,unavailable in GeoTIFF/XML artifact; band index reported
scene_01_DT0000205230-Z0104,8,172,3853.0,,unavailable in GeoTIFF/XML artifact; band index reported
scene_01_DT0000205230-Z0104,8,173,4213.0,1061.9858491886037,unavailable in GeoTIFF/XML artifact; band index reported
scene_01_DT0000205230-Z0104,8,174,4565.0,,unavailable in GeoTIFF/XML artifact; band index reported
scene_01_DT0000205230-Z0104,8,175,4785.0,,unavailable in GeoTIFF/XML artifact; band index reported
scene_01_DT0000205230-Z0104,8,176,4745.0,,unavailable in GeoTIFF/XML artifact; band index reported
scene_01_DT0000205230-Z0104,8,177,4822.0,,unavailable in GeoTIFF/XML artifact; band index reported
scene_01_DT0000205230-Z0104,8,178,4891.0,,unavailable in GeoTIFF/XML artifact; band index reported
scene_01_DT0000205230-Z0104,8,179,5108.0,,unavailable in GeoTIFF/XML artifact; band index reported
scene_01_DT0000205230-Z0104,8,180,5168.0,1390.0855269078343,unavailable in GeoTIFF/XML artifact; band index reported
scene_01_DT0000205230-Z0104,8,181,5249.0,,unavailable in GeoTIFF/XML artifact; band index reported
scene_01_DT0000205230-Z0104,8,182,5342.0,,unavailable in GeoTIFF/XML artifact; band index reported
scene_01_DT0000205230-Z0104,8,183,5430.0,,unavailable in GeoTIFF/XML artifact; band index reported
scene_01_DT0000205230-Z0104,8,184,5297.0,,unavailable in GeoTIFF/XML artifact; band index reported
scene_01_DT0000205230-Z0104,8,185,5414.0,,unavailable in GeoTIFF/XML artifact; band index reported
scene_01_DT0000205230-Z0104,8,186,5540.0,,unavailable in GeoTIFF/XML artifact; band index reported
scene_01_DT0000205230-Z0104,8,187,5484.0,,unavailable in GeoTIFF/XML artifact; band index reported
scene_01_DT0000205230-Z0104,8,188,5417.0,1615.012412344073,unavailable in GeoTIFF/XML artifact; band index reported
scene_01_DT0000205230-Z0104,8,189,5435.0,,unavailable in GeoTIFF/XML artifact; band index reported
scene_01_DT0000205230-Z0104,8,190,5468.0,,unavailable in GeoTIFF/XML artifact; band index reported
scene_01_DT0000205230-Z0104,8,191,5400.0,,unavailable in GeoTIFF/XML artifact; band index reported
scene_01_DT0000205230-Z0104,8,192,5476.0,,unavailable in GeoTIFF/XML artifact; band index reported
scene_01_DT0000205230-Z0104,8,193,5396.0,,unavailable in GeoTIFF/XML artifact; band index reported
scene_01_DT0000205230-Z0104,8,194,5500.0,,unavailable in GeoTIFF/XML artifact; band index reported
scene_01_DT0000205230-Z0104,8,195,5504.0,1714.134939921006,unavailable in GeoTIFF/XML artifact; band index reported
scene_01_DT0000205230-Z0104,8,196,5544.0,,unavailable in GeoTIFF/XML artifact; band index reported
scene_01_DT0000205230-Z0104,8,197,5598.0,,unavailable in GeoTIFF/XML artifact; band index reported
scene_01_DT0000205230-Z0104,8,198,5536.0,,unavailable in GeoTIFF/XML artifact; band index reported
scene_01_DT0000205230-Z0104,8,199,5498.0,,unavailable in GeoTIFF/XML artifact; band index reported
scene_01_DT0000205230-Z0104,8,200,5490.0,,unavailable in GeoTIFF/XML artifact; band index reported
scene_01_DT0000205230-Z0104,8,201,5418.0,,unavailable in GeoTIFF/XML artifact; band index reported
scene_01_DT0000205230-Z0104,8,202,5364.0,1623.8421900371911,unavailable in GeoTIFF/XML artifact; band index reported
scene_01_DT0000205230-Z0104,8,203,5367.0,,unavailable in GeoTIFF/XML artifact; band index reported
scene_01_DT0000205230-Z0104,8,204,5295.0,,unavailable in GeoTIFF/XML artifact; band index reported
scene_01_DT0000205230-Z0104,8,205,5211.0,,unavailable in GeoTIFF/XML artifact; band index reported
scene_01_DT0000205230-Z0104,8,206,5178.0,,unavailable in GeoTIFF/XML artifact; band index reported
scene_01_DT0000205230-Z0104,8,207,5134.0,,unavailable in GeoTIFF/XML artifact; band index reported
scene_01_DT0000205230-Z0104,8,208,5000.0,,unavailable in GeoTIFF/XML artifact; band index reported
scene_01_DT0000205230-Z0104,8,209,5039.0,1409.4000839608805,unavailable in GeoTIFF/XML artifact; band index reported
scene_01_DT0000205230-Z0104,8,210,4967.0,,unavailable in GeoTIFF/XML artifact; band index reported
scene_01_DT0000205230-Z0104,8,211,4886.0,,unavailable in GeoTIFF/XML artifact; band index reported
scene_01_DT0000205230-Z0104,8,212,4827.0,,unavailable in GeoTIFF/XML artifact; band index reported
scene_01_DT0000205230-Z0104,8,213,4849.0,,unavailable in GeoTIFF/XML artifact; band index reported
scene_01_DT0000205230-Z0104,8,214,4720.0,,unavailable in GeoTIFF/XML artifact; band index reported
scene_01_DT0000205230-Z0104,8,215,4702.0,,unavailable in GeoTIFF/XML artifact; band index reported
scene_01_DT0000205230-Z0104,8,216,4567.0,1289.576248101925,unavailable in GeoTIFF/XML artifact; band index reported
scene_01_DT0000205230-Z0104,8,217,4542.0,,unavailable in GeoTIFF/XML artifact; band index reported
scene_01_DT0000205230-Z0104,8,218,4476.0,,unavailable in GeoTIFF/XML artifact; band index reported
scene_01_DT0000205230-Z0104,8,219,4442.0,,unavailable in GeoTIFF/XML artifact; band index reported
scene_01_DT0000205230-Z0104,8,220,4205.0,,unavailable in GeoTIFF/XML artifact; band index reported
scene_01_DT0000205230-Z0104,8,221,4237.0,,unavailable in GeoTIFF/XML artifact; band index reported
scene_01_DT0000205230-Z0104,8,222,4258.0,,unavailable in GeoTIFF/XML artifact; band index reported
scene_01_DT0000205230-Z0104,8,223,4087.0,,unavailable in GeoTIFF/XML artifact; band index reported
scene_01_DT0000205230-Z0104,8,224,4149.0,1179.1428435136806,unavailable in GeoTIFF/XML artifact; band index reported
scene_01_DT0000205230-Z0203,9,1,8398.099609375,2778.141339809302,unavailable in GeoTIFF/XML artifact; band index reported
scene_01_DT0000205230-Z0203,9,2,8273.4501953125,,unavailable in GeoTIFF/XML artifact; band index reported
scene_01_DT0000205230-Z0203,9,3,8212.599609375,,unavailable in GeoTIFF/XML artifact; band index reported
scene_01_DT0000205230-Z0203,9,4,8239.900390625,,unavailable in GeoTIFF/XML artifact; band index reported
scene_01_DT0000205230-Z0203,9,5,8203.599609375,,unavailable in GeoTIFF/XML artifact; band index reported
scene_01_DT0000205230-Z0203,9,6,8131.0498046875,,unavailable in GeoTIFF/XML artifact; band index reported
scene_01_DT0000205230-Z0203,9,7,8134.9501953125,,unavailable in GeoTIFF/XML artifact; band index reported
scene_01_DT0000205230-Z0203,9,8,8143.0498046875,2642.754279270416,unavailable in GeoTIFF/XML artifact; band index reported
scene_01_DT0000205230-Z0203,9,9,8090.75,,unavailable in GeoTIFF/XML artifact; band index reported
scene_01_DT0000205230-Z0203,9,10,8121.4501953125,,unavailable in GeoTIFF/XML artifact; band index reported
scene_01_DT0000205230-Z0203,9,11,8114.89990234375,,unavailable in GeoTIFF/XML artifact; band index reported
scene_01_DT0000205230-Z0203,9,12,8075.2998046875,,unavailable in GeoTIFF/XML artifact; band index reported
scene_01_DT0000205230-Z0203,9,13,8071.25,,unavailable in GeoTIFF/XML artifact; band index reported
scene_01_DT0000205230-Z0203,9,14,8116.10009765625,,unavailable in GeoTIFF/XML artifact; band index reported
scene_01_DT0000205230-Z0203,9,15,8126.89990234375,2609.7302388123417,unavailable in GeoTIFF/XML artifact; band index reported
scene_01_DT0000205230-Z0203,9,16,8072.7001953125,,unavailable in GeoTIFF/XML artifact; band index reported
scene_01_DT0000205230-Z0203,9,17,8069.7998046875,,unavailable in GeoTIFF/XML artifact; band index reported
scene_01_DT0000205230-Z0203,9,18,8075.35009765625,,unavailable in GeoTIFF/XML artifact; band index reported
scene_01_DT0000205230-Z0203,9,19,8029.2998046875,,unavailable in GeoTIFF/XML artifact; band index reported
scene_01_DT0000205230-Z0203,9,20,8057.60009765625,,unavailable in GeoTIFF/XML artifact; band index reported
scene_01_DT0000205230-Z0203,9,21,8114.85009765625,,unavailable in GeoTIFF/XML artifact; band index reported
scene_01_DT0000205230-Z0203,9,22,8064.35009765625,2618.1355794552014,unavailable in GeoTIFF/XML artifact; band index reported
scene_01_DT0000205230-Z0203,9,23,8045.7001953125,,unavailable in GeoTIFF/XML artifact; band index reported
scene_01_DT0000205230-Z0203,9,24,8050.10009765625,,unavailable in GeoTIFF/XML artifact; band index reported
scene_01_DT0000205230-Z0203,9,25,8062.75,,unavailable in GeoTIFF/XML artifact; band index reported
scene_01_DT0000205230-Z0203,9,26,8080.0,,unavailable in GeoTIFF/XML artifact; band index reported
scene_01_DT0000205230-Z0203,9,27,8064.60009765625,,unavailable in GeoTIFF/XML artifact; band index reported
scene_01_DT0000205230-Z0203,9,28,8052.0,,unavailable in GeoTIFF/XML artifact; band index reported
scene_01_DT0000205230-Z0203,9,29,8068.7001953125,2675.2596888432727,unavailable in GeoTIFF/XML artifact; band index reported
scene_01_DT0000205230-Z0203,9,30,8056.0,,unavailable in GeoTIFF/XML artifact; band index reported
scene_01_DT0000205230-Z0203,9,31,8064.5498046875,,unavailable in GeoTIFF/XML artifact; band index reported
scene_01_DT0000205230-Z0203,9,32,8049.7001953125,,unavailable in GeoTIFF/XML artifact; band index reported
scene_01_DT0000205230-Z0203,9,33,8104.7998046875,,unavailable in GeoTIFF/XML artifact; band index reported
scene_01_DT0000205230-Z0203,9,34,8117.75,,unavailable in GeoTIFF/XML artifact; band index reported
scene_01_DT0000205230-Z0203,9,35,8085.39990234375,,unavailable in GeoTIFF/XML artifact; band index reported
scene_01_DT0000205230-Z0203,9,36,8075.4501953125,2633.6236388835327,unavailable in GeoTIFF/XML artifact; band index reported
scene_01_DT0000205230-Z0203,9,37,8094.9501953125,,unavailable in GeoTIFF/XML artifact; band index reported
scene_01_DT0000205230-Z0203,9,38,8095.2001953125,,unavailable in GeoTIFF/XML artifact; band index reported
scene_01_DT0000205230-Z0203,9,39,8072.64990234375,,unavailable in GeoTIFF/XML artifact; band index reported
scene_01_DT0000205230-Z0203,9,40,8024.75,,unavailable in GeoTIFF/XML artifact; band index reported
scene_01_DT0000205230-Z0203,9,41,8000.9501953125,,unavailable in GeoTIFF/XML artifact; band index reported
scene_01_DT0000205230-Z0203,9,42,7945.39990234375,,unavailable in GeoTIFF/XML artifact; band index reported
scene_01_DT0000205230-Z0203,9,43,7981.10009765625,,unavailable in GeoTIFF/XML artifact; band index reported
scene_01_DT0000205230-Z0203,9,44,8001.5498046875,2557.77455595676,unavailable in GeoTIFF/XML artifact; band index reported
scene_01_DT0000205230-Z0203,9,45,7991.2998046875,,unavailable in GeoTIFF/XML artifact; band index reported
scene_01_DT0000205230-Z0203,9,46,7929.14990234375,,unavailable in GeoTIFF/XML artifact; band index reported
scene_01_DT0000205230-Z0203,9,47,7897.60009765625,,unavailable in GeoTIFF/XML artifact; band index reported
scene_01_DT0000205230-Z0203,9,48,7919.14990234375,,unavailable in GeoTIFF/XML artifact; band index reported
scene_01_DT0000205230-Z0203,9,49,7906.7998046875,,unavailable in GeoTIFF/XML artifact; band index reported
scene_01_DT0000205230-Z0203,9,50,7871.10009765625,,unavailable in GeoTIFF/XML artifact; band index reported
scene_01_DT0000205230-Z0203,9,51,7901.85009765625,2489.4952756085927,unavailable in GeoTIFF/XML artifact; band index reported
scene_01_DT0000205230-Z0203,9,52,7883.64990234375,,unavailable in GeoTIFF/XML artifact; band index reported
scene_01_DT0000205230-Z0203,9,53,7884.7998046875,,unavailable in GeoTIFF/XML artifact; band index reported
scene_01_DT0000205230-Z0203,9,54,7853.14990234375,,unavailable in GeoTIFF/XML artifact; band index reported
scene_01_DT0000205230-Z0203,9,55,7916.14990234375,,unavailable in GeoTIFF/XML artifact; band index reported
scene_01_DT0000205230-Z0203,9,56,7870.5,,unavailable in GeoTIFF/XML artifact; band index reported
scene_01_DT0000205230-Z0203,9,57,7921.5498046875,,unavailable in GeoTIFF/XML artifact; band index reported
scene_01_DT0000205230-Z0203,9,58,7862.5,3403.2712116040516,unavailable in GeoTIFF/XML artifact; band index reported
scene_01_DT0000205230-Z0203,9,59,7874.14990234375,,unavailable in GeoTIFF/XML artifact; band index reported
scene_01_DT0000205230-Z0203,9,60,7824.7998046875,,unavailable in GeoTIFF/XML artifact; band index reported
scene_01_DT0000205230-Z0203,9,61,7950.25,,unavailable in GeoTIFF/XML artifact; band index reported
scene_01_DT0000205230-Z0203,9,62,7803.85009765625,,unavailable in GeoTIFF/XML artifact; band index reported
scene_01_DT0000205230-Z0203,9,63,7837.7001953125,,unavailable in GeoTIFF/XML artifact; band index reported
scene_01_DT0000205230-Z0203,9,64,7874.0,,unavailable in GeoTIFF/XML artifact; band index reported
scene_01_DT0000205230-Z0203,9,65,7823.0498046875,3750.923699412018,unavailable in GeoTIFF/XML artifact; band index reported
scene_01_DT0000205230-Z0203,9,66,7899.7998046875,,unavailable in GeoTIFF/XML artifact; band index reported
scene_01_DT0000205230-Z0203,9,67,7882.2998046875,,unavailable in GeoTIFF/XML artifact; band index reported
scene_01_DT0000205230-Z0203,9,68,7911.7998046875,,unavailable in GeoTIFF/XML artifact; band index reported
scene_01_DT0000205230-Z0203,9,69,7965.89990234375,,unavailable in GeoTIFF/XML artifact; band index reported
scene_01_DT0000205230-Z0203,9,70,7976.64990234375,,unavailable in GeoTIFF/XML artifact; band index reported
scene_01_DT0000205230-Z0203,9,71,7996.60009765625,,unavailable in GeoTIFF/XML artifact; band index reported
scene_01_DT0000205230-Z0203,9,72,7905.89990234375,3913.7549246977705,unavailable in GeoTIFF/XML artifact; band index reported
scene_01_DT0000205230-Z0203,9,73,7953.0,,unavailable in GeoTIFF/XML artifact; band index reported
scene_01_DT0000205230-Z0203,9,74,7906.14990234375,,unavailable in GeoTIFF/XML artifact; band index reported
scene_01_DT0000205230-Z0203,9,75,7961.39990234375,,unavailable in GeoTIFF/XML artifact; band index reported
scene_01_DT0000205230-Z0203,9,76,7918.35009765625,,unavailable in GeoTIFF/XML artifact; band index reported
scene_01_DT0000205230-Z0203,9,77,7917.5498046875,,unavailable in GeoTIFF/XML artifact; band index reported
scene_01_DT0000205230-Z0203,9,78,7898.89990234375,,unavailable in GeoTIFF/XML artifact; band index reported
scene_01_DT0000205230-Z0203,9,79,7943.85009765625,,unavailable in GeoTIFF/XML artifact; band index reported
scene_01_DT0000205230-Z0203,9,80,7856.60009765625,4004.0477535216755,unavailable in GeoTIFF/XML artifact; band index reported
scene_01_DT0000205230-Z0203,9,81,7941.14990234375,,unavailable in GeoTIFF/XML artifact; band index reported
scene_01_DT0000205230-Z0203,9,82,7775.64990234375,,unavailable in GeoTIFF/XML artifact; band index reported
scene_01_DT0000205230-Z0203,9,83,7789.2998046875,,unavailable in GeoTIFF/XML artifact; band index reported
scene_01_DT0000205230-Z0203,9,84,7680.10009765625,,unavailable in GeoTIFF/XML artifact; band index reported
scene_01_DT0000205230-Z0203,9,85,7884.10009765625,,unavailable in GeoTIFF/XML artifact; band index reported
scene_01_DT0000205230-Z0203,9,86,8100.14990234375,,unavailable in GeoTIFF/XML artifact; band index reported
scene_01_DT0000205230-Z0203,9,87,7422.7001953125,3837.6610413015565,unavailable in GeoTIFF/XML artifact; band index reported
scene_01_DT0000205230-Z0203,9,88,8277.5,,unavailable in GeoTIFF/XML artifact; band index reported
scene_01_DT0000205230-Z0203,9,89,7812.25,,unavailable in GeoTIFF/XML artifact; band index reported
scene_01_DT0000205230-Z0203,9,90,8121.2998046875,,unavailable in GeoTIFF/XML artifact; band index reported
scene_01_DT0000205230-Z0203,9,91,7682.5,,unavailable in GeoTIFF/XML artifact; band index reported
scene_01_DT0000205230-Z0203,9,92,7933.7001953125,,unavailable in GeoTIFF/XML artifact; band index reported
scene_01_DT0000205230-Z0203,9,93,7960.7998046875,,unavailable in GeoTIFF/XML artifact; band index reported
scene_01_DT0000205230-Z0203,9,94,7662.2001953125,3813.7033160932942,unavailable in GeoTIFF/XML artifact; band index reported
scene_01_DT0000205230-Z0203,9,95,7733.85009765625,,unavailable in GeoTIFF/XML artifact; band index reported
scene_01_DT0000205230-Z0203,9,96,7780.60009765625,,unavailable in GeoTIFF/XML artifact; band index reported
scene_01_DT0000205230-Z0203,9,97,7718.14990234375,,unavailable in GeoTIFF/XML artifact; band index reported
scene_01_DT0000205230-Z0203,9,98,7809.4501953125,,unavailable in GeoTIFF/XML artifact; band index reported
scene_01_DT0000205230-Z0203,9,99,7731.25,,unavailable in GeoTIFF/XML artifact; band index reported
scene_01_DT0000205230-Z0203,9,100,7837.35009765625,,unavailable in GeoTIFF/XML artifact; band index reported
scene_01_DT0000205230-Z0203,9,101,7581.7998046875,3810.509529806768,unavailable in GeoTIFF/XML artifact; band index reported
scene_01_DT0000205230-Z0203,9,102,7831.7001953125,,unavailable in GeoTIFF/XML artifact; band index reported
scene_01_DT0000205230-Z0203,9,103,7829.89990234375,,unavailable in GeoTIFF/XML artifact; band index reported
scene_01_DT0000205230-Z0203,9,104,7855.10009765625,,unavailable in GeoTIFF/XML artifact; band index reported
scene_01_DT0000205230-Z0203,9,105,7891.10009765625,,unavailable in GeoTIFF/XML artifact; band index reported
scene_01_DT0000205230-Z0203,9,106,7895.10009765625,,unavailable in GeoTIFF/XML artifact; band index reported
scene_01_DT0000205230-Z0203,9,107,7904.25,,unavailable in GeoTIFF/XML artifact; band index reported
scene_01_DT0000205230-Z0203,9,108,7935.10009765625,4315.307138388113,unavailable in GeoTIFF/XML artifact; band index reported
scene_01_DT0000205230-Z0203,9,109,7908.60009765625,,unavailable in GeoTIFF/XML artifact; band index reported
scene_01_DT0000205230-Z0203,9,110,7890.5,,unavailable in GeoTIFF/XML artifact; band index reported
scene_01_DT0000205230-Z0203,9,111,7848.0498046875,,unavailable in GeoTIFF/XML artifact; band index reported
scene_01_DT0000205230-Z0203,9,112,7537.9501953125,,unavailable in GeoTIFF/XML artifact; band index reported
scene_01_DT0000205230-Z0203,9,113,7734.75,,unavailable in GeoTIFF/XML artifact; band index reported
scene_01_DT0000205230-Z0203,9,114,7650.89990234375,,unavailable in GeoTIFF/XML artifact; band index reported
scene_01_DT0000205230-Z0203,9,115,7421.89990234375,,unavailable in GeoTIFF/XML artifact; band index reported
scene_01_DT0000205230-Z0203,9,116,7548.0,3672.3491114413987,unavailable in GeoTIFF/XML artifact; band index reported
scene_01_DT0000205230-Z0203,9,117,7564.75,,unavailable in GeoTIFF/XML artifact; band index reported
scene_01_DT0000205230-Z0203,9,118,7617.25,,unavailable in GeoTIFF/XML artifact; band index reported
scene_01_DT0000205230-Z0203,9,119,7609.5,,unavailable in GeoTIFF/XML artifact; band index reported
scene_01_DT0000205230-Z0203,9,120,7596.25,,unavailable in GeoTIFF/XML artifact; band index reported
scene_01_DT0000205230-Z0203,9,121,7638.39990234375,,unavailable in GeoTIFF/XML artifact; band index reported
scene_01_DT0000205230-Z0203,9,122,7674.7998046875,,unavailable in GeoTIFF/XML artifact; band index reported
scene_01_DT0000205230-Z0203,9,123,7697.25,3942.3069460173356,unavailable in GeoTIFF/XML artifact; band index reported
scene_01_DT0000205230-Z0203,9,124,7701.4501953125,,unavailable in GeoTIFF/XML artifact; band index reported
scene_01_DT0000205230-Z0203,9,125,7739.0,,unavailable in GeoTIFF/XML artifact; band index reported
scene_01_DT0000205230-Z0203,9,126,7722.89990234375,,unavailable in GeoTIFF/XML artifact; band index reported
scene_01_DT0000205230-Z0203,9,127,7662.7998046875,,unavailable in GeoTIFF/XML artifact; band index reported
scene_01_DT0000205230-Z0203,9,128,7566.7998046875,,unavailable in GeoTIFF/XML artifact; band index reported
scene_01_DT0000205230-Z0203,9,129,7530.85009765625,,unavailable in GeoTIFF/XML artifact; band index reported
scene_01_DT0000205230-Z0203,9,130,7416.75,3684.4208072753718,unavailable in GeoTIFF/XML artifact; band index reported
scene_01_DT0000205230-Z0203,9,131,-32768.0,,unavailable in GeoTIFF/XML artifact; band index reported
scene_01_DT0000205230-Z0203,9,132,-32768.0,,unavailable in GeoTIFF/XML artifact; band index reported
scene_01_DT0000205230-Z0203,9,133,-32768.0,,unavailable in GeoTIFF/XML artifact; band index reported
scene_01_DT0000205230-Z0203,9,134,-32768.0,,unavailable in GeoTIFF/XML artifact; band index reported
scene_01_DT0000205230-Z0203,9,135,-32768.0,,unavailable in GeoTIFF/XML artifact; band index reported
scene_01_DT0000205230-Z0203,9,136,4260.2998046875,,unavailable in GeoTIFF/XML artifact; band index reported
scene_01_DT0000205230-Z0203,9,137,4971.0498046875,2058.245710828859,unavailable in GeoTIFF/XML artifact; band index reported
scene_01_DT0000205230-Z0203,9,138,4779.75,,unavailable in GeoTIFF/XML artifact; band index reported
scene_01_DT0000205230-Z0203,9,139,4692.89990234375,,unavailable in GeoTIFF/XML artifact; band index reported
scene_01_DT0000205230-Z0203,9,140,4652.7001953125,,unavailable in GeoTIFF/XML artifact; band index reported
scene_01_DT0000205230-Z0203,9,141,4688.35009765625,,unavailable in GeoTIFF/XML artifact; band index reported
scene_01_DT0000205230-Z0203,9,142,4924.0,,unavailable in GeoTIFF/XML artifact; band index reported
scene_01_DT0000205230-Z0203,9,143,5124.85009765625,,unavailable in GeoTIFF/XML artifact; band index reported
scene_01_DT0000205230-Z0203,9,144,5331.5498046875,2080.945566339755,unavailable in GeoTIFF/XML artifact; band index reported
scene_01_DT0000205230-Z0203,9,145,5531.2001953125,,unavailable in GeoTIFF/XML artifact; band index reported
scene_01_DT0000205230-Z0203,9,146,5696.39990234375,,unavailable in GeoTIFF/XML artifact; band index reported
scene_01_DT0000205230-Z0203,9,147,5853.85009765625,,unavailable in GeoTIFF/XML artifact; band index reported
scene_01_DT0000205230-Z0203,9,148,5973.5,,unavailable in GeoTIFF/XML artifact; band index reported
scene_01_DT0000205230-Z0203,9,149,6076.85009765625,,unavailable in GeoTIFF/XML artifact; band index reported
scene_01_DT0000205230-Z0203,9,150,6164.5,,unavailable in GeoTIFF/XML artifact; band index reported
scene_01_DT0000205230-Z0203,9,151,6238.0,,unavailable in GeoTIFF/XML artifact; band index reported
scene_01_DT0000205230-Z0203,9,152,6280.4501953125,2584.3016073811323,unavailable in GeoTIFF/XML artifact; band index reported
scene_01_DT0000205230-Z0203,9,153,6324.9501953125,,unavailable in GeoTIFF/XML artifact; band index reported
scene_01_DT0000205230-Z0203,9,154,6381.0,,unavailable in GeoTIFF/XML artifact; band index reported
scene_01_DT0000205230-Z0203,9,155,6393.5498046875,,unavailable in GeoTIFF/XML artifact; band index reported
scene_01_DT0000205230-Z0203,9,156,6422.5498046875,,unavailable in GeoTIFF/XML artifact; band index reported
scene_01_DT0000205230-Z0203,9,157,6436.0498046875,,unavailable in GeoTIFF/XML artifact; band index reported
scene_01_DT0000205230-Z0203,9,158,6430.7998046875,,unavailable in GeoTIFF/XML artifact; band index reported
scene_01_DT0000205230-Z0203,9,159,6421.64990234375,2624.7136565158407,unavailable in GeoTIFF/XML artifact; band index reported
scene_01_DT0000205230-Z0203,9,160,6405.35009765625,,unavailable in GeoTIFF/XML artifact; band index reported
scene_01_DT0000205230-Z0203,9,161,6341.10009765625,,unavailable in GeoTIFF/XML artifact; band index reported
scene_01_DT0000205230-Z0203,9,162,6279.2998046875,,unavailable in GeoTIFF/XML artifact; band index reported
scene_01_DT0000205230-Z0203,9,163,6232.39990234375,,unavailable in GeoTIFF/XML artifact; band index reported
scene_01_DT0000205230-Z0203,9,164,6090.85009765625,,unavailable in GeoTIFF/XML artifact; band index reported
scene_01_DT0000205230-Z0203,9,165,6014.4501953125,,unavailable in GeoTIFF/XML artifact; band index reported
scene_01_DT0000205230-Z0203,9,166,5903.5,2489.936876681637,unavailable in GeoTIFF/XML artifact; band index reported
scene_01_DT0000205230-Z0203,9,167,1742.199951171875,,unavailable in GeoTIFF/XML artifact; band index reported
scene_01_DT0000205230-Z0203,9,168,1870.699951171875,,unavailable in GeoTIFF/XML artifact; band index reported
scene_01_DT0000205230-Z0203,9,169,2034.050048828125,,unavailable in GeoTIFF/XML artifact; band index reported
scene_01_DT0000205230-Z0203,9,170,2049.60009765625,,unavailable in GeoTIFF/XML artifact; band index reported
scene_01_DT0000205230-Z0203,9,171,2075.25,,unavailable in GeoTIFF/XML artifact; band index reported
scene_01_DT0000205230-Z0203,9,172,2280.949951171875,,unavailable in GeoTIFF/XML artifact; band index reported
scene_01_DT0000205230-Z0203,9,173,2566.949951171875,1061.9858491886037,unavailable in GeoTIFF/XML artifact; band index reported
scene_01_DT0000205230-Z0203,9,174,2779.0,,unavailable in GeoTIFF/XML artifact; band index reported
scene_01_DT0000205230-Z0203,9,175,2979.75,,unavailable in GeoTIFF/XML artifact; band index reported
scene_01_DT0000205230-Z0203,9,176,3016.0,,unavailable in GeoTIFF/XML artifact; band index reported
scene_01_DT0000205230-Z0203,9,177,3221.5,,unavailable in GeoTIFF/XML artifact; band index reported
scene_01_DT0000205230-Z0203,9,178,3387.64990234375,,unavailable in GeoTIFF/XML artifact; band index reported
scene_01_DT0000205230-Z0203,9,179,3621.699951171875,,unavailable in GeoTIFF/XML artifact; band index reported
scene_01_DT0000205230-Z0203,9,180,3737.25,1390.0855269078343,unavailable in GeoTIFF/XML artifact; band index reported
scene_01_DT0000205230-Z0203,9,181,3889.199951171875,,unavailable in GeoTIFF/XML artifact; band index reported
scene_01_DT0000205230-Z0203,9,182,4050.10009765625,,unavailable in GeoTIFF/XML artifact; band index reported
scene_01_DT0000205230-Z0203,9,183,4207.60009765625,,unavailable in GeoTIFF/XML artifact; band index reported
scene_01_DT0000205230-Z0203,9,184,4223.7001953125,,unavailable in GeoTIFF/XML artifact; band index reported
scene_01_DT0000205230-Z0203,9,185,4399.85009765625,,unavailable in GeoTIFF/XML artifact; band index reported
scene_01_DT0000205230-Z0203,9,186,4511.0498046875,,unavailable in GeoTIFF/XML artifact; band index reported
scene_01_DT0000205230-Z0203,9,187,4547.9501953125,,unavailable in GeoTIFF/XML artifact; band index reported
scene_01_DT0000205230-Z0203,9,188,4584.5498046875,1615.012412344073,unavailable in GeoTIFF/XML artifact; band index reported
scene_01_DT0000205230-Z0203,9,189,4632.39990234375,,unavailable in GeoTIFF/XML artifact; band index reported
scene_01_DT0000205230-Z0203,9,190,4694.5,,unavailable in GeoTIFF/XML artifact; band index reported
scene_01_DT0000205230-Z0203,9,191,4676.7998046875,,unavailable in GeoTIFF/XML artifact; band index reported
scene_01_DT0000205230-Z0203,9,192,4771.85009765625,,unavailable in GeoTIFF/XML artifact; band index reported
scene_01_DT0000205230-Z0203,9,193,4719.9501953125,,unavailable in GeoTIFF/XML artifact; band index reported
scene_01_DT0000205230-Z0203,9,194,4846.2998046875,,unavailable in GeoTIFF/XML artifact; band index reported
scene_01_DT0000205230-Z0203,9,195,4872.75,1714.134939921006,unavailable in GeoTIFF/XML artifact; band index reported
scene_01_DT0000205230-Z0203,9,196,4882.64990234375,,unavailable in GeoTIFF/XML artifact; band index reported
scene_01_DT0000205230-Z0203,9,197,4906.7001953125,,unavailable in GeoTIFF/XML artifact; band index reported
scene_01_DT0000205230-Z0203,9,198,4863.60009765625,,unavailable in GeoTIFF/XML artifact; band index reported
scene_01_DT0000205230-Z0203,9,199,4820.60009765625,,unavailable in GeoTIFF/XML artifact; band index reported
scene_01_DT0000205230-Z0203,9,200,4819.85009765625,,unavailable in GeoTIFF/XML artifact; band index reported
scene_01_DT0000205230-Z0203,9,201,4770.5498046875,,unavailable in GeoTIFF/XML artifact; band index reported
scene_01_DT0000205230-Z0203,9,202,4717.39990234375,1623.8421900371911,unavailable in GeoTIFF/XML artifact; band index reported
scene_01_DT0000205230-Z0203,9,203,4674.10009765625,,unavailable in GeoTIFF/XML artifact; band index reported
scene_01_DT0000205230-Z0203,9,204,4557.75,,unavailable in GeoTIFF/XML artifact; band index reported
scene_01_DT0000205230-Z0203,9,205,4464.2001953125,,unavailable in GeoTIFF/XML artifact; band index reported
scene_01_DT0000205230-Z0203,9,206,4414.0,,unavailable in GeoTIFF/XML artifact; band index reported
scene_01_DT0000205230-Z0203,9,207,4278.9501953125,,unavailable in GeoTIFF/XML artifact; band index reported
scene_01_DT0000205230-Z0203,9,208,4224.7998046875,,unavailable in GeoTIFF/XML artifact; band index reported
scene_01_DT0000205230-Z0203,9,209,4145.25,1409.4000839608805,unavailable in GeoTIFF/XML artifact; band index reported
scene_01_DT0000205230-Z0203,9,210,4030.949951171875,,unavailable in GeoTIFF/XML artifact; band index reported
scene_01_DT0000205230-Z0203,9,211,3940.300048828125,,unavailable in GeoTIFF/XML artifact; band index reported
scene_01_DT0000205230-Z0203,9,212,3892.25,,unavailable in GeoTIFF/XML artifact; band index reported
scene_01_DT0000205230-Z0203,9,213,3812.0,,unavailable in GeoTIFF/XML artifact; band index reported
scene_01_DT0000205230-Z0203,9,214,3718.300048828125,,unavailable in GeoTIFF/XML artifact; band index reported
scene_01_DT0000205230-Z0203,9,215,3649.0,,unavailable in GeoTIFF/XML artifact; band index reported
scene_01_DT0000205230-Z0203,9,216,3587.300048828125,1289.576248101925,unavailable in GeoTIFF/XML artifact; band index reported
scene_01_DT0000205230-Z0203,9,217,3481.050048828125,,unavailable in GeoTIFF/XML artifact; band index reported
scene_01_DT0000205230-Z0203,9,218,3376.300048828125,,unavailable in GeoTIFF/XML artifact; band index reported
scene_01_DT0000205230-Z0203,9,219,3305.0,,unavailable in GeoTIFF/XML artifact; band index reported
scene_01_DT0000205230-Z0203,9,220,3175.300048828125,,unavailable in GeoTIFF/XML artifact; band index reported
scene_01_DT0000205230-Z0203,9,221,3128.14990234375,,unavailable in GeoTIFF/XML artifact; band index reported
scene_01_DT0000205230-Z0203,9,222,3058.25,,unavailable in GeoTIFF/XML artifact; band index reported
scene_01_DT0000205230-Z0203,9,223,2994.60009765625,,unavailable in GeoTIFF/XML artifact; band index reported
scene_01_DT0000205230-Z0203,9,224,2907.800048828125,1179.1428435136806,unavailable in GeoTIFF/XML artifact; band index reported
scene_01_DT0000205230-Z0134,10,1,7125.68017578125,2778.141339809302,unavailable in GeoTIFF/XML artifact; band index reported
scene_01_DT0000205230-Z0134,10,2,7039.72021484375,,unavailable in GeoTIFF/XML artifact; band index reported
scene_01_DT0000205230-Z0134,10,3,6950.2001953125,,unavailable in GeoTIFF/XML artifact; band index reported
scene_01_DT0000205230-Z0134,10,4,7050.27978515625,,unavailable in GeoTIFF/XML artifact; band index reported
scene_01_DT0000205230-Z0134,10,5,7003.9599609375,,unavailable in GeoTIFF/XML artifact; band index reported
scene_01_DT0000205230-Z0134,10,6,6931.759765625,,unavailable in GeoTIFF/XML artifact; band index reported
scene_01_DT0000205230-Z0134,10,7,6932.0400390625,,unavailable in GeoTIFF/XML artifact; band index reported
scene_01_DT0000205230-Z0134,10,8,6928.27978515625,2642.754279270416,unavailable in GeoTIFF/XML artifact; band index reported
scene_01_DT0000205230-Z0134,10,9,6888.27978515625,,unavailable in GeoTIFF/XML artifact; band index reported
scene_01_DT0000205230-Z0134,10,10,6919.47998046875,,unavailable in GeoTIFF/XML artifact; band index reported
scene_01_DT0000205230-Z0134,10,11,6898.83984375,,unavailable in GeoTIFF/XML artifact; band index reported
scene_01_DT0000205230-Z0134,10,12,6856.8798828125,,unavailable in GeoTIFF/XML artifact; band index reported
scene_01_DT0000205230-Z0134,10,13,6867.56005859375,,unavailable in GeoTIFF/XML artifact; band index reported
scene_01_DT0000205230-Z0134,10,14,6923.919921875,,unavailable in GeoTIFF/XML artifact; band index reported
scene_01_DT0000205230-Z0134,10,15,6925.919921875,2609.7302388123417,unavailable in GeoTIFF/XML artifact; band index reported
scene_01_DT0000205230-Z0134,10,16,6860.240234375,,unavailable in GeoTIFF/XML artifact; band index reported
scene_01_DT0000205230-Z0134,10,17,6879.56005859375,,unavailable in GeoTIFF/XML artifact; band index reported
scene_01_DT0000205230-Z0134,10,18,6884.35986328125,,unavailable in GeoTIFF/XML artifact; band index reported
scene_01_DT0000205230-Z0134,10,19,6841.39990234375,,unavailable in GeoTIFF/XML artifact; band index reported
scene_01_DT0000205230-Z0134,10,20,6880.7998046875,,unavailable in GeoTIFF/XML artifact; band index reported
scene_01_DT0000205230-Z0134,10,21,6945.0,,unavailable in GeoTIFF/XML artifact; band index reported
scene_01_DT0000205230-Z0134,10,22,6888.35986328125,2618.1355794552014,unavailable in GeoTIFF/XML artifact; band index reported
scene_01_DT0000205230-Z0134,10,23,6873.9599609375,,unavailable in GeoTIFF/XML artifact; band index reported
scene_01_DT0000205230-Z0134,10,24,6888.16015625,,unavailable in GeoTIFF/XML artifact; band index reported
scene_01_DT0000205230-Z0134,10,25,6902.47998046875,,unavailable in GeoTIFF/XML artifact; band index reported
scene_01_DT0000205230-Z0134,10,26,6920.56005859375,,unavailable in GeoTIFF/XML artifact; band index reported
scene_01_DT0000205230-Z0134,10,27,6895.240234375,,unavailable in GeoTIFF/XML artifact; band index reported
scene_01_DT0000205230-Z0134,10,28,6889.919921875,,unavailable in GeoTIFF/XML artifact; band index reported
scene_01_DT0000205230-Z0134,10,29,6907.64013671875,2675.2596888432727,unavailable in GeoTIFF/XML artifact; band index reported
scene_01_DT0000205230-Z0134,10,30,6906.8798828125,,unavailable in GeoTIFF/XML artifact; band index reported
scene_01_DT0000205230-Z0134,10,31,6919.64013671875,,unavailable in GeoTIFF/XML artifact; band index reported
scene_01_DT0000205230-Z0134,10,32,6898.83984375,,unavailable in GeoTIFF/XML artifact; band index reported
scene_01_DT0000205230-Z0134,10,33,6944.83984375,,unavailable in GeoTIFF/XML artifact; band index reported
scene_01_DT0000205230-Z0134,10,34,6956.16015625,,unavailable in GeoTIFF/XML artifact; band index reported
scene_01_DT0000205230-Z0134,10,35,6935.68017578125,,unavailable in GeoTIFF/XML artifact; band index reported
scene_01_DT0000205230-Z0134,10,36,6927.83984375,2633.6236388835327,unavailable in GeoTIFF/XML artifact; band index reported
scene_01_DT0000205230-Z0134,10,37,6940.64013671875,,unavailable in GeoTIFF/XML artifact; band index reported
scene_01_DT0000205230-Z0134,10,38,6948.39990234375,,unavailable in GeoTIFF/XML artifact; band index reported
scene_01_DT0000205230-Z0134,10,39,6928.9599609375,,unavailable in GeoTIFF/XML artifact; band index reported
scene_01_DT0000205230-Z0134,10,40,6889.83984375,,unavailable in GeoTIFF/XML artifact; band index reported
scene_01_DT0000205230-Z0134,10,41,6880.47998046875,,unavailable in GeoTIFF/XML artifact; band index reported
scene_01_DT0000205230-Z0134,10,42,6834.52001953125,,unavailable in GeoTIFF/XML artifact; band index reported
scene_01_DT0000205230-Z0134,10,43,6857.43994140625,,unavailable in GeoTIFF/XML artifact; band index reported
scene_01_DT0000205230-Z0134,10,44,6868.35986328125,2557.77455595676,unavailable in GeoTIFF/XML artifact; band index reported
scene_01_DT0000205230-Z0134,10,45,6865.759765625,,unavailable in GeoTIFF/XML artifact; band index reported
scene_01_DT0000205230-Z0134,10,46,6828.83984375,,unavailable in GeoTIFF/XML artifact; band index reported
scene_01_DT0000205230-Z0134,10,47,6796.27978515625,,unavailable in GeoTIFF/XML artifact; band index reported
scene_01_DT0000205230-Z0134,10,48,6804.52001953125,,unavailable in GeoTIFF/XML artifact; band index reported
scene_01_DT0000205230-Z0134,10,49,6800.72021484375,,unavailable in GeoTIFF/XML artifact; band index reported
scene_01_DT0000205230-Z0134,10,50,6762.16015625,,unavailable in GeoTIFF/XML artifact; band index reported
scene_01_DT0000205230-Z0134,10,51,6795.8798828125,2489.4952756085927,unavailable in GeoTIFF/XML artifact; band index reported
scene_01_DT0000205230-Z0134,10,52,6808.759765625,,unavailable in GeoTIFF/XML artifact; band index reported
scene_01_DT0000205230-Z0134,10,53,6809.9599609375,,unavailable in GeoTIFF/XML artifact; band index reported
scene_01_DT0000205230-Z0134,10,54,6806.39990234375,,unavailable in GeoTIFF/XML artifact; band index reported
scene_01_DT0000205230-Z0134,10,55,6866.72021484375,,unavailable in GeoTIFF/XML artifact; band index reported
scene_01_DT0000205230-Z0134,10,56,6892.72021484375,,unavailable in GeoTIFF/XML artifact; band index reported
scene_01_DT0000205230-Z0134,10,57,6974.72021484375,,unavailable in GeoTIFF/XML artifact; band index reported
scene_01_DT0000205230-Z0134,10,58,6952.56005859375,3403.2712116040516,unavailable in GeoTIFF/XML artifact; band index reported
scene_01_DT0000205230-Z0134,10,59,6985.56005859375,,unavailable in GeoTIFF/XML artifact; band index reported
scene_01_DT0000205230-Z0134,10,60,6956.47998046875,,unavailable in GeoTIFF/XML artifact; band index reported
scene_01_DT0000205230-Z0134,10,61,7041.72021484375,,unavailable in GeoTIFF/XML artifact; band index reported
scene_01_DT0000205230-Z0134,10,62,7104.68017578125,,unavailable in GeoTIFF/XML artifact; band index reported
scene_01_DT0000205230-Z0134,10,63,7026.39990234375,,unavailable in GeoTIFF/XML artifact; band index reported
scene_01_DT0000205230-Z0134,10,64,7049.8798828125,,unavailable in GeoTIFF/XML artifact; band index reported
scene_01_DT0000205230-Z0134,10,65,6994.60009765625,3750.923699412018,unavailable in GeoTIFF/XML artifact; band index reported
scene_01_DT0000205230-Z0134,10,66,7054.35986328125,,unavailable in GeoTIFF/XML artifact; band index reported
scene_01_DT0000205230-Z0134,10,67,7049.16015625,,unavailable in GeoTIFF/XML artifact; band index reported
scene_01_DT0000205230-Z0134,10,68,7040.35986328125,,unavailable in GeoTIFF/XML artifact; band index reported
scene_01_DT0000205230-Z0134,10,69,7161.39990234375,,unavailable in GeoTIFF/XML artifact; band index reported
scene_01_DT0000205230-Z0134,10,70,7161.0,,unavailable in GeoTIFF/XML artifact; band index reported
scene_01_DT0000205230-Z0134,10,71,7177.2001953125,,unavailable in GeoTIFF/XML artifact; band index reported
scene_01_DT0000205230-Z0134,10,72,7099.43994140625,3913.7549246977705,unavailable in GeoTIFF/XML artifact; band index reported
scene_01_DT0000205230-Z0134,10,73,7144.919921875,,unavailable in GeoTIFF/XML artifact; band index reported
scene_01_DT0000205230-Z0134,10,74,7123.1201171875,,unavailable in GeoTIFF/XML artifact; band index reported
scene_01_DT0000205230-Z0134,10,75,7189.0400390625,,unavailable in GeoTIFF/XML artifact; band index reported
scene_01_DT0000205230-Z0134,10,76,7153.68017578125,,unavailable in GeoTIFF/XML artifact; band index reported
scene_01_DT0000205230-Z0134,10,77,7182.68017578125,,unavailable in GeoTIFF/XML artifact; band index reported
scene_01_DT0000205230-Z0134,10,78,7150.0400390625,,unavailable in GeoTIFF/XML artifact; band index reported
scene_01_DT0000205230-Z0134,10,79,7182.52001953125,,unavailable in GeoTIFF/XML artifact; band index reported
scene_01_DT0000205230-Z0134,10,80,7106.47998046875,4004.0477535216755,unavailable in GeoTIFF/XML artifact; band index reported
scene_01_DT0000205230-Z0134,10,81,7173.7998046875,,unavailable in GeoTIFF/XML artifact; band index reported
scene_01_DT0000205230-Z0134,10,82,7017.56005859375,,unavailable in GeoTIFF/XML artifact; band index reported
scene_01_DT0000205230-Z0134,10,83,7026.27978515625,,unavailable in GeoTIFF/XML artifact; band index reported
scene_01_DT0000205230-Z0134,10,84,6901.31982421875,,unavailable in GeoTIFF/XML artifact; band index reported
scene_01_DT0000205230-Z0134,10,85,7144.919921875,,unavailable in GeoTIFF/XML artifact; band index reported
scene_01_DT0000205230-Z0134,10,86,7152.16015625,,unavailable in GeoTIFF/XML artifact; band index reported
scene_01_DT0000205230-Z0134,10,87,6689.9599609375,3837.6610413015565,unavailable in GeoTIFF/XML artifact; band index reported
scene_01_DT0000205230-Z0134,10,88,7633.64013671875,,unavailable in GeoTIFF/XML artifact; band index reported
scene_01_DT0000205230-Z0134,10,89,7139.2001953125,,unavailable in GeoTIFF/XML artifact; band index reported
scene_01_DT0000205230-Z0134,10,90,7451.240234375,,unavailable in GeoTIFF/XML artifact; band index reported
scene_01_DT0000205230-Z0134,10,91,7008.83984375,,unavailable in GeoTIFF/XML artifact; band index reported
scene_01_DT0000205230-Z0134,10,92,7238.43994140625,,unavailable in GeoTIFF/XML artifact; band index reported
scene_01_DT0000205230-Z0134,10,93,7158.1201171875,,unavailable in GeoTIFF/XML artifact; band index reported
scene_01_DT0000205230-Z0134,10,94,7016.919921875,3813.7033160932942,unavailable in GeoTIFF/XML artifact; band index reported
scene_01_DT0000205230-Z0134,10,95,6938.7998046875,,unavailable in GeoTIFF/XML artifact; band index reported
scene_01_DT0000205230-Z0134,10,96,7115.27978515625,,unavailable in GeoTIFF/XML artifact; band index reported
scene_01_DT0000205230-Z0134,10,97,6957.47998046875,,unavailable in GeoTIFF/XML artifact; band index reported
scene_01_DT0000205230-Z0134,10,98,7168.72021484375,,unavailable in GeoTIFF/XML artifact; band index reported
scene_01_DT0000205230-Z0134,10,99,6975.83984375,,unavailable in GeoTIFF/XML artifact; band index reported
scene_01_DT0000205230-Z0134,10,100,7204.72021484375,,unavailable in GeoTIFF/XML artifact; band index reported
scene_01_DT0000205230-Z0134,10,101,6846.43994140625,3810.509529806768,unavailable in GeoTIFF/XML artifact; band index reported
scene_01_DT0000205230-Z0134,10,102,7211.919921875,,unavailable in GeoTIFF/XML artifact; band index reported
scene_01_DT0000205230-Z0134,10,103,7214.56005859375,,unavailable in GeoTIFF/XML artifact; band index reported
scene_01_DT0000205230-Z0134,10,104,7245.47998046875,,unavailable in GeoTIFF/XML artifact; band index reported
scene_01_DT0000205230-Z0134,10,105,7286.43994140625,,unavailable in GeoTIFF/XML artifact; band index reported
scene_01_DT0000205230-Z0134,10,106,7294.35986328125,,unavailable in GeoTIFF/XML artifact; band index reported
scene_01_DT0000205230-Z0134,10,107,7311.9599609375,,unavailable in GeoTIFF/XML artifact; band index reported
scene_01_DT0000205230-Z0134,10,108,7330.1201171875,4315.307138388113,unavailable in GeoTIFF/XML artifact; band index reported
scene_01_DT0000205230-Z0134,10,109,7299.080078125,,unavailable in GeoTIFF/XML artifact; band index reported
scene_01_DT0000205230-Z0134,10,110,7258.39990234375,,unavailable in GeoTIFF/XML artifact; band index reported
scene_01_DT0000205230-Z0134,10,111,7188.60009765625,,unavailable in GeoTIFF/XML artifact; band index reported
scene_01_DT0000205230-Z0134,10,112,6878.31982421875,,unavailable in GeoTIFF/XML artifact; band index reported
scene_01_DT0000205230-Z0134,10,113,7292.47998046875,,unavailable in GeoTIFF/XML artifact; band index reported
scene_01_DT0000205230-Z0134,10,114,7080.68017578125,,unavailable in GeoTIFF/XML artifact; band index reported
scene_01_DT0000205230-Z0134,10,115,6901.39990234375,,unavailable in GeoTIFF/XML artifact; band index reported
scene_01_DT0000205230-Z0134,10,116,6976.31982421875,3672.3491114413987,unavailable in GeoTIFF/XML artifact; band index reported
scene_01_DT0000205230-Z0134,10,117,6990.0400390625,,unavailable in GeoTIFF/XML artifact; band index reported
scene_01_DT0000205230-Z0134,10,118,7044.16015625,,unavailable in GeoTIFF/XML artifact; band index reported
scene_01_DT0000205230-Z0134,10,119,7024.27978515625,,unavailable in GeoTIFF/XML artifact; band index reported
scene_01_DT0000205230-Z0134,10,120,7033.919921875,,unavailable in GeoTIFF/XML artifact; band index reported
scene_01_DT0000205230-Z0134,10,121,7075.56005859375,,unavailable in GeoTIFF/XML artifact; band index reported
scene_01_DT0000205230-Z0134,10,122,7118.8798828125,,unavailable in GeoTIFF/XML artifact; band index reported
scene_01_DT0000205230-Z0134,10,123,7137.240234375,3942.3069460173356,unavailable in GeoTIFF/XML artifact; band index reported
scene_01_DT0000205230-Z0134,10,124,7155.0,,unavailable in GeoTIFF/XML artifact; band index reported
scene_01_DT0000205230-Z0134,10,125,7227.83984375,,unavailable in GeoTIFF/XML artifact; band index reported
scene_01_DT0000205230-Z0134,10,126,7167.60009765625,,unavailable in GeoTIFF/XML artifact; band index reported
scene_01_DT0000205230-Z0134,10,127,7094.0400390625,,unavailable in GeoTIFF/XML artifact; band index reported
scene_01_DT0000205230-Z0134,10,128,6985.9599609375,,unavailable in GeoTIFF/XML artifact; band index reported
scene_01_DT0000205230-Z0134,10,129,6960.080078125,,unavailable in GeoTIFF/XML artifact; band index reported
scene_01_DT0000205230-Z0134,10,130,6869.0,3684.4208072753718,unavailable in GeoTIFF/XML artifact; band index reported
scene_01_DT0000205230-Z0134,10,131,-32768.0,,unavailable in GeoTIFF/XML artifact; band index reported
scene_01_DT0000205230-Z0134,10,132,-32768.0,,unavailable in GeoTIFF/XML artifact; band index reported
scene_01_DT0000205230-Z0134,10,133,-32768.0,,unavailable in GeoTIFF/XML artifact; band index reported
scene_01_DT0000205230-Z0134,10,134,-32768.0,,unavailable in GeoTIFF/XML artifact; band index reported
scene_01_DT0000205230-Z0134,10,135,-32768.0,,unavailable in GeoTIFF/XML artifact; band index reported
scene_01_DT0000205230-Z0134,10,136,4816.68017578125,,unavailable in GeoTIFF/XML artifact; band index reported
scene_01_DT0000205230-Z0134,10,137,4631.0400390625,2058.245710828859,unavailable in GeoTIFF/XML artifact; band index reported
scene_01_DT0000205230-Z0134,10,138,4709.35986328125,,unavailable in GeoTIFF/XML artifact; band index reported
scene_01_DT0000205230-Z0134,10,139,4698.2001953125,,unavailable in GeoTIFF/XML artifact; band index reported
scene_01_DT0000205230-Z0134,10,140,4781.47998046875,,unavailable in GeoTIFF/XML artifact; band index reported
scene_01_DT0000205230-Z0134,10,141,5005.919921875,,unavailable in GeoTIFF/XML artifact; band index reported
scene_01_DT0000205230-Z0134,10,142,5211.080078125,,unavailable in GeoTIFF/XML artifact; band index reported
scene_01_DT0000205230-Z0134,10,143,5372.919921875,,unavailable in GeoTIFF/XML artifact; band index reported
scene_01_DT0000205230-Z0134,10,144,5528.72021484375,2080.945566339755,unavailable in GeoTIFF/XML artifact; band index reported
scene_01_DT0000205230-Z0134,10,145,5684.31982421875,,unavailable in GeoTIFF/XML artifact; band index reported
scene_01_DT0000205230-Z0134,10,146,5796.35986328125,,unavailable in GeoTIFF/XML artifact; band index reported
scene_01_DT0000205230-Z0134,10,147,5944.16015625,,unavailable in GeoTIFF/XML artifact; band index reported
scene_01_DT0000205230-Z0134,10,148,6030.64013671875,,unavailable in GeoTIFF/XML artifact; band index reported
scene_01_DT0000205230-Z0134,10,149,6091.0,,unavailable in GeoTIFF/XML artifact; band index reported
scene_01_DT0000205230-Z0134,10,150,6195.2001953125,,unavailable in GeoTIFF/XML artifact; band index reported
scene_01_DT0000205230-Z0134,10,151,6242.60009765625,,unavailable in GeoTIFF/XML artifact; band index reported
scene_01_DT0000205230-Z0134,10,152,6269.0400390625,2584.3016073811323,unavailable in GeoTIFF/XML artifact; band index reported
scene_01_DT0000205230-Z0134,10,153,6299.240234375,,unavailable in GeoTIFF/XML artifact; band index reported
scene_01_DT0000205230-Z0134,10,154,6358.31982421875,,unavailable in GeoTIFF/XML artifact; band index reported
scene_01_DT0000205230-Z0134,10,155,6368.919921875,,unavailable in GeoTIFF/XML artifact; band index reported
scene_01_DT0000205230-Z0134,10,156,6404.43994140625,,unavailable in GeoTIFF/XML artifact; band index reported
scene_01_DT0000205230-Z0134,10,157,6419.759765625,,unavailable in GeoTIFF/XML artifact; band index reported
scene_01_DT0000205230-Z0134,10,158,6423.9599609375,,unavailable in GeoTIFF/XML artifact; band index reported
scene_01_DT0000205230-Z0134,10,159,6420.60009765625,2624.7136565158407,unavailable in GeoTIFF/XML artifact; band index reported
scene_01_DT0000205230-Z0134,10,160,6405.35986328125,,unavailable in GeoTIFF/XML artifact; band index reported
scene_01_DT0000205230-Z0134,10,161,6368.27978515625,,unavailable in GeoTIFF/XML artifact; band index reported
scene_01_DT0000205230-Z0134,10,162,6331.9599609375,,unavailable in GeoTIFF/XML artifact; band index reported
scene_01_DT0000205230-Z0134,10,163,6328.759765625,,unavailable in GeoTIFF/XML artifact; band index reported
scene_01_DT0000205230-Z0134,10,164,6201.72021484375,,unavailable in GeoTIFF/XML artifact; band index reported
scene_01_DT0000205230-Z0134,10,165,6166.47998046875,,unavailable in GeoTIFF/XML artifact; band index reported
scene_01_DT0000205230-Z0134,10,166,6067.43994140625,2489.936876681637,unavailable in GeoTIFF/XML artifact; band index reported
scene_01_DT0000205230-Z0134,10,167,2478.9599609375,,unavailable in GeoTIFF/XML artifact; band index reported
scene_01_DT0000205230-Z0134,10,168,2595.0,,unavailable in GeoTIFF/XML artifact; band index reported
scene_01_DT0000205230-Z0134,10,169,2771.760009765625,,unavailable in GeoTIFF/XML artifact; band index reported
scene_01_DT0000205230-Z0134,10,170,2665.159912109375,,unavailable in GeoTIFF/XML artifact; band index reported
scene_01_DT0000205230-Z0134,10,171,2877.280029296875,,unavailable in GeoTIFF/XML artifact; band index reported
scene_01_DT0000205230-Z0134,10,172,3149.0400390625,,unavailable in GeoTIFF/XML artifact; band index reported
scene_01_DT0000205230-Z0134,10,173,3478.719970703125,1061.9858491886037,unavailable in GeoTIFF/XML artifact; band index reported
scene_01_DT0000205230-Z0134,10,174,3620.52001953125,,unavailable in GeoTIFF/XML artifact; band index reported
scene_01_DT0000205230-Z0134,10,175,3798.9599609375,,unavailable in GeoTIFF/XML artifact; band index reported
scene_01_DT0000205230-Z0134,10,176,3825.280029296875,,unavailable in GeoTIFF/XML artifact; band index reported
scene_01_DT0000205230-Z0134,10,177,4098.52001953125,,unavailable in GeoTIFF/XML artifact; band index reported
scene_01_DT0000205230-Z0134,10,178,4299.27978515625,,unavailable in GeoTIFF/XML artifact; band index reported
scene_01_DT0000205230-Z0134,10,179,4493.2001953125,,unavailable in GeoTIFF/XML artifact; band index reported
scene_01_DT0000205230-Z0134,10,180,4568.16015625,1390.0855269078343,unavailable in GeoTIFF/XML artifact; band index reported
scene_01_DT0000205230-Z0134,10,181,4698.68017578125,,unavailable in GeoTIFF/XML artifact; band index reported
scene_01_DT0000205230-Z0134,10,182,4864.0,,unavailable in GeoTIFF/XML artifact; band index reported
scene_01_DT0000205230-Z0134,10,183,4997.39990234375,,unavailable in GeoTIFF/XML artifact; band index reported
scene_01_DT0000205230-Z0134,10,184,4944.39990234375,,unavailable in GeoTIFF/XML artifact; band index reported
scene_01_DT0000205230-Z0134,10,185,5131.2001953125,,unavailable in GeoTIFF/XML artifact; band index reported
scene_01_DT0000205230-Z0134,10,186,5248.31982421875,,unavailable in GeoTIFF/XML artifact; band index reported
scene_01_DT0000205230-Z0134,10,187,5214.2001953125,,unavailable in GeoTIFF/XML artifact; band index reported
scene_01_DT0000205230-Z0134,10,188,5238.0,1615.012412344073,unavailable in GeoTIFF/XML artifact; band index reported
scene_01_DT0000205230-Z0134,10,189,5284.759765625,,unavailable in GeoTIFF/XML artifact; band index reported
scene_01_DT0000205230-Z0134,10,190,5351.2001953125,,unavailable in GeoTIFF/XML artifact; band index reported
scene_01_DT0000205230-Z0134,10,191,5265.080078125,,unavailable in GeoTIFF/XML artifact; band index reported
scene_01_DT0000205230-Z0134,10,192,5351.31982421875,,unavailable in GeoTIFF/XML artifact; band index reported
scene_01_DT0000205230-Z0134,10,193,5309.9599609375,,unavailable in GeoTIFF/XML artifact; band index reported
scene_01_DT0000205230-Z0134,10,194,5437.47998046875,,unavailable in GeoTIFF/XML artifact; band index reported
scene_01_DT0000205230-Z0134,10,195,5444.8798828125,1714.134939921006,unavailable in GeoTIFF/XML artifact; band index reported
scene_01_DT0000205230-Z0134,10,196,5481.39990234375,,unavailable in GeoTIFF/XML artifact; band index reported
scene_01_DT0000205230-Z0134,10,197,5487.240234375,,unavailable in GeoTIFF/XML artifact; band index reported
scene_01_DT0000205230-Z0134,10,198,5444.240234375,,unavailable in GeoTIFF/XML artifact; band index reported
scene_01_DT0000205230-Z0134,10,199,5416.919921875,,unavailable in GeoTIFF/XML artifact; band index reported
scene_01_DT0000205230-Z0134,10,200,5403.56005859375,,unavailable in GeoTIFF/XML artifact; band index reported
scene_01_DT0000205230-Z0134,10,201,5365.43994140625,,unavailable in GeoTIFF/XML artifact; band index reported
scene_01_DT0000205230-Z0134,10,202,5318.240234375,1623.8421900371911,unavailable in GeoTIFF/XML artifact; band index reported
scene_01_DT0000205230-Z0134,10,203,5268.16015625,,unavailable in GeoTIFF/XML artifact; band index reported
scene_01_DT0000205230-Z0134,10,204,5146.2001953125,,unavailable in GeoTIFF/XML artifact; band index reported
scene_01_DT0000205230-Z0134,10,205,5078.16015625,,unavailable in GeoTIFF/XML artifact; band index reported
scene_01_DT0000205230-Z0134,10,206,5041.39990234375,,unavailable in GeoTIFF/XML artifact; band index reported
scene_01_DT0000205230-Z0134,10,207,4851.35986328125,,unavailable in GeoTIFF/XML artifact; band index reported
scene_01_DT0000205230-Z0134,10,208,4888.52001953125,,unavailable in GeoTIFF/XML artifact; band index reported
scene_01_DT0000205230-Z0134,10,209,4765.080078125,1409.4000839608805,unavailable in GeoTIFF/XML artifact; band index reported
scene_01_DT0000205230-Z0134,10,210,4616.8798828125,,unavailable in GeoTIFF/XML artifact; band index reported
scene_01_DT0000205230-Z0134,10,211,4541.0400390625,,unavailable in GeoTIFF/XML artifact; band index reported
scene_01_DT0000205230-Z0134,10,212,4555.759765625,,unavailable in GeoTIFF/XML artifact; band index reported
scene_01_DT0000205230-Z0134,10,213,4439.759765625,,unavailable in GeoTIFF/XML artifact; band index reported
scene_01_DT0000205230-Z0134,10,214,4306.68017578125,,unavailable in GeoTIFF/XML artifact; band index reported
scene_01_DT0000205230-Z0134,10,215,4257.31982421875,,unavailable in GeoTIFF/XML artifact; band index reported
scene_01_DT0000205230-Z0134,10,216,4184.080078125,1289.576248101925,unavailable in GeoTIFF/XML artifact; band index reported
scene_01_DT0000205230-Z0134,10,217,4074.56005859375,,unavailable in GeoTIFF/XML artifact; band index reported
scene_01_DT0000205230-Z0134,10,218,3940.639892578125,,unavailable in GeoTIFF/XML artifact; band index reported
scene_01_DT0000205230-Z0134,10,219,3882.43994140625,,unavailable in GeoTIFF/XML artifact; band index reported
scene_01_DT0000205230-Z0134,10,220,3738.47998046875,,unavailable in GeoTIFF/XML artifact; band index reported
scene_01_DT0000205230-Z0134,10,221,3741.360107421875,,unavailable in GeoTIFF/XML artifact; band index reported
scene_01_DT0000205230-Z0134,10,222,3525.840087890625,,unavailable in GeoTIFF/XML artifact; band index reported
scene_01_DT0000205230-Z0134,10,223,3652.760009765625,,unavailable in GeoTIFF/XML artifact; band index reported
scene_01_DT0000205230-Z0134,10,224,3310.320068359375,1179.1428435136806,unavailable in GeoTIFF/XML artifact; band index reported
