zone_id,scene,pixel_count,approx_area_m2,centroid_x,centroid_y,mean_risk,max_risk,median_risk,high_priority_pixel_pct,priority_category,threshold_type,recommendation,priority_rank
scene_01_DT0000205230-Z0022,scene_01_DT0000205230,10,9000.0,728202.0,9532866.0,2.717128276824951,3.2908852100372314,2.6317312717437744,100.0,HIGH PRIORITY,95th percentile prioritisation threshold,Spectral-stress evidence detected. Prioritise field inspection to determine the underlying cause. Field verification required.,1
scene_01_DT0000205230-Z0122,scene_01_DT0000205230,11,9900.0,740138.1818181818,9526213.636363637,2.5776560306549072,3.127458095550537,2.6268868446350098,100.0,HIGH PRIORITY,95th percentile prioritisation threshold,Spectral-stress evidence detected. Prioritise field inspection to determine the underlying cause. Field verification required.,2
scene_01_DT0000205230-Z0072,scene_01_DT0000205230,13,11700.0,735120.0,9528553.846153846,2.5445127487182617,3.077298402786255,2.544114112854004,100.0,HIGH PRIORITY,95th percentile prioritisation threshold,Spectral-stress evidence detected. Prioritise field inspection to determine the underlying cause. Field verification required.,3
scene_01_DT0000205230-Z0002,scene_01_DT0000205230,10,9000.0,715821.0,9536091.0,2.536958932876587,3.2153496742248535,2.5040388107299805,100.0,HIGH PRIORITY,95th percentile prioritisation threshold,Spectral-stress evidence detected. Prioritise field inspection to determine the underlying cause. Field verification required.,4
scene_01_DT0000205230-Z0013,scene_01_DT0000205230,23,20700.0,717271.304347826,9534083.47826087,2.4637627601623535,3.0087697505950928,2.4170033931732178,100.0,HIGH PRIORITY,95th percentile prioritisation threshold,Spectral-stress evidence detected. Prioritise field inspection to determine the underlying cause. Field verification required.,5
scene_01_DT0000205230-Z0050,scene_01_DT0000205230,16,14400.0,735823.125,9530083.125,2.4310860633850098,2.9611592292785645,2.461364507675171,100.0,HIGH PRIORITY,95th percentile prioritisation threshold,Spectral-stress evidence detected. Prioritise field inspection to determine the underlying cause. Field verification required.,6
scene_01_DT0000205230-Z0039,scene_01_DT0000205230,20,18000.0,732523.5,9531316.5,2.424527168273926,3.0933804512023926,2.4120545387268066,100.0,HIGH PRIORITY,95th percentile prioritisation threshold,Spectral-stress evidence detected. Prioritise field inspection to determine the underlying cause. Field verification required.,7
scene_01_DT0000205230-Z0104,scene_01_DT0000205230,132,118800.0,714036.8181818182,9526899.318181818,2.401765823364258,3.021580457687378,2.3839313983917236,100.0,HIGH PRIORITY,95th percentile prioritisation threshold,Spectral-stress evidence detected. Prioritise field inspection to determine the underlying cause. Field verification required.,8
scene_01_DT0000205230-Z0203,scene_01_DT0000205230,683,614700.0,721225.1244509517,9522525.41727672,2.3804948329925537,3.318229913711548,2.3118293285369873,100.0,HIGH PRIORITY,95th percentile prioritisation threshold,Spectral-stress evidence detected. Prioritise field inspection to determine the underlying cause. Field verification required.,9
scene_01_DT0000205230-Z0134,scene_01_DT0000205230,862,775800.0,721090.3712296984,9524752.656612528,2.3679490089416504,3.37320613861084,2.333375930786133,100.0,HIGH PRIORITY,95th percentile prioritisation threshold,Spectral-stress evidence detected. Prioritise field inspection to determine the underlying cause. Field verification required.,10
scene_01_DT0000205230-Z0345,scene_01_DT0000205230,1245,1120500.0,736658.8192771084,9516129.060240963,2.3560056686401367,3.2883694171905518,2.3095505237579346,100.0,HIGH PRIORITY,95th percentile prioritisation threshold,Spectral-stress evidence detected. Prioritise field inspection to determine the underlying cause. Field verification required.,11
scene_01_DT0000205230-Z0119,scene_01_DT0000205230,25,22500.0,737275.2,9526549.2,2.3500967025756836,2.986786365509033,2.2403223514556885,100.0,HIGH PRIORITY,95th percentile prioritisation threshold,Spectral-stress evidence detected. Prioritise field inspection to determine the underlying cause. Field verification required.,12
scene_01_DT0000205230-Z0311,scene_01_DT0000205230,405,364500.0,738915.8518518518,9517893.481481481,2.348823070526123,3.076622247695923,2.2818310260772705,100.0,HIGH PRIORITY,95th percentile prioritisation threshold,Spectral-stress evidence detected. Prioritise field inspection to determine the underlying cause. Field verification required.,13
scene_01_DT0000205230-Z0290,scene_01_DT0000205230,10,9000.0,712344.0,9519225.0,2.344525098800659,2.8800106048583984,2.3308308124542236,100.0,HIGH PRIORITY,95th percentile prioritisation threshold,Spectral-stress evidence detected. Prioritise field inspection to determine the underlying cause. Field verification required.,14
scene_01_DT0000205230-Z0277,scene_01_DT0000205230,189,170100.0,721465.3968253968,9519646.825396825,2.343539237976074,3.0279669761657715,2.355363368988037,100.0,HIGH PRIORITY,95th percentile prioritisation threshold,Spectral-stress evidence detected. Prioritise field inspection to determine the underlying cause. Field verification required.,15
scene_01_DT0000205230-Z0132,scene_01_DT0000205230,235,211500.0,724249.914893617,9525099.829787234,2.330458402633667,3.043844223022461,2.298544406890869,100.0,HIGH PRIORITY,95th percentile prioritisation threshold,Spectral-stress evidence detected. Prioritise field inspection to determine the underlying cause. Field verification required.,16
scene_01_DT0000205230-Z0123,scene_01_DT0000205230,413,371700.0,726956.5133171913,9525692.54237288,2.3206145763397217,3.096292018890381,2.296187162399292,100.0,HIGH PRIORITY,95th percentile prioritisation threshold,Spectral-stress evidence detected. Prioritise field inspection to determine the underlying cause. Field verification required.,17
scene_01_DT0000205230-Z0154,scene_01_DT0000205230,877,789300.0,728548.4264538198,9524145.632839225,2.320009231567383,3.031712532043457,2.3122832775115967,100.0,HIGH PRIORITY,95th percentile prioritisation threshold,Spectral-stress evidence detected. Prioritise field inspection to determine the underlying cause. Field verification required.,18
scene_01_DT0000205230-Z0128,scene_01_DT0000205230,780,702000.0,714027.3846153846,9525139.538461538,2.319589138031006,3.162278890609741,2.2536144256591797,100.0,HIGH PRIORITY,95th percentile prioritisation threshold,Spectral-stress evidence detected. Prioritise field inspection to determine the underlying cause. Field verification required.,19
scene_01_DT0000205230-Z0114,scene_01_DT0000205230,334,300600.0,723915.0898203593,9526343.532934131,2.3147828578948975,3.0152835845947266,2.271329879760742,100.0,HIGH PRIORITY,95th percentile prioritisation threshold,Spectral-stress evidence detected. Prioritise field inspection to determine the underlying cause. Field verification required.,20
scene_01_DT0000205230-Z0313,scene_01_DT0000205230,313,281700.0,718068.1150159744,9517986.61341853,2.311567544937134,2.8496739864349365,2.2903823852539062,100.0,HIGH PRIORITY,95th percentile prioritisation threshold,Spectral-stress evidence detected. Prioritise field inspection to determine the underlying cause. Field verification required.,21
scene_01_DT0000205230-Z0265,scene_01_DT0000205230,1159,1043100.0,742260.1553062985,9519856.100086281,2.311138868331909,3.068986654281616,2.2764554023742676,100.0,HIGH PRIORITY,95th percentile prioritisation threshold,Spectral-stress evidence detected. Prioritise field inspection to determine the underlying cause. Field verification required.,22
scene_01_DT0000205230-Z0288,scene_01_DT0000205230,774,696600.0,719415.6589147287,9518848.178294573,2.3060426712036133,3.143204689025879,2.266619920730591,100.0,HIGH PRIORITY,95th percentile prioritisation threshold,Spectral-stress evidence detected. Prioritise field inspection to determine the underlying cause. Field verification required.,23
scene_01_DT0000205230-Z0085,scene_01_DT0000205230,197,177300.0,720197.8172588833,9527790.913705584,2.30346941947937,3.0103700160980225,2.2896132469177246,100.0,HIGH PRIORITY,95th percentile prioritisation threshold,Spectral-stress evidence detected. Prioritise field inspection to determine the underlying cause. Field verification required.,24
scene_01_DT0000205230-Z0056,scene_01_DT0000205230,294,264600.0,724595.2040816327,9529386.836734693,2.3014028072357178,2.8059918880462646,2.3163437843322754,100.0,HIGH PRIORITY,95th percentile prioritisation threshold,Spectral-stress evidence detected. Prioritise field inspection to determine the underlying cause. Field verification required.,25
scene_01_DT0000205230-Z0340,scene_01_DT0000205230,487,438300.0,727879.7125256674,9516740.266940452,2.2892980575561523,2.992126941680908,2.2688679695129395,100.0,HIGH PRIORITY,95th percentile prioritisation threshold,Spectral-stress evidence detected. Prioritise field inspection to determine the underlying cause. Field verification required.,26
scene_01_DT0000205230-Z0369,scene_01_DT0000205230,109,98100.0,722444.0366972478,9515364.220183486,2.273289203643799,2.8860652446746826,2.2708537578582764,100.0,HIGH PRIORITY,95th percentile prioritisation threshold,Spectral-stress evidence detected. Prioritise field inspection to determine the underlying cause. Field verification required.,27
scene_01_DT0000205230-Z0310,scene_01_DT0000205230,109,98100.0,719775.4128440367,9518313.57798165,2.269429922103882,2.9280428886413574,2.2449798583984375,100.0,HIGH PRIORITY,95th percentile prioritisation threshold,Spectral-stress evidence detected. Prioritise field inspection to determine the underlying cause. Field verification required.,28
scene_01_DT0000205230-Z0276,scene_01_DT0000205230,1263,1136700.0,741296.1757719715,9519057.00712589,2.266979455947876,3.2576375007629395,2.2090883255004883,100.0,HIGH PRIORITY,95th percentile prioritisation threshold,Spectral-stress evidence detected. Prioritise field inspection to determine the underlying cause. Field verification required.,29
scene_01_DT0000205230-Z0086,scene_01_DT0000205230,401,360900.0,724202.319201995,9527672.7680798,2.2665629386901855,2.9825785160064697,2.2068047523498535,100.0,HIGH PRIORITY,95th percentile prioritisation threshold,Spectral-stress evidence detected. Prioritise field inspection to determine the underlying cause. Field verification required.,30
scene_01_DT0000205230-Z0166,scene_01_DT0000205230,160,144000.0,717442.875,9523868.25,2.264573335647583,3.0941765308380127,2.201140880584717,100.0,HIGH PRIORITY,95th percentile prioritisation threshold,Spectral-stress evidence detected. Prioritise field inspection to determine the underlying cause. Field verification required.,31
scene_01_DT0000205230-Z0237,scene_01_DT0000205230,656,590400.0,738259.893292683,9520786.509146342,2.2563517093658447,3.3805465698242188,2.193403959274292,100.0,HIGH PRIORITY,95th percentile prioritisation threshold,Spectral-stress evidence detected. Prioritise field inspection to determine the underlying cause. Field verification required.,32
scene_01_DT0000205230-Z0211,scene_01_DT0000205230,125,112500.0,720234.0,9522426.72,2.252890110015869,2.901214838027954,2.2145302295684814,100.0,HIGH PRIORITY,95th percentile prioritisation threshold,Spectral-stress evidence detected. Prioritise field inspection to determine the underlying cause. Field verification required.,33
scene_01_DT0000205230-Z0246,scene_01_DT0000205230,375,337500.0,731461.2,9520725.84,2.243881940841675,2.9105989933013916,2.200035333633423,100.0,HIGH PRIORITY,95th percentile prioritisation threshold,Spectral-stress evidence detected. Prioritise field inspection to determine the underlying cause. Field verification required.,34
scene_01_DT0000205230-Z0321,scene_01_DT0000205230,366,329400.0,737369.0163934426,9517446.393442623,2.2416329383850098,2.8152520656585693,2.255197048187256,100.0,HIGH PRIORITY,95th percentile prioritisation threshold,Spectral-stress evidence detected. Prioritise field inspection to determine the underlying cause. Field verification required.,35
scene_01_DT0000205230-Z0138,scene_01_DT0000205230,105,94500.0,717403.1428571428,9524988.285714285,2.2406222820281982,2.67122220993042,2.2454285621643066,100.0,HIGH PRIORITY,95th percentile prioritisation threshold,Spectral-stress evidence detected. Prioritise field inspection to determine the underlying cause. Field verification required.,36
scene_01_DT0000205230-Z0348,scene_01_DT0000205230,68,61200.0,717330.0,9516788.823529411,2.2390642166137695,2.7199976444244385,2.2242462635040283,100.0,HIGH PRIORITY,95th percentile prioritisation threshold,Spectral-stress evidence detected. Prioritise field inspection to determine the underlying cause. Field verification required.,37
scene_01_DT0000205230-Z0142,scene_01_DT0000205230,881,792900.0,717492.9738933031,9524498.751418842,2.238950252532959,3.2238950729370117,2.195585250854492,100.0,HIGH PRIORITY,95th percentile prioritisation threshold,Spectral-stress evidence detected. Prioritise field inspection to determine the underlying cause. Field verification required.,38
scene_01_DT0000205230-Z0247,scene_01_DT0000205230,314,282600.0,726398.9808917197,9520698.630573248,2.2384426593780518,2.9493753910064697,2.2045068740844727,100.0,HIGH PRIORITY,95th percentile prioritisation threshold,Spectral-stress evidence detected. Prioritise field inspection to determine the underlying cause. Field verification required.,39
scene_01_DT0000205230-Z0053,scene_01_DT0000205230,1595,1435500.0,716226.2445141065,9529253.115987461,2.238072156906128,3.068519353866577,2.2173497676849365,100.0,HIGH PRIORITY,95th percentile prioritisation threshold,Spectral-stress evidence detected. Prioritise field inspection to determine the underlying cause. Field verification required.,40
scene_01_DT0000205230-Z0101,scene_01_DT0000205230,89,80100.0,715844.8314606742,9527063.258426966,2.237992286682129,2.6197574138641357,2.239522933959961,100.0,HIGH PRIORITY,95th percentile prioritisation threshold,Spectral-stress evidence detected. Prioritise field inspection to determine the underlying cause. Field verification required.,41
scene_01_DT0000205230-Z0170,scene_01_DT0000205230,45,40500.0,733524.0,9523854.666666666,2.2321457862854004,2.752642869949341,2.236013174057007,100.0,HIGH PRIORITY,95th percentile prioritisation threshold,Spectral-stress evidence detected. Prioritise field inspection to determine the underlying cause. Field verification required.,42
scene_01_DT0000205230-Z0253,scene_01_DT0000205230,126,113400.0,739835.4761904762,9520780.476190476,2.2248756885528564,2.6777126789093018,2.212085485458374,100.0,HIGH PRIORITY,95th percentile prioritisation threshold,Spectral-stress evidence detected. Prioritise field inspection to determine the underlying cause. Field verification required.,43
scene_01_DT0000205230-Z0372,scene_01_DT0000205230,283,254700.0,729361.1660777385,9514932.93286219,2.2165169715881348,2.7610199451446533,2.215515375137329,100.0,HIGH PRIORITY,95th percentile prioritisation threshold,Spectral-stress evidence detected. Prioritise field inspection to determine the underlying cause. Field verification required.,44
scene_01_DT0000205230-Z0023,scene_01_DT0000205230,10,9000.0,726600.0,9532773.0,2.2113165855407715,2.478872776031494,2.176034450531006,100.0,HIGH PRIORITY,95th percentile prioritisation threshold,Spectral-stress evidence detected. Prioritise field inspection to determine the underlying cause. Field verification required.,45
scene_01_DT0000205230-Z0359,scene_01_DT0000205230,162,145800.0,728135.5555555555,9515888.888888888,2.210880994796753,2.7501981258392334,2.1458816528320312,100.0,HIGH PRIORITY,95th percentile prioritisation threshold,Spectral-stress evidence detected. Prioritise field inspection to determine the underlying cause. Field verification required.,46
scene_01_DT0000205230-Z0271,scene_01_DT0000205230,257,231300.0,737018.7548638133,9519847.704280155,2.2098007202148438,2.7271435260772705,2.220665693283081,100.0,HIGH PRIORITY,95th percentile prioritisation threshold,Spectral-stress evidence detected. Prioritise field inspection to determine the underlying cause. Field verification required.,47
scene_01_DT0000205230-Z0227,scene_01_DT0000205230,399,359100.0,736802.1052631579,9521619.2481203,2.2082064151763916,2.834946632385254,2.1641428470611572,100.0,HIGH PRIORITY,95th percentile prioritisation threshold,Spectral-stress evidence detected. Prioritise field inspection to determine the underlying cause. Field verification required.,48
scene_01_DT0000205230-Z0318,scene_01_DT0000205230,542,487800.0,738102.9520295203,9517694.612546125,2.1991450786590576,2.7629683017730713,2.191648483276367,100.0,HIGH PRIORITY,95th percentile prioritisation threshold,Spectral-stress evidence detected. Prioritise field inspection to determine the underlying cause. Field verification required.,49
scene_01_DT0000205230-Z0251,scene_01_DT0000205230,44,39600.0,730863.4090909091,9520898.181818182,2.1990299224853516,2.604868173599243,2.2117464542388916,100.0,HIGH PRIORITY,95th percentile prioritisation threshold,Spectral-stress evidence detected. Prioritise field inspection to determine the underlying cause. Field verification required.,50
scene_01_DT0000205230-Z0030,scene_01_DT0000205230,1021,918900.0,726574.1136141039,9531424.58374143,2.197680711746216,2.9396708011627197,2.1301095485687256,100.0,HIGH PRIORITY,95th percentile prioritisation threshold,Spectral-stress evidence detected. Prioritise field inspection to determine the underlying cause. Field verification required.,51
scene_01_DT0000205230-Z0236,scene_01_DT0000205230,358,322200.0,742105.4748603352,9521058.603351956,2.1951050758361816,2.777695894241333,2.15604305267334,100.0,HIGH PRIORITY,95th percentile prioritisation threshold,Spectral-stress evidence detected. Prioritise field inspection to determine the underlying cause. Field verification required.,52
scene_01_DT0000205230-Z0249,scene_01_DT0000205230,28,25200.0,740730.0,9520982.142857144,2.1942012310028076,2.626824378967285,2.1678082942962646,100.0,HIGH PRIORITY,95th percentile prioritisation threshold,Spectral-stress evidence detected. Prioritise field inspection to determine the underlying cause. Field verification required.,53
scene_01_DT0000205230-Z0097,scene_01_DT0000205230,99,89100.0,723594.5454545454,9527076.969696969,2.1926326751708984,2.743945360183716,2.149573802947998,100.0,HIGH PRIORITY,95th percentile prioritisation threshold,Spectral-stress evidence detected. Prioritise field inspection to determine the underlying cause. Field verification required.,54
scene_01_DT0000205230-Z0238,scene_01_DT0000205230,391,351900.0,727409.7698209719,9520980.767263427,2.192289352416992,2.901120662689209,2.173855781555176,100.0,HIGH PRIORITY,95th percentile prioritisation threshold,Spectral-stress evidence detected. Prioritise field inspection to determine the underlying cause. Field verification required.,55
scene_01_DT0000205230-Z0262,scene_01_DT0000205230,101,90900.0,721619.1089108911,9520235.346534653,2.1918575763702393,2.6635942459106445,2.156989336013794,100.0,HIGH PRIORITY,95th percentile prioritisation threshold,Spectral-stress evidence detected. Prioritise field inspection to determine the underlying cause. Field verification required.,56
scene_01_DT0000205230-Z0235,scene_01_DT0000205230,129,116100.0,738861.6279069767,9521216.511627907,2.190565586090088,2.790346384048462,2.116396903991699,100.0,HIGH PRIORITY,95th percentile prioritisation threshold,Spectral-stress evidence detected. Prioritise field inspection to determine the underlying cause. Field verification required.,57
scene_01_DT0000205230-Z0272,scene_01_DT0000205230,89,80100.0,718457.8651685393,9519934.719101124,2.188587188720703,2.508100748062134,2.20205020904541,100.0,HIGH PRIORITY,95th percentile prioritisation threshold,Spectral-stress evidence detected. Prioritise field inspection to determine the underlying cause. Field verification required.,58
scene_01_DT0000205230-Z0153,scene_01_DT0000205230,58,52200.0,724854.3103448276,9524518.965517242,2.1885409355163574,2.641974925994873,2.14984393119812,100.0,HIGH PRIORITY,95th percentile prioritisation threshold,Spectral-stress evidence detected. Prioritise field inspection to determine the underlying cause. Field verification required.,59
scene_01_DT0000205230-Z0177,scene_01_DT0000205230,616,554400.0,734304.7402597403,9523070.503246753,2.188123941421509,2.852994441986084,2.1431660652160645,100.0,HIGH PRIORITY,95th percentile prioritisation threshold,Spectral-stress evidence detected. Prioritise field inspection to determine the underlying cause. Field verification required.,60
scene_01_DT0000205230-Z0062,scene_01_DT0000205230,245,220500.0,722039.7551020408,9528977.387755102,2.1878488063812256,2.8078999519348145,2.155240535736084,100.0,HIGH PRIORITY,95th percentile prioritisation threshold,Spectral-stress evidence detected. Prioritise field inspection to determine the underlying cause. Field verification required.,61
scene_01_DT0000205230-Z0107,scene_01_DT0000205230,216,194400.0,719069.4444444445,9526635.416666666,2.1866419315338135,2.645375967025757,2.163923501968384,100.0,HIGH PRIORITY,95th percentile prioritisation threshold,Spectral-stress evidence detected. Prioritise field inspection to determine the underlying cause. Field verification required.,62
scene_01_DT0000205230-Z0193,scene_01_DT0000205230,286,257400.0,728616.6083916083,9523005.944055945,2.1855132579803467,2.729900360107422,2.184910297393799,100.0,HIGH PRIORITY,95th percentile prioritisation threshold,Spectral-stress evidence detected. Prioritise field inspection to determine the underlying cause. Field verification required.,63
scene_01_DT0000205230-Z0370,scene_01_DT0000205230,76,68400.0,716110.6578947369,9515260.657894736,2.1837470531463623,2.7017812728881836,2.1300244331359863,100.0,HIGH PRIORITY,95th percentile prioritisation threshold,Spectral-stress evidence detected. Prioritise field inspection to determine the underlying cause. Field verification required.,64
scene_01_DT0000205230-Z0106,scene_01_DT0000205230,469,422100.0,731185.4584221748,9526574.584221749,2.182847261428833,2.7656614780426025,2.158872365951538,100.0,HIGH PRIORITY,95th percentile prioritisation threshold,Spectral-stress evidence detected. Prioritise field inspection to determine the underlying cause. Field verification required.,65
scene_01_DT0000205230-Z0289,scene_01_DT0000205230,156,140400.0,740204.8076923077,9519009.038461538,2.1810576915740967,2.6020219326019287,2.1725268363952637,100.0,HIGH PRIORITY,95th percentile prioritisation threshold,Spectral-stress evidence detected. Prioritise field inspection to determine the underlying cause. Field verification required.,66
scene_01_DT0000205230-Z0224,scene_01_DT0000205230,169,152100.0,713419.5266272189,9521960.059171598,2.175929307937622,2.6117565631866455,2.140660524368286,100.0,HIGH PRIORITY,95th percentile prioritisation threshold,Spectral-stress evidence detected. Prioritise field inspection to determine the underlying cause. Field verification required.,67
scene_01_DT0000205230-Z0117,scene_01_DT0000205230,9,8100.0,713870.0,9526546.666666666,2.1753861904144287,2.3767526149749756,2.125941514968872,100.0,HIGH PRIORITY,95th percentile prioritisation threshold,Spectral-stress evidence detected. Prioritise field inspection to determine the underlying cause. Field verification required.,68
scene_01_DT0000205230-Z0167,scene_01_DT0000205230,156,140400.0,714326.1538461539,9523830.961538462,2.1701033115386963,2.680575132369995,2.124638319015503,100.0,HIGH PRIORITY,95th percentile prioritisation threshold,Spectral-stress evidence detected. Prioritise field inspection to determine the underlying cause. Field verification required.,69
scene_01_DT0000205230-Z0125,scene_01_DT0000205230,110,99000.0,718107.5454545454,9525765.818181818,2.167437791824341,2.64178466796875,2.144406318664551,100.0,HIGH PRIORITY,95th percentile prioritisation threshold,Spectral-stress evidence detected. Prioritise field inspection to determine the underlying cause. Field verification required.,70
scene_01_DT0000205230-Z0291,scene_01_DT0000205230,39,35100.0,722612.3076923077,9519133.076923076,2.166938066482544,2.4739558696746826,2.181914806365967,100.0,HIGH PRIORITY,95th percentile prioritisation threshold,Spectral-stress evidence detected. Prioritise field inspection to determine the underlying cause. Field verification required.,71
scene_01_DT0000205230-Z0136,scene_01_DT0000205230,557,501300.0,736324.1472172352,9524645.601436265,2.1620681285858154,2.817750930786133,2.136425256729126,100.0,HIGH PRIORITY,95th percentile prioritisation threshold,Spectral-stress evidence detected. Prioritise field inspection to determine the underlying cause. Field verification required.,72
scene_01_DT0000205230-Z0161,scene_01_DT0000205230,1128,1015200.0,713475.664893617,9523162.765957447,2.159794569015503,2.8254449367523193,2.1314120292663574,100.0,HIGH PRIORITY,95th percentile prioritisation threshold,Spectral-stress evidence detected. Prioritise field inspection to determine the underlying cause. Field verification required.,73
scene_01_DT0000205230-Z0285,scene_01_DT0000205230,857,771300.0,736894.4807467911,9518630.093348892,2.158693313598633,2.8212616443634033,2.105388879776001,100.0,HIGH PRIORITY,95th percentile prioritisation threshold,Spectral-stress evidence detected. Prioritise field inspection to determine the underlying cause. Field verification required.,74
scene_01_DT0000205230-Z0307,scene_01_DT0000205230,521,468900.0,729252.3800383877,9518111.746641075,2.1584861278533936,2.8324601650238037,2.1152753829956055,100.0,HIGH PRIORITY,95th percentile prioritisation threshold,Spectral-stress evidence detected. Prioritise field inspection to determine the underlying cause. Field verification required.,75
scene_01_DT0000205230-Z0033,scene_01_DT0000205230,444,399600.0,721902.6351351351,9531188.378378378,2.1579806804656982,2.6633808612823486,2.124966859817505,100.0,HIGH PRIORITY,95th percentile prioritisation threshold,Spectral-stress evidence detected. Prioritise field inspection to determine the underlying cause. Field verification required.,76
scene_01_DT0000205230-Z0218,scene_01_DT0000205230,34,30600.0,728743.2352941176,9522218.823529411,2.155241012573242,2.611607551574707,2.1251797676086426,100.0,HIGH PRIORITY,95th percentile prioritisation threshold,Spectral-stress evidence detected. Prioritise field inspection to determine the underlying cause. Field verification required.,77
scene_01_DT0000205230-Z0264,scene_01_DT0000205230,262,235800.0,721097.9770992367,9520235.152671756,2.153627634048462,2.6326775550842285,2.1283154487609863,100.0,HIGH PRIORITY,95th percentile prioritisation threshold,Spectral-stress evidence detected. Prioritise field inspection to determine the underlying cause. Field verification required.,78
scene_01_DT0000205230-Z0206,scene_01_DT0000205230,37,33300.0,722088.6486486486,9522753.243243244,2.1517691612243652,2.4914302825927734,2.1446914672851562,100.0,HIGH PRIORITY,95th percentile prioritisation threshold,Spectral-stress evidence detected. Prioritise field inspection to determine the underlying cause. Field verification required.,79
scene_01_DT0000205230-Z0256,scene_01_DT0000205230,73,65700.0,739474.9315068494,9520620.410958905,2.1516802310943604,2.651064872741699,2.113621473312378,100.0,HIGH PRIORITY,95th percentile prioritisation threshold,Spectral-stress evidence detected. Prioritise field inspection to determine the underlying cause. Field verification required.,80
scene_01_DT0000205230-Z0126,scene_01_DT0000205230,54,48600.0,718527.2222222222,9525820.0,2.1515989303588867,2.644012928009033,2.091506004333496,100.0,HIGH PRIORITY,95th percentile prioritisation threshold,Spectral-stress evidence detected. Prioritise field inspection to determine the underlying cause. Field verification required.,81
scene_01_DT0000205230-Z0028,scene_01_DT0000205230,302,271800.0,715213.1125827815,9531925.72847682,2.1514761447906494,2.620917558670044,2.14192533493042,100.0,HIGH PRIORITY,95th percentile prioritisation threshold,Spectral-stress evidence detected. Prioritise field inspection to determine the underlying cause. Field verification required.,82
scene_01_DT0000205230-Z0210,scene_01_DT0000205230,277,249300.0,718290.8664259928,9522443.285198556,2.150296688079834,2.6273579597473145,2.133580207824707,100.0,HIGH PRIORITY,95th percentile prioritisation threshold,Spectral-stress evidence detected. Prioritise field inspection to determine the underlying cause. Field verification required.,83
scene_01_DT0000205230-Z0351,scene_01_DT0000205230,72,64800.0,724125.4166666666,9516651.666666666,2.1495087146759033,2.5804107189178467,2.1223154067993164,100.0,HIGH PRIORITY,95th percentile prioritisation threshold,Spectral-stress evidence detected. Prioritise field inspection to determine the underlying cause. Field verification required.,84
scene_01_DT0000205230-Z0054,scene_01_DT0000205230,242,217800.0,717830.826446281,9529452.396694215,2.1472549438476562,2.5988337993621826,2.1330947875976562,100.0,HIGH PRIORITY,95th percentile prioritisation threshold,Spectral-stress evidence detected. Prioritise field inspection to determine the underlying cause. Field verification required.,85
scene_01_DT0000205230-Z0260,scene_01_DT0000205230,61,54900.0,742002.7868852459,9520610.655737706,2.146620750427246,2.4201738834381104,2.1741273403167725,100.0,HIGH PRIORITY,95th percentile prioritisation threshold,Spectral-stress evidence detected. Prioritise field inspection to determine the underlying cause. Field verification required.,86
scene_01_DT0000205230-Z0229,scene_01_DT0000205230,62,55800.0,739630.1612903225,9521702.903225806,2.146083354949951,2.3547427654266357,2.170808792114258,100.0,HIGH PRIORITY,95th percentile prioritisation threshold,Spectral-stress evidence detected. Prioritise field inspection to determine the underlying cause. Field verification required.,87
scene_01_DT0000205230-Z0163,scene_01_DT0000205230,316,284400.0,720561.4556962026,9523850.601265823,2.14479923248291,2.5912420749664307,2.1128134727478027,100.0,HIGH PRIORITY,95th percentile prioritisation threshold,Spectral-stress evidence detected. Prioritise field inspection to determine the underlying cause. Field verification required.,88
scene_01_DT0000205230-Z0135,scene_01_DT0000205230,192,172800.0,718199.6875,9525072.03125,2.1442368030548096,2.724949359893799,2.1143746376037598,100.0,HIGH PRIORITY,95th percentile prioritisation threshold,Spectral-stress evidence detected. Prioritise field inspection to determine the underlying cause. Field verification required.,89
scene_01_DT0000205230-Z0322,scene_01_DT0000205230,72,64800.0,720308.75,9517723.75,2.1415019035339355,2.570084810256958,2.103482246398926,100.0,HIGH PRIORITY,95th percentile prioritisation threshold,Spectral-stress evidence detected. Prioritise field inspection to determine the underlying cause. Field verification required.,90
scene_01_DT0000205230-Z0364,scene_01_DT0000205230,156,140400.0,727904.0384615385,9515497.307692308,2.1380772590637207,2.7489302158355713,2.0929031372070312,100.0,HIGH PRIORITY,95th percentile prioritisation threshold,Spectral-stress evidence detected. Prioritise field inspection to determine the underlying cause. Field verification required.,91
scene_01_DT0000205230-Z0100,scene_01_DT0000205230,103,92700.0,716444.5631067961,9527069.417475728,2.1367104053497314,2.587798833847046,2.1220178604125977,100.0,HIGH PRIORITY,95th percentile prioritisation threshold,Spectral-stress evidence detected. Prioritise field inspection to determine the underlying cause. Field verification required.,92
scene_01_DT0000205230-Z0405,scene_01_DT0000205230,162,145800.0,716005.5555555555,9508508.333333334,2.1342480182647705,2.6077768802642822,2.125330686569214,100.0,HIGH PRIORITY,95th percentile prioritisation threshold,Spectral-stress evidence detected. Prioritise field inspection to determine the underlying cause. Field verification required.,93
scene_01_DT0000205230-Z0192,scene_01_DT0000205230,82,73800.0,722312.1951219512,9523207.31707317,2.13285493850708,2.5493500232696533,2.1046018600463867,100.0,HIGH PRIORITY,95th percentile prioritisation threshold,Spectral-stress evidence detected. Prioritise field inspection to determine the underlying cause. Field verification required.,94
scene_01_DT0000205230-Z0046,scene_01_DT0000205230,317,285300.0,733276.1829652997,9529916.782334385,2.1315958499908447,2.569070816040039,2.120026111602783,100.0,HIGH PRIORITY,95th percentile prioritisation threshold,Spectral-stress evidence detected. Prioritise field inspection to determine the underlying cause. Field verification required.,95
scene_01_DT0000205230-Z0064,scene_01_DT0000205230,154,138600.0,715916.4935064935,9528763.441558441,2.12949275970459,2.5701820850372314,2.0986132621765137,100.0,HIGH PRIORITY,95th percentile prioritisation threshold,Spectral-stress evidence detected. Prioritise field inspection to determine the underlying cause. Field verification required.,96
scene_01_DT0000205230-Z0252,scene_01_DT0000205230,51,45900.0,736848.8235294118,9520863.529411765,2.1284101009368896,2.5123770236968994,2.1024909019470215,100.0,HIGH PRIORITY,95th percentile prioritisation threshold,Spectral-stress evidence detected. Prioritise field inspection to determine the underlying cause. Field verification required.,97
scene_01_DT0000205230-Z0315,scene_01_DT0000205230,40,36000.0,719480.25,9518124.0,2.128091812133789,2.449204444885254,2.1088390350341797,100.0,HIGH PRIORITY,95th percentile prioritisation threshold,Spectral-stress evidence detected. Prioritise field inspection to determine the underlying cause. Field verification required.,98
scene_01_DT0000205230-Z0092,scene_01_DT0000205230,246,221400.0,719942.0731707317,9527246.951219512,2.127030849456787,2.6621792316436768,2.10795259475708,100.0,HIGH PRIORITY,95th percentile prioritisation threshold,Spectral-stress evidence detected. Prioritise field inspection to determine the underlying cause. Field verification required.,99
scene_01_DT0000205230-Z0367,scene_01_DT0000205230,17,15300.0,716583.5294117647,9515585.294117646,2.126100540161133,2.3848564624786377,2.149646520614624,100.0,HIGH PRIORITY,95th percentile prioritisation threshold,Spectral-stress evidence detected. Prioritise field inspection to determine the underlying cause. Field verification required.,100
scene_01_DT0000205230-Z0259,scene_01_DT0000205230,104,93600.0,738974.1346153846,9520437.98076923,2.1246144771575928,2.5812058448791504,2.092827320098877,100.0,HIGH PRIORITY,95th percentile prioritisation threshold,Spectral-stress evidence detected. Prioritise field inspection to determine the underlying cause. Field verification required.,101
scene_01_DT0000205230-Z0112,scene_01_DT0000205230,96,86400.0,730552.1875,9526558.125,2.1234281063079834,2.3726694583892822,2.1257786750793457,100.0,HIGH PRIORITY,95th percentile prioritisation threshold,Spectral-stress evidence detected. Prioritise field inspection to determine the underlying cause. Field verification required.,102
scene_01_DT0000205230-Z0254,scene_01_DT0000205230,80,72000.0,735319.875,9520747.875,2.123278856277466,2.6962454319000244,2.0614242553710938,100.0,HIGH PRIORITY,95th percentile prioritisation threshold,Spectral-stress evidence detected. Prioritise field inspection to determine the underlying cause. Field verification required.,103
scene_01_DT0000205230-Z0362,scene_01_DT0000205230,86,77400.0,735725.9302325582,9515735.930232558,2.123263120651245,2.5112433433532715,2.1133522987365723,100.0,HIGH PRIORITY,95th percentile prioritisation threshold,Spectral-stress evidence detected. Prioritise field inspection to determine the underlying cause. Field verification required.,104
scene_01_DT0000205230-Z0176,scene_01_DT0000205230,151,135900.0,727237.3509933775,9523590.59602649,2.122105121612549,2.555236339569092,2.111548900604248,100.0,HIGH PRIORITY,95th percentile prioritisation threshold,Spectral-stress evidence detected. Prioritise field inspection to determine the underlying cause. Field verification required.,105
scene_01_DT0000205230-Z0266,scene_01_DT0000205230,344,309600.0,717705.6976744186,9520122.38372093,2.121164083480835,2.55306077003479,2.109987497329712,100.0,HIGH PRIORITY,95th percentile prioritisation threshold,Spectral-stress evidence detected. Prioritise field inspection to determine the underlying cause. Field verification required.,106
scene_01_DT0000205230-Z0296,scene_01_DT0000205230,138,124200.0,742460.6521739131,9518830.652173912,2.12009596824646,2.4915285110473633,2.1096620559692383,100.0,HIGH PRIORITY,95th percentile prioritisation threshold,Spectral-stress evidence detected. Prioritise field inspection to determine the underlying cause. Field verification required.,107
scene_01_DT0000205230-Z0347,scene_01_DT0000205230,139,125100.0,721716.2589928057,9516734.89208633,2.1197726726531982,2.4179484844207764,2.1032469272613525,100.0,HIGH PRIORITY,95th percentile prioritisation threshold,Spectral-stress evidence detected. Prioritise field inspection to determine the underlying cause. Field verification required.,108
scene_01_DT0000205230-Z0144,scene_01_DT0000205230,44,39600.0,724821.8181818182,9524875.227272727,2.1190154552459717,2.511573314666748,2.0907135009765625,100.0,HIGH PRIORITY,95th percentile prioritisation threshold,Spectral-stress evidence detected. Prioritise field inspection to determine the underlying cause. Field verification required.,109
scene_01_DT0000205230-Z0087,scene_01_DT0000205230,117,105300.0,725636.1538461539,9527832.051282052,2.1189281940460205,2.6104044914245605,2.0905873775482178,100.0,HIGH PRIORITY,95th percentile prioritisation threshold,Spectral-stress evidence detected. Prioritise field inspection to determine the underlying cause. Field verification required.,110
scene_01_DT0000205230-Z0336,scene_01_DT0000205230,397,357300.0,722156.4483627204,9517129.11838791,2.11832332611084,2.838031530380249,2.0653316974639893,100.0,HIGH PRIORITY,95th percentile prioritisation threshold,Spectral-stress evidence detected. Prioritise field inspection to determine the underlying cause. Field verification required.,111
scene_01_DT0000205230-Z0242,scene_01_DT0000205230,339,305100.0,737420.7964601769,9520674.07079646,2.118304491043091,2.5743472576141357,2.092287540435791,100.0,HIGH PRIORITY,95th percentile prioritisation threshold,Spectral-stress evidence detected. Prioritise field inspection to determine the underlying cause. Field verification required.,112
scene_01_DT0000205230-Z0212,scene_01_DT0000205230,184,165600.0,733665.1630434783,9522333.913043479,2.1182937622070312,2.57932186126709,2.0951015949249268,100.0,HIGH PRIORITY,95th percentile prioritisation threshold,Spectral-stress evidence detected. Prioritise field inspection to determine the underlying cause. Field verification required.,113
scene_01_DT0000205230-Z0250,scene_01_DT0000205230,231,207900.0,722432.077922078,9520754.415584415,2.1182236671447754,2.6596057415008545,2.0921807289123535,100.0,HIGH PRIORITY,95th percentile prioritisation threshold,Spectral-stress evidence detected. Prioritise field inspection to determine the underlying cause. Field verification required.,114
scene_01_DT0000205230-Z0366,scene_01_DT0000205230,9,8100.0,734806.6666666666,9515763.333333334,2.1166560649871826,2.242997884750366,2.1100661754608154,100.0,HIGH PRIORITY,95th percentile prioritisation threshold,Spectral-stress evidence detected. Prioritise field inspection to determine the underlying cause. Field verification required.,115
scene_01_DT0000205230-Z0279,scene_01_DT0000205230,453,407700.0,729162.9801324503,9519361.589403974,2.11010479927063,2.706242799758911,2.0780813694000244,100.0,HIGH PRIORITY,95th percentile prioritisation threshold,Spectral-stress evidence detected. Prioritise field inspection to determine the underlying cause. Field verification required.,116
scene_01_DT0000205230-Z0081,scene_01_DT0000205230,50,45000.0,724661.4,9528053.4,2.109893560409546,2.40824031829834,2.1218323707580566,100.0,HIGH PRIORITY,95th percentile prioritisation threshold,Spectral-stress evidence detected. Prioritise field inspection to determine the underlying cause. Field verification required.,117
scene_01_DT0000205230-Z0281,scene_01_DT0000205230,164,147600.0,725925.5487804879,9519394.93902439,2.109121561050415,2.4830522537231445,2.102198600769043,100.0,HIGH PRIORITY,95th percentile prioritisation threshold,Spectral-stress evidence detected. Prioritise field inspection to determine the underlying cause. Field verification required.,118
scene_01_DT0000205230-Z0332,scene_01_DT0000205230,390,351000.0,717750.0,9517265.384615384,2.108628511428833,2.6267192363739014,2.0772147178649902,100.0,HIGH PRIORITY,95th percentile prioritisation threshold,Spectral-stress evidence detected. Prioritise field inspection to determine the underlying cause. Field verification required.,119
scene_01_DT0000205230-Z0124,scene_01_DT0000205230,168,151200.0,723617.1428571428,9525810.0,2.1083996295928955,2.5099430084228516,2.1032824516296387,100.0,HIGH PRIORITY,95th percentile prioritisation threshold,Spectral-stress evidence detected. Prioritise field inspection to determine the underlying cause. Field verification required.,120
scene_01_DT0000205230-Z0029,scene_01_DT0000205230,295,265500.0,722251.9322033898,9532029.661016949,2.107698678970337,2.4587509632110596,2.086761236190796,100.0,HIGH PRIORITY,95th percentile prioritisation threshold,Spectral-stress evidence detected. Prioritise field inspection to determine the underlying cause. Field verification required.,121
scene_01_DT0000205230-Z0308,scene_01_DT0000205230,61,54900.0,740918.8524590164,9518394.590163935,2.1066441535949707,2.4337317943573,2.0909345149993896,100.0,HIGH PRIORITY,95th percentile prioritisation threshold,Spectral-stress evidence detected. Prioritise field inspection to determine the underlying cause. Field verification required.,122
scene_01_DT0000205230-Z0070,scene_01_DT0000205230,127,114300.0,723946.7716535433,9528410.787401576,2.106295347213745,2.553234577178955,2.110896348953247,100.0,HIGH PRIORITY,95th percentile prioritisation threshold,Spectral-stress evidence detected. Prioritise field inspection to determine the underlying cause. Field verification required.,123
scene_01_DT0000205230-Z0299,scene_01_DT0000205230,80,72000.0,727915.875,9518685.0,2.1054623126983643,2.404589891433716,2.0880746841430664,100.0,HIGH PRIORITY,95th percentile prioritisation threshold,Spectral-stress evidence detected. Prioritise field inspection to determine the underlying cause. Field verification required.,124
scene_01_DT0000205230-Z0152,scene_01_DT0000205230,110,99000.0,716278.6363636364,9524458.636363637,2.1051461696624756,2.417996883392334,2.095245361328125,100.0,HIGH PRIORITY,95th percentile prioritisation threshold,Spectral-stress evidence detected. Prioritise field inspection to determine the underlying cause. Field verification required.,125
scene_01_DT0000205230-Z0365,scene_01_DT0000205230,550,495000.0,734785.9090909091,9514968.545454545,2.103400707244873,2.632546901702881,2.0828866958618164,100.0,HIGH PRIORITY,95th percentile prioritisation threshold,Spectral-stress evidence detected. Prioritise field inspection to determine the underlying cause. Field verification required.,126
scene_01_DT0000205230-Z0355,scene_01_DT0000205230,39,35100.0,719792.3076923077,9516402.307692308,2.101473569869995,2.383723020553589,2.131793260574341,100.0,HIGH PRIORITY,95th percentile prioritisation threshold,Spectral-stress evidence detected. Prioritise field inspection to determine the underlying cause. Field verification required.,127
scene_01_DT0000205230-Z0363,scene_01_DT0000205230,95,85500.0,728801.052631579,9515834.52631579,2.0996761322021484,2.365595579147339,2.107081890106201,100.0,HIGH PRIORITY,95th percentile prioritisation threshold,Spectral-stress evidence detected. Prioritise field inspection to determine the underlying cause. Field verification required.,128
scene_01_DT0000205230-Z0061,scene_01_DT0000205230,209,188100.0,714514.1626794258,9529011.67464115,2.0994739532470703,2.391756296157837,2.070159435272217,100.0,HIGH PRIORITY,95th percentile prioritisation threshold,Spectral-stress evidence detected. Prioritise field inspection to determine the underlying cause. Field verification required.,129
scene_01_DT0000205230-Z0373,scene_01_DT0000205230,82,73800.0,736465.9756097561,9515230.24390244,2.0990376472473145,2.4826338291168213,2.0679612159729004,100.0,HIGH PRIORITY,95th percentile prioritisation threshold,Spectral-stress evidence detected. Prioritise field inspection to determine the underlying cause. Field verification required.,130
scene_01_DT0000205230-Z0025,scene_01_DT0000205230,192,172800.0,718881.71875,9532350.9375,2.0975594520568848,2.4954586029052734,2.069972038269043,100.0,HIGH PRIORITY,95th percentile prioritisation threshold,Spectral-stress evidence detected. Prioritise field inspection to determine the underlying cause. Field verification required.,131
scene_01_DT0000205230-Z0127,scene_01_DT0000205230,69,62100.0,716757.3913043478,9525764.782608695,2.0965688228607178,2.498570442199707,2.0488975048065186,100.0,HIGH PRIORITY,95th percentile prioritisation threshold,Spectral-stress evidence detected. Prioritise field inspection to determine the underlying cause. Field verification required.,132
scene_01_DT0000205230-Z0385,scene_01_DT0000205230,56,50400.0,730121.25,9514406.25,2.096536874771118,2.302121162414551,2.1102471351623535,100.0,HIGH PRIORITY,95th percentile prioritisation threshold,Spectral-stress evidence detected. Prioritise field inspection to determine the underlying cause. Field verification required.,133
scene_01_DT0000205230-Z0213,scene_01_DT0000205230,422,379800.0,733110.2132701422,9522223.009478673,2.092050313949585,2.460055112838745,2.0912301540374756,100.0,HIGH PRIORITY,95th percentile prioritisation threshold,Spectral-stress evidence detected. Prioritise field inspection to determine the underlying cause. Field verification required.,134
scene_01_DT0000205230-Z0137,scene_01_DT0000205230,76,68400.0,737050.2631578947,9525043.815789474,2.09165358543396,2.546792507171631,2.0428740978240967,100.0,HIGH PRIORITY,95th percentile prioritisation threshold,Spectral-stress evidence detected. Prioritise field inspection to determine the underlying cause. Field verification required.,135
scene_01_DT0000205230-Z0120,scene_01_DT0000205230,179,161100.0,726315.9217877095,9526297.709497206,2.091323137283325,2.466979742050171,2.079996347427368,100.0,HIGH PRIORITY,95th percentile prioritisation threshold,Spectral-stress evidence detected. Prioritise field inspection to determine the underlying cause. Field verification required.,136
scene_01_DT0000205230-Z0019,scene_01_DT0000205230,325,292500.0,715871.3538461538,9533267.446153846,2.0895943641662598,2.588710069656372,2.0561025142669678,100.0,HIGH PRIORITY,95th percentile prioritisation threshold,Spectral-stress evidence detected. Prioritise field inspection to determine the underlying cause. Field verification required.,137
scene_01_DT0000205230-Z0159,scene_01_DT0000205230,123,110700.0,731018.0487804879,9524132.195121951,2.0894412994384766,2.5065550804138184,2.073575735092163,100.0,HIGH PRIORITY,95th percentile prioritisation threshold,Spectral-stress evidence detected. Prioritise field inspection to determine the underlying cause. Field verification required.,138
scene_01_DT0000205230-Z0172,scene_01_DT0000205230,343,308700.0,736481.6326530612,9523509.008746356,2.0890657901763916,2.547316789627075,2.074467658996582,100.0,HIGH PRIORITY,95th percentile prioritisation threshold,Spectral-stress evidence detected. Prioritise field inspection to determine the underlying cause. Field verification required.,139
scene_01_DT0000205230-Z0130,scene_01_DT0000205230,91,81900.0,721611.4285714285,9525313.186813187,2.0890207290649414,2.6008734703063965,2.0642502307891846,100.0,HIGH PRIORITY,95th percentile prioritisation threshold,Spectral-stress evidence detected. Prioritise field inspection to determine the underlying cause. Field verification required.,140
scene_01_DT0000205230-Z0146,scene_01_DT0000205230,76,68400.0,728825.1315789474,9524655.394736841,2.0889275074005127,2.6293604373931885,2.0488109588623047,100.0,HIGH PRIORITY,95th percentile prioritisation threshold,Spectral-stress evidence detected. Prioritise field inspection to determine the underlying cause. Field verification required.,141
scene_01_DT0000205230-Z0001,scene_01_DT0000205230,339,305100.0,724551.0619469027,9535756.902654868,2.087674140930176,2.488360643386841,2.0716278553009033,100.0,HIGH PRIORITY,95th percentile prioritisation threshold,Spectral-stress evidence detected. Prioritise field inspection to determine the underlying cause. Field verification required.,142
scene_01_DT0000205230-Z0391,scene_01_DT0000205230,150,135000.0,731145.8,9513618.2,2.0875418186187744,2.4536314010620117,2.0499908924102783,100.0,HIGH PRIORITY,95th percentile prioritisation threshold,Spectral-stress evidence detected. Prioritise field inspection to determine the underlying cause. Field verification required.,143
scene_01_DT0000205230-Z0141,scene_01_DT0000205230,9,8100.0,721893.3333333334,9525033.333333334,2.0873804092407227,2.3049728870391846,2.0652217864990234,100.0,HIGH PRIORITY,95th percentile prioritisation threshold,Spectral-stress evidence detected. Prioritise field inspection to determine the underlying cause. Field verification required.,144
scene_01_DT0000205230-Z0323,scene_01_DT0000205230,132,118800.0,734966.1363636364,9517599.318181818,2.0866305828094482,2.358703136444092,2.080148458480835,100.0,HIGH PRIORITY,95th percentile prioritisation threshold,Spectral-stress evidence detected. Prioritise field inspection to determine the underlying cause. Field verification required.,145
scene_01_DT0000205230-Z0399,scene_01_DT0000205230,21,18900.0,739285.7142857143,9510811.42857143,2.0865633487701416,2.38539981842041,2.0207462310791016,100.0,HIGH PRIORITY,95th percentile prioritisation threshold,Spectral-stress evidence detected. Prioritise field inspection to determine the underlying cause. Field verification required.,146
scene_01_DT0000205230-Z0034,scene_01_DT0000205230,100,90000.0,725610.0,9531374.1,2.0832817554473877,2.3755340576171875,2.0788073539733887,100.0,HIGH PRIORITY,95th percentile prioritisation threshold,Spectral-stress evidence detected. Prioritise field inspection to determine the underlying cause. Field verification required.,147
scene_01_DT0000205230-Z0016,scene_01_DT0000205230,419,377100.0,722935.2744630071,9533157.422434367,2.082458734512329,2.5485613346099854,2.0565733909606934,100.0,HIGH PRIORITY,95th percentile prioritisation threshold,Spectral-stress evidence detected. Prioritise field inspection to determine the underlying cause. Field verification required.,148
scene_01_DT0000205230-Z0024,scene_01_DT0000205230,12,10800.0,727850.0,9532670.0,2.0821714401245117,2.2220652103424072,2.086803674697876,100.0,HIGH PRIORITY,95th percentile prioritisation threshold,Spectral-stress evidence detected. Prioritise field inspection to determine the underlying cause. Field verification required.,149
scene_01_DT0000205230-Z0232,scene_01_DT0000205230,20,18000.0,740757.0,9521698.5,2.081522226333618,2.3188962936401367,2.07600736618042,100.0,HIGH PRIORITY,95th percentile prioritisation threshold,Spectral-stress evidence detected. Prioritise field inspection to determine the underlying cause. Field verification required.,150
scene_01_DT0000205230-Z0012,scene_01_DT0000205230,127,114300.0,719125.7480314961,9534139.606299212,2.08137845993042,2.3924481868743896,2.082087993621826,100.0,HIGH PRIORITY,95th percentile prioritisation threshold,Spectral-stress evidence detected. Prioritise field inspection to determine the underlying cause. Field verification required.,151
scene_01_DT0000205230-Z0255,scene_01_DT0000205230,57,51300.0,726832.1052631579,9520703.684210526,2.081193685531616,2.4855525493621826,2.0245563983917236,100.0,HIGH PRIORITY,95th percentile prioritisation threshold,Spectral-stress evidence detected. Prioritise field inspection to determine the underlying cause. Field verification required.,152
scene_01_DT0000205230-Z0076,scene_01_DT0000205230,72,64800.0,715044.5833333334,9528337.5,2.08082914352417,2.345767021179199,2.088956117630005,100.0,HIGH PRIORITY,95th percentile prioritisation threshold,Spectral-stress evidence detected. Prioritise field inspection to determine the underlying cause. Field verification required.,153
scene_01_DT0000205230-Z0078,scene_01_DT0000205230,445,400500.0,732295.9550561798,9528109.078651685,2.0797226428985596,2.3850574493408203,2.069486379623413,100.0,HIGH PRIORITY,95th percentile prioritisation threshold,Spectral-stress evidence detected. Prioritise field inspection to determine the underlying cause. Field verification required.,154
scene_01_DT0000205230-Z0011,scene_01_DT0000205230,190,171000.0,724002.947368421,9534238.736842105,2.0788278579711914,2.404059410095215,2.06807804107666,100.0,HIGH PRIORITY,95th percentile prioritisation threshold,Spectral-stress evidence detected. Prioritise field inspection to determine the underlying cause. Field verification required.,155
scene_01_DT0000205230-Z0220,scene_01_DT0000205230,203,182700.0,719869.3596059113,9521824.581280788,2.078686237335205,2.3793091773986816,2.0466482639312744,100.0,HIGH PRIORITY,95th percentile prioritisation threshold,Spectral-stress evidence detected. Prioritise field inspection to determine the underlying cause. Field verification required.,156
scene_01_DT0000205230-Z0195,scene_01_DT0000205230,34,30600.0,722023.2352941176,9523157.647058824,2.077455520629883,2.3925535678863525,2.0508415699005127,100.0,HIGH PRIORITY,95th percentile prioritisation threshold,Spectral-stress evidence detected. Prioritise field inspection to determine the underlying cause. Field verification required.,157
scene_01_DT0000205230-Z0113,scene_01_DT0000205230,95,85500.0,735365.6842105263,9526556.842105264,2.0768959522247314,2.371551990509033,2.0629220008850098,100.0,HIGH PRIORITY,95th percentile prioritisation threshold,Spectral-stress evidence detected. Prioritise field inspection to determine the underlying cause. Field verification required.,158
scene_01_DT0000205230-Z0392,scene_01_DT0000205230,33,29700.0,730430.9090909091,9513730.909090908,2.075852632522583,2.293933868408203,2.069817304611206,100.0,HIGH PRIORITY,95th percentile prioritisation threshold,Spectral-stress evidence detected. Prioritise field inspection to determine the underlying cause. Field verification required.,159
scene_01_DT0000205230-Z0077,scene_01_DT0000205230,23,20700.0,733336.9565217391,9528387.391304348,2.073482036590576,2.267718553543091,2.082272529602051,100.0,HIGH PRIORITY,95th percentile prioritisation threshold,Spectral-stress evidence detected. Prioritise field inspection to determine the underlying cause. Field verification required.,160
scene_01_DT0000205230-Z0396,scene_01_DT0000205230,67,60300.0,739751.1940298508,9512389.253731344,2.073049783706665,2.5240652561187744,2.0491225719451904,100.0,HIGH PRIORITY,95th percentile prioritisation threshold,Spectral-stress evidence detected. Prioritise field inspection to determine the underlying cause. Field verification required.,161
scene_01_DT0000205230-Z0140,scene_01_DT0000205230,182,163800.0,734984.1758241758,9524932.912087912,2.0723116397857666,2.4708712100982666,2.0635786056518555,100.0,HIGH PRIORITY,95th percentile prioritisation threshold,Spectral-stress evidence detected. Prioritise field inspection to determine the underlying cause. Field verification required.,162
scene_01_DT0000205230-Z0278,scene_01_DT0000205230,69,62100.0,725802.6086956522,9519706.956521738,2.07196307182312,2.3660311698913574,2.0713958740234375,100.0,HIGH PRIORITY,95th percentile prioritisation threshold,Spectral-stress evidence detected. Prioritise field inspection to determine the underlying cause. Field verification required.,163
scene_01_DT0000205230-Z0156,scene_01_DT0000205230,47,42300.0,741741.7021276596,9524489.361702127,2.0709493160247803,2.2953808307647705,2.061245918273926,100.0,HIGH PRIORITY,95th percentile prioritisation threshold,Spectral-stress evidence detected. Prioritise field inspection to determine the underlying cause. Field verification required.,164
scene_01_DT0000205230-Z0341,scene_01_DT0000205230,17,15300.0,724152.3529411765,9517118.823529411,2.068836212158203,2.2700307369232178,2.087047815322876,100.0,HIGH PRIORITY,95th percentile prioritisation threshold,Spectral-stress evidence detected. Prioritise field inspection to determine the underlying cause. Field verification required.,165
scene_01_DT0000205230-Z0283,scene_01_DT0000205230,30,27000.0,731232.0,9519453.0,2.068702220916748,2.282623767852783,2.065093994140625,100.0,HIGH PRIORITY,95th percentile prioritisation threshold,Spectral-stress evidence detected. Prioritise field inspection to determine the underlying cause. Field verification required.,166
scene_01_DT0000205230-Z0230,scene_01_DT0000205230,190,171000.0,721408.8947368421,9521557.421052631,2.0665624141693115,2.5778393745422363,2.0259604454040527,100.0,HIGH PRIORITY,95th percentile prioritisation threshold,Spectral-stress evidence detected. Prioritise field inspection to determine the underlying cause. Field verification required.,167
scene_01_DT0000205230-Z0068,scene_01_DT0000205230,23,20700.0,718283.4782608695,9528643.043478262,2.063037395477295,2.280428647994995,2.059312105178833,100.0,HIGH PRIORITY,95th percentile prioritisation threshold,Spectral-stress evidence detected. Prioritise field inspection to determine the underlying cause. Field verification required.,168
scene_01_DT0000205230-Z0243,scene_01_DT0000205230,74,66600.0,720756.0810810811,9521079.72972973,2.0624537467956543,2.414790391921997,2.0164875984191895,100.0,HIGH PRIORITY,95th percentile prioritisation threshold,Spectral-stress evidence detected. Prioritise field inspection to determine the underlying cause. Field verification required.,169
scene_01_DT0000205230-Z0379,scene_01_DT0000205230,71,63900.0,727070.2816901408,9514685.492957747,2.0606119632720947,2.362497568130493,2.023899555206299,100.0,HIGH PRIORITY,95th percentile prioritisation threshold,Spectral-stress evidence detected. Prioritise field inspection to determine the underlying cause. Field verification required.,170
scene_01_DT0000205230-Z0186,scene_01_DT0000205230,33,29700.0,720760.0,9523392.727272727,2.0604169368743896,2.3418726921081543,2.0335609912872314,100.0,HIGH PRIORITY,95th percentile prioritisation threshold,Spectral-stress evidence detected. Prioritise field inspection to determine the underlying cause. Field verification required.,171
scene_01_DT0000205230-Z0350,scene_01_DT0000205230,48,43200.0,721070.0,9516704.375,2.0597636699676514,2.342461347579956,2.0449681282043457,100.0,HIGH PRIORITY,95th percentile prioritisation threshold,Spectral-stress evidence detected. Prioritise field inspection to determine the underlying cause. Field verification required.,172
scene_01_DT0000205230-Z0052,scene_01_DT0000205230,55,49500.0,721908.5454545454,9529767.272727273,2.058438777923584,2.2567243576049805,2.060293436050415,100.0,HIGH PRIORITY,95th percentile prioritisation threshold,Spectral-stress evidence detected. Prioritise field inspection to determine the underlying cause. Field verification required.,173
scene_01_DT0000205230-Z0145,scene_01_DT0000205230,28,25200.0,727256.7857142857,9524873.57142857,2.0583016872406006,2.2963037490844727,2.057029962539673,100.0,HIGH PRIORITY,95th percentile prioritisation threshold,Spectral-stress evidence detected. Prioritise field inspection to determine the underlying cause. Field verification required.,174
scene_01_DT0000205230-Z0303,scene_01_DT0000205230,49,44100.0,730341.4285714285,9518566.530612245,2.0582292079925537,2.4695301055908203,2.015458822250366,100.0,HIGH PRIORITY,95th percentile prioritisation threshold,Spectral-stress evidence detected. Prioritise field inspection to determine the underlying cause. Field verification required.,175
scene_01_DT0000205230-Z0017,scene_01_DT0000205230,18,16200.0,726860.0,9533668.333333334,2.057900905609131,2.2406632900238037,2.0324182510375977,100.0,HIGH PRIORITY,95th percentile prioritisation threshold,Spectral-stress evidence detected. Prioritise field inspection to determine the underlying cause. Field verification required.,176
scene_01_DT0000205230-Z0040,scene_01_DT0000205230,80,72000.0,716442.0,9530800.125,2.0561609268188477,2.243805408477783,2.0513691902160645,100.0,HIGH PRIORITY,95th percentile prioritisation threshold,Spectral-stress evidence detected. Prioritise field inspection to determine the underlying cause. Field verification required.,177
scene_01_DT0000205230-Z0148,scene_01_DT0000205230,36,32400.0,727088.3333333334,9524649.166666666,2.0543129444122314,2.29097056388855,2.0412416458129883,100.0,HIGH PRIORITY,95th percentile prioritisation threshold,Spectral-stress evidence detected. Prioritise field inspection to determine the underlying cause. Field verification required.,178
scene_01_DT0000205230-Z0194,scene_01_DT0000205230,48,43200.0,714291.875,9523198.125,2.0542023181915283,2.22495436668396,2.071983814239502,100.0,HIGH PRIORITY,95th percentile prioritisation threshold,Spectral-stress evidence detected. Prioritise field inspection to determine the underlying cause. Field verification required.,179
scene_01_DT0000205230-Z0066,scene_01_DT0000205230,70,63000.0,733221.4285714285,9528713.57142857,2.0541229248046875,2.4203977584838867,2.0174612998962402,100.0,HIGH PRIORITY,95th percentile prioritisation threshold,Spectral-stress evidence detected. Prioritise field inspection to determine the underlying cause. Field verification required.,180
scene_01_DT0000205230-Z0217,scene_01_DT0000205230,47,42300.0,729871.2765957447,9522379.787234042,2.05387544631958,2.2831785678863525,2.0164339542388916,100.0,HIGH PRIORITY,95th percentile prioritisation threshold,Spectral-stress evidence detected. Prioritise field inspection to determine the underlying cause. Field verification required.,181
scene_01_DT0000205230-Z0055,scene_01_DT0000205230,687,618300.0,728893.3187772926,9529002.052401748,2.0531466007232666,2.4198005199432373,2.0321476459503174,100.0,HIGH PRIORITY,95th percentile prioritisation threshold,Spectral-stress evidence detected. Prioritise field inspection to determine the underlying cause. Field verification required.,182
scene_01_DT0000205230-Z0043,scene_01_DT0000205230,13,11700.0,725125.3846153846,9530337.692307692,2.052851915359497,2.264479160308838,2.0675864219665527,100.0,HIGH PRIORITY,95th percentile prioritisation threshold,Spectral-stress evidence detected. Prioritise field inspection to determine the underlying cause. Field verification required.,183
scene_01_DT0000205230-Z0015,scene_01_DT0000205230,108,97200.0,716440.5555555555,9533449.444444444,2.051368474960327,2.406000852584839,2.0270469188690186,100.0,HIGH PRIORITY,95th percentile prioritisation threshold,Spectral-stress evidence detected. Prioritise field inspection to determine the underlying cause. Field verification required.,184
scene_01_DT0000205230-Z0270,scene_01_DT0000205230,91,81900.0,730333.1868131869,9520057.912087912,2.0511679649353027,2.4934897422790527,2.0164453983306885,100.0,HIGH PRIORITY,95th percentile prioritisation threshold,Spectral-stress evidence detected. Prioritise field inspection to determine the underlying cause. Field verification required.,185
scene_01_DT0000205230-Z0207,scene_01_DT0000205230,125,112500.0,722810.88,9522649.44,2.0508668422698975,2.368204116821289,2.0268752574920654,100.0,HIGH PRIORITY,95th percentile prioritisation threshold,Spectral-stress evidence detected. Prioritise field inspection to determine the underlying cause. Field verification required.,186
scene_01_DT0000205230-Z0026,scene_01_DT0000205230,81,72900.0,715726.6666666666,9532489.25925926,2.0501232147216797,2.242290496826172,2.0612893104553223,100.0,HIGH PRIORITY,95th percentile prioritisation threshold,Spectral-stress evidence detected. Prioritise field inspection to determine the underlying cause. Field verification required.,187
scene_01_DT0000205230-Z0389,scene_01_DT0000205230,46,41400.0,718570.4347826086,9513922.173913043,2.049085855484009,2.296187400817871,2.0452589988708496,100.0,HIGH PRIORITY,95th percentile prioritisation threshold,Spectral-stress evidence detected. Prioritise field inspection to determine the underlying cause. Field verification required.,188
scene_01_DT0000205230-Z0384,scene_01_DT0000205230,51,45900.0,728149.4117647059,9514422.94117647,2.048079490661621,2.3389060497283936,2.0212035179138184,100.0,HIGH PRIORITY,95th percentile prioritisation threshold,Spectral-stress evidence detected. Prioritise field inspection to determine the underlying cause. Field verification required.,189
scene_01_DT0000205230-Z0089,scene_01_DT0000205230,181,162900.0,735762.0994475138,9527617.29281768,2.0478525161743164,2.4789223670959473,2.0157902240753174,100.0,HIGH PRIORITY,95th percentile prioritisation threshold,Spectral-stress evidence detected. Prioritise field inspection to determine the underlying cause. Field verification required.,190
scene_01_DT0000205230-Z0274,scene_01_DT0000205230,70,63000.0,730760.1428571428,9519941.57142857,2.0473694801330566,2.233193874359131,2.044884204864502,100.0,HIGH PRIORITY,95th percentile prioritisation threshold,Spectral-stress evidence detected. Prioritise field inspection to determine the underlying cause. Field verification required.,191
scene_01_DT0000205230-Z0233,scene_01_DT0000205230,16,14400.0,727301.25,9521521.875,2.0471606254577637,2.2468435764312744,2.033668041229248,100.0,HIGH PRIORITY,95th percentile prioritisation threshold,Spectral-stress evidence detected. Prioritise field inspection to determine the underlying cause. Field verification required.,192
scene_01_DT0000205230-Z0334,scene_01_DT0000205230,15,13500.0,729142.0,9517548.0,2.045011520385742,2.28275728225708,2.0601141452789307,100.0,HIGH PRIORITY,95th percentile prioritisation threshold,Spectral-stress evidence detected. Prioritise field inspection to determine the underlying cause. Field verification required.,193
scene_01_DT0000205230-Z0143,scene_01_DT0000205230,28,25200.0,735424.2857142857,9524915.357142856,2.0449373722076416,2.240989923477173,2.038269519805908,100.0,HIGH PRIORITY,95th percentile prioritisation threshold,Spectral-stress evidence detected. Prioritise field inspection to determine the underlying cause. Field verification required.,194
scene_01_DT0000205230-Z0174,scene_01_DT0000205230,109,98100.0,734743.7614678899,9523667.614678899,2.0447943210601807,2.33941388130188,2.0277867317199707,100.0,HIGH PRIORITY,95th percentile prioritisation threshold,Spectral-stress evidence detected. Prioritise field inspection to determine the underlying cause. Field verification required.,195
scene_01_DT0000205230-Z0041,scene_01_DT0000205230,62,55800.0,722037.0967741936,9530408.225806452,2.044499397277832,2.313760995864868,2.0235748291015625,100.0,HIGH PRIORITY,95th percentile prioritisation threshold,Spectral-stress evidence detected. Prioritise field inspection to determine the underlying cause. Field verification required.,196
scene_01_DT0000205230-Z0335,scene_01_DT0000205230,16,14400.0,729530.625,9517520.625,2.0443928241729736,2.1538174152374268,2.0689384937286377,100.0,HIGH PRIORITY,95th percentile prioritisation threshold,Spectral-stress evidence detected. Prioritise field inspection to determine the underlying cause. Field verification required.,197
scene_01_DT0000205230-Z0060,scene_01_DT0000205230,1248,1123200.0,727973.3894230769,9528234.735576924,2.043325901031494,2.5769431591033936,2.0195789337158203,100.0,HIGH PRIORITY,95th percentile prioritisation threshold,Spectral-stress evidence detected. Prioritise field inspection to determine the underlying cause. Field verification required.,198
scene_01_DT0000205230-Z0149,scene_01_DT0000205230,61,54900.0,737328.1967213114,9524527.37704918,2.042311668395996,2.2895712852478027,2.021474838256836,100.0,HIGH PRIORITY,95th percentile prioritisation threshold,Spectral-stress evidence detected. Prioritise field inspection to determine the underlying cause. Field verification required.,199
scene_01_DT0000205230-Z0181,scene_01_DT0000205230,21,18900.0,739860.0,9523662.857142856,2.0421102046966553,2.2493667602539062,2.0542187690734863,100.0,HIGH PRIORITY,95th percentile prioritisation threshold,Spectral-stress evidence detected. Prioritise field inspection to determine the underlying cause. Field verification required.,200
scene_01_DT0000205230-Z0388,scene_01_DT0000205230,54,48600.0,735264.4444444445,9514155.555555556,2.0407140254974365,2.2463576793670654,2.0210440158843994,100.0,HIGH PRIORITY,95th percentile prioritisation threshold,Spectral-stress evidence detected. Prioritise field inspection to determine the underlying cause. Field verification required.,201
scene_01_DT0000205230-Z0032,scene_01_DT0000205230,117,105300.0,724992.0512820513,9531401.538461538,2.040442943572998,2.3666939735412598,2.0027518272399902,100.0,HIGH PRIORITY,95th percentile prioritisation threshold,Spectral-stress evidence detected. Prioritise field inspection to determine the underlying cause. Field verification required.,202
scene_01_DT0000205230-Z0293,scene_01_DT0000205230,65,58500.0,725287.3846153846,9518981.076923076,2.0402255058288574,2.278449058532715,2.0364365577697754,100.0,HIGH PRIORITY,95th percentile prioritisation threshold,Spectral-stress evidence detected. Prioritise field inspection to determine the underlying cause. Field verification required.,203
scene_01_DT0000205230-Z0326,scene_01_DT0000205230,13,11700.0,717431.5384615385,9517774.615384616,2.0395283699035645,2.2305195331573486,2.016052722930908,100.0,HIGH PRIORITY,95th percentile prioritisation threshold,Spectral-stress evidence detected. Prioritise field inspection to determine the underlying cause. Field verification required.,204
scene_01_DT0000205230-Z0406,scene_01_DT0000205230,82,73800.0,717314.268292683,9507779.268292682,2.037942886352539,2.292524814605713,2.0280261039733887,100.0,HIGH PRIORITY,95th percentile prioritisation threshold,Spectral-stress evidence detected. Prioritise field inspection to determine the underlying cause. Field verification required.,205
scene_01_DT0000205230-Z0383,scene_01_DT0000205230,100,90000.0,735339.0,9514487.1,2.0376203060150146,2.305253267288208,2.026120185852051,100.0,HIGH PRIORITY,95th percentile prioritisation threshold,Spectral-stress evidence detected. Prioritise field inspection to determine the underlying cause. Field verification required.,206
scene_01_DT0000205230-Z0184,scene_01_DT0000205230,15,13500.0,731502.0,9523458.0,2.0367493629455566,2.199512481689453,2.0250191688537598,100.0,HIGH PRIORITY,95th percentile prioritisation threshold,Spectral-stress evidence detected. Prioritise field inspection to determine the underlying cause. Field verification required.,207
scene_01_DT0000205230-Z0376,scene_01_DT0000205230,38,34200.0,717922.8947368421,9514995.0,2.0365958213806152,2.190890312194824,2.03139591217041,100.0,HIGH PRIORITY,95th percentile prioritisation threshold,Spectral-stress evidence detected. Prioritise field inspection to determine the underlying cause. Field verification required.,208
scene_01_DT0000205230-Z0297,scene_01_DT0000205230,16,14400.0,724850.625,9518964.375,2.0355968475341797,2.205779790878296,2.0382437705993652,100.0,HIGH PRIORITY,95th percentile prioritisation threshold,Spectral-stress evidence detected. Prioritise field inspection to determine the underlying cause. Field verification required.,209
scene_01_DT0000205230-Z0301,scene_01_DT0000205230,36,32400.0,718443.3333333334,9518649.166666666,2.034252643585205,2.232988119125366,2.017577886581421,100.0,HIGH PRIORITY,95th percentile prioritisation threshold,Spectral-stress evidence detected. Prioritise field inspection to determine the underlying cause. Field verification required.,210
scene_01_DT0000205230-Z0021,scene_01_DT0000205230,158,142200.0,715889.6202531646,9532840.443037976,2.033220052719116,2.28379225730896,2.0190205574035645,100.0,HIGH PRIORITY,95th percentile prioritisation threshold,Spectral-stress evidence detected. Prioritise field inspection to determine the underlying cause. Field verification required.,211
scene_01_DT0000205230-Z0157,scene_01_DT0000205230,12,10800.0,718410.0,9524530.0,2.0330772399902344,2.138401508331299,2.058284282684326,100.0,HIGH PRIORITY,95th percentile prioritisation threshold,Spectral-stress evidence detected. Prioritise field inspection to determine the underlying cause. Field verification required.,212
scene_01_DT0000205230-Z0221,scene_01_DT0000205230,14,12600.0,741122.1428571428,9522192.857142856,2.032907247543335,2.1497881412506104,2.0344464778900146,100.0,HIGH PRIORITY,95th percentile prioritisation threshold,Spectral-stress evidence detected. Prioritise field inspection to determine the underlying cause. Field verification required.,213
scene_01_DT0000205230-Z0038,scene_01_DT0000205230,17,15300.0,732824.1176470588,9531354.705882354,2.032182455062866,2.289949417114258,1.9833078384399414,100.0,HIGH PRIORITY,95th percentile prioritisation threshold,Spectral-stress evidence detected. Prioritise field inspection to determine the underlying cause. Field verification required.,214
scene_01_DT0000205230-Z0234,scene_01_DT0000205230,24,21600.0,721060.0,9521352.5,2.0313756465911865,2.1832737922668457,2.0492682456970215,100.0,HIGH PRIORITY,95th percentile prioritisation threshold,Spectral-stress evidence detected. Prioritise field inspection to determine the underlying cause. Field verification required.,215
scene_01_DT0000205230-Z0228,scene_01_DT0000205230,50,45000.0,728898.0,9521869.2,2.0310075283050537,2.3329012393951416,1.9979852437973022,100.0,HIGH PRIORITY,95th percentile prioritisation threshold,Spectral-stress evidence detected. Prioritise field inspection to determine the underlying cause. Field verification required.,216
scene_01_DT0000205230-Z0381,scene_01_DT0000205230,18,16200.0,729928.3333333334,9514765.0,2.0286829471588135,2.1954543590545654,2.0071206092834473,100.0,HIGH PRIORITY,95th percentile prioritisation threshold,Spectral-stress evidence detected. Prioritise field inspection to determine the underlying cause. Field verification required.,217
scene_01_DT0000205230-Z0239,scene_01_DT0000205230,51,45900.0,736359.4117647059,9521119.411764706,2.0276339054107666,2.222947359085083,2.0291762351989746,100.0,HIGH PRIORITY,95th percentile prioritisation threshold,Spectral-stress evidence detected. Prioritise field inspection to determine the underlying cause. Field verification required.,218
scene_01_DT0000205230-Z0044,scene_01_DT0000205230,107,96300.0,726940.3738317757,9530102.242990654,2.0271522998809814,2.349393844604492,1.9910643100738525,100.0,HIGH PRIORITY,95th percentile prioritisation threshold,Spectral-stress evidence detected. Prioritise field inspection to determine the underlying cause. Field verification required.,219
scene_01_DT0000205230-Z0059,scene_01_DT0000205230,638,574200.0,732363.2915360502,9528898.824451411,2.026630163192749,2.4486215114593506,2.0064568519592285,100.0,HIGH PRIORITY,95th percentile prioritisation threshold,Spectral-stress evidence detected. Prioritise field inspection to determine the underlying cause. Field verification required.,220
scene_01_DT0000205230-Z0209,scene_01_DT0000205230,9,8100.0,720806.6666666666,9522716.666666666,2.026170015335083,2.2315163612365723,1.9776697158813477,100.0,HIGH PRIORITY,95th percentile prioritisation threshold,Spectral-stress evidence detected. Prioritise field inspection to determine the underlying cause. Field verification required.,221
scene_01_DT0000205230-Z0361,scene_01_DT0000205230,43,38700.0,734681.8604651163,9516004.186046511,2.026017189025879,2.1707606315612793,2.015897274017334,100.0,HIGH PRIORITY,95th percentile prioritisation threshold,Spectral-stress evidence detected. Prioritise field inspection to determine the underlying cause. Field verification required.,222
scene_01_DT0000205230-Z0226,scene_01_DT0000205230,88,79200.0,718308.4090909091,9521884.772727273,2.0236077308654785,2.2251052856445312,2.0170466899871826,100.0,HIGH PRIORITY,95th percentile prioritisation threshold,Spectral-stress evidence detected. Prioritise field inspection to determine the underlying cause. Field verification required.,223
scene_01_DT0000205230-Z0298,scene_01_DT0000205230,19,17100.0,716632.1052631579,9518951.05263158,2.023329496383667,2.1272037029266357,2.0308144092559814,100.0,HIGH PRIORITY,95th percentile prioritisation threshold,Spectral-stress evidence detected. Prioritise field inspection to determine the underlying cause. Field verification required.,224
scene_01_DT0000205230-Z0073,scene_01_DT0000205230,85,76500.0,715896.0,9528423.88235294,2.023050546646118,2.2802720069885254,2.017988443374634,100.0,HIGH PRIORITY,95th percentile prioritisation threshold,Spectral-stress evidence detected. Prioritise field inspection to determine the underlying cause. Field verification required.,225
scene_01_DT0000205230-Z0352,scene_01_DT0000205230,112,100800.0,716877.0535714285,9516555.535714285,2.022648811340332,2.231762647628784,2.016258478164673,100.0,HIGH PRIORITY,95th percentile prioritisation threshold,Spectral-stress evidence detected. Prioritise field inspection to determine the underlying cause. Field verification required.,226
scene_01_DT0000205230-Z0240,scene_01_DT0000205230,98,88200.0,728378.5714285715,9521099.081632653,2.020996332168579,2.275298833847046,1.9883917570114136,100.0,HIGH PRIORITY,95th percentile prioritisation threshold,Spectral-stress evidence detected. Prioritise field inspection to determine the underlying cause. Field verification required.,227
scene_01_DT0000205230-Z0008,scene_01_DT0000205230,35,31500.0,718586.5714285715,9534739.714285715,2.020953893661499,2.159848928451538,2.034717559814453,100.0,HIGH PRIORITY,95th percentile prioritisation threshold,Spectral-stress evidence detected. Prioritise field inspection to determine the underlying cause. Field verification required.,228
scene_01_DT0000205230-Z0065,scene_01_DT0000205230,43,38700.0,727480.4651162791,9528783.488372093,2.0204105377197266,2.2331230640411377,1.9892816543579102,100.0,HIGH PRIORITY,95th percentile prioritisation threshold,Spectral-stress evidence detected. Prioritise field inspection to determine the underlying cause. Field verification required.,229
scene_01_DT0000205230-Z0378,scene_01_DT0000205230,9,8100.0,726736.6666666666,9515030.0,2.019716739654541,2.1599791049957275,2.0373709201812744,100.0,HIGH PRIORITY,95th percentile prioritisation threshold,Spectral-stress evidence detected. Prioritise field inspection to determine the underlying cause. Field verification required.,230
scene_01_DT0000205230-Z0187,scene_01_DT0000205230,41,36900.0,727873.1707317074,9523317.804878049,2.0193560123443604,2.272672414779663,1.9800639152526855,100.0,HIGH PRIORITY,95th percentile prioritisation threshold,Spectral-stress evidence detected. Prioritise field inspection to determine the underlying cause. Field verification required.,231
scene_01_DT0000205230-Z0353,scene_01_DT0000205230,14,12600.0,719794.2857142857,9516612.857142856,2.0192809104919434,2.169644594192505,2.0077404975891113,100.0,HIGH PRIORITY,95th percentile prioritisation threshold,Spectral-stress evidence detected. Prioritise field inspection to determine the underlying cause. Field verification required.,232
scene_01_DT0000205230-Z0036,scene_01_DT0000205230,50,45000.0,727689.6,9531328.2,2.0192437171936035,2.2780656814575195,2.017594337463379,100.0,HIGH PRIORITY,95th percentile prioritisation threshold,Spectral-stress evidence detected. Prioritise field inspection to determine the underlying cause. Field verification required.,233
scene_01_DT0000205230-Z0403,scene_01_DT0000205230,12,10800.0,717660.0,9510002.5,2.0189433097839355,2.120260715484619,2.0317745208740234,100.0,HIGH PRIORITY,95th percentile prioritisation threshold,Spectral-stress evidence detected. Prioritise field inspection to determine the underlying cause. Field verification required.,234
scene_01_DT0000205230-Z0150,scene_01_DT0000205230,62,55800.0,741298.5483870967,9524532.58064516,2.018486976623535,2.1614556312561035,2.0309996604919434,100.0,HIGH PRIORITY,95th percentile prioritisation threshold,Spectral-stress evidence detected. Prioritise field inspection to determine the underlying cause. Field verification required.,235
scene_01_DT0000205230-Z0191,scene_01_DT0000205230,38,34200.0,738082.8947368421,9523279.736842105,2.018186569213867,2.2037932872772217,2.0135741233825684,100.0,HIGH PRIORITY,95th percentile prioritisation threshold,Spectral-stress evidence detected. Prioritise field inspection to determine the underlying cause. Field verification required.,236
scene_01_DT0000205230-Z0371,scene_01_DT0000205230,14,12600.0,717250.7142857143,9515305.714285715,2.0175437927246094,2.158097982406616,2.014132499694824,100.0,HIGH PRIORITY,95th percentile prioritisation threshold,Spectral-stress evidence detected. Prioritise field inspection to determine the underlying cause. Field verification required.,237
scene_01_DT0000205230-Z0393,scene_01_DT0000205230,21,18900.0,741160.0,9513637.142857144,2.0169267654418945,2.176170587539673,1.9944019317626953,100.0,HIGH PRIORITY,95th percentile prioritisation threshold,Spectral-stress evidence detected. Prioritise field inspection to determine the underlying cause. Field verification required.,238
scene_01_DT0000205230-Z0091,scene_01_DT0000205230,11,9900.0,719757.2727272727,9527650.909090908,2.0163466930389404,2.1935667991638184,1.9793821573257446,100.0,HIGH PRIORITY,95th percentile prioritisation threshold,Spectral-stress evidence detected. Prioritise field inspection to determine the underlying cause. Field verification required.,239
scene_01_DT0000205230-Z0282,scene_01_DT0000205230,39,35100.0,717660.7692307692,9519529.23076923,2.0160582065582275,2.264127731323242,1.9848625659942627,100.0,HIGH PRIORITY,95th percentile prioritisation threshold,Spectral-stress evidence detected. Prioritise field inspection to determine the underlying cause. Field verification required.,240
scene_01_DT0000205230-Z0204,scene_01_DT0000205230,22,19800.0,740653.6363636364,9522949.090909092,2.0145153999328613,2.170623540878296,2.019329309463501,100.0,HIGH PRIORITY,95th percentile prioritisation threshold,Spectral-stress evidence detected. Prioritise field inspection to determine the underlying cause. Field verification required.,241
scene_01_DT0000205230-Z0088,scene_01_DT0000205230,51,45900.0,730368.2352941176,9527797.05882353,2.014322519302368,2.253394365310669,2.0207648277282715,100.0,HIGH PRIORITY,95th percentile prioritisation threshold,Spectral-stress evidence detected. Prioritise field inspection to determine the underlying cause. Field verification required.,242
scene_01_DT0000205230-Z0133,scene_01_DT0000205230,161,144900.0,738295.900621118,9525081.801242236,2.0122756958007812,2.287282943725586,1.9819622039794922,100.0,HIGH PRIORITY,95th percentile prioritisation threshold,Spectral-stress evidence detected. Prioritise field inspection to determine the underlying cause. Field verification required.,243
scene_01_DT0000205230-Z0263,scene_01_DT0000205230,73,65700.0,735023.4246575342,9520354.520547945,2.010976552963257,2.3399786949157715,1.9898327589035034,100.0,HIGH PRIORITY,95th percentile prioritisation threshold,Spectral-stress evidence detected. Prioritise field inspection to determine the underlying cause. Field verification required.,244
scene_01_DT0000205230-Z0306,scene_01_DT0000205230,19,17100.0,717742.1052631579,9518475.789473685,2.010624885559082,2.169912815093994,1.9735223054885864,100.0,HIGH PRIORITY,95th percentile prioritisation threshold,Spectral-stress evidence detected. Prioritise field inspection to determine the underlying cause. Field verification required.,245
scene_01_DT0000205230-Z0346,scene_01_DT0000205230,20,18000.0,737680.5,9516832.5,2.0104970932006836,2.2381439208984375,1.9912736415863037,100.0,HIGH PRIORITY,95th percentile prioritisation threshold,Spectral-stress evidence detected. Prioritise field inspection to determine the underlying cause. Field verification required.,246
scene_01_DT0000205230-Z0275,scene_01_DT0000205230,21,18900.0,735141.4285714285,9520008.57142857,2.0103485584259033,2.2123217582702637,1.9932936429977417,100.0,HIGH PRIORITY,95th percentile prioritisation threshold,Spectral-stress evidence detected. Prioritise field inspection to determine the underlying cause. Field verification required.,247
scene_01_DT0000205230-Z0386,scene_01_DT0000205230,28,25200.0,718420.7142857143,9514326.42857143,2.0101094245910645,2.19930100440979,2.0110340118408203,100.0,HIGH PRIORITY,95th percentile prioritisation threshold,Spectral-stress evidence detected. Prioritise field inspection to determine the underlying cause. Field verification required.,248
scene_01_DT0000205230-Z0080,scene_01_DT0000205230,70,63000.0,715911.0,9527938.285714285,2.009700059890747,2.244227647781372,1.9985053539276123,100.0,HIGH PRIORITY,95th percentile prioritisation threshold,Spectral-stress evidence detected. Prioritise field inspection to determine the underlying cause. Field verification required.,249
scene_01_DT0000205230-Z0045,scene_01_DT0000205230,11,9900.0,721843.6363636364,9530263.636363637,2.0085737705230713,2.1846272945404053,1.9732768535614014,100.0,HIGH PRIORITY,95th percentile prioritisation threshold,Spectral-stress evidence detected. Prioritise field inspection to determine the underlying cause. Field verification required.,250
scene_01_DT0000205230-Z0049,scene_01_DT0000205230,38,34200.0,727397.3684210526,9530047.105263159,2.008206605911255,2.129476308822632,2.000210762023926,100.0,HIGH PRIORITY,95th percentile prioritisation threshold,Spectral-stress evidence detected. Prioritise field inspection to determine the underlying cause. Field verification required.,251
scene_01_DT0000205230-Z0382,scene_01_DT0000205230,19,17100.0,722240.5263157894,9514714.736842105,2.007795572280884,2.1718509197235107,1.9848226308822632,100.0,HIGH PRIORITY,95th percentile prioritisation threshold,Spectral-stress evidence detected. Prioritise field inspection to determine the underlying cause. Field verification required.,252
scene_01_DT0000205230-Z0344,scene_01_DT0000205230,18,16200.0,723753.3333333334,9516846.666666666,2.006809949874878,2.229236602783203,1.9848480224609375,100.0,HIGH PRIORITY,95th percentile prioritisation threshold,Spectral-stress evidence detected. Prioritise field inspection to determine the underlying cause. Field verification required.,253
scene_01_DT0000205230-Z0018,scene_01_DT0000205230,27,24300.0,716786.6666666666,9533557.777777778,2.0066683292388916,2.1772007942199707,1.999456524848938,100.0,HIGH PRIORITY,95th percentile prioritisation threshold,Spectral-stress evidence detected. Prioritise field inspection to determine the underlying cause. Field verification required.,254
scene_01_DT0000205230-Z0309,scene_01_DT0000205230,15,13500.0,742170.0,9518532.0,2.0064234733581543,2.122969627380371,2.0030815601348877,100.0,HIGH PRIORITY,95th percentile prioritisation threshold,Spectral-stress evidence detected. Prioritise field inspection to determine the underlying cause. Field verification required.,255
scene_01_DT0000205230-Z0131,scene_01_DT0000205230,13,11700.0,737400.0,9525330.0,2.0058770179748535,2.1519765853881836,1.965531826019287,100.0,HIGH PRIORITY,95th percentile prioritisation threshold,Spectral-stress evidence detected. Prioritise field inspection to determine the underlying cause. Field verification required.,256
scene_01_DT0000205230-Z0316,scene_01_DT0000205230,13,11700.0,729941.5384615385,9518155.384615384,2.0055792331695557,2.1455178260803223,2.010141611099243,100.0,HIGH PRIORITY,95th percentile prioritisation threshold,Spectral-stress evidence detected. Prioritise field inspection to determine the underlying cause. Field verification required.,257
scene_01_DT0000205230-Z0328,scene_01_DT0000205230,44,39600.0,739906.3636363636,9517660.909090908,2.005397081375122,2.201502561569214,1.9986090660095215,100.0,HIGH PRIORITY,95th percentile prioritisation threshold,Spectral-stress evidence detected. Prioritise field inspection to determine the underlying cause. Field verification required.,258
scene_01_DT0000205230-Z0200,scene_01_DT0000205230,59,53100.0,727652.5423728813,9522961.016949153,2.0050337314605713,2.1867640018463135,1.9982986450195312,100.0,HIGH PRIORITY,95th percentile prioritisation threshold,Spectral-stress evidence detected. Prioritise field inspection to determine the underlying cause. Field verification required.,259
scene_01_DT0000205230-Z0020,scene_01_DT0000205230,34,30600.0,719454.7058823529,9533331.176470589,2.0047712326049805,2.2178266048431396,1.9854726791381836,100.0,HIGH PRIORITY,95th percentile prioritisation threshold,Spectral-stress evidence detected. Prioritise field inspection to determine the underlying cause. Field verification required.,260
scene_01_DT0000205230-Z0121,scene_01_DT0000205230,13,11700.0,733968.4615384615,9526421.538461538,2.0043742656707764,2.1245553493499756,1.9866923093795776,100.0,HIGH PRIORITY,95th percentile prioritisation threshold,Spectral-stress evidence detected. Prioritise field inspection to determine the underlying cause. Field verification required.,261
scene_01_DT0000205230-Z0180,scene_01_DT0000205230,33,29700.0,719966.3636363636,9523653.636363637,2.004287004470825,2.1707615852355957,1.9999254941940308,100.0,HIGH PRIORITY,95th percentile prioritisation threshold,Spectral-stress evidence detected. Prioritise field inspection to determine the underlying cause. Field verification required.,262
scene_01_DT0000205230-Z0168,scene_01_DT0000205230,18,16200.0,731685.0,9524010.0,2.0040366649627686,2.1292898654937744,2.0013318061828613,100.0,HIGH PRIORITY,95th percentile prioritisation threshold,Spectral-stress evidence detected. Prioritise field inspection to determine the underlying cause. Field verification required.,263
scene_01_DT0000205230-Z0339,scene_01_DT0000205230,9,8100.0,724300.0,9517263.333333334,2.0039143562316895,2.152482032775879,1.999817132949829,100.0,HIGH PRIORITY,95th percentile prioritisation threshold,Spectral-stress evidence detected. Prioritise field inspection to determine the underlying cause. Field verification required.,264
scene_01_DT0000205230-Z0354,scene_01_DT0000205230,40,36000.0,724469.25,9516560.25,2.003868818283081,2.1259238719940186,1.996142864227295,100.0,HIGH PRIORITY,95th percentile prioritisation threshold,Spectral-stress evidence detected. Prioritise field inspection to determine the underlying cause. Field verification required.,265
scene_01_DT0000205230-Z0093,scene_01_DT0000205230,26,23400.0,730202.3076923077,9527382.692307692,2.0037732124328613,2.1340768337249756,1.9999873638153076,100.0,HIGH PRIORITY,95th percentile prioritisation threshold,Spectral-stress evidence detected. Prioritise field inspection to determine the underlying cause. Field verification required.,266
scene_01_DT0000205230-Z0182,scene_01_DT0000205230,15,13500.0,737964.0,9523644.0,2.0028886795043945,2.0967977046966553,1.985660433769226,100.0,HIGH PRIORITY,95th percentile prioritisation threshold,Spectral-stress evidence detected. Prioritise field inspection to determine the underlying cause. Field verification required.,267
scene_01_DT0000205230-Z0269,scene_01_DT0000205230,14,12600.0,730669.2857142857,9520227.857142856,2.0026557445526123,2.128547430038452,2.0076904296875,100.0,HIGH PRIORITY,95th percentile prioritisation threshold,Spectral-stress evidence detected. Prioritise field inspection to determine the underlying cause. Field verification required.,268
scene_01_DT0000205230-Z0027,scene_01_DT0000205230,36,32400.0,715240.0,9532480.0,2.0025794506073,2.137993097305298,1.986790657043457,100.0,HIGH PRIORITY,95th percentile prioritisation threshold,Spectral-stress evidence detected. Prioritise field inspection to determine the underlying cause. Field verification required.,269
scene_01_DT0000205230-Z0083,scene_01_DT0000205230,9,8100.0,720166.6666666666,9528123.333333334,2.002185106277466,2.0923123359680176,1.9840729236602783,100.0,HIGH PRIORITY,95th percentile prioritisation threshold,Spectral-stress evidence detected. Prioritise field inspection to determine the underlying cause. Field verification required.,270
scene_01_DT0000205230-Z0300,scene_01_DT0000205230,10,9000.0,740490.0,9518817.0,2.0021355152130127,2.111262321472168,2.0036048889160156,100.0,HIGH PRIORITY,95th percentile prioritisation threshold,Spectral-stress evidence detected. Prioritise field inspection to determine the underlying cause. Field verification required.,271
scene_01_DT0000205230-Z0223,scene_01_DT0000205230,30,27000.0,740839.0,9522107.0,2.001948833465576,2.203338623046875,1.9835319519042969,100.0,HIGH PRIORITY,95th percentile prioritisation threshold,Spectral-stress evidence detected. Prioritise field inspection to determine the underlying cause. Field verification required.,272
scene_01_DT0000205230-Z0324,scene_01_DT0000205230,27,24300.0,735210.0,9517772.222222222,2.0019137859344482,2.1475906372070312,1.993194580078125,100.0,HIGH PRIORITY,95th percentile prioritisation threshold,Spectral-stress evidence detected. Prioritise field inspection to determine the underlying cause. Field verification required.,273
scene_01_DT0000205230-Z0185,scene_01_DT0000205230,32,28800.0,735217.5,9523395.0,2.0017004013061523,2.1283366680145264,2.0032105445861816,100.0,HIGH PRIORITY,95th percentile prioritisation threshold,Spectral-stress evidence detected. Prioritise field inspection to determine the underlying cause. Field verification required.,274
scene_01_DT0000205230-Z0286,scene_01_DT0000205230,9,8100.0,727893.3333333334,9519423.333333334,2.0009701251983643,2.1173763275146484,1.9867976903915405,100.0,HIGH PRIORITY,95th percentile prioritisation threshold,Spectral-stress evidence detected. Prioritise field inspection to determine the underlying cause. Field verification required.,275
scene_01_DT0000205230-Z0377,scene_01_DT0000205230,25,22500.0,736682.4,9515054.4,2.0005223751068115,2.19132924079895,1.9937231540679932,100.0,HIGH PRIORITY,95th percentile prioritisation threshold,Spectral-stress evidence detected. Prioritise field inspection to determine the underlying cause. Field verification required.,276
scene_01_DT0000205230-Z0404,scene_01_DT0000205230,13,11700.0,715356.9230769231,9509021.538461538,2.00028395652771,2.098118782043457,1.9784480333328247,100.0,HIGH PRIORITY,95th percentile prioritisation threshold,Spectral-stress evidence detected. Prioritise field inspection to determine the underlying cause. Field verification required.,277
scene_01_DT0000205230-Z0268,scene_01_DT0000205230,21,18900.0,733755.7142857143,9520271.42857143,2.0000927448272705,2.128347635269165,1.9739798307418823,100.0,HIGH PRIORITY,95th percentile prioritisation threshold,Spectral-stress evidence detected. Prioritise field inspection to determine the underlying cause. Field verification required.,278
scene_01_DT0000205230-Z0401,scene_01_DT0000205230,30,27000.0,739485.0,9510543.0,1.9999159574508667,2.1165144443511963,1.9946502447128296,100.0,HIGH PRIORITY,95th percentile prioritisation threshold,Spectral-stress evidence detected. Prioritise field inspection to determine the underlying cause. Field verification required.,279
scene_01_DT0000205230-Z0098,scene_01_DT0000205230,12,10800.0,725282.5,9527260.0,1.9977002143859863,2.115560531616211,2.0032460689544678,100.0,HIGH PRIORITY,95th percentile prioritisation threshold,Spectral-stress evidence detected. Prioritise field inspection to determine the underlying cause. Field verification required.,280
scene_01_DT0000205230-Z0196,scene_01_DT0000205230,29,26100.0,734750.6896551724,9523168.965517242,1.9974669218063354,2.1191647052764893,2.0085694789886475,100.0,HIGH PRIORITY,95th percentile prioritisation threshold,Spectral-stress evidence detected. Prioritise field inspection to determine the underlying cause. Field verification required.,281
scene_01_DT0000205230-Z0402,scene_01_DT0000205230,20,18000.0,716740.5,9510232.5,1.9970582723617554,2.1661500930786133,1.987462043762207,100.0,HIGH PRIORITY,95th percentile prioritisation threshold,Spectral-stress evidence detected. Prioritise field inspection to determine the underlying cause. Field verification required.,282
scene_01_DT0000205230-Z0151,scene_01_DT0000205230,18,16200.0,742786.6666666666,9524603.333333334,1.995585560798645,2.1243269443511963,1.9857118129730225,100.0,HIGH PRIORITY,95th percentile prioritisation threshold,Spectral-stress evidence detected. Prioritise field inspection to determine the underlying cause. Field verification required.,283
scene_01_DT0000205230-Z0374,scene_01_DT0000205230,37,33300.0,729739.4594594594,9515165.675675675,1.9948309659957886,2.148709774017334,1.9838740825653076,100.0,HIGH PRIORITY,95th percentile prioritisation threshold,Spectral-stress evidence detected. Prioritise field inspection to determine the underlying cause. Field verification required.,284
scene_01_DT0000205230-Z0189,scene_01_DT0000205230,22,19800.0,728267.7272727273,9523359.545454545,1.9937068223953247,2.1019701957702637,1.9931902885437012,100.0,HIGH PRIORITY,95th percentile prioritisation threshold,Spectral-stress evidence detected. Prioritise field inspection to determine the underlying cause. Field verification required.,285
scene_01_DT0000205230-Z0304,scene_01_DT0000205230,40,36000.0,730083.0,9518531.25,1.9918575286865234,2.1552066802978516,1.9908249378204346,100.0,HIGH PRIORITY,95th percentile prioritisation threshold,Spectral-stress evidence detected. Prioritise field inspection to determine the underlying cause. Field verification required.,286
scene_01_DT0000205230-Z0075,scene_01_DT0000205230,28,25200.0,733657.5,9528469.285714285,1.9912179708480835,2.14306902885437,1.9831702709197998,100.0,HIGH PRIORITY,95th percentile prioritisation threshold,Spectral-stress evidence detected. Prioritise field inspection to determine the underlying cause. Field verification required.,287
scene_01_DT0000205230-Z0116,scene_01_DT0000205230,19,17100.0,720110.5263157894,9526571.05263158,1.9910789728164673,2.1567726135253906,1.9672095775604248,100.0,HIGH PRIORITY,95th percentile prioritisation threshold,Spectral-stress evidence detected. Prioritise field inspection to determine the underlying cause. Field verification required.,288
scene_01_DT0000205230-Z0387,scene_01_DT0000205230,18,16200.0,727941.6666666666,9514221.666666666,1.9904024600982666,2.087834596633911,1.9763820171356201,100.0,HIGH PRIORITY,95th percentile prioritisation threshold,Spectral-stress evidence detected. Prioritise field inspection to determine the underlying cause. Field verification required.,289
scene_01_DT0000205230-Z0216,scene_01_DT0000205230,21,18900.0,729524.2857142857,9522404.285714285,1.98978590965271,2.1373751163482666,1.9722174406051636,100.0,HIGH PRIORITY,95th percentile prioritisation threshold,Spectral-stress evidence detected. Prioritise field inspection to determine the underlying cause. Field verification required.,290
scene_01_DT0000205230-Z0094,scene_01_DT0000205230,28,25200.0,730502.1428571428,9527355.0,1.9895299673080444,2.1498970985412598,1.9780030250549316,100.0,HIGH PRIORITY,95th percentile prioritisation threshold,Spectral-stress evidence detected. Prioritise field inspection to determine the underlying cause. Field verification required.,291
scene_01_DT0000205230-Z0267,scene_01_DT0000205230,21,18900.0,725794.2857142857,9520360.0,1.9895228147506714,2.134207248687744,1.9642136096954346,100.0,HIGH PRIORITY,95th percentile prioritisation threshold,Spectral-stress evidence detected. Prioritise field inspection to determine the underlying cause. Field verification required.,292
scene_01_DT0000205230-Z0305,scene_01_DT0000205230,33,29700.0,740317.2727272727,9518499.090909092,1.9892663955688477,2.1543850898742676,1.973504900932312,100.0,HIGH PRIORITY,95th percentile prioritisation threshold,Spectral-stress evidence detected. Prioritise field inspection to determine the underlying cause. Field verification required.,293
scene_01_DT0000205230-Z0139,scene_01_DT0000205230,11,9900.0,731620.9090909091,9525122.727272727,1.987754464149475,2.104440689086914,1.9598968029022217,100.0,HIGH PRIORITY,95th percentile prioritisation threshold,Spectral-stress evidence detected. Prioritise field inspection to determine the underlying cause. Field verification required.,294
scene_01_DT0000205230-Z0051,scene_01_DT0000205230,26,23400.0,733915.3846153846,9529891.153846154,1.987717866897583,2.1685149669647217,1.9618033170700073,100.0,HIGH PRIORITY,95th percentile prioritisation threshold,Spectral-stress evidence detected. Prioritise field inspection to determine the underlying cause. Field verification required.,295
scene_01_DT0000205230-Z0115,scene_01_DT0000205230,11,9900.0,719871.8181818182,9526614.545454545,1.987307071685791,2.188786506652832,1.974059820175171,100.0,HIGH PRIORITY,95th percentile prioritisation threshold,Spectral-stress evidence detected. Prioritise field inspection to determine the underlying cause. Field verification required.,296
scene_01_DT0000205230-Z0314,scene_01_DT0000205230,18,16200.0,735921.6666666666,9518171.666666666,1.9867619276046753,2.0936789512634277,1.988591194152832,100.0,HIGH PRIORITY,95th percentile prioritisation threshold,Spectral-stress evidence detected. Prioritise field inspection to determine the underlying cause. Field verification required.,297
scene_01_DT0000205230-Z0312,scene_01_DT0000205230,12,10800.0,742127.5,9518275.0,1.986280918121338,2.1350290775299072,1.9686509370803833,100.0,HIGH PRIORITY,95th percentile prioritisation threshold,Spectral-stress evidence detected. Prioritise field inspection to determine the underlying cause. Field verification required.,298
scene_01_DT0000205230-Z0074,scene_01_DT0000205230,21,18900.0,716491.4285714285,9528481.42857143,1.9847261905670166,2.0764429569244385,1.9687762260437012,100.0,HIGH PRIORITY,95th percentile prioritisation threshold,Spectral-stress evidence detected. Prioritise field inspection to determine the underlying cause. Field verification required.,299
scene_01_DT0000205230-Z0188,scene_01_DT0000205230,17,15300.0,737917.0588235294,9523401.176470589,1.9847214221954346,2.1218209266662598,1.967898964881897,100.0,HIGH PRIORITY,95th percentile prioritisation threshold,Spectral-stress evidence detected. Prioritise field inspection to determine the underlying cause. Field verification required.,300
scene_01_DT0000205230-Z0349,scene_01_DT0000205230,18,16200.0,718020.0,9516761.666666666,1.9842534065246582,2.145331859588623,1.9720442295074463,100.0,HIGH PRIORITY,95th percentile prioritisation threshold,Spectral-stress evidence detected. Prioritise field inspection to determine the underlying cause. Field verification required.,301
scene_01_DT0000205230-Z0169,scene_01_DT0000205230,42,37800.0,731416.4285714285,9523857.857142856,1.9840108156204224,2.2335710525512695,1.9415613412857056,100.0,HIGH PRIORITY,95th percentile prioritisation threshold,Spectral-stress evidence detected. Prioritise field inspection to determine the underlying cause. Field verification required.,302
scene_01_DT0000205230-Z0205,scene_01_DT0000205230,16,14400.0,724351.875,9522858.75,1.983984351158142,2.1499178409576416,1.9346938133239746,100.0,HIGH PRIORITY,95th percentile prioritisation threshold,Spectral-stress evidence detected. Prioritise field inspection to determine the underlying cause. Field verification required.,303
scene_01_DT0000205230-Z0111,scene_01_DT0000205230,19,17100.0,720228.947368421,9526774.736842105,1.9838612079620361,2.152395486831665,1.9622842073440552,100.0,HIGH PRIORITY,95th percentile prioritisation threshold,Spectral-stress evidence detected. Prioritise field inspection to determine the underlying cause. Field verification required.,304
scene_01_DT0000205230-Z0327,scene_01_DT0000205230,10,9000.0,741195.0,9517779.0,1.9832442998886108,2.0914297103881836,1.967707633972168,100.0,HIGH PRIORITY,95th percentile prioritisation threshold,Spectral-stress evidence detected. Prioritise field inspection to determine the underlying cause. Field verification required.,305
scene_01_DT0000205230-Z0261,scene_01_DT0000205230,23,20700.0,733291.304347826,9520590.0,1.9827549457550049,2.0943281650543213,1.9709810018539429,100.0,HIGH PRIORITY,95th percentile prioritisation threshold,Spectral-stress evidence detected. Prioritise field inspection to determine the underlying cause. Field verification required.,306
scene_01_DT0000205230-Z0317,scene_01_DT0000205230,34,30600.0,736210.5882352941,9518100.0,1.9817354679107666,2.142683982849121,1.9781804084777832,100.0,HIGH PRIORITY,95th percentile prioritisation threshold,Spectral-stress evidence detected. Prioritise field inspection to determine the underlying cause. Field verification required.,307
scene_01_DT0000205230-Z0042,scene_01_DT0000205230,30,27000.0,727938.0,9530420.0,1.9809067249298096,2.070789098739624,1.9764657020568848,100.0,HIGH PRIORITY,95th percentile prioritisation threshold,Spectral-stress evidence detected. Prioritise field inspection to determine the underlying cause. Field verification required.,308
scene_01_DT0000205230-Z0395,scene_01_DT0000205230,37,33300.0,730859.1891891892,9513055.135135135,1.9800586700439453,2.093083620071411,1.9698185920715332,100.0,HIGH PRIORITY,95th percentile prioritisation threshold,Spectral-stress evidence detected. Prioritise field inspection to determine the underlying cause. Field verification required.,309
scene_01_DT0000205230-Z0219,scene_01_DT0000205230,65,58500.0,718583.0769230769,9522150.461538462,1.9798622131347656,2.1772494316101074,1.971605896949768,100.0,HIGH PRIORITY,95th percentile prioritisation threshold,Spectral-stress evidence detected. Prioritise field inspection to determine the underlying cause. Field verification required.,310
scene_01_DT0000205230-Z0198,scene_01_DT0000205230,30,27000.0,720142.0,9523078.0,1.979554295539856,2.2567033767700195,1.955701231956482,100.0,HIGH PRIORITY,95th percentile prioritisation threshold,Spectral-stress evidence detected. Prioritise field inspection to determine the underlying cause. Field verification required.,311
scene_01_DT0000205230-Z0063,scene_01_DT0000205230,21,18900.0,728341.4285714285,9529114.285714285,1.9792585372924805,2.1900734901428223,1.962058424949646,100.0,HIGH PRIORITY,95th percentile prioritisation threshold,Spectral-stress evidence detected. Prioritise field inspection to determine the underlying cause. Field verification required.,312
scene_01_DT0000205230-Z0360,scene_01_DT0000205230,9,8100.0,720056.6666666666,9516050.0,1.977967619895935,2.0915369987487793,1.9696004390716553,100.0,HIGH PRIORITY,95th percentile prioritisation threshold,Spectral-stress evidence detected. Prioritise field inspection to determine the underlying cause. Field verification required.,313
scene_01_DT0000205230-Z0031,scene_01_DT0000205230,62,55800.0,717787.2580645161,9531835.161290323,1.9777212142944336,2.162809133529663,1.9624443054199219,100.0,HIGH PRIORITY,95th percentile prioritisation threshold,Spectral-stress evidence detected. Prioritise field inspection to determine the underlying cause. Field verification required.,314
scene_01_DT0000205230-Z0319,scene_01_DT0000205230,14,12600.0,741173.5714285715,9518065.714285715,1.9775439500808716,2.1063411235809326,1.988002061843872,100.0,HIGH PRIORITY,95th percentile prioritisation threshold,Spectral-stress evidence detected. Prioritise field inspection to determine the underlying cause. Field verification required.,315
scene_01_DT0000205230-Z0129,scene_01_DT0000205230,22,19800.0,714117.2727272727,9525613.636363637,1.977499008178711,2.097440481185913,1.9776958227157593,100.0,HIGH PRIORITY,95th percentile prioritisation threshold,Spectral-stress evidence detected. Prioritise field inspection to determine the underlying cause. Field verification required.,316
scene_01_DT0000205230-Z0248,scene_01_DT0000205230,25,22500.0,741130.8,9520986.0,1.9772288799285889,2.142230987548828,1.9677797555923462,100.0,HIGH PRIORITY,95th percentile prioritisation threshold,Spectral-stress evidence detected. Prioritise field inspection to determine the underlying cause. Field verification required.,317
scene_01_DT0000205230-Z0407,scene_01_DT0000205230,10,9000.0,738846.0,9507675.0,1.9763396978378296,2.082822322845459,1.9521870613098145,100.0,HIGH PRIORITY,95th percentile prioritisation threshold,Spectral-stress evidence detected. Prioritise field inspection to determine the underlying cause. Field verification required.,318
scene_01_DT0000205230-Z0398,scene_01_DT0000205230,15,13500.0,715616.0,9510854.0,1.9760998487472534,2.1142759323120117,1.9571468830108643,100.0,HIGH PRIORITY,95th percentile prioritisation threshold,Spectral-stress evidence detected. Prioritise field inspection to determine the underlying cause. Field verification required.,319
scene_01_DT0000205230-Z0257,scene_01_DT0000205230,14,12600.0,716543.5714285715,9520701.42857143,1.9748601913452148,2.094609260559082,1.9746897220611572,100.0,HIGH PRIORITY,95th percentile prioritisation threshold,Spectral-stress evidence detected. Prioritise field inspection to determine the underlying cause. Field verification required.,320
scene_01_DT0000205230-Z0244,scene_01_DT0000205230,11,9900.0,728050.9090909091,9521151.818181818,1.973487377166748,2.056919574737549,1.9643490314483643,100.0,HIGH PRIORITY,95th percentile prioritisation threshold,Spectral-stress evidence detected. Prioritise field inspection to determine the underlying cause. Field verification required.,321
scene_01_DT0000205230-Z0007,scene_01_DT0000205230,15,13500.0,718894.0,9534834.0,1.9730817079544067,2.0719118118286133,1.9593701362609863,100.0,HIGH PRIORITY,95th percentile prioritisation threshold,Spectral-stress evidence detected. Prioritise field inspection to determine the underlying cause. Field verification required.,322
scene_01_DT0000205230-Z0390,scene_01_DT0000205230,16,14400.0,730629.375,9513935.625,1.9719555377960205,2.0660529136657715,1.9722304344177246,100.0,HIGH PRIORITY,95th percentile prioritisation threshold,Spectral-stress evidence detected. Prioritise field inspection to determine the underlying cause. Field verification required.,323
scene_01_DT0000205230-Z0095,scene_01_DT0000205230,10,9000.0,725109.0,9527340.0,1.9715694189071655,2.0516414642333984,1.9773218631744385,100.0,HIGH PRIORITY,95th percentile prioritisation threshold,Spectral-stress evidence detected. Prioritise field inspection to determine the underlying cause. Field verification required.,324
scene_01_DT0000205230-Z0333,scene_01_DT0000205230,10,9000.0,736455.0,9517584.0,1.9712836742401123,2.072004556655884,1.948630928993225,100.0,HIGH PRIORITY,95th percentile prioritisation threshold,Spectral-stress evidence detected. Prioritise field inspection to determine the underlying cause. Field verification required.,325
scene_01_DT0000205230-Z0006,scene_01_DT0000205230,26,23400.0,724886.5384615385,9535046.538461538,1.9708677530288696,2.1381804943084717,1.9559059143066406,100.0,HIGH PRIORITY,95th percentile prioritisation threshold,Spectral-stress evidence detected. Prioritise field inspection to determine the underlying cause. Field verification required.,326
scene_01_DT0000205230-Z0165,scene_01_DT0000205230,19,17100.0,738560.5263157894,9524081.05263158,1.9708380699157715,2.0697271823883057,1.9616637229919434,100.0,HIGH PRIORITY,95th percentile prioritisation threshold,Spectral-stress evidence detected. Prioritise field inspection to determine the underlying cause. Field verification required.,327
scene_01_DT0000205230-Z0178,scene_01_DT0000205230,30,27000.0,716713.0,9523718.0,1.970459222793579,2.0926835536956787,1.9707565307617188,100.0,HIGH PRIORITY,95th percentile prioritisation threshold,Spectral-stress evidence detected. Prioritise field inspection to determine the underlying cause. Field verification required.,328
scene_01_DT0000205230-Z0225,scene_01_DT0000205230,18,16200.0,729170.0,9521950.0,1.9702107906341553,2.070345640182495,1.9641191959381104,100.0,HIGH PRIORITY,95th percentile prioritisation threshold,Spectral-stress evidence detected. Prioritise field inspection to determine the underlying cause. Field verification required.,329
scene_01_DT0000205230-Z0155,scene_01_DT0000205230,62,55800.0,738398.2258064516,9524390.806451613,1.968532681465149,2.098703145980835,1.965033769607544,100.0,HIGH PRIORITY,95th percentile prioritisation threshold,Spectral-stress evidence detected. Prioritise field inspection to determine the underlying cause. Field verification required.,330
scene_01_DT0000205230-Z0394,scene_01_DT0000205230,26,23400.0,731172.6923076923,9513130.384615384,1.9683750867843628,2.117682695388794,1.9512485265731812,100.0,HIGH PRIORITY,95th percentile prioritisation threshold,Spectral-stress evidence detected. Prioritise field inspection to determine the underlying cause. Field verification required.,331
scene_01_DT0000205230-Z0014,scene_01_DT0000205230,124,111600.0,718783.5483870967,9533689.596774194,1.968154788017273,2.1825191974639893,1.952176809310913,100.0,HIGH PRIORITY,95th percentile prioritisation threshold,Spectral-stress evidence detected. Prioritise field inspection to determine the underlying cause. Field verification required.,332
scene_01_DT0000205230-Z0331,scene_01_DT0000205230,11,9900.0,741430.9090909091,9517701.818181818,1.9663093090057373,2.0450196266174316,1.9647971391677856,100.0,HIGH PRIORITY,95th percentile prioritisation threshold,Spectral-stress evidence detected. Prioritise field inspection to determine the underlying cause. Field verification required.,333
scene_01_DT0000205230-Z0375,scene_01_DT0000205230,20,18000.0,717120.0,9515161.5,1.9661569595336914,2.0632472038269043,1.9593913555145264,100.0,HIGH PRIORITY,95th percentile prioritisation threshold,Spectral-stress evidence detected. Prioritise field inspection to determine the underlying cause. Field verification required.,334
scene_01_DT0000205230-Z0003,scene_01_DT0000205230,14,12600.0,718630.7142857143,9535489.285714285,1.9640685319900513,2.0967888832092285,1.938476800918579,100.0,HIGH PRIORITY,95th percentile prioritisation threshold,Spectral-stress evidence detected. Prioritise field inspection to determine the underlying cause. Field verification required.,335
scene_01_DT0000205230-Z0273,scene_01_DT0000205230,14,12600.0,739253.5714285715,9520047.857142856,1.9640147686004639,2.051654100418091,1.9683866500854492,100.0,HIGH PRIORITY,95th percentile prioritisation threshold,Spectral-stress evidence detected. Prioritise field inspection to determine the underlying cause. Field verification required.,336
scene_01_DT0000205230-Z0071,scene_01_DT0000205230,24,21600.0,731830.0,9528593.75,1.9638463258743286,2.0477426052093506,1.9651637077331543,100.0,HIGH PRIORITY,95th percentile prioritisation threshold,Spectral-stress evidence detected. Prioritise field inspection to determine the underlying cause. Field verification required.,337
scene_01_DT0000205230-Z0358,scene_01_DT0000205230,27,24300.0,719861.1111111111,9516101.111111112,1.9630972146987915,2.097456216812134,1.9358763694763184,100.0,HIGH PRIORITY,95th percentile prioritisation threshold,Spectral-stress evidence detected. Prioritise field inspection to determine the underlying cause. Field verification required.,338
scene_01_DT0000205230-Z0202,scene_01_DT0000205230,30,27000.0,737201.0,9523007.0,1.9621747732162476,2.141486883163452,1.9409875869750977,100.0,HIGH PRIORITY,95th percentile prioritisation threshold,Spectral-stress evidence detected. Prioritise field inspection to determine the underlying cause. Field verification required.,339
scene_01_DT0000205230-Z0118,scene_01_DT0000205230,21,18900.0,735010.0,9526531.42857143,1.9621384143829346,2.0585591793060303,1.9526607990264893,100.0,HIGH PRIORITY,95th percentile prioritisation threshold,Spectral-stress evidence detected. Prioritise field inspection to determine the underlying cause. Field verification required.,340
scene_01_DT0000205230-Z0109,scene_01_DT0000205230,51,45900.0,731696.4705882353,9526756.470588235,1.9612438678741455,2.0997471809387207,1.9389605522155762,100.0,HIGH PRIORITY,95th percentile prioritisation threshold,Spectral-stress evidence detected. Prioritise field inspection to determine the underlying cause. Field verification required.,341
scene_01_DT0000205230-Z0231,scene_01_DT0000205230,10,9000.0,728775.0,9521715.0,1.9611990451812744,2.111710548400879,1.9677774906158447,100.0,HIGH PRIORITY,95th percentile prioritisation threshold,Spectral-stress evidence detected. Prioritise field inspection to determine the underlying cause. Field verification required.,342
scene_01_DT0000205230-Z0214,scene_01_DT0000205230,27,24300.0,743260.0,9522570.0,1.9606996774673462,2.0670742988586426,1.9548646211624146,100.0,HIGH PRIORITY,95th percentile prioritisation threshold,Spectral-stress evidence detected. Prioritise field inspection to determine the underlying cause. Field verification required.,343
scene_01_DT0000205230-Z0400,scene_01_DT0000205230,10,9000.0,739959.0,9510693.0,1.9602890014648438,2.0308644771575928,1.9599754810333252,100.0,HIGH PRIORITY,95th percentile prioritisation threshold,Spectral-stress evidence detected. Prioritise field inspection to determine the underlying cause. Field verification required.,344
scene_01_DT0000205230-Z0183,scene_01_DT0000205230,17,15300.0,718570.5882352941,9523503.529411765,1.9602513313293457,2.080169439315796,1.9522947072982788,100.0,HIGH PRIORITY,95th percentile prioritisation threshold,Spectral-stress evidence detected. Prioritise field inspection to determine the underlying cause. Field verification required.,345
scene_01_DT0000205230-Z0164,scene_01_DT0000205230,16,14400.0,733961.25,9524036.25,1.9600306749343872,2.081105947494507,1.9448167085647583,100.0,HIGH PRIORITY,95th percentile prioritisation threshold,Spectral-stress evidence detected. Prioritise field inspection to determine the underlying cause. Field verification required.,346
scene_01_DT0000205230-Z0302,scene_01_DT0000205230,17,15300.0,716384.1176470588,9518735.294117646,1.9591901302337646,2.0848207473754883,1.9621318578720093,100.0,HIGH PRIORITY,95th percentile prioritisation threshold,Spectral-stress evidence detected. Prioritise field inspection to determine the underlying cause. Field verification required.,347
scene_01_DT0000205230-Z0010,scene_01_DT0000205230,41,36900.0,718880.487804878,9534563.414634146,1.9574333429336548,2.061509132385254,1.9501445293426514,100.0,HIGH PRIORITY,95th percentile prioritisation threshold,Spectral-stress evidence detected. Prioritise field inspection to determine the underlying cause. Field verification required.,348
scene_01_DT0000205230-Z0175,scene_01_DT0000205230,11,9900.0,716888.1818181818,9523810.909090908,1.9572644233703613,2.0868465900421143,1.935670256614685,100.0,HIGH PRIORITY,95th percentile prioritisation threshold,Spectral-stress evidence detected. Prioritise field inspection to determine the underlying cause. Field verification required.,349
scene_01_DT0000205230-Z0108,scene_01_DT0000205230,13,11700.0,730227.6923076923,9526806.923076924,1.9572522640228271,2.0660126209259033,1.954120397567749,100.0,HIGH PRIORITY,95th percentile prioritisation threshold,Spectral-stress evidence detected. Prioritise field inspection to determine the underlying cause. Field verification required.,350
scene_01_DT0000205230-Z0380,scene_01_DT0000205230,10,9000.0,728160.0,9514785.0,1.9571540355682373,2.028843879699707,1.9453274011611938,100.0,HIGH PRIORITY,95th percentile prioritisation threshold,Spectral-stress evidence detected. Prioritise field inspection to determine the underlying cause. Field verification required.,351
scene_01_DT0000205230-Z0325,scene_01_DT0000205230,17,15300.0,740502.3529411765,9517812.352941176,1.9571526050567627,2.0750515460968018,1.9631030559539795,100.0,HIGH PRIORITY,95th percentile prioritisation threshold,Spectral-stress evidence detected. Prioritise field inspection to determine the underlying cause. Field verification required.,352
scene_01_DT0000205230-Z0162,scene_01_DT0000205230,70,63000.0,736363.7142857143,9524022.42857143,1.956182837486267,2.1226184368133545,1.9436538219451904,100.0,HIGH PRIORITY,95th percentile prioritisation threshold,Spectral-stress evidence detected. Prioritise field inspection to determine the underlying cause. Field verification required.,353
scene_01_DT0000205230-Z0357,scene_01_DT0000205230,9,8100.0,737510.0,9516270.0,1.9561113119125366,2.0737860202789307,1.9164739847183228,100.0,HIGH PRIORITY,95th percentile prioritisation threshold,Spectral-stress evidence detected. Prioritise field inspection to determine the underlying cause. Field verification required.,354
scene_01_DT0000205230-Z0082,scene_01_DT0000205230,9,8100.0,730633.3333333334,9528146.666666666,1.9558309316635132,2.050107479095459,1.9554251432418823,100.0,HIGH PRIORITY,95th percentile prioritisation threshold,Spectral-stress evidence detected. Prioritise field inspection to determine the underlying cause. Field verification required.,355
scene_01_DT0000205230-Z0241,scene_01_DT0000205230,10,9000.0,722793.0,9521229.0,1.9546477794647217,2.0123565196990967,1.965238094329834,100.0,HIGH PRIORITY,95th percentile prioritisation threshold,Spectral-stress evidence detected. Prioritise field inspection to determine the underlying cause. Field verification required.,356
scene_01_DT0000205230-Z0199,scene_01_DT0000205230,19,17100.0,726999.4736842106,9523067.368421054,1.9534157514572144,2.050616502761841,1.93881094455719,100.0,HIGH PRIORITY,95th percentile prioritisation threshold,Spectral-stress evidence detected. Prioritise field inspection to determine the underlying cause. Field verification required.,357
scene_01_DT0000205230-Z0245,scene_01_DT0000205230,14,12600.0,720420.0,9521091.42857143,1.9530190229415894,2.05521821975708,1.943733811378479,100.0,HIGH PRIORITY,95th percentile prioritisation threshold,Spectral-stress evidence detected. Prioritise field inspection to determine the underlying cause. Field verification required.,358
scene_01_DT0000205230-Z0208,scene_01_DT0000205230,11,9900.0,740520.0,9522769.090909092,1.9528201818466187,2.0429983139038086,1.9497356414794922,100.0,HIGH PRIORITY,95th percentile prioritisation threshold,Spectral-stress evidence detected. Prioritise field inspection to determine the underlying cause. Field verification required.,359
scene_01_DT0000205230-Z0057,scene_01_DT0000205230,28,25200.0,729558.2142857143,9529502.142857144,1.9527114629745483,2.050687551498413,1.9433163404464722,100.0,HIGH PRIORITY,95th percentile prioritisation threshold,Spectral-stress evidence detected. Prioritise field inspection to determine the underlying cause. Field verification required.,360
scene_01_DT0000205230-Z0258,scene_01_DT0000205230,9,8100.0,725590.0,9520706.666666666,1.9511799812316895,2.012336254119873,1.9352909326553345,100.0,HIGH PRIORITY,95th percentile prioritisation threshold,Spectral-stress evidence detected. Prioritise field inspection to determine the underlying cause. Field verification required.,361
scene_01_DT0000205230-Z0292,scene_01_DT0000205230,13,11700.0,721153.8461538461,9519152.307692308,1.9509661197662354,2.0420596599578857,1.9189180135726929,100.0,HIGH PRIORITY,95th percentile prioritisation threshold,Spectral-stress evidence detected. Prioritise field inspection to determine the underlying cause. Field verification required.,362
scene_01_DT0000205230-Z0004,scene_01_DT0000205230,20,18000.0,724320.0,9535335.0,1.949180245399475,2.023027181625366,1.9419546127319336,100.0,HIGH PRIORITY,95th percentile prioritisation threshold,Spectral-stress evidence detected. Prioritise field inspection to determine the underlying cause. Field verification required.,363
scene_01_DT0000205230-Z0338,scene_01_DT0000205230,35,31500.0,721222.2857142857,9517359.42857143,1.9483444690704346,2.0966858863830566,1.9455680847167969,100.0,HIGH PRIORITY,95th percentile prioritisation threshold,Spectral-stress evidence detected. Prioritise field inspection to determine the underlying cause. Field verification required.,364
scene_01_DT0000205230-Z0222,scene_01_DT0000205230,10,9000.0,743175.0,9522174.0,1.9481319189071655,2.0653369426727295,1.9284677505493164,100.0,HIGH PRIORITY,95th percentile prioritisation threshold,Spectral-stress evidence detected. Prioritise field inspection to determine the underlying cause. Field verification required.,365
scene_01_DT0000205230-Z0287,scene_01_DT0000205230,12,10800.0,737102.5,9519405.0,1.9476674795150757,2.0216808319091797,1.9353618621826172,100.0,HIGH PRIORITY,95th percentile prioritisation threshold,Spectral-stress evidence detected. Prioritise field inspection to determine the underlying cause. Field verification required.,366
scene_01_DT0000205230-Z0147,scene_01_DT0000205230,9,8100.0,719803.3333333334,9524703.333333334,1.9464473724365234,1.986230492591858,1.9518754482269287,100.0,HIGH PRIORITY,95th percentile prioritisation threshold,Spectral-stress evidence detected. Prioritise field inspection to determine the underlying cause. Field verification required.,367
scene_01_DT0000205230-Z0005,scene_01_DT0000205230,25,22500.0,719244.0,9535204.8,1.9461463689804077,2.0952765941619873,1.926013708114624,100.0,HIGH PRIORITY,95th percentile prioritisation threshold,Spectral-stress evidence detected. Prioritise field inspection to determine the underlying cause. Field verification required.,368
scene_01_DT0000205230-Z0105,scene_01_DT0000205230,29,26100.0,731202.4137931034,9527005.862068966,1.9448810815811157,2.0898518562316895,1.934873104095459,100.0,HIGH PRIORITY,95th percentile prioritisation threshold,Spectral-stress evidence detected. Prioritise field inspection to determine the underlying cause. Field verification required.,369
scene_01_DT0000205230-Z0329,scene_01_DT0000205230,12,10800.0,734417.5,9517692.5,1.944173812866211,1.989755392074585,1.9400546550750732,100.0,HIGH PRIORITY,95th percentile prioritisation threshold,Spectral-stress evidence detected. Prioritise field inspection to determine the underlying cause. Field verification required.,370
scene_01_DT0000205230-Z0058,scene_01_DT0000205230,17,15300.0,726494.1176470588,9529440.0,1.9440864324569702,2.047452211380005,1.9386628866195679,100.0,HIGH PRIORITY,95th percentile prioritisation threshold,Spectral-stress evidence detected. Prioritise field inspection to determine the underlying cause. Field verification required.,371
scene_01_DT0000205230-Z0173,scene_01_DT0000205230,18,16200.0,719706.6666666666,9523855.0,1.9440468549728394,2.03007435798645,1.9365122318267822,100.0,HIGH PRIORITY,95th percentile prioritisation threshold,Spectral-stress evidence detected. Prioritise field inspection to determine the underlying cause. Field verification required.,372
scene_01_DT0000205230-Z0280,scene_01_DT0000205230,11,9900.0,722053.6363636364,9519616.363636363,1.942764163017273,1.9941390752792358,1.93490469455719,100.0,HIGH PRIORITY,95th percentile prioritisation threshold,Spectral-stress evidence detected. Prioritise field inspection to determine the underlying cause. Field verification required.,373
scene_01_DT0000205230-Z0160,scene_01_DT0000205230,25,22500.0,737910.0,9524226.0,1.9420183897018433,2.039731740951538,1.9495638608932495,100.0,HIGH PRIORITY,95th percentile prioritisation threshold,Spectral-stress evidence detected. Prioritise field inspection to determine the underlying cause. Field verification required.,374
scene_01_DT0000205230-Z0337,scene_01_DT0000205230,10,9000.0,729354.0,9517476.0,1.9412298202514648,1.9925416707992554,1.9433095455169678,100.0,HIGH PRIORITY,95th percentile prioritisation threshold,Spectral-stress evidence detected. Prioritise field inspection to determine the underlying cause. Field verification required.,375
scene_01_DT0000205230-Z0215,scene_01_DT0000205230,13,11700.0,729339.2307692308,9522456.923076924,1.9408901929855347,2.0427677631378174,1.9353461265563965,100.0,HIGH PRIORITY,95th percentile prioritisation threshold,Spectral-stress evidence detected. Prioritise field inspection to determine the underlying cause. Field verification required.,376
scene_01_DT0000205230-Z0110,scene_01_DT0000205230,11,9900.0,719830.9090909091,9526761.818181818,1.9405510425567627,2.0111210346221924,1.9329605102539062,100.0,HIGH PRIORITY,95th percentile prioritisation threshold,Spectral-stress evidence detected. Prioritise field inspection to determine the underlying cause. Field verification required.,377
scene_01_DT0000205230-Z0201,scene_01_DT0000205230,15,13500.0,729162.0,9523066.0,1.9404094219207764,2.0302820205688477,1.9233064651489258,100.0,HIGH PRIORITY,95th percentile prioritisation threshold,Spectral-stress evidence detected. Prioritise field inspection to determine the underlying cause. Field verification required.,378
scene_01_DT0000205230-Z0294,scene_01_DT0000205230,10,9000.0,736365.0,9519072.0,1.939776062965393,2.033348560333252,1.9376094341278076,100.0,HIGH PRIORITY,95th percentile prioritisation threshold,Spectral-stress evidence detected. Prioritise field inspection to determine the underlying cause. Field verification required.,379
scene_01_DT0000205230-Z0048,scene_01_DT0000205230,10,9000.0,721785.0,9530139.0,1.9391906261444092,2.0094079971313477,1.9367631673812866,100.0,HIGH PRIORITY,95th percentile prioritisation threshold,Spectral-stress evidence detected. Prioritise field inspection to determine the underlying cause. Field verification required.,380
scene_01_DT0000205230-Z0102,scene_01_DT0000205230,13,11700.0,735934.6153846154,9527127.692307692,1.9372901916503906,1.985512375831604,1.9315096139907837,100.0,HIGH PRIORITY,95th percentile prioritisation threshold,Spectral-stress evidence detected. Prioritise field inspection to determine the underlying cause. Field verification required.,381
scene_01_DT0000205230-Z0179,scene_01_DT0000205230,19,17100.0,737414.2105263158,9523705.263157895,1.9369369745254517,1.981255054473877,1.937423586845398,100.0,HIGH PRIORITY,95th percentile prioritisation threshold,Spectral-stress evidence detected. Prioritise field inspection to determine the underlying cause. Field verification required.,382
scene_01_DT0000205230-Z0368,scene_01_DT0000205230,9,8100.0,729020.0,9515550.0,1.9367942810058594,2.036116123199463,1.9331114292144775,100.0,HIGH PRIORITY,95th percentile prioritisation threshold,Spectral-stress evidence detected. Prioritise field inspection to determine the underlying cause. Field verification required.,383
scene_01_DT0000205230-Z0099,scene_01_DT0000205230,24,21600.0,729933.75,9527157.5,1.936568260192871,2.014721393585205,1.9370245933532715,100.0,HIGH PRIORITY,95th percentile prioritisation threshold,Spectral-stress evidence detected. Prioritise field inspection to determine the underlying cause. Field verification required.,384
scene_01_DT0000205230-Z0096,scene_01_DT0000205230,22,19800.0,730922.7272727273,9527284.090909092,1.9357296228408813,2.014850378036499,1.9322710037231445,100.0,HIGH PRIORITY,95th percentile prioritisation threshold,Spectral-stress evidence detected. Prioritise field inspection to determine the underlying cause. Field verification required.,385
scene_01_DT0000205230-Z0190,scene_01_DT0000205230,9,8100.0,738363.3333333334,9523400.0,1.935530185699463,2.0125646591186523,1.9193841218948364,100.0,HIGH PRIORITY,95th percentile prioritisation threshold,Spectral-stress evidence detected. Prioritise field inspection to determine the underlying cause. Field verification required.,386
scene_01_DT0000205230-Z0284,scene_01_DT0000205230,10,9000.0,721293.0,9519456.0,1.9354482889175415,1.9981430768966675,1.927880883216858,100.0,HIGH PRIORITY,95th percentile prioritisation threshold,Spectral-stress evidence detected. Prioritise field inspection to determine the underlying cause. Field verification required.,387
scene_01_DT0000205230-Z0330,scene_01_DT0000205230,10,9000.0,736224.0,9517695.0,1.9353306293487549,1.9903382062911987,1.9322736263275146,100.0,HIGH PRIORITY,95th percentile prioritisation threshold,Spectral-stress evidence detected. Prioritise field inspection to determine the underlying cause. Field verification required.,388
scene_01_DT0000205230-Z0197,scene_01_DT0000205230,9,8100.0,720400.0,9523170.0,1.933419108390808,1.994895100593567,1.927557110786438,100.0,HIGH PRIORITY,95th percentile prioritisation threshold,Spectral-stress evidence detected. Prioritise field inspection to determine the underlying cause. Field verification required.,389
scene_01_DT0000205230-Z0090,scene_01_DT0000205230,99,89100.0,731909.696969697,9527597.878787879,1.9322247505187988,2.043623924255371,1.914753794670105,100.0,HIGH PRIORITY,95th percentile prioritisation threshold,Spectral-stress evidence detected. Prioritise field inspection to determine the underlying cause. Field verification required.,390
scene_01_DT0000205230-Z0084,scene_01_DT0000205230,9,8100.0,725786.6666666666,9528073.333333334,1.9317632913589478,2.02282452583313,1.919081449508667,100.0,HIGH PRIORITY,95th percentile prioritisation threshold,Spectral-stress evidence detected. Prioritise field inspection to determine the underlying cause. Field verification required.,391
scene_01_DT0000205230-Z0356,scene_01_DT0000205230,11,9900.0,723458.1818181818,9516430.909090908,1.931674838066101,1.9890261888504028,1.9257322549819946,100.0,HIGH PRIORITY,95th percentile prioritisation threshold,Spectral-stress evidence detected. Prioritise field inspection to determine the underlying cause. Field verification required.,392
scene_01_DT0000205230-Z0037,scene_01_DT0000205230,13,11700.0,715557.6923076923,9531371.538461538,1.9314043521881104,1.9965707063674927,1.9157764911651611,100.0,HIGH PRIORITY,95th percentile prioritisation threshold,Spectral-stress evidence detected. Prioritise field inspection to determine the underlying cause. Field verification required.,393
scene_01_DT0000205230-Z0171,scene_01_DT0000205230,11,9900.0,734413.6363636364,9523922.727272727,1.9312644004821777,2.011082887649536,1.9297587871551514,100.0,HIGH PRIORITY,95th percentile prioritisation threshold,Spectral-stress evidence detected. Prioritise field inspection to determine the underlying cause. Field verification required.,394
scene_01_DT0000205230-Z0047,scene_01_DT0000205230,10,9000.0,733926.0,9530166.0,1.9300117492675781,1.9750045537948608,1.9226953983306885,100.0,HIGH PRIORITY,95th percentile prioritisation threshold,Spectral-stress evidence detected. Prioritise field inspection to determine the underlying cause. Field verification required.,395
scene_01_DT0000205230-Z0343,scene_01_DT0000205230,9,8100.0,724003.3333333334,9516963.333333334,1.9298204183578491,1.9858967065811157,1.9285123348236084,100.0,HIGH PRIORITY,95th percentile prioritisation threshold,Spectral-stress evidence detected. Prioritise field inspection to determine the underlying cause. Field verification required.,396
scene_01_DT0000205230-Z0397,scene_01_DT0000205230,9,8100.0,739260.0,9510970.0,1.9295086860656738,1.9820648431777954,1.929459810256958,100.0,HIGH PRIORITY,95th percentile prioritisation threshold,Spectral-stress evidence detected. Prioritise field inspection to determine the underlying cause. Field verification required.,397
scene_01_DT0000205230-Z0069,scene_01_DT0000205230,13,11700.0,720131.5384615385,9528664.615384616,1.9282875061035156,1.978534460067749,1.9277015924453735,100.0,HIGH PRIORITY,95th percentile prioritisation threshold,Spectral-stress evidence detected. Prioritise field inspection to determine the underlying cause. Field verification required.,398
scene_01_DT0000205230-Z0295,scene_01_DT0000205230,9,8100.0,740536.6666666666,9519000.0,1.9268417358398438,2.0118300914764404,1.8981066942214966,100.0,HIGH PRIORITY,95th percentile prioritisation threshold,Spectral-stress evidence detected. Prioritise field inspection to determine the underlying cause. Field verification required.,399
scene_01_DT0000205230-Z0320,scene_01_DT0000205230,11,9900.0,736344.5454545454,9517898.181818182,1.9265449047088623,1.9727919101715088,1.9223443269729614,100.0,HIGH PRIORITY,95th percentile prioritisation threshold,Spectral-stress evidence detected. Prioritise field inspection to determine the underlying cause. Field verification required.,400
scene_01_DT0000205230-Z0035,scene_01_DT0000205230,10,9000.0,718344.0,9531441.0,1.924232840538025,1.9717955589294434,1.9333689212799072,100.0,HIGH PRIORITY,95th percentile prioritisation threshold,Spectral-stress evidence detected. Prioritise field inspection to determine the underlying cause. Field verification required.,401
scene_01_DT0000205230-Z0158,scene_01_DT0000205230,19,17100.0,730771.5789473684,9524306.842105264,1.923370599746704,1.9756464958190918,1.9199144840240479,100.0,HIGH PRIORITY,95th percentile prioritisation threshold,Spectral-stress evidence detected. Prioritise field inspection to determine the underlying cause. Field verification required.,402
scene_01_DT0000205230-Z0067,scene_01_DT0000205230,18,16200.0,731581.6666666666,9528678.333333334,1.9230196475982666,1.9948927164077759,1.9205279350280762,100.0,HIGH PRIORITY,95th percentile prioritisation threshold,Spectral-stress evidence detected. Prioritise field inspection to determine the underlying cause. Field verification required.,403
scene_01_DT0000205230-Z0079,scene_01_DT0000205230,9,8100.0,732556.6666666666,9528370.0,1.9226828813552856,1.9651581048965454,1.9114216566085815,100.0,HIGH PRIORITY,95th percentile prioritisation threshold,Spectral-stress evidence detected. Prioritise field inspection to determine the underlying cause. Field verification required.,404
scene_01_DT0000205230-Z0103,scene_01_DT0000205230,15,13500.0,736188.0,9527064.0,1.9214826822280884,1.9682596921920776,1.9134495258331299,100.0,HIGH PRIORITY,95th percentile prioritisation threshold,Spectral-stress evidence detected. Prioritise field inspection to determine the underlying cause. Field verification required.,405
scene_01_DT0000205230-Z0342,scene_01_DT0000205230,11,9900.0,718497.2727272727,9517115.454545455,1.9124970436096191,1.9615806341171265,1.9040379524230957,100.0,HIGH PRIORITY,95th percentile prioritisation threshold,Spectral-stress evidence detected. Prioritise field inspection to determine the underlying cause. Field verification required.,406
scene_01_DT0000205230-Z0009,scene_01_DT0000205230,13,11700.0,723729.2307692308,9534740.76923077,1.9072682857513428,1.956849455833435,1.8916126489639282,100.0,HIGH PRIORITY,95th percentile prioritisation threshold,Spectral-stress evidence detected. Prioritise field inspection to determine the underlying cause. Field verification required.,407
