zone_id,scene,pixel_count,approx_area_m2,centroid_x,centroid_y,centroid_lon,centroid_lat,mean_risk,max_risk,median_risk,high_priority_pixel_pct,priority_category,threshold_type,recommendation,priority_rank
upload_0af7d3e7-Z0129,upload_0af7d3e7,365,328500.0,568041.205479452,1969236.98630137,33.642034646852004,17.809597764310187,3.391275405883789,4.917055606842041,3.6088309288024902,100.0,HIGH PRIORITY,95th percentile prioritisation threshold,Spectral-stress evidence detected. Prioritise field inspection to determine the underlying cause. Field verification required.,1
upload_0af7d3e7-Z0087,upload_0af7d3e7,419,377100.0,558407.1121718377,1971259.9761336516,33.551187179832176,17.828159649703093,3.2093188762664795,4.888455390930176,3.2355635166168213,100.0,HIGH PRIORITY,95th percentile prioritisation threshold,Spectral-stress evidence detected. Prioritise field inspection to determine the underlying cause. Field verification required.,2
upload_0af7d3e7-Z0191,upload_0af7d3e7,266,239400.0,566663.5714285715,1965214.84962406,33.62890862579022,17.773286789413714,3.2081079483032227,4.720612525939941,3.213658094406128,100.0,HIGH PRIORITY,95th percentile prioritisation threshold,Spectral-stress evidence detected. Prioritise field inspection to determine the underlying cause. Field verification required.,3
upload_0af7d3e7-Z0052,upload_0af7d3e7,104,93600.0,557396.5384615385,1972605.0,33.541687475936904,17.84034316681073,3.157369375228882,4.489564895629883,3.188014507293701,100.0,HIGH PRIORITY,95th percentile prioritisation threshold,Spectral-stress evidence detected. Prioritise field inspection to determine the underlying cause. Field verification required.,4
upload_0af7d3e7-Z0181,upload_0af7d3e7,550,495000.0,567301.9090909091,1965756.981818182,33.634947780217786,17.77816731256179,3.1358067989349365,4.856600761413574,3.2084779739379883,100.0,HIGH PRIORITY,95th percentile prioritisation threshold,Spectral-stress evidence detected. Prioritise field inspection to determine the underlying cause. Field verification required.,5
upload_0af7d3e7-Z0159,upload_0af7d3e7,27,24300.0,567847.7777777778,1967663.3333333333,33.64015882962016,17.79538067011402,3.0326154232025146,4.065405368804932,3.14579439163208,100.0,HIGH PRIORITY,95th percentile prioritisation threshold,Spectral-stress evidence detected. Prioritise field inspection to determine the underlying cause. Field verification required.,6
upload_0af7d3e7-Z0083,upload_0af7d3e7,75,67500.0,557003.2,1971656.4,33.53794966653392,17.831779611184896,3.0304291248321533,4.487418174743652,2.981593608856201,100.0,HIGH PRIORITY,95th percentile prioritisation threshold,Spectral-stress evidence detected. Prioritise field inspection to determine the underlying cause. Field verification required.,7
upload_0af7d3e7-Z0369,upload_0af7d3e7,441,396900.0,566587.2789115646,1955804.9659863946,33.62789263350733,17.688239343300687,2.922233819961548,5.3697614669799805,2.8366360664367676,100.0,HIGH PRIORITY,95th percentile prioritisation threshold,Spectral-stress evidence detected. Prioritise field inspection to determine the underlying cause. Field verification required.,8
upload_0af7d3e7-Z0119,upload_0af7d3e7,197,177300.0,569409.8984771573,1969786.5989847716,33.65496711292537,17.81452245903579,2.911094903945923,4.449180603027344,2.884324550628662,100.0,HIGH PRIORITY,95th percentile prioritisation threshold,Spectral-stress evidence detected. Prioritise field inspection to determine the underlying cause. Field verification required.,9
upload_0af7d3e7-Z0065,upload_0af7d3e7,345,310500.0,558809.304347826,1971937.1304347827,33.55500148694511,17.834269276973185,2.901850461959839,4.592713832855225,2.771385908126831,100.0,HIGH PRIORITY,95th percentile prioritisation threshold,Spectral-stress evidence detected. Prioritise field inspection to determine the underlying cause. Field verification required.,10
upload_0af7d3e7-Z0145,upload_0af7d3e7,118,106200.0,568526.186440678,1968829.5762711863,33.64659743115925,17.805900417686612,2.8721249103546143,4.27512788772583,2.886366844177246,100.0,HIGH PRIORITY,95th percentile prioritisation threshold,Spectral-stress evidence detected. Prioritise field inspection to determine the underlying cause. Field verification required.,11
upload_0af7d3e7-Z0124,upload_0af7d3e7,119,107100.0,568571.0924369748,1969664.3697478992,33.64704834142433,17.813444077585803,2.844916820526123,4.036917209625244,2.8760993480682373,100.0,HIGH PRIORITY,95th percentile prioritisation threshold,Spectral-stress evidence detected. Prioritise field inspection to determine the underlying cause. Field verification required.,12
upload_0af7d3e7-Z0206,upload_0af7d3e7,45,40500.0,566197.3333333334,1964554.6666666667,33.62448957803871,17.767333920053986,2.8181707859039307,4.16710901260376,2.771003246307373,100.0,HIGH PRIORITY,95th percentile prioritisation threshold,Spectral-stress evidence detected. Prioritise field inspection to determine the underlying cause. Field verification required.,13
upload_0af7d3e7-Z0089,upload_0af7d3e7,54,48600.0,559143.3333333334,1971361.111111111,33.55813749608612,17.829054021934116,2.7377710342407227,4.1859450340271,2.5803382396698,100.0,HIGH PRIORITY,95th percentile prioritisation threshold,Spectral-stress evidence detected. Prioritise field inspection to determine the underlying cause. Field verification required.,14
upload_0af7d3e7-Z0123,upload_0af7d3e7,196,176400.0,570234.4897959183,1969705.2551020407,33.662745043074985,17.813761035936878,2.730515480041504,4.29805850982666,2.6582000255584717,100.0,HIGH PRIORITY,95th percentile prioritisation threshold,Spectral-stress evidence detected. Prioritise field inspection to determine the underlying cause. Field verification required.,15
upload_0af7d3e7-Z0251,upload_0af7d3e7,374,336600.0,561495.7219251337,1961493.7700534759,33.58004830696299,17.73980462919104,2.7092158794403076,3.7463183403015137,2.7381296157836914,100.0,HIGH PRIORITY,95th percentile prioritisation threshold,Spectral-stress evidence detected. Prioritise field inspection to determine the underlying cause. Field verification required.,16
upload_0af7d3e7-Z0390,upload_0af7d3e7,207,186300.0,567135.2173913043,1953660.579710145,33.63299141511554,17.668841001786568,2.666675567626953,4.975930213928223,2.4684486389160156,100.0,HIGH PRIORITY,95th percentile prioritisation threshold,Spectral-stress evidence detected. Prioritise field inspection to determine the underlying cause. Field verification required.,17
upload_0af7d3e7-Z0436,upload_0af7d3e7,9,8100.0,548916.6666666666,1947040.0,33.46106851729925,17.609476976277794,2.6417882442474365,3.4696199893951416,2.636122226715088,100.0,HIGH PRIORITY,95th percentile prioritisation threshold,Spectral-stress evidence detected. Prioritise field inspection to determine the underlying cause. Field verification required.,18
upload_0af7d3e7-Z0039,upload_0af7d3e7,234,210600.0,577960.5128205129,1973156.4102564103,33.73577301702601,17.844692044380224,2.637096881866455,5.946924686431885,2.183323860168457,100.0,HIGH PRIORITY,95th percentile prioritisation threshold,Spectral-stress evidence detected. Prioritise field inspection to determine the underlying cause. Field verification required.,19
upload_0af7d3e7-Z0300,upload_0af7d3e7,17,15300.0,575546.4705882353,1959550.5882352942,33.71250346846879,17.721805290411464,2.621187210083008,3.4560539722442627,2.6855850219726562,100.0,HIGH PRIORITY,95th percentile prioritisation threshold,Spectral-stress evidence detected. Prioritise field inspection to determine the underlying cause. Field verification required.,20
upload_0af7d3e7-Z0066,upload_0af7d3e7,132,118800.0,551306.1363636364,1971677.9545454546,33.48418744222577,17.832115085385784,2.618643283843994,3.4493041038513184,2.5969157218933105,100.0,HIGH PRIORITY,95th percentile prioritisation threshold,Spectral-stress evidence detected. Prioritise field inspection to determine the underlying cause. Field verification required.,21
upload_0af7d3e7-Z0188,upload_0af7d3e7,36,32400.0,564930.0,1965711.6666666667,33.612569988032,17.777829003580727,2.611729621887207,3.6198484897613525,2.4860010147094727,100.0,HIGH PRIORITY,95th percentile prioritisation threshold,Spectral-stress evidence detected. Prioritise field inspection to determine the underlying cause. Field verification required.,22
upload_0af7d3e7-Z0435,upload_0af7d3e7,17,15300.0,546322.9411764706,1947298.2352941176,33.43662726594716,17.61186665891237,2.6076500415802,3.7093935012817383,2.5080411434173584,100.0,HIGH PRIORITY,95th percentile prioritisation threshold,Spectral-stress evidence detected. Prioritise field inspection to determine the underlying cause. Field verification required.,23
upload_0af7d3e7-Z0069,upload_0af7d3e7,206,185400.0,556421.9417475729,1971832.2815533981,33.53246912395017,17.833384327824675,2.5982985496520996,4.140091896057129,2.4367430210113525,100.0,HIGH PRIORITY,95th percentile prioritisation threshold,Spectral-stress evidence detected. Prioritise field inspection to determine the underlying cause. Field verification required.,24
upload_0af7d3e7-Z0388,upload_0af7d3e7,76,68400.0,567598.4210526316,1953854.2105263157,33.637364746529585,17.670577023775582,2.589932918548584,4.178133010864258,2.405503749847412,100.0,HIGH PRIORITY,95th percentile prioritisation threshold,Spectral-stress evidence detected. Prioritise field inspection to determine the underlying cause. Field verification required.,25
upload_0af7d3e7-Z0227,upload_0af7d3e7,223,200700.0,558004.4394618834,1962891.3901345292,33.547156862451004,17.752531541834347,2.5698583126068115,4.394794940948486,2.436774969100952,100.0,HIGH PRIORITY,95th percentile prioritisation threshold,Spectral-stress evidence detected. Prioritise field inspection to determine the underlying cause. Field verification required.,26
upload_0af7d3e7-Z0057,upload_0af7d3e7,19,17100.0,554884.7368421053,1972616.8421052631,33.51798304943289,17.84051452103465,2.5420899391174316,3.4064342975616455,2.6568305492401123,100.0,HIGH PRIORITY,95th percentile prioritisation threshold,Spectral-stress evidence detected. Prioritise field inspection to determine the underlying cause. Field verification required.,27
upload_0af7d3e7-Z0114,upload_0af7d3e7,10,9000.0,553794.0,1970100.0,33.507624919643575,17.817793225791213,2.518240451812744,3.423539876937866,2.5518977642059326,100.0,HIGH PRIORITY,95th percentile prioritisation threshold,Spectral-stress evidence detected. Prioritise field inspection to determine the underlying cause. Field verification required.,28
upload_0af7d3e7-Z0277,upload_0af7d3e7,96,86400.0,559912.8125,1960428.125,33.56508811445776,17.730216422896703,2.514906167984009,3.6102097034454346,2.540847063064575,100.0,HIGH PRIORITY,95th percentile prioritisation threshold,Spectral-stress evidence detected. Prioritise field inspection to determine the underlying cause. Field verification required.,29
upload_0af7d3e7-Z0157,upload_0af7d3e7,10,9000.0,568215.0,1967856.0,33.64362973423025,17.797110676112688,2.5052974224090576,3.1777119636535645,2.4148945808410645,100.0,HIGH PRIORITY,95th percentile prioritisation threshold,Spectral-stress evidence detected. Prioritise field inspection to determine the underlying cause. Field verification required.,30
upload_0af7d3e7-Z0209,upload_0af7d3e7,48,43200.0,558245.0,1964376.875,33.549466986334835,17.765951670526945,2.490753173828125,3.45068621635437,2.5815465450286865,100.0,HIGH PRIORITY,95th percentile prioritisation threshold,Spectral-stress evidence detected. Prioritise field inspection to determine the underlying cause. Field verification required.,31
upload_0af7d3e7-Z0218,upload_0af7d3e7,19,17100.0,566954.2105263158,1963651.5789473683,33.63160080595676,17.759148652507456,2.4870641231536865,3.1183152198791504,2.606100082397461,100.0,HIGH PRIORITY,95th percentile prioritisation threshold,Spectral-stress evidence detected. Prioritise field inspection to determine the underlying cause. Field verification required.,32
upload_0af7d3e7-Z0179,upload_0af7d3e7,68,61200.0,557526.1764705882,1966426.7647058824,33.54274195359462,17.78449837115439,2.463862895965576,3.7117371559143066,2.354579448699951,100.0,HIGH PRIORITY,95th percentile prioritisation threshold,Spectral-stress evidence detected. Prioritise field inspection to determine the underlying cause. Field verification required.,33
upload_0af7d3e7-Z0134,upload_0af7d3e7,10,9000.0,570489.0,1969413.0,33.6651367346654,17.81111142037517,2.4501307010650635,3.0766310691833496,2.410931348800659,100.0,HIGH PRIORITY,95th percentile prioritisation threshold,Spectral-stress evidence detected. Prioritise field inspection to determine the underlying cause. Field verification required.,34
upload_0af7d3e7-Z0104,upload_0af7d3e7,23,20700.0,575520.0,1970596.956521739,33.712649346118866,17.821644913920657,2.446105718612671,3.001950979232788,2.4316723346710205,100.0,HIGH PRIORITY,95th percentile prioritisation threshold,Spectral-stress evidence detected. Prioritise field inspection to determine the underlying cause. Field verification required.,35
upload_0af7d3e7-Z0103,upload_0af7d3e7,134,120600.0,574769.776119403,1970382.7611940298,33.70556258796999,17.819734676618303,2.4410030841827393,4.119989395141602,2.3301796913146973,100.0,HIGH PRIORITY,95th percentile prioritisation threshold,Spectral-stress evidence detected. Prioritise field inspection to determine the underlying cause. Field verification required.,36
upload_0af7d3e7-Z0161,upload_0af7d3e7,29,26100.0,568185.5172413794,1967603.7931034483,33.6433434017825,17.79483208039667,2.439783811569214,3.5214388370513916,2.34295654296875,100.0,HIGH PRIORITY,95th percentile prioritisation threshold,Spectral-stress evidence detected. Prioritise field inspection to determine the underlying cause. Field verification required.,37
upload_0af7d3e7-Z0318,upload_0af7d3e7,133,119700.0,567800.977443609,1958425.4887218045,33.63942067362056,17.711887687702795,2.422266960144043,3.8649299144744873,2.354065179824829,100.0,HIGH PRIORITY,95th percentile prioritisation threshold,Spectral-stress evidence detected. Prioritise field inspection to determine the underlying cause. Field verification required.,38
upload_0af7d3e7-Z0166,upload_0af7d3e7,22,19800.0,579784.0909090909,1967200.9090909092,33.75275648624874,17.79080046089971,2.4185128211975098,2.838045120239258,2.563352108001709,100.0,HIGH PRIORITY,95th percentile prioritisation threshold,Spectral-stress evidence detected. Prioritise field inspection to determine the underlying cause. Field verification required.,39
upload_0af7d3e7-Z0391,upload_0af7d3e7,9,8100.0,567926.6666666666,1953760.0,33.64045651854486,17.669715470907782,2.413879871368408,3.0779716968536377,2.5447399616241455,100.0,HIGH PRIORITY,95th percentile prioritisation threshold,Spectral-stress evidence detected. Prioritise field inspection to determine the underlying cause. Field verification required.,40
upload_0af7d3e7-Z0170,upload_0af7d3e7,336,302400.0,579587.5,1965993.0357142857,33.750856165844446,17.779890755132733,2.4074344635009766,3.7027838230133057,2.358799934387207,100.0,HIGH PRIORITY,95th percentile prioritisation threshold,Spectral-stress evidence detected. Prioritise field inspection to determine the underlying cause. Field verification required.,41
upload_0af7d3e7-Z0176,upload_0af7d3e7,177,159300.0,578825.4237288135,1966278.813559322,33.74367760567246,17.782501069650387,2.4034948348999023,3.4989826679229736,2.3632683753967285,100.0,HIGH PRIORITY,95th percentile prioritisation threshold,Spectral-stress evidence detected. Prioritise field inspection to determine the underlying cause. Field verification required.,42
upload_0af7d3e7-Z0241,upload_0af7d3e7,50,45000.0,572378.4,1962328.8,33.68272104885781,17.747021557247287,2.398319721221924,3.812549114227295,2.154217481613159,100.0,HIGH PRIORITY,95th percentile prioritisation threshold,Spectral-stress evidence detected. Prioritise field inspection to determine the underlying cause. Field verification required.,43
upload_0af7d3e7-Z0006,upload_0af7d3e7,33,29700.0,570501.8181818182,1975109.0909090908,33.66544889335229,17.862593294406675,2.3963570594787598,4.013289451599121,2.1162002086639404,100.0,HIGH PRIORITY,95th percentile prioritisation threshold,Spectral-stress evidence detected. Prioritise field inspection to determine the underlying cause. Field verification required.,44
upload_0af7d3e7-Z0086,upload_0af7d3e7,93,83700.0,551586.4516129033,1971513.8709677418,33.48682874096738,17.83062544652495,2.382948637008667,3.27410626411438,2.465965747833252,100.0,HIGH PRIORITY,95th percentile prioritisation threshold,Spectral-stress evidence detected. Prioritise field inspection to determine the underlying cause. Field verification required.,45
upload_0af7d3e7-Z0155,upload_0af7d3e7,10,9000.0,569721.0,1967928.0,33.657841017738235,17.797714175621863,2.3781416416168213,2.77791428565979,2.3709537982940674,100.0,HIGH PRIORITY,95th percentile prioritisation threshold,Spectral-stress evidence detected. Prioritise field inspection to determine the underlying cause. Field verification required.,46
upload_0af7d3e7-Z0219,upload_0af7d3e7,398,358200.0,578473.0402010051,1962844.0703517587,33.74022550086468,17.751470124848534,2.3734686374664307,3.1488277912139893,2.4176876544952393,100.0,HIGH PRIORITY,95th percentile prioritisation threshold,Spectral-stress evidence detected. Prioritise field inspection to determine the underlying cause. Field verification required.,47
upload_0af7d3e7-Z0178,upload_0af7d3e7,38,34200.0,557796.3157894737,1966482.6315789474,33.54529208363411,17.784996238661456,2.3604068756103516,3.6549184322357178,2.3996007442474365,100.0,HIGH PRIORITY,95th percentile prioritisation threshold,Spectral-stress evidence detected. Prioritise field inspection to determine the underlying cause. Field verification required.,48
upload_0af7d3e7-Z0025,upload_0af7d3e7,3436,3092400.0,562745.0902211874,1972399.4790454016,33.59215711270335,17.838339057655666,2.3577773571014404,4.059305191040039,2.323820114135742,100.0,HIGH PRIORITY,95th percentile prioritisation threshold,Spectral-stress evidence detected. Prioritise field inspection to determine the underlying cause. Field verification required.,49
upload_0af7d3e7-Z0136,upload_0af7d3e7,212,190800.0,556881.0849056604,1969110.0,33.53672838934035,17.80876738001182,2.356353282928467,3.640094757080078,2.285393714904785,100.0,HIGH PRIORITY,95th percentile prioritisation threshold,Spectral-stress evidence detected. Prioritise field inspection to determine the underlying cause. Field verification required.,50
upload_0af7d3e7-Z0032,upload_0af7d3e7,47,42300.0,581388.5106382979,1973539.1489361702,33.76813841061144,17.848026615796304,2.3546090126037598,3.242727756500244,2.354689836502075,100.0,HIGH PRIORITY,95th percentile prioritisation threshold,Spectral-stress evidence detected. Prioritise field inspection to determine the underlying cause. Field verification required.,51
upload_0af7d3e7-Z0132,upload_0af7d3e7,1098,988200.0,579640.5737704918,1968244.7267759563,33.75144197346984,17.800239737485775,2.3475289344787598,3.647184133529663,2.2379231452941895,100.0,HIGH PRIORITY,95th percentile prioritisation threshold,Spectral-stress evidence detected. Prioritise field inspection to determine the underlying cause. Field verification required.,52
upload_0af7d3e7-Z0031,upload_0af7d3e7,26,23400.0,574578.4615384615,1973665.3846153845,33.70387390210566,17.84940988832661,2.3441476821899414,3.232962131500244,2.3067173957824707,100.0,HIGH PRIORITY,95th percentile prioritisation threshold,Spectral-stress evidence detected. Prioritise field inspection to determine the underlying cause. Field verification required.,53
upload_0af7d3e7-Z0256,upload_0af7d3e7,214,192600.0,578260.7943925234,1961038.0373831776,33.73815664995638,17.735154522933612,2.343149423599243,3.1357011795043945,2.3443567752838135,100.0,HIGH PRIORITY,95th percentile prioritisation threshold,Spectral-stress evidence detected. Prioritise field inspection to determine the underlying cause. Field verification required.,54
upload_0af7d3e7-Z0438,upload_0af7d3e7,10,9000.0,573264.0,1945323.0,33.69048739542822,17.593289055397392,2.326798677444458,2.9637949466705322,2.3031742572784424,100.0,HIGH PRIORITY,95th percentile prioritisation threshold,Spectral-stress evidence detected. Prioritise field inspection to determine the underlying cause. Field verification required.,55
upload_0af7d3e7-Z0140,upload_0af7d3e7,15,13500.0,554648.0,1969300.0,33.51566263335803,17.810541378193914,2.3253278732299805,3.156803846359253,2.2796008586883545,100.0,HIGH PRIORITY,95th percentile prioritisation threshold,Spectral-stress evidence detected. Prioritise field inspection to determine the underlying cause. Field verification required.,56
upload_0af7d3e7-Z0260,upload_0af7d3e7,180,162000.0,572280.6666666666,1961177.5,33.68175983408212,17.736619043245685,2.312072515487671,4.050338268280029,2.203157424926758,100.0,HIGH PRIORITY,95th percentile prioritisation threshold,Spectral-stress evidence detected. Prioritise field inspection to determine the underlying cause. Field verification required.,57
upload_0af7d3e7-Z0019,upload_0af7d3e7,26,23400.0,566103.4615384615,1974213.4615384615,33.62390754798417,17.85463559831449,2.3062939643859863,2.9577860832214355,2.337703227996826,100.0,HIGH PRIORITY,95th percentile prioritisation threshold,Spectral-stress evidence detected. Prioritise field inspection to determine the underlying cause. Field verification required.,58
upload_0af7d3e7-Z0207,upload_0af7d3e7,10,9000.0,566370.0,1964595.0,33.62611967115451,17.767693267772206,2.273409366607666,2.7488667964935303,2.238917350769043,100.0,HIGH PRIORITY,95th percentile prioritisation threshold,Spectral-stress evidence detected. Prioritise field inspection to determine the underlying cause. Field verification required.,59
upload_0af7d3e7-Z0141,upload_0af7d3e7,1085,976500.0,574371.9539170507,1968363.8986175116,33.70173739005227,17.801501441343024,2.2672038078308105,3.585137367248535,2.2042124271392822,100.0,HIGH PRIORITY,95th percentile prioritisation threshold,Spectral-stress evidence detected. Prioritise field inspection to determine the underlying cause. Field verification required.,60
upload_0af7d3e7-Z0085,upload_0af7d3e7,186,167400.0,581339.5161290322,1971340.8064516129,33.76759088876396,17.828159871979153,2.260892629623413,3.305443525314331,2.2407150268554688,100.0,HIGH PRIORITY,95th percentile prioritisation threshold,Spectral-stress evidence detected. Prioritise field inspection to determine the underlying cause. Field verification required.,61
upload_0af7d3e7-Z0386,upload_0af7d3e7,20,18000.0,566982.0,1954042.5,33.631558901671035,17.67229758560402,2.257918119430542,3.3483023643493652,2.155642509460449,100.0,HIGH PRIORITY,95th percentile prioritisation threshold,Spectral-stress evidence detected. Prioritise field inspection to determine the underlying cause. Field verification required.,62
upload_0af7d3e7-Z0152,upload_0af7d3e7,21,18900.0,563945.7142857143,1968170.0,33.60335892370313,17.800077056913253,2.2576816082000732,2.993065595626831,2.254476308822632,100.0,HIGH PRIORITY,95th percentile prioritisation threshold,Spectral-stress evidence detected. Prioritise field inspection to determine the underlying cause. Field verification required.,63
upload_0af7d3e7-Z0165,upload_0af7d3e7,216,194400.0,578977.9166666666,1966996.25,33.74514309824068,17.788979841254037,2.256431818008423,3.4891154766082764,2.1337077617645264,100.0,HIGH PRIORITY,95th percentile prioritisation threshold,Spectral-stress evidence detected. Prioritise field inspection to determine the underlying cause. Field verification required.,64
upload_0af7d3e7-Z0420,upload_0af7d3e7,29,26100.0,555161.3793103448,1948938.6206896552,33.51997611096788,17.626491698002276,2.254457950592041,3.4951703548431396,2.2174019813537598,100.0,HIGH PRIORITY,95th percentile prioritisation threshold,Spectral-stress evidence detected. Prioritise field inspection to determine the underlying cause. Field verification required.,65
upload_0af7d3e7-Z0341,upload_0af7d3e7,701,630900.0,578423.0670470756,1956980.1569186875,33.73953677961512,17.698473050691952,2.2524163722991943,3.205587863922119,2.2342281341552734,100.0,HIGH PRIORITY,95th percentile prioritisation threshold,Spectral-stress evidence detected. Prioritise field inspection to determine the underlying cause. Field verification required.,66
upload_0af7d3e7-Z0286,upload_0af7d3e7,9,8100.0,560453.3333333334,1960300.0,33.570182374724425,17.729043632476632,2.2522826194763184,2.641033887863159,2.2482810020446777,100.0,HIGH PRIORITY,95th percentile prioritisation threshold,Spectral-stress evidence detected. Prioritise field inspection to determine the underlying cause. Field verification required.,67
upload_0af7d3e7-Z0101,upload_0af7d3e7,8971,8073900.0,577066.8743729796,1967764.2704269313,33.72714191929279,17.79598908708106,2.2490341663360596,3.6960086822509766,2.171656608581543,100.0,HIGH PRIORITY,95th percentile prioritisation threshold,Spectral-stress evidence detected. Prioritise field inspection to determine the underlying cause. Field verification required.,68
upload_0af7d3e7-Z0051,upload_0af7d3e7,132,118800.0,564741.1363636364,1972809.5454545454,33.61100667907062,17.84198732177728,2.24845552444458,3.1467483043670654,2.213193416595459,100.0,HIGH PRIORITY,95th percentile prioritisation threshold,Spectral-stress evidence detected. Prioritise field inspection to determine the underlying cause. Field verification required.,69
upload_0af7d3e7-Z0195,upload_0af7d3e7,202,181800.0,579467.2277227723,1964827.7227722772,33.749677633484175,17.769362921517335,2.244722843170166,3.213391065597534,2.197946548461914,100.0,HIGH PRIORITY,95th percentile prioritisation threshold,Spectral-stress evidence detected. Prioritise field inspection to determine the underlying cause. Field verification required.,70
upload_0af7d3e7-Z0037,upload_0af7d3e7,358,322200.0,566437.0391061453,1973134.6089385475,33.62702167478865,17.84487458327858,2.240556478500366,3.182547092437744,2.212737798690796,100.0,HIGH PRIORITY,95th percentile prioritisation threshold,Spectral-stress evidence detected. Prioritise field inspection to determine the underlying cause. Field verification required.,71
upload_0af7d3e7-Z0010,upload_0af7d3e7,122,109800.0,569805.0,1974752.7049180327,33.658860258550696,17.859394544645816,2.239461660385132,3.2634031772613525,2.1581649780273438,100.0,HIGH PRIORITY,95th percentile prioritisation threshold,Spectral-stress evidence detected. Prioritise field inspection to determine the underlying cause. Field verification required.,72
upload_0af7d3e7-Z0138,upload_0af7d3e7,17,15300.0,561862.9411764706,1969314.705882353,33.58374135470216,17.810482923363146,2.238346576690674,2.9901039600372314,2.2471535205841064,100.0,HIGH PRIORITY,95th percentile prioritisation threshold,Spectral-stress evidence detected. Prioritise field inspection to determine the underlying cause. Field verification required.,73
upload_0af7d3e7-Z0088,upload_0af7d3e7,29,26100.0,557621.3793103448,1971438.6206896552,33.54377737397879,17.82979508547594,2.23120379447937,3.0748307704925537,2.1525096893310547,100.0,HIGH PRIORITY,95th percentile prioritisation threshold,Spectral-stress evidence detected. Prioritise field inspection to determine the underlying cause. Field verification required.,74
upload_0af7d3e7-Z0171,upload_0af7d3e7,12,10800.0,580450.0,1966865.0,33.759026055731724,17.787740239917728,2.2297163009643555,3.2275989055633545,2.1313843727111816,100.0,HIGH PRIORITY,95th percentile prioritisation threshold,Spectral-stress evidence detected. Prioritise field inspection to determine the underlying cause. Field verification required.,75
upload_0af7d3e7-Z0117,upload_0af7d3e7,19,17100.0,553433.6842105263,1969995.7894736843,33.50422226298502,17.81686012296679,2.228241205215454,3.1482622623443604,2.1384823322296143,100.0,HIGH PRIORITY,95th percentile prioritisation threshold,Spectral-stress evidence detected. Prioritise field inspection to determine the underlying cause. Field verification required.,76
upload_0af7d3e7-Z0189,upload_0af7d3e7,91,81900.0,578725.3846153846,1965521.868131868,33.74270557952096,17.775663317727357,2.2265191078186035,3.1570723056793213,2.2534117698669434,100.0,HIGH PRIORITY,95th percentile prioritisation threshold,Spectral-stress evidence detected. Prioritise field inspection to determine the underlying cause. Field verification required.,77
upload_0af7d3e7-Z0074,upload_0af7d3e7,38,34200.0,574035.7894736842,1971868.4210526317,33.69868906194231,17.833187134412313,2.225243330001831,2.8201403617858887,2.183523178100586,100.0,HIGH PRIORITY,95th percentile prioritisation threshold,Spectral-stress evidence detected. Prioritise field inspection to determine the underlying cause. Field verification required.,78
upload_0af7d3e7-Z0076,upload_0af7d3e7,965,868500.0,552737.5958549223,1971312.4352331606,33.49768690126338,17.828777405990373,2.2196784019470215,3.5490939617156982,2.1484482288360596,100.0,HIGH PRIORITY,95th percentile prioritisation threshold,Spectral-stress evidence detected. Prioritise field inspection to determine the underlying cause. Field verification required.,79
upload_0af7d3e7-Z0186,upload_0af7d3e7,11,9900.0,557042.7272727273,1966009.0909090908,33.538169601509026,17.780735841377293,2.212827444076538,3.288651704788208,1.943735122680664,100.0,HIGH PRIORITY,95th percentile prioritisation threshold,Spectral-stress evidence detected. Prioritise field inspection to determine the underlying cause. Field verification required.,80
upload_0af7d3e7-Z0097,upload_0af7d3e7,32,28800.0,552285.0,1970858.4375,33.493404556725764,17.82468479707536,2.2063307762145996,2.6923742294311523,2.2549843788146973,100.0,HIGH PRIORITY,95th percentile prioritisation threshold,Spectral-stress evidence detected. Prioritise field inspection to determine the underlying cause. Field verification required.,81
upload_0af7d3e7-Z0283,upload_0af7d3e7,2863,2576700.0,577351.7603911981,1958771.0967516592,33.72950026185334,17.714697614245942,2.2033045291900635,3.484295129776001,2.119659185409546,100.0,HIGH PRIORITY,95th percentile prioritisation threshold,Spectral-stress evidence detected. Prioritise field inspection to determine the underlying cause. Field verification required.,82
upload_0af7d3e7-Z0305,upload_0af7d3e7,17,15300.0,559533.5294117647,1959132.3529411764,33.56147444173326,17.71851490526219,2.195554494857788,2.9540610313415527,2.107882499694824,100.0,HIGH PRIORITY,95th percentile prioritisation threshold,Spectral-stress evidence detected. Prioritise field inspection to determine the underlying cause. Field verification required.,83
upload_0af7d3e7-Z0387,upload_0af7d3e7,19,17100.0,566538.947368421,1953956.8421052631,33.62737895276399,17.671536731541472,2.192479133605957,2.9738292694091797,2.1199913024902344,100.0,HIGH PRIORITY,95th percentile prioritisation threshold,Spectral-stress evidence detected. Prioritise field inspection to determine the underlying cause. Field verification required.,84
upload_0af7d3e7-Z0062,upload_0af7d3e7,877,789300.0,580364.4697833523,1971635.5074116306,33.758401363259274,17.83085931110002,2.190279722213745,3.846174478530884,2.0675642490386963,100.0,HIGH PRIORITY,95th percentile prioritisation threshold,Spectral-stress evidence detected. Prioritise field inspection to determine the underlying cause. Field verification required.,85
upload_0af7d3e7-Z0036,upload_0af7d3e7,14,12600.0,573893.5714285715,1973552.142857143,33.697406252577736,17.84840960040702,2.1902291774749756,2.824728012084961,2.077213764190674,100.0,HIGH PRIORITY,95th percentile prioritisation threshold,Spectral-stress evidence detected. Prioritise field inspection to determine the underlying cause. Field verification required.,86
upload_0af7d3e7-Z0304,upload_0af7d3e7,184,165600.0,578021.25,1959183.4239130435,33.73582899971433,17.718400745197584,2.1899254322052,2.833299398422241,2.1431691646575928,100.0,HIGH PRIORITY,95th percentile prioritisation threshold,Spectral-stress evidence detected. Prioritise field inspection to determine the underlying cause. Field verification required.,87
upload_0af7d3e7-Z0248,upload_0af7d3e7,13,11700.0,574797.6923076923,1962096.923076923,33.705531962090696,17.744845059871146,2.1860151290893555,2.5539543628692627,2.1553401947021484,100.0,HIGH PRIORITY,95th percentile prioritisation threshold,Spectral-stress evidence detected. Prioritise field inspection to determine the underlying cause. Field verification required.,88
upload_0af7d3e7-Z0244,upload_0af7d3e7,18,16200.0,574805.0,1962335.0,33.705609317717595,17.746996595435213,2.1782732009887695,2.6323142051696777,2.1281237602233887,100.0,HIGH PRIORITY,95th percentile prioritisation threshold,Spectral-stress evidence detected. Prioritise field inspection to determine the underlying cause. Field verification required.,89
upload_0af7d3e7-Z0077,upload_0af7d3e7,279,251100.0,564937.5268817204,1971468.9247311829,33.612818624880916,17.82986461812018,2.17378568649292,3.1437063217163086,2.1106393337249756,100.0,HIGH PRIORITY,95th percentile prioritisation threshold,Spectral-stress evidence detected. Prioritise field inspection to determine the underlying cause. Field verification required.,90
upload_0af7d3e7-Z0309,upload_0af7d3e7,18,16200.0,559505.0,1958966.6666666667,33.56120072580608,17.717018124572178,2.17275071144104,2.8081960678100586,2.0643458366394043,100.0,HIGH PRIORITY,95th percentile prioritisation threshold,Spectral-stress evidence detected. Prioritise field inspection to determine the underlying cause. Field verification required.,91
upload_0af7d3e7-Z0182,upload_0af7d3e7,18,16200.0,557931.6666666666,1966145.0,33.546559758035706,17.781941019769004,2.166363477706909,2.8637912273406982,2.2036006450653076,100.0,HIGH PRIORITY,95th percentile prioritisation threshold,Spectral-stress evidence detected. Prioritise field inspection to determine the underlying cause. Field verification required.,92
upload_0af7d3e7-Z0331,upload_0af7d3e7,143,128700.0,578191.6783216783,1957776.2937062937,33.73738427439892,17.70567685907178,2.1656687259674072,2.8393843173980713,2.1764414310455322,100.0,HIGH PRIORITY,95th percentile prioritisation threshold,Spectral-stress evidence detected. Prioritise field inspection to determine the underlying cause. Field verification required.,93
upload_0af7d3e7-Z0013,upload_0af7d3e7,9,8100.0,566583.3333333334,1974806.6666666667,33.628455378270594,17.85998258643481,2.1550559997558594,2.656944990158081,2.184246301651001,100.0,HIGH PRIORITY,95th percentile prioritisation threshold,Spectral-stress evidence detected. Prioritise field inspection to determine the underlying cause. Field verification required.,94
upload_0af7d3e7-Z0190,upload_0af7d3e7,343,308700.0,560237.2303206997,1965338.1341107872,33.56828791300121,17.774586326634815,2.150498867034912,3.1330103874206543,2.115461587905884,100.0,HIGH PRIORITY,95th percentile prioritisation threshold,Spectral-stress evidence detected. Prioritise field inspection to determine the underlying cause. Field verification required.,95
upload_0af7d3e7-Z0095,upload_0af7d3e7,10,9000.0,560916.0,1971057.0,33.57485678362218,17.826256857051163,2.150214433670044,2.8011021614074707,2.1366615295410156,100.0,HIGH PRIORITY,95th percentile prioritisation threshold,Spectral-stress evidence detected. Prioritise field inspection to determine the underlying cause. Field verification required.,96
upload_0af7d3e7-Z0427,upload_0af7d3e7,23,20700.0,548103.9130434783,1948339.5652173914,33.453437346949464,17.621241105810174,2.148890733718872,3.2817206382751465,1.9798216819763184,100.0,HIGH PRIORITY,95th percentile prioritisation threshold,Spectral-stress evidence detected. Prioritise field inspection to determine the underlying cause. Field verification required.,97
upload_0af7d3e7-Z0049,upload_0af7d3e7,10,9000.0,582486.0,1972956.0,33.77847281773933,17.84271511331413,2.146817684173584,2.530306816101074,2.1747422218322754,100.0,HIGH PRIORITY,95th percentile prioritisation threshold,Spectral-stress evidence detected. Prioritise field inspection to determine the underlying cause. Field verification required.,98
upload_0af7d3e7-Z0192,upload_0af7d3e7,11,9900.0,557380.9090909091,1965488.1818181819,33.54134589597176,17.77601884238507,2.1460657119750977,2.8993659019470215,2.1179285049438477,100.0,HIGH PRIORITY,95th percentile prioritisation threshold,Spectral-stress evidence detected. Prioritise field inspection to determine the underlying cause. Field verification required.,99
upload_0af7d3e7-Z0342,upload_0af7d3e7,144,129600.0,579029.1666666666,1956993.125,33.745252486130696,17.698568678478946,2.144167900085449,3.2195191383361816,2.0916128158569336,100.0,HIGH PRIORITY,95th percentile prioritisation threshold,Spectral-stress evidence detected. Prioritise field inspection to determine the underlying cause. Field verification required.,100
upload_0af7d3e7-Z0070,upload_0af7d3e7,40,36000.0,563061.0,1972030.5,33.595127316348965,17.834995051116977,2.1425507068634033,2.546616315841675,2.19191312789917,100.0,HIGH PRIORITY,95th percentile prioritisation threshold,Spectral-stress evidence detected. Prioritise field inspection to determine the underlying cause. Field verification required.,101
upload_0af7d3e7-Z0016,upload_0af7d3e7,133,119700.0,551970.4511278196,1974249.4736842106,33.49052022439642,17.85534199776792,2.142094850540161,2.8296995162963867,2.125929117202759,100.0,HIGH PRIORITY,95th percentile prioritisation threshold,Spectral-stress evidence detected. Prioritise field inspection to determine the underlying cause. Field verification required.,102
upload_0af7d3e7-Z0315,upload_0af7d3e7,69,62100.0,578152.1739130435,1958558.2608695652,33.73704060730367,17.7127457981402,2.1416971683502197,2.8196282386779785,2.127707004547119,100.0,HIGH PRIORITY,95th percentile prioritisation threshold,Spectral-stress evidence detected. Prioritise field inspection to determine the underlying cause. Field verification required.,103
upload_0af7d3e7-Z0355,upload_0af7d3e7,47,42300.0,566175.3191489362,1956900.0,33.624042359207735,17.69814904176808,2.1372478008270264,3.0674097537994385,2.0206949710845947,100.0,HIGH PRIORITY,95th percentile prioritisation threshold,Spectral-stress evidence detected. Prioritise field inspection to determine the underlying cause. Field verification required.,104
upload_0af7d3e7-Z0046,upload_0af7d3e7,17,15300.0,582229.4117647059,1973057.6470588236,33.776055375888404,17.843643434459896,2.12223744392395,2.839435577392578,2.1300296783447266,100.0,HIGH PRIORITY,95th percentile prioritisation threshold,Spectral-stress evidence detected. Prioritise field inspection to determine the underlying cause. Field verification required.,105
upload_0af7d3e7-Z0185,upload_0af7d3e7,14,12600.0,556920.0,1965983.5714285714,33.53701107926975,17.780508363399633,2.120954751968384,2.5939433574676514,2.030639171600342,100.0,HIGH PRIORITY,95th percentile prioritisation threshold,Spectral-stress evidence detected. Prioritise field inspection to determine the underlying cause. Field verification required.,106
upload_0af7d3e7-Z0143,upload_0af7d3e7,26,23400.0,573536.5384615385,1968912.6923076923,33.693874418302954,17.806489638558645,2.1162703037261963,2.7684693336486816,2.077749252319336,100.0,HIGH PRIORITY,95th percentile prioritisation threshold,Spectral-stress evidence detected. Prioritise field inspection to determine the underlying cause. Field verification required.,107
upload_0af7d3e7-Z0243,upload_0af7d3e7,12,10800.0,578187.5,1962385.0,33.73751521007968,17.747331140014385,2.1142122745513916,2.5327320098876953,2.076748847961426,100.0,HIGH PRIORITY,95th percentile prioritisation threshold,Spectral-stress evidence detected. Prioritise field inspection to determine the underlying cause. Field verification required.,108
upload_0af7d3e7-Z0296,upload_0af7d3e7,40,36000.0,577216.5,1959687.0,33.7282581183342,17.722980431893525,2.1125247478485107,2.624542474746704,2.151883602142334,100.0,HIGH PRIORITY,95th percentile prioritisation threshold,Spectral-stress evidence detected. Prioritise field inspection to determine the underlying cause. Field verification required.,109
upload_0af7d3e7-Z0302,upload_0af7d3e7,46,41400.0,577201.9565217391,1959321.5217391304,33.72810762816531,17.71967768810541,2.111492395401001,2.674630880355835,2.1249301433563232,100.0,HIGH PRIORITY,95th percentile prioritisation threshold,Spectral-stress evidence detected. Prioritise field inspection to determine the underlying cause. Field verification required.,110
upload_0af7d3e7-Z0183,upload_0af7d3e7,18,16200.0,557733.3333333334,1966135.0,33.54468835853143,17.78185584902808,2.1109371185302734,2.843310832977295,1.8908179998397827,100.0,HIGH PRIORITY,95th percentile prioritisation threshold,Spectral-stress evidence detected. Prioritise field inspection to determine the underlying cause. Field verification required.,111
upload_0af7d3e7-Z0096,upload_0af7d3e7,10,9000.0,580995.0,1970940.0,33.764324499017214,17.824550131633735,2.108847141265869,2.405078411102295,2.0646166801452637,100.0,HIGH PRIORITY,95th percentile prioritisation threshold,Spectral-stress evidence detected. Prioritise field inspection to determine the underlying cause. Field verification required.,112
upload_0af7d3e7-Z0352,upload_0af7d3e7,91,81900.0,565840.8791208791,1956984.065934066,33.62089129130075,17.698918845841256,2.1057565212249756,3.1522409915924072,2.039893627166748,100.0,HIGH PRIORITY,95th percentile prioritisation threshold,Spectral-stress evidence detected. Prioritise field inspection to determine the underlying cause. Field verification required.,113
upload_0af7d3e7-Z0306,upload_0af7d3e7,37,33300.0,578653.7837837838,1959021.8918918918,33.74178814483558,17.71691835974819,2.0990049839019775,2.765937089920044,2.0387187004089355,100.0,HIGH PRIORITY,95th percentile prioritisation threshold,Spectral-stress evidence detected. Prioritise field inspection to determine the underlying cause. Field verification required.,114
upload_0af7d3e7-Z0067,upload_0af7d3e7,116,104400.0,565751.1206896552,1971995.1724137932,33.62051269190976,17.834596748837605,2.092010498046875,2.6855132579803467,2.0585250854492188,100.0,HIGH PRIORITY,95th percentile prioritisation threshold,Spectral-stress evidence detected. Prioritise field inspection to determine the underlying cause. Field verification required.,115
upload_0af7d3e7-Z0003,upload_0af7d3e7,15,13500.0,555454.0,1975350.0,33.52342763667412,17.865203562376713,2.091688394546509,2.618891954421997,2.042313814163208,100.0,HIGH PRIORITY,95th percentile prioritisation threshold,Spectral-stress evidence detected. Prioritise field inspection to determine the underlying cause. Field verification required.,116
upload_0af7d3e7-Z0007,upload_0af7d3e7,61,54900.0,566824.9180327869,1974863.1147540985,33.6307373043431,17.8604854177281,2.090355396270752,3.4769492149353027,1.909744143486023,100.0,HIGH PRIORITY,95th percentile prioritisation threshold,Spectral-stress evidence detected. Prioritise field inspection to determine the underlying cause. Field verification required.,117
upload_0af7d3e7-Z0265,upload_0af7d3e7,257,231300.0,577015.6809338521,1960722.0233463035,33.72640191292524,17.732342154078054,2.0892205238342285,2.8002030849456787,2.0540707111358643,100.0,HIGH PRIORITY,95th percentile prioritisation threshold,Spectral-stress evidence detected. Prioritise field inspection to determine the underlying cause. Field verification required.,118
upload_0af7d3e7-Z0008,upload_0af7d3e7,22,19800.0,571332.2727272727,1974947.7272727273,33.67328146050998,17.861107969117526,2.078270673751831,2.9426043033599854,1.9662120342254639,100.0,HIGH PRIORITY,95th percentile prioritisation threshold,Spectral-stress evidence detected. Prioritise field inspection to determine the underlying cause. Field verification required.,119
upload_0af7d3e7-Z0015,upload_0af7d3e7,152,136800.0,565015.0657894737,1974243.75,33.613636263135795,17.854941927217713,2.0763604640960693,2.807788133621216,2.053384780883789,100.0,HIGH PRIORITY,95th percentile prioritisation threshold,Spectral-stress evidence detected. Prioritise field inspection to determine the underlying cause. Field verification required.,120
upload_0af7d3e7-Z0167,upload_0af7d3e7,556,500400.0,575276.8705035971,1966466.1151079137,33.71020743708899,17.784318208750527,2.0692028999328613,3.256974220275879,1.9812326431274414,100.0,HIGH PRIORITY,95th percentile prioritisation threshold,Spectral-stress evidence detected. Prioritise field inspection to determine the underlying cause. Field verification required.,121
upload_0af7d3e7-Z0001,upload_0af7d3e7,34,30600.0,565803.5294117647,1975680.0,33.62112282913324,17.86789954743585,2.068101167678833,2.724358320236206,1.9541746377944946,100.0,HIGH PRIORITY,95th percentile prioritisation threshold,Spectral-stress evidence detected. Prioritise field inspection to determine the underlying cause. Field verification required.,122
upload_0af7d3e7-Z0196,upload_0af7d3e7,11,9900.0,560997.2727272727,1965147.2727272727,33.57545249404648,17.772840314907057,2.061892509460449,2.520331621170044,2.0499165058135986,100.0,HIGH PRIORITY,95th percentile prioritisation threshold,Spectral-stress evidence detected. Prioritise field inspection to determine the underlying cause. Field verification required.,123
upload_0af7d3e7-Z0130,upload_0af7d3e7,18,16200.0,574775.0,1969475.0,33.70557960565412,17.811530042644485,2.0618109703063965,2.588233470916748,2.0369277000427246,100.0,HIGH PRIORITY,95th percentile prioritisation threshold,Spectral-stress evidence detected. Prioritise field inspection to determine the underlying cause. Field verification required.,124
upload_0af7d3e7-Z0229,upload_0af7d3e7,448,403200.0,577221.8303571428,1962055.9151785714,33.728394902132294,17.74439086072055,2.0568575859069824,2.9578843116760254,1.9865620136260986,100.0,HIGH PRIORITY,95th percentile prioritisation threshold,Spectral-stress evidence detected. Prioritise field inspection to determine the underlying cause. Field verification required.,125
upload_0af7d3e7-Z0009,upload_0af7d3e7,50,45000.0,566162.4,1974868.2,33.6244844597135,17.860551497154145,2.0553483963012695,2.490003824234009,2.0454792976379395,100.0,HIGH PRIORITY,95th percentile prioritisation threshold,Spectral-stress evidence detected. Prioritise field inspection to determine the underlying cause. Field verification required.,126
upload_0af7d3e7-Z0344,upload_0af7d3e7,104,93600.0,553544.1346153846,1957248.75,33.504941149255075,17.70164319390394,2.055338144302368,2.6813600063323975,1.9715932607650757,100.0,HIGH PRIORITY,95th percentile prioritisation threshold,Spectral-stress evidence detected. Prioritise field inspection to determine the underlying cause. Field verification required.,127
upload_0af7d3e7-Z0075,upload_0af7d3e7,296,266400.0,577728.2432432432,1971363.445945946,33.73351468767163,17.82849539863772,2.050157308578491,3.178443431854248,1.9589439630508423,100.0,HIGH PRIORITY,95th percentile prioritisation threshold,Spectral-stress evidence detected. Prioritise field inspection to determine the underlying cause. Field verification required.,128
upload_0af7d3e7-Z0064,upload_0af7d3e7,27,24300.0,582098.8888888889,1972215.5555555555,33.77479070057262,17.836037539801204,2.048875570297241,2.51971697807312,2.059269666671753,100.0,HIGH PRIORITY,95th percentile prioritisation threshold,Spectral-stress evidence detected. Prioritise field inspection to determine the underlying cause. Field verification required.,129
upload_0af7d3e7-Z0334,upload_0af7d3e7,16,14400.0,553481.25,1957944.375,33.50436570217662,17.70793216491786,2.0457262992858887,2.410688877105713,2.06052827835083,100.0,HIGH PRIORITY,95th percentile prioritisation threshold,Spectral-stress evidence detected. Prioritise field inspection to determine the underlying cause. Field verification required.,130
upload_0af7d3e7-Z0050,upload_0af7d3e7,27,24300.0,582091.1111111111,1972856.6666666667,33.7747423666121,17.84183216650158,2.045168876647949,2.5893664360046387,1.9872026443481445,100.0,HIGH PRIORITY,95th percentile prioritisation threshold,Spectral-stress evidence detected. Prioritise field inspection to determine the underlying cause. Field verification required.,131
upload_0af7d3e7-Z0105,upload_0af7d3e7,15,13500.0,579954.0,1970552.0,33.754486778374044,17.821081555850984,2.0449652671813965,2.4390742778778076,2.09016489982605,100.0,HIGH PRIORITY,95th percentile prioritisation threshold,Spectral-stress evidence detected. Prioritise field inspection to determine the underlying cause. Field verification required.,132
upload_0af7d3e7-Z0175,upload_0af7d3e7,28,25200.0,579433.9285714285,1966595.357142857,33.74943011037755,17.78534012393247,2.0438122749328613,2.554692268371582,2.0030341148376465,100.0,HIGH PRIORITY,95th percentile prioritisation threshold,Spectral-stress evidence detected. Prioritise field inspection to determine the underlying cause. Field verification required.,133
upload_0af7d3e7-Z0035,upload_0af7d3e7,64,57600.0,581006.25,1973425.78125,33.764526524867954,17.847016165404384,2.0373311042785645,2.8506672382354736,1.974128007888794,100.0,HIGH PRIORITY,95th percentile prioritisation threshold,Spectral-stress evidence detected. Prioritise field inspection to determine the underlying cause. Field verification required.,134
upload_0af7d3e7-Z0279,upload_0af7d3e7,50,45000.0,577188.0,1960408.8,33.72801567603332,17.729505171938104,2.0348708629608154,2.768723726272583,1.9606484174728394,100.0,HIGH PRIORITY,95th percentile prioritisation threshold,Spectral-stress evidence detected. Prioritise field inspection to determine the underlying cause. Field verification required.,135
upload_0af7d3e7-Z0150,upload_0af7d3e7,149,134100.0,573746.5771812081,1968146.375838926,33.69582934123805,17.79955651295376,2.0345869064331055,2.6759231090545654,1.9957988262176514,100.0,HIGH PRIORITY,95th percentile prioritisation threshold,Spectral-stress evidence detected. Prioritise field inspection to determine the underlying cause. Field verification required.,136
upload_0af7d3e7-Z0044,upload_0af7d3e7,39,35100.0,551800.0,1973090.7692307692,33.48888287002435,17.844873145344334,2.0305988788604736,2.721919298171997,1.9459640979766846,100.0,HIGH PRIORITY,95th percentile prioritisation threshold,Spectral-stress evidence detected. Prioritise field inspection to determine the underlying cause. Field verification required.,137
upload_0af7d3e7-Z0029,upload_0af7d3e7,12,10800.0,568270.0,1973687.5,33.64433804725875,17.849815400852023,2.0305464267730713,2.446159601211548,1.9602117538452148,100.0,HIGH PRIORITY,95th percentile prioritisation threshold,Spectral-stress evidence detected. Prioritise field inspection to determine the underlying cause. Field verification required.,138
upload_0af7d3e7-Z0127,upload_0af7d3e7,88,79200.0,576872.0454545454,1969473.75,33.72536621066994,17.811446344992728,2.027244806289673,2.5056731700897217,2.0278820991516113,100.0,HIGH PRIORITY,95th percentile prioritisation threshold,Spectral-stress evidence detected. Prioritise field inspection to determine the underlying cause. Field verification required.,139
upload_0af7d3e7-Z0024,upload_0af7d3e7,176,158400.0,579027.4431818182,1973406.8181818181,33.74585126203909,17.846917026022272,2.0267012119293213,2.99090313911438,1.9772710800170898,100.0,HIGH PRIORITY,95th percentile prioritisation threshold,Spectral-stress evidence detected. Prioritise field inspection to determine the underlying cause. Field verification required.,140
upload_0af7d3e7-Z0271,upload_0af7d3e7,23,20700.0,561736.9565217391,1960955.2173913044,33.58230789846717,17.734930228403837,2.025773763656616,2.6214449405670166,2.023272752761841,100.0,HIGH PRIORITY,95th percentile prioritisation threshold,Spectral-stress evidence detected. Prioritise field inspection to determine the underlying cause. Field verification required.,141
upload_0af7d3e7-Z0072,upload_0af7d3e7,41,36900.0,552636.5853658536,1971919.756097561,33.49674890330126,17.834269073805793,2.025040864944458,2.5528833866119385,1.9911763668060303,100.0,HIGH PRIORITY,95th percentile prioritisation threshold,Spectral-stress evidence detected. Prioritise field inspection to determine the underlying cause. Field verification required.,142
upload_0af7d3e7-Z0291,upload_0af7d3e7,110,99000.0,559939.6363636364,1959790.0909090908,33.565323024511535,17.72444885547907,2.0210351943969727,2.7968103885650635,1.9180231094360352,100.0,HIGH PRIORITY,95th percentile prioritisation threshold,Spectral-stress evidence detected. Prioritise field inspection to determine the underlying cause. Field verification required.,143
upload_0af7d3e7-Z0048,upload_0af7d3e7,18,16200.0,567216.6666666666,1972958.3333333333,33.63437369645701,17.843257593919297,2.020176410675049,2.7322006225585938,1.9462252855300903,100.0,HIGH PRIORITY,95th percentile prioritisation threshold,Spectral-stress evidence detected. Prioritise field inspection to determine the underlying cause. Field verification required.,144
upload_0af7d3e7-Z0173,upload_0af7d3e7,14,12600.0,565009.2857142857,1966722.857142857,33.61334915185427,17.786966126588,2.0177669525146484,2.773771047592163,1.906410813331604,100.0,HIGH PRIORITY,95th percentile prioritisation threshold,Spectral-stress evidence detected. Prioritise field inspection to determine the underlying cause. Field verification required.,145
upload_0af7d3e7-Z0002,upload_0af7d3e7,192,172800.0,566170.46875,1975418.59375,33.62457798542728,17.865525836970047,2.016838788986206,3.289212465286255,1.9680743217468262,100.0,HIGH PRIORITY,95th percentile prioritisation threshold,Spectral-stress evidence detected. Prioritise field inspection to determine the underlying cause. Field verification required.,146
upload_0af7d3e7-Z0430,upload_0af7d3e7,20,18000.0,548314.5,1948173.0,33.455418559232776,17.619731002064995,2.015834093093872,2.4596972465515137,2.051651954650879,100.0,HIGH PRIORITY,95th percentile prioritisation threshold,Spectral-stress evidence detected. Prioritise field inspection to determine the underlying cause. Field verification required.,147
upload_0af7d3e7-Z0234,upload_0af7d3e7,23,20700.0,572247.3913043478,1962828.2608695652,33.68150243523681,17.751540095995512,2.0135695934295654,2.656087875366211,2.0246989727020264,100.0,HIGH PRIORITY,95th percentile prioritisation threshold,Spectral-stress evidence detected. Prioritise field inspection to determine the underlying cause. Field verification required.,148
upload_0af7d3e7-Z0321,upload_0af7d3e7,257,231300.0,561423.3852140078,1958214.6303501946,33.57927082531468,17.71016837119327,2.01126766204834,2.590297222137451,1.954832673072815,100.0,HIGH PRIORITY,95th percentile prioritisation threshold,Spectral-stress evidence detected. Prioritise field inspection to determine the underlying cause. Field verification required.,149
upload_0af7d3e7-Z0109,upload_0af7d3e7,50,45000.0,580501.2,1970316.0,33.75964106977379,17.81892858537663,2.010026693344116,2.7340590953826904,1.928071141242981,100.0,HIGH PRIORITY,95th percentile prioritisation threshold,Spectral-stress evidence detected. Prioritise field inspection to determine the underlying cause. Field verification required.,150
upload_0af7d3e7-Z0108,upload_0af7d3e7,24,21600.0,578652.5,1970405.0,33.7422004218616,17.819799986363492,2.0083916187286377,2.3929803371429443,1.9451282024383545,100.0,HIGH PRIORITY,95th percentile prioritisation threshold,Spectral-stress evidence detected. Prioritise field inspection to determine the underlying cause. Field verification required.,151
upload_0af7d3e7-Z0193,upload_0af7d3e7,64,57600.0,559321.40625,1965294.84375,33.55964696492835,17.774219923985978,2.007155656814575,2.596850633621216,1.9668281078338623,100.0,HIGH PRIORITY,95th percentile prioritisation threshold,Spectral-stress evidence detected. Prioritise field inspection to determine the underlying cause. Field verification required.,152
upload_0af7d3e7-Z0110,upload_0af7d3e7,153,137700.0,579999.4117647059,1969992.156862745,33.75489398042048,17.816020028184436,2.0068068504333496,2.727839231491089,1.9203659296035767,100.0,HIGH PRIORITY,95th percentile prioritisation threshold,Spectral-stress evidence detected. Prioritise field inspection to determine the underlying cause. Field verification required.,153
upload_0af7d3e7-Z0356,upload_0af7d3e7,21,18900.0,553448.5714285715,1956787.142857143,33.50402833591186,17.69747323984935,2.0059728622436523,2.4027955532073975,1.9650613069534302,100.0,HIGH PRIORITY,95th percentile prioritisation threshold,Spectral-stress evidence detected. Prioritise field inspection to determine the underlying cause. Field verification required.,154
upload_0af7d3e7-Z0017,upload_0af7d3e7,28,25200.0,566551.0714285715,1974365.357142857,33.62813687999905,17.85599491218519,2.0049822330474854,2.472714900970459,1.9756343364715576,100.0,HIGH PRIORITY,95th percentile prioritisation threshold,Spectral-stress evidence detected. Prioritise field inspection to determine the underlying cause. Field verification required.,155
upload_0af7d3e7-Z0337,upload_0af7d3e7,23,20700.0,578617.8260869565,1957819.5652173914,33.74140440840145,17.706052836263602,2.004826307296753,2.606170654296875,1.9380302429199219,100.0,HIGH PRIORITY,95th percentile prioritisation threshold,Spectral-stress evidence detected. Prioritise field inspection to determine the underlying cause. Field verification required.,156
upload_0af7d3e7-Z0292,upload_0af7d3e7,60,54000.0,576484.5,1959663.5,33.72135390158538,17.722793513681836,2.004671573638916,3.169283151626587,1.8868374824523926,100.0,HIGH PRIORITY,95th percentile prioritisation threshold,Spectral-stress evidence detected. Prioritise field inspection to determine the underlying cause. Field verification required.,157
upload_0af7d3e7-Z0063,upload_0af7d3e7,88,79200.0,566239.0909090909,1972219.7727272727,33.62512469364318,17.836612059198227,2.003605842590332,2.5288376808166504,1.9861059188842773,100.0,HIGH PRIORITY,95th percentile prioritisation threshold,Spectral-stress evidence detected. Prioritise field inspection to determine the underlying cause. Field verification required.,158
upload_0af7d3e7-Z0081,upload_0af7d3e7,131,117900.0,562956.641221374,1971488.2442748093,33.59412623679246,17.83009697596621,2.0032150745391846,2.6778993606567383,1.9459763765335083,100.0,HIGH PRIORITY,95th percentile prioritisation threshold,Spectral-stress evidence detected. Prioritise field inspection to determine the underlying cause. Field verification required.,159
upload_0af7d3e7-Z0073,upload_0af7d3e7,14,12600.0,551554.2857142857,1971842.142857143,33.48653325060593,17.83359327763825,2.0012383460998535,2.3567769527435303,2.0272715091705322,100.0,HIGH PRIORITY,95th percentile prioritisation threshold,Spectral-stress evidence detected. Prioritise field inspection to determine the underlying cause. Field verification required.,160
upload_0af7d3e7-Z0237,upload_0af7d3e7,25,22500.0,572896.8,1962568.8,33.687618966258825,17.7491736500756,2.0011589527130127,2.4884586334228516,1.9555819034576416,100.0,HIGH PRIORITY,95th percentile prioritisation threshold,Spectral-stress evidence detected. Prioritise field inspection to determine the underlying cause. Field verification required.,161
upload_0af7d3e7-Z0317,upload_0af7d3e7,23,20700.0,552581.7391304348,1958598.2608695652,33.495899154906766,17.7138639425131,2.000850200653076,2.305551528930664,2.0139083862304688,100.0,HIGH PRIORITY,95th percentile prioritisation threshold,Spectral-stress evidence detected. Prioritise field inspection to determine the underlying cause. Field verification required.,162
upload_0af7d3e7-Z0330,upload_0af7d3e7,49,44100.0,552764.693877551,1958060.8163265307,33.49761116409091,17.709001853197933,1.9988054037094116,2.4648876190185547,1.9554764032363892,100.0,HIGH PRIORITY,95th percentile prioritisation threshold,Spectral-stress evidence detected. Prioritise field inspection to determine the underlying cause. Field verification required.,163
upload_0af7d3e7-Z0137,upload_0af7d3e7,45,40500.0,557420.0,1969286.6666666667,33.54181823341429,17.810350143921518,1.9971699714660645,2.5113813877105713,2.0024473667144775,100.0,HIGH PRIORITY,95th percentile prioritisation threshold,Spectral-stress evidence detected. Prioritise field inspection to determine the underlying cause. Field verification required.,164
upload_0af7d3e7-Z0033,upload_0af7d3e7,80,72000.0,551876.25,1973397.0,33.48961005899173,17.847639193630144,1.9967424869537354,2.591569423675537,1.9377775192260742,100.0,HIGH PRIORITY,95th percentile prioritisation threshold,Spectral-stress evidence detected. Prioritise field inspection to determine the underlying cause. Field verification required.,165
upload_0af7d3e7-Z0187,upload_0af7d3e7,34,30600.0,579899.1176470588,1965911.4705882352,33.753792797784335,17.779142271561618,1.9940979480743408,2.404475450515747,1.9740420579910278,100.0,HIGH PRIORITY,95th percentile prioritisation threshold,Spectral-stress evidence detected. Prioritise field inspection to determine the underlying cause. Field verification required.,166
upload_0af7d3e7-Z0184,upload_0af7d3e7,12,10800.0,564840.0,1966025.0,33.61173057249053,17.78066366614769,1.9936879873275757,2.6885948181152344,1.8679324388504028,100.0,HIGH PRIORITY,95th percentile prioritisation threshold,Spectral-stress evidence detected. Prioritise field inspection to determine the underlying cause. Field verification required.,167
upload_0af7d3e7-Z0252,upload_0af7d3e7,17,15300.0,578798.8235294118,1961645.294117647,33.743253671421535,17.7406238303138,1.9888142347335815,2.517423391342163,1.959060549736023,100.0,HIGH PRIORITY,95th percentile prioritisation threshold,Spectral-stress evidence detected. Prioritise field inspection to determine the underlying cause. Field verification required.,168
upload_0af7d3e7-Z0412,upload_0af7d3e7,112,100800.0,567024.9107142857,1950693.2142857143,33.631857845205566,17.642024090751175,1.9854685068130493,2.460559606552124,1.9729909896850586,100.0,HIGH PRIORITY,95th percentile prioritisation threshold,Spectral-stress evidence detected. Prioritise field inspection to determine the underlying cause. Field verification required.,169
upload_0af7d3e7-Z0258,upload_0af7d3e7,14,12600.0,578959.2857142857,1961355.0,33.74475626017087,17.737994380459863,1.9843313694000244,2.2689244747161865,1.9770708084106445,100.0,HIGH PRIORITY,95th percentile prioritisation threshold,Spectral-stress evidence detected. Prioritise field inspection to determine the underlying cause. Field verification required.,170
upload_0af7d3e7-Z0310,upload_0af7d3e7,9,8100.0,552956.6666666666,1958803.3333333333,33.499440133781015,17.71570854574308,1.9834338426589966,2.255014657974243,1.9816992282867432,100.0,HIGH PRIORITY,95th percentile prioritisation threshold,Spectral-stress evidence detected. Prioritise field inspection to determine the underlying cause. Field verification required.,171
upload_0af7d3e7-Z0147,upload_0af7d3e7,31,27900.0,578960.3225806452,1968473.2258064516,33.745032490213454,17.80232947028246,1.9825056791305542,2.7435708045959473,1.8855680227279663,100.0,HIGH PRIORITY,95th percentile prioritisation threshold,Spectral-stress evidence detected. Prioritise field inspection to determine the underlying cause. Field verification required.,172
upload_0af7d3e7-Z0236,upload_0af7d3e7,30,27000.0,576818.0,1962619.0,33.72460647047176,17.749494209585873,1.9817489385604858,2.447659492492676,1.9683952331542969,100.0,HIGH PRIORITY,95th percentile prioritisation threshold,Spectral-stress evidence detected. Prioritise field inspection to determine the underlying cause. Field verification required.,173
upload_0af7d3e7-Z0364,upload_0af7d3e7,39,35100.0,553282.3076923077,1956319.2307692308,33.50244872575541,17.693247995346105,1.9793951511383057,2.402418613433838,1.9323139190673828,100.0,HIGH PRIORITY,95th percentile prioritisation threshold,Spectral-stress evidence detected. Prioritise field inspection to determine the underlying cause. Field verification required.,174
upload_0af7d3e7-Z0102,upload_0af7d3e7,32,28800.0,555161.25,1970565.9375,33.52053875829409,17.821970641485585,1.9785070419311523,2.40698504447937,2.0003747940063477,100.0,HIGH PRIORITY,95th percentile prioritisation threshold,Spectral-stress evidence detected. Prioritise field inspection to determine the underlying cause. Field verification required.,175
upload_0af7d3e7-Z0027,upload_0af7d3e7,134,120600.0,567907.3880597015,1973582.9104477612,33.64091245785797,17.848881366298734,1.97676682472229,2.5648837089538574,1.9585100412368774,100.0,HIGH PRIORITY,95th percentile prioritisation threshold,Spectral-stress evidence detected. Prioritise field inspection to determine the underlying cause. Field verification required.,176
upload_0af7d3e7-Z0030,upload_0af7d3e7,110,99000.0,552320.7272727273,1973482.9090909092,33.49380708079563,17.84840511111471,1.9756139516830444,2.60640025138855,1.939180850982666,100.0,HIGH PRIORITY,95th percentile prioritisation threshold,Spectral-stress evidence detected. Prioritise field inspection to determine the underlying cause. Field verification required.,177
upload_0af7d3e7-Z0071,upload_0af7d3e7,9,8100.0,574260.0,1972060.0,33.70081163383273,17.83491106716758,1.9745347499847412,2.488304853439331,1.9318610429763794,100.0,HIGH PRIORITY,95th percentile prioritisation threshold,Spectral-stress evidence detected. Prioritise field inspection to determine the underlying cause. Field verification required.,178
upload_0af7d3e7-Z0091,upload_0af7d3e7,75,67500.0,579794.0,1971186.8,33.753001129869894,17.826824712164903,1.969163179397583,2.7131006717681885,1.879228949546814,100.0,HIGH PRIORITY,95th percentile prioritisation threshold,Spectral-stress evidence detected. Prioritise field inspection to determine the underlying cause. Field verification required.,179
upload_0af7d3e7-Z0221,upload_0af7d3e7,75,67500.0,578081.6,1963315.2,33.736550742990886,17.755742151363897,1.967075228691101,2.5976009368896484,1.9223628044128418,100.0,HIGH PRIORITY,95th percentile prioritisation threshold,Spectral-stress evidence detected. Prioritise field inspection to determine the underlying cause. Field verification required.,180
upload_0af7d3e7-Z0272,upload_0af7d3e7,940,846000.0,560829.414893617,1960284.319148936,33.57372891145159,17.728891568804553,1.967043399810791,2.69320011138916,1.9410901069641113,100.0,HIGH PRIORITY,95th percentile prioritisation threshold,Spectral-stress evidence detected. Prioritise field inspection to determine the underlying cause. Field verification required.,181
upload_0af7d3e7-Z0058,upload_0af7d3e7,35,31500.0,566690.5714285715,1972493.142857143,33.62939398868558,17.83906916051751,1.9654806852340698,2.3930716514587402,1.9330910444259644,100.0,HIGH PRIORITY,95th percentile prioritisation threshold,Spectral-stress evidence detected. Prioritise field inspection to determine the underlying cause. Field verification required.,182
upload_0af7d3e7-Z0322,upload_0af7d3e7,35,31500.0,552547.7142857143,1958337.4285714286,33.49557180159913,17.711507202303945,1.9650821685791016,2.265620708465576,1.9856579303741455,100.0,HIGH PRIORITY,95th percentile prioritisation threshold,Spectral-stress evidence detected. Prioritise field inspection to determine the underlying cause. Field verification required.,183
upload_0af7d3e7-Z0116,upload_0af7d3e7,54,48600.0,560633.8888888889,1969881.111111111,33.572160719908545,17.815636572393757,1.9623125791549683,2.315762519836426,1.9619684219360352,100.0,HIGH PRIORITY,95th percentile prioritisation threshold,Spectral-stress evidence detected. Prioritise field inspection to determine the underlying cause. Field verification required.,184
upload_0af7d3e7-Z0022,upload_0af7d3e7,79,71100.0,578090.1265822785,1973818.1012658228,33.737020827405736,17.850667813107883,1.960115671157837,2.430402994155884,1.9339029788970947,100.0,HIGH PRIORITY,95th percentile prioritisation threshold,Spectral-stress evidence detected. Prioritise field inspection to determine the underlying cause. Field verification required.,185
upload_0af7d3e7-Z0324,upload_0af7d3e7,12,10800.0,552810.0,1958310.0,33.49804463746099,17.711253033598876,1.959529995918274,2.3866684436798096,1.8817576169967651,100.0,HIGH PRIORITY,95th percentile prioritisation threshold,Spectral-stress evidence detected. Prioritise field inspection to determine the underlying cause. Field verification required.,186
upload_0af7d3e7-Z0429,upload_0af7d3e7,79,71100.0,549103.2911392405,1948195.82278481,33.46285415383628,17.6199199958276,1.9577240943908691,2.489398956298828,1.9194055795669556,100.0,HIGH PRIORITY,95th percentile prioritisation threshold,Spectral-stress evidence detected. Prioritise field inspection to determine the underlying cause. Field verification required.,187
upload_0af7d3e7-Z0313,upload_0af7d3e7,19,17100.0,556008.947368421,1958748.9473684211,33.52822421787293,17.715141689141163,1.957574725151062,2.274266242980957,1.9454877376556396,100.0,HIGH PRIORITY,95th percentile prioritisation threshold,Spectral-stress evidence detected. Prioritise field inspection to determine the underlying cause. Field verification required.,188
upload_0af7d3e7-Z0079,upload_0af7d3e7,17,15300.0,577461.1764705882,1971732.3529411764,33.7310081524805,17.83183904669945,1.957274079322815,2.2508068084716797,1.95487642288208,100.0,HIGH PRIORITY,95th percentile prioritisation threshold,Spectral-stress evidence detected. Prioritise field inspection to determine the underlying cause. Field verification required.,189
upload_0af7d3e7-Z0120,upload_0af7d3e7,11,9900.0,556347.2727272727,1969939.0909090908,33.531713720556716,17.8162748125109,1.9568134546279907,2.2283172607421875,1.986528992652893,100.0,HIGH PRIORITY,95th percentile prioritisation threshold,Spectral-stress evidence detected. Prioritise field inspection to determine the underlying cause. Field verification required.,190
upload_0af7d3e7-Z0118,upload_0af7d3e7,69,62100.0,580364.3478260869,1969856.5217391304,33.75833220294934,17.814780828833793,1.9559742212295532,2.473536729812622,1.8912006616592407,100.0,HIGH PRIORITY,95th percentile prioritisation threshold,Spectral-stress evidence detected. Prioritise field inspection to determine the underlying cause. Field verification required.,191
upload_0af7d3e7-Z0282,upload_0af7d3e7,40,36000.0,560295.0,1960303.5,33.56868916369684,17.72907959827005,1.9554065465927124,2.472350597381592,1.974050760269165,100.0,HIGH PRIORITY,95th percentile prioritisation threshold,Spectral-stress evidence detected. Prioritise field inspection to determine the underlying cause. Field verification required.,192
upload_0af7d3e7-Z0268,upload_0af7d3e7,22,19800.0,574396.3636363636,1961003.1818181819,33.70170812480476,17.734973186220618,1.9551830291748047,2.3264360427856445,1.9257733821868896,100.0,HIGH PRIORITY,95th percentile prioritisation threshold,Spectral-stress evidence detected. Prioritise field inspection to determine the underlying cause. Field verification required.,193
upload_0af7d3e7-Z0316,upload_0af7d3e7,23,20700.0,553202.6086956522,1958557.8260869565,33.501753405418725,17.713483604679357,1.9546005725860596,2.4059314727783203,1.93865966796875,100.0,HIGH PRIORITY,95th percentile prioritisation threshold,Spectral-stress evidence detected. Prioritise field inspection to determine the underlying cause. Field verification required.,194
upload_0af7d3e7-Z0215,upload_0af7d3e7,14,12600.0,557721.4285714285,1964046.4285714286,33.54451888546697,17.76297873356696,1.9499529600143433,2.2351436614990234,1.9163366556167603,100.0,HIGH PRIORITY,95th percentile prioritisation threshold,Spectral-stress evidence detected. Prioritise field inspection to determine the underlying cause. Field verification required.,195
upload_0af7d3e7-Z0100,upload_0af7d3e7,24,21600.0,553133.75,1970766.25,33.50141151120613,17.82383117780526,1.9499276876449585,2.3115553855895996,1.9766814708709717,100.0,HIGH PRIORITY,95th percentile prioritisation threshold,Spectral-stress evidence detected. Prioritise field inspection to determine the underlying cause. Field verification required.,196
upload_0af7d3e7-Z0314,upload_0af7d3e7,145,130500.0,562776.2068965518,1958546.896551724,33.59203835487007,17.713133511894252,1.949781060218811,2.3885209560394287,1.9318726062774658,100.0,HIGH PRIORITY,95th percentile prioritisation threshold,Spectral-stress evidence detected. Prioritise field inspection to determine the underlying cause. Field verification required.,197
upload_0af7d3e7-Z0059,upload_0af7d3e7,60,54000.0,581823.0,1972342.5,33.77219217733812,17.83719517039473,1.9483065605163574,2.491403102874756,1.88491690158844,100.0,HIGH PRIORITY,95th percentile prioritisation threshold,Spectral-stress evidence detected. Prioritise field inspection to determine the underlying cause. Field verification required.,198
upload_0af7d3e7-Z0224,upload_0af7d3e7,83,74700.0,576941.2048192772,1963196.0240963856,33.72578958695494,17.754705137365267,1.948202133178711,2.4659156799316406,1.9357575178146362,100.0,HIGH PRIORITY,95th percentile prioritisation threshold,Spectral-stress evidence detected. Prioritise field inspection to determine the underlying cause. Field verification required.,199
upload_0af7d3e7-Z0213,upload_0af7d3e7,183,164700.0,575577.5409836066,1963721.6393442622,33.71294564111303,17.75950292278475,1.9477115869522095,2.867361545562744,1.8682856559753418,100.0,HIGH PRIORITY,95th percentile prioritisation threshold,Spectral-stress evidence detected. Prioritise field inspection to determine the underlying cause. Field verification required.,200
upload_0af7d3e7-Z0042,upload_0af7d3e7,55,49500.0,573297.8181818182,1973108.7272727273,33.69176836038161,17.84442196527399,1.9468750953674316,2.5314016342163086,1.9251633882522583,100.0,HIGH PRIORITY,95th percentile prioritisation threshold,Spectral-stress evidence detected. Prioritise field inspection to determine the underlying cause. Field verification required.,201
upload_0af7d3e7-Z0090,upload_0af7d3e7,209,188100.0,579107.6555023923,1971152.5837320574,33.74652334126279,17.82654031668695,1.9467995166778564,2.770108699798584,1.8954546451568604,100.0,HIGH PRIORITY,95th percentile prioritisation threshold,Spectral-stress evidence detected. Prioritise field inspection to determine the underlying cause. Field verification required.,202
upload_0af7d3e7-Z0043,upload_0af7d3e7,37,33300.0,564522.972972973,1973103.2432432433,33.60895683322964,17.844648274349556,1.945273756980896,2.5460379123687744,1.8644987344741821,100.0,HIGH PRIORITY,95th percentile prioritisation threshold,Spectral-stress evidence detected. Prioritise field inspection to determine the underlying cause. Field verification required.,203
upload_0af7d3e7-Z0135,upload_0af7d3e7,12,10800.0,562162.5,1969390.0,33.58657012107754,17.81115499906669,1.943996548652649,2.197932481765747,1.9525811672210693,100.0,HIGH PRIORITY,95th percentile prioritisation threshold,Spectral-stress evidence detected. Prioritise field inspection to determine the underlying cause. Field verification required.,204
upload_0af7d3e7-Z0254,upload_0af7d3e7,108,97200.0,577069.1666666666,1961420.8333333333,33.726931827229755,17.7386562383622,1.9415020942687988,2.5511975288391113,1.8910801410675049,100.0,HIGH PRIORITY,95th percentile prioritisation threshold,Spectral-stress evidence detected. Prioritise field inspection to determine the underlying cause. Field verification required.,205
upload_0af7d3e7-Z0231,upload_0af7d3e7,22,19800.0,578060.4545454546,1962988.6363636365,33.736339215987734,17.752791380260167,1.941372036933899,2.353800058364868,1.8962116241455078,100.0,HIGH PRIORITY,95th percentile prioritisation threshold,Spectral-stress evidence detected. Prioritise field inspection to determine the underlying cause. Field verification required.,206
upload_0af7d3e7-Z0312,upload_0af7d3e7,16,14400.0,552451.875,1958748.75,33.494678166297525,17.715227235655295,1.939741849899292,2.325601100921631,1.916274905204773,100.0,HIGH PRIORITY,95th percentile prioritisation threshold,Spectral-stress evidence detected. Prioritise field inspection to determine the underlying cause. Field verification required.,207
upload_0af7d3e7-Z0158,upload_0af7d3e7,38,34200.0,564962.3684210526,1967670.7894736843,33.61293574910347,17.79553522217444,1.9393316507339478,2.9917216300964355,1.8076701164245605,100.0,HIGH PRIORITY,95th percentile prioritisation threshold,Spectral-stress evidence detected. Prioritise field inspection to determine the underlying cause. Field verification required.,208
upload_0af7d3e7-Z0112,upload_0af7d3e7,14,12600.0,575089.2857142857,1970108.5714285714,33.70856767004494,17.817245612183193,1.9379864931106567,2.277479410171509,1.887545108795166,100.0,HIGH PRIORITY,95th percentile prioritisation threshold,Spectral-stress evidence detected. Prioritise field inspection to determine the underlying cause. Field verification required.,209
upload_0af7d3e7-Z0082,upload_0af7d3e7,18,16200.0,577155.0,1971700.0,33.72811772053394,17.831557429549083,1.937540054321289,2.339991331100464,1.9071433544158936,100.0,HIGH PRIORITY,95th percentile prioritisation threshold,Spectral-stress evidence detected. Prioritise field inspection to determine the underlying cause. Field verification required.,210
upload_0af7d3e7-Z0004,upload_0af7d3e7,54,48600.0,565804.4444444445,1975074.4444444445,33.62111245708994,17.862426368975516,1.9363051652908325,2.2936980724334717,1.9100643396377563,100.0,HIGH PRIORITY,95th percentile prioritisation threshold,Spectral-stress evidence detected. Prioritise field inspection to determine the underlying cause. Field verification required.,211
upload_0af7d3e7-Z0319,upload_0af7d3e7,24,21600.0,555785.0,1958465.0,33.526104738574055,17.71258089191453,1.9361764192581177,2.1206929683685303,1.9213831424713135,100.0,HIGH PRIORITY,95th percentile prioritisation threshold,Spectral-stress evidence detected. Prioritise field inspection to determine the underlying cause. Field verification required.,212
upload_0af7d3e7-Z0023,upload_0af7d3e7,15,13500.0,565090.0,1973902.0,33.614332887080934,17.85185087873408,1.9357974529266357,2.17972469329834,1.9439988136291504,100.0,HIGH PRIORITY,95th percentile prioritisation threshold,Spectral-stress evidence detected. Prioritise field inspection to determine the underlying cause. Field verification required.,213
upload_0af7d3e7-Z0180,upload_0af7d3e7,696,626400.0,577322.4137931034,1965681.0775862068,33.72947640045609,17.777152006409022,1.9346634149551392,2.8697402477264404,1.8885219097137451,100.0,HIGH PRIORITY,95th percentile prioritisation threshold,Spectral-stress evidence detected. Prioritise field inspection to determine the underlying cause. Field verification required.,214
upload_0af7d3e7-Z0423,upload_0af7d3e7,10,9000.0,548664.0,1948680.0,33.45872449662235,17.624305993345967,1.9343169927597046,2.1698250770568848,1.9701613187789917,100.0,HIGH PRIORITY,95th percentile prioritisation threshold,Spectral-stress evidence detected. Prioritise field inspection to determine the underlying cause. Field verification required.,215
upload_0af7d3e7-Z0053,upload_0af7d3e7,24,21600.0,566165.0,1972685.0,33.624440157044184,17.840819136211127,1.9342575073242188,2.502072334289551,1.9437662363052368,100.0,HIGH PRIORITY,95th percentile prioritisation threshold,Spectral-stress evidence detected. Prioritise field inspection to determine the underlying cause. Field verification required.,216
upload_0af7d3e7-Z0194,upload_0af7d3e7,97,87300.0,578615.5670103093,1965076.701030928,33.74165301486478,17.771643783624103,1.933907389640808,2.4495248794555664,1.8807470798492432,100.0,HIGH PRIORITY,95th percentile prioritisation threshold,Spectral-stress evidence detected. Prioritise field inspection to determine the underlying cause. Field verification required.,217
upload_0af7d3e7-Z0093,upload_0af7d3e7,21,18900.0,581501.4285714285,1971225.7142857143,33.769114271989324,17.8271136626327,1.9323216676712036,2.2826600074768066,1.9220441579818726,100.0,HIGH PRIORITY,95th percentile prioritisation threshold,Spectral-stress evidence detected. Prioritise field inspection to determine the underlying cause. Field verification required.,218
upload_0af7d3e7-Z0092,upload_0af7d3e7,14,12600.0,580922.1428571428,1971220.7142857143,33.763647821827746,17.827089913501595,1.9322978258132935,2.2405149936676025,1.9144694805145264,100.0,HIGH PRIORITY,95th percentile prioritisation threshold,Spectral-stress evidence detected. Prioritise field inspection to determine the underlying cause. Field verification required.,219
upload_0af7d3e7-Z0434,upload_0af7d3e7,9,8100.0,547323.3333333334,1947473.3333333333,33.44606036750369,17.613428246724517,1.9291682243347168,2.306309461593628,1.947513461112976,100.0,HIGH PRIORITY,95th percentile prioritisation threshold,Spectral-stress evidence detected. Prioritise field inspection to determine the underlying cause. Field verification required.,220
upload_0af7d3e7-Z0327,upload_0af7d3e7,104,93600.0,554112.9807692308,1958067.9807692308,33.510326352600785,17.70903400258191,1.9272643327713013,2.3819150924682617,1.9084274768829346,100.0,HIGH PRIORITY,95th percentile prioritisation threshold,Spectral-stress evidence detected. Prioritise field inspection to determine the underlying cause. Field verification required.,221
upload_0af7d3e7-Z0162,upload_0af7d3e7,229,206100.0,574666.3755458515,1967082.576419214,33.70446982436206,17.789910685184505,1.9268012046813965,2.668607711791992,1.8692439794540405,100.0,HIGH PRIORITY,95th percentile prioritisation threshold,Spectral-stress evidence detected. Prioritise field inspection to determine the underlying cause. Field verification required.,222
upload_0af7d3e7-Z0149,upload_0af7d3e7,59,53100.0,580248.3050847457,1968287.2881355933,33.75717742835666,17.800602301268864,1.9258404970169067,2.4681713581085205,1.9018077850341797,100.0,HIGH PRIORITY,95th percentile prioritisation threshold,Spectral-stress evidence detected. Prioritise field inspection to determine the underlying cause. Field verification required.,223
upload_0af7d3e7-Z0323,upload_0af7d3e7,28,25200.0,559068.2142857143,1958415.0,33.55706608439074,17.71204362426885,1.924353003501892,2.1939024925231934,1.9203755855560303,100.0,HIGH PRIORITY,95th percentile prioritisation threshold,Spectral-stress evidence detected. Prioritise field inspection to determine the underlying cause. Field verification required.,224
upload_0af7d3e7-Z0230,upload_0af7d3e7,41,36900.0,578899.0243902439,1962872.9268292682,33.744244582126775,17.75171572525153,1.9236524105072021,2.265787124633789,1.8819643259048462,100.0,HIGH PRIORITY,95th percentile prioritisation threshold,Spectral-stress evidence detected. Prioritise field inspection to determine the underlying cause. Field verification required.,225
upload_0af7d3e7-Z0047,upload_0af7d3e7,24,21600.0,565195.0,1973032.5,33.615296846104364,17.84398899242073,1.922834038734436,2.5552799701690674,1.8834134340286255,100.0,HIGH PRIORITY,95th percentile prioritisation threshold,Spectral-stress evidence detected. Prioritise field inspection to determine the underlying cause. Field verification required.,226
upload_0af7d3e7-Z0154,upload_0af7d3e7,81,72900.0,575071.4814814815,1967862.5925925926,33.7083195473738,17.79694678573609,1.9219272136688232,2.9792134761810303,1.8672196865081787,100.0,HIGH PRIORITY,95th percentile prioritisation threshold,Spectral-stress evidence detected. Prioritise field inspection to determine the underlying cause. Field verification required.,227
upload_0af7d3e7-Z0169,upload_0af7d3e7,21,18900.0,574974.2857142857,1967054.2857142857,33.70737375747783,17.789644513419844,1.9212077856063843,2.4643056392669678,1.8791508674621582,100.0,HIGH PRIORITY,95th percentile prioritisation threshold,Spectral-stress evidence detected. Prioritise field inspection to determine the underlying cause. Field verification required.,228
upload_0af7d3e7-Z0078,upload_0af7d3e7,13,11700.0,563413.8461538461,1971800.7692307692,33.59845017310077,17.83290850169528,1.9200482368469238,2.1915836334228516,1.9397203922271729,100.0,HIGH PRIORITY,95th percentile prioritisation threshold,Spectral-stress evidence detected. Prioritise field inspection to determine the underlying cause. Field verification required.,229
upload_0af7d3e7-Z0199,upload_0af7d3e7,40,36000.0,560096.25,1964838.0,33.56694367842141,17.770069765423116,1.9188621044158936,2.3722658157348633,1.8804166316986084,100.0,HIGH PRIORITY,95th percentile prioritisation threshold,Spectral-stress evidence detected. Prioritise field inspection to determine the underlying cause. Field verification required.,230
upload_0af7d3e7-Z0263,upload_0af7d3e7,57,51300.0,560560.0,1961156.3157894737,33.57121291907503,17.736780463075274,1.9164565801620483,2.5223183631896973,1.8599406480789185,100.0,HIGH PRIORITY,95th percentile prioritisation threshold,Spectral-stress evidence detected. Prioritise field inspection to determine the underlying cause. Field verification required.,231
upload_0af7d3e7-Z0289,upload_0af7d3e7,25,22500.0,559394.4,1960077.6,33.560188859127486,17.727062230969928,1.9150348901748657,2.3527324199676514,1.8651485443115234,100.0,HIGH PRIORITY,95th percentile prioritisation threshold,Spectral-stress evidence detected. Prioritise field inspection to determine the underlying cause. Field verification required.,232
upload_0af7d3e7-Z0028,upload_0af7d3e7,67,60300.0,570604.0298507463,1973660.5970149254,33.666364839680995,17.849498283135922,1.9134221076965332,2.5153656005859375,1.9033292531967163,100.0,HIGH PRIORITY,95th percentile prioritisation threshold,Spectral-stress evidence detected. Prioritise field inspection to determine the underlying cause. Field verification required.,233
upload_0af7d3e7-Z0094,upload_0af7d3e7,12,10800.0,560962.5,1971155.0,33.57529842496,17.827141323185362,1.9101964235305786,2.4658608436584473,1.8686336278915405,100.0,HIGH PRIORITY,95th percentile prioritisation threshold,Spectral-stress evidence detected. Prioritise field inspection to determine the underlying cause. Field verification required.,234
upload_0af7d3e7-Z0409,upload_0af7d3e7,35,31500.0,554780.5714285715,1950862.2857142857,33.51643606709128,17.64388837756529,1.9086593389511108,2.08412766456604,1.9173707962036133,100.0,HIGH PRIORITY,95th percentile prioritisation threshold,Spectral-stress evidence detected. Prioritise field inspection to determine the underlying cause. Field verification required.,235
upload_0af7d3e7-Z0144,upload_0af7d3e7,28,25200.0,575668.9285714285,1968973.9285714286,33.713996250390984,17.806970685577895,1.908626914024353,2.350667715072632,1.8846726417541504,100.0,HIGH PRIORITY,95th percentile prioritisation threshold,Spectral-stress evidence detected. Prioritise field inspection to determine the underlying cause. Field verification required.,236
upload_0af7d3e7-Z0276,upload_0af7d3e7,58,52200.0,559445.6896551724,1960369.1379310344,33.56068078320553,17.729695903026645,1.9060367345809937,2.7118332386016846,1.8048986196517944,100.0,HIGH PRIORITY,95th percentile prioritisation threshold,Spectral-stress evidence detected. Prioritise field inspection to determine the underlying cause. Field verification required.,237
upload_0af7d3e7-Z0428,upload_0af7d3e7,281,252900.0,546872.7758007117,1947972.0640569394,33.44182456467719,17.61794568447951,1.9051556587219238,2.404122829437256,1.833534598350525,100.0,HIGH PRIORITY,95th percentile prioritisation threshold,Spectral-stress evidence detected. Prioritise field inspection to determine the underlying cause. Field verification required.,238
upload_0af7d3e7-Z0370,upload_0af7d3e7,9,8100.0,566066.6666666666,1956073.3333333333,33.62299203281197,17.690680559188415,1.9050496816635132,2.1230032444000244,1.9465850591659546,100.0,HIGH PRIORITY,95th percentile prioritisation threshold,Spectral-stress evidence detected. Prioritise field inspection to determine the underlying cause. Field verification required.,239
upload_0af7d3e7-Z0225,upload_0af7d3e7,35,31500.0,574868.5714285715,1963141.7142857143,33.70623752710536,17.75428566668889,1.9030195474624634,2.1448681354522705,1.9072333574295044,100.0,HIGH PRIORITY,95th percentile prioritisation threshold,Spectral-stress evidence detected. Prioritise field inspection to determine the underlying cause. Field verification required.,240
upload_0af7d3e7-Z0056,upload_0af7d3e7,259,233100.0,581289.2664092664,1972145.2123552123,33.76714784365015,17.83543193974204,1.9025325775146484,2.4743568897247314,1.8766486644744873,100.0,HIGH PRIORITY,95th percentile prioritisation threshold,Spectral-stress evidence detected. Prioritise field inspection to determine the underlying cause. Field verification required.,241
upload_0af7d3e7-Z0273,upload_0af7d3e7,100,90000.0,577640.1,1960661.7,33.73228878703441,17.731775061313034,1.9017939567565918,2.336341142654419,1.8484675884246826,100.0,HIGH PRIORITY,95th percentile prioritisation threshold,Spectral-stress evidence detected. Prioritise field inspection to determine the underlying cause. Field verification required.,242
upload_0af7d3e7-Z0151,upload_0af7d3e7,44,39600.0,575375.4545454546,1968197.7272727273,33.711199450705216,17.799965372852967,1.9016087055206299,2.2724180221557617,1.874609351158142,100.0,HIGH PRIORITY,95th percentile prioritisation threshold,Spectral-stress evidence detected. Prioritise field inspection to determine the underlying cause. Field verification required.,243
upload_0af7d3e7-Z0156,upload_0af7d3e7,9,8100.0,564663.3333333334,1967823.3333333333,33.61011908200346,17.7969227779851,1.9007574319839478,2.4365928173065186,1.8803417682647705,100.0,HIGH PRIORITY,95th percentile prioritisation threshold,Spectral-stress evidence detected. Prioritise field inspection to determine the underlying cause. Field verification required.,244
upload_0af7d3e7-Z0358,upload_0af7d3e7,26,23400.0,553318.8461538461,1956593.076923077,33.50280015912889,17.69572229309692,1.8992990255355835,2.3544533252716064,1.8831008672714233,100.0,HIGH PRIORITY,95th percentile prioritisation threshold,Spectral-stress evidence detected. Prioritise field inspection to determine the underlying cause. Field verification required.,245
upload_0af7d3e7-Z0266,upload_0af7d3e7,20,18000.0,577468.5,1961065.5,33.730685174266455,17.735430695990754,1.8981621265411377,2.2919325828552246,1.8310060501098633,100.0,HIGH PRIORITY,95th percentile prioritisation threshold,Spectral-stress evidence detected. Prioritise field inspection to determine the underlying cause. Field verification required.,246
upload_0af7d3e7-Z0408,upload_0af7d3e7,12,10800.0,577680.0,1951022.5,33.73231203392028,17.644652781364336,1.8977166414260864,2.108715534210205,1.8809380531311035,100.0,HIGH PRIORITY,95th percentile prioritisation threshold,Spectral-stress evidence detected. Prioritise field inspection to determine the underlying cause. Field verification required.,247
upload_0af7d3e7-Z0380,upload_0af7d3e7,26,23400.0,555568.8461538461,1954338.4615384615,33.523958102212646,17.675288445419465,1.8965721130371094,2.222581386566162,1.9064682722091675,100.0,HIGH PRIORITY,95th percentile prioritisation threshold,Spectral-stress evidence detected. Prioritise field inspection to determine the underlying cause. Field verification required.,248
upload_0af7d3e7-Z0054,upload_0af7d3e7,17,15300.0,566991.1764705882,1972717.0588235294,33.63223797408924,17.841083801602476,1.8933897018432617,2.217031478881836,1.8919821977615356,100.0,HIGH PRIORITY,95th percentile prioritisation threshold,Spectral-stress evidence detected. Prioritise field inspection to determine the underlying cause. Field verification required.,249
upload_0af7d3e7-Z0424,upload_0af7d3e7,14,12600.0,555537.8571428572,1948592.142857143,33.52351581756604,17.623350637674143,1.8925154209136963,2.1538989543914795,1.8842265605926514,100.0,HIGH PRIORITY,95th percentile prioritisation threshold,Spectral-stress evidence detected. Prioritise field inspection to determine the underlying cause. Field verification required.,250
upload_0af7d3e7-Z0426,upload_0af7d3e7,12,10800.0,547882.5,1948417.5,33.451352061605235,17.621950319121645,1.8916815519332886,2.117997407913208,1.8778409957885742,100.0,HIGH PRIORITY,95th percentile prioritisation threshold,Spectral-stress evidence detected. Prioritise field inspection to determine the underlying cause. Field verification required.,251
upload_0af7d3e7-Z0361,upload_0af7d3e7,15,13500.0,565786.0,1956550.0,33.62036032119175,17.6949972233406,1.889670729637146,2.2528040409088135,1.8223628997802734,100.0,HIGH PRIORITY,95th percentile prioritisation threshold,Spectral-stress evidence detected. Prioritise field inspection to determine the underlying cause. Field verification required.,252
upload_0af7d3e7-Z0257,upload_0af7d3e7,9,8100.0,574450.0,1961540.0,33.702232902221155,17.739823247167326,1.889380931854248,2.2970833778381348,1.8277058601379395,100.0,HIGH PRIORITY,95th percentile prioritisation threshold,Spectral-stress evidence detected. Prioritise field inspection to determine the underlying cause. Field verification required.,253
upload_0af7d3e7-Z0365,upload_0af7d3e7,232,208800.0,554795.5603448276,1955896.0344827587,33.51670724513208,17.68938593997926,1.888846516609192,2.1549079418182373,1.8982908725738525,100.0,HIGH PRIORITY,95th percentile prioritisation threshold,Spectral-stress evidence detected. Prioritise field inspection to determine the underlying cause. Field verification required.,254
upload_0af7d3e7-Z0208,upload_0af7d3e7,13,11700.0,580103.0769230769,1964483.076923077,33.75566263916473,17.766224948907926,1.8885060548782349,2.1511735916137695,1.923720359802246,100.0,HIGH PRIORITY,95th percentile prioritisation threshold,Spectral-stress evidence detected. Prioritise field inspection to determine the underlying cause. Field verification required.,255
upload_0af7d3e7-Z0163,upload_0af7d3e7,13,11700.0,567500.7692307692,1967420.7692307692,33.636877101242575,17.79319899310238,1.8878175020217896,2.124666929244995,1.8683477640151978,100.0,HIGH PRIORITY,95th percentile prioritisation threshold,Spectral-stress evidence detected. Prioritise field inspection to determine the underlying cause. Field verification required.,256
upload_0af7d3e7-Z0177,upload_0af7d3e7,16,14400.0,580770.0,1966575.0,33.76203386622315,17.78510748150594,1.887369990348816,2.2157912254333496,1.8329284191131592,100.0,HIGH PRIORITY,95th percentile prioritisation threshold,Spectral-stress evidence detected. Prioritise field inspection to determine the underlying cause. Field verification required.,257
upload_0af7d3e7-Z0202,upload_0af7d3e7,9,8100.0,557996.6666666666,1964770.0,33.54713516489292,17.76951146164827,1.88447105884552,2.12833571434021,1.900891661643982,100.0,HIGH PRIORITY,95th percentile prioritisation threshold,Spectral-stress evidence detected. Prioritise field inspection to determine the underlying cause. Field verification required.,258
upload_0af7d3e7-Z0197,upload_0af7d3e7,15,13500.0,579254.0,1965022.0,33.74767351151554,17.77112650002422,1.8841646909713745,2.086852550506592,1.8349499702453613,100.0,HIGH PRIORITY,95th percentile prioritisation threshold,Spectral-stress evidence detected. Prioritise field inspection to determine the underlying cause. Field verification required.,259
upload_0af7d3e7-Z0203,upload_0af7d3e7,34,30600.0,578489.1176470588,1964674.4117647058,33.740445206258855,17.76801236736721,1.8820008039474487,2.3725762367248535,1.8207147121429443,100.0,HIGH PRIORITY,95th percentile prioritisation threshold,Spectral-stress evidence detected. Prioritise field inspection to determine the underlying cause. Field verification required.,260
upload_0af7d3e7-Z0045,upload_0af7d3e7,24,21600.0,567386.25,1973042.5,33.63597681011569,17.844013104482933,1.8810478448867798,2.288731813430786,1.830903172492981,100.0,HIGH PRIORITY,95th percentile prioritisation threshold,Spectral-stress evidence detected. Prioritise field inspection to determine the underlying cause. Field verification required.,261
upload_0af7d3e7-Z0405,upload_0af7d3e7,89,80100.0,566517.9775280899,1951298.426966292,33.627098018497804,17.64750951573847,1.880437970161438,2.1819159984588623,1.872572898864746,100.0,HIGH PRIORITY,95th percentile prioritisation threshold,Spectral-stress evidence detected. Prioritise field inspection to determine the underlying cause. Field verification required.,262
upload_0af7d3e7-Z0146,upload_0af7d3e7,29,26100.0,580106.8965517242,1968504.8275862068,33.75585154113004,17.802573589033447,1.8798621892929077,2.3227927684783936,1.8301337957382202,100.0,HIGH PRIORITY,95th percentile prioritisation threshold,Spectral-stress evidence detected. Prioritise field inspection to determine the underlying cause. Field verification required.,263
upload_0af7d3e7-Z0084,upload_0af7d3e7,94,84600.0,579260.7446808511,1971583.085106383,33.74798416133593,17.83042567405385,1.8789294958114624,2.74259614944458,1.8244277238845825,100.0,HIGH PRIORITY,95th percentile prioritisation threshold,Spectral-stress evidence detected. Prioritise field inspection to determine the underlying cause. Field verification required.,264
upload_0af7d3e7-Z0115,upload_0af7d3e7,16,14400.0,556278.75,1970068.125,33.53107058832933,17.817442834251285,1.8785908222198486,1.9826250076293945,1.8932061195373535,100.0,HIGH PRIORITY,95th percentile prioritisation threshold,Spectral-stress evidence detected. Prioritise field inspection to determine the underlying cause. Field verification required.,265
upload_0af7d3e7-Z0174,upload_0af7d3e7,9,8100.0,580566.6666666666,1966713.3333333333,33.76012090714683,17.786365200267568,1.8782774209976196,2.120283365249634,1.8429588079452515,100.0,HIGH PRIORITY,95th percentile prioritisation threshold,Spectral-stress evidence detected. Prioritise field inspection to determine the underlying cause. Field verification required.,266
upload_0af7d3e7-Z0339,upload_0af7d3e7,19,17100.0,553834.7368421053,1957616.8421052631,33.50769091124654,17.704963157808006,1.8748693466186523,2.0933239459991455,1.8662244081497192,100.0,HIGH PRIORITY,95th percentile prioritisation threshold,Spectral-stress evidence detected. Prioritise field inspection to determine the underlying cause. Field verification required.,267
upload_0af7d3e7-Z0404,upload_0af7d3e7,9,8100.0,567550.0,1951573.3333333333,33.636835704121445,17.649963038483914,1.8741081953048706,2.1703991889953613,1.8777908086776733,100.0,HIGH PRIORITY,95th percentile prioritisation threshold,Spectral-stress evidence detected. Prioritise field inspection to determine the underlying cause. Field verification required.,268
upload_0af7d3e7-Z0264,upload_0af7d3e7,20,18000.0,554290.5,1961064.0,33.512077314883264,17.736109268547082,1.8722044229507446,2.1825520992279053,1.8598252534866333,100.0,HIGH PRIORITY,95th percentile prioritisation threshold,Spectral-stress evidence detected. Prioritise field inspection to determine the underlying cause. Field verification required.,269
upload_0af7d3e7-Z0038,upload_0af7d3e7,24,21600.0,573442.5,1973455.0,33.69314587780055,17.847546775904274,1.8709689378738403,2.1490745544433594,1.8449288606643677,100.0,HIGH PRIORITY,95th percentile prioritisation threshold,Spectral-stress evidence detected. Prioritise field inspection to determine the underlying cause. Field verification required.,270
upload_0af7d3e7-Z0240,upload_0af7d3e7,48,43200.0,572071.875,1962291.25,33.67982857021521,17.746692213227615,1.8707271814346313,2.2590649127960205,1.8388128280639648,100.0,HIGH PRIORITY,95th percentile prioritisation threshold,Spectral-stress evidence detected. Prioritise field inspection to determine the underlying cause. Field verification required.,271
upload_0af7d3e7-Z0222,upload_0af7d3e7,18,16200.0,579223.3333333334,1963450.0,33.74732520798825,17.75691973390286,1.8690024614334106,2.3067781925201416,1.800854206085205,100.0,HIGH PRIORITY,95th percentile prioritisation threshold,Spectral-stress evidence detected. Prioritise field inspection to determine the underlying cause. Field verification required.,272
upload_0af7d3e7-Z0303,upload_0af7d3e7,22,19800.0,554085.0,1959276.8181818181,33.51009336244064,17.71996081747032,1.8684149980545044,2.187710762023926,1.818938970565796,100.0,HIGH PRIORITY,95th percentile prioritisation threshold,Spectral-stress evidence detected. Prioritise field inspection to determine the underlying cause. Field verification required.,273
upload_0af7d3e7-Z0403,upload_0af7d3e7,11,9900.0,567698.1818181818,1951590.0,33.638233173276895,17.65010915974307,1.8649201393127441,2.0681068897247314,1.8464205265045166,100.0,HIGH PRIORITY,95th percentile prioritisation threshold,Spectral-stress evidence detected. Prioritise field inspection to determine the underlying cause. Field verification required.,274
upload_0af7d3e7-Z0275,upload_0af7d3e7,36,32400.0,573412.5,1960580.8333333333,33.692414138021014,17.73118886302639,1.8608229160308838,2.123441219329834,1.8658599853515625,100.0,HIGH PRIORITY,95th percentile prioritisation threshold,Spectral-stress evidence detected. Prioritise field inspection to determine the underlying cause. Field verification required.,275
upload_0af7d3e7-Z0122,upload_0af7d3e7,27,24300.0,576148.8888888889,1969832.2222222222,33.71855586253705,17.81471144515031,1.8604665994644165,2.0465896129608154,1.8655030727386475,100.0,HIGH PRIORITY,95th percentile prioritisation threshold,Spectral-stress evidence detected. Prioritise field inspection to determine the underlying cause. Field verification required.,276
upload_0af7d3e7-Z0293,upload_0af7d3e7,315,283500.0,553577.2380952381,1959531.142857143,33.505311069488954,17.7222719202761,1.8580821752548218,2.5371828079223633,1.8290916681289673,100.0,HIGH PRIORITY,95th percentile prioritisation threshold,Spectral-stress evidence detected. Prioritise field inspection to determine the underlying cause. Field verification required.,277
upload_0af7d3e7-Z0020,upload_0af7d3e7,12,10800.0,566467.5,1974010.0,33.62733687323088,17.852785650162545,1.8552712202072144,2.0234434604644775,1.8589338064193726,100.0,HIGH PRIORITY,95th percentile prioritisation threshold,Spectral-stress evidence detected. Prioritise field inspection to determine the underlying cause. Field verification required.,278
upload_0af7d3e7-Z0346,upload_0af7d3e7,115,103500.0,554502.5217391305,1957287.1304347827,33.513979820483584,17.70196667674216,1.8546271324157715,2.0794384479522705,1.8537477254867554,100.0,HIGH PRIORITY,95th percentile prioritisation threshold,Spectral-stress evidence detected. Prioritise field inspection to determine the underlying cause. Field verification required.,279
upload_0af7d3e7-Z0198,upload_0af7d3e7,35,31500.0,576885.4285714285,1964931.4285714286,33.72532669973339,17.770391897926572,1.853757381439209,2.0336670875549316,1.8506087064743042,100.0,HIGH PRIORITY,95th percentile prioritisation threshold,Spectral-stress evidence detected. Prioritise field inspection to determine the underlying cause. Field verification required.,280
upload_0af7d3e7-Z0232,upload_0af7d3e7,14,12600.0,555347.1428571428,1962859.2857142857,33.52209047746612,17.75230970097515,1.8517608642578125,2.0348315238952637,1.8708943128585815,100.0,HIGH PRIORITY,95th percentile prioritisation threshold,Spectral-stress evidence detected. Prioritise field inspection to determine the underlying cause. Field verification required.,281
upload_0af7d3e7-Z0325,upload_0af7d3e7,11,9900.0,553802.7272727273,1958345.4545454546,33.507407561256315,17.711549539584865,1.8514492511749268,2.106079339981079,1.8019863367080688,100.0,HIGH PRIORITY,95th percentile prioritisation threshold,Spectral-stress evidence detected. Prioritise field inspection to determine the underlying cause. Field verification required.,282
upload_0af7d3e7-Z0406,upload_0af7d3e7,28,25200.0,567517.5,1951414.2857142857,33.63652426983076,17.648526491769275,1.8506070375442505,2.134321928024292,1.822299599647522,100.0,HIGH PRIORITY,95th percentile prioritisation threshold,Spectral-stress evidence detected. Prioritise field inspection to determine the underlying cause. Field verification required.,283
upload_0af7d3e7-Z0200,upload_0af7d3e7,61,54900.0,577173.4426229508,1964800.3278688525,33.72803882862018,17.769196917205825,1.8493776321411133,2.3933417797088623,1.8095048666000366,100.0,HIGH PRIORITY,95th percentile prioritisation threshold,Spectral-stress evidence detected. Prioritise field inspection to determine the underlying cause. Field verification required.,284
upload_0af7d3e7-Z0201,upload_0af7d3e7,9,8100.0,560760.0,1964773.3333333333,33.573203357019906,17.769467064321475,1.8472936153411865,2.245783805847168,1.8104286193847656,100.0,HIGH PRIORITY,95th percentile prioritisation threshold,Spectral-stress evidence detected. Prioritise field inspection to determine the underlying cause. Field verification required.,285
upload_0af7d3e7-Z0128,upload_0af7d3e7,23,20700.0,556533.9130434783,1969497.391304348,33.53346299942,17.812277748857863,1.8432989120483398,2.0531163215637207,1.8740054368972778,100.0,HIGH PRIORITY,95th percentile prioritisation threshold,Spectral-stress evidence detected. Prioritise field inspection to determine the underlying cause. Field verification required.,286
upload_0af7d3e7-Z0106,upload_0af7d3e7,34,30600.0,576172.9411764706,1970467.9411764706,33.71880583938151,17.820456298401798,1.8422261476516724,2.215597152709961,1.7887107133865356,100.0,HIGH PRIORITY,95th percentile prioritisation threshold,Spectral-stress evidence detected. Prioritise field inspection to determine the underlying cause. Field verification required.,287
upload_0af7d3e7-Z0223,upload_0af7d3e7,12,10800.0,574352.5,1963385.0,33.7013782445909,17.756502000366034,1.842002511024475,2.213291645050049,1.8072264194488525,100.0,HIGH PRIORITY,95th percentile prioritisation threshold,Spectral-stress evidence detected. Prioritise field inspection to determine the underlying cause. Field verification required.,288
upload_0af7d3e7-Z0011,upload_0af7d3e7,9,8100.0,564700.0,1974773.3333333333,33.61067901623088,17.859737765654007,1.8406643867492676,1.9734643697738647,1.863311767578125,100.0,HIGH PRIORITY,95th percentile prioritisation threshold,Spectral-stress evidence detected. Prioritise field inspection to determine the underlying cause. Field verification required.,289
upload_0af7d3e7-Z0261,upload_0af7d3e7,19,17100.0,554123.6842105263,1961212.105263158,33.51050771740451,17.737452020240873,1.840550422668457,2.2141175270080566,1.7853811979293823,100.0,HIGH PRIORITY,95th percentile prioritisation threshold,Spectral-stress evidence detected. Prioritise field inspection to determine the underlying cause. Field verification required.,290
upload_0af7d3e7-Z0410,upload_0af7d3e7,49,44100.0,547056.1224489796,1950824.081632653,33.443615802733675,17.64372036374577,1.8400111198425293,1.9878565073013306,1.8388274908065796,100.0,HIGH PRIORITY,95th percentile prioritisation threshold,Spectral-stress evidence detected. Prioritise field inspection to determine the underlying cause. Field verification required.,291
upload_0af7d3e7-Z0345,upload_0af7d3e7,11,9900.0,553887.2727272727,1957480.9090909092,33.50818288136013,17.703733239432573,1.8399440050125122,2.0051846504211426,1.859456181526184,100.0,HIGH PRIORITY,95th percentile prioritisation threshold,Spectral-stress evidence detected. Prioritise field inspection to determine the underlying cause. Field verification required.,292
upload_0af7d3e7-Z0418,upload_0af7d3e7,24,21600.0,576461.25,1949393.75,33.72076466759666,17.629974065612792,1.8395265340805054,2.0102834701538086,1.8171072006225586,100.0,HIGH PRIORITY,95th percentile prioritisation threshold,Spectral-stress evidence detected. Prioritise field inspection to determine the underlying cause. Field verification required.,293
upload_0af7d3e7-Z0389,upload_0af7d3e7,13,11700.0,555334.6153846154,1953897.6923076923,33.521738120506235,17.67131039018314,1.8388704061508179,1.941056728363037,1.8430769443511963,100.0,HIGH PRIORITY,95th percentile prioritisation threshold,Spectral-stress evidence detected. Prioritise field inspection to determine the underlying cause. Field verification required.,294
upload_0af7d3e7-Z0399,upload_0af7d3e7,11,9900.0,571320.0,1952931.8181818181,33.67242167438074,17.662123433029855,1.838757038116455,2.1528420448303223,1.8427976369857788,100.0,HIGH PRIORITY,95th percentile prioritisation threshold,Spectral-stress evidence detected. Prioritise field inspection to determine the underlying cause. Field verification required.,295
upload_0af7d3e7-Z0422,upload_0af7d3e7,14,12600.0,554462.1428571428,1948892.142857143,33.51338379797026,17.62608886126187,1.8381918668746948,2.1551852226257324,1.7965850830078125,100.0,HIGH PRIORITY,95th percentile prioritisation threshold,Spectral-stress evidence detected. Prioritise field inspection to determine the underlying cause. Field verification required.,296
upload_0af7d3e7-Z0142,upload_0af7d3e7,12,10800.0,566562.5,1969152.5,33.62807957733956,17.808879463981118,1.8379589319229126,1.9798096418380737,1.8286712169647217,100.0,HIGH PRIORITY,95th percentile prioritisation threshold,Spectral-stress evidence detected. Prioritise field inspection to determine the underlying cause. Field verification required.,297
upload_0af7d3e7-Z0308,upload_0af7d3e7,41,36900.0,552379.756097561,1958976.5853658537,33.494003662842914,17.717288251668613,1.8369930982589722,2.0638222694396973,1.8548436164855957,100.0,HIGH PRIORITY,95th percentile prioritisation threshold,Spectral-stress evidence detected. Prioritise field inspection to determine the underlying cause. Field verification required.,298
upload_0af7d3e7-Z0295,upload_0af7d3e7,17,15300.0,559408.2352941176,1959924.705882353,33.56031505086749,17.72567993152317,1.8366864919662476,2.1847221851348877,1.8408221006393433,100.0,HIGH PRIORITY,95th percentile prioritisation threshold,Spectral-stress evidence detected. Prioritise field inspection to determine the underlying cause. Field verification required.,299
upload_0af7d3e7-Z0247,upload_0af7d3e7,14,12600.0,555769.2857142857,1962160.7142857143,33.52605399131924,17.745985029275673,1.8360635042190552,2.0139360427856445,1.8312642574310303,100.0,HIGH PRIORITY,95th percentile prioritisation threshold,Spectral-stress evidence detected. Prioritise field inspection to determine the underlying cause. Field verification required.,300
upload_0af7d3e7-Z0393,upload_0af7d3e7,820,738000.0,548736.0365853659,1952426.7073170731,33.45948935945346,17.658169698145986,1.8359944820404053,2.2411515712738037,1.8217225074768066,100.0,HIGH PRIORITY,95th percentile prioritisation threshold,Spectral-stress evidence detected. Prioritise field inspection to determine the underlying cause. Field verification required.,301
upload_0af7d3e7-Z0099,upload_0af7d3e7,36,32400.0,578689.1666666666,1970826.6666666667,33.74256218666363,17.823609713262577,1.8353852033615112,2.1289196014404297,1.7950749397277832,100.0,HIGH PRIORITY,95th percentile prioritisation threshold,Spectral-stress evidence detected. Prioritise field inspection to determine the underlying cause. Field verification required.,302
upload_0af7d3e7-Z0131,upload_0af7d3e7,25,22500.0,576260.4,1969460.4,33.71959456244127,17.81134701009054,1.8348915576934814,2.0526161193847656,1.8170011043548584,100.0,HIGH PRIORITY,95th percentile prioritisation threshold,Spectral-stress evidence detected. Prioritise field inspection to determine the underlying cause. Field verification required.,303
upload_0af7d3e7-Z0259,upload_0af7d3e7,14,12600.0,559418.5714285715,1961337.857142857,33.56045224113901,17.738452354557264,1.8334991931915283,1.9910762310028076,1.8309533596038818,100.0,HIGH PRIORITY,95th percentile prioritisation threshold,Spectral-stress evidence detected. Prioritise field inspection to determine the underlying cause. Field verification required.,304
upload_0af7d3e7-Z0374,upload_0af7d3e7,10,9000.0,555213.0,1955661.0,33.520637350083156,17.687251189635973,1.8331527709960938,2.028568744659424,1.837028980255127,100.0,HIGH PRIORITY,95th percentile prioritisation threshold,Spectral-stress evidence detected. Prioritise field inspection to determine the underlying cause. Field verification required.,305
upload_0af7d3e7-Z0407,upload_0af7d3e7,25,22500.0,554382.0,1951285.2,33.512689516399554,17.647720738480714,1.8318027257919312,2.0184638500213623,1.8579838275909424,100.0,HIGH PRIORITY,95th percentile prioritisation threshold,Spectral-stress evidence detected. Prioritise field inspection to determine the underlying cause. Field verification required.,306
upload_0af7d3e7-Z0401,upload_0af7d3e7,9,8100.0,555316.6666666666,1952570.0,33.521534312376,17.659310395370937,1.8309082984924316,2.0792553424835205,1.825493574142456,100.0,HIGH PRIORITY,95th percentile prioritisation threshold,Spectral-stress evidence detected. Prioritise field inspection to determine the underlying cause. Field verification required.,307
upload_0af7d3e7-Z0353,upload_0af7d3e7,21,18900.0,565098.5714285715,1957020.0,33.613892596312716,17.699265612060742,1.8295713663101196,2.189812183380127,1.7839820384979248,100.0,HIGH PRIORITY,95th percentile prioritisation threshold,Spectral-stress evidence detected. Prioritise field inspection to determine the underlying cause. Field verification required.,308
upload_0af7d3e7-Z0269,upload_0af7d3e7,16,14400.0,577890.0,1960991.25,33.73465780066479,17.734744773721683,1.8288955688476562,2.011202096939087,1.8427517414093018,100.0,HIGH PRIORITY,95th percentile prioritisation threshold,Spectral-stress evidence detected. Prioritise field inspection to determine the underlying cause. Field verification required.,309
upload_0af7d3e7-Z0068,upload_0af7d3e7,58,52200.0,579409.6551724138,1972041.2068965517,33.749406659222196,17.83456080166737,1.8272358179092407,2.1006360054016113,1.8112269639968872,100.0,HIGH PRIORITY,95th percentile prioritisation threshold,Spectral-stress evidence detected. Prioritise field inspection to determine the underlying cause. Field verification required.,310
upload_0af7d3e7-Z0021,upload_0af7d3e7,16,14400.0,561774.375,1973900.625,33.583040511359805,17.85193444779228,1.8240842819213867,2.08951735496521,1.8137156963348389,100.0,HIGH PRIORITY,95th percentile prioritisation threshold,Spectral-stress evidence detected. Prioritise field inspection to determine the underlying cause. Field verification required.,311
upload_0af7d3e7-Z0328,upload_0af7d3e7,36,32400.0,562796.6666666666,1958050.0,33.59221656687313,17.708641769821885,1.8238883018493652,2.110360860824585,1.830984354019165,100.0,HIGH PRIORITY,95th percentile prioritisation threshold,Spectral-stress evidence detected. Prioritise field inspection to determine the underlying cause. Field verification required.,312
upload_0af7d3e7-Z0415,upload_0af7d3e7,42,37800.0,547097.1428571428,1949958.5714285714,33.44398334911347,17.635896406562864,1.8238601684570312,2.1487367153167725,1.7741800546646118,100.0,HIGH PRIORITY,95th percentile prioritisation threshold,Spectral-stress evidence detected. Prioritise field inspection to determine the underlying cause. Field verification required.,313
upload_0af7d3e7-Z0398,upload_0af7d3e7,30,27000.0,555477.0,1952897.0,33.52305445305629,17.66226200168316,1.823135495185852,2.1160097122192383,1.7718485593795776,100.0,HIGH PRIORITY,95th percentile prioritisation threshold,Spectral-stress evidence detected. Prioritise field inspection to determine the underlying cause. Field verification required.,314
upload_0af7d3e7-Z0332,upload_0af7d3e7,22,19800.0,561122.7272727273,1958060.4545454546,33.57643104007181,17.708783198665948,1.8223823308944702,2.0300936698913574,1.8086636066436768,100.0,HIGH PRIORITY,95th percentile prioritisation threshold,Spectral-stress evidence detected. Prioritise field inspection to determine the underlying cause. Field verification required.,315
upload_0af7d3e7-Z0168,upload_0af7d3e7,15,13500.0,578546.0,1967162.0,33.74107446872275,17.79049337090655,1.8223012685775757,1.9285850524902344,1.861216425895691,100.0,HIGH PRIORITY,95th percentile prioritisation threshold,Spectral-stress evidence detected. Prioritise field inspection to determine the underlying cause. Field verification required.,316
upload_0af7d3e7-Z0139,upload_0af7d3e7,16,14400.0,569576.25,1969350.0,33.65652232637898,17.81057111795117,1.8215737342834473,2.0814404487609863,1.7972750663757324,100.0,HIGH PRIORITY,95th percentile prioritisation threshold,Spectral-stress evidence detected. Prioritise field inspection to determine the underlying cause. Field verification required.,317
upload_0af7d3e7-Z0394,upload_0af7d3e7,11,9900.0,555231.8181818182,1953267.2727272727,33.520752500245855,17.66561486420833,1.821570634841919,1.9974452257156372,1.8206863403320312,100.0,HIGH PRIORITY,95th percentile prioritisation threshold,Spectral-stress evidence detected. Prioritise field inspection to determine the underlying cause. Field verification required.,318
upload_0af7d3e7-Z0311,upload_0af7d3e7,9,8100.0,563193.3333333334,1958810.0,33.5959799453377,17.715499656786687,1.8196454048156738,2.021845817565918,1.7821027040481567,100.0,HIGH PRIORITY,95th percentile prioritisation threshold,Spectral-stress evidence detected. Prioritise field inspection to determine the underlying cause. Field verification required.,319
upload_0af7d3e7-Z0385,upload_0af7d3e7,130,117000.0,555759.9230769231,1953620.7692307692,33.52574085937692,17.668796736586035,1.8193711042404175,2.214266061782837,1.8040807247161865,100.0,HIGH PRIORITY,95th percentile prioritisation threshold,Spectral-stress evidence detected. Prioritise field inspection to determine the underlying cause. Field verification required.,320
upload_0af7d3e7-Z0363,upload_0af7d3e7,15,13500.0,565936.0,1956456.0,33.62177183278474,17.69414314794083,1.818398118019104,2.0109643936157227,1.8127574920654297,100.0,HIGH PRIORITY,95th percentile prioritisation threshold,Spectral-stress evidence detected. Prioritise field inspection to determine the underlying cause. Field verification required.,321
upload_0af7d3e7-Z0335,upload_0af7d3e7,11,9900.0,562573.6363636364,1957960.9090909092,33.59011068454793,17.70784285489489,1.8167999982833862,1.9732246398925781,1.7976685762405396,100.0,HIGH PRIORITY,95th percentile prioritisation threshold,Spectral-stress evidence detected. Prioritise field inspection to determine the underlying cause. Field verification required.,322
upload_0af7d3e7-Z0411,upload_0af7d3e7,13,11700.0,577495.3846153846,1950890.7692307692,33.730566914896926,17.64346862550219,1.8124504089355469,2.050112009048462,1.8235313892364502,100.0,HIGH PRIORITY,95th percentile prioritisation threshold,Spectral-stress evidence detected. Prioritise field inspection to determine the underlying cause. Field verification required.,323
upload_0af7d3e7-Z0228,upload_0af7d3e7,12,10800.0,555675.0,1963087.5,33.52518908110732,17.75436415494461,1.8119639158248901,1.9180210828781128,1.7691068649291992,100.0,HIGH PRIORITY,95th percentile prioritisation threshold,Spectral-stress evidence detected. Prioritise field inspection to determine the underlying cause. Field verification required.,324
upload_0af7d3e7-Z0290,upload_0af7d3e7,2443,2198700.0,551360.7654523128,1959033.524355301,33.48439499952715,17.717826830835133,1.8103134632110596,2.5182836055755615,1.7832144498825073,100.0,HIGH PRIORITY,95th percentile prioritisation threshold,Spectral-stress evidence detected. Prioritise field inspection to determine the underlying cause. Field verification required.,325
upload_0af7d3e7-Z0357,upload_0af7d3e7,70,63000.0,548546.5714285715,1956676.7142857143,33.45780031932596,17.696588172763363,1.808860182762146,2.1344330310821533,1.789570689201355,100.0,HIGH PRIORITY,95th percentile prioritisation threshold,Spectral-stress evidence detected. Prioritise field inspection to determine the underlying cause. Field verification required.,326
upload_0af7d3e7-Z0425,upload_0af7d3e7,11,9900.0,549196.3636363636,1948505.4545454546,33.46373859773544,17.62271660270636,1.8082003593444824,2.1132898330688477,1.7534905672073364,100.0,HIGH PRIORITY,95th percentile prioritisation threshold,Spectral-stress evidence detected. Prioritise field inspection to determine the underlying cause. Field verification required.,327
upload_0af7d3e7-Z0329,upload_0af7d3e7,18,16200.0,553776.6666666666,1958140.0,33.507156576148176,17.709693162591837,1.807527780532837,2.058292865753174,1.804089069366455,100.0,HIGH PRIORITY,95th percentile prioritisation threshold,Spectral-stress evidence detected. Prioritise field inspection to determine the underlying cause. Field verification required.,328
upload_0af7d3e7-Z0005,upload_0af7d3e7,9,8100.0,566150.0,1975126.6666666667,33.62437557958675,17.862887952574983,1.8062098026275635,1.9503337144851685,1.8222099542617798,100.0,HIGH PRIORITY,95th percentile prioritisation threshold,Spectral-stress evidence detected. Prioritise field inspection to determine the underlying cause. Field verification required.,329
upload_0af7d3e7-Z0284,upload_0af7d3e7,22,19800.0,572548.6363636364,1960378.6363636365,33.68425981603043,17.729389926825565,1.8058178424835205,1.9356975555419922,1.7880103588104248,100.0,HIGH PRIORITY,95th percentile prioritisation threshold,Spectral-stress evidence detected. Prioritise field inspection to determine the underlying cause. Field verification required.,330
upload_0af7d3e7-Z0217,upload_0af7d3e7,24,21600.0,578146.25,1963655.0,33.7371731329891,17.758811010151465,1.8056720495224,2.080815315246582,1.7860832214355469,100.0,HIGH PRIORITY,95th percentile prioritisation threshold,Spectral-stress evidence detected. Prioritise field inspection to determine the underlying cause. Field verification required.,331
upload_0af7d3e7-Z0205,upload_0af7d3e7,13,11700.0,580176.9230769231,1964642.3076923077,33.75636528278255,17.76766139939458,1.8043172359466553,1.9883536100387573,1.81846022605896,100.0,HIGH PRIORITY,95th percentile prioritisation threshold,Spectral-stress evidence detected. Prioritise field inspection to determine the underlying cause. Field verification required.,332
upload_0af7d3e7-Z0235,upload_0af7d3e7,15,13500.0,555886.0,1962752.0,33.52717052961734,17.75132640266985,1.8042502403259277,1.9146192073822021,1.8017818927764893,100.0,HIGH PRIORITY,95th percentile prioritisation threshold,Spectral-stress evidence detected. Prioritise field inspection to determine the underlying cause. Field verification required.,333
upload_0af7d3e7-Z0242,upload_0af7d3e7,18,16200.0,577970.0,1962338.3333333333,33.73546201064021,17.746917063651356,1.8030518293380737,2.0324747562408447,1.7655521631240845,100.0,HIGH PRIORITY,95th percentile prioritisation threshold,Spectral-stress evidence detected. Prioritise field inspection to determine the underlying cause. Field verification required.,334
upload_0af7d3e7-Z0354,upload_0af7d3e7,14,12600.0,549094.2857142857,1956930.0,33.46297107882657,17.6988654346399,1.802099347114563,1.9290469884872437,1.78271484375,100.0,HIGH PRIORITY,95th percentile prioritisation threshold,Spectral-stress evidence detected. Prioritise field inspection to determine the underlying cause. Field verification required.,335
upload_0af7d3e7-Z0214,upload_0af7d3e7,22,19800.0,553697.7272727273,1964085.0,33.50656314384878,17.76342913442371,1.8013675212860107,1.9662315845489502,1.7872143983840942,100.0,HIGH PRIORITY,95th percentile prioritisation threshold,Spectral-stress evidence detected. Prioritise field inspection to determine the underlying cause. Field verification required.,336
upload_0af7d3e7-Z0373,upload_0af7d3e7,24,21600.0,548152.5,1955736.25,33.4540629020771,17.688096271905728,1.8006035089492798,1.916169285774231,1.7974436283111572,100.0,HIGH PRIORITY,95th percentile prioritisation threshold,Spectral-stress evidence detected. Prioritise field inspection to determine the underlying cause. Field verification required.,337
upload_0af7d3e7-Z0359,upload_0af7d3e7,14,12600.0,578224.2857142857,1956559.2857142857,33.737646835068844,17.694676187682727,1.7997567653656006,1.9228687286376953,1.8180102109909058,100.0,HIGH PRIORITY,95th percentile prioritisation threshold,Spectral-stress evidence detected. Prioritise field inspection to determine the underlying cause. Field verification required.,338
upload_0af7d3e7-Z0262,upload_0af7d3e7,11,9900.0,554350.9090909091,1961260.9090909092,33.51265214972543,17.73788754773748,1.799088716506958,1.9016917943954468,1.8035590648651123,100.0,HIGH PRIORITY,95th percentile prioritisation threshold,Spectral-stress evidence detected. Prioritise field inspection to determine the underlying cause. Field verification required.,339
upload_0af7d3e7-Z0216,upload_0af7d3e7,32,28800.0,560328.75,1964021.25,33.56911363406607,17.762681287154653,1.798555850982666,2.0660300254821777,1.7882423400878906,100.0,HIGH PRIORITY,95th percentile prioritisation threshold,Spectral-stress evidence detected. Prioritise field inspection to determine the underlying cause. Field verification required.,340
upload_0af7d3e7-Z0417,upload_0af7d3e7,26,23400.0,546887.3076923077,1949541.923076923,33.44199610364964,17.632134886949505,1.7972407341003418,2.067915678024292,1.7772772312164307,100.0,HIGH PRIORITY,95th percentile prioritisation threshold,Spectral-stress evidence detected. Prioritise field inspection to determine the underlying cause. Field verification required.,341
upload_0af7d3e7-Z0239,upload_0af7d3e7,10,9000.0,574668.0,1962420.0,33.704320120651346,17.747769485448238,1.796820878982544,2.059875726699829,1.7656245231628418,100.0,HIGH PRIORITY,95th percentile prioritisation threshold,Spectral-stress evidence detected. Prioritise field inspection to determine the underlying cause. Field verification required.,342
upload_0af7d3e7-Z0371,upload_0af7d3e7,31,27900.0,553363.5483870967,1955887.7419354839,33.50320393908424,17.68934599269454,1.7967109680175781,1.9963202476501465,1.7961876392364502,100.0,HIGH PRIORITY,95th percentile prioritisation threshold,Spectral-stress evidence detected. Prioritise field inspection to determine the underlying cause. Field verification required.,343
upload_0af7d3e7-Z0233,upload_0af7d3e7,10,9000.0,579051.0,1962879.0,33.745678287447674,17.751765169720137,1.7966804504394531,1.939269781112671,1.7990392446517944,100.0,HIGH PRIORITY,95th percentile prioritisation threshold,Spectral-stress evidence detected. Prioritise field inspection to determine the underlying cause. Field verification required.,344
upload_0af7d3e7-Z0413,upload_0af7d3e7,17,15300.0,567370.5882352941,1950529.4117647058,33.635111285924516,17.640533106179074,1.7943792343139648,1.9620201587677002,1.7936384677886963,100.0,HIGH PRIORITY,95th percentile prioritisation threshold,Spectral-stress evidence detected. Prioritise field inspection to determine the underlying cause. Field verification required.,345
upload_0af7d3e7-Z0397,upload_0af7d3e7,13,11700.0,555895.3846153846,1953064.6153846155,33.52700340242356,17.663766490470397,1.7939194440841675,1.9580446481704712,1.7943943738937378,100.0,HIGH PRIORITY,95th percentile prioritisation threshold,Spectral-stress evidence detected. Prioritise field inspection to determine the underlying cause. Field verification required.,346
upload_0af7d3e7-Z0107,upload_0af7d3e7,28,25200.0,580150.7142857143,1970487.857142857,33.75634051116862,17.820494657435926,1.7938003540039062,2.0882747173309326,1.7706583738327026,100.0,HIGH PRIORITY,95th percentile prioritisation threshold,Spectral-stress evidence detected. Prioritise field inspection to determine the underlying cause. Field verification required.,347
upload_0af7d3e7-Z0253,upload_0af7d3e7,49,44100.0,557327.7551020408,1961313.0612244897,33.54073107118615,17.73828356776248,1.7932006120681763,2.0790834426879883,1.7783235311508179,100.0,HIGH PRIORITY,95th percentile prioritisation threshold,Spectral-stress evidence detected. Prioritise field inspection to determine the underlying cause. Field verification required.,348
upload_0af7d3e7-Z0336,upload_0af7d3e7,70,63000.0,549463.7142857143,1957808.5714285714,33.4664753073914,17.70679826839554,1.7930985689163208,2.0147807598114014,1.7836956977844238,100.0,HIGH PRIORITY,95th percentile prioritisation threshold,Spectral-stress evidence detected. Prioritise field inspection to determine the underlying cause. Field verification required.,349
upload_0af7d3e7-Z0126,upload_0af7d3e7,18,16200.0,576326.6666666666,1969671.6666666667,33.72022748532764,17.813254156456622,1.7930365800857544,1.889580249786377,1.786945104598999,100.0,HIGH PRIORITY,95th percentile prioritisation threshold,Spectral-stress evidence detected. Prioritise field inspection to determine the underlying cause. Field verification required.,350
upload_0af7d3e7-Z0012,upload_0af7d3e7,14,12600.0,565264.2857142857,1974788.5714285714,33.61600534685742,17.85985874661513,1.7930039167404175,1.96930730342865,1.770560383796692,100.0,HIGH PRIORITY,95th percentile prioritisation threshold,Spectral-stress evidence detected. Prioritise field inspection to determine the underlying cause. Field verification required.,351
upload_0af7d3e7-Z0362,upload_0af7d3e7,12,10800.0,554045.0,1956485.0,33.50964488430044,17.694727806107743,1.7914719581604004,1.9157726764678955,1.8303065299987793,100.0,HIGH PRIORITY,95th percentile prioritisation threshold,Spectral-stress evidence detected. Prioritise field inspection to determine the underlying cause. Field verification required.,352
upload_0af7d3e7-Z0172,upload_0af7d3e7,9,8100.0,578380.0,1966790.0,33.73949452992109,17.78713712886235,1.7903878688812256,1.8829913139343262,1.8146450519561768,100.0,HIGH PRIORITY,95th percentile prioritisation threshold,Spectral-stress evidence detected. Prioritise field inspection to determine the underlying cause. Field verification required.,353
upload_0af7d3e7-Z0098,upload_0af7d3e7,43,38700.0,579766.046511628,1970819.3023255814,33.7527234079336,17.823504278080886,1.7891833782196045,1.9742597341537476,1.7852150201797485,100.0,HIGH PRIORITY,95th percentile prioritisation threshold,Spectral-stress evidence detected. Prioritise field inspection to determine the underlying cause. Field verification required.,354
upload_0af7d3e7-Z0026,upload_0af7d3e7,68,61200.0,564069.2647058824,1973642.205882353,33.60469144005654,17.84953287646741,1.78797447681427,2.0692477226257324,1.7823162078857422,100.0,HIGH PRIORITY,95th percentile prioritisation threshold,Spectral-stress evidence detected. Prioritise field inspection to determine the underlying cause. Field verification required.,355
upload_0af7d3e7-Z0014,upload_0af7d3e7,9,8100.0,569380.0,1974613.3333333333,33.65484444287132,17.858148385478863,1.7867189645767212,2.249708414077759,1.735898494720459,100.0,HIGH PRIORITY,95th percentile prioritisation threshold,Spectral-stress evidence detected. Prioritise field inspection to determine the underlying cause. Field verification required.,356
upload_0af7d3e7-Z0210,upload_0af7d3e7,25,22500.0,558595.2,1964317.2,33.552768905402004,17.76540301168848,1.7865885496139526,2.006777763366699,1.7586684226989746,100.0,HIGH PRIORITY,95th percentile prioritisation threshold,Spectral-stress evidence detected. Prioritise field inspection to determine the underlying cause. Field verification required.,357
upload_0af7d3e7-Z0113,upload_0af7d3e7,14,12600.0,576970.7142857143,1970076.4285714286,33.72631925170113,17.816889947435833,1.7863577604293823,1.9066557884216309,1.793255090713501,100.0,HIGH PRIORITY,95th percentile prioritisation threshold,Spectral-stress evidence detected. Prioritise field inspection to determine the underlying cause. Field verification required.,358
upload_0af7d3e7-Z0350,upload_0af7d3e7,23,20700.0,549245.2173913043,1957106.0869565217,33.464398459102426,17.700453661070302,1.786218523979187,1.9702041149139404,1.7663240432739258,100.0,HIGH PRIORITY,95th percentile prioritisation threshold,Spectral-stress evidence detected. Prioritise field inspection to determine the underlying cause. Field verification required.,359
upload_0af7d3e7-Z0040,upload_0af7d3e7,29,26100.0,580772.0689655172,1973291.3793103448,33.762311325965044,17.845810087114838,1.7860350608825684,1.943047285079956,1.777955174446106,100.0,HIGH PRIORITY,95th percentile prioritisation threshold,Spectral-stress evidence detected. Prioritise field inspection to determine the underlying cause. Field verification required.,360
upload_0af7d3e7-Z0379,upload_0af7d3e7,12,10800.0,555267.5,1954462.5,33.52112002839535,17.676417117256594,1.7860215902328491,1.965448021888733,1.7718520164489746,100.0,HIGH PRIORITY,95th percentile prioritisation threshold,Spectral-stress evidence detected. Prioritise field inspection to determine the underlying cause. Field verification required.,361
upload_0af7d3e7-Z0148,upload_0af7d3e7,15,13500.0,574792.0,1968374.0,33.70570087874569,17.801578482959297,1.785332202911377,1.871760606765747,1.8078587055206299,100.0,HIGH PRIORITY,95th percentile prioritisation threshold,Spectral-stress evidence detected. Prioritise field inspection to determine the underlying cause. Field verification required.,362
upload_0af7d3e7-Z0333,upload_0af7d3e7,30,27000.0,559066.0,1958010.0,33.55703390630392,17.708383099751277,1.78522789478302,1.9283171892166138,1.7833244800567627,100.0,HIGH PRIORITY,95th percentile prioritisation threshold,Spectral-stress evidence detected. Prioritise field inspection to determine the underlying cause. Field verification required.,363
upload_0af7d3e7-Z0437,upload_0af7d3e7,21,18900.0,554344.2857142857,1946231.4285714286,33.512205009365694,17.60204252922436,1.7832669019699097,1.8935600519180298,1.7974894046783447,100.0,HIGH PRIORITY,95th percentile prioritisation threshold,Spectral-stress evidence detected. Prioritise field inspection to determine the underlying cause. Field verification required.,364
upload_0af7d3e7-Z0360,upload_0af7d3e7,60,54000.0,555559.5,1956314.5,33.52392173474481,17.693149205901232,1.781980276107788,2.062358856201172,1.7617061138153076,100.0,HIGH PRIORITY,95th percentile prioritisation threshold,Spectral-stress evidence detected. Prioritise field inspection to determine the underlying cause. Field verification required.,365
upload_0af7d3e7-Z0212,upload_0af7d3e7,10,9000.0,554457.0,1964130.0,33.51372677463161,17.76381722428539,1.7793554067611694,1.928877592086792,1.7740451097488403,100.0,HIGH PRIORITY,95th percentile prioritisation threshold,Spectral-stress evidence detected. Prioritise field inspection to determine the underlying cause. Field verification required.,366
upload_0af7d3e7-Z0432,upload_0af7d3e7,33,29700.0,549099.0909090909,1947579.0909090908,33.462800351089754,17.61434563631345,1.7783722877502441,1.928723692893982,1.7858942747116089,100.0,HIGH PRIORITY,95th percentile prioritisation threshold,Spectral-stress evidence detected. Prioritise field inspection to determine the underlying cause. Field verification required.,367
upload_0af7d3e7-Z0226,upload_0af7d3e7,16,14400.0,553395.0,1963205.625,33.50368517115487,17.755488253359523,1.7772479057312012,1.925546646118164,1.7567181587219238,100.0,HIGH PRIORITY,95th percentile prioritisation threshold,Spectral-stress evidence detected. Prioritise field inspection to determine the underlying cause. Field verification required.,368
upload_0af7d3e7-Z0280,upload_0af7d3e7,20,18000.0,562699.5,1960375.5,33.59136914515676,17.729663364395325,1.7770274877548218,1.9837313890457153,1.7509300708770752,100.0,HIGH PRIORITY,95th percentile prioritisation threshold,Spectral-stress evidence detected. Prioritise field inspection to determine the underlying cause. Field verification required.,369
upload_0af7d3e7-Z0431,upload_0af7d3e7,13,11700.0,577287.6923076923,1947846.923076923,33.728498568244376,17.615964837881954,1.7762255668640137,1.9594768285751343,1.7493715286254883,100.0,HIGH PRIORITY,95th percentile prioritisation threshold,Spectral-stress evidence detected. Prioritise field inspection to determine the underlying cause. Field verification required.,370
upload_0af7d3e7-Z0368,upload_0af7d3e7,79,71100.0,555337.2151898735,1955901.6455696202,33.52181489528493,17.6894231737305,1.7759888172149658,1.9129515886306763,1.7833454608917236,100.0,HIGH PRIORITY,95th percentile prioritisation threshold,Spectral-stress evidence detected. Prioritise field inspection to determine the underlying cause. Field verification required.,371
upload_0af7d3e7-Z0121,upload_0af7d3e7,14,12600.0,552445.7142857143,1969845.0,33.494895868454364,17.815521039973216,1.7759802341461182,1.9648475646972656,1.7524667978286743,100.0,HIGH PRIORITY,95th percentile prioritisation threshold,Spectral-stress evidence detected. Prioritise field inspection to determine the underlying cause. Field verification required.,372
upload_0af7d3e7-Z0080,upload_0af7d3e7,59,53100.0,579646.2711864407,1971607.627118644,33.75162307891251,17.83063352197265,1.7733134031295776,2.0413310527801514,1.7439666986465454,100.0,HIGH PRIORITY,95th percentile prioritisation threshold,Spectral-stress evidence detected. Prioritise field inspection to determine the underlying cause. Field verification required.,373
upload_0af7d3e7-Z0018,upload_0af7d3e7,12,10800.0,565470.0,1974302.5,33.61793175186951,17.855459374169115,1.7691184282302856,1.9704680442810059,1.7541522979736328,100.0,HIGH PRIORITY,95th percentile prioritisation threshold,Spectral-stress evidence detected. Prioritise field inspection to determine the underlying cause. Field verification required.,374
upload_0af7d3e7-Z0400,upload_0af7d3e7,10,9000.0,555855.0,1952877.0,33.5266177192871,17.662071734588263,1.769076943397522,2.0244228839874268,1.7293376922607422,100.0,HIGH PRIORITY,95th percentile prioritisation threshold,Spectral-stress evidence detected. Prioritise field inspection to determine the underlying cause. Field verification required.,375
upload_0af7d3e7-Z0270,upload_0af7d3e7,12,10800.0,578737.5,1961007.5,33.74265152939025,17.734861561235633,1.7671178579330444,1.9352449178695679,1.752377986907959,100.0,HIGH PRIORITY,95th percentile prioritisation threshold,Spectral-stress evidence detected. Prioritise field inspection to determine the underlying cause. Field verification required.,376
upload_0af7d3e7-Z0395,upload_0af7d3e7,11,9900.0,555409.0909090909,1953174.5454545454,33.522421444131915,17.664772315618357,1.7669285535812378,1.949608325958252,1.7364369630813599,100.0,HIGH PRIORITY,95th percentile prioritisation threshold,Spectral-stress evidence detected. Prioritise field inspection to determine the underlying cause. Field verification required.,377
upload_0af7d3e7-Z0338,upload_0af7d3e7,23,20700.0,549079.5652173914,1957779.1304347827,33.46285193411789,17.706540727256666,1.7666728496551514,1.861064076423645,1.7751325368881226,100.0,HIGH PRIORITY,95th percentile prioritisation threshold,Spectral-stress evidence detected. Prioritise field inspection to determine the underlying cause. Field verification required.,378
upload_0af7d3e7-Z0238,upload_0af7d3e7,12,10800.0,573082.5,1962452.5,33.689366515829654,17.748116357046033,1.764409065246582,1.9201765060424805,1.7448676824569702,100.0,HIGH PRIORITY,95th percentile prioritisation threshold,Spectral-stress evidence detected. Prioritise field inspection to determine the underlying cause. Field verification required.,379
upload_0af7d3e7-Z0377,upload_0af7d3e7,33,29700.0,576175.4545454546,1954751.8181818181,33.71826278364031,17.678411423674568,1.763501763343811,1.8760483264923096,1.7518521547317505,100.0,HIGH PRIORITY,95th percentile prioritisation threshold,Spectral-stress evidence detected. Prioritise field inspection to determine the underlying cause. Field verification required.,380
upload_0af7d3e7-Z0382,upload_0af7d3e7,24,21600.0,552666.25,1954331.25,33.496590145787586,17.675294206906635,1.7622461318969727,1.9344481229782104,1.752985954284668,100.0,HIGH PRIORITY,95th percentile prioritisation threshold,Spectral-stress evidence detected. Prioritise field inspection to determine the underlying cause. Field verification required.,381
upload_0af7d3e7-Z0204,upload_0af7d3e7,9,8100.0,578690.0,1964700.0,33.74234111436191,17.7682364664732,1.7602591514587402,1.831946849822998,1.7642980813980103,100.0,HIGH PRIORITY,95th percentile prioritisation threshold,Spectral-stress evidence detected. Prioritise field inspection to determine the underlying cause. Field verification required.,382
upload_0af7d3e7-Z0307,upload_0af7d3e7,10,9000.0,554115.0,1959003.0,33.510369293037606,17.71748516605439,1.76020085811615,1.867348074913025,1.7681987285614014,100.0,HIGH PRIORITY,95th percentile prioritisation threshold,Spectral-stress evidence detected. Prioritise field inspection to determine the underlying cause. Field verification required.,383
upload_0af7d3e7-Z0281,upload_0af7d3e7,10,9000.0,570804.0,1960464.0,33.66780854706095,17.730218126312216,1.7597163915634155,1.8586187362670898,1.737889289855957,100.0,HIGH PRIORITY,95th percentile prioritisation threshold,Spectral-stress evidence detected. Prioritise field inspection to determine the underlying cause. Field verification required.,384
upload_0af7d3e7-Z0433,upload_0af7d3e7,14,12600.0,547088.5714285715,1947387.857142857,33.44384570844491,17.61266063750789,1.759499192237854,1.9234952926635742,1.7285419702529907,100.0,HIGH PRIORITY,95th percentile prioritisation threshold,Spectral-stress evidence detected. Prioritise field inspection to determine the underlying cause. Field verification required.,385
upload_0af7d3e7-Z0220,upload_0af7d3e7,9,8100.0,553906.6666666666,1963543.3333333333,33.508520304373256,17.758528174564844,1.758940577507019,1.8996589183807373,1.750171422958374,100.0,HIGH PRIORITY,95th percentile prioritisation threshold,Spectral-stress evidence detected. Prioritise field inspection to determine the underlying cause. Field verification required.,386
upload_0af7d3e7-Z0343,upload_0af7d3e7,21,18900.0,549332.8571428572,1957511.4285714286,33.4652343484256,17.704115434199412,1.7574148178100586,1.8456087112426758,1.759068250656128,100.0,HIGH PRIORITY,95th percentile prioritisation threshold,Spectral-stress evidence detected. Prioritise field inspection to determine the underlying cause. Field verification required.,387
upload_0af7d3e7-Z0416,upload_0af7d3e7,13,11700.0,567736.1538461539,1949836.1538461538,33.638535296108365,17.63425602699941,1.7556366920471191,1.918441891670227,1.7302074432373047,100.0,HIGH PRIORITY,95th percentile prioritisation threshold,Spectral-stress evidence detected. Prioritise field inspection to determine the underlying cause. Field verification required.,388
upload_0af7d3e7-Z0340,upload_0af7d3e7,9,8100.0,552210.0,1957583.3333333333,33.49236835200082,17.704699263006404,1.7535195350646973,1.8132917881011963,1.7704938650131226,100.0,HIGH PRIORITY,95th percentile prioritisation threshold,Spectral-stress evidence detected. Prioritise field inspection to determine the underlying cause. Field verification required.,389
upload_0af7d3e7-Z0245,upload_0af7d3e7,11,9900.0,552523.6363636364,1962259.0909090908,33.4954421198463,17.74695391851362,1.751610279083252,1.8836498260498047,1.767197608947754,100.0,HIGH PRIORITY,95th percentile prioritisation threshold,Spectral-stress evidence detected. Prioritise field inspection to determine the underlying cause. Field verification required.,390
upload_0af7d3e7-Z0298,upload_0af7d3e7,30,27000.0,556315.0,1959525.0,33.53113117939461,17.722148266756268,1.7512528896331787,1.9605470895767212,1.7408198118209839,100.0,HIGH PRIORITY,95th percentile prioritisation threshold,Spectral-stress evidence detected. Prioritise field inspection to determine the underlying cause. Field verification required.,391
upload_0af7d3e7-Z0326,upload_0af7d3e7,15,13500.0,550488.0,1958270.0,33.47614575264487,17.71094577154933,1.7503734827041626,1.882748007774353,1.735695719718933,100.0,HIGH PRIORITY,95th percentile prioritisation threshold,Spectral-stress evidence detected. Prioritise field inspection to determine the underlying cause. Field verification required.,392
upload_0af7d3e7-Z0392,upload_0af7d3e7,23,20700.0,548662.1739130435,1953589.5652173914,33.45881962865756,17.66868199751116,1.7500503063201904,1.8895422220230103,1.7423242330551147,100.0,HIGH PRIORITY,95th percentile prioritisation threshold,Spectral-stress evidence detected. Prioritise field inspection to determine the underlying cause. Field verification required.,393
upload_0af7d3e7-Z0160,upload_0af7d3e7,12,10800.0,580932.5,1967625.0,33.763607228934454,17.794591437495495,1.749812126159668,1.8525630235671997,1.7385607957839966,100.0,HIGH PRIORITY,95th percentile prioritisation threshold,Spectral-stress evidence detected. Prioritise field inspection to determine the underlying cause. Field verification required.,394
upload_0af7d3e7-Z0349,upload_0af7d3e7,15,13500.0,551836.0,1957216.0,33.488832438118614,17.701387892819053,1.7482472658157349,1.8273323774337769,1.7443926334381104,100.0,HIGH PRIORITY,95th percentile prioritisation threshold,Spectral-stress evidence detected. Prioritise field inspection to determine the underlying cause. Field verification required.,395
upload_0af7d3e7-Z0375,upload_0af7d3e7,10,9000.0,549384.0,1955145.0,33.46566151640397,17.682725036260802,1.7478986978530884,1.8429193496704102,1.7401812076568604,100.0,HIGH PRIORITY,95th percentile prioritisation threshold,Spectral-stress evidence detected. Prioritise field inspection to determine the underlying cause. Field verification required.,396
upload_0af7d3e7-Z0125,upload_0af7d3e7,10,9000.0,557724.0,1969719.0,33.5446985628798,17.81424977811891,1.747236967086792,1.9012244939804077,1.7304630279541016,100.0,HIGH PRIORITY,95th percentile prioritisation threshold,Spectral-stress evidence detected. Prioritise field inspection to determine the underlying cause. Field verification required.,397
upload_0af7d3e7-Z0347,upload_0af7d3e7,9,8100.0,552370.0,1957346.6666666667,33.49387134679581,17.702556348031635,1.7449275255203247,1.8610999584197998,1.7480096817016602,100.0,HIGH PRIORITY,95th percentile prioritisation threshold,Spectral-stress evidence detected. Prioritise field inspection to determine the underlying cause. Field verification required.,398
upload_0af7d3e7-Z0299,upload_0af7d3e7,9,8100.0,552770.0,1959576.6666666667,33.49769899056153,17.722702830441687,1.7441446781158447,1.9547404050827026,1.7166825532913208,100.0,HIGH PRIORITY,95th percentile prioritisation threshold,Spectral-stress evidence detected. Prioritise field inspection to determine the underlying cause. Field verification required.,399
upload_0af7d3e7-Z0320,upload_0af7d3e7,25,22500.0,554096.4,1958461.2,33.510180033142234,17.712588539066036,1.7440321445465088,1.929298996925354,1.7196295261383057,100.0,HIGH PRIORITY,95th percentile prioritisation threshold,Spectral-stress evidence detected. Prioritise field inspection to determine the underlying cause. Field verification required.,400
upload_0af7d3e7-Z0211,upload_0af7d3e7,9,8100.0,575290.0,1964236.6666666667,33.71025170609943,17.764167668769357,1.7438037395477295,1.8286666870117188,1.7240705490112305,100.0,HIGH PRIORITY,95th percentile prioritisation threshold,Spectral-stress evidence detected. Prioritise field inspection to determine the underlying cause. Field verification required.,401
upload_0af7d3e7-Z0366,upload_0af7d3e7,22,19800.0,559760.4545454546,1956293.1818181819,33.56353445306759,17.692847006642815,1.7437832355499268,1.9809283018112183,1.7014915943145752,100.0,HIGH PRIORITY,95th percentile prioritisation threshold,Spectral-stress evidence detected. Prioritise field inspection to determine the underlying cause. Field verification required.,402
upload_0af7d3e7-Z0288,upload_0af7d3e7,9,8100.0,572273.3333333334,1960176.6666666667,33.68165646339622,17.727573507150158,1.7436131238937378,1.8641830682754517,1.7381993532180786,100.0,HIGH PRIORITY,95th percentile prioritisation threshold,Spectral-stress evidence detected. Prioritise field inspection to determine the underlying cause. Field verification required.,403
upload_0af7d3e7-Z0133,upload_0af7d3e7,21,18900.0,569660.0,1969470.0,33.65731652777735,17.81165304928462,1.7429691553115845,1.8695881366729736,1.7060840129852295,100.0,HIGH PRIORITY,95th percentile prioritisation threshold,Spectral-stress evidence detected. Prioritise field inspection to determine the underlying cause. Field verification required.,404
upload_0af7d3e7-Z0378,upload_0af7d3e7,20,18000.0,553251.0,1954585.5,33.50210997942289,17.677578282318446,1.7423388957977295,1.8331787586212158,1.7426750659942627,100.0,HIGH PRIORITY,95th percentile prioritisation threshold,Spectral-stress evidence detected. Prioritise field inspection to determine the underlying cause. Field verification required.,405
upload_0af7d3e7-Z0414,upload_0af7d3e7,27,24300.0,546887.7777777778,1950007.7777777778,33.44201079805446,17.63634560119902,1.7415642738342285,1.988844871520996,1.7048523426055908,100.0,HIGH PRIORITY,95th percentile prioritisation threshold,Spectral-stress evidence detected. Prioritise field inspection to determine the underlying cause. Field verification required.,406
upload_0af7d3e7-Z0034,upload_0af7d3e7,14,12600.0,563010.0,1973592.857142857,33.59469292147346,17.84911756459444,1.7410274744033813,1.859924554824829,1.7219274044036865,100.0,HIGH PRIORITY,95th percentile prioritisation threshold,Spectral-stress evidence detected. Prioritise field inspection to determine the underlying cause. Field verification required.,407
upload_0af7d3e7-Z0348,upload_0af7d3e7,9,8100.0,549133.3333333334,1957330.0,33.463348573370894,17.702480015041694,1.7372316122055054,1.8739104270935059,1.7075655460357666,100.0,HIGH PRIORITY,95th percentile prioritisation threshold,Spectral-stress evidence detected. Prioritise field inspection to determine the underlying cause. Field verification required.,408
upload_0af7d3e7-Z0297,upload_0af7d3e7,19,17100.0,562563.1578947369,1959791.0526315789,33.59006595829673,17.724384758460076,1.7370696067810059,1.892149806022644,1.7259364128112793,100.0,HIGH PRIORITY,95th percentile prioritisation threshold,Spectral-stress evidence detected. Prioritise field inspection to determine the underlying cause. Field verification required.,409
upload_0af7d3e7-Z0060,upload_0af7d3e7,11,9900.0,582349.0909090909,1972535.4545454546,33.77716431321089,17.838919391309794,1.7370579242706299,1.8891762495040894,1.7199281454086304,100.0,HIGH PRIORITY,95th percentile prioritisation threshold,Spectral-stress evidence detected. Prioritise field inspection to determine the underlying cause. Field verification required.,410
upload_0af7d3e7-Z0055,upload_0af7d3e7,14,12600.0,580785.0,1972712.142857143,33.76241106926083,17.84057448267939,1.7369071245193481,1.8455021381378174,1.7263281345367432,100.0,HIGH PRIORITY,95th percentile prioritisation threshold,Spectral-stress evidence detected. Prioritise field inspection to determine the underlying cause. Field verification required.,411
upload_0af7d3e7-Z0164,upload_0af7d3e7,17,15300.0,578625.8823529412,1967396.4705882352,33.74183685714127,17.792609677976053,1.7341806888580322,1.8294508457183838,1.738844394683838,100.0,HIGH PRIORITY,95th percentile prioritisation threshold,Spectral-stress evidence detected. Prioritise field inspection to determine the underlying cause. Field verification required.,412
upload_0af7d3e7-Z0267,upload_0af7d3e7,14,12600.0,555454.2857142857,1961033.5714285714,33.52305321193076,17.73580529284023,1.7341337203979492,1.7988595962524414,1.7347567081451416,100.0,HIGH PRIORITY,95th percentile prioritisation threshold,Spectral-stress evidence detected. Prioritise field inspection to determine the underlying cause. Field verification required.,413
upload_0af7d3e7-Z0061,upload_0af7d3e7,13,11700.0,578727.6923076923,1972516.1538461538,33.74298902494568,17.83887797116651,1.7340316772460938,1.8370921611785889,1.7361021041870117,100.0,HIGH PRIORITY,95th percentile prioritisation threshold,Spectral-stress evidence detected. Prioritise field inspection to determine the underlying cause. Field verification required.,414
upload_0af7d3e7-Z0041,upload_0af7d3e7,11,9900.0,580295.4545454546,1973206.3636363635,33.75781016742279,17.84505922943826,1.7322653532028198,1.8152343034744263,1.712202548980713,100.0,HIGH PRIORITY,95th percentile prioritisation threshold,Spectral-stress evidence detected. Prioritise field inspection to determine the underlying cause. Field verification required.,415
upload_0af7d3e7-Z0367,upload_0af7d3e7,18,16200.0,552993.3333333334,1956135.0,33.499719187417554,17.691589753656352,1.731948971748352,1.8324856758117676,1.7224650382995605,100.0,HIGH PRIORITY,95th percentile prioritisation threshold,Spectral-stress evidence detected. Prioritise field inspection to determine the underlying cause. Field verification required.,416
upload_0af7d3e7-Z0381,upload_0af7d3e7,18,16200.0,576361.6666666666,1954361.6666666667,33.72000445008684,17.674878732809198,1.7319047451019287,1.9099318981170654,1.7146577835083008,100.0,HIGH PRIORITY,95th percentile prioritisation threshold,Spectral-stress evidence detected. Prioritise field inspection to determine the underlying cause. Field verification required.,417
upload_0af7d3e7-Z0250,upload_0af7d3e7,37,33300.0,554331.0810810811,1961760.0,33.51247796198507,17.742399077757263,1.7308920621871948,1.920515537261963,1.725419521331787,100.0,HIGH PRIORITY,95th percentile prioritisation threshold,Spectral-stress evidence detected. Prioritise field inspection to determine the underlying cause. Field verification required.,418
upload_0af7d3e7-Z0383,upload_0af7d3e7,10,9000.0,553128.0,1954149.0,33.50093930442985,17.673635891957325,1.7273406982421875,1.7961701154708862,1.737352728843689,100.0,HIGH PRIORITY,95th percentile prioritisation threshold,Spectral-stress evidence detected. Prioritise field inspection to determine the underlying cause. Field verification required.,419
upload_0af7d3e7-Z0278,upload_0af7d3e7,9,8100.0,573790.0,1960490.0,33.69597129231667,17.730355301084657,1.7228419780731201,1.7961570024490356,1.7302494049072266,100.0,HIGH PRIORITY,95th percentile prioritisation threshold,Spectral-stress evidence detected. Prioritise field inspection to determine the underlying cause. Field verification required.,420
upload_0af7d3e7-Z0351,upload_0af7d3e7,10,9000.0,551478.0,1957158.0,33.48545504713856,17.7008720199342,1.7214925289154053,1.7835769653320312,1.7109267711639404,100.0,HIGH PRIORITY,95th percentile prioritisation threshold,Spectral-stress evidence detected. Prioritise field inspection to determine the underlying cause. Field verification required.,421
upload_0af7d3e7-Z0246,upload_0af7d3e7,14,12600.0,555544.2857142857,1962255.0,33.52393418164672,17.746842909994815,1.717569351196289,1.8308383226394653,1.7054507732391357,100.0,HIGH PRIORITY,95th percentile prioritisation threshold,Spectral-stress evidence detected. Prioritise field inspection to determine the underlying cause. Field verification required.,422
upload_0af7d3e7-Z0376,upload_0af7d3e7,9,8100.0,576360.0,1954883.3333333333,33.720007505381986,17.679593728646193,1.7170559167861938,1.7668626308441162,1.7099628448486328,100.0,HIGH PRIORITY,95th percentile prioritisation threshold,Spectral-stress evidence detected. Prioritise field inspection to determine the underlying cause. Field verification required.,423
upload_0af7d3e7-Z0111,upload_0af7d3e7,9,8100.0,579746.6666666666,1970093.3333333333,33.75251300353261,17.816943658207883,1.716354489326477,1.8138738870620728,1.693575382232666,100.0,HIGH PRIORITY,95th percentile prioritisation threshold,Spectral-stress evidence detected. Prioritise field inspection to determine the underlying cause. Field verification required.,424
upload_0af7d3e7-Z0294,upload_0af7d3e7,35,31500.0,555597.4285714285,1959815.142857143,33.52437128500765,17.724788912812475,1.7161946296691895,1.7960180044174194,1.7047572135925293,100.0,HIGH PRIORITY,95th percentile prioritisation threshold,Spectral-stress evidence detected. Prioritise field inspection to determine the underlying cause. Field verification required.,425
upload_0af7d3e7-Z0249,upload_0af7d3e7,45,40500.0,552597.3333333334,1961842.6666666667,33.49612689904373,17.743188296410974,1.7154674530029297,1.7991245985031128,1.714308738708496,100.0,HIGH PRIORITY,95th percentile prioritisation threshold,Spectral-stress evidence detected. Prioritise field inspection to determine the underlying cause. Field verification required.,426
upload_0af7d3e7-Z0285,upload_0af7d3e7,27,24300.0,551056.6666666666,1960245.5555555555,33.4815562963415,17.72878891666098,1.7138351202011108,1.8186403512954712,1.705936074256897,100.0,HIGH PRIORITY,95th percentile prioritisation threshold,Spectral-stress evidence detected. Prioritise field inspection to determine the underlying cause. Field verification required.,427
upload_0af7d3e7-Z0274,upload_0af7d3e7,21,18900.0,550978.5714285715,1960751.4285714286,33.4808319311429,17.733363089861204,1.7102186679840088,1.768984317779541,1.70836341381073,100.0,HIGH PRIORITY,95th percentile prioritisation threshold,Spectral-stress evidence detected. Prioritise field inspection to determine the underlying cause. Field verification required.,428
upload_0af7d3e7-Z0153,upload_0af7d3e7,10,9000.0,579003.0,1968108.0,33.74542144335076,17.79902700526991,1.7098900079727173,1.7773452997207642,1.6999971866607666,100.0,HIGH PRIORITY,95th percentile prioritisation threshold,Spectral-stress evidence detected. Prioritise field inspection to determine the underlying cause. Field verification required.,429
upload_0af7d3e7-Z0402,upload_0af7d3e7,9,8100.0,548070.0,1952206.6666666667,33.45320505178116,17.656195367824147,1.7076579332351685,1.8201591968536377,1.6984813213348389,100.0,HIGH PRIORITY,95th percentile prioritisation threshold,Spectral-stress evidence detected. Prioritise field inspection to determine the underlying cause. Field verification required.,430
upload_0af7d3e7-Z0372,upload_0af7d3e7,32,28800.0,554504.0625,1955839.6875,33.51395713259523,17.68888384510295,1.7072348594665527,1.819406270980835,1.7042279243469238,100.0,HIGH PRIORITY,95th percentile prioritisation threshold,Spectral-stress evidence detected. Prioritise field inspection to determine the underlying cause. Field verification required.,431
upload_0af7d3e7-Z0255,upload_0af7d3e7,41,36900.0,553845.3658536585,1961560.975609756,33.50789151424188,17.74061210451489,1.7061594724655151,1.7883145809173584,1.7058167457580566,100.0,HIGH PRIORITY,95th percentile prioritisation threshold,Spectral-stress evidence detected. Prioritise field inspection to determine the underlying cause. Field verification required.,432
upload_0af7d3e7-Z0301,upload_0af7d3e7,18,16200.0,549230.0,1959515.0,33.464310962154784,17.722227221706046,1.7058892250061035,1.7582921981811523,1.7062938213348389,100.0,HIGH PRIORITY,95th percentile prioritisation threshold,Spectral-stress evidence detected. Prioritise field inspection to determine the underlying cause. Field verification required.,433
upload_0af7d3e7-Z0396,upload_0af7d3e7,9,8100.0,557840.0,1953080.0,33.5453378132133,17.663855635277727,1.705614686012268,1.7236042022705078,1.7057995796203613,100.0,HIGH PRIORITY,95th percentile prioritisation threshold,Spectral-stress evidence detected. Prioritise field inspection to determine the underlying cause. Field verification required.,434
upload_0af7d3e7-Z0384,upload_0af7d3e7,14,12600.0,551824.2857142857,1954146.4285714286,33.48864696399444,17.673643544961735,1.6922887563705444,1.7267987728118896,1.6889190673828125,100.0,HIGH PRIORITY,95th percentile prioritisation threshold,Spectral-stress evidence detected. Prioritise field inspection to determine the underlying cause. Field verification required.,435
upload_0af7d3e7-Z0419,upload_0af7d3e7,23,20700.0,546663.9130434783,1949046.5217391304,33.4398793992234,17.62766180322752,1.688672661781311,1.71537446975708,1.6905865669250488,100.0,HIGH PRIORITY,95th percentile prioritisation threshold,Spectral-stress evidence detected. Prioritise field inspection to determine the underlying cause. Field verification required.,436
upload_0af7d3e7-Z0287,upload_0af7d3e7,21,18900.0,550728.5714285715,1960207.142857143,33.47846092547181,17.72844928620024,1.6804193258285522,1.7112680673599243,1.6779087781906128,100.0,HIGH PRIORITY,95th percentile prioritisation threshold,Spectral-stress evidence detected. Prioritise field inspection to determine the underlying cause. Field verification required.,437
upload_0af7d3e7-Z0421,upload_0af7d3e7,13,11700.0,546747.6923076923,1948869.2307692308,33.44066523873551,17.626057558411773,1.6790525913238525,1.6927341222763062,1.681017279624939,100.0,HIGH PRIORITY,95th percentile prioritisation threshold,Spectral-stress evidence detected. Prioritise field inspection to determine the underlying cause. Field verification required.,438
