zone_id,priority_rank,band_index,observed_mean,reference_mean_32band_only,wavelength_status
scene_01_DT0000205230-Z0129,1,1,583.0274047851562,917.0602603405777,unavailable in GeoTIFF; band index reported
scene_01_DT0000205230-Z0129,1,2,597.4712524414062,,unavailable in GeoTIFF; band index reported
scene_01_DT0000205230-Z0129,1,3,625.9342651367188,,unavailable in GeoTIFF; band index reported
scene_01_DT0000205230-Z0129,1,4,662.7561645507812,,unavailable in GeoTIFF; band index reported
scene_01_DT0000205230-Z0129,1,5,698.3726196289062,,unavailable in GeoTIFF; band index reported
scene_01_DT0000205230-Z0129,1,6,709.6356201171875,,unavailable in GeoTIFF; band index reported
scene_01_DT0000205230-Z0129,1,7,742.5452270507812,,unavailable in GeoTIFF; band index reported
scene_01_DT0000205230-Z0129,1,8,763.4027099609375,1232.1687807391233,unavailable in GeoTIFF; band index reported
scene_01_DT0000205230-Z0129,1,9,775.6575317382812,,unavailable in GeoTIFF; band index reported
scene_01_DT0000205230-Z0129,1,10,797.986328125,,unavailable in GeoTIFF; band index reported
scene_01_DT0000205230-Z0129,1,11,808.8301391601562,,unavailable in GeoTIFF; band index reported
scene_01_DT0000205230-Z0129,1,12,816.7999877929688,,unavailable in GeoTIFF; band index reported
scene_01_DT0000205230-Z0129,1,13,830.6876831054688,,unavailable in GeoTIFF; band index reported
scene_01_DT0000205230-Z0129,1,14,856.9561767578125,,unavailable in GeoTIFF; band index reported
scene_01_DT0000205230-Z0129,1,15,884.7999877929688,1425.9121730718762,unavailable in GeoTIFF; band index reported
scene_01_DT0000205230-Z0129,1,16,895.9725952148438,,unavailable in GeoTIFF; band index reported
scene_01_DT0000205230-Z0129,1,17,914.7315063476562,,unavailable in GeoTIFF; band index reported
scene_01_DT0000205230-Z0129,1,18,948.2520751953125,,unavailable in GeoTIFF; band index reported
scene_01_DT0000205230-Z0129,1,19,972.4411010742188,,unavailable in GeoTIFF; band index reported
scene_01_DT0000205230-Z0129,1,20,1002.9342651367188,,unavailable in GeoTIFF; band index reported
scene_01_DT0000205230-Z0129,1,21,1042.7095947265625,,unavailable in GeoTIFF; band index reported
scene_01_DT0000205230-Z0129,1,22,1072.693115234375,1812.7965806589375,unavailable in GeoTIFF; band index reported
scene_01_DT0000205230-Z0129,1,23,1106.073974609375,,unavailable in GeoTIFF; band index reported
scene_01_DT0000205230-Z0129,1,24,1145.0931396484375,,unavailable in GeoTIFF; band index reported
scene_01_DT0000205230-Z0129,1,25,1185.791748046875,,unavailable in GeoTIFF; band index reported
scene_01_DT0000205230-Z0129,1,26,1233.652099609375,,unavailable in GeoTIFF; band index reported
scene_01_DT0000205230-Z0129,1,27,1284.6492919921875,,unavailable in GeoTIFF; band index reported
scene_01_DT0000205230-Z0129,1,28,1325.194580078125,,unavailable in GeoTIFF; band index reported
scene_01_DT0000205230-Z0129,1,29,1381.3287353515625,2378.0732384444686,unavailable in GeoTIFF; band index reported
scene_01_DT0000205230-Z0129,1,30,1433.2027587890625,,unavailable in GeoTIFF; band index reported
scene_01_DT0000205230-Z0129,1,31,1493.421875,,unavailable in GeoTIFF; band index reported
scene_01_DT0000205230-Z0129,1,32,1547.701416015625,,unavailable in GeoTIFF; band index reported
scene_01_DT0000205230-Z0129,1,33,1599.854736328125,,unavailable in GeoTIFF; band index reported
scene_01_DT0000205230-Z0129,1,34,1657.172607421875,,unavailable in GeoTIFF; band index reported
scene_01_DT0000205230-Z0129,1,35,1707.0574951171875,,unavailable in GeoTIFF; band index reported
scene_01_DT0000205230-Z0129,1,36,1750.8602294921875,3052.808919434462,unavailable in GeoTIFF; band index reported
scene_01_DT0000205230-Z0129,1,37,1794.6492919921875,,unavailable in GeoTIFF; band index reported
scene_01_DT0000205230-Z0129,1,38,1832.1807861328125,,unavailable in GeoTIFF; band index reported
scene_01_DT0000205230-Z0129,1,39,1866.4163818359375,,unavailable in GeoTIFF; band index reported
scene_01_DT0000205230-Z0129,1,40,1892.24658203125,,unavailable in GeoTIFF; band index reported
scene_01_DT0000205230-Z0129,1,41,1923.7315673828125,,unavailable in GeoTIFF; band index reported
scene_01_DT0000205230-Z0129,1,42,1947.8192138671875,,unavailable in GeoTIFF; band index reported
scene_01_DT0000205230-Z0129,1,43,1965.172607421875,,unavailable in GeoTIFF; band index reported
scene_01_DT0000205230-Z0129,1,44,2000.81640625,3452.7579941120193,unavailable in GeoTIFF; band index reported
scene_01_DT0000205230-Z0129,1,45,2036.271240234375,,unavailable in GeoTIFF; band index reported
scene_01_DT0000205230-Z0129,1,46,2055.293212890625,,unavailable in GeoTIFF; band index reported
scene_01_DT0000205230-Z0129,1,47,2081.69873046875,,unavailable in GeoTIFF; band index reported
scene_01_DT0000205230-Z0129,1,48,2102.09033203125,,unavailable in GeoTIFF; band index reported
scene_01_DT0000205230-Z0129,1,49,2125.454833984375,,unavailable in GeoTIFF; band index reported
scene_01_DT0000205230-Z0129,1,50,2140.424560546875,,unavailable in GeoTIFF; band index reported
scene_01_DT0000205230-Z0129,1,51,2185.432861328125,3726.9295512530684,unavailable in GeoTIFF; band index reported
scene_01_DT0000205230-Z0129,1,52,2207.172607421875,,unavailable in GeoTIFF; band index reported
scene_01_DT0000205230-Z0129,1,53,2243.353515625,,unavailable in GeoTIFF; band index reported
scene_01_DT0000205230-Z0129,1,54,2252.082275390625,,unavailable in GeoTIFF; band index reported
scene_01_DT0000205230-Z0129,1,55,2286.85205078125,,unavailable in GeoTIFF; band index reported
scene_01_DT0000205230-Z0129,1,56,2332.046630859375,,unavailable in GeoTIFF; band index reported
scene_01_DT0000205230-Z0129,1,57,2378.9287109375,,unavailable in GeoTIFF; band index reported
scene_01_DT0000205230-Z0129,1,58,2383.70947265625,4007.177645123073,unavailable in GeoTIFF; band index reported
scene_01_DT0000205230-Z0129,1,59,2407.208251953125,,unavailable in GeoTIFF; band index reported
scene_01_DT0000205230-Z0129,1,60,2409.70947265625,,unavailable in GeoTIFF; band index reported
scene_01_DT0000205230-Z0129,1,61,2495.17529296875,,unavailable in GeoTIFF; band index reported
scene_01_DT0000205230-Z0129,1,62,2268.76171875,,unavailable in GeoTIFF; band index reported
scene_01_DT0000205230-Z0129,1,63,2494.12060546875,,unavailable in GeoTIFF; band index reported
scene_01_DT0000205230-Z0129,1,64,2532.783447265625,,unavailable in GeoTIFF; band index reported
scene_01_DT0000205230-Z0129,1,65,2550.262939453125,4159.730422748184,unavailable in GeoTIFF; band index reported
scene_01_DT0000205230-Z0129,1,66,2571.6494140625,,unavailable in GeoTIFF; band index reported
scene_01_DT0000205230-Z0129,1,67,2588.30419921875,,unavailable in GeoTIFF; band index reported
scene_01_DT0000205230-Z0129,1,68,2632.56982421875,,unavailable in GeoTIFF; band index reported
scene_01_DT0000205230-Z0129,1,69,2616.158935546875,,unavailable in GeoTIFF; band index reported
scene_01_DT0000205230-Z0129,1,70,2640.0712890625,,unavailable in GeoTIFF; band index reported
scene_01_DT0000205230-Z0129,1,71,2608.208251953125,,unavailable in GeoTIFF; band index reported
scene_01_DT0000205230-Z0129,1,72,2644.748046875,4216.483716818321,unavailable in GeoTIFF; band index reported
scene_01_DT0000205230-Z0129,1,73,2628.99462890625,,unavailable in GeoTIFF; band index reported
scene_01_DT0000205230-Z0129,1,74,2645.939697265625,,unavailable in GeoTIFF; band index reported
scene_01_DT0000205230-Z0129,1,75,2654.750732421875,,unavailable in GeoTIFF; band index reported
scene_01_DT0000205230-Z0129,1,76,2646.748046875,,unavailable in GeoTIFF; band index reported
scene_01_DT0000205230-Z0129,1,77,2693.48779296875,,unavailable in GeoTIFF; band index reported
scene_01_DT0000205230-Z0129,1,78,2658.197265625,,unavailable in GeoTIFF; band index reported
scene_01_DT0000205230-Z0129,1,79,2692.4658203125,,unavailable in GeoTIFF; band index reported
scene_01_DT0000205230-Z0129,1,80,2765.2109375,4232.014678740068,unavailable in GeoTIFF; band index reported
scene_01_DT0000205230-Z0129,1,81,2694.822021484375,,unavailable in GeoTIFF; band index reported
scene_01_DT0000205230-Z0129,1,82,2766.476806640625,,unavailable in GeoTIFF; band index reported
scene_01_DT0000205230-Z0129,1,83,2687.723388671875,,unavailable in GeoTIFF; band index reported
scene_01_DT0000205230-Z0129,1,84,2598.687744140625,,unavailable in GeoTIFF; band index reported
scene_01_DT0000205230-Z0129,1,85,2809.33984375,,unavailable in GeoTIFF; band index reported
scene_01_DT0000205230-Z0129,1,86,2816.315185546875,,unavailable in GeoTIFF; band index reported
scene_01_DT0000205230-Z0129,1,87,2720.10400390625,4099.515230214146,unavailable in GeoTIFF; band index reported
scene_01_DT0000205230-Z0129,1,88,2869.34521484375,,unavailable in GeoTIFF; band index reported
scene_01_DT0000205230-Z0129,1,89,2905.024658203125,,unavailable in GeoTIFF; band index reported
scene_01_DT0000205230-Z0129,1,90,2904.79736328125,,unavailable in GeoTIFF; band index reported
scene_01_DT0000205230-Z0129,1,91,2857.0712890625,,unavailable in GeoTIFF; band index reported
scene_01_DT0000205230-Z0129,1,92,2781.328857421875,,unavailable in GeoTIFF; band index reported
scene_01_DT0000205230-Z0129,1,93,2741.2822265625,,unavailable in GeoTIFF; band index reported
scene_01_DT0000205230-Z0129,1,94,2845.6630859375,4259.310714130656,unavailable in GeoTIFF; band index reported
scene_01_DT0000205230-Z0129,1,95,2805.14794921875,,unavailable in GeoTIFF; band index reported
scene_01_DT0000205230-Z0129,1,96,2909.09033203125,,unavailable in GeoTIFF; band index reported
scene_01_DT0000205230-Z0129,1,97,2811.791748046875,,unavailable in GeoTIFF; band index reported
scene_01_DT0000205230-Z0129,1,98,2931.79443359375,,unavailable in GeoTIFF; band index reported
scene_01_DT0000205230-Z0129,1,99,2842.0,,unavailable in GeoTIFF; band index reported
scene_01_DT0000205230-Z0129,1,100,2959.20556640625,,unavailable in GeoTIFF; band index reported
scene_01_DT0000205230-Z0129,1,101,2853.7314453125,4276.150670826721,unavailable in GeoTIFF; band index reported
scene_01_DT0000205230-Z0129,1,102,2980.871337890625,,unavailable in GeoTIFF; band index reported
scene_01_DT0000205230-Z0129,1,103,3009.123291015625,,unavailable in GeoTIFF; band index reported
scene_01_DT0000205230-Z0129,1,104,3031.961669921875,,unavailable in GeoTIFF; band index reported
scene_01_DT0000205230-Z0129,1,105,3053.397216796875,,unavailable in GeoTIFF; band index reported
scene_01_DT0000205230-Z0129,1,106,3072.802734375,,unavailable in GeoTIFF; band index reported
scene_01_DT0000205230-Z0129,1,107,3103.8603515625,,unavailable in GeoTIFF; band index reported
scene_01_DT0000205230-Z0129,1,108,3138.060302734375,4540.5920961105885,unavailable in GeoTIFF; band index reported
scene_01_DT0000205230-Z0129,1,109,3162.701416015625,,unavailable in GeoTIFF; band index reported
scene_01_DT0000205230-Z0129,1,110,3208.364501953125,,unavailable in GeoTIFF; band index reported
scene_01_DT0000205230-Z0129,1,111,3244.706787109375,,unavailable in GeoTIFF; band index reported
scene_01_DT0000205230-Z0129,1,112,3221.687744140625,,unavailable in GeoTIFF; band index reported
scene_01_DT0000205230-Z0129,1,113,3408.9560546875,,unavailable in GeoTIFF; band index reported
scene_01_DT0000205230-Z0129,1,114,3407.997314453125,,unavailable in GeoTIFF; band index reported
scene_01_DT0000205230-Z0129,1,115,3305.594482421875,,unavailable in GeoTIFF; band index reported
scene_01_DT0000205230-Z0129,1,116,3348.262939453125,4718.103568199837,unavailable in GeoTIFF; band index reported
scene_01_DT0000205230-Z0129,1,117,3424.8466796875,,unavailable in GeoTIFF; band index reported
scene_01_DT0000205230-Z0129,1,118,3493.59716796875,,unavailable in GeoTIFF; band index reported
scene_01_DT0000205230-Z0129,1,119,3517.21923828125,,unavailable in GeoTIFF; band index reported
scene_01_DT0000205230-Z0129,1,120,3523.92333984375,,unavailable in GeoTIFF; band index reported
scene_01_DT0000205230-Z0129,1,121,3551.43017578125,,unavailable in GeoTIFF; band index reported
scene_01_DT0000205230-Z0129,1,122,3568.882080078125,,unavailable in GeoTIFF; band index reported
scene_01_DT0000205230-Z0129,1,123,3592.20263671875,5005.2038251084705,unavailable in GeoTIFF; band index reported
scene_01_DT0000205230-Z0129,1,124,3638.97265625,,unavailable in GeoTIFF; band index reported
scene_01_DT0000205230-Z0129,1,125,3675.967041015625,,unavailable in GeoTIFF; band index reported
scene_01_DT0000205230-Z0129,1,126,3659.208251953125,,unavailable in GeoTIFF; band index reported
scene_01_DT0000205230-Z0129,1,127,3653.002685546875,,unavailable in GeoTIFF; band index reported
scene_01_DT0000205230-Z0129,1,128,3667.33154296875,,unavailable in GeoTIFF; band index reported
scene_01_DT0000205230-Z0129,1,129,3665.145263671875,,unavailable in GeoTIFF; band index reported
scene_01_DT0000205230-Z0129,1,130,3669.39990234375,5124.159687144271,unavailable in GeoTIFF; band index reported
scene_01_DT0000205230-Z0129,1,131,-32768.0,,unavailable in GeoTIFF; band index reported
scene_01_DT0000205230-Z0129,1,132,-32768.0,,unavailable in GeoTIFF; band index reported
scene_01_DT0000205230-Z0129,1,133,-32768.0,,unavailable in GeoTIFF; band index reported
scene_01_DT0000205230-Z0129,1,134,-32768.0,,unavailable in GeoTIFF; band index reported
scene_01_DT0000205230-Z0129,1,135,-32768.0,,unavailable in GeoTIFF; band index reported
scene_01_DT0000205230-Z0129,1,136,3732.912353515625,,unavailable in GeoTIFF; band index reported
scene_01_DT0000205230-Z0129,1,137,3861.065673828125,5245.826935621986,unavailable in GeoTIFF; band index reported
scene_01_DT0000205230-Z0129,1,138,3757.83837890625,,unavailable in GeoTIFF; band index reported
scene_01_DT0000205230-Z0129,1,139,3732.589111328125,,unavailable in GeoTIFF; band index reported
scene_01_DT0000205230-Z0129,1,140,3781.58349609375,,unavailable in GeoTIFF; band index reported
scene_01_DT0000205230-Z0129,1,141,3842.6328125,,unavailable in GeoTIFF; band index reported
scene_01_DT0000205230-Z0129,1,142,3876.131591796875,,unavailable in GeoTIFF; band index reported
scene_01_DT0000205230-Z0129,1,143,3885.882080078125,,unavailable in GeoTIFF; band index reported
scene_01_DT0000205230-Z0129,1,144,3893.2548828125,5222.882217712209,unavailable in GeoTIFF; band index reported
scene_01_DT0000205230-Z0129,1,145,3911.84375,,unavailable in GeoTIFF; band index reported
scene_01_DT0000205230-Z0129,1,146,3922.2548828125,,unavailable in GeoTIFF; band index reported
scene_01_DT0000205230-Z0129,1,147,3926.931396484375,,unavailable in GeoTIFF; band index reported
scene_01_DT0000205230-Z0129,1,148,3934.249267578125,,unavailable in GeoTIFF; band index reported
scene_01_DT0000205230-Z0129,1,149,3948.07666015625,,unavailable in GeoTIFF; band index reported
scene_01_DT0000205230-Z0129,1,150,3958.23828125,,unavailable in GeoTIFF; band index reported
scene_01_DT0000205230-Z0129,1,151,3952.463134765625,,unavailable in GeoTIFF; band index reported
scene_01_DT0000205230-Z0129,1,152,3952.769775390625,5253.7238336902,unavailable in GeoTIFF; band index reported
scene_01_DT0000205230-Z0129,1,153,3949.2958984375,,unavailable in GeoTIFF; band index reported
scene_01_DT0000205230-Z0129,1,154,3960.427490234375,,unavailable in GeoTIFF; band index reported
scene_01_DT0000205230-Z0129,1,155,3959.99462890625,,unavailable in GeoTIFF; band index reported
scene_01_DT0000205230-Z0129,1,156,3971.432861328125,,unavailable in GeoTIFF; band index reported
scene_01_DT0000205230-Z0129,1,157,3973.109619140625,,unavailable in GeoTIFF; band index reported
scene_01_DT0000205230-Z0129,1,158,3979.128662109375,,unavailable in GeoTIFF; band index reported
scene_01_DT0000205230-Z0129,1,159,3973.715087890625,5264.417496137013,unavailable in GeoTIFF; band index reported
scene_01_DT0000205230-Z0129,1,160,3991.684814453125,,unavailable in GeoTIFF; band index reported
scene_01_DT0000205230-Z0129,1,161,3971.3369140625,,unavailable in GeoTIFF; band index reported
scene_01_DT0000205230-Z0129,1,162,3968.750732421875,,unavailable in GeoTIFF; band index reported
scene_01_DT0000205230-Z0129,1,163,3972.7890625,,unavailable in GeoTIFF; band index reported
scene_01_DT0000205230-Z0129,1,164,3949.172607421875,,unavailable in GeoTIFF; band index reported
scene_01_DT0000205230-Z0129,1,165,3912.23291015625,,unavailable in GeoTIFF; band index reported
scene_01_DT0000205230-Z0129,1,166,3829.208251953125,5057.993610688144,unavailable in GeoTIFF; band index reported
scene_01_DT0000205230-Z0129,1,167,3327.123291015625,,unavailable in GeoTIFF; band index reported
scene_01_DT0000205230-Z0129,1,168,3531.024658203125,,unavailable in GeoTIFF; band index reported
scene_01_DT0000205230-Z0129,1,169,3677.4384765625,,unavailable in GeoTIFF; band index reported
scene_01_DT0000205230-Z0129,1,170,3547.79736328125,,unavailable in GeoTIFF; band index reported
scene_01_DT0000205230-Z0129,1,171,3014.4384765625,,unavailable in GeoTIFF; band index reported
scene_01_DT0000205230-Z0129,1,172,3159.02197265625,,unavailable in GeoTIFF; band index reported
scene_01_DT0000205230-Z0129,1,173,3436.679443359375,4797.249264813836,unavailable in GeoTIFF; band index reported
scene_01_DT0000205230-Z0129,1,174,3669.835693359375,,unavailable in GeoTIFF; band index reported
scene_01_DT0000205230-Z0129,1,175,3762.328857421875,,unavailable in GeoTIFF; band index reported
scene_01_DT0000205230-Z0129,1,176,3646.835693359375,,unavailable in GeoTIFF; band index reported
scene_01_DT0000205230-Z0129,1,177,3626.61083984375,,unavailable in GeoTIFF; band index reported
scene_01_DT0000205230-Z0129,1,178,3590.197265625,,unavailable in GeoTIFF; band index reported
scene_01_DT0000205230-Z0129,1,179,3649.39990234375,,unavailable in GeoTIFF; band index reported
scene_01_DT0000205230-Z0129,1,180,3617.89599609375,5133.687412636362,unavailable in GeoTIFF; band index reported
scene_01_DT0000205230-Z0129,1,181,3602.47119140625,,unavailable in GeoTIFF; band index reported
scene_01_DT0000205230-Z0129,1,182,3607.424560546875,,unavailable in GeoTIFF; band index reported
scene_01_DT0000205230-Z0129,1,183,3560.14794921875,,unavailable in GeoTIFF; band index reported
scene_01_DT0000205230-Z0129,1,184,3539.383544921875,,unavailable in GeoTIFF; band index reported
scene_01_DT0000205230-Z0129,1,185,3491.315185546875,,unavailable in GeoTIFF; band index reported
scene_01_DT0000205230-Z0129,1,186,3409.41650390625,,unavailable in GeoTIFF; band index reported
scene_01_DT0000205230-Z0129,1,187,3266.89306640625,,unavailable in GeoTIFF; band index reported
scene_01_DT0000205230-Z0129,1,188,3134.706787109375,4977.3868299771475,unavailable in GeoTIFF; band index reported
scene_01_DT0000205230-Z0129,1,189,3029.9150390625,,unavailable in GeoTIFF; band index reported
scene_01_DT0000205230-Z0129,1,190,2990.279541015625,,unavailable in GeoTIFF; band index reported
scene_01_DT0000205230-Z0129,1,191,2980.347900390625,,unavailable in GeoTIFF; band index reported
scene_01_DT0000205230-Z0129,1,192,2967.720458984375,,unavailable in GeoTIFF; band index reported
scene_01_DT0000205230-Z0129,1,193,2870.35888671875,,unavailable in GeoTIFF; band index reported
scene_01_DT0000205230-Z0129,1,194,2717.545166015625,,unavailable in GeoTIFF; band index reported
scene_01_DT0000205230-Z0129,1,195,2930.230224609375,4669.994273505627,unavailable in GeoTIFF; band index reported
scene_01_DT0000205230-Z0129,1,196,3117.065673828125,,unavailable in GeoTIFF; band index reported
scene_01_DT0000205230-Z0129,1,197,3160.09326171875,,unavailable in GeoTIFF; band index reported
scene_01_DT0000205230-Z0129,1,198,3134.383544921875,,unavailable in GeoTIFF; band index reported
scene_01_DT0000205230-Z0129,1,199,3115.564453125,,unavailable in GeoTIFF; band index reported
scene_01_DT0000205230-Z0129,1,200,3097.197265625,,unavailable in GeoTIFF; band index reported
scene_01_DT0000205230-Z0129,1,201,3073.257568359375,,unavailable in GeoTIFF; band index reported
scene_01_DT0000205230-Z0129,1,202,3054.62744140625,4693.603468694764,unavailable in GeoTIFF; band index reported
scene_01_DT0000205230-Z0129,1,203,3019.51513671875,,unavailable in GeoTIFF; band index reported
scene_01_DT0000205230-Z0129,1,204,2951.87939453125,,unavailable in GeoTIFF; band index reported
scene_01_DT0000205230-Z0129,1,205,2871.68212890625,,unavailable in GeoTIFF; band index reported
scene_01_DT0000205230-Z0129,1,206,2853.038330078125,,unavailable in GeoTIFF; band index reported
scene_01_DT0000205230-Z0129,1,207,2834.980712890625,,unavailable in GeoTIFF; band index reported
scene_01_DT0000205230-Z0129,1,208,2774.769775390625,,unavailable in GeoTIFF; band index reported
scene_01_DT0000205230-Z0129,1,209,2792.86572265625,4418.7326716944735,unavailable in GeoTIFF; band index reported
scene_01_DT0000205230-Z0129,1,210,2766.09326171875,,unavailable in GeoTIFF; band index reported
scene_01_DT0000205230-Z0129,1,211,2706.251953125,,unavailable in GeoTIFF; band index reported
scene_01_DT0000205230-Z0129,1,212,2675.854736328125,,unavailable in GeoTIFF; band index reported
scene_01_DT0000205230-Z0129,1,213,2731.378173828125,,unavailable in GeoTIFF; band index reported
scene_01_DT0000205230-Z0129,1,214,2701.101318359375,,unavailable in GeoTIFF; band index reported
scene_01_DT0000205230-Z0129,1,215,2644.4931640625,,unavailable in GeoTIFF; band index reported
scene_01_DT0000205230-Z0129,1,216,2595.158935546875,4194.452591104376,unavailable in GeoTIFF; band index reported
scene_01_DT0000205230-Z0129,1,217,2612.30419921875,,unavailable in GeoTIFF; band index reported
scene_01_DT0000205230-Z0129,1,218,2648.2109375,,unavailable in GeoTIFF; band index reported
scene_01_DT0000205230-Z0129,1,219,2612.424560546875,,unavailable in GeoTIFF; band index reported
scene_01_DT0000205230-Z0129,1,220,2553.8876953125,,unavailable in GeoTIFF; band index reported
scene_01_DT0000205230-Z0129,1,221,2542.624755859375,,unavailable in GeoTIFF; band index reported
scene_01_DT0000205230-Z0129,1,222,2591.180908203125,,unavailable in GeoTIFF; band index reported
scene_01_DT0000205230-Z0129,1,223,2472.40283203125,,unavailable in GeoTIFF; band index reported
scene_01_DT0000205230-Z0129,1,224,2498.9150390625,3914.243214639081,unavailable in GeoTIFF; band index reported
scene_01_DT0000205230-Z0087,2,1,645.8544311523438,917.0602603405777,unavailable in GeoTIFF; band index reported
scene_01_DT0000205230-Z0087,2,2,653.7684936523438,,unavailable in GeoTIFF; band index reported
scene_01_DT0000205230-Z0087,2,3,679.2744750976562,,unavailable in GeoTIFF; band index reported
scene_01_DT0000205230-Z0087,2,4,713.8782958984375,,unavailable in GeoTIFF; band index reported
scene_01_DT0000205230-Z0087,2,5,746.0906982421875,,unavailable in GeoTIFF; band index reported
scene_01_DT0000205230-Z0087,2,6,763.5894775390625,,unavailable in GeoTIFF; band index reported
scene_01_DT0000205230-Z0087,2,7,797.4129028320312,,unavailable in GeoTIFF; band index reported
scene_01_DT0000205230-Z0087,2,8,822.3126220703125,1232.1687807391233,unavailable in GeoTIFF; band index reported
scene_01_DT0000205230-Z0087,2,9,833.1956787109375,,unavailable in GeoTIFF; band index reported
scene_01_DT0000205230-Z0087,2,10,857.3818359375,,unavailable in GeoTIFF; band index reported
scene_01_DT0000205230-Z0087,2,11,865.4176635742188,,unavailable in GeoTIFF; band index reported
scene_01_DT0000205230-Z0087,2,12,872.1455688476562,,unavailable in GeoTIFF; band index reported
scene_01_DT0000205230-Z0087,2,13,886.6754150390625,,unavailable in GeoTIFF; band index reported
scene_01_DT0000205230-Z0087,2,14,916.9546508789062,,unavailable in GeoTIFF; band index reported
scene_01_DT0000205230-Z0087,2,15,938.2219848632812,1425.9121730718762,unavailable in GeoTIFF; band index reported
scene_01_DT0000205230-Z0087,2,16,953.031005859375,,unavailable in GeoTIFF; band index reported
scene_01_DT0000205230-Z0087,2,17,982.5990600585938,,unavailable in GeoTIFF; band index reported
scene_01_DT0000205230-Z0087,2,18,1007.6181640625,,unavailable in GeoTIFF; band index reported
scene_01_DT0000205230-Z0087,2,19,1038.307861328125,,unavailable in GeoTIFF; band index reported
scene_01_DT0000205230-Z0087,2,20,1072.7923583984375,,unavailable in GeoTIFF; band index reported
scene_01_DT0000205230-Z0087,2,21,1108.150390625,,unavailable in GeoTIFF; band index reported
scene_01_DT0000205230-Z0087,2,22,1138.9737548828125,1812.7965806589375,unavailable in GeoTIFF; band index reported
scene_01_DT0000205230-Z0087,2,23,1174.2076416015625,,unavailable in GeoTIFF; band index reported
scene_01_DT0000205230-Z0087,2,24,1214.348388671875,,unavailable in GeoTIFF; band index reported
scene_01_DT0000205230-Z0087,2,25,1251.8878173828125,,unavailable in GeoTIFF; band index reported
scene_01_DT0000205230-Z0087,2,26,1301.178955078125,,unavailable in GeoTIFF; band index reported
scene_01_DT0000205230-Z0087,2,27,1350.6849365234375,,unavailable in GeoTIFF; band index reported
scene_01_DT0000205230-Z0087,2,28,1394.55126953125,,unavailable in GeoTIFF; band index reported
scene_01_DT0000205230-Z0087,2,29,1448.7421875,2378.0732384444686,unavailable in GeoTIFF; band index reported
scene_01_DT0000205230-Z0087,2,30,1496.4248046875,,unavailable in GeoTIFF; band index reported
scene_01_DT0000205230-Z0087,2,31,1562.06201171875,,unavailable in GeoTIFF; band index reported
scene_01_DT0000205230-Z0087,2,32,1609.6419677734375,,unavailable in GeoTIFF; band index reported
scene_01_DT0000205230-Z0087,2,33,1660.6134033203125,,unavailable in GeoTIFF; band index reported
scene_01_DT0000205230-Z0087,2,34,1712.1766357421875,,unavailable in GeoTIFF; band index reported
scene_01_DT0000205230-Z0087,2,35,1758.245849609375,,unavailable in GeoTIFF; band index reported
scene_01_DT0000205230-Z0087,2,36,1802.6611328125,3052.808919434462,unavailable in GeoTIFF; band index reported
scene_01_DT0000205230-Z0087,2,37,1845.6109619140625,,unavailable in GeoTIFF; band index reported
scene_01_DT0000205230-Z0087,2,38,1884.6634521484375,,unavailable in GeoTIFF; band index reported
scene_01_DT0000205230-Z0087,2,39,1913.3460693359375,,unavailable in GeoTIFF; band index reported
scene_01_DT0000205230-Z0087,2,40,1937.27685546875,,unavailable in GeoTIFF; band index reported
scene_01_DT0000205230-Z0087,2,41,1970.5345458984375,,unavailable in GeoTIFF; band index reported
scene_01_DT0000205230-Z0087,2,42,1990.8233642578125,,unavailable in GeoTIFF; band index reported
scene_01_DT0000205230-Z0087,2,43,2009.3365478515625,,unavailable in GeoTIFF; band index reported
scene_01_DT0000205230-Z0087,2,44,2041.78759765625,3452.7579941120193,unavailable in GeoTIFF; band index reported
scene_01_DT0000205230-Z0087,2,45,2071.078857421875,,unavailable in GeoTIFF; band index reported
scene_01_DT0000205230-Z0087,2,46,2095.84716796875,,unavailable in GeoTIFF; band index reported
scene_01_DT0000205230-Z0087,2,47,2120.52734375,,unavailable in GeoTIFF; band index reported
scene_01_DT0000205230-Z0087,2,48,2139.651611328125,,unavailable in GeoTIFF; band index reported
scene_01_DT0000205230-Z0087,2,49,2169.942626953125,,unavailable in GeoTIFF; band index reported
scene_01_DT0000205230-Z0087,2,50,2171.646728515625,,unavailable in GeoTIFF; band index reported
scene_01_DT0000205230-Z0087,2,51,2222.0,3726.9295512530684,unavailable in GeoTIFF; band index reported
scene_01_DT0000205230-Z0087,2,52,2242.219482421875,,unavailable in GeoTIFF; band index reported
scene_01_DT0000205230-Z0087,2,53,2267.21240234375,,unavailable in GeoTIFF; band index reported
scene_01_DT0000205230-Z0087,2,54,2289.310302734375,,unavailable in GeoTIFF; band index reported
scene_01_DT0000205230-Z0087,2,55,2317.16943359375,,unavailable in GeoTIFF; band index reported
scene_01_DT0000205230-Z0087,2,56,2362.902099609375,,unavailable in GeoTIFF; band index reported
scene_01_DT0000205230-Z0087,2,57,2405.70654296875,,unavailable in GeoTIFF; band index reported
scene_01_DT0000205230-Z0087,2,58,2413.8330078125,4007.177645123073,unavailable in GeoTIFF; band index reported
scene_01_DT0000205230-Z0087,2,59,2438.031005859375,,unavailable in GeoTIFF; band index reported
scene_01_DT0000205230-Z0087,2,60,2436.19580078125,,unavailable in GeoTIFF; band index reported
scene_01_DT0000205230-Z0087,2,61,2523.7900390625,,unavailable in GeoTIFF; band index reported
scene_01_DT0000205230-Z0087,2,62,2309.55615234375,,unavailable in GeoTIFF; band index reported
scene_01_DT0000205230-Z0087,2,63,2528.8974609375,,unavailable in GeoTIFF; band index reported
scene_01_DT0000205230-Z0087,2,64,2569.670654296875,,unavailable in GeoTIFF; band index reported
scene_01_DT0000205230-Z0087,2,65,2599.2314453125,4159.730422748184,unavailable in GeoTIFF; band index reported
scene_01_DT0000205230-Z0087,2,66,2613.646728515625,,unavailable in GeoTIFF; band index reported
scene_01_DT0000205230-Z0087,2,67,2635.348388671875,,unavailable in GeoTIFF; band index reported
scene_01_DT0000205230-Z0087,2,68,2674.563232421875,,unavailable in GeoTIFF; band index reported
scene_01_DT0000205230-Z0087,2,69,2692.673095703125,,unavailable in GeoTIFF; band index reported
scene_01_DT0000205230-Z0087,2,70,2711.245849609375,,unavailable in GeoTIFF; band index reported
scene_01_DT0000205230-Z0087,2,71,2679.054931640625,,unavailable in GeoTIFF; band index reported
scene_01_DT0000205230-Z0087,2,72,2707.307861328125,4216.483716818321,unavailable in GeoTIFF; band index reported
scene_01_DT0000205230-Z0087,2,73,2718.035888671875,,unavailable in GeoTIFF; band index reported
scene_01_DT0000205230-Z0087,2,74,2694.477294921875,,unavailable in GeoTIFF; band index reported
scene_01_DT0000205230-Z0087,2,75,2750.992919921875,,unavailable in GeoTIFF; band index reported
scene_01_DT0000205230-Z0087,2,76,2714.38671875,,unavailable in GeoTIFF; band index reported
scene_01_DT0000205230-Z0087,2,77,2752.44384765625,,unavailable in GeoTIFF; band index reported
scene_01_DT0000205230-Z0087,2,78,2761.9833984375,,unavailable in GeoTIFF; band index reported
scene_01_DT0000205230-Z0087,2,79,2762.95703125,,unavailable in GeoTIFF; band index reported
scene_01_DT0000205230-Z0087,2,80,2830.0595703125,4232.014678740068,unavailable in GeoTIFF; band index reported
scene_01_DT0000205230-Z0087,2,81,2778.31982421875,,unavailable in GeoTIFF; band index reported
scene_01_DT0000205230-Z0087,2,82,2828.751708984375,,unavailable in GeoTIFF; band index reported
scene_01_DT0000205230-Z0087,2,83,2758.40576171875,,unavailable in GeoTIFF; band index reported
scene_01_DT0000205230-Z0087,2,84,2661.02392578125,,unavailable in GeoTIFF; band index reported
scene_01_DT0000205230-Z0087,2,85,2866.565673828125,,unavailable in GeoTIFF; band index reported
scene_01_DT0000205230-Z0087,2,86,2835.307861328125,,unavailable in GeoTIFF; band index reported
scene_01_DT0000205230-Z0087,2,87,2752.4892578125,4099.515230214146,unavailable in GeoTIFF; band index reported
scene_01_DT0000205230-Z0087,2,88,2940.22900390625,,unavailable in GeoTIFF; band index reported
scene_01_DT0000205230-Z0087,2,89,2946.84716796875,,unavailable in GeoTIFF; band index reported
scene_01_DT0000205230-Z0087,2,90,2935.4248046875,,unavailable in GeoTIFF; band index reported
scene_01_DT0000205230-Z0087,2,91,2910.66357421875,,unavailable in GeoTIFF; band index reported
scene_01_DT0000205230-Z0087,2,92,2836.6396484375,,unavailable in GeoTIFF; band index reported
scene_01_DT0000205230-Z0087,2,93,2804.307861328125,,unavailable in GeoTIFF; band index reported
scene_01_DT0000205230-Z0087,2,94,2917.291259765625,4259.310714130656,unavailable in GeoTIFF; band index reported
scene_01_DT0000205230-Z0087,2,95,2876.5703125,,unavailable in GeoTIFF; band index reported
scene_01_DT0000205230-Z0087,2,96,2965.021484375,,unavailable in GeoTIFF; band index reported
scene_01_DT0000205230-Z0087,2,97,2888.53466796875,,unavailable in GeoTIFF; band index reported
scene_01_DT0000205230-Z0087,2,98,2991.322265625,,unavailable in GeoTIFF; band index reported
scene_01_DT0000205230-Z0087,2,99,2904.064453125,,unavailable in GeoTIFF; band index reported
scene_01_DT0000205230-Z0087,2,100,3012.057373046875,,unavailable in GeoTIFF; band index reported
scene_01_DT0000205230-Z0087,2,101,2912.10498046875,4276.150670826721,unavailable in GeoTIFF; band index reported
scene_01_DT0000205230-Z0087,2,102,3032.20751953125,,unavailable in GeoTIFF; band index reported
scene_01_DT0000205230-Z0087,2,103,3060.29345703125,,unavailable in GeoTIFF; band index reported
scene_01_DT0000205230-Z0087,2,104,3078.859130859375,,unavailable in GeoTIFF; band index reported
scene_01_DT0000205230-Z0087,2,105,3095.591796875,,unavailable in GeoTIFF; band index reported
scene_01_DT0000205230-Z0087,2,106,3111.431884765625,,unavailable in GeoTIFF; band index reported
scene_01_DT0000205230-Z0087,2,107,3140.59423828125,,unavailable in GeoTIFF; band index reported
scene_01_DT0000205230-Z0087,2,108,3172.625244140625,4540.5920961105885,unavailable in GeoTIFF; band index reported
scene_01_DT0000205230-Z0087,2,109,3192.06201171875,,unavailable in GeoTIFF; band index reported
scene_01_DT0000205230-Z0087,2,110,3227.121826171875,,unavailable in GeoTIFF; band index reported
scene_01_DT0000205230-Z0087,2,111,3248.622802734375,,unavailable in GeoTIFF; band index reported
scene_01_DT0000205230-Z0087,2,112,3191.40087890625,,unavailable in GeoTIFF; band index reported
scene_01_DT0000205230-Z0087,2,113,3394.525146484375,,unavailable in GeoTIFF; band index reported
scene_01_DT0000205230-Z0087,2,114,3384.735107421875,,unavailable in GeoTIFF; band index reported
scene_01_DT0000205230-Z0087,2,115,3345.30078125,,unavailable in GeoTIFF; band index reported
scene_01_DT0000205230-Z0087,2,116,3382.050048828125,4718.103568199837,unavailable in GeoTIFF; band index reported
scene_01_DT0000205230-Z0087,2,117,3437.91650390625,,unavailable in GeoTIFF; band index reported
scene_01_DT0000205230-Z0087,2,118,3503.071533203125,,unavailable in GeoTIFF; band index reported
scene_01_DT0000205230-Z0087,2,119,3520.16943359375,,unavailable in GeoTIFF; band index reported
scene_01_DT0000205230-Z0087,2,120,3537.625244140625,,unavailable in GeoTIFF; band index reported
scene_01_DT0000205230-Z0087,2,121,3565.365234375,,unavailable in GeoTIFF; band index reported
scene_01_DT0000205230-Z0087,2,122,3582.050048828125,,unavailable in GeoTIFF; band index reported
scene_01_DT0000205230-Z0087,2,123,3608.589599609375,5005.2038251084705,unavailable in GeoTIFF; band index reported
scene_01_DT0000205230-Z0087,2,124,3644.25537109375,,unavailable in GeoTIFF; band index reported
scene_01_DT0000205230-Z0087,2,125,3709.74462890625,,unavailable in GeoTIFF; band index reported
scene_01_DT0000205230-Z0087,2,126,3680.503662109375,,unavailable in GeoTIFF; band index reported
scene_01_DT0000205230-Z0087,2,127,3667.334228515625,,unavailable in GeoTIFF; band index reported
scene_01_DT0000205230-Z0087,2,128,3677.78515625,,unavailable in GeoTIFF; band index reported
scene_01_DT0000205230-Z0087,2,129,3669.55126953125,,unavailable in GeoTIFF; band index reported
scene_01_DT0000205230-Z0087,2,130,3649.3388671875,5124.159687144271,unavailable in GeoTIFF; band index reported
scene_01_DT0000205230-Z0087,2,131,-32768.0,,unavailable in GeoTIFF; band index reported
scene_01_DT0000205230-Z0087,2,132,-32768.0,,unavailable in GeoTIFF; band index reported
scene_01_DT0000205230-Z0087,2,133,-32768.0,,unavailable in GeoTIFF; band index reported
scene_01_DT0000205230-Z0087,2,134,-32768.0,,unavailable in GeoTIFF; band index reported
scene_01_DT0000205230-Z0087,2,135,-32768.0,,unavailable in GeoTIFF; band index reported
scene_01_DT0000205230-Z0087,2,136,3803.835205078125,,unavailable in GeoTIFF; band index reported
scene_01_DT0000205230-Z0087,2,137,3828.171875,5245.826935621986,unavailable in GeoTIFF; band index reported
scene_01_DT0000205230-Z0087,2,138,3783.388916015625,,unavailable in GeoTIFF; band index reported
scene_01_DT0000205230-Z0087,2,139,3803.74951171875,,unavailable in GeoTIFF; band index reported
scene_01_DT0000205230-Z0087,2,140,3844.82568359375,,unavailable in GeoTIFF; band index reported
scene_01_DT0000205230-Z0087,2,141,3897.821044921875,,unavailable in GeoTIFF; band index reported
scene_01_DT0000205230-Z0087,2,142,3923.283935546875,,unavailable in GeoTIFF; band index reported
scene_01_DT0000205230-Z0087,2,143,3922.365234375,,unavailable in GeoTIFF; band index reported
scene_01_DT0000205230-Z0087,2,144,3934.8544921875,5222.882217712209,unavailable in GeoTIFF; band index reported
scene_01_DT0000205230-Z0087,2,145,3955.028564453125,,unavailable in GeoTIFF; band index reported
scene_01_DT0000205230-Z0087,2,146,3958.100341796875,,unavailable in GeoTIFF; band index reported
scene_01_DT0000205230-Z0087,2,147,3976.840087890625,,unavailable in GeoTIFF; band index reported
scene_01_DT0000205230-Z0087,2,148,3981.756591796875,,unavailable in GeoTIFF; band index reported
scene_01_DT0000205230-Z0087,2,149,3983.186279296875,,unavailable in GeoTIFF; band index reported
scene_01_DT0000205230-Z0087,2,150,4004.159912109375,,unavailable in GeoTIFF; band index reported
scene_01_DT0000205230-Z0087,2,151,4001.756591796875,,unavailable in GeoTIFF; band index reported
scene_01_DT0000205230-Z0087,2,152,3999.992919921875,5253.7238336902,unavailable in GeoTIFF; band index reported
scene_01_DT0000205230-Z0087,2,153,3998.291259765625,,unavailable in GeoTIFF; band index reported
scene_01_DT0000205230-Z0087,2,154,4017.84716796875,,unavailable in GeoTIFF; band index reported
scene_01_DT0000205230-Z0087,2,155,4010.91162109375,,unavailable in GeoTIFF; band index reported
scene_01_DT0000205230-Z0087,2,156,4025.775634765625,,unavailable in GeoTIFF; band index reported
scene_01_DT0000205230-Z0087,2,157,4026.6396484375,,unavailable in GeoTIFF; band index reported
scene_01_DT0000205230-Z0087,2,158,4027.412841796875,,unavailable in GeoTIFF; band index reported
scene_01_DT0000205230-Z0087,2,159,4039.090576171875,5264.417496137013,unavailable in GeoTIFF; band index reported
scene_01_DT0000205230-Z0087,2,160,4037.021484375,,unavailable in GeoTIFF; band index reported
scene_01_DT0000205230-Z0087,2,161,4026.622802734375,,unavailable in GeoTIFF; band index reported
scene_01_DT0000205230-Z0087,2,162,4026.431884765625,,unavailable in GeoTIFF; band index reported
scene_01_DT0000205230-Z0087,2,163,4030.20751953125,,unavailable in GeoTIFF; band index reported
scene_01_DT0000205230-Z0087,2,164,3985.200439453125,,unavailable in GeoTIFF; band index reported
scene_01_DT0000205230-Z0087,2,165,3947.06689453125,,unavailable in GeoTIFF; band index reported
scene_01_DT0000205230-Z0087,2,166,3866.589599609375,5057.993610688144,unavailable in GeoTIFF; band index reported
scene_01_DT0000205230-Z0087,2,167,3520.114501953125,,unavailable in GeoTIFF; band index reported
scene_01_DT0000205230-Z0087,2,168,3680.095458984375,,unavailable in GeoTIFF; band index reported
scene_01_DT0000205230-Z0087,2,169,3769.114501953125,,unavailable in GeoTIFF; band index reported
scene_01_DT0000205230-Z0087,2,170,3516.856689453125,,unavailable in GeoTIFF; band index reported
scene_01_DT0000205230-Z0087,2,171,3136.53466796875,,unavailable in GeoTIFF; band index reported
scene_01_DT0000205230-Z0087,2,172,3332.431884765625,,unavailable in GeoTIFF; band index reported
scene_01_DT0000205230-Z0087,2,173,3673.054931640625,4797.249264813836,unavailable in GeoTIFF; band index reported
scene_01_DT0000205230-Z0087,2,174,3816.76123046875,,unavailable in GeoTIFF; band index reported
scene_01_DT0000205230-Z0087,2,175,3872.9189453125,,unavailable in GeoTIFF; band index reported
scene_01_DT0000205230-Z0087,2,176,3720.892578125,,unavailable in GeoTIFF; band index reported
scene_01_DT0000205230-Z0087,2,177,3785.140869140625,,unavailable in GeoTIFF; band index reported
scene_01_DT0000205230-Z0087,2,178,3758.262451171875,,unavailable in GeoTIFF; band index reported
scene_01_DT0000205230-Z0087,2,179,3827.345947265625,,unavailable in GeoTIFF; band index reported
scene_01_DT0000205230-Z0087,2,180,3768.93310546875,5133.687412636362,unavailable in GeoTIFF; band index reported
scene_01_DT0000205230-Z0087,2,181,3762.885498046875,,unavailable in GeoTIFF; band index reported
scene_01_DT0000205230-Z0087,2,182,3772.5107421875,,unavailable in GeoTIFF; band index reported
scene_01_DT0000205230-Z0087,2,183,3717.8330078125,,unavailable in GeoTIFF; band index reported
scene_01_DT0000205230-Z0087,2,184,3722.541748046875,,unavailable in GeoTIFF; band index reported
scene_01_DT0000205230-Z0087,2,185,3681.794677734375,,unavailable in GeoTIFF; band index reported
scene_01_DT0000205230-Z0087,2,186,3590.00244140625,,unavailable in GeoTIFF; band index reported
scene_01_DT0000205230-Z0087,2,187,3443.176513671875,,unavailable in GeoTIFF; band index reported
scene_01_DT0000205230-Z0087,2,188,3303.85205078125,4977.3868299771475,unavailable in GeoTIFF; band index reported
scene_01_DT0000205230-Z0087,2,189,3240.816162109375,,unavailable in GeoTIFF; band index reported
scene_01_DT0000205230-Z0087,2,190,3234.431884765625,,unavailable in GeoTIFF; band index reported
scene_01_DT0000205230-Z0087,2,191,3236.73974609375,,unavailable in GeoTIFF; band index reported
scene_01_DT0000205230-Z0087,2,192,3167.5751953125,,unavailable in GeoTIFF; band index reported
scene_01_DT0000205230-Z0087,2,193,3058.964111328125,,unavailable in GeoTIFF; band index reported
scene_01_DT0000205230-Z0087,2,194,2939.8974609375,,unavailable in GeoTIFF; band index reported
scene_01_DT0000205230-Z0087,2,195,3147.7900390625,4669.994273505627,unavailable in GeoTIFF; band index reported
scene_01_DT0000205230-Z0087,2,196,3320.582275390625,,unavailable in GeoTIFF; band index reported
scene_01_DT0000205230-Z0087,2,197,3337.38427734375,,unavailable in GeoTIFF; band index reported
scene_01_DT0000205230-Z0087,2,198,3303.926025390625,,unavailable in GeoTIFF; band index reported
scene_01_DT0000205230-Z0087,2,199,3285.926025390625,,unavailable in GeoTIFF; band index reported
scene_01_DT0000205230-Z0087,2,200,3277.5107421875,,unavailable in GeoTIFF; band index reported
scene_01_DT0000205230-Z0087,2,201,3261.608642578125,,unavailable in GeoTIFF; band index reported
scene_01_DT0000205230-Z0087,2,202,3229.205322265625,4693.603468694764,unavailable in GeoTIFF; band index reported
scene_01_DT0000205230-Z0087,2,203,3186.844970703125,,unavailable in GeoTIFF; band index reported
scene_01_DT0000205230-Z0087,2,204,3118.818603515625,,unavailable in GeoTIFF; band index reported
scene_01_DT0000205230-Z0087,2,205,3066.537109375,,unavailable in GeoTIFF; band index reported
scene_01_DT0000205230-Z0087,2,206,3062.53466796875,,unavailable in GeoTIFF; band index reported
scene_01_DT0000205230-Z0087,2,207,2970.677734375,,unavailable in GeoTIFF; band index reported
scene_01_DT0000205230-Z0087,2,208,2967.2099609375,,unavailable in GeoTIFF; band index reported
scene_01_DT0000205230-Z0087,2,209,2958.1025390625,4418.7326716944735,unavailable in GeoTIFF; band index reported
scene_01_DT0000205230-Z0087,2,210,2916.773193359375,,unavailable in GeoTIFF; band index reported
scene_01_DT0000205230-Z0087,2,211,2873.835205078125,,unavailable in GeoTIFF; band index reported
scene_01_DT0000205230-Z0087,2,212,2887.140869140625,,unavailable in GeoTIFF; band index reported
scene_01_DT0000205230-Z0087,2,213,2913.21240234375,,unavailable in GeoTIFF; band index reported
scene_01_DT0000205230-Z0087,2,214,2856.0263671875,,unavailable in GeoTIFF; band index reported
scene_01_DT0000205230-Z0087,2,215,2833.7900390625,,unavailable in GeoTIFF; band index reported
scene_01_DT0000205230-Z0087,2,216,2772.930908203125,4194.452591104376,unavailable in GeoTIFF; band index reported
scene_01_DT0000205230-Z0087,2,217,2793.143310546875,,unavailable in GeoTIFF; band index reported
scene_01_DT0000205230-Z0087,2,218,2808.47021484375,,unavailable in GeoTIFF; band index reported
scene_01_DT0000205230-Z0087,2,219,2767.95703125,,unavailable in GeoTIFF; band index reported
scene_01_DT0000205230-Z0087,2,220,2682.073974609375,,unavailable in GeoTIFF; band index reported
scene_01_DT0000205230-Z0087,2,221,2724.546630859375,,unavailable in GeoTIFF; band index reported
scene_01_DT0000205230-Z0087,2,222,2679.713623046875,,unavailable in GeoTIFF; band index reported
scene_01_DT0000205230-Z0087,2,223,2678.646728515625,,unavailable in GeoTIFF; band index reported
scene_01_DT0000205230-Z0087,2,224,2549.902099609375,3914.243214639081,unavailable in GeoTIFF; band index reported
scene_01_DT0000205230-Z0191,3,1,575.7481079101562,917.0602603405777,unavailable in GeoTIFF; band index reported
scene_01_DT0000205230-Z0191,3,2,588.5037841796875,,unavailable in GeoTIFF; band index reported
scene_01_DT0000205230-Z0191,3,3,620.0451049804688,,unavailable in GeoTIFF; band index reported
scene_01_DT0000205230-Z0191,3,4,653.631591796875,,unavailable in GeoTIFF; band index reported
scene_01_DT0000205230-Z0191,3,5,694.5,,unavailable in GeoTIFF; band index reported
scene_01_DT0000205230-Z0191,3,6,708.3421020507812,,unavailable in GeoTIFF; band index reported
scene_01_DT0000205230-Z0191,3,7,740.206787109375,,unavailable in GeoTIFF; band index reported
scene_01_DT0000205230-Z0191,3,8,762.1917114257812,1232.1687807391233,unavailable in GeoTIFF; band index reported
scene_01_DT0000205230-Z0191,3,9,773.6616821289062,,unavailable in GeoTIFF; band index reported
scene_01_DT0000205230-Z0191,3,10,800.1466064453125,,unavailable in GeoTIFF; band index reported
scene_01_DT0000205230-Z0191,3,11,810.0639038085938,,unavailable in GeoTIFF; band index reported
scene_01_DT0000205230-Z0191,3,12,820.0451049804688,,unavailable in GeoTIFF; band index reported
scene_01_DT0000205230-Z0191,3,13,832.5526123046875,,unavailable in GeoTIFF; band index reported
scene_01_DT0000205230-Z0191,3,14,858.5037841796875,,unavailable in GeoTIFF; band index reported
scene_01_DT0000205230-Z0191,3,15,888.2030029296875,1425.9121730718762,unavailable in GeoTIFF; band index reported
scene_01_DT0000205230-Z0191,3,16,904.0714111328125,,unavailable in GeoTIFF; band index reported
scene_01_DT0000205230-Z0191,3,17,921.8947143554688,,unavailable in GeoTIFF; band index reported
scene_01_DT0000205230-Z0191,3,18,956.4398193359375,,unavailable in GeoTIFF; band index reported
scene_01_DT0000205230-Z0191,3,19,980.6240844726562,,unavailable in GeoTIFF; band index reported
scene_01_DT0000205230-Z0191,3,20,1011.9511108398438,,unavailable in GeoTIFF; band index reported
scene_01_DT0000205230-Z0191,3,21,1054.58642578125,,unavailable in GeoTIFF; band index reported
scene_01_DT0000205230-Z0191,3,22,1081.244384765625,1812.7965806589375,unavailable in GeoTIFF; band index reported
scene_01_DT0000205230-Z0191,3,23,1117.879638671875,,unavailable in GeoTIFF; band index reported
scene_01_DT0000205230-Z0191,3,24,1160.3609619140625,,unavailable in GeoTIFF; band index reported
scene_01_DT0000205230-Z0191,3,25,1200.1842041015625,,unavailable in GeoTIFF; band index reported
scene_01_DT0000205230-Z0191,3,26,1246.680419921875,,unavailable in GeoTIFF; band index reported
scene_01_DT0000205230-Z0191,3,27,1294.6090087890625,,unavailable in GeoTIFF; band index reported
scene_01_DT0000205230-Z0191,3,28,1342.6240234375,,unavailable in GeoTIFF; band index reported
scene_01_DT0000205230-Z0191,3,29,1398.2857666015625,2378.0732384444686,unavailable in GeoTIFF; band index reported
scene_01_DT0000205230-Z0191,3,30,1453.06396484375,,unavailable in GeoTIFF; band index reported
scene_01_DT0000205230-Z0191,3,31,1518.781982421875,,unavailable in GeoTIFF; band index reported
scene_01_DT0000205230-Z0191,3,32,1570.481201171875,,unavailable in GeoTIFF; band index reported
scene_01_DT0000205230-Z0191,3,33,1618.6654052734375,,unavailable in GeoTIFF; band index reported
scene_01_DT0000205230-Z0191,3,34,1679.19921875,,unavailable in GeoTIFF; band index reported
scene_01_DT0000205230-Z0191,3,35,1724.2969970703125,,unavailable in GeoTIFF; band index reported
scene_01_DT0000205230-Z0191,3,36,1771.007568359375,3052.808919434462,unavailable in GeoTIFF; band index reported
scene_01_DT0000205230-Z0191,3,37,1813.857177734375,,unavailable in GeoTIFF; band index reported
scene_01_DT0000205230-Z0191,3,38,1851.954833984375,,unavailable in GeoTIFF; band index reported
scene_01_DT0000205230-Z0191,3,39,1883.451171875,,unavailable in GeoTIFF; band index reported
scene_01_DT0000205230-Z0191,3,40,1907.142822265625,,unavailable in GeoTIFF; band index reported
scene_01_DT0000205230-Z0191,3,41,1943.7593994140625,,unavailable in GeoTIFF; band index reported
scene_01_DT0000205230-Z0191,3,42,1961.605224609375,,unavailable in GeoTIFF; band index reported
scene_01_DT0000205230-Z0191,3,43,1982.131591796875,,unavailable in GeoTIFF; band index reported
scene_01_DT0000205230-Z0191,3,44,2015.1015625,3452.7579941120193,unavailable in GeoTIFF; band index reported
scene_01_DT0000205230-Z0191,3,45,2047.2593994140625,,unavailable in GeoTIFF; band index reported
scene_01_DT0000205230-Z0191,3,46,2066.071533203125,,unavailable in GeoTIFF; band index reported
scene_01_DT0000205230-Z0191,3,47,2091.6767578125,,unavailable in GeoTIFF; band index reported
scene_01_DT0000205230-Z0191,3,48,2117.43994140625,,unavailable in GeoTIFF; band index reported
scene_01_DT0000205230-Z0191,3,49,2135.571533203125,,unavailable in GeoTIFF; band index reported
scene_01_DT0000205230-Z0191,3,50,2153.703125,,unavailable in GeoTIFF; band index reported
scene_01_DT0000205230-Z0191,3,51,2204.1279296875,3726.9295512530684,unavailable in GeoTIFF; band index reported
scene_01_DT0000205230-Z0191,3,52,2218.703125,,unavailable in GeoTIFF; band index reported
scene_01_DT0000205230-Z0191,3,53,2253.315673828125,,unavailable in GeoTIFF; band index reported
scene_01_DT0000205230-Z0191,3,54,2262.545166015625,,unavailable in GeoTIFF; band index reported
scene_01_DT0000205230-Z0191,3,55,2301.545166015625,,unavailable in GeoTIFF; band index reported
scene_01_DT0000205230-Z0191,3,56,2338.09765625,,unavailable in GeoTIFF; band index reported
scene_01_DT0000205230-Z0191,3,57,2379.0751953125,,unavailable in GeoTIFF; band index reported
scene_01_DT0000205230-Z0191,3,58,2390.180419921875,4007.177645123073,unavailable in GeoTIFF; band index reported
scene_01_DT0000205230-Z0191,3,59,2417.308349609375,,unavailable in GeoTIFF; band index reported
scene_01_DT0000205230-Z0191,3,60,2425.11279296875,,unavailable in GeoTIFF; band index reported
scene_01_DT0000205230-Z0191,3,61,2516.804443359375,,unavailable in GeoTIFF; band index reported
scene_01_DT0000205230-Z0191,3,62,2282.08642578125,,unavailable in GeoTIFF; band index reported
scene_01_DT0000205230-Z0191,3,63,2512.40966796875,,unavailable in GeoTIFF; band index reported
scene_01_DT0000205230-Z0191,3,64,2553.59765625,,unavailable in GeoTIFF; band index reported
scene_01_DT0000205230-Z0191,3,65,2580.906005859375,4159.730422748184,unavailable in GeoTIFF; band index reported
scene_01_DT0000205230-Z0191,3,66,2605.932373046875,,unavailable in GeoTIFF; band index reported
scene_01_DT0000205230-Z0191,3,67,2627.33447265625,,unavailable in GeoTIFF; band index reported
scene_01_DT0000205230-Z0191,3,68,2675.184326171875,,unavailable in GeoTIFF; band index reported
scene_01_DT0000205230-Z0191,3,69,2661.270751953125,,unavailable in GeoTIFF; band index reported
scene_01_DT0000205230-Z0191,3,70,2691.46240234375,,unavailable in GeoTIFF; band index reported
scene_01_DT0000205230-Z0191,3,71,2664.83447265625,,unavailable in GeoTIFF; band index reported
scene_01_DT0000205230-Z0191,3,72,2710.83837890625,4216.483716818321,unavailable in GeoTIFF; band index reported
scene_01_DT0000205230-Z0191,3,73,2696.270751953125,,unavailable in GeoTIFF; band index reported
scene_01_DT0000205230-Z0191,3,74,2721.83447265625,,unavailable in GeoTIFF; band index reported
scene_01_DT0000205230-Z0191,3,75,2733.883544921875,,unavailable in GeoTIFF; band index reported
scene_01_DT0000205230-Z0191,3,76,2723.33837890625,,unavailable in GeoTIFF; band index reported
scene_01_DT0000205230-Z0191,3,77,2776.849609375,,unavailable in GeoTIFF; band index reported
scene_01_DT0000205230-Z0191,3,78,2743.43994140625,,unavailable in GeoTIFF; band index reported
scene_01_DT0000205230-Z0191,3,79,2782.842041015625,,unavailable in GeoTIFF; band index reported
scene_01_DT0000205230-Z0191,3,80,2847.958740234375,4232.014678740068,unavailable in GeoTIFF; band index reported
scene_01_DT0000205230-Z0191,3,81,2780.808349609375,,unavailable in GeoTIFF; band index reported
scene_01_DT0000205230-Z0191,3,82,2849.96240234375,,unavailable in GeoTIFF; band index reported
scene_01_DT0000205230-Z0191,3,83,2771.41357421875,,unavailable in GeoTIFF; band index reported
scene_01_DT0000205230-Z0191,3,84,2680.53759765625,,unavailable in GeoTIFF; band index reported
scene_01_DT0000205230-Z0191,3,85,2894.06396484375,,unavailable in GeoTIFF; band index reported
scene_01_DT0000205230-Z0191,3,86,2897.067626953125,,unavailable in GeoTIFF; band index reported
scene_01_DT0000205230-Z0191,3,87,2808.845947265625,4099.515230214146,unavailable in GeoTIFF; band index reported
scene_01_DT0000205230-Z0191,3,88,2955.781982421875,,unavailable in GeoTIFF; band index reported
scene_01_DT0000205230-Z0191,3,89,2974.93994140625,,unavailable in GeoTIFF; band index reported
scene_01_DT0000205230-Z0191,3,90,2985.808349609375,,unavailable in GeoTIFF; band index reported
scene_01_DT0000205230-Z0191,3,91,2935.770751953125,,unavailable in GeoTIFF; band index reported
scene_01_DT0000205230-Z0191,3,92,2867.9248046875,,unavailable in GeoTIFF; band index reported
scene_01_DT0000205230-Z0191,3,93,2838.744384765625,,unavailable in GeoTIFF; band index reported
scene_01_DT0000205230-Z0191,3,94,2931.421142578125,4259.310714130656,unavailable in GeoTIFF; band index reported
scene_01_DT0000205230-Z0191,3,95,2896.105224609375,,unavailable in GeoTIFF; band index reported
scene_01_DT0000205230-Z0191,3,96,2999.996337890625,,unavailable in GeoTIFF; band index reported
scene_01_DT0000205230-Z0191,3,97,2911.093994140625,,unavailable in GeoTIFF; band index reported
scene_01_DT0000205230-Z0191,3,98,3026.90966796875,,unavailable in GeoTIFF; band index reported
scene_01_DT0000205230-Z0191,3,99,2943.13916015625,,unavailable in GeoTIFF; band index reported
scene_01_DT0000205230-Z0191,3,100,3058.030029296875,,unavailable in GeoTIFF; band index reported
scene_01_DT0000205230-Z0191,3,101,2958.0,4276.150670826721,unavailable in GeoTIFF; band index reported
scene_01_DT0000205230-Z0191,3,102,3080.052734375,,unavailable in GeoTIFF; band index reported
scene_01_DT0000205230-Z0191,3,103,3110.71435546875,,unavailable in GeoTIFF; band index reported
scene_01_DT0000205230-Z0191,3,104,3135.09033203125,,unavailable in GeoTIFF; band index reported
scene_01_DT0000205230-Z0191,3,105,3156.706787109375,,unavailable in GeoTIFF; band index reported
scene_01_DT0000205230-Z0191,3,106,3175.390869140625,,unavailable in GeoTIFF; band index reported
scene_01_DT0000205230-Z0191,3,107,3207.605224609375,,unavailable in GeoTIFF; band index reported
scene_01_DT0000205230-Z0191,3,108,3242.620361328125,4540.5920961105885,unavailable in GeoTIFF; band index reported
scene_01_DT0000205230-Z0191,3,109,3267.830810546875,,unavailable in GeoTIFF; band index reported
scene_01_DT0000205230-Z0191,3,110,3310.8232421875,,unavailable in GeoTIFF; band index reported
scene_01_DT0000205230-Z0191,3,111,3345.6767578125,,unavailable in GeoTIFF; band index reported
scene_01_DT0000205230-Z0191,3,112,3322.13916015625,,unavailable in GeoTIFF; band index reported
scene_01_DT0000205230-Z0191,3,113,3479.9775390625,,unavailable in GeoTIFF; band index reported
scene_01_DT0000205230-Z0191,3,114,3491.21044921875,,unavailable in GeoTIFF; band index reported
scene_01_DT0000205230-Z0191,3,115,3401.890869140625,,unavailable in GeoTIFF; band index reported
scene_01_DT0000205230-Z0191,3,116,3452.383544921875,4718.103568199837,unavailable in GeoTIFF; band index reported
scene_01_DT0000205230-Z0191,3,117,3528.992431640625,,unavailable in GeoTIFF; band index reported
scene_01_DT0000205230-Z0191,3,118,3595.458740234375,,unavailable in GeoTIFF; band index reported
scene_01_DT0000205230-Z0191,3,119,3619.90234375,,unavailable in GeoTIFF; band index reported
scene_01_DT0000205230-Z0191,3,120,3628.8720703125,,unavailable in GeoTIFF; band index reported
scene_01_DT0000205230-Z0191,3,121,3657.23681640625,,unavailable in GeoTIFF; band index reported
scene_01_DT0000205230-Z0191,3,122,3671.63916015625,,unavailable in GeoTIFF; band index reported
scene_01_DT0000205230-Z0191,3,123,3699.146728515625,5005.2038251084705,unavailable in GeoTIFF; band index reported
scene_01_DT0000205230-Z0191,3,124,3749.319580078125,,unavailable in GeoTIFF; band index reported
scene_01_DT0000205230-Z0191,3,125,3790.1279296875,,unavailable in GeoTIFF; band index reported
scene_01_DT0000205230-Z0191,3,126,3766.150390625,,unavailable in GeoTIFF; band index reported
scene_01_DT0000205230-Z0191,3,127,3755.296875,,unavailable in GeoTIFF; band index reported
scene_01_DT0000205230-Z0191,3,128,3764.278076171875,,unavailable in GeoTIFF; band index reported
scene_01_DT0000205230-Z0191,3,129,3761.056396484375,,unavailable in GeoTIFF; band index reported
scene_01_DT0000205230-Z0191,3,130,3752.206787109375,5124.159687144271,unavailable in GeoTIFF; band index reported
scene_01_DT0000205230-Z0191,3,131,-32768.0,,unavailable in GeoTIFF; band index reported
scene_01_DT0000205230-Z0191,3,132,-32768.0,,unavailable in GeoTIFF; band index reported
scene_01_DT0000205230-Z0191,3,133,-32768.0,,unavailable in GeoTIFF; band index reported
scene_01_DT0000205230-Z0191,3,134,-32768.0,,unavailable in GeoTIFF; band index reported
scene_01_DT0000205230-Z0191,3,135,-32768.0,,unavailable in GeoTIFF; band index reported
scene_01_DT0000205230-Z0191,3,136,3821.071533203125,,unavailable in GeoTIFF; band index reported
scene_01_DT0000205230-Z0191,3,137,3972.93603515625,5245.826935621986,unavailable in GeoTIFF; band index reported
scene_01_DT0000205230-Z0191,3,138,3870.41357421875,,unavailable in GeoTIFF; band index reported
scene_01_DT0000205230-Z0191,3,139,3854.394775390625,,unavailable in GeoTIFF; band index reported
scene_01_DT0000205230-Z0191,3,140,3922.9248046875,,unavailable in GeoTIFF; band index reported
scene_01_DT0000205230-Z0191,3,141,3982.19921875,,unavailable in GeoTIFF; band index reported
scene_01_DT0000205230-Z0191,3,142,4021.894775390625,,unavailable in GeoTIFF; band index reported
scene_01_DT0000205230-Z0191,3,143,4033.657958984375,,unavailable in GeoTIFF; band index reported
scene_01_DT0000205230-Z0191,3,144,4044.218017578125,5222.882217712209,unavailable in GeoTIFF; band index reported
scene_01_DT0000205230-Z0191,3,145,4068.357177734375,,unavailable in GeoTIFF; band index reported
scene_01_DT0000205230-Z0191,3,146,4079.116455078125,,unavailable in GeoTIFF; band index reported
scene_01_DT0000205230-Z0191,3,147,4084.109130859375,,unavailable in GeoTIFF; band index reported
scene_01_DT0000205230-Z0191,3,148,4090.93603515625,,unavailable in GeoTIFF; band index reported
scene_01_DT0000205230-Z0191,3,149,4111.1015625,,unavailable in GeoTIFF; band index reported
scene_01_DT0000205230-Z0191,3,150,4119.849609375,,unavailable in GeoTIFF; band index reported
scene_01_DT0000205230-Z0191,3,151,4122.68798828125,,unavailable in GeoTIFF; band index reported
scene_01_DT0000205230-Z0191,3,152,4122.244140625,5253.7238336902,unavailable in GeoTIFF; band index reported
scene_01_DT0000205230-Z0191,3,153,4116.646484375,,unavailable in GeoTIFF; band index reported
scene_01_DT0000205230-Z0191,3,154,4139.90966796875,,unavailable in GeoTIFF; band index reported
scene_01_DT0000205230-Z0191,3,155,4135.36083984375,,unavailable in GeoTIFF; band index reported
scene_01_DT0000205230-Z0191,3,156,4145.43212890625,,unavailable in GeoTIFF; band index reported
scene_01_DT0000205230-Z0191,3,157,4144.2705078125,,unavailable in GeoTIFF; band index reported
scene_01_DT0000205230-Z0191,3,158,4150.90625,,unavailable in GeoTIFF; band index reported
scene_01_DT0000205230-Z0191,3,159,4155.5263671875,5264.417496137013,unavailable in GeoTIFF; band index reported
scene_01_DT0000205230-Z0191,3,160,4163.03759765625,,unavailable in GeoTIFF; band index reported
scene_01_DT0000205230-Z0191,3,161,4138.3271484375,,unavailable in GeoTIFF; band index reported
scene_01_DT0000205230-Z0191,3,162,4134.3759765625,,unavailable in GeoTIFF; band index reported
scene_01_DT0000205230-Z0191,3,163,4141.86474609375,,unavailable in GeoTIFF; band index reported
scene_01_DT0000205230-Z0191,3,164,4111.80078125,,unavailable in GeoTIFF; band index reported
scene_01_DT0000205230-Z0191,3,165,4086.691650390625,,unavailable in GeoTIFF; band index reported
scene_01_DT0000205230-Z0191,3,166,3983.721923828125,5057.993610688144,unavailable in GeoTIFF; band index reported
scene_01_DT0000205230-Z0191,3,167,3467.90966796875,,unavailable in GeoTIFF; band index reported
scene_01_DT0000205230-Z0191,3,168,3666.25927734375,,unavailable in GeoTIFF; band index reported
scene_01_DT0000205230-Z0191,3,169,3815.3720703125,,unavailable in GeoTIFF; band index reported
scene_01_DT0000205230-Z0191,3,170,3687.93994140625,,unavailable in GeoTIFF; band index reported
scene_01_DT0000205230-Z0191,3,171,3133.80078125,,unavailable in GeoTIFF; band index reported
scene_01_DT0000205230-Z0191,3,172,3291.59033203125,,unavailable in GeoTIFF; band index reported
scene_01_DT0000205230-Z0191,3,173,3593.21044921875,4797.249264813836,unavailable in GeoTIFF; band index reported
scene_01_DT0000205230-Z0191,3,174,3834.481201171875,,unavailable in GeoTIFF; band index reported
scene_01_DT0000205230-Z0191,3,175,3922.018798828125,,unavailable in GeoTIFF; band index reported
scene_01_DT0000205230-Z0191,3,176,3801.206787109375,,unavailable in GeoTIFF; band index reported
scene_01_DT0000205230-Z0191,3,177,3779.308349609375,,unavailable in GeoTIFF; band index reported
scene_01_DT0000205230-Z0191,3,178,3736.26318359375,,unavailable in GeoTIFF; band index reported
scene_01_DT0000205230-Z0191,3,179,3798.229248046875,,unavailable in GeoTIFF; band index reported
scene_01_DT0000205230-Z0191,3,180,3764.184326171875,5133.687412636362,unavailable in GeoTIFF; band index reported
scene_01_DT0000205230-Z0191,3,181,3758.748046875,,unavailable in GeoTIFF; band index reported
scene_01_DT0000205230-Z0191,3,182,3765.778076171875,,unavailable in GeoTIFF; band index reported
scene_01_DT0000205230-Z0191,3,183,3712.921142578125,,unavailable in GeoTIFF; band index reported
scene_01_DT0000205230-Z0191,3,184,3712.0,,unavailable in GeoTIFF; band index reported
scene_01_DT0000205230-Z0191,3,185,3657.0,,unavailable in GeoTIFF; band index reported
scene_01_DT0000205230-Z0191,3,186,3561.857177734375,,unavailable in GeoTIFF; band index reported
scene_01_DT0000205230-Z0191,3,187,3433.56396484375,,unavailable in GeoTIFF; band index reported
scene_01_DT0000205230-Z0191,3,188,3309.18798828125,4977.3868299771475,unavailable in GeoTIFF; band index reported
scene_01_DT0000205230-Z0191,3,189,3210.26318359375,,unavailable in GeoTIFF; band index reported
scene_01_DT0000205230-Z0191,3,190,3169.0263671875,,unavailable in GeoTIFF; band index reported
scene_01_DT0000205230-Z0191,3,191,3150.620361328125,,unavailable in GeoTIFF; band index reported
scene_01_DT0000205230-Z0191,3,192,3139.157958984375,,unavailable in GeoTIFF; band index reported
scene_01_DT0000205230-Z0191,3,193,3041.48486328125,,unavailable in GeoTIFF; band index reported
scene_01_DT0000205230-Z0191,3,194,2893.819580078125,,unavailable in GeoTIFF; band index reported
scene_01_DT0000205230-Z0191,3,195,3100.266845703125,4669.994273505627,unavailable in GeoTIFF; band index reported
scene_01_DT0000205230-Z0191,3,196,3278.894775390625,,unavailable in GeoTIFF; band index reported
scene_01_DT0000205230-Z0191,3,197,3322.078857421875,,unavailable in GeoTIFF; band index reported
scene_01_DT0000205230-Z0191,3,198,3292.56396484375,,unavailable in GeoTIFF; band index reported
scene_01_DT0000205230-Z0191,3,199,3274.6015625,,unavailable in GeoTIFF; band index reported
scene_01_DT0000205230-Z0191,3,200,3261.1015625,,unavailable in GeoTIFF; band index reported
scene_01_DT0000205230-Z0191,3,201,3237.3720703125,,unavailable in GeoTIFF; band index reported
scene_01_DT0000205230-Z0191,3,202,3216.2255859375,4693.603468694764,unavailable in GeoTIFF; band index reported
scene_01_DT0000205230-Z0191,3,203,3184.184326171875,,unavailable in GeoTIFF; band index reported
scene_01_DT0000205230-Z0191,3,204,3108.417236328125,,unavailable in GeoTIFF; band index reported
scene_01_DT0000205230-Z0191,3,205,3033.109130859375,,unavailable in GeoTIFF; band index reported
scene_01_DT0000205230-Z0191,3,206,3023.868408203125,,unavailable in GeoTIFF; band index reported
scene_01_DT0000205230-Z0191,3,207,2998.533935546875,,unavailable in GeoTIFF; band index reported
scene_01_DT0000205230-Z0191,3,208,2934.383544921875,,unavailable in GeoTIFF; band index reported
scene_01_DT0000205230-Z0191,3,209,2954.18798828125,4418.7326716944735,unavailable in GeoTIFF; band index reported
scene_01_DT0000205230-Z0191,3,210,2928.6015625,,unavailable in GeoTIFF; band index reported
scene_01_DT0000205230-Z0191,3,211,2864.8232421875,,unavailable in GeoTIFF; band index reported
scene_01_DT0000205230-Z0191,3,212,2838.330810546875,,unavailable in GeoTIFF; band index reported
scene_01_DT0000205230-Z0191,3,213,2892.315673828125,,unavailable in GeoTIFF; band index reported
scene_01_DT0000205230-Z0191,3,214,2854.96240234375,,unavailable in GeoTIFF; band index reported
scene_01_DT0000205230-Z0191,3,215,2800.545166015625,,unavailable in GeoTIFF; band index reported
scene_01_DT0000205230-Z0191,3,216,2745.3720703125,4194.452591104376,unavailable in GeoTIFF; band index reported
scene_01_DT0000205230-Z0191,3,217,2765.8232421875,,unavailable in GeoTIFF; band index reported
scene_01_DT0000205230-Z0191,3,218,2795.605224609375,,unavailable in GeoTIFF; band index reported
scene_01_DT0000205230-Z0191,3,219,2756.1279296875,,unavailable in GeoTIFF; band index reported
scene_01_DT0000205230-Z0191,3,220,2694.048828125,,unavailable in GeoTIFF; band index reported
scene_01_DT0000205230-Z0191,3,221,2675.105224609375,,unavailable in GeoTIFF; band index reported
scene_01_DT0000205230-Z0191,3,222,2731.906005859375,,unavailable in GeoTIFF; band index reported
scene_01_DT0000205230-Z0191,3,223,2604.78564453125,,unavailable in GeoTIFF; band index reported
scene_01_DT0000205230-Z0191,3,224,2640.146728515625,3914.243214639081,unavailable in GeoTIFF; band index reported
scene_01_DT0000205230-Z0052,4,1,682.3942260742188,917.0602603405777,unavailable in GeoTIFF; band index reported
scene_01_DT0000205230-Z0052,4,2,695.8846435546875,,unavailable in GeoTIFF; band index reported
scene_01_DT0000205230-Z0052,4,3,724.2115478515625,,unavailable in GeoTIFF; band index reported
scene_01_DT0000205230-Z0052,4,4,750.3076782226562,,unavailable in GeoTIFF; band index reported
scene_01_DT0000205230-Z0052,4,5,790.5576782226562,,unavailable in GeoTIFF; band index reported
scene_01_DT0000205230-Z0052,4,6,811.0961303710938,,unavailable in GeoTIFF; band index reported
scene_01_DT0000205230-Z0052,4,7,846.9038696289062,,unavailable in GeoTIFF; band index reported
scene_01_DT0000205230-Z0052,4,8,868.7788696289062,1232.1687807391233,unavailable in GeoTIFF; band index reported
scene_01_DT0000205230-Z0052,4,9,883.0865478515625,,unavailable in GeoTIFF; band index reported
scene_01_DT0000205230-Z0052,4,10,901.2692260742188,,unavailable in GeoTIFF; band index reported
scene_01_DT0000205230-Z0052,4,11,912.7115478515625,,unavailable in GeoTIFF; band index reported
scene_01_DT0000205230-Z0052,4,12,919.2211303710938,,unavailable in GeoTIFF; band index reported
scene_01_DT0000205230-Z0052,4,13,939.548095703125,,unavailable in GeoTIFF; band index reported
scene_01_DT0000205230-Z0052,4,14,969.9134521484375,,unavailable in GeoTIFF; band index reported
scene_01_DT0000205230-Z0052,4,15,987.8461303710938,1425.9121730718762,unavailable in GeoTIFF; band index reported
scene_01_DT0000205230-Z0052,4,16,1005.375,,unavailable in GeoTIFF; band index reported
scene_01_DT0000205230-Z0052,4,17,1030.22119140625,,unavailable in GeoTIFF; band index reported
scene_01_DT0000205230-Z0052,4,18,1058.3846435546875,,unavailable in GeoTIFF; band index reported
scene_01_DT0000205230-Z0052,4,19,1086.6922607421875,,unavailable in GeoTIFF; band index reported
scene_01_DT0000205230-Z0052,4,20,1125.1827392578125,,unavailable in GeoTIFF; band index reported
scene_01_DT0000205230-Z0052,4,21,1162.7403564453125,,unavailable in GeoTIFF; band index reported
scene_01_DT0000205230-Z0052,4,22,1189.605712890625,1812.7965806589375,unavailable in GeoTIFF; band index reported
scene_01_DT0000205230-Z0052,4,23,1233.0577392578125,,unavailable in GeoTIFF; band index reported
scene_01_DT0000205230-Z0052,4,24,1272.576904296875,,unavailable in GeoTIFF; band index reported
scene_01_DT0000205230-Z0052,4,25,1321.125,,unavailable in GeoTIFF; band index reported
scene_01_DT0000205230-Z0052,4,26,1371.048095703125,,unavailable in GeoTIFF; band index reported
scene_01_DT0000205230-Z0052,4,27,1419.1153564453125,,unavailable in GeoTIFF; band index reported
scene_01_DT0000205230-Z0052,4,28,1463.25,,unavailable in GeoTIFF; band index reported
scene_01_DT0000205230-Z0052,4,29,1522.0577392578125,2378.0732384444686,unavailable in GeoTIFF; band index reported
scene_01_DT0000205230-Z0052,4,30,1576.625,,unavailable in GeoTIFF; band index reported
scene_01_DT0000205230-Z0052,4,31,1641.798095703125,,unavailable in GeoTIFF; band index reported
scene_01_DT0000205230-Z0052,4,32,1697.8365478515625,,unavailable in GeoTIFF; band index reported
scene_01_DT0000205230-Z0052,4,33,1742.65380859375,,unavailable in GeoTIFF; band index reported
scene_01_DT0000205230-Z0052,4,34,1799.451904296875,,unavailable in GeoTIFF; band index reported
scene_01_DT0000205230-Z0052,4,35,1850.519287109375,,unavailable in GeoTIFF; band index reported
scene_01_DT0000205230-Z0052,4,36,1892.5,3052.808919434462,unavailable in GeoTIFF; band index reported
scene_01_DT0000205230-Z0052,4,37,1941.25,,unavailable in GeoTIFF; band index reported
scene_01_DT0000205230-Z0052,4,38,1983.605712890625,,unavailable in GeoTIFF; band index reported
scene_01_DT0000205230-Z0052,4,39,2013.798095703125,,unavailable in GeoTIFF; band index reported
scene_01_DT0000205230-Z0052,4,40,2035.855712890625,,unavailable in GeoTIFF; band index reported
scene_01_DT0000205230-Z0052,4,41,2073.4423828125,,unavailable in GeoTIFF; band index reported
scene_01_DT0000205230-Z0052,4,42,2093.326904296875,,unavailable in GeoTIFF; band index reported
scene_01_DT0000205230-Z0052,4,43,2105.15380859375,,unavailable in GeoTIFF; band index reported
scene_01_DT0000205230-Z0052,4,44,2142.25,3452.7579941120193,unavailable in GeoTIFF; band index reported
scene_01_DT0000205230-Z0052,4,45,2175.490478515625,,unavailable in GeoTIFF; band index reported
scene_01_DT0000205230-Z0052,4,46,2199.25,,unavailable in GeoTIFF; band index reported
scene_01_DT0000205230-Z0052,4,47,2213.78857421875,,unavailable in GeoTIFF; band index reported
scene_01_DT0000205230-Z0052,4,48,2243.58642578125,,unavailable in GeoTIFF; band index reported
scene_01_DT0000205230-Z0052,4,49,2266.480712890625,,unavailable in GeoTIFF; band index reported
scene_01_DT0000205230-Z0052,4,50,2270.384521484375,,unavailable in GeoTIFF; band index reported
scene_01_DT0000205230-Z0052,4,51,2336.5673828125,3726.9295512530684,unavailable in GeoTIFF; band index reported
scene_01_DT0000205230-Z0052,4,52,2338.4423828125,,unavailable in GeoTIFF; band index reported
scene_01_DT0000205230-Z0052,4,53,2372.980712890625,,unavailable in GeoTIFF; band index reported
scene_01_DT0000205230-Z0052,4,54,2387.28857421875,,unavailable in GeoTIFF; band index reported
scene_01_DT0000205230-Z0052,4,55,2418.423095703125,,unavailable in GeoTIFF; band index reported
scene_01_DT0000205230-Z0052,4,56,2481.5576171875,,unavailable in GeoTIFF; band index reported
scene_01_DT0000205230-Z0052,4,57,2511.894287109375,,unavailable in GeoTIFF; band index reported
scene_01_DT0000205230-Z0052,4,58,2520.72119140625,4007.177645123073,unavailable in GeoTIFF; band index reported
scene_01_DT0000205230-Z0052,4,59,2539.0,,unavailable in GeoTIFF; band index reported
scene_01_DT0000205230-Z0052,4,60,2543.15380859375,,unavailable in GeoTIFF; band index reported
scene_01_DT0000205230-Z0052,4,61,2627.65380859375,,unavailable in GeoTIFF; band index reported
scene_01_DT0000205230-Z0052,4,62,2422.355712890625,,unavailable in GeoTIFF; band index reported
scene_01_DT0000205230-Z0052,4,63,2618.08642578125,,unavailable in GeoTIFF; band index reported
scene_01_DT0000205230-Z0052,4,64,2667.16357421875,,unavailable in GeoTIFF; band index reported
scene_01_DT0000205230-Z0052,4,65,2688.769287109375,4159.730422748184,unavailable in GeoTIFF; band index reported
scene_01_DT0000205230-Z0052,4,66,2706.34619140625,,unavailable in GeoTIFF; band index reported
scene_01_DT0000205230-Z0052,4,67,2718.201904296875,,unavailable in GeoTIFF; band index reported
scene_01_DT0000205230-Z0052,4,68,2752.53857421875,,unavailable in GeoTIFF; band index reported
scene_01_DT0000205230-Z0052,4,69,2778.576904296875,,unavailable in GeoTIFF; band index reported
scene_01_DT0000205230-Z0052,4,70,2772.6923828125,,unavailable in GeoTIFF; band index reported
scene_01_DT0000205230-Z0052,4,71,2772.03857421875,,unavailable in GeoTIFF; band index reported
scene_01_DT0000205230-Z0052,4,72,2756.125,4216.483716818321,unavailable in GeoTIFF; band index reported
scene_01_DT0000205230-Z0052,4,73,2788.3076171875,,unavailable in GeoTIFF; band index reported
scene_01_DT0000205230-Z0052,4,74,2751.3173828125,,unavailable in GeoTIFF; band index reported
scene_01_DT0000205230-Z0052,4,75,2775.08642578125,,unavailable in GeoTIFF; band index reported
scene_01_DT0000205230-Z0052,4,76,2793.4326171875,,unavailable in GeoTIFF; band index reported
scene_01_DT0000205230-Z0052,4,77,2782.384521484375,,unavailable in GeoTIFF; band index reported
scene_01_DT0000205230-Z0052,4,78,2826.66357421875,,unavailable in GeoTIFF; band index reported
scene_01_DT0000205230-Z0052,4,79,2846.365478515625,,unavailable in GeoTIFF; band index reported
scene_01_DT0000205230-Z0052,4,80,2865.923095703125,4232.014678740068,unavailable in GeoTIFF; band index reported
scene_01_DT0000205230-Z0052,4,81,2822.9326171875,,unavailable in GeoTIFF; band index reported
scene_01_DT0000205230-Z0052,4,82,2862.019287109375,,unavailable in GeoTIFF; band index reported
scene_01_DT0000205230-Z0052,4,83,2790.490478515625,,unavailable in GeoTIFF; band index reported
scene_01_DT0000205230-Z0052,4,84,2681.53857421875,,unavailable in GeoTIFF; band index reported
scene_01_DT0000205230-Z0052,4,85,2899.9423828125,,unavailable in GeoTIFF; band index reported
scene_01_DT0000205230-Z0052,4,86,2824.41357421875,,unavailable in GeoTIFF; band index reported
scene_01_DT0000205230-Z0052,4,87,2781.173095703125,4099.515230214146,unavailable in GeoTIFF; band index reported
scene_01_DT0000205230-Z0052,4,88,2957.83642578125,,unavailable in GeoTIFF; band index reported
scene_01_DT0000205230-Z0052,4,89,2984.076904296875,,unavailable in GeoTIFF; band index reported
scene_01_DT0000205230-Z0052,4,90,2989.5,,unavailable in GeoTIFF; band index reported
scene_01_DT0000205230-Z0052,4,91,2943.894287109375,,unavailable in GeoTIFF; band index reported
scene_01_DT0000205230-Z0052,4,92,2905.16357421875,,unavailable in GeoTIFF; band index reported
scene_01_DT0000205230-Z0052,4,93,2834.34619140625,,unavailable in GeoTIFF; band index reported
scene_01_DT0000205230-Z0052,4,94,2949.201904296875,4259.310714130656,unavailable in GeoTIFF; band index reported
scene_01_DT0000205230-Z0052,4,95,2911.798095703125,,unavailable in GeoTIFF; band index reported
scene_01_DT0000205230-Z0052,4,96,2989.91357421875,,unavailable in GeoTIFF; band index reported
scene_01_DT0000205230-Z0052,4,97,2942.644287109375,,unavailable in GeoTIFF; band index reported
scene_01_DT0000205230-Z0052,4,98,3013.451904296875,,unavailable in GeoTIFF; band index reported
scene_01_DT0000205230-Z0052,4,99,2960.759521484375,,unavailable in GeoTIFF; band index reported
scene_01_DT0000205230-Z0052,4,100,3029.875,,unavailable in GeoTIFF; band index reported
scene_01_DT0000205230-Z0052,4,101,2953.326904296875,4276.150670826721,unavailable in GeoTIFF; band index reported
scene_01_DT0000205230-Z0052,4,102,3046.375,,unavailable in GeoTIFF; band index reported
scene_01_DT0000205230-Z0052,4,103,3075.269287109375,,unavailable in GeoTIFF; band index reported
scene_01_DT0000205230-Z0052,4,104,3093.5,,unavailable in GeoTIFF; band index reported
scene_01_DT0000205230-Z0052,4,105,3109.923095703125,,unavailable in GeoTIFF; band index reported
scene_01_DT0000205230-Z0052,4,106,3124.509521484375,,unavailable in GeoTIFF; band index reported
scene_01_DT0000205230-Z0052,4,107,3151.40380859375,,unavailable in GeoTIFF; band index reported
scene_01_DT0000205230-Z0052,4,108,3183.4423828125,4540.5920961105885,unavailable in GeoTIFF; band index reported
scene_01_DT0000205230-Z0052,4,109,3202.46142578125,,unavailable in GeoTIFF; band index reported
scene_01_DT0000205230-Z0052,4,110,3238.27880859375,,unavailable in GeoTIFF; band index reported
scene_01_DT0000205230-Z0052,4,111,3262.65380859375,,unavailable in GeoTIFF; band index reported
scene_01_DT0000205230-Z0052,4,112,3204.65380859375,,unavailable in GeoTIFF; band index reported
scene_01_DT0000205230-Z0052,4,113,3424.240478515625,,unavailable in GeoTIFF; band index reported
scene_01_DT0000205230-Z0052,4,114,3412.019287109375,,unavailable in GeoTIFF; band index reported
scene_01_DT0000205230-Z0052,4,115,3378.769287109375,,unavailable in GeoTIFF; band index reported
scene_01_DT0000205230-Z0052,4,116,3406.423095703125,4718.103568199837,unavailable in GeoTIFF; band index reported
scene_01_DT0000205230-Z0052,4,117,3454.9423828125,,unavailable in GeoTIFF; band index reported
scene_01_DT0000205230-Z0052,4,118,3521.1826171875,,unavailable in GeoTIFF; band index reported
scene_01_DT0000205230-Z0052,4,119,3538.423095703125,,unavailable in GeoTIFF; band index reported
scene_01_DT0000205230-Z0052,4,120,3559.375,,unavailable in GeoTIFF; band index reported
scene_01_DT0000205230-Z0052,4,121,3584.798095703125,,unavailable in GeoTIFF; band index reported
scene_01_DT0000205230-Z0052,4,122,3602.71142578125,,unavailable in GeoTIFF; band index reported
scene_01_DT0000205230-Z0052,4,123,3629.365478515625,5005.2038251084705,unavailable in GeoTIFF; band index reported
scene_01_DT0000205230-Z0052,4,124,3663.1826171875,,unavailable in GeoTIFF; band index reported
scene_01_DT0000205230-Z0052,4,125,3737.548095703125,,unavailable in GeoTIFF; band index reported
scene_01_DT0000205230-Z0052,4,126,3707.259521484375,,unavailable in GeoTIFF; band index reported
scene_01_DT0000205230-Z0052,4,127,3689.259521484375,,unavailable in GeoTIFF; band index reported
scene_01_DT0000205230-Z0052,4,128,3698.875,,unavailable in GeoTIFF; band index reported
scene_01_DT0000205230-Z0052,4,129,3690.384521484375,,unavailable in GeoTIFF; band index reported
scene_01_DT0000205230-Z0052,4,130,3667.076904296875,5124.159687144271,unavailable in GeoTIFF; band index reported
scene_01_DT0000205230-Z0052,4,131,-32768.0,,unavailable in GeoTIFF; band index reported
scene_01_DT0000205230-Z0052,4,132,-32768.0,,unavailable in GeoTIFF; band index reported
scene_01_DT0000205230-Z0052,4,133,-32768.0,,unavailable in GeoTIFF; band index reported
scene_01_DT0000205230-Z0052,4,134,-32768.0,,unavailable in GeoTIFF; band index reported
scene_01_DT0000205230-Z0052,4,135,-32768.0,,unavailable in GeoTIFF; band index reported
scene_01_DT0000205230-Z0052,4,136,3890.298095703125,,unavailable in GeoTIFF; band index reported
scene_01_DT0000205230-Z0052,4,137,3876.115478515625,5245.826935621986,unavailable in GeoTIFF; band index reported
scene_01_DT0000205230-Z0052,4,138,3863.28857421875,,unavailable in GeoTIFF; band index reported
scene_01_DT0000205230-Z0052,4,139,3865.53857421875,,unavailable in GeoTIFF; band index reported
scene_01_DT0000205230-Z0052,4,140,3905.769287109375,,unavailable in GeoTIFF; band index reported
scene_01_DT0000205230-Z0052,4,141,3942.173095703125,,unavailable in GeoTIFF; band index reported
scene_01_DT0000205230-Z0052,4,142,3965.53857421875,,unavailable in GeoTIFF; band index reported
scene_01_DT0000205230-Z0052,4,143,3965.509521484375,,unavailable in GeoTIFF; band index reported
scene_01_DT0000205230-Z0052,4,144,3970.605712890625,5222.882217712209,unavailable in GeoTIFF; band index reported
scene_01_DT0000205230-Z0052,4,145,3988.02880859375,,unavailable in GeoTIFF; band index reported
scene_01_DT0000205230-Z0052,4,146,3986.02880859375,,unavailable in GeoTIFF; band index reported
scene_01_DT0000205230-Z0052,4,147,4008.02880859375,,unavailable in GeoTIFF; band index reported
scene_01_DT0000205230-Z0052,4,148,4007.58642578125,,unavailable in GeoTIFF; band index reported
scene_01_DT0000205230-Z0052,4,149,3999.076904296875,,unavailable in GeoTIFF; band index reported
scene_01_DT0000205230-Z0052,4,150,4024.326904296875,,unavailable in GeoTIFF; band index reported
scene_01_DT0000205230-Z0052,4,151,4021.855712890625,,unavailable in GeoTIFF; band index reported
scene_01_DT0000205230-Z0052,4,152,4008.59619140625,5253.7238336902,unavailable in GeoTIFF; band index reported
scene_01_DT0000205230-Z0052,4,153,4004.33642578125,,unavailable in GeoTIFF; band index reported
scene_01_DT0000205230-Z0052,4,154,4023.605712890625,,unavailable in GeoTIFF; band index reported
scene_01_DT0000205230-Z0052,4,155,4011.798095703125,,unavailable in GeoTIFF; band index reported
scene_01_DT0000205230-Z0052,4,156,4020.134521484375,,unavailable in GeoTIFF; band index reported
scene_01_DT0000205230-Z0052,4,157,4024.77880859375,,unavailable in GeoTIFF; band index reported
scene_01_DT0000205230-Z0052,4,158,4027.115478515625,,unavailable in GeoTIFF; band index reported
scene_01_DT0000205230-Z0052,4,159,4028.230712890625,5264.417496137013,unavailable in GeoTIFF; band index reported
scene_01_DT0000205230-Z0052,4,160,4029.019287109375,,unavailable in GeoTIFF; band index reported
scene_01_DT0000205230-Z0052,4,161,4016.16357421875,,unavailable in GeoTIFF; band index reported
scene_01_DT0000205230-Z0052,4,162,4003.6826171875,,unavailable in GeoTIFF; band index reported
scene_01_DT0000205230-Z0052,4,163,4016.8173828125,,unavailable in GeoTIFF; band index reported
scene_01_DT0000205230-Z0052,4,164,3983.25,,unavailable in GeoTIFF; band index reported
scene_01_DT0000205230-Z0052,4,165,3937.3076171875,,unavailable in GeoTIFF; band index reported
scene_01_DT0000205230-Z0052,4,166,3839.509521484375,5057.993610688144,unavailable in GeoTIFF; band index reported
scene_01_DT0000205230-Z0052,4,167,3529.25,,unavailable in GeoTIFF; band index reported
scene_01_DT0000205230-Z0052,4,168,3644.90380859375,,unavailable in GeoTIFF; band index reported
scene_01_DT0000205230-Z0052,4,169,3735.4423828125,,unavailable in GeoTIFF; band index reported
scene_01_DT0000205230-Z0052,4,170,3433.15380859375,,unavailable in GeoTIFF; band index reported
scene_01_DT0000205230-Z0052,4,171,3090.1826171875,,unavailable in GeoTIFF; band index reported
scene_01_DT0000205230-Z0052,4,172,3300.40380859375,,unavailable in GeoTIFF; band index reported
scene_01_DT0000205230-Z0052,4,173,3657.923095703125,4797.249264813836,unavailable in GeoTIFF; band index reported
scene_01_DT0000205230-Z0052,4,174,3767.8076171875,,unavailable in GeoTIFF; band index reported
scene_01_DT0000205230-Z0052,4,175,3810.701904296875,,unavailable in GeoTIFF; band index reported
scene_01_DT0000205230-Z0052,4,176,3640.576904296875,,unavailable in GeoTIFF; band index reported
scene_01_DT0000205230-Z0052,4,177,3723.009521484375,,unavailable in GeoTIFF; band index reported
scene_01_DT0000205230-Z0052,4,178,3687.894287109375,,unavailable in GeoTIFF; band index reported
scene_01_DT0000205230-Z0052,4,179,3747.875,,unavailable in GeoTIFF; band index reported
scene_01_DT0000205230-Z0052,4,180,3685.77880859375,5133.687412636362,unavailable in GeoTIFF; band index reported
scene_01_DT0000205230-Z0052,4,181,3683.019287109375,,unavailable in GeoTIFF; band index reported
scene_01_DT0000205230-Z0052,4,182,3684.634521484375,,unavailable in GeoTIFF; band index reported
scene_01_DT0000205230-Z0052,4,183,3614.47119140625,,unavailable in GeoTIFF; band index reported
scene_01_DT0000205230-Z0052,4,184,3616.201904296875,,unavailable in GeoTIFF; band index reported
scene_01_DT0000205230-Z0052,4,185,3560.980712890625,,unavailable in GeoTIFF; band index reported
scene_01_DT0000205230-Z0052,4,186,3462.9326171875,,unavailable in GeoTIFF; band index reported
scene_01_DT0000205230-Z0052,4,187,3304.1826171875,,unavailable in GeoTIFF; band index reported
scene_01_DT0000205230-Z0052,4,188,3165.84619140625,4977.3868299771475,unavailable in GeoTIFF; band index reported
scene_01_DT0000205230-Z0052,4,189,3089.47119140625,,unavailable in GeoTIFF; band index reported
scene_01_DT0000205230-Z0052,4,190,3087.875,,unavailable in GeoTIFF; band index reported
scene_01_DT0000205230-Z0052,4,191,3080.72119140625,,unavailable in GeoTIFF; band index reported
scene_01_DT0000205230-Z0052,4,192,3023.46142578125,,unavailable in GeoTIFF; band index reported
scene_01_DT0000205230-Z0052,4,193,2912.15380859375,,unavailable in GeoTIFF; band index reported
scene_01_DT0000205230-Z0052,4,194,2781.798095703125,,unavailable in GeoTIFF; band index reported
scene_01_DT0000205230-Z0052,4,195,3006.03857421875,4669.994273505627,unavailable in GeoTIFF; band index reported
scene_01_DT0000205230-Z0052,4,196,3194.47119140625,,unavailable in GeoTIFF; band index reported
scene_01_DT0000205230-Z0052,4,197,3214.5,,unavailable in GeoTIFF; band index reported
scene_01_DT0000205230-Z0052,4,198,3185.6826171875,,unavailable in GeoTIFF; band index reported
scene_01_DT0000205230-Z0052,4,199,3168.6923828125,,unavailable in GeoTIFF; band index reported
scene_01_DT0000205230-Z0052,4,200,3154.509521484375,,unavailable in GeoTIFF; band index reported
scene_01_DT0000205230-Z0052,4,201,3133.53857421875,,unavailable in GeoTIFF; band index reported
scene_01_DT0000205230-Z0052,4,202,3104.6826171875,4693.603468694764,unavailable in GeoTIFF; band index reported
scene_01_DT0000205230-Z0052,4,203,3057.0576171875,,unavailable in GeoTIFF; band index reported
scene_01_DT0000205230-Z0052,4,204,2977.125,,unavailable in GeoTIFF; band index reported
scene_01_DT0000205230-Z0052,4,205,2938.27880859375,,unavailable in GeoTIFF; band index reported
scene_01_DT0000205230-Z0052,4,206,2930.759521484375,,unavailable in GeoTIFF; band index reported
scene_01_DT0000205230-Z0052,4,207,2836.826904296875,,unavailable in GeoTIFF; band index reported
scene_01_DT0000205230-Z0052,4,208,2850.865478515625,,unavailable in GeoTIFF; band index reported
scene_01_DT0000205230-Z0052,4,209,2832.980712890625,4418.7326716944735,unavailable in GeoTIFF; band index reported
scene_01_DT0000205230-Z0052,4,210,2792.394287109375,,unavailable in GeoTIFF; band index reported
scene_01_DT0000205230-Z0052,4,211,2743.22119140625,,unavailable in GeoTIFF; band index reported
scene_01_DT0000205230-Z0052,4,212,2757.5576171875,,unavailable in GeoTIFF; band index reported
scene_01_DT0000205230-Z0052,4,213,2783.355712890625,,unavailable in GeoTIFF; band index reported
scene_01_DT0000205230-Z0052,4,214,2723.0576171875,,unavailable in GeoTIFF; band index reported
scene_01_DT0000205230-Z0052,4,215,2706.5673828125,,unavailable in GeoTIFF; band index reported
scene_01_DT0000205230-Z0052,4,216,2644.46142578125,4194.452591104376,unavailable in GeoTIFF; band index reported
scene_01_DT0000205230-Z0052,4,217,2669.3173828125,,unavailable in GeoTIFF; band index reported
scene_01_DT0000205230-Z0052,4,218,2672.759521484375,,unavailable in GeoTIFF; band index reported
scene_01_DT0000205230-Z0052,4,219,2645.201904296875,,unavailable in GeoTIFF; band index reported
scene_01_DT0000205230-Z0052,4,220,2566.09619140625,,unavailable in GeoTIFF; band index reported
scene_01_DT0000205230-Z0052,4,221,2615.5576171875,,unavailable in GeoTIFF; band index reported
scene_01_DT0000205230-Z0052,4,222,2543.673095703125,,unavailable in GeoTIFF; band index reported
scene_01_DT0000205230-Z0052,4,223,2565.75,,unavailable in GeoTIFF; band index reported
scene_01_DT0000205230-Z0052,4,224,2408.855712890625,3914.243214639081,unavailable in GeoTIFF; band index reported
scene_01_DT0000205230-Z0181,5,1,604.2345581054688,917.0602603405777,unavailable in GeoTIFF; band index reported
scene_01_DT0000205230-Z0181,5,2,619.9400024414062,,unavailable in GeoTIFF; band index reported
scene_01_DT0000205230-Z0181,5,3,650.3545532226562,,unavailable in GeoTIFF; band index reported
scene_01_DT0000205230-Z0181,5,4,691.5781860351562,,unavailable in GeoTIFF; band index reported
scene_01_DT0000205230-Z0181,5,5,724.8508911132812,,unavailable in GeoTIFF; band index reported
scene_01_DT0000205230-Z0181,5,6,737.6563720703125,,unavailable in GeoTIFF; band index reported
scene_01_DT0000205230-Z0181,5,7,770.1818237304688,,unavailable in GeoTIFF; band index reported
scene_01_DT0000205230-Z0181,5,8,793.15087890625,1232.1687807391233,unavailable in GeoTIFF; band index reported
scene_01_DT0000205230-Z0181,5,9,807.7218017578125,,unavailable in GeoTIFF; band index reported
scene_01_DT0000205230-Z0181,5,10,831.4872436523438,,unavailable in GeoTIFF; band index reported
scene_01_DT0000205230-Z0181,5,11,842.9054565429688,,unavailable in GeoTIFF; band index reported
scene_01_DT0000205230-Z0181,5,12,850.2872924804688,,unavailable in GeoTIFF; band index reported
scene_01_DT0000205230-Z0181,5,13,862.7636108398438,,unavailable in GeoTIFF; band index reported
scene_01_DT0000205230-Z0181,5,14,890.3927001953125,,unavailable in GeoTIFF; band index reported
scene_01_DT0000205230-Z0181,5,15,920.30908203125,1425.9121730718762,unavailable in GeoTIFF; band index reported
scene_01_DT0000205230-Z0181,5,16,934.8181762695312,,unavailable in GeoTIFF; band index reported
scene_01_DT0000205230-Z0181,5,17,950.016357421875,,unavailable in GeoTIFF; band index reported
scene_01_DT0000205230-Z0181,5,18,986.4654541015625,,unavailable in GeoTIFF; band index reported
scene_01_DT0000205230-Z0181,5,19,1012.1890869140625,,unavailable in GeoTIFF; band index reported
scene_01_DT0000205230-Z0181,5,20,1045.219970703125,,unavailable in GeoTIFF; band index reported
scene_01_DT0000205230-Z0181,5,21,1085.6636962890625,,unavailable in GeoTIFF; band index reported
scene_01_DT0000205230-Z0181,5,22,1118.236328125,1812.7965806589375,unavailable in GeoTIFF; band index reported
scene_01_DT0000205230-Z0181,5,23,1154.2218017578125,,unavailable in GeoTIFF; band index reported
scene_01_DT0000205230-Z0181,5,24,1197.3472900390625,,unavailable in GeoTIFF; band index reported
scene_01_DT0000205230-Z0181,5,25,1240.4617919921875,,unavailable in GeoTIFF; band index reported
scene_01_DT0000205230-Z0181,5,26,1288.687255859375,,unavailable in GeoTIFF; band index reported
scene_01_DT0000205230-Z0181,5,27,1338.0909423828125,,unavailable in GeoTIFF; band index reported
scene_01_DT0000205230-Z0181,5,28,1381.0435791015625,,unavailable in GeoTIFF; band index reported
scene_01_DT0000205230-Z0181,5,29,1437.490966796875,2378.0732384444686,unavailable in GeoTIFF; band index reported
scene_01_DT0000205230-Z0181,5,30,1493.6326904296875,,unavailable in GeoTIFF; band index reported
scene_01_DT0000205230-Z0181,5,31,1554.0745849609375,,unavailable in GeoTIFF; band index reported
scene_01_DT0000205230-Z0181,5,32,1608.121826171875,,unavailable in GeoTIFF; band index reported
scene_01_DT0000205230-Z0181,5,33,1658.4490966796875,,unavailable in GeoTIFF; band index reported
scene_01_DT0000205230-Z0181,5,34,1715.4290771484375,,unavailable in GeoTIFF; band index reported
scene_01_DT0000205230-Z0181,5,35,1765.338134765625,,unavailable in GeoTIFF; band index reported
scene_01_DT0000205230-Z0181,5,36,1806.3927001953125,3052.808919434462,unavailable in GeoTIFF; band index reported
scene_01_DT0000205230-Z0181,5,37,1851.6326904296875,,unavailable in GeoTIFF; band index reported
scene_01_DT0000205230-Z0181,5,38,1888.5018310546875,,unavailable in GeoTIFF; band index reported
scene_01_DT0000205230-Z0181,5,39,1922.707275390625,,unavailable in GeoTIFF; band index reported
scene_01_DT0000205230-Z0181,5,40,1948.1964111328125,,unavailable in GeoTIFF; band index reported
scene_01_DT0000205230-Z0181,5,41,1980.6072998046875,,unavailable in GeoTIFF; band index reported
scene_01_DT0000205230-Z0181,5,42,2005.423583984375,,unavailable in GeoTIFF; band index reported
scene_01_DT0000205230-Z0181,5,43,2021.24365234375,,unavailable in GeoTIFF; band index reported
scene_01_DT0000205230-Z0181,5,44,2056.556396484375,3452.7579941120193,unavailable in GeoTIFF; band index reported
scene_01_DT0000205230-Z0181,5,45,2092.549072265625,,unavailable in GeoTIFF; band index reported
scene_01_DT0000205230-Z0181,5,46,2110.438232421875,,unavailable in GeoTIFF; band index reported
scene_01_DT0000205230-Z0181,5,47,2136.089111328125,,unavailable in GeoTIFF; band index reported
scene_01_DT0000205230-Z0181,5,48,2156.725341796875,,unavailable in GeoTIFF; band index reported
scene_01_DT0000205230-Z0181,5,49,2180.5673828125,,unavailable in GeoTIFF; band index reported
scene_01_DT0000205230-Z0181,5,50,2195.121826171875,,unavailable in GeoTIFF; band index reported
scene_01_DT0000205230-Z0181,5,51,2243.300048828125,3726.9295512530684,unavailable in GeoTIFF; band index reported
scene_01_DT0000205230-Z0181,5,52,2262.154541015625,,unavailable in GeoTIFF; band index reported
scene_01_DT0000205230-Z0181,5,53,2297.541748046875,,unavailable in GeoTIFF; band index reported
scene_01_DT0000205230-Z0181,5,54,2305.858154296875,,unavailable in GeoTIFF; band index reported
scene_01_DT0000205230-Z0181,5,55,2340.185546875,,unavailable in GeoTIFF; band index reported
scene_01_DT0000205230-Z0181,5,56,2382.02734375,,unavailable in GeoTIFF; band index reported
scene_01_DT0000205230-Z0181,5,57,2428.029052734375,,unavailable in GeoTIFF; band index reported
scene_01_DT0000205230-Z0181,5,58,2435.5654296875,4007.177645123073,unavailable in GeoTIFF; band index reported
scene_01_DT0000205230-Z0181,5,59,2460.016357421875,,unavailable in GeoTIFF; band index reported
scene_01_DT0000205230-Z0181,5,60,2464.3017578125,,unavailable in GeoTIFF; band index reported
scene_01_DT0000205230-Z0181,5,61,2553.930908203125,,unavailable in GeoTIFF; band index reported
scene_01_DT0000205230-Z0181,5,62,2317.52734375,,unavailable in GeoTIFF; band index reported
scene_01_DT0000205230-Z0181,5,63,2550.79638671875,,unavailable in GeoTIFF; band index reported
scene_01_DT0000205230-Z0181,5,64,2593.8798828125,,unavailable in GeoTIFF; band index reported
scene_01_DT0000205230-Z0181,5,65,2617.23095703125,4159.730422748184,unavailable in GeoTIFF; band index reported
scene_01_DT0000205230-Z0181,5,66,2640.65625,,unavailable in GeoTIFF; band index reported
scene_01_DT0000205230-Z0181,5,67,2659.54736328125,,unavailable in GeoTIFF; band index reported
scene_01_DT0000205230-Z0181,5,68,2707.139892578125,,unavailable in GeoTIFF; band index reported
scene_01_DT0000205230-Z0181,5,69,2706.672607421875,,unavailable in GeoTIFF; band index reported
scene_01_DT0000205230-Z0181,5,70,2736.669189453125,,unavailable in GeoTIFF; band index reported
scene_01_DT0000205230-Z0181,5,71,2697.65283203125,,unavailable in GeoTIFF; band index reported
scene_01_DT0000205230-Z0181,5,72,2751.7890625,4216.483716818321,unavailable in GeoTIFF; band index reported
scene_01_DT0000205230-Z0181,5,73,2722.06005859375,,unavailable in GeoTIFF; band index reported
scene_01_DT0000205230-Z0181,5,74,2744.50732421875,,unavailable in GeoTIFF; band index reported
scene_01_DT0000205230-Z0181,5,75,2747.116455078125,,unavailable in GeoTIFF; band index reported
scene_01_DT0000205230-Z0181,5,76,2747.212646484375,,unavailable in GeoTIFF; band index reported
scene_01_DT0000205230-Z0181,5,77,2798.208984375,,unavailable in GeoTIFF; band index reported
scene_01_DT0000205230-Z0181,5,78,2765.765380859375,,unavailable in GeoTIFF; band index reported
scene_01_DT0000205230-Z0181,5,79,2804.174560546875,,unavailable in GeoTIFF; band index reported
scene_01_DT0000205230-Z0181,5,80,2869.16552734375,4232.014678740068,unavailable in GeoTIFF; band index reported
scene_01_DT0000205230-Z0181,5,81,2804.405517578125,,unavailable in GeoTIFF; band index reported
scene_01_DT0000205230-Z0181,5,82,2871.692626953125,,unavailable in GeoTIFF; band index reported
scene_01_DT0000205230-Z0181,5,83,2792.89990234375,,unavailable in GeoTIFF; band index reported
scene_01_DT0000205230-Z0181,5,84,2696.2490234375,,unavailable in GeoTIFF; band index reported
scene_01_DT0000205230-Z0181,5,85,2916.16357421875,,unavailable in GeoTIFF; band index reported
scene_01_DT0000205230-Z0181,5,86,2927.18359375,,unavailable in GeoTIFF; band index reported
scene_01_DT0000205230-Z0181,5,87,2824.34912109375,4099.515230214146,unavailable in GeoTIFF; band index reported
scene_01_DT0000205230-Z0181,5,88,2975.310791015625,,unavailable in GeoTIFF; band index reported
scene_01_DT0000205230-Z0181,5,89,3004.607177734375,,unavailable in GeoTIFF; band index reported
scene_01_DT0000205230-Z0181,5,90,3006.405517578125,,unavailable in GeoTIFF; band index reported
scene_01_DT0000205230-Z0181,5,91,2958.765380859375,,unavailable in GeoTIFF; band index reported
scene_01_DT0000205230-Z0181,5,92,2887.958251953125,,unavailable in GeoTIFF; band index reported
scene_01_DT0000205230-Z0181,5,93,2854.430908203125,,unavailable in GeoTIFF; band index reported
scene_01_DT0000205230-Z0181,5,94,2951.023681640625,4259.310714130656,unavailable in GeoTIFF; band index reported
scene_01_DT0000205230-Z0181,5,95,2918.534423828125,,unavailable in GeoTIFF; band index reported
scene_01_DT0000205230-Z0181,5,96,3017.510986328125,,unavailable in GeoTIFF; band index reported
scene_01_DT0000205230-Z0181,5,97,2940.708984375,,unavailable in GeoTIFF; band index reported
scene_01_DT0000205230-Z0181,5,98,3042.974609375,,unavailable in GeoTIFF; band index reported
scene_01_DT0000205230-Z0181,5,99,2971.945556640625,,unavailable in GeoTIFF; band index reported
scene_01_DT0000205230-Z0181,5,100,3071.403564453125,,unavailable in GeoTIFF; band index reported
scene_01_DT0000205230-Z0181,5,101,2981.3798828125,4276.150670826721,unavailable in GeoTIFF; band index reported
scene_01_DT0000205230-Z0181,5,102,3093.41455078125,,unavailable in GeoTIFF; band index reported
scene_01_DT0000205230-Z0181,5,103,3122.910888671875,,unavailable in GeoTIFF; band index reported
scene_01_DT0000205230-Z0181,5,104,3145.25634765625,,unavailable in GeoTIFF; band index reported
scene_01_DT0000205230-Z0181,5,105,3166.291015625,,unavailable in GeoTIFF; band index reported
scene_01_DT0000205230-Z0181,5,106,3184.845458984375,,unavailable in GeoTIFF; band index reported
scene_01_DT0000205230-Z0181,5,107,3215.865478515625,,unavailable in GeoTIFF; band index reported
scene_01_DT0000205230-Z0181,5,108,3249.9853515625,4540.5920961105885,unavailable in GeoTIFF; band index reported
scene_01_DT0000205230-Z0181,5,109,3273.840087890625,,unavailable in GeoTIFF; band index reported
scene_01_DT0000205230-Z0181,5,110,3318.370849609375,,unavailable in GeoTIFF; band index reported
scene_01_DT0000205230-Z0181,5,111,3352.26171875,,unavailable in GeoTIFF; band index reported
scene_01_DT0000205230-Z0181,5,112,3324.890869140625,,unavailable in GeoTIFF; band index reported
scene_01_DT0000205230-Z0181,5,113,3497.221923828125,,unavailable in GeoTIFF; band index reported
scene_01_DT0000205230-Z0181,5,114,3499.3671875,,unavailable in GeoTIFF; band index reported
scene_01_DT0000205230-Z0181,5,115,3400.172607421875,,unavailable in GeoTIFF; band index reported
scene_01_DT0000205230-Z0181,5,116,3446.7763671875,4718.103568199837,unavailable in GeoTIFF; band index reported
scene_01_DT0000205230-Z0181,5,117,3526.7763671875,,unavailable in GeoTIFF; band index reported
scene_01_DT0000205230-Z0181,5,118,3593.298095703125,,unavailable in GeoTIFF; band index reported
scene_01_DT0000205230-Z0181,5,119,3616.1181640625,,unavailable in GeoTIFF; band index reported
scene_01_DT0000205230-Z0181,5,120,3621.490966796875,,unavailable in GeoTIFF; band index reported
scene_01_DT0000205230-Z0181,5,121,3649.647216796875,,unavailable in GeoTIFF; band index reported
scene_01_DT0000205230-Z0181,5,122,3665.503662109375,,unavailable in GeoTIFF; band index reported
scene_01_DT0000205230-Z0181,5,123,3688.5673828125,5005.2038251084705,unavailable in GeoTIFF; band index reported
scene_01_DT0000205230-Z0181,5,124,3736.4619140625,,unavailable in GeoTIFF; band index reported
scene_01_DT0000205230-Z0181,5,125,3773.998291015625,,unavailable in GeoTIFF; band index reported
scene_01_DT0000205230-Z0181,5,126,3754.0,,unavailable in GeoTIFF; band index reported
scene_01_DT0000205230-Z0181,5,127,3746.921875,,unavailable in GeoTIFF; band index reported
scene_01_DT0000205230-Z0181,5,128,3757.57080078125,,unavailable in GeoTIFF; band index reported
scene_01_DT0000205230-Z0181,5,129,3754.074462890625,,unavailable in GeoTIFF; band index reported
scene_01_DT0000205230-Z0181,5,130,3755.11083984375,5124.159687144271,unavailable in GeoTIFF; band index reported
scene_01_DT0000205230-Z0181,5,131,-32768.0,,unavailable in GeoTIFF; band index reported
scene_01_DT0000205230-Z0181,5,132,-32768.0,,unavailable in GeoTIFF; band index reported
scene_01_DT0000205230-Z0181,5,133,-32768.0,,unavailable in GeoTIFF; band index reported
scene_01_DT0000205230-Z0181,5,134,-32768.0,,unavailable in GeoTIFF; band index reported
scene_01_DT0000205230-Z0181,5,135,-32768.0,,unavailable in GeoTIFF; band index reported
scene_01_DT0000205230-Z0181,5,136,3809.83447265625,,unavailable in GeoTIFF; band index reported
scene_01_DT0000205230-Z0181,5,137,3962.563720703125,5245.826935621986,unavailable in GeoTIFF; band index reported
scene_01_DT0000205230-Z0181,5,138,3858.51806640625,,unavailable in GeoTIFF; band index reported
scene_01_DT0000205230-Z0181,5,139,3841.11279296875,,unavailable in GeoTIFF; band index reported
scene_01_DT0000205230-Z0181,5,140,3899.672607421875,,unavailable in GeoTIFF; band index reported
scene_01_DT0000205230-Z0181,5,141,3963.990966796875,,unavailable in GeoTIFF; band index reported
scene_01_DT0000205230-Z0181,5,142,4001.340087890625,,unavailable in GeoTIFF; band index reported
scene_01_DT0000205230-Z0181,5,143,4014.232666015625,,unavailable in GeoTIFF; band index reported
scene_01_DT0000205230-Z0181,5,144,4025.574462890625,5222.882217712209,unavailable in GeoTIFF; band index reported
scene_01_DT0000205230-Z0181,5,145,4048.0908203125,,unavailable in GeoTIFF; band index reported
scene_01_DT0000205230-Z0181,5,146,4060.3798828125,,unavailable in GeoTIFF; band index reported
scene_01_DT0000205230-Z0181,5,147,4066.765380859375,,unavailable in GeoTIFF; band index reported
scene_01_DT0000205230-Z0181,5,148,4075.910888671875,,unavailable in GeoTIFF; band index reported
scene_01_DT0000205230-Z0181,5,149,4093.345458984375,,unavailable in GeoTIFF; band index reported
scene_01_DT0000205230-Z0181,5,150,4105.5908203125,,unavailable in GeoTIFF; band index reported
scene_01_DT0000205230-Z0181,5,151,4103.07080078125,,unavailable in GeoTIFF; band index reported
scene_01_DT0000205230-Z0181,5,152,4105.97802734375,5253.7238336902,unavailable in GeoTIFF; band index reported
scene_01_DT0000205230-Z0181,5,153,4102.61474609375,,unavailable in GeoTIFF; band index reported
scene_01_DT0000205230-Z0181,5,154,4117.66748046875,,unavailable in GeoTIFF; band index reported
scene_01_DT0000205230-Z0181,5,155,4119.0400390625,,unavailable in GeoTIFF; band index reported
scene_01_DT0000205230-Z0181,5,156,4132.0361328125,,unavailable in GeoTIFF; band index reported
scene_01_DT0000205230-Z0181,5,157,4135.43798828125,,unavailable in GeoTIFF; band index reported
scene_01_DT0000205230-Z0181,5,158,4143.37109375,,unavailable in GeoTIFF; band index reported
scene_01_DT0000205230-Z0181,5,159,4140.212890625,5264.417496137013,unavailable in GeoTIFF; band index reported
scene_01_DT0000205230-Z0181,5,160,4160.52197265625,,unavailable in GeoTIFF; band index reported
scene_01_DT0000205230-Z0181,5,161,4137.8564453125,,unavailable in GeoTIFF; band index reported
scene_01_DT0000205230-Z0181,5,162,4136.5107421875,,unavailable in GeoTIFF; band index reported
scene_01_DT0000205230-Z0181,5,163,4139.65625,,unavailable in GeoTIFF; band index reported
scene_01_DT0000205230-Z0181,5,164,4114.10009765625,,unavailable in GeoTIFF; band index reported
scene_01_DT0000205230-Z0181,5,165,4075.634521484375,,unavailable in GeoTIFF; band index reported
scene_01_DT0000205230-Z0181,5,166,3984.721923828125,5057.993610688144,unavailable in GeoTIFF; band index reported
scene_01_DT0000205230-Z0181,5,167,3464.827392578125,,unavailable in GeoTIFF; band index reported
scene_01_DT0000205230-Z0181,5,168,3678.752685546875,,unavailable in GeoTIFF; band index reported
scene_01_DT0000205230-Z0181,5,169,3833.5146484375,,unavailable in GeoTIFF; band index reported
scene_01_DT0000205230-Z0181,5,170,3703.36181640625,,unavailable in GeoTIFF; band index reported
scene_01_DT0000205230-Z0181,5,171,3147.65087890625,,unavailable in GeoTIFF; band index reported
scene_01_DT0000205230-Z0181,5,172,3302.403564453125,,unavailable in GeoTIFF; band index reported
scene_01_DT0000205230-Z0181,5,173,3598.07275390625,4797.249264813836,unavailable in GeoTIFF; band index reported
scene_01_DT0000205230-Z0181,5,174,3842.003662109375,,unavailable in GeoTIFF; band index reported
scene_01_DT0000205230-Z0181,5,175,3940.436279296875,,unavailable in GeoTIFF; band index reported
scene_01_DT0000205230-Z0181,5,176,3824.04736328125,,unavailable in GeoTIFF; band index reported
scene_01_DT0000205230-Z0181,5,177,3803.5673828125,,unavailable in GeoTIFF; band index reported
scene_01_DT0000205230-Z0181,5,178,3765.8037109375,,unavailable in GeoTIFF; band index reported
scene_01_DT0000205230-Z0181,5,179,3830.101806640625,,unavailable in GeoTIFF; band index reported
scene_01_DT0000205230-Z0181,5,180,3800.016357421875,5133.687412636362,unavailable in GeoTIFF; band index reported
scene_01_DT0000205230-Z0181,5,181,3784.739990234375,,unavailable in GeoTIFF; band index reported
scene_01_DT0000205230-Z0181,5,182,3793.990966796875,,unavailable in GeoTIFF; band index reported
scene_01_DT0000205230-Z0181,5,183,3746.551025390625,,unavailable in GeoTIFF; band index reported
scene_01_DT0000205230-Z0181,5,184,3730.883544921875,,unavailable in GeoTIFF; band index reported
scene_01_DT0000205230-Z0181,5,185,3682.419921875,,unavailable in GeoTIFF; band index reported
scene_01_DT0000205230-Z0181,5,186,3603.936279296875,,unavailable in GeoTIFF; band index reported
scene_01_DT0000205230-Z0181,5,187,3461.252685546875,,unavailable in GeoTIFF; band index reported
scene_01_DT0000205230-Z0181,5,188,3327.554443359375,4977.3868299771475,unavailable in GeoTIFF; band index reported
scene_01_DT0000205230-Z0181,5,189,3229.320068359375,,unavailable in GeoTIFF; band index reported
scene_01_DT0000205230-Z0181,5,190,3196.641845703125,,unavailable in GeoTIFF; band index reported
scene_01_DT0000205230-Z0181,5,191,3187.121826171875,,unavailable in GeoTIFF; band index reported
scene_01_DT0000205230-Z0181,5,192,3159.509033203125,,unavailable in GeoTIFF; band index reported
scene_01_DT0000205230-Z0181,5,193,3058.28173828125,,unavailable in GeoTIFF; band index reported
scene_01_DT0000205230-Z0181,5,194,2909.169189453125,,unavailable in GeoTIFF; band index reported
scene_01_DT0000205230-Z0181,5,195,3119.37646484375,4669.994273505627,unavailable in GeoTIFF; band index reported
scene_01_DT0000205230-Z0181,5,196,3306.48193359375,,unavailable in GeoTIFF; band index reported
scene_01_DT0000205230-Z0181,5,197,3348.412841796875,,unavailable in GeoTIFF; band index reported
scene_01_DT0000205230-Z0181,5,198,3323.43994140625,,unavailable in GeoTIFF; band index reported
scene_01_DT0000205230-Z0181,5,199,3308.685546875,,unavailable in GeoTIFF; band index reported
scene_01_DT0000205230-Z0181,5,200,3294.260009765625,,unavailable in GeoTIFF; band index reported
scene_01_DT0000205230-Z0181,5,201,3269.130859375,,unavailable in GeoTIFF; band index reported
scene_01_DT0000205230-Z0181,5,202,3250.2890625,4693.603468694764,unavailable in GeoTIFF; band index reported
scene_01_DT0000205230-Z0181,5,203,3217.890869140625,,unavailable in GeoTIFF; band index reported
scene_01_DT0000205230-Z0181,5,204,3149.2109375,,unavailable in GeoTIFF; band index reported
scene_01_DT0000205230-Z0181,5,205,3070.421875,,unavailable in GeoTIFF; band index reported
scene_01_DT0000205230-Z0181,5,206,3054.09814453125,,unavailable in GeoTIFF; band index reported
scene_01_DT0000205230-Z0181,5,207,3035.858154296875,,unavailable in GeoTIFF; band index reported
scene_01_DT0000205230-Z0181,5,208,2972.174560546875,,unavailable in GeoTIFF; band index reported
scene_01_DT0000205230-Z0181,5,209,2988.8544921875,4418.7326716944735,unavailable in GeoTIFF; band index reported
scene_01_DT0000205230-Z0181,5,210,2959.9853515625,,unavailable in GeoTIFF; band index reported
scene_01_DT0000205230-Z0181,5,211,2901.97265625,,unavailable in GeoTIFF; band index reported
scene_01_DT0000205230-Z0181,5,212,2870.858154296875,,unavailable in GeoTIFF; band index reported
scene_01_DT0000205230-Z0181,5,213,2927.883544921875,,unavailable in GeoTIFF; band index reported
scene_01_DT0000205230-Z0181,5,214,2892.412841796875,,unavailable in GeoTIFF; band index reported
scene_01_DT0000205230-Z0181,5,215,2834.561767578125,,unavailable in GeoTIFF; band index reported
scene_01_DT0000205230-Z0181,5,216,2777.458251953125,4194.452591104376,unavailable in GeoTIFF; band index reported
scene_01_DT0000205230-Z0181,5,217,2799.75634765625,,unavailable in GeoTIFF; band index reported
scene_01_DT0000205230-Z0181,5,218,2834.419921875,,unavailable in GeoTIFF; band index reported
scene_01_DT0000205230-Z0181,5,219,2790.68359375,,unavailable in GeoTIFF; band index reported
scene_01_DT0000205230-Z0181,5,220,2728.820068359375,,unavailable in GeoTIFF; band index reported
scene_01_DT0000205230-Z0181,5,221,2710.52001953125,,unavailable in GeoTIFF; band index reported
scene_01_DT0000205230-Z0181,5,222,2771.974609375,,unavailable in GeoTIFF; band index reported
scene_01_DT0000205230-Z0181,5,223,2642.17626953125,,unavailable in GeoTIFF; band index reported
scene_01_DT0000205230-Z0181,5,224,2668.7236328125,3914.243214639081,unavailable in GeoTIFF; band index reported
scene_01_DT0000205230-Z0159,6,1,867.629638671875,917.0602603405777,unavailable in GeoTIFF; band index reported
scene_01_DT0000205230-Z0159,6,2,871.4815063476562,,unavailable in GeoTIFF; band index reported
scene_01_DT0000205230-Z0159,6,3,931.8518676757812,,unavailable in GeoTIFF; band index reported
scene_01_DT0000205230-Z0159,6,4,978.4074096679688,,unavailable in GeoTIFF; band index reported
scene_01_DT0000205230-Z0159,6,5,1017.0,,unavailable in GeoTIFF; band index reported
scene_01_DT0000205230-Z0159,6,6,1048.370361328125,,unavailable in GeoTIFF; band index reported
scene_01_DT0000205230-Z0159,6,7,1073.629638671875,,unavailable in GeoTIFF; band index reported
scene_01_DT0000205230-Z0159,6,8,1101.1851806640625,1232.1687807391233,unavailable in GeoTIFF; band index reported
scene_01_DT0000205230-Z0159,6,9,1111.888916015625,,unavailable in GeoTIFF; band index reported
scene_01_DT0000205230-Z0159,6,10,1140.22216796875,,unavailable in GeoTIFF; band index reported
scene_01_DT0000205230-Z0159,6,11,1157.0,,unavailable in GeoTIFF; band index reported
scene_01_DT0000205230-Z0159,6,12,1168.4073486328125,,unavailable in GeoTIFF; band index reported
scene_01_DT0000205230-Z0159,6,13,1191.74072265625,,unavailable in GeoTIFF; band index reported
scene_01_DT0000205230-Z0159,6,14,1214.5185546875,,unavailable in GeoTIFF; band index reported
scene_01_DT0000205230-Z0159,6,15,1256.111083984375,1425.9121730718762,unavailable in GeoTIFF; band index reported
scene_01_DT0000205230-Z0159,6,16,1282.3333740234375,,unavailable in GeoTIFF; band index reported
scene_01_DT0000205230-Z0159,6,17,1313.2962646484375,,unavailable in GeoTIFF; band index reported
scene_01_DT0000205230-Z0159,6,18,1347.9630126953125,,unavailable in GeoTIFF; band index reported
scene_01_DT0000205230-Z0159,6,19,1393.77783203125,,unavailable in GeoTIFF; band index reported
scene_01_DT0000205230-Z0159,6,20,1429.74072265625,,unavailable in GeoTIFF; band index reported
scene_01_DT0000205230-Z0159,6,21,1474.4073486328125,,unavailable in GeoTIFF; band index reported
scene_01_DT0000205230-Z0159,6,22,1519.0740966796875,1812.7965806589375,unavailable in GeoTIFF; band index reported
scene_01_DT0000205230-Z0159,6,23,1547.8148193359375,,unavailable in GeoTIFF; band index reported
scene_01_DT0000205230-Z0159,6,24,1593.629638671875,,unavailable in GeoTIFF; band index reported
scene_01_DT0000205230-Z0159,6,25,1642.0740966796875,,unavailable in GeoTIFF; band index reported
scene_01_DT0000205230-Z0159,6,26,1702.7037353515625,,unavailable in GeoTIFF; band index reported
scene_01_DT0000205230-Z0159,6,27,1752.25927734375,,unavailable in GeoTIFF; band index reported
scene_01_DT0000205230-Z0159,6,28,1804.1851806640625,,unavailable in GeoTIFF; band index reported
scene_01_DT0000205230-Z0159,6,29,1861.4814453125,2378.0732384444686,unavailable in GeoTIFF; band index reported
scene_01_DT0000205230-Z0159,6,30,1934.148193359375,,unavailable in GeoTIFF; band index reported
scene_01_DT0000205230-Z0159,6,31,1995.0,,unavailable in GeoTIFF; band index reported
scene_01_DT0000205230-Z0159,6,32,2058.888916015625,,unavailable in GeoTIFF; band index reported
scene_01_DT0000205230-Z0159,6,33,2109.5185546875,,unavailable in GeoTIFF; band index reported
scene_01_DT0000205230-Z0159,6,34,2177.77783203125,,unavailable in GeoTIFF; band index reported
scene_01_DT0000205230-Z0159,6,35,2234.666748046875,,unavailable in GeoTIFF; band index reported
scene_01_DT0000205230-Z0159,6,36,2293.333251953125,3052.808919434462,unavailable in GeoTIFF; band index reported
scene_01_DT0000205230-Z0159,6,37,2340.148193359375,,unavailable in GeoTIFF; band index reported
scene_01_DT0000205230-Z0159,6,38,2377.592529296875,,unavailable in GeoTIFF; band index reported
scene_01_DT0000205230-Z0159,6,39,2411.407470703125,,unavailable in GeoTIFF; band index reported
scene_01_DT0000205230-Z0159,6,40,2444.592529296875,,unavailable in GeoTIFF; band index reported
scene_01_DT0000205230-Z0159,6,41,2485.592529296875,,unavailable in GeoTIFF; band index reported
scene_01_DT0000205230-Z0159,6,42,2511.073974609375,,unavailable in GeoTIFF; band index reported
scene_01_DT0000205230-Z0159,6,43,2531.5185546875,,unavailable in GeoTIFF; band index reported
scene_01_DT0000205230-Z0159,6,44,2570.407470703125,3452.7579941120193,unavailable in GeoTIFF; band index reported
scene_01_DT0000205230-Z0159,6,45,2610.25927734375,,unavailable in GeoTIFF; band index reported
scene_01_DT0000205230-Z0159,6,46,2632.592529296875,,unavailable in GeoTIFF; band index reported
scene_01_DT0000205230-Z0159,6,47,2661.77783203125,,unavailable in GeoTIFF; band index reported
scene_01_DT0000205230-Z0159,6,48,2679.407470703125,,unavailable in GeoTIFF; band index reported
scene_01_DT0000205230-Z0159,6,49,2700.962890625,,unavailable in GeoTIFF; band index reported
scene_01_DT0000205230-Z0159,6,50,2704.851806640625,,unavailable in GeoTIFF; band index reported
scene_01_DT0000205230-Z0159,6,51,2756.4814453125,3726.9295512530684,unavailable in GeoTIFF; band index reported
scene_01_DT0000205230-Z0159,6,52,2799.29638671875,,unavailable in GeoTIFF; band index reported
scene_01_DT0000205230-Z0159,6,53,2820.74072265625,,unavailable in GeoTIFF; band index reported
scene_01_DT0000205230-Z0159,6,54,2819.4443359375,,unavailable in GeoTIFF; band index reported
scene_01_DT0000205230-Z0159,6,55,2831.70361328125,,unavailable in GeoTIFF; band index reported
scene_01_DT0000205230-Z0159,6,56,2899.5556640625,,unavailable in GeoTIFF; band index reported
scene_01_DT0000205230-Z0159,6,57,2965.888916015625,,unavailable in GeoTIFF; band index reported
scene_01_DT0000205230-Z0159,6,58,2962.888916015625,4007.177645123073,unavailable in GeoTIFF; band index reported
scene_01_DT0000205230-Z0159,6,59,2964.888916015625,,unavailable in GeoTIFF; band index reported
scene_01_DT0000205230-Z0159,6,60,2939.666748046875,,unavailable in GeoTIFF; band index reported
scene_01_DT0000205230-Z0159,6,61,2978.926025390625,,unavailable in GeoTIFF; band index reported
scene_01_DT0000205230-Z0159,6,62,2888.037109375,,unavailable in GeoTIFF; band index reported
scene_01_DT0000205230-Z0159,6,63,3095.22216796875,,unavailable in GeoTIFF; band index reported
scene_01_DT0000205230-Z0159,6,64,3089.037109375,,unavailable in GeoTIFF; band index reported
scene_01_DT0000205230-Z0159,6,65,3108.5185546875,4159.730422748184,unavailable in GeoTIFF; band index reported
scene_01_DT0000205230-Z0159,6,66,3134.22216796875,,unavailable in GeoTIFF; band index reported
scene_01_DT0000205230-Z0159,6,67,3161.370361328125,,unavailable in GeoTIFF; band index reported
scene_01_DT0000205230-Z0159,6,68,3182.926025390625,,unavailable in GeoTIFF; band index reported
scene_01_DT0000205230-Z0159,6,69,3220.5185546875,,unavailable in GeoTIFF; band index reported
scene_01_DT0000205230-Z0159,6,70,3269.70361328125,,unavailable in GeoTIFF; band index reported
scene_01_DT0000205230-Z0159,6,71,3226.111083984375,,unavailable in GeoTIFF; band index reported
scene_01_DT0000205230-Z0159,6,72,3241.629638671875,4216.483716818321,unavailable in GeoTIFF; band index reported
scene_01_DT0000205230-Z0159,6,73,3255.5556640625,,unavailable in GeoTIFF; band index reported
scene_01_DT0000205230-Z0159,6,74,3265.333251953125,,unavailable in GeoTIFF; band index reported
scene_01_DT0000205230-Z0159,6,75,3313.5185546875,,unavailable in GeoTIFF; band index reported
scene_01_DT0000205230-Z0159,6,76,3258.629638671875,,unavailable in GeoTIFF; band index reported
scene_01_DT0000205230-Z0159,6,77,3325.74072265625,,unavailable in GeoTIFF; band index reported
scene_01_DT0000205230-Z0159,6,78,3284.370361328125,,unavailable in GeoTIFF; band index reported
scene_01_DT0000205230-Z0159,6,79,3259.185302734375,,unavailable in GeoTIFF; band index reported
scene_01_DT0000205230-Z0159,6,80,3347.629638671875,4232.014678740068,unavailable in GeoTIFF; band index reported
scene_01_DT0000205230-Z0159,6,81,3309.4443359375,,unavailable in GeoTIFF; band index reported
scene_01_DT0000205230-Z0159,6,82,3341.22216796875,,unavailable in GeoTIFF; band index reported
scene_01_DT0000205230-Z0159,6,83,3273.111083984375,,unavailable in GeoTIFF; band index reported
scene_01_DT0000205230-Z0159,6,84,3186.4814453125,,unavailable in GeoTIFF; band index reported
scene_01_DT0000205230-Z0159,6,85,3383.407470703125,,unavailable in GeoTIFF; band index reported
scene_01_DT0000205230-Z0159,6,86,3262.888916015625,,unavailable in GeoTIFF; band index reported
scene_01_DT0000205230-Z0159,6,87,3291.111083984375,4099.515230214146,unavailable in GeoTIFF; band index reported
scene_01_DT0000205230-Z0159,6,88,3481.888916015625,,unavailable in GeoTIFF; band index reported
scene_01_DT0000205230-Z0159,6,89,3437.29638671875,,unavailable in GeoTIFF; band index reported
scene_01_DT0000205230-Z0159,6,90,3510.926025390625,,unavailable in GeoTIFF; band index reported
scene_01_DT0000205230-Z0159,6,91,3377.666748046875,,unavailable in GeoTIFF; band index reported
scene_01_DT0000205230-Z0159,6,92,3424.851806640625,,unavailable in GeoTIFF; band index reported
scene_01_DT0000205230-Z0159,6,93,3330.666748046875,,unavailable in GeoTIFF; band index reported
scene_01_DT0000205230-Z0159,6,94,3356.22216796875,4259.310714130656,unavailable in GeoTIFF; band index reported
scene_01_DT0000205230-Z0159,6,95,3374.814697265625,,unavailable in GeoTIFF; band index reported
scene_01_DT0000205230-Z0159,6,96,3454.77783203125,,unavailable in GeoTIFF; band index reported
scene_01_DT0000205230-Z0159,6,97,3412.629638671875,,unavailable in GeoTIFF; band index reported
scene_01_DT0000205230-Z0159,6,98,3468.962890625,,unavailable in GeoTIFF; band index reported
scene_01_DT0000205230-Z0159,6,99,3424.592529296875,,unavailable in GeoTIFF; band index reported
scene_01_DT0000205230-Z0159,6,100,3499.370361328125,,unavailable in GeoTIFF; band index reported
scene_01_DT0000205230-Z0159,6,101,3440.073974609375,4276.150670826721,unavailable in GeoTIFF; band index reported
scene_01_DT0000205230-Z0159,6,102,3513.77783203125,,unavailable in GeoTIFF; band index reported
scene_01_DT0000205230-Z0159,6,103,3530.888916015625,,unavailable in GeoTIFF; band index reported
scene_01_DT0000205230-Z0159,6,104,3545.148193359375,,unavailable in GeoTIFF; band index reported
scene_01_DT0000205230-Z0159,6,105,3556.888916015625,,unavailable in GeoTIFF; band index reported
scene_01_DT0000205230-Z0159,6,106,3565.0,,unavailable in GeoTIFF; band index reported
scene_01_DT0000205230-Z0159,6,107,3585.29638671875,,unavailable in GeoTIFF; band index reported
scene_01_DT0000205230-Z0159,6,108,3604.370361328125,4540.5920961105885,unavailable in GeoTIFF; band index reported
scene_01_DT0000205230-Z0159,6,109,3616.185302734375,,unavailable in GeoTIFF; band index reported
scene_01_DT0000205230-Z0159,6,110,3649.77783203125,,unavailable in GeoTIFF; band index reported
scene_01_DT0000205230-Z0159,6,111,3666.407470703125,,unavailable in GeoTIFF; band index reported
scene_01_DT0000205230-Z0159,6,112,3603.370361328125,,unavailable in GeoTIFF; band index reported
scene_01_DT0000205230-Z0159,6,113,3731.629638671875,,unavailable in GeoTIFF; band index reported
scene_01_DT0000205230-Z0159,6,114,3736.22216796875,,unavailable in GeoTIFF; band index reported
scene_01_DT0000205230-Z0159,6,115,3601.25927734375,,unavailable in GeoTIFF; band index reported
scene_01_DT0000205230-Z0159,6,116,3656.74072265625,4718.103568199837,unavailable in GeoTIFF; band index reported
scene_01_DT0000205230-Z0159,6,117,3747.629638671875,,unavailable in GeoTIFF; band index reported
scene_01_DT0000205230-Z0159,6,118,3802.926025390625,,unavailable in GeoTIFF; band index reported
scene_01_DT0000205230-Z0159,6,119,3823.0,,unavailable in GeoTIFF; band index reported
scene_01_DT0000205230-Z0159,6,120,3810.962890625,,unavailable in GeoTIFF; band index reported
scene_01_DT0000205230-Z0159,6,121,3838.629638671875,,unavailable in GeoTIFF; band index reported
scene_01_DT0000205230-Z0159,6,122,3854.185302734375,,unavailable in GeoTIFF; band index reported
scene_01_DT0000205230-Z0159,6,123,3875.407470703125,5005.2038251084705,unavailable in GeoTIFF; band index reported
scene_01_DT0000205230-Z0159,6,124,3899.407470703125,,unavailable in GeoTIFF; band index reported
scene_01_DT0000205230-Z0159,6,125,3933.592529296875,,unavailable in GeoTIFF; band index reported
scene_01_DT0000205230-Z0159,6,126,3914.148193359375,,unavailable in GeoTIFF; band index reported
scene_01_DT0000205230-Z0159,6,127,3915.814697265625,,unavailable in GeoTIFF; band index reported
scene_01_DT0000205230-Z0159,6,128,3932.22216796875,,unavailable in GeoTIFF; band index reported
scene_01_DT0000205230-Z0159,6,129,3939.333251953125,,unavailable in GeoTIFF; band index reported
scene_01_DT0000205230-Z0159,6,130,3932.962890625,5124.159687144271,unavailable in GeoTIFF; band index reported
scene_01_DT0000205230-Z0159,6,131,-32768.0,,unavailable in GeoTIFF; band index reported
scene_01_DT0000205230-Z0159,6,132,-32768.0,,unavailable in GeoTIFF; band index reported
scene_01_DT0000205230-Z0159,6,133,-32768.0,,unavailable in GeoTIFF; band index reported
scene_01_DT0000205230-Z0159,6,134,-32768.0,,unavailable in GeoTIFF; band index reported
scene_01_DT0000205230-Z0159,6,135,-32768.0,,unavailable in GeoTIFF; band index reported
scene_01_DT0000205230-Z0159,6,136,3849.370361328125,,unavailable in GeoTIFF; band index reported
scene_01_DT0000205230-Z0159,6,137,4025.592529296875,5245.826935621986,unavailable in GeoTIFF; band index reported
scene_01_DT0000205230-Z0159,6,138,3906.29638671875,,unavailable in GeoTIFF; band index reported
scene_01_DT0000205230-Z0159,6,139,3895.22216796875,,unavailable in GeoTIFF; band index reported
scene_01_DT0000205230-Z0159,6,140,3965.74072265625,,unavailable in GeoTIFF; band index reported
scene_01_DT0000205230-Z0159,6,141,4024.29638671875,,unavailable in GeoTIFF; band index reported
scene_01_DT0000205230-Z0159,6,142,4063.74072265625,,unavailable in GeoTIFF; band index reported
scene_01_DT0000205230-Z0159,6,143,4066.111083984375,,unavailable in GeoTIFF; band index reported
scene_01_DT0000205230-Z0159,6,144,4078.962890625,5222.882217712209,unavailable in GeoTIFF; band index reported
scene_01_DT0000205230-Z0159,6,145,4091.333251953125,,unavailable in GeoTIFF; band index reported
scene_01_DT0000205230-Z0159,6,146,4091.111083984375,,unavailable in GeoTIFF; band index reported
scene_01_DT0000205230-Z0159,6,147,4100.962890625,,unavailable in GeoTIFF; band index reported
scene_01_DT0000205230-Z0159,6,148,4106.888671875,,unavailable in GeoTIFF; band index reported
scene_01_DT0000205230-Z0159,6,149,4106.85205078125,,unavailable in GeoTIFF; band index reported
scene_01_DT0000205230-Z0159,6,150,4121.14794921875,,unavailable in GeoTIFF; band index reported
scene_01_DT0000205230-Z0159,6,151,4122.18505859375,,unavailable in GeoTIFF; band index reported
scene_01_DT0000205230-Z0159,6,152,4122.66650390625,5253.7238336902,unavailable in GeoTIFF; band index reported
scene_01_DT0000205230-Z0159,6,153,4116.66650390625,,unavailable in GeoTIFF; band index reported
scene_01_DT0000205230-Z0159,6,154,4139.4443359375,,unavailable in GeoTIFF; band index reported
scene_01_DT0000205230-Z0159,6,155,4134.29638671875,,unavailable in GeoTIFF; band index reported
scene_01_DT0000205230-Z0159,6,156,4139.14794921875,,unavailable in GeoTIFF; band index reported
scene_01_DT0000205230-Z0159,6,157,4143.29638671875,,unavailable in GeoTIFF; band index reported
scene_01_DT0000205230-Z0159,6,158,4144.5927734375,,unavailable in GeoTIFF; band index reported
scene_01_DT0000205230-Z0159,6,159,4145.111328125,5264.417496137013,unavailable in GeoTIFF; band index reported
scene_01_DT0000205230-Z0159,6,160,4153.14794921875,,unavailable in GeoTIFF; band index reported
scene_01_DT0000205230-Z0159,6,161,4132.66650390625,,unavailable in GeoTIFF; band index reported
scene_01_DT0000205230-Z0159,6,162,4143.5927734375,,unavailable in GeoTIFF; band index reported
scene_01_DT0000205230-Z0159,6,163,4148.4072265625,,unavailable in GeoTIFF; band index reported
scene_01_DT0000205230-Z0159,6,164,4111.70361328125,,unavailable in GeoTIFF; band index reported
scene_01_DT0000205230-Z0159,6,165,4072.5185546875,,unavailable in GeoTIFF; band index reported
scene_01_DT0000205230-Z0159,6,166,3969.962890625,5057.993610688144,unavailable in GeoTIFF; band index reported
scene_01_DT0000205230-Z0159,6,167,3744.148193359375,,unavailable in GeoTIFF; band index reported
scene_01_DT0000205230-Z0159,6,168,3922.5556640625,,unavailable in GeoTIFF; band index reported
scene_01_DT0000205230-Z0159,6,169,4044.888916015625,,unavailable in GeoTIFF; band index reported
scene_01_DT0000205230-Z0159,6,170,3728.888916015625,,unavailable in GeoTIFF; band index reported
scene_01_DT0000205230-Z0159,6,171,3316.5185546875,,unavailable in GeoTIFF; band index reported
scene_01_DT0000205230-Z0159,6,172,3534.4814453125,,unavailable in GeoTIFF; band index reported
scene_01_DT0000205230-Z0159,6,173,3922.111083984375,4797.249264813836,unavailable in GeoTIFF; band index reported
scene_01_DT0000205230-Z0159,6,174,4101.07421875,,unavailable in GeoTIFF; band index reported
scene_01_DT0000205230-Z0159,6,175,4166.74072265625,,unavailable in GeoTIFF; band index reported
scene_01_DT0000205230-Z0159,6,176,4003.25927734375,,unavailable in GeoTIFF; band index reported
scene_01_DT0000205230-Z0159,6,177,4088.111083984375,,unavailable in GeoTIFF; band index reported
scene_01_DT0000205230-Z0159,6,178,4089.592529296875,,unavailable in GeoTIFF; band index reported
scene_01_DT0000205230-Z0159,6,179,4197.111328125,,unavailable in GeoTIFF; band index reported
scene_01_DT0000205230-Z0159,6,180,4172.4443359375,5133.687412636362,unavailable in GeoTIFF; band index reported
scene_01_DT0000205230-Z0159,6,181,4182.74072265625,,unavailable in GeoTIFF; band index reported
scene_01_DT0000205230-Z0159,6,182,4213.037109375,,unavailable in GeoTIFF; band index reported
scene_01_DT0000205230-Z0159,6,183,4202.111328125,,unavailable in GeoTIFF; band index reported
scene_01_DT0000205230-Z0159,6,184,4188.85205078125,,unavailable in GeoTIFF; band index reported
scene_01_DT0000205230-Z0159,6,185,4191.22216796875,,unavailable in GeoTIFF; band index reported
scene_01_DT0000205230-Z0159,6,186,4168.33349609375,,unavailable in GeoTIFF; band index reported
scene_01_DT0000205230-Z0159,6,187,4122.0,,unavailable in GeoTIFF; band index reported
scene_01_DT0000205230-Z0159,6,188,4066.370361328125,4977.3868299771475,unavailable in GeoTIFF; band index reported
scene_01_DT0000205230-Z0159,6,189,4033.037109375,,unavailable in GeoTIFF; band index reported
scene_01_DT0000205230-Z0159,6,190,4002.666748046875,,unavailable in GeoTIFF; band index reported
scene_01_DT0000205230-Z0159,6,191,3954.851806640625,,unavailable in GeoTIFF; band index reported
scene_01_DT0000205230-Z0159,6,192,3920.666748046875,,unavailable in GeoTIFF; band index reported
scene_01_DT0000205230-Z0159,6,193,3816.5185546875,,unavailable in GeoTIFF; band index reported
scene_01_DT0000205230-Z0159,6,194,3797.926025390625,,unavailable in GeoTIFF; band index reported
scene_01_DT0000205230-Z0159,6,195,3869.333251953125,4669.994273505627,unavailable in GeoTIFF; band index reported
scene_01_DT0000205230-Z0159,6,196,3924.4443359375,,unavailable in GeoTIFF; band index reported
scene_01_DT0000205230-Z0159,6,197,3919.77783203125,,unavailable in GeoTIFF; band index reported
scene_01_DT0000205230-Z0159,6,198,3900.148193359375,,unavailable in GeoTIFF; band index reported
scene_01_DT0000205230-Z0159,6,199,3892.185302734375,,unavailable in GeoTIFF; band index reported
scene_01_DT0000205230-Z0159,6,200,3909.29638671875,,unavailable in GeoTIFF; band index reported
scene_01_DT0000205230-Z0159,6,201,3905.29638671875,,unavailable in GeoTIFF; band index reported
scene_01_DT0000205230-Z0159,6,202,3910.29638671875,4693.603468694764,unavailable in GeoTIFF; band index reported
scene_01_DT0000205230-Z0159,6,203,3888.4814453125,,unavailable in GeoTIFF; band index reported
scene_01_DT0000205230-Z0159,6,204,3805.70361328125,,unavailable in GeoTIFF; band index reported
scene_01_DT0000205230-Z0159,6,205,3778.29638671875,,unavailable in GeoTIFF; band index reported
scene_01_DT0000205230-Z0159,6,206,3792.25927734375,,unavailable in GeoTIFF; band index reported
scene_01_DT0000205230-Z0159,6,207,3693.629638671875,,unavailable in GeoTIFF; band index reported
scene_01_DT0000205230-Z0159,6,208,3715.4443359375,,unavailable in GeoTIFF; band index reported
scene_01_DT0000205230-Z0159,6,209,3691.0,4418.7326716944735,unavailable in GeoTIFF; band index reported
scene_01_DT0000205230-Z0159,6,210,3615.814697265625,,unavailable in GeoTIFF; band index reported
scene_01_DT0000205230-Z0159,6,211,3562.148193359375,,unavailable in GeoTIFF; band index reported
scene_01_DT0000205230-Z0159,6,212,3632.22216796875,,unavailable in GeoTIFF; band index reported
scene_01_DT0000205230-Z0159,6,213,3676.148193359375,,unavailable in GeoTIFF; band index reported
scene_01_DT0000205230-Z0159,6,214,3589.25927734375,,unavailable in GeoTIFF; band index reported
scene_01_DT0000205230-Z0159,6,215,3586.111083984375,,unavailable in GeoTIFF; band index reported
scene_01_DT0000205230-Z0159,6,216,3544.370361328125,4194.452591104376,unavailable in GeoTIFF; band index reported
scene_01_DT0000205230-Z0159,6,217,3573.29638671875,,unavailable in GeoTIFF; band index reported
scene_01_DT0000205230-Z0159,6,218,3564.0,,unavailable in GeoTIFF; band index reported
scene_01_DT0000205230-Z0159,6,219,3500.370361328125,,unavailable in GeoTIFF; band index reported
scene_01_DT0000205230-Z0159,6,220,3390.5185546875,,unavailable in GeoTIFF; band index reported
scene_01_DT0000205230-Z0159,6,221,3518.5185546875,,unavailable in GeoTIFF; band index reported
scene_01_DT0000205230-Z0159,6,222,3433.851806640625,,unavailable in GeoTIFF; band index reported
scene_01_DT0000205230-Z0159,6,223,3545.073974609375,,unavailable in GeoTIFF; band index reported
scene_01_DT0000205230-Z0159,6,224,3244.4443359375,3914.243214639081,unavailable in GeoTIFF; band index reported
scene_01_DT0000205230-Z0083,7,1,691.3866577148438,917.0602603405777,unavailable in GeoTIFF; band index reported
scene_01_DT0000205230-Z0083,7,2,710.52001953125,,unavailable in GeoTIFF; band index reported
scene_01_DT0000205230-Z0083,7,3,738.4666748046875,,unavailable in GeoTIFF; band index reported
scene_01_DT0000205230-Z0083,7,4,769.2266845703125,,unavailable in GeoTIFF; band index reported
scene_01_DT0000205230-Z0083,7,5,812.0800170898438,,unavailable in GeoTIFF; band index reported
scene_01_DT0000205230-Z0083,7,6,827.8800048828125,,unavailable in GeoTIFF; band index reported
scene_01_DT0000205230-Z0083,7,7,862.6133422851562,,unavailable in GeoTIFF; band index reported
scene_01_DT0000205230-Z0083,7,8,886.2666625976562,1232.1687807391233,unavailable in GeoTIFF; band index reported
scene_01_DT0000205230-Z0083,7,9,898.7066650390625,,unavailable in GeoTIFF; band index reported
scene_01_DT0000205230-Z0083,7,10,917.3333129882812,,unavailable in GeoTIFF; band index reported
scene_01_DT0000205230-Z0083,7,11,930.4000244140625,,unavailable in GeoTIFF; band index reported
scene_01_DT0000205230-Z0083,7,12,937.7466430664062,,unavailable in GeoTIFF; band index reported
scene_01_DT0000205230-Z0083,7,13,956.6266479492188,,unavailable in GeoTIFF; band index reported
scene_01_DT0000205230-Z0083,7,14,986.6533203125,,unavailable in GeoTIFF; band index reported
scene_01_DT0000205230-Z0083,7,15,1008.3466796875,1425.9121730718762,unavailable in GeoTIFF; band index reported
scene_01_DT0000205230-Z0083,7,16,1031.2532958984375,,unavailable in GeoTIFF; band index reported
scene_01_DT0000205230-Z0083,7,17,1055.026611328125,,unavailable in GeoTIFF; band index reported
scene_01_DT0000205230-Z0083,7,18,1084.7467041015625,,unavailable in GeoTIFF; band index reported
scene_01_DT0000205230-Z0083,7,19,1114.453369140625,,unavailable in GeoTIFF; band index reported
scene_01_DT0000205230-Z0083,7,20,1146.5067138671875,,unavailable in GeoTIFF; band index reported
scene_01_DT0000205230-Z0083,7,21,1178.5333251953125,,unavailable in GeoTIFF; band index reported
scene_01_DT0000205230-Z0083,7,22,1217.5999755859375,1812.7965806589375,unavailable in GeoTIFF; band index reported
scene_01_DT0000205230-Z0083,7,23,1252.7332763671875,,unavailable in GeoTIFF; band index reported
scene_01_DT0000205230-Z0083,7,24,1292.3466796875,,unavailable in GeoTIFF; band index reported
scene_01_DT0000205230-Z0083,7,25,1341.2532958984375,,unavailable in GeoTIFF; band index reported
scene_01_DT0000205230-Z0083,7,26,1389.693359375,,unavailable in GeoTIFF; band index reported
scene_01_DT0000205230-Z0083,7,27,1436.9866943359375,,unavailable in GeoTIFF; band index reported
scene_01_DT0000205230-Z0083,7,28,1487.5733642578125,,unavailable in GeoTIFF; band index reported
scene_01_DT0000205230-Z0083,7,29,1541.5067138671875,2378.0732384444686,unavailable in GeoTIFF; band index reported
scene_01_DT0000205230-Z0083,7,30,1596.8533935546875,,unavailable in GeoTIFF; band index reported
scene_01_DT0000205230-Z0083,7,31,1662.973388671875,,unavailable in GeoTIFF; band index reported
scene_01_DT0000205230-Z0083,7,32,1718.199951171875,,unavailable in GeoTIFF; band index reported
scene_01_DT0000205230-Z0083,7,33,1762.0,,unavailable in GeoTIFF; band index reported
scene_01_DT0000205230-Z0083,7,34,1828.4266357421875,,unavailable in GeoTIFF; band index reported
scene_01_DT0000205230-Z0083,7,35,1876.9200439453125,,unavailable in GeoTIFF; band index reported
scene_01_DT0000205230-Z0083,7,36,1920.8533935546875,3052.808919434462,unavailable in GeoTIFF; band index reported
scene_01_DT0000205230-Z0083,7,37,1969.5067138671875,,unavailable in GeoTIFF; band index reported
scene_01_DT0000205230-Z0083,7,38,2005.6400146484375,,unavailable in GeoTIFF; band index reported
scene_01_DT0000205230-Z0083,7,39,2038.1199951171875,,unavailable in GeoTIFF; band index reported
scene_01_DT0000205230-Z0083,7,40,2059.986572265625,,unavailable in GeoTIFF; band index reported
scene_01_DT0000205230-Z0083,7,41,2099.82666015625,,unavailable in GeoTIFF; band index reported
scene_01_DT0000205230-Z0083,7,42,2126.306640625,,unavailable in GeoTIFF; band index reported
scene_01_DT0000205230-Z0083,7,43,2139.506591796875,,unavailable in GeoTIFF; band index reported
scene_01_DT0000205230-Z0083,7,44,2172.639892578125,3452.7579941120193,unavailable in GeoTIFF; band index reported
scene_01_DT0000205230-Z0083,7,45,2211.159912109375,,unavailable in GeoTIFF; band index reported
scene_01_DT0000205230-Z0083,7,46,2237.8798828125,,unavailable in GeoTIFF; band index reported
scene_01_DT0000205230-Z0083,7,47,2254.09326171875,,unavailable in GeoTIFF; band index reported
scene_01_DT0000205230-Z0083,7,48,2284.373291015625,,unavailable in GeoTIFF; band index reported
scene_01_DT0000205230-Z0083,7,49,2305.066650390625,,unavailable in GeoTIFF; band index reported
scene_01_DT0000205230-Z0083,7,50,2312.239990234375,,unavailable in GeoTIFF; band index reported
scene_01_DT0000205230-Z0083,7,51,2377.639892578125,3726.9295512530684,unavailable in GeoTIFF; band index reported
scene_01_DT0000205230-Z0083,7,52,2384.639892578125,,unavailable in GeoTIFF; band index reported
scene_01_DT0000205230-Z0083,7,53,2419.2666015625,,unavailable in GeoTIFF; band index reported
scene_01_DT0000205230-Z0083,7,54,2432.0400390625,,unavailable in GeoTIFF; band index reported
scene_01_DT0000205230-Z0083,7,55,2460.94677734375,,unavailable in GeoTIFF; band index reported
scene_01_DT0000205230-Z0083,7,56,2526.719970703125,,unavailable in GeoTIFF; band index reported
scene_01_DT0000205230-Z0083,7,57,2565.6533203125,,unavailable in GeoTIFF; band index reported
scene_01_DT0000205230-Z0083,7,58,2571.38671875,4007.177645123073,unavailable in GeoTIFF; band index reported
scene_01_DT0000205230-Z0083,7,59,2591.3466796875,,unavailable in GeoTIFF; band index reported
scene_01_DT0000205230-Z0083,7,60,2594.0400390625,,unavailable in GeoTIFF; band index reported
scene_01_DT0000205230-Z0083,7,61,2679.453369140625,,unavailable in GeoTIFF; band index reported
scene_01_DT0000205230-Z0083,7,62,2491.21337890625,,unavailable in GeoTIFF; band index reported
scene_01_DT0000205230-Z0083,7,63,2687.453369140625,,unavailable in GeoTIFF; band index reported
scene_01_DT0000205230-Z0083,7,64,2732.90673828125,,unavailable in GeoTIFF; band index reported
scene_01_DT0000205230-Z0083,7,65,2762.933349609375,4159.730422748184,unavailable in GeoTIFF; band index reported
scene_01_DT0000205230-Z0083,7,66,2783.719970703125,,unavailable in GeoTIFF; band index reported
scene_01_DT0000205230-Z0083,7,67,2801.7333984375,,unavailable in GeoTIFF; band index reported
scene_01_DT0000205230-Z0083,7,68,2839.199951171875,,unavailable in GeoTIFF; band index reported
scene_01_DT0000205230-Z0083,7,69,2873.693359375,,unavailable in GeoTIFF; band index reported
scene_01_DT0000205230-Z0083,7,70,2867.25341796875,,unavailable in GeoTIFF; band index reported
scene_01_DT0000205230-Z0083,7,71,2875.90673828125,,unavailable in GeoTIFF; band index reported
scene_01_DT0000205230-Z0083,7,72,2860.026611328125,4216.483716818321,unavailable in GeoTIFF; band index reported
scene_01_DT0000205230-Z0083,7,73,2894.066650390625,,unavailable in GeoTIFF; band index reported
scene_01_DT0000205230-Z0083,7,74,2887.026611328125,,unavailable in GeoTIFF; band index reported
scene_01_DT0000205230-Z0083,7,75,2894.4267578125,,unavailable in GeoTIFF; band index reported
scene_01_DT0000205230-Z0083,7,76,2928.586669921875,,unavailable in GeoTIFF; band index reported
scene_01_DT0000205230-Z0083,7,77,2905.293212890625,,unavailable in GeoTIFF; band index reported
scene_01_DT0000205230-Z0083,7,78,2953.919921875,,unavailable in GeoTIFF; band index reported
scene_01_DT0000205230-Z0083,7,79,2990.86669921875,,unavailable in GeoTIFF; band index reported
scene_01_DT0000205230-Z0083,7,80,2994.626708984375,4232.014678740068,unavailable in GeoTIFF; band index reported
scene_01_DT0000205230-Z0083,7,81,2957.9599609375,,unavailable in GeoTIFF; band index reported
scene_01_DT0000205230-Z0083,7,82,2992.453369140625,,unavailable in GeoTIFF; band index reported
scene_01_DT0000205230-Z0083,7,83,2922.493408203125,,unavailable in GeoTIFF; band index reported
scene_01_DT0000205230-Z0083,7,84,2799.693359375,,unavailable in GeoTIFF; band index reported
scene_01_DT0000205230-Z0083,7,85,3035.466552734375,,unavailable in GeoTIFF; band index reported
scene_01_DT0000205230-Z0083,7,86,2936.639892578125,,unavailable in GeoTIFF; band index reported
scene_01_DT0000205230-Z0083,7,87,2907.706787109375,4099.515230214146,unavailable in GeoTIFF; band index reported
scene_01_DT0000205230-Z0083,7,88,3088.60009765625,,unavailable in GeoTIFF; band index reported
scene_01_DT0000205230-Z0083,7,89,3129.893310546875,,unavailable in GeoTIFF; band index reported
scene_01_DT0000205230-Z0083,7,90,3144.7333984375,,unavailable in GeoTIFF; band index reported
scene_01_DT0000205230-Z0083,7,91,3084.466552734375,,unavailable in GeoTIFF; band index reported
scene_01_DT0000205230-Z0083,7,92,3048.840087890625,,unavailable in GeoTIFF; band index reported
scene_01_DT0000205230-Z0083,7,93,2958.21337890625,,unavailable in GeoTIFF; band index reported
scene_01_DT0000205230-Z0083,7,94,3088.09326171875,4259.310714130656,unavailable in GeoTIFF; band index reported
scene_01_DT0000205230-Z0083,7,95,3033.466552734375,,unavailable in GeoTIFF; band index reported
scene_01_DT0000205230-Z0083,7,96,3132.7333984375,,unavailable in GeoTIFF; band index reported
scene_01_DT0000205230-Z0083,7,97,3078.13330078125,,unavailable in GeoTIFF; band index reported
scene_01_DT0000205230-Z0083,7,98,3158.413330078125,,unavailable in GeoTIFF; band index reported
scene_01_DT0000205230-Z0083,7,99,3101.666748046875,,unavailable in GeoTIFF; band index reported
scene_01_DT0000205230-Z0083,7,100,3175.90673828125,,unavailable in GeoTIFF; band index reported
scene_01_DT0000205230-Z0083,7,101,3087.146728515625,4276.150670826721,unavailable in GeoTIFF; band index reported
scene_01_DT0000205230-Z0083,7,102,3194.9599609375,,unavailable in GeoTIFF; band index reported
scene_01_DT0000205230-Z0083,7,103,3222.026611328125,,unavailable in GeoTIFF; band index reported
scene_01_DT0000205230-Z0083,7,104,3239.586669921875,,unavailable in GeoTIFF; band index reported
scene_01_DT0000205230-Z0083,7,105,3255.586669921875,,unavailable in GeoTIFF; band index reported
scene_01_DT0000205230-Z0083,7,106,3269.506591796875,,unavailable in GeoTIFF; band index reported
scene_01_DT0000205230-Z0083,7,107,3296.639892578125,,unavailable in GeoTIFF; band index reported
scene_01_DT0000205230-Z0083,7,108,3326.506591796875,4540.5920961105885,unavailable in GeoTIFF; band index reported
scene_01_DT0000205230-Z0083,7,109,3345.3466796875,,unavailable in GeoTIFF; band index reported
scene_01_DT0000205230-Z0083,7,110,3377.74658203125,,unavailable in GeoTIFF; band index reported
scene_01_DT0000205230-Z0083,7,111,3402.026611328125,,unavailable in GeoTIFF; band index reported
scene_01_DT0000205230-Z0083,7,112,3331.800048828125,,unavailable in GeoTIFF; band index reported
scene_01_DT0000205230-Z0083,7,113,3569.106689453125,,unavailable in GeoTIFF; band index reported
scene_01_DT0000205230-Z0083,7,114,3551.080078125,,unavailable in GeoTIFF; band index reported
scene_01_DT0000205230-Z0083,7,115,3502.7333984375,,unavailable in GeoTIFF; band index reported
scene_01_DT0000205230-Z0083,7,116,3529.719970703125,4718.103568199837,unavailable in GeoTIFF; band index reported
scene_01_DT0000205230-Z0083,7,117,3578.239990234375,,unavailable in GeoTIFF; band index reported
scene_01_DT0000205230-Z0083,7,118,3642.719970703125,,unavailable in GeoTIFF; band index reported
scene_01_DT0000205230-Z0083,7,119,3656.21337890625,,unavailable in GeoTIFF; band index reported
scene_01_DT0000205230-Z0083,7,120,3669.760009765625,,unavailable in GeoTIFF; band index reported
scene_01_DT0000205230-Z0083,7,121,3689.706787109375,,unavailable in GeoTIFF; band index reported
scene_01_DT0000205230-Z0083,7,122,3700.1201171875,,unavailable in GeoTIFF; band index reported
scene_01_DT0000205230-Z0083,7,123,3723.56005859375,5005.2038251084705,unavailable in GeoTIFF; band index reported
scene_01_DT0000205230-Z0083,7,124,3758.38671875,,unavailable in GeoTIFF; band index reported
scene_01_DT0000205230-Z0083,7,125,3827.13330078125,,unavailable in GeoTIFF; band index reported
scene_01_DT0000205230-Z0083,7,126,3791.09326171875,,unavailable in GeoTIFF; band index reported
scene_01_DT0000205230-Z0083,7,127,3761.293212890625,,unavailable in GeoTIFF; band index reported
scene_01_DT0000205230-Z0083,7,128,3765.159912109375,,unavailable in GeoTIFF; band index reported
scene_01_DT0000205230-Z0083,7,129,3751.239990234375,,unavailable in GeoTIFF; band index reported
scene_01_DT0000205230-Z0083,7,130,3724.546630859375,5124.159687144271,unavailable in GeoTIFF; band index reported
scene_01_DT0000205230-Z0083,7,131,-32768.0,,unavailable in GeoTIFF; band index reported
scene_01_DT0000205230-Z0083,7,132,-32768.0,,unavailable in GeoTIFF; band index reported
scene_01_DT0000205230-Z0083,7,133,-32768.0,,unavailable in GeoTIFF; band index reported
scene_01_DT0000205230-Z0083,7,134,-32768.0,,unavailable in GeoTIFF; band index reported
scene_01_DT0000205230-Z0083,7,135,-32768.0,,unavailable in GeoTIFF; band index reported
scene_01_DT0000205230-Z0083,7,136,3950.25341796875,,unavailable in GeoTIFF; band index reported
scene_01_DT0000205230-Z0083,7,137,3960.106689453125,5245.826935621986,unavailable in GeoTIFF; band index reported
scene_01_DT0000205230-Z0083,7,138,3941.05322265625,,unavailable in GeoTIFF; band index reported
scene_01_DT0000205230-Z0083,7,139,3949.333251953125,,unavailable in GeoTIFF; band index reported
scene_01_DT0000205230-Z0083,7,140,3983.90673828125,,unavailable in GeoTIFF; band index reported
scene_01_DT0000205230-Z0083,7,141,4022.066650390625,,unavailable in GeoTIFF; band index reported
scene_01_DT0000205230-Z0083,7,142,4047.21337890625,,unavailable in GeoTIFF; band index reported
scene_01_DT0000205230-Z0083,7,143,4050.0400390625,,unavailable in GeoTIFF; band index reported
scene_01_DT0000205230-Z0083,7,144,4058.626708984375,5222.882217712209,unavailable in GeoTIFF; band index reported
scene_01_DT0000205230-Z0083,7,145,4078.38671875,,unavailable in GeoTIFF; band index reported
scene_01_DT0000205230-Z0083,7,146,4073.78662109375,,unavailable in GeoTIFF; band index reported
scene_01_DT0000205230-Z0083,7,147,4098.0,,unavailable in GeoTIFF; band index reported
scene_01_DT0000205230-Z0083,7,148,4102.05322265625,,unavailable in GeoTIFF; band index reported
scene_01_DT0000205230-Z0083,7,149,4097.21337890625,,unavailable in GeoTIFF; band index reported
scene_01_DT0000205230-Z0083,7,150,4123.94677734375,,unavailable in GeoTIFF; band index reported
scene_01_DT0000205230-Z0083,7,151,4121.1201171875,,unavailable in GeoTIFF; band index reported
scene_01_DT0000205230-Z0083,7,152,4108.37353515625,5253.7238336902,unavailable in GeoTIFF; band index reported
scene_01_DT0000205230-Z0083,7,153,4109.466796875,,unavailable in GeoTIFF; band index reported
scene_01_DT0000205230-Z0083,7,154,4122.62646484375,,unavailable in GeoTIFF; band index reported
scene_01_DT0000205230-Z0083,7,155,4119.66650390625,,unavailable in GeoTIFF; band index reported
scene_01_DT0000205230-Z0083,7,156,4130.080078125,,unavailable in GeoTIFF; band index reported
scene_01_DT0000205230-Z0083,7,157,4130.37353515625,,unavailable in GeoTIFF; band index reported
scene_01_DT0000205230-Z0083,7,158,4132.546875,,unavailable in GeoTIFF; band index reported
scene_01_DT0000205230-Z0083,7,159,4132.2001953125,5264.417496137013,unavailable in GeoTIFF; band index reported
scene_01_DT0000205230-Z0083,7,160,4132.56005859375,,unavailable in GeoTIFF; band index reported
scene_01_DT0000205230-Z0083,7,161,4115.8935546875,,unavailable in GeoTIFF; band index reported
scene_01_DT0000205230-Z0083,7,162,4103.78662109375,,unavailable in GeoTIFF; band index reported
scene_01_DT0000205230-Z0083,7,163,4124.5068359375,,unavailable in GeoTIFF; band index reported
scene_01_DT0000205230-Z0083,7,164,4070.853271484375,,unavailable in GeoTIFF; band index reported
scene_01_DT0000205230-Z0083,7,165,4028.973388671875,,unavailable in GeoTIFF; band index reported
scene_01_DT0000205230-Z0083,7,166,3935.280029296875,5057.993610688144,unavailable in GeoTIFF; band index reported
scene_01_DT0000205230-Z0083,7,167,3573.639892578125,,unavailable in GeoTIFF; band index reported
scene_01_DT0000205230-Z0083,7,168,3711.280029296875,,unavailable in GeoTIFF; band index reported
scene_01_DT0000205230-Z0083,7,169,3796.38671875,,unavailable in GeoTIFF; band index reported
scene_01_DT0000205230-Z0083,7,170,3486.919921875,,unavailable in GeoTIFF; band index reported
scene_01_DT0000205230-Z0083,7,171,3142.86669921875,,unavailable in GeoTIFF; band index reported
scene_01_DT0000205230-Z0083,7,172,3358.0400390625,,unavailable in GeoTIFF; band index reported
scene_01_DT0000205230-Z0083,7,173,3711.639892578125,4797.249264813836,unavailable in GeoTIFF; band index reported
scene_01_DT0000205230-Z0083,7,174,3814.0,,unavailable in GeoTIFF; band index reported
scene_01_DT0000205230-Z0083,7,175,3853.360107421875,,unavailable in GeoTIFF; band index reported
scene_01_DT0000205230-Z0083,7,176,3683.639892578125,,unavailable in GeoTIFF; band index reported
scene_01_DT0000205230-Z0083,7,177,3765.4267578125,,unavailable in GeoTIFF; band index reported
scene_01_DT0000205230-Z0083,7,178,3747.360107421875,,unavailable in GeoTIFF; band index reported
scene_01_DT0000205230-Z0083,7,179,3779.0400390625,,unavailable in GeoTIFF; band index reported
scene_01_DT0000205230-Z0083,7,180,3717.893310546875,5133.687412636362,unavailable in GeoTIFF; band index reported
scene_01_DT0000205230-Z0083,7,181,3718.9599609375,,unavailable in GeoTIFF; band index reported
scene_01_DT0000205230-Z0083,7,182,3710.853271484375,,unavailable in GeoTIFF; band index reported
scene_01_DT0000205230-Z0083,7,183,3624.186767578125,,unavailable in GeoTIFF; band index reported
scene_01_DT0000205230-Z0083,7,184,3621.6533203125,,unavailable in GeoTIFF; band index reported
scene_01_DT0000205230-Z0083,7,185,3570.39990234375,,unavailable in GeoTIFF; band index reported
scene_01_DT0000205230-Z0083,7,186,3453.0400390625,,unavailable in GeoTIFF; band index reported
scene_01_DT0000205230-Z0083,7,187,3285.360107421875,,unavailable in GeoTIFF; band index reported
scene_01_DT0000205230-Z0083,7,188,3140.013427734375,4977.3868299771475,unavailable in GeoTIFF; band index reported
scene_01_DT0000205230-Z0083,7,189,3073.280029296875,,unavailable in GeoTIFF; band index reported
scene_01_DT0000205230-Z0083,7,190,3073.239990234375,,unavailable in GeoTIFF; band index reported
scene_01_DT0000205230-Z0083,7,191,3068.280029296875,,unavailable in GeoTIFF; band index reported
scene_01_DT0000205230-Z0083,7,192,3011.719970703125,,unavailable in GeoTIFF; band index reported
scene_01_DT0000205230-Z0083,7,193,2903.239990234375,,unavailable in GeoTIFF; band index reported
scene_01_DT0000205230-Z0083,7,194,2773.8798828125,,unavailable in GeoTIFF; band index reported
scene_01_DT0000205230-Z0083,7,195,3000.666748046875,4669.994273505627,unavailable in GeoTIFF; band index reported
scene_01_DT0000205230-Z0083,7,196,3198.453369140625,,unavailable in GeoTIFF; band index reported
scene_01_DT0000205230-Z0083,7,197,3218.186767578125,,unavailable in GeoTIFF; band index reported
scene_01_DT0000205230-Z0083,7,198,3183.74658203125,,unavailable in GeoTIFF; band index reported
scene_01_DT0000205230-Z0083,7,199,3163.56005859375,,unavailable in GeoTIFF; band index reported
scene_01_DT0000205230-Z0083,7,200,3154.533447265625,,unavailable in GeoTIFF; band index reported
scene_01_DT0000205230-Z0083,7,201,3130.586669921875,,unavailable in GeoTIFF; band index reported
scene_01_DT0000205230-Z0083,7,202,3099.506591796875,4693.603468694764,unavailable in GeoTIFF; band index reported
scene_01_DT0000205230-Z0083,7,203,3055.333251953125,,unavailable in GeoTIFF; band index reported
scene_01_DT0000205230-Z0083,7,204,2976.3466796875,,unavailable in GeoTIFF; band index reported
scene_01_DT0000205230-Z0083,7,205,2930.2666015625,,unavailable in GeoTIFF; band index reported
scene_01_DT0000205230-Z0083,7,206,2946.320068359375,,unavailable in GeoTIFF; band index reported
scene_01_DT0000205230-Z0083,7,207,2834.21337890625,,unavailable in GeoTIFF; band index reported
scene_01_DT0000205230-Z0083,7,208,2846.813232421875,,unavailable in GeoTIFF; band index reported
scene_01_DT0000205230-Z0083,7,209,2836.6533203125,4418.7326716944735,unavailable in GeoTIFF; band index reported
scene_01_DT0000205230-Z0083,7,210,2793.56005859375,,unavailable in GeoTIFF; band index reported
scene_01_DT0000205230-Z0083,7,211,2752.2265625,,unavailable in GeoTIFF; band index reported
scene_01_DT0000205230-Z0083,7,212,2770.760009765625,,unavailable in GeoTIFF; band index reported
scene_01_DT0000205230-Z0083,7,213,2785.280029296875,,unavailable in GeoTIFF; band index reported
scene_01_DT0000205230-Z0083,7,214,2730.90673828125,,unavailable in GeoTIFF; band index reported
scene_01_DT0000205230-Z0083,7,215,2705.666748046875,,unavailable in GeoTIFF; band index reported
scene_01_DT0000205230-Z0083,7,216,2649.90673828125,4194.452591104376,unavailable in GeoTIFF; band index reported
scene_01_DT0000205230-Z0083,7,217,2675.706787109375,,unavailable in GeoTIFF; band index reported
scene_01_DT0000205230-Z0083,7,218,2685.17333984375,,unavailable in GeoTIFF; band index reported
scene_01_DT0000205230-Z0083,7,219,2659.026611328125,,unavailable in GeoTIFF; band index reported
scene_01_DT0000205230-Z0083,7,220,2569.3466796875,,unavailable in GeoTIFF; band index reported
scene_01_DT0000205230-Z0083,7,221,2628.080078125,,unavailable in GeoTIFF; band index reported
scene_01_DT0000205230-Z0083,7,222,2553.066650390625,,unavailable in GeoTIFF; band index reported
scene_01_DT0000205230-Z0083,7,223,2583.306640625,,unavailable in GeoTIFF; band index reported
scene_01_DT0000205230-Z0083,7,224,2415.86669921875,3914.243214639081,unavailable in GeoTIFF; band index reported
scene_01_DT0000205230-Z0369,8,1,816.5396728515625,917.0602603405777,unavailable in GeoTIFF; band index reported
scene_01_DT0000205230-Z0369,8,2,819.9002075195312,,unavailable in GeoTIFF; band index reported
scene_01_DT0000205230-Z0369,8,3,871.3424072265625,,unavailable in GeoTIFF; band index reported
scene_01_DT0000205230-Z0369,8,4,913.6099853515625,,unavailable in GeoTIFF; band index reported
scene_01_DT0000205230-Z0369,8,5,957.7687377929688,,unavailable in GeoTIFF; band index reported
scene_01_DT0000205230-Z0369,8,6,980.4920654296875,,unavailable in GeoTIFF; band index reported
scene_01_DT0000205230-Z0369,8,7,1012.9387817382812,,unavailable in GeoTIFF; band index reported
scene_01_DT0000205230-Z0369,8,8,1038.990966796875,1232.1687807391233,unavailable in GeoTIFF; band index reported
scene_01_DT0000205230-Z0369,8,9,1056.1065673828125,,unavailable in GeoTIFF; band index reported
scene_01_DT0000205230-Z0369,8,10,1080.544189453125,,unavailable in GeoTIFF; band index reported
scene_01_DT0000205230-Z0369,8,11,1090.328857421875,,unavailable in GeoTIFF; band index reported
scene_01_DT0000205230-Z0369,8,12,1097.9931640625,,unavailable in GeoTIFF; band index reported
scene_01_DT0000205230-Z0369,8,13,1116.49658203125,,unavailable in GeoTIFF; band index reported
scene_01_DT0000205230-Z0369,8,14,1142.1632080078125,,unavailable in GeoTIFF; band index reported
scene_01_DT0000205230-Z0369,8,15,1177.4307861328125,1425.9121730718762,unavailable in GeoTIFF; band index reported
scene_01_DT0000205230-Z0369,8,16,1192.9954833984375,,unavailable in GeoTIFF; band index reported
scene_01_DT0000205230-Z0369,8,17,1218.4149169921875,,unavailable in GeoTIFF; band index reported
scene_01_DT0000205230-Z0369,8,18,1260.7120361328125,,unavailable in GeoTIFF; band index reported
scene_01_DT0000205230-Z0369,8,19,1296.276611328125,,unavailable in GeoTIFF; band index reported
scene_01_DT0000205230-Z0369,8,20,1338.5941162109375,,unavailable in GeoTIFF; band index reported
scene_01_DT0000205230-Z0369,8,21,1381.7392578125,,unavailable in GeoTIFF; band index reported
scene_01_DT0000205230-Z0369,8,22,1429.57373046875,1812.7965806589375,unavailable in GeoTIFF; band index reported
scene_01_DT0000205230-Z0369,8,23,1466.1361083984375,,unavailable in GeoTIFF; band index reported
scene_01_DT0000205230-Z0369,8,24,1518.0430908203125,,unavailable in GeoTIFF; band index reported
scene_01_DT0000205230-Z0369,8,25,1568.1632080078125,,unavailable in GeoTIFF; band index reported
scene_01_DT0000205230-Z0369,8,26,1629.056640625,,unavailable in GeoTIFF; band index reported
scene_01_DT0000205230-Z0369,8,27,1677.6689453125,,unavailable in GeoTIFF; band index reported
scene_01_DT0000205230-Z0369,8,28,1729.276611328125,,unavailable in GeoTIFF; band index reported
scene_01_DT0000205230-Z0369,8,29,1792.1859130859375,2378.0732384444686,unavailable in GeoTIFF; band index reported
scene_01_DT0000205230-Z0369,8,30,1852.2857666015625,,unavailable in GeoTIFF; band index reported
scene_01_DT0000205230-Z0369,8,31,1923.8480224609375,,unavailable in GeoTIFF; band index reported
scene_01_DT0000205230-Z0369,8,32,1993.0499267578125,,unavailable in GeoTIFF; band index reported
scene_01_DT0000205230-Z0369,8,33,2046.57373046875,,unavailable in GeoTIFF; band index reported
scene_01_DT0000205230-Z0369,8,34,2111.378662109375,,unavailable in GeoTIFF; band index reported
scene_01_DT0000205230-Z0369,8,35,2168.696044921875,,unavailable in GeoTIFF; band index reported
scene_01_DT0000205230-Z0369,8,36,2216.71875,3052.808919434462,unavailable in GeoTIFF; band index reported
scene_01_DT0000205230-Z0369,8,37,2264.659912109375,,unavailable in GeoTIFF; band index reported
scene_01_DT0000205230-Z0369,8,38,2303.77783203125,,unavailable in GeoTIFF; band index reported
scene_01_DT0000205230-Z0369,8,39,2341.882080078125,,unavailable in GeoTIFF; band index reported
scene_01_DT0000205230-Z0369,8,40,2365.537353515625,,unavailable in GeoTIFF; band index reported
scene_01_DT0000205230-Z0369,8,41,2402.058837890625,,unavailable in GeoTIFF; band index reported
scene_01_DT0000205230-Z0369,8,42,2422.44677734375,,unavailable in GeoTIFF; band index reported
scene_01_DT0000205230-Z0369,8,43,2435.46484375,,unavailable in GeoTIFF; band index reported
scene_01_DT0000205230-Z0369,8,44,2474.149658203125,3452.7579941120193,unavailable in GeoTIFF; band index reported
scene_01_DT0000205230-Z0369,8,45,2512.662109375,,unavailable in GeoTIFF; band index reported
scene_01_DT0000205230-Z0369,8,46,2531.12255859375,,unavailable in GeoTIFF; band index reported
scene_01_DT0000205230-Z0369,8,47,2557.462646484375,,unavailable in GeoTIFF; band index reported
scene_01_DT0000205230-Z0369,8,48,2580.074951171875,,unavailable in GeoTIFF; band index reported
scene_01_DT0000205230-Z0369,8,49,2591.310546875,,unavailable in GeoTIFF; band index reported
scene_01_DT0000205230-Z0369,8,50,2601.174560546875,,unavailable in GeoTIFF; band index reported
scene_01_DT0000205230-Z0369,8,51,2657.47607421875,3726.9295512530684,unavailable in GeoTIFF; band index reported
scene_01_DT0000205230-Z0369,8,52,2680.6484375,,unavailable in GeoTIFF; band index reported
scene_01_DT0000205230-Z0369,8,53,2707.38330078125,,unavailable in GeoTIFF; band index reported
scene_01_DT0000205230-Z0369,8,54,2707.4580078125,,unavailable in GeoTIFF; band index reported
scene_01_DT0000205230-Z0369,8,55,2736.89794921875,,unavailable in GeoTIFF; band index reported
scene_01_DT0000205230-Z0369,8,56,2786.124755859375,,unavailable in GeoTIFF; band index reported
scene_01_DT0000205230-Z0369,8,57,2835.45361328125,,unavailable in GeoTIFF; band index reported
scene_01_DT0000205230-Z0369,8,58,2826.741455078125,4007.177645123073,unavailable in GeoTIFF; band index reported
scene_01_DT0000205230-Z0369,8,59,2840.25390625,,unavailable in GeoTIFF; band index reported
scene_01_DT0000205230-Z0369,8,60,2824.124755859375,,unavailable in GeoTIFF; band index reported
scene_01_DT0000205230-Z0369,8,61,2899.653076171875,,unavailable in GeoTIFF; band index reported
scene_01_DT0000205230-Z0369,8,62,2682.628173828125,,unavailable in GeoTIFF; band index reported
scene_01_DT0000205230-Z0369,8,63,2903.857177734375,,unavailable in GeoTIFF; band index reported
scene_01_DT0000205230-Z0369,8,64,2927.244873046875,,unavailable in GeoTIFF; band index reported
scene_01_DT0000205230-Z0369,8,65,2934.927490234375,4159.730422748184,unavailable in GeoTIFF; band index reported
scene_01_DT0000205230-Z0369,8,66,2953.335693359375,,unavailable in GeoTIFF; band index reported
scene_01_DT0000205230-Z0369,8,67,2963.9501953125,,unavailable in GeoTIFF; band index reported
scene_01_DT0000205230-Z0369,8,68,2994.70751953125,,unavailable in GeoTIFF; band index reported
scene_01_DT0000205230-Z0369,8,69,2995.469482421875,,unavailable in GeoTIFF; band index reported
scene_01_DT0000205230-Z0369,8,70,3014.45361328125,,unavailable in GeoTIFF; band index reported
scene_01_DT0000205230-Z0369,8,71,2959.864013671875,,unavailable in GeoTIFF; band index reported
scene_01_DT0000205230-Z0369,8,72,2993.3310546875,4216.483716818321,unavailable in GeoTIFF; band index reported
scene_01_DT0000205230-Z0369,8,73,2956.68701171875,,unavailable in GeoTIFF; band index reported
scene_01_DT0000205230-Z0369,8,74,2962.181396484375,,unavailable in GeoTIFF; band index reported
scene_01_DT0000205230-Z0369,8,75,2969.71435546875,,unavailable in GeoTIFF; band index reported
scene_01_DT0000205230-Z0369,8,76,2926.673583984375,,unavailable in GeoTIFF; band index reported
scene_01_DT0000205230-Z0369,8,77,2973.990966796875,,unavailable in GeoTIFF; band index reported
scene_01_DT0000205230-Z0369,8,78,2930.4853515625,,unavailable in GeoTIFF; band index reported
scene_01_DT0000205230-Z0369,8,79,2952.367431640625,,unavailable in GeoTIFF; band index reported
scene_01_DT0000205230-Z0369,8,80,3003.17236328125,4232.014678740068,unavailable in GeoTIFF; band index reported
scene_01_DT0000205230-Z0369,8,81,2951.39013671875,,unavailable in GeoTIFF; band index reported
scene_01_DT0000205230-Z0369,8,82,2993.9365234375,,unavailable in GeoTIFF; band index reported
scene_01_DT0000205230-Z0369,8,83,2920.473876953125,,unavailable in GeoTIFF; band index reported
scene_01_DT0000205230-Z0369,8,84,2809.82763671875,,unavailable in GeoTIFF; band index reported
scene_01_DT0000205230-Z0369,8,85,3021.117919921875,,unavailable in GeoTIFF; band index reported
scene_01_DT0000205230-Z0369,8,86,3010.829833984375,,unavailable in GeoTIFF; band index reported
scene_01_DT0000205230-Z0369,8,87,2926.4150390625,4099.515230214146,unavailable in GeoTIFF; band index reported
scene_01_DT0000205230-Z0369,8,88,3070.870849609375,,unavailable in GeoTIFF; band index reported
scene_01_DT0000205230-Z0369,8,89,3082.6552734375,,unavailable in GeoTIFF; band index reported
scene_01_DT0000205230-Z0369,8,90,3084.888916015625,,unavailable in GeoTIFF; band index reported
scene_01_DT0000205230-Z0369,8,91,3023.54638671875,,unavailable in GeoTIFF; band index reported
scene_01_DT0000205230-Z0369,8,92,2965.9931640625,,unavailable in GeoTIFF; band index reported
scene_01_DT0000205230-Z0369,8,93,2920.39013671875,,unavailable in GeoTIFF; band index reported
scene_01_DT0000205230-Z0369,8,94,3002.530517578125,4259.310714130656,unavailable in GeoTIFF; band index reported
scene_01_DT0000205230-Z0369,8,95,2974.297119140625,,unavailable in GeoTIFF; band index reported
scene_01_DT0000205230-Z0369,8,96,3060.845703125,,unavailable in GeoTIFF; band index reported
scene_01_DT0000205230-Z0369,8,97,2976.38330078125,,unavailable in GeoTIFF; band index reported
scene_01_DT0000205230-Z0369,8,98,3068.18603515625,,unavailable in GeoTIFF; band index reported
scene_01_DT0000205230-Z0369,8,99,2989.167724609375,,unavailable in GeoTIFF; band index reported
scene_01_DT0000205230-Z0369,8,100,3086.6689453125,,unavailable in GeoTIFF; band index reported
scene_01_DT0000205230-Z0369,8,101,2997.970458984375,4276.150670826721,unavailable in GeoTIFF; band index reported
scene_01_DT0000205230-Z0369,8,102,3096.825439453125,,unavailable in GeoTIFF; band index reported
scene_01_DT0000205230-Z0369,8,103,3114.6826171875,,unavailable in GeoTIFF; band index reported
scene_01_DT0000205230-Z0369,8,104,3127.11572265625,,unavailable in GeoTIFF; band index reported
scene_01_DT0000205230-Z0369,8,105,3137.027099609375,,unavailable in GeoTIFF; band index reported
scene_01_DT0000205230-Z0369,8,106,3144.5146484375,,unavailable in GeoTIFF; band index reported
scene_01_DT0000205230-Z0369,8,107,3166.02490234375,,unavailable in GeoTIFF; band index reported
scene_01_DT0000205230-Z0369,8,108,3189.709716796875,4540.5920961105885,unavailable in GeoTIFF; band index reported
scene_01_DT0000205230-Z0369,8,109,3205.800537109375,,unavailable in GeoTIFF; band index reported
scene_01_DT0000205230-Z0369,8,110,3241.72119140625,,unavailable in GeoTIFF; band index reported
scene_01_DT0000205230-Z0369,8,111,3267.6826171875,,unavailable in GeoTIFF; band index reported
scene_01_DT0000205230-Z0369,8,112,3242.340087890625,,unavailable in GeoTIFF; band index reported
scene_01_DT0000205230-Z0369,8,113,3380.131591796875,,unavailable in GeoTIFF; band index reported
scene_01_DT0000205230-Z0369,8,114,3380.12255859375,,unavailable in GeoTIFF; band index reported
scene_01_DT0000205230-Z0369,8,115,3274.70751953125,,unavailable in GeoTIFF; band index reported
scene_01_DT0000205230-Z0369,8,116,3314.238037109375,4718.103568199837,unavailable in GeoTIFF; band index reported
scene_01_DT0000205230-Z0369,8,117,3391.013671875,,unavailable in GeoTIFF; band index reported
scene_01_DT0000205230-Z0369,8,118,3449.857177734375,,unavailable in GeoTIFF; band index reported
scene_01_DT0000205230-Z0369,8,119,3468.03173828125,,unavailable in GeoTIFF; band index reported
scene_01_DT0000205230-Z0369,8,120,3469.78466796875,,unavailable in GeoTIFF; band index reported
scene_01_DT0000205230-Z0369,8,121,3497.451171875,,unavailable in GeoTIFF; band index reported
scene_01_DT0000205230-Z0369,8,122,3518.494384765625,,unavailable in GeoTIFF; band index reported
scene_01_DT0000205230-Z0369,8,123,3543.308349609375,5005.2038251084705,unavailable in GeoTIFF; band index reported
scene_01_DT0000205230-Z0369,8,124,3579.25634765625,,unavailable in GeoTIFF; band index reported
scene_01_DT0000205230-Z0369,8,125,3606.895751953125,,unavailable in GeoTIFF; band index reported
scene_01_DT0000205230-Z0369,8,126,3592.27880859375,,unavailable in GeoTIFF; band index reported
scene_01_DT0000205230-Z0369,8,127,3603.0634765625,,unavailable in GeoTIFF; band index reported
scene_01_DT0000205230-Z0369,8,128,3631.4716796875,,unavailable in GeoTIFF; band index reported
scene_01_DT0000205230-Z0369,8,129,3628.70068359375,,unavailable in GeoTIFF; band index reported
scene_01_DT0000205230-Z0369,8,130,3631.39013671875,5124.159687144271,unavailable in GeoTIFF; band index reported
scene_01_DT0000205230-Z0369,8,131,-32768.0,,unavailable in GeoTIFF; band index reported
scene_01_DT0000205230-Z0369,8,132,-32768.0,,unavailable in GeoTIFF; band index reported
scene_01_DT0000205230-Z0369,8,133,-32768.0,,unavailable in GeoTIFF; band index reported
scene_01_DT0000205230-Z0369,8,134,-32768.0,,unavailable in GeoTIFF; band index reported
scene_01_DT0000205230-Z0369,8,135,-32768.0,,unavailable in GeoTIFF; band index reported
scene_01_DT0000205230-Z0369,8,136,3595.70751953125,,unavailable in GeoTIFF; band index reported
scene_01_DT0000205230-Z0369,8,137,3666.2744140625,5245.826935621986,unavailable in GeoTIFF; band index reported
scene_01_DT0000205230-Z0369,8,138,3553.097412109375,,unavailable in GeoTIFF; band index reported
scene_01_DT0000205230-Z0369,8,139,3513.364990234375,,unavailable in GeoTIFF; band index reported
scene_01_DT0000205230-Z0369,8,140,3568.335693359375,,unavailable in GeoTIFF; band index reported
scene_01_DT0000205230-Z0369,8,141,3629.723388671875,,unavailable in GeoTIFF; band index reported
scene_01_DT0000205230-Z0369,8,142,3657.056640625,,unavailable in GeoTIFF; band index reported
scene_01_DT0000205230-Z0369,8,143,3658.1201171875,,unavailable in GeoTIFF; band index reported
scene_01_DT0000205230-Z0369,8,144,3662.156494140625,5222.882217712209,unavailable in GeoTIFF; band index reported
scene_01_DT0000205230-Z0369,8,145,3670.201904296875,,unavailable in GeoTIFF; band index reported
scene_01_DT0000205230-Z0369,8,146,3672.804931640625,,unavailable in GeoTIFF; band index reported
scene_01_DT0000205230-Z0369,8,147,3670.056640625,,unavailable in GeoTIFF; band index reported
scene_01_DT0000205230-Z0369,8,148,3661.7255859375,,unavailable in GeoTIFF; band index reported
scene_01_DT0000205230-Z0369,8,149,3671.84814453125,,unavailable in GeoTIFF; band index reported
scene_01_DT0000205230-Z0369,8,150,3665.798095703125,,unavailable in GeoTIFF; band index reported
scene_01_DT0000205230-Z0369,8,151,3655.4013671875,,unavailable in GeoTIFF; band index reported
scene_01_DT0000205230-Z0369,8,152,3649.870849609375,5253.7238336902,unavailable in GeoTIFF; band index reported
scene_01_DT0000205230-Z0369,8,153,3644.562255859375,,unavailable in GeoTIFF; band index reported
scene_01_DT0000205230-Z0369,8,154,3653.002197265625,,unavailable in GeoTIFF; band index reported
scene_01_DT0000205230-Z0369,8,155,3641.91162109375,,unavailable in GeoTIFF; band index reported
scene_01_DT0000205230-Z0369,8,156,3651.290283203125,,unavailable in GeoTIFF; band index reported
scene_01_DT0000205230-Z0369,8,157,3639.77783203125,,unavailable in GeoTIFF; band index reported
scene_01_DT0000205230-Z0369,8,158,3635.129150390625,,unavailable in GeoTIFF; band index reported
scene_01_DT0000205230-Z0369,8,159,3640.31982421875,5264.417496137013,unavailable in GeoTIFF; band index reported
scene_01_DT0000205230-Z0369,8,160,3638.201904296875,,unavailable in GeoTIFF; band index reported
scene_01_DT0000205230-Z0369,8,161,3630.532958984375,,unavailable in GeoTIFF; band index reported
scene_01_DT0000205230-Z0369,8,162,3622.859375,,unavailable in GeoTIFF; band index reported
scene_01_DT0000205230-Z0369,8,163,3623.02490234375,,unavailable in GeoTIFF; band index reported
scene_01_DT0000205230-Z0369,8,164,3596.53515625,,unavailable in GeoTIFF; band index reported
scene_01_DT0000205230-Z0369,8,165,3566.51025390625,,unavailable in GeoTIFF; band index reported
scene_01_DT0000205230-Z0369,8,166,3517.64404296875,5057.993610688144,unavailable in GeoTIFF; band index reported
scene_01_DT0000205230-Z0369,8,167,3089.4150390625,,unavailable in GeoTIFF; band index reported
scene_01_DT0000205230-Z0369,8,168,3266.326416015625,,unavailable in GeoTIFF; band index reported
scene_01_DT0000205230-Z0369,8,169,3405.87744140625,,unavailable in GeoTIFF; band index reported
scene_01_DT0000205230-Z0369,8,170,3292.60546875,,unavailable in GeoTIFF; band index reported
scene_01_DT0000205230-Z0369,8,171,2791.11328125,,unavailable in GeoTIFF; band index reported
scene_01_DT0000205230-Z0369,8,172,2926.24951171875,,unavailable in GeoTIFF; band index reported
scene_01_DT0000205230-Z0369,8,173,3186.5283203125,4797.249264813836,unavailable in GeoTIFF; band index reported
scene_01_DT0000205230-Z0369,8,174,3426.732421875,,unavailable in GeoTIFF; band index reported
scene_01_DT0000205230-Z0369,8,175,3515.491943359375,,unavailable in GeoTIFF; band index reported
scene_01_DT0000205230-Z0369,8,176,3420.469482421875,,unavailable in GeoTIFF; band index reported
scene_01_DT0000205230-Z0369,8,177,3416.18359375,,unavailable in GeoTIFF; band index reported
scene_01_DT0000205230-Z0369,8,178,3398.9931640625,,unavailable in GeoTIFF; band index reported
scene_01_DT0000205230-Z0369,8,179,3479.226806640625,,unavailable in GeoTIFF; band index reported
scene_01_DT0000205230-Z0369,8,180,3480.990966796875,5133.687412636362,unavailable in GeoTIFF; band index reported
scene_01_DT0000205230-Z0369,8,181,3492.83447265625,,unavailable in GeoTIFF; band index reported
scene_01_DT0000205230-Z0369,8,182,3509.43310546875,,unavailable in GeoTIFF; band index reported
scene_01_DT0000205230-Z0369,8,183,3497.455810546875,,unavailable in GeoTIFF; band index reported
scene_01_DT0000205230-Z0369,8,184,3495.34228515625,,unavailable in GeoTIFF; band index reported
scene_01_DT0000205230-Z0369,8,185,3478.829833984375,,unavailable in GeoTIFF; band index reported
scene_01_DT0000205230-Z0369,8,186,3451.6123046875,,unavailable in GeoTIFF; band index reported
scene_01_DT0000205230-Z0369,8,187,3410.7958984375,,unavailable in GeoTIFF; band index reported
scene_01_DT0000205230-Z0369,8,188,3356.58740234375,4977.3868299771475,unavailable in GeoTIFF; band index reported
scene_01_DT0000205230-Z0369,8,189,3297.31982421875,,unavailable in GeoTIFF; band index reported
scene_01_DT0000205230-Z0369,8,190,3290.900146484375,,unavailable in GeoTIFF; band index reported
scene_01_DT0000205230-Z0369,8,191,3269.741455078125,,unavailable in GeoTIFF; band index reported
scene_01_DT0000205230-Z0369,8,192,3230.8232421875,,unavailable in GeoTIFF; band index reported
scene_01_DT0000205230-Z0369,8,193,3141.662109375,,unavailable in GeoTIFF; band index reported
scene_01_DT0000205230-Z0369,8,194,3074.52392578125,,unavailable in GeoTIFF; band index reported
scene_01_DT0000205230-Z0369,8,195,3159.442138671875,4669.994273505627,unavailable in GeoTIFF; band index reported
scene_01_DT0000205230-Z0369,8,196,3221.0703125,,unavailable in GeoTIFF; band index reported
scene_01_DT0000205230-Z0369,8,197,3213.98876953125,,unavailable in GeoTIFF; band index reported
scene_01_DT0000205230-Z0369,8,198,3197.099853515625,,unavailable in GeoTIFF; band index reported
scene_01_DT0000205230-Z0369,8,199,3185.01123046875,,unavailable in GeoTIFF; band index reported
scene_01_DT0000205230-Z0369,8,200,3190.755126953125,,unavailable in GeoTIFF; band index reported
scene_01_DT0000205230-Z0369,8,201,3170.95458984375,,unavailable in GeoTIFF; band index reported
scene_01_DT0000205230-Z0369,8,202,3161.301513671875,4693.603468694764,unavailable in GeoTIFF; band index reported
scene_01_DT0000205230-Z0369,8,203,3155.099853515625,,unavailable in GeoTIFF; band index reported
scene_01_DT0000205230-Z0369,8,204,3098.677978515625,,unavailable in GeoTIFF; band index reported
scene_01_DT0000205230-Z0369,8,205,3046.213134765625,,unavailable in GeoTIFF; band index reported
scene_01_DT0000205230-Z0369,8,206,3050.374267578125,,unavailable in GeoTIFF; band index reported
scene_01_DT0000205230-Z0369,8,207,3034.7958984375,,unavailable in GeoTIFF; band index reported
scene_01_DT0000205230-Z0369,8,208,2975.41259765625,,unavailable in GeoTIFF; band index reported
scene_01_DT0000205230-Z0369,8,209,2998.589599609375,4418.7326716944735,unavailable in GeoTIFF; band index reported
scene_01_DT0000205230-Z0369,8,210,2964.18603515625,,unavailable in GeoTIFF; band index reported
scene_01_DT0000205230-Z0369,8,211,2922.333251953125,,unavailable in GeoTIFF; band index reported
scene_01_DT0000205230-Z0369,8,212,2903.353759765625,,unavailable in GeoTIFF; band index reported
scene_01_DT0000205230-Z0369,8,213,2954.5986328125,,unavailable in GeoTIFF; band index reported
scene_01_DT0000205230-Z0369,8,214,2914.406005859375,,unavailable in GeoTIFF; band index reported
scene_01_DT0000205230-Z0369,8,215,2878.548828125,,unavailable in GeoTIFF; band index reported
scene_01_DT0000205230-Z0369,8,216,2832.233642578125,4194.452591104376,unavailable in GeoTIFF; band index reported
scene_01_DT0000205230-Z0369,8,217,2841.093017578125,,unavailable in GeoTIFF; band index reported
scene_01_DT0000205230-Z0369,8,218,2856.199462890625,,unavailable in GeoTIFF; band index reported
scene_01_DT0000205230-Z0369,8,219,2803.451171875,,unavailable in GeoTIFF; band index reported
scene_01_DT0000205230-Z0369,8,220,2741.6826171875,,unavailable in GeoTIFF; band index reported
scene_01_DT0000205230-Z0369,8,221,2733.396728515625,,unavailable in GeoTIFF; band index reported
scene_01_DT0000205230-Z0369,8,222,2805.734619140625,,unavailable in GeoTIFF; band index reported
scene_01_DT0000205230-Z0369,8,223,2695.6552734375,,unavailable in GeoTIFF; band index reported
scene_01_DT0000205230-Z0369,8,224,2738.836669921875,3914.243214639081,unavailable in GeoTIFF; band index reported
scene_01_DT0000205230-Z0119,9,1,629.4619140625,917.0602603405777,unavailable in GeoTIFF; band index reported
scene_01_DT0000205230-Z0119,9,2,632.5278930664062,,unavailable in GeoTIFF; band index reported
scene_01_DT0000205230-Z0119,9,3,671.3248901367188,,unavailable in GeoTIFF; band index reported
scene_01_DT0000205230-Z0119,9,4,712.4568481445312,,unavailable in GeoTIFF; band index reported
scene_01_DT0000205230-Z0119,9,5,743.5989990234375,,unavailable in GeoTIFF; band index reported
scene_01_DT0000205230-Z0119,9,6,761.7106323242188,,unavailable in GeoTIFF; band index reported
scene_01_DT0000205230-Z0119,9,7,790.3096313476562,,unavailable in GeoTIFF; band index reported
scene_01_DT0000205230-Z0119,9,8,815.7512817382812,1232.1687807391233,unavailable in GeoTIFF; band index reported
scene_01_DT0000205230-Z0119,9,9,832.2030639648438,,unavailable in GeoTIFF; band index reported
scene_01_DT0000205230-Z0119,9,10,856.390869140625,,unavailable in GeoTIFF; band index reported
scene_01_DT0000205230-Z0119,9,11,864.0405883789062,,unavailable in GeoTIFF; band index reported
scene_01_DT0000205230-Z0119,9,12,871.0405883789062,,unavailable in GeoTIFF; band index reported
scene_01_DT0000205230-Z0119,9,13,886.2791748046875,,unavailable in GeoTIFF; band index reported
scene_01_DT0000205230-Z0119,9,14,909.4619140625,,unavailable in GeoTIFF; band index reported
scene_01_DT0000205230-Z0119,9,15,943.974609375,1425.9121730718762,unavailable in GeoTIFF; band index reported
scene_01_DT0000205230-Z0119,9,16,948.7715454101562,,unavailable in GeoTIFF; band index reported
scene_01_DT0000205230-Z0119,9,17,971.6192626953125,,unavailable in GeoTIFF; band index reported
scene_01_DT0000205230-Z0119,9,18,1008.878173828125,,unavailable in GeoTIFF; band index reported
scene_01_DT0000205230-Z0119,9,19,1035.5533447265625,,unavailable in GeoTIFF; band index reported
scene_01_DT0000205230-Z0119,9,20,1070.0557861328125,,unavailable in GeoTIFF; band index reported
scene_01_DT0000205230-Z0119,9,21,1108.852783203125,,unavailable in GeoTIFF; band index reported
scene_01_DT0000205230-Z0119,9,22,1146.005126953125,1812.7965806589375,unavailable in GeoTIFF; band index reported
scene_01_DT0000205230-Z0119,9,23,1180.507568359375,,unavailable in GeoTIFF; band index reported
scene_01_DT0000205230-Z0119,9,24,1225.076171875,,unavailable in GeoTIFF; band index reported
scene_01_DT0000205230-Z0119,9,25,1271.5787353515625,,unavailable in GeoTIFF; band index reported
scene_01_DT0000205230-Z0119,9,26,1321.969482421875,,unavailable in GeoTIFF; band index reported
scene_01_DT0000205230-Z0119,9,27,1365.6446533203125,,unavailable in GeoTIFF; band index reported
scene_01_DT0000205230-Z0119,9,28,1416.979736328125,,unavailable in GeoTIFF; band index reported
scene_01_DT0000205230-Z0119,9,29,1474.29443359375,2378.0732384444686,unavailable in GeoTIFF; band index reported
scene_01_DT0000205230-Z0119,9,30,1528.5482177734375,,unavailable in GeoTIFF; band index reported
scene_01_DT0000205230-Z0119,9,31,1591.5989990234375,,unavailable in GeoTIFF; band index reported
scene_01_DT0000205230-Z0119,9,32,1654.4212646484375,,unavailable in GeoTIFF; band index reported
scene_01_DT0000205230-Z0119,9,33,1708.7410888671875,,unavailable in GeoTIFF; band index reported
scene_01_DT0000205230-Z0119,9,34,1771.4263916015625,,unavailable in GeoTIFF; band index reported
scene_01_DT0000205230-Z0119,9,35,1824.289306640625,,unavailable in GeoTIFF; band index reported
scene_01_DT0000205230-Z0119,9,36,1875.1878662109375,3052.808919434462,unavailable in GeoTIFF; band index reported
scene_01_DT0000205230-Z0119,9,37,1921.4974365234375,,unavailable in GeoTIFF; band index reported
scene_01_DT0000205230-Z0119,9,38,1957.9442138671875,,unavailable in GeoTIFF; band index reported
scene_01_DT0000205230-Z0119,9,39,1992.8934326171875,,unavailable in GeoTIFF; band index reported
scene_01_DT0000205230-Z0119,9,40,2019.390869140625,,unavailable in GeoTIFF; band index reported
scene_01_DT0000205230-Z0119,9,41,2057.431396484375,,unavailable in GeoTIFF; band index reported
scene_01_DT0000205230-Z0119,9,42,2077.136962890625,,unavailable in GeoTIFF; band index reported
scene_01_DT0000205230-Z0119,9,43,2098.182861328125,,unavailable in GeoTIFF; band index reported
scene_01_DT0000205230-Z0119,9,44,2136.25390625,3452.7579941120193,unavailable in GeoTIFF; band index reported
scene_01_DT0000205230-Z0119,9,45,2176.68017578125,,unavailable in GeoTIFF; band index reported
scene_01_DT0000205230-Z0119,9,46,2196.39599609375,,unavailable in GeoTIFF; band index reported
scene_01_DT0000205230-Z0119,9,47,2219.507568359375,,unavailable in GeoTIFF; band index reported
scene_01_DT0000205230-Z0119,9,48,2251.055908203125,,unavailable in GeoTIFF; band index reported
scene_01_DT0000205230-Z0119,9,49,2267.751220703125,,unavailable in GeoTIFF; band index reported
scene_01_DT0000205230-Z0119,9,50,2282.086181640625,,unavailable in GeoTIFF; band index reported
scene_01_DT0000205230-Z0119,9,51,2334.34521484375,3726.9295512530684,unavailable in GeoTIFF; band index reported
scene_01_DT0000205230-Z0119,9,52,2365.74609375,,unavailable in GeoTIFF; band index reported
scene_01_DT0000205230-Z0119,9,53,2398.90869140625,,unavailable in GeoTIFF; band index reported
scene_01_DT0000205230-Z0119,9,54,2407.086181640625,,unavailable in GeoTIFF; band index reported
scene_01_DT0000205230-Z0119,9,55,2443.441650390625,,unavailable in GeoTIFF; band index reported
scene_01_DT0000205230-Z0119,9,56,2490.720703125,,unavailable in GeoTIFF; band index reported
scene_01_DT0000205230-Z0119,9,57,2544.786865234375,,unavailable in GeoTIFF; band index reported
scene_01_DT0000205230-Z0119,9,58,2548.75634765625,4007.177645123073,unavailable in GeoTIFF; band index reported
scene_01_DT0000205230-Z0119,9,59,2571.5634765625,,unavailable in GeoTIFF; band index reported
scene_01_DT0000205230-Z0119,9,60,2568.162353515625,,unavailable in GeoTIFF; band index reported
scene_01_DT0000205230-Z0119,9,61,2657.162353515625,,unavailable in GeoTIFF; band index reported
scene_01_DT0000205230-Z0119,9,62,2427.071044921875,,unavailable in GeoTIFF; band index reported
scene_01_DT0000205230-Z0119,9,63,2670.3603515625,,unavailable in GeoTIFF; band index reported
scene_01_DT0000205230-Z0119,9,64,2703.5888671875,,unavailable in GeoTIFF; band index reported
scene_01_DT0000205230-Z0119,9,65,2721.761474609375,4159.730422748184,unavailable in GeoTIFF; band index reported
scene_01_DT0000205230-Z0119,9,66,2748.8984375,,unavailable in GeoTIFF; band index reported
scene_01_DT0000205230-Z0119,9,67,2771.720703125,,unavailable in GeoTIFF; band index reported
scene_01_DT0000205230-Z0119,9,68,2819.31982421875,,unavailable in GeoTIFF; band index reported
scene_01_DT0000205230-Z0119,9,69,2818.5380859375,,unavailable in GeoTIFF; band index reported
scene_01_DT0000205230-Z0119,9,70,2849.355224609375,,unavailable in GeoTIFF; band index reported
scene_01_DT0000205230-Z0119,9,71,2807.365478515625,,unavailable in GeoTIFF; band index reported
scene_01_DT0000205230-Z0119,9,72,2861.2841796875,4216.483716818321,unavailable in GeoTIFF; band index reported
scene_01_DT0000205230-Z0119,9,73,2830.6650390625,,unavailable in GeoTIFF; band index reported
scene_01_DT0000205230-Z0119,9,74,2845.93896484375,,unavailable in GeoTIFF; band index reported
scene_01_DT0000205230-Z0119,9,75,2864.228515625,,unavailable in GeoTIFF; band index reported
scene_01_DT0000205230-Z0119,9,76,2844.274169921875,,unavailable in GeoTIFF; band index reported
scene_01_DT0000205230-Z0119,9,77,2889.954345703125,,unavailable in GeoTIFF; band index reported
scene_01_DT0000205230-Z0119,9,78,2864.670166015625,,unavailable in GeoTIFF; band index reported
scene_01_DT0000205230-Z0119,9,79,2899.96435546875,,unavailable in GeoTIFF; band index reported
scene_01_DT0000205230-Z0119,9,80,2966.7412109375,4232.014678740068,unavailable in GeoTIFF; band index reported
scene_01_DT0000205230-Z0119,9,81,2911.329833984375,,unavailable in GeoTIFF; band index reported
scene_01_DT0000205230-Z0119,9,82,2967.568603515625,,unavailable in GeoTIFF; band index reported
scene_01_DT0000205230-Z0119,9,83,2896.39599609375,,unavailable in GeoTIFF; band index reported
scene_01_DT0000205230-Z0119,9,84,2798.39599609375,,unavailable in GeoTIFF; band index reported
scene_01_DT0000205230-Z0119,9,85,3013.11669921875,,unavailable in GeoTIFF; band index reported
scene_01_DT0000205230-Z0119,9,86,3025.228515625,,unavailable in GeoTIFF; band index reported
scene_01_DT0000205230-Z0119,9,87,2921.406005859375,4099.515230214146,unavailable in GeoTIFF; band index reported
scene_01_DT0000205230-Z0119,9,88,3108.6904296875,,unavailable in GeoTIFF; band index reported
scene_01_DT0000205230-Z0119,9,89,3113.49755859375,,unavailable in GeoTIFF; band index reported
scene_01_DT0000205230-Z0119,9,90,3129.619384765625,,unavailable in GeoTIFF; band index reported
scene_01_DT0000205230-Z0119,9,91,3058.1015625,,unavailable in GeoTIFF; band index reported
scene_01_DT0000205230-Z0119,9,92,3008.39599609375,,unavailable in GeoTIFF; band index reported
scene_01_DT0000205230-Z0119,9,93,2964.863037109375,,unavailable in GeoTIFF; band index reported
scene_01_DT0000205230-Z0119,9,94,3043.583740234375,4259.310714130656,unavailable in GeoTIFF; band index reported
scene_01_DT0000205230-Z0119,9,95,3032.507568359375,,unavailable in GeoTIFF; band index reported
scene_01_DT0000205230-Z0119,9,96,3120.6904296875,,unavailable in GeoTIFF; band index reported
scene_01_DT0000205230-Z0119,9,97,3057.37060546875,,unavailable in GeoTIFF; band index reported
scene_01_DT0000205230-Z0119,9,98,3145.111572265625,,unavailable in GeoTIFF; band index reported
scene_01_DT0000205230-Z0119,9,99,3080.507568359375,,unavailable in GeoTIFF; band index reported
scene_01_DT0000205230-Z0119,9,100,3176.380615234375,,unavailable in GeoTIFF; band index reported
scene_01_DT0000205230-Z0119,9,101,3105.598876953125,4276.150670826721,unavailable in GeoTIFF; band index reported
scene_01_DT0000205230-Z0119,9,102,3199.624267578125,,unavailable in GeoTIFF; band index reported
scene_01_DT0000205230-Z0119,9,103,3227.812255859375,,unavailable in GeoTIFF; band index reported
scene_01_DT0000205230-Z0119,9,104,3251.568603515625,,unavailable in GeoTIFF; band index reported
scene_01_DT0000205230-Z0119,9,105,3274.01025390625,,unavailable in GeoTIFF; band index reported
scene_01_DT0000205230-Z0119,9,106,3293.0,,unavailable in GeoTIFF; band index reported
scene_01_DT0000205230-Z0119,9,107,3324.5634765625,,unavailable in GeoTIFF; band index reported
scene_01_DT0000205230-Z0119,9,108,3361.49755859375,4540.5920961105885,unavailable in GeoTIFF; band index reported
scene_01_DT0000205230-Z0119,9,109,3386.659912109375,,unavailable in GeoTIFF; band index reported
scene_01_DT0000205230-Z0119,9,110,3434.624267578125,,unavailable in GeoTIFF; band index reported
scene_01_DT0000205230-Z0119,9,111,3471.228515625,,unavailable in GeoTIFF; band index reported
scene_01_DT0000205230-Z0119,9,112,3444.045654296875,,unavailable in GeoTIFF; band index reported
scene_01_DT0000205230-Z0119,9,113,3626.954345703125,,unavailable in GeoTIFF; band index reported
scene_01_DT0000205230-Z0119,9,114,3636.01025390625,,unavailable in GeoTIFF; band index reported
scene_01_DT0000205230-Z0119,9,115,3509.11669921875,,unavailable in GeoTIFF; band index reported
scene_01_DT0000205230-Z0119,9,116,3559.350341796875,4718.103568199837,unavailable in GeoTIFF; band index reported
scene_01_DT0000205230-Z0119,9,117,3646.670166015625,,unavailable in GeoTIFF; band index reported
scene_01_DT0000205230-Z0119,9,118,3720.54833984375,,unavailable in GeoTIFF; band index reported
scene_01_DT0000205230-Z0119,9,119,3745.44677734375,,unavailable in GeoTIFF; band index reported
scene_01_DT0000205230-Z0119,9,120,3748.609130859375,,unavailable in GeoTIFF; band index reported
scene_01_DT0000205230-Z0119,9,121,3778.517822265625,,unavailable in GeoTIFF; band index reported
scene_01_DT0000205230-Z0119,9,122,3796.106689453125,,unavailable in GeoTIFF; band index reported
scene_01_DT0000205230-Z0119,9,123,3825.04052734375,5005.2038251084705,unavailable in GeoTIFF; band index reported
scene_01_DT0000205230-Z0119,9,124,3874.8984375,,unavailable in GeoTIFF; band index reported
scene_01_DT0000205230-Z0119,9,125,3910.593994140625,,unavailable in GeoTIFF; band index reported
scene_01_DT0000205230-Z0119,9,126,3893.65478515625,,unavailable in GeoTIFF; band index reported
scene_01_DT0000205230-Z0119,9,127,3892.16748046875,,unavailable in GeoTIFF; band index reported
scene_01_DT0000205230-Z0119,9,128,3904.863037109375,,unavailable in GeoTIFF; band index reported
scene_01_DT0000205230-Z0119,9,129,3909.685302734375,,unavailable in GeoTIFF; band index reported
scene_01_DT0000205230-Z0119,9,130,3915.994873046875,5124.159687144271,unavailable in GeoTIFF; band index reported
scene_01_DT0000205230-Z0119,9,131,-32768.0,,unavailable in GeoTIFF; band index reported
scene_01_DT0000205230-Z0119,9,132,-32768.0,,unavailable in GeoTIFF; band index reported
scene_01_DT0000205230-Z0119,9,133,-32768.0,,unavailable in GeoTIFF; band index reported
scene_01_DT0000205230-Z0119,9,134,-32768.0,,unavailable in GeoTIFF; band index reported
scene_01_DT0000205230-Z0119,9,135,-32768.0,,unavailable in GeoTIFF; band index reported
scene_01_DT0000205230-Z0119,9,136,3964.54833984375,,unavailable in GeoTIFF; band index reported
scene_01_DT0000205230-Z0119,9,137,4149.2080078125,5245.826935621986,unavailable in GeoTIFF; band index reported
scene_01_DT0000205230-Z0119,9,138,4020.507568359375,,unavailable in GeoTIFF; band index reported
scene_01_DT0000205230-Z0119,9,139,3976.11669921875,,unavailable in GeoTIFF; band index reported
scene_01_DT0000205230-Z0119,9,140,4037.172607421875,,unavailable in GeoTIFF; band index reported
scene_01_DT0000205230-Z0119,9,141,4108.74609375,,unavailable in GeoTIFF; band index reported
scene_01_DT0000205230-Z0119,9,142,4155.08642578125,,unavailable in GeoTIFF; band index reported
scene_01_DT0000205230-Z0119,9,143,4169.720703125,,unavailable in GeoTIFF; band index reported
scene_01_DT0000205230-Z0119,9,144,4183.13720703125,5222.882217712209,unavailable in GeoTIFF; band index reported
scene_01_DT0000205230-Z0119,9,145,4204.73583984375,,unavailable in GeoTIFF; band index reported
scene_01_DT0000205230-Z0119,9,146,4219.25390625,,unavailable in GeoTIFF; band index reported
scene_01_DT0000205230-Z0119,9,147,4225.9443359375,,unavailable in GeoTIFF; band index reported
scene_01_DT0000205230-Z0119,9,148,4228.83251953125,,unavailable in GeoTIFF; band index reported
scene_01_DT0000205230-Z0119,9,149,4253.19775390625,,unavailable in GeoTIFF; band index reported
scene_01_DT0000205230-Z0119,9,150,4254.50244140625,,unavailable in GeoTIFF; band index reported
scene_01_DT0000205230-Z0119,9,151,4253.85791015625,,unavailable in GeoTIFF; band index reported
scene_01_DT0000205230-Z0119,9,152,4256.517578125,5253.7238336902,unavailable in GeoTIFF; band index reported
scene_01_DT0000205230-Z0119,9,153,4257.16259765625,,unavailable in GeoTIFF; band index reported
scene_01_DT0000205230-Z0119,9,154,4277.22314453125,,unavailable in GeoTIFF; band index reported
scene_01_DT0000205230-Z0119,9,155,4272.42626953125,,unavailable in GeoTIFF; band index reported
scene_01_DT0000205230-Z0119,9,156,4288.8681640625,,unavailable in GeoTIFF; band index reported
scene_01_DT0000205230-Z0119,9,157,4285.06591796875,,unavailable in GeoTIFF; band index reported
scene_01_DT0000205230-Z0119,9,158,4284.77685546875,,unavailable in GeoTIFF; band index reported
scene_01_DT0000205230-Z0119,9,159,4293.13720703125,5264.417496137013,unavailable in GeoTIFF; band index reported
scene_01_DT0000205230-Z0119,9,160,4297.4365234375,,unavailable in GeoTIFF; band index reported
scene_01_DT0000205230-Z0119,9,161,4289.18798828125,,unavailable in GeoTIFF; band index reported
scene_01_DT0000205230-Z0119,9,162,4283.1064453125,,unavailable in GeoTIFF; band index reported
scene_01_DT0000205230-Z0119,9,163,4287.6953125,,unavailable in GeoTIFF; band index reported
scene_01_DT0000205230-Z0119,9,164,4258.0458984375,,unavailable in GeoTIFF; band index reported
scene_01_DT0000205230-Z0119,9,165,4221.62451171875,,unavailable in GeoTIFF; band index reported
scene_01_DT0000205230-Z0119,9,166,4154.74609375,5057.993610688144,unavailable in GeoTIFF; band index reported
scene_01_DT0000205230-Z0119,9,167,3595.365478515625,,unavailable in GeoTIFF; band index reported
scene_01_DT0000205230-Z0119,9,168,3807.162353515625,,unavailable in GeoTIFF; band index reported
scene_01_DT0000205230-Z0119,9,169,3978.39599609375,,unavailable in GeoTIFF; band index reported
scene_01_DT0000205230-Z0119,9,170,3846.030517578125,,unavailable in GeoTIFF; band index reported
scene_01_DT0000205230-Z0119,9,171,3259.837646484375,,unavailable in GeoTIFF; band index reported
scene_01_DT0000205230-Z0119,9,172,3419.39599609375,,unavailable in GeoTIFF; band index reported
scene_01_DT0000205230-Z0119,9,173,3720.329833984375,4797.249264813836,unavailable in GeoTIFF; band index reported
scene_01_DT0000205230-Z0119,9,174,3990.52294921875,,unavailable in GeoTIFF; band index reported
scene_01_DT0000205230-Z0119,9,175,4080.086181640625,,unavailable in GeoTIFF; band index reported
scene_01_DT0000205230-Z0119,9,176,3953.355224609375,,unavailable in GeoTIFF; band index reported
scene_01_DT0000205230-Z0119,9,177,3923.482177734375,,unavailable in GeoTIFF; band index reported
scene_01_DT0000205230-Z0119,9,178,3893.132080078125,,unavailable in GeoTIFF; band index reported
scene_01_DT0000205230-Z0119,9,179,3954.492431640625,,unavailable in GeoTIFF; band index reported
scene_01_DT0000205230-Z0119,9,180,3929.182861328125,5133.687412636362,unavailable in GeoTIFF; band index reported
scene_01_DT0000205230-Z0119,9,181,3926.6142578125,,unavailable in GeoTIFF; band index reported
scene_01_DT0000205230-Z0119,9,182,3925.913818359375,,unavailable in GeoTIFF; band index reported
scene_01_DT0000205230-Z0119,9,183,3863.78173828125,,unavailable in GeoTIFF; band index reported
scene_01_DT0000205230-Z0119,9,184,3846.05078125,,unavailable in GeoTIFF; band index reported
scene_01_DT0000205230-Z0119,9,185,3796.020263671875,,unavailable in GeoTIFF; band index reported
scene_01_DT0000205230-Z0119,9,186,3697.6953125,,unavailable in GeoTIFF; band index reported
scene_01_DT0000205230-Z0119,9,187,3572.1015625,,unavailable in GeoTIFF; band index reported
scene_01_DT0000205230-Z0119,9,188,3435.55322265625,4977.3868299771475,unavailable in GeoTIFF; band index reported
scene_01_DT0000205230-Z0119,9,189,3309.6396484375,,unavailable in GeoTIFF; band index reported
scene_01_DT0000205230-Z0119,9,190,3264.380615234375,,unavailable in GeoTIFF; band index reported
scene_01_DT0000205230-Z0119,9,191,3233.01025390625,,unavailable in GeoTIFF; band index reported
scene_01_DT0000205230-Z0119,9,192,3235.649658203125,,unavailable in GeoTIFF; band index reported
scene_01_DT0000205230-Z0119,9,193,3127.157470703125,,unavailable in GeoTIFF; band index reported
scene_01_DT0000205230-Z0119,9,194,2981.426513671875,,unavailable in GeoTIFF; band index reported
scene_01_DT0000205230-Z0119,9,195,3194.49755859375,4669.994273505627,unavailable in GeoTIFF; band index reported
scene_01_DT0000205230-Z0119,9,196,3384.802001953125,,unavailable in GeoTIFF; band index reported
scene_01_DT0000205230-Z0119,9,197,3438.456787109375,,unavailable in GeoTIFF; band index reported
scene_01_DT0000205230-Z0119,9,198,3423.314697265625,,unavailable in GeoTIFF; band index reported
scene_01_DT0000205230-Z0119,9,199,3387.57861328125,,unavailable in GeoTIFF; band index reported
scene_01_DT0000205230-Z0119,9,200,3378.685302734375,,unavailable in GeoTIFF; band index reported
scene_01_DT0000205230-Z0119,9,201,3359.85791015625,,unavailable in GeoTIFF; band index reported
scene_01_DT0000205230-Z0119,9,202,3340.7158203125,4693.603468694764,unavailable in GeoTIFF; band index reported
scene_01_DT0000205230-Z0119,9,203,3307.340087890625,,unavailable in GeoTIFF; band index reported
scene_01_DT0000205230-Z0119,9,204,3218.852783203125,,unavailable in GeoTIFF; band index reported
scene_01_DT0000205230-Z0119,9,205,3132.248779296875,,unavailable in GeoTIFF; band index reported
scene_01_DT0000205230-Z0119,9,206,3123.19287109375,,unavailable in GeoTIFF; band index reported
scene_01_DT0000205230-Z0119,9,207,3101.380615234375,,unavailable in GeoTIFF; band index reported
scene_01_DT0000205230-Z0119,9,208,3037.90869140625,,unavailable in GeoTIFF; band index reported
scene_01_DT0000205230-Z0119,9,209,3056.918701171875,4418.7326716944735,unavailable in GeoTIFF; band index reported
scene_01_DT0000205230-Z0119,9,210,3023.096435546875,,unavailable in GeoTIFF; band index reported
scene_01_DT0000205230-Z0119,9,211,2960.177734375,,unavailable in GeoTIFF; band index reported
scene_01_DT0000205230-Z0119,9,212,2925.390869140625,,unavailable in GeoTIFF; band index reported
scene_01_DT0000205230-Z0119,9,213,2990.126953125,,unavailable in GeoTIFF; band index reported
scene_01_DT0000205230-Z0119,9,214,2956.025390625,,unavailable in GeoTIFF; band index reported
scene_01_DT0000205230-Z0119,9,215,2892.2333984375,,unavailable in GeoTIFF; band index reported
scene_01_DT0000205230-Z0119,9,216,2839.213134765625,4194.452591104376,unavailable in GeoTIFF; band index reported
scene_01_DT0000205230-Z0119,9,217,2859.055908203125,,unavailable in GeoTIFF; band index reported
scene_01_DT0000205230-Z0119,9,218,2903.26904296875,,unavailable in GeoTIFF; band index reported
scene_01_DT0000205230-Z0119,9,219,2857.06103515625,,unavailable in GeoTIFF; band index reported
scene_01_DT0000205230-Z0119,9,220,2795.380615234375,,unavailable in GeoTIFF; band index reported
scene_01_DT0000205230-Z0119,9,221,2788.406005859375,,unavailable in GeoTIFF; band index reported
scene_01_DT0000205230-Z0119,9,222,2852.1015625,,unavailable in GeoTIFF; band index reported
scene_01_DT0000205230-Z0119,9,223,2720.16748046875,,unavailable in GeoTIFF; band index reported
scene_01_DT0000205230-Z0119,9,224,2754.177734375,3914.243214639081,unavailable in GeoTIFF; band index reported
scene_01_DT0000205230-Z0065,10,1,730.1912841796875,917.0602603405777,unavailable in GeoTIFF; band index reported
scene_01_DT0000205230-Z0065,10,2,740.7767944335938,,unavailable in GeoTIFF; band index reported
scene_01_DT0000205230-Z0065,10,3,769.4521484375,,unavailable in GeoTIFF; band index reported
scene_01_DT0000205230-Z0065,10,4,809.31884765625,,unavailable in GeoTIFF; band index reported
scene_01_DT0000205230-Z0065,10,5,841.5536499023438,,unavailable in GeoTIFF; band index reported
scene_01_DT0000205230-Z0065,10,6,867.747802734375,,unavailable in GeoTIFF; band index reported
scene_01_DT0000205230-Z0065,10,7,900.91015625,,unavailable in GeoTIFF; band index reported
scene_01_DT0000205230-Z0065,10,8,925.9072265625,1232.1687807391233,unavailable in GeoTIFF; band index reported
scene_01_DT0000205230-Z0065,10,9,934.6695556640625,,unavailable in GeoTIFF; band index reported
scene_01_DT0000205230-Z0065,10,10,960.6492919921875,,unavailable in GeoTIFF; band index reported
scene_01_DT0000205230-Z0065,10,11,971.9014282226562,,unavailable in GeoTIFF; band index reported
scene_01_DT0000205230-Z0065,10,12,978.8985595703125,,unavailable in GeoTIFF; band index reported
scene_01_DT0000205230-Z0065,10,13,995.2782592773438,,unavailable in GeoTIFF; band index reported
scene_01_DT0000205230-Z0065,10,14,1027.1304931640625,,unavailable in GeoTIFF; band index reported
scene_01_DT0000205230-Z0065,10,15,1050.0377197265625,1425.9121730718762,unavailable in GeoTIFF; band index reported
scene_01_DT0000205230-Z0065,10,16,1072.50146484375,,unavailable in GeoTIFF; band index reported
scene_01_DT0000205230-Z0065,10,17,1101.753662109375,,unavailable in GeoTIFF; band index reported
scene_01_DT0000205230-Z0065,10,18,1131.478271484375,,unavailable in GeoTIFF; band index reported
scene_01_DT0000205230-Z0065,10,19,1165.2840576171875,,unavailable in GeoTIFF; band index reported
scene_01_DT0000205230-Z0065,10,20,1200.68115234375,,unavailable in GeoTIFF; band index reported
scene_01_DT0000205230-Z0065,10,21,1240.0318603515625,,unavailable in GeoTIFF; band index reported
scene_01_DT0000205230-Z0065,10,22,1273.156494140625,1812.7965806589375,unavailable in GeoTIFF; band index reported
scene_01_DT0000205230-Z0065,10,23,1313.518798828125,,unavailable in GeoTIFF; band index reported
scene_01_DT0000205230-Z0065,10,24,1354.4898681640625,,unavailable in GeoTIFF; band index reported
scene_01_DT0000205230-Z0065,10,25,1397.1448974609375,,unavailable in GeoTIFF; band index reported
scene_01_DT0000205230-Z0065,10,26,1449.68115234375,,unavailable in GeoTIFF; band index reported
scene_01_DT0000205230-Z0065,10,27,1499.5333251953125,,unavailable in GeoTIFF; band index reported
scene_01_DT0000205230-Z0065,10,28,1548.153564453125,,unavailable in GeoTIFF; band index reported
scene_01_DT0000205230-Z0065,10,29,1605.9449462890625,2378.0732384444686,unavailable in GeoTIFF; band index reported
scene_01_DT0000205230-Z0065,10,30,1660.13330078125,,unavailable in GeoTIFF; band index reported
scene_01_DT0000205230-Z0065,10,31,1728.7420654296875,,unavailable in GeoTIFF; band index reported
scene_01_DT0000205230-Z0065,10,32,1781.933349609375,,unavailable in GeoTIFF; band index reported
scene_01_DT0000205230-Z0065,10,33,1834.13330078125,,unavailable in GeoTIFF; band index reported
scene_01_DT0000205230-Z0065,10,34,1890.5303955078125,,unavailable in GeoTIFF; band index reported
scene_01_DT0000205230-Z0065,10,35,1941.8057861328125,,unavailable in GeoTIFF; band index reported
scene_01_DT0000205230-Z0065,10,36,1986.933349609375,3052.808919434462,unavailable in GeoTIFF; band index reported
scene_01_DT0000205230-Z0065,10,37,2031.800048828125,,unavailable in GeoTIFF; band index reported
scene_01_DT0000205230-Z0065,10,38,2072.797119140625,,unavailable in GeoTIFF; band index reported
scene_01_DT0000205230-Z0065,10,39,2103.988525390625,,unavailable in GeoTIFF; band index reported
scene_01_DT0000205230-Z0065,10,40,2127.67529296875,,unavailable in GeoTIFF; band index reported
scene_01_DT0000205230-Z0065,10,41,2162.22607421875,,unavailable in GeoTIFF; band index reported
scene_01_DT0000205230-Z0065,10,42,2184.924560546875,,unavailable in GeoTIFF; band index reported
scene_01_DT0000205230-Z0065,10,43,2197.9970703125,,unavailable in GeoTIFF; band index reported
scene_01_DT0000205230-Z0065,10,44,2235.110107421875,3452.7579941120193,unavailable in GeoTIFF; band index reported
scene_01_DT0000205230-Z0065,10,45,2267.655029296875,,unavailable in GeoTIFF; band index reported
scene_01_DT0000205230-Z0065,10,46,2290.32763671875,,unavailable in GeoTIFF; band index reported
scene_01_DT0000205230-Z0065,10,47,2316.23779296875,,unavailable in GeoTIFF; band index reported
scene_01_DT0000205230-Z0065,10,48,2331.67529296875,,unavailable in GeoTIFF; band index reported
scene_01_DT0000205230-Z0065,10,49,2360.94775390625,,unavailable in GeoTIFF; band index reported
scene_01_DT0000205230-Z0065,10,50,2362.791259765625,,unavailable in GeoTIFF; band index reported
scene_01_DT0000205230-Z0065,10,51,2416.359375,3726.9295512530684,unavailable in GeoTIFF; band index reported
scene_01_DT0000205230-Z0065,10,52,2439.3740234375,,unavailable in GeoTIFF; band index reported
scene_01_DT0000205230-Z0065,10,53,2464.484130859375,,unavailable in GeoTIFF; band index reported
scene_01_DT0000205230-Z0065,10,54,2479.455078125,,unavailable in GeoTIFF; band index reported
scene_01_DT0000205230-Z0065,10,55,2506.67236328125,,unavailable in GeoTIFF; band index reported
scene_01_DT0000205230-Z0065,10,56,2558.194091796875,,unavailable in GeoTIFF; band index reported
scene_01_DT0000205230-Z0065,10,57,2604.41455078125,,unavailable in GeoTIFF; band index reported
scene_01_DT0000205230-Z0065,10,58,2607.5419921875,4007.177645123073,unavailable in GeoTIFF; band index reported
scene_01_DT0000205230-Z0065,10,59,2626.9130859375,,unavailable in GeoTIFF; band index reported
scene_01_DT0000205230-Z0065,10,60,2614.886962890625,,unavailable in GeoTIFF; band index reported
scene_01_DT0000205230-Z0065,10,61,2700.165283203125,,unavailable in GeoTIFF; band index reported
scene_01_DT0000205230-Z0065,10,62,2492.205810546875,,unavailable in GeoTIFF; band index reported
scene_01_DT0000205230-Z0065,10,63,2706.30712890625,,unavailable in GeoTIFF; band index reported
scene_01_DT0000205230-Z0065,10,64,2742.805908203125,,unavailable in GeoTIFF; band index reported
scene_01_DT0000205230-Z0065,10,65,2768.95361328125,4159.730422748184,unavailable in GeoTIFF; band index reported
scene_01_DT0000205230-Z0065,10,66,2780.985595703125,,unavailable in GeoTIFF; band index reported
scene_01_DT0000205230-Z0065,10,67,2797.211669921875,,unavailable in GeoTIFF; band index reported
scene_01_DT0000205230-Z0065,10,68,2835.60009765625,,unavailable in GeoTIFF; band index reported
scene_01_DT0000205230-Z0065,10,69,2853.515869140625,,unavailable in GeoTIFF; band index reported
scene_01_DT0000205230-Z0065,10,70,2873.057861328125,,unavailable in GeoTIFF; band index reported
scene_01_DT0000205230-Z0065,10,71,2830.617431640625,,unavailable in GeoTIFF; band index reported
scene_01_DT0000205230-Z0065,10,72,2859.243408203125,4216.483716818321,unavailable in GeoTIFF; band index reported
scene_01_DT0000205230-Z0065,10,73,2857.095703125,,unavailable in GeoTIFF; band index reported
scene_01_DT0000205230-Z0065,10,74,2837.77685546875,,unavailable in GeoTIFF; band index reported
scene_01_DT0000205230-Z0065,10,75,2888.939208984375,,unavailable in GeoTIFF; band index reported
scene_01_DT0000205230-Z0065,10,76,2839.8115234375,,unavailable in GeoTIFF; band index reported
scene_01_DT0000205230-Z0065,10,77,2881.73046875,,unavailable in GeoTIFF; band index reported
scene_01_DT0000205230-Z0065,10,78,2879.2666015625,,unavailable in GeoTIFF; band index reported
scene_01_DT0000205230-Z0065,10,79,2879.9912109375,,unavailable in GeoTIFF; band index reported
scene_01_DT0000205230-Z0065,10,80,2946.40869140625,4232.014678740068,unavailable in GeoTIFF; band index reported
scene_01_DT0000205230-Z0065,10,81,2894.875244140625,,unavailable in GeoTIFF; band index reported
scene_01_DT0000205230-Z0065,10,82,2941.03466796875,,unavailable in GeoTIFF; band index reported
scene_01_DT0000205230-Z0065,10,83,2870.988525390625,,unavailable in GeoTIFF; band index reported
scene_01_DT0000205230-Z0065,10,84,2761.330322265625,,unavailable in GeoTIFF; band index reported
scene_01_DT0000205230-Z0065,10,85,2977.886962890625,,unavailable in GeoTIFF; band index reported
scene_01_DT0000205230-Z0065,10,86,2942.173828125,,unavailable in GeoTIFF; band index reported
scene_01_DT0000205230-Z0065,10,87,2851.05224609375,4099.515230214146,unavailable in GeoTIFF; band index reported
scene_01_DT0000205230-Z0065,10,88,3055.713134765625,,unavailable in GeoTIFF; band index reported
scene_01_DT0000205230-Z0065,10,89,3060.67529296875,,unavailable in GeoTIFF; band index reported
scene_01_DT0000205230-Z0065,10,90,3050.573974609375,,unavailable in GeoTIFF; band index reported
scene_01_DT0000205230-Z0065,10,91,3013.2783203125,,unavailable in GeoTIFF; band index reported
scene_01_DT0000205230-Z0065,10,92,2947.6435546875,,unavailable in GeoTIFF; band index reported
scene_01_DT0000205230-Z0065,10,93,2898.976806640625,,unavailable in GeoTIFF; band index reported
scene_01_DT0000205230-Z0065,10,94,3014.301513671875,4259.310714130656,unavailable in GeoTIFF; band index reported
scene_01_DT0000205230-Z0065,10,95,2963.7158203125,,unavailable in GeoTIFF; band index reported
scene_01_DT0000205230-Z0065,10,96,3060.359375,,unavailable in GeoTIFF; band index reported
scene_01_DT0000205230-Z0065,10,97,2973.846435546875,,unavailable in GeoTIFF; band index reported
scene_01_DT0000205230-Z0065,10,98,3082.286865234375,,unavailable in GeoTIFF; band index reported
scene_01_DT0000205230-Z0065,10,99,2984.466552734375,,unavailable in GeoTIFF; band index reported
scene_01_DT0000205230-Z0065,10,100,3099.23193359375,,unavailable in GeoTIFF; band index reported
scene_01_DT0000205230-Z0065,10,101,2996.205810546875,4276.150670826721,unavailable in GeoTIFF; band index reported
scene_01_DT0000205230-Z0065,10,102,3115.576904296875,,unavailable in GeoTIFF; band index reported
scene_01_DT0000205230-Z0065,10,103,3140.121826171875,,unavailable in GeoTIFF; band index reported
scene_01_DT0000205230-Z0065,10,104,3156.759521484375,,unavailable in GeoTIFF; band index reported
scene_01_DT0000205230-Z0065,10,105,3170.724609375,,unavailable in GeoTIFF; band index reported
scene_01_DT0000205230-Z0065,10,106,3183.76806640625,,unavailable in GeoTIFF; band index reported
scene_01_DT0000205230-Z0065,10,107,3210.173828125,,unavailable in GeoTIFF; band index reported
scene_01_DT0000205230-Z0065,10,108,3239.741943359375,4540.5920961105885,unavailable in GeoTIFF; band index reported
scene_01_DT0000205230-Z0065,10,109,3256.031982421875,,unavailable in GeoTIFF; band index reported
scene_01_DT0000205230-Z0065,10,110,3290.4580078125,,unavailable in GeoTIFF; band index reported
scene_01_DT0000205230-Z0065,10,111,3309.159423828125,,unavailable in GeoTIFF; band index reported
scene_01_DT0000205230-Z0065,10,112,3245.849365234375,,unavailable in GeoTIFF; band index reported
scene_01_DT0000205230-Z0065,10,113,3461.286865234375,,unavailable in GeoTIFF; band index reported
scene_01_DT0000205230-Z0065,10,114,3448.936279296875,,unavailable in GeoTIFF; band index reported
scene_01_DT0000205230-Z0065,10,115,3391.67822265625,,unavailable in GeoTIFF; band index reported
scene_01_DT0000205230-Z0065,10,116,3427.243408203125,4718.103568199837,unavailable in GeoTIFF; band index reported
scene_01_DT0000205230-Z0065,10,117,3481.67529296875,,unavailable in GeoTIFF; band index reported
scene_01_DT0000205230-Z0065,10,118,3548.295654296875,,unavailable in GeoTIFF; band index reported
scene_01_DT0000205230-Z0065,10,119,3562.640625,,unavailable in GeoTIFF; band index reported
scene_01_DT0000205230-Z0065,10,120,3576.930419921875,,unavailable in GeoTIFF; band index reported
scene_01_DT0000205230-Z0065,10,121,3603.884033203125,,unavailable in GeoTIFF; band index reported
scene_01_DT0000205230-Z0065,10,122,3619.04345703125,,unavailable in GeoTIFF; band index reported
scene_01_DT0000205230-Z0065,10,123,3644.005859375,5005.2038251084705,unavailable in GeoTIFF; band index reported
scene_01_DT0000205230-Z0065,10,124,3678.756591796875,,unavailable in GeoTIFF; band index reported
scene_01_DT0000205230-Z0065,10,125,3742.353515625,,unavailable in GeoTIFF; band index reported
scene_01_DT0000205230-Z0065,10,126,3713.660888671875,,unavailable in GeoTIFF; band index reported
scene_01_DT0000205230-Z0065,10,127,3702.76513671875,,unavailable in GeoTIFF; band index reported
scene_01_DT0000205230-Z0065,10,128,3713.13330078125,,unavailable in GeoTIFF; band index reported
scene_01_DT0000205230-Z0065,10,129,3708.86962890625,,unavailable in GeoTIFF; band index reported
scene_01_DT0000205230-Z0065,10,130,3692.973876953125,5124.159687144271,unavailable in GeoTIFF; band index reported
scene_01_DT0000205230-Z0065,10,131,-32768.0,,unavailable in GeoTIFF; band index reported
scene_01_DT0000205230-Z0065,10,132,-32768.0,,unavailable in GeoTIFF; band index reported
scene_01_DT0000205230-Z0065,10,133,-32768.0,,unavailable in GeoTIFF; band index reported
scene_01_DT0000205230-Z0065,10,134,-32768.0,,unavailable in GeoTIFF; band index reported
scene_01_DT0000205230-Z0065,10,135,-32768.0,,unavailable in GeoTIFF; band index reported
scene_01_DT0000205230-Z0065,10,136,3850.94775390625,,unavailable in GeoTIFF; band index reported
scene_01_DT0000205230-Z0065,10,137,3896.197021484375,5245.826935621986,unavailable in GeoTIFF; band index reported
scene_01_DT0000205230-Z0065,10,138,3834.68701171875,,unavailable in GeoTIFF; band index reported
scene_01_DT0000205230-Z0065,10,139,3850.979736328125,,unavailable in GeoTIFF; band index reported
scene_01_DT0000205230-Z0065,10,140,3886.571044921875,,unavailable in GeoTIFF; band index reported
scene_01_DT0000205230-Z0065,10,141,3937.924560546875,,unavailable in GeoTIFF; band index reported
scene_01_DT0000205230-Z0065,10,142,3962.524658203125,,unavailable in GeoTIFF; band index reported
scene_01_DT0000205230-Z0065,10,143,3962.565185546875,,unavailable in GeoTIFF; band index reported
scene_01_DT0000205230-Z0065,10,144,3972.741943359375,5222.882217712209,unavailable in GeoTIFF; band index reported
scene_01_DT0000205230-Z0065,10,145,3991.663818359375,,unavailable in GeoTIFF; band index reported
scene_01_DT0000205230-Z0065,10,146,3996.95068359375,,unavailable in GeoTIFF; band index reported
scene_01_DT0000205230-Z0065,10,147,4014.162353515625,,unavailable in GeoTIFF; band index reported
scene_01_DT0000205230-Z0065,10,148,4019.605712890625,,unavailable in GeoTIFF; band index reported
scene_01_DT0000205230-Z0065,10,149,4018.391357421875,,unavailable in GeoTIFF; band index reported
scene_01_DT0000205230-Z0065,10,150,4036.800048828125,,unavailable in GeoTIFF; band index reported
scene_01_DT0000205230-Z0065,10,151,4035.481201171875,,unavailable in GeoTIFF; band index reported
scene_01_DT0000205230-Z0065,10,152,4031.50146484375,5253.7238336902,unavailable in GeoTIFF; band index reported
scene_01_DT0000205230-Z0065,10,153,4030.8203125,,unavailable in GeoTIFF; band index reported
scene_01_DT0000205230-Z0065,10,154,4050.31591796875,,unavailable in GeoTIFF; band index reported
scene_01_DT0000205230-Z0065,10,155,4041.96240234375,,unavailable in GeoTIFF; band index reported
scene_01_DT0000205230-Z0065,10,156,4055.40576171875,,unavailable in GeoTIFF; band index reported
scene_01_DT0000205230-Z0065,10,157,4055.428955078125,,unavailable in GeoTIFF; band index reported
scene_01_DT0000205230-Z0065,10,158,4058.982666015625,,unavailable in GeoTIFF; band index reported
scene_01_DT0000205230-Z0065,10,159,4071.8232421875,5264.417496137013,unavailable in GeoTIFF; band index reported
scene_01_DT0000205230-Z0065,10,160,4067.50146484375,,unavailable in GeoTIFF; band index reported
scene_01_DT0000205230-Z0065,10,161,4060.211669921875,,unavailable in GeoTIFF; band index reported
scene_01_DT0000205230-Z0065,10,162,4057.9072265625,,unavailable in GeoTIFF; band index reported
scene_01_DT0000205230-Z0065,10,163,4072.59130859375,,unavailable in GeoTIFF; band index reported
scene_01_DT0000205230-Z0065,10,164,4024.156494140625,,unavailable in GeoTIFF; band index reported
scene_01_DT0000205230-Z0065,10,165,3985.617431640625,,unavailable in GeoTIFF; band index reported
scene_01_DT0000205230-Z0065,10,166,3909.475341796875,5057.993610688144,unavailable in GeoTIFF; band index reported
scene_01_DT0000205230-Z0065,10,167,3585.156494140625,,unavailable in GeoTIFF; band index reported
scene_01_DT0000205230-Z0065,10,168,3750.904296875,,unavailable in GeoTIFF; band index reported
scene_01_DT0000205230-Z0065,10,169,3842.03466796875,,unavailable in GeoTIFF; band index reported
scene_01_DT0000205230-Z0065,10,170,3601.258056640625,,unavailable in GeoTIFF; band index reported
scene_01_DT0000205230-Z0065,10,171,3185.376708984375,,unavailable in GeoTIFF; band index reported
scene_01_DT0000205230-Z0065,10,172,3388.255126953125,,unavailable in GeoTIFF; band index reported
scene_01_DT0000205230-Z0065,10,173,3727.26953125,4797.249264813836,unavailable in GeoTIFF; band index reported
scene_01_DT0000205230-Z0065,10,174,3877.904296875,,unavailable in GeoTIFF; band index reported
scene_01_DT0000205230-Z0065,10,175,3944.94482421875,,unavailable in GeoTIFF; band index reported
scene_01_DT0000205230-Z0065,10,176,3785.67236328125,,unavailable in GeoTIFF; band index reported
scene_01_DT0000205230-Z0065,10,177,3847.939208984375,,unavailable in GeoTIFF; band index reported
scene_01_DT0000205230-Z0065,10,178,3831.695556640625,,unavailable in GeoTIFF; band index reported
scene_01_DT0000205230-Z0065,10,179,3896.68701171875,,unavailable in GeoTIFF; band index reported
scene_01_DT0000205230-Z0065,10,180,3837.86669921875,5133.687412636362,unavailable in GeoTIFF; band index reported
scene_01_DT0000205230-Z0065,10,181,3838.475341796875,,unavailable in GeoTIFF; band index reported
scene_01_DT0000205230-Z0065,10,182,3847.602783203125,,unavailable in GeoTIFF; band index reported
scene_01_DT0000205230-Z0065,10,183,3803.524658203125,,unavailable in GeoTIFF; band index reported
scene_01_DT0000205230-Z0065,10,184,3794.0029296875,,unavailable in GeoTIFF; band index reported
scene_01_DT0000205230-Z0065,10,185,3762.666748046875,,unavailable in GeoTIFF; band index reported
scene_01_DT0000205230-Z0065,10,186,3673.22314453125,,unavailable in GeoTIFF; band index reported
scene_01_DT0000205230-Z0065,10,187,3536.4462890625,,unavailable in GeoTIFF; band index reported
scene_01_DT0000205230-Z0065,10,188,3406.8203125,4977.3868299771475,unavailable in GeoTIFF; band index reported
scene_01_DT0000205230-Z0065,10,189,3348.51025390625,,unavailable in GeoTIFF; band index reported
scene_01_DT0000205230-Z0065,10,190,3342.68701171875,,unavailable in GeoTIFF; band index reported
scene_01_DT0000205230-Z0065,10,191,3341.286865234375,,unavailable in GeoTIFF; band index reported
scene_01_DT0000205230-Z0065,10,192,3276.608642578125,,unavailable in GeoTIFF; band index reported
scene_01_DT0000205230-Z0065,10,193,3167.37109375,,unavailable in GeoTIFF; band index reported
scene_01_DT0000205230-Z0065,10,194,3052.605712890625,,unavailable in GeoTIFF; band index reported
scene_01_DT0000205230-Z0065,10,195,3248.69287109375,4669.994273505627,unavailable in GeoTIFF; band index reported
scene_01_DT0000205230-Z0065,10,196,3412.646484375,,unavailable in GeoTIFF; band index reported
scene_01_DT0000205230-Z0065,10,197,3429.5537109375,,unavailable in GeoTIFF; band index reported
scene_01_DT0000205230-Z0065,10,198,3392.59130859375,,unavailable in GeoTIFF; band index reported
scene_01_DT0000205230-Z0065,10,199,3369.41162109375,,unavailable in GeoTIFF; band index reported
scene_01_DT0000205230-Z0065,10,200,3364.14208984375,,unavailable in GeoTIFF; band index reported
scene_01_DT0000205230-Z0065,10,201,3347.31005859375,,unavailable in GeoTIFF; band index reported
scene_01_DT0000205230-Z0065,10,202,3321.115966796875,4693.603468694764,unavailable in GeoTIFF; band index reported
scene_01_DT0000205230-Z0065,10,203,3273.258056640625,,unavailable in GeoTIFF; band index reported
scene_01_DT0000205230-Z0065,10,204,3199.985595703125,,unavailable in GeoTIFF; band index reported
scene_01_DT0000205230-Z0065,10,205,3142.58251953125,,unavailable in GeoTIFF; band index reported
scene_01_DT0000205230-Z0065,10,206,3137.623291015625,,unavailable in GeoTIFF; band index reported
scene_01_DT0000205230-Z0065,10,207,3048.107177734375,,unavailable in GeoTIFF; band index reported
scene_01_DT0000205230-Z0065,10,208,3037.1826171875,,unavailable in GeoTIFF; band index reported
scene_01_DT0000205230-Z0065,10,209,3025.759521484375,4418.7326716944735,unavailable in GeoTIFF; band index reported
scene_01_DT0000205230-Z0065,10,210,2988.568115234375,,unavailable in GeoTIFF; band index reported
scene_01_DT0000205230-Z0065,10,211,2946.521728515625,,unavailable in GeoTIFF; band index reported
scene_01_DT0000205230-Z0065,10,212,2963.791259765625,,unavailable in GeoTIFF; band index reported
scene_01_DT0000205230-Z0065,10,213,2998.7275390625,,unavailable in GeoTIFF; band index reported
scene_01_DT0000205230-Z0065,10,214,2947.87255859375,,unavailable in GeoTIFF; band index reported
scene_01_DT0000205230-Z0065,10,215,2928.23486328125,,unavailable in GeoTIFF; band index reported
scene_01_DT0000205230-Z0065,10,216,2871.020263671875,4194.452591104376,unavailable in GeoTIFF; band index reported
scene_01_DT0000205230-Z0065,10,217,2894.031982421875,,unavailable in GeoTIFF; band index reported
scene_01_DT0000205230-Z0065,10,218,2909.12744140625,,unavailable in GeoTIFF; band index reported
scene_01_DT0000205230-Z0065,10,219,2868.08984375,,unavailable in GeoTIFF; band index reported
scene_01_DT0000205230-Z0065,10,220,2784.59716796875,,unavailable in GeoTIFF; band index reported
scene_01_DT0000205230-Z0065,10,221,2836.066650390625,,unavailable in GeoTIFF; band index reported
scene_01_DT0000205230-Z0065,10,222,2797.13037109375,,unavailable in GeoTIFF; band index reported
scene_01_DT0000205230-Z0065,10,223,2795.826171875,,unavailable in GeoTIFF; band index reported
scene_01_DT0000205230-Z0065,10,224,2667.55078125,3914.243214639081,unavailable in GeoTIFF; band index reported
