{"type": "FeatureCollection", "crs": {"type": "name", "properties": {"name": "EPSG:32753"}}, "features": [{"type": "Feature", "geometry": {"type": "Polygon", "coordinates": [[[724725.0, 9536205.0], [724725.0, 9536175.0], [724635.0, 9536175.0], [724635.0, 9536145.0], [724605.0, 9536145.0], [724605.0, 9536115.0], [724575.0, 9536115.0], [724575.0, 9536085.0], [724605.0, 9536085.0], [724605.0, 9536025.0], [724575.0, 9536025.0], [724575.0, 9535995.0], [724485.0, 9535995.0], [724485.0, 9535965.0], [724455.0, 9535965.0], [724455.0, 9535995.0], [724425.0, 9535995.0], [724425.0, 9535965.0], [724395.0, 9535965.0], [724395.0, 9535935.0], [724365.0, 9535935.0], [724365.0, 9535905.0], [724335.0, 9535905.0], [724335.0, 9535845.0], [724395.0, 9535845.0], [724395.0, 9535755.0], [724365.0, 9535755.0], [724365.0, 9535785.0], [724305.0, 9535785.0], [724305.0, 9535815.0], [724275.0, 9535815.0], [724275.0, 9535845.0], [724215.0, 9535845.0], [724215.0, 9535815.0], [724185.0, 9535815.0], [724185.0, 9535695.0], [724065.0, 9535695.0], [724065.0, 9535635.0], [724155.0, 9535635.0], [724155.0, 9535605.0], [724185.0, 9535605.0], [724185.0, 9535575.0], [724245.0, 9535575.0], [724245.0, 9535635.0], [724305.0, 9535635.0], [724305.0, 9535605.0], [724335.0, 9535605.0], [724335.0, 9535575.0], [724395.0, 9535575.0], [724395.0, 9535545.0], [724425.0, 9535545.0], [724425.0, 9535515.0], [724455.0, 9535515.0], [724455.0, 9535485.0], [724485.0, 9535485.0], [724485.0, 9535455.0], [724455.0, 9535455.0], [724455.0, 9535425.0], [724425.0, 9535425.0], [724425.0, 9535365.0], [724455.0, 9535365.0], [724455.0, 9535335.0], [724485.0, 9535335.0], [724485.0, 9535305.0], [724515.0, 9535305.0], [724515.0, 9535335.0], [724635.0, 9535335.0], [724635.0, 9535365.0], [724665.0, 9535365.0], [724665.0, 9535395.0], [724755.0, 9535395.0], [724755.0, 9535455.0], [724815.0, 9535455.0], [724815.0, 9535485.0], [724785.0, 9535485.0], [724785.0, 9535515.0], [724755.0, 9535515.0], [724755.0, 9535545.0], [724725.0, 9535545.0], [724725.0, 9535575.0], [724635.0, 9535575.0], [724635.0, 9535665.0], [724695.0, 9535665.0], [724695.0, 9535695.0], [724785.0, 9535695.0], [724785.0, 9535785.0], [724755.0, 9535785.0], [724755.0, 9535845.0], [724725.0, 9535845.0], [724725.0, 9535875.0], [724665.0, 9535875.0], [724665.0, 9535905.0], [724635.0, 9535905.0], [724635.0, 9535935.0], [724575.0, 9535935.0], [724575.0, 9535965.0], [724665.0, 9535965.0], [724665.0, 9535995.0], [724725.0, 9535995.0], [724725.0, 9535965.0], [724845.0, 9535965.0], [724845.0, 9535995.0], [724905.0, 9535995.0], [724905.0, 9536055.0], [724935.0, 9536055.0], [724935.0, 9536115.0], [724875.0, 9536115.0], [724875.0, 9536145.0], [724845.0, 9536145.0], [724845.0, 9536205.0], [724725.0, 9536205.0]], [[724425.0, 9535875.0], [724455.0, 9535875.0], [724455.0, 9535815.0], [724425.0, 9535815.0], [724425.0, 9535875.0]], [[724515.0, 9535605.0], [724545.0, 9535605.0], [724545.0, 9535575.0], [724635.0, 9535575.0], [724635.0, 9535515.0], [724515.0, 9535515.0], [724515.0, 9535605.0]]]}, "properties": {"zone_id": "scene_01_DT0000205230-Z0001", "scene": "scene_01_DT0000205230", "pixel_count": 339, "approx_area_m2": 305100.0, "centroid_x": 724551.0619469027, "centroid_y": 9535756.902654868, "mean_risk": 2.087674140930176, "max_risk": 2.488360643386841, "median_risk": 2.0716278553009033, "high_priority_pixel_pct": 100.0, "priority_category": "HIGH PRIORITY", "threshold_type": "95th percentile prioritisation threshold", "recommendation": "Spectral-stress evidence detected. Prioritise field inspection to determine the underlying cause. Field verification required.", "priority_rank": 142}}, {"type": "Feature", "geometry": {"type": "Polygon", "coordinates": [[[715815.0, 9536175.0], [715815.0, 9536145.0], [715785.0, 9536145.0], [715785.0, 9536025.0], [715845.0, 9536025.0], [715845.0, 9536055.0], [715875.0, 9536055.0], [715875.0, 9536085.0], [715845.0, 9536085.0], [715845.0, 9536175.0], [715815.0, 9536175.0]]]}, "properties": {"zone_id": "scene_01_DT0000205230-Z0002", "scene": "scene_01_DT0000205230", "pixel_count": 10, "approx_area_m2": 9000.0, "centroid_x": 715821.0, "centroid_y": 9536091.0, "mean_risk": 2.536958932876587, "max_risk": 3.2153496742248535, "median_risk": 2.5040388107299805, "high_priority_pixel_pct": 100.0, "priority_category": "HIGH PRIORITY", "threshold_type": "95th percentile prioritisation threshold", "recommendation": "Spectral-stress evidence detected. Prioritise field inspection to determine the underlying cause. Field verification required.", "priority_rank": 4}}, {"type": "Feature", "geometry": {"type": "Polygon", "coordinates": [[[718605.0, 9535545.0], [718605.0, 9535515.0], [718575.0, 9535515.0], [718575.0, 9535485.0], [718545.0, 9535485.0], [718545.0, 9535455.0], [718575.0, 9535455.0], [718575.0, 9535425.0], [718635.0, 9535425.0], [718635.0, 9535455.0], [718665.0, 9535455.0], [718665.0, 9535485.0], [718725.0, 9535485.0], [718725.0, 9535515.0], [718695.0, 9535515.0], [718695.0, 9535545.0], [718605.0, 9535545.0]]]}, "properties": {"zone_id": "scene_01_DT0000205230-Z0003", "scene": "scene_01_DT0000205230", "pixel_count": 14, "approx_area_m2": 12600.0, "centroid_x": 718630.7142857143, "centroid_y": 9535489.285714285, "mean_risk": 1.9640685319900513, "max_risk": 2.0967888832092285, "median_risk": 1.938476800918579, "high_priority_pixel_pct": 100.0, "priority_category": "HIGH PRIORITY", "threshold_type": "95th percentile prioritisation threshold", "recommendation": "Spectral-stress evidence detected. Prioritise field inspection to determine the underlying cause. Field verification required.", "priority_rank": 335}}, {"type": "Feature", "geometry": {"type": "Polygon", "coordinates": [[[724215.0, 9535395.0], [724215.0, 9535365.0], [724245.0, 9535365.0], [724245.0, 9535305.0], [724275.0, 9535305.0], [724275.0, 9535275.0], [724425.0, 9535275.0], [724425.0, 9535305.0], [724395.0, 9535305.0], [724395.0, 9535365.0], [724365.0, 9535365.0], [724365.0, 9535395.0], [724215.0, 9535395.0]]]}, "properties": {"zone_id": "scene_01_DT0000205230-Z0004", "scene": "scene_01_DT0000205230", "pixel_count": 20, "approx_area_m2": 18000.0, "centroid_x": 724320.0, "centroid_y": 9535335.0, "mean_risk": 1.949180245399475, "max_risk": 2.023027181625366, "median_risk": 1.9419546127319336, "high_priority_pixel_pct": 100.0, "priority_category": "HIGH PRIORITY", "threshold_type": "95th percentile prioritisation threshold", "recommendation": "Spectral-stress evidence detected. Prioritise field inspection to determine the underlying cause. Field verification required.", "priority_rank": 363}}, {"type": "Feature", "geometry": {"type": "Polygon", "coordinates": [[[719205.0, 9535305.0], [719205.0, 9535245.0], [719175.0, 9535245.0], [719175.0, 9535185.0], [719115.0, 9535185.0], [719115.0, 9535155.0], [719235.0, 9535155.0], [719235.0, 9535125.0], [719325.0, 9535125.0], [719325.0, 9535245.0], [719295.0, 9535245.0], [719295.0, 9535275.0], [719265.0, 9535275.0], [719265.0, 9535305.0], [719205.0, 9535305.0]]]}, "properties": {"zone_id": "scene_01_DT0000205230-Z0005", "scene": "scene_01_DT0000205230", "pixel_count": 25, "approx_area_m2": 22500.0, "centroid_x": 719244.0, "centroid_y": 9535204.8, "mean_risk": 1.9461463689804077, "max_risk": 2.0952765941619873, "median_risk": 1.926013708114624, "high_priority_pixel_pct": 100.0, "priority_category": "HIGH PRIORITY", "threshold_type": "95th percentile prioritisation threshold", "recommendation": "Spectral-stress evidence detected. Prioritise field inspection to determine the underlying cause. Field verification required.", "priority_rank": 368}}, {"type": "Feature", "geometry": {"type": "Polygon", "coordinates": [[[724875.0, 9535155.0], [724875.0, 9535095.0], [724845.0, 9535095.0], [724845.0, 9535065.0], [724785.0, 9535065.0], [724785.0, 9535005.0], [724815.0, 9535005.0], [724815.0, 9534975.0], [724875.0, 9534975.0], [724875.0, 9534945.0], [724935.0, 9534945.0], [724935.0, 9535035.0], [724965.0, 9535035.0], [724965.0, 9535125.0], [724935.0, 9535125.0], [724935.0, 9535155.0], [724875.0, 9535155.0]]]}, "properties": {"zone_id": "scene_01_DT0000205230-Z0006", "scene": "scene_01_DT0000205230", "pixel_count": 26, "approx_area_m2": 23400.0, "centroid_x": 724886.5384615385, "centroid_y": 9535046.538461538, "mean_risk": 1.9708677530288696, "max_risk": 2.1381804943084717, "median_risk": 1.9559059143066406, "high_priority_pixel_pct": 100.0, "priority_category": "HIGH PRIORITY", "threshold_type": "95th percentile prioritisation threshold", "recommendation": "Spectral-stress evidence detected. Prioritise field inspection to determine the underlying cause. Field verification required.", "priority_rank": 326}}, {"type": "Feature", "geometry": {"type": "Polygon", "coordinates": [[[718965.0, 9534765.0], [718965.0, 9534735.0], [718995.0, 9534735.0], [718995.0, 9534765.0], [718965.0, 9534765.0]]]}, "properties": {"zone_id": "scene_01_DT0000205230-Z0007", "scene": "scene_01_DT0000205230", "pixel_count": 15, "approx_area_m2": 13500.0, "centroid_x": 718894.0, "centroid_y": 9534834.0, "mean_risk": 1.9730817079544067, "max_risk": 2.0719118118286133, "median_risk": 1.9593701362609863, "high_priority_pixel_pct": 100.0, "priority_category": "HIGH PRIORITY", "threshold_type": "95th percentile prioritisation threshold", "recommendation": "Spectral-stress evidence detected. Prioritise field inspection to determine the underlying cause. Field verification required.", "priority_rank": 322}}, {"type": "Feature", "geometry": {"type": "Polygon", "coordinates": [[[718545.0, 9534825.0], [718545.0, 9534795.0], [718485.0, 9534795.0], [718485.0, 9534765.0], [718425.0, 9534765.0], [718425.0, 9534735.0], [718485.0, 9534735.0], [718485.0, 9534675.0], [718545.0, 9534675.0], [718545.0, 9534645.0], [718605.0, 9534645.0], [718605.0, 9534675.0], [718635.0, 9534675.0], [718635.0, 9534705.0], [718725.0, 9534705.0], [718725.0, 9534795.0], [718605.0, 9534795.0], [718605.0, 9534825.0], [718545.0, 9534825.0]]]}, "properties": {"zone_id": "scene_01_DT0000205230-Z0008", "scene": "scene_01_DT0000205230", "pixel_count": 35, "approx_area_m2": 31500.0, "centroid_x": 718586.5714285715, "centroid_y": 9534739.714285715, "mean_risk": 2.020953893661499, "max_risk": 2.159848928451538, "median_risk": 2.034717559814453, "high_priority_pixel_pct": 100.0, "priority_category": "HIGH PRIORITY", "threshold_type": "95th percentile prioritisation threshold", "recommendation": "Spectral-stress evidence detected. Prioritise field inspection to determine the underlying cause. Field verification required.", "priority_rank": 228}}, {"type": "Feature", "geometry": {"type": "Polygon", "coordinates": [[[723645.0, 9534825.0], [723645.0, 9534795.0], [723675.0, 9534795.0], [723675.0, 9534735.0], [723705.0, 9534735.0], [723705.0, 9534705.0], [723735.0, 9534705.0], [723735.0, 9534675.0], [723765.0, 9534675.0], [723765.0, 9534645.0], [723795.0, 9534645.0], [723795.0, 9534735.0], [723765.0, 9534735.0], [723765.0, 9534765.0], [723735.0, 9534765.0], [723735.0, 9534795.0], [723705.0, 9534795.0], [723705.0, 9534825.0], [723645.0, 9534825.0]]]}, "properties": {"zone_id": "scene_01_DT0000205230-Z0009", "scene": "scene_01_DT0000205230", "pixel_count": 13, "approx_area_m2": 11700.0, "centroid_x": 723729.2307692308, "centroid_y": 9534740.76923077, "mean_risk": 1.9072682857513428, "max_risk": 1.956849455833435, "median_risk": 1.8916126489639282, "high_priority_pixel_pct": 100.0, "priority_category": "HIGH PRIORITY", "threshold_type": "95th percentile prioritisation threshold", "recommendation": "Spectral-stress evidence detected. Prioritise field inspection to determine the underlying cause. Field verification required.", "priority_rank": 407}}, {"type": "Feature", "geometry": {"type": "Polygon", "coordinates": [[[718725.0, 9534675.0], [718725.0, 9534645.0], [718695.0, 9534645.0], [718695.0, 9534615.0], [718725.0, 9534615.0], [718725.0, 9534585.0], [718755.0, 9534585.0], [718755.0, 9534555.0], [718845.0, 9534555.0], [718845.0, 9534495.0], [718905.0, 9534495.0], [718905.0, 9534465.0], [718935.0, 9534465.0], [718935.0, 9534435.0], [718965.0, 9534435.0], [718965.0, 9534465.0], [718995.0, 9534465.0], [718995.0, 9534435.0], [719025.0, 9534435.0], [719025.0, 9534405.0], [719085.0, 9534405.0], [719085.0, 9534435.0], [719055.0, 9534435.0], [719055.0, 9534465.0], [719025.0, 9534465.0], [719025.0, 9534495.0], [718935.0, 9534495.0], [718935.0, 9534585.0], [718965.0, 9534585.0], [718965.0, 9534615.0], [718995.0, 9534615.0], [718995.0, 9534645.0], [718785.0, 9534645.0], [718785.0, 9534675.0], [718725.0, 9534675.0]]]}, "properties": {"zone_id": "scene_01_DT0000205230-Z0010", "scene": "scene_01_DT0000205230", "pixel_count": 41, "approx_area_m2": 36900.0, "centroid_x": 718880.487804878, "centroid_y": 9534563.414634146, "mean_risk": 1.9574333429336548, "max_risk": 2.061509132385254, "median_risk": 1.9501445293426514, "high_priority_pixel_pct": 100.0, "priority_category": "HIGH PRIORITY", "threshold_type": "95th percentile prioritisation threshold", "recommendation": "Spectral-stress evidence detected. Prioritise field inspection to determine the underlying cause. Field verification required.", "priority_rank": 348}}, {"type": "Feature", "geometry": {"type": "Polygon", "coordinates": [[[724065.0, 9533925.0], [724065.0, 9533895.0], [724095.0, 9533895.0], [724095.0, 9533925.0], [724065.0, 9533925.0]]]}, "properties": {"zone_id": "scene_01_DT0000205230-Z0011", "scene": "scene_01_DT0000205230", "pixel_count": 190, "approx_area_m2": 171000.0, "centroid_x": 724002.947368421, "centroid_y": 9534238.736842105, "mean_risk": 2.0788278579711914, "max_risk": 2.404059410095215, "median_risk": 2.06807804107666, "high_priority_pixel_pct": 100.0, "priority_category": "HIGH PRIORITY", "threshold_type": "95th percentile prioritisation threshold", "recommendation": "Spectral-stress evidence detected. Prioritise field inspection to determine the underlying cause. Field verification required.", "priority_rank": 155}}, {"type": "Feature", "geometry": {"type": "Polygon", "coordinates": [[[719055.0, 9534375.0], [719055.0, 9534315.0], [719025.0, 9534315.0], [719025.0, 9534285.0], [718965.0, 9534285.0], [718965.0, 9534255.0], [718905.0, 9534255.0], [718905.0, 9534165.0], [718935.0, 9534165.0], [718935.0, 9534105.0], [718965.0, 9534105.0], [718965.0, 9534075.0], [718995.0, 9534075.0], [718995.0, 9534015.0], [719025.0, 9534015.0], [719025.0, 9533985.0], [719085.0, 9533985.0], [719085.0, 9534015.0], [719145.0, 9534015.0], [719145.0, 9533955.0], [719175.0, 9533955.0], [719175.0, 9533895.0], [719205.0, 9533895.0], [719205.0, 9533925.0], [719235.0, 9533925.0], [719235.0, 9533955.0], [719325.0, 9533955.0], [719325.0, 9534015.0], [719355.0, 9534015.0], [719355.0, 9534045.0], [719325.0, 9534045.0], [719325.0, 9534075.0], [719265.0, 9534075.0], [719265.0, 9534105.0], [719235.0, 9534105.0], [719235.0, 9534195.0], [719265.0, 9534195.0], [719265.0, 9534165.0], [719295.0, 9534165.0], [719295.0, 9534195.0], [719325.0, 9534195.0], [719325.0, 9534225.0], [719295.0, 9534225.0], [719295.0, 9534255.0], [719235.0, 9534255.0], [719235.0, 9534285.0], [719175.0, 9534285.0], [719175.0, 9534315.0], [719145.0, 9534315.0], [719145.0, 9534345.0], [719085.0, 9534345.0], [719085.0, 9534375.0], [719055.0, 9534375.0]]]}, "properties": {"zone_id": "scene_01_DT0000205230-Z0012", "scene": "scene_01_DT0000205230", "pixel_count": 127, "approx_area_m2": 114300.0, "centroid_x": 719125.7480314961, "centroid_y": 9534139.606299212, "mean_risk": 2.08137845993042, "max_risk": 2.3924481868743896, "median_risk": 2.082087993621826, "high_priority_pixel_pct": 100.0, "priority_category": "HIGH PRIORITY", "threshold_type": "95th percentile prioritisation threshold", "recommendation": "Spectral-stress evidence detected. Prioritise field inspection to determine the underlying cause. Field verification required.", "priority_rank": 151}}, {"type": "Feature", "geometry": {"type": "Polygon", "coordinates": [[[717195.0, 9534195.0], [717195.0, 9534045.0], [717225.0, 9534045.0], [717225.0, 9534015.0], [717375.0, 9534015.0], [717375.0, 9534075.0], [717345.0, 9534075.0], [717345.0, 9534105.0], [717315.0, 9534105.0], [717315.0, 9534135.0], [717255.0, 9534135.0], [717255.0, 9534165.0], [717225.0, 9534165.0], [717225.0, 9534195.0], [717195.0, 9534195.0]]]}, "properties": {"zone_id": "scene_01_DT0000205230-Z0013", "scene": "scene_01_DT0000205230", "pixel_count": 23, "approx_area_m2": 20700.0, "centroid_x": 717271.304347826, "centroid_y": 9534083.47826087, "mean_risk": 2.4637627601623535, "max_risk": 3.0087697505950928, "median_risk": 2.4170033931732178, "high_priority_pixel_pct": 100.0, "priority_category": "HIGH PRIORITY", "threshold_type": "95th percentile prioritisation threshold", "recommendation": "Spectral-stress evidence detected. Prioritise field inspection to determine the underlying cause. Field verification required.", "priority_rank": 5}}, {"type": "Feature", "geometry": {"type": "Polygon", "coordinates": [[[718695.0, 9533835.0], [718695.0, 9533805.0], [718635.0, 9533805.0], [718635.0, 9533775.0], [718605.0, 9533775.0], [718605.0, 9533745.0], [718575.0, 9533745.0], [718575.0, 9533715.0], [718545.0, 9533715.0], [718545.0, 9533655.0], [718455.0, 9533655.0], [718455.0, 9533625.0], [718485.0, 9533625.0], [718485.0, 9533595.0], [718545.0, 9533595.0], [718545.0, 9533565.0], [718695.0, 9533565.0], [718695.0, 9533535.0], [718725.0, 9533535.0], [718725.0, 9533505.0], [718785.0, 9533505.0], [718785.0, 9533565.0], [718815.0, 9533565.0], [718815.0, 9533595.0], [718845.0, 9533595.0], [718845.0, 9533625.0], [718905.0, 9533625.0], [718905.0, 9533685.0], [718965.0, 9533685.0], [718965.0, 9533655.0], [719115.0, 9533655.0], [719115.0, 9533745.0], [719085.0, 9533745.0], [719085.0, 9533775.0], [719055.0, 9533775.0], [719055.0, 9533805.0], [718995.0, 9533805.0], [718995.0, 9533835.0], [718845.0, 9533835.0], [718845.0, 9533775.0], [718785.0, 9533775.0], [718785.0, 9533805.0], [718755.0, 9533805.0], [718755.0, 9533835.0], [718695.0, 9533835.0]], [[718875.0, 9533805.0], [718905.0, 9533805.0], [718905.0, 9533775.0], [718965.0, 9533775.0], [718965.0, 9533715.0], [718905.0, 9533715.0], [718905.0, 9533745.0], [718875.0, 9533745.0], [718875.0, 9533805.0]]]}, "properties": {"zone_id": "scene_01_DT0000205230-Z0014", "scene": "scene_01_DT0000205230", "pixel_count": 124, "approx_area_m2": 111600.0, "centroid_x": 718783.5483870967, "centroid_y": 9533689.596774194, "mean_risk": 1.968154788017273, "max_risk": 2.1825191974639893, "median_risk": 1.952176809310913, "high_priority_pixel_pct": 100.0, "priority_category": "HIGH PRIORITY", "threshold_type": "95th percentile prioritisation threshold", "recommendation": "Spectral-stress evidence detected. Prioritise field inspection to determine the underlying cause. Field verification required.", "priority_rank": 332}}, {"type": "Feature", "geometry": {"type": "Polygon", "coordinates": [[[716325.0, 9533775.0], [716325.0, 9533685.0], [716295.0, 9533685.0], [716295.0, 9533625.0], [716325.0, 9533625.0], [716325.0, 9533565.0], [716295.0, 9533565.0], [716295.0, 9533505.0], [716325.0, 9533505.0], [716325.0, 9533475.0], [716355.0, 9533475.0], [716355.0, 9533415.0], [716385.0, 9533415.0], [716385.0, 9533295.0], [716415.0, 9533295.0], [716415.0, 9533235.0], [716445.0, 9533235.0], [716445.0, 9533205.0], [716475.0, 9533205.0], [716475.0, 9533115.0], [716505.0, 9533115.0], [716505.0, 9533145.0], [716595.0, 9533145.0], [716595.0, 9533265.0], [716565.0, 9533265.0], [716565.0, 9533295.0], [716535.0, 9533295.0], [716535.0, 9533415.0], [716565.0, 9533415.0], [716565.0, 9533475.0], [716535.0, 9533475.0], [716535.0, 9533505.0], [716505.0, 9533505.0], [716505.0, 9533535.0], [716475.0, 9533535.0], [716475.0, 9533565.0], [716445.0, 9533565.0], [716445.0, 9533745.0], [716415.0, 9533745.0], [716415.0, 9533775.0], [716325.0, 9533775.0]]]}, "properties": {"zone_id": "scene_01_DT0000205230-Z0015", "scene": "scene_01_DT0000205230", "pixel_count": 108, "approx_area_m2": 97200.0, "centroid_x": 716440.5555555555, "centroid_y": 9533449.444444444, "mean_risk": 2.051368474960327, "max_risk": 2.406000852584839, "median_risk": 2.0270469188690186, "high_priority_pixel_pct": 100.0, "priority_category": "HIGH PRIORITY", "threshold_type": "95th percentile prioritisation threshold", "recommendation": "Spectral-stress evidence detected. Prioritise field inspection to determine the underlying cause. Field verification required.", "priority_rank": 184}}, {"type": "Feature", "geometry": {"type": "Polygon", "coordinates": [[[722655.0, 9533745.0], [722655.0, 9533685.0], [722685.0, 9533685.0], [722685.0, 9533655.0], [722715.0, 9533655.0], [722715.0, 9533685.0], [722775.0, 9533685.0], [722775.0, 9533655.0], [722745.0, 9533655.0], [722745.0, 9533625.0], [722775.0, 9533625.0], [722775.0, 9533565.0], [722655.0, 9533565.0], [722655.0, 9533595.0], [722625.0, 9533595.0], [722625.0, 9533505.0], [722715.0, 9533505.0], [722715.0, 9533535.0], [722775.0, 9533535.0], [722775.0, 9533505.0], [722895.0, 9533505.0], [722895.0, 9533475.0], [722955.0, 9533475.0], [722955.0, 9533415.0], [722835.0, 9533415.0], [722835.0, 9533385.0], [722805.0, 9533385.0], [722805.0, 9533355.0], [722775.0, 9533355.0], [722775.0, 9533385.0], [722745.0, 9533385.0], [722745.0, 9533355.0], [722655.0, 9533355.0], [722655.0, 9533295.0], [722715.0, 9533295.0], [722715.0, 9533235.0], [722745.0, 9533235.0], [722745.0, 9533205.0], [722925.0, 9533205.0], [722925.0, 9533175.0], [722985.0, 9533175.0], [722985.0, 9533055.0], [722925.0, 9533055.0], [722925.0, 9533085.0], [722775.0, 9533085.0], [722775.0, 9533055.0], [722715.0, 9533055.0], [722715.0, 9533085.0], [722685.0, 9533085.0], [722685.0, 9533115.0], [722655.0, 9533115.0], [722655.0, 9533145.0], [722595.0, 9533145.0], [722595.0, 9532995.0], [722625.0, 9532995.0], [722625.0, 9532965.0], [722655.0, 9532965.0], [722655.0, 9532935.0], [722565.0, 9532935.0], [722565.0, 9532965.0], [722535.0, 9532965.0], [722535.0, 9532995.0], [722475.0, 9532995.0], [722475.0, 9532905.0], [722505.0, 9532905.0], [722505.0, 9532875.0], [722565.0, 9532875.0], [722565.0, 9532845.0], [722625.0, 9532845.0], [722625.0, 9532815.0], [722685.0, 9532815.0], [722685.0, 9532875.0], [722715.0, 9532875.0], [722715.0, 9532845.0], [722745.0, 9532845.0], [722745.0, 9532815.0], [722805.0, 9532815.0], [722805.0, 9532785.0], [722895.0, 9532785.0], [722895.0, 9532725.0], [722955.0, 9532725.0], [722955.0, 9532695.0], [723015.0, 9532695.0], [723015.0, 9532755.0], [722985.0, 9532755.0], [722985.0, 9532815.0], [722955.0, 9532815.0], [722955.0, 9532905.0], [723015.0, 9532905.0], [723015.0, 9532875.0], [723045.0, 9532875.0], [723045.0, 9532845.0], [723075.0, 9532845.0], [723075.0, 9532875.0], [723105.0, 9532875.0], [723105.0, 9532845.0], [723195.0, 9532845.0], [723195.0, 9532905.0], [723225.0, 9532905.0], [723225.0, 9532845.0], [723285.0, 9532845.0], [723285.0, 9532815.0], [723315.0, 9532815.0], [723315.0, 9532905.0], [723285.0, 9532905.0], [723285.0, 9532965.0], [723255.0, 9532965.0], [723255.0, 9532995.0], [723195.0, 9532995.0], [723195.0, 9533025.0], [723165.0, 9533025.0], [723165.0, 9533055.0], [723135.0, 9533055.0], [723135.0, 9533175.0], [723165.0, 9533175.0], [723165.0, 9533265.0], [723195.0, 9533265.0], [723195.0, 9533235.0], [723225.0, 9533235.0], [723225.0, 9533205.0], [723255.0, 9533205.0], [723255.0, 9533175.0], [723285.0, 9533175.0], [723285.0, 9533145.0], [723315.0, 9533145.0], [723315.0, 9533085.0], [723345.0, 9533085.0], [723345.0, 9533055.0], [723375.0, 9533055.0], [723375.0, 9533025.0], [723405.0, 9533025.0], [723405.0, 9533085.0], [723375.0, 9533085.0], [723375.0, 9533145.0], [723435.0, 9533145.0], [723435.0, 9533175.0], [723405.0, 9533175.0], [723405.0, 9533205.0], [723375.0, 9533205.0], [723375.0, 9533265.0], [723345.0, 9533265.0], [723345.0, 9533295.0], [723315.0, 9533295.0], [723315.0, 9533325.0], [723195.0, 9533325.0], [723195.0, 9533295.0], [723165.0, 9533295.0], [723165.0, 9533325.0], [723105.0, 9533325.0], [723105.0, 9533355.0], [723045.0, 9533355.0], [723045.0, 9533415.0], [723015.0, 9533415.0], [723015.0, 9533475.0], [722985.0, 9533475.0], [722985.0, 9533535.0], [722955.0, 9533535.0], [722955.0, 9533565.0], [722925.0, 9533565.0], [722925.0, 9533595.0], [722955.0, 9533595.0], [722955.0, 9533655.0], [722925.0, 9533655.0], [722925.0, 9533685.0], [722895.0, 9533685.0], [722895.0, 9533715.0], [722865.0, 9533715.0], [722865.0, 9533745.0], [722775.0, 9533745.0], [722775.0, 9533715.0], [722715.0, 9533715.0], [722715.0, 9533745.0], [722655.0, 9533745.0]], [[722865.0, 9533625.0], [722895.0, 9533625.0], [722895.0, 9533595.0], [722865.0, 9533595.0], [722865.0, 9533625.0]], [[722895.0, 9533355.0], [722925.0, 9533355.0], [722925.0, 9533325.0], [722895.0, 9533325.0], [722895.0, 9533355.0]]]}, "properties": {"zone_id": "scene_01_DT0000205230-Z0016", "scene": "scene_01_DT0000205230", "pixel_count": 419, "approx_area_m2": 377100.0, "centroid_x": 722935.2744630071, "centroid_y": 9533157.422434367, "mean_risk": 2.082458734512329, "max_risk": 2.5485613346099854, "median_risk": 2.0565733909606934, "high_priority_pixel_pct": 100.0, "priority_category": "HIGH PRIORITY", "threshold_type": "95th percentile prioritisation threshold", "recommendation": "Spectral-stress evidence detected. Prioritise field inspection to determine the underlying cause. Field verification required.", "priority_rank": 148}}, {"type": "Feature", "geometry": {"type": "Polygon", "coordinates": [[[726795.0, 9533745.0], [726795.0, 9533625.0], [726825.0, 9533625.0], [726825.0, 9533595.0], [726885.0, 9533595.0], [726885.0, 9533625.0], [726945.0, 9533625.0], [726945.0, 9533685.0], [726915.0, 9533685.0], [726915.0, 9533715.0], [726855.0, 9533715.0], [726855.0, 9533745.0], [726795.0, 9533745.0]]]}, "properties": {"zone_id": "scene_01_DT0000205230-Z0017", "scene": "scene_01_DT0000205230", "pixel_count": 18, "approx_area_m2": 16200.0, "centroid_x": 726860.0, "centroid_y": 9533668.333333334, "mean_risk": 2.057900905609131, "max_risk": 2.2406632900238037, "median_risk": 2.0324182510375977, "high_priority_pixel_pct": 100.0, "priority_category": "HIGH PRIORITY", "threshold_type": "95th percentile prioritisation threshold", "recommendation": "Spectral-stress evidence detected. Prioritise field inspection to determine the underlying cause. Field verification required.", "priority_rank": 176}}, {"type": "Feature", "geometry": {"type": "Polygon", "coordinates": [[[716715.0, 9533685.0], [716715.0, 9533655.0], [716685.0, 9533655.0], [716685.0, 9533625.0], [716715.0, 9533625.0], [716715.0, 9533595.0], [716745.0, 9533595.0], [716745.0, 9533505.0], [716715.0, 9533505.0], [716715.0, 9533475.0], [716805.0, 9533475.0], [716805.0, 9533445.0], [716865.0, 9533445.0], [716865.0, 9533565.0], [716835.0, 9533565.0], [716835.0, 9533625.0], [716805.0, 9533625.0], [716805.0, 9533655.0], [716745.0, 9533655.0], [716745.0, 9533685.0], [716715.0, 9533685.0]]]}, "properties": {"zone_id": "scene_01_DT0000205230-Z0018", "scene": "scene_01_DT0000205230", "pixel_count": 27, "approx_area_m2": 24300.0, "centroid_x": 716786.6666666666, "centroid_y": 9533557.777777778, "mean_risk": 2.0066683292388916, "max_risk": 2.1772007942199707, "median_risk": 1.999456524848938, "high_priority_pixel_pct": 100.0, "priority_category": "HIGH PRIORITY", "threshold_type": "95th percentile prioritisation threshold", "recommendation": "Spectral-stress evidence detected. Prioritise field inspection to determine the underlying cause. Field verification required.", "priority_rank": 254}}, {"type": "Feature", "geometry": {"type": "Polygon", "coordinates": [[[715995.0, 9533595.0], [715995.0, 9533565.0], [715965.0, 9533565.0], [715965.0, 9533475.0], [715935.0, 9533475.0], [715935.0, 9533415.0], [715905.0, 9533415.0], [715905.0, 9533505.0], [715875.0, 9533505.0], [715875.0, 9533535.0], [715755.0, 9533535.0], [715755.0, 9533565.0], [715695.0, 9533565.0], [715695.0, 9533535.0], [715665.0, 9533535.0], [715665.0, 9533415.0], [715695.0, 9533415.0], [715695.0, 9533385.0], [715665.0, 9533385.0], [715665.0, 9533325.0], [715635.0, 9533325.0], [715635.0, 9533295.0], [715545.0, 9533295.0], [715545.0, 9533235.0], [715515.0, 9533235.0], [715515.0, 9533205.0], [715425.0, 9533205.0], [715425.0, 9533115.0], [715455.0, 9533115.0], [715455.0, 9533055.0], [715485.0, 9533055.0], [715485.0, 9532995.0], [715515.0, 9532995.0], [715515.0, 9533025.0], [715575.0, 9533025.0], [715575.0, 9532995.0], [715605.0, 9532995.0], [715605.0, 9533085.0], [715665.0, 9533085.0], [715665.0, 9533025.0], [715725.0, 9533025.0], [715725.0, 9532995.0], [715815.0, 9532995.0], [715815.0, 9533025.0], [715875.0, 9533025.0], [715875.0, 9532995.0], [715935.0, 9532995.0], [715935.0, 9533025.0], [715995.0, 9533025.0], [715995.0, 9533085.0], [716025.0, 9533085.0], [716025.0, 9533115.0], [716085.0, 9533115.0], [716085.0, 9533085.0], [716115.0, 9533085.0], [716115.0, 9533115.0], [716145.0, 9533115.0], [716145.0, 9533265.0], [716205.0, 9533265.0], [716205.0, 9533235.0], [716355.0, 9533235.0], [716355.0, 9533295.0], [716325.0, 9533295.0], [716325.0, 9533325.0], [716295.0, 9533325.0], [716295.0, 9533355.0], [716265.0, 9533355.0], [716265.0, 9533385.0], [716235.0, 9533385.0], [716235.0, 9533415.0], [716175.0, 9533415.0], [716175.0, 9533445.0], [716145.0, 9533445.0], [716145.0, 9533475.0], [716115.0, 9533475.0], [716115.0, 9533595.0], [716085.0, 9533595.0], [716085.0, 9533565.0], [716055.0, 9533565.0], [716055.0, 9533595.0], [715995.0, 9533595.0]], [[715755.0, 9533505.0], [715785.0, 9533505.0], [715785.0, 9533475.0], [715755.0, 9533475.0], [715755.0, 9533505.0]], [[715785.0, 9533475.0], [715815.0, 9533475.0], [715815.0, 9533445.0], [715845.0, 9533445.0], [715845.0, 9533295.0], [715755.0, 9533295.0], [715755.0, 9533355.0], [715785.0, 9533355.0], [715785.0, 9533475.0]], [[715905.0, 9533295.0], [715965.0, 9533295.0], [715965.0, 9533235.0], [715935.0, 9533235.0], [715935.0, 9533205.0], [715905.0, 9533205.0], [715905.0, 9533295.0]], [[716055.0, 9533235.0], [716085.0, 9533235.0], [716085.0, 9533145.0], [716025.0, 9533145.0], [716025.0, 9533205.0], [716055.0, 9533205.0], [716055.0, 9533235.0]], [[715935.0, 9533115.0], [715965.0, 9533115.0], [715965.0, 9533055.0], [715935.0, 9533055.0], [715935.0, 9533115.0]]]}, "properties": {"zone_id": "scene_01_DT0000205230-Z0019", "scene": "scene_01_DT0000205230", "pixel_count": 325, "approx_area_m2": 292500.0, "centroid_x": 715871.3538461538, "centroid_y": 9533267.446153846, "mean_risk": 2.0895943641662598, "max_risk": 2.588710069656372, "median_risk": 2.0561025142669678, "high_priority_pixel_pct": 100.0, "priority_category": "HIGH PRIORITY", "threshold_type": "95th percentile prioritisation threshold", "recommendation": "Spectral-stress evidence detected. Prioritise field inspection to determine the underlying cause. Field verification required.", "priority_rank": 137}}, {"type": "Feature", "geometry": {"type": "Polygon", "coordinates": [[[719415.0, 9533445.0], [719415.0, 9533415.0], [719385.0, 9533415.0], [719385.0, 9533385.0], [719355.0, 9533385.0], [719355.0, 9533295.0], [719385.0, 9533295.0], [719385.0, 9533265.0], [719445.0, 9533265.0], [719445.0, 9533235.0], [719475.0, 9533235.0], [719475.0, 9533205.0], [719535.0, 9533205.0], [719535.0, 9533265.0], [719505.0, 9533265.0], [719505.0, 9533295.0], [719565.0, 9533295.0], [719565.0, 9533325.0], [719535.0, 9533325.0], [719535.0, 9533355.0], [719505.0, 9533355.0], [719505.0, 9533445.0], [719415.0, 9533445.0]]]}, "properties": {"zone_id": "scene_01_DT0000205230-Z0020", "scene": "scene_01_DT0000205230", "pixel_count": 34, "approx_area_m2": 30600.0, "centroid_x": 719454.7058823529, "centroid_y": 9533331.176470589, "mean_risk": 2.0047712326049805, "max_risk": 2.2178266048431396, "median_risk": 1.9854726791381836, "high_priority_pixel_pct": 100.0, "priority_category": "HIGH PRIORITY", "threshold_type": "95th percentile prioritisation threshold", "recommendation": "Spectral-stress evidence detected. Prioritise field inspection to determine the underlying cause. Field verification required.", "priority_rank": 260}}, {"type": "Feature", "geometry": {"type": "Polygon", "coordinates": [[[716115.0, 9533055.0], [716115.0, 9532995.0], [716055.0, 9532995.0], [716055.0, 9532965.0], [715875.0, 9532965.0], [715875.0, 9532935.0], [715815.0, 9532935.0], [715815.0, 9532965.0], [715725.0, 9532965.0], [715725.0, 9532935.0], [715665.0, 9532935.0], [715665.0, 9532905.0], [715635.0, 9532905.0], [715635.0, 9532875.0], [715665.0, 9532875.0], [715665.0, 9532785.0], [715635.0, 9532785.0], [715635.0, 9532815.0], [715575.0, 9532815.0], [715575.0, 9532845.0], [715485.0, 9532845.0], [715485.0, 9532875.0], [715425.0, 9532875.0], [715425.0, 9532815.0], [715485.0, 9532815.0], [715485.0, 9532785.0], [715455.0, 9532785.0], [715455.0, 9532695.0], [715485.0, 9532695.0], [715485.0, 9532665.0], [715545.0, 9532665.0], [715545.0, 9532695.0], [715605.0, 9532695.0], [715605.0, 9532725.0], [715695.0, 9532725.0], [715695.0, 9532695.0], [715725.0, 9532695.0], [715725.0, 9532755.0], [715695.0, 9532755.0], [715695.0, 9532815.0], [715815.0, 9532815.0], [715815.0, 9532785.0], [715905.0, 9532785.0], [715905.0, 9532845.0], [715995.0, 9532845.0], [715995.0, 9532815.0], [716025.0, 9532815.0], [716025.0, 9532785.0], [716055.0, 9532785.0], [716055.0, 9532755.0], [716085.0, 9532755.0], [716085.0, 9532695.0], [716175.0, 9532695.0], [716175.0, 9532635.0], [716235.0, 9532635.0], [716235.0, 9532695.0], [716205.0, 9532695.0], [716205.0, 9532785.0], [716235.0, 9532785.0], [716235.0, 9532905.0], [716205.0, 9532905.0], [716205.0, 9532935.0], [716175.0, 9532935.0], [716175.0, 9533055.0], [716115.0, 9533055.0]], [[716115.0, 9532995.0], [716145.0, 9532995.0], [716145.0, 9532965.0], [716115.0, 9532965.0], [716115.0, 9532995.0]]]}, "properties": {"zone_id": "scene_01_DT0000205230-Z0021", "scene": "scene_01_DT0000205230", "pixel_count": 158, "approx_area_m2": 142200.0, "centroid_x": 715889.6202531646, "centroid_y": 9532840.443037976, "mean_risk": 2.033220052719116, "max_risk": 2.28379225730896, "median_risk": 2.0190205574035645, "high_priority_pixel_pct": 100.0, "priority_category": "HIGH PRIORITY", "threshold_type": "95th percentile prioritisation threshold", "recommendation": "Spectral-stress evidence detected. Prioritise field inspection to determine the underlying cause. Field verification required.", "priority_rank": 211}}, {"type": "Feature", "geometry": {"type": "Polygon", "coordinates": [[[728175.0, 9532935.0], [728175.0, 9532875.0], [728145.0, 9532875.0], [728145.0, 9532845.0], [728175.0, 9532845.0], [728175.0, 9532815.0], [728205.0, 9532815.0], [728205.0, 9532785.0], [728235.0, 9532785.0], [728235.0, 9532935.0], [728175.0, 9532935.0]]]}, "properties": {"zone_id": "scene_01_DT0000205230-Z0022", "scene": "scene_01_DT0000205230", "pixel_count": 10, "approx_area_m2": 9000.0, "centroid_x": 728202.0, "centroid_y": 9532866.0, "mean_risk": 2.717128276824951, "max_risk": 3.2908852100372314, "median_risk": 2.6317312717437744, "high_priority_pixel_pct": 100.0, "priority_category": "HIGH PRIORITY", "threshold_type": "95th percentile prioritisation threshold", "recommendation": "Spectral-stress evidence detected. Prioritise field inspection to determine the underlying cause. Field verification required.", "priority_rank": 1}}, {"type": "Feature", "geometry": {"type": "Polygon", "coordinates": [[[726555.0, 9532845.0], [726555.0, 9532755.0], [726585.0, 9532755.0], [726585.0, 9532695.0], [726615.0, 9532695.0], [726615.0, 9532725.0], [726645.0, 9532725.0], [726645.0, 9532815.0], [726585.0, 9532815.0], [726585.0, 9532845.0], [726555.0, 9532845.0]]]}, "properties": {"zone_id": "scene_01_DT0000205230-Z0023", "scene": "scene_01_DT0000205230", "pixel_count": 10, "approx_area_m2": 9000.0, "centroid_x": 726600.0, "centroid_y": 9532773.0, "mean_risk": 2.2113165855407715, "max_risk": 2.478872776031494, "median_risk": 2.176034450531006, "high_priority_pixel_pct": 100.0, "priority_category": "HIGH PRIORITY", "threshold_type": "95th percentile prioritisation threshold", "recommendation": "Spectral-stress evidence detected. Prioritise field inspection to determine the underlying cause. Field verification required.", "priority_rank": 45}}, {"type": "Feature", "geometry": {"type": "Polygon", "coordinates": [[[727905.0, 9532725.0], [727905.0, 9532695.0], [727755.0, 9532695.0], [727755.0, 9532665.0], [727785.0, 9532665.0], [727785.0, 9532605.0], [727845.0, 9532605.0], [727845.0, 9532665.0], [727935.0, 9532665.0], [727935.0, 9532695.0], [727965.0, 9532695.0], [727965.0, 9532725.0], [727905.0, 9532725.0]]]}, "properties": {"zone_id": "scene_01_DT0000205230-Z0024", "scene": "scene_01_DT0000205230", "pixel_count": 12, "approx_area_m2": 10800.0, "centroid_x": 727850.0, "centroid_y": 9532670.0, "mean_risk": 2.0821714401245117, "max_risk": 2.2220652103424072, "median_risk": 2.086803674697876, "high_priority_pixel_pct": 100.0, "priority_category": "HIGH PRIORITY", "threshold_type": "95th percentile prioritisation threshold", "recommendation": "Spectral-stress evidence detected. Prioritise field inspection to determine the underlying cause. Field verification required.", "priority_rank": 149}}, {"type": "Feature", "geometry": {"type": "Polygon", "coordinates": [[[718815.0, 9532635.0], [718815.0, 9532605.0], [718695.0, 9532605.0], [718695.0, 9532545.0], [718665.0, 9532545.0], [718665.0, 9532515.0], [718635.0, 9532515.0], [718635.0, 9532485.0], [718605.0, 9532485.0], [718605.0, 9532425.0], [718635.0, 9532425.0], [718635.0, 9532395.0], [718695.0, 9532395.0], [718695.0, 9532275.0], [718725.0, 9532275.0], [718725.0, 9532245.0], [718755.0, 9532245.0], [718755.0, 9532215.0], [718785.0, 9532215.0], [718785.0, 9532185.0], [718815.0, 9532185.0], [718815.0, 9532125.0], [718875.0, 9532125.0], [718875.0, 9532155.0], [718905.0, 9532155.0], [718905.0, 9532125.0], [718935.0, 9532125.0], [718935.0, 9532035.0], [718965.0, 9532035.0], [718965.0, 9532005.0], [718995.0, 9532005.0], [718995.0, 9531975.0], [719055.0, 9531975.0], [719055.0, 9532035.0], [719085.0, 9532035.0], [719085.0, 9532125.0], [719055.0, 9532125.0], [719055.0, 9532155.0], [719025.0, 9532155.0], [719025.0, 9532185.0], [719055.0, 9532185.0], [719055.0, 9532215.0], [719025.0, 9532215.0], [719025.0, 9532245.0], [718995.0, 9532245.0], [718995.0, 9532305.0], [718965.0, 9532305.0], [718965.0, 9532365.0], [718995.0, 9532365.0], [718995.0, 9532335.0], [719025.0, 9532335.0], [719025.0, 9532305.0], [719055.0, 9532305.0], [719055.0, 9532365.0], [719085.0, 9532365.0], [719085.0, 9532395.0], [719055.0, 9532395.0], [719055.0, 9532425.0], [719085.0, 9532425.0], [719085.0, 9532515.0], [719055.0, 9532515.0], [719055.0, 9532545.0], [718995.0, 9532545.0], [718995.0, 9532575.0], [718935.0, 9532575.0], [718935.0, 9532605.0], [718875.0, 9532605.0], [718875.0, 9532635.0], [718815.0, 9532635.0]], [[718755.0, 9532515.0], [718845.0, 9532515.0], [718845.0, 9532485.0], [718875.0, 9532485.0], [718875.0, 9532455.0], [718755.0, 9532455.0], [718755.0, 9532515.0]]]}, "properties": {"zone_id": "scene_01_DT0000205230-Z0025", "scene": "scene_01_DT0000205230", "pixel_count": 192, "approx_area_m2": 172800.0, "centroid_x": 718881.71875, "centroid_y": 9532350.9375, "mean_risk": 2.0975594520568848, "max_risk": 2.4954586029052734, "median_risk": 2.069972038269043, "high_priority_pixel_pct": 100.0, "priority_category": "HIGH PRIORITY", "threshold_type": "95th percentile prioritisation threshold", "recommendation": "Spectral-stress evidence detected. Prioritise field inspection to determine the underlying cause. Field verification required.", "priority_rank": 131}}, {"type": "Feature", "geometry": {"type": "Polygon", "coordinates": [[[715515.0, 9532605.0], [715515.0, 9532575.0], [715425.0, 9532575.0], [715425.0, 9532515.0], [715515.0, 9532515.0], [715515.0, 9532485.0], [715605.0, 9532485.0], [715605.0, 9532455.0], [715665.0, 9532455.0], [715665.0, 9532425.0], [715695.0, 9532425.0], [715695.0, 9532395.0], [715725.0, 9532395.0], [715725.0, 9532365.0], [715845.0, 9532365.0], [715845.0, 9532395.0], [715905.0, 9532395.0], [715905.0, 9532425.0], [715935.0, 9532425.0], [715935.0, 9532395.0], [716025.0, 9532395.0], [716025.0, 9532425.0], [715995.0, 9532425.0], [715995.0, 9532485.0], [715965.0, 9532485.0], [715965.0, 9532515.0], [715845.0, 9532515.0], [715845.0, 9532485.0], [715815.0, 9532485.0], [715815.0, 9532515.0], [715785.0, 9532515.0], [715785.0, 9532545.0], [715755.0, 9532545.0], [715755.0, 9532575.0], [715695.0, 9532575.0], [715695.0, 9532605.0], [715515.0, 9532605.0]]]}, "properties": {"zone_id": "scene_01_DT0000205230-Z0026", "scene": "scene_01_DT0000205230", "pixel_count": 81, "approx_area_m2": 72900.0, "centroid_x": 715726.6666666666, "centroid_y": 9532489.25925926, "mean_risk": 2.0501232147216797, "max_risk": 2.242290496826172, "median_risk": 2.0612893104553223, "high_priority_pixel_pct": 100.0, "priority_category": "HIGH PRIORITY", "threshold_type": "95th percentile prioritisation threshold", "recommendation": "Spectral-stress evidence detected. Prioritise field inspection to determine the underlying cause. Field verification required.", "priority_rank": 187}}, {"type": "Feature", "geometry": {"type": "Polygon", "coordinates": [[[715305.0, 9532365.0], [715305.0, 9532335.0], [715335.0, 9532335.0], [715335.0, 9532365.0], [715305.0, 9532365.0]]]}, "properties": {"zone_id": "scene_01_DT0000205230-Z0027", "scene": "scene_01_DT0000205230", "pixel_count": 36, "approx_area_m2": 32400.0, "centroid_x": 715240.0, "centroid_y": 9532480.0, "mean_risk": 2.0025794506073, "max_risk": 2.137993097305298, "median_risk": 1.986790657043457, "high_priority_pixel_pct": 100.0, "priority_category": "HIGH PRIORITY", "threshold_type": "95th percentile prioritisation threshold", "recommendation": "Spectral-stress evidence detected. Prioritise field inspection to determine the underlying cause. Field verification required.", "priority_rank": 269}}, {"type": "Feature", "geometry": {"type": "Polygon", "coordinates": [[[715035.0, 9532425.0], [715035.0, 9532275.0], [715005.0, 9532275.0], [715005.0, 9532155.0], [714975.0, 9532155.0], [714975.0, 9532005.0], [714945.0, 9532005.0], [714945.0, 9531885.0], [714915.0, 9531885.0], [714915.0, 9531825.0], [715125.0, 9531825.0], [715125.0, 9531795.0], [715155.0, 9531795.0], [715155.0, 9531765.0], [715245.0, 9531765.0], [715245.0, 9531735.0], [715275.0, 9531735.0], [715275.0, 9531645.0], [715215.0, 9531645.0], [715215.0, 9531615.0], [715185.0, 9531615.0], [715185.0, 9531555.0], [715215.0, 9531555.0], [715215.0, 9531495.0], [715245.0, 9531495.0], [715245.0, 9531465.0], [715335.0, 9531465.0], [715335.0, 9531525.0], [715395.0, 9531525.0], [715395.0, 9531495.0], [715425.0, 9531495.0], [715425.0, 9531435.0], [715485.0, 9531435.0], [715485.0, 9531705.0], [715455.0, 9531705.0], [715455.0, 9531765.0], [715425.0, 9531765.0], [715425.0, 9531795.0], [715395.0, 9531795.0], [715395.0, 9531825.0], [715365.0, 9531825.0], [715365.0, 9531885.0], [715335.0, 9531885.0], [715335.0, 9531975.0], [715395.0, 9531975.0], [715395.0, 9532095.0], [715365.0, 9532095.0], [715365.0, 9532125.0], [715335.0, 9532125.0], [715335.0, 9532185.0], [715305.0, 9532185.0], [715305.0, 9532215.0], [715275.0, 9532215.0], [715275.0, 9532245.0], [715245.0, 9532245.0], [715245.0, 9532305.0], [715215.0, 9532305.0], [715215.0, 9532335.0], [715125.0, 9532335.0], [715125.0, 9532365.0], [715065.0, 9532365.0], [715065.0, 9532425.0], [715035.0, 9532425.0]], [[715215.0, 9531855.0], [715245.0, 9531855.0], [715245.0, 9531795.0], [715215.0, 9531795.0], [715215.0, 9531855.0]]]}, "properties": {"zone_id": "scene_01_DT0000205230-Z0028", "scene": "scene_01_DT0000205230", "pixel_count": 302, "approx_area_m2": 271800.0, "centroid_x": 715213.1125827815, "centroid_y": 9531925.72847682, "mean_risk": 2.1514761447906494, "max_risk": 2.620917558670044, "median_risk": 2.14192533493042, "high_priority_pixel_pct": 100.0, "priority_category": "HIGH PRIORITY", "threshold_type": "95th percentile prioritisation threshold", "recommendation": "Spectral-stress evidence detected. Prioritise field inspection to determine the underlying cause. Field verification required.", "priority_rank": 82}}, {"type": "Feature", "geometry": {"type": "Polygon", "coordinates": [[[722175.0, 9532335.0], [722175.0, 9532305.0], [722115.0, 9532305.0], [722115.0, 9532245.0], [722085.0, 9532245.0], [722085.0, 9532305.0], [722025.0, 9532305.0], [722025.0, 9532275.0], [721935.0, 9532275.0], [721935.0, 9532245.0], [721845.0, 9532245.0], [721845.0, 9532095.0], [721875.0, 9532095.0], [721875.0, 9532065.0], [721935.0, 9532065.0], [721935.0, 9532035.0], [721965.0, 9532035.0], [721965.0, 9532065.0], [721995.0, 9532065.0], [721995.0, 9532125.0], [721965.0, 9532125.0], [721965.0, 9532155.0], [722055.0, 9532155.0], [722055.0, 9532125.0], [722115.0, 9532125.0], [722115.0, 9532155.0], [722175.0, 9532155.0], [722175.0, 9532095.0], [722115.0, 9532095.0], [722115.0, 9532065.0], [722085.0, 9532065.0], [722085.0, 9532005.0], [722055.0, 9532005.0], [722055.0, 9531975.0], [722025.0, 9531975.0], [722025.0, 9532005.0], [721965.0, 9532005.0], [721965.0, 9531975.0], [721995.0, 9531975.0], [721995.0, 9531945.0], [722025.0, 9531945.0], [722025.0, 9531885.0], [722055.0, 9531885.0], [722055.0, 9531825.0], [722085.0, 9531825.0], [722085.0, 9531795.0], [722175.0, 9531795.0], [722175.0, 9531765.0], [722205.0, 9531765.0], [722205.0, 9531795.0], [722325.0, 9531795.0], [722325.0, 9531765.0], [722415.0, 9531765.0], [722415.0, 9531735.0], [722475.0, 9531735.0], [722475.0, 9531795.0], [722505.0, 9531795.0], [722505.0, 9531765.0], [722565.0, 9531765.0], [722565.0, 9531735.0], [722595.0, 9531735.0], [722595.0, 9531855.0], [722535.0, 9531855.0], [722535.0, 9531915.0], [722565.0, 9531915.0], [722565.0, 9531945.0], [722595.0, 9531945.0], [722595.0, 9532065.0], [722505.0, 9532065.0], [722505.0, 9532095.0], [722445.0, 9532095.0], [722445.0, 9532125.0], [722415.0, 9532125.0], [722415.0, 9532155.0], [722445.0, 9532155.0], [722445.0, 9532245.0], [722355.0, 9532245.0], [722355.0, 9532275.0], [722295.0, 9532275.0], [722295.0, 9532245.0], [722265.0, 9532245.0], [722265.0, 9532305.0], [722205.0, 9532305.0], [722205.0, 9532335.0], [722175.0, 9532335.0]], [[722235.0, 9532035.0], [722265.0, 9532035.0], [722265.0, 9531975.0], [722235.0, 9531975.0], [722235.0, 9532035.0]], [[722055.0, 9531945.0], [722085.0, 9531945.0], [722085.0, 9531915.0], [722055.0, 9531915.0], [722055.0, 9531945.0]]]}, "properties": {"zone_id": "scene_01_DT0000205230-Z0029", "scene": "scene_01_DT0000205230", "pixel_count": 295, "approx_area_m2": 265500.0, "centroid_x": 722251.9322033898, "centroid_y": 9532029.661016949, "mean_risk": 2.107698678970337, "max_risk": 2.4587509632110596, "median_risk": 2.086761236190796, "high_priority_pixel_pct": 100.0, "priority_category": "HIGH PRIORITY", "threshold_type": "95th percentile prioritisation threshold", "recommendation": "Spectral-stress evidence detected. Prioritise field inspection to determine the underlying cause. Field verification required.", "priority_rank": 121}}, {"type": "Feature", "geometry": {"type": "Polygon", "coordinates": [[[726705.0, 9531855.0], [726705.0, 9531825.0], [726645.0, 9531825.0], [726645.0, 9531795.0], [726585.0, 9531795.0], [726585.0, 9531765.0], [726555.0, 9531765.0], [726555.0, 9531705.0], [726525.0, 9531705.0], [726525.0, 9531675.0], [726495.0, 9531675.0], [726495.0, 9531615.0], [726525.0, 9531615.0], [726525.0, 9531525.0], [726585.0, 9531525.0], [726585.0, 9531495.0], [726495.0, 9531495.0], [726495.0, 9531555.0], [726465.0, 9531555.0], [726465.0, 9531585.0], [726435.0, 9531585.0], [726435.0, 9531615.0], [726405.0, 9531615.0], [726405.0, 9531555.0], [726315.0, 9531555.0], [726315.0, 9531525.0], [726285.0, 9531525.0], [726285.0, 9531495.0], [726255.0, 9531495.0], [726255.0, 9531465.0], [726225.0, 9531465.0], [726225.0, 9531495.0], [726135.0, 9531495.0], [726135.0, 9531525.0], [726105.0, 9531525.0], [726105.0, 9531585.0], [726075.0, 9531585.0], [726075.0, 9531555.0], [726015.0, 9531555.0], [726015.0, 9531585.0], [725985.0, 9531585.0], [725985.0, 9531645.0], [725955.0, 9531645.0], [725955.0, 9531585.0], [725925.0, 9531585.0], [725925.0, 9531555.0], [725895.0, 9531555.0], [725895.0, 9531465.0], [725925.0, 9531465.0], [725925.0, 9531405.0], [725955.0, 9531405.0], [725955.0, 9531345.0], [726015.0, 9531345.0], [726015.0, 9531315.0], [726075.0, 9531315.0], [726075.0, 9531345.0], [726105.0, 9531345.0], [726105.0, 9531405.0], [726135.0, 9531405.0], [726135.0, 9531375.0], [726165.0, 9531375.0], [726165.0, 9531285.0], [726225.0, 9531285.0], [726225.0, 9531255.0], [726285.0, 9531255.0], [726285.0, 9531225.0], [726315.0, 9531225.0], [726315.0, 9531195.0], [726345.0, 9531195.0], [726345.0, 9531255.0], [726375.0, 9531255.0], [726375.0, 9531225.0], [726405.0, 9531225.0], [726405.0, 9531195.0], [726435.0, 9531195.0], [726435.0, 9531135.0], [726465.0, 9531135.0], [726465.0, 9531105.0], [726525.0, 9531105.0], [726525.0, 9531135.0], [726555.0, 9531135.0], [726555.0, 9531105.0], [726585.0, 9531105.0], [726585.0, 9531015.0], [726675.0, 9531015.0], [726675.0, 9530955.0], [726705.0, 9530955.0], [726705.0, 9530835.0], [726765.0, 9530835.0], [726765.0, 9530865.0], [726855.0, 9530865.0], [726855.0, 9530835.0], [726915.0, 9530835.0], [726915.0, 9530805.0], [726945.0, 9530805.0], [726945.0, 9530835.0], [726975.0, 9530835.0], [726975.0, 9530805.0], [727005.0, 9530805.0], [727005.0, 9530775.0], [727065.0, 9530775.0], [727065.0, 9530835.0], [727095.0, 9530835.0], [727095.0, 9530865.0], [727065.0, 9530865.0], [727065.0, 9530985.0], [727095.0, 9530985.0], [727095.0, 9530925.0], [727125.0, 9530925.0], [727125.0, 9530865.0], [727155.0, 9530865.0], [727155.0, 9530835.0], [727185.0, 9530835.0], [727185.0, 9530805.0], [727215.0, 9530805.0], [727215.0, 9530775.0], [727275.0, 9530775.0], [727275.0, 9530895.0], [727245.0, 9530895.0], [727245.0, 9530925.0], [727275.0, 9530925.0], [727275.0, 9530955.0], [727305.0, 9530955.0], [727305.0, 9530985.0], [727275.0, 9530985.0], [727275.0, 9531075.0], [727305.0, 9531075.0], [727305.0, 9531105.0], [727365.0, 9531105.0], [727365.0, 9531135.0], [727395.0, 9531135.0], [727395.0, 9531195.0], [727425.0, 9531195.0], [727425.0, 9531225.0], [727395.0, 9531225.0], [727395.0, 9531255.0], [727365.0, 9531255.0], [727365.0, 9531285.0], [727335.0, 9531285.0], [727335.0, 9531315.0], [727155.0, 9531315.0], [727155.0, 9531345.0], [727065.0, 9531345.0], [727065.0, 9531315.0], [727035.0, 9531315.0], [727035.0, 9531345.0], [726975.0, 9531345.0], [726975.0, 9531405.0], [726945.0, 9531405.0], [726945.0, 9531435.0], [726915.0, 9531435.0], [726915.0, 9531465.0], [726945.0, 9531465.0], [726945.0, 9531555.0], [726975.0, 9531555.0], [726975.0, 9531585.0], [727005.0, 9531585.0], [727005.0, 9531645.0], [726975.0, 9531645.0], [726975.0, 9531735.0], [726945.0, 9531735.0], [726945.0, 9531795.0], [726915.0, 9531795.0], [726915.0, 9531825.0], [726825.0, 9531825.0], [726825.0, 9531855.0], [726705.0, 9531855.0]], [[726975.0, 9531315.0], [727035.0, 9531315.0], [727035.0, 9531285.0], [726975.0, 9531285.0], [726975.0, 9531315.0]], [[727155.0, 9531255.0], [727215.0, 9531255.0], [727215.0, 9531195.0], [727155.0, 9531195.0], [727155.0, 9531255.0]], [[727035.0, 9531225.0], [727095.0, 9531225.0], [727095.0, 9531165.0], [727125.0, 9531165.0], [727125.0, 9531105.0], [727155.0, 9531105.0], [727155.0, 9531075.0], [727125.0, 9531075.0], [727125.0, 9531045.0], [727065.0, 9531045.0], [727065.0, 9531015.0], [727035.0, 9531015.0], [727035.0, 9531135.0], [727065.0, 9531135.0], [727065.0, 9531195.0], [727035.0, 9531195.0], [727035.0, 9531225.0]], [[726855.0, 9531015.0], [726945.0, 9531015.0], [726945.0, 9530925.0], [726855.0, 9530925.0], [726855.0, 9530955.0], [726825.0, 9530955.0], [726825.0, 9530985.0], [726855.0, 9530985.0], [726855.0, 9531015.0]]]}, "properties": {"zone_id": "scene_01_DT0000205230-Z0030", "scene": "scene_01_DT0000205230", "pixel_count": 1021, "approx_area_m2": 918900.0, "centroid_x": 726574.1136141039, "centroid_y": 9531424.58374143, "mean_risk": 2.197680711746216, "max_risk": 2.9396708011627197, "median_risk": 2.1301095485687256, "high_priority_pixel_pct": 100.0, "priority_category": "HIGH PRIORITY", "threshold_type": "95th percentile prioritisation threshold", "recommendation": "Spectral-stress evidence detected. Prioritise field inspection to determine the underlying cause. Field verification required.", "priority_rank": 51}}, {"type": "Feature", "geometry": {"type": "Polygon", "coordinates": [[[717585.0, 9531945.0], [717585.0, 9531825.0], [717615.0, 9531825.0], [717615.0, 9531795.0], [717645.0, 9531795.0], [717645.0, 9531735.0], [717675.0, 9531735.0], [717675.0, 9531795.0], [717705.0, 9531795.0], [717705.0, 9531675.0], [717765.0, 9531675.0], [717765.0, 9531705.0], [717795.0, 9531705.0], [717795.0, 9531735.0], [717825.0, 9531735.0], [717825.0, 9531795.0], [717885.0, 9531795.0], [717885.0, 9531825.0], [718005.0, 9531825.0], [718005.0, 9531855.0], [718035.0, 9531855.0], [718035.0, 9531915.0], [717945.0, 9531915.0], [717945.0, 9531945.0], [717915.0, 9531945.0], [717915.0, 9531915.0], [717825.0, 9531915.0], [717825.0, 9531885.0], [717675.0, 9531885.0], [717675.0, 9531915.0], [717615.0, 9531915.0], [717615.0, 9531945.0], [717585.0, 9531945.0]], [[717765.0, 9531825.0], [717795.0, 9531825.0], [717795.0, 9531765.0], [717735.0, 9531765.0], [717735.0, 9531795.0], [717765.0, 9531795.0], [717765.0, 9531825.0]]]}, "properties": {"zone_id": "scene_01_DT0000205230-Z0031", "scene": "scene_01_DT0000205230", "pixel_count": 62, "approx_area_m2": 55800.0, "centroid_x": 717787.2580645161, "centroid_y": 9531835.161290323, "mean_risk": 1.9777212142944336, "max_risk": 2.162809133529663, "median_risk": 1.9624443054199219, "high_priority_pixel_pct": 100.0, "priority_category": "HIGH PRIORITY", "threshold_type": "95th percentile prioritisation threshold", "recommendation": "Spectral-stress evidence detected. Prioritise field inspection to determine the underlying cause. Field verification required.", "priority_rank": 314}}, {"type": "Feature", "geometry": {"type": "Polygon", "coordinates": [[[725115.0, 9531705.0], [725115.0, 9531675.0], [725085.0, 9531675.0], [725085.0, 9531645.0], [725055.0, 9531645.0], [725055.0, 9531585.0], [725025.0, 9531585.0], [725025.0, 9531615.0], [724965.0, 9531615.0], [724965.0, 9531645.0], [724935.0, 9531645.0], [724935.0, 9531675.0], [724815.0, 9531675.0], [724815.0, 9531615.0], [724875.0, 9531615.0], [724875.0, 9531585.0], [724905.0, 9531585.0], [724905.0, 9531525.0], [724935.0, 9531525.0], [724935.0, 9531435.0], [724995.0, 9531435.0], [724995.0, 9531405.0], [725025.0, 9531405.0], [725025.0, 9531375.0], [724965.0, 9531375.0], [724965.0, 9531345.0], [724845.0, 9531345.0], [724845.0, 9531285.0], [724875.0, 9531285.0], [724875.0, 9531225.0], [724905.0, 9531225.0], [724905.0, 9531165.0], [724875.0, 9531165.0], [724875.0, 9531075.0], [724905.0, 9531075.0], [724905.0, 9531045.0], [724935.0, 9531045.0], [724935.0, 9531075.0], [724965.0, 9531075.0], [724965.0, 9531105.0], [725025.0, 9531105.0], [725025.0, 9531195.0], [725055.0, 9531195.0], [725055.0, 9531225.0], [725085.0, 9531225.0], [725085.0, 9531255.0], [725055.0, 9531255.0], [725055.0, 9531285.0], [725085.0, 9531285.0], [725085.0, 9531405.0], [725115.0, 9531405.0], [725115.0, 9531495.0], [725085.0, 9531495.0], [725085.0, 9531525.0], [725115.0, 9531525.0], [725115.0, 9531555.0], [725145.0, 9531555.0], [725145.0, 9531645.0], [725175.0, 9531645.0], [725175.0, 9531705.0], [725115.0, 9531705.0]], [[724965.0, 9531525.0], [725025.0, 9531525.0], [725025.0, 9531495.0], [724965.0, 9531495.0], [724965.0, 9531525.0]]]}, "properties": {"zone_id": "scene_01_DT0000205230-Z0032", "scene": "scene_01_DT0000205230", "pixel_count": 117, "approx_area_m2": 105300.0, "centroid_x": 724992.0512820513, "centroid_y": 9531401.538461538, "mean_risk": 2.040442943572998, "max_risk": 2.3666939735412598, "median_risk": 2.0027518272399902, "high_priority_pixel_pct": 100.0, "priority_category": "HIGH PRIORITY", "threshold_type": "95th percentile prioritisation threshold", "recommendation": "Spectral-stress evidence detected. Prioritise field inspection to determine the underlying cause. Field verification required.", "priority_rank": 202}}, {"type": "Feature", "geometry": {"type": "Polygon", "coordinates": [[[721965.0, 9531585.0], [721965.0, 9531555.0], [721935.0, 9531555.0], [721935.0, 9531525.0], [721875.0, 9531525.0], [721875.0, 9531555.0], [721755.0, 9531555.0], [721755.0, 9531525.0], [721695.0, 9531525.0], [721695.0, 9531495.0], [721635.0, 9531495.0], [721635.0, 9531435.0], [721605.0, 9531435.0], [721605.0, 9531375.0], [721575.0, 9531375.0], [721575.0, 9531345.0], [721515.0, 9531345.0], [721515.0, 9531285.0], [721575.0, 9531285.0], [721575.0, 9531165.0], [721605.0, 9531165.0], [721605.0, 9531135.0], [721575.0, 9531135.0], [721575.0, 9531075.0], [721545.0, 9531075.0], [721545.0, 9530985.0], [721605.0, 9530985.0], [721605.0, 9530955.0], [721575.0, 9530955.0], [721575.0, 9530925.0], [721605.0, 9530925.0], [721605.0, 9530865.0], [721635.0, 9530865.0], [721635.0, 9530805.0], [721605.0, 9530805.0], [721605.0, 9530775.0], [721695.0, 9530775.0], [721695.0, 9530745.0], [721725.0, 9530745.0], [721725.0, 9530715.0], [721695.0, 9530715.0], [721695.0, 9530685.0], [721725.0, 9530685.0], [721725.0, 9530655.0], [721755.0, 9530655.0], [721755.0, 9530625.0], [721785.0, 9530625.0], [721785.0, 9530655.0], [721845.0, 9530655.0], [721845.0, 9530685.0], [721875.0, 9530685.0], [721875.0, 9530715.0], [721815.0, 9530715.0], [721815.0, 9530745.0], [721785.0, 9530745.0], [721785.0, 9530865.0], [722025.0, 9530865.0], [722025.0, 9530955.0], [722085.0, 9530955.0], [722085.0, 9530925.0], [722145.0, 9530925.0], [722145.0, 9531015.0], [722115.0, 9531015.0], [722115.0, 9531045.0], [722085.0, 9531045.0], [722085.0, 9531075.0], [722055.0, 9531075.0], [722055.0, 9531105.0], [722085.0, 9531105.0], [722085.0, 9531135.0], [722115.0, 9531135.0], [722115.0, 9531195.0], [722085.0, 9531195.0], [722085.0, 9531225.0], [721935.0, 9531225.0], [721935.0, 9531195.0], [721905.0, 9531195.0], [721905.0, 9531165.0], [721845.0, 9531165.0], [721845.0, 9531195.0], [721815.0, 9531195.0], [721815.0, 9531255.0], [721785.0, 9531255.0], [721785.0, 9531345.0], [721755.0, 9531345.0], [721755.0, 9531375.0], [721725.0, 9531375.0], [721725.0, 9531405.0], [721695.0, 9531405.0], [721695.0, 9531465.0], [721725.0, 9531465.0], [721725.0, 9531435.0], [721755.0, 9531435.0], [721755.0, 9531405.0], [721785.0, 9531405.0], [721785.0, 9531375.0], [721845.0, 9531375.0], [721845.0, 9531345.0], [721875.0, 9531345.0], [721875.0, 9531315.0], [721905.0, 9531315.0], [721905.0, 9531255.0], [721965.0, 9531255.0], [721965.0, 9531315.0], [722025.0, 9531315.0], [722025.0, 9531285.0], [722145.0, 9531285.0], [722145.0, 9531255.0], [722175.0, 9531255.0], [722175.0, 9531165.0], [722205.0, 9531165.0], [722205.0, 9531135.0], [722265.0, 9531135.0], [722265.0, 9531105.0], [722325.0, 9531105.0], [722325.0, 9531165.0], [722355.0, 9531165.0], [722355.0, 9531195.0], [722385.0, 9531195.0], [722385.0, 9531255.0], [722415.0, 9531255.0], [722415.0, 9531285.0], [722385.0, 9531285.0], [722385.0, 9531315.0], [722355.0, 9531315.0], [722355.0, 9531285.0], [722325.0, 9531285.0], [722325.0, 9531255.0], [722265.0, 9531255.0], [722265.0, 9531285.0], [722235.0, 9531285.0], [722235.0, 9531315.0], [722295.0, 9531315.0], [722295.0, 9531375.0], [722325.0, 9531375.0], [722325.0, 9531435.0], [722295.0, 9531435.0], [722295.0, 9531465.0], [722205.0, 9531465.0], [722205.0, 9531495.0], [722175.0, 9531495.0], [722175.0, 9531525.0], [722085.0, 9531525.0], [722085.0, 9531555.0], [721995.0, 9531555.0], [721995.0, 9531585.0], [721965.0, 9531585.0]], [[721665.0, 9531075.0], [721725.0, 9531075.0], [721725.0, 9531045.0], [721665.0, 9531045.0], [721665.0, 9531075.0]], [[721635.0, 9530985.0], [721665.0, 9530985.0], [721665.0, 9530955.0], [721725.0, 9530955.0], [721725.0, 9530895.0], [721755.0, 9530895.0], [721755.0, 9530865.0], [721665.0, 9530865.0], [721665.0, 9530925.0], [721635.0, 9530925.0], [721635.0, 9530985.0]]]}, "properties": {"zone_id": "scene_01_DT0000205230-Z0033", "scene": "scene_01_DT0000205230", "pixel_count": 444, "approx_area_m2": 399600.0, "centroid_x": 721902.6351351351, "centroid_y": 9531188.378378378, "mean_risk": 2.1579806804656982, "max_risk": 2.6633808612823486, "median_risk": 2.124966859817505, "high_priority_pixel_pct": 100.0, "priority_category": "HIGH PRIORITY", "threshold_type": "95th percentile prioritisation threshold", "recommendation": "Spectral-stress evidence detected. Prioritise field inspection to determine the underlying cause. Field verification required.", "priority_rank": 76}}, {"type": "Feature", "geometry": {"type": "Polygon", "coordinates": [[[725355.0, 9531585.0], [725355.0, 9531495.0], [725385.0, 9531495.0], [725385.0, 9531465.0], [725415.0, 9531465.0], [725415.0, 9531435.0], [725445.0, 9531435.0], [725445.0, 9531495.0], [725475.0, 9531495.0], [725475.0, 9531465.0], [725505.0, 9531465.0], [725505.0, 9531435.0], [725535.0, 9531435.0], [725535.0, 9531345.0], [725475.0, 9531345.0], [725475.0, 9531285.0], [725505.0, 9531285.0], [725505.0, 9531225.0], [725565.0, 9531225.0], [725565.0, 9531195.0], [725625.0, 9531195.0], [725625.0, 9531255.0], [725595.0, 9531255.0], [725595.0, 9531285.0], [725625.0, 9531285.0], [725625.0, 9531315.0], [725655.0, 9531315.0], [725655.0, 9531285.0], [725685.0, 9531285.0], [725685.0, 9531195.0], [725835.0, 9531195.0], [725835.0, 9531255.0], [725805.0, 9531255.0], [725805.0, 9531375.0], [725745.0, 9531375.0], [725745.0, 9531465.0], [725685.0, 9531465.0], [725685.0, 9531495.0], [725565.0, 9531495.0], [725565.0, 9531525.0], [725505.0, 9531525.0], [725505.0, 9531555.0], [725445.0, 9531555.0], [725445.0, 9531585.0], [725355.0, 9531585.0]]]}, "properties": {"zone_id": "scene_01_DT0000205230-Z0034", "scene": "scene_01_DT0000205230", "pixel_count": 100, "approx_area_m2": 90000.0, "centroid_x": 725610.0, "centroid_y": 9531374.1, "mean_risk": 2.0832817554473877, "max_risk": 2.3755340576171875, "median_risk": 2.0788073539733887, "high_priority_pixel_pct": 100.0, "priority_category": "HIGH PRIORITY", "threshold_type": "95th percentile prioritisation threshold", "recommendation": "Spectral-stress evidence detected. Prioritise field inspection to determine the underlying cause. Field verification required.", "priority_rank": 147}}, {"type": "Feature", "geometry": {"type": "Polygon", "coordinates": [[[718305.0, 9531495.0], [718305.0, 9531465.0], [718275.0, 9531465.0], [718275.0, 9531435.0], [718305.0, 9531435.0], [718305.0, 9531405.0], [718365.0, 9531405.0], [718365.0, 9531375.0], [718395.0, 9531375.0], [718395.0, 9531465.0], [718365.0, 9531465.0], [718365.0, 9531495.0], [718305.0, 9531495.0]]]}, "properties": {"zone_id": "scene_01_DT0000205230-Z0035", "scene": "scene_01_DT0000205230", "pixel_count": 10, "approx_area_m2": 9000.0, "centroid_x": 718344.0, "centroid_y": 9531441.0, "mean_risk": 1.924232840538025, "max_risk": 1.9717955589294434, "median_risk": 1.9333689212799072, "high_priority_pixel_pct": 100.0, "priority_category": "HIGH PRIORITY", "threshold_type": "95th percentile prioritisation threshold", "recommendation": "Spectral-stress evidence detected. Prioritise field inspection to determine the underlying cause. Field verification required.", "priority_rank": 401}}, {"type": "Feature", "geometry": {"type": "Polygon", "coordinates": [[[727695.0, 9531495.0], [727695.0, 9531465.0], [727665.0, 9531465.0], [727665.0, 9531435.0], [727695.0, 9531435.0], [727695.0, 9531405.0], [727665.0, 9531405.0], [727665.0, 9531375.0], [727635.0, 9531375.0], [727635.0, 9531405.0], [727605.0, 9531405.0], [727605.0, 9531375.0], [727575.0, 9531375.0], [727575.0, 9531285.0], [727545.0, 9531285.0], [727545.0, 9531195.0], [727575.0, 9531195.0], [727575.0, 9531225.0], [727635.0, 9531225.0], [727635.0, 9531255.0], [727725.0, 9531255.0], [727725.0, 9531225.0], [727785.0, 9531225.0], [727785.0, 9531285.0], [727845.0, 9531285.0], [727845.0, 9531315.0], [727815.0, 9531315.0], [727815.0, 9531375.0], [727785.0, 9531375.0], [727785.0, 9531405.0], [727755.0, 9531405.0], [727755.0, 9531465.0], [727725.0, 9531465.0], [727725.0, 9531495.0], [727695.0, 9531495.0]]]}, "properties": {"zone_id": "scene_01_DT0000205230-Z0036", "scene": "scene_01_DT0000205230", "pixel_count": 50, "approx_area_m2": 45000.0, "centroid_x": 727689.6, "centroid_y": 9531328.2, "mean_risk": 2.0192437171936035, "max_risk": 2.2780656814575195, "median_risk": 2.017594337463379, "high_priority_pixel_pct": 100.0, "priority_category": "HIGH PRIORITY", "threshold_type": "95th percentile prioritisation threshold", "recommendation": "Spectral-stress evidence detected. Prioritise field inspection to determine the underlying cause. Field verification required.", "priority_rank": 233}}, {"type": "Feature", "geometry": {"type": "Polygon", "coordinates": [[[715515.0, 9531465.0], [715515.0, 9531315.0], [715575.0, 9531315.0], [715575.0, 9531285.0], [715635.0, 9531285.0], [715635.0, 9531315.0], [715605.0, 9531315.0], [715605.0, 9531345.0], [715575.0, 9531345.0], [715575.0, 9531465.0], [715515.0, 9531465.0]]]}, "properties": {"zone_id": "scene_01_DT0000205230-Z0037", "scene": "scene_01_DT0000205230", "pixel_count": 13, "approx_area_m2": 11700.0, "centroid_x": 715557.6923076923, "centroid_y": 9531371.538461538, "mean_risk": 1.9314043521881104, "max_risk": 1.9965707063674927, "median_risk": 1.9157764911651611, "high_priority_pixel_pct": 100.0, "priority_category": "HIGH PRIORITY", "threshold_type": "95th percentile prioritisation threshold", "recommendation": "Spectral-stress evidence detected. Prioritise field inspection to determine the underlying cause. Field verification required.", "priority_rank": 393}}, {"type": "Feature", "geometry": {"type": "Polygon", "coordinates": [[[732675.0, 9531405.0], [732675.0, 9531375.0], [732705.0, 9531375.0], [732705.0, 9531345.0], [732765.0, 9531345.0], [732765.0, 9531315.0], [732945.0, 9531315.0], [732945.0, 9531375.0], [732885.0, 9531375.0], [732885.0, 9531405.0], [732855.0, 9531405.0], [732855.0, 9531375.0], [732735.0, 9531375.0], [732735.0, 9531405.0], [732675.0, 9531405.0]]]}, "properties": {"zone_id": "scene_01_DT0000205230-Z0038", "scene": "scene_01_DT0000205230", "pixel_count": 17, "approx_area_m2": 15300.0, "centroid_x": 732824.1176470588, "centroid_y": 9531354.705882354, "mean_risk": 2.032182455062866, "max_risk": 2.289949417114258, "median_risk": 1.9833078384399414, "high_priority_pixel_pct": 100.0, "priority_category": "HIGH PRIORITY", "threshold_type": "95th percentile prioritisation threshold", "recommendation": "Spectral-stress evidence detected. Prioritise field inspection to determine the underlying cause. Field verification required.", "priority_rank": 214}}, {"type": "Feature", "geometry": {"type": "Polygon", "coordinates": [[[732435.0, 9531375.0], [732435.0, 9531285.0], [732495.0, 9531285.0], [732495.0, 9531255.0], [732615.0, 9531255.0], [732615.0, 9531315.0], [732585.0, 9531315.0], [732585.0, 9531375.0], [732435.0, 9531375.0]]]}, "properties": {"zone_id": "scene_01_DT0000205230-Z0039", "scene": "scene_01_DT0000205230", "pixel_count": 20, "approx_area_m2": 18000.0, "centroid_x": 732523.5, "centroid_y": 9531316.5, "mean_risk": 2.424527168273926, "max_risk": 3.0933804512023926, "median_risk": 2.4120545387268066, "high_priority_pixel_pct": 100.0, "priority_category": "HIGH PRIORITY", "threshold_type": "95th percentile prioritisation threshold", "recommendation": "Spectral-stress evidence detected. Prioritise field inspection to determine the underlying cause. Field verification required.", "priority_rank": 7}}, {"type": "Feature", "geometry": {"type": "Polygon", "coordinates": [[[716295.0, 9530955.0], [716295.0, 9530925.0], [716235.0, 9530925.0], [716235.0, 9530805.0], [716265.0, 9530805.0], [716265.0, 9530775.0], [716295.0, 9530775.0], [716295.0, 9530745.0], [716325.0, 9530745.0], [716325.0, 9530715.0], [716355.0, 9530715.0], [716355.0, 9530655.0], [716385.0, 9530655.0], [716385.0, 9530685.0], [716535.0, 9530685.0], [716535.0, 9530715.0], [716565.0, 9530715.0], [716565.0, 9530745.0], [716625.0, 9530745.0], [716625.0, 9530715.0], [716655.0, 9530715.0], [716655.0, 9530745.0], [716685.0, 9530745.0], [716685.0, 9530835.0], [716655.0, 9530835.0], [716655.0, 9530865.0], [716505.0, 9530865.0], [716505.0, 9530835.0], [716385.0, 9530835.0], [716385.0, 9530925.0], [716355.0, 9530925.0], [716355.0, 9530955.0], [716295.0, 9530955.0]]]}, "properties": {"zone_id": "scene_01_DT0000205230-Z0040", "scene": "scene_01_DT0000205230", "pixel_count": 80, "approx_area_m2": 72000.0, "centroid_x": 716442.0, "centroid_y": 9530800.125, "mean_risk": 2.0561609268188477, "max_risk": 2.243805408477783, "median_risk": 2.0513691902160645, "high_priority_pixel_pct": 100.0, "priority_category": "HIGH PRIORITY", "threshold_type": "95th percentile prioritisation threshold", "recommendation": "Spectral-stress evidence detected. Prioritise field inspection to determine the underlying cause. Field verification required.", "priority_rank": 177}}, {"type": "Feature", "geometry": {"type": "Polygon", "coordinates": [[[721875.0, 9530565.0], [721875.0, 9530475.0], [721905.0, 9530475.0], [721905.0, 9530415.0], [721965.0, 9530415.0], [721965.0, 9530355.0], [721995.0, 9530355.0], [721995.0, 9530325.0], [722025.0, 9530325.0], [722025.0, 9530295.0], [722055.0, 9530295.0], [722055.0, 9530265.0], [722115.0, 9530265.0], [722115.0, 9530235.0], [722145.0, 9530235.0], [722145.0, 9530205.0], [722205.0, 9530205.0], [722205.0, 9530235.0], [722175.0, 9530235.0], [722175.0, 9530295.0], [722145.0, 9530295.0], [722145.0, 9530325.0], [722175.0, 9530325.0], [722175.0, 9530385.0], [722145.0, 9530385.0], [722145.0, 9530415.0], [722115.0, 9530415.0], [722115.0, 9530475.0], [722085.0, 9530475.0], [722085.0, 9530505.0], [722055.0, 9530505.0], [722055.0, 9530535.0], [721995.0, 9530535.0], [721995.0, 9530565.0], [721875.0, 9530565.0]]]}, "properties": {"zone_id": "scene_01_DT0000205230-Z0041", "scene": "scene_01_DT0000205230", "pixel_count": 62, "approx_area_m2": 55800.0, "centroid_x": 722037.0967741936, "centroid_y": 9530408.225806452, "mean_risk": 2.044499397277832, "max_risk": 2.313760995864868, "median_risk": 2.0235748291015625, "high_priority_pixel_pct": 100.0, "priority_category": "HIGH PRIORITY", "threshold_type": "95th percentile prioritisation threshold", "recommendation": "Spectral-stress evidence detected. Prioritise field inspection to determine the underlying cause. Field verification required.", "priority_rank": 196}}, {"type": "Feature", "geometry": {"type": "Polygon", "coordinates": [[[727815.0, 9530505.0], [727815.0, 9530415.0], [727845.0, 9530415.0], [727845.0, 9530385.0], [727935.0, 9530385.0], [727935.0, 9530355.0], [727995.0, 9530355.0], [727995.0, 9530325.0], [728055.0, 9530325.0], [728055.0, 9530355.0], [728085.0, 9530355.0], [728085.0, 9530385.0], [728055.0, 9530385.0], [728055.0, 9530415.0], [728025.0, 9530415.0], [728025.0, 9530445.0], [727965.0, 9530445.0], [727965.0, 9530475.0], [727935.0, 9530475.0], [727935.0, 9530505.0], [727815.0, 9530505.0]]]}, "properties": {"zone_id": "scene_01_DT0000205230-Z0042", "scene": "scene_01_DT0000205230", "pixel_count": 30, "approx_area_m2": 27000.0, "centroid_x": 727938.0, "centroid_y": 9530420.0, "mean_risk": 1.9809067249298096, "max_risk": 2.070789098739624, "median_risk": 1.9764657020568848, "high_priority_pixel_pct": 100.0, "priority_category": "HIGH PRIORITY", "threshold_type": "95th percentile prioritisation threshold", "recommendation": "Spectral-stress evidence detected. Prioritise field inspection to determine the underlying cause. Field verification required.", "priority_rank": 308}}, {"type": "Feature", "geometry": {"type": "Polygon", "coordinates": [[[725055.0, 9530385.0], [725055.0, 9530325.0], [725085.0, 9530325.0], [725085.0, 9530295.0], [725115.0, 9530295.0], [725115.0, 9530265.0], [725145.0, 9530265.0], [725145.0, 9530295.0], [725175.0, 9530295.0], [725175.0, 9530325.0], [725205.0, 9530325.0], [725205.0, 9530355.0], [725175.0, 9530355.0], [725175.0, 9530385.0], [725055.0, 9530385.0]]]}, "properties": {"zone_id": "scene_01_DT0000205230-Z0043", "scene": "scene_01_DT0000205230", "pixel_count": 13, "approx_area_m2": 11700.0, "centroid_x": 725125.3846153846, "centroid_y": 9530337.692307692, "mean_risk": 2.052851915359497, "max_risk": 2.264479160308838, "median_risk": 2.0675864219665527, "high_priority_pixel_pct": 100.0, "priority_category": "HIGH PRIORITY", "threshold_type": "95th percentile prioritisation threshold", "recommendation": "Spectral-stress evidence detected. Prioritise field inspection to determine the underlying cause. Field verification required.", "priority_rank": 183}}, {"type": "Feature", "geometry": {"type": "Polygon", "coordinates": [[[727005.0, 9530355.0], [727005.0, 9530295.0], [726975.0, 9530295.0], [726975.0, 9530175.0], [727005.0, 9530175.0], [727005.0, 9530085.0], [726945.0, 9530085.0], [726945.0, 9530115.0], [726975.0, 9530115.0], [726975.0, 9530145.0], [726945.0, 9530145.0], [726945.0, 9530175.0], [726885.0, 9530175.0], [726885.0, 9530145.0], [726855.0, 9530145.0], [726855.0, 9530115.0], [726885.0, 9530115.0], [726885.0, 9530055.0], [726855.0, 9530055.0], [726855.0, 9529965.0], [726915.0, 9529965.0], [726915.0, 9529935.0], [727005.0, 9529935.0], [727005.0, 9529905.0], [727035.0, 9529905.0], [727035.0, 9529875.0], [727095.0, 9529875.0], [727095.0, 9529965.0], [727125.0, 9529965.0], [727125.0, 9530025.0], [727155.0, 9530025.0], [727155.0, 9530055.0], [727125.0, 9530055.0], [727125.0, 9530115.0], [727095.0, 9530115.0], [727095.0, 9530235.0], [727065.0, 9530235.0], [727065.0, 9530295.0], [727035.0, 9530295.0], [727035.0, 9530355.0], [727005.0, 9530355.0]]]}, "properties": {"zone_id": "scene_01_DT0000205230-Z0044", "scene": "scene_01_DT0000205230", "pixel_count": 107, "approx_area_m2": 96300.0, "centroid_x": 726940.3738317757, "centroid_y": 9530102.242990654, "mean_risk": 2.0271522998809814, "max_risk": 2.349393844604492, "median_risk": 1.9910643100738525, "high_priority_pixel_pct": 100.0, "priority_category": "HIGH PRIORITY", "threshold_type": "95th percentile prioritisation threshold", "recommendation": "Spectral-stress evidence detected. Prioritise field inspection to determine the underlying cause. Field verification required.", "priority_rank": 219}}, {"type": "Feature", "geometry": {"type": "Polygon", "coordinates": [[[721755.0, 9530325.0], [721755.0, 9530295.0], [721785.0, 9530295.0], [721785.0, 9530265.0], [721845.0, 9530265.0], [721845.0, 9530205.0], [721875.0, 9530205.0], [721875.0, 9530175.0], [721905.0, 9530175.0], [721905.0, 9530265.0], [721875.0, 9530265.0], [721875.0, 9530295.0], [721845.0, 9530295.0], [721845.0, 9530325.0], [721755.0, 9530325.0]]]}, "properties": {"zone_id": "scene_01_DT0000205230-Z0045", "scene": "scene_01_DT0000205230", "pixel_count": 11, "approx_area_m2": 9900.0, "centroid_x": 721843.6363636364, "centroid_y": 9530263.636363637, "mean_risk": 2.0085737705230713, "max_risk": 2.1846272945404053, "median_risk": 1.9732768535614014, "high_priority_pixel_pct": 100.0, "priority_category": "HIGH PRIORITY", "threshold_type": "95th percentile prioritisation threshold", "recommendation": "Spectral-stress evidence detected. Prioritise field inspection to determine the underlying cause. Field verification required.", "priority_rank": 250}}, {"type": "Feature", "geometry": {"type": "Polygon", "coordinates": [[[732885.0, 9530235.0], [732885.0, 9530205.0], [732705.0, 9530205.0], [732705.0, 9530175.0], [732735.0, 9530175.0], [732735.0, 9530115.0], [732795.0, 9530115.0], [732795.0, 9530085.0], [732825.0, 9530085.0], [732825.0, 9530025.0], [732915.0, 9530025.0], [732915.0, 9529935.0], [732945.0, 9529935.0], [732945.0, 9529965.0], [732975.0, 9529965.0], [732975.0, 9529935.0], [733005.0, 9529935.0], [733005.0, 9529845.0], [733035.0, 9529845.0], [733035.0, 9529815.0], [733095.0, 9529815.0], [733095.0, 9529785.0], [733125.0, 9529785.0], [733125.0, 9529755.0], [733155.0, 9529755.0], [733155.0, 9529725.0], [733215.0, 9529725.0], [733215.0, 9529815.0], [733275.0, 9529815.0], [733275.0, 9529755.0], [733305.0, 9529755.0], [733305.0, 9529725.0], [733335.0, 9529725.0], [733335.0, 9529605.0], [733365.0, 9529605.0], [733365.0, 9529575.0], [733395.0, 9529575.0], [733395.0, 9529695.0], [733455.0, 9529695.0], [733455.0, 9529665.0], [733545.0, 9529665.0], [733545.0, 9529695.0], [733575.0, 9529695.0], [733575.0, 9529665.0], [733695.0, 9529665.0], [733695.0, 9529695.0], [733725.0, 9529695.0], [733725.0, 9529725.0], [733755.0, 9529725.0], [733755.0, 9529695.0], [733815.0, 9529695.0], [733815.0, 9529785.0], [733785.0, 9529785.0], [733785.0, 9529845.0], [733755.0, 9529845.0], [733755.0, 9529875.0], [733725.0, 9529875.0], [733725.0, 9529905.0], [733545.0, 9529905.0], [733545.0, 9529875.0], [733485.0, 9529875.0], [733485.0, 9529905.0], [733425.0, 9529905.0], [733425.0, 9529965.0], [733455.0, 9529965.0], [733455.0, 9529995.0], [733485.0, 9529995.0], [733485.0, 9530055.0], [733365.0, 9530055.0], [733365.0, 9530085.0], [733305.0, 9530085.0], [733305.0, 9530115.0], [733275.0, 9530115.0], [733275.0, 9530085.0], [733185.0, 9530085.0], [733185.0, 9530115.0], [733155.0, 9530115.0], [733155.0, 9530145.0], [733185.0, 9530145.0], [733185.0, 9530175.0], [733095.0, 9530175.0], [733095.0, 9530115.0], [733035.0, 9530115.0], [733035.0, 9530145.0], [733005.0, 9530145.0], [733005.0, 9530175.0], [732975.0, 9530175.0], [732975.0, 9530205.0], [732915.0, 9530205.0], [732915.0, 9530235.0], [732885.0, 9530235.0]]]}, "properties": {"zone_id": "scene_01_DT0000205230-Z0046", "scene": "scene_01_DT0000205230", "pixel_count": 317, "approx_area_m2": 285300.0, "centroid_x": 733276.1829652997, "centroid_y": 9529916.782334385, "mean_risk": 2.1315958499908447, "max_risk": 2.569070816040039, "median_risk": 2.120026111602783, "high_priority_pixel_pct": 100.0, "priority_category": "HIGH PRIORITY", "threshold_type": "95th percentile prioritisation threshold", "recommendation": "Spectral-stress evidence detected. Prioritise field inspection to determine the underlying cause. Field verification required.", "priority_rank": 95}}, {"type": "Feature", "geometry": {"type": "Polygon", "coordinates": [[[733875.0, 9530235.0], [733875.0, 9530145.0], [733905.0, 9530145.0], [733905.0, 9530115.0], [733995.0, 9530115.0], [733995.0, 9530145.0], [733965.0, 9530145.0], [733965.0, 9530205.0], [733905.0, 9530205.0], [733905.0, 9530235.0], [733875.0, 9530235.0]]]}, "properties": {"zone_id": "scene_01_DT0000205230-Z0047", "scene": "scene_01_DT0000205230", "pixel_count": 10, "approx_area_m2": 9000.0, "centroid_x": 733926.0, "centroid_y": 9530166.0, "mean_risk": 1.9300117492675781, "max_risk": 1.9750045537948608, "median_risk": 1.9226953983306885, "high_priority_pixel_pct": 100.0, "priority_category": "HIGH PRIORITY", "threshold_type": "95th percentile prioritisation threshold", "recommendation": "Spectral-stress evidence detected. Prioritise field inspection to determine the underlying cause. Field verification required.", "priority_rank": 395}}, {"type": "Feature", "geometry": {"type": "Polygon", "coordinates": [[[721725.0, 9530205.0], [721725.0, 9530145.0], [721755.0, 9530145.0], [721755.0, 9530115.0], [721785.0, 9530115.0], [721785.0, 9530085.0], [721815.0, 9530085.0], [721815.0, 9530055.0], [721845.0, 9530055.0], [721845.0, 9530115.0], [721815.0, 9530115.0], [721815.0, 9530175.0], [721785.0, 9530175.0], [721785.0, 9530205.0], [721725.0, 9530205.0]]]}, "properties": {"zone_id": "scene_01_DT0000205230-Z0048", "scene": "scene_01_DT0000205230", "pixel_count": 10, "approx_area_m2": 9000.0, "centroid_x": 721785.0, "centroid_y": 9530139.0, "mean_risk": 1.9391906261444092, "max_risk": 2.0094079971313477, "median_risk": 1.9367631673812866, "high_priority_pixel_pct": 100.0, "priority_category": "HIGH PRIORITY", "threshold_type": "95th percentile prioritisation threshold", "recommendation": "Spectral-stress evidence detected. Prioritise field inspection to determine the underlying cause. Field verification required.", "priority_rank": 380}}, {"type": "Feature", "geometry": {"type": "Polygon", "coordinates": [[[727245.0, 9530175.0], [727245.0, 9530115.0], [727305.0, 9530115.0], [727305.0, 9530085.0], [727335.0, 9530085.0], [727335.0, 9530055.0], [727365.0, 9530055.0], [727365.0, 9529995.0], [727395.0, 9529995.0], [727395.0, 9529935.0], [727425.0, 9529935.0], [727425.0, 9529905.0], [727455.0, 9529905.0], [727455.0, 9529875.0], [727485.0, 9529875.0], [727485.0, 9529905.0], [727515.0, 9529905.0], [727515.0, 9529995.0], [727485.0, 9529995.0], [727485.0, 9530025.0], [727455.0, 9530025.0], [727455.0, 9530085.0], [727425.0, 9530085.0], [727425.0, 9530145.0], [727395.0, 9530145.0], [727395.0, 9530175.0], [727245.0, 9530175.0]]]}, "properties": {"zone_id": "scene_01_DT0000205230-Z0049", "scene": "scene_01_DT0000205230", "pixel_count": 38, "approx_area_m2": 34200.0, "centroid_x": 727397.3684210526, "centroid_y": 9530047.105263159, "mean_risk": 2.008206605911255, "max_risk": 2.129476308822632, "median_risk": 2.000210762023926, "high_priority_pixel_pct": 100.0, "priority_category": "HIGH PRIORITY", "threshold_type": "95th percentile prioritisation threshold", "recommendation": "Spectral-stress evidence detected. Prioritise field inspection to determine the underlying cause. Field verification required.", "priority_rank": 251}}, {"type": "Feature", "geometry": {"type": "Polygon", "coordinates": [[[735765.0, 9530145.0], [735765.0, 9530085.0], [735735.0, 9530085.0], [735735.0, 9530055.0], [735795.0, 9530055.0], [735795.0, 9530025.0], [735855.0, 9530025.0], [735855.0, 9529995.0], [735885.0, 9529995.0], [735885.0, 9530055.0], [735855.0, 9530055.0], [735855.0, 9530085.0], [735885.0, 9530085.0], [735885.0, 9530145.0], [735765.0, 9530145.0]]]}, "properties": {"zone_id": "scene_01_DT0000205230-Z0050", "scene": "scene_01_DT0000205230", "pixel_count": 16, "approx_area_m2": 14400.0, "centroid_x": 735823.125, "centroid_y": 9530083.125, "mean_risk": 2.4310860633850098, "max_risk": 2.9611592292785645, "median_risk": 2.461364507675171, "high_priority_pixel_pct": 100.0, "priority_category": "HIGH PRIORITY", "threshold_type": "95th percentile prioritisation threshold", "recommendation": "Spectral-stress evidence detected. Prioritise field inspection to determine the underlying cause. Field verification required.", "priority_rank": 6}}, {"type": "Feature", "geometry": {"type": "Polygon", "coordinates": [[[733755.0, 9529965.0], [733755.0, 9529905.0], [733785.0, 9529905.0], [733785.0, 9529875.0], [733815.0, 9529875.0], [733815.0, 9529845.0], [733875.0, 9529845.0], [733875.0, 9529875.0], [733935.0, 9529875.0], [733935.0, 9529845.0], [733995.0, 9529845.0], [733995.0, 9529815.0], [734025.0, 9529815.0], [734025.0, 9529845.0], [734085.0, 9529845.0], [734085.0, 9529875.0], [734055.0, 9529875.0], [734055.0, 9529905.0], [733995.0, 9529905.0], [733995.0, 9529935.0], [733785.0, 9529935.0], [733785.0, 9529965.0], [733755.0, 9529965.0]]]}, "properties": {"zone_id": "scene_01_DT0000205230-Z0051", "scene": "scene_01_DT0000205230", "pixel_count": 26, "approx_area_m2": 23400.0, "centroid_x": 733915.3846153846, "centroid_y": 9529891.153846154, "mean_risk": 1.987717866897583, "max_risk": 2.1685149669647217, "median_risk": 1.9618033170700073, "high_priority_pixel_pct": 100.0, "priority_category": "HIGH PRIORITY", "threshold_type": "95th percentile prioritisation threshold", "recommendation": "Spectral-stress evidence detected. Prioritise field inspection to determine the underlying cause. Field verification required.", "priority_rank": 295}}, {"type": "Feature", "geometry": {"type": "Polygon", "coordinates": [[[721725.0, 9529905.0], [721725.0, 9529845.0], [721755.0, 9529845.0], [721755.0, 9529785.0], [721785.0, 9529785.0], [721785.0, 9529755.0], [721845.0, 9529755.0], [721845.0, 9529695.0], [721875.0, 9529695.0], [721875.0, 9529665.0], [721935.0, 9529665.0], [721935.0, 9529635.0], [721995.0, 9529635.0], [721995.0, 9529665.0], [722055.0, 9529665.0], [722055.0, 9529695.0], [722085.0, 9529695.0], [722085.0, 9529755.0], [722055.0, 9529755.0], [722055.0, 9529785.0], [722025.0, 9529785.0], [722025.0, 9529815.0], [721935.0, 9529815.0], [721935.0, 9529845.0], [721845.0, 9529845.0], [721845.0, 9529875.0], [721815.0, 9529875.0], [721815.0, 9529905.0], [721725.0, 9529905.0]]]}, "properties": {"zone_id": "scene_01_DT0000205230-Z0052", "scene": "scene_01_DT0000205230", "pixel_count": 55, "approx_area_m2": 49500.0, "centroid_x": 721908.5454545454, "centroid_y": 9529767.272727273, "mean_risk": 2.058438777923584, "max_risk": 2.2567243576049805, "median_risk": 2.060293436050415, "high_priority_pixel_pct": 100.0, "priority_category": "HIGH PRIORITY", "threshold_type": "95th percentile prioritisation threshold", "recommendation": "Spectral-stress evidence detected. Prioritise field inspection to determine the underlying cause. Field verification required.", "priority_rank": 173}}, {"type": "Feature", "geometry": {"type": "Polygon", "coordinates": [[[717165.0, 9528675.0], [717165.0, 9528645.0], [717195.0, 9528645.0], [717195.0, 9528615.0], [717225.0, 9528615.0], [717225.0, 9528675.0], [717165.0, 9528675.0]]]}, "properties": {"zone_id": "scene_01_DT0000205230-Z0053", "scene": "scene_01_DT0000205230", "pixel_count": 1595, "approx_area_m2": 1435500.0, "centroid_x": 716226.2445141065, "centroid_y": 9529253.115987461, "mean_risk": 2.238072156906128, "max_risk": 3.068519353866577, "median_risk": 2.2173497676849365, "high_priority_pixel_pct": 100.0, "priority_category": "HIGH PRIORITY", "threshold_type": "95th percentile prioritisation threshold", "recommendation": "Spectral-stress evidence detected. Prioritise field inspection to determine the underlying cause. Field verification required.", "priority_rank": 40}}, {"type": "Feature", "geometry": {"type": "Polygon", "coordinates": [[[718125.0, 9529155.0], [718125.0, 9529125.0], [718185.0, 9529125.0], [718185.0, 9529155.0], [718125.0, 9529155.0]]]}, "properties": {"zone_id": "scene_01_DT0000205230-Z0054", "scene": "scene_01_DT0000205230", "pixel_count": 242, "approx_area_m2": 217800.0, "centroid_x": 717830.826446281, "centroid_y": 9529452.396694215, "mean_risk": 2.1472549438476562, "max_risk": 2.5988337993621826, "median_risk": 2.1330947875976562, "high_priority_pixel_pct": 100.0, "priority_category": "HIGH PRIORITY", "threshold_type": "95th percentile prioritisation threshold", "recommendation": "Spectral-stress evidence detected. Prioritise field inspection to determine the underlying cause. Field verification required.", "priority_rank": 85}}, {"type": "Feature", "geometry": {"type": "Polygon", "coordinates": [[[729315.0, 9529515.0], [729315.0, 9529455.0], [729225.0, 9529455.0], [729225.0, 9529425.0], [729165.0, 9529425.0], [729165.0, 9529455.0], [729045.0, 9529455.0], [729045.0, 9529425.0], [729015.0, 9529425.0], [729015.0, 9529395.0], [728985.0, 9529395.0], [728985.0, 9529365.0], [728925.0, 9529365.0], [728925.0, 9529395.0], [728565.0, 9529395.0], [728565.0, 9529365.0], [728505.0, 9529365.0], [728505.0, 9529335.0], [728445.0, 9529335.0], [728445.0, 9529305.0], [728475.0, 9529305.0], [728475.0, 9529245.0], [728445.0, 9529245.0], [728445.0, 9529215.0], [728475.0, 9529215.0], [728475.0, 9529185.0], [728505.0, 9529185.0], [728505.0, 9529125.0], [728535.0, 9529125.0], [728535.0, 9529035.0], [728565.0, 9529035.0], [728565.0, 9528975.0], [728535.0, 9528975.0], [728535.0, 9528855.0], [728505.0, 9528855.0], [728505.0, 9528885.0], [728475.0, 9528885.0], [728475.0, 9528915.0], [728415.0, 9528915.0], [728415.0, 9528885.0], [728445.0, 9528885.0], [728445.0, 9528855.0], [728415.0, 9528855.0], [728415.0, 9528795.0], [728445.0, 9528795.0], [728445.0, 9528705.0], [728475.0, 9528705.0], [728475.0, 9528675.0], [728505.0, 9528675.0], [728505.0, 9528615.0], [728565.0, 9528615.0], [728565.0, 9528555.0], [728625.0, 9528555.0], [728625.0, 9528435.0], [728655.0, 9528435.0], [728655.0, 9528405.0], [728685.0, 9528405.0], [728685.0, 9528435.0], [728715.0, 9528435.0], [728715.0, 9528405.0], [728805.0, 9528405.0], [728805.0, 9528345.0], [728835.0, 9528345.0], [728835.0, 9528375.0], [728925.0, 9528375.0], [728925.0, 9528465.0], [728955.0, 9528465.0], [728955.0, 9528555.0], [729015.0, 9528555.0], [729015.0, 9528585.0], [728985.0, 9528585.0], [728985.0, 9528615.0], [728925.0, 9528615.0], [728925.0, 9528585.0], [728895.0, 9528585.0], [728895.0, 9528615.0], [728835.0, 9528615.0], [728835.0, 9528645.0], [728805.0, 9528645.0], [728805.0, 9528705.0], [728835.0, 9528705.0], [728835.0, 9528765.0], [728865.0, 9528765.0], [728865.0, 9528795.0], [728925.0, 9528795.0], [728925.0, 9528825.0], [728985.0, 9528825.0], [728985.0, 9528705.0], [729045.0, 9528705.0], [729045.0, 9528675.0], [729075.0, 9528675.0], [729075.0, 9528645.0], [729105.0, 9528645.0], [729105.0, 9528765.0], [729135.0, 9528765.0], [729135.0, 9528735.0], [729195.0, 9528735.0], [729195.0, 9528705.0], [729285.0, 9528705.0], [729285.0, 9528675.0], [729315.0, 9528675.0], [729315.0, 9528765.0], [729375.0, 9528765.0], [729375.0, 9528675.0], [729405.0, 9528675.0], [729405.0, 9528735.0], [729465.0, 9528735.0], [729465.0, 9528825.0], [729435.0, 9528825.0], [729435.0, 9528855.0], [729405.0, 9528855.0], [729405.0, 9528885.0], [729315.0, 9528885.0], [729315.0, 9528855.0], [729255.0, 9528855.0], [729255.0, 9528975.0], [729225.0, 9528975.0], [729225.0, 9529005.0], [729165.0, 9529005.0], [729165.0, 9529065.0], [729135.0, 9529065.0], [729135.0, 9529095.0], [729105.0, 9529095.0], [729105.0, 9529125.0], [729075.0, 9529125.0], [729075.0, 9529155.0], [729045.0, 9529155.0], [729045.0, 9529185.0], [728985.0, 9529185.0], [728985.0, 9529245.0], [728955.0, 9529245.0], [728955.0, 9529275.0], [728985.0, 9529275.0], [728985.0, 9529305.0], [729015.0, 9529305.0], [729015.0, 9529245.0], [729135.0, 9529245.0], [729135.0, 9529305.0], [729165.0, 9529305.0], [729165.0, 9529335.0], [729195.0, 9529335.0], [729195.0, 9529365.0], [729255.0, 9529365.0], [729255.0, 9529305.0], [729285.0, 9529305.0], [729285.0, 9529275.0], [729345.0, 9529275.0], [729345.0, 9529245.0], [729405.0, 9529245.0], [729405.0, 9529215.0], [729435.0, 9529215.0], [729435.0, 9529275.0], [729405.0, 9529275.0], [729405.0, 9529365.0], [729375.0, 9529365.0], [729375.0, 9529395.0], [729345.0, 9529395.0], [729345.0, 9529425.0], [729375.0, 9529425.0], [729375.0, 9529455.0], [729345.0, 9529455.0], [729345.0, 9529515.0], [729315.0, 9529515.0]], [[728745.0, 9529245.0], [728775.0, 9529245.0], [728775.0, 9529185.0], [728745.0, 9529185.0], [728745.0, 9529245.0]], [[728775.0, 9529185.0], [728805.0, 9529185.0], [728805.0, 9529155.0], [728775.0, 9529155.0], [728775.0, 9529185.0]], [[728535.0, 9528765.0], [728565.0, 9528765.0], [728565.0, 9528735.0], [728535.0, 9528735.0], [728535.0, 9528765.0]], [[728625.0, 9528765.0], [728655.0, 9528765.0], [728655.0, 9528735.0], [728715.0, 9528735.0], [728715.0, 9528705.0], [728775.0, 9528705.0], [728775.0, 9528585.0], [728745.0, 9528585.0], [728745.0, 9528525.0], [728715.0, 9528525.0], [728715.0, 9528555.0], [728655.0, 9528555.0], [728655.0, 9528585.0], [728625.0, 9528585.0], [728625.0, 9528705.0], [728595.0, 9528705.0], [728595.0, 9528735.0], [728625.0, 9528735.0], [728625.0, 9528765.0]], [[728805.0, 9528495.0], [728835.0, 9528495.0], [728835.0, 9528465.0], [728805.0, 9528465.0], [728805.0, 9528495.0]]]}, "properties": {"zone_id": "scene_01_DT0000205230-Z0055", "scene": "scene_01_DT0000205230", "pixel_count": 687, "approx_area_m2": 618300.0, "centroid_x": 728893.3187772926, "centroid_y": 9529002.052401748, "mean_risk": 2.0531466007232666, "max_risk": 2.4198005199432373, "median_risk": 2.0321476459503174, "high_priority_pixel_pct": 100.0, "priority_category": "HIGH PRIORITY", "threshold_type": "95th percentile prioritisation threshold", "recommendation": "Spectral-stress evidence detected. Prioritise field inspection to determine the underlying cause. Field verification required.", "priority_rank": 182}}, {"type": "Feature", "geometry": {"type": "Polygon", "coordinates": [[[724815.0, 9529635.0], [724815.0, 9529605.0], [724845.0, 9529605.0], [724845.0, 9529575.0], [724785.0, 9529575.0], [724785.0, 9529605.0], [724725.0, 9529605.0], [724725.0, 9529575.0], [724695.0, 9529575.0], [724695.0, 9529545.0], [724545.0, 9529545.0], [724545.0, 9529575.0], [724515.0, 9529575.0], [724515.0, 9529605.0], [724455.0, 9529605.0], [724455.0, 9529575.0], [724425.0, 9529575.0], [724425.0, 9529515.0], [724275.0, 9529515.0], [724275.0, 9529545.0], [724185.0, 9529545.0], [724185.0, 9529485.0], [724215.0, 9529485.0], [724215.0, 9529425.0], [724185.0, 9529425.0], [724185.0, 9529395.0], [724155.0, 9529395.0], [724155.0, 9529365.0], [724185.0, 9529365.0], [724185.0, 9529305.0], [724215.0, 9529305.0], [724215.0, 9529275.0], [724275.0, 9529275.0], [724275.0, 9529245.0], [724335.0, 9529245.0], [724335.0, 9529215.0], [724515.0, 9529215.0], [724515.0, 9529185.0], [724545.0, 9529185.0], [724545.0, 9529155.0], [724665.0, 9529155.0], [724665.0, 9529185.0], [724725.0, 9529185.0], [724725.0, 9529245.0], [724695.0, 9529245.0], [724695.0, 9529275.0], [724725.0, 9529275.0], [724725.0, 9529305.0], [724755.0, 9529305.0], [724755.0, 9529275.0], [724785.0, 9529275.0], [724785.0, 9529245.0], [724815.0, 9529245.0], [724815.0, 9529215.0], [724845.0, 9529215.0], [724845.0, 9529185.0], [724905.0, 9529185.0], [724905.0, 9529215.0], [724995.0, 9529215.0], [724995.0, 9529275.0], [724965.0, 9529275.0], [724965.0, 9529395.0], [724935.0, 9529395.0], [724935.0, 9529545.0], [724905.0, 9529545.0], [724905.0, 9529605.0], [724875.0, 9529605.0], [724875.0, 9529635.0], [724815.0, 9529635.0]]]}, "properties": {"zone_id": "scene_01_DT0000205230-Z0056", "scene": "scene_01_DT0000205230", "pixel_count": 294, "approx_area_m2": 264600.0, "centroid_x": 724595.2040816327, "centroid_y": 9529386.836734693, "mean_risk": 2.3014028072357178, "max_risk": 2.8059918880462646, "median_risk": 2.3163437843322754, "high_priority_pixel_pct": 100.0, "priority_category": "HIGH PRIORITY", "threshold_type": "95th percentile prioritisation threshold", "recommendation": "Spectral-stress evidence detected. Prioritise field inspection to determine the underlying cause. Field verification required.", "priority_rank": 25}}, {"type": "Feature", "geometry": {"type": "Polygon", "coordinates": [[[729465.0, 9529605.0], [729465.0, 9529515.0], [729495.0, 9529515.0], [729495.0, 9529455.0], [729525.0, 9529455.0], [729525.0, 9529425.0], [729555.0, 9529425.0], [729555.0, 9529365.0], [729585.0, 9529365.0], [729585.0, 9529395.0], [729615.0, 9529395.0], [729615.0, 9529485.0], [729645.0, 9529485.0], [729645.0, 9529575.0], [729555.0, 9529575.0], [729555.0, 9529545.0], [729525.0, 9529545.0], [729525.0, 9529605.0], [729465.0, 9529605.0]]]}, "properties": {"zone_id": "scene_01_DT0000205230-Z0057", "scene": "scene_01_DT0000205230", "pixel_count": 28, "approx_area_m2": 25200.0, "centroid_x": 729558.2142857143, "centroid_y": 9529502.142857144, "mean_risk": 1.9527114629745483, "max_risk": 2.050687551498413, "median_risk": 1.9433163404464722, "high_priority_pixel_pct": 100.0, "priority_category": "HIGH PRIORITY", "threshold_type": "95th percentile prioritisation threshold", "recommendation": "Spectral-stress evidence detected. Prioritise field inspection to determine the underlying cause. Field verification required.", "priority_rank": 360}}, {"type": "Feature", "geometry": {"type": "Polygon", "coordinates": [[[726375.0, 9529485.0], [726375.0, 9529425.0], [726465.0, 9529425.0], [726465.0, 9529395.0], [726615.0, 9529395.0], [726615.0, 9529425.0], [726585.0, 9529425.0], [726585.0, 9529455.0], [726555.0, 9529455.0], [726555.0, 9529485.0], [726465.0, 9529485.0], [726465.0, 9529455.0], [726435.0, 9529455.0], [726435.0, 9529485.0], [726375.0, 9529485.0]]]}, "properties": {"zone_id": "scene_01_DT0000205230-Z0058", "scene": "scene_01_DT0000205230", "pixel_count": 17, "approx_area_m2": 15300.0, "centroid_x": 726494.1176470588, "centroid_y": 9529440.0, "mean_risk": 1.9440864324569702, "max_risk": 2.047452211380005, "median_risk": 1.9386628866195679, "high_priority_pixel_pct": 100.0, "priority_category": "HIGH PRIORITY", "threshold_type": "95th percentile prioritisation threshold", "recommendation": "Spectral-stress evidence detected. Prioritise field inspection to determine the underlying cause. Field verification required.", "priority_rank": 371}}, {"type": "Feature", "geometry": {"type": "Polygon", "coordinates": [[[732015.0, 9529455.0], [732015.0, 9529425.0], [731955.0, 9529425.0], [731955.0, 9529365.0], [731985.0, 9529365.0], [731985.0, 9529335.0], [732045.0, 9529335.0], [732045.0, 9529305.0], [732135.0, 9529305.0], [732135.0, 9529275.0], [732165.0, 9529275.0], [732165.0, 9529185.0], [732105.0, 9529185.0], [732105.0, 9529155.0], [732135.0, 9529155.0], [732135.0, 9529125.0], [732165.0, 9529125.0], [732165.0, 9529065.0], [732135.0, 9529065.0], [732135.0, 9529035.0], [732195.0, 9529035.0], [732195.0, 9529005.0], [732225.0, 9529005.0], [732225.0, 9528945.0], [732255.0, 9528945.0], [732255.0, 9528885.0], [732195.0, 9528885.0], [732195.0, 9528915.0], [732135.0, 9528915.0], [732135.0, 9528945.0], [732105.0, 9528945.0], [732105.0, 9528975.0], [732075.0, 9528975.0], [732075.0, 9529005.0], [732015.0, 9529005.0], [732015.0, 9529035.0], [731925.0, 9529035.0], [731925.0, 9529005.0], [731895.0, 9529005.0], [731895.0, 9529035.0], [731715.0, 9529035.0], [731715.0, 9529005.0], [731685.0, 9529005.0], [731685.0, 9528975.0], [731715.0, 9528975.0], [731715.0, 9528945.0], [731775.0, 9528945.0], [731775.0, 9528915.0], [731805.0, 9528915.0], [731805.0, 9528885.0], [731835.0, 9528885.0], [731835.0, 9528855.0], [731865.0, 9528855.0], [731865.0, 9528885.0], [731925.0, 9528885.0], [731925.0, 9528855.0], [731955.0, 9528855.0], [731955.0, 9528825.0], [731985.0, 9528825.0], [731985.0, 9528675.0], [732015.0, 9528675.0], [732015.0, 9528585.0], [732045.0, 9528585.0], [732045.0, 9528555.0], [732195.0, 9528555.0], [732195.0, 9528525.0], [732225.0, 9528525.0], [732225.0, 9528555.0], [732435.0, 9528555.0], [732435.0, 9528585.0], [732465.0, 9528585.0], [732465.0, 9528555.0], [732495.0, 9528555.0], [732495.0, 9528525.0], [732525.0, 9528525.0], [732525.0, 9528495.0], [732555.0, 9528495.0], [732555.0, 9528465.0], [732585.0, 9528465.0], [732585.0, 9528435.0], [732615.0, 9528435.0], [732615.0, 9528405.0], [732675.0, 9528405.0], [732675.0, 9528375.0], [732735.0, 9528375.0], [732735.0, 9528345.0], [732825.0, 9528345.0], [732825.0, 9528405.0], [732855.0, 9528405.0], [732855.0, 9528435.0], [732885.0, 9528435.0], [732885.0, 9528495.0], [732735.0, 9528495.0], [732735.0, 9528465.0], [732645.0, 9528465.0], [732645.0, 9528495.0], [732615.0, 9528495.0], [732615.0, 9528525.0], [732645.0, 9528525.0], [732645.0, 9528555.0], [732675.0, 9528555.0], [732675.0, 9528585.0], [732615.0, 9528585.0], [732615.0, 9528615.0], [732585.0, 9528615.0], [732585.0, 9528645.0], [732555.0, 9528645.0], [732555.0, 9528735.0], [732615.0, 9528735.0], [732615.0, 9528705.0], [732645.0, 9528705.0], [732645.0, 9528615.0], [732795.0, 9528615.0], [732795.0, 9528645.0], [732825.0, 9528645.0], [732825.0, 9528675.0], [732855.0, 9528675.0], [732855.0, 9528765.0], [732825.0, 9528765.0], [732825.0, 9528795.0], [732795.0, 9528795.0], [732795.0, 9528825.0], [732765.0, 9528825.0], [732765.0, 9528855.0], [732735.0, 9528855.0], [732735.0, 9528885.0], [732705.0, 9528885.0], [732705.0, 9528915.0], [732765.0, 9528915.0], [732765.0, 9528975.0], [732735.0, 9528975.0], [732735.0, 9529065.0], [732795.0, 9529065.0], [732795.0, 9529125.0], [732765.0, 9529125.0], [732765.0, 9529155.0], [732735.0, 9529155.0], [732735.0, 9529185.0], [732705.0, 9529185.0], [732705.0, 9529215.0], [732675.0, 9529215.0], [732675.0, 9529245.0], [732615.0, 9529245.0], [732615.0, 9529275.0], [732585.0, 9529275.0], [732585.0, 9529185.0], [732615.0, 9529185.0], [732615.0, 9529125.0], [732645.0, 9529125.0], [732645.0, 9529065.0], [732675.0, 9529065.0], [732675.0, 9529035.0], [732585.0, 9529035.0], [732585.0, 9529065.0], [732555.0, 9529065.0], [732555.0, 9529125.0], [732525.0, 9529125.0], [732525.0, 9529185.0], [732495.0, 9529185.0], [732495.0, 9529305.0], [732465.0, 9529305.0], [732465.0, 9529335.0], [732435.0, 9529335.0], [732435.0, 9529425.0], [732345.0, 9529425.0], [732345.0, 9529275.0], [732375.0, 9529275.0], [732375.0, 9529245.0], [732435.0, 9529245.0], [732435.0, 9529215.0], [732405.0, 9529215.0], [732405.0, 9529185.0], [732345.0, 9529185.0], [732345.0, 9529215.0], [732255.0, 9529215.0], [732255.0, 9529245.0], [732225.0, 9529245.0], [732225.0, 9529305.0], [732285.0, 9529305.0], [732285.0, 9529335.0], [732255.0, 9529335.0], [732255.0, 9529365.0], [732225.0, 9529365.0], [732225.0, 9529425.0], [732195.0, 9529425.0], [732195.0, 9529455.0], [732015.0, 9529455.0]], [[732375.0, 9528915.0], [732405.0, 9528915.0], [732405.0, 9528855.0], [732375.0, 9528855.0], [732375.0, 9528915.0]], [[732315.0, 9528855.0], [732375.0, 9528855.0], [732375.0, 9528825.0], [732315.0, 9528825.0], [732315.0, 9528855.0]], [[732375.0, 9528765.0], [732405.0, 9528765.0], [732405.0, 9528735.0], [732435.0, 9528735.0], [732435.0, 9528705.0], [732375.0, 9528705.0], [732375.0, 9528675.0], [732345.0, 9528675.0], [732345.0, 9528735.0], [732375.0, 9528735.0], [732375.0, 9528765.0]]]}, "properties": {"zone_id": "scene_01_DT0000205230-Z0059", "scene": "scene_01_DT0000205230", "pixel_count": 638, "approx_area_m2": 574200.0, "centroid_x": 732363.2915360502, "centroid_y": 9528898.824451411, "mean_risk": 2.026630163192749, "max_risk": 2.4486215114593506, "median_risk": 2.0064568519592285, "high_priority_pixel_pct": 100.0, "priority_category": "HIGH PRIORITY", "threshold_type": "95th percentile prioritisation threshold", "recommendation": "Spectral-stress evidence detected. Prioritise field inspection to determine the underlying cause. Field verification required.", "priority_rank": 220}}, {"type": "Feature", "geometry": {"type": "Polygon", "coordinates": [[[727155.0, 9528585.0], [727155.0, 9528495.0], [727185.0, 9528495.0], [727185.0, 9528465.0], [727125.0, 9528465.0], [727125.0, 9528495.0], [727065.0, 9528495.0], [727065.0, 9528435.0], [727095.0, 9528435.0], [727095.0, 9528405.0], [727155.0, 9528405.0], [727155.0, 9528375.0], [727185.0, 9528375.0], [727185.0, 9528345.0], [727245.0, 9528345.0], [727245.0, 9528315.0], [727275.0, 9528315.0], [727275.0, 9528255.0], [727305.0, 9528255.0], [727305.0, 9528225.0], [727335.0, 9528225.0], [727335.0, 9528165.0], [727365.0, 9528165.0], [727365.0, 9528285.0], [727395.0, 9528285.0], [727395.0, 9528255.0], [727425.0, 9528255.0], [727425.0, 9528225.0], [727455.0, 9528225.0], [727455.0, 9528135.0], [727485.0, 9528135.0], [727485.0, 9528105.0], [727455.0, 9528105.0], [727455.0, 9528015.0], [727485.0, 9528015.0], [727485.0, 9527895.0], [727515.0, 9527895.0], [727515.0, 9527655.0], [727545.0, 9527655.0], [727545.0, 9527625.0], [727575.0, 9527625.0], [727575.0, 9527565.0], [727605.0, 9527565.0], [727605.0, 9527535.0], [727635.0, 9527535.0], [727635.0, 9527475.0], [727695.0, 9527475.0], [727695.0, 9527565.0], [727665.0, 9527565.0], [727665.0, 9527595.0], [727635.0, 9527595.0], [727635.0, 9527685.0], [727695.0, 9527685.0], [727695.0, 9527655.0], [727755.0, 9527655.0], [727755.0, 9527685.0], [727785.0, 9527685.0], [727785.0, 9527655.0], [727815.0, 9527655.0], [727815.0, 9527625.0], [727875.0, 9527625.0], [727875.0, 9527685.0], [727905.0, 9527685.0], [727905.0, 9527625.0], [727935.0, 9527625.0], [727935.0, 9527595.0], [727995.0, 9527595.0], [727995.0, 9527565.0], [728085.0, 9527565.0], [728085.0, 9527535.0], [728115.0, 9527535.0], [728115.0, 9527505.0], [728145.0, 9527505.0], [728145.0, 9527445.0], [728115.0, 9527445.0], [728115.0, 9527475.0], [728085.0, 9527475.0], [728085.0, 9527415.0], [728115.0, 9527415.0], [728115.0, 9527385.0], [728175.0, 9527385.0], [728175.0, 9527445.0], [728205.0, 9527445.0], [728205.0, 9527535.0], [728175.0, 9527535.0], [728175.0, 9527565.0], [728145.0, 9527565.0], [728145.0, 9527595.0], [728175.0, 9527595.0], [728175.0, 9527685.0], [728235.0, 9527685.0], [728235.0, 9527715.0], [728265.0, 9527715.0], [728265.0, 9527685.0], [728295.0, 9527685.0], [728295.0, 9527625.0], [728325.0, 9527625.0], [728325.0, 9527595.0], [728355.0, 9527595.0], [728355.0, 9527625.0], [728445.0, 9527625.0], [728445.0, 9527685.0], [728475.0, 9527685.0], [728475.0, 9527745.0], [728445.0, 9527745.0], [728445.0, 9527775.0], [728385.0, 9527775.0], [728385.0, 9527805.0], [728325.0, 9527805.0], [728325.0, 9527865.0], [728295.0, 9527865.0], [728295.0, 9527895.0], [728265.0, 9527895.0], [728265.0, 9527925.0], [728235.0, 9527925.0], [728235.0, 9527955.0], [728175.0, 9527955.0], [728175.0, 9527985.0], [728025.0, 9527985.0], [728025.0, 9528015.0], [727995.0, 9528015.0], [727995.0, 9528045.0], [727965.0, 9528045.0], [727965.0, 9528195.0], [727935.0, 9528195.0], [727935.0, 9528225.0], [727905.0, 9528225.0], [727905.0, 9528255.0], [727875.0, 9528255.0], [727875.0, 9528285.0], [727725.0, 9528285.0], [727725.0, 9528315.0], [727695.0, 9528315.0], [727695.0, 9528345.0], [727665.0, 9528345.0], [727665.0, 9528375.0], [727635.0, 9528375.0], [727635.0, 9528405.0], [727485.0, 9528405.0], [727485.0, 9528465.0], [727455.0, 9528465.0], [727455.0, 9528495.0], [727485.0, 9528495.0], [727485.0, 9528525.0], [727515.0, 9528525.0], [727515.0, 9528555.0], [727455.0, 9528555.0], [727455.0, 9528525.0], [727425.0, 9528525.0], [727425.0, 9528435.0], [727365.0, 9528435.0], [727365.0, 9528465.0], [727335.0, 9528465.0], [727335.0, 9528495.0], [727275.0, 9528495.0], [727275.0, 9528525.0], [727245.0, 9528525.0], [727245.0, 9528555.0], [727215.0, 9528555.0], [727215.0, 9528585.0], [727155.0, 9528585.0]], [[727605.0, 9528075.0], [727695.0, 9528075.0], [727695.0, 9528045.0], [727725.0, 9528045.0], [727725.0, 9528015.0], [727755.0, 9528015.0], [727755.0, 9527925.0], [727725.0, 9527925.0], [727725.0, 9527865.0], [727695.0, 9527865.0], [727695.0, 9527835.0], [727665.0, 9527835.0], [727665.0, 9527925.0], [727635.0, 9527925.0], [727635.0, 9527985.0], [727605.0, 9527985.0], [727605.0, 9528075.0]], [[727845.0, 9527715.0], [727875.0, 9527715.0], [727875.0, 9527685.0], [727845.0, 9527685.0], [727845.0, 9527715.0]]]}, "properties": {"zone_id": "scene_01_DT0000205230-Z0060", "scene": "scene_01_DT0000205230", "pixel_count": 1248, "approx_area_m2": 1123200.0, "centroid_x": 727973.3894230769, "centroid_y": 9528234.735576924, "mean_risk": 2.043325901031494, "max_risk": 2.5769431591033936, "median_risk": 2.0195789337158203, "high_priority_pixel_pct": 100.0, "priority_category": "HIGH PRIORITY", "threshold_type": "95th percentile prioritisation threshold", "recommendation": "Spectral-stress evidence detected. Prioritise field inspection to determine the underlying cause. Field verification required.", "priority_rank": 198}}, {"type": "Feature", "geometry": {"type": "Polygon", "coordinates": [[[714405.0, 9528675.0], [714405.0, 9528645.0], [714435.0, 9528645.0], [714435.0, 9528675.0], [714405.0, 9528675.0]]]}, "properties": {"zone_id": "scene_01_DT0000205230-Z0061", "scene": "scene_01_DT0000205230", "pixel_count": 209, "approx_area_m2": 188100.0, "centroid_x": 714514.1626794258, "centroid_y": 9529011.67464115, "mean_risk": 2.0994739532470703, "max_risk": 2.391756296157837, "median_risk": 2.070159435272217, "high_priority_pixel_pct": 100.0, "priority_category": "HIGH PRIORITY", "threshold_type": "95th percentile prioritisation threshold", "recommendation": "Spectral-stress evidence detected. Prioritise field inspection to determine the underlying cause. Field verification required.", "priority_rank": 129}}, {"type": "Feature", "geometry": {"type": "Polygon", "coordinates": [[[721875.0, 9529305.0], [721875.0, 9529215.0], [721845.0, 9529215.0], [721845.0, 9529185.0], [721725.0, 9529185.0], [721725.0, 9529125.0], [721815.0, 9529125.0], [721815.0, 9529095.0], [721785.0, 9529095.0], [721785.0, 9529065.0], [721755.0, 9529065.0], [721755.0, 9529005.0], [721785.0, 9529005.0], [721785.0, 9528945.0], [721815.0, 9528945.0], [721815.0, 9528915.0], [721785.0, 9528915.0], [721785.0, 9528885.0], [721815.0, 9528885.0], [721815.0, 9528765.0], [721845.0, 9528765.0], [721845.0, 9528735.0], [721905.0, 9528735.0], [721905.0, 9528705.0], [721935.0, 9528705.0], [721935.0, 9528735.0], [722025.0, 9528735.0], [722025.0, 9528795.0], [722085.0, 9528795.0], [722085.0, 9528765.0], [722115.0, 9528765.0], [722115.0, 9528795.0], [722175.0, 9528795.0], [722175.0, 9528855.0], [722205.0, 9528855.0], [722205.0, 9528825.0], [722235.0, 9528825.0], [722235.0, 9528795.0], [722265.0, 9528795.0], [722265.0, 9528765.0], [722295.0, 9528765.0], [722295.0, 9528795.0], [722355.0, 9528795.0], [722355.0, 9528825.0], [722445.0, 9528825.0], [722445.0, 9528915.0], [722415.0, 9528915.0], [722415.0, 9528945.0], [722385.0, 9528945.0], [722385.0, 9528975.0], [722325.0, 9528975.0], [722325.0, 9529035.0], [722235.0, 9529035.0], [722235.0, 9529065.0], [722175.0, 9529065.0], [722175.0, 9529035.0], [722115.0, 9529035.0], [722115.0, 9529125.0], [722055.0, 9529125.0], [722055.0, 9529275.0], [721995.0, 9529275.0], [721995.0, 9529245.0], [721965.0, 9529245.0], [721965.0, 9529275.0], [721935.0, 9529275.0], [721935.0, 9529305.0], [721875.0, 9529305.0]], [[721905.0, 9528885.0], [721935.0, 9528885.0], [721935.0, 9528795.0], [721905.0, 9528795.0], [721905.0, 9528825.0], [721875.0, 9528825.0], [721875.0, 9528855.0], [721905.0, 9528855.0], [721905.0, 9528885.0]]]}, "properties": {"zone_id": "scene_01_DT0000205230-Z0062", "scene": "scene_01_DT0000205230", "pixel_count": 245, "approx_area_m2": 220500.0, "centroid_x": 722039.7551020408, "centroid_y": 9528977.387755102, "mean_risk": 2.1878488063812256, "max_risk": 2.8078999519348145, "median_risk": 2.155240535736084, "high_priority_pixel_pct": 100.0, "priority_category": "HIGH PRIORITY", "threshold_type": "95th percentile prioritisation threshold", "recommendation": "Spectral-stress evidence detected. Prioritise field inspection to determine the underlying cause. Field verification required.", "priority_rank": 61}}, {"type": "Feature", "geometry": {"type": "Polygon", "coordinates": [[[728235.0, 9529215.0], [728235.0, 9529155.0], [728265.0, 9529155.0], [728265.0, 9529125.0], [728325.0, 9529125.0], [728325.0, 9529095.0], [728355.0, 9529095.0], [728355.0, 9529035.0], [728385.0, 9529035.0], [728385.0, 9528945.0], [728415.0, 9528945.0], [728415.0, 9529035.0], [728445.0, 9529035.0], [728445.0, 9529065.0], [728415.0, 9529065.0], [728415.0, 9529095.0], [728385.0, 9529095.0], [728385.0, 9529125.0], [728355.0, 9529125.0], [728355.0, 9529215.0], [728235.0, 9529215.0]]]}, "properties": {"zone_id": "scene_01_DT0000205230-Z0063", "scene": "scene_01_DT0000205230", "pixel_count": 21, "approx_area_m2": 18900.0, "centroid_x": 728341.4285714285, "centroid_y": 9529114.285714285, "mean_risk": 1.9792585372924805, "max_risk": 2.1900734901428223, "median_risk": 1.962058424949646, "high_priority_pixel_pct": 100.0, "priority_category": "HIGH PRIORITY", "threshold_type": "95th percentile prioritisation threshold", "recommendation": "Spectral-stress evidence detected. Prioritise field inspection to determine the underlying cause. Field verification required.", "priority_rank": 312}}, {"type": "Feature", "geometry": {"type": "Polygon", "coordinates": [[[715875.0, 9528945.0], [715875.0, 9528915.0], [715845.0, 9528915.0], [715845.0, 9528885.0], [715785.0, 9528885.0], [715785.0, 9528855.0], [715815.0, 9528855.0], [715815.0, 9528795.0], [715785.0, 9528795.0], [715785.0, 9528825.0], [715755.0, 9528825.0], [715755.0, 9528885.0], [715725.0, 9528885.0], [715725.0, 9528855.0], [715665.0, 9528855.0], [715665.0, 9528915.0], [715605.0, 9528915.0], [715605.0, 9528795.0], [715575.0, 9528795.0], [715575.0, 9528765.0], [715605.0, 9528765.0], [715605.0, 9528735.0], [715635.0, 9528735.0], [715635.0, 9528765.0], [715665.0, 9528765.0], [715665.0, 9528795.0], [715695.0, 9528795.0], [715695.0, 9528735.0], [715725.0, 9528735.0], [715725.0, 9528675.0], [715695.0, 9528675.0], [715695.0, 9528645.0], [715905.0, 9528645.0], [715905.0, 9528615.0], [715935.0, 9528615.0], [715935.0, 9528585.0], [715965.0, 9528585.0], [715965.0, 9528555.0], [716085.0, 9528555.0], [716085.0, 9528585.0], [716145.0, 9528585.0], [716145.0, 9528615.0], [716175.0, 9528615.0], [716175.0, 9528645.0], [716145.0, 9528645.0], [716145.0, 9528675.0], [716115.0, 9528675.0], [716115.0, 9528705.0], [716085.0, 9528705.0], [716085.0, 9528735.0], [716025.0, 9528735.0], [716025.0, 9528765.0], [716055.0, 9528765.0], [716055.0, 9528795.0], [716145.0, 9528795.0], [716145.0, 9528765.0], [716175.0, 9528765.0], [716175.0, 9528885.0], [716145.0, 9528885.0], [716145.0, 9528915.0], [716085.0, 9528915.0], [716085.0, 9528945.0], [716055.0, 9528945.0], [716055.0, 9528885.0], [715995.0, 9528885.0], [715995.0, 9528945.0], [715875.0, 9528945.0]]]}, "properties": {"zone_id": "scene_01_DT0000205230-Z0064", "scene": "scene_01_DT0000205230", "pixel_count": 154, "approx_area_m2": 138600.0, "centroid_x": 715916.4935064935, "centroid_y": 9528763.441558441, "mean_risk": 2.12949275970459, "max_risk": 2.5701820850372314, "median_risk": 2.0986132621765137, "high_priority_pixel_pct": 100.0, "priority_category": "HIGH PRIORITY", "threshold_type": "95th percentile prioritisation threshold", "recommendation": "Spectral-stress evidence detected. Prioritise field inspection to determine the underlying cause. Field verification required.", "priority_rank": 96}}, {"type": "Feature", "geometry": {"type": "Polygon", "coordinates": [[[727425.0, 9528885.0], [727425.0, 9528855.0], [727275.0, 9528855.0], [727275.0, 9528825.0], [727305.0, 9528825.0], [727305.0, 9528795.0], [727365.0, 9528795.0], [727365.0, 9528765.0], [727455.0, 9528765.0], [727455.0, 9528735.0], [727485.0, 9528735.0], [727485.0, 9528705.0], [727515.0, 9528705.0], [727515.0, 9528675.0], [727545.0, 9528675.0], [727545.0, 9528645.0], [727605.0, 9528645.0], [727605.0, 9528795.0], [727575.0, 9528795.0], [727575.0, 9528855.0], [727485.0, 9528855.0], [727485.0, 9528885.0], [727425.0, 9528885.0]]]}, "properties": {"zone_id": "scene_01_DT0000205230-Z0065", "scene": "scene_01_DT0000205230", "pixel_count": 43, "approx_area_m2": 38700.0, "centroid_x": 727480.4651162791, "centroid_y": 9528783.488372093, "mean_risk": 2.0204105377197266, "max_risk": 2.2331230640411377, "median_risk": 1.9892816543579102, "high_priority_pixel_pct": 100.0, "priority_category": "HIGH PRIORITY", "threshold_type": "95th percentile prioritisation threshold", "recommendation": "Spectral-stress evidence detected. Prioritise field inspection to determine the underlying cause. Field verification required.", "priority_rank": 229}}, {"type": "Feature", "geometry": {"type": "Polygon", "coordinates": [[[733005.0, 9528855.0], [733005.0, 9528795.0], [733065.0, 9528795.0], [733065.0, 9528765.0], [733095.0, 9528765.0], [733095.0, 9528705.0], [733065.0, 9528705.0], [733065.0, 9528675.0], [733095.0, 9528675.0], [733095.0, 9528645.0], [733125.0, 9528645.0], [733125.0, 9528615.0], [733275.0, 9528615.0], [733275.0, 9528585.0], [733335.0, 9528585.0], [733335.0, 9528615.0], [733395.0, 9528615.0], [733395.0, 9528645.0], [733455.0, 9528645.0], [733455.0, 9528675.0], [733425.0, 9528675.0], [733425.0, 9528765.0], [733395.0, 9528765.0], [733395.0, 9528705.0], [733365.0, 9528705.0], [733365.0, 9528735.0], [733305.0, 9528735.0], [733305.0, 9528765.0], [733275.0, 9528765.0], [733275.0, 9528795.0], [733185.0, 9528795.0], [733185.0, 9528825.0], [733125.0, 9528825.0], [733125.0, 9528855.0], [733005.0, 9528855.0]]]}, "properties": {"zone_id": "scene_01_DT0000205230-Z0066", "scene": "scene_01_DT0000205230", "pixel_count": 70, "approx_area_m2": 63000.0, "centroid_x": 733221.4285714285, "centroid_y": 9528713.57142857, "mean_risk": 2.0541229248046875, "max_risk": 2.4203977584838867, "median_risk": 2.0174612998962402, "high_priority_pixel_pct": 100.0, "priority_category": "HIGH PRIORITY", "threshold_type": "95th percentile prioritisation threshold", "recommendation": "Spectral-stress evidence detected. Prioritise field inspection to determine the underlying cause. Field verification required.", "priority_rank": 180}}, {"type": "Feature", "geometry": {"type": "Polygon", "coordinates": [[[731505.0, 9528765.0], [731505.0, 9528675.0], [731535.0, 9528675.0], [731535.0, 9528615.0], [731595.0, 9528615.0], [731595.0, 9528585.0], [731625.0, 9528585.0], [731625.0, 9528645.0], [731595.0, 9528645.0], [731595.0, 9528675.0], [731655.0, 9528675.0], [731655.0, 9528705.0], [731595.0, 9528705.0], [731595.0, 9528735.0], [731565.0, 9528735.0], [731565.0, 9528765.0], [731505.0, 9528765.0]]]}, "properties": {"zone_id": "scene_01_DT0000205230-Z0067", "scene": "scene_01_DT0000205230", "pixel_count": 18, "approx_area_m2": 16200.0, "centroid_x": 731581.6666666666, "centroid_y": 9528678.333333334, "mean_risk": 1.9230196475982666, "max_risk": 1.9948927164077759, "median_risk": 1.9205279350280762, "high_priority_pixel_pct": 100.0, "priority_category": "HIGH PRIORITY", "threshold_type": "95th percentile prioritisation threshold", "recommendation": "Spectral-stress evidence detected. Prioritise field inspection to determine the underlying cause. Field verification required.", "priority_rank": 403}}, {"type": "Feature", "geometry": {"type": "Polygon", "coordinates": [[[718215.0, 9528735.0], [718215.0, 9528705.0], [718185.0, 9528705.0], [718185.0, 9528675.0], [718215.0, 9528675.0], [718215.0, 9528585.0], [718245.0, 9528585.0], [718245.0, 9528555.0], [718275.0, 9528555.0], [718275.0, 9528585.0], [718395.0, 9528585.0], [718395.0, 9528615.0], [718365.0, 9528615.0], [718365.0, 9528675.0], [718335.0, 9528675.0], [718335.0, 9528705.0], [718245.0, 9528705.0], [718245.0, 9528735.0], [718215.0, 9528735.0]]]}, "properties": {"zone_id": "scene_01_DT0000205230-Z0068", "scene": "scene_01_DT0000205230", "pixel_count": 23, "approx_area_m2": 20700.0, "centroid_x": 718283.4782608695, "centroid_y": 9528643.043478262, "mean_risk": 2.063037395477295, "max_risk": 2.280428647994995, "median_risk": 2.059312105178833, "high_priority_pixel_pct": 100.0, "priority_category": "HIGH PRIORITY", "threshold_type": "95th percentile prioritisation threshold", "recommendation": "Spectral-stress evidence detected. Prioritise field inspection to determine the underlying cause. Field verification required.", "priority_rank": 168}}, {"type": "Feature", "geometry": {"type": "Polygon", "coordinates": [[[720045.0, 9528735.0], [720045.0, 9528675.0], [720075.0, 9528675.0], [720075.0, 9528645.0], [720135.0, 9528645.0], [720135.0, 9528615.0], [720195.0, 9528615.0], [720195.0, 9528585.0], [720225.0, 9528585.0], [720225.0, 9528645.0], [720195.0, 9528645.0], [720195.0, 9528675.0], [720135.0, 9528675.0], [720135.0, 9528705.0], [720105.0, 9528705.0], [720105.0, 9528735.0], [720045.0, 9528735.0]]]}, "properties": {"zone_id": "scene_01_DT0000205230-Z0069", "scene": "scene_01_DT0000205230", "pixel_count": 13, "approx_area_m2": 11700.0, "centroid_x": 720131.5384615385, "centroid_y": 9528664.615384616, "mean_risk": 1.9282875061035156, "max_risk": 1.978534460067749, "median_risk": 1.9277015924453735, "high_priority_pixel_pct": 100.0, "priority_category": "HIGH PRIORITY", "threshold_type": "95th percentile prioritisation threshold", "recommendation": "Spectral-stress evidence detected. Prioritise field inspection to determine the underlying cause. Field verification required.", "priority_rank": 398}}, {"type": "Feature", "geometry": {"type": "Polygon", "coordinates": [[[723765.0, 9528675.0], [723765.0, 9528585.0], [723735.0, 9528585.0], [723735.0, 9528495.0], [723705.0, 9528495.0], [723705.0, 9528435.0], [723765.0, 9528435.0], [723765.0, 9528465.0], [723795.0, 9528465.0], [723795.0, 9528435.0], [723825.0, 9528435.0], [723825.0, 9528315.0], [723855.0, 9528315.0], [723855.0, 9528285.0], [723885.0, 9528285.0], [723885.0, 9528255.0], [723855.0, 9528255.0], [723855.0, 9528225.0], [723885.0, 9528225.0], [723885.0, 9528195.0], [723915.0, 9528195.0], [723915.0, 9528165.0], [724005.0, 9528165.0], [724005.0, 9528195.0], [723975.0, 9528195.0], [723975.0, 9528255.0], [723945.0, 9528255.0], [723945.0, 9528315.0], [724005.0, 9528315.0], [724005.0, 9528285.0], [724065.0, 9528285.0], [724065.0, 9528255.0], [724185.0, 9528255.0], [724185.0, 9528285.0], [724215.0, 9528285.0], [724215.0, 9528315.0], [724245.0, 9528315.0], [724245.0, 9528375.0], [724185.0, 9528375.0], [724185.0, 9528405.0], [724095.0, 9528405.0], [724095.0, 9528465.0], [724005.0, 9528465.0], [724005.0, 9528495.0], [723975.0, 9528495.0], [723975.0, 9528525.0], [723945.0, 9528525.0], [723945.0, 9528555.0], [723915.0, 9528555.0], [723915.0, 9528615.0], [723855.0, 9528615.0], [723855.0, 9528645.0], [723825.0, 9528645.0], [723825.0, 9528675.0], [723765.0, 9528675.0]], [[723915.0, 9528405.0], [723945.0, 9528405.0], [723945.0, 9528375.0], [723915.0, 9528375.0], [723915.0, 9528405.0]]]}, "properties": {"zone_id": "scene_01_DT0000205230-Z0070", "scene": "scene_01_DT0000205230", "pixel_count": 127, "approx_area_m2": 114300.0, "centroid_x": 723946.7716535433, "centroid_y": 9528410.787401576, "mean_risk": 2.106295347213745, "max_risk": 2.553234577178955, "median_risk": 2.110896348953247, "high_priority_pixel_pct": 100.0, "priority_category": "HIGH PRIORITY", "threshold_type": "95th percentile prioritisation threshold", "recommendation": "Spectral-stress evidence detected. Prioritise field inspection to determine the underlying cause. Field verification required.", "priority_rank": 123}}, {"type": "Feature", "geometry": {"type": "Polygon", "coordinates": [[[731775.0, 9528675.0], [731775.0, 9528645.0], [731745.0, 9528645.0], [731745.0, 9528555.0], [731775.0, 9528555.0], [731775.0, 9528525.0], [731925.0, 9528525.0], [731925.0, 9528585.0], [731895.0, 9528585.0], [731895.0, 9528645.0], [731865.0, 9528645.0], [731865.0, 9528675.0], [731775.0, 9528675.0]]]}, "properties": {"zone_id": "scene_01_DT0000205230-Z0071", "scene": "scene_01_DT0000205230", "pixel_count": 24, "approx_area_m2": 21600.0, "centroid_x": 731830.0, "centroid_y": 9528593.75, "mean_risk": 1.9638463258743286, "max_risk": 2.0477426052093506, "median_risk": 1.9651637077331543, "high_priority_pixel_pct": 100.0, "priority_category": "HIGH PRIORITY", "threshold_type": "95th percentile prioritisation threshold", "recommendation": "Spectral-stress evidence detected. Prioritise field inspection to determine the underlying cause. Field verification required.", "priority_rank": 337}}, {"type": "Feature", "geometry": {"type": "Polygon", "coordinates": [[[735075.0, 9528615.0], [735075.0, 9528555.0], [735045.0, 9528555.0], [735045.0, 9528525.0], [735075.0, 9528525.0], [735075.0, 9528495.0], [735135.0, 9528495.0], [735135.0, 9528525.0], [735195.0, 9528525.0], [735195.0, 9528585.0], [735135.0, 9528585.0], [735135.0, 9528615.0], [735075.0, 9528615.0]]]}, "properties": {"zone_id": "scene_01_DT0000205230-Z0072", "scene": "scene_01_DT0000205230", "pixel_count": 13, "approx_area_m2": 11700.0, "centroid_x": 735120.0, "centroid_y": 9528553.846153846, "mean_risk": 2.5445127487182617, "max_risk": 3.077298402786255, "median_risk": 2.544114112854004, "high_priority_pixel_pct": 100.0, "priority_category": "HIGH PRIORITY", "threshold_type": "95th percentile prioritisation threshold", "recommendation": "Spectral-stress evidence detected. Prioritise field inspection to determine the underlying cause. Field verification required.", "priority_rank": 3}}, {"type": "Feature", "geometry": {"type": "Polygon", "coordinates": [[[715695.0, 9528585.0], [715695.0, 9528525.0], [715725.0, 9528525.0], [715725.0, 9528465.0], [715695.0, 9528465.0], [715695.0, 9528435.0], [715725.0, 9528435.0], [715725.0, 9528405.0], [715755.0, 9528405.0], [715755.0, 9528375.0], [715785.0, 9528375.0], [715785.0, 9528285.0], [715845.0, 9528285.0], [715845.0, 9528255.0], [715875.0, 9528255.0], [715875.0, 9528225.0], [715905.0, 9528225.0], [715905.0, 9528255.0], [715935.0, 9528255.0], [715935.0, 9528285.0], [715875.0, 9528285.0], [715875.0, 9528315.0], [715845.0, 9528315.0], [715845.0, 9528345.0], [715965.0, 9528345.0], [715965.0, 9528405.0], [715995.0, 9528405.0], [715995.0, 9528375.0], [716025.0, 9528375.0], [716025.0, 9528345.0], [716055.0, 9528345.0], [716055.0, 9528315.0], [716085.0, 9528315.0], [716085.0, 9528285.0], [716115.0, 9528285.0], [716115.0, 9528405.0], [716145.0, 9528405.0], [716145.0, 9528465.0], [715995.0, 9528465.0], [715995.0, 9528495.0], [715935.0, 9528495.0], [715935.0, 9528525.0], [715845.0, 9528525.0], [715845.0, 9528555.0], [715785.0, 9528555.0], [715785.0, 9528585.0], [715695.0, 9528585.0]]]}, "properties": {"zone_id": "scene_01_DT0000205230-Z0073", "scene": "scene_01_DT0000205230", "pixel_count": 85, "approx_area_m2": 76500.0, "centroid_x": 715896.0, "centroid_y": 9528423.88235294, "mean_risk": 2.023050546646118, "max_risk": 2.2802720069885254, "median_risk": 2.017988443374634, "high_priority_pixel_pct": 100.0, "priority_category": "HIGH PRIORITY", "threshold_type": "95th percentile prioritisation threshold", "recommendation": "Spectral-stress evidence detected. Prioritise field inspection to determine the underlying cause. Field verification required.", "priority_rank": 225}}, {"type": "Feature", "geometry": {"type": "Polygon", "coordinates": [[[716385.0, 9528555.0], [716385.0, 9528525.0], [716415.0, 9528525.0], [716415.0, 9528435.0], [716445.0, 9528435.0], [716445.0, 9528405.0], [716475.0, 9528405.0], [716475.0, 9528435.0], [716625.0, 9528435.0], [716625.0, 9528465.0], [716595.0, 9528465.0], [716595.0, 9528495.0], [716535.0, 9528495.0], [716535.0, 9528525.0], [716475.0, 9528525.0], [716475.0, 9528555.0], [716385.0, 9528555.0]]]}, "properties": {"zone_id": "scene_01_DT0000205230-Z0074", "scene": "scene_01_DT0000205230", "pixel_count": 21, "approx_area_m2": 18900.0, "centroid_x": 716491.4285714285, "centroid_y": 9528481.42857143, "mean_risk": 1.9847261905670166, "max_risk": 2.0764429569244385, "median_risk": 1.9687762260437012, "high_priority_pixel_pct": 100.0, "priority_category": "HIGH PRIORITY", "threshold_type": "95th percentile prioritisation threshold", "recommendation": "Spectral-stress evidence detected. Prioritise field inspection to determine the underlying cause. Field verification required.", "priority_rank": 299}}, {"type": "Feature", "geometry": {"type": "Polygon", "coordinates": [[[733575.0, 9528555.0], [733575.0, 9528465.0], [733635.0, 9528465.0], [733635.0, 9528405.0], [733605.0, 9528405.0], [733605.0, 9528375.0], [733575.0, 9528375.0], [733575.0, 9528345.0], [733605.0, 9528345.0], [733605.0, 9528315.0], [733665.0, 9528315.0], [733665.0, 9528345.0], [733635.0, 9528345.0], [733635.0, 9528375.0], [733665.0, 9528375.0], [733665.0, 9528405.0], [733695.0, 9528405.0], [733695.0, 9528465.0], [733725.0, 9528465.0], [733725.0, 9528495.0], [733755.0, 9528495.0], [733755.0, 9528525.0], [733785.0, 9528525.0], [733785.0, 9528555.0], [733575.0, 9528555.0]]]}, "properties": {"zone_id": "scene_01_DT0000205230-Z0075", "scene": "scene_01_DT0000205230", "pixel_count": 28, "approx_area_m2": 25200.0, "centroid_x": 733657.5, "centroid_y": 9528469.285714285, "mean_risk": 1.9912179708480835, "max_risk": 2.14306902885437, "median_risk": 1.9831702709197998, "high_priority_pixel_pct": 100.0, "priority_category": "HIGH PRIORITY", "threshold_type": "95th percentile prioritisation threshold", "recommendation": "Spectral-stress evidence detected. Prioritise field inspection to determine the underlying cause. Field verification required.", "priority_rank": 287}}, {"type": "Feature", "geometry": {"type": "Polygon", "coordinates": [[[715125.0, 9528495.0], [715125.0, 9528465.0], [715005.0, 9528465.0], [715005.0, 9528435.0], [714945.0, 9528435.0], [714945.0, 9528405.0], [714915.0, 9528405.0], [714915.0, 9528255.0], [714885.0, 9528255.0], [714885.0, 9528225.0], [714915.0, 9528225.0], [714915.0, 9528195.0], [714945.0, 9528195.0], [714945.0, 9528165.0], [715035.0, 9528165.0], [715035.0, 9528195.0], [715095.0, 9528195.0], [715095.0, 9528345.0], [715155.0, 9528345.0], [715155.0, 9528375.0], [715215.0, 9528375.0], [715215.0, 9528345.0], [715245.0, 9528345.0], [715245.0, 9528405.0], [715215.0, 9528405.0], [715215.0, 9528465.0], [715185.0, 9528465.0], [715185.0, 9528495.0], [715125.0, 9528495.0]]]}, "properties": {"zone_id": "scene_01_DT0000205230-Z0076", "scene": "scene_01_DT0000205230", "pixel_count": 72, "approx_area_m2": 64800.0, "centroid_x": 715044.5833333334, "centroid_y": 9528337.5, "mean_risk": 2.08082914352417, "max_risk": 2.345767021179199, "median_risk": 2.088956117630005, "high_priority_pixel_pct": 100.0, "priority_category": "HIGH PRIORITY", "threshold_type": "95th percentile prioritisation threshold", "recommendation": "Spectral-stress evidence detected. Prioritise field inspection to determine the underlying cause. Field verification required.", "priority_rank": 153}}, {"type": "Feature", "geometry": {"type": "Polygon", "coordinates": [[[733305.0, 9528465.0], [733305.0, 9528435.0], [733245.0, 9528435.0], [733245.0, 9528375.0], [733275.0, 9528375.0], [733275.0, 9528345.0], [733305.0, 9528345.0], [733305.0, 9528285.0], [733365.0, 9528285.0], [733365.0, 9528345.0], [733395.0, 9528345.0], [733395.0, 9528375.0], [733425.0, 9528375.0], [733425.0, 9528435.0], [733395.0, 9528435.0], [733395.0, 9528465.0], [733305.0, 9528465.0]]]}, "properties": {"zone_id": "scene_01_DT0000205230-Z0077", "scene": "scene_01_DT0000205230", "pixel_count": 23, "approx_area_m2": 20700.0, "centroid_x": 733336.9565217391, "centroid_y": 9528387.391304348, "mean_risk": 2.073482036590576, "max_risk": 2.267718553543091, "median_risk": 2.082272529602051, "high_priority_pixel_pct": 100.0, "priority_category": "HIGH PRIORITY", "threshold_type": "95th percentile prioritisation threshold", "recommendation": "Spectral-stress evidence detected. Prioritise field inspection to determine the underlying cause. Field verification required.", "priority_rank": 160}}, {"type": "Feature", "geometry": {"type": "Polygon", "coordinates": [[[732045.0, 9528435.0], [732045.0, 9528375.0], [732015.0, 9528375.0], [732015.0, 9528285.0], [731985.0, 9528285.0], [731985.0, 9528225.0], [731775.0, 9528225.0], [731775.0, 9528135.0], [731745.0, 9528135.0], [731745.0, 9528105.0], [731715.0, 9528105.0], [731715.0, 9528075.0], [731685.0, 9528075.0], [731685.0, 9528015.0], [731715.0, 9528015.0], [731715.0, 9527985.0], [731865.0, 9527985.0], [731865.0, 9527955.0], [731955.0, 9527955.0], [731955.0, 9527925.0], [731985.0, 9527925.0], [731985.0, 9527895.0], [732045.0, 9527895.0], [732045.0, 9527925.0], [732135.0, 9527925.0], [732135.0, 9527895.0], [732105.0, 9527895.0], [732105.0, 9527865.0], [732135.0, 9527865.0], [732135.0, 9527835.0], [732165.0, 9527835.0], [732165.0, 9527925.0], [732225.0, 9527925.0], [732225.0, 9527955.0], [732315.0, 9527955.0], [732315.0, 9527925.0], [732435.0, 9527925.0], [732435.0, 9527895.0], [732465.0, 9527895.0], [732465.0, 9527865.0], [732525.0, 9527865.0], [732525.0, 9527895.0], [732555.0, 9527895.0], [732555.0, 9527925.0], [732585.0, 9527925.0], [732585.0, 9527955.0], [732615.0, 9527955.0], [732615.0, 9527925.0], [732645.0, 9527925.0], [732645.0, 9527895.0], [732675.0, 9527895.0], [732675.0, 9527925.0], [732705.0, 9527925.0], [732705.0, 9527895.0], [732765.0, 9527895.0], [732765.0, 9527925.0], [732915.0, 9527925.0], [732915.0, 9527955.0], [732945.0, 9527955.0], [732945.0, 9528045.0], [732915.0, 9528045.0], [732915.0, 9528105.0], [732885.0, 9528105.0], [732885.0, 9528165.0], [732825.0, 9528165.0], [732825.0, 9528195.0], [732675.0, 9528195.0], [732675.0, 9528165.0], [732585.0, 9528165.0], [732585.0, 9528195.0], [732465.0, 9528195.0], [732465.0, 9528135.0], [732435.0, 9528135.0], [732435.0, 9528165.0], [732375.0, 9528165.0], [732375.0, 9528225.0], [732345.0, 9528225.0], [732345.0, 9528255.0], [732315.0, 9528255.0], [732315.0, 9528345.0], [732405.0, 9528345.0], [732405.0, 9528405.0], [732375.0, 9528405.0], [732375.0, 9528435.0], [732045.0, 9528435.0]]]}, "properties": {"zone_id": "scene_01_DT0000205230-Z0078", "scene": "scene_01_DT0000205230", "pixel_count": 445, "approx_area_m2": 400500.0, "centroid_x": 732295.9550561798, "centroid_y": 9528109.078651685, "mean_risk": 2.0797226428985596, "max_risk": 2.3850574493408203, "median_risk": 2.069486379623413, "high_priority_pixel_pct": 100.0, "priority_category": "HIGH PRIORITY", "threshold_type": "95th percentile prioritisation threshold", "recommendation": "Spectral-stress evidence detected. Prioritise field inspection to determine the underlying cause. Field verification required.", "priority_rank": 154}}, {"type": "Feature", "geometry": {"type": "Polygon", "coordinates": [[[732495.0, 9528435.0], [732495.0, 9528375.0], [732525.0, 9528375.0], [732525.0, 9528345.0], [732555.0, 9528345.0], [732555.0, 9528315.0], [732615.0, 9528315.0], [732615.0, 9528375.0], [732585.0, 9528375.0], [732585.0, 9528405.0], [732525.0, 9528405.0], [732525.0, 9528435.0], [732495.0, 9528435.0]]]}, "properties": {"zone_id": "scene_01_DT0000205230-Z0079", "scene": "scene_01_DT0000205230", "pixel_count": 9, "approx_area_m2": 8100.0, "centroid_x": 732556.6666666666, "centroid_y": 9528370.0, "mean_risk": 1.9226828813552856, "max_risk": 1.9651581048965454, "median_risk": 1.9114216566085815, "high_priority_pixel_pct": 100.0, "priority_category": "HIGH PRIORITY", "threshold_type": "95th percentile prioritisation threshold", "recommendation": "Spectral-stress evidence detected. Prioritise field inspection to determine the underlying cause. Field verification required.", "priority_rank": 404}}, {"type": "Feature", "geometry": {"type": "Polygon", "coordinates": [[[715695.0, 9528195.0], [715695.0, 9528135.0], [715725.0, 9528135.0], [715725.0, 9528105.0], [715755.0, 9528105.0], [715755.0, 9528135.0], [715815.0, 9528135.0], [715815.0, 9528105.0], [715845.0, 9528105.0], [715845.0, 9528075.0], [715875.0, 9528075.0], [715875.0, 9527985.0], [715755.0, 9527985.0], [715755.0, 9527955.0], [715785.0, 9527955.0], [715785.0, 9527925.0], [715815.0, 9527925.0], [715815.0, 9527895.0], [715845.0, 9527895.0], [715845.0, 9527865.0], [715875.0, 9527865.0], [715875.0, 9527835.0], [715905.0, 9527835.0], [715905.0, 9527805.0], [715935.0, 9527805.0], [715935.0, 9527775.0], [715965.0, 9527775.0], [715965.0, 9527745.0], [715995.0, 9527745.0], [715995.0, 9527685.0], [716025.0, 9527685.0], [716025.0, 9527715.0], [716055.0, 9527715.0], [716055.0, 9527775.0], [716085.0, 9527775.0], [716085.0, 9527835.0], [716055.0, 9527835.0], [716055.0, 9527865.0], [716025.0, 9527865.0], [716025.0, 9527925.0], [715995.0, 9527925.0], [715995.0, 9527955.0], [715965.0, 9527955.0], [715965.0, 9527985.0], [715935.0, 9527985.0], [715935.0, 9528015.0], [715905.0, 9528015.0], [715905.0, 9528075.0], [715935.0, 9528075.0], [715935.0, 9528135.0], [715845.0, 9528135.0], [715845.0, 9528165.0], [715785.0, 9528165.0], [715785.0, 9528195.0], [715695.0, 9528195.0]]]}, "properties": {"zone_id": "scene_01_DT0000205230-Z0080", "scene": "scene_01_DT0000205230", "pixel_count": 70, "approx_area_m2": 63000.0, "centroid_x": 715911.0, "centroid_y": 9527938.285714285, "mean_risk": 2.009700059890747, "max_risk": 2.244227647781372, "median_risk": 1.9985053539276123, "high_priority_pixel_pct": 100.0, "priority_category": "HIGH PRIORITY", "threshold_type": "95th percentile prioritisation threshold", "recommendation": "Spectral-stress evidence detected. Prioritise field inspection to determine the underlying cause. Field verification required.", "priority_rank": 249}}, {"type": "Feature", "geometry": {"type": "Polygon", "coordinates": [[[724545.0, 9528015.0], [724545.0, 9527985.0], [724515.0, 9527985.0], [724515.0, 9527955.0], [724545.0, 9527955.0], [724545.0, 9527925.0], [724605.0, 9527925.0], [724605.0, 9527895.0], [724665.0, 9527895.0], [724665.0, 9527985.0], [724635.0, 9527985.0], [724635.0, 9528015.0], [724545.0, 9528015.0]]]}, "properties": {"zone_id": "scene_01_DT0000205230-Z0081", "scene": "scene_01_DT0000205230", "pixel_count": 50, "approx_area_m2": 45000.0, "centroid_x": 724661.4, "centroid_y": 9528053.4, "mean_risk": 2.109893560409546, "max_risk": 2.40824031829834, "median_risk": 2.1218323707580566, "high_priority_pixel_pct": 100.0, "priority_category": "HIGH PRIORITY", "threshold_type": "95th percentile prioritisation threshold", "recommendation": "Spectral-stress evidence detected. Prioritise field inspection to determine the underlying cause. Field verification required.", "priority_rank": 117}}, {"type": "Feature", "geometry": {"type": "Polygon", "coordinates": [[[730575.0, 9528195.0], [730575.0, 9528135.0], [730605.0, 9528135.0], [730605.0, 9528105.0], [730695.0, 9528105.0], [730695.0, 9528165.0], [730635.0, 9528165.0], [730635.0, 9528195.0], [730575.0, 9528195.0]]]}, "properties": {"zone_id": "scene_01_DT0000205230-Z0082", "scene": "scene_01_DT0000205230", "pixel_count": 9, "approx_area_m2": 8100.0, "centroid_x": 730633.3333333334, "centroid_y": 9528146.666666666, "mean_risk": 1.9558309316635132, "max_risk": 2.050107479095459, "median_risk": 1.9554251432418823, "high_priority_pixel_pct": 100.0, "priority_category": "HIGH PRIORITY", "threshold_type": "95th percentile prioritisation threshold", "recommendation": "Spectral-stress evidence detected. Prioritise field inspection to determine the underlying cause. Field verification required.", "priority_rank": 355}}, {"type": "Feature", "geometry": {"type": "Polygon", "coordinates": [[[720105.0, 9528165.0], [720105.0, 9528105.0], [720165.0, 9528105.0], [720165.0, 9528075.0], [720225.0, 9528075.0], [720225.0, 9528135.0], [720195.0, 9528135.0], [720195.0, 9528165.0], [720105.0, 9528165.0]]]}, "properties": {"zone_id": "scene_01_DT0000205230-Z0083", "scene": "scene_01_DT0000205230", "pixel_count": 9, "approx_area_m2": 8100.0, "centroid_x": 720166.6666666666, "centroid_y": 9528123.333333334, "mean_risk": 2.002185106277466, "max_risk": 2.0923123359680176, "median_risk": 1.9840729236602783, "high_priority_pixel_pct": 100.0, "priority_category": "HIGH PRIORITY", "threshold_type": "95th percentile prioritisation threshold", "recommendation": "Spectral-stress evidence detected. Prioritise field inspection to determine the underlying cause. Field verification required.", "priority_rank": 270}}, {"type": "Feature", "geometry": {"type": "Polygon", "coordinates": [[[725745.0, 9528135.0], [725745.0, 9528045.0], [725775.0, 9528045.0], [725775.0, 9528015.0], [725835.0, 9528015.0], [725835.0, 9528075.0], [725805.0, 9528075.0], [725805.0, 9528135.0], [725745.0, 9528135.0]]]}, "properties": {"zone_id": "scene_01_DT0000205230-Z0084", "scene": "scene_01_DT0000205230", "pixel_count": 9, "approx_area_m2": 8100.0, "centroid_x": 725786.6666666666, "centroid_y": 9528073.333333334, "mean_risk": 1.9317632913589478, "max_risk": 2.02282452583313, "median_risk": 1.919081449508667, "high_priority_pixel_pct": 100.0, "priority_category": "HIGH PRIORITY", "threshold_type": "95th percentile prioritisation threshold", "recommendation": "Spectral-stress evidence detected. Prioritise field inspection to determine the underlying cause. Field verification required.", "priority_rank": 391}}, {"type": "Feature", "geometry": {"type": "Polygon", "coordinates": [[[720135.0, 9528045.0], [720135.0, 9528015.0], [719925.0, 9528015.0], [719925.0, 9527985.0], [719865.0, 9527985.0], [719865.0, 9527925.0], [719895.0, 9527925.0], [719895.0, 9527895.0], [719925.0, 9527895.0], [719925.0, 9527835.0], [719985.0, 9527835.0], [719985.0, 9527805.0], [720015.0, 9527805.0], [720015.0, 9527775.0], [720045.0, 9527775.0], [720045.0, 9527625.0], [720135.0, 9527625.0], [720135.0, 9527595.0], [720255.0, 9527595.0], [720255.0, 9527565.0], [720375.0, 9527565.0], [720375.0, 9527595.0], [720435.0, 9527595.0], [720435.0, 9527565.0], [720465.0, 9527565.0], [720465.0, 9527535.0], [720495.0, 9527535.0], [720495.0, 9527595.0], [720525.0, 9527595.0], [720525.0, 9527655.0], [720465.0, 9527655.0], [720465.0, 9527775.0], [720375.0, 9527775.0], [720375.0, 9527865.0], [720435.0, 9527865.0], [720435.0, 9527895.0], [720285.0, 9527895.0], [720285.0, 9527925.0], [720255.0, 9527925.0], [720255.0, 9527955.0], [720225.0, 9527955.0], [720225.0, 9527985.0], [720195.0, 9527985.0], [720195.0, 9528015.0], [720165.0, 9528015.0], [720165.0, 9528045.0], [720135.0, 9528045.0]]]}, "properties": {"zone_id": "scene_01_DT0000205230-Z0085", "scene": "scene_01_DT0000205230", "pixel_count": 197, "approx_area_m2": 177300.0, "centroid_x": 720197.8172588833, "centroid_y": 9527790.913705584, "mean_risk": 2.30346941947937, "max_risk": 3.0103700160980225, "median_risk": 2.2896132469177246, "high_priority_pixel_pct": 100.0, "priority_category": "HIGH PRIORITY", "threshold_type": "95th percentile prioritisation threshold", "recommendation": "Spectral-stress evidence detected. Prioritise field inspection to determine the underlying cause. Field verification required.", "priority_rank": 24}}, {"type": "Feature", "geometry": {"type": "Polygon", "coordinates": [[[723795.0, 9528045.0], [723795.0, 9527985.0], [723765.0, 9527985.0], [723765.0, 9527895.0], [723855.0, 9527895.0], [723855.0, 9527805.0], [723885.0, 9527805.0], [723885.0, 9527775.0], [723795.0, 9527775.0], [723795.0, 9527715.0], [723765.0, 9527715.0], [723765.0, 9527685.0], [723795.0, 9527685.0], [723795.0, 9527595.0], [723825.0, 9527595.0], [723825.0, 9527565.0], [723855.0, 9527565.0], [723855.0, 9527535.0], [723885.0, 9527535.0], [723885.0, 9527505.0], [723915.0, 9527505.0], [723915.0, 9527445.0], [723855.0, 9527445.0], [723855.0, 9527385.0], [723975.0, 9527385.0], [723975.0, 9527355.0], [724125.0, 9527355.0], [724125.0, 9527385.0], [724095.0, 9527385.0], [724095.0, 9527415.0], [724035.0, 9527415.0], [724035.0, 9527475.0], [724005.0, 9527475.0], [724005.0, 9527595.0], [723975.0, 9527595.0], [723975.0, 9527685.0], [723945.0, 9527685.0], [723945.0, 9527715.0], [724005.0, 9527715.0], [724005.0, 9527685.0], [724035.0, 9527685.0], [724035.0, 9527565.0], [724155.0, 9527565.0], [724155.0, 9527535.0], [724185.0, 9527535.0], [724185.0, 9527505.0], [724275.0, 9527505.0], [724275.0, 9527475.0], [724245.0, 9527475.0], [724245.0, 9527415.0], [724215.0, 9527415.0], [724215.0, 9527355.0], [724335.0, 9527355.0], [724335.0, 9527385.0], [724425.0, 9527385.0], [724425.0, 9527415.0], [724365.0, 9527415.0], [724365.0, 9527475.0], [724425.0, 9527475.0], [724425.0, 9527505.0], [724545.0, 9527505.0], [724545.0, 9527475.0], [724575.0, 9527475.0], [724575.0, 9527445.0], [724635.0, 9527445.0], [724635.0, 9527415.0], [724665.0, 9527415.0], [724665.0, 9527355.0], [724755.0, 9527355.0], [724755.0, 9527385.0], [724785.0, 9527385.0], [724785.0, 9527355.0], [724815.0, 9527355.0], [724815.0, 9527385.0], [724845.0, 9527385.0], [724845.0, 9527415.0], [724905.0, 9527415.0], [724905.0, 9527445.0], [724875.0, 9527445.0], [724875.0, 9527475.0], [724845.0, 9527475.0], [724845.0, 9527505.0], [724815.0, 9527505.0], [724815.0, 9527535.0], [724545.0, 9527535.0], [724545.0, 9527565.0], [724485.0, 9527565.0], [724485.0, 9527595.0], [724425.0, 9527595.0], [724425.0, 9527565.0], [724395.0, 9527565.0], [724395.0, 9527595.0], [724365.0, 9527595.0], [724365.0, 9527625.0], [724305.0, 9527625.0], [724305.0, 9527655.0], [724275.0, 9527655.0], [724275.0, 9527685.0], [724365.0, 9527685.0], [724365.0, 9527655.0], [724425.0, 9527655.0], [724425.0, 9527685.0], [724455.0, 9527685.0], [724455.0, 9527745.0], [724485.0, 9527745.0], [724485.0, 9527715.0], [724545.0, 9527715.0], [724545.0, 9527745.0], [724515.0, 9527745.0], [724515.0, 9527775.0], [724485.0, 9527775.0], [724485.0, 9527805.0], [724455.0, 9527805.0], [724455.0, 9527865.0], [724425.0, 9527865.0], [724425.0, 9527925.0], [724395.0, 9527925.0], [724395.0, 9527955.0], [724365.0, 9527955.0], [724365.0, 9527985.0], [724335.0, 9527985.0], [724335.0, 9527955.0], [724275.0, 9527955.0], [724275.0, 9527925.0], [724185.0, 9527925.0], [724185.0, 9527895.0], [724155.0, 9527895.0], [724155.0, 9527865.0], [724125.0, 9527865.0], [724125.0, 9527895.0], [724095.0, 9527895.0], [724095.0, 9527955.0], [724065.0, 9527955.0], [724065.0, 9527985.0], [723975.0, 9527985.0], [723975.0, 9527955.0], [723945.0, 9527955.0], [723945.0, 9528045.0], [723795.0, 9528045.0]], [[724215.0, 9527745.0], [724245.0, 9527745.0], [724245.0, 9527715.0], [724215.0, 9527715.0], [724215.0, 9527745.0]], [[724245.0, 9527715.0], [724275.0, 9527715.0], [724275.0, 9527685.0], [724245.0, 9527685.0], [724245.0, 9527715.0]]]}, "properties": {"zone_id": "scene_01_DT0000205230-Z0086", "scene": "scene_01_DT0000205230", "pixel_count": 401, "approx_area_m2": 360900.0, "centroid_x": 724202.319201995, "centroid_y": 9527672.7680798, "mean_risk": 2.2665629386901855, "max_risk": 2.9825785160064697, "median_risk": 2.2068047523498535, "high_priority_pixel_pct": 100.0, "priority_category": "HIGH PRIORITY", "threshold_type": "95th percentile prioritisation threshold", "recommendation": "Spectral-stress evidence detected. Prioritise field inspection to determine the underlying cause. Field verification required.", "priority_rank": 30}}, {"type": "Feature", "geometry": {"type": "Polygon", "coordinates": [[[725445.0, 9528045.0], [725445.0, 9528015.0], [725415.0, 9528015.0], [725415.0, 9527985.0], [725385.0, 9527985.0], [725385.0, 9527925.0], [725445.0, 9527925.0], [725445.0, 9527955.0], [725505.0, 9527955.0], [725505.0, 9527895.0], [725475.0, 9527895.0], [725475.0, 9527865.0], [725445.0, 9527865.0], [725445.0, 9527775.0], [725475.0, 9527775.0], [725475.0, 9527745.0], [725565.0, 9527745.0], [725565.0, 9527715.0], [725655.0, 9527715.0], [725655.0, 9527655.0], [725775.0, 9527655.0], [725775.0, 9527685.0], [725805.0, 9527685.0], [725805.0, 9527655.0], [725865.0, 9527655.0], [725865.0, 9527775.0], [725895.0, 9527775.0], [725895.0, 9527805.0], [725865.0, 9527805.0], [725865.0, 9527835.0], [725835.0, 9527835.0], [725835.0, 9527865.0], [725805.0, 9527865.0], [725805.0, 9527895.0], [725745.0, 9527895.0], [725745.0, 9527865.0], [725685.0, 9527865.0], [725685.0, 9527895.0], [725655.0, 9527895.0], [725655.0, 9527925.0], [725625.0, 9527925.0], [725625.0, 9527985.0], [725595.0, 9527985.0], [725595.0, 9528045.0], [725535.0, 9528045.0], [725535.0, 9528015.0], [725505.0, 9528015.0], [725505.0, 9528045.0], [725445.0, 9528045.0]]]}, "properties": {"zone_id": "scene_01_DT0000205230-Z0087", "scene": "scene_01_DT0000205230", "pixel_count": 117, "approx_area_m2": 105300.0, "centroid_x": 725636.1538461539, "centroid_y": 9527832.051282052, "mean_risk": 2.1189281940460205, "max_risk": 2.6104044914245605, "median_risk": 2.0905873775482178, "high_priority_pixel_pct": 100.0, "priority_category": "HIGH PRIORITY", "threshold_type": "95th percentile prioritisation threshold", "recommendation": "Spectral-stress evidence detected. Prioritise field inspection to determine the underlying cause. Field verification required.", "priority_rank": 110}}, {"type": "Feature", "geometry": {"type": "Polygon", "coordinates": [[[730245.0, 9527985.0], [730245.0, 9527955.0], [730185.0, 9527955.0], [730185.0, 9527895.0], [730215.0, 9527895.0], [730215.0, 9527805.0], [730245.0, 9527805.0], [730245.0, 9527775.0], [730275.0, 9527775.0], [730275.0, 9527745.0], [730335.0, 9527745.0], [730335.0, 9527775.0], [730365.0, 9527775.0], [730365.0, 9527745.0], [730395.0, 9527745.0], [730395.0, 9527715.0], [730455.0, 9527715.0], [730455.0, 9527685.0], [730485.0, 9527685.0], [730485.0, 9527655.0], [730515.0, 9527655.0], [730515.0, 9527625.0], [730605.0, 9527625.0], [730605.0, 9527685.0], [730575.0, 9527685.0], [730575.0, 9527715.0], [730545.0, 9527715.0], [730545.0, 9527745.0], [730485.0, 9527745.0], [730485.0, 9527775.0], [730425.0, 9527775.0], [730425.0, 9527805.0], [730365.0, 9527805.0], [730365.0, 9527835.0], [730335.0, 9527835.0], [730335.0, 9527925.0], [730305.0, 9527925.0], [730305.0, 9527955.0], [730275.0, 9527955.0], [730275.0, 9527985.0], [730245.0, 9527985.0]]]}, "properties": {"zone_id": "scene_01_DT0000205230-Z0088", "scene": "scene_01_DT0000205230", "pixel_count": 51, "approx_area_m2": 45900.0, "centroid_x": 730368.2352941176, "centroid_y": 9527797.05882353, "mean_risk": 2.014322519302368, "max_risk": 2.253394365310669, "median_risk": 2.0207648277282715, "high_priority_pixel_pct": 100.0, "priority_category": "HIGH PRIORITY", "threshold_type": "95th percentile prioritisation threshold", "recommendation": "Spectral-stress evidence detected. Prioritise field inspection to determine the underlying cause. Field verification required.", "priority_rank": 242}}, {"type": "Feature", "geometry": {"type": "Polygon", "coordinates": [[[735345.0, 9527925.0], [735345.0, 9527895.0], [735435.0, 9527895.0], [735435.0, 9527835.0], [735465.0, 9527835.0], [735465.0, 9527805.0], [735435.0, 9527805.0], [735435.0, 9527775.0], [735465.0, 9527775.0], [735465.0, 9527715.0], [735435.0, 9527715.0], [735435.0, 9527745.0], [735345.0, 9527745.0], [735345.0, 9527715.0], [735375.0, 9527715.0], [735375.0, 9527655.0], [735495.0, 9527655.0], [735495.0, 9527625.0], [735555.0, 9527625.0], [735555.0, 9527595.0], [735645.0, 9527595.0], [735645.0, 9527625.0], [735705.0, 9527625.0], [735705.0, 9527505.0], [735675.0, 9527505.0], [735675.0, 9527475.0], [735735.0, 9527475.0], [735735.0, 9527505.0], [735765.0, 9527505.0], [735765.0, 9527475.0], [735825.0, 9527475.0], [735825.0, 9527505.0], [735855.0, 9527505.0], [735855.0, 9527535.0], [735885.0, 9527535.0], [735885.0, 9527505.0], [735915.0, 9527505.0], [735915.0, 9527475.0], [735975.0, 9527475.0], [735975.0, 9527505.0], [736035.0, 9527505.0], [736035.0, 9527415.0], [736005.0, 9527415.0], [736005.0, 9527385.0], [736035.0, 9527385.0], [736035.0, 9527295.0], [736095.0, 9527295.0], [736095.0, 9527265.0], [736155.0, 9527265.0], [736155.0, 9527235.0], [736185.0, 9527235.0], [736185.0, 9527355.0], [736155.0, 9527355.0], [736155.0, 9527505.0], [736095.0, 9527505.0], [736095.0, 9527535.0], [736065.0, 9527535.0], [736065.0, 9527565.0], [736035.0, 9527565.0], [736035.0, 9527595.0], [735945.0, 9527595.0], [735945.0, 9527625.0], [735855.0, 9527625.0], [735855.0, 9527655.0], [735825.0, 9527655.0], [735825.0, 9527715.0], [735795.0, 9527715.0], [735795.0, 9527745.0], [735765.0, 9527745.0], [735765.0, 9527775.0], [735705.0, 9527775.0], [735705.0, 9527805.0], [735645.0, 9527805.0], [735645.0, 9527835.0], [735615.0, 9527835.0], [735615.0, 9527865.0], [735555.0, 9527865.0], [735555.0, 9527895.0], [735465.0, 9527895.0], [735465.0, 9527925.0], [735345.0, 9527925.0]], [[735525.0, 9527835.0], [735555.0, 9527835.0], [735555.0, 9527805.0], [735525.0, 9527805.0], [735525.0, 9527835.0]]]}, "properties": {"zone_id": "scene_01_DT0000205230-Z0089", "scene": "scene_01_DT0000205230", "pixel_count": 181, "approx_area_m2": 162900.0, "centroid_x": 735762.0994475138, "centroid_y": 9527617.29281768, "mean_risk": 2.0478525161743164, "max_risk": 2.4789223670959473, "median_risk": 2.0157902240753174, "high_priority_pixel_pct": 100.0, "priority_category": "HIGH PRIORITY", "threshold_type": "95th percentile prioritisation threshold", "recommendation": "Spectral-stress evidence detected. Prioritise field inspection to determine the underlying cause. Field verification required.", "priority_rank": 190}}, {"type": "Feature", "geometry": {"type": "Polygon", "coordinates": [[[732075.0, 9527445.0], [732075.0, 9527415.0], [732105.0, 9527415.0], [732105.0, 9527445.0], [732075.0, 9527445.0]]]}, "properties": {"zone_id": "scene_01_DT0000205230-Z0090", "scene": "scene_01_DT0000205230", "pixel_count": 99, "approx_area_m2": 89100.0, "centroid_x": 731909.696969697, "centroid_y": 9527597.878787879, "mean_risk": 1.9322247505187988, "max_risk": 2.043623924255371, "median_risk": 1.914753794670105, "high_priority_pixel_pct": 100.0, "priority_category": "HIGH PRIORITY", "threshold_type": "95th percentile prioritisation threshold", "recommendation": "Spectral-stress evidence detected. Prioritise field inspection to determine the underlying cause. Field verification required.", "priority_rank": 390}}, {"type": "Feature", "geometry": {"type": "Polygon", "coordinates": [[[719715.0, 9527715.0], [719715.0, 9527595.0], [719805.0, 9527595.0], [719805.0, 9527685.0], [719775.0, 9527685.0], [719775.0, 9527715.0], [719715.0, 9527715.0]]]}, "properties": {"zone_id": "scene_01_DT0000205230-Z0091", "scene": "scene_01_DT0000205230", "pixel_count": 11, "approx_area_m2": 9900.0, "centroid_x": 719757.2727272727, "centroid_y": 9527650.909090908, "mean_risk": 2.0163466930389404, "max_risk": 2.1935667991638184, "median_risk": 1.9793821573257446, "high_priority_pixel_pct": 100.0, "priority_category": "HIGH PRIORITY", "threshold_type": "95th percentile prioritisation threshold", "recommendation": "Spectral-stress evidence detected. Prioritise field inspection to determine the underlying cause. Field verification required.", "priority_rank": 239}}, {"type": "Feature", "geometry": {"type": "Polygon", "coordinates": [[[719715.0, 9527295.0], [719715.0, 9527265.0], [719685.0, 9527265.0], [719685.0, 9527175.0], [719625.0, 9527175.0], [719625.0, 9527115.0], [719715.0, 9527115.0], [719715.0, 9527145.0], [719745.0, 9527145.0], [719745.0, 9527115.0], [719805.0, 9527115.0], [719805.0, 9527055.0], [719835.0, 9527055.0], [719835.0, 9527025.0], [719865.0, 9527025.0], [719865.0, 9526995.0], [719925.0, 9526995.0], [719925.0, 9526965.0], [719985.0, 9526965.0], [719985.0, 9526935.0], [720015.0, 9526935.0], [720015.0, 9526905.0], [720045.0, 9526905.0], [720045.0, 9526935.0], [720075.0, 9526935.0], [720075.0, 9526905.0], [720135.0, 9526905.0], [720135.0, 9526995.0], [720195.0, 9526995.0], [720195.0, 9526965.0], [720225.0, 9526965.0], [720225.0, 9527115.0], [720255.0, 9527115.0], [720255.0, 9527175.0], [720225.0, 9527175.0], [720225.0, 9527205.0], [720165.0, 9527205.0], [720165.0, 9527235.0], [720135.0, 9527235.0], [720135.0, 9527205.0], [720075.0, 9527205.0], [720075.0, 9527175.0], [720015.0, 9527175.0], [720015.0, 9527205.0], [719925.0, 9527205.0], [719925.0, 9527235.0], [719895.0, 9527235.0], [719895.0, 9527265.0], [719745.0, 9527265.0], [719745.0, 9527295.0], [719715.0, 9527295.0]]]}, "properties": {"zone_id": "scene_01_DT0000205230-Z0092", "scene": "scene_01_DT0000205230", "pixel_count": 246, "approx_area_m2": 221400.0, "centroid_x": 719942.0731707317, "centroid_y": 9527246.951219512, "mean_risk": 2.127030849456787, "max_risk": 2.6621792316436768, "median_risk": 2.10795259475708, "high_priority_pixel_pct": 100.0, "priority_category": "HIGH PRIORITY", "threshold_type": "95th percentile prioritisation threshold", "recommendation": "Spectral-stress evidence detected. Prioritise field inspection to determine the underlying cause. Field verification required.", "priority_rank": 99}}, {"type": "Feature", "geometry": {"type": "Polygon", "coordinates": [[[730155.0, 9527475.0], [730155.0, 9527445.0], [730125.0, 9527445.0], [730125.0, 9527415.0], [730095.0, 9527415.0], [730095.0, 9527385.0], [730125.0, 9527385.0], [730125.0, 9527325.0], [730155.0, 9527325.0], [730155.0, 9527295.0], [730215.0, 9527295.0], [730215.0, 9527325.0], [730245.0, 9527325.0], [730245.0, 9527355.0], [730275.0, 9527355.0], [730275.0, 9527325.0], [730305.0, 9527325.0], [730305.0, 9527415.0], [730275.0, 9527415.0], [730275.0, 9527445.0], [730185.0, 9527445.0], [730185.0, 9527475.0], [730155.0, 9527475.0]]]}, "properties": {"zone_id": "scene_01_DT0000205230-Z0093", "scene": "scene_01_DT0000205230", "pixel_count": 26, "approx_area_m2": 23400.0, "centroid_x": 730202.3076923077, "centroid_y": 9527382.692307692, "mean_risk": 2.0037732124328613, "max_risk": 2.1340768337249756, "median_risk": 1.9999873638153076, "high_priority_pixel_pct": 100.0, "priority_category": "HIGH PRIORITY", "threshold_type": "95th percentile prioritisation threshold", "recommendation": "Spectral-stress evidence detected. Prioritise field inspection to determine the underlying cause. Field verification required.", "priority_rank": 266}}, {"type": "Feature", "geometry": {"type": "Polygon", "coordinates": [[[730395.0, 9527445.0], [730395.0, 9527415.0], [730365.0, 9527415.0], [730365.0, 9527385.0], [730425.0, 9527385.0], [730425.0, 9527355.0], [730455.0, 9527355.0], [730455.0, 9527325.0], [730485.0, 9527325.0], [730485.0, 9527265.0], [730575.0, 9527265.0], [730575.0, 9527235.0], [730605.0, 9527235.0], [730605.0, 9527325.0], [730575.0, 9527325.0], [730575.0, 9527385.0], [730545.0, 9527385.0], [730545.0, 9527415.0], [730515.0, 9527415.0], [730515.0, 9527445.0], [730395.0, 9527445.0]]]}, "properties": {"zone_id": "scene_01_DT0000205230-Z0094", "scene": "scene_01_DT0000205230", "pixel_count": 28, "approx_area_m2": 25200.0, "centroid_x": 730502.1428571428, "centroid_y": 9527355.0, "mean_risk": 1.9895299673080444, "max_risk": 2.1498970985412598, "median_risk": 1.9780030250549316, "high_priority_pixel_pct": 100.0, "priority_category": "HIGH PRIORITY", "threshold_type": "95th percentile prioritisation threshold", "recommendation": "Spectral-stress evidence detected. Prioritise field inspection to determine the underlying cause. Field verification required.", "priority_rank": 291}}, {"type": "Feature", "geometry": {"type": "Polygon", "coordinates": [[[725085.0, 9527415.0], [725085.0, 9527355.0], [725055.0, 9527355.0], [725055.0, 9527295.0], [725175.0, 9527295.0], [725175.0, 9527325.0], [725145.0, 9527325.0], [725145.0, 9527385.0], [725115.0, 9527385.0], [725115.0, 9527415.0], [725085.0, 9527415.0]]]}, "properties": {"zone_id": "scene_01_DT0000205230-Z0095", "scene": "scene_01_DT0000205230", "pixel_count": 10, "approx_area_m2": 9000.0, "centroid_x": 725109.0, "centroid_y": 9527340.0, "mean_risk": 1.9715694189071655, "max_risk": 2.0516414642333984, "median_risk": 1.9773218631744385, "high_priority_pixel_pct": 100.0, "priority_category": "HIGH PRIORITY", "threshold_type": "95th percentile prioritisation threshold", "recommendation": "Spectral-stress evidence detected. Prioritise field inspection to determine the underlying cause. Field verification required.", "priority_rank": 324}}, {"type": "Feature", "geometry": {"type": "Polygon", "coordinates": [[[730785.0, 9527415.0], [730785.0, 9527355.0], [730815.0, 9527355.0], [730815.0, 9527325.0], [730845.0, 9527325.0], [730845.0, 9527295.0], [730875.0, 9527295.0], [730875.0, 9527265.0], [730905.0, 9527265.0], [730905.0, 9527235.0], [730965.0, 9527235.0], [730965.0, 9527205.0], [730995.0, 9527205.0], [730995.0, 9527175.0], [731025.0, 9527175.0], [731025.0, 9527145.0], [731055.0, 9527145.0], [731055.0, 9527235.0], [731025.0, 9527235.0], [731025.0, 9527265.0], [730965.0, 9527265.0], [730965.0, 9527295.0], [730905.0, 9527295.0], [730905.0, 9527325.0], [730875.0, 9527325.0], [730875.0, 9527385.0], [730845.0, 9527385.0], [730845.0, 9527415.0], [730785.0, 9527415.0]]]}, "properties": {"zone_id": "scene_01_DT0000205230-Z0096", "scene": "scene_01_DT0000205230", "pixel_count": 22, "approx_area_m2": 19800.0, "centroid_x": 730922.7272727273, "centroid_y": 9527284.090909092, "mean_risk": 1.9357296228408813, "max_risk": 2.014850378036499, "median_risk": 1.9322710037231445, "high_priority_pixel_pct": 100.0, "priority_category": "HIGH PRIORITY", "threshold_type": "95th percentile prioritisation threshold", "recommendation": "Spectral-stress evidence detected. Prioritise field inspection to determine the underlying cause. Field verification required.", "priority_rank": 385}}, {"type": "Feature", "geometry": {"type": "Polygon", "coordinates": [[[723555.0, 9527205.0], [723555.0, 9527115.0], [723525.0, 9527115.0], [723525.0, 9527145.0], [723435.0, 9527145.0], [723435.0, 9527085.0], [723495.0, 9527085.0], [723495.0, 9526995.0], [723525.0, 9526995.0], [723525.0, 9526935.0], [723585.0, 9526935.0], [723585.0, 9526905.0], [723645.0, 9526905.0], [723645.0, 9526875.0], [723765.0, 9526875.0], [723765.0, 9526905.0], [723795.0, 9526905.0], [723795.0, 9526965.0], [723765.0, 9526965.0], [723765.0, 9527085.0], [723705.0, 9527085.0], [723705.0, 9527175.0], [723675.0, 9527175.0], [723675.0, 9527205.0], [723555.0, 9527205.0]]]}, "properties": {"zone_id": "scene_01_DT0000205230-Z0097", "scene": "scene_01_DT0000205230", "pixel_count": 99, "approx_area_m2": 89100.0, "centroid_x": 723594.5454545454, "centroid_y": 9527076.969696969, "mean_risk": 2.1926326751708984, "max_risk": 2.743945360183716, "median_risk": 2.149573802947998, "high_priority_pixel_pct": 100.0, "priority_category": "HIGH PRIORITY", "threshold_type": "95th percentile prioritisation threshold", "recommendation": "Spectral-stress evidence detected. Prioritise field inspection to determine the underlying cause. Field verification required.", "priority_rank": 54}}, {"type": "Feature", "geometry": {"type": "Polygon", "coordinates": [[[725205.0, 9527325.0], [725205.0, 9527295.0], [725235.0, 9527295.0], [725235.0, 9527235.0], [725295.0, 9527235.0], [725295.0, 9527175.0], [725355.0, 9527175.0], [725355.0, 9527205.0], [725325.0, 9527205.0], [725325.0, 9527295.0], [725295.0, 9527295.0], [725295.0, 9527325.0], [725205.0, 9527325.0]]]}, "properties": {"zone_id": "scene_01_DT0000205230-Z0098", "scene": "scene_01_DT0000205230", "pixel_count": 12, "approx_area_m2": 10800.0, "centroid_x": 725282.5, "centroid_y": 9527260.0, "mean_risk": 1.9977002143859863, "max_risk": 2.115560531616211, "median_risk": 2.0032460689544678, "high_priority_pixel_pct": 100.0, "priority_category": "HIGH PRIORITY", "threshold_type": "95th percentile prioritisation threshold", "recommendation": "Spectral-stress evidence detected. Prioritise field inspection to determine the underlying cause. Field verification required.", "priority_rank": 280}}, {"type": "Feature", "geometry": {"type": "Polygon", "coordinates": [[[729885.0, 9527265.0], [729885.0, 9527175.0], [729915.0, 9527175.0], [729915.0, 9527145.0], [729885.0, 9527145.0], [729885.0, 9527115.0], [729855.0, 9527115.0], [729855.0, 9527085.0], [729885.0, 9527085.0], [729885.0, 9527025.0], [729915.0, 9527025.0], [729915.0, 9527115.0], [729945.0, 9527115.0], [729945.0, 9527085.0], [730005.0, 9527085.0], [730005.0, 9527235.0], [729945.0, 9527235.0], [729945.0, 9527265.0], [729885.0, 9527265.0]]]}, "properties": {"zone_id": "scene_01_DT0000205230-Z0099", "scene": "scene_01_DT0000205230", "pixel_count": 24, "approx_area_m2": 21600.0, "centroid_x": 729933.75, "centroid_y": 9527157.5, "mean_risk": 1.936568260192871, "max_risk": 2.014721393585205, "median_risk": 1.9370245933532715, "high_priority_pixel_pct": 100.0, "priority_category": "HIGH PRIORITY", "threshold_type": "95th percentile prioritisation threshold", "recommendation": "Spectral-stress evidence detected. Prioritise field inspection to determine the underlying cause. Field verification required.", "priority_rank": 384}}, {"type": "Feature", "geometry": {"type": "Polygon", "coordinates": [[[716325.0, 9527235.0], [716325.0, 9527205.0], [716295.0, 9527205.0], [716295.0, 9527175.0], [716265.0, 9527175.0], [716265.0, 9527025.0], [716235.0, 9527025.0], [716235.0, 9526935.0], [716325.0, 9526935.0], [716325.0, 9526905.0], [716355.0, 9526905.0], [716355.0, 9526875.0], [716385.0, 9526875.0], [716385.0, 9526905.0], [716415.0, 9526905.0], [716415.0, 9526965.0], [716445.0, 9526965.0], [716445.0, 9526995.0], [716565.0, 9526995.0], [716565.0, 9527025.0], [716625.0, 9527025.0], [716625.0, 9526995.0], [716715.0, 9526995.0], [716715.0, 9527055.0], [716745.0, 9527055.0], [716745.0, 9527085.0], [716775.0, 9527085.0], [716775.0, 9527145.0], [716685.0, 9527145.0], [716685.0, 9527115.0], [716625.0, 9527115.0], [716625.0, 9527085.0], [716595.0, 9527085.0], [716595.0, 9527055.0], [716535.0, 9527055.0], [716535.0, 9527085.0], [716505.0, 9527085.0], [716505.0, 9527205.0], [716445.0, 9527205.0], [716445.0, 9527235.0], [716325.0, 9527235.0]]]}, "properties": {"zone_id": "scene_01_DT0000205230-Z0100", "scene": "scene_01_DT0000205230", "pixel_count": 103, "approx_area_m2": 92700.0, "centroid_x": 716444.5631067961, "centroid_y": 9527069.417475728, "mean_risk": 2.1367104053497314, "max_risk": 2.587798833847046, "median_risk": 2.1220178604125977, "high_priority_pixel_pct": 100.0, "priority_category": "HIGH PRIORITY", "threshold_type": "95th percentile prioritisation threshold", "recommendation": "Spectral-stress evidence detected. Prioritise field inspection to determine the underlying cause. Field verification required.", "priority_rank": 92}}, {"type": "Feature", "geometry": {"type": "Polygon", "coordinates": [[[715665.0, 9527205.0], [715665.0, 9527175.0], [715635.0, 9527175.0], [715635.0, 9527055.0], [715665.0, 9527055.0], [715665.0, 9527025.0], [715695.0, 9527025.0], [715695.0, 9526995.0], [715755.0, 9526995.0], [715755.0, 9526965.0], [715845.0, 9526965.0], [715845.0, 9526935.0], [716025.0, 9526935.0], [716025.0, 9526965.0], [716055.0, 9526965.0], [716055.0, 9527055.0], [716025.0, 9527055.0], [716025.0, 9527115.0], [715995.0, 9527115.0], [715995.0, 9527145.0], [715965.0, 9527145.0], [715965.0, 9527175.0], [715905.0, 9527175.0], [715905.0, 9527145.0], [715875.0, 9527145.0], [715875.0, 9527115.0], [715845.0, 9527115.0], [715845.0, 9527145.0], [715815.0, 9527145.0], [715815.0, 9527175.0], [715755.0, 9527175.0], [715755.0, 9527205.0], [715665.0, 9527205.0]]]}, "properties": {"zone_id": "scene_01_DT0000205230-Z0101", "scene": "scene_01_DT0000205230", "pixel_count": 89, "approx_area_m2": 80100.0, "centroid_x": 715844.8314606742, "centroid_y": 9527063.258426966, "mean_risk": 2.237992286682129, "max_risk": 2.6197574138641357, "median_risk": 2.239522933959961, "high_priority_pixel_pct": 100.0, "priority_category": "HIGH PRIORITY", "threshold_type": "95th percentile prioritisation threshold", "recommendation": "Spectral-stress evidence detected. Prioritise field inspection to determine the underlying cause. Field verification required.", "priority_rank": 41}}, {"type": "Feature", "geometry": {"type": "Polygon", "coordinates": [[[735855.0, 9527175.0], [735855.0, 9527115.0], [735915.0, 9527115.0], [735915.0, 9527085.0], [735945.0, 9527085.0], [735945.0, 9527055.0], [735975.0, 9527055.0], [735975.0, 9527085.0], [736005.0, 9527085.0], [736005.0, 9527145.0], [735975.0, 9527145.0], [735975.0, 9527175.0], [735855.0, 9527175.0]]]}, "properties": {"zone_id": "scene_01_DT0000205230-Z0102", "scene": "scene_01_DT0000205230", "pixel_count": 13, "approx_area_m2": 11700.0, "centroid_x": 735934.6153846154, "centroid_y": 9527127.692307692, "mean_risk": 1.9372901916503906, "max_risk": 1.985512375831604, "median_risk": 1.9315096139907837, "high_priority_pixel_pct": 100.0, "priority_category": "HIGH PRIORITY", "threshold_type": "95th percentile prioritisation threshold", "recommendation": "Spectral-stress evidence detected. Prioritise field inspection to determine the underlying cause. Field verification required.", "priority_rank": 381}}, {"type": "Feature", "geometry": {"type": "Polygon", "coordinates": [[[736185.0, 9527175.0], [736185.0, 9527055.0], [736155.0, 9527055.0], [736155.0, 9527025.0], [736125.0, 9527025.0], [736125.0, 9527055.0], [736095.0, 9527055.0], [736095.0, 9526995.0], [736215.0, 9526995.0], [736215.0, 9527025.0], [736245.0, 9527025.0], [736245.0, 9527145.0], [736215.0, 9527145.0], [736215.0, 9527175.0], [736185.0, 9527175.0]]]}, "properties": {"zone_id": "scene_01_DT0000205230-Z0103", "scene": "scene_01_DT0000205230", "pixel_count": 15, "approx_area_m2": 13500.0, "centroid_x": 736188.0, "centroid_y": 9527064.0, "mean_risk": 1.9214826822280884, "max_risk": 1.9682596921920776, "median_risk": 1.9134495258331299, "high_priority_pixel_pct": 100.0, "priority_category": "HIGH PRIORITY", "threshold_type": "95th percentile prioritisation threshold", "recommendation": "Spectral-stress evidence detected. Prioritise field inspection to determine the underlying cause. Field verification required.", "priority_rank": 405}}, {"type": "Feature", "geometry": {"type": "Polygon", "coordinates": [[[713955.0, 9527145.0], [713955.0, 9527085.0], [713925.0, 9527085.0], [713925.0, 9526905.0], [713895.0, 9526905.0], [713895.0, 9526755.0], [713865.0, 9526755.0], [713865.0, 9526665.0], [714105.0, 9526665.0], [714105.0, 9526695.0], [714135.0, 9526695.0], [714135.0, 9526755.0], [714105.0, 9526755.0], [714105.0, 9526815.0], [714135.0, 9526815.0], [714135.0, 9526845.0], [714165.0, 9526845.0], [714165.0, 9526935.0], [714195.0, 9526935.0], [714195.0, 9526965.0], [714225.0, 9526965.0], [714225.0, 9527025.0], [714255.0, 9527025.0], [714255.0, 9527055.0], [714195.0, 9527055.0], [714195.0, 9527085.0], [714165.0, 9527085.0], [714165.0, 9527115.0], [714015.0, 9527115.0], [714015.0, 9527145.0], [713955.0, 9527145.0]]]}, "properties": {"zone_id": "scene_01_DT0000205230-Z0104", "scene": "scene_01_DT0000205230", "pixel_count": 132, "approx_area_m2": 118800.0, "centroid_x": 714036.8181818182, "centroid_y": 9526899.318181818, "mean_risk": 2.401765823364258, "max_risk": 3.021580457687378, "median_risk": 2.3839313983917236, "high_priority_pixel_pct": 100.0, "priority_category": "HIGH PRIORITY", "threshold_type": "95th percentile prioritisation threshold", "recommendation": "Spectral-stress evidence detected. Prioritise field inspection to determine the underlying cause. Field verification required.", "priority_rank": 8}}, {"type": "Feature", "geometry": {"type": "Polygon", "coordinates": [[[731085.0, 9527055.0], [731085.0, 9526965.0], [731175.0, 9526965.0], [731175.0, 9526935.0], [731205.0, 9526935.0], [731205.0, 9526905.0], [731235.0, 9526905.0], [731235.0, 9526875.0], [731325.0, 9526875.0], [731325.0, 9526905.0], [731265.0, 9526905.0], [731265.0, 9526935.0], [731235.0, 9526935.0], [731235.0, 9526965.0], [731205.0, 9526965.0], [731205.0, 9526995.0], [731175.0, 9526995.0], [731175.0, 9527025.0], [731115.0, 9527025.0], [731115.0, 9527055.0], [731085.0, 9527055.0]]]}, "properties": {"zone_id": "scene_01_DT0000205230-Z0105", "scene": "scene_01_DT0000205230", "pixel_count": 29, "approx_area_m2": 26100.0, "centroid_x": 731202.4137931034, "centroid_y": 9527005.862068966, "mean_risk": 1.9448810815811157, "max_risk": 2.0898518562316895, "median_risk": 1.934873104095459, "high_priority_pixel_pct": 100.0, "priority_category": "HIGH PRIORITY", "threshold_type": "95th percentile prioritisation threshold", "recommendation": "Spectral-stress evidence detected. Prioritise field inspection to determine the underlying cause. Field verification required.", "priority_rank": 369}}, {"type": "Feature", "geometry": {"type": "Polygon", "coordinates": [[[730365.0, 9527055.0], [730365.0, 9526965.0], [730335.0, 9526965.0], [730335.0, 9526935.0], [730365.0, 9526935.0], [730365.0, 9526905.0], [730395.0, 9526905.0], [730395.0, 9526875.0], [730455.0, 9526875.0], [730455.0, 9526845.0], [730485.0, 9526845.0], [730485.0, 9526815.0], [730545.0, 9526815.0], [730545.0, 9526785.0], [730575.0, 9526785.0], [730575.0, 9526755.0], [730605.0, 9526755.0], [730605.0, 9526725.0], [730695.0, 9526725.0], [730695.0, 9526695.0], [730785.0, 9526695.0], [730785.0, 9526815.0], [730815.0, 9526815.0], [730815.0, 9526785.0], [730905.0, 9526785.0], [730905.0, 9526725.0], [730845.0, 9526725.0], [730845.0, 9526695.0], [730875.0, 9526695.0], [730875.0, 9526605.0], [730905.0, 9526605.0], [730905.0, 9526575.0], [730935.0, 9526575.0], [730935.0, 9526545.0], [730965.0, 9526545.0], [730965.0, 9526515.0], [731025.0, 9526515.0], [731025.0, 9526485.0], [731115.0, 9526485.0], [731115.0, 9526455.0], [731175.0, 9526455.0], [731175.0, 9526425.0], [731205.0, 9526425.0], [731205.0, 9526365.0], [731235.0, 9526365.0], [731235.0, 9526335.0], [731295.0, 9526335.0], [731295.0, 9526365.0], [731385.0, 9526365.0], [731385.0, 9526335.0], [731415.0, 9526335.0], [731415.0, 9526215.0], [731445.0, 9526215.0], [731445.0, 9526185.0], [731505.0, 9526185.0], [731505.0, 9526155.0], [731535.0, 9526155.0], [731535.0, 9526125.0], [731565.0, 9526125.0], [731565.0, 9526095.0], [731625.0, 9526095.0], [731625.0, 9526065.0], [731745.0, 9526065.0], [731745.0, 9526095.0], [731775.0, 9526095.0], [731775.0, 9526125.0], [731805.0, 9526125.0], [731805.0, 9526155.0], [731835.0, 9526155.0], [731835.0, 9526185.0], [731925.0, 9526185.0], [731925.0, 9526215.0], [731985.0, 9526215.0], [731985.0, 9526185.0], [732015.0, 9526185.0], [732015.0, 9526215.0], [732075.0, 9526215.0], [732075.0, 9526245.0], [732045.0, 9526245.0], [732045.0, 9526275.0], [731985.0, 9526275.0], [731985.0, 9526305.0], [731925.0, 9526305.0], [731925.0, 9526335.0], [731895.0, 9526335.0], [731895.0, 9526365.0], [731835.0, 9526365.0], [731835.0, 9526395.0], [731805.0, 9526395.0], [731805.0, 9526335.0], [731655.0, 9526335.0], [731655.0, 9526365.0], [731535.0, 9526365.0], [731535.0, 9526395.0], [731505.0, 9526395.0], [731505.0, 9526425.0], [731475.0, 9526425.0], [731475.0, 9526455.0], [731445.0, 9526455.0], [731445.0, 9526485.0], [731385.0, 9526485.0], [731385.0, 9526515.0], [731355.0, 9526515.0], [731355.0, 9526575.0], [731235.0, 9526575.0], [731235.0, 9526605.0], [731205.0, 9526605.0], [731205.0, 9526635.0], [731265.0, 9526635.0], [731265.0, 9526665.0], [731295.0, 9526665.0], [731295.0, 9526785.0], [731265.0, 9526785.0], [731265.0, 9526815.0], [731235.0, 9526815.0], [731235.0, 9526845.0], [731205.0, 9526845.0], [731205.0, 9526875.0], [731175.0, 9526875.0], [731175.0, 9526905.0], [731115.0, 9526905.0], [731115.0, 9526935.0], [731085.0, 9526935.0], [731085.0, 9526905.0], [730785.0, 9526905.0], [730785.0, 9526965.0], [730755.0, 9526965.0], [730755.0, 9526995.0], [730785.0, 9526995.0], [730785.0, 9527025.0], [730695.0, 9527025.0], [730695.0, 9526935.0], [730635.0, 9526935.0], [730635.0, 9526965.0], [730515.0, 9526965.0], [730515.0, 9526995.0], [730455.0, 9526995.0], [730455.0, 9527025.0], [730425.0, 9527025.0], [730425.0, 9527055.0], [730365.0, 9527055.0]], [[730395.0, 9527025.0], [730425.0, 9527025.0], [730425.0, 9526995.0], [730395.0, 9526995.0], [730395.0, 9527025.0]], [[730695.0, 9526935.0], [730725.0, 9526935.0], [730725.0, 9526905.0], [730695.0, 9526905.0], [730695.0, 9526935.0]]]}, "properties": {"zone_id": "scene_01_DT0000205230-Z0106", "scene": "scene_01_DT0000205230", "pixel_count": 469, "approx_area_m2": 422100.0, "centroid_x": 731185.4584221748, "centroid_y": 9526574.584221749, "mean_risk": 2.182847261428833, "max_risk": 2.7656614780426025, "median_risk": 2.158872365951538, "high_priority_pixel_pct": 100.0, "priority_category": "HIGH PRIORITY", "threshold_type": "95th percentile prioritisation threshold", "recommendation": "Spectral-stress evidence detected. Prioritise field inspection to determine the underlying cause. Field verification required.", "priority_rank": 65}}, {"type": "Feature", "geometry": {"type": "Polygon", "coordinates": [[[718695.0, 9526965.0], [718695.0, 9526695.0], [718725.0, 9526695.0], [718725.0, 9526635.0], [718755.0, 9526635.0], [718755.0, 9526575.0], [718875.0, 9526575.0], [718875.0, 9526545.0], [718905.0, 9526545.0], [718905.0, 9526515.0], [718935.0, 9526515.0], [718935.0, 9526485.0], [718965.0, 9526485.0], [718965.0, 9526545.0], [719025.0, 9526545.0], [719025.0, 9526515.0], [719055.0, 9526515.0], [719055.0, 9526455.0], [719085.0, 9526455.0], [719085.0, 9526425.0], [719115.0, 9526425.0], [719115.0, 9526395.0], [719145.0, 9526395.0], [719145.0, 9526365.0], [719205.0, 9526365.0], [719205.0, 9526425.0], [719175.0, 9526425.0], [719175.0, 9526455.0], [719145.0, 9526455.0], [719145.0, 9526485.0], [719205.0, 9526485.0], [719205.0, 9526545.0], [719295.0, 9526545.0], [719295.0, 9526485.0], [719325.0, 9526485.0], [719325.0, 9526425.0], [719475.0, 9526425.0], [719475.0, 9526515.0], [719445.0, 9526515.0], [719445.0, 9526635.0], [719415.0, 9526635.0], [719415.0, 9526665.0], [719385.0, 9526665.0], [719385.0, 9526695.0], [719295.0, 9526695.0], [719295.0, 9526725.0], [719235.0, 9526725.0], [719235.0, 9526755.0], [719205.0, 9526755.0], [719205.0, 9526785.0], [719055.0, 9526785.0], [719055.0, 9526695.0], [719085.0, 9526695.0], [719085.0, 9526665.0], [719025.0, 9526665.0], [719025.0, 9526695.0], [718995.0, 9526695.0], [718995.0, 9526755.0], [718845.0, 9526755.0], [718845.0, 9526845.0], [718785.0, 9526845.0], [718785.0, 9526875.0], [718755.0, 9526875.0], [718755.0, 9526965.0], [718695.0, 9526965.0]], [[719115.0, 9526515.0], [719145.0, 9526515.0], [719145.0, 9526485.0], [719115.0, 9526485.0], [719115.0, 9526515.0]]]}, "properties": {"zone_id": "scene_01_DT0000205230-Z0107", "scene": "scene_01_DT0000205230", "pixel_count": 216, "approx_area_m2": 194400.0, "centroid_x": 719069.4444444445, "centroid_y": 9526635.416666666, "mean_risk": 2.1866419315338135, "max_risk": 2.645375967025757, "median_risk": 2.163923501968384, "high_priority_pixel_pct": 100.0, "priority_category": "HIGH PRIORITY", "threshold_type": "95th percentile prioritisation threshold", "recommendation": "Spectral-stress evidence detected. Prioritise field inspection to determine the underlying cause. Field verification required.", "priority_rank": 62}}, {"type": "Feature", "geometry": {"type": "Polygon", "coordinates": [[[730155.0, 9526875.0], [730155.0, 9526785.0], [730215.0, 9526785.0], [730215.0, 9526755.0], [730305.0, 9526755.0], [730305.0, 9526815.0], [730275.0, 9526815.0], [730275.0, 9526845.0], [730185.0, 9526845.0], [730185.0, 9526875.0], [730155.0, 9526875.0]]]}, "properties": {"zone_id": "scene_01_DT0000205230-Z0108", "scene": "scene_01_DT0000205230", "pixel_count": 13, "approx_area_m2": 11700.0, "centroid_x": 730227.6923076923, "centroid_y": 9526806.923076924, "mean_risk": 1.9572522640228271, "max_risk": 2.0660126209259033, "median_risk": 1.954120397567749, "high_priority_pixel_pct": 100.0, "priority_category": "HIGH PRIORITY", "threshold_type": "95th percentile prioritisation threshold", "recommendation": "Spectral-stress evidence detected. Prioritise field inspection to determine the underlying cause. Field verification required.", "priority_rank": 350}}, {"type": "Feature", "geometry": {"type": "Polygon", "coordinates": [[[731595.0, 9526875.0], [731595.0, 9526815.0], [731565.0, 9526815.0], [731565.0, 9526755.0], [731535.0, 9526755.0], [731535.0, 9526725.0], [731565.0, 9526725.0], [731565.0, 9526665.0], [731595.0, 9526665.0], [731595.0, 9526635.0], [731625.0, 9526635.0], [731625.0, 9526665.0], [731655.0, 9526665.0], [731655.0, 9526695.0], [731745.0, 9526695.0], [731745.0, 9526665.0], [731805.0, 9526665.0], [731805.0, 9526695.0], [731835.0, 9526695.0], [731835.0, 9526725.0], [731865.0, 9526725.0], [731865.0, 9526755.0], [731835.0, 9526755.0], [731835.0, 9526845.0], [731775.0, 9526845.0], [731775.0, 9526815.0], [731715.0, 9526815.0], [731715.0, 9526845.0], [731685.0, 9526845.0], [731685.0, 9526815.0], [731655.0, 9526815.0], [731655.0, 9526845.0], [731625.0, 9526845.0], [731625.0, 9526875.0], [731595.0, 9526875.0]]]}, "properties": {"zone_id": "scene_01_DT0000205230-Z0109", "scene": "scene_01_DT0000205230", "pixel_count": 51, "approx_area_m2": 45900.0, "centroid_x": 731696.4705882353, "centroid_y": 9526756.470588235, "mean_risk": 1.9612438678741455, "max_risk": 2.0997471809387207, "median_risk": 1.9389605522155762, "high_priority_pixel_pct": 100.0, "priority_category": "HIGH PRIORITY", "threshold_type": "95th percentile prioritisation threshold", "recommendation": "Spectral-stress evidence detected. Prioritise field inspection to determine the underlying cause. Field verification required.", "priority_rank": 341}}, {"type": "Feature", "geometry": {"type": "Polygon", "coordinates": [[[719775.0, 9526845.0], [719775.0, 9526755.0], [719805.0, 9526755.0], [719805.0, 9526725.0], [719835.0, 9526725.0], [719835.0, 9526695.0], [719895.0, 9526695.0], [719895.0, 9526755.0], [719865.0, 9526755.0], [719865.0, 9526785.0], [719835.0, 9526785.0], [719835.0, 9526815.0], [719805.0, 9526815.0], [719805.0, 9526845.0], [719775.0, 9526845.0]]]}, "properties": {"zone_id": "scene_01_DT0000205230-Z0110", "scene": "scene_01_DT0000205230", "pixel_count": 11, "approx_area_m2": 9900.0, "centroid_x": 719830.9090909091, "centroid_y": 9526761.818181818, "mean_risk": 1.9405510425567627, "max_risk": 2.0111210346221924, "median_risk": 1.9329605102539062, "high_priority_pixel_pct": 100.0, "priority_category": "HIGH PRIORITY", "threshold_type": "95th percentile prioritisation threshold", "recommendation": "Spectral-stress evidence detected. Prioritise field inspection to determine the underlying cause. Field verification required.", "priority_rank": 377}}, {"type": "Feature", "geometry": {"type": "Polygon", "coordinates": [[[720135.0, 9526845.0], [720135.0, 9526785.0], [720105.0, 9526785.0], [720105.0, 9526755.0], [720135.0, 9526755.0], [720135.0, 9526725.0], [720225.0, 9526725.0], [720225.0, 9526755.0], [720255.0, 9526755.0], [720255.0, 9526725.0], [720285.0, 9526725.0], [720285.0, 9526755.0], [720375.0, 9526755.0], [720375.0, 9526785.0], [720345.0, 9526785.0], [720345.0, 9526815.0], [720255.0, 9526815.0], [720255.0, 9526785.0], [720195.0, 9526785.0], [720195.0, 9526815.0], [720165.0, 9526815.0], [720165.0, 9526845.0], [720135.0, 9526845.0]]]}, "properties": {"zone_id": "scene_01_DT0000205230-Z0111", "scene": "scene_01_DT0000205230", "pixel_count": 19, "approx_area_m2": 17100.0, "centroid_x": 720228.947368421, "centroid_y": 9526774.736842105, "mean_risk": 1.9838612079620361, "max_risk": 2.152395486831665, "median_risk": 1.9622842073440552, "high_priority_pixel_pct": 100.0, "priority_category": "HIGH PRIORITY", "threshold_type": "95th percentile prioritisation threshold", "recommendation": "Spectral-stress evidence detected. Prioritise field inspection to determine the underlying cause. Field verification required.", "priority_rank": 304}}, {"type": "Feature", "geometry": {"type": "Polygon", "coordinates": [[[730275.0, 9526725.0], [730275.0, 9526635.0], [730305.0, 9526635.0], [730305.0, 9526605.0], [730335.0, 9526605.0], [730335.0, 9526545.0], [730365.0, 9526545.0], [730365.0, 9526575.0], [730395.0, 9526575.0], [730395.0, 9526545.0], [730425.0, 9526545.0], [730425.0, 9526515.0], [730455.0, 9526515.0], [730455.0, 9526485.0], [730545.0, 9526485.0], [730545.0, 9526455.0], [730605.0, 9526455.0], [730605.0, 9526425.0], [730635.0, 9526425.0], [730635.0, 9526395.0], [730785.0, 9526395.0], [730785.0, 9526485.0], [730755.0, 9526485.0], [730755.0, 9526575.0], [730725.0, 9526575.0], [730725.0, 9526605.0], [730695.0, 9526605.0], [730695.0, 9526635.0], [730605.0, 9526635.0], [730605.0, 9526665.0], [730395.0, 9526665.0], [730395.0, 9526695.0], [730335.0, 9526695.0], [730335.0, 9526725.0], [730275.0, 9526725.0]]]}, "properties": {"zone_id": "scene_01_DT0000205230-Z0112", "scene": "scene_01_DT0000205230", "pixel_count": 96, "approx_area_m2": 86400.0, "centroid_x": 730552.1875, "centroid_y": 9526558.125, "mean_risk": 2.1234281063079834, "max_risk": 2.3726694583892822, "median_risk": 2.1257786750793457, "high_priority_pixel_pct": 100.0, "priority_category": "HIGH PRIORITY", "threshold_type": "95th percentile prioritisation threshold", "recommendation": "Spectral-stress evidence detected. Prioritise field inspection to determine the underlying cause. Field verification required.", "priority_rank": 102}}, {"type": "Feature", "geometry": {"type": "Polygon", "coordinates": [[[735225.0, 9526725.0], [735225.0, 9526695.0], [735195.0, 9526695.0], [735195.0, 9526665.0], [735105.0, 9526665.0], [735105.0, 9526635.0], [735135.0, 9526635.0], [735135.0, 9526575.0], [735165.0, 9526575.0], [735165.0, 9526545.0], [735195.0, 9526545.0], [735195.0, 9526515.0], [735225.0, 9526515.0], [735225.0, 9526485.0], [735285.0, 9526485.0], [735285.0, 9526455.0], [735345.0, 9526455.0], [735345.0, 9526425.0], [735435.0, 9526425.0], [735435.0, 9526455.0], [735525.0, 9526455.0], [735525.0, 9526425.0], [735615.0, 9526425.0], [735615.0, 9526515.0], [735585.0, 9526515.0], [735585.0, 9526605.0], [735555.0, 9526605.0], [735555.0, 9526635.0], [735525.0, 9526635.0], [735525.0, 9526605.0], [735495.0, 9526605.0], [735495.0, 9526575.0], [735435.0, 9526575.0], [735435.0, 9526605.0], [735405.0, 9526605.0], [735405.0, 9526635.0], [735375.0, 9526635.0], [735375.0, 9526665.0], [735315.0, 9526665.0], [735315.0, 9526695.0], [735285.0, 9526695.0], [735285.0, 9526725.0], [735225.0, 9526725.0]]]}, "properties": {"zone_id": "scene_01_DT0000205230-Z0113", "scene": "scene_01_DT0000205230", "pixel_count": 95, "approx_area_m2": 85500.0, "centroid_x": 735365.6842105263, "centroid_y": 9526556.842105264, "mean_risk": 2.0768959522247314, "max_risk": 2.371551990509033, "median_risk": 2.0629220008850098, "high_priority_pixel_pct": 100.0, "priority_category": "HIGH PRIORITY", "threshold_type": "95th percentile prioritisation threshold", "recommendation": "Spectral-stress evidence detected. Prioritise field inspection to determine the underlying cause. Field verification required.", "priority_rank": 158}}, {"type": "Feature", "geometry": {"type": "Polygon", "coordinates": [[[723855.0, 9526695.0], [723855.0, 9526665.0], [723795.0, 9526665.0], [723795.0, 9526635.0], [723765.0, 9526635.0], [723765.0, 9526575.0], [723705.0, 9526575.0], [723705.0, 9526515.0], [723675.0, 9526515.0], [723675.0, 9526425.0], [723615.0, 9526425.0], [723615.0, 9526395.0], [723585.0, 9526395.0], [723585.0, 9526365.0], [723525.0, 9526365.0], [723525.0, 9526305.0], [723555.0, 9526305.0], [723555.0, 9526245.0], [723585.0, 9526245.0], [723585.0, 9526215.0], [723675.0, 9526215.0], [723675.0, 9526155.0], [723705.0, 9526155.0], [723705.0, 9526245.0], [723795.0, 9526245.0], [723795.0, 9526125.0], [723825.0, 9526125.0], [723825.0, 9526065.0], [723795.0, 9526065.0], [723795.0, 9526035.0], [723915.0, 9526035.0], [723915.0, 9526005.0], [723945.0, 9526005.0], [723945.0, 9525915.0], [724005.0, 9525915.0], [724005.0, 9525945.0], [724035.0, 9525945.0], [724035.0, 9525975.0], [724065.0, 9525975.0], [724065.0, 9526005.0], [724035.0, 9526005.0], [724035.0, 9526065.0], [724065.0, 9526065.0], [724065.0, 9526095.0], [724095.0, 9526095.0], [724095.0, 9526125.0], [724155.0, 9526125.0], [724155.0, 9526155.0], [724185.0, 9526155.0], [724185.0, 9526305.0], [724215.0, 9526305.0], [724215.0, 9526365.0], [724185.0, 9526365.0], [724185.0, 9526455.0], [724155.0, 9526455.0], [724155.0, 9526575.0], [724125.0, 9526575.0], [724125.0, 9526605.0], [724095.0, 9526605.0], [724095.0, 9526635.0], [724035.0, 9526635.0], [724035.0, 9526665.0], [723915.0, 9526665.0], [723915.0, 9526695.0], [723855.0, 9526695.0]]]}, "properties": {"zone_id": "scene_01_DT0000205230-Z0114", "scene": "scene_01_DT0000205230", "pixel_count": 334, "approx_area_m2": 300600.0, "centroid_x": 723915.0898203593, "centroid_y": 9526343.532934131, "mean_risk": 2.3147828578948975, "max_risk": 3.0152835845947266, "median_risk": 2.271329879760742, "high_priority_pixel_pct": 100.0, "priority_category": "HIGH PRIORITY", "threshold_type": "95th percentile prioritisation threshold", "recommendation": "Spectral-stress evidence detected. Prioritise field inspection to determine the underlying cause. Field verification required.", "priority_rank": 20}}, {"type": "Feature", "geometry": {"type": "Polygon", "coordinates": [[[719835.0, 9526665.0], [719835.0, 9526635.0], [719805.0, 9526635.0], [719805.0, 9526575.0], [719925.0, 9526575.0], [719925.0, 9526605.0], [719955.0, 9526605.0], [719955.0, 9526635.0], [719895.0, 9526635.0], [719895.0, 9526665.0], [719835.0, 9526665.0]]]}, "properties": {"zone_id": "scene_01_DT0000205230-Z0115", "scene": "scene_01_DT0000205230", "pixel_count": 11, "approx_area_m2": 9900.0, "centroid_x": 719871.8181818182, "centroid_y": 9526614.545454545, "mean_risk": 1.987307071685791, "max_risk": 2.188786506652832, "median_risk": 1.974059820175171, "high_priority_pixel_pct": 100.0, "priority_category": "HIGH PRIORITY", "threshold_type": "95th percentile prioritisation threshold", "recommendation": "Spectral-stress evidence detected. Prioritise field inspection to determine the underlying cause. Field verification required.", "priority_rank": 296}}, {"type": "Feature", "geometry": {"type": "Polygon", "coordinates": [[[720075.0, 9526665.0], [720075.0, 9526635.0], [720015.0, 9526635.0], [720015.0, 9526605.0], [720045.0, 9526605.0], [720045.0, 9526575.0], [720075.0, 9526575.0], [720075.0, 9526485.0], [720135.0, 9526485.0], [720135.0, 9526515.0], [720195.0, 9526515.0], [720195.0, 9526575.0], [720165.0, 9526575.0], [720165.0, 9526605.0], [720135.0, 9526605.0], [720135.0, 9526635.0], [720105.0, 9526635.0], [720105.0, 9526665.0], [720075.0, 9526665.0]]]}, "properties": {"zone_id": "scene_01_DT0000205230-Z0116", "scene": "scene_01_DT0000205230", "pixel_count": 19, "approx_area_m2": 17100.0, "centroid_x": 720110.5263157894, "centroid_y": 9526571.05263158, "mean_risk": 1.9910789728164673, "max_risk": 2.1567726135253906, "median_risk": 1.9672095775604248, "high_priority_pixel_pct": 100.0, "priority_category": "HIGH PRIORITY", "threshold_type": "95th percentile prioritisation threshold", "recommendation": "Spectral-stress evidence detected. Prioritise field inspection to determine the underlying cause. Field verification required.", "priority_rank": 288}}, {"type": "Feature", "geometry": {"type": "Polygon", "coordinates": [[[713835.0, 9526605.0], [713835.0, 9526485.0], [713895.0, 9526485.0], [713895.0, 9526545.0], [713925.0, 9526545.0], [713925.0, 9526575.0], [713895.0, 9526575.0], [713895.0, 9526605.0], [713835.0, 9526605.0]]]}, "properties": {"zone_id": "scene_01_DT0000205230-Z0117", "scene": "scene_01_DT0000205230", "pixel_count": 9, "approx_area_m2": 8100.0, "centroid_x": 713870.0, "centroid_y": 9526546.666666666, "mean_risk": 2.1753861904144287, "max_risk": 2.3767526149749756, "median_risk": 2.125941514968872, "high_priority_pixel_pct": 100.0, "priority_category": "HIGH PRIORITY", "threshold_type": "95th percentile prioritisation threshold", "recommendation": "Spectral-stress evidence detected. Prioritise field inspection to determine the underlying cause. Field verification required.", "priority_rank": 68}}, {"type": "Feature", "geometry": {"type": "Polygon", "coordinates": [[[734985.0, 9526605.0], [734985.0, 9526575.0], [734925.0, 9526575.0], [734925.0, 9526455.0], [734955.0, 9526455.0], [734955.0, 9526485.0], [735075.0, 9526485.0], [735075.0, 9526455.0], [735105.0, 9526455.0], [735105.0, 9526515.0], [735075.0, 9526515.0], [735075.0, 9526605.0], [734985.0, 9526605.0]]]}, "properties": {"zone_id": "scene_01_DT0000205230-Z0118", "scene": "scene_01_DT0000205230", "pixel_count": 21, "approx_area_m2": 18900.0, "centroid_x": 735010.0, "centroid_y": 9526531.42857143, "mean_risk": 1.9621384143829346, "max_risk": 2.0585591793060303, "median_risk": 1.9526607990264893, "high_priority_pixel_pct": 100.0, "priority_category": "HIGH PRIORITY", "threshold_type": "95th percentile prioritisation threshold", "recommendation": "Spectral-stress evidence detected. Prioritise field inspection to determine the underlying cause. Field verification required.", "priority_rank": 340}}, {"type": "Feature", "geometry": {"type": "Polygon", "coordinates": [[[737115.0, 9526605.0], [737115.0, 9526545.0], [737145.0, 9526545.0], [737145.0, 9526515.0], [737355.0, 9526515.0], [737355.0, 9526485.0], [737385.0, 9526485.0], [737385.0, 9526515.0], [737475.0, 9526515.0], [737475.0, 9526575.0], [737445.0, 9526575.0], [737445.0, 9526545.0], [737355.0, 9526545.0], [737355.0, 9526575.0], [737295.0, 9526575.0], [737295.0, 9526605.0], [737265.0, 9526605.0], [737265.0, 9526575.0], [737205.0, 9526575.0], [737205.0, 9526605.0], [737115.0, 9526605.0]]]}, "properties": {"zone_id": "scene_01_DT0000205230-Z0119", "scene": "scene_01_DT0000205230", "pixel_count": 25, "approx_area_m2": 22500.0, "centroid_x": 737275.2, "centroid_y": 9526549.2, "mean_risk": 2.3500967025756836, "max_risk": 2.986786365509033, "median_risk": 2.2403223514556885, "high_priority_pixel_pct": 100.0, "priority_category": "HIGH PRIORITY", "threshold_type": "95th percentile prioritisation threshold", "recommendation": "Spectral-stress evidence detected. Prioritise field inspection to determine the underlying cause. Field verification required.", "priority_rank": 12}}, {"type": "Feature", "geometry": {"type": "Polygon", "coordinates": [[[726255.0, 9526575.0], [726255.0, 9526545.0], [726225.0, 9526545.0], [726225.0, 9526515.0], [726195.0, 9526515.0], [726195.0, 9526455.0], [726225.0, 9526455.0], [726225.0, 9526395.0], [726195.0, 9526395.0], [726195.0, 9526425.0], [726135.0, 9526425.0], [726135.0, 9526365.0], [726105.0, 9526365.0], [726105.0, 9526335.0], [726075.0, 9526335.0], [726075.0, 9526305.0], [726045.0, 9526305.0], [726045.0, 9526245.0], [726075.0, 9526245.0], [726075.0, 9526185.0], [726105.0, 9526185.0], [726105.0, 9526155.0], [726135.0, 9526155.0], [726135.0, 9526125.0], [726165.0, 9526125.0], [726165.0, 9526155.0], [726315.0, 9526155.0], [726315.0, 9526095.0], [726345.0, 9526095.0], [726345.0, 9526035.0], [726435.0, 9526035.0], [726435.0, 9526065.0], [726495.0, 9526065.0], [726495.0, 9526095.0], [726525.0, 9526095.0], [726525.0, 9526215.0], [726495.0, 9526215.0], [726495.0, 9526455.0], [726465.0, 9526455.0], [726465.0, 9526515.0], [726405.0, 9526515.0], [726405.0, 9526545.0], [726345.0, 9526545.0], [726345.0, 9526515.0], [726315.0, 9526515.0], [726315.0, 9526545.0], [726285.0, 9526545.0], [726285.0, 9526575.0], [726255.0, 9526575.0]]]}, "properties": {"zone_id": "scene_01_DT0000205230-Z0120", "scene": "scene_01_DT0000205230", "pixel_count": 179, "approx_area_m2": 161100.0, "centroid_x": 726315.9217877095, "centroid_y": 9526297.709497206, "mean_risk": 2.091323137283325, "max_risk": 2.466979742050171, "median_risk": 2.079996347427368, "high_priority_pixel_pct": 100.0, "priority_category": "HIGH PRIORITY", "threshold_type": "95th percentile prioritisation threshold", "recommendation": "Spectral-stress evidence detected. Prioritise field inspection to determine the underlying cause. Field verification required.", "priority_rank": 136}}, {"type": "Feature", "geometry": {"type": "Polygon", "coordinates": [[[733995.0, 9526485.0], [733995.0, 9526455.0], [733905.0, 9526455.0], [733905.0, 9526425.0], [733875.0, 9526425.0], [733875.0, 9526395.0], [733935.0, 9526395.0], [733935.0, 9526365.0], [733995.0, 9526365.0], [733995.0, 9526395.0], [734025.0, 9526395.0], [734025.0, 9526425.0], [734055.0, 9526425.0], [734055.0, 9526455.0], [734025.0, 9526455.0], [734025.0, 9526485.0], [733995.0, 9526485.0]]]}, "properties": {"zone_id": "scene_01_DT0000205230-Z0121", "scene": "scene_01_DT0000205230", "pixel_count": 13, "approx_area_m2": 11700.0, "centroid_x": 733968.4615384615, "centroid_y": 9526421.538461538, "mean_risk": 2.0043742656707764, "max_risk": 2.1245553493499756, "median_risk": 1.9866923093795776, "high_priority_pixel_pct": 100.0, "priority_category": "HIGH PRIORITY", "threshold_type": "95th percentile prioritisation threshold", "recommendation": "Spectral-stress evidence detected. Prioritise field inspection to determine the underlying cause. Field verification required.", "priority_rank": 261}}, {"type": "Feature", "geometry": {"type": "Polygon", "coordinates": [[[740055.0, 9526245.0], [740055.0, 9526185.0], [740235.0, 9526185.0], [740235.0, 9526215.0], [740205.0, 9526215.0], [740205.0, 9526245.0], [740055.0, 9526245.0]]]}, "properties": {"zone_id": "scene_01_DT0000205230-Z0122", "scene": "scene_01_DT0000205230", "pixel_count": 11, "approx_area_m2": 9900.0, "centroid_x": 740138.1818181818, "centroid_y": 9526213.636363637, "mean_risk": 2.5776560306549072, "max_risk": 3.127458095550537, "median_risk": 2.6268868446350098, "high_priority_pixel_pct": 100.0, "priority_category": "HIGH PRIORITY", "threshold_type": "95th percentile prioritisation threshold", "recommendation": "Spectral-stress evidence detected. Prioritise field inspection to determine the underlying cause. Field verification required.", "priority_rank": 2}}, {"type": "Feature", "geometry": {"type": "Polygon", "coordinates": [[[727185.0, 9526185.0], [727185.0, 9526155.0], [727125.0, 9526155.0], [727125.0, 9526125.0], [726975.0, 9526125.0], [726975.0, 9526065.0], [727005.0, 9526065.0], [727005.0, 9526005.0], [726975.0, 9526005.0], [726975.0, 9525975.0], [726945.0, 9525975.0], [726945.0, 9525945.0], [726915.0, 9525945.0], [726915.0, 9525915.0], [726885.0, 9525915.0], [726885.0, 9525945.0], [726825.0, 9525945.0], [726825.0, 9525915.0], [726795.0, 9525915.0], [726795.0, 9525825.0], [726765.0, 9525825.0], [726765.0, 9525765.0], [726735.0, 9525765.0], [726735.0, 9525735.0], [726705.0, 9525735.0], [726705.0, 9525705.0], [726675.0, 9525705.0], [726675.0, 9525675.0], [726615.0, 9525675.0], [726615.0, 9525705.0], [726555.0, 9525705.0], [726555.0, 9525525.0], [726585.0, 9525525.0], [726585.0, 9525495.0], [726615.0, 9525495.0], [726615.0, 9525465.0], [726645.0, 9525465.0], [726645.0, 9525435.0], [726675.0, 9525435.0], [726675.0, 9525405.0], [726705.0, 9525405.0], [726705.0, 9525375.0], [726735.0, 9525375.0], [726735.0, 9525405.0], [726795.0, 9525405.0], [726795.0, 9525315.0], [726825.0, 9525315.0], [726825.0, 9525255.0], [726855.0, 9525255.0], [726855.0, 9525225.0], [726975.0, 9525225.0], [726975.0, 9525285.0], [727005.0, 9525285.0], [727005.0, 9525315.0], [727035.0, 9525315.0], [727035.0, 9525345.0], [727095.0, 9525345.0], [727095.0, 9525375.0], [727125.0, 9525375.0], [727125.0, 9525465.0], [727095.0, 9525465.0], [727095.0, 9525495.0], [727125.0, 9525495.0], [727125.0, 9525525.0], [727155.0, 9525525.0], [727155.0, 9525555.0], [727185.0, 9525555.0], [727185.0, 9525585.0], [727155.0, 9525585.0], [727155.0, 9525615.0], [727245.0, 9525615.0], [727245.0, 9525675.0], [727185.0, 9525675.0], [727185.0, 9525705.0], [727155.0, 9525705.0], [727155.0, 9525735.0], [727185.0, 9525735.0], [727185.0, 9525765.0], [727245.0, 9525765.0], [727245.0, 9526035.0], [727305.0, 9526035.0], [727305.0, 9526095.0], [727275.0, 9526095.0], [727275.0, 9526155.0], [727245.0, 9526155.0], [727245.0, 9526185.0], [727185.0, 9526185.0]], [[726975.0, 9525525.0], [727065.0, 9525525.0], [727065.0, 9525465.0], [727035.0, 9525465.0], [727035.0, 9525435.0], [727005.0, 9525435.0], [727005.0, 9525465.0], [726975.0, 9525465.0], [726975.0, 9525525.0]], [[726795.0, 9525435.0], [726825.0, 9525435.0], [726825.0, 9525405.0], [726795.0, 9525405.0], [726795.0, 9525435.0]]]}, "properties": {"zone_id": "scene_01_DT0000205230-Z0123", "scene": "scene_01_DT0000205230", "pixel_count": 413, "approx_area_m2": 371700.0, "centroid_x": 726956.5133171913, "centroid_y": 9525692.54237288, "mean_risk": 2.3206145763397217, "max_risk": 3.096292018890381, "median_risk": 2.296187162399292, "high_priority_pixel_pct": 100.0, "priority_category": "HIGH PRIORITY", "threshold_type": "95th percentile prioritisation threshold", "recommendation": "Spectral-stress evidence detected. Prioritise field inspection to determine the underlying cause. Field verification required.", "priority_rank": 17}}, {"type": "Feature", "geometry": {"type": "Polygon", "coordinates": [[[723435.0, 9526125.0], [723435.0, 9526095.0], [723315.0, 9526095.0], [723315.0, 9526065.0], [723345.0, 9526065.0], [723345.0, 9526035.0], [723405.0, 9526035.0], [723405.0, 9526065.0], [723435.0, 9526065.0], [723435.0, 9526035.0], [723525.0, 9526035.0], [723525.0, 9525975.0], [723615.0, 9525975.0], [723615.0, 9525915.0], [723585.0, 9525915.0], [723585.0, 9525945.0], [723525.0, 9525945.0], [723525.0, 9525915.0], [723495.0, 9525915.0], [723495.0, 9525855.0], [723525.0, 9525855.0], [723525.0, 9525825.0], [723495.0, 9525825.0], [723495.0, 9525795.0], [723375.0, 9525795.0], [723375.0, 9525765.0], [723405.0, 9525765.0], [723405.0, 9525735.0], [723435.0, 9525735.0], [723435.0, 9525705.0], [723465.0, 9525705.0], [723465.0, 9525675.0], [723495.0, 9525675.0], [723495.0, 9525615.0], [723555.0, 9525615.0], [723555.0, 9525555.0], [723735.0, 9525555.0], [723735.0, 9525525.0], [723765.0, 9525525.0], [723765.0, 9525555.0], [723795.0, 9525555.0], [723795.0, 9525645.0], [723825.0, 9525645.0], [723825.0, 9525675.0], [723855.0, 9525675.0], [723855.0, 9525765.0], [723795.0, 9525765.0], [723795.0, 9525735.0], [723765.0, 9525735.0], [723765.0, 9525765.0], [723735.0, 9525765.0], [723735.0, 9525825.0], [723795.0, 9525825.0], [723795.0, 9525885.0], [723765.0, 9525885.0], [723765.0, 9525915.0], [723735.0, 9525915.0], [723735.0, 9525945.0], [723705.0, 9525945.0], [723705.0, 9526065.0], [723585.0, 9526065.0], [723585.0, 9526095.0], [723555.0, 9526095.0], [723555.0, 9526125.0], [723435.0, 9526125.0]], [[723615.0, 9525885.0], [723645.0, 9525885.0], [723645.0, 9525855.0], [723675.0, 9525855.0], [723675.0, 9525795.0], [723645.0, 9525795.0], [723645.0, 9525825.0], [723615.0, 9525825.0], [723615.0, 9525885.0]]]}, "properties": {"zone_id": "scene_01_DT0000205230-Z0124", "scene": "scene_01_DT0000205230", "pixel_count": 168, "approx_area_m2": 151200.0, "centroid_x": 723617.1428571428, "centroid_y": 9525810.0, "mean_risk": 2.1083996295928955, "max_risk": 2.5099430084228516, "median_risk": 2.1032824516296387, "high_priority_pixel_pct": 100.0, "priority_category": "HIGH PRIORITY", "threshold_type": "95th percentile prioritisation threshold", "recommendation": "Spectral-stress evidence detected. Prioritise field inspection to determine the underlying cause. Field verification required.", "priority_rank": 120}}, {"type": "Feature", "geometry": {"type": "Polygon", "coordinates": [[[718065.0, 9525975.0], [718065.0, 9525945.0], [718035.0, 9525945.0], [718035.0, 9525885.0], [717885.0, 9525885.0], [717885.0, 9525855.0], [717915.0, 9525855.0], [717915.0, 9525705.0], [717945.0, 9525705.0], [717945.0, 9525675.0], [717975.0, 9525675.0], [717975.0, 9525645.0], [718065.0, 9525645.0], [718065.0, 9525615.0], [718125.0, 9525615.0], [718125.0, 9525645.0], [718185.0, 9525645.0], [718185.0, 9525615.0], [718305.0, 9525615.0], [718305.0, 9525645.0], [718365.0, 9525645.0], [718365.0, 9525675.0], [718335.0, 9525675.0], [718335.0, 9525705.0], [718305.0, 9525705.0], [718305.0, 9525735.0], [718275.0, 9525735.0], [718275.0, 9525765.0], [718305.0, 9525765.0], [718305.0, 9525795.0], [718245.0, 9525795.0], [718245.0, 9525825.0], [718185.0, 9525825.0], [718185.0, 9525885.0], [718155.0, 9525885.0], [718155.0, 9525945.0], [718125.0, 9525945.0], [718125.0, 9525975.0], [718065.0, 9525975.0]]]}, "properties": {"zone_id": "scene_01_DT0000205230-Z0125", "scene": "scene_01_DT0000205230", "pixel_count": 110, "approx_area_m2": 99000.0, "centroid_x": 718107.5454545454, "centroid_y": 9525765.818181818, "mean_risk": 2.167437791824341, "max_risk": 2.64178466796875, "median_risk": 2.144406318664551, "high_priority_pixel_pct": 100.0, "priority_category": "HIGH PRIORITY", "threshold_type": "95th percentile prioritisation threshold", "recommendation": "Spectral-stress evidence detected. Prioritise field inspection to determine the underlying cause. Field verification required.", "priority_rank": 70}}, {"type": "Feature", "geometry": {"type": "Polygon", "coordinates": [[[718515.0, 9525975.0], [718515.0, 9525945.0], [718485.0, 9525945.0], [718485.0, 9525915.0], [718425.0, 9525915.0], [718425.0, 9525885.0], [718395.0, 9525885.0], [718395.0, 9525795.0], [718425.0, 9525795.0], [718425.0, 9525645.0], [718455.0, 9525645.0], [718455.0, 9525735.0], [718515.0, 9525735.0], [718515.0, 9525765.0], [718575.0, 9525765.0], [718575.0, 9525735.0], [718605.0, 9525735.0], [718605.0, 9525705.0], [718695.0, 9525705.0], [718695.0, 9525765.0], [718665.0, 9525765.0], [718665.0, 9525795.0], [718635.0, 9525795.0], [718635.0, 9525825.0], [718605.0, 9525825.0], [718605.0, 9525915.0], [718575.0, 9525915.0], [718575.0, 9525975.0], [718515.0, 9525975.0]]]}, "properties": {"zone_id": "scene_01_DT0000205230-Z0126", "scene": "scene_01_DT0000205230", "pixel_count": 54, "approx_area_m2": 48600.0, "centroid_x": 718527.2222222222, "centroid_y": 9525820.0, "mean_risk": 2.1515989303588867, "max_risk": 2.644012928009033, "median_risk": 2.091506004333496, "high_priority_pixel_pct": 100.0, "priority_category": "HIGH PRIORITY", "threshold_type": "95th percentile prioritisation threshold", "recommendation": "Spectral-stress evidence detected. Prioritise field inspection to determine the underlying cause. Field verification required.", "priority_rank": 81}}, {"type": "Feature", "geometry": {"type": "Polygon", "coordinates": [[[716715.0, 9525945.0], [716715.0, 9525915.0], [716685.0, 9525915.0], [716685.0, 9525885.0], [716655.0, 9525885.0], [716655.0, 9525855.0], [716625.0, 9525855.0], [716625.0, 9525825.0], [716655.0, 9525825.0], [716655.0, 9525705.0], [716595.0, 9525705.0], [716595.0, 9525675.0], [716625.0, 9525675.0], [716625.0, 9525645.0], [716655.0, 9525645.0], [716655.0, 9525615.0], [716715.0, 9525615.0], [716715.0, 9525645.0], [716775.0, 9525645.0], [716775.0, 9525615.0], [716805.0, 9525615.0], [716805.0, 9525645.0], [716865.0, 9525645.0], [716865.0, 9525675.0], [716895.0, 9525675.0], [716895.0, 9525645.0], [716925.0, 9525645.0], [716925.0, 9525765.0], [716805.0, 9525765.0], [716805.0, 9525825.0], [716835.0, 9525825.0], [716835.0, 9525915.0], [716805.0, 9525915.0], [716805.0, 9525945.0], [716715.0, 9525945.0]], [[716745.0, 9525765.0], [716805.0, 9525765.0], [716805.0, 9525735.0], [716775.0, 9525735.0], [716775.0, 9525705.0], [716745.0, 9525705.0], [716745.0, 9525765.0]]]}, "properties": {"zone_id": "scene_01_DT0000205230-Z0127", "scene": "scene_01_DT0000205230", "pixel_count": 69, "approx_area_m2": 62100.0, "centroid_x": 716757.3913043478, "centroid_y": 9525764.782608695, "mean_risk": 2.0965688228607178, "max_risk": 2.498570442199707, "median_risk": 2.0488975048065186, "high_priority_pixel_pct": 100.0, "priority_category": "HIGH PRIORITY", "threshold_type": "95th percentile prioritisation threshold", "recommendation": "Spectral-stress evidence detected. Prioritise field inspection to determine the underlying cause. Field verification required.", "priority_rank": 132}}, {"type": "Feature", "geometry": {"type": "Polygon", "coordinates": [[[713655.0, 9525705.0], [713655.0, 9525645.0], [713625.0, 9525645.0], [713625.0, 9525495.0], [713595.0, 9525495.0], [713595.0, 9525345.0], [713565.0, 9525345.0], [713565.0, 9525255.0], [713595.0, 9525255.0], [713595.0, 9525195.0], [713625.0, 9525195.0], [713625.0, 9525135.0], [713565.0, 9525135.0], [713565.0, 9525075.0], [713595.0, 9525075.0], [713595.0, 9525045.0], [713625.0, 9525045.0], [713625.0, 9524985.0], [713655.0, 9524985.0], [713655.0, 9524895.0], [713565.0, 9524895.0], [713565.0, 9524925.0], [713535.0, 9524925.0], [713535.0, 9524955.0], [713505.0, 9524955.0], [713505.0, 9524895.0], [713475.0, 9524895.0], [713475.0, 9524745.0], [713445.0, 9524745.0], [713445.0, 9524595.0], [713475.0, 9524595.0], [713475.0, 9524565.0], [713535.0, 9524565.0], [713535.0, 9524595.0], [713625.0, 9524595.0], [713625.0, 9524565.0], [713655.0, 9524565.0], [713655.0, 9524535.0], [713685.0, 9524535.0], [713685.0, 9524685.0], [713745.0, 9524685.0], [713745.0, 9524655.0], [713775.0, 9524655.0], [713775.0, 9524715.0], [713745.0, 9524715.0], [713745.0, 9524775.0], [713715.0, 9524775.0], [713715.0, 9524835.0], [713685.0, 9524835.0], [713685.0, 9524895.0], [713775.0, 9524895.0], [713775.0, 9524865.0], [713805.0, 9524865.0], [713805.0, 9524835.0], [713955.0, 9524835.0], [713955.0, 9524805.0], [714045.0, 9524805.0], [714045.0, 9524835.0], [714075.0, 9524835.0], [714075.0, 9524925.0], [714105.0, 9524925.0], [714105.0, 9524895.0], [714255.0, 9524895.0], [714255.0, 9524775.0], [714345.0, 9524775.0], [714345.0, 9524805.0], [714405.0, 9524805.0], [714405.0, 9524985.0], [714495.0, 9524985.0], [714495.0, 9525015.0], [714525.0, 9525015.0], [714525.0, 9525045.0], [714585.0, 9525045.0], [714585.0, 9525075.0], [714615.0, 9525075.0], [714615.0, 9525105.0], [714645.0, 9525105.0], [714645.0, 9525135.0], [714675.0, 9525135.0], [714675.0, 9525165.0], [714735.0, 9525165.0], [714735.0, 9525195.0], [714765.0, 9525195.0], [714765.0, 9525285.0], [714735.0, 9525285.0], [714735.0, 9525345.0], [714645.0, 9525345.0], [714645.0, 9525375.0], [714615.0, 9525375.0], [714615.0, 9525405.0], [714585.0, 9525405.0], [714585.0, 9525375.0], [714495.0, 9525375.0], [714495.0, 9525405.0], [714465.0, 9525405.0], [714465.0, 9525495.0], [714435.0, 9525495.0], [714435.0, 9525525.0], [714345.0, 9525525.0], [714345.0, 9525555.0], [714315.0, 9525555.0], [714315.0, 9525525.0], [714285.0, 9525525.0], [714285.0, 9525495.0], [714255.0, 9525495.0], [714255.0, 9525435.0], [714315.0, 9525435.0], [714315.0, 9525405.0], [714285.0, 9525405.0], [714285.0, 9525375.0], [714195.0, 9525375.0], [714195.0, 9525405.0], [714165.0, 9525405.0], [714165.0, 9525435.0], [714105.0, 9525435.0], [714105.0, 9525465.0], [713985.0, 9525465.0], [713985.0, 9525495.0], [713955.0, 9525495.0], [713955.0, 9525525.0], [713925.0, 9525525.0], [713925.0, 9525555.0], [713835.0, 9525555.0], [713835.0, 9525525.0], [713745.0, 9525525.0], [713745.0, 9525555.0], [713715.0, 9525555.0], [713715.0, 9525615.0], [713745.0, 9525615.0], [713745.0, 9525645.0], [713715.0, 9525645.0], [713715.0, 9525675.0], [713685.0, 9525675.0], [713685.0, 9525705.0], [713655.0, 9525705.0]], [[713655.0, 9525555.0], [713685.0, 9525555.0], [713685.0, 9525525.0], [713715.0, 9525525.0], [713715.0, 9525495.0], [713655.0, 9525495.0], [713655.0, 9525555.0]], [[714405.0, 9525465.0], [714435.0, 9525465.0], [714435.0, 9525405.0], [714405.0, 9525405.0], [714405.0, 9525465.0]], [[714015.0, 9525405.0], [714045.0, 9525405.0], [714045.0, 9525345.0], [714015.0, 9525345.0], [714015.0, 9525405.0]], [[714375.0, 9525255.0], [714435.0, 9525255.0], [714435.0, 9525225.0], [714465.0, 9525225.0], [714465.0, 9525165.0], [714375.0, 9525165.0], [714375.0, 9525255.0]], [[714045.0, 9525165.0], [714105.0, 9525165.0], [714105.0, 9525105.0], [714135.0, 9525105.0], [714135.0, 9525075.0], [714105.0, 9525075.0], [714105.0, 9525045.0], [714045.0, 9525045.0], [714045.0, 9525075.0], [714015.0, 9525075.0], [714015.0, 9525135.0], [714045.0, 9525135.0], [714045.0, 9525165.0]]]}, "properties": {"zone_id": "scene_01_DT0000205230-Z0128", "scene": "scene_01_DT0000205230", "pixel_count": 780, "approx_area_m2": 702000.0, "centroid_x": 714027.3846153846, "centroid_y": 9525139.538461538, "mean_risk": 2.319589138031006, "max_risk": 3.162278890609741, "median_risk": 2.2536144256591797, "high_priority_pixel_pct": 100.0, "priority_category": "HIGH PRIORITY", "threshold_type": "95th percentile prioritisation threshold", "recommendation": "Spectral-stress evidence detected. Prioritise field inspection to determine the underlying cause. Field verification required.", "priority_rank": 19}}, {"type": "Feature", "geometry": {"type": "Polygon", "coordinates": [[[714045.0, 9525675.0], [714045.0, 9525645.0], [714015.0, 9525645.0], [714015.0, 9525585.0], [714045.0, 9525585.0], [714045.0, 9525555.0], [714195.0, 9525555.0], [714195.0, 9525585.0], [714225.0, 9525585.0], [714225.0, 9525645.0], [714165.0, 9525645.0], [714165.0, 9525675.0], [714045.0, 9525675.0]], [[714105.0, 9525615.0], [714135.0, 9525615.0], [714135.0, 9525585.0], [714105.0, 9525585.0], [714105.0, 9525615.0]]]}, "properties": {"zone_id": "scene_01_DT0000205230-Z0129", "scene": "scene_01_DT0000205230", "pixel_count": 22, "approx_area_m2": 19800.0, "centroid_x": 714117.2727272727, "centroid_y": 9525613.636363637, "mean_risk": 1.977499008178711, "max_risk": 2.097440481185913, "median_risk": 1.9776958227157593, "high_priority_pixel_pct": 100.0, "priority_category": "HIGH PRIORITY", "threshold_type": "95th percentile prioritisation threshold", "recommendation": "Spectral-stress evidence detected. Prioritise field inspection to determine the underlying cause. Field verification required.", "priority_rank": 316}}, {"type": "Feature", "geometry": {"type": "Polygon", "coordinates": [[[721605.0, 9525075.0], [721605.0, 9525045.0], [721635.0, 9525045.0], [721635.0, 9525075.0], [721605.0, 9525075.0]]]}, "properties": {"zone_id": "scene_01_DT0000205230-Z0130", "scene": "scene_01_DT0000205230", "pixel_count": 91, "approx_area_m2": 81900.0, "centroid_x": 721611.4285714285, "centroid_y": 9525313.186813187, "mean_risk": 2.0890207290649414, "max_risk": 2.6008734703063965, "median_risk": 2.0642502307891846, "high_priority_pixel_pct": 100.0, "priority_category": "HIGH PRIORITY", "threshold_type": "95th percentile prioritisation threshold", "recommendation": "Spectral-stress evidence detected. Prioritise field inspection to determine the underlying cause. Field verification required.", "priority_rank": 140}}, {"type": "Feature", "geometry": {"type": "Polygon", "coordinates": [[[737355.0, 9525405.0], [737355.0, 9525285.0], [737385.0, 9525285.0], [737385.0, 9525255.0], [737445.0, 9525255.0], [737445.0, 9525375.0], [737415.0, 9525375.0], [737415.0, 9525405.0], [737355.0, 9525405.0]]]}, "properties": {"zone_id": "scene_01_DT0000205230-Z0131", "scene": "scene_01_DT0000205230", "pixel_count": 13, "approx_area_m2": 11700.0, "centroid_x": 737400.0, "centroid_y": 9525330.0, "mean_risk": 2.0058770179748535, "max_risk": 2.1519765853881836, "median_risk": 1.965531826019287, "high_priority_pixel_pct": 100.0, "priority_category": "HIGH PRIORITY", "threshold_type": "95th percentile prioritisation threshold", "recommendation": "Spectral-stress evidence detected. Prioritise field inspection to determine the underlying cause. Field verification required.", "priority_rank": 256}}, {"type": "Feature", "geometry": {"type": "Polygon", "coordinates": [[[724215.0, 9525345.0], [724215.0, 9525315.0], [724185.0, 9525315.0], [724185.0, 9525285.0], [723975.0, 9525285.0], [723975.0, 9525255.0], [724005.0, 9525255.0], [724005.0, 9525195.0], [724035.0, 9525195.0], [724035.0, 9525165.0], [724065.0, 9525165.0], [724065.0, 9525135.0], [724095.0, 9525135.0], [724095.0, 9525105.0], [724125.0, 9525105.0], [724125.0, 9525075.0], [724095.0, 9525075.0], [724095.0, 9525045.0], [724065.0, 9525045.0], [724065.0, 9525075.0], [724035.0, 9525075.0], [724035.0, 9525105.0], [724005.0, 9525105.0], [724005.0, 9525165.0], [723975.0, 9525165.0], [723975.0, 9525195.0], [723945.0, 9525195.0], [723945.0, 9525045.0], [724005.0, 9525045.0], [724005.0, 9525015.0], [724035.0, 9525015.0], [724035.0, 9524895.0], [724065.0, 9524895.0], [724065.0, 9524865.0], [724155.0, 9524865.0], [724155.0, 9524835.0], [724185.0, 9524835.0], [724185.0, 9524865.0], [724275.0, 9524865.0], [724275.0, 9524805.0], [724335.0, 9524805.0], [724335.0, 9524865.0], [724425.0, 9524865.0], [724425.0, 9524925.0], [724455.0, 9524925.0], [724455.0, 9525015.0], [724425.0, 9525015.0], [724425.0, 9525045.0], [724455.0, 9525045.0], [724455.0, 9525075.0], [724485.0, 9525075.0], [724485.0, 9525165.0], [724515.0, 9525165.0], [724515.0, 9525285.0], [724485.0, 9525285.0], [724485.0, 9525315.0], [724455.0, 9525315.0], [724455.0, 9525345.0], [724215.0, 9525345.0]]]}, "properties": {"zone_id": "scene_01_DT0000205230-Z0132", "scene": "scene_01_DT0000205230", "pixel_count": 235, "approx_area_m2": 211500.0, "centroid_x": 724249.914893617, "centroid_y": 9525099.829787234, "mean_risk": 2.330458402633667, "max_risk": 3.043844223022461, "median_risk": 2.298544406890869, "high_priority_pixel_pct": 100.0, "priority_category": "HIGH PRIORITY", "threshold_type": "95th percentile prioritisation threshold", "recommendation": "Spectral-stress evidence detected. Prioritise field inspection to determine the underlying cause. Field verification required.", "priority_rank": 16}}, {"type": "Feature", "geometry": {"type": "Polygon", "coordinates": [[[737925.0, 9525345.0], [737925.0, 9525315.0], [737985.0, 9525315.0], [737985.0, 9525255.0], [738015.0, 9525255.0], [738015.0, 9525195.0], [737985.0, 9525195.0], [737985.0, 9525165.0], [737955.0, 9525165.0], [737955.0, 9525195.0], [737895.0, 9525195.0], [737895.0, 9525135.0], [737955.0, 9525135.0], [737955.0, 9525105.0], [738045.0, 9525105.0], [738045.0, 9525075.0], [738075.0, 9525075.0], [738075.0, 9525015.0], [738135.0, 9525015.0], [738135.0, 9524985.0], [738105.0, 9524985.0], [738105.0, 9524955.0], [738045.0, 9524955.0], [738045.0, 9524925.0], [738195.0, 9524925.0], [738195.0, 9525075.0], [738165.0, 9525075.0], [738165.0, 9525195.0], [738225.0, 9525195.0], [738225.0, 9525165.0], [738315.0, 9525165.0], [738315.0, 9525135.0], [738345.0, 9525135.0], [738345.0, 9525075.0], [738315.0, 9525075.0], [738315.0, 9525015.0], [738285.0, 9525015.0], [738285.0, 9524955.0], [738315.0, 9524955.0], [738315.0, 9524895.0], [738375.0, 9524895.0], [738375.0, 9524955.0], [738405.0, 9524955.0], [738405.0, 9524985.0], [738465.0, 9524985.0], [738465.0, 9524895.0], [738495.0, 9524895.0], [738495.0, 9524865.0], [738555.0, 9524865.0], [738555.0, 9524835.0], [738585.0, 9524835.0], [738585.0, 9524865.0], [738645.0, 9524865.0], [738645.0, 9524895.0], [738675.0, 9524895.0], [738675.0, 9524925.0], [738705.0, 9524925.0], [738705.0, 9524955.0], [738735.0, 9524955.0], [738735.0, 9524985.0], [738555.0, 9524985.0], [738555.0, 9525045.0], [738525.0, 9525045.0], [738525.0, 9525075.0], [738495.0, 9525075.0], [738495.0, 9525105.0], [738435.0, 9525105.0], [738435.0, 9525135.0], [738405.0, 9525135.0], [738405.0, 9525165.0], [738435.0, 9525165.0], [738435.0, 9525195.0], [738495.0, 9525195.0], [738495.0, 9525225.0], [738465.0, 9525225.0], [738465.0, 9525255.0], [738375.0, 9525255.0], [738375.0, 9525225.0], [738315.0, 9525225.0], [738315.0, 9525255.0], [738195.0, 9525255.0], [738195.0, 9525225.0], [738135.0, 9525225.0], [738135.0, 9525255.0], [738105.0, 9525255.0], [738105.0, 9525225.0], [738045.0, 9525225.0], [738045.0, 9525285.0], [738105.0, 9525285.0], [738105.0, 9525315.0], [738045.0, 9525315.0], [738045.0, 9525345.0], [737925.0, 9525345.0]]]}, "properties": {"zone_id": "scene_01_DT0000205230-Z0133", "scene": "scene_01_DT0000205230", "pixel_count": 161, "approx_area_m2": 144900.0, "centroid_x": 738295.900621118, "centroid_y": 9525081.801242236, "mean_risk": 2.0122756958007812, "max_risk": 2.287282943725586, "median_risk": 1.9819622039794922, "high_priority_pixel_pct": 100.0, "priority_category": "HIGH PRIORITY", "threshold_type": "95th percentile prioritisation threshold", "recommendation": "Spectral-stress evidence detected. Prioritise field inspection to determine the underlying cause. Field verification required.", "priority_rank": 243}}, {"type": "Feature", "geometry": {"type": "Polygon", "coordinates": [[[720885.0, 9525285.0], [720885.0, 9525255.0], [720855.0, 9525255.0], [720855.0, 9525195.0], [720795.0, 9525195.0], [720795.0, 9525165.0], [720705.0, 9525165.0], [720705.0, 9525135.0], [720675.0, 9525135.0], [720675.0, 9525105.0], [720645.0, 9525105.0], [720645.0, 9525075.0], [720675.0, 9525075.0], [720675.0, 9525015.0], [720495.0, 9525015.0], [720495.0, 9524985.0], [720465.0, 9524985.0], [720465.0, 9524895.0], [720435.0, 9524895.0], [720435.0, 9524835.0], [720465.0, 9524835.0], [720465.0, 9524745.0], [720495.0, 9524745.0], [720495.0, 9524655.0], [720525.0, 9524655.0], [720525.0, 9524625.0], [720585.0, 9524625.0], [720585.0, 9524565.0], [720675.0, 9524565.0], [720675.0, 9524535.0], [720765.0, 9524535.0], [720765.0, 9524505.0], [720795.0, 9524505.0], [720795.0, 9524475.0], [720765.0, 9524475.0], [720765.0, 9524445.0], [720795.0, 9524445.0], [720795.0, 9524415.0], [720825.0, 9524415.0], [720825.0, 9524385.0], [720945.0, 9524385.0], [720945.0, 9524415.0], [721005.0, 9524415.0], [721005.0, 9524385.0], [721035.0, 9524385.0], [721035.0, 9524355.0], [721065.0, 9524355.0], [721065.0, 9524385.0], [721155.0, 9524385.0], [721155.0, 9524355.0], [721185.0, 9524355.0], [721185.0, 9524445.0], [721275.0, 9524445.0], [721275.0, 9524415.0], [721305.0, 9524415.0], [721305.0, 9524385.0], [721335.0, 9524385.0], [721335.0, 9524325.0], [721305.0, 9524325.0], [721305.0, 9524295.0], [721335.0, 9524295.0], [721335.0, 9524265.0], [721365.0, 9524265.0], [721365.0, 9524295.0], [721425.0, 9524295.0], [721425.0, 9524325.0], [721455.0, 9524325.0], [721455.0, 9524355.0], [721425.0, 9524355.0], [721425.0, 9524385.0], [721455.0, 9524385.0], [721455.0, 9524445.0], [721515.0, 9524445.0], [721515.0, 9524355.0], [721545.0, 9524355.0], [721545.0, 9524325.0], [721575.0, 9524325.0], [721575.0, 9524355.0], [721605.0, 9524355.0], [721605.0, 9524385.0], [721635.0, 9524385.0], [721635.0, 9524445.0], [721695.0, 9524445.0], [721695.0, 9524415.0], [721755.0, 9524415.0], [721755.0, 9524445.0], [721785.0, 9524445.0], [721785.0, 9524505.0], [721755.0, 9524505.0], [721755.0, 9524685.0], [721725.0, 9524685.0], [721725.0, 9524715.0], [721695.0, 9524715.0], [721695.0, 9524625.0], [721665.0, 9524625.0], [721665.0, 9524715.0], [721635.0, 9524715.0], [721635.0, 9524775.0], [721605.0, 9524775.0], [721605.0, 9524805.0], [721575.0, 9524805.0], [721575.0, 9524865.0], [721545.0, 9524865.0], [721545.0, 9524895.0], [721485.0, 9524895.0], [721485.0, 9524925.0], [721425.0, 9524925.0], [721425.0, 9524955.0], [721395.0, 9524955.0], [721395.0, 9524985.0], [721365.0, 9524985.0], [721365.0, 9525105.0], [721275.0, 9525105.0], [721275.0, 9525135.0], [721245.0, 9525135.0], [721245.0, 9525165.0], [721215.0, 9525165.0], [721215.0, 9525105.0], [721185.0, 9525105.0], [721185.0, 9525045.0], [721155.0, 9525045.0], [721155.0, 9525075.0], [721125.0, 9525075.0], [721125.0, 9525135.0], [721155.0, 9525135.0], [721155.0, 9525165.0], [721125.0, 9525165.0], [721125.0, 9525225.0], [721035.0, 9525225.0], [721035.0, 9525195.0], [720975.0, 9525195.0], [720975.0, 9525225.0], [720945.0, 9525225.0], [720945.0, 9525255.0], [720915.0, 9525255.0], [720915.0, 9525285.0], [720885.0, 9525285.0]], [[720825.0, 9525105.0], [720855.0, 9525105.0], [720855.0, 9525045.0], [720825.0, 9525045.0], [720825.0, 9525105.0]], [[720705.0, 9525045.0], [720795.0, 9525045.0], [720795.0, 9525015.0], [720825.0, 9525015.0], [720825.0, 9524955.0], [720795.0, 9524955.0], [720795.0, 9524985.0], [720735.0, 9524985.0], [720735.0, 9525015.0], [720705.0, 9525015.0], [720705.0, 9525045.0]], [[721365.0, 9524355.0], [721395.0, 9524355.0], [721395.0, 9524325.0], [721365.0, 9524325.0], [721365.0, 9524355.0]]]}, "properties": {"zone_id": "scene_01_DT0000205230-Z0134", "scene": "scene_01_DT0000205230", "pixel_count": 862, "approx_area_m2": 775800.0, "centroid_x": 721090.3712296984, "centroid_y": 9524752.656612528, "mean_risk": 2.3679490089416504, "max_risk": 3.37320613861084, "median_risk": 2.333375930786133, "high_priority_pixel_pct": 100.0, "priority_category": "HIGH PRIORITY", "threshold_type": "95th percentile prioritisation threshold", "recommendation": "Spectral-stress evidence detected. Prioritise field inspection to determine the underlying cause. Field verification required.", "priority_rank": 10}}, {"type": "Feature", "geometry": {"type": "Polygon", "coordinates": [[[718155.0, 9525255.0], [718155.0, 9525225.0], [718065.0, 9525225.0], [718065.0, 9525195.0], [718005.0, 9525195.0], [718005.0, 9525165.0], [717975.0, 9525165.0], [717975.0, 9525105.0], [717945.0, 9525105.0], [717945.0, 9525045.0], [717975.0, 9525045.0], [717975.0, 9525015.0], [717825.0, 9525015.0], [717825.0, 9525045.0], [717795.0, 9525045.0], [717795.0, 9525075.0], [717765.0, 9525075.0], [717765.0, 9525105.0], [717735.0, 9525105.0], [717735.0, 9525135.0], [717675.0, 9525135.0], [717675.0, 9525075.0], [717705.0, 9525075.0], [717705.0, 9525015.0], [717735.0, 9525015.0], [717735.0, 9524985.0], [717795.0, 9524985.0], [717795.0, 9524955.0], [717825.0, 9524955.0], [717825.0, 9524925.0], [717885.0, 9524925.0], [717885.0, 9524955.0], [717915.0, 9524955.0], [717915.0, 9524925.0], [718005.0, 9524925.0], [718005.0, 9525015.0], [718035.0, 9525015.0], [718035.0, 9524955.0], [718065.0, 9524955.0], [718065.0, 9524925.0], [718095.0, 9524925.0], [718095.0, 9524895.0], [718215.0, 9524895.0], [718215.0, 9524955.0], [718185.0, 9524955.0], [718185.0, 9525075.0], [718215.0, 9525075.0], [718215.0, 9525045.0], [718365.0, 9525045.0], [718365.0, 9525015.0], [718425.0, 9525015.0], [718425.0, 9524955.0], [718485.0, 9524955.0], [718485.0, 9524985.0], [718515.0, 9524985.0], [718515.0, 9524955.0], [718545.0, 9524955.0], [718545.0, 9524925.0], [718575.0, 9524925.0], [718575.0, 9524955.0], [718605.0, 9524955.0], [718605.0, 9524985.0], [718635.0, 9524985.0], [718635.0, 9525045.0], [718605.0, 9525045.0], [718605.0, 9525135.0], [718575.0, 9525135.0], [718575.0, 9525165.0], [718425.0, 9525165.0], [718425.0, 9525195.0], [718395.0, 9525195.0], [718395.0, 9525225.0], [718215.0, 9525225.0], [718215.0, 9525255.0], [718155.0, 9525255.0]]]}, "properties": {"zone_id": "scene_01_DT0000205230-Z0135", "scene": "scene_01_DT0000205230", "pixel_count": 192, "approx_area_m2": 172800.0, "centroid_x": 718199.6875, "centroid_y": 9525072.03125, "mean_risk": 2.1442368030548096, "max_risk": 2.724949359893799, "median_risk": 2.1143746376037598, "high_priority_pixel_pct": 100.0, "priority_category": "HIGH PRIORITY", "threshold_type": "95th percentile prioritisation threshold", "recommendation": "Spectral-stress evidence detected. Prioritise field inspection to determine the underlying cause. Field verification required.", "priority_rank": 89}}, {"type": "Feature", "geometry": {"type": "Polygon", "coordinates": [[[735795.0, 9525255.0], [735795.0, 9525165.0], [735825.0, 9525165.0], [735825.0, 9525105.0], [735855.0, 9525105.0], [735855.0, 9525045.0], [735885.0, 9525045.0], [735885.0, 9525015.0], [735735.0, 9525015.0], [735735.0, 9525045.0], [735645.0, 9525045.0], [735645.0, 9524985.0], [735735.0, 9524985.0], [735735.0, 9524955.0], [735765.0, 9524955.0], [735765.0, 9524865.0], [735795.0, 9524865.0], [735795.0, 9524835.0], [735825.0, 9524835.0], [735825.0, 9524805.0], [735795.0, 9524805.0], [735795.0, 9524775.0], [735825.0, 9524775.0], [735825.0, 9524745.0], [735885.0, 9524745.0], [735885.0, 9524715.0], [735915.0, 9524715.0], [735915.0, 9524685.0], [735975.0, 9524685.0], [735975.0, 9524655.0], [736005.0, 9524655.0], [736005.0, 9524625.0], [736125.0, 9524625.0], [736125.0, 9524685.0], [736155.0, 9524685.0], [736155.0, 9524655.0], [736245.0, 9524655.0], [736245.0, 9524685.0], [736275.0, 9524685.0], [736275.0, 9524715.0], [736305.0, 9524715.0], [736305.0, 9524685.0], [736335.0, 9524685.0], [736335.0, 9524655.0], [736365.0, 9524655.0], [736365.0, 9524595.0], [736335.0, 9524595.0], [736335.0, 9524625.0], [736275.0, 9524625.0], [736275.0, 9524595.0], [736215.0, 9524595.0], [736215.0, 9524505.0], [736245.0, 9524505.0], [736245.0, 9524415.0], [736275.0, 9524415.0], [736275.0, 9524385.0], [736305.0, 9524385.0], [736305.0, 9524265.0], [736335.0, 9524265.0], [736335.0, 9524235.0], [736485.0, 9524235.0], [736485.0, 9524205.0], [736515.0, 9524205.0], [736515.0, 9524265.0], [736545.0, 9524265.0], [736545.0, 9524205.0], [736575.0, 9524205.0], [736575.0, 9524175.0], [736605.0, 9524175.0], [736605.0, 9524145.0], [736635.0, 9524145.0], [736635.0, 9524115.0], [736665.0, 9524115.0], [736665.0, 9524145.0], [736695.0, 9524145.0], [736695.0, 9524235.0], [736725.0, 9524235.0], [736725.0, 9524205.0], [736755.0, 9524205.0], [736755.0, 9524175.0], [736845.0, 9524175.0], [736845.0, 9524145.0], [736875.0, 9524145.0], [736875.0, 9524175.0], [736905.0, 9524175.0], [736905.0, 9524205.0], [736875.0, 9524205.0], [736875.0, 9524235.0], [736905.0, 9524235.0], [736905.0, 9524265.0], [736875.0, 9524265.0], [736875.0, 9524415.0], [736845.0, 9524415.0], [736845.0, 9524475.0], [736815.0, 9524475.0], [736815.0, 9524505.0], [736785.0, 9524505.0], [736785.0, 9524535.0], [736755.0, 9524535.0], [736755.0, 9524595.0], [736695.0, 9524595.0], [736695.0, 9524625.0], [736665.0, 9524625.0], [736665.0, 9524685.0], [736635.0, 9524685.0], [736635.0, 9524715.0], [736605.0, 9524715.0], [736605.0, 9524745.0], [736545.0, 9524745.0], [736545.0, 9524805.0], [736515.0, 9524805.0], [736515.0, 9524835.0], [736425.0, 9524835.0], [736425.0, 9524805.0], [736395.0, 9524805.0], [736395.0, 9524835.0], [736335.0, 9524835.0], [736335.0, 9524805.0], [736305.0, 9524805.0], [736305.0, 9524775.0], [736275.0, 9524775.0], [736275.0, 9524985.0], [736245.0, 9524985.0], [736245.0, 9525015.0], [736185.0, 9525015.0], [736185.0, 9525045.0], [736065.0, 9525045.0], [736065.0, 9525075.0], [736005.0, 9525075.0], [736005.0, 9525165.0], [735945.0, 9525165.0], [735945.0, 9525195.0], [735825.0, 9525195.0], [735825.0, 9525255.0], [735795.0, 9525255.0]], [[736365.0, 9524595.0], [736395.0, 9524595.0], [736395.0, 9524565.0], [736365.0, 9524565.0], [736365.0, 9524595.0]], [[736275.0, 9524565.0], [736305.0, 9524565.0], [736305.0, 9524535.0], [736275.0, 9524535.0], [736275.0, 9524565.0]], [[736455.0, 9524355.0], [736485.0, 9524355.0], [736485.0, 9524325.0], [736515.0, 9524325.0], [736515.0, 9524265.0], [736485.0, 9524265.0], [736485.0, 9524295.0], [736455.0, 9524295.0], [736455.0, 9524355.0]]]}, "properties": {"zone_id": "scene_01_DT0000205230-Z0136", "scene": "scene_01_DT0000205230", "pixel_count": 557, "approx_area_m2": 501300.0, "centroid_x": 736324.1472172352, "centroid_y": 9524645.601436265, "mean_risk": 2.1620681285858154, "max_risk": 2.817750930786133, "median_risk": 2.136425256729126, "high_priority_pixel_pct": 100.0, "priority_category": "HIGH PRIORITY", "threshold_type": "95th percentile prioritisation threshold", "recommendation": "Spectral-stress evidence detected. Prioritise field inspection to determine the underlying cause. Field verification required.", "priority_rank": 72}}, {"type": "Feature", "geometry": {"type": "Polygon", "coordinates": [[[737025.0, 9525225.0], [737025.0, 9525135.0], [736995.0, 9525135.0], [736995.0, 9525165.0], [736935.0, 9525165.0], [736935.0, 9525135.0], [736905.0, 9525135.0], [736905.0, 9525105.0], [736875.0, 9525105.0], [736875.0, 9525135.0], [736845.0, 9525135.0], [736845.0, 9525105.0], [736815.0, 9525105.0], [736815.0, 9525075.0], [736845.0, 9525075.0], [736845.0, 9525045.0], [736875.0, 9525045.0], [736875.0, 9524985.0], [736935.0, 9524985.0], [736935.0, 9525015.0], [736905.0, 9525015.0], [736905.0, 9525075.0], [736965.0, 9525075.0], [736965.0, 9524955.0], [736995.0, 9524955.0], [736995.0, 9524925.0], [737055.0, 9524925.0], [737055.0, 9524895.0], [737085.0, 9524895.0], [737085.0, 9524925.0], [737235.0, 9524925.0], [737235.0, 9525015.0], [737205.0, 9525015.0], [737205.0, 9525075.0], [737175.0, 9525075.0], [737175.0, 9525105.0], [737145.0, 9525105.0], [737145.0, 9525135.0], [737115.0, 9525135.0], [737115.0, 9525165.0], [737055.0, 9525165.0], [737055.0, 9525225.0], [737025.0, 9525225.0]]]}, "properties": {"zone_id": "scene_01_DT0000205230-Z0137", "scene": "scene_01_DT0000205230", "pixel_count": 76, "approx_area_m2": 68400.0, "centroid_x": 737050.2631578947, "centroid_y": 9525043.815789474, "mean_risk": 2.09165358543396, "max_risk": 2.546792507171631, "median_risk": 2.0428740978240967, "high_priority_pixel_pct": 100.0, "priority_category": "HIGH PRIORITY", "threshold_type": "95th percentile prioritisation threshold", "recommendation": "Spectral-stress evidence detected. Prioritise field inspection to determine the underlying cause. Field verification required.", "priority_rank": 135}}, {"type": "Feature", "geometry": {"type": "Polygon", "coordinates": [[[717285.0, 9525165.0], [717285.0, 9525045.0], [717225.0, 9525045.0], [717225.0, 9525015.0], [717195.0, 9525015.0], [717195.0, 9524925.0], [717255.0, 9524925.0], [717255.0, 9524895.0], [717285.0, 9524895.0], [717285.0, 9524865.0], [717315.0, 9524865.0], [717315.0, 9524835.0], [717375.0, 9524835.0], [717375.0, 9524805.0], [717465.0, 9524805.0], [717465.0, 9524835.0], [717495.0, 9524835.0], [717495.0, 9524865.0], [717465.0, 9524865.0], [717465.0, 9524895.0], [717525.0, 9524895.0], [717525.0, 9524925.0], [717555.0, 9524925.0], [717555.0, 9524955.0], [717585.0, 9524955.0], [717585.0, 9524985.0], [717675.0, 9524985.0], [717675.0, 9525015.0], [717645.0, 9525015.0], [717645.0, 9525045.0], [717555.0, 9525045.0], [717555.0, 9525075.0], [717525.0, 9525075.0], [717525.0, 9525105.0], [717465.0, 9525105.0], [717465.0, 9525135.0], [717375.0, 9525135.0], [717375.0, 9525165.0], [717285.0, 9525165.0]]]}, "properties": {"zone_id": "scene_01_DT0000205230-Z0138", "scene": "scene_01_DT0000205230", "pixel_count": 105, "approx_area_m2": 94500.0, "centroid_x": 717403.1428571428, "centroid_y": 9524988.285714285, "mean_risk": 2.2406222820281982, "max_risk": 2.67122220993042, "median_risk": 2.2454285621643066, "high_priority_pixel_pct": 100.0, "priority_category": "HIGH PRIORITY", "threshold_type": "95th percentile prioritisation threshold", "recommendation": "Spectral-stress evidence detected. Prioritise field inspection to determine the underlying cause. Field verification required.", "priority_rank": 36}}, {"type": "Feature", "geometry": {"type": "Polygon", "coordinates": [[[731565.0, 9525165.0], [731565.0, 9525075.0], [731655.0, 9525075.0], [731655.0, 9525105.0], [731685.0, 9525105.0], [731685.0, 9525165.0], [731565.0, 9525165.0]]]}, "properties": {"zone_id": "scene_01_DT0000205230-Z0139", "scene": "scene_01_DT0000205230", "pixel_count": 11, "approx_area_m2": 9900.0, "centroid_x": 731620.9090909091, "centroid_y": 9525122.727272727, "mean_risk": 1.987754464149475, "max_risk": 2.104440689086914, "median_risk": 1.9598968029022217, "high_priority_pixel_pct": 100.0, "priority_category": "HIGH PRIORITY", "threshold_type": "95th percentile prioritisation threshold", "recommendation": "Spectral-stress evidence detected. Prioritise field inspection to determine the underlying cause. Field verification required.", "priority_rank": 294}}, {"type": "Feature", "geometry": {"type": "Polygon", "coordinates": [[[734625.0, 9525135.0], [734625.0, 9525105.0], [734565.0, 9525105.0], [734565.0, 9525045.0], [734715.0, 9525045.0], [734715.0, 9524895.0], [734745.0, 9524895.0], [734745.0, 9524925.0], [734805.0, 9524925.0], [734805.0, 9524865.0], [734835.0, 9524865.0], [734835.0, 9524835.0], [734865.0, 9524835.0], [734865.0, 9524805.0], [734955.0, 9524805.0], [734955.0, 9524835.0], [735015.0, 9524835.0], [735015.0, 9524805.0], [735045.0, 9524805.0], [735045.0, 9524745.0], [735075.0, 9524745.0], [735075.0, 9524715.0], [735105.0, 9524715.0], [735105.0, 9524745.0], [735135.0, 9524745.0], [735135.0, 9524715.0], [735165.0, 9524715.0], [735165.0, 9524685.0], [735225.0, 9524685.0], [735225.0, 9524745.0], [735405.0, 9524745.0], [735405.0, 9524715.0], [735465.0, 9524715.0], [735465.0, 9524745.0], [735435.0, 9524745.0], [735435.0, 9524775.0], [735345.0, 9524775.0], [735345.0, 9524805.0], [735255.0, 9524805.0], [735255.0, 9524865.0], [735225.0, 9524865.0], [735225.0, 9524955.0], [735165.0, 9524955.0], [735165.0, 9524985.0], [735105.0, 9524985.0], [735105.0, 9525045.0], [735075.0, 9525045.0], [735075.0, 9525075.0], [735045.0, 9525075.0], [735045.0, 9525105.0], [735015.0, 9525105.0], [735015.0, 9525135.0], [734955.0, 9525135.0], [734955.0, 9525105.0], [734835.0, 9525105.0], [734835.0, 9525135.0], [734745.0, 9525135.0], [734745.0, 9525105.0], [734685.0, 9525105.0], [734685.0, 9525135.0], [734625.0, 9525135.0]], [[735135.0, 9524895.0], [735165.0, 9524895.0], [735165.0, 9524865.0], [735135.0, 9524865.0], [735135.0, 9524895.0]]]}, "properties": {"zone_id": "scene_01_DT0000205230-Z0140", "scene": "scene_01_DT0000205230", "pixel_count": 182, "approx_area_m2": 163800.0, "centroid_x": 734984.1758241758, "centroid_y": 9524932.912087912, "mean_risk": 2.0723116397857666, "max_risk": 2.4708712100982666, "median_risk": 2.0635786056518555, "high_priority_pixel_pct": 100.0, "priority_category": "HIGH PRIORITY", "threshold_type": "95th percentile prioritisation threshold", "recommendation": "Spectral-stress evidence detected. Prioritise field inspection to determine the underlying cause. Field verification required.", "priority_rank": 162}}, {"type": "Feature", "geometry": {"type": "Polygon", "coordinates": [[[721875.0, 9525105.0], [721875.0, 9525045.0], [721845.0, 9525045.0], [721845.0, 9524985.0], [721935.0, 9524985.0], [721935.0, 9525075.0], [721905.0, 9525075.0], [721905.0, 9525105.0], [721875.0, 9525105.0]]]}, "properties": {"zone_id": "scene_01_DT0000205230-Z0141", "scene": "scene_01_DT0000205230", "pixel_count": 9, "approx_area_m2": 8100.0, "centroid_x": 721893.3333333334, "centroid_y": 9525033.333333334, "mean_risk": 2.0873804092407227, "max_risk": 2.3049728870391846, "median_risk": 2.0652217864990234, "high_priority_pixel_pct": 100.0, "priority_category": "HIGH PRIORITY", "threshold_type": "95th percentile prioritisation threshold", "recommendation": "Spectral-stress evidence detected. Prioritise field inspection to determine the underlying cause. Field verification required.", "priority_rank": 144}}, {"type": "Feature", "geometry": {"type": "Polygon", "coordinates": [[[716835.0, 9525045.0], [716835.0, 9524985.0], [716805.0, 9524985.0], [716805.0, 9524955.0], [716745.0, 9524955.0], [716745.0, 9524865.0], [716775.0, 9524865.0], [716775.0, 9524805.0], [716715.0, 9524805.0], [716715.0, 9524655.0], [716745.0, 9524655.0], [716745.0, 9524475.0], [716865.0, 9524475.0], [716865.0, 9524505.0], [716895.0, 9524505.0], [716895.0, 9524475.0], [716985.0, 9524475.0], [716985.0, 9524445.0], [717015.0, 9524445.0], [717015.0, 9524415.0], [717045.0, 9524415.0], [717045.0, 9524445.0], [717105.0, 9524445.0], [717105.0, 9524355.0], [716985.0, 9524355.0], [716985.0, 9524325.0], [716955.0, 9524325.0], [716955.0, 9524265.0], [717015.0, 9524265.0], [717015.0, 9524205.0], [716985.0, 9524205.0], [716985.0, 9524115.0], [716925.0, 9524115.0], [716925.0, 9524085.0], [716775.0, 9524085.0], [716775.0, 9524025.0], [716805.0, 9524025.0], [716805.0, 9523965.0], [716835.0, 9523965.0], [716835.0, 9523935.0], [716925.0, 9523935.0], [716925.0, 9523995.0], [716955.0, 9523995.0], [716955.0, 9524055.0], [716985.0, 9524055.0], [716985.0, 9524085.0], [717045.0, 9524085.0], [717045.0, 9524115.0], [717105.0, 9524115.0], [717105.0, 9524145.0], [717165.0, 9524145.0], [717165.0, 9524205.0], [717195.0, 9524205.0], [717195.0, 9524235.0], [717225.0, 9524235.0], [717225.0, 9524265.0], [717285.0, 9524265.0], [717285.0, 9524295.0], [717405.0, 9524295.0], [717405.0, 9524325.0], [717465.0, 9524325.0], [717465.0, 9524295.0], [717495.0, 9524295.0], [717495.0, 9524265.0], [717645.0, 9524265.0], [717645.0, 9524235.0], [717735.0, 9524235.0], [717735.0, 9524205.0], [717765.0, 9524205.0], [717765.0, 9524175.0], [717795.0, 9524175.0], [717795.0, 9524205.0], [717885.0, 9524205.0], [717885.0, 9524235.0], [717945.0, 9524235.0], [717945.0, 9524175.0], [717975.0, 9524175.0], [717975.0, 9524145.0], [718005.0, 9524145.0], [718005.0, 9524115.0], [718035.0, 9524115.0], [718035.0, 9524085.0], [718065.0, 9524085.0], [718065.0, 9524055.0], [718035.0, 9524055.0], [718035.0, 9524025.0], [718095.0, 9524025.0], [718095.0, 9523995.0], [718155.0, 9523995.0], [718155.0, 9523965.0], [718245.0, 9523965.0], [718245.0, 9523995.0], [718335.0, 9523995.0], [718335.0, 9524055.0], [718365.0, 9524055.0], [718365.0, 9524115.0], [718305.0, 9524115.0], [718305.0, 9524145.0], [718275.0, 9524145.0], [718275.0, 9524175.0], [718215.0, 9524175.0], [718215.0, 9524235.0], [718155.0, 9524235.0], [718155.0, 9524265.0], [718065.0, 9524265.0], [718065.0, 9524295.0], [718035.0, 9524295.0], [718035.0, 9524325.0], [717945.0, 9524325.0], [717945.0, 9524355.0], [717915.0, 9524355.0], [717915.0, 9524385.0], [718215.0, 9524385.0], [718215.0, 9524475.0], [718245.0, 9524475.0], [718245.0, 9524535.0], [718215.0, 9524535.0], [718215.0, 9524565.0], [718185.0, 9524565.0], [718185.0, 9524625.0], [718125.0, 9524625.0], [718125.0, 9524655.0], [718065.0, 9524655.0], [718065.0, 9524685.0], [718035.0, 9524685.0], [718035.0, 9524775.0], [717975.0, 9524775.0], [717975.0, 9524865.0], [717885.0, 9524865.0], [717885.0, 9524895.0], [717825.0, 9524895.0], [717825.0, 9524865.0], [717795.0, 9524865.0], [717795.0, 9524895.0], [717765.0, 9524895.0], [717765.0, 9524865.0], [717705.0, 9524865.0], [717705.0, 9524805.0], [717615.0, 9524805.0], [717615.0, 9524865.0], [717585.0, 9524865.0], [717585.0, 9524835.0], [717555.0, 9524835.0], [717555.0, 9524595.0], [717525.0, 9524595.0], [717525.0, 9524565.0], [717495.0, 9524565.0], [717495.0, 9524505.0], [717435.0, 9524505.0], [717435.0, 9524415.0], [717375.0, 9524415.0], [717375.0, 9524355.0], [717345.0, 9524355.0], [717345.0, 9524325.0], [717315.0, 9524325.0], [717315.0, 9524385.0], [717285.0, 9524385.0], [717285.0, 9524415.0], [717255.0, 9524415.0], [717255.0, 9524445.0], [717195.0, 9524445.0], [717195.0, 9524475.0], [717345.0, 9524475.0], [717345.0, 9524445.0], [717375.0, 9524445.0], [717375.0, 9524565.0], [717315.0, 9524565.0], [717315.0, 9524685.0], [717285.0, 9524685.0], [717285.0, 9524715.0], [717255.0, 9524715.0], [717255.0, 9524775.0], [717195.0, 9524775.0], [717195.0, 9524805.0], [717135.0, 9524805.0], [717135.0, 9524835.0], [717075.0, 9524835.0], [717075.0, 9524895.0], [717045.0, 9524895.0], [717045.0, 9524955.0], [716955.0, 9524955.0], [716955.0, 9524985.0], [716925.0, 9524985.0], [716925.0, 9525015.0], [716895.0, 9525015.0], [716895.0, 9525045.0], [716835.0, 9525045.0]], [[716895.0, 9524955.0], [716955.0, 9524955.0], [716955.0, 9524895.0], [716865.0, 9524895.0], [716865.0, 9524925.0], [716895.0, 9524925.0], [716895.0, 9524955.0]], [[717705.0, 9524475.0], [717735.0, 9524475.0], [717735.0, 9524445.0], [717705.0, 9524445.0], [717705.0, 9524475.0]], [[717165.0, 9524445.0], [717195.0, 9524445.0], [717195.0, 9524415.0], [717165.0, 9524415.0], [717165.0, 9524445.0]], [[717735.0, 9524445.0], [717795.0, 9524445.0], [717795.0, 9524385.0], [717765.0, 9524385.0], [717765.0, 9524415.0], [717735.0, 9524415.0], [717735.0, 9524445.0]], [[717975.0, 9524445.0], [718005.0, 9524445.0], [718005.0, 9524415.0], [717975.0, 9524415.0], [717975.0, 9524445.0]], [[717495.0, 9524385.0], [717525.0, 9524385.0], [717525.0, 9524325.0], [717495.0, 9524325.0], [717495.0, 9524385.0]], [[717825.0, 9524385.0], [717885.0, 9524385.0], [717885.0, 9524355.0], [717825.0, 9524355.0], [717825.0, 9524385.0]]]}, "properties": {"zone_id": "scene_01_DT0000205230-Z0142", "scene": "scene_01_DT0000205230", "pixel_count": 881, "approx_area_m2": 792900.0, "centroid_x": 717492.9738933031, "centroid_y": 9524498.751418842, "mean_risk": 2.238950252532959, "max_risk": 3.2238950729370117, "median_risk": 2.195585250854492, "high_priority_pixel_pct": 100.0, "priority_category": "HIGH PRIORITY", "threshold_type": "95th percentile prioritisation threshold", "recommendation": "Spectral-stress evidence detected. Prioritise field inspection to determine the underlying cause. Field verification required.", "priority_rank": 38}}, {"type": "Feature", "geometry": {"type": "Polygon", "coordinates": [[[735345.0, 9525015.0], [735345.0, 9524985.0], [735315.0, 9524985.0], [735315.0, 9524955.0], [735345.0, 9524955.0], [735345.0, 9524865.0], [735435.0, 9524865.0], [735435.0, 9524835.0], [735465.0, 9524835.0], [735465.0, 9524805.0], [735525.0, 9524805.0], [735525.0, 9524895.0], [735495.0, 9524895.0], [735495.0, 9524925.0], [735465.0, 9524925.0], [735465.0, 9524985.0], [735435.0, 9524985.0], [735435.0, 9525015.0], [735345.0, 9525015.0]]]}, "properties": {"zone_id": "scene_01_DT0000205230-Z0143", "scene": "scene_01_DT0000205230", "pixel_count": 28, "approx_area_m2": 25200.0, "centroid_x": 735424.2857142857, "centroid_y": 9524915.357142856, "mean_risk": 2.0449373722076416, "max_risk": 2.240989923477173, "median_risk": 2.038269519805908, "high_priority_pixel_pct": 100.0, "priority_category": "HIGH PRIORITY", "threshold_type": "95th percentile prioritisation threshold", "recommendation": "Spectral-stress evidence detected. Prioritise field inspection to determine the underlying cause. Field verification required.", "priority_rank": 194}}, {"type": "Feature", "geometry": {"type": "Polygon", "coordinates": [[[724785.0, 9524985.0], [724785.0, 9524955.0], [724725.0, 9524955.0], [724725.0, 9524925.0], [724695.0, 9524925.0], [724695.0, 9524805.0], [724845.0, 9524805.0], [724845.0, 9524775.0], [724935.0, 9524775.0], [724935.0, 9524805.0], [724965.0, 9524805.0], [724965.0, 9524835.0], [724935.0, 9524835.0], [724935.0, 9524895.0], [724905.0, 9524895.0], [724905.0, 9524955.0], [724875.0, 9524955.0], [724875.0, 9524985.0], [724785.0, 9524985.0]]]}, "properties": {"zone_id": "scene_01_DT0000205230-Z0144", "scene": "scene_01_DT0000205230", "pixel_count": 44, "approx_area_m2": 39600.0, "centroid_x": 724821.8181818182, "centroid_y": 9524875.227272727, "mean_risk": 2.1190154552459717, "max_risk": 2.511573314666748, "median_risk": 2.0907135009765625, "high_priority_pixel_pct": 100.0, "priority_category": "HIGH PRIORITY", "threshold_type": "95th percentile prioritisation threshold", "recommendation": "Spectral-stress evidence detected. Prioritise field inspection to determine the underlying cause. Field verification required.", "priority_rank": 109}}, {"type": "Feature", "geometry": {"type": "Polygon", "coordinates": [[[727305.0, 9524985.0], [727305.0, 9524955.0], [727185.0, 9524955.0], [727185.0, 9524925.0], [727155.0, 9524925.0], [727155.0, 9524895.0], [727185.0, 9524895.0], [727185.0, 9524835.0], [727215.0, 9524835.0], [727215.0, 9524775.0], [727245.0, 9524775.0], [727245.0, 9524745.0], [727305.0, 9524745.0], [727305.0, 9524805.0], [727275.0, 9524805.0], [727275.0, 9524835.0], [727305.0, 9524835.0], [727305.0, 9524865.0], [727335.0, 9524865.0], [727335.0, 9524985.0], [727305.0, 9524985.0]]]}, "properties": {"zone_id": "scene_01_DT0000205230-Z0145", "scene": "scene_01_DT0000205230", "pixel_count": 28, "approx_area_m2": 25200.0, "centroid_x": 727256.7857142857, "centroid_y": 9524873.57142857, "mean_risk": 2.0583016872406006, "max_risk": 2.2963037490844727, "median_risk": 2.057029962539673, "high_priority_pixel_pct": 100.0, "priority_category": "HIGH PRIORITY", "threshold_type": "95th percentile prioritisation threshold", "recommendation": "Spectral-stress evidence detected. Prioritise field inspection to determine the underlying cause. Field verification required.", "priority_rank": 174}}, {"type": "Feature", "geometry": {"type": "Polygon", "coordinates": [[[728775.0, 9524865.0], [728775.0, 9524715.0], [728745.0, 9524715.0], [728745.0, 9524745.0], [728685.0, 9524745.0], [728685.0, 9524715.0], [728625.0, 9524715.0], [728625.0, 9524685.0], [728715.0, 9524685.0], [728715.0, 9524655.0], [728685.0, 9524655.0], [728685.0, 9524595.0], [728655.0, 9524595.0], [728655.0, 9524565.0], [728775.0, 9524565.0], [728775.0, 9524535.0], [728805.0, 9524535.0], [728805.0, 9524505.0], [728865.0, 9524505.0], [728865.0, 9524535.0], [728895.0, 9524535.0], [728895.0, 9524505.0], [728955.0, 9524505.0], [728955.0, 9524625.0], [728985.0, 9524625.0], [728985.0, 9524685.0], [728955.0, 9524685.0], [728955.0, 9524715.0], [728925.0, 9524715.0], [728925.0, 9524745.0], [728895.0, 9524745.0], [728895.0, 9524775.0], [728865.0, 9524775.0], [728865.0, 9524805.0], [728835.0, 9524805.0], [728835.0, 9524835.0], [728805.0, 9524835.0], [728805.0, 9524865.0], [728775.0, 9524865.0]]]}, "properties": {"zone_id": "scene_01_DT0000205230-Z0146", "scene": "scene_01_DT0000205230", "pixel_count": 76, "approx_area_m2": 68400.0, "centroid_x": 728825.1315789474, "centroid_y": 9524655.394736841, "mean_risk": 2.0889275074005127, "max_risk": 2.6293604373931885, "median_risk": 2.0488109588623047, "high_priority_pixel_pct": 100.0, "priority_category": "HIGH PRIORITY", "threshold_type": "95th percentile prioritisation threshold", "recommendation": "Spectral-stress evidence detected. Prioritise field inspection to determine the underlying cause. Field verification required.", "priority_rank": 141}}, {"type": "Feature", "geometry": {"type": "Polygon", "coordinates": [[[719775.0, 9524775.0], [719775.0, 9524685.0], [719745.0, 9524685.0], [719745.0, 9524655.0], [719835.0, 9524655.0], [719835.0, 9524685.0], [719865.0, 9524685.0], [719865.0, 9524715.0], [719835.0, 9524715.0], [719835.0, 9524745.0], [719805.0, 9524745.0], [719805.0, 9524775.0], [719775.0, 9524775.0]]]}, "properties": {"zone_id": "scene_01_DT0000205230-Z0147", "scene": "scene_01_DT0000205230", "pixel_count": 9, "approx_area_m2": 8100.0, "centroid_x": 719803.3333333334, "centroid_y": 9524703.333333334, "mean_risk": 1.9464473724365234, "max_risk": 1.986230492591858, "median_risk": 1.9518754482269287, "high_priority_pixel_pct": 100.0, "priority_category": "HIGH PRIORITY", "threshold_type": "95th percentile prioritisation threshold", "recommendation": "Spectral-stress evidence detected. Prioritise field inspection to determine the underlying cause. Field verification required.", "priority_rank": 367}}, {"type": "Feature", "geometry": {"type": "Polygon", "coordinates": [[[726975.0, 9524775.0], [726975.0, 9524685.0], [727005.0, 9524685.0], [727005.0, 9524655.0], [726975.0, 9524655.0], [726975.0, 9524595.0], [727035.0, 9524595.0], [727035.0, 9524565.0], [727185.0, 9524565.0], [727185.0, 9524595.0], [727215.0, 9524595.0], [727215.0, 9524685.0], [727185.0, 9524685.0], [727185.0, 9524715.0], [727125.0, 9524715.0], [727125.0, 9524685.0], [727035.0, 9524685.0], [727035.0, 9524775.0], [726975.0, 9524775.0]]]}, "properties": {"zone_id": "scene_01_DT0000205230-Z0148", "scene": "scene_01_DT0000205230", "pixel_count": 36, "approx_area_m2": 32400.0, "centroid_x": 727088.3333333334, "centroid_y": 9524649.166666666, "mean_risk": 2.0543129444122314, "max_risk": 2.29097056388855, "median_risk": 2.0412416458129883, "high_priority_pixel_pct": 100.0, "priority_category": "HIGH PRIORITY", "threshold_type": "95th percentile prioritisation threshold", "recommendation": "Spectral-stress evidence detected. Prioritise field inspection to determine the underlying cause. Field verification required.", "priority_rank": 178}}, {"type": "Feature", "geometry": {"type": "Polygon", "coordinates": [[[737235.0, 9524715.0], [737235.0, 9524535.0], [737265.0, 9524535.0], [737265.0, 9524475.0], [737295.0, 9524475.0], [737295.0, 9524445.0], [737325.0, 9524445.0], [737325.0, 9524415.0], [737505.0, 9524415.0], [737505.0, 9524505.0], [737475.0, 9524505.0], [737475.0, 9524535.0], [737445.0, 9524535.0], [737445.0, 9524565.0], [737415.0, 9524565.0], [737415.0, 9524595.0], [737355.0, 9524595.0], [737355.0, 9524625.0], [737325.0, 9524625.0], [737325.0, 9524655.0], [737295.0, 9524655.0], [737295.0, 9524685.0], [737265.0, 9524685.0], [737265.0, 9524715.0], [737235.0, 9524715.0]]]}, "properties": {"zone_id": "scene_01_DT0000205230-Z0149", "scene": "scene_01_DT0000205230", "pixel_count": 61, "approx_area_m2": 54900.0, "centroid_x": 737328.1967213114, "centroid_y": 9524527.37704918, "mean_risk": 2.042311668395996, "max_risk": 2.2895712852478027, "median_risk": 2.021474838256836, "high_priority_pixel_pct": 100.0, "priority_category": "HIGH PRIORITY", "threshold_type": "95th percentile prioritisation threshold", "recommendation": "Spectral-stress evidence detected. Prioritise field inspection to determine the underlying cause. Field verification required.", "priority_rank": 199}}, {"type": "Feature", "geometry": {"type": "Polygon", "coordinates": [[[741135.0, 9524625.0], [741135.0, 9524595.0], [741105.0, 9524595.0], [741105.0, 9524565.0], [741135.0, 9524565.0], [741135.0, 9524505.0], [741195.0, 9524505.0], [741195.0, 9524475.0], [741255.0, 9524475.0], [741255.0, 9524415.0], [741315.0, 9524415.0], [741315.0, 9524385.0], [741375.0, 9524385.0], [741375.0, 9524415.0], [741405.0, 9524415.0], [741405.0, 9524505.0], [741435.0, 9524505.0], [741435.0, 9524535.0], [741465.0, 9524535.0], [741465.0, 9524595.0], [741435.0, 9524595.0], [741435.0, 9524625.0], [741345.0, 9524625.0], [741345.0, 9524595.0], [741315.0, 9524595.0], [741315.0, 9524625.0], [741135.0, 9524625.0]]]}, "properties": {"zone_id": "scene_01_DT0000205230-Z0150", "scene": "scene_01_DT0000205230", "pixel_count": 62, "approx_area_m2": 55800.0, "centroid_x": 741298.5483870967, "centroid_y": 9524532.58064516, "mean_risk": 2.018486976623535, "max_risk": 2.1614556312561035, "median_risk": 2.0309996604919434, "high_priority_pixel_pct": 100.0, "priority_category": "HIGH PRIORITY", "threshold_type": "95th percentile prioritisation threshold", "recommendation": "Spectral-stress evidence detected. Prioritise field inspection to determine the underlying cause. Field verification required.", "priority_rank": 235}}, {"type": "Feature", "geometry": {"type": "Polygon", "coordinates": [[[742635.0, 9524655.0], [742635.0, 9524625.0], [742695.0, 9524625.0], [742695.0, 9524595.0], [742785.0, 9524595.0], [742785.0, 9524565.0], [742815.0, 9524565.0], [742815.0, 9524535.0], [742905.0, 9524535.0], [742905.0, 9524595.0], [742845.0, 9524595.0], [742845.0, 9524625.0], [742815.0, 9524625.0], [742815.0, 9524655.0], [742635.0, 9524655.0]]]}, "properties": {"zone_id": "scene_01_DT0000205230-Z0151", "scene": "scene_01_DT0000205230", "pixel_count": 18, "approx_area_m2": 16200.0, "centroid_x": 742786.6666666666, "centroid_y": 9524603.333333334, "mean_risk": 1.995585560798645, "max_risk": 2.1243269443511963, "median_risk": 1.9857118129730225, "high_priority_pixel_pct": 100.0, "priority_category": "HIGH PRIORITY", "threshold_type": "95th percentile prioritisation threshold", "recommendation": "Spectral-stress evidence detected. Prioritise field inspection to determine the underlying cause. Field verification required.", "priority_rank": 283}}, {"type": "Feature", "geometry": {"type": "Polygon", "coordinates": [[[716355.0, 9524625.0], [716355.0, 9524595.0], [716325.0, 9524595.0], [716325.0, 9524565.0], [716175.0, 9524565.0], [716175.0, 9524595.0], [716055.0, 9524595.0], [716055.0, 9524475.0], [716025.0, 9524475.0], [716025.0, 9524415.0], [716085.0, 9524415.0], [716085.0, 9524445.0], [716175.0, 9524445.0], [716175.0, 9524355.0], [716205.0, 9524355.0], [716205.0, 9524325.0], [716235.0, 9524325.0], [716235.0, 9524265.0], [716265.0, 9524265.0], [716265.0, 9524295.0], [716415.0, 9524295.0], [716415.0, 9524325.0], [716385.0, 9524325.0], [716385.0, 9524355.0], [716475.0, 9524355.0], [716475.0, 9524565.0], [716415.0, 9524565.0], [716415.0, 9524595.0], [716385.0, 9524595.0], [716385.0, 9524625.0], [716355.0, 9524625.0]]]}, "properties": {"zone_id": "scene_01_DT0000205230-Z0152", "scene": "scene_01_DT0000205230", "pixel_count": 110, "approx_area_m2": 99000.0, "centroid_x": 716278.6363636364, "centroid_y": 9524458.636363637, "mean_risk": 2.1051461696624756, "max_risk": 2.417996883392334, "median_risk": 2.095245361328125, "high_priority_pixel_pct": 100.0, "priority_category": "HIGH PRIORITY", "threshold_type": "95th percentile prioritisation threshold", "recommendation": "Spectral-stress evidence detected. Prioritise field inspection to determine the underlying cause. Field verification required.", "priority_rank": 125}}, {"type": "Feature", "geometry": {"type": "Polygon", "coordinates": [[[724725.0, 9524625.0], [724725.0, 9524595.0], [724695.0, 9524595.0], [724695.0, 9524475.0], [724725.0, 9524475.0], [724725.0, 9524445.0], [724755.0, 9524445.0], [724755.0, 9524415.0], [724845.0, 9524415.0], [724845.0, 9524445.0], [725025.0, 9524445.0], [725025.0, 9524595.0], [724905.0, 9524595.0], [724905.0, 9524565.0], [724845.0, 9524565.0], [724845.0, 9524595.0], [724815.0, 9524595.0], [724815.0, 9524625.0], [724725.0, 9524625.0]]]}, "properties": {"zone_id": "scene_01_DT0000205230-Z0153", "scene": "scene_01_DT0000205230", "pixel_count": 58, "approx_area_m2": 52200.0, "centroid_x": 724854.3103448276, "centroid_y": 9524518.965517242, "mean_risk": 2.1885409355163574, "max_risk": 2.641974925994873, "median_risk": 2.14984393119812, "high_priority_pixel_pct": 100.0, "priority_category": "HIGH PRIORITY", "threshold_type": "95th percentile prioritisation threshold", "recommendation": "Spectral-stress evidence detected. Prioritise field inspection to determine the underlying cause. Field verification required.", "priority_rank": 59}}, {"type": "Feature", "geometry": {"type": "Polygon", "coordinates": [[[728295.0, 9524625.0], [728295.0, 9524595.0], [728235.0, 9524595.0], [728235.0, 9524565.0], [728175.0, 9524565.0], [728175.0, 9524535.0], [728145.0, 9524535.0], [728145.0, 9524505.0], [728085.0, 9524505.0], [728085.0, 9524535.0], [728025.0, 9524535.0], [728025.0, 9524445.0], [728085.0, 9524445.0], [728085.0, 9524355.0], [728145.0, 9524355.0], [728145.0, 9524325.0], [728175.0, 9524325.0], [728175.0, 9524295.0], [728145.0, 9524295.0], [728145.0, 9524265.0], [728115.0, 9524265.0], [728115.0, 9524235.0], [728055.0, 9524235.0], [728055.0, 9524205.0], [727995.0, 9524205.0], [727995.0, 9524175.0], [727965.0, 9524175.0], [727965.0, 9524145.0], [727935.0, 9524145.0], [727935.0, 9524085.0], [727965.0, 9524085.0], [727965.0, 9523965.0], [727995.0, 9523965.0], [727995.0, 9523935.0], [728025.0, 9523935.0], [728025.0, 9523815.0], [728115.0, 9523815.0], [728115.0, 9523785.0], [728175.0, 9523785.0], [728175.0, 9523755.0], [728235.0, 9523755.0], [728235.0, 9523725.0], [728265.0, 9523725.0], [728265.0, 9523695.0], [728325.0, 9523695.0], [728325.0, 9523755.0], [728355.0, 9523755.0], [728355.0, 9523815.0], [728385.0, 9523815.0], [728385.0, 9523785.0], [728415.0, 9523785.0], [728415.0, 9523755.0], [728445.0, 9523755.0], [728445.0, 9523725.0], [728475.0, 9523725.0], [728475.0, 9523665.0], [728505.0, 9523665.0], [728505.0, 9523695.0], [728535.0, 9523695.0], [728535.0, 9523665.0], [728595.0, 9523665.0], [728595.0, 9523635.0], [728715.0, 9523635.0], [728715.0, 9523665.0], [728835.0, 9523665.0], [728835.0, 9523755.0], [728805.0, 9523755.0], [728805.0, 9523845.0], [728775.0, 9523845.0], [728775.0, 9523875.0], [728745.0, 9523875.0], [728745.0, 9523905.0], [728715.0, 9523905.0], [728715.0, 9523935.0], [728655.0, 9523935.0], [728655.0, 9523965.0], [728715.0, 9523965.0], [728715.0, 9524025.0], [728745.0, 9524025.0], [728745.0, 9524055.0], [728805.0, 9524055.0], [728805.0, 9524085.0], [728865.0, 9524085.0], [728865.0, 9524055.0], [728955.0, 9524055.0], [728955.0, 9524025.0], [728985.0, 9524025.0], [728985.0, 9523995.0], [729045.0, 9523995.0], [729045.0, 9523965.0], [729075.0, 9523965.0], [729075.0, 9523935.0], [729105.0, 9523935.0], [729105.0, 9523995.0], [729135.0, 9523995.0], [729135.0, 9524025.0], [729165.0, 9524025.0], [729165.0, 9524055.0], [729255.0, 9524055.0], [729255.0, 9524115.0], [729285.0, 9524115.0], [729285.0, 9524205.0], [729315.0, 9524205.0], [729315.0, 9524265.0], [729255.0, 9524265.0], [729255.0, 9524295.0], [729165.0, 9524295.0], [729165.0, 9524265.0], [729195.0, 9524265.0], [729195.0, 9524205.0], [729165.0, 9524205.0], [729165.0, 9524235.0], [729135.0, 9524235.0], [729135.0, 9524325.0], [729105.0, 9524325.0], [729105.0, 9524445.0], [729075.0, 9524445.0], [729075.0, 9524505.0], [729015.0, 9524505.0], [729015.0, 9524475.0], [728955.0, 9524475.0], [728955.0, 9524445.0], [728835.0, 9524445.0], [728835.0, 9524475.0], [728595.0, 9524475.0], [728595.0, 9524505.0], [728565.0, 9524505.0], [728565.0, 9524535.0], [728505.0, 9524535.0], [728505.0, 9524565.0], [728445.0, 9524565.0], [728445.0, 9524595.0], [728355.0, 9524595.0], [728355.0, 9524625.0], [728295.0, 9524625.0]], [[728265.0, 9524205.0], [728325.0, 9524205.0], [728325.0, 9524145.0], [728295.0, 9524145.0], [728295.0, 9524175.0], [728265.0, 9524175.0], [728265.0, 9524205.0]], [[728565.0, 9524055.0], [728625.0, 9524055.0], [728625.0, 9524025.0], [728565.0, 9524025.0], [728565.0, 9524055.0]], [[729075.0, 9524025.0], [729105.0, 9524025.0], [729105.0, 9523995.0], [729075.0, 9523995.0], [729075.0, 9524025.0]]]}, "properties": {"zone_id": "scene_01_DT0000205230-Z0154", "scene": "scene_01_DT0000205230", "pixel_count": 877, "approx_area_m2": 789300.0, "centroid_x": 728548.4264538198, "centroid_y": 9524145.632839225, "mean_risk": 2.320009231567383, "max_risk": 3.031712532043457, "median_risk": 2.3122832775115967, "high_priority_pixel_pct": 100.0, "priority_category": "HIGH PRIORITY", "threshold_type": "95th percentile prioritisation threshold", "recommendation": "Spectral-stress evidence detected. Prioritise field inspection to determine the underlying cause. Field verification required.", "priority_rank": 18}}, {"type": "Feature", "geometry": {"type": "Polygon", "coordinates": [[[738285.0, 9524625.0], [738285.0, 9524535.0], [738315.0, 9524535.0], [738315.0, 9524445.0], [738345.0, 9524445.0], [738345.0, 9524385.0], [738255.0, 9524385.0], [738255.0, 9524325.0], [738285.0, 9524325.0], [738285.0, 9524265.0], [738375.0, 9524265.0], [738375.0, 9524295.0], [738435.0, 9524295.0], [738435.0, 9524265.0], [738555.0, 9524265.0], [738555.0, 9524355.0], [738525.0, 9524355.0], [738525.0, 9524415.0], [738495.0, 9524415.0], [738495.0, 9524445.0], [738465.0, 9524445.0], [738465.0, 9524475.0], [738405.0, 9524475.0], [738405.0, 9524535.0], [738345.0, 9524535.0], [738345.0, 9524595.0], [738315.0, 9524595.0], [738315.0, 9524625.0], [738285.0, 9524625.0]]]}, "properties": {"zone_id": "scene_01_DT0000205230-Z0155", "scene": "scene_01_DT0000205230", "pixel_count": 62, "approx_area_m2": 55800.0, "centroid_x": 738398.2258064516, "centroid_y": 9524390.806451613, "mean_risk": 1.968532681465149, "max_risk": 2.098703145980835, "median_risk": 1.965033769607544, "high_priority_pixel_pct": 100.0, "priority_category": "HIGH PRIORITY", "threshold_type": "95th percentile prioritisation threshold", "recommendation": "Spectral-stress evidence detected. Prioritise field inspection to determine the underlying cause. Field verification required.", "priority_rank": 330}}, {"type": "Feature", "geometry": {"type": "Polygon", "coordinates": [[[741675.0, 9524595.0], [741675.0, 9524565.0], [741615.0, 9524565.0], [741615.0, 9524535.0], [741585.0, 9524535.0], [741585.0, 9524475.0], [741645.0, 9524475.0], [741645.0, 9524445.0], [741735.0, 9524445.0], [741735.0, 9524385.0], [741765.0, 9524385.0], [741765.0, 9524355.0], [741735.0, 9524355.0], [741735.0, 9524325.0], [741795.0, 9524325.0], [741795.0, 9524385.0], [741825.0, 9524385.0], [741825.0, 9524415.0], [741855.0, 9524415.0], [741855.0, 9524565.0], [741795.0, 9524565.0], [741795.0, 9524595.0], [741675.0, 9524595.0]]]}, "properties": {"zone_id": "scene_01_DT0000205230-Z0156", "scene": "scene_01_DT0000205230", "pixel_count": 47, "approx_area_m2": 42300.0, "centroid_x": 741741.7021276596, "centroid_y": 9524489.361702127, "mean_risk": 2.0709493160247803, "max_risk": 2.2953808307647705, "median_risk": 2.061245918273926, "high_priority_pixel_pct": 100.0, "priority_category": "HIGH PRIORITY", "threshold_type": "95th percentile prioritisation threshold", "recommendation": "Spectral-stress evidence detected. Prioritise field inspection to determine the underlying cause. Field verification required.", "priority_rank": 164}}, {"type": "Feature", "geometry": {"type": "Polygon", "coordinates": [[[718305.0, 9524565.0], [718305.0, 9524535.0], [718365.0, 9524535.0], [718365.0, 9524505.0], [718395.0, 9524505.0], [718395.0, 9524475.0], [718455.0, 9524475.0], [718455.0, 9524505.0], [718485.0, 9524505.0], [718485.0, 9524565.0], [718305.0, 9524565.0]]]}, "properties": {"zone_id": "scene_01_DT0000205230-Z0157", "scene": "scene_01_DT0000205230", "pixel_count": 12, "approx_area_m2": 10800.0, "centroid_x": 718410.0, "centroid_y": 9524530.0, "mean_risk": 2.0330772399902344, "max_risk": 2.138401508331299, "median_risk": 2.058284282684326, "high_priority_pixel_pct": 100.0, "priority_category": "HIGH PRIORITY", "threshold_type": "95th percentile prioritisation threshold", "recommendation": "Spectral-stress evidence detected. Prioritise field inspection to determine the underlying cause. Field verification required.", "priority_rank": 212}}, {"type": "Feature", "geometry": {"type": "Polygon", "coordinates": [[[730725.0, 9524295.0], [730725.0, 9524265.0], [730695.0, 9524265.0], [730695.0, 9524175.0], [730755.0, 9524175.0], [730755.0, 9524295.0], [730725.0, 9524295.0]]]}, "properties": {"zone_id": "scene_01_DT0000205230-Z0158", "scene": "scene_01_DT0000205230", "pixel_count": 19, "approx_area_m2": 17100.0, "centroid_x": 730771.5789473684, "centroid_y": 9524306.842105264, "mean_risk": 1.923370599746704, "max_risk": 1.9756464958190918, "median_risk": 1.9199144840240479, "high_priority_pixel_pct": 100.0, "priority_category": "HIGH PRIORITY", "threshold_type": "95th percentile prioritisation threshold", "recommendation": "Spectral-stress evidence detected. Prioritise field inspection to determine the underlying cause. Field verification required.", "priority_rank": 402}}, {"type": "Feature", "geometry": {"type": "Polygon", "coordinates": [[[730995.0, 9524325.0], [730995.0, 9524295.0], [730935.0, 9524295.0], [730935.0, 9524265.0], [730875.0, 9524265.0], [730875.0, 9524235.0], [730815.0, 9524235.0], [730815.0, 9524205.0], [730785.0, 9524205.0], [730785.0, 9524145.0], [730815.0, 9524145.0], [730815.0, 9524115.0], [730875.0, 9524115.0], [730875.0, 9523995.0], [730905.0, 9523995.0], [730905.0, 9523935.0], [730965.0, 9523935.0], [730965.0, 9523965.0], [731055.0, 9523965.0], [731055.0, 9523995.0], [731205.0, 9523995.0], [731205.0, 9523965.0], [731235.0, 9523965.0], [731235.0, 9523995.0], [731265.0, 9523995.0], [731265.0, 9524025.0], [731205.0, 9524025.0], [731205.0, 9524085.0], [731175.0, 9524085.0], [731175.0, 9524205.0], [731205.0, 9524205.0], [731205.0, 9524235.0], [731175.0, 9524235.0], [731175.0, 9524295.0], [731145.0, 9524295.0], [731145.0, 9524235.0], [731115.0, 9524235.0], [731115.0, 9524325.0], [730995.0, 9524325.0]], [[730995.0, 9524295.0], [731025.0, 9524295.0], [731025.0, 9524265.0], [730995.0, 9524265.0], [730995.0, 9524295.0]]]}, "properties": {"zone_id": "scene_01_DT0000205230-Z0159", "scene": "scene_01_DT0000205230", "pixel_count": 123, "approx_area_m2": 110700.0, "centroid_x": 731018.0487804879, "centroid_y": 9524132.195121951, "mean_risk": 2.0894412994384766, "max_risk": 2.5065550804138184, "median_risk": 2.073575735092163, "high_priority_pixel_pct": 100.0, "priority_category": "HIGH PRIORITY", "threshold_type": "95th percentile prioritisation threshold", "recommendation": "Spectral-stress evidence detected. Prioritise field inspection to determine the underlying cause. Field verification required.", "priority_rank": 138}}, {"type": "Feature", "geometry": {"type": "Polygon", "coordinates": [[[737805.0, 9524295.0], [737805.0, 9524205.0], [737865.0, 9524205.0], [737865.0, 9524175.0], [737925.0, 9524175.0], [737925.0, 9524145.0], [738015.0, 9524145.0], [738015.0, 9524205.0], [737985.0, 9524205.0], [737985.0, 9524265.0], [737955.0, 9524265.0], [737955.0, 9524295.0], [737805.0, 9524295.0]]]}, "properties": {"zone_id": "scene_01_DT0000205230-Z0160", "scene": "scene_01_DT0000205230", "pixel_count": 25, "approx_area_m2": 22500.0, "centroid_x": 737910.0, "centroid_y": 9524226.0, "mean_risk": 1.9420183897018433, "max_risk": 2.039731740951538, "median_risk": 1.9495638608932495, "high_priority_pixel_pct": 100.0, "priority_category": "HIGH PRIORITY", "threshold_type": "95th percentile prioritisation threshold", "recommendation": "Spectral-stress evidence detected. Prioritise field inspection to determine the underlying cause. Field verification required.", "priority_rank": 374}}, {"type": "Feature", "geometry": {"type": "Polygon", "coordinates": [[[713445.0, 9524235.0], [713445.0, 9524205.0], [713385.0, 9524205.0], [713385.0, 9524175.0], [713355.0, 9524175.0], [713355.0, 9524145.0], [713385.0, 9524145.0], [713385.0, 9524055.0], [713355.0, 9524055.0], [713355.0, 9523995.0], [713415.0, 9523995.0], [713415.0, 9523935.0], [713445.0, 9523935.0], [713445.0, 9523875.0], [713475.0, 9523875.0], [713475.0, 9523845.0], [713505.0, 9523845.0], [713505.0, 9523785.0], [713445.0, 9523785.0], [713445.0, 9523815.0], [713415.0, 9523815.0], [713415.0, 9523875.0], [713355.0, 9523875.0], [713355.0, 9523935.0], [713325.0, 9523935.0], [713325.0, 9523995.0], [713295.0, 9523995.0], [713295.0, 9523905.0], [713265.0, 9523905.0], [713265.0, 9523755.0], [713235.0, 9523755.0], [713235.0, 9523665.0], [713265.0, 9523665.0], [713265.0, 9523605.0], [713205.0, 9523605.0], [713205.0, 9523515.0], [713235.0, 9523515.0], [713235.0, 9523395.0], [713175.0, 9523395.0], [713175.0, 9523275.0], [713145.0, 9523275.0], [713145.0, 9523215.0], [713115.0, 9523215.0], [713115.0, 9523065.0], [713085.0, 9523065.0], [713085.0, 9522945.0], [713055.0, 9522945.0], [713055.0, 9522795.0], [713025.0, 9522795.0], [713025.0, 9522645.0], [712995.0, 9522645.0], [712995.0, 9522525.0], [712965.0, 9522525.0], [712965.0, 9522345.0], [713025.0, 9522345.0], [713025.0, 9522315.0], [713115.0, 9522315.0], [713115.0, 9522285.0], [713145.0, 9522285.0], [713145.0, 9522315.0], [713175.0, 9522315.0], [713175.0, 9522285.0], [713205.0, 9522285.0], [713205.0, 9522225.0], [713175.0, 9522225.0], [713175.0, 9522195.0], [713265.0, 9522195.0], [713265.0, 9522225.0], [713295.0, 9522225.0], [713295.0, 9522285.0], [713325.0, 9522285.0], [713325.0, 9522345.0], [713385.0, 9522345.0], [713385.0, 9522315.0], [713445.0, 9522315.0], [713445.0, 9522345.0], [713475.0, 9522345.0], [713475.0, 9522435.0], [713445.0, 9522435.0], [713445.0, 9522495.0], [713475.0, 9522495.0], [713475.0, 9522525.0], [713445.0, 9522525.0], [713445.0, 9522555.0], [713415.0, 9522555.0], [713415.0, 9522585.0], [713385.0, 9522585.0], [713385.0, 9522645.0], [713355.0, 9522645.0], [713355.0, 9522735.0], [713325.0, 9522735.0], [713325.0, 9522765.0], [713295.0, 9522765.0], [713295.0, 9522795.0], [713265.0, 9522795.0], [713265.0, 9522825.0], [713235.0, 9522825.0], [713235.0, 9522885.0], [713265.0, 9522885.0], [713265.0, 9522915.0], [713235.0, 9522915.0], [713235.0, 9522945.0], [713385.0, 9522945.0], [713385.0, 9522885.0], [713415.0, 9522885.0], [713415.0, 9522855.0], [713445.0, 9522855.0], [713445.0, 9522825.0], [713475.0, 9522825.0], [713475.0, 9522795.0], [713415.0, 9522795.0], [713415.0, 9522765.0], [713445.0, 9522765.0], [713445.0, 9522705.0], [713475.0, 9522705.0], [713475.0, 9522675.0], [713505.0, 9522675.0], [713505.0, 9522645.0], [713535.0, 9522645.0], [713535.0, 9522615.0], [713565.0, 9522615.0], [713565.0, 9522495.0], [713595.0, 9522495.0], [713595.0, 9522435.0], [713625.0, 9522435.0], [713625.0, 9522405.0], [713655.0, 9522405.0], [713655.0, 9522375.0], [713745.0, 9522375.0], [713745.0, 9522345.0], [713805.0, 9522345.0], [713805.0, 9522375.0], [713835.0, 9522375.0], [713835.0, 9522405.0], [713925.0, 9522405.0], [713925.0, 9522435.0], [713955.0, 9522435.0], [713955.0, 9522495.0], [713985.0, 9522495.0], [713985.0, 9522525.0], [714015.0, 9522525.0], [714015.0, 9522585.0], [714045.0, 9522585.0], [714045.0, 9522615.0], [714015.0, 9522615.0], [714015.0, 9522645.0], [713985.0, 9522645.0], [713985.0, 9522615.0], [713925.0, 9522615.0], [713925.0, 9522645.0], [713895.0, 9522645.0], [713895.0, 9522675.0], [713835.0, 9522675.0], [713835.0, 9522705.0], [713805.0, 9522705.0], [713805.0, 9522735.0], [713745.0, 9522735.0], [713745.0, 9522795.0], [713715.0, 9522795.0], [713715.0, 9522915.0], [713655.0, 9522915.0], [713655.0, 9523035.0], [713625.0, 9523035.0], [713625.0, 9523125.0], [713595.0, 9523125.0], [713595.0, 9523185.0], [713565.0, 9523185.0], [713565.0, 9523215.0], [713535.0, 9523215.0], [713535.0, 9523275.0], [713505.0, 9523275.0], [713505.0, 9523305.0], [713475.0, 9523305.0], [713475.0, 9523365.0], [713445.0, 9523365.0], [713445.0, 9523485.0], [713535.0, 9523485.0], [713535.0, 9523545.0], [713565.0, 9523545.0], [713565.0, 9523485.0], [713625.0, 9523485.0], [713625.0, 9523545.0], [713655.0, 9523545.0], [713655.0, 9523575.0], [713625.0, 9523575.0], [713625.0, 9523635.0], [713595.0, 9523635.0], [713595.0, 9523695.0], [713565.0, 9523695.0], [713565.0, 9523785.0], [713595.0, 9523785.0], [713595.0, 9523875.0], [713625.0, 9523875.0], [713625.0, 9523905.0], [713685.0, 9523905.0], [713685.0, 9523785.0], [713715.0, 9523785.0], [713715.0, 9523755.0], [713685.0, 9523755.0], [713685.0, 9523725.0], [713745.0, 9523725.0], [713745.0, 9523665.0], [713685.0, 9523665.0], [713685.0, 9523605.0], [713715.0, 9523605.0], [713715.0, 9523575.0], [713745.0, 9523575.0], [713745.0, 9523455.0], [713775.0, 9523455.0], [713775.0, 9523425.0], [713805.0, 9523425.0], [713805.0, 9523395.0], [713835.0, 9523395.0], [713835.0, 9523365.0], [713865.0, 9523365.0], [713865.0, 9523305.0], [713895.0, 9523305.0], [713895.0, 9523245.0], [713955.0, 9523245.0], [713955.0, 9523305.0], [713925.0, 9523305.0], [713925.0, 9523365.0], [713895.0, 9523365.0], [713895.0, 9523635.0], [713835.0, 9523635.0], [713835.0, 9523665.0], [713805.0, 9523665.0], [713805.0, 9523785.0], [713835.0, 9523785.0], [713835.0, 9523815.0], [713865.0, 9523815.0], [713865.0, 9523785.0], [713895.0, 9523785.0], [713895.0, 9523755.0], [713955.0, 9523755.0], [713955.0, 9523845.0], [713985.0, 9523845.0], [713985.0, 9523995.0], [714015.0, 9523995.0], [714015.0, 9524115.0], [713955.0, 9524115.0], [713955.0, 9524055.0], [713925.0, 9524055.0], [713925.0, 9524085.0], [713895.0, 9524085.0], [713895.0, 9524115.0], [713865.0, 9524115.0], [713865.0, 9524145.0], [713745.0, 9524145.0], [713745.0, 9524175.0], [713715.0, 9524175.0], [713715.0, 9524205.0], [713475.0, 9524205.0], [713475.0, 9524235.0], [713445.0, 9524235.0]], [[713745.0, 9524115.0], [713805.0, 9524115.0], [713805.0, 9524085.0], [713835.0, 9524085.0], [713835.0, 9524055.0], [713865.0, 9524055.0], [713865.0, 9524025.0], [713895.0, 9524025.0], [713895.0, 9523995.0], [713925.0, 9523995.0], [713925.0, 9523935.0], [713895.0, 9523935.0], [713895.0, 9523875.0], [713925.0, 9523875.0], [713925.0, 9523845.0], [713835.0, 9523845.0], [713835.0, 9523965.0], [713775.0, 9523965.0], [713775.0, 9524055.0], [713745.0, 9524055.0], [713745.0, 9524115.0]], [[713745.0, 9523665.0], [713775.0, 9523665.0], [713775.0, 9523635.0], [713745.0, 9523635.0], [713745.0, 9523665.0]], [[713355.0, 9523605.0], [713385.0, 9523605.0], [713385.0, 9523575.0], [713415.0, 9523575.0], [713415.0, 9523545.0], [713325.0, 9523545.0], [713325.0, 9523575.0], [713355.0, 9523575.0], [713355.0, 9523605.0]], [[713265.0, 9523275.0], [713295.0, 9523275.0], [713295.0, 9523245.0], [713325.0, 9523245.0], [713325.0, 9523185.0], [713295.0, 9523185.0], [713295.0, 9523125.0], [713265.0, 9523125.0], [713265.0, 9523275.0]], [[713325.0, 9523005.0], [713355.0, 9523005.0], [713355.0, 9522975.0], [713325.0, 9522975.0], [713325.0, 9523005.0]], [[713085.0, 9522855.0], [713115.0, 9522855.0], [713115.0, 9522825.0], [713085.0, 9522825.0], [713085.0, 9522855.0]], [[713145.0, 9522525.0], [713205.0, 9522525.0], [713205.0, 9522495.0], [713235.0, 9522495.0], [713235.0, 9522435.0], [713175.0, 9522435.0], [713175.0, 9522495.0], [713145.0, 9522495.0], [713145.0, 9522525.0]]]}, "properties": {"zone_id": "scene_01_DT0000205230-Z0161", "scene": "scene_01_DT0000205230", "pixel_count": 1128, "approx_area_m2": 1015200.0, "centroid_x": 713475.664893617, "centroid_y": 9523162.765957447, "mean_risk": 2.159794569015503, "max_risk": 2.8254449367523193, "median_risk": 2.1314120292663574, "high_priority_pixel_pct": 100.0, "priority_category": "HIGH PRIORITY", "threshold_type": "95th percentile prioritisation threshold", "recommendation": "Spectral-stress evidence detected. Prioritise field inspection to determine the underlying cause. Field verification required.", "priority_rank": 73}}, {"type": "Feature", "geometry": {"type": "Polygon", "coordinates": [[[736125.0, 9524025.0], [736125.0, 9523965.0], [736185.0, 9523965.0], [736185.0, 9523935.0], [736215.0, 9523935.0], [736215.0, 9523875.0], [736245.0, 9523875.0], [736245.0, 9523845.0], [736335.0, 9523845.0], [736335.0, 9523905.0], [736305.0, 9523905.0], [736305.0, 9524025.0], [736275.0, 9524025.0], [736275.0, 9523995.0], [736155.0, 9523995.0], [736155.0, 9524025.0], [736125.0, 9524025.0]], [[736245.0, 9523935.0], [736275.0, 9523935.0], [736275.0, 9523905.0], [736245.0, 9523905.0], [736245.0, 9523935.0]]]}, "properties": {"zone_id": "scene_01_DT0000205230-Z0162", "scene": "scene_01_DT0000205230", "pixel_count": 70, "approx_area_m2": 63000.0, "centroid_x": 736363.7142857143, "centroid_y": 9524022.42857143, "mean_risk": 1.956182837486267, "max_risk": 2.1226184368133545, "median_risk": 1.9436538219451904, "high_priority_pixel_pct": 100.0, "priority_category": "HIGH PRIORITY", "threshold_type": "95th percentile prioritisation threshold", "recommendation": "Spectral-stress evidence detected. Prioritise field inspection to determine the underlying cause. Field verification required.", "priority_rank": 353}}, {"type": "Feature", "geometry": {"type": "Polygon", "coordinates": [[[720135.0, 9524145.0], [720135.0, 9524085.0], [720075.0, 9524085.0], [720075.0, 9524115.0], [720015.0, 9524115.0], [720015.0, 9524055.0], [720045.0, 9524055.0], [720045.0, 9524025.0], [720075.0, 9524025.0], [720075.0, 9523995.0], [720105.0, 9523995.0], [720105.0, 9524025.0], [720165.0, 9524025.0], [720165.0, 9523995.0], [720225.0, 9523995.0], [720225.0, 9523785.0], [720255.0, 9523785.0], [720255.0, 9523725.0], [720225.0, 9523725.0], [720225.0, 9523695.0], [720255.0, 9523695.0], [720255.0, 9523635.0], [720195.0, 9523635.0], [720195.0, 9523605.0], [720165.0, 9523605.0], [720165.0, 9523575.0], [720225.0, 9523575.0], [720225.0, 9523605.0], [720345.0, 9523605.0], [720345.0, 9523575.0], [720435.0, 9523575.0], [720435.0, 9523545.0], [720465.0, 9523545.0], [720465.0, 9523515.0], [720525.0, 9523515.0], [720525.0, 9523425.0], [720585.0, 9523425.0], [720585.0, 9523515.0], [720555.0, 9523515.0], [720555.0, 9523545.0], [720525.0, 9523545.0], [720525.0, 9523605.0], [720495.0, 9523605.0], [720495.0, 9523635.0], [720405.0, 9523635.0], [720405.0, 9523755.0], [720465.0, 9523755.0], [720465.0, 9523785.0], [720615.0, 9523785.0], [720615.0, 9523755.0], [720645.0, 9523755.0], [720645.0, 9523725.0], [720675.0, 9523725.0], [720675.0, 9523755.0], [720705.0, 9523755.0], [720705.0, 9523785.0], [720765.0, 9523785.0], [720765.0, 9523755.0], [720795.0, 9523755.0], [720795.0, 9523725.0], [720825.0, 9523725.0], [720825.0, 9523695.0], [720885.0, 9523695.0], [720885.0, 9523635.0], [720945.0, 9523635.0], [720945.0, 9523665.0], [720975.0, 9523665.0], [720975.0, 9523695.0], [721005.0, 9523695.0], [721005.0, 9523755.0], [721035.0, 9523755.0], [721035.0, 9523995.0], [720855.0, 9523995.0], [720855.0, 9524025.0], [720705.0, 9524025.0], [720705.0, 9523995.0], [720645.0, 9523995.0], [720645.0, 9523965.0], [720615.0, 9523965.0], [720615.0, 9523935.0], [720585.0, 9523935.0], [720585.0, 9523995.0], [720525.0, 9523995.0], [720525.0, 9524025.0], [720465.0, 9524025.0], [720465.0, 9524055.0], [720375.0, 9524055.0], [720375.0, 9523995.0], [720405.0, 9523995.0], [720405.0, 9523965.0], [720435.0, 9523965.0], [720435.0, 9523905.0], [720405.0, 9523905.0], [720405.0, 9523935.0], [720375.0, 9523935.0], [720375.0, 9523965.0], [720345.0, 9523965.0], [720345.0, 9524055.0], [720315.0, 9524055.0], [720315.0, 9524085.0], [720255.0, 9524085.0], [720255.0, 9524115.0], [720195.0, 9524115.0], [720195.0, 9524145.0], [720135.0, 9524145.0]], [[720435.0, 9523905.0], [720465.0, 9523905.0], [720465.0, 9523875.0], [720435.0, 9523875.0], [720435.0, 9523905.0]], [[720465.0, 9523875.0], [720495.0, 9523875.0], [720495.0, 9523845.0], [720465.0, 9523845.0], [720465.0, 9523875.0]]]}, "properties": {"zone_id": "scene_01_DT0000205230-Z0163", "scene": "scene_01_DT0000205230", "pixel_count": 316, "approx_area_m2": 284400.0, "centroid_x": 720561.4556962026, "centroid_y": 9523850.601265823, "mean_risk": 2.14479923248291, "max_risk": 2.5912420749664307, "median_risk": 2.1128134727478027, "high_priority_pixel_pct": 100.0, "priority_category": "HIGH PRIORITY", "threshold_type": "95th percentile prioritisation threshold", "recommendation": "Spectral-stress evidence detected. Prioritise field inspection to determine the underlying cause. Field verification required.", "priority_rank": 88}}, {"type": "Feature", "geometry": {"type": "Polygon", "coordinates": [[[733935.0, 9524145.0], [733935.0, 9524115.0], [733905.0, 9524115.0], [733905.0, 9524055.0], [733935.0, 9524055.0], [733935.0, 9523935.0], [733995.0, 9523935.0], [733995.0, 9523965.0], [734025.0, 9523965.0], [734025.0, 9523995.0], [733995.0, 9523995.0], [733995.0, 9524115.0], [733965.0, 9524115.0], [733965.0, 9524145.0], [733935.0, 9524145.0]]]}, "properties": {"zone_id": "scene_01_DT0000205230-Z0164", "scene": "scene_01_DT0000205230", "pixel_count": 16, "approx_area_m2": 14400.0, "centroid_x": 733961.25, "centroid_y": 9524036.25, "mean_risk": 1.9600306749343872, "max_risk": 2.081105947494507, "median_risk": 1.9448167085647583, "high_priority_pixel_pct": 100.0, "priority_category": "HIGH PRIORITY", "threshold_type": "95th percentile prioritisation threshold", "recommendation": "Spectral-stress evidence detected. Prioritise field inspection to determine the underlying cause. Field verification required.", "priority_rank": 346}}, {"type": "Feature", "geometry": {"type": "Polygon", "coordinates": [[[738525.0, 9524145.0], [738525.0, 9524115.0], [738465.0, 9524115.0], [738465.0, 9524055.0], [738525.0, 9524055.0], [738525.0, 9524025.0], [738555.0, 9524025.0], [738555.0, 9523995.0], [738585.0, 9523995.0], [738585.0, 9524025.0], [738615.0, 9524025.0], [738615.0, 9524055.0], [738645.0, 9524055.0], [738645.0, 9524115.0], [738615.0, 9524115.0], [738615.0, 9524145.0], [738525.0, 9524145.0]]]}, "properties": {"zone_id": "scene_01_DT0000205230-Z0165", "scene": "scene_01_DT0000205230", "pixel_count": 19, "approx_area_m2": 17100.0, "centroid_x": 738560.5263157894, "centroid_y": 9524081.05263158, "mean_risk": 1.9708380699157715, "max_risk": 2.0697271823883057, "median_risk": 1.9616637229919434, "high_priority_pixel_pct": 100.0, "priority_category": "HIGH PRIORITY", "threshold_type": "95th percentile prioritisation threshold", "recommendation": "Spectral-stress evidence detected. Prioritise field inspection to determine the underlying cause. Field verification required.", "priority_rank": 327}}, {"type": "Feature", "geometry": {"type": "Polygon", "coordinates": [[[717285.0, 9524115.0], [717285.0, 9524085.0], [717225.0, 9524085.0], [717225.0, 9523935.0], [717255.0, 9523935.0], [717255.0, 9523845.0], [717285.0, 9523845.0], [717285.0, 9523815.0], [717255.0, 9523815.0], [717255.0, 9523755.0], [717285.0, 9523755.0], [717285.0, 9523725.0], [717345.0, 9523725.0], [717345.0, 9523665.0], [717375.0, 9523665.0], [717375.0, 9523725.0], [717405.0, 9523725.0], [717405.0, 9523695.0], [717435.0, 9523695.0], [717435.0, 9523665.0], [717495.0, 9523665.0], [717495.0, 9523635.0], [717525.0, 9523635.0], [717525.0, 9523665.0], [717555.0, 9523665.0], [717555.0, 9523695.0], [717585.0, 9523695.0], [717585.0, 9523725.0], [717615.0, 9523725.0], [717615.0, 9523695.0], [717765.0, 9523695.0], [717765.0, 9523725.0], [717735.0, 9523725.0], [717735.0, 9523755.0], [717705.0, 9523755.0], [717705.0, 9523785.0], [717675.0, 9523785.0], [717675.0, 9523815.0], [717645.0, 9523815.0], [717645.0, 9523845.0], [717615.0, 9523845.0], [717615.0, 9523875.0], [717585.0, 9523875.0], [717585.0, 9523965.0], [717555.0, 9523965.0], [717555.0, 9524025.0], [717495.0, 9524025.0], [717495.0, 9524085.0], [717405.0, 9524085.0], [717405.0, 9524055.0], [717375.0, 9524055.0], [717375.0, 9524085.0], [717315.0, 9524085.0], [717315.0, 9524115.0], [717285.0, 9524115.0]]]}, "properties": {"zone_id": "scene_01_DT0000205230-Z0166", "scene": "scene_01_DT0000205230", "pixel_count": 160, "approx_area_m2": 144000.0, "centroid_x": 717442.875, "centroid_y": 9523868.25, "mean_risk": 2.264573335647583, "max_risk": 3.0941765308380127, "median_risk": 2.201140880584717, "high_priority_pixel_pct": 100.0, "priority_category": "HIGH PRIORITY", "threshold_type": "95th percentile prioritisation threshold", "recommendation": "Spectral-stress evidence detected. Prioritise field inspection to determine the underlying cause. Field verification required.", "priority_rank": 31}}, {"type": "Feature", "geometry": {"type": "Polygon", "coordinates": [[[714045.0, 9524085.0], [714045.0, 9524055.0], [714075.0, 9524055.0], [714075.0, 9524025.0], [714135.0, 9524025.0], [714135.0, 9523995.0], [714165.0, 9523995.0], [714165.0, 9523935.0], [714195.0, 9523935.0], [714195.0, 9523845.0], [714165.0, 9523845.0], [714165.0, 9523875.0], [714135.0, 9523875.0], [714135.0, 9523845.0], [714105.0, 9523845.0], [714105.0, 9523755.0], [714135.0, 9523755.0], [714135.0, 9523695.0], [714225.0, 9523695.0], [714225.0, 9523665.0], [714255.0, 9523665.0], [714255.0, 9523635.0], [714315.0, 9523635.0], [714315.0, 9523665.0], [714405.0, 9523665.0], [714405.0, 9523695.0], [714435.0, 9523695.0], [714435.0, 9523725.0], [714465.0, 9523725.0], [714465.0, 9523695.0], [714495.0, 9523695.0], [714495.0, 9523575.0], [714555.0, 9523575.0], [714555.0, 9523605.0], [714585.0, 9523605.0], [714585.0, 9523635.0], [714615.0, 9523635.0], [714615.0, 9523695.0], [714585.0, 9523695.0], [714585.0, 9523725.0], [714555.0, 9523725.0], [714555.0, 9523815.0], [714465.0, 9523815.0], [714465.0, 9523845.0], [714435.0, 9523845.0], [714435.0, 9523905.0], [714495.0, 9523905.0], [714495.0, 9523965.0], [714405.0, 9523965.0], [714405.0, 9523995.0], [714375.0, 9523995.0], [714375.0, 9524025.0], [714345.0, 9524025.0], [714345.0, 9524055.0], [714315.0, 9524055.0], [714315.0, 9524025.0], [714285.0, 9524025.0], [714285.0, 9523995.0], [714255.0, 9523995.0], [714255.0, 9524025.0], [714225.0, 9524025.0], [714225.0, 9524085.0], [714045.0, 9524085.0]]]}, "properties": {"zone_id": "scene_01_DT0000205230-Z0167", "scene": "scene_01_DT0000205230", "pixel_count": 156, "approx_area_m2": 140400.0, "centroid_x": 714326.1538461539, "centroid_y": 9523830.961538462, "mean_risk": 2.1701033115386963, "max_risk": 2.680575132369995, "median_risk": 2.124638319015503, "high_priority_pixel_pct": 100.0, "priority_category": "HIGH PRIORITY", "threshold_type": "95th percentile prioritisation threshold", "recommendation": "Spectral-stress evidence detected. Prioritise field inspection to determine the underlying cause. Field verification required.", "priority_rank": 69}}, {"type": "Feature", "geometry": {"type": "Polygon", "coordinates": [[[731625.0, 9524085.0], [731625.0, 9523935.0], [731715.0, 9523935.0], [731715.0, 9523995.0], [731775.0, 9523995.0], [731775.0, 9524055.0], [731685.0, 9524055.0], [731685.0, 9524085.0], [731625.0, 9524085.0]]]}, "properties": {"zone_id": "scene_01_DT0000205230-Z0168", "scene": "scene_01_DT0000205230", "pixel_count": 18, "approx_area_m2": 16200.0, "centroid_x": 731685.0, "centroid_y": 9524010.0, "mean_risk": 2.0040366649627686, "max_risk": 2.1292898654937744, "median_risk": 2.0013318061828613, "high_priority_pixel_pct": 100.0, "priority_category": "HIGH PRIORITY", "threshold_type": "95th percentile prioritisation threshold", "recommendation": "Spectral-stress evidence detected. Prioritise field inspection to determine the underlying cause. Field verification required.", "priority_rank": 263}}, {"type": "Feature", "geometry": {"type": "Polygon", "coordinates": [[[731355.0, 9523965.0], [731355.0, 9523905.0], [731295.0, 9523905.0], [731295.0, 9523845.0], [731385.0, 9523845.0], [731385.0, 9523815.0], [731355.0, 9523815.0], [731355.0, 9523785.0], [731325.0, 9523785.0], [731325.0, 9523725.0], [731355.0, 9523725.0], [731355.0, 9523695.0], [731385.0, 9523695.0], [731385.0, 9523725.0], [731415.0, 9523725.0], [731415.0, 9523785.0], [731475.0, 9523785.0], [731475.0, 9523815.0], [731505.0, 9523815.0], [731505.0, 9523845.0], [731535.0, 9523845.0], [731535.0, 9523935.0], [731505.0, 9523935.0], [731505.0, 9523965.0], [731355.0, 9523965.0]]]}, "properties": {"zone_id": "scene_01_DT0000205230-Z0169", "scene": "scene_01_DT0000205230", "pixel_count": 42, "approx_area_m2": 37800.0, "centroid_x": 731416.4285714285, "centroid_y": 9523857.857142856, "mean_risk": 1.9840108156204224, "max_risk": 2.2335710525512695, "median_risk": 1.9415613412857056, "high_priority_pixel_pct": 100.0, "priority_category": "HIGH PRIORITY", "threshold_type": "95th percentile prioritisation threshold", "recommendation": "Spectral-stress evidence detected. Prioritise field inspection to determine the underlying cause. Field verification required.", "priority_rank": 302}}, {"type": "Feature", "geometry": {"type": "Polygon", "coordinates": [[[733455.0, 9523965.0], [733455.0, 9523875.0], [733425.0, 9523875.0], [733425.0, 9523695.0], [733485.0, 9523695.0], [733485.0, 9523755.0], [733575.0, 9523755.0], [733575.0, 9523785.0], [733605.0, 9523785.0], [733605.0, 9523815.0], [733575.0, 9523815.0], [733575.0, 9523875.0], [733605.0, 9523875.0], [733605.0, 9523905.0], [733695.0, 9523905.0], [733695.0, 9523935.0], [733665.0, 9523935.0], [733665.0, 9523965.0], [733455.0, 9523965.0]]]}, "properties": {"zone_id": "scene_01_DT0000205230-Z0170", "scene": "scene_01_DT0000205230", "pixel_count": 45, "approx_area_m2": 40500.0, "centroid_x": 733524.0, "centroid_y": 9523854.666666666, "mean_risk": 2.2321457862854004, "max_risk": 2.752642869949341, "median_risk": 2.236013174057007, "high_priority_pixel_pct": 100.0, "priority_category": "HIGH PRIORITY", "threshold_type": "95th percentile prioritisation threshold", "recommendation": "Spectral-stress evidence detected. Prioritise field inspection to determine the underlying cause. Field verification required.", "priority_rank": 42}}, {"type": "Feature", "geometry": {"type": "Polygon", "coordinates": [[[734385.0, 9523965.0], [734385.0, 9523935.0], [734355.0, 9523935.0], [734355.0, 9523905.0], [734325.0, 9523905.0], [734325.0, 9523875.0], [734415.0, 9523875.0], [734415.0, 9523905.0], [734475.0, 9523905.0], [734475.0, 9523935.0], [734505.0, 9523935.0], [734505.0, 9523965.0], [734385.0, 9523965.0]]]}, "properties": {"zone_id": "scene_01_DT0000205230-Z0171", "scene": "scene_01_DT0000205230", "pixel_count": 11, "approx_area_m2": 9900.0, "centroid_x": 734413.6363636364, "centroid_y": 9523922.727272727, "mean_risk": 1.9312644004821777, "max_risk": 2.011082887649536, "median_risk": 1.9297587871551514, "high_priority_pixel_pct": 100.0, "priority_category": "HIGH PRIORITY", "threshold_type": "95th percentile prioritisation threshold", "recommendation": "Spectral-stress evidence detected. Prioritise field inspection to determine the underlying cause. Field verification required.", "priority_rank": 394}}, {"type": "Feature", "geometry": {"type": "Polygon", "coordinates": [[[735855.0, 9523965.0], [735855.0, 9523935.0], [735825.0, 9523935.0], [735825.0, 9523815.0], [735855.0, 9523815.0], [735855.0, 9523785.0], [735885.0, 9523785.0], [735885.0, 9523755.0], [735855.0, 9523755.0], [735855.0, 9523725.0], [735885.0, 9523725.0], [735885.0, 9523695.0], [735915.0, 9523695.0], [735915.0, 9523665.0], [736035.0, 9523665.0], [736035.0, 9523695.0], [736065.0, 9523695.0], [736065.0, 9523605.0], [736035.0, 9523605.0], [736035.0, 9523575.0], [736065.0, 9523575.0], [736065.0, 9523545.0], [736095.0, 9523545.0], [736095.0, 9523515.0], [736245.0, 9523515.0], [736245.0, 9523455.0], [736305.0, 9523455.0], [736305.0, 9523335.0], [736335.0, 9523335.0], [736335.0, 9523365.0], [736365.0, 9523365.0], [736365.0, 9523335.0], [736395.0, 9523335.0], [736395.0, 9523365.0], [736425.0, 9523365.0], [736425.0, 9523335.0], [736455.0, 9523335.0], [736455.0, 9523305.0], [736515.0, 9523305.0], [736515.0, 9523365.0], [736575.0, 9523365.0], [736575.0, 9523305.0], [736605.0, 9523305.0], [736605.0, 9523275.0], [736635.0, 9523275.0], [736635.0, 9523245.0], [736695.0, 9523245.0], [736695.0, 9523275.0], [736755.0, 9523275.0], [736755.0, 9523245.0], [736785.0, 9523245.0], [736785.0, 9523185.0], [736935.0, 9523185.0], [736935.0, 9523155.0], [736995.0, 9523155.0], [736995.0, 9523185.0], [737055.0, 9523185.0], [737055.0, 9523215.0], [737025.0, 9523215.0], [737025.0, 9523275.0], [736995.0, 9523275.0], [736995.0, 9523305.0], [736965.0, 9523305.0], [736965.0, 9523365.0], [737055.0, 9523365.0], [737055.0, 9523395.0], [737025.0, 9523395.0], [737025.0, 9523425.0], [736905.0, 9523425.0], [736905.0, 9523455.0], [736875.0, 9523455.0], [736875.0, 9523425.0], [736785.0, 9523425.0], [736785.0, 9523455.0], [736725.0, 9523455.0], [736725.0, 9523485.0], [736695.0, 9523485.0], [736695.0, 9523545.0], [736665.0, 9523545.0], [736665.0, 9523605.0], [736695.0, 9523605.0], [736695.0, 9523725.0], [736665.0, 9523725.0], [736665.0, 9523755.0], [736635.0, 9523755.0], [736635.0, 9523725.0], [736545.0, 9523725.0], [736545.0, 9523695.0], [736485.0, 9523695.0], [736485.0, 9523665.0], [736365.0, 9523665.0], [736365.0, 9523695.0], [736095.0, 9523695.0], [736095.0, 9523725.0], [736005.0, 9523725.0], [736005.0, 9523755.0], [735975.0, 9523755.0], [735975.0, 9523845.0], [735945.0, 9523845.0], [735945.0, 9523935.0], [735915.0, 9523935.0], [735915.0, 9523965.0], [735855.0, 9523965.0]]]}, "properties": {"zone_id": "scene_01_DT0000205230-Z0172", "scene": "scene_01_DT0000205230", "pixel_count": 343, "approx_area_m2": 308700.0, "centroid_x": 736481.6326530612, "centroid_y": 9523509.008746356, "mean_risk": 2.0890657901763916, "max_risk": 2.547316789627075, "median_risk": 2.074467658996582, "high_priority_pixel_pct": 100.0, "priority_category": "HIGH PRIORITY", "threshold_type": "95th percentile prioritisation threshold", "recommendation": "Spectral-stress evidence detected. Prioritise field inspection to determine the underlying cause. Field verification required.", "priority_rank": 139}}, {"type": "Feature", "geometry": {"type": "Polygon", "coordinates": [[[719715.0, 9523935.0], [719715.0, 9523905.0], [719625.0, 9523905.0], [719625.0, 9523845.0], [719655.0, 9523845.0], [719655.0, 9523785.0], [719715.0, 9523785.0], [719715.0, 9523815.0], [719745.0, 9523815.0], [719745.0, 9523785.0], [719775.0, 9523785.0], [719775.0, 9523905.0], [719745.0, 9523905.0], [719745.0, 9523935.0], [719715.0, 9523935.0]]]}, "properties": {"zone_id": "scene_01_DT0000205230-Z0173", "scene": "scene_01_DT0000205230", "pixel_count": 18, "approx_area_m2": 16200.0, "centroid_x": 719706.6666666666, "centroid_y": 9523855.0, "mean_risk": 1.9440468549728394, "max_risk": 2.03007435798645, "median_risk": 1.9365122318267822, "high_priority_pixel_pct": 100.0, "priority_category": "HIGH PRIORITY", "threshold_type": "95th percentile prioritisation threshold", "recommendation": "Spectral-stress evidence detected. Prioritise field inspection to determine the underlying cause. Field verification required.", "priority_rank": 372}}, {"type": "Feature", "geometry": {"type": "Polygon", "coordinates": [[[734535.0, 9523935.0], [734535.0, 9523905.0], [734505.0, 9523905.0], [734505.0, 9523815.0], [734475.0, 9523815.0], [734475.0, 9523755.0], [734535.0, 9523755.0], [734535.0, 9523725.0], [734595.0, 9523725.0], [734595.0, 9523635.0], [734625.0, 9523635.0], [734625.0, 9523605.0], [734685.0, 9523605.0], [734685.0, 9523575.0], [734745.0, 9523575.0], [734745.0, 9523515.0], [734775.0, 9523515.0], [734775.0, 9523545.0], [734805.0, 9523545.0], [734805.0, 9523575.0], [734775.0, 9523575.0], [734775.0, 9523605.0], [734745.0, 9523605.0], [734745.0, 9523635.0], [734805.0, 9523635.0], [734805.0, 9523605.0], [734835.0, 9523605.0], [734835.0, 9523515.0], [734865.0, 9523515.0], [734865.0, 9523425.0], [734895.0, 9523425.0], [734895.0, 9523395.0], [734955.0, 9523395.0], [734955.0, 9523455.0], [734985.0, 9523455.0], [734985.0, 9523485.0], [735045.0, 9523485.0], [735045.0, 9523515.0], [735075.0, 9523515.0], [735075.0, 9523545.0], [735015.0, 9523545.0], [735015.0, 9523575.0], [734955.0, 9523575.0], [734955.0, 9523605.0], [734865.0, 9523605.0], [734865.0, 9523695.0], [734775.0, 9523695.0], [734775.0, 9523725.0], [734745.0, 9523725.0], [734745.0, 9523755.0], [734715.0, 9523755.0], [734715.0, 9523875.0], [734595.0, 9523875.0], [734595.0, 9523905.0], [734565.0, 9523905.0], [734565.0, 9523935.0], [734535.0, 9523935.0]], [[734595.0, 9523755.0], [734625.0, 9523755.0], [734625.0, 9523725.0], [734595.0, 9523725.0], [734595.0, 9523755.0]]]}, "properties": {"zone_id": "scene_01_DT0000205230-Z0174", "scene": "scene_01_DT0000205230", "pixel_count": 109, "approx_area_m2": 98100.0, "centroid_x": 734743.7614678899, "centroid_y": 9523667.614678899, "mean_risk": 2.0447943210601807, "max_risk": 2.33941388130188, "median_risk": 2.0277867317199707, "high_priority_pixel_pct": 100.0, "priority_category": "HIGH PRIORITY", "threshold_type": "95th percentile prioritisation threshold", "recommendation": "Spectral-stress evidence detected. Prioritise field inspection to determine the underlying cause. Field verification required.", "priority_rank": 195}}, {"type": "Feature", "geometry": {"type": "Polygon", "coordinates": [[[716895.0, 9523875.0], [716895.0, 9523845.0], [716835.0, 9523845.0], [716835.0, 9523755.0], [716925.0, 9523755.0], [716925.0, 9523845.0], [716955.0, 9523845.0], [716955.0, 9523875.0], [716895.0, 9523875.0]]]}, "properties": {"zone_id": "scene_01_DT0000205230-Z0175", "scene": "scene_01_DT0000205230", "pixel_count": 11, "approx_area_m2": 9900.0, "centroid_x": 716888.1818181818, "centroid_y": 9523810.909090908, "mean_risk": 1.9572644233703613, "max_risk": 2.0868465900421143, "median_risk": 1.935670256614685, "high_priority_pixel_pct": 100.0, "priority_category": "HIGH PRIORITY", "threshold_type": "95th percentile prioritisation threshold", "recommendation": "Spectral-stress evidence detected. Prioritise field inspection to determine the underlying cause. Field verification required.", "priority_rank": 349}}, {"type": "Feature", "geometry": {"type": "Polygon", "coordinates": [[[726975.0, 9523875.0], [726975.0, 9523815.0], [727005.0, 9523815.0], [727005.0, 9523755.0], [726975.0, 9523755.0], [726975.0, 9523695.0], [727065.0, 9523695.0], [727065.0, 9523605.0], [727095.0, 9523605.0], [727095.0, 9523515.0], [727125.0, 9523515.0], [727125.0, 9523485.0], [727155.0, 9523485.0], [727155.0, 9523455.0], [727215.0, 9523455.0], [727215.0, 9523425.0], [727245.0, 9523425.0], [727245.0, 9523395.0], [727365.0, 9523395.0], [727365.0, 9523365.0], [727395.0, 9523365.0], [727395.0, 9523305.0], [727425.0, 9523305.0], [727425.0, 9523335.0], [727575.0, 9523335.0], [727575.0, 9523365.0], [727545.0, 9523365.0], [727545.0, 9523395.0], [727515.0, 9523395.0], [727515.0, 9523425.0], [727485.0, 9523425.0], [727485.0, 9523485.0], [727455.0, 9523485.0], [727455.0, 9523515.0], [727425.0, 9523515.0], [727425.0, 9523545.0], [727395.0, 9523545.0], [727395.0, 9523575.0], [727365.0, 9523575.0], [727365.0, 9523635.0], [727305.0, 9523635.0], [727305.0, 9523665.0], [727275.0, 9523665.0], [727275.0, 9523755.0], [727245.0, 9523755.0], [727245.0, 9523785.0], [727215.0, 9523785.0], [727215.0, 9523755.0], [727155.0, 9523755.0], [727155.0, 9523875.0], [726975.0, 9523875.0]]]}, "properties": {"zone_id": "scene_01_DT0000205230-Z0176", "scene": "scene_01_DT0000205230", "pixel_count": 151, "approx_area_m2": 135900.0, "centroid_x": 727237.3509933775, "centroid_y": 9523590.59602649, "mean_risk": 2.122105121612549, "max_risk": 2.555236339569092, "median_risk": 2.111548900604248, "high_priority_pixel_pct": 100.0, "priority_category": "HIGH PRIORITY", "threshold_type": "95th percentile prioritisation threshold", "recommendation": "Spectral-stress evidence detected. Prioritise field inspection to determine the underlying cause. Field verification required.", "priority_rank": 105}}, {"type": "Feature", "geometry": {"type": "Polygon", "coordinates": [[[733965.0, 9523215.0], [733965.0, 9523095.0], [733905.0, 9523095.0], [733905.0, 9523035.0], [733935.0, 9523035.0], [733935.0, 9523005.0], [734025.0, 9523005.0], [734025.0, 9523035.0], [734055.0, 9523035.0], [734055.0, 9523095.0], [734085.0, 9523095.0], [734085.0, 9523065.0], [734115.0, 9523065.0], [734115.0, 9523035.0], [734295.0, 9523035.0], [734295.0, 9523005.0], [734235.0, 9523005.0], [734235.0, 9522945.0], [734055.0, 9522945.0], [734055.0, 9522915.0], [734025.0, 9522915.0], [734025.0, 9522885.0], [734055.0, 9522885.0], [734055.0, 9522855.0], [734115.0, 9522855.0], [734115.0, 9522795.0], [734235.0, 9522795.0], [734235.0, 9522825.0], [734355.0, 9522825.0], [734355.0, 9522795.0], [734295.0, 9522795.0], [734295.0, 9522705.0], [734265.0, 9522705.0], [734265.0, 9522645.0], [734205.0, 9522645.0], [734205.0, 9522615.0], [734265.0, 9522615.0], [734265.0, 9522585.0], [734295.0, 9522585.0], [734295.0, 9522555.0], [734205.0, 9522555.0], [734205.0, 9522495.0], [734235.0, 9522495.0], [734235.0, 9522465.0], [734295.0, 9522465.0], [734295.0, 9522495.0], [734325.0, 9522495.0], [734325.0, 9522465.0], [734445.0, 9522465.0], [734445.0, 9522495.0], [734505.0, 9522495.0], [734505.0, 9522375.0], [734445.0, 9522375.0], [734445.0, 9522345.0], [734475.0, 9522345.0], [734475.0, 9522315.0], [734415.0, 9522315.0], [734415.0, 9522285.0], [734445.0, 9522285.0], [734445.0, 9522255.0], [734535.0, 9522255.0], [734535.0, 9522225.0], [734595.0, 9522225.0], [734595.0, 9522255.0], [734745.0, 9522255.0], [734745.0, 9522285.0], [734805.0, 9522285.0], [734805.0, 9522315.0], [734835.0, 9522315.0], [734835.0, 9522345.0], [734775.0, 9522345.0], [734775.0, 9522405.0], [734745.0, 9522405.0], [734745.0, 9522435.0], [734655.0, 9522435.0], [734655.0, 9522525.0], [734685.0, 9522525.0], [734685.0, 9522555.0], [734655.0, 9522555.0], [734655.0, 9522615.0], [734625.0, 9522615.0], [734625.0, 9522645.0], [734595.0, 9522645.0], [734595.0, 9522765.0], [734565.0, 9522765.0], [734565.0, 9522795.0], [734535.0, 9522795.0], [734535.0, 9522825.0], [734565.0, 9522825.0], [734565.0, 9522915.0], [734595.0, 9522915.0], [734595.0, 9522975.0], [734625.0, 9522975.0], [734625.0, 9523005.0], [734595.0, 9523005.0], [734595.0, 9523035.0], [734535.0, 9523035.0], [734535.0, 9523065.0], [734475.0, 9523065.0], [734475.0, 9523125.0], [734445.0, 9523125.0], [734445.0, 9523155.0], [734385.0, 9523155.0], [734385.0, 9523185.0], [734355.0, 9523185.0], [734355.0, 9523125.0], [734325.0, 9523125.0], [734325.0, 9523095.0], [734175.0, 9523095.0], [734175.0, 9523125.0], [734055.0, 9523125.0], [734055.0, 9523155.0], [734025.0, 9523155.0], [734025.0, 9523185.0], [733995.0, 9523185.0], [733995.0, 9523215.0], [733965.0, 9523215.0]], [[734385.0, 9523065.0], [734415.0, 9523065.0], [734415.0, 9522975.0], [734355.0, 9522975.0], [734355.0, 9523035.0], [734385.0, 9523035.0], [734385.0, 9523065.0]], [[734355.0, 9522915.0], [734385.0, 9522915.0], [734385.0, 9522885.0], [734355.0, 9522885.0], [734355.0, 9522915.0]]]}, "properties": {"zone_id": "scene_01_DT0000205230-Z0177", "scene": "scene_01_DT0000205230", "pixel_count": 616, "approx_area_m2": 554400.0, "centroid_x": 734304.7402597403, "centroid_y": 9523070.503246753, "mean_risk": 2.188123941421509, "max_risk": 2.852994441986084, "median_risk": 2.1431660652160645, "high_priority_pixel_pct": 100.0, "priority_category": "HIGH PRIORITY", "threshold_type": "95th percentile prioritisation threshold", "recommendation": "Spectral-stress evidence detected. Prioritise field inspection to determine the underlying cause. Field verification required.", "priority_rank": 60}}, {"type": "Feature", "geometry": {"type": "Polygon", "coordinates": [[[716655.0, 9523815.0], [716655.0, 9523785.0], [716625.0, 9523785.0], [716625.0, 9523755.0], [716595.0, 9523755.0], [716595.0, 9523695.0], [716625.0, 9523695.0], [716625.0, 9523665.0], [716745.0, 9523665.0], [716745.0, 9523635.0], [716835.0, 9523635.0], [716835.0, 9523695.0], [716805.0, 9523695.0], [716805.0, 9523755.0], [716745.0, 9523755.0], [716745.0, 9523785.0], [716715.0, 9523785.0], [716715.0, 9523815.0], [716655.0, 9523815.0]]]}, "properties": {"zone_id": "scene_01_DT0000205230-Z0178", "scene": "scene_01_DT0000205230", "pixel_count": 30, "approx_area_m2": 27000.0, "centroid_x": 716713.0, "centroid_y": 9523718.0, "mean_risk": 1.970459222793579, "max_risk": 2.0926835536956787, "median_risk": 1.9707565307617188, "high_priority_pixel_pct": 100.0, "priority_category": "HIGH PRIORITY", "threshold_type": "95th percentile prioritisation threshold", "recommendation": "Spectral-stress evidence detected. Prioritise field inspection to determine the underlying cause. Field verification required.", "priority_rank": 328}}, {"type": "Feature", "geometry": {"type": "Polygon", "coordinates": [[[737415.0, 9523815.0], [737415.0, 9523785.0], [737355.0, 9523785.0], [737355.0, 9523665.0], [737385.0, 9523665.0], [737385.0, 9523605.0], [737415.0, 9523605.0], [737415.0, 9523635.0], [737505.0, 9523635.0], [737505.0, 9523665.0], [737475.0, 9523665.0], [737475.0, 9523695.0], [737445.0, 9523695.0], [737445.0, 9523815.0], [737415.0, 9523815.0]]]}, "properties": {"zone_id": "scene_01_DT0000205230-Z0179", "scene": "scene_01_DT0000205230", "pixel_count": 19, "approx_area_m2": 17100.0, "centroid_x": 737414.2105263158, "centroid_y": 9523705.263157895, "mean_risk": 1.9369369745254517, "max_risk": 1.981255054473877, "median_risk": 1.937423586845398, "high_priority_pixel_pct": 100.0, "priority_category": "HIGH PRIORITY", "threshold_type": "95th percentile prioritisation threshold", "recommendation": "Spectral-stress evidence detected. Prioritise field inspection to determine the underlying cause. Field verification required.", "priority_rank": 382}}, {"type": "Feature", "geometry": {"type": "Polygon", "coordinates": [[[719895.0, 9523755.0], [719895.0, 9523725.0], [719805.0, 9523725.0], [719805.0, 9523695.0], [719895.0, 9523695.0], [719895.0, 9523635.0], [719925.0, 9523635.0], [719925.0, 9523575.0], [719955.0, 9523575.0], [719955.0, 9523545.0], [720045.0, 9523545.0], [720045.0, 9523575.0], [720075.0, 9523575.0], [720075.0, 9523635.0], [720045.0, 9523635.0], [720045.0, 9523695.0], [720015.0, 9523695.0], [720015.0, 9523725.0], [719985.0, 9523725.0], [719985.0, 9523755.0], [719895.0, 9523755.0]]]}, "properties": {"zone_id": "scene_01_DT0000205230-Z0180", "scene": "scene_01_DT0000205230", "pixel_count": 33, "approx_area_m2": 29700.0, "centroid_x": 719966.3636363636, "centroid_y": 9523653.636363637, "mean_risk": 2.004287004470825, "max_risk": 2.1707615852355957, "median_risk": 1.9999254941940308, "high_priority_pixel_pct": 100.0, "priority_category": "HIGH PRIORITY", "threshold_type": "95th percentile prioritisation threshold", "recommendation": "Spectral-stress evidence detected. Prioritise field inspection to determine the underlying cause. Field verification required.", "priority_rank": 262}}, {"type": "Feature", "geometry": {"type": "Polygon", "coordinates": [[[739845.0, 9523755.0], [739845.0, 9523725.0], [739815.0, 9523725.0], [739815.0, 9523695.0], [739785.0, 9523695.0], [739785.0, 9523635.0], [739815.0, 9523635.0], [739815.0, 9523575.0], [739845.0, 9523575.0], [739845.0, 9523545.0], [739875.0, 9523545.0], [739875.0, 9523605.0], [739905.0, 9523605.0], [739905.0, 9523665.0], [739935.0, 9523665.0], [739935.0, 9523725.0], [739905.0, 9523725.0], [739905.0, 9523755.0], [739845.0, 9523755.0]]]}, "properties": {"zone_id": "scene_01_DT0000205230-Z0181", "scene": "scene_01_DT0000205230", "pixel_count": 21, "approx_area_m2": 18900.0, "centroid_x": 739860.0, "centroid_y": 9523662.857142856, "mean_risk": 2.0421102046966553, "max_risk": 2.2493667602539062, "median_risk": 2.0542187690734863, "high_priority_pixel_pct": 100.0, "priority_category": "HIGH PRIORITY", "threshold_type": "95th percentile prioritisation threshold", "recommendation": "Spectral-stress evidence detected. Prioritise field inspection to determine the underlying cause. Field verification required.", "priority_rank": 200}}, {"type": "Feature", "geometry": {"type": "Polygon", "coordinates": [[[737895.0, 9523695.0], [737895.0, 9523605.0], [737925.0, 9523605.0], [737925.0, 9523575.0], [737955.0, 9523575.0], [737955.0, 9523605.0], [738045.0, 9523605.0], [738045.0, 9523665.0], [738015.0, 9523665.0], [738015.0, 9523695.0], [737895.0, 9523695.0]]]}, "properties": {"zone_id": "scene_01_DT0000205230-Z0182", "scene": "scene_01_DT0000205230", "pixel_count": 15, "approx_area_m2": 13500.0, "centroid_x": 737964.0, "centroid_y": 9523644.0, "mean_risk": 2.0028886795043945, "max_risk": 2.0967977046966553, "median_risk": 1.985660433769226, "high_priority_pixel_pct": 100.0, "priority_category": "HIGH PRIORITY", "threshold_type": "95th percentile prioritisation threshold", "recommendation": "Spectral-stress evidence detected. Prioritise field inspection to determine the underlying cause. Field verification required.", "priority_rank": 267}}, {"type": "Feature", "geometry": {"type": "Polygon", "coordinates": [[[718575.0, 9523575.0], [718575.0, 9523545.0], [718545.0, 9523545.0], [718545.0, 9523515.0], [718485.0, 9523515.0], [718485.0, 9523545.0], [718425.0, 9523545.0], [718425.0, 9523515.0], [718455.0, 9523515.0], [718455.0, 9523485.0], [718575.0, 9523485.0], [718575.0, 9523455.0], [718635.0, 9523455.0], [718635.0, 9523425.0], [718665.0, 9523425.0], [718665.0, 9523515.0], [718635.0, 9523515.0], [718635.0, 9523545.0], [718605.0, 9523545.0], [718605.0, 9523575.0], [718575.0, 9523575.0]]]}, "properties": {"zone_id": "scene_01_DT0000205230-Z0183", "scene": "scene_01_DT0000205230", "pixel_count": 17, "approx_area_m2": 15300.0, "centroid_x": 718570.5882352941, "centroid_y": 9523503.529411765, "mean_risk": 1.9602513313293457, "max_risk": 2.080169439315796, "median_risk": 1.9522947072982788, "high_priority_pixel_pct": 100.0, "priority_category": "HIGH PRIORITY", "threshold_type": "95th percentile prioritisation threshold", "recommendation": "Spectral-stress evidence detected. Prioritise field inspection to determine the underlying cause. Field verification required.", "priority_rank": 345}}, {"type": "Feature", "geometry": {"type": "Polygon", "coordinates": [[[731445.0, 9523515.0], [731445.0, 9523395.0], [731535.0, 9523395.0], [731535.0, 9523425.0], [731565.0, 9523425.0], [731565.0, 9523515.0], [731445.0, 9523515.0]]]}, "properties": {"zone_id": "scene_01_DT0000205230-Z0184", "scene": "scene_01_DT0000205230", "pixel_count": 15, "approx_area_m2": 13500.0, "centroid_x": 731502.0, "centroid_y": 9523458.0, "mean_risk": 2.0367493629455566, "max_risk": 2.199512481689453, "median_risk": 2.0250191688537598, "high_priority_pixel_pct": 100.0, "priority_category": "HIGH PRIORITY", "threshold_type": "95th percentile prioritisation threshold", "recommendation": "Spectral-stress evidence detected. Prioritise field inspection to determine the underlying cause. Field verification required.", "priority_rank": 207}}, {"type": "Feature", "geometry": {"type": "Polygon", "coordinates": [[[735165.0, 9523515.0], [735165.0, 9523485.0], [735135.0, 9523485.0], [735135.0, 9523335.0], [735195.0, 9523335.0], [735195.0, 9523305.0], [735225.0, 9523305.0], [735225.0, 9523275.0], [735255.0, 9523275.0], [735255.0, 9523305.0], [735315.0, 9523305.0], [735315.0, 9523395.0], [735285.0, 9523395.0], [735285.0, 9523425.0], [735255.0, 9523425.0], [735255.0, 9523485.0], [735225.0, 9523485.0], [735225.0, 9523515.0], [735165.0, 9523515.0]]]}, "properties": {"zone_id": "scene_01_DT0000205230-Z0185", "scene": "scene_01_DT0000205230", "pixel_count": 32, "approx_area_m2": 28800.0, "centroid_x": 735217.5, "centroid_y": 9523395.0, "mean_risk": 2.0017004013061523, "max_risk": 2.1283366680145264, "median_risk": 2.0032105445861816, "high_priority_pixel_pct": 100.0, "priority_category": "HIGH PRIORITY", "threshold_type": "95th percentile prioritisation threshold", "recommendation": "Spectral-stress evidence detected. Prioritise field inspection to determine the underlying cause. Field verification required.", "priority_rank": 274}}, {"type": "Feature", "geometry": {"type": "Polygon", "coordinates": [[[720645.0, 9523485.0], [720645.0, 9523425.0], [720675.0, 9523425.0], [720675.0, 9523455.0], [720705.0, 9523455.0], [720705.0, 9523395.0], [720585.0, 9523395.0], [720585.0, 9523365.0], [720705.0, 9523365.0], [720705.0, 9523335.0], [720765.0, 9523335.0], [720765.0, 9523305.0], [720855.0, 9523305.0], [720855.0, 9523335.0], [720885.0, 9523335.0], [720885.0, 9523395.0], [720855.0, 9523395.0], [720855.0, 9523455.0], [720735.0, 9523455.0], [720735.0, 9523485.0], [720645.0, 9523485.0]]]}, "properties": {"zone_id": "scene_01_DT0000205230-Z0186", "scene": "scene_01_DT0000205230", "pixel_count": 33, "approx_area_m2": 29700.0, "centroid_x": 720760.0, "centroid_y": 9523392.727272727, "mean_risk": 2.0604169368743896, "max_risk": 2.3418726921081543, "median_risk": 2.0335609912872314, "high_priority_pixel_pct": 100.0, "priority_category": "HIGH PRIORITY", "threshold_type": "95th percentile prioritisation threshold", "recommendation": "Spectral-stress evidence detected. Prioritise field inspection to determine the underlying cause. Field verification required.", "priority_rank": 171}}, {"type": "Feature", "geometry": {"type": "Polygon", "coordinates": [[[727785.0, 9523485.0], [727785.0, 9523395.0], [727845.0, 9523395.0], [727845.0, 9523335.0], [727755.0, 9523335.0], [727755.0, 9523275.0], [727785.0, 9523275.0], [727785.0, 9523245.0], [727815.0, 9523245.0], [727815.0, 9523215.0], [727965.0, 9523215.0], [727965.0, 9523245.0], [728025.0, 9523245.0], [728025.0, 9523275.0], [727995.0, 9523275.0], [727995.0, 9523305.0], [727965.0, 9523305.0], [727965.0, 9523335.0], [727935.0, 9523335.0], [727935.0, 9523365.0], [727905.0, 9523365.0], [727905.0, 9523425.0], [727875.0, 9523425.0], [727875.0, 9523455.0], [727815.0, 9523455.0], [727815.0, 9523485.0], [727785.0, 9523485.0]]]}, "properties": {"zone_id": "scene_01_DT0000205230-Z0187", "scene": "scene_01_DT0000205230", "pixel_count": 41, "approx_area_m2": 36900.0, "centroid_x": 727873.1707317074, "centroid_y": 9523317.804878049, "mean_risk": 2.0193560123443604, "max_risk": 2.272672414779663, "median_risk": 1.9800639152526855, "high_priority_pixel_pct": 100.0, "priority_category": "HIGH PRIORITY", "threshold_type": "95th percentile prioritisation threshold", "recommendation": "Spectral-stress evidence detected. Prioritise field inspection to determine the underlying cause. Field verification required.", "priority_rank": 231}}, {"type": "Feature", "geometry": {"type": "Polygon", "coordinates": [[[737925.0, 9523485.0], [737925.0, 9523455.0], [737895.0, 9523455.0], [737895.0, 9523425.0], [737865.0, 9523425.0], [737865.0, 9523395.0], [737835.0, 9523395.0], [737835.0, 9523335.0], [737865.0, 9523335.0], [737865.0, 9523305.0], [737895.0, 9523305.0], [737895.0, 9523365.0], [737985.0, 9523365.0], [737985.0, 9523485.0], [737925.0, 9523485.0]]]}, "properties": {"zone_id": "scene_01_DT0000205230-Z0188", "scene": "scene_01_DT0000205230", "pixel_count": 17, "approx_area_m2": 15300.0, "centroid_x": 737917.0588235294, "centroid_y": 9523401.176470589, "mean_risk": 1.9847214221954346, "max_risk": 2.1218209266662598, "median_risk": 1.967898964881897, "high_priority_pixel_pct": 100.0, "priority_category": "HIGH PRIORITY", "threshold_type": "95th percentile prioritisation threshold", "recommendation": "Spectral-stress evidence detected. Prioritise field inspection to determine the underlying cause. Field verification required.", "priority_rank": 300}}, {"type": "Feature", "geometry": {"type": "Polygon", "coordinates": [[[728265.0, 9523455.0], [728265.0, 9523365.0], [728235.0, 9523365.0], [728235.0, 9523395.0], [728145.0, 9523395.0], [728145.0, 9523335.0], [728205.0, 9523335.0], [728205.0, 9523305.0], [728385.0, 9523305.0], [728385.0, 9523335.0], [728355.0, 9523335.0], [728355.0, 9523395.0], [728325.0, 9523395.0], [728325.0, 9523425.0], [728295.0, 9523425.0], [728295.0, 9523455.0], [728265.0, 9523455.0]]]}, "properties": {"zone_id": "scene_01_DT0000205230-Z0189", "scene": "scene_01_DT0000205230", "pixel_count": 22, "approx_area_m2": 19800.0, "centroid_x": 728267.7272727273, "centroid_y": 9523359.545454545, "mean_risk": 1.9937068223953247, "max_risk": 2.1019701957702637, "median_risk": 1.9931902885437012, "high_priority_pixel_pct": 100.0, "priority_category": "HIGH PRIORITY", "threshold_type": "95th percentile prioritisation threshold", "recommendation": "Spectral-stress evidence detected. Prioritise field inspection to determine the underlying cause. Field verification required.", "priority_rank": 285}}, {"type": "Feature", "geometry": {"type": "Polygon", "coordinates": [[[738375.0, 9523455.0], [738375.0, 9523425.0], [738315.0, 9523425.0], [738315.0, 9523395.0], [738285.0, 9523395.0], [738285.0, 9523365.0], [738405.0, 9523365.0], [738405.0, 9523395.0], [738435.0, 9523395.0], [738435.0, 9523425.0], [738405.0, 9523425.0], [738405.0, 9523455.0], [738375.0, 9523455.0]]]}, "properties": {"zone_id": "scene_01_DT0000205230-Z0190", "scene": "scene_01_DT0000205230", "pixel_count": 9, "approx_area_m2": 8100.0, "centroid_x": 738363.3333333334, "centroid_y": 9523400.0, "mean_risk": 1.935530185699463, "max_risk": 2.0125646591186523, "median_risk": 1.9193841218948364, "high_priority_pixel_pct": 100.0, "priority_category": "HIGH PRIORITY", "threshold_type": "95th percentile prioritisation threshold", "recommendation": "Spectral-stress evidence detected. Prioritise field inspection to determine the underlying cause. Field verification required.", "priority_rank": 386}}, {"type": "Feature", "geometry": {"type": "Polygon", "coordinates": [[[738135.0, 9523425.0], [738135.0, 9523395.0], [738105.0, 9523395.0], [738105.0, 9523335.0], [738015.0, 9523335.0], [738015.0, 9523305.0], [738045.0, 9523305.0], [738045.0, 9523275.0], [737955.0, 9523275.0], [737955.0, 9523245.0], [737925.0, 9523245.0], [737925.0, 9523215.0], [737955.0, 9523215.0], [737955.0, 9523185.0], [738135.0, 9523185.0], [738135.0, 9523215.0], [738165.0, 9523215.0], [738165.0, 9523335.0], [738195.0, 9523335.0], [738195.0, 9523425.0], [738135.0, 9523425.0]]]}, "properties": {"zone_id": "scene_01_DT0000205230-Z0191", "scene": "scene_01_DT0000205230", "pixel_count": 38, "approx_area_m2": 34200.0, "centroid_x": 738082.8947368421, "centroid_y": 9523279.736842105, "mean_risk": 2.018186569213867, "max_risk": 2.2037932872772217, "median_risk": 2.0135741233825684, "high_priority_pixel_pct": 100.0, "priority_category": "HIGH PRIORITY", "threshold_type": "95th percentile prioritisation threshold", "recommendation": "Spectral-stress evidence detected. Prioritise field inspection to determine the underlying cause. Field verification required.", "priority_rank": 236}}, {"type": "Feature", "geometry": {"type": "Polygon", "coordinates": [[[722205.0, 9523395.0], [722205.0, 9523365.0], [722175.0, 9523365.0], [722175.0, 9523335.0], [722145.0, 9523335.0], [722145.0, 9523305.0], [722175.0, 9523305.0], [722175.0, 9523215.0], [722205.0, 9523215.0], [722205.0, 9523095.0], [722235.0, 9523095.0], [722235.0, 9523065.0], [722265.0, 9523065.0], [722265.0, 9523035.0], [722325.0, 9523035.0], [722325.0, 9523005.0], [722355.0, 9523005.0], [722355.0, 9523035.0], [722385.0, 9523035.0], [722385.0, 9523065.0], [722415.0, 9523065.0], [722415.0, 9523095.0], [722445.0, 9523095.0], [722445.0, 9523275.0], [722415.0, 9523275.0], [722415.0, 9523335.0], [722355.0, 9523335.0], [722355.0, 9523365.0], [722265.0, 9523365.0], [722265.0, 9523395.0], [722205.0, 9523395.0]], [[722205.0, 9523335.0], [722235.0, 9523335.0], [722235.0, 9523275.0], [722265.0, 9523275.0], [722265.0, 9523245.0], [722205.0, 9523245.0], [722205.0, 9523335.0]]]}, "properties": {"zone_id": "scene_01_DT0000205230-Z0192", "scene": "scene_01_DT0000205230", "pixel_count": 82, "approx_area_m2": 73800.0, "centroid_x": 722312.1951219512, "centroid_y": 9523207.31707317, "mean_risk": 2.13285493850708, "max_risk": 2.5493500232696533, "median_risk": 2.1046018600463867, "high_priority_pixel_pct": 100.0, "priority_category": "HIGH PRIORITY", "threshold_type": "95th percentile prioritisation threshold", "recommendation": "Spectral-stress evidence detected. Prioritise field inspection to determine the underlying cause. Field verification required.", "priority_rank": 94}}, {"type": "Feature", "geometry": {"type": "Polygon", "coordinates": [[[728625.0, 9523245.0], [728625.0, 9523185.0], [728385.0, 9523185.0], [728385.0, 9523155.0], [728415.0, 9523155.0], [728415.0, 9523095.0], [728385.0, 9523095.0], [728385.0, 9523125.0], [728325.0, 9523125.0], [728325.0, 9523065.0], [728265.0, 9523065.0], [728265.0, 9523095.0], [728235.0, 9523095.0], [728235.0, 9523065.0], [728205.0, 9523065.0], [728205.0, 9523035.0], [728235.0, 9523035.0], [728235.0, 9522915.0], [728325.0, 9522915.0], [728325.0, 9522855.0], [728385.0, 9522855.0], [728385.0, 9522885.0], [728415.0, 9522885.0], [728415.0, 9522855.0], [728445.0, 9522855.0], [728445.0, 9522795.0], [728475.0, 9522795.0], [728475.0, 9522765.0], [728505.0, 9522765.0], [728505.0, 9522735.0], [728535.0, 9522735.0], [728535.0, 9522675.0], [728625.0, 9522675.0], [728625.0, 9522645.0], [728655.0, 9522645.0], [728655.0, 9522765.0], [728685.0, 9522765.0], [728685.0, 9522855.0], [728805.0, 9522855.0], [728805.0, 9522885.0], [728835.0, 9522885.0], [728835.0, 9522855.0], [728865.0, 9522855.0], [728865.0, 9522885.0], [728925.0, 9522885.0], [728925.0, 9522975.0], [728955.0, 9522975.0], [728955.0, 9523125.0], [728925.0, 9523125.0], [728925.0, 9523215.0], [728865.0, 9523215.0], [728865.0, 9523155.0], [728805.0, 9523155.0], [728805.0, 9523125.0], [728685.0, 9523125.0], [728685.0, 9523185.0], [728655.0, 9523185.0], [728655.0, 9523245.0], [728625.0, 9523245.0]]]}, "properties": {"zone_id": "scene_01_DT0000205230-Z0193", "scene": "scene_01_DT0000205230", "pixel_count": 286, "approx_area_m2": 257400.0, "centroid_x": 728616.6083916083, "centroid_y": 9523005.944055945, "mean_risk": 2.1855132579803467, "max_risk": 2.729900360107422, "median_risk": 2.184910297393799, "high_priority_pixel_pct": 100.0, "priority_category": "HIGH PRIORITY", "threshold_type": "95th percentile prioritisation threshold", "recommendation": "Spectral-stress evidence detected. Prioritise field inspection to determine the underlying cause. Field verification required.", "priority_rank": 63}}, {"type": "Feature", "geometry": {"type": "Polygon", "coordinates": [[[714255.0, 9523305.0], [714255.0, 9523275.0], [714165.0, 9523275.0], [714165.0, 9523245.0], [714135.0, 9523245.0], [714135.0, 9523185.0], [714165.0, 9523185.0], [714165.0, 9523155.0], [714195.0, 9523155.0], [714195.0, 9523125.0], [714255.0, 9523125.0], [714255.0, 9523095.0], [714345.0, 9523095.0], [714345.0, 9523155.0], [714375.0, 9523155.0], [714375.0, 9523125.0], [714435.0, 9523125.0], [714435.0, 9523245.0], [714405.0, 9523245.0], [714405.0, 9523275.0], [714285.0, 9523275.0], [714285.0, 9523305.0], [714255.0, 9523305.0]]]}, "properties": {"zone_id": "scene_01_DT0000205230-Z0194", "scene": "scene_01_DT0000205230", "pixel_count": 48, "approx_area_m2": 43200.0, "centroid_x": 714291.875, "centroid_y": 9523198.125, "mean_risk": 2.0542023181915283, "max_risk": 2.22495436668396, "median_risk": 2.071983814239502, "high_priority_pixel_pct": 100.0, "priority_category": "HIGH PRIORITY", "threshold_type": "95th percentile prioritisation threshold", "recommendation": "Spectral-stress evidence detected. Prioritise field inspection to determine the underlying cause. Field verification required.", "priority_rank": 179}}, {"type": "Feature", "geometry": {"type": "Polygon", "coordinates": [[[721935.0, 9523275.0], [721935.0, 9523245.0], [721905.0, 9523245.0], [721905.0, 9523215.0], [721935.0, 9523215.0], [721935.0, 9523155.0], [721965.0, 9523155.0], [721965.0, 9523065.0], [722145.0, 9523065.0], [722145.0, 9523125.0], [722115.0, 9523125.0], [722115.0, 9523155.0], [722085.0, 9523155.0], [722085.0, 9523215.0], [722055.0, 9523215.0], [722055.0, 9523245.0], [721995.0, 9523245.0], [721995.0, 9523275.0], [721935.0, 9523275.0]]]}, "properties": {"zone_id": "scene_01_DT0000205230-Z0195", "scene": "scene_01_DT0000205230", "pixel_count": 34, "approx_area_m2": 30600.0, "centroid_x": 722023.2352941176, "centroid_y": 9523157.647058824, "mean_risk": 2.077455520629883, "max_risk": 2.3925535678863525, "median_risk": 2.0508415699005127, "high_priority_pixel_pct": 100.0, "priority_category": "HIGH PRIORITY", "threshold_type": "95th percentile prioritisation threshold", "recommendation": "Spectral-stress evidence detected. Prioritise field inspection to determine the underlying cause. Field verification required.", "priority_rank": 157}}, {"type": "Feature", "geometry": {"type": "Polygon", "coordinates": [[[734655.0, 9523245.0], [734655.0, 9523125.0], [734685.0, 9523125.0], [734685.0, 9523095.0], [734835.0, 9523095.0], [734835.0, 9523155.0], [734865.0, 9523155.0], [734865.0, 9523215.0], [734775.0, 9523215.0], [734775.0, 9523245.0], [734655.0, 9523245.0]]]}, "properties": {"zone_id": "scene_01_DT0000205230-Z0196", "scene": "scene_01_DT0000205230", "pixel_count": 29, "approx_area_m2": 26100.0, "centroid_x": 734750.6896551724, "centroid_y": 9523168.965517242, "mean_risk": 1.9974669218063354, "max_risk": 2.1191647052764893, "median_risk": 2.0085694789886475, "high_priority_pixel_pct": 100.0, "priority_category": "HIGH PRIORITY", "threshold_type": "95th percentile prioritisation threshold", "recommendation": "Spectral-stress evidence detected. Prioritise field inspection to determine the underlying cause. Field verification required.", "priority_rank": 281}}, {"type": "Feature", "geometry": {"type": "Polygon", "coordinates": [[[720345.0, 9523215.0], [720345.0, 9523155.0], [720375.0, 9523155.0], [720375.0, 9523125.0], [720465.0, 9523125.0], [720465.0, 9523155.0], [720435.0, 9523155.0], [720435.0, 9523215.0], [720345.0, 9523215.0]]]}, "properties": {"zone_id": "scene_01_DT0000205230-Z0197", "scene": "scene_01_DT0000205230", "pixel_count": 9, "approx_area_m2": 8100.0, "centroid_x": 720400.0, "centroid_y": 9523170.0, "mean_risk": 1.933419108390808, "max_risk": 1.994895100593567, "median_risk": 1.927557110786438, "high_priority_pixel_pct": 100.0, "priority_category": "HIGH PRIORITY", "threshold_type": "95th percentile prioritisation threshold", "recommendation": "Spectral-stress evidence detected. Prioritise field inspection to determine the underlying cause. Field verification required.", "priority_rank": 389}}, {"type": "Feature", "geometry": {"type": "Polygon", "coordinates": [[[720045.0, 9523185.0], [720045.0, 9523155.0], [720015.0, 9523155.0], [720015.0, 9523095.0], [719985.0, 9523095.0], [719985.0, 9523065.0], [720105.0, 9523065.0], [720105.0, 9523035.0], [720135.0, 9523035.0], [720135.0, 9523005.0], [720165.0, 9523005.0], [720165.0, 9522945.0], [720195.0, 9522945.0], [720195.0, 9523005.0], [720225.0, 9523005.0], [720225.0, 9523065.0], [720315.0, 9523065.0], [720315.0, 9523095.0], [720285.0, 9523095.0], [720285.0, 9523125.0], [720225.0, 9523125.0], [720225.0, 9523095.0], [720135.0, 9523095.0], [720135.0, 9523125.0], [720105.0, 9523125.0], [720105.0, 9523155.0], [720075.0, 9523155.0], [720075.0, 9523185.0], [720045.0, 9523185.0]]]}, "properties": {"zone_id": "scene_01_DT0000205230-Z0198", "scene": "scene_01_DT0000205230", "pixel_count": 30, "approx_area_m2": 27000.0, "centroid_x": 720142.0, "centroid_y": 9523078.0, "mean_risk": 1.979554295539856, "max_risk": 2.2567033767700195, "median_risk": 1.955701231956482, "high_priority_pixel_pct": 100.0, "priority_category": "HIGH PRIORITY", "threshold_type": "95th percentile prioritisation threshold", "recommendation": "Spectral-stress evidence detected. Prioritise field inspection to determine the underlying cause. Field verification required.", "priority_rank": 311}}, {"type": "Feature", "geometry": {"type": "Polygon", "coordinates": [[[727005.0, 9523155.0], [727005.0, 9523125.0], [726945.0, 9523125.0], [726945.0, 9523095.0], [726915.0, 9523095.0], [726915.0, 9523065.0], [726945.0, 9523065.0], [726945.0, 9523005.0], [726975.0, 9523005.0], [726975.0, 9522975.0], [727035.0, 9522975.0], [727035.0, 9523035.0], [727065.0, 9523035.0], [727065.0, 9523065.0], [727035.0, 9523065.0], [727035.0, 9523095.0], [727065.0, 9523095.0], [727065.0, 9523155.0], [727005.0, 9523155.0]]]}, "properties": {"zone_id": "scene_01_DT0000205230-Z0199", "scene": "scene_01_DT0000205230", "pixel_count": 19, "approx_area_m2": 17100.0, "centroid_x": 726999.4736842106, "centroid_y": 9523067.368421054, "mean_risk": 1.9534157514572144, "max_risk": 2.050616502761841, "median_risk": 1.93881094455719, "high_priority_pixel_pct": 100.0, "priority_category": "HIGH PRIORITY", "threshold_type": "95th percentile prioritisation threshold", "recommendation": "Spectral-stress evidence detected. Prioritise field inspection to determine the underlying cause. Field verification required.", "priority_rank": 357}}, {"type": "Feature", "geometry": {"type": "Polygon", "coordinates": [[[727485.0, 9523155.0], [727485.0, 9523065.0], [727515.0, 9523065.0], [727515.0, 9522975.0], [727575.0, 9522975.0], [727575.0, 9522915.0], [727605.0, 9522915.0], [727605.0, 9522855.0], [727635.0, 9522855.0], [727635.0, 9522825.0], [727695.0, 9522825.0], [727695.0, 9522855.0], [727725.0, 9522855.0], [727725.0, 9522825.0], [727845.0, 9522825.0], [727845.0, 9522915.0], [727815.0, 9522915.0], [727815.0, 9522945.0], [727725.0, 9522945.0], [727725.0, 9522975.0], [727695.0, 9522975.0], [727695.0, 9523005.0], [727665.0, 9523005.0], [727665.0, 9523035.0], [727605.0, 9523035.0], [727605.0, 9523095.0], [727575.0, 9523095.0], [727575.0, 9523155.0], [727485.0, 9523155.0]]]}, "properties": {"zone_id": "scene_01_DT0000205230-Z0200", "scene": "scene_01_DT0000205230", "pixel_count": 59, "approx_area_m2": 53100.0, "centroid_x": 727652.5423728813, "centroid_y": 9522961.016949153, "mean_risk": 2.0050337314605713, "max_risk": 2.1867640018463135, "median_risk": 1.9982986450195312, "high_priority_pixel_pct": 100.0, "priority_category": "HIGH PRIORITY", "threshold_type": "95th percentile prioritisation threshold", "recommendation": "Spectral-stress evidence detected. Prioritise field inspection to determine the underlying cause. Field verification required.", "priority_rank": 259}}, {"type": "Feature", "geometry": {"type": "Polygon", "coordinates": [[[729105.0, 9523155.0], [729105.0, 9523065.0], [729135.0, 9523065.0], [729135.0, 9523005.0], [729165.0, 9523005.0], [729165.0, 9522975.0], [729225.0, 9522975.0], [729225.0, 9523035.0], [729195.0, 9523035.0], [729195.0, 9523125.0], [729165.0, 9523125.0], [729165.0, 9523155.0], [729105.0, 9523155.0]]]}, "properties": {"zone_id": "scene_01_DT0000205230-Z0201", "scene": "scene_01_DT0000205230", "pixel_count": 15, "approx_area_m2": 13500.0, "centroid_x": 729162.0, "centroid_y": 9523066.0, "mean_risk": 1.9404094219207764, "max_risk": 2.0302820205688477, "median_risk": 1.9233064651489258, "high_priority_pixel_pct": 100.0, "priority_category": "HIGH PRIORITY", "threshold_type": "95th percentile prioritisation threshold", "recommendation": "Spectral-stress evidence detected. Prioritise field inspection to determine the underlying cause. Field verification required.", "priority_rank": 378}}, {"type": "Feature", "geometry": {"type": "Polygon", "coordinates": [[[737265.0, 9523095.0], [737265.0, 9523065.0], [737205.0, 9523065.0], [737205.0, 9523035.0], [737115.0, 9523035.0], [737115.0, 9523005.0], [737055.0, 9523005.0], [737055.0, 9522975.0], [737025.0, 9522975.0], [737025.0, 9522915.0], [737055.0, 9522915.0], [737055.0, 9522945.0], [737205.0, 9522945.0], [737205.0, 9522975.0], [737295.0, 9522975.0], [737295.0, 9523005.0], [737325.0, 9523005.0], [737325.0, 9523035.0], [737385.0, 9523035.0], [737385.0, 9523065.0], [737325.0, 9523065.0], [737325.0, 9523095.0], [737265.0, 9523095.0]]]}, "properties": {"zone_id": "scene_01_DT0000205230-Z0202", "scene": "scene_01_DT0000205230", "pixel_count": 30, "approx_area_m2": 27000.0, "centroid_x": 737201.0, "centroid_y": 9523007.0, "mean_risk": 1.9621747732162476, "max_risk": 2.141486883163452, "median_risk": 1.9409875869750977, "high_priority_pixel_pct": 100.0, "priority_category": "HIGH PRIORITY", "threshold_type": "95th percentile prioritisation threshold", "recommendation": "Spectral-stress evidence detected. Prioritise field inspection to determine the underlying cause. Field verification required.", "priority_rank": 339}}, {"type": "Feature", "geometry": {"type": "Polygon", "coordinates": [[[721095.0, 9523065.0], [721095.0, 9522975.0], [721065.0, 9522975.0], [721065.0, 9523005.0], [720975.0, 9523005.0], [720975.0, 9523035.0], [720885.0, 9523035.0], [720885.0, 9522945.0], [720855.0, 9522945.0], [720855.0, 9522975.0], [720825.0, 9522975.0], [720825.0, 9522915.0], [720795.0, 9522915.0], [720795.0, 9522855.0], [720825.0, 9522855.0], [720825.0, 9522795.0], [720885.0, 9522795.0], [720885.0, 9522855.0], [720915.0, 9522855.0], [720915.0, 9522795.0], [720945.0, 9522795.0], [720945.0, 9522735.0], [720975.0, 9522735.0], [720975.0, 9522705.0], [721005.0, 9522705.0], [721005.0, 9522675.0], [721035.0, 9522675.0], [721035.0, 9522645.0], [721065.0, 9522645.0], [721065.0, 9522615.0], [721095.0, 9522615.0], [721095.0, 9522555.0], [721035.0, 9522555.0], [721035.0, 9522585.0], [720975.0, 9522585.0], [720975.0, 9522555.0], [720945.0, 9522555.0], [720945.0, 9522585.0], [720885.0, 9522585.0], [720885.0, 9522615.0], [720795.0, 9522615.0], [720795.0, 9522585.0], [720765.0, 9522585.0], [720765.0, 9522375.0], [720795.0, 9522375.0], [720795.0, 9522315.0], [720825.0, 9522315.0], [720825.0, 9522285.0], [720855.0, 9522285.0], [720855.0, 9522225.0], [720825.0, 9522225.0], [720825.0, 9522255.0], [720765.0, 9522255.0], [720765.0, 9522225.0], [720735.0, 9522225.0], [720735.0, 9522195.0], [720765.0, 9522195.0], [720765.0, 9522165.0], [720795.0, 9522165.0], [720795.0, 9522135.0], [720855.0, 9522135.0], [720855.0, 9522195.0], [720945.0, 9522195.0], [720945.0, 9522135.0], [720975.0, 9522135.0], [720975.0, 9522105.0], [721005.0, 9522105.0], [721005.0, 9522135.0], [721035.0, 9522135.0], [721035.0, 9522165.0], [721125.0, 9522165.0], [721125.0, 9522195.0], [721215.0, 9522195.0], [721215.0, 9522165.0], [721245.0, 9522165.0], [721245.0, 9522135.0], [721305.0, 9522135.0], [721305.0, 9522105.0], [721335.0, 9522105.0], [721335.0, 9522075.0], [721395.0, 9522075.0], [721395.0, 9522045.0], [721485.0, 9522045.0], [721485.0, 9522135.0], [721545.0, 9522135.0], [721545.0, 9522105.0], [721575.0, 9522105.0], [721575.0, 9522075.0], [721755.0, 9522075.0], [721755.0, 9522045.0], [721785.0, 9522045.0], [721785.0, 9522135.0], [721875.0, 9522135.0], [721875.0, 9522165.0], [721905.0, 9522165.0], [721905.0, 9522195.0], [721875.0, 9522195.0], [721875.0, 9522255.0], [721845.0, 9522255.0], [721845.0, 9522285.0], [721785.0, 9522285.0], [721785.0, 9522255.0], [721755.0, 9522255.0], [721755.0, 9522225.0], [721665.0, 9522225.0], [721665.0, 9522255.0], [721635.0, 9522255.0], [721635.0, 9522345.0], [721605.0, 9522345.0], [721605.0, 9522435.0], [721545.0, 9522435.0], [721545.0, 9522585.0], [721575.0, 9522585.0], [721575.0, 9522615.0], [721545.0, 9522615.0], [721545.0, 9522735.0], [721515.0, 9522735.0], [721515.0, 9522765.0], [721485.0, 9522765.0], [721485.0, 9522855.0], [721455.0, 9522855.0], [721455.0, 9522915.0], [721365.0, 9522915.0], [721365.0, 9522945.0], [721335.0, 9522945.0], [721335.0, 9522975.0], [721305.0, 9522975.0], [721305.0, 9523005.0], [721275.0, 9523005.0], [721275.0, 9523035.0], [721215.0, 9523035.0], [721215.0, 9523065.0], [721095.0, 9523065.0]], [[721215.0, 9522375.0], [721305.0, 9522375.0], [721305.0, 9522345.0], [721335.0, 9522345.0], [721335.0, 9522315.0], [721395.0, 9522315.0], [721395.0, 9522285.0], [721425.0, 9522285.0], [721425.0, 9522255.0], [721545.0, 9522255.0], [721545.0, 9522165.0], [721335.0, 9522165.0], [721335.0, 9522195.0], [721305.0, 9522195.0], [721305.0, 9522255.0], [721275.0, 9522255.0], [721275.0, 9522285.0], [721215.0, 9522285.0], [721215.0, 9522315.0], [721185.0, 9522315.0], [721185.0, 9522345.0], [721215.0, 9522345.0], [721215.0, 9522375.0]]]}, "properties": {"zone_id": "scene_01_DT0000205230-Z0203", "scene": "scene_01_DT0000205230", "pixel_count": 683, "approx_area_m2": 614700.0, "centroid_x": 721225.1244509517, "centroid_y": 9522525.41727672, "mean_risk": 2.3804948329925537, "max_risk": 3.318229913711548, "median_risk": 2.3118293285369873, "high_priority_pixel_pct": 100.0, "priority_category": "HIGH PRIORITY", "threshold_type": "95th percentile prioritisation threshold", "recommendation": "Spectral-stress evidence detected. Prioritise field inspection to determine the underlying cause. Field verification required.", "priority_rank": 9}}, {"type": "Feature", "geometry": {"type": "Polygon", "coordinates": [[[740595.0, 9523035.0], [740595.0, 9522975.0], [740565.0, 9522975.0], [740565.0, 9522915.0], [740595.0, 9522915.0], [740595.0, 9522885.0], [740625.0, 9522885.0], [740625.0, 9522855.0], [740655.0, 9522855.0], [740655.0, 9522885.0], [740685.0, 9522885.0], [740685.0, 9522915.0], [740745.0, 9522915.0], [740745.0, 9523005.0], [740625.0, 9523005.0], [740625.0, 9523035.0], [740595.0, 9523035.0]]]}, "properties": {"zone_id": "scene_01_DT0000205230-Z0204", "scene": "scene_01_DT0000205230", "pixel_count": 22, "approx_area_m2": 19800.0, "centroid_x": 740653.6363636364, "centroid_y": 9522949.090909092, "mean_risk": 2.0145153999328613, "max_risk": 2.170623540878296, "median_risk": 2.019329309463501, "high_priority_pixel_pct": 100.0, "priority_category": "HIGH PRIORITY", "threshold_type": "95th percentile prioritisation threshold", "recommendation": "Spectral-stress evidence detected. Prioritise field inspection to determine the underlying cause. Field verification required.", "priority_rank": 241}}, {"type": "Feature", "geometry": {"type": "Polygon", "coordinates": [[[724305.0, 9522945.0], [724305.0, 9522855.0], [724275.0, 9522855.0], [724275.0, 9522825.0], [724305.0, 9522825.0], [724305.0, 9522795.0], [724395.0, 9522795.0], [724395.0, 9522825.0], [724425.0, 9522825.0], [724425.0, 9522885.0], [724395.0, 9522885.0], [724395.0, 9522915.0], [724335.0, 9522915.0], [724335.0, 9522945.0], [724305.0, 9522945.0]]]}, "properties": {"zone_id": "scene_01_DT0000205230-Z0205", "scene": "scene_01_DT0000205230", "pixel_count": 16, "approx_area_m2": 14400.0, "centroid_x": 724351.875, "centroid_y": 9522858.75, "mean_risk": 1.983984351158142, "max_risk": 2.1499178409576416, "median_risk": 1.9346938133239746, "high_priority_pixel_pct": 100.0, "priority_category": "HIGH PRIORITY", "threshold_type": "95th percentile prioritisation threshold", "recommendation": "Spectral-stress evidence detected. Prioritise field inspection to determine the underlying cause. Field verification required.", "priority_rank": 303}}, {"type": "Feature", "geometry": {"type": "Polygon", "coordinates": [[[721965.0, 9522855.0], [721965.0, 9522735.0], [721995.0, 9522735.0], [721995.0, 9522705.0], [722025.0, 9522705.0], [722025.0, 9522675.0], [722115.0, 9522675.0], [722115.0, 9522645.0], [722175.0, 9522645.0], [722175.0, 9522735.0], [722205.0, 9522735.0], [722205.0, 9522855.0], [722175.0, 9522855.0], [722175.0, 9522825.0], [722145.0, 9522825.0], [722145.0, 9522795.0], [722085.0, 9522795.0], [722085.0, 9522825.0], [721995.0, 9522825.0], [721995.0, 9522855.0], [721965.0, 9522855.0]]]}, "properties": {"zone_id": "scene_01_DT0000205230-Z0206", "scene": "scene_01_DT0000205230", "pixel_count": 37, "approx_area_m2": 33300.0, "centroid_x": 722088.6486486486, "centroid_y": 9522753.243243244, "mean_risk": 2.1517691612243652, "max_risk": 2.4914302825927734, "median_risk": 2.1446914672851562, "high_priority_pixel_pct": 100.0, "priority_category": "HIGH PRIORITY", "threshold_type": "95th percentile prioritisation threshold", "recommendation": "Spectral-stress evidence detected. Prioritise field inspection to determine the underlying cause. Field verification required.", "priority_rank": 79}}, {"type": "Feature", "geometry": {"type": "Polygon", "coordinates": [[[722805.0, 9522825.0], [722805.0, 9522765.0], [722775.0, 9522765.0], [722775.0, 9522735.0], [722805.0, 9522735.0], [722805.0, 9522615.0], [722775.0, 9522615.0], [722775.0, 9522645.0], [722715.0, 9522645.0], [722715.0, 9522675.0], [722685.0, 9522675.0], [722685.0, 9522705.0], [722655.0, 9522705.0], [722655.0, 9522735.0], [722685.0, 9522735.0], [722685.0, 9522765.0], [722565.0, 9522765.0], [722565.0, 9522795.0], [722535.0, 9522795.0], [722535.0, 9522735.0], [722505.0, 9522735.0], [722505.0, 9522705.0], [722475.0, 9522705.0], [722475.0, 9522645.0], [722505.0, 9522645.0], [722505.0, 9522615.0], [722565.0, 9522615.0], [722565.0, 9522585.0], [722625.0, 9522585.0], [722625.0, 9522555.0], [722655.0, 9522555.0], [722655.0, 9522525.0], [722685.0, 9522525.0], [722685.0, 9522555.0], [722745.0, 9522555.0], [722745.0, 9522525.0], [722805.0, 9522525.0], [722805.0, 9522495.0], [722835.0, 9522495.0], [722835.0, 9522525.0], [722895.0, 9522525.0], [722895.0, 9522495.0], [722955.0, 9522495.0], [722955.0, 9522525.0], [722985.0, 9522525.0], [722985.0, 9522555.0], [723045.0, 9522555.0], [723045.0, 9522615.0], [723075.0, 9522615.0], [723075.0, 9522645.0], [723105.0, 9522645.0], [723105.0, 9522675.0], [723135.0, 9522675.0], [723135.0, 9522705.0], [723105.0, 9522705.0], [723105.0, 9522735.0], [723075.0, 9522735.0], [723075.0, 9522765.0], [723045.0, 9522765.0], [723045.0, 9522735.0], [722895.0, 9522735.0], [722895.0, 9522765.0], [722865.0, 9522765.0], [722865.0, 9522825.0], [722805.0, 9522825.0]], [[722505.0, 9522705.0], [722535.0, 9522705.0], [722535.0, 9522675.0], [722505.0, 9522675.0], [722505.0, 9522705.0]]]}, "properties": {"zone_id": "scene_01_DT0000205230-Z0207", "scene": "scene_01_DT0000205230", "pixel_count": 125, "approx_area_m2": 112500.0, "centroid_x": 722810.88, "centroid_y": 9522649.44, "mean_risk": 2.0508668422698975, "max_risk": 2.368204116821289, "median_risk": 2.0268752574920654, "high_priority_pixel_pct": 100.0, "priority_category": "HIGH PRIORITY", "threshold_type": "95th percentile prioritisation threshold", "recommendation": "Spectral-stress evidence detected. Prioritise field inspection to determine the underlying cause. Field verification required.", "priority_rank": 186}}, {"type": "Feature", "geometry": {"type": "Polygon", "coordinates": [[[740475.0, 9522825.0], [740475.0, 9522795.0], [740445.0, 9522795.0], [740445.0, 9522765.0], [740475.0, 9522765.0], [740475.0, 9522735.0], [740535.0, 9522735.0], [740535.0, 9522705.0], [740565.0, 9522705.0], [740565.0, 9522735.0], [740595.0, 9522735.0], [740595.0, 9522765.0], [740565.0, 9522765.0], [740565.0, 9522795.0], [740535.0, 9522795.0], [740535.0, 9522825.0], [740475.0, 9522825.0]]]}, "properties": {"zone_id": "scene_01_DT0000205230-Z0208", "scene": "scene_01_DT0000205230", "pixel_count": 11, "approx_area_m2": 9900.0, "centroid_x": 740520.0, "centroid_y": 9522769.090909092, "mean_risk": 1.9528201818466187, "max_risk": 2.0429983139038086, "median_risk": 1.9497356414794922, "high_priority_pixel_pct": 100.0, "priority_category": "HIGH PRIORITY", "threshold_type": "95th percentile prioritisation threshold", "recommendation": "Spectral-stress evidence detected. Prioritise field inspection to determine the underlying cause. Field verification required.", "priority_rank": 359}}, {"type": "Feature", "geometry": {"type": "Polygon", "coordinates": [[[720765.0, 9522765.0], [720765.0, 9522675.0], [720795.0, 9522675.0], [720795.0, 9522645.0], [720825.0, 9522645.0], [720825.0, 9522705.0], [720855.0, 9522705.0], [720855.0, 9522765.0], [720765.0, 9522765.0]]]}, "properties": {"zone_id": "scene_01_DT0000205230-Z0209", "scene": "scene_01_DT0000205230", "pixel_count": 9, "approx_area_m2": 8100.0, "centroid_x": 720806.6666666666, "centroid_y": 9522716.666666666, "mean_risk": 2.026170015335083, "max_risk": 2.2315163612365723, "median_risk": 1.9776697158813477, "high_priority_pixel_pct": 100.0, "priority_category": "HIGH PRIORITY", "threshold_type": "95th percentile prioritisation threshold", "recommendation": "Spectral-stress evidence detected. Prioritise field inspection to determine the underlying cause. Field verification required.", "priority_rank": 221}}, {"type": "Feature", "geometry": {"type": "Polygon", "coordinates": [[[718065.0, 9522705.0], [718065.0, 9522675.0], [718035.0, 9522675.0], [718035.0, 9522585.0], [718005.0, 9522585.0], [718005.0, 9522555.0], [718065.0, 9522555.0], [718065.0, 9522525.0], [718095.0, 9522525.0], [718095.0, 9522495.0], [718125.0, 9522495.0], [718125.0, 9522465.0], [718065.0, 9522465.0], [718065.0, 9522495.0], [718035.0, 9522495.0], [718035.0, 9522465.0], [717975.0, 9522465.0], [717975.0, 9522495.0], [717915.0, 9522495.0], [717915.0, 9522465.0], [717885.0, 9522465.0], [717885.0, 9522435.0], [717825.0, 9522435.0], [717825.0, 9522375.0], [717885.0, 9522375.0], [717885.0, 9522345.0], [717915.0, 9522345.0], [717915.0, 9522285.0], [717945.0, 9522285.0], [717945.0, 9522255.0], [717975.0, 9522255.0], [717975.0, 9522225.0], [718005.0, 9522225.0], [718005.0, 9522195.0], [718095.0, 9522195.0], [718095.0, 9522225.0], [718065.0, 9522225.0], [718065.0, 9522255.0], [718155.0, 9522255.0], [718155.0, 9522225.0], [718215.0, 9522225.0], [718215.0, 9522255.0], [718245.0, 9522255.0], [718245.0, 9522285.0], [718275.0, 9522285.0], [718275.0, 9522315.0], [718245.0, 9522315.0], [718245.0, 9522405.0], [718335.0, 9522405.0], [718335.0, 9522345.0], [718395.0, 9522345.0], [718395.0, 9522375.0], [718425.0, 9522375.0], [718425.0, 9522345.0], [718515.0, 9522345.0], [718515.0, 9522315.0], [718545.0, 9522315.0], [718545.0, 9522285.0], [718605.0, 9522285.0], [718605.0, 9522255.0], [718635.0, 9522255.0], [718635.0, 9522285.0], [718785.0, 9522285.0], [718785.0, 9522345.0], [718755.0, 9522345.0], [718755.0, 9522375.0], [718725.0, 9522375.0], [718725.0, 9522435.0], [718695.0, 9522435.0], [718695.0, 9522465.0], [718665.0, 9522465.0], [718665.0, 9522525.0], [718635.0, 9522525.0], [718635.0, 9522555.0], [718605.0, 9522555.0], [718605.0, 9522585.0], [718575.0, 9522585.0], [718575.0, 9522615.0], [718335.0, 9522615.0], [718335.0, 9522645.0], [718305.0, 9522645.0], [718305.0, 9522675.0], [718245.0, 9522675.0], [718245.0, 9522705.0], [718215.0, 9522705.0], [718215.0, 9522675.0], [718185.0, 9522675.0], [718185.0, 9522645.0], [718125.0, 9522645.0], [718125.0, 9522675.0], [718095.0, 9522675.0], [718095.0, 9522705.0], [718065.0, 9522705.0]], [[718275.0, 9522555.0], [718305.0, 9522555.0], [718305.0, 9522495.0], [718245.0, 9522495.0], [718245.0, 9522525.0], [718275.0, 9522525.0], [718275.0, 9522555.0]], [[718455.0, 9522555.0], [718485.0, 9522555.0], [718485.0, 9522495.0], [718455.0, 9522495.0], [718455.0, 9522555.0]], [[718155.0, 9522435.0], [718185.0, 9522435.0], [718185.0, 9522375.0], [718155.0, 9522375.0], [718155.0, 9522435.0]]]}, "properties": {"zone_id": "scene_01_DT0000205230-Z0210", "scene": "scene_01_DT0000205230", "pixel_count": 277, "approx_area_m2": 249300.0, "centroid_x": 718290.8664259928, "centroid_y": 9522443.285198556, "mean_risk": 2.150296688079834, "max_risk": 2.6273579597473145, "median_risk": 2.133580207824707, "high_priority_pixel_pct": 100.0, "priority_category": "HIGH PRIORITY", "threshold_type": "95th percentile prioritisation threshold", "recommendation": "Spectral-stress evidence detected. Prioritise field inspection to determine the underlying cause. Field verification required.", "priority_rank": 83}}, {"type": "Feature", "geometry": {"type": "Polygon", "coordinates": [[[720135.0, 9522705.0], [720135.0, 9522675.0], [720105.0, 9522675.0], [720105.0, 9522585.0], [720075.0, 9522585.0], [720075.0, 9522495.0], [720105.0, 9522495.0], [720105.0, 9522465.0], [720195.0, 9522465.0], [720195.0, 9522435.0], [720225.0, 9522435.0], [720225.0, 9522405.0], [720165.0, 9522405.0], [720165.0, 9522375.0], [720135.0, 9522375.0], [720135.0, 9522345.0], [720045.0, 9522345.0], [720045.0, 9522255.0], [720165.0, 9522255.0], [720165.0, 9522285.0], [720195.0, 9522285.0], [720195.0, 9522255.0], [720225.0, 9522255.0], [720225.0, 9522225.0], [720255.0, 9522225.0], [720255.0, 9522165.0], [720345.0, 9522165.0], [720345.0, 9522225.0], [720375.0, 9522225.0], [720375.0, 9522285.0], [720405.0, 9522285.0], [720405.0, 9522315.0], [720375.0, 9522315.0], [720375.0, 9522375.0], [720405.0, 9522375.0], [720405.0, 9522435.0], [720375.0, 9522435.0], [720375.0, 9522525.0], [720345.0, 9522525.0], [720345.0, 9522555.0], [720315.0, 9522555.0], [720315.0, 9522585.0], [720285.0, 9522585.0], [720285.0, 9522615.0], [720255.0, 9522615.0], [720255.0, 9522645.0], [720225.0, 9522645.0], [720225.0, 9522705.0], [720135.0, 9522705.0]], [[720225.0, 9522495.0], [720255.0, 9522495.0], [720255.0, 9522465.0], [720225.0, 9522465.0], [720225.0, 9522495.0]]]}, "properties": {"zone_id": "scene_01_DT0000205230-Z0211", "scene": "scene_01_DT0000205230", "pixel_count": 125, "approx_area_m2": 112500.0, "centroid_x": 720234.0, "centroid_y": 9522426.72, "mean_risk": 2.252890110015869, "max_risk": 2.901214838027954, "median_risk": 2.2145302295684814, "high_priority_pixel_pct": 100.0, "priority_category": "HIGH PRIORITY", "threshold_type": "95th percentile prioritisation threshold", "recommendation": "Spectral-stress evidence detected. Prioritise field inspection to determine the underlying cause. Field verification required.", "priority_rank": 33}}, {"type": "Feature", "geometry": {"type": "Polygon", "coordinates": [[[733425.0, 9522675.0], [733425.0, 9522525.0], [733455.0, 9522525.0], [733455.0, 9522495.0], [733515.0, 9522495.0], [733515.0, 9522465.0], [733545.0, 9522465.0], [733545.0, 9522405.0], [733455.0, 9522405.0], [733455.0, 9522375.0], [733425.0, 9522375.0], [733425.0, 9522315.0], [733455.0, 9522315.0], [733455.0, 9522285.0], [733485.0, 9522285.0], [733485.0, 9522255.0], [733575.0, 9522255.0], [733575.0, 9522225.0], [733605.0, 9522225.0], [733605.0, 9522195.0], [733665.0, 9522195.0], [733665.0, 9522045.0], [733695.0, 9522045.0], [733695.0, 9522015.0], [733725.0, 9522015.0], [733725.0, 9521985.0], [733785.0, 9521985.0], [733785.0, 9521955.0], [733815.0, 9521955.0], [733815.0, 9522075.0], [733785.0, 9522075.0], [733785.0, 9522105.0], [733875.0, 9522105.0], [733875.0, 9522135.0], [733905.0, 9522135.0], [733905.0, 9522225.0], [733875.0, 9522225.0], [733875.0, 9522255.0], [733845.0, 9522255.0], [733845.0, 9522375.0], [733815.0, 9522375.0], [733815.0, 9522495.0], [733755.0, 9522495.0], [733755.0, 9522525.0], [733695.0, 9522525.0], [733695.0, 9522495.0], [733665.0, 9522495.0], [733665.0, 9522525.0], [733635.0, 9522525.0], [733635.0, 9522555.0], [733605.0, 9522555.0], [733605.0, 9522615.0], [733575.0, 9522615.0], [733575.0, 9522645.0], [733545.0, 9522645.0], [733545.0, 9522675.0], [733515.0, 9522675.0], [733515.0, 9522645.0], [733485.0, 9522645.0], [733485.0, 9522675.0], [733425.0, 9522675.0]], [[733575.0, 9522435.0], [733605.0, 9522435.0], [733605.0, 9522405.0], [733635.0, 9522405.0], [733635.0, 9522345.0], [733575.0, 9522345.0], [733575.0, 9522435.0]]]}, "properties": {"zone_id": "scene_01_DT0000205230-Z0212", "scene": "scene_01_DT0000205230", "pixel_count": 184, "approx_area_m2": 165600.0, "centroid_x": 733665.1630434783, "centroid_y": 9522333.913043479, "mean_risk": 2.1182937622070312, "max_risk": 2.57932186126709, "median_risk": 2.0951015949249268, "high_priority_pixel_pct": 100.0, "priority_category": "HIGH PRIORITY", "threshold_type": "95th percentile prioritisation threshold", "recommendation": "Spectral-stress evidence detected. Prioritise field inspection to determine the underlying cause. Field verification required.", "priority_rank": 113}}, {"type": "Feature", "geometry": {"type": "Polygon", "coordinates": [[[733065.0, 9522645.0], [733065.0, 9522585.0], [733035.0, 9522585.0], [733035.0, 9522555.0], [732945.0, 9522555.0], [732945.0, 9522585.0], [732915.0, 9522585.0], [732915.0, 9522555.0], [732855.0, 9522555.0], [732855.0, 9522525.0], [732825.0, 9522525.0], [732825.0, 9522495.0], [732795.0, 9522495.0], [732795.0, 9522465.0], [732765.0, 9522465.0], [732765.0, 9522405.0], [732735.0, 9522405.0], [732735.0, 9522345.0], [732675.0, 9522345.0], [732675.0, 9522315.0], [732645.0, 9522315.0], [732645.0, 9522195.0], [732675.0, 9522195.0], [732675.0, 9522135.0], [732705.0, 9522135.0], [732705.0, 9522045.0], [732735.0, 9522045.0], [732735.0, 9522015.0], [732825.0, 9522015.0], [732825.0, 9521985.0], [732855.0, 9521985.0], [732855.0, 9521955.0], [732945.0, 9521955.0], [732945.0, 9521925.0], [732975.0, 9521925.0], [732975.0, 9521895.0], [733005.0, 9521895.0], [733005.0, 9521865.0], [733035.0, 9521865.0], [733035.0, 9521835.0], [733065.0, 9521835.0], [733065.0, 9521865.0], [733095.0, 9521865.0], [733095.0, 9521955.0], [733065.0, 9521955.0], [733065.0, 9521985.0], [732915.0, 9521985.0], [732915.0, 9522015.0], [732855.0, 9522015.0], [732855.0, 9522075.0], [732825.0, 9522075.0], [732825.0, 9522135.0], [732855.0, 9522135.0], [732855.0, 9522165.0], [732825.0, 9522165.0], [732825.0, 9522195.0], [732885.0, 9522195.0], [732885.0, 9522225.0], [732915.0, 9522225.0], [732915.0, 9522285.0], [732945.0, 9522285.0], [732945.0, 9522255.0], [732975.0, 9522255.0], [732975.0, 9522195.0], [733005.0, 9522195.0], [733005.0, 9522165.0], [733035.0, 9522165.0], [733035.0, 9522135.0], [733065.0, 9522135.0], [733065.0, 9522075.0], [733125.0, 9522075.0], [733125.0, 9522045.0], [733155.0, 9522045.0], [733155.0, 9522015.0], [733215.0, 9522015.0], [733215.0, 9521985.0], [733245.0, 9521985.0], [733245.0, 9521955.0], [733275.0, 9521955.0], [733275.0, 9521895.0], [733365.0, 9521895.0], [733365.0, 9521925.0], [733455.0, 9521925.0], [733455.0, 9521895.0], [733515.0, 9521895.0], [733515.0, 9521835.0], [733635.0, 9521835.0], [733635.0, 9521805.0], [733665.0, 9521805.0], [733665.0, 9521835.0], [733725.0, 9521835.0], [733725.0, 9521865.0], [733695.0, 9521865.0], [733695.0, 9521895.0], [733665.0, 9521895.0], [733665.0, 9521925.0], [733635.0, 9521925.0], [733635.0, 9521955.0], [733605.0, 9521955.0], [733605.0, 9521985.0], [733575.0, 9521985.0], [733575.0, 9522015.0], [733515.0, 9522015.0], [733515.0, 9522045.0], [733485.0, 9522045.0], [733485.0, 9522015.0], [733455.0, 9522015.0], [733455.0, 9522075.0], [733425.0, 9522075.0], [733425.0, 9522135.0], [733455.0, 9522135.0], [733455.0, 9522225.0], [733425.0, 9522225.0], [733425.0, 9522255.0], [733395.0, 9522255.0], [733395.0, 9522285.0], [733365.0, 9522285.0], [733365.0, 9522315.0], [733335.0, 9522315.0], [733335.0, 9522345.0], [733305.0, 9522345.0], [733305.0, 9522375.0], [733275.0, 9522375.0], [733275.0, 9522405.0], [733245.0, 9522405.0], [733245.0, 9522555.0], [733215.0, 9522555.0], [733215.0, 9522615.0], [733185.0, 9522615.0], [733185.0, 9522645.0], [733155.0, 9522645.0], [733155.0, 9522615.0], [733095.0, 9522615.0], [733095.0, 9522645.0], [733065.0, 9522645.0]], [[733275.0, 9522225.0], [733305.0, 9522225.0], [733305.0, 9522165.0], [733335.0, 9522165.0], [733335.0, 9522135.0], [733275.0, 9522135.0], [733275.0, 9522165.0], [733245.0, 9522165.0], [733245.0, 9522195.0], [733275.0, 9522195.0], [733275.0, 9522225.0]], [[733335.0, 9522135.0], [733365.0, 9522135.0], [733365.0, 9522105.0], [733335.0, 9522105.0], [733335.0, 9522135.0]], [[733365.0, 9522105.0], [733395.0, 9522105.0], [733395.0, 9522075.0], [733365.0, 9522075.0], [733365.0, 9522105.0]]]}, "properties": {"zone_id": "scene_01_DT0000205230-Z0213", "scene": "scene_01_DT0000205230", "pixel_count": 422, "approx_area_m2": 379800.0, "centroid_x": 733110.2132701422, "centroid_y": 9522223.009478673, "mean_risk": 2.092050313949585, "max_risk": 2.460055112838745, "median_risk": 2.0912301540374756, "high_priority_pixel_pct": 100.0, "priority_category": "HIGH PRIORITY", "threshold_type": "95th percentile prioritisation threshold", "recommendation": "Spectral-stress evidence detected. Prioritise field inspection to determine the underlying cause. Field verification required.", "priority_rank": 134}}, {"type": "Feature", "geometry": {"type": "Polygon", "coordinates": [[[743175.0, 9522645.0], [743175.0, 9522555.0], [743145.0, 9522555.0], [743145.0, 9522525.0], [743235.0, 9522525.0], [743235.0, 9522495.0], [743355.0, 9522495.0], [743355.0, 9522585.0], [743325.0, 9522585.0], [743325.0, 9522645.0], [743175.0, 9522645.0]]]}, "properties": {"zone_id": "scene_01_DT0000205230-Z0214", "scene": "scene_01_DT0000205230", "pixel_count": 27, "approx_area_m2": 24300.0, "centroid_x": 743260.0, "centroid_y": 9522570.0, "mean_risk": 1.9606996774673462, "max_risk": 2.0670742988586426, "median_risk": 1.9548646211624146, "high_priority_pixel_pct": 100.0, "priority_category": "HIGH PRIORITY", "threshold_type": "95th percentile prioritisation threshold", "recommendation": "Spectral-stress evidence detected. Prioritise field inspection to determine the underlying cause. Field verification required.", "priority_rank": 343}}, {"type": "Feature", "geometry": {"type": "Polygon", "coordinates": [[[729285.0, 9522555.0], [729285.0, 9522435.0], [729315.0, 9522435.0], [729315.0, 9522405.0], [729345.0, 9522405.0], [729345.0, 9522375.0], [729375.0, 9522375.0], [729375.0, 9522405.0], [729405.0, 9522405.0], [729405.0, 9522465.0], [729375.0, 9522465.0], [729375.0, 9522495.0], [729315.0, 9522495.0], [729315.0, 9522555.0], [729285.0, 9522555.0]]]}, "properties": {"zone_id": "scene_01_DT0000205230-Z0215", "scene": "scene_01_DT0000205230", "pixel_count": 13, "approx_area_m2": 11700.0, "centroid_x": 729339.2307692308, "centroid_y": 9522456.923076924, "mean_risk": 1.9408901929855347, "max_risk": 2.0427677631378174, "median_risk": 1.9353461265563965, "high_priority_pixel_pct": 100.0, "priority_category": "HIGH PRIORITY", "threshold_type": "95th percentile prioritisation threshold", "recommendation": "Spectral-stress evidence detected. Prioritise field inspection to determine the underlying cause. Field verification required.", "priority_rank": 376}}, {"type": "Feature", "geometry": {"type": "Polygon", "coordinates": [[[729465.0, 9522495.0], [729465.0, 9522465.0], [729435.0, 9522465.0], [729435.0, 9522405.0], [729465.0, 9522405.0], [729465.0, 9522375.0], [729525.0, 9522375.0], [729525.0, 9522315.0], [729555.0, 9522315.0], [729555.0, 9522285.0], [729585.0, 9522285.0], [729585.0, 9522375.0], [729615.0, 9522375.0], [729615.0, 9522405.0], [729585.0, 9522405.0], [729585.0, 9522435.0], [729555.0, 9522435.0], [729555.0, 9522465.0], [729525.0, 9522465.0], [729525.0, 9522495.0], [729465.0, 9522495.0]]]}, "properties": {"zone_id": "scene_01_DT0000205230-Z0216", "scene": "scene_01_DT0000205230", "pixel_count": 21, "approx_area_m2": 18900.0, "centroid_x": 729524.2857142857, "centroid_y": 9522404.285714285, "mean_risk": 1.98978590965271, "max_risk": 2.1373751163482666, "median_risk": 1.9722174406051636, "high_priority_pixel_pct": 100.0, "priority_category": "HIGH PRIORITY", "threshold_type": "95th percentile prioritisation threshold", "recommendation": "Spectral-stress evidence detected. Prioritise field inspection to determine the underlying cause. Field verification required.", "priority_rank": 290}}, {"type": "Feature", "geometry": {"type": "Polygon", "coordinates": [[[729735.0, 9522495.0], [729735.0, 9522465.0], [729765.0, 9522465.0], [729765.0, 9522405.0], [729735.0, 9522405.0], [729735.0, 9522345.0], [729765.0, 9522345.0], [729765.0, 9522315.0], [729855.0, 9522315.0], [729855.0, 9522285.0], [729915.0, 9522285.0], [729915.0, 9522255.0], [729945.0, 9522255.0], [729945.0, 9522285.0], [730035.0, 9522285.0], [730035.0, 9522315.0], [730005.0, 9522315.0], [730005.0, 9522345.0], [729975.0, 9522345.0], [729975.0, 9522405.0], [729945.0, 9522405.0], [729945.0, 9522495.0], [729915.0, 9522495.0], [729915.0, 9522465.0], [729885.0, 9522465.0], [729885.0, 9522495.0], [729855.0, 9522495.0], [729855.0, 9522465.0], [729795.0, 9522465.0], [729795.0, 9522495.0], [729735.0, 9522495.0]]]}, "properties": {"zone_id": "scene_01_DT0000205230-Z0217", "scene": "scene_01_DT0000205230", "pixel_count": 47, "approx_area_m2": 42300.0, "centroid_x": 729871.2765957447, "centroid_y": 9522379.787234042, "mean_risk": 2.05387544631958, "max_risk": 2.2831785678863525, "median_risk": 2.0164339542388916, "high_priority_pixel_pct": 100.0, "priority_category": "HIGH PRIORITY", "threshold_type": "95th percentile prioritisation threshold", "recommendation": "Spectral-stress evidence detected. Prioritise field inspection to determine the underlying cause. Field verification required.", "priority_rank": 181}}, {"type": "Feature", "geometry": {"type": "Polygon", "coordinates": [[[728775.0, 9522375.0], [728775.0, 9522315.0], [728715.0, 9522315.0], [728715.0, 9522255.0], [728685.0, 9522255.0], [728685.0, 9522225.0], [728655.0, 9522225.0], [728655.0, 9522105.0], [728685.0, 9522105.0], [728685.0, 9522075.0], [728745.0, 9522075.0], [728745.0, 9522105.0], [728775.0, 9522105.0], [728775.0, 9522225.0], [728805.0, 9522225.0], [728805.0, 9522255.0], [728835.0, 9522255.0], [728835.0, 9522375.0], [728775.0, 9522375.0]]]}, "properties": {"zone_id": "scene_01_DT0000205230-Z0218", "scene": "scene_01_DT0000205230", "pixel_count": 34, "approx_area_m2": 30600.0, "centroid_x": 728743.2352941176, "centroid_y": 9522218.823529411, "mean_risk": 2.155241012573242, "max_risk": 2.611607551574707, "median_risk": 2.1251797676086426, "high_priority_pixel_pct": 100.0, "priority_category": "HIGH PRIORITY", "threshold_type": "95th percentile prioritisation threshold", "recommendation": "Spectral-stress evidence detected. Prioritise field inspection to determine the underlying cause. Field verification required.", "priority_rank": 77}}, {"type": "Feature", "geometry": {"type": "Polygon", "coordinates": [[[718455.0, 9522255.0], [718455.0, 9522195.0], [718485.0, 9522195.0], [718485.0, 9522165.0], [718515.0, 9522165.0], [718515.0, 9522135.0], [718575.0, 9522135.0], [718575.0, 9522045.0], [718635.0, 9522045.0], [718635.0, 9522015.0], [718665.0, 9522015.0], [718665.0, 9521985.0], [718755.0, 9521985.0], [718755.0, 9522105.0], [718725.0, 9522105.0], [718725.0, 9522135.0], [718785.0, 9522135.0], [718785.0, 9522195.0], [718755.0, 9522195.0], [718755.0, 9522225.0], [718485.0, 9522225.0], [718485.0, 9522255.0], [718455.0, 9522255.0]], [[718635.0, 9522165.0], [718665.0, 9522165.0], [718665.0, 9522135.0], [718695.0, 9522135.0], [718695.0, 9522105.0], [718605.0, 9522105.0], [718605.0, 9522135.0], [718635.0, 9522135.0], [718635.0, 9522165.0]]]}, "properties": {"zone_id": "scene_01_DT0000205230-Z0219", "scene": "scene_01_DT0000205230", "pixel_count": 65, "approx_area_m2": 58500.0, "centroid_x": 718583.0769230769, "centroid_y": 9522150.461538462, "mean_risk": 1.9798622131347656, "max_risk": 2.1772494316101074, "median_risk": 1.971605896949768, "high_priority_pixel_pct": 100.0, "priority_category": "HIGH PRIORITY", "threshold_type": "95th percentile prioritisation threshold", "recommendation": "Spectral-stress evidence detected. Prioritise field inspection to determine the underlying cause. Field verification required.", "priority_rank": 310}}, {"type": "Feature", "geometry": {"type": "Polygon", "coordinates": [[[719535.0, 9522285.0], [719535.0, 9522225.0], [719565.0, 9522225.0], [719565.0, 9522195.0], [719625.0, 9522195.0], [719625.0, 9522225.0], [719655.0, 9522225.0], [719655.0, 9522195.0], [719715.0, 9522195.0], [719715.0, 9522165.0], [719745.0, 9522165.0], [719745.0, 9522135.0], [719775.0, 9522135.0], [719775.0, 9522045.0], [719745.0, 9522045.0], [719745.0, 9521955.0], [719775.0, 9521955.0], [719775.0, 9521925.0], [719835.0, 9521925.0], [719835.0, 9521775.0], [719685.0, 9521775.0], [719685.0, 9521745.0], [719655.0, 9521745.0], [719655.0, 9521685.0], [719685.0, 9521685.0], [719685.0, 9521655.0], [719715.0, 9521655.0], [719715.0, 9521595.0], [719685.0, 9521595.0], [719685.0, 9521565.0], [719775.0, 9521565.0], [719775.0, 9521535.0], [719835.0, 9521535.0], [719835.0, 9521505.0], [719925.0, 9521505.0], [719925.0, 9521475.0], [719955.0, 9521475.0], [719955.0, 9521505.0], [720045.0, 9521505.0], [720045.0, 9521565.0], [720015.0, 9521565.0], [720015.0, 9521595.0], [719985.0, 9521595.0], [719985.0, 9521655.0], [720015.0, 9521655.0], [720015.0, 9521625.0], [720105.0, 9521625.0], [720105.0, 9521805.0], [720075.0, 9521805.0], [720075.0, 9521835.0], [719985.0, 9521835.0], [719985.0, 9521865.0], [719955.0, 9521865.0], [719955.0, 9521925.0], [720015.0, 9521925.0], [720015.0, 9521985.0], [720045.0, 9521985.0], [720045.0, 9522045.0], [719925.0, 9522045.0], [719925.0, 9521985.0], [719835.0, 9521985.0], [719835.0, 9522015.0], [719865.0, 9522015.0], [719865.0, 9522105.0], [719835.0, 9522105.0], [719835.0, 9522135.0], [719865.0, 9522135.0], [719865.0, 9522225.0], [719805.0, 9522225.0], [719805.0, 9522255.0], [719745.0, 9522255.0], [719745.0, 9522225.0], [719685.0, 9522225.0], [719685.0, 9522255.0], [719655.0, 9522255.0], [719655.0, 9522285.0], [719595.0, 9522285.0], [719595.0, 9522255.0], [719565.0, 9522255.0], [719565.0, 9522285.0], [719535.0, 9522285.0]], [[719805.0, 9522165.0], [719835.0, 9522165.0], [719835.0, 9522135.0], [719805.0, 9522135.0], [719805.0, 9522165.0]], [[719925.0, 9521715.0], [719955.0, 9521715.0], [719955.0, 9521685.0], [719925.0, 9521685.0], [719925.0, 9521715.0]]]}, "properties": {"zone_id": "scene_01_DT0000205230-Z0220", "scene": "scene_01_DT0000205230", "pixel_count": 203, "approx_area_m2": 182700.0, "centroid_x": 719869.3596059113, "centroid_y": 9521824.581280788, "mean_risk": 2.078686237335205, "max_risk": 2.3793091773986816, "median_risk": 2.0466482639312744, "high_priority_pixel_pct": 100.0, "priority_category": "HIGH PRIORITY", "threshold_type": "95th percentile prioritisation threshold", "recommendation": "Spectral-stress evidence detected. Prioritise field inspection to determine the underlying cause. Field verification required.", "priority_rank": 156}}, {"type": "Feature", "geometry": {"type": "Polygon", "coordinates": [[[741075.0, 9522255.0], [741075.0, 9522225.0], [741045.0, 9522225.0], [741045.0, 9522195.0], [741075.0, 9522195.0], [741075.0, 9522135.0], [741165.0, 9522135.0], [741165.0, 9522165.0], [741195.0, 9522165.0], [741195.0, 9522225.0], [741135.0, 9522225.0], [741135.0, 9522255.0], [741075.0, 9522255.0]]]}, "properties": {"zone_id": "scene_01_DT0000205230-Z0221", "scene": "scene_01_DT0000205230", "pixel_count": 14, "approx_area_m2": 12600.0, "centroid_x": 741122.1428571428, "centroid_y": 9522192.857142856, "mean_risk": 2.032907247543335, "max_risk": 2.1497881412506104, "median_risk": 2.0344464778900146, "high_priority_pixel_pct": 100.0, "priority_category": "HIGH PRIORITY", "threshold_type": "95th percentile prioritisation threshold", "recommendation": "Spectral-stress evidence detected. Prioritise field inspection to determine the underlying cause. Field verification required.", "priority_rank": 213}}, {"type": "Feature", "geometry": {"type": "Polygon", "coordinates": [[[743145.0, 9522225.0], [743145.0, 9522195.0], [743115.0, 9522195.0], [743115.0, 9522135.0], [743235.0, 9522135.0], [743235.0, 9522195.0], [743205.0, 9522195.0], [743205.0, 9522225.0], [743145.0, 9522225.0]]]}, "properties": {"zone_id": "scene_01_DT0000205230-Z0222", "scene": "scene_01_DT0000205230", "pixel_count": 10, "approx_area_m2": 9000.0, "centroid_x": 743175.0, "centroid_y": 9522174.0, "mean_risk": 1.9481319189071655, "max_risk": 2.0653369426727295, "median_risk": 1.9284677505493164, "high_priority_pixel_pct": 100.0, "priority_category": "HIGH PRIORITY", "threshold_type": "95th percentile prioritisation threshold", "recommendation": "Spectral-stress evidence detected. Prioritise field inspection to determine the underlying cause. Field verification required.", "priority_rank": 365}}, {"type": "Feature", "geometry": {"type": "Polygon", "coordinates": [[[740865.0, 9522195.0], [740865.0, 9522165.0], [740835.0, 9522165.0], [740835.0, 9522135.0], [740745.0, 9522135.0], [740745.0, 9522165.0], [740715.0, 9522165.0], [740715.0, 9522045.0], [740895.0, 9522045.0], [740895.0, 9522015.0], [740925.0, 9522015.0], [740925.0, 9522135.0], [740955.0, 9522135.0], [740955.0, 9522195.0], [740865.0, 9522195.0]]]}, "properties": {"zone_id": "scene_01_DT0000205230-Z0223", "scene": "scene_01_DT0000205230", "pixel_count": 30, "approx_area_m2": 27000.0, "centroid_x": 740839.0, "centroid_y": 9522107.0, "mean_risk": 2.001948833465576, "max_risk": 2.203338623046875, "median_risk": 1.9835319519042969, "high_priority_pixel_pct": 100.0, "priority_category": "HIGH PRIORITY", "threshold_type": "95th percentile prioritisation threshold", "recommendation": "Spectral-stress evidence detected. Prioritise field inspection to determine the underlying cause. Field verification required.", "priority_rank": 272}}, {"type": "Feature", "geometry": {"type": "Polygon", "coordinates": [[[713565.0, 9522165.0], [713565.0, 9522135.0], [713265.0, 9522135.0], [713265.0, 9522075.0], [713235.0, 9522075.0], [713235.0, 9522045.0], [713175.0, 9522045.0], [713175.0, 9522015.0], [713115.0, 9522015.0], [713115.0, 9521985.0], [713085.0, 9521985.0], [713085.0, 9521925.0], [713055.0, 9521925.0], [713055.0, 9521895.0], [713205.0, 9521895.0], [713205.0, 9521925.0], [713235.0, 9521925.0], [713235.0, 9521895.0], [713295.0, 9521895.0], [713295.0, 9521835.0], [713265.0, 9521835.0], [713265.0, 9521805.0], [713235.0, 9521805.0], [713235.0, 9521775.0], [713205.0, 9521775.0], [713205.0, 9521715.0], [713175.0, 9521715.0], [713175.0, 9521685.0], [713205.0, 9521685.0], [713205.0, 9521655.0], [713325.0, 9521655.0], [713325.0, 9521625.0], [713355.0, 9521625.0], [713355.0, 9521655.0], [713385.0, 9521655.0], [713385.0, 9521745.0], [713355.0, 9521745.0], [713355.0, 9521775.0], [713325.0, 9521775.0], [713325.0, 9521835.0], [713355.0, 9521835.0], [713355.0, 9521925.0], [713385.0, 9521925.0], [713385.0, 9521955.0], [713415.0, 9521955.0], [713415.0, 9521985.0], [713385.0, 9521985.0], [713385.0, 9522015.0], [713415.0, 9522015.0], [713415.0, 9522075.0], [713445.0, 9522075.0], [713445.0, 9522015.0], [713475.0, 9522015.0], [713475.0, 9521985.0], [713505.0, 9521985.0], [713505.0, 9521955.0], [713535.0, 9521955.0], [713535.0, 9521925.0], [713655.0, 9521925.0], [713655.0, 9521895.0], [713685.0, 9521895.0], [713685.0, 9521865.0], [713715.0, 9521865.0], [713715.0, 9521955.0], [713775.0, 9521955.0], [713775.0, 9521985.0], [713805.0, 9521985.0], [713805.0, 9521955.0], [713835.0, 9521955.0], [713835.0, 9522015.0], [713775.0, 9522015.0], [713775.0, 9522045.0], [713745.0, 9522045.0], [713745.0, 9522075.0], [713715.0, 9522075.0], [713715.0, 9522105.0], [713655.0, 9522105.0], [713655.0, 9522135.0], [713625.0, 9522135.0], [713625.0, 9522165.0], [713565.0, 9522165.0]]]}, "properties": {"zone_id": "scene_01_DT0000205230-Z0224", "scene": "scene_01_DT0000205230", "pixel_count": 169, "approx_area_m2": 152100.0, "centroid_x": 713419.5266272189, "centroid_y": 9521960.059171598, "mean_risk": 2.175929307937622, "max_risk": 2.6117565631866455, "median_risk": 2.140660524368286, "high_priority_pixel_pct": 100.0, "priority_category": "HIGH PRIORITY", "threshold_type": "95th percentile prioritisation threshold", "recommendation": "Spectral-stress evidence detected. Prioritise field inspection to determine the underlying cause. Field verification required.", "priority_rank": 67}}, {"type": "Feature", "geometry": {"type": "Polygon", "coordinates": [[[729105.0, 9522045.0], [729105.0, 9521985.0], [729135.0, 9521985.0], [729135.0, 9521835.0], [729225.0, 9521835.0], [729225.0, 9521895.0], [729195.0, 9521895.0], [729195.0, 9521955.0], [729165.0, 9521955.0], [729165.0, 9522045.0], [729105.0, 9522045.0]]]}, "properties": {"zone_id": "scene_01_DT0000205230-Z0225", "scene": "scene_01_DT0000205230", "pixel_count": 18, "approx_area_m2": 16200.0, "centroid_x": 729170.0, "centroid_y": 9521950.0, "mean_risk": 1.9702107906341553, "max_risk": 2.070345640182495, "median_risk": 1.9641191959381104, "high_priority_pixel_pct": 100.0, "priority_category": "HIGH PRIORITY", "threshold_type": "95th percentile prioritisation threshold", "recommendation": "Spectral-stress evidence detected. Prioritise field inspection to determine the underlying cause. Field verification required.", "priority_rank": 329}}, {"type": "Feature", "geometry": {"type": "Polygon", "coordinates": [[[718155.0, 9522045.0], [718155.0, 9521985.0], [718125.0, 9521985.0], [718125.0, 9521955.0], [718095.0, 9521955.0], [718095.0, 9521925.0], [718125.0, 9521925.0], [718125.0, 9521865.0], [718095.0, 9521865.0], [718095.0, 9521775.0], [718125.0, 9521775.0], [718125.0, 9521715.0], [718185.0, 9521715.0], [718185.0, 9521685.0], [718215.0, 9521685.0], [718215.0, 9521655.0], [718245.0, 9521655.0], [718245.0, 9521625.0], [718275.0, 9521625.0], [718275.0, 9521655.0], [718305.0, 9521655.0], [718305.0, 9521715.0], [718245.0, 9521715.0], [718245.0, 9521745.0], [718185.0, 9521745.0], [718185.0, 9521805.0], [718245.0, 9521805.0], [718245.0, 9521865.0], [718185.0, 9521865.0], [718185.0, 9521895.0], [718215.0, 9521895.0], [718215.0, 9521955.0], [718245.0, 9521955.0], [718245.0, 9521985.0], [718305.0, 9521985.0], [718305.0, 9521925.0], [718425.0, 9521925.0], [718425.0, 9521895.0], [718455.0, 9521895.0], [718455.0, 9521805.0], [718545.0, 9521805.0], [718545.0, 9521835.0], [718575.0, 9521835.0], [718575.0, 9521865.0], [718635.0, 9521865.0], [718635.0, 9521895.0], [718605.0, 9521895.0], [718605.0, 9521925.0], [718545.0, 9521925.0], [718545.0, 9521955.0], [718485.0, 9521955.0], [718485.0, 9521985.0], [718425.0, 9521985.0], [718425.0, 9522015.0], [718335.0, 9522015.0], [718335.0, 9522045.0], [718155.0, 9522045.0]]]}, "properties": {"zone_id": "scene_01_DT0000205230-Z0226", "scene": "scene_01_DT0000205230", "pixel_count": 88, "approx_area_m2": 79200.0, "centroid_x": 718308.4090909091, "centroid_y": 9521884.772727273, "mean_risk": 2.0236077308654785, "max_risk": 2.2251052856445312, "median_risk": 2.0170466899871826, "high_priority_pixel_pct": 100.0, "priority_category": "HIGH PRIORITY", "threshold_type": "95th percentile prioritisation threshold", "recommendation": "Spectral-stress evidence detected. Prioritise field inspection to determine the underlying cause. Field verification required.", "priority_rank": 223}}, {"type": "Feature", "geometry": {"type": "Polygon", "coordinates": [[[736725.0, 9522045.0], [736725.0, 9522015.0], [736695.0, 9522015.0], [736695.0, 9521985.0], [736665.0, 9521985.0], [736665.0, 9521775.0], [736695.0, 9521775.0], [736695.0, 9521685.0], [736665.0, 9521685.0], [736665.0, 9521655.0], [736635.0, 9521655.0], [736635.0, 9521685.0], [736605.0, 9521685.0], [736605.0, 9521715.0], [736545.0, 9521715.0], [736545.0, 9521775.0], [736605.0, 9521775.0], [736605.0, 9521835.0], [736515.0, 9521835.0], [736515.0, 9521865.0], [736485.0, 9521865.0], [736485.0, 9521835.0], [736455.0, 9521835.0], [736455.0, 9521745.0], [736425.0, 9521745.0], [736425.0, 9521655.0], [736395.0, 9521655.0], [736395.0, 9521625.0], [736335.0, 9521625.0], [736335.0, 9521535.0], [736395.0, 9521535.0], [736395.0, 9521505.0], [736455.0, 9521505.0], [736455.0, 9521415.0], [736485.0, 9521415.0], [736485.0, 9521385.0], [736515.0, 9521385.0], [736515.0, 9521355.0], [736545.0, 9521355.0], [736545.0, 9521295.0], [736575.0, 9521295.0], [736575.0, 9521265.0], [736635.0, 9521265.0], [736635.0, 9521235.0], [736695.0, 9521235.0], [736695.0, 9521295.0], [736665.0, 9521295.0], [736665.0, 9521355.0], [736695.0, 9521355.0], [736695.0, 9521475.0], [736755.0, 9521475.0], [736755.0, 9521535.0], [736815.0, 9521535.0], [736815.0, 9521505.0], [736845.0, 9521505.0], [736845.0, 9521535.0], [736905.0, 9521535.0], [736905.0, 9521505.0], [736965.0, 9521505.0], [736965.0, 9521385.0], [736935.0, 9521385.0], [736935.0, 9521325.0], [736875.0, 9521325.0], [736875.0, 9521265.0], [736905.0, 9521265.0], [736905.0, 9521235.0], [736965.0, 9521235.0], [736965.0, 9521295.0], [737055.0, 9521295.0], [737055.0, 9521325.0], [737085.0, 9521325.0], [737085.0, 9521445.0], [737115.0, 9521445.0], [737115.0, 9521505.0], [737175.0, 9521505.0], [737175.0, 9521475.0], [737235.0, 9521475.0], [737235.0, 9521445.0], [737295.0, 9521445.0], [737295.0, 9521535.0], [737265.0, 9521535.0], [737265.0, 9521595.0], [737235.0, 9521595.0], [737235.0, 9521625.0], [737205.0, 9521625.0], [737205.0, 9521685.0], [737175.0, 9521685.0], [737175.0, 9521745.0], [737115.0, 9521745.0], [737115.0, 9521775.0], [737025.0, 9521775.0], [737025.0, 9521805.0], [736995.0, 9521805.0], [736995.0, 9521835.0], [736965.0, 9521835.0], [736965.0, 9521865.0], [736935.0, 9521865.0], [736935.0, 9521895.0], [736905.0, 9521895.0], [736905.0, 9521925.0], [736875.0, 9521925.0], [736875.0, 9521955.0], [736845.0, 9521955.0], [736845.0, 9522045.0], [736725.0, 9522045.0]], [[736725.0, 9521835.0], [736815.0, 9521835.0], [736815.0, 9521745.0], [736725.0, 9521745.0], [736725.0, 9521835.0]], [[736665.0, 9521625.0], [736695.0, 9521625.0], [736695.0, 9521595.0], [736665.0, 9521595.0], [736665.0, 9521625.0]], [[736695.0, 9521595.0], [736725.0, 9521595.0], [736725.0, 9521565.0], [736695.0, 9521565.0], [736695.0, 9521595.0]]]}, "properties": {"zone_id": "scene_01_DT0000205230-Z0227", "scene": "scene_01_DT0000205230", "pixel_count": 399, "approx_area_m2": 359100.0, "centroid_x": 736802.1052631579, "centroid_y": 9521619.2481203, "mean_risk": 2.2082064151763916, "max_risk": 2.834946632385254, "median_risk": 2.1641428470611572, "high_priority_pixel_pct": 100.0, "priority_category": "HIGH PRIORITY", "threshold_type": "95th percentile prioritisation threshold", "recommendation": "Spectral-stress evidence detected. Prioritise field inspection to determine the underlying cause. Field verification required.", "priority_rank": 48}}, {"type": "Feature", "geometry": {"type": "Polygon", "coordinates": [[[728715.0, 9521955.0], [728715.0, 9521925.0], [728685.0, 9521925.0], [728685.0, 9521865.0], [728745.0, 9521865.0], [728745.0, 9521835.0], [728835.0, 9521835.0], [728835.0, 9521805.0], [728895.0, 9521805.0], [728895.0, 9521775.0], [728925.0, 9521775.0], [728925.0, 9521745.0], [728955.0, 9521745.0], [728955.0, 9521775.0], [729015.0, 9521775.0], [729015.0, 9521805.0], [729045.0, 9521805.0], [729045.0, 9521865.0], [729075.0, 9521865.0], [729075.0, 9521925.0], [729045.0, 9521925.0], [729045.0, 9521955.0], [728955.0, 9521955.0], [728955.0, 9521925.0], [728925.0, 9521925.0], [728925.0, 9521865.0], [728895.0, 9521865.0], [728895.0, 9521895.0], [728835.0, 9521895.0], [728835.0, 9521925.0], [728805.0, 9521925.0], [728805.0, 9521955.0], [728715.0, 9521955.0]]]}, "properties": {"zone_id": "scene_01_DT0000205230-Z0228", "scene": "scene_01_DT0000205230", "pixel_count": 50, "approx_area_m2": 45000.0, "centroid_x": 728898.0, "centroid_y": 9521869.2, "mean_risk": 2.0310075283050537, "max_risk": 2.3329012393951416, "median_risk": 1.9979852437973022, "high_priority_pixel_pct": 100.0, "priority_category": "HIGH PRIORITY", "threshold_type": "95th percentile prioritisation threshold", "recommendation": "Spectral-stress evidence detected. Prioritise field inspection to determine the underlying cause. Field verification required.", "priority_rank": 216}}, {"type": "Feature", "geometry": {"type": "Polygon", "coordinates": [[[739635.0, 9521865.0], [739635.0, 9521835.0], [739605.0, 9521835.0], [739605.0, 9521775.0], [739575.0, 9521775.0], [739575.0, 9521805.0], [739545.0, 9521805.0], [739545.0, 9521715.0], [739515.0, 9521715.0], [739515.0, 9521685.0], [739455.0, 9521685.0], [739455.0, 9521625.0], [739545.0, 9521625.0], [739545.0, 9521565.0], [739575.0, 9521565.0], [739575.0, 9521535.0], [739605.0, 9521535.0], [739605.0, 9521565.0], [739635.0, 9521565.0], [739635.0, 9521595.0], [739665.0, 9521595.0], [739665.0, 9521625.0], [739725.0, 9521625.0], [739725.0, 9521655.0], [739755.0, 9521655.0], [739755.0, 9521685.0], [739785.0, 9521685.0], [739785.0, 9521745.0], [739755.0, 9521745.0], [739755.0, 9521775.0], [739725.0, 9521775.0], [739725.0, 9521835.0], [739695.0, 9521835.0], [739695.0, 9521865.0], [739635.0, 9521865.0]]]}, "properties": {"zone_id": "scene_01_DT0000205230-Z0229", "scene": "scene_01_DT0000205230", "pixel_count": 62, "approx_area_m2": 55800.0, "centroid_x": 739630.1612903225, "centroid_y": 9521702.903225806, "mean_risk": 2.146083354949951, "max_risk": 2.3547427654266357, "median_risk": 2.170808792114258, "high_priority_pixel_pct": 100.0, "priority_category": "HIGH PRIORITY", "threshold_type": "95th percentile prioritisation threshold", "recommendation": "Spectral-stress evidence detected. Prioritise field inspection to determine the underlying cause. Field verification required.", "priority_rank": 87}}, {"type": "Feature", "geometry": {"type": "Polygon", "coordinates": [[[721395.0, 9521775.0], [721395.0, 9521745.0], [721365.0, 9521745.0], [721365.0, 9521685.0], [721305.0, 9521685.0], [721305.0, 9521715.0], [721275.0, 9521715.0], [721275.0, 9521745.0], [721095.0, 9521745.0], [721095.0, 9521715.0], [721005.0, 9521715.0], [721005.0, 9521655.0], [721035.0, 9521655.0], [721035.0, 9521565.0], [721065.0, 9521565.0], [721065.0, 9521535.0], [721095.0, 9521535.0], [721095.0, 9521505.0], [721125.0, 9521505.0], [721125.0, 9521475.0], [721155.0, 9521475.0], [721155.0, 9521505.0], [721185.0, 9521505.0], [721185.0, 9521535.0], [721275.0, 9521535.0], [721275.0, 9521565.0], [721425.0, 9521565.0], [721425.0, 9521535.0], [721455.0, 9521535.0], [721455.0, 9521505.0], [721425.0, 9521505.0], [721425.0, 9521475.0], [721485.0, 9521475.0], [721485.0, 9521445.0], [721455.0, 9521445.0], [721455.0, 9521385.0], [721425.0, 9521385.0], [721425.0, 9521355.0], [721455.0, 9521355.0], [721455.0, 9521265.0], [721575.0, 9521265.0], [721575.0, 9521355.0], [721635.0, 9521355.0], [721635.0, 9521325.0], [721665.0, 9521325.0], [721665.0, 9521385.0], [721725.0, 9521385.0], [721725.0, 9521415.0], [721755.0, 9521415.0], [721755.0, 9521475.0], [721725.0, 9521475.0], [721725.0, 9521595.0], [721695.0, 9521595.0], [721695.0, 9521625.0], [721635.0, 9521625.0], [721635.0, 9521685.0], [721575.0, 9521685.0], [721575.0, 9521655.0], [721545.0, 9521655.0], [721545.0, 9521595.0], [721575.0, 9521595.0], [721575.0, 9521565.0], [721605.0, 9521565.0], [721605.0, 9521535.0], [721575.0, 9521535.0], [721575.0, 9521505.0], [721545.0, 9521505.0], [721545.0, 9521535.0], [721515.0, 9521535.0], [721515.0, 9521625.0], [721485.0, 9521625.0], [721485.0, 9521685.0], [721455.0, 9521685.0], [721455.0, 9521715.0], [721485.0, 9521715.0], [721485.0, 9521775.0], [721395.0, 9521775.0]]]}, "properties": {"zone_id": "scene_01_DT0000205230-Z0230", "scene": "scene_01_DT0000205230", "pixel_count": 190, "approx_area_m2": 171000.0, "centroid_x": 721408.8947368421, "centroid_y": 9521557.421052631, "mean_risk": 2.0665624141693115, "max_risk": 2.5778393745422363, "median_risk": 2.0259604454040527, "high_priority_pixel_pct": 100.0, "priority_category": "HIGH PRIORITY", "threshold_type": "95th percentile prioritisation threshold", "recommendation": "Spectral-stress evidence detected. Prioritise field inspection to determine the underlying cause. Field verification required.", "priority_rank": 167}}, {"type": "Feature", "geometry": {"type": "Polygon", "coordinates": [[[728715.0, 9521775.0], [728715.0, 9521715.0], [728745.0, 9521715.0], [728745.0, 9521685.0], [728775.0, 9521685.0], [728775.0, 9521655.0], [728835.0, 9521655.0], [728835.0, 9521715.0], [728805.0, 9521715.0], [728805.0, 9521745.0], [728775.0, 9521745.0], [728775.0, 9521775.0], [728715.0, 9521775.0]]]}, "properties": {"zone_id": "scene_01_DT0000205230-Z0231", "scene": "scene_01_DT0000205230", "pixel_count": 10, "approx_area_m2": 9000.0, "centroid_x": 728775.0, "centroid_y": 9521715.0, "mean_risk": 1.9611990451812744, "max_risk": 2.111710548400879, "median_risk": 1.9677774906158447, "high_priority_pixel_pct": 100.0, "priority_category": "HIGH PRIORITY", "threshold_type": "95th percentile prioritisation threshold", "recommendation": "Spectral-stress evidence detected. Prioritise field inspection to determine the underlying cause. Field verification required.", "priority_rank": 342}}, {"type": "Feature", "geometry": {"type": "Polygon", "coordinates": [[[740685.0, 9521775.0], [740685.0, 9521655.0], [740745.0, 9521655.0], [740745.0, 9521625.0], [740835.0, 9521625.0], [740835.0, 9521715.0], [740805.0, 9521715.0], [740805.0, 9521745.0], [740775.0, 9521745.0], [740775.0, 9521775.0], [740685.0, 9521775.0]]]}, "properties": {"zone_id": "scene_01_DT0000205230-Z0232", "scene": "scene_01_DT0000205230", "pixel_count": 20, "approx_area_m2": 18000.0, "centroid_x": 740757.0, "centroid_y": 9521698.5, "mean_risk": 2.081522226333618, "max_risk": 2.3188962936401367, "median_risk": 2.07600736618042, "high_priority_pixel_pct": 100.0, "priority_category": "HIGH PRIORITY", "threshold_type": "95th percentile prioritisation threshold", "recommendation": "Spectral-stress evidence detected. Prioritise field inspection to determine the underlying cause. Field verification required.", "priority_rank": 150}}, {"type": "Feature", "geometry": {"type": "Polygon", "coordinates": [[[727275.0, 9521625.0], [727275.0, 9521535.0], [727245.0, 9521535.0], [727245.0, 9521445.0], [727335.0, 9521445.0], [727335.0, 9521505.0], [727365.0, 9521505.0], [727365.0, 9521565.0], [727335.0, 9521565.0], [727335.0, 9521595.0], [727305.0, 9521595.0], [727305.0, 9521625.0], [727275.0, 9521625.0]]]}, "properties": {"zone_id": "scene_01_DT0000205230-Z0233", "scene": "scene_01_DT0000205230", "pixel_count": 16, "approx_area_m2": 14400.0, "centroid_x": 727301.25, "centroid_y": 9521521.875, "mean_risk": 2.0471606254577637, "max_risk": 2.2468435764312744, "median_risk": 2.033668041229248, "high_priority_pixel_pct": 100.0, "priority_category": "HIGH PRIORITY", "threshold_type": "95th percentile prioritisation threshold", "recommendation": "Spectral-stress evidence detected. Prioritise field inspection to determine the underlying cause. Field verification required.", "priority_rank": 192}}, {"type": "Feature", "geometry": {"type": "Polygon", "coordinates": [[[721005.0, 9521475.0], [721005.0, 9521385.0], [720975.0, 9521385.0], [720975.0, 9521325.0], [721005.0, 9521325.0], [721005.0, 9521295.0], [721035.0, 9521295.0], [721035.0, 9521265.0], [721065.0, 9521265.0], [721065.0, 9521295.0], [721095.0, 9521295.0], [721095.0, 9521265.0], [721155.0, 9521265.0], [721155.0, 9521325.0], [721125.0, 9521325.0], [721125.0, 9521385.0], [721095.0, 9521385.0], [721095.0, 9521415.0], [721065.0, 9521415.0], [721065.0, 9521445.0], [721035.0, 9521445.0], [721035.0, 9521475.0], [721005.0, 9521475.0]]]}, "properties": {"zone_id": "scene_01_DT0000205230-Z0234", "scene": "scene_01_DT0000205230", "pixel_count": 24, "approx_area_m2": 21600.0, "centroid_x": 721060.0, "centroid_y": 9521352.5, "mean_risk": 2.0313756465911865, "max_risk": 2.1832737922668457, "median_risk": 2.0492682456970215, "high_priority_pixel_pct": 100.0, "priority_category": "HIGH PRIORITY", "threshold_type": "95th percentile prioritisation threshold", "recommendation": "Spectral-stress evidence detected. Prioritise field inspection to determine the underlying cause. Field verification required.", "priority_rank": 215}}, {"type": "Feature", "geometry": {"type": "Polygon", "coordinates": [[[738645.0, 9521115.0], [738645.0, 9521085.0], [738615.0, 9521085.0], [738615.0, 9521055.0], [738705.0, 9521055.0], [738705.0, 9521025.0], [738855.0, 9521025.0], [738855.0, 9521055.0], [738825.0, 9521055.0], [738825.0, 9521085.0], [738795.0, 9521085.0], [738795.0, 9521115.0], [738765.0, 9521115.0], [738765.0, 9521085.0], [738705.0, 9521085.0], [738705.0, 9521115.0], [738645.0, 9521115.0]]]}, "properties": {"zone_id": "scene_01_DT0000205230-Z0235", "scene": "scene_01_DT0000205230", "pixel_count": 129, "approx_area_m2": 116100.0, "centroid_x": 738861.6279069767, "centroid_y": 9521216.511627907, "mean_risk": 2.190565586090088, "max_risk": 2.790346384048462, "median_risk": 2.116396903991699, "high_priority_pixel_pct": 100.0, "priority_category": "HIGH PRIORITY", "threshold_type": "95th percentile prioritisation threshold", "recommendation": "Spectral-stress evidence detected. Prioritise field inspection to determine the underlying cause. Field verification required.", "priority_rank": 57}}, {"type": "Feature", "geometry": {"type": "Polygon", "coordinates": [[[742065.0, 9521445.0], [742065.0, 9521415.0], [742005.0, 9521415.0], [742005.0, 9521385.0], [741915.0, 9521385.0], [741915.0, 9521415.0], [741885.0, 9521415.0], [741885.0, 9521385.0], [741855.0, 9521385.0], [741855.0, 9521325.0], [741915.0, 9521325.0], [741915.0, 9521295.0], [741975.0, 9521295.0], [741975.0, 9521265.0], [742005.0, 9521265.0], [742005.0, 9521235.0], [741975.0, 9521235.0], [741975.0, 9521205.0], [741945.0, 9521205.0], [741945.0, 9521175.0], [741915.0, 9521175.0], [741915.0, 9521145.0], [741855.0, 9521145.0], [741855.0, 9521175.0], [741795.0, 9521175.0], [741795.0, 9521205.0], [741705.0, 9521205.0], [741705.0, 9521175.0], [741675.0, 9521175.0], [741675.0, 9521115.0], [741705.0, 9521115.0], [741705.0, 9521055.0], [741675.0, 9521055.0], [741675.0, 9520965.0], [741705.0, 9520965.0], [741705.0, 9520935.0], [741645.0, 9520935.0], [741645.0, 9520905.0], [741675.0, 9520905.0], [741675.0, 9520875.0], [741705.0, 9520875.0], [741705.0, 9520905.0], [741765.0, 9520905.0], [741765.0, 9520935.0], [741885.0, 9520935.0], [741885.0, 9520905.0], [741945.0, 9520905.0], [741945.0, 9520875.0], [741975.0, 9520875.0], [741975.0, 9520845.0], [742005.0, 9520845.0], [742005.0, 9520875.0], [742095.0, 9520875.0], [742095.0, 9520845.0], [742215.0, 9520845.0], [742215.0, 9520815.0], [742245.0, 9520815.0], [742245.0, 9520755.0], [742365.0, 9520755.0], [742365.0, 9520725.0], [742395.0, 9520725.0], [742395.0, 9520695.0], [742425.0, 9520695.0], [742425.0, 9520725.0], [742455.0, 9520725.0], [742455.0, 9520785.0], [742425.0, 9520785.0], [742425.0, 9520905.0], [742455.0, 9520905.0], [742455.0, 9521025.0], [742575.0, 9521025.0], [742575.0, 9521055.0], [742545.0, 9521055.0], [742545.0, 9521085.0], [742515.0, 9521085.0], [742515.0, 9521115.0], [742485.0, 9521115.0], [742485.0, 9521175.0], [742515.0, 9521175.0], [742515.0, 9521205.0], [742485.0, 9521205.0], [742485.0, 9521235.0], [742395.0, 9521235.0], [742395.0, 9521205.0], [742365.0, 9521205.0], [742365.0, 9521175.0], [742395.0, 9521175.0], [742395.0, 9521145.0], [742335.0, 9521145.0], [742335.0, 9521175.0], [742305.0, 9521175.0], [742305.0, 9521145.0], [742275.0, 9521145.0], [742275.0, 9521115.0], [742215.0, 9521115.0], [742215.0, 9521145.0], [742185.0, 9521145.0], [742185.0, 9521175.0], [742125.0, 9521175.0], [742125.0, 9521235.0], [742185.0, 9521235.0], [742185.0, 9521385.0], [742125.0, 9521385.0], [742125.0, 9521415.0], [742095.0, 9521415.0], [742095.0, 9521445.0], [742065.0, 9521445.0]]]}, "properties": {"zone_id": "scene_01_DT0000205230-Z0236", "scene": "scene_01_DT0000205230", "pixel_count": 358, "approx_area_m2": 322200.0, "centroid_x": 742105.4748603352, "centroid_y": 9521058.603351956, "mean_risk": 2.1951050758361816, "max_risk": 2.777695894241333, "median_risk": 2.15604305267334, "high_priority_pixel_pct": 100.0, "priority_category": "HIGH PRIORITY", "threshold_type": "95th percentile prioritisation threshold", "recommendation": "Spectral-stress evidence detected. Prioritise field inspection to determine the underlying cause. Field verification required.", "priority_rank": 52}}, {"type": "Feature", "geometry": {"type": "Polygon", "coordinates": [[[738285.0, 9521415.0], [738285.0, 9521385.0], [738225.0, 9521385.0], [738225.0, 9521325.0], [738255.0, 9521325.0], [738255.0, 9521295.0], [738225.0, 9521295.0], [738225.0, 9521265.0], [738195.0, 9521265.0], [738195.0, 9521295.0], [738165.0, 9521295.0], [738165.0, 9521175.0], [738255.0, 9521175.0], [738255.0, 9521145.0], [738195.0, 9521145.0], [738195.0, 9521115.0], [738165.0, 9521115.0], [738165.0, 9521055.0], [738195.0, 9521055.0], [738195.0, 9521025.0], [738105.0, 9521025.0], [738105.0, 9521055.0], [738045.0, 9521055.0], [738045.0, 9521085.0], [738015.0, 9521085.0], [738015.0, 9521115.0], [737985.0, 9521115.0], [737985.0, 9521145.0], [737955.0, 9521145.0], [737955.0, 9521235.0], [737925.0, 9521235.0], [737925.0, 9521205.0], [737895.0, 9521205.0], [737895.0, 9521175.0], [737865.0, 9521175.0], [737865.0, 9521145.0], [737835.0, 9521145.0], [737835.0, 9521115.0], [737805.0, 9521115.0], [737805.0, 9521055.0], [737835.0, 9521055.0], [737835.0, 9521025.0], [737775.0, 9521025.0], [737775.0, 9520995.0], [737805.0, 9520995.0], [737805.0, 9520905.0], [737775.0, 9520905.0], [737775.0, 9520845.0], [737805.0, 9520845.0], [737805.0, 9520815.0], [737835.0, 9520815.0], [737835.0, 9520785.0], [737745.0, 9520785.0], [737745.0, 9520725.0], [737895.0, 9520725.0], [737895.0, 9520695.0], [737925.0, 9520695.0], [737925.0, 9520635.0], [737985.0, 9520635.0], [737985.0, 9520545.0], [738045.0, 9520545.0], [738045.0, 9520575.0], [738105.0, 9520575.0], [738105.0, 9520545.0], [738135.0, 9520545.0], [738135.0, 9520485.0], [738165.0, 9520485.0], [738165.0, 9520455.0], [738195.0, 9520455.0], [738195.0, 9520425.0], [738165.0, 9520425.0], [738165.0, 9520365.0], [738195.0, 9520365.0], [738195.0, 9520305.0], [738225.0, 9520305.0], [738225.0, 9520365.0], [738255.0, 9520365.0], [738255.0, 9520425.0], [738435.0, 9520425.0], [738435.0, 9520305.0], [738465.0, 9520305.0], [738465.0, 9520275.0], [738495.0, 9520275.0], [738495.0, 9520215.0], [738525.0, 9520215.0], [738525.0, 9520095.0], [738555.0, 9520095.0], [738555.0, 9520125.0], [738585.0, 9520125.0], [738585.0, 9520095.0], [738675.0, 9520095.0], [738675.0, 9520125.0], [738705.0, 9520125.0], [738705.0, 9520155.0], [738765.0, 9520155.0], [738765.0, 9520185.0], [738795.0, 9520185.0], [738795.0, 9520215.0], [738735.0, 9520215.0], [738735.0, 9520275.0], [738645.0, 9520275.0], [738645.0, 9520305.0], [738705.0, 9520305.0], [738705.0, 9520395.0], [738675.0, 9520395.0], [738675.0, 9520425.0], [738645.0, 9520425.0], [738645.0, 9520455.0], [738615.0, 9520455.0], [738615.0, 9520485.0], [738585.0, 9520485.0], [738585.0, 9520515.0], [738615.0, 9520515.0], [738615.0, 9520575.0], [738585.0, 9520575.0], [738585.0, 9520605.0], [738555.0, 9520605.0], [738555.0, 9520635.0], [738525.0, 9520635.0], [738525.0, 9520665.0], [738495.0, 9520665.0], [738495.0, 9520695.0], [738465.0, 9520695.0], [738465.0, 9520725.0], [738405.0, 9520725.0], [738405.0, 9520755.0], [738375.0, 9520755.0], [738375.0, 9520815.0], [738345.0, 9520815.0], [738345.0, 9520875.0], [738315.0, 9520875.0], [738315.0, 9520905.0], [738345.0, 9520905.0], [738345.0, 9520935.0], [738435.0, 9520935.0], [738435.0, 9520965.0], [738465.0, 9520965.0], [738465.0, 9520935.0], [738495.0, 9520935.0], [738495.0, 9520905.0], [738525.0, 9520905.0], [738525.0, 9520965.0], [738495.0, 9520965.0], [738495.0, 9521055.0], [738525.0, 9521055.0], [738525.0, 9521085.0], [738585.0, 9521085.0], [738585.0, 9521115.0], [738555.0, 9521115.0], [738555.0, 9521145.0], [738525.0, 9521145.0], [738525.0, 9521175.0], [738495.0, 9521175.0], [738495.0, 9521205.0], [738465.0, 9521205.0], [738465.0, 9521235.0], [738525.0, 9521235.0], [738525.0, 9521385.0], [738315.0, 9521385.0], [738315.0, 9521415.0], [738285.0, 9521415.0]], [[738315.0, 9521205.0], [738345.0, 9521205.0], [738345.0, 9521145.0], [738315.0, 9521145.0], [738315.0, 9521205.0]], [[738255.0, 9520575.0], [738285.0, 9520575.0], [738285.0, 9520545.0], [738255.0, 9520545.0], [738255.0, 9520575.0]], [[738525.0, 9520305.0], [738585.0, 9520305.0], [738585.0, 9520275.0], [738525.0, 9520275.0], [738525.0, 9520305.0]]]}, "properties": {"zone_id": "scene_01_DT0000205230-Z0237", "scene": "scene_01_DT0000205230", "pixel_count": 656, "approx_area_m2": 590400.0, "centroid_x": 738259.893292683, "centroid_y": 9520786.509146342, "mean_risk": 2.2563517093658447, "max_risk": 3.3805465698242188, "median_risk": 2.193403959274292, "high_priority_pixel_pct": 100.0, "priority_category": "HIGH PRIORITY", "threshold_type": "95th percentile prioritisation threshold", "recommendation": "Spectral-stress evidence detected. Prioritise field inspection to determine the underlying cause. Field verification required.", "priority_rank": 32}}, {"type": "Feature", "geometry": {"type": "Polygon", "coordinates": [[[727185.0, 9521355.0], [727185.0, 9521325.0], [727125.0, 9521325.0], [727125.0, 9521295.0], [727095.0, 9521295.0], [727095.0, 9521265.0], [727125.0, 9521265.0], [727125.0, 9521145.0], [727005.0, 9521145.0], [727005.0, 9521115.0], [726975.0, 9521115.0], [726975.0, 9521085.0], [727005.0, 9521085.0], [727005.0, 9521055.0], [726975.0, 9521055.0], [726975.0, 9520965.0], [727005.0, 9520965.0], [727005.0, 9520905.0], [727035.0, 9520905.0], [727035.0, 9520845.0], [727125.0, 9520845.0], [727125.0, 9520875.0], [727095.0, 9520875.0], [727095.0, 9520935.0], [727125.0, 9520935.0], [727125.0, 9520995.0], [727155.0, 9520995.0], [727155.0, 9521025.0], [727185.0, 9521025.0], [727185.0, 9521055.0], [727215.0, 9521055.0], [727215.0, 9521025.0], [727245.0, 9521025.0], [727245.0, 9520965.0], [727275.0, 9520965.0], [727275.0, 9520935.0], [727305.0, 9520935.0], [727305.0, 9520845.0], [727335.0, 9520845.0], [727335.0, 9520875.0], [727395.0, 9520875.0], [727395.0, 9520755.0], [727365.0, 9520755.0], [727365.0, 9520785.0], [727275.0, 9520785.0], [727275.0, 9520845.0], [727245.0, 9520845.0], [727245.0, 9520875.0], [727215.0, 9520875.0], [727215.0, 9520815.0], [727185.0, 9520815.0], [727185.0, 9520695.0], [727215.0, 9520695.0], [727215.0, 9520665.0], [727305.0, 9520665.0], [727305.0, 9520635.0], [727335.0, 9520635.0], [727335.0, 9520605.0], [727365.0, 9520605.0], [727365.0, 9520635.0], [727395.0, 9520635.0], [727395.0, 9520725.0], [727455.0, 9520725.0], [727455.0, 9520755.0], [727545.0, 9520755.0], [727545.0, 9520725.0], [727605.0, 9520725.0], [727605.0, 9520695.0], [727515.0, 9520695.0], [727515.0, 9520635.0], [727605.0, 9520635.0], [727605.0, 9520605.0], [727635.0, 9520605.0], [727635.0, 9520575.0], [727695.0, 9520575.0], [727695.0, 9520545.0], [727725.0, 9520545.0], [727725.0, 9520605.0], [727755.0, 9520605.0], [727755.0, 9520725.0], [727695.0, 9520725.0], [727695.0, 9520815.0], [727725.0, 9520815.0], [727725.0, 9520875.0], [727695.0, 9520875.0], [727695.0, 9521025.0], [727755.0, 9521025.0], [727755.0, 9521055.0], [727785.0, 9521055.0], [727785.0, 9521145.0], [727755.0, 9521145.0], [727755.0, 9521205.0], [727725.0, 9521205.0], [727725.0, 9521235.0], [727695.0, 9521235.0], [727695.0, 9521205.0], [727575.0, 9521205.0], [727575.0, 9521235.0], [727545.0, 9521235.0], [727545.0, 9521205.0], [727395.0, 9521205.0], [727395.0, 9521265.0], [727365.0, 9521265.0], [727365.0, 9521295.0], [727305.0, 9521295.0], [727305.0, 9521325.0], [727275.0, 9521325.0], [727275.0, 9521355.0], [727185.0, 9521355.0]], [[727575.0, 9520875.0], [727605.0, 9520875.0], [727605.0, 9520845.0], [727575.0, 9520845.0], [727575.0, 9520875.0]], [[727605.0, 9520845.0], [727635.0, 9520845.0], [727635.0, 9520815.0], [727605.0, 9520815.0], [727605.0, 9520845.0]]]}, "properties": {"zone_id": "scene_01_DT0000205230-Z0238", "scene": "scene_01_DT0000205230", "pixel_count": 391, "approx_area_m2": 351900.0, "centroid_x": 727409.7698209719, "centroid_y": 9520980.767263427, "mean_risk": 2.192289352416992, "max_risk": 2.901120662689209, "median_risk": 2.173855781555176, "high_priority_pixel_pct": 100.0, "priority_category": "HIGH PRIORITY", "threshold_type": "95th percentile prioritisation threshold", "recommendation": "Spectral-stress evidence detected. Prioritise field inspection to determine the underlying cause. Field verification required.", "priority_rank": 55}}, {"type": "Feature", "geometry": {"type": "Polygon", "coordinates": [[[736395.0, 9520875.0], [736395.0, 9520845.0], [736425.0, 9520845.0], [736425.0, 9520875.0], [736395.0, 9520875.0]]]}, "properties": {"zone_id": "scene_01_DT0000205230-Z0239", "scene": "scene_01_DT0000205230", "pixel_count": 51, "approx_area_m2": 45900.0, "centroid_x": 736359.4117647059, "centroid_y": 9521119.411764706, "mean_risk": 2.0276339054107666, "max_risk": 2.222947359085083, "median_risk": 2.0291762351989746, "high_priority_pixel_pct": 100.0, "priority_category": "HIGH PRIORITY", "threshold_type": "95th percentile prioritisation threshold", "recommendation": "Spectral-stress evidence detected. Prioritise field inspection to determine the underlying cause. Field verification required.", "priority_rank": 218}}, {"type": "Feature", "geometry": {"type": "Polygon", "coordinates": [[[728175.0, 9521325.0], [728175.0, 9521295.0], [728145.0, 9521295.0], [728145.0, 9521235.0], [728175.0, 9521235.0], [728175.0, 9521175.0], [728205.0, 9521175.0], [728205.0, 9521145.0], [728175.0, 9521145.0], [728175.0, 9521115.0], [728205.0, 9521115.0], [728205.0, 9521085.0], [728265.0, 9521085.0], [728265.0, 9521025.0], [728295.0, 9521025.0], [728295.0, 9520965.0], [728355.0, 9520965.0], [728355.0, 9520905.0], [728415.0, 9520905.0], [728415.0, 9520935.0], [728535.0, 9520935.0], [728535.0, 9520965.0], [728565.0, 9520965.0], [728565.0, 9521085.0], [728475.0, 9521085.0], [728475.0, 9521115.0], [728535.0, 9521115.0], [728535.0, 9521205.0], [728475.0, 9521205.0], [728475.0, 9521265.0], [728505.0, 9521265.0], [728505.0, 9521325.0], [728445.0, 9521325.0], [728445.0, 9521175.0], [728415.0, 9521175.0], [728415.0, 9521145.0], [728355.0, 9521145.0], [728355.0, 9521175.0], [728295.0, 9521175.0], [728295.0, 9521205.0], [728265.0, 9521205.0], [728265.0, 9521235.0], [728235.0, 9521235.0], [728235.0, 9521265.0], [728205.0, 9521265.0], [728205.0, 9521325.0], [728175.0, 9521325.0]]]}, "properties": {"zone_id": "scene_01_DT0000205230-Z0240", "scene": "scene_01_DT0000205230", "pixel_count": 98, "approx_area_m2": 88200.0, "centroid_x": 728378.5714285715, "centroid_y": 9521099.081632653, "mean_risk": 2.020996332168579, "max_risk": 2.275298833847046, "median_risk": 1.9883917570114136, "high_priority_pixel_pct": 100.0, "priority_category": "HIGH PRIORITY", "threshold_type": "95th percentile prioritisation threshold", "recommendation": "Spectral-stress evidence detected. Prioritise field inspection to determine the underlying cause. Field verification required.", "priority_rank": 227}}, {"type": "Feature", "geometry": {"type": "Polygon", "coordinates": [[[722745.0, 9521265.0], [722745.0, 9521235.0], [722715.0, 9521235.0], [722715.0, 9521205.0], [722745.0, 9521205.0], [722745.0, 9521175.0], [722775.0, 9521175.0], [722775.0, 9521205.0], [722865.0, 9521205.0], [722865.0, 9521265.0], [722745.0, 9521265.0]]]}, "properties": {"zone_id": "scene_01_DT0000205230-Z0241", "scene": "scene_01_DT0000205230", "pixel_count": 10, "approx_area_m2": 9000.0, "centroid_x": 722793.0, "centroid_y": 9521229.0, "mean_risk": 1.9546477794647217, "max_risk": 2.0123565196990967, "median_risk": 1.965238094329834, "high_priority_pixel_pct": 100.0, "priority_category": "HIGH PRIORITY", "threshold_type": "95th percentile prioritisation threshold", "recommendation": "Spectral-stress evidence detected. Prioritise field inspection to determine the underlying cause. Field verification required.", "priority_rank": 356}}, {"type": "Feature", "geometry": {"type": "Polygon", "coordinates": [[[737565.0, 9521205.0], [737565.0, 9521175.0], [737535.0, 9521175.0], [737535.0, 9521145.0], [737505.0, 9521145.0], [737505.0, 9521115.0], [737445.0, 9521115.0], [737445.0, 9521085.0], [737355.0, 9521085.0], [737355.0, 9521115.0], [737295.0, 9521115.0], [737295.0, 9521085.0], [737325.0, 9521085.0], [737325.0, 9520995.0], [737295.0, 9520995.0], [737295.0, 9520935.0], [737175.0, 9520935.0], [737175.0, 9520875.0], [737055.0, 9520875.0], [737055.0, 9520725.0], [737025.0, 9520725.0], [737025.0, 9520695.0], [737055.0, 9520695.0], [737055.0, 9520665.0], [737085.0, 9520665.0], [737085.0, 9520635.0], [737115.0, 9520635.0], [737115.0, 9520665.0], [737145.0, 9520665.0], [737145.0, 9520695.0], [737115.0, 9520695.0], [737115.0, 9520725.0], [737145.0, 9520725.0], [737145.0, 9520755.0], [737175.0, 9520755.0], [737175.0, 9520725.0], [737235.0, 9520725.0], [737235.0, 9520755.0], [737205.0, 9520755.0], [737205.0, 9520785.0], [737295.0, 9520785.0], [737295.0, 9520755.0], [737325.0, 9520755.0], [737325.0, 9520635.0], [737295.0, 9520635.0], [737295.0, 9520605.0], [737265.0, 9520605.0], [737265.0, 9520545.0], [737295.0, 9520545.0], [737295.0, 9520515.0], [737325.0, 9520515.0], [737325.0, 9520455.0], [737385.0, 9520455.0], [737385.0, 9520425.0], [737505.0, 9520425.0], [737505.0, 9520365.0], [737415.0, 9520365.0], [737415.0, 9520335.0], [737385.0, 9520335.0], [737385.0, 9520305.0], [737325.0, 9520305.0], [737325.0, 9520275.0], [737295.0, 9520275.0], [737295.0, 9520245.0], [737325.0, 9520245.0], [737325.0, 9520215.0], [737355.0, 9520215.0], [737355.0, 9520185.0], [737445.0, 9520185.0], [737445.0, 9520125.0], [737475.0, 9520125.0], [737475.0, 9520065.0], [737625.0, 9520065.0], [737625.0, 9520095.0], [737655.0, 9520095.0], [737655.0, 9520125.0], [737685.0, 9520125.0], [737685.0, 9520155.0], [737715.0, 9520155.0], [737715.0, 9520185.0], [737745.0, 9520185.0], [737745.0, 9520155.0], [737775.0, 9520155.0], [737775.0, 9520245.0], [737745.0, 9520245.0], [737745.0, 9520305.0], [737685.0, 9520305.0], [737685.0, 9520335.0], [737625.0, 9520335.0], [737625.0, 9520365.0], [737595.0, 9520365.0], [737595.0, 9520455.0], [737535.0, 9520455.0], [737535.0, 9520485.0], [737505.0, 9520485.0], [737505.0, 9520515.0], [737475.0, 9520515.0], [737475.0, 9520545.0], [737415.0, 9520545.0], [737415.0, 9520575.0], [737385.0, 9520575.0], [737385.0, 9520605.0], [737415.0, 9520605.0], [737415.0, 9520635.0], [737445.0, 9520635.0], [737445.0, 9520665.0], [737415.0, 9520665.0], [737415.0, 9520725.0], [737385.0, 9520725.0], [737385.0, 9520815.0], [737355.0, 9520815.0], [737355.0, 9520845.0], [737385.0, 9520845.0], [737385.0, 9520905.0], [737355.0, 9520905.0], [737355.0, 9520935.0], [737325.0, 9520935.0], [737325.0, 9520965.0], [737415.0, 9520965.0], [737415.0, 9520905.0], [737475.0, 9520905.0], [737475.0, 9520875.0], [737535.0, 9520875.0], [737535.0, 9520935.0], [737505.0, 9520935.0], [737505.0, 9521025.0], [737535.0, 9521025.0], [737535.0, 9520995.0], [737565.0, 9520995.0], [737565.0, 9520965.0], [737595.0, 9520965.0], [737595.0, 9520935.0], [737625.0, 9520935.0], [737625.0, 9520965.0], [737655.0, 9520965.0], [737655.0, 9520995.0], [737715.0, 9520995.0], [737715.0, 9521055.0], [737745.0, 9521055.0], [737745.0, 9521115.0], [737655.0, 9521115.0], [737655.0, 9521175.0], [737625.0, 9521175.0], [737625.0, 9521205.0], [737565.0, 9521205.0]]]}, "properties": {"zone_id": "scene_01_DT0000205230-Z0242", "scene": "scene_01_DT0000205230", "pixel_count": 339, "approx_area_m2": 305100.0, "centroid_x": 737420.7964601769, "centroid_y": 9520674.07079646, "mean_risk": 2.118304491043091, "max_risk": 2.5743472576141357, "median_risk": 2.092287540435791, "high_priority_pixel_pct": 100.0, "priority_category": "HIGH PRIORITY", "threshold_type": "95th percentile prioritisation threshold", "recommendation": "Spectral-stress evidence detected. Prioritise field inspection to determine the underlying cause. Field verification required.", "priority_rank": 112}}, {"type": "Feature", "geometry": {"type": "Polygon", "coordinates": [[[720735.0, 9521235.0], [720735.0, 9521145.0], [720615.0, 9521145.0], [720615.0, 9521115.0], [720525.0, 9521115.0], [720525.0, 9521085.0], [720585.0, 9521085.0], [720585.0, 9521055.0], [720615.0, 9521055.0], [720615.0, 9520965.0], [720675.0, 9520965.0], [720675.0, 9520935.0], [720765.0, 9520935.0], [720765.0, 9520905.0], [720795.0, 9520905.0], [720795.0, 9520935.0], [720825.0, 9520935.0], [720825.0, 9520965.0], [720795.0, 9520965.0], [720795.0, 9520995.0], [720825.0, 9520995.0], [720825.0, 9521025.0], [720795.0, 9521025.0], [720795.0, 9521145.0], [720825.0, 9521145.0], [720825.0, 9521085.0], [720855.0, 9521085.0], [720855.0, 9521055.0], [720885.0, 9521055.0], [720885.0, 9521025.0], [720945.0, 9521025.0], [720945.0, 9521115.0], [720915.0, 9521115.0], [720915.0, 9521175.0], [720885.0, 9521175.0], [720885.0, 9521235.0], [720825.0, 9521235.0], [720825.0, 9521205.0], [720795.0, 9521205.0], [720795.0, 9521235.0], [720735.0, 9521235.0]]]}, "properties": {"zone_id": "scene_01_DT0000205230-Z0243", "scene": "scene_01_DT0000205230", "pixel_count": 74, "approx_area_m2": 66600.0, "centroid_x": 720756.0810810811, "centroid_y": 9521079.72972973, "mean_risk": 2.0624537467956543, "max_risk": 2.414790391921997, "median_risk": 2.0164875984191895, "high_priority_pixel_pct": 100.0, "priority_category": "HIGH PRIORITY", "threshold_type": "95th percentile prioritisation threshold", "recommendation": "Spectral-stress evidence detected. Prioritise field inspection to determine the underlying cause. Field verification required.", "priority_rank": 169}}, {"type": "Feature", "geometry": {"type": "Polygon", "coordinates": [[[727995.0, 9521235.0], [727995.0, 9521145.0], [728025.0, 9521145.0], [728025.0, 9521115.0], [728055.0, 9521115.0], [728055.0, 9521085.0], [728115.0, 9521085.0], [728115.0, 9521145.0], [728085.0, 9521145.0], [728085.0, 9521175.0], [728055.0, 9521175.0], [728055.0, 9521205.0], [728025.0, 9521205.0], [728025.0, 9521235.0], [727995.0, 9521235.0]]]}, "properties": {"zone_id": "scene_01_DT0000205230-Z0244", "scene": "scene_01_DT0000205230", "pixel_count": 11, "approx_area_m2": 9900.0, "centroid_x": 728050.9090909091, "centroid_y": 9521151.818181818, "mean_risk": 1.973487377166748, "max_risk": 2.056919574737549, "median_risk": 1.9643490314483643, "high_priority_pixel_pct": 100.0, "priority_category": "HIGH PRIORITY", "threshold_type": "95th percentile prioritisation threshold", "recommendation": "Spectral-stress evidence detected. Prioritise field inspection to determine the underlying cause. Field verification required.", "priority_rank": 321}}, {"type": "Feature", "geometry": {"type": "Polygon", "coordinates": [[[720405.0, 9521175.0], [720405.0, 9521115.0], [720375.0, 9521115.0], [720375.0, 9521085.0], [720345.0, 9521085.0], [720345.0, 9521055.0], [720375.0, 9521055.0], [720375.0, 9521025.0], [720465.0, 9521025.0], [720465.0, 9521175.0], [720405.0, 9521175.0]]]}, "properties": {"zone_id": "scene_01_DT0000205230-Z0245", "scene": "scene_01_DT0000205230", "pixel_count": 14, "approx_area_m2": 12600.0, "centroid_x": 720420.0, "centroid_y": 9521091.42857143, "mean_risk": 1.9530190229415894, "max_risk": 2.05521821975708, "median_risk": 1.943733811378479, "high_priority_pixel_pct": 100.0, "priority_category": "HIGH PRIORITY", "threshold_type": "95th percentile prioritisation threshold", "recommendation": "Spectral-stress evidence detected. Prioritise field inspection to determine the underlying cause. Field verification required.", "priority_rank": 358}}, {"type": "Feature", "geometry": {"type": "Polygon", "coordinates": [[[731565.0, 9521145.0], [731565.0, 9521085.0], [731475.0, 9521085.0], [731475.0, 9521115.0], [731445.0, 9521115.0], [731445.0, 9521085.0], [731415.0, 9521085.0], [731415.0, 9521055.0], [731385.0, 9521055.0], [731385.0, 9520935.0], [731355.0, 9520935.0], [731355.0, 9520875.0], [731385.0, 9520875.0], [731385.0, 9520815.0], [731355.0, 9520815.0], [731355.0, 9520785.0], [731325.0, 9520785.0], [731325.0, 9520815.0], [731295.0, 9520815.0], [731295.0, 9520875.0], [731265.0, 9520875.0], [731265.0, 9520905.0], [731205.0, 9520905.0], [731205.0, 9520845.0], [731175.0, 9520845.0], [731175.0, 9520785.0], [731145.0, 9520785.0], [731145.0, 9520605.0], [731115.0, 9520605.0], [731115.0, 9520545.0], [731145.0, 9520545.0], [731145.0, 9520485.0], [731175.0, 9520485.0], [731175.0, 9520425.0], [731115.0, 9520425.0], [731115.0, 9520335.0], [731145.0, 9520335.0], [731145.0, 9520365.0], [731175.0, 9520365.0], [731175.0, 9520395.0], [731235.0, 9520395.0], [731235.0, 9520425.0], [731355.0, 9520425.0], [731355.0, 9520395.0], [731385.0, 9520395.0], [731385.0, 9520275.0], [731475.0, 9520275.0], [731475.0, 9520335.0], [731505.0, 9520335.0], [731505.0, 9520365.0], [731535.0, 9520365.0], [731535.0, 9520455.0], [731505.0, 9520455.0], [731505.0, 9520485.0], [731475.0, 9520485.0], [731475.0, 9520545.0], [731505.0, 9520545.0], [731505.0, 9520605.0], [731565.0, 9520605.0], [731565.0, 9520575.0], [731655.0, 9520575.0], [731655.0, 9520605.0], [731685.0, 9520605.0], [731685.0, 9520635.0], [731775.0, 9520635.0], [731775.0, 9520695.0], [731805.0, 9520695.0], [731805.0, 9520935.0], [731775.0, 9520935.0], [731775.0, 9520965.0], [731745.0, 9520965.0], [731745.0, 9520995.0], [731715.0, 9520995.0], [731715.0, 9521055.0], [731685.0, 9521055.0], [731685.0, 9521085.0], [731655.0, 9521085.0], [731655.0, 9521115.0], [731595.0, 9521115.0], [731595.0, 9521145.0], [731565.0, 9521145.0]], [[731745.0, 9520905.0], [731775.0, 9520905.0], [731775.0, 9520875.0], [731745.0, 9520875.0], [731745.0, 9520905.0]]]}, "properties": {"zone_id": "scene_01_DT0000205230-Z0246", "scene": "scene_01_DT0000205230", "pixel_count": 375, "approx_area_m2": 337500.0, "centroid_x": 731461.2, "centroid_y": 9520725.84, "mean_risk": 2.243881940841675, "max_risk": 2.9105989933013916, "median_risk": 2.200035333633423, "high_priority_pixel_pct": 100.0, "priority_category": "HIGH PRIORITY", "threshold_type": "95th percentile prioritisation threshold", "recommendation": "Spectral-stress evidence detected. Prioritise field inspection to determine the underlying cause. Field verification required.", "priority_rank": 34}}, {"type": "Feature", "geometry": {"type": "Polygon", "coordinates": [[[726015.0, 9521115.0], [726015.0, 9521055.0], [726105.0, 9521055.0], [726105.0, 9521025.0], [726045.0, 9521025.0], [726045.0, 9520995.0], [726015.0, 9520995.0], [726015.0, 9520905.0], [726045.0, 9520905.0], [726045.0, 9520755.0], [726105.0, 9520755.0], [726105.0, 9520785.0], [726135.0, 9520785.0], [726135.0, 9520725.0], [726105.0, 9520725.0], [726105.0, 9520695.0], [726135.0, 9520695.0], [726135.0, 9520665.0], [726165.0, 9520665.0], [726165.0, 9520635.0], [726225.0, 9520635.0], [726225.0, 9520605.0], [726255.0, 9520605.0], [726255.0, 9520695.0], [726345.0, 9520695.0], [726345.0, 9520665.0], [726375.0, 9520665.0], [726375.0, 9520515.0], [726495.0, 9520515.0], [726495.0, 9520485.0], [726525.0, 9520485.0], [726525.0, 9520455.0], [726495.0, 9520455.0], [726495.0, 9520365.0], [726465.0, 9520365.0], [726465.0, 9520335.0], [726435.0, 9520335.0], [726435.0, 9520305.0], [726525.0, 9520305.0], [726525.0, 9520275.0], [726585.0, 9520275.0], [726585.0, 9520305.0], [726615.0, 9520305.0], [726615.0, 9520275.0], [726645.0, 9520275.0], [726645.0, 9520245.0], [726735.0, 9520245.0], [726735.0, 9520275.0], [726765.0, 9520275.0], [726765.0, 9520455.0], [726735.0, 9520455.0], [726735.0, 9520515.0], [726675.0, 9520515.0], [726675.0, 9520575.0], [726645.0, 9520575.0], [726645.0, 9520635.0], [726615.0, 9520635.0], [726615.0, 9520815.0], [726585.0, 9520815.0], [726585.0, 9520845.0], [726525.0, 9520845.0], [726525.0, 9520875.0], [726495.0, 9520875.0], [726495.0, 9520905.0], [726465.0, 9520905.0], [726465.0, 9520935.0], [726435.0, 9520935.0], [726435.0, 9520965.0], [726315.0, 9520965.0], [726315.0, 9520995.0], [726285.0, 9520995.0], [726285.0, 9521025.0], [726255.0, 9521025.0], [726255.0, 9521055.0], [726225.0, 9521055.0], [726225.0, 9521025.0], [726195.0, 9521025.0], [726195.0, 9521085.0], [726075.0, 9521085.0], [726075.0, 9521115.0], [726015.0, 9521115.0]]]}, "properties": {"zone_id": "scene_01_DT0000205230-Z0247", "scene": "scene_01_DT0000205230", "pixel_count": 314, "approx_area_m2": 282600.0, "centroid_x": 726398.9808917197, "centroid_y": 9520698.630573248, "mean_risk": 2.2384426593780518, "max_risk": 2.9493753910064697, "median_risk": 2.2045068740844727, "high_priority_pixel_pct": 100.0, "priority_category": "HIGH PRIORITY", "threshold_type": "95th percentile prioritisation threshold", "recommendation": "Spectral-stress evidence detected. Prioritise field inspection to determine the underlying cause. Field verification required.", "priority_rank": 39}}, {"type": "Feature", "geometry": {"type": "Polygon", "coordinates": [[[741135.0, 9521115.0], [741135.0, 9521085.0], [741105.0, 9521085.0], [741105.0, 9521025.0], [741075.0, 9521025.0], [741075.0, 9521055.0], [741015.0, 9521055.0], [741015.0, 9521025.0], [741045.0, 9521025.0], [741045.0, 9520995.0], [741075.0, 9520995.0], [741075.0, 9520965.0], [741105.0, 9520965.0], [741105.0, 9520875.0], [741195.0, 9520875.0], [741195.0, 9521025.0], [741165.0, 9521025.0], [741165.0, 9521115.0], [741135.0, 9521115.0]]]}, "properties": {"zone_id": "scene_01_DT0000205230-Z0248", "scene": "scene_01_DT0000205230", "pixel_count": 25, "approx_area_m2": 22500.0, "centroid_x": 741130.8, "centroid_y": 9520986.0, "mean_risk": 1.9772288799285889, "max_risk": 2.142230987548828, "median_risk": 1.9677797555923462, "high_priority_pixel_pct": 100.0, "priority_category": "HIGH PRIORITY", "threshold_type": "95th percentile prioritisation threshold", "recommendation": "Spectral-stress evidence detected. Prioritise field inspection to determine the underlying cause. Field verification required.", "priority_rank": 317}}, {"type": "Feature", "geometry": {"type": "Polygon", "coordinates": [[[740745.0, 9521085.0], [740745.0, 9521055.0], [740655.0, 9521055.0], [740655.0, 9520905.0], [740685.0, 9520905.0], [740685.0, 9520875.0], [740775.0, 9520875.0], [740775.0, 9520995.0], [740805.0, 9520995.0], [740805.0, 9521025.0], [740835.0, 9521025.0], [740835.0, 9521055.0], [740805.0, 9521055.0], [740805.0, 9521085.0], [740745.0, 9521085.0]]]}, "properties": {"zone_id": "scene_01_DT0000205230-Z0249", "scene": "scene_01_DT0000205230", "pixel_count": 28, "approx_area_m2": 25200.0, "centroid_x": 740730.0, "centroid_y": 9520982.142857144, "mean_risk": 2.1942012310028076, "max_risk": 2.626824378967285, "median_risk": 2.1678082942962646, "high_priority_pixel_pct": 100.0, "priority_category": "HIGH PRIORITY", "threshold_type": "95th percentile prioritisation threshold", "recommendation": "Spectral-stress evidence detected. Prioritise field inspection to determine the underlying cause. Field verification required.", "priority_rank": 53}}, {"type": "Feature", "geometry": {"type": "Polygon", "coordinates": [[[722025.0, 9520515.0], [722025.0, 9520485.0], [722055.0, 9520485.0], [722055.0, 9520455.0], [722085.0, 9520455.0], [722085.0, 9520485.0], [722115.0, 9520485.0], [722115.0, 9520515.0], [722025.0, 9520515.0]]]}, "properties": {"zone_id": "scene_01_DT0000205230-Z0250", "scene": "scene_01_DT0000205230", "pixel_count": 231, "approx_area_m2": 207900.0, "centroid_x": 722432.077922078, "centroid_y": 9520754.415584415, "mean_risk": 2.1182236671447754, "max_risk": 2.6596057415008545, "median_risk": 2.0921807289123535, "high_priority_pixel_pct": 100.0, "priority_category": "HIGH PRIORITY", "threshold_type": "95th percentile prioritisation threshold", "recommendation": "Spectral-stress evidence detected. Prioritise field inspection to determine the underlying cause. Field verification required.", "priority_rank": 114}}, {"type": "Feature", "geometry": {"type": "Polygon", "coordinates": [[[730815.0, 9520995.0], [730815.0, 9520965.0], [730725.0, 9520965.0], [730725.0, 9520845.0], [730785.0, 9520845.0], [730785.0, 9520815.0], [730845.0, 9520815.0], [730845.0, 9520785.0], [730875.0, 9520785.0], [730875.0, 9520815.0], [730935.0, 9520815.0], [730935.0, 9520845.0], [730965.0, 9520845.0], [730965.0, 9520875.0], [730995.0, 9520875.0], [730995.0, 9520905.0], [731025.0, 9520905.0], [731025.0, 9520965.0], [730845.0, 9520965.0], [730845.0, 9520995.0], [730815.0, 9520995.0]]]}, "properties": {"zone_id": "scene_01_DT0000205230-Z0251", "scene": "scene_01_DT0000205230", "pixel_count": 44, "approx_area_m2": 39600.0, "centroid_x": 730863.4090909091, "centroid_y": 9520898.181818182, "mean_risk": 2.1990299224853516, "max_risk": 2.604868173599243, "median_risk": 2.2117464542388916, "high_priority_pixel_pct": 100.0, "priority_category": "HIGH PRIORITY", "threshold_type": "95th percentile prioritisation threshold", "recommendation": "Spectral-stress evidence detected. Prioritise field inspection to determine the underlying cause. Field verification required.", "priority_rank": 50}}, {"type": "Feature", "geometry": {"type": "Polygon", "coordinates": [[[736785.0, 9520995.0], [736785.0, 9520935.0], [736755.0, 9520935.0], [736755.0, 9520905.0], [736635.0, 9520905.0], [736635.0, 9520875.0], [736725.0, 9520875.0], [736725.0, 9520815.0], [736815.0, 9520815.0], [736815.0, 9520785.0], [736875.0, 9520785.0], [736875.0, 9520725.0], [736905.0, 9520725.0], [736905.0, 9520755.0], [736935.0, 9520755.0], [736935.0, 9520725.0], [736995.0, 9520725.0], [736995.0, 9520785.0], [736965.0, 9520785.0], [736965.0, 9520875.0], [736935.0, 9520875.0], [736935.0, 9520905.0], [736905.0, 9520905.0], [736905.0, 9520995.0], [736785.0, 9520995.0]]]}, "properties": {"zone_id": "scene_01_DT0000205230-Z0252", "scene": "scene_01_DT0000205230", "pixel_count": 51, "approx_area_m2": 45900.0, "centroid_x": 736848.8235294118, "centroid_y": 9520863.529411765, "mean_risk": 2.1284101009368896, "max_risk": 2.5123770236968994, "median_risk": 2.1024909019470215, "high_priority_pixel_pct": 100.0, "priority_category": "HIGH PRIORITY", "threshold_type": "95th percentile prioritisation threshold", "recommendation": "Spectral-stress evidence detected. Prioritise field inspection to determine the underlying cause. Field verification required.", "priority_rank": 97}}, {"type": "Feature", "geometry": {"type": "Polygon", "coordinates": [[[739575.0, 9520995.0], [739575.0, 9520935.0], [739635.0, 9520935.0], [739635.0, 9520845.0], [739665.0, 9520845.0], [739665.0, 9520695.0], [739695.0, 9520695.0], [739695.0, 9520635.0], [739785.0, 9520635.0], [739785.0, 9520605.0], [739815.0, 9520605.0], [739815.0, 9520575.0], [739875.0, 9520575.0], [739875.0, 9520605.0], [739905.0, 9520605.0], [739905.0, 9520635.0], [739935.0, 9520635.0], [739935.0, 9520665.0], [740025.0, 9520665.0], [740025.0, 9520695.0], [740055.0, 9520695.0], [740055.0, 9520755.0], [740085.0, 9520755.0], [740085.0, 9520845.0], [740055.0, 9520845.0], [740055.0, 9520875.0], [739875.0, 9520875.0], [739875.0, 9520905.0], [739755.0, 9520905.0], [739755.0, 9520935.0], [739725.0, 9520935.0], [739725.0, 9520965.0], [739635.0, 9520965.0], [739635.0, 9520995.0], [739575.0, 9520995.0]]]}, "properties": {"zone_id": "scene_01_DT0000205230-Z0253", "scene": "scene_01_DT0000205230", "pixel_count": 126, "approx_area_m2": 113400.0, "centroid_x": 739835.4761904762, "centroid_y": 9520780.476190476, "mean_risk": 2.2248756885528564, "max_risk": 2.6777126789093018, "median_risk": 2.212085485458374, "high_priority_pixel_pct": 100.0, "priority_category": "HIGH PRIORITY", "threshold_type": "95th percentile prioritisation threshold", "recommendation": "Spectral-stress evidence detected. Prioritise field inspection to determine the underlying cause. Field verification required.", "priority_rank": 43}}, {"type": "Feature", "geometry": {"type": "Polygon", "coordinates": [[[735165.0, 9520875.0], [735165.0, 9520845.0], [735195.0, 9520845.0], [735195.0, 9520785.0], [735165.0, 9520785.0], [735165.0, 9520695.0], [735195.0, 9520695.0], [735195.0, 9520635.0], [735225.0, 9520635.0], [735225.0, 9520605.0], [735285.0, 9520605.0], [735285.0, 9520635.0], [735405.0, 9520635.0], [735405.0, 9520665.0], [735435.0, 9520665.0], [735435.0, 9520635.0], [735495.0, 9520635.0], [735495.0, 9520665.0], [735525.0, 9520665.0], [735525.0, 9520785.0], [735465.0, 9520785.0], [735465.0, 9520755.0], [735405.0, 9520755.0], [735405.0, 9520785.0], [735375.0, 9520785.0], [735375.0, 9520845.0], [735345.0, 9520845.0], [735345.0, 9520875.0], [735165.0, 9520875.0]]]}, "properties": {"zone_id": "scene_01_DT0000205230-Z0254", "scene": "scene_01_DT0000205230", "pixel_count": 80, "approx_area_m2": 72000.0, "centroid_x": 735319.875, "centroid_y": 9520747.875, "mean_risk": 2.123278856277466, "max_risk": 2.6962454319000244, "median_risk": 2.0614242553710938, "high_priority_pixel_pct": 100.0, "priority_category": "HIGH PRIORITY", "threshold_type": "95th percentile prioritisation threshold", "recommendation": "Spectral-stress evidence detected. Prioritise field inspection to determine the underlying cause. Field verification required.", "priority_rank": 103}}, {"type": "Feature", "geometry": {"type": "Polygon", "coordinates": [[[726735.0, 9520875.0], [726735.0, 9520815.0], [726705.0, 9520815.0], [726705.0, 9520785.0], [726645.0, 9520785.0], [726645.0, 9520755.0], [726675.0, 9520755.0], [726675.0, 9520725.0], [726705.0, 9520725.0], [726705.0, 9520665.0], [726795.0, 9520665.0], [726795.0, 9520635.0], [726825.0, 9520635.0], [726825.0, 9520605.0], [726855.0, 9520605.0], [726855.0, 9520635.0], [726915.0, 9520635.0], [726915.0, 9520575.0], [726855.0, 9520575.0], [726855.0, 9520545.0], [726975.0, 9520545.0], [726975.0, 9520575.0], [727005.0, 9520575.0], [727005.0, 9520665.0], [726975.0, 9520665.0], [726975.0, 9520695.0], [726915.0, 9520695.0], [726915.0, 9520725.0], [726885.0, 9520725.0], [726885.0, 9520755.0], [726855.0, 9520755.0], [726855.0, 9520785.0], [726825.0, 9520785.0], [726825.0, 9520845.0], [726795.0, 9520845.0], [726795.0, 9520875.0], [726735.0, 9520875.0]]]}, "properties": {"zone_id": "scene_01_DT0000205230-Z0255", "scene": "scene_01_DT0000205230", "pixel_count": 57, "approx_area_m2": 51300.0, "centroid_x": 726832.1052631579, "centroid_y": 9520703.684210526, "mean_risk": 2.081193685531616, "max_risk": 2.4855525493621826, "median_risk": 2.0245563983917236, "high_priority_pixel_pct": 100.0, "priority_category": "HIGH PRIORITY", "threshold_type": "95th percentile prioritisation threshold", "recommendation": "Spectral-stress evidence detected. Prioritise field inspection to determine the underlying cause. Field verification required.", "priority_rank": 152}}, {"type": "Feature", "geometry": {"type": "Polygon", "coordinates": [[[739335.0, 9520815.0], [739335.0, 9520785.0], [739305.0, 9520785.0], [739305.0, 9520725.0], [739335.0, 9520725.0], [739335.0, 9520695.0], [739365.0, 9520695.0], [739365.0, 9520605.0], [739335.0, 9520605.0], [739335.0, 9520575.0], [739365.0, 9520575.0], [739365.0, 9520545.0], [739455.0, 9520545.0], [739455.0, 9520485.0], [739485.0, 9520485.0], [739485.0, 9520455.0], [739575.0, 9520455.0], [739575.0, 9520485.0], [739695.0, 9520485.0], [739695.0, 9520515.0], [739665.0, 9520515.0], [739665.0, 9520545.0], [739635.0, 9520545.0], [739635.0, 9520605.0], [739605.0, 9520605.0], [739605.0, 9520635.0], [739515.0, 9520635.0], [739515.0, 9520665.0], [739485.0, 9520665.0], [739485.0, 9520725.0], [739455.0, 9520725.0], [739455.0, 9520815.0], [739335.0, 9520815.0]]]}, "properties": {"zone_id": "scene_01_DT0000205230-Z0256", "scene": "scene_01_DT0000205230", "pixel_count": 73, "approx_area_m2": 65700.0, "centroid_x": 739474.9315068494, "centroid_y": 9520620.410958905, "mean_risk": 2.1516802310943604, "max_risk": 2.651064872741699, "median_risk": 2.113621473312378, "high_priority_pixel_pct": 100.0, "priority_category": "HIGH PRIORITY", "threshold_type": "95th percentile prioritisation threshold", "recommendation": "Spectral-stress evidence detected. Prioritise field inspection to determine the underlying cause. Field verification required.", "priority_rank": 80}}, {"type": "Feature", "geometry": {"type": "Polygon", "coordinates": [[[716475.0, 9520755.0], [716475.0, 9520725.0], [716445.0, 9520725.0], [716445.0, 9520695.0], [716475.0, 9520695.0], [716475.0, 9520665.0], [716655.0, 9520665.0], [716655.0, 9520695.0], [716625.0, 9520695.0], [716625.0, 9520725.0], [716535.0, 9520725.0], [716535.0, 9520755.0], [716475.0, 9520755.0]]]}, "properties": {"zone_id": "scene_01_DT0000205230-Z0257", "scene": "scene_01_DT0000205230", "pixel_count": 14, "approx_area_m2": 12600.0, "centroid_x": 716543.5714285715, "centroid_y": 9520701.42857143, "mean_risk": 1.9748601913452148, "max_risk": 2.094609260559082, "median_risk": 1.9746897220611572, "high_priority_pixel_pct": 100.0, "priority_category": "HIGH PRIORITY", "threshold_type": "95th percentile prioritisation threshold", "recommendation": "Spectral-stress evidence detected. Prioritise field inspection to determine the underlying cause. Field verification required.", "priority_rank": 320}}, {"type": "Feature", "geometry": {"type": "Polygon", "coordinates": [[[725565.0, 9520755.0], [725565.0, 9520725.0], [725535.0, 9520725.0], [725535.0, 9520665.0], [725625.0, 9520665.0], [725625.0, 9520695.0], [725655.0, 9520695.0], [725655.0, 9520725.0], [725625.0, 9520725.0], [725625.0, 9520755.0], [725565.0, 9520755.0]]]}, "properties": {"zone_id": "scene_01_DT0000205230-Z0258", "scene": "scene_01_DT0000205230", "pixel_count": 9, "approx_area_m2": 8100.0, "centroid_x": 725590.0, "centroid_y": 9520706.666666666, "mean_risk": 1.9511799812316895, "max_risk": 2.012336254119873, "median_risk": 1.9352909326553345, "high_priority_pixel_pct": 100.0, "priority_category": "HIGH PRIORITY", "threshold_type": "95th percentile prioritisation threshold", "recommendation": "Spectral-stress evidence detected. Prioritise field inspection to determine the underlying cause. Field verification required.", "priority_rank": 361}}, {"type": "Feature", "geometry": {"type": "Polygon", "coordinates": [[[738855.0, 9520695.0], [738855.0, 9520665.0], [738825.0, 9520665.0], [738825.0, 9520635.0], [738735.0, 9520635.0], [738735.0, 9520605.0], [738765.0, 9520605.0], [738765.0, 9520425.0], [738795.0, 9520425.0], [738795.0, 9520395.0], [738825.0, 9520395.0], [738825.0, 9520425.0], [738855.0, 9520425.0], [738855.0, 9520395.0], [738885.0, 9520395.0], [738885.0, 9520425.0], [738945.0, 9520425.0], [738945.0, 9520335.0], [738975.0, 9520335.0], [738975.0, 9520305.0], [739035.0, 9520305.0], [739035.0, 9520275.0], [739095.0, 9520275.0], [739095.0, 9520245.0], [739125.0, 9520245.0], [739125.0, 9520215.0], [739275.0, 9520215.0], [739275.0, 9520245.0], [739245.0, 9520245.0], [739245.0, 9520305.0], [739215.0, 9520305.0], [739215.0, 9520335.0], [739185.0, 9520335.0], [739185.0, 9520365.0], [739155.0, 9520365.0], [739155.0, 9520395.0], [739095.0, 9520395.0], [739095.0, 9520425.0], [739035.0, 9520425.0], [739035.0, 9520515.0], [739005.0, 9520515.0], [739005.0, 9520545.0], [738945.0, 9520545.0], [738945.0, 9520605.0], [738915.0, 9520605.0], [738915.0, 9520665.0], [738885.0, 9520665.0], [738885.0, 9520695.0], [738855.0, 9520695.0]]]}, "properties": {"zone_id": "scene_01_DT0000205230-Z0259", "scene": "scene_01_DT0000205230", "pixel_count": 104, "approx_area_m2": 93600.0, "centroid_x": 738974.1346153846, "centroid_y": 9520437.98076923, "mean_risk": 2.1246144771575928, "max_risk": 2.5812058448791504, "median_risk": 2.092827320098877, "high_priority_pixel_pct": 100.0, "priority_category": "HIGH PRIORITY", "threshold_type": "95th percentile prioritisation threshold", "recommendation": "Spectral-stress evidence detected. Prioritise field inspection to determine the underlying cause. Field verification required.", "priority_rank": 101}}, {"type": "Feature", "geometry": {"type": "Polygon", "coordinates": [[[741795.0, 9520695.0], [741795.0, 9520665.0], [741825.0, 9520665.0], [741825.0, 9520635.0], [741855.0, 9520635.0], [741855.0, 9520575.0], [741885.0, 9520575.0], [741885.0, 9520515.0], [741915.0, 9520515.0], [741915.0, 9520485.0], [741975.0, 9520485.0], [741975.0, 9520515.0], [742095.0, 9520515.0], [742095.0, 9520545.0], [742125.0, 9520545.0], [742125.0, 9520605.0], [742185.0, 9520605.0], [742185.0, 9520635.0], [742215.0, 9520635.0], [742215.0, 9520665.0], [742185.0, 9520665.0], [742185.0, 9520695.0], [742005.0, 9520695.0], [742005.0, 9520665.0], [741945.0, 9520665.0], [741945.0, 9520695.0], [741795.0, 9520695.0]]]}, "properties": {"zone_id": "scene_01_DT0000205230-Z0260", "scene": "scene_01_DT0000205230", "pixel_count": 61, "approx_area_m2": 54900.0, "centroid_x": 742002.7868852459, "centroid_y": 9520610.655737706, "mean_risk": 2.146620750427246, "max_risk": 2.4201738834381104, "median_risk": 2.1741273403167725, "high_priority_pixel_pct": 100.0, "priority_category": "HIGH PRIORITY", "threshold_type": "95th percentile prioritisation threshold", "recommendation": "Spectral-stress evidence detected. Prioritise field inspection to determine the underlying cause. Field verification required.", "priority_rank": 86}}, {"type": "Feature", "geometry": {"type": "Polygon", "coordinates": [[[733215.0, 9520665.0], [733215.0, 9520605.0], [733185.0, 9520605.0], [733185.0, 9520575.0], [733215.0, 9520575.0], [733215.0, 9520545.0], [733305.0, 9520545.0], [733305.0, 9520515.0], [733335.0, 9520515.0], [733335.0, 9520485.0], [733365.0, 9520485.0], [733365.0, 9520515.0], [733395.0, 9520515.0], [733395.0, 9520545.0], [733335.0, 9520545.0], [733335.0, 9520575.0], [733365.0, 9520575.0], [733365.0, 9520635.0], [733335.0, 9520635.0], [733335.0, 9520665.0], [733215.0, 9520665.0]]]}, "properties": {"zone_id": "scene_01_DT0000205230-Z0261", "scene": "scene_01_DT0000205230", "pixel_count": 23, "approx_area_m2": 20700.0, "centroid_x": 733291.304347826, "centroid_y": 9520590.0, "mean_risk": 1.9827549457550049, "max_risk": 2.0943281650543213, "median_risk": 1.9709810018539429, "high_priority_pixel_pct": 100.0, "priority_category": "HIGH PRIORITY", "threshold_type": "95th percentile prioritisation threshold", "recommendation": "Spectral-stress evidence detected. Prioritise field inspection to determine the underlying cause. Field verification required.", "priority_rank": 306}}, {"type": "Feature", "geometry": {"type": "Polygon", "coordinates": [[[721695.0, 9520545.0], [721695.0, 9520515.0], [721665.0, 9520515.0], [721665.0, 9520485.0], [721635.0, 9520485.0], [721635.0, 9520455.0], [721575.0, 9520455.0], [721575.0, 9520425.0], [721545.0, 9520425.0], [721545.0, 9520395.0], [721515.0, 9520395.0], [721515.0, 9520365.0], [721545.0, 9520365.0], [721545.0, 9520125.0], [721515.0, 9520125.0], [721515.0, 9520065.0], [721485.0, 9520065.0], [721485.0, 9519915.0], [721545.0, 9519915.0], [721545.0, 9519885.0], [721635.0, 9519885.0], [721635.0, 9519975.0], [721605.0, 9519975.0], [721605.0, 9520125.0], [721635.0, 9520125.0], [721635.0, 9520185.0], [721665.0, 9520185.0], [721665.0, 9520215.0], [721695.0, 9520215.0], [721695.0, 9520245.0], [721725.0, 9520245.0], [721725.0, 9520305.0], [721695.0, 9520305.0], [721695.0, 9520395.0], [721725.0, 9520395.0], [721725.0, 9520365.0], [721785.0, 9520365.0], [721785.0, 9520515.0], [721725.0, 9520515.0], [721725.0, 9520545.0], [721695.0, 9520545.0]]]}, "properties": {"zone_id": "scene_01_DT0000205230-Z0262", "scene": "scene_01_DT0000205230", "pixel_count": 101, "approx_area_m2": 90900.0, "centroid_x": 721619.1089108911, "centroid_y": 9520235.346534653, "mean_risk": 2.1918575763702393, "max_risk": 2.6635942459106445, "median_risk": 2.156989336013794, "high_priority_pixel_pct": 100.0, "priority_category": "HIGH PRIORITY", "threshold_type": "95th percentile prioritisation threshold", "recommendation": "Spectral-stress evidence detected. Prioritise field inspection to determine the underlying cause. Field verification required.", "priority_rank": 56}}, {"type": "Feature", "geometry": {"type": "Polygon", "coordinates": [[[734775.0, 9520515.0], [734775.0, 9520425.0], [734805.0, 9520425.0], [734805.0, 9520395.0], [734835.0, 9520395.0], [734835.0, 9520425.0], [734865.0, 9520425.0], [734865.0, 9520395.0], [734895.0, 9520395.0], [734895.0, 9520365.0], [734865.0, 9520365.0], [734865.0, 9520335.0], [734835.0, 9520335.0], [734835.0, 9520215.0], [734925.0, 9520215.0], [734925.0, 9520305.0], [734955.0, 9520305.0], [734955.0, 9520275.0], [734985.0, 9520275.0], [734985.0, 9520305.0], [735015.0, 9520305.0], [735015.0, 9520365.0], [735045.0, 9520365.0], [735045.0, 9520395.0], [735075.0, 9520395.0], [735075.0, 9520455.0], [734955.0, 9520455.0], [734955.0, 9520425.0], [734895.0, 9520425.0], [734895.0, 9520455.0], [734835.0, 9520455.0], [734835.0, 9520485.0], [734805.0, 9520485.0], [734805.0, 9520515.0], [734775.0, 9520515.0]]]}, "properties": {"zone_id": "scene_01_DT0000205230-Z0263", "scene": "scene_01_DT0000205230", "pixel_count": 73, "approx_area_m2": 65700.0, "centroid_x": 735023.4246575342, "centroid_y": 9520354.520547945, "mean_risk": 2.010976552963257, "max_risk": 2.3399786949157715, "median_risk": 1.9898327589035034, "high_priority_pixel_pct": 100.0, "priority_category": "HIGH PRIORITY", "threshold_type": "95th percentile prioritisation threshold", "recommendation": "Spectral-stress evidence detected. Prioritise field inspection to determine the underlying cause. Field verification required.", "priority_rank": 244}}, {"type": "Feature", "geometry": {"type": "Polygon", "coordinates": [[[720885.0, 9520485.0], [720885.0, 9520455.0], [720915.0, 9520455.0], [720915.0, 9520425.0], [720735.0, 9520425.0], [720735.0, 9520305.0], [720825.0, 9520305.0], [720825.0, 9520155.0], [720855.0, 9520155.0], [720855.0, 9520125.0], [720885.0, 9520125.0], [720885.0, 9520095.0], [720855.0, 9520095.0], [720855.0, 9520065.0], [720795.0, 9520065.0], [720795.0, 9519945.0], [720855.0, 9519945.0], [720855.0, 9519915.0], [720915.0, 9519915.0], [720915.0, 9519975.0], [720945.0, 9519975.0], [720945.0, 9520005.0], [720915.0, 9520005.0], [720915.0, 9520065.0], [720945.0, 9520065.0], [720945.0, 9520095.0], [721065.0, 9520095.0], [721065.0, 9520065.0], [721155.0, 9520065.0], [721155.0, 9520035.0], [721245.0, 9520035.0], [721245.0, 9520065.0], [721275.0, 9520065.0], [721275.0, 9520095.0], [721395.0, 9520095.0], [721395.0, 9520155.0], [721425.0, 9520155.0], [721425.0, 9520185.0], [721455.0, 9520185.0], [721455.0, 9520155.0], [721485.0, 9520155.0], [721485.0, 9520245.0], [721515.0, 9520245.0], [721515.0, 9520305.0], [721485.0, 9520305.0], [721485.0, 9520335.0], [721395.0, 9520335.0], [721395.0, 9520365.0], [721365.0, 9520365.0], [721365.0, 9520395.0], [721335.0, 9520395.0], [721335.0, 9520455.0], [721245.0, 9520455.0], [721245.0, 9520425.0], [721275.0, 9520425.0], [721275.0, 9520365.0], [721305.0, 9520365.0], [721305.0, 9520335.0], [721245.0, 9520335.0], [721245.0, 9520365.0], [721215.0, 9520365.0], [721215.0, 9520395.0], [721155.0, 9520395.0], [721155.0, 9520425.0], [721095.0, 9520425.0], [721095.0, 9520395.0], [721065.0, 9520395.0], [721065.0, 9520425.0], [721035.0, 9520425.0], [721035.0, 9520395.0], [721005.0, 9520395.0], [721005.0, 9520425.0], [720945.0, 9520425.0], [720945.0, 9520485.0], [720885.0, 9520485.0]]]}, "properties": {"zone_id": "scene_01_DT0000205230-Z0264", "scene": "scene_01_DT0000205230", "pixel_count": 262, "approx_area_m2": 235800.0, "centroid_x": 721097.9770992367, "centroid_y": 9520235.152671756, "mean_risk": 2.153627634048462, "max_risk": 2.6326775550842285, "median_risk": 2.1283154487609863, "high_priority_pixel_pct": 100.0, "priority_category": "HIGH PRIORITY", "threshold_type": "95th percentile prioritisation threshold", "recommendation": "Spectral-stress evidence detected. Prioritise field inspection to determine the underlying cause. Field verification required.", "priority_rank": 78}}, {"type": "Feature", "geometry": {"type": "Polygon", "coordinates": [[[742395.0, 9520485.0], [742395.0, 9520455.0], [742365.0, 9520455.0], [742365.0, 9520425.0], [742305.0, 9520425.0], [742305.0, 9520365.0], [742245.0, 9520365.0], [742245.0, 9520395.0], [742095.0, 9520395.0], [742095.0, 9520365.0], [742065.0, 9520365.0], [742065.0, 9520395.0], [742035.0, 9520395.0], [742035.0, 9520365.0], [742005.0, 9520365.0], [742005.0, 9520335.0], [741975.0, 9520335.0], [741975.0, 9520305.0], [741765.0, 9520305.0], [741765.0, 9520335.0], [741735.0, 9520335.0], [741735.0, 9520215.0], [741765.0, 9520215.0], [741765.0, 9520125.0], [741735.0, 9520125.0], [741735.0, 9520095.0], [741525.0, 9520095.0], [741525.0, 9520065.0], [741495.0, 9520065.0], [741495.0, 9520035.0], [741435.0, 9520035.0], [741435.0, 9519975.0], [741465.0, 9519975.0], [741465.0, 9519945.0], [741495.0, 9519945.0], [741495.0, 9519915.0], [741525.0, 9519915.0], [741525.0, 9519885.0], [741555.0, 9519885.0], [741555.0, 9519855.0], [741585.0, 9519855.0], [741585.0, 9519825.0], [741615.0, 9519825.0], [741615.0, 9519795.0], [741675.0, 9519795.0], [741675.0, 9519765.0], [741735.0, 9519765.0], [741735.0, 9519705.0], [741795.0, 9519705.0], [741795.0, 9519675.0], [741885.0, 9519675.0], [741885.0, 9519645.0], [741975.0, 9519645.0], [741975.0, 9519615.0], [742005.0, 9519615.0], [742005.0, 9519585.0], [742125.0, 9519585.0], [742125.0, 9519495.0], [742155.0, 9519495.0], [742155.0, 9519405.0], [742125.0, 9519405.0], [742125.0, 9519375.0], [742095.0, 9519375.0], [742095.0, 9519345.0], [742065.0, 9519345.0], [742065.0, 9519315.0], [742005.0, 9519315.0], [742005.0, 9519345.0], [741975.0, 9519345.0], [741975.0, 9519375.0], [741945.0, 9519375.0], [741945.0, 9519405.0], [741915.0, 9519405.0], [741915.0, 9519375.0], [741885.0, 9519375.0], [741885.0, 9519345.0], [741915.0, 9519345.0], [741915.0, 9519285.0], [741945.0, 9519285.0], [741945.0, 9519255.0], [742005.0, 9519255.0], [742005.0, 9519225.0], [742035.0, 9519225.0], [742035.0, 9519195.0], [742125.0, 9519195.0], [742125.0, 9519225.0], [742155.0, 9519225.0], [742155.0, 9519195.0], [742185.0, 9519195.0], [742185.0, 9519165.0], [742275.0, 9519165.0], [742275.0, 9519195.0], [742305.0, 9519195.0], [742305.0, 9519165.0], [742395.0, 9519165.0], [742395.0, 9519195.0], [742485.0, 9519195.0], [742485.0, 9519225.0], [742665.0, 9519225.0], [742665.0, 9519255.0], [742695.0, 9519255.0], [742695.0, 9519285.0], [742725.0, 9519285.0], [742725.0, 9519375.0], [742755.0, 9519375.0], [742755.0, 9519435.0], [742695.0, 9519435.0], [742695.0, 9519405.0], [742665.0, 9519405.0], [742665.0, 9519375.0], [742605.0, 9519375.0], [742605.0, 9519405.0], [742575.0, 9519405.0], [742575.0, 9519495.0], [742515.0, 9519495.0], [742515.0, 9519525.0], [742725.0, 9519525.0], [742725.0, 9519585.0], [742755.0, 9519585.0], [742755.0, 9519645.0], [742725.0, 9519645.0], [742725.0, 9519705.0], [742815.0, 9519705.0], [742815.0, 9519735.0], [742785.0, 9519735.0], [742785.0, 9519765.0], [742665.0, 9519765.0], [742665.0, 9519795.0], [742635.0, 9519795.0], [742635.0, 9519825.0], [742575.0, 9519825.0], [742575.0, 9519855.0], [742545.0, 9519855.0], [742545.0, 9519885.0], [742575.0, 9519885.0], [742575.0, 9519915.0], [742725.0, 9519915.0], [742725.0, 9519945.0], [742755.0, 9519945.0], [742755.0, 9519915.0], [742785.0, 9519915.0], [742785.0, 9519885.0], [742815.0, 9519885.0], [742815.0, 9519945.0], [742905.0, 9519945.0], [742905.0, 9520065.0], [742845.0, 9520065.0], [742845.0, 9520095.0], [742785.0, 9520095.0], [742785.0, 9520125.0], [742755.0, 9520125.0], [742755.0, 9520185.0], [742785.0, 9520185.0], [742785.0, 9520275.0], [742725.0, 9520275.0], [742725.0, 9520335.0], [742695.0, 9520335.0], [742695.0, 9520365.0], [742575.0, 9520365.0], [742575.0, 9520395.0], [742545.0, 9520395.0], [742545.0, 9520485.0], [742395.0, 9520485.0]], [[741795.0, 9520155.0], [741825.0, 9520155.0], [741825.0, 9520125.0], [741855.0, 9520125.0], [741855.0, 9520095.0], [742005.0, 9520095.0], [742005.0, 9520065.0], [742035.0, 9520065.0], [742035.0, 9520005.0], [742065.0, 9520005.0], [742065.0, 9519915.0], [742005.0, 9519915.0], [742005.0, 9519945.0], [741915.0, 9519945.0], [741915.0, 9519975.0], [741855.0, 9519975.0], [741855.0, 9520005.0], [741825.0, 9520005.0], [741825.0, 9520035.0], [741795.0, 9520035.0], [741795.0, 9520155.0]], [[742215.0, 9519975.0], [742305.0, 9519975.0], [742305.0, 9519945.0], [742365.0, 9519945.0], [742365.0, 9519915.0], [742395.0, 9519915.0], [742395.0, 9519885.0], [742335.0, 9519885.0], [742335.0, 9519915.0], [742275.0, 9519915.0], [742275.0, 9519945.0], [742215.0, 9519945.0], [742215.0, 9519975.0]], [[742515.0, 9519975.0], [742575.0, 9519975.0], [742575.0, 9519915.0], [742545.0, 9519915.0], [742545.0, 9519945.0], [742515.0, 9519945.0], [742515.0, 9519975.0]], [[742515.0, 9519375.0], [742575.0, 9519375.0], [742575.0, 9519345.0], [742515.0, 9519345.0], [742515.0, 9519375.0]]]}, "properties": {"zone_id": "scene_01_DT0000205230-Z0265", "scene": "scene_01_DT0000205230", "pixel_count": 1159, "approx_area_m2": 1043100.0, "centroid_x": 742260.1553062985, "centroid_y": 9519856.100086281, "mean_risk": 2.311138868331909, "max_risk": 3.068986654281616, "median_risk": 2.2764554023742676, "high_priority_pixel_pct": 100.0, "priority_category": "HIGH PRIORITY", "threshold_type": "95th percentile prioritisation threshold", "recommendation": "Spectral-stress evidence detected. Prioritise field inspection to determine the underlying cause. Field verification required.", "priority_rank": 22}}, {"type": "Feature", "geometry": {"type": "Polygon", "coordinates": [[[717645.0, 9520425.0], [717645.0, 9520395.0], [717555.0, 9520395.0], [717555.0, 9520365.0], [717495.0, 9520365.0], [717495.0, 9520335.0], [717465.0, 9520335.0], [717465.0, 9520275.0], [717375.0, 9520275.0], [717375.0, 9520215.0], [717345.0, 9520215.0], [717345.0, 9520185.0], [717315.0, 9520185.0], [717315.0, 9520125.0], [717345.0, 9520125.0], [717345.0, 9520095.0], [717375.0, 9520095.0], [717375.0, 9520065.0], [717345.0, 9520065.0], [717345.0, 9520035.0], [717315.0, 9520035.0], [717315.0, 9519975.0], [717285.0, 9519975.0], [717285.0, 9519945.0], [717255.0, 9519945.0], [717255.0, 9519915.0], [717225.0, 9519915.0], [717225.0, 9519855.0], [717285.0, 9519855.0], [717285.0, 9519825.0], [717315.0, 9519825.0], [717315.0, 9519855.0], [717345.0, 9519855.0], [717345.0, 9519885.0], [717435.0, 9519885.0], [717435.0, 9519855.0], [717465.0, 9519855.0], [717465.0, 9519885.0], [717495.0, 9519885.0], [717495.0, 9519915.0], [717525.0, 9519915.0], [717525.0, 9519885.0], [717555.0, 9519885.0], [717555.0, 9519945.0], [717645.0, 9519945.0], [717645.0, 9519885.0], [717675.0, 9519885.0], [717675.0, 9519855.0], [717735.0, 9519855.0], [717735.0, 9519825.0], [717765.0, 9519825.0], [717765.0, 9519855.0], [717795.0, 9519855.0], [717795.0, 9519885.0], [717765.0, 9519885.0], [717765.0, 9519975.0], [717795.0, 9519975.0], [717795.0, 9520005.0], [717825.0, 9520005.0], [717825.0, 9520095.0], [717795.0, 9520095.0], [717795.0, 9520155.0], [717885.0, 9520155.0], [717885.0, 9520125.0], [717915.0, 9520125.0], [717915.0, 9520065.0], [718005.0, 9520065.0], [718005.0, 9520005.0], [717975.0, 9520005.0], [717975.0, 9519915.0], [718155.0, 9519915.0], [718155.0, 9520005.0], [718185.0, 9520005.0], [718185.0, 9520095.0], [718155.0, 9520095.0], [718155.0, 9520155.0], [718125.0, 9520155.0], [718125.0, 9520185.0], [718095.0, 9520185.0], [718095.0, 9520215.0], [718065.0, 9520215.0], [718065.0, 9520275.0], [718035.0, 9520275.0], [718035.0, 9520305.0], [717975.0, 9520305.0], [717975.0, 9520335.0], [717945.0, 9520335.0], [717945.0, 9520365.0], [717825.0, 9520365.0], [717825.0, 9520395.0], [717735.0, 9520395.0], [717735.0, 9520425.0], [717645.0, 9520425.0]], [[717495.0, 9520275.0], [717525.0, 9520275.0], [717525.0, 9520245.0], [717495.0, 9520245.0], [717495.0, 9520275.0]], [[717525.0, 9520245.0], [717555.0, 9520245.0], [717555.0, 9520215.0], [717525.0, 9520215.0], [717525.0, 9520245.0]], [[717705.0, 9520245.0], [717795.0, 9520245.0], [717795.0, 9520185.0], [717705.0, 9520185.0], [717705.0, 9520155.0], [717675.0, 9520155.0], [717675.0, 9520125.0], [717615.0, 9520125.0], [717615.0, 9520155.0], [717645.0, 9520155.0], [717645.0, 9520185.0], [717675.0, 9520185.0], [717675.0, 9520215.0], [717705.0, 9520215.0], [717705.0, 9520245.0]], [[717435.0, 9520155.0], [717525.0, 9520155.0], [717525.0, 9520125.0], [717555.0, 9520125.0], [717555.0, 9520065.0], [717465.0, 9520065.0], [717465.0, 9520125.0], [717435.0, 9520125.0], [717435.0, 9520155.0]], [[718005.0, 9520155.0], [718035.0, 9520155.0], [718035.0, 9520125.0], [718005.0, 9520125.0], [718005.0, 9520155.0]]]}, "properties": {"zone_id": "scene_01_DT0000205230-Z0266", "scene": "scene_01_DT0000205230", "pixel_count": 344, "approx_area_m2": 309600.0, "centroid_x": 717705.6976744186, "centroid_y": 9520122.38372093, "mean_risk": 2.121164083480835, "max_risk": 2.55306077003479, "median_risk": 2.109987497329712, "high_priority_pixel_pct": 100.0, "priority_category": "HIGH PRIORITY", "threshold_type": "95th percentile prioritisation threshold", "recommendation": "Spectral-stress evidence detected. Prioritise field inspection to determine the underlying cause. Field verification required.", "priority_rank": 106}}, {"type": "Feature", "geometry": {"type": "Polygon", "coordinates": [[[725685.0, 9520425.0], [725685.0, 9520365.0], [725715.0, 9520365.0], [725715.0, 9520335.0], [725805.0, 9520335.0], [725805.0, 9520275.0], [725865.0, 9520275.0], [725865.0, 9520305.0], [725895.0, 9520305.0], [725895.0, 9520365.0], [725865.0, 9520365.0], [725865.0, 9520395.0], [725805.0, 9520395.0], [725805.0, 9520425.0], [725685.0, 9520425.0]]]}, "properties": {"zone_id": "scene_01_DT0000205230-Z0267", "scene": "scene_01_DT0000205230", "pixel_count": 21, "approx_area_m2": 18900.0, "centroid_x": 725794.2857142857, "centroid_y": 9520360.0, "mean_risk": 1.9895228147506714, "max_risk": 2.134207248687744, "median_risk": 1.9642136096954346, "high_priority_pixel_pct": 100.0, "priority_category": "HIGH PRIORITY", "threshold_type": "95th percentile prioritisation threshold", "recommendation": "Spectral-stress evidence detected. Prioritise field inspection to determine the underlying cause. Field verification required.", "priority_rank": 292}}, {"type": "Feature", "geometry": {"type": "Polygon", "coordinates": [[[733695.0, 9520335.0], [733695.0, 9520305.0], [733665.0, 9520305.0], [733665.0, 9520245.0], [733695.0, 9520245.0], [733695.0, 9520215.0], [733755.0, 9520215.0], [733755.0, 9520185.0], [733785.0, 9520185.0], [733785.0, 9520215.0], [733815.0, 9520215.0], [733815.0, 9520245.0], [733845.0, 9520245.0], [733845.0, 9520305.0], [733815.0, 9520305.0], [733815.0, 9520335.0], [733695.0, 9520335.0]]]}, "properties": {"zone_id": "scene_01_DT0000205230-Z0268", "scene": "scene_01_DT0000205230", "pixel_count": 21, "approx_area_m2": 18900.0, "centroid_x": 733755.7142857143, "centroid_y": 9520271.42857143, "mean_risk": 2.0000927448272705, "max_risk": 2.128347635269165, "median_risk": 1.9739798307418823, "high_priority_pixel_pct": 100.0, "priority_category": "HIGH PRIORITY", "threshold_type": "95th percentile prioritisation threshold", "recommendation": "Spectral-stress evidence detected. Prioritise field inspection to determine the underlying cause. Field verification required.", "priority_rank": 278}}, {"type": "Feature", "geometry": {"type": "Polygon", "coordinates": [[[730605.0, 9520305.0], [730605.0, 9520215.0], [730635.0, 9520215.0], [730635.0, 9520185.0], [730665.0, 9520185.0], [730665.0, 9520155.0], [730725.0, 9520155.0], [730725.0, 9520275.0], [730635.0, 9520275.0], [730635.0, 9520305.0], [730605.0, 9520305.0]]]}, "properties": {"zone_id": "scene_01_DT0000205230-Z0269", "scene": "scene_01_DT0000205230", "pixel_count": 14, "approx_area_m2": 12600.0, "centroid_x": 730669.2857142857, "centroid_y": 9520227.857142856, "mean_risk": 2.0026557445526123, "max_risk": 2.128547430038452, "median_risk": 2.0076904296875, "high_priority_pixel_pct": 100.0, "priority_category": "HIGH PRIORITY", "threshold_type": "95th percentile prioritisation threshold", "recommendation": "Spectral-stress evidence detected. Prioritise field inspection to determine the underlying cause. Field verification required.", "priority_rank": 268}}, {"type": "Feature", "geometry": {"type": "Polygon", "coordinates": [[[730275.0, 9520275.0], [730275.0, 9520245.0], [730185.0, 9520245.0], [730185.0, 9520035.0], [730215.0, 9520035.0], [730215.0, 9519975.0], [730245.0, 9519975.0], [730245.0, 9519945.0], [730305.0, 9519945.0], [730305.0, 9519915.0], [730335.0, 9519915.0], [730335.0, 9519885.0], [730485.0, 9519885.0], [730485.0, 9519855.0], [730545.0, 9519855.0], [730545.0, 9519885.0], [730515.0, 9519885.0], [730515.0, 9519945.0], [730485.0, 9519945.0], [730485.0, 9520035.0], [730455.0, 9520035.0], [730455.0, 9520095.0], [730425.0, 9520095.0], [730425.0, 9520125.0], [730365.0, 9520125.0], [730365.0, 9520215.0], [730335.0, 9520215.0], [730335.0, 9520275.0], [730275.0, 9520275.0]], [[730395.0, 9519945.0], [730425.0, 9519945.0], [730425.0, 9519915.0], [730395.0, 9519915.0], [730395.0, 9519945.0]]]}, "properties": {"zone_id": "scene_01_DT0000205230-Z0270", "scene": "scene_01_DT0000205230", "pixel_count": 91, "approx_area_m2": 81900.0, "centroid_x": 730333.1868131869, "centroid_y": 9520057.912087912, "mean_risk": 2.0511679649353027, "max_risk": 2.4934897422790527, "median_risk": 2.0164453983306885, "high_priority_pixel_pct": 100.0, "priority_category": "HIGH PRIORITY", "threshold_type": "95th percentile prioritisation threshold", "recommendation": "Spectral-stress evidence detected. Prioritise field inspection to determine the underlying cause. Field verification required.", "priority_rank": 185}}, {"type": "Feature", "geometry": {"type": "Polygon", "coordinates": [[[736845.0, 9520215.0], [736845.0, 9520155.0], [736875.0, 9520155.0], [736875.0, 9520095.0], [736845.0, 9520095.0], [736845.0, 9520125.0], [736815.0, 9520125.0], [736815.0, 9520155.0], [736785.0, 9520155.0], [736785.0, 9520035.0], [736725.0, 9520035.0], [736725.0, 9520005.0], [736755.0, 9520005.0], [736755.0, 9519945.0], [736785.0, 9519945.0], [736785.0, 9519885.0], [736725.0, 9519885.0], [736725.0, 9519915.0], [736665.0, 9519915.0], [736665.0, 9519885.0], [736635.0, 9519885.0], [736635.0, 9519855.0], [736665.0, 9519855.0], [736665.0, 9519825.0], [736695.0, 9519825.0], [736695.0, 9519795.0], [736755.0, 9519795.0], [736755.0, 9519765.0], [736815.0, 9519765.0], [736815.0, 9519735.0], [736875.0, 9519735.0], [736875.0, 9519765.0], [736845.0, 9519765.0], [736845.0, 9519795.0], [736935.0, 9519795.0], [736935.0, 9519765.0], [736965.0, 9519765.0], [736965.0, 9519735.0], [736935.0, 9519735.0], [736935.0, 9519675.0], [736965.0, 9519675.0], [736965.0, 9519615.0], [737025.0, 9519615.0], [737025.0, 9519585.0], [737145.0, 9519585.0], [737145.0, 9519555.0], [737235.0, 9519555.0], [737235.0, 9519525.0], [737265.0, 9519525.0], [737265.0, 9519555.0], [737325.0, 9519555.0], [737325.0, 9519705.0], [737295.0, 9519705.0], [737295.0, 9519795.0], [737265.0, 9519795.0], [737265.0, 9519855.0], [737235.0, 9519855.0], [737235.0, 9519885.0], [737205.0, 9519885.0], [737205.0, 9520005.0], [737175.0, 9520005.0], [737175.0, 9520035.0], [737115.0, 9520035.0], [737115.0, 9520065.0], [737025.0, 9520065.0], [737025.0, 9520095.0], [736965.0, 9520095.0], [736965.0, 9520155.0], [736935.0, 9520155.0], [736935.0, 9520185.0], [736875.0, 9520185.0], [736875.0, 9520215.0], [736845.0, 9520215.0]], [[736875.0, 9520095.0], [736935.0, 9520095.0], [736935.0, 9520035.0], [736905.0, 9520035.0], [736905.0, 9520065.0], [736875.0, 9520065.0], [736875.0, 9520095.0]]]}, "properties": {"zone_id": "scene_01_DT0000205230-Z0271", "scene": "scene_01_DT0000205230", "pixel_count": 257, "approx_area_m2": 231300.0, "centroid_x": 737018.7548638133, "centroid_y": 9519847.704280155, "mean_risk": 2.2098007202148438, "max_risk": 2.7271435260772705, "median_risk": 2.220665693283081, "high_priority_pixel_pct": 100.0, "priority_category": "HIGH PRIORITY", "threshold_type": "95th percentile prioritisation threshold", "recommendation": "Spectral-stress evidence detected. Prioritise field inspection to determine the underlying cause. Field verification required.", "priority_rank": 47}}, {"type": "Feature", "geometry": {"type": "Polygon", "coordinates": [[[718485.0, 9520125.0], [718485.0, 9520095.0], [718425.0, 9520095.0], [718425.0, 9520065.0], [718365.0, 9520065.0], [718365.0, 9520035.0], [718335.0, 9520035.0], [718335.0, 9519945.0], [718365.0, 9519945.0], [718365.0, 9519915.0], [718305.0, 9519915.0], [718305.0, 9519975.0], [718275.0, 9519975.0], [718275.0, 9519885.0], [718305.0, 9519885.0], [718305.0, 9519825.0], [718335.0, 9519825.0], [718335.0, 9519795.0], [718365.0, 9519795.0], [718365.0, 9519765.0], [718395.0, 9519765.0], [718395.0, 9519735.0], [718485.0, 9519735.0], [718485.0, 9519855.0], [718575.0, 9519855.0], [718575.0, 9519885.0], [718605.0, 9519885.0], [718605.0, 9519915.0], [718635.0, 9519915.0], [718635.0, 9520005.0], [718605.0, 9520005.0], [718605.0, 9520035.0], [718575.0, 9520035.0], [718575.0, 9520095.0], [718515.0, 9520095.0], [718515.0, 9520125.0], [718485.0, 9520125.0]], [[718365.0, 9519915.0], [718425.0, 9519915.0], [718425.0, 9519885.0], [718365.0, 9519885.0], [718365.0, 9519915.0]]]}, "properties": {"zone_id": "scene_01_DT0000205230-Z0272", "scene": "scene_01_DT0000205230", "pixel_count": 89, "approx_area_m2": 80100.0, "centroid_x": 718457.8651685393, "centroid_y": 9519934.719101124, "mean_risk": 2.188587188720703, "max_risk": 2.508100748062134, "median_risk": 2.20205020904541, "high_priority_pixel_pct": 100.0, "priority_category": "HIGH PRIORITY", "threshold_type": "95th percentile prioritisation threshold", "recommendation": "Spectral-stress evidence detected. Prioritise field inspection to determine the underlying cause. Field verification required.", "priority_rank": 58}}, {"type": "Feature", "geometry": {"type": "Polygon", "coordinates": [[[739275.0, 9520125.0], [739275.0, 9520095.0], [739245.0, 9520095.0], [739245.0, 9520065.0], [739155.0, 9520065.0], [739155.0, 9520035.0], [739185.0, 9520035.0], [739185.0, 9520005.0], [739215.0, 9520005.0], [739215.0, 9519975.0], [739275.0, 9519975.0], [739275.0, 9520005.0], [739245.0, 9520005.0], [739245.0, 9520035.0], [739335.0, 9520035.0], [739335.0, 9520095.0], [739305.0, 9520095.0], [739305.0, 9520125.0], [739275.0, 9520125.0]]]}, "properties": {"zone_id": "scene_01_DT0000205230-Z0273", "scene": "scene_01_DT0000205230", "pixel_count": 14, "approx_area_m2": 12600.0, "centroid_x": 739253.5714285715, "centroid_y": 9520047.857142856, "mean_risk": 1.9640147686004639, "max_risk": 2.051654100418091, "median_risk": 1.9683866500854492, "high_priority_pixel_pct": 100.0, "priority_category": "HIGH PRIORITY", "threshold_type": "95th percentile prioritisation threshold", "recommendation": "Spectral-stress evidence detected. Prioritise field inspection to determine the underlying cause. Field verification required.", "priority_rank": 336}}, {"type": "Feature", "geometry": {"type": "Polygon", "coordinates": [[[730545.0, 9520095.0], [730545.0, 9520005.0], [730575.0, 9520005.0], [730575.0, 9519975.0], [730605.0, 9519975.0], [730605.0, 9519945.0], [730665.0, 9519945.0], [730665.0, 9519855.0], [730695.0, 9519855.0], [730695.0, 9519825.0], [730755.0, 9519825.0], [730755.0, 9519855.0], [730845.0, 9519855.0], [730845.0, 9519825.0], [730995.0, 9519825.0], [730995.0, 9519915.0], [730965.0, 9519915.0], [730965.0, 9519945.0], [730875.0, 9519945.0], [730875.0, 9519975.0], [730785.0, 9519975.0], [730785.0, 9520005.0], [730725.0, 9520005.0], [730725.0, 9520035.0], [730695.0, 9520035.0], [730695.0, 9520065.0], [730665.0, 9520065.0], [730665.0, 9520095.0], [730545.0, 9520095.0]]]}, "properties": {"zone_id": "scene_01_DT0000205230-Z0274", "scene": "scene_01_DT0000205230", "pixel_count": 70, "approx_area_m2": 63000.0, "centroid_x": 730760.1428571428, "centroid_y": 9519941.57142857, "mean_risk": 2.0473694801330566, "max_risk": 2.233193874359131, "median_risk": 2.044884204864502, "high_priority_pixel_pct": 100.0, "priority_category": "HIGH PRIORITY", "threshold_type": "95th percentile prioritisation threshold", "recommendation": "Spectral-stress evidence detected. Prioritise field inspection to determine the underlying cause. Field verification required.", "priority_rank": 191}}, {"type": "Feature", "geometry": {"type": "Polygon", "coordinates": [[[735105.0, 9520095.0], [735105.0, 9520065.0], [735075.0, 9520065.0], [735075.0, 9519915.0], [735105.0, 9519915.0], [735105.0, 9519945.0], [735195.0, 9519945.0], [735195.0, 9519975.0], [735225.0, 9519975.0], [735225.0, 9520065.0], [735195.0, 9520065.0], [735195.0, 9520035.0], [735165.0, 9520035.0], [735165.0, 9520095.0], [735105.0, 9520095.0]]]}, "properties": {"zone_id": "scene_01_DT0000205230-Z0275", "scene": "scene_01_DT0000205230", "pixel_count": 21, "approx_area_m2": 18900.0, "centroid_x": 735141.4285714285, "centroid_y": 9520008.57142857, "mean_risk": 2.0103485584259033, "max_risk": 2.2123217582702637, "median_risk": 1.9932936429977417, "high_priority_pixel_pct": 100.0, "priority_category": "HIGH PRIORITY", "threshold_type": "95th percentile prioritisation threshold", "recommendation": "Spectral-stress evidence detected. Prioritise field inspection to determine the underlying cause. Field verification required.", "priority_rank": 247}}, {"type": "Feature", "geometry": {"type": "Polygon", "coordinates": [[[741225.0, 9519885.0], [741225.0, 9519825.0], [741255.0, 9519825.0], [741255.0, 9519795.0], [741285.0, 9519795.0], [741285.0, 9519735.0], [741255.0, 9519735.0], [741255.0, 9519765.0], [741165.0, 9519765.0], [741165.0, 9519795.0], [741135.0, 9519795.0], [741135.0, 9519825.0], [741015.0, 9519825.0], [741015.0, 9519795.0], [740985.0, 9519795.0], [740985.0, 9519735.0], [740925.0, 9519735.0], [740925.0, 9519705.0], [740865.0, 9519705.0], [740865.0, 9519675.0], [740805.0, 9519675.0], [740805.0, 9519645.0], [740775.0, 9519645.0], [740775.0, 9519585.0], [740835.0, 9519585.0], [740835.0, 9519555.0], [740895.0, 9519555.0], [740895.0, 9519525.0], [740925.0, 9519525.0], [740925.0, 9519465.0], [740955.0, 9519465.0], [740955.0, 9519345.0], [740985.0, 9519345.0], [740985.0, 9519315.0], [741015.0, 9519315.0], [741015.0, 9519255.0], [741075.0, 9519255.0], [741075.0, 9519225.0], [741135.0, 9519225.0], [741135.0, 9519165.0], [741075.0, 9519165.0], [741075.0, 9519195.0], [740925.0, 9519195.0], [740925.0, 9519225.0], [740865.0, 9519225.0], [740865.0, 9519285.0], [740835.0, 9519285.0], [740835.0, 9519435.0], [740805.0, 9519435.0], [740805.0, 9519525.0], [740685.0, 9519525.0], [740685.0, 9519555.0], [740655.0, 9519555.0], [740655.0, 9519615.0], [740535.0, 9519615.0], [740535.0, 9519585.0], [740505.0, 9519585.0], [740505.0, 9519555.0], [740535.0, 9519555.0], [740535.0, 9519465.0], [740565.0, 9519465.0], [740565.0, 9519315.0], [740595.0, 9519315.0], [740595.0, 9519285.0], [740625.0, 9519285.0], [740625.0, 9519255.0], [740685.0, 9519255.0], [740685.0, 9519225.0], [740715.0, 9519225.0], [740715.0, 9519195.0], [740775.0, 9519195.0], [740775.0, 9519105.0], [740805.0, 9519105.0], [740805.0, 9519015.0], [740775.0, 9519015.0], [740775.0, 9519045.0], [740745.0, 9519045.0], [740745.0, 9519015.0], [740715.0, 9519015.0], [740715.0, 9518985.0], [740745.0, 9518985.0], [740745.0, 9518955.0], [740835.0, 9518955.0], [740835.0, 9518925.0], [740865.0, 9518925.0], [740865.0, 9518865.0], [740835.0, 9518865.0], [740835.0, 9518835.0], [740775.0, 9518835.0], [740775.0, 9518805.0], [740715.0, 9518805.0], [740715.0, 9518835.0], [740625.0, 9518835.0], [740625.0, 9518805.0], [740595.0, 9518805.0], [740595.0, 9518775.0], [740625.0, 9518775.0], [740625.0, 9518715.0], [740835.0, 9518715.0], [740835.0, 9518745.0], [740865.0, 9518745.0], [740865.0, 9518715.0], [740895.0, 9518715.0], [740895.0, 9518655.0], [740985.0, 9518655.0], [740985.0, 9518745.0], [741015.0, 9518745.0], [741015.0, 9518715.0], [741105.0, 9518715.0], [741105.0, 9518685.0], [741135.0, 9518685.0], [741135.0, 9518655.0], [741165.0, 9518655.0], [741165.0, 9518625.0], [741135.0, 9518625.0], [741135.0, 9518535.0], [741225.0, 9518535.0], [741225.0, 9518625.0], [741195.0, 9518625.0], [741195.0, 9518655.0], [741255.0, 9518655.0], [741255.0, 9518685.0], [741285.0, 9518685.0], [741285.0, 9518715.0], [741315.0, 9518715.0], [741315.0, 9518745.0], [741345.0, 9518745.0], [741345.0, 9518715.0], [741435.0, 9518715.0], [741435.0, 9518685.0], [741495.0, 9518685.0], [741495.0, 9518745.0], [741465.0, 9518745.0], [741465.0, 9518835.0], [741435.0, 9518835.0], [741435.0, 9518865.0], [741525.0, 9518865.0], [741525.0, 9518835.0], [741555.0, 9518835.0], [741555.0, 9518805.0], [741615.0, 9518805.0], [741615.0, 9518715.0], [741585.0, 9518715.0], [741585.0, 9518685.0], [741525.0, 9518685.0], [741525.0, 9518655.0], [741555.0, 9518655.0], [741555.0, 9518625.0], [741585.0, 9518625.0], [741585.0, 9518565.0], [741615.0, 9518565.0], [741615.0, 9518535.0], [741825.0, 9518535.0], [741825.0, 9518505.0], [741795.0, 9518505.0], [741795.0, 9518445.0], [741765.0, 9518445.0], [741765.0, 9518415.0], [741525.0, 9518415.0], [741525.0, 9518445.0], [741495.0, 9518445.0], [741495.0, 9518475.0], [741465.0, 9518475.0], [741465.0, 9518505.0], [741435.0, 9518505.0], [741435.0, 9518475.0], [741405.0, 9518475.0], [741405.0, 9518445.0], [741345.0, 9518445.0], [741345.0, 9518415.0], [741315.0, 9518415.0], [741315.0, 9518445.0], [741225.0, 9518445.0], [741225.0, 9518505.0], [741165.0, 9518505.0], [741165.0, 9518415.0], [741255.0, 9518415.0], [741255.0, 9518385.0], [741285.0, 9518385.0], [741285.0, 9518355.0], [741345.0, 9518355.0], [741345.0, 9518325.0], [741375.0, 9518325.0], [741375.0, 9518265.0], [741345.0, 9518265.0], [741345.0, 9518235.0], [741465.0, 9518235.0], [741465.0, 9518205.0], [741495.0, 9518205.0], [741495.0, 9518175.0], [741525.0, 9518175.0], [741525.0, 9518145.0], [741555.0, 9518145.0], [741555.0, 9518115.0], [741615.0, 9518115.0], [741615.0, 9518145.0], [741825.0, 9518145.0], [741825.0, 9518115.0], [741855.0, 9518115.0], [741855.0, 9518205.0], [741885.0, 9518205.0], [741885.0, 9518325.0], [741945.0, 9518325.0], [741945.0, 9518385.0], [741915.0, 9518385.0], [741915.0, 9518445.0], [741975.0, 9518445.0], [741975.0, 9518475.0], [742005.0, 9518475.0], [742005.0, 9518505.0], [741975.0, 9518505.0], [741975.0, 9518535.0], [741945.0, 9518535.0], [741945.0, 9518565.0], [741975.0, 9518565.0], [741975.0, 9518625.0], [741945.0, 9518625.0], [741945.0, 9518655.0], [741915.0, 9518655.0], [741915.0, 9518685.0], [741885.0, 9518685.0], [741885.0, 9518775.0], [741855.0, 9518775.0], [741855.0, 9518835.0], [741825.0, 9518835.0], [741825.0, 9518865.0], [741765.0, 9518865.0], [741765.0, 9518895.0], [741675.0, 9518895.0], [741675.0, 9518805.0], [741645.0, 9518805.0], [741645.0, 9518835.0], [741615.0, 9518835.0], [741615.0, 9518895.0], [741645.0, 9518895.0], [741645.0, 9518925.0], [741495.0, 9518925.0], [741495.0, 9518955.0], [741435.0, 9518955.0], [741435.0, 9518895.0], [741405.0, 9518895.0], [741405.0, 9518955.0], [741375.0, 9518955.0], [741375.0, 9518985.0], [741405.0, 9518985.0], [741405.0, 9519105.0], [741585.0, 9519105.0], [741585.0, 9519045.0], [741645.0, 9519045.0], [741645.0, 9519015.0], [741735.0, 9519015.0], [741735.0, 9519045.0], [741795.0, 9519045.0], [741795.0, 9519135.0], [741765.0, 9519135.0], [741765.0, 9519165.0], [741735.0, 9519165.0], [741735.0, 9519225.0], [741705.0, 9519225.0], [741705.0, 9519255.0], [741675.0, 9519255.0], [741675.0, 9519285.0], [741645.0, 9519285.0], [741645.0, 9519315.0], [741615.0, 9519315.0], [741615.0, 9519345.0], [741585.0, 9519345.0], [741585.0, 9519375.0], [741555.0, 9519375.0], [741555.0, 9519435.0], [741585.0, 9519435.0], [741585.0, 9519525.0], [741615.0, 9519525.0], [741615.0, 9519495.0], [741645.0, 9519495.0], [741645.0, 9519435.0], [741705.0, 9519435.0], [741705.0, 9519465.0], [741675.0, 9519465.0], [741675.0, 9519495.0], [741765.0, 9519495.0], [741765.0, 9519465.0], [741855.0, 9519465.0], [741855.0, 9519495.0], [741885.0, 9519495.0], [741885.0, 9519555.0], [741675.0, 9519555.0], [741675.0, 9519585.0], [741645.0, 9519585.0], [741645.0, 9519555.0], [741585.0, 9519555.0], [741585.0, 9519585.0], [741555.0, 9519585.0], [741555.0, 9519615.0], [741525.0, 9519615.0], [741525.0, 9519645.0], [741495.0, 9519645.0], [741495.0, 9519675.0], [741465.0, 9519675.0], [741465.0, 9519705.0], [741435.0, 9519705.0], [741435.0, 9519735.0], [741405.0, 9519735.0], [741405.0, 9519765.0], [741375.0, 9519765.0], [741375.0, 9519795.0], [741345.0, 9519795.0], [741345.0, 9519825.0], [741315.0, 9519825.0], [741315.0, 9519885.0], [741225.0, 9519885.0]], [[741315.0, 9519315.0], [741345.0, 9519315.0], [741345.0, 9519285.0], [741315.0, 9519285.0], [741315.0, 9519315.0]], [[741255.0, 9519285.0], [741285.0, 9519285.0], [741285.0, 9519255.0], [741255.0, 9519255.0], [741255.0, 9519285.0]], [[741135.0, 9519165.0], [741165.0, 9519165.0], [741165.0, 9519135.0], [741135.0, 9519135.0], [741135.0, 9519165.0]], [[741165.0, 9519135.0], [741225.0, 9519135.0], [741225.0, 9519105.0], [741165.0, 9519105.0], [741165.0, 9519135.0]], [[741315.0, 9519135.0], [741345.0, 9519135.0], [741345.0, 9519075.0], [741315.0, 9519075.0], [741315.0, 9519135.0]], [[741225.0, 9519105.0], [741255.0, 9519105.0], [741255.0, 9519075.0], [741225.0, 9519075.0], [741225.0, 9519105.0]], [[740955.0, 9519075.0], [741045.0, 9519075.0], [741045.0, 9519045.0], [741075.0, 9519045.0], [741075.0, 9519015.0], [741195.0, 9519015.0], [741195.0, 9518955.0], [741225.0, 9518955.0], [741225.0, 9518925.0], [741255.0, 9518925.0], [741255.0, 9518835.0], [741225.0, 9518835.0], [741225.0, 9518865.0], [741105.0, 9518865.0], [741105.0, 9518895.0], [741075.0, 9518895.0], [741075.0, 9518925.0], [741045.0, 9518925.0], [741045.0, 9518895.0], [740985.0, 9518895.0], [740985.0, 9518985.0], [740955.0, 9518985.0], [740955.0, 9519015.0], [740925.0, 9519015.0], [740925.0, 9519045.0], [740955.0, 9519045.0], [740955.0, 9519075.0]], [[741315.0, 9519045.0], [741345.0, 9519045.0], [741345.0, 9519015.0], [741375.0, 9519015.0], [741375.0, 9518985.0], [741315.0, 9518985.0], [741315.0, 9519045.0]], [[741855.0, 9518355.0], [741885.0, 9518355.0], [741885.0, 9518325.0], [741855.0, 9518325.0], [741855.0, 9518355.0]], [[741555.0, 9518325.0], [741585.0, 9518325.0], [741585.0, 9518295.0], [741555.0, 9518295.0], [741555.0, 9518325.0]]]}, "properties": {"zone_id": "scene_01_DT0000205230-Z0276", "scene": "scene_01_DT0000205230", "pixel_count": 1263, "approx_area_m2": 1136700.0, "centroid_x": 741296.1757719715, "centroid_y": 9519057.00712589, "mean_risk": 2.266979455947876, "max_risk": 3.2576375007629395, "median_risk": 2.2090883255004883, "high_priority_pixel_pct": 100.0, "priority_category": "HIGH PRIORITY", "threshold_type": "95th percentile prioritisation threshold", "recommendation": "Spectral-stress evidence detected. Prioritise field inspection to determine the underlying cause. Field verification required.", "priority_rank": 29}}, {"type": "Feature", "geometry": {"type": "Polygon", "coordinates": [[[721395.0, 9519345.0], [721395.0, 9519315.0], [721485.0, 9519315.0], [721485.0, 9519345.0], [721395.0, 9519345.0]]]}, "properties": {"zone_id": "scene_01_DT0000205230-Z0277", "scene": "scene_01_DT0000205230", "pixel_count": 189, "approx_area_m2": 170100.0, "centroid_x": 721465.3968253968, "centroid_y": 9519646.825396825, "mean_risk": 2.343539237976074, "max_risk": 3.0279669761657715, "median_risk": 2.355363368988037, "high_priority_pixel_pct": 100.0, "priority_category": "HIGH PRIORITY", "threshold_type": "95th percentile prioritisation threshold", "recommendation": "Spectral-stress evidence detected. Prioritise field inspection to determine the underlying cause. Field verification required.", "priority_rank": 15}}, {"type": "Feature", "geometry": {"type": "Polygon", "coordinates": [[[725565.0, 9519825.0], [725565.0, 9519795.0], [725535.0, 9519795.0], [725535.0, 9519765.0], [725595.0, 9519765.0], [725595.0, 9519735.0], [725625.0, 9519735.0], [725625.0, 9519675.0], [725655.0, 9519675.0], [725655.0, 9519645.0], [725745.0, 9519645.0], [725745.0, 9519615.0], [725775.0, 9519615.0], [725775.0, 9519585.0], [725835.0, 9519585.0], [725835.0, 9519615.0], [725865.0, 9519615.0], [725865.0, 9519645.0], [725895.0, 9519645.0], [725895.0, 9519675.0], [725925.0, 9519675.0], [725925.0, 9519645.0], [725985.0, 9519645.0], [725985.0, 9519615.0], [726075.0, 9519615.0], [726075.0, 9519675.0], [726045.0, 9519675.0], [726045.0, 9519705.0], [725925.0, 9519705.0], [725925.0, 9519735.0], [725895.0, 9519735.0], [725895.0, 9519825.0], [725865.0, 9519825.0], [725865.0, 9519795.0], [725835.0, 9519795.0], [725835.0, 9519825.0], [725805.0, 9519825.0], [725805.0, 9519795.0], [725775.0, 9519795.0], [725775.0, 9519765.0], [725715.0, 9519765.0], [725715.0, 9519795.0], [725595.0, 9519795.0], [725595.0, 9519825.0], [725565.0, 9519825.0]]]}, "properties": {"zone_id": "scene_01_DT0000205230-Z0278", "scene": "scene_01_DT0000205230", "pixel_count": 69, "approx_area_m2": 62100.0, "centroid_x": 725802.6086956522, "centroid_y": 9519706.956521738, "mean_risk": 2.07196307182312, "max_risk": 2.3660311698913574, "median_risk": 2.0713958740234375, "high_priority_pixel_pct": 100.0, "priority_category": "HIGH PRIORITY", "threshold_type": "95th percentile prioritisation threshold", "recommendation": "Spectral-stress evidence detected. Prioritise field inspection to determine the underlying cause. Field verification required.", "priority_rank": 163}}, {"type": "Feature", "geometry": {"type": "Polygon", "coordinates": [[[728715.0, 9519675.0], [728715.0, 9519525.0], [728685.0, 9519525.0], [728685.0, 9519555.0], [728655.0, 9519555.0], [728655.0, 9519585.0], [728565.0, 9519585.0], [728565.0, 9519615.0], [728535.0, 9519615.0], [728535.0, 9519555.0], [728505.0, 9519555.0], [728505.0, 9519465.0], [728625.0, 9519465.0], [728625.0, 9519495.0], [728715.0, 9519495.0], [728715.0, 9519405.0], [728745.0, 9519405.0], [728745.0, 9519345.0], [728715.0, 9519345.0], [728715.0, 9519255.0], [728745.0, 9519255.0], [728745.0, 9519285.0], [728775.0, 9519285.0], [728775.0, 9519255.0], [728805.0, 9519255.0], [728805.0, 9519225.0], [728835.0, 9519225.0], [728835.0, 9519255.0], [728925.0, 9519255.0], [728925.0, 9519105.0], [728985.0, 9519105.0], [728985.0, 9519045.0], [728955.0, 9519045.0], [728955.0, 9518985.0], [728925.0, 9518985.0], [728925.0, 9518955.0], [728895.0, 9518955.0], [728895.0, 9518985.0], [728805.0, 9518985.0], [728805.0, 9518955.0], [728775.0, 9518955.0], [728775.0, 9518895.0], [728805.0, 9518895.0], [728805.0, 9518865.0], [728865.0, 9518865.0], [728865.0, 9518895.0], [728895.0, 9518895.0], [728895.0, 9518925.0], [729225.0, 9518925.0], [729225.0, 9518985.0], [729165.0, 9518985.0], [729165.0, 9518955.0], [729135.0, 9518955.0], [729135.0, 9518985.0], [729075.0, 9518985.0], [729075.0, 9519045.0], [729165.0, 9519045.0], [729165.0, 9519075.0], [729195.0, 9519075.0], [729195.0, 9519105.0], [729225.0, 9519105.0], [729225.0, 9519165.0], [729195.0, 9519165.0], [729195.0, 9519195.0], [729135.0, 9519195.0], [729135.0, 9519225.0], [729105.0, 9519225.0], [729105.0, 9519255.0], [729045.0, 9519255.0], [729045.0, 9519285.0], [729015.0, 9519285.0], [729015.0, 9519375.0], [729075.0, 9519375.0], [729075.0, 9519405.0], [729105.0, 9519405.0], [729105.0, 9519435.0], [729135.0, 9519435.0], [729135.0, 9519405.0], [729165.0, 9519405.0], [729165.0, 9519435.0], [729225.0, 9519435.0], [729225.0, 9519525.0], [729195.0, 9519525.0], [729195.0, 9519555.0], [729105.0, 9519555.0], [729105.0, 9519585.0], [729075.0, 9519585.0], [729075.0, 9519555.0], [729015.0, 9519555.0], [729015.0, 9519585.0], [728895.0, 9519585.0], [728895.0, 9519615.0], [728805.0, 9519615.0], [728805.0, 9519645.0], [728775.0, 9519645.0], [728775.0, 9519675.0], [728715.0, 9519675.0]], [[728925.0, 9519465.0], [728955.0, 9519465.0], [728955.0, 9519435.0], [728925.0, 9519435.0], [728925.0, 9519465.0]]]}, "properties": {"zone_id": "scene_01_DT0000205230-Z0279", "scene": "scene_01_DT0000205230", "pixel_count": 453, "approx_area_m2": 407700.0, "centroid_x": 729162.9801324503, "centroid_y": 9519361.589403974, "mean_risk": 2.11010479927063, "max_risk": 2.706242799758911, "median_risk": 2.0780813694000244, "high_priority_pixel_pct": 100.0, "priority_category": "HIGH PRIORITY", "threshold_type": "95th percentile prioritisation threshold", "recommendation": "Spectral-stress evidence detected. Prioritise field inspection to determine the underlying cause. Field verification required.", "priority_rank": 116}}, {"type": "Feature", "geometry": {"type": "Polygon", "coordinates": [[[722055.0, 9519675.0], [722055.0, 9519645.0], [721995.0, 9519645.0], [721995.0, 9519555.0], [722055.0, 9519555.0], [722055.0, 9519585.0], [722085.0, 9519585.0], [722085.0, 9519615.0], [722115.0, 9519615.0], [722115.0, 9519645.0], [722085.0, 9519645.0], [722085.0, 9519675.0], [722055.0, 9519675.0]]]}, "properties": {"zone_id": "scene_01_DT0000205230-Z0280", "scene": "scene_01_DT0000205230", "pixel_count": 11, "approx_area_m2": 9900.0, "centroid_x": 722053.6363636364, "centroid_y": 9519616.363636363, "mean_risk": 1.942764163017273, "max_risk": 1.9941390752792358, "median_risk": 1.93490469455719, "high_priority_pixel_pct": 100.0, "priority_category": "HIGH PRIORITY", "threshold_type": "95th percentile prioritisation threshold", "recommendation": "Spectral-stress evidence detected. Prioritise field inspection to determine the underlying cause. Field verification required.", "priority_rank": 373}}, {"type": "Feature", "geometry": {"type": "Polygon", "coordinates": [[[726105.0, 9519645.0], [726105.0, 9519615.0], [726135.0, 9519615.0], [726135.0, 9519555.0], [726105.0, 9519555.0], [726105.0, 9519525.0], [726015.0, 9519525.0], [726015.0, 9519555.0], [725955.0, 9519555.0], [725955.0, 9519525.0], [725895.0, 9519525.0], [725895.0, 9519495.0], [725745.0, 9519495.0], [725745.0, 9519525.0], [725685.0, 9519525.0], [725685.0, 9519555.0], [725655.0, 9519555.0], [725655.0, 9519525.0], [725625.0, 9519525.0], [725625.0, 9519405.0], [725655.0, 9519405.0], [725655.0, 9519345.0], [725685.0, 9519345.0], [725685.0, 9519225.0], [725745.0, 9519225.0], [725745.0, 9519195.0], [725805.0, 9519195.0], [725805.0, 9519285.0], [725925.0, 9519285.0], [725925.0, 9519315.0], [725985.0, 9519315.0], [725985.0, 9519255.0], [726015.0, 9519255.0], [726015.0, 9519225.0], [726075.0, 9519225.0], [726075.0, 9519195.0], [726165.0, 9519195.0], [726165.0, 9519225.0], [726195.0, 9519225.0], [726195.0, 9519255.0], [726135.0, 9519255.0], [726135.0, 9519285.0], [726105.0, 9519285.0], [726105.0, 9519315.0], [726135.0, 9519315.0], [726135.0, 9519345.0], [726165.0, 9519345.0], [726165.0, 9519375.0], [726075.0, 9519375.0], [726075.0, 9519435.0], [726135.0, 9519435.0], [726135.0, 9519405.0], [726225.0, 9519405.0], [726225.0, 9519495.0], [726195.0, 9519495.0], [726195.0, 9519525.0], [726165.0, 9519525.0], [726165.0, 9519645.0], [726105.0, 9519645.0]]]}, "properties": {"zone_id": "scene_01_DT0000205230-Z0281", "scene": "scene_01_DT0000205230", "pixel_count": 164, "approx_area_m2": 147600.0, "centroid_x": 725925.5487804879, "centroid_y": 9519394.93902439, "mean_risk": 2.109121561050415, "max_risk": 2.4830522537231445, "median_risk": 2.102198600769043, "high_priority_pixel_pct": 100.0, "priority_category": "HIGH PRIORITY", "threshold_type": "95th percentile prioritisation threshold", "recommendation": "Spectral-stress evidence detected. Prioritise field inspection to determine the underlying cause. Field verification required.", "priority_rank": 118}}, {"type": "Feature", "geometry": {"type": "Polygon", "coordinates": [[[717525.0, 9519615.0], [717525.0, 9519555.0], [717555.0, 9519555.0], [717555.0, 9519435.0], [717585.0, 9519435.0], [717585.0, 9519405.0], [717615.0, 9519405.0], [717615.0, 9519435.0], [717675.0, 9519435.0], [717675.0, 9519465.0], [717705.0, 9519465.0], [717705.0, 9519495.0], [717765.0, 9519495.0], [717765.0, 9519525.0], [717795.0, 9519525.0], [717795.0, 9519555.0], [717855.0, 9519555.0], [717855.0, 9519585.0], [717825.0, 9519585.0], [717825.0, 9519615.0], [717765.0, 9519615.0], [717765.0, 9519585.0], [717705.0, 9519585.0], [717705.0, 9519555.0], [717645.0, 9519555.0], [717645.0, 9519585.0], [717615.0, 9519585.0], [717615.0, 9519615.0], [717525.0, 9519615.0]]]}, "properties": {"zone_id": "scene_01_DT0000205230-Z0282", "scene": "scene_01_DT0000205230", "pixel_count": 39, "approx_area_m2": 35100.0, "centroid_x": 717660.7692307692, "centroid_y": 9519529.23076923, "mean_risk": 2.0160582065582275, "max_risk": 2.264127731323242, "median_risk": 1.9848625659942627, "high_priority_pixel_pct": 100.0, "priority_category": "HIGH PRIORITY", "threshold_type": "95th percentile prioritisation threshold", "recommendation": "Spectral-stress evidence detected. Prioritise field inspection to determine the underlying cause. Field verification required.", "priority_rank": 240}}, {"type": "Feature", "geometry": {"type": "Polygon", "coordinates": [[[731205.0, 9519555.0], [731205.0, 9519525.0], [731175.0, 9519525.0], [731175.0, 9519435.0], [731115.0, 9519435.0], [731115.0, 9519405.0], [731085.0, 9519405.0], [731085.0, 9519375.0], [731115.0, 9519375.0], [731115.0, 9519345.0], [731175.0, 9519345.0], [731175.0, 9519405.0], [731235.0, 9519405.0], [731235.0, 9519435.0], [731265.0, 9519435.0], [731265.0, 9519405.0], [731325.0, 9519405.0], [731325.0, 9519435.0], [731355.0, 9519435.0], [731355.0, 9519525.0], [731235.0, 9519525.0], [731235.0, 9519555.0], [731205.0, 9519555.0]]]}, "properties": {"zone_id": "scene_01_DT0000205230-Z0283", "scene": "scene_01_DT0000205230", "pixel_count": 30, "approx_area_m2": 27000.0, "centroid_x": 731232.0, "centroid_y": 9519453.0, "mean_risk": 2.068702220916748, "max_risk": 2.282623767852783, "median_risk": 2.065093994140625, "high_priority_pixel_pct": 100.0, "priority_category": "HIGH PRIORITY", "threshold_type": "95th percentile prioritisation threshold", "recommendation": "Spectral-stress evidence detected. Prioritise field inspection to determine the underlying cause. Field verification required.", "priority_rank": 166}}, {"type": "Feature", "geometry": {"type": "Polygon", "coordinates": [[[721305.0, 9519525.0], [721305.0, 9519495.0], [721245.0, 9519495.0], [721245.0, 9519405.0], [721335.0, 9519405.0], [721335.0, 9519525.0], [721305.0, 9519525.0]]]}, "properties": {"zone_id": "scene_01_DT0000205230-Z0284", "scene": "scene_01_DT0000205230", "pixel_count": 10, "approx_area_m2": 9000.0, "centroid_x": 721293.0, "centroid_y": 9519456.0, "mean_risk": 1.9354482889175415, "max_risk": 1.9981430768966675, "median_risk": 1.927880883216858, "high_priority_pixel_pct": 100.0, "priority_category": "HIGH PRIORITY", "threshold_type": "95th percentile prioritisation threshold", "recommendation": "Spectral-stress evidence detected. Prioritise field inspection to determine the underlying cause. Field verification required.", "priority_rank": 387}}, {"type": "Feature", "geometry": {"type": "Polygon", "coordinates": [[[736785.0, 9519045.0], [736785.0, 9519015.0], [736755.0, 9519015.0], [736755.0, 9518985.0], [736545.0, 9518985.0], [736545.0, 9518955.0], [736485.0, 9518955.0], [736485.0, 9518925.0], [736455.0, 9518925.0], [736455.0, 9518895.0], [736425.0, 9518895.0], [736425.0, 9518745.0], [736335.0, 9518745.0], [736335.0, 9518715.0], [736365.0, 9518715.0], [736365.0, 9518655.0], [736335.0, 9518655.0], [736335.0, 9518625.0], [736365.0, 9518625.0], [736365.0, 9518595.0], [736395.0, 9518595.0], [736395.0, 9518565.0], [736425.0, 9518565.0], [736425.0, 9518535.0], [736455.0, 9518535.0], [736455.0, 9518475.0], [736485.0, 9518475.0], [736485.0, 9518445.0], [736515.0, 9518445.0], [736515.0, 9518415.0], [736545.0, 9518415.0], [736545.0, 9518385.0], [736605.0, 9518385.0], [736605.0, 9518415.0], [736665.0, 9518415.0], [736665.0, 9518445.0], [736695.0, 9518445.0], [736695.0, 9518475.0], [736755.0, 9518475.0], [736755.0, 9518445.0], [736785.0, 9518445.0], [736785.0, 9518415.0], [736815.0, 9518415.0], [736815.0, 9518385.0], [736875.0, 9518385.0], [736875.0, 9518325.0], [736815.0, 9518325.0], [736815.0, 9518355.0], [736725.0, 9518355.0], [736725.0, 9518265.0], [736755.0, 9518265.0], [736755.0, 9518205.0], [736845.0, 9518205.0], [736845.0, 9518145.0], [736965.0, 9518145.0], [736965.0, 9518115.0], [736995.0, 9518115.0], [736995.0, 9518145.0], [737025.0, 9518145.0], [737025.0, 9518205.0], [737055.0, 9518205.0], [737055.0, 9518235.0], [737085.0, 9518235.0], [737085.0, 9518265.0], [737175.0, 9518265.0], [737175.0, 9518295.0], [737235.0, 9518295.0], [737235.0, 9518145.0], [737205.0, 9518145.0], [737205.0, 9518085.0], [737265.0, 9518085.0], [737265.0, 9518235.0], [737295.0, 9518235.0], [737295.0, 9518055.0], [737325.0, 9518055.0], [737325.0, 9517995.0], [737355.0, 9517995.0], [737355.0, 9518025.0], [737385.0, 9518025.0], [737385.0, 9518055.0], [737415.0, 9518055.0], [737415.0, 9518085.0], [737445.0, 9518085.0], [737445.0, 9518145.0], [737415.0, 9518145.0], [737415.0, 9518115.0], [737355.0, 9518115.0], [737355.0, 9518145.0], [737325.0, 9518145.0], [737325.0, 9518175.0], [737385.0, 9518175.0], [737385.0, 9518235.0], [737355.0, 9518235.0], [737355.0, 9518295.0], [737325.0, 9518295.0], [737325.0, 9518325.0], [737295.0, 9518325.0], [737295.0, 9518385.0], [737265.0, 9518385.0], [737265.0, 9518415.0], [737295.0, 9518415.0], [737295.0, 9518445.0], [737325.0, 9518445.0], [737325.0, 9518385.0], [737355.0, 9518385.0], [737355.0, 9518355.0], [737385.0, 9518355.0], [737385.0, 9518325.0], [737415.0, 9518325.0], [737415.0, 9518295.0], [737445.0, 9518295.0], [737445.0, 9518265.0], [737595.0, 9518265.0], [737595.0, 9518325.0], [737625.0, 9518325.0], [737625.0, 9518385.0], [737595.0, 9518385.0], [737595.0, 9518415.0], [737625.0, 9518415.0], [737625.0, 9518445.0], [737595.0, 9518445.0], [737595.0, 9518475.0], [737625.0, 9518475.0], [737625.0, 9518505.0], [737475.0, 9518505.0], [737475.0, 9518535.0], [737445.0, 9518535.0], [737445.0, 9518565.0], [737415.0, 9518565.0], [737415.0, 9518625.0], [737385.0, 9518625.0], [737385.0, 9518655.0], [737355.0, 9518655.0], [737355.0, 9518715.0], [737325.0, 9518715.0], [737325.0, 9518745.0], [737295.0, 9518745.0], [737295.0, 9518775.0], [737265.0, 9518775.0], [737265.0, 9518805.0], [737175.0, 9518805.0], [737175.0, 9518775.0], [737115.0, 9518775.0], [737115.0, 9518805.0], [737055.0, 9518805.0], [737055.0, 9518955.0], [737025.0, 9518955.0], [737025.0, 9518985.0], [736845.0, 9518985.0], [736845.0, 9519015.0], [736815.0, 9519015.0], [736815.0, 9519045.0], [736785.0, 9519045.0]], [[736875.0, 9518685.0], [736935.0, 9518685.0], [736935.0, 9518625.0], [736875.0, 9518625.0], [736875.0, 9518685.0]], [[736605.0, 9518625.0], [736665.0, 9518625.0], [736665.0, 9518565.0], [736605.0, 9518565.0], [736605.0, 9518625.0]], [[736695.0, 9518595.0], [736755.0, 9518595.0], [736755.0, 9518565.0], [736695.0, 9518565.0], [736695.0, 9518595.0]], [[737145.0, 9518535.0], [737205.0, 9518535.0], [737205.0, 9518415.0], [737175.0, 9518415.0], [737175.0, 9518445.0], [737145.0, 9518445.0], [737145.0, 9518535.0]], [[736905.0, 9518475.0], [736935.0, 9518475.0], [736935.0, 9518415.0], [736905.0, 9518415.0], [736905.0, 9518475.0]], [[736875.0, 9518415.0], [736905.0, 9518415.0], [736905.0, 9518385.0], [736875.0, 9518385.0], [736875.0, 9518415.0]]]}, "properties": {"zone_id": "scene_01_DT0000205230-Z0285", "scene": "scene_01_DT0000205230", "pixel_count": 857, "approx_area_m2": 771300.0, "centroid_x": 736894.4807467911, "centroid_y": 9518630.093348892, "mean_risk": 2.158693313598633, "max_risk": 2.8212616443634033, "median_risk": 2.105388879776001, "high_priority_pixel_pct": 100.0, "priority_category": "HIGH PRIORITY", "threshold_type": "95th percentile prioritisation threshold", "recommendation": "Spectral-stress evidence detected. Prioritise field inspection to determine the underlying cause. Field verification required.", "priority_rank": 74}}, {"type": "Feature", "geometry": {"type": "Polygon", "coordinates": [[[727845.0, 9519465.0], [727845.0, 9519375.0], [727905.0, 9519375.0], [727905.0, 9519405.0], [727965.0, 9519405.0], [727965.0, 9519435.0], [727935.0, 9519435.0], [727935.0, 9519465.0], [727845.0, 9519465.0]]]}, "properties": {"zone_id": "scene_01_DT0000205230-Z0286", "scene": "scene_01_DT0000205230", "pixel_count": 9, "approx_area_m2": 8100.0, "centroid_x": 727893.3333333334, "centroid_y": 9519423.333333334, "mean_risk": 2.0009701251983643, "max_risk": 2.1173763275146484, "median_risk": 1.9867976903915405, "high_priority_pixel_pct": 100.0, "priority_category": "HIGH PRIORITY", "threshold_type": "95th percentile prioritisation threshold", "recommendation": "Spectral-stress evidence detected. Prioritise field inspection to determine the underlying cause. Field verification required.", "priority_rank": 275}}, {"type": "Feature", "geometry": {"type": "Polygon", "coordinates": [[[737055.0, 9519465.0], [737055.0, 9519435.0], [737025.0, 9519435.0], [737025.0, 9519405.0], [737055.0, 9519405.0], [737055.0, 9519375.0], [737175.0, 9519375.0], [737175.0, 9519345.0], [737205.0, 9519345.0], [737205.0, 9519405.0], [737115.0, 9519405.0], [737115.0, 9519465.0], [737055.0, 9519465.0]]]}, "properties": {"zone_id": "scene_01_DT0000205230-Z0287", "scene": "scene_01_DT0000205230", "pixel_count": 12, "approx_area_m2": 10800.0, "centroid_x": 737102.5, "centroid_y": 9519405.0, "mean_risk": 1.9476674795150757, "max_risk": 2.0216808319091797, "median_risk": 1.9353618621826172, "high_priority_pixel_pct": 100.0, "priority_category": "HIGH PRIORITY", "threshold_type": "95th percentile prioritisation threshold", "recommendation": "Spectral-stress evidence detected. Prioritise field inspection to determine the underlying cause. Field verification required.", "priority_rank": 366}}, {"type": "Feature", "geometry": {"type": "Polygon", "coordinates": [[[720165.0, 9518715.0], [720165.0, 9518685.0], [720105.0, 9518685.0], [720105.0, 9518655.0], [719955.0, 9518655.0], [719955.0, 9518595.0], [719895.0, 9518595.0], [719895.0, 9518535.0], [719865.0, 9518535.0], [719865.0, 9518505.0], [719895.0, 9518505.0], [719895.0, 9518475.0], [719985.0, 9518475.0], [719985.0, 9518445.0], [720195.0, 9518445.0], [720195.0, 9518475.0], [720225.0, 9518475.0], [720225.0, 9518595.0], [720255.0, 9518595.0], [720255.0, 9518685.0], [720225.0, 9518685.0], [720225.0, 9518715.0], [720165.0, 9518715.0]]]}, "properties": {"zone_id": "scene_01_DT0000205230-Z0288", "scene": "scene_01_DT0000205230", "pixel_count": 774, "approx_area_m2": 696600.0, "centroid_x": 719415.6589147287, "centroid_y": 9518848.178294573, "mean_risk": 2.3060426712036133, "max_risk": 3.143204689025879, "median_risk": 2.266619920730591, "high_priority_pixel_pct": 100.0, "priority_category": "HIGH PRIORITY", "threshold_type": "95th percentile prioritisation threshold", "recommendation": "Spectral-stress evidence detected. Prioritise field inspection to determine the underlying cause. Field verification required.", "priority_rank": 23}}, {"type": "Feature", "geometry": {"type": "Polygon", "coordinates": [[[740145.0, 9519345.0], [740145.0, 9519315.0], [740115.0, 9519315.0], [740115.0, 9519225.0], [740055.0, 9519225.0], [740055.0, 9519255.0], [739995.0, 9519255.0], [739995.0, 9519195.0], [740025.0, 9519195.0], [740025.0, 9519075.0], [740055.0, 9519075.0], [740055.0, 9519015.0], [740025.0, 9519015.0], [740025.0, 9518985.0], [740055.0, 9518985.0], [740055.0, 9518955.0], [740145.0, 9518955.0], [740145.0, 9518925.0], [740175.0, 9518925.0], [740175.0, 9518895.0], [740115.0, 9518895.0], [740115.0, 9518775.0], [740175.0, 9518775.0], [740175.0, 9518745.0], [740235.0, 9518745.0], [740235.0, 9518715.0], [740325.0, 9518715.0], [740325.0, 9518745.0], [740355.0, 9518745.0], [740355.0, 9518715.0], [740385.0, 9518715.0], [740385.0, 9518685.0], [740415.0, 9518685.0], [740415.0, 9518655.0], [740445.0, 9518655.0], [740445.0, 9518715.0], [740415.0, 9518715.0], [740415.0, 9518745.0], [740385.0, 9518745.0], [740385.0, 9518775.0], [740355.0, 9518775.0], [740355.0, 9518805.0], [740325.0, 9518805.0], [740325.0, 9518895.0], [740355.0, 9518895.0], [740355.0, 9518925.0], [740325.0, 9518925.0], [740325.0, 9518955.0], [740355.0, 9518955.0], [740355.0, 9519075.0], [740295.0, 9519075.0], [740295.0, 9519105.0], [740355.0, 9519105.0], [740355.0, 9519165.0], [740265.0, 9519165.0], [740265.0, 9519195.0], [740235.0, 9519195.0], [740235.0, 9519255.0], [740205.0, 9519255.0], [740205.0, 9519315.0], [740175.0, 9519315.0], [740175.0, 9519345.0], [740145.0, 9519345.0]], [[740175.0, 9518895.0], [740205.0, 9518895.0], [740205.0, 9518865.0], [740175.0, 9518865.0], [740175.0, 9518895.0]]]}, "properties": {"zone_id": "scene_01_DT0000205230-Z0289", "scene": "scene_01_DT0000205230", "pixel_count": 156, "approx_area_m2": 140400.0, "centroid_x": 740204.8076923077, "centroid_y": 9519009.038461538, "mean_risk": 2.1810576915740967, "max_risk": 2.6020219326019287, "median_risk": 2.1725268363952637, "high_priority_pixel_pct": 100.0, "priority_category": "HIGH PRIORITY", "threshold_type": "95th percentile prioritisation threshold", "recommendation": "Spectral-stress evidence detected. Prioritise field inspection to determine the underlying cause. Field verification required.", "priority_rank": 66}}, {"type": "Feature", "geometry": {"type": "Polygon", "coordinates": [[[712305.0, 9519285.0], [712305.0, 9519165.0], [712365.0, 9519165.0], [712365.0, 9519195.0], [712395.0, 9519195.0], [712395.0, 9519255.0], [712365.0, 9519255.0], [712365.0, 9519285.0], [712305.0, 9519285.0]]]}, "properties": {"zone_id": "scene_01_DT0000205230-Z0290", "scene": "scene_01_DT0000205230", "pixel_count": 10, "approx_area_m2": 9000.0, "centroid_x": 712344.0, "centroid_y": 9519225.0, "mean_risk": 2.344525098800659, "max_risk": 2.8800106048583984, "median_risk": 2.3308308124542236, "high_priority_pixel_pct": 100.0, "priority_category": "HIGH PRIORITY", "threshold_type": "95th percentile prioritisation threshold", "recommendation": "Spectral-stress evidence detected. Prioritise field inspection to determine the underlying cause. Field verification required.", "priority_rank": 14}}, {"type": "Feature", "geometry": {"type": "Polygon", "coordinates": [[[722565.0, 9519255.0], [722565.0, 9519195.0], [722535.0, 9519195.0], [722535.0, 9519135.0], [722505.0, 9519135.0], [722505.0, 9519075.0], [722535.0, 9519075.0], [722535.0, 9519015.0], [722625.0, 9519015.0], [722625.0, 9519045.0], [722655.0, 9519045.0], [722655.0, 9519075.0], [722685.0, 9519075.0], [722685.0, 9519105.0], [722715.0, 9519105.0], [722715.0, 9519165.0], [722745.0, 9519165.0], [722745.0, 9519195.0], [722685.0, 9519195.0], [722685.0, 9519225.0], [722625.0, 9519225.0], [722625.0, 9519255.0], [722565.0, 9519255.0]]]}, "properties": {"zone_id": "scene_01_DT0000205230-Z0291", "scene": "scene_01_DT0000205230", "pixel_count": 39, "approx_area_m2": 35100.0, "centroid_x": 722612.3076923077, "centroid_y": 9519133.076923076, "mean_risk": 2.166938066482544, "max_risk": 2.4739558696746826, "median_risk": 2.181914806365967, "high_priority_pixel_pct": 100.0, "priority_category": "HIGH PRIORITY", "threshold_type": "95th percentile prioritisation threshold", "recommendation": "Spectral-stress evidence detected. Prioritise field inspection to determine the underlying cause. Field verification required.", "priority_rank": 71}}, {"type": "Feature", "geometry": {"type": "Polygon", "coordinates": [[[721065.0, 9519225.0], [721065.0, 9519135.0], [721185.0, 9519135.0], [721185.0, 9519105.0], [721215.0, 9519105.0], [721215.0, 9519075.0], [721245.0, 9519075.0], [721245.0, 9519165.0], [721155.0, 9519165.0], [721155.0, 9519195.0], [721095.0, 9519195.0], [721095.0, 9519225.0], [721065.0, 9519225.0]]]}, "properties": {"zone_id": "scene_01_DT0000205230-Z0292", "scene": "scene_01_DT0000205230", "pixel_count": 13, "approx_area_m2": 11700.0, "centroid_x": 721153.8461538461, "centroid_y": 9519152.307692308, "mean_risk": 1.9509661197662354, "max_risk": 2.0420596599578857, "median_risk": 1.9189180135726929, "high_priority_pixel_pct": 100.0, "priority_category": "HIGH PRIORITY", "threshold_type": "95th percentile prioritisation threshold", "recommendation": "Spectral-stress evidence detected. Prioritise field inspection to determine the underlying cause. Field verification required.", "priority_rank": 362}}, {"type": "Feature", "geometry": {"type": "Polygon", "coordinates": [[[725175.0, 9519165.0], [725175.0, 9519045.0], [725145.0, 9519045.0], [725145.0, 9518985.0], [725175.0, 9518985.0], [725175.0, 9518955.0], [725235.0, 9518955.0], [725235.0, 9518895.0], [725265.0, 9518895.0], [725265.0, 9518865.0], [725295.0, 9518865.0], [725295.0, 9518835.0], [725265.0, 9518835.0], [725265.0, 9518805.0], [725415.0, 9518805.0], [725415.0, 9518865.0], [725385.0, 9518865.0], [725385.0, 9518895.0], [725415.0, 9518895.0], [725415.0, 9518955.0], [725385.0, 9518955.0], [725385.0, 9519045.0], [725355.0, 9519045.0], [725355.0, 9519075.0], [725325.0, 9519075.0], [725325.0, 9519105.0], [725265.0, 9519105.0], [725265.0, 9519165.0], [725175.0, 9519165.0]]]}, "properties": {"zone_id": "scene_01_DT0000205230-Z0293", "scene": "scene_01_DT0000205230", "pixel_count": 65, "approx_area_m2": 58500.0, "centroid_x": 725287.3846153846, "centroid_y": 9518981.076923076, "mean_risk": 2.0402255058288574, "max_risk": 2.278449058532715, "median_risk": 2.0364365577697754, "high_priority_pixel_pct": 100.0, "priority_category": "HIGH PRIORITY", "threshold_type": "95th percentile prioritisation threshold", "recommendation": "Spectral-stress evidence detected. Prioritise field inspection to determine the underlying cause. Field verification required.", "priority_rank": 203}}, {"type": "Feature", "geometry": {"type": "Polygon", "coordinates": [[[736395.0, 9518985.0], [736395.0, 9518955.0], [736425.0, 9518955.0], [736425.0, 9518985.0], [736395.0, 9518985.0]]]}, "properties": {"zone_id": "scene_01_DT0000205230-Z0294", "scene": "scene_01_DT0000205230", "pixel_count": 10, "approx_area_m2": 9000.0, "centroid_x": 736365.0, "centroid_y": 9519072.0, "mean_risk": 1.939776062965393, "max_risk": 2.033348560333252, "median_risk": 1.9376094341278076, "high_priority_pixel_pct": 100.0, "priority_category": "HIGH PRIORITY", "threshold_type": "95th percentile prioritisation threshold", "recommendation": "Spectral-stress evidence detected. Prioritise field inspection to determine the underlying cause. Field verification required.", "priority_rank": 379}}, {"type": "Feature", "geometry": {"type": "Polygon", "coordinates": [[[740475.0, 9519045.0], [740475.0, 9519015.0], [740505.0, 9519015.0], [740505.0, 9518985.0], [740535.0, 9518985.0], [740535.0, 9518955.0], [740565.0, 9518955.0], [740565.0, 9518925.0], [740595.0, 9518925.0], [740595.0, 9519015.0], [740535.0, 9519015.0], [740535.0, 9519045.0], [740475.0, 9519045.0]]]}, "properties": {"zone_id": "scene_01_DT0000205230-Z0295", "scene": "scene_01_DT0000205230", "pixel_count": 9, "approx_area_m2": 8100.0, "centroid_x": 740536.6666666666, "centroid_y": 9519000.0, "mean_risk": 1.9268417358398438, "max_risk": 2.0118300914764404, "median_risk": 1.8981066942214966, "high_priority_pixel_pct": 100.0, "priority_category": "HIGH PRIORITY", "threshold_type": "95th percentile prioritisation threshold", "recommendation": "Spectral-stress evidence detected. Prioritise field inspection to determine the underlying cause. Field verification required.", "priority_rank": 399}}, {"type": "Feature", "geometry": {"type": "Polygon", "coordinates": [[[742545.0, 9519075.0], [742545.0, 9519045.0], [742515.0, 9519045.0], [742515.0, 9519015.0], [742485.0, 9519015.0], [742485.0, 9518985.0], [742455.0, 9518985.0], [742455.0, 9518955.0], [742395.0, 9518955.0], [742395.0, 9518985.0], [742335.0, 9518985.0], [742335.0, 9519015.0], [742305.0, 9519015.0], [742305.0, 9518985.0], [742275.0, 9518985.0], [742275.0, 9518955.0], [742245.0, 9518955.0], [742245.0, 9518895.0], [742335.0, 9518895.0], [742335.0, 9518835.0], [742245.0, 9518835.0], [742245.0, 9518775.0], [742275.0, 9518775.0], [742275.0, 9518745.0], [742305.0, 9518745.0], [742305.0, 9518715.0], [742335.0, 9518715.0], [742335.0, 9518685.0], [742365.0, 9518685.0], [742365.0, 9518655.0], [742335.0, 9518655.0], [742335.0, 9518625.0], [742305.0, 9518625.0], [742305.0, 9518595.0], [742335.0, 9518595.0], [742335.0, 9518565.0], [742425.0, 9518565.0], [742425.0, 9518595.0], [742515.0, 9518595.0], [742515.0, 9518655.0], [742545.0, 9518655.0], [742545.0, 9518685.0], [742575.0, 9518685.0], [742575.0, 9518655.0], [742605.0, 9518655.0], [742605.0, 9518745.0], [742635.0, 9518745.0], [742635.0, 9518805.0], [742605.0, 9518805.0], [742605.0, 9518835.0], [742635.0, 9518835.0], [742635.0, 9518925.0], [742665.0, 9518925.0], [742665.0, 9519045.0], [742605.0, 9519045.0], [742605.0, 9519075.0], [742545.0, 9519075.0]], [[742455.0, 9518865.0], [742485.0, 9518865.0], [742485.0, 9518805.0], [742515.0, 9518805.0], [742515.0, 9518655.0], [742485.0, 9518655.0], [742485.0, 9518715.0], [742455.0, 9518715.0], [742455.0, 9518745.0], [742425.0, 9518745.0], [742425.0, 9518805.0], [742455.0, 9518805.0], [742455.0, 9518865.0]], [[742545.0, 9518835.0], [742575.0, 9518835.0], [742575.0, 9518805.0], [742545.0, 9518805.0], [742545.0, 9518835.0]]]}, "properties": {"zone_id": "scene_01_DT0000205230-Z0296", "scene": "scene_01_DT0000205230", "pixel_count": 138, "approx_area_m2": 124200.0, "centroid_x": 742460.6521739131, "centroid_y": 9518830.652173912, "mean_risk": 2.12009596824646, "max_risk": 2.4915285110473633, "median_risk": 2.1096620559692383, "high_priority_pixel_pct": 100.0, "priority_category": "HIGH PRIORITY", "threshold_type": "95th percentile prioritisation threshold", "recommendation": "Spectral-stress evidence detected. Prioritise field inspection to determine the underlying cause. Field verification required.", "priority_rank": 107}}, {"type": "Feature", "geometry": {"type": "Polygon", "coordinates": [[[724785.0, 9519045.0], [724785.0, 9518985.0], [724815.0, 9518985.0], [724815.0, 9518895.0], [724875.0, 9518895.0], [724875.0, 9518865.0], [724905.0, 9518865.0], [724905.0, 9518985.0], [724875.0, 9518985.0], [724875.0, 9519045.0], [724785.0, 9519045.0]]]}, "properties": {"zone_id": "scene_01_DT0000205230-Z0297", "scene": "scene_01_DT0000205230", "pixel_count": 16, "approx_area_m2": 14400.0, "centroid_x": 724850.625, "centroid_y": 9518964.375, "mean_risk": 2.0355968475341797, "max_risk": 2.205779790878296, "median_risk": 2.0382437705993652, "high_priority_pixel_pct": 100.0, "priority_category": "HIGH PRIORITY", "threshold_type": "95th percentile prioritisation threshold", "recommendation": "Spectral-stress evidence detected. Prioritise field inspection to determine the underlying cause. Field verification required.", "priority_rank": 209}}, {"type": "Feature", "geometry": {"type": "Polygon", "coordinates": [[[716565.0, 9519015.0], [716565.0, 9518895.0], [716595.0, 9518895.0], [716595.0, 9518865.0], [716625.0, 9518865.0], [716625.0, 9518895.0], [716685.0, 9518895.0], [716685.0, 9518925.0], [716715.0, 9518925.0], [716715.0, 9518985.0], [716685.0, 9518985.0], [716685.0, 9519015.0], [716565.0, 9519015.0]]]}, "properties": {"zone_id": "scene_01_DT0000205230-Z0298", "scene": "scene_01_DT0000205230", "pixel_count": 19, "approx_area_m2": 17100.0, "centroid_x": 716632.1052631579, "centroid_y": 9518951.05263158, "mean_risk": 2.023329496383667, "max_risk": 2.1272037029266357, "median_risk": 2.0308144092559814, "high_priority_pixel_pct": 100.0, "priority_category": "HIGH PRIORITY", "threshold_type": "95th percentile prioritisation threshold", "recommendation": "Spectral-stress evidence detected. Prioritise field inspection to determine the underlying cause. Field verification required.", "priority_rank": 224}}, {"type": "Feature", "geometry": {"type": "Polygon", "coordinates": [[[727725.0, 9518865.0], [727725.0, 9518835.0], [727695.0, 9518835.0], [727695.0, 9518745.0], [727725.0, 9518745.0], [727725.0, 9518625.0], [727785.0, 9518625.0], [727785.0, 9518655.0], [727815.0, 9518655.0], [727815.0, 9518625.0], [727875.0, 9518625.0], [727875.0, 9518565.0], [727965.0, 9518565.0], [727965.0, 9518595.0], [727995.0, 9518595.0], [727995.0, 9518625.0], [728025.0, 9518625.0], [728025.0, 9518595.0], [728055.0, 9518595.0], [728055.0, 9518565.0], [728145.0, 9518565.0], [728145.0, 9518595.0], [728175.0, 9518595.0], [728175.0, 9518655.0], [728115.0, 9518655.0], [728115.0, 9518715.0], [728085.0, 9518715.0], [728085.0, 9518745.0], [727965.0, 9518745.0], [727965.0, 9518715.0], [727935.0, 9518715.0], [727935.0, 9518745.0], [727875.0, 9518745.0], [727875.0, 9518775.0], [727815.0, 9518775.0], [727815.0, 9518805.0], [727785.0, 9518805.0], [727785.0, 9518835.0], [727755.0, 9518835.0], [727755.0, 9518865.0], [727725.0, 9518865.0]]]}, "properties": {"zone_id": "scene_01_DT0000205230-Z0299", "scene": "scene_01_DT0000205230", "pixel_count": 80, "approx_area_m2": 72000.0, "centroid_x": 727915.875, "centroid_y": 9518685.0, "mean_risk": 2.1054623126983643, "max_risk": 2.404589891433716, "median_risk": 2.0880746841430664, "high_priority_pixel_pct": 100.0, "priority_category": "HIGH PRIORITY", "threshold_type": "95th percentile prioritisation threshold", "recommendation": "Spectral-stress evidence detected. Prioritise field inspection to determine the underlying cause. Field verification required.", "priority_rank": 124}}, {"type": "Feature", "geometry": {"type": "Polygon", "coordinates": [[[740415.0, 9518865.0], [740415.0, 9518805.0], [740475.0, 9518805.0], [740475.0, 9518775.0], [740565.0, 9518775.0], [740565.0, 9518835.0], [740475.0, 9518835.0], [740475.0, 9518865.0], [740415.0, 9518865.0]]]}, "properties": {"zone_id": "scene_01_DT0000205230-Z0300", "scene": "scene_01_DT0000205230", "pixel_count": 10, "approx_area_m2": 9000.0, "centroid_x": 740490.0, "centroid_y": 9518817.0, "mean_risk": 2.0021355152130127, "max_risk": 2.111262321472168, "median_risk": 2.0036048889160156, "high_priority_pixel_pct": 100.0, "priority_category": "HIGH PRIORITY", "threshold_type": "95th percentile prioritisation threshold", "recommendation": "Spectral-stress evidence detected. Prioritise field inspection to determine the underlying cause. Field verification required.", "priority_rank": 271}}, {"type": "Feature", "geometry": {"type": "Polygon", "coordinates": [[[718365.0, 9518835.0], [718365.0, 9518775.0], [718395.0, 9518775.0], [718395.0, 9518745.0], [718425.0, 9518745.0], [718425.0, 9518655.0], [718395.0, 9518655.0], [718395.0, 9518625.0], [718365.0, 9518625.0], [718365.0, 9518565.0], [718395.0, 9518565.0], [718395.0, 9518535.0], [718425.0, 9518535.0], [718425.0, 9518505.0], [718455.0, 9518505.0], [718455.0, 9518475.0], [718485.0, 9518475.0], [718485.0, 9518505.0], [718515.0, 9518505.0], [718515.0, 9518595.0], [718485.0, 9518595.0], [718485.0, 9518625.0], [718515.0, 9518625.0], [718515.0, 9518685.0], [718485.0, 9518685.0], [718485.0, 9518745.0], [718455.0, 9518745.0], [718455.0, 9518835.0], [718365.0, 9518835.0]]]}, "properties": {"zone_id": "scene_01_DT0000205230-Z0301", "scene": "scene_01_DT0000205230", "pixel_count": 36, "approx_area_m2": 32400.0, "centroid_x": 718443.3333333334, "centroid_y": 9518649.166666666, "mean_risk": 2.034252643585205, "max_risk": 2.232988119125366, "median_risk": 2.017577886581421, "high_priority_pixel_pct": 100.0, "priority_category": "HIGH PRIORITY", "threshold_type": "95th percentile prioritisation threshold", "recommendation": "Spectral-stress evidence detected. Prioritise field inspection to determine the underlying cause. Field verification required.", "priority_rank": 210}}, {"type": "Feature", "geometry": {"type": "Polygon", "coordinates": [[[716295.0, 9518805.0], [716295.0, 9518685.0], [716475.0, 9518685.0], [716475.0, 9518745.0], [716445.0, 9518745.0], [716445.0, 9518805.0], [716385.0, 9518805.0], [716385.0, 9518715.0], [716355.0, 9518715.0], [716355.0, 9518745.0], [716325.0, 9518745.0], [716325.0, 9518805.0], [716295.0, 9518805.0]]]}, "properties": {"zone_id": "scene_01_DT0000205230-Z0302", "scene": "scene_01_DT0000205230", "pixel_count": 17, "approx_area_m2": 15300.0, "centroid_x": 716384.1176470588, "centroid_y": 9518735.294117646, "mean_risk": 1.9591901302337646, "max_risk": 2.0848207473754883, "median_risk": 1.9621318578720093, "high_priority_pixel_pct": 100.0, "priority_category": "HIGH PRIORITY", "threshold_type": "95th percentile prioritisation threshold", "recommendation": "Spectral-stress evidence detected. Prioritise field inspection to determine the underlying cause. Field verification required.", "priority_rank": 347}}, {"type": "Feature", "geometry": {"type": "Polygon", "coordinates": [[[730215.0, 9518625.0], [730215.0, 9518475.0], [730245.0, 9518475.0], [730245.0, 9518415.0], [730275.0, 9518415.0], [730275.0, 9518475.0], [730305.0, 9518475.0], [730305.0, 9518445.0], [730335.0, 9518445.0], [730335.0, 9518475.0], [730425.0, 9518475.0], [730425.0, 9518505.0], [730455.0, 9518505.0], [730455.0, 9518565.0], [730425.0, 9518565.0], [730425.0, 9518595.0], [730395.0, 9518595.0], [730395.0, 9518625.0], [730215.0, 9518625.0]]]}, "properties": {"zone_id": "scene_01_DT0000205230-Z0303", "scene": "scene_01_DT0000205230", "pixel_count": 49, "approx_area_m2": 44100.0, "centroid_x": 730341.4285714285, "centroid_y": 9518566.530612245, "mean_risk": 2.0582292079925537, "max_risk": 2.4695301055908203, "median_risk": 2.015458822250366, "high_priority_pixel_pct": 100.0, "priority_category": "HIGH PRIORITY", "threshold_type": "95th percentile prioritisation threshold", "recommendation": "Spectral-stress evidence detected. Prioritise field inspection to determine the underlying cause. Field verification required.", "priority_rank": 175}}, {"type": "Feature", "geometry": {"type": "Polygon", "coordinates": [[[729975.0, 9518685.0], [729975.0, 9518625.0], [730005.0, 9518625.0], [730005.0, 9518595.0], [730095.0, 9518595.0], [730095.0, 9518535.0], [730065.0, 9518535.0], [730065.0, 9518565.0], [730005.0, 9518565.0], [730005.0, 9518415.0], [730155.0, 9518415.0], [730155.0, 9518445.0], [730185.0, 9518445.0], [730185.0, 9518535.0], [730155.0, 9518535.0], [730155.0, 9518625.0], [730125.0, 9518625.0], [730125.0, 9518655.0], [730005.0, 9518655.0], [730005.0, 9518685.0], [729975.0, 9518685.0]]]}, "properties": {"zone_id": "scene_01_DT0000205230-Z0304", "scene": "scene_01_DT0000205230", "pixel_count": 40, "approx_area_m2": 36000.0, "centroid_x": 730083.0, "centroid_y": 9518531.25, "mean_risk": 1.9918575286865234, "max_risk": 2.1552066802978516, "median_risk": 1.9908249378204346, "high_priority_pixel_pct": 100.0, "priority_category": "HIGH PRIORITY", "threshold_type": "95th percentile prioritisation threshold", "recommendation": "Spectral-stress evidence detected. Prioritise field inspection to determine the underlying cause. Field verification required.", "priority_rank": 286}}, {"type": "Feature", "geometry": {"type": "Polygon", "coordinates": [[[740235.0, 9518655.0], [740235.0, 9518625.0], [740205.0, 9518625.0], [740205.0, 9518535.0], [740235.0, 9518535.0], [740235.0, 9518505.0], [740265.0, 9518505.0], [740265.0, 9518475.0], [740355.0, 9518475.0], [740355.0, 9518445.0], [740325.0, 9518445.0], [740325.0, 9518355.0], [740445.0, 9518355.0], [740445.0, 9518385.0], [740415.0, 9518385.0], [740415.0, 9518475.0], [740385.0, 9518475.0], [740385.0, 9518505.0], [740355.0, 9518505.0], [740355.0, 9518565.0], [740325.0, 9518565.0], [740325.0, 9518595.0], [740295.0, 9518595.0], [740295.0, 9518625.0], [740265.0, 9518625.0], [740265.0, 9518655.0], [740235.0, 9518655.0]]]}, "properties": {"zone_id": "scene_01_DT0000205230-Z0305", "scene": "scene_01_DT0000205230", "pixel_count": 33, "approx_area_m2": 29700.0, "centroid_x": 740317.2727272727, "centroid_y": 9518499.090909092, "mean_risk": 1.9892663955688477, "max_risk": 2.1543850898742676, "median_risk": 1.973504900932312, "high_priority_pixel_pct": 100.0, "priority_category": "HIGH PRIORITY", "threshold_type": "95th percentile prioritisation threshold", "recommendation": "Spectral-stress evidence detected. Prioritise field inspection to determine the underlying cause. Field verification required.", "priority_rank": 293}}, {"type": "Feature", "geometry": {"type": "Polygon", "coordinates": [[[717645.0, 9518595.0], [717645.0, 9518565.0], [717675.0, 9518565.0], [717675.0, 9518505.0], [717705.0, 9518505.0], [717705.0, 9518415.0], [717735.0, 9518415.0], [717735.0, 9518385.0], [717825.0, 9518385.0], [717825.0, 9518445.0], [717795.0, 9518445.0], [717795.0, 9518505.0], [717765.0, 9518505.0], [717765.0, 9518535.0], [717705.0, 9518535.0], [717705.0, 9518595.0], [717645.0, 9518595.0]]]}, "properties": {"zone_id": "scene_01_DT0000205230-Z0306", "scene": "scene_01_DT0000205230", "pixel_count": 19, "approx_area_m2": 17100.0, "centroid_x": 717742.1052631579, "centroid_y": 9518475.789473685, "mean_risk": 2.010624885559082, "max_risk": 2.169912815093994, "median_risk": 1.9735223054885864, "high_priority_pixel_pct": 100.0, "priority_category": "HIGH PRIORITY", "threshold_type": "95th percentile prioritisation threshold", "recommendation": "Spectral-stress evidence detected. Prioritise field inspection to determine the underlying cause. Field verification required.", "priority_rank": 245}}, {"type": "Feature", "geometry": {"type": "Polygon", "coordinates": [[[729435.0, 9517815.0], [729435.0, 9517725.0], [729465.0, 9517725.0], [729465.0, 9517695.0], [729495.0, 9517695.0], [729495.0, 9517785.0], [729525.0, 9517785.0], [729525.0, 9517815.0], [729435.0, 9517815.0]]]}, "properties": {"zone_id": "scene_01_DT0000205230-Z0307", "scene": "scene_01_DT0000205230", "pixel_count": 521, "approx_area_m2": 468900.0, "centroid_x": 729252.3800383877, "centroid_y": 9518111.746641075, "mean_risk": 2.1584861278533936, "max_risk": 2.8324601650238037, "median_risk": 2.1152753829956055, "high_priority_pixel_pct": 100.0, "priority_category": "HIGH PRIORITY", "threshold_type": "95th percentile prioritisation threshold", "recommendation": "Spectral-stress evidence detected. Prioritise field inspection to determine the underlying cause. Field verification required.", "priority_rank": 75}}, {"type": "Feature", "geometry": {"type": "Polygon", "coordinates": [[[740655.0, 9518595.0], [740655.0, 9518505.0], [740715.0, 9518505.0], [740715.0, 9518475.0], [740745.0, 9518475.0], [740745.0, 9518505.0], [740805.0, 9518505.0], [740805.0, 9518475.0], [740865.0, 9518475.0], [740865.0, 9518415.0], [740805.0, 9518415.0], [740805.0, 9518385.0], [740835.0, 9518385.0], [740835.0, 9518295.0], [740955.0, 9518295.0], [740955.0, 9518265.0], [741045.0, 9518265.0], [741045.0, 9518295.0], [741105.0, 9518295.0], [741105.0, 9518265.0], [741135.0, 9518265.0], [741135.0, 9518355.0], [741105.0, 9518355.0], [741105.0, 9518385.0], [741045.0, 9518385.0], [741045.0, 9518415.0], [741015.0, 9518415.0], [741015.0, 9518445.0], [740895.0, 9518445.0], [740895.0, 9518505.0], [740835.0, 9518505.0], [740835.0, 9518535.0], [740745.0, 9518535.0], [740745.0, 9518565.0], [740685.0, 9518565.0], [740685.0, 9518595.0], [740655.0, 9518595.0]]]}, "properties": {"zone_id": "scene_01_DT0000205230-Z0308", "scene": "scene_01_DT0000205230", "pixel_count": 61, "approx_area_m2": 54900.0, "centroid_x": 740918.8524590164, "centroid_y": 9518394.590163935, "mean_risk": 2.1066441535949707, "max_risk": 2.4337317943573, "median_risk": 2.0909345149993896, "high_priority_pixel_pct": 100.0, "priority_category": "HIGH PRIORITY", "threshold_type": "95th percentile prioritisation threshold", "recommendation": "Spectral-stress evidence detected. Prioritise field inspection to determine the underlying cause. Field verification required.", "priority_rank": 122}}, {"type": "Feature", "geometry": {"type": "Polygon", "coordinates": [[[742065.0, 9518595.0], [742065.0, 9518565.0], [742095.0, 9518565.0], [742095.0, 9518535.0], [742125.0, 9518535.0], [742125.0, 9518505.0], [742155.0, 9518505.0], [742155.0, 9518475.0], [742275.0, 9518475.0], [742275.0, 9518505.0], [742245.0, 9518505.0], [742245.0, 9518535.0], [742215.0, 9518535.0], [742215.0, 9518565.0], [742155.0, 9518565.0], [742155.0, 9518595.0], [742065.0, 9518595.0]]]}, "properties": {"zone_id": "scene_01_DT0000205230-Z0309", "scene": "scene_01_DT0000205230", "pixel_count": 15, "approx_area_m2": 13500.0, "centroid_x": 742170.0, "centroid_y": 9518532.0, "mean_risk": 2.0064234733581543, "max_risk": 2.122969627380371, "median_risk": 2.0030815601348877, "high_priority_pixel_pct": 100.0, "priority_category": "HIGH PRIORITY", "threshold_type": "95th percentile prioritisation threshold", "recommendation": "Spectral-stress evidence detected. Prioritise field inspection to determine the underlying cause. Field verification required.", "priority_rank": 255}}, {"type": "Feature", "geometry": {"type": "Polygon", "coordinates": [[[719565.0, 9518475.0], [719565.0, 9518445.0], [719535.0, 9518445.0], [719535.0, 9518295.0], [719565.0, 9518295.0], [719565.0, 9518265.0], [719685.0, 9518265.0], [719685.0, 9518235.0], [719775.0, 9518235.0], [719775.0, 9518205.0], [719865.0, 9518205.0], [719865.0, 9518175.0], [719925.0, 9518175.0], [719925.0, 9518145.0], [719955.0, 9518145.0], [719955.0, 9518055.0], [719985.0, 9518055.0], [719985.0, 9518025.0], [720015.0, 9518025.0], [720015.0, 9518115.0], [719985.0, 9518115.0], [719985.0, 9518265.0], [719955.0, 9518265.0], [719955.0, 9518325.0], [719925.0, 9518325.0], [719925.0, 9518385.0], [719895.0, 9518385.0], [719895.0, 9518445.0], [719865.0, 9518445.0], [719865.0, 9518475.0], [719835.0, 9518475.0], [719835.0, 9518445.0], [719625.0, 9518445.0], [719625.0, 9518475.0], [719565.0, 9518475.0]]]}, "properties": {"zone_id": "scene_01_DT0000205230-Z0310", "scene": "scene_01_DT0000205230", "pixel_count": 109, "approx_area_m2": 98100.0, "centroid_x": 719775.4128440367, "centroid_y": 9518313.57798165, "mean_risk": 2.269429922103882, "max_risk": 2.9280428886413574, "median_risk": 2.2449798583984375, "high_priority_pixel_pct": 100.0, "priority_category": "HIGH PRIORITY", "threshold_type": "95th percentile prioritisation threshold", "recommendation": "Spectral-stress evidence detected. Prioritise field inspection to determine the underlying cause. Field verification required.", "priority_rank": 28}}, {"type": "Feature", "geometry": {"type": "Polygon", "coordinates": [[[738885.0, 9518385.0], [738885.0, 9518355.0], [738825.0, 9518355.0], [738825.0, 9518325.0], [738795.0, 9518325.0], [738795.0, 9518265.0], [738825.0, 9518265.0], [738825.0, 9518205.0], [738855.0, 9518205.0], [738855.0, 9518115.0], [738765.0, 9518115.0], [738765.0, 9518145.0], [738705.0, 9518145.0], [738705.0, 9518085.0], [738615.0, 9518085.0], [738615.0, 9518055.0], [738585.0, 9518055.0], [738585.0, 9517995.0], [738615.0, 9517995.0], [738615.0, 9517935.0], [738645.0, 9517935.0], [738645.0, 9517905.0], [738735.0, 9517905.0], [738735.0, 9517845.0], [738765.0, 9517845.0], [738765.0, 9517815.0], [738795.0, 9517815.0], [738795.0, 9517785.0], [738675.0, 9517785.0], [738675.0, 9517815.0], [738615.0, 9517815.0], [738615.0, 9517635.0], [738735.0, 9517635.0], [738735.0, 9517545.0], [738765.0, 9517545.0], [738765.0, 9517515.0], [738735.0, 9517515.0], [738735.0, 9517455.0], [738765.0, 9517455.0], [738765.0, 9517425.0], [738795.0, 9517425.0], [738795.0, 9517455.0], [738855.0, 9517455.0], [738855.0, 9517485.0], [739005.0, 9517485.0], [739005.0, 9517515.0], [739065.0, 9517515.0], [739065.0, 9517545.0], [739125.0, 9517545.0], [739125.0, 9517515.0], [739155.0, 9517515.0], [739155.0, 9517635.0], [739095.0, 9517635.0], [739095.0, 9517725.0], [739065.0, 9517725.0], [739065.0, 9517755.0], [739095.0, 9517755.0], [739095.0, 9517845.0], [739125.0, 9517845.0], [739125.0, 9517875.0], [739185.0, 9517875.0], [739185.0, 9517905.0], [739215.0, 9517905.0], [739215.0, 9518115.0], [739185.0, 9518115.0], [739185.0, 9518175.0], [739155.0, 9518175.0], [739155.0, 9518205.0], [739095.0, 9518205.0], [739095.0, 9518295.0], [739035.0, 9518295.0], [739035.0, 9518325.0], [738945.0, 9518325.0], [738945.0, 9518355.0], [738915.0, 9518355.0], [738915.0, 9518385.0], [738885.0, 9518385.0]], [[738915.0, 9518175.0], [738975.0, 9518175.0], [738975.0, 9518145.0], [739005.0, 9518145.0], [739005.0, 9518115.0], [738915.0, 9518115.0], [738915.0, 9518175.0]]]}, "properties": {"zone_id": "scene_01_DT0000205230-Z0311", "scene": "scene_01_DT0000205230", "pixel_count": 405, "approx_area_m2": 364500.0, "centroid_x": 738915.8518518518, "centroid_y": 9517893.481481481, "mean_risk": 2.348823070526123, "max_risk": 3.076622247695923, "median_risk": 2.2818310260772705, "high_priority_pixel_pct": 100.0, "priority_category": "HIGH PRIORITY", "threshold_type": "95th percentile prioritisation threshold", "recommendation": "Spectral-stress evidence detected. Prioritise field inspection to determine the underlying cause. Field verification required.", "priority_rank": 13}}, {"type": "Feature", "geometry": {"type": "Polygon", "coordinates": [[[742095.0, 9518325.0], [742095.0, 9518295.0], [742035.0, 9518295.0], [742035.0, 9518265.0], [742095.0, 9518265.0], [742095.0, 9518235.0], [742125.0, 9518235.0], [742125.0, 9518205.0], [742155.0, 9518205.0], [742155.0, 9518235.0], [742185.0, 9518235.0], [742185.0, 9518325.0], [742095.0, 9518325.0]]]}, "properties": {"zone_id": "scene_01_DT0000205230-Z0312", "scene": "scene_01_DT0000205230", "pixel_count": 12, "approx_area_m2": 10800.0, "centroid_x": 742127.5, "centroid_y": 9518275.0, "mean_risk": 1.986280918121338, "max_risk": 2.1350290775299072, "median_risk": 1.9686509370803833, "high_priority_pixel_pct": 100.0, "priority_category": "HIGH PRIORITY", "threshold_type": "95th percentile prioritisation threshold", "recommendation": "Spectral-stress evidence detected. Prioritise field inspection to determine the underlying cause. Field verification required.", "priority_rank": 298}}, {"type": "Feature", "geometry": {"type": "Polygon", "coordinates": [[[717765.0, 9518295.0], [717765.0, 9518265.0], [717705.0, 9518265.0], [717705.0, 9518205.0], [717735.0, 9518205.0], [717735.0, 9518145.0], [717765.0, 9518145.0], [717765.0, 9518025.0], [717675.0, 9518025.0], [717675.0, 9517995.0], [717705.0, 9517995.0], [717705.0, 9517965.0], [717735.0, 9517965.0], [717735.0, 9517905.0], [717765.0, 9517905.0], [717765.0, 9517875.0], [717795.0, 9517875.0], [717795.0, 9517845.0], [717915.0, 9517845.0], [717915.0, 9517875.0], [717945.0, 9517875.0], [717945.0, 9517755.0], [717975.0, 9517755.0], [717975.0, 9517785.0], [718035.0, 9517785.0], [718035.0, 9517755.0], [718065.0, 9517755.0], [718065.0, 9517725.0], [718125.0, 9517725.0], [718125.0, 9517755.0], [718185.0, 9517755.0], [718185.0, 9517725.0], [718245.0, 9517725.0], [718245.0, 9517695.0], [718275.0, 9517695.0], [718275.0, 9517725.0], [718365.0, 9517725.0], [718365.0, 9517755.0], [718395.0, 9517755.0], [718395.0, 9517725.0], [718425.0, 9517725.0], [718425.0, 9517755.0], [718455.0, 9517755.0], [718455.0, 9517785.0], [718515.0, 9517785.0], [718515.0, 9517845.0], [718455.0, 9517845.0], [718455.0, 9517875.0], [718425.0, 9517875.0], [718425.0, 9517905.0], [718335.0, 9517905.0], [718335.0, 9517935.0], [718305.0, 9517935.0], [718305.0, 9518145.0], [718275.0, 9518145.0], [718275.0, 9518235.0], [718245.0, 9518235.0], [718245.0, 9518205.0], [718155.0, 9518205.0], [718155.0, 9518235.0], [718125.0, 9518235.0], [718125.0, 9518205.0], [718095.0, 9518205.0], [718095.0, 9518235.0], [718065.0, 9518235.0], [718065.0, 9518265.0], [717975.0, 9518265.0], [717975.0, 9518175.0], [717915.0, 9518175.0], [717915.0, 9518205.0], [717855.0, 9518205.0], [717855.0, 9518265.0], [717825.0, 9518265.0], [717825.0, 9518295.0], [717765.0, 9518295.0]]]}, "properties": {"zone_id": "scene_01_DT0000205230-Z0313", "scene": "scene_01_DT0000205230", "pixel_count": 313, "approx_area_m2": 281700.0, "centroid_x": 718068.1150159744, "centroid_y": 9517986.61341853, "mean_risk": 2.311567544937134, "max_risk": 2.8496739864349365, "median_risk": 2.2903823852539062, "high_priority_pixel_pct": 100.0, "priority_category": "HIGH PRIORITY", "threshold_type": "95th percentile prioritisation threshold", "recommendation": "Spectral-stress evidence detected. Prioritise field inspection to determine the underlying cause. Field verification required.", "priority_rank": 21}}, {"type": "Feature", "geometry": {"type": "Polygon", "coordinates": [[[735825.0, 9518295.0], [735825.0, 9518235.0], [735855.0, 9518235.0], [735855.0, 9518175.0], [735885.0, 9518175.0], [735885.0, 9518145.0], [735915.0, 9518145.0], [735915.0, 9518115.0], [735945.0, 9518115.0], [735945.0, 9518085.0], [735975.0, 9518085.0], [735975.0, 9518055.0], [736035.0, 9518055.0], [736035.0, 9518085.0], [736005.0, 9518085.0], [736005.0, 9518145.0], [735945.0, 9518145.0], [735945.0, 9518205.0], [735915.0, 9518205.0], [735915.0, 9518265.0], [735855.0, 9518265.0], [735855.0, 9518295.0], [735825.0, 9518295.0]]]}, "properties": {"zone_id": "scene_01_DT0000205230-Z0314", "scene": "scene_01_DT0000205230", "pixel_count": 18, "approx_area_m2": 16200.0, "centroid_x": 735921.6666666666, "centroid_y": 9518171.666666666, "mean_risk": 1.9867619276046753, "max_risk": 2.0936789512634277, "median_risk": 1.988591194152832, "high_priority_pixel_pct": 100.0, "priority_category": "HIGH PRIORITY", "threshold_type": "95th percentile prioritisation threshold", "recommendation": "Spectral-stress evidence detected. Prioritise field inspection to determine the underlying cause. Field verification required.", "priority_rank": 297}}, {"type": "Feature", "geometry": {"type": "Polygon", "coordinates": [[[719505.0, 9518235.0], [719505.0, 9518205.0], [719445.0, 9518205.0], [719445.0, 9518175.0], [719325.0, 9518175.0], [719325.0, 9518145.0], [719355.0, 9518145.0], [719355.0, 9518085.0], [719385.0, 9518085.0], [719385.0, 9518055.0], [719415.0, 9518055.0], [719415.0, 9518025.0], [719475.0, 9518025.0], [719475.0, 9518055.0], [719595.0, 9518055.0], [719595.0, 9518115.0], [719625.0, 9518115.0], [719625.0, 9518145.0], [719595.0, 9518145.0], [719595.0, 9518175.0], [719565.0, 9518175.0], [719565.0, 9518205.0], [719535.0, 9518205.0], [719535.0, 9518235.0], [719505.0, 9518235.0]]]}, "properties": {"zone_id": "scene_01_DT0000205230-Z0315", "scene": "scene_01_DT0000205230", "pixel_count": 40, "approx_area_m2": 36000.0, "centroid_x": 719480.25, "centroid_y": 9518124.0, "mean_risk": 2.128091812133789, "max_risk": 2.449204444885254, "median_risk": 2.1088390350341797, "high_priority_pixel_pct": 100.0, "priority_category": "HIGH PRIORITY", "threshold_type": "95th percentile prioritisation threshold", "recommendation": "Spectral-stress evidence detected. Prioritise field inspection to determine the underlying cause. Field verification required.", "priority_rank": 98}}, {"type": "Feature", "geometry": {"type": "Polygon", "coordinates": [[[729885.0, 9518235.0], [729885.0, 9518145.0], [729915.0, 9518145.0], [729915.0, 9518085.0], [730005.0, 9518085.0], [730005.0, 9518115.0], [729975.0, 9518115.0], [729975.0, 9518175.0], [730005.0, 9518175.0], [730005.0, 9518205.0], [729915.0, 9518205.0], [729915.0, 9518235.0], [729885.0, 9518235.0]]]}, "properties": {"zone_id": "scene_01_DT0000205230-Z0316", "scene": "scene_01_DT0000205230", "pixel_count": 13, "approx_area_m2": 11700.0, "centroid_x": 729941.5384615385, "centroid_y": 9518155.384615384, "mean_risk": 2.0055792331695557, "max_risk": 2.1455178260803223, "median_risk": 2.010141611099243, "high_priority_pixel_pct": 100.0, "priority_category": "HIGH PRIORITY", "threshold_type": "95th percentile prioritisation threshold", "recommendation": "Spectral-stress evidence detected. Prioritise field inspection to determine the underlying cause. Field verification required.", "priority_rank": 257}}, {"type": "Feature", "geometry": {"type": "Polygon", "coordinates": [[[736245.0, 9518205.0], [736245.0, 9518175.0], [736185.0, 9518175.0], [736185.0, 9518145.0], [736095.0, 9518145.0], [736095.0, 9518055.0], [736125.0, 9518055.0], [736125.0, 9517965.0], [736155.0, 9517965.0], [736155.0, 9517935.0], [736185.0, 9517935.0], [736185.0, 9517995.0], [736155.0, 9517995.0], [736155.0, 9518055.0], [736275.0, 9518055.0], [736275.0, 9518085.0], [736335.0, 9518085.0], [736335.0, 9518175.0], [736305.0, 9518175.0], [736305.0, 9518205.0], [736245.0, 9518205.0]]]}, "properties": {"zone_id": "scene_01_DT0000205230-Z0317", "scene": "scene_01_DT0000205230", "pixel_count": 34, "approx_area_m2": 30600.0, "centroid_x": 736210.5882352941, "centroid_y": 9518100.0, "mean_risk": 1.9817354679107666, "max_risk": 2.142683982849121, "median_risk": 1.9781804084777832, "high_priority_pixel_pct": 100.0, "priority_category": "HIGH PRIORITY", "threshold_type": "95th percentile prioritisation threshold", "recommendation": "Spectral-stress evidence detected. Prioritise field inspection to determine the underlying cause. Field verification required.", "priority_rank": 307}}, {"type": "Feature", "geometry": {"type": "Polygon", "coordinates": [[[738075.0, 9517605.0], [738075.0, 9517575.0], [738045.0, 9517575.0], [738045.0, 9517455.0], [737985.0, 9517455.0], [737985.0, 9517395.0], [737955.0, 9517395.0], [737955.0, 9517425.0], [737925.0, 9517425.0], [737925.0, 9517455.0], [737895.0, 9517455.0], [737895.0, 9517515.0], [737865.0, 9517515.0], [737865.0, 9517365.0], [737895.0, 9517365.0], [737895.0, 9517335.0], [737925.0, 9517335.0], [737925.0, 9517305.0], [737865.0, 9517305.0], [737865.0, 9517215.0], [737955.0, 9517215.0], [737955.0, 9517305.0], [738015.0, 9517305.0], [738015.0, 9517365.0], [738075.0, 9517365.0], [738075.0, 9517395.0], [738105.0, 9517395.0], [738105.0, 9517365.0], [738135.0, 9517365.0], [738135.0, 9517335.0], [738195.0, 9517335.0], [738195.0, 9517305.0], [738165.0, 9517305.0], [738165.0, 9517275.0], [738195.0, 9517275.0], [738195.0, 9517215.0], [738225.0, 9517215.0], [738225.0, 9517185.0], [738255.0, 9517185.0], [738255.0, 9517155.0], [738315.0, 9517155.0], [738315.0, 9517125.0], [738345.0, 9517125.0], [738345.0, 9517095.0], [738435.0, 9517095.0], [738435.0, 9517065.0], [738405.0, 9517065.0], [738405.0, 9516975.0], [738465.0, 9516975.0], [738465.0, 9517065.0], [738495.0, 9517065.0], [738495.0, 9517155.0], [738465.0, 9517155.0], [738465.0, 9517215.0], [738435.0, 9517215.0], [738435.0, 9517245.0], [738345.0, 9517245.0], [738345.0, 9517335.0], [738315.0, 9517335.0], [738315.0, 9517395.0], [738345.0, 9517395.0], [738345.0, 9517365.0], [738375.0, 9517365.0], [738375.0, 9517335.0], [738465.0, 9517335.0], [738465.0, 9517305.0], [738495.0, 9517305.0], [738495.0, 9517335.0], [738555.0, 9517335.0], [738555.0, 9517395.0], [738495.0, 9517395.0], [738495.0, 9517425.0], [738465.0, 9517425.0], [738465.0, 9517455.0], [738435.0, 9517455.0], [738435.0, 9517485.0], [738375.0, 9517485.0], [738375.0, 9517515.0], [738165.0, 9517515.0], [738165.0, 9517545.0], [738135.0, 9517545.0], [738135.0, 9517605.0], [738075.0, 9517605.0]]]}, "properties": {"zone_id": "scene_01_DT0000205230-Z0318", "scene": "scene_01_DT0000205230", "pixel_count": 542, "approx_area_m2": 487800.0, "centroid_x": 738102.9520295203, "centroid_y": 9517694.612546125, "mean_risk": 2.1991450786590576, "max_risk": 2.7629683017730713, "median_risk": 2.191648483276367, "high_priority_pixel_pct": 100.0, "priority_category": "HIGH PRIORITY", "threshold_type": "95th percentile prioritisation threshold", "recommendation": "Spectral-stress evidence detected. Prioritise field inspection to determine the underlying cause. Field verification required.", "priority_rank": 49}}, {"type": "Feature", "geometry": {"type": "Polygon", "coordinates": [[[741135.0, 9518115.0], [741135.0, 9518085.0], [741075.0, 9518085.0], [741075.0, 9518055.0], [741105.0, 9518055.0], [741105.0, 9518025.0], [741255.0, 9518025.0], [741255.0, 9518085.0], [741225.0, 9518085.0], [741225.0, 9518115.0], [741135.0, 9518115.0]]]}, "properties": {"zone_id": "scene_01_DT0000205230-Z0319", "scene": "scene_01_DT0000205230", "pixel_count": 14, "approx_area_m2": 12600.0, "centroid_x": 741173.5714285715, "centroid_y": 9518065.714285715, "mean_risk": 1.9775439500808716, "max_risk": 2.1063411235809326, "median_risk": 1.988002061843872, "high_priority_pixel_pct": 100.0, "priority_category": "HIGH PRIORITY", "threshold_type": "95th percentile prioritisation threshold", "recommendation": "Spectral-stress evidence detected. Prioritise field inspection to determine the underlying cause. Field verification required.", "priority_rank": 315}}, {"type": "Feature", "geometry": {"type": "Polygon", "coordinates": [[[736305.0, 9517965.0], [736305.0, 9517905.0], [736275.0, 9517905.0], [736275.0, 9517875.0], [736305.0, 9517875.0], [736305.0, 9517845.0], [736365.0, 9517845.0], [736365.0, 9517875.0], [736425.0, 9517875.0], [736425.0, 9517905.0], [736395.0, 9517905.0], [736395.0, 9517935.0], [736335.0, 9517935.0], [736335.0, 9517965.0], [736305.0, 9517965.0]]]}, "properties": {"zone_id": "scene_01_DT0000205230-Z0320", "scene": "scene_01_DT0000205230", "pixel_count": 11, "approx_area_m2": 9900.0, "centroid_x": 736344.5454545454, "centroid_y": 9517898.181818182, "mean_risk": 1.9265449047088623, "max_risk": 1.9727919101715088, "median_risk": 1.9223443269729614, "high_priority_pixel_pct": 100.0, "priority_category": "HIGH PRIORITY", "threshold_type": "95th percentile prioritisation threshold", "recommendation": "Spectral-stress evidence detected. Prioritise field inspection to determine the underlying cause. Field verification required.", "priority_rank": 400}}, {"type": "Feature", "geometry": {"type": "Polygon", "coordinates": [[[737325.0, 9517965.0], [737325.0, 9517905.0], [737295.0, 9517905.0], [737295.0, 9517875.0], [737325.0, 9517875.0], [737325.0, 9517845.0], [737235.0, 9517845.0], [737235.0, 9517905.0], [737205.0, 9517905.0], [737205.0, 9517815.0], [737175.0, 9517815.0], [737175.0, 9517755.0], [737205.0, 9517755.0], [737205.0, 9517725.0], [737145.0, 9517725.0], [737145.0, 9517575.0], [737265.0, 9517575.0], [737265.0, 9517545.0], [737295.0, 9517545.0], [737295.0, 9517515.0], [737265.0, 9517515.0], [737265.0, 9517425.0], [737325.0, 9517425.0], [737325.0, 9517395.0], [737355.0, 9517395.0], [737355.0, 9517365.0], [737325.0, 9517365.0], [737325.0, 9517335.0], [737265.0, 9517335.0], [737265.0, 9517365.0], [737235.0, 9517365.0], [737235.0, 9517395.0], [737055.0, 9517395.0], [737055.0, 9517305.0], [737085.0, 9517305.0], [737085.0, 9517185.0], [737115.0, 9517185.0], [737115.0, 9517155.0], [737145.0, 9517155.0], [737145.0, 9517125.0], [737175.0, 9517125.0], [737175.0, 9517095.0], [737205.0, 9517095.0], [737205.0, 9517035.0], [737265.0, 9517035.0], [737265.0, 9517005.0], [737385.0, 9517005.0], [737385.0, 9517095.0], [737415.0, 9517095.0], [737415.0, 9517065.0], [737505.0, 9517065.0], [737505.0, 9517035.0], [737595.0, 9517035.0], [737595.0, 9517065.0], [737625.0, 9517065.0], [737625.0, 9517095.0], [737655.0, 9517095.0], [737655.0, 9517155.0], [737625.0, 9517155.0], [737625.0, 9517185.0], [737595.0, 9517185.0], [737595.0, 9517275.0], [737565.0, 9517275.0], [737565.0, 9517335.0], [737595.0, 9517335.0], [737595.0, 9517365.0], [737625.0, 9517365.0], [737625.0, 9517425.0], [737595.0, 9517425.0], [737595.0, 9517485.0], [737565.0, 9517485.0], [737565.0, 9517515.0], [737535.0, 9517515.0], [737535.0, 9517725.0], [737565.0, 9517725.0], [737565.0, 9517755.0], [737535.0, 9517755.0], [737535.0, 9517815.0], [737505.0, 9517815.0], [737505.0, 9517875.0], [737535.0, 9517875.0], [737535.0, 9517905.0], [737385.0, 9517905.0], [737385.0, 9517965.0], [737325.0, 9517965.0]], [[737445.0, 9517485.0], [737475.0, 9517485.0], [737475.0, 9517455.0], [737505.0, 9517455.0], [737505.0, 9517425.0], [737445.0, 9517425.0], [737445.0, 9517485.0]], [[737205.0, 9517155.0], [737355.0, 9517155.0], [737355.0, 9517125.0], [737385.0, 9517125.0], [737385.0, 9517095.0], [737295.0, 9517095.0], [737295.0, 9517065.0], [737235.0, 9517065.0], [737235.0, 9517125.0], [737205.0, 9517125.0], [737205.0, 9517155.0]]]}, "properties": {"zone_id": "scene_01_DT0000205230-Z0321", "scene": "scene_01_DT0000205230", "pixel_count": 366, "approx_area_m2": 329400.0, "centroid_x": 737369.0163934426, "centroid_y": 9517446.393442623, "mean_risk": 2.2416329383850098, "max_risk": 2.8152520656585693, "median_risk": 2.255197048187256, "high_priority_pixel_pct": 100.0, "priority_category": "HIGH PRIORITY", "threshold_type": "95th percentile prioritisation threshold", "recommendation": "Spectral-stress evidence detected. Prioritise field inspection to determine the underlying cause. Field verification required.", "priority_rank": 35}}, {"type": "Feature", "geometry": {"type": "Polygon", "coordinates": [[[720195.0, 9517935.0], [720195.0, 9517905.0], [720165.0, 9517905.0], [720165.0, 9517845.0], [720195.0, 9517845.0], [720195.0, 9517725.0], [720225.0, 9517725.0], [720225.0, 9517665.0], [720285.0, 9517665.0], [720285.0, 9517635.0], [720345.0, 9517635.0], [720345.0, 9517605.0], [720375.0, 9517605.0], [720375.0, 9517515.0], [720345.0, 9517515.0], [720345.0, 9517455.0], [720315.0, 9517455.0], [720315.0, 9517395.0], [720375.0, 9517395.0], [720375.0, 9517425.0], [720405.0, 9517425.0], [720405.0, 9517575.0], [720435.0, 9517575.0], [720435.0, 9517665.0], [720405.0, 9517665.0], [720405.0, 9517695.0], [720375.0, 9517695.0], [720375.0, 9517725.0], [720345.0, 9517725.0], [720345.0, 9517755.0], [720375.0, 9517755.0], [720375.0, 9517785.0], [720405.0, 9517785.0], [720405.0, 9517815.0], [720375.0, 9517815.0], [720375.0, 9517875.0], [720345.0, 9517875.0], [720345.0, 9517905.0], [720285.0, 9517905.0], [720285.0, 9517935.0], [720195.0, 9517935.0]]]}, "properties": {"zone_id": "scene_01_DT0000205230-Z0322", "scene": "scene_01_DT0000205230", "pixel_count": 72, "approx_area_m2": 64800.0, "centroid_x": 720308.75, "centroid_y": 9517723.75, "mean_risk": 2.1415019035339355, "max_risk": 2.570084810256958, "median_risk": 2.103482246398926, "high_priority_pixel_pct": 100.0, "priority_category": "HIGH PRIORITY", "threshold_type": "95th percentile prioritisation threshold", "recommendation": "Spectral-stress evidence detected. Prioritise field inspection to determine the underlying cause. Field verification required.", "priority_rank": 90}}, {"type": "Feature", "geometry": {"type": "Polygon", "coordinates": [[[734895.0, 9517905.0], [734895.0, 9517875.0], [734865.0, 9517875.0], [734865.0, 9517845.0], [734835.0, 9517845.0], [734835.0, 9517815.0], [734805.0, 9517815.0], [734805.0, 9517785.0], [734775.0, 9517785.0], [734775.0, 9517755.0], [734805.0, 9517755.0], [734805.0, 9517725.0], [734775.0, 9517725.0], [734775.0, 9517695.0], [734745.0, 9517695.0], [734745.0, 9517635.0], [734775.0, 9517635.0], [734775.0, 9517605.0], [734865.0, 9517605.0], [734865.0, 9517575.0], [734895.0, 9517575.0], [734895.0, 9517485.0], [734925.0, 9517485.0], [734925.0, 9517365.0], [734955.0, 9517365.0], [734955.0, 9517335.0], [735015.0, 9517335.0], [735015.0, 9517365.0], [735045.0, 9517365.0], [735045.0, 9517425.0], [735075.0, 9517425.0], [735075.0, 9517395.0], [735105.0, 9517395.0], [735105.0, 9517335.0], [735135.0, 9517335.0], [735135.0, 9517395.0], [735165.0, 9517395.0], [735165.0, 9517425.0], [735195.0, 9517425.0], [735195.0, 9517515.0], [735165.0, 9517515.0], [735165.0, 9517545.0], [735135.0, 9517545.0], [735135.0, 9517575.0], [735075.0, 9517575.0], [735075.0, 9517605.0], [735045.0, 9517605.0], [735045.0, 9517695.0], [735015.0, 9517695.0], [735015.0, 9517755.0], [734985.0, 9517755.0], [734985.0, 9517815.0], [734955.0, 9517815.0], [734955.0, 9517875.0], [734925.0, 9517875.0], [734925.0, 9517905.0], [734895.0, 9517905.0]]]}, "properties": {"zone_id": "scene_01_DT0000205230-Z0323", "scene": "scene_01_DT0000205230", "pixel_count": 132, "approx_area_m2": 118800.0, "centroid_x": 734966.1363636364, "centroid_y": 9517599.318181818, "mean_risk": 2.0866305828094482, "max_risk": 2.358703136444092, "median_risk": 2.080148458480835, "high_priority_pixel_pct": 100.0, "priority_category": "HIGH PRIORITY", "threshold_type": "95th percentile prioritisation threshold", "recommendation": "Spectral-stress evidence detected. Prioritise field inspection to determine the underlying cause. Field verification required.", "priority_rank": 145}}, {"type": "Feature", "geometry": {"type": "Polygon", "coordinates": [[[735135.0, 9517905.0], [735135.0, 9517845.0], [735165.0, 9517845.0], [735165.0, 9517815.0], [735135.0, 9517815.0], [735135.0, 9517755.0], [735165.0, 9517755.0], [735165.0, 9517695.0], [735225.0, 9517695.0], [735225.0, 9517665.0], [735255.0, 9517665.0], [735255.0, 9517635.0], [735315.0, 9517635.0], [735315.0, 9517665.0], [735285.0, 9517665.0], [735285.0, 9517725.0], [735255.0, 9517725.0], [735255.0, 9517845.0], [735225.0, 9517845.0], [735225.0, 9517875.0], [735195.0, 9517875.0], [735195.0, 9517905.0], [735135.0, 9517905.0]]]}, "properties": {"zone_id": "scene_01_DT0000205230-Z0324", "scene": "scene_01_DT0000205230", "pixel_count": 27, "approx_area_m2": 24300.0, "centroid_x": 735210.0, "centroid_y": 9517772.222222222, "mean_risk": 2.0019137859344482, "max_risk": 2.1475906372070312, "median_risk": 1.993194580078125, "high_priority_pixel_pct": 100.0, "priority_category": "HIGH PRIORITY", "threshold_type": "95th percentile prioritisation threshold", "recommendation": "Spectral-stress evidence detected. Prioritise field inspection to determine the underlying cause. Field verification required.", "priority_rank": 273}}, {"type": "Feature", "geometry": {"type": "Polygon", "coordinates": [[[740445.0, 9517905.0], [740445.0, 9517845.0], [740475.0, 9517845.0], [740475.0, 9517815.0], [740505.0, 9517815.0], [740505.0, 9517755.0], [740475.0, 9517755.0], [740475.0, 9517725.0], [740535.0, 9517725.0], [740535.0, 9517755.0], [740565.0, 9517755.0], [740565.0, 9517875.0], [740475.0, 9517875.0], [740475.0, 9517905.0], [740445.0, 9517905.0]]]}, "properties": {"zone_id": "scene_01_DT0000205230-Z0325", "scene": "scene_01_DT0000205230", "pixel_count": 17, "approx_area_m2": 15300.0, "centroid_x": 740502.3529411765, "centroid_y": 9517812.352941176, "mean_risk": 1.9571526050567627, "max_risk": 2.0750515460968018, "median_risk": 1.9631030559539795, "high_priority_pixel_pct": 100.0, "priority_category": "HIGH PRIORITY", "threshold_type": "95th percentile prioritisation threshold", "recommendation": "Spectral-stress evidence detected. Prioritise field inspection to determine the underlying cause. Field verification required.", "priority_rank": 352}}, {"type": "Feature", "geometry": {"type": "Polygon", "coordinates": [[[717375.0, 9517845.0], [717375.0, 9517755.0], [717405.0, 9517755.0], [717405.0, 9517725.0], [717435.0, 9517725.0], [717435.0, 9517695.0], [717465.0, 9517695.0], [717465.0, 9517725.0], [717495.0, 9517725.0], [717495.0, 9517785.0], [717465.0, 9517785.0], [717465.0, 9517815.0], [717435.0, 9517815.0], [717435.0, 9517845.0], [717375.0, 9517845.0]]]}, "properties": {"zone_id": "scene_01_DT0000205230-Z0326", "scene": "scene_01_DT0000205230", "pixel_count": 13, "approx_area_m2": 11700.0, "centroid_x": 717431.5384615385, "centroid_y": 9517774.615384616, "mean_risk": 2.0395283699035645, "max_risk": 2.2305195331573486, "median_risk": 2.016052722930908, "high_priority_pixel_pct": 100.0, "priority_category": "HIGH PRIORITY", "threshold_type": "95th percentile prioritisation threshold", "recommendation": "Spectral-stress evidence detected. Prioritise field inspection to determine the underlying cause. Field verification required.", "priority_rank": 204}}, {"type": "Feature", "geometry": {"type": "Polygon", "coordinates": [[[741165.0, 9517845.0], [741165.0, 9517815.0], [741135.0, 9517815.0], [741135.0, 9517755.0], [741195.0, 9517755.0], [741195.0, 9517725.0], [741255.0, 9517725.0], [741255.0, 9517785.0], [741225.0, 9517785.0], [741225.0, 9517815.0], [741195.0, 9517815.0], [741195.0, 9517845.0], [741165.0, 9517845.0]]]}, "properties": {"zone_id": "scene_01_DT0000205230-Z0327", "scene": "scene_01_DT0000205230", "pixel_count": 10, "approx_area_m2": 9000.0, "centroid_x": 741195.0, "centroid_y": 9517779.0, "mean_risk": 1.9832442998886108, "max_risk": 2.0914297103881836, "median_risk": 1.967707633972168, "high_priority_pixel_pct": 100.0, "priority_category": "HIGH PRIORITY", "threshold_type": "95th percentile prioritisation threshold", "recommendation": "Spectral-stress evidence detected. Prioritise field inspection to determine the underlying cause. Field verification required.", "priority_rank": 305}}, {"type": "Feature", "geometry": {"type": "Polygon", "coordinates": [[[740085.0, 9517545.0], [740085.0, 9517515.0], [740115.0, 9517515.0], [740115.0, 9517545.0], [740085.0, 9517545.0]]]}, "properties": {"zone_id": "scene_01_DT0000205230-Z0328", "scene": "scene_01_DT0000205230", "pixel_count": 44, "approx_area_m2": 39600.0, "centroid_x": 739906.3636363636, "centroid_y": 9517660.909090908, "mean_risk": 2.005397081375122, "max_risk": 2.201502561569214, "median_risk": 1.9986090660095215, "high_priority_pixel_pct": 100.0, "priority_category": "HIGH PRIORITY", "threshold_type": "95th percentile prioritisation threshold", "recommendation": "Spectral-stress evidence detected. Prioritise field inspection to determine the underlying cause. Field verification required.", "priority_rank": 258}}, {"type": "Feature", "geometry": {"type": "Polygon", "coordinates": [[[734355.0, 9517755.0], [734355.0, 9517695.0], [734385.0, 9517695.0], [734385.0, 9517635.0], [734475.0, 9517635.0], [734475.0, 9517725.0], [734415.0, 9517725.0], [734415.0, 9517755.0], [734355.0, 9517755.0]]]}, "properties": {"zone_id": "scene_01_DT0000205230-Z0329", "scene": "scene_01_DT0000205230", "pixel_count": 12, "approx_area_m2": 10800.0, "centroid_x": 734417.5, "centroid_y": 9517692.5, "mean_risk": 1.944173812866211, "max_risk": 1.989755392074585, "median_risk": 1.9400546550750732, "high_priority_pixel_pct": 100.0, "priority_category": "HIGH PRIORITY", "threshold_type": "95th percentile prioritisation threshold", "recommendation": "Spectral-stress evidence detected. Prioritise field inspection to determine the underlying cause. Field verification required.", "priority_rank": 370}}, {"type": "Feature", "geometry": {"type": "Polygon", "coordinates": [[[736155.0, 9517755.0], [736155.0, 9517725.0], [736185.0, 9517725.0], [736185.0, 9517665.0], [736215.0, 9517665.0], [736215.0, 9517635.0], [736275.0, 9517635.0], [736275.0, 9517725.0], [736215.0, 9517725.0], [736215.0, 9517755.0], [736155.0, 9517755.0]]]}, "properties": {"zone_id": "scene_01_DT0000205230-Z0330", "scene": "scene_01_DT0000205230", "pixel_count": 10, "approx_area_m2": 9000.0, "centroid_x": 736224.0, "centroid_y": 9517695.0, "mean_risk": 1.9353306293487549, "max_risk": 1.9903382062911987, "median_risk": 1.9322736263275146, "high_priority_pixel_pct": 100.0, "priority_category": "HIGH PRIORITY", "threshold_type": "95th percentile prioritisation threshold", "recommendation": "Spectral-stress evidence detected. Prioritise field inspection to determine the underlying cause. Field verification required.", "priority_rank": 388}}, {"type": "Feature", "geometry": {"type": "Polygon", "coordinates": [[[741375.0, 9517755.0], [741375.0, 9517695.0], [741405.0, 9517695.0], [741405.0, 9517635.0], [741465.0, 9517635.0], [741465.0, 9517695.0], [741495.0, 9517695.0], [741495.0, 9517725.0], [741465.0, 9517725.0], [741465.0, 9517755.0], [741375.0, 9517755.0]]]}, "properties": {"zone_id": "scene_01_DT0000205230-Z0331", "scene": "scene_01_DT0000205230", "pixel_count": 11, "approx_area_m2": 9900.0, "centroid_x": 741430.9090909091, "centroid_y": 9517701.818181818, "mean_risk": 1.9663093090057373, "max_risk": 2.0450196266174316, "median_risk": 1.9647971391677856, "high_priority_pixel_pct": 100.0, "priority_category": "HIGH PRIORITY", "threshold_type": "95th percentile prioritisation threshold", "recommendation": "Spectral-stress evidence detected. Prioritise field inspection to determine the underlying cause. Field verification required.", "priority_rank": 333}}, {"type": "Feature", "geometry": {"type": "Polygon", "coordinates": [[[717285.0, 9517725.0], [717285.0, 9517695.0], [717195.0, 9517695.0], [717195.0, 9517605.0], [717165.0, 9517605.0], [717165.0, 9517575.0], [717195.0, 9517575.0], [717195.0, 9517455.0], [717225.0, 9517455.0], [717225.0, 9517425.0], [717255.0, 9517425.0], [717255.0, 9517365.0], [717315.0, 9517365.0], [717315.0, 9517335.0], [717375.0, 9517335.0], [717375.0, 9517395.0], [717405.0, 9517395.0], [717405.0, 9517455.0], [717435.0, 9517455.0], [717435.0, 9517365.0], [717405.0, 9517365.0], [717405.0, 9517335.0], [717495.0, 9517335.0], [717495.0, 9517305.0], [717525.0, 9517305.0], [717525.0, 9517275.0], [717585.0, 9517275.0], [717585.0, 9517215.0], [717615.0, 9517215.0], [717615.0, 9517095.0], [717585.0, 9517095.0], [717585.0, 9517065.0], [717615.0, 9517065.0], [717615.0, 9517035.0], [717645.0, 9517035.0], [717645.0, 9517065.0], [717675.0, 9517065.0], [717675.0, 9517035.0], [717705.0, 9517035.0], [717705.0, 9517005.0], [717765.0, 9517005.0], [717765.0, 9516975.0], [717795.0, 9516975.0], [717795.0, 9516945.0], [717825.0, 9516945.0], [717825.0, 9516915.0], [717855.0, 9516915.0], [717855.0, 9516945.0], [717915.0, 9516945.0], [717915.0, 9516975.0], [717975.0, 9516975.0], [717975.0, 9516945.0], [718035.0, 9516945.0], [718035.0, 9516915.0], [718095.0, 9516915.0], [718095.0, 9516855.0], [718185.0, 9516855.0], [718185.0, 9516885.0], [718215.0, 9516885.0], [718215.0, 9516855.0], [718245.0, 9516855.0], [718245.0, 9516825.0], [718305.0, 9516825.0], [718305.0, 9516735.0], [718335.0, 9516735.0], [718335.0, 9516675.0], [718425.0, 9516675.0], [718425.0, 9516735.0], [718395.0, 9516735.0], [718395.0, 9516825.0], [718365.0, 9516825.0], [718365.0, 9516885.0], [718335.0, 9516885.0], [718335.0, 9516915.0], [718305.0, 9516915.0], [718305.0, 9516945.0], [718155.0, 9516945.0], [718155.0, 9516975.0], [718125.0, 9516975.0], [718125.0, 9517005.0], [718155.0, 9517005.0], [718155.0, 9517065.0], [718125.0, 9517065.0], [718125.0, 9517125.0], [718095.0, 9517125.0], [718095.0, 9517155.0], [718065.0, 9517155.0], [718065.0, 9517185.0], [718095.0, 9517185.0], [718095.0, 9517215.0], [718125.0, 9517215.0], [718125.0, 9517245.0], [718155.0, 9517245.0], [718155.0, 9517305.0], [718125.0, 9517305.0], [718125.0, 9517335.0], [718005.0, 9517335.0], [718005.0, 9517365.0], [717885.0, 9517365.0], [717885.0, 9517395.0], [717855.0, 9517395.0], [717855.0, 9517335.0], [717825.0, 9517335.0], [717825.0, 9517425.0], [717795.0, 9517425.0], [717795.0, 9517455.0], [717765.0, 9517455.0], [717765.0, 9517485.0], [717705.0, 9517485.0], [717705.0, 9517545.0], [717645.0, 9517545.0], [717645.0, 9517575.0], [717555.0, 9517575.0], [717555.0, 9517605.0], [717495.0, 9517605.0], [717495.0, 9517635.0], [717405.0, 9517635.0], [717405.0, 9517665.0], [717345.0, 9517665.0], [717345.0, 9517695.0], [717315.0, 9517695.0], [717315.0, 9517725.0], [717285.0, 9517725.0]], [[717285.0, 9517635.0], [717345.0, 9517635.0], [717345.0, 9517605.0], [717285.0, 9517605.0], [717285.0, 9517635.0]], [[717345.0, 9517605.0], [717375.0, 9517605.0], [717375.0, 9517485.0], [717345.0, 9517485.0], [717345.0, 9517605.0]], [[717375.0, 9517485.0], [717405.0, 9517485.0], [717405.0, 9517455.0], [717375.0, 9517455.0], [717375.0, 9517485.0]], [[717765.0, 9517335.0], [717795.0, 9517335.0], [717795.0, 9517245.0], [717825.0, 9517245.0], [717825.0, 9517185.0], [717915.0, 9517185.0], [717915.0, 9517155.0], [717885.0, 9517155.0], [717885.0, 9517095.0], [717915.0, 9517095.0], [717915.0, 9517065.0], [717945.0, 9517065.0], [717945.0, 9517035.0], [717975.0, 9517035.0], [717975.0, 9517005.0], [717855.0, 9517005.0], [717855.0, 9517065.0], [717825.0, 9517065.0], [717825.0, 9517095.0], [717795.0, 9517095.0], [717795.0, 9517125.0], [717735.0, 9517125.0], [717735.0, 9517155.0], [717705.0, 9517155.0], [717705.0, 9517245.0], [717675.0, 9517245.0], [717675.0, 9517275.0], [717735.0, 9517275.0], [717735.0, 9517305.0], [717765.0, 9517305.0], [717765.0, 9517335.0]], [[718035.0, 9517035.0], [718065.0, 9517035.0], [718065.0, 9517005.0], [718035.0, 9517005.0], [718035.0, 9517035.0]], [[718065.0, 9517005.0], [718095.0, 9517005.0], [718095.0, 9516975.0], [718065.0, 9516975.0], [718065.0, 9517005.0]]]}, "properties": {"zone_id": "scene_01_DT0000205230-Z0332", "scene": "scene_01_DT0000205230", "pixel_count": 390, "approx_area_m2": 351000.0, "centroid_x": 717750.0, "centroid_y": 9517265.384615384, "mean_risk": 2.108628511428833, "max_risk": 2.6267192363739014, "median_risk": 2.0772147178649902, "high_priority_pixel_pct": 100.0, "priority_category": "HIGH PRIORITY", "threshold_type": "95th percentile prioritisation threshold", "recommendation": "Spectral-stress evidence detected. Prioritise field inspection to determine the underlying cause. Field verification required.", "priority_rank": 119}}, {"type": "Feature", "geometry": {"type": "Polygon", "coordinates": [[[736395.0, 9517635.0], [736395.0, 9517575.0], [736425.0, 9517575.0], [736425.0, 9517545.0], [736485.0, 9517545.0], [736485.0, 9517515.0], [736515.0, 9517515.0], [736515.0, 9517575.0], [736485.0, 9517575.0], [736485.0, 9517635.0], [736395.0, 9517635.0]]]}, "properties": {"zone_id": "scene_01_DT0000205230-Z0333", "scene": "scene_01_DT0000205230", "pixel_count": 10, "approx_area_m2": 9000.0, "centroid_x": 736455.0, "centroid_y": 9517584.0, "mean_risk": 1.9712836742401123, "max_risk": 2.072004556655884, "median_risk": 1.948630928993225, "high_priority_pixel_pct": 100.0, "priority_category": "HIGH PRIORITY", "threshold_type": "95th percentile prioritisation threshold", "recommendation": "Spectral-stress evidence detected. Prioritise field inspection to determine the underlying cause. Field verification required.", "priority_rank": 325}}, {"type": "Feature", "geometry": {"type": "Polygon", "coordinates": [[[729075.0, 9517605.0], [729075.0, 9517515.0], [729105.0, 9517515.0], [729105.0, 9517485.0], [729165.0, 9517485.0], [729165.0, 9517515.0], [729225.0, 9517515.0], [729225.0, 9517575.0], [729165.0, 9517575.0], [729165.0, 9517605.0], [729075.0, 9517605.0]]]}, "properties": {"zone_id": "scene_01_DT0000205230-Z0334", "scene": "scene_01_DT0000205230", "pixel_count": 15, "approx_area_m2": 13500.0, "centroid_x": 729142.0, "centroid_y": 9517548.0, "mean_risk": 2.045011520385742, "max_risk": 2.28275728225708, "median_risk": 2.0601141452789307, "high_priority_pixel_pct": 100.0, "priority_category": "HIGH PRIORITY", "threshold_type": "95th percentile prioritisation threshold", "recommendation": "Spectral-stress evidence detected. Prioritise field inspection to determine the underlying cause. Field verification required.", "priority_rank": 193}}, {"type": "Feature", "geometry": {"type": "Polygon", "coordinates": [[[729525.0, 9517605.0], [729525.0, 9517575.0], [729495.0, 9517575.0], [729495.0, 9517545.0], [729465.0, 9517545.0], [729465.0, 9517455.0], [729555.0, 9517455.0], [729555.0, 9517485.0], [729585.0, 9517485.0], [729585.0, 9517515.0], [729615.0, 9517515.0], [729615.0, 9517545.0], [729585.0, 9517545.0], [729585.0, 9517575.0], [729555.0, 9517575.0], [729555.0, 9517605.0], [729525.0, 9517605.0]]]}, "properties": {"zone_id": "scene_01_DT0000205230-Z0335", "scene": "scene_01_DT0000205230", "pixel_count": 16, "approx_area_m2": 14400.0, "centroid_x": 729530.625, "centroid_y": 9517520.625, "mean_risk": 2.0443928241729736, "max_risk": 2.1538174152374268, "median_risk": 2.0689384937286377, "high_priority_pixel_pct": 100.0, "priority_category": "HIGH PRIORITY", "threshold_type": "95th percentile prioritisation threshold", "recommendation": "Spectral-stress evidence detected. Prioritise field inspection to determine the underlying cause. Field verification required.", "priority_rank": 197}}, {"type": "Feature", "geometry": {"type": "Polygon", "coordinates": [[[721875.0, 9517485.0], [721875.0, 9517455.0], [721845.0, 9517455.0], [721845.0, 9517425.0], [721815.0, 9517425.0], [721815.0, 9517335.0], [721875.0, 9517335.0], [721875.0, 9517305.0], [721905.0, 9517305.0], [721905.0, 9517275.0], [721815.0, 9517275.0], [721815.0, 9517245.0], [721785.0, 9517245.0], [721785.0, 9517275.0], [721695.0, 9517275.0], [721695.0, 9517245.0], [721635.0, 9517245.0], [721635.0, 9517215.0], [721695.0, 9517215.0], [721695.0, 9517155.0], [721665.0, 9517155.0], [721665.0, 9517035.0], [721755.0, 9517035.0], [721755.0, 9517065.0], [721815.0, 9517065.0], [721815.0, 9517035.0], [721875.0, 9517035.0], [721875.0, 9517005.0], [721905.0, 9517005.0], [721905.0, 9516975.0], [721935.0, 9516975.0], [721935.0, 9516915.0], [721905.0, 9516915.0], [721905.0, 9516855.0], [721995.0, 9516855.0], [721995.0, 9516945.0], [722115.0, 9516945.0], [722115.0, 9516915.0], [722175.0, 9516915.0], [722175.0, 9516885.0], [722205.0, 9516885.0], [722205.0, 9516825.0], [722235.0, 9516825.0], [722235.0, 9516795.0], [722265.0, 9516795.0], [722265.0, 9516765.0], [722325.0, 9516765.0], [722325.0, 9516735.0], [722385.0, 9516735.0], [722385.0, 9516765.0], [722445.0, 9516765.0], [722445.0, 9516795.0], [722475.0, 9516795.0], [722475.0, 9516825.0], [722505.0, 9516825.0], [722505.0, 9516855.0], [722535.0, 9516855.0], [722535.0, 9516885.0], [722475.0, 9516885.0], [722475.0, 9516945.0], [722445.0, 9516945.0], [722445.0, 9516975.0], [722565.0, 9516975.0], [722565.0, 9517065.0], [722595.0, 9517065.0], [722595.0, 9517185.0], [722565.0, 9517185.0], [722565.0, 9517215.0], [722595.0, 9517215.0], [722595.0, 9517305.0], [722625.0, 9517305.0], [722625.0, 9517335.0], [722535.0, 9517335.0], [722535.0, 9517365.0], [722505.0, 9517365.0], [722505.0, 9517395.0], [722475.0, 9517395.0], [722475.0, 9517425.0], [722385.0, 9517425.0], [722385.0, 9517395.0], [722355.0, 9517395.0], [722355.0, 9517335.0], [722295.0, 9517335.0], [722295.0, 9517365.0], [722265.0, 9517365.0], [722265.0, 9517335.0], [722235.0, 9517335.0], [722235.0, 9517275.0], [722265.0, 9517275.0], [722265.0, 9517245.0], [722295.0, 9517245.0], [722295.0, 9517215.0], [722325.0, 9517215.0], [722325.0, 9517185.0], [722355.0, 9517185.0], [722355.0, 9517215.0], [722385.0, 9517215.0], [722385.0, 9517185.0], [722415.0, 9517185.0], [722415.0, 9517215.0], [722505.0, 9517215.0], [722505.0, 9517095.0], [722475.0, 9517095.0], [722475.0, 9517125.0], [722445.0, 9517125.0], [722445.0, 9517155.0], [722415.0, 9517155.0], [722415.0, 9517095.0], [722385.0, 9517095.0], [722385.0, 9517065.0], [722415.0, 9517065.0], [722415.0, 9516975.0], [722385.0, 9516975.0], [722385.0, 9517005.0], [722295.0, 9517005.0], [722295.0, 9517035.0], [722235.0, 9517035.0], [722235.0, 9517065.0], [722205.0, 9517065.0], [722205.0, 9517095.0], [722145.0, 9517095.0], [722145.0, 9517125.0], [722115.0, 9517125.0], [722115.0, 9517185.0], [722145.0, 9517185.0], [722145.0, 9517155.0], [722235.0, 9517155.0], [722235.0, 9517215.0], [722205.0, 9517215.0], [722205.0, 9517335.0], [722175.0, 9517335.0], [722175.0, 9517365.0], [722115.0, 9517365.0], [722115.0, 9517335.0], [721995.0, 9517335.0], [721995.0, 9517365.0], [721965.0, 9517365.0], [721965.0, 9517425.0], [721935.0, 9517425.0], [721935.0, 9517455.0], [721905.0, 9517455.0], [721905.0, 9517485.0], [721875.0, 9517485.0]], [[722115.0, 9517005.0], [722145.0, 9517005.0], [722145.0, 9516975.0], [722115.0, 9516975.0], [722115.0, 9517005.0]]]}, "properties": {"zone_id": "scene_01_DT0000205230-Z0336", "scene": "scene_01_DT0000205230", "pixel_count": 397, "approx_area_m2": 357300.0, "centroid_x": 722156.4483627204, "centroid_y": 9517129.11838791, "mean_risk": 2.11832332611084, "max_risk": 2.838031530380249, "median_risk": 2.0653316974639893, "high_priority_pixel_pct": 100.0, "priority_category": "HIGH PRIORITY", "threshold_type": "95th percentile prioritisation threshold", "recommendation": "Spectral-stress evidence detected. Prioritise field inspection to determine the underlying cause. Field verification required.", "priority_rank": 111}}, {"type": "Feature", "geometry": {"type": "Polygon", "coordinates": [[[729285.0, 9517545.0], [729285.0, 9517485.0], [729315.0, 9517485.0], [729315.0, 9517455.0], [729345.0, 9517455.0], [729345.0, 9517425.0], [729435.0, 9517425.0], [729435.0, 9517455.0], [729405.0, 9517455.0], [729405.0, 9517485.0], [729375.0, 9517485.0], [729375.0, 9517515.0], [729315.0, 9517515.0], [729315.0, 9517545.0], [729285.0, 9517545.0]]]}, "properties": {"zone_id": "scene_01_DT0000205230-Z0337", "scene": "scene_01_DT0000205230", "pixel_count": 10, "approx_area_m2": 9000.0, "centroid_x": 729354.0, "centroid_y": 9517476.0, "mean_risk": 1.9412298202514648, "max_risk": 1.9925416707992554, "median_risk": 1.9433095455169678, "high_priority_pixel_pct": 100.0, "priority_category": "HIGH PRIORITY", "threshold_type": "95th percentile prioritisation threshold", "recommendation": "Spectral-stress evidence detected. Prioritise field inspection to determine the underlying cause. Field verification required.", "priority_rank": 375}}, {"type": "Feature", "geometry": {"type": "Polygon", "coordinates": [[[721065.0, 9517515.0], [721065.0, 9517485.0], [721125.0, 9517485.0], [721125.0, 9517425.0], [721155.0, 9517425.0], [721155.0, 9517365.0], [721125.0, 9517365.0], [721125.0, 9517305.0], [721155.0, 9517305.0], [721155.0, 9517275.0], [721185.0, 9517275.0], [721185.0, 9517305.0], [721275.0, 9517305.0], [721275.0, 9517275.0], [721305.0, 9517275.0], [721305.0, 9517215.0], [721365.0, 9517215.0], [721365.0, 9517335.0], [721275.0, 9517335.0], [721275.0, 9517365.0], [721245.0, 9517365.0], [721245.0, 9517455.0], [721185.0, 9517455.0], [721185.0, 9517485.0], [721155.0, 9517485.0], [721155.0, 9517515.0], [721065.0, 9517515.0]], [[721155.0, 9517365.0], [721215.0, 9517365.0], [721215.0, 9517335.0], [721155.0, 9517335.0], [721155.0, 9517365.0]]]}, "properties": {"zone_id": "scene_01_DT0000205230-Z0338", "scene": "scene_01_DT0000205230", "pixel_count": 35, "approx_area_m2": 31500.0, "centroid_x": 721222.2857142857, "centroid_y": 9517359.42857143, "mean_risk": 1.9483444690704346, "max_risk": 2.0966858863830566, "median_risk": 1.9455680847167969, "high_priority_pixel_pct": 100.0, "priority_category": "HIGH PRIORITY", "threshold_type": "95th percentile prioritisation threshold", "recommendation": "Spectral-stress evidence detected. Prioritise field inspection to determine the underlying cause. Field verification required.", "priority_rank": 364}}, {"type": "Feature", "geometry": {"type": "Polygon", "coordinates": [[[724245.0, 9517305.0], [724245.0, 9517245.0], [724275.0, 9517245.0], [724275.0, 9517215.0], [724335.0, 9517215.0], [724335.0, 9517245.0], [724365.0, 9517245.0], [724365.0, 9517275.0], [724335.0, 9517275.0], [724335.0, 9517305.0], [724245.0, 9517305.0]]]}, "properties": {"zone_id": "scene_01_DT0000205230-Z0339", "scene": "scene_01_DT0000205230", "pixel_count": 9, "approx_area_m2": 8100.0, "centroid_x": 724300.0, "centroid_y": 9517263.333333334, "mean_risk": 2.0039143562316895, "max_risk": 2.152482032775879, "median_risk": 1.999817132949829, "high_priority_pixel_pct": 100.0, "priority_category": "HIGH PRIORITY", "threshold_type": "95th percentile prioritisation threshold", "recommendation": "Spectral-stress evidence detected. Prioritise field inspection to determine the underlying cause. Field verification required.", "priority_rank": 264}}, {"type": "Feature", "geometry": {"type": "Polygon", "coordinates": [[[727755.0, 9517275.0], [727755.0, 9517185.0], [727725.0, 9517185.0], [727725.0, 9517125.0], [727665.0, 9517125.0], [727665.0, 9517095.0], [727635.0, 9517095.0], [727635.0, 9516975.0], [727605.0, 9516975.0], [727605.0, 9516915.0], [727515.0, 9516915.0], [727515.0, 9516885.0], [727485.0, 9516885.0], [727485.0, 9516825.0], [727455.0, 9516825.0], [727455.0, 9516765.0], [727425.0, 9516765.0], [727425.0, 9516735.0], [727515.0, 9516735.0], [727515.0, 9516765.0], [727545.0, 9516765.0], [727545.0, 9516675.0], [727575.0, 9516675.0], [727575.0, 9516585.0], [727545.0, 9516585.0], [727545.0, 9516465.0], [727635.0, 9516465.0], [727635.0, 9516405.0], [727665.0, 9516405.0], [727665.0, 9516375.0], [727695.0, 9516375.0], [727695.0, 9516315.0], [727725.0, 9516315.0], [727725.0, 9516285.0], [727785.0, 9516285.0], [727785.0, 9516315.0], [727755.0, 9516315.0], [727755.0, 9516345.0], [727725.0, 9516345.0], [727725.0, 9516375.0], [727755.0, 9516375.0], [727755.0, 9516405.0], [727785.0, 9516405.0], [727785.0, 9516435.0], [727905.0, 9516435.0], [727905.0, 9516405.0], [727875.0, 9516405.0], [727875.0, 9516375.0], [727905.0, 9516375.0], [727905.0, 9516315.0], [727965.0, 9516315.0], [727965.0, 9516465.0], [728085.0, 9516465.0], [728085.0, 9516405.0], [728115.0, 9516405.0], [728115.0, 9516435.0], [728145.0, 9516435.0], [728145.0, 9516405.0], [728175.0, 9516405.0], [728175.0, 9516465.0], [728145.0, 9516465.0], [728145.0, 9516525.0], [728175.0, 9516525.0], [728175.0, 9516555.0], [728235.0, 9516555.0], [728235.0, 9516615.0], [728265.0, 9516615.0], [728265.0, 9516645.0], [728295.0, 9516645.0], [728295.0, 9516795.0], [728325.0, 9516795.0], [728325.0, 9516825.0], [728295.0, 9516825.0], [728295.0, 9516945.0], [728265.0, 9516945.0], [728265.0, 9516975.0], [728235.0, 9516975.0], [728235.0, 9517005.0], [728175.0, 9517005.0], [728175.0, 9516975.0], [728145.0, 9516975.0], [728145.0, 9517005.0], [728115.0, 9517005.0], [728115.0, 9517035.0], [728085.0, 9517035.0], [728085.0, 9517005.0], [728055.0, 9517005.0], [728055.0, 9516975.0], [728085.0, 9516975.0], [728085.0, 9516945.0], [728115.0, 9516945.0], [728115.0, 9516885.0], [728055.0, 9516885.0], [728055.0, 9516915.0], [727965.0, 9516915.0], [727965.0, 9516945.0], [727875.0, 9516945.0], [727875.0, 9516915.0], [727815.0, 9516915.0], [727815.0, 9516975.0], [727785.0, 9516975.0], [727785.0, 9517005.0], [727755.0, 9517005.0], [727755.0, 9517035.0], [727845.0, 9517035.0], [727845.0, 9517005.0], [727875.0, 9517005.0], [727875.0, 9517035.0], [727905.0, 9517035.0], [727905.0, 9517065.0], [727875.0, 9517065.0], [727875.0, 9517095.0], [727845.0, 9517095.0], [727845.0, 9517155.0], [727875.0, 9517155.0], [727875.0, 9517215.0], [727845.0, 9517215.0], [727845.0, 9517245.0], [727815.0, 9517245.0], [727815.0, 9517275.0], [727755.0, 9517275.0]], [[727725.0, 9516585.0], [727755.0, 9516585.0], [727755.0, 9516525.0], [727725.0, 9516525.0], [727725.0, 9516585.0]], [[728085.0, 9516495.0], [728115.0, 9516495.0], [728115.0, 9516465.0], [728085.0, 9516465.0], [728085.0, 9516495.0]]]}, "properties": {"zone_id": "scene_01_DT0000205230-Z0340", "scene": "scene_01_DT0000205230", "pixel_count": 487, "approx_area_m2": 438300.0, "centroid_x": 727879.7125256674, "centroid_y": 9516740.266940452, "mean_risk": 2.2892980575561523, "max_risk": 2.992126941680908, "median_risk": 2.2688679695129395, "high_priority_pixel_pct": 100.0, "priority_category": "HIGH PRIORITY", "threshold_type": "95th percentile prioritisation threshold", "recommendation": "Spectral-stress evidence detected. Prioritise field inspection to determine the underlying cause. Field verification required.", "priority_rank": 26}}, {"type": "Feature", "geometry": {"type": "Polygon", "coordinates": [[[724095.0, 9517185.0], [724095.0, 9517065.0], [724125.0, 9517065.0], [724125.0, 9517035.0], [724185.0, 9517035.0], [724185.0, 9517095.0], [724215.0, 9517095.0], [724215.0, 9517185.0], [724095.0, 9517185.0]]]}, "properties": {"zone_id": "scene_01_DT0000205230-Z0341", "scene": "scene_01_DT0000205230", "pixel_count": 17, "approx_area_m2": 15300.0, "centroid_x": 724152.3529411765, "centroid_y": 9517118.823529411, "mean_risk": 2.068836212158203, "max_risk": 2.2700307369232178, "median_risk": 2.087047815322876, "high_priority_pixel_pct": 100.0, "priority_category": "HIGH PRIORITY", "threshold_type": "95th percentile prioritisation threshold", "recommendation": "Spectral-stress evidence detected. Prioritise field inspection to determine the underlying cause. Field verification required.", "priority_rank": 165}}, {"type": "Feature", "geometry": {"type": "Polygon", "coordinates": [[[718455.0, 9517155.0], [718455.0, 9517125.0], [718425.0, 9517125.0], [718425.0, 9517065.0], [718485.0, 9517065.0], [718485.0, 9517095.0], [718575.0, 9517095.0], [718575.0, 9517155.0], [718455.0, 9517155.0]]]}, "properties": {"zone_id": "scene_01_DT0000205230-Z0342", "scene": "scene_01_DT0000205230", "pixel_count": 11, "approx_area_m2": 9900.0, "centroid_x": 718497.2727272727, "centroid_y": 9517115.454545455, "mean_risk": 1.9124970436096191, "max_risk": 1.9615806341171265, "median_risk": 1.9040379524230957, "high_priority_pixel_pct": 100.0, "priority_category": "HIGH PRIORITY", "threshold_type": "95th percentile prioritisation threshold", "recommendation": "Spectral-stress evidence detected. Prioritise field inspection to determine the underlying cause. Field verification required.", "priority_rank": 406}}, {"type": "Feature", "geometry": {"type": "Polygon", "coordinates": [[[723915.0, 9517005.0], [723915.0, 9516975.0], [723945.0, 9516975.0], [723945.0, 9516945.0], [724035.0, 9516945.0], [724035.0, 9516915.0], [724095.0, 9516915.0], [724095.0, 9516945.0], [724065.0, 9516945.0], [724065.0, 9516975.0], [724005.0, 9516975.0], [724005.0, 9517005.0], [723915.0, 9517005.0]]]}, "properties": {"zone_id": "scene_01_DT0000205230-Z0343", "scene": "scene_01_DT0000205230", "pixel_count": 9, "approx_area_m2": 8100.0, "centroid_x": 724003.3333333334, "centroid_y": 9516963.333333334, "mean_risk": 1.9298204183578491, "max_risk": 1.9858967065811157, "median_risk": 1.9285123348236084, "high_priority_pixel_pct": 100.0, "priority_category": "HIGH PRIORITY", "threshold_type": "95th percentile prioritisation threshold", "recommendation": "Spectral-stress evidence detected. Prioritise field inspection to determine the underlying cause. Field verification required.", "priority_rank": 396}}, {"type": "Feature", "geometry": {"type": "Polygon", "coordinates": [[[723795.0, 9516945.0], [723795.0, 9516915.0], [723765.0, 9516915.0], [723765.0, 9516885.0], [723735.0, 9516885.0], [723735.0, 9516855.0], [723645.0, 9516855.0], [723645.0, 9516795.0], [723825.0, 9516795.0], [723825.0, 9516945.0], [723795.0, 9516945.0]]]}, "properties": {"zone_id": "scene_01_DT0000205230-Z0344", "scene": "scene_01_DT0000205230", "pixel_count": 18, "approx_area_m2": 16200.0, "centroid_x": 723753.3333333334, "centroid_y": 9516846.666666666, "mean_risk": 2.006809949874878, "max_risk": 2.229236602783203, "median_risk": 1.9848480224609375, "high_priority_pixel_pct": 100.0, "priority_category": "HIGH PRIORITY", "threshold_type": "95th percentile prioritisation threshold", "recommendation": "Spectral-stress evidence detected. Prioritise field inspection to determine the underlying cause. Field verification required.", "priority_rank": 253}}, {"type": "Feature", "geometry": {"type": "Polygon", "coordinates": [[[736785.0, 9516945.0], [736785.0, 9516915.0], [736725.0, 9516915.0], [736725.0, 9516885.0], [736695.0, 9516885.0], [736695.0, 9516855.0], [736665.0, 9516855.0], [736665.0, 9516825.0], [736605.0, 9516825.0], [736605.0, 9516735.0], [736635.0, 9516735.0], [736635.0, 9516705.0], [736725.0, 9516705.0], [736725.0, 9516735.0], [736755.0, 9516735.0], [736755.0, 9516705.0], [736785.0, 9516705.0], [736785.0, 9516645.0], [736815.0, 9516645.0], [736815.0, 9516555.0], [736845.0, 9516555.0], [736845.0, 9516525.0], [736905.0, 9516525.0], [736905.0, 9516555.0], [736965.0, 9516555.0], [736965.0, 9516585.0], [736995.0, 9516585.0], [736995.0, 9516615.0], [737025.0, 9516615.0], [737025.0, 9516525.0], [737055.0, 9516525.0], [737055.0, 9516495.0], [737085.0, 9516495.0], [737085.0, 9516465.0], [737055.0, 9516465.0], [737055.0, 9516435.0], [737115.0, 9516435.0], [737115.0, 9516375.0], [737085.0, 9516375.0], [737085.0, 9516345.0], [736935.0, 9516345.0], [736935.0, 9516375.0], [736845.0, 9516375.0], [736845.0, 9516285.0], [736815.0, 9516285.0], [736815.0, 9516315.0], [736785.0, 9516315.0], [736785.0, 9516345.0], [736755.0, 9516345.0], [736755.0, 9516375.0], [736665.0, 9516375.0], [736665.0, 9516315.0], [736605.0, 9516315.0], [736605.0, 9516345.0], [736635.0, 9516345.0], [736635.0, 9516405.0], [736605.0, 9516405.0], [736605.0, 9516435.0], [736575.0, 9516435.0], [736575.0, 9516465.0], [736515.0, 9516465.0], [736515.0, 9516435.0], [736365.0, 9516435.0], [736365.0, 9516405.0], [736245.0, 9516405.0], [736245.0, 9516375.0], [736095.0, 9516375.0], [736095.0, 9516345.0], [736035.0, 9516345.0], [736035.0, 9516375.0], [736005.0, 9516375.0], [736005.0, 9516315.0], [735885.0, 9516315.0], [735885.0, 9516285.0], [735855.0, 9516285.0], [735855.0, 9516255.0], [735825.0, 9516255.0], [735825.0, 9516195.0], [735735.0, 9516195.0], [735735.0, 9516135.0], [735765.0, 9516135.0], [735765.0, 9515985.0], [735795.0, 9515985.0], [735795.0, 9515955.0], [735825.0, 9515955.0], [735825.0, 9515925.0], [735855.0, 9515925.0], [735855.0, 9515865.0], [735885.0, 9515865.0], [735885.0, 9515805.0], [735915.0, 9515805.0], [735915.0, 9515775.0], [735975.0, 9515775.0], [735975.0, 9515745.0], [736035.0, 9515745.0], [736035.0, 9515715.0], [736095.0, 9515715.0], [736095.0, 9515685.0], [736125.0, 9515685.0], [736125.0, 9515625.0], [736185.0, 9515625.0], [736185.0, 9515685.0], [736245.0, 9515685.0], [736245.0, 9515745.0], [736275.0, 9515745.0], [736275.0, 9515775.0], [736305.0, 9515775.0], [736305.0, 9515745.0], [736395.0, 9515745.0], [736395.0, 9515715.0], [736425.0, 9515715.0], [736425.0, 9515685.0], [736455.0, 9515685.0], [736455.0, 9515655.0], [736515.0, 9515655.0], [736515.0, 9515685.0], [736545.0, 9515685.0], [736545.0, 9515625.0], [736635.0, 9515625.0], [736635.0, 9515595.0], [736665.0, 9515595.0], [736665.0, 9515565.0], [736815.0, 9515565.0], [736815.0, 9515595.0], [736845.0, 9515595.0], [736845.0, 9515565.0], [736905.0, 9515565.0], [736905.0, 9515535.0], [736875.0, 9515535.0], [736875.0, 9515475.0], [736905.0, 9515475.0], [736905.0, 9515445.0], [736935.0, 9515445.0], [736935.0, 9515415.0], [737085.0, 9515415.0], [737085.0, 9515445.0], [737115.0, 9515445.0], [737115.0, 9515475.0], [737145.0, 9515475.0], [737145.0, 9515505.0], [737085.0, 9515505.0], [737085.0, 9515535.0], [737055.0, 9515535.0], [737055.0, 9515715.0], [737085.0, 9515715.0], [737085.0, 9515775.0], [737115.0, 9515775.0], [737115.0, 9515805.0], [737055.0, 9515805.0], [737055.0, 9515835.0], [737025.0, 9515835.0], [737025.0, 9515865.0], [736965.0, 9515865.0], [736965.0, 9515895.0], [736935.0, 9515895.0], [736935.0, 9515925.0], [736905.0, 9515925.0], [736905.0, 9515955.0], [736875.0, 9515955.0], [736875.0, 9516015.0], [736845.0, 9516015.0], [736845.0, 9516045.0], [736785.0, 9516045.0], [736785.0, 9516075.0], [736755.0, 9516075.0], [736755.0, 9516135.0], [736785.0, 9516135.0], [736785.0, 9516105.0], [736905.0, 9516105.0], [736905.0, 9516045.0], [736935.0, 9516045.0], [736935.0, 9516015.0], [736965.0, 9516015.0], [736965.0, 9515985.0], [737085.0, 9515985.0], [737085.0, 9515955.0], [737115.0, 9515955.0], [737115.0, 9515925.0], [737145.0, 9515925.0], [737145.0, 9515955.0], [737295.0, 9515955.0], [737295.0, 9515985.0], [737325.0, 9515985.0], [737325.0, 9516015.0], [737295.0, 9516015.0], [737295.0, 9516045.0], [737265.0, 9516045.0], [737265.0, 9516075.0], [737235.0, 9516075.0], [737235.0, 9516105.0], [737325.0, 9516105.0], [737325.0, 9516135.0], [737355.0, 9516135.0], [737355.0, 9516165.0], [737415.0, 9516165.0], [737415.0, 9516195.0], [737385.0, 9516195.0], [737385.0, 9516225.0], [737355.0, 9516225.0], [737355.0, 9516285.0], [737385.0, 9516285.0], [737385.0, 9516345.0], [737265.0, 9516345.0], [737265.0, 9516375.0], [737205.0, 9516375.0], [737205.0, 9516435.0], [737295.0, 9516435.0], [737295.0, 9516465.0], [737265.0, 9516465.0], [737265.0, 9516555.0], [737295.0, 9516555.0], [737295.0, 9516675.0], [737265.0, 9516675.0], [737265.0, 9516735.0], [737205.0, 9516735.0], [737205.0, 9516765.0], [737085.0, 9516765.0], [737085.0, 9516795.0], [737055.0, 9516795.0], [737055.0, 9516825.0], [736995.0, 9516825.0], [736995.0, 9516855.0], [736935.0, 9516855.0], [736935.0, 9516885.0], [736875.0, 9516885.0], [736875.0, 9516915.0], [736815.0, 9516915.0], [736815.0, 9516945.0], [736785.0, 9516945.0]], [[737175.0, 9516495.0], [737235.0, 9516495.0], [737235.0, 9516465.0], [737175.0, 9516465.0], [737175.0, 9516495.0]], [[736845.0, 9516285.0], [736875.0, 9516285.0], [736875.0, 9516225.0], [736815.0, 9516225.0], [736815.0, 9516255.0], [736845.0, 9516255.0], [736845.0, 9516285.0]], [[736575.0, 9516225.0], [736605.0, 9516225.0], [736605.0, 9516195.0], [736575.0, 9516195.0], [736575.0, 9516225.0]], [[736695.0, 9516225.0], [736725.0, 9516225.0], [736725.0, 9516195.0], [736755.0, 9516195.0], [736755.0, 9516165.0], [736695.0, 9516165.0], [736695.0, 9516225.0]], [[735885.0, 9516195.0], [735915.0, 9516195.0], [735915.0, 9516165.0], [735945.0, 9516165.0], [735945.0, 9516075.0], [736035.0, 9516075.0], [736035.0, 9516015.0], [736065.0, 9516015.0], [736065.0, 9515985.0], [736095.0, 9515985.0], [736095.0, 9515925.0], [736125.0, 9515925.0], [736125.0, 9515865.0], [736095.0, 9515865.0], [736095.0, 9515895.0], [736035.0, 9515895.0], [736035.0, 9515925.0], [735945.0, 9515925.0], [735945.0, 9515955.0], [735855.0, 9515955.0], [735855.0, 9515985.0], [735795.0, 9515985.0], [735795.0, 9516075.0], [735825.0, 9516075.0], [735825.0, 9516135.0], [735855.0, 9516135.0], [735855.0, 9516165.0], [735885.0, 9516165.0], [735885.0, 9516195.0]], [[736275.0, 9515955.0], [736305.0, 9515955.0], [736305.0, 9515805.0], [736275.0, 9515805.0], [736275.0, 9515865.0], [736245.0, 9515865.0], [736245.0, 9515925.0], [736275.0, 9515925.0], [736275.0, 9515955.0]], [[736335.0, 9515895.0], [736365.0, 9515895.0], [736365.0, 9515835.0], [736335.0, 9515835.0], [736335.0, 9515895.0]], [[737025.0, 9515745.0], [737055.0, 9515745.0], [737055.0, 9515715.0], [737025.0, 9515715.0], [737025.0, 9515745.0]]]}, "properties": {"zone_id": "scene_01_DT0000205230-Z0345", "scene": "scene_01_DT0000205230", "pixel_count": 1245, "approx_area_m2": 1120500.0, "centroid_x": 736658.8192771084, "centroid_y": 9516129.060240963, "mean_risk": 2.3560056686401367, "max_risk": 3.2883694171905518, "median_risk": 2.3095505237579346, "high_priority_pixel_pct": 100.0, "priority_category": "HIGH PRIORITY", "threshold_type": "95th percentile prioritisation threshold", "recommendation": "Spectral-stress evidence detected. Prioritise field inspection to determine the underlying cause. Field verification required.", "priority_rank": 11}}, {"type": "Feature", "geometry": {"type": "Polygon", "coordinates": [[[737595.0, 9516945.0], [737595.0, 9516915.0], [737565.0, 9516915.0], [737565.0, 9516885.0], [737595.0, 9516885.0], [737595.0, 9516855.0], [737655.0, 9516855.0], [737655.0, 9516765.0], [737715.0, 9516765.0], [737715.0, 9516735.0], [737805.0, 9516735.0], [737805.0, 9516765.0], [737775.0, 9516765.0], [737775.0, 9516795.0], [737745.0, 9516795.0], [737745.0, 9516825.0], [737715.0, 9516825.0], [737715.0, 9516855.0], [737685.0, 9516855.0], [737685.0, 9516885.0], [737655.0, 9516885.0], [737655.0, 9516945.0], [737595.0, 9516945.0]]]}, "properties": {"zone_id": "scene_01_DT0000205230-Z0346", "scene": "scene_01_DT0000205230", "pixel_count": 20, "approx_area_m2": 18000.0, "centroid_x": 737680.5, "centroid_y": 9516832.5, "mean_risk": 2.0104970932006836, "max_risk": 2.2381439208984375, "median_risk": 1.9912736415863037, "high_priority_pixel_pct": 100.0, "priority_category": "HIGH PRIORITY", "threshold_type": "95th percentile prioritisation threshold", "recommendation": "Spectral-stress evidence detected. Prioritise field inspection to determine the underlying cause. Field verification required.", "priority_rank": 246}}, {"type": "Feature", "geometry": {"type": "Polygon", "coordinates": [[[721545.0, 9516915.0], [721545.0, 9516885.0], [721485.0, 9516885.0], [721485.0, 9516855.0], [721455.0, 9516855.0], [721455.0, 9516795.0], [721515.0, 9516795.0], [721515.0, 9516735.0], [721575.0, 9516735.0], [721575.0, 9516645.0], [721545.0, 9516645.0], [721545.0, 9516585.0], [721605.0, 9516585.0], [721605.0, 9516555.0], [721665.0, 9516555.0], [721665.0, 9516585.0], [721695.0, 9516585.0], [721695.0, 9516555.0], [721815.0, 9516555.0], [721815.0, 9516585.0], [721875.0, 9516585.0], [721875.0, 9516615.0], [721965.0, 9516615.0], [721965.0, 9516705.0], [721935.0, 9516705.0], [721935.0, 9516795.0], [721905.0, 9516795.0], [721905.0, 9516825.0], [721815.0, 9516825.0], [721815.0, 9516855.0], [721785.0, 9516855.0], [721785.0, 9516885.0], [721755.0, 9516885.0], [721755.0, 9516915.0], [721605.0, 9516915.0], [721605.0, 9516885.0], [721575.0, 9516885.0], [721575.0, 9516915.0], [721545.0, 9516915.0]], [[721605.0, 9516645.0], [721635.0, 9516645.0], [721635.0, 9516615.0], [721605.0, 9516615.0], [721605.0, 9516645.0]]]}, "properties": {"zone_id": "scene_01_DT0000205230-Z0347", "scene": "scene_01_DT0000205230", "pixel_count": 139, "approx_area_m2": 125100.0, "centroid_x": 721716.2589928057, "centroid_y": 9516734.89208633, "mean_risk": 2.1197726726531982, "max_risk": 2.4179484844207764, "median_risk": 2.1032469272613525, "high_priority_pixel_pct": 100.0, "priority_category": "HIGH PRIORITY", "threshold_type": "95th percentile prioritisation threshold", "recommendation": "Spectral-stress evidence detected. Prioritise field inspection to determine the underlying cause. Field verification required.", "priority_rank": 108}}, {"type": "Feature", "geometry": {"type": "Polygon", "coordinates": [[[717225.0, 9516885.0], [717225.0, 9516855.0], [717135.0, 9516855.0], [717135.0, 9516825.0], [717105.0, 9516825.0], [717105.0, 9516795.0], [717135.0, 9516795.0], [717135.0, 9516765.0], [717165.0, 9516765.0], [717165.0, 9516735.0], [717225.0, 9516735.0], [717225.0, 9516705.0], [717285.0, 9516705.0], [717285.0, 9516675.0], [717345.0, 9516675.0], [717345.0, 9516705.0], [717495.0, 9516705.0], [717495.0, 9516735.0], [717525.0, 9516735.0], [717525.0, 9516825.0], [717495.0, 9516825.0], [717495.0, 9516855.0], [717465.0, 9516855.0], [717465.0, 9516885.0], [717435.0, 9516885.0], [717435.0, 9516855.0], [717375.0, 9516855.0], [717375.0, 9516885.0], [717225.0, 9516885.0]]]}, "properties": {"zone_id": "scene_01_DT0000205230-Z0348", "scene": "scene_01_DT0000205230", "pixel_count": 68, "approx_area_m2": 61200.0, "centroid_x": 717330.0, "centroid_y": 9516788.823529411, "mean_risk": 2.2390642166137695, "max_risk": 2.7199976444244385, "median_risk": 2.2242462635040283, "high_priority_pixel_pct": 100.0, "priority_category": "HIGH PRIORITY", "threshold_type": "95th percentile prioritisation threshold", "recommendation": "Spectral-stress evidence detected. Prioritise field inspection to determine the underlying cause. Field verification required.", "priority_rank": 37}}, {"type": "Feature", "geometry": {"type": "Polygon", "coordinates": [[[717945.0, 9516855.0], [717945.0, 9516795.0], [717975.0, 9516795.0], [717975.0, 9516705.0], [718005.0, 9516705.0], [718005.0, 9516675.0], [718035.0, 9516675.0], [718035.0, 9516705.0], [718065.0, 9516705.0], [718065.0, 9516675.0], [718095.0, 9516675.0], [718095.0, 9516765.0], [718065.0, 9516765.0], [718065.0, 9516795.0], [718035.0, 9516795.0], [718035.0, 9516825.0], [718005.0, 9516825.0], [718005.0, 9516855.0], [717945.0, 9516855.0]]]}, "properties": {"zone_id": "scene_01_DT0000205230-Z0349", "scene": "scene_01_DT0000205230", "pixel_count": 18, "approx_area_m2": 16200.0, "centroid_x": 718020.0, "centroid_y": 9516761.666666666, "mean_risk": 1.9842534065246582, "max_risk": 2.145331859588623, "median_risk": 1.9720442295074463, "high_priority_pixel_pct": 100.0, "priority_category": "HIGH PRIORITY", "threshold_type": "95th percentile prioritisation threshold", "recommendation": "Spectral-stress evidence detected. Prioritise field inspection to determine the underlying cause. Field verification required.", "priority_rank": 301}}, {"type": "Feature", "geometry": {"type": "Polygon", "coordinates": [[[720915.0, 9516825.0], [720915.0, 9516765.0], [720945.0, 9516765.0], [720945.0, 9516735.0], [720975.0, 9516735.0], [720975.0, 9516645.0], [721005.0, 9516645.0], [721005.0, 9516615.0], [721035.0, 9516615.0], [721035.0, 9516585.0], [721065.0, 9516585.0], [721065.0, 9516615.0], [721155.0, 9516615.0], [721155.0, 9516585.0], [721215.0, 9516585.0], [721215.0, 9516705.0], [721185.0, 9516705.0], [721185.0, 9516735.0], [721125.0, 9516735.0], [721125.0, 9516765.0], [721095.0, 9516765.0], [721095.0, 9516795.0], [721035.0, 9516795.0], [721035.0, 9516825.0], [720915.0, 9516825.0]], [[721035.0, 9516675.0], [721065.0, 9516675.0], [721065.0, 9516645.0], [721035.0, 9516645.0], [721035.0, 9516675.0]]]}, "properties": {"zone_id": "scene_01_DT0000205230-Z0350", "scene": "scene_01_DT0000205230", "pixel_count": 48, "approx_area_m2": 43200.0, "centroid_x": 721070.0, "centroid_y": 9516704.375, "mean_risk": 2.0597636699676514, "max_risk": 2.342461347579956, "median_risk": 2.0449681282043457, "high_priority_pixel_pct": 100.0, "priority_category": "HIGH PRIORITY", "threshold_type": "95th percentile prioritisation threshold", "recommendation": "Spectral-stress evidence detected. Prioritise field inspection to determine the underlying cause. Field verification required.", "priority_rank": 172}}, {"type": "Feature", "geometry": {"type": "Polygon", "coordinates": [[[724035.0, 9516825.0], [724035.0, 9516795.0], [724005.0, 9516795.0], [724005.0, 9516765.0], [723975.0, 9516765.0], [723975.0, 9516735.0], [724005.0, 9516735.0], [724005.0, 9516675.0], [723975.0, 9516675.0], [723975.0, 9516645.0], [724005.0, 9516645.0], [724005.0, 9516615.0], [724065.0, 9516615.0], [724065.0, 9516555.0], [724095.0, 9516555.0], [724095.0, 9516495.0], [724125.0, 9516495.0], [724125.0, 9516465.0], [724155.0, 9516465.0], [724155.0, 9516495.0], [724185.0, 9516495.0], [724185.0, 9516435.0], [724215.0, 9516435.0], [724215.0, 9516465.0], [724245.0, 9516465.0], [724245.0, 9516585.0], [724215.0, 9516585.0], [724215.0, 9516705.0], [724275.0, 9516705.0], [724275.0, 9516735.0], [724185.0, 9516735.0], [724185.0, 9516795.0], [724125.0, 9516795.0], [724125.0, 9516825.0], [724035.0, 9516825.0]]]}, "properties": {"zone_id": "scene_01_DT0000205230-Z0351", "scene": "scene_01_DT0000205230", "pixel_count": 72, "approx_area_m2": 64800.0, "centroid_x": 724125.4166666666, "centroid_y": 9516651.666666666, "mean_risk": 2.1495087146759033, "max_risk": 2.5804107189178467, "median_risk": 2.1223154067993164, "high_priority_pixel_pct": 100.0, "priority_category": "HIGH PRIORITY", "threshold_type": "95th percentile prioritisation threshold", "recommendation": "Spectral-stress evidence detected. Prioritise field inspection to determine the underlying cause. Field verification required.", "priority_rank": 84}}, {"type": "Feature", "geometry": {"type": "Polygon", "coordinates": [[[716655.0, 9516765.0], [716655.0, 9516705.0], [716625.0, 9516705.0], [716625.0, 9516615.0], [716595.0, 9516615.0], [716595.0, 9516555.0], [716625.0, 9516555.0], [716625.0, 9516525.0], [716715.0, 9516525.0], [716715.0, 9516555.0], [716745.0, 9516555.0], [716745.0, 9516615.0], [716775.0, 9516615.0], [716775.0, 9516555.0], [716865.0, 9516555.0], [716865.0, 9516525.0], [716895.0, 9516525.0], [716895.0, 9516465.0], [716925.0, 9516465.0], [716925.0, 9516405.0], [716955.0, 9516405.0], [716955.0, 9516375.0], [716985.0, 9516375.0], [716985.0, 9516345.0], [717045.0, 9516345.0], [717045.0, 9516315.0], [717105.0, 9516315.0], [717105.0, 9516345.0], [717165.0, 9516345.0], [717165.0, 9516435.0], [717135.0, 9516435.0], [717135.0, 9516465.0], [717105.0, 9516465.0], [717105.0, 9516495.0], [717045.0, 9516495.0], [717045.0, 9516525.0], [716985.0, 9516525.0], [716985.0, 9516555.0], [716955.0, 9516555.0], [716955.0, 9516705.0], [716925.0, 9516705.0], [716925.0, 9516735.0], [716895.0, 9516735.0], [716895.0, 9516705.0], [716805.0, 9516705.0], [716805.0, 9516735.0], [716715.0, 9516735.0], [716715.0, 9516765.0], [716655.0, 9516765.0]]]}, "properties": {"zone_id": "scene_01_DT0000205230-Z0352", "scene": "scene_01_DT0000205230", "pixel_count": 112, "approx_area_m2": 100800.0, "centroid_x": 716877.0535714285, "centroid_y": 9516555.535714285, "mean_risk": 2.022648811340332, "max_risk": 2.231762647628784, "median_risk": 2.016258478164673, "high_priority_pixel_pct": 100.0, "priority_category": "HIGH PRIORITY", "threshold_type": "95th percentile prioritisation threshold", "recommendation": "Spectral-stress evidence detected. Prioritise field inspection to determine the underlying cause. Field verification required.", "priority_rank": 226}}, {"type": "Feature", "geometry": {"type": "Polygon", "coordinates": [[[719775.0, 9516675.0], [719775.0, 9516645.0], [719715.0, 9516645.0], [719715.0, 9516585.0], [719745.0, 9516585.0], [719745.0, 9516555.0], [719805.0, 9516555.0], [719805.0, 9516585.0], [719865.0, 9516585.0], [719865.0, 9516615.0], [719895.0, 9516615.0], [719895.0, 9516645.0], [719805.0, 9516645.0], [719805.0, 9516675.0], [719775.0, 9516675.0]]]}, "properties": {"zone_id": "scene_01_DT0000205230-Z0353", "scene": "scene_01_DT0000205230", "pixel_count": 14, "approx_area_m2": 12600.0, "centroid_x": 719794.2857142857, "centroid_y": 9516612.857142856, "mean_risk": 2.0192809104919434, "max_risk": 2.169644594192505, "median_risk": 2.0077404975891113, "high_priority_pixel_pct": 100.0, "priority_category": "HIGH PRIORITY", "threshold_type": "95th percentile prioritisation threshold", "recommendation": "Spectral-stress evidence detected. Prioritise field inspection to determine the underlying cause. Field verification required.", "priority_rank": 232}}, {"type": "Feature", "geometry": {"type": "Polygon", "coordinates": [[[724425.0, 9516675.0], [724425.0, 9516645.0], [724395.0, 9516645.0], [724395.0, 9516555.0], [724365.0, 9516555.0], [724365.0, 9516525.0], [724395.0, 9516525.0], [724395.0, 9516405.0], [724425.0, 9516405.0], [724425.0, 9516435.0], [724485.0, 9516435.0], [724485.0, 9516465.0], [724515.0, 9516465.0], [724515.0, 9516525.0], [724545.0, 9516525.0], [724545.0, 9516555.0], [724575.0, 9516555.0], [724575.0, 9516645.0], [724545.0, 9516645.0], [724545.0, 9516675.0], [724425.0, 9516675.0]]]}, "properties": {"zone_id": "scene_01_DT0000205230-Z0354", "scene": "scene_01_DT0000205230", "pixel_count": 40, "approx_area_m2": 36000.0, "centroid_x": 724469.25, "centroid_y": 9516560.25, "mean_risk": 2.003868818283081, "max_risk": 2.1259238719940186, "median_risk": 1.996142864227295, "high_priority_pixel_pct": 100.0, "priority_category": "HIGH PRIORITY", "threshold_type": "95th percentile prioritisation threshold", "recommendation": "Spectral-stress evidence detected. Prioritise field inspection to determine the underlying cause. Field verification required.", "priority_rank": 265}}, {"type": "Feature", "geometry": {"type": "Polygon", "coordinates": [[[719715.0, 9516525.0], [719715.0, 9516495.0], [719685.0, 9516495.0], [719685.0, 9516435.0], [719715.0, 9516435.0], [719715.0, 9516315.0], [719805.0, 9516315.0], [719805.0, 9516285.0], [719895.0, 9516285.0], [719895.0, 9516375.0], [719865.0, 9516375.0], [719865.0, 9516495.0], [719775.0, 9516495.0], [719775.0, 9516525.0], [719715.0, 9516525.0]]]}, "properties": {"zone_id": "scene_01_DT0000205230-Z0355", "scene": "scene_01_DT0000205230", "pixel_count": 39, "approx_area_m2": 35100.0, "centroid_x": 719792.3076923077, "centroid_y": 9516402.307692308, "mean_risk": 2.101473569869995, "max_risk": 2.383723020553589, "median_risk": 2.131793260574341, "high_priority_pixel_pct": 100.0, "priority_category": "HIGH PRIORITY", "threshold_type": "95th percentile prioritisation threshold", "recommendation": "Spectral-stress evidence detected. Prioritise field inspection to determine the underlying cause. Field verification required.", "priority_rank": 127}}, {"type": "Feature", "geometry": {"type": "Polygon", "coordinates": [[[723405.0, 9516495.0], [723405.0, 9516465.0], [723435.0, 9516465.0], [723435.0, 9516375.0], [723465.0, 9516375.0], [723465.0, 9516345.0], [723495.0, 9516345.0], [723495.0, 9516375.0], [723525.0, 9516375.0], [723525.0, 9516405.0], [723495.0, 9516405.0], [723495.0, 9516465.0], [723465.0, 9516465.0], [723465.0, 9516495.0], [723405.0, 9516495.0]]]}, "properties": {"zone_id": "scene_01_DT0000205230-Z0356", "scene": "scene_01_DT0000205230", "pixel_count": 11, "approx_area_m2": 9900.0, "centroid_x": 723458.1818181818, "centroid_y": 9516430.909090908, "mean_risk": 1.931674838066101, "max_risk": 1.9890261888504028, "median_risk": 1.9257322549819946, "high_priority_pixel_pct": 100.0, "priority_category": "HIGH PRIORITY", "threshold_type": "95th percentile prioritisation threshold", "recommendation": "Spectral-stress evidence detected. Prioritise field inspection to determine the underlying cause. Field verification required.", "priority_rank": 392}}, {"type": "Feature", "geometry": {"type": "Polygon", "coordinates": [[[737445.0, 9516315.0], [737445.0, 9516285.0], [737475.0, 9516285.0], [737475.0, 9516225.0], [737565.0, 9516225.0], [737565.0, 9516285.0], [737535.0, 9516285.0], [737535.0, 9516315.0], [737445.0, 9516315.0]]]}, "properties": {"zone_id": "scene_01_DT0000205230-Z0357", "scene": "scene_01_DT0000205230", "pixel_count": 9, "approx_area_m2": 8100.0, "centroid_x": 737510.0, "centroid_y": 9516270.0, "mean_risk": 1.9561113119125366, "max_risk": 2.0737860202789307, "median_risk": 1.9164739847183228, "high_priority_pixel_pct": 100.0, "priority_category": "HIGH PRIORITY", "threshold_type": "95th percentile prioritisation threshold", "recommendation": "Spectral-stress evidence detected. Prioritise field inspection to determine the underlying cause. Field verification required.", "priority_rank": 354}}, {"type": "Feature", "geometry": {"type": "Polygon", "coordinates": [[[719835.0, 9515955.0], [719835.0, 9515895.0], [719865.0, 9515895.0], [719865.0, 9515955.0], [719835.0, 9515955.0]]]}, "properties": {"zone_id": "scene_01_DT0000205230-Z0358", "scene": "scene_01_DT0000205230", "pixel_count": 27, "approx_area_m2": 24300.0, "centroid_x": 719861.1111111111, "centroid_y": 9516101.111111112, "mean_risk": 1.9630972146987915, "max_risk": 2.097456216812134, "median_risk": 1.9358763694763184, "high_priority_pixel_pct": 100.0, "priority_category": "HIGH PRIORITY", "threshold_type": "95th percentile prioritisation threshold", "recommendation": "Spectral-stress evidence detected. Prioritise field inspection to determine the underlying cause. Field verification required.", "priority_rank": 338}}, {"type": "Feature", "geometry": {"type": "Polygon", "coordinates": [[[728175.0, 9515745.0], [728175.0, 9515685.0], [728085.0, 9515685.0], [728085.0, 9515655.0], [728055.0, 9515655.0], [728055.0, 9515625.0], [727995.0, 9515625.0], [727995.0, 9515655.0], [727935.0, 9515655.0], [727935.0, 9515685.0], [727905.0, 9515685.0], [727905.0, 9515625.0], [727965.0, 9515625.0], [727965.0, 9515595.0], [727995.0, 9515595.0], [727995.0, 9515565.0], [728025.0, 9515565.0], [728025.0, 9515535.0], [728085.0, 9515535.0], [728085.0, 9515565.0], [728115.0, 9515565.0], [728115.0, 9515595.0], [728235.0, 9515595.0], [728235.0, 9515625.0], [728295.0, 9515625.0], [728295.0, 9515715.0], [728235.0, 9515715.0], [728235.0, 9515745.0], [728175.0, 9515745.0]]]}, "properties": {"zone_id": "scene_01_DT0000205230-Z0359", "scene": "scene_01_DT0000205230", "pixel_count": 162, "approx_area_m2": 145800.0, "centroid_x": 728135.5555555555, "centroid_y": 9515888.888888888, "mean_risk": 2.210880994796753, "max_risk": 2.7501981258392334, "median_risk": 2.1458816528320312, "high_priority_pixel_pct": 100.0, "priority_category": "HIGH PRIORITY", "threshold_type": "95th percentile prioritisation threshold", "recommendation": "Spectral-stress evidence detected. Prioritise field inspection to determine the underlying cause. Field verification required.", "priority_rank": 46}}, {"type": "Feature", "geometry": {"type": "Polygon", "coordinates": [[[720015.0, 9516105.0], [720015.0, 9516015.0], [720045.0, 9516015.0], [720045.0, 9515985.0], [720075.0, 9515985.0], [720075.0, 9516015.0], [720105.0, 9516015.0], [720105.0, 9516075.0], [720075.0, 9516075.0], [720075.0, 9516105.0], [720015.0, 9516105.0]]]}, "properties": {"zone_id": "scene_01_DT0000205230-Z0360", "scene": "scene_01_DT0000205230", "pixel_count": 9, "approx_area_m2": 8100.0, "centroid_x": 720056.6666666666, "centroid_y": 9516050.0, "mean_risk": 1.977967619895935, "max_risk": 2.0915369987487793, "median_risk": 1.9696004390716553, "high_priority_pixel_pct": 100.0, "priority_category": "HIGH PRIORITY", "threshold_type": "95th percentile prioritisation threshold", "recommendation": "Spectral-stress evidence detected. Prioritise field inspection to determine the underlying cause. Field verification required.", "priority_rank": 313}}, {"type": "Feature", "geometry": {"type": "Polygon", "coordinates": [[[734685.0, 9516105.0], [734685.0, 9516075.0], [734595.0, 9516075.0], [734595.0, 9516045.0], [734625.0, 9516045.0], [734625.0, 9516015.0], [734565.0, 9516015.0], [734565.0, 9515985.0], [734505.0, 9515985.0], [734505.0, 9515925.0], [734535.0, 9515925.0], [734535.0, 9515895.0], [734625.0, 9515895.0], [734625.0, 9515985.0], [734685.0, 9515985.0], [734685.0, 9515955.0], [734715.0, 9515955.0], [734715.0, 9515925.0], [734745.0, 9515925.0], [734745.0, 9515955.0], [734805.0, 9515955.0], [734805.0, 9516015.0], [734865.0, 9516015.0], [734865.0, 9516045.0], [734835.0, 9516045.0], [734835.0, 9516075.0], [734775.0, 9516075.0], [734775.0, 9516105.0], [734685.0, 9516105.0]]]}, "properties": {"zone_id": "scene_01_DT0000205230-Z0361", "scene": "scene_01_DT0000205230", "pixel_count": 43, "approx_area_m2": 38700.0, "centroid_x": 734681.8604651163, "centroid_y": 9516004.186046511, "mean_risk": 2.026017189025879, "max_risk": 2.1707606315612793, "median_risk": 2.015897274017334, "high_priority_pixel_pct": 100.0, "priority_category": "HIGH PRIORITY", "threshold_type": "95th percentile prioritisation threshold", "recommendation": "Spectral-stress evidence detected. Prioritise field inspection to determine the underlying cause. Field verification required.", "priority_rank": 222}}, {"type": "Feature", "geometry": {"type": "Polygon", "coordinates": [[[735555.0, 9516075.0], [735555.0, 9516045.0], [735525.0, 9516045.0], [735525.0, 9515985.0], [735585.0, 9515985.0], [735585.0, 9515955.0], [735495.0, 9515955.0], [735495.0, 9515925.0], [735525.0, 9515925.0], [735525.0, 9515895.0], [735555.0, 9515895.0], [735555.0, 9515775.0], [735585.0, 9515775.0], [735585.0, 9515745.0], [735615.0, 9515745.0], [735615.0, 9515715.0], [735645.0, 9515715.0], [735645.0, 9515685.0], [735675.0, 9515685.0], [735675.0, 9515625.0], [735705.0, 9515625.0], [735705.0, 9515595.0], [735735.0, 9515595.0], [735735.0, 9515565.0], [735795.0, 9515565.0], [735795.0, 9515535.0], [735885.0, 9515535.0], [735885.0, 9515505.0], [735915.0, 9515505.0], [735915.0, 9515475.0], [735945.0, 9515475.0], [735945.0, 9515565.0], [735975.0, 9515565.0], [735975.0, 9515655.0], [735945.0, 9515655.0], [735945.0, 9515685.0], [735885.0, 9515685.0], [735885.0, 9515655.0], [735825.0, 9515655.0], [735825.0, 9515685.0], [735795.0, 9515685.0], [735795.0, 9515715.0], [735705.0, 9515715.0], [735705.0, 9515745.0], [735675.0, 9515745.0], [735675.0, 9515895.0], [735645.0, 9515895.0], [735645.0, 9515955.0], [735615.0, 9515955.0], [735615.0, 9516045.0], [735585.0, 9516045.0], [735585.0, 9516075.0], [735555.0, 9516075.0]]]}, "properties": {"zone_id": "scene_01_DT0000205230-Z0362", "scene": "scene_01_DT0000205230", "pixel_count": 86, "approx_area_m2": 77400.0, "centroid_x": 735725.9302325582, "centroid_y": 9515735.930232558, "mean_risk": 2.123263120651245, "max_risk": 2.5112433433532715, "median_risk": 2.1133522987365723, "high_priority_pixel_pct": 100.0, "priority_category": "HIGH PRIORITY", "threshold_type": "95th percentile prioritisation threshold", "recommendation": "Spectral-stress evidence detected. Prioritise field inspection to determine the underlying cause. Field verification required.", "priority_rank": 104}}, {"type": "Feature", "geometry": {"type": "Polygon", "coordinates": [[[728655.0, 9516045.0], [728655.0, 9516015.0], [728625.0, 9516015.0], [728625.0, 9515955.0], [728595.0, 9515955.0], [728595.0, 9515865.0], [728625.0, 9515865.0], [728625.0, 9515835.0], [728685.0, 9515835.0], [728685.0, 9515805.0], [728775.0, 9515805.0], [728775.0, 9515775.0], [728805.0, 9515775.0], [728805.0, 9515625.0], [728835.0, 9515625.0], [728835.0, 9515595.0], [728925.0, 9515595.0], [728925.0, 9515625.0], [728955.0, 9515625.0], [728955.0, 9515655.0], [728925.0, 9515655.0], [728925.0, 9515685.0], [728895.0, 9515685.0], [728895.0, 9515715.0], [728985.0, 9515715.0], [728985.0, 9515745.0], [729015.0, 9515745.0], [729015.0, 9515805.0], [728985.0, 9515805.0], [728985.0, 9515835.0], [728955.0, 9515835.0], [728955.0, 9515865.0], [728865.0, 9515865.0], [728865.0, 9515895.0], [728775.0, 9515895.0], [728775.0, 9515955.0], [728835.0, 9515955.0], [728835.0, 9516015.0], [728745.0, 9516015.0], [728745.0, 9516045.0], [728655.0, 9516045.0]]]}, "properties": {"zone_id": "scene_01_DT0000205230-Z0363", "scene": "scene_01_DT0000205230", "pixel_count": 95, "approx_area_m2": 85500.0, "centroid_x": 728801.052631579, "centroid_y": 9515834.52631579, "mean_risk": 2.0996761322021484, "max_risk": 2.365595579147339, "median_risk": 2.107081890106201, "high_priority_pixel_pct": 100.0, "priority_category": "HIGH PRIORITY", "threshold_type": "95th percentile prioritisation threshold", "recommendation": "Spectral-stress evidence detected. Prioritise field inspection to determine the underlying cause. Field verification required.", "priority_rank": 128}}, {"type": "Feature", "geometry": {"type": "Polygon", "coordinates": [[[727815.0, 9515895.0], [727815.0, 9515865.0], [727695.0, 9515865.0], [727695.0, 9515775.0], [727725.0, 9515775.0], [727725.0, 9515745.0], [727815.0, 9515745.0], [727815.0, 9515715.0], [727785.0, 9515715.0], [727785.0, 9515685.0], [727755.0, 9515685.0], [727755.0, 9515655.0], [727725.0, 9515655.0], [727725.0, 9515625.0], [727695.0, 9515625.0], [727695.0, 9515595.0], [727665.0, 9515595.0], [727665.0, 9515565.0], [727695.0, 9515565.0], [727695.0, 9515505.0], [727665.0, 9515505.0], [727665.0, 9515385.0], [727695.0, 9515385.0], [727695.0, 9515415.0], [727725.0, 9515415.0], [727725.0, 9515475.0], [727785.0, 9515475.0], [727785.0, 9515385.0], [727845.0, 9515385.0], [727845.0, 9515355.0], [727935.0, 9515355.0], [727935.0, 9515295.0], [727905.0, 9515295.0], [727905.0, 9515265.0], [727935.0, 9515265.0], [727935.0, 9515205.0], [728055.0, 9515205.0], [728055.0, 9515235.0], [728145.0, 9515235.0], [728145.0, 9515295.0], [728175.0, 9515295.0], [728175.0, 9515355.0], [728145.0, 9515355.0], [728145.0, 9515445.0], [728175.0, 9515445.0], [728175.0, 9515505.0], [728115.0, 9515505.0], [728115.0, 9515445.0], [728025.0, 9515445.0], [728025.0, 9515505.0], [727995.0, 9515505.0], [727995.0, 9515535.0], [727785.0, 9515535.0], [727785.0, 9515595.0], [727815.0, 9515595.0], [727815.0, 9515625.0], [727845.0, 9515625.0], [727845.0, 9515715.0], [727875.0, 9515715.0], [727875.0, 9515835.0], [727905.0, 9515835.0], [727905.0, 9515865.0], [727875.0, 9515865.0], [727875.0, 9515895.0], [727815.0, 9515895.0]]]}, "properties": {"zone_id": "scene_01_DT0000205230-Z0364", "scene": "scene_01_DT0000205230", "pixel_count": 156, "approx_area_m2": 140400.0, "centroid_x": 727904.0384615385, "centroid_y": 9515497.307692308, "mean_risk": 2.1380772590637207, "max_risk": 2.7489302158355713, "median_risk": 2.0929031372070312, "high_priority_pixel_pct": 100.0, "priority_category": "HIGH PRIORITY", "threshold_type": "95th percentile prioritisation threshold", "recommendation": "Spectral-stress evidence detected. Prioritise field inspection to determine the underlying cause. Field verification required.", "priority_rank": 91}}, {"type": "Feature", "geometry": {"type": "Polygon", "coordinates": [[[734895.0, 9514335.0], [734895.0, 9514155.0], [734925.0, 9514155.0], [734925.0, 9514125.0], [734955.0, 9514125.0], [734955.0, 9514095.0], [735015.0, 9514095.0], [735015.0, 9514125.0], [734985.0, 9514125.0], [734985.0, 9514155.0], [734955.0, 9514155.0], [734955.0, 9514185.0], [734925.0, 9514185.0], [734925.0, 9514245.0], [734955.0, 9514245.0], [734955.0, 9514275.0], [734925.0, 9514275.0], [734925.0, 9514305.0], [734955.0, 9514305.0], [734955.0, 9514335.0], [734895.0, 9514335.0]]]}, "properties": {"zone_id": "scene_01_DT0000205230-Z0365", "scene": "scene_01_DT0000205230", "pixel_count": 550, "approx_area_m2": 495000.0, "centroid_x": 734785.9090909091, "centroid_y": 9514968.545454545, "mean_risk": 2.103400707244873, "max_risk": 2.632546901702881, "median_risk": 2.0828866958618164, "high_priority_pixel_pct": 100.0, "priority_category": "HIGH PRIORITY", "threshold_type": "95th percentile prioritisation threshold", "recommendation": "Spectral-stress evidence detected. Prioritise field inspection to determine the underlying cause. Field verification required.", "priority_rank": 126}}, {"type": "Feature", "geometry": {"type": "Polygon", "coordinates": [[[734745.0, 9515805.0], [734745.0, 9515745.0], [734805.0, 9515745.0], [734805.0, 9515715.0], [734865.0, 9515715.0], [734865.0, 9515775.0], [734835.0, 9515775.0], [734835.0, 9515805.0], [734745.0, 9515805.0]]]}, "properties": {"zone_id": "scene_01_DT0000205230-Z0366", "scene": "scene_01_DT0000205230", "pixel_count": 9, "approx_area_m2": 8100.0, "centroid_x": 734806.6666666666, "centroid_y": 9515763.333333334, "mean_risk": 2.1166560649871826, "max_risk": 2.242997884750366, "median_risk": 2.1100661754608154, "high_priority_pixel_pct": 100.0, "priority_category": "HIGH PRIORITY", "threshold_type": "95th percentile prioritisation threshold", "recommendation": "Spectral-stress evidence detected. Prioritise field inspection to determine the underlying cause. Field verification required.", "priority_rank": 115}}, {"type": "Feature", "geometry": {"type": "Polygon", "coordinates": [[[716535.0, 9515685.0], [716535.0, 9515565.0], [716565.0, 9515565.0], [716565.0, 9515475.0], [716625.0, 9515475.0], [716625.0, 9515655.0], [716595.0, 9515655.0], [716595.0, 9515685.0], [716535.0, 9515685.0]]]}, "properties": {"zone_id": "scene_01_DT0000205230-Z0367", "scene": "scene_01_DT0000205230", "pixel_count": 17, "approx_area_m2": 15300.0, "centroid_x": 716583.5294117647, "centroid_y": 9515585.294117646, "mean_risk": 2.126100540161133, "max_risk": 2.3848564624786377, "median_risk": 2.149646520614624, "high_priority_pixel_pct": 100.0, "priority_category": "HIGH PRIORITY", "threshold_type": "95th percentile prioritisation threshold", "recommendation": "Spectral-stress evidence detected. Prioritise field inspection to determine the underlying cause. Field verification required.", "priority_rank": 100}}, {"type": "Feature", "geometry": {"type": "Polygon", "coordinates": [[[729015.0, 9515595.0], [729015.0, 9515565.0], [728925.0, 9515565.0], [728925.0, 9515535.0], [729015.0, 9515535.0], [729015.0, 9515505.0], [729075.0, 9515505.0], [729075.0, 9515595.0], [729015.0, 9515595.0]]]}, "properties": {"zone_id": "scene_01_DT0000205230-Z0368", "scene": "scene_01_DT0000205230", "pixel_count": 9, "approx_area_m2": 8100.0, "centroid_x": 729020.0, "centroid_y": 9515550.0, "mean_risk": 1.9367942810058594, "max_risk": 2.036116123199463, "median_risk": 1.9331114292144775, "high_priority_pixel_pct": 100.0, "priority_category": "HIGH PRIORITY", "threshold_type": "95th percentile prioritisation threshold", "recommendation": "Spectral-stress evidence detected. Prioritise field inspection to determine the underlying cause. Field verification required.", "priority_rank": 383}}, {"type": "Feature", "geometry": {"type": "Polygon", "coordinates": [[[722355.0, 9515565.0], [722355.0, 9515535.0], [722325.0, 9515535.0], [722325.0, 9515475.0], [722265.0, 9515475.0], [722265.0, 9515445.0], [722235.0, 9515445.0], [722235.0, 9515355.0], [722265.0, 9515355.0], [722265.0, 9515325.0], [722325.0, 9515325.0], [722325.0, 9515265.0], [722355.0, 9515265.0], [722355.0, 9515235.0], [722445.0, 9515235.0], [722445.0, 9515205.0], [722475.0, 9515205.0], [722475.0, 9515175.0], [722565.0, 9515175.0], [722565.0, 9515205.0], [722625.0, 9515205.0], [722625.0, 9515385.0], [722595.0, 9515385.0], [722595.0, 9515415.0], [722565.0, 9515415.0], [722565.0, 9515475.0], [722505.0, 9515475.0], [722505.0, 9515505.0], [722475.0, 9515505.0], [722475.0, 9515535.0], [722415.0, 9515535.0], [722415.0, 9515565.0], [722355.0, 9515565.0]]]}, "properties": {"zone_id": "scene_01_DT0000205230-Z0369", "scene": "scene_01_DT0000205230", "pixel_count": 109, "approx_area_m2": 98100.0, "centroid_x": 722444.0366972478, "centroid_y": 9515364.220183486, "mean_risk": 2.273289203643799, "max_risk": 2.8860652446746826, "median_risk": 2.2708537578582764, "high_priority_pixel_pct": 100.0, "priority_category": "HIGH PRIORITY", "threshold_type": "95th percentile prioritisation threshold", "recommendation": "Spectral-stress evidence detected. Prioritise field inspection to determine the underlying cause. Field verification required.", "priority_rank": 27}}, {"type": "Feature", "geometry": {"type": "Polygon", "coordinates": [[[716085.0, 9515475.0], [716085.0, 9515445.0], [715995.0, 9515445.0], [715995.0, 9515415.0], [715965.0, 9515415.0], [715965.0, 9515355.0], [716025.0, 9515355.0], [716025.0, 9515205.0], [715995.0, 9515205.0], [715995.0, 9515175.0], [716025.0, 9515175.0], [716025.0, 9515145.0], [716055.0, 9515145.0], [716055.0, 9515115.0], [716085.0, 9515115.0], [716085.0, 9515085.0], [716115.0, 9515085.0], [716115.0, 9515115.0], [716145.0, 9515115.0], [716145.0, 9515085.0], [716175.0, 9515085.0], [716175.0, 9515025.0], [716235.0, 9515025.0], [716235.0, 9515145.0], [716205.0, 9515145.0], [716205.0, 9515325.0], [716175.0, 9515325.0], [716175.0, 9515385.0], [716145.0, 9515385.0], [716145.0, 9515475.0], [716085.0, 9515475.0]]]}, "properties": {"zone_id": "scene_01_DT0000205230-Z0370", "scene": "scene_01_DT0000205230", "pixel_count": 76, "approx_area_m2": 68400.0, "centroid_x": 716110.6578947369, "centroid_y": 9515260.657894736, "mean_risk": 2.1837470531463623, "max_risk": 2.7017812728881836, "median_risk": 2.1300244331359863, "high_priority_pixel_pct": 100.0, "priority_category": "HIGH PRIORITY", "threshold_type": "95th percentile prioritisation threshold", "recommendation": "Spectral-stress evidence detected. Prioritise field inspection to determine the underlying cause. Field verification required.", "priority_rank": 64}}, {"type": "Feature", "geometry": {"type": "Polygon", "coordinates": [[[717195.0, 9515355.0], [717195.0, 9515325.0], [717165.0, 9515325.0], [717165.0, 9515265.0], [717315.0, 9515265.0], [717315.0, 9515295.0], [717345.0, 9515295.0], [717345.0, 9515325.0], [717315.0, 9515325.0], [717315.0, 9515355.0], [717255.0, 9515355.0], [717255.0, 9515325.0], [717225.0, 9515325.0], [717225.0, 9515355.0], [717195.0, 9515355.0]]]}, "properties": {"zone_id": "scene_01_DT0000205230-Z0371", "scene": "scene_01_DT0000205230", "pixel_count": 14, "approx_area_m2": 12600.0, "centroid_x": 717250.7142857143, "centroid_y": 9515305.714285715, "mean_risk": 2.0175437927246094, "max_risk": 2.158097982406616, "median_risk": 2.014132499694824, "high_priority_pixel_pct": 100.0, "priority_category": "HIGH PRIORITY", "threshold_type": "95th percentile prioritisation threshold", "recommendation": "Spectral-stress evidence detected. Prioritise field inspection to determine the underlying cause. Field verification required.", "priority_rank": 237}}, {"type": "Feature", "geometry": {"type": "Polygon", "coordinates": [[[729405.0, 9515355.0], [729405.0, 9515325.0], [729375.0, 9515325.0], [729375.0, 9515295.0], [729315.0, 9515295.0], [729315.0, 9515235.0], [729195.0, 9515235.0], [729195.0, 9515205.0], [729165.0, 9515205.0], [729165.0, 9515145.0], [729195.0, 9515145.0], [729195.0, 9515115.0], [729135.0, 9515115.0], [729135.0, 9515085.0], [729105.0, 9515085.0], [729105.0, 9515025.0], [729165.0, 9515025.0], [729165.0, 9514935.0], [729135.0, 9514935.0], [729135.0, 9514905.0], [729165.0, 9514905.0], [729165.0, 9514875.0], [729195.0, 9514875.0], [729195.0, 9514845.0], [729225.0, 9514845.0], [729225.0, 9514785.0], [729195.0, 9514785.0], [729195.0, 9514725.0], [729165.0, 9514725.0], [729165.0, 9514695.0], [729195.0, 9514695.0], [729195.0, 9514605.0], [729285.0, 9514605.0], [729285.0, 9514545.0], [729345.0, 9514545.0], [729345.0, 9514575.0], [729405.0, 9514575.0], [729405.0, 9514485.0], [729465.0, 9514485.0], [729465.0, 9514455.0], [729495.0, 9514455.0], [729495.0, 9514515.0], [729465.0, 9514515.0], [729465.0, 9514755.0], [729525.0, 9514755.0], [729525.0, 9514785.0], [729555.0, 9514785.0], [729555.0, 9514755.0], [729615.0, 9514755.0], [729615.0, 9514785.0], [729645.0, 9514785.0], [729645.0, 9514845.0], [729585.0, 9514845.0], [729585.0, 9514875.0], [729555.0, 9514875.0], [729555.0, 9514935.0], [729525.0, 9514935.0], [729525.0, 9514995.0], [729495.0, 9514995.0], [729495.0, 9515025.0], [729525.0, 9515025.0], [729525.0, 9515265.0], [729495.0, 9515265.0], [729495.0, 9515325.0], [729465.0, 9515325.0], [729465.0, 9515355.0], [729405.0, 9515355.0]], [[729345.0, 9515085.0], [729375.0, 9515085.0], [729375.0, 9515055.0], [729345.0, 9515055.0], [729345.0, 9515085.0]]]}, "properties": {"zone_id": "scene_01_DT0000205230-Z0372", "scene": "scene_01_DT0000205230", "pixel_count": 283, "approx_area_m2": 254700.0, "centroid_x": 729361.1660777385, "centroid_y": 9514932.93286219, "mean_risk": 2.2165169715881348, "max_risk": 2.7610199451446533, "median_risk": 2.215515375137329, "high_priority_pixel_pct": 100.0, "priority_category": "HIGH PRIORITY", "threshold_type": "95th percentile prioritisation threshold", "recommendation": "Spectral-stress evidence detected. Prioritise field inspection to determine the underlying cause. Field verification required.", "priority_rank": 44}}, {"type": "Feature", "geometry": {"type": "Polygon", "coordinates": [[[736065.0, 9515355.0], [736065.0, 9515295.0], [736125.0, 9515295.0], [736125.0, 9515265.0], [736185.0, 9515265.0], [736185.0, 9515295.0], [736305.0, 9515295.0], [736305.0, 9515265.0], [736335.0, 9515265.0], [736335.0, 9515205.0], [736365.0, 9515205.0], [736365.0, 9515175.0], [736425.0, 9515175.0], [736425.0, 9515145.0], [736455.0, 9515145.0], [736455.0, 9515085.0], [736515.0, 9515085.0], [736515.0, 9515115.0], [736605.0, 9515115.0], [736605.0, 9515145.0], [736635.0, 9515145.0], [736635.0, 9515175.0], [736695.0, 9515175.0], [736695.0, 9515145.0], [736785.0, 9515145.0], [736785.0, 9515205.0], [736725.0, 9515205.0], [736725.0, 9515235.0], [736665.0, 9515235.0], [736665.0, 9515265.0], [736605.0, 9515265.0], [736605.0, 9515295.0], [736545.0, 9515295.0], [736545.0, 9515265.0], [736515.0, 9515265.0], [736515.0, 9515295.0], [736425.0, 9515295.0], [736425.0, 9515325.0], [736335.0, 9515325.0], [736335.0, 9515355.0], [736245.0, 9515355.0], [736245.0, 9515325.0], [736095.0, 9515325.0], [736095.0, 9515355.0], [736065.0, 9515355.0]]]}, "properties": {"zone_id": "scene_01_DT0000205230-Z0373", "scene": "scene_01_DT0000205230", "pixel_count": 82, "approx_area_m2": 73800.0, "centroid_x": 736465.9756097561, "centroid_y": 9515230.24390244, "mean_risk": 2.0990376472473145, "max_risk": 2.4826338291168213, "median_risk": 2.0679612159729004, "high_priority_pixel_pct": 100.0, "priority_category": "HIGH PRIORITY", "threshold_type": "95th percentile prioritisation threshold", "recommendation": "Spectral-stress evidence detected. Prioritise field inspection to determine the underlying cause. Field verification required.", "priority_rank": 130}}, {"type": "Feature", "geometry": {"type": "Polygon", "coordinates": [[[729675.0, 9515295.0], [729675.0, 9515265.0], [729645.0, 9515265.0], [729645.0, 9515175.0], [729675.0, 9515175.0], [729675.0, 9515115.0], [729645.0, 9515115.0], [729645.0, 9515085.0], [729675.0, 9515085.0], [729675.0, 9515055.0], [729705.0, 9515055.0], [729705.0, 9515085.0], [729735.0, 9515085.0], [729735.0, 9515055.0], [729825.0, 9515055.0], [729825.0, 9515085.0], [729795.0, 9515085.0], [729795.0, 9515115.0], [729855.0, 9515115.0], [729855.0, 9515175.0], [729825.0, 9515175.0], [729825.0, 9515235.0], [729765.0, 9515235.0], [729765.0, 9515265.0], [729705.0, 9515265.0], [729705.0, 9515295.0], [729675.0, 9515295.0]], [[729765.0, 9515145.0], [729795.0, 9515145.0], [729795.0, 9515115.0], [729765.0, 9515115.0], [729765.0, 9515145.0]]]}, "properties": {"zone_id": "scene_01_DT0000205230-Z0374", "scene": "scene_01_DT0000205230", "pixel_count": 37, "approx_area_m2": 33300.0, "centroid_x": 729739.4594594594, "centroid_y": 9515165.675675675, "mean_risk": 1.9948309659957886, "max_risk": 2.148709774017334, "median_risk": 1.9838740825653076, "high_priority_pixel_pct": 100.0, "priority_category": "HIGH PRIORITY", "threshold_type": "95th percentile prioritisation threshold", "recommendation": "Spectral-stress evidence detected. Prioritise field inspection to determine the underlying cause. Field verification required.", "priority_rank": 284}}, {"type": "Feature", "geometry": {"type": "Polygon", "coordinates": [[[717075.0, 9515235.0], [717075.0, 9515205.0], [717015.0, 9515205.0], [717015.0, 9515175.0], [717045.0, 9515175.0], [717045.0, 9515145.0], [717075.0, 9515145.0], [717075.0, 9515115.0], [717105.0, 9515115.0], [717105.0, 9515085.0], [717195.0, 9515085.0], [717195.0, 9515175.0], [717165.0, 9515175.0], [717165.0, 9515235.0], [717075.0, 9515235.0]]]}, "properties": {"zone_id": "scene_01_DT0000205230-Z0375", "scene": "scene_01_DT0000205230", "pixel_count": 20, "approx_area_m2": 18000.0, "centroid_x": 717120.0, "centroid_y": 9515161.5, "mean_risk": 1.9661569595336914, "max_risk": 2.0632472038269043, "median_risk": 1.9593913555145264, "high_priority_pixel_pct": 100.0, "priority_category": "HIGH PRIORITY", "threshold_type": "95th percentile prioritisation threshold", "recommendation": "Spectral-stress evidence detected. Prioritise field inspection to determine the underlying cause. Field verification required.", "priority_rank": 334}}, {"type": "Feature", "geometry": {"type": "Polygon", "coordinates": [[[717825.0, 9515115.0], [717825.0, 9515025.0], [717855.0, 9515025.0], [717855.0, 9514905.0], [717885.0, 9514905.0], [717885.0, 9514875.0], [717945.0, 9514875.0], [717945.0, 9514905.0], [718035.0, 9514905.0], [718035.0, 9514995.0], [718005.0, 9514995.0], [718005.0, 9515025.0], [717975.0, 9515025.0], [717975.0, 9515055.0], [717945.0, 9515055.0], [717945.0, 9515115.0], [717825.0, 9515115.0]]]}, "properties": {"zone_id": "scene_01_DT0000205230-Z0376", "scene": "scene_01_DT0000205230", "pixel_count": 38, "approx_area_m2": 34200.0, "centroid_x": 717922.8947368421, "centroid_y": 9514995.0, "mean_risk": 2.0365958213806152, "max_risk": 2.190890312194824, "median_risk": 2.03139591217041, "high_priority_pixel_pct": 100.0, "priority_category": "HIGH PRIORITY", "threshold_type": "95th percentile prioritisation threshold", "recommendation": "Spectral-stress evidence detected. Prioritise field inspection to determine the underlying cause. Field verification required.", "priority_rank": 208}}, {"type": "Feature", "geometry": {"type": "Polygon", "coordinates": [[[736665.0, 9515115.0], [736665.0, 9515085.0], [736605.0, 9515085.0], [736605.0, 9515055.0], [736575.0, 9515055.0], [736575.0, 9515025.0], [736515.0, 9515025.0], [736515.0, 9514995.0], [736545.0, 9514995.0], [736545.0, 9514965.0], [736575.0, 9514965.0], [736575.0, 9514995.0], [736695.0, 9514995.0], [736695.0, 9515055.0], [736845.0, 9515055.0], [736845.0, 9515115.0], [736665.0, 9515115.0]]]}, "properties": {"zone_id": "scene_01_DT0000205230-Z0377", "scene": "scene_01_DT0000205230", "pixel_count": 25, "approx_area_m2": 22500.0, "centroid_x": 736682.4, "centroid_y": 9515054.4, "mean_risk": 2.0005223751068115, "max_risk": 2.19132924079895, "median_risk": 1.9937231540679932, "high_priority_pixel_pct": 100.0, "priority_category": "HIGH PRIORITY", "threshold_type": "95th percentile prioritisation threshold", "recommendation": "Spectral-stress evidence detected. Prioritise field inspection to determine the underlying cause. Field verification required.", "priority_rank": 276}}, {"type": "Feature", "geometry": {"type": "Polygon", "coordinates": [[[726705.0, 9515085.0], [726705.0, 9515055.0], [726675.0, 9515055.0], [726675.0, 9515025.0], [726705.0, 9515025.0], [726705.0, 9514995.0], [726735.0, 9514995.0], [726735.0, 9514965.0], [726765.0, 9514965.0], [726765.0, 9514995.0], [726795.0, 9514995.0], [726795.0, 9515025.0], [726765.0, 9515025.0], [726765.0, 9515085.0], [726705.0, 9515085.0]]]}, "properties": {"zone_id": "scene_01_DT0000205230-Z0378", "scene": "scene_01_DT0000205230", "pixel_count": 9, "approx_area_m2": 8100.0, "centroid_x": 726736.6666666666, "centroid_y": 9515030.0, "mean_risk": 2.019716739654541, "max_risk": 2.1599791049957275, "median_risk": 2.0373709201812744, "high_priority_pixel_pct": 100.0, "priority_category": "HIGH PRIORITY", "threshold_type": "95th percentile prioritisation threshold", "recommendation": "Spectral-stress evidence detected. Prioritise field inspection to determine the underlying cause. Field verification required.", "priority_rank": 230}}, {"type": "Feature", "geometry": {"type": "Polygon", "coordinates": [[[727035.0, 9514815.0], [727035.0, 9514785.0], [726825.0, 9514785.0], [726825.0, 9514755.0], [726795.0, 9514755.0], [726795.0, 9514725.0], [726825.0, 9514725.0], [726825.0, 9514695.0], [726945.0, 9514695.0], [726945.0, 9514665.0], [726975.0, 9514665.0], [726975.0, 9514635.0], [727035.0, 9514635.0], [727035.0, 9514605.0], [727155.0, 9514605.0], [727155.0, 9514575.0], [727215.0, 9514575.0], [727215.0, 9514515.0], [727245.0, 9514515.0], [727245.0, 9514545.0], [727305.0, 9514545.0], [727305.0, 9514605.0], [727275.0, 9514605.0], [727275.0, 9514635.0], [727245.0, 9514635.0], [727245.0, 9514695.0], [727215.0, 9514695.0], [727215.0, 9514725.0], [727155.0, 9514725.0], [727155.0, 9514755.0], [727065.0, 9514755.0], [727065.0, 9514815.0], [727035.0, 9514815.0]]]}, "properties": {"zone_id": "scene_01_DT0000205230-Z0379", "scene": "scene_01_DT0000205230", "pixel_count": 71, "approx_area_m2": 63900.0, "centroid_x": 727070.2816901408, "centroid_y": 9514685.492957747, "mean_risk": 2.0606119632720947, "max_risk": 2.362497568130493, "median_risk": 2.023899555206299, "high_priority_pixel_pct": 100.0, "priority_category": "HIGH PRIORITY", "threshold_type": "95th percentile prioritisation threshold", "recommendation": "Spectral-stress evidence detected. Prioritise field inspection to determine the underlying cause. Field verification required.", "priority_rank": 170}}, {"type": "Feature", "geometry": {"type": "Polygon", "coordinates": [[[728115.0, 9514845.0], [728115.0, 9514755.0], [728145.0, 9514755.0], [728145.0, 9514725.0], [728205.0, 9514725.0], [728205.0, 9514815.0], [728175.0, 9514815.0], [728175.0, 9514845.0], [728115.0, 9514845.0]]]}, "properties": {"zone_id": "scene_01_DT0000205230-Z0380", "scene": "scene_01_DT0000205230", "pixel_count": 10, "approx_area_m2": 9000.0, "centroid_x": 728160.0, "centroid_y": 9514785.0, "mean_risk": 1.9571540355682373, "max_risk": 2.028843879699707, "median_risk": 1.9453274011611938, "high_priority_pixel_pct": 100.0, "priority_category": "HIGH PRIORITY", "threshold_type": "95th percentile prioritisation threshold", "recommendation": "Spectral-stress evidence detected. Prioritise field inspection to determine the underlying cause. Field verification required.", "priority_rank": 351}}, {"type": "Feature", "geometry": {"type": "Polygon", "coordinates": [[[729885.0, 9514845.0], [729885.0, 9514815.0], [729825.0, 9514815.0], [729825.0, 9514785.0], [729855.0, 9514785.0], [729855.0, 9514755.0], [729885.0, 9514755.0], [729885.0, 9514725.0], [729915.0, 9514725.0], [729915.0, 9514695.0], [730005.0, 9514695.0], [730005.0, 9514785.0], [729975.0, 9514785.0], [729975.0, 9514815.0], [729915.0, 9514815.0], [729915.0, 9514845.0], [729885.0, 9514845.0]]]}, "properties": {"zone_id": "scene_01_DT0000205230-Z0381", "scene": "scene_01_DT0000205230", "pixel_count": 18, "approx_area_m2": 16200.0, "centroid_x": 729928.3333333334, "centroid_y": 9514765.0, "mean_risk": 2.0286829471588135, "max_risk": 2.1954543590545654, "median_risk": 2.0071206092834473, "high_priority_pixel_pct": 100.0, "priority_category": "HIGH PRIORITY", "threshold_type": "95th percentile prioritisation threshold", "recommendation": "Spectral-stress evidence detected. Prioritise field inspection to determine the underlying cause. Field verification required.", "priority_rank": 217}}, {"type": "Feature", "geometry": {"type": "Polygon", "coordinates": [[[722205.0, 9514785.0], [722205.0, 9514755.0], [722115.0, 9514755.0], [722115.0, 9514695.0], [722145.0, 9514695.0], [722145.0, 9514725.0], [722175.0, 9514725.0], [722175.0, 9514695.0], [722205.0, 9514695.0], [722205.0, 9514665.0], [722355.0, 9514665.0], [722355.0, 9514725.0], [722295.0, 9514725.0], [722295.0, 9514755.0], [722235.0, 9514755.0], [722235.0, 9514785.0], [722205.0, 9514785.0]]]}, "properties": {"zone_id": "scene_01_DT0000205230-Z0382", "scene": "scene_01_DT0000205230", "pixel_count": 19, "approx_area_m2": 17100.0, "centroid_x": 722240.5263157894, "centroid_y": 9514714.736842105, "mean_risk": 2.007795572280884, "max_risk": 2.1718509197235107, "median_risk": 1.9848226308822632, "high_priority_pixel_pct": 100.0, "priority_category": "HIGH PRIORITY", "threshold_type": "95th percentile prioritisation threshold", "recommendation": "Spectral-stress evidence detected. Prioritise field inspection to determine the underlying cause. Field verification required.", "priority_rank": 252}}, {"type": "Feature", "geometry": {"type": "Polygon", "coordinates": [[[735135.0, 9514695.0], [735135.0, 9514575.0], [735165.0, 9514575.0], [735165.0, 9514515.0], [735195.0, 9514515.0], [735195.0, 9514425.0], [735255.0, 9514425.0], [735255.0, 9514335.0], [735435.0, 9514335.0], [735435.0, 9514365.0], [735495.0, 9514365.0], [735495.0, 9514335.0], [735525.0, 9514335.0], [735525.0, 9514365.0], [735585.0, 9514365.0], [735585.0, 9514425.0], [735555.0, 9514425.0], [735555.0, 9514485.0], [735525.0, 9514485.0], [735525.0, 9514515.0], [735495.0, 9514515.0], [735495.0, 9514545.0], [735345.0, 9514545.0], [735345.0, 9514575.0], [735315.0, 9514575.0], [735315.0, 9514605.0], [735285.0, 9514605.0], [735285.0, 9514635.0], [735255.0, 9514635.0], [735255.0, 9514695.0], [735135.0, 9514695.0]]]}, "properties": {"zone_id": "scene_01_DT0000205230-Z0383", "scene": "scene_01_DT0000205230", "pixel_count": 100, "approx_area_m2": 90000.0, "centroid_x": 735339.0, "centroid_y": 9514487.1, "mean_risk": 2.0376203060150146, "max_risk": 2.305253267288208, "median_risk": 2.026120185852051, "high_priority_pixel_pct": 100.0, "priority_category": "HIGH PRIORITY", "threshold_type": "95th percentile prioritisation threshold", "recommendation": "Spectral-stress evidence detected. Prioritise field inspection to determine the underlying cause. Field verification required.", "priority_rank": 206}}, {"type": "Feature", "geometry": {"type": "Polygon", "coordinates": [[[727995.0, 9514605.0], [727995.0, 9514575.0], [727965.0, 9514575.0], [727965.0, 9514515.0], [727995.0, 9514515.0], [727995.0, 9514485.0], [728055.0, 9514485.0], [728055.0, 9514455.0], [728145.0, 9514455.0], [728145.0, 9514425.0], [728175.0, 9514425.0], [728175.0, 9514305.0], [728205.0, 9514305.0], [728205.0, 9514275.0], [728235.0, 9514275.0], [728235.0, 9514215.0], [728205.0, 9514215.0], [728205.0, 9514185.0], [728175.0, 9514185.0], [728175.0, 9514155.0], [728235.0, 9514155.0], [728235.0, 9514125.0], [728265.0, 9514125.0], [728265.0, 9514155.0], [728295.0, 9514155.0], [728295.0, 9514215.0], [728265.0, 9514215.0], [728265.0, 9514305.0], [728235.0, 9514305.0], [728235.0, 9514335.0], [728205.0, 9514335.0], [728205.0, 9514425.0], [728265.0, 9514425.0], [728265.0, 9514485.0], [728235.0, 9514485.0], [728235.0, 9514515.0], [728175.0, 9514515.0], [728175.0, 9514545.0], [728145.0, 9514545.0], [728145.0, 9514575.0], [728055.0, 9514575.0], [728055.0, 9514605.0], [727995.0, 9514605.0]]]}, "properties": {"zone_id": "scene_01_DT0000205230-Z0384", "scene": "scene_01_DT0000205230", "pixel_count": 51, "approx_area_m2": 45900.0, "centroid_x": 728149.4117647059, "centroid_y": 9514422.94117647, "mean_risk": 2.048079490661621, "max_risk": 2.3389060497283936, "median_risk": 2.0212035179138184, "high_priority_pixel_pct": 100.0, "priority_category": "HIGH PRIORITY", "threshold_type": "95th percentile prioritisation threshold", "recommendation": "Spectral-stress evidence detected. Prioritise field inspection to determine the underlying cause. Field verification required.", "priority_rank": 189}}, {"type": "Feature", "geometry": {"type": "Polygon", "coordinates": [[[730095.0, 9514545.0], [730095.0, 9514515.0], [729975.0, 9514515.0], [729975.0, 9514455.0], [730005.0, 9514455.0], [730005.0, 9514425.0], [730035.0, 9514425.0], [730035.0, 9514395.0], [730005.0, 9514395.0], [730005.0, 9514335.0], [730035.0, 9514335.0], [730035.0, 9514305.0], [730155.0, 9514305.0], [730155.0, 9514275.0], [730215.0, 9514275.0], [730215.0, 9514305.0], [730245.0, 9514305.0], [730245.0, 9514335.0], [730275.0, 9514335.0], [730275.0, 9514365.0], [730245.0, 9514365.0], [730245.0, 9514425.0], [730215.0, 9514425.0], [730215.0, 9514485.0], [730185.0, 9514485.0], [730185.0, 9514515.0], [730125.0, 9514515.0], [730125.0, 9514545.0], [730095.0, 9514545.0]]]}, "properties": {"zone_id": "scene_01_DT0000205230-Z0385", "scene": "scene_01_DT0000205230", "pixel_count": 56, "approx_area_m2": 50400.0, "centroid_x": 730121.25, "centroid_y": 9514406.25, "mean_risk": 2.096536874771118, "max_risk": 2.302121162414551, "median_risk": 2.1102471351623535, "high_priority_pixel_pct": 100.0, "priority_category": "HIGH PRIORITY", "threshold_type": "95th percentile prioritisation threshold", "recommendation": "Spectral-stress evidence detected. Prioritise field inspection to determine the underlying cause. Field verification required.", "priority_rank": 133}}, {"type": "Feature", "geometry": {"type": "Polygon", "coordinates": [[[718335.0, 9514425.0], [718335.0, 9514365.0], [718365.0, 9514365.0], [718365.0, 9514335.0], [718395.0, 9514335.0], [718395.0, 9514305.0], [718365.0, 9514305.0], [718365.0, 9514245.0], [718395.0, 9514245.0], [718395.0, 9514185.0], [718455.0, 9514185.0], [718455.0, 9514245.0], [718485.0, 9514245.0], [718485.0, 9514275.0], [718455.0, 9514275.0], [718455.0, 9514335.0], [718485.0, 9514335.0], [718485.0, 9514365.0], [718515.0, 9514365.0], [718515.0, 9514395.0], [718485.0, 9514395.0], [718485.0, 9514425.0], [718335.0, 9514425.0]]]}, "properties": {"zone_id": "scene_01_DT0000205230-Z0386", "scene": "scene_01_DT0000205230", "pixel_count": 28, "approx_area_m2": 25200.0, "centroid_x": 718420.7142857143, "centroid_y": 9514326.42857143, "mean_risk": 2.0101094245910645, "max_risk": 2.19930100440979, "median_risk": 2.0110340118408203, "high_priority_pixel_pct": 100.0, "priority_category": "HIGH PRIORITY", "threshold_type": "95th percentile prioritisation threshold", "recommendation": "Spectral-stress evidence detected. Prioritise field inspection to determine the underlying cause. Field verification required.", "priority_rank": 248}}, {"type": "Feature", "geometry": {"type": "Polygon", "coordinates": [[[727935.0, 9514335.0], [727935.0, 9514305.0], [727905.0, 9514305.0], [727905.0, 9514275.0], [727875.0, 9514275.0], [727875.0, 9514215.0], [727905.0, 9514215.0], [727905.0, 9514155.0], [727935.0, 9514155.0], [727935.0, 9514125.0], [727995.0, 9514125.0], [727995.0, 9514245.0], [727965.0, 9514245.0], [727965.0, 9514335.0], [727935.0, 9514335.0]]]}, "properties": {"zone_id": "scene_01_DT0000205230-Z0387", "scene": "scene_01_DT0000205230", "pixel_count": 18, "approx_area_m2": 16200.0, "centroid_x": 727941.6666666666, "centroid_y": 9514221.666666666, "mean_risk": 1.9904024600982666, "max_risk": 2.087834596633911, "median_risk": 1.9763820171356201, "high_priority_pixel_pct": 100.0, "priority_category": "HIGH PRIORITY", "threshold_type": "95th percentile prioritisation threshold", "recommendation": "Spectral-stress evidence detected. Prioritise field inspection to determine the underlying cause. Field verification required.", "priority_rank": 289}}, {"type": "Feature", "geometry": {"type": "Polygon", "coordinates": [[[735105.0, 9514275.0], [735105.0, 9514125.0], [735075.0, 9514125.0], [735075.0, 9514095.0], [735255.0, 9514095.0], [735255.0, 9514065.0], [735405.0, 9514065.0], [735405.0, 9514095.0], [735435.0, 9514095.0], [735435.0, 9514155.0], [735405.0, 9514155.0], [735405.0, 9514245.0], [735375.0, 9514245.0], [735375.0, 9514275.0], [735345.0, 9514275.0], [735345.0, 9514215.0], [735165.0, 9514215.0], [735165.0, 9514245.0], [735135.0, 9514245.0], [735135.0, 9514275.0], [735105.0, 9514275.0]]]}, "properties": {"zone_id": "scene_01_DT0000205230-Z0388", "scene": "scene_01_DT0000205230", "pixel_count": 54, "approx_area_m2": 48600.0, "centroid_x": 735264.4444444445, "centroid_y": 9514155.555555556, "mean_risk": 2.0407140254974365, "max_risk": 2.2463576793670654, "median_risk": 2.0210440158843994, "high_priority_pixel_pct": 100.0, "priority_category": "HIGH PRIORITY", "threshold_type": "95th percentile prioritisation threshold", "recommendation": "Spectral-stress evidence detected. Prioritise field inspection to determine the underlying cause. Field verification required.", "priority_rank": 201}}, {"type": "Feature", "geometry": {"type": "Polygon", "coordinates": [[[718545.0, 9514035.0], [718545.0, 9513975.0], [718485.0, 9513975.0], [718485.0, 9513945.0], [718425.0, 9513945.0], [718425.0, 9513855.0], [718455.0, 9513855.0], [718455.0, 9513825.0], [718575.0, 9513825.0], [718575.0, 9513855.0], [718665.0, 9513855.0], [718665.0, 9513885.0], [718695.0, 9513885.0], [718695.0, 9513915.0], [718725.0, 9513915.0], [718725.0, 9513975.0], [718665.0, 9513975.0], [718665.0, 9514005.0], [718635.0, 9514005.0], [718635.0, 9514035.0], [718545.0, 9514035.0]]]}, "properties": {"zone_id": "scene_01_DT0000205230-Z0389", "scene": "scene_01_DT0000205230", "pixel_count": 46, "approx_area_m2": 41400.0, "centroid_x": 718570.4347826086, "centroid_y": 9513922.173913043, "mean_risk": 2.049085855484009, "max_risk": 2.296187400817871, "median_risk": 2.0452589988708496, "high_priority_pixel_pct": 100.0, "priority_category": "HIGH PRIORITY", "threshold_type": "95th percentile prioritisation threshold", "recommendation": "Spectral-stress evidence detected. Prioritise field inspection to determine the underlying cause. Field verification required.", "priority_rank": 188}}, {"type": "Feature", "geometry": {"type": "Polygon", "coordinates": [[[730575.0, 9514005.0], [730575.0, 9513885.0], [730605.0, 9513885.0], [730605.0, 9513855.0], [730665.0, 9513855.0], [730665.0, 9513915.0], [730695.0, 9513915.0], [730695.0, 9513975.0], [730665.0, 9513975.0], [730665.0, 9514005.0], [730575.0, 9514005.0]]]}, "properties": {"zone_id": "scene_01_DT0000205230-Z0390", "scene": "scene_01_DT0000205230", "pixel_count": 16, "approx_area_m2": 14400.0, "centroid_x": 730629.375, "centroid_y": 9513935.625, "mean_risk": 1.9719555377960205, "max_risk": 2.0660529136657715, "median_risk": 1.9722304344177246, "high_priority_pixel_pct": 100.0, "priority_category": "HIGH PRIORITY", "threshold_type": "95th percentile prioritisation threshold", "recommendation": "Spectral-stress evidence detected. Prioritise field inspection to determine the underlying cause. Field verification required.", "priority_rank": 323}}, {"type": "Feature", "geometry": {"type": "Polygon", "coordinates": [[[731055.0, 9513885.0], [731055.0, 9513705.0], [730995.0, 9513705.0], [730995.0, 9513735.0], [730965.0, 9513735.0], [730965.0, 9513765.0], [730905.0, 9513765.0], [730905.0, 9513645.0], [730935.0, 9513645.0], [730935.0, 9513615.0], [730965.0, 9513615.0], [730965.0, 9513585.0], [730995.0, 9513585.0], [730995.0, 9513525.0], [731025.0, 9513525.0], [731025.0, 9513465.0], [731085.0, 9513465.0], [731085.0, 9513435.0], [731145.0, 9513435.0], [731145.0, 9513405.0], [731235.0, 9513405.0], [731235.0, 9513345.0], [731265.0, 9513345.0], [731265.0, 9513315.0], [731325.0, 9513315.0], [731325.0, 9513405.0], [731355.0, 9513405.0], [731355.0, 9513495.0], [731265.0, 9513495.0], [731265.0, 9513465.0], [731235.0, 9513465.0], [731235.0, 9513555.0], [731295.0, 9513555.0], [731295.0, 9513675.0], [731325.0, 9513675.0], [731325.0, 9513705.0], [731295.0, 9513705.0], [731295.0, 9513735.0], [731265.0, 9513735.0], [731265.0, 9513765.0], [731235.0, 9513765.0], [731235.0, 9513795.0], [731205.0, 9513795.0], [731205.0, 9513855.0], [731145.0, 9513855.0], [731145.0, 9513885.0], [731055.0, 9513885.0]]]}, "properties": {"zone_id": "scene_01_DT0000205230-Z0391", "scene": "scene_01_DT0000205230", "pixel_count": 150, "approx_area_m2": 135000.0, "centroid_x": 731145.8, "centroid_y": 9513618.2, "mean_risk": 2.0875418186187744, "max_risk": 2.4536314010620117, "median_risk": 2.0499908924102783, "high_priority_pixel_pct": 100.0, "priority_category": "HIGH PRIORITY", "threshold_type": "95th percentile prioritisation threshold", "recommendation": "Spectral-stress evidence detected. Prioritise field inspection to determine the underlying cause. Field verification required.", "priority_rank": 143}}, {"type": "Feature", "geometry": {"type": "Polygon", "coordinates": [[[730455.0, 9513825.0], [730455.0, 9513795.0], [730425.0, 9513795.0], [730425.0, 9513765.0], [730365.0, 9513765.0], [730365.0, 9513795.0], [730305.0, 9513795.0], [730305.0, 9513765.0], [730275.0, 9513765.0], [730275.0, 9513735.0], [730335.0, 9513735.0], [730335.0, 9513705.0], [730365.0, 9513705.0], [730365.0, 9513645.0], [730515.0, 9513645.0], [730515.0, 9513735.0], [730545.0, 9513735.0], [730545.0, 9513795.0], [730515.0, 9513795.0], [730515.0, 9513825.0], [730455.0, 9513825.0]]]}, "properties": {"zone_id": "scene_01_DT0000205230-Z0392", "scene": "scene_01_DT0000205230", "pixel_count": 33, "approx_area_m2": 29700.0, "centroid_x": 730430.9090909091, "centroid_y": 9513730.909090908, "mean_risk": 2.075852632522583, "max_risk": 2.293933868408203, "median_risk": 2.069817304611206, "high_priority_pixel_pct": 100.0, "priority_category": "HIGH PRIORITY", "threshold_type": "95th percentile prioritisation threshold", "recommendation": "Spectral-stress evidence detected. Prioritise field inspection to determine the underlying cause. Field verification required.", "priority_rank": 159}}, {"type": "Feature", "geometry": {"type": "Polygon", "coordinates": [[[741165.0, 9513735.0], [741165.0, 9513615.0], [741105.0, 9513615.0], [741105.0, 9513645.0], [741045.0, 9513645.0], [741045.0, 9513585.0], [741075.0, 9513585.0], [741075.0, 9513555.0], [741195.0, 9513555.0], [741195.0, 9513645.0], [741255.0, 9513645.0], [741255.0, 9513735.0], [741165.0, 9513735.0]]]}, "properties": {"zone_id": "scene_01_DT0000205230-Z0393", "scene": "scene_01_DT0000205230", "pixel_count": 21, "approx_area_m2": 18900.0, "centroid_x": 741160.0, "centroid_y": 9513637.142857144, "mean_risk": 2.0169267654418945, "max_risk": 2.176170587539673, "median_risk": 1.9944019317626953, "high_priority_pixel_pct": 100.0, "priority_category": "HIGH PRIORITY", "threshold_type": "95th percentile prioritisation threshold", "recommendation": "Spectral-stress evidence detected. Prioritise field inspection to determine the underlying cause. Field verification required.", "priority_rank": 238}}, {"type": "Feature", "geometry": {"type": "Polygon", "coordinates": [[[731085.0, 9513255.0], [731085.0, 9513195.0], [731115.0, 9513195.0], [731115.0, 9513165.0], [731085.0, 9513165.0], [731085.0, 9513135.0], [731115.0, 9513135.0], [731115.0, 9513045.0], [731145.0, 9513045.0], [731145.0, 9513015.0], [731205.0, 9513015.0], [731205.0, 9513075.0], [731175.0, 9513075.0], [731175.0, 9513105.0], [731295.0, 9513105.0], [731295.0, 9513165.0], [731205.0, 9513165.0], [731205.0, 9513195.0], [731145.0, 9513195.0], [731145.0, 9513225.0], [731115.0, 9513225.0], [731115.0, 9513255.0], [731085.0, 9513255.0]]]}, "properties": {"zone_id": "scene_01_DT0000205230-Z0394", "scene": "scene_01_DT0000205230", "pixel_count": 26, "approx_area_m2": 23400.0, "centroid_x": 731172.6923076923, "centroid_y": 9513130.384615384, "mean_risk": 1.9683750867843628, "max_risk": 2.117682695388794, "median_risk": 1.9512485265731812, "high_priority_pixel_pct": 100.0, "priority_category": "HIGH PRIORITY", "threshold_type": "95th percentile prioritisation threshold", "recommendation": "Spectral-stress evidence detected. Prioritise field inspection to determine the underlying cause. Field verification required.", "priority_rank": 331}}, {"type": "Feature", "geometry": {"type": "Polygon", "coordinates": [[[730665.0, 9513195.0], [730665.0, 9513165.0], [730695.0, 9513165.0], [730695.0, 9513135.0], [730725.0, 9513135.0], [730725.0, 9513075.0], [730755.0, 9513075.0], [730755.0, 9513045.0], [730815.0, 9513045.0], [730815.0, 9513015.0], [730875.0, 9513015.0], [730875.0, 9512955.0], [730965.0, 9512955.0], [730965.0, 9512925.0], [731025.0, 9512925.0], [731025.0, 9512955.0], [730995.0, 9512955.0], [730995.0, 9513045.0], [730965.0, 9513045.0], [730965.0, 9513075.0], [730905.0, 9513075.0], [730905.0, 9513105.0], [730845.0, 9513105.0], [730845.0, 9513135.0], [730755.0, 9513135.0], [730755.0, 9513165.0], [730725.0, 9513165.0], [730725.0, 9513195.0], [730665.0, 9513195.0]]]}, "properties": {"zone_id": "scene_01_DT0000205230-Z0395", "scene": "scene_01_DT0000205230", "pixel_count": 37, "approx_area_m2": 33300.0, "centroid_x": 730859.1891891892, "centroid_y": 9513055.135135135, "mean_risk": 1.9800586700439453, "max_risk": 2.093083620071411, "median_risk": 1.9698185920715332, "high_priority_pixel_pct": 100.0, "priority_category": "HIGH PRIORITY", "threshold_type": "95th percentile prioritisation threshold", "recommendation": "Spectral-stress evidence detected. Prioritise field inspection to determine the underlying cause. Field verification required.", "priority_rank": 309}}, {"type": "Feature", "geometry": {"type": "Polygon", "coordinates": [[[739665.0, 9512565.0], [739665.0, 9512535.0], [739635.0, 9512535.0], [739635.0, 9512505.0], [739605.0, 9512505.0], [739605.0, 9512415.0], [739665.0, 9512415.0], [739665.0, 9512325.0], [739695.0, 9512325.0], [739695.0, 9512295.0], [739755.0, 9512295.0], [739755.0, 9512235.0], [739725.0, 9512235.0], [739725.0, 9512175.0], [739755.0, 9512175.0], [739755.0, 9512205.0], [739845.0, 9512205.0], [739845.0, 9512175.0], [739875.0, 9512175.0], [739875.0, 9512265.0], [739845.0, 9512265.0], [739845.0, 9512295.0], [739875.0, 9512295.0], [739875.0, 9512325.0], [739845.0, 9512325.0], [739845.0, 9512355.0], [739815.0, 9512355.0], [739815.0, 9512415.0], [739785.0, 9512415.0], [739785.0, 9512445.0], [739815.0, 9512445.0], [739815.0, 9512475.0], [739845.0, 9512475.0], [739845.0, 9512505.0], [739875.0, 9512505.0], [739875.0, 9512535.0], [739845.0, 9512535.0], [739845.0, 9512565.0], [739815.0, 9512565.0], [739815.0, 9512535.0], [739785.0, 9512535.0], [739785.0, 9512505.0], [739755.0, 9512505.0], [739755.0, 9512535.0], [739725.0, 9512535.0], [739725.0, 9512565.0], [739665.0, 9512565.0]]]}, "properties": {"zone_id": "scene_01_DT0000205230-Z0396", "scene": "scene_01_DT0000205230", "pixel_count": 67, "approx_area_m2": 60300.0, "centroid_x": 739751.1940298508, "centroid_y": 9512389.253731344, "mean_risk": 2.073049783706665, "max_risk": 2.5240652561187744, "median_risk": 2.0491225719451904, "high_priority_pixel_pct": 100.0, "priority_category": "HIGH PRIORITY", "threshold_type": "95th percentile prioritisation threshold", "recommendation": "Spectral-stress evidence detected. Prioritise field inspection to determine the underlying cause. Field verification required.", "priority_rank": 161}}, {"type": "Feature", "geometry": {"type": "Polygon", "coordinates": [[[739185.0, 9511005.0], [739185.0, 9510975.0], [739215.0, 9510975.0], [739215.0, 9510945.0], [739245.0, 9510945.0], [739245.0, 9510915.0], [739275.0, 9510915.0], [739275.0, 9510945.0], [739335.0, 9510945.0], [739335.0, 9510975.0], [739305.0, 9510975.0], [739305.0, 9511005.0], [739185.0, 9511005.0]]]}, "properties": {"zone_id": "scene_01_DT0000205230-Z0397", "scene": "scene_01_DT0000205230", "pixel_count": 9, "approx_area_m2": 8100.0, "centroid_x": 739260.0, "centroid_y": 9510970.0, "mean_risk": 1.9295086860656738, "max_risk": 1.9820648431777954, "median_risk": 1.929459810256958, "high_priority_pixel_pct": 100.0, "priority_category": "HIGH PRIORITY", "threshold_type": "95th percentile prioritisation threshold", "recommendation": "Spectral-stress evidence detected. Prioritise field inspection to determine the underlying cause. Field verification required.", "priority_rank": 397}}, {"type": "Feature", "geometry": {"type": "Polygon", "coordinates": [[[715515.0, 9510915.0], [715515.0, 9510855.0], [715545.0, 9510855.0], [715545.0, 9510885.0], [715575.0, 9510885.0], [715575.0, 9510855.0], [715605.0, 9510855.0], [715605.0, 9510795.0], [715635.0, 9510795.0], [715635.0, 9510765.0], [715665.0, 9510765.0], [715665.0, 9510795.0], [715695.0, 9510795.0], [715695.0, 9510855.0], [715665.0, 9510855.0], [715665.0, 9510885.0], [715635.0, 9510885.0], [715635.0, 9510915.0], [715515.0, 9510915.0]]]}, "properties": {"zone_id": "scene_01_DT0000205230-Z0398", "scene": "scene_01_DT0000205230", "pixel_count": 15, "approx_area_m2": 13500.0, "centroid_x": 715616.0, "centroid_y": 9510854.0, "mean_risk": 1.9760998487472534, "max_risk": 2.1142759323120117, "median_risk": 1.9571468830108643, "high_priority_pixel_pct": 100.0, "priority_category": "HIGH PRIORITY", "threshold_type": "95th percentile prioritisation threshold", "recommendation": "Spectral-stress evidence detected. Prioritise field inspection to determine the underlying cause. Field verification required.", "priority_rank": 319}}, {"type": "Feature", "geometry": {"type": "Polygon", "coordinates": [[[739305.0, 9510885.0], [739305.0, 9510855.0], [739275.0, 9510855.0], [739275.0, 9510825.0], [739215.0, 9510825.0], [739215.0, 9510855.0], [739155.0, 9510855.0], [739155.0, 9510795.0], [739215.0, 9510795.0], [739215.0, 9510765.0], [739335.0, 9510765.0], [739335.0, 9510735.0], [739365.0, 9510735.0], [739365.0, 9510765.0], [739395.0, 9510765.0], [739395.0, 9510795.0], [739365.0, 9510795.0], [739365.0, 9510885.0], [739305.0, 9510885.0]]]}, "properties": {"zone_id": "scene_01_DT0000205230-Z0399", "scene": "scene_01_DT0000205230", "pixel_count": 21, "approx_area_m2": 18900.0, "centroid_x": 739285.7142857143, "centroid_y": 9510811.42857143, "mean_risk": 2.0865633487701416, "max_risk": 2.38539981842041, "median_risk": 2.0207462310791016, "high_priority_pixel_pct": 100.0, "priority_category": "HIGH PRIORITY", "threshold_type": "95th percentile prioritisation threshold", "recommendation": "Spectral-stress evidence detected. Prioritise field inspection to determine the underlying cause. Field verification required.", "priority_rank": 146}}, {"type": "Feature", "geometry": {"type": "Polygon", "coordinates": [[[739935.0, 9510765.0], [739935.0, 9510675.0], [739905.0, 9510675.0], [739905.0, 9510645.0], [739935.0, 9510645.0], [739935.0, 9510615.0], [739965.0, 9510615.0], [739965.0, 9510645.0], [739995.0, 9510645.0], [739995.0, 9510765.0], [739935.0, 9510765.0]]]}, "properties": {"zone_id": "scene_01_DT0000205230-Z0400", "scene": "scene_01_DT0000205230", "pixel_count": 10, "approx_area_m2": 9000.0, "centroid_x": 739959.0, "centroid_y": 9510693.0, "mean_risk": 1.9602890014648438, "max_risk": 2.0308644771575928, "median_risk": 1.9599754810333252, "high_priority_pixel_pct": 100.0, "priority_category": "HIGH PRIORITY", "threshold_type": "95th percentile prioritisation threshold", "recommendation": "Spectral-stress evidence detected. Prioritise field inspection to determine the underlying cause. Field verification required.", "priority_rank": 344}}, {"type": "Feature", "geometry": {"type": "Polygon", "coordinates": [[[739485.0, 9510705.0], [739485.0, 9510675.0], [739455.0, 9510675.0], [739455.0, 9510645.0], [739425.0, 9510645.0], [739425.0, 9510405.0], [739485.0, 9510405.0], [739485.0, 9510435.0], [739575.0, 9510435.0], [739575.0, 9510495.0], [739515.0, 9510495.0], [739515.0, 9510525.0], [739485.0, 9510525.0], [739485.0, 9510615.0], [739545.0, 9510615.0], [739545.0, 9510645.0], [739575.0, 9510645.0], [739575.0, 9510675.0], [739515.0, 9510675.0], [739515.0, 9510705.0], [739485.0, 9510705.0]]]}, "properties": {"zone_id": "scene_01_DT0000205230-Z0401", "scene": "scene_01_DT0000205230", "pixel_count": 30, "approx_area_m2": 27000.0, "centroid_x": 739485.0, "centroid_y": 9510543.0, "mean_risk": 1.9999159574508667, "max_risk": 2.1165144443511963, "median_risk": 1.9946502447128296, "high_priority_pixel_pct": 100.0, "priority_category": "HIGH PRIORITY", "threshold_type": "95th percentile prioritisation threshold", "recommendation": "Spectral-stress evidence detected. Prioritise field inspection to determine the underlying cause. Field verification required.", "priority_rank": 279}}, {"type": "Feature", "geometry": {"type": "Polygon", "coordinates": [[[716715.0, 9510315.0], [716715.0, 9510285.0], [716655.0, 9510285.0], [716655.0, 9510225.0], [716685.0, 9510225.0], [716685.0, 9510195.0], [716715.0, 9510195.0], [716715.0, 9510165.0], [716745.0, 9510165.0], [716745.0, 9510135.0], [716805.0, 9510135.0], [716805.0, 9510165.0], [716775.0, 9510165.0], [716775.0, 9510195.0], [716805.0, 9510195.0], [716805.0, 9510285.0], [716775.0, 9510285.0], [716775.0, 9510315.0], [716715.0, 9510315.0]]]}, "properties": {"zone_id": "scene_01_DT0000205230-Z0402", "scene": "scene_01_DT0000205230", "pixel_count": 20, "approx_area_m2": 18000.0, "centroid_x": 716740.5, "centroid_y": 9510232.5, "mean_risk": 1.9970582723617554, "max_risk": 2.1661500930786133, "median_risk": 1.987462043762207, "high_priority_pixel_pct": 100.0, "priority_category": "HIGH PRIORITY", "threshold_type": "95th percentile prioritisation threshold", "recommendation": "Spectral-stress evidence detected. Prioritise field inspection to determine the underlying cause. Field verification required.", "priority_rank": 282}}, {"type": "Feature", "geometry": {"type": "Polygon", "coordinates": [[[717585.0, 9510045.0], [717585.0, 9509985.0], [717615.0, 9509985.0], [717615.0, 9509955.0], [717705.0, 9509955.0], [717705.0, 9509985.0], [717735.0, 9509985.0], [717735.0, 9510015.0], [717675.0, 9510015.0], [717675.0, 9510045.0], [717585.0, 9510045.0]]]}, "properties": {"zone_id": "scene_01_DT0000205230-Z0403", "scene": "scene_01_DT0000205230", "pixel_count": 12, "approx_area_m2": 10800.0, "centroid_x": 717660.0, "centroid_y": 9510002.5, "mean_risk": 2.0189433097839355, "max_risk": 2.120260715484619, "median_risk": 2.0317745208740234, "high_priority_pixel_pct": 100.0, "priority_category": "HIGH PRIORITY", "threshold_type": "95th percentile prioritisation threshold", "recommendation": "Spectral-stress evidence detected. Prioritise field inspection to determine the underlying cause. Field verification required.", "priority_rank": 234}}, {"type": "Feature", "geometry": {"type": "Polygon", "coordinates": [[[715305.0, 9509115.0], [715305.0, 9509025.0], [715335.0, 9509025.0], [715335.0, 9508935.0], [715395.0, 9508935.0], [715395.0, 9509025.0], [715425.0, 9509025.0], [715425.0, 9509055.0], [715365.0, 9509055.0], [715365.0, 9509085.0], [715335.0, 9509085.0], [715335.0, 9509115.0], [715305.0, 9509115.0]]]}, "properties": {"zone_id": "scene_01_DT0000205230-Z0404", "scene": "scene_01_DT0000205230", "pixel_count": 13, "approx_area_m2": 11700.0, "centroid_x": 715356.9230769231, "centroid_y": 9509021.538461538, "mean_risk": 2.00028395652771, "max_risk": 2.098118782043457, "median_risk": 1.9784480333328247, "high_priority_pixel_pct": 100.0, "priority_category": "HIGH PRIORITY", "threshold_type": "95th percentile prioritisation threshold", "recommendation": "Spectral-stress evidence detected. Prioritise field inspection to determine the underlying cause. Field verification required.", "priority_rank": 277}}, {"type": "Feature", "geometry": {"type": "Polygon", "coordinates": [[[715875.0, 9508845.0], [715875.0, 9508815.0], [715845.0, 9508815.0], [715845.0, 9508725.0], [715905.0, 9508725.0], [715905.0, 9508575.0], [715875.0, 9508575.0], [715875.0, 9508605.0], [715845.0, 9508605.0], [715845.0, 9508425.0], [715815.0, 9508425.0], [715815.0, 9508335.0], [715875.0, 9508335.0], [715875.0, 9508305.0], [715905.0, 9508305.0], [715905.0, 9508275.0], [715935.0, 9508275.0], [715935.0, 9508245.0], [716025.0, 9508245.0], [716025.0, 9508275.0], [716055.0, 9508275.0], [716055.0, 9508335.0], [716145.0, 9508335.0], [716145.0, 9508305.0], [716175.0, 9508305.0], [716175.0, 9508335.0], [716205.0, 9508335.0], [716205.0, 9508485.0], [716235.0, 9508485.0], [716235.0, 9508575.0], [716145.0, 9508575.0], [716145.0, 9508635.0], [716115.0, 9508635.0], [716115.0, 9508665.0], [716055.0, 9508665.0], [716055.0, 9508635.0], [716025.0, 9508635.0], [716025.0, 9508665.0], [715965.0, 9508665.0], [715965.0, 9508725.0], [715995.0, 9508725.0], [715995.0, 9508785.0], [716025.0, 9508785.0], [716025.0, 9508815.0], [715995.0, 9508815.0], [715995.0, 9508845.0], [715875.0, 9508845.0]], [[715995.0, 9508605.0], [716025.0, 9508605.0], [716025.0, 9508545.0], [715995.0, 9508545.0], [715995.0, 9508605.0]]]}, "properties": {"zone_id": "scene_01_DT0000205230-Z0405", "scene": "scene_01_DT0000205230", "pixel_count": 162, "approx_area_m2": 145800.0, "centroid_x": 716005.5555555555, "centroid_y": 9508508.333333334, "mean_risk": 2.1342480182647705, "max_risk": 2.6077768802642822, "median_risk": 2.125330686569214, "high_priority_pixel_pct": 100.0, "priority_category": "HIGH PRIORITY", "threshold_type": "95th percentile prioritisation threshold", "recommendation": "Spectral-stress evidence detected. Prioritise field inspection to determine the underlying cause. Field verification required.", "priority_rank": 93}}, {"type": "Feature", "geometry": {"type": "Polygon", "coordinates": [[[717135.0, 9507945.0], [717135.0, 9507915.0], [717165.0, 9507915.0], [717165.0, 9507855.0], [717135.0, 9507855.0], [717135.0, 9507795.0], [717165.0, 9507795.0], [717165.0, 9507765.0], [717225.0, 9507765.0], [717225.0, 9507735.0], [717195.0, 9507735.0], [717195.0, 9507705.0], [717255.0, 9507705.0], [717255.0, 9507675.0], [717315.0, 9507675.0], [717315.0, 9507645.0], [717375.0, 9507645.0], [717375.0, 9507585.0], [717465.0, 9507585.0], [717465.0, 9507615.0], [717495.0, 9507615.0], [717495.0, 9507735.0], [717405.0, 9507735.0], [717405.0, 9507825.0], [717375.0, 9507825.0], [717375.0, 9507945.0], [717135.0, 9507945.0]], [[717255.0, 9507855.0], [717315.0, 9507855.0], [717315.0, 9507825.0], [717255.0, 9507825.0], [717255.0, 9507855.0]]]}, "properties": {"zone_id": "scene_01_DT0000205230-Z0406", "scene": "scene_01_DT0000205230", "pixel_count": 82, "approx_area_m2": 73800.0, "centroid_x": 717314.268292683, "centroid_y": 9507779.268292682, "mean_risk": 2.037942886352539, "max_risk": 2.292524814605713, "median_risk": 2.0280261039733887, "high_priority_pixel_pct": 100.0, "priority_category": "HIGH PRIORITY", "threshold_type": "95th percentile prioritisation threshold", "recommendation": "Spectral-stress evidence detected. Prioritise field inspection to determine the underlying cause. Field verification required.", "priority_rank": 205}}, {"type": "Feature", "geometry": {"type": "Polygon", "coordinates": [[[738825.0, 9507735.0], [738825.0, 9507705.0], [738795.0, 9507705.0], [738795.0, 9507645.0], [738825.0, 9507645.0], [738825.0, 9507615.0], [738885.0, 9507615.0], [738885.0, 9507735.0], [738825.0, 9507735.0]]]}, "properties": {"zone_id": "scene_01_DT0000205230-Z0407", "scene": "scene_01_DT0000205230", "pixel_count": 10, "approx_area_m2": 9000.0, "centroid_x": 738846.0, "centroid_y": 9507675.0, "mean_risk": 1.9763396978378296, "max_risk": 2.082822322845459, "median_risk": 1.9521870613098145, "high_priority_pixel_pct": 100.0, "priority_category": "HIGH PRIORITY", "threshold_type": "95th percentile prioritisation threshold", "recommendation": "Spectral-stress evidence detected. Prioritise field inspection to determine the underlying cause. Field verification required.", "priority_rank": 318}}]}