zone_id,priority_rank,band_index,observed_mean,reference_mean_32band_only,wavelength_status
scene_02-Z0260,1,1,4447.5,3903.5687642480493,unavailable in GeoTIFF/XML artifact; band index reported
scene_02-Z0260,1,2,4342.5,,unavailable in GeoTIFF/XML artifact; band index reported
scene_02-Z0260,1,3,4302.0,,unavailable in GeoTIFF/XML artifact; band index reported
scene_02-Z0260,1,4,4275.5,,unavailable in GeoTIFF/XML artifact; band index reported
scene_02-Z0260,1,5,4188.5,,unavailable in GeoTIFF/XML artifact; band index reported
scene_02-Z0260,1,6,4113.5,,unavailable in GeoTIFF/XML artifact; band index reported
scene_02-Z0260,1,7,4090.5,,unavailable in GeoTIFF/XML artifact; band index reported
scene_02-Z0260,1,8,4079.5,3925.551270116211,unavailable in GeoTIFF/XML artifact; band index reported
scene_02-Z0260,1,9,3939.0,,unavailable in GeoTIFF/XML artifact; band index reported
scene_02-Z0260,1,10,3909.0,,unavailable in GeoTIFF/XML artifact; band index reported
scene_02-Z0260,1,11,3937.5,,unavailable in GeoTIFF/XML artifact; band index reported
scene_02-Z0260,1,12,3778.0,,unavailable in GeoTIFF/XML artifact; band index reported
scene_02-Z0260,1,13,3791.5,,unavailable in GeoTIFF/XML artifact; band index reported
scene_02-Z0260,1,14,3754.5,,unavailable in GeoTIFF/XML artifact; band index reported
scene_02-Z0260,1,15,3758.0,3942.6649578306146,unavailable in GeoTIFF/XML artifact; band index reported
scene_02-Z0260,1,16,3721.5,,unavailable in GeoTIFF/XML artifact; band index reported
scene_02-Z0260,1,17,3642.0,,unavailable in GeoTIFF/XML artifact; band index reported
scene_02-Z0260,1,18,3571.5,,unavailable in GeoTIFF/XML artifact; band index reported
scene_02-Z0260,1,19,3516.5,,unavailable in GeoTIFF/XML artifact; band index reported
scene_02-Z0260,1,20,3519.5,,unavailable in GeoTIFF/XML artifact; band index reported
scene_02-Z0260,1,21,3494.5,,unavailable in GeoTIFF/XML artifact; band index reported
scene_02-Z0260,1,22,3430.5,3933.650157834212,unavailable in GeoTIFF/XML artifact; band index reported
scene_02-Z0260,1,23,3413.0,,unavailable in GeoTIFF/XML artifact; band index reported
scene_02-Z0260,1,24,3310.0,,unavailable in GeoTIFF/XML artifact; band index reported
scene_02-Z0260,1,25,3278.0,,unavailable in GeoTIFF/XML artifact; band index reported
scene_02-Z0260,1,26,3271.5,,unavailable in GeoTIFF/XML artifact; band index reported
scene_02-Z0260,1,27,3243.0,,unavailable in GeoTIFF/XML artifact; band index reported
scene_02-Z0260,1,28,3161.0,,unavailable in GeoTIFF/XML artifact; band index reported
scene_02-Z0260,1,29,3114.5,3930.7107380000457,unavailable in GeoTIFF/XML artifact; band index reported
scene_02-Z0260,1,30,3129.5,,unavailable in GeoTIFF/XML artifact; band index reported
scene_02-Z0260,1,31,3096.5,,unavailable in GeoTIFF/XML artifact; band index reported
scene_02-Z0260,1,32,3017.0,,unavailable in GeoTIFF/XML artifact; band index reported
scene_02-Z0260,1,33,3006.5,,unavailable in GeoTIFF/XML artifact; band index reported
scene_02-Z0260,1,34,3031.5,,unavailable in GeoTIFF/XML artifact; band index reported
scene_02-Z0260,1,35,2979.5,,unavailable in GeoTIFF/XML artifact; band index reported
scene_02-Z0260,1,36,2971.0,3910.678847702552,unavailable in GeoTIFF/XML artifact; band index reported
scene_02-Z0260,1,37,2941.0,,unavailable in GeoTIFF/XML artifact; band index reported
scene_02-Z0260,1,38,2958.5,,unavailable in GeoTIFF/XML artifact; band index reported
scene_02-Z0260,1,39,2917.5,,unavailable in GeoTIFF/XML artifact; band index reported
scene_02-Z0260,1,40,2914.0,,unavailable in GeoTIFF/XML artifact; band index reported
scene_02-Z0260,1,41,2866.0,,unavailable in GeoTIFF/XML artifact; band index reported
scene_02-Z0260,1,42,2840.5,,unavailable in GeoTIFF/XML artifact; band index reported
scene_02-Z0260,1,43,2853.5,,unavailable in GeoTIFF/XML artifact; band index reported
scene_02-Z0260,1,44,2854.5,4004.6816681009223,unavailable in GeoTIFF/XML artifact; band index reported
scene_02-Z0260,1,45,2826.0,,unavailable in GeoTIFF/XML artifact; band index reported
scene_02-Z0260,1,46,2781.0,,unavailable in GeoTIFF/XML artifact; band index reported
scene_02-Z0260,1,47,2753.5,,unavailable in GeoTIFF/XML artifact; band index reported
scene_02-Z0260,1,48,2809.5,,unavailable in GeoTIFF/XML artifact; band index reported
scene_02-Z0260,1,49,2760.5,,unavailable in GeoTIFF/XML artifact; band index reported
scene_02-Z0260,1,50,2798.0,,unavailable in GeoTIFF/XML artifact; band index reported
scene_02-Z0260,1,51,2730.5,4023.527760350648,unavailable in GeoTIFF/XML artifact; band index reported
scene_02-Z0260,1,52,2674.0,,unavailable in GeoTIFF/XML artifact; band index reported
scene_02-Z0260,1,53,2680.5,,unavailable in GeoTIFF/XML artifact; band index reported
scene_02-Z0260,1,54,2711.5,,unavailable in GeoTIFF/XML artifact; band index reported
scene_02-Z0260,1,55,2704.5,,unavailable in GeoTIFF/XML artifact; band index reported
scene_02-Z0260,1,56,2703.0,,unavailable in GeoTIFF/XML artifact; band index reported
scene_02-Z0260,1,57,2745.5,,unavailable in GeoTIFF/XML artifact; band index reported
scene_02-Z0260,1,58,2674.0,4102.57972895471,unavailable in GeoTIFF/XML artifact; band index reported
scene_02-Z0260,1,59,2601.0,,unavailable in GeoTIFF/XML artifact; band index reported
scene_02-Z0260,1,60,2591.0,,unavailable in GeoTIFF/XML artifact; band index reported
scene_02-Z0260,1,61,2567.5,,unavailable in GeoTIFF/XML artifact; band index reported
scene_02-Z0260,1,62,2509.0,,unavailable in GeoTIFF/XML artifact; band index reported
scene_02-Z0260,1,63,2545.0,,unavailable in GeoTIFF/XML artifact; band index reported
scene_02-Z0260,1,64,2580.0,,unavailable in GeoTIFF/XML artifact; band index reported
scene_02-Z0260,1,65,2532.5,4065.0446674384852,unavailable in GeoTIFF/XML artifact; band index reported
scene_02-Z0260,1,66,2553.5,,unavailable in GeoTIFF/XML artifact; band index reported
scene_02-Z0260,1,67,2492.0,,unavailable in GeoTIFF/XML artifact; band index reported
scene_02-Z0260,1,68,2519.5,,unavailable in GeoTIFF/XML artifact; band index reported
scene_02-Z0260,1,69,2529.5,,unavailable in GeoTIFF/XML artifact; band index reported
scene_02-Z0260,1,70,2560.0,,unavailable in GeoTIFF/XML artifact; band index reported
scene_02-Z0260,1,71,2526.5,,unavailable in GeoTIFF/XML artifact; band index reported
scene_02-Z0260,1,72,2474.5,4050.215776525129,unavailable in GeoTIFF/XML artifact; band index reported
scene_02-Z0260,1,73,2472.0,,unavailable in GeoTIFF/XML artifact; band index reported
scene_02-Z0260,1,74,2465.0,,unavailable in GeoTIFF/XML artifact; band index reported
scene_02-Z0260,1,75,2460.5,,unavailable in GeoTIFF/XML artifact; band index reported
scene_02-Z0260,1,76,2477.5,,unavailable in GeoTIFF/XML artifact; band index reported
scene_02-Z0260,1,77,2456.0,,unavailable in GeoTIFF/XML artifact; band index reported
scene_02-Z0260,1,78,2456.5,,unavailable in GeoTIFF/XML artifact; band index reported
scene_02-Z0260,1,79,2538.0,,unavailable in GeoTIFF/XML artifact; band index reported
scene_02-Z0260,1,80,2337.5,4184.484206899644,unavailable in GeoTIFF/XML artifact; band index reported
scene_02-Z0260,1,81,2379.0,,unavailable in GeoTIFF/XML artifact; band index reported
scene_02-Z0260,1,82,2292.5,,unavailable in GeoTIFF/XML artifact; band index reported
scene_02-Z0260,1,83,2370.0,,unavailable in GeoTIFF/XML artifact; band index reported
scene_02-Z0260,1,84,2356.5,,unavailable in GeoTIFF/XML artifact; band index reported
scene_02-Z0260,1,85,2335.0,,unavailable in GeoTIFF/XML artifact; band index reported
scene_02-Z0260,1,86,2461.5,,unavailable in GeoTIFF/XML artifact; band index reported
scene_02-Z0260,1,87,2216.0,4217.572870382801,unavailable in GeoTIFF/XML artifact; band index reported
scene_02-Z0260,1,88,2379.5,,unavailable in GeoTIFF/XML artifact; band index reported
scene_02-Z0260,1,89,2237.0,,unavailable in GeoTIFF/XML artifact; band index reported
scene_02-Z0260,1,90,2344.5,,unavailable in GeoTIFF/XML artifact; band index reported
scene_02-Z0260,1,91,2301.0,,unavailable in GeoTIFF/XML artifact; band index reported
scene_02-Z0260,1,92,2328.0,,unavailable in GeoTIFF/XML artifact; band index reported
scene_02-Z0260,1,93,2343.5,,unavailable in GeoTIFF/XML artifact; band index reported
scene_02-Z0260,1,94,2356.5,4333.966700834949,unavailable in GeoTIFF/XML artifact; band index reported
scene_02-Z0260,1,95,2358.5,,unavailable in GeoTIFF/XML artifact; band index reported
scene_02-Z0260,1,96,2250.5,,unavailable in GeoTIFF/XML artifact; band index reported
scene_02-Z0260,1,97,2392.5,,unavailable in GeoTIFF/XML artifact; band index reported
scene_02-Z0260,1,98,2228.5,,unavailable in GeoTIFF/XML artifact; band index reported
scene_02-Z0260,1,99,2366.0,,unavailable in GeoTIFF/XML artifact; band index reported
scene_02-Z0260,1,100,2154.0,,unavailable in GeoTIFF/XML artifact; band index reported
scene_02-Z0260,1,101,2316.0,3757.180979821616,unavailable in GeoTIFF/XML artifact; band index reported
scene_02-Z0260,1,102,2093.5,,unavailable in GeoTIFF/XML artifact; band index reported
scene_02-Z0260,1,103,2048.5,,unavailable in GeoTIFF/XML artifact; band index reported
scene_02-Z0260,1,104,2029.0,,unavailable in GeoTIFF/XML artifact; band index reported
scene_02-Z0260,1,105,2008.5,,unavailable in GeoTIFF/XML artifact; band index reported
scene_02-Z0260,1,106,2000.0,,unavailable in GeoTIFF/XML artifact; band index reported
scene_02-Z0260,1,107,1995.0,,unavailable in GeoTIFF/XML artifact; band index reported
scene_02-Z0260,1,108,2046.5,4119.44470923602,unavailable in GeoTIFF/XML artifact; band index reported
scene_02-Z0260,1,109,2051.5,,unavailable in GeoTIFF/XML artifact; band index reported
scene_02-Z0260,1,110,2053.0,,unavailable in GeoTIFF/XML artifact; band index reported
scene_02-Z0260,1,111,2088.0,,unavailable in GeoTIFF/XML artifact; band index reported
scene_02-Z0260,1,112,2022.5,,unavailable in GeoTIFF/XML artifact; band index reported
scene_02-Z0260,1,113,1966.0,,unavailable in GeoTIFF/XML artifact; band index reported
scene_02-Z0260,1,114,1919.0,,unavailable in GeoTIFF/XML artifact; band index reported
scene_02-Z0260,1,115,2088.5,,unavailable in GeoTIFF/XML artifact; band index reported
scene_02-Z0260,1,116,2060.5,4264.452026303014,unavailable in GeoTIFF/XML artifact; band index reported
scene_02-Z0260,1,117,1900.5,,unavailable in GeoTIFF/XML artifact; band index reported
scene_02-Z0260,1,118,1805.5,,unavailable in GeoTIFF/XML artifact; band index reported
scene_02-Z0260,1,119,1721.5,,unavailable in GeoTIFF/XML artifact; band index reported
scene_02-Z0260,1,120,1690.0,,unavailable in GeoTIFF/XML artifact; band index reported
scene_02-Z0260,1,121,1632.0,,unavailable in GeoTIFF/XML artifact; band index reported
scene_02-Z0260,1,122,1583.5,,unavailable in GeoTIFF/XML artifact; band index reported
scene_02-Z0260,1,123,1557.5,3638.128168835215,unavailable in GeoTIFF/XML artifact; band index reported
scene_02-Z0260,1,124,1514.5,,unavailable in GeoTIFF/XML artifact; band index reported
scene_02-Z0260,1,125,1616.5,,unavailable in GeoTIFF/XML artifact; band index reported
scene_02-Z0260,1,126,1625.0,,unavailable in GeoTIFF/XML artifact; band index reported
scene_02-Z0260,1,127,1602.5,,unavailable in GeoTIFF/XML artifact; band index reported
scene_02-Z0260,1,128,1609.0,,unavailable in GeoTIFF/XML artifact; band index reported
scene_02-Z0260,1,129,1621.0,,unavailable in GeoTIFF/XML artifact; band index reported
scene_02-Z0260,1,130,1589.5,3697.105728725079,unavailable in GeoTIFF/XML artifact; band index reported
scene_02-Z0260,1,131,-32768.0,,unavailable in GeoTIFF/XML artifact; band index reported
scene_02-Z0260,1,132,-32768.0,,unavailable in GeoTIFF/XML artifact; band index reported
scene_02-Z0260,1,133,-32768.0,,unavailable in GeoTIFF/XML artifact; band index reported
scene_02-Z0260,1,134,-32768.0,,unavailable in GeoTIFF/XML artifact; band index reported
scene_02-Z0260,1,135,-32768.0,,unavailable in GeoTIFF/XML artifact; band index reported
scene_02-Z0260,1,136,709.5,,unavailable in GeoTIFF/XML artifact; band index reported
scene_02-Z0260,1,137,508.0,1385.8706168393314,unavailable in GeoTIFF/XML artifact; band index reported
scene_02-Z0260,1,138,336.5,,unavailable in GeoTIFF/XML artifact; band index reported
scene_02-Z0260,1,139,287.0,,unavailable in GeoTIFF/XML artifact; band index reported
scene_02-Z0260,1,140,281.0,,unavailable in GeoTIFF/XML artifact; band index reported
scene_02-Z0260,1,141,281.0,,unavailable in GeoTIFF/XML artifact; band index reported
scene_02-Z0260,1,142,290.5,,unavailable in GeoTIFF/XML artifact; band index reported
scene_02-Z0260,1,143,295.5,,unavailable in GeoTIFF/XML artifact; band index reported
scene_02-Z0260,1,144,308.0,1146.0124725007981,unavailable in GeoTIFF/XML artifact; band index reported
scene_02-Z0260,1,145,342.5,,unavailable in GeoTIFF/XML artifact; band index reported
scene_02-Z0260,1,146,365.0,,unavailable in GeoTIFF/XML artifact; band index reported
scene_02-Z0260,1,147,404.5,,unavailable in GeoTIFF/XML artifact; band index reported
scene_02-Z0260,1,148,451.0,,unavailable in GeoTIFF/XML artifact; band index reported
scene_02-Z0260,1,149,470.0,,unavailable in GeoTIFF/XML artifact; band index reported
scene_02-Z0260,1,150,502.0,,unavailable in GeoTIFF/XML artifact; band index reported
scene_02-Z0260,1,151,519.0,,unavailable in GeoTIFF/XML artifact; band index reported
scene_02-Z0260,1,152,532.0,1713.2995919812897,unavailable in GeoTIFF/XML artifact; band index reported
scene_02-Z0260,1,153,558.5,,unavailable in GeoTIFF/XML artifact; band index reported
scene_02-Z0260,1,154,585.0,,unavailable in GeoTIFF/XML artifact; band index reported
scene_02-Z0260,1,155,612.5,,unavailable in GeoTIFF/XML artifact; band index reported
scene_02-Z0260,1,156,659.0,,unavailable in GeoTIFF/XML artifact; band index reported
scene_02-Z0260,1,157,663.5,,unavailable in GeoTIFF/XML artifact; band index reported
scene_02-Z0260,1,158,675.0,,unavailable in GeoTIFF/XML artifact; band index reported
scene_02-Z0260,1,159,690.5,2111.832854444975,unavailable in GeoTIFF/XML artifact; band index reported
scene_02-Z0260,1,160,761.0,,unavailable in GeoTIFF/XML artifact; band index reported
scene_02-Z0260,1,161,737.0,,unavailable in GeoTIFF/XML artifact; band index reported
scene_02-Z0260,1,162,818.0,,unavailable in GeoTIFF/XML artifact; band index reported
scene_02-Z0260,1,163,807.5,,unavailable in GeoTIFF/XML artifact; band index reported
scene_02-Z0260,1,164,822.0,,unavailable in GeoTIFF/XML artifact; band index reported
scene_02-Z0260,1,165,844.5,,unavailable in GeoTIFF/XML artifact; band index reported
scene_02-Z0260,1,166,859.5,2397.743743529186,unavailable in GeoTIFF/XML artifact; band index reported
scene_02-Z0260,1,167,124.5,,unavailable in GeoTIFF/XML artifact; band index reported
scene_02-Z0260,1,168,145.0,,unavailable in GeoTIFF/XML artifact; band index reported
scene_02-Z0260,1,169,136.5,,unavailable in GeoTIFF/XML artifact; band index reported
scene_02-Z0260,1,170,91.0,,unavailable in GeoTIFF/XML artifact; band index reported
scene_02-Z0260,1,171,158.5,,unavailable in GeoTIFF/XML artifact; band index reported
scene_02-Z0260,1,172,141.0,,unavailable in GeoTIFF/XML artifact; band index reported
scene_02-Z0260,1,173,163.0,620.0160149725663,unavailable in GeoTIFF/XML artifact; band index reported
scene_02-Z0260,1,174,143.5,,unavailable in GeoTIFF/XML artifact; band index reported
scene_02-Z0260,1,175,152.5,,unavailable in GeoTIFF/XML artifact; band index reported
scene_02-Z0260,1,176,156.0,,unavailable in GeoTIFF/XML artifact; band index reported
scene_02-Z0260,1,177,156.5,,unavailable in GeoTIFF/XML artifact; band index reported
scene_02-Z0260,1,178,176.5,,unavailable in GeoTIFF/XML artifact; band index reported
scene_02-Z0260,1,179,197.0,,unavailable in GeoTIFF/XML artifact; band index reported
scene_02-Z0260,1,180,218.5,814.1379422466697,unavailable in GeoTIFF/XML artifact; band index reported
scene_02-Z0260,1,181,231.5,,unavailable in GeoTIFF/XML artifact; band index reported
scene_02-Z0260,1,182,258.5,,unavailable in GeoTIFF/XML artifact; band index reported
scene_02-Z0260,1,183,277.0,,unavailable in GeoTIFF/XML artifact; band index reported
scene_02-Z0260,1,184,317.0,,unavailable in GeoTIFF/XML artifact; band index reported
scene_02-Z0260,1,185,346.0,,unavailable in GeoTIFF/XML artifact; band index reported
scene_02-Z0260,1,186,392.0,,unavailable in GeoTIFF/XML artifact; band index reported
scene_02-Z0260,1,187,397.0,,unavailable in GeoTIFF/XML artifact; band index reported
scene_02-Z0260,1,188,451.5,1354.1786441418403,unavailable in GeoTIFF/XML artifact; band index reported
scene_02-Z0260,1,189,479.0,,unavailable in GeoTIFF/XML artifact; band index reported
scene_02-Z0260,1,190,504.5,,unavailable in GeoTIFF/XML artifact; band index reported
scene_02-Z0260,1,191,554.0,,unavailable in GeoTIFF/XML artifact; band index reported
scene_02-Z0260,1,192,572.0,,unavailable in GeoTIFF/XML artifact; band index reported
scene_02-Z0260,1,193,580.0,,unavailable in GeoTIFF/XML artifact; band index reported
scene_02-Z0260,1,194,622.0,,unavailable in GeoTIFF/XML artifact; band index reported
scene_02-Z0260,1,195,650.0,1766.3885489005581,unavailable in GeoTIFF/XML artifact; band index reported
scene_02-Z0260,1,196,653.5,,unavailable in GeoTIFF/XML artifact; band index reported
scene_02-Z0260,1,197,663.0,,unavailable in GeoTIFF/XML artifact; band index reported
scene_02-Z0260,1,198,685.5,,unavailable in GeoTIFF/XML artifact; band index reported
scene_02-Z0260,1,199,662.0,,unavailable in GeoTIFF/XML artifact; band index reported
scene_02-Z0260,1,200,662.5,,unavailable in GeoTIFF/XML artifact; band index reported
scene_02-Z0260,1,201,646.0,,unavailable in GeoTIFF/XML artifact; band index reported
scene_02-Z0260,1,202,629.5,1708.6980116632828,unavailable in GeoTIFF/XML artifact; band index reported
scene_02-Z0260,1,203,593.5,,unavailable in GeoTIFF/XML artifact; band index reported
scene_02-Z0260,1,204,552.5,,unavailable in GeoTIFF/XML artifact; band index reported
scene_02-Z0260,1,205,545.5,,unavailable in GeoTIFF/XML artifact; band index reported
scene_02-Z0260,1,206,512.5,,unavailable in GeoTIFF/XML artifact; band index reported
scene_02-Z0260,1,207,437.0,,unavailable in GeoTIFF/XML artifact; band index reported
scene_02-Z0260,1,208,449.0,,unavailable in GeoTIFF/XML artifact; band index reported
scene_02-Z0260,1,209,407.5,1205.8682828381327,unavailable in GeoTIFF/XML artifact; band index reported
scene_02-Z0260,1,210,368.0,,unavailable in GeoTIFF/XML artifact; band index reported
scene_02-Z0260,1,211,366.0,,unavailable in GeoTIFF/XML artifact; band index reported
scene_02-Z0260,1,212,355.0,,unavailable in GeoTIFF/XML artifact; band index reported
scene_02-Z0260,1,213,347.0,,unavailable in GeoTIFF/XML artifact; band index reported
scene_02-Z0260,1,214,309.0,,unavailable in GeoTIFF/XML artifact; band index reported
scene_02-Z0260,1,215,338.0,,unavailable in GeoTIFF/XML artifact; band index reported
scene_02-Z0260,1,216,306.0,972.0827768821342,unavailable in GeoTIFF/XML artifact; band index reported
scene_02-Z0260,1,217,313.0,,unavailable in GeoTIFF/XML artifact; band index reported
scene_02-Z0260,1,218,271.5,,unavailable in GeoTIFF/XML artifact; band index reported
scene_02-Z0260,1,219,304.0,,unavailable in GeoTIFF/XML artifact; band index reported
scene_02-Z0260,1,220,273.5,,unavailable in GeoTIFF/XML artifact; band index reported
scene_02-Z0260,1,221,267.5,,unavailable in GeoTIFF/XML artifact; band index reported
scene_02-Z0260,1,222,267.0,,unavailable in GeoTIFF/XML artifact; band index reported
scene_02-Z0260,1,223,268.0,,unavailable in GeoTIFF/XML artifact; band index reported
scene_02-Z0260,1,224,188.5,725.5769590304819,unavailable in GeoTIFF/XML artifact; band index reported
scene_02-Z0259,2,1,4132.0,3903.5687642480493,unavailable in GeoTIFF/XML artifact; band index reported
scene_02-Z0259,2,2,4063.0,,unavailable in GeoTIFF/XML artifact; band index reported
scene_02-Z0259,2,3,4050.0,,unavailable in GeoTIFF/XML artifact; band index reported
scene_02-Z0259,2,4,4057.0,,unavailable in GeoTIFF/XML artifact; band index reported
scene_02-Z0259,2,5,3956.0,,unavailable in GeoTIFF/XML artifact; band index reported
scene_02-Z0259,2,6,3884.0,,unavailable in GeoTIFF/XML artifact; band index reported
scene_02-Z0259,2,7,3896.0,,unavailable in GeoTIFF/XML artifact; band index reported
scene_02-Z0259,2,8,3924.0,3925.551270116211,unavailable in GeoTIFF/XML artifact; band index reported
scene_02-Z0259,2,9,3860.0,,unavailable in GeoTIFF/XML artifact; band index reported
scene_02-Z0259,2,10,3744.0,,unavailable in GeoTIFF/XML artifact; band index reported
scene_02-Z0259,2,11,3724.0,,unavailable in GeoTIFF/XML artifact; band index reported
scene_02-Z0259,2,12,3764.0,,unavailable in GeoTIFF/XML artifact; band index reported
scene_02-Z0259,2,13,3642.0,,unavailable in GeoTIFF/XML artifact; band index reported
scene_02-Z0259,2,14,3646.0,,unavailable in GeoTIFF/XML artifact; band index reported
scene_02-Z0259,2,15,3642.0,3942.6649578306146,unavailable in GeoTIFF/XML artifact; band index reported
scene_02-Z0259,2,16,3520.0,,unavailable in GeoTIFF/XML artifact; band index reported
scene_02-Z0259,2,17,3495.0,,unavailable in GeoTIFF/XML artifact; band index reported
scene_02-Z0259,2,18,3518.0,,unavailable in GeoTIFF/XML artifact; band index reported
scene_02-Z0259,2,19,3482.0,,unavailable in GeoTIFF/XML artifact; band index reported
scene_02-Z0259,2,20,3477.0,,unavailable in GeoTIFF/XML artifact; band index reported
scene_02-Z0259,2,21,3514.0,,unavailable in GeoTIFF/XML artifact; band index reported
scene_02-Z0259,2,22,3400.0,3933.650157834212,unavailable in GeoTIFF/XML artifact; band index reported
scene_02-Z0259,2,23,3366.0,,unavailable in GeoTIFF/XML artifact; band index reported
scene_02-Z0259,2,24,3263.0,,unavailable in GeoTIFF/XML artifact; band index reported
scene_02-Z0259,2,25,3270.0,,unavailable in GeoTIFF/XML artifact; band index reported
scene_02-Z0259,2,26,3296.0,,unavailable in GeoTIFF/XML artifact; band index reported
scene_02-Z0259,2,27,3269.0,,unavailable in GeoTIFF/XML artifact; band index reported
scene_02-Z0259,2,28,3238.0,,unavailable in GeoTIFF/XML artifact; band index reported
scene_02-Z0259,2,29,3164.0,3930.7107380000457,unavailable in GeoTIFF/XML artifact; band index reported
scene_02-Z0259,2,30,3175.0,,unavailable in GeoTIFF/XML artifact; band index reported
scene_02-Z0259,2,31,3173.0,,unavailable in GeoTIFF/XML artifact; band index reported
scene_02-Z0259,2,32,3069.0,,unavailable in GeoTIFF/XML artifact; band index reported
scene_02-Z0259,2,33,3052.0,,unavailable in GeoTIFF/XML artifact; band index reported
scene_02-Z0259,2,34,3059.0,,unavailable in GeoTIFF/XML artifact; band index reported
scene_02-Z0259,2,35,2997.0,,unavailable in GeoTIFF/XML artifact; band index reported
scene_02-Z0259,2,36,2965.0,3910.678847702552,unavailable in GeoTIFF/XML artifact; band index reported
scene_02-Z0259,2,37,3030.0,,unavailable in GeoTIFF/XML artifact; band index reported
scene_02-Z0259,2,38,2980.0,,unavailable in GeoTIFF/XML artifact; band index reported
scene_02-Z0259,2,39,2984.0,,unavailable in GeoTIFF/XML artifact; band index reported
scene_02-Z0259,2,40,2941.0,,unavailable in GeoTIFF/XML artifact; band index reported
scene_02-Z0259,2,41,2923.0,,unavailable in GeoTIFF/XML artifact; band index reported
scene_02-Z0259,2,42,2956.0,,unavailable in GeoTIFF/XML artifact; band index reported
scene_02-Z0259,2,43,2948.0,,unavailable in GeoTIFF/XML artifact; band index reported
scene_02-Z0259,2,44,2922.0,4004.6816681009223,unavailable in GeoTIFF/XML artifact; band index reported
scene_02-Z0259,2,45,2917.0,,unavailable in GeoTIFF/XML artifact; band index reported
scene_02-Z0259,2,46,2912.0,,unavailable in GeoTIFF/XML artifact; band index reported
scene_02-Z0259,2,47,2886.0,,unavailable in GeoTIFF/XML artifact; band index reported
scene_02-Z0259,2,48,2963.0,,unavailable in GeoTIFF/XML artifact; band index reported
scene_02-Z0259,2,49,2984.0,,unavailable in GeoTIFF/XML artifact; band index reported
scene_02-Z0259,2,50,2944.0,,unavailable in GeoTIFF/XML artifact; band index reported
scene_02-Z0259,2,51,2832.0,4023.527760350648,unavailable in GeoTIFF/XML artifact; band index reported
scene_02-Z0259,2,52,2835.0,,unavailable in GeoTIFF/XML artifact; band index reported
scene_02-Z0259,2,53,2821.0,,unavailable in GeoTIFF/XML artifact; band index reported
scene_02-Z0259,2,54,2786.0,,unavailable in GeoTIFF/XML artifact; band index reported
scene_02-Z0259,2,55,2855.0,,unavailable in GeoTIFF/XML artifact; band index reported
scene_02-Z0259,2,56,2872.0,,unavailable in GeoTIFF/XML artifact; band index reported
scene_02-Z0259,2,57,2865.0,,unavailable in GeoTIFF/XML artifact; band index reported
scene_02-Z0259,2,58,2818.0,4102.57972895471,unavailable in GeoTIFF/XML artifact; band index reported
scene_02-Z0259,2,59,2801.0,,unavailable in GeoTIFF/XML artifact; band index reported
scene_02-Z0259,2,60,2710.0,,unavailable in GeoTIFF/XML artifact; band index reported
scene_02-Z0259,2,61,2691.0,,unavailable in GeoTIFF/XML artifact; band index reported
scene_02-Z0259,2,62,2683.0,,unavailable in GeoTIFF/XML artifact; band index reported
scene_02-Z0259,2,63,2689.0,,unavailable in GeoTIFF/XML artifact; band index reported
scene_02-Z0259,2,64,2745.0,,unavailable in GeoTIFF/XML artifact; band index reported
scene_02-Z0259,2,65,2714.0,4065.0446674384852,unavailable in GeoTIFF/XML artifact; band index reported
scene_02-Z0259,2,66,2726.0,,unavailable in GeoTIFF/XML artifact; band index reported
scene_02-Z0259,2,67,2690.0,,unavailable in GeoTIFF/XML artifact; band index reported
scene_02-Z0259,2,68,2697.0,,unavailable in GeoTIFF/XML artifact; band index reported
scene_02-Z0259,2,69,2733.0,,unavailable in GeoTIFF/XML artifact; band index reported
scene_02-Z0259,2,70,2690.0,,unavailable in GeoTIFF/XML artifact; band index reported
scene_02-Z0259,2,71,2695.0,,unavailable in GeoTIFF/XML artifact; band index reported
scene_02-Z0259,2,72,2632.0,4050.215776525129,unavailable in GeoTIFF/XML artifact; band index reported
scene_02-Z0259,2,73,2626.0,,unavailable in GeoTIFF/XML artifact; band index reported
scene_02-Z0259,2,74,2641.0,,unavailable in GeoTIFF/XML artifact; band index reported
scene_02-Z0259,2,75,2636.0,,unavailable in GeoTIFF/XML artifact; band index reported
scene_02-Z0259,2,76,2663.0,,unavailable in GeoTIFF/XML artifact; band index reported
scene_02-Z0259,2,77,2659.0,,unavailable in GeoTIFF/XML artifact; band index reported
scene_02-Z0259,2,78,2676.0,,unavailable in GeoTIFF/XML artifact; band index reported
scene_02-Z0259,2,79,2682.0,,unavailable in GeoTIFF/XML artifact; band index reported
scene_02-Z0259,2,80,2182.0,4184.484206899644,unavailable in GeoTIFF/XML artifact; band index reported
scene_02-Z0259,2,81,2634.0,,unavailable in GeoTIFF/XML artifact; band index reported
scene_02-Z0259,2,82,2170.0,,unavailable in GeoTIFF/XML artifact; band index reported
scene_02-Z0259,2,83,2550.0,,unavailable in GeoTIFF/XML artifact; band index reported
scene_02-Z0259,2,84,2541.0,,unavailable in GeoTIFF/XML artifact; band index reported
scene_02-Z0259,2,85,2227.0,,unavailable in GeoTIFF/XML artifact; band index reported
scene_02-Z0259,2,86,2797.0,,unavailable in GeoTIFF/XML artifact; band index reported
scene_02-Z0259,2,87,2169.0,4217.572870382801,unavailable in GeoTIFF/XML artifact; band index reported
scene_02-Z0259,2,88,2713.0,,unavailable in GeoTIFF/XML artifact; band index reported
scene_02-Z0259,2,89,2055.0,,unavailable in GeoTIFF/XML artifact; band index reported
scene_02-Z0259,2,90,2511.0,,unavailable in GeoTIFF/XML artifact; band index reported
scene_02-Z0259,2,91,2144.0,,unavailable in GeoTIFF/XML artifact; band index reported
scene_02-Z0259,2,92,2624.0,,unavailable in GeoTIFF/XML artifact; band index reported
scene_02-Z0259,2,93,2658.0,,unavailable in GeoTIFF/XML artifact; band index reported
scene_02-Z0259,2,94,2189.0,4333.966700834949,unavailable in GeoTIFF/XML artifact; band index reported
scene_02-Z0259,2,95,2653.0,,unavailable in GeoTIFF/XML artifact; band index reported
scene_02-Z0259,2,96,2116.0,,unavailable in GeoTIFF/XML artifact; band index reported
scene_02-Z0259,2,97,2608.0,,unavailable in GeoTIFF/XML artifact; band index reported
scene_02-Z0259,2,98,2074.0,,unavailable in GeoTIFF/XML artifact; band index reported
scene_02-Z0259,2,99,2647.0,,unavailable in GeoTIFF/XML artifact; band index reported
scene_02-Z0259,2,100,2043.0,,unavailable in GeoTIFF/XML artifact; band index reported
scene_02-Z0259,2,101,2618.0,3757.180979821616,unavailable in GeoTIFF/XML artifact; band index reported
scene_02-Z0259,2,102,1981.0,,unavailable in GeoTIFF/XML artifact; band index reported
scene_02-Z0259,2,103,1947.0,,unavailable in GeoTIFF/XML artifact; band index reported
scene_02-Z0259,2,104,1917.0,,unavailable in GeoTIFF/XML artifact; band index reported
scene_02-Z0259,2,105,1900.0,,unavailable in GeoTIFF/XML artifact; band index reported
scene_02-Z0259,2,106,1907.0,,unavailable in GeoTIFF/XML artifact; band index reported
scene_02-Z0259,2,107,1883.0,,unavailable in GeoTIFF/XML artifact; band index reported
scene_02-Z0259,2,108,1928.0,4119.44470923602,unavailable in GeoTIFF/XML artifact; band index reported
scene_02-Z0259,2,109,1906.0,,unavailable in GeoTIFF/XML artifact; band index reported
scene_02-Z0259,2,110,1893.0,,unavailable in GeoTIFF/XML artifact; band index reported
scene_02-Z0259,2,111,1947.0,,unavailable in GeoTIFF/XML artifact; band index reported
scene_02-Z0259,2,112,1891.0,,unavailable in GeoTIFF/XML artifact; band index reported
scene_02-Z0259,2,113,1786.0,,unavailable in GeoTIFF/XML artifact; band index reported
scene_02-Z0259,2,114,1747.0,,unavailable in GeoTIFF/XML artifact; band index reported
scene_02-Z0259,2,115,1818.0,,unavailable in GeoTIFF/XML artifact; band index reported
scene_02-Z0259,2,116,1856.0,4264.452026303014,unavailable in GeoTIFF/XML artifact; band index reported
scene_02-Z0259,2,117,1735.0,,unavailable in GeoTIFF/XML artifact; band index reported
scene_02-Z0259,2,118,1631.0,,unavailable in GeoTIFF/XML artifact; band index reported
scene_02-Z0259,2,119,1576.0,,unavailable in GeoTIFF/XML artifact; band index reported
scene_02-Z0259,2,120,1522.0,,unavailable in GeoTIFF/XML artifact; band index reported
scene_02-Z0259,2,121,1475.0,,unavailable in GeoTIFF/XML artifact; band index reported
scene_02-Z0259,2,122,1451.0,,unavailable in GeoTIFF/XML artifact; band index reported
scene_02-Z0259,2,123,1411.0,3638.128168835215,unavailable in GeoTIFF/XML artifact; band index reported
scene_02-Z0259,2,124,1387.0,,unavailable in GeoTIFF/XML artifact; band index reported
scene_02-Z0259,2,125,1420.0,,unavailable in GeoTIFF/XML artifact; band index reported
scene_02-Z0259,2,126,1417.0,,unavailable in GeoTIFF/XML artifact; band index reported
scene_02-Z0259,2,127,1419.0,,unavailable in GeoTIFF/XML artifact; band index reported
scene_02-Z0259,2,128,1443.0,,unavailable in GeoTIFF/XML artifact; band index reported
scene_02-Z0259,2,129,1414.0,,unavailable in GeoTIFF/XML artifact; band index reported
scene_02-Z0259,2,130,1426.0,3697.105728725079,unavailable in GeoTIFF/XML artifact; band index reported
scene_02-Z0259,2,131,-32768.0,,unavailable in GeoTIFF/XML artifact; band index reported
scene_02-Z0259,2,132,-32768.0,,unavailable in GeoTIFF/XML artifact; band index reported
scene_02-Z0259,2,133,-32768.0,,unavailable in GeoTIFF/XML artifact; band index reported
scene_02-Z0259,2,134,-32768.0,,unavailable in GeoTIFF/XML artifact; band index reported
scene_02-Z0259,2,135,-32768.0,,unavailable in GeoTIFF/XML artifact; band index reported
scene_02-Z0259,2,136,639.0,,unavailable in GeoTIFF/XML artifact; band index reported
scene_02-Z0259,2,137,460.0,1385.8706168393314,unavailable in GeoTIFF/XML artifact; band index reported
scene_02-Z0259,2,138,308.0,,unavailable in GeoTIFF/XML artifact; band index reported
scene_02-Z0259,2,139,268.0,,unavailable in GeoTIFF/XML artifact; band index reported
scene_02-Z0259,2,140,236.0,,unavailable in GeoTIFF/XML artifact; band index reported
scene_02-Z0259,2,141,241.0,,unavailable in GeoTIFF/XML artifact; band index reported
scene_02-Z0259,2,142,244.0,,unavailable in GeoTIFF/XML artifact; band index reported
scene_02-Z0259,2,143,266.0,,unavailable in GeoTIFF/XML artifact; band index reported
scene_02-Z0259,2,144,268.0,1146.0124725007981,unavailable in GeoTIFF/XML artifact; band index reported
scene_02-Z0259,2,145,302.0,,unavailable in GeoTIFF/XML artifact; band index reported
scene_02-Z0259,2,146,310.0,,unavailable in GeoTIFF/XML artifact; band index reported
scene_02-Z0259,2,147,333.0,,unavailable in GeoTIFF/XML artifact; band index reported
scene_02-Z0259,2,148,355.0,,unavailable in GeoTIFF/XML artifact; band index reported
scene_02-Z0259,2,149,407.0,,unavailable in GeoTIFF/XML artifact; band index reported
scene_02-Z0259,2,150,434.0,,unavailable in GeoTIFF/XML artifact; band index reported
scene_02-Z0259,2,151,431.0,,unavailable in GeoTIFF/XML artifact; band index reported
scene_02-Z0259,2,152,443.0,1713.2995919812897,unavailable in GeoTIFF/XML artifact; band index reported
scene_02-Z0259,2,153,465.0,,unavailable in GeoTIFF/XML artifact; band index reported
scene_02-Z0259,2,154,489.0,,unavailable in GeoTIFF/XML artifact; band index reported
scene_02-Z0259,2,155,518.0,,unavailable in GeoTIFF/XML artifact; band index reported
scene_02-Z0259,2,156,497.0,,unavailable in GeoTIFF/XML artifact; band index reported
scene_02-Z0259,2,157,533.0,,unavailable in GeoTIFF/XML artifact; band index reported
scene_02-Z0259,2,158,535.0,,unavailable in GeoTIFF/XML artifact; band index reported
scene_02-Z0259,2,159,537.0,2111.832854444975,unavailable in GeoTIFF/XML artifact; band index reported
scene_02-Z0259,2,160,574.0,,unavailable in GeoTIFF/XML artifact; band index reported
scene_02-Z0259,2,161,607.0,,unavailable in GeoTIFF/XML artifact; band index reported
scene_02-Z0259,2,162,593.0,,unavailable in GeoTIFF/XML artifact; band index reported
scene_02-Z0259,2,163,600.0,,unavailable in GeoTIFF/XML artifact; band index reported
scene_02-Z0259,2,164,626.0,,unavailable in GeoTIFF/XML artifact; band index reported
scene_02-Z0259,2,165,680.0,,unavailable in GeoTIFF/XML artifact; band index reported
scene_02-Z0259,2,166,567.0,2397.743743529186,unavailable in GeoTIFF/XML artifact; band index reported
scene_02-Z0259,2,167,127.0,,unavailable in GeoTIFF/XML artifact; band index reported
scene_02-Z0259,2,168,84.0,,unavailable in GeoTIFF/XML artifact; band index reported
scene_02-Z0259,2,169,104.0,,unavailable in GeoTIFF/XML artifact; band index reported
scene_02-Z0259,2,170,129.0,,unavailable in GeoTIFF/XML artifact; band index reported
scene_02-Z0259,2,171,83.0,,unavailable in GeoTIFF/XML artifact; band index reported
scene_02-Z0259,2,172,96.0,,unavailable in GeoTIFF/XML artifact; band index reported
scene_02-Z0259,2,173,112.0,620.0160149725663,unavailable in GeoTIFF/XML artifact; band index reported
scene_02-Z0259,2,174,109.0,,unavailable in GeoTIFF/XML artifact; band index reported
scene_02-Z0259,2,175,107.0,,unavailable in GeoTIFF/XML artifact; band index reported
scene_02-Z0259,2,176,93.0,,unavailable in GeoTIFF/XML artifact; band index reported
scene_02-Z0259,2,177,89.0,,unavailable in GeoTIFF/XML artifact; band index reported
scene_02-Z0259,2,178,86.0,,unavailable in GeoTIFF/XML artifact; band index reported
scene_02-Z0259,2,179,144.0,,unavailable in GeoTIFF/XML artifact; band index reported
scene_02-Z0259,2,180,136.0,814.1379422466697,unavailable in GeoTIFF/XML artifact; band index reported
scene_02-Z0259,2,181,188.0,,unavailable in GeoTIFF/XML artifact; band index reported
scene_02-Z0259,2,182,189.0,,unavailable in GeoTIFF/XML artifact; band index reported
scene_02-Z0259,2,183,205.0,,unavailable in GeoTIFF/XML artifact; band index reported
scene_02-Z0259,2,184,222.0,,unavailable in GeoTIFF/XML artifact; band index reported
scene_02-Z0259,2,185,245.0,,unavailable in GeoTIFF/XML artifact; band index reported
scene_02-Z0259,2,186,236.0,,unavailable in GeoTIFF/XML artifact; band index reported
scene_02-Z0259,2,187,299.0,,unavailable in GeoTIFF/XML artifact; band index reported
scene_02-Z0259,2,188,275.0,1354.1786441418403,unavailable in GeoTIFF/XML artifact; band index reported
scene_02-Z0259,2,189,300.0,,unavailable in GeoTIFF/XML artifact; band index reported
scene_02-Z0259,2,190,357.0,,unavailable in GeoTIFF/XML artifact; band index reported
scene_02-Z0259,2,191,366.0,,unavailable in GeoTIFF/XML artifact; band index reported
scene_02-Z0259,2,192,400.0,,unavailable in GeoTIFF/XML artifact; band index reported
scene_02-Z0259,2,193,399.0,,unavailable in GeoTIFF/XML artifact; band index reported
scene_02-Z0259,2,194,429.0,,unavailable in GeoTIFF/XML artifact; band index reported
scene_02-Z0259,2,195,402.0,1766.3885489005581,unavailable in GeoTIFF/XML artifact; band index reported
scene_02-Z0259,2,196,439.0,,unavailable in GeoTIFF/XML artifact; band index reported
scene_02-Z0259,2,197,435.0,,unavailable in GeoTIFF/XML artifact; band index reported
scene_02-Z0259,2,198,459.0,,unavailable in GeoTIFF/XML artifact; band index reported
scene_02-Z0259,2,199,452.0,,unavailable in GeoTIFF/XML artifact; band index reported
scene_02-Z0259,2,200,437.0,,unavailable in GeoTIFF/XML artifact; band index reported
scene_02-Z0259,2,201,386.0,,unavailable in GeoTIFF/XML artifact; band index reported
scene_02-Z0259,2,202,427.0,1708.6980116632828,unavailable in GeoTIFF/XML artifact; band index reported
scene_02-Z0259,2,203,415.0,,unavailable in GeoTIFF/XML artifact; band index reported
scene_02-Z0259,2,204,381.0,,unavailable in GeoTIFF/XML artifact; band index reported
scene_02-Z0259,2,205,356.0,,unavailable in GeoTIFF/XML artifact; band index reported
scene_02-Z0259,2,206,300.0,,unavailable in GeoTIFF/XML artifact; band index reported
scene_02-Z0259,2,207,296.0,,unavailable in GeoTIFF/XML artifact; band index reported
scene_02-Z0259,2,208,255.0,,unavailable in GeoTIFF/XML artifact; band index reported
scene_02-Z0259,2,209,292.0,1205.8682828381327,unavailable in GeoTIFF/XML artifact; band index reported
scene_02-Z0259,2,210,262.0,,unavailable in GeoTIFF/XML artifact; band index reported
scene_02-Z0259,2,211,307.0,,unavailable in GeoTIFF/XML artifact; band index reported
scene_02-Z0259,2,212,218.0,,unavailable in GeoTIFF/XML artifact; band index reported
scene_02-Z0259,2,213,241.0,,unavailable in GeoTIFF/XML artifact; band index reported
scene_02-Z0259,2,214,208.0,,unavailable in GeoTIFF/XML artifact; band index reported
scene_02-Z0259,2,215,219.0,,unavailable in GeoTIFF/XML artifact; band index reported
scene_02-Z0259,2,216,237.0,972.0827768821342,unavailable in GeoTIFF/XML artifact; band index reported
scene_02-Z0259,2,217,156.0,,unavailable in GeoTIFF/XML artifact; band index reported
scene_02-Z0259,2,218,272.0,,unavailable in GeoTIFF/XML artifact; band index reported
scene_02-Z0259,2,219,200.0,,unavailable in GeoTIFF/XML artifact; band index reported
scene_02-Z0259,2,220,185.0,,unavailable in GeoTIFF/XML artifact; band index reported
scene_02-Z0259,2,221,157.0,,unavailable in GeoTIFF/XML artifact; band index reported
scene_02-Z0259,2,222,195.0,,unavailable in GeoTIFF/XML artifact; band index reported
scene_02-Z0259,2,223,156.0,,unavailable in GeoTIFF/XML artifact; band index reported
scene_02-Z0259,2,224,224.0,725.5769590304819,unavailable in GeoTIFF/XML artifact; band index reported
scene_02-Z0726,3,1,3927.5,3903.5687642480493,unavailable in GeoTIFF/XML artifact; band index reported
scene_02-Z0726,3,2,3763.5,,unavailable in GeoTIFF/XML artifact; band index reported
scene_02-Z0726,3,3,3743.5,,unavailable in GeoTIFF/XML artifact; band index reported
scene_02-Z0726,3,4,3652.0,,unavailable in GeoTIFF/XML artifact; band index reported
scene_02-Z0726,3,5,3643.0,,unavailable in GeoTIFF/XML artifact; band index reported
scene_02-Z0726,3,6,3550.5,,unavailable in GeoTIFF/XML artifact; band index reported
scene_02-Z0726,3,7,3503.0,,unavailable in GeoTIFF/XML artifact; band index reported
scene_02-Z0726,3,8,3482.0,3925.551270116211,unavailable in GeoTIFF/XML artifact; band index reported
scene_02-Z0726,3,9,3359.0,,unavailable in GeoTIFF/XML artifact; band index reported
scene_02-Z0726,3,10,3366.0,,unavailable in GeoTIFF/XML artifact; band index reported
scene_02-Z0726,3,11,3332.0,,unavailable in GeoTIFF/XML artifact; band index reported
scene_02-Z0726,3,12,3196.5,,unavailable in GeoTIFF/XML artifact; band index reported
scene_02-Z0726,3,13,3177.5,,unavailable in GeoTIFF/XML artifact; band index reported
scene_02-Z0726,3,14,3238.0,,unavailable in GeoTIFF/XML artifact; band index reported
scene_02-Z0726,3,15,3117.5,3942.6649578306146,unavailable in GeoTIFF/XML artifact; band index reported
scene_02-Z0726,3,16,3133.5,,unavailable in GeoTIFF/XML artifact; band index reported
scene_02-Z0726,3,17,3073.5,,unavailable in GeoTIFF/XML artifact; band index reported
scene_02-Z0726,3,18,2988.5,,unavailable in GeoTIFF/XML artifact; band index reported
scene_02-Z0726,3,19,2977.5,,unavailable in GeoTIFF/XML artifact; band index reported
scene_02-Z0726,3,20,2943.5,,unavailable in GeoTIFF/XML artifact; band index reported
scene_02-Z0726,3,21,2915.5,,unavailable in GeoTIFF/XML artifact; band index reported
scene_02-Z0726,3,22,2876.5,3933.650157834212,unavailable in GeoTIFF/XML artifact; band index reported
scene_02-Z0726,3,23,2841.5,,unavailable in GeoTIFF/XML artifact; band index reported
scene_02-Z0726,3,24,2783.0,,unavailable in GeoTIFF/XML artifact; band index reported
scene_02-Z0726,3,25,2745.5,,unavailable in GeoTIFF/XML artifact; band index reported
scene_02-Z0726,3,26,2715.0,,unavailable in GeoTIFF/XML artifact; band index reported
scene_02-Z0726,3,27,2694.0,,unavailable in GeoTIFF/XML artifact; band index reported
scene_02-Z0726,3,28,2661.0,,unavailable in GeoTIFF/XML artifact; band index reported
scene_02-Z0726,3,29,2630.5,3930.7107380000457,unavailable in GeoTIFF/XML artifact; band index reported
scene_02-Z0726,3,30,2576.0,,unavailable in GeoTIFF/XML artifact; band index reported
scene_02-Z0726,3,31,2573.5,,unavailable in GeoTIFF/XML artifact; band index reported
scene_02-Z0726,3,32,2529.5,,unavailable in GeoTIFF/XML artifact; band index reported
scene_02-Z0726,3,33,2472.5,,unavailable in GeoTIFF/XML artifact; band index reported
scene_02-Z0726,3,34,2493.5,,unavailable in GeoTIFF/XML artifact; band index reported
scene_02-Z0726,3,35,2466.0,,unavailable in GeoTIFF/XML artifact; band index reported
scene_02-Z0726,3,36,2441.0,3910.678847702552,unavailable in GeoTIFF/XML artifact; band index reported
scene_02-Z0726,3,37,2436.5,,unavailable in GeoTIFF/XML artifact; band index reported
scene_02-Z0726,3,38,2442.5,,unavailable in GeoTIFF/XML artifact; band index reported
scene_02-Z0726,3,39,2377.5,,unavailable in GeoTIFF/XML artifact; band index reported
scene_02-Z0726,3,40,2365.5,,unavailable in GeoTIFF/XML artifact; band index reported
scene_02-Z0726,3,41,2345.5,,unavailable in GeoTIFF/XML artifact; band index reported
scene_02-Z0726,3,42,2322.5,,unavailable in GeoTIFF/XML artifact; band index reported
scene_02-Z0726,3,43,2328.5,,unavailable in GeoTIFF/XML artifact; band index reported
scene_02-Z0726,3,44,2348.0,4004.6816681009223,unavailable in GeoTIFF/XML artifact; band index reported
scene_02-Z0726,3,45,2331.5,,unavailable in GeoTIFF/XML artifact; band index reported
scene_02-Z0726,3,46,2297.5,,unavailable in GeoTIFF/XML artifact; band index reported
scene_02-Z0726,3,47,2289.0,,unavailable in GeoTIFF/XML artifact; band index reported
scene_02-Z0726,3,48,2301.0,,unavailable in GeoTIFF/XML artifact; band index reported
scene_02-Z0726,3,49,2275.0,,unavailable in GeoTIFF/XML artifact; band index reported
scene_02-Z0726,3,50,2270.5,,unavailable in GeoTIFF/XML artifact; band index reported
scene_02-Z0726,3,51,2215.0,4023.527760350648,unavailable in GeoTIFF/XML artifact; band index reported
scene_02-Z0726,3,52,2230.5,,unavailable in GeoTIFF/XML artifact; band index reported
scene_02-Z0726,3,53,2223.0,,unavailable in GeoTIFF/XML artifact; band index reported
scene_02-Z0726,3,54,2219.5,,unavailable in GeoTIFF/XML artifact; band index reported
scene_02-Z0726,3,55,2203.5,,unavailable in GeoTIFF/XML artifact; band index reported
scene_02-Z0726,3,56,2211.0,,unavailable in GeoTIFF/XML artifact; band index reported
scene_02-Z0726,3,57,2260.0,,unavailable in GeoTIFF/XML artifact; band index reported
scene_02-Z0726,3,58,2166.0,4102.57972895471,unavailable in GeoTIFF/XML artifact; band index reported
scene_02-Z0726,3,59,2127.0,,unavailable in GeoTIFF/XML artifact; band index reported
scene_02-Z0726,3,60,2065.0,,unavailable in GeoTIFF/XML artifact; band index reported
scene_02-Z0726,3,61,1981.5,,unavailable in GeoTIFF/XML artifact; band index reported
scene_02-Z0726,3,62,1993.0,,unavailable in GeoTIFF/XML artifact; band index reported
scene_02-Z0726,3,63,2087.0,,unavailable in GeoTIFF/XML artifact; band index reported
scene_02-Z0726,3,64,2052.0,,unavailable in GeoTIFF/XML artifact; band index reported
scene_02-Z0726,3,65,2020.0,4065.0446674384852,unavailable in GeoTIFF/XML artifact; band index reported
scene_02-Z0726,3,66,2033.5,,unavailable in GeoTIFF/XML artifact; band index reported
scene_02-Z0726,3,67,2010.5,,unavailable in GeoTIFF/XML artifact; band index reported
scene_02-Z0726,3,68,2024.5,,unavailable in GeoTIFF/XML artifact; band index reported
scene_02-Z0726,3,69,2065.5,,unavailable in GeoTIFF/XML artifact; band index reported
scene_02-Z0726,3,70,2067.0,,unavailable in GeoTIFF/XML artifact; band index reported
scene_02-Z0726,3,71,2053.5,,unavailable in GeoTIFF/XML artifact; band index reported
scene_02-Z0726,3,72,2040.0,4050.215776525129,unavailable in GeoTIFF/XML artifact; band index reported
scene_02-Z0726,3,73,1989.5,,unavailable in GeoTIFF/XML artifact; band index reported
scene_02-Z0726,3,74,1981.5,,unavailable in GeoTIFF/XML artifact; band index reported
scene_02-Z0726,3,75,1969.0,,unavailable in GeoTIFF/XML artifact; band index reported
scene_02-Z0726,3,76,1964.5,,unavailable in GeoTIFF/XML artifact; band index reported
scene_02-Z0726,3,77,1939.5,,unavailable in GeoTIFF/XML artifact; band index reported
scene_02-Z0726,3,78,1990.0,,unavailable in GeoTIFF/XML artifact; band index reported
scene_02-Z0726,3,79,2013.5,,unavailable in GeoTIFF/XML artifact; band index reported
scene_02-Z0726,3,80,2162.5,4184.484206899644,unavailable in GeoTIFF/XML artifact; band index reported
scene_02-Z0726,3,81,1919.0,,unavailable in GeoTIFF/XML artifact; band index reported
scene_02-Z0726,3,82,2145.0,,unavailable in GeoTIFF/XML artifact; band index reported
scene_02-Z0726,3,83,1936.0,,unavailable in GeoTIFF/XML artifact; band index reported
scene_02-Z0726,3,84,1857.0,,unavailable in GeoTIFF/XML artifact; band index reported
scene_02-Z0726,3,85,2177.0,,unavailable in GeoTIFF/XML artifact; band index reported
scene_02-Z0726,3,86,1951.5,,unavailable in GeoTIFF/XML artifact; band index reported
scene_02-Z0726,3,87,2080.5,4217.572870382801,unavailable in GeoTIFF/XML artifact; band index reported
scene_02-Z0726,3,88,1820.5,,unavailable in GeoTIFF/XML artifact; band index reported
scene_02-Z0726,3,89,2144.0,,unavailable in GeoTIFF/XML artifact; band index reported
scene_02-Z0726,3,90,1792.5,,unavailable in GeoTIFF/XML artifact; band index reported
scene_02-Z0726,3,91,2201.5,,unavailable in GeoTIFF/XML artifact; band index reported
scene_02-Z0726,3,92,1798.5,,unavailable in GeoTIFF/XML artifact; band index reported
scene_02-Z0726,3,93,1837.5,,unavailable in GeoTIFF/XML artifact; band index reported
scene_02-Z0726,3,94,2230.0,4333.966700834949,unavailable in GeoTIFF/XML artifact; band index reported
scene_02-Z0726,3,95,1843.5,,unavailable in GeoTIFF/XML artifact; band index reported
scene_02-Z0726,3,96,2095.5,,unavailable in GeoTIFF/XML artifact; band index reported
scene_02-Z0726,3,97,1853.5,,unavailable in GeoTIFF/XML artifact; band index reported
scene_02-Z0726,3,98,2080.0,,unavailable in GeoTIFF/XML artifact; band index reported
scene_02-Z0726,3,99,1818.0,,unavailable in GeoTIFF/XML artifact; band index reported
scene_02-Z0726,3,100,1992.5,,unavailable in GeoTIFF/XML artifact; band index reported
scene_02-Z0726,3,101,1812.5,3757.180979821616,unavailable in GeoTIFF/XML artifact; band index reported
scene_02-Z0726,3,102,1956.0,,unavailable in GeoTIFF/XML artifact; band index reported
scene_02-Z0726,3,103,1923.5,,unavailable in GeoTIFF/XML artifact; band index reported
scene_02-Z0726,3,104,1902.0,,unavailable in GeoTIFF/XML artifact; band index reported
scene_02-Z0726,3,105,1883.5,,unavailable in GeoTIFF/XML artifact; band index reported
scene_02-Z0726,3,106,1875.5,,unavailable in GeoTIFF/XML artifact; band index reported
scene_02-Z0726,3,107,1885.0,,unavailable in GeoTIFF/XML artifact; band index reported
scene_02-Z0726,3,108,1919.0,4119.44470923602,unavailable in GeoTIFF/XML artifact; band index reported
scene_02-Z0726,3,109,1910.5,,unavailable in GeoTIFF/XML artifact; band index reported
scene_02-Z0726,3,110,1944.0,,unavailable in GeoTIFF/XML artifact; band index reported
scene_02-Z0726,3,111,1978.5,,unavailable in GeoTIFF/XML artifact; band index reported
scene_02-Z0726,3,112,1893.0,,unavailable in GeoTIFF/XML artifact; band index reported
scene_02-Z0726,3,113,1904.0,,unavailable in GeoTIFF/XML artifact; band index reported
scene_02-Z0726,3,114,1820.0,,unavailable in GeoTIFF/XML artifact; band index reported
scene_02-Z0726,3,115,2007.0,,unavailable in GeoTIFF/XML artifact; band index reported
scene_02-Z0726,3,116,1935.0,4264.452026303014,unavailable in GeoTIFF/XML artifact; band index reported
scene_02-Z0726,3,117,1778.5,,unavailable in GeoTIFF/XML artifact; band index reported
scene_02-Z0726,3,118,1682.5,,unavailable in GeoTIFF/XML artifact; band index reported
scene_02-Z0726,3,119,1620.5,,unavailable in GeoTIFF/XML artifact; band index reported
scene_02-Z0726,3,120,1581.0,,unavailable in GeoTIFF/XML artifact; band index reported
scene_02-Z0726,3,121,1528.5,,unavailable in GeoTIFF/XML artifact; band index reported
scene_02-Z0726,3,122,1473.5,,unavailable in GeoTIFF/XML artifact; band index reported
scene_02-Z0726,3,123,1455.0,3638.128168835215,unavailable in GeoTIFF/XML artifact; band index reported
scene_02-Z0726,3,124,1417.0,,unavailable in GeoTIFF/XML artifact; band index reported
scene_02-Z0726,3,125,1501.0,,unavailable in GeoTIFF/XML artifact; band index reported
scene_02-Z0726,3,126,1485.5,,unavailable in GeoTIFF/XML artifact; band index reported
scene_02-Z0726,3,127,1505.5,,unavailable in GeoTIFF/XML artifact; band index reported
scene_02-Z0726,3,128,1491.0,,unavailable in GeoTIFF/XML artifact; band index reported
scene_02-Z0726,3,129,1507.0,,unavailable in GeoTIFF/XML artifact; band index reported
scene_02-Z0726,3,130,1510.5,3697.105728725079,unavailable in GeoTIFF/XML artifact; band index reported
scene_02-Z0726,3,131,-32768.0,,unavailable in GeoTIFF/XML artifact; band index reported
scene_02-Z0726,3,132,-32768.0,,unavailable in GeoTIFF/XML artifact; band index reported
scene_02-Z0726,3,133,-32768.0,,unavailable in GeoTIFF/XML artifact; band index reported
scene_02-Z0726,3,134,-32768.0,,unavailable in GeoTIFF/XML artifact; band index reported
scene_02-Z0726,3,135,-32768.0,,unavailable in GeoTIFF/XML artifact; band index reported
scene_02-Z0726,3,136,815.0,,unavailable in GeoTIFF/XML artifact; band index reported
scene_02-Z0726,3,137,547.5,1385.8706168393314,unavailable in GeoTIFF/XML artifact; band index reported
scene_02-Z0726,3,138,396.0,,unavailable in GeoTIFF/XML artifact; band index reported
scene_02-Z0726,3,139,323.0,,unavailable in GeoTIFF/XML artifact; band index reported
scene_02-Z0726,3,140,325.5,,unavailable in GeoTIFF/XML artifact; band index reported
scene_02-Z0726,3,141,336.0,,unavailable in GeoTIFF/XML artifact; band index reported
scene_02-Z0726,3,142,353.5,,unavailable in GeoTIFF/XML artifact; band index reported
scene_02-Z0726,3,143,350.5,,unavailable in GeoTIFF/XML artifact; band index reported
scene_02-Z0726,3,144,357.0,1146.0124725007981,unavailable in GeoTIFF/XML artifact; band index reported
scene_02-Z0726,3,145,389.0,,unavailable in GeoTIFF/XML artifact; band index reported
scene_02-Z0726,3,146,414.0,,unavailable in GeoTIFF/XML artifact; band index reported
scene_02-Z0726,3,147,466.0,,unavailable in GeoTIFF/XML artifact; band index reported
scene_02-Z0726,3,148,493.0,,unavailable in GeoTIFF/XML artifact; band index reported
scene_02-Z0726,3,149,506.5,,unavailable in GeoTIFF/XML artifact; band index reported
scene_02-Z0726,3,150,551.0,,unavailable in GeoTIFF/XML artifact; band index reported
scene_02-Z0726,3,151,542.0,,unavailable in GeoTIFF/XML artifact; band index reported
scene_02-Z0726,3,152,553.5,1713.2995919812897,unavailable in GeoTIFF/XML artifact; band index reported
scene_02-Z0726,3,153,573.0,,unavailable in GeoTIFF/XML artifact; band index reported
scene_02-Z0726,3,154,610.5,,unavailable in GeoTIFF/XML artifact; band index reported
scene_02-Z0726,3,155,635.0,,unavailable in GeoTIFF/XML artifact; band index reported
scene_02-Z0726,3,156,671.5,,unavailable in GeoTIFF/XML artifact; band index reported
scene_02-Z0726,3,157,683.5,,unavailable in GeoTIFF/XML artifact; band index reported
scene_02-Z0726,3,158,708.5,,unavailable in GeoTIFF/XML artifact; band index reported
scene_02-Z0726,3,159,727.5,2111.832854444975,unavailable in GeoTIFF/XML artifact; band index reported
scene_02-Z0726,3,160,724.0,,unavailable in GeoTIFF/XML artifact; band index reported
scene_02-Z0726,3,161,746.0,,unavailable in GeoTIFF/XML artifact; band index reported
scene_02-Z0726,3,162,775.5,,unavailable in GeoTIFF/XML artifact; band index reported
scene_02-Z0726,3,163,810.5,,unavailable in GeoTIFF/XML artifact; band index reported
scene_02-Z0726,3,164,827.0,,unavailable in GeoTIFF/XML artifact; band index reported
scene_02-Z0726,3,165,800.5,,unavailable in GeoTIFF/XML artifact; band index reported
scene_02-Z0726,3,166,875.5,2397.743743529186,unavailable in GeoTIFF/XML artifact; band index reported
scene_02-Z0726,3,167,208.0,,unavailable in GeoTIFF/XML artifact; band index reported
scene_02-Z0726,3,168,231.5,,unavailable in GeoTIFF/XML artifact; band index reported
scene_02-Z0726,3,169,229.5,,unavailable in GeoTIFF/XML artifact; band index reported
scene_02-Z0726,3,170,212.5,,unavailable in GeoTIFF/XML artifact; band index reported
scene_02-Z0726,3,171,93.5,,unavailable in GeoTIFF/XML artifact; band index reported
scene_02-Z0726,3,172,189.5,,unavailable in GeoTIFF/XML artifact; band index reported
scene_02-Z0726,3,173,231.5,620.0160149725663,unavailable in GeoTIFF/XML artifact; band index reported
scene_02-Z0726,3,174,248.5,,unavailable in GeoTIFF/XML artifact; band index reported
scene_02-Z0726,3,175,265.0,,unavailable in GeoTIFF/XML artifact; band index reported
scene_02-Z0726,3,176,215.5,,unavailable in GeoTIFF/XML artifact; band index reported
scene_02-Z0726,3,177,200.0,,unavailable in GeoTIFF/XML artifact; band index reported
scene_02-Z0726,3,178,261.5,,unavailable in GeoTIFF/XML artifact; band index reported
scene_02-Z0726,3,179,297.5,,unavailable in GeoTIFF/XML artifact; band index reported
scene_02-Z0726,3,180,318.5,814.1379422466697,unavailable in GeoTIFF/XML artifact; band index reported
scene_02-Z0726,3,181,324.0,,unavailable in GeoTIFF/XML artifact; band index reported
scene_02-Z0726,3,182,334.5,,unavailable in GeoTIFF/XML artifact; band index reported
scene_02-Z0726,3,183,338.5,,unavailable in GeoTIFF/XML artifact; band index reported
scene_02-Z0726,3,184,354.0,,unavailable in GeoTIFF/XML artifact; band index reported
scene_02-Z0726,3,185,427.0,,unavailable in GeoTIFF/XML artifact; band index reported
scene_02-Z0726,3,186,427.5,,unavailable in GeoTIFF/XML artifact; band index reported
scene_02-Z0726,3,187,447.0,,unavailable in GeoTIFF/XML artifact; band index reported
scene_02-Z0726,3,188,479.5,1354.1786441418403,unavailable in GeoTIFF/XML artifact; band index reported
scene_02-Z0726,3,189,506.0,,unavailable in GeoTIFF/XML artifact; band index reported
scene_02-Z0726,3,190,516.0,,unavailable in GeoTIFF/XML artifact; band index reported
scene_02-Z0726,3,191,530.5,,unavailable in GeoTIFF/XML artifact; band index reported
scene_02-Z0726,3,192,550.0,,unavailable in GeoTIFF/XML artifact; band index reported
scene_02-Z0726,3,193,588.5,,unavailable in GeoTIFF/XML artifact; band index reported
scene_02-Z0726,3,194,620.5,,unavailable in GeoTIFF/XML artifact; band index reported
scene_02-Z0726,3,195,635.0,1766.3885489005581,unavailable in GeoTIFF/XML artifact; band index reported
scene_02-Z0726,3,196,623.5,,unavailable in GeoTIFF/XML artifact; band index reported
scene_02-Z0726,3,197,647.5,,unavailable in GeoTIFF/XML artifact; band index reported
scene_02-Z0726,3,198,649.0,,unavailable in GeoTIFF/XML artifact; band index reported
scene_02-Z0726,3,199,631.5,,unavailable in GeoTIFF/XML artifact; band index reported
scene_02-Z0726,3,200,639.0,,unavailable in GeoTIFF/XML artifact; band index reported
scene_02-Z0726,3,201,619.5,,unavailable in GeoTIFF/XML artifact; band index reported
scene_02-Z0726,3,202,602.0,1708.6980116632828,unavailable in GeoTIFF/XML artifact; band index reported
scene_02-Z0726,3,203,575.5,,unavailable in GeoTIFF/XML artifact; band index reported
scene_02-Z0726,3,204,540.5,,unavailable in GeoTIFF/XML artifact; band index reported
scene_02-Z0726,3,205,505.5,,unavailable in GeoTIFF/XML artifact; band index reported
scene_02-Z0726,3,206,489.5,,unavailable in GeoTIFF/XML artifact; band index reported
scene_02-Z0726,3,207,457.0,,unavailable in GeoTIFF/XML artifact; band index reported
scene_02-Z0726,3,208,454.0,,unavailable in GeoTIFF/XML artifact; band index reported
scene_02-Z0726,3,209,427.5,1205.8682828381327,unavailable in GeoTIFF/XML artifact; band index reported
scene_02-Z0726,3,210,404.5,,unavailable in GeoTIFF/XML artifact; band index reported
scene_02-Z0726,3,211,377.0,,unavailable in GeoTIFF/XML artifact; band index reported
scene_02-Z0726,3,212,393.5,,unavailable in GeoTIFF/XML artifact; band index reported
scene_02-Z0726,3,213,344.0,,unavailable in GeoTIFF/XML artifact; band index reported
scene_02-Z0726,3,214,363.0,,unavailable in GeoTIFF/XML artifact; band index reported
scene_02-Z0726,3,215,328.5,,unavailable in GeoTIFF/XML artifact; band index reported
scene_02-Z0726,3,216,338.5,972.0827768821342,unavailable in GeoTIFF/XML artifact; band index reported
scene_02-Z0726,3,217,335.0,,unavailable in GeoTIFF/XML artifact; band index reported
scene_02-Z0726,3,218,318.5,,unavailable in GeoTIFF/XML artifact; band index reported
scene_02-Z0726,3,219,347.0,,unavailable in GeoTIFF/XML artifact; band index reported
scene_02-Z0726,3,220,288.5,,unavailable in GeoTIFF/XML artifact; band index reported
scene_02-Z0726,3,221,322.0,,unavailable in GeoTIFF/XML artifact; band index reported
scene_02-Z0726,3,222,281.0,,unavailable in GeoTIFF/XML artifact; band index reported
scene_02-Z0726,3,223,297.0,,unavailable in GeoTIFF/XML artifact; band index reported
scene_02-Z0726,3,224,289.5,725.5769590304819,unavailable in GeoTIFF/XML artifact; band index reported
scene_02-Z0741,4,1,1113.0,3903.5687642480493,unavailable in GeoTIFF/XML artifact; band index reported
scene_02-Z0741,4,2,1132.0,,unavailable in GeoTIFF/XML artifact; band index reported
scene_02-Z0741,4,3,1165.5999755859375,,unavailable in GeoTIFF/XML artifact; band index reported
scene_02-Z0741,4,4,1153.4000244140625,,unavailable in GeoTIFF/XML artifact; band index reported
scene_02-Z0741,4,5,1206.0,,unavailable in GeoTIFF/XML artifact; band index reported
scene_02-Z0741,4,6,1201.800048828125,,unavailable in GeoTIFF/XML artifact; band index reported
scene_02-Z0741,4,7,1238.4000244140625,,unavailable in GeoTIFF/XML artifact; band index reported
scene_02-Z0741,4,8,1313.800048828125,3925.551270116211,unavailable in GeoTIFF/XML artifact; band index reported
scene_02-Z0741,4,9,1307.5999755859375,,unavailable in GeoTIFF/XML artifact; band index reported
scene_02-Z0741,4,10,1361.199951171875,,unavailable in GeoTIFF/XML artifact; band index reported
scene_02-Z0741,4,11,1398.800048828125,,unavailable in GeoTIFF/XML artifact; band index reported
scene_02-Z0741,4,12,1362.4000244140625,,unavailable in GeoTIFF/XML artifact; band index reported
scene_02-Z0741,4,13,1356.5999755859375,,unavailable in GeoTIFF/XML artifact; band index reported
scene_02-Z0741,4,14,1431.0,,unavailable in GeoTIFF/XML artifact; band index reported
scene_02-Z0741,4,15,1443.199951171875,3942.6649578306146,unavailable in GeoTIFF/XML artifact; band index reported
scene_02-Z0741,4,16,1426.800048828125,,unavailable in GeoTIFF/XML artifact; band index reported
scene_02-Z0741,4,17,1473.0,,unavailable in GeoTIFF/XML artifact; band index reported
scene_02-Z0741,4,18,1452.800048828125,,unavailable in GeoTIFF/XML artifact; band index reported
scene_02-Z0741,4,19,1471.4000244140625,,unavailable in GeoTIFF/XML artifact; band index reported
scene_02-Z0741,4,20,1499.199951171875,,unavailable in GeoTIFF/XML artifact; band index reported
scene_02-Z0741,4,21,1518.4000244140625,,unavailable in GeoTIFF/XML artifact; band index reported
scene_02-Z0741,4,22,1514.199951171875,3933.650157834212,unavailable in GeoTIFF/XML artifact; band index reported
scene_02-Z0741,4,23,1531.199951171875,,unavailable in GeoTIFF/XML artifact; band index reported
scene_02-Z0741,4,24,1528.0,,unavailable in GeoTIFF/XML artifact; band index reported
scene_02-Z0741,4,25,1543.800048828125,,unavailable in GeoTIFF/XML artifact; band index reported
scene_02-Z0741,4,26,1578.199951171875,,unavailable in GeoTIFF/XML artifact; band index reported
scene_02-Z0741,4,27,1559.0,,unavailable in GeoTIFF/XML artifact; band index reported
scene_02-Z0741,4,28,1585.199951171875,,unavailable in GeoTIFF/XML artifact; band index reported
scene_02-Z0741,4,29,1610.0,3930.7107380000457,unavailable in GeoTIFF/XML artifact; band index reported
scene_02-Z0741,4,30,1625.800048828125,,unavailable in GeoTIFF/XML artifact; band index reported
scene_02-Z0741,4,31,1646.0,,unavailable in GeoTIFF/XML artifact; band index reported
scene_02-Z0741,4,32,1639.199951171875,,unavailable in GeoTIFF/XML artifact; band index reported
scene_02-Z0741,4,33,1641.199951171875,,unavailable in GeoTIFF/XML artifact; band index reported
scene_02-Z0741,4,34,1659.800048828125,,unavailable in GeoTIFF/XML artifact; band index reported
scene_02-Z0741,4,35,1698.800048828125,,unavailable in GeoTIFF/XML artifact; band index reported
scene_02-Z0741,4,36,1724.0,3910.678847702552,unavailable in GeoTIFF/XML artifact; band index reported
scene_02-Z0741,4,37,1745.800048828125,,unavailable in GeoTIFF/XML artifact; band index reported
scene_02-Z0741,4,38,1747.800048828125,,unavailable in GeoTIFF/XML artifact; band index reported
scene_02-Z0741,4,39,1742.0,,unavailable in GeoTIFF/XML artifact; band index reported
scene_02-Z0741,4,40,1775.0,,unavailable in GeoTIFF/XML artifact; band index reported
scene_02-Z0741,4,41,1782.0,,unavailable in GeoTIFF/XML artifact; band index reported
scene_02-Z0741,4,42,1790.0,,unavailable in GeoTIFF/XML artifact; band index reported
scene_02-Z0741,4,43,1793.5999755859375,,unavailable in GeoTIFF/XML artifact; band index reported
scene_02-Z0741,4,44,1839.5999755859375,4004.6816681009223,unavailable in GeoTIFF/XML artifact; band index reported
scene_02-Z0741,4,45,1842.800048828125,,unavailable in GeoTIFF/XML artifact; band index reported
scene_02-Z0741,4,46,1853.4000244140625,,unavailable in GeoTIFF/XML artifact; band index reported
scene_02-Z0741,4,47,1865.199951171875,,unavailable in GeoTIFF/XML artifact; band index reported
scene_02-Z0741,4,48,1903.5999755859375,,unavailable in GeoTIFF/XML artifact; band index reported
scene_02-Z0741,4,49,1901.5999755859375,,unavailable in GeoTIFF/XML artifact; band index reported
scene_02-Z0741,4,50,1906.4000244140625,,unavailable in GeoTIFF/XML artifact; band index reported
scene_02-Z0741,4,51,1953.0,4023.527760350648,unavailable in GeoTIFF/XML artifact; band index reported
scene_02-Z0741,4,52,1937.199951171875,,unavailable in GeoTIFF/XML artifact; band index reported
scene_02-Z0741,4,53,1954.0,,unavailable in GeoTIFF/XML artifact; band index reported
scene_02-Z0741,4,54,1956.5999755859375,,unavailable in GeoTIFF/XML artifact; band index reported
scene_02-Z0741,4,55,1985.4000244140625,,unavailable in GeoTIFF/XML artifact; band index reported
scene_02-Z0741,4,56,2029.5999755859375,,unavailable in GeoTIFF/XML artifact; band index reported
scene_02-Z0741,4,57,2068.800048828125,,unavailable in GeoTIFF/XML artifact; band index reported
scene_02-Z0741,4,58,2049.39990234375,4102.57972895471,unavailable in GeoTIFF/XML artifact; band index reported
scene_02-Z0741,4,59,2020.0,,unavailable in GeoTIFF/XML artifact; band index reported
scene_02-Z0741,4,60,1991.5999755859375,,unavailable in GeoTIFF/XML artifact; band index reported
scene_02-Z0741,4,61,1969.0,,unavailable in GeoTIFF/XML artifact; band index reported
scene_02-Z0741,4,62,1934.800048828125,,unavailable in GeoTIFF/XML artifact; band index reported
scene_02-Z0741,4,63,2055.199951171875,,unavailable in GeoTIFF/XML artifact; band index reported
scene_02-Z0741,4,64,2071.39990234375,,unavailable in GeoTIFF/XML artifact; band index reported
scene_02-Z0741,4,65,2070.800048828125,4065.0446674384852,unavailable in GeoTIFF/XML artifact; band index reported
scene_02-Z0741,4,66,2105.60009765625,,unavailable in GeoTIFF/XML artifact; band index reported
scene_02-Z0741,4,67,2067.60009765625,,unavailable in GeoTIFF/XML artifact; band index reported
scene_02-Z0741,4,68,2121.39990234375,,unavailable in GeoTIFF/XML artifact; band index reported
scene_02-Z0741,4,69,2188.39990234375,,unavailable in GeoTIFF/XML artifact; band index reported
scene_02-Z0741,4,70,2202.800048828125,,unavailable in GeoTIFF/XML artifact; band index reported
scene_02-Z0741,4,71,2180.199951171875,,unavailable in GeoTIFF/XML artifact; band index reported
scene_02-Z0741,4,72,2193.800048828125,4050.215776525129,unavailable in GeoTIFF/XML artifact; band index reported
scene_02-Z0741,4,73,2136.39990234375,,unavailable in GeoTIFF/XML artifact; band index reported
scene_02-Z0741,4,74,2173.800048828125,,unavailable in GeoTIFF/XML artifact; band index reported
scene_02-Z0741,4,75,2168.0,,unavailable in GeoTIFF/XML artifact; band index reported
scene_02-Z0741,4,76,2171.199951171875,,unavailable in GeoTIFF/XML artifact; band index reported
scene_02-Z0741,4,77,2157.0,,unavailable in GeoTIFF/XML artifact; band index reported
scene_02-Z0741,4,78,2211.60009765625,,unavailable in GeoTIFF/XML artifact; band index reported
scene_02-Z0741,4,79,2290.0,,unavailable in GeoTIFF/XML artifact; band index reported
scene_02-Z0741,4,80,2251.800048828125,4184.484206899644,unavailable in GeoTIFF/XML artifact; band index reported
scene_02-Z0741,4,81,2181.60009765625,,unavailable in GeoTIFF/XML artifact; band index reported
scene_02-Z0741,4,82,2257.0,,unavailable in GeoTIFF/XML artifact; band index reported
scene_02-Z0741,4,83,2205.0,,unavailable in GeoTIFF/XML artifact; band index reported
scene_02-Z0741,4,84,2128.0,,unavailable in GeoTIFF/XML artifact; band index reported
scene_02-Z0741,4,85,2305.0,,unavailable in GeoTIFF/XML artifact; band index reported
scene_02-Z0741,4,86,2285.0,,unavailable in GeoTIFF/XML artifact; band index reported
scene_02-Z0741,4,87,2341.0,4217.572870382801,unavailable in GeoTIFF/XML artifact; band index reported
scene_02-Z0741,4,88,2197.800048828125,,unavailable in GeoTIFF/XML artifact; band index reported
scene_02-Z0741,4,89,2286.199951171875,,unavailable in GeoTIFF/XML artifact; band index reported
scene_02-Z0741,4,90,2121.60009765625,,unavailable in GeoTIFF/XML artifact; band index reported
scene_02-Z0741,4,91,2375.60009765625,,unavailable in GeoTIFF/XML artifact; band index reported
scene_02-Z0741,4,92,2158.199951171875,,unavailable in GeoTIFF/XML artifact; band index reported
scene_02-Z0741,4,93,2183.800048828125,,unavailable in GeoTIFF/XML artifact; band index reported
scene_02-Z0741,4,94,2408.0,4333.966700834949,unavailable in GeoTIFF/XML artifact; band index reported
scene_02-Z0741,4,95,2194.800048828125,,unavailable in GeoTIFF/XML artifact; band index reported
scene_02-Z0741,4,96,2328.199951171875,,unavailable in GeoTIFF/XML artifact; band index reported
scene_02-Z0741,4,97,2230.39990234375,,unavailable in GeoTIFF/XML artifact; band index reported
scene_02-Z0741,4,98,2331.800048828125,,unavailable in GeoTIFF/XML artifact; band index reported
scene_02-Z0741,4,99,2187.800048828125,,unavailable in GeoTIFF/XML artifact; band index reported
scene_02-Z0741,4,100,2286.60009765625,,unavailable in GeoTIFF/XML artifact; band index reported
scene_02-Z0741,4,101,2182.199951171875,3757.180979821616,unavailable in GeoTIFF/XML artifact; band index reported
scene_02-Z0741,4,102,2282.800048828125,,unavailable in GeoTIFF/XML artifact; band index reported
scene_02-Z0741,4,103,2276.39990234375,,unavailable in GeoTIFF/XML artifact; band index reported
scene_02-Z0741,4,104,2285.0,,unavailable in GeoTIFF/XML artifact; band index reported
scene_02-Z0741,4,105,2267.60009765625,,unavailable in GeoTIFF/XML artifact; band index reported
scene_02-Z0741,4,106,2262.800048828125,,unavailable in GeoTIFF/XML artifact; band index reported
scene_02-Z0741,4,107,2273.0,,unavailable in GeoTIFF/XML artifact; band index reported
scene_02-Z0741,4,108,2296.39990234375,4119.44470923602,unavailable in GeoTIFF/XML artifact; band index reported
scene_02-Z0741,4,109,2311.199951171875,,unavailable in GeoTIFF/XML artifact; band index reported
scene_02-Z0741,4,110,2346.199951171875,,unavailable in GeoTIFF/XML artifact; band index reported
scene_02-Z0741,4,111,2434.60009765625,,unavailable in GeoTIFF/XML artifact; band index reported
scene_02-Z0741,4,112,2503.199951171875,,unavailable in GeoTIFF/XML artifact; band index reported
scene_02-Z0741,4,113,2346.0,,unavailable in GeoTIFF/XML artifact; band index reported
scene_02-Z0741,4,114,2317.800048828125,,unavailable in GeoTIFF/XML artifact; band index reported
scene_02-Z0741,4,115,2503.39990234375,,unavailable in GeoTIFF/XML artifact; band index reported
scene_02-Z0741,4,116,2513.60009765625,4264.452026303014,unavailable in GeoTIFF/XML artifact; band index reported
scene_02-Z0741,4,117,2408.0,,unavailable in GeoTIFF/XML artifact; band index reported
scene_02-Z0741,4,118,2357.39990234375,,unavailable in GeoTIFF/XML artifact; band index reported
scene_02-Z0741,4,119,2347.39990234375,,unavailable in GeoTIFF/XML artifact; band index reported
scene_02-Z0741,4,120,2340.800048828125,,unavailable in GeoTIFF/XML artifact; band index reported
scene_02-Z0741,4,121,2333.60009765625,,unavailable in GeoTIFF/XML artifact; band index reported
scene_02-Z0741,4,122,2327.199951171875,,unavailable in GeoTIFF/XML artifact; band index reported
scene_02-Z0741,4,123,2326.39990234375,3638.128168835215,unavailable in GeoTIFF/XML artifact; band index reported
scene_02-Z0741,4,124,2313.60009765625,,unavailable in GeoTIFF/XML artifact; band index reported
scene_02-Z0741,4,125,2396.0,,unavailable in GeoTIFF/XML artifact; band index reported
scene_02-Z0741,4,126,2423.800048828125,,unavailable in GeoTIFF/XML artifact; band index reported
scene_02-Z0741,4,127,2466.800048828125,,unavailable in GeoTIFF/XML artifact; band index reported
scene_02-Z0741,4,128,2506.800048828125,,unavailable in GeoTIFF/XML artifact; band index reported
scene_02-Z0741,4,129,2540.39990234375,,unavailable in GeoTIFF/XML artifact; band index reported
scene_02-Z0741,4,130,2599.800048828125,3697.105728725079,unavailable in GeoTIFF/XML artifact; band index reported
scene_02-Z0741,4,131,-32768.0,,unavailable in GeoTIFF/XML artifact; band index reported
scene_02-Z0741,4,132,-32768.0,,unavailable in GeoTIFF/XML artifact; band index reported
scene_02-Z0741,4,133,-32768.0,,unavailable in GeoTIFF/XML artifact; band index reported
scene_02-Z0741,4,134,-32768.0,,unavailable in GeoTIFF/XML artifact; band index reported
scene_02-Z0741,4,135,-32768.0,,unavailable in GeoTIFF/XML artifact; band index reported
scene_02-Z0741,4,136,2190.800048828125,,unavailable in GeoTIFF/XML artifact; band index reported
scene_02-Z0741,4,137,2108.199951171875,1385.8706168393314,unavailable in GeoTIFF/XML artifact; band index reported
scene_02-Z0741,4,138,2059.0,,unavailable in GeoTIFF/XML artifact; band index reported
scene_02-Z0741,4,139,2116.0,,unavailable in GeoTIFF/XML artifact; band index reported
scene_02-Z0741,4,140,2058.60009765625,,unavailable in GeoTIFF/XML artifact; band index reported
scene_02-Z0741,4,141,2043.199951171875,,unavailable in GeoTIFF/XML artifact; band index reported
scene_02-Z0741,4,142,2070.800048828125,,unavailable in GeoTIFF/XML artifact; band index reported
scene_02-Z0741,4,143,2055.39990234375,,unavailable in GeoTIFF/XML artifact; band index reported
scene_02-Z0741,4,144,2077.39990234375,1146.0124725007981,unavailable in GeoTIFF/XML artifact; band index reported
scene_02-Z0741,4,145,2118.60009765625,,unavailable in GeoTIFF/XML artifact; band index reported
scene_02-Z0741,4,146,2151.60009765625,,unavailable in GeoTIFF/XML artifact; band index reported
scene_02-Z0741,4,147,2212.39990234375,,unavailable in GeoTIFF/XML artifact; band index reported
scene_02-Z0741,4,148,2259.0,,unavailable in GeoTIFF/XML artifact; band index reported
scene_02-Z0741,4,149,2264.60009765625,,unavailable in GeoTIFF/XML artifact; band index reported
scene_02-Z0741,4,150,2345.39990234375,,unavailable in GeoTIFF/XML artifact; band index reported
scene_02-Z0741,4,151,2383.199951171875,,unavailable in GeoTIFF/XML artifact; band index reported
scene_02-Z0741,4,152,2378.60009765625,1713.2995919812897,unavailable in GeoTIFF/XML artifact; band index reported
scene_02-Z0741,4,153,2420.60009765625,,unavailable in GeoTIFF/XML artifact; band index reported
scene_02-Z0741,4,154,2452.60009765625,,unavailable in GeoTIFF/XML artifact; band index reported
scene_02-Z0741,4,155,2497.60009765625,,unavailable in GeoTIFF/XML artifact; band index reported
scene_02-Z0741,4,156,2537.60009765625,,unavailable in GeoTIFF/XML artifact; band index reported
scene_02-Z0741,4,157,2592.0,,unavailable in GeoTIFF/XML artifact; band index reported
scene_02-Z0741,4,158,2609.199951171875,,unavailable in GeoTIFF/XML artifact; band index reported
scene_02-Z0741,4,159,2668.39990234375,2111.832854444975,unavailable in GeoTIFF/XML artifact; band index reported
scene_02-Z0741,4,160,2714.199951171875,,unavailable in GeoTIFF/XML artifact; band index reported
scene_02-Z0741,4,161,2732.800048828125,,unavailable in GeoTIFF/XML artifact; band index reported
scene_02-Z0741,4,162,2745.800048828125,,unavailable in GeoTIFF/XML artifact; band index reported
scene_02-Z0741,4,163,2790.800048828125,,unavailable in GeoTIFF/XML artifact; band index reported
scene_02-Z0741,4,164,2799.0,,unavailable in GeoTIFF/XML artifact; band index reported
scene_02-Z0741,4,165,2907.800048828125,,unavailable in GeoTIFF/XML artifact; band index reported
scene_02-Z0741,4,166,2951.60009765625,2397.743743529186,unavailable in GeoTIFF/XML artifact; band index reported
scene_02-Z0741,4,167,2142.800048828125,,unavailable in GeoTIFF/XML artifact; band index reported
scene_02-Z0741,4,168,2260.39990234375,,unavailable in GeoTIFF/XML artifact; band index reported
scene_02-Z0741,4,169,2219.60009765625,,unavailable in GeoTIFF/XML artifact; band index reported
scene_02-Z0741,4,170,1970.800048828125,,unavailable in GeoTIFF/XML artifact; band index reported
scene_02-Z0741,4,171,1429.0,,unavailable in GeoTIFF/XML artifact; band index reported
scene_02-Z0741,4,172,1805.5999755859375,,unavailable in GeoTIFF/XML artifact; band index reported
scene_02-Z0741,4,173,2455.39990234375,620.0160149725663,unavailable in GeoTIFF/XML artifact; band index reported
scene_02-Z0741,4,174,2367.800048828125,,unavailable in GeoTIFF/XML artifact; band index reported
scene_02-Z0741,4,175,2339.800048828125,,unavailable in GeoTIFF/XML artifact; band index reported
scene_02-Z0741,4,176,2062.199951171875,,unavailable in GeoTIFF/XML artifact; band index reported
scene_02-Z0741,4,177,2096.800048828125,,unavailable in GeoTIFF/XML artifact; band index reported
scene_02-Z0741,4,178,2319.60009765625,,unavailable in GeoTIFF/XML artifact; band index reported
scene_02-Z0741,4,179,2529.39990234375,,unavailable in GeoTIFF/XML artifact; band index reported
scene_02-Z0741,4,180,2486.0,814.1379422466697,unavailable in GeoTIFF/XML artifact; band index reported
scene_02-Z0741,4,181,2454.39990234375,,unavailable in GeoTIFF/XML artifact; band index reported
scene_02-Z0741,4,182,2447.39990234375,,unavailable in GeoTIFF/XML artifact; band index reported
scene_02-Z0741,4,183,2452.60009765625,,unavailable in GeoTIFF/XML artifact; band index reported
scene_02-Z0741,4,184,2459.0,,unavailable in GeoTIFF/XML artifact; band index reported
scene_02-Z0741,4,185,2493.800048828125,,unavailable in GeoTIFF/XML artifact; band index reported
scene_02-Z0741,4,186,2506.199951171875,,unavailable in GeoTIFF/XML artifact; band index reported
scene_02-Z0741,4,187,2499.39990234375,,unavailable in GeoTIFF/XML artifact; band index reported
scene_02-Z0741,4,188,2515.199951171875,1354.1786441418403,unavailable in GeoTIFF/XML artifact; band index reported
scene_02-Z0741,4,189,2547.0,,unavailable in GeoTIFF/XML artifact; band index reported
scene_02-Z0741,4,190,2551.800048828125,,unavailable in GeoTIFF/XML artifact; band index reported
scene_02-Z0741,4,191,2549.199951171875,,unavailable in GeoTIFF/XML artifact; band index reported
scene_02-Z0741,4,192,2519.39990234375,,unavailable in GeoTIFF/XML artifact; band index reported
scene_02-Z0741,4,193,2470.199951171875,,unavailable in GeoTIFF/XML artifact; band index reported
scene_02-Z0741,4,194,2558.0,,unavailable in GeoTIFF/XML artifact; band index reported
scene_02-Z0741,4,195,2531.800048828125,1766.3885489005581,unavailable in GeoTIFF/XML artifact; band index reported
scene_02-Z0741,4,196,2506.800048828125,,unavailable in GeoTIFF/XML artifact; band index reported
scene_02-Z0741,4,197,2483.800048828125,,unavailable in GeoTIFF/XML artifact; band index reported
scene_02-Z0741,4,198,2413.39990234375,,unavailable in GeoTIFF/XML artifact; band index reported
scene_02-Z0741,4,199,2365.0,,unavailable in GeoTIFF/XML artifact; band index reported
scene_02-Z0741,4,200,2301.60009765625,,unavailable in GeoTIFF/XML artifact; band index reported
scene_02-Z0741,4,201,2330.800048828125,,unavailable in GeoTIFF/XML artifact; band index reported
scene_02-Z0741,4,202,2288.0,1708.6980116632828,unavailable in GeoTIFF/XML artifact; band index reported
scene_02-Z0741,4,203,2275.0,,unavailable in GeoTIFF/XML artifact; band index reported
scene_02-Z0741,4,204,2196.0,,unavailable in GeoTIFF/XML artifact; band index reported
scene_02-Z0741,4,205,2128.800048828125,,unavailable in GeoTIFF/XML artifact; band index reported
scene_02-Z0741,4,206,2127.199951171875,,unavailable in GeoTIFF/XML artifact; band index reported
scene_02-Z0741,4,207,1978.800048828125,,unavailable in GeoTIFF/XML artifact; band index reported
scene_02-Z0741,4,208,2026.800048828125,,unavailable in GeoTIFF/XML artifact; band index reported
scene_02-Z0741,4,209,1890.199951171875,1205.8682828381327,unavailable in GeoTIFF/XML artifact; band index reported
scene_02-Z0741,4,210,1811.5999755859375,,unavailable in GeoTIFF/XML artifact; band index reported
scene_02-Z0741,4,211,1808.0,,unavailable in GeoTIFF/XML artifact; band index reported
scene_02-Z0741,4,212,1851.5999755859375,,unavailable in GeoTIFF/XML artifact; band index reported
scene_02-Z0741,4,213,1798.0,,unavailable in GeoTIFF/XML artifact; band index reported
scene_02-Z0741,4,214,1787.800048828125,,unavailable in GeoTIFF/XML artifact; band index reported
scene_02-Z0741,4,215,1927.800048828125,,unavailable in GeoTIFF/XML artifact; band index reported
scene_02-Z0741,4,216,1957.199951171875,972.0827768821342,unavailable in GeoTIFF/XML artifact; band index reported
scene_02-Z0741,4,217,1851.199951171875,,unavailable in GeoTIFF/XML artifact; band index reported
scene_02-Z0741,4,218,1811.5999755859375,,unavailable in GeoTIFF/XML artifact; band index reported
scene_02-Z0741,4,219,1880.0,,unavailable in GeoTIFF/XML artifact; band index reported
scene_02-Z0741,4,220,1849.0,,unavailable in GeoTIFF/XML artifact; band index reported
scene_02-Z0741,4,221,1817.0,,unavailable in GeoTIFF/XML artifact; band index reported
scene_02-Z0741,4,222,1698.4000244140625,,unavailable in GeoTIFF/XML artifact; band index reported
scene_02-Z0741,4,223,1822.0,,unavailable in GeoTIFF/XML artifact; band index reported
scene_02-Z0741,4,224,1674.5999755859375,725.5769590304819,unavailable in GeoTIFF/XML artifact; band index reported
scene_02-Z0815,5,1,4430.0908203125,3903.5687642480493,unavailable in GeoTIFF/XML artifact; band index reported
scene_02-Z0815,5,2,4312.54541015625,,unavailable in GeoTIFF/XML artifact; band index reported
scene_02-Z0815,5,3,4213.63623046875,,unavailable in GeoTIFF/XML artifact; band index reported
scene_02-Z0815,5,4,4216.0,,unavailable in GeoTIFF/XML artifact; band index reported
scene_02-Z0815,5,5,4170.36376953125,,unavailable in GeoTIFF/XML artifact; band index reported
scene_02-Z0815,5,6,4015.727294921875,,unavailable in GeoTIFF/XML artifact; band index reported
scene_02-Z0815,5,7,3987.727294921875,,unavailable in GeoTIFF/XML artifact; band index reported
scene_02-Z0815,5,8,3934.0908203125,3925.551270116211,unavailable in GeoTIFF/XML artifact; band index reported
scene_02-Z0815,5,9,3846.9091796875,,unavailable in GeoTIFF/XML artifact; band index reported
scene_02-Z0815,5,10,3815.636474609375,,unavailable in GeoTIFF/XML artifact; band index reported
scene_02-Z0815,5,11,3708.272705078125,,unavailable in GeoTIFF/XML artifact; band index reported
scene_02-Z0815,5,12,3660.636474609375,,unavailable in GeoTIFF/XML artifact; band index reported
scene_02-Z0815,5,13,3577.727294921875,,unavailable in GeoTIFF/XML artifact; band index reported
scene_02-Z0815,5,14,3576.272705078125,,unavailable in GeoTIFF/XML artifact; band index reported
scene_02-Z0815,5,15,3553.181884765625,3942.6649578306146,unavailable in GeoTIFF/XML artifact; band index reported
scene_02-Z0815,5,16,3476.9091796875,,unavailable in GeoTIFF/XML artifact; band index reported
scene_02-Z0815,5,17,3422.272705078125,,unavailable in GeoTIFF/XML artifact; band index reported
scene_02-Z0815,5,18,3368.727294921875,,unavailable in GeoTIFF/XML artifact; band index reported
scene_02-Z0815,5,19,3316.0,,unavailable in GeoTIFF/XML artifact; band index reported
scene_02-Z0815,5,20,3272.272705078125,,unavailable in GeoTIFF/XML artifact; band index reported
scene_02-Z0815,5,21,3261.181884765625,,unavailable in GeoTIFF/XML artifact; band index reported
scene_02-Z0815,5,22,3213.727294921875,3933.650157834212,unavailable in GeoTIFF/XML artifact; band index reported
scene_02-Z0815,5,23,3155.363525390625,,unavailable in GeoTIFF/XML artifact; band index reported
scene_02-Z0815,5,24,3097.0908203125,,unavailable in GeoTIFF/XML artifact; band index reported
scene_02-Z0815,5,25,3055.727294921875,,unavailable in GeoTIFF/XML artifact; band index reported
scene_02-Z0815,5,26,3037.818115234375,,unavailable in GeoTIFF/XML artifact; band index reported
scene_02-Z0815,5,27,2979.0,,unavailable in GeoTIFF/XML artifact; band index reported
scene_02-Z0815,5,28,2941.181884765625,,unavailable in GeoTIFF/XML artifact; band index reported
scene_02-Z0815,5,29,2917.181884765625,3930.7107380000457,unavailable in GeoTIFF/XML artifact; band index reported
scene_02-Z0815,5,30,2849.181884765625,,unavailable in GeoTIFF/XML artifact; band index reported
scene_02-Z0815,5,31,2833.727294921875,,unavailable in GeoTIFF/XML artifact; band index reported
scene_02-Z0815,5,32,2760.727294921875,,unavailable in GeoTIFF/XML artifact; band index reported
scene_02-Z0815,5,33,2697.54541015625,,unavailable in GeoTIFF/XML artifact; band index reported
scene_02-Z0815,5,34,2726.0,,unavailable in GeoTIFF/XML artifact; band index reported
scene_02-Z0815,5,35,2699.0908203125,,unavailable in GeoTIFF/XML artifact; band index reported
scene_02-Z0815,5,36,2681.45458984375,3910.678847702552,unavailable in GeoTIFF/XML artifact; band index reported
scene_02-Z0815,5,37,2650.818115234375,,unavailable in GeoTIFF/XML artifact; band index reported
scene_02-Z0815,5,38,2619.363525390625,,unavailable in GeoTIFF/XML artifact; band index reported
scene_02-Z0815,5,39,2595.0,,unavailable in GeoTIFF/XML artifact; band index reported
scene_02-Z0815,5,40,2574.0908203125,,unavailable in GeoTIFF/XML artifact; band index reported
scene_02-Z0815,5,41,2560.363525390625,,unavailable in GeoTIFF/XML artifact; band index reported
scene_02-Z0815,5,42,2514.0908203125,,unavailable in GeoTIFF/XML artifact; band index reported
scene_02-Z0815,5,43,2505.0908203125,,unavailable in GeoTIFF/XML artifact; band index reported
scene_02-Z0815,5,44,2498.181884765625,4004.6816681009223,unavailable in GeoTIFF/XML artifact; band index reported
scene_02-Z0815,5,45,2502.363525390625,,unavailable in GeoTIFF/XML artifact; band index reported
scene_02-Z0815,5,46,2472.45458984375,,unavailable in GeoTIFF/XML artifact; band index reported
scene_02-Z0815,5,47,2436.818115234375,,unavailable in GeoTIFF/XML artifact; band index reported
scene_02-Z0815,5,48,2441.636474609375,,unavailable in GeoTIFF/XML artifact; band index reported
scene_02-Z0815,5,49,2427.727294921875,,unavailable in GeoTIFF/XML artifact; band index reported
scene_02-Z0815,5,50,2394.0,,unavailable in GeoTIFF/XML artifact; band index reported
scene_02-Z0815,5,51,2339.0908203125,4023.527760350648,unavailable in GeoTIFF/XML artifact; band index reported
scene_02-Z0815,5,52,2325.181884765625,,unavailable in GeoTIFF/XML artifact; band index reported
scene_02-Z0815,5,53,2357.818115234375,,unavailable in GeoTIFF/XML artifact; band index reported
scene_02-Z0815,5,54,2334.54541015625,,unavailable in GeoTIFF/XML artifact; band index reported
scene_02-Z0815,5,55,2326.45458984375,,unavailable in GeoTIFF/XML artifact; band index reported
scene_02-Z0815,5,56,2339.636474609375,,unavailable in GeoTIFF/XML artifact; band index reported
scene_02-Z0815,5,57,2335.272705078125,,unavailable in GeoTIFF/XML artifact; band index reported
scene_02-Z0815,5,58,2303.181884765625,4102.57972895471,unavailable in GeoTIFF/XML artifact; band index reported
scene_02-Z0815,5,59,2242.818115234375,,unavailable in GeoTIFF/XML artifact; band index reported
scene_02-Z0815,5,60,2173.0,,unavailable in GeoTIFF/XML artifact; band index reported
scene_02-Z0815,5,61,2113.181884765625,,unavailable in GeoTIFF/XML artifact; band index reported
scene_02-Z0815,5,62,1992.9090576171875,,unavailable in GeoTIFF/XML artifact; band index reported
scene_02-Z0815,5,63,2191.727294921875,,unavailable in GeoTIFF/XML artifact; band index reported
scene_02-Z0815,5,64,2159.818115234375,,unavailable in GeoTIFF/XML artifact; band index reported
scene_02-Z0815,5,65,2131.0,4065.0446674384852,unavailable in GeoTIFF/XML artifact; band index reported
scene_02-Z0815,5,66,2127.0,,unavailable in GeoTIFF/XML artifact; band index reported
scene_02-Z0815,5,67,2121.9091796875,,unavailable in GeoTIFF/XML artifact; band index reported
scene_02-Z0815,5,68,2116.0908203125,,unavailable in GeoTIFF/XML artifact; band index reported
scene_02-Z0815,5,69,2158.818115234375,,unavailable in GeoTIFF/XML artifact; band index reported
scene_02-Z0815,5,70,2130.818115234375,,unavailable in GeoTIFF/XML artifact; band index reported
scene_02-Z0815,5,71,2122.54541015625,,unavailable in GeoTIFF/XML artifact; band index reported
scene_02-Z0815,5,72,2072.45458984375,4050.215776525129,unavailable in GeoTIFF/XML artifact; band index reported
scene_02-Z0815,5,73,2052.363525390625,,unavailable in GeoTIFF/XML artifact; band index reported
scene_02-Z0815,5,74,2041.0909423828125,,unavailable in GeoTIFF/XML artifact; band index reported
scene_02-Z0815,5,75,2019.3636474609375,,unavailable in GeoTIFF/XML artifact; band index reported
scene_02-Z0815,5,76,1997.1817626953125,,unavailable in GeoTIFF/XML artifact; band index reported
scene_02-Z0815,5,77,2007.272705078125,,unavailable in GeoTIFF/XML artifact; band index reported
scene_02-Z0815,5,78,1968.1817626953125,,unavailable in GeoTIFF/XML artifact; band index reported
scene_02-Z0815,5,79,2014.0,,unavailable in GeoTIFF/XML artifact; band index reported
scene_02-Z0815,5,80,2126.9091796875,4184.484206899644,unavailable in GeoTIFF/XML artifact; band index reported
scene_02-Z0815,5,81,1964.8182373046875,,unavailable in GeoTIFF/XML artifact; band index reported
scene_02-Z0815,5,82,2111.363525390625,,unavailable in GeoTIFF/XML artifact; band index reported
scene_02-Z0815,5,83,1921.272705078125,,unavailable in GeoTIFF/XML artifact; band index reported
scene_02-Z0815,5,84,1934.45458984375,,unavailable in GeoTIFF/XML artifact; band index reported
scene_02-Z0815,5,85,2139.727294921875,,unavailable in GeoTIFF/XML artifact; band index reported
scene_02-Z0815,5,86,2037.1817626953125,,unavailable in GeoTIFF/XML artifact; band index reported
scene_02-Z0815,5,87,2062.818115234375,4217.572870382801,unavailable in GeoTIFF/XML artifact; band index reported
scene_02-Z0815,5,88,1847.1817626953125,,unavailable in GeoTIFF/XML artifact; band index reported
scene_02-Z0815,5,89,2095.45458984375,,unavailable in GeoTIFF/XML artifact; band index reported
scene_02-Z0815,5,90,1754.9090576171875,,unavailable in GeoTIFF/XML artifact; band index reported
scene_02-Z0815,5,91,2152.818115234375,,unavailable in GeoTIFF/XML artifact; band index reported
scene_02-Z0815,5,92,1870.272705078125,,unavailable in GeoTIFF/XML artifact; band index reported
scene_02-Z0815,5,93,1857.8182373046875,,unavailable in GeoTIFF/XML artifact; band index reported
scene_02-Z0815,5,94,2169.727294921875,4333.966700834949,unavailable in GeoTIFF/XML artifact; band index reported
scene_02-Z0815,5,95,1826.6363525390625,,unavailable in GeoTIFF/XML artifact; band index reported
scene_02-Z0815,5,96,2046.1817626953125,,unavailable in GeoTIFF/XML artifact; band index reported
scene_02-Z0815,5,97,1816.0,,unavailable in GeoTIFF/XML artifact; band index reported
scene_02-Z0815,5,98,2015.272705078125,,unavailable in GeoTIFF/XML artifact; band index reported
scene_02-Z0815,5,99,1796.6363525390625,,unavailable in GeoTIFF/XML artifact; band index reported
scene_02-Z0815,5,100,1930.0,,unavailable in GeoTIFF/XML artifact; band index reported
scene_02-Z0815,5,101,1780.8182373046875,3757.180979821616,unavailable in GeoTIFF/XML artifact; band index reported
scene_02-Z0815,5,102,1874.0909423828125,,unavailable in GeoTIFF/XML artifact; band index reported
scene_02-Z0815,5,103,1838.8182373046875,,unavailable in GeoTIFF/XML artifact; band index reported
scene_02-Z0815,5,104,1811.727294921875,,unavailable in GeoTIFF/XML artifact; band index reported
scene_02-Z0815,5,105,1790.272705078125,,unavailable in GeoTIFF/XML artifact; band index reported
scene_02-Z0815,5,106,1784.272705078125,,unavailable in GeoTIFF/XML artifact; band index reported
scene_02-Z0815,5,107,1788.6363525390625,,unavailable in GeoTIFF/XML artifact; band index reported
scene_02-Z0815,5,108,1809.272705078125,4119.44470923602,unavailable in GeoTIFF/XML artifact; band index reported
scene_02-Z0815,5,109,1810.6363525390625,,unavailable in GeoTIFF/XML artifact; band index reported
scene_02-Z0815,5,110,1816.9090576171875,,unavailable in GeoTIFF/XML artifact; band index reported
scene_02-Z0815,5,111,1856.3636474609375,,unavailable in GeoTIFF/XML artifact; band index reported
scene_02-Z0815,5,112,1835.1817626953125,,unavailable in GeoTIFF/XML artifact; band index reported
scene_02-Z0815,5,113,1818.45458984375,,unavailable in GeoTIFF/XML artifact; band index reported
scene_02-Z0815,5,114,1739.8182373046875,,unavailable in GeoTIFF/XML artifact; band index reported
scene_02-Z0815,5,115,1875.54541015625,,unavailable in GeoTIFF/XML artifact; band index reported
scene_02-Z0815,5,116,1802.3636474609375,4264.452026303014,unavailable in GeoTIFF/XML artifact; band index reported
scene_02-Z0815,5,117,1646.54541015625,,unavailable in GeoTIFF/XML artifact; band index reported
scene_02-Z0815,5,118,1561.0909423828125,,unavailable in GeoTIFF/XML artifact; band index reported
scene_02-Z0815,5,119,1478.45458984375,,unavailable in GeoTIFF/XML artifact; band index reported
scene_02-Z0815,5,120,1438.3636474609375,,unavailable in GeoTIFF/XML artifact; band index reported
scene_02-Z0815,5,121,1387.54541015625,,unavailable in GeoTIFF/XML artifact; band index reported
scene_02-Z0815,5,122,1349.3636474609375,,unavailable in GeoTIFF/XML artifact; band index reported
scene_02-Z0815,5,123,1319.272705078125,3638.128168835215,unavailable in GeoTIFF/XML artifact; band index reported
scene_02-Z0815,5,124,1283.8182373046875,,unavailable in GeoTIFF/XML artifact; band index reported
scene_02-Z0815,5,125,1355.45458984375,,unavailable in GeoTIFF/XML artifact; band index reported
scene_02-Z0815,5,126,1348.0,,unavailable in GeoTIFF/XML artifact; band index reported
scene_02-Z0815,5,127,1344.8182373046875,,unavailable in GeoTIFF/XML artifact; band index reported
scene_02-Z0815,5,128,1352.0,,unavailable in GeoTIFF/XML artifact; band index reported
scene_02-Z0815,5,129,1372.6363525390625,,unavailable in GeoTIFF/XML artifact; band index reported
scene_02-Z0815,5,130,1382.272705078125,3697.105728725079,unavailable in GeoTIFF/XML artifact; band index reported
scene_02-Z0815,5,131,-32768.0,,unavailable in GeoTIFF/XML artifact; band index reported
scene_02-Z0815,5,132,-32768.0,,unavailable in GeoTIFF/XML artifact; band index reported
scene_02-Z0815,5,133,-32768.0,,unavailable in GeoTIFF/XML artifact; band index reported
scene_02-Z0815,5,134,-32768.0,,unavailable in GeoTIFF/XML artifact; band index reported
scene_02-Z0815,5,135,-32768.0,,unavailable in GeoTIFF/XML artifact; band index reported
scene_02-Z0815,5,136,710.9091186523438,,unavailable in GeoTIFF/XML artifact; band index reported
scene_02-Z0815,5,137,529.0,1385.8706168393314,unavailable in GeoTIFF/XML artifact; band index reported
scene_02-Z0815,5,138,371.7272644042969,,unavailable in GeoTIFF/XML artifact; band index reported
scene_02-Z0815,5,139,303.6363525390625,,unavailable in GeoTIFF/XML artifact; band index reported
scene_02-Z0815,5,140,289.3636474609375,,unavailable in GeoTIFF/XML artifact; band index reported
scene_02-Z0815,5,141,285.5454406738281,,unavailable in GeoTIFF/XML artifact; band index reported
scene_02-Z0815,5,142,295.0,,unavailable in GeoTIFF/XML artifact; band index reported
scene_02-Z0815,5,143,301.0,,unavailable in GeoTIFF/XML artifact; band index reported
scene_02-Z0815,5,144,311.81817626953125,1146.0124725007981,unavailable in GeoTIFF/XML artifact; band index reported
scene_02-Z0815,5,145,327.81817626953125,,unavailable in GeoTIFF/XML artifact; band index reported
scene_02-Z0815,5,146,354.0,,unavailable in GeoTIFF/XML artifact; band index reported
scene_02-Z0815,5,147,377.0,,unavailable in GeoTIFF/XML artifact; band index reported
scene_02-Z0815,5,148,406.2727355957031,,unavailable in GeoTIFF/XML artifact; band index reported
scene_02-Z0815,5,149,430.2727355957031,,unavailable in GeoTIFF/XML artifact; band index reported
scene_02-Z0815,5,150,457.5454406738281,,unavailable in GeoTIFF/XML artifact; band index reported
scene_02-Z0815,5,151,475.7272644042969,,unavailable in GeoTIFF/XML artifact; band index reported
scene_02-Z0815,5,152,467.9090881347656,1713.2995919812897,unavailable in GeoTIFF/XML artifact; band index reported
scene_02-Z0815,5,153,489.2727355957031,,unavailable in GeoTIFF/XML artifact; band index reported
scene_02-Z0815,5,154,498.81817626953125,,unavailable in GeoTIFF/XML artifact; band index reported
scene_02-Z0815,5,155,532.272705078125,,unavailable in GeoTIFF/XML artifact; band index reported
scene_02-Z0815,5,156,555.9091186523438,,unavailable in GeoTIFF/XML artifact; band index reported
scene_02-Z0815,5,157,568.8181762695312,,unavailable in GeoTIFF/XML artifact; band index reported
scene_02-Z0815,5,158,582.0,,unavailable in GeoTIFF/XML artifact; band index reported
scene_02-Z0815,5,159,598.0908813476562,2111.832854444975,unavailable in GeoTIFF/XML artifact; band index reported
scene_02-Z0815,5,160,624.272705078125,,unavailable in GeoTIFF/XML artifact; band index reported
scene_02-Z0815,5,161,615.3636474609375,,unavailable in GeoTIFF/XML artifact; band index reported
scene_02-Z0815,5,162,651.9091186523438,,unavailable in GeoTIFF/XML artifact; band index reported
scene_02-Z0815,5,163,662.272705078125,,unavailable in GeoTIFF/XML artifact; band index reported
scene_02-Z0815,5,164,661.727294921875,,unavailable in GeoTIFF/XML artifact; band index reported
scene_02-Z0815,5,165,688.0,,unavailable in GeoTIFF/XML artifact; band index reported
scene_02-Z0815,5,166,715.272705078125,2397.743743529186,unavailable in GeoTIFF/XML artifact; band index reported
scene_02-Z0815,5,167,183.81817626953125,,unavailable in GeoTIFF/XML artifact; band index reported
scene_02-Z0815,5,168,185.72727966308594,,unavailable in GeoTIFF/XML artifact; band index reported
scene_02-Z0815,5,169,190.81817626953125,,unavailable in GeoTIFF/XML artifact; band index reported
scene_02-Z0815,5,170,173.81817626953125,,unavailable in GeoTIFF/XML artifact; band index reported
scene_02-Z0815,5,171,108.36363983154297,,unavailable in GeoTIFF/XML artifact; band index reported
scene_02-Z0815,5,172,177.63636779785156,,unavailable in GeoTIFF/XML artifact; band index reported
scene_02-Z0815,5,173,211.4545440673828,620.0160149725663,unavailable in GeoTIFF/XML artifact; band index reported
scene_02-Z0815,5,174,204.90908813476562,,unavailable in GeoTIFF/XML artifact; band index reported
scene_02-Z0815,5,175,197.0,,unavailable in GeoTIFF/XML artifact; band index reported
scene_02-Z0815,5,176,179.27272033691406,,unavailable in GeoTIFF/XML artifact; band index reported
scene_02-Z0815,5,177,186.36363220214844,,unavailable in GeoTIFF/XML artifact; band index reported
scene_02-Z0815,5,178,214.63636779785156,,unavailable in GeoTIFF/XML artifact; band index reported
scene_02-Z0815,5,179,242.63636779785156,,unavailable in GeoTIFF/XML artifact; band index reported
scene_02-Z0815,5,180,250.0,814.1379422466697,unavailable in GeoTIFF/XML artifact; band index reported
scene_02-Z0815,5,181,261.3636474609375,,unavailable in GeoTIFF/XML artifact; band index reported
scene_02-Z0815,5,182,276.3636474609375,,unavailable in GeoTIFF/XML artifact; band index reported
scene_02-Z0815,5,183,293.6363525390625,,unavailable in GeoTIFF/XML artifact; band index reported
scene_02-Z0815,5,184,310.7272644042969,,unavailable in GeoTIFF/XML artifact; band index reported
scene_02-Z0815,5,185,332.18182373046875,,unavailable in GeoTIFF/XML artifact; band index reported
scene_02-Z0815,5,186,359.2727355957031,,unavailable in GeoTIFF/XML artifact; band index reported
scene_02-Z0815,5,187,365.7272644042969,,unavailable in GeoTIFF/XML artifact; band index reported
scene_02-Z0815,5,188,390.81817626953125,1354.1786441418403,unavailable in GeoTIFF/XML artifact; band index reported
scene_02-Z0815,5,189,411.4545593261719,,unavailable in GeoTIFF/XML artifact; band index reported
scene_02-Z0815,5,190,428.18182373046875,,unavailable in GeoTIFF/XML artifact; band index reported
scene_02-Z0815,5,191,443.6363525390625,,unavailable in GeoTIFF/XML artifact; band index reported
scene_02-Z0815,5,192,450.4545593261719,,unavailable in GeoTIFF/XML artifact; band index reported
scene_02-Z0815,5,193,465.5454406738281,,unavailable in GeoTIFF/XML artifact; band index reported
scene_02-Z0815,5,194,502.4545593261719,,unavailable in GeoTIFF/XML artifact; band index reported
scene_02-Z0815,5,195,513.8181762695312,1766.3885489005581,unavailable in GeoTIFF/XML artifact; band index reported
scene_02-Z0815,5,196,513.5454711914062,,unavailable in GeoTIFF/XML artifact; band index reported
scene_02-Z0815,5,197,513.9091186523438,,unavailable in GeoTIFF/XML artifact; band index reported
scene_02-Z0815,5,198,523.5454711914062,,unavailable in GeoTIFF/XML artifact; band index reported
scene_02-Z0815,5,199,490.6363525390625,,unavailable in GeoTIFF/XML artifact; band index reported
scene_02-Z0815,5,200,495.4545593261719,,unavailable in GeoTIFF/XML artifact; band index reported
scene_02-Z0815,5,201,464.81817626953125,,unavailable in GeoTIFF/XML artifact; band index reported
scene_02-Z0815,5,202,468.6363525390625,1708.6980116632828,unavailable in GeoTIFF/XML artifact; band index reported
scene_02-Z0815,5,203,458.0909118652344,,unavailable in GeoTIFF/XML artifact; band index reported
scene_02-Z0815,5,204,438.0,,unavailable in GeoTIFF/XML artifact; band index reported
scene_02-Z0815,5,205,407.0909118652344,,unavailable in GeoTIFF/XML artifact; band index reported
scene_02-Z0815,5,206,364.2727355957031,,unavailable in GeoTIFF/XML artifact; band index reported
scene_02-Z0815,5,207,353.6363525390625,,unavailable in GeoTIFF/XML artifact; band index reported
scene_02-Z0815,5,208,358.4545593261719,,unavailable in GeoTIFF/XML artifact; band index reported
scene_02-Z0815,5,209,318.6363525390625,1205.8682828381327,unavailable in GeoTIFF/XML artifact; band index reported
scene_02-Z0815,5,210,302.18182373046875,,unavailable in GeoTIFF/XML artifact; band index reported
scene_02-Z0815,5,211,286.0909118652344,,unavailable in GeoTIFF/XML artifact; band index reported
scene_02-Z0815,5,212,268.5454406738281,,unavailable in GeoTIFF/XML artifact; band index reported
scene_02-Z0815,5,213,266.9090881347656,,unavailable in GeoTIFF/XML artifact; band index reported
scene_02-Z0815,5,214,273.0,,unavailable in GeoTIFF/XML artifact; band index reported
scene_02-Z0815,5,215,275.9090881347656,,unavailable in GeoTIFF/XML artifact; band index reported
scene_02-Z0815,5,216,281.9090881347656,972.0827768821342,unavailable in GeoTIFF/XML artifact; band index reported
scene_02-Z0815,5,217,246.27272033691406,,unavailable in GeoTIFF/XML artifact; band index reported
scene_02-Z0815,5,218,249.36363220214844,,unavailable in GeoTIFF/XML artifact; band index reported
scene_02-Z0815,5,219,255.63636779785156,,unavailable in GeoTIFF/XML artifact; band index reported
scene_02-Z0815,5,220,241.09091186523438,,unavailable in GeoTIFF/XML artifact; band index reported
scene_02-Z0815,5,221,231.5454559326172,,unavailable in GeoTIFF/XML artifact; band index reported
scene_02-Z0815,5,222,218.27272033691406,,unavailable in GeoTIFF/XML artifact; band index reported
scene_02-Z0815,5,223,234.63636779785156,,unavailable in GeoTIFF/XML artifact; band index reported
scene_02-Z0815,5,224,238.90908813476562,725.5769590304819,unavailable in GeoTIFF/XML artifact; band index reported
scene_02-Z0791,6,1,4209.0,3903.5687642480493,unavailable in GeoTIFF/XML artifact; band index reported
scene_02-Z0791,6,2,4005.0,,unavailable in GeoTIFF/XML artifact; band index reported
scene_02-Z0791,6,3,4054.0,,unavailable in GeoTIFF/XML artifact; band index reported
scene_02-Z0791,6,4,3981.0,,unavailable in GeoTIFF/XML artifact; band index reported
scene_02-Z0791,6,5,3963.0,,unavailable in GeoTIFF/XML artifact; band index reported
scene_02-Z0791,6,6,3801.0,,unavailable in GeoTIFF/XML artifact; band index reported
scene_02-Z0791,6,7,3750.0,,unavailable in GeoTIFF/XML artifact; band index reported
scene_02-Z0791,6,8,3729.0,3925.551270116211,unavailable in GeoTIFF/XML artifact; band index reported
scene_02-Z0791,6,9,3641.0,,unavailable in GeoTIFF/XML artifact; band index reported
scene_02-Z0791,6,10,3674.0,,unavailable in GeoTIFF/XML artifact; band index reported
scene_02-Z0791,6,11,3595.0,,unavailable in GeoTIFF/XML artifact; band index reported
scene_02-Z0791,6,12,3490.0,,unavailable in GeoTIFF/XML artifact; band index reported
scene_02-Z0791,6,13,3433.0,,unavailable in GeoTIFF/XML artifact; band index reported
scene_02-Z0791,6,14,3451.0,,unavailable in GeoTIFF/XML artifact; band index reported
scene_02-Z0791,6,15,3317.0,3942.6649578306146,unavailable in GeoTIFF/XML artifact; band index reported
scene_02-Z0791,6,16,3339.0,,unavailable in GeoTIFF/XML artifact; band index reported
scene_02-Z0791,6,17,3352.0,,unavailable in GeoTIFF/XML artifact; band index reported
scene_02-Z0791,6,18,3269.0,,unavailable in GeoTIFF/XML artifact; band index reported
scene_02-Z0791,6,19,3133.0,,unavailable in GeoTIFF/XML artifact; band index reported
scene_02-Z0791,6,20,3159.0,,unavailable in GeoTIFF/XML artifact; band index reported
scene_02-Z0791,6,21,3117.0,,unavailable in GeoTIFF/XML artifact; band index reported
scene_02-Z0791,6,22,3065.0,3933.650157834212,unavailable in GeoTIFF/XML artifact; band index reported
scene_02-Z0791,6,23,3013.0,,unavailable in GeoTIFF/XML artifact; band index reported
scene_02-Z0791,6,24,2969.0,,unavailable in GeoTIFF/XML artifact; band index reported
scene_02-Z0791,6,25,2936.0,,unavailable in GeoTIFF/XML artifact; band index reported
scene_02-Z0791,6,26,2950.0,,unavailable in GeoTIFF/XML artifact; band index reported
scene_02-Z0791,6,27,2871.0,,unavailable in GeoTIFF/XML artifact; band index reported
scene_02-Z0791,6,28,2876.0,,unavailable in GeoTIFF/XML artifact; band index reported
scene_02-Z0791,6,29,2781.0,3930.7107380000457,unavailable in GeoTIFF/XML artifact; band index reported
scene_02-Z0791,6,30,2768.0,,unavailable in GeoTIFF/XML artifact; band index reported
scene_02-Z0791,6,31,2739.0,,unavailable in GeoTIFF/XML artifact; band index reported
scene_02-Z0791,6,32,2646.0,,unavailable in GeoTIFF/XML artifact; band index reported
scene_02-Z0791,6,33,2619.0,,unavailable in GeoTIFF/XML artifact; band index reported
scene_02-Z0791,6,34,2603.0,,unavailable in GeoTIFF/XML artifact; band index reported
scene_02-Z0791,6,35,2615.0,,unavailable in GeoTIFF/XML artifact; band index reported
scene_02-Z0791,6,36,2582.0,3910.678847702552,unavailable in GeoTIFF/XML artifact; band index reported
scene_02-Z0791,6,37,2547.0,,unavailable in GeoTIFF/XML artifact; band index reported
scene_02-Z0791,6,38,2512.0,,unavailable in GeoTIFF/XML artifact; band index reported
scene_02-Z0791,6,39,2519.0,,unavailable in GeoTIFF/XML artifact; band index reported
scene_02-Z0791,6,40,2473.0,,unavailable in GeoTIFF/XML artifact; band index reported
scene_02-Z0791,6,41,2485.0,,unavailable in GeoTIFF/XML artifact; band index reported
scene_02-Z0791,6,42,2446.0,,unavailable in GeoTIFF/XML artifact; band index reported
scene_02-Z0791,6,43,2395.0,,unavailable in GeoTIFF/XML artifact; band index reported
scene_02-Z0791,6,44,2427.0,4004.6816681009223,unavailable in GeoTIFF/XML artifact; band index reported
scene_02-Z0791,6,45,2430.0,,unavailable in GeoTIFF/XML artifact; band index reported
scene_02-Z0791,6,46,2388.0,,unavailable in GeoTIFF/XML artifact; band index reported
scene_02-Z0791,6,47,2385.0,,unavailable in GeoTIFF/XML artifact; band index reported
scene_02-Z0791,6,48,2384.0,,unavailable in GeoTIFF/XML artifact; band index reported
scene_02-Z0791,6,49,2329.0,,unavailable in GeoTIFF/XML artifact; band index reported
scene_02-Z0791,6,50,2357.0,,unavailable in GeoTIFF/XML artifact; band index reported
scene_02-Z0791,6,51,2285.0,4023.527760350648,unavailable in GeoTIFF/XML artifact; band index reported
scene_02-Z0791,6,52,2282.0,,unavailable in GeoTIFF/XML artifact; band index reported
scene_02-Z0791,6,53,2272.0,,unavailable in GeoTIFF/XML artifact; band index reported
scene_02-Z0791,6,54,2265.0,,unavailable in GeoTIFF/XML artifact; band index reported
scene_02-Z0791,6,55,2254.0,,unavailable in GeoTIFF/XML artifact; band index reported
scene_02-Z0791,6,56,2271.0,,unavailable in GeoTIFF/XML artifact; band index reported
scene_02-Z0791,6,57,2282.0,,unavailable in GeoTIFF/XML artifact; band index reported
scene_02-Z0791,6,58,2270.0,4102.57972895471,unavailable in GeoTIFF/XML artifact; band index reported
scene_02-Z0791,6,59,2197.0,,unavailable in GeoTIFF/XML artifact; band index reported
scene_02-Z0791,6,60,2133.0,,unavailable in GeoTIFF/XML artifact; band index reported
scene_02-Z0791,6,61,2104.0,,unavailable in GeoTIFF/XML artifact; band index reported
scene_02-Z0791,6,62,1976.0,,unavailable in GeoTIFF/XML artifact; band index reported
scene_02-Z0791,6,63,2124.0,,unavailable in GeoTIFF/XML artifact; band index reported
scene_02-Z0791,6,64,2075.0,,unavailable in GeoTIFF/XML artifact; band index reported
scene_02-Z0791,6,65,2081.0,4065.0446674384852,unavailable in GeoTIFF/XML artifact; band index reported
scene_02-Z0791,6,66,2058.0,,unavailable in GeoTIFF/XML artifact; band index reported
scene_02-Z0791,6,67,2055.0,,unavailable in GeoTIFF/XML artifact; band index reported
scene_02-Z0791,6,68,2055.0,,unavailable in GeoTIFF/XML artifact; band index reported
scene_02-Z0791,6,69,2128.0,,unavailable in GeoTIFF/XML artifact; band index reported
scene_02-Z0791,6,70,2101.0,,unavailable in GeoTIFF/XML artifact; band index reported
scene_02-Z0791,6,71,2079.0,,unavailable in GeoTIFF/XML artifact; band index reported
scene_02-Z0791,6,72,2033.0,4050.215776525129,unavailable in GeoTIFF/XML artifact; band index reported
scene_02-Z0791,6,73,2020.0,,unavailable in GeoTIFF/XML artifact; band index reported
scene_02-Z0791,6,74,1993.0,,unavailable in GeoTIFF/XML artifact; band index reported
scene_02-Z0791,6,75,2018.0,,unavailable in GeoTIFF/XML artifact; band index reported
scene_02-Z0791,6,76,1955.0,,unavailable in GeoTIFF/XML artifact; band index reported
scene_02-Z0791,6,77,1991.0,,unavailable in GeoTIFF/XML artifact; band index reported
scene_02-Z0791,6,78,1972.0,,unavailable in GeoTIFF/XML artifact; band index reported
scene_02-Z0791,6,79,2013.0,,unavailable in GeoTIFF/XML artifact; band index reported
scene_02-Z0791,6,80,2001.0,4184.484206899644,unavailable in GeoTIFF/XML artifact; band index reported
scene_02-Z0791,6,81,1976.0,,unavailable in GeoTIFF/XML artifact; band index reported
scene_02-Z0791,6,82,1977.0,,unavailable in GeoTIFF/XML artifact; band index reported
scene_02-Z0791,6,83,1966.0,,unavailable in GeoTIFF/XML artifact; band index reported
scene_02-Z0791,6,84,1906.0,,unavailable in GeoTIFF/XML artifact; band index reported
scene_02-Z0791,6,85,2019.0,,unavailable in GeoTIFF/XML artifact; band index reported
scene_02-Z0791,6,86,2072.0,,unavailable in GeoTIFF/XML artifact; band index reported
scene_02-Z0791,6,87,1937.0,4217.572870382801,unavailable in GeoTIFF/XML artifact; band index reported
scene_02-Z0791,6,88,1853.0,,unavailable in GeoTIFF/XML artifact; band index reported
scene_02-Z0791,6,89,1960.0,,unavailable in GeoTIFF/XML artifact; band index reported
scene_02-Z0791,6,90,1795.0,,unavailable in GeoTIFF/XML artifact; band index reported
scene_02-Z0791,6,91,2001.0,,unavailable in GeoTIFF/XML artifact; band index reported
scene_02-Z0791,6,92,1870.0,,unavailable in GeoTIFF/XML artifact; band index reported
scene_02-Z0791,6,93,1868.0,,unavailable in GeoTIFF/XML artifact; band index reported
scene_02-Z0791,6,94,2031.0,4333.966700834949,unavailable in GeoTIFF/XML artifact; band index reported
scene_02-Z0791,6,95,1928.0,,unavailable in GeoTIFF/XML artifact; band index reported
scene_02-Z0791,6,96,1907.0,,unavailable in GeoTIFF/XML artifact; band index reported
scene_02-Z0791,6,97,1832.0,,unavailable in GeoTIFF/XML artifact; band index reported
scene_02-Z0791,6,98,1892.0,,unavailable in GeoTIFF/XML artifact; band index reported
scene_02-Z0791,6,99,1855.0,,unavailable in GeoTIFF/XML artifact; band index reported
scene_02-Z0791,6,100,1800.0,,unavailable in GeoTIFF/XML artifact; band index reported
scene_02-Z0791,6,101,1873.0,3757.180979821616,unavailable in GeoTIFF/XML artifact; band index reported
scene_02-Z0791,6,102,1748.0,,unavailable in GeoTIFF/XML artifact; band index reported
scene_02-Z0791,6,103,1737.0,,unavailable in GeoTIFF/XML artifact; band index reported
scene_02-Z0791,6,104,1704.0,,unavailable in GeoTIFF/XML artifact; band index reported
scene_02-Z0791,6,105,1682.0,,unavailable in GeoTIFF/XML artifact; band index reported
scene_02-Z0791,6,106,1666.0,,unavailable in GeoTIFF/XML artifact; band index reported
scene_02-Z0791,6,107,1665.0,,unavailable in GeoTIFF/XML artifact; band index reported
scene_02-Z0791,6,108,1681.0,4119.44470923602,unavailable in GeoTIFF/XML artifact; band index reported
scene_02-Z0791,6,109,1699.0,,unavailable in GeoTIFF/XML artifact; band index reported
scene_02-Z0791,6,110,1699.0,,unavailable in GeoTIFF/XML artifact; band index reported
scene_02-Z0791,6,111,1735.0,,unavailable in GeoTIFF/XML artifact; band index reported
scene_02-Z0791,6,112,1714.0,,unavailable in GeoTIFF/XML artifact; band index reported
scene_02-Z0791,6,113,1660.0,,unavailable in GeoTIFF/XML artifact; band index reported
scene_02-Z0791,6,114,1624.0,,unavailable in GeoTIFF/XML artifact; band index reported
scene_02-Z0791,6,115,1721.0,,unavailable in GeoTIFF/XML artifact; band index reported
scene_02-Z0791,6,116,1684.0,4264.452026303014,unavailable in GeoTIFF/XML artifact; band index reported
scene_02-Z0791,6,117,1539.0,,unavailable in GeoTIFF/XML artifact; band index reported
scene_02-Z0791,6,118,1471.0,,unavailable in GeoTIFF/XML artifact; band index reported
scene_02-Z0791,6,119,1398.0,,unavailable in GeoTIFF/XML artifact; band index reported
scene_02-Z0791,6,120,1343.0,,unavailable in GeoTIFF/XML artifact; band index reported
scene_02-Z0791,6,121,1305.0,,unavailable in GeoTIFF/XML artifact; band index reported
scene_02-Z0791,6,122,1271.0,,unavailable in GeoTIFF/XML artifact; band index reported
scene_02-Z0791,6,123,1241.0,3638.128168835215,unavailable in GeoTIFF/XML artifact; band index reported
scene_02-Z0791,6,124,1215.0,,unavailable in GeoTIFF/XML artifact; band index reported
scene_02-Z0791,6,125,1285.0,,unavailable in GeoTIFF/XML artifact; band index reported
scene_02-Z0791,6,126,1284.0,,unavailable in GeoTIFF/XML artifact; band index reported
scene_02-Z0791,6,127,1282.0,,unavailable in GeoTIFF/XML artifact; band index reported
scene_02-Z0791,6,128,1284.0,,unavailable in GeoTIFF/XML artifact; band index reported
scene_02-Z0791,6,129,1307.0,,unavailable in GeoTIFF/XML artifact; band index reported
scene_02-Z0791,6,130,1306.0,3697.105728725079,unavailable in GeoTIFF/XML artifact; band index reported
scene_02-Z0791,6,131,-32768.0,,unavailable in GeoTIFF/XML artifact; band index reported
scene_02-Z0791,6,132,-32768.0,,unavailable in GeoTIFF/XML artifact; band index reported
scene_02-Z0791,6,133,-32768.0,,unavailable in GeoTIFF/XML artifact; band index reported
scene_02-Z0791,6,134,-32768.0,,unavailable in GeoTIFF/XML artifact; band index reported
scene_02-Z0791,6,135,-32768.0,,unavailable in GeoTIFF/XML artifact; band index reported
scene_02-Z0791,6,136,683.0,,unavailable in GeoTIFF/XML artifact; band index reported
scene_02-Z0791,6,137,542.0,1385.8706168393314,unavailable in GeoTIFF/XML artifact; band index reported
scene_02-Z0791,6,138,363.0,,unavailable in GeoTIFF/XML artifact; band index reported
scene_02-Z0791,6,139,317.0,,unavailable in GeoTIFF/XML artifact; band index reported
scene_02-Z0791,6,140,294.0,,unavailable in GeoTIFF/XML artifact; band index reported
scene_02-Z0791,6,141,285.0,,unavailable in GeoTIFF/XML artifact; band index reported
scene_02-Z0791,6,142,280.0,,unavailable in GeoTIFF/XML artifact; band index reported
scene_02-Z0791,6,143,300.0,,unavailable in GeoTIFF/XML artifact; band index reported
scene_02-Z0791,6,144,313.0,1146.0124725007981,unavailable in GeoTIFF/XML artifact; band index reported
scene_02-Z0791,6,145,332.0,,unavailable in GeoTIFF/XML artifact; band index reported
scene_02-Z0791,6,146,360.0,,unavailable in GeoTIFF/XML artifact; band index reported
scene_02-Z0791,6,147,382.0,,unavailable in GeoTIFF/XML artifact; band index reported
scene_02-Z0791,6,148,433.0,,unavailable in GeoTIFF/XML artifact; band index reported
scene_02-Z0791,6,149,428.0,,unavailable in GeoTIFF/XML artifact; band index reported
scene_02-Z0791,6,150,419.0,,unavailable in GeoTIFF/XML artifact; band index reported
scene_02-Z0791,6,151,450.0,,unavailable in GeoTIFF/XML artifact; band index reported
scene_02-Z0791,6,152,493.0,1713.2995919812897,unavailable in GeoTIFF/XML artifact; band index reported
scene_02-Z0791,6,153,485.0,,unavailable in GeoTIFF/XML artifact; band index reported
scene_02-Z0791,6,154,517.0,,unavailable in GeoTIFF/XML artifact; band index reported
scene_02-Z0791,6,155,515.0,,unavailable in GeoTIFF/XML artifact; band index reported
scene_02-Z0791,6,156,547.0,,unavailable in GeoTIFF/XML artifact; band index reported
scene_02-Z0791,6,157,575.0,,unavailable in GeoTIFF/XML artifact; band index reported
scene_02-Z0791,6,158,566.0,,unavailable in GeoTIFF/XML artifact; band index reported
scene_02-Z0791,6,159,570.0,2111.832854444975,unavailable in GeoTIFF/XML artifact; band index reported
scene_02-Z0791,6,160,618.0,,unavailable in GeoTIFF/XML artifact; band index reported
scene_02-Z0791,6,161,645.0,,unavailable in GeoTIFF/XML artifact; band index reported
scene_02-Z0791,6,162,628.0,,unavailable in GeoTIFF/XML artifact; band index reported
scene_02-Z0791,6,163,611.0,,unavailable in GeoTIFF/XML artifact; band index reported
scene_02-Z0791,6,164,674.0,,unavailable in GeoTIFF/XML artifact; band index reported
scene_02-Z0791,6,165,667.0,,unavailable in GeoTIFF/XML artifact; band index reported
scene_02-Z0791,6,166,722.0,2397.743743529186,unavailable in GeoTIFF/XML artifact; band index reported
scene_02-Z0791,6,167,186.0,,unavailable in GeoTIFF/XML artifact; band index reported
scene_02-Z0791,6,168,199.0,,unavailable in GeoTIFF/XML artifact; band index reported
scene_02-Z0791,6,169,206.0,,unavailable in GeoTIFF/XML artifact; band index reported
scene_02-Z0791,6,170,169.0,,unavailable in GeoTIFF/XML artifact; band index reported
scene_02-Z0791,6,171,-43.0,,unavailable in GeoTIFF/XML artifact; band index reported
scene_02-Z0791,6,172,-45.0,,unavailable in GeoTIFF/XML artifact; band index reported
scene_02-Z0791,6,173,197.0,620.0160149725663,unavailable in GeoTIFF/XML artifact; band index reported
scene_02-Z0791,6,174,208.0,,unavailable in GeoTIFF/XML artifact; band index reported
scene_02-Z0791,6,175,195.0,,unavailable in GeoTIFF/XML artifact; band index reported
scene_02-Z0791,6,176,179.0,,unavailable in GeoTIFF/XML artifact; band index reported
scene_02-Z0791,6,177,198.0,,unavailable in GeoTIFF/XML artifact; band index reported
scene_02-Z0791,6,178,194.0,,unavailable in GeoTIFF/XML artifact; band index reported
scene_02-Z0791,6,179,236.0,,unavailable in GeoTIFF/XML artifact; band index reported
scene_02-Z0791,6,180,259.0,814.1379422466697,unavailable in GeoTIFF/XML artifact; band index reported
scene_02-Z0791,6,181,274.0,,unavailable in GeoTIFF/XML artifact; band index reported
scene_02-Z0791,6,182,274.0,,unavailable in GeoTIFF/XML artifact; band index reported
scene_02-Z0791,6,183,280.0,,unavailable in GeoTIFF/XML artifact; band index reported
scene_02-Z0791,6,184,297.0,,unavailable in GeoTIFF/XML artifact; band index reported
scene_02-Z0791,6,185,334.0,,unavailable in GeoTIFF/XML artifact; band index reported
scene_02-Z0791,6,186,352.0,,unavailable in GeoTIFF/XML artifact; band index reported
scene_02-Z0791,6,187,361.0,,unavailable in GeoTIFF/XML artifact; band index reported
scene_02-Z0791,6,188,373.0,1354.1786441418403,unavailable in GeoTIFF/XML artifact; band index reported
scene_02-Z0791,6,189,382.0,,unavailable in GeoTIFF/XML artifact; band index reported
scene_02-Z0791,6,190,405.0,,unavailable in GeoTIFF/XML artifact; band index reported
scene_02-Z0791,6,191,410.0,,unavailable in GeoTIFF/XML artifact; band index reported
scene_02-Z0791,6,192,437.0,,unavailable in GeoTIFF/XML artifact; band index reported
scene_02-Z0791,6,193,452.0,,unavailable in GeoTIFF/XML artifact; band index reported
scene_02-Z0791,6,194,457.0,,unavailable in GeoTIFF/XML artifact; band index reported
scene_02-Z0791,6,195,479.0,1766.3885489005581,unavailable in GeoTIFF/XML artifact; band index reported
scene_02-Z0791,6,196,504.0,,unavailable in GeoTIFF/XML artifact; band index reported
scene_02-Z0791,6,197,475.0,,unavailable in GeoTIFF/XML artifact; band index reported
scene_02-Z0791,6,198,509.0,,unavailable in GeoTIFF/XML artifact; band index reported
scene_02-Z0791,6,199,486.0,,unavailable in GeoTIFF/XML artifact; band index reported
scene_02-Z0791,6,200,472.0,,unavailable in GeoTIFF/XML artifact; band index reported
scene_02-Z0791,6,201,445.0,,unavailable in GeoTIFF/XML artifact; band index reported
scene_02-Z0791,6,202,449.0,1708.6980116632828,unavailable in GeoTIFF/XML artifact; band index reported
scene_02-Z0791,6,203,421.0,,unavailable in GeoTIFF/XML artifact; band index reported
scene_02-Z0791,6,204,396.0,,unavailable in GeoTIFF/XML artifact; band index reported
scene_02-Z0791,6,205,390.0,,unavailable in GeoTIFF/XML artifact; band index reported
scene_02-Z0791,6,206,359.0,,unavailable in GeoTIFF/XML artifact; band index reported
scene_02-Z0791,6,207,356.0,,unavailable in GeoTIFF/XML artifact; band index reported
scene_02-Z0791,6,208,327.0,,unavailable in GeoTIFF/XML artifact; band index reported
scene_02-Z0791,6,209,302.0,1205.8682828381327,unavailable in GeoTIFF/XML artifact; band index reported
scene_02-Z0791,6,210,293.0,,unavailable in GeoTIFF/XML artifact; band index reported
scene_02-Z0791,6,211,261.0,,unavailable in GeoTIFF/XML artifact; band index reported
scene_02-Z0791,6,212,247.0,,unavailable in GeoTIFF/XML artifact; band index reported
scene_02-Z0791,6,213,278.0,,unavailable in GeoTIFF/XML artifact; band index reported
scene_02-Z0791,6,214,262.0,,unavailable in GeoTIFF/XML artifact; band index reported
scene_02-Z0791,6,215,310.0,,unavailable in GeoTIFF/XML artifact; band index reported
scene_02-Z0791,6,216,242.0,972.0827768821342,unavailable in GeoTIFF/XML artifact; band index reported
scene_02-Z0791,6,217,211.0,,unavailable in GeoTIFF/XML artifact; band index reported
scene_02-Z0791,6,218,216.0,,unavailable in GeoTIFF/XML artifact; band index reported
scene_02-Z0791,6,219,246.0,,unavailable in GeoTIFF/XML artifact; band index reported
scene_02-Z0791,6,220,241.0,,unavailable in GeoTIFF/XML artifact; band index reported
scene_02-Z0791,6,221,240.0,,unavailable in GeoTIFF/XML artifact; band index reported
scene_02-Z0791,6,222,182.0,,unavailable in GeoTIFF/XML artifact; band index reported
scene_02-Z0791,6,223,229.0,,unavailable in GeoTIFF/XML artifact; band index reported
scene_02-Z0791,6,224,245.0,725.5769590304819,unavailable in GeoTIFF/XML artifact; band index reported
scene_02-Z0828,7,1,3697.0,3903.5687642480493,unavailable in GeoTIFF/XML artifact; band index reported
scene_02-Z0828,7,2,3670.0,,unavailable in GeoTIFF/XML artifact; band index reported
scene_02-Z0828,7,3,3578.0,,unavailable in GeoTIFF/XML artifact; band index reported
scene_02-Z0828,7,4,3572.0,,unavailable in GeoTIFF/XML artifact; band index reported
scene_02-Z0828,7,5,3406.0,,unavailable in GeoTIFF/XML artifact; band index reported
scene_02-Z0828,7,6,3374.0,,unavailable in GeoTIFF/XML artifact; band index reported
scene_02-Z0828,7,7,3393.0,,unavailable in GeoTIFF/XML artifact; band index reported
scene_02-Z0828,7,8,3370.0,3925.551270116211,unavailable in GeoTIFF/XML artifact; band index reported
scene_02-Z0828,7,9,3306.0,,unavailable in GeoTIFF/XML artifact; band index reported
scene_02-Z0828,7,10,3310.0,,unavailable in GeoTIFF/XML artifact; band index reported
scene_02-Z0828,7,11,3168.0,,unavailable in GeoTIFF/XML artifact; band index reported
scene_02-Z0828,7,12,3137.0,,unavailable in GeoTIFF/XML artifact; band index reported
scene_02-Z0828,7,13,3082.0,,unavailable in GeoTIFF/XML artifact; band index reported
scene_02-Z0828,7,14,3160.0,,unavailable in GeoTIFF/XML artifact; band index reported
scene_02-Z0828,7,15,3055.0,3942.6649578306146,unavailable in GeoTIFF/XML artifact; band index reported
scene_02-Z0828,7,16,2988.0,,unavailable in GeoTIFF/XML artifact; band index reported
scene_02-Z0828,7,17,3000.0,,unavailable in GeoTIFF/XML artifact; band index reported
scene_02-Z0828,7,18,2955.0,,unavailable in GeoTIFF/XML artifact; band index reported
scene_02-Z0828,7,19,2880.0,,unavailable in GeoTIFF/XML artifact; band index reported
scene_02-Z0828,7,20,2933.0,,unavailable in GeoTIFF/XML artifact; band index reported
scene_02-Z0828,7,21,2839.0,,unavailable in GeoTIFF/XML artifact; band index reported
scene_02-Z0828,7,22,2757.0,3933.650157834212,unavailable in GeoTIFF/XML artifact; band index reported
scene_02-Z0828,7,23,2750.0,,unavailable in GeoTIFF/XML artifact; band index reported
scene_02-Z0828,7,24,2685.0,,unavailable in GeoTIFF/XML artifact; band index reported
scene_02-Z0828,7,25,2639.0,,unavailable in GeoTIFF/XML artifact; band index reported
scene_02-Z0828,7,26,2703.0,,unavailable in GeoTIFF/XML artifact; band index reported
scene_02-Z0828,7,27,2670.0,,unavailable in GeoTIFF/XML artifact; band index reported
scene_02-Z0828,7,28,2579.0,,unavailable in GeoTIFF/XML artifact; band index reported
scene_02-Z0828,7,29,2529.0,3930.7107380000457,unavailable in GeoTIFF/XML artifact; band index reported
scene_02-Z0828,7,30,2501.0,,unavailable in GeoTIFF/XML artifact; band index reported
scene_02-Z0828,7,31,2501.0,,unavailable in GeoTIFF/XML artifact; band index reported
scene_02-Z0828,7,32,2428.0,,unavailable in GeoTIFF/XML artifact; band index reported
scene_02-Z0828,7,33,2414.0,,unavailable in GeoTIFF/XML artifact; band index reported
scene_02-Z0828,7,34,2403.0,,unavailable in GeoTIFF/XML artifact; band index reported
scene_02-Z0828,7,35,2407.0,,unavailable in GeoTIFF/XML artifact; band index reported
scene_02-Z0828,7,36,2348.0,3910.678847702552,unavailable in GeoTIFF/XML artifact; band index reported
scene_02-Z0828,7,37,2348.0,,unavailable in GeoTIFF/XML artifact; band index reported
scene_02-Z0828,7,38,2314.0,,unavailable in GeoTIFF/XML artifact; band index reported
scene_02-Z0828,7,39,2253.0,,unavailable in GeoTIFF/XML artifact; band index reported
scene_02-Z0828,7,40,2257.0,,unavailable in GeoTIFF/XML artifact; band index reported
scene_02-Z0828,7,41,2269.0,,unavailable in GeoTIFF/XML artifact; band index reported
scene_02-Z0828,7,42,2227.0,,unavailable in GeoTIFF/XML artifact; band index reported
scene_02-Z0828,7,43,2240.0,,unavailable in GeoTIFF/XML artifact; band index reported
scene_02-Z0828,7,44,2243.0,4004.6816681009223,unavailable in GeoTIFF/XML artifact; band index reported
scene_02-Z0828,7,45,2230.0,,unavailable in GeoTIFF/XML artifact; band index reported
scene_02-Z0828,7,46,2219.0,,unavailable in GeoTIFF/XML artifact; band index reported
scene_02-Z0828,7,47,2258.0,,unavailable in GeoTIFF/XML artifact; band index reported
scene_02-Z0828,7,48,2175.0,,unavailable in GeoTIFF/XML artifact; band index reported
scene_02-Z0828,7,49,2191.0,,unavailable in GeoTIFF/XML artifact; band index reported
scene_02-Z0828,7,50,2167.0,,unavailable in GeoTIFF/XML artifact; band index reported
scene_02-Z0828,7,51,2137.0,4023.527760350648,unavailable in GeoTIFF/XML artifact; band index reported
scene_02-Z0828,7,52,2105.0,,unavailable in GeoTIFF/XML artifact; band index reported
scene_02-Z0828,7,53,2100.0,,unavailable in GeoTIFF/XML artifact; band index reported
scene_02-Z0828,7,54,2088.0,,unavailable in GeoTIFF/XML artifact; band index reported
scene_02-Z0828,7,55,2111.0,,unavailable in GeoTIFF/XML artifact; band index reported
scene_02-Z0828,7,56,2169.0,,unavailable in GeoTIFF/XML artifact; band index reported
scene_02-Z0828,7,57,2175.0,,unavailable in GeoTIFF/XML artifact; band index reported
scene_02-Z0828,7,58,2081.0,4102.57972895471,unavailable in GeoTIFF/XML artifact; band index reported
scene_02-Z0828,7,59,2037.0,,unavailable in GeoTIFF/XML artifact; band index reported
scene_02-Z0828,7,60,1981.0,,unavailable in GeoTIFF/XML artifact; band index reported
scene_02-Z0828,7,61,1880.0,,unavailable in GeoTIFF/XML artifact; band index reported
scene_02-Z0828,7,62,1944.0,,unavailable in GeoTIFF/XML artifact; band index reported
scene_02-Z0828,7,63,1959.0,,unavailable in GeoTIFF/XML artifact; band index reported
scene_02-Z0828,7,64,1975.0,,unavailable in GeoTIFF/XML artifact; band index reported
scene_02-Z0828,7,65,1995.0,4065.0446674384852,unavailable in GeoTIFF/XML artifact; band index reported
scene_02-Z0828,7,66,1974.0,,unavailable in GeoTIFF/XML artifact; band index reported
scene_02-Z0828,7,67,1942.0,,unavailable in GeoTIFF/XML artifact; band index reported
scene_02-Z0828,7,68,1911.0,,unavailable in GeoTIFF/XML artifact; band index reported
scene_02-Z0828,7,69,2056.0,,unavailable in GeoTIFF/XML artifact; band index reported
scene_02-Z0828,7,70,1987.0,,unavailable in GeoTIFF/XML artifact; band index reported
scene_02-Z0828,7,71,1941.0,,unavailable in GeoTIFF/XML artifact; band index reported
scene_02-Z0828,7,72,1929.0,4050.215776525129,unavailable in GeoTIFF/XML artifact; band index reported
scene_02-Z0828,7,73,1929.0,,unavailable in GeoTIFF/XML artifact; band index reported
scene_02-Z0828,7,74,1903.0,,unavailable in GeoTIFF/XML artifact; band index reported
scene_02-Z0828,7,75,1946.0,,unavailable in GeoTIFF/XML artifact; band index reported
scene_02-Z0828,7,76,1878.0,,unavailable in GeoTIFF/XML artifact; band index reported
scene_02-Z0828,7,77,1917.0,,unavailable in GeoTIFF/XML artifact; band index reported
scene_02-Z0828,7,78,1873.0,,unavailable in GeoTIFF/XML artifact; band index reported
scene_02-Z0828,7,79,1887.0,,unavailable in GeoTIFF/XML artifact; band index reported
scene_02-Z0828,7,80,1781.0,4184.484206899644,unavailable in GeoTIFF/XML artifact; band index reported
scene_02-Z0828,7,81,1855.0,,unavailable in GeoTIFF/XML artifact; band index reported
scene_02-Z0828,7,82,1738.0,,unavailable in GeoTIFF/XML artifact; band index reported
scene_02-Z0828,7,83,1833.0,,unavailable in GeoTIFF/XML artifact; band index reported
scene_02-Z0828,7,84,1814.0,,unavailable in GeoTIFF/XML artifact; band index reported
scene_02-Z0828,7,85,1761.0,,unavailable in GeoTIFF/XML artifact; band index reported
scene_02-Z0828,7,86,1953.0,,unavailable in GeoTIFF/XML artifact; band index reported
scene_02-Z0828,7,87,1725.0,4217.572870382801,unavailable in GeoTIFF/XML artifact; band index reported
scene_02-Z0828,7,88,1790.0,,unavailable in GeoTIFF/XML artifact; band index reported
scene_02-Z0828,7,89,1750.0,,unavailable in GeoTIFF/XML artifact; band index reported
scene_02-Z0828,7,90,1781.0,,unavailable in GeoTIFF/XML artifact; band index reported
scene_02-Z0828,7,91,1771.0,,unavailable in GeoTIFF/XML artifact; band index reported
scene_02-Z0828,7,92,1793.0,,unavailable in GeoTIFF/XML artifact; band index reported
scene_02-Z0828,7,93,1756.0,,unavailable in GeoTIFF/XML artifact; band index reported
scene_02-Z0828,7,94,1769.0,4333.966700834949,unavailable in GeoTIFF/XML artifact; band index reported
scene_02-Z0828,7,95,1886.0,,unavailable in GeoTIFF/XML artifact; band index reported
scene_02-Z0828,7,96,1668.0,,unavailable in GeoTIFF/XML artifact; band index reported
scene_02-Z0828,7,97,1799.0,,unavailable in GeoTIFF/XML artifact; band index reported
scene_02-Z0828,7,98,1651.0,,unavailable in GeoTIFF/XML artifact; band index reported
scene_02-Z0828,7,99,1741.0,,unavailable in GeoTIFF/XML artifact; band index reported
scene_02-Z0828,7,100,1565.0,,unavailable in GeoTIFF/XML artifact; band index reported
scene_02-Z0828,7,101,1759.0,3757.180979821616,unavailable in GeoTIFF/XML artifact; band index reported
scene_02-Z0828,7,102,1533.0,,unavailable in GeoTIFF/XML artifact; band index reported
scene_02-Z0828,7,103,1503.0,,unavailable in GeoTIFF/XML artifact; band index reported
scene_02-Z0828,7,104,1474.0,,unavailable in GeoTIFF/XML artifact; band index reported
scene_02-Z0828,7,105,1476.0,,unavailable in GeoTIFF/XML artifact; band index reported
scene_02-Z0828,7,106,1434.0,,unavailable in GeoTIFF/XML artifact; band index reported
scene_02-Z0828,7,107,1442.0,,unavailable in GeoTIFF/XML artifact; band index reported
scene_02-Z0828,7,108,1457.0,4119.44470923602,unavailable in GeoTIFF/XML artifact; band index reported
scene_02-Z0828,7,109,1463.0,,unavailable in GeoTIFF/XML artifact; band index reported
scene_02-Z0828,7,110,1481.0,,unavailable in GeoTIFF/XML artifact; band index reported
scene_02-Z0828,7,111,1502.0,,unavailable in GeoTIFF/XML artifact; band index reported
scene_02-Z0828,7,112,1487.0,,unavailable in GeoTIFF/XML artifact; band index reported
scene_02-Z0828,7,113,1451.0,,unavailable in GeoTIFF/XML artifact; band index reported
scene_02-Z0828,7,114,1486.0,,unavailable in GeoTIFF/XML artifact; band index reported
scene_02-Z0828,7,115,1544.0,,unavailable in GeoTIFF/XML artifact; band index reported
scene_02-Z0828,7,116,1488.0,4264.452026303014,unavailable in GeoTIFF/XML artifact; band index reported
scene_02-Z0828,7,117,1348.0,,unavailable in GeoTIFF/XML artifact; band index reported
scene_02-Z0828,7,118,1289.0,,unavailable in GeoTIFF/XML artifact; band index reported
scene_02-Z0828,7,119,1222.0,,unavailable in GeoTIFF/XML artifact; band index reported
scene_02-Z0828,7,120,1197.0,,unavailable in GeoTIFF/XML artifact; band index reported
scene_02-Z0828,7,121,1168.0,,unavailable in GeoTIFF/XML artifact; band index reported
scene_02-Z0828,7,122,1134.0,,unavailable in GeoTIFF/XML artifact; band index reported
scene_02-Z0828,7,123,1096.0,3638.128168835215,unavailable in GeoTIFF/XML artifact; band index reported
scene_02-Z0828,7,124,1071.0,,unavailable in GeoTIFF/XML artifact; band index reported
scene_02-Z0828,7,125,1137.0,,unavailable in GeoTIFF/XML artifact; band index reported
scene_02-Z0828,7,126,1146.0,,unavailable in GeoTIFF/XML artifact; band index reported
scene_02-Z0828,7,127,1113.0,,unavailable in GeoTIFF/XML artifact; band index reported
scene_02-Z0828,7,128,1113.0,,unavailable in GeoTIFF/XML artifact; band index reported
scene_02-Z0828,7,129,1120.0,,unavailable in GeoTIFF/XML artifact; band index reported
scene_02-Z0828,7,130,1120.0,3697.105728725079,unavailable in GeoTIFF/XML artifact; band index reported
scene_02-Z0828,7,131,-32768.0,,unavailable in GeoTIFF/XML artifact; band index reported
scene_02-Z0828,7,132,-32768.0,,unavailable in GeoTIFF/XML artifact; band index reported
scene_02-Z0828,7,133,-32768.0,,unavailable in GeoTIFF/XML artifact; band index reported
scene_02-Z0828,7,134,-32768.0,,unavailable in GeoTIFF/XML artifact; band index reported
scene_02-Z0828,7,135,-32768.0,,unavailable in GeoTIFF/XML artifact; band index reported
scene_02-Z0828,7,136,736.0,,unavailable in GeoTIFF/XML artifact; band index reported
scene_02-Z0828,7,137,537.0,1385.8706168393314,unavailable in GeoTIFF/XML artifact; band index reported
scene_02-Z0828,7,138,411.0,,unavailable in GeoTIFF/XML artifact; band index reported
scene_02-Z0828,7,139,365.0,,unavailable in GeoTIFF/XML artifact; band index reported
scene_02-Z0828,7,140,344.0,,unavailable in GeoTIFF/XML artifact; band index reported
scene_02-Z0828,7,141,308.0,,unavailable in GeoTIFF/XML artifact; band index reported
scene_02-Z0828,7,142,345.0,,unavailable in GeoTIFF/XML artifact; band index reported
scene_02-Z0828,7,143,320.0,,unavailable in GeoTIFF/XML artifact; band index reported
scene_02-Z0828,7,144,358.0,1146.0124725007981,unavailable in GeoTIFF/XML artifact; band index reported
scene_02-Z0828,7,145,373.0,,unavailable in GeoTIFF/XML artifact; band index reported
scene_02-Z0828,7,146,374.0,,unavailable in GeoTIFF/XML artifact; band index reported
scene_02-Z0828,7,147,379.0,,unavailable in GeoTIFF/XML artifact; band index reported
scene_02-Z0828,7,148,431.0,,unavailable in GeoTIFF/XML artifact; band index reported
scene_02-Z0828,7,149,445.0,,unavailable in GeoTIFF/XML artifact; band index reported
scene_02-Z0828,7,150,479.0,,unavailable in GeoTIFF/XML artifact; band index reported
scene_02-Z0828,7,151,477.0,,unavailable in GeoTIFF/XML artifact; band index reported
scene_02-Z0828,7,152,488.0,1713.2995919812897,unavailable in GeoTIFF/XML artifact; band index reported
scene_02-Z0828,7,153,496.0,,unavailable in GeoTIFF/XML artifact; band index reported
scene_02-Z0828,7,154,533.0,,unavailable in GeoTIFF/XML artifact; band index reported
scene_02-Z0828,7,155,538.0,,unavailable in GeoTIFF/XML artifact; band index reported
scene_02-Z0828,7,156,589.0,,unavailable in GeoTIFF/XML artifact; band index reported
scene_02-Z0828,7,157,574.0,,unavailable in GeoTIFF/XML artifact; band index reported
scene_02-Z0828,7,158,581.0,,unavailable in GeoTIFF/XML artifact; band index reported
scene_02-Z0828,7,159,593.0,2111.832854444975,unavailable in GeoTIFF/XML artifact; band index reported
scene_02-Z0828,7,160,638.0,,unavailable in GeoTIFF/XML artifact; band index reported
scene_02-Z0828,7,161,640.0,,unavailable in GeoTIFF/XML artifact; band index reported
scene_02-Z0828,7,162,683.0,,unavailable in GeoTIFF/XML artifact; band index reported
scene_02-Z0828,7,163,686.0,,unavailable in GeoTIFF/XML artifact; band index reported
scene_02-Z0828,7,164,680.0,,unavailable in GeoTIFF/XML artifact; band index reported
scene_02-Z0828,7,165,688.0,,unavailable in GeoTIFF/XML artifact; band index reported
scene_02-Z0828,7,166,666.0,2397.743743529186,unavailable in GeoTIFF/XML artifact; band index reported
scene_02-Z0828,7,167,285.0,,unavailable in GeoTIFF/XML artifact; band index reported
scene_02-Z0828,7,168,259.0,,unavailable in GeoTIFF/XML artifact; band index reported
scene_02-Z0828,7,169,251.0,,unavailable in GeoTIFF/XML artifact; band index reported
scene_02-Z0828,7,170,171.0,,unavailable in GeoTIFF/XML artifact; band index reported
scene_02-Z0828,7,171,134.0,,unavailable in GeoTIFF/XML artifact; band index reported
scene_02-Z0828,7,172,280.0,,unavailable in GeoTIFF/XML artifact; band index reported
scene_02-Z0828,7,173,286.0,620.0160149725663,unavailable in GeoTIFF/XML artifact; band index reported
scene_02-Z0828,7,174,282.0,,unavailable in GeoTIFF/XML artifact; band index reported
scene_02-Z0828,7,175,256.0,,unavailable in GeoTIFF/XML artifact; band index reported
scene_02-Z0828,7,176,203.0,,unavailable in GeoTIFF/XML artifact; band index reported
scene_02-Z0828,7,177,222.0,,unavailable in GeoTIFF/XML artifact; band index reported
scene_02-Z0828,7,178,308.0,,unavailable in GeoTIFF/XML artifact; band index reported
scene_02-Z0828,7,179,324.0,,unavailable in GeoTIFF/XML artifact; band index reported
scene_02-Z0828,7,180,332.0,814.1379422466697,unavailable in GeoTIFF/XML artifact; band index reported
scene_02-Z0828,7,181,325.0,,unavailable in GeoTIFF/XML artifact; band index reported
scene_02-Z0828,7,182,344.0,,unavailable in GeoTIFF/XML artifact; band index reported
scene_02-Z0828,7,183,361.0,,unavailable in GeoTIFF/XML artifact; band index reported
scene_02-Z0828,7,184,400.0,,unavailable in GeoTIFF/XML artifact; band index reported
scene_02-Z0828,7,185,414.0,,unavailable in GeoTIFF/XML artifact; band index reported
scene_02-Z0828,7,186,411.0,,unavailable in GeoTIFF/XML artifact; band index reported
scene_02-Z0828,7,187,429.0,,unavailable in GeoTIFF/XML artifact; band index reported
scene_02-Z0828,7,188,456.0,1354.1786441418403,unavailable in GeoTIFF/XML artifact; band index reported
scene_02-Z0828,7,189,471.0,,unavailable in GeoTIFF/XML artifact; band index reported
scene_02-Z0828,7,190,487.0,,unavailable in GeoTIFF/XML artifact; band index reported
scene_02-Z0828,7,191,499.0,,unavailable in GeoTIFF/XML artifact; band index reported
scene_02-Z0828,7,192,553.0,,unavailable in GeoTIFF/XML artifact; band index reported
scene_02-Z0828,7,193,499.0,,unavailable in GeoTIFF/XML artifact; band index reported
scene_02-Z0828,7,194,564.0,,unavailable in GeoTIFF/XML artifact; band index reported
scene_02-Z0828,7,195,560.0,1766.3885489005581,unavailable in GeoTIFF/XML artifact; band index reported
scene_02-Z0828,7,196,547.0,,unavailable in GeoTIFF/XML artifact; band index reported
scene_02-Z0828,7,197,536.0,,unavailable in GeoTIFF/XML artifact; band index reported
scene_02-Z0828,7,198,554.0,,unavailable in GeoTIFF/XML artifact; band index reported
scene_02-Z0828,7,199,538.0,,unavailable in GeoTIFF/XML artifact; band index reported
scene_02-Z0828,7,200,543.0,,unavailable in GeoTIFF/XML artifact; band index reported
scene_02-Z0828,7,201,521.0,,unavailable in GeoTIFF/XML artifact; band index reported
scene_02-Z0828,7,202,534.0,1708.6980116632828,unavailable in GeoTIFF/XML artifact; band index reported
scene_02-Z0828,7,203,498.0,,unavailable in GeoTIFF/XML artifact; band index reported
scene_02-Z0828,7,204,496.0,,unavailable in GeoTIFF/XML artifact; band index reported
scene_02-Z0828,7,205,436.0,,unavailable in GeoTIFF/XML artifact; band index reported
scene_02-Z0828,7,206,455.0,,unavailable in GeoTIFF/XML artifact; band index reported
scene_02-Z0828,7,207,395.0,,unavailable in GeoTIFF/XML artifact; band index reported
scene_02-Z0828,7,208,432.0,,unavailable in GeoTIFF/XML artifact; band index reported
scene_02-Z0828,7,209,390.0,1205.8682828381327,unavailable in GeoTIFF/XML artifact; band index reported
scene_02-Z0828,7,210,374.0,,unavailable in GeoTIFF/XML artifact; band index reported
scene_02-Z0828,7,211,298.0,,unavailable in GeoTIFF/XML artifact; band index reported
scene_02-Z0828,7,212,345.0,,unavailable in GeoTIFF/XML artifact; band index reported
scene_02-Z0828,7,213,348.0,,unavailable in GeoTIFF/XML artifact; band index reported
scene_02-Z0828,7,214,291.0,,unavailable in GeoTIFF/XML artifact; band index reported
scene_02-Z0828,7,215,350.0,,unavailable in GeoTIFF/XML artifact; band index reported
scene_02-Z0828,7,216,310.0,972.0827768821342,unavailable in GeoTIFF/XML artifact; band index reported
scene_02-Z0828,7,217,326.0,,unavailable in GeoTIFF/XML artifact; band index reported
scene_02-Z0828,7,218,374.0,,unavailable in GeoTIFF/XML artifact; band index reported
scene_02-Z0828,7,219,298.0,,unavailable in GeoTIFF/XML artifact; band index reported
scene_02-Z0828,7,220,331.0,,unavailable in GeoTIFF/XML artifact; band index reported
scene_02-Z0828,7,221,344.0,,unavailable in GeoTIFF/XML artifact; band index reported
scene_02-Z0828,7,222,238.0,,unavailable in GeoTIFF/XML artifact; band index reported
scene_02-Z0828,7,223,358.0,,unavailable in GeoTIFF/XML artifact; band index reported
scene_02-Z0828,7,224,262.0,725.5769590304819,unavailable in GeoTIFF/XML artifact; band index reported
scene_02-Z0746,8,1,3802.0,3903.5687642480493,unavailable in GeoTIFF/XML artifact; band index reported
scene_02-Z0746,8,2,3729.666748046875,,unavailable in GeoTIFF/XML artifact; band index reported
scene_02-Z0746,8,3,3609.0,,unavailable in GeoTIFF/XML artifact; band index reported
scene_02-Z0746,8,4,3598.0,,unavailable in GeoTIFF/XML artifact; band index reported
scene_02-Z0746,8,5,3540.833251953125,,unavailable in GeoTIFF/XML artifact; band index reported
scene_02-Z0746,8,6,3418.0,,unavailable in GeoTIFF/XML artifact; band index reported
scene_02-Z0746,8,7,3428.0,,unavailable in GeoTIFF/XML artifact; band index reported
scene_02-Z0746,8,8,3370.833251953125,3925.551270116211,unavailable in GeoTIFF/XML artifact; band index reported
scene_02-Z0746,8,9,3316.833251953125,,unavailable in GeoTIFF/XML artifact; band index reported
scene_02-Z0746,8,10,3260.333251953125,,unavailable in GeoTIFF/XML artifact; band index reported
scene_02-Z0746,8,11,3201.666748046875,,unavailable in GeoTIFF/XML artifact; band index reported
scene_02-Z0746,8,12,3142.5,,unavailable in GeoTIFF/XML artifact; band index reported
scene_02-Z0746,8,13,3080.166748046875,,unavailable in GeoTIFF/XML artifact; band index reported
scene_02-Z0746,8,14,3088.0,,unavailable in GeoTIFF/XML artifact; band index reported
scene_02-Z0746,8,15,3028.333251953125,3942.6649578306146,unavailable in GeoTIFF/XML artifact; band index reported
scene_02-Z0746,8,16,3003.5,,unavailable in GeoTIFF/XML artifact; band index reported
scene_02-Z0746,8,17,2951.833251953125,,unavailable in GeoTIFF/XML artifact; band index reported
scene_02-Z0746,8,18,2883.833251953125,,unavailable in GeoTIFF/XML artifact; band index reported
scene_02-Z0746,8,19,2842.5,,unavailable in GeoTIFF/XML artifact; band index reported
scene_02-Z0746,8,20,2831.5,,unavailable in GeoTIFF/XML artifact; band index reported
scene_02-Z0746,8,21,2824.0,,unavailable in GeoTIFF/XML artifact; band index reported
scene_02-Z0746,8,22,2763.666748046875,3933.650157834212,unavailable in GeoTIFF/XML artifact; band index reported
scene_02-Z0746,8,23,2728.833251953125,,unavailable in GeoTIFF/XML artifact; band index reported
scene_02-Z0746,8,24,2639.333251953125,,unavailable in GeoTIFF/XML artifact; band index reported
scene_02-Z0746,8,25,2622.5,,unavailable in GeoTIFF/XML artifact; band index reported
scene_02-Z0746,8,26,2577.833251953125,,unavailable in GeoTIFF/XML artifact; band index reported
scene_02-Z0746,8,27,2571.5,,unavailable in GeoTIFF/XML artifact; band index reported
scene_02-Z0746,8,28,2506.5,,unavailable in GeoTIFF/XML artifact; band index reported
scene_02-Z0746,8,29,2483.333251953125,3930.7107380000457,unavailable in GeoTIFF/XML artifact; band index reported
scene_02-Z0746,8,30,2454.166748046875,,unavailable in GeoTIFF/XML artifact; band index reported
scene_02-Z0746,8,31,2419.333251953125,,unavailable in GeoTIFF/XML artifact; band index reported
scene_02-Z0746,8,32,2354.666748046875,,unavailable in GeoTIFF/XML artifact; band index reported
scene_02-Z0746,8,33,2326.333251953125,,unavailable in GeoTIFF/XML artifact; band index reported
scene_02-Z0746,8,34,2396.333251953125,,unavailable in GeoTIFF/XML artifact; band index reported
scene_02-Z0746,8,35,2353.833251953125,,unavailable in GeoTIFF/XML artifact; band index reported
scene_02-Z0746,8,36,2335.666748046875,3910.678847702552,unavailable in GeoTIFF/XML artifact; band index reported
scene_02-Z0746,8,37,2325.333251953125,,unavailable in GeoTIFF/XML artifact; band index reported
scene_02-Z0746,8,38,2280.333251953125,,unavailable in GeoTIFF/XML artifact; band index reported
scene_02-Z0746,8,39,2255.166748046875,,unavailable in GeoTIFF/XML artifact; band index reported
scene_02-Z0746,8,40,2262.166748046875,,unavailable in GeoTIFF/XML artifact; band index reported
scene_02-Z0746,8,41,2220.166748046875,,unavailable in GeoTIFF/XML artifact; band index reported
scene_02-Z0746,8,42,2202.333251953125,,unavailable in GeoTIFF/XML artifact; band index reported
scene_02-Z0746,8,43,2207.833251953125,,unavailable in GeoTIFF/XML artifact; band index reported
scene_02-Z0746,8,44,2225.166748046875,4004.6816681009223,unavailable in GeoTIFF/XML artifact; band index reported
scene_02-Z0746,8,45,2196.333251953125,,unavailable in GeoTIFF/XML artifact; band index reported
scene_02-Z0746,8,46,2166.333251953125,,unavailable in GeoTIFF/XML artifact; band index reported
scene_02-Z0746,8,47,2169.333251953125,,unavailable in GeoTIFF/XML artifact; band index reported
scene_02-Z0746,8,48,2166.833251953125,,unavailable in GeoTIFF/XML artifact; band index reported
scene_02-Z0746,8,49,2161.5,,unavailable in GeoTIFF/XML artifact; band index reported
scene_02-Z0746,8,50,2123.0,,unavailable in GeoTIFF/XML artifact; band index reported
scene_02-Z0746,8,51,2106.666748046875,4023.527760350648,unavailable in GeoTIFF/XML artifact; band index reported
scene_02-Z0746,8,52,2063.5,,unavailable in GeoTIFF/XML artifact; band index reported
scene_02-Z0746,8,53,2058.0,,unavailable in GeoTIFF/XML artifact; band index reported
scene_02-Z0746,8,54,2065.0,,unavailable in GeoTIFF/XML artifact; band index reported
scene_02-Z0746,8,55,2096.666748046875,,unavailable in GeoTIFF/XML artifact; band index reported
scene_02-Z0746,8,56,2090.0,,unavailable in GeoTIFF/XML artifact; band index reported
scene_02-Z0746,8,57,2117.5,,unavailable in GeoTIFF/XML artifact; band index reported
scene_02-Z0746,8,58,2052.666748046875,4102.57972895471,unavailable in GeoTIFF/XML artifact; band index reported
scene_02-Z0746,8,59,2019.6666259765625,,unavailable in GeoTIFF/XML artifact; band index reported
scene_02-Z0746,8,60,1935.1666259765625,,unavailable in GeoTIFF/XML artifact; band index reported
scene_02-Z0746,8,61,1861.1666259765625,,unavailable in GeoTIFF/XML artifact; band index reported
scene_02-Z0746,8,62,1848.5,,unavailable in GeoTIFF/XML artifact; band index reported
scene_02-Z0746,8,63,1967.6666259765625,,unavailable in GeoTIFF/XML artifact; band index reported
scene_02-Z0746,8,64,1952.1666259765625,,unavailable in GeoTIFF/XML artifact; band index reported
scene_02-Z0746,8,65,1942.3333740234375,4065.0446674384852,unavailable in GeoTIFF/XML artifact; band index reported
scene_02-Z0746,8,66,1926.5,,unavailable in GeoTIFF/XML artifact; band index reported
scene_02-Z0746,8,67,1915.8333740234375,,unavailable in GeoTIFF/XML artifact; band index reported
scene_02-Z0746,8,68,1909.8333740234375,,unavailable in GeoTIFF/XML artifact; band index reported
scene_02-Z0746,8,69,1965.1666259765625,,unavailable in GeoTIFF/XML artifact; band index reported
scene_02-Z0746,8,70,1961.6666259765625,,unavailable in GeoTIFF/XML artifact; band index reported
scene_02-Z0746,8,71,1938.1666259765625,,unavailable in GeoTIFF/XML artifact; band index reported
scene_02-Z0746,8,72,1927.5,4050.215776525129,unavailable in GeoTIFF/XML artifact; band index reported
scene_02-Z0746,8,73,1870.1666259765625,,unavailable in GeoTIFF/XML artifact; band index reported
scene_02-Z0746,8,74,1860.5,,unavailable in GeoTIFF/XML artifact; band index reported
scene_02-Z0746,8,75,1885.3333740234375,,unavailable in GeoTIFF/XML artifact; band index reported
scene_02-Z0746,8,76,1840.3333740234375,,unavailable in GeoTIFF/XML artifact; band index reported
scene_02-Z0746,8,77,1839.6666259765625,,unavailable in GeoTIFF/XML artifact; band index reported
scene_02-Z0746,8,78,1841.0,,unavailable in GeoTIFF/XML artifact; band index reported
scene_02-Z0746,8,79,1839.3333740234375,,unavailable in GeoTIFF/XML artifact; band index reported
scene_02-Z0746,8,80,1946.5,4184.484206899644,unavailable in GeoTIFF/XML artifact; band index reported
scene_02-Z0746,8,81,1833.3333740234375,,unavailable in GeoTIFF/XML artifact; band index reported
scene_02-Z0746,8,82,1931.3333740234375,,unavailable in GeoTIFF/XML artifact; band index reported
scene_02-Z0746,8,83,1844.5,,unavailable in GeoTIFF/XML artifact; band index reported
scene_02-Z0746,8,84,1796.1666259765625,,unavailable in GeoTIFF/XML artifact; band index reported
scene_02-Z0746,8,85,1939.3333740234375,,unavailable in GeoTIFF/XML artifact; band index reported
scene_02-Z0746,8,86,1950.1666259765625,,unavailable in GeoTIFF/XML artifact; band index reported
scene_02-Z0746,8,87,1845.8333740234375,4217.572870382801,unavailable in GeoTIFF/XML artifact; band index reported
scene_02-Z0746,8,88,1812.0,,unavailable in GeoTIFF/XML artifact; band index reported
scene_02-Z0746,8,89,1881.8333740234375,,unavailable in GeoTIFF/XML artifact; band index reported
scene_02-Z0746,8,90,1685.0,,unavailable in GeoTIFF/XML artifact; band index reported
scene_02-Z0746,8,91,1943.6666259765625,,unavailable in GeoTIFF/XML artifact; band index reported
scene_02-Z0746,8,92,1684.0,,unavailable in GeoTIFF/XML artifact; band index reported
scene_02-Z0746,8,93,1687.6666259765625,,unavailable in GeoTIFF/XML artifact; band index reported
scene_02-Z0746,8,94,1970.1666259765625,4333.966700834949,unavailable in GeoTIFF/XML artifact; band index reported
scene_02-Z0746,8,95,1760.0,,unavailable in GeoTIFF/XML artifact; band index reported
scene_02-Z0746,8,96,1863.5,,unavailable in GeoTIFF/XML artifact; band index reported
scene_02-Z0746,8,97,1717.3333740234375,,unavailable in GeoTIFF/XML artifact; band index reported
scene_02-Z0746,8,98,1840.0,,unavailable in GeoTIFF/XML artifact; band index reported
scene_02-Z0746,8,99,1797.0,,unavailable in GeoTIFF/XML artifact; band index reported
scene_02-Z0746,8,100,1775.0,,unavailable in GeoTIFF/XML artifact; band index reported
scene_02-Z0746,8,101,1727.6666259765625,3757.180979821616,unavailable in GeoTIFF/XML artifact; band index reported
scene_02-Z0746,8,102,1722.5,,unavailable in GeoTIFF/XML artifact; band index reported
scene_02-Z0746,8,103,1690.0,,unavailable in GeoTIFF/XML artifact; band index reported
scene_02-Z0746,8,104,1656.3333740234375,,unavailable in GeoTIFF/XML artifact; band index reported
scene_02-Z0746,8,105,1648.5,,unavailable in GeoTIFF/XML artifact; band index reported
scene_02-Z0746,8,106,1643.1666259765625,,unavailable in GeoTIFF/XML artifact; band index reported
scene_02-Z0746,8,107,1648.5,,unavailable in GeoTIFF/XML artifact; band index reported
scene_02-Z0746,8,108,1677.3333740234375,4119.44470923602,unavailable in GeoTIFF/XML artifact; band index reported
scene_02-Z0746,8,109,1671.0,,unavailable in GeoTIFF/XML artifact; band index reported
scene_02-Z0746,8,110,1686.8333740234375,,unavailable in GeoTIFF/XML artifact; band index reported
scene_02-Z0746,8,111,1717.3333740234375,,unavailable in GeoTIFF/XML artifact; band index reported
scene_02-Z0746,8,112,1658.8333740234375,,unavailable in GeoTIFF/XML artifact; band index reported
scene_02-Z0746,8,113,1629.5,,unavailable in GeoTIFF/XML artifact; band index reported
scene_02-Z0746,8,114,1589.8333740234375,,unavailable in GeoTIFF/XML artifact; band index reported
scene_02-Z0746,8,115,1722.3333740234375,,unavailable in GeoTIFF/XML artifact; band index reported
scene_02-Z0746,8,116,1673.0,4264.452026303014,unavailable in GeoTIFF/XML artifact; band index reported
scene_02-Z0746,8,117,1520.8333740234375,,unavailable in GeoTIFF/XML artifact; band index reported
scene_02-Z0746,8,118,1447.8333740234375,,unavailable in GeoTIFF/XML artifact; band index reported
scene_02-Z0746,8,119,1377.6666259765625,,unavailable in GeoTIFF/XML artifact; band index reported
scene_02-Z0746,8,120,1342.6666259765625,,unavailable in GeoTIFF/XML artifact; band index reported
scene_02-Z0746,8,121,1314.0,,unavailable in GeoTIFF/XML artifact; band index reported
scene_02-Z0746,8,122,1266.1666259765625,,unavailable in GeoTIFF/XML artifact; band index reported
scene_02-Z0746,8,123,1235.1666259765625,3638.128168835215,unavailable in GeoTIFF/XML artifact; band index reported
scene_02-Z0746,8,124,1206.8333740234375,,unavailable in GeoTIFF/XML artifact; band index reported
scene_02-Z0746,8,125,1285.1666259765625,,unavailable in GeoTIFF/XML artifact; band index reported
scene_02-Z0746,8,126,1268.0,,unavailable in GeoTIFF/XML artifact; band index reported
scene_02-Z0746,8,127,1274.3333740234375,,unavailable in GeoTIFF/XML artifact; band index reported
scene_02-Z0746,8,128,1272.6666259765625,,unavailable in GeoTIFF/XML artifact; band index reported
scene_02-Z0746,8,129,1284.5,,unavailable in GeoTIFF/XML artifact; band index reported
scene_02-Z0746,8,130,1255.1666259765625,3697.105728725079,unavailable in GeoTIFF/XML artifact; band index reported
scene_02-Z0746,8,131,-32768.0,,unavailable in GeoTIFF/XML artifact; band index reported
scene_02-Z0746,8,132,-32768.0,,unavailable in GeoTIFF/XML artifact; band index reported
scene_02-Z0746,8,133,-32768.0,,unavailable in GeoTIFF/XML artifact; band index reported
scene_02-Z0746,8,134,-32768.0,,unavailable in GeoTIFF/XML artifact; band index reported
scene_02-Z0746,8,135,-32768.0,,unavailable in GeoTIFF/XML artifact; band index reported
scene_02-Z0746,8,136,675.6666870117188,,unavailable in GeoTIFF/XML artifact; band index reported
scene_02-Z0746,8,137,477.0,1385.8706168393314,unavailable in GeoTIFF/XML artifact; band index reported
scene_02-Z0746,8,138,335.3333435058594,,unavailable in GeoTIFF/XML artifact; band index reported
scene_02-Z0746,8,139,265.8333435058594,,unavailable in GeoTIFF/XML artifact; band index reported
scene_02-Z0746,8,140,263.3333435058594,,unavailable in GeoTIFF/XML artifact; band index reported
scene_02-Z0746,8,141,264.8333435058594,,unavailable in GeoTIFF/XML artifact; band index reported
scene_02-Z0746,8,142,263.6666564941406,,unavailable in GeoTIFF/XML artifact; band index reported
scene_02-Z0746,8,143,274.0,,unavailable in GeoTIFF/XML artifact; band index reported
scene_02-Z0746,8,144,288.6666564941406,1146.0124725007981,unavailable in GeoTIFF/XML artifact; band index reported
scene_02-Z0746,8,145,308.5,,unavailable in GeoTIFF/XML artifact; band index reported
scene_02-Z0746,8,146,316.5,,unavailable in GeoTIFF/XML artifact; band index reported
scene_02-Z0746,8,147,354.5,,unavailable in GeoTIFF/XML artifact; band index reported
scene_02-Z0746,8,148,380.0,,unavailable in GeoTIFF/XML artifact; band index reported
scene_02-Z0746,8,149,408.3333435058594,,unavailable in GeoTIFF/XML artifact; band index reported
scene_02-Z0746,8,150,438.6666564941406,,unavailable in GeoTIFF/XML artifact; band index reported
scene_02-Z0746,8,151,437.0,,unavailable in GeoTIFF/XML artifact; band index reported
scene_02-Z0746,8,152,460.1666564941406,1713.2995919812897,unavailable in GeoTIFF/XML artifact; band index reported
scene_02-Z0746,8,153,467.1666564941406,,unavailable in GeoTIFF/XML artifact; band index reported
scene_02-Z0746,8,154,484.5,,unavailable in GeoTIFF/XML artifact; band index reported
scene_02-Z0746,8,155,497.8333435058594,,unavailable in GeoTIFF/XML artifact; band index reported
scene_02-Z0746,8,156,532.5,,unavailable in GeoTIFF/XML artifact; band index reported
scene_02-Z0746,8,157,525.6666870117188,,unavailable in GeoTIFF/XML artifact; band index reported
scene_02-Z0746,8,158,575.5,,unavailable in GeoTIFF/XML artifact; band index reported
scene_02-Z0746,8,159,572.5,2111.832854444975,unavailable in GeoTIFF/XML artifact; band index reported
scene_02-Z0746,8,160,609.0,,unavailable in GeoTIFF/XML artifact; band index reported
scene_02-Z0746,8,161,601.1666870117188,,unavailable in GeoTIFF/XML artifact; band index reported
scene_02-Z0746,8,162,625.3333129882812,,unavailable in GeoTIFF/XML artifact; band index reported
scene_02-Z0746,8,163,639.6666870117188,,unavailable in GeoTIFF/XML artifact; band index reported
scene_02-Z0746,8,164,611.6666870117188,,unavailable in GeoTIFF/XML artifact; band index reported
scene_02-Z0746,8,165,657.1666870117188,,unavailable in GeoTIFF/XML artifact; band index reported
scene_02-Z0746,8,166,692.8333129882812,2397.743743529186,unavailable in GeoTIFF/XML artifact; band index reported
scene_02-Z0746,8,167,168.3333282470703,,unavailable in GeoTIFF/XML artifact; band index reported
scene_02-Z0746,8,168,160.8333282470703,,unavailable in GeoTIFF/XML artifact; band index reported
scene_02-Z0746,8,169,162.5,,unavailable in GeoTIFF/XML artifact; band index reported
scene_02-Z0746,8,170,134.5,,unavailable in GeoTIFF/XML artifact; band index reported
scene_02-Z0746,8,171,71.5,,unavailable in GeoTIFF/XML artifact; band index reported
scene_02-Z0746,8,172,151.3333282470703,,unavailable in GeoTIFF/XML artifact; band index reported
scene_02-Z0746,8,173,180.1666717529297,620.0160149725663,unavailable in GeoTIFF/XML artifact; band index reported
scene_02-Z0746,8,174,175.6666717529297,,unavailable in GeoTIFF/XML artifact; band index reported
scene_02-Z0746,8,175,172.1666717529297,,unavailable in GeoTIFF/XML artifact; band index reported
scene_02-Z0746,8,176,162.3333282470703,,unavailable in GeoTIFF/XML artifact; band index reported
scene_02-Z0746,8,177,157.3333282470703,,unavailable in GeoTIFF/XML artifact; band index reported
scene_02-Z0746,8,178,186.3333282470703,,unavailable in GeoTIFF/XML artifact; band index reported
scene_02-Z0746,8,179,202.8333282470703,,unavailable in GeoTIFF/XML artifact; band index reported
scene_02-Z0746,8,180,227.1666717529297,814.1379422466697,unavailable in GeoTIFF/XML artifact; band index reported
scene_02-Z0746,8,181,219.3333282470703,,unavailable in GeoTIFF/XML artifact; band index reported
scene_02-Z0746,8,182,241.8333282470703,,unavailable in GeoTIFF/XML artifact; band index reported
scene_02-Z0746,8,183,253.6666717529297,,unavailable in GeoTIFF/XML artifact; band index reported
scene_02-Z0746,8,184,264.6666564941406,,unavailable in GeoTIFF/XML artifact; band index reported
scene_02-Z0746,8,185,294.6666564941406,,unavailable in GeoTIFF/XML artifact; band index reported
scene_02-Z0746,8,186,318.3333435058594,,unavailable in GeoTIFF/XML artifact; band index reported
scene_02-Z0746,8,187,345.5,,unavailable in GeoTIFF/XML artifact; band index reported
scene_02-Z0746,8,188,366.8333435058594,1354.1786441418403,unavailable in GeoTIFF/XML artifact; band index reported
scene_02-Z0746,8,189,390.0,,unavailable in GeoTIFF/XML artifact; band index reported
scene_02-Z0746,8,190,411.3333435058594,,unavailable in GeoTIFF/XML artifact; band index reported
scene_02-Z0746,8,191,407.0,,unavailable in GeoTIFF/XML artifact; band index reported
scene_02-Z0746,8,192,431.8333435058594,,unavailable in GeoTIFF/XML artifact; band index reported
scene_02-Z0746,8,193,433.6666564941406,,unavailable in GeoTIFF/XML artifact; band index reported
scene_02-Z0746,8,194,468.8333435058594,,unavailable in GeoTIFF/XML artifact; band index reported
scene_02-Z0746,8,195,466.6666564941406,1766.3885489005581,unavailable in GeoTIFF/XML artifact; band index reported
scene_02-Z0746,8,196,504.1666564941406,,unavailable in GeoTIFF/XML artifact; band index reported
scene_02-Z0746,8,197,488.5,,unavailable in GeoTIFF/XML artifact; band index reported
scene_02-Z0746,8,198,482.1666564941406,,unavailable in GeoTIFF/XML artifact; band index reported
scene_02-Z0746,8,199,491.8333435058594,,unavailable in GeoTIFF/XML artifact; band index reported
scene_02-Z0746,8,200,484.3333435058594,,unavailable in GeoTIFF/XML artifact; band index reported
scene_02-Z0746,8,201,475.0,,unavailable in GeoTIFF/XML artifact; band index reported
scene_02-Z0746,8,202,448.5,1708.6980116632828,unavailable in GeoTIFF/XML artifact; band index reported
scene_02-Z0746,8,203,438.1666564941406,,unavailable in GeoTIFF/XML artifact; band index reported
scene_02-Z0746,8,204,411.3333435058594,,unavailable in GeoTIFF/XML artifact; band index reported
scene_02-Z0746,8,205,382.6666564941406,,unavailable in GeoTIFF/XML artifact; band index reported
scene_02-Z0746,8,206,377.3333435058594,,unavailable in GeoTIFF/XML artifact; band index reported
scene_02-Z0746,8,207,325.3333435058594,,unavailable in GeoTIFF/XML artifact; band index reported
scene_02-Z0746,8,208,339.3333435058594,,unavailable in GeoTIFF/XML artifact; band index reported
scene_02-Z0746,8,209,302.3333435058594,1205.8682828381327,unavailable in GeoTIFF/XML artifact; band index reported
scene_02-Z0746,8,210,283.6666564941406,,unavailable in GeoTIFF/XML artifact; band index reported
scene_02-Z0746,8,211,266.5,,unavailable in GeoTIFF/XML artifact; band index reported
scene_02-Z0746,8,212,284.6666564941406,,unavailable in GeoTIFF/XML artifact; band index reported
scene_02-Z0746,8,213,266.1666564941406,,unavailable in GeoTIFF/XML artifact; band index reported
scene_02-Z0746,8,214,257.3333435058594,,unavailable in GeoTIFF/XML artifact; band index reported
scene_02-Z0746,8,215,249.8333282470703,,unavailable in GeoTIFF/XML artifact; band index reported
scene_02-Z0746,8,216,278.5,972.0827768821342,unavailable in GeoTIFF/XML artifact; band index reported
scene_02-Z0746,8,217,248.8333282470703,,unavailable in GeoTIFF/XML artifact; band index reported
scene_02-Z0746,8,218,218.8333282470703,,unavailable in GeoTIFF/XML artifact; band index reported
scene_02-Z0746,8,219,220.5,,unavailable in GeoTIFF/XML artifact; band index reported
scene_02-Z0746,8,220,215.8333282470703,,unavailable in GeoTIFF/XML artifact; band index reported
scene_02-Z0746,8,221,235.5,,unavailable in GeoTIFF/XML artifact; band index reported
scene_02-Z0746,8,222,177.8333282470703,,unavailable in GeoTIFF/XML artifact; band index reported
scene_02-Z0746,8,223,194.6666717529297,,unavailable in GeoTIFF/XML artifact; band index reported
scene_02-Z0746,8,224,172.8333282470703,725.5769590304819,unavailable in GeoTIFF/XML artifact; band index reported
scene_02-Z0821,9,1,4100.66650390625,3903.5687642480493,unavailable in GeoTIFF/XML artifact; band index reported
scene_02-Z0821,9,2,3994.333251953125,,unavailable in GeoTIFF/XML artifact; band index reported
scene_02-Z0821,9,3,3951.333251953125,,unavailable in GeoTIFF/XML artifact; band index reported
scene_02-Z0821,9,4,3911.666748046875,,unavailable in GeoTIFF/XML artifact; band index reported
scene_02-Z0821,9,5,3831.0,,unavailable in GeoTIFF/XML artifact; band index reported
scene_02-Z0821,9,6,3757.0,,unavailable in GeoTIFF/XML artifact; band index reported
scene_02-Z0821,9,7,3729.666748046875,,unavailable in GeoTIFF/XML artifact; band index reported
scene_02-Z0821,9,8,3642.0,3925.551270116211,unavailable in GeoTIFF/XML artifact; band index reported
scene_02-Z0821,9,9,3562.666748046875,,unavailable in GeoTIFF/XML artifact; band index reported
scene_02-Z0821,9,10,3582.0,,unavailable in GeoTIFF/XML artifact; band index reported
scene_02-Z0821,9,11,3494.333251953125,,unavailable in GeoTIFF/XML artifact; band index reported
scene_02-Z0821,9,12,3384.333251953125,,unavailable in GeoTIFF/XML artifact; band index reported
scene_02-Z0821,9,13,3342.333251953125,,unavailable in GeoTIFF/XML artifact; band index reported
scene_02-Z0821,9,14,3346.0,,unavailable in GeoTIFF/XML artifact; band index reported
scene_02-Z0821,9,15,3290.666748046875,3942.6649578306146,unavailable in GeoTIFF/XML artifact; band index reported
scene_02-Z0821,9,16,3237.0,,unavailable in GeoTIFF/XML artifact; band index reported
scene_02-Z0821,9,17,3189.333251953125,,unavailable in GeoTIFF/XML artifact; band index reported
scene_02-Z0821,9,18,3164.0,,unavailable in GeoTIFF/XML artifact; band index reported
scene_02-Z0821,9,19,3124.333251953125,,unavailable in GeoTIFF/XML artifact; band index reported
scene_02-Z0821,9,20,3006.666748046875,,unavailable in GeoTIFF/XML artifact; band index reported
scene_02-Z0821,9,21,3048.666748046875,,unavailable in GeoTIFF/XML artifact; band index reported
scene_02-Z0821,9,22,2976.333251953125,3933.650157834212,unavailable in GeoTIFF/XML artifact; band index reported
scene_02-Z0821,9,23,2920.0,,unavailable in GeoTIFF/XML artifact; band index reported
scene_02-Z0821,9,24,2855.333251953125,,unavailable in GeoTIFF/XML artifact; band index reported
scene_02-Z0821,9,25,2837.0,,unavailable in GeoTIFF/XML artifact; band index reported
scene_02-Z0821,9,26,2827.0,,unavailable in GeoTIFF/XML artifact; band index reported
scene_02-Z0821,9,27,2826.666748046875,,unavailable in GeoTIFF/XML artifact; band index reported
scene_02-Z0821,9,28,2751.0,,unavailable in GeoTIFF/XML artifact; band index reported
scene_02-Z0821,9,29,2718.0,3930.7107380000457,unavailable in GeoTIFF/XML artifact; band index reported
scene_02-Z0821,9,30,2701.0,,unavailable in GeoTIFF/XML artifact; band index reported
scene_02-Z0821,9,31,2613.0,,unavailable in GeoTIFF/XML artifact; band index reported
scene_02-Z0821,9,32,2574.666748046875,,unavailable in GeoTIFF/XML artifact; band index reported
scene_02-Z0821,9,33,2527.666748046875,,unavailable in GeoTIFF/XML artifact; band index reported
scene_02-Z0821,9,34,2528.666748046875,,unavailable in GeoTIFF/XML artifact; band index reported
scene_02-Z0821,9,35,2552.666748046875,,unavailable in GeoTIFF/XML artifact; band index reported
scene_02-Z0821,9,36,2515.333251953125,3910.678847702552,unavailable in GeoTIFF/XML artifact; band index reported
scene_02-Z0821,9,37,2471.333251953125,,unavailable in GeoTIFF/XML artifact; band index reported
scene_02-Z0821,9,38,2479.333251953125,,unavailable in GeoTIFF/XML artifact; band index reported
scene_02-Z0821,9,39,2457.666748046875,,unavailable in GeoTIFF/XML artifact; band index reported
scene_02-Z0821,9,40,2452.0,,unavailable in GeoTIFF/XML artifact; band index reported
scene_02-Z0821,9,41,2426.666748046875,,unavailable in GeoTIFF/XML artifact; band index reported
scene_02-Z0821,9,42,2380.666748046875,,unavailable in GeoTIFF/XML artifact; band index reported
scene_02-Z0821,9,43,2377.666748046875,,unavailable in GeoTIFF/XML artifact; band index reported
scene_02-Z0821,9,44,2372.333251953125,4004.6816681009223,unavailable in GeoTIFF/XML artifact; band index reported
scene_02-Z0821,9,45,2381.333251953125,,unavailable in GeoTIFF/XML artifact; band index reported
scene_02-Z0821,9,46,2327.0,,unavailable in GeoTIFF/XML artifact; band index reported
scene_02-Z0821,9,47,2336.333251953125,,unavailable in GeoTIFF/XML artifact; band index reported
scene_02-Z0821,9,48,2328.333251953125,,unavailable in GeoTIFF/XML artifact; band index reported
scene_02-Z0821,9,49,2328.666748046875,,unavailable in GeoTIFF/XML artifact; band index reported
scene_02-Z0821,9,50,2303.666748046875,,unavailable in GeoTIFF/XML artifact; band index reported
scene_02-Z0821,9,51,2238.333251953125,4023.527760350648,unavailable in GeoTIFF/XML artifact; band index reported
scene_02-Z0821,9,52,2263.333251953125,,unavailable in GeoTIFF/XML artifact; band index reported
scene_02-Z0821,9,53,2264.333251953125,,unavailable in GeoTIFF/XML artifact; band index reported
scene_02-Z0821,9,54,2244.0,,unavailable in GeoTIFF/XML artifact; band index reported
scene_02-Z0821,9,55,2217.666748046875,,unavailable in GeoTIFF/XML artifact; band index reported
scene_02-Z0821,9,56,2237.333251953125,,unavailable in GeoTIFF/XML artifact; band index reported
scene_02-Z0821,9,57,2232.333251953125,,unavailable in GeoTIFF/XML artifact; band index reported
scene_02-Z0821,9,58,2206.666748046875,4102.57972895471,unavailable in GeoTIFF/XML artifact; band index reported
scene_02-Z0821,9,59,2150.333251953125,,unavailable in GeoTIFF/XML artifact; band index reported
scene_02-Z0821,9,60,2113.0,,unavailable in GeoTIFF/XML artifact; band index reported
scene_02-Z0821,9,61,2012.3333740234375,,unavailable in GeoTIFF/XML artifact; band index reported
scene_02-Z0821,9,62,1874.6666259765625,,unavailable in GeoTIFF/XML artifact; band index reported
scene_02-Z0821,9,63,2119.0,,unavailable in GeoTIFF/XML artifact; band index reported
scene_02-Z0821,9,64,2045.0,,unavailable in GeoTIFF/XML artifact; band index reported
scene_02-Z0821,9,65,2052.0,4065.0446674384852,unavailable in GeoTIFF/XML artifact; band index reported
scene_02-Z0821,9,66,2055.666748046875,,unavailable in GeoTIFF/XML artifact; band index reported
scene_02-Z0821,9,67,2019.3333740234375,,unavailable in GeoTIFF/XML artifact; band index reported
scene_02-Z0821,9,68,2056.666748046875,,unavailable in GeoTIFF/XML artifact; band index reported
scene_02-Z0821,9,69,2103.333251953125,,unavailable in GeoTIFF/XML artifact; band index reported
scene_02-Z0821,9,70,2079.666748046875,,unavailable in GeoTIFF/XML artifact; band index reported
scene_02-Z0821,9,71,2021.6666259765625,,unavailable in GeoTIFF/XML artifact; band index reported
scene_02-Z0821,9,72,2044.0,4050.215776525129,unavailable in GeoTIFF/XML artifact; band index reported
scene_02-Z0821,9,73,1995.6666259765625,,unavailable in GeoTIFF/XML artifact; band index reported
scene_02-Z0821,9,74,1992.0,,unavailable in GeoTIFF/XML artifact; band index reported
scene_02-Z0821,9,75,1995.6666259765625,,unavailable in GeoTIFF/XML artifact; band index reported
scene_02-Z0821,9,76,1957.0,,unavailable in GeoTIFF/XML artifact; band index reported
scene_02-Z0821,9,77,1955.0,,unavailable in GeoTIFF/XML artifact; band index reported
scene_02-Z0821,9,78,1948.6666259765625,,unavailable in GeoTIFF/XML artifact; band index reported
scene_02-Z0821,9,79,1950.3333740234375,,unavailable in GeoTIFF/XML artifact; band index reported
scene_02-Z0821,9,80,2046.6666259765625,4184.484206899644,unavailable in GeoTIFF/XML artifact; band index reported
scene_02-Z0821,9,81,1931.3333740234375,,unavailable in GeoTIFF/XML artifact; band index reported
scene_02-Z0821,9,82,2023.3333740234375,,unavailable in GeoTIFF/XML artifact; band index reported
scene_02-Z0821,9,83,1878.0,,unavailable in GeoTIFF/XML artifact; band index reported
scene_02-Z0821,9,84,1830.6666259765625,,unavailable in GeoTIFF/XML artifact; band index reported
scene_02-Z0821,9,85,2063.666748046875,,unavailable in GeoTIFF/XML artifact; band index reported
scene_02-Z0821,9,86,1993.3333740234375,,unavailable in GeoTIFF/XML artifact; band index reported
scene_02-Z0821,9,87,1969.0,4217.572870382801,unavailable in GeoTIFF/XML artifact; band index reported
scene_02-Z0821,9,88,1899.6666259765625,,unavailable in GeoTIFF/XML artifact; band index reported
scene_02-Z0821,9,89,1948.6666259765625,,unavailable in GeoTIFF/XML artifact; band index reported
scene_02-Z0821,9,90,1738.0,,unavailable in GeoTIFF/XML artifact; band index reported
scene_02-Z0821,9,91,2023.6666259765625,,unavailable in GeoTIFF/XML artifact; band index reported
scene_02-Z0821,9,92,1762.3333740234375,,unavailable in GeoTIFF/XML artifact; band index reported
scene_02-Z0821,9,93,1714.0,,unavailable in GeoTIFF/XML artifact; band index reported
scene_02-Z0821,9,94,2058.666748046875,4333.966700834949,unavailable in GeoTIFF/XML artifact; band index reported
scene_02-Z0821,9,95,1769.6666259765625,,unavailable in GeoTIFF/XML artifact; band index reported
scene_02-Z0821,9,96,1962.0,,unavailable in GeoTIFF/XML artifact; band index reported
scene_02-Z0821,9,97,1736.0,,unavailable in GeoTIFF/XML artifact; band index reported
scene_02-Z0821,9,98,1941.6666259765625,,unavailable in GeoTIFF/XML artifact; band index reported
scene_02-Z0821,9,99,1716.6666259765625,,unavailable in GeoTIFF/XML artifact; band index reported
scene_02-Z0821,9,100,1869.3333740234375,,unavailable in GeoTIFF/XML artifact; band index reported
scene_02-Z0821,9,101,1694.3333740234375,3757.180979821616,unavailable in GeoTIFF/XML artifact; band index reported
scene_02-Z0821,9,102,1834.6666259765625,,unavailable in GeoTIFF/XML artifact; band index reported
scene_02-Z0821,9,103,1790.0,,unavailable in GeoTIFF/XML artifact; band index reported
scene_02-Z0821,9,104,1761.0,,unavailable in GeoTIFF/XML artifact; band index reported
scene_02-Z0821,9,105,1741.3333740234375,,unavailable in GeoTIFF/XML artifact; band index reported
scene_02-Z0821,9,106,1738.0,,unavailable in GeoTIFF/XML artifact; band index reported
scene_02-Z0821,9,107,1735.6666259765625,,unavailable in GeoTIFF/XML artifact; band index reported
scene_02-Z0821,9,108,1781.6666259765625,4119.44470923602,unavailable in GeoTIFF/XML artifact; band index reported
scene_02-Z0821,9,109,1778.6666259765625,,unavailable in GeoTIFF/XML artifact; band index reported
scene_02-Z0821,9,110,1787.0,,unavailable in GeoTIFF/XML artifact; band index reported
scene_02-Z0821,9,111,1806.3333740234375,,unavailable in GeoTIFF/XML artifact; band index reported
scene_02-Z0821,9,112,1778.6666259765625,,unavailable in GeoTIFF/XML artifact; band index reported
scene_02-Z0821,9,113,1682.0,,unavailable in GeoTIFF/XML artifact; band index reported
scene_02-Z0821,9,114,1632.3333740234375,,unavailable in GeoTIFF/XML artifact; band index reported
scene_02-Z0821,9,115,1743.0,,unavailable in GeoTIFF/XML artifact; band index reported
scene_02-Z0821,9,116,1747.3333740234375,4264.452026303014,unavailable in GeoTIFF/XML artifact; band index reported
scene_02-Z0821,9,117,1602.3333740234375,,unavailable in GeoTIFF/XML artifact; band index reported
scene_02-Z0821,9,118,1530.6666259765625,,unavailable in GeoTIFF/XML artifact; band index reported
scene_02-Z0821,9,119,1445.0,,unavailable in GeoTIFF/XML artifact; band index reported
scene_02-Z0821,9,120,1402.0,,unavailable in GeoTIFF/XML artifact; band index reported
scene_02-Z0821,9,121,1348.3333740234375,,unavailable in GeoTIFF/XML artifact; band index reported
scene_02-Z0821,9,122,1327.3333740234375,,unavailable in GeoTIFF/XML artifact; band index reported
scene_02-Z0821,9,123,1305.0,3638.128168835215,unavailable in GeoTIFF/XML artifact; band index reported
scene_02-Z0821,9,124,1283.6666259765625,,unavailable in GeoTIFF/XML artifact; band index reported
scene_02-Z0821,9,125,1341.0,,unavailable in GeoTIFF/XML artifact; band index reported
scene_02-Z0821,9,126,1333.0,,unavailable in GeoTIFF/XML artifact; band index reported
scene_02-Z0821,9,127,1337.3333740234375,,unavailable in GeoTIFF/XML artifact; band index reported
scene_02-Z0821,9,128,1345.0,,unavailable in GeoTIFF/XML artifact; band index reported
scene_02-Z0821,9,129,1364.6666259765625,,unavailable in GeoTIFF/XML artifact; band index reported
scene_02-Z0821,9,130,1355.6666259765625,3697.105728725079,unavailable in GeoTIFF/XML artifact; band index reported
scene_02-Z0821,9,131,-32768.0,,unavailable in GeoTIFF/XML artifact; band index reported
scene_02-Z0821,9,132,-32768.0,,unavailable in GeoTIFF/XML artifact; band index reported
scene_02-Z0821,9,133,-32768.0,,unavailable in GeoTIFF/XML artifact; band index reported
scene_02-Z0821,9,134,-32768.0,,unavailable in GeoTIFF/XML artifact; band index reported
scene_02-Z0821,9,135,-32768.0,,unavailable in GeoTIFF/XML artifact; band index reported
scene_02-Z0821,9,136,664.0,,unavailable in GeoTIFF/XML artifact; band index reported
scene_02-Z0821,9,137,499.6666564941406,1385.8706168393314,unavailable in GeoTIFF/XML artifact; band index reported
scene_02-Z0821,9,138,365.3333435058594,,unavailable in GeoTIFF/XML artifact; band index reported
scene_02-Z0821,9,139,311.6666564941406,,unavailable in GeoTIFF/XML artifact; band index reported
scene_02-Z0821,9,140,300.6666564941406,,unavailable in GeoTIFF/XML artifact; band index reported
scene_02-Z0821,9,141,299.0,,unavailable in GeoTIFF/XML artifact; band index reported
scene_02-Z0821,9,142,288.0,,unavailable in GeoTIFF/XML artifact; band index reported
scene_02-Z0821,9,143,307.3333435058594,,unavailable in GeoTIFF/XML artifact; band index reported
scene_02-Z0821,9,144,331.6666564941406,1146.0124725007981,unavailable in GeoTIFF/XML artifact; band index reported
scene_02-Z0821,9,145,336.6666564941406,,unavailable in GeoTIFF/XML artifact; band index reported
scene_02-Z0821,9,146,359.0,,unavailable in GeoTIFF/XML artifact; band index reported
scene_02-Z0821,9,147,402.3333435058594,,unavailable in GeoTIFF/XML artifact; band index reported
scene_02-Z0821,9,148,421.0,,unavailable in GeoTIFF/XML artifact; band index reported
scene_02-Z0821,9,149,443.6666564941406,,unavailable in GeoTIFF/XML artifact; band index reported
scene_02-Z0821,9,150,469.3333435058594,,unavailable in GeoTIFF/XML artifact; band index reported
scene_02-Z0821,9,151,473.0,,unavailable in GeoTIFF/XML artifact; band index reported
scene_02-Z0821,9,152,493.0,1713.2995919812897,unavailable in GeoTIFF/XML artifact; band index reported
scene_02-Z0821,9,153,516.0,,unavailable in GeoTIFF/XML artifact; band index reported
scene_02-Z0821,9,154,546.0,,unavailable in GeoTIFF/XML artifact; band index reported
scene_02-Z0821,9,155,567.6666870117188,,unavailable in GeoTIFF/XML artifact; band index reported
scene_02-Z0821,9,156,582.0,,unavailable in GeoTIFF/XML artifact; band index reported
scene_02-Z0821,9,157,621.3333129882812,,unavailable in GeoTIFF/XML artifact; band index reported
scene_02-Z0821,9,158,602.6666870117188,,unavailable in GeoTIFF/XML artifact; band index reported
scene_02-Z0821,9,159,611.3333129882812,2111.832854444975,unavailable in GeoTIFF/XML artifact; band index reported
scene_02-Z0821,9,160,651.6666870117188,,unavailable in GeoTIFF/XML artifact; band index reported
scene_02-Z0821,9,161,686.3333129882812,,unavailable in GeoTIFF/XML artifact; band index reported
scene_02-Z0821,9,162,690.0,,unavailable in GeoTIFF/XML artifact; band index reported
scene_02-Z0821,9,163,687.6666870117188,,unavailable in GeoTIFF/XML artifact; band index reported
scene_02-Z0821,9,164,697.3333129882812,,unavailable in GeoTIFF/XML artifact; band index reported
scene_02-Z0821,9,165,744.6666870117188,,unavailable in GeoTIFF/XML artifact; band index reported
scene_02-Z0821,9,166,763.6666870117188,2397.743743529186,unavailable in GeoTIFF/XML artifact; band index reported
scene_02-Z0821,9,167,178.3333282470703,,unavailable in GeoTIFF/XML artifact; band index reported
scene_02-Z0821,9,168,187.6666717529297,,unavailable in GeoTIFF/XML artifact; band index reported
scene_02-Z0821,9,169,210.6666717529297,,unavailable in GeoTIFF/XML artifact; band index reported
scene_02-Z0821,9,170,203.0,,unavailable in GeoTIFF/XML artifact; band index reported
scene_02-Z0821,9,171,80.66666412353516,,unavailable in GeoTIFF/XML artifact; band index reported
scene_02-Z0821,9,172,111.33333587646484,,unavailable in GeoTIFF/XML artifact; band index reported
scene_02-Z0821,9,173,224.3333282470703,620.0160149725663,unavailable in GeoTIFF/XML artifact; band index reported
scene_02-Z0821,9,174,223.6666717529297,,unavailable in GeoTIFF/XML artifact; band index reported
scene_02-Z0821,9,175,243.0,,unavailable in GeoTIFF/XML artifact; band index reported
scene_02-Z0821,9,176,224.6666717529297,,unavailable in GeoTIFF/XML artifact; band index reported
scene_02-Z0821,9,177,211.0,,unavailable in GeoTIFF/XML artifact; band index reported
scene_02-Z0821,9,178,256.0,,unavailable in GeoTIFF/XML artifact; band index reported
scene_02-Z0821,9,179,283.6666564941406,,unavailable in GeoTIFF/XML artifact; band index reported
scene_02-Z0821,9,180,277.6666564941406,814.1379422466697,unavailable in GeoTIFF/XML artifact; band index reported
scene_02-Z0821,9,181,299.3333435058594,,unavailable in GeoTIFF/XML artifact; band index reported
scene_02-Z0821,9,182,325.6666564941406,,unavailable in GeoTIFF/XML artifact; band index reported
scene_02-Z0821,9,183,336.6666564941406,,unavailable in GeoTIFF/XML artifact; band index reported
scene_02-Z0821,9,184,352.3333435058594,,unavailable in GeoTIFF/XML artifact; band index reported
scene_02-Z0821,9,185,370.3333435058594,,unavailable in GeoTIFF/XML artifact; band index reported
scene_02-Z0821,9,186,400.0,,unavailable in GeoTIFF/XML artifact; band index reported
scene_02-Z0821,9,187,411.6666564941406,,unavailable in GeoTIFF/XML artifact; band index reported
scene_02-Z0821,9,188,425.0,1354.1786441418403,unavailable in GeoTIFF/XML artifact; band index reported
scene_02-Z0821,9,189,466.6666564941406,,unavailable in GeoTIFF/XML artifact; band index reported
scene_02-Z0821,9,190,462.6666564941406,,unavailable in GeoTIFF/XML artifact; band index reported
scene_02-Z0821,9,191,471.0,,unavailable in GeoTIFF/XML artifact; band index reported
scene_02-Z0821,9,192,504.0,,unavailable in GeoTIFF/XML artifact; band index reported
scene_02-Z0821,9,193,513.3333129882812,,unavailable in GeoTIFF/XML artifact; band index reported
scene_02-Z0821,9,194,533.6666870117188,,unavailable in GeoTIFF/XML artifact; band index reported
scene_02-Z0821,9,195,535.3333129882812,1766.3885489005581,unavailable in GeoTIFF/XML artifact; band index reported
scene_02-Z0821,9,196,578.0,,unavailable in GeoTIFF/XML artifact; band index reported
scene_02-Z0821,9,197,560.3333129882812,,unavailable in GeoTIFF/XML artifact; band index reported
scene_02-Z0821,9,198,555.6666870117188,,unavailable in GeoTIFF/XML artifact; band index reported
scene_02-Z0821,9,199,545.0,,unavailable in GeoTIFF/XML artifact; band index reported
scene_02-Z0821,9,200,546.0,,unavailable in GeoTIFF/XML artifact; band index reported
scene_02-Z0821,9,201,522.3333129882812,,unavailable in GeoTIFF/XML artifact; band index reported
scene_02-Z0821,9,202,518.0,1708.6980116632828,unavailable in GeoTIFF/XML artifact; band index reported
scene_02-Z0821,9,203,491.6666564941406,,unavailable in GeoTIFF/XML artifact; band index reported
scene_02-Z0821,9,204,476.6666564941406,,unavailable in GeoTIFF/XML artifact; band index reported
scene_02-Z0821,9,205,444.0,,unavailable in GeoTIFF/XML artifact; band index reported
scene_02-Z0821,9,206,444.6666564941406,,unavailable in GeoTIFF/XML artifact; band index reported
scene_02-Z0821,9,207,395.0,,unavailable in GeoTIFF/XML artifact; band index reported
scene_02-Z0821,9,208,386.0,,unavailable in GeoTIFF/XML artifact; band index reported
scene_02-Z0821,9,209,362.6666564941406,1205.8682828381327,unavailable in GeoTIFF/XML artifact; band index reported
scene_02-Z0821,9,210,356.0,,unavailable in GeoTIFF/XML artifact; band index reported
scene_02-Z0821,9,211,325.6666564941406,,unavailable in GeoTIFF/XML artifact; band index reported
scene_02-Z0821,9,212,287.3333435058594,,unavailable in GeoTIFF/XML artifact; band index reported
scene_02-Z0821,9,213,290.0,,unavailable in GeoTIFF/XML artifact; band index reported
scene_02-Z0821,9,214,288.6666564941406,,unavailable in GeoTIFF/XML artifact; band index reported
scene_02-Z0821,9,215,308.0,,unavailable in GeoTIFF/XML artifact; band index reported
scene_02-Z0821,9,216,314.0,972.0827768821342,unavailable in GeoTIFF/XML artifact; band index reported
scene_02-Z0821,9,217,265.3333435058594,,unavailable in GeoTIFF/XML artifact; band index reported
scene_02-Z0821,9,218,264.6666564941406,,unavailable in GeoTIFF/XML artifact; band index reported
scene_02-Z0821,9,219,278.0,,unavailable in GeoTIFF/XML artifact; band index reported
scene_02-Z0821,9,220,272.3333435058594,,unavailable in GeoTIFF/XML artifact; band index reported
scene_02-Z0821,9,221,255.6666717529297,,unavailable in GeoTIFF/XML artifact; band index reported
scene_02-Z0821,9,222,238.3333282470703,,unavailable in GeoTIFF/XML artifact; band index reported
scene_02-Z0821,9,223,239.3333282470703,,unavailable in GeoTIFF/XML artifact; band index reported
scene_02-Z0821,9,224,261.6666564941406,725.5769590304819,unavailable in GeoTIFF/XML artifact; band index reported
scene_02-Z0823,10,1,4634.25,3903.5687642480493,unavailable in GeoTIFF/XML artifact; band index reported
scene_02-Z0823,10,2,4467.0,,unavailable in GeoTIFF/XML artifact; band index reported
scene_02-Z0823,10,3,4396.75,,unavailable in GeoTIFF/XML artifact; band index reported
scene_02-Z0823,10,4,4365.25,,unavailable in GeoTIFF/XML artifact; band index reported
scene_02-Z0823,10,5,4271.75,,unavailable in GeoTIFF/XML artifact; band index reported
scene_02-Z0823,10,6,4180.5,,unavailable in GeoTIFF/XML artifact; band index reported
scene_02-Z0823,10,7,4133.875,,unavailable in GeoTIFF/XML artifact; band index reported
scene_02-Z0823,10,8,4090.875,3925.551270116211,unavailable in GeoTIFF/XML artifact; band index reported
scene_02-Z0823,10,9,4001.875,,unavailable in GeoTIFF/XML artifact; band index reported
scene_02-Z0823,10,10,3974.875,,unavailable in GeoTIFF/XML artifact; band index reported
scene_02-Z0823,10,11,3907.5,,unavailable in GeoTIFF/XML artifact; band index reported
scene_02-Z0823,10,12,3803.625,,unavailable in GeoTIFF/XML artifact; band index reported
scene_02-Z0823,10,13,3740.125,,unavailable in GeoTIFF/XML artifact; band index reported
scene_02-Z0823,10,14,3729.875,,unavailable in GeoTIFF/XML artifact; band index reported
scene_02-Z0823,10,15,3702.0,3942.6649578306146,unavailable in GeoTIFF/XML artifact; band index reported
scene_02-Z0823,10,16,3623.75,,unavailable in GeoTIFF/XML artifact; band index reported
scene_02-Z0823,10,17,3580.875,,unavailable in GeoTIFF/XML artifact; band index reported
scene_02-Z0823,10,18,3505.25,,unavailable in GeoTIFF/XML artifact; band index reported
scene_02-Z0823,10,19,3427.625,,unavailable in GeoTIFF/XML artifact; band index reported
scene_02-Z0823,10,20,3397.5,,unavailable in GeoTIFF/XML artifact; band index reported
scene_02-Z0823,10,21,3383.875,,unavailable in GeoTIFF/XML artifact; band index reported
scene_02-Z0823,10,22,3319.875,3933.650157834212,unavailable in GeoTIFF/XML artifact; band index reported
scene_02-Z0823,10,23,3248.25,,unavailable in GeoTIFF/XML artifact; band index reported
scene_02-Z0823,10,24,3200.625,,unavailable in GeoTIFF/XML artifact; band index reported
scene_02-Z0823,10,25,3175.25,,unavailable in GeoTIFF/XML artifact; band index reported
scene_02-Z0823,10,26,3168.375,,unavailable in GeoTIFF/XML artifact; band index reported
scene_02-Z0823,10,27,3106.25,,unavailable in GeoTIFF/XML artifact; band index reported
scene_02-Z0823,10,28,3057.25,,unavailable in GeoTIFF/XML artifact; band index reported
scene_02-Z0823,10,29,3031.875,3930.7107380000457,unavailable in GeoTIFF/XML artifact; band index reported
scene_02-Z0823,10,30,2987.25,,unavailable in GeoTIFF/XML artifact; band index reported
scene_02-Z0823,10,31,2937.0,,unavailable in GeoTIFF/XML artifact; band index reported
scene_02-Z0823,10,32,2883.125,,unavailable in GeoTIFF/XML artifact; band index reported
scene_02-Z0823,10,33,2795.25,,unavailable in GeoTIFF/XML artifact; band index reported
scene_02-Z0823,10,34,2841.5,,unavailable in GeoTIFF/XML artifact; band index reported
scene_02-Z0823,10,35,2811.125,,unavailable in GeoTIFF/XML artifact; band index reported
scene_02-Z0823,10,36,2789.125,3910.678847702552,unavailable in GeoTIFF/XML artifact; band index reported
scene_02-Z0823,10,37,2746.25,,unavailable in GeoTIFF/XML artifact; band index reported
scene_02-Z0823,10,38,2728.125,,unavailable in GeoTIFF/XML artifact; band index reported
scene_02-Z0823,10,39,2693.125,,unavailable in GeoTIFF/XML artifact; band index reported
scene_02-Z0823,10,40,2694.75,,unavailable in GeoTIFF/XML artifact; band index reported
scene_02-Z0823,10,41,2672.5,,unavailable in GeoTIFF/XML artifact; band index reported
scene_02-Z0823,10,42,2620.0,,unavailable in GeoTIFF/XML artifact; band index reported
scene_02-Z0823,10,43,2604.625,,unavailable in GeoTIFF/XML artifact; band index reported
scene_02-Z0823,10,44,2619.875,4004.6816681009223,unavailable in GeoTIFF/XML artifact; band index reported
scene_02-Z0823,10,45,2605.125,,unavailable in GeoTIFF/XML artifact; band index reported
scene_02-Z0823,10,46,2571.625,,unavailable in GeoTIFF/XML artifact; band index reported
scene_02-Z0823,10,47,2568.625,,unavailable in GeoTIFF/XML artifact; band index reported
scene_02-Z0823,10,48,2561.125,,unavailable in GeoTIFF/XML artifact; band index reported
scene_02-Z0823,10,49,2535.125,,unavailable in GeoTIFF/XML artifact; band index reported
scene_02-Z0823,10,50,2517.625,,unavailable in GeoTIFF/XML artifact; band index reported
scene_02-Z0823,10,51,2446.375,4023.527760350648,unavailable in GeoTIFF/XML artifact; band index reported
scene_02-Z0823,10,52,2436.5,,unavailable in GeoTIFF/XML artifact; band index reported
scene_02-Z0823,10,53,2461.75,,unavailable in GeoTIFF/XML artifact; band index reported
scene_02-Z0823,10,54,2438.5,,unavailable in GeoTIFF/XML artifact; band index reported
scene_02-Z0823,10,55,2434.0,,unavailable in GeoTIFF/XML artifact; band index reported
scene_02-Z0823,10,56,2425.125,,unavailable in GeoTIFF/XML artifact; band index reported
scene_02-Z0823,10,57,2431.125,,unavailable in GeoTIFF/XML artifact; band index reported
scene_02-Z0823,10,58,2388.125,4102.57972895471,unavailable in GeoTIFF/XML artifact; band index reported
scene_02-Z0823,10,59,2349.625,,unavailable in GeoTIFF/XML artifact; band index reported
scene_02-Z0823,10,60,2291.75,,unavailable in GeoTIFF/XML artifact; band index reported
scene_02-Z0823,10,61,2203.875,,unavailable in GeoTIFF/XML artifact; band index reported
scene_02-Z0823,10,62,2108.25,,unavailable in GeoTIFF/XML artifact; band index reported
scene_02-Z0823,10,63,2305.625,,unavailable in GeoTIFF/XML artifact; band index reported
scene_02-Z0823,10,64,2268.75,,unavailable in GeoTIFF/XML artifact; band index reported
scene_02-Z0823,10,65,2251.75,4065.0446674384852,unavailable in GeoTIFF/XML artifact; band index reported
scene_02-Z0823,10,66,2227.625,,unavailable in GeoTIFF/XML artifact; band index reported
scene_02-Z0823,10,67,2225.375,,unavailable in GeoTIFF/XML artifact; band index reported
scene_02-Z0823,10,68,2193.5,,unavailable in GeoTIFF/XML artifact; band index reported
scene_02-Z0823,10,69,2263.75,,unavailable in GeoTIFF/XML artifact; band index reported
scene_02-Z0823,10,70,2225.375,,unavailable in GeoTIFF/XML artifact; band index reported
scene_02-Z0823,10,71,2208.625,,unavailable in GeoTIFF/XML artifact; band index reported
scene_02-Z0823,10,72,2183.125,4050.215776525129,unavailable in GeoTIFF/XML artifact; band index reported
scene_02-Z0823,10,73,2161.875,,unavailable in GeoTIFF/XML artifact; band index reported
scene_02-Z0823,10,74,2124.875,,unavailable in GeoTIFF/XML artifact; band index reported
scene_02-Z0823,10,75,2144.875,,unavailable in GeoTIFF/XML artifact; band index reported
scene_02-Z0823,10,76,2111.625,,unavailable in GeoTIFF/XML artifact; band index reported
scene_02-Z0823,10,77,2124.75,,unavailable in GeoTIFF/XML artifact; band index reported
scene_02-Z0823,10,78,2077.0,,unavailable in GeoTIFF/XML artifact; band index reported
scene_02-Z0823,10,79,2087.125,,unavailable in GeoTIFF/XML artifact; band index reported
scene_02-Z0823,10,80,2207.625,4184.484206899644,unavailable in GeoTIFF/XML artifact; band index reported
scene_02-Z0823,10,81,2083.875,,unavailable in GeoTIFF/XML artifact; band index reported
scene_02-Z0823,10,82,2187.375,,unavailable in GeoTIFF/XML artifact; band index reported
scene_02-Z0823,10,83,2031.25,,unavailable in GeoTIFF/XML artifact; band index reported
scene_02-Z0823,10,84,2039.0,,unavailable in GeoTIFF/XML artifact; band index reported
scene_02-Z0823,10,85,2212.625,,unavailable in GeoTIFF/XML artifact; band index reported
scene_02-Z0823,10,86,2131.0,,unavailable in GeoTIFF/XML artifact; band index reported
scene_02-Z0823,10,87,2099.625,4217.572870382801,unavailable in GeoTIFF/XML artifact; band index reported
scene_02-Z0823,10,88,1971.75,,unavailable in GeoTIFF/XML artifact; band index reported
scene_02-Z0823,10,89,2136.875,,unavailable in GeoTIFF/XML artifact; band index reported
scene_02-Z0823,10,90,1901.875,,unavailable in GeoTIFF/XML artifact; band index reported
scene_02-Z0823,10,91,2178.25,,unavailable in GeoTIFF/XML artifact; band index reported
scene_02-Z0823,10,92,1945.125,,unavailable in GeoTIFF/XML artifact; band index reported
scene_02-Z0823,10,93,1929.0,,unavailable in GeoTIFF/XML artifact; band index reported
scene_02-Z0823,10,94,2224.5,4333.966700834949,unavailable in GeoTIFF/XML artifact; band index reported
scene_02-Z0823,10,95,1949.0,,unavailable in GeoTIFF/XML artifact; band index reported
scene_02-Z0823,10,96,2114.75,,unavailable in GeoTIFF/XML artifact; band index reported
scene_02-Z0823,10,97,1903.875,,unavailable in GeoTIFF/XML artifact; band index reported
scene_02-Z0823,10,98,2095.75,,unavailable in GeoTIFF/XML artifact; band index reported
scene_02-Z0823,10,99,1914.375,,unavailable in GeoTIFF/XML artifact; band index reported
scene_02-Z0823,10,100,2015.125,,unavailable in GeoTIFF/XML artifact; band index reported
scene_02-Z0823,10,101,1875.625,3757.180979821616,unavailable in GeoTIFF/XML artifact; band index reported
scene_02-Z0823,10,102,1959.625,,unavailable in GeoTIFF/XML artifact; band index reported
scene_02-Z0823,10,103,1916.5,,unavailable in GeoTIFF/XML artifact; band index reported
scene_02-Z0823,10,104,1891.75,,unavailable in GeoTIFF/XML artifact; band index reported
scene_02-Z0823,10,105,1876.125,,unavailable in GeoTIFF/XML artifact; band index reported
scene_02-Z0823,10,106,1858.25,,unavailable in GeoTIFF/XML artifact; band index reported
scene_02-Z0823,10,107,1861.125,,unavailable in GeoTIFF/XML artifact; band index reported
scene_02-Z0823,10,108,1891.25,4119.44470923602,unavailable in GeoTIFF/XML artifact; band index reported
scene_02-Z0823,10,109,1897.125,,unavailable in GeoTIFF/XML artifact; band index reported
scene_02-Z0823,10,110,1892.5,,unavailable in GeoTIFF/XML artifact; band index reported
scene_02-Z0823,10,111,1910.75,,unavailable in GeoTIFF/XML artifact; band index reported
scene_02-Z0823,10,112,1840.0,,unavailable in GeoTIFF/XML artifact; band index reported
scene_02-Z0823,10,113,1792.75,,unavailable in GeoTIFF/XML artifact; band index reported
scene_02-Z0823,10,114,1742.875,,unavailable in GeoTIFF/XML artifact; band index reported
scene_02-Z0823,10,115,1895.75,,unavailable in GeoTIFF/XML artifact; band index reported
scene_02-Z0823,10,116,1865.875,4264.452026303014,unavailable in GeoTIFF/XML artifact; band index reported
scene_02-Z0823,10,117,1699.875,,unavailable in GeoTIFF/XML artifact; band index reported
scene_02-Z0823,10,118,1621.875,,unavailable in GeoTIFF/XML artifact; band index reported
scene_02-Z0823,10,119,1535.125,,unavailable in GeoTIFF/XML artifact; band index reported
scene_02-Z0823,10,120,1484.75,,unavailable in GeoTIFF/XML artifact; band index reported
scene_02-Z0823,10,121,1431.375,,unavailable in GeoTIFF/XML artifact; band index reported
scene_02-Z0823,10,122,1389.75,,unavailable in GeoTIFF/XML artifact; band index reported
scene_02-Z0823,10,123,1359.0,3638.128168835215,unavailable in GeoTIFF/XML artifact; band index reported
scene_02-Z0823,10,124,1317.75,,unavailable in GeoTIFF/XML artifact; band index reported
scene_02-Z0823,10,125,1405.875,,unavailable in GeoTIFF/XML artifact; band index reported
scene_02-Z0823,10,126,1387.5,,unavailable in GeoTIFF/XML artifact; band index reported
scene_02-Z0823,10,127,1389.375,,unavailable in GeoTIFF/XML artifact; band index reported
scene_02-Z0823,10,128,1387.75,,unavailable in GeoTIFF/XML artifact; band index reported
scene_02-Z0823,10,129,1403.625,,unavailable in GeoTIFF/XML artifact; band index reported
scene_02-Z0823,10,130,1383.25,3697.105728725079,unavailable in GeoTIFF/XML artifact; band index reported
scene_02-Z0823,10,131,-32768.0,,unavailable in GeoTIFF/XML artifact; band index reported
scene_02-Z0823,10,132,-32768.0,,unavailable in GeoTIFF/XML artifact; band index reported
scene_02-Z0823,10,133,-32768.0,,unavailable in GeoTIFF/XML artifact; band index reported
scene_02-Z0823,10,134,-32768.0,,unavailable in GeoTIFF/XML artifact; band index reported
scene_02-Z0823,10,135,-32768.0,,unavailable in GeoTIFF/XML artifact; band index reported
scene_02-Z0823,10,136,671.125,,unavailable in GeoTIFF/XML artifact; band index reported
scene_02-Z0823,10,137,476.25,1385.8706168393314,unavailable in GeoTIFF/XML artifact; band index reported
scene_02-Z0823,10,138,309.875,,unavailable in GeoTIFF/XML artifact; band index reported
scene_02-Z0823,10,139,259.875,,unavailable in GeoTIFF/XML artifact; band index reported
scene_02-Z0823,10,140,253.125,,unavailable in GeoTIFF/XML artifact; band index reported
scene_02-Z0823,10,141,252.875,,unavailable in GeoTIFF/XML artifact; band index reported
scene_02-Z0823,10,142,262.5,,unavailable in GeoTIFF/XML artifact; band index reported
scene_02-Z0823,10,143,266.5,,unavailable in GeoTIFF/XML artifact; band index reported
scene_02-Z0823,10,144,290.875,1146.0124725007981,unavailable in GeoTIFF/XML artifact; band index reported
scene_02-Z0823,10,145,306.5,,unavailable in GeoTIFF/XML artifact; band index reported
scene_02-Z0823,10,146,326.125,,unavailable in GeoTIFF/XML artifact; band index reported
scene_02-Z0823,10,147,363.5,,unavailable in GeoTIFF/XML artifact; band index reported
scene_02-Z0823,10,148,382.375,,unavailable in GeoTIFF/XML artifact; band index reported
scene_02-Z0823,10,149,402.125,,unavailable in GeoTIFF/XML artifact; band index reported
scene_02-Z0823,10,150,435.5,,unavailable in GeoTIFF/XML artifact; band index reported
scene_02-Z0823,10,151,446.0,,unavailable in GeoTIFF/XML artifact; band index reported
scene_02-Z0823,10,152,452.0,1713.2995919812897,unavailable in GeoTIFF/XML artifact; band index reported
scene_02-Z0823,10,153,456.75,,unavailable in GeoTIFF/XML artifact; band index reported
scene_02-Z0823,10,154,505.0,,unavailable in GeoTIFF/XML artifact; band index reported
scene_02-Z0823,10,155,512.75,,unavailable in GeoTIFF/XML artifact; band index reported
scene_02-Z0823,10,156,524.875,,unavailable in GeoTIFF/XML artifact; band index reported
scene_02-Z0823,10,157,577.25,,unavailable in GeoTIFF/XML artifact; band index reported
scene_02-Z0823,10,158,574.875,,unavailable in GeoTIFF/XML artifact; band index reported
scene_02-Z0823,10,159,584.5,2111.832854444975,unavailable in GeoTIFF/XML artifact; band index reported
scene_02-Z0823,10,160,592.0,,unavailable in GeoTIFF/XML artifact; band index reported
scene_02-Z0823,10,161,630.0,,unavailable in GeoTIFF/XML artifact; band index reported
scene_02-Z0823,10,162,643.25,,unavailable in GeoTIFF/XML artifact; band index reported
scene_02-Z0823,10,163,654.875,,unavailable in GeoTIFF/XML artifact; band index reported
scene_02-Z0823,10,164,656.625,,unavailable in GeoTIFF/XML artifact; band index reported
scene_02-Z0823,10,165,682.75,,unavailable in GeoTIFF/XML artifact; band index reported
scene_02-Z0823,10,166,708.0,2397.743743529186,unavailable in GeoTIFF/XML artifact; band index reported
scene_02-Z0823,10,167,155.875,,unavailable in GeoTIFF/XML artifact; band index reported
scene_02-Z0823,10,168,148.375,,unavailable in GeoTIFF/XML artifact; band index reported
scene_02-Z0823,10,169,144.625,,unavailable in GeoTIFF/XML artifact; band index reported
scene_02-Z0823,10,170,138.0,,unavailable in GeoTIFF/XML artifact; band index reported
scene_02-Z0823,10,171,121.5,,unavailable in GeoTIFF/XML artifact; band index reported
scene_02-Z0823,10,172,59.0,,unavailable in GeoTIFF/XML artifact; band index reported
scene_02-Z0823,10,173,162.25,620.0160149725663,unavailable in GeoTIFF/XML artifact; band index reported
scene_02-Z0823,10,174,161.875,,unavailable in GeoTIFF/XML artifact; band index reported
scene_02-Z0823,10,175,160.25,,unavailable in GeoTIFF/XML artifact; band index reported
scene_02-Z0823,10,176,134.25,,unavailable in GeoTIFF/XML artifact; band index reported
scene_02-Z0823,10,177,141.0,,unavailable in GeoTIFF/XML artifact; band index reported
scene_02-Z0823,10,178,163.0,,unavailable in GeoTIFF/XML artifact; band index reported
scene_02-Z0823,10,179,205.625,,unavailable in GeoTIFF/XML artifact; band index reported
scene_02-Z0823,10,180,211.5,814.1379422466697,unavailable in GeoTIFF/XML artifact; band index reported
scene_02-Z0823,10,181,221.125,,unavailable in GeoTIFF/XML artifact; band index reported
scene_02-Z0823,10,182,241.125,,unavailable in GeoTIFF/XML artifact; band index reported
scene_02-Z0823,10,183,252.875,,unavailable in GeoTIFF/XML artifact; band index reported
scene_02-Z0823,10,184,291.0,,unavailable in GeoTIFF/XML artifact; band index reported
scene_02-Z0823,10,185,309.75,,unavailable in GeoTIFF/XML artifact; band index reported
scene_02-Z0823,10,186,342.75,,unavailable in GeoTIFF/XML artifact; band index reported
scene_02-Z0823,10,187,346.125,,unavailable in GeoTIFF/XML artifact; band index reported
scene_02-Z0823,10,188,367.625,1354.1786441418403,unavailable in GeoTIFF/XML artifact; band index reported
scene_02-Z0823,10,189,392.75,,unavailable in GeoTIFF/XML artifact; band index reported
scene_02-Z0823,10,190,416.875,,unavailable in GeoTIFF/XML artifact; band index reported
scene_02-Z0823,10,191,445.125,,unavailable in GeoTIFF/XML artifact; band index reported
scene_02-Z0823,10,192,452.25,,unavailable in GeoTIFF/XML artifact; band index reported
scene_02-Z0823,10,193,460.625,,unavailable in GeoTIFF/XML artifact; band index reported
scene_02-Z0823,10,194,487.625,,unavailable in GeoTIFF/XML artifact; band index reported
scene_02-Z0823,10,195,501.875,1766.3885489005581,unavailable in GeoTIFF/XML artifact; band index reported
scene_02-Z0823,10,196,521.0,,unavailable in GeoTIFF/XML artifact; band index reported
scene_02-Z0823,10,197,527.0,,unavailable in GeoTIFF/XML artifact; band index reported
scene_02-Z0823,10,198,527.125,,unavailable in GeoTIFF/XML artifact; band index reported
scene_02-Z0823,10,199,507.375,,unavailable in GeoTIFF/XML artifact; band index reported
scene_02-Z0823,10,200,515.25,,unavailable in GeoTIFF/XML artifact; band index reported
scene_02-Z0823,10,201,492.5,,unavailable in GeoTIFF/XML artifact; band index reported
scene_02-Z0823,10,202,464.375,1708.6980116632828,unavailable in GeoTIFF/XML artifact; band index reported
scene_02-Z0823,10,203,465.25,,unavailable in GeoTIFF/XML artifact; band index reported
scene_02-Z0823,10,204,433.25,,unavailable in GeoTIFF/XML artifact; band index reported
scene_02-Z0823,10,205,401.625,,unavailable in GeoTIFF/XML artifact; band index reported
scene_02-Z0823,10,206,379.875,,unavailable in GeoTIFF/XML artifact; band index reported
scene_02-Z0823,10,207,337.0,,unavailable in GeoTIFF/XML artifact; band index reported
scene_02-Z0823,10,208,351.75,,unavailable in GeoTIFF/XML artifact; band index reported
scene_02-Z0823,10,209,320.375,1205.8682828381327,unavailable in GeoTIFF/XML artifact; band index reported
scene_02-Z0823,10,210,292.125,,unavailable in GeoTIFF/XML artifact; band index reported
scene_02-Z0823,10,211,289.0,,unavailable in GeoTIFF/XML artifact; band index reported
scene_02-Z0823,10,212,264.0,,unavailable in GeoTIFF/XML artifact; band index reported
scene_02-Z0823,10,213,261.75,,unavailable in GeoTIFF/XML artifact; band index reported
scene_02-Z0823,10,214,260.375,,unavailable in GeoTIFF/XML artifact; band index reported
scene_02-Z0823,10,215,254.375,,unavailable in GeoTIFF/XML artifact; band index reported
scene_02-Z0823,10,216,252.125,972.0827768821342,unavailable in GeoTIFF/XML artifact; band index reported
scene_02-Z0823,10,217,227.0,,unavailable in GeoTIFF/XML artifact; band index reported
scene_02-Z0823,10,218,236.625,,unavailable in GeoTIFF/XML artifact; band index reported
scene_02-Z0823,10,219,220.75,,unavailable in GeoTIFF/XML artifact; band index reported
scene_02-Z0823,10,220,215.125,,unavailable in GeoTIFF/XML artifact; band index reported
scene_02-Z0823,10,221,211.875,,unavailable in GeoTIFF/XML artifact; band index reported
scene_02-Z0823,10,222,215.375,,unavailable in GeoTIFF/XML artifact; band index reported
scene_02-Z0823,10,223,191.125,,unavailable in GeoTIFF/XML artifact; band index reported
scene_02-Z0823,10,224,184.125,725.5769590304819,unavailable in GeoTIFF/XML artifact; band index reported
